hhid,intmonth,hurespli_t,hrhtype_t,minsamp_x,hrlonglk_t,hrsample_t,hrhhid2_t,serial_t,hhnum,state,stfips_t,cbsafips_t,county_t,centcity_t,smsastat_t,icntcity_t,smsa04_t,relref95_t,age_t,spouse_t,sex_t,grade92_t,race_t,ethnic_t,lineno,famnum_t,pfamrel_t,marital_t,prpertyp_t,penatvty_t,pemntvty_t,pefntvty_t,prcitshp_t,prcitflg_t,peinusyr_t,selfproxy_t,lfsr94_t,absent94_t,uhourse_t,reason94_t,hourslw_t,laydur_t,dwrsn_t,why3594_t,prunedur_t,untype_t,ftpt94_t,class94_t,agri_t,eligible_t,otc_t,ernpdh2_t,paidhre_t,earnhre_t,earnwke_t,unionmme_t,unioncov_t,schenr_t,studftpt_t,schlvl_t,earnwt_t,weight_t,chldpres_t,ownchild_t,i25d_t,i25c_t,i25a_t,i25b_t,qstnum_t,occurnum_t,ged_t,gedhigr_t,yrcoll_t,grprof_t,gr6cor_t,ms123_t,cmpwgt_t,ind02_t,occ2011_t,occ002_t,vet1_t,vet2_t,vet3_t,vet4_t,linedad_t,linemom_t,recnum_t,year_t,ym_file_t,ym_t,ch02_t,ch35_t,ch613_t,ch1417_t,ch05_t,ihigrdc_t,docc00_t,dind02_t,year_file_x,hurespli_t1,hrhtype_t1,minsamp_y,hrlonglk_t1,hrsample_t1,hrhhid2_t1,serial_t1,stfips_t1,cbsafips_t1,county_t1,centcity_t1,smsastat_t1,icntcity_t1,smsa04_t1,relref95_t1,age_t1,spouse_t1,sex_t1,grade92_t1,race_t1,ethnic_t1,famnum_t1,pfamrel_t1,marital_t1,prpertyp_t1,penatvty_t1,pemntvty_t1,pefntvty_t1,prcitshp_t1,prcitflg_t1,peinusyr_t1,selfproxy_t1,lfsr94_t1,absent94_t1,uhourse_t1,reason94_t1,hourslw_t1,laydur_t1,dwrsn_t1,why3594_t1,prunedur_t1,untype_t1,ftpt94_t1,class94_t1,agri_t1,eligible_t1,otc_t1,ernpdh2_t1,paidhre_t1,earnhre_t1,earnwke_t1,unionmme_t1,unioncov_t1,schenr_t1,studftpt_t1,schlvl_t1,earnwt_t1,weight_t1,chldpres_t1,ownchild_t1,i25d_t1,i25c_t1,i25a_t1,i25b_t1,qstnum_t1,occurnum_t1,ged_t1,gedhigr_t1,yrcoll_t1,grprof_t1,gr6cor_t1,ms123_t1,cmpwgt_t1,ind02_t1,occ2011_t1,occ002_t1,vet1_t1,vet2_t1,vet3_t1,vet4_t1,linedad_t1,linemom_t1,recnum_t1,year_t1,ym_file_t1,ym_t1,ch02_t1,ch35_t1,ch613_t1,ch1417_t1,ch05_t1,ihigrdc_t1,race21_t1,race26_t1,occ2012_t1,docc00_t1,dind02_t1,year_file_y,pair_type,pair,stayed_public,exited_public,switched_class94,analytic_sample
193873404073726,1,1.0,7,4,2,8800,88001,1,1,33,17,16980,0,1.0,1.0,1.0,7,2,28,,2,37,2,,1,0,0,7,2,57,57,57,1,0,0,1.0,4.0,,,,,,,,14.0,3.0,11.0,2.0,0.0,2,,,,,,,,,,,14182.1244,3090.0022,0,0,,,0,0,64601,1,,,,,,,3155.3184,9370.0,9620.0,-1,,,,,,,11235.0,2011,612,609,0,0,0,0,0,11.0,22.0,51.0,2011,1.0,7,8,2,8800,88001,1,17,16980,0,1.0,1.0,1.0,7,2,30,,2,37,2,,0,0,7,2,57,57,57,1,0,0,1.0,4.0,,,,,,,,8.0,5.0,11.0,7.0,0.0,2,,,,,,,,,,,16535.3412,2981.1574,0,0,,,0,0,51710,1,,,,,,,2751.9641,8370.0,4230.0,-1,,,,,,,11073.0,2012,624,609,0,0,0,0,0,11.0,2.0,,,14.0,43.0,2012,MIS4_to_MIS8,2011-2012,False,True,True,1
197933805088786,1,2.0,1,4,2,8800,88001,1,1,33,17,16980,0,1.0,1.0,1.0,7,1,46,2.0,1,40,1,,1,1,1,1,2,57,57,57,1,0,0,2.0,2.0,5.0,40.0,,,,,,,,5.0,3.0,0.0,1,2.0,2.0,2.0,,1730.76,1.0,,,,,14183.9074,3486.8322,3,2,0.0,,0,0,6741,1,,,3.0,,,,3505.2416,9470.0,3740.0,-1,,,,,,,11245.0,2011,612,609,0,0,1,0,0,14.0,12.0,51.0,2011,2.0,1,8,2,8800,88001,1,17,16980,0,1.0,1.0,1.0,7,1,47,2.0,1,40,1,,1,1,1,2,57,57,57,1,0,0,2.0,1.0,,40.0,,50.0,,,,,,2.0,3.0,0.0,1,2.0,2.0,2.0,,1250.0,1.0,,,,,12557.82,3187.4193,10,2,0.0,,0,0,8627,1,,,4.0,,,,3190.4001,9470.0,3740.0,9130,,,,,,,11096.0,2012,624,609,0,0,1,1,0,15.0,1.0,,,12.0,51.0,2012,MIS4_to_MIS8,2011-2012,True,False,False,1
571388083906897,1,1.0,1,4,2,8800,88001,1,1,33,17,16980,0,1.0,1.0,1.0,7,1,40,2.0,2,40,1,,1,1,1,1,2,57,57,57,1,0,0,1.0,1.0,,25.0,,25.0,,,18.0,,,7.0,1.0,0.0,1,2.0,1.0,1.0,1500.0,750.0,2.0,2.0,,,,12080.5471,2912.3113,8,2,0.0,0.0,0,0,30414,1,,,2.0,,,,2917.3413,9590.0,3930.0,-1,,,,,,,11355.0,2011,612,609,0,1,1,0,1,13.0,12.0,51.0,2011,2.0,1,8,2,8800,88001,1,17,16980,0,1.0,1.0,1.0,7,1,41,2.0,2,40,1,,1,1,1,2,57,57,57,1,0,0,2.0,1.0,,25.0,,25.0,,,17.0,,,7.0,1.0,0.0,1,2.0,1.0,1.0,1525.0,625.0,1.0,,,,,11756.3109,2920.6538,3,2,0.0,0.0,0,0,55117,1,,,2.0,,,,2914.8256,9590.0,3945.0,-1,,,,,,,11197.0,2012,624,609,0,0,1,0,0,13.0,1.0,,,12.0,51.0,2012,MIS4_to_MIS8,2011-2012,True,False,False,1
633191939700037,1,1.0,4,4,2,8800,88001,1,1,33,17,16980,0,1.0,1.0,1.0,7,1,52,,2,39,2,,1,1,1,7,2,57,57,57,1,0,0,1.0,1.0,,40.0,4.0,27.0,,,4.0,,,4.0,3.0,0.0,1,2.0,2.0,2.0,,865.38,1.0,,,,,10465.7459,2756.6089,0,0,0.0,,0,0,47853,1,1.0,,,,,,2709.4625,9470.0,5220.0,-1,,,,,,,11372.0,2011,612,609,0,0,0,0,0,12.0,17.0,51.0,2011,1.0,4,8,2,8800,88001,1,17,16980,0,1.0,1.0,1.0,7,1,53,,2,39,2,,1,1,7,2,57,57,57,1,0,0,1.0,1.0,,40.0,,40.0,,,,,,2.0,3.0,0.0,1,2.0,1.0,1.0,2500.0,1100.0,1.0,,,,,12471.472,3320.8777,0,0,0.0,0.0,0,0,66209,1,1.0,,,,,,3289.6693,9470.0,5220.0,-1,,,,,,,11210.0,2012,624,609,0,0,0,0,0,12.0,2.0,,,17.0,51.0,2012,MIS4_to_MIS8,2011-2012,True,False,False,1
838193579700688,1,1.0,1,4,2,8800,88001,1,1,33,17,16980,0,1.0,1.0,1.0,7,3,33,2.0,1,43,1,,1,1,2,1,2,57,57,57,1,0,0,1.0,2.0,4.0,40.0,,,,,,,,5.0,3.0,0.0,1,1.0,2.0,2.0,,1200.0,1.0,,,,,12057.1994,3061.7442,13,4,0.0,,0,0,18157,1,,,,2.0,,,3027.9247,9470.0,3850.0,-1,1.0,,,,,,11447.0,2011,612,609,1,0,1,1,1,16.0,12.0,51.0,2011,1.0,1,8,2,8800,88001,1,17,16980,0,1.0,1.0,1.0,7,3,34,2.0,1,43,1,,1,2,1,2,57,57,57,1,0,0,1.0,1.0,,40.0,,40.0,,,,,,2.0,3.0,0.0,1,1.0,1.0,1.0,3488.0,2600.0,1.0,,,,,11593.0898,2897.2635,15,4,0.0,0.0,0,0,44561,1,,,,2.0,,,2909.6616,9470.0,3850.0,-1,1.0,,,,,,11286.0,2012,624,609,1,1,1,1,1,16.0,1.0,,,12.0,51.0,2012,MIS4_to_MIS8,2011-2012,True,False,False,1
936097973138310,1,1.0,4,4,2,8800,88001,1,1,33,17,16980,0,1.0,1.0,1.0,7,1,56,,2,40,2,,1,1,1,5,2,57,57,57,1,0,0,1.0,1.0,,40.0,,40.0,,,,,,2.0,1.0,0.0,1,2.0,2.0,2.0,,1134.61,1.0,,,,,10409.5368,2844.7403,0,0,0.0,,0,0,40317,1,,,3.0,,,,2796.0866,6970.0,5240.0,-1,,,,,,,11499.0,2011,612,609,0,0,0,0,0,14.0,17.0,32.0,2011,1.0,7,8,2,8800,88001,1,17,16980,0,1.0,1.0,1.0,7,2,57,,2,40,2,,0,0,5,2,57,57,57,1,0,0,1.0,1.0,,40.0,,40.0,,,,,,2.0,4.0,0.0,1,2.0,2.0,2.0,,1057.69,2.0,2.0,,,,9220.6075,2886.1632,0,0,0.0,,0,0,58933,1,,,2.0,,,,2859.0402,6970.0,540.0,-1,,,,,,,11338.0,2012,624,609,0,0,0,0,0,13.0,2.0,,,2.0,32.0,2012,MIS4_to_MIS8,2011-2012,False,True,True,1
36199138700390,1,2.0,1,4,2,8800,88001,1,1,33,17,16980,0,2.0,1.0,,7,1,63,2.0,1,39,1,,1,1,1,1,2,57,57,57,1,0,0,2.0,1.0,,40.0,,40.0,,,,,,2.0,3.0,0.0,1,2.0,,1.0,1900.0,760.0,1.0,,,,,13158.5251,3290.3655,0,0,1.0,1.0,0,0,40311,1,1.0,,,,,,3238.0292,7860.0,4220.0,-1,,,,,,,11563.0,2011,612,609,0,0,0,0,0,12.0,14.0,40.0,2011,2.0,1,8,2,8800,88001,1,17,16980,0,2.0,1.0,,7,1,65,2.0,1,39,1,,1,1,1,2,57,57,57,1,0,0,2.0,5.0,,,,,,,,,,1.0,3.0,0.0,2,,,,,,,,,,,11410.3917,2891.2486,0,0,,,0,0,34648,1,1.0,,,,,,2899.6218,7860.0,4220.0,-1,,,,,,,11418.0,2012,624,609,0,0,0,0,0,12.0,1.0,,,14.0,40.0,2012,MIS4_to_MIS8,2011-2012,True,False,False,1
45061370978198,1,2.0,6,4,2,8800,88002,2,2,33,17,16980,0,2.0,1.0,,7,2,52,,1,42,2,,1,0,0,5,2,57,57,57,1,0,0,2.0,1.0,,40.0,,35.0,,,,,,2.0,1.0,0.0,1,1.0,1.0,1.0,1200.0,1500.0,1.0,,,,,10000.3698,2533.2059,0,0,0.0,1.0,0,0,18346,1,,,3.0,,,,2505.06,8190.0,160.0,-1,3.0,,,,,,11568.0,2011,612,609,0,0,0,0,0,14.0,1.0,41.0,2011,2.0,6,8,2,8800,88002,2,17,16980,0,2.0,1.0,,7,2,54,,1,42,2,,0,0,5,2,57,57,57,1,0,0,2.0,1.0,,40.0,6.0,32.0,,,6.0,,,4.0,1.0,0.0,1,1.0,1.0,1.0,2000.0,1192.3,1.0,,,,,14793.5244,3939.8415,0,0,0.0,1.0,0,0,44654,1,,,3.0,,,,3873.7435,8190.0,5000.0,-1,3.0,,,,,,11422.0,2012,624,609,0,0,0,0,0,14.0,2.0,,,17.0,41.0,2012,MIS4_to_MIS8,2011-2012,True,False,False,1
170971096513559,1,1.0,1,4,2,8800,88001,1,1,33,17,16980,0,2.0,1.0,,7,3,36,1.0,1,44,1,,2,1,2,1,2,57,57,57,1,0,0,2.0,1.0,,60.0,,60.0,,,,,,2.0,3.0,0.0,1,2.0,2.0,2.0,,2368.42,2.0,2.0,,,,10774.2175,2734.55,8,2,0.0,,0,0,47940,2,,,,,,2.0,2726.7208,7860.0,2320.0,230,,,,,,,11629.0,2011,612,609,0,1,1,0,1,18.0,8.0,40.0,2011,1.0,1,8,2,8800,88001,1,17,16980,0,2.0,1.0,,7,3,37,1.0,1,44,1,,1,2,1,2,57,57,57,1,0,0,2.0,1.0,,40.0,,40.0,,,,,,2.0,3.0,0.0,1,2.0,2.0,2.0,,1634.61,2.0,2.0,,,,11992.6843,2913.7366,8,2,0.0,,0,0,63071,2,,,,,,2.0,2932.3651,7860.0,2320.0,-1,,,,,,,11486.0,2012,624,609,0,1,1,0,1,18.0,1.0,,,8.0,40.0,2012,MIS4_to_MIS8,2011-2012,True,False,False,1
197983505071798,1,2.0,1,4,2,8800,88001,1,1,33,17,16980,0,2.0,1.0,,7,1,46,2.0,1,43,1,,1,1,1,1,2,147,147,147,4,0,17,2.0,1.0,,40.0,,40.0,,,,,,2.0,2.0,0.0,1,2.0,2.0,2.0,,961.53,1.0,,,,,13802.4559,3393.0599,14,3,0.0,,0,0,18350,1,,,,2.0,,,3410.9742,9570.0,1720.0,-1,,,,,,,11685.0,2011,612,609,0,1,1,1,1,16.0,5.0,51.0,2011,2.0,1,8,2,8800,88001,1,17,16980,0,2.0,1.0,,7,1,47,2.0,1,43,1,,1,1,1,2,147,147,147,4,0,17,2.0,1.0,,40.0,,40.0,,,,,,2.0,1.0,0.0,1,2.0,2.0,2.0,,1057.69,1.0,,,,,11888.4984,3017.5325,10,3,0.0,,0,0,44655,1,,,,2.0,,,3020.3544,9570.0,4240.0,-1,,,,,,,11560.0,2012,624,609,0,0,1,1,0,16.0,1.0,,,14.0,51.0,2012,MIS4_to_MIS8,2011-2012,True,False,True,1
197983505071798,1,2.0,1,4,2,8800,88001,1,1,33,17,16980,0,2.0,1.0,,7,3,41,1.0,2,43,1,,2,1,2,1,2,147,147,147,4,0,17,1.0,1.0,,40.0,,40.0,,,,,,2.0,2.0,0.0,1,2.0,2.0,2.0,,1250.0,1.0,,,,,11755.6619,2833.9897,14,3,0.0,,0,0,18350,2,,,,2.0,,,2838.8845,9570.0,1720.0,-1,,,,,,,11686.0,2011,612,609,0,1,1,1,1,16.0,5.0,51.0,2011,2.0,1,8,2,8800,88001,1,17,16980,0,2.0,1.0,,7,3,42,1.0,2,43,1,,1,2,1,2,147,147,147,4,0,17,1.0,1.0,,40.0,,40.0,,,,,,2.0,2.0,0.0,1,2.0,2.0,2.0,,1346.15,1.0,,,,,11129.7091,2764.9853,10,3,0.0,,0,0,44655,2,,,,2.0,,,2759.4678,9570.0,6010.0,-1,,,,,,,11561.0,2012,624,609,0,0,1,1,0,16.0,1.0,,,18.0,51.0,2012,MIS4_to_MIS8,2011-2012,True,False,False,1
260178000213820,1,1.0,1,4,2,8800,88001,1,1,33,17,16980,0,2.0,1.0,,7,1,57,2.0,2,40,1,,1,1,1,1,2,57,57,57,1,0,0,1.0,1.0,,40.0,,40.0,,,,,,2.0,3.0,0.0,1,2.0,2.0,2.0,,826.92,2.0,2.0,,,,12737.5963,3163.0875,0,0,0.0,,0,0,47980,1,,,3.0,,,,3138.4653,7860.0,5120.0,-1,,,,,,,11711.0,2011,612,609,0,0,0,0,0,14.0,17.0,40.0,2011,2.0,1,8,2,8800,88001,1,17,16980,0,2.0,1.0,,7,1,58,2.0,2,40,1,,1,1,1,2,57,57,57,1,0,0,2.0,1.0,,40.0,6.0,32.0,,,6.0,,,4.0,4.0,0.0,1,2.0,2.0,2.0,,390.0,2.0,2.0,,,,11054.8566,2693.9319,0,0,1.0,,0,42,44698,1,,,3.0,,,,2713.7,7860.0,5700.0,-1,,,,,,,11586.0,2012,624,609,0,0,0,0,0,14.0,1.0,,,17.0,40.0,2012,MIS4_to_MIS8,2011-2012,False,True,True,1
310709848086710,1,2.0,1,4,2,8800,88001,1,1,33,17,16980,0,2.0,1.0,,7,1,69,2.0,1,44,1,,1,1,1,1,2,132,132,132,4,0,4,2.0,1.0,,45.0,,40.0,,,,,,2.0,2.0,0.0,1,1.0,,1.0,2200.0,1045.0,1.0,,,,,13137.0313,3064.6753,0,0,0.0,0.0,0,0,6736,1,,,,,,2.0,3045.5315,7580.0,5240.0,-1,4.0,,,,,,11745.0,2011,612,609,0,0,0,0,0,18.0,17.0,38.0,2011,2.0,1,8,2,8800,88001,1,17,16980,0,2.0,1.0,,7,1,70,2.0,1,44,1,,1,1,1,2,132,132,132,4,0,5,2.0,1.0,,38.0,,38.0,,,,,,2.0,2.0,0.0,1,2.0,1.0,1.0,2200.0,817.5,1.0,,,,,11423.4568,2822.946,0,0,0.0,0.0,0,0,8621,1,,,,,,2.0,2747.4921,7580.0,5240.0,-1,4.0,,,,,,11621.0,2012,624,609,0,0,0,0,0,18.0,1.0,,,17.0,38.0,2012,MIS4_to_MIS8,2011-2012,True,False,False,1
403902171697837,1,1.0,7,4,2,8800,88001,1,1,33,17,16980,0,2.0,1.0,,7,2,64,,2,43,1,,1,0,0,5,2,57,57,57,1,0,0,1.0,1.0,,50.0,,72.0,,,,,,2.0,3.0,0.0,1,2.0,2.0,2.0,,1115.38,1.0,,,,,13042.4968,3151.361,0,0,0.0,,0,0,30497,1,,,,1.0,1.0,,3163.6151,7860.0,2310.0,4760,,,,,,,11786.0,2011,612,609,0,0,0,0,0,18.0,8.0,40.0,2011,1.0,7,8,2,8800,88001,1,17,16980,0,2.0,1.0,,7,2,65,,2,43,1,,0,0,5,2,57,57,57,1,0,0,1.0,1.0,,46.0,,37.0,,,,,,2.0,3.0,0.0,1,2.0,2.0,2.0,,1211.53,1.0,,,,,10315.6866,2683.7032,0,0,0.0,,0,0,21674,1,,,,1.0,1.0,,2637.2598,7860.0,2310.0,4760,,,,,,,11661.0,2012,624,609,0,0,0,0,0,18.0,1.0,,,8.0,40.0,2012,MIS4_to_MIS8,2011-2012,True,False,False,1
571897053908197,1,1.0,1,4,2,8800,88001,1,1,33,17,16980,0,2.0,1.0,,7,1,50,2.0,1,39,1,,1,1,1,1,2,57,57,57,1,0,0,3.0,1.0,,40.0,,40.0,,,,,,2.0,1.0,0.0,1,1.0,,1.0,2500.0,1185.0,1.0,,,,,13187.7219,3274.4664,4,1,0.0,0.0,0,0,47939,1,1.0,,,,,,3259.0562,6370.0,5550.0,4220,,,,,,,11831.0,2011,612,609,0,0,0,1,0,12.0,17.0,23.0,2011,2.0,1,8,2,8800,88001,1,17,16980,0,2.0,1.0,,7,1,51,2.0,1,39,1,,1,1,1,2,57,57,57,1,0,0,2.0,1.0,,42.0,,42.0,,,,,,2.0,1.0,0.0,1,1.0,1.0,1.0,2500.0,1057.69,1.0,,,,,10997.7991,2819.0951,4,1,0.0,0.0,0,0,4624,1,1.0,,,,,,2794.0661,6370.0,5550.0,-1,,,,,,,11721.0,2012,624,609,0,0,0,1,0,12.0,1.0,,,17.0,23.0,2012,MIS4_to_MIS8,2011-2012,True,False,False,1
727399230829100,1,2.0,1,4,2,8800,88001,1,1,33,17,16980,0,2.0,1.0,,7,3,47,1.0,2,39,1,,2,1,2,1,2,57,57,57,1,0,0,1.0,1.0,,10.0,,10.0,,,15.0,,,6.0,2.0,0.0,1,2.0,1.0,1.0,1356.0,115.38,2.0,2.0,,,,13128.992,3374.9567,10,2,0.0,0.0,0,0,18291,2,1.0,,,,,,3363.5104,7860.0,4600.0,-1,,,,,,,11901.0,2011,612,609,0,0,1,1,0,12.0,15.0,40.0,2011,2.0,1,8,2,8800,88001,1,17,16980,0,2.0,1.0,,7,3,48,1.0,2,39,1,,1,2,1,2,57,57,57,1,0,0,1.0,1.0,,36.0,,46.0,,,,,,2.0,4.0,0.0,1,2.0,1.0,1.0,900.0,250.0,2.0,2.0,,,,11889.7902,2892.21,10,2,0.0,0.0,0,0,21675,2,1.0,,,,,,2930.9981,5070.0,4720.0,230,,,,,,,11801.0,2012,624,609,0,0,1,1,0,12.0,1.0,,,16.0,22.0,2012,MIS4_to_MIS8,2011-2012,False,True,True,1
907419530909104,1,2.0,1,4,2,8800,88001,1,1,33,17,16980,0,2.0,1.0,,7,1,54,2.0,1,44,1,,1,1,1,1,2,57,57,57,1,0,0,1.0,1.0,,60.0,,70.0,,,,,,2.0,2.0,0.0,1,2.0,2.0,2.0,,2142.85,1.0,,,,,13187.7219,3274.4664,0,0,0.0,,0,0,15311,1,,,,,,2.0,3259.0562,7860.0,2320.0,-1,,,,,,,11974.0,2011,612,609,0,0,0,0,0,18.0,8.0,40.0,2011,2.0,1,8,2,8800,88001,1,17,16980,0,2.0,1.0,,7,1,54,2.0,1,44,1,,1,1,1,2,57,57,57,1,0,0,2.0,1.0,,60.0,,60.0,,,,,,2.0,3.0,0.0,1,2.0,2.0,2.0,,1500.0,1.0,,,,,10997.7991,2819.0951,0,0,0.0,,0,0,4620,1,,,,,,2.0,2794.0661,7860.0,2320.0,-1,,,,,,,11881.0,2012,624,609,0,0,0,0,0,18.0,1.0,,,8.0,40.0,2012,MIS4_to_MIS8,2011-2012,True,False,True,1
907419530909104,1,2.0,1,4,2,8800,88001,1,1,33,17,16980,0,2.0,1.0,,7,3,54,1.0,2,44,1,,2,1,2,1,2,110,110,110,4,0,2,2.0,1.0,,60.0,,65.0,,,,,,2.0,2.0,0.0,1,2.0,2.0,2.0,,2638.88,1.0,,,,,12584.2475,3212.5626,0,0,0.0,,0,0,15311,2,,,,,,2.0,3223.9526,7860.0,2320.0,-1,,,,,,,11975.0,2011,612,609,0,0,0,0,0,18.0,8.0,40.0,2011,2.0,1,8,2,8800,88001,1,17,16980,0,2.0,1.0,,7,3,54,1.0,2,44,1,,1,2,1,2,110,110,110,4,0,2,1.0,1.0,,55.0,,55.0,,,,,,2.0,3.0,0.0,1,2.0,2.0,2.0,,1576.92,1.0,,,,,11517.9566,2828.2438,0,0,0.0,,0,0,4620,2,,,,,,2.0,2839.336,7860.0,2320.0,-1,,,,,,,11882.0,2012,624,609,0,0,0,0,0,18.0,1.0,,,8.0,40.0,2012,MIS4_to_MIS8,2011-2012,True,False,True,1
950077924139550,1,1.0,1,4,2,8800,88001,1,1,33,17,16980,0,2.0,1.0,,7,3,41,1.0,2,44,1,,2,1,2,1,2,57,57,57,1,0,0,2.0,1.0,,40.0,,40.0,,,,,,2.0,3.0,0.0,1,2.0,2.0,2.0,,1153.0,1.0,,,,,11755.6619,2833.9897,8,2,1.0,,0,42,47982,2,,,,,,2.0,2838.8845,7860.0,2310.0,-1,,,,,,,11998.0,2011,612,609,0,1,1,0,1,18.0,8.0,40.0,2011,1.0,1,8,2,8800,88001,1,17,16980,0,2.0,1.0,,7,3,42,1.0,2,44,1,,1,2,1,2,57,57,57,1,0,0,2.0,1.0,,40.0,,40.0,,,,,,2.0,3.0,0.0,1,2.0,,1.0,6041.0,2416.4,1.0,,,,,11129.7091,2764.9853,3,2,1.0,1.0,0,42,63085,2,,,,,,2.0,2759.4678,7860.0,2310.0,-1,,,,,,,11901.0,2012,624,609,0,0,1,0,0,18.0,1.0,,,8.0,40.0,2012,MIS4_to_MIS8,2011-2012,True,False,False,1
977559430229105,1,2.0,4,4,2,8800,88001,1,1,33,17,0,0,3.0,2.0,,0,1,48,,2,35,1,,1,1,1,3,2,57,57,57,1,0,0,1.0,1.0,,40.0,5.0,20.0,,,5.0,,,4.0,3.0,0.0,1,2.0,,1.0,1964.0,785.6,1.0,,,,,13215.5277,3397.2017,0,0,0.0,0.0,0,0,6698,1,,,,,,,3385.68,6180.0,9120.0,-1,,,,,,,12224.0,2011,612,609,0,0,0,0,0,9.0,22.0,23.0,2011,1.0,4,8,2,8800,88001,1,17,0,0,3.0,2.0,,0,1,49,,2,39,1,,1,1,3,2,57,57,57,1,0,0,1.0,1.0,,40.0,,55.0,,,,,,2.0,3.0,0.0,1,2.0,1.0,1.0,1902.0,760.0,1.0,,,,,11894.3281,2893.3138,0,0,0.0,0.0,0,0,51685,1,2.0,5.0,,,,,2932.1168,6180.0,9120.0,4760,,,,,,,12123.0,2012,624,609,0,0,0,0,0,9.0,1.0,,,22.0,23.0,2012,MIS4_to_MIS8,2011-2012,True,False,False,1
95011370995593,1,2.0,1,4,2,8800,88001,1,1,33,17,28100,91,,1.0,,2,3,48,1.0,2,44,1,,2,1,2,1,2,57,57,57,1,0,0,1.0,1.0,,50.0,,50.0,,,,,,2.0,3.0,0.0,1,2.0,2.0,2.0,,1192.3,1.0,,,,,13281.225,3414.0899,3,2,0.0,,0,0,6865,2,,,,,,2.0,3402.5109,7860.0,2320.0,-1,,,,,,,12249.0,2011,612,609,0,0,1,0,0,18.0,8.0,40.0,2011,2.0,1,8,2,8800,88001,1,17,28100,91,,1.0,,2,3,49,1.0,2,44,1,,1,2,1,2,57,57,57,1,0,0,1.0,1.0,,50.0,,50.0,,,,,,2.0,3.0,0.0,1,2.0,2.0,2.0,,1307.69,1.0,,,,,12027.6545,2925.7457,10,2,0.0,,0,0,21752,2,,,,,,2.0,2964.9836,7860.0,2320.0,-1,,,,,,,12145.0,2012,624,609,0,0,1,1,0,18.0,1.0,,,8.0,40.0,2012,MIS4_to_MIS8,2011-2012,True,False,False,1
108013003051741,1,2.0,1,4,2,8800,88001,1,1,33,17,44100,0,,1.0,,2,1,36,2.0,1,41,1,,1,1,1,1,2,57,57,57,1,0,0,2.0,1.0,,48.0,,68.0,,,,,,2.0,3.0,0.0,1,1.0,1.0,1.0,234.0,1884.61,1.0,,,,,10954.1278,2780.2122,1,1,0.0,1.0,0,0,61425,1,,,3.0,,,,2772.2522,9470.0,3720.0,430,,,,,,,12252.0,2011,612,609,1,0,0,0,1,14.0,12.0,51.0,2011,2.0,1,8,2,8800,88001,1,17,44100,0,,1.0,,2,1,37,2.0,1,41,1,,1,1,1,2,57,57,57,1,0,0,2.0,1.0,,48.0,,53.0,,,,,,2.0,3.0,0.0,1,2.0,1.0,1.0,950.0,1519.23,1.0,,,,,12434.3891,3021.053,1,1,0.0,1.0,0,0,58971,1,,,3.0,,,,3040.3676,9470.0,3720.0,430,,,,,,,12148.0,2012,624,609,1,0,0,0,1,14.0,1.0,,,12.0,51.0,2012,MIS4_to_MIS8,2011-2012,True,False,False,1
830974091913939,1,2.0,1,4,2,8800,88001,1,1,33,17,44100,0,,1.0,,2,3,65,1.0,2,39,1,,2,1,2,1,2,57,57,57,1,0,0,1.0,1.0,,40.0,,40.0,,,,,,2.0,2.0,0.0,1,2.0,2.0,2.0,,461.53,2.0,2.0,,,,11990.36,3209.575,0,0,0.0,,0,0,15325,2,1.0,,,,,,3123.3273,9380.0,5860.0,-1,,,,,,,12297.0,2011,612,609,0,0,0,0,0,12.0,17.0,51.0,2011,2.0,1,8,2,8800,88001,1,17,44100,0,,1.0,,2,3,67,1.0,2,39,1,,1,2,1,2,57,57,57,1,0,0,1.0,1.0,,38.0,,38.0,,,,,,2.0,2.0,0.0,1,2.0,2.0,2.0,,438.46,2.0,2.0,,,,10695.6256,2782.5472,0,0,0.0,,0,0,21899,2,1.0,,,,,,2734.3932,9380.0,5920.0,-1,,,,,,,12197.0,2012,624,609,0,0,0,0,0,12.0,1.0,,,17.0,51.0,2012,MIS4_to_MIS8,2011-2012,True,False,False,1
193924700016739,2,1.0,7,4,2,8800,88001,1,1,33,17,40420,0,1.0,1.0,,3,2,55,,2,44,1,,1,0,0,7,2,57,57,57,1,0,0,1.0,1.0,,37.0,,37.0,,,,,,2.0,2.0,0.0,1,2.0,2.0,2.0,,596.0,1.0,,,,,11100.4677,2853.3381,0,0,1.0,,0,0,21775,1,,,,,,3.0,2835.4561,9480.0,350.0,-1,,,,,,,49506.0,2011,613,610,0,0,0,0,0,18.0,1.0,51.0,2011,1.0,7,8,2,8800,88001,1,17,40420,0,1.0,1.0,,3,2,56,,2,44,1,,0,0,7,2,57,57,57,1,0,0,1.0,1.0,,37.0,6.0,30.0,,,6.0,,,4.0,2.0,0.0,1,2.0,2.0,2.0,,1575.23,1.0,,,,,11551.8193,3110.0165,0,0,0.0,,0,0,34757,1,,,,,,3.0,3082.94,9480.0,430.0,-1,,,,,,,49104.0,2012,625,610,0,0,0,0,0,18.0,1.0,,,1.0,51.0,2012,MIS4_to_MIS8,2011-2012,True,False,False,1
271381034907399,2,1.0,1,4,2,8800,88001,1,1,33,17,16980,0,1.0,1.0,1.0,7,1,63,2.0,1,44,1,,1,1,1,1,2,57,57,57,1,0,0,1.0,1.0,,40.0,,40.0,,,,,,2.0,1.0,0.0,1,2.0,2.0,2.0,,1634.61,2.0,2.0,,,,12081.4632,2920.7058,0,0,0.0,,0,0,21472,1,,,,,,2.0,2863.8601,9590.0,1310.0,-1,4.0,,,,,,49529.0,2011,613,610,0,0,0,0,0,18.0,4.0,51.0,2011,2.0,1,8,2,8800,88001,1,17,16980,0,1.0,1.0,1.0,7,1,65,2.0,1,44,1,,1,1,1,2,57,57,57,1,0,0,2.0,1.0,,40.0,,40.0,,,,,,2.0,2.0,0.0,1,2.0,2.0,2.0,,1307.69,2.0,1.0,,,,12626.0861,3211.0475,0,0,0.0,,0,0,22032,1,,,,,,2.0,3043.4292,9590.0,430.0,-1,4.0,,,,,,49137.0,2012,625,610,0,0,0,0,0,18.0,1.0,,,1.0,51.0,2012,MIS4_to_MIS8,2011-2012,True,False,True,1
340192729700900,2,3.0,1,4,2,8800,88001,1,1,33,17,37900,0,1.0,1.0,,3,1,64,2.0,2,39,1,,1,1,1,1,2,57,57,57,1,0,0,2.0,1.0,,40.0,6.0,32.0,,,6.0,,,4.0,3.0,0.0,1,2.0,1.0,1.0,1669.0,961.0,2.0,2.0,,,,11441.2617,2923.6086,0,0,1.0,1.0,0,0,50887,1,1.0,,,,,,2887.8278,7860.0,7800.0,-1,,,,,,,49549.0,2011,613,610,0,0,0,0,0,12.0,21.0,40.0,2011,2.0,1,8,2,8800,88001,1,17,37900,0,1.0,1.0,,3,1,64,2.0,2,39,1,,1,1,1,2,57,57,57,1,0,0,2.0,1.0,,40.0,,40.0,,,,,,2.0,3.0,0.0,1,1.0,,1.0,1375.0,550.0,1.0,,,,,13086.2872,3316.701,0,0,0.0,0.0,0,0,44478,1,1.0,,,,,,3251.7863,7860.0,7800.0,-1,,,,,,,49155.0,2012,625,610,0,0,0,0,0,12.0,1.0,,,21.0,40.0,2012,MIS4_to_MIS8,2011-2012,True,False,False,1
340192729700900,2,3.0,1,4,2,8800,88001,1,1,33,17,37900,0,1.0,1.0,,3,5,21,,2,39,1,,3,2,1,7,2,57,57,57,1,0,0,2.0,1.0,,40.0,,40.0,,,,,,2.0,3.0,0.0,1,2.0,1.0,1.0,1200.0,576.0,2.0,2.0,2.0,,,16820.9943,4055.3163,1,1,1.0,1.0,0,0,50887,3,1.0,,,,,,3982.473,8270.0,4120.0,-1,,,,,,,49551.0,2011,613,610,1,0,0,0,1,12.0,13.0,42.0,2011,2.0,1,8,2,8800,88001,1,17,37900,0,1.0,1.0,,3,5,22,,2,39,1,,2,1,7,2,57,57,57,1,0,0,2.0,1.0,,40.0,,40.0,,,,,,2.0,4.0,0.0,1,2.0,,1.0,1150.0,460.0,1.0,,2.0,,,15586.6304,3789.1463,2,1,0.0,0.0,0,0,44478,3,1.0,,,,,,3740.1501,8270.0,4000.0,-1,,,,,,,49157.0,2012,625,610,0,1,0,0,1,12.0,1.0,,,13.0,42.0,2012,MIS4_to_MIS8,2011-2012,False,True,True,1
604900911299037,2,2.0,1,4,2,8800,88001,1,1,33,17,16980,0,1.0,1.0,1.0,7,1,39,2.0,2,44,1,1.0,1,1,1,1,2,57,303,303,1,0,0,2.0,1.0,,35.0,,35.0,,,,,,2.0,3.0,0.0,1,2.0,2.0,2.0,,1346.15,1.0,,,,,11367.312,2885.88,5,2,0.0,,0,0,43587,1,,,,,,2.0,2851.1791,7860.0,1820.0,-1,,,,,,,49604.0,2011,613,610,1,1,0,0,1,18.0,5.0,40.0,2011,2.0,1,8,2,8800,88001,1,17,16980,0,1.0,1.0,1.0,7,1,40,2.0,2,44,1,1.0,1,1,1,2,57,303,303,1,0,0,2.0,1.0,,36.0,,36.0,,,,,,2.0,3.0,0.0,1,2.0,2.0,2.0,,1153.84,1.0,,,,,12832.0199,3312.1453,5,2,0.0,,0,0,4961,1,,,,,,3.0,3231.4605,7860.0,1820.0,-1,,,,,,,49205.0,2012,625,610,1,1,0,0,1,18.0,1.0,,,5.0,40.0,2012,MIS4_to_MIS8,2011-2012,True,False,False,1
57971470981999,2,1.0,1,4,2,8800,88001,1,1,33,17,40420,0,2.0,1.0,,3,4,21,,1,40,1,,3,1,3,7,2,57,57,57,1,0,0,2.0,1.0,,10.0,,10.0,,,20.0,,,7.0,2.0,0.0,1,2.0,,1.0,900.0,90.0,2.0,2.0,1.0,1.0,2.0,16274.1752,4064.5935,0,0,0.0,0.0,0,0,33860,3,,,2.0,,,,4027.1647,7860.0,2540.0,-1,,,,,1.0,1.0,49768.0,2011,613,610,0,0,0,0,0,13.0,8.0,40.0,2011,1.0,1,8,2,8800,88001,1,17,40420,0,2.0,1.0,,3,4,22,,1,40,1,,1,3,7,2,57,57,57,1,0,0,2.0,1.0,,15.0,,12.0,,,20.0,,,7.0,3.0,0.0,1,2.0,,1.0,950.0,142.5,2.0,2.0,1.0,2.0,2.0,15363.2557,3826.5694,0,0,0.0,0.0,0,0,34755,3,,,2.0,,,,3745.787,7860.0,2540.0,-1,,,,,1.0,1.0,49354.0,2012,625,610,0,0,0,0,0,13.0,1.0,,,8.0,40.0,2012,MIS4_to_MIS8,2011-2012,True,False,True,1
71057189140530,2,2.0,1,4,2,8800,88001,1,1,33,17,16980,0,2.0,1.0,,7,1,75,2.0,1,44,1,,1,1,1,1,2,212,212,212,4,0,6,2.0,1.0,,40.0,,40.0,,,,,,2.0,2.0,0.0,1,2.0,2.0,2.0,,1538.0,2.0,2.0,,,,12280.1125,3091.9813,0,0,1.0,,0,0,21461,1,,,,,,3.0,2964.7112,9480.0,800.0,-1,,,,,,,49773.0,2011,613,610,0,0,0,0,0,18.0,2.0,51.0,2011,1.0,1,8,2,8800,88001,1,17,16980,0,2.0,1.0,,7,1,76,2.0,1,44,1,,1,1,1,2,212,212,212,4,0,6,1.0,1.0,,40.0,,40.0,,,,,,2.0,2.0,0.0,1,2.0,2.0,2.0,,769.23,1.0,,,,,10427.9562,2652.0223,0,0,0.0,,0,0,34487,1,,,,,,3.0,2513.5855,9370.0,800.0,-1,,,,,3.0,,49362.0,2012,625,610,0,0,0,0,0,18.0,1.0,,,2.0,51.0,2012,MIS4_to_MIS8,2011-2012,True,False,False,1
75981470980697,2,1.0,7,4,2,8800,88001,1,1,33,17,16980,0,2.0,1.0,,7,2,72,,2,43,1,,1,0,0,7,2,57,57,57,1,0,0,1.0,1.0,,12.0,,12.0,,,21.0,,,7.0,3.0,0.0,1,2.0,,1.0,1200.0,144.0,1.0,,,,,11471.4907,2930.0915,0,0,1.0,1.0,0,0,33835,1,,,,2.0,,,2853.9802,7870.0,2200.0,-1,,,,,,,49777.0,2011,613,610,0,0,0,0,0,16.0,8.0,40.0,2011,1.0,7,8,2,8800,88001,1,17,16980,0,2.0,1.0,,7,2,74,,2,43,1,,0,0,7,2,57,57,57,1,0,0,1.0,1.0,,12.0,,12.0,,,21.0,,,7.0,3.0,0.0,1,2.0,,1.0,4000.0,480.0,2.0,2.0,,,,10648.473,2935.0785,0,0,0.0,0.0,0,0,9153,1,,,,2.0,,,2855.7579,7870.0,2200.0,-1,,,,,,,49366.0,2012,625,610,0,0,0,0,0,16.0,1.0,,,8.0,40.0,2012,MIS4_to_MIS8,2011-2012,True,False,False,1
191974508014729,2,1.0,1,4,2,8800,88001,1,1,33,17,16980,0,2.0,1.0,,7,1,53,2.0,2,43,1,,1,1,1,1,2,57,57,57,1,0,0,1.0,1.0,,-4.0,,15.0,,,18.0,,,7.0,3.0,0.0,1,1.0,2.0,2.0,,192.3,2.0,2.0,,,,11464.7218,2905.3262,4,1,0.0,,0,0,54212,1,,,,1.0,1.0,,2906.6092,7860.0,2000.0,-1,,,,,,,49821.0,2011,613,610,0,0,0,1,0,18.0,6.0,40.0,2011,1.0,1,8,2,8800,88001,1,17,16980,0,2.0,1.0,,7,1,54,2.0,2,43,1,,1,1,1,2,57,57,57,1,0,0,1.0,1.0,,10.0,,12.0,,,18.0,,,7.0,3.0,0.0,1,2.0,2.0,2.0,,38.88,2.0,2.0,,,,13058.0132,3254.3557,4,1,0.0,,0,0,58528,1,,,,1.0,1.0,,3208.1159,7860.0,4965.0,50,,,,,,,49414.0,2012,625,610,0,0,0,1,0,18.0,1.0,,,16.0,40.0,2012,MIS4_to_MIS8,2011-2012,True,False,False,1
410709843274743,2,1.0,6,4,2,8800,88001,1,1,33,17,16980,0,2.0,1.0,,7,2,53,,1,40,1,,1,0,0,5,2,57,57,57,1,0,0,1.0,1.0,,40.0,,40.0,,,,,,2.0,3.0,0.0,1,2.0,2.0,2.0,,1057.69,1.0,,,,,13282.4027,3282.1372,0,0,0.0,,0,0,43582,1,,,1.0,,,,3273.3983,670.0,6320.0,-1,,,,,,,49929.0,2011,613,610,0,0,0,0,0,12.0,19.0,24.0,2011,1.0,6,8,2,8800,88001,1,17,16980,0,2.0,1.0,,7,2,54,,1,40,1,,0,0,5,2,57,57,57,1,0,0,1.0,1.0,,40.0,,40.0,,,,,,2.0,3.0,0.0,1,1.0,1.0,1.0,4200.0,1600.0,1.0,,,,,12087.2278,3027.2736,0,0,0.0,0.0,0,0,18668,1,,,1.0,,,,2994.949,670.0,8620.0,-1,,,,,,,49518.0,2012,625,610,0,0,0,0,0,12.0,1.0,,,21.0,24.0,2012,MIS4_to_MIS8,2011-2012,True,False,False,1
410709912608892,2,1.0,1,4,2,8800,88001,1,1,33,17,37900,0,2.0,1.0,,3,3,57,1.0,1,39,1,,2,1,2,1,2,57,57,57,1,0,0,2.0,1.0,,48.0,,57.0,,,,,,2.0,2.0,0.0,1,2.0,,1.0,2000.0,960.0,1.0,,,,,13030.2885,3036.1321,0,0,0.0,0.0,0,0,21782,2,1.0,,,,,,3027.6023,7860.0,4220.0,4220,,,,,,,49932.0,2011,613,610,0,0,0,0,0,12.0,14.0,40.0,2011,1.0,1,8,2,8800,88001,1,17,37900,0,2.0,1.0,,3,3,58,1.0,1,39,1,,1,2,1,2,57,57,57,1,0,0,2.0,1.0,,50.0,,59.0,,,,,,2.0,2.0,0.0,1,2.0,,1.0,1900.0,950.0,1.0,,,,,12345.8129,2971.9246,0,0,0.0,0.0,0,0,44512,2,1.0,,,,,,2939.9581,7690.0,4220.0,4220,,,,,,,49521.0,2012,625,610,0,0,0,0,0,12.0,1.0,,,14.0,38.0,2012,MIS4_to_MIS8,2011-2012,True,False,False,1
549193439700905,2,2.0,1,4,2,8800,88001,1,1,33,17,16980,0,2.0,1.0,,7,3,54,1.0,2,44,2,,2,1,2,1,2,57,57,57,1,0,0,1.0,1.0,,35.0,,45.0,,,,,,2.0,3.0,0.0,1,2.0,2.0,2.0,,1634.61,1.0,,,,,13058.5518,3279.7279,0,0,0.0,,0,0,5158,2,,,,,,2.0,3203.1526,7860.0,2000.0,-1,,,,,,,49993.0,2011,613,610,0,0,0,0,0,18.0,6.0,40.0,2011,1.0,1,8,2,8800,88001,1,17,16980,0,2.0,1.0,,7,3,55,1.0,2,44,2,,1,2,1,2,57,57,57,1,0,0,2.0,1.0,,35.0,,35.0,,,,,,2.0,3.0,0.0,1,2.0,2.0,2.0,,1596.15,1.0,,,,,13087.7658,2858.2958,0,0,0.0,,0,0,18671,2,,,,,,2.0,2829.1743,7860.0,2000.0,-1,,,,,,,49579.0,2012,625,610,0,0,0,0,0,18.0,2.0,,,6.0,40.0,2012,MIS4_to_MIS8,2011-2012,True,False,False,1
708530453340941,2,1.0,7,4,2,8800,88001,1,1,33,17,16980,0,2.0,1.0,,7,2,28,,2,43,1,,1,0,0,7,2,57,57,57,1,0,0,1.0,1.0,,40.0,,48.0,,,,,,2.0,3.0,0.0,1,1.0,1.0,1.0,2319.0,950.0,1.0,,,,,14901.2058,3751.7134,0,0,0.0,0.0,0,0,33600,1,,,,1.0,1.0,,3736.8586,7860.0,2860.0,-1,,,,,,,50048.0,2011,613,610,0,0,0,0,0,18.0,9.0,40.0,2011,1.0,7,8,2,8800,88001,1,17,16980,0,2.0,1.0,,7,2,29,,2,43,1,,0,0,7,2,57,57,57,1,0,0,1.0,1.0,,50.0,,51.0,,,,,,2.0,3.0,0.0,1,1.0,,1.0,2450.0,1128.0,2.0,2.0,,,,12059.8064,3090.7969,0,0,0.0,0.0,0,0,22017,1,,,,1.0,1.0,,3059.9217,7860.0,2330.0,4600,,,,,,,49644.0,2012,625,610,0,0,0,0,0,18.0,1.0,,,8.0,40.0,2012,MIS4_to_MIS8,2011-2012,True,False,False,1
789280758500941,2,1.0,6,4,2,8800,88001,1,1,33,17,16980,0,2.0,1.0,,7,2,55,,1,44,1,,1,0,0,5,2,57,57,57,1,0,0,1.0,7.0,,,,,,11.0,,,,1.0,3.0,0.0,2,,,,,,,,,,,12241.9566,3029.4891,0,0,,,0,0,21645,1,,,,,,2.0,3051.2789,7860.0,2320.0,-1,,,,,,,50094.0,2011,613,610,0,0,0,0,0,18.0,8.0,40.0,2011,1.0,6,8,2,8800,88001,1,17,16980,0,2.0,1.0,,7,2,56,,1,44,1,,0,0,5,2,57,57,57,1,0,0,1.0,5.0,,,,,,,,,,1.0,3.0,0.0,2,,,,,,,,,,,12330.9301,2955.1252,0,0,,,0,0,22198,1,,,,,,2.0,3004.6492,7860.0,2720.0,-1,,,,,,,49684.0,2012,625,610,0,0,0,0,0,18.0,1.0,,,9.0,40.0,2012,MIS4_to_MIS8,2011-2012,True,False,False,1
837199940999109,2,2.0,1,4,2,8800,88001,1,1,33,17,16980,0,2.0,1.0,,7,3,57,1.0,2,40,1,,2,1,2,1,2,57,57,57,1,0,0,1.0,1.0,,40.0,,40.0,,,,,,2.0,3.0,0.0,1,2.0,1.0,1.0,2500.0,961.53,2.0,2.0,,,,11042.2119,2838.3637,0,0,0.0,0.0,0,0,21612,2,,,2.0,,,,2820.5755,7860.0,4220.0,-1,,,,,,,50144.0,2011,613,610,0,0,0,0,0,13.0,14.0,40.0,2011,2.0,1,8,2,8800,88001,1,17,16980,0,2.0,1.0,,7,3,58,1.0,2,40,1,,1,2,1,2,57,57,57,1,0,0,1.0,1.0,,40.0,,40.0,,,,,,2.0,3.0,0.0,1,2.0,1.0,1.0,950.0,923.07,2.0,2.0,,,,11225.4162,3022.1412,0,0,0.0,1.0,0,0,22190,2,,,2.0,,,,2995.8298,7860.0,4220.0,-1,,,,,,,49747.0,2012,625,610,0,0,0,0,0,13.0,1.0,,,14.0,40.0,2012,MIS4_to_MIS8,2011-2012,True,False,False,1
935037044148350,2,1.0,7,4,2,8800,88001,1,1,33,17,16980,0,2.0,1.0,,7,2,62,,2,39,1,,1,0,0,5,2,57,57,57,1,0,0,1.0,1.0,,35.0,13.0,21.0,,,13.0,,,4.0,3.0,0.0,1,2.0,1.0,1.0,2200.0,750.0,1.0,,,,,11034.7516,2819.7322,0,0,0.0,0.0,0,0,8841,1,1.0,,,,,,2785.2227,9370.0,5810.0,-1,,,,,,,50213.0,2011,613,610,0,0,0,0,0,12.0,17.0,51.0,2011,1.0,7,8,2,8800,88001,1,17,16980,0,2.0,1.0,,7,2,63,,2,39,1,,0,0,5,2,57,57,57,1,0,0,1.0,1.0,,40.0,6.0,32.0,,,6.0,,,4.0,3.0,0.0,1,2.0,1.0,1.0,1300.0,807.69,1.0,,,,,12716.5269,3222.9858,0,0,0.0,0.0,0,0,44334,1,1.0,,,,,,3159.9053,9470.0,5220.0,-1,,,,,,,49807.0,2012,625,610,0,0,0,0,0,12.0,1.0,,,17.0,51.0,2012,MIS4_to_MIS8,2011-2012,True,False,False,1
71523024909195,2,1.0,6,4,2,8800,88001,1,1,33,17,0,0,3.0,2.0,,0,2,29,,1,43,2,,1,0,0,7,2,332,332,332,5,0,21,1.0,1.0,,15.0,,12.0,,,20.0,,,7.0,2.0,0.0,1,2.0,,1.0,830.0,124.5,2.0,2.0,,,,16939.2507,4901.6197,0,0,0.0,0.0,0,0,8956,1,,,,1.0,1.0,,4891.544,7870.0,4030.0,-1,,,,,,,50249.0,2011,613,610,0,0,0,0,0,18.0,13.0,40.0,2011,1.0,6,8,2,8800,88001,1,17,0,0,3.0,2.0,,0,2,30,,1,44,2,,0,0,7,2,332,332,332,5,0,21,1.0,1.0,,10.0,,10.0,,,20.0,,,7.0,2.0,0.0,1,2.0,2.0,2.0,,161.53,2.0,1.0,,,,11954.557,3183.8273,0,0,0.0,,0,0,9061,1,,,,,,2.0,3083.64,7870.0,2200.0,-1,,,,,,,49840.0,2012,625,610,0,0,0,0,0,18.0,2.0,,,8.0,40.0,2012,MIS4_to_MIS8,2011-2012,True,False,False,1
196914309060709,2,1.0,4,4,2,8800,88001,1,1,33,17,0,99,3.0,2.0,,0,7,22,,1,39,1,,4,1,4,7,2,57,57,57,1,0,0,2.0,1.0,,20.0,,20.0,,,19.0,,,7.0,3.0,0.0,1,2.0,,1.0,1000.0,200.0,2.0,2.0,2.0,,,16721.279,4176.2609,0,0,1.0,1.0,0,42,43701,4,1.0,,,,,,4137.8038,8390.0,4130.0,-1,,,,,2.0,,50272.0,2011,613,610,0,0,0,0,0,12.0,13.0,43.0,2011,2.0,4,8,2,8800,88001,1,17,0,99,3.0,2.0,,0,7,23,,1,39,1,,1,4,7,2,57,57,57,1,0,0,2.0,1.0,,12.0,,12.0,,,19.0,,,7.0,4.0,0.0,1,2.0,,1.0,850.0,102.0,2.0,2.0,2.0,,,15141.343,3771.297,0,0,1.0,1.0,0,42,34670,4,1.0,,,,,,3691.6815,8390.0,5940.0,-1,,,,,2.0,,49867.0,2012,625,610,0,0,0,0,0,12.0,1.0,,,17.0,43.0,2012,MIS4_to_MIS8,2011-2012,False,True,True,1
340191969700960,2,1.0,4,4,2,8800,88001,1,1,33,17,0,99,3.0,2.0,,0,1,55,,2,43,1,,1,1,1,4,2,57,57,57,1,0,0,1.0,1.0,,40.0,,51.0,,,,,,2.0,3.0,0.0,1,2.0,,1.0,1439.0,575.6,1.0,,,,,11370.4551,2922.7375,0,0,0.0,0.0,0,0,5171,1,,,,2.0,,,2904.4206,9370.0,4220.0,4020,,,,,,,50286.0,2011,613,610,0,0,0,0,0,16.0,14.0,51.0,2011,1.0,4,8,2,8800,88001,1,17,0,99,3.0,2.0,,0,1,56,,2,43,1,,1,1,4,2,57,57,57,1,0,0,1.0,1.0,,40.0,,42.0,,,,,,2.0,3.0,0.0,1,2.0,,1.0,1504.0,601.6,1.0,,,,,11126.1647,2995.4204,0,0,0.0,0.0,0,0,34669,1,,,,2.0,,,2969.3417,770.0,4220.0,4020,,,,,,,49882.0,2012,625,610,0,0,0,0,0,16.0,1.0,,,14.0,4.0,2012,MIS4_to_MIS8,2011-2012,True,False,False,1
4741470016702,2,1.0,1,4,2,8800,88001,1,1,33,17,14060,113,,1.0,,2,1,36,2.0,2,44,1,,1,1,1,1,2,57,57,57,1,0,0,1.0,1.0,,45.0,,45.0,,,,,,2.0,2.0,0.0,1,2.0,2.0,2.0,,923.07,2.0,2.0,,,,15192.3112,3869.602,0,0,0.0,,0,0,43712,1,,,,,,3.0,3810.5755,7870.0,2200.0,-1,,,,,,,50343.0,2011,613,610,0,0,0,0,0,18.0,8.0,40.0,2011,1.0,1,8,2,8800,88001,1,17,14060,113,,1.0,,2,1,37,2.0,2,44,1,,1,1,1,2,57,57,57,1,0,0,1.0,1.0,,55.0,,51.0,,,,,,2.0,2.0,0.0,1,2.0,2.0,2.0,,963.46,2.0,2.0,,,,12805.984,3264.082,0,0,0.0,,0,0,51518,1,,,,,,3.0,3224.904,7860.0,2310.0,-1,,,,,,,49956.0,2012,625,610,0,0,0,0,0,18.0,1.0,,,8.0,40.0,2012,MIS4_to_MIS8,2011-2012,True,False,False,1
72047164140070,2,1.0,7,4,2,8800,88001,1,1,33,17,14060,113,,1.0,,2,2,72,,2,44,1,,1,0,0,4,2,57,57,57,1,0,0,1.0,1.0,,3.0,,3.0,,,21.0,,,7.0,3.0,0.0,1,2.0,,1.0,2800.0,84.0,2.0,2.0,,,,11665.727,2979.7041,0,0,0.0,0.0,0,0,5174,1,,,,,,2.0,2902.3041,8570.0,4620.0,-1,,,,,,,50356.0,2011,613,610,0,0,0,0,0,18.0,15.0,44.0,2011,1.0,7,8,2,8800,88001,1,17,14060,113,,1.0,,2,2,73,,2,44,1,,0,0,4,2,57,57,57,1,0,0,1.0,1.0,,3.0,,3.0,,,18.0,,,7.0,3.0,0.0,1,2.0,,1.0,3000.0,90.0,2.0,2.0,,,,11085.1614,3055.4445,0,0,0.0,0.0,0,0,4974,1,,,,,,2.0,2972.8711,8570.0,4620.0,-1,,,,,,,49970.0,2012,625,610,0,0,0,0,0,18.0,1.0,,,15.0,44.0,2012,MIS4_to_MIS8,2011-2012,True,False,False,1
177620040740104,2,2.0,1,4,2,8800,88001,1,1,33,17,14060,113,,1.0,,2,1,39,2.0,1,44,1,,1,1,1,1,2,57,57,57,1,0,0,2.0,1.0,,50.0,10.0,30.0,,,10.0,,,4.0,3.0,0.0,1,2.0,2.0,2.0,,1487.17,1.0,,,,,13906.8787,3588.1457,11,3,0.0,,0,0,18378,1,,,,,,2.0,3581.7417,7860.0,2310.0,-1,,,,,,,50368.0,2011,613,610,1,1,1,0,1,18.0,8.0,40.0,2011,2.0,1,8,2,8800,88001,1,17,14060,113,,1.0,,2,1,40,2.0,1,44,1,,1,1,1,2,57,57,57,1,0,0,2.0,1.0,,40.0,,48.0,,,,,,2.0,3.0,0.0,1,2.0,2.0,2.0,,1410.0,1.0,,,,,12486.6898,3237.8604,11,3,0.0,,0,0,18680,1,,,,,,2.0,3182.7145,7860.0,2310.0,-1,,,,,,,49989.0,2012,625,610,1,1,1,0,1,18.0,1.0,,,8.0,40.0,2012,MIS4_to_MIS8,2011-2012,True,False,False,1
177620040740104,2,2.0,1,4,2,8800,88001,1,1,33,17,14060,113,,1.0,,2,3,38,1.0,2,44,1,,2,1,2,1,2,57,57,57,1,0,0,1.0,1.0,,60.0,,43.0,,,,,,2.0,3.0,0.0,1,2.0,2.0,2.0,,1435.89,1.0,,,,,15192.3112,3869.602,11,3,0.0,,0,0,18378,2,,,,,,2.0,3810.5755,7860.0,2310.0,2200,,,,,,,50369.0,2011,613,610,1,1,1,0,1,18.0,8.0,40.0,2011,2.0,1,8,2,8800,88001,1,17,14060,113,,1.0,,2,3,39,1.0,2,44,1,,1,2,1,2,57,57,57,1,0,0,1.0,1.0,,40.0,,53.0,,,,,,2.0,3.0,0.0,1,2.0,2.0,2.0,,1410.25,1.0,,,,,12805.984,3264.082,11,3,0.0,,0,0,18680,2,,,,,,2.0,3224.904,7860.0,2310.0,2200,,,,,,,49990.0,2012,625,610,1,1,1,0,1,18.0,1.0,,,8.0,40.0,2012,MIS4_to_MIS8,2011-2012,True,False,False,1
194974305049749,2,1.0,6,4,2,8800,88001,1,1,33,17,44100,0,,1.0,,2,2,54,,1,43,1,,1,0,0,5,2,57,57,57,1,0,0,1.0,1.0,,38.0,4.0,30.0,,,4.0,,,4.0,2.0,0.0,1,2.0,,1.0,5200.0,1976.0,1.0,,,,,13352.4771,3299.4529,0,0,1.0,1.0,0,0,64291,1,,,,1.0,2.0,,3290.6679,9480.0,1020.0,-1,,,,,,,50382.0,2011,613,610,0,0,0,0,0,17.0,3.0,51.0,2011,1.0,3,8,2,8800,88001,1,17,44100,0,,1.0,,2,1,55,,1,43,1,,1,1,5,2,57,57,57,1,0,0,1.0,1.0,,37.0,5.0,25.0,,,5.0,,,4.0,2.0,0.0,1,2.0,2.0,2.0,,1442.3,1.0,,,,,12632.9778,3041.0518,0,0,0.0,,0,0,18698,1,,,,2.0,,,3008.3418,9480.0,1006.0,-1,,,,,,,50003.0,2012,625,610,0,0,0,0,0,16.0,1.0,,,3.0,51.0,2012,MIS4_to_MIS8,2011-2012,True,False,False,1
410709934475499,2,1.0,7,4,2,8800,88001,1,1,33,17,44100,0,,1.0,,2,2,54,,2,44,1,,1,0,0,5,2,57,57,57,1,0,0,1.0,1.0,,38.0,,38.0,,,,,,2.0,2.0,0.0,1,2.0,2.0,2.0,,1238.46,1.0,,,,,11525.2066,2920.6539,0,0,0.0,,0,0,43749,1,,,,,,2.0,2921.9437,6770.0,2430.0,-1,,,,,,,50408.0,2011,613,610,0,0,0,0,0,18.0,8.0,31.0,2011,1.0,7,8,2,8800,88001,1,17,44100,0,,1.0,,2,2,55,,2,44,1,,0,0,5,2,57,57,57,1,0,0,1.0,1.0,,37.0,6.0,30.0,,,6.0,,,4.0,2.0,0.0,1,2.0,2.0,2.0,,1250.0,1.0,,,,,11551.8193,3110.0165,0,0,0.0,,0,0,51549,1,,,,,,2.0,3082.94,6770.0,2430.0,-1,,,,,,,50033.0,2012,625,610,0,0,0,0,0,18.0,1.0,,,8.0,31.0,2012,MIS4_to_MIS8,2011-2012,True,False,False,1
799030996100951,3,1.0,6,4,2,8800,88001,1,1,33,17,16980,0,1.0,1.0,1.0,7,2,59,,1,39,1,,1,0,0,7,2,57,57,57,1,0,0,1.0,1.0,,40.0,,40.0,,,,,,2.0,3.0,0.0,1,2.0,2.0,2.0,,673.07,1.0,,,,,11426.6787,2900.2068,0,0,0.0,,0,0,21805,1,1.0,,,,,,2890.4409,9470.0,5220.0,-1,,,,,,,87596.0,2011,614,611,0,0,0,0,0,12.0,17.0,51.0,2011,1.0,6,8,2,8800,88001,1,17,16980,0,1.0,1.0,1.0,7,2,60,,1,39,1,,0,0,7,2,57,57,57,1,0,0,1.0,5.0,,,,,,,,,,1.0,3.0,0.0,2,,,,,,,,,,,11720.0622,2929.0972,0,0,,,0,0,18096,1,1.0,,,,,,2971.7832,9470.0,5220.0,-1,,,,,,,86990.0,2012,626,611,0,0,0,0,0,12.0,1.0,,,17.0,51.0,2012,MIS4_to_MIS8,2011-2012,True,False,False,1
5761570993598,3,2.0,1,4,2,8800,88001,1,1,33,17,16980,111,2.0,1.0,,7,3,42,1.0,2,39,1,,2,1,2,1,2,57,57,119,1,0,0,1.0,1.0,,10.0,,10.0,,,18.0,,,7.0,3.0,0.0,1,2.0,,1.0,1000.0,100.0,2.0,2.0,,,,13078.4887,3283.058,10,3,0.0,0.0,0,0,56437,2,1.0,,,,,,3287.1261,7860.0,4600.0,-1,,,,,,,87667.0,2011,614,611,0,0,1,1,0,12.0,15.0,40.0,2011,2.0,1,8,2,8800,88001,1,17,16980,111,2.0,1.0,,7,3,42,1.0,2,39,1,,1,2,1,2,57,57,119,1,0,0,1.0,1.0,,20.0,,16.0,,,18.0,,,7.0,3.0,0.0,1,2.0,1.0,1.0,1069.0,69.44,2.0,2.0,,,,12940.4798,3219.1006,3,2,0.0,0.0,0,0,64504,2,1.0,,,,,,3191.2553,7860.0,4600.0,-1,,,,,,,87059.0,2012,626,611,0,0,1,0,0,12.0,1.0,,,15.0,40.0,2012,MIS4_to_MIS8,2011-2012,True,False,False,1
22871570997890,3,1.0,1,4,2,8800,88001,1,1,33,17,16980,0,2.0,1.0,,7,1,56,2.0,1,40,1,,1,1,1,1,2,57,57,57,1,0,0,1.0,1.0,,40.0,4.0,19.0,,,4.0,,,4.0,1.0,0.0,1,2.0,1.0,1.0,4700.0,1980.76,2.0,2.0,,,,10799.8308,2741.1065,0,0,0.0,0.0,0,0,45236,1,,,3.0,,,,2731.8763,9590.0,430.0,-1,3.0,,,,,,87689.0,2011,614,611,0,0,0,0,0,14.0,1.0,51.0,2011,1.0,1,8,2,8800,88001,1,17,16980,0,2.0,1.0,,7,1,56,2.0,1,40,1,,1,1,1,2,57,57,57,1,0,0,1.0,1.0,,40.0,,40.0,,,,,,2.0,1.0,0.0,1,2.0,1.0,1.0,4735.0,1923.07,2.0,2.0,,,,10913.2745,2827.3945,0,0,0.0,0.0,0,0,6481,1,,,3.0,,,,2828.7183,9590.0,1220.0,-1,3.0,,,,,,87081.0,2012,626,611,0,0,0,0,0,14.0,1.0,,,3.0,51.0,2012,MIS4_to_MIS8,2011-2012,True,False,False,1
22871570997890,3,1.0,1,4,2,8800,88001,1,1,33,17,16980,0,2.0,1.0,,7,3,50,1.0,2,40,4,,2,1,2,1,2,217,217,217,4,0,8,2.0,1.0,,40.0,4.0,18.0,,,4.0,,,4.0,1.0,0.0,1,2.0,1.0,1.0,3500.0,1096.15,2.0,2.0,,,,12718.5997,3215.0559,0,0,0.0,0.0,0,0,45236,2,,,2.0,,,,3168.7076,9590.0,800.0,-1,,,,,,,87690.0,2011,614,611,0,0,0,0,0,13.0,2.0,51.0,2011,1.0,1,8,2,8800,88001,1,17,16980,0,2.0,1.0,,7,3,51,1.0,2,40,4,,1,2,1,2,217,217,217,4,0,8,2.0,1.0,,40.0,,40.0,,,,,,2.0,1.0,0.0,1,2.0,1.0,1.0,3560.0,1403.84,2.0,2.0,,,,12017.9061,3068.5899,0,0,0.0,0.0,0,0,6481,2,,,3.0,,,,3023.9919,9590.0,820.0,-1,,,,,,,87082.0,2012,626,611,0,0,0,0,0,14.0,4.0,,,2.0,51.0,2012,MIS4_to_MIS8,2011-2012,True,False,False,1
31691570970970,3,1.0,1,4,2,8800,88001,1,1,33,17,16980,0,2.0,1.0,,7,1,66,2.0,1,46,1,,1,1,1,1,2,57,57,57,1,0,0,1.0,1.0,,40.0,,40.0,,,,,,2.0,2.0,0.0,1,2.0,2.0,2.0,,1153.0,2.0,2.0,,,,11563.5829,2751.1147,4,3,1.0,,0,0,60189,1,,,,,,,2657.9411,9470.0,2100.0,-1,,,,,,,87696.0,2011,614,611,0,0,0,1,0,18.0,7.0,51.0,2011,2.0,1,8,2,8800,88001,1,17,16980,0,2.0,1.0,,7,1,67,2.0,1,45,1,,1,1,1,2,57,57,57,1,0,0,2.0,1.0,,-4.0,,40.0,,,,,,2.0,2.0,0.0,1,2.0,2.0,2.0,,1923.0,2.0,2.0,,,,11109.7169,2817.5324,0,0,1.0,,0,42,71385,1,,,,,,,2751.6136,9470.0,2100.0,-1,,,,,,,87088.0,2012,626,611,0,0,0,0,0,18.0,1.0,,,7.0,51.0,2012,MIS4_to_MIS8,2011-2012,True,False,False,1
31691570970970,3,1.0,1,4,2,8800,88001,1,1,33,17,16980,0,2.0,1.0,,7,3,62,1.0,2,46,1,,2,1,2,1,2,57,57,57,1,0,0,2.0,1.0,,40.0,,40.0,,,,,,2.0,3.0,0.0,1,2.0,2.0,2.0,,1192.0,2.0,2.0,,,,13320.7006,3381.9019,4,3,1.0,,0,0,60189,2,,,,,,,3374.9113,9470.0,2100.0,-1,,,,,,,87697.0,2011,614,611,0,0,0,1,0,18.0,7.0,51.0,2011,2.0,1,8,2,8800,88001,1,17,16980,0,2.0,1.0,,7,3,62,1.0,2,45,1,,1,2,1,2,57,57,57,1,0,0,1.0,1.0,,-4.0,,40.0,,,,,,2.0,2.0,0.0,1,2.0,2.0,1.0,1300.0,520.0,2.0,2.0,,,,12699.0089,3460.8076,0,0,1.0,1.0,0,42,71385,2,,,,,,,3420.8139,9470.0,2100.0,-1,,,,,,,87089.0,2012,626,611,0,0,0,0,0,18.0,1.0,,,7.0,51.0,2012,MIS4_to_MIS8,2011-2012,True,False,True,1
70251570994896,3,1.0,1,4,2,8800,88001,1,1,33,17,16980,0,2.0,1.0,,7,16,41,,1,39,1,,2,0,0,5,2,57,57,57,1,0,0,2.0,1.0,,40.0,,40.0,,,,,,2.0,3.0,0.0,1,2.0,,1.0,3384.0,1353.6,1.0,,,,,12943.571,3242.8875,0,0,1.0,1.0,0,42,64476,2,1.0,,,,,,3283.4602,770.0,6200.0,-1,,,,,,,87720.0,2011,614,611,0,0,0,0,0,12.0,19.0,4.0,2011,1.0,1,8,2,8800,88001,1,17,16980,0,2.0,1.0,,7,16,42,,1,39,1,,0,0,5,2,57,57,57,1,0,0,2.0,1.0,,40.0,,40.0,,,,,,2.0,4.0,0.0,1,2.0,,1.0,2200.0,880.0,2.0,2.0,,,,11657.9511,2924.9928,0,0,1.0,1.0,0,42,64497,2,1.0,,,,,,2934.5114,7290.0,6200.0,-1,,,,,,,87117.0,2012,626,611,0,0,0,0,0,12.0,1.0,,,19.0,36.0,2012,MIS4_to_MIS8,2011-2012,False,True,True,1
71152085001604,3,1.0,1,4,2,8800,88001,1,1,33,17,16980,0,2.0,1.0,,7,1,60,2.0,1,44,1,,1,1,1,1,2,57,57,57,1,0,0,3.0,1.0,,40.0,,40.0,,,,,,2.0,3.0,0.0,1,2.0,2.0,2.0,,1365.0,2.0,2.0,,,,10847.6191,2645.0344,0,0,1.0,,0,42,21928,1,,,,,,2.0,2604.3209,9570.0,600.0,-1,,,,,,,87721.0,2011,614,611,0,0,0,0,0,18.0,2.0,51.0,2011,1.0,1,8,2,8800,88001,1,17,16980,0,2.0,1.0,,7,1,61,2.0,1,44,1,,1,1,1,2,57,57,57,1,0,0,1.0,1.0,,40.0,,40.0,,,,,,2.0,3.0,0.0,1,2.0,2.0,2.0,,1634.61,2.0,2.0,,,,11371.6199,2824.6219,0,0,0.0,,0,0,41729,1,,,,,,2.0,2799.547,9470.0,3820.0,-1,,,,,,,87118.0,2012,626,611,0,0,0,0,0,18.0,1.0,,,12.0,51.0,2012,MIS4_to_MIS8,2011-2012,True,False,False,1
75881570998378,3,1.0,7,4,2,8800,88001,1,1,33,17,16980,0,2.0,1.0,,7,2,73,,2,40,1,,1,0,0,4,2,57,57,57,1,0,0,1.0,1.0,,8.0,,8.0,,,21.0,,,7.0,3.0,0.0,1,2.0,,1.0,1000.0,80.0,2.0,2.0,,,,10542.5485,2627.522,0,0,0.0,0.0,0,0,21790,1,,,3.0,,,,2597.5973,6770.0,5320.0,-1,,,,,,,87726.0,2011,614,611,0,0,0,0,0,14.0,17.0,31.0,2011,1.0,7,8,2,8800,88001,1,17,16980,0,2.0,1.0,,7,2,74,,2,40,1,,0,0,4,2,57,57,57,1,0,0,1.0,1.0,,6.0,,6.0,,,21.0,,,7.0,3.0,0.0,1,2.0,2.0,2.0,,76.92,2.0,2.0,,,,12527.3987,2922.9887,0,0,0.0,,0,0,41627,1,,,3.0,,,,2935.3067,6770.0,5320.0,-1,,,,,,,87122.0,2012,626,611,0,0,0,0,0,14.0,1.0,,,17.0,31.0,2012,MIS4_to_MIS8,2011-2012,True,False,False,1
107005404036761,3,1.0,7,4,2,8800,88001,1,1,33,17,41180,119,2.0,1.0,,6,2,58,,2,39,2,,1,0,0,7,2,57,57,57,1,0,0,1.0,1.0,,40.0,,40.0,,,,,,2.0,1.0,0.0,1,2.0,,1.0,4000.0,1600.0,2.0,2.0,,,,12893.0506,2736.1957,0,0,1.0,1.0,23,42,22019,1,1.0,,,,,,2675.2892,8190.0,5700.0,-1,,,,,,,87752.0,2011,614,611,0,0,0,0,0,12.0,17.0,41.0,2011,1.0,7,8,2,8800,88001,1,17,41180,119,2.0,1.0,,6,2,56,,2,42,2,,0,0,5,2,57,57,57,1,0,0,1.0,1.0,,30.0,,30.0,,,22.0,,,7.0,4.0,0.0,1,2.0,1.0,1.0,925.0,295.0,2.0,2.0,,,,10045.4819,2672.6362,0,0,1.0,1.0,0,0,18310,1,,,4.0,,,,2670.3199,8190.0,3600.0,-1,,,,,,,87151.0,2012,626,611,0,0,0,0,0,15.0,2.0,,,11.0,41.0,2012,MIS4_to_MIS8,2011-2012,False,True,True,1
191975605075798,3,2.0,1,4,2,8800,88001,1,1,33,17,41180,163,2.0,1.0,,6,1,60,2.0,1,42,2,,1,1,1,1,2,57,57,57,1,0,0,2.0,1.0,,40.0,,40.0,,,,,,2.0,1.0,0.0,1,2.0,2.0,2.0,,2884.61,1.0,,,,,10739.5286,3021.8966,0,0,0.0,,0,0,22054,1,,,3.0,,,,3018.693,9590.0,1050.0,-1,4.0,3.0,,,,,87789.0,2011,614,611,0,0,0,0,0,14.0,3.0,51.0,2011,2.0,1,8,2,8800,88001,1,17,41180,163,2.0,1.0,,6,1,61,2.0,1,42,2,,1,1,1,2,57,57,57,1,0,0,2.0,1.0,,40.0,,40.0,,,,,,2.0,1.0,0.0,1,2.0,1.0,1.0,2850.0,2884.61,2.0,2.0,,,,11500.179,3476.9473,0,0,0.0,1.0,0,0,6509,1,,,3.0,,,,3445.0436,7380.0,1007.0,-1,4.0,3.0,,,,,87204.0,2012,626,611,0,0,0,0,0,14.0,2.0,,,3.0,36.0,2012,MIS4_to_MIS8,2011-2012,True,False,False,1
191975605075798,3,2.0,1,4,2,8800,88001,1,1,33,17,41180,163,2.0,1.0,,6,3,60,1.0,2,40,2,,2,1,2,1,2,57,57,57,1,0,0,1.0,2.0,5.0,40.0,,,,,,,,5.0,1.0,0.0,1,2.0,1.0,1.0,2500.0,961.53,1.0,,,,,9422.1706,2736.1957,0,0,0.0,0.0,0,0,22054,2,,,5.0,,,,2675.2892,6370.0,5540.0,-1,4.0,3.0,2.0,,,,87790.0,2011,614,611,0,0,0,0,0,16.0,17.0,23.0,2011,2.0,1,8,2,8800,88001,1,17,41180,163,2.0,1.0,,6,3,61,1.0,2,40,2,,1,2,1,2,57,57,57,1,0,0,1.0,1.0,,40.0,,40.0,,,,,,2.0,1.0,0.0,1,2.0,1.0,1.0,2500.0,1019.23,1.0,,,,,10574.6192,2672.6362,0,0,0.0,0.0,0,0,6509,2,,,5.0,,,,2670.3199,6370.0,5540.0,-1,4.0,3.0,2.0,,,,87205.0,2012,626,611,0,0,0,0,0,16.0,2.0,,,17.0,23.0,2012,MIS4_to_MIS8,2011-2012,True,False,False,1
205904501891137,3,1.0,1,4,2,8800,88001,1,1,33,17,16980,0,2.0,1.0,,7,1,29,2.0,1,44,1,,1,1,1,1,2,235,414,414,5,0,20,1.0,1.0,,40.0,,40.0,,,,,,2.0,1.0,0.0,1,2.0,2.0,2.0,,1384.0,2.0,2.0,,,,14669.8999,3640.5812,1,1,1.0,,0,0,34889,1,,,,,,3.0,3644.1479,7460.0,1530.0,-1,,,,,,,87849.0,2011,614,611,1,0,0,0,1,18.0,4.0,36.0,2011,1.0,1,8,2,8800,88001,1,17,16980,0,2.0,1.0,,7,1,31,2.0,1,45,1,,1,1,1,2,235,414,414,5,0,20,1.0,1.0,,40.0,4.0,32.0,,,4.0,,,4.0,4.0,0.0,1,2.0,2.0,2.0,,1000.0,2.0,2.0,,,,11276.5698,2828.1498,1,2,1.0,,0,0,41705,1,,,,,,,2855.0266,7460.0,1530.0,-1,,,,,,,87248.0,2012,626,611,1,0,0,0,1,18.0,1.0,,,4.0,36.0,2012,MIS4_to_MIS8,2011-2012,False,True,True,1
247838850459106,3,1.0,7,4,2,8800,88001,1,1,33,17,16980,0,2.0,1.0,,7,2,59,,2,44,1,,1,0,0,5,2,57,57,57,1,0,0,1.0,1.0,,40.0,,43.0,,,,,,2.0,3.0,0.0,1,2.0,2.0,2.0,,1076.92,1.0,,,,,11704.6297,2830.7136,0,0,0.0,,0,0,8246,1,,,,,,2.0,2843.5481,7860.0,2310.0,-1,,,,,,,87853.0,2011,614,611,0,0,0,0,0,18.0,8.0,40.0,2011,1.0,7,8,2,8800,88001,1,17,16980,0,2.0,1.0,,7,2,60,,2,44,1,,0,0,5,2,57,57,57,1,0,0,1.0,1.0,,36.0,6.0,29.0,,,6.0,,,4.0,3.0,0.0,1,2.0,2.0,2.0,,1076.92,1.0,,,,,12699.0089,3460.8076,0,0,0.0,,0,0,58877,1,,,,,,2.0,3420.8139,7860.0,2310.0,-1,,,,,,,87256.0,2012,626,611,0,0,0,0,0,18.0,1.0,,,8.0,40.0,2012,MIS4_to_MIS8,2011-2012,True,False,False,1
471727045801393,3,2.0,1,4,2,8800,88001,1,1,33,17,16980,0,2.0,1.0,,7,3,62,1.0,2,44,1,,2,1,2,1,2,57,57,57,1,0,0,1.0,2.0,4.0,10.0,,,,,,,,10.0,3.0,0.0,1,2.0,1.0,1.0,1000.0,125.0,2.0,2.0,,,,13320.7006,3381.9019,0,0,0.0,0.0,0,0,8244,2,,,,,,1.0,3374.9113,6770.0,5320.0,2310,,,,,,,87912.0,2011,614,611,0,0,0,0,0,17.0,17.0,31.0,2011,2.0,1,8,2,8800,88001,1,17,16980,0,2.0,1.0,,7,3,62,1.0,2,44,1,,1,2,1,2,57,57,57,1,0,0,1.0,1.0,,10.0,,15.0,,,21.0,,,7.0,3.0,0.0,1,2.0,,1.0,1000.0,100.0,2.0,2.0,,,,12699.0089,3460.8076,0,0,0.0,0.0,0,0,6380,2,,,,,,1.0,3420.8139,6770.0,5320.0,-1,,,,,,,87328.0,2012,626,611,0,0,0,0,0,17.0,1.0,,,17.0,31.0,2012,MIS4_to_MIS8,2011-2012,True,False,False,1
505909751897617,3,1.0,6,4,2,8800,88001,1,1,33,17,41180,163,2.0,1.0,,6,2,53,,1,39,1,,1,0,0,5,2,57,57,57,1,0,0,1.0,1.0,,40.0,,40.0,,,,,,2.0,1.0,0.0,1,2.0,1.0,1.0,2354.0,961.53,2.0,2.0,,,,11540.4709,2919.2953,0,0,0.0,0.0,0,0,8475,1,1.0,,,,,,2923.8344,9590.0,410.0,-1,3.0,2.0,,,,,87920.0,2011,614,611,0,0,0,0,0,12.0,1.0,51.0,2011,1.0,6,8,2,8800,88001,1,17,41180,163,2.0,1.0,,6,2,54,,1,39,1,,0,0,5,2,57,57,57,1,0,0,1.0,1.0,,40.0,,40.0,,,,,,2.0,1.0,0.0,1,2.0,1.0,1.0,2354.0,1346.15,2.0,1.0,,,,11598.2801,2899.9437,0,0,0.0,0.0,0,0,41802,1,1.0,,,,,,2914.1583,9590.0,410.0,-1,3.0,2.0,,,,,87340.0,2012,626,611,0,0,0,0,0,12.0,1.0,,,1.0,51.0,2012,MIS4_to_MIS8,2011-2012,True,False,False,1
510709877669550,3,1.0,1,4,2,8800,88001,1,1,33,17,16980,0,2.0,1.0,,7,1,58,2.0,2,44,1,,1,1,1,1,2,57,57,57,1,0,0,1.0,1.0,,60.0,,60.0,,,,,,2.0,2.0,0.0,1,2.0,2.0,2.0,,2403.84,1.0,,,,,11704.6297,2830.7136,0,0,0.0,,0,0,34794,1,,,,,,3.0,2843.5481,7860.0,230.0,-1,,,,,,,87929.0,2011,614,611,0,0,0,0,0,18.0,1.0,40.0,2011,1.0,1,8,2,8800,88001,1,17,16980,0,2.0,1.0,,7,1,59,2.0,2,44,1,,1,1,1,2,57,57,57,1,0,0,1.0,1.0,,55.0,,50.0,,,,,,2.0,3.0,0.0,1,2.0,2.0,2.0,,2788.46,2.0,2.0,,,,12889.0821,3189.4844,0,0,0.0,,0,0,6385,1,,,,,,3.0,3229.359,7860.0,230.0,-1,,,,,,,87349.0,2012,626,611,0,0,0,0,0,18.0,1.0,,,1.0,40.0,2012,MIS4_to_MIS8,2011-2012,True,False,True,1
571388085800897,3,1.0,1,4,2,8800,88001,1,1,33,17,16980,0,2.0,1.0,,7,1,33,2.0,1,44,1,,1,1,1,1,2,57,57,57,1,0,0,1.0,1.0,,45.0,,38.0,,,,,,2.0,3.0,0.0,1,2.0,2.0,2.0,,1115.38,1.0,,,,,13425.2138,3315.9861,1,1,0.0,,0,0,8242,1,,,,,,1.0,3334.9556,7860.0,2310.0,-1,,,,,,,87954.0,2011,614,611,1,0,0,0,1,17.0,8.0,40.0,2011,1.0,1,8,2,8800,88001,1,17,16980,0,2.0,1.0,,7,1,33,2.0,1,44,1,,1,1,1,2,57,57,57,1,0,0,1.0,1.0,,45.0,,45.0,,,,,,2.0,3.0,0.0,1,2.0,2.0,2.0,,1153.84,1.0,,,,,11276.5698,2828.1498,1,1,0.0,,0,0,64468,1,,,,,,1.0,2855.0266,7860.0,2320.0,-1,,,,,,,87378.0,2012,626,611,1,0,0,0,1,17.0,1.0,,,8.0,40.0,2012,MIS4_to_MIS8,2011-2012,True,False,False,1
571486035001408,3,2.0,1,4,2,8800,88001,1,1,33,17,16980,0,2.0,1.0,,7,1,30,2.0,1,46,1,,1,1,1,1,2,57,57,57,1,0,0,2.0,1.0,,40.0,,40.0,,,,,,2.0,1.0,0.0,1,2.0,2.0,2.0,,1384.61,2.0,2.0,,,,13425.2138,3315.9861,1,1,0.0,,0,0,18580,1,,,,,,,3334.9556,9570.0,1530.0,-1,,,,,,,87958.0,2011,614,611,1,0,0,0,1,18.0,4.0,51.0,2011,1.0,1,8,2,8800,88001,1,17,16980,0,2.0,1.0,,7,1,31,2.0,1,46,1,,1,1,1,2,57,57,57,1,0,0,1.0,1.0,,40.0,,40.0,,,,,,2.0,1.0,0.0,1,2.0,2.0,2.0,,673.0,2.0,2.0,,,,11276.5698,2828.1498,2,1,1.0,,0,0,30877,1,,,,,,,2855.0266,7460.0,1530.0,-1,,,,,,,87382.0,2012,626,611,0,1,0,0,1,18.0,1.0,,,4.0,36.0,2012,MIS4_to_MIS8,2011-2012,True,False,False,1
605005101102847,3,1.0,1,4,2,8800,88001,1,1,33,17,16980,0,2.0,1.0,,7,1,38,2.0,1,39,1,,1,1,1,1,2,57,57,57,1,0,0,1.0,1.0,,40.0,4.0,32.0,,,4.0,,,4.0,3.0,0.0,1,2.0,1.0,1.0,3384.0,750.0,1.0,,,,,13123.3379,3279.7142,3,2,0.0,0.0,0,0,5328,1,1.0,,,,,,3329.0626,770.0,6200.0,-1,,,,,,,87972.0,2011,614,611,0,0,1,0,0,12.0,19.0,4.0,2011,2.0,1,8,2,8800,88001,1,17,16980,0,2.0,1.0,,7,1,39,2.0,1,39,1,,1,1,1,2,57,57,57,1,0,0,2.0,1.0,,40.0,,40.0,,,,,,2.0,3.0,0.0,1,2.0,,1.0,2200.0,880.0,1.0,,,,,11606.071,2917.1476,3,2,1.0,1.0,0,42,50186,1,1.0,,,,,,2921.4523,770.0,6200.0,-1,,,,,,,87390.0,2012,626,611,0,0,1,0,0,12.0,1.0,,,19.0,4.0,2012,MIS4_to_MIS8,2011-2012,True,False,False,1
645087921159170,3,2.0,1,4,2,8800,88001,1,1,33,17,16980,0,2.0,1.0,,7,1,49,2.0,1,39,1,,1,1,1,1,2,57,57,57,1,0,0,2.0,1.0,,40.0,,40.0,,,,,,2.0,1.0,0.0,1,2.0,2.0,2.0,,1019.23,2.0,2.0,,,,11141.5298,2806.9158,0,0,0.0,,0,0,71155,1,1.0,,,,,,2822.7607,9590.0,710.0,-1,2.0,,,,,,87990.0,2011,614,611,0,0,0,0,0,12.0,2.0,51.0,2011,2.0,1,8,2,8800,88001,1,17,16980,0,2.0,1.0,,7,1,50,2.0,1,39,1,,1,1,1,2,57,57,57,1,0,0,2.0,1.0,,40.0,,40.0,,,,,,2.0,4.0,0.0,1,2.0,2.0,2.0,,826.92,2.0,2.0,,,,11561.172,2890.6655,0,0,0.0,,0,0,41755,1,1.0,,,,,,2904.8346,7390.0,710.0,-1,2.0,,,,,,87404.0,2012,626,611,0,0,0,0,0,12.0,1.0,,,2.0,36.0,2012,MIS4_to_MIS8,2011-2012,False,True,True,1
799570102170951,3,1.0,1,4,2,8800,88001,1,1,33,17,41180,163,2.0,1.0,,6,1,52,2.0,1,43,1,,1,1,1,1,2,57,57,57,1,0,0,1.0,1.0,,50.0,,50.0,,,,,,2.0,1.0,0.0,1,2.0,2.0,2.0,,2038.0,2.0,2.0,,,,11540.4709,2919.2953,0,0,1.0,,0,0,45291,1,,,,1.0,1.0,,2923.8344,7380.0,110.0,-1,3.0,2.0,,,,,88065.0,2011,614,611,0,0,0,0,0,18.0,1.0,36.0,2011,1.0,1,8,2,8800,88001,1,17,41180,163,2.0,1.0,,6,1,53,2.0,1,43,1,,1,1,1,2,57,57,57,1,0,0,1.0,1.0,,40.0,,40.0,,,,,,2.0,1.0,0.0,1,1.0,2.0,2.0,,2019.0,2.0,2.0,,,,11598.2801,2899.9437,0,0,1.0,,0,0,31065,1,,,,1.0,1.0,,2914.1583,7380.0,430.0,-1,3.0,2.0,,,,,87474.0,2012,626,611,0,0,0,0,0,18.0,1.0,,,1.0,36.0,2012,MIS4_to_MIS8,2011-2012,True,False,False,1
799800657530951,3,2.0,1,4,2,8800,88001,1,1,33,17,16980,111,2.0,1.0,,7,3,37,1.0,2,44,1,,2,1,2,1,2,57,57,57,1,0,0,1.0,1.0,,42.0,,42.0,,,,,,2.0,3.0,0.0,1,2.0,2.0,2.0,,1692.3,2.0,2.0,,,,13030.0042,3308.3859,2,2,0.0,,0,0,53125,2,,,,,,2.0,3274.9401,9370.0,5000.0,-1,,,,,,,88079.0,2011,614,611,0,1,0,0,1,18.0,17.0,51.0,2011,2.0,1,8,2,8800,88001,1,17,16980,111,2.0,1.0,,7,3,38,1.0,2,44,1,,1,2,1,2,57,57,57,1,0,0,1.0,1.0,,40.0,,42.0,,,,,,2.0,3.0,0.0,1,2.0,2.0,2.0,,1730.76,2.0,2.0,,,,12161.7122,3000.1914,8,2,0.0,,0,0,6490,2,,,,,,2.0,2999.2033,9370.0,430.0,-1,,,,,,,87485.0,2012,626,611,0,1,1,0,1,18.0,1.0,,,1.0,51.0,2012,MIS4_to_MIS8,2011-2012,True,False,False,1
917679050469108,3,1.0,7,4,2,8800,88001,1,1,33,17,37900,179,2.0,1.0,,3,2,38,,2,39,1,,1,0,0,6,2,57,57,57,1,0,0,1.0,1.0,,40.0,,67.0,,,,,,2.0,2.0,0.0,1,2.0,,1.0,1265.0,506.0,2.0,2.0,,,,13211.6242,3354.5002,0,0,1.0,1.0,0,42,53160,1,1.0,,,,,,3320.5882,9480.0,5120.0,4510,,,,,,,88120.0,2011,614,611,0,0,0,0,0,12.0,17.0,51.0,2011,1.0,7,8,2,8800,88001,1,17,37900,179,2.0,1.0,,3,2,39,,2,39,1,,0,0,5,2,57,57,57,1,0,0,1.0,1.0,,40.0,,40.0,,,,,,2.0,3.0,0.0,1,2.0,,1.0,1500.0,600.0,2.0,2.0,,,,12200.7478,3009.8212,0,0,1.0,1.0,0,42,50244,1,1.0,,,,,,3008.8298,9480.0,4610.0,-1,,,,,,,87522.0,2012,626,611,0,0,0,0,0,12.0,1.0,,,15.0,51.0,2012,MIS4_to_MIS8,2011-2012,True,False,True,1
927249650239107,3,1.0,1,4,2,8800,88001,1,1,33,17,37900,0,2.0,1.0,,3,3,57,1.0,1,39,1,,2,1,2,1,2,57,57,57,1,0,0,2.0,1.0,,40.0,,46.0,,,,,,2.0,3.0,0.0,1,2.0,,1.0,1830.0,732.0,1.0,,,,,10950.3653,2779.3136,0,0,1.0,1.0,0,0,64503,2,1.0,,,,,,2769.9548,7860.0,3930.0,-1,,,,,,,88132.0,2011,614,611,0,0,0,0,0,12.0,12.0,40.0,2011,1.0,1,8,2,8800,88001,1,17,37900,0,2.0,1.0,,3,3,57,1.0,1,39,1,,1,2,1,2,57,57,57,1,0,0,2.0,1.0,,40.0,,40.0,,,,,,2.0,3.0,0.0,1,2.0,2.0,2.0,,884.0,1.0,,,,,10948.303,2836.4696,0,0,1.0,,0,42,50264,2,1.0,,,,,,2837.7977,7860.0,3930.0,-1,,,,,,,87535.0,2012,626,611,0,0,0,0,0,12.0,1.0,,,12.0,40.0,2012,MIS4_to_MIS8,2011-2012,True,False,False,1
968087947159780,3,1.0,7,4,2,8800,88001,1,1,33,17,16980,0,2.0,1.0,,7,2,59,,2,44,1,,1,0,0,5,2,57,57,57,1,0,0,1.0,1.0,,40.0,,40.0,,,,,,2.0,3.0,0.0,1,2.0,,1.0,3000.0,900.0,2.0,2.0,,,,11704.6297,2830.7136,0,0,0.0,0.0,0,0,8363,1,,,,,,2.0,2843.5481,7870.0,230.0,-1,,,,,,,88179.0,2011,614,611,0,0,0,0,0,18.0,1.0,40.0,2011,1.0,7,8,2,8800,88001,1,17,16980,0,2.0,1.0,,7,2,60,,2,43,1,,0,0,5,2,57,57,57,1,0,0,1.0,1.0,,30.0,,30.0,,,15.0,,,6.0,3.0,0.0,1,2.0,,1.0,2400.0,720.0,2.0,2.0,,,,12699.0089,3460.8076,0,0,0.0,0.0,0,0,41707,1,,,,1.0,1.0,,3420.8139,7870.0,110.0,10,,,,,,,87580.0,2012,626,611,0,0,0,0,0,18.0,1.0,,,1.0,40.0,2012,MIS4_to_MIS8,2011-2012,True,False,False,1
997369450999102,3,1.0,1,4,2,8800,88001,1,1,33,17,16980,0,2.0,1.0,,7,3,26,1.0,1,41,1,,2,1,2,1,2,57,57,57,1,0,0,2.0,1.0,,40.0,,40.0,,,,,,2.0,3.0,0.0,1,2.0,2.0,2.0,,769.23,1.0,,,,,14669.8999,3640.5812,1,1,0.0,,0,0,8492,2,,,3.0,,,,3644.1479,9370.0,7340.0,-1,,,,,,,88214.0,2011,614,611,1,0,0,0,1,14.0,20.0,51.0,2011,1.0,1,8,2,8800,88001,1,17,16980,0,2.0,1.0,,7,3,27,1.0,1,41,1,,1,2,1,2,57,57,57,1,0,0,2.0,1.0,,40.0,,40.0,,,,,,2.0,3.0,0.0,1,2.0,2.0,2.0,,769.23,2.0,1.0,,,,11243.268,2846.5273,1,1,0.0,,0,0,50254,2,,,3.0,,,,2846.5951,8570.0,7340.0,-1,,,,,,,87617.0,2012,626,611,1,0,0,0,1,14.0,1.0,,,20.0,44.0,2012,MIS4_to_MIS8,2011-2012,True,False,False,1
50196469700837,3,1.0,1,4,2,8800,88001,1,1,33,17,0,0,3.0,2.0,,0,3,39,1.0,1,39,1,,2,1,2,1,2,57,57,57,1,0,0,2.0,1.0,,48.0,,68.0,,,,,,2.0,3.0,0.0,1,1.0,2.0,2.0,,923.07,1.0,,,,,13693.8253,3422.2873,11,3,0.0,,0,0,8479,2,1.0,,,,,,3473.781,9470.0,3850.0,9130,,,,,,,88230.0,2011,614,611,1,1,1,0,1,12.0,12.0,51.0,2011,1.0,1,8,2,8800,88001,1,17,0,0,3.0,2.0,,0,3,39,1.0,1,40,1,,1,2,1,2,57,57,57,1,0,0,2.0,1.0,,-4.0,,85.0,,,,,,2.0,3.0,0.0,1,1.0,1.0,1.0,2000.0,1153.84,1.0,,,,,11950.2663,3003.6599,11,3,0.0,0.0,0,0,28130,2,,,3.0,,,,3008.0923,9470.0,3850.0,9130,,,,,,,87632.0,2012,626,611,1,1,1,0,1,14.0,1.0,,,12.0,51.0,2012,MIS4_to_MIS8,2011-2012,True,False,False,1
799800062280951,3,1.0,1,4,2,8800,88001,1,1,33,17,0,0,3.0,2.0,,0,1,34,2.0,1,40,1,,1,1,1,1,2,57,57,57,1,0,0,1.0,1.0,,40.0,,46.0,,,,,,2.0,3.0,0.0,1,2.0,1.0,1.0,2500.0,923.07,1.0,,,,,14008.8241,3460.1361,0,0,0.0,0.0,0,0,34982,1,,,1.0,,,,3479.9301,9470.0,3800.0,-1,2.0,,,,,,88315.0,2011,614,611,0,0,0,0,0,12.0,12.0,51.0,2011,1.0,1,8,2,8800,88001,1,17,0,0,3.0,2.0,,0,1,35,2.0,1,40,1,,1,1,1,2,57,57,57,1,0,0,1.0,1.0,,40.0,4.0,24.0,,,4.0,,,4.0,2.0,0.0,1,2.0,2.0,2.0,,1000.0,1.0,,,,,11950.2663,3003.6599,0,0,0.0,,0,0,18325,1,,,2.0,,,,3008.0923,9470.0,3655.0,-1,2.0,,,,,,87710.0,2012,626,611,0,0,0,0,0,13.0,1.0,,,11.0,51.0,2012,MIS4_to_MIS8,2011-2012,True,False,True,1
947239550779109,3,1.0,3,4,2,8800,88001,1,1,33,17,0,0,3.0,2.0,,0,1,61,,1,38,1,,1,1,1,5,2,57,57,57,1,0,0,1.0,1.0,,40.0,,40.0,,,,,,2.0,2.0,0.0,1,1.0,1.0,1.0,2600.0,1325.0,1.0,,,,,11319.1782,2760.0172,0,0,0.0,1.0,0,0,67832,1,,,,,,,2717.5339,5270.0,4700.0,-1,,,,,,,88334.0,2011,614,611,0,0,0,0,0,12.0,16.0,22.0,2011,1.0,6,8,2,8800,88001,1,17,0,0,3.0,2.0,,0,2,62,,1,39,1,,0,0,5,2,57,57,57,1,0,0,1.0,5.0,,,,,,,,,,1.0,2.0,0.0,2,,,,,,,,,,,11637.2087,2908.3903,0,0,,,0,0,17991,1,1.0,,,,,,2950.7746,4980.0,7810.0,-1,,,,,,,87732.0,2012,626,611,0,0,0,0,0,12.0,1.0,,,21.0,22.0,2012,MIS4_to_MIS8,2011-2012,True,False,False,1
967189150399104,3,2.0,1,4,2,8800,88001,1,1,33,17,0,0,3.0,2.0,,0,1,46,2.0,1,42,1,,1,1,1,1,2,57,57,57,1,0,0,2.0,1.0,,40.0,,44.0,,,,,,2.0,2.0,0.0,1,2.0,,1.0,3400.0,1360.0,2.0,2.0,,,,11625.8656,2928.9358,3,1,1.0,1.0,0,0,53137,1,,,3.0,,,,2945.4696,8370.0,2340.0,4610,,,,,,,88342.0,2011,614,611,0,0,1,0,0,14.0,8.0,43.0,2011,2.0,1,8,2,8800,88001,1,17,0,0,3.0,2.0,,0,1,47,2.0,1,42,1,,1,1,1,2,57,57,57,1,0,0,2.0,2.0,4.0,40.0,,,,,,,,5.0,2.0,0.0,1,2.0,2.0,2.0,,1019.0,2.0,2.0,,,,12772.2559,3190.7234,3,1,1.0,,0,0,50223,1,,,3.0,,,,3209.1289,8390.0,2340.0,2010,,,,,,,87740.0,2012,626,611,0,0,1,0,0,14.0,1.0,,,8.0,43.0,2012,MIS4_to_MIS8,2011-2012,True,False,False,1
967189150399104,3,2.0,1,4,2,8800,88001,1,1,33,17,0,0,3.0,2.0,,0,3,38,1.0,2,40,1,,2,1,2,1,2,57,57,57,1,0,0,1.0,1.0,,40.0,,40.0,,,,,,2.0,2.0,0.0,1,2.0,,1.0,850.0,340.0,2.0,2.0,,,,13596.4342,3452.2055,3,1,0.0,0.0,0,0,53137,2,,,2.0,,,,3417.3057,8370.0,2340.0,-1,,,,,,,88343.0,2011,614,611,0,0,1,0,0,13.0,8.0,43.0,2011,2.0,1,8,2,8800,88001,1,17,0,0,3.0,2.0,,0,3,39,1.0,2,40,1,,1,2,1,2,57,57,57,1,0,0,1.0,1.0,,40.0,,40.0,,,,,,2.0,2.0,0.0,1,2.0,2.0,2.0,,330.0,2.0,2.0,,,,12522.3859,3089.1666,3,1,0.0,,0,0,50223,2,,,2.0,,,,3088.1491,8390.0,2340.0,-1,,,,,,,87741.0,2012,626,611,0,0,1,0,0,13.0,1.0,,,8.0,43.0,2012,MIS4_to_MIS8,2011-2012,True,False,False,1
76951570995498,3,2.0,4,4,2,8800,88001,1,1,33,17,28100,91,,1.0,,2,1,41,,2,44,1,,1,1,1,7,2,57,57,57,1,0,0,2.0,1.0,,40.0,6.0,32.0,,,6.0,,,4.0,3.0,0.0,1,2.0,2.0,2.0,,1923.0,1.0,,,,,13998.0448,3513.8917,0,0,1.0,,0,0,21938,1,,,,,,2.0,3518.2459,7860.0,2310.0,-1,,,,,2.0,,88381.0,2011,614,611,0,0,0,0,0,18.0,8.0,40.0,2011,2.0,4,8,2,8800,88001,1,17,28100,91,,1.0,,2,1,41,,2,44,1,,1,1,7,2,57,57,57,1,0,0,2.0,1.0,,40.0,,40.0,,,,,,2.0,3.0,0.0,1,2.0,2.0,2.0,,1653.0,1.0,,,,,13574.7108,3376.8732,0,0,1.0,,0,0,50193,1,,,,,,2.0,3347.6632,7860.0,2310.0,-1,,,,,2.0,,87778.0,2012,626,611,0,0,0,0,0,18.0,1.0,,,8.0,40.0,2012,MIS4_to_MIS8,2011-2012,True,False,False,1
799210359560951,3,1.0,1,4,2,8800,88001,1,1,33,17,19500,115,,1.0,,2,1,35,2.0,1,44,1,,1,1,1,1,2,57,57,57,1,0,0,1.0,1.0,,38.0,,38.0,,,,,,2.0,2.0,0.0,1,2.0,2.0,2.0,,1153.84,1.0,,,,,13563.4079,3389.6941,3,1,0.0,,0,0,51579,1,,,,,,1.0,3440.6974,9470.0,430.0,-1,2.0,,,,,,88424.0,2011,614,611,0,0,1,0,0,17.0,1.0,51.0,2011,1.0,1,8,2,8800,88001,1,17,19500,115,,1.0,,2,1,36,2.0,1,44,1,,1,1,1,2,57,57,57,1,0,0,1.0,1.0,,38.0,,38.0,,,,,,2.0,2.0,0.0,1,2.0,2.0,2.0,,1361.53,1.0,,,,,12634.39,3175.6121,3,1,0.0,,0,0,58942,1,,,,,,1.0,3180.2983,9470.0,1230.0,-1,2.0,,,,,,87819.0,2012,626,611,0,0,1,0,0,17.0,1.0,,,3.0,51.0,2012,MIS4_to_MIS8,2011-2012,True,False,False,1
799730763250951,3,1.0,1,4,2,8800,88001,1,1,33,17,16580,0,,1.0,,2,1,26,2.0,2,44,8,,1,1,1,1,2,57,57,215,1,0,0,1.0,1.0,,50.0,,50.0,,,,,,2.0,2.0,0.0,1,2.0,2.0,2.0,,500.0,1.0,,,,,14509.2665,3495.2813,0,0,0.0,,0,0,34719,1,,,,,,2.0,3535.2464,7870.0,1610.0,-1,,,,,,,88450.0,2011,614,611,0,0,0,0,0,18.0,5.0,40.0,2011,1.0,1,8,2,8800,88001,1,17,16580,0,,1.0,,2,1,27,2.0,2,46,8,,1,1,1,2,57,57,215,1,0,0,1.0,1.0,,40.0,4.0,32.0,,,4.0,,,4.0,2.0,0.0,1,2.0,2.0,2.0,,1326.92,2.0,2.0,,,,15471.2643,3847.5231,0,0,0.0,,0,0,50050,1,,,,,,,3862.32,7870.0,230.0,-1,,,,,,,87841.0,2012,626,611,0,0,0,0,0,18.0,8.0,,,1.0,40.0,2012,MIS4_to_MIS8,2011-2012,True,False,False,1
799730763250951,3,1.0,1,4,2,8800,88001,1,1,33,17,16580,0,,1.0,,2,3,27,1.0,1,44,1,,2,1,2,1,2,57,57,57,1,0,0,2.0,1.0,,60.0,,60.0,,,,,,2.0,2.0,0.0,1,2.0,2.0,2.0,,458.33,1.0,,,,,15161.8314,3762.6622,0,0,0.0,,0,0,34719,2,,,,,,2.0,3766.3485,7870.0,1920.0,-1,,,,,,,88451.0,2011,614,611,0,0,0,0,0,18.0,5.0,40.0,2011,1.0,1,8,2,8800,88001,1,17,16580,0,,1.0,,2,3,28,1.0,1,44,1,,1,2,1,2,57,57,57,1,0,0,2.0,1.0,,50.0,,50.0,,,,,,2.0,2.0,0.0,1,2.0,2.0,2.0,,458.33,2.0,1.0,,,,12239.442,3098.7348,0,0,0.0,,0,0,50050,2,,,,,,2.0,3098.8086,7870.0,1965.0,-1,,,,,,,87842.0,2012,626,611,0,0,0,0,0,18.0,1.0,,,5.0,40.0,2012,MIS4_to_MIS8,2011-2012,True,False,False,1
799870549650951,3,1.0,1,4,2,8800,88001,1,1,33,17,28100,91,,1.0,,2,3,57,1.0,2,44,1,,2,1,2,1,2,57,57,57,1,0,0,2.0,1.0,,40.0,,40.0,,,,,,2.0,3.0,0.0,1,2.0,2.0,2.0,,1346.15,1.0,,,,,12527.589,3029.7427,0,0,0.0,,0,0,8411,2,,,,,,3.0,3043.4796,7860.0,3230.0,-1,,,,,,,88453.0,2011,614,611,0,0,0,0,0,18.0,10.0,40.0,2011,2.0,1,8,2,8800,88001,1,17,28100,91,,1.0,,2,3,59,1.0,2,44,1,,1,2,1,2,57,57,57,1,0,0,1.0,1.0,,40.0,,44.0,,,,,,2.0,3.0,0.0,1,2.0,2.0,2.0,,1057.0,1.0,,,,,13520.7941,3345.8055,0,0,1.0,,0,0,30997,2,,,,,,3.0,3387.6344,7860.0,3230.0,-1,,,,,,,87844.0,2012,626,611,0,0,0,0,0,18.0,1.0,,,10.0,40.0,2012,MIS4_to_MIS8,2011-2012,True,False,False,1
957629150959103,3,1.0,1,4,2,8800,88001,1,1,33,17,19500,115,,1.0,,2,3,48,1.0,1,44,1,,2,1,2,1,2,57,57,57,1,0,0,2.0,1.0,,50.0,,50.0,,,,,,2.0,3.0,0.0,1,2.0,2.0,2.0,,673.07,2.0,2.0,,,,11515.1431,2901.0412,0,0,0.0,,0,0,45262,2,,,,,,1.0,2917.4175,6770.0,2430.0,-1,,,,,,,88480.0,2011,614,611,0,0,0,0,0,17.0,8.0,31.0,2011,1.0,1,8,2,8800,88001,1,17,19500,115,,1.0,,2,3,49,1.0,1,44,1,,1,2,1,2,57,57,57,1,0,0,2.0,1.0,,40.0,,40.0,,,,,,2.0,3.0,0.0,1,2.0,1.0,1.0,1634.0,653.84,2.0,2.0,,,,13503.4365,3373.3845,0,0,0.0,0.0,0,0,18296,2,,,,,,1.0,3392.8437,6770.0,2430.0,-1,,,,,,,87864.0,2012,626,611,0,0,0,0,0,17.0,1.0,,,8.0,31.0,2012,MIS4_to_MIS8,2011-2012,True,False,False,1
167070760950108,4,2.0,1,4,2,8800,88001,1,1,33,17,16980,0,1.0,1.0,3.0,7,3,53,1.0,1,39,1,,2,1,2,1,2,57,57,57,1,0,0,1.0,1.0,,40.0,,40.0,,,,,,2.0,3.0,0.0,1,1.0,,1.0,2865.0,1296.0,2.0,2.0,,,,11830.7212,2983.9678,0,0,1.0,1.0,0,42,64475,2,1.0,,,,,,3004.7009,770.0,6260.0,-1,,,,,,,124753.0,2011,615,612,0,0,0,0,0,12.0,19.0,4.0,2011,1.0,1,8,2,8800,88001,1,17,16980,0,1.0,1.0,3.0,7,3,53,1.0,1,39,1,,1,2,1,2,57,57,57,1,0,0,2.0,1.0,,40.0,,40.0,,,,,,2.0,3.0,0.0,1,2.0,,1.0,3300.0,1320.0,1.0,,,,,12719.8202,3170.511,0,0,1.0,1.0,0,0,55187,2,1.0,,,,,,3187.5574,770.0,6320.0,-1,,,,,,,123953.0,2012,627,612,0,0,0,0,0,12.0,1.0,,,19.0,4.0,2012,MIS4_to_MIS8,2011-2012,True,False,False,1
606904881797877,4,2.0,1,4,2,8800,88001,1,1,33,17,16980,0,1.0,1.0,2.0,7,1,31,2.0,1,44,1,,1,1,1,1,2,57,57,57,1,0,0,2.0,1.0,,40.0,,40.0,,,,,,2.0,3.0,0.0,1,2.0,2.0,2.0,,961.53,1.0,,,,,13704.2095,3416.3273,1,1,0.0,,0,0,35843,1,,,,,,2.0,3456.7893,7860.0,2320.0,-1,,,,,,,124876.0,2011,615,612,1,0,0,0,1,18.0,8.0,40.0,2011,1.0,1,8,2,8800,88001,1,17,16980,0,1.0,1.0,2.0,7,1,32,2.0,1,44,1,,1,1,1,2,57,57,57,1,0,0,1.0,1.0,,40.0,,40.0,,,,,,2.0,3.0,0.0,1,2.0,2.0,2.0,,1730.76,1.0,,,,,11419.4071,2863.4393,1,1,0.0,,0,0,44830,1,,,,,,2.0,2884.7603,7860.0,2320.0,-1,,,,,,,124073.0,2012,627,612,1,0,0,0,1,18.0,1.0,,,8.0,40.0,2012,MIS4_to_MIS8,2011-2012,True,False,False,1
606904881797877,4,2.0,1,4,2,8800,88001,1,1,33,17,16980,0,1.0,1.0,2.0,7,3,31,1.0,2,44,1,,2,1,2,1,2,57,57,57,1,0,0,1.0,1.0,,40.0,,40.0,,,,,,2.0,3.0,0.0,1,2.0,2.0,2.0,,961.53,1.0,,,,,11918.7326,3063.9439,1,1,0.0,,0,0,35843,2,,,,,,2.0,3049.5818,7860.0,2320.0,-1,,,,,,,124877.0,2011,615,612,1,0,0,0,1,18.0,8.0,40.0,2011,1.0,1,8,2,8800,88001,1,17,16980,0,1.0,1.0,2.0,7,3,32,1.0,2,44,1,,1,2,1,2,57,57,57,1,0,0,2.0,1.0,,40.0,,40.0,,,,,,2.0,3.0,0.0,1,2.0,2.0,2.0,,1096.15,1.0,,,,,12068.6242,2991.5679,1,1,0.0,,0,0,44830,2,,,,,,2.0,3036.7209,7860.0,2320.0,-1,,,,,,,124074.0,2012,627,612,1,0,0,0,1,18.0,1.0,,,8.0,40.0,2012,MIS4_to_MIS8,2011-2012,True,False,False,1
708380644580961,4,1.0,3,4,2,8800,88001,1,1,33,17,16980,0,1.0,1.0,,7,4,45,,2,39,1,,2,1,3,7,2,57,57,57,1,0,0,2.0,1.0,,40.0,,40.0,,,,,,2.0,3.0,0.0,1,2.0,2.0,2.0,,900.0,2.0,2.0,,,,14064.9822,3573.1978,0,0,1.0,,0,0,23388,2,1.0,,,,,,3593.6776,9370.0,5110.0,-1,,,,,,1.0,124905.0,2011,615,612,0,0,0,0,0,12.0,17.0,51.0,2011,1.0,3,8,2,8800,88001,1,17,16980,0,1.0,1.0,,7,4,45,,2,39,1,,1,3,7,2,57,57,57,1,0,0,2.0,1.0,,40.0,,50.0,,,,,,2.0,3.0,0.0,1,2.0,2.0,2.0,,1153.0,2.0,2.0,,,,12943.6524,3237.5723,0,0,1.0,,0,0,34988,2,1.0,,,,,,3276.9985,9370.0,5110.0,-1,,,,,,1.0,124106.0,2012,627,612,0,0,0,0,0,12.0,1.0,,,17.0,51.0,2012,MIS4_to_MIS8,2011-2012,True,False,False,1
860578094716009,4,2.0,1,4,2,8800,88001,1,1,33,17,16980,0,1.0,1.0,1.0,7,3,31,1.0,2,45,1,,2,1,2,1,2,57,57,57,1,0,0,1.0,2.0,8.0,32.0,,,,,,,,10.0,1.0,0.0,1,2.0,2.0,2.0,,1923.07,1.0,,,,,11918.7326,3063.9439,1,2,0.0,,0,0,23404,2,,,,,,,3049.5818,9570.0,2100.0,-1,,,,,,,124953.0,2011,615,612,1,0,0,0,1,18.0,7.0,51.0,2011,2.0,1,8,2,8800,88001,1,17,16980,0,1.0,1.0,1.0,7,3,32,1.0,2,45,1,,1,2,1,2,57,57,57,1,0,0,1.0,1.0,,32.0,,35.0,,,17.0,,,9.0,1.0,0.0,1,2.0,2.0,2.0,,2173.07,1.0,,,,,12068.6242,2991.5679,1,2,0.0,,0,0,44776,2,,,,,,,3036.7209,9570.0,2100.0,-1,,,,,,,124162.0,2012,627,612,1,0,0,0,1,18.0,1.0,,,7.0,51.0,2012,MIS4_to_MIS8,2011-2012,True,False,False,1
910673090916068,4,1.0,4,4,2,8800,88001,1,1,33,17,16980,0,1.0,1.0,1.0,7,1,33,,2,39,2,,1,1,1,7,2,57,57,57,1,0,0,1.0,1.0,,40.0,,40.0,,,,,,2.0,3.0,0.0,1,2.0,,1.0,1800.0,720.0,1.0,,,,,9216.5485,2290.1489,10,3,0.0,0.0,0,0,55797,1,1.0,,,,,,2219.9329,7790.0,9620.0,-1,,,,,,,124972.0,2011,615,612,0,0,1,1,0,12.0,22.0,39.0,2011,1.0,4,8,2,8800,88001,1,17,16980,0,1.0,1.0,1.0,7,1,34,,2,36,2,,1,1,7,2,57,57,57,1,0,0,1.0,1.0,,40.0,,40.0,,,,,,2.0,3.0,0.0,1,2.0,,1.0,3279.0,1311.6,1.0,,,,,10750.8525,2736.7247,3,1,0.0,0.0,0,0,22231,1,,,,,,,2839.314,7790.0,9620.0,-1,,,,,,,124179.0,2012,627,612,0,0,1,0,0,10.0,2.0,,,22.0,39.0,2012,MIS4_to_MIS8,2011-2012,True,False,False,1
31691670950970,4,1.0,1,4,2,8800,88001,1,1,33,17,16980,0,2.0,1.0,,7,3,34,1.0,2,39,1,,2,1,2,1,2,57,57,57,1,0,0,2.0,1.0,,40.0,,40.0,,,,,,2.0,3.0,0.0,1,2.0,2.0,2.0,,333.0,2.0,2.0,,,,11538.4731,2966.1907,0,0,1.0,,0,0,45628,2,1.0,,,,,,2952.2869,7860.0,2310.0,-1,,,,,,,125036.0,2011,615,612,0,0,0,0,0,12.0,8.0,40.0,2011,1.0,1,8,2,8800,88001,1,17,16980,0,2.0,1.0,,7,3,35,1.0,2,39,1,,1,2,1,2,57,57,57,1,0,0,2.0,1.0,,40.0,,40.0,,,,,,2.0,4.0,0.0,1,2.0,2.0,2.0,,576.0,2.0,2.0,,,,11424.6229,2860.3553,0,0,1.0,,0,0,44769,2,1.0,,,,,,2868.5983,8470.0,4600.0,-1,,,,,,,124237.0,2012,627,612,0,0,0,0,0,12.0,1.0,,,15.0,43.0,2012,MIS4_to_MIS8,2011-2012,False,True,True,1
34371670982774,4,1.0,1,4,2,8800,88001,1,1,33,17,16980,0,2.0,1.0,,7,1,34,2.0,2,42,1,,1,1,1,1,2,57,57,57,1,0,0,1.0,1.0,,40.0,,40.0,,,,,,2.0,3.0,0.0,1,2.0,2.0,2.0,,1057.69,2.0,2.0,,,,11538.4731,2966.1907,8,3,0.0,,0,0,35775,1,,,2.0,,,,2952.2869,9470.0,5520.0,-1,,,,,,,125041.0,2011,615,612,0,1,1,0,1,13.0,17.0,51.0,2011,1.0,1,8,2,8800,88001,1,17,16980,0,2.0,1.0,,7,1,35,2.0,2,42,1,,1,1,1,2,57,57,57,1,0,0,1.0,1.0,,40.0,,48.0,,,,,,2.0,3.0,0.0,1,2.0,2.0,2.0,,1153.84,2.0,2.0,,,,11424.6229,2860.3553,8,3,0.0,,0,0,51814,1,,,3.0,,,,2868.5983,9470.0,5520.0,-1,,,,,,,124243.0,2012,627,612,0,1,1,0,1,14.0,1.0,,,17.0,51.0,2012,MIS4_to_MIS8,2011-2012,True,False,False,1
100874094016709,4,1.0,7,4,2,8800,88001,1,1,33,17,41180,163,2.0,1.0,,6,2,42,,2,40,1,,1,0,0,5,2,57,57,57,1,0,0,1.0,1.0,,40.0,,38.0,,,,,,2.0,1.0,0.0,1,2.0,1.0,1.0,3200.0,1900.0,2.0,2.0,,,,11075.9178,2745.8695,0,0,0.0,0.0,0,0,5306,1,,,2.0,,,,2762.5868,9470.0,5220.0,-1,,,,,,,125107.0,2011,615,612,0,0,0,0,0,13.0,17.0,51.0,2011,1.0,7,8,2,8800,88001,1,17,41180,163,2.0,1.0,,6,2,43,,2,40,1,,0,0,5,2,57,57,57,1,0,0,1.0,1.0,,40.0,,40.0,,,,,,2.0,1.0,0.0,1,2.0,2.0,2.0,,1384.61,2.0,2.0,,,,10661.9916,2691.3668,0,0,0.0,,0,0,51891,1,,,2.0,,,,2677.1099,9470.0,2160.0,-1,,,,,,,124305.0,2012,627,612,0,0,0,0,0,13.0,1.0,,,7.0,51.0,2012,MIS4_to_MIS8,2011-2012,True,False,False,1
192986401075789,4,1.0,4,4,2,8800,88001,1,1,33,17,16980,0,2.0,1.0,,7,1,38,,2,39,1,,1,1,1,5,2,57,57,57,1,0,0,1.0,1.0,,40.0,,40.0,,,,,,2.0,1.0,0.0,1,2.0,2.0,2.0,,900.0,2.0,2.0,,,,11444.31,2856.456,10,2,1.0,,0,42,9373,1,1.0,,,,,,2854.4722,6370.0,5560.0,-1,1.0,,,,,,125148.0,2011,615,612,0,0,1,1,0,12.0,17.0,23.0,2011,1.0,4,8,2,8800,88001,1,17,16980,0,2.0,1.0,,7,1,39,,2,41,1,,1,1,5,2,57,57,57,1,0,0,1.0,1.0,,40.0,,40.0,,,,,,2.0,1.0,0.0,1,2.0,1.0,1.0,2000.0,900.0,1.0,,,,,11424.6229,2860.3553,10,2,0.0,0.0,0,0,65687,1,,,3.0,,,,2868.5983,6370.0,5560.0,-1,1.0,,,,,,124333.0,2012,627,612,0,0,1,1,0,14.0,1.0,,,17.0,23.0,2012,MIS4_to_MIS8,2011-2012,True,False,False,1
197736805088787,4,1.0,4,4,2,8800,88001,1,1,33,17,16980,0,2.0,1.0,,7,1,55,,2,46,2,,1,1,1,6,2,57,57,57,1,0,0,1.0,4.0,,,,,,,,3.0,2.0,11.0,1.0,0.0,2,,,,,,,,,,,6977.8515,2811.978,1,2,,,0,0,52525,1,,,,,,,2765.5406,9480.0,430.0,-1,,,,,,,125170.0,2011,615,612,1,0,0,0,1,18.0,1.0,51.0,2011,1.0,4,8,2,8800,88001,1,17,16980,0,2.0,1.0,,7,1,55,,2,46,2,,1,1,6,2,57,57,57,1,0,0,1.0,7.0,,,,,,2.0,,,,1.0,,,2,,,,,,,,,,,11162.2868,2823.1794,5,2,,,0,0,8807,1,,,,,,,2789.6699,,,-1,,,,,,,124353.0,2012,627,612,1,1,0,0,1,18.0,2.0,,,,,2012,MIS4_to_MIS8,2011-2012,False,True,True,1
271601086909190,4,1.0,1,4,2,8800,88001,1,1,33,17,16980,0,2.0,1.0,,7,1,68,2.0,2,43,1,,1,1,1,1,2,57,57,57,1,0,0,1.0,1.0,,20.0,,20.0,,,23.0,,,7.0,3.0,0.0,1,2.0,2.0,2.0,,200.0,2.0,1.0,,,,12872.819,3193.1249,0,0,0.0,,0,0,5281,1,,,,2.0,,,3158.4082,7860.0,2310.0,-1,,,,,,,125227.0,2011,615,612,0,0,0,0,0,16.0,8.0,40.0,2011,1.0,1,8,2,8800,88001,1,17,16980,0,2.0,1.0,,7,1,70,2.0,2,43,1,,1,1,1,2,57,57,57,1,0,0,1.0,5.0,,,,,,,,,,1.0,3.0,0.0,2,,,,,,,,,,,11807.0898,3025.8653,0,0,,,0,0,5048,1,,,,1.0,1.0,,3004.6643,7860.0,2330.0,-1,,,,,,,124421.0,2012,627,612,0,0,0,0,0,18.0,1.0,,,8.0,40.0,2012,MIS4_to_MIS8,2011-2012,True,False,False,1
271601086909190,4,1.0,1,4,2,8800,88001,1,1,33,17,16980,0,2.0,1.0,,7,3,69,1.0,1,42,1,,2,1,2,1,2,57,57,57,1,0,0,2.0,1.0,,20.0,,20.0,,,23.0,,,7.0,3.0,0.0,1,2.0,,1.0,2500.0,475.0,1.0,,,,,11209.3059,2923.4732,0,0,0.0,0.0,0,0,5281,2,,,3.0,,,,2795.5703,7860.0,9120.0,-1,4.0,,,,,,125228.0,2011,615,612,0,0,0,0,0,14.0,22.0,40.0,2011,1.0,1,8,2,8800,88001,1,17,16980,0,2.0,1.0,,7,3,70,1.0,1,42,1,,1,2,1,2,57,57,57,1,0,0,2.0,1.0,,20.0,,20.0,,,21.0,,,7.0,3.0,0.0,1,2.0,1.0,1.0,400.0,250.0,1.0,,,,,10930.709,2957.7066,0,0,0.0,1.0,0,0,5048,2,,,3.0,,,,2878.2937,7860.0,9120.0,-1,4.0,,,,,,124422.0,2012,627,612,0,0,0,0,0,14.0,1.0,,,22.0,40.0,2012,MIS4_to_MIS8,2011-2012,True,False,False,1
320179093116838,4,1.0,7,4,2,8800,88001,1,1,33,17,16980,0,2.0,1.0,,7,2,40,,2,40,1,,1,0,0,7,2,57,57,57,1,0,0,1.0,1.0,,40.0,,40.0,,,,,,2.0,3.0,0.0,1,2.0,,1.0,1600.0,640.0,1.0,,,,,10996.2644,2726.1224,0,0,1.0,1.0,0,0,23391,1,,,3.0,,,,2742.7194,9470.0,3850.0,-1,2.0,,,,,,125236.0,2011,615,612,0,0,0,0,0,14.0,12.0,51.0,2011,1.0,7,8,2,8800,88001,1,17,16980,0,2.0,1.0,,7,2,41,,2,43,1,,0,0,7,2,57,57,57,1,0,0,1.0,1.0,,40.0,,40.0,,,,,,2.0,3.0,0.0,1,2.0,2.0,2.0,,1038.0,1.0,,,,,10642.7587,2686.5119,0,0,1.0,,0,0,22225,1,,,,2.0,,,2672.2807,9470.0,3850.0,-1,2.0,,,,,,124433.0,2012,627,612,0,0,0,0,0,16.0,1.0,,,12.0,51.0,2012,MIS4_to_MIS8,2011-2012,True,False,False,1
460198688700470,4,2.0,1,4,2,8800,88001,1,1,33,17,16980,0,2.0,1.0,,7,3,43,1.0,2,41,1,,2,1,2,1,2,119,119,119,4,0,14,1.0,1.0,,38.0,,38.0,,,,,,2.0,2.0,0.0,1,2.0,2.0,2.0,,1300.0,2.0,2.0,,,,10996.2644,2726.1224,3,3,0.0,,0,0,23393,2,,,3.0,,,,2742.7194,9490.0,565.0,-1,,,,,,,125282.0,2011,615,612,0,0,1,0,0,14.0,2.0,51.0,2011,2.0,1,8,2,8800,88001,1,17,16980,0,2.0,1.0,,7,3,43,1.0,2,41,1,,1,2,1,2,119,119,119,4,0,14,1.0,1.0,,38.0,,38.0,,,,,,2.0,4.0,0.0,1,2.0,2.0,2.0,,1346.15,2.0,2.0,,,,10642.7587,2686.5119,3,3,0.0,,0,0,22230,2,,,3.0,,,,2672.2807,7070.0,950.0,-1,,,,,,,124483.0,2012,627,612,0,0,1,0,0,14.0,1.0,,,2.0,34.0,2012,MIS4_to_MIS8,2011-2012,False,True,True,1
506908811997427,4,1.0,1,4,2,8800,88001,1,1,33,17,16980,0,2.0,1.0,,7,1,55,2.0,2,39,1,,1,1,1,1,2,57,57,57,1,0,0,1.0,1.0,,40.0,,42.0,,,,,,2.0,3.0,0.0,1,2.0,,1.0,1925.0,770.0,2.0,2.0,,,,13538.0891,3305.8327,0,0,0.0,0.0,0,0,9375,1,1.0,,,,,,3304.3674,670.0,5110.0,5110,,,,,,,125299.0,2011,615,612,0,0,0,0,0,12.0,17.0,24.0,2011,1.0,1,8,2,8800,88001,1,17,16980,0,2.0,1.0,,7,1,56,2.0,2,39,1,,1,1,1,2,57,57,57,1,0,0,1.0,1.0,,40.0,,42.0,,,,,,2.0,3.0,0.0,1,2.0,,1.0,1975.0,790.0,2.0,2.0,,,,11550.465,2922.5642,0,0,0.0,0.0,0,0,22326,1,1.0,,,,,,2955.7923,9370.0,5860.0,5110,,,,,,,124493.0,2012,627,612,0,0,0,0,0,12.0,1.0,,,17.0,51.0,2012,MIS4_to_MIS8,2011-2012,True,False,False,1
710280758500061,4,1.0,1,4,0,8800,88002,2,2,33,17,16980,0,2.0,1.0,,7,3,44,1.0,1,46,4,,2,1,2,1,2,207,207,207,5,0,14,2.0,1.0,,40.0,,40.0,,,,,,2.0,2.0,0.0,1,2.0,2.0,2.0,,1846.0,2.0,2.0,,,,11951.2501,2889.2446,3,2,1.0,,0,0,9409,2,,,,,,,2932.8149,7870.0,2200.0,-1,,,,,,,125379.0,2011,615,612,0,0,1,0,0,18.0,8.0,40.0,2011,1.0,1,8,2,8800,88002,2,17,16980,0,2.0,1.0,,7,3,45,1.0,1,46,4,,1,2,1,2,207,207,207,5,0,14,2.0,1.0,,40.0,,40.0,,,,,,2.0,3.0,0.0,1,2.0,2.0,2.0,,2307.69,2.0,2.0,,,,8659.87,2161.5063,10,2,0.0,,0,0,8948,2,,,,,,,2170.1433,7870.0,2200.0,-1,,,,,,,124572.0,2012,627,612,0,0,1,1,0,18.0,4.0,,,8.0,40.0,2012,MIS4_to_MIS8,2011-2012,True,False,True,1
936027832169940,4,1.0,1,4,2,8800,88001,1,1,33,17,16980,0,2.0,1.0,,7,1,49,2.0,1,39,1,4.0,1,1,1,1,2,312,312,312,5,0,6,1.0,1.0,,40.0,,40.0,,,,,,2.0,3.0,0.0,1,2.0,,1.0,1590.0,636.0,1.0,,,,,11262.9542,2824.2094,2,1,0.0,0.0,0,0,59248,1,1.0,,,,,,2860.5026,7860.0,4220.0,-1,,,,,,,125534.0,2011,615,612,0,1,0,0,1,12.0,14.0,40.0,2011,1.0,1,8,2,8800,88001,1,17,16980,0,2.0,1.0,,7,1,50,2.0,1,39,1,4.0,1,1,1,2,312,312,312,5,0,6,1.0,1.0,,35.0,,55.0,,,,,,2.0,3.0,0.0,1,2.0,,1.0,1500.0,525.0,2.0,2.0,,,,12384.0794,3072.8374,2,1,1.0,1.0,0,42,44864,1,1.0,,,,,,3103.4215,7860.0,4220.0,4220,,,,,,,124724.0,2012,627,612,0,1,0,0,1,12.0,1.0,,,14.0,40.0,2012,MIS4_to_MIS8,2011-2012,True,False,False,1
192906202077779,4,1.0,1,4,2,8800,88001,1,1,33,17,0,0,3.0,2.0,,0,3,25,1.0,2,40,2,,2,1,2,1,2,57,57,57,1,0,0,2.0,3.0,,,,,1.0,,,1.0,1.0,12.0,2.0,0.0,2,,,,,,,,,,,11229.8465,2960.6733,11,4,,,0,0,45765,2,,,2.0,,,,2724.572,8570.0,4060.0,-1,,,,,,,125608.0,2011,615,612,1,1,1,0,1,13.0,13.0,44.0,2011,1.0,1,8,2,8800,88001,1,17,0,0,3.0,2.0,,0,3,26,1.0,2,40,2,,1,2,1,2,57,57,57,1,0,0,2.0,1.0,,28.0,,28.0,,,18.0,,,7.0,3.0,0.0,1,2.0,,1.0,1015.0,284.2,2.0,2.0,,,,10768.5636,2863.1288,8,4,0.0,0.0,0,0,51904,2,,,1.0,,,,2843.9916,8570.0,4720.0,-1,,,,,,,124791.0,2012,627,612,0,1,1,0,1,12.0,2.0,,,16.0,44.0,2012,MIS4_to_MIS8,2011-2012,True,False,True,1
193956200051759,4,1.0,7,4,2,8800,88001,1,1,33,17,0,0,3.0,2.0,,0,2,46,,2,40,1,,1,0,0,5,2,57,57,57,1,0,0,1.0,1.0,,40.0,,40.0,,,,,,2.0,2.0,0.0,1,2.0,,1.0,1300.0,520.0,1.0,,,,,14006.1256,3558.2453,0,0,1.0,1.0,0,42,35857,1,,,3.0,,,,3578.6395,9370.0,10.0,-1,3.0,,,,,,125617.0,2011,615,612,0,0,0,0,0,14.0,1.0,51.0,2011,2.0,1,8,2,8800,88001,1,17,0,0,3.0,2.0,,0,1,47,2.0,2,40,1,,1,1,1,2,57,57,57,1,0,0,2.0,1.0,,40.0,,40.0,,,,,,2.0,2.0,0.0,1,2.0,,1.0,1700.0,680.0,1.0,,,,,12559.1414,3141.3952,0,0,1.0,1.0,0,42,51852,1,,,3.0,,,,3179.6502,9570.0,565.0,-1,3.0,,,,,,124800.0,2012,627,612,0,0,0,0,0,14.0,1.0,,,2.0,51.0,2012,MIS4_to_MIS8,2011-2012,True,False,False,1
806608981992957,4,2.0,1,4,2,8800,88001,1,1,33,17,0,0,3.0,2.0,,0,1,52,2.0,1,40,1,,1,1,1,1,2,57,57,57,1,0,0,2.0,1.0,,40.0,,40.0,,,,,,2.0,2.0,0.0,1,2.0,,1.0,900.0,360.0,1.0,,,,,11781.2141,2971.481,0,0,1.0,1.0,0,42,45686,1,,,3.0,,,,2992.1273,9470.0,3710.0,-1,3.0,,,,,,125671.0,2011,615,612,0,0,0,0,0,14.0,12.0,51.0,2011,2.0,1,8,2,8800,88001,1,17,0,0,3.0,2.0,,0,1,53,2.0,1,40,1,,1,1,1,2,57,57,57,1,0,0,2.0,1.0,,40.0,,40.0,,,,,,2.0,2.0,0.0,1,2.0,2.0,2.0,,1096.0,1.0,,,,,12341.9584,3076.3261,0,0,1.0,,0,42,22332,1,,,3.0,,,,3092.8661,9470.0,3800.0,-1,3.0,,,,,,124869.0,2012,627,612,0,0,0,0,0,14.0,1.0,,,12.0,51.0,2012,MIS4_to_MIS8,2011-2012,True,False,False,1
806902501996027,4,1.0,1,4,2,8800,88001,1,1,33,17,0,0,3.0,2.0,,0,3,41,1.0,2,44,1,,2,1,2,1,2,57,57,57,1,0,0,2.0,1.0,,40.0,,46.0,,,,,,2.0,3.0,0.0,1,2.0,2.0,2.0,,807.69,1.0,,,,,11311.1233,2804.1801,3,2,0.0,,0,0,59259,2,,,,,,3.0,2821.2524,7860.0,2320.0,2750,,,,,,,125674.0,2011,615,612,0,0,1,0,0,18.0,8.0,40.0,2011,2.0,1,8,2,8800,88001,1,17,0,0,3.0,2.0,,0,3,42,1.0,2,44,1,,1,2,1,2,57,57,57,1,0,0,1.0,1.0,,45.0,,99.0,,,,,,2.0,5.0,0.0,1,2.0,1.0,1.0,1700.0,865.38,1.0,,,,,10735.4394,2709.9069,3,2,0.0,0.0,0,0,44905,2,,,,,,3.0,2695.5518,7860.0,2310.0,2750,,,,,,,124872.0,2012,627,612,0,0,1,0,0,18.0,1.0,,,8.0,40.0,2012,MIS4_to_MIS8,2011-2012,False,True,True,1
863197919700913,4,1.0,1,4,2,8800,88001,1,1,33,17,0,0,3.0,2.0,,0,1,73,2.0,2,39,1,,1,1,1,1,2,57,57,57,1,0,0,1.0,1.0,,38.0,,38.0,,,,,,2.0,3.0,0.0,1,2.0,1.0,1.0,1800.0,700.0,1.0,,,,,12565.2313,3116.8273,0,0,1.0,1.0,0,0,35826,1,1.0,,,,,,3082.9401,7860.0,5700.0,-1,,,,,,,125683.0,2011,615,612,0,0,0,0,0,12.0,17.0,40.0,2011,1.0,1,8,2,8800,88001,1,17,0,0,3.0,2.0,,0,1,73,2.0,2,39,1,,1,1,1,2,57,57,57,1,0,0,1.0,1.0,,38.0,,38.0,,,,,,2.0,3.0,0.0,1,2.0,1.0,1.0,1100.0,320.0,1.0,,,,,12692.3313,3066.4823,0,0,1.0,1.0,0,0,22288,1,1.0,,,,,,3060.1016,7860.0,5700.0,-1,,,,,,,124880.0,2012,627,612,0,0,0,0,0,12.0,1.0,,,17.0,40.0,2012,MIS4_to_MIS8,2011-2012,True,False,False,1
193917609033771,5,2.0,1,4,2,8800,88001,1,1,33,17,16980,0,1.0,1.0,1.0,7,1,47,2.0,1,39,1,,1,1,1,1,2,57,57,57,1,0,0,2.0,1.0,,40.0,,43.0,,,,,,2.0,1.0,0.0,1,2.0,2.0,2.0,,392.0,1.0,,,,,13101.9641,3271.8886,4,1,1.0,,0,0,44460,1,1.0,,,,,,3255.575,9470.0,3800.0,-1,,,,,,,162475.0,2011,616,613,0,0,0,1,0,12.0,12.0,51.0,2011,2.0,1,8,2,8800,88001,1,17,16980,0,1.0,1.0,1.0,7,1,48,2.0,1,39,1,,1,1,1,2,57,57,57,1,0,0,2.0,1.0,,40.0,,44.0,,,,,,2.0,3.0,0.0,1,2.0,2.0,2.0,,1250.0,2.0,2.0,,,,12393.6497,3092.4425,0,0,0.0,,0,0,50848,1,1.0,,,,,,3106.9519,9470.0,,5240,,,,,,,161284.0,2012,628,613,0,0,0,0,0,12.0,,1.0,3850.0,12.0,51.0,2012,MIS4_to_MIS8,2011-2012,True,False,True,1
193977404073728,5,1.0,1,4,2,8800,88001,1,1,33,17,16980,0,1.0,1.0,1.0,7,1,55,2.0,1,43,1,,1,1,1,1,2,57,57,57,1,0,0,1.0,1.0,,40.0,,40.0,,,,,,2.0,2.0,0.0,1,2.0,2.0,2.0,,1923.0,1.0,,,,,11838.5793,3150.4953,0,0,1.0,,0,0,22098,1,,,,2.0,,,3133.7945,9480.0,2010.0,-1,,,,,,,162479.0,2011,616,613,0,0,0,0,0,16.0,6.0,51.0,2011,1.0,1,8,2,8800,88001,1,17,16980,0,1.0,1.0,1.0,7,1,57,2.0,1,43,1,,1,1,1,2,57,57,57,1,0,0,1.0,1.0,,40.0,,40.0,,,,,,2.0,2.0,0.0,1,2.0,2.0,2.0,,1317.3,2.0,2.0,,,,12894.6791,3257.291,0,0,0.0,,0,0,32170,1,,,,2.0,,,3275.2484,9370.0,,-1,,,,,,,161287.0,2012,628,613,0,0,0,0,0,16.0,,1.0,430.0,1.0,51.0,2012,MIS4_to_MIS8,2011-2012,True,False,False,1
350777098817889,5,1.0,1,4,2,8800,88001,1,1,33,17,16980,0,1.0,1.0,1.0,7,3,71,1.0,1,40,1,,2,1,2,1,2,57,57,57,1,0,0,2.0,1.0,,20.0,,20.0,,,21.0,,,7.0,3.0,0.0,1,2.0,,1.0,810.0,162.0,2.0,2.0,,,,11751.3467,3203.7229,0,0,1.0,1.0,0,42,8747,2,,,3.0,,,,3030.6675,7860.0,3930.0,-1,5.0,,,,,,162566.0,2011,616,613,0,0,0,0,0,14.0,12.0,40.0,2011,1.0,1,8,2,8800,88001,1,17,16980,0,1.0,1.0,1.0,7,3,72,1.0,1,42,1,,1,2,1,2,57,57,57,1,0,0,2.0,1.0,,20.0,,20.0,,,21.0,,,7.0,3.0,0.0,1,1.0,,1.0,900.0,380.0,2.0,2.0,,,,11434.8872,3049.5086,0,0,1.0,1.0,0,42,18384,2,,,1.0,,,,2939.8567,7860.0,,-1,5.0,,,,,,161363.0,2012,628,613,0,0,0,0,0,12.0,,1.0,3930.0,12.0,40.0,2012,MIS4_to_MIS8,2011-2012,True,False,False,1
530473095417439,5,1.0,6,4,2,8800,88001,1,1,33,17,16980,0,1.0,1.0,1.0,7,2,37,,1,42,1,2.0,1,0,0,7,2,57,73,73,1,0,0,1.0,1.0,,48.0,,48.0,,,,,,2.0,3.0,0.0,1,2.0,2.0,2.0,,1288.46,1.0,,,,,17693.0252,4543.6889,0,0,0.0,,0,0,54934,1,,,3.0,,,,4499.9512,9470.0,3740.0,-1,,,,,,,162589.0,2011,616,613,0,0,0,0,0,14.0,12.0,51.0,2011,1.0,6,8,2,8800,88001,1,17,16980,0,1.0,1.0,1.0,7,2,38,,1,42,1,2.0,0,0,7,2,57,73,73,1,0,0,1.0,1.0,,40.0,,40.0,,,,,,2.0,3.0,0.0,1,2.0,2.0,2.0,,1450.0,1.0,,,,,15518.0307,4004.7322,0,0,0.0,,0,0,66296,1,,,3.0,,,,3960.4554,9470.0,,-1,,,,,,,161381.0,2012,628,613,0,0,0,0,0,14.0,,1.0,3740.0,12.0,51.0,2012,MIS4_to_MIS8,2011-2012,True,False,False,1
107007603014701,5,2.0,2,4,2,8800,88001,1,1,33,17,16980,0,2.0,1.0,,7,3,29,1.0,2,43,1,,2,1,2,2,2,57,57,57,1,0,0,1.0,1.0,,50.0,,50.0,,,,,,2.0,1.0,0.0,1,2.0,1.0,1.0,1700.0,1403.84,2.0,2.0,,,,15075.7418,3823.2806,5,3,0.0,1.0,0,0,5068,2,,,,2.0,,,3830.9869,9480.0,3300.0,-1,,,,,,,162808.0,2011,616,613,1,1,0,0,1,16.0,10.0,51.0,2011,2.0,2,8,2,8800,88001,1,17,16980,0,2.0,1.0,,7,3,30,1.0,2,43,1,,1,2,2,2,57,57,57,1,0,0,1.0,2.0,4.0,45.0,,,,,,,,5.0,1.0,0.0,1,2.0,1.0,1.0,3200.0,1538.46,2.0,2.0,,,,11127.8039,2727.2639,5,3,0.0,1.0,0,0,14552,2,,,,2.0,,,2750.7037,8180.0,,-1,,,,,,,161651.0,2012,628,613,1,1,0,0,1,16.0,,1.0,3300.0,10.0,42.0,2012,MIS4_to_MIS8,2011-2012,True,False,False,1
192927902008738,5,1.0,1,4,2,8800,88001,1,1,33,17,16980,0,2.0,1.0,,7,1,56,2.0,1,40,1,,1,1,1,1,2,57,57,57,1,0,0,1.0,2.0,5.0,45.0,,,,,,,,5.0,1.0,0.0,1,1.0,2.0,2.0,,730.0,1.0,,,,,11126.7691,2961.0676,0,0,1.0,,0,0,22154,1,,,2.0,,,,2945.3709,6370.0,5550.0,-1,,,,,,,162831.0,2011,616,613,0,0,0,0,0,13.0,17.0,23.0,2011,1.0,1,8,2,8800,88001,1,17,16980,0,2.0,1.0,,7,1,57,2.0,1,40,1,,1,1,1,2,57,57,57,1,0,0,1.0,4.0,,,,,,,,35.0,5.0,11.0,1.0,0.0,2,,,,,,,,,,,14278.8177,3114.9296,0,0,,,0,0,54566,1,,,3.0,,,,3134.0482,6370.0,,-1,,,,,,,161682.0,2012,628,613,0,0,0,0,0,14.0,,1.0,5550.0,17.0,23.0,2012,MIS4_to_MIS8,2011-2012,True,False,False,1
196997003031758,5,1.0,1,4,2,8800,88001,1,1,33,17,16980,0,2.0,1.0,,7,1,35,2.0,1,42,1,,1,1,1,1,2,57,57,57,1,0,0,1.0,1.0,,-4.0,,96.0,,,,,,2.0,3.0,0.0,1,1.0,2.0,1.0,2500.0,580.0,1.0,,,,,13921.4221,3540.9846,3,1,1.0,0.0,0,0,34748,1,,,3.0,,,,3540.7015,9470.0,3740.0,3740,,,,,,,162878.0,2011,616,613,0,0,1,0,0,14.0,12.0,51.0,2011,1.0,1,8,2,8800,88001,1,17,16980,0,2.0,1.0,,7,1,36,2.0,1,42,1,,1,1,1,2,57,57,57,1,0,0,1.0,1.0,,72.0,,96.0,,,,,,2.0,3.0,0.0,1,2.0,,1.0,2750.0,1980.0,1.0,,,,,11289.244,2873.9229,3,1,0.0,0.0,0,0,58655,1,,,3.0,,,,2881.1998,9470.0,,3400,,,,,,,161711.0,2012,628,613,0,0,1,0,0,14.0,,1.0,3400.0,10.0,51.0,2012,MIS4_to_MIS8,2011-2012,True,False,False,1
197937804071798,5,2.0,1,4,2,8800,88001,1,1,33,17,41180,163,2.0,1.0,,6,1,47,2.0,1,40,1,,1,1,1,1,2,57,57,57,1,0,0,2.0,1.0,,40.0,,40.0,,,,,,2.0,1.0,0.0,1,2.0,,1.0,2000.0,800.0,1.0,,,,,12130.3258,3029.2462,0,0,1.0,1.0,0,42,51760,1,,,3.0,,,,3014.1424,9570.0,9620.0,-1,1.0,2.0,,,,,162886.0,2011,616,613,0,0,0,0,0,14.0,22.0,51.0,2011,2.0,1,8,2,8800,88001,1,17,41180,163,2.0,1.0,,6,1,48,2.0,1,40,1,,1,1,1,2,57,57,57,1,0,0,2.0,1.0,,40.0,,40.0,,,,,,2.0,1.0,0.0,1,2.0,2.0,2.0,,1346.15,1.0,,,,,12251.0449,3056.86,0,0,0.0,,0,0,43033,1,,,2.0,,,,3071.2024,2670.0,,-1,1.0,2.0,,,,,161729.0,2012,628,613,0,0,0,0,0,13.0,,1.0,6220.0,19.0,6.0,2012,MIS4_to_MIS8,2011-2012,True,False,False,1
207901611891237,5,1.0,1,4,2,8800,88001,1,1,33,17,37900,0,2.0,1.0,,3,1,73,2.0,2,37,1,,1,1,1,1,2,57,57,57,1,0,0,1.0,1.0,,40.0,,40.0,,,,,,2.0,1.0,0.0,1,2.0,2.0,2.0,,673.0,2.0,2.0,,,,12178.4628,2901.5684,0,0,1.0,,0,0,67891,1,,,,,,,2861.3176,9370.0,1830.0,-1,,,,,,,162896.0,2011,616,613,0,0,0,0,0,11.0,5.0,51.0,2011,1.0,1,8,2,8800,88001,1,17,37900,0,2.0,1.0,,3,1,74,2.0,2,38,1,,1,1,1,2,57,57,57,1,0,0,1.0,1.0,,40.0,,40.0,,,,,,2.0,3.0,0.0,1,2.0,2.0,2.0,,410.0,2.0,2.0,,,,9567.5493,2471.2104,0,0,1.0,,0,0,67946,1,,,,,,,2389.326,9470.0,,-1,,,,,,,161738.0,2012,628,613,0,0,0,0,0,12.0,,1.0,3955.0,12.0,51.0,2012,MIS4_to_MIS8,2011-2012,True,False,True,1
571074037001302,5,1.0,1,4,2,8800,88001,1,1,33,17,40420,0,2.0,1.0,,3,1,40,2.0,1,42,1,,1,1,1,1,2,57,57,57,1,0,0,1.0,1.0,,40.0,,40.0,,,,,,2.0,2.0,0.0,1,2.0,1.0,1.0,1250.0,711.53,1.0,,,,,13220.5521,3346.0893,0,0,0.0,1.0,0,0,54890,1,,,5.0,,,,3362.4459,7860.0,7010.0,-1,,,,,,,163001.0,2011,616,613,0,0,0,0,0,16.0,20.0,40.0,2011,1.0,1,8,2,8800,88001,1,17,40420,0,2.0,1.0,,3,1,41,2.0,1,41,1,,1,1,1,2,57,57,57,1,0,0,1.0,1.0,,40.0,,40.0,,,,,,2.0,3.0,0.0,1,2.0,2.0,2.0,,769.23,2.0,2.0,,,,12238.6634,3128.3147,1,1,0.0,,0,0,50789,1,,,5.0,,,,3123.5072,7860.0,,-1,,,,,,,161883.0,2012,628,613,1,0,0,0,1,16.0,,1.0,1107.0,3.0,40.0,2012,MIS4_to_MIS8,2011-2012,True,False,True,1
571074037001302,5,1.0,1,4,2,8800,88001,1,1,33,17,40420,0,2.0,1.0,,3,3,48,1.0,2,44,1,,2,1,2,1,2,57,57,57,1,0,0,2.0,1.0,,55.0,,55.0,,,,,,2.0,2.0,0.0,1,2.0,2.0,2.0,,923.0,1.0,,,,,12805.4318,3123.1024,0,0,1.0,,0,42,54890,2,,,,,,2.0,3142.5352,7860.0,2310.0,-1,,,,,,,163002.0,2011,616,613,0,0,0,0,0,18.0,8.0,40.0,2011,1.0,1,8,2,8800,88001,1,17,40420,0,2.0,1.0,,3,3,48,1.0,2,44,1,,1,2,1,2,57,57,57,1,0,0,2.0,1.0,,45.0,,45.0,,,,,,2.0,3.0,0.0,1,2.0,2.0,2.0,,1519.23,1.0,,,,,10266.841,2548.7206,1,1,0.0,,0,0,50789,2,,,,,,2.0,2563.8676,7860.0,,-1,,,,,,,161884.0,2012,628,613,1,0,0,0,1,18.0,,1.0,2310.0,8.0,40.0,2012,MIS4_to_MIS8,2011-2012,True,False,True,1
673191938700037,5,1.0,1,4,2,8800,88001,1,1,33,17,16980,0,2.0,1.0,,7,4,23,,1,40,1,,3,1,3,7,2,57,57,57,1,0,0,2.0,1.0,,30.0,,24.0,,,22.0,,,7.0,3.0,0.0,1,2.0,,1.0,850.0,255.0,2.0,2.0,1.0,1.0,2.0,16868.784,4427.8509,0,0,0.0,0.0,0,0,8738,3,,,4.0,,,,4382.5006,9390.0,150.0,-1,,,,,1.0,1.0,163027.0,2011,616,613,0,0,0,0,0,15.0,1.0,51.0,2011,1.0,1,8,2,8800,88001,1,17,16980,0,2.0,1.0,,7,4,24,,1,43,1,,1,3,7,2,57,57,57,1,0,0,2.0,1.0,,40.0,,40.0,,,,,,2.0,4.0,0.0,1,2.0,,1.0,1200.0,480.0,2.0,2.0,2.0,,,13334.8264,3284.1687,0,0,1.0,1.0,0,42,18366,3,,,,2.0,,,3332.8417,7190.0,,-1,,,,,1.0,1.0,161913.0,2012,628,613,0,0,0,0,0,16.0,,1.0,4965.0,16.0,35.0,2012,MIS4_to_MIS8,2011-2012,False,True,True,1
710700015007511,5,1.0,6,4,2,8800,88001,1,1,33,17,16980,0,2.0,1.0,,7,2,48,,1,42,1,,1,0,0,5,2,57,57,57,1,0,0,1.0,1.0,,40.0,,40.0,,,,,,2.0,1.0,0.0,1,2.0,2.0,2.0,,1153.0,2.0,2.0,,,,12314.1911,3075.162,0,0,1.0,,0,42,34755,1,,,3.0,,,,3059.8293,9570.0,1540.0,-1,,,,,,,163034.0,2011,616,613,0,0,0,0,0,14.0,4.0,51.0,2011,1.0,6,8,2,8800,88001,1,17,16980,0,2.0,1.0,,7,2,48,,1,42,1,,0,0,5,2,57,57,57,1,0,0,1.0,1.0,,40.0,,40.0,,,,,,2.0,1.0,0.0,1,2.0,2.0,2.0,,2115.0,2.0,2.0,,,,11851.9796,2957.2859,0,0,1.0,,0,42,63075,1,,,3.0,,,,2971.1611,9570.0,,-1,,,,,,,161927.0,2012,628,613,0,0,0,0,0,14.0,,1.0,1530.0,4.0,51.0,2012,MIS4_to_MIS8,2011-2012,True,False,False,1
799550641220971,5,1.0,4,4,2,8800,88001,1,1,33,17,41180,163,2.0,1.0,,6,1,28,,2,43,2,,1,1,1,7,2,57,57,57,1,0,0,1.0,1.0,,36.0,,36.0,,,,,,2.0,3.0,0.0,1,2.0,2.0,2.0,,323.07,2.0,2.0,,,,9845.3894,2566.0526,2,1,0.0,,0,0,51761,1,,,,1.0,1.0,,2577.1766,7860.0,2310.0,-1,,,,,,,163112.0,2011,616,613,0,1,0,0,1,18.0,8.0,40.0,2011,1.0,4,8,2,8800,88001,1,17,41180,163,2.0,1.0,,6,1,29,,2,43,2,,1,1,7,2,57,57,57,1,0,0,1.0,1.0,,22.0,,22.0,,,20.0,,,7.0,5.0,0.0,1,2.0,,1.0,1595.0,350.9,2.0,2.0,,,,10933.9231,2891.4915,2,1,0.0,0.0,0,0,50925,1,,,,1.0,1.0,,2948.831,8290.0,,-1,,,,,,,162008.0,2012,628,613,0,1,0,0,1,18.0,,2.0,4610.0,15.0,42.0,2012,MIS4_to_MIS8,2011-2012,False,True,True,1
936087943179070,5,2.0,1,4,2,8800,88001,1,1,33,17,16980,111,2.0,1.0,,7,1,46,2.0,1,39,1,,1,1,1,1,2,57,57,57,1,0,0,2.0,1.0,,40.0,,44.0,,,,,,2.0,3.0,0.0,1,2.0,1.0,1.0,1900.0,942.3,1.0,,,,,12314.1911,3075.162,10,2,0.0,0.0,0,0,8849,1,1.0,,,,,,3059.8293,770.0,6730.0,-1,,,,,,,163169.0,2011,616,613,0,0,1,1,0,12.0,19.0,4.0,2011,2.0,1,8,2,8800,88001,1,17,16980,111,2.0,1.0,,7,1,47,2.0,1,39,1,,1,1,1,2,57,57,57,1,0,0,2.0,1.0,,40.0,,40.0,,,,,,2.0,3.0,0.0,1,2.0,,1.0,2300.0,920.0,1.0,,,,,11851.9796,2957.2859,4,2,0.0,0.0,0,0,18552,1,1.0,,,,,,2971.1611,6290.0,,-1,,,,,,,162064.0,2012,628,613,0,0,0,1,0,12.0,,1.0,6730.0,19.0,23.0,2012,MIS4_to_MIS8,2011-2012,True,False,False,1
570975060717449,5,2.0,1,4,2,8800,88001,1,1,33,17,0,0,3.0,2.0,,0,1,34,2.0,2,40,1,,1,1,1,1,2,57,57,57,1,0,0,1.0,1.0,,50.0,,50.0,,,,,,2.0,3.0,0.0,1,2.0,2.0,2.0,,600.0,1.0,,,,,13409.1084,3397.4483,8,2,0.0,,0,0,5051,1,,,5.0,,,,3407.4687,7860.0,2310.0,-1,,,,,,,163293.0,2011,616,613,0,1,1,0,1,16.0,8.0,40.0,2011,2.0,1,8,2,8800,88001,1,17,0,0,3.0,2.0,,0,1,35,2.0,2,43,1,,1,1,1,2,57,57,57,1,0,0,2.0,1.0,,40.0,,40.0,,,,,,2.0,2.0,0.0,1,2.0,2.0,2.0,,692.3,1.0,,,,,12214.3027,2948.5507,3,2,0.0,,0,0,14531,1,,,,1.0,2.0,,2928.6933,7860.0,,-1,,,,,,,162199.0,2012,628,613,0,0,1,0,0,17.0,,1.0,2310.0,8.0,40.0,2012,MIS4_to_MIS8,2011-2012,True,False,True,1
977159770556101,5,1.0,1,4,2,8800,88001,1,1,33,17,0,0,3.0,2.0,,0,3,45,1.0,2,41,1,,2,1,2,1,2,57,57,57,1,0,0,2.0,1.0,,39.0,,48.0,,,,,,2.0,1.0,0.0,1,2.0,,1.0,1200.0,468.0,2.0,2.0,,,,13061.7281,3185.6102,0,0,0.0,0.0,0,0,44590,2,,,3.0,,,,3205.432,9480.0,2010.0,4720,,,,,,,163389.0,2011,616,613,0,0,0,0,0,14.0,6.0,51.0,2011,1.0,1,8,2,8800,88001,1,17,0,0,3.0,2.0,,0,3,46,1.0,2,41,1,,1,2,1,2,57,57,57,1,0,0,2.0,1.0,,38.0,,48.0,,,,,,2.0,3.0,0.0,1,2.0,2.0,2.0,,384.61,2.0,2.0,,,,10230.1395,2539.6095,0,0,0.0,,0,0,14562,2,,,3.0,,,,2554.7024,9480.0,,4720,,,,,,,162289.0,2012,628,613,0,0,0,0,0,14.0,,1.0,2010.0,6.0,51.0,2012,MIS4_to_MIS8,2011-2012,True,False,True,1
450973093717349,5,1.0,1,4,2,8800,88001,1,1,33,17,44100,0,,1.0,,2,1,45,2.0,1,42,1,,1,1,1,1,2,57,57,57,1,0,0,1.0,1.0,,40.0,,50.0,,,,,,2.0,2.0,0.0,1,1.0,1.0,1.0,2300.0,1000.0,1.0,,,,,12130.3258,3029.2462,0,0,0.0,0.0,0,0,5094,1,,,3.0,,,,3014.1424,770.0,1550.0,-1,,,,,,,163429.0,2011,616,613,0,0,0,0,0,14.0,4.0,4.0,2011,1.0,6,8,2,8800,88001,1,17,44100,0,,1.0,,2,2,51,,1,40,1,,0,0,5,2,57,57,57,1,0,0,1.0,1.0,,40.0,,40.0,,,,,,2.0,4.0,0.0,1,2.0,,1.0,1995.0,798.0,2.0,2.0,,,,11892.9245,2992.0776,0,0,0.0,0.0,0,0,3028,1,,,3.0,,,,2981.4256,4670.0,,-1,,,,,,,162333.0,2012,628,613,0,0,0,0,0,14.0,,1.0,7200.0,20.0,22.0,2012,MIS4_to_MIS8,2011-2012,False,True,True,1
85461870968483,6,1.0,7,4,2,8800,88001,1,1,33,17,16980,0,1.0,1.0,1.0,7,2,54,,2,44,2,,1,0,0,6,2,57,57,57,1,0,0,1.0,1.0,,40.0,,40.0,,,,,,2.0,3.0,0.0,1,2.0,,1.0,6000.0,2400.0,1.0,,,,,10466.293,2689.783,0,0,0.0,0.0,0,0,58938,1,,,,,,2.0,2678.2918,7860.0,2310.0,-1,,,,,,,200443.0,2011,617,614,0,0,0,0,0,18.0,8.0,40.0,2011,1.0,7,8,2,8800,88001,1,17,16980,0,1.0,1.0,1.0,7,2,55,,2,44,2,,0,0,6,2,57,57,57,1,0,0,1.0,5.0,,,,,,,,,,1.0,,,2,,,,,,,,,,,11802.7905,2993.9441,0,0,,,0,0,34172,1,,,,,,2.0,2981.4415,,,-1,,,,,,,199189.0,2012,629,614,0,0,0,0,0,18.0,,2.0,,,,2012,MIS4_to_MIS8,2011-2012,False,True,True,1
197968705089709,6,2.0,1,4,2,8800,88001,1,1,33,17,16980,0,1.0,1.0,3.0,7,1,55,2.0,2,39,1,1.0,1,1,1,1,2,303,303,303,5,21,21,2.0,2.0,4.0,40.0,,,,,,,,5.0,3.0,0.0,1,2.0,,1.0,1250.0,500.0,2.0,2.0,,,,11598.0425,2921.0482,4,1,1.0,1.0,0,42,63042,1,1.0,,,,,,2933.4469,7860.0,4030.0,-1,,,,,,,200490.0,2011,617,614,0,0,0,1,0,12.0,13.0,40.0,2011,2.0,1,8,2,8800,88001,1,17,16980,0,1.0,1.0,3.0,7,1,56,2.0,2,39,1,1.0,1,1,1,2,303,303,303,5,21,13,2.0,2.0,4.0,40.0,,,,,,,,5.0,3.0,0.0,1,2.0,,1.0,1600.0,640.0,1.0,,,,,12163.6168,3092.8426,0,0,1.0,1.0,0,42,34382,1,1.0,,,,,,3034.4938,7860.0,,-1,,,,,,,199223.0,2012,629,614,0,0,0,0,0,12.0,,1.0,4020.0,13.0,40.0,2012,MIS4_to_MIS8,2011-2012,True,False,False,1
350577098818889,6,1.0,1,4,2,8800,88001,1,1,33,17,16980,0,1.0,1.0,1.0,7,1,43,2.0,2,43,1,,1,1,1,1,2,57,57,57,1,0,0,1.0,1.0,,40.0,,40.0,,,,,,2.0,3.0,0.0,1,2.0,2.0,2.0,,750.0,1.0,,,,,10621.3332,2745.0092,3,2,0.0,,0,0,19759,1,,,,2.0,,,2739.2799,7860.0,2340.0,-1,,,,,,,200534.0,2011,617,614,0,0,1,0,0,16.0,8.0,40.0,2011,2.0,1,8,2,8800,88001,1,17,16980,0,1.0,1.0,1.0,7,1,44,2.0,2,43,1,,1,1,1,2,57,57,57,1,0,0,2.0,1.0,,40.0,,40.0,,,,,,2.0,3.0,0.0,1,2.0,2.0,2.0,,2884.61,1.0,,,,,10017.0303,2627.239,10,2,1.0,,0,0,20434,1,,,,2.0,,,2599.3563,7860.0,,-1,,,,,,,199262.0,2012,629,614,0,0,1,1,0,16.0,,1.0,2330.0,8.0,40.0,2012,MIS4_to_MIS8,2011-2012,True,False,False,1
350577098818889,6,1.0,1,4,2,8800,88001,1,1,33,17,16980,0,1.0,1.0,1.0,7,3,46,1.0,1,44,1,,2,1,2,1,2,57,57,57,1,0,0,2.0,1.0,,40.0,,40.0,,,,,,2.0,3.0,0.0,1,2.0,2.0,2.0,,961.53,1.0,,,,,13667.6309,3432.4864,3,2,0.0,,0,0,19759,2,,,,,,2.0,3416.2288,9380.0,120.0,-1,3.0,,,,,,200535.0,2011,617,614,0,0,1,0,0,18.0,1.0,51.0,2011,2.0,1,8,2,8800,88001,1,17,16980,0,1.0,1.0,1.0,7,3,47,1.0,1,44,1,,1,2,1,2,57,57,57,1,0,0,1.0,1.0,,40.0,,40.0,,,,,,2.0,3.0,0.0,1,2.0,2.0,2.0,,961.53,2.0,2.0,,,,13630.2625,3342.3183,10,2,0.0,,0,0,20434,2,,,,,,3.0,3327.973,9380.0,,-1,3.0,,,,,,199263.0,2012,629,614,0,0,1,1,0,18.0,,1.0,20.0,1.0,51.0,2012,MIS4_to_MIS8,2011-2012,True,False,False,1
571486038907498,6,1.0,1,4,2,8800,88001,1,1,33,17,16980,0,1.0,1.0,1.0,7,1,30,2.0,1,42,2,,1,1,1,1,2,57,57,57,1,0,0,1.0,1.0,,40.0,,40.0,,,,,,2.0,3.0,0.0,1,2.0,2.0,2.0,,692.3,1.0,,,,,12907.1884,3381.6097,11,3,0.0,,0,0,19762,1,,,3.0,,,,3423.1544,8570.0,2340.0,-1,,,,,,,200577.0,2011,617,614,1,1,1,0,1,14.0,8.0,44.0,2011,1.0,1,8,2,8800,88001,1,17,16980,0,1.0,1.0,1.0,7,1,31,2.0,1,42,2,,1,1,1,2,57,57,57,1,0,0,1.0,1.0,,40.0,,40.0,,,,,,2.0,3.0,0.0,1,2.0,2.0,2.0,,1032.69,1.0,,,,,14551.7491,3776.7195,11,4,0.0,,0,0,66857,1,,,3.0,,,,3639.9392,8570.0,,-1,,,,,,,199305.0,2012,629,614,1,1,1,0,1,14.0,,2.0,2720.0,9.0,44.0,2012,MIS4_to_MIS8,2011-2012,True,False,False,1
740673094718239,6,1.0,1,4,2,8800,88001,1,1,33,17,16980,0,1.0,1.0,1.0,7,1,31,2.0,2,40,3,1.0,1,1,1,1,2,57,303,303,1,0,0,1.0,1.0,,24.0,,24.0,,,15.0,,,6.0,2.0,0.0,1,2.0,,1.0,950.0,228.0,2.0,2.0,,,,14429.5377,3951.8545,3,1,1.0,1.0,0,42,66355,1,,,2.0,,,,3700.2515,8290.0,4610.0,-1,,,,,,1.0,200620.0,2011,617,614,0,0,1,0,0,13.0,15.0,42.0,2011,2.0,1,8,2,8800,88001,1,17,16980,0,1.0,1.0,1.0,7,1,32,2.0,2,40,3,1.0,1,1,1,2,57,303,303,1,0,0,2.0,1.0,,40.0,,40.0,,,,,,2.0,2.0,0.0,1,2.0,2.0,2.0,,730.76,2.0,2.0,,,,27549.769,6964.0535,3,1,0.0,,0,0,34184,1,,,2.0,,,,6677.8253,8370.0,,-1,,,,,,1.0,199352.0,2012,629,614,0,0,1,0,0,13.0,,3.0,3600.0,11.0,43.0,2012,MIS4_to_MIS8,2011-2012,True,False,False,1
758430773420981,6,2.0,1,4,2,8800,88001,1,1,33,17,16980,0,1.0,1.0,1.0,7,4,22,,2,39,2,,3,1,3,7,2,57,57,57,1,0,0,2.0,4.0,,,,,,,,12.0,3.0,11.0,2.0,0.0,2,,,,,,,,2.0,,,18017.0938,3231.3117,0,0,,,0,0,6750,3,1.0,,,,,,3207.6351,8370.0,5400.0,-1,,,,,2.0,1.0,200632.0,2011,617,614,0,0,0,0,0,12.0,17.0,43.0,2011,2.0,1,8,2,8800,88001,1,17,16980,0,1.0,1.0,1.0,7,4,23,,2,40,2,,1,3,7,2,57,57,57,1,0,0,2.0,7.0,,,,,,,,,,1.0,4.0,0.0,2,,,,,,,,2.0,,,9707.0481,3357.1796,0,0,,,0,0,20427,3,,,1.0,,,,3113.4467,6170.0,,-1,,,,,2.0,1.0,199364.0,2012,629,614,0,0,0,0,0,12.0,,2.0,5700.0,17.0,23.0,2012,MIS4_to_MIS8,2011-2012,False,True,True,1
810709748086790,6,1.0,1,4,2,8800,88001,1,1,33,17,16980,0,1.0,1.0,,7,1,42,2.0,2,44,1,,1,1,1,1,2,57,57,57,1,0,0,1.0,2.0,8.0,40.0,,,,,,,,5.0,3.0,0.0,1,2.0,2.0,2.0,,2115.0,1.0,,,,,10621.3332,2745.0092,5,2,1.0,,0,0,19746,1,,,,,,2.0,2739.2799,7860.0,2320.0,-1,,,,,,,200660.0,2011,617,614,1,1,0,0,1,18.0,8.0,40.0,2011,1.0,1,8,2,8800,88001,1,17,16980,0,1.0,1.0,,7,1,43,2.0,2,44,1,,1,1,1,2,57,57,57,1,0,0,1.0,2.0,4.0,40.0,,,,,,,,5.0,3.0,0.0,1,2.0,2.0,2.0,,2230.76,1.0,,,,,10017.0303,2627.239,5,2,0.0,,0,0,34168,1,,,,,,2.0,2599.3563,7860.0,,-1,,,,,,,199387.0,2012,629,614,1,1,0,0,1,18.0,,1.0,2320.0,8.0,40.0,2012,MIS4_to_MIS8,2011-2012,True,False,False,1
933027881189930,6,1.0,4,4,2,8800,88001,1,1,33,17,16980,0,1.0,1.0,1.0,7,1,65,,2,43,4,,1,1,1,6,2,233,233,233,4,0,12,1.0,1.0,,35.0,,35.0,,,,,,2.0,3.0,0.0,1,2.0,2.0,2.0,,1000.0,2.0,2.0,,,,12279.6019,3172.4255,0,0,1.0,,0,0,19763,1,,,,2.0,,,3154.6258,9470.0,740.0,-1,,,,,,,200703.0,2011,617,614,0,0,0,0,0,16.0,2.0,51.0,2011,1.0,4,8,2,8800,88001,1,17,16980,0,1.0,1.0,1.0,7,1,66,,2,43,4,,1,1,6,2,233,233,233,4,0,12,1.0,1.0,,40.0,,40.0,,,,,,2.0,3.0,0.0,1,2.0,2.0,2.0,,961.0,2.0,2.0,,,,12448.3849,3138.0105,0,0,1.0,,0,42,34186,1,,,,2.0,,,3037.6295,9470.0,,-1,,,,,,,199435.0,2012,629,614,0,0,0,0,0,16.0,,4.0,2010.0,6.0,51.0,2012,MIS4_to_MIS8,2011-2012,True,False,False,1
971173068909393,6,1.0,6,4,2,8800,88001,1,1,33,17,16980,0,1.0,1.0,1.0,7,2,50,,1,44,1,,1,0,0,7,2,57,57,57,1,0,0,1.0,4.0,,,,,,,,4.0,3.0,11.0,3.0,0.0,2,,,,,,,,,,,13361.924,3275.9212,0,0,,,0,0,6755,1,,,,,,3.0,3123.0087,7860.0,2310.0,-1,,,,,,,200716.0,2011,617,614,0,0,0,0,0,18.0,8.0,40.0,2011,1.0,6,8,2,8800,88001,1,17,16980,0,1.0,1.0,1.0,7,2,51,,1,44,1,,0,0,7,2,57,57,57,1,0,0,1.0,1.0,,7.0,,7.0,,,14.0,,,6.0,3.0,0.0,1,2.0,,1.0,9900.0,693.0,2.0,2.0,,,,13279.0873,3283.2714,0,0,1.0,1.0,0,42,7323,1,,,,,,3.0,3242.2298,7870.0,,-1,,,,,,,199449.0,2012,629,614,0,0,0,0,0,18.0,,1.0,2200.0,8.0,40.0,2012,MIS4_to_MIS8,2011-2012,True,False,False,1
78671870014808,6,1.0,1,4,2,8800,88001,1,1,33,17,16980,0,2.0,1.0,,7,1,40,2.0,1,46,4,,1,1,1,1,2,57,233,57,1,0,0,1.0,2.0,4.0,40.0,,,,,,,,5.0,1.0,0.0,1,2.0,2.0,2.0,,1826.92,2.0,2.0,,,,14363.4904,3594.2954,3,2,0.0,,0,0,6786,1,,,,,,,3589.7185,8190.0,565.0,-1,,,,,,,200772.0,2011,617,614,0,0,1,0,0,18.0,2.0,41.0,2011,2.0,1,8,2,8800,88001,1,17,16980,0,2.0,1.0,,7,1,41,2.0,1,46,4,,1,1,1,2,57,233,57,1,0,0,2.0,1.0,,53.0,,53.0,,,,,,2.0,4.0,0.0,1,2.0,2.0,2.0,,1826.92,2.0,2.0,,,,11678.1443,2958.0456,3,2,0.0,,0,0,16807,1,,,,,,,2915.6655,8190.0,,-1,,,,,,,199514.0,2012,629,614,0,0,1,0,0,18.0,,4.0,350.0,1.0,41.0,2012,MIS4_to_MIS8,2011-2012,False,True,True,1
78671870014808,6,1.0,1,4,2,8800,88001,1,1,33,17,16980,0,2.0,1.0,,7,3,40,1.0,2,44,4,,2,1,2,1,2,57,233,233,1,0,0,2.0,2.0,4.0,40.0,,,,,,,,5.0,3.0,0.0,1,2.0,2.0,2.0,,1634.61,1.0,,,,,10349.6997,2707.2849,3,2,0.0,,0,0,6786,2,,,,,,2.0,2669.2246,7860.0,2320.0,-1,,,,,,,200773.0,2011,617,614,0,0,1,0,0,18.0,8.0,40.0,2011,2.0,1,8,2,8800,88001,1,17,16980,0,2.0,1.0,,7,3,41,1.0,2,44,4,,1,2,1,2,57,233,233,1,0,0,1.0,2.0,4.0,47.0,,,,,,,,5.0,3.0,0.0,1,2.0,2.0,2.0,,1692.3,1.0,,,,,7121.8536,1866.7739,3,2,0.0,,0,0,16807,2,,,,,,2.0,1848.0762,7860.0,,-1,,,,,,,199515.0,2012,629,614,0,0,1,0,0,18.0,,4.0,2320.0,8.0,40.0,2012,MIS4_to_MIS8,2011-2012,True,False,False,1
170871096518559,6,1.0,1,4,2,8800,88001,1,1,33,17,16980,0,2.0,1.0,,7,1,46,2.0,1,40,1,,1,1,1,1,2,57,57,57,1,0,0,1.0,1.0,,40.0,,40.0,,,,,,2.0,3.0,0.0,1,2.0,2.0,2.0,,134.0,1.0,,,,,13095.1879,3288.7232,0,0,1.0,,0,0,43632,1,,,3.0,,,,3273.1464,9470.0,3740.0,-1,,,,,,,200812.0,2011,617,614,0,0,0,0,0,14.0,12.0,51.0,2011,1.0,1,8,2,8800,88001,1,17,16980,0,2.0,1.0,,7,1,47,2.0,1,40,1,,1,1,1,2,57,57,57,1,0,0,1.0,6.0,,,,,,,,,,1.0,3.0,0.0,2,,,,,,,,,,,11723.1183,3176.3976,0,0,,,0,0,20564,1,,,2.0,,,,3154.5533,9470.0,,-1,,,,,,,199562.0,2012,629,614,0,0,0,0,0,13.0,,1.0,3740.0,12.0,51.0,2012,MIS4_to_MIS8,2011-2012,True,False,False,1
170871096518559,6,1.0,1,4,2,8800,88001,1,1,33,17,16980,0,2.0,1.0,,7,3,49,1.0,2,40,1,,2,1,2,1,2,57,57,57,1,0,0,2.0,1.0,,40.0,,40.0,,,,,,2.0,3.0,0.0,1,2.0,2.0,2.0,,1442.0,2.0,2.0,,,,13990.2071,3422.986,0,0,1.0,,0,0,43632,2,,,2.0,,,,3424.4794,9370.0,120.0,-1,,,,,,,200813.0,2011,617,614,0,0,0,0,0,13.0,1.0,51.0,2011,1.0,1,8,2,8800,88001,1,17,16980,0,2.0,1.0,,7,3,50,1.0,2,40,1,,1,2,1,2,57,57,57,1,0,0,2.0,1.0,,40.0,,40.0,,,,,,2.0,3.0,0.0,1,2.0,2.0,2.0,,1500.0,2.0,2.0,,,,12506.4929,3178.2553,0,0,1.0,,0,0,20564,2,,,2.0,,,,3140.5129,9370.0,,-1,,,,,,,199563.0,2012,629,614,0,0,0,0,0,13.0,,1.0,120.0,1.0,51.0,2012,MIS4_to_MIS8,2011-2012,True,False,False,1
199938909099719,6,1.0,1,4,2,8800,88001,1,1,33,17,16980,0,2.0,1.0,,7,1,40,2.0,2,44,1,5.0,1,1,1,1,2,57,134,57,1,0,0,1.0,2.0,4.0,50.0,,,,,,,,5.0,3.0,0.0,1,2.0,2.0,2.0,,1096.15,1.0,,,,,11102.2229,2902.8125,3,2,0.0,,0,0,32906,1,,,,,,2.0,2863.3031,7860.0,2320.0,-1,,,,,,,200890.0,2011,617,614,0,0,1,0,0,18.0,8.0,40.0,2011,1.0,1,8,2,8800,88001,1,17,16980,0,2.0,1.0,,7,1,41,2.0,2,44,1,5.0,1,1,1,2,57,134,57,1,0,0,1.0,2.0,4.0,50.0,,,,,,,,5.0,3.0,0.0,1,2.0,2.0,2.0,,1211.53,1.0,,,,,9321.7572,2492.8378,10,2,0.0,,0,0,20512,1,,,,,,2.0,2418.9373,7860.0,,-1,,,,,,,199630.0,2012,629,614,0,0,1,1,0,18.0,,1.0,2320.0,8.0,40.0,2012,MIS4_to_MIS8,2011-2012,True,False,False,1
208901251992337,6,1.0,6,4,2,8800,88001,1,1,33,17,16980,0,2.0,1.0,,7,2,52,,1,44,1,,1,0,0,7,2,57,57,57,1,0,0,1.0,2.0,4.0,40.0,,,,,,,,5.0,3.0,0.0,1,2.0,2.0,2.0,,1000.0,1.0,,,,,12448.8176,3138.7155,0,0,0.0,,0,0,55147,1,,,,,,3.0,3111.586,7860.0,2310.0,-1,,,,,,,200901.0,2011,617,614,0,0,0,0,0,18.0,8.0,40.0,2011,1.0,6,8,2,8800,88001,1,17,16980,0,2.0,1.0,,7,2,53,,1,44,1,,0,0,7,2,57,57,57,1,0,0,1.0,2.0,4.0,40.0,,,,,,,,5.0,3.0,0.0,1,2.0,2.0,2.0,,957.69,1.0,,,,,12619.8816,3120.2819,0,0,0.0,,0,0,7366,1,,,,,,3.0,3081.2778,7860.0,,-1,,,,,,,199639.0,2012,629,614,0,0,0,0,0,18.0,,1.0,2310.0,8.0,40.0,2012,MIS4_to_MIS8,2011-2012,True,False,False,1
486190479700736,6,1.0,1,4,2,8800,88001,1,1,33,17,41180,119,2.0,1.0,,6,3,54,1.0,1,43,1,,2,1,2,1,2,57,57,57,1,0,0,2.0,1.0,,40.0,,40.0,,,,,,2.0,3.0,0.0,1,2.0,2.0,2.0,,961.0,1.0,,,,,12231.117,3083.8267,0,0,1.0,,0,0,41800,2,,,,2.0,,,3057.1716,9370.0,5800.0,-1,,,,,,,201006.0,2011,617,614,0,0,0,0,0,16.0,17.0,51.0,2011,1.0,1,8,2,8800,88001,1,17,41180,119,2.0,1.0,,6,3,55,1.0,1,43,1,,1,2,1,2,57,57,57,1,0,0,2.0,1.0,,40.0,,40.0,,,,,,2.0,3.0,0.0,1,2.0,2.0,2.0,,1346.0,1.0,,,,,11694.2898,2927.0387,0,0,1.0,,0,0,52325,2,,,,2.0,,,2908.9166,9370.0,,-1,,,,,,,199743.0,2012,629,614,0,0,0,0,0,16.0,,1.0,1006.0,3.0,51.0,2012,MIS4_to_MIS8,2011-2012,True,False,False,1
530173095418438,6,1.0,1,4,2,8800,88001,1,1,33,17,16980,0,2.0,1.0,,7,1,26,2.0,1,40,1,,1,1,1,1,2,57,57,57,1,0,0,1.0,1.0,,40.0,,40.0,,,,,,2.0,3.0,0.0,1,2.0,2.0,2.0,,1153.84,2.0,2.0,,,,13423.4267,3412.7826,0,0,0.0,,0,0,32851,1,,,3.0,,,,3397.0957,9470.0,3400.0,-1,,,,,,,201016.0,2011,617,614,0,0,0,0,0,14.0,10.0,51.0,2011,1.0,1,8,2,8800,88001,1,17,16980,0,2.0,1.0,,7,1,26,2.0,1,40,1,,1,1,1,2,57,57,57,1,0,0,1.0,1.0,,40.0,,40.0,,,,,,2.0,3.0,0.0,1,2.0,2.0,2.0,,1442.3,1.0,,,,,13630.3438,3432.1576,0,0,0.0,,0,0,20422,1,,,3.0,,,,3391.1651,9470.0,,-1,,,,,,,199751.0,2012,629,614,0,0,0,0,0,14.0,,1.0,3740.0,12.0,51.0,2012,MIS4_to_MIS8,2011-2012,True,False,False,1
627399280829100,6,2.0,1,4,2,8800,88001,1,1,33,17,16980,0,2.0,1.0,,7,3,48,1.0,2,46,1,,2,1,2,1,2,57,57,57,1,0,0,1.0,2.0,4.0,30.0,,,,,,,,10.0,2.0,0.0,1,2.0,2.0,2.0,,1057.69,2.0,2.0,,,,13990.2071,3422.986,0,0,0.0,,0,0,19795,2,,,,,,,3424.4794,7870.0,2200.0,-1,,,,,,,201053.0,2011,617,614,0,0,0,0,0,18.0,8.0,40.0,2011,2.0,1,8,2,8800,88001,1,17,16980,0,2.0,1.0,,7,3,49,1.0,2,46,1,,1,2,1,2,57,57,57,1,0,0,1.0,2.0,4.0,35.0,,,,,,,,5.0,2.0,0.0,1,2.0,2.0,2.0,,1250.0,2.0,2.0,,,,13027.1841,3292.1439,0,0,0.0,,0,0,7365,2,,,,,,,3271.264,7870.0,,-1,,,,,,,199794.0,2012,629,614,0,0,0,0,0,18.0,,1.0,2200.0,8.0,40.0,2012,MIS4_to_MIS8,2011-2012,True,False,False,1
508604651997307,6,2.0,1,4,2,8800,88001,1,1,33,17,0,0,3.0,2.0,,0,3,54,1.0,2,42,1,,2,1,2,1,2,57,57,57,1,0,0,1.0,3.0,,,,,3.0,,,3.0,1.0,12.0,3.0,0.0,2,,,,,,,,,,,15303.9381,3719.6441,0,0,,,0,0,19570,2,,,3.0,,,,3750.4091,7860.0,4110.0,-1,,,,,,,201320.0,2011,617,614,0,0,0,0,0,14.0,13.0,40.0,2011,2.0,1,8,2,8800,88001,1,17,0,0,3.0,2.0,,0,3,55,1.0,2,42,1,,1,2,1,2,57,57,57,1,0,0,1.0,7.0,,,,,,11.0,,,,1.0,,,2,,,,,,,,,,,13724.7491,3387.9219,0,0,,,0,0,44723,2,,,3.0,,,,3488.8093,,,-1,,,,,,,200085.0,2012,629,614,0,0,0,0,0,14.0,,1.0,,,,2012,MIS4_to_MIS8,2011-2012,False,True,True,1
166918500084799,6,1.0,1,4,2,8800,88001,1,1,33,17,16580,0,,1.0,,2,1,51,2.0,1,43,1,,1,1,1,1,2,57,57,57,1,0,0,1.0,1.0,,42.0,4.0,26.0,,,4.0,,,4.0,1.0,0.0,1,2.0,2.0,2.0,,788.46,1.0,,,,,12372.939,3119.5842,4,1,0.0,,0,0,16243,1,,,,2.0,,,3092.6201,6370.0,5550.0,-1,,,,,,,201381.0,2011,617,614,0,0,0,1,0,16.0,17.0,23.0,2011,1.0,1,8,2,8800,88001,1,17,16580,0,,1.0,,2,1,52,2.0,1,43,1,,1,1,1,2,57,57,57,1,0,0,1.0,1.0,,40.0,4.0,32.0,,,4.0,,,4.0,1.0,0.0,1,2.0,2.0,2.0,,700.0,1.0,,,,,12517.633,3095.0008,4,1,0.0,,0,0,16815,1,,,,2.0,,,3056.3127,6370.0,,-1,,,,,,,200159.0,2012,629,614,0,0,0,1,0,16.0,,1.0,5550.0,17.0,23.0,2012,MIS4_to_MIS8,2011-2012,True,False,False,1
191918906090739,6,1.0,4,4,2,8800,88001,1,1,33,17,28100,91,,1.0,,2,1,48,,2,44,1,,1,1,1,7,2,57,57,57,1,0,0,1.0,6.0,,,,,,,,,,1.0,3.0,0.0,2,,,,,,,,,,,14706.0524,3614.0436,0,0,,,0,0,43606,1,,,,,,3.0,3594.0714,7860.0,2310.0,-1,,,,,,,201393.0,2011,617,614,0,0,0,0,0,18.0,8.0,40.0,2011,1.0,4,8,2,8800,88001,1,17,28100,91,,1.0,,2,1,49,,2,44,1,,1,1,7,2,57,57,57,1,0,0,1.0,6.0,,,,,,,,,,1.0,,,2,,,,,,,,,,,13893.307,3504.2777,0,0,,,0,0,52302,1,,,,,,3.0,3531.6565,,,-1,,,,,,,200171.0,2012,629,614,0,0,0,0,0,18.0,,1.0,,,,2012,MIS4_to_MIS8,2011-2012,False,True,True,1
199958303081779,6,2.0,3,4,2,8800,88001,1,1,33,17,19340,0,,1.0,,3,1,46,,1,39,1,,1,1,1,5,2,57,57,57,1,0,0,2.0,1.0,,40.0,,40.0,,,,,,2.0,1.0,0.0,1,2.0,1.0,1.0,2604.0,1000.0,1.0,,,,,12866.1839,3231.2111,3,1,0.0,0.0,0,0,19938,1,1.0,,,,,,3215.9068,2290.0,8140.0,-1,,,,,,,201412.0,2011,617,614,0,0,1,0,0,12.0,21.0,19.0,2011,1.0,3,8,2,8800,88001,1,17,19340,0,,1.0,,3,1,47,,1,39,1,,1,1,5,2,57,57,57,1,0,0,1.0,1.0,,40.0,,40.0,,,,,,2.0,4.0,0.0,1,2.0,2.0,2.0,,2650.0,2.0,2.0,,,,12701.396,3114.5481,4,1,1.0,,23,42,55721,1,1.0,,,,,,3101.1804,2980.0,,-1,,,,,,,200189.0,2012,629,614,0,0,0,1,0,12.0,,1.0,8140.0,21.0,6.0,2012,MIS4_to_MIS8,2011-2012,False,True,True,1
608907671994567,6,1.0,1,4,2,8800,88001,1,1,33,17,44100,0,,1.0,,2,1,60,2.0,2,44,1,,1,1,1,1,2,110,128,128,4,0,2,1.0,5.0,,,,,,,,,,1.0,3.0,0.0,2,,,,,,,,,,,14001.1797,3352.4262,0,0,,,0,0,3707,1,,,,,,2.0,3439.1224,7860.0,2310.0,-1,,,,,,,201464.0,2011,617,614,0,0,0,0,0,18.0,8.0,40.0,2011,1.0,1,8,2,8800,88001,1,17,44100,0,,1.0,,2,1,61,2.0,2,44,1,,1,1,1,2,110,128,128,4,0,2,1.0,5.0,,,,,,,,,,1.0,3.0,0.0,2,,,,,,,,,,,11318.249,2789.1914,0,0,,,0,0,3816,1,,,,,,2.0,2839.8061,7860.0,,-1,,,,,,,200236.0,2012,629,614,0,0,0,0,0,18.0,,1.0,2310.0,8.0,40.0,2012,MIS4_to_MIS8,2011-2012,True,False,False,1
710870549650081,6,2.0,1,4,2,8800,88001,1,1,33,17,28100,91,,1.0,,2,1,34,2.0,1,43,1,,1,1,1,1,2,57,57,57,1,0,0,2.0,1.0,,-4.0,,51.0,,,,,,2.0,3.0,0.0,1,1.0,2.0,2.0,,350.0,1.0,,,,,12532.3999,3207.8307,5,2,1.0,,0,0,32917,1,,,,1.0,1.0,,3171.6016,9470.0,3850.0,-1,,,,,,,201479.0,2011,617,614,1,1,0,0,1,18.0,12.0,51.0,2011,2.0,1,8,2,8800,88001,1,17,28100,91,,1.0,,2,1,35,2.0,1,43,1,,1,1,1,2,57,57,57,1,0,0,2.0,1.0,,40.0,,40.0,,,,,,2.0,3.0,0.0,1,2.0,2.0,2.0,,380.0,1.0,,,,,13008.7891,3273.7299,5,2,1.0,,0,0,20531,1,,,,1.0,1.0,,3247.8857,9470.0,,-1,,,,,,,200253.0,2012,629,614,1,1,0,0,1,18.0,,1.0,3850.0,12.0,51.0,2012,MIS4_to_MIS8,2011-2012,True,False,False,1
810709904988996,6,1.0,4,4,2,8800,88001,1,1,33,17,19500,115,,1.0,,2,14,37,,1,35,2,,2,0,0,5,2,57,57,57,1,0,0,2.0,4.0,,,,,,,,119.0,3.0,11.0,2.0,0.0,2,,,,,,,,,,,12322.8735,2955.375,0,0,,,0,0,32954,2,,,,,,,2877.2487,9480.0,4250.0,-1,,,,,,,201488.0,2011,617,614,0,0,0,0,0,9.0,14.0,51.0,2011,2.0,4,8,2,8800,88001,1,17,19500,115,,1.0,,2,14,38,,1,35,2,,0,0,5,2,57,57,57,1,0,0,1.0,4.0,,,,,,,,11.0,2.0,11.0,4.0,0.0,2,,,,,,,,,,,11531.9009,2863.8441,0,0,,,0,0,55709,2,,,,,,,3003.1172,6190.0,,-1,,,,,,,200264.0,2012,629,614,0,0,0,0,0,9.0,,2.0,9140.0,22.0,23.0,2012,MIS4_to_MIS8,2011-2012,False,True,True,1
320279093111838,7,1.0,1,4,2,8900,89001,1,1,33,17,16980,0,1.0,1.0,,7,1,43,2.0,1,40,1,,1,1,1,1,2,57,57,57,1,0,0,1.0,1.0,,20.0,,20.0,,,14.0,,,6.0,3.0,0.0,1,2.0,,1.0,800.0,160.0,2.0,2.0,,,,12624.4692,3164.2287,8,3,1.0,1.0,0,0,50581,1,,,2.0,,,,3161.48,9470.0,3800.0,-1,,,,,,,238036.0,2011,618,615,0,1,1,0,1,13.0,12.0,51.0,2011,2.0,1,8,2,8900,89001,1,17,16980,0,1.0,1.0,,7,1,44,2.0,1,40,1,,1,1,1,2,57,57,57,1,0,0,1.0,1.0,,20.0,,20.0,,,23.0,,,7.0,3.0,0.0,1,2.0,,1.0,2147.0,429.4,1.0,,,,,12847.4916,3249.4005,3,3,0.0,0.0,0,0,32456,1,,,3.0,,,,3201.7059,9470.0,,-1,,,,,,,237258.0,2012,630,615,0,0,1,0,0,14.0,,1.0,3850.0,12.0,51.0,2012,MIS4_to_MIS8,2011-2012,True,False,False,1
757459310339104,7,1.0,1,4,2,8900,89001,1,1,33,17,16980,0,1.0,1.0,1.0,7,1,31,2.0,1,44,1,,1,1,1,1,2,57,57,57,1,0,0,1.0,1.0,,50.0,,50.0,,,,,,2.0,3.0,0.0,1,2.0,,1.0,3500.0,1750.0,2.0,2.0,,,,13828.1227,3448.8795,0,0,1.0,1.0,0,0,65631,1,,,,,,3.0,3426.4063,7860.0,2320.0,-1,,,,,,,238107.0,2011,618,615,0,0,0,0,0,18.0,8.0,40.0,2011,1.0,1,8,2,8900,89001,1,17,16980,0,1.0,1.0,1.0,7,1,31,2.0,1,44,1,,1,1,1,2,57,57,57,1,0,0,1.0,1.0,,40.0,,40.0,,,,,,2.0,4.0,0.0,1,2.0,2.0,2.0,,846.0,2.0,2.0,,,,13927.2363,3525.2517,1,1,1.0,,0,0,57862,1,,,,,,3.0,3495.9791,7270.0,,-1,,,,,,,237339.0,2012,630,615,1,0,0,0,1,18.0,,1.0,2100.0,7.0,36.0,2012,MIS4_to_MIS8,2011-2012,False,True,True,1
971665071905097,7,1.0,6,4,2,8900,89001,1,1,33,17,16980,0,1.0,1.0,,7,2,51,,1,44,1,,1,0,0,7,2,57,57,57,1,0,0,1.0,2.0,14.0,40.0,,,,,,,,5.0,3.0,0.0,1,2.0,2.0,2.0,,1153.0,1.0,,,,,12093.5606,3130.9992,0,0,1.0,,0,42,50584,1,,,,,,3.0,3104.0313,7860.0,2320.0,-1,,,,,,,238191.0,2011,618,615,0,0,0,0,0,18.0,8.0,40.0,2011,1.0,6,8,2,8900,89001,1,17,16980,0,1.0,1.0,,7,2,52,,1,44,1,,0,0,7,2,57,57,57,1,0,0,1.0,2.0,4.0,40.0,,,,,,,,5.0,3.0,0.0,1,2.0,2.0,2.0,,1538.46,1.0,,,,,14042.3348,3625.0354,0,0,0.0,,0,0,57861,1,,,,,,3.0,3575.9712,7860.0,,-1,,,,,,,237427.0,2012,630,615,0,0,0,0,0,18.0,,1.0,2310.0,8.0,40.0,2012,MIS4_to_MIS8,2011-2012,True,False,False,1
15105750700142,7,1.0,1,4,2,8900,89001,1,1,33,17,16980,0,2.0,1.0,,7,3,43,1.0,2,44,1,,2,1,2,1,2,57,57,57,1,0,0,2.0,1.0,,40.0,,40.0,,,,,,2.0,3.0,0.0,1,2.0,2.0,2.0,,2884.61,1.0,,,,,11942.3859,3052.2148,14,3,0.0,,0,0,20151,2,,,,,,3.0,3056.6209,7860.0,2310.0,-1,,,,,,,238214.0,2011,618,615,0,1,1,1,1,18.0,8.0,40.0,2011,1.0,1,8,2,8900,89001,1,17,16980,0,2.0,1.0,,7,3,44,1.0,2,44,1,,1,2,1,2,57,57,57,1,0,0,2.0,2.0,4.0,40.0,,,,,,,,5.0,4.0,0.0,1,2.0,2.0,2.0,,1307.69,1.0,,,,,11499.3246,2938.0642,14,3,0.0,,0,0,32710,2,,,,,,3.0,2897.1749,7860.0,,-1,,,,,,,237454.0,2012,630,615,0,1,1,1,1,18.0,,1.0,2310.0,8.0,40.0,2012,MIS4_to_MIS8,2011-2012,False,True,True,1
18198229700877,7,2.0,1,4,2,8900,89001,1,1,33,17,16980,0,2.0,1.0,,7,3,59,1.0,2,44,1,,2,1,2,1,2,57,57,57,1,0,0,1.0,2.0,4.0,40.0,,,,,,,,5.0,2.0,0.0,1,2.0,2.0,2.0,,1807.69,1.0,,,,,11667.186,2873.301,0,0,0.0,,0,0,50684,2,,,,,,2.0,2837.172,7860.0,2310.0,-1,,,,,,,238219.0,2011,618,615,0,0,0,0,0,18.0,8.0,40.0,2011,2.0,1,8,2,8900,89001,1,17,16980,0,2.0,1.0,,7,3,60,1.0,2,44,1,,1,2,1,2,57,57,57,1,0,0,1.0,2.0,4.0,45.0,,,,,,,,5.0,3.0,0.0,1,2.0,2.0,2.0,,1846.15,1.0,,,,,13701.3122,3548.6164,0,0,0.0,,0,0,7124,2,,,,,,2.0,3495.9292,7860.0,,-1,,,,,,,237459.0,2012,630,615,0,0,0,0,0,18.0,,1.0,2310.0,8.0,40.0,2012,MIS4_to_MIS8,2011-2012,True,False,True,1
30211170974591,7,2.0,1,4,2,8900,89001,1,1,33,17,16980,0,2.0,1.0,,7,3,29,1.0,2,44,1,2.0,2,1,2,1,2,57,57,73,1,0,0,1.0,2.0,4.0,40.0,,,,,,,,5.0,2.0,0.0,1,2.0,2.0,2.0,,1442.3,1.0,,,,,13508.244,3374.6359,1,1,0.0,,0,0,7229,2,,,,,,2.0,3408.5879,7860.0,2310.0,-1,,,,,,,238230.0,2011,618,615,1,0,0,0,1,18.0,8.0,40.0,2011,2.0,1,8,2,8900,89001,1,17,16980,0,2.0,1.0,,7,3,30,1.0,2,44,1,2.0,1,2,1,2,57,57,73,1,0,0,3.0,2.0,14.0,20.0,,,,,,,,10.0,3.0,0.0,1,2.0,2.0,2.0,,807.69,1.0,,,,,10784.1202,2838.7182,1,1,0.0,,0,0,16202,2,,,,,,2.0,2780.1368,7860.0,,-1,,,,,,,237472.0,2012,630,615,1,0,0,0,1,18.0,,1.0,2320.0,8.0,40.0,2012,MIS4_to_MIS8,2011-2012,True,False,True,1
39331170927176,7,1.0,3,4,2,8900,89001,1,1,33,17,16980,0,2.0,1.0,,7,6,60,,2,44,2,,2,1,4,5,2,57,57,57,1,0,0,2.0,1.0,,25.0,,25.0,,,22.0,,,7.0,1.0,0.0,1,2.0,1.0,1.0,1000.0,93.0,2.0,2.0,,,,13508.0991,3043.2581,0,0,1.0,1.0,0,0,43161,2,,,,,,2.0,3055.5089,8180.0,4610.0,-1,,,,,,,238239.0,2011,618,615,0,0,0,0,0,18.0,15.0,42.0,2011,1.0,3,8,2,8900,89001,1,17,16980,0,2.0,1.0,,7,6,61,,2,44,2,,1,4,5,2,57,57,57,1,0,0,2.0,1.0,,15.0,,15.0,,,22.0,,,7.0,1.0,0.0,1,2.0,,1.0,1500.0,225.0,2.0,2.0,,,,10670.3167,3024.7204,0,0,1.0,1.0,0,0,65885,2,,,,,,2.0,2999.3812,9480.0,,-1,,,,,,,237478.0,2012,630,615,0,0,0,0,0,18.0,,2.0,4610.0,15.0,51.0,2012,MIS4_to_MIS8,2011-2012,True,False,False,1
110709958203684,7,1.0,1,4,2,8900,89001,1,1,33,17,40420,0,2.0,1.0,,3,1,36,2.0,2,39,1,1.0,1,1,1,1,2,303,303,303,5,0,10,1.0,1.0,,40.0,,40.0,,,,,,2.0,3.0,0.0,1,2.0,,1.0,1700.0,680.0,1.0,,,,,11766.8776,2991.4393,10,2,0.0,0.0,0,0,62353,1,1.0,,,,,,3011.7,7860.0,5140.0,-1,,,,,,,238318.0,2011,618,615,0,0,1,1,0,12.0,17.0,40.0,2011,5.0,1,8,2,8900,89001,1,17,40420,0,2.0,1.0,,3,1,37,2.0,2,39,1,1.0,1,1,1,2,303,303,303,5,0,10,2.0,1.0,,40.0,,40.0,,,,,,2.0,4.0,0.0,1,2.0,,1.0,1140.0,456.0,2.0,2.0,,,,9947.4624,2606.6125,10,2,1.0,1.0,0,42,65968,1,1.0,,,,,,2506.194,7860.0,,-1,,,,,,,237557.0,2012,630,615,0,0,1,1,0,12.0,,1.0,5140.0,17.0,40.0,2012,MIS4_to_MIS8,2011-2012,False,True,True,1
301907191383637,7,1.0,1,4,2,8900,89001,1,1,33,17,16980,0,2.0,1.0,,7,3,49,1.0,1,43,4,,2,1,2,1,2,233,233,233,5,0,14,2.0,1.0,,40.0,,40.0,,,,,,2.0,1.0,0.0,1,2.0,2.0,2.0,,1057.69,1.0,,,,,14912.8411,3854.8842,10,2,0.0,,0,0,43168,2,,,,2.0,,,3827.6507,6370.0,5550.0,-1,,,,,,,238398.0,2011,618,615,0,0,1,1,0,16.0,17.0,23.0,2011,2.0,1,8,2,8900,89001,1,17,16980,0,2.0,1.0,,7,3,50,1.0,1,43,4,,1,2,1,2,233,233,233,5,0,14,2.0,1.0,,50.0,,50.0,,,,,,2.0,1.0,0.0,1,2.0,,1.0,1700.0,850.0,2.0,2.0,,,,15841.8121,4100.4326,10,2,1.0,1.0,0,0,42651,2,,,,2.0,,,4034.2198,6370.0,,-1,,,,,,,237635.0,2012,630,615,0,0,1,1,0,16.0,,4.0,5550.0,17.0,23.0,2012,MIS4_to_MIS8,2011-2012,True,False,False,1
401908451186387,7,2.0,1,4,2,8900,89001,1,1,33,17,16980,0,2.0,1.0,,7,3,60,1.0,2,43,1,,2,1,2,1,2,57,136,136,1,0,0,1.0,4.0,,,,,,,,4.0,5.0,11.0,3.0,0.0,2,,,,,,,,,,,10990.6399,2792.3243,0,0,,,0,0,32538,2,,,,1.0,1.0,,2916.5215,7860.0,2320.0,-1,,,,,,,238436.0,2011,618,615,0,0,0,0,0,18.0,8.0,40.0,2011,2.0,1,8,2,8900,89001,1,17,16980,0,2.0,1.0,,7,3,61,1.0,2,43,1,,1,2,1,2,57,136,136,1,0,0,1.0,1.0,,16.0,,10.0,,,15.0,,,6.0,4.0,0.0,1,2.0,,1.0,1200.0,192.0,2.0,2.0,,,,13701.3122,3548.6164,0,0,0.0,0.0,0,0,19418,2,,,,1.0,1.0,,3495.9292,9290.0,,-1,,,,,,,237664.0,2012,630,615,0,0,0,0,0,18.0,,1.0,4600.0,15.0,50.0,2012,MIS4_to_MIS8,2011-2012,False,True,True,1
413197438700072,7,1.0,1,4,2,8900,89001,1,1,33,17,16980,0,2.0,1.0,,7,1,46,2.0,1,43,1,2.0,1,1,1,1,2,73,73,73,2,0,8,1.0,1.0,,40.0,,40.0,,,,,,2.0,3.0,0.0,1,2.0,2.0,2.0,,1307.69,1.0,,,,,12123.8781,3110.1083,0,0,0.0,,0,0,19783,1,,,,2.0,,,3111.8129,9370.0,7000.0,-1,3.0,,,,,,238440.0,2011,618,615,0,0,0,0,0,16.0,20.0,51.0,2011,2.0,1,8,2,8900,89001,1,17,16980,0,2.0,1.0,,7,1,46,2.0,1,43,1,2.0,1,1,1,2,73,73,73,2,0,8,2.0,1.0,,40.0,,40.0,,,,,,2.0,2.0,0.0,1,2.0,,1.0,2800.0,1120.0,1.0,,,,,14927.3327,3879.4309,0,0,1.0,1.0,0,42,19417,1,,,,2.0,,,3801.3417,670.0,,-1,3.0,,,,,,237668.0,2012,630,615,0,0,0,0,0,16.0,,1.0,7340.0,20.0,24.0,2012,MIS4_to_MIS8,2011-2012,True,False,True,1
500773091111429,7,1.0,1,4,2,8900,89001,1,1,33,17,16980,0,2.0,1.0,,7,4,37,,1,40,1,,3,1,3,7,2,57,57,57,1,0,0,2.0,1.0,,40.0,,40.0,,,,,,2.0,2.0,0.0,1,2.0,2.0,2.0,,2596.0,2.0,2.0,,,,12552.7593,3169.5497,0,0,1.0,,0,42,7228,3,,,3.0,,,,3143.522,6290.0,4720.0,-1,,,,,2.0,1.0,238464.0,2011,618,615,0,0,0,0,0,14.0,16.0,23.0,2011,1.0,1,8,2,8900,89001,1,17,16980,0,2.0,1.0,,7,4,38,,1,40,1,,1,3,7,2,57,57,57,1,0,0,2.0,1.0,,45.0,,45.0,,,,,,2.0,2.0,0.0,1,1.0,,1.0,1950.0,891.0,1.0,,,,,12625.4378,3175.7086,0,0,1.0,0.0,0,0,49167,3,,,3.0,,,,3146.3682,6290.0,,-1,,,,,2.0,1.0,237698.0,2012,630,615,0,0,0,0,0,14.0,,1.0,4720.0,16.0,23.0,2012,MIS4_to_MIS8,2011-2012,True,False,False,1
514190389700862,7,1.0,1,4,2,8900,89001,1,1,33,17,40420,0,2.0,1.0,,3,1,48,2.0,2,40,1,,1,1,1,1,2,57,57,57,1,0,0,1.0,2.0,14.0,20.0,,,,,,,,10.0,2.0,0.0,1,2.0,,1.0,1500.0,300.0,1.0,,,,,12026.9613,3061.096,10,2,0.0,0.0,0,0,32865,1,,,2.0,,,,3034.5183,7860.0,9120.0,-1,,,,,,,238489.0,2011,618,615,0,0,1,1,0,13.0,22.0,40.0,2011,2.0,1,8,2,8900,89001,1,17,40420,0,2.0,1.0,,3,1,50,2.0,2,40,1,,1,1,1,2,57,57,57,1,0,0,1.0,2.0,14.0,20.0,,,,,,,,10.0,2.0,0.0,1,2.0,2.0,2.0,,225.0,1.0,,,,,13580.6368,3425.8165,10,2,0.0,,0,0,16215,1,,,2.0,,,,3351.5083,7860.0,,-1,,,,,,,237717.0,2012,630,615,0,0,1,1,0,13.0,,1.0,9120.0,22.0,40.0,2012,MIS4_to_MIS8,2011-2012,True,False,False,1
757419310209101,7,2.0,1,4,2,8900,89001,1,1,33,17,16980,0,2.0,1.0,,7,1,63,2.0,1,44,1,,1,1,1,1,2,57,57,57,1,0,0,2.0,1.0,,40.0,,40.0,,,,,,2.0,3.0,0.0,1,2.0,2.0,2.0,,992.0,1.0,,,,,12206.2492,2880.3344,0,0,1.0,,0,42,7230,1,,,,,,2.0,2860.2227,7860.0,2310.0,-1,,,,,,,238573.0,2011,618,615,0,0,0,0,0,18.0,8.0,40.0,2011,2.0,1,8,2,8900,89001,1,17,16980,0,2.0,1.0,,7,1,64,2.0,1,44,1,,1,1,1,2,57,57,57,1,0,0,2.0,1.0,,40.0,,40.0,,,,,,2.0,4.0,0.0,1,2.0,2.0,2.0,,600.0,2.0,2.0,,,,13733.0902,3486.6801,0,0,1.0,,0,0,7045,1,,,,,,2.0,3399.9437,770.0,,-1,4.0,,,,,,237800.0,2012,630,615,0,0,0,0,0,18.0,,1.0,4920.0,16.0,4.0,2012,MIS4_to_MIS8,2011-2012,False,True,True,1
936097273117310,7,1.0,7,4,2,8900,89001,1,1,33,17,16980,0,2.0,1.0,,7,2,52,,2,40,2,,1,0,0,7,2,57,57,57,1,0,0,1.0,1.0,,35.0,,35.0,,,,,,2.0,2.0,0.0,1,2.0,,1.0,850.0,297.5,2.0,2.0,,,,10211.9283,2525.9612,0,0,1.0,1.0,0,0,7126,1,,,1.0,,,,2536.1295,8370.0,3600.0,-1,,,,,,,238688.0,2011,618,615,0,0,0,0,0,12.0,11.0,43.0,2011,1.0,7,8,2,8900,89001,1,17,16980,0,2.0,1.0,,7,2,53,,2,40,2,,0,0,7,2,57,57,57,1,0,0,1.0,3.0,,,,,3.0,,,3.0,1.0,12.0,4.0,0.0,2,,,,,,,,,,,14498.55,3237.2131,0,0,,,0,0,19410,1,,,1.0,,,,3398.1969,7860.0,,-1,,,,,,,237910.0,2012,630,615,0,0,0,0,0,12.0,,2.0,2540.0,8.0,40.0,2012,MIS4_to_MIS8,2011-2012,False,True,True,1
977689810239105,7,2.0,1,4,2,8900,89001,1,1,33,17,37900,0,2.0,1.0,,3,3,72,1.0,2,39,1,,2,1,2,1,2,57,57,57,1,0,0,1.0,7.0,,,,,,9.0,,,,1.0,3.0,0.0,2,,,,,,,,,,,10742.7323,2653.9891,0,0,,,0,0,65668,2,1.0,,,,,,2693.0283,9470.0,3940.0,-1,,,,,,,238720.0,2011,618,615,0,0,0,0,0,12.0,12.0,51.0,2011,1.0,1,8,2,8900,89001,1,17,37900,0,2.0,1.0,,3,3,28,1.0,2,41,1,,1,2,1,2,57,57,57,1,0,0,2.0,1.0,,40.0,,40.0,,,,,,2.0,5.0,0.0,1,2.0,2.0,2.0,,307.69,2.0,2.0,,,,11728.0419,3088.6507,8,2,0.0,,0,0,19778,2,,,3.0,,,,3023.479,8180.0,,-1,,,,,,,237943.0,2012,630,615,0,1,1,0,1,14.0,,1.0,3255.0,10.0,42.0,2012,MIS4_to_MIS8,2011-2012,False,True,True,1
82711170994194,7,1.0,1,4,2,8900,89001,1,1,33,17,0,0,3.0,2.0,,0,1,26,2.0,2,40,1,,1,1,1,1,2,57,57,57,1,0,0,1.0,4.0,,,,,,,,4.0,5.0,11.0,3.0,0.0,2,,,,,,,,,,,14602.648,3341.9688,5,2,,,0,0,32834,1,,,2.0,,,,3317.5501,9370.0,5700.0,-1,,,,,,,238772.0,2011,618,615,1,1,0,0,1,13.0,17.0,51.0,2011,1.0,1,8,2,8900,89001,1,17,0,0,3.0,2.0,,0,1,27,2.0,2,40,1,,1,1,1,2,57,57,57,1,0,0,1.0,4.0,,,,,,,,2.0,3.0,12.0,4.0,0.0,2,,,,,,,,,,,14943.5208,3094.4691,2,2,,,0,0,57901,1,,,2.0,,,,3287.949,8270.0,,-1,,,,,,,237992.0,2012,630,615,0,1,0,0,1,13.0,,1.0,3600.0,11.0,42.0,2012,MIS4_to_MIS8,2011-2012,False,True,True,1
260974093511209,7,1.0,1,4,2,8900,89001,1,1,33,17,0,0,3.0,2.0,,0,1,57,2.0,2,42,2,,1,1,1,1,2,57,57,57,1,0,0,1.0,1.0,,35.0,4.0,30.0,,,4.0,,,4.0,3.0,0.0,1,2.0,2.0,2.0,,415.38,1.0,,,,,11478.18,3036.9335,0,0,0.0,,0,0,20085,1,,,4.0,,,,3049.1587,7860.0,2540.0,4010,,,,,,,238791.0,2011,618,615,0,0,0,0,0,15.0,8.0,40.0,2011,2.0,1,8,2,8900,89001,1,17,0,0,3.0,2.0,,0,1,58,2.0,2,42,2,,1,1,1,2,57,57,57,1,0,0,1.0,7.0,,,,,,,,,,1.0,4.0,0.0,2,,,,,,,,,,,11534.2943,2986.1758,0,0,,,0,0,71447,1,,,4.0,,,,3032.3394,7280.0,,-1,,,,,,,238004.0,2012,630,615,0,0,0,0,0,15.0,,2.0,940.0,2.0,36.0,2012,MIS4_to_MIS8,2011-2012,False,True,True,1
107061604044741,7,1.0,6,4,2,8900,89001,1,1,33,17,16580,0,,1.0,,2,2,26,,1,43,1,,1,0,0,7,2,110,57,110,3,0,10,1.0,1.0,,60.0,,60.0,,,,,,2.0,2.0,0.0,1,2.0,2.0,2.0,,507.69,2.0,2.0,,,,14793.5626,3680.0755,0,0,0.0,,0,0,7119,1,,,,1.0,1.0,,3665.6282,7870.0,1920.0,-1,,,,,,,238897.0,2011,618,615,0,0,0,0,0,18.0,5.0,40.0,2011,1.0,1,8,2,8900,89001,1,17,16580,0,,1.0,,2,1,27,2.0,1,43,1,,1,1,1,2,110,57,110,3,0,10,1.0,1.0,,60.0,,60.0,,,,,,2.0,2.0,0.0,1,2.0,2.0,2.0,,384.61,2.0,2.0,,,,13358.7117,3428.0203,0,0,0.0,,0,0,4042,1,,,,1.0,1.0,,3353.2696,7870.0,,-1,,,,,,,238106.0,2012,630,615,0,0,0,0,0,18.0,,1.0,1920.0,5.0,40.0,2012,MIS4_to_MIS8,2011-2012,True,False,False,1
110709973562783,7,2.0,1,4,2,8900,89001,1,1,33,17,16580,0,,1.0,,2,3,42,1.0,2,39,1,,2,1,2,1,2,57,57,57,1,0,0,1.0,1.0,,40.0,,40.0,,,,,,2.0,2.0,0.0,1,1.0,,1.0,1396.0,559.4,1.0,,,,,12370.8738,3161.727,4,1,1.0,1.0,0,42,58244,2,1.0,,,,,,3166.2912,7870.0,5700.0,-1,,,,,,,238905.0,2011,618,615,0,0,0,1,0,12.0,17.0,40.0,2011,2.0,1,8,2,8900,89001,1,17,16580,0,,1.0,,2,3,43,1.0,2,39,1,,1,2,1,2,57,57,57,1,0,0,1.0,1.0,,40.0,,40.0,,,,,,2.0,2.0,0.0,1,2.0,,1.0,3000.0,1200.0,2.0,2.0,,,,11595.7438,2962.6992,0,0,1.0,1.0,0,0,19390,2,1.0,,,,,,2921.467,7870.0,,-1,,,,,,,238113.0,2012,630,615,0,0,0,0,0,12.0,,1.0,650.0,2.0,40.0,2012,MIS4_to_MIS8,2011-2012,True,False,False,1
120971093411189,7,1.0,6,4,2,8900,89001,1,1,33,17,16580,0,,1.0,,2,2,50,,1,44,1,,1,0,0,7,2,57,57,57,1,0,0,1.0,1.0,,25.0,4.0,33.0,,,4.0,,,4.0,2.0,0.0,1,2.0,2.0,2.0,,326.92,2.0,2.0,,,,11733.8169,3037.8622,0,0,0.0,,0,0,58246,1,,,,,,2.0,3011.6966,7870.0,2710.0,2750,,,,,,,238908.0,2011,618,615,0,0,0,0,0,18.0,9.0,40.0,2011,1.0,6,8,2,8900,89001,1,17,16580,0,,1.0,,2,2,51,,1,44,1,,0,0,7,2,57,57,57,1,0,0,1.0,1.0,,25.0,,45.0,,,,,,2.0,2.0,0.0,1,2.0,2.0,2.0,,346.15,2.0,2.0,,,,13677.8925,3530.9544,0,0,0.0,,0,0,16194,1,,,,,,2.0,3483.1636,7870.0,,2750,,,,,,,238116.0,2012,630,615,0,0,0,0,0,18.0,,1.0,2800.0,9.0,40.0,2012,MIS4_to_MIS8,2011-2012,True,False,False,1
193961702073758,7,1.0,1,4,2,8900,89001,1,1,33,17,16580,0,,1.0,,2,1,48,2.0,1,39,1,,1,1,1,1,2,57,57,57,1,0,0,1.0,1.0,,40.0,,40.0,,,,,,2.0,3.0,0.0,1,2.0,1.0,1.0,900.0,538.0,2.0,2.0,,,,12458.2618,3211.623,0,0,1.0,1.0,0,0,43156,1,1.0,,,,,,3197.6385,770.0,6730.0,-1,,,,,,,238910.0,2011,618,615,0,0,0,0,0,12.0,19.0,4.0,2011,1.0,1,8,2,8900,89001,1,17,16580,0,,1.0,,2,1,49,2.0,1,39,1,,1,1,1,2,57,57,57,1,0,0,1.0,1.0,,40.0,,40.0,,,,,,2.0,3.0,0.0,1,2.0,1.0,1.0,2000.0,1519.0,2.0,2.0,,,,13853.4375,3587.6212,0,0,1.0,1.0,0,0,57856,1,1.0,,,,,,3527.8673,770.0,,-1,,,,,,,238118.0,2012,630,615,0,0,0,0,0,12.0,,1.0,10.0,1.0,4.0,2012,MIS4_to_MIS8,2011-2012,True,False,False,1
193961702073758,7,1.0,1,4,2,8900,89001,1,1,33,17,16580,0,,1.0,,2,4,22,,1,43,1,,3,1,3,7,2,57,57,57,1,0,0,2.0,7.0,,,,,,,,,,1.0,3.0,0.0,2,,,,,,,,1.0,1.0,2.0,17651.3209,4296.6057,0,0,,,0,0,43156,3,,,,2.0,,,4269.596,9390.0,4250.0,-1,,,,,2.0,1.0,238912.0,2011,618,615,0,0,0,0,0,16.0,14.0,51.0,2011,1.0,1,8,2,8900,89001,1,17,16580,0,,1.0,,2,4,23,,1,43,1,,1,3,7,2,57,57,57,1,0,0,2.0,1.0,,35.0,,35.0,,,,,,2.0,2.0,0.0,1,2.0,1.0,1.0,1500.0,153.0,2.0,2.0,1.0,2.0,2.0,17529.8795,4311.9051,0,0,1.0,1.0,0,0,57856,3,,,,1.0,2.0,,4255.5647,7870.0,,-1,,,,,2.0,1.0,238120.0,2012,630,615,0,0,0,0,0,17.0,,1.0,1530.0,4.0,40.0,2012,MIS4_to_MIS8,2011-2012,True,False,True,1
196931406096748,7,1.0,1,4,2,8900,89001,1,1,33,17,44100,0,,1.0,,2,3,71,1.0,2,40,1,,2,1,2,1,2,57,57,57,1,0,0,2.0,1.0,,40.0,,40.0,,,,,,2.0,2.0,0.0,1,2.0,2.0,2.0,,769.0,2.0,2.0,,,,9833.5491,2653.9891,0,0,1.0,,0,42,4297,2,,,3.0,,,,2593.0577,9570.0,430.0,-1,,,,,,,238914.0,2011,618,615,0,0,0,0,0,14.0,1.0,51.0,2011,2.0,1,8,2,8900,89001,1,17,44100,0,,1.0,,2,3,72,1.0,2,40,1,,1,2,1,2,57,57,57,1,0,0,1.0,1.0,,38.0,,38.0,,,,,,2.0,2.0,0.0,1,2.0,,1.0,1985.0,754.3,2.0,2.0,,,,13166.5661,3221.7606,0,0,0.0,0.0,0,0,7176,2,,,3.0,,,,3099.372,9570.0,,-1,,,,,,,238122.0,2012,630,615,0,0,0,0,0,14.0,,1.0,4830.0,16.0,51.0,2012,MIS4_to_MIS8,2011-2012,True,False,False,1
301905621897737,7,1.0,6,4,2,8900,89001,1,1,33,17,16580,0,,1.0,,2,14,48,,1,46,1,,2,0,0,7,2,57,57,57,1,0,0,2.0,1.0,,60.0,,60.0,,,,,,2.0,2.0,0.0,1,2.0,2.0,2.0,,2884.61,2.0,2.0,,,,12458.2618,3211.623,0,0,0.0,,0,0,19766,2,,,,,,,3197.6385,7870.0,2200.0,-1,,,,,,,238919.0,2011,618,615,0,0,0,0,0,18.0,8.0,40.0,2011,1.0,6,8,2,8900,89001,1,17,16580,0,,1.0,,2,14,50,,1,46,1,,0,0,7,2,57,57,57,1,0,0,2.0,1.0,,60.0,,36.0,,,,,,2.0,2.0,0.0,1,2.0,2.0,2.0,,2884.61,2.0,2.0,,,,13521.7662,3490.6504,0,0,0.0,,0,0,30008,2,,,,,,,3443.4051,7870.0,,-1,,,,,,,238126.0,2012,630,615,0,0,0,0,0,18.0,,1.0,2200.0,8.0,40.0,2012,MIS4_to_MIS8,2011-2012,True,False,False,1
610977092311159,7,1.0,4,4,2,8900,89001,1,1,33,17,19340,0,,1.0,,3,1,36,,2,43,1,,1,1,1,7,2,57,57,57,1,0,0,1.0,2.0,4.0,40.0,,,,,,,,5.0,3.0,0.0,1,2.0,2.0,2.0,,883.84,1.0,,,,,12224.4949,3145.3272,2,1,0.0,,0,0,16721,1,,,,2.0,,,3128.8259,7860.0,2320.0,-1,,,,,,,238932.0,2011,618,615,0,1,0,0,1,16.0,8.0,40.0,2011,1.0,4,8,2,8900,89001,1,17,19340,0,,1.0,,3,1,37,,2,43,1,,1,1,7,2,57,57,57,1,0,0,1.0,2.0,4.0,40.0,,,,,,,,5.0,3.0,0.0,1,2.0,2.0,2.0,,867.0,1.0,,,,,11060.5265,2833.5023,2,1,0.0,,0,0,19792,1,,,,2.0,,,2786.6228,7860.0,,-1,,,,,,,238138.0,2012,630,615,0,1,0,0,1,16.0,,1.0,2310.0,8.0,40.0,2012,MIS4_to_MIS8,2011-2012,True,False,False,1
799200477460911,7,1.0,3,4,2,8900,89001,1,1,33,17,14060,113,,1.0,,2,1,67,,1,43,1,,1,1,1,7,2,57,57,57,1,0,0,1.0,5.0,,,,,,,,,,1.0,2.0,0.0,2,,,,,,,,,,,12455.4591,3049.5538,0,0,,,0,0,20059,1,,,,1.0,1.0,,3103.2671,7870.0,4220.0,-1,4.0,,,,,,238941.0,2011,618,615,0,0,0,0,0,18.0,14.0,40.0,2011,3.0,3,8,2,8900,89001,1,17,14060,113,,1.0,,2,1,68,,1,43,1,,1,1,7,2,57,57,57,1,0,0,1.0,5.0,,,,,,,,,,1.0,,,2,,,,,,,,,,,14240.3547,3455.4305,0,0,,,0,0,19732,1,,,,1.0,1.0,,3559.9463,,,-1,4.0,,,,,,238148.0,2012,630,615,0,0,0,0,0,18.0,,1.0,,,,2012,MIS4_to_MIS8,2011-2012,False,True,True,1
799310418210911,7,2.0,1,4,2,8900,89001,1,1,33,17,16580,0,,1.0,,2,1,54,2.0,1,43,1,,1,1,1,1,2,57,57,57,1,0,0,2.0,1.0,,38.0,,47.0,,,,,,2.0,3.0,0.0,1,2.0,,1.0,2600.0,988.0,1.0,,,,,11733.8169,3037.8622,3,1,0.0,0.0,0,0,58245,1,,,,2.0,,,3011.6966,8290.0,2015.0,-1,,,,,,,238951.0,2011,618,615,0,0,1,0,0,16.0,6.0,42.0,2011,2.0,1,8,2,8900,89001,1,17,16580,0,,1.0,,2,1,56,2.0,1,43,1,,1,1,1,2,57,57,57,1,0,0,2.0,1.0,,50.0,,50.0,,,,,,2.0,3.0,0.0,1,2.0,1.0,1.0,2150.0,807.69,1.0,,,,,13555.3764,3343.1141,3,1,0.0,0.0,0,0,42625,1,,,,2.0,,,3287.848,8290.0,,-1,,,,,,,238159.0,2012,630,615,0,0,1,0,0,16.0,,1.0,2015.0,6.0,42.0,2012,MIS4_to_MIS8,2011-2012,True,False,False,1
957809710809103,7,1.0,4,4,2,8900,89001,1,1,33,17,19500,115,,1.0,,2,14,37,,1,39,1,,2,0,0,5,2,57,57,57,1,0,0,2.0,1.0,,40.0,,40.0,,,,,,2.0,3.0,0.0,1,2.0,,1.0,1000.0,400.0,1.0,,,,,13003.1472,3283.2718,0,0,1.0,1.0,0,0,54310,2,1.0,,,,,,3256.3103,7860.0,4220.0,-1,,,,,,,239001.0,2011,618,615,0,0,0,0,0,12.0,14.0,40.0,2011,5.0,4,8,2,8900,89001,1,17,19500,115,,1.0,,2,14,38,,1,39,1,,0,0,5,2,57,57,57,1,0,0,2.0,1.0,,40.0,,70.0,,,,,,2.0,3.0,0.0,1,2.0,1.0,1.0,1500.0,807.0,1.0,,,,,12731.2992,3202.3362,0,0,1.0,1.0,0,0,19748,2,1.0,,,,,,3172.7497,7860.0,,8500,,,,,,,238201.0,2012,630,615,0,0,0,0,0,12.0,,1.0,7315.0,20.0,40.0,2012,MIS4_to_MIS8,2011-2012,True,False,False,1
977629010749104,7,1.0,7,4,2,8900,89001,1,1,33,17,14060,113,,1.0,,2,2,54,,2,40,1,,1,0,0,4,2,57,57,57,1,0,0,1.0,1.0,,38.0,,36.0,,,,,,2.0,3.0,0.0,1,2.0,1.0,1.0,2300.0,634.61,2.0,2.0,,,,10792.6296,2759.2751,0,0,0.0,0.0,0,0,20061,1,,,3.0,,,,2723.0845,770.0,800.0,-1,,,,,,,239009.0,2011,618,615,0,0,0,0,0,14.0,2.0,4.0,2011,1.0,7,8,2,8900,89001,1,17,14060,113,,1.0,,2,2,55,,2,40,1,,0,0,4,2,57,57,57,1,0,0,1.0,1.0,,38.0,4.0,31.0,,,4.0,,,4.0,3.0,0.0,1,2.0,,1.0,2142.0,813.96,2.0,2.0,,,,12460.0611,3217.6694,0,0,0.0,0.0,0,0,19733,1,,,3.0,,,,3157.7075,770.0,,-1,,,,,,,238205.0,2012,630,615,0,0,0,0,0,14.0,,1.0,800.0,2.0,4.0,2012,MIS4_to_MIS8,2011-2012,True,False,False,1
31691270960990,8,1.0,4,4,2,8900,89001,1,1,33,17,16980,0,1.0,1.0,1.0,7,7,54,,1,39,2,,3,1,4,6,2,57,57,57,1,0,0,2.0,1.0,,40.0,,40.0,,,,,,2.0,1.0,0.0,1,2.0,,1.0,1000.0,400.0,1.0,,,,,10628.7408,2807.3138,0,0,1.0,1.0,0,0,20909,3,1.0,,,,,,2738.1044,6370.0,5550.0,-1,3.0,,,,2.0,,275312.0,2011,619,616,0,0,0,0,0,12.0,17.0,23.0,2011,1.0,4,8,2,8900,89001,1,17,16980,0,1.0,1.0,1.0,7,7,55,,1,39,2,,1,4,6,2,57,57,57,1,0,0,2.0,1.0,,40.0,,40.0,,,,,,2.0,1.0,0.0,1,2.0,,1.0,2200.0,880.0,1.0,,,,,13382.2735,3858.7937,0,0,0.0,0.0,0,0,22453,3,1.0,,,,,,3863.0612,6370.0,,-1,3.0,,,,2.0,,274477.0,2012,631,616,0,0,0,0,0,12.0,,2.0,5550.0,17.0,23.0,2012,MIS4_to_MIS8,2011-2012,True,False,False,1
202901611991237,8,2.0,6,4,2,8900,89001,1,1,33,17,37900,0,1.0,1.0,,3,2,45,,1,39,1,,1,0,0,7,2,57,57,57,1,0,0,2.0,1.0,,56.0,,56.0,,,,,,2.0,1.0,0.0,1,1.0,,1.0,1627.0,1692.24,2.0,2.0,,,,13263.2352,3373.334,0,0,1.0,1.0,0,0,44406,1,1.0,,,,,,3347.6212,770.0,9340.0,-1,2.0,3.0,,,,,275400.0,2011,619,616,0,0,0,0,0,12.0,22.0,4.0,2011,1.0,6,8,2,8900,89001,1,17,37900,0,1.0,1.0,,3,2,46,,1,39,1,,0,0,7,2,57,57,57,1,0,0,1.0,1.0,,40.0,,40.0,,,,,,2.0,1.0,0.0,1,2.0,1.0,1.0,3600.0,961.53,1.0,,,,,11213.5504,2770.5616,0,0,0.0,0.0,0,0,55876,1,1.0,,,,,,2769.1321,7290.0,,-1,2.0,3.0,,,,,274583.0,2012,631,616,0,0,0,0,0,12.0,,1.0,9420.0,22.0,36.0,2012,MIS4_to_MIS8,2011-2012,True,False,False,1
222196139700911,8,1.0,6,4,2,8900,89001,1,1,33,17,37900,0,1.0,1.0,,3,2,68,,1,43,1,,1,0,0,5,2,57,57,57,1,0,0,1.0,1.0,,-4.0,,60.0,,,,,,2.0,2.0,0.0,1,2.0,2.0,2.0,,0.0,2.0,2.0,,,,12495.7661,3094.7084,0,0,1.0,,0,0,58927,1,,,,1.0,2.0,,3083.6391,7870.0,137.0,-1,,,,,,,275413.0,2011,619,616,0,0,0,0,0,17.0,1.0,40.0,2011,1.0,6,8,2,8900,89001,1,17,37900,0,1.0,1.0,,3,2,70,,1,43,1,,0,0,5,2,57,57,57,1,0,0,1.0,1.0,,40.0,,40.0,,,,,,2.0,4.0,0.0,1,2.0,2.0,2.0,,769.0,2.0,2.0,,,,9622.7321,2568.2555,0,0,1.0,,0,42,35524,1,,,,2.0,,,2522.6997,7890.0,,-1,,,,,,,274597.0,2012,631,616,0,0,0,0,0,16.0,,1.0,2340.0,8.0,40.0,2012,MIS4_to_MIS8,2011-2012,False,True,True,1
271381032709399,8,1.0,1,4,2,8900,89001,1,1,33,17,16980,0,1.0,1.0,,7,1,65,2.0,2,43,1,,1,1,1,1,2,57,57,57,1,0,0,1.0,1.0,,40.0,,40.0,,,,,,2.0,3.0,0.0,1,2.0,2.0,2.0,,1096.0,2.0,2.0,,,,11608.612,2761.7284,0,0,1.0,,0,0,58887,1,,,,2.0,,,2734.457,7860.0,2310.0,-1,,,,,,,275415.0,2011,619,616,0,0,0,0,0,16.0,8.0,40.0,2011,2.0,1,8,2,8900,89001,1,17,16980,0,1.0,1.0,,7,1,65,2.0,2,43,1,,1,1,1,2,57,57,57,1,0,0,2.0,5.0,,,,,,,,,,1.0,4.0,0.0,2,,,,,,,,,,,10768.3371,2666.1476,0,0,,,0,0,4832,1,,,,2.0,,,2687.1849,7870.0,,-1,,,,,,,274599.0,2012,631,616,0,0,0,0,0,16.0,,1.0,5700.0,17.0,40.0,2012,MIS4_to_MIS8,2011-2012,False,True,True,1
739770560960921,8,1.0,7,4,2,8900,89001,1,1,33,17,16980,0,1.0,1.0,1.0,7,2,66,,2,43,2,,1,0,0,5,2,57,57,57,1,0,0,1.0,1.0,,40.0,,40.0,,,,,,2.0,3.0,0.0,1,2.0,2.0,2.0,,1250.0,1.0,,,,,11091.8501,2469.811,0,0,0.0,,0,0,20904,1,,,,1.0,2.0,,2485.4467,7860.0,2300.0,-1,,,,,,,275540.0,2011,619,616,0,0,0,0,0,17.0,8.0,40.0,2011,1.0,7,8,2,8900,89001,1,17,16980,0,1.0,1.0,1.0,7,2,67,,2,43,2,,0,0,5,2,57,57,57,1,0,0,1.0,5.0,,,,,,,,,,1.0,3.0,0.0,2,,,,,,,,,,,10159.5172,2471.2666,0,0,,,0,0,45338,1,,,,2.0,,,2502.4082,7860.0,,-1,,,,,,,274709.0,2012,631,616,0,0,0,0,0,16.0,,2.0,2300.0,8.0,40.0,2012,MIS4_to_MIS8,2011-2012,True,False,False,1
988057888129730,8,1.0,7,4,2,8900,89001,1,1,33,17,16980,0,1.0,1.0,1.0,7,2,28,,2,44,1,,1,0,0,7,2,57,128,128,1,0,0,1.0,2.0,14.0,55.0,,,,,,,,5.0,3.0,0.0,1,2.0,2.0,2.0,,1057.69,1.0,,,,,13776.7668,3373.4368,0,0,0.0,,0,0,66406,1,,,,,,3.0,3371.9717,7860.0,2310.0,-1,,,,,,,275632.0,2011,619,616,0,0,0,0,0,18.0,8.0,40.0,2011,1.0,1,8,2,8900,89001,1,17,16980,0,1.0,1.0,1.0,7,1,29,2.0,2,43,1,,1,1,1,2,57,128,128,1,0,0,1.0,1.0,,40.0,2.0,1.0,,,2.0,,,3.0,3.0,0.0,1,2.0,2.0,2.0,,961.53,1.0,,,,,11349.8948,2918.1427,0,0,0.0,,0,0,22455,1,,,,2.0,,,2903.3255,7860.0,,-1,,,,,,,274806.0,2012,631,616,0,0,0,0,0,16.0,,1.0,2310.0,8.0,40.0,2012,MIS4_to_MIS8,2011-2012,True,False,False,1
170873098712249,8,2.0,1,4,2,8900,89001,1,1,33,17,16980,0,2.0,1.0,,7,1,56,2.0,1,43,2,,1,1,1,1,2,57,57,57,1,0,0,2.0,1.0,,40.0,,40.0,,,,,,2.0,1.0,0.0,1,2.0,2.0,2.0,,923.0,1.0,,,,,11019.029,3190.973,0,0,1.0,,0,42,33825,1,,,,2.0,,,3112.3051,6370.0,5540.0,-1,3.0,,,,,,275748.0,2011,619,616,0,0,0,0,0,16.0,17.0,23.0,2011,1.0,1,8,2,8900,89001,1,17,16980,0,2.0,1.0,,7,1,56,2.0,1,43,2,,1,1,1,2,57,57,57,1,0,0,1.0,1.0,,40.0,,40.0,,,,,,2.0,1.0,0.0,1,2.0,,1.0,2300.0,920.0,1.0,,,,,13070.2483,3768.8209,0,0,1.0,1.0,0,42,35406,1,,,,2.0,,,3772.9888,6370.0,,-1,3.0,,,,,,274950.0,2012,631,616,0,0,0,0,0,16.0,,2.0,5540.0,17.0,23.0,2012,MIS4_to_MIS8,2011-2012,True,False,False,1
192962400042797,8,1.0,6,4,2,8900,89001,1,1,33,17,16980,0,2.0,1.0,,7,14,26,,2,44,1,,2,0,0,7,2,57,57,57,1,0,0,2.0,1.0,,30.0,,30.0,,,23.0,,,7.0,3.0,0.0,1,2.0,,1.0,1435.0,430.5,2.0,2.0,,,,13510.1197,3308.1445,0,0,1.0,1.0,0,42,8780,2,,,,,,2.0,3306.7077,8570.0,4620.0,-1,,,,,,,275761.0,2011,619,616,0,0,0,0,0,18.0,15.0,44.0,2011,1.0,1,8,2,8900,89001,1,17,16980,0,2.0,1.0,,7,3,28,1.0,2,44,1,,1,2,1,2,57,57,57,1,0,0,2.0,2.0,4.0,40.0,,,,,,,,5.0,3.0,0.0,1,2.0,2.0,2.0,,1038.46,1.0,,,,,11085.2571,2850.1024,0,0,0.0,,0,0,8848,2,,,,,,2.0,2835.6306,7860.0,,-1,,,,,,,274970.0,2012,631,616,0,0,0,0,0,18.0,,1.0,2310.0,8.0,40.0,2012,MIS4_to_MIS8,2011-2012,True,False,False,1
210709944710070,8,1.0,1,4,2,8900,89001,1,1,33,17,41180,163,2.0,1.0,,6,1,36,2.0,1,44,1,,1,1,1,1,2,57,57,57,1,0,0,1.0,1.0,,50.0,,50.0,,,,,,2.0,2.0,0.0,1,2.0,2.0,2.0,,1150.0,1.0,,,,,13797.9742,3393.944,8,2,0.0,,0,0,62910,1,,,,,,2.0,3392.8299,7860.0,2010.0,-1,,,,,,,275839.0,2011,619,616,0,1,1,0,1,18.0,6.0,40.0,2011,1.0,1,8,2,8900,89001,1,17,41180,163,2.0,1.0,,6,1,37,2.0,1,44,1,,1,1,1,2,57,57,57,1,0,0,1.0,1.0,,40.0,1.0,21.0,,,1.0,,,3.0,3.0,0.0,1,2.0,2.0,2.0,,1061.53,1.0,,,,,12136.1821,2975.9315,8,2,0.0,,0,0,35533,1,,,,,,2.0,2990.4935,7860.0,,-1,,,,,,,275031.0,2012,631,616,0,1,1,0,1,18.0,,1.0,230.0,1.0,40.0,2012,MIS4_to_MIS8,2011-2012,True,False,True,1
210709944710070,8,1.0,1,4,2,8900,89001,1,1,33,17,41180,163,2.0,1.0,,6,3,33,1.0,2,44,1,,2,1,2,1,2,57,57,57,1,0,0,2.0,1.0,,40.0,,40.0,,,,,,2.0,2.0,0.0,1,2.0,2.0,2.0,,1050.0,2.0,2.0,,,,12033.3662,2943.0917,8,2,0.0,,0,0,62910,2,,,,,,2.0,2945.2607,7870.0,230.0,-1,,,,,,,275840.0,2011,619,616,0,1,1,0,1,18.0,1.0,40.0,2011,1.0,1,8,2,8900,89001,1,17,41180,163,2.0,1.0,,6,3,34,1.0,2,44,1,,1,2,1,2,57,57,57,1,0,0,2.0,1.0,,40.0,,40.0,,,,,,2.0,2.0,0.0,1,2.0,2.0,2.0,,923.07,2.0,1.0,,,,11056.7874,2834.3995,8,2,0.0,,0,0,35533,2,,,,,,2.0,2828.348,7870.0,,-1,,,,,,,275032.0,2012,631,616,0,1,1,0,1,18.0,,1.0,230.0,1.0,40.0,2012,MIS4_to_MIS8,2011-2012,True,False,False,1
210709984815690,8,1.0,1,4,2,8900,89001,1,1,33,17,16980,0,2.0,1.0,,7,3,53,1.0,2,44,1,,2,1,2,1,2,57,57,57,1,0,0,2.0,1.0,,40.0,,40.0,,,,,,2.0,3.0,0.0,1,2.0,2.0,2.0,,1442.3,2.0,2.0,,,,11482.5227,2941.4919,0,0,0.0,,0,0,21145,2,,,,,,1.0,2916.4592,7860.0,2320.0,-1,,,,,,,275844.0,2011,619,616,0,0,0,0,0,17.0,8.0,40.0,2011,1.0,1,8,2,8900,89001,1,17,16980,0,2.0,1.0,,7,3,54,1.0,2,44,1,,1,2,1,2,57,57,57,1,0,0,2.0,1.0,,45.0,,45.0,,,,,,2.0,4.0,0.0,1,2.0,2.0,2.0,,653.84,1.0,,,,,10697.6408,2677.8321,0,0,0.0,,0,0,55859,2,,,,,,1.0,2675.2924,7860.0,,-1,,,,,,,275036.0,2012,631,616,0,0,0,0,0,17.0,,1.0,2320.0,8.0,40.0,2012,MIS4_to_MIS8,2011-2012,False,True,True,1
230874094812969,8,1.0,6,4,2,8900,89001,1,1,33,17,16980,0,2.0,1.0,,7,2,36,,1,44,1,,1,0,0,7,2,57,57,57,1,0,0,1.0,1.0,,40.0,,40.0,,,,,,2.0,3.0,0.0,1,2.0,2.0,2.0,,1538.0,2.0,2.0,,,,13597.3526,3344.5963,0,0,1.0,,0,0,21273,1,,,,,,2.0,3343.4984,7860.0,230.0,-1,,,,,,,275851.0,2011,619,616,0,0,0,0,0,18.0,1.0,40.0,2011,1.0,6,8,2,8900,89001,1,17,16980,0,2.0,1.0,,7,2,37,,1,44,1,,0,0,7,2,57,57,57,1,0,0,1.0,1.0,,60.0,,60.0,,,,,,2.0,3.0,0.0,1,2.0,2.0,2.0,,1730.76,2.0,2.0,,,,12321.6796,3021.4177,0,0,0.0,,0,0,22830,1,,,,,,2.0,3036.2022,7860.0,,-1,,,,,,,275043.0,2012,631,616,0,0,0,0,0,18.0,,1.0,230.0,1.0,40.0,2012,MIS4_to_MIS8,2011-2012,True,False,False,1
302904531484537,8,1.0,1,4,2,8900,89001,1,1,33,17,16980,0,2.0,1.0,,7,1,27,2.0,2,41,1,,1,1,1,1,2,116,116,116,4,0,19,1.0,3.0,,,,,9.0,,,9.0,1.0,11.0,3.0,0.0,2,,,,,,,,,,,13234.4543,3308.1445,0,0,,,0,0,62877,1,,,3.0,,,,3128.7444,7860.0,5700.0,-1,,,,,,,275864.0,2011,619,616,0,0,0,0,0,14.0,17.0,40.0,2011,1.0,1,8,2,8900,89001,1,17,16980,0,2.0,1.0,,7,1,28,2.0,2,41,1,,1,1,1,2,116,116,116,4,0,12,1.0,2.0,4.0,35.0,,,,,,,,5.0,3.0,0.0,1,2.0,,1.0,1000.0,350.0,2.0,2.0,,,,11085.2571,2850.1024,0,0,1.0,1.0,0,42,55816,1,,,3.0,,,,2835.6306,7860.0,,-1,,,,,,,275058.0,2012,631,616,0,0,0,0,0,14.0,,1.0,5700.0,17.0,40.0,2012,MIS4_to_MIS8,2011-2012,True,False,False,1
450878093612847,8,1.0,4,4,2,8900,89001,1,1,33,17,16980,0,2.0,1.0,,7,1,22,,2,43,2,,1,1,1,4,2,57,57,57,1,0,0,1.0,1.0,,60.0,,60.0,,,,,,2.0,3.0,0.0,1,2.0,,1.0,1058.0,634.8,1.0,,1.0,2.0,2.0,14674.3702,3740.7198,4,3,1.0,1.0,0,42,44228,1,,,,2.0,,,3844.5549,8190.0,3255.0,-1,,,,,,,275906.0,2011,619,616,0,0,0,1,0,16.0,10.0,41.0,2011,4.0,4,8,2,8900,89001,1,17,16980,0,2.0,1.0,,7,1,23,,2,43,2,,1,1,4,2,57,57,57,1,0,0,2.0,1.0,,50.0,,50.0,,,,,,2.0,3.0,0.0,1,2.0,,1.0,1058.0,529.0,2.0,2.0,2.0,,,14100.0371,3522.1973,4,3,1.0,1.0,0,42,22442,1,,,,2.0,,,3466.3866,8190.0,,-1,,,,,,,275107.0,2012,631,616,0,0,0,1,0,16.0,,2.0,3255.0,10.0,41.0,2012,MIS4_to_MIS8,2011-2012,True,False,False,1
708390133280921,8,1.0,6,4,2,8900,89001,1,1,33,17,16980,0,2.0,1.0,,7,2,40,,1,39,2,,1,0,0,7,2,57,57,57,1,0,0,1.0,1.0,,40.0,,40.0,,,,,,2.0,3.0,0.0,1,2.0,,1.0,1800.0,720.0,1.0,,,,,9992.7559,2643.2374,0,0,1.0,1.0,0,0,20894,1,1.0,,,,,,2617.7158,7860.0,8610.0,-1,,,,,,,275979.0,2011,619,616,0,0,0,0,0,12.0,21.0,40.0,2011,1.0,6,8,2,8900,89001,1,17,16980,0,2.0,1.0,,7,2,41,,1,39,2,,0,0,7,2,57,57,57,1,0,0,1.0,1.0,,40.0,,40.0,,,,,,2.0,3.0,0.0,1,2.0,,1.0,3550.0,1420.0,1.0,,,,,12737.0157,3289.6463,0,0,1.0,1.0,0,0,45336,1,1.0,,,,,,3219.3961,7860.0,,-1,,,,,,,275193.0,2012,631,616,0,0,0,0,0,12.0,,2.0,2310.0,8.0,40.0,2012,MIS4_to_MIS8,2011-2012,True,False,False,1
847837820459106,8,1.0,1,4,2,8900,89001,1,1,33,17,16980,0,2.0,1.0,,7,3,50,1.0,1,43,2,,2,1,2,1,2,57,57,57,1,0,0,2.0,1.0,,40.0,,40.0,,,,,,2.0,1.0,0.0,1,2.0,,1.0,2198.0,879.2,1.0,,,,,10423.0232,2752.9787,8,2,1.0,1.0,0,42,33702,2,,,,2.0,,,2685.1088,9390.0,7420.0,-1,,,,,,,276049.0,2011,619,616,0,1,1,0,1,16.0,20.0,51.0,2011,1.0,1,8,2,8900,89001,1,17,16980,0,2.0,1.0,,7,3,51,1.0,1,43,2,,1,2,1,2,57,57,57,1,0,0,2.0,1.0,,40.0,,40.0,,,,,,2.0,1.0,0.0,1,2.0,2.0,2.0,,1057.0,2.0,1.0,,,,14711.9932,3535.1846,3,2,1.0,,0,42,22441,2,,,,2.0,,,3539.0942,9390.0,,-1,,,,,,,275266.0,2012,631,616,0,0,1,0,0,16.0,,2.0,1550.0,4.0,51.0,2012,MIS4_to_MIS8,2011-2012,True,False,False,1
860378094712008,8,1.0,4,4,2,8900,89001,1,1,33,17,16980,0,2.0,1.0,,7,1,61,,2,40,1,,1,1,1,7,2,57,57,57,1,0,0,1.0,1.0,,40.0,,40.0,,,,,,2.0,3.0,0.0,1,2.0,2.0,2.0,,1230.76,2.0,2.0,,,,11393.8627,3006.8465,0,0,0.0,,0,0,33706,1,,,3.0,,,,2955.1986,9370.0,5700.0,-1,,,,,,,276055.0,2011,619,616,0,0,0,0,0,14.0,17.0,51.0,2011,1.0,4,8,2,8900,89001,1,17,16980,0,2.0,1.0,,7,1,62,,2,40,1,,1,1,5,2,57,57,57,1,0,0,1.0,1.0,,40.0,4.0,32.0,,,4.0,,,4.0,3.0,0.0,1,2.0,1.0,1.0,3000.0,1250.0,2.0,2.0,,,,9603.9822,2536.4793,0,0,0.0,0.0,0,0,18812,1,,,3.0,,,,2558.7686,9370.0,,-1,,,,,,,275274.0,2012,631,616,0,0,0,0,0,14.0,,1.0,5700.0,17.0,51.0,2012,MIS4_to_MIS8,2011-2012,True,False,False,1
860378094712008,8,1.0,4,4,2,8900,89001,1,1,33,17,16980,0,2.0,1.0,,7,4,23,,2,40,1,,2,1,3,7,2,57,57,57,1,0,0,2.0,1.0,,-4.0,11.0,25.0,,,11.0,,,4.0,3.0,0.0,1,2.0,,1.0,1000.0,250.0,2.0,2.0,1.0,1.0,2.0,12419.1655,3152.4652,0,0,0.0,0.0,0,0,33706,2,,,3.0,,,,3131.5276,6770.0,2440.0,-1,,,,,1.0,,276056.0,2011,619,616,0,0,0,0,0,14.0,8.0,31.0,2011,1.0,4,8,2,8900,89001,1,17,16980,0,2.0,1.0,,7,4,24,,2,43,1,,1,3,7,2,57,57,57,1,0,0,2.0,1.0,,40.0,,38.0,,,,,,2.0,4.0,0.0,1,2.0,1.0,1.0,1250.0,519.23,2.0,2.0,2.0,,,11392.9803,2867.5093,0,0,0.0,1.0,0,0,18812,2,,,,2.0,,,2791.0577,7270.0,,-1,,,,,1.0,,275275.0,2012,631,616,0,0,0,0,0,16.0,,1.0,5700.0,17.0,36.0,2012,MIS4_to_MIS8,2011-2012,False,True,True,1
867089020129101,8,2.0,1,4,2,8900,89001,1,1,33,17,16980,0,2.0,1.0,,7,3,31,1.0,1,40,1,,2,1,2,1,2,57,57,57,1,0,0,1.0,1.0,,-4.0,,48.0,,,,,,2.0,3.0,0.0,1,2.0,2.0,1.0,1750.0,840.0,2.0,1.0,,,,15169.8153,3758.1867,1,1,1.0,1.0,0,42,62896,2,,,3.0,,,,3739.5827,9470.0,3400.0,-1,,,,,,,276065.0,2011,619,616,1,0,0,0,1,14.0,10.0,51.0,2011,2.0,1,8,2,8900,89001,1,17,16980,0,2.0,1.0,,7,3,33,1.0,1,44,1,,1,2,1,2,57,57,57,1,0,0,1.0,1.0,,40.0,,48.0,,,,,,2.0,3.0,0.0,1,2.0,,1.0,1573.0,629.2,1.0,,,,,10765.6013,2670.9473,1,1,1.0,1.0,0,42,22646,2,,,,,,2.0,2685.2143,9470.0,,-1,,,,,,,275280.0,2012,631,616,1,0,0,0,1,18.0,,1.0,3740.0,12.0,51.0,2012,MIS4_to_MIS8,2011-2012,True,False,False,1
877069520509109,8,1.0,6,4,2,8900,89001,1,1,33,17,16980,0,2.0,1.0,,7,2,59,,1,40,1,,1,0,0,4,2,57,57,57,1,0,0,1.0,1.0,,45.0,,55.0,,,,,,2.0,3.0,0.0,1,1.0,1.0,1.0,1900.0,1923.07,2.0,2.0,,,,12805.1662,3091.8456,0,0,0.0,1.0,0,0,44349,1,,,2.0,,,,3068.6117,670.0,7000.0,-1,,,,,,,276077.0,2011,619,616,0,0,0,0,0,13.0,20.0,24.0,2011,1.0,6,8,2,8900,89001,1,17,16980,0,2.0,1.0,,7,2,61,,1,40,1,,0,0,4,2,57,57,57,1,0,0,1.0,5.0,,,,,,,,,,1.0,4.0,0.0,2,,,,,,,,,,,11224.5549,2752.52,0,0,,,0,0,35458,1,,,2.0,,,,2775.7251,590.0,,-1,,,,,,,275298.0,2012,631,616,0,0,0,0,0,13.0,,1.0,7000.0,20.0,24.0,2012,MIS4_to_MIS8,2011-2012,False,True,True,1
933027081128930,8,1.0,3,4,2,8900,89001,1,1,33,17,16980,0,2.0,1.0,,7,1,25,,1,43,2,,1,1,1,7,2,57,57,57,1,0,0,1.0,1.0,,25.0,,25.0,,,22.0,,,7.0,3.0,0.0,1,2.0,,1.0,1300.0,325.0,2.0,2.0,,,,17432.8973,4140.4034,0,0,1.0,1.0,0,0,20893,1,,,,2.0,,,4330.0154,9390.0,7420.0,-1,,,,,,,276100.0,2011,619,616,0,0,0,0,0,16.0,20.0,51.0,2011,1.0,3,8,2,8900,89001,1,17,16980,0,2.0,1.0,,7,1,26,,1,43,2,,1,1,7,2,57,57,57,1,0,0,1.0,1.0,,25.0,,25.0,,,20.0,,,7.0,3.0,0.0,1,2.0,,1.0,1200.0,300.0,2.0,2.0,,,,17106.8309,4188.4341,0,0,0.0,0.0,0,0,45335,1,,,,2.0,,,4253.5176,9390.0,,-1,,,,,,,275315.0,2012,631,616,0,0,0,0,0,16.0,,2.0,1550.0,4.0,51.0,2012,MIS4_to_MIS8,2011-2012,True,False,False,1
935037344127350,8,1.0,6,4,2,8900,89001,1,1,33,17,16980,0,2.0,1.0,,7,2,54,,1,35,1,1.0,1,0,0,3,2,57,303,303,1,0,0,1.0,4.0,,,,,,,,12.0,2.0,11.0,3.0,0.0,2,,,,,,,,,,,12877.6303,3290.7445,0,0,,,0,0,33698,1,,,,,,,3166.353,7860.0,4220.0,-1,,,,,,,276105.0,2011,619,616,0,0,0,0,0,9.0,14.0,40.0,2011,3.0,1,8,2,8900,89001,1,17,16980,0,2.0,1.0,,7,1,55,3.0,1,35,1,1.0,1,1,1,2,57,303,303,1,0,0,1.0,1.0,,40.0,,40.0,,,,,,2.0,3.0,0.0,1,2.0,,1.0,800.0,320.0,2.0,2.0,,,,12167.0592,3136.6596,0,0,0.0,0.0,0,0,18808,1,,,,,,,3080.9311,7860.0,,-1,,,,,,,275324.0,2012,631,616,0,0,0,0,0,9.0,,1.0,4220.0,14.0,40.0,2012,MIS4_to_MIS8,2011-2012,True,False,False,1
967849320786105,8,2.0,1,4,2,8900,89001,1,1,33,17,41180,0,2.0,1.0,,6,1,49,2.0,1,41,1,,1,1,1,1,2,57,57,57,1,0,0,2.0,1.0,,42.0,,42.0,,,,,,2.0,3.0,0.0,1,2.0,1.0,1.0,2100.0,880.5,1.0,,,,,13820.0698,3514.9578,4,2,0.0,0.0,0,0,4836,1,,,3.0,,,,3488.1655,9470.0,3850.0,-1,,,,,,,276122.0,2011,619,616,0,0,0,1,0,14.0,12.0,51.0,2011,2.0,1,8,2,8900,89001,1,17,41180,0,2.0,1.0,,6,1,50,2.0,1,41,1,,1,1,1,2,57,57,57,1,0,0,2.0,1.0,,42.0,,42.0,,,,,,2.0,3.0,0.0,1,2.0,1.0,1.0,2097.0,1006.5,1.0,,,,,11230.7078,2760.1827,4,1,0.0,0.0,0,0,4860,1,,,3.0,,,,2773.369,9470.0,,-1,,,,,,,275353.0,2012,631,616,0,0,0,1,0,14.0,,1.0,3850.0,12.0,51.0,2012,MIS4_to_MIS8,2011-2012,True,False,False,1
2201270698698,8,1.0,1,4,2,8900,89001,1,1,33,17,0,0,3.0,2.0,,0,3,51,1.0,2,39,1,,2,1,2,1,2,57,57,57,1,0,0,2.0,2.0,4.0,40.0,,,,,,,,5.0,2.0,0.0,1,2.0,2.0,2.0,,1538.0,1.0,,,,,11659.3326,2986.7855,0,0,1.0,,0,42,68164,2,1.0,,,,,,2961.3673,7860.0,4610.0,-1,,,,,,,276141.0,2011,619,616,0,0,0,0,0,12.0,15.0,40.0,2011,1.0,1,8,2,8900,89001,1,17,0,0,3.0,2.0,,0,3,52,1.0,2,39,1,,1,2,1,2,57,57,57,1,0,0,2.0,1.0,,40.0,,40.0,,,,,,2.0,2.0,0.0,1,1.0,2.0,2.0,,350.0,1.0,,,,,10384.3206,2599.4018,0,0,1.0,,0,0,22765,2,1.0,,,,,,2596.9365,7860.0,,-1,,,,,,,275385.0,2012,631,616,0,0,0,0,0,12.0,,1.0,4610.0,15.0,40.0,2012,MIS4_to_MIS8,2011-2012,True,False,False,1
160962802002789,8,1.0,7,4,2,8900,89001,1,1,33,17,0,0,3.0,2.0,,0,2,50,,2,43,1,,1,0,0,7,2,57,57,57,1,0,0,1.0,1.0,,40.0,,40.0,,,,,,2.0,2.0,0.0,1,2.0,1.0,1.0,900.0,1442.3,1.0,,,,,11659.3326,2986.7855,0,0,0.0,1.0,0,0,33917,1,,,,1.0,2.0,,2961.3673,9480.0,8610.0,-1,3.0,,,,,,276155.0,2011,619,616,0,0,0,0,0,17.0,21.0,51.0,2011,1.0,7,8,2,8900,89001,1,17,0,0,3.0,2.0,,0,2,51,,2,43,1,,0,0,7,2,57,57,57,1,0,0,1.0,2.0,5.0,40.0,,,,,,,,5.0,2.0,0.0,1,2.0,,1.0,4100.0,1640.0,1.0,,,,,10384.3206,2599.4018,0,0,0.0,0.0,0,0,52592,1,,,,1.0,1.0,,2596.9365,9480.0,,-1,3.0,,,,,,275399.0,2012,631,616,0,0,0,0,0,18.0,,1.0,1460.0,4.0,51.0,2012,MIS4_to_MIS8,2011-2012,True,False,False,1
196952307048729,8,1.0,1,4,2,8900,89001,1,1,33,17,0,99,3.0,2.0,,0,1,64,2.0,2,42,1,,1,1,1,1,2,57,57,57,1,0,0,1.0,7.0,,,,,,,,,,1.0,1.0,0.0,2,,,,,,,,,,,11762.3717,2884.2016,12,4,,,0,0,44366,1,,,3.0,,,,2943.661,9570.0,5310.0,-1,,,,,,,276173.0,2011,619,616,1,1,0,1,1,14.0,17.0,51.0,2011,1.0,1,8,2,8900,89001,1,17,0,99,3.0,2.0,,0,1,65,2.0,2,42,1,,1,1,1,2,57,57,57,1,0,0,1.0,1.0,,40.0,4.0,32.0,,,4.0,,,4.0,4.0,0.0,1,2.0,,1.0,1275.0,510.0,2.0,2.0,,,,9895.0359,2527.7156,12,4,1.0,1.0,0,42,8930,1,,,3.0,,,,2446.4311,6870.0,,-1,,,,,,,275423.0,2012,631,616,1,1,0,1,1,14.0,,1.0,5330.0,17.0,32.0,2012,MIS4_to_MIS8,2011-2012,False,True,True,1
193972504039799,8,1.0,3,4,2,8900,89001,1,1,33,17,19500,115,,1.0,,2,1,53,,1,39,1,,1,1,1,5,2,57,57,57,1,0,0,1.0,1.0,,40.0,,40.0,,,,,,2.0,2.0,0.0,1,2.0,,1.0,1600.0,640.0,1.0,,,,,12624.7371,3193.0356,0,0,1.0,1.0,0,0,33902,1,2.0,6.0,,,,,3186.4653,770.0,6730.0,-1,,,,,,,276259.0,2011,619,616,0,0,0,0,0,10.0,19.0,4.0,2011,1.0,6,8,2,8900,89001,1,17,19500,115,,1.0,,2,2,54,,1,39,1,,0,0,5,2,57,57,57,1,0,0,1.0,1.0,,40.0,,40.0,,,,,,2.0,2.0,0.0,1,2.0,,1.0,1600.0,640.0,2.0,2.0,,,,11577.2105,2845.3431,0,0,1.0,1.0,0,42,52588,1,2.0,6.0,,,,,2858.9362,770.0,,-1,,,,,,,275514.0,2012,631,616,0,0,0,0,0,10.0,,1.0,6730.0,19.0,4.0,2012,MIS4_to_MIS8,2011-2012,True,False,False,1
210709958076593,8,1.0,4,4,2,8900,89001,1,1,33,17,14060,113,,1.0,,2,1,51,,2,42,1,,1,1,1,5,2,57,57,57,1,0,0,1.0,1.0,,6.0,,6.0,,,14.0,,,6.0,3.0,0.0,1,2.0,,1.0,1050.0,63.0,2.0,2.0,,,,11312.1269,2897.8413,0,0,1.0,1.0,0,42,21184,1,,,3.0,,,,2873.1802,7860.0,4600.0,-1,,,,,,,276279.0,2011,619,616,0,0,0,0,0,14.0,15.0,40.0,2011,1.0,4,8,2,8900,89001,1,17,14060,113,,1.0,,2,1,53,,2,42,1,,1,1,5,2,57,57,57,1,0,0,1.0,1.0,,2.0,,2.0,,,15.0,,,6.0,2.0,0.0,1,2.0,1.0,1.0,1000.0,150.0,2.0,2.0,,,,10861.6795,2718.8943,0,0,1.0,1.0,0,0,8944,1,,,3.0,,,,2716.3156,7860.0,,-1,,,,,,,275533.0,2012,631,616,0,0,0,0,0,14.0,,1.0,4600.0,15.0,40.0,2012,MIS4_to_MIS8,2011-2012,True,False,True,1
210709979864095,8,1.0,7,4,2,8900,89001,1,1,33,17,44100,0,,1.0,,2,2,54,,2,44,1,,1,0,0,7,2,57,57,57,1,0,0,1.0,1.0,,38.0,5.0,34.0,,,5.0,,,4.0,2.0,0.0,1,2.0,2.0,2.0,,1750.0,1.0,,,,,11182.4642,2864.6255,0,0,0.0,,0,0,4845,1,,,,,,2.0,2840.247,9480.0,150.0,-1,,,,,,,276281.0,2011,619,616,0,0,0,0,0,18.0,1.0,51.0,2011,1.0,7,8,2,8900,89001,1,17,44100,0,,1.0,,2,2,55,,2,45,1,,0,0,7,2,57,57,57,1,0,0,1.0,1.0,,38.0,,38.0,,,,,,2.0,2.0,0.0,1,2.0,2.0,2.0,,1884.61,1.0,,,,,11855.9652,2946.3434,0,0,0.0,,0,0,4871,1,,,,,,,2926.2673,9480.0,,-1,,,,,,,275535.0,2012,631,616,0,0,0,0,0,18.0,,1.0,430.0,1.0,51.0,2012,MIS4_to_MIS8,2011-2012,True,False,False,1
210709979864095,8,1.0,7,4,2,8900,89001,1,1,33,17,44100,0,,1.0,,2,14,66,,2,46,1,,2,0,0,7,2,57,57,57,1,0,0,2.0,1.0,,80.0,,80.0,,,,,,2.0,2.0,0.0,1,2.0,2.0,2.0,,1211.53,2.0,2.0,,,,11086.4471,2637.5036,0,0,0.0,,0,0,4845,2,,,,,,,2611.4588,7870.0,2200.0,410,,,,,,,276282.0,2011,619,616,0,0,0,0,0,18.0,8.0,40.0,2011,1.0,7,8,2,8900,89001,1,17,44100,0,,1.0,,2,14,67,,2,46,1,,0,0,7,2,57,57,57,1,0,0,2.0,1.0,,60.0,,70.0,,,,,,2.0,2.0,0.0,1,2.0,2.0,2.0,,1916.66,2.0,2.0,,,,10231.2694,2613.6074,0,0,0.0,,0,0,4871,2,,,,,,,2529.5609,7870.0,,2100,,,,,,,275536.0,2012,631,616,0,0,0,0,0,18.0,,1.0,2200.0,8.0,40.0,2012,MIS4_to_MIS8,2011-2012,True,False,False,1
502907171996967,8,2.0,1,4,2,8900,89001,1,1,33,17,16580,0,,1.0,,2,1,52,2.0,1,39,1,,1,1,1,1,2,57,57,57,1,0,0,2.0,1.0,,50.0,,68.0,,,,,,2.0,2.0,0.0,1,1.0,,1.0,1350.0,1290.0,1.0,,,,,12624.7371,3193.0356,0,0,1.0,1.0,0,0,20848,1,2.0,7.0,,,,,3186.4653,7870.0,6420.0,-1,,,,,,,276308.0,2011,619,616,0,0,0,0,0,11.0,19.0,40.0,2011,2.0,1,8,2,8900,89001,1,17,16580,0,,1.0,,2,1,53,2.0,1,39,1,,1,1,1,2,57,57,57,1,0,0,2.0,1.0,,50.0,,48.0,,,,,,2.0,2.0,0.0,1,1.0,,1.0,2500.0,1300.0,1.0,,,,,11577.2105,2845.3431,0,0,0.0,0.0,0,0,22383,1,2.0,7.0,,,,,2858.9362,7870.0,,-1,,,,,,,275560.0,2012,631,616,0,0,0,0,0,11.0,,1.0,6420.0,19.0,40.0,2012,MIS4_to_MIS8,2011-2012,True,False,False,1
502907171996967,8,2.0,1,4,2,8900,89001,1,1,33,17,16580,0,,1.0,,2,3,50,1.0,2,43,1,,2,1,2,1,2,57,57,57,1,0,0,1.0,1.0,,50.0,4.0,25.0,,,4.0,,,4.0,3.0,0.0,1,2.0,2.0,2.0,,767.3,1.0,,,,,11312.1269,2897.8413,0,0,0.0,,0,0,20848,2,,,,1.0,2.0,,2873.1802,7860.0,2310.0,-1,,,,,,,276309.0,2011,619,616,0,0,0,0,0,17.0,8.0,40.0,2011,2.0,1,8,2,8900,89001,1,17,16580,0,,1.0,,2,3,51,1.0,2,43,1,,1,2,1,2,57,57,57,1,0,0,1.0,1.0,,50.0,,40.0,,,,,,2.0,3.0,0.0,1,2.0,2.0,2.0,,769.23,1.0,,,,,10861.6795,2718.8943,0,0,0.0,,0,0,22383,2,,,,2.0,,,2716.3156,7860.0,,-1,,,,,,,275561.0,2012,631,616,0,0,0,0,0,16.0,,1.0,2310.0,8.0,40.0,2012,MIS4_to_MIS8,2011-2012,True,False,False,1
303904531394537,9,1.0,1,4,2,8900,89001,1,1,33,17,16980,0,1.0,1.0,1.0,7,1,57,2.0,1,44,2,,1,1,1,1,2,440,440,440,4,0,10,1.0,1.0,,-4.0,1.0,30.0,,,1.0,,,3.0,3.0,0.0,1,2.0,2.0,2.0,,1403.84,1.0,,,,,9419.7869,2971.7223,0,0,0.0,,0,0,32558,1,,,,,,2.0,2925.8013,7870.0,2200.0,-1,,,,,,,313831.0,2011,620,617,0,0,0,0,0,18.0,8.0,40.0,2011,1.0,1,8,2,8900,89001,1,17,16980,0,1.0,1.0,1.0,7,1,58,2.0,1,44,2,,1,1,1,2,440,440,440,4,0,10,1.0,1.0,,30.0,,30.0,,,22.0,,,7.0,3.0,0.0,1,2.0,2.0,2.0,,1461.53,2.0,1.0,,,,10940.8883,3001.9142,0,0,0.0,,0,0,58257,1,,,,,,2.0,2970.9055,7870.0,,-1,,,,,,,312627.0,2012,632,617,0,0,0,0,0,18.0,,2.0,2200.0,8.0,40.0,2012,MIS4_to_MIS8,2011-2012,True,False,False,1
303908321881397,9,2.0,1,4,2,8900,89001,1,1,33,17,16980,0,1.0,1.0,1.0,7,1,61,2.0,2,39,2,,1,1,1,1,2,57,57,57,1,0,0,1.0,1.0,,40.0,,40.0,,,,,,2.0,3.0,0.0,1,2.0,1.0,1.0,1025.0,500.0,2.0,2.0,,,,11792.0917,2591.1972,0,0,1.0,1.0,0,0,42702,1,1.0,,,,,,2602.6379,7860.0,4220.0,-1,,,,,,,313835.0,2011,620,617,0,0,0,0,0,12.0,14.0,40.0,2011,1.0,1,8,2,8900,89001,1,17,16980,0,1.0,1.0,1.0,7,1,62,2.0,2,39,2,,1,1,1,2,57,57,57,1,0,0,1.0,1.0,,40.0,,40.0,,,,,,2.0,4.0,0.0,1,2.0,,1.0,1100.0,440.0,2.0,2.0,,,,15354.2623,2694.9145,0,0,1.0,1.0,0,42,58256,1,1.0,,,,,,2634.7027,7690.0,,-1,,,,,,,312631.0,2012,632,617,0,0,0,0,0,12.0,,2.0,4220.0,14.0,38.0,2012,MIS4_to_MIS8,2011-2012,False,True,True,1
320979093113839,9,2.0,1,4,2,8900,89001,1,1,33,17,16980,0,1.0,1.0,1.0,7,3,45,1.0,2,34,1,1.0,2,1,2,1,2,303,303,303,5,0,9,2.0,1.0,,15.0,,15.0,,,18.0,,,7.0,3.0,0.0,1,2.0,,1.0,900.0,135.0,1.0,,,,,10954.9452,2751.7321,0,0,1.0,1.0,0,41,32559,2,,,,,,,2763.2707,9480.0,4610.0,-1,,,,,,1.0,313860.0,2011,620,617,0,0,0,0,0,7.5,15.0,51.0,2011,1.0,1,8,2,8900,89001,1,17,16980,0,1.0,1.0,1.0,7,3,46,1.0,2,34,1,1.0,1,2,1,2,303,303,303,5,0,9,2.0,1.0,,16.0,,16.0,,,14.0,,,6.0,2.0,0.0,1,2.0,,1.0,1015.0,162.4,1.0,,,,,12805.991,3141.9639,0,0,0.0,0.0,0,0,4392,2,,,,,,,3133.293,9480.0,,-1,,,,,,1.0,312662.0,2012,632,617,0,0,0,0,0,7.5,,1.0,4610.0,15.0,51.0,2012,MIS4_to_MIS8,2011-2012,True,False,True,1
571388083906897,9,1.0,6,4,2,8900,89001,1,1,33,17,16980,0,1.0,1.0,1.0,7,2,51,,1,40,1,,1,0,0,5,2,57,57,57,1,0,0,1.0,1.0,,40.0,,40.0,,,,,,2.0,1.0,0.0,1,2.0,1.0,1.0,1000.0,750.0,2.0,2.0,,,,12251.3325,2968.6236,0,0,1.0,1.0,0,0,42707,1,,,3.0,,,,2981.3005,9370.0,5700.0,-1,1.0,2.0,3.0,,,,313899.0,2011,620,617,0,0,0,0,0,14.0,17.0,51.0,2011,1.0,6,8,2,8900,89001,1,17,16980,0,1.0,1.0,1.0,7,2,52,,1,40,1,,0,0,5,2,57,57,57,1,0,0,1.0,1.0,,40.0,,40.0,,,,,,2.0,1.0,0.0,1,1.0,,1.0,2020.0,2020.0,2.0,2.0,,,,10850.1498,2754.9273,0,0,1.0,1.0,0,42,19864,1,,,3.0,,,,2747.8174,9590.0,,-1,1.0,2.0,3.0,,,,312706.0,2012,632,617,0,0,0,0,0,14.0,,1.0,430.0,1.0,51.0,2012,MIS4_to_MIS8,2011-2012,True,False,False,1
633191939700037,9,1.0,7,4,2,8900,89001,1,1,33,17,16980,0,1.0,1.0,1.0,7,2,70,,2,44,2,,1,0,0,5,2,57,57,57,1,0,0,1.0,1.0,,-4.0,,6.0,,,21.0,,,7.0,2.0,0.0,1,2.0,,1.0,2900.0,87.0,2.0,2.0,,,,8734.9401,2676.0018,0,0,0.0,0.0,0,0,4287,1,,,,,,3.0,2687.8169,9470.0,2340.0,-1,,,,,,,313918.0,2011,620,617,0,0,0,0,0,18.0,8.0,51.0,2011,1.0,7,8,2,8900,89001,1,17,16980,0,1.0,1.0,1.0,7,2,71,,2,44,2,,0,0,5,2,57,57,57,1,0,0,1.0,2.0,14.0,6.0,,,,,,,,10.0,2.0,0.0,1,2.0,1.0,1.0,3000.0,183.0,2.0,2.0,,,,6828.9772,2440.4895,0,0,0.0,0.0,0,0,16706,1,,,,,,3.0,2385.9623,9480.0,,-1,,,,,,,312729.0,2012,632,617,0,0,0,0,0,18.0,,2.0,2340.0,8.0,51.0,2012,MIS4_to_MIS8,2011-2012,True,False,False,1
798630313970931,9,1.0,4,4,2,8900,89001,1,1,33,17,16980,0,1.0,1.0,1.0,7,1,53,,2,41,2,,1,1,1,4,2,57,57,57,1,0,0,1.0,1.0,,22.0,,22.0,,,15.0,,,6.0,2.0,0.0,1,2.0,1.0,1.0,1155.0,250.0,1.0,,,,,11276.2103,3006.3547,0,0,0.0,0.0,0,0,42703,1,,,3.0,,,,3019.6284,9480.0,4610.0,-1,,,,,,,313972.0,2011,620,617,0,0,0,0,0,14.0,15.0,51.0,2011,2.0,4,8,2,8900,89001,1,17,16980,0,1.0,1.0,1.0,7,1,54,,2,41,2,,1,1,4,2,57,57,57,1,0,0,2.0,1.0,,25.0,,25.0,,,14.0,,,6.0,4.0,0.0,1,2.0,,1.0,1000.0,250.0,1.0,,,,,10564.9854,2804.5516,0,0,0.0,0.0,0,0,66525,1,,,3.0,,,,2741.8902,8370.0,,-1,,,,,,,312773.0,2012,632,617,0,0,0,0,0,14.0,,2.0,4610.0,15.0,43.0,2012,MIS4_to_MIS8,2011-2012,False,True,True,1
944007962139460,9,2.0,1,4,2,8900,89001,1,1,33,17,37900,0,1.0,1.0,,3,3,29,1.0,2,44,1,4.0,2,1,2,1,2,373,373,373,4,0,12,2.0,1.0,,40.0,,40.0,,,,,,2.0,2.0,0.0,1,2.0,2.0,2.0,,784.61,1.0,,,,,9234.4257,2318.7998,5,2,0.0,,0,0,32813,2,,,,,,2.0,2330.9021,7860.0,2320.0,-1,,,,,,,314042.0,2011,620,617,1,1,0,0,1,18.0,8.0,40.0,2011,1.0,1,8,2,8900,89001,1,17,37900,0,1.0,1.0,,3,3,30,1.0,2,44,1,4.0,1,2,1,2,373,373,373,4,0,12,2.0,1.0,,-4.0,,40.0,,,,,,2.0,3.0,0.0,1,2.0,2.0,2.0,,1000.0,1.0,,,,,11657.2518,2962.852,6,2,0.0,,0,0,32738,2,,,,,,2.0,2933.3674,7860.0,,-1,,,,,,,312849.0,2012,632,617,1,0,1,0,1,18.0,,1.0,2320.0,8.0,40.0,2012,MIS4_to_MIS8,2011-2012,True,False,True,1
967649430409102,9,2.0,1,4,2,8900,89001,1,1,33,17,37900,0,1.0,1.0,,3,1,38,2.0,2,43,1,,1,1,1,1,2,57,57,57,1,0,0,1.0,1.0,,40.0,,49.0,,,,,,2.0,3.0,0.0,1,2.0,2.0,2.0,,900.0,1.0,,,,,12602.1561,3073.5905,3,1,0.0,,0,0,20268,1,,,,1.0,1.0,,3119.6444,7860.0,2310.0,-1,,,,,,,314051.0,2011,620,617,0,0,1,0,0,18.0,8.0,40.0,2011,2.0,1,8,2,8900,89001,1,17,37900,0,1.0,1.0,,3,1,40,2.0,2,43,1,,1,1,1,2,57,57,57,1,0,0,1.0,1.0,,40.0,5.0,32.0,,,5.0,,,4.0,3.0,0.0,1,2.0,2.0,2.0,,1000.0,1.0,,,,,11876.1052,2928.2452,3,1,0.0,,0,0,58318,1,,,,1.0,1.0,,2920.9611,7860.0,,-1,,,,,,,312857.0,2012,632,617,0,0,1,0,0,18.0,,1.0,2310.0,8.0,40.0,2012,MIS4_to_MIS8,2011-2012,True,False,False,1
20067182130820,9,1.0,1,4,2,8900,89001,1,1,33,17,16980,0,2.0,1.0,,7,3,54,1.0,2,44,1,,2,1,2,1,2,57,57,57,1,0,0,2.0,1.0,,40.0,,40.0,,,,,,2.0,3.0,0.0,1,2.0,2.0,2.0,,1923.07,1.0,,,,,11468.0005,2889.4391,0,0,0.0,,0,0,32842,2,,,,,,1.0,2892.6835,7860.0,1006.0,-1,,,,,,,314082.0,2011,620,617,0,0,0,0,0,17.0,3.0,40.0,2011,1.0,1,8,2,8900,89001,1,17,16980,0,2.0,1.0,,7,3,55,1.0,2,44,1,,1,2,1,2,57,57,57,1,0,0,2.0,5.0,,,,,,,,,,1.0,,,2,,,,,,,,,,,11290.8451,2793.2663,0,0,,,0,0,20184,2,,,,,,1.0,2879.843,,,-1,,,,,,,312892.0,2012,632,617,0,0,0,0,0,17.0,,1.0,,,,2012,MIS4_to_MIS8,2011-2012,False,True,True,1
32195969700884,9,2.0,1,4,2,8900,89001,1,1,33,17,37900,0,2.0,1.0,,3,3,21,1.0,1,42,1,,2,1,2,1,2,57,57,57,1,0,0,1.0,1.0,,20.0,,20.0,,,22.0,,,7.0,2.0,0.0,1,2.0,,1.0,1000.0,200.0,2.0,2.0,2.0,,,14982.631,3597.8375,0,0,1.0,1.0,0,0,32810,2,,,3.0,,,,3633.1315,7860.0,4220.0,-1,,,,,,,314103.0,2011,620,617,0,0,0,0,0,14.0,14.0,40.0,2011,2.0,1,8,2,8900,89001,1,17,37900,0,2.0,1.0,,3,3,21,1.0,1,42,1,,1,2,1,2,57,57,57,1,0,0,1.0,1.0,,30.0,,30.0,,,22.0,,,7.0,4.0,0.0,1,2.0,,1.0,2200.0,660.0,2.0,2.0,1.0,1.0,2.0,13496.4649,3335.8912,0,0,0.0,0.0,0,0,20126,2,,,3.0,,,,3323.537,2980.0,,-1,,,,,,,312909.0,2012,632,617,0,0,0,0,0,14.0,,1.0,1430.0,4.0,6.0,2012,MIS4_to_MIS8,2011-2012,False,True,True,1
55791370948381,9,1.0,6,4,2,8900,89001,1,1,33,17,16980,0,2.0,1.0,,7,14,48,,1,46,1,,2,0,0,7,2,57,57,57,1,0,0,2.0,7.0,,,,,,,,,,1.0,1.0,0.0,2,,,,,,,,,,,10409.8341,2888.9285,0,0,,,0,0,30144,2,,,,,,,2812.1606,6080.0,430.0,-1,,,,,,,314119.0,2011,620,617,0,0,0,0,0,18.0,1.0,23.0,2011,2.0,6,8,2,8900,89001,1,17,16980,0,2.0,1.0,,7,14,49,,1,46,1,,0,0,7,2,57,57,57,1,0,0,1.0,1.0,,40.0,,40.0,,,,,,2.0,1.0,0.0,1,2.0,2.0,2.0,,1677.0,2.0,2.0,,,,10887.3905,2771.2953,0,0,1.0,,0,42,53980,2,,,,,,,2757.2486,6080.0,,-1,,,,,,,312924.0,2012,632,617,0,0,0,0,0,18.0,,1.0,430.0,1.0,23.0,2012,MIS4_to_MIS8,2011-2012,True,False,False,1
163963708037719,9,1.0,6,4,2,8900,89001,1,1,33,17,41180,0,2.0,1.0,,6,2,55,,1,39,1,,1,0,0,4,2,57,57,57,1,0,0,1.0,1.0,,40.0,,40.0,,,,,,2.0,3.0,0.0,1,2.0,1.0,1.0,2250.0,923.07,1.0,,,,,11283.5158,2792.5187,0,0,0.0,0.0,0,0,19933,1,1.0,,,,,,2774.5809,770.0,4250.0,-1,,,,,,,314165.0,2011,620,617,0,0,0,0,0,12.0,14.0,4.0,2011,1.0,6,8,2,8900,89001,1,17,41180,0,2.0,1.0,,6,2,56,,1,39,1,,0,0,4,2,57,57,57,1,0,0,1.0,1.0,,40.0,,40.0,,,,,,2.0,3.0,0.0,1,2.0,,1.0,2000.0,800.0,1.0,,,,,11441.7942,2807.6864,0,0,1.0,1.0,0,42,42709,1,1.0,,,,,,2800.0254,770.0,,-1,,,,,,,312969.0,2012,632,617,0,0,0,0,0,12.0,,1.0,6260.0,19.0,4.0,2012,MIS4_to_MIS8,2011-2012,True,False,False,1
193893001096703,9,4.0,1,4,2,8900,89001,1,1,33,17,16980,0,2.0,1.0,,7,1,60,2.0,2,40,1,1.0,1,1,1,1,2,303,303,303,4,0,4,2.0,1.0,,40.0,,40.0,,,,,,2.0,3.0,0.0,1,2.0,1.0,1.0,1700.0,875.0,2.0,2.0,,,,11300.7028,2848.1766,0,0,0.0,0.0,0,0,42699,1,,,2.0,,,,2898.4009,7860.0,2540.0,-1,,,,,,,314194.0,2011,620,617,0,0,0,0,0,13.0,8.0,40.0,2011,1.0,4,8,2,8900,89001,1,17,16980,0,2.0,1.0,,7,1,61,,2,40,1,1.0,1,1,4,2,303,303,303,4,0,4,1.0,2.0,4.0,30.0,,,,,,,,10.0,3.0,0.0,1,2.0,,1.0,2000.0,600.0,1.0,,,,,12057.8513,2948.2629,0,0,0.0,0.0,0,0,50271,1,,,3.0,,,,2987.2179,7860.0,,-1,,,,,,,312999.0,2012,632,617,0,0,0,0,0,14.0,,1.0,2540.0,8.0,40.0,2012,MIS4_to_MIS8,2011-2012,True,False,False,1
260178000213820,9,1.0,1,4,2,8900,89001,1,1,33,17,16980,0,2.0,1.0,,7,1,47,2.0,1,36,1,,1,1,1,1,2,57,57,57,1,0,0,1.0,1.0,,40.0,,40.0,,,,,,2.0,3.0,0.0,1,2.0,2.0,2.0,,961.53,1.0,,,,,11996.9251,2888.9285,4,2,0.0,,0,0,32839,1,,,,,,,2919.3917,9470.0,3850.0,-1,,,,,,,314251.0,2011,620,617,0,0,0,1,0,10.0,12.0,51.0,2011,2.0,1,8,2,8900,89001,1,17,16980,0,2.0,1.0,,7,1,49,2.0,1,39,1,,1,1,1,2,57,57,57,1,0,0,2.0,1.0,,40.0,,40.0,,,,,,2.0,3.0,0.0,1,2.0,,1.0,1000.0,400.0,1.0,,,,,10887.3905,2771.2953,4,2,1.0,1.0,0,42,32773,1,1.0,,,,,,2757.2486,9470.0,,-1,,,,,,,313055.0,2012,632,617,0,0,0,1,0,12.0,,1.0,3850.0,12.0,51.0,2012,MIS4_to_MIS8,2011-2012,True,False,False,1
260178000213820,9,1.0,1,4,2,8900,89001,1,1,33,17,16980,0,2.0,1.0,,7,3,43,1.0,2,39,1,,2,1,2,1,2,57,57,57,1,0,0,2.0,1.0,,40.0,,40.0,,,,,,2.0,3.0,0.0,1,2.0,2.0,2.0,,480.76,2.0,2.0,,,,10788.2603,2641.3914,4,2,0.0,,0,0,32839,2,1.0,,,,,,2670.6173,9370.0,5110.0,-1,,,,,,,314252.0,2011,620,617,0,0,0,1,0,12.0,17.0,51.0,2011,2.0,1,8,2,8900,89001,1,17,16980,0,2.0,1.0,,7,3,44,1.0,2,39,1,,1,2,1,2,57,57,57,1,0,0,1.0,1.0,,40.0,,40.0,,,,,,2.0,3.0,0.0,1,2.0,,1.0,1600.0,640.0,2.0,2.0,,,,11707.8925,2886.7696,4,2,1.0,1.0,0,42,32773,2,1.0,,,,,,2879.5888,680.0,,-1,,,,,,,313056.0,2012,632,617,0,0,0,1,0,12.0,,1.0,5110.0,17.0,24.0,2012,MIS4_to_MIS8,2011-2012,True,False,False,1
310709803091936,9,1.0,1,4,2,8900,89001,1,1,33,17,16980,0,2.0,1.0,,7,1,43,2.0,1,44,1,1.0,1,1,1,1,2,57,303,303,1,0,0,1.0,1.0,,40.0,,50.0,,,,,,2.0,1.0,0.0,1,2.0,2.0,2.0,,2115.0,2.0,2.0,,,,15592.9775,3835.104,14,3,1.0,,0,0,19984,1,,,,,,2.0,3852.2761,6080.0,430.0,430,,,,,,,314284.0,2011,620,617,0,1,1,1,1,18.0,1.0,23.0,2011,2.0,1,8,2,8900,89001,1,17,16980,0,2.0,1.0,,7,1,44,2.0,1,44,1,1.0,1,1,1,2,57,303,303,1,0,0,1.0,1.0,,45.0,,45.0,,,,,,2.0,4.0,0.0,1,2.0,2.0,2.0,,2307.0,2.0,2.0,,,,12906.9802,3316.503,10,3,1.0,,0,42,58255,1,,,,,,2.0,3253.7856,6080.0,,-1,,,,,,,313089.0,2012,632,617,0,0,1,1,0,18.0,,1.0,430.0,1.0,23.0,2012,MIS4_to_MIS8,2011-2012,False,True,True,1
310709906459882,9,2.0,3,4,2,8900,89001,1,1,33,17,37900,0,2.0,1.0,,3,6,48,3.0,1,43,1,,2,2,2,1,2,57,57,57,1,0,0,1.0,4.0,,,,,,,,8.0,2.0,11.0,3.0,0.0,2,,,,,,,,,,,10524.6612,2903.9761,10,2,,,0,0,63202,2,,,,1.0,1.0,,2725.3747,9470.0,3850.0,-1,3.0,,,,,,314298.0,2011,620,617,0,0,1,1,0,18.0,12.0,51.0,2011,1.0,1,8,2,8900,89001,1,17,37900,0,2.0,1.0,,3,1,49,3.0,1,44,1,,1,1,1,2,57,57,57,1,0,0,2.0,1.0,,40.0,,40.0,,,,,,2.0,3.0,0.0,1,2.0,2.0,2.0,,961.53,2.0,2.0,,,,11114.8962,2829.205,3,1,0.0,,0,42,66571,2,,,,,,2.0,2814.8648,7860.0,,-1,3.0,,,,,,313101.0,2012,632,617,0,0,1,0,0,18.0,,1.0,2320.0,8.0,40.0,2012,MIS4_to_MIS8,2011-2012,True,False,False,1
310709943496485,9,1.0,7,4,2,8900,89001,1,1,33,17,40420,0,2.0,1.0,,3,2,63,,2,42,1,1.0,1,0,0,5,2,303,303,303,4,0,5,1.0,1.0,,40.0,,40.0,,,,,,2.0,3.0,0.0,1,2.0,,1.0,2000.0,800.0,2.0,2.0,,,,11200.002,2822.7964,0,0,1.0,1.0,0,42,42888,1,,,3.0,,,,2872.5732,9380.0,850.0,-1,,,,,,,314313.0,2011,620,617,0,0,0,0,0,14.0,2.0,51.0,2011,1.0,7,8,2,8900,89001,1,17,40420,0,2.0,1.0,,3,2,65,,2,42,1,1.0,0,0,4,2,303,303,303,4,0,5,1.0,1.0,,40.0,,40.0,,,,,,2.0,3.0,0.0,1,2.0,,1.0,2193.0,877.2,2.0,2.0,,,,10243.403,2629.835,0,0,1.0,1.0,0,42,7708,1,,,3.0,,,,2564.8635,8370.0,,-1,,,,,,,313117.0,2012,632,617,0,0,0,0,0,14.0,,1.0,2016.0,6.0,43.0,2012,MIS4_to_MIS8,2011-2012,True,False,False,1
339196329700836,9,3.0,1,4,2,8900,89001,1,1,33,17,16980,0,2.0,1.0,,7,3,54,1.0,2,39,1,,2,1,2,1,2,57,57,57,1,0,0,2.0,1.0,,5.0,,7.0,,,15.0,,,6.0,3.0,0.0,1,2.0,,1.0,1000.0,50.0,2.0,2.0,,,,11468.0005,2889.4391,0,0,0.0,0.0,0,0,30153,2,1.0,,,,,,2892.6835,7860.0,3940.0,4020,,,,,,,314324.0,2011,620,617,0,0,0,0,0,12.0,12.0,40.0,2011,1.0,1,8,2,8900,89001,1,17,16980,0,2.0,1.0,,7,3,55,1.0,2,39,1,,1,2,1,2,57,57,57,1,0,0,1.0,1.0,,24.0,,24.0,,,18.0,,,7.0,4.0,0.0,1,2.0,,1.0,1000.0,240.0,2.0,2.0,,,,10722.1717,2793.2663,0,0,0.0,0.0,0,0,7536,2,1.0,,,,,,2755.7657,7860.0,,-1,,,,,,,313130.0,2012,632,617,0,0,0,0,0,12.0,,1.0,2310.0,8.0,40.0,2012,MIS4_to_MIS8,2011-2012,False,True,True,1
403902171697837,9,1.0,1,4,2,8900,89001,1,1,33,17,16980,0,2.0,1.0,,7,3,30,1.0,2,43,1,,2,1,2,1,2,57,57,57,1,0,0,1.0,1.0,,40.0,,40.0,,,,,,2.0,3.0,0.0,1,2.0,2.0,2.0,,923.07,1.0,,,,,10730.5218,2714.9032,0,0,0.0,,0,0,20127,2,,,,2.0,,,2708.5383,7860.0,2310.0,-1,,,,,,,314341.0,2011,620,617,0,0,0,0,0,16.0,8.0,40.0,2011,1.0,1,8,2,8900,89001,1,17,16980,0,2.0,1.0,,7,3,32,1.0,2,43,1,,1,2,1,2,57,57,57,1,0,0,2.0,1.0,,40.0,,40.0,,,,,,2.0,3.0,0.0,1,2.0,2.0,2.0,,923.07,1.0,,,,,10878.417,2766.8454,0,0,0.0,,0,0,19981,2,,,,1.0,1.0,,2737.3856,7860.0,,-1,,,,,,,313146.0,2012,632,617,0,0,0,0,0,18.0,,1.0,2310.0,8.0,40.0,2012,MIS4_to_MIS8,2011-2012,True,False,False,1
437818530759109,9,1.0,1,4,2,8900,89001,1,1,33,17,16980,0,2.0,1.0,,7,3,34,1.0,2,41,1,1.0,2,1,2,1,2,57,303,57,1,0,0,2.0,1.0,,40.0,,40.0,,,,,,2.0,3.0,0.0,1,2.0,,1.0,1560.0,624.0,2.0,2.0,,,,11118.0633,2830.8871,8,2,1.0,1.0,0,42,7458,2,,,3.0,,,,2806.3593,7860.0,3255.0,-1,,,,,,,314363.0,2011,620,617,0,1,1,0,1,14.0,10.0,40.0,2011,1.0,1,8,2,8900,89001,1,17,16980,0,2.0,1.0,,7,3,35,1.0,2,41,1,1.0,1,2,1,2,57,303,57,1,0,0,2.0,1.0,,35.0,,35.0,,,,,,2.0,3.0,0.0,1,2.0,2.0,2.0,,461.0,1.0,,,,,11899.9253,2935.1168,8,2,1.0,,0,42,63121,2,,,5.0,,,,2926.8198,7860.0,,-1,,,,,,,313167.0,2012,632,617,0,1,1,0,1,16.0,,1.0,3255.0,10.0,40.0,2012,MIS4_to_MIS8,2011-2012,True,False,False,1
603900911389037,9,1.0,4,4,2,8900,89001,1,1,33,17,16980,0,2.0,1.0,,7,1,27,,2,42,1,1.0,1,1,1,7,2,57,303,303,1,0,0,1.0,1.0,,40.0,,40.0,,,,,,2.0,1.0,0.0,1,2.0,1.0,1.0,1800.0,461.0,2.0,2.0,,,,9252.0625,2323.2285,0,0,1.0,1.0,0,0,32556,1,,,3.0,,,,2335.3539,7070.0,530.0,-1,,,,,3.0,1.0,314408.0,2011,620,617,0,0,0,0,0,14.0,2.0,34.0,2011,1.0,4,8,2,8900,89001,1,17,16980,0,2.0,1.0,,7,1,28,,2,42,1,1.0,1,1,7,2,57,303,303,1,0,0,1.0,1.0,,36.0,,36.0,,,,,,2.0,1.0,0.0,1,2.0,2.0,2.0,,703.84,2.0,2.0,,,,13629.6671,3438.7212,0,0,0.0,,0,0,7453,1,,,3.0,,,,3429.6952,9490.0,,-1,,,,,3.0,1.0,313209.0,2012,632,617,0,0,0,0,0,14.0,,1.0,530.0,2.0,51.0,2012,MIS4_to_MIS8,2011-2012,True,False,False,1
671282003001208,9,4.0,1,4,2,8900,89001,1,1,33,17,16980,0,2.0,1.0,,7,4,22,,1,39,1,,3,1,3,7,2,57,57,57,1,0,0,2.0,1.0,,40.0,,40.0,,,,,,2.0,3.0,0.0,1,2.0,,1.0,2000.0,800.0,1.0,,2.0,,,14904.9953,3579.1946,0,0,0.0,0.0,0,0,20319,3,1.0,,,,,,3614.3057,9390.0,4250.0,-1,,,,,2.0,1.0,314417.0,2011,620,617,0,0,0,0,0,12.0,14.0,51.0,2011,2.0,1,8,2,8900,89001,1,17,16980,0,2.0,1.0,,7,4,23,,1,39,1,,1,3,7,2,57,57,57,1,0,0,2.0,1.0,,40.0,,40.0,,,,,,2.0,3.0,0.0,1,2.0,,1.0,2100.0,840.0,1.0,,2.0,,,13220.2119,3267.6103,0,0,0.0,0.0,0,0,32772,3,1.0,,,,,,3255.509,9390.0,,-1,,,,,2.0,1.0,313223.0,2012,632,617,0,0,0,0,0,12.0,,1.0,9620.0,22.0,51.0,2012,MIS4_to_MIS8,2011-2012,True,False,False,1
671807043801098,9,1.0,1,4,2,8900,89001,1,1,33,17,16980,0,2.0,1.0,,7,1,32,2.0,2,44,1,,1,1,1,1,2,57,57,57,1,0,0,1.0,1.0,,45.0,4.0,16.0,,,4.0,,,4.0,1.0,0.0,1,2.0,2.0,2.0,,1884.61,2.0,2.0,,,,10730.5218,2714.9032,1,2,0.0,,0,0,19982,1,,,,,,3.0,2708.5383,9480.0,350.0,-1,,,,,,,314418.0,2011,620,617,1,0,0,0,1,18.0,1.0,51.0,2011,2.0,1,8,2,8900,89001,1,17,16980,0,2.0,1.0,,7,1,33,2.0,2,44,1,,1,1,1,2,57,57,57,1,0,0,1.0,1.0,,45.0,,50.0,,,,,,2.0,1.0,0.0,1,2.0,2.0,2.0,,1884.61,2.0,2.0,,,,10878.417,2766.8454,5,2,0.0,,0,0,41374,1,,,,,,3.0,2737.3856,9480.0,,-1,,,,,,,313224.0,2012,632,617,1,1,0,0,1,18.0,,1.0,350.0,1.0,51.0,2012,MIS4_to_MIS8,2011-2012,True,False,False,1
771127083906493,9,1.0,1,4,2,8900,89001,1,1,33,17,16980,0,2.0,1.0,,7,3,23,1.0,2,43,1,,2,1,2,1,2,57,57,57,1,0,0,2.0,1.0,,40.0,,40.0,,,,,,2.0,3.0,0.0,1,2.0,,1.0,850.0,340.0,1.0,,2.0,,,14138.4449,3341.6031,0,0,1.0,1.0,0,42,58403,2,,,,2.0,,,3361.3432,7860.0,2310.0,-1,,,,,,,314501.0,2011,620,617,0,0,0,0,0,16.0,8.0,40.0,2011,2.0,1,8,2,8900,89001,1,17,16980,0,2.0,1.0,,7,3,24,1.0,2,43,1,,1,2,1,2,57,57,57,1,0,0,2.0,1.0,,40.0,,40.0,,,,,,2.0,3.0,0.0,1,1.0,1.0,1.0,2000.0,769.0,1.0,,2.0,,,14787.539,3665.6025,0,0,1.0,1.0,0,0,7535,2,,,,2.0,,,3588.6545,7860.0,,-1,,,,,,,313307.0,2012,632,617,0,0,0,0,0,16.0,,1.0,2310.0,8.0,40.0,2012,MIS4_to_MIS8,2011-2012,True,False,False,1
799730367810631,9,1.0,7,4,2,8900,89001,1,1,33,17,41180,0,2.0,1.0,,6,2,69,,2,39,1,,1,0,0,5,2,57,57,57,1,0,0,1.0,1.0,,24.0,,24.0,,,21.0,,,7.0,3.0,0.0,1,2.0,2.0,2.0,,230.76,2.0,2.0,,,,12224.6193,2875.3899,0,0,0.0,,0,0,7417,1,1.0,,,,,,2848.8982,9370.0,5860.0,-1,,,,,,,314529.0,2011,620,617,0,0,0,0,0,12.0,17.0,51.0,2011,1.0,7,8,2,8900,89001,1,17,41180,0,2.0,1.0,,6,2,70,,2,39,1,,0,0,5,2,57,57,57,1,0,0,1.0,1.0,,24.0,,26.0,,,21.0,,,7.0,3.0,0.0,1,2.0,2.0,2.0,,230.76,2.0,2.0,,,,10968.8776,2836.0025,0,0,0.0,,0,0,42707,1,1.0,,,,,,2746.5163,9370.0,,10,,,,,,,313329.0,2012,632,617,0,0,0,0,0,12.0,,1.0,430.0,1.0,51.0,2012,MIS4_to_MIS8,2011-2012,True,False,False,1
950077924139550,9,1.0,1,4,2,8900,89001,1,1,33,17,16980,0,2.0,1.0,,7,1,32,2.0,2,40,1,,1,1,1,1,2,57,57,57,1,0,0,1.0,1.0,,30.0,,30.0,,,18.0,,,7.0,3.0,0.0,1,2.0,2.0,2.0,,576.92,2.0,2.0,,,,10730.5218,2714.9032,10,2,0.0,,0,0,58440,1,,,3.0,,,,2708.5383,9380.0,810.0,-1,,,,,,,314584.0,2011,620,617,0,0,1,1,0,14.0,2.0,51.0,2011,3.0,1,8,2,8900,89001,1,17,16980,0,2.0,1.0,,7,1,33,2.0,2,40,1,,1,1,1,2,57,57,57,1,0,0,1.0,1.0,,35.0,,35.0,,,,,,2.0,3.0,0.0,1,2.0,2.0,2.0,,576.92,2.0,1.0,,,,10878.417,2766.8454,10,2,0.0,,0,0,42899,1,,,2.0,,,,2737.3856,9380.0,,-1,,,,,,,313384.0,2012,632,617,0,0,1,1,0,13.0,,1.0,5810.0,17.0,51.0,2012,MIS4_to_MIS8,2011-2012,True,False,False,1
950077924139550,9,1.0,1,4,2,8900,89001,1,1,33,17,16980,0,2.0,1.0,,7,3,34,1.0,1,39,1,,2,1,2,1,2,57,57,57,1,0,0,2.0,1.0,,40.0,,40.0,,,,,,2.0,3.0,0.0,1,1.0,2.0,2.0,,769.23,1.0,,,,,12502.7478,3112.1509,10,2,0.0,,0,0,58440,2,1.0,,,,,,3119.0761,770.0,9130.0,-1,,,,,,,314585.0,2011,620,617,0,0,1,1,0,12.0,22.0,4.0,2011,3.0,1,8,2,8900,89001,1,17,16980,0,2.0,1.0,,7,3,35,1.0,1,39,1,,1,2,1,2,57,57,57,1,0,0,2.0,1.0,,40.0,,40.0,,,,,,2.0,3.0,0.0,1,1.0,2.0,2.0,,865.38,1.0,,,,,11253.6874,2832.5686,10,2,0.0,,0,0,42899,2,1.0,,,,,,2836.9987,770.0,,-1,,,,,,,313385.0,2012,632,617,0,0,1,1,0,12.0,,1.0,9130.0,22.0,4.0,2012,MIS4_to_MIS8,2011-2012,True,False,False,1
971173063708393,9,2.0,1,4,2,8900,89001,1,1,33,17,16980,0,2.0,1.0,,7,3,54,1.0,2,44,1,,2,1,2,1,2,57,57,57,1,0,0,2.0,1.0,,40.0,,40.0,,,,,,2.0,3.0,0.0,1,2.0,2.0,2.0,,846.15,1.0,,,,,11468.0005,2889.4391,0,0,0.0,,0,0,32552,2,,,,,,2.0,2892.6835,7860.0,2310.0,-1,,,,,,,314625.0,2011,620,617,0,0,0,0,0,18.0,8.0,40.0,2011,3.0,1,8,2,8900,89001,1,17,16980,0,2.0,1.0,,7,3,55,1.0,2,44,1,,1,2,1,2,57,57,57,1,0,0,2.0,1.0,,40.0,,40.0,,,,,,2.0,3.0,0.0,1,2.0,2.0,2.0,,884.61,1.0,,,,,10722.1717,2793.2663,0,0,0.0,,0,0,4389,2,,,,,,2.0,2755.7657,7860.0,,-1,,,,,,,313435.0,2012,632,617,0,0,0,0,0,18.0,,1.0,2330.0,8.0,40.0,2012,MIS4_to_MIS8,2011-2012,True,False,False,1
799230551050631,9,2.0,1,4,2,8900,89001,1,1,33,17,0,0,3.0,2.0,,0,3,55,1.0,2,39,1,,2,1,2,1,2,57,57,57,1,0,0,2.0,1.0,,40.0,,40.0,,,,,,2.0,1.0,0.0,1,2.0,2.0,2.0,,1055.5,1.0,,,,,10168.332,2623.9138,0,0,0.0,,0,0,54192,2,1.0,,,,,,2606.9464,6370.0,5550.0,-1,,,,,,,314716.0,2011,620,617,0,0,0,0,0,12.0,17.0,23.0,2011,2.0,1,8,2,8900,89001,1,17,0,0,3.0,2.0,,0,3,56,1.0,2,39,1,,1,2,1,2,57,57,57,1,0,0,2.0,1.0,,40.0,,40.0,,,,,,2.0,1.0,0.0,1,2.0,2.0,2.0,,1050.0,1.0,,,,,10518.7933,2740.2836,0,0,0.0,,0,0,16713,2,1.0,,,,,,2703.4943,6370.0,,-1,,,,,,,313518.0,2012,632,617,0,0,0,0,0,12.0,,1.0,5550.0,17.0,23.0,2012,MIS4_to_MIS8,2011-2012,True,False,False,1
907769430929107,9,2.0,1,4,2,8900,89001,1,1,33,17,0,0,3.0,2.0,,0,3,47,1.0,2,41,1,,2,1,2,1,2,57,57,57,1,0,0,1.0,1.0,,40.0,,50.0,,,,,,2.0,3.0,0.0,1,2.0,,1.0,2200.0,880.0,2.0,2.0,,,,10718.1205,2718.1282,0,0,0.0,0.0,0,0,42870,2,,,5.0,,,,2703.5341,8190.0,3255.0,3255,,,,,,,314740.0,2011,620,617,0,0,0,0,0,16.0,10.0,41.0,2011,1.0,1,8,2,8900,89001,1,17,0,0,3.0,2.0,,0,3,48,1.0,2,41,1,,1,2,1,2,57,57,57,1,0,0,2.0,1.0,,40.0,,40.0,,,,,,2.0,4.0,0.0,1,2.0,,1.0,1600.0,640.0,2.0,2.0,,,,10643.1833,2629.7818,0,0,1.0,1.0,0,42,20169,2,,,5.0,,,,2604.1102,8190.0,,-1,,,,,,,313540.0,2012,632,617,0,0,0,0,0,16.0,,1.0,3255.0,10.0,41.0,2012,MIS4_to_MIS8,2011-2012,False,True,True,1
310700033790910,9,2.0,1,4,2,8900,89001,1,1,33,17,19500,115,,1.0,,2,1,40,2.0,1,41,1,,1,1,1,1,2,57,57,57,1,0,0,1.0,1.0,,40.0,,66.0,,,,,,2.0,3.0,0.0,1,2.0,1.0,1.0,3150.0,600.0,1.0,,,,,13616.2843,3371.4664,3,3,0.0,0.0,0,0,63200,1,,,3.0,,,,3363.9301,9470.0,3850.0,3930,,,,,,,314806.0,2011,620,617,0,0,1,0,0,14.0,12.0,51.0,2011,1.0,1,8,2,8900,89001,1,17,19500,115,,1.0,,2,1,41,2.0,1,41,1,,1,1,1,2,57,57,57,1,0,0,2.0,1.0,,40.0,,42.0,,,,,,2.0,3.0,0.0,1,2.0,1.0,1.0,1000.0,711.0,1.0,,,,,11928.8576,3017.9083,3,3,1.0,1.0,0,0,20096,1,,,3.0,,,,3007.2058,9470.0,,-1,,,,,,,313616.0,2012,632,617,0,0,1,0,0,14.0,,1.0,3850.0,12.0,51.0,2012,MIS4_to_MIS8,2011-2012,True,False,False,1
951097999139510,9,1.0,7,4,0,8900,89002,2,2,33,17,19500,115,,1.0,,2,2,53,,2,39,1,,1,0,0,5,2,57,57,57,1,0,0,1.0,2.0,5.0,40.0,,,,,,,,5.0,2.0,0.0,1,2.0,,1.0,2700.0,1080.0,1.0,,,,,11578.8596,2917.3707,0,0,0.0,0.0,0,0,58423,1,1.0,,,,,,2920.6466,8090.0,3930.0,-1,,,,,,,314876.0,2011,620,617,0,0,0,0,0,12.0,12.0,42.0,2011,1.0,7,8,2,8900,89002,2,17,19500,115,,1.0,,2,2,54,,2,39,1,,0,0,5,2,57,57,57,1,0,0,1.0,1.0,,40.0,,40.0,,,,,,2.0,2.0,0.0,1,2.0,2.0,2.0,,383.0,1.0,,,,,11873.5208,2899.5832,0,0,1.0,,0,0,7644,1,1.0,,,,,,2905.1418,9480.0,,-1,,,,,,,313682.0,2012,632,617,0,0,0,0,0,12.0,,1.0,3930.0,12.0,51.0,2012,MIS4_to_MIS8,2011-2012,True,False,False,1
34371470952794,10,1.0,7,4,2,8900,89001,1,1,33,17,16980,0,1.0,1.0,1.0,7,2,33,,2,43,1,,1,0,0,7,2,57,57,57,1,0,0,1.0,1.0,,40.0,4.0,16.0,,,4.0,,,4.0,1.0,0.0,1,2.0,2.0,2.0,,1586.53,2.0,2.0,,,,13523.2737,3402.2943,0,0,0.0,,0,0,8909,1,,,,2.0,,,3420.4668,9390.0,100.0,-1,,,,,,,351989.0,2011,621,618,0,0,0,0,0,16.0,1.0,51.0,2011,1.0,7,8,2,8900,89001,1,17,16980,0,1.0,1.0,1.0,7,2,34,,2,43,1,,0,0,7,2,57,57,57,1,0,0,1.0,1.0,,40.0,6.0,32.0,,,6.0,,,4.0,1.0,0.0,1,2.0,2.0,2.0,,961.53,2.0,2.0,,,,14330.7506,3660.1847,0,0,0.0,,0,0,8431,1,,,,2.0,,,3611.3782,9480.0,,-1,,,,,,,350891.0,2012,633,618,0,0,0,0,0,16.0,,1.0,630.0,2.0,51.0,2012,MIS4_to_MIS8,2011-2012,True,False,False,1
75881470938388,10,2.0,1,4,2,8900,89001,1,1,33,17,16980,0,1.0,1.0,,7,1,50,2.0,1,44,1,,1,1,1,1,2,212,212,212,5,0,6,2.0,1.0,,12.0,,12.0,,,15.0,,,6.0,3.0,0.0,1,2.0,2.0,2.0,,500.0,2.0,2.0,,,,16179.111,3953.0227,10,2,0.0,,0,0,22526,1,,,,,,3.0,3951.1484,7870.0,2200.0,-1,,,,,,,352004.0,2011,621,618,0,0,1,1,0,18.0,8.0,40.0,2011,1.0,1,8,2,8900,89001,1,17,16980,0,1.0,1.0,,7,1,51,2.0,1,44,1,,1,1,1,2,212,212,212,5,0,6,1.0,1.0,,40.0,,50.0,,,,,,2.0,3.0,0.0,1,2.0,2.0,2.0,,1538.46,2.0,2.0,,,,14604.8111,3534.3531,10,2,0.0,,0,0,4696,1,,,,,,3.0,3538.8968,7870.0,,2200,,,,,,,350912.0,2012,633,618,0,0,1,1,0,18.0,,1.0,110.0,1.0,40.0,2012,MIS4_to_MIS8,2011-2012,True,False,False,1
193924700016739,10,1.0,1,4,2,8900,89001,1,1,33,17,40420,0,1.0,1.0,,3,1,42,2.0,1,43,1,,1,1,1,1,2,57,57,110,1,0,0,1.0,1.0,,40.0,,40.0,,,,,,2.0,1.0,0.0,1,2.0,1.0,1.0,2200.0,900.0,1.0,,,,,13949.2158,3515.9623,0,0,0.0,0.0,0,0,35666,1,,,,1.0,1.0,,3527.2973,6370.0,5540.0,-1,3.0,,,,,,352027.0,2011,621,618,0,0,0,0,0,18.0,17.0,23.0,2011,1.0,1,8,2,8900,89001,1,17,40420,0,1.0,1.0,,3,1,43,2.0,1,43,1,,1,1,1,2,57,57,110,1,0,0,1.0,1.0,,40.0,,40.0,,,,,,2.0,1.0,0.0,1,2.0,,1.0,2400.0,960.0,2.0,2.0,,,,13619.1316,3461.8616,0,0,0.0,0.0,0,0,51393,1,,,,1.0,1.0,,3439.7844,6370.0,,-1,3.0,,,,,,350942.0,2012,633,618,0,0,0,0,0,18.0,,1.0,5540.0,17.0,23.0,2012,MIS4_to_MIS8,2011-2012,True,False,False,1
193924700016739,10,1.0,1,4,2,8900,89001,1,1,33,17,40420,0,1.0,1.0,,3,3,47,1.0,2,40,1,,2,1,2,1,2,57,57,57,1,0,0,2.0,1.0,,40.0,,40.0,,,,,,2.0,1.0,0.0,1,2.0,,1.0,2200.0,880.0,1.0,,,,,13683.2694,3362.6732,0,0,0.0,0.0,0,0,35666,2,,,2.0,,,,3366.9744,6370.0,5540.0,-1,3.0,,,,,,352028.0,2011,621,618,0,0,0,0,0,13.0,17.0,23.0,2011,1.0,1,8,2,8900,89001,1,17,40420,0,1.0,1.0,,3,3,48,1.0,2,40,1,,1,2,1,2,57,57,57,1,0,0,2.0,1.0,,40.0,,40.0,,,,,,2.0,1.0,0.0,1,2.0,,1.0,2400.0,960.0,1.0,,,,,11818.0224,3054.2117,0,0,0.0,0.0,0,0,51393,2,,,1.0,,,,3017.1307,6370.0,,-1,3.0,,,,,,350943.0,2012,633,618,0,0,0,0,0,12.0,,1.0,5540.0,17.0,23.0,2012,MIS4_to_MIS8,2011-2012,True,False,False,1
410709932027090,10,1.0,7,4,2,8900,89001,1,1,33,17,37900,0,1.0,1.0,,3,2,50,,2,43,1,,1,0,0,6,2,57,57,57,1,0,0,1.0,1.0,,-4.0,,75.0,,,,,,2.0,3.0,0.0,1,2.0,2.0,2.0,,596.15,1.0,,,,,13854.5847,3397.8069,0,0,0.0,,0,0,45202,1,,,,2.0,,,3409.1291,7860.0,2320.0,-1,,,,,,,352089.0,2011,621,618,0,0,0,0,0,16.0,8.0,40.0,2011,1.0,7,8,2,8900,89001,1,17,37900,0,1.0,1.0,,3,2,51,,2,43,1,,0,0,6,2,57,57,57,1,0,0,1.0,1.0,,40.0,,60.0,,,,,,2.0,3.0,0.0,1,2.0,2.0,2.0,,1596.0,2.0,2.0,,,,11994.9084,3067.6201,0,0,1.0,,0,42,34121,1,,,,2.0,,,3062.2895,7860.0,,-1,,,,,,,351000.0,2012,633,618,0,0,0,0,0,16.0,,1.0,2320.0,8.0,40.0,2012,MIS4_to_MIS8,2011-2012,True,False,False,1
450678093614849,10,1.0,7,4,2,8900,89001,1,1,33,17,16980,0,1.0,1.0,1.0,7,2,32,,2,43,1,,1,0,0,7,2,57,57,57,1,0,0,1.0,1.0,,40.0,4.0,16.0,,,4.0,,,4.0,1.0,0.0,1,2.0,2.0,2.0,,1209.61,1.0,,,,,13523.2737,3402.2943,0,0,0.0,,0,0,22538,1,,,,2.0,,,3420.4668,9590.0,1900.0,-1,,,,,,,352101.0,2011,621,618,0,0,0,0,0,16.0,5.0,51.0,2011,1.0,1,8,2,8900,89001,1,17,16980,0,1.0,1.0,1.0,7,1,33,2.0,2,43,1,,1,1,1,2,57,57,57,1,0,0,1.0,1.0,,40.0,4.0,16.0,,,4.0,,,4.0,1.0,0.0,1,1.0,2.0,2.0,,1538.46,1.0,,,,,14330.7506,3660.1847,0,0,0.0,,0,0,4697,1,,,,2.0,,,3611.3782,9590.0,,-1,,,,,,,351012.0,2012,633,618,0,0,0,0,0,16.0,,1.0,1900.0,5.0,51.0,2012,MIS4_to_MIS8,2011-2012,True,False,False,1
789630313970941,10,1.0,1,4,2,8900,89001,1,1,33,17,16980,0,1.0,1.0,1.0,7,1,54,2.0,1,44,1,,1,1,1,1,2,57,57,57,1,0,0,1.0,1.0,,40.0,,70.0,,,,,,2.0,2.0,0.0,1,2.0,2.0,2.0,,1634.61,1.0,,,,,16179.111,3953.0227,0,0,0.0,,0,0,19072,1,,,,,,3.0,3951.1484,7860.0,2320.0,2200,,,,,,,352172.0,2011,621,618,0,0,0,0,0,18.0,8.0,40.0,2011,1.0,1,8,2,8900,89001,1,17,16980,0,1.0,1.0,1.0,7,1,53,2.0,1,44,1,,1,1,1,2,57,57,57,1,0,0,1.0,1.0,,40.0,,50.0,,,,,,2.0,3.0,0.0,1,2.0,2.0,2.0,,1538.46,1.0,,,,,14604.8111,3534.3531,0,0,0.0,,0,0,66789,1,,,,,,2.0,3538.8968,7860.0,,2200,,,,,,,351080.0,2012,633,618,0,0,0,0,0,18.0,,1.0,2320.0,8.0,40.0,2012,MIS4_to_MIS8,2011-2012,True,False,True,1
147193558700298,10,1.0,4,4,2,8900,89001,1,1,33,17,16980,0,2.0,1.0,,7,1,47,,2,42,2,,1,1,1,5,2,57,57,57,1,0,0,1.0,1.0,,40.0,,40.0,,,,,,2.0,2.0,0.0,1,2.0,,1.0,1475.0,590.0,2.0,2.0,,,,13536.443,3310.9547,0,0,1.0,1.0,0,0,63918,1,,,2.0,,,,3359.4149,9470.0,3730.0,-1,,,,,,1.0,352343.0,2011,621,618,0,0,0,0,0,13.0,12.0,51.0,2011,1.0,4,8,2,8900,89001,1,17,16980,0,2.0,1.0,,7,1,48,,2,42,2,,1,1,5,2,57,57,57,1,0,0,1.0,1.0,,40.0,,40.0,,,,,,2.0,4.0,0.0,1,2.0,2.0,2.0,,701.0,1.0,,,,,12561.7416,3352.8721,0,0,1.0,,0,42,70294,1,,,3.0,,,,3306.777,7590.0,,-1,,,,,,,351205.0,2012,633,618,0,0,0,0,0,14.0,,2.0,5120.0,17.0,38.0,2012,MIS4_to_MIS8,2011-2012,False,True,True,1
220572099014389,10,2.0,1,4,2,8900,89001,1,1,33,17,16980,0,2.0,1.0,,7,3,68,1.0,1,40,1,,2,1,2,1,2,57,57,57,1,0,0,1.0,5.0,,,,,,,,,,1.0,3.0,0.0,2,,,,,,,,,,,13481.4808,3397.9553,0,0,,,0,0,35534,2,,,2.0,,,,3359.5324,7270.0,2860.0,-1,,,,,,,352408.0,2011,621,618,0,0,0,0,0,13.0,9.0,36.0,2011,1.0,1,8,2,8900,89001,1,17,16980,0,2.0,1.0,,7,3,69,1.0,1,40,1,,1,2,1,2,57,57,57,1,0,0,2.0,5.0,,,,,,,,,,1.0,3.0,0.0,2,,,,,,,,,,,14064.7472,3495.3012,0,0,,,0,0,51292,2,,,2.0,,,,3535.1858,8590.0,,-1,,,,,,,351280.0,2012,633,618,0,0,0,0,0,13.0,,1.0,4430.0,15.0,44.0,2012,MIS4_to_MIS8,2011-2012,True,False,False,1
410709815835927,10,4.0,1,4,2,8900,89001,1,1,33,17,16980,0,2.0,1.0,,7,1,55,2.0,1,43,2,,1,1,1,1,2,57,57,57,1,0,0,2.0,1.0,,40.0,,40.0,,,,,,2.0,3.0,0.0,1,2.0,2.0,2.0,,1923.0,1.0,,,,,11926.9511,3269.2842,0,0,1.0,,0,0,52321,1,,,,2.0,,,3265.5795,7860.0,2310.0,-1,3.0,,,,,,352436.0,2011,621,618,0,0,0,0,0,16.0,8.0,40.0,2011,1.0,6,8,2,8900,89001,1,17,16980,0,2.0,1.0,,7,2,56,,1,41,2,,0,0,3,2,57,57,57,1,0,0,1.0,1.0,,35.0,,35.0,,,,,,2.0,3.0,0.0,1,2.0,,1.0,2200.0,770.0,1.0,,,,,21454.7798,4156.9548,0,0,1.0,1.0,0,0,58674,1,,,2.0,,,,4102.6046,7860.0,,-1,3.0,,,,,,351316.0,2012,633,618,0,0,0,0,0,13.0,,2.0,2310.0,8.0,40.0,2012,MIS4_to_MIS8,2011-2012,True,False,False,1
410709983217744,10,1.0,4,4,2,8900,89001,1,1,33,17,16980,0,2.0,1.0,,7,4,27,,2,43,1,1.0,2,1,3,7,2,57,57,303,1,0,0,2.0,1.0,,40.0,6.0,32.0,,,6.0,,,4.0,2.0,0.0,1,2.0,,1.0,1500.0,600.0,1.0,,,,,15027.2758,3712.8493,0,0,0.0,0.0,0,0,4965,2,,,,1.0,2.0,,3800.8768,7860.0,2330.0,-1,,,,,1.0,,352453.0,2011,621,618,0,0,0,0,0,17.0,8.0,40.0,2011,1.0,4,8,2,8900,89001,1,17,16980,0,2.0,1.0,,7,4,27,3.0,2,43,1,1.0,2,1,1,2,57,57,303,1,0,0,2.0,1.0,,40.0,,40.0,,,,,,2.0,4.0,0.0,1,2.0,1.0,1.0,800.0,538.46,2.0,2.0,,,,15036.9718,3806.841,1,1,0.0,1.0,0,0,58707,2,,,,1.0,1.0,,3789.3474,8180.0,,-1,,,,,1.0,,351336.0,2012,633,618,1,0,0,0,1,18.0,,1.0,3649.0,11.0,42.0,2012,MIS4_to_MIS8,2011-2012,False,True,True,1
441198819700754,10,1.0,1,4,2,8900,89001,1,1,33,17,16980,0,2.0,1.0,,7,1,29,2.0,1,43,1,,1,1,1,1,2,57,421,57,1,0,0,1.0,1.0,,48.0,,48.0,,,,,,2.0,3.0,0.0,1,2.0,2.0,2.0,,1000.0,2.0,2.0,,,,13717.042,3519.2497,0,0,0.0,,0,0,8981,1,,,,1.0,1.0,,3533.8565,9480.0,1006.0,-1,,,,,,,352462.0,2011,621,618,0,0,0,0,0,18.0,3.0,51.0,2011,2.0,1,8,2,8900,89001,1,17,16980,0,2.0,1.0,,7,1,29,2.0,1,43,1,,1,1,1,2,57,421,57,1,0,0,2.0,1.0,,50.0,,50.0,,,,,,2.0,4.0,0.0,1,2.0,2.0,2.0,,1153.84,2.0,2.0,,,,13557.512,3427.7517,1,1,0.0,,0,0,66800,1,,,,1.0,1.0,,3429.347,7390.0,,-1,,,,,,,351344.0,2012,633,618,1,0,0,0,1,18.0,,1.0,1006.0,3.0,36.0,2012,MIS4_to_MIS8,2011-2012,False,True,True,1
571388084002807,10,2.0,4,4,2,8900,89001,1,1,33,17,16980,0,2.0,1.0,,7,1,68,,2,39,1,,1,1,1,5,2,57,57,57,1,0,0,2.0,1.0,,40.0,,40.0,,,,,,2.0,1.0,0.0,1,2.0,,1.0,1050.0,420.0,1.0,,,,,11492.7092,3100.1206,0,0,1.0,1.0,0,42,22519,1,1.0,,,,,,3026.9964,9590.0,5860.0,-1,,,,,,,352497.0,2011,621,618,0,0,0,0,0,12.0,17.0,51.0,2011,2.0,4,8,2,8900,89001,1,17,16980,0,2.0,1.0,,7,1,69,,2,39,1,,1,1,5,2,57,57,57,1,0,0,2.0,5.0,,,,,,,,,,1.0,,,2,,,,,,,,,,,11571.6371,2912.6198,0,0,,,0,0,21116,1,1.0,,,,,,2957.6289,,,-1,,,,,,,351392.0,2012,633,618,0,0,0,0,0,12.0,,1.0,,,,2012,MIS4_to_MIS8,2011-2012,False,True,True,1
769320369360941,10,2.0,1,4,2,8900,89001,1,1,33,17,16980,0,2.0,1.0,,7,3,55,1.0,2,39,1,,2,1,2,1,2,57,57,57,1,0,0,1.0,1.0,,38.0,6.0,30.0,,,6.0,,,4.0,3.0,0.0,1,2.0,2.0,2.0,,346.15,1.0,,,,,12402.7792,3050.3791,0,0,0.0,,0,0,35535,2,1.0,,,,,,3065.5831,7860.0,5700.0,-1,,,,,,,352569.0,2011,621,618,0,0,0,0,0,12.0,17.0,40.0,2011,2.0,1,8,2,8900,89001,1,17,16980,0,2.0,1.0,,7,3,56,1.0,2,39,1,,1,2,1,2,57,57,57,1,0,0,1.0,1.0,,38.0,6.0,30.0,,,6.0,,,4.0,3.0,0.0,1,2.0,2.0,2.0,,454.54,1.0,,,,,11727.4253,2904.7327,0,0,0.0,,0,0,21244,2,1.0,,,,,,2902.0896,7860.0,,-1,,,,,,,351461.0,2012,633,618,0,0,0,0,0,12.0,,1.0,5700.0,17.0,40.0,2012,MIS4_to_MIS8,2011-2012,True,False,False,1
844191739700472,10,1.0,4,4,2,8900,89001,1,1,33,17,16980,0,2.0,1.0,,7,1,30,,2,43,1,,1,1,1,7,2,57,57,57,1,0,0,1.0,1.0,,40.0,,40.0,,,,,,2.0,2.0,0.0,1,2.0,,1.0,1250.0,500.0,2.0,2.0,,,,13044.2086,3281.7672,0,0,0.0,0.0,0,0,4966,1,,,,1.0,2.0,,3299.2959,7860.0,2540.0,-1,,,,,2.0,,352642.0,2011,621,618,0,0,0,0,0,17.0,8.0,40.0,2011,1.0,4,8,2,8900,89001,1,17,16980,0,2.0,1.0,,7,1,30,,2,43,1,,1,1,7,2,57,57,57,1,0,0,1.0,1.0,,40.0,,40.0,,,,,,2.0,3.0,0.0,1,2.0,1.0,1.0,1500.0,576.92,2.0,1.0,,,,13882.6638,3545.7399,0,0,0.0,0.0,0,0,4703,1,,,,1.0,1.0,,3498.4595,7860.0,,-1,,,,,2.0,,351530.0,2012,633,618,0,0,0,0,0,18.0,,1.0,2310.0,8.0,40.0,2012,MIS4_to_MIS8,2011-2012,True,False,True,1
845194619700928,10,2.0,1,4,2,8900,89001,1,1,33,17,41180,0,2.0,1.0,,6,3,34,1.0,2,43,1,,2,1,2,1,2,57,57,57,1,0,0,1.0,1.0,,16.0,,16.0,,,18.0,,,7.0,3.0,0.0,1,2.0,,1.0,1050.0,168.0,2.0,2.0,,,,12882.8945,3241.1825,3,2,0.0,0.0,0,0,22435,2,,,,1.0,2.0,,3258.4945,7860.0,2320.0,-1,,,,,,,352646.0,2011,621,618,0,0,1,0,0,17.0,8.0,40.0,2011,2.0,1,8,2,8900,89001,1,17,41180,0,2.0,1.0,,6,3,35,1.0,2,43,1,,1,2,1,2,57,57,57,1,0,0,1.0,1.0,,40.0,,47.0,,,,,,2.0,3.0,0.0,1,2.0,2.0,2.0,,346.15,2.0,2.0,,,,13963.9335,3539.9082,3,2,0.0,,0,0,17845,2,,,,1.0,1.0,,3492.2825,7860.0,,205,,,,,,,351534.0,2012,633,618,0,0,1,0,0,18.0,,1.0,2320.0,8.0,40.0,2012,MIS4_to_MIS8,2011-2012,True,False,False,1
871068014909292,10,1.0,1,4,2,8900,89001,1,1,33,17,37900,0,2.0,1.0,,3,3,44,1.0,2,40,1,,2,1,2,1,2,57,57,57,1,0,0,2.0,1.0,,25.0,8.0,31.0,,,8.0,,,4.0,3.0,0.0,1,2.0,,1.0,1000.0,250.0,2.0,2.0,,,,12787.853,3153.7198,0,0,0.0,0.0,0,0,22907,2,,,3.0,,,,3209.5382,7860.0,4020.0,4020,,,,,,,352667.0,2011,621,618,0,0,0,0,0,14.0,13.0,40.0,2011,1.0,1,8,2,8900,89001,1,17,37900,0,2.0,1.0,,3,3,45,1.0,2,40,1,,1,2,1,2,57,57,57,1,0,0,2.0,1.0,,40.0,,40.0,,,,,,2.0,3.0,0.0,1,2.0,2.0,2.0,,500.0,2.0,2.0,,,,11484.2139,2967.9433,0,0,0.0,,0,0,34175,2,,,3.0,,,,2931.9097,7860.0,,-1,,,,,,,351553.0,2012,633,618,0,0,0,0,0,14.0,,1.0,4020.0,13.0,40.0,2012,MIS4_to_MIS8,2011-2012,True,False,False,1
871721054909491,10,2.0,1,4,2,8900,89001,1,1,33,17,16980,0,2.0,1.0,,7,3,49,1.0,2,43,1,,2,1,2,1,2,449,449,449,4,21,15,1.0,1.0,,40.0,4.0,32.0,,,4.0,,,4.0,3.0,0.0,1,2.0,,1.0,2700.0,1080.0,1.0,,,,,13395.2617,3291.8951,0,0,1.0,1.0,0,42,35587,2,,,,1.0,1.0,,3296.1058,7860.0,2310.0,-1,,,,,,,352674.0,2011,621,618,0,0,0,0,0,18.0,8.0,40.0,2011,1.0,1,8,2,8900,89001,1,17,16980,0,2.0,1.0,,7,3,49,1.0,2,44,1,,1,2,1,2,449,449,449,4,21,15,2.0,1.0,,40.0,,40.0,,,,,,2.0,3.0,0.0,1,2.0,2.0,2.0,,865.0,2.0,2.0,,,,11372.42,2939.0516,0,0,1.0,,0,42,63383,2,,,,,,2.0,2903.3688,7860.0,,-1,,,,,,,351560.0,2012,633,618,0,0,0,0,0,18.0,,1.0,2310.0,8.0,40.0,2012,MIS4_to_MIS8,2011-2012,True,False,False,1
71523024909195,10,2.0,6,4,2,8900,89001,1,1,33,17,0,0,3.0,2.0,,0,2,24,,1,39,1,1.0,1,0,0,7,2,303,303,303,5,0,18,2.0,1.0,,40.0,,40.0,,,,,,2.0,2.0,0.0,1,1.0,,1.0,2400.0,1050.52,2.0,2.0,2.0,,,17374.7337,4173.9623,0,0,1.0,1.0,0,42,22700,1,1.0,,,,,,4400.7134,8170.0,9640.0,-1,,,,,,,352747.0,2011,621,618,0,0,0,0,0,12.0,22.0,42.0,2011,1.0,6,8,2,8900,89001,1,17,0,0,3.0,2.0,,0,2,25,,1,39,1,1.0,0,0,7,2,303,303,303,5,0,18,1.0,1.0,,42.0,,42.0,,,,,,2.0,4.0,0.0,1,2.0,,1.0,900.0,378.0,2.0,2.0,,,,16726.5131,4229.6283,0,0,0.0,0.0,0,0,51298,1,1.0,,,,,,4230.9399,8680.0,,-1,,,,,,,351634.0,2012,633,618,0,0,0,0,0,12.0,,1.0,4030.0,13.0,46.0,2012,MIS4_to_MIS8,2011-2012,False,True,True,1
340191969700960,10,1.0,1,4,2,8900,89001,1,1,33,17,0,99,3.0,2.0,,0,1,48,2.0,1,40,1,,1,1,1,1,2,57,57,57,1,0,0,1.0,1.0,,31.0,,31.0,,,14.0,,,6.0,2.0,0.0,1,2.0,1.0,1.0,1155.0,375.0,1.0,,,,,16194.8528,3914.5632,10,5,0.0,0.0,0,0,45171,1,,,2.0,,,,3954.9927,8170.0,4610.0,-1,3.0,,,,,,352790.0,2011,621,618,0,0,1,1,0,13.0,15.0,42.0,2011,1.0,1,8,2,8900,89001,1,17,0,99,3.0,2.0,,0,1,49,2.0,1,40,1,,1,1,1,2,57,57,57,1,0,0,1.0,1.0,,31.0,,31.0,,,14.0,,,6.0,2.0,0.0,1,2.0,,1.0,1145.0,354.95,1.0,,,,,15654.3927,3796.5647,10,5,0.0,0.0,0,0,21327,1,,,2.0,,,,3793.2212,8170.0,,-1,3.0,,,,,,351677.0,2012,633,618,0,0,1,1,0,13.0,,1.0,4610.0,15.0,42.0,2012,MIS4_to_MIS8,2011-2012,True,False,False,1
410709925250391,10,1.0,3,4,2,8900,89001,1,1,33,17,0,0,3.0,2.0,,0,1,23,,1,39,1,1.0,1,1,1,7,2,57,57,57,1,0,0,1.0,1.0,,28.0,,28.0,,,15.0,,,6.0,2.0,0.0,1,2.0,,1.0,1100.0,308.0,2.0,2.0,2.0,,,17374.7337,4173.9623,1,1,0.0,0.0,0,0,22698,1,2.0,6.0,,,,,4400.7134,8170.0,4610.0,-1,,,,,,,352804.0,2011,621,618,1,0,0,0,1,10.0,15.0,42.0,2011,1.0,3,8,2,8900,89001,1,17,0,0,3.0,2.0,,0,1,24,,1,39,1,1.0,1,1,7,2,57,57,57,1,0,0,1.0,4.0,,,,,,,,61.0,5.0,11.0,4.0,0.0,2,,,,,,,,2.0,,,19993.0595,4569.3653,1,1,,,0,0,8536,1,2.0,6.0,,,,,4673.1394,7580.0,,-1,,,,,,,351690.0,2012,633,618,1,0,0,0,1,10.0,,1.0,8965.0,21.0,38.0,2012,MIS4_to_MIS8,2011-2012,False,True,True,1
410709936019690,10,1.0,4,4,2,8900,89001,1,1,33,17,0,99,3.0,2.0,,0,1,45,,2,42,1,,1,1,1,5,2,57,57,57,1,0,0,1.0,1.0,,40.0,5.0,17.0,,,5.0,,,4.0,3.0,0.0,1,2.0,2.0,2.0,,1153.84,2.0,2.0,,,,13071.0558,3212.2213,0,0,0.0,,0,0,55945,1,,,3.0,,,,3216.33,9470.0,5020.0,-1,,,,,,,352807.0,2011,621,618,0,0,0,0,0,14.0,17.0,51.0,2011,1.0,4,8,2,8900,89001,1,17,0,99,3.0,2.0,,0,1,46,,2,42,1,,1,1,5,2,57,57,57,1,0,0,1.0,1.0,,45.0,,40.0,,,,,,2.0,4.0,0.0,1,2.0,1.0,1.0,2900.0,1153.84,2.0,2.0,,,,11303.1484,2921.1493,0,0,0.0,0.0,0,0,4710,1,,,4.0,,,,2885.6838,8190.0,,-1,,,,,,,351693.0,2012,633,618,0,0,0,0,0,15.0,,1.0,350.0,1.0,41.0,2012,MIS4_to_MIS8,2011-2012,False,True,True,1
72047164140070,10,1.0,1,4,2,8900,89001,1,1,33,17,14060,113,,1.0,,2,3,44,1.0,2,44,1,,2,1,2,1,2,57,57,57,1,0,0,2.0,1.0,,40.0,,40.0,,,,,,2.0,3.0,0.0,1,2.0,2.0,2.0,,1500.0,1.0,,,,,13379.7298,3299.6875,3,2,0.0,,0,0,9077,2,,,,,,2.0,3358.0895,7860.0,2310.0,-1,,,,,,,352866.0,2011,621,618,0,0,1,0,0,18.0,8.0,40.0,2011,2.0,1,8,2,8900,89001,1,17,14060,113,,1.0,,2,3,45,1.0,2,44,1,,1,2,1,2,57,57,57,1,0,0,1.0,1.0,,40.0,6.0,32.0,,,6.0,,,4.0,3.0,0.0,1,2.0,2.0,2.0,,1596.15,2.0,2.0,,,,11955.0545,3089.6258,3,2,0.0,,0,0,44175,2,,,,,,2.0,3052.1148,7860.0,,-1,,,,,,,351760.0,2012,633,618,0,0,1,0,0,18.0,,1.0,2310.0,8.0,40.0,2012,MIS4_to_MIS8,2011-2012,True,False,False,1
197904308016789,10,2.0,1,4,2,8900,89001,1,1,33,17,16580,0,,1.0,,2,3,36,1.0,2,44,2,,2,1,2,1,2,57,57,57,1,0,0,1.0,1.0,,35.0,6.0,28.0,,,6.0,,,4.0,3.0,0.0,1,2.0,,1.0,1196.0,418.6,1.0,,,,,11692.4355,2836.9732,5,2,0.0,0.0,0,0,35365,2,,,,,,2.0,2853.2241,7860.0,2540.0,-1,,,,,,,352900.0,2011,621,618,1,1,0,0,1,18.0,8.0,40.0,2011,2.0,1,8,2,8900,89001,1,17,16580,0,,1.0,,2,3,37,1.0,2,44,2,,1,2,1,2,57,57,57,1,0,0,1.0,1.0,,35.0,,35.0,,,,,,2.0,3.0,0.0,1,2.0,2.0,2.0,,950.0,2.0,2.0,,,,14796.9497,3656.9734,2,2,0.0,,0,0,33834,2,,,,,,2.0,3628.2285,7860.0,,-1,,,,,,,351790.0,2012,633,618,0,1,0,0,1,18.0,,2.0,2430.0,8.0,40.0,2012,MIS4_to_MIS8,2011-2012,True,False,False,1
410709984816294,10,1.0,6,4,2,8900,89001,1,1,33,17,19340,0,,1.0,,3,2,24,,1,39,1,,1,0,0,7,2,57,57,57,1,0,0,1.0,1.0,,40.0,4.0,1.0,,,4.0,,,4.0,3.0,0.0,1,2.0,,1.0,2258.0,903.2,1.0,,2.0,,,15188.6637,3819.1267,0,0,0.0,0.0,0,0,55959,1,1.0,,,,,,3847.0204,680.0,1920.0,-1,1.0,,,,,,352928.0,2011,621,618,0,0,0,0,0,12.0,5.0,24.0,2011,1.0,6,8,2,8900,89001,1,17,19340,0,,1.0,,3,2,25,,1,39,1,,0,0,7,2,57,57,57,1,0,0,1.0,1.0,,40.0,13.0,24.0,,,13.0,,,4.0,3.0,0.0,1,2.0,,1.0,2217.0,886.8,1.0,,,,,13690.7859,3461.4474,0,0,0.0,0.0,0,0,8613,1,1.0,,,,,,3463.0584,680.0,,-1,1.0,,,,,,351822.0,2012,633,618,0,0,0,0,0,12.0,,1.0,8620.0,21.0,24.0,2012,MIS4_to_MIS8,2011-2012,True,False,False,1
193955503043748,11,1.0,6,4,2,8900,89001,1,1,33,17,16980,0,1.0,1.0,1.0,7,2,50,,1,40,2,,1,0,0,7,2,57,57,57,1,0,0,1.0,1.0,,50.0,,50.0,,,,,,2.0,3.0,0.0,1,2.0,2.0,2.0,,800.0,1.0,,,,,17026.2851,4612.9612,0,0,1.0,,0,0,63232,1,,,3.0,,,,4651.9765,7870.0,2630.0,-1,,,,,,,390201.0,2011,622,619,0,0,0,0,0,14.0,9.0,40.0,2011,1.0,6,8,2,8900,89001,1,17,16980,0,1.0,1.0,1.0,7,2,51,,1,40,2,,0,0,7,2,57,57,57,1,0,0,1.0,1.0,,60.0,,60.0,,,,,,2.0,3.0,0.0,1,2.0,2.0,2.0,,750.0,1.0,,,,,15636.8869,4221.9423,0,0,1.0,,0,0,44960,1,,,3.0,,,,4171.4283,7870.0,,-1,,,,,,,388419.0,2012,634,619,0,0,0,0,0,14.0,,2.0,5600.0,17.0,40.0,2012,MIS4_to_MIS8,2011-2012,True,False,False,1
605900911889037,11,3.0,4,4,2,8900,89001,1,1,33,17,16980,0,1.0,1.0,1.0,7,1,47,,2,43,2,,1,1,1,7,2,57,57,57,1,0,0,1.0,4.0,,,,,,,,47.0,3.0,11.0,1.0,0.0,2,,,,,,,,,,,18860.7265,4520.5553,4,1,,,0,0,49730,1,,,,2.0,,,4410.7433,9570.0,5000.0,-1,,,,,,,390318.0,2011,622,619,0,0,0,1,0,16.0,17.0,51.0,2011,1.0,4,8,2,8900,89001,1,17,16980,0,1.0,1.0,1.0,7,1,48,,2,43,2,,1,1,7,2,57,57,57,1,0,0,1.0,4.0,,,,,,,,117.0,3.0,11.0,1.0,0.0,2,,,,,,,,,,,14389.3877,3486.0816,4,1,,,0,0,44956,1,,,,2.0,,,3411.7139,9570.0,,-1,,,,,,,388516.0,2012,634,619,0,0,0,1,0,16.0,,2.0,5000.0,17.0,51.0,2012,MIS4_to_MIS8,2011-2012,True,False,False,1
605900911889037,11,3.0,4,4,2,8900,89001,1,1,33,17,16980,0,1.0,1.0,1.0,7,4,27,,2,41,2,,3,2,1,7,2,57,57,57,1,0,0,2.0,4.0,,,,,,,,61.0,5.0,11.0,3.0,0.0,2,,,,,,,,,,,14081.66,3284.7627,5,2,,,0,0,49730,3,,,4.0,,,,3293.1175,9390.0,3940.0,-1,,,,,1.0,,390319.0,2011,622,619,1,1,0,0,1,15.0,12.0,51.0,2011,1.0,4,8,2,8900,89001,1,17,16980,0,1.0,1.0,1.0,7,4,28,,2,41,2,,2,1,7,2,57,57,57,1,0,0,2.0,4.0,,,,,,,,1.0,5.0,12.0,4.0,0.0,2,,,,,,,,,,,14603.8407,3923.2384,2,2,,,0,0,44956,3,,,4.0,,,,3462.5605,6890.0,,-1,,,,,1.0,,388518.0,2012,634,619,0,1,0,0,1,15.0,,2.0,5020.0,17.0,32.0,2012,MIS4_to_MIS8,2011-2012,False,True,True,1
63271570992294,11,3.0,8,4,2,8900,89001,1,1,33,17,37900,0,2.0,1.0,,3,14,45,,2,39,1,,3,0,0,5,2,57,57,57,1,0,0,2.0,1.0,,16.0,,16.0,,,15.0,,,7.0,3.0,0.0,1,2.0,,1.0,1400.0,224.0,2.0,2.0,,,,12338.1694,3059.461,0,0,0.0,0.0,0,0,58036,3,2.0,7.0,,,,,3079.3398,7870.0,5520.0,-1,,,,,,,390474.0,2011,622,619,0,0,0,0,0,11.0,17.0,40.0,2011,1.0,6,8,2,8900,89001,1,17,37900,0,2.0,1.0,,3,14,46,,2,39,1,,0,0,5,2,57,57,57,1,0,0,2.0,7.0,,,,,,,,,,1.0,,,2,,,,,,,,,,,12531.7447,3114.1525,0,0,,,0,0,35276,3,2.0,7.0,,,,,3052.8054,,,-1,,,,,,,388659.0,2012,634,619,0,0,0,0,0,11.0,,1.0,,,,2012,MIS4_to_MIS8,2011-2012,False,True,True,1
70251570994896,11,1.0,6,4,2,8900,89001,1,1,33,17,16980,0,2.0,1.0,,7,2,51,,1,40,1,,1,0,0,5,2,57,57,57,1,0,0,1.0,1.0,,40.0,,42.0,,,,,,2.0,3.0,1.0,1,2.0,2.0,2.0,,1250.0,2.0,2.0,,,,13852.9673,3499.3968,0,0,0.0,,0,0,58001,1,,,4.0,,,,3493.1449,190.0,20.0,-1,,,,,,,390477.0,2011,622,619,0,0,0,0,0,15.0,1.0,2.0,2011,1.0,1,8,2,8900,89001,1,17,16980,0,2.0,1.0,,7,1,52,2.0,1,43,1,,1,1,1,2,57,57,57,1,0,0,1.0,1.0,,40.0,,40.0,,,,,,2.0,3.0,1.0,1,2.0,2.0,2.0,,1250.0,2.0,2.0,,,,12727.5824,3237.5997,0,0,0.0,,0,0,35135,1,,,,2.0,,,3235.7843,190.0,,-1,,,,,,,388661.0,2012,634,619,0,0,0,0,0,16.0,,1.0,6005.0,18.0,2.0,2012,MIS4_to_MIS8,2011-2012,True,False,False,1
193875404073721,11,1.0,1,4,2,8900,89001,1,1,33,17,16980,0,2.0,1.0,,7,1,34,2.0,1,39,1,,1,1,1,1,2,57,57,57,1,0,0,1.0,4.0,,,,,,,,26.0,2.0,11.0,1.0,0.0,2,,,,,,,,,,,13076.4276,3255.1884,8,2,,,0,0,31684,1,1.0,,,,,,3157.3943,7460.0,4220.0,-1,,,,,,,390572.0,2011,622,619,0,1,1,0,1,12.0,14.0,36.0,2011,2.0,1,8,2,8900,89001,1,17,16980,0,2.0,1.0,,7,1,35,2.0,1,39,1,,1,1,1,2,57,57,57,1,0,0,2.0,4.0,,,,,,,,86.0,5.0,11.0,1.0,0.0,2,,,,,,,,,,,12626.8602,3197.9159,3,2,,,0,0,55598,1,1.0,,,,,,3110.3154,7460.0,,-1,,,,,,,388753.0,2012,634,619,0,0,1,0,0,12.0,,1.0,7340.0,20.0,36.0,2012,MIS4_to_MIS8,2011-2012,True,False,False,1
197865709050765,11,1.0,4,4,2,8900,89001,1,1,33,17,16980,0,2.0,1.0,,7,1,35,,2,40,1,1.0,1,1,1,5,2,57,57,57,1,0,0,1.0,1.0,,40.0,6.0,32.0,,,6.0,,,4.0,1.0,0.0,1,2.0,,1.0,2072.0,828.8,2.0,2.0,,,,11303.8674,2842.6828,4,1,0.0,0.0,0,0,31686,1,,,2.0,,,,2840.0442,9480.0,5860.0,-1,,,,,,,390598.0,2011,622,619,0,0,0,1,0,13.0,17.0,51.0,2011,1.0,4,8,2,8900,89001,1,17,16980,0,2.0,1.0,,7,1,36,,2,40,1,1.0,1,1,5,2,57,57,57,1,0,0,1.0,1.0,,40.0,,40.0,,,,,,2.0,1.0,0.0,1,2.0,,1.0,2072.0,828.8,2.0,2.0,,,,11896.1196,3028.9112,4,1,0.0,0.0,0,0,22694,1,,,2.0,,,,3065.1333,9480.0,,-1,,,,,,,388772.0,2012,634,619,0,0,0,1,0,13.0,,1.0,5820.0,17.0,51.0,2012,MIS4_to_MIS8,2011-2012,True,False,False,1
305902741187437,11,1.0,1,4,2,8900,89001,1,1,33,17,16980,0,2.0,1.0,,7,3,37,1.0,1,39,1,1.0,2,1,2,1,2,57,57,57,1,0,0,2.0,4.0,,,,,,,,69.0,2.0,11.0,3.0,0.0,2,,,,,,,,,,,12790.0019,3137.9647,10,2,,,0,0,63231,2,2.0,7.0,,,,,3088.2349,7860.0,4220.0,-1,,,,,,,390633.0,2011,622,619,0,0,1,1,0,11.0,14.0,40.0,2011,1.0,1,8,2,8900,89001,1,17,16980,0,2.0,1.0,,7,3,38,1.0,1,39,1,1.0,1,2,1,2,57,57,57,1,0,0,2.0,1.0,,32.0,,32.0,,,14.0,,,6.0,4.0,0.0,1,2.0,,1.0,800.0,256.0,2.0,2.0,,,,13428.5638,3300.8938,10,2,0.0,0.0,0,0,55599,2,2.0,7.0,,,,,3293.1582,4970.0,,-1,,,,,,,388803.0,2012,634,619,0,0,1,1,0,11.0,,1.0,4050.0,13.0,22.0,2012,MIS4_to_MIS8,2011-2012,False,True,True,1
417768350399103,11,2.0,7,4,2,8900,89001,1,1,33,17,16980,0,2.0,1.0,,7,2,36,,2,40,1,,1,0,0,5,2,57,57,57,1,0,0,1.0,1.0,,40.0,6.0,32.0,,,6.0,,,4.0,3.0,0.0,1,2.0,2.0,2.0,,480.0,1.0,,,,,11566.5996,2874.0846,0,0,1.0,,0,42,19032,1,,,3.0,,,,2906.0545,9470.0,3710.0,-1,,,,,,,390667.0,2011,622,619,0,0,0,0,0,14.0,12.0,51.0,2011,1.0,7,8,2,8900,89001,1,17,16980,0,2.0,1.0,,7,2,37,,2,40,1,,0,0,5,2,57,57,57,1,0,0,1.0,1.0,,40.0,,41.0,,,,,,2.0,3.0,0.0,1,1.0,,1.0,3264.0,1501.44,1.0,,,,,11151.8312,2873.5209,0,0,0.0,0.0,0,0,8780,1,,,3.0,,,,2873.3613,9470.0,,-1,,,,,,,388839.0,2012,634,619,0,0,0,0,0,14.0,,1.0,3710.0,12.0,51.0,2012,MIS4_to_MIS8,2011-2012,True,False,False,1
551198429700876,11,1.0,1,4,2,8900,89001,1,1,33,17,37900,179,2.0,1.0,,3,1,28,2.0,1,43,1,,1,1,1,1,2,57,57,57,1,0,0,1.0,1.0,,40.0,,40.0,,,,,,2.0,1.0,0.0,1,2.0,2.0,2.0,,673.0,2.0,2.0,,,,14033.9818,3471.9682,3,2,1.0,,0,42,49822,1,,,,2.0,,,3478.7927,9380.0,1010.0,-1,1.0,,,,,,390728.0,2011,622,619,0,0,1,0,0,16.0,3.0,51.0,2011,1.0,1,8,2,8900,89001,1,17,37900,179,2.0,1.0,,3,1,29,2.0,1,43,1,,1,1,1,2,57,57,57,1,0,0,1.0,1.0,,40.0,,40.0,,,,,,2.0,4.0,0.0,1,2.0,2.0,2.0,,1153.84,2.0,2.0,,,,12582.0474,3166.2856,3,2,0.0,,0,0,52280,1,,,,2.0,,,3196.3417,770.0,,-1,1.0,,,,,,388896.0,2012,634,619,0,0,1,0,0,16.0,,1.0,1360.0,4.0,4.0,2012,MIS4_to_MIS8,2011-2012,False,True,True,1
571389015708795,11,1.0,1,4,2,8900,89001,1,1,33,17,16980,0,2.0,1.0,,7,1,58,2.0,1,43,1,,1,1,1,1,2,57,57,57,1,0,0,1.0,1.0,,40.0,,40.0,,,,,,2.0,2.0,0.0,1,1.0,,1.0,4350.0,2010.0,2.0,2.0,,,,12482.9026,3237.9604,0,0,1.0,1.0,0,42,49729,1,,,,2.0,,,3244.065,9490.0,1360.0,-1,4.0,,,,,,390738.0,2011,622,619,0,0,0,0,0,16.0,4.0,51.0,2011,1.0,1,8,2,8900,89001,1,17,16980,0,2.0,1.0,,7,1,59,2.0,1,43,1,,1,1,1,2,57,57,57,1,0,0,1.0,1.0,,40.0,,40.0,,,,,,2.0,2.0,0.0,1,2.0,2.0,2.0,,1615.38,1.0,,,,,12735.9414,3257.9036,0,0,0.0,,0,0,35018,1,,,,2.0,,,3234.5905,9490.0,,-1,4.0,,,,,,388906.0,2012,634,619,0,0,0,0,0,16.0,,1.0,1360.0,4.0,51.0,2012,MIS4_to_MIS8,2011-2012,True,False,False,1
910773090915067,11,1.0,1,4,2,8900,89001,1,1,33,17,16980,0,2.0,1.0,,7,3,50,1.0,2,43,1,,2,1,2,1,2,57,57,57,1,0,0,1.0,1.0,,40.0,6.0,32.0,,,6.0,,,4.0,3.0,0.0,1,2.0,2.0,2.0,,576.92,1.0,,,,,12533.4532,3112.7656,4,1,0.0,,0,0,31680,2,,,,2.0,,,3128.0784,7860.0,2540.0,-1,,,,,,,390889.0,2011,622,619,0,0,0,1,0,16.0,8.0,40.0,2011,2.0,1,8,2,8900,89001,1,17,16980,0,2.0,1.0,,7,3,51,1.0,2,43,1,,1,2,1,2,57,57,57,1,0,0,1.0,1.0,,35.0,,35.0,,,,,,2.0,3.0,0.0,1,2.0,2.0,2.0,,555.55,1.0,,,,,12886.72,3271.2575,0,0,0.0,,0,0,44952,2,,,,2.0,,,3281.3472,7860.0,,-1,,,,,,,389061.0,2012,634,619,0,0,0,0,0,16.0,,1.0,2310.0,8.0,40.0,2012,MIS4_to_MIS8,2011-2012,True,False,False,1
925017971159700,11,2.0,1,4,2,8900,89001,1,1,33,17,41180,163,2.0,1.0,,6,1,49,2.0,1,40,1,,1,1,1,1,2,57,57,57,1,0,0,2.0,1.0,,40.0,,40.0,,,,,,2.0,1.0,0.0,1,1.0,2.0,2.0,,800.0,1.0,,,,,13511.9786,3380.0241,0,0,0.0,,0,0,42266,1,,,3.0,,,,3407.1617,6370.0,5550.0,-1,,,,,,,390901.0,2011,622,619,0,0,0,0,0,14.0,17.0,23.0,2011,1.0,1,8,2,8900,89001,1,17,41180,163,2.0,1.0,,6,1,50,2.0,1,40,1,,1,1,1,2,57,57,57,1,0,0,1.0,1.0,,40.0,,50.0,,,,,,2.0,1.0,0.0,1,2.0,1.0,1.0,2600.0,1400.0,1.0,,,,,12452.9463,3167.7387,0,0,0.0,0.0,0,0,55657,1,,,2.0,,,,3165.9625,6370.0,,-1,,,,,,,389072.0,2012,634,619,0,0,0,0,0,13.0,,1.0,5550.0,17.0,23.0,2012,MIS4_to_MIS8,2011-2012,True,False,False,1
957389050759106,11,2.0,1,4,2,8900,89001,1,1,33,17,16980,111,2.0,1.0,,7,3,60,1.0,2,44,1,,2,1,2,1,2,57,57,57,1,0,0,2.0,1.0,,16.0,,24.0,,,18.0,,,7.0,3.0,0.0,1,2.0,,1.0,4000.0,640.0,2.0,2.0,,,,11256.5982,2993.2565,0,0,1.0,1.0,0,42,7295,2,,,,,,2.0,3034.0098,7860.0,2310.0,-1,,,,,,,390923.0,2011,622,619,0,0,0,0,0,18.0,8.0,40.0,2011,1.0,1,8,2,8900,89001,1,17,16980,111,2.0,1.0,,7,3,61,1.0,2,44,1,,1,2,1,2,57,57,57,1,0,0,2.0,1.0,,16.0,,27.0,,,18.0,,,7.0,3.0,0.0,1,2.0,,1.0,2000.0,320.0,2.0,2.0,,,,10843.6346,2874.8173,0,0,1.0,1.0,0,0,8915,2,,,,,,2.0,2842.5813,7860.0,,-1,,,,,,,389099.0,2012,634,619,0,0,0,0,0,18.0,,1.0,2310.0,8.0,40.0,2012,MIS4_to_MIS8,2011-2012,True,False,False,1
988057988157730,11,1.0,1,4,2,8900,89001,1,1,33,17,16980,0,2.0,1.0,,7,3,60,1.0,2,43,1,,2,1,2,1,2,57,208,208,1,0,0,2.0,1.0,,-4.0,,16.0,,,18.0,,,7.0,3.0,0.0,1,2.0,2.0,2.0,,420.0,1.0,,,,,11256.5982,2993.2565,0,0,1.0,,0,0,63230,2,,,,2.0,,,3034.0098,7860.0,2310.0,-1,,,,,,,390961.0,2011,622,619,0,0,0,0,0,16.0,8.0,40.0,2011,1.0,1,8,2,8900,89001,1,17,16980,0,2.0,1.0,,7,3,61,1.0,2,43,1,,1,2,1,2,57,249,249,1,0,0,2.0,1.0,,-4.0,,2.0,,,21.0,,,7.0,4.0,0.0,1,2.0,1.0,1.0,1386.0,2884.61,1.0,,,,,10843.6346,2874.8173,0,0,1.0,1.0,0,0,22685,2,,,,2.0,,,2842.5813,7860.0,,-1,,,,,,,389134.0,2012,634,619,0,0,0,0,0,16.0,,1.0,2310.0,8.0,40.0,2012,MIS4_to_MIS8,2011-2012,False,True,True,1
57791570992493,11,2.0,1,4,2,8900,89001,1,1,33,17,0,0,3.0,2.0,,0,1,53,2.0,1,39,1,,1,1,1,1,2,57,57,57,1,0,0,2.0,1.0,,40.0,6.0,32.0,,,6.0,,,4.0,3.0,0.0,1,1.0,1.0,1.0,1700.0,650.0,2.0,2.0,,,,13579.3913,3430.2888,0,0,0.0,1.0,0,0,57927,1,1.0,,,,,,3424.1603,770.0,6730.0,-1,,,,,,,390987.0,2011,622,619,0,0,0,0,0,12.0,19.0,4.0,2011,2.0,1,8,2,8900,89001,1,17,0,0,3.0,2.0,,0,1,54,2.0,1,39,1,,1,1,1,2,57,57,57,1,0,0,2.0,1.0,,40.0,6.0,32.0,,,6.0,,,4.0,3.0,0.0,1,2.0,,1.0,1580.0,632.0,2.0,2.0,,,,12447.7967,3166.4288,0,0,0.0,0.0,0,0,8709,1,1.0,,,,,,3164.6533,770.0,,-1,,,,,,,389166.0,2012,634,619,0,0,0,0,0,12.0,,1.0,6730.0,19.0,4.0,2012,MIS4_to_MIS8,2011-2012,True,False,False,1
15931570996592,11,1.0,1,4,2,8900,89001,1,1,33,17,19500,115,,1.0,,2,1,31,2.0,1,43,1,,1,1,1,1,2,57,57,57,1,0,0,2.0,1.0,,48.0,,48.0,,,,,,2.0,3.0,0.0,1,1.0,,1.0,3000.0,1560.0,1.0,,,,,13744.6827,3378.4866,0,0,0.0,0.0,0,0,42238,1,,,,2.0,,,3407.0802,9470.0,3850.0,-1,,,,,,,391090.0,2011,622,619,0,0,0,0,0,16.0,12.0,51.0,2011,2.0,1,8,2,8900,89001,1,17,19500,115,,1.0,,2,1,32,2.0,1,43,1,,1,1,1,2,57,57,57,1,0,0,2.0,1.0,,40.0,,40.0,,,,,,2.0,3.0,0.0,1,1.0,1.0,1.0,2500.0,1442.3,1.0,,,,,12619.8361,3224.4851,0,0,0.0,0.0,0,0,55646,1,,,,2.0,,,3205.9415,9470.0,,-1,,,,,,,389266.0,2012,634,619,0,0,0,0,0,16.0,,1.0,3820.0,12.0,51.0,2012,MIS4_to_MIS8,2011-2012,True,False,False,1
37881570997492,11,2.0,1,4,2,8900,89001,1,1,33,17,16580,0,,1.0,,2,3,40,1.0,2,40,1,,2,1,2,1,2,57,57,57,1,0,0,1.0,4.0,,,,,,,,56.0,2.0,11.0,1.0,0.0,2,,,,,,,,,,,10593.8506,2682.6439,3,1,,,0,0,19283,2,,,2.0,,,,2600.9485,6370.0,5560.0,-1,,,,,,,391094.0,2011,622,619,0,0,1,0,0,13.0,17.0,23.0,2011,2.0,1,8,2,8900,89001,1,17,16580,0,,1.0,,2,3,41,1.0,2,40,1,,1,2,1,2,57,57,57,1,0,0,1.0,6.0,,,,,,,,,,1.0,,,2,,,,,,,,,,,10905.786,2659.1359,4,1,,,0,0,8950,2,,,2.0,,,,2656.7124,,,-1,,,,,,,389273.0,2012,634,619,0,0,0,1,0,13.0,,1.0,,,,2012,MIS4_to_MIS8,2011-2012,False,True,True,1
76951570995498,11,1.0,1,4,2,8900,89001,1,1,33,17,28100,91,,1.0,,2,1,30,2.0,2,44,1,,1,1,1,1,2,57,57,57,1,0,0,1.0,1.0,,40.0,6.0,32.0,,,6.0,,,4.0,3.0,0.0,1,2.0,2.0,2.0,,961.53,1.0,,,,,13799.8995,3413.1961,5,3,0.0,,0,0,19184,1,,,,,,3.0,3420.8922,7860.0,1820.0,-1,,,,,,,391102.0,2011,622,619,1,1,0,0,1,18.0,5.0,40.0,2011,1.0,1,8,2,8900,89001,1,17,28100,91,,1.0,,2,1,31,2.0,2,44,1,,1,1,1,2,57,57,57,1,0,0,1.0,1.0,,40.0,,40.0,,,,,,2.0,3.0,0.0,1,2.0,2.0,2.0,,653.0,1.0,,,,,11806.8683,2984.0984,5,3,1.0,,0,0,55639,1,,,,,,3.0,2959.1149,7860.0,,-1,,,,,,,389286.0,2012,634,619,1,1,0,0,1,18.0,,1.0,1820.0,5.0,40.0,2012,MIS4_to_MIS8,2011-2012,True,False,False,1
559199899700807,11,1.0,6,4,2,8900,89001,1,1,33,17,28100,91,,1.0,,2,2,47,,1,43,1,,1,0,0,6,2,57,57,154,1,0,0,1.0,4.0,,,,,,,,117.0,5.0,11.0,3.0,0.0,2,,,,,,,,,,,13771.6504,3454.1448,0,0,,,0,0,19182,1,,,,1.0,1.0,,3325.2607,9470.0,3850.0,-1,,,,,,,391142.0,2011,622,619,0,0,0,0,0,18.0,12.0,51.0,2011,1.0,6,8,2,8900,89001,1,17,28100,91,,1.0,,2,2,48,,1,44,1,,0,0,6,2,57,57,154,1,0,0,1.0,7.0,,,,,,8.0,,,,1.0,,,2,,,,,,,,,,,14152.2636,3315.3948,0,0,,,0,0,4896,1,,,,,,2.0,3359.6301,,,-1,,,,,,,389336.0,2012,634,619,0,0,0,0,0,18.0,,1.0,,,,2012,MIS4_to_MIS8,2011-2012,False,True,True,1
905907981890597,11,1.0,1,4,2,8900,89001,1,1,33,17,28100,91,,1.0,,2,1,65,2.0,1,39,1,,1,1,1,1,2,57,57,57,1,0,0,1.0,2.0,10.0,-4.0,,,,,,,,5.0,3.0,0.0,1,2.0,,1.0,1325.0,198.75,2.0,2.0,,,,13306.4291,3211.9937,0,0,0.0,0.0,0,0,53583,1,1.0,,,,,,3193.2132,770.0,6730.0,-1,,,,,,,391193.0,2011,622,619,0,0,0,0,0,12.0,19.0,4.0,2011,1.0,1,8,2,8900,89001,1,17,28100,91,,1.0,,2,1,66,2.0,1,39,1,,1,1,1,2,57,57,57,1,0,0,1.0,1.0,,20.0,,25.0,,,21.0,,,7.0,4.0,0.0,1,2.0,,1.0,1100.0,220.0,2.0,2.0,,,,12743.7024,3205.7889,0,0,1.0,1.0,0,41,22831,1,1.0,,,,,,3146.075,7770.0,,-1,,,,,,,389382.0,2012,634,619,0,0,0,0,0,12.0,,1.0,4250.0,14.0,38.0,2012,MIS4_to_MIS8,2011-2012,False,True,True,1
937027957159360,11,2.0,1,4,2,8900,89001,1,1,33,17,16580,0,,1.0,,2,1,29,2.0,1,44,2,,1,1,1,1,2,57,341,333,1,0,0,2.0,1.0,,20.0,,20.0,,,20.0,,,7.0,2.0,0.0,1,2.0,2.0,2.0,,384.0,2.0,2.0,,,,19250.6627,4781.8254,0,0,1.0,,0,0,42068,1,,,,,,2.0,4770.2273,7870.0,2200.0,-1,,,,,,,391197.0,2011,622,619,0,0,0,0,0,18.0,8.0,40.0,2011,2.0,1,8,2,8900,89001,1,17,16580,0,,1.0,,2,1,30,2.0,1,44,2,,1,1,1,2,57,341,333,1,0,0,2.0,1.0,,40.0,,40.0,,,,,,2.0,2.0,0.0,1,2.0,,1.0,1100.0,440.0,2.0,2.0,,,,12566.6848,3097.1701,0,0,1.0,1.0,0,0,64046,1,,,,,,2.0,3063.084,7870.0,,-1,,,,,,,389392.0,2012,634,619,0,0,0,0,0,18.0,,2.0,2200.0,8.0,40.0,2012,MIS4_to_MIS8,2011-2012,True,False,False,1
937027957159360,11,2.0,1,4,2,8900,89001,1,1,33,17,16580,0,,1.0,,2,3,28,1.0,2,43,2,,2,1,2,1,2,57,57,57,1,0,0,1.0,1.0,,4.0,,2.0,,,15.0,,,6.0,2.0,0.0,1,2.0,,1.0,1700.0,51.0,2.0,2.0,,,,12627.0113,3185.7587,0,0,0.0,0.0,0,0,42068,2,,,,2.0,,,3309.5957,7870.0,2000.0,-1,,,,,,,391198.0,2011,622,619,0,0,0,0,0,16.0,6.0,40.0,2011,2.0,1,8,2,8900,89001,1,17,16580,0,,1.0,,2,3,28,1.0,2,43,2,,1,2,1,2,57,57,57,1,0,0,1.0,1.0,,40.0,,40.0,,,,,,2.0,3.0,0.0,1,2.0,,1.0,1600.0,640.0,2.0,2.0,,,,15838.0725,3993.4591,0,0,1.0,1.0,0,0,64046,2,,,,2.0,,,4116.2249,7860.0,,-1,,,,,,,389393.0,2012,634,619,0,0,0,0,0,16.0,,2.0,2540.0,8.0,40.0,2012,MIS4_to_MIS8,2011-2012,True,False,True,1
967579350329107,11,1.0,7,4,2,8900,89001,1,1,33,17,16580,0,,1.0,,2,2,27,,2,44,4,,1,0,0,7,2,207,207,207,5,0,20,1.0,1.0,,20.0,,20.0,,,20.0,,,7.0,2.0,0.0,1,2.0,2.0,2.0,,461.53,2.0,2.0,,,,12777.5179,3039.3582,0,0,0.0,,0,0,7124,1,,,,,,2.0,3167.4514,7870.0,2200.0,-1,,,,,,,391219.0,2011,622,619,0,0,0,0,0,18.0,8.0,40.0,2011,1.0,7,8,2,8900,89001,1,17,16580,0,,1.0,,2,2,27,,2,44,4,,0,0,7,2,207,207,207,5,0,20,1.0,1.0,,20.0,,20.0,,,20.0,,,7.0,2.0,0.0,1,2.0,2.0,2.0,,507.69,2.0,2.0,,,,14278.9524,3421.6159,0,0,0.0,,0,0,44884,1,,,,,,2.0,3578.6848,7870.0,,-1,,,,,,,389418.0,2012,634,619,0,0,0,0,0,18.0,,4.0,2200.0,8.0,40.0,2012,MIS4_to_MIS8,2011-2012,True,False,False,1
171909006907693,12,1.0,6,4,2,8900,89001,1,1,33,17,16980,0,1.0,1.0,1.0,7,2,44,,1,46,4,,1,0,0,7,2,210,210,210,5,0,12,1.0,1.0,,10.0,,10.0,,,14.0,,,6.0,2.0,0.0,1,2.0,,1.0,5100.0,510.0,2.0,2.0,,,,12103.0909,3004.2238,0,0,1.0,1.0,0,41,44963,1,,,,,,,2989.8704,7870.0,2200.0,-1,,,,,,,427712.0,2011,623,620,0,0,0,0,0,18.0,8.0,40.0,2011,1.0,6,8,2,8900,89001,1,17,16980,0,1.0,1.0,1.0,7,2,45,,1,46,4,,0,0,7,2,210,210,210,5,0,12,1.0,1.0,,10.0,,10.0,,,14.0,,,6.0,2.0,0.0,1,2.0,,1.0,2900.0,290.0,1.0,,,,,13585.5612,3420.0734,0,0,1.0,1.0,0,41,22142,1,,,,,,,3352.8601,7870.0,,-1,,,,,,,425630.0,2012,635,620,0,0,0,0,0,18.0,,4.0,2200.0,8.0,40.0,2012,MIS4_to_MIS8,2011-2012,True,False,False,1
466192349700989,12,1.0,4,4,2,8900,89001,1,1,33,17,16980,0,1.0,1.0,3.0,7,1,40,,2,40,2,,1,1,1,6,2,57,57,57,1,0,0,1.0,1.0,,38.0,,38.0,,,,,,2.0,2.0,0.0,1,2.0,2.0,2.0,,1346.15,2.0,2.0,,,,12826.8375,3355.9163,8,2,0.0,,0,0,22605,1,,,1.0,,,,3323.4626,9470.0,3800.0,-1,,,,,,,427827.0,2011,623,620,0,1,1,0,1,12.0,12.0,51.0,2011,1.0,4,8,2,8900,89001,1,17,16980,0,1.0,1.0,3.0,7,1,41,,2,40,2,,1,1,6,2,57,57,57,1,0,0,1.0,1.0,,-4.0,,45.0,,,,,,2.0,2.0,0.0,1,1.0,2.0,2.0,,1153.84,1.0,,,,,10327.5597,2713.1024,3,2,0.0,,0,0,34746,1,,,2.0,,,,2687.2936,9470.0,,-1,,,,,,,425743.0,2012,635,620,0,0,1,0,0,13.0,,2.0,3800.0,12.0,51.0,2012,MIS4_to_MIS8,2011-2012,True,False,False,1
606904881797877,12,2.0,1,4,2,8900,89001,1,1,33,17,16980,0,1.0,1.0,2.0,7,1,42,2.0,1,44,1,,1,1,1,1,2,57,57,57,1,0,0,2.0,1.0,,50.0,,50.0,,,,,,2.0,1.0,0.0,1,2.0,2.0,2.0,,2355.76,2.0,2.0,,,,10957.7919,2719.9756,3,2,0.0,,0,0,8752,1,,,,,,2.0,2706.943,6870.0,1107.0,-1,,,,,,,427870.0,2011,623,620,0,0,1,0,0,18.0,3.0,32.0,2011,1.0,1,8,2,8900,89001,1,17,16980,0,1.0,1.0,2.0,7,1,43,2.0,1,44,1,,1,1,1,2,57,57,57,1,0,0,1.0,1.0,,55.0,,55.0,,,,,,2.0,1.0,0.0,1,2.0,2.0,2.0,,2692.3,2.0,2.0,,,,10664.6725,2705.8132,3,2,0.0,,0,0,4941,1,,,,,,2.0,2706.0464,6870.0,,-1,,,,,,,425780.0,2012,635,620,0,0,1,0,0,18.0,,1.0,5000.0,17.0,32.0,2012,MIS4_to_MIS8,2011-2012,True,False,False,1
789230581190961,12,1.0,1,4,2,8900,89001,1,1,33,17,16980,0,1.0,1.0,2.0,7,3,39,1.0,1,43,1,1.0,2,1,2,1,2,57,57,57,1,0,0,2.0,1.0,,50.0,,65.0,,,,,,2.0,1.0,0.0,1,2.0,2.0,2.0,,2153.0,2.0,2.0,,,,13547.9503,3343.107,3,2,1.0,,0,42,8864,2,,,,2.0,,,3346.7992,6890.0,120.0,4620,,,,,,,427937.0,2011,623,620,0,0,1,0,0,16.0,1.0,32.0,2011,1.0,1,8,2,8900,89001,1,17,16980,0,1.0,1.0,2.0,7,3,40,1.0,1,43,1,1.0,1,2,1,2,57,57,57,1,0,0,2.0,1.0,,40.0,,40.0,,,,,,2.0,1.0,0.0,1,1.0,2.0,2.0,,1923.07,2.0,2.0,,,,10303.7651,2600.2231,3,2,0.0,,0,0,18774,2,,,,2.0,,,2614.4701,7070.0,,-1,,,,,,,425863.0,2012,635,620,0,0,1,0,0,16.0,,1.0,410.0,1.0,34.0,2012,MIS4_to_MIS8,2011-2012,True,False,False,1
936097373169310,12,1.0,6,4,2,8900,89001,1,1,33,17,16980,0,1.0,1.0,1.0,7,2,65,,1,44,1,,1,0,0,4,2,57,57,57,1,0,0,1.0,4.0,,,,,,,,119.0,2.0,11.0,3.0,0.0,2,,,,,,,,,,,13884.4495,3376.3407,0,0,,,0,0,34992,1,,,,,,3.0,3739.4265,7860.0,2310.0,-1,,,,,,,427981.0,2011,623,620,0,0,0,0,0,18.0,8.0,40.0,2011,1.0,6,8,2,8900,89001,1,17,16980,0,1.0,1.0,1.0,7,2,66,,1,44,1,,0,0,4,2,57,57,57,1,0,0,1.0,4.0,,,,,,,,119.0,2.0,11.0,3.0,0.0,2,,,,,,,,,,,14414.2474,3218.2364,0,0,,,0,0,34545,1,,,,,,3.0,3369.6169,7860.0,,-1,,,,,,,425908.0,2012,635,620,0,0,0,0,0,18.0,,1.0,2310.0,8.0,40.0,2012,MIS4_to_MIS8,2011-2012,True,False,False,1
6906271994527,12,1.0,1,4,2,8900,89001,1,1,33,17,41180,0,2.0,1.0,,6,1,46,2.0,1,40,1,,1,1,1,1,2,57,57,57,1,0,0,1.0,1.0,,40.0,,40.0,,,,,,2.0,3.0,0.0,1,2.0,2.0,2.0,,384.61,2.0,2.0,,,,13218.6835,3342.5846,0,0,0.0,,0,0,52205,1,,,1.0,,,,3342.924,7860.0,4220.0,-1,2.0,3.0,,,,,427998.0,2011,623,620,0,0,0,0,0,12.0,14.0,40.0,2011,1.0,1,8,2,8900,89001,1,17,41180,0,2.0,1.0,,6,1,46,2.0,1,40,1,,1,1,1,2,57,57,57,1,0,0,1.0,1.0,,40.0,,40.0,,,,,,2.0,3.0,0.0,1,2.0,,1.0,945.0,378.0,1.0,,,,,12789.168,3188.2182,0,0,1.0,1.0,0,42,51610,1,,,2.0,,,,3156.3136,7860.0,,-1,2.0,3.0,,,,,425929.0,2012,635,620,0,0,0,0,0,13.0,,1.0,4220.0,14.0,40.0,2012,MIS4_to_MIS8,2011-2012,True,False,False,1
30211670964591,12,1.0,6,4,2,8900,89001,1,1,33,17,16980,0,2.0,1.0,,7,2,43,,1,43,2,,1,0,0,5,2,57,57,57,1,0,0,1.0,1.0,,40.0,,56.0,,,,,,2.0,2.0,0.0,1,2.0,2.0,2.0,,1403.84,2.0,2.0,,,,10799.8528,2845.2467,0,0,0.0,,0,0,45014,1,,,,1.0,1.0,,2803.8894,9470.0,2000.0,-1,3.0,,,,,,428017.0,2011,623,620,0,0,0,0,0,18.0,6.0,51.0,2011,1.0,6,8,2,8900,89001,1,17,16980,0,2.0,1.0,,7,2,44,,1,43,2,,0,0,5,2,57,57,57,1,0,0,1.0,1.0,,40.0,,56.0,,,,,,2.0,2.0,0.0,1,1.0,1.0,1.0,1750.0,1634.61,1.0,,,,,10012.8118,2517.9677,0,0,0.0,0.0,0,0,34595,1,,,,1.0,1.0,,2522.8058,9470.0,,-1,3.0,,,,,,425945.0,2012,635,620,0,0,0,0,0,18.0,,2.0,2000.0,6.0,51.0,2012,MIS4_to_MIS8,2011-2012,True,False,False,1
137838960329101,12,1.0,1,4,2,8900,89001,1,1,33,17,16980,0,2.0,1.0,,7,3,50,1.0,1,37,1,,2,1,2,1,2,57,57,57,1,0,0,2.0,1.0,,40.0,,40.0,,,,,,2.0,3.0,0.0,1,2.0,1.0,1.0,1950.0,769.23,2.0,2.0,,,,12621.9966,3220.3644,0,0,0.0,0.0,0,0,8681,2,,,,,,,3192.0255,9370.0,4220.0,-1,,,,,,,428099.0,2011,623,620,0,0,0,0,0,11.0,14.0,51.0,2011,1.0,1,8,2,8900,89001,1,17,16980,0,2.0,1.0,,7,3,50,1.0,1,37,1,,1,2,1,2,57,57,57,1,0,0,2.0,1.0,,40.0,,40.0,,,,,,2.0,3.0,0.0,1,2.0,,1.0,2000.0,800.0,2.0,2.0,,,,12461.8849,3073.5969,0,0,0.0,0.0,0,0,8754,2,,,,,,,3075.5415,9370.0,,-1,,,,,,,426029.0,2012,635,620,0,0,0,0,0,11.0,,1.0,4250.0,14.0,51.0,2012,MIS4_to_MIS8,2011-2012,True,False,False,1
147970260280106,12,1.0,1,4,2,8900,89001,1,1,33,17,41180,163,2.0,1.0,,6,1,49,1.0,1,40,1,,2,1,1,1,2,57,57,57,1,0,0,2.0,1.0,,40.0,,40.0,,,,,,2.0,1.0,0.0,1,1.0,,1.0,2600.0,1340.0,2.0,2.0,,,,13218.6835,3342.5846,6,3,1.0,0.0,0,0,4863,2,,,3.0,,,,3342.924,9490.0,7210.0,-1,1.0,2.0,3.0,,,,428102.0,2011,623,620,1,0,1,0,1,14.0,20.0,51.0,2011,1.0,1,8,2,8900,89001,1,17,41180,163,2.0,1.0,,6,1,50,1.0,1,40,1,,1,1,1,2,57,57,57,1,0,0,2.0,1.0,,40.0,,40.0,,,,,,2.0,1.0,0.0,1,1.0,2.0,2.0,,1346.15,2.0,2.0,,,,12801.7498,3157.4211,8,3,0.0,,0,0,8930,2,,,2.0,,,,3159.4187,9490.0,,-1,1.0,2.0,3.0,,,,426032.0,2012,635,620,0,1,1,0,1,13.0,,1.0,7340.0,20.0,51.0,2012,MIS4_to_MIS8,2011-2012,True,False,False,1
147970260280106,12,1.0,1,4,2,8900,89001,1,1,33,17,41180,163,2.0,1.0,,6,3,41,2.0,2,40,1,,1,1,2,1,2,57,57,57,1,0,0,1.0,7.0,,,,,,,,,,1.0,1.0,0.0,2,,,,,,,,,,,10561.801,2542.4714,6,3,,,0,0,4863,1,,,3.0,,,,2587.9149,9890.0,9840.0,-1,3.0,2.0,1.0,,,,428103.0,2011,623,620,1,0,1,0,1,14.0,23.0,52.0,2011,1.0,1,8,2,8900,89001,1,17,41180,163,2.0,1.0,,6,3,42,2.0,2,40,1,,1,2,1,2,57,57,57,1,0,0,1.0,7.0,,,,,,,,,,1.0,,,2,,,,,,,,,,,9528.1101,2411.2999,8,3,,,0,0,8930,1,,,2.0,,,,2414.8184,,,-1,3.0,2.0,1.0,,,,426033.0,2012,635,620,0,1,1,0,1,13.0,,1.0,,,,2012,MIS4_to_MIS8,2011-2012,False,True,True,1
157020860850107,12,1.0,1,4,2,8900,89001,1,1,33,17,16980,0,2.0,1.0,,7,1,46,2.0,1,44,1,,1,1,1,1,2,57,57,57,1,0,0,1.0,1.0,,40.0,,40.0,,,,,,2.0,3.0,0.0,1,2.0,2.0,2.0,,1136.0,2.0,2.0,,,,12952.8305,3275.3588,4,1,1.0,,0,0,8795,1,,,,,,3.0,3275.6914,7860.0,2320.0,-1,,,,,,,428107.0,2011,623,620,0,0,0,1,0,18.0,8.0,40.0,2011,1.0,1,8,2,8900,89001,1,17,16980,0,2.0,1.0,,7,1,47,2.0,1,44,1,,1,1,1,2,57,57,57,1,0,0,1.0,1.0,,40.0,,40.0,,,,,,2.0,3.0,0.0,1,2.0,2.0,2.0,,2500.0,2.0,2.0,,,,12449.6372,3103.5763,4,1,1.0,,0,0,8873,1,,,,,,3.0,3072.5188,7860.0,,-1,,,,,,,426037.0,2012,635,620,0,0,0,1,0,18.0,,1.0,2310.0,8.0,40.0,2012,MIS4_to_MIS8,2011-2012,True,False,False,1
192926507040769,12,1.0,6,4,2,8900,89001,1,1,33,17,41180,0,2.0,1.0,,6,2,31,,1,43,1,,1,0,0,7,2,57,57,57,1,0,0,1.0,1.0,,42.0,,42.0,,,,,,2.0,3.0,0.0,1,2.0,,1.0,2090.0,877.8,1.0,,,,,10873.6589,2673.5826,0,0,0.0,0.0,0,0,55477,1,,,,2.0,,,2658.935,9470.0,3850.0,-1,,,,,,,428123.0,2011,623,620,0,0,0,0,0,16.0,12.0,51.0,2011,1.0,6,8,2,8900,89001,1,17,41180,0,2.0,1.0,,6,2,33,,1,43,1,,0,0,7,2,57,57,57,1,0,0,1.0,1.0,,42.0,,80.0,,,,,,2.0,3.0,0.0,1,2.0,,1.0,1805.0,758.1,2.0,2.0,,,,11356.8399,2822.74,0,0,1.0,1.0,22,42,34611,1,,,,2.0,,,2817.2279,9470.0,,6050,,,,,,,426056.0,2012,635,620,0,0,0,0,0,16.0,,1.0,3850.0,12.0,51.0,2012,MIS4_to_MIS8,2011-2012,True,False,False,1
320179093116838,12,1.0,1,4,2,8900,89001,1,1,33,17,16980,0,2.0,1.0,,7,3,43,1.0,1,43,1,,2,1,2,1,2,57,57,57,1,0,0,2.0,1.0,,40.0,,40.0,,,,,,2.0,3.0,0.0,1,2.0,2.0,2.0,,865.0,1.0,,,,,10314.7903,2560.3678,2,1,1.0,,0,0,52169,2,,,,2.0,,,2548.1,9470.0,3850.0,-1,,,,,,,428227.0,2011,623,620,0,1,0,0,1,16.0,12.0,51.0,2011,1.0,1,8,2,8900,89001,1,17,16980,0,2.0,1.0,,7,3,44,1.0,1,43,1,,1,2,1,2,57,57,57,1,0,0,2.0,1.0,,40.0,,41.0,,,,,,2.0,3.0,0.0,1,2.0,,1.0,3300.0,1320.0,1.0,,,,,10199.2989,2587.7398,5,2,0.0,0.0,0,0,44333,2,,,,2.0,,,2587.9629,9470.0,,-1,,,,,,,426146.0,2012,635,620,1,1,0,0,1,16.0,,1.0,3850.0,12.0,51.0,2012,MIS4_to_MIS8,2011-2012,True,False,False,1
364194587700968,12,1.0,1,4,2,8900,89001,1,1,33,17,16980,0,2.0,1.0,,7,1,68,2.0,1,45,2,,1,1,1,1,2,57,57,57,1,0,0,1.0,1.0,,40.0,,40.0,,,,,,2.0,1.0,0.0,1,2.0,2.0,2.0,,2884.61,2.0,2.0,,,,7873.4806,2489.7166,0,0,0.0,,0,0,55456,1,,,,,,,2467.2948,9470.0,2100.0,-1,4.0,,,,,,428249.0,2011,623,620,0,0,0,0,0,18.0,7.0,51.0,2011,1.0,1,8,2,8900,89001,1,17,16980,0,2.0,1.0,,7,1,68,2.0,1,45,2,,1,1,1,2,57,57,57,1,0,0,1.0,1.0,,40.0,,40.0,,,,,,2.0,1.0,0.0,1,2.0,2.0,2.0,,1826.0,2.0,2.0,,,,7878.0132,2155.6784,0,0,1.0,,0,42,58910,1,,,,,,,2132.6078,9470.0,,-1,4.0,,,,,,426154.0,2012,635,620,0,0,0,0,0,18.0,,2.0,2100.0,7.0,51.0,2012,MIS4_to_MIS8,2011-2012,True,False,False,1
364194587700968,12,1.0,1,4,2,8900,89001,1,1,33,17,16980,0,2.0,1.0,,7,3,69,1.0,2,43,2,,2,1,2,1,2,57,57,57,1,0,0,2.0,1.0,,40.0,,40.0,,,,,,2.0,1.0,0.0,1,2.0,2.0,2.0,,1730.76,2.0,2.0,,,,9213.8676,2896.0347,0,0,0.0,,0,0,55456,2,,,,2.0,,,2855.3071,8190.0,3030.0,-1,,,,,,,428250.0,2011,623,620,0,0,0,0,0,16.0,10.0,41.0,2011,1.0,1,8,2,8900,89001,1,17,16980,0,2.0,1.0,,7,3,70,1.0,2,43,2,,1,2,1,2,57,57,57,1,0,0,2.0,1.0,,40.0,,40.0,,,,,,2.0,4.0,0.0,1,2.0,2.0,2.0,,696.0,2.0,2.0,,,,7354.4293,2286.4259,0,0,1.0,,0,42,58910,2,,,,2.0,,,2267.4551,8190.0,,-1,,,,,,,426155.0,2012,635,620,0,0,0,0,0,16.0,,2.0,3030.0,10.0,41.0,2012,MIS4_to_MIS8,2011-2012,False,True,True,1
460198688700470,12,2.0,1,4,2,8900,89001,1,1,33,17,16980,0,2.0,1.0,,7,3,41,1.0,2,44,1,,2,1,2,1,2,57,57,57,1,0,0,1.0,1.0,,40.0,,45.0,,,,,,2.0,3.0,0.0,1,2.0,2.0,2.0,,1250.0,1.0,,,,,10036.0231,2491.3374,0,0,0.0,,0,0,22309,2,,,,,,2.0,2469.6883,9470.0,2015.0,-1,,,,,,,428282.0,2011,623,620,0,0,0,0,0,18.0,6.0,51.0,2011,2.0,1,8,2,8900,89001,1,17,16980,0,2.0,1.0,,7,3,42,1.0,2,44,1,,1,2,1,2,57,57,57,1,0,0,1.0,1.0,,40.0,,45.0,,,,,,2.0,3.0,0.0,1,2.0,2.0,2.0,,1442.3,1.0,,,,,9377.8246,2347.2839,0,0,0.0,,0,0,22127,2,,,,,,2.0,2348.4285,9470.0,,-1,,,,,,,426190.0,2012,635,620,0,0,0,0,0,18.0,,1.0,2015.0,6.0,51.0,2012,MIS4_to_MIS8,2011-2012,True,False,False,1
460198688700470,12,2.0,1,4,2,8900,89001,1,1,33,17,16980,0,2.0,1.0,,7,8,30,,1,43,1,,3,1,4,7,2,57,57,57,1,0,0,2.0,1.0,,40.0,,40.0,,,,,,2.0,2.0,0.0,1,2.0,,1.0,1740.0,696.0,2.0,2.0,,,,10654.9688,2619.8118,0,0,0.0,0.0,0,0,22309,3,,,,2.0,,,2605.4587,7870.0,1050.0,-1,,,,,,,428283.0,2011,623,620,0,0,0,0,0,16.0,3.0,40.0,2011,2.0,1,8,2,8900,89001,1,17,16980,0,2.0,1.0,,7,8,30,,1,43,1,,1,4,7,2,57,57,57,1,0,0,2.0,1.0,,40.0,,40.0,,,,,,2.0,2.0,0.0,1,2.0,2.0,2.0,,865.0,2.0,2.0,,,,11055.335,2747.801,0,0,1.0,,0,0,22127,3,,,,2.0,,,2742.4352,7870.0,,-1,,,,,,,426191.0,2012,635,620,0,0,0,0,0,16.0,,1.0,4030.0,13.0,40.0,2012,MIS4_to_MIS8,2011-2012,True,False,False,1
465198129700978,12,1.0,1,4,2,8900,89001,1,1,33,17,16980,0,2.0,1.0,,7,1,34,2.0,2,39,1,,1,1,1,1,2,57,57,57,1,0,0,1.0,1.0,,-4.0,1.0,24.0,,,1.0,,,3.0,3.0,0.0,1,2.0,,1.0,1200.0,288.0,2.0,2.0,,,,9964.2795,2484.4777,6,3,0.0,0.0,0,0,59518,1,1.0,,,,,,2464.2636,9470.0,3400.0,-1,,,,,,,428284.0,2011,623,620,1,0,1,0,1,12.0,10.0,51.0,2011,1.0,1,8,2,8900,89001,1,17,16980,0,2.0,1.0,,7,1,35,2.0,2,39,1,,1,1,1,2,57,57,57,1,0,0,1.0,1.0,,-4.0,13.0,24.0,,,13.0,,,4.0,3.0,0.0,1,2.0,,1.0,1260.0,302.4,2.0,2.0,,,,10071.0815,2477.7756,6,3,0.0,0.0,0,0,63750,1,1.0,,,,,,2522.0364,9470.0,,-1,,,,,,,426192.0,2012,635,620,1,0,1,0,1,12.0,,1.0,3400.0,10.0,51.0,2012,MIS4_to_MIS8,2011-2012,True,False,False,1
465198129700978,12,1.0,1,4,2,8900,89001,1,1,33,17,16980,0,2.0,1.0,,7,3,24,1.0,1,40,1,,2,1,2,1,2,57,57,57,1,0,0,2.0,1.0,,48.0,,96.0,,,,,,2.0,3.0,0.0,1,2.0,,1.0,1500.0,720.0,2.0,2.0,2.0,,,11587.6588,2972.8007,6,3,0.0,0.0,0,0,59518,2,,,1.0,,,,2952.3615,9470.0,3740.0,9110,,,,,,,428285.0,2011,623,620,1,0,1,0,1,12.0,12.0,51.0,2011,1.0,1,8,2,8900,89001,1,17,16980,0,2.0,1.0,,7,3,25,1.0,1,40,1,,1,2,1,2,57,57,57,1,0,0,2.0,1.0,,48.0,,96.0,,,,,,2.0,3.0,0.0,1,1.0,,1.0,1500.0,2160.0,2.0,2.0,,,,11505.6268,2814.6609,6,3,0.0,0.0,0,0,63750,2,,,1.0,,,,2854.1366,9470.0,,3400,,,,,,,426193.0,2012,635,620,1,0,1,0,1,12.0,,1.0,3740.0,12.0,51.0,2012,MIS4_to_MIS8,2011-2012,True,False,False,1
480172007616920,12,1.0,1,4,2,8900,89001,1,1,33,17,41180,163,2.0,1.0,,6,3,49,1.0,1,44,2,,2,1,2,1,2,57,57,57,1,0,0,2.0,1.0,,40.0,,40.0,,,,,,2.0,1.0,0.0,1,2.0,,1.0,1000.0,400.0,2.0,2.0,,,,13058.6274,3156.5909,0,0,1.0,1.0,0,0,35152,2,,,,,,2.0,3128.1633,7380.0,1107.0,-1,3.0,,,,,,428292.0,2011,623,620,0,0,0,0,0,18.0,3.0,36.0,2011,2.0,1,8,2,8900,89001,1,17,41180,163,2.0,1.0,,6,3,50,1.0,1,44,2,,1,2,1,2,57,57,57,1,0,0,1.0,3.0,,,,,7.0,,,7.0,1.0,11.0,4.0,0.0,2,,,,,,,,,,,11585.4828,2946.7521,0,0,,,0,0,44452,2,,,,,,2.0,2928.4178,7380.0,,-1,3.0,,,,,,426203.0,2012,635,620,0,0,0,0,0,18.0,,2.0,1107.0,3.0,36.0,2012,MIS4_to_MIS8,2011-2012,False,True,True,1
669197749700952,12,2.0,1,4,2,8900,89001,1,1,33,17,16980,111,2.0,1.0,,7,3,63,1.0,2,44,1,,2,1,2,1,2,57,57,57,1,0,0,1.0,1.0,,-4.0,,10.0,,,19.0,,,7.0,3.0,0.0,1,2.0,2.0,2.0,,76.0,1.0,,,,,11153.0836,2715.607,0,0,1.0,,0,42,22507,2,,,,,,2.0,2720.5709,7860.0,2310.0,-1,,,,,,,428350.0,2011,623,620,0,0,0,0,0,18.0,8.0,40.0,2011,2.0,1,8,2,8900,89001,1,17,16980,111,2.0,1.0,,7,3,64,1.0,2,43,1,,1,2,1,2,57,57,57,1,0,0,1.0,7.0,,,,,,,,,,1.0,,,2,,,,,,,,,,,11312.8251,2786.6188,0,0,,,0,0,44421,2,,,,1.0,1.0,,2829.6635,,,-1,,,,,,,426254.0,2012,635,620,0,0,0,0,0,18.0,,1.0,,,,2012,MIS4_to_MIS8,2011-2012,False,True,True,1
710990939910061,12,2.0,1,4,2,8900,89001,1,1,33,17,16980,0,2.0,1.0,,7,1,43,2.0,1,41,4,,1,1,1,1,2,233,233,233,4,0,10,2.0,1.0,,40.0,,40.0,,,,,,2.0,1.0,0.0,1,2.0,1.0,1.0,1700.0,500.0,1.0,,,,,11392.8833,2827.9364,3,2,1.0,1.0,0,0,22446,1,,,5.0,,,,2814.4252,6370.0,5920.0,-1,,,,,,,428380.0,2011,623,620,0,0,1,0,0,16.0,17.0,23.0,2011,2.0,1,8,2,8900,89001,1,17,16980,0,2.0,1.0,,7,1,44,2.0,1,41,4,,1,1,1,2,233,233,233,4,0,10,2.0,1.0,,40.0,,40.0,,,,,,2.0,1.0,0.0,1,2.0,,1.0,2597.0,1038.8,1.0,,,,,12184.225,3064.6263,3,2,0.0,0.0,0,0,51619,1,,,3.0,,,,3091.6166,6370.0,,-1,,,,,,,426279.0,2012,635,620,0,0,1,0,0,14.0,,4.0,5550.0,17.0,23.0,2012,MIS4_to_MIS8,2011-2012,True,False,False,1
861196209700910,12,2.0,1,4,2,8900,89001,1,1,33,17,16980,0,2.0,1.0,,7,1,64,2.0,1,43,2,,1,1,1,1,2,57,57,57,1,0,0,2.0,1.0,,40.0,,40.0,,,,,,2.0,1.0,0.0,1,1.0,,1.0,7212.0,2884.61,1.0,,,,,14344.0473,3216.4226,0,0,1.0,1.0,0,42,52210,1,,,,2.0,,,3187.4563,6290.0,9040.0,-1,4.0,,,,,,428465.0,2011,623,620,0,0,0,0,0,16.0,22.0,23.0,2011,1.0,1,8,2,8900,89001,1,17,16980,0,2.0,1.0,,7,1,65,2.0,1,43,2,,1,1,1,2,57,57,57,1,0,0,1.0,5.0,,,,,,,,,,1.0,,,2,,,,,,,,,,,8918.1427,2155.6784,0,0,,,0,0,51620,1,,,,1.0,1.0,,2190.2443,,,-1,4.0,,,,,,426359.0,2012,635,620,0,0,0,0,0,18.0,,2.0,,,,2012,MIS4_to_MIS8,2011-2012,False,True,True,1
868193577700788,12,1.0,4,4,2,8900,89001,1,1,33,17,16980,0,2.0,1.0,,7,1,41,,2,44,1,,1,1,1,4,2,57,57,57,1,0,0,1.0,1.0,,40.0,,40.0,,,,,,2.0,3.0,0.0,1,2.0,2.0,2.0,,2416.66,1.0,,,,,10036.0231,2491.3374,3,3,0.0,,0,0,34984,1,,,,,,2.0,2469.6883,7860.0,2310.0,-1,,,,,,1.0,428478.0,2011,623,620,0,0,1,0,0,18.0,8.0,40.0,2011,2.0,4,8,2,8900,89001,1,17,16980,0,2.0,1.0,,7,1,42,,2,44,1,,1,1,4,2,57,57,57,1,0,0,2.0,1.0,,-4.0,,40.0,,,,,,2.0,3.0,0.0,1,2.0,2.0,2.0,,576.0,1.0,,,,,9377.8246,2347.2839,10,3,1.0,,0,0,18745,1,,,,,,2.0,2348.4285,7860.0,,-1,,,,,,1.0,426373.0,2012,635,620,0,0,1,1,0,18.0,,1.0,2310.0,8.0,40.0,2012,MIS4_to_MIS8,2011-2012,True,False,False,1
919077877169650,12,1.0,1,4,2,8900,89001,1,1,33,17,16980,111,2.0,1.0,,7,3,52,1.0,2,46,1,,2,1,2,1,2,57,57,57,1,0,0,2.0,1.0,,40.0,,40.0,,,,,,2.0,1.0,0.0,1,2.0,2.0,2.0,,2269.23,2.0,2.0,,,,11017.2809,2870.1641,0,0,0.0,,0,0,18909,2,,,,,,,2855.7456,6990.0,1107.0,-1,3.0,,,,,,428506.0,2011,623,620,0,0,0,0,0,18.0,3.0,33.0,2011,1.0,1,8,2,8900,89001,1,17,16980,111,2.0,1.0,,7,3,53,1.0,2,46,1,,1,2,1,2,57,57,57,1,0,0,2.0,1.0,,40.0,,40.0,,,,,,2.0,1.0,0.0,1,2.0,2.0,2.0,,1923.07,2.0,2.0,,,,10902.5866,2739.5497,0,0,0.0,,0,0,44420,2,,,,,,,2746.7838,6990.0,,-1,3.0,,,,,,426399.0,2012,635,620,0,0,0,0,0,18.0,,1.0,1006.0,3.0,33.0,2012,MIS4_to_MIS8,2011-2012,True,False,False,1
960017509167390,12,1.0,1,4,2,8900,89001,1,1,33,17,16980,0,2.0,1.0,,7,3,36,1.0,1,44,1,,2,1,2,1,2,57,57,57,1,0,0,2.0,1.0,,50.0,,53.0,,,,,,2.0,3.0,0.0,1,2.0,2.0,2.0,,1903.84,2.0,2.0,,,,11105.6288,2733.7211,5,2,0.0,,0,0,22305,2,,,,,,2.0,2743.4637,7860.0,230.0,-1,,,,,,,428521.0,2011,623,620,1,1,0,0,1,18.0,1.0,40.0,2011,1.0,1,8,2,8900,89001,1,17,16980,0,2.0,1.0,,7,3,38,1.0,1,44,1,,1,2,1,2,57,57,57,1,0,0,2.0,1.0,,50.0,,50.0,,,,,,2.0,5.0,0.0,1,2.0,2.0,2.0,,1923.07,2.0,2.0,,,,11478.0813,2924.6515,2,2,0.0,,0,0,34534,2,,,,,,2.0,2912.4402,7860.0,,-1,,,,,,,426416.0,2012,635,620,0,1,0,0,1,18.0,,1.0,230.0,1.0,40.0,2012,MIS4_to_MIS8,2011-2012,False,True,True,1
71526006909892,12,1.0,1,4,2,8900,89001,1,1,33,17,0,0,3.0,2.0,,0,1,56,2.0,1,43,1,,1,1,1,1,2,57,57,57,1,0,0,1.0,1.0,,38.0,5.0,33.0,,,5.0,,,4.0,2.0,0.0,1,2.0,2.0,2.0,,1442.3,1.0,,,,,12626.2699,3259.8076,0,0,0.0,,0,0,4859,1,,,,2.0,,,3265.3426,9480.0,800.0,-1,,,,,,,428553.0,2011,623,620,0,0,0,0,0,16.0,2.0,51.0,2011,1.0,1,8,2,8900,89001,1,17,0,0,3.0,2.0,,0,1,58,2.0,1,43,1,,1,1,1,2,57,57,57,1,0,0,1.0,1.0,,38.0,,38.0,,,,,,2.0,2.0,0.0,1,2.0,2.0,2.0,,1638.46,1.0,,,,,12389.9235,3165.9762,0,0,0.0,,0,0,4959,1,,,,2.0,,,3173.2567,8370.0,,-1,,,,,,,426446.0,2012,635,620,0,0,0,0,0,16.0,,1.0,800.0,2.0,43.0,2012,MIS4_to_MIS8,2011-2012,True,False,False,1
192956000068729,12,2.0,1,4,2,8900,89001,1,1,33,17,0,0,3.0,2.0,,0,1,28,2.0,1,43,1,,1,1,1,1,2,57,57,57,1,0,0,2.0,1.0,,35.0,,35.0,,,,,,2.0,2.0,0.0,1,1.0,2.0,2.0,,673.07,1.0,,,,,13518.6986,3327.4454,0,0,0.0,,0,0,4858,1,,,,2.0,,,3305.7264,7860.0,2310.0,-1,,,,,,,428578.0,2011,623,620,0,0,0,0,0,16.0,8.0,40.0,2011,2.0,1,8,2,8900,89001,1,17,0,0,3.0,2.0,,0,1,29,2.0,1,43,1,,1,1,1,2,57,57,57,1,0,0,2.0,1.0,,35.0,,41.0,,,,,,2.0,2.0,0.0,1,2.0,2.0,2.0,,800.0,1.0,,,,,11509.4494,2815.596,1,1,0.0,,0,0,4958,1,,,,2.0,,,2855.0848,7860.0,,-1,,,,,,,426470.0,2012,635,620,1,0,0,0,1,16.0,,1.0,2320.0,8.0,40.0,2012,MIS4_to_MIS8,2011-2012,True,False,False,1
806902501996027,12,1.0,1,4,2,8900,89001,1,1,33,17,0,0,3.0,2.0,,0,1,41,2.0,2,44,1,,1,1,1,1,2,57,57,57,1,0,0,1.0,1.0,,40.0,,43.0,,,,,,2.0,2.0,0.0,1,2.0,2.0,2.0,,1336.61,1.0,,,,,10046.9437,2494.0484,10,3,0.0,,0,0,18916,1,,,,,,3.0,2472.3757,7860.0,3230.0,-1,,,,,,,428649.0,2011,623,620,0,0,1,1,0,18.0,10.0,40.0,2011,1.0,1,8,2,8900,89001,1,17,0,0,3.0,2.0,,0,1,42,2.0,2,44,1,,1,1,1,2,57,57,57,1,0,0,1.0,1.0,,40.0,,40.0,,,,,,2.0,2.0,0.0,1,2.0,2.0,2.0,,1794.87,1.0,,,,,9380.9402,2348.0638,10,3,0.0,,0,0,18772,1,,,,,,3.0,2349.2087,7860.0,,-1,,,,,,,426551.0,2012,635,620,0,0,1,1,0,18.0,,1.0,3230.0,10.0,40.0,2012,MIS4_to_MIS8,2011-2012,True,False,False,1
871982096909865,12,1.0,1,4,2,8900,89001,1,1,33,17,0,0,3.0,2.0,,0,1,45,2.0,2,43,1,,1,1,1,1,2,57,57,57,1,0,0,1.0,1.0,,38.0,,38.0,,,,,,2.0,3.0,0.0,1,2.0,2.0,2.0,,923.07,1.0,,,,,11673.5318,3015.0038,10,2,0.0,,0,0,22418,1,,,,1.0,2.0,,3025.8498,7860.0,2320.0,-1,,,,,,,428659.0,2011,623,620,0,0,1,1,0,17.0,8.0,40.0,2011,1.0,1,8,2,8900,89001,1,17,0,0,3.0,2.0,,0,1,46,2.0,2,43,1,,1,1,1,2,57,57,57,1,0,0,1.0,1.0,,60.0,,60.0,,,,,,2.0,3.0,0.0,1,2.0,2.0,2.0,,1057.69,1.0,,,,,11823.4106,2940.8943,10,2,0.0,,0,0,58929,1,,,,1.0,1.0,,2978.7751,7860.0,,-1,,,,,,,426560.0,2012,635,620,0,0,1,1,0,18.0,,1.0,2320.0,8.0,40.0,2012,MIS4_to_MIS8,2011-2012,True,False,False,1
871982096909865,12,1.0,1,4,2,8900,89001,1,1,33,17,0,0,3.0,2.0,,0,3,45,1.0,1,40,1,,2,1,2,1,2,57,57,57,1,0,0,2.0,1.0,,38.0,,45.0,,,,,,2.0,3.0,0.0,1,2.0,1.0,1.0,2200.0,923.07,1.0,,,,,12966.9251,3278.9229,10,2,0.0,0.0,0,0,22418,2,,,3.0,,,,3279.2558,7070.0,7340.0,-1,,,,,,,428660.0,2011,623,620,0,0,1,1,0,14.0,20.0,34.0,2011,1.0,1,8,2,8900,89001,1,17,0,0,3.0,2.0,,0,3,46,1.0,1,40,1,,1,2,1,2,57,57,57,1,0,0,2.0,1.0,,40.0,5.0,32.0,,,5.0,,,4.0,4.0,0.0,1,2.0,,1.0,2315.0,1203.8,1.0,,,,,12453.7734,3104.6075,10,2,0.0,0.0,0,0,58929,2,,,2.0,,,,3073.5396,7070.0,,-1,,,,,,,426561.0,2012,635,620,0,0,1,1,0,13.0,,1.0,7330.0,20.0,34.0,2012,MIS4_to_MIS8,2011-2012,False,True,True,1
968169859700928,12,1.0,1,4,2,8900,89001,1,1,33,17,0,0,3.0,2.0,,0,1,39,2.0,1,42,1,,1,1,1,1,2,57,57,57,1,0,0,1.0,1.0,,40.0,,40.0,,,,,,2.0,2.0,0.0,1,2.0,2.0,2.0,,1365.38,1.0,,,,,11117.7133,2736.6957,3,1,0.0,,0,0,8776,1,,,3.0,,,,2746.449,9470.0,7315.0,-1,,,,,,,428667.0,2011,623,620,0,0,1,0,0,14.0,20.0,51.0,2011,1.0,1,8,2,8900,89001,1,17,0,0,3.0,2.0,,0,1,41,2.0,1,42,1,,1,1,1,2,57,57,57,1,0,0,1.0,1.0,,40.0,,40.0,,,,,,2.0,2.0,0.0,1,2.0,2.0,2.0,,1211.53,1.0,,,,,10202.6875,2588.5995,3,1,0.0,,0,0,34603,1,,,3.0,,,,2588.8227,9470.0,,-1,,,,,,,426565.0,2012,635,620,0,0,1,0,0,14.0,,1.0,7315.0,20.0,51.0,2012,MIS4_to_MIS8,2011-2012,True,False,False,1
194906806057709,12,1.0,7,4,2,8900,89001,1,1,33,17,19340,0,,1.0,,3,2,36,,2,42,1,,1,0,0,7,2,57,57,57,1,0,0,1.0,1.0,,48.0,,66.0,,,,,,2.0,3.0,0.0,1,2.0,,1.0,2300.0,1104.0,1.0,,,,,11425.0058,2797.5577,0,0,0.0,0.0,0,0,22570,1,,,5.0,,,,2811.4925,9470.0,3800.0,5610,,,,,,,428687.0,2011,623,620,0,0,0,0,0,16.0,12.0,51.0,2011,1.0,7,8,2,8900,89001,1,17,19340,0,,1.0,,3,2,38,,2,42,1,,0,0,7,2,57,57,57,1,0,0,1.0,1.0,,48.0,,63.0,,,,,,2.0,3.0,0.0,1,2.0,2.0,2.0,,1000.0,1.0,,,,,10482.7052,2579.0469,0,0,0.0,,0,0,22366,1,,,5.0,,,,2625.1167,9470.0,,9620,,,,,,,426588.0,2012,635,620,0,0,0,0,0,16.0,,1.0,3800.0,12.0,51.0,2012,MIS4_to_MIS8,2011-2012,True,False,False,1
198966604057719,12,1.0,4,4,2,8900,89001,1,1,33,17,19500,115,,1.0,,2,1,55,,2,37,2,,1,1,1,5,2,57,57,57,1,0,0,1.0,1.0,,24.0,,24.0,,,19.0,,,7.0,2.0,0.0,1,2.0,,1.0,1125.0,270.0,2.0,1.0,,,,10859.9688,2883.311,0,0,0.0,0.0,0,0,35117,1,,,,,,,2842.7623,9480.0,4610.0,-1,,,,,,,428697.0,2011,623,620,0,0,0,0,0,11.0,15.0,51.0,2011,1.0,4,8,2,8900,89001,1,17,19500,115,,1.0,,2,1,56,,2,37,2,,1,1,5,2,57,57,57,1,0,0,1.0,1.0,,20.0,,20.0,,,19.0,,,7.0,2.0,0.0,1,2.0,,1.0,1155.0,231.0,2.0,1.0,,,,12070.5007,2887.34,0,0,0.0,0.0,0,0,58951,1,,,,,,,2863.3833,8170.0,,-1,,,,,,,426599.0,2012,635,620,0,0,0,0,0,11.0,,2.0,4610.0,15.0,42.0,2012,MIS4_to_MIS8,2011-2012,True,False,False,1
271393096909794,12,2.0,1,4,2,8900,89001,1,1,33,17,14060,113,,1.0,,2,3,66,1.0,2,44,1,,2,1,2,1,2,57,57,57,1,0,0,1.0,1.0,,38.0,4.0,31.0,,,4.0,,,4.0,2.0,0.0,1,2.0,2.0,2.0,,1015.38,2.0,2.0,,,,11638.0343,3033.1841,0,0,0.0,,0,0,22521,2,,,,,,2.0,2942.9672,9570.0,2160.0,-1,,,,,,,428728.0,2011,623,620,0,0,0,0,0,18.0,7.0,51.0,2011,2.0,1,8,2,8900,89001,1,17,14060,113,,1.0,,2,3,67,1.0,2,44,1,,1,2,1,2,57,57,57,1,0,0,2.0,1.0,,38.0,,48.0,,,,,,2.0,2.0,0.0,1,2.0,2.0,2.0,,1134.61,2.0,2.0,,,,11303.9156,2882.3084,0,0,0.0,,0,0,4947,2,,,,,,2.0,2828.4871,9570.0,,2200,,,,,,,426627.0,2012,635,620,0,0,0,0,0,18.0,,1.0,740.0,2.0,51.0,2012,MIS4_to_MIS8,2011-2012,True,False,False,1
306909371999267,12,1.0,4,4,2,8900,89001,1,1,33,17,44100,0,,1.0,,2,4,42,,1,44,1,,2,1,3,7,2,57,57,57,1,0,0,2.0,1.0,,20.0,,20.0,,,22.0,,,7.0,3.0,0.0,1,2.0,,1.0,5100.0,1020.0,2.0,2.0,,,,10526.4984,2612.9186,0,0,1.0,1.0,0,42,22588,2,,,,,,3.0,2600.399,7870.0,2200.0,-1,,,,,1.0,,428732.0,2011,623,620,0,0,0,0,0,18.0,8.0,40.0,2011,1.0,4,8,2,8900,89001,1,17,44100,0,,1.0,,2,4,42,,1,44,1,,1,3,7,2,57,57,57,1,0,0,2.0,1.0,,40.0,,40.0,,,,,,2.0,2.0,0.0,1,2.0,2.0,2.0,,2500.0,2.0,2.0,,,,10477.4578,2658.3136,0,0,1.0,,42,42,32421,2,,,,,,3.0,2658.5427,7870.0,,-1,,,,,1.0,,426630.0,2012,635,620,0,0,0,0,0,18.0,,1.0,2200.0,8.0,40.0,2012,MIS4_to_MIS8,2011-2012,True,False,True,1
740870092416679,12,1.0,4,4,2,8900,89001,1,1,33,17,14060,113,,1.0,,2,1,32,,2,43,1,,1,1,1,5,2,57,57,57,1,0,0,1.0,1.0,,50.0,,50.0,,,,,,2.0,3.0,0.0,1,2.0,1.0,1.0,2800.0,202.61,1.0,,,,,10286.7024,2564.8701,3,1,0.0,1.0,0,0,8812,1,,,,2.0,,,2544.002,7860.0,2540.0,-1,,,,,,,428785.0,2011,623,620,0,0,1,0,0,16.0,8.0,40.0,2011,1.0,4,8,2,8900,89001,1,17,14060,113,,1.0,,2,1,33,,2,43,1,,1,1,5,2,57,57,57,1,0,0,1.0,1.0,,40.0,,36.0,,,,,,2.0,3.0,0.0,1,2.0,1.0,1.0,1000.0,202.61,1.0,,,,,10460.0141,2668.6243,3,1,0.0,1.0,0,0,8892,1,,,,2.0,,,2622.4585,7860.0,,-1,,,,,,,426681.0,2012,635,620,0,0,1,0,0,16.0,,1.0,2540.0,8.0,40.0,2012,MIS4_to_MIS8,2011-2012,True,False,False,1
75881770978398,1,1.0,1,8,2,8600,86001,1,1,33,17,16980,0,1.0,1.0,1.0,7,1,50,2.0,1,40,1,,1,1,1,1,2,57,57,57,1,0,0,,1.0,,40.0,,40.0,,,,,,2.0,3.0,0.0,1,2.0,,1.0,1500.0,600.0,1.0,,,,,13552.1843,3364.9612,0,0,1.0,1.0,0,41,38756,1,,,1.0,,,,3349.125,7860.0,8610.0,-1,,,,,,,11212.0,2011,612,597,0,0,0,0,0,12.0,21.0,40.0,2011,1.0,1,4,2,8900,89001,1,17,16980,0,1.0,1.0,1.0,7,1,42,2.0,1,39,1,1.0,1,1,1,2,303,303,303,5,0,14,1.0,1.0,,40.0,,40.0,,,,,,2.0,4.0,0.0,1,2.0,2.0,2.0,,1000.0,2.0,2.0,,,,13348.114,3288.8682,8,2,0.0,,0,0,51745,1,1.0,,,,,,3263.7851,6380.0,5510.0,-1,,,,,,,11048.0,2012,624,621,0,1,1,0,1,12.0,1.0,,,17.0,23.0,2012,MIS8_to_MIS4,2011-2012,False,True,True,1
710709915835967,1,2.0,1,8,2,8600,86001,1,1,33,17,16980,0,1.0,1.0,1.0,7,1,60,5.0,1,44,1,4.0,1,1,1,1,2,57,373,57,1,0,0,2.0,1.0,,35.0,,35.0,,,,,,2.0,3.0,0.0,1,2.0,2.0,2.0,,646.0,2.0,2.0,,,,11189.9908,2824.6229,0,0,1.0,,0,0,40372,1,,,,,,2.0,2753.6154,9370.0,1530.0,-1,,,,,,,11387.0,2011,612,597,0,0,0,0,0,18.0,4.0,51.0,2011,2.0,1,4,2,8900,89001,1,17,16980,0,1.0,1.0,1.0,7,1,41,2.0,1,43,1,,1,1,1,2,57,57,57,1,0,0,2.0,1.0,,38.0,8.0,34.0,,,8.0,,,4.0,4.0,0.0,1,2.0,2.0,2.0,,2307.69,2.0,2.0,,,,11589.0129,2826.1751,8,2,0.0,,0,0,21644,1,,,,2.0,,,2833.6623,1880.0,5000.0,-1,,,,,,,11230.0,2012,624,621,0,1,1,0,1,16.0,1.0,,,17.0,17.0,2012,MIS8_to_MIS4,2011-2012,False,True,True,1
860278094717008,1,2.0,1,8,2,8600,86001,1,1,33,17,16980,0,1.0,1.0,,7,1,46,2.0,1,39,1,,1,1,1,1,2,57,57,57,1,0,0,2.0,1.0,,40.0,,40.0,,,,,,2.0,3.0,0.0,1,2.0,2.0,2.0,,961.53,1.0,,,,,14183.9074,3486.8322,4,3,0.0,,0,0,18232,1,1.0,,,,,,3505.2416,9470.0,3800.0,-1,,,,,,,11456.0,2011,612,597,0,0,0,1,0,12.0,12.0,51.0,2011,1.0,1,4,2,8900,89001,1,17,16980,0,1.0,1.0,,7,1,69,2.0,1,38,1,,1,1,1,2,57,57,57,1,0,0,1.0,5.0,,,,,,,,,,1.0,,,2,,,,,,,,,,,12052.7959,3054.0257,0,0,,,0,0,21631,1,,,,,,,3062.8703,,,-1,4.0,,,,,,11295.0,2012,624,621,0,0,0,0,0,12.0,1.0,,,,,2012,MIS8_to_MIS4,2011-2012,False,True,True,1
907919570519104,1,2.0,1,8,2,8600,86001,1,1,33,17,41180,0,2.0,1.0,,6,1,56,2.0,1,39,1,,1,1,1,1,2,57,57,57,1,0,0,2.0,1.0,,40.0,,40.0,,,,,,2.0,1.0,0.0,1,2.0,1.0,1.0,1900.0,865.38,1.0,,,,,12272.637,3119.6593,0,0,0.0,1.0,0,0,6916,1,1.0,,,,,,3146.5363,6080.0,4220.0,-1,,,,,,,11976.0,2011,612,597,0,0,0,0,0,12.0,14.0,23.0,2011,2.0,1,4,2,8900,89001,1,17,41180,0,2.0,1.0,,6,1,63,2.0,1,42,1,,1,1,1,2,57,57,57,1,0,0,2.0,5.0,,,,,,,,,,1.0,,,2,,,,,,,,,,,11895.9671,3005.3607,0,0,,,0,0,21851,1,,,3.0,,,,3023.0168,,,-1,,,,,,,11883.0,2012,624,621,0,0,0,0,0,14.0,1.0,,,,,2012,MIS8_to_MIS4,2011-2012,False,True,True,1
967639270939103,1,2.0,1,8,2,8600,86001,1,1,33,17,16980,0,2.0,1.0,,7,1,63,2.0,1,44,1,,1,1,1,1,2,57,57,57,1,0,0,2.0,1.0,,40.0,,42.0,,,,,,2.0,2.0,0.0,1,2.0,2.0,2.0,,1730.76,1.0,,,,,13158.5251,3290.3655,0,0,0.0,,0,0,4003,1,,,,,,2.0,3238.0292,9470.0,2000.0,1820,,,,,,,12023.0,2011,612,597,0,0,0,0,0,18.0,6.0,51.0,2011,2.0,1,4,2,8900,89001,1,17,16980,0,2.0,1.0,,7,1,33,2.0,1,43,1,,1,1,1,2,57,57,57,1,0,0,2.0,1.0,,40.0,5.0,32.0,,,5.0,,,4.0,4.0,0.0,1,2.0,2.0,2.0,,1538.46,2.0,2.0,,,,10975.1876,2742.8417,5,3,0.0,,0,0,8715,1,,,,2.0,,,2754.579,7380.0,1020.0,-1,,,,,,,11927.0,2012,624,621,1,1,0,0,1,16.0,1.0,,,3.0,36.0,2012,MIS8_to_MIS4,2011-2012,False,True,True,1
971173067800393,1,1.0,1,8,2,8600,86001,1,1,33,17,16980,0,2.0,1.0,,7,1,62,2.0,2,46,1,,1,1,1,1,2,57,57,57,1,0,0,1.0,5.0,,,,,,,,,,1.0,3.0,0.0,2,,,,,,,,,,,14376.147,3621.2972,0,0,,,0,0,18224,1,,,,,,,3625.4038,7860.0,2550.0,-1,,,,,,,12040.0,2011,612,597,0,0,0,0,0,18.0,8.0,40.0,2011,1.0,1,4,2,8900,89001,1,17,16980,0,2.0,1.0,,7,1,45,2.0,2,43,1,,1,1,1,2,57,57,57,1,0,0,1.0,1.0,,40.0,,40.0,,,,,,2.0,5.0,0.0,1,2.0,2.0,2.0,,900.0,2.0,2.0,,,,11889.7902,2892.21,14,3,1.0,,0,42,44600,1,,,,2.0,,,2930.9981,6990.0,2825.0,-1,,,,,,,11945.0,2012,624,621,0,1,1,1,1,16.0,1.0,,,9.0,33.0,2012,MIS8_to_MIS4,2011-2012,False,True,True,1
971173067800393,1,1.0,1,8,2,8600,86001,1,1,33,17,16980,0,2.0,1.0,,7,3,64,1.0,1,43,1,,2,1,2,1,2,119,119,119,4,0,2,2.0,1.0,,40.0,,40.0,,,,,,2.0,3.0,0.0,1,2.0,1.0,1.0,4000.0,1442.0,1.0,,,,,13158.5251,3290.3655,0,0,1.0,1.0,0,0,18224,2,,,,2.0,,,3238.0292,7860.0,8610.0,-1,,,,,,,12041.0,2011,612,597,0,0,0,0,0,16.0,21.0,40.0,2011,1.0,1,4,2,8900,89001,1,17,16980,0,2.0,1.0,,7,3,47,1.0,1,43,1,,1,2,1,2,57,57,57,1,0,0,2.0,1.0,,25.0,,25.0,,,17.0,,,7.0,4.0,0.0,1,2.0,2.0,2.0,,480.0,2.0,2.0,,,,11888.4984,3017.5325,14,3,1.0,,0,0,44600,2,,,,2.0,,,3020.3544,7270.0,5700.0,-1,,,,,,,11946.0,2012,624,621,0,1,1,1,1,16.0,1.0,,,17.0,36.0,2012,MIS8_to_MIS4,2011-2012,False,True,True,1
780978063917169,1,2.0,1,8,2,8600,86001,1,1,33,17,0,99,3.0,2.0,,0,1,51,2.0,1,44,1,,1,1,1,1,2,57,57,57,1,0,0,2.0,1.0,,40.0,,40.0,,,,,,2.0,3.0,0.0,1,2.0,2.0,2.0,,923.07,1.0,,,,,13274.6447,3296.0491,0,0,0.0,,0,0,6895,1,,,,,,2.0,3280.5372,7860.0,2320.0,-1,,,,,,,12139.0,2011,612,597,0,0,0,0,0,18.0,8.0,40.0,2011,1.0,1,4,2,8900,89001,1,17,0,99,3.0,2.0,,0,1,60,2.0,1,42,1,,1,1,1,2,57,57,57,1,0,0,1.0,1.0,,46.0,,46.0,,,,,,2.0,4.0,0.0,1,2.0,,1.0,1500.0,690.0,2.0,2.0,,,,11339.737,2685.1393,0,0,0.0,0.0,0,0,8760,1,,,3.0,,,,2672.5551,6170.0,9130.0,-1,,,,,,,12041.0,2012,624,621,0,0,0,0,0,14.0,1.0,,,22.0,23.0,2012,MIS8_to_MIS4,2011-2012,False,True,True,1
927109970389105,1,1.0,1,8,2,8600,86001,1,1,33,17,0,0,3.0,2.0,,0,1,61,2.0,2,46,1,,1,1,1,1,2,57,57,370,1,0,0,1.0,1.0,,11.0,,8.0,,,21.0,,,7.0,2.0,0.0,1,2.0,2.0,2.0,,461.53,2.0,2.0,,,,15086.2002,3645.1658,0,0,0.0,,0,0,6841,1,,,,,,,3659.3401,7870.0,2200.0,-1,,,,,,,12194.0,2011,612,597,0,0,0,0,0,18.0,8.0,40.0,2011,1.0,1,4,2,8900,89001,1,17,0,0,3.0,2.0,,0,1,41,2.0,2,44,1,,1,1,1,2,57,57,57,1,0,0,1.0,7.0,,,,,,,,,,1.0,5.0,0.0,2,,,,,,,,,,,10943.2837,2766.0406,8,2,,,0,0,34802,1,,,,,,2.0,2782.4053,7860.0,2310.0,-1,,,,,5.0,,12080.0,2012,624,621,0,1,1,0,1,18.0,1.0,,,8.0,40.0,2012,MIS8_to_MIS4,2011-2012,False,True,True,1
943057937179340,1,1.0,6,8,2,8600,86001,1,1,33,17,44100,0,,1.0,,2,2,34,,1,40,1,,1,0,0,5,2,57,57,57,1,0,0,1.0,1.0,,40.0,,40.0,,,,,,2.0,2.0,0.0,1,2.0,1.0,1.0,890.0,1369.0,1.0,,,,,11955.3994,3035.8936,0,0,0.0,1.0,0,0,15326,1,,,3.0,,,,3002.3597,9470.0,3800.0,-1,1.0,2.0,,,,,12321.0,2011,612,597,0,0,0,0,0,14.0,12.0,51.0,2011,2.0,1,4,2,8900,89001,1,17,44100,0,,1.0,,2,1,59,2.0,1,40,1,,1,1,1,2,57,57,57,1,0,0,2.0,3.0,,,,,1.0,,,1.0,1.0,11.0,4.0,0.0,2,,,,,,,,,,,10933.7061,2774.887,0,0,,,0,0,4654,1,,,2.0,,,,2743.0395,770.0,6200.0,-1,,,,,,,12216.0,2012,624,621,0,0,0,0,0,13.0,1.0,,,19.0,4.0,2012,MIS8_to_MIS4,2011-2012,False,True,True,1
981027949179120,1,1.0,4,8,2,8600,86001,1,1,33,17,28100,91,,1.0,,2,1,24,,2,40,2,,1,1,1,7,2,57,57,57,1,0,0,1.0,1.0,,40.0,,40.0,,,,,,2.0,2.0,0.0,1,2.0,,1.0,1000.0,400.0,2.0,2.0,2.0,,,9248.0418,2298.2707,5,3,0.0,0.0,0,0,30532,1,,,2.0,,,,2253.7274,7580.0,4220.0,-1,,,,,,,12337.0,2011,612,597,1,1,0,0,1,13.0,14.0,38.0,2011,1.0,7,4,2,8900,89001,1,17,28100,91,,1.0,,2,2,54,,2,40,2,,0,0,5,2,57,57,57,1,0,0,1.0,6.0,,,,,,,,,,1.0,,,2,,,,,,,,,,,12281.5079,3320.8777,0,0,,,0,0,44647,1,,,1.0,,,,3348.1933,,,-1,,,,,,,12228.0,2012,624,621,0,0,0,0,0,12.0,2.0,,,,,2012,MIS8_to_MIS4,2011-2012,False,True,True,1
8906691985777,2,1.0,7,8,2,8600,86001,1,1,33,17,16980,0,1.0,1.0,1.0,7,2,45,,2,40,2,,1,0,0,7,2,57,57,57,1,0,0,1.0,1.0,,40.0,,40.0,,,,,,2.0,3.0,0.0,1,2.0,2.0,2.0,,653.0,1.0,,,,,11181.0098,2808.1728,0,0,1.0,,0,0,50820,1,,,3.0,,,,2742.6074,6180.0,5240.0,-1,,,,,,,49457.0,2011,613,598,0,0,0,0,0,14.0,17.0,23.0,2011,1.0,4,4,2,8900,89001,1,17,16980,0,1.0,1.0,1.0,7,1,46,,2,41,2,,1,1,7,2,57,57,57,1,0,0,1.0,1.0,,40.0,,40.0,,,,,,2.0,4.0,0.0,1,2.0,2.0,2.0,,504.0,2.0,2.0,,,,12168.539,3328.9485,3,1,1.0,,0,42,67663,1,,,4.0,,,,3295.0317,6290.0,5120.0,-1,,,,,,,49052.0,2012,625,622,0,0,1,0,0,15.0,2.0,,,17.0,23.0,2012,MIS8_to_MIS4,2011-2012,False,True,True,1
197968705089709,2,2.0,6,8,2,8600,86001,1,1,33,17,16980,0,1.0,1.0,3.0,7,14,26,,2,41,1,,2,0,0,7,2,57,57,57,1,0,0,1.0,1.0,,38.0,,38.0,,,,,,2.0,2.0,0.0,1,2.0,2.0,2.0,,521.53,1.0,,,,,15445.3873,3888.7234,0,0,0.0,,0,0,21764,2,,,3.0,,,,3873.3261,9470.0,5860.0,-1,,,,,,,49516.0,2011,613,598,0,0,0,0,0,14.0,17.0,51.0,2011,2.0,4,4,2,8900,89001,1,17,16980,0,1.0,1.0,3.0,7,1,41,,2,40,1,1.0,1,1,5,2,303,303,303,4,0,10,1.0,4.0,,,,,,,,113.0,2.0,11.0,4.0,0.0,2,,,,,,,,,,,14077.2218,3312.1453,4,1,,,0,0,9164,2,,,5.0,,,,3490.3114,7680.0,3930.0,-1,,,,,,,49112.0,2012,625,622,0,0,0,1,0,16.0,1.0,,,12.0,38.0,2012,MIS8_to_MIS4,2011-2012,False,True,True,1
908900651998777,2,1.0,7,8,2,8600,86001,1,1,33,17,16980,0,1.0,1.0,3.0,7,2,29,,2,44,1,,1,0,0,7,2,57,57,57,1,0,0,1.0,1.0,,40.0,,48.0,,,,,,2.0,2.0,0.0,1,1.0,,1.0,2200.0,948.0,1.0,,,,,15445.3873,3888.7234,0,0,0.0,0.0,0,0,21765,1,,,,,,2.0,3873.3261,9470.0,3700.0,-1,,,,,,,49701.0,2011,613,598,0,0,0,0,0,18.0,12.0,51.0,2011,1.0,7,4,2,8900,89001,1,17,16980,0,1.0,1.0,3.0,7,2,64,,2,39,1,,0,0,5,2,57,57,57,1,0,0,1.0,5.0,,,,,,,,,,1.0,,,2,,,,,,,,,,,13662.6491,3322.6074,0,0,,,0,0,18702,1,1.0,,,,,,3425.6515,,,-1,,,,,,,49296.0,2012,625,622,0,0,0,0,0,12.0,1.0,,,,,2012,MIS8_to_MIS4,2011-2012,False,True,True,1
608906041793477,2,2.0,1,8,2,8600,86001,1,1,33,17,41180,119,2.0,1.0,,6,3,41,1.0,2,43,1,,2,1,2,1,2,57,57,57,1,0,0,1.0,1.0,,40.0,,40.0,,,,,,2.0,3.0,0.0,1,2.0,2.0,2.0,,923.07,1.0,,,,,14201.1848,3588.6482,3,1,0.0,,0,0,21701,2,,,,1.0,1.0,,3561.9786,7860.0,2310.0,-1,,,,,,,50022.0,2011,613,598,0,0,1,0,0,18.0,8.0,40.0,2011,1.0,1,4,2,8900,89001,1,17,41180,119,2.0,1.0,,6,3,44,1.0,2,39,1,,1,2,1,2,57,57,57,1,0,0,2.0,1.0,,30.0,,30.0,,,18.0,,,7.0,4.0,0.0,1,2.0,,1.0,850.0,255.0,1.0,,,,,12239.4042,3137.1098,0,0,1.0,1.0,0,41,18688,2,1.0,,,,,,3082.2234,9290.0,4230.0,-1,,,,,,,49614.0,2012,625,622,0,0,0,0,0,12.0,1.0,,,14.0,50.0,2012,MIS8_to_MIS4,2011-2012,False,True,True,1
37027157180360,2,2.0,1,8,2,8600,86001,1,1,33,17,16580,0,,1.0,,2,3,41,1.0,2,44,1,,2,1,2,1,2,57,57,57,1,0,0,1.0,1.0,,40.0,,40.0,,,,,,2.0,3.0,0.0,1,2.0,2.0,2.0,,961.53,1.0,,,,,14365.8501,3630.2593,1,1,0.0,,0,0,54146,2,,,,,,2.0,3603.2804,7860.0,2330.0,-1,,,,,,,50351.0,2011,613,598,1,0,0,0,1,18.0,8.0,40.0,2011,1.0,1,4,2,8900,89001,1,17,16580,0,,1.0,,2,3,77,1.0,2,39,1,,1,2,1,2,57,57,57,1,0,0,2.0,5.0,,,,,,,,,,1.0,,,2,,,,,,,,,,,13004.8282,3188.7794,0,0,,,0,0,21933,2,1.0,,,,,,3260.7153,,,-1,,,,,,,49965.0,2012,625,622,0,0,0,0,0,12.0,1.0,,,,,2012,MIS8_to_MIS4,2011-2012,False,True,True,1
301904531684537,3,1.0,3,8,2,8700,87001,1,1,33,17,16980,0,1.0,1.0,1.0,7,1,52,,1,39,2,,1,1,1,7,2,57,57,57,1,0,0,1.0,4.0,,,,,,,,8.0,3.0,11.0,2.0,0.0,2,,,,,,,,,,,14179.9353,3651.1415,0,0,,,0,0,64445,1,1.0,,,,,,3580.0061,9480.0,4220.0,-1,,,,,,,87504.0,2011,614,599,0,0,0,0,0,12.0,14.0,51.0,2011,2.0,6,4,2,9000,90001,1,17,16980,0,1.0,1.0,1.0,7,2,26,,1,43,2,,0,0,7,2,57,57,57,1,0,0,2.0,7.0,,,,,,,,,,1.0,,,2,,,,,,,,,,,12849.9657,3239.4762,0,0,,,0,0,64446,1,,,,2.0,,,2954.1761,,,-1,,,,,,,86895.0,2012,626,623,0,0,0,0,0,16.0,2.0,,,,,2012,MIS8_to_MIS4,2011-2012,False,True,True,1
710196977700356,3,1.0,4,8,2,8700,87001,1,1,33,17,16980,0,2.0,1.0,,7,1,39,,2,44,2,,1,1,1,3,2,57,57,57,1,0,0,1.0,1.0,,30.0,,30.0,,,22.0,,,7.0,3.0,0.0,1,2.0,2.0,2.0,,1538.46,1.0,,,,,10626.3257,2553.0501,3,1,0.0,,0,0,32332,1,,,,,,2.0,2571.0341,7860.0,2310.0,-1,,,,,,,88008.0,2011,614,599,0,0,1,0,0,18.0,8.0,40.0,2011,1.0,7,4,2,9000,90001,1,17,16980,0,2.0,1.0,,7,2,61,,2,43,2,,0,0,5,2,57,57,57,1,0,0,1.0,5.0,,,,,,,,,,1.0,,,2,,,,,,,,,,,10459.4851,2664.0853,0,0,,,0,0,50055,1,,,,2.0,,,2666.4966,,,-1,,,,,,,87420.0,2012,626,623,0,0,0,0,0,16.0,2.0,,,,,2012,MIS8_to_MIS4,2011-2012,False,True,True,1
88691170991793,3,1.0,1,8,2,8700,87001,1,1,33,17,0,99,3.0,2.0,,0,1,55,2.0,2,44,1,,1,1,1,1,2,57,57,57,1,0,0,1.0,1.0,,40.0,,40.0,,,,,,2.0,3.0,0.0,1,2.0,2.0,2.0,,961.53,1.0,,,,,12213.4441,2953.7681,2,3,0.0,,0,0,34946,1,,,,,,2.0,2967.1606,7860.0,2320.0,-1,,,,,,,88255.0,2011,614,599,0,1,0,0,1,18.0,8.0,40.0,2011,1.0,1,4,2,9000,90001,1,17,0,99,3.0,2.0,,0,1,34,2.0,2,34,1,1.0,1,1,1,2,303,303,303,5,0,14,1.0,7.0,,,,,,,,,,1.0,,,2,,,,,,,,,,,14250.0821,3581.0855,3,2,,,0,0,18255,1,,,,,,,3598.8773,,,-1,,,,,,,87651.0,2012,626,623,0,0,1,0,0,7.5,1.0,,,,,2012,MIS8_to_MIS4,2011-2012,False,True,True,1
110709946436986,3,1.0,1,8,2,8700,87001,1,1,33,17,44100,0,,1.0,,2,3,64,1.0,2,43,1,,2,1,2,1,2,57,128,102,1,0,0,2.0,1.0,,-4.0,,14.0,,,21.0,,,7.0,2.0,0.0,1,2.0,2.0,2.0,,428.57,2.0,2.0,,,,10872.1479,2760.2555,0,0,0.0,,0,0,18598,2,,,,1.0,2.0,,2754.5499,9370.0,5700.0,-1,,,,,,,88389.0,2011,614,599,0,0,0,0,0,17.0,17.0,51.0,2011,1.0,1,4,2,9000,90001,1,17,44100,0,,1.0,,2,3,59,1.0,2,39,1,,1,2,1,2,57,57,57,1,0,0,2.0,1.0,,60.0,,60.0,,,,,,2.0,6.0,0.0,2,,,,,,,,,,,13271.0381,3199.7217,0,0,,,0,0,31071,2,1.0,,,,,,3239.7243,8470.0,430.0,-1,,,,,,,87788.0,2012,626,623,0,0,0,0,0,12.0,1.0,,,1.0,43.0,2012,MIS8_to_MIS4,2011-2012,False,True,True,1
120971093411189,3,1.0,7,8,2,8700,87001,1,1,33,17,16580,0,,1.0,,2,2,66,,2,46,1,,1,0,0,7,2,57,57,57,1,0,0,1.0,2.0,4.0,50.0,,,,,,,,5.0,2.0,0.0,1,2.0,2.0,2.0,,951.92,1.0,,,,,12206.4835,3042.225,0,0,0.0,,0,0,21693,1,,,,,,,3007.5772,7870.0,2200.0,-1,,,,,,,88394.0,2011,614,599,0,0,0,0,0,18.0,8.0,40.0,2011,1.0,4,4,2,9000,90001,1,17,16580,0,,1.0,,2,1,41,,2,44,1,,1,1,5,2,57,57,57,1,0,0,1.0,1.0,,12.0,,10.0,,,20.0,,,7.0,2.0,0.0,1,2.0,2.0,2.0,,375.0,1.0,,,,,14087.0298,3504.3187,8,2,0.0,,0,0,17997,1,,,,,,2.0,3474.0064,7870.0,2200.0,-1,,,,,,,87792.0,2012,626,623,0,1,1,0,1,18.0,1.0,,,8.0,40.0,2012,MIS8_to_MIS4,2011-2012,True,False,False,1
500977090311889,3,1.0,7,8,2,8700,87001,1,1,33,17,19500,115,,1.0,,2,2,64,,2,40,1,,1,0,0,7,2,57,57,57,1,0,0,1.0,1.0,,10.0,,10.0,,,19.0,,,7.0,3.0,0.0,1,2.0,,1.0,1113.0,111.3,2.0,2.0,,,,10998.2124,2792.2612,0,0,0.0,0.0,0,0,34962,1,,,1.0,,,,2786.4894,7860.0,3940.0,-1,,,,,,,88413.0,2011,614,599,0,0,0,0,0,12.0,12.0,40.0,2011,1.0,7,4,2,9000,90001,1,17,19500,115,,1.0,,2,2,80,,2,39,1,,0,0,4,2,57,57,57,1,0,0,1.0,5.0,,,,,,,,,,1.0,,,2,,,,,,,,,,,12974.0118,3247.4905,0,0,,,0,0,15077,1,1.0,,,,,,3240.5379,,,-1,,,,,,,87807.0,2012,626,623,0,0,0,0,0,12.0,1.0,,,,,2012,MIS8_to_MIS4,2011-2012,False,True,True,1
799270486510911,3,2.0,1,8,2,8700,87001,1,1,33,17,28100,91,,1.0,,2,1,47,2.0,1,44,1,,1,1,1,1,2,57,57,57,1,0,0,2.0,1.0,,50.0,,40.0,,,,,,2.0,3.0,0.0,1,2.0,2.0,2.0,,961.53,1.0,,,,,11270.7179,2839.4625,4,3,0.0,,0,0,8401,1,,,,,,2.0,2855.4912,7860.0,2310.0,-1,,,,,,,88431.0,2011,614,599,0,0,0,1,0,18.0,8.0,40.0,2011,1.0,6,4,2,9000,90001,1,17,28100,91,,1.0,,2,2,40,,1,42,1,,0,0,7,2,57,57,57,1,0,0,1.0,1.0,,40.0,,40.0,,,,,,2.0,4.0,0.0,1,2.0,,1.0,2015.0,806.0,2.0,2.0,,,,11793.1272,2958.9086,0,0,1.0,1.0,0,42,41733,1,,,3.0,,,,2968.5376,570.0,7410.0,-1,,,,,,,87826.0,2012,626,623,0,0,0,0,0,14.0,1.0,,,20.0,24.0,2012,MIS8_to_MIS4,2011-2012,False,True,True,1
967129710519103,3,1.0,3,8,2,8700,87001,1,1,33,17,19340,0,,1.0,,3,7,22,,1,40,1,,2,1,4,7,2,57,57,57,1,0,0,2.0,1.0,,40.0,,40.0,,,,,,2.0,3.0,0.0,1,2.0,,1.0,1730.0,692.0,1.0,,2.0,,,17403.3214,4250.7908,0,0,0.0,0.0,0,0,34993,2,,,2.0,,,,4232.5074,770.0,6730.0,-1,,,,,,,88487.0,2011,614,599,0,0,0,0,0,13.0,19.0,4.0,2011,2.0,1,4,2,9000,90001,1,17,19340,0,,1.0,,3,3,73,1.0,1,39,1,,1,2,1,2,57,57,57,1,0,0,1.0,5.0,,,,,,,,,,1.0,,,2,,,,,,,,,,,11475.7504,2890.212,0,0,,,0,0,18342,2,2.0,1.0,,,,,2909.8346,,,-1,5.0,,,,,,87874.0,2012,626,623,0,0,0,0,0,0.0,1.0,,,,,2012,MIS8_to_MIS4,2011-2012,False,True,True,1
2111270980698,4,2.0,1,8,2,8700,87001,1,1,33,17,16980,0,2.0,1.0,,7,1,27,2.0,1,41,1,,1,1,1,1,2,57,57,57,1,0,0,2.0,1.0,,48.0,,75.0,,,,,,2.0,3.0,0.0,1,1.0,1.0,1.0,1600.0,714.0,2.0,2.0,,,,13178.8931,3309.0859,1,1,0.0,0.0,0,0,59245,1,,,3.0,,,,3324.282,9470.0,3740.0,9130,,,,,,,125017.0,2011,615,600,1,0,0,0,1,14.0,12.0,51.0,2011,2.0,1,4,2,9000,90001,1,17,16980,0,2.0,1.0,,7,1,76,2.0,1,40,1,,1,1,1,2,57,57,57,1,0,0,2.0,1.0,,40.0,,40.0,,,,,,2.0,3.0,0.0,1,2.0,,1.0,2150.0,860.0,1.0,,,,,10432.0447,2822.7745,4,6,0.0,0.0,0,0,22347,1,,,2.0,,,,2746.9846,9370.0,4220.0,-1,,,,,,,124215.0,2012,627,624,0,0,0,1,0,13.0,1.0,,,14.0,51.0,2012,MIS8_to_MIS4,2011-2012,True,False,False,1
199922808012769,4,1.0,1,8,2,8700,87001,1,1,33,17,16980,0,2.0,1.0,,7,1,51,2.0,1,40,1,,1,1,1,1,2,57,57,57,1,0,0,1.0,1.0,,40.0,,40.0,,,,,,2.0,3.0,0.0,1,1.0,2.0,2.0,,1923.07,1.0,,,,,11453.2697,2888.7662,0,0,0.0,,0,0,35958,1,,,2.0,,,,2908.8378,9390.0,7340.0,-1,3.0,,,,,,125186.0,2011,615,600,0,0,0,0,0,13.0,20.0,51.0,2011,1.0,3,4,2,9000,90001,1,17,16980,0,2.0,1.0,,7,1,45,,1,43,1,,1,1,6,2,57,57,57,1,0,0,1.0,1.0,,50.0,,50.0,,,,,,2.0,6.0,0.0,2,,,,,,,,,,,12844.6022,3065.501,3,2,,,0,0,44927,1,,,,2.0,,,3098.0194,770.0,10.0,-1,,,,,,,124375.0,2012,627,624,0,0,1,0,0,16.0,1.0,,,1.0,4.0,2012,MIS8_to_MIS4,2011-2012,False,True,True,1
210709932395399,4,1.0,3,8,2,8700,87001,1,1,33,17,16980,111,2.0,1.0,,7,1,48,,1,44,1,,1,1,1,5,2,57,57,57,1,0,0,1.0,1.0,,40.0,,60.0,,,,,,2.0,3.0,0.0,1,2.0,2.0,2.0,,1673.07,2.0,1.0,,,,11277.2286,2834.4538,10,4,0.0,,0,0,45722,1,,,,,,2.0,2864.1279,7860.0,2320.0,9130,,,,,,,125199.0,2011,615,600,0,0,1,1,0,18.0,8.0,40.0,2011,2.0,1,4,2,9000,90001,1,17,16980,111,2.0,1.0,,7,1,69,2.0,1,39,1,,1,1,1,2,57,57,57,1,0,0,2.0,2.0,5.0,12.0,,,,,,,,10.0,7.0,0.0,2,,,,,,,,,,,11674.6127,2893.5163,0,0,,,0,0,35103,1,1.0,,,,,,2815.8269,770.0,6260.0,-1,5.0,,,,,,124389.0,2012,627,624,0,0,0,0,0,12.0,1.0,,,19.0,4.0,2012,MIS8_to_MIS4,2011-2012,False,True,True,1
210709989628192,4,1.0,7,8,2,8700,87001,1,1,33,17,16980,0,2.0,1.0,,7,2,61,,2,44,1,,1,0,0,5,2,57,57,57,1,0,0,1.0,1.0,,40.0,,40.0,,,,,,2.0,3.0,0.0,1,2.0,2.0,2.0,,769.23,2.0,2.0,,,,12769.2605,3284.1875,0,0,0.0,,0,0,23694,1,,,,,,2.0,3276.2292,6770.0,2430.0,-1,,,,,,,125217.0,2011,615,600,0,0,0,0,0,18.0,8.0,31.0,2011,1.0,4,4,2,9000,90001,1,17,16980,0,2.0,1.0,,7,1,36,,2,39,1,,1,1,6,2,57,249,249,1,0,0,1.0,7.0,,,,,,,,,,1.0,4.0,0.0,2,,,,,,,,,,,11597.0395,2860.3553,3,3,,,0,0,65708,1,1.0,,,,,,2869.4002,8180.0,4720.0,-1,,,,,,,124403.0,2012,627,624,0,0,1,0,0,12.0,1.0,,,16.0,42.0,2012,MIS8_to_MIS4,2011-2012,False,True,True,1
328195769700942,4,1.0,1,8,2,8700,87001,1,1,33,17,0,99,3.0,2.0,,0,1,52,2.0,2,43,1,,1,1,1,1,2,57,57,57,1,0,0,1.0,1.0,,50.0,,50.0,,,,,,2.0,3.0,0.0,1,2.0,2.0,2.0,,1229.0,1.0,,,,,13498.7455,3399.417,0,0,1.0,,0,42,9418,1,,,,2.0,,,3449.0011,7860.0,2330.0,-1,,,,,,,125642.0,2011,615,600,0,0,0,0,0,16.0,8.0,40.0,2011,3.0,4,4,2,9000,90001,1,17,0,99,3.0,2.0,,0,1,40,,2,34,1,1.0,1,1,6,2,303,303,303,5,0,13,2.0,7.0,,,,,,,,,,1.0,,,2,,,,,,,,,,,11938.2779,2776.7263,13,3,,,0,0,51863,1,,,,,,,2953.8312,,,-1,,,,,,,124830.0,2012,627,624,1,0,1,1,1,7.5,1.0,,,,,2012,MIS8_to_MIS4,2011-2012,False,True,True,1
328195769700942,4,1.0,1,8,2,8700,87001,1,1,33,17,0,99,3.0,2.0,,0,3,54,1.0,1,42,1,,2,1,2,1,2,57,57,57,1,0,0,2.0,1.0,,40.0,,40.0,,,,,,2.0,2.0,0.0,1,2.0,,1.0,1200.0,480.0,2.0,2.0,,,,11781.2141,2971.481,0,0,1.0,1.0,0,42,9418,2,,,3.0,,,,2992.1273,9470.0,7700.0,-1,,,,,,,125643.0,2011,615,600,0,0,0,0,0,14.0,21.0,51.0,2011,3.0,4,4,2,9000,90001,1,17,0,99,3.0,2.0,,0,4,18,,1,37,1,1.0,1,3,7,2,57,303,303,1,0,0,2.0,2.0,14.0,-4.0,,,,,,,,10.0,4.0,0.0,1,2.0,1.0,1.0,700.0,150.0,2.0,2.0,1.0,1.0,1.0,10492.1911,2706.7866,0,0,1.0,1.0,42,0,51863,2,,,,,,,2632.8367,8680.0,4020.0,-1,,,,,1.0,,124832.0,2012,627,624,0,0,0,0,0,11.0,1.0,,,13.0,46.0,2012,MIS8_to_MIS4,2011-2012,False,True,True,1
18351370993090,5,1.0,1,8,2,8700,87001,1,1,33,17,40420,0,1.0,1.0,,3,1,55,2.0,2,40,1,,1,1,1,1,2,57,57,57,1,0,0,1.0,1.0,,20.0,,20.0,,,21.0,,,7.0,3.0,0.0,1,2.0,,1.0,1005.0,201.0,2.0,2.0,,,,12073.3002,3004.7797,4,1,1.0,1.0,0,42,34860,1,,,1.0,,,,2962.8094,9470.0,3640.0,-1,2.0,,,,,,162434.0,2011,616,601,0,0,0,1,0,12.0,11.0,51.0,2011,1.0,7,4,2,9000,90001,1,17,40420,0,1.0,1.0,,3,2,55,,2,42,1,,0,0,5,2,57,57,57,1,0,0,1.0,1.0,,47.0,,47.0,,,,,,2.0,2.0,0.0,1,2.0,,1.0,3000.0,1410.0,1.0,,,,,11775.6878,2769.0705,0,0,1.0,1.0,0,0,50945,1,,,3.0,,,,2787.527,7870.0,,-1,,,,,,,161246.0,2012,628,625,0,0,0,0,0,14.0,,1.0,5860.0,17.0,40.0,2012,MIS8_to_MIS4,2011-2012,True,False,True,1
198943305064788,5,1.0,7,8,2,8700,87001,1,1,33,17,16980,0,1.0,1.0,1.0,7,2,54,,2,44,2,,1,0,0,7,2,57,57,57,1,0,0,1.0,1.0,,35.0,,35.0,,,,,,2.0,3.0,0.0,1,2.0,,1.0,1800.0,630.0,2.0,2.0,,,,10344.0071,2669.3829,0,0,0.0,0.0,0,0,44408,1,,,,,,2.0,2656.4208,6770.0,5240.0,-1,,,,,,,162489.0,2011,616,601,0,0,0,0,0,18.0,17.0,31.0,2011,1.0,1,4,2,9000,90001,1,17,16980,0,1.0,1.0,1.0,7,1,61,2.0,2,43,2,,1,1,1,2,57,57,57,1,0,0,1.0,1.0,,40.0,,40.0,,,,,,2.0,3.0,0.0,1,2.0,1.0,1.0,3200.0,1285.0,1.0,,,,,13147.018,2962.8033,0,0,0.0,0.0,0,0,42864,1,,,,2.0,,,2974.3974,9470.0,,-1,,,,,,,161297.0,2012,628,625,0,0,0,0,0,16.0,,2.0,5520.0,17.0,51.0,2012,MIS8_to_MIS4,2011-2012,True,False,False,1
530273095413438,5,2.0,1,8,2,8700,87001,1,1,33,17,16980,0,1.0,1.0,,7,1,48,2.0,1,40,1,,1,1,1,1,2,57,57,57,1,0,0,2.0,1.0,,40.0,,40.0,,,,,,2.0,3.0,0.0,1,1.0,1.0,1.0,1610.0,576.92,1.0,,,,,13101.9641,3271.8886,0,0,0.0,0.0,0,0,8696,1,,,2.0,,,,3255.575,9470.0,4220.0,-1,,,,,,,162587.0,2011,616,601,0,0,0,0,0,13.0,14.0,51.0,2011,2.0,1,4,2,9000,90001,1,17,16980,0,1.0,1.0,,7,3,53,2.0,1,43,1,,1,2,1,2,57,57,57,1,0,0,2.0,1.0,,40.0,,40.0,,,,,,2.0,6.0,0.0,2,,,,,,,,,,,12769.5645,3026.906,0,0,,,0,0,42857,1,,,,2.0,,,3016.13,4590.0,,-1,,,,,,,161380.0,2012,628,625,0,0,0,0,0,16.0,,1.0,4710.0,16.0,21.0,2012,MIS8_to_MIS4,2011-2012,False,True,True,1
18151370994894,5,1.0,7,8,2,8700,87001,1,1,33,17,16980,0,2.0,1.0,,7,2,50,,2,43,1,,1,0,0,5,2,57,57,57,1,0,0,1.0,1.0,,-4.0,,46.0,,,,,,2.0,3.0,0.0,1,2.0,2.0,2.0,,682.69,2.0,2.0,,,,12352.256,3069.7794,0,0,0.0,,0,0,34705,1,,,,2.0,,,3031.3229,6770.0,2430.0,-1,,,,,,,162750.0,2011,616,601,0,0,0,0,0,16.0,8.0,31.0,2011,1.0,7,4,2,9000,90001,1,17,16980,0,2.0,1.0,,7,2,45,,2,40,1,,0,0,7,2,57,57,57,1,0,0,1.0,1.0,,42.0,,42.0,,,,,,2.0,4.0,0.0,1,1.0,,1.0,2300.0,989.0,2.0,2.0,,,,9932.4091,2465.6986,0,0,0.0,0.0,0,0,5907,1,,,3.0,,,,2480.3522,1990.0,,-1,,,,,,,161578.0,2012,628,625,0,0,0,0,0,14.0,,1.0,1010.0,3.0,17.0,2012,MIS8_to_MIS4,2011-2012,False,True,True,1
22801370973299,5,1.0,1,8,2,8700,87001,1,1,33,17,16980,0,2.0,1.0,,7,3,60,1.0,2,43,4,,2,1,2,1,2,233,233,233,4,0,11,1.0,2.0,4.0,40.0,,,,,,,,5.0,1.0,0.0,1,2.0,1.0,1.0,2550.0,1019.23,1.0,,,,,12320.9095,3123.379,0,0,0.0,0.0,0,0,18927,2,,,,2.0,,,3138.8365,6370.0,5560.0,-1,,,,,,,162752.0,2011,616,601,0,0,0,0,0,16.0,17.0,23.0,2011,1.0,1,4,2,9000,90001,1,17,16980,0,2.0,1.0,,7,3,42,1.0,2,44,4,,1,2,1,2,231,210,210,4,0,15,2.0,1.0,,40.0,,40.0,,,,,,2.0,4.0,0.0,1,2.0,2.0,2.0,,1057.69,2.0,2.0,,,,12413.2942,2951.8636,13,3,0.0,,0,0,5906,2,,,,,,2.0,2976.4066,8180.0,,-1,,,,,,,161582.0,2012,628,625,1,0,1,1,1,18.0,,4.0,2010.0,6.0,42.0,2012,MIS8_to_MIS4,2011-2012,False,True,True,1
192963303039768,5,1.0,1,8,2,8700,87001,1,1,33,17,16980,0,2.0,1.0,,7,1,66,2.0,1,40,1,,1,1,1,1,2,57,57,57,1,0,0,1.0,1.0,,40.0,,40.0,,,,,,2.0,2.0,0.0,1,2.0,,1.0,1004.0,401.6,2.0,2.0,,,,11754.4388,3204.5659,0,0,0.0,0.0,0,0,8777,1,,,2.0,,,,3031.465,9480.0,4610.0,-1,,,,,,,162835.0,2011,616,601,0,0,0,0,0,13.0,15.0,51.0,2011,2.0,1,4,2,9000,90001,1,17,16980,0,2.0,1.0,,7,1,73,2.0,1,39,1,,1,1,1,2,57,57,57,1,0,0,2.0,1.0,,33.0,,41.0,,,,,,2.0,4.0,0.0,1,2.0,,1.0,1370.0,452.1,2.0,2.0,,,,10935.1202,2916.2284,0,0,1.0,1.0,0,0,63066,1,1.0,,,,,,2811.3689,6180.0,,5240,,,,,,,161686.0,2012,628,625,0,0,0,0,0,12.0,,1.0,9120.0,22.0,23.0,2012,MIS8_to_MIS4,2011-2012,False,True,True,1
193893001096703,5,1.0,4,8,2,8700,87001,1,1,33,17,16980,0,2.0,1.0,,7,1,32,,2,43,1,,1,1,1,7,2,313,313,313,4,0,16,2.0,1.0,,40.0,,40.0,,,,,,2.0,1.0,0.0,1,2.0,2.0,2.0,,1192.0,1.0,,,,,13345.2563,3381.2702,8,2,1.0,,0,0,8697,1,,,,1.0,1.0,,3391.2429,9380.0,930.0,-1,,,,,3.0,,162856.0,2011,616,601,0,1,1,0,1,18.0,2.0,51.0,2011,1.0,7,4,2,9000,90001,1,17,16980,0,2.0,1.0,,7,2,52,,2,43,1,1.0,0,0,7,2,303,303,303,5,21,18,1.0,6.0,,,,,,,,,,1.0,,,2,,,,,,,,,,,8856.4541,2338.1683,0,0,,,0,0,54528,1,,,,2.0,,,2337.8994,,,-1,,,,,,,161701.0,2012,628,625,0,0,0,0,0,16.0,,1.0,,,,2012,MIS8_to_MIS4,2011-2012,False,True,True,1
957209530579104,5,1.0,1,8,2,8700,87001,1,1,33,17,16980,0,2.0,1.0,,7,1,56,2.0,2,44,1,,1,1,1,1,2,57,57,57,1,0,0,1.0,1.0,,40.0,,40.0,,,,,,2.0,3.0,0.0,1,2.0,2.0,2.0,,1250.0,1.0,,,,,12064.336,3002.5487,0,0,1.0,,0,42,34837,1,,,,,,2.0,2960.6096,7860.0,2310.0,-1,,,,,,,163191.0,2011,616,601,0,0,0,0,0,18.0,8.0,40.0,2011,1.0,4,4,2,9000,90001,1,17,16980,0,2.0,1.0,,7,1,64,,2,39,1,,1,1,7,2,57,57,57,1,0,0,1.0,1.0,,40.0,,40.0,,,,,,2.0,4.0,0.0,1,2.0,2.0,2.0,,530.0,2.0,2.0,,,,9864.6115,2539.0351,0,0,1.0,,0,42,43060,1,1.0,,,,,,2472.3157,6870.0,,-1,,,,,3.0,,162084.0,2012,628,625,0,0,0,0,0,12.0,,1.0,5160.0,17.0,32.0,2012,MIS8_to_MIS4,2011-2012,False,True,True,1
500973062513519,5,1.0,1,8,2,8700,87001,1,1,33,17,0,0,3.0,2.0,,0,1,41,2.0,2,40,1,,1,1,1,1,2,57,57,57,1,0,0,1.0,4.0,,,,,,,,82.0,3.0,11.0,3.0,0.0,2,,,,,,,,,,,12864.6816,3470.1955,10,2,,,0,0,54951,1,,,2.0,,,,3345.4955,7860.0,4020.0,-1,,,,,,,163288.0,2011,616,601,0,0,1,1,0,13.0,13.0,40.0,2011,1.0,1,4,2,9000,90001,1,17,0,0,3.0,2.0,,0,1,34,2.0,2,42,1,,1,1,1,2,57,57,57,1,0,0,1.0,1.0,,36.0,4.0,16.0,,,4.0,,,4.0,4.0,0.0,1,2.0,1.0,1.0,2150.0,1153.84,2.0,2.0,,,,11461.3672,2809.0154,3,1,0.0,0.0,0,0,18495,1,,,3.0,,,,2833.1578,8190.0,,-1,,,,,,,162194.0,2012,628,625,0,0,1,0,0,14.0,,1.0,3220.0,10.0,41.0,2012,MIS8_to_MIS4,2011-2012,False,True,True,1
95011370995593,5,1.0,1,8,2,8700,87001,1,1,33,17,28100,91,,1.0,,2,1,60,2.0,2,44,1,,1,1,1,1,2,57,57,57,1,0,0,1.0,1.0,,40.0,,40.0,,,,,,2.0,3.0,0.0,1,2.0,2.0,2.0,,1250.0,1.0,,,,,11882.6454,3065.6889,0,0,0.0,,0,0,22189,1,,,,,,3.0,3027.1857,7860.0,2540.0,-1,,,,,,,163407.0,2011,616,601,0,0,0,0,0,18.0,8.0,40.0,2011,1.0,7,4,2,9000,90001,1,17,28100,91,,1.0,,2,2,68,,2,40,1,,0,0,4,2,57,57,57,1,0,0,1.0,5.0,,,,,,,,,,1.0,,,2,,,,,,,,,,,10620.298,2632.891,0,0,,,0,0,54578,1,,,1.0,,,,2647.8182,,,-1,,,,,,,162313.0,2012,628,625,0,0,0,0,0,12.0,,1.0,,,,2012,MIS8_to_MIS4,2011-2012,False,True,True,1
187920340110105,6,1.0,1,8,2,8700,87001,1,1,33,17,16980,0,2.0,1.0,,7,1,32,2.0,2,44,1,,1,1,1,1,2,57,57,57,1,0,0,1.0,2.0,8.0,40.0,,,,,,,,5.0,3.0,0.0,1,2.0,2.0,2.0,,1076.92,1.0,,,,,11073.5729,2822.9532,5,2,0.0,,0,0,19979,1,,,,,,3.0,2839.6616,7860.0,2000.0,-1,,,,,,,200821.0,2011,617,602,1,1,0,0,1,18.0,6.0,40.0,2011,1.0,7,4,2,9000,90001,1,17,16980,0,2.0,1.0,,7,2,72,,2,39,1,,0,0,4,2,57,57,57,1,0,0,1.0,5.0,,,,,,,,,,1.0,,,2,,,,,,,,,,,12419.8641,3068.6131,0,0,,,0,0,20700,1,1.0,,,,,,3116.207,,,-1,,,,,,,199570.0,2012,629,626,0,0,0,0,0,12.0,,1.0,,,,2012,MIS8_to_MIS4,2011-2012,False,True,True,1
197008340619109,6,1.0,1,8,2,8700,87001,1,1,33,17,16980,0,2.0,1.0,,7,1,64,2.0,1,45,1,,1,1,1,1,2,57,119,119,1,0,0,1.0,2.0,4.0,40.0,,,,,,,,5.0,2.0,0.0,1,2.0,2.0,2.0,,2146.0,2.0,2.0,,,,12230.256,3129.8908,4,2,1.0,,0,42,32774,1,,,,,,,3040.7479,9370.0,20.0,-1,4.0,,,,,,200877.0,2011,617,602,0,0,0,1,0,18.0,1.0,51.0,2011,1.0,1,4,2,9000,90001,1,17,16980,0,2.0,1.0,,7,1,49,2.0,1,44,1,,1,1,1,2,57,57,57,1,0,0,1.0,1.0,,40.0,,40.0,,,,,,2.0,4.0,0.0,1,2.0,,1.0,5000.0,2000.0,2.0,2.0,,,,12953.6236,3176.3976,3,1,0.0,0.0,0,0,34103,1,,,,,,3.0,3162.7644,1370.0,,-1,,,,,,,199618.0,2012,629,626,0,0,1,0,0,18.0,,1.0,5120.0,17.0,15.0,2012,MIS8_to_MIS4,2011-2012,False,True,True,1
197008340619109,6,1.0,1,8,2,8700,87001,1,1,33,17,16980,0,2.0,1.0,,7,3,54,1.0,2,43,1,,2,1,2,1,2,57,57,57,1,0,0,2.0,2.0,4.0,20.0,,,,,,,,10.0,3.0,0.0,1,2.0,,1.0,4000.0,800.0,1.0,,,,,14228.83,3554.9667,4,2,1.0,1.0,0,42,32774,2,,,,2.0,,,3482.8887,7860.0,2540.0,-1,,,,,,,200878.0,2011,617,602,0,0,0,1,0,16.0,8.0,40.0,2011,1.0,1,4,2,9000,90001,1,17,16980,0,2.0,1.0,,7,3,46,1.0,2,44,1,,1,2,1,2,57,57,57,1,0,0,2.0,1.0,,60.0,,60.0,,,,,,2.0,4.0,0.0,1,2.0,2.0,2.0,,2403.0,2.0,2.0,,,,13027.1841,3292.1439,3,1,1.0,,0,0,34103,2,,,,,,3.0,3271.264,7680.0,,-1,,,,,,,199619.0,2012,629,626,0,0,1,0,0,18.0,,1.0,10.0,1.0,38.0,2012,MIS8_to_MIS4,2011-2012,False,True,True,1
220572099014389,6,2.0,1,8,2,8700,87001,1,1,33,17,16980,0,2.0,1.0,,7,3,30,1.0,2,43,1,,2,1,2,1,2,57,128,128,1,0,0,1.0,1.0,,40.0,,40.0,,,,,,2.0,1.0,0.0,1,2.0,2.0,2.0,,1250.0,2.0,2.0,,,,11073.5729,2822.9532,5,2,1.0,,0,0,19785,2,,,,2.0,,,2839.6616,9480.0,710.0,-1,,,,,,,200907.0,2011,617,602,1,1,0,0,1,16.0,2.0,51.0,2011,2.0,1,4,2,9000,90001,1,17,16980,0,2.0,1.0,,7,3,67,1.0,2,40,1,,1,2,1,2,57,57,57,1,0,0,1.0,5.0,,,,,,,,,,1.0,,,2,,,,,,,,,,,12736.4052,3146.8219,0,0,,,0,0,20459,2,,,2.0,,,,3195.6287,,,-1,,,,,,,199644.0,2012,629,626,0,0,0,0,0,13.0,,1.0,,,,2012,MIS8_to_MIS4,2011-2012,False,True,True,1
789950799710941,6,1.0,6,8,2,8700,87001,1,1,33,17,40420,0,2.0,1.0,,3,14,27,,2,42,1,,2,0,0,7,2,57,57,57,1,0,0,2.0,1.0,,32.0,,32.0,,,22.0,,,7.0,2.0,0.0,1,2.0,,1.0,750.0,240.0,1.0,,,,,11288.5987,2880.847,0,0,1.0,1.0,0,42,55181,2,,,3.0,,,,2894.802,7860.0,2540.0,-1,,,,,,,201131.0,2011,617,602,0,0,0,0,0,14.0,8.0,40.0,2011,2.0,6,4,2,9000,90001,1,17,40420,0,2.0,1.0,,3,14,28,,2,39,1,,0,0,7,2,57,57,57,1,0,0,1.0,1.0,,38.0,,38.0,,,,,,2.0,4.0,0.0,1,2.0,,1.0,850.0,323.0,2.0,2.0,,,,11156.4296,2722.6208,0,0,0.0,0.0,0,0,52355,2,1.0,,,,,,2704.2219,4970.0,,-1,,,,,,,199885.0,2012,629,626,0,0,0,0,0,12.0,,1.0,4050.0,13.0,22.0,2012,MIS8_to_MIS4,2011-2012,False,True,True,1
847979240289106,6,1.0,1,8,2,8700,87001,1,1,33,17,41180,163,2.0,1.0,,6,3,39,1.0,1,43,2,,2,1,2,1,2,57,57,57,1,0,0,2.0,1.0,,40.0,,65.0,,,,,,2.0,1.0,0.0,1,2.0,,1.0,1700.0,680.0,1.0,,,,,11851.7396,2896.6033,3,2,1.0,1.0,0,42,43675,2,,,,2.0,,,2827.6684,6370.0,5550.0,10,,,,,,,201169.0,2011,617,602,0,0,1,0,0,16.0,17.0,23.0,2011,1.0,3,4,2,9000,90001,1,17,41180,163,2.0,1.0,,6,4,38,,1,39,2,,1,3,7,2,57,57,57,1,0,0,2.0,6.0,,,,,,,,,,1.0,,,2,,,,,,,,,,,10760.0838,2801.6694,0,0,,,0,0,44912,2,1.0,,,,,,2547.5288,,,-1,,,,,,1.0,199928.0,2012,629,626,0,0,0,0,0,12.0,,2.0,,,,2012,MIS8_to_MIS4,2011-2012,False,True,True,1
248193119700905,6,1.0,6,8,2,8700,87001,1,1,33,17,0,0,3.0,2.0,,0,2,50,,1,39,1,,1,0,0,5,2,57,57,57,1,0,0,1.0,1.0,,40.0,,40.0,,,,,,2.0,2.0,0.0,1,2.0,,1.0,1530.0,612.0,1.0,,,,,13025.4866,3284.1108,0,0,1.0,1.0,0,42,51442,1,1.0,,,,,,3255.7246,9470.0,7340.0,-1,,,,,,,201287.0,2011,617,602,0,0,0,0,0,12.0,20.0,51.0,2011,1.0,1,4,2,9000,90001,1,17,0,0,3.0,2.0,,0,1,67,2.0,1,45,1,,1,1,1,2,57,57,57,1,0,0,1.0,1.0,,24.0,,34.0,,,21.0,,,7.0,6.0,0.0,2,,,,,,,,,,,12975.1131,3305.9422,0,0,,,0,0,20197,1,,,,,,,3233.6223,7990.0,,205,4.0,,,,,,200057.0,2012,629,626,0,0,0,0,0,18.0,,1.0,3000.0,10.0,42.0,2012,MIS8_to_MIS4,2011-2012,False,True,True,1
349197549700944,6,2.0,1,8,2,8700,87001,1,1,33,17,44100,0,,1.0,,2,3,55,1.0,1,43,1,,2,1,2,1,2,57,57,57,1,0,0,1.0,2.0,4.0,16.0,,,,,,,,10.0,2.0,0.0,1,2.0,,1.0,5300.0,848.0,2.0,2.0,,,,12335.5138,3123.6625,0,0,0.0,0.0,0,0,16247,2,,,,1.0,2.0,,3103.0873,9370.0,565.0,-1,,,,,,,201420.0,2011,617,602,0,0,0,0,0,17.0,2.0,51.0,2011,1.0,1,4,2,9000,90001,1,17,44100,0,,1.0,,2,3,71,1.0,1,40,1,,1,2,1,2,57,57,57,1,0,0,2.0,1.0,,24.0,,24.0,,,21.0,,,7.0,4.0,0.0,1,2.0,2.0,2.0,,210.0,2.0,2.0,,,,11370.1925,2737.6966,0,0,1.0,,0,0,7433,2,,,2.0,,,,2677.8074,5170.0,,-1,,,,,,,200198.0,2012,629,626,0,0,0,0,0,13.0,,1.0,4760.0,16.0,22.0,2012,MIS8_to_MIS4,2011-2012,False,True,True,1
83461570992095,7,2.0,1,8,2,8700,87001,1,1,33,17,40420,0,1.0,1.0,,3,1,47,2.0,2,44,1,,1,1,1,1,2,57,57,57,1,0,0,2.0,1.0,,30.0,,30.0,,,19.0,,,7.0,2.0,0.0,1,2.0,,1.0,2500.0,750.0,2.0,2.0,,,,11817.9801,3007.9062,0,0,0.0,0.0,0,0,7370,1,,,,,,1.0,2981.7903,7870.0,2200.0,-1,,,,,,,237958.0,2011,618,603,0,0,0,0,0,17.0,8.0,40.0,2011,1.0,1,4,2,9000,90001,1,17,40420,0,1.0,1.0,,3,1,65,2.0,2,44,1,,1,1,1,2,57,57,57,1,0,0,1.0,5.0,,,,,,,,,,1.0,,,2,,,,,,,,,,,14342.9045,3445.9603,0,0,,,0,0,19865,1,,,,,,3.0,3542.7438,,,-1,,,,,,,237192.0,2012,630,627,0,0,0,0,0,18.0,,1.0,,,,2012,MIS8_to_MIS4,2011-2012,False,True,True,1
749390133280951,7,1.0,7,8,2,8700,87001,1,1,33,17,16980,0,1.0,1.0,1.0,7,2,22,,2,40,2,,1,0,0,7,2,57,57,57,1,0,0,1.0,1.0,,40.0,,40.0,,,,,,2.0,3.0,0.0,1,2.0,,1.0,1200.0,480.0,1.0,,2.0,,,17443.6912,5044.7548,0,0,1.0,1.0,0,0,19876,1,,,4.0,,,,5009.5651,770.0,430.0,-1,,,,,,,238106.0,2011,618,603,0,0,0,0,0,15.0,1.0,4.0,2011,1.0,7,4,2,9000,90001,1,17,16980,0,1.0,1.0,1.0,7,2,71,,2,40,2,,0,0,4,2,57,57,57,1,0,0,1.0,5.0,,,,,,,,,,1.0,,,2,,,,,,,,,,,11126.5894,2778.3718,0,0,,,0,0,19527,1,,,1.0,,,,2821.3229,,,-1,,,,,,,237338.0,2012,630,627,0,0,0,0,0,12.0,,2.0,,,,2012,MIS8_to_MIS4,2011-2012,False,True,True,1
907259850439106,7,1.0,7,8,2,8700,87001,1,1,33,17,40420,0,1.0,1.0,,3,2,59,,2,40,1,,1,0,0,5,2,57,57,57,1,0,0,1.0,4.0,,,,,,,,20.0,2.0,11.0,2.0,0.0,2,,,,,,,,,,,11199.3471,2891.1524,0,0,,,0,0,7371,1,,,3.0,,,,2971.9049,4970.0,9620.0,-1,,,,,,,238156.0,2011,618,603,0,0,0,0,0,14.0,22.0,22.0,2011,3.0,1,4,2,9000,90001,1,17,40420,0,1.0,1.0,,3,1,35,3.0,2,42,1,,1,1,1,2,57,57,57,1,0,0,1.0,1.0,,50.0,,50.0,,,,,,2.0,2.0,0.0,1,2.0,1.0,1.0,1120.0,538.46,2.0,1.0,,,,11188.2346,2866.2188,2,1,0.0,0.0,0,0,50323,1,,,4.0,,,,2818.7979,9480.0,,-1,,,,,,,237375.0,2012,630,627,0,1,0,0,1,15.0,,1.0,4610.0,15.0,51.0,2012,MIS8_to_MIS4,2011-2012,True,False,False,1
190473096315738,7,1.0,1,8,2,8700,87001,1,1,33,17,16980,0,2.0,1.0,,7,1,51,2.0,2,39,1,,1,1,1,1,2,57,57,57,1,0,0,1.0,2.0,4.0,16.0,,,,,,,,10.0,3.0,0.0,1,2.0,,1.0,1470.0,235.2,2.0,2.0,,,,10603.0462,2710.8057,0,0,0.0,0.0,0,0,65643,1,1.0,,,,,,2675.2508,8570.0,2300.0,-1,,,,,,,238338.0,2011,618,603,0,0,0,0,0,12.0,8.0,44.0,2011,1.0,7,4,2,9000,90001,1,17,16980,0,2.0,1.0,,7,2,70,,2,37,1,,0,0,4,2,57,57,57,1,0,0,1.0,5.0,,,,,,,,,,1.0,,,2,,,,,,,,,,,13452.4247,3232.0178,0,0,,,0,0,42691,1,,,,,,,3322.7924,,,-1,,,,,,,237572.0,2012,630,627,0,0,0,0,0,11.0,,1.0,,,,2012,MIS8_to_MIS4,2011-2012,False,True,True,1
193935504009756,7,1.0,7,8,2,8700,87001,1,1,33,17,16980,0,2.0,1.0,,7,2,26,,2,44,1,,1,0,0,7,2,57,57,57,1,0,0,1.0,1.0,,40.0,4.0,1.0,,,4.0,,,4.0,3.0,0.0,1,2.0,2.0,2.0,,903.84,1.0,,,,,13094.4641,3310.5424,0,0,0.0,,0,0,41338,1,,,,,,2.0,3304.1772,7860.0,2310.0,-1,,,,,,,238357.0,2011,618,603,0,0,0,0,0,18.0,8.0,40.0,2011,1.0,4,4,2,9000,90001,1,17,16980,0,2.0,1.0,,7,1,34,,2,40,1,1.0,1,1,7,2,57,303,303,1,0,0,1.0,1.0,,41.0,,41.0,,,,,,2.0,4.0,0.0,1,2.0,1.0,1.0,2400.0,942.3,2.0,2.0,,,,10784.1202,2838.7182,2,1,0.0,0.0,0,0,65938,1,,,2.0,,,,2780.1368,2190.0,,-1,,,,,,,237588.0,2012,630,627,0,1,0,0,1,13.0,,1.0,7700.0,21.0,19.0,2012,MIS8_to_MIS4,2011-2012,False,True,True,1
305902741187437,7,1.0,1,8,2,8700,87001,1,1,33,17,16980,0,2.0,1.0,,7,1,59,2.0,2,42,1,,1,1,1,1,2,57,57,57,1,0,0,1.0,1.0,,40.0,,40.0,,,,,,2.0,2.0,0.0,1,2.0,2.0,2.0,,1346.15,2.0,2.0,,,,11667.186,2873.301,0,0,0.0,,0,0,32624,1,,,3.0,,,,2837.172,9570.0,5220.0,-1,,,,,,,238401.0,2011,618,603,0,0,0,0,0,14.0,17.0,51.0,2011,2.0,1,4,2,9000,90001,1,17,16980,0,2.0,1.0,,7,1,72,2.0,2,39,1,,1,1,1,2,57,57,57,1,0,0,1.0,5.0,,,,,,,,,,1.0,,,2,,,,,,,,,,,13452.4247,3232.0178,0,0,,,0,0,32523,1,1.0,,,,,,3322.7924,,,-1,,,,,,,237638.0,2012,630,627,0,0,0,0,0,12.0,,1.0,,,,2012,MIS8_to_MIS4,2011-2012,False,True,True,1
505909751897617,7,2.0,1,8,2,8700,87001,1,1,33,17,41180,163,2.0,1.0,,6,1,60,2.0,1,44,1,,1,1,1,1,2,57,57,57,1,0,0,2.0,1.0,,40.0,,40.0,,,,,,2.0,1.0,0.0,1,2.0,2.0,2.0,,1307.69,2.0,2.0,,,,12505.0664,2950.847,4,1,0.0,,0,0,43365,1,,,,,,2.0,2930.2429,9470.0,800.0,-1,4.0,3.0,,,,,238466.0,2011,618,603,0,0,0,1,0,18.0,2.0,51.0,2011,2.0,2,4,2,9000,90001,1,17,41180,163,2.0,1.0,,6,1,34,2.0,1,43,1,,1,1,1,3,57,57,57,1,0,0,,,,-1.0,,,,,,,,,,,2,,,,,,,,,,,0.0,0.0,5,3,,,0,0,50307,1,,,,1.0,1.0,,0.0,,,-1,,,,,,,237701.0,2012,630,627,1,1,0,0,1,18.0,,1.0,,,,2012,MIS8_to_MIS4,2011-2012,False,True,True,1
978057936159050,7,1.0,1,8,2,8700,87001,1,1,33,17,16980,111,2.0,1.0,,7,1,50,2.0,1,46,1,,1,1,1,1,2,57,57,57,1,0,0,1.0,1.0,,40.0,,40.0,,,,,,2.0,1.0,0.0,1,2.0,2.0,2.0,,1057.0,1.0,,,,,11527.7006,2984.4991,4,1,1.0,,0,42,50698,1,,,,,,,2958.7931,6370.0,5550.0,-1,,,,,,,238721.0,2011,618,603,0,0,0,1,0,18.0,17.0,23.0,2011,3.0,1,4,2,9000,90001,1,17,16980,111,2.0,1.0,,7,1,59,2.0,1,39,1,,1,1,1,2,57,57,57,1,0,0,2.0,1.0,,40.0,,57.0,,,,,,2.0,4.0,0.0,1,2.0,1.0,1.0,1600.0,1346.15,1.0,,,,,13289.2215,3277.4732,0,0,0.0,1.0,0,0,19727,1,1.0,,,,,,3223.2923,2570.0,,-1,,,,,,,237946.0,2012,630,627,0,0,0,0,0,12.0,,1.0,8630.0,21.0,5.0,2012,MIS8_to_MIS4,2011-2012,False,True,True,1
978057936159050,7,1.0,1,8,2,8700,87001,1,1,33,17,16980,111,2.0,1.0,,7,4,17,,1,40,1,,3,1,3,7,2,57,57,57,1,0,0,2.0,1.0,,-4.0,,16.0,,,15.0,,,6.0,3.0,0.0,1,2.0,2.0,1.0,750.0,120.0,2.0,2.0,2.0,,,14843.4918,3359.5793,0,0,1.0,1.0,0,42,50698,3,,,2.0,,,,3257.0245,9470.0,3740.0,-1,,,,,2.0,1.0,238723.0,2011,618,603,0,0,0,0,0,13.0,12.0,51.0,2011,3.0,1,4,2,9000,90001,1,17,16980,111,2.0,1.0,,7,4,26,,1,40,1,,1,3,7,2,57,57,57,1,0,0,2.0,1.0,,50.0,,50.0,,,,,,2.0,4.0,0.0,1,2.0,2.0,2.0,,961.0,2.0,2.0,,,,13096.4183,3360.7124,0,0,1.0,,0,42,19727,3,,,2.0,,,,3287.4293,8680.0,,-1,,,,,2.0,1.0,237948.0,2012,630,627,0,0,0,0,0,13.0,,1.0,310.0,1.0,46.0,2012,MIS8_to_MIS4,2011-2012,False,True,True,1
980027977159280,7,1.0,1,8,2,8700,87001,1,1,33,17,16980,0,2.0,1.0,,7,1,49,2.0,2,43,1,,1,1,1,1,2,57,57,57,1,0,0,1.0,1.0,,40.0,,42.0,,,,,,2.0,3.0,0.0,1,2.0,2.0,2.0,,769.23,1.0,,,,,11745.01,2989.3338,0,0,0.0,,0,0,50689,1,,,,1.0,1.0,,2963.3793,7860.0,2330.0,-1,,,,,,,238724.0,2011,618,603,0,0,0,0,0,18.0,8.0,40.0,2011,2.0,1,4,2,9000,90001,1,17,16980,0,2.0,1.0,,7,1,46,2.0,2,43,1,,1,1,1,2,57,57,57,1,0,0,2.0,7.0,,,,,,,,,,1.0,,,2,,,,,,,,,,,14557.7381,3503.7897,0,0,,,0,0,53874,1,,,,1.0,1.0,,3635.6834,,,-1,,,,,,,237949.0,2012,630,627,0,0,0,0,0,18.0,,1.0,,,,2012,MIS8_to_MIS4,2011-2012,False,True,True,1
980027977159280,7,1.0,1,8,2,8700,87001,1,1,33,17,16980,0,2.0,1.0,,7,3,51,1.0,1,41,1,,2,1,2,1,2,57,57,57,1,0,0,2.0,1.0,,55.0,,75.0,,,,,,2.0,3.0,0.0,1,1.0,2.0,2.0,,1346.15,1.0,,,,,11527.7006,2984.4991,0,0,0.0,,0,0,50689,2,,,3.0,,,,2958.7931,9470.0,3740.0,430,,,,,,,238725.0,2011,618,603,0,0,0,0,0,14.0,12.0,51.0,2011,2.0,1,4,2,9000,90001,1,17,16980,0,2.0,1.0,,7,3,45,1.0,1,44,1,,1,2,1,2,57,57,57,1,0,0,1.0,1.0,,45.0,,47.0,,,,,,2.0,4.0,0.0,1,2.0,2.0,2.0,,2211.53,2.0,2.0,,,,13738.2455,3557.79,0,0,0.0,,0,0,53874,2,,,,,,2.0,3498.5329,2190.0,,-1,,,,,,,237950.0,2012,630,627,0,0,0,0,0,18.0,,1.0,1720.0,5.0,19.0,2012,MIS8_to_MIS4,2011-2012,False,True,True,1
927149450299104,7,1.0,1,8,2,8700,87001,1,1,33,17,0,99,3.0,2.0,,0,1,66,2.0,2,39,1,,1,1,1,1,2,57,57,57,1,0,0,1.0,1.0,,35.0,,35.0,,,,,,2.0,3.0,0.0,1,2.0,,1.0,1050.0,367.5,2.0,2.0,,,,10749.3661,2901.1601,0,0,0.0,0.0,0,0,20043,1,1.0,,,,,,2834.5541,7860.0,4600.0,-1,,,,,,,238846.0,2011,618,603,0,0,0,0,0,12.0,15.0,40.0,2011,1.0,1,4,2,9000,90001,1,17,0,99,3.0,2.0,,0,1,59,2.0,2,41,1,,1,1,1,2,57,57,57,1,0,0,1.0,7.0,,,,,,,,,,1.0,,,2,,,,,,,,,,,13076.1028,3150.4041,4,1,,,0,0,50283,1,,,3.0,,,,3265.6563,,,-1,,,,,,,238062.0,2012,630,627,0,0,0,1,0,14.0,,1.0,,,,2012,MIS8_to_MIS4,2011-2012,False,True,True,1
927149450299104,7,1.0,1,8,2,8700,87001,1,1,33,17,0,99,3.0,2.0,,0,3,68,1.0,1,39,1,,2,1,2,1,2,57,57,57,1,0,0,2.0,2.0,4.0,40.0,,,,,,,,5.0,3.0,0.0,1,2.0,,1.0,1600.0,640.0,2.0,2.0,,,,11011.543,3024.4258,0,0,0.0,0.0,0,0,20043,2,1.0,,,,,,2933.5679,7860.0,9120.0,-1,,,,,,,238847.0,2011,618,603,0,0,0,0,0,12.0,22.0,40.0,2011,1.0,1,4,2,9000,90001,1,17,0,99,3.0,2.0,,0,3,58,1.0,1,42,1,,1,2,1,2,57,57,57,1,0,0,2.0,1.0,,40.0,,40.0,,,,,,2.0,1.0,0.0,1,2.0,2.0,2.0,,807.0,1.0,,,,,13272.0013,3273.2263,4,1,1.0,,0,42,50283,2,,,3.0,,,,3219.1155,6370.0,,-1,,,,,,,238063.0,2012,630,627,0,0,0,1,0,14.0,,1.0,5550.0,17.0,23.0,2012,MIS8_to_MIS4,2011-2012,True,False,True,1
33341670964595,8,2.0,1,8,2,8700,87001,1,1,33,17,16980,0,1.0,1.0,1.0,7,1,40,2.0,1,44,1,,1,1,1,1,2,57,57,57,1,0,0,2.0,1.0,,50.0,,50.0,,,,,,2.0,3.0,0.0,1,2.0,2.0,2.0,,673.07,2.0,1.0,,,,14201.1117,3520.1785,5,2,0.0,,0,0,21002,1,,,,,,3.0,3491.9587,9380.0,430.0,-1,,,,,,,275315.0,2011,619,604,1,1,0,0,1,18.0,1.0,51.0,2011,2.0,1,4,2,9000,90001,1,17,16980,0,1.0,1.0,1.0,7,1,51,2.0,1,43,1,,1,1,1,2,57,57,57,1,0,0,2.0,1.0,,40.0,,40.0,,,,,,2.0,5.0,0.0,1,2.0,2.0,2.0,,1153.84,2.0,2.0,,,,11674.5734,2869.272,0,0,0.0,,0,0,8800,1,,,,2.0,,,2882.9795,9190.0,,-1,,,,,,,274482.0,2012,631,628,0,0,0,0,0,16.0,,1.0,20.0,1.0,49.0,2012,MIS8_to_MIS4,2011-2012,False,True,True,1
871847086907697,8,2.0,1,8,2,8700,87001,1,1,33,17,16980,0,1.0,1.0,2.0,7,3,55,1.0,2,43,1,,2,1,2,1,2,57,57,57,1,0,0,1.0,1.0,,50.0,,50.0,,,,,,2.0,1.0,0.0,1,2.0,2.0,2.0,,1923.0,2.0,2.0,,,,12358.3119,3137.8871,0,0,1.0,,0,0,33833,2,,,,2.0,,,3106.3859,9380.0,565.0,-1,,,,,,,275590.0,2011,619,604,0,0,0,0,0,16.0,2.0,51.0,2011,2.0,1,4,2,9000,90001,1,17,16980,0,1.0,1.0,2.0,7,3,37,1.0,2,43,1,,1,2,1,2,164,165,165,4,0,15,1.0,7.0,,,,,,,,,,1.0,,,2,,,,,,,,,,,11003.7129,2732.1883,2,1,,,0,0,8869,2,,,,1.0,1.0,,2761.6025,,,-1,,,,,,,274762.0,2012,631,628,0,1,0,0,1,18.0,,1.0,,,,2012,MIS8_to_MIS4,2011-2012,False,True,True,1
943057086168840,8,1.0,1,8,2,8700,87001,1,1,33,17,16980,0,1.0,1.0,,7,3,45,1.0,1,44,1,,2,1,2,1,2,57,57,57,1,0,0,2.0,1.0,,45.0,,45.0,,,,,,2.0,3.0,0.0,1,2.0,2.0,2.0,,1923.07,1.0,,,,,13887.9255,3532.216,3,3,0.0,,0,0,20982,2,,,,,,3.0,3505.2922,7860.0,2000.0,-1,,,,,,,275622.0,2011,619,604,0,0,1,0,0,18.0,6.0,40.0,2011,2.0,3,4,2,9000,90001,1,17,16980,0,1.0,1.0,,7,6,59,3.0,1,40,1,,2,2,1,2,57,57,57,1,0,0,1.0,1.0,,-4.0,4.0,30.0,,,4.0,,,4.0,7.0,0.0,2,,,,,,,,,,,10520.2298,2698.1929,0,0,,,0,0,22523,2,,,3.0,,,,2684.2196,770.0,,-1,,,,,,,274798.0,2012,631,628,0,0,0,0,0,14.0,,1.0,6260.0,19.0,4.0,2012,MIS8_to_MIS4,2011-2012,False,True,True,1
197986300084719,8,1.0,1,8,2,8700,87001,1,1,33,17,41180,163,2.0,1.0,,6,3,46,1.0,1,43,1,,2,1,2,1,2,57,57,57,1,0,0,2.0,1.0,,40.0,,40.0,,,,,,2.0,3.0,0.0,1,2.0,2.0,2.0,,1346.0,1.0,,,,,13820.0698,3514.9578,3,1,1.0,,0,42,21250,2,,,,2.0,,,3488.1655,7790.0,1420.0,-1,,,,,,,275811.0,2011,619,604,0,0,1,0,0,16.0,4.0,39.0,2011,1.0,1,4,2,9000,90001,1,17,41180,163,2.0,1.0,,6,3,30,1.0,1,39,1,,1,2,1,2,57,57,57,1,0,0,2.0,1.0,,23.0,,17.0,,,15.0,,,6.0,4.0,0.0,1,2.0,,1.0,825.0,189.75,2.0,2.0,,,,10603.5299,2630.7374,0,0,0.0,0.0,0,0,45508,2,2.0,5.0,,,,,2644.7895,8770.0,,-1,,,,,,,275010.0,2012,631,628,0,0,0,0,0,9.0,,1.0,7200.0,20.0,47.0,2012,MIS8_to_MIS4,2011-2012,False,True,True,1
560192729700946,8,2.0,4,8,2,8700,87001,1,1,33,17,41180,0,2.0,1.0,,6,1,52,,2,40,1,,1,1,1,5,2,57,57,57,1,0,0,2.0,1.0,,30.0,,28.0,,,20.0,,,7.0,3.0,0.0,1,2.0,1.0,1.0,1250.0,323.0,2.0,2.0,,,,11651.9412,2984.892,4,1,1.0,1.0,0,0,33856,1,,,4.0,,,,2959.49,7870.0,5700.0,-1,,,,,,,275929.0,2011,619,604,0,0,0,1,0,15.0,17.0,40.0,2011,1.0,4,4,2,9000,90001,1,17,41180,0,2.0,1.0,,6,1,57,,2,39,1,,1,1,5,2,57,57,57,1,0,0,1.0,1.0,,40.0,,38.0,,,,,,2.0,4.0,0.0,1,2.0,,1.0,1450.0,580.0,2.0,2.0,,,,11634.477,2891.301,0,0,0.0,0.0,0,0,55853,1,1.0,,,,,,2871.6,5380.0,,-1,,,,,,,275140.0,2012,631,628,0,0,0,0,0,12.0,,1.0,5620.0,17.0,22.0,2012,MIS8_to_MIS4,2011-2012,False,True,True,1
789000066270961,8,1.0,1,8,2,8700,87001,1,1,33,17,16980,0,2.0,1.0,,7,3,57,1.0,2,39,1,,2,1,2,1,2,57,57,57,1,0,0,2.0,1.0,,40.0,,40.0,,,,,,2.0,3.0,0.0,1,2.0,2.0,2.0,,1230.0,2.0,2.0,,,,12119.1188,3077.1538,0,0,1.0,,0,42,8844,2,1.0,,,,,,3046.2623,7860.0,5700.0,-1,,,,,,,276018.0,2011,619,604,0,0,0,0,0,12.0,17.0,40.0,2011,1.0,1,4,2,9000,90001,1,17,16980,0,2.0,1.0,,7,3,22,1.0,2,39,1,,1,2,1,2,57,57,57,1,0,0,2.0,1.0,,30.0,,30.0,,,22.0,,,7.0,4.0,0.0,1,2.0,,1.0,1000.0,300.0,2.0,2.0,2.0,,,11392.9803,2867.5093,3,1,1.0,1.0,0,42,35448,2,1.0,,,,,,2791.0577,8980.0,,-1,,,,,,,275239.0,2012,631,628,0,0,1,0,0,12.0,,1.0,4510.0,15.0,48.0,2012,MIS8_to_MIS4,2011-2012,False,True,True,1
806908351778877,8,1.0,4,8,2,8700,87001,1,1,33,17,16980,0,2.0,1.0,,7,4,24,,2,40,2,,2,2,1,7,2,57,57,57,1,0,0,2.0,1.0,,20.0,,20.0,,,18.0,,,7.0,3.0,0.0,1,2.0,,1.0,1000.0,200.0,1.0,,2.0,,,14674.3702,3740.7198,5,2,1.0,1.0,0,42,20978,2,,,4.0,,,,3844.5549,7860.0,2540.0,-1,,,,,1.0,,276029.0,2011,619,604,1,1,0,0,1,15.0,8.0,40.0,2011,2.0,4,4,2,9000,90001,1,17,16980,0,2.0,1.0,,7,4,17,,2,43,2,,1,3,7,2,57,57,57,1,0,0,1.0,7.0,,,,,,8.0,,,,1.0,,,2,,,,,,,,1.0,1.0,2.0,20317.021,5274.7247,0,0,,,0,0,59640,2,,,,2.0,,,5449.3141,,,-1,,,,,1.0,,275251.0,2012,631,628,0,0,0,0,0,16.0,,2.0,,,,2012,MIS8_to_MIS4,2011-2012,False,True,True,1
75881770978398,9,4.0,1,8,2,8700,87001,1,1,33,17,16980,0,1.0,1.0,1.0,7,1,50,2.0,1,46,1,,1,1,1,1,2,57,57,57,1,0,0,2.0,1.0,,50.0,,60.0,,,,,,2.0,2.0,0.0,1,2.0,2.0,2.0,,1826.92,2.0,2.0,,,,12251.3325,2968.6236,10,3,0.0,,0,0,16883,1,,,,,,,2981.3005,9570.0,2100.0,-1,,,,,,,313745.0,2011,620,605,0,0,1,1,0,18.0,7.0,51.0,2011,1.0,1,4,2,9000,90001,1,17,16980,0,1.0,1.0,1.0,7,1,60,2.0,1,43,1,,1,1,1,2,128,128,128,4,0,10,1.0,1.0,,40.0,,40.0,,,,,,2.0,4.0,0.0,1,2.0,,1.0,2900.0,1160.0,2.0,2.0,,,,11258.0063,2881.0079,0,0,0.0,0.0,0,0,32594,1,,,,2.0,,,2849.3405,6380.0,,-1,,,,,,,312559.0,2012,632,629,0,0,0,0,0,16.0,,1.0,7330.0,20.0,23.0,2012,MIS8_to_MIS4,2011-2012,False,True,True,1
267679770099105,9,1.0,7,8,2,8700,87001,1,1,33,17,16980,0,1.0,1.0,1.0,7,2,69,,2,40,1,,1,0,0,4,2,57,57,57,1,0,0,1.0,5.0,,,,,,,,,,1.0,3.0,0.0,2,,,,,,,,,,,11905.4469,2978.5896,0,0,,,0,0,20080,1,,,1.0,,,,2972.7491,7860.0,2540.0,-1,,,,,,,313817.0,2011,620,605,0,0,0,0,0,12.0,8.0,40.0,2011,2.0,1,4,2,9000,90001,1,17,16980,0,1.0,1.0,1.0,7,1,26,2.0,2,43,1,,1,1,1,2,120,128,128,4,0,10,2.0,1.0,,40.0,,40.0,,,,,,2.0,4.0,0.0,1,1.0,2.0,2.0,,1000.0,2.0,2.0,,,,12631.3641,3189.0944,0,0,0.0,,0,0,58289,1,,,,2.0,,,3178.4877,7880.0,,-1,,,,,,,312619.0,2012,632,629,0,0,0,0,0,16.0,,1.0,500.0,2.0,40.0,2012,MIS8_to_MIS4,2011-2012,False,True,True,1
590976090817429,9,2.0,4,8,2,8700,87001,1,1,33,17,37900,0,1.0,1.0,,3,1,53,,2,39,2,,1,1,1,7,2,57,57,57,1,0,0,2.0,1.0,,30.0,,30.0,,,22.0,,,7.0,2.0,0.0,1,2.0,,1.0,1200.0,360.0,2.0,2.0,,,,10808.4727,2881.651,0,0,0.0,0.0,0,0,42847,1,1.0,,,,,,2894.3741,7860.0,9120.0,-1,,,,,,,313909.0,2011,620,605,0,0,0,0,0,12.0,22.0,40.0,2011,2.0,4,4,2,9000,90001,1,17,37900,0,1.0,1.0,,3,1,54,,2,40,2,,1,1,5,2,57,57,57,1,0,0,2.0,1.0,,30.0,,30.0,,,22.0,,,7.0,4.0,0.0,1,2.0,,1.0,1450.0,435.0,2.0,2.0,,,,10307.064,2736.0845,0,0,1.0,1.0,0,42,42868,1,,,3.0,,,,2674.9528,7780.0,,-1,,,,,,,312721.0,2012,632,629,0,0,0,0,0,14.0,,2.0,800.0,2.0,38.0,2012,MIS8_to_MIS4,2011-2012,False,True,True,1
710709943274783,9,1.0,7,8,2,8700,87001,1,1,33,17,16980,0,1.0,1.0,1.0,7,2,32,,2,44,1,,1,0,0,7,2,57,57,57,1,0,0,1.0,1.0,,55.0,,37.0,,,,,,2.0,3.0,0.0,1,2.0,2.0,2.0,,1192.3,1.0,,,,,11173.5457,2826.9917,0,0,0.0,,0,0,20086,1,,,,,,3.0,2820.3639,7860.0,2300.0,-1,,,,,,,313950.0,2011,620,605,0,0,0,0,0,18.0,8.0,40.0,2011,2.0,7,4,2,9000,90001,1,17,16980,0,1.0,1.0,1.0,7,2,29,,2,43,1,,0,0,7,2,57,57,57,1,0,0,1.0,1.0,,55.0,,60.0,,,,,,2.0,4.0,0.0,1,2.0,2.0,2.0,,1250.0,2.0,2.0,,,,12631.3641,3189.0944,0,0,0.0,,0,0,7514,1,,,,2.0,,,3178.4877,4370.0,,-1,,,,,,,312751.0,2012,632,629,0,0,0,0,0,16.0,,1.0,5360.0,17.0,21.0,2012,MIS8_to_MIS4,2011-2012,False,True,True,1
799380644580971,9,1.0,7,8,2,8700,87001,1,1,33,17,16980,0,1.0,1.0,1.0,7,2,32,,2,42,1,1.0,1,0,0,7,2,57,303,303,1,0,0,1.0,1.0,,40.0,,40.0,,,,,,2.0,3.0,0.0,1,2.0,2.0,2.0,,538.46,1.0,,,,,11577.0874,2947.764,0,0,0.0,,0,0,63189,1,,,3.0,,,,2922.2237,7860.0,2540.0,-1,,,,,,,313980.0,2011,620,605,0,0,0,0,0,14.0,8.0,40.0,2011,1.0,7,4,2,9000,90001,1,17,16980,0,1.0,1.0,1.0,7,2,73,,2,39,1,,0,0,4,2,57,57,57,1,0,0,1.0,5.0,,,,,,,,,,1.0,,,2,,,,,,,,,,,11553.2315,2888.3793,0,0,,,0,0,19947,1,1.0,,,,,,2912.1218,,,-1,,,,,,,312785.0,2012,632,629,0,0,0,0,0,12.0,,1.0,,,,2012,MIS8_to_MIS4,2011-2012,False,True,True,1
799840216050971,9,1.0,1,8,2,8700,87001,1,1,33,17,16980,0,1.0,1.0,,7,1,61,2.0,1,46,1,,1,1,1,1,2,57,57,57,1,0,0,1.0,1.0,,70.0,,70.0,,,,,,2.0,3.0,0.0,1,2.0,2.0,2.0,,2769.23,1.0,,,,,11219.9727,2854.3021,0,0,0.0,,0,0,4302,1,,,,,,,2879.0133,7860.0,2320.0,-1,,,,,,,313981.0,2011,620,605,0,0,0,0,0,18.0,8.0,40.0,2011,2.0,6,4,2,9000,90001,1,17,16980,0,1.0,1.0,,7,2,50,,1,41,1,,0,0,5,2,57,57,57,1,0,0,1.0,1.0,,50.0,,47.0,,,,,,2.0,4.0,0.0,1,2.0,2.0,2.0,,1538.0,2.0,2.0,,,,10850.1498,2754.9273,0,0,1.0,,0,42,42810,1,,,4.0,,,,2747.8174,3570.0,,-1,,,,,,,312786.0,2012,632,629,0,0,0,0,0,15.0,,1.0,2840.0,9.0,10.0,2012,MIS8_to_MIS4,2011-2012,False,True,True,1
107000071105157,9,2.0,1,8,2,8700,87001,1,1,33,17,16980,0,2.0,1.0,,7,3,33,1.0,1,42,1,,2,1,2,1,2,57,57,57,1,0,0,1.0,1.0,,50.0,,50.0,,,,,,2.0,3.0,0.0,1,1.0,2.0,2.0,,1788.46,1.0,,,,,12502.7478,3112.1509,1,1,0.0,,0,0,20192,2,,,3.0,,,,3119.0761,9470.0,3850.0,-1,,,,,,,314149.0,2011,620,605,1,0,0,0,1,14.0,12.0,51.0,2011,1.0,1,4,2,9000,90001,1,17,16980,0,2.0,1.0,,7,3,37,1.0,1,40,1,,1,2,1,2,57,57,57,1,0,0,2.0,1.0,,40.0,,40.0,,,,,,2.0,5.0,0.0,1,2.0,2.0,2.0,,2884.61,2.0,2.0,,,,11253.6874,2832.5686,4,1,1.0,,0,42,66556,2,,,3.0,,,,2836.9987,9170.0,,-1,,,,,,,312955.0,2012,632,629,0,0,0,1,0,14.0,,1.0,1105.0,3.0,49.0,2012,MIS8_to_MIS4,2011-2012,False,True,True,1
710709906593381,9,1.0,1,8,2,8700,87001,1,1,33,17,16980,0,2.0,1.0,,7,3,50,1.0,2,40,1,,2,1,2,1,2,360,360,360,4,0,4,2.0,1.0,,40.0,5.0,32.0,,,5.0,,,4.0,2.0,0.0,1,2.0,,1.0,1600.0,640.0,2.0,2.0,,,,11468.0005,2889.4391,0,0,0.0,0.0,0,0,20182,2,,,3.0,,,,2892.6835,7870.0,5260.0,-1,,,,,,,314455.0,2011,620,605,0,0,0,0,0,14.0,17.0,40.0,2011,4.0,1,4,2,9000,90001,1,17,16980,0,2.0,1.0,,7,3,54,1.0,2,44,1,,1,2,1,2,57,57,57,1,0,0,1.0,1.0,,40.0,,45.0,,,,,,2.0,4.0,0.0,1,2.0,2.0,2.0,,700.0,2.0,2.0,,,,11571.1749,2825.7486,4,1,1.0,,0,42,7592,2,,,,,,2.0,2831.1656,6990.0,,-1,,,,,,,313260.0,2012,632,629,0,0,0,1,0,18.0,,1.0,5360.0,17.0,33.0,2012,MIS8_to_MIS4,2011-2012,False,True,True,1
710709992322088,9,1.0,1,8,2,8700,87001,1,1,33,17,16980,0,2.0,1.0,,7,1,27,2.0,1,43,1,1.0,1,1,1,1,2,57,303,303,1,0,0,2.0,1.0,,40.0,,40.0,,,,,,2.0,3.0,0.0,1,2.0,2.0,2.0,,1298.07,1.0,,,,,15098.8968,3756.3989,1,1,0.0,,0,0,32672,1,,,,2.0,,,3766.7406,9470.0,3850.0,-1,,,,,,,314468.0,2011,620,605,1,0,0,0,1,16.0,12.0,51.0,2011,1.0,1,4,2,9000,90001,1,17,16980,0,2.0,1.0,,7,1,45,2.0,1,43,1,,1,1,1,2,57,57,57,1,0,0,1.0,1.0,,40.0,,40.0,,,,,,2.0,4.0,0.0,1,1.0,2.0,2.0,,1673.0,2.0,2.0,,,,10887.3905,2771.2953,1,1,1.0,,0,0,32635,1,,,,2.0,,,2757.2486,770.0,,-1,,,,,,,313275.0,2012,632,629,1,0,0,0,1,16.0,,1.0,7315.0,20.0,4.0,2012,MIS8_to_MIS4,2011-2012,False,True,True,1
907649770649103,9,1.0,1,8,2,8700,87001,1,1,33,17,41180,119,2.0,1.0,,6,1,48,2.0,1,42,1,,1,1,1,1,2,57,57,57,1,0,0,2.0,1.0,,40.0,4.0,32.0,,,4.0,,,4.0,2.0,0.0,1,2.0,,1.0,2637.0,1054.8,1.0,,,,,12059.4135,2903.9761,0,0,1.0,1.0,0,42,41068,1,,,5.0,,,,2934.598,770.0,1550.0,-1,3.0,1.0,,,,,314555.0,2011,620,605,0,0,0,0,0,16.0,4.0,4.0,2011,1.0,1,4,2,9000,90001,1,17,41180,119,2.0,1.0,,6,1,85,2.0,1,38,1,,1,1,1,2,57,149,102,1,0,0,2.0,5.0,,,,,,,,,,1.0,,,2,,,,,,,,,,,10913.8612,2692.7384,0,0,,,0,0,20110,1,,,,,,,2708.423,,,-1,,,,,,,313353.0,2012,632,629,0,0,0,0,0,12.0,,1.0,,,,2012,MIS8_to_MIS4,2011-2012,False,True,True,1
450973093717349,9,1.0,4,8,2,8700,87001,1,1,33,17,44100,0,,1.0,,2,1,22,,2,42,1,,1,1,1,7,2,57,57,57,1,0,0,1.0,1.0,,30.0,,30.0,,,15.0,,,6.0,2.0,0.0,1,2.0,,1.0,1524.0,457.2,1.0,,2.0,,,14212.0878,3359.0085,1,1,0.0,0.0,0,0,32830,1,,,3.0,,,,3378.8515,9570.0,5810.0,-1,,,,,,,314823.0,2011,620,605,1,0,0,0,1,14.0,17.0,51.0,2011,1.0,7,4,2,9000,90001,1,17,44100,0,,1.0,,2,2,63,,2,39,1,,0,0,7,2,57,57,57,1,0,0,1.0,1.0,,36.0,,36.0,,,,,,2.0,4.0,0.0,1,2.0,1.0,1.0,1000.0,1000.0,2.0,2.0,,,,11862.6377,2921.0415,0,0,0.0,1.0,0,0,4412,1,1.0,,,,,,2938.8556,2980.0,,-1,,,,,,,313632.0,2012,632,629,0,0,0,0,0,12.0,,1.0,600.0,2.0,6.0,2012,MIS8_to_MIS4,2011-2012,False,True,True,1
199938909099719,10,1.0,1,8,2,8700,87001,1,1,33,17,16980,0,1.0,1.0,,7,4,25,,2,44,1,,3,1,3,7,2,57,57,57,1,0,0,2.0,1.0,,45.0,,37.0,,,,,,2.0,3.0,0.0,1,2.0,2.0,2.0,,576.0,1.0,,,,,14040.7047,3528.5398,0,0,1.0,,0,0,9025,3,,,,,,1.0,3551.3416,7860.0,2000.0,-1,,,,,2.0,1.0,352044.0,2011,621,606,0,0,0,0,0,17.0,6.0,40.0,2011,1.0,6,4,2,9000,90001,1,17,16980,0,1.0,1.0,,7,16,25,,2,35,1,4.0,0,0,7,2,312,312,312,5,0,21,2.0,1.0,,40.0,,40.0,,,,,,2.0,4.0,0.0,1,2.0,,1.0,825.0,330.0,2.0,2.0,,,,15522.3159,3929.7133,0,0,0.0,0.0,0,0,51312,3,,,,,,,3911.6551,8660.0,,-1,,,,,,,350960.0,2012,633,630,0,0,0,0,0,9.0,,1.0,340.0,1.0,45.0,2012,MIS8_to_MIS4,2011-2012,False,True,True,1
308908321781397,10,1.0,1,8,2,8700,87001,1,1,33,17,16980,0,1.0,1.0,1.0,7,1,57,2.0,2,39,2,,1,1,1,1,2,57,57,57,1,0,0,1.0,4.0,,,,,,,,65.0,5.0,11.0,1.0,0.0,2,,,,,,,,,,,9031.7161,3162.8758,0,0,,,0,0,35507,1,1.0,,,,,,3042.2326,9570.0,5310.0,-1,,,,,,,352058.0,2011,621,606,0,0,0,0,0,12.0,17.0,51.0,2011,1.0,7,4,2,9000,90001,1,17,16980,0,1.0,1.0,1.0,7,2,48,,2,38,2,,0,0,4,2,57,57,57,1,0,0,1.0,5.0,,,,,,,,,,1.0,,,2,,,,,,,,,,,13746.2617,3461.0918,0,0,,,0,0,34000,1,,,,,,,3527.8005,,,-1,,,,,,,350974.0,2012,633,630,0,0,0,0,0,12.0,,2.0,,,,2012,MIS8_to_MIS4,2011-2012,False,True,True,1
971665078809097,10,1.0,4,8,2,8700,87001,1,1,33,17,16980,0,1.0,1.0,1.0,7,1,51,,2,40,2,,1,1,1,7,2,57,57,57,1,0,0,1.0,1.0,,38.0,,38.0,,,,,,2.0,2.0,0.0,1,2.0,2.0,2.0,,1169.07,1.0,,,,,13731.4502,3358.6526,3,1,0.0,,0,0,45132,1,,,2.0,,,,3407.8109,9480.0,2010.0,-1,,,,,,,352255.0,2011,621,606,0,0,1,0,0,13.0,6.0,51.0,2011,1.0,7,4,2,9000,90001,1,17,16980,0,1.0,1.0,1.0,7,2,75,,2,40,2,,0,0,4,2,57,57,57,1,0,0,1.0,5.0,,,,,,,,,,1.0,,,2,,,,,,,,,,,10813.6958,3003.1437,0,0,,,0,0,34003,1,,,3.0,,,,3061.026,,,-1,,,,,,,351137.0,2012,633,630,0,0,0,0,0,14.0,,2.0,,,,2012,MIS8_to_MIS4,2011-2012,False,True,True,1
389196329700736,10,2.0,1,8,2,8700,87001,1,1,33,17,16980,0,2.0,1.0,,7,3,60,1.0,2,45,1,,2,1,2,1,2,57,57,57,1,0,0,1.0,1.0,,45.0,,40.0,,,,,,2.0,2.0,0.0,1,2.0,2.0,2.0,,2115.38,1.0,,,,,13011.7086,3019.282,0,0,0.0,,0,0,22682,2,,,,,,,3090.6554,7870.0,2200.0,-1,,,,,,,352430.0,2011,621,606,0,0,0,0,0,18.0,8.0,40.0,2011,2.0,1,4,2,9000,90001,1,17,16980,0,2.0,1.0,,7,3,45,1.0,2,44,1,,1,2,1,2,57,57,57,1,0,0,1.0,1.0,,15.0,,20.0,,,18.0,,,7.0,5.0,0.0,1,2.0,1.0,1.0,2000.0,461.0,2.0,2.0,,,,11372.42,2939.0516,10,3,1.0,1.0,0,0,44133,2,,,,,,2.0,2903.3688,7890.0,,2320,,,,,,,351308.0,2012,633,630,0,0,1,1,0,18.0,,1.0,230.0,1.0,40.0,2012,MIS8_to_MIS4,2011-2012,False,True,True,1
389196329700736,10,2.0,1,8,2,8700,87001,1,1,33,17,16980,0,2.0,1.0,,7,4,28,,1,43,1,,3,1,3,7,2,57,57,57,1,0,0,2.0,1.0,,10.0,,8.0,,,20.0,,,7.0,3.0,0.0,1,2.0,,1.0,1200.0,120.0,2.0,2.0,,,,13717.042,3519.2497,0,0,0.0,0.0,0,0,22682,3,,,,1.0,2.0,,3533.8565,7860.0,2320.0,-1,,,,,2.0,1.0,352431.0,2011,621,606,0,0,0,0,0,17.0,8.0,40.0,2011,2.0,1,4,2,9000,90001,1,17,16980,0,2.0,1.0,,7,4,18,,1,37,1,,1,3,7,2,57,57,57,1,0,0,2.0,7.0,,,,,,,,,,1.0,3.0,0.0,2,,,,,,,,1.0,1.0,1.0,14699.5595,3524.3587,0,0,,,0,0,44133,3,,,,,,,3598.5872,8570.0,,-1,,,,,2.0,1.0,351312.0,2012,633,630,0,0,0,0,0,11.0,,1.0,3955.0,12.0,44.0,2012,MIS8_to_MIS4,2011-2012,True,False,False,1
581198579700779,10,1.0,7,8,2,8700,87001,1,1,33,17,16980,0,2.0,1.0,,7,2,36,,2,44,1,,1,0,0,7,2,57,57,57,1,0,0,1.0,1.0,,45.0,,35.0,,,,,,2.0,3.0,0.0,1,2.0,2.0,2.0,,1153.84,1.0,,,,,12991.5912,3247.9998,0,0,0.0,,0,0,45168,1,,,,,,3.0,3260.6731,7860.0,2310.0,-1,,,,,,,352506.0,2011,621,606,0,0,0,0,0,18.0,8.0,40.0,2011,1.0,7,4,2,9000,90001,1,17,16980,0,2.0,1.0,,7,2,80,,2,43,1,,0,0,4,2,57,57,57,1,0,0,1.0,5.0,,,,,,,,,,1.0,,,2,,,,,,,,,,,11974.2892,3013.9687,0,0,,,0,0,44161,1,,,,2.0,,,3060.5439,,,-1,,,,,,,351398.0,2012,633,630,0,0,0,0,0,16.0,,1.0,,,,2012,MIS8_to_MIS4,2011-2012,False,True,True,1
908903621993517,10,1.0,1,8,2,8700,87001,1,1,33,17,16980,0,2.0,1.0,,7,3,25,1.0,2,43,1,,2,1,2,1,2,57,57,57,1,0,0,2.0,1.0,,45.0,,45.0,,,,,,2.0,3.0,0.0,1,2.0,2.0,2.0,,673.07,1.0,,,,,13543.3095,3403.5404,0,0,0.0,,0,0,52404,2,,,,2.0,,,3425.5345,7860.0,2310.0,-1,,,,,,,352692.0,2011,621,606,0,0,0,0,0,16.0,8.0,40.0,2011,1.0,1,4,2,9000,90001,1,17,16980,0,2.0,1.0,,7,3,39,1.0,2,43,1,,1,2,1,2,57,57,57,1,0,0,2.0,4.0,,,,,,,,19.0,2.0,11.0,3.0,0.0,2,,,,,,,,,,,14226.3312,3505.4487,0,0,,,0,0,21306,2,,,,2.0,,,3383.4089,7860.0,,-1,,,,,,,351579.0,2012,633,630,0,0,0,0,0,16.0,,1.0,2310.0,8.0,40.0,2012,MIS8_to_MIS4,2011-2012,True,False,False,1
771674058909696,10,1.0,1,8,2,8700,87001,1,1,33,17,44100,0,,1.0,,2,1,50,2.0,1,43,1,,1,1,1,1,2,57,57,57,1,0,0,1.0,1.0,,38.0,6.0,27.0,,,6.0,,,4.0,2.0,0.0,1,2.0,2.0,2.0,,1300.0,2.0,2.0,,,,15412.9677,3765.8318,4,1,1.0,,0,0,35626,1,,,,2.0,,,3764.0463,9380.0,1060.0,-1,,,,,,,352965.0,2011,621,606,0,0,0,1,0,16.0,3.0,51.0,2011,1.0,1,4,2,9000,90001,1,17,44100,0,,1.0,,2,1,32,2.0,1,42,1,,1,1,1,2,57,57,57,1,0,0,1.0,1.0,,40.0,,40.0,,,,,,2.0,4.0,0.0,1,2.0,2.0,2.0,,750.0,2.0,2.0,,,,13484.1469,3434.7018,2,2,1.0,,0,0,21375,1,,,3.0,,,,3410.7895,6990.0,,-1,,,,,,,351850.0,2012,633,630,0,1,0,0,1,14.0,,1.0,740.0,2.0,33.0,2012,MIS8_to_MIS4,2011-2012,False,True,True,1
771674058909696,10,1.0,1,8,2,8700,87001,1,1,33,17,44100,0,,1.0,,2,3,49,1.0,2,43,1,,2,1,2,1,2,57,57,136,1,0,0,2.0,1.0,,38.0,6.0,27.0,,,6.0,,,4.0,2.0,0.0,1,2.0,2.0,2.0,,1500.0,2.0,2.0,,,,13229.6063,3251.1852,4,1,1.0,,0,0,35626,2,,,,2.0,,,3255.3437,9390.0,630.0,-1,,,,,,,352966.0,2011,621,606,0,0,0,1,0,16.0,2.0,51.0,2011,1.0,1,4,2,9000,90001,1,17,44100,0,,1.0,,2,3,29,1.0,2,43,1,,1,2,1,2,57,57,57,1,0,0,2.0,7.0,,,,,,,,,,1.0,,,2,,,,,,,,,,,14919.628,3664.5399,2,2,,,0,0,21375,2,,,,2.0,,,3707.9006,,,-1,,,,,,,351851.0,2012,633,630,0,1,0,0,1,16.0,,1.0,,,,2012,MIS8_to_MIS4,2011-2012,False,True,True,1
471727041901393,11,1.0,4,8,2,8800,88001,1,1,33,17,16980,0,1.0,1.0,1.0,7,1,56,,2,45,1,,1,1,1,7,2,57,57,57,1,0,0,1.0,1.0,,45.0,6.0,33.0,,,6.0,,,4.0,3.0,0.0,1,2.0,2.0,2.0,,1942.3,2.0,2.0,,,,13626.7426,3197.1625,3,1,0.0,,0,0,18952,1,,,,,,,3205.5102,7860.0,2100.0,-1,,,,,,,390287.0,2011,622,607,0,0,1,0,0,18.0,7.0,40.0,2011,1.0,1,4,2,9100,91001,1,17,16980,0,1.0,1.0,1.0,7,1,31,2.0,2,43,1,,1,1,1,2,57,57,57,1,0,0,1.0,1.0,,40.0,,55.0,,,,,,2.0,4.0,0.0,1,2.0,2.0,2.0,,1500.0,2.0,2.0,,,,11671.5347,2949.8938,0,0,0.0,,0,0,44899,1,,,,2.0,,,2925.1967,8660.0,,-1,,,,,,,388489.0,2012,634,631,0,0,0,0,0,16.0,,1.0,725.0,2.0,45.0,2012,MIS8_to_MIS4,2011-2012,False,True,True,1
619199949700823,11,1.0,6,8,2,8800,88001,1,1,33,17,16980,0,2.0,1.0,,7,2,69,,1,40,1,,1,0,0,4,2,57,57,57,1,0,0,1.0,1.0,,40.0,,40.0,,,,,,2.0,3.0,0.0,1,2.0,2.0,2.0,,846.15,2.0,2.0,,,,13153.9072,3175.1769,0,0,0.0,,0,0,19317,1,,,1.0,,,,3156.6117,9370.0,630.0,-1,,,,,,,390758.0,2011,622,607,0,0,0,0,0,12.0,2.0,51.0,2011,2.0,1,4,2,9100,91001,1,17,16980,0,2.0,1.0,,7,1,79,2.0,1,39,1,,1,1,1,2,57,57,57,1,0,0,2.0,5.0,,,,,,,,,,1.0,,,2,,,,,,,,,,,11637.1798,2901.9629,0,0,,,0,0,22996,1,1.0,,,,,,2921.9932,,,-1,,,,,,,388925.0,2012,634,631,0,0,0,0,0,12.0,,1.0,,,,2012,MIS8_to_MIS4,2011-2012,False,True,True,1
196931406096748,11,1.0,1,8,2,8800,88001,1,1,33,17,44100,0,,1.0,,2,3,55,1.0,2,43,1,,2,1,2,1,2,57,57,57,1,0,0,2.0,1.0,,38.0,6.0,30.0,,,6.0,,,4.0,2.0,0.0,1,2.0,2.0,2.0,,1442.0,1.0,,,,,12751.0995,2991.7155,0,0,1.0,,0,0,58026,2,,,,2.0,,,2999.5268,9480.0,430.0,-1,,,,,,,391127.0,2011,622,607,0,0,0,0,0,16.0,1.0,51.0,2011,1.0,1,4,2,9100,91001,1,17,44100,0,,1.0,,2,3,39,1.0,2,43,1,,1,2,1,2,57,57,57,1,0,0,2.0,7.0,,,,,,,,,,1.0,,,2,,,,,,,,,,,11639.7514,2811.516,8,2,,,0,0,4916,2,,,,2.0,,,2835.5107,,,-1,,,,,,,389315.0,2012,634,631,0,1,1,0,1,16.0,,1.0,,,,2012,MIS8_to_MIS4,2011-2012,False,True,True,1
210709967533298,12,2.0,1,8,2,8800,88001,1,1,33,17,40420,0,1.0,1.0,,3,3,70,1.0,1,40,1,,2,1,2,1,2,57,57,57,1,0,0,1.0,1.0,,20.0,,20.0,,,21.0,,,7.0,3.0,0.0,1,2.0,,1.0,1000.0,200.0,2.0,2.0,,,,10659.5384,2813.7909,0,0,0.0,0.0,0,0,35191,2,,,2.0,,,,2727.7294,8570.0,725.0,-1,,,,,,,427779.0,2011,623,608,0,0,0,0,0,13.0,2.0,44.0,2011,1.0,1,4,2,9100,91001,1,17,40420,0,1.0,1.0,,3,3,59,1.0,1,36,1,,1,2,1,2,57,57,57,1,0,0,2.0,1.0,,60.0,,60.0,,,,,,2.0,6.0,0.0,2,,,,,,,,,,,13268.7284,3294.281,0,0,,,0,0,51689,2,,,,,,,3301.8565,6170.0,,-1,,,,,,,425689.0,2012,635,632,0,0,0,0,0,10.0,,1.0,9130.0,22.0,23.0,2012,MIS8_to_MIS4,2011-2012,False,True,True,1
450078093612849,12,1.0,4,8,2,8800,88001,1,1,33,17,16980,0,1.0,1.0,1.0,7,1,75,,2,40,2,,1,1,1,7,2,57,57,57,1,0,0,1.0,1.0,,35.0,,35.0,,,,,,2.0,2.0,0.0,1,2.0,1.0,1.0,1300.0,500.0,1.0,,,,,9788.2401,3076.5672,0,0,0.0,0.0,0,0,22220,1,,,3.0,,,,3033.3008,9590.0,5820.0,-1,,,,,2.0,,427820.0,2011,623,608,0,0,0,0,0,14.0,17.0,51.0,2011,1.0,1,4,2,9100,91001,1,17,16980,0,1.0,1.0,1.0,7,1,52,2.0,2,39,2,,1,1,1,2,57,57,57,1,0,0,1.0,1.0,,40.0,,40.0,,,,,,2.0,4.0,0.0,1,2.0,1.0,1.0,750.0,269.0,2.0,2.0,,,,11772.6699,2984.9867,0,0,1.0,1.0,0,0,22042,1,1.0,,,,,,2960.2198,5380.0,,-1,,,,,,,425737.0,2012,635,632,0,0,0,0,0,12.0,,2.0,4720.0,16.0,22.0,2012,MIS8_to_MIS4,2011-2012,False,True,True,1
802905331992677,12,1.0,7,8,2,8800,88001,1,1,33,17,40420,0,1.0,1.0,,3,2,59,,2,44,1,,1,0,0,5,2,57,57,57,1,0,0,1.0,1.0,,63.0,,75.0,,,,,,2.0,3.0,0.0,1,2.0,2.0,2.0,,1346.15,1.0,,,,,11929.6173,3100.8172,0,0,0.0,,0,0,59554,1,,,,,,3.0,3071.1213,7860.0,2000.0,-1,,,,,,,427940.0,2011,623,608,0,0,0,0,0,18.0,6.0,40.0,2011,1.0,1,4,2,9100,91001,1,17,40420,0,1.0,1.0,,3,1,69,2.0,2,41,1,,1,1,1,2,57,57,57,1,0,0,1.0,5.0,,,,,,,,,,1.0,,,2,,,,,,,,,,,11445.942,2849.2706,0,0,,,0,0,22433,1,,,5.0,,,,2862.9599,,,-1,,,,,,,425866.0,2012,635,632,0,0,0,0,0,16.0,,1.0,,,,2012,MIS8_to_MIS4,2011-2012,False,True,True,1
910573090912068,12,1.0,7,8,2,8800,88001,1,1,33,17,16980,0,1.0,1.0,1.0,7,2,47,,2,41,2,,1,0,0,7,2,57,57,57,1,0,0,1.0,1.0,,40.0,,40.0,,,,,,2.0,3.0,0.0,1,2.0,1.0,1.0,2900.0,596.0,1.0,,,,,11656.7608,2909.4509,0,0,1.0,0.0,0,0,66325,1,,,3.0,,,,2868.5346,6180.0,5240.0,-1,,,,,,,427968.0,2011,623,608,0,0,0,0,0,14.0,17.0,23.0,2011,1.0,7,4,2,9100,91001,1,17,16980,0,1.0,1.0,1.0,7,2,63,,2,39,2,,0,0,7,2,57,57,57,1,0,0,1.0,1.0,,20.0,,20.0,,,14.0,,,6.0,3.0,0.0,1,2.0,1.0,1.0,1700.0,125.0,2.0,2.0,,,,9195.3782,2900.5334,0,0,0.0,1.0,0,0,44287,1,1.0,,,,,,2876.4672,9470.0,,-1,,,,,,,425896.0,2012,635,632,0,0,0,0,0,12.0,,2.0,3940.0,12.0,51.0,2012,MIS8_to_MIS4,2011-2012,True,False,False,1
935037544129350,12,1.0,1,8,2,8800,88001,1,1,33,17,16980,0,1.0,1.0,1.0,7,1,48,2.0,1,44,1,,1,1,1,1,2,57,57,57,1,0,0,1.0,1.0,,45.0,,45.0,,,,,,2.0,3.0,0.0,1,2.0,2.0,2.0,,1923.07,2.0,2.0,,,,13760.2818,3479.5376,0,0,0.0,,0,0,22225,1,,,,,,3.0,3479.8908,9470.0,3740.0,-1,,,,,,,427976.0,2011,623,608,0,0,0,0,0,18.0,12.0,51.0,2011,1.0,6,4,2,9100,91001,1,17,16980,0,1.0,1.0,1.0,7,2,25,,1,43,1,3.0,0,0,7,2,57,57,57,1,0,0,1.0,1.0,,17.0,,17.0,,,20.0,,,7.0,4.0,0.0,1,2.0,1.0,1.0,1700.0,250.0,2.0,2.0,,,,14351.1841,3510.8525,0,0,0.0,0.0,0,0,22045,1,,,,1.0,1.0,,3560.0181,7270.0,,-1,,,,,,,425905.0,2012,635,632,0,0,0,0,0,18.0,,1.0,2145.0,7.0,36.0,2012,MIS8_to_MIS4,2011-2012,False,True,True,1
75881270968378,12,1.0,3,8,2,8800,88001,1,1,33,17,16980,0,2.0,1.0,,7,6,63,3.0,1,43,1,,2,2,2,1,2,57,57,57,1,0,0,2.0,1.0,,45.0,,45.0,,,,,,2.0,1.0,0.0,1,2.0,2.0,2.0,,1538.46,2.0,2.0,,,,11748.341,3012.5141,0,0,0.0,,0,0,8637,2,,,,2.0,,,2993.6335,6080.0,5240.0,-1,,,,,,,428057.0,2011,623,608,0,0,0,0,0,16.0,17.0,23.0,2011,1.0,1,4,2,9100,91001,1,17,16980,0,2.0,1.0,,7,3,70,1.0,1,42,1,,1,2,1,2,57,57,57,1,0,0,2.0,1.0,,25.0,,20.0,,,21.0,,,7.0,7.0,0.0,2,,,,,,,,,,,11473.7531,2907.1933,0,0,,,0,0,34470,2,,,3.0,,,,2855.1859,4180.0,,-1,,,,,,,425983.0,2012,635,632,0,0,0,0,0,14.0,,1.0,4850.0,16.0,21.0,2012,MIS8_to_MIS4,2011-2012,False,True,True,1
202906281991897,12,1.0,1,8,2,8800,88001,1,1,33,17,16980,0,2.0,1.0,,7,3,53,1.0,1,42,1,,2,1,2,1,2,57,57,57,1,0,0,2.0,1.0,,55.0,,55.0,,,,,,2.0,3.0,0.0,1,1.0,2.0,2.0,,1730.76,1.0,,,,,12621.9966,3220.3644,0,0,0.0,,0,0,35176,2,,,3.0,,,,3192.0255,7860.0,7340.0,-1,,,,,,,428181.0,2011,623,608,0,0,0,0,0,14.0,20.0,40.0,2011,1.0,1,4,2,9100,91001,1,17,16980,0,2.0,1.0,,7,3,65,1.0,1,43,1,,1,2,1,2,57,57,57,1,0,0,2.0,5.0,,,,,,,,,,1.0,,,2,,,,,,,,,,,12573.9222,3077.8025,0,0,,,0,0,44463,2,,,,1.0,1.0,,3097.6745,,,-1,,,,,,,426097.0,2012,635,632,0,0,0,0,0,18.0,,1.0,,,,2012,MIS8_to_MIS4,2011-2012,False,True,True,1
302902741777437,12,1.0,7,8,2,8800,88001,1,1,33,17,16980,0,2.0,1.0,,7,2,38,,2,44,1,,1,0,0,5,2,57,57,57,1,0,0,1.0,1.0,,35.0,,35.0,,,,,,2.0,3.0,0.0,1,2.0,2.0,2.0,,1000.0,1.0,,,,,11078.3048,2712.6636,0,0,0.0,,0,0,8638,1,,,,,,2.0,2726.1755,7860.0,2310.0,-1,,,,,,,428221.0,2011,623,608,0,0,0,0,0,18.0,8.0,40.0,2011,1.0,1,4,2,9100,91001,1,17,16980,0,2.0,1.0,,7,1,36,2.0,2,43,1,,1,1,1,2,57,57,57,1,0,0,1.0,1.0,,12.0,,12.0,,,17.0,,,7.0,4.0,0.0,1,2.0,,1.0,1500.0,180.0,2.0,2.0,,,,10071.0815,2477.7756,3,2,1.0,1.0,0,0,34471,1,,,,2.0,,,2522.0364,5280.0,,-1,,,,,,,426137.0,2012,635,632,0,0,1,0,0,16.0,,1.0,4760.0,16.0,22.0,2012,MIS8_to_MIS4,2011-2012,False,True,True,1
860378094712008,12,1.0,1,8,2,8800,88001,1,1,33,17,16980,0,2.0,1.0,,7,3,50,1.0,2,41,1,,2,1,2,1,2,57,57,57,1,0,0,2.0,1.0,,40.0,,40.0,,,,,,2.0,3.0,0.0,1,2.0,2.0,2.0,,615.0,2.0,2.0,,,,11017.2809,2870.1641,0,0,1.0,,0,42,34925,2,,,3.0,,,,2855.7456,7860.0,2540.0,-1,,,,,,,428459.0,2011,623,608,0,0,0,0,0,14.0,8.0,40.0,2011,2.0,1,4,2,9100,91001,1,17,16980,0,2.0,1.0,,7,3,57,1.0,2,39,1,,1,2,1,2,57,57,57,1,0,0,1.0,5.0,,,,,,,,,,1.0,,,2,,,,,,,,,,,11551.1726,2948.3615,0,0,,,0,0,44285,2,1.0,,,,,,2927.5463,,,-1,,,,,,,426356.0,2012,635,632,0,0,0,0,0,12.0,,1.0,,,,2012,MIS8_to_MIS4,2011-2012,False,True,True,1
943057886127840,12,1.0,7,8,2,8800,88001,1,1,33,17,16980,0,2.0,1.0,,7,2,56,,2,46,2,,1,0,0,7,2,57,57,57,1,0,0,1.0,1.0,,65.0,,65.0,,,,,,2.0,3.0,0.0,1,2.0,2.0,2.0,,2019.23,2.0,2.0,,,,10530.4144,2795.8146,0,0,0.0,,0,0,4813,1,,,,,,,2756.4964,7860.0,230.0,-1,,,,,,,428515.0,2011,623,608,0,0,0,0,0,18.0,1.0,40.0,2011,1.0,7,4,2,9100,91001,1,17,16980,0,2.0,1.0,,7,2,54,,2,40,2,,0,0,6,2,57,57,57,1,0,0,1.0,7.0,,,,,,,,,,1.0,,,2,,,,,,,,,,,12369.719,2854.7311,0,0,,,0,0,58889,1,,,2.0,,,,2882.4336,,,-1,,,,,,,426410.0,2012,635,632,0,0,0,0,0,13.0,,2.0,,,,2012,MIS8_to_MIS4,2011-2012,False,True,True,1
2201270698698,12,2.0,1,8,2,8800,88001,1,1,33,17,0,0,3.0,2.0,,0,1,46,2.0,1,39,1,,1,1,1,1,2,57,57,57,1,0,0,2.0,1.0,,40.0,,65.0,,,,,,2.0,3.0,0.0,1,2.0,,1.0,1500.0,600.0,1.0,,,,,12966.9251,3278.9229,4,1,1.0,1.0,0,0,18915,1,1.0,,,,,,3279.2558,770.0,6730.0,205,,,,,,,428545.0,2011,623,608,0,0,0,1,0,12.0,19.0,4.0,2011,2.0,1,4,2,9100,91001,1,17,0,0,3.0,2.0,,0,1,69,2.0,1,39,1,,1,1,1,2,57,57,57,1,0,0,2.0,5.0,,,,,,,,,,1.0,,,2,,,,,,,,,,,12578.0997,3078.825,0,0,,,0,0,34700,1,1.0,,,,,,3098.7036,,,-1,4.0,,,,,,426436.0,2012,635,632,0,0,0,0,0,12.0,,1.0,,,,2012,MIS8_to_MIS4,2011-2012,False,True,True,1
271680082909260,12,2.0,1,8,2,8800,88001,1,1,33,17,0,0,3.0,2.0,,0,3,50,1.0,2,39,1,,2,1,2,1,2,57,57,57,1,0,0,1.0,1.0,,38.0,,38.0,,,,,,2.0,2.0,0.0,1,2.0,1.0,1.0,1600.0,615.0,2.0,2.0,,,,11029.2693,2873.2872,4,1,1.0,1.0,0,0,35125,2,1.0,,,,,,2858.8531,9470.0,5700.0,-1,,,,,,,428600.0,2011,623,608,0,0,0,1,0,12.0,17.0,51.0,2011,2.0,1,4,2,9100,91001,1,17,0,0,3.0,2.0,,0,3,57,1.0,2,39,1,,1,2,1,2,57,57,57,1,0,0,1.0,1.0,,40.0,,40.0,,,,,,2.0,4.0,0.0,1,2.0,,1.0,1760.0,704.0,2.0,2.0,,,,11825.6127,2949.3411,0,0,1.0,1.0,0,0,63770,2,1.0,,,,,,2956.8038,4270.0,,-1,,,,,,,426500.0,2012,635,632,0,0,0,0,0,12.0,,1.0,5110.0,17.0,21.0,2012,MIS8_to_MIS4,2011-2012,False,True,True,1
976047815129860,12,1.0,1,8,2,8800,88001,1,1,33,17,19500,115,,1.0,,2,1,47,2.0,2,42,1,,1,1,1,1,2,57,57,57,1,0,0,1.0,1.0,,40.0,,40.0,,,,,,2.0,2.0,0.0,1,2.0,2.0,2.0,,442.3,2.0,2.0,,,,12038.1632,3109.1797,0,0,0.0,,0,0,8818,1,,,3.0,,,,3120.3644,9470.0,5000.0,-1,,,,,,,428815.0,2011,623,608,0,0,0,0,0,14.0,17.0,51.0,2011,1.0,1,4,2,9100,91001,1,17,19500,115,,1.0,,2,1,29,2.0,2,40,1,,1,1,1,2,57,57,57,1,0,0,1.0,7.0,,,,,,,,,,1.0,,,2,,,,,,,,,,,10396.9605,2664.8643,8,2,,,0,0,8895,1,,,3.0,,,,2635.0211,,,-1,,,,,,,426711.0,2012,635,632,0,1,1,0,1,14.0,,1.0,,,,2012,MIS8_to_MIS4,2011-2012,False,True,True,1
