hhid,intmonth,hurespli_t,hrhtype_t,minsamp_x,hrlonglk_t,hrsample_t,hrhhid2_t,serial_t,hhnum,state_t,stfips_t,cbsafips_t,county_t,centcity_t,smsastat_t,icntcity_t,smsa04_t,relref95_t,age_t,spouse_t,sex_t,grade92_t,race_t,ethnic_t,lineno,famnum_t,pfamrel_t,marital_t,prpertyp_t,penatvty_t,pemntvty_t,pefntvty_t,prcitshp_t,prcitflg_t,peinusyr_t,selfproxy_t,lfsr94_t,absent94_t,uhourse_t,reason94_t,hourslw_t,laydur_t,dwrsn_t,why3594_t,prunedur_t,untype_t,ftpt94_t,class94_t,agri_t,eligible_t,otc_t,ernpdh2_t,paidhre_t,earnhre_t,earnwke_t,unionmme_t,unioncov_t,schenr_t,studftpt_t,schlvl_t,earnwt_t,weight_t,chldpres_t,ownchild_t,i25d_t,i25c_t,i25a_t,i25b_t,qstnum_t,occurnum_t,ged_t,gedhigr_t,yrcoll_t,grprof_t,gr6cor_t,ms123_t,cmpwgt_t,ind02_t,occ2011_t,occ002_t,vet1_t,vet2_t,vet3_t,vet4_t,linedad_t,linemom_t,recnum_t,year_t,ym_file_t,ym_t,ch02_t,ch35_t,ch613_t,ch1417_t,ch05_t,ihigrdc_t,docc00_t,dind02_t,year_file_x,hurespli_t1,hrhtype_t1,minsamp_y,hrlonglk_t1,hrsample_t1,hrhhid2_t1,serial_t1,state_t1,stfips_t1,cbsafips_t1,county_t1,centcity_t1,smsastat_t1,icntcity_t1,smsa04_t1,relref95_t1,age_t1,spouse_t1,sex_t1,grade92_t1,race_t1,ethnic_t1,famnum_t1,pfamrel_t1,marital_t1,prpertyp_t1,penatvty_t1,pemntvty_t1,pefntvty_t1,prcitshp_t1,prcitflg_t1,peinusyr_t1,selfproxy_t1,lfsr94_t1,absent94_t1,uhourse_t1,reason94_t1,hourslw_t1,laydur_t1,dwrsn_t1,why3594_t1,prunedur_t1,untype_t1,ftpt94_t1,class94_t1,agri_t1,eligible_t1,otc_t1,ernpdh2_t1,paidhre_t1,earnhre_t1,earnwke_t1,unionmme_t1,unioncov_t1,schenr_t1,studftpt_t1,schlvl_t1,earnwt_t1,weight_t1,chldpres_t1,ownchild_t1,i25d_t1,i25c_t1,i25a_t1,i25b_t1,qstnum_t1,occurnum_t1,ged_t1,gedhigr_t1,yrcoll_t1,grprof_t1,gr6cor_t1,ms123_t1,cmpwgt_t1,ind02_t1,occ2011_t1,occ002_t1,vet1_t1,vet2_t1,vet3_t1,vet4_t1,linedad_t1,linemom_t1,recnum_t1,year_t1,ym_file_t1,ym_t1,ch02_t1,ch35_t1,ch613_t1,ch1417_t1,ch05_t1,ihigrdc_t1,race21_t1,race26_t1,occ2012_t1,docc00_t1,dind02_t1,year_file_y,pair_type,state,illinois,pair,stayed_state_local,exited_state_local,moved_to_federal,moved_to_private,analytic_sample
193873404073726,1,1.0,7,4,2,8800,88001,1,1,33,17,16980,0,1.0,1.0,1.0,7,2,28,,2,37,2,,1,0,0,7,2,57,57,57,1,0,0,1.0,4.0,,,,,,,,14.0,3.0,11.0,2.0,0.0,2,,,,,,,,,,,14182.1244,3090.0022,0,0,,,0,0,64601,1,,,,,,,3155.3184,9370.0,9620.0,-1,,,,,,,11235.0,2011,612,609,0,0,0,0,0,11.0,22.0,51.0,2011,1.0,7,8,2,8800,88001,1,33,17,16980,0,1.0,1.0,1.0,7,2,30,,2,37,2,,0,0,7,2,57,57,57,1,0,0,1.0,4.0,,,,,,,,8.0,5.0,11.0,7.0,0.0,2,,,,,,,,,,,16535.3412,2981.1574,0,0,,,0,0,51710,1,,,,,,,2751.9641,8370.0,4230.0,-1,,,,,,,11073.0,2012,624,609,0,0,0,0,0,11.0,2.0,,,14.0,43.0,2012,MIS4_to_MIS8,illinois,1,2011-2012,0,1,0,1,retention
197933805088786,1,2.0,1,4,2,8800,88001,1,1,33,17,16980,0,1.0,1.0,1.0,7,1,46,2.0,1,40,1,,1,1,1,1,2,57,57,57,1,0,0,2.0,2.0,5.0,40.0,,,,,,,,5.0,3.0,0.0,1,2.0,2.0,2.0,,1730.76,1.0,,,,,14183.9074,3486.8322,3,2,0.0,,0,0,6741,1,,,3.0,,,,3505.2416,9470.0,3740.0,-1,,,,,,,11245.0,2011,612,609,0,0,1,0,0,14.0,12.0,51.0,2011,2.0,1,8,2,8800,88001,1,33,17,16980,0,1.0,1.0,1.0,7,1,47,2.0,1,40,1,,1,1,1,2,57,57,57,1,0,0,2.0,1.0,,40.0,,50.0,,,,,,2.0,3.0,0.0,1,2.0,2.0,2.0,,1250.0,1.0,,,,,12557.82,3187.4193,10,2,0.0,,0,0,8627,1,,,4.0,,,,3190.4001,9470.0,3740.0,9130,,,,,,,11096.0,2012,624,609,0,0,1,1,0,15.0,1.0,,,12.0,51.0,2012,MIS4_to_MIS8,illinois,1,2011-2012,1,0,0,0,retention
633191939700037,1,1.0,4,4,2,8800,88001,1,1,33,17,16980,0,1.0,1.0,1.0,7,1,52,,2,39,2,,1,1,1,7,2,57,57,57,1,0,0,1.0,1.0,,40.0,4.0,27.0,,,4.0,,,4.0,3.0,0.0,1,2.0,2.0,2.0,,865.38,1.0,,,,,10465.7459,2756.6089,0,0,0.0,,0,0,47853,1,1.0,,,,,,2709.4625,9470.0,5220.0,-1,,,,,,,11372.0,2011,612,609,0,0,0,0,0,12.0,17.0,51.0,2011,1.0,4,8,2,8800,88001,1,33,17,16980,0,1.0,1.0,1.0,7,1,53,,2,39,2,,1,1,7,2,57,57,57,1,0,0,1.0,1.0,,40.0,,40.0,,,,,,2.0,3.0,0.0,1,2.0,1.0,1.0,2500.0,1100.0,1.0,,,,,12471.472,3320.8777,0,0,0.0,0.0,0,0,66209,1,1.0,,,,,,3289.6693,9470.0,5220.0,-1,,,,,,,11210.0,2012,624,609,0,0,0,0,0,12.0,2.0,,,17.0,51.0,2012,MIS4_to_MIS8,illinois,1,2011-2012,1,0,0,0,retention
838193579700688,1,1.0,1,4,2,8800,88001,1,1,33,17,16980,0,1.0,1.0,1.0,7,3,33,2.0,1,43,1,,1,1,2,1,2,57,57,57,1,0,0,1.0,2.0,4.0,40.0,,,,,,,,5.0,3.0,0.0,1,1.0,2.0,2.0,,1200.0,1.0,,,,,12057.1994,3061.7442,13,4,0.0,,0,0,18157,1,,,,2.0,,,3027.9247,9470.0,3850.0,-1,1.0,,,,,,11447.0,2011,612,609,1,0,1,1,1,16.0,12.0,51.0,2011,1.0,1,8,2,8800,88001,1,33,17,16980,0,1.0,1.0,1.0,7,3,34,2.0,1,43,1,,1,2,1,2,57,57,57,1,0,0,1.0,1.0,,40.0,,40.0,,,,,,2.0,3.0,0.0,1,1.0,1.0,1.0,3488.0,2600.0,1.0,,,,,11593.0898,2897.2635,15,4,0.0,0.0,0,0,44561,1,,,,2.0,,,2909.6616,9470.0,3850.0,-1,1.0,,,,,,11286.0,2012,624,609,1,1,1,1,1,16.0,1.0,,,12.0,51.0,2012,MIS4_to_MIS8,illinois,1,2011-2012,1,0,0,0,retention
36199138700390,1,2.0,1,4,2,8800,88001,1,1,33,17,16980,0,2.0,1.0,,7,1,63,2.0,1,39,1,,1,1,1,1,2,57,57,57,1,0,0,2.0,1.0,,40.0,,40.0,,,,,,2.0,3.0,0.0,1,2.0,,1.0,1900.0,760.0,1.0,,,,,13158.5251,3290.3655,0,0,1.0,1.0,0,0,40311,1,1.0,,,,,,3238.0292,7860.0,4220.0,-1,,,,,,,11563.0,2011,612,609,0,0,0,0,0,12.0,14.0,40.0,2011,2.0,1,8,2,8800,88001,1,33,17,16980,0,2.0,1.0,,7,1,65,2.0,1,39,1,,1,1,1,2,57,57,57,1,0,0,2.0,5.0,,,,,,,,,,1.0,3.0,0.0,2,,,,,,,,,,,11410.3917,2891.2486,0,0,,,0,0,34648,1,1.0,,,,,,2899.6218,7860.0,4220.0,-1,,,,,,,11418.0,2012,624,609,0,0,0,0,0,12.0,1.0,,,14.0,40.0,2012,MIS4_to_MIS8,illinois,1,2011-2012,1,0,0,0,retention
170971096513559,1,1.0,1,4,2,8800,88001,1,1,33,17,16980,0,2.0,1.0,,7,3,36,1.0,1,44,1,,2,1,2,1,2,57,57,57,1,0,0,2.0,1.0,,60.0,,60.0,,,,,,2.0,3.0,0.0,1,2.0,2.0,2.0,,2368.42,2.0,2.0,,,,10774.2175,2734.55,8,2,0.0,,0,0,47940,2,,,,,,2.0,2726.7208,7860.0,2320.0,230,,,,,,,11629.0,2011,612,609,0,1,1,0,1,18.0,8.0,40.0,2011,1.0,1,8,2,8800,88001,1,33,17,16980,0,2.0,1.0,,7,3,37,1.0,1,44,1,,1,2,1,2,57,57,57,1,0,0,2.0,1.0,,40.0,,40.0,,,,,,2.0,3.0,0.0,1,2.0,2.0,2.0,,1634.61,2.0,2.0,,,,11992.6843,2913.7366,8,2,0.0,,0,0,63071,2,,,,,,2.0,2932.3651,7860.0,2320.0,-1,,,,,,,11486.0,2012,624,609,0,1,1,0,1,18.0,1.0,,,8.0,40.0,2012,MIS4_to_MIS8,illinois,1,2011-2012,1,0,0,0,retention
197983505071798,1,2.0,1,4,2,8800,88001,1,1,33,17,16980,0,2.0,1.0,,7,1,46,2.0,1,43,1,,1,1,1,1,2,147,147,147,4,0,17,2.0,1.0,,40.0,,40.0,,,,,,2.0,2.0,0.0,1,2.0,2.0,2.0,,961.53,1.0,,,,,13802.4559,3393.0599,14,3,0.0,,0,0,18350,1,,,,2.0,,,3410.9742,9570.0,1720.0,-1,,,,,,,11685.0,2011,612,609,0,1,1,1,1,16.0,5.0,51.0,2011,2.0,1,8,2,8800,88001,1,33,17,16980,0,2.0,1.0,,7,1,47,2.0,1,43,1,,1,1,1,2,147,147,147,4,0,17,2.0,1.0,,40.0,,40.0,,,,,,2.0,1.0,0.0,1,2.0,2.0,2.0,,1057.69,1.0,,,,,11888.4984,3017.5325,10,3,0.0,,0,0,44655,1,,,,2.0,,,3020.3544,9570.0,4240.0,-1,,,,,,,11560.0,2012,624,609,0,0,1,1,0,16.0,1.0,,,14.0,51.0,2012,MIS4_to_MIS8,illinois,1,2011-2012,0,1,1,0,retention
197983505071798,1,2.0,1,4,2,8800,88001,1,1,33,17,16980,0,2.0,1.0,,7,3,41,1.0,2,43,1,,2,1,2,1,2,147,147,147,4,0,17,1.0,1.0,,40.0,,40.0,,,,,,2.0,2.0,0.0,1,2.0,2.0,2.0,,1250.0,1.0,,,,,11755.6619,2833.9897,14,3,0.0,,0,0,18350,2,,,,2.0,,,2838.8845,9570.0,1720.0,-1,,,,,,,11686.0,2011,612,609,0,1,1,1,1,16.0,5.0,51.0,2011,2.0,1,8,2,8800,88001,1,33,17,16980,0,2.0,1.0,,7,3,42,1.0,2,43,1,,1,2,1,2,147,147,147,4,0,17,1.0,1.0,,40.0,,40.0,,,,,,2.0,2.0,0.0,1,2.0,2.0,2.0,,1346.15,1.0,,,,,11129.7091,2764.9853,10,3,0.0,,0,0,44655,2,,,,2.0,,,2759.4678,9570.0,6010.0,-1,,,,,,,11561.0,2012,624,609,0,0,1,1,0,16.0,1.0,,,18.0,51.0,2012,MIS4_to_MIS8,illinois,1,2011-2012,1,0,0,0,retention
260178000213820,1,1.0,1,4,2,8800,88001,1,1,33,17,16980,0,2.0,1.0,,7,1,57,2.0,2,40,1,,1,1,1,1,2,57,57,57,1,0,0,1.0,1.0,,40.0,,40.0,,,,,,2.0,3.0,0.0,1,2.0,2.0,2.0,,826.92,2.0,2.0,,,,12737.5963,3163.0875,0,0,0.0,,0,0,47980,1,,,3.0,,,,3138.4653,7860.0,5120.0,-1,,,,,,,11711.0,2011,612,609,0,0,0,0,0,14.0,17.0,40.0,2011,2.0,1,8,2,8800,88001,1,33,17,16980,0,2.0,1.0,,7,1,58,2.0,2,40,1,,1,1,1,2,57,57,57,1,0,0,2.0,1.0,,40.0,6.0,32.0,,,6.0,,,4.0,4.0,0.0,1,2.0,2.0,2.0,,390.0,2.0,2.0,,,,11054.8566,2693.9319,0,0,1.0,,0,42,44698,1,,,3.0,,,,2713.7,7860.0,5700.0,-1,,,,,,,11586.0,2012,624,609,0,0,0,0,0,14.0,1.0,,,17.0,40.0,2012,MIS4_to_MIS8,illinois,1,2011-2012,0,1,0,1,retention
310709848086710,1,2.0,1,4,2,8800,88001,1,1,33,17,16980,0,2.0,1.0,,7,1,69,2.0,1,44,1,,1,1,1,1,2,132,132,132,4,0,4,2.0,1.0,,45.0,,40.0,,,,,,2.0,2.0,0.0,1,1.0,,1.0,2200.0,1045.0,1.0,,,,,13137.0313,3064.6753,0,0,0.0,0.0,0,0,6736,1,,,,,,2.0,3045.5315,7580.0,5240.0,-1,4.0,,,,,,11745.0,2011,612,609,0,0,0,0,0,18.0,17.0,38.0,2011,2.0,1,8,2,8800,88001,1,33,17,16980,0,2.0,1.0,,7,1,70,2.0,1,44,1,,1,1,1,2,132,132,132,4,0,5,2.0,1.0,,38.0,,38.0,,,,,,2.0,2.0,0.0,1,2.0,1.0,1.0,2200.0,817.5,1.0,,,,,11423.4568,2822.946,0,0,0.0,0.0,0,0,8621,1,,,,,,2.0,2747.4921,7580.0,5240.0,-1,4.0,,,,,,11621.0,2012,624,609,0,0,0,0,0,18.0,1.0,,,17.0,38.0,2012,MIS4_to_MIS8,illinois,1,2011-2012,1,0,0,0,retention
403902171697837,1,1.0,7,4,2,8800,88001,1,1,33,17,16980,0,2.0,1.0,,7,2,64,,2,43,1,,1,0,0,5,2,57,57,57,1,0,0,1.0,1.0,,50.0,,72.0,,,,,,2.0,3.0,0.0,1,2.0,2.0,2.0,,1115.38,1.0,,,,,13042.4968,3151.361,0,0,0.0,,0,0,30497,1,,,,1.0,1.0,,3163.6151,7860.0,2310.0,4760,,,,,,,11786.0,2011,612,609,0,0,0,0,0,18.0,8.0,40.0,2011,1.0,7,8,2,8800,88001,1,33,17,16980,0,2.0,1.0,,7,2,65,,2,43,1,,0,0,5,2,57,57,57,1,0,0,1.0,1.0,,46.0,,37.0,,,,,,2.0,3.0,0.0,1,2.0,2.0,2.0,,1211.53,1.0,,,,,10315.6866,2683.7032,0,0,0.0,,0,0,21674,1,,,,1.0,1.0,,2637.2598,7860.0,2310.0,4760,,,,,,,11661.0,2012,624,609,0,0,0,0,0,18.0,1.0,,,8.0,40.0,2012,MIS4_to_MIS8,illinois,1,2011-2012,1,0,0,0,retention
727399230829100,1,2.0,1,4,2,8800,88001,1,1,33,17,16980,0,2.0,1.0,,7,3,47,1.0,2,39,1,,2,1,2,1,2,57,57,57,1,0,0,1.0,1.0,,10.0,,10.0,,,15.0,,,6.0,2.0,0.0,1,2.0,1.0,1.0,1356.0,115.38,2.0,2.0,,,,13128.992,3374.9567,10,2,0.0,0.0,0,0,18291,2,1.0,,,,,,3363.5104,7860.0,4600.0,-1,,,,,,,11901.0,2011,612,609,0,0,1,1,0,12.0,15.0,40.0,2011,2.0,1,8,2,8800,88001,1,33,17,16980,0,2.0,1.0,,7,3,48,1.0,2,39,1,,1,2,1,2,57,57,57,1,0,0,1.0,1.0,,36.0,,46.0,,,,,,2.0,4.0,0.0,1,2.0,1.0,1.0,900.0,250.0,2.0,2.0,,,,11889.7902,2892.21,10,2,0.0,0.0,0,0,21675,2,1.0,,,,,,2930.9981,5070.0,4720.0,230,,,,,,,11801.0,2012,624,609,0,0,1,1,0,12.0,1.0,,,16.0,22.0,2012,MIS4_to_MIS8,illinois,1,2011-2012,0,1,0,1,retention
907419530909104,1,2.0,1,4,2,8800,88001,1,1,33,17,16980,0,2.0,1.0,,7,1,54,2.0,1,44,1,,1,1,1,1,2,57,57,57,1,0,0,1.0,1.0,,60.0,,70.0,,,,,,2.0,2.0,0.0,1,2.0,2.0,2.0,,2142.85,1.0,,,,,13187.7219,3274.4664,0,0,0.0,,0,0,15311,1,,,,,,2.0,3259.0562,7860.0,2320.0,-1,,,,,,,11974.0,2011,612,609,0,0,0,0,0,18.0,8.0,40.0,2011,2.0,1,8,2,8800,88001,1,33,17,16980,0,2.0,1.0,,7,1,54,2.0,1,44,1,,1,1,1,2,57,57,57,1,0,0,2.0,1.0,,60.0,,60.0,,,,,,2.0,3.0,0.0,1,2.0,2.0,2.0,,1500.0,1.0,,,,,10997.7991,2819.0951,0,0,0.0,,0,0,4620,1,,,,,,2.0,2794.0661,7860.0,2320.0,-1,,,,,,,11881.0,2012,624,609,0,0,0,0,0,18.0,1.0,,,8.0,40.0,2012,MIS4_to_MIS8,illinois,1,2011-2012,1,0,0,0,retention
907419530909104,1,2.0,1,4,2,8800,88001,1,1,33,17,16980,0,2.0,1.0,,7,3,54,1.0,2,44,1,,2,1,2,1,2,110,110,110,4,0,2,2.0,1.0,,60.0,,65.0,,,,,,2.0,2.0,0.0,1,2.0,2.0,2.0,,2638.88,1.0,,,,,12584.2475,3212.5626,0,0,0.0,,0,0,15311,2,,,,,,2.0,3223.9526,7860.0,2320.0,-1,,,,,,,11975.0,2011,612,609,0,0,0,0,0,18.0,8.0,40.0,2011,2.0,1,8,2,8800,88001,1,33,17,16980,0,2.0,1.0,,7,3,54,1.0,2,44,1,,1,2,1,2,110,110,110,4,0,2,1.0,1.0,,55.0,,55.0,,,,,,2.0,3.0,0.0,1,2.0,2.0,2.0,,1576.92,1.0,,,,,11517.9566,2828.2438,0,0,0.0,,0,0,4620,2,,,,,,2.0,2839.336,7860.0,2320.0,-1,,,,,,,11882.0,2012,624,609,0,0,0,0,0,18.0,1.0,,,8.0,40.0,2012,MIS4_to_MIS8,illinois,1,2011-2012,1,0,0,0,retention
950077924139550,1,1.0,1,4,2,8800,88001,1,1,33,17,16980,0,2.0,1.0,,7,3,41,1.0,2,44,1,,2,1,2,1,2,57,57,57,1,0,0,2.0,1.0,,40.0,,40.0,,,,,,2.0,3.0,0.0,1,2.0,2.0,2.0,,1153.0,1.0,,,,,11755.6619,2833.9897,8,2,1.0,,0,42,47982,2,,,,,,2.0,2838.8845,7860.0,2310.0,-1,,,,,,,11998.0,2011,612,609,0,1,1,0,1,18.0,8.0,40.0,2011,1.0,1,8,2,8800,88001,1,33,17,16980,0,2.0,1.0,,7,3,42,1.0,2,44,1,,1,2,1,2,57,57,57,1,0,0,2.0,1.0,,40.0,,40.0,,,,,,2.0,3.0,0.0,1,2.0,,1.0,6041.0,2416.4,1.0,,,,,11129.7091,2764.9853,3,2,1.0,1.0,0,42,63085,2,,,,,,2.0,2759.4678,7860.0,2310.0,-1,,,,,,,11901.0,2012,624,609,0,0,1,0,0,18.0,1.0,,,8.0,40.0,2012,MIS4_to_MIS8,illinois,1,2011-2012,1,0,0,0,retention
977559430229105,1,2.0,4,4,2,8800,88001,1,1,33,17,0,0,3.0,2.0,,0,1,48,,2,35,1,,1,1,1,3,2,57,57,57,1,0,0,1.0,1.0,,40.0,5.0,20.0,,,5.0,,,4.0,3.0,0.0,1,2.0,,1.0,1964.0,785.6,1.0,,,,,13215.5277,3397.2017,0,0,0.0,0.0,0,0,6698,1,,,,,,,3385.68,6180.0,9120.0,-1,,,,,,,12224.0,2011,612,609,0,0,0,0,0,9.0,22.0,23.0,2011,1.0,4,8,2,8800,88001,1,33,17,0,0,3.0,2.0,,0,1,49,,2,39,1,,1,1,3,2,57,57,57,1,0,0,1.0,1.0,,40.0,,55.0,,,,,,2.0,3.0,0.0,1,2.0,1.0,1.0,1902.0,760.0,1.0,,,,,11894.3281,2893.3138,0,0,0.0,0.0,0,0,51685,1,2.0,5.0,,,,,2932.1168,6180.0,9120.0,4760,,,,,,,12123.0,2012,624,609,0,0,0,0,0,9.0,1.0,,,22.0,23.0,2012,MIS4_to_MIS8,illinois,1,2011-2012,1,0,0,0,retention
95011370995593,1,2.0,1,4,2,8800,88001,1,1,33,17,28100,91,,1.0,,2,3,48,1.0,2,44,1,,2,1,2,1,2,57,57,57,1,0,0,1.0,1.0,,50.0,,50.0,,,,,,2.0,3.0,0.0,1,2.0,2.0,2.0,,1192.3,1.0,,,,,13281.225,3414.0899,3,2,0.0,,0,0,6865,2,,,,,,2.0,3402.5109,7860.0,2320.0,-1,,,,,,,12249.0,2011,612,609,0,0,1,0,0,18.0,8.0,40.0,2011,2.0,1,8,2,8800,88001,1,33,17,28100,91,,1.0,,2,3,49,1.0,2,44,1,,1,2,1,2,57,57,57,1,0,0,1.0,1.0,,50.0,,50.0,,,,,,2.0,3.0,0.0,1,2.0,2.0,2.0,,1307.69,1.0,,,,,12027.6545,2925.7457,10,2,0.0,,0,0,21752,2,,,,,,2.0,2964.9836,7860.0,2320.0,-1,,,,,,,12145.0,2012,624,609,0,0,1,1,0,18.0,1.0,,,8.0,40.0,2012,MIS4_to_MIS8,illinois,1,2011-2012,1,0,0,0,retention
108013003051741,1,2.0,1,4,2,8800,88001,1,1,33,17,44100,0,,1.0,,2,1,36,2.0,1,41,1,,1,1,1,1,2,57,57,57,1,0,0,2.0,1.0,,48.0,,68.0,,,,,,2.0,3.0,0.0,1,1.0,1.0,1.0,234.0,1884.61,1.0,,,,,10954.1278,2780.2122,1,1,0.0,1.0,0,0,61425,1,,,3.0,,,,2772.2522,9470.0,3720.0,430,,,,,,,12252.0,2011,612,609,1,0,0,0,1,14.0,12.0,51.0,2011,2.0,1,8,2,8800,88001,1,33,17,44100,0,,1.0,,2,1,37,2.0,1,41,1,,1,1,1,2,57,57,57,1,0,0,2.0,1.0,,48.0,,53.0,,,,,,2.0,3.0,0.0,1,2.0,1.0,1.0,950.0,1519.23,1.0,,,,,12434.3891,3021.053,1,1,0.0,1.0,0,0,58971,1,,,3.0,,,,3040.3676,9470.0,3720.0,430,,,,,,,12148.0,2012,624,609,1,0,0,0,1,14.0,1.0,,,12.0,51.0,2012,MIS4_to_MIS8,illinois,1,2011-2012,1,0,0,0,retention
830974091913939,1,2.0,1,4,2,8800,88001,1,1,33,17,44100,0,,1.0,,2,3,65,1.0,2,39,1,,2,1,2,1,2,57,57,57,1,0,0,1.0,1.0,,40.0,,40.0,,,,,,2.0,2.0,0.0,1,2.0,2.0,2.0,,461.53,2.0,2.0,,,,11990.36,3209.575,0,0,0.0,,0,0,15325,2,1.0,,,,,,3123.3273,9380.0,5860.0,-1,,,,,,,12297.0,2011,612,609,0,0,0,0,0,12.0,17.0,51.0,2011,2.0,1,8,2,8800,88001,1,33,17,44100,0,,1.0,,2,3,67,1.0,2,39,1,,1,2,1,2,57,57,57,1,0,0,1.0,1.0,,38.0,,38.0,,,,,,2.0,2.0,0.0,1,2.0,2.0,2.0,,438.46,2.0,2.0,,,,10695.6256,2782.5472,0,0,0.0,,0,0,21899,2,1.0,,,,,,2734.3932,9380.0,5920.0,-1,,,,,,,12197.0,2012,624,609,0,0,0,0,0,12.0,1.0,,,17.0,51.0,2012,MIS4_to_MIS8,illinois,1,2011-2012,1,0,0,0,retention
197983505071896,1,1.0,3,4,2,8800,88001,1,1,32,18,26900,0,1.0,1.0,,5,1,39,,1,40,2,,1,1,1,5,2,57,57,57,1,0,0,1.0,1.0,,40.0,8.0,32.0,,,8.0,,,4.0,3.0,0.0,1,2.0,2.0,2.0,,528.84,1.0,,,,,14317.8607,3181.5043,3,1,0.0,,0,0,7023,1,,,5.0,,,,3240.9181,9470.0,3850.0,-1,,,,,,,12380.0,2011,612,609,0,0,1,0,0,16.0,12.0,51.0,2011,1.0,3,8,2,8800,88001,1,32,18,26900,0,1.0,1.0,,5,1,40,,1,40,2,,1,1,5,2,57,57,57,1,0,0,1.0,1.0,,40.0,,40.0,,,,,,2.0,3.0,0.0,1,2.0,1.0,1.0,2000.0,596.15,1.0,,,,,13002.8087,3069.0334,3,1,0.0,1.0,0,0,35031,1,,,4.0,,,,3100.4956,9370.0,565.0,-1,,,,,,,12276.0,2012,624,609,0,0,1,0,0,15.0,2.0,,,2.0,51.0,2012,MIS4_to_MIS8,indiana,0,2011-2012,1,0,0,0,retention
760986091213169,1,1.0,7,4,2,8800,88001,1,1,32,18,43780,141,1.0,1.0,,3,2,58,,2,44,1,,1,0,0,5,2,57,57,57,1,0,0,1.0,1.0,,40.0,,40.0,,,,,,2.0,2.0,0.0,1,2.0,2.0,2.0,,1267.0,1.0,,,,,10071.3355,2475.5155,0,0,0.0,,0,0,4049,1,,,,,,1.0,2481.515,7860.0,2310.0,-1,,,,,,,12436.0,2011,612,609,0,0,0,0,0,17.0,8.0,40.0,2011,1.0,7,8,2,8800,88001,1,32,18,43780,141,1.0,1.0,,3,2,59,,2,44,1,,0,0,5,2,57,57,57,1,0,0,1.0,1.0,,40.0,,40.0,,,,,,2.0,2.0,0.0,1,2.0,2.0,2.0,,1250.0,1.0,,,,,10810.574,2617.2137,0,0,0.0,,0,0,66315,1,,,,,,1.0,2653.7345,7860.0,2310.0,-1,,,,,,,12320.0,2012,624,609,0,0,0,0,0,17.0,1.0,,,8.0,40.0,2012,MIS4_to_MIS8,indiana,0,2011-2012,1,0,0,0,retention
879610515750931,1,1.0,4,4,2,8800,88001,1,1,32,18,26900,0,1.0,1.0,,5,14,46,,1,40,2,,2,0,0,7,2,57,57,57,1,0,0,2.0,1.0,,40.0,,40.0,,,,,,2.0,2.0,0.0,1,2.0,,1.0,2500.0,1000.0,2.0,2.0,,,,12696.3929,3183.3885,0,0,1.0,1.0,0,0,18583,2,,,3.0,,,,3180.405,770.0,6730.0,-1,,,,,,,12447.0,2011,612,609,0,0,0,0,0,14.0,19.0,4.0,2011,1.0,1,8,2,8800,88001,1,32,18,26900,0,1.0,1.0,,5,3,47,1.0,1,40,2,,1,2,1,2,57,57,57,1,0,0,2.0,1.0,,40.0,6.0,32.0,,,6.0,,,4.0,2.0,0.0,1,2.0,1.0,1.0,3500.0,673.0,2.0,2.0,,,,11654.8441,3083.6884,10,2,1.0,1.0,0,0,59011,2,,,3.0,,,,3051.8676,770.0,6730.0,-1,,,,,,,12332.0,2012,624,609,0,0,1,1,0,14.0,2.0,,,19.0,4.0,2012,MIS4_to_MIS8,indiana,0,2011-2012,1,0,0,0,retention
978119630669102,1,1.0,1,4,2,8800,88001,1,1,32,18,43780,141,1.0,1.0,,3,1,40,2.0,1,43,1,,1,1,1,1,2,57,57,57,1,0,0,1.0,1.0,,-4.0,5.0,22.0,,,5.0,,,4.0,2.0,0.0,1,2.0,,1.0,1200.0,384.0,2.0,2.0,,,,16380.1021,4096.7331,3,3,0.0,0.0,0,0,48068,1,,,,1.0,1.0,,4145.4487,7860.0,2310.0,-1,2.0,,,,,,12479.0,2011,612,609,0,0,1,0,0,18.0,8.0,40.0,2011,1.0,1,8,2,8800,88001,1,32,18,43780,141,1.0,1.0,,3,1,41,2.0,1,43,1,,1,1,1,2,57,57,57,1,0,0,1.0,1.0,,33.0,,53.0,,,,,,2.0,2.0,0.0,1,2.0,,1.0,1200.0,396.0,2.0,2.0,,,,13126.5186,3180.2342,3,3,0.0,0.0,0,0,22116,1,,,,1.0,1.0,,3209.6022,7860.0,2550.0,9620,2.0,,,,,,12362.0,2012,624,609,0,0,1,0,0,18.0,1.0,,,8.0,40.0,2012,MIS4_to_MIS8,indiana,0,2011-2012,1,0,0,0,retention
978119630669102,1,1.0,1,4,2,8800,88001,1,1,32,18,43780,141,1.0,1.0,,3,3,43,1.0,2,43,1,,2,1,2,1,2,57,57,57,1,0,0,2.0,1.0,,38.0,,38.0,,,,,,2.0,2.0,0.0,1,2.0,2.0,2.0,,807.69,1.0,,,,,14892.9228,3553.7427,3,3,0.0,,0,0,48068,2,,,,1.0,1.0,,3596.5043,7860.0,2310.0,-1,,,,,,,12480.0,2011,612,609,0,0,1,0,0,18.0,8.0,40.0,2011,1.0,1,8,2,8800,88001,1,32,18,43780,141,1.0,1.0,,3,3,44,1.0,2,43,1,,1,2,1,2,57,57,57,1,0,0,2.0,1.0,,40.0,,40.0,,,,,,2.0,2.0,0.0,1,2.0,2.0,2.0,,807.69,1.0,,,,,14735.4949,3636.8942,3,3,0.0,,0,0,22116,2,,,,1.0,1.0,,3653.4759,7860.0,2320.0,-1,,,,,,,12363.0,2012,624,609,0,0,1,0,0,18.0,1.0,,,8.0,40.0,2012,MIS4_to_MIS8,indiana,0,2011-2012,1,0,0,0,retention
939193999800891,1,2.0,1,4,2,8800,88001,1,1,32,18,16980,89,2.0,1.0,,7,3,64,1.0,2,44,1,,2,1,2,1,2,57,57,57,1,0,0,1.0,1.0,,40.0,,40.0,,,,,,2.0,2.0,0.0,1,2.0,2.0,2.0,,1019.0,1.0,,,,,10697.4727,2558.4296,0,0,1.0,,0,42,30734,2,,,,,,2.0,2594.8012,7860.0,2310.0,-1,,,,,,,12621.0,2011,612,609,0,0,0,0,0,18.0,8.0,40.0,2011,1.0,1,8,2,8800,88001,1,32,18,16980,89,2.0,1.0,,7,3,65,1.0,2,44,1,,1,2,1,2,57,57,57,1,0,0,2.0,1.0,,40.0,,40.0,,,,,,2.0,2.0,0.0,1,2.0,2.0,2.0,,711.0,1.0,,,,,10177.2956,2630.4234,0,0,1.0,,0,42,8880,2,,,,,,2.0,2601.8794,7860.0,2310.0,-1,,,,,,,12510.0,2012,624,609,0,0,0,0,0,18.0,1.0,,,8.0,40.0,2012,MIS4_to_MIS8,indiana,0,2011-2012,1,0,0,0,retention
22911380992391,1,1.0,1,4,2,8800,88001,1,1,32,18,0,0,3.0,2.0,,0,3,44,1.0,2,41,1,,2,1,2,1,2,57,57,57,1,0,0,2.0,1.0,,40.0,,40.0,,,,,,2.0,2.0,0.0,1,2.0,,1.0,1350.0,540.0,2.0,2.0,,,,15510.6223,3701.1379,0,0,1.0,1.0,0,0,40608,2,,,3.0,,,,3745.673,7870.0,5140.0,-1,,,,,,,12663.0,2011,612,609,0,0,0,0,0,14.0,17.0,40.0,2011,1.0,1,8,2,8800,88001,1,32,18,0,0,3.0,2.0,,0,3,45,1.0,2,41,1,,1,2,1,2,57,57,57,1,0,0,2.0,1.0,,40.0,,40.0,,,,,,2.0,5.0,0.0,1,2.0,1.0,1.0,1300.0,500.0,2.0,2.0,,,,11593.3727,2801.7046,0,0,0.0,1.0,0,0,66322,2,,,5.0,,,,2857.9271,7870.0,5140.0,-1,,,,,,,12554.0,2012,624,609,0,0,0,0,0,16.0,1.0,,,17.0,40.0,2012,MIS4_to_MIS8,indiana,0,2011-2012,0,1,0,1,retention
320982091113299,1,1.0,1,4,2,8800,88001,1,1,32,18,0,0,3.0,2.0,,0,3,51,1.0,2,39,1,,2,1,2,1,2,57,57,57,1,0,0,2.0,1.0,,40.0,,40.0,,,,,,2.0,2.0,0.0,1,2.0,2.0,2.0,,461.0,2.0,2.0,,,,10362.7761,2618.5165,0,0,1.0,,0,42,40607,2,1.0,,,,,,2654.8348,7870.0,9410.0,-1,,,,,,,12708.0,2011,612,609,0,0,0,0,0,12.0,22.0,40.0,2011,1.0,1,8,2,8800,88001,1,32,18,0,0,3.0,2.0,,0,3,53,1.0,2,39,1,,1,2,1,2,57,57,57,1,0,0,2.0,1.0,,40.0,,40.0,,,,,,2.0,2.0,0.0,1,1.0,1.0,1.0,1900.0,500.0,2.0,2.0,,,,11230.8091,2739.7401,0,0,1.0,1.0,0,0,44874,2,1.0,,,,,,2768.5501,7870.0,5120.0,-1,,,,,,,12599.0,2012,624,609,0,0,0,0,0,12.0,1.0,,,17.0,40.0,2012,MIS4_to_MIS8,indiana,0,2011-2012,1,0,0,0,retention
191913906090838,1,1.0,1,4,2,8800,88001,1,1,32,18,33140,91,,1.0,,2,1,56,2.0,2,44,1,,1,1,1,1,2,57,57,57,1,0,0,1.0,5.0,,,,,,,,,,1.0,3.0,0.0,2,,,,,,,,,,,10128.0863,2572.032,0,0,,,0,0,40548,1,,,,,,2.0,2550.5359,7860.0,2320.0,-1,,,,,,,12818.0,2011,612,609,0,0,0,0,0,18.0,8.0,40.0,2011,1.0,1,8,2,8800,88001,1,32,18,33140,91,,1.0,,2,1,57,2.0,2,44,1,,1,1,1,2,57,57,57,1,0,0,1.0,5.0,,,,,,,,,,1.0,,,2,,,,,,,,,,,10086.9852,2644.6467,0,0,,,0,0,8889,1,,,,,,2.0,2564.6855,,,-1,,,,,,,12714.0,2012,624,609,0,0,0,0,0,18.0,1.0,,,,,2012,MIS4_to_MIS8,indiana,0,2011-2012,0,1,0,0,retention
3903903199786,1,1.0,4,4,2,8800,88001,1,1,21,36,35620,47,1.0,1.0,,7,1,22,,2,39,2,,1,1,1,7,2,57,57,57,1,0,0,,1.0,,40.0,5.0,32.0,,,5.0,,,4.0,3.0,0.0,1,2.0,,1.0,900.0,360.0,2.0,2.0,2.0,,,11705.9496,2860.8569,2,1,1.0,1.0,0,41,38888,1,2.0,6.0,,,,,2852.7141,8570.0,4430.0,-1,,,,,,,23511.0,2011,612,609,0,1,0,0,1,10.0,15.0,44.0,2011,1.0,4,8,2,8800,88001,1,21,36,35620,47,1.0,1.0,,7,1,24,,2,39,2,,1,1,7,2,57,57,57,1,0,0,1.0,7.0,,,,,,,,,,1.0,4.0,0.0,2,,,,,,,,2.0,,,13451.914,3278.2648,2,1,,,0,0,1621,1,2.0,6.0,,,,,3263.1514,6180.0,3955.0,-1,,,,,,,23143.0,2012,624,609,0,1,0,0,1,10.0,2.0,,,12.0,23.0,2012,MIS4_to_MIS8,new_york,0,2011-2012,0,1,0,1,retention
7243360920398,1,1.0,1,4,2,8800,88001,1,1,21,36,35620,81,1.0,1.0,,7,1,58,2.0,2,43,4,,1,1,1,1,2,341,341,341,4,0,10,1.0,1.0,,40.0,,40.0,,,,,,2.0,3.0,0.0,1,2.0,2.0,2.0,,326.0,1.0,,,,,13207.7325,3268.355,0,0,1.0,,0,0,63252,1,,,,2.0,,,3254.304,7860.0,5120.0,-1,,,,,,,23513.0,2011,612,609,0,0,0,0,0,16.0,17.0,40.0,2011,1.0,1,8,2,8800,88001,1,21,36,35620,81,1.0,1.0,,7,1,59,2.0,2,39,4,,1,1,1,2,341,341,341,4,0,10,1.0,1.0,,35.0,,35.0,,,,,,2.0,3.0,0.0,1,2.0,2.0,2.0,,335.0,1.0,,,,,13449.5743,3303.1742,0,0,1.0,,0,0,56173,1,1.0,,,,,,3301.5453,7860.0,5120.0,-1,,,,,,,23145.0,2012,624,609,0,0,0,0,0,12.0,4.0,,,17.0,40.0,2012,MIS4_to_MIS8,new_york,0,2011-2012,1,0,0,0,retention
7243360920398,1,1.0,1,4,2,8800,88001,1,1,21,36,35620,81,1.0,1.0,,7,3,55,1.0,1,43,1,,2,1,2,1,2,341,341,341,4,0,10,2.0,1.0,,40.0,,40.0,,,,,,2.0,3.0,0.0,1,2.0,2.0,2.0,,865.0,1.0,,,,,16412.9481,4102.9289,0,0,1.0,,0,0,63252,2,,,,2.0,,,4208.0555,7860.0,4220.0,-1,,,,,,,23514.0,2011,612,609,0,0,0,0,0,16.0,14.0,40.0,2011,1.0,1,8,2,8800,88001,1,21,36,35620,81,1.0,1.0,,7,3,56,1.0,1,40,1,,1,2,1,2,341,341,341,4,0,10,2.0,7.0,,,,,,11.0,,,,1.0,3.0,0.0,2,,,,,,,,,,,12101.6532,3372.6,0,0,,,0,0,56173,2,,,4.0,,,,3247.6875,7870.0,4220.0,-1,,,,,,,23146.0,2012,624,609,0,0,0,0,0,15.0,1.0,,,14.0,40.0,2012,MIS4_to_MIS8,new_york,0,2011-2012,1,0,0,0,retention
26723360994892,1,1.0,1,4,2,8800,88001,1,1,21,36,35620,85,1.0,1.0,,7,4,25,,1,39,1,,3,2,1,7,2,57,57,57,1,0,0,2.0,1.0,,40.0,,40.0,,,,,,2.0,3.0,0.0,1,2.0,2.0,2.0,,1000.0,1.0,,,,,14827.9231,3694.8665,3,1,0.0,,0,0,53022,3,1.0,,,,,,3723.7367,7790.0,9720.0,-1,,,,,1.0,1.0,23539.0,2011,612,609,0,0,1,0,0,12.0,22.0,39.0,2011,2.0,1,8,2,8800,88001,1,21,36,35620,85,1.0,1.0,,7,4,26,,1,39,1,,2,1,7,2,57,57,57,1,0,0,2.0,1.0,,45.0,,45.0,,,,,,2.0,3.0,0.0,1,1.0,1.0,1.0,1300.0,112.0,1.0,,,,,15712.8416,3945.0956,3,1,1.0,1.0,0,0,14706,3,1.0,,,,,,3943.6468,7790.0,1420.0,-1,,,,,1.0,1.0,23169.0,2012,624,609,0,0,1,0,0,12.0,1.0,,,4.0,39.0,2012,MIS4_to_MIS8,new_york,0,2011-2012,1,0,0,0,retention
57863360946091,1,1.0,7,4,2,8800,88001,1,1,21,36,35620,47,1.0,1.0,,7,2,63,,2,44,2,,1,0,0,7,2,333,333,333,5,0,5,1.0,1.0,,40.0,,40.0,,,,,,2.0,2.0,0.0,1,2.0,1.0,1.0,4200.0,1865.0,1.0,,,,,17996.7296,3551.6498,0,0,1.0,1.0,0,0,24832,1,,,,,,3.0,3549.7684,7860.0,2540.0,-1,,,,,,,23553.0,2011,612,609,0,0,0,0,0,18.0,8.0,40.0,2011,1.0,7,8,2,8800,88001,1,21,36,35620,47,1.0,1.0,,7,2,64,,2,44,2,,0,0,7,2,333,333,333,5,0,5,1.0,1.0,,40.0,,40.0,,,,,,2.0,3.0,0.0,1,2.0,2.0,2.0,,692.0,1.0,,,,,12322.3708,2634.4061,0,0,1.0,,0,0,29249,1,,,,,,3.0,2621.6862,7860.0,2540.0,-1,,,,,,,23186.0,2012,624,609,0,0,0,0,0,18.0,2.0,,,8.0,40.0,2012,MIS4_to_MIS8,new_york,0,2011-2012,1,0,0,0,retention
231395039600655,1,1.0,1,4,2,8800,88001,1,1,21,36,35620,81,1.0,1.0,,7,1,39,2.0,1,43,1,4.0,1,1,1,1,2,329,329,329,4,0,5,1.0,1.0,,35.0,,35.0,,,,,,2.0,2.0,0.0,1,2.0,1.0,1.0,5200.0,1250.0,1.0,,,,,16264.3017,4057.4106,8,2,0.0,1.0,0,0,15743,1,,,,2.0,,,4116.1421,7870.0,1107.0,-1,,,,,,,23637.0,2011,612,609,0,1,1,0,1,16.0,3.0,40.0,2011,2.0,1,8,2,8800,88001,1,21,36,35620,81,1.0,1.0,,7,1,40,2.0,1,44,1,4.0,1,1,1,2,329,329,329,4,0,5,2.0,1.0,,40.0,,40.0,,,,,,2.0,4.0,0.0,1,2.0,2.0,2.0,,961.0,2.0,2.0,,,,15011.1261,3681.6391,8,2,1.0,,0,0,14649,1,,,,,,2.0,3670.4129,7870.0,1050.0,-1,,,,,,,23277.0,2012,624,609,0,1,1,0,1,18.0,1.0,,,3.0,40.0,2012,MIS4_to_MIS8,new_york,0,2011-2012,0,1,0,1,retention
303901213394716,1,1.0,1,4,2,8800,88001,1,1,21,36,35620,81,1.0,1.0,,7,1,52,2.0,2,39,2,,1,1,1,1,2,57,78,333,1,0,0,1.0,1.0,,40.0,,42.0,,,,,,2.0,2.0,0.0,1,2.0,1.0,1.0,1235.0,498.0,1.0,,,,,13286.7753,3441.618,0,0,1.0,1.0,0,0,1631,1,1.0,,,,,,3439.7949,9570.0,5000.0,-1,,,,,,,23661.0,2011,612,609,0,0,0,0,0,12.0,17.0,51.0,2011,1.0,1,8,2,8800,88001,1,21,36,35620,81,1.0,1.0,,7,1,53,2.0,2,39,2,,1,1,1,2,57,78,333,1,0,0,1.0,1.0,,40.0,,40.0,,,,,,2.0,3.0,0.0,1,2.0,,1.0,900.0,360.0,1.0,,,,,11436.1058,3031.2008,0,0,1.0,1.0,0,42,64795,1,1.0,,,,,,3016.5651,6180.0,9000.0,-1,,,,,,,23304.0,2012,624,609,0,0,0,0,0,12.0,2.0,,,22.0,23.0,2012,MIS4_to_MIS8,new_york,0,2011-2012,1,0,0,0,retention
330609972548381,1,2.0,1,4,2,8800,88001,1,1,21,36,35620,47,1.0,1.0,,7,1,35,2.0,1,43,1,,1,1,1,1,2,57,57,57,1,0,0,2.0,2.0,4.0,60.0,,,,,,,,5.0,3.0,0.0,1,1.0,,1.0,1200.0,750.0,1.0,,,,,13059.2239,3259.5347,1,1,1.0,1.0,0,0,4506,1,,,,2.0,,,3305.0064,9470.0,3820.0,-1,,,,,,,23707.0,2011,612,609,1,0,0,0,1,16.0,12.0,51.0,2011,2.0,1,8,2,8800,88001,1,21,36,35620,47,1.0,1.0,,7,1,36,2.0,1,43,1,,1,1,1,2,57,57,57,1,0,0,2.0,1.0,,60.0,5.0,1.0,,,5.0,,,4.0,3.0,0.0,1,1.0,,1.0,6000.0,2884.61,1.0,,,,,14246.1337,3445.3416,1,1,0.0,0.0,0,0,5538,1,,,,2.0,,,3483.3624,9470.0,3820.0,-1,,,,,,,23361.0,2012,624,609,1,0,0,0,1,16.0,1.0,,,12.0,51.0,2012,MIS4_to_MIS8,new_york,0,2011-2012,1,0,0,0,retention
393923107054615,1,1.0,7,4,2,8800,88001,1,1,21,36,35620,5,1.0,1.0,,7,2,54,,2,41,2,,1,0,0,7,2,57,57,57,1,0,0,1.0,1.0,,38.0,,53.0,,,,,,2.0,3.0,0.0,1,2.0,1.0,1.0,760.0,510.0,1.0,,,,,13286.7753,3441.618,0,0,0.0,1.0,0,0,1391,1,,,5.0,,,,3439.7949,7860.0,2310.0,2340,,,,,,,23785.0,2011,612,609,0,0,0,0,0,16.0,8.0,40.0,2011,1.0,7,8,2,8800,88001,1,21,36,35620,5,1.0,1.0,,7,2,55,,2,41,2,,0,0,7,2,57,57,57,1,0,0,1.0,6.0,,,,,,,,,,1.0,3.0,0.0,2,,,,,,,,,,,9797.7582,2634.4061,0,0,,,0,0,29116,1,,,5.0,,,,2671.0717,7860.0,2540.0,-1,,,,,,,23437.0,2012,624,609,0,0,0,0,0,16.0,2.0,,,8.0,40.0,2012,MIS4_to_MIS8,new_york,0,2011-2012,1,0,0,0,retention
394993707044611,1,1.0,4,4,2,8800,88001,1,1,21,36,35620,81,1.0,1.0,,7,1,32,,2,44,1,2.0,1,1,1,7,2,57,57,73,1,0,0,1.0,1.0,,33.0,,33.0,,,22.0,,,7.0,3.0,0.0,1,2.0,1.0,1.0,3550.0,1153.84,1.0,,,,,12482.0236,3017.4173,3,1,0.0,0.0,0,0,36480,1,,,,,,2.0,3127.7498,7860.0,2330.0,-1,,,,,,,23792.0,2011,612,609,0,0,1,0,0,18.0,8.0,40.0,2011,1.0,4,8,2,8800,88001,1,21,36,35620,81,1.0,1.0,,7,1,33,,2,44,1,2.0,1,1,7,2,57,57,73,1,0,0,1.0,1.0,,33.0,,33.0,,,22.0,,,7.0,3.0,0.0,1,2.0,1.0,1.0,2387.0,1384.61,1.0,,,,,15148.2028,3860.2859,3,1,0.0,1.0,0,0,29474,1,,,,,,2.0,3797.411,7860.0,2330.0,-1,,,,,,,23444.0,2012,624,609,0,0,1,0,0,18.0,1.0,,,8.0,40.0,2012,MIS4_to_MIS8,new_york,0,2011-2012,1,0,0,0,retention
511462097833949,1,2.0,1,4,2,8801,88011,1,1,21,36,35620,81,1.0,1.0,,7,1,35,2.0,1,39,4,,1,1,1,1,2,341,341,341,4,0,11,2.0,1.0,,40.0,,40.0,,,,,,2.0,3.0,0.0,1,2.0,2.0,2.0,,1000.0,1.0,,,,,12268.2393,3085.6078,0,0,0.0,,0,0,56582,1,1.0,,,,,,3104.8254,9470.0,7200.0,-1,,,,,,,23875.0,2011,612,609,0,0,0,0,0,12.0,20.0,51.0,2011,3.0,1,8,2,8801,88011,1,21,36,35620,81,1.0,1.0,,7,1,36,2.0,1,39,4,,1,1,1,2,341,341,341,4,0,11,2.0,1.0,,40.0,,40.0,,,,,,2.0,3.0,0.0,1,2.0,2.0,2.0,,1442.0,1.0,,,,,15794.2025,3839.7252,0,0,1.0,,0,0,29478,1,1.0,,,,,,3861.8851,9470.0,7200.0,-1,,,,,,,23518.0,2012,624,609,0,0,0,0,0,12.0,4.0,,,20.0,51.0,2012,MIS4_to_MIS8,new_york,0,2011-2012,1,0,0,0,retention
533399829600840,1,1.0,6,4,2,8800,88001,1,1,21,36,15380,0,1.0,1.0,1.0,5,2,56,,1,43,1,2.0,1,0,0,7,2,57,73,73,1,0,0,1.0,1.0,,40.0,,40.0,,,,,,2.0,3.0,0.0,1,2.0,2.0,2.0,,961.0,2.0,2.0,,,,10153.4462,2545.9546,0,0,1.0,,0,42,44746,1,,,,2.0,,,2603.2048,8370.0,2010.0,-1,,,,,,,23879.0,2011,612,609,0,0,0,0,0,16.0,6.0,43.0,2011,1.0,6,8,2,8800,88001,1,21,36,15380,0,1.0,1.0,1.0,5,2,57,,1,40,1,2.0,0,0,7,2,57,73,73,1,0,0,1.0,5.0,,,,,,,,,,1.0,,,2,,,,,,,,,,,9386.4073,2676.2739,0,0,,,0,0,29180,1,,,5.0,,,,2519.0044,,,-1,,,,,,,23522.0,2012,624,609,0,0,0,0,0,16.0,1.0,,,,,2012,MIS4_to_MIS8,new_york,0,2011-2012,0,1,0,0,retention
563043033900393,1,1.0,1,4,2,8800,88001,1,1,21,36,35620,81,1.0,1.0,,7,1,46,2.0,2,44,2,,1,1,1,1,2,57,57,57,1,0,0,1.0,1.0,,30.0,,30.0,,,22.0,,,7.0,3.0,0.0,1,2.0,2.0,2.0,,2000.0,1.0,,,,,13044.9773,3378.9861,8,2,0.0,,0,0,1629,1,,,,,,2.0,3377.1961,7860.0,2310.0,-1,,,,,,,23883.0,2011,612,609,0,1,1,0,1,18.0,8.0,40.0,2011,1.0,1,8,2,8800,88001,1,21,36,35620,81,1.0,1.0,,7,1,47,2.0,2,44,2,,1,1,1,2,57,57,57,1,0,0,1.0,1.0,,35.0,,35.0,,,,,,2.0,3.0,0.0,1,2.0,2.0,2.0,,1000.0,1.0,,,,,12457.5491,3301.9398,8,2,0.0,,0,0,14647,1,,,,,,2.0,3285.9968,7860.0,2310.0,-1,,,,,,,23526.0,2012,624,609,0,1,1,0,1,18.0,2.0,,,8.0,40.0,2012,MIS4_to_MIS8,new_york,0,2011-2012,1,0,0,0,retention
663562073905797,1,2.0,1,4,2,8800,88001,1,1,21,36,15380,0,1.0,1.0,,5,3,29,1.0,2,43,1,,2,1,2,1,2,57,57,57,1,0,0,2.0,1.0,,40.0,,40.0,,,,,,2.0,2.0,0.0,1,2.0,2.0,2.0,,461.53,1.0,,,,,15895.3281,3903.6986,0,0,0.0,,0,0,38884,2,,,,2.0,,,3983.0568,7870.0,5000.0,-1,,,,,,,23939.0,2011,612,609,0,0,0,0,0,16.0,17.0,40.0,2011,2.0,1,8,2,8800,88001,1,21,36,15380,0,1.0,1.0,,5,3,30,1.0,2,43,1,,1,2,1,2,57,57,57,1,0,0,1.0,1.0,,38.0,,38.0,,,,,,2.0,2.0,0.0,1,2.0,2.0,2.0,,826.92,1.0,,,,,13496.7859,3369.8773,0,0,0.0,,0,0,14347,2,,,,2.0,,,3383.4273,7870.0,5700.0,-1,,,,,,,23572.0,2012,624,609,0,0,0,0,0,16.0,1.0,,,17.0,40.0,2012,MIS4_to_MIS8,new_york,0,2011-2012,1,0,0,0,retention
700968095933769,1,1.0,7,4,2,8800,88001,1,1,21,36,45060,67,1.0,1.0,,4,2,57,,2,41,1,,1,0,0,7,2,57,57,57,1,0,0,1.0,1.0,,40.0,,40.0,,,,,,2.0,2.0,0.0,1,2.0,,1.0,1500.0,600.0,2.0,2.0,,,,11705.9336,2840.5592,0,0,1.0,1.0,0,42,59409,1,,,3.0,,,,2884.27,8190.0,3255.0,-1,,,,,,,23989.0,2011,612,609,0,0,0,0,0,14.0,10.0,41.0,2011,1.0,7,8,2,8800,88001,1,21,36,45060,67,1.0,1.0,,4,2,58,,2,42,1,,0,0,7,2,57,57,57,1,0,0,1.0,1.0,,40.0,,40.0,,,,,,2.0,4.0,0.0,1,2.0,2.0,2.0,,2884.61,2.0,1.0,,,,11344.0002,2739.5197,0,0,0.0,,0,0,14607,1,,,3.0,,,,2784.6777,8190.0,3255.0,-1,,,,,,,23618.0,2012,624,609,0,0,0,0,0,14.0,1.0,,,10.0,41.0,2012,MIS4_to_MIS8,new_york,0,2011-2012,0,1,0,1,retention
860962092233479,1,2.0,3,4,2,8800,88001,1,1,21,36,35620,85,1.0,1.0,,7,4,31,,1,43,1,,2,1,3,7,2,57,57,57,1,0,0,2.0,1.0,,40.0,,40.0,,,,,,2.0,3.0,0.0,1,2.0,2.0,2.0,,900.0,1.0,,,,,14221.2756,3551.3962,0,0,1.0,,0,0,53021,2,,,,2.0,,,3571.3893,9470.0,3850.0,-1,,,,,,1.0,24120.0,2011,612,609,0,0,0,0,0,16.0,12.0,51.0,2011,1.0,3,8,2,8800,88001,1,21,36,35620,85,1.0,1.0,,7,4,32,,1,42,1,,1,3,7,2,57,57,57,1,0,0,2.0,1.0,,40.0,,40.0,,,,,,2.0,3.0,0.0,1,1.0,2.0,2.0,,1346.0,1.0,,,,,13037.4473,3243.2672,0,0,1.0,,0,0,49121,2,,,3.0,,,,3272.1699,9470.0,3850.0,-1,,,,,,1.0,23759.0,2012,624,609,0,0,0,0,0,14.0,1.0,,,12.0,51.0,2012,MIS4_to_MIS8,new_york,0,2011-2012,1,0,0,0,retention
903908993693406,1,1.0,1,4,2,8800,88001,1,1,21,36,15380,0,1.0,1.0,,5,1,49,2.0,1,39,1,,1,1,1,1,2,57,57,57,1,0,0,1.0,1.0,,40.0,,40.0,,,,,,2.0,3.0,1.0,1,2.0,2.0,2.0,,1200.0,1.0,,,,,12999.0092,3122.6225,4,1,1.0,,0,42,52893,1,1.0,,,,,,3212.42,190.0,1640.0,-1,,,,,,,24145.0,2011,612,609,0,0,0,1,0,12.0,5.0,2.0,2011,1.0,1,8,2,8800,88001,1,21,36,15380,0,1.0,1.0,,5,1,50,2.0,1,39,1,,1,1,1,2,57,57,57,1,0,0,1.0,1.0,,40.0,,40.0,,,,,,2.0,3.0,0.0,1,1.0,1.0,1.0,2200.0,961.0,1.0,,,,,11469.4943,2913.5529,4,1,1.0,1.0,0,0,40763,1,1.0,,,,,,2913.9035,7790.0,7210.0,-1,,,,,,,23782.0,2012,624,609,0,0,0,1,0,12.0,1.0,,,20.0,39.0,2012,MIS4_to_MIS8,new_york,0,2011-2012,1,0,0,0,retention
947016498339250,1,4.0,1,4,2,8800,88001,1,1,21,36,35620,81,1.0,1.0,,7,3,45,1.0,2,38,2,,2,1,2,1,2,368,368,368,5,0,15,2.0,1.0,,40.0,,40.0,,,,,,2.0,3.0,0.0,1,2.0,1.0,1.0,725.0,300.0,1.0,,,,,13044.9773,3378.9861,0,0,0.0,0.0,0,0,44913,2,,,,,,,3377.1961,8170.0,3600.0,-1,,,,,,,24205.0,2011,612,609,0,0,0,0,0,12.0,11.0,42.0,2011,4.0,1,8,2,8800,88001,1,21,36,35620,81,1.0,1.0,,7,3,46,1.0,2,39,2,,1,2,1,2,368,368,368,5,0,15,2.0,7.0,,,,,,,,,,1.0,4.0,0.0,2,,,,,,,,,,,12280.418,3301.9398,0,0,,,0,0,64796,2,1.0,,,,,,3347.8962,8180.0,4610.0,-1,,,,,,,23853.0,2012,624,609,0,0,0,0,0,12.0,2.0,,,15.0,42.0,2012,MIS4_to_MIS8,new_york,0,2011-2012,0,1,0,1,retention
3906273694526,1,2.0,1,4,2,8800,88001,1,1,21,36,10580,0,2.0,1.0,,4,1,67,2.0,1,34,1,,1,1,1,1,2,57,57,57,1,0,0,2.0,1.0,,40.0,,50.0,,,,,,2.0,3.0,0.0,1,2.0,,1.0,1600.0,640.0,1.0,,,,,12077.5704,2753.2198,0,0,0.0,0.0,0,0,25022,1,,,,,,,2799.9189,770.0,6320.0,-1,,,,,,,24290.0,2011,612,609,0,0,0,0,0,7.5,19.0,4.0,2011,2.0,1,8,2,8800,88001,1,21,36,10580,0,2.0,1.0,,4,1,68,2.0,1,34,1,,1,1,1,2,57,57,57,1,0,0,2.0,1.0,,40.0,,46.0,,,,,,2.0,3.0,0.0,1,2.0,1.0,1.0,1100.0,769.23,1.0,,,,,12040.183,2948.5793,0,0,0.0,1.0,0,0,14691,1,,,,,,,2895.8229,770.0,6320.0,-1,,,,,,,23940.0,2012,624,609,0,0,0,0,0,7.5,1.0,,,19.0,4.0,2012,MIS4_to_MIS8,new_york,0,2011-2012,1,0,0,0,retention
3906273694526,1,2.0,1,4,2,8800,88001,1,1,21,36,10580,0,2.0,1.0,,4,3,51,1.0,2,39,1,,2,1,2,1,2,57,57,57,1,0,0,1.0,1.0,,21.0,,21.0,,,18.0,,,7.0,3.0,0.0,1,2.0,,1.0,1200.0,252.0,2.0,2.0,,,,11289.4891,2816.2597,0,0,0.0,0.0,0,0,25022,2,1.0,,,,,,2892.249,7790.0,7700.0,-1,,,,,,,24291.0,2011,612,609,0,0,0,0,0,12.0,21.0,39.0,2011,2.0,1,8,2,8800,88001,1,21,36,10580,0,2.0,1.0,,4,3,52,1.0,2,39,1,,1,2,1,2,57,57,57,1,0,0,1.0,1.0,,25.0,,25.0,,,23.0,,,7.0,3.0,0.0,1,2.0,,1.0,1235.0,308.75,2.0,2.0,,,,11662.7978,2838.0421,0,0,0.0,0.0,0,0,14691,2,1.0,,,,,,2875.0413,7790.0,9000.0,-1,,,,,,,23941.0,2012,624,609,0,0,0,0,0,12.0,1.0,,,22.0,39.0,2012,MIS4_to_MIS8,new_york,0,2011-2012,1,0,0,0,retention
20966095833129,1,2.0,1,4,2,8800,88001,1,1,21,36,35620,59,2.0,1.0,,7,3,42,1.0,2,44,1,,2,1,2,1,2,57,57,57,1,0,0,1.0,1.0,,38.0,,38.0,,,,,,2.0,3.0,0.0,1,2.0,2.0,2.0,,1250.0,1.0,,,,,15687.8903,3695.6412,2,2,1.0,,0,0,11870,2,,,,,,2.0,3788.4816,7860.0,2310.0,-1,,,,,,,24299.0,2011,612,609,0,1,0,0,1,18.0,8.0,40.0,2011,1.0,1,8,2,8800,88001,1,21,36,35620,59,2.0,1.0,,7,3,44,1.0,2,44,1,,1,2,1,2,57,57,57,1,0,0,2.0,1.0,,38.0,,38.0,,,,,,2.0,3.0,0.0,1,2.0,2.0,2.0,,1500.0,1.0,,,,,15221.6058,3747.5219,3,2,0.0,,0,0,14517,2,,,,,,2.0,3774.0008,7860.0,2310.0,-1,,,,,,,23950.0,2012,624,609,0,0,1,0,0,18.0,1.0,,,8.0,40.0,2012,MIS4_to_MIS8,new_york,0,2011-2012,1,0,0,0,retention
34397769600858,1,1.0,1,4,2,8800,88001,1,1,21,36,35620,59,2.0,1.0,,7,1,60,2.0,2,42,1,,1,1,1,1,2,57,57,57,1,0,0,1.0,1.0,,40.0,,40.0,,,,,,2.0,3.0,0.0,1,2.0,1.0,1.0,1500.0,600.0,1.0,,,,,14337.4047,3385.1821,0,0,1.0,1.0,0,0,24903,1,,,3.0,,,,3477.7106,8190.0,3255.0,-1,,,,,,,24309.0,2011,612,609,0,0,0,0,0,14.0,10.0,41.0,2011,1.0,1,8,2,8800,88001,1,21,36,35620,59,2.0,1.0,,7,1,61,2.0,2,42,1,,1,1,1,2,57,57,57,1,0,0,1.0,1.0,,35.0,,35.0,,,,,,2.0,3.0,0.0,1,2.0,,1.0,3300.0,1155.0,1.0,,,,,13335.4569,3091.1846,0,0,1.0,1.0,0,0,5556,1,,,3.0,,,,3115.1532,8190.0,3255.0,-1,,,,,,,23958.0,2012,624,609,0,0,0,0,0,14.0,1.0,,,10.0,41.0,2012,MIS4_to_MIS8,new_york,0,2011-2012,1,0,0,0,retention
38953360948891,1,1.0,1,4,2,8800,88001,1,1,21,36,35620,103,2.0,1.0,,7,1,50,2.0,2,44,1,,1,1,1,1,2,57,57,57,1,0,0,1.0,1.0,,20.0,,20.0,,,17.0,,,7.0,2.0,0.0,1,2.0,1.0,1.0,5700.0,190.0,1.0,,,,,12038.4633,3003.0977,10,4,1.0,1.0,0,0,53044,1,,,,,,2.0,3084.1284,7860.0,2310.0,-1,,,,,,,24313.0,2011,612,609,0,0,1,1,0,18.0,8.0,40.0,2011,1.0,1,8,2,8800,88001,1,21,36,35620,103,2.0,1.0,,7,1,51,2.0,2,44,1,,1,1,1,2,57,57,57,1,0,0,1.0,1.0,,24.0,,16.0,,,18.0,,,7.0,3.0,0.0,1,2.0,2.0,2.0,,400.0,2.0,2.0,,,,12309.7012,2995.4606,10,4,0.0,,0,0,70717,1,,,,,,2.0,3034.512,7860.0,2310.0,-1,,,,,,,23962.0,2012,624,609,0,0,1,1,0,18.0,1.0,,,8.0,40.0,2012,MIS4_to_MIS8,new_york,0,2011-2012,1,0,0,0,retention
42253360995795,1,1.0,1,4,2,8800,88001,1,1,21,36,10580,0,2.0,1.0,,4,3,61,1.0,2,44,1,,2,1,2,1,2,57,57,57,1,0,0,1.0,5.0,,,,,,,,,,1.0,2.0,0.0,2,,,,,,,,,,,12150.3821,3174.5727,0,0,,,0,0,4482,2,,,,,,2.0,3064.1062,9480.0,1760.0,-1,,,,,,,24321.0,2011,612,609,0,0,0,0,0,18.0,5.0,51.0,2011,1.0,1,8,2,8800,88001,1,21,36,10580,0,2.0,1.0,,4,3,62,1.0,2,44,1,,1,2,1,2,57,57,57,1,0,0,2.0,5.0,,,,,,,,,,1.0,,,2,,,,,,,,,,,11610.6669,2928.7357,0,0,,,0,0,5502,2,,,,,,2.0,2908.0903,,,-1,,,,,,,23971.0,2012,624,609,0,0,0,0,0,18.0,1.0,,,,,2012,MIS4_to_MIS8,new_york,0,2011-2012,0,1,0,0,retention
53533360970692,1,1.0,1,4,2,8800,88001,1,1,21,36,35620,59,2.0,1.0,,7,1,55,2.0,2,43,1,,1,1,1,1,2,57,57,154,1,0,0,2.0,1.0,,40.0,,40.0,,,,,,2.0,3.0,0.0,1,2.0,1.0,1.0,900.0,2500.0,1.0,,,,,12185.1614,2956.8485,0,0,0.0,1.0,0,0,38893,1,,,,2.0,,,3002.3487,9470.0,3850.0,-1,,,,,,,24330.0,2011,612,609,0,0,0,0,0,16.0,12.0,51.0,2011,1.0,1,8,2,8800,88001,1,21,36,35620,59,2.0,1.0,,7,1,56,2.0,2,43,1,,1,1,1,2,57,57,154,1,0,0,1.0,1.0,,40.0,,40.0,,,,,,2.0,3.0,0.0,1,2.0,2.0,2.0,,1153.84,1.0,,,,,11814.7677,2853.2077,0,0,0.0,,0,0,14514,1,,,,2.0,,,2900.2398,9470.0,3820.0,-1,,,,,,,23982.0,2012,624,609,0,0,0,0,0,16.0,1.0,,,12.0,51.0,2012,MIS4_to_MIS8,new_york,0,2011-2012,1,0,0,0,retention
53533360970692,1,1.0,1,4,2,8800,88001,1,1,21,36,35620,59,2.0,1.0,,7,3,56,1.0,1,40,1,,2,1,2,1,2,57,57,57,1,0,0,1.0,1.0,,40.0,10.0,32.0,,,10.0,,,4.0,3.0,0.0,1,2.0,1.0,1.0,1550.0,571.42,2.0,2.0,,,,11807.5511,2932.9401,0,0,0.0,0.0,0,0,38893,2,,,3.0,,,,3027.2947,7860.0,3930.0,-1,,,,,,,24331.0,2011,612,609,0,0,0,0,0,14.0,12.0,40.0,2011,1.0,1,8,2,8800,88001,1,21,36,35620,59,2.0,1.0,,7,3,58,1.0,1,40,1,,1,2,1,2,57,57,57,1,0,0,2.0,1.0,,40.0,,40.0,,,,,,2.0,3.0,0.0,1,2.0,2.0,2.0,,100.0,2.0,2.0,,,,12559.2611,3006.4652,0,0,0.0,,0,0,14514,2,,,2.0,,,,3072.657,7860.0,3930.0,-1,,,,,,,23983.0,2012,624,609,0,0,0,0,0,13.0,1.0,,,12.0,40.0,2012,MIS4_to_MIS8,new_york,0,2011-2012,1,0,0,0,retention
79413360997994,1,2.0,3,4,2,8800,88001,1,1,21,36,45060,0,2.0,1.0,,4,6,47,3.0,2,39,1,,2,2,1,1,2,57,57,57,1,0,0,1.0,1.0,,-4.0,,8.0,,,18.0,,,7.0,2.0,0.0,1,1.0,,1.0,1749.0,138.0,2.0,2.0,,,,11778.1864,2958.6208,0,0,1.0,0.0,0,0,1607,2,1.0,,,,,,3017.4481,6180.0,9120.0,-1,,,,,,,24368.0,2011,612,609,0,0,0,0,0,12.0,22.0,23.0,2011,2.0,3,8,2,8800,88001,1,21,36,45060,0,2.0,1.0,,4,6,48,3.0,2,39,1,,2,1,1,2,57,57,57,1,0,0,1.0,1.0,,25.0,,25.0,,,18.0,,,7.0,2.0,0.0,1,2.0,2.0,2.0,,400.0,2.0,2.0,,,,12039.3073,2902.2299,0,0,0.0,,0,0,1767,2,1.0,,,,,,2967.8562,7860.0,9120.0,-1,,,,,,,24006.0,2012,624,609,0,0,0,0,0,12.0,1.0,,,22.0,40.0,2012,MIS4_to_MIS8,new_york,0,2011-2012,1,0,0,0,retention
87423360970998,1,1.0,4,4,2,8800,88001,1,1,21,36,10580,0,2.0,1.0,,4,1,66,,2,36,1,,1,1,1,4,2,57,57,57,1,0,0,1.0,1.0,,40.0,,36.0,,,,,,2.0,2.0,0.0,1,2.0,2.0,2.0,,650.0,1.0,,,,,10580.0373,2767.4296,3,2,0.0,,0,0,36496,1,,,,,,,2755.9573,7870.0,5120.0,4110,,,,,,,24372.0,2011,612,609,0,0,1,0,0,10.0,17.0,40.0,2011,1.0,4,8,2,8800,88001,1,21,36,10580,0,2.0,1.0,,4,1,68,,2,36,1,,1,1,4,2,57,57,57,1,0,0,1.0,1.0,,40.0,4.0,28.0,,,4.0,,,4.0,2.0,0.0,1,2.0,,1.0,1500.0,600.0,1.0,,,,,10445.4089,2693.0008,3,2,0.0,0.0,0,0,40988,1,,,,,,,2670.424,7870.0,5120.0,4110,,,,,,,24010.0,2012,624,609,0,0,1,0,0,10.0,1.0,,,17.0,40.0,2012,MIS4_to_MIS8,new_york,0,2011-2012,1,0,0,0,retention
87423360970998,1,1.0,4,4,2,8800,88001,1,1,21,36,10580,0,2.0,1.0,,4,14,25,,1,41,1,,2,0,0,7,2,57,57,57,1,0,0,2.0,1.0,,40.0,,60.0,,,,,,2.0,2.0,0.0,1,2.0,,1.0,1500.0,600.0,1.0,,,,,13741.2678,3402.3673,0,0,0.0,0.0,0,0,36496,2,,,3.0,,,,3450.8449,770.0,9130.0,-1,,,,,,,24373.0,2011,612,609,0,0,0,0,0,14.0,22.0,4.0,2011,1.0,4,8,2,8800,88001,1,21,36,10580,0,2.0,1.0,,4,14,27,,1,41,1,,0,0,7,2,57,57,57,1,0,0,2.0,1.0,,40.0,4.0,32.0,,,4.0,,,4.0,2.0,0.0,1,2.0,,1.0,1800.0,720.0,1.0,,,,,13553.4774,3387.8709,0,0,1.0,1.0,0,0,40988,2,,,3.0,,,,3401.6844,9570.0,9130.0,-1,,,,,,,24011.0,2012,624,609,0,0,0,0,0,14.0,1.0,,,22.0,51.0,2012,MIS4_to_MIS8,new_york,0,2011-2012,1,0,0,0,retention
239399939600631,1,1.0,1,4,2,8800,88001,1,1,21,36,35620,119,2.0,1.0,,7,1,53,2.0,2,35,1,2.0,1,1,1,1,2,73,73,73,2,0,3,1.0,1.0,,40.0,,40.0,,,,,,2.0,3.0,0.0,1,2.0,2.0,2.0,,120.46,2.0,2.0,,,,11497.5431,2891.7474,0,0,0.0,,0,0,12157,1,,,,,,,2945.5503,8470.0,4600.0,-1,,,,,,,24417.0,2011,612,609,0,0,0,0,0,9.0,15.0,43.0,2011,1.0,1,8,2,8800,88001,1,21,36,35620,119,2.0,1.0,,7,1,54,2.0,2,34,1,2.0,1,1,1,2,73,73,73,2,0,3,1.0,6.0,,,,,,,,,,1.0,3.0,0.0,2,,,,,,,,,,,14417.9425,3716.934,0,0,,,0,0,1891,1,,,,,,,3665.8613,8370.0,4600.0,-1,,,,,,,24060.0,2012,624,609,0,0,0,0,0,7.5,1.0,,,15.0,43.0,2012,MIS4_to_MIS8,new_york,0,2011-2012,1,0,0,0,retention
240962096733449,1,1.0,1,4,2,8800,88001,1,1,21,36,40380,69,2.0,1.0,,5,1,41,2.0,1,44,7,,1,1,1,1,2,57,57,57,1,0,0,1.0,1.0,,-4.0,5.0,4.0,,,5.0,,,4.0,3.0,0.0,1,2.0,2.0,2.0,,2884.61,1.0,,,,,10022.6683,2504.8274,4,1,1.0,,43,42,69475,1,,,,,,2.0,2536.52,7860.0,2310.0,-1,,,,,,,24419.0,2011,612,609,0,0,0,1,0,18.0,8.0,40.0,2011,2.0,1,8,2,8800,88001,1,21,36,40380,69,2.0,1.0,,5,1,42,2.0,1,44,7,,1,1,1,2,57,57,57,1,0,0,2.0,1.0,,45.0,,55.0,,,,,,2.0,3.0,0.0,1,2.0,2.0,2.0,,1538.0,1.0,,,,,14039.3698,3398.0,4,1,1.0,,43,42,29433,1,,,,,,2.0,3432.806,7860.0,2310.0,-1,,,,,,,24062.0,2012,624,609,0,0,0,1,0,18.0,7.0,,,8.0,40.0,2012,MIS4_to_MIS8,new_york,0,2011-2012,1,0,0,0,retention
263223093001006,1,1.0,1,4,2,8800,88001,1,1,21,36,40380,55,2.0,1.0,,5,1,50,2.0,2,44,4,,1,1,1,1,2,210,210,210,4,0,14,1.0,1.0,,6.0,,6.0,,,15.0,,,6.0,3.0,0.0,1,2.0,2.0,2.0,,190.0,2.0,2.0,,,,10484.5814,2680.5232,0,0,0.0,,0,0,36372,1,,,,,,2.0,2686.0401,7860.0,2310.0,-1,,,,,,,24423.0,2011,612,609,0,0,0,0,0,18.0,8.0,40.0,2011,1.0,1,8,2,8800,88001,1,21,36,40380,55,2.0,1.0,,5,1,51,2.0,2,44,4,,1,1,1,2,210,210,210,4,0,14,1.0,1.0,,20.0,,20.0,,,14.0,,,6.0,3.0,0.0,1,2.0,2.0,2.0,,285.0,2.0,2.0,,,,13525.008,3320.9812,0,0,0.0,,0,0,29304,1,,,,,,2.0,3334.102,7860.0,2320.0,-1,,,,,,,24066.0,2012,624,609,0,0,0,0,0,18.0,4.0,,,8.0,40.0,2012,MIS4_to_MIS8,new_york,0,2011-2012,1,0,0,0,retention
306023902030621,1,1.0,1,4,2,8800,88001,1,1,21,36,40380,55,2.0,1.0,,5,3,39,1.0,2,44,1,,2,1,2,1,2,57,57,120,1,0,0,2.0,1.0,,13.0,,13.0,,,18.0,,,7.0,3.0,0.0,1,2.0,,1.0,5700.0,741.0,2.0,2.0,,,,15026.7874,3569.7473,0,0,0.0,0.0,0,0,36371,2,,,,,,3.0,3628.8313,9470.0,3255.0,-1,,,,,,,24445.0,2011,612,609,0,0,0,0,0,18.0,10.0,51.0,2011,1.0,1,8,2,8800,88001,1,21,36,40380,55,2.0,1.0,,5,3,39,1.0,2,44,1,,1,2,1,2,57,57,120,1,0,0,2.0,1.0,,12.0,,12.0,,,18.0,,,7.0,3.0,0.0,1,2.0,,1.0,6000.0,720.0,2.0,2.0,,,,12856.0183,3160.3335,0,0,0.0,0.0,0,0,48992,2,,,,,,3.0,3187.4839,9470.0,3258.0,-1,,,,,,,24081.0,2012,624,609,0,0,0,0,0,18.0,1.0,,,10.0,51.0,2012,MIS4_to_MIS8,new_york,0,2011-2012,1,0,0,0,retention
393973809023698,1,1.0,1,4,2,8800,88001,1,1,21,36,35620,103,2.0,1.0,,7,1,38,2.0,2,44,1,,1,1,1,1,2,57,57,57,1,0,0,1.0,1.0,,40.0,,35.0,,,,,,2.0,3.0,0.0,1,2.0,2.0,2.0,,1846.15,1.0,,,,,16023.7037,3806.5737,0,0,0.0,,0,0,15758,1,,,,,,2.0,3869.5775,7860.0,2310.0,-1,,,,,,,24493.0,2011,612,609,0,0,0,0,0,18.0,8.0,40.0,2011,2.0,1,8,2,8800,88001,1,21,36,35620,103,2.0,1.0,,7,1,39,2.0,2,44,1,,1,1,1,2,57,57,57,1,0,0,2.0,1.0,,40.0,,40.0,,,,,,2.0,3.0,0.0,1,2.0,2.0,2.0,,1980.76,1.0,,,,,13569.1064,3335.6285,0,0,0.0,,0,0,61983,1,,,,,,2.0,3364.2849,7860.0,2310.0,-1,,,,,,,24137.0,2012,624,609,0,0,0,0,0,18.0,1.0,,,8.0,40.0,2012,MIS4_to_MIS8,new_york,0,2011-2012,1,0,0,0,retention
393973809023698,1,1.0,1,4,2,8800,88001,1,1,21,36,35620,103,2.0,1.0,,7,3,30,1.0,1,43,1,,2,1,2,1,2,57,57,57,1,0,0,2.0,1.0,,48.0,,56.0,,,,,,2.0,3.0,0.0,1,1.0,2.0,2.0,,1538.46,1.0,,,,,14053.4125,3487.2118,0,0,0.0,,0,0,15758,2,,,,2.0,,,3529.2338,9470.0,3740.0,-1,,,,,,,24494.0,2011,612,609,0,0,0,0,0,16.0,12.0,51.0,2011,2.0,1,8,2,8800,88001,1,21,36,35620,103,2.0,1.0,,7,3,31,1.0,1,43,1,,1,2,1,2,57,57,57,1,0,0,1.0,1.0,,40.0,,40.0,,,,,,2.0,3.0,0.0,1,2.0,2.0,2.0,,1980.76,1.0,,,,,11869.5249,2939.6581,0,0,0.0,,0,0,61983,2,,,,2.0,,,2979.042,9470.0,3740.0,-1,,,,,,,24138.0,2012,624,609,0,0,0,0,0,16.0,1.0,,,12.0,51.0,2012,MIS4_to_MIS8,new_york,0,2011-2012,1,0,0,0,retention
396973007054688,1,1.0,1,4,2,8800,88001,1,1,21,36,35620,59,2.0,1.0,,7,3,43,1.0,2,44,1,,2,1,2,1,2,57,119,119,1,0,0,1.0,1.0,,40.0,,40.0,,,,,,2.0,3.0,0.0,1,2.0,2.0,2.0,,384.61,2.0,2.0,,,,15687.8903,3695.6412,10,3,0.0,,0,0,15726,2,,,,,,2.0,3788.4816,7860.0,2330.0,-1,,,,,,,24517.0,2011,612,609,0,0,1,1,0,18.0,8.0,40.0,2011,2.0,1,8,2,8800,88001,1,21,36,35620,59,2.0,1.0,,7,3,44,1.0,2,44,1,,1,2,1,2,57,119,119,1,0,0,1.0,7.0,,,,,,,,,,1.0,,,2,,,,,,,,,,,14670.9586,3747.5219,3,2,,,0,0,14516,2,,,,,,2.0,3730.1924,,,-1,,,,,,,24169.0,2012,624,609,0,0,1,0,0,18.0,1.0,,,,,2012,MIS4_to_MIS8,new_york,0,2011-2012,0,1,0,0,retention
397933606089698,1,1.0,1,4,2,8800,88001,1,1,21,36,45060,67,2.0,1.0,,4,1,53,2.0,2,39,1,,1,1,1,1,2,57,57,57,1,0,0,2.0,1.0,,40.0,,40.0,,,,,,2.0,3.0,0.0,1,1.0,1.0,1.0,500.0,350.0,1.0,,,,,11289.4891,2816.2597,0,0,1.0,1.0,0,0,59408,1,1.0,,,,,,2892.249,7860.0,4220.0,-1,,,,,,,24522.0,2011,612,609,0,0,0,0,0,12.0,14.0,40.0,2011,2.0,1,8,2,8800,88001,1,21,36,45060,67,2.0,1.0,,4,1,54,2.0,2,39,1,,1,1,1,2,57,57,57,1,0,0,2.0,1.0,,40.0,,45.0,,,,,,2.0,3.0,0.0,1,1.0,1.0,1.0,1800.0,853.5,2.0,1.0,,,,11662.7978,2838.0421,0,0,0.0,1.0,0,0,59745,1,1.0,,,,,,2875.0413,7860.0,4220.0,-1,,,,,,,24174.0,2012,624,609,0,0,0,0,0,12.0,1.0,,,14.0,40.0,2012,MIS4_to_MIS8,new_york,0,2011-2012,1,0,0,0,retention
436390479600836,1,3.0,4,4,2,8800,88001,1,1,21,36,35620,119,2.0,1.0,,7,1,53,,2,40,1,,1,1,1,6,2,57,57,57,1,0,0,1.0,1.0,,35.0,10.0,28.0,,,10.0,,,4.0,3.0,0.0,1,2.0,,1.0,2021.0,707.35,1.0,,,,,12038.4633,3003.0977,4,1,0.0,0.0,0,0,38905,1,,,3.0,,,,3084.1284,7860.0,2540.0,-1,,,,,,,24543.0,2011,612,609,0,0,0,1,0,14.0,8.0,40.0,2011,1.0,4,8,2,8800,88001,1,21,36,35620,119,2.0,1.0,,7,1,54,,2,40,1,,1,1,6,2,57,57,57,1,0,0,1.0,1.0,,35.0,5.0,15.0,,,5.0,,,4.0,3.0,0.0,1,2.0,1.0,1.0,2127.0,673.91,1.0,,,,,12309.7012,2995.4606,4,1,0.0,0.0,0,0,14813,1,,,3.0,,,,3034.512,7860.0,2540.0,-1,,,,,,,24198.0,2012,624,609,0,0,0,1,0,14.0,1.0,,,8.0,40.0,2012,MIS4_to_MIS8,new_york,0,2011-2012,1,0,0,0,retention
463306073906794,1,1.0,3,4,2,8800,88001,1,1,21,36,35620,59,2.0,1.0,,7,1,64,,1,46,2,,1,1,1,5,2,341,341,341,4,0,2,1.0,1.0,,30.0,,30.0,,,19.0,,,7.0,2.0,0.0,1,2.0,2.0,2.0,,2000.0,2.0,2.0,,,,11299.7904,3189.0779,0,0,1.0,,0,0,24902,1,,,,,,,3227.2953,7870.0,2200.0,-1,,,,,,,24549.0,2011,612,609,0,0,0,0,0,18.0,8.0,40.0,2011,1.0,6,8,2,8800,88001,1,21,36,35620,59,2.0,1.0,,7,2,65,,1,46,2,,0,0,5,2,341,341,341,4,0,2,1.0,1.0,,40.0,13.0,25.0,,,13.0,,,4.0,4.0,0.0,1,2.0,2.0,2.0,,1923.05,2.0,2.0,,,,13618.7531,2653.2007,0,0,0.0,,0,0,14513,1,,,,,,,2632.3736,7870.0,2200.0,-1,,,,,,,24202.0,2012,624,609,0,0,0,0,0,18.0,2.0,,,8.0,40.0,2012,MIS4_to_MIS8,new_york,0,2011-2012,0,1,0,1,retention
463644003908496,1,1.0,1,4,2,8800,88001,1,1,21,36,40380,0,2.0,1.0,,5,3,45,1.0,1,43,1,,2,1,2,1,2,57,57,57,1,0,0,2.0,1.0,,40.0,,40.0,,,,,,2.0,2.0,0.0,1,2.0,2.0,2.0,,1403.0,2.0,2.0,,,,12689.3306,3048.2315,3,1,1.0,,0,42,63208,2,,,,1.0,1.0,,3135.8897,7860.0,2010.0,-1,,,,,,,24561.0,2011,612,609,0,0,1,0,0,18.0,6.0,40.0,2011,1.0,1,8,2,8800,88001,1,21,36,40380,0,2.0,1.0,,5,3,46,1.0,1,43,1,,1,2,1,2,57,57,57,1,0,0,2.0,1.0,,40.0,,40.0,,,,,,2.0,3.0,0.0,1,2.0,2.0,2.0,,961.53,2.0,2.0,,,,12234.3158,3077.3672,4,1,0.0,,0,0,48990,2,,,,1.0,1.0,,3108.2116,7890.0,2010.0,-1,,,,,,,24206.0,2012,624,609,0,0,0,1,0,18.0,1.0,,,6.0,40.0,2012,MIS4_to_MIS8,new_york,0,2011-2012,1,0,0,0,retention
679250365300933,1,1.0,1,4,2,8800,88001,1,1,21,36,35620,59,2.0,1.0,,7,3,29,1.0,2,44,1,,2,1,2,1,2,57,57,57,1,0,0,2.0,1.0,,38.0,,38.0,,,,,,2.0,3.0,0.0,1,2.0,2.0,2.0,,1121.0,1.0,,,,,16546.0649,4063.5117,0,0,1.0,,0,0,1513,2,,,,,,2.0,4146.1186,7860.0,2310.0,-1,,,,,,,24625.0,2011,612,609,0,0,0,0,0,18.0,8.0,40.0,2011,1.0,1,8,2,8800,88001,1,21,36,35620,59,2.0,1.0,,7,3,29,1.0,2,44,1,,1,2,1,2,57,57,57,1,0,0,2.0,2.0,8.0,40.0,,,,,,,,5.0,3.0,0.0,1,2.0,2.0,2.0,,1384.61,1.0,,,,,14395.1932,3573.663,1,1,0.0,,0,0,18663,2,,,,,,2.0,3608.6436,7860.0,2310.0,-1,,,,,,,24263.0,2012,624,609,1,0,0,0,1,18.0,1.0,,,8.0,40.0,2012,MIS4_to_MIS8,new_york,0,2011-2012,1,0,0,0,retention
679540419650933,1,1.0,1,4,2,8800,88001,1,1,21,36,35620,103,2.0,1.0,,7,3,48,1.0,1,40,2,,2,1,2,1,2,57,57,57,1,0,0,2.0,1.0,,50.0,,50.0,,,,,,2.0,3.0,0.0,1,2.0,2.0,2.0,,2403.84,1.0,,,,,15143.9805,3748.5951,0,0,0.0,,0,0,44971,2,,,3.0,,,,3793.5177,9470.0,3700.0,-1,,,,,,,24638.0,2011,612,609,0,0,0,0,0,14.0,12.0,51.0,2011,1.0,1,8,2,8800,88001,1,21,36,35620,103,2.0,1.0,,7,3,49,1.0,1,40,2,,1,2,1,2,57,57,57,1,0,0,2.0,1.0,,50.0,,50.0,,,,,,2.0,3.0,0.0,1,2.0,2.0,2.0,,2000.0,1.0,,,,,13556.4924,3577.9076,0,0,0.0,,0,0,1848,2,,,4.0,,,,3549.8218,9470.0,3700.0,-1,,,,,,,24272.0,2012,624,609,0,0,0,0,0,15.0,2.0,,,12.0,51.0,2012,MIS4_to_MIS8,new_york,0,2011-2012,1,0,0,0,retention
703900343696746,1,1.0,1,4,2,8800,88001,1,1,21,36,35620,59,2.0,1.0,,7,1,43,2.0,2,43,2,,1,1,1,1,2,57,374,374,1,0,0,1.0,1.0,,20.0,,20.0,,,18.0,,,7.0,2.0,0.0,1,2.0,2.0,2.0,,173.0,2.0,2.0,,,,10128.3781,2525.0616,3,2,1.0,,0,0,36392,1,,,,2.0,,,2600.7585,9470.0,5220.0,-1,,,,,,,24669.0,2011,612,609,0,0,1,0,0,16.0,17.0,51.0,2011,2.0,1,8,2,8800,88001,1,21,36,35620,59,2.0,1.0,,7,1,44,2.0,2,43,2,,1,1,1,2,57,374,374,1,0,0,2.0,1.0,,25.0,,25.0,,,18.0,,,7.0,3.0,0.0,1,2.0,,1.0,1950.0,487.5,1.0,,,,,12338.8759,3069.1803,10,2,1.0,1.0,0,0,61930,1,,,,2.0,,,3099.4475,9470.0,5220.0,-1,,,,,,,24311.0,2012,624,609,0,0,1,1,0,16.0,2.0,,,17.0,51.0,2012,MIS4_to_MIS8,new_york,0,2011-2012,1,0,0,0,retention
703900343696746,1,1.0,1,4,2,8800,88001,1,1,21,36,35620,59,2.0,1.0,,7,3,43,1.0,1,39,2,,2,1,2,1,2,368,368,368,4,0,7,2.0,1.0,,40.0,,40.0,,,,,,2.0,2.0,0.0,1,2.0,2.0,2.0,,406.0,2.0,2.0,,,,18403.8425,4036.748,3,2,1.0,,0,0,36392,2,1.0,,,,,,4165.8001,9470.0,3800.0,-1,,,,,,,24670.0,2011,612,609,0,0,1,0,0,12.0,12.0,51.0,2011,2.0,1,8,2,8800,88001,1,21,36,35620,59,2.0,1.0,,7,3,44,1.0,1,39,2,,1,2,1,2,368,368,368,4,0,7,1.0,1.0,,40.0,,40.0,,,,,,2.0,3.0,0.0,1,1.0,1.0,1.0,2850.0,1923.0,1.0,,,,,14370.2793,3383.3539,10,2,1.0,1.0,0,0,61930,2,1.0,,,,,,3426.5664,9470.0,3800.0,-1,,,,,,,24312.0,2012,624,609,0,0,1,1,0,12.0,2.0,,,12.0,51.0,2012,MIS4_to_MIS8,new_york,0,2011-2012,1,0,0,0,retention
716559430969304,1,1.0,7,4,2,8800,88001,1,1,21,36,35620,103,2.0,1.0,,7,2,53,,2,46,1,,1,0,0,5,2,57,57,57,1,0,0,1.0,1.0,,40.0,,40.0,,,,,,2.0,3.0,0.0,1,2.0,2.0,2.0,,1730.76,1.0,,,,,12038.4633,3003.0977,0,0,0.0,,0,0,25072,1,,,,,,,3084.1284,7860.0,1820.0,-1,,,,,,,24675.0,2011,612,609,0,0,0,0,0,18.0,5.0,40.0,2011,1.0,7,8,2,8800,88001,1,21,36,35620,103,2.0,1.0,,7,2,55,,2,42,1,,0,0,6,2,57,57,57,1,0,0,1.0,1.0,,40.0,,40.0,,,,,,2.0,4.0,0.0,1,2.0,,1.0,2500.0,1000.0,1.0,,,,,11814.7677,2853.2077,0,0,0.0,0.0,0,0,1846,1,,,2.0,,,,2900.2398,770.0,6230.0,-1,,,,,,,24317.0,2012,624,609,0,0,0,0,0,13.0,1.0,,,19.0,4.0,2012,MIS4_to_MIS8,new_york,0,2011-2012,0,1,0,1,retention
763785003908496,1,1.0,1,4,2,8800,88001,1,1,21,36,35620,59,2.0,1.0,,7,1,36,2.0,2,44,1,,1,1,1,1,2,57,57,57,1,0,0,1.0,1.0,,38.0,,38.0,,,,,,2.0,3.0,0.0,1,2.0,2.0,2.0,,1250.0,1.0,,,,,16023.7037,3806.5737,5,2,1.0,,0,0,24904,1,,,,,,1.0,3869.5775,7860.0,2310.0,-1,,,,,,1.0,24724.0,2011,612,609,1,1,0,0,1,17.0,8.0,40.0,2011,1.0,1,8,2,8800,88001,1,21,36,35620,59,2.0,1.0,,7,1,37,2.0,2,44,1,,1,1,1,2,57,57,57,1,0,0,1.0,1.0,,40.0,,40.0,,,,,,2.0,3.0,0.0,1,2.0,2.0,2.0,,2750.0,1.0,,,,,13569.1064,3335.6285,8,2,0.0,,0,0,5557,1,,,,,,1.0,3364.2849,7860.0,2310.0,-1,,,,,,1.0,24369.0,2012,624,609,0,1,1,0,1,17.0,1.0,,,8.0,40.0,2012,MIS4_to_MIS8,new_york,0,2011-2012,1,0,0,0,retention
766029530539303,1,1.0,1,4,2,8800,88001,1,1,21,36,35620,59,2.0,1.0,,7,3,53,1.0,1,39,1,,2,1,2,1,2,57,57,57,1,0,0,2.0,1.0,,40.0,,40.0,,,,,,2.0,3.0,0.0,1,2.0,1.0,1.0,1900.0,550.0,1.0,,,,,12928.5223,3136.8498,4,1,1.0,1.0,0,0,11869,2,1.0,,,,,,3195.0007,7790.0,9720.0,-1,,,,,,,24730.0,2011,612,609,0,0,0,1,0,12.0,22.0,39.0,2011,2.0,1,8,2,8800,88001,1,21,36,35620,59,2.0,1.0,,7,3,54,1.0,1,39,1,,1,2,1,2,57,57,57,1,0,0,1.0,1.0,,-4.0,,40.0,,,,,,2.0,3.0,0.0,1,2.0,,1.0,1500.0,600.0,1.0,,,,,11945.4697,3034.4631,4,1,1.0,1.0,0,42,14515,2,1.0,,,,,,3034.8283,7790.0,9720.0,-1,,,,,,,24375.0,2012,624,609,0,0,0,1,0,12.0,1.0,,,22.0,39.0,2012,MIS4_to_MIS8,new_york,0,2011-2012,1,0,0,0,retention
996749730499301,1,1.0,1,4,2,8800,88001,1,1,21,36,45060,0,2.0,1.0,,4,1,29,2.0,2,42,1,,1,1,1,1,2,57,57,57,1,0,0,1.0,1.0,,35.0,,35.0,,,,,,2.0,2.0,0.0,1,2.0,,1.0,860.0,301.0,2.0,1.0,,,,15516.6498,3810.6999,3,2,0.0,0.0,0,0,1608,1,,,3.0,,,,3888.1675,7860.0,2540.0,-1,,,,,,,24865.0,2011,612,609,0,0,1,0,0,14.0,8.0,40.0,2011,1.0,1,8,2,8800,88001,1,21,36,45060,0,2.0,1.0,,4,1,30,2.0,2,42,1,,1,1,1,2,57,57,57,1,0,0,1.0,1.0,,34.0,,27.0,,,22.0,,,7.0,2.0,0.0,1,2.0,,1.0,865.0,294.1,1.0,,,,,13318.17,3325.2805,3,2,0.0,0.0,0,0,1768,1,,,3.0,,,,3338.6512,7860.0,2540.0,-1,,,,,,,24517.0,2012,624,609,0,0,1,0,0,14.0,1.0,,,8.0,40.0,2012,MIS4_to_MIS8,new_york,0,2011-2012,1,0,0,0,retention
624086977339490,1,1.0,6,4,2,8800,88001,1,1,21,36,0,0,3.0,2.0,,0,2,46,,1,39,1,,1,0,0,7,2,57,57,57,1,0,0,1.0,1.0,,40.0,,40.0,,,,,,2.0,3.0,0.0,1,2.0,,1.0,1400.0,560.0,1.0,,,,,13272.0298,3188.2075,0,0,1.0,1.0,0,42,44894,1,1.0,,,,,,3279.891,7860.0,4250.0,-1,3.0,,,,,,24913.0,2011,612,609,0,0,0,0,0,12.0,14.0,40.0,2011,1.0,6,8,2,8800,88001,1,21,36,0,0,3.0,2.0,,0,2,47,,1,39,1,,0,0,7,2,57,57,57,1,0,0,1.0,1.0,,40.0,,40.0,,,,,,2.0,3.0,0.0,1,2.0,,1.0,2600.0,1040.0,1.0,,,,,12335.7296,3102.8764,0,0,1.0,1.0,0,0,29457,1,1.0,,,,,,3133.9765,7860.0,4220.0,-1,3.0,,,,,,24560.0,2012,624,609,0,0,0,0,0,12.0,1.0,,,14.0,40.0,2012,MIS4_to_MIS8,new_york,0,2011-2012,1,0,0,0,retention
699890510670633,1,1.0,1,4,2,8800,88001,1,1,21,36,0,0,3.0,2.0,,0,1,50,2.0,2,44,1,,1,1,1,1,2,57,57,57,1,0,0,1.0,1.0,,50.0,,50.0,,,,,,2.0,3.0,0.0,1,2.0,2.0,2.0,,865.38,1.0,,,,,11807.9069,2945.5835,3,2,0.0,,0,0,36547,1,,,,,,2.0,3025.0622,7870.0,2200.0,-1,,,,,,,24950.0,2011,612,609,0,0,1,0,0,18.0,8.0,40.0,2011,2.0,1,8,2,8800,88001,1,21,36,0,0,3.0,2.0,,0,1,51,2.0,2,44,1,,1,1,1,2,57,57,57,1,0,0,2.0,2.0,4.0,-4.0,,,,,,,,5.0,2.0,0.0,1,2.0,2.0,1.0,1125.0,865.0,1.0,,,,,11759.4741,2861.5675,3,2,1.0,1.0,0,42,29611,1,,,,,,2.0,2898.8734,7870.0,2200.0,-1,,,,,,,24584.0,2012,624,609,0,0,1,0,0,18.0,1.0,,,8.0,40.0,2012,MIS4_to_MIS8,new_york,0,2011-2012,1,0,0,0,retention
810961095433479,1,1.0,1,4,2,8800,88001,1,1,21,36,0,13,3.0,2.0,,0,1,58,2.0,2,44,1,,1,1,1,1,2,57,57,57,1,0,0,1.0,2.0,4.0,8.0,,,,,,,,10.0,2.0,0.0,1,2.0,2.0,2.0,,80.76,1.0,,,,,11951.7955,2900.22,0,0,0.0,,0,0,11707,1,,,,,,2.0,2944.8488,7860.0,230.0,-1,,,,,,,24962.0,2011,612,609,0,0,0,0,0,18.0,1.0,40.0,2011,1.0,1,8,2,8800,88001,1,21,36,0,13,3.0,2.0,,0,1,59,2.0,2,44,1,,1,1,1,2,57,57,57,1,0,0,1.0,2.0,4.0,-4.0,,,,,,,,10.0,2.0,0.0,1,2.0,2.0,2.0,,1400.0,1.0,,,,,11286.6634,2725.6731,0,0,0.0,,0,0,14322,1,,,,,,2.0,2770.6029,7870.0,230.0,-1,,,,,,,24595.0,2012,624,609,0,0,0,0,0,18.0,1.0,,,1.0,40.0,2012,MIS4_to_MIS8,new_york,0,2011-2012,1,0,0,0,retention
830962092933799,1,1.0,6,4,2,8800,88001,1,1,21,36,0,0,3.0,2.0,,0,14,51,,2,39,1,,2,0,0,5,2,57,57,57,1,0,0,2.0,1.0,,40.0,,40.0,,,,,,2.0,3.0,0.0,1,2.0,2.0,2.0,,1384.0,1.0,,,,,11807.9069,2945.5835,0,0,1.0,,0,0,44764,2,2.0,7.0,,,,,3025.0622,7860.0,2540.0,-1,,,,,,,24966.0,2011,612,609,0,0,0,0,0,11.0,8.0,40.0,2011,2.0,6,8,2,8800,88001,1,21,36,0,0,3.0,2.0,,0,14,52,,2,39,1,,0,0,5,2,57,57,57,1,0,0,1.0,1.0,,37.0,10.0,30.0,,,10.0,,,4.0,3.0,0.0,1,2.0,,1.0,2000.0,740.0,1.0,,,,,11759.4741,2861.5675,0,0,1.0,1.0,0,42,5535,2,2.0,7.0,,,,,2898.8734,7860.0,2540.0,-1,,,,,,,24599.0,2012,624,609,0,0,0,0,0,11.0,1.0,,,8.0,40.0,2012,MIS4_to_MIS8,new_york,0,2011-2012,1,0,0,0,retention
870964097833029,1,1.0,1,4,2,8800,88001,1,1,21,36,0,0,3.0,2.0,,0,1,34,2.0,1,44,1,,1,1,1,1,2,57,57,138,1,0,0,1.0,1.0,,35.0,,37.0,,,,,,2.0,3.0,0.0,1,2.0,,1.0,1935.0,677.25,1.0,,,,,13784.2666,3420.426,3,1,0.0,0.0,0,0,4493,1,,,,,,3.0,3461.6432,8370.0,2010.0,-1,,,,,,,24973.0,2011,612,609,0,0,1,0,0,18.0,6.0,43.0,2011,1.0,1,8,2,8800,88001,1,21,36,0,0,3.0,2.0,,0,1,34,2.0,1,43,1,,1,1,1,2,57,57,138,1,0,0,1.0,1.0,,40.0,,45.0,,,,,,2.0,2.0,0.0,1,1.0,1.0,1.0,1928.0,646.15,1.0,,,,,11338.9731,2808.2593,3,1,0.0,0.0,0,0,32716,1,,,,1.0,1.0,,2845.8828,9480.0,2010.0,-1,,,,,,,24610.0,2012,624,609,0,0,1,0,0,18.0,1.0,,,6.0,51.0,2012,MIS4_to_MIS8,new_york,0,2011-2012,1,0,0,0,retention
986079430279308,1,2.0,1,4,2,8800,88001,1,1,21,36,0,0,3.0,2.0,,0,1,54,2.0,1,42,1,,1,1,1,1,2,57,57,57,1,0,0,1.0,1.0,,50.0,,50.0,,,,,,2.0,3.0,0.0,1,2.0,2.0,2.0,,1721.15,2.0,2.0,,,,12680.9199,3076.7739,0,0,0.0,,0,0,15706,1,,,3.0,,,,3133.8112,7860.0,230.0,-1,,,,,,,25021.0,2011,612,609,0,0,0,0,0,14.0,1.0,40.0,2011,1.0,1,8,2,8800,88001,1,21,36,0,0,3.0,2.0,,0,1,55,2.0,1,42,1,,1,1,1,2,57,57,57,1,0,0,1.0,5.0,,,,,,11.0,,,,1.0,,,2,,,,,,,,,,,10140.4318,2872.0802,0,0,,,0,0,5518,1,,,3.0,,,,2721.3598,,,-1,,,,,,,24651.0,2012,624,609,0,0,0,0,0,14.0,1.0,,,,,2012,MIS4_to_MIS8,new_york,0,2011-2012,0,1,0,0,retention
986079430279308,1,2.0,1,4,2,8800,88001,1,1,21,36,0,0,3.0,2.0,,0,3,50,1.0,2,44,1,,2,1,2,1,2,57,57,57,1,0,0,1.0,1.0,,50.0,,50.0,,,,,,2.0,3.0,0.0,1,2.0,2.0,2.0,,1721.15,2.0,2.0,,,,11807.9069,2945.5835,0,0,0.0,,0,0,15706,2,,,,,,2.0,3025.0622,7860.0,230.0,-1,,,,,,,25022.0,2011,612,609,0,0,0,0,0,18.0,1.0,40.0,2011,1.0,1,8,2,8800,88001,1,21,36,0,0,3.0,2.0,,0,3,52,1.0,2,44,1,,1,2,1,2,57,57,57,1,0,0,2.0,1.0,,50.0,,50.0,,,,,,2.0,3.0,0.0,1,2.0,2.0,2.0,,1730.76,2.0,2.0,,,,11759.4741,2861.5675,0,0,0.0,,0,0,5518,2,,,,,,3.0,2898.8734,7860.0,230.0,-1,,,,,,,24652.0,2012,624,609,0,0,0,0,0,18.0,1.0,,,1.0,40.0,2012,MIS4_to_MIS8,new_york,0,2011-2012,1,0,0,0,retention
9663360992196,1,1.0,1,4,2,8800,88001,1,1,21,36,13780,0,,1.0,,3,3,53,1.0,2,39,1,,3,1,2,1,2,57,57,57,1,0,0,2.0,1.0,,38.0,,38.0,,,,,,2.0,3.0,0.0,1,2.0,,1.0,895.0,340.1,1.0,,,,,11289.4891,2816.2597,4,1,0.0,0.0,0,0,24702,3,1.0,,,,,,2892.249,7860.0,2540.0,-1,,,,,,,25045.0,2011,612,609,0,0,0,1,0,12.0,8.0,40.0,2011,1.0,1,8,2,8800,88001,1,21,36,13780,0,,1.0,,3,3,54,1.0,2,39,1,,1,2,1,2,57,57,57,1,0,0,2.0,1.0,,40.0,5.0,24.0,,,5.0,,,4.0,3.0,0.0,1,2.0,,1.0,1200.0,480.0,1.0,,,,,11662.7978,2838.0421,0,0,0.0,0.0,0,0,5509,3,1.0,,,,,,2875.0413,7860.0,2540.0,-1,,,,,,,24687.0,2012,624,609,0,0,0,0,0,12.0,1.0,,,8.0,40.0,2012,MIS4_to_MIS8,new_york,0,2011-2012,1,0,0,0,retention
300960099333799,1,4.0,1,4,2,8800,88001,1,1,21,36,28740,111,,1.0,,2,1,49,2.0,1,39,1,,1,1,1,1,2,57,57,57,1,0,0,2.0,1.0,,40.0,,72.0,,,,,,2.0,3.0,0.0,1,2.0,,1.0,1400.0,560.0,1.0,,,,,13581.7513,3262.6088,0,0,0.0,0.0,0,0,44983,1,1.0,,,,,,3356.4319,8270.0,4230.0,4220,,,,,,,25063.0,2011,612,609,0,0,0,0,0,12.0,14.0,42.0,2011,2.0,1,8,2,8800,88001,1,21,36,28740,111,,1.0,,2,1,50,2.0,1,39,1,,1,1,1,2,57,57,57,1,0,0,2.0,1.0,,40.0,,70.0,,,,,,2.0,3.0,0.0,1,2.0,1.0,1.0,2800.0,600.0,1.0,,,,,11990.1199,3045.8055,0,0,0.0,1.0,0,0,14797,1,1.0,,,,,,3046.172,8180.0,4230.0,5610,,,,,,,24705.0,2012,624,609,0,0,0,0,0,12.0,1.0,,,14.0,42.0,2012,MIS4_to_MIS8,new_york,0,2011-2012,1,0,0,0,retention
300960099333799,1,4.0,1,4,2,8800,88001,1,1,21,36,28740,111,,1.0,,2,3,44,1.0,2,39,1,,2,1,2,1,2,57,57,57,1,0,0,2.0,1.0,,16.0,,16.0,,,15.0,,,6.0,3.0,0.0,1,2.0,,1.0,1100.0,176.0,1.0,,,,,15746.5291,3709.4549,0,0,0.0,0.0,0,0,44983,2,1.0,,,,,,3802.6424,8270.0,4230.0,-1,,,,,,,25064.0,2011,612,609,0,0,0,0,0,12.0,14.0,42.0,2011,2.0,1,8,2,8800,88001,1,21,36,28740,111,,1.0,,2,3,45,1.0,2,39,1,,1,2,1,2,57,57,57,1,0,0,1.0,6.0,,,,,,,,,,1.0,3.0,0.0,2,,,,,,,,,,,11559.8901,3074.6585,0,0,,,0,0,14797,2,1.0,,,,,,2939.1818,8270.0,3600.0,-1,,,,,5.0,1.0,24706.0,2012,624,609,0,0,0,0,0,12.0,1.0,,,11.0,42.0,2012,MIS4_to_MIS8,new_york,0,2011-2012,1,0,0,0,retention
699640579720633,1,1.0,7,4,2,8800,88001,1,1,21,36,28740,111,,1.0,,2,2,61,,2,42,6,,1,0,0,5,2,57,57,57,1,0,0,1.0,1.0,,20.0,,12.0,,,19.0,,,7.0,3.0,0.0,1,2.0,,1.0,265.0,53.0,2.0,2.0,,,,10822.0763,2619.6337,0,0,0.0,0.0,0,0,1738,1,,,3.0,,,,2625.0253,8290.0,4600.0,-1,,,,,,,25106.0,2011,612,609,0,0,0,0,0,14.0,15.0,42.0,2011,1.0,7,8,2,8800,88001,1,21,36,28740,111,,1.0,,2,2,63,,2,42,6,,0,0,5,2,57,57,57,1,0,0,1.0,1.0,,25.0,,25.0,,,19.0,,,7.0,5.0,0.0,1,2.0,,1.0,265.0,66.25,2.0,2.0,,,,10214.1379,2376.6256,0,0,0.0,0.0,0,0,5608,1,,,3.0,,,,2386.0153,8290.0,4600.0,-1,,,,,,,24739.0,2012,624,609,0,0,0,0,0,14.0,6.0,,,15.0,42.0,2012,MIS4_to_MIS8,new_york,0,2011-2012,0,1,0,1,retention
50134320992592,1,2.0,1,4,2,8800,88001,1,1,23,42,10900,0,1.0,1.0,,4,3,55,1.0,2,39,1,,2,1,2,1,2,57,57,57,1,0,0,1.0,1.0,,38.0,,36.0,,,,,,2.0,3.0,0.0,1,2.0,,1.0,1578.0,583.86,1.0,,,,,11747.416,2928.0188,0,0,0.0,0.0,0,0,25900,2,1.0,,,,,,2894.491,7860.0,2540.0,-1,,,,,,,28470.0,2011,612,609,0,0,0,0,0,12.0,8.0,40.0,2011,1.0,1,8,2,8800,88001,1,23,42,10900,0,1.0,1.0,,4,3,56,1.0,2,39,1,,1,2,1,2,57,57,57,1,0,0,2.0,1.0,,35.0,5.0,28.0,,,5.0,,,4.0,4.0,0.0,1,2.0,,1.0,2825.0,988.75,2.0,2.0,,,,12098.9077,2946.0357,0,0,1.0,1.0,0,42,30417,2,1.0,,,,,,2969.9893,7860.0,2540.0,-1,,,,,,,28076.0,2012,624,609,0,0,0,0,0,12.0,1.0,,,8.0,40.0,2012,MIS4_to_MIS8,pennsylvania,0,2011-2012,0,1,0,1,retention
340209975069686,1,2.0,7,4,2,8800,88001,1,1,23,42,38300,3,1.0,1.0,,5,2,22,,2,43,5,,1,0,0,7,2,210,210,210,4,0,18,1.0,1.0,,40.0,,40.0,,,,,,2.0,2.0,0.0,1,2.0,2.0,2.0,,961.53,2.0,2.0,2.0,,,14081.2958,3468.4053,0,0,0.0,,0,0,37021,1,,,,1.0,2.0,,3328.2073,9570.0,1360.0,-1,,,,,,,28537.0,2011,612,609,0,0,0,0,0,17.0,4.0,51.0,2011,4.0,7,8,2,8800,88001,1,23,42,38300,3,1.0,1.0,,5,2,23,,2,43,5,,0,0,7,2,210,210,210,4,0,18,2.0,1.0,,40.0,,40.0,,,,,,2.0,2.0,0.0,1,2.0,2.0,2.0,,385.0,2.0,2.0,2.0,,,14495.5513,3550.3877,0,0,1.0,,0,42,15458,1,,,,1.0,2.0,,3564.9634,8870.0,2200.0,-1,,,,,,,28147.0,2012,624,609,0,0,0,0,0,17.0,5.0,,,8.0,47.0,2012,MIS4_to_MIS8,pennsylvania,0,2011-2012,1,0,0,0,retention
724899073906697,1,1.0,1,4,2,8800,88001,1,1,23,42,37980,101,1.0,1.0,,7,1,36,2.0,1,44,2,,1,1,1,1,2,57,57,57,1,0,0,1.0,1.0,,40.0,,40.0,,,,,,2.0,3.0,0.0,1,2.0,,1.0,2000.0,800.0,1.0,,,,,13883.3583,3128.2528,2,1,1.0,1.0,0,42,53424,1,,,,,,2.0,3142.5663,7860.0,2320.0,-1,,,,,,,28588.0,2011,612,609,0,1,0,0,1,18.0,8.0,40.0,2011,1.0,1,8,2,8800,88001,1,23,42,37980,101,1.0,1.0,,7,1,37,2.0,1,44,2,,1,1,1,2,57,57,57,1,0,0,1.0,1.0,,35.0,,35.0,,,,,,2.0,4.0,0.0,1,2.0,,1.0,1200.0,420.0,1.0,,,,,14477.7777,3415.037,2,1,1.0,1.0,0,42,2467,1,,,,,,2.0,3452.1992,7860.0,2320.0,-1,,,,,,,28191.0,2012,624,609,0,1,0,0,1,18.0,2.0,,,8.0,40.0,2012,MIS4_to_MIS8,pennsylvania,0,2011-2012,0,1,0,1,retention
917052926439900,1,1.0,1,4,2,8800,88001,1,1,23,42,21500,49,1.0,1.0,,3,3,55,1.0,2,44,1,,2,1,2,1,2,57,57,57,1,0,0,2.0,1.0,,40.0,,40.0,,,,,,2.0,3.0,0.0,1,2.0,2.0,2.0,,1211.53,1.0,,,,,11747.416,2928.0188,0,0,0.0,,0,0,45431,2,,,,,,2.0,2894.491,7860.0,2310.0,-1,,,,,,,28612.0,2011,612,609,0,0,0,0,0,18.0,8.0,40.0,2011,2.0,1,8,2,8800,88001,1,23,42,21500,49,1.0,1.0,,3,3,55,1.0,2,44,1,,1,2,1,2,57,57,57,1,0,0,1.0,1.0,,40.0,,40.0,,,,,,2.0,4.0,0.0,1,2.0,2.0,2.0,,1057.69,1.0,,,,,12098.9077,2946.0357,0,0,0.0,,0,0,2384,2,,,,,,2.0,2969.9893,7860.0,2310.0,-1,,,,,,,28215.0,2012,624,609,0,0,0,0,0,18.0,1.0,,,8.0,40.0,2012,MIS4_to_MIS8,pennsylvania,0,2011-2012,0,1,0,1,retention
952229530109403,1,3.0,3,4,2,8800,88001,1,1,23,42,10900,0,1.0,1.0,,4,6,54,3.0,1,42,1,,2,2,1,1,2,57,57,57,1,0,0,2.0,1.0,,40.0,10.0,32.0,,,10.0,,,4.0,3.0,0.0,1,2.0,2.0,2.0,,750.0,2.0,2.0,,,,12820.3722,3195.0612,0,0,0.0,,0,0,45445,2,,,4.0,,,,3168.2737,7860.0,2320.0,-1,,,,,,,28628.0,2011,612,609,0,0,0,0,0,15.0,8.0,40.0,2011,3.0,3,8,2,8800,88001,1,23,42,10900,0,1.0,1.0,,4,6,55,3.0,1,43,1,,2,1,1,2,57,57,57,1,0,0,2.0,1.0,,40.0,,40.0,,,,,,2.0,5.0,0.0,1,2.0,2.0,2.0,,1211.0,2.0,2.0,,,,12815.9237,3093.3257,0,0,1.0,,0,42,41650,2,,,,2.0,,,3135.4502,7860.0,2320.0,-1,,,,,,,28231.0,2012,624,609,0,0,0,0,0,16.0,1.0,,,8.0,40.0,2012,MIS4_to_MIS8,pennsylvania,0,2011-2012,0,1,0,1,retention
55774320997093,1,2.0,1,4,2,8800,88001,1,1,23,42,38300,129,2.0,1.0,,5,3,55,1.0,2,39,1,,2,1,2,1,2,57,57,57,1,0,0,1.0,1.0,,35.0,,35.0,,,,,,2.0,3.0,0.0,1,2.0,2.0,2.0,,807.69,1.0,,,,,10874.203,2710.3723,0,0,0.0,,0,0,37205,2,1.0,,,,,,2679.3367,9370.0,5140.0,-1,,,,,,,28670.0,2011,612,609,0,0,0,0,0,12.0,17.0,51.0,2011,2.0,1,8,2,8800,88001,1,23,42,38300,129,2.0,1.0,,5,3,56,1.0,2,39,1,,1,2,1,2,57,57,57,1,0,0,3.0,1.0,,35.0,5.0,31.0,,,5.0,,,4.0,3.0,0.0,1,2.0,,1.0,1723.0,603.05,1.0,,,,,11801.4911,2873.616,0,0,1.0,1.0,0,0,30543,2,1.0,,,,,,2896.9807,9370.0,5700.0,-1,,,,,,,28264.0,2012,624,609,0,0,0,0,0,12.0,1.0,,,17.0,51.0,2012,MIS4_to_MIS8,pennsylvania,0,2011-2012,1,0,0,0,retention
78614320998093,1,1.0,7,4,2,8800,88001,1,1,23,42,38300,19,2.0,1.0,,5,2,55,,2,46,1,,1,0,0,5,2,57,57,57,1,0,0,1.0,1.0,,60.0,13.0,30.0,,,13.0,,,4.0,2.0,0.0,1,2.0,2.0,2.0,,992.0,1.0,,,,,10874.203,2710.3723,0,0,1.0,,0,0,25781,1,,,,,,,2679.3367,7870.0,2200.0,2340,,,,,,,28686.0,2011,612,609,0,0,0,0,0,18.0,8.0,40.0,2011,1.0,7,8,2,8800,88001,1,23,42,38300,19,2.0,1.0,,5,2,56,,2,46,1,,0,0,5,2,57,57,57,1,0,0,1.0,1.0,,50.0,13.0,30.0,,,13.0,,,4.0,3.0,0.0,1,2.0,2.0,2.0,,2000.0,1.0,,,,,11801.4911,2873.616,0,0,0.0,,0,0,2318,1,,,,,,,2896.9807,7870.0,2200.0,2760,,,,,,,28280.0,2012,624,609,0,0,0,0,0,18.0,1.0,,,8.0,40.0,2012,MIS4_to_MIS8,pennsylvania,0,2011-2012,1,0,0,0,retention
95014320975593,1,1.0,4,4,2,8800,88001,1,1,23,42,37980,91,2.0,1.0,,7,1,47,,2,44,2,3.0,1,1,1,4,2,327,327,327,5,0,5,1.0,1.0,,43.0,,45.0,,,,,,2.0,3.0,0.0,1,2.0,2.0,2.0,,1400.0,2.0,2.0,,,,11681.6916,3113.6901,0,0,0.0,,0,0,25922,1,,,,,,2.0,3024.257,9480.0,430.0,-1,,,,,,,28697.0,2011,612,609,0,0,0,0,0,18.0,1.0,51.0,2011,1.0,4,8,2,8800,88001,1,23,42,37980,91,2.0,1.0,,7,1,48,,2,44,2,3.0,1,1,4,2,327,327,327,5,0,5,1.0,1.0,,40.0,,44.0,,,,,,2.0,5.0,0.0,1,2.0,2.0,2.0,,769.0,2.0,2.0,,,,19777.9574,5306.803,0,0,1.0,,0,0,62194,1,,,,,,2.0,5216.9415,8180.0,2010.0,-1,,,,,,,28292.0,2012,624,609,0,0,0,0,0,18.0,2.0,,,6.0,42.0,2012,MIS4_to_MIS8,pennsylvania,0,2011-2012,0,1,0,1,retention
124247053906798,1,1.0,6,4,2,8800,88001,1,1,23,42,37980,45,2.0,1.0,,7,2,43,,1,40,1,,1,0,0,7,2,57,57,57,1,0,0,1.0,1.0,,40.0,,40.0,,,,,,2.0,2.0,0.0,1,2.0,,1.0,1050.0,420.0,1.0,,,,,13105.1113,3323.6456,0,0,0.0,0.0,0,0,25836,1,,,1.0,,,,3316.6195,9570.0,4760.0,-1,,,,,,,28707.0,2011,612,609,0,0,0,0,0,12.0,16.0,51.0,2011,1.0,6,8,2,8800,88001,1,23,42,37980,45,2.0,1.0,,7,2,44,,1,40,1,,0,0,7,2,57,57,57,1,0,0,1.0,1.0,,40.0,,40.0,,,,,,2.0,2.0,0.0,1,2.0,,1.0,1050.0,420.0,2.0,1.0,,,,11010.7667,2683.0485,0,0,0.0,0.0,0,0,41613,1,,,1.0,,,,2692.2737,9570.0,4760.0,-1,,,,,,,28304.0,2012,624,609,0,0,0,0,0,12.0,1.0,,,16.0,51.0,2012,MIS4_to_MIS8,pennsylvania,0,2011-2012,1,0,0,0,retention
220925090343719,1,1.0,1,4,2,8800,88001,1,1,23,42,37980,17,2.0,1.0,,7,1,56,2.0,2,39,2,,1,1,1,1,2,57,57,57,1,0,0,1.0,1.0,,16.0,,16.0,,,15.0,,,6.0,3.0,0.0,1,2.0,,1.0,730.0,116.8,2.0,2.0,,,,11320.5157,3105.1689,0,0,1.0,1.0,0,0,37077,1,2.0,5.0,,,,,3040.783,7860.0,4220.0,-1,,,,,,,28740.0,2011,612,609,0,0,0,0,0,9.0,14.0,40.0,2011,1.0,1,8,2,8800,88001,1,23,42,37980,17,2.0,1.0,,7,1,57,2.0,2,39,2,,1,1,1,2,57,57,57,1,0,0,1.0,1.0,,40.0,,40.0,,,,,,2.0,3.0,0.0,1,2.0,2.0,2.0,,200.0,2.0,2.0,,,,8545.2115,2672.6526,0,0,1.0,,0,42,30289,1,2.0,5.0,,,,,2649.6196,7860.0,4220.0,-1,,,,,,,28336.0,2012,624,609,0,0,0,0,0,9.0,2.0,,,14.0,40.0,2012,MIS4_to_MIS8,pennsylvania,0,2011-2012,1,0,0,0,retention
424056033908993,1,1.0,4,4,2,8800,88001,1,1,23,42,38300,125,2.0,1.0,,5,4,55,,1,40,1,,2,1,3,6,2,57,57,57,1,0,0,2.0,1.0,,45.0,,45.0,,,,,,2.0,2.0,0.0,1,2.0,2.0,2.0,,2500.0,1.0,,,,,10838.4373,2765.3095,0,0,1.0,,0,0,26019,2,,,4.0,,,,2778.8271,9570.0,6200.0,-1,,,,,1.0,,28856.0,2011,612,609,0,0,0,0,0,15.0,19.0,51.0,2011,2.0,4,8,2,8800,88001,1,23,42,38300,125,2.0,1.0,,5,4,56,,1,43,1,,1,3,7,2,57,57,57,1,0,0,1.0,1.0,,38.0,,38.0,,,,,,2.0,2.0,0.0,1,2.0,,1.0,1370.0,520.6,2.0,2.0,,,,12500.8813,3017.2852,0,0,1.0,1.0,0,0,65132,2,,,,2.0,,,3058.3742,9570.0,5110.0,-1,,,,,1.0,,28471.0,2012,624,609,0,0,0,0,0,16.0,1.0,,,17.0,51.0,2012,MIS4_to_MIS8,pennsylvania,0,2011-2012,1,0,0,0,retention
503906984691582,1,1.0,4,4,2,8800,88001,1,1,23,42,38300,3,2.0,1.0,,5,1,53,,2,44,1,,1,1,1,6,2,57,57,57,1,0,0,1.0,1.0,,40.0,10.0,30.0,,,10.0,,,4.0,2.0,0.0,1,2.0,2.0,2.0,,1153.0,2.0,2.0,,,,10743.2877,2752.7663,3,1,1.0,,0,0,25680,1,,,,,,2.0,2752.3179,7860.0,2000.0,-1,,,,,,,28911.0,2011,612,609,0,0,1,0,0,18.0,6.0,40.0,2011,1.0,4,8,2,8800,88001,1,23,42,38300,3,2.0,1.0,,5,1,54,,2,44,1,,1,1,6,2,57,57,57,1,0,0,1.0,1.0,,40.0,,40.0,,,,,,2.0,4.0,0.0,1,2.0,2.0,2.0,,1153.0,2.0,2.0,,,,12295.8685,3016.8863,4,1,1.0,,0,0,2253,1,,,,,,2.0,3031.102,8090.0,2010.0,-1,,,,,,,28529.0,2012,624,609,0,0,0,1,0,18.0,1.0,,,6.0,42.0,2012,MIS4_to_MIS8,pennsylvania,0,2011-2012,0,1,0,1,retention
703904214697582,1,2.0,1,4,2,8800,88001,1,1,23,42,37980,45,2.0,1.0,,7,3,27,1.0,2,44,1,,2,1,2,1,2,57,57,57,1,0,0,2.0,1.0,,40.0,,40.0,,,,,,2.0,3.0,0.0,1,2.0,2.0,2.0,,769.23,1.0,,,,,15032.056,3791.9176,0,0,0.0,,0,0,28475,2,,,,,,2.0,3766.7378,7860.0,2310.0,-1,,,,,,,28952.0,2011,612,609,0,0,0,0,0,18.0,8.0,40.0,2011,1.0,1,8,2,8800,88001,1,23,42,37980,45,2.0,1.0,,7,3,28,1.0,2,44,1,,1,2,1,2,57,57,57,1,0,0,2.0,1.0,,40.0,,40.0,,,,,,2.0,3.0,0.0,1,2.0,2.0,2.0,,1222.0,1.0,,,,,12695.1197,3177.7267,0,0,1.0,,0,0,65085,2,,,,,,2.0,3182.4625,7860.0,2310.0,-1,,,,,,,28577.0,2012,624,609,0,0,0,0,0,18.0,1.0,,,8.0,40.0,2012,MIS4_to_MIS8,pennsylvania,0,2011-2012,1,0,0,0,retention
831491439200807,1,1.0,7,4,2,8800,88001,1,1,23,42,37980,45,2.0,1.0,,7,2,30,,2,40,1,,1,0,0,7,2,57,57,57,1,0,0,1.0,1.0,,40.0,,40.0,,,,,,2.0,3.0,0.0,1,2.0,,1.0,1080.0,432.0,2.0,2.0,,,,15155.1715,3865.635,0,0,0.0,0.0,0,0,45415,1,,,1.0,,,,3797.5881,9370.0,5860.0,-1,,,,,,,29011.0,2011,612,609,0,0,0,0,0,12.0,17.0,51.0,2011,1.0,7,8,2,8800,88001,1,23,42,37980,45,2.0,1.0,,7,2,31,,2,40,1,,0,0,7,2,57,57,57,1,0,0,1.0,1.0,,40.0,,40.0,,,,,,2.0,3.0,0.0,1,2.0,,1.0,735.0,294.0,1.0,,,,,12396.7723,3120.8723,0,0,0.0,0.0,0,0,2364,1,,,1.0,,,,3107.6716,9470.0,5400.0,-1,,,,,,,28638.0,2012,624,609,0,0,0,0,0,12.0,1.0,,,17.0,51.0,2012,MIS4_to_MIS8,pennsylvania,0,2011-2012,1,0,0,0,retention
860925092443929,1,1.0,6,4,2,8800,88001,1,1,23,42,38300,125,2.0,1.0,,5,2,25,,1,43,1,,1,0,0,7,2,57,57,57,1,0,0,1.0,1.0,,40.0,,49.0,,,,,,2.0,3.0,0.0,1,2.0,2.0,2.0,,634.61,1.0,,,,,14095.9937,3584.9558,0,0,0.0,,0,0,45510,1,,,,2.0,,,3539.9272,7860.0,2430.0,4760,,,,,,,29013.0,2011,612,609,0,0,0,0,0,16.0,8.0,40.0,2011,1.0,6,8,2,8800,88001,1,23,42,38300,125,2.0,1.0,,5,2,26,,1,43,1,,0,0,7,2,57,57,57,1,0,0,1.0,1.0,,40.0,,54.0,,,,,,2.0,3.0,0.0,1,2.0,2.0,2.0,,842.1,1.0,,,,,12758.3316,3215.538,0,0,0.0,,0,0,32812,1,,,,2.0,,,3202.1168,7860.0,2430.0,5240,,,,,,,28641.0,2012,624,609,0,0,0,0,0,16.0,1.0,,,8.0,40.0,2012,MIS4_to_MIS8,pennsylvania,0,2011-2012,1,0,0,0,retention
901022940439810,1,2.0,6,4,2,8800,88001,1,1,23,42,38300,7,2.0,1.0,,5,2,52,,1,39,10,,1,0,0,7,2,57,57,57,1,0,0,1.0,1.0,,40.0,,47.0,,,,,,2.0,3.0,0.0,1,1.0,,1.0,1850.0,803.0,1.0,,,,,10354.6958,2590.3263,0,0,1.0,1.0,0,0,12794,1,2.0,7.0,,,,,2558.9359,770.0,6260.0,-1,,,,,,,29018.0,2011,612,609,0,0,0,0,0,11.0,19.0,4.0,2011,1.0,6,8,2,8800,88001,1,23,42,38300,7,2.0,1.0,,5,2,53,,1,39,10,,0,0,7,2,57,57,57,1,0,0,1.0,1.0,,40.0,,40.0,,,,,,2.0,3.0,0.0,1,2.0,,1.0,2000.0,800.0,1.0,,,,,10483.8003,2652.894,0,0,0.0,0.0,0,0,49539,1,2.0,7.0,,,,,2663.4812,9390.0,4250.0,-1,,,,,,,28646.0,2012,624,609,0,0,0,0,0,11.0,10.0,,,14.0,51.0,2012,MIS4_to_MIS8,pennsylvania,0,2011-2012,1,0,0,0,retention
932549030649407,1,1.0,1,4,2,8800,88001,1,1,23,42,38300,0,2.0,1.0,,5,1,59,2.0,1,41,1,,1,1,1,1,2,57,57,57,1,0,0,2.0,1.0,,40.0,,42.0,,,,,,2.0,2.0,0.0,1,2.0,,1.0,2800.0,1120.0,1.0,,,,,10838.4373,2765.3095,0,0,0.0,0.0,0,0,28478,1,,,1.0,,,,2778.8271,9470.0,2340.0,2720,4.0,,,,,,29059.0,2011,612,609,0,0,0,0,0,12.0,8.0,51.0,2011,1.0,1,8,2,8800,88001,1,23,42,38300,0,2.0,1.0,,5,1,60,2.0,1,41,1,,1,1,1,2,57,57,57,1,0,0,1.0,1.0,,40.0,,40.0,,,,,,2.0,2.0,0.0,1,2.0,,1.0,3100.0,1240.0,1.0,,,,,12254.9417,2899.5689,0,0,0.0,0.0,0,0,18888,1,,,3.0,,,,2888.2511,9470.0,2340.0,-1,4.0,,,,,,28697.0,2012,624,609,0,0,0,0,0,14.0,1.0,,,8.0,51.0,2012,MIS4_to_MIS8,pennsylvania,0,2011-2012,1,0,0,0,retention
56874320999099,1,1.0,6,4,2,8800,88001,1,1,23,42,0,0,3.0,2.0,,0,2,61,,1,39,1,,1,0,0,5,2,57,57,57,1,0,0,1.0,1.0,,38.0,,44.0,,,,,,2.0,2.0,0.0,1,2.0,1.0,1.0,1810.0,750.0,1.0,,,,,11670.6384,2929.1347,0,0,0.0,0.0,0,0,13082,1,2.0,6.0,,,,,2871.8924,770.0,6730.0,-1,4.0,,,,,,29148.0,2011,612,609,0,0,0,0,0,10.0,19.0,4.0,2011,1.0,6,8,2,8800,88001,1,23,42,0,0,3.0,2.0,,0,2,62,,1,39,1,,0,0,5,2,57,57,57,1,0,0,1.0,1.0,,38.0,,51.0,,,,,,2.0,2.0,0.0,1,1.0,,1.0,1849.0,755.95,1.0,,,,,12254.9417,2899.5689,0,0,0.0,0.0,0,0,15771,1,2.0,5.0,,,,,2888.2511,770.0,6320.0,-1,4.0,,,,,,28792.0,2012,624,609,0,0,0,0,0,9.0,1.0,,,19.0,4.0,2012,MIS4_to_MIS8,pennsylvania,0,2011-2012,1,0,0,0,retention
60444320998391,1,2.0,4,4,2,8800,88001,1,1,23,42,0,0,3.0,2.0,,0,14,52,,1,39,1,,2,0,0,5,2,57,57,57,1,0,0,2.0,1.0,,40.0,,39.0,,,,,,2.0,3.0,0.0,1,2.0,,1.0,1582.0,632.8,2.0,2.0,,,,11446.7485,2852.7302,0,0,0.0,0.0,0,0,59882,2,1.0,,,,,,2828.8128,9370.0,4220.0,-1,3.0,,,,,,29151.0,2011,612,609,0,0,0,0,0,12.0,14.0,51.0,2011,1.0,4,8,2,8800,88001,1,23,42,0,0,3.0,2.0,,0,14,54,,1,39,1,,0,0,5,2,57,57,57,1,0,0,2.0,1.0,,40.0,,40.0,,,,,,2.0,4.0,0.0,1,2.0,,1.0,1557.0,622.8,2.0,2.0,,,,11895.3101,3046.7586,0,0,0.0,0.0,0,0,2484,2,1.0,,,,,,3022.0849,7070.0,7340.0,-1,3.0,,,,,,28795.0,2012,624,609,0,0,0,0,0,12.0,1.0,,,20.0,34.0,2012,MIS4_to_MIS8,pennsylvania,0,2011-2012,0,1,0,1,retention
982959730156407,1,1.0,1,4,2,8800,88001,1,1,23,42,0,0,3.0,2.0,,0,1,55,2.0,2,43,1,,1,1,1,1,2,57,57,57,1,0,0,1.0,2.0,5.0,38.0,,,,,,,,5.0,2.0,0.0,1,2.0,1.0,1.0,4000.0,1500.0,2.0,2.0,,,,10488.753,2614.2997,0,0,0.0,0.0,0,0,58011,1,,,,1.0,1.0,,2584.3641,9480.0,5000.0,-1,,,,,,,29336.0,2011,612,609,0,0,0,0,0,18.0,17.0,51.0,2011,1.0,1,8,2,8800,88001,1,23,42,0,0,3.0,2.0,,0,1,56,2.0,2,43,1,,1,1,1,2,57,57,57,1,0,0,1.0,1.0,,38.0,,38.0,,,,,,2.0,4.0,0.0,1,2.0,,1.0,4000.0,1520.0,2.0,2.0,,,,11806.8183,2874.9131,0,0,0.0,0.0,0,0,18917,1,,,,1.0,1.0,,2898.2884,8270.0,2010.0,-1,,,,,,,28968.0,2012,624,609,0,0,0,0,0,18.0,1.0,,,6.0,42.0,2012,MIS4_to_MIS8,pennsylvania,0,2011-2012,0,1,0,1,retention
140925097843119,1,1.0,7,4,2,8800,88001,1,1,23,42,27780,21,,1.0,,2,2,26,,2,43,1,,1,0,0,6,2,57,57,57,1,0,0,1.0,1.0,,15.0,,7.0,,,15.0,,,6.0,3.0,0.0,1,2.0,2.0,2.0,,150.0,2.0,2.0,,,,13883.3916,3502.1608,0,0,0.0,,0,0,4775,1,,,,2.0,,,3478.905,7860.0,2320.0,-1,,,,,,,29367.0,2011,612,609,0,0,0,0,0,16.0,8.0,40.0,2011,1.0,7,8,2,8800,88001,1,23,42,27780,21,,1.0,,2,2,26,,2,43,1,,0,0,6,2,57,57,57,1,0,0,1.0,7.0,,,,,,8.0,,,,1.0,2.0,0.0,2,,,,,,,,,,,11283.3799,2872.9164,0,0,,,0,0,59985,1,,,,1.0,1.0,,2868.8772,7860.0,2310.0,-1,,,,,,,29005.0,2012,624,609,0,0,0,0,0,18.0,1.0,,,8.0,40.0,2012,MIS4_to_MIS8,pennsylvania,0,2011-2012,1,0,0,0,retention
600122004443920,1,2.0,1,4,2,8800,88001,1,1,23,42,25420,43,,1.0,,4,1,69,2.0,1,36,1,,1,1,1,1,2,57,57,57,1,0,0,2.0,1.0,,-4.0,,6.0,,,21.0,,,7.0,3.0,0.0,1,2.0,1.0,1.0,500.0,344.74,1.0,,,,,11897.5508,2785.8171,0,0,0.0,1.0,0,0,28472,1,,,,,,,2758.1853,7860.0,9120.0,-1,,,,,,,29434.0,2011,612,609,0,0,0,0,0,10.0,22.0,40.0,2011,1.0,1,8,2,8800,88001,1,23,42,25420,43,,1.0,,4,1,70,2.0,1,36,1,,1,1,1,2,57,57,57,1,0,0,1.0,5.0,,,,,,,,,,1.0,,,2,,,,,,,,,,,12294.5635,3101.1166,0,0,,,0,0,18881,1,,,,,,,3124.3086,,,-1,,,,,,,29069.0,2012,624,609,0,0,0,0,0,10.0,1.0,,,,,2012,MIS4_to_MIS8,pennsylvania,0,2011-2012,0,1,0,0,retention
193924700016739,2,1.0,7,4,2,8800,88001,1,1,33,17,40420,0,1.0,1.0,,3,2,55,,2,44,1,,1,0,0,7,2,57,57,57,1,0,0,1.0,1.0,,37.0,,37.0,,,,,,2.0,2.0,0.0,1,2.0,2.0,2.0,,596.0,1.0,,,,,11100.4677,2853.3381,0,0,1.0,,0,0,21775,1,,,,,,3.0,2835.4561,9480.0,350.0,-1,,,,,,,49506.0,2011,613,610,0,0,0,0,0,18.0,1.0,51.0,2011,1.0,7,8,2,8800,88001,1,33,17,40420,0,1.0,1.0,,3,2,56,,2,44,1,,0,0,7,2,57,57,57,1,0,0,1.0,1.0,,37.0,6.0,30.0,,,6.0,,,4.0,2.0,0.0,1,2.0,2.0,2.0,,1575.23,1.0,,,,,11551.8193,3110.0165,0,0,0.0,,0,0,34757,1,,,,,,3.0,3082.94,9480.0,430.0,-1,,,,,,,49104.0,2012,625,610,0,0,0,0,0,18.0,1.0,,,1.0,51.0,2012,MIS4_to_MIS8,illinois,1,2011-2012,1,0,0,0,retention
340192729700900,2,3.0,1,4,2,8800,88001,1,1,33,17,37900,0,1.0,1.0,,3,1,64,2.0,2,39,1,,1,1,1,1,2,57,57,57,1,0,0,2.0,1.0,,40.0,6.0,32.0,,,6.0,,,4.0,3.0,0.0,1,2.0,1.0,1.0,1669.0,961.0,2.0,2.0,,,,11441.2617,2923.6086,0,0,1.0,1.0,0,0,50887,1,1.0,,,,,,2887.8278,7860.0,7800.0,-1,,,,,,,49549.0,2011,613,610,0,0,0,0,0,12.0,21.0,40.0,2011,2.0,1,8,2,8800,88001,1,33,17,37900,0,1.0,1.0,,3,1,64,2.0,2,39,1,,1,1,1,2,57,57,57,1,0,0,2.0,1.0,,40.0,,40.0,,,,,,2.0,3.0,0.0,1,1.0,,1.0,1375.0,550.0,1.0,,,,,13086.2872,3316.701,0,0,0.0,0.0,0,0,44478,1,1.0,,,,,,3251.7863,7860.0,7800.0,-1,,,,,,,49155.0,2012,625,610,0,0,0,0,0,12.0,1.0,,,21.0,40.0,2012,MIS4_to_MIS8,illinois,1,2011-2012,1,0,0,0,retention
340192729700900,2,3.0,1,4,2,8800,88001,1,1,33,17,37900,0,1.0,1.0,,3,5,21,,2,39,1,,3,2,1,7,2,57,57,57,1,0,0,2.0,1.0,,40.0,,40.0,,,,,,2.0,3.0,0.0,1,2.0,1.0,1.0,1200.0,576.0,2.0,2.0,2.0,,,16820.9943,4055.3163,1,1,1.0,1.0,0,0,50887,3,1.0,,,,,,3982.473,8270.0,4120.0,-1,,,,,,,49551.0,2011,613,610,1,0,0,0,1,12.0,13.0,42.0,2011,2.0,1,8,2,8800,88001,1,33,17,37900,0,1.0,1.0,,3,5,22,,2,39,1,,2,1,7,2,57,57,57,1,0,0,2.0,1.0,,40.0,,40.0,,,,,,2.0,4.0,0.0,1,2.0,,1.0,1150.0,460.0,1.0,,2.0,,,15586.6304,3789.1463,2,1,0.0,0.0,0,0,44478,3,1.0,,,,,,3740.1501,8270.0,4000.0,-1,,,,,,,49157.0,2012,625,610,0,1,0,0,1,12.0,1.0,,,13.0,42.0,2012,MIS4_to_MIS8,illinois,1,2011-2012,0,1,0,1,retention
604900911299037,2,2.0,1,4,2,8800,88001,1,1,33,17,16980,0,1.0,1.0,1.0,7,1,39,2.0,2,44,1,1.0,1,1,1,1,2,57,303,303,1,0,0,2.0,1.0,,35.0,,35.0,,,,,,2.0,3.0,0.0,1,2.0,2.0,2.0,,1346.15,1.0,,,,,11367.312,2885.88,5,2,0.0,,0,0,43587,1,,,,,,2.0,2851.1791,7860.0,1820.0,-1,,,,,,,49604.0,2011,613,610,1,1,0,0,1,18.0,5.0,40.0,2011,2.0,1,8,2,8800,88001,1,33,17,16980,0,1.0,1.0,1.0,7,1,40,2.0,2,44,1,1.0,1,1,1,2,57,303,303,1,0,0,2.0,1.0,,36.0,,36.0,,,,,,2.0,3.0,0.0,1,2.0,2.0,2.0,,1153.84,1.0,,,,,12832.0199,3312.1453,5,2,0.0,,0,0,4961,1,,,,,,3.0,3231.4605,7860.0,1820.0,-1,,,,,,,49205.0,2012,625,610,1,1,0,0,1,18.0,1.0,,,5.0,40.0,2012,MIS4_to_MIS8,illinois,1,2011-2012,1,0,0,0,retention
57971470981999,2,1.0,1,4,2,8800,88001,1,1,33,17,40420,0,2.0,1.0,,3,4,21,,1,40,1,,3,1,3,7,2,57,57,57,1,0,0,2.0,1.0,,10.0,,10.0,,,20.0,,,7.0,2.0,0.0,1,2.0,,1.0,900.0,90.0,2.0,2.0,1.0,1.0,2.0,16274.1752,4064.5935,0,0,0.0,0.0,0,0,33860,3,,,2.0,,,,4027.1647,7860.0,2540.0,-1,,,,,1.0,1.0,49768.0,2011,613,610,0,0,0,0,0,13.0,8.0,40.0,2011,1.0,1,8,2,8800,88001,1,33,17,40420,0,2.0,1.0,,3,4,22,,1,40,1,,1,3,7,2,57,57,57,1,0,0,2.0,1.0,,15.0,,12.0,,,20.0,,,7.0,3.0,0.0,1,2.0,,1.0,950.0,142.5,2.0,2.0,1.0,2.0,2.0,15363.2557,3826.5694,0,0,0.0,0.0,0,0,34755,3,,,2.0,,,,3745.787,7860.0,2540.0,-1,,,,,1.0,1.0,49354.0,2012,625,610,0,0,0,0,0,13.0,1.0,,,8.0,40.0,2012,MIS4_to_MIS8,illinois,1,2011-2012,1,0,0,0,retention
71057189140530,2,2.0,1,4,2,8800,88001,1,1,33,17,16980,0,2.0,1.0,,7,1,75,2.0,1,44,1,,1,1,1,1,2,212,212,212,4,0,6,2.0,1.0,,40.0,,40.0,,,,,,2.0,2.0,0.0,1,2.0,2.0,2.0,,1538.0,2.0,2.0,,,,12280.1125,3091.9813,0,0,1.0,,0,0,21461,1,,,,,,3.0,2964.7112,9480.0,800.0,-1,,,,,,,49773.0,2011,613,610,0,0,0,0,0,18.0,2.0,51.0,2011,1.0,1,8,2,8800,88001,1,33,17,16980,0,2.0,1.0,,7,1,76,2.0,1,44,1,,1,1,1,2,212,212,212,4,0,6,1.0,1.0,,40.0,,40.0,,,,,,2.0,2.0,0.0,1,2.0,2.0,2.0,,769.23,1.0,,,,,10427.9562,2652.0223,0,0,0.0,,0,0,34487,1,,,,,,3.0,2513.5855,9370.0,800.0,-1,,,,,3.0,,49362.0,2012,625,610,0,0,0,0,0,18.0,1.0,,,2.0,51.0,2012,MIS4_to_MIS8,illinois,1,2011-2012,1,0,0,0,retention
75981470980697,2,1.0,7,4,2,8800,88001,1,1,33,17,16980,0,2.0,1.0,,7,2,72,,2,43,1,,1,0,0,7,2,57,57,57,1,0,0,1.0,1.0,,12.0,,12.0,,,21.0,,,7.0,3.0,0.0,1,2.0,,1.0,1200.0,144.0,1.0,,,,,11471.4907,2930.0915,0,0,1.0,1.0,0,0,33835,1,,,,2.0,,,2853.9802,7870.0,2200.0,-1,,,,,,,49777.0,2011,613,610,0,0,0,0,0,16.0,8.0,40.0,2011,1.0,7,8,2,8800,88001,1,33,17,16980,0,2.0,1.0,,7,2,74,,2,43,1,,0,0,7,2,57,57,57,1,0,0,1.0,1.0,,12.0,,12.0,,,21.0,,,7.0,3.0,0.0,1,2.0,,1.0,4000.0,480.0,2.0,2.0,,,,10648.473,2935.0785,0,0,0.0,0.0,0,0,9153,1,,,,2.0,,,2855.7579,7870.0,2200.0,-1,,,,,,,49366.0,2012,625,610,0,0,0,0,0,16.0,1.0,,,8.0,40.0,2012,MIS4_to_MIS8,illinois,1,2011-2012,1,0,0,0,retention
191974508014729,2,1.0,1,4,2,8800,88001,1,1,33,17,16980,0,2.0,1.0,,7,1,53,2.0,2,43,1,,1,1,1,1,2,57,57,57,1,0,0,1.0,1.0,,-4.0,,15.0,,,18.0,,,7.0,3.0,0.0,1,1.0,2.0,2.0,,192.3,2.0,2.0,,,,11464.7218,2905.3262,4,1,0.0,,0,0,54212,1,,,,1.0,1.0,,2906.6092,7860.0,2000.0,-1,,,,,,,49821.0,2011,613,610,0,0,0,1,0,18.0,6.0,40.0,2011,1.0,1,8,2,8800,88001,1,33,17,16980,0,2.0,1.0,,7,1,54,2.0,2,43,1,,1,1,1,2,57,57,57,1,0,0,1.0,1.0,,10.0,,12.0,,,18.0,,,7.0,3.0,0.0,1,2.0,2.0,2.0,,38.88,2.0,2.0,,,,13058.0132,3254.3557,4,1,0.0,,0,0,58528,1,,,,1.0,1.0,,3208.1159,7860.0,4965.0,50,,,,,,,49414.0,2012,625,610,0,0,0,1,0,18.0,1.0,,,16.0,40.0,2012,MIS4_to_MIS8,illinois,1,2011-2012,1,0,0,0,retention
410709843274743,2,1.0,6,4,2,8800,88001,1,1,33,17,16980,0,2.0,1.0,,7,2,53,,1,40,1,,1,0,0,5,2,57,57,57,1,0,0,1.0,1.0,,40.0,,40.0,,,,,,2.0,3.0,0.0,1,2.0,2.0,2.0,,1057.69,1.0,,,,,13282.4027,3282.1372,0,0,0.0,,0,0,43582,1,,,1.0,,,,3273.3983,670.0,6320.0,-1,,,,,,,49929.0,2011,613,610,0,0,0,0,0,12.0,19.0,24.0,2011,1.0,6,8,2,8800,88001,1,33,17,16980,0,2.0,1.0,,7,2,54,,1,40,1,,0,0,5,2,57,57,57,1,0,0,1.0,1.0,,40.0,,40.0,,,,,,2.0,3.0,0.0,1,1.0,1.0,1.0,4200.0,1600.0,1.0,,,,,12087.2278,3027.2736,0,0,0.0,0.0,0,0,18668,1,,,1.0,,,,2994.949,670.0,8620.0,-1,,,,,,,49518.0,2012,625,610,0,0,0,0,0,12.0,1.0,,,21.0,24.0,2012,MIS4_to_MIS8,illinois,1,2011-2012,1,0,0,0,retention
410709912608892,2,1.0,1,4,2,8800,88001,1,1,33,17,37900,0,2.0,1.0,,3,3,57,1.0,1,39,1,,2,1,2,1,2,57,57,57,1,0,0,2.0,1.0,,48.0,,57.0,,,,,,2.0,2.0,0.0,1,2.0,,1.0,2000.0,960.0,1.0,,,,,13030.2885,3036.1321,0,0,0.0,0.0,0,0,21782,2,1.0,,,,,,3027.6023,7860.0,4220.0,4220,,,,,,,49932.0,2011,613,610,0,0,0,0,0,12.0,14.0,40.0,2011,1.0,1,8,2,8800,88001,1,33,17,37900,0,2.0,1.0,,3,3,58,1.0,1,39,1,,1,2,1,2,57,57,57,1,0,0,2.0,1.0,,50.0,,59.0,,,,,,2.0,2.0,0.0,1,2.0,,1.0,1900.0,950.0,1.0,,,,,12345.8129,2971.9246,0,0,0.0,0.0,0,0,44512,2,1.0,,,,,,2939.9581,7690.0,4220.0,4220,,,,,,,49521.0,2012,625,610,0,0,0,0,0,12.0,1.0,,,14.0,38.0,2012,MIS4_to_MIS8,illinois,1,2011-2012,1,0,0,0,retention
549193439700905,2,2.0,1,4,2,8800,88001,1,1,33,17,16980,0,2.0,1.0,,7,3,54,1.0,2,44,2,,2,1,2,1,2,57,57,57,1,0,0,1.0,1.0,,35.0,,45.0,,,,,,2.0,3.0,0.0,1,2.0,2.0,2.0,,1634.61,1.0,,,,,13058.5518,3279.7279,0,0,0.0,,0,0,5158,2,,,,,,2.0,3203.1526,7860.0,2000.0,-1,,,,,,,49993.0,2011,613,610,0,0,0,0,0,18.0,6.0,40.0,2011,1.0,1,8,2,8800,88001,1,33,17,16980,0,2.0,1.0,,7,3,55,1.0,2,44,2,,1,2,1,2,57,57,57,1,0,0,2.0,1.0,,35.0,,35.0,,,,,,2.0,3.0,0.0,1,2.0,2.0,2.0,,1596.15,1.0,,,,,13087.7658,2858.2958,0,0,0.0,,0,0,18671,2,,,,,,2.0,2829.1743,7860.0,2000.0,-1,,,,,,,49579.0,2012,625,610,0,0,0,0,0,18.0,2.0,,,6.0,40.0,2012,MIS4_to_MIS8,illinois,1,2011-2012,1,0,0,0,retention
708530453340941,2,1.0,7,4,2,8800,88001,1,1,33,17,16980,0,2.0,1.0,,7,2,28,,2,43,1,,1,0,0,7,2,57,57,57,1,0,0,1.0,1.0,,40.0,,48.0,,,,,,2.0,3.0,0.0,1,1.0,1.0,1.0,2319.0,950.0,1.0,,,,,14901.2058,3751.7134,0,0,0.0,0.0,0,0,33600,1,,,,1.0,1.0,,3736.8586,7860.0,2860.0,-1,,,,,,,50048.0,2011,613,610,0,0,0,0,0,18.0,9.0,40.0,2011,1.0,7,8,2,8800,88001,1,33,17,16980,0,2.0,1.0,,7,2,29,,2,43,1,,0,0,7,2,57,57,57,1,0,0,1.0,1.0,,50.0,,51.0,,,,,,2.0,3.0,0.0,1,1.0,,1.0,2450.0,1128.0,2.0,2.0,,,,12059.8064,3090.7969,0,0,0.0,0.0,0,0,22017,1,,,,1.0,1.0,,3059.9217,7860.0,2330.0,4600,,,,,,,49644.0,2012,625,610,0,0,0,0,0,18.0,1.0,,,8.0,40.0,2012,MIS4_to_MIS8,illinois,1,2011-2012,1,0,0,0,retention
789280758500941,2,1.0,6,4,2,8800,88001,1,1,33,17,16980,0,2.0,1.0,,7,2,55,,1,44,1,,1,0,0,5,2,57,57,57,1,0,0,1.0,7.0,,,,,,11.0,,,,1.0,3.0,0.0,2,,,,,,,,,,,12241.9566,3029.4891,0,0,,,0,0,21645,1,,,,,,2.0,3051.2789,7860.0,2320.0,-1,,,,,,,50094.0,2011,613,610,0,0,0,0,0,18.0,8.0,40.0,2011,1.0,6,8,2,8800,88001,1,33,17,16980,0,2.0,1.0,,7,2,56,,1,44,1,,0,0,5,2,57,57,57,1,0,0,1.0,5.0,,,,,,,,,,1.0,3.0,0.0,2,,,,,,,,,,,12330.9301,2955.1252,0,0,,,0,0,22198,1,,,,,,2.0,3004.6492,7860.0,2720.0,-1,,,,,,,49684.0,2012,625,610,0,0,0,0,0,18.0,1.0,,,9.0,40.0,2012,MIS4_to_MIS8,illinois,1,2011-2012,1,0,0,0,retention
837199940999109,2,2.0,1,4,2,8800,88001,1,1,33,17,16980,0,2.0,1.0,,7,3,57,1.0,2,40,1,,2,1,2,1,2,57,57,57,1,0,0,1.0,1.0,,40.0,,40.0,,,,,,2.0,3.0,0.0,1,2.0,1.0,1.0,2500.0,961.53,2.0,2.0,,,,11042.2119,2838.3637,0,0,0.0,0.0,0,0,21612,2,,,2.0,,,,2820.5755,7860.0,4220.0,-1,,,,,,,50144.0,2011,613,610,0,0,0,0,0,13.0,14.0,40.0,2011,2.0,1,8,2,8800,88001,1,33,17,16980,0,2.0,1.0,,7,3,58,1.0,2,40,1,,1,2,1,2,57,57,57,1,0,0,1.0,1.0,,40.0,,40.0,,,,,,2.0,3.0,0.0,1,2.0,1.0,1.0,950.0,923.07,2.0,2.0,,,,11225.4162,3022.1412,0,0,0.0,1.0,0,0,22190,2,,,2.0,,,,2995.8298,7860.0,4220.0,-1,,,,,,,49747.0,2012,625,610,0,0,0,0,0,13.0,1.0,,,14.0,40.0,2012,MIS4_to_MIS8,illinois,1,2011-2012,1,0,0,0,retention
935037044148350,2,1.0,7,4,2,8800,88001,1,1,33,17,16980,0,2.0,1.0,,7,2,62,,2,39,1,,1,0,0,5,2,57,57,57,1,0,0,1.0,1.0,,35.0,13.0,21.0,,,13.0,,,4.0,3.0,0.0,1,2.0,1.0,1.0,2200.0,750.0,1.0,,,,,11034.7516,2819.7322,0,0,0.0,0.0,0,0,8841,1,1.0,,,,,,2785.2227,9370.0,5810.0,-1,,,,,,,50213.0,2011,613,610,0,0,0,0,0,12.0,17.0,51.0,2011,1.0,7,8,2,8800,88001,1,33,17,16980,0,2.0,1.0,,7,2,63,,2,39,1,,0,0,5,2,57,57,57,1,0,0,1.0,1.0,,40.0,6.0,32.0,,,6.0,,,4.0,3.0,0.0,1,2.0,1.0,1.0,1300.0,807.69,1.0,,,,,12716.5269,3222.9858,0,0,0.0,0.0,0,0,44334,1,1.0,,,,,,3159.9053,9470.0,5220.0,-1,,,,,,,49807.0,2012,625,610,0,0,0,0,0,12.0,1.0,,,17.0,51.0,2012,MIS4_to_MIS8,illinois,1,2011-2012,1,0,0,0,retention
71523024909195,2,1.0,6,4,2,8800,88001,1,1,33,17,0,0,3.0,2.0,,0,2,29,,1,43,2,,1,0,0,7,2,332,332,332,5,0,21,1.0,1.0,,15.0,,12.0,,,20.0,,,7.0,2.0,0.0,1,2.0,,1.0,830.0,124.5,2.0,2.0,,,,16939.2507,4901.6197,0,0,0.0,0.0,0,0,8956,1,,,,1.0,1.0,,4891.544,7870.0,4030.0,-1,,,,,,,50249.0,2011,613,610,0,0,0,0,0,18.0,13.0,40.0,2011,1.0,6,8,2,8800,88001,1,33,17,0,0,3.0,2.0,,0,2,30,,1,44,2,,0,0,7,2,332,332,332,5,0,21,1.0,1.0,,10.0,,10.0,,,20.0,,,7.0,2.0,0.0,1,2.0,2.0,2.0,,161.53,2.0,1.0,,,,11954.557,3183.8273,0,0,0.0,,0,0,9061,1,,,,,,2.0,3083.64,7870.0,2200.0,-1,,,,,,,49840.0,2012,625,610,0,0,0,0,0,18.0,2.0,,,8.0,40.0,2012,MIS4_to_MIS8,illinois,1,2011-2012,1,0,0,0,retention
196914309060709,2,1.0,4,4,2,8800,88001,1,1,33,17,0,99,3.0,2.0,,0,7,22,,1,39,1,,4,1,4,7,2,57,57,57,1,0,0,2.0,1.0,,20.0,,20.0,,,19.0,,,7.0,3.0,0.0,1,2.0,,1.0,1000.0,200.0,2.0,2.0,2.0,,,16721.279,4176.2609,0,0,1.0,1.0,0,42,43701,4,1.0,,,,,,4137.8038,8390.0,4130.0,-1,,,,,2.0,,50272.0,2011,613,610,0,0,0,0,0,12.0,13.0,43.0,2011,2.0,4,8,2,8800,88001,1,33,17,0,99,3.0,2.0,,0,7,23,,1,39,1,,1,4,7,2,57,57,57,1,0,0,2.0,1.0,,12.0,,12.0,,,19.0,,,7.0,4.0,0.0,1,2.0,,1.0,850.0,102.0,2.0,2.0,2.0,,,15141.343,3771.297,0,0,1.0,1.0,0,42,34670,4,1.0,,,,,,3691.6815,8390.0,5940.0,-1,,,,,2.0,,49867.0,2012,625,610,0,0,0,0,0,12.0,1.0,,,17.0,43.0,2012,MIS4_to_MIS8,illinois,1,2011-2012,0,1,0,1,retention
340191969700960,2,1.0,4,4,2,8800,88001,1,1,33,17,0,99,3.0,2.0,,0,1,55,,2,43,1,,1,1,1,4,2,57,57,57,1,0,0,1.0,1.0,,40.0,,51.0,,,,,,2.0,3.0,0.0,1,2.0,,1.0,1439.0,575.6,1.0,,,,,11370.4551,2922.7375,0,0,0.0,0.0,0,0,5171,1,,,,2.0,,,2904.4206,9370.0,4220.0,4020,,,,,,,50286.0,2011,613,610,0,0,0,0,0,16.0,14.0,51.0,2011,1.0,4,8,2,8800,88001,1,33,17,0,99,3.0,2.0,,0,1,56,,2,43,1,,1,1,4,2,57,57,57,1,0,0,1.0,1.0,,40.0,,42.0,,,,,,2.0,3.0,0.0,1,2.0,,1.0,1504.0,601.6,1.0,,,,,11126.1647,2995.4204,0,0,0.0,0.0,0,0,34669,1,,,,2.0,,,2969.3417,770.0,4220.0,4020,,,,,,,49882.0,2012,625,610,0,0,0,0,0,16.0,1.0,,,14.0,4.0,2012,MIS4_to_MIS8,illinois,1,2011-2012,1,0,0,0,retention
4741470016702,2,1.0,1,4,2,8800,88001,1,1,33,17,14060,113,,1.0,,2,1,36,2.0,2,44,1,,1,1,1,1,2,57,57,57,1,0,0,1.0,1.0,,45.0,,45.0,,,,,,2.0,2.0,0.0,1,2.0,2.0,2.0,,923.07,2.0,2.0,,,,15192.3112,3869.602,0,0,0.0,,0,0,43712,1,,,,,,3.0,3810.5755,7870.0,2200.0,-1,,,,,,,50343.0,2011,613,610,0,0,0,0,0,18.0,8.0,40.0,2011,1.0,1,8,2,8800,88001,1,33,17,14060,113,,1.0,,2,1,37,2.0,2,44,1,,1,1,1,2,57,57,57,1,0,0,1.0,1.0,,55.0,,51.0,,,,,,2.0,2.0,0.0,1,2.0,2.0,2.0,,963.46,2.0,2.0,,,,12805.984,3264.082,0,0,0.0,,0,0,51518,1,,,,,,3.0,3224.904,7860.0,2310.0,-1,,,,,,,49956.0,2012,625,610,0,0,0,0,0,18.0,1.0,,,8.0,40.0,2012,MIS4_to_MIS8,illinois,1,2011-2012,1,0,0,0,retention
72047164140070,2,1.0,7,4,2,8800,88001,1,1,33,17,14060,113,,1.0,,2,2,72,,2,44,1,,1,0,0,4,2,57,57,57,1,0,0,1.0,1.0,,3.0,,3.0,,,21.0,,,7.0,3.0,0.0,1,2.0,,1.0,2800.0,84.0,2.0,2.0,,,,11665.727,2979.7041,0,0,0.0,0.0,0,0,5174,1,,,,,,2.0,2902.3041,8570.0,4620.0,-1,,,,,,,50356.0,2011,613,610,0,0,0,0,0,18.0,15.0,44.0,2011,1.0,7,8,2,8800,88001,1,33,17,14060,113,,1.0,,2,2,73,,2,44,1,,0,0,4,2,57,57,57,1,0,0,1.0,1.0,,3.0,,3.0,,,18.0,,,7.0,3.0,0.0,1,2.0,,1.0,3000.0,90.0,2.0,2.0,,,,11085.1614,3055.4445,0,0,0.0,0.0,0,0,4974,1,,,,,,2.0,2972.8711,8570.0,4620.0,-1,,,,,,,49970.0,2012,625,610,0,0,0,0,0,18.0,1.0,,,15.0,44.0,2012,MIS4_to_MIS8,illinois,1,2011-2012,1,0,0,0,retention
177620040740104,2,2.0,1,4,2,8800,88001,1,1,33,17,14060,113,,1.0,,2,1,39,2.0,1,44,1,,1,1,1,1,2,57,57,57,1,0,0,2.0,1.0,,50.0,10.0,30.0,,,10.0,,,4.0,3.0,0.0,1,2.0,2.0,2.0,,1487.17,1.0,,,,,13906.8787,3588.1457,11,3,0.0,,0,0,18378,1,,,,,,2.0,3581.7417,7860.0,2310.0,-1,,,,,,,50368.0,2011,613,610,1,1,1,0,1,18.0,8.0,40.0,2011,2.0,1,8,2,8800,88001,1,33,17,14060,113,,1.0,,2,1,40,2.0,1,44,1,,1,1,1,2,57,57,57,1,0,0,2.0,1.0,,40.0,,48.0,,,,,,2.0,3.0,0.0,1,2.0,2.0,2.0,,1410.0,1.0,,,,,12486.6898,3237.8604,11,3,0.0,,0,0,18680,1,,,,,,2.0,3182.7145,7860.0,2310.0,-1,,,,,,,49989.0,2012,625,610,1,1,1,0,1,18.0,1.0,,,8.0,40.0,2012,MIS4_to_MIS8,illinois,1,2011-2012,1,0,0,0,retention
177620040740104,2,2.0,1,4,2,8800,88001,1,1,33,17,14060,113,,1.0,,2,3,38,1.0,2,44,1,,2,1,2,1,2,57,57,57,1,0,0,1.0,1.0,,60.0,,43.0,,,,,,2.0,3.0,0.0,1,2.0,2.0,2.0,,1435.89,1.0,,,,,15192.3112,3869.602,11,3,0.0,,0,0,18378,2,,,,,,2.0,3810.5755,7860.0,2310.0,2200,,,,,,,50369.0,2011,613,610,1,1,1,0,1,18.0,8.0,40.0,2011,2.0,1,8,2,8800,88001,1,33,17,14060,113,,1.0,,2,3,39,1.0,2,44,1,,1,2,1,2,57,57,57,1,0,0,1.0,1.0,,40.0,,53.0,,,,,,2.0,3.0,0.0,1,2.0,2.0,2.0,,1410.25,1.0,,,,,12805.984,3264.082,11,3,0.0,,0,0,18680,2,,,,,,2.0,3224.904,7860.0,2310.0,2200,,,,,,,49990.0,2012,625,610,1,1,1,0,1,18.0,1.0,,,8.0,40.0,2012,MIS4_to_MIS8,illinois,1,2011-2012,1,0,0,0,retention
194974305049749,2,1.0,6,4,2,8800,88001,1,1,33,17,44100,0,,1.0,,2,2,54,,1,43,1,,1,0,0,5,2,57,57,57,1,0,0,1.0,1.0,,38.0,4.0,30.0,,,4.0,,,4.0,2.0,0.0,1,2.0,,1.0,5200.0,1976.0,1.0,,,,,13352.4771,3299.4529,0,0,1.0,1.0,0,0,64291,1,,,,1.0,2.0,,3290.6679,9480.0,1020.0,-1,,,,,,,50382.0,2011,613,610,0,0,0,0,0,17.0,3.0,51.0,2011,1.0,3,8,2,8800,88001,1,33,17,44100,0,,1.0,,2,1,55,,1,43,1,,1,1,5,2,57,57,57,1,0,0,1.0,1.0,,37.0,5.0,25.0,,,5.0,,,4.0,2.0,0.0,1,2.0,2.0,2.0,,1442.3,1.0,,,,,12632.9778,3041.0518,0,0,0.0,,0,0,18698,1,,,,2.0,,,3008.3418,9480.0,1006.0,-1,,,,,,,50003.0,2012,625,610,0,0,0,0,0,16.0,1.0,,,3.0,51.0,2012,MIS4_to_MIS8,illinois,1,2011-2012,1,0,0,0,retention
410709934475499,2,1.0,7,4,2,8800,88001,1,1,33,17,44100,0,,1.0,,2,2,54,,2,44,1,,1,0,0,5,2,57,57,57,1,0,0,1.0,1.0,,38.0,,38.0,,,,,,2.0,2.0,0.0,1,2.0,2.0,2.0,,1238.46,1.0,,,,,11525.2066,2920.6539,0,0,0.0,,0,0,43749,1,,,,,,2.0,2921.9437,6770.0,2430.0,-1,,,,,,,50408.0,2011,613,610,0,0,0,0,0,18.0,8.0,31.0,2011,1.0,7,8,2,8800,88001,1,33,17,44100,0,,1.0,,2,2,55,,2,44,1,,0,0,5,2,57,57,57,1,0,0,1.0,1.0,,37.0,6.0,30.0,,,6.0,,,4.0,2.0,0.0,1,2.0,2.0,2.0,,1250.0,1.0,,,,,11551.8193,3110.0165,0,0,0.0,,0,0,51549,1,,,,,,2.0,3082.94,6770.0,2430.0,-1,,,,,,,50033.0,2012,625,610,0,0,0,0,0,18.0,1.0,,,8.0,31.0,2012,MIS4_to_MIS8,illinois,1,2011-2012,1,0,0,0,retention
32371480014902,2,1.0,1,4,2,8800,88001,1,1,32,18,21780,0,2.0,1.0,,3,3,33,1.0,2,44,1,,2,1,2,1,2,57,57,57,1,0,0,2.0,1.0,,55.0,,55.0,,,,,,2.0,3.0,0.0,1,2.0,2.0,2.0,,1442.3,2.0,2.0,,,,12581.2946,3135.726,8,3,0.0,,0,0,64316,2,,,,,,2.0,3155.0815,7860.0,230.0,-1,,,,,,,50627.0,2011,613,610,0,1,1,0,1,18.0,1.0,40.0,2011,1.0,1,8,2,8800,88001,1,32,18,21780,0,2.0,1.0,,3,3,35,1.0,2,44,1,,1,2,1,2,57,57,57,1,0,0,2.0,1.0,,55.0,,55.0,,,,,,2.0,3.0,0.0,1,2.0,2.0,2.0,,1384.61,2.0,2.0,,,,11400.5065,2809.0114,8,3,0.0,,0,0,22551,2,,,,,,2.0,2870.9655,7860.0,230.0,-1,,,,,,,50275.0,2012,625,610,0,1,1,0,1,18.0,1.0,,,1.0,40.0,2012,MIS4_to_MIS8,indiana,0,2011-2012,1,0,0,0,retention
410800006593311,2,1.0,4,4,2,8800,88001,1,1,32,18,16980,89,2.0,1.0,,7,1,29,,2,44,1,,1,1,1,5,2,57,57,57,1,0,0,1.0,2.0,5.0,-4.0,,,,,,,,5.0,3.0,0.0,1,2.0,2.0,1.0,1600.0,961.0,2.0,2.0,,,,11308.5216,2804.6408,2,1,1.0,1.0,0,42,57536,1,,,,,,3.0,2835.9011,9470.0,3740.0,1650,,,,,,,50712.0,2011,613,610,0,1,0,0,1,18.0,12.0,51.0,2011,1.0,4,8,2,8800,88001,1,32,18,16980,89,2.0,1.0,,7,1,28,,2,39,1,,1,1,7,2,57,57,57,1,0,0,1.0,1.0,,40.0,,40.0,,,,,,2.0,4.0,0.0,1,2.0,,1.0,1800.0,720.0,2.0,2.0,,,,11329.3666,2806.8358,5,2,1.0,1.0,0,42,44568,1,1.0,,,,,,2874.588,8980.0,4510.0,-1,,,,,,,50352.0,2012,625,610,1,1,0,0,1,12.0,1.0,,,15.0,48.0,2012,MIS4_to_MIS8,indiana,0,2011-2012,0,1,0,1,retention
543198969800950,2,1.0,1,4,2,8800,88001,1,1,32,18,26900,57,2.0,1.0,,5,1,57,2.0,2,44,1,,1,1,1,1,2,57,57,57,1,0,0,1.0,1.0,,-4.0,,54.0,,,,,,2.0,2.0,0.0,1,2.0,2.0,2.0,,1211.53,2.0,2.0,,,,11337.3641,2870.6962,0,0,0.0,,0,0,5218,1,,,,,,1.0,2895.9679,7870.0,2430.0,1650,,,,,,,50740.0,2011,613,610,0,0,0,0,0,17.0,8.0,40.0,2011,1.0,1,8,2,8800,88001,1,32,18,26900,57,2.0,1.0,,5,1,59,2.0,2,44,1,,1,1,1,2,57,57,57,1,0,0,1.0,1.0,,50.0,,48.0,,,,,,2.0,4.0,0.0,1,2.0,2.0,2.0,,1173.07,2.0,2.0,,,,12396.5576,3226.2251,0,0,0.0,,0,0,34793,1,,,,,,1.0,3308.383,7870.0,2430.0,-1,,,,,,,50380.0,2012,625,610,0,0,0,0,0,17.0,1.0,,,8.0,40.0,2012,MIS4_to_MIS8,indiana,0,2011-2012,0,1,0,1,retention
128860540860104,2,1.0,1,4,2,8800,88001,1,1,32,18,0,0,3.0,2.0,,0,4,22,,2,43,1,4.0,3,1,3,7,2,57,57,57,1,0,0,2.0,1.0,,40.0,,40.0,,,,,,2.0,2.0,0.0,1,2.0,,1.0,1100.0,440.0,2.0,2.0,2.0,,,11839.3219,2820.7065,0,0,0.0,0.0,0,0,33934,3,,,,2.0,,,2803.0317,9470.0,3800.0,-1,,,,,1.0,2.0,50836.0,2011,613,610,0,0,0,0,0,16.0,12.0,51.0,2011,1.0,1,8,2,8800,88001,1,32,18,0,0,3.0,2.0,,0,4,23,,2,43,1,4.0,1,3,7,2,57,57,57,1,0,0,2.0,1.0,,40.0,,40.0,,,,,,2.0,3.0,0.0,1,2.0,,1.0,1725.0,690.0,2.0,2.0,2.0,,,11007.1183,2646.8164,0,0,0.0,0.0,0,0,34806,3,,,,2.0,,,2641.2556,9470.0,3800.0,-1,,,,,1.0,2.0,50460.0,2012,625,610,0,0,0,0,0,16.0,1.0,,,12.0,51.0,2012,MIS4_to_MIS8,indiana,0,2011-2012,1,0,0,0,retention
192944502048849,2,1.0,1,4,2,8800,88001,1,1,32,18,0,0,3.0,2.0,,0,3,55,1.0,2,40,1,,2,1,2,1,2,57,57,57,1,0,0,2.0,1.0,,38.0,10.0,28.0,,,10.0,,,4.0,2.0,0.0,1,2.0,,1.0,1397.0,530.86,2.0,2.0,,,,10975.5061,2779.0713,0,0,0.0,0.0,0,0,21949,2,,,4.0,,,,2803.5365,9480.0,5700.0,-1,,,,,,,50850.0,2011,613,610,0,0,0,0,0,15.0,17.0,51.0,2011,1.0,1,8,2,8800,88001,1,32,18,0,0,3.0,2.0,,0,3,56,1.0,2,40,1,,1,2,1,2,57,57,57,1,0,0,2.0,1.0,,35.0,,35.0,,,,,,2.0,2.0,0.0,1,2.0,2.0,2.0,,350.76,2.0,2.0,,,,12153.2083,3162.893,0,0,0.0,,0,0,22516,2,,,3.0,,,,3243.4382,8370.0,5700.0,-1,,,,,,,50479.0,2012,625,610,0,0,0,0,0,14.0,1.0,,,17.0,43.0,2012,MIS4_to_MIS8,indiana,0,2011-2012,1,0,0,0,retention
193914601091809,2,1.0,6,4,2,8800,88001,1,1,32,18,0,0,3.0,2.0,,0,2,49,,1,43,1,,1,0,0,7,2,57,57,57,1,0,0,1.0,1.0,,40.0,,40.0,,,,,,2.0,3.0,0.0,1,2.0,2.0,2.0,,769.23,2.0,1.0,,,,12365.2801,2991.1031,0,0,0.0,,0,0,21994,1,,,,2.0,,,3047.3769,7860.0,2310.0,-1,,,,,,,50851.0,2011,613,610,0,0,0,0,0,16.0,8.0,40.0,2011,1.0,6,8,2,8800,88001,1,32,18,0,0,3.0,2.0,,0,2,50,,1,43,1,,0,0,7,2,57,57,57,1,0,0,1.0,1.0,,40.0,,40.0,,,,,,2.0,3.0,0.0,1,2.0,2.0,2.0,,1903.0,1.0,,,,,12344.3445,2988.6445,0,0,1.0,,0,42,44671,1,,,,2.0,,,3058.6569,7860.0,2320.0,-1,,,,,,,50480.0,2012,625,610,0,0,0,0,0,16.0,1.0,,,8.0,40.0,2012,MIS4_to_MIS8,indiana,0,2011-2012,1,0,0,0,retention
342197529800954,2,1.0,1,4,2,8800,88001,1,1,32,18,0,0,3.0,2.0,,0,1,46,2.0,2,43,1,,1,1,1,1,2,57,57,57,1,0,0,1.0,1.0,,45.0,,43.0,,,,,,2.0,2.0,0.0,1,2.0,1.0,1.0,4000.0,1550.0,1.0,,,,,11926.0644,2981.8984,0,0,0.0,1.0,0,0,18412,1,,,,1.0,1.0,,3023.5717,7860.0,2310.0,-1,,,,,,,50879.0,2011,613,610,0,0,0,0,0,18.0,8.0,40.0,2011,1.0,1,8,2,8800,88001,1,32,18,0,0,3.0,2.0,,0,1,47,2.0,2,43,1,,1,1,1,2,57,57,57,1,0,0,1.0,1.0,,50.0,,50.0,,,,,,2.0,2.0,0.0,1,2.0,2.0,2.0,,1211.53,1.0,,,,,13837.7605,3282.8675,0,0,0.0,,0,0,18728,1,,,,1.0,1.0,,3399.6856,7860.0,2310.0,-1,,,,,,,50512.0,2012,625,610,0,0,0,0,0,18.0,1.0,,,8.0,40.0,2012,MIS4_to_MIS8,indiana,0,2011-2012,1,0,0,0,retention
581745034909292,2,2.0,7,4,2,8800,88001,1,1,32,18,0,0,3.0,2.0,,0,2,54,,2,39,1,,1,0,0,5,2,57,57,57,1,0,0,2.0,1.0,,36.0,,36.0,,,,,,2.0,2.0,0.0,1,2.0,,1.0,1200.0,432.0,2.0,2.0,,,,11395.4637,2844.6351,0,0,0.0,0.0,0,0,5234,1,1.0,,,,,,2889.0504,9480.0,5260.0,-1,,,,,,,50922.0,2011,613,610,0,0,0,0,0,12.0,17.0,51.0,2011,2.0,7,8,2,8800,88001,1,32,18,0,0,3.0,2.0,,0,2,55,,2,39,1,,0,0,5,2,57,57,57,1,0,0,2.0,1.0,,36.0,,36.0,,,,,,2.0,2.0,0.0,1,2.0,,1.0,1200.0,432.0,2.0,2.0,,,,12153.2083,3162.893,0,0,0.0,0.0,0,0,42982,1,1.0,,,,,,3243.4382,9480.0,5860.0,-1,,,,,,,50550.0,2012,625,610,0,0,0,0,0,12.0,1.0,,,17.0,51.0,2012,MIS4_to_MIS8,indiana,0,2011-2012,1,0,0,0,retention
681026004909293,2,1.0,1,4,2,8800,88001,1,1,32,18,0,0,,1.0,,0,3,38,1.0,1,40,1,,2,1,2,1,2,57,57,57,1,0,0,2.0,1.0,,40.0,,45.0,,,,,,2.0,2.0,0.0,1,2.0,2.0,2.0,,664.0,2.0,2.0,,,,12649.5185,3214.9748,5,2,0.0,,0,0,60271,2,,,4.0,,,,3257.9063,9470.0,3800.0,-1,,,,,,,51041.0,2011,613,610,1,1,0,0,1,15.0,12.0,51.0,2011,1.0,1,8,2,8800,88001,1,32,18,0,0,,1.0,,0,3,39,1.0,1,43,1,,1,2,1,2,57,57,57,1,0,0,2.0,1.0,,40.0,,45.0,,,,,,2.0,2.0,0.0,1,1.0,1.0,1.0,1850.0,673.07,2.0,2.0,,,,12544.5737,3115.1123,6,2,0.0,1.0,0,0,13437,2,,,,2.0,,,3197.4685,9470.0,2010.0,-1,,,,,,,50665.0,2012,625,610,1,0,1,0,1,16.0,1.0,,,6.0,51.0,2012,MIS4_to_MIS8,indiana,0,2011-2012,1,0,0,0,retention
17223460935293,2,2.0,1,4,2,8800,88001,1,1,21,36,35620,47,1.0,1.0,,7,3,44,1.0,2,44,1,4.0,2,1,2,1,2,365,365,365,4,0,6,1.0,1.0,,37.0,,54.0,,,,,,2.0,3.0,0.0,1,2.0,2.0,2.0,,1826.92,1.0,,,,,11312.5786,2800.2743,3,2,0.0,,0,0,42270,2,,,,,,2.0,2837.4508,7860.0,2320.0,2320,,,,,,,61620.0,2011,613,610,0,0,1,0,0,18.0,8.0,40.0,2011,2.0,1,8,2,8800,88001,1,21,36,35620,47,1.0,1.0,,7,3,45,1.0,2,44,1,4.0,1,2,1,2,365,365,365,4,0,6,1.0,1.0,,37.0,,37.0,,,,,,2.0,3.0,0.0,1,2.0,2.0,2.0,,1846.15,1.0,,,,,17397.5622,4175.5594,3,2,0.0,,0,0,14900,2,,,,,,2.0,4274.264,7860.0,2310.0,-1,,,,,,,61421.0,2012,625,610,0,0,1,0,0,18.0,1.0,,,8.0,40.0,2012,MIS4_to_MIS8,new_york,0,2011-2012,1,0,0,0,retention
25853460981994,2,1.0,1,4,2,8800,88001,1,1,21,36,35620,47,1.0,1.0,,7,4,25,,2,43,4,,3,1,3,7,2,57,207,209,1,0,0,2.0,1.0,,40.0,,40.0,,,,,,2.0,3.0,0.0,1,2.0,1.0,1.0,2000.0,1057.69,1.0,,,,,10994.0949,2703.8989,0,0,0.0,1.0,0,0,28304,3,,,,2.0,,,2757.0506,9470.0,1965.0,-1,,,,,1.0,1.0,61645.0,2011,613,610,0,0,0,0,0,16.0,5.0,51.0,2011,1.0,4,8,2,8800,88001,1,21,36,35620,47,1.0,1.0,,7,4,26,,2,43,4,,1,3,7,2,57,207,209,1,0,0,2.0,1.0,,40.0,,40.0,,,,,,2.0,3.0,0.0,1,2.0,1.0,1.0,2550.0,1000.0,1.0,,,,,14080.0935,3503.6887,0,0,0.0,1.0,0,0,29411,3,,,,2.0,,,3572.527,9470.0,1760.0,-1,,,,,1.0,,61438.0,2012,625,610,0,0,0,0,0,16.0,4.0,,,5.0,51.0,2012,MIS4_to_MIS8,new_york,0,2011-2012,1,0,0,0,retention
50660090334309,2,1.0,1,4,2,8800,88001,1,1,21,36,35620,81,1.0,1.0,,7,4,27,,2,44,1,,4,1,3,7,2,57,132,132,1,0,0,2.0,1.0,,40.0,,40.0,,,,,,2.0,2.0,0.0,1,2.0,2.0,2.0,,1057.0,1.0,,,,,12558.6831,3107.4701,0,0,1.0,,0,0,18835,4,,,,,,3.0,3149.4111,7860.0,2310.0,-1,,,,,2.0,1.0,61680.0,2011,613,610,0,0,0,0,0,18.0,8.0,40.0,2011,4.0,1,8,2,8800,88001,1,21,36,35620,81,1.0,1.0,,7,4,28,,2,44,1,,1,3,7,2,57,132,132,1,0,0,1.0,1.0,,40.0,,40.0,,,,,,2.0,3.0,0.0,1,2.0,2.0,2.0,,1750.0,1.0,,,,,13553.2404,3427.2196,0,0,1.0,,0,42,29614,4,,,,,,3.0,3438.8492,7860.0,2330.0,-1,,,,,2.0,1.0,61475.0,2012,625,610,0,0,0,0,0,18.0,1.0,,,8.0,40.0,2012,MIS4_to_MIS8,new_york,0,2011-2012,1,0,0,0,retention
270361093234529,2,1.0,1,4,2,8800,88001,1,1,21,36,35620,47,1.0,1.0,,7,3,61,1.0,2,44,2,,2,1,2,1,2,57,57,57,1,0,0,2.0,1.0,,40.0,,40.0,,,,,,2.0,3.0,0.0,1,2.0,1.0,1.0,5356.0,507.0,1.0,,,,,13101.8727,3631.586,0,0,1.0,1.0,0,0,42269,2,,,,,,3.0,3608.9555,7860.0,2540.0,-1,,,,,,,61801.0,2011,613,610,0,0,0,0,0,18.0,8.0,40.0,2011,5.0,1,8,2,8800,88001,1,21,36,35620,47,1.0,1.0,,7,3,62,1.0,2,44,2,,1,2,1,2,57,57,57,1,0,0,2.0,1.0,,40.0,,40.0,,,,,,2.0,3.0,0.0,1,2.0,,1.0,1500.0,555.0,1.0,,,,,12371.0721,3286.65,0,0,0.0,0.0,0,0,1783,2,,,,,,3.0,3297.1396,7860.0,2540.0,-1,,,,,,,61593.0,2012,625,610,0,0,0,0,0,18.0,2.0,,,8.0,40.0,2012,MIS4_to_MIS8,new_york,0,2011-2012,1,0,0,0,retention
270361093234529,2,1.0,1,4,2,8800,88001,1,1,21,36,35620,47,1.0,1.0,,7,4,25,,1,39,2,,4,1,3,7,2,57,57,57,1,0,0,2.0,3.0,,,,,26.0,,,26.0,1.0,11.0,3.0,0.0,2,,,,,,,,,,,22862.3956,5445.9092,0,0,,,0,0,42269,4,1.0,,,,,,5108.228,7860.0,2540.0,-1,,,,,2.0,1.0,61802.0,2011,613,610,0,0,0,0,0,12.0,8.0,40.0,2011,5.0,1,8,2,8800,88001,1,21,36,35620,47,1.0,1.0,,7,4,26,,1,39,2,,1,3,7,2,57,57,57,1,0,0,2.0,7.0,,,,,,,,,,1.0,,,2,,,,,,,,,,,16211.1501,4322.1557,0,0,,,0,0,1783,4,1.0,,,,,,4021.5441,,,-1,,,,,2.0,1.0,61594.0,2012,625,610,0,0,0,0,0,12.0,2.0,,,,,2012,MIS4_to_MIS8,new_york,0,2011-2012,0,1,0,0,retention
364954900025669,2,1.0,1,4,2,8800,88001,1,1,21,36,35620,61,1.0,1.0,,7,3,46,1.0,2,44,1,4.0,2,1,2,1,2,57,57,117,1,0,0,2.0,1.0,,35.0,,35.0,,,,,,2.0,3.0,0.0,1,2.0,2.0,2.0,,1826.0,1.0,,,,,13873.2487,3437.5751,0,0,1.0,,0,42,48190,2,,,,,,2.0,3517.2343,7860.0,2550.0,-1,,,,,,,61840.0,2011,613,610,0,0,0,0,0,18.0,8.0,40.0,2011,2.0,1,8,2,8800,88001,1,21,36,35620,61,1.0,1.0,,7,3,47,1.0,2,43,1,4.0,1,2,1,2,57,57,117,1,0,0,1.0,1.0,,35.0,8.0,28.0,,,8.0,,,4.0,3.0,0.0,1,2.0,2.0,2.0,,747.5,1.0,,,,,17397.5622,4175.5594,10,2,0.0,,0,0,32524,2,,,,1.0,2.0,,4274.264,7860.0,2016.0,-1,,,,,,,61630.0,2012,625,610,0,0,1,1,0,17.0,1.0,,,6.0,40.0,2012,MIS4_to_MIS8,new_york,0,2011-2012,1,0,0,0,retention
392984206027647,2,2.0,1,4,2,8800,88001,1,1,21,36,35620,85,1.0,1.0,,7,1,32,2.0,1,39,1,,1,1,1,1,2,57,57,57,1,0,0,2.0,1.0,,40.0,,50.0,,,,,,2.0,3.0,0.0,1,1.0,2.0,2.0,,1730.76,1.0,,,,,12695.0578,3166.0568,0,0,0.0,,0,0,2111,1,1.0,,,,,,3197.8354,7790.0,9720.0,-1,,,,,,,61858.0,2011,613,610,0,0,0,0,0,12.0,22.0,39.0,2011,2.0,1,8,2,8800,88001,1,21,36,35620,85,1.0,1.0,,7,1,33,2.0,1,39,1,,1,1,1,2,57,57,57,1,0,0,2.0,1.0,,40.0,,40.0,,,,,,2.0,3.0,0.0,1,1.0,2.0,2.0,,2884.61,1.0,,,,,11374.34,2863.8377,1,1,0.0,,0,0,40733,1,1.0,,,,,,2888.9905,7790.0,9720.0,-1,,,,,,,61658.0,2012,625,610,1,0,0,0,1,12.0,1.0,,,22.0,39.0,2012,MIS4_to_MIS8,new_york,0,2011-2012,1,0,0,0,retention
395904107068662,2,1.0,4,4,2,8800,88001,1,1,21,36,35620,47,1.0,1.0,,7,1,35,,2,40,2,,1,1,1,6,2,57,57,57,1,0,0,1.0,1.0,,35.0,,35.0,,,,,,2.0,3.0,0.0,1,2.0,1.0,1.0,990.0,1000.0,1.0,,,,,15817.9996,3675.0905,3,2,0.0,1.0,0,0,60528,1,,,3.0,,,,3810.9234,7070.0,565.0,-1,,,,,,,61874.0,2011,613,610,0,0,1,0,0,14.0,2.0,34.0,2011,1.0,4,8,2,8800,88001,1,21,36,35620,47,1.0,1.0,,7,1,36,,2,40,2,,1,1,6,2,57,57,57,1,0,0,1.0,1.0,,35.0,,35.0,,,,,,2.0,3.0,0.0,1,2.0,1.0,1.0,2650.0,550.0,1.0,,,,,13209.8138,3191.47,10,2,0.0,0.0,0,0,48814,1,,,2.0,,,,3209.7978,7070.0,5240.0,-1,,,,,,,61675.0,2012,625,610,0,0,1,1,0,13.0,2.0,,,17.0,34.0,2012,MIS4_to_MIS8,new_york,0,2011-2012,1,0,0,0,retention
395944009009689,2,1.0,6,4,2,8800,88001,1,1,21,36,15380,0,1.0,1.0,1.0,5,2,39,,1,44,1,,1,0,0,7,2,57,57,57,1,0,0,1.0,1.0,,38.0,,38.0,,,,,,2.0,3.0,0.0,1,2.0,2.0,2.0,,788.46,1.0,,,,,14679.7518,3706.5759,0,0,0.0,,0,0,39754,1,,,,,,2.0,3780.7966,7860.0,2430.0,-1,,,,,,,61880.0,2011,613,610,0,0,0,0,0,18.0,8.0,40.0,2011,1.0,6,8,2,8800,88001,1,21,36,15380,0,1.0,1.0,1.0,5,2,39,,1,44,1,,0,0,7,2,57,57,57,1,0,0,1.0,1.0,,35.0,5.0,28.0,,,5.0,,,4.0,5.0,0.0,1,2.0,2.0,2.0,,1125.0,1.0,,,,,13485.5255,3429.9237,0,0,0.0,,0,0,29342,1,,,,,,2.0,3437.3063,7860.0,2430.0,-1,,,,,,,61684.0,2012,625,610,0,0,0,0,0,18.0,1.0,,,8.0,40.0,2012,MIS4_to_MIS8,new_york,0,2011-2012,0,1,0,1,retention
430609972951824,2,2.0,6,4,2,8800,88001,1,1,21,36,35620,81,1.0,1.0,,7,2,32,,1,44,2,,2,0,0,7,2,57,57,57,1,0,0,1.0,1.0,,32.0,,42.0,,,,,,2.0,3.0,0.0,1,2.0,2.0,2.0,,750.0,1.0,,,,,13558.9966,3817.5014,0,0,0.0,,0,0,28467,2,,,,,,2.0,3915.4287,7860.0,2000.0,20,,,,,,,61925.0,2011,613,610,0,0,0,0,0,18.0,6.0,40.0,2011,2.0,6,8,2,8800,88001,1,21,36,35620,81,1.0,1.0,,7,2,33,,1,44,2,,0,0,7,2,57,57,57,1,0,0,1.0,1.0,,40.0,,40.0,,,,,,2.0,3.0,0.0,1,1.0,2.0,2.0,,653.0,1.0,,,,,15545.251,4084.9092,0,0,1.0,,0,42,29611,2,,,,,,2.0,4009.8482,7860.0,2000.0,-1,,,,,,,61726.0,2012,625,610,0,0,0,0,0,18.0,2.0,,,6.0,40.0,2012,MIS4_to_MIS8,new_york,0,2011-2012,1,0,0,0,retention
450569098034059,2,1.0,4,4,2,8800,88001,1,1,21,36,35620,47,1.0,1.0,,7,5,24,,2,40,2,,3,1,4,7,2,57,57,57,1,0,0,2.0,1.0,,5.0,,5.0,,,22.0,,,7.0,3.0,0.0,1,2.0,1.0,1.0,1500.0,83.0,2.0,2.0,1.0,2.0,2.0,15449.5342,4049.4723,0,0,1.0,1.0,0,0,60529,3,,,1.0,,,,4119.2409,9370.0,5700.0,-1,,,,,,,61940.0,2011,613,610,0,0,0,0,0,12.0,17.0,51.0,2011,1.0,4,8,2,8800,88001,1,21,36,35620,47,1.0,1.0,,7,5,25,,2,40,2,,1,4,7,2,57,57,57,1,0,0,2.0,7.0,,,,,,,,,,1.0,,,2,,,,,,,,,,,14530.6311,3478.0667,0,0,,,0,0,29410,3,,,3.0,,,,3632.4852,,,-1,,,,,,,61737.0,2012,625,610,0,0,0,0,0,14.0,2.0,,,,,2012,MIS4_to_MIS8,new_york,0,2011-2012,0,1,0,0,retention
663842024907792,2,1.0,3,4,2,8800,88001,1,1,21,36,35620,85,1.0,1.0,,7,6,47,,2,45,1,,1,1,4,6,2,57,57,57,1,0,0,1.0,1.0,,30.0,,60.0,,,,,,2.0,3.0,0.0,1,2.0,2.0,2.0,,1057.69,1.0,,,,,15477.8642,3860.9855,0,0,0.0,,0,0,2112,1,,,,,,,3924.0466,7860.0,2310.0,2340,,,,,,,62080.0,2011,613,610,0,0,0,0,0,18.0,8.0,40.0,2011,1.0,7,8,2,8800,88001,1,21,36,35620,85,1.0,1.0,,7,2,48,,2,45,1,,0,0,6,2,57,57,57,1,0,0,1.0,1.0,,35.0,,46.0,,,,,,2.0,3.0,0.0,1,2.0,2.0,2.0,,1750.0,1.0,,,,,16053.9693,3887.3834,0,0,0.0,,0,0,29652,1,,,,,,,3944.1677,7860.0,2310.0,2340,,,,,,,61868.0,2012,625,610,0,0,0,0,0,18.0,1.0,,,8.0,40.0,2012,MIS4_to_MIS8,new_york,0,2011-2012,1,0,0,0,retention
947066638349390,2,1.0,6,4,2,8800,88001,1,1,21,36,35620,5,1.0,1.0,,7,2,67,,1,44,2,2.0,1,0,0,7,2,73,73,73,2,0,2,1.0,1.0,,8.0,,8.0,,,21.0,,,7.0,3.0,0.0,1,2.0,1.0,1.0,3700.0,500.0,2.0,2.0,,,,20936.5421,5991.7249,0,0,0.0,0.0,0,0,14550,1,,,,,,3.0,5914.0536,7870.0,2200.0,-1,5.0,,,,,,62276.0,2011,613,610,0,0,0,0,0,18.0,8.0,40.0,2011,1.0,6,8,2,8800,88001,1,21,36,35620,5,1.0,1.0,,7,2,68,,1,44,2,2.0,0,0,7,2,73,73,73,2,0,2,1.0,5.0,,,,,,11.0,,,,1.0,,,2,,,,,,,,,,,21513.0919,5648.725,0,0,,,0,0,40462,1,,,,,,3.0,5695.7438,,,-1,5.0,,,,,,62029.0,2012,625,610,0,0,0,0,0,18.0,2.0,,,,,2012,MIS4_to_MIS8,new_york,0,2011-2012,0,1,0,0,retention
20313460017402,2,1.0,1,4,2,8800,88001,1,1,21,36,10580,0,2.0,1.0,,4,1,50,2.0,1,44,1,,1,1,1,1,2,57,57,57,1,0,0,1.0,1.0,,40.0,,40.0,,,,,,2.0,3.0,0.0,1,2.0,2.0,2.0,,1557.69,1.0,,,,,12953.6831,3132.4716,10,3,0.0,,0,0,48259,1,,,,,,2.0,3192.3866,7860.0,2320.0,-1,,,,,,,62364.0,2011,613,610,0,0,1,1,0,18.0,8.0,40.0,2011,1.0,1,8,2,8800,88001,1,21,36,10580,0,2.0,1.0,,4,1,50,2.0,1,44,1,,1,1,1,2,57,57,57,1,0,0,1.0,1.0,,40.0,,40.0,,,,,,2.0,3.0,0.0,1,2.0,2.0,2.0,,400.0,1.0,,,,,13730.369,3404.7656,10,3,1.0,,0,42,55714,1,,,,,,2.0,3402.0832,7860.0,2320.0,-1,,,,,,,62123.0,2012,625,610,0,0,1,1,0,18.0,1.0,,,8.0,40.0,2012,MIS4_to_MIS8,new_york,0,2011-2012,1,0,0,0,retention
20313460017402,2,1.0,1,4,2,8800,88001,1,1,21,36,10580,0,2.0,1.0,,4,3,48,1.0,2,44,1,,2,1,2,1,2,57,57,57,1,0,0,2.0,1.0,,40.0,,40.0,,,,,,2.0,3.0,0.0,1,2.0,2.0,2.0,,2403.84,2.0,2.0,,,,12769.2898,3171.853,10,3,0.0,,0,0,48259,2,,,,,,2.0,3237.3516,7860.0,10.0,-1,,,,,,,62365.0,2011,613,610,0,0,1,1,0,18.0,1.0,40.0,2011,1.0,1,8,2,8800,88001,1,21,36,10580,0,2.0,1.0,,4,3,48,1.0,2,44,1,,1,2,1,2,57,57,57,1,0,0,2.0,1.0,,40.0,,40.0,,,,,,2.0,3.0,0.0,1,2.0,2.0,2.0,,1076.0,2.0,2.0,,,,13064.1206,3174.4355,10,3,1.0,,0,42,55714,2,,,,,,2.0,3209.6163,7860.0,10.0,-1,,,,,,,62124.0,2012,625,610,0,0,1,1,0,18.0,1.0,,,1.0,40.0,2012,MIS4_to_MIS8,new_york,0,2011-2012,1,0,0,0,retention
86273460980395,2,2.0,1,4,2,8800,88001,1,1,21,36,35620,103,2.0,1.0,,7,1,38,2.0,1,44,1,,1,1,1,1,2,57,57,57,1,0,0,2.0,1.0,,40.0,,40.0,,,,,,2.0,3.0,0.0,1,2.0,2.0,2.0,,1134.0,1.0,,,,,14568.5274,3678.4922,3,2,1.0,,0,42,28538,1,,,,,,3.0,3752.1505,7860.0,2320.0,-1,,,,,6.0,1.0,62442.0,2011,613,610,0,0,1,0,0,18.0,8.0,40.0,2011,1.0,1,8,2,8800,88001,1,21,36,35620,103,2.0,1.0,,7,1,39,2.0,1,44,1,,1,1,1,2,57,57,57,1,0,0,1.0,1.0,,40.0,,40.0,,,,,,2.0,3.0,0.0,1,2.0,2.0,2.0,,1176.0,1.0,,,,,13946.5499,3547.1812,3,2,1.0,,0,42,2050,1,,,,,,3.0,3554.8162,7860.0,2320.0,-1,,,,,6.0,1.0,62192.0,2012,625,610,0,0,1,0,0,18.0,1.0,,,8.0,40.0,2012,MIS4_to_MIS8,new_york,0,2011-2012,1,0,0,0,retention
86273460980395,2,2.0,1,4,2,8800,88001,1,1,21,36,35620,103,2.0,1.0,,7,3,40,1.0,2,43,4,,2,1,2,1,2,57,233,233,1,0,0,1.0,1.0,,38.0,,38.0,,,,,,2.0,3.0,0.0,1,2.0,2.0,2.0,,1826.0,1.0,,,,,13238.4829,3252.5383,3,2,1.0,,0,42,28538,2,,,,2.0,,,3320.5112,7860.0,2540.0,-1,,,,,,,62443.0,2011,613,610,0,0,1,0,0,16.0,8.0,40.0,2011,1.0,1,8,2,8800,88001,1,21,36,35620,103,2.0,1.0,,7,3,41,1.0,2,43,4,,1,2,1,2,57,233,233,1,0,0,2.0,1.0,,35.0,,35.0,,,,,,2.0,3.0,0.0,1,2.0,2.0,2.0,,1750.0,1.0,,,,,14342.6517,3623.199,3,2,1.0,,0,42,2050,2,,,,2.0,,,3611.8797,7860.0,2540.0,-1,,,,,,,62193.0,2012,625,610,0,0,1,0,0,16.0,4.0,,,8.0,40.0,2012,MIS4_to_MIS8,new_york,0,2011-2012,1,0,0,0,retention
95573460989397,2,1.0,1,4,2,8800,88001,1,1,21,36,10580,0,2.0,1.0,,4,1,35,2.0,1,39,1,,1,1,1,1,2,57,57,57,1,0,0,1.0,1.0,,40.0,,40.0,,,,,,2.0,3.0,0.0,1,2.0,1.0,1.0,1694.0,673.07,1.0,,,,,13830.9565,3492.2586,3,2,0.0,0.0,0,0,63085,1,1.0,,,,,,3562.1878,770.0,6320.0,-1,,,,,,,62455.0,2011,613,610,0,0,1,0,0,12.0,19.0,4.0,2011,1.0,1,8,2,8800,88001,1,21,36,10580,0,2.0,1.0,,4,1,36,2.0,1,39,1,,1,1,1,2,57,57,57,1,0,0,1.0,4.0,,,,,,,,34.0,2.0,11.0,3.0,0.0,2,,,,,,,,,,,14707.2523,3416.6732,3,2,,,0,0,5760,1,1.0,,,,,,3331.8756,8680.0,4020.0,-1,,,,,,,62206.0,2012,625,610,0,0,1,0,0,12.0,1.0,,,13.0,46.0,2012,MIS4_to_MIS8,new_york,0,2011-2012,1,0,0,0,retention
163147024907795,2,2.0,1,4,2,8800,88001,1,1,21,36,35620,103,2.0,1.0,,7,3,62,1.0,2,39,1,,2,1,2,1,2,57,57,57,1,0,0,1.0,1.0,,20.0,,20.0,,,22.0,,,7.0,3.0,0.0,1,1.0,2.0,2.0,,365.0,2.0,2.0,,,,12369.8398,3093.308,0,0,1.0,,0,0,15004,2,1.0,,,,,,3122.2052,6770.0,2440.0,-1,,,,,,,62477.0,2011,613,610,0,0,0,0,0,12.0,8.0,31.0,2011,1.0,1,8,2,8800,88001,1,21,36,35620,103,2.0,1.0,,7,3,62,1.0,2,39,1,,1,2,1,2,57,57,57,1,0,0,2.0,1.0,,18.0,,18.0,,,21.0,,,7.0,3.0,0.0,1,2.0,,1.0,2000.0,360.0,1.0,,,,,13195.6385,3311.3137,0,0,0.0,0.0,0,0,55745,2,1.0,,,,,,3278.9588,6770.0,5320.0,-1,4.0,,,,,,62226.0,2012,625,610,0,0,0,0,0,12.0,1.0,,,17.0,31.0,2012,MIS4_to_MIS8,new_york,0,2011-2012,1,0,0,0,retention
548396299600924,2,1.0,4,4,2,8800,88001,1,1,21,36,35620,119,2.0,1.0,,7,4,47,,1,44,1,,3,1,3,7,2,57,119,57,1,0,0,2.0,1.0,,40.0,,40.0,,,,,,2.0,3.0,0.0,1,2.0,2.0,2.0,,2884.0,2.0,2.0,,,,13699.0136,3292.0569,0,0,1.0,,0,42,15078,3,,,,,,3.0,3376.0705,7860.0,2320.0,-1,,,,,1.0,,62624.0,2011,613,610,0,0,0,0,0,18.0,8.0,40.0,2011,1.0,4,8,2,8800,88001,1,21,36,35620,119,2.0,1.0,,7,4,48,,1,44,1,,1,3,7,2,57,119,57,1,0,0,2.0,1.0,,50.0,,50.0,,,,,,2.0,3.0,0.0,1,2.0,2.0,2.0,,1292.0,1.0,,,,,15083.7105,3751.7792,0,0,1.0,,0,42,15238,3,,,,,,3.0,3737.4114,7860.0,2320.0,-1,,,,,1.0,,62384.0,2012,625,610,0,0,0,0,0,18.0,1.0,,,8.0,40.0,2012,MIS4_to_MIS8,new_york,0,2011-2012,1,0,0,0,retention
548396299600924,2,1.0,4,4,2,8800,88001,1,1,21,36,35620,119,2.0,1.0,,7,4,50,,1,40,1,,2,1,3,7,2,57,119,57,1,0,0,2.0,1.0,,40.0,,40.0,,,,,,2.0,3.0,0.0,1,2.0,,1.0,1560.0,624.0,2.0,2.0,,,,13680.6377,3308.2644,0,0,1.0,1.0,0,42,15078,2,,,2.0,,,,3371.5418,9490.0,3540.0,-1,,,,,1.0,,62625.0,2011,613,610,0,0,0,0,0,13.0,10.0,51.0,2011,1.0,4,8,2,8800,88001,1,21,36,35620,119,2.0,1.0,,7,4,50,,1,40,1,,1,3,7,2,57,119,57,1,0,0,2.0,1.0,,35.0,,40.0,,,,,,2.0,3.0,0.0,1,2.0,2.0,2.0,,612.0,1.0,,,,,14460.6613,3585.8586,0,0,1.0,,0,0,15238,2,,,3.0,,,,3583.0336,670.0,1965.0,-1,,,,,1.0,,62385.0,2012,625,610,0,0,0,0,0,14.0,1.0,,,5.0,24.0,2012,MIS4_to_MIS8,new_york,0,2011-2012,1,0,0,0,retention
626259640639300,2,3.0,3,4,2,8800,88001,1,1,21,36,40380,55,2.0,1.0,,5,6,47,,2,44,1,,3,1,4,5,2,57,57,57,1,0,0,1.0,1.0,,45.0,,48.0,,,,,,2.0,3.0,0.0,1,2.0,2.0,2.0,,1115.38,1.0,,,,,12769.2898,3171.853,0,0,0.0,,0,0,39808,3,,,,,,2.0,3237.3516,7860.0,2320.0,-1,,,,,,,62667.0,2011,613,610,0,0,0,0,0,18.0,8.0,40.0,2011,2.0,3,8,2,8800,88001,1,21,36,40380,55,2.0,1.0,,5,6,47,,2,44,1,,1,4,5,2,57,57,57,1,0,0,2.0,1.0,,40.0,,46.0,,,,,,2.0,3.0,0.0,1,2.0,1.0,1.0,2100.0,1216.21,1.0,,,,,13064.1206,3174.4355,0,0,0.0,1.0,0,0,19204,3,,,,,,2.0,3209.6163,7860.0,2320.0,2320,,,,,,,62424.0,2012,625,610,0,0,0,0,0,18.0,1.0,,,8.0,40.0,2012,MIS4_to_MIS8,new_york,0,2011-2012,1,0,0,0,retention
676809640479305,2,1.0,1,4,2,8800,88001,1,1,21,36,35620,59,2.0,1.0,,7,3,49,1.0,1,40,1,,2,1,2,1,2,57,119,119,1,0,0,2.0,1.0,,35.0,6.0,28.0,,,6.0,,,4.0,3.0,0.0,1,2.0,1.0,1.0,4200.0,1295.53,1.0,,,,,13662.7986,3283.3539,0,0,0.0,0.0,0,0,1944,2,,,5.0,,,,3367.1454,7870.0,6230.0,-1,2.0,,,,,,62726.0,2011,613,610,0,0,0,0,0,16.0,19.0,40.0,2011,2.0,1,8,2,8800,88001,1,21,36,35620,59,2.0,1.0,,7,3,50,1.0,1,40,1,,1,2,1,2,57,119,119,1,0,0,3.0,1.0,,40.0,,40.0,,,,,,2.0,3.0,0.0,1,1.0,1.0,1.0,4200.0,1538.46,1.0,,,,,14254.8334,3534.8188,0,0,0.0,0.0,0,0,19213,2,,,5.0,,,,3532.0339,9370.0,6230.0,-1,2.0,,,,,,62478.0,2012,625,610,0,0,0,0,0,16.0,1.0,,,19.0,51.0,2012,MIS4_to_MIS8,new_york,0,2011-2012,1,0,0,0,retention
689580732600943,2,2.0,1,4,2,8800,88001,1,1,21,36,35620,103,2.0,1.0,,7,1,34,2.0,1,44,1,,1,1,1,1,2,57,57,57,1,0,0,2.0,1.0,,40.0,,40.0,,,,,,2.0,3.0,0.0,1,1.0,2.0,2.0,,1442.0,2.0,2.0,,,,14422.1437,3581.5664,5,3,1.0,,0,0,15005,1,,,,,,1.0,3632.8815,7860.0,2310.0,-1,,,,,,,62748.0,2011,613,610,1,1,0,0,1,17.0,8.0,40.0,2011,2.0,1,8,2,8800,88001,1,21,36,35620,103,2.0,1.0,,7,1,34,2.0,1,44,1,,1,1,1,2,57,57,57,1,0,0,2.0,1.0,,60.0,,60.0,,,,,,2.0,3.0,0.0,1,2.0,2.0,2.0,,1150.0,1.0,,,,,14242.0279,3598.3667,5,3,1.0,,0,42,29700,1,,,,,,1.0,3617.3601,7860.0,2310.0,-1,,,,,,,62510.0,2012,625,610,1,1,0,0,1,17.0,1.0,,,8.0,40.0,2012,MIS4_to_MIS8,new_york,0,2011-2012,1,0,0,0,retention
689580732600943,2,2.0,1,4,2,8800,88001,1,1,21,36,35620,103,2.0,1.0,,7,3,31,1.0,2,44,1,,2,1,2,1,2,57,57,57,1,0,0,1.0,2.0,8.0,40.0,,,,,,,,5.0,3.0,0.0,1,1.0,2.0,2.0,,1615.0,2.0,2.0,,,,15446.8313,3824.7477,5,3,1.0,,0,0,15005,2,,,,,,2.0,3873.6882,7860.0,2310.0,-1,,,,,,,62749.0,2011,613,610,1,1,0,0,1,18.0,8.0,40.0,2011,2.0,1,8,2,8800,88001,1,21,36,35620,103,2.0,1.0,,7,3,32,1.0,2,44,1,,1,2,1,2,57,57,57,1,0,0,1.0,1.0,,60.0,,60.0,,,,,,2.0,3.0,0.0,1,2.0,2.0,2.0,,1653.0,1.0,,,,,14930.3574,3827.4597,5,3,1.0,,0,42,29700,2,,,,,,2.0,3788.2636,7860.0,2430.0,-1,,,,,,,62511.0,2012,625,610,1,1,0,0,1,18.0,1.0,,,8.0,40.0,2012,MIS4_to_MIS8,new_york,0,2011-2012,1,0,0,0,retention
770666090534849,2,1.0,7,4,2,8800,88001,1,1,21,36,35620,59,2.0,1.0,,7,2,71,,2,40,1,,1,0,0,4,2,301,301,301,4,10,6,1.0,1.0,,17.0,,1.0,,,22.0,,,7.0,3.0,0.0,1,2.0,1.0,1.0,1200.0,250.0,2.0,2.0,,,,12859.4197,3214.3746,0,0,0.0,0.0,0,0,39832,1,,,3.0,,,,3199.2816,9470.0,3940.0,-1,,,,,,,62780.0,2011,613,610,0,0,0,0,0,14.0,12.0,51.0,2011,1.0,7,8,2,8800,88001,1,21,36,35620,59,2.0,1.0,,7,2,73,,2,40,1,,0,0,4,2,301,301,301,4,10,6,1.0,1.0,,30.0,,30.0,,,21.0,,,7.0,3.0,0.0,1,2.0,1.0,1.0,910.0,250.0,2.0,2.0,,,,11299.7836,3083.774,0,0,1.0,0.0,0,0,14970,1,,,2.0,,,,3030.4295,9370.0,3940.0,-1,,,,,,,62540.0,2012,625,610,0,0,0,0,0,13.0,1.0,,,12.0,51.0,2012,MIS4_to_MIS8,new_york,0,2011-2012,1,0,0,0,retention
241395059600932,2,1.0,7,4,2,8800,88001,1,1,21,36,0,0,3.0,2.0,,0,2,78,,2,39,1,,1,0,0,7,2,57,57,57,1,0,0,1.0,1.0,,-4.0,,40.0,,,,,,2.0,2.0,0.0,1,2.0,2.0,1.0,755.0,302.0,1.0,,,,,12298.7102,3074.2181,0,0,1.0,1.0,0,42,58363,1,1.0,,,,,,3059.7833,7860.0,5700.0,-1,,,,,,,62947.0,2011,613,610,0,0,0,0,0,12.0,17.0,40.0,2011,1.0,7,8,2,8800,88001,1,21,36,0,0,3.0,2.0,,0,2,80,,2,39,1,,0,0,7,2,57,57,57,1,0,0,1.0,1.0,,40.0,,40.0,,,,,,2.0,4.0,0.0,1,2.0,,1.0,1300.0,520.0,2.0,2.0,,,,10629.3476,2900.8083,0,0,1.0,1.0,0,42,40680,1,1.0,,,,,,2850.6288,5080.0,5860.0,-1,,,,,,,62695.0,2012,625,610,0,0,0,0,0,12.0,1.0,,,17.0,22.0,2012,MIS4_to_MIS8,new_york,0,2011-2012,0,1,0,1,retention
430609959424399,2,2.0,1,4,2,8800,88001,1,1,21,36,0,0,3.0,2.0,,0,1,57,2.0,1,44,1,,1,1,1,1,2,57,57,57,1,0,0,2.0,1.0,,40.0,,40.0,,,,,,2.0,3.0,0.0,1,2.0,2.0,2.0,,1500.0,1.0,,,,,13206.5273,3011.4042,0,0,0.0,,0,0,5981,1,,,,,,2.0,3068.5516,7860.0,2320.0,-1,,,,,,,62995.0,2011,613,610,0,0,0,0,0,18.0,8.0,40.0,2011,1.0,1,8,2,8800,88001,1,21,36,0,0,3.0,2.0,,0,1,58,2.0,1,44,1,,1,1,1,2,57,57,57,1,0,0,1.0,1.0,,38.0,,38.0,,,,,,2.0,3.0,0.0,1,2.0,2.0,2.0,,1346.15,1.0,,,,,13603.0378,3242.1569,0,0,0.0,,0,0,5852,1,,,,,,2.0,3239.3461,7860.0,2320.0,-1,,,,,,,62731.0,2012,625,610,0,0,0,0,0,18.0,1.0,,,8.0,40.0,2012,MIS4_to_MIS8,new_york,0,2011-2012,1,0,0,0,retention
463243054909999,2,1.0,1,4,2,8800,88001,1,1,21,36,0,0,3.0,2.0,,0,1,61,2.0,2,44,1,,1,1,1,1,2,57,57,57,1,0,0,1.0,1.0,,40.0,,40.0,,,,,,2.0,2.0,0.0,1,2.0,1.0,1.0,5000.0,789.0,1.0,,,,,12231.2227,3058.6443,0,0,1.0,1.0,0,0,28527,1,,,,,,2.0,3087.2176,7860.0,2310.0,-1,,,,,,,63005.0,2011,613,610,0,0,0,0,0,18.0,8.0,40.0,2011,1.0,1,8,2,8800,88001,1,21,36,0,0,3.0,2.0,,0,1,62,2.0,2,44,1,,1,1,1,2,57,57,57,1,0,0,1.0,1.0,,40.0,6.0,24.0,,,6.0,,,4.0,3.0,0.0,1,2.0,1.0,1.0,3100.0,2250.0,1.0,,,,,12398.6122,3111.3079,0,0,0.0,1.0,0,0,15177,1,,,,,,2.0,3080.9073,7860.0,2310.0,-1,,,,,,,62740.0,2012,625,610,0,0,0,0,0,18.0,1.0,,,8.0,40.0,2012,MIS4_to_MIS8,new_york,0,2011-2012,1,0,0,0,retention
140391289600904,2,1.0,1,4,2,8800,88001,1,1,21,36,13780,0,,1.0,,3,1,44,2.0,2,44,1,,1,1,1,1,2,57,57,57,1,0,0,1.0,1.0,,38.0,5.0,30.0,,,5.0,,,4.0,2.0,0.0,1,2.0,2.0,2.0,,1319.94,1.0,,,,,12537.2222,3100.4263,3,2,0.0,,0,0,28201,1,,,,,,2.0,3144.6191,8370.0,2000.0,-1,,,,,,,63095.0,2011,613,610,0,0,1,0,0,18.0,6.0,43.0,2011,1.0,1,8,2,8800,88001,1,21,36,13780,0,,1.0,,3,1,44,2.0,2,44,1,,1,1,1,2,57,57,57,1,0,0,1.0,1.0,,38.0,8.0,33.0,,,8.0,,,4.0,2.0,0.0,1,2.0,1.0,1.0,4000.0,1307.69,1.0,,,,,13205.0033,3351.1047,10,2,0.0,1.0,0,0,19174,1,,,,,,2.0,3325.3882,9480.0,2000.0,-1,,,,,,,62841.0,2012,625,610,0,0,1,1,0,18.0,1.0,,,6.0,51.0,2012,MIS4_to_MIS8,new_york,0,2011-2012,1,0,0,0,retention
430609953534099,2,2.0,1,4,2,8800,88001,1,1,21,36,46540,0,,1.0,,3,1,54,2.0,1,40,1,,1,1,1,1,2,57,57,57,1,0,0,2.0,1.0,,40.0,,50.0,,,,,,2.0,2.0,0.0,1,2.0,2.0,2.0,,769.23,1.0,,,,,12953.6831,3132.4716,0,0,0.0,,0,0,14668,1,,,2.0,,,,3192.3866,8090.0,6355.0,4220,,,,,,,63133.0,2011,613,610,0,0,0,0,0,13.0,19.0,42.0,2011,1.0,1,8,2,8800,88001,1,21,36,46540,0,,1.0,,3,1,55,2.0,1,40,1,,1,1,1,2,57,57,57,1,0,0,1.0,1.0,,40.0,,52.0,,,,,,2.0,2.0,0.0,1,2.0,2.0,2.0,,2057.0,1.0,,,,,13944.8325,3323.6205,0,0,1.0,,0,0,59255,1,,,3.0,,,,3320.739,8090.0,565.0,7340,,,,,,,62877.0,2012,625,610,0,0,0,0,0,14.0,1.0,,,2.0,42.0,2012,MIS4_to_MIS8,new_york,0,2011-2012,1,0,0,0,retention
430609953534099,2,2.0,1,4,2,8800,88001,1,1,21,36,46540,0,,1.0,,3,3,51,1.0,2,40,1,,2,1,2,1,2,57,57,57,1,0,0,1.0,1.0,,37.0,5.0,30.0,,,5.0,,,4.0,2.0,0.0,1,2.0,2.0,2.0,,569.23,1.0,,,,,12201.1732,3025.8456,0,0,0.0,,0,0,14668,2,,,2.0,,,,3093.3191,7870.0,5700.0,-1,,,,,,,63134.0,2011,613,610,0,0,0,0,0,13.0,17.0,40.0,2011,1.0,1,8,2,8800,88001,1,21,36,46540,0,,1.0,,3,3,52,1.0,2,40,1,,1,2,1,2,57,57,57,1,0,0,2.0,1.0,,38.0,,38.0,,,,,,2.0,2.0,0.0,1,2.0,2.0,2.0,,750.0,1.0,,,,,13346.8864,3293.426,0,0,1.0,,0,0,59255,2,,,3.0,,,,3279.0867,7870.0,5700.0,-1,,,,,,,62878.0,2012,625,610,0,0,0,0,0,14.0,1.0,,,17.0,40.0,2012,MIS4_to_MIS8,new_york,0,2011-2012,1,0,0,0,retention
430609995906798,2,1.0,1,4,2,8800,88001,1,1,21,36,28740,111,,1.0,,2,3,34,1.0,1,39,1,1.0,2,1,2,1,2,303,303,303,4,0,9,2.0,1.0,,40.0,,40.0,,,,,,2.0,2.0,0.0,1,2.0,1.0,1.0,1600.0,769.23,1.0,,,,,15359.1474,3759.313,8,2,0.0,1.0,0,0,15055,2,1.0,,,,,,3868.9091,7870.0,4220.0,-1,,,,,,,63137.0,2011,613,610,0,1,1,0,1,12.0,14.0,40.0,2011,1.0,1,8,2,8800,88001,1,21,36,28740,111,,1.0,,2,3,35,1.0,1,39,1,1.0,1,2,1,2,303,303,303,4,0,9,2.0,1.0,,40.0,,40.0,,,,,,2.0,2.0,0.0,1,2.0,2.0,2.0,,673.07,1.0,,,,,15510.8694,4007.3029,8,2,0.0,,0,0,29757,2,1.0,,,,,,3953.5433,7870.0,4220.0,-1,,,,,,,62881.0,2012,625,610,0,1,1,0,1,12.0,1.0,,,14.0,40.0,2012,MIS4_to_MIS8,new_york,0,2011-2012,1,0,0,0,retention
259700985580944,2,1.0,4,4,2,8800,88001,1,1,23,42,37980,101,1.0,1.0,,7,4,43,,1,40,2,,2,1,3,6,2,57,57,57,1,0,0,2.0,1.0,,40.0,,40.0,,,,,,2.0,3.0,0.0,1,2.0,2.0,2.0,,961.53,1.0,,,,,18482.1187,4588.7874,0,0,0.0,,0,42,16031,2,,,3.0,,,,4533.4689,7860.0,1460.0,-1,,,,,1.0,,66633.0,2011,613,610,0,0,0,0,0,14.0,4.0,40.0,2011,1.0,4,8,2,8800,88001,1,23,42,37980,101,1.0,1.0,,7,4,44,,1,40,2,,1,3,6,2,57,57,57,1,0,0,2.0,1.0,,40.0,,40.0,,,,,,2.0,3.0,0.0,1,2.0,,1.0,1466.0,586.4,1.0,,,,,14780.6528,3868.725,0,0,1.0,1.0,0,42,59673,2,,,2.0,,,,3830.4102,7860.0,7330.0,-1,,,,,1.0,,66247.0,2012,625,610,0,0,0,0,0,13.0,2.0,,,20.0,40.0,2012,MIS4_to_MIS8,pennsylvania,0,2011-2012,1,0,0,0,retention
440209939935493,2,1.0,1,4,2,8800,88001,1,1,23,42,37980,101,1.0,1.0,,7,3,57,1.0,1,40,1,2.0,2,1,2,1,2,57,73,73,1,0,0,2.0,1.0,,-4.0,,25.0,,,15.0,,,6.0,2.0,0.0,1,2.0,,1.0,1600.0,400.0,2.0,2.0,,,,10787.4729,2606.4799,0,0,1.0,1.0,0,0,55465,2,,,3.0,,,,2506.4815,8090.0,2860.0,-1,,,,,,,66677.0,2011,613,610,0,0,0,0,0,14.0,9.0,42.0,2011,1.0,1,8,2,8800,88001,1,23,42,37980,101,1.0,1.0,,7,3,58,1.0,1,40,1,2.0,1,2,1,2,57,73,73,1,0,0,2.0,1.0,,25.0,,25.0,,,22.0,,,7.0,3.0,0.0,1,2.0,1.0,1.0,1600.0,400.0,2.0,2.0,,,,11922.8571,2852.7225,0,0,0.0,0.0,0,0,49432,2,,,2.0,,,,2839.2379,9370.0,2860.0,-1,,,,,,,66285.0,2012,625,610,0,0,0,0,0,13.0,1.0,,,9.0,51.0,2012,MIS4_to_MIS8,pennsylvania,0,2011-2012,1,0,0,0,retention
850520097944859,2,1.0,1,4,2,8800,88001,1,1,23,42,37980,101,1.0,1.0,,7,3,56,1.0,2,43,2,,2,1,2,1,2,57,57,57,1,0,0,2.0,1.0,,40.0,,40.0,,,,,,2.0,3.0,0.0,1,2.0,2.0,2.0,,1153.84,2.0,2.0,,,,11928.7102,2902.4348,0,0,0.0,,0,42,29354,2,,,,1.0,1.0,,2800.0806,9480.0,430.0,-1,,,,,,,66755.0,2011,613,610,0,0,0,0,0,18.0,1.0,51.0,2011,2.0,1,8,2,8800,88001,1,23,42,37980,101,1.0,1.0,,7,3,57,1.0,2,43,2,,1,2,1,2,57,57,57,1,0,0,1.0,1.0,,40.0,,40.0,,,,,,2.0,3.0,0.0,1,2.0,2.0,2.0,,961.53,1.0,,,,,15623.6783,3385.8624,0,0,0.0,,0,0,59674,2,,,,1.0,1.0,,3377.3609,9480.0,430.0,-1,,,,,,,66360.0,2012,625,610,0,0,0,0,0,18.0,2.0,,,1.0,51.0,2012,MIS4_to_MIS8,pennsylvania,0,2011-2012,1,0,0,0,retention
996022870449550,2,1.0,4,4,2,8800,88001,1,1,23,42,38300,3,1.0,1.0,,5,4,21,,1,39,2,,2,1,3,7,2,57,57,57,1,0,0,2.0,4.0,,,,,,,,39.0,3.0,11.0,3.0,0.0,2,,,,,,,,2.0,,,14191.1429,3757.396,0,0,,,0,0,48594,2,1.0,,,,,,3857.3318,4990.0,4720.0,-1,,,,,1.0,,66784.0,2011,613,610,0,0,0,0,0,12.0,16.0,22.0,2011,1.0,4,8,2,8800,88001,1,23,42,38300,3,1.0,1.0,,5,4,21,,1,40,2,,1,3,7,2,57,57,57,1,0,0,2.0,4.0,,,,,,,,64.0,5.0,11.0,3.0,0.0,2,,,,,,,,2.0,,,21146.9936,5433.432,0,0,,,0,0,2542,2,,,2.0,,,,5133.6788,4990.0,4720.0,-1,,,,,1.0,,66385.0,2012,625,610,0,0,0,0,0,13.0,2.0,,,16.0,22.0,2012,MIS4_to_MIS8,pennsylvania,0,2011-2012,1,0,0,0,retention
37074420980298,2,2.0,1,4,2,8800,88001,1,1,23,42,37980,91,2.0,1.0,,7,1,36,2.0,1,39,1,,1,1,1,1,2,57,57,57,1,0,0,2.0,1.0,,40.0,,40.0,,,,,,2.0,3.0,0.0,1,2.0,2.0,2.0,,900.0,2.0,2.0,,,,12268.6232,3204.5569,0,0,0.0,,0,0,48722,1,1.0,,,,,,3159.806,9470.0,3800.0,-1,,,,,,,66820.0,2011,613,610,0,0,0,0,0,12.0,12.0,51.0,2011,1.0,1,8,2,8800,88001,1,23,42,37980,91,2.0,1.0,,7,1,37,2.0,1,39,1,,1,1,1,2,57,57,57,1,0,0,1.0,1.0,,40.0,,40.0,,,,,,2.0,2.0,0.0,1,2.0,1.0,1.0,3254.0,800.0,1.0,,,,,12412.446,3164.0132,0,0,0.0,1.0,0,0,30450,1,1.0,,,,,,3163.7906,9470.0,7000.0,-1,,,,,,,66415.0,2012,625,610,0,0,0,0,0,12.0,1.0,,,20.0,51.0,2012,MIS4_to_MIS8,pennsylvania,0,2011-2012,1,0,0,0,retention
143496089200945,2,2.0,1,4,2,8800,88001,1,1,23,42,38300,0,2.0,1.0,,5,3,59,1.0,2,43,1,,2,1,2,1,2,57,57,57,1,0,0,1.0,1.0,,40.0,,40.0,,,,,,2.0,2.0,0.0,1,2.0,2.0,2.0,,1442.3,1.0,,,,,11584.5276,3014.5469,0,0,0.0,,0,0,6339,2,,,,1.0,1.0,,2959.1023,7860.0,2310.0,-1,,,,,,,66898.0,2011,613,610,0,0,0,0,0,18.0,8.0,40.0,2011,1.0,1,8,2,8800,88001,1,23,42,38300,0,2.0,1.0,,5,3,60,1.0,2,43,1,,1,2,1,2,57,57,57,1,0,0,2.0,5.0,,,,,,,,,,1.0,,,2,,,,,,,,,,,12390.1984,3045.4733,0,0,,,0,0,19484,2,,,,1.0,1.0,,3106.6085,,,-1,,,,,,,66481.0,2012,625,610,0,0,0,0,0,18.0,1.0,,,,,2012,MIS4_to_MIS8,pennsylvania,0,2011-2012,0,1,0,0,retention
289060951530944,2,1.0,1,4,2,8800,88001,1,1,23,42,37980,29,2.0,1.0,,7,1,62,2.0,2,44,1,,1,1,1,1,2,57,57,57,1,0,0,1.0,1.0,,37.0,,36.0,,,,,,2.0,2.0,0.0,1,2.0,2.0,2.0,,2115.0,2.0,2.0,,,,11830.5368,3060.4234,0,0,1.0,,0,0,6307,1,,,,,,2.0,2986.0826,7870.0,740.0,-1,,,,,,,66952.0,2011,613,610,0,0,0,0,0,18.0,2.0,40.0,2011,1.0,1,8,2,8800,88001,1,23,42,37980,29,2.0,1.0,,7,1,63,2.0,2,44,1,,1,1,1,2,57,57,57,1,0,0,1.0,5.0,,,,,,,,,,1.0,2.0,0.0,2,,,,,,,,,,,13070.1019,3212.5916,0,0,,,0,0,6246,1,,,,,,2.0,3277.0814,7870.0,740.0,-1,,,,,,,66532.0,2012,625,610,0,0,0,0,0,18.0,1.0,,,2.0,40.0,2012,MIS4_to_MIS8,pennsylvania,0,2011-2012,1,0,0,0,retention
498964100043259,2,1.0,1,4,2,8800,88001,1,1,23,42,38300,0,2.0,1.0,,5,3,57,1.0,2,44,1,,2,1,2,1,2,57,57,57,1,0,0,2.0,1.0,,40.0,,38.0,,,,,,2.0,2.0,0.0,1,2.0,2.0,2.0,,1442.0,1.0,,,,,11584.5276,3014.5469,0,0,1.0,,0,0,48681,2,,,,,,2.0,2959.1023,7860.0,2000.0,-1,,,,,,,67093.0,2011,613,610,0,0,0,0,0,18.0,6.0,40.0,2011,1.0,1,8,2,8800,88001,1,23,42,38300,0,2.0,1.0,,5,3,58,1.0,2,44,1,,1,2,1,2,57,57,57,1,0,0,2.0,1.0,,40.0,,49.0,,,,,,2.0,2.0,0.0,1,2.0,,1.0,3500.0,1400.0,1.0,,,,,10931.3903,2920.3309,0,0,0.0,0.0,0,0,6267,2,,,,,,2.0,2917.3604,7860.0,2000.0,4760,,,,,,,66688.0,2012,625,610,0,0,0,0,0,18.0,1.0,,,6.0,40.0,2012,MIS4_to_MIS8,pennsylvania,0,2011-2012,1,0,0,0,retention
802129240039401,2,1.0,7,4,2,8800,88001,1,1,23,42,37980,17,2.0,1.0,,7,2,24,,2,42,1,,1,0,0,7,2,57,57,57,1,0,0,1.0,1.0,,40.0,,55.0,,,,,,2.0,3.0,0.0,1,2.0,1.0,1.0,1800.0,650.0,1.0,,2.0,,,14212.6363,3468.8017,0,0,0.0,0.0,0,0,66151,1,,,2.0,,,,3364.9283,9470.0,5220.0,4110,,,,,,,67175.0,2011,613,610,0,0,0,0,0,13.0,17.0,51.0,2011,1.0,7,8,2,8800,88001,1,23,42,37980,17,2.0,1.0,,7,2,25,,2,42,1,,0,0,7,2,57,57,57,1,0,0,1.0,1.0,,40.0,,40.0,,,,,,2.0,3.0,0.0,1,2.0,,1.0,2050.0,820.0,1.0,,,,,12974.3923,3299.6017,0,0,0.0,0.0,0,0,41322,1,,,3.0,,,,3291.9786,9470.0,5220.0,-1,,,,,,,66763.0,2012,625,610,0,0,0,0,0,14.0,1.0,,,17.0,51.0,2012,MIS4_to_MIS8,pennsylvania,0,2011-2012,1,0,0,0,retention
862179940059409,2,1.0,6,4,2,8800,88001,1,1,23,42,10900,0,2.0,1.0,,4,2,54,,1,43,1,,1,0,0,7,2,57,57,57,1,0,0,1.0,1.0,,40.0,,40.0,,,,,,2.0,3.0,0.0,1,2.0,,1.0,2250.0,900.0,2.0,2.0,,,,11402.2916,2852.3577,0,0,0.0,0.0,0,0,29291,1,,,,2.0,,,2810.052,9480.0,5000.0,-1,,,,,,,67225.0,2011,613,610,0,0,0,0,0,16.0,17.0,51.0,2011,1.0,6,8,2,8800,88001,1,23,42,10900,0,2.0,1.0,,4,2,56,,1,43,1,,0,0,7,2,57,57,57,1,0,0,1.0,1.0,,40.0,,40.0,,,,,,2.0,3.0,0.0,1,2.0,,1.0,2450.0,980.0,2.0,2.0,,,,12893.7337,3079.9321,0,0,0.0,0.0,0,0,30424,1,,,,2.0,,,3070.4366,9480.0,430.0,-1,,,,,,,66802.0,2012,625,610,0,0,0,0,0,16.0,1.0,,,1.0,51.0,2012,MIS4_to_MIS8,pennsylvania,0,2011-2012,1,0,0,0,retention
902032811449200,2,1.0,1,4,2,8800,88001,1,1,23,42,37980,17,2.0,1.0,,7,3,28,1.0,2,43,1,,2,1,2,1,2,57,57,57,1,0,0,2.0,1.0,,40.0,,40.0,,,,,,2.0,3.0,0.0,1,2.0,2.0,2.0,,961.53,1.0,,,,,12656.9653,3226.0388,0,0,0.0,,0,0,60776,2,,,,1.0,1.0,,3174.0579,7860.0,2310.0,-1,,,,,,,67237.0,2011,613,610,0,0,0,0,0,18.0,8.0,40.0,2011,1.0,1,8,2,8800,88001,1,23,42,37980,17,2.0,1.0,,7,3,30,1.0,2,43,1,,1,2,1,2,57,57,57,1,0,0,2.0,1.0,,37.0,,40.0,,,,,,2.0,3.0,0.0,1,2.0,2.0,2.0,,1386.36,1.0,,,,,14259.2547,3663.5454,0,0,0.0,,0,0,59616,2,,,,1.0,1.0,,3617.9854,7860.0,2310.0,-1,,,,,,,66815.0,2012,625,610,0,0,0,0,0,18.0,1.0,,,8.0,40.0,2012,MIS4_to_MIS8,pennsylvania,0,2011-2012,1,0,0,0,retention
440206942571792,2,1.0,1,4,2,8800,88001,1,1,23,42,0,0,3.0,2.0,,0,1,48,2.0,2,39,1,,1,1,1,1,2,57,57,57,1,0,0,1.0,1.0,,38.0,,38.0,,,,,,2.0,3.0,0.0,1,2.0,,1.0,1500.0,570.0,2.0,2.0,,,,12416.3212,3190.4887,0,0,1.0,1.0,0,42,66179,1,1.0,,,,,,3147.8647,7070.0,5120.0,-1,,,,,,,67380.0,2011,613,610,0,0,0,0,0,12.0,17.0,34.0,2011,1.0,1,8,2,8800,88001,1,23,42,0,0,3.0,2.0,,0,1,49,2.0,2,39,1,,1,1,1,2,57,57,57,1,0,0,1.0,1.0,,40.0,,40.0,,,,,,2.0,4.0,0.0,1,2.0,,1.0,1378.0,551.2,2.0,2.0,,,,12282.4152,2991.1241,0,0,1.0,1.0,43,42,64280,1,1.0,,,,,,3017.5656,5070.0,9640.0,-1,,,,,,,66960.0,2012,625,610,0,0,0,0,0,12.0,1.0,,,22.0,22.0,2012,MIS4_to_MIS8,pennsylvania,0,2011-2012,0,1,0,1,retention
624284034909161,2,1.0,6,4,2,8800,88001,1,1,23,42,0,0,3.0,2.0,,0,14,22,,2,39,1,,2,0,0,7,2,57,57,57,1,0,0,2.0,1.0,,38.0,,38.0,,,,,,2.0,3.0,0.0,1,2.0,,1.0,1129.0,429.02,2.0,2.0,2.0,,,13718.1965,3348.1264,0,0,0.0,0.0,0,0,40503,2,1.0,,,,,,3247.8667,8270.0,3600.0,-1,,,,,,,67471.0,2011,613,610,0,0,0,0,0,12.0,11.0,42.0,2011,2.0,6,8,2,8800,88001,1,23,42,0,0,3.0,2.0,,0,14,23,,2,39,1,,0,0,7,2,57,57,57,1,0,0,1.0,1.0,,40.0,,44.0,,,,,,2.0,3.0,0.0,1,2.0,,1.0,1080.0,432.0,1.0,,2.0,,,15588.5125,3760.4357,0,0,0.0,0.0,0,0,41316,2,1.0,,,,,,3740.6017,8270.0,4610.0,-1,,,,,,,67053.0,2012,625,610,0,0,0,0,0,12.0,1.0,,,15.0,42.0,2012,MIS4_to_MIS8,pennsylvania,0,2011-2012,1,0,0,0,retention
904601394999992,2,2.0,1,4,2,8800,88001,1,1,23,42,0,89,3.0,2.0,,0,1,52,2.0,2,42,1,,1,1,1,1,2,57,57,57,1,0,0,2.0,1.0,,-4.0,,40.0,,,,,,2.0,3.0,0.0,1,2.0,1.0,1.0,845.0,385.0,1.0,,,,,11863.9085,3043.6235,3,2,1.0,1.0,0,0,58706,1,,,3.0,,,,3007.8136,7860.0,2540.0,-1,,,,,,,67512.0,2011,613,610,0,0,1,0,0,14.0,8.0,40.0,2011,1.0,1,8,2,8800,88001,1,23,42,0,89,3.0,2.0,,0,1,54,2.0,2,42,1,,1,1,1,2,57,57,57,1,0,0,1.0,1.0,,21.0,,28.0,,,18.0,,,7.0,2.0,0.0,1,2.0,,1.0,865.0,181.65,2.0,2.0,,,,12548.2613,3103.2433,10,2,0.0,0.0,0,0,6289,1,,,3.0,,,,3082.8791,7860.0,2540.0,-1,,,,,,,67090.0,2012,625,610,0,0,1,1,0,14.0,1.0,,,8.0,40.0,2012,MIS4_to_MIS8,pennsylvania,0,2011-2012,1,0,0,0,retention
32504420986199,2,1.0,1,4,2,8800,88001,1,1,23,42,25420,43,,1.0,,4,1,49,2.0,1,43,1,,1,1,1,1,2,57,57,57,1,0,0,1.0,1.0,,40.0,,40.0,,,,,,2.0,3.0,0.0,1,2.0,2.0,2.0,,1115.38,1.0,,,,,11417.6072,2838.3837,3,2,0.0,,0,0,6322,1,,,,1.0,1.0,,2813.8264,7860.0,2310.0,-1,,,,,,,67538.0,2011,613,610,0,0,1,0,0,18.0,8.0,40.0,2011,2.0,1,8,2,8800,88001,1,23,42,25420,43,,1.0,,4,1,50,2.0,1,43,1,,1,1,1,2,57,57,57,1,0,0,2.0,1.0,,40.0,,40.0,,,,,,2.0,3.0,0.0,1,2.0,2.0,2.0,,1134.61,1.0,,,,,12695.4355,3155.1276,3,2,0.0,,0,0,64272,1,,,,1.0,1.0,,3145.6495,7860.0,2310.0,-1,,,,,,,67122.0,2012,625,610,0,0,1,0,0,18.0,1.0,,,8.0,40.0,2012,MIS4_to_MIS8,pennsylvania,0,2011-2012,1,0,0,0,retention
32504420986199,2,1.0,1,4,2,8800,88001,1,1,23,42,25420,43,,1.0,,4,3,43,1.0,2,39,1,,2,1,2,1,2,57,57,57,1,0,0,2.0,1.0,,40.0,,40.0,,,,,,2.0,3.0,0.0,1,2.0,,1.0,875.0,350.0,2.0,2.0,,,,11726.4508,2999.8853,3,2,0.0,0.0,0,0,6322,2,1.0,,,,,,2941.2593,7860.0,4610.0,-1,,,,,,,67539.0,2011,613,610,0,0,1,0,0,12.0,15.0,40.0,2011,2.0,1,8,2,8800,88001,1,23,42,25420,43,,1.0,,4,3,44,1.0,2,39,1,,1,2,1,2,57,57,57,1,0,0,1.0,6.0,,,,,,,,,,1.0,3.0,0.0,2,,,,,,,,,,,13463.5439,3250.1967,3,2,,,0,0,64272,2,1.0,,,,,,3298.7046,7860.0,2540.0,-1,,,,,,,67123.0,2012,625,610,0,0,1,0,0,12.0,1.0,,,8.0,40.0,2012,MIS4_to_MIS8,pennsylvania,0,2011-2012,1,0,0,0,retention
52984420987693,2,1.0,1,4,2,8800,88001,1,1,23,42,49620,133,,1.0,,3,1,57,2.0,2,46,1,,1,1,1,1,2,57,57,57,1,0,0,1.0,1.0,,45.0,,45.0,,,,,,2.0,3.0,0.0,1,2.0,2.0,2.0,,1461.53,2.0,2.0,,,,11534.0827,3001.4201,0,0,0.0,,0,0,6405,1,,,,,,,2946.2169,7870.0,2200.0,-1,,,,,,,67551.0,2011,613,610,0,0,0,0,0,18.0,8.0,40.0,2011,2.0,1,8,2,8800,88001,1,23,42,49620,133,,1.0,,3,1,58,2.0,2,45,1,,1,1,1,2,57,57,57,1,0,0,2.0,1.0,,40.0,,45.0,,,,,,2.0,3.0,0.0,1,2.0,2.0,2.0,,1900.0,2.0,2.0,,,,11005.404,2940.1037,0,0,0.0,,0,0,6315,1,,,,,,,2937.1131,7870.0,2200.0,-1,,,,,,,67137.0,2012,625,610,0,0,0,0,0,18.0,1.0,,,8.0,40.0,2012,MIS4_to_MIS8,pennsylvania,0,2011-2012,1,0,0,0,retention
52984420987693,2,1.0,1,4,2,8800,88001,1,1,23,42,49620,133,,1.0,,3,3,62,1.0,1,46,1,,2,1,2,1,2,57,57,57,1,0,0,2.0,1.0,,60.0,,60.0,,,,,,2.0,3.0,0.0,1,2.0,2.0,2.0,,1923.07,2.0,2.0,,,,11360.2509,2780.2763,0,0,0.0,,0,0,6405,2,,,,,,,2692.8998,7870.0,230.0,-1,,,,,,,67552.0,2011,613,610,0,0,0,0,0,18.0,1.0,40.0,2011,2.0,1,8,2,8800,88001,1,23,42,49620,133,,1.0,,3,3,63,1.0,1,45,1,,1,2,1,2,57,57,57,1,0,0,1.0,1.0,,40.0,,45.0,,,,,,2.0,3.0,0.0,1,2.0,2.0,2.0,,2269.23,2.0,2.0,,,,14028.2488,3373.0994,0,0,0.0,,0,0,6315,2,,,,,,,3381.4384,7870.0,230.0,-1,,,,,,,67138.0,2012,625,610,0,0,0,0,0,18.0,1.0,,,1.0,40.0,2012,MIS4_to_MIS8,pennsylvania,0,2011-2012,1,0,0,0,retention
822919840569404,2,1.0,1,4,2,8800,88001,1,1,23,42,39740,11,,1.0,,3,1,28,2.0,1,39,1,,1,1,1,1,2,57,57,57,1,0,0,1.0,1.0,,40.0,4.0,32.0,,,4.0,,,4.0,2.0,0.0,1,2.0,,1.0,1815.0,726.0,1.0,,,,,12460.6264,3209.2707,3,2,1.0,1.0,0,0,40488,1,1.0,,,,,,3138.783,9470.0,3800.0,-1,,,,,,,67686.0,2011,613,610,0,0,1,0,0,12.0,12.0,51.0,2011,1.0,1,8,2,8800,88001,1,23,42,39740,11,,1.0,,3,1,29,2.0,1,39,1,,1,1,1,2,57,57,57,1,0,0,1.0,1.0,,40.0,,40.0,,,,,,2.0,2.0,0.0,1,2.0,,1.0,1900.0,760.0,1.0,,,,,13086.4331,3362.4521,3,2,0.0,0.0,0,0,56047,1,1.0,,,,,,3323.8484,9470.0,3800.0,-1,,,,,,,67262.0,2012,625,610,0,0,1,0,0,12.0,1.0,,,12.0,51.0,2012,MIS4_to_MIS8,pennsylvania,0,2011-2012,1,0,0,0,retention
862739540929408,2,1.0,7,4,2,8800,88001,1,1,23,42,49620,133,,1.0,,3,2,28,,2,44,1,,1,0,0,5,2,57,57,57,1,0,0,1.0,1.0,,40.0,4.0,32.0,,,4.0,,,4.0,3.0,0.0,1,2.0,2.0,2.0,,1125.0,1.0,,,,,13456.3304,3429.783,0,0,0.0,,0,0,31673,1,,,,,,3.0,3374.5191,7860.0,2320.0,-1,,,,,,,67702.0,2011,613,610,0,0,0,0,0,18.0,8.0,40.0,2011,1.0,7,8,2,8800,88001,1,23,42,49620,133,,1.0,,3,2,29,,2,44,1,,0,0,5,2,57,57,57,1,0,0,1.0,1.0,,40.0,6.0,24.0,,,6.0,,,4.0,3.0,0.0,1,2.0,2.0,2.0,,1500.0,1.0,,,,,12885.7149,3277.0496,0,0,0.0,,0,0,19535,1,,,,,,3.0,3269.4786,7860.0,2320.0,-1,,,,,,,67283.0,2012,625,610,0,0,0,0,0,18.0,1.0,,,8.0,40.0,2012,MIS4_to_MIS8,pennsylvania,0,2011-2012,1,0,0,0,retention
799030996100951,3,1.0,6,4,2,8800,88001,1,1,33,17,16980,0,1.0,1.0,1.0,7,2,59,,1,39,1,,1,0,0,7,2,57,57,57,1,0,0,1.0,1.0,,40.0,,40.0,,,,,,2.0,3.0,0.0,1,2.0,2.0,2.0,,673.07,1.0,,,,,11426.6787,2900.2068,0,0,0.0,,0,0,21805,1,1.0,,,,,,2890.4409,9470.0,5220.0,-1,,,,,,,87596.0,2011,614,611,0,0,0,0,0,12.0,17.0,51.0,2011,1.0,6,8,2,8800,88001,1,33,17,16980,0,1.0,1.0,1.0,7,2,60,,1,39,1,,0,0,7,2,57,57,57,1,0,0,1.0,5.0,,,,,,,,,,1.0,3.0,0.0,2,,,,,,,,,,,11720.0622,2929.0972,0,0,,,0,0,18096,1,1.0,,,,,,2971.7832,9470.0,5220.0,-1,,,,,,,86990.0,2012,626,611,0,0,0,0,0,12.0,1.0,,,17.0,51.0,2012,MIS4_to_MIS8,illinois,1,2011-2012,1,0,0,0,retention
5761570993598,3,2.0,1,4,2,8800,88001,1,1,33,17,16980,111,2.0,1.0,,7,3,42,1.0,2,39,1,,2,1,2,1,2,57,57,119,1,0,0,1.0,1.0,,10.0,,10.0,,,18.0,,,7.0,3.0,0.0,1,2.0,,1.0,1000.0,100.0,2.0,2.0,,,,13078.4887,3283.058,10,3,0.0,0.0,0,0,56437,2,1.0,,,,,,3287.1261,7860.0,4600.0,-1,,,,,,,87667.0,2011,614,611,0,0,1,1,0,12.0,15.0,40.0,2011,2.0,1,8,2,8800,88001,1,33,17,16980,111,2.0,1.0,,7,3,42,1.0,2,39,1,,1,2,1,2,57,57,119,1,0,0,1.0,1.0,,20.0,,16.0,,,18.0,,,7.0,3.0,0.0,1,2.0,1.0,1.0,1069.0,69.44,2.0,2.0,,,,12940.4798,3219.1006,3,2,0.0,0.0,0,0,64504,2,1.0,,,,,,3191.2553,7860.0,4600.0,-1,,,,,,,87059.0,2012,626,611,0,0,1,0,0,12.0,1.0,,,15.0,40.0,2012,MIS4_to_MIS8,illinois,1,2011-2012,1,0,0,0,retention
31691570970970,3,1.0,1,4,2,8800,88001,1,1,33,17,16980,0,2.0,1.0,,7,1,66,2.0,1,46,1,,1,1,1,1,2,57,57,57,1,0,0,1.0,1.0,,40.0,,40.0,,,,,,2.0,2.0,0.0,1,2.0,2.0,2.0,,1153.0,2.0,2.0,,,,11563.5829,2751.1147,4,3,1.0,,0,0,60189,1,,,,,,,2657.9411,9470.0,2100.0,-1,,,,,,,87696.0,2011,614,611,0,0,0,1,0,18.0,7.0,51.0,2011,2.0,1,8,2,8800,88001,1,33,17,16980,0,2.0,1.0,,7,1,67,2.0,1,45,1,,1,1,1,2,57,57,57,1,0,0,2.0,1.0,,-4.0,,40.0,,,,,,2.0,2.0,0.0,1,2.0,2.0,2.0,,1923.0,2.0,2.0,,,,11109.7169,2817.5324,0,0,1.0,,0,42,71385,1,,,,,,,2751.6136,9470.0,2100.0,-1,,,,,,,87088.0,2012,626,611,0,0,0,0,0,18.0,1.0,,,7.0,51.0,2012,MIS4_to_MIS8,illinois,1,2011-2012,1,0,0,0,retention
31691570970970,3,1.0,1,4,2,8800,88001,1,1,33,17,16980,0,2.0,1.0,,7,3,62,1.0,2,46,1,,2,1,2,1,2,57,57,57,1,0,0,2.0,1.0,,40.0,,40.0,,,,,,2.0,3.0,0.0,1,2.0,2.0,2.0,,1192.0,2.0,2.0,,,,13320.7006,3381.9019,4,3,1.0,,0,0,60189,2,,,,,,,3374.9113,9470.0,2100.0,-1,,,,,,,87697.0,2011,614,611,0,0,0,1,0,18.0,7.0,51.0,2011,2.0,1,8,2,8800,88001,1,33,17,16980,0,2.0,1.0,,7,3,62,1.0,2,45,1,,1,2,1,2,57,57,57,1,0,0,1.0,1.0,,-4.0,,40.0,,,,,,2.0,2.0,0.0,1,2.0,2.0,1.0,1300.0,520.0,2.0,2.0,,,,12699.0089,3460.8076,0,0,1.0,1.0,0,42,71385,2,,,,,,,3420.8139,9470.0,2100.0,-1,,,,,,,87089.0,2012,626,611,0,0,0,0,0,18.0,1.0,,,7.0,51.0,2012,MIS4_to_MIS8,illinois,1,2011-2012,1,0,0,0,retention
70251570994896,3,1.0,1,4,2,8800,88001,1,1,33,17,16980,0,2.0,1.0,,7,16,41,,1,39,1,,2,0,0,5,2,57,57,57,1,0,0,2.0,1.0,,40.0,,40.0,,,,,,2.0,3.0,0.0,1,2.0,,1.0,3384.0,1353.6,1.0,,,,,12943.571,3242.8875,0,0,1.0,1.0,0,42,64476,2,1.0,,,,,,3283.4602,770.0,6200.0,-1,,,,,,,87720.0,2011,614,611,0,0,0,0,0,12.0,19.0,4.0,2011,1.0,1,8,2,8800,88001,1,33,17,16980,0,2.0,1.0,,7,16,42,,1,39,1,,0,0,5,2,57,57,57,1,0,0,2.0,1.0,,40.0,,40.0,,,,,,2.0,4.0,0.0,1,2.0,,1.0,2200.0,880.0,2.0,2.0,,,,11657.9511,2924.9928,0,0,1.0,1.0,0,42,64497,2,1.0,,,,,,2934.5114,7290.0,6200.0,-1,,,,,,,87117.0,2012,626,611,0,0,0,0,0,12.0,1.0,,,19.0,36.0,2012,MIS4_to_MIS8,illinois,1,2011-2012,0,1,0,1,retention
71152085001604,3,1.0,1,4,2,8800,88001,1,1,33,17,16980,0,2.0,1.0,,7,1,60,2.0,1,44,1,,1,1,1,1,2,57,57,57,1,0,0,3.0,1.0,,40.0,,40.0,,,,,,2.0,3.0,0.0,1,2.0,2.0,2.0,,1365.0,2.0,2.0,,,,10847.6191,2645.0344,0,0,1.0,,0,42,21928,1,,,,,,2.0,2604.3209,9570.0,600.0,-1,,,,,,,87721.0,2011,614,611,0,0,0,0,0,18.0,2.0,51.0,2011,1.0,1,8,2,8800,88001,1,33,17,16980,0,2.0,1.0,,7,1,61,2.0,1,44,1,,1,1,1,2,57,57,57,1,0,0,1.0,1.0,,40.0,,40.0,,,,,,2.0,3.0,0.0,1,2.0,2.0,2.0,,1634.61,2.0,2.0,,,,11371.6199,2824.6219,0,0,0.0,,0,0,41729,1,,,,,,2.0,2799.547,9470.0,3820.0,-1,,,,,,,87118.0,2012,626,611,0,0,0,0,0,18.0,1.0,,,12.0,51.0,2012,MIS4_to_MIS8,illinois,1,2011-2012,1,0,0,0,retention
75881570998378,3,1.0,7,4,2,8800,88001,1,1,33,17,16980,0,2.0,1.0,,7,2,73,,2,40,1,,1,0,0,4,2,57,57,57,1,0,0,1.0,1.0,,8.0,,8.0,,,21.0,,,7.0,3.0,0.0,1,2.0,,1.0,1000.0,80.0,2.0,2.0,,,,10542.5485,2627.522,0,0,0.0,0.0,0,0,21790,1,,,3.0,,,,2597.5973,6770.0,5320.0,-1,,,,,,,87726.0,2011,614,611,0,0,0,0,0,14.0,17.0,31.0,2011,1.0,7,8,2,8800,88001,1,33,17,16980,0,2.0,1.0,,7,2,74,,2,40,1,,0,0,4,2,57,57,57,1,0,0,1.0,1.0,,6.0,,6.0,,,21.0,,,7.0,3.0,0.0,1,2.0,2.0,2.0,,76.92,2.0,2.0,,,,12527.3987,2922.9887,0,0,0.0,,0,0,41627,1,,,3.0,,,,2935.3067,6770.0,5320.0,-1,,,,,,,87122.0,2012,626,611,0,0,0,0,0,14.0,1.0,,,17.0,31.0,2012,MIS4_to_MIS8,illinois,1,2011-2012,1,0,0,0,retention
247838850459106,3,1.0,7,4,2,8800,88001,1,1,33,17,16980,0,2.0,1.0,,7,2,59,,2,44,1,,1,0,0,5,2,57,57,57,1,0,0,1.0,1.0,,40.0,,43.0,,,,,,2.0,3.0,0.0,1,2.0,2.0,2.0,,1076.92,1.0,,,,,11704.6297,2830.7136,0,0,0.0,,0,0,8246,1,,,,,,2.0,2843.5481,7860.0,2310.0,-1,,,,,,,87853.0,2011,614,611,0,0,0,0,0,18.0,8.0,40.0,2011,1.0,7,8,2,8800,88001,1,33,17,16980,0,2.0,1.0,,7,2,60,,2,44,1,,0,0,5,2,57,57,57,1,0,0,1.0,1.0,,36.0,6.0,29.0,,,6.0,,,4.0,3.0,0.0,1,2.0,2.0,2.0,,1076.92,1.0,,,,,12699.0089,3460.8076,0,0,0.0,,0,0,58877,1,,,,,,2.0,3420.8139,7860.0,2310.0,-1,,,,,,,87256.0,2012,626,611,0,0,0,0,0,18.0,1.0,,,8.0,40.0,2012,MIS4_to_MIS8,illinois,1,2011-2012,1,0,0,0,retention
471727045801393,3,2.0,1,4,2,8800,88001,1,1,33,17,16980,0,2.0,1.0,,7,3,62,1.0,2,44,1,,2,1,2,1,2,57,57,57,1,0,0,1.0,2.0,4.0,10.0,,,,,,,,10.0,3.0,0.0,1,2.0,1.0,1.0,1000.0,125.0,2.0,2.0,,,,13320.7006,3381.9019,0,0,0.0,0.0,0,0,8244,2,,,,,,1.0,3374.9113,6770.0,5320.0,2310,,,,,,,87912.0,2011,614,611,0,0,0,0,0,17.0,17.0,31.0,2011,2.0,1,8,2,8800,88001,1,33,17,16980,0,2.0,1.0,,7,3,62,1.0,2,44,1,,1,2,1,2,57,57,57,1,0,0,1.0,1.0,,10.0,,15.0,,,21.0,,,7.0,3.0,0.0,1,2.0,,1.0,1000.0,100.0,2.0,2.0,,,,12699.0089,3460.8076,0,0,0.0,0.0,0,0,6380,2,,,,,,1.0,3420.8139,6770.0,5320.0,-1,,,,,,,87328.0,2012,626,611,0,0,0,0,0,17.0,1.0,,,17.0,31.0,2012,MIS4_to_MIS8,illinois,1,2011-2012,1,0,0,0,retention
510709877669550,3,1.0,1,4,2,8800,88001,1,1,33,17,16980,0,2.0,1.0,,7,1,58,2.0,2,44,1,,1,1,1,1,2,57,57,57,1,0,0,1.0,1.0,,60.0,,60.0,,,,,,2.0,2.0,0.0,1,2.0,2.0,2.0,,2403.84,1.0,,,,,11704.6297,2830.7136,0,0,0.0,,0,0,34794,1,,,,,,3.0,2843.5481,7860.0,230.0,-1,,,,,,,87929.0,2011,614,611,0,0,0,0,0,18.0,1.0,40.0,2011,1.0,1,8,2,8800,88001,1,33,17,16980,0,2.0,1.0,,7,1,59,2.0,2,44,1,,1,1,1,2,57,57,57,1,0,0,1.0,1.0,,55.0,,50.0,,,,,,2.0,3.0,0.0,1,2.0,2.0,2.0,,2788.46,2.0,2.0,,,,12889.0821,3189.4844,0,0,0.0,,0,0,6385,1,,,,,,3.0,3229.359,7860.0,230.0,-1,,,,,,,87349.0,2012,626,611,0,0,0,0,0,18.0,1.0,,,1.0,40.0,2012,MIS4_to_MIS8,illinois,1,2011-2012,1,0,0,0,retention
571388085800897,3,1.0,1,4,2,8800,88001,1,1,33,17,16980,0,2.0,1.0,,7,1,33,2.0,1,44,1,,1,1,1,1,2,57,57,57,1,0,0,1.0,1.0,,45.0,,38.0,,,,,,2.0,3.0,0.0,1,2.0,2.0,2.0,,1115.38,1.0,,,,,13425.2138,3315.9861,1,1,0.0,,0,0,8242,1,,,,,,1.0,3334.9556,7860.0,2310.0,-1,,,,,,,87954.0,2011,614,611,1,0,0,0,1,17.0,8.0,40.0,2011,1.0,1,8,2,8800,88001,1,33,17,16980,0,2.0,1.0,,7,1,33,2.0,1,44,1,,1,1,1,2,57,57,57,1,0,0,1.0,1.0,,45.0,,45.0,,,,,,2.0,3.0,0.0,1,2.0,2.0,2.0,,1153.84,1.0,,,,,11276.5698,2828.1498,1,1,0.0,,0,0,64468,1,,,,,,1.0,2855.0266,7860.0,2320.0,-1,,,,,,,87378.0,2012,626,611,1,0,0,0,1,17.0,1.0,,,8.0,40.0,2012,MIS4_to_MIS8,illinois,1,2011-2012,1,0,0,0,retention
605005101102847,3,1.0,1,4,2,8800,88001,1,1,33,17,16980,0,2.0,1.0,,7,1,38,2.0,1,39,1,,1,1,1,1,2,57,57,57,1,0,0,1.0,1.0,,40.0,4.0,32.0,,,4.0,,,4.0,3.0,0.0,1,2.0,1.0,1.0,3384.0,750.0,1.0,,,,,13123.3379,3279.7142,3,2,0.0,0.0,0,0,5328,1,1.0,,,,,,3329.0626,770.0,6200.0,-1,,,,,,,87972.0,2011,614,611,0,0,1,0,0,12.0,19.0,4.0,2011,2.0,1,8,2,8800,88001,1,33,17,16980,0,2.0,1.0,,7,1,39,2.0,1,39,1,,1,1,1,2,57,57,57,1,0,0,2.0,1.0,,40.0,,40.0,,,,,,2.0,3.0,0.0,1,2.0,,1.0,2200.0,880.0,1.0,,,,,11606.071,2917.1476,3,2,1.0,1.0,0,42,50186,1,1.0,,,,,,2921.4523,770.0,6200.0,-1,,,,,,,87390.0,2012,626,611,0,0,1,0,0,12.0,1.0,,,19.0,4.0,2012,MIS4_to_MIS8,illinois,1,2011-2012,1,0,0,0,retention
799800657530951,3,2.0,1,4,2,8800,88001,1,1,33,17,16980,111,2.0,1.0,,7,3,37,1.0,2,44,1,,2,1,2,1,2,57,57,57,1,0,0,1.0,1.0,,42.0,,42.0,,,,,,2.0,3.0,0.0,1,2.0,2.0,2.0,,1692.3,2.0,2.0,,,,13030.0042,3308.3859,2,2,0.0,,0,0,53125,2,,,,,,2.0,3274.9401,9370.0,5000.0,-1,,,,,,,88079.0,2011,614,611,0,1,0,0,1,18.0,17.0,51.0,2011,2.0,1,8,2,8800,88001,1,33,17,16980,111,2.0,1.0,,7,3,38,1.0,2,44,1,,1,2,1,2,57,57,57,1,0,0,1.0,1.0,,40.0,,42.0,,,,,,2.0,3.0,0.0,1,2.0,2.0,2.0,,1730.76,2.0,2.0,,,,12161.7122,3000.1914,8,2,0.0,,0,0,6490,2,,,,,,2.0,2999.2033,9370.0,430.0,-1,,,,,,,87485.0,2012,626,611,0,1,1,0,1,18.0,1.0,,,1.0,51.0,2012,MIS4_to_MIS8,illinois,1,2011-2012,1,0,0,0,retention
917679050469108,3,1.0,7,4,2,8800,88001,1,1,33,17,37900,179,2.0,1.0,,3,2,38,,2,39,1,,1,0,0,6,2,57,57,57,1,0,0,1.0,1.0,,40.0,,67.0,,,,,,2.0,2.0,0.0,1,2.0,,1.0,1265.0,506.0,2.0,2.0,,,,13211.6242,3354.5002,0,0,1.0,1.0,0,42,53160,1,1.0,,,,,,3320.5882,9480.0,5120.0,4510,,,,,,,88120.0,2011,614,611,0,0,0,0,0,12.0,17.0,51.0,2011,1.0,7,8,2,8800,88001,1,33,17,37900,179,2.0,1.0,,3,2,39,,2,39,1,,0,0,5,2,57,57,57,1,0,0,1.0,1.0,,40.0,,40.0,,,,,,2.0,3.0,0.0,1,2.0,,1.0,1500.0,600.0,2.0,2.0,,,,12200.7478,3009.8212,0,0,1.0,1.0,0,42,50244,1,1.0,,,,,,3008.8298,9480.0,4610.0,-1,,,,,,,87522.0,2012,626,611,0,0,0,0,0,12.0,1.0,,,15.0,51.0,2012,MIS4_to_MIS8,illinois,1,2011-2012,1,0,0,0,retention
927249650239107,3,1.0,1,4,2,8800,88001,1,1,33,17,37900,0,2.0,1.0,,3,3,57,1.0,1,39,1,,2,1,2,1,2,57,57,57,1,0,0,2.0,1.0,,40.0,,46.0,,,,,,2.0,3.0,0.0,1,2.0,,1.0,1830.0,732.0,1.0,,,,,10950.3653,2779.3136,0,0,1.0,1.0,0,0,64503,2,1.0,,,,,,2769.9548,7860.0,3930.0,-1,,,,,,,88132.0,2011,614,611,0,0,0,0,0,12.0,12.0,40.0,2011,1.0,1,8,2,8800,88001,1,33,17,37900,0,2.0,1.0,,3,3,57,1.0,1,39,1,,1,2,1,2,57,57,57,1,0,0,2.0,1.0,,40.0,,40.0,,,,,,2.0,3.0,0.0,1,2.0,2.0,2.0,,884.0,1.0,,,,,10948.303,2836.4696,0,0,1.0,,0,42,50264,2,1.0,,,,,,2837.7977,7860.0,3930.0,-1,,,,,,,87535.0,2012,626,611,0,0,0,0,0,12.0,1.0,,,12.0,40.0,2012,MIS4_to_MIS8,illinois,1,2011-2012,1,0,0,0,retention
968087947159780,3,1.0,7,4,2,8800,88001,1,1,33,17,16980,0,2.0,1.0,,7,2,59,,2,44,1,,1,0,0,5,2,57,57,57,1,0,0,1.0,1.0,,40.0,,40.0,,,,,,2.0,3.0,0.0,1,2.0,,1.0,3000.0,900.0,2.0,2.0,,,,11704.6297,2830.7136,0,0,0.0,0.0,0,0,8363,1,,,,,,2.0,2843.5481,7870.0,230.0,-1,,,,,,,88179.0,2011,614,611,0,0,0,0,0,18.0,1.0,40.0,2011,1.0,7,8,2,8800,88001,1,33,17,16980,0,2.0,1.0,,7,2,60,,2,43,1,,0,0,5,2,57,57,57,1,0,0,1.0,1.0,,30.0,,30.0,,,15.0,,,6.0,3.0,0.0,1,2.0,,1.0,2400.0,720.0,2.0,2.0,,,,12699.0089,3460.8076,0,0,0.0,0.0,0,0,41707,1,,,,1.0,1.0,,3420.8139,7870.0,110.0,10,,,,,,,87580.0,2012,626,611,0,0,0,0,0,18.0,1.0,,,1.0,40.0,2012,MIS4_to_MIS8,illinois,1,2011-2012,1,0,0,0,retention
997369450999102,3,1.0,1,4,2,8800,88001,1,1,33,17,16980,0,2.0,1.0,,7,3,26,1.0,1,41,1,,2,1,2,1,2,57,57,57,1,0,0,2.0,1.0,,40.0,,40.0,,,,,,2.0,3.0,0.0,1,2.0,2.0,2.0,,769.23,1.0,,,,,14669.8999,3640.5812,1,1,0.0,,0,0,8492,2,,,3.0,,,,3644.1479,9370.0,7340.0,-1,,,,,,,88214.0,2011,614,611,1,0,0,0,1,14.0,20.0,51.0,2011,1.0,1,8,2,8800,88001,1,33,17,16980,0,2.0,1.0,,7,3,27,1.0,1,41,1,,1,2,1,2,57,57,57,1,0,0,2.0,1.0,,40.0,,40.0,,,,,,2.0,3.0,0.0,1,2.0,2.0,2.0,,769.23,2.0,1.0,,,,11243.268,2846.5273,1,1,0.0,,0,0,50254,2,,,3.0,,,,2846.5951,8570.0,7340.0,-1,,,,,,,87617.0,2012,626,611,1,0,0,0,1,14.0,1.0,,,20.0,44.0,2012,MIS4_to_MIS8,illinois,1,2011-2012,1,0,0,0,retention
50196469700837,3,1.0,1,4,2,8800,88001,1,1,33,17,0,0,3.0,2.0,,0,3,39,1.0,1,39,1,,2,1,2,1,2,57,57,57,1,0,0,2.0,1.0,,48.0,,68.0,,,,,,2.0,3.0,0.0,1,1.0,2.0,2.0,,923.07,1.0,,,,,13693.8253,3422.2873,11,3,0.0,,0,0,8479,2,1.0,,,,,,3473.781,9470.0,3850.0,9130,,,,,,,88230.0,2011,614,611,1,1,1,0,1,12.0,12.0,51.0,2011,1.0,1,8,2,8800,88001,1,33,17,0,0,3.0,2.0,,0,3,39,1.0,1,40,1,,1,2,1,2,57,57,57,1,0,0,2.0,1.0,,-4.0,,85.0,,,,,,2.0,3.0,0.0,1,1.0,1.0,1.0,2000.0,1153.84,1.0,,,,,11950.2663,3003.6599,11,3,0.0,0.0,0,0,28130,2,,,3.0,,,,3008.0923,9470.0,3850.0,9130,,,,,,,87632.0,2012,626,611,1,1,1,0,1,14.0,1.0,,,12.0,51.0,2012,MIS4_to_MIS8,illinois,1,2011-2012,1,0,0,0,retention
799800062280951,3,1.0,1,4,2,8800,88001,1,1,33,17,0,0,3.0,2.0,,0,1,34,2.0,1,40,1,,1,1,1,1,2,57,57,57,1,0,0,1.0,1.0,,40.0,,46.0,,,,,,2.0,3.0,0.0,1,2.0,1.0,1.0,2500.0,923.07,1.0,,,,,14008.8241,3460.1361,0,0,0.0,0.0,0,0,34982,1,,,1.0,,,,3479.9301,9470.0,3800.0,-1,2.0,,,,,,88315.0,2011,614,611,0,0,0,0,0,12.0,12.0,51.0,2011,1.0,1,8,2,8800,88001,1,33,17,0,0,3.0,2.0,,0,1,35,2.0,1,40,1,,1,1,1,2,57,57,57,1,0,0,1.0,1.0,,40.0,4.0,24.0,,,4.0,,,4.0,2.0,0.0,1,2.0,2.0,2.0,,1000.0,1.0,,,,,11950.2663,3003.6599,0,0,0.0,,0,0,18325,1,,,2.0,,,,3008.0923,9470.0,3655.0,-1,2.0,,,,,,87710.0,2012,626,611,0,0,0,0,0,13.0,1.0,,,11.0,51.0,2012,MIS4_to_MIS8,illinois,1,2011-2012,1,0,0,0,retention
947239550779109,3,1.0,3,4,2,8800,88001,1,1,33,17,0,0,3.0,2.0,,0,1,61,,1,38,1,,1,1,1,5,2,57,57,57,1,0,0,1.0,1.0,,40.0,,40.0,,,,,,2.0,2.0,0.0,1,1.0,1.0,1.0,2600.0,1325.0,1.0,,,,,11319.1782,2760.0172,0,0,0.0,1.0,0,0,67832,1,,,,,,,2717.5339,5270.0,4700.0,-1,,,,,,,88334.0,2011,614,611,0,0,0,0,0,12.0,16.0,22.0,2011,1.0,6,8,2,8800,88001,1,33,17,0,0,3.0,2.0,,0,2,62,,1,39,1,,0,0,5,2,57,57,57,1,0,0,1.0,5.0,,,,,,,,,,1.0,2.0,0.0,2,,,,,,,,,,,11637.2087,2908.3903,0,0,,,0,0,17991,1,1.0,,,,,,2950.7746,4980.0,7810.0,-1,,,,,,,87732.0,2012,626,611,0,0,0,0,0,12.0,1.0,,,21.0,22.0,2012,MIS4_to_MIS8,illinois,1,2011-2012,1,0,0,0,retention
967189150399104,3,2.0,1,4,2,8800,88001,1,1,33,17,0,0,3.0,2.0,,0,1,46,2.0,1,42,1,,1,1,1,1,2,57,57,57,1,0,0,2.0,1.0,,40.0,,44.0,,,,,,2.0,2.0,0.0,1,2.0,,1.0,3400.0,1360.0,2.0,2.0,,,,11625.8656,2928.9358,3,1,1.0,1.0,0,0,53137,1,,,3.0,,,,2945.4696,8370.0,2340.0,4610,,,,,,,88342.0,2011,614,611,0,0,1,0,0,14.0,8.0,43.0,2011,2.0,1,8,2,8800,88001,1,33,17,0,0,3.0,2.0,,0,1,47,2.0,1,42,1,,1,1,1,2,57,57,57,1,0,0,2.0,2.0,4.0,40.0,,,,,,,,5.0,2.0,0.0,1,2.0,2.0,2.0,,1019.0,2.0,2.0,,,,12772.2559,3190.7234,3,1,1.0,,0,0,50223,1,,,3.0,,,,3209.1289,8390.0,2340.0,2010,,,,,,,87740.0,2012,626,611,0,0,1,0,0,14.0,1.0,,,8.0,43.0,2012,MIS4_to_MIS8,illinois,1,2011-2012,1,0,0,0,retention
967189150399104,3,2.0,1,4,2,8800,88001,1,1,33,17,0,0,3.0,2.0,,0,3,38,1.0,2,40,1,,2,1,2,1,2,57,57,57,1,0,0,1.0,1.0,,40.0,,40.0,,,,,,2.0,2.0,0.0,1,2.0,,1.0,850.0,340.0,2.0,2.0,,,,13596.4342,3452.2055,3,1,0.0,0.0,0,0,53137,2,,,2.0,,,,3417.3057,8370.0,2340.0,-1,,,,,,,88343.0,2011,614,611,0,0,1,0,0,13.0,8.0,43.0,2011,2.0,1,8,2,8800,88001,1,33,17,0,0,3.0,2.0,,0,3,39,1.0,2,40,1,,1,2,1,2,57,57,57,1,0,0,1.0,1.0,,40.0,,40.0,,,,,,2.0,2.0,0.0,1,2.0,2.0,2.0,,330.0,2.0,2.0,,,,12522.3859,3089.1666,3,1,0.0,,0,0,50223,2,,,2.0,,,,3088.1491,8390.0,2340.0,-1,,,,,,,87741.0,2012,626,611,0,0,1,0,0,13.0,1.0,,,8.0,43.0,2012,MIS4_to_MIS8,illinois,1,2011-2012,1,0,0,0,retention
76951570995498,3,2.0,4,4,2,8800,88001,1,1,33,17,28100,91,,1.0,,2,1,41,,2,44,1,,1,1,1,7,2,57,57,57,1,0,0,2.0,1.0,,40.0,6.0,32.0,,,6.0,,,4.0,3.0,0.0,1,2.0,2.0,2.0,,1923.0,1.0,,,,,13998.0448,3513.8917,0,0,1.0,,0,0,21938,1,,,,,,2.0,3518.2459,7860.0,2310.0,-1,,,,,2.0,,88381.0,2011,614,611,0,0,0,0,0,18.0,8.0,40.0,2011,2.0,4,8,2,8800,88001,1,33,17,28100,91,,1.0,,2,1,41,,2,44,1,,1,1,7,2,57,57,57,1,0,0,2.0,1.0,,40.0,,40.0,,,,,,2.0,3.0,0.0,1,2.0,2.0,2.0,,1653.0,1.0,,,,,13574.7108,3376.8732,0,0,1.0,,0,0,50193,1,,,,,,2.0,3347.6632,7860.0,2310.0,-1,,,,,2.0,,87778.0,2012,626,611,0,0,0,0,0,18.0,1.0,,,8.0,40.0,2012,MIS4_to_MIS8,illinois,1,2011-2012,1,0,0,0,retention
799210359560951,3,1.0,1,4,2,8800,88001,1,1,33,17,19500,115,,1.0,,2,1,35,2.0,1,44,1,,1,1,1,1,2,57,57,57,1,0,0,1.0,1.0,,38.0,,38.0,,,,,,2.0,2.0,0.0,1,2.0,2.0,2.0,,1153.84,1.0,,,,,13563.4079,3389.6941,3,1,0.0,,0,0,51579,1,,,,,,1.0,3440.6974,9470.0,430.0,-1,2.0,,,,,,88424.0,2011,614,611,0,0,1,0,0,17.0,1.0,51.0,2011,1.0,1,8,2,8800,88001,1,33,17,19500,115,,1.0,,2,1,36,2.0,1,44,1,,1,1,1,2,57,57,57,1,0,0,1.0,1.0,,38.0,,38.0,,,,,,2.0,2.0,0.0,1,2.0,2.0,2.0,,1361.53,1.0,,,,,12634.39,3175.6121,3,1,0.0,,0,0,58942,1,,,,,,1.0,3180.2983,9470.0,1230.0,-1,2.0,,,,,,87819.0,2012,626,611,0,0,1,0,0,17.0,1.0,,,3.0,51.0,2012,MIS4_to_MIS8,illinois,1,2011-2012,1,0,0,0,retention
799730763250951,3,1.0,1,4,2,8800,88001,1,1,33,17,16580,0,,1.0,,2,1,26,2.0,2,44,8,,1,1,1,1,2,57,57,215,1,0,0,1.0,1.0,,50.0,,50.0,,,,,,2.0,2.0,0.0,1,2.0,2.0,2.0,,500.0,1.0,,,,,14509.2665,3495.2813,0,0,0.0,,0,0,34719,1,,,,,,2.0,3535.2464,7870.0,1610.0,-1,,,,,,,88450.0,2011,614,611,0,0,0,0,0,18.0,5.0,40.0,2011,1.0,1,8,2,8800,88001,1,33,17,16580,0,,1.0,,2,1,27,2.0,2,46,8,,1,1,1,2,57,57,215,1,0,0,1.0,1.0,,40.0,4.0,32.0,,,4.0,,,4.0,2.0,0.0,1,2.0,2.0,2.0,,1326.92,2.0,2.0,,,,15471.2643,3847.5231,0,0,0.0,,0,0,50050,1,,,,,,,3862.32,7870.0,230.0,-1,,,,,,,87841.0,2012,626,611,0,0,0,0,0,18.0,8.0,,,1.0,40.0,2012,MIS4_to_MIS8,illinois,1,2011-2012,1,0,0,0,retention
799730763250951,3,1.0,1,4,2,8800,88001,1,1,33,17,16580,0,,1.0,,2,3,27,1.0,1,44,1,,2,1,2,1,2,57,57,57,1,0,0,2.0,1.0,,60.0,,60.0,,,,,,2.0,2.0,0.0,1,2.0,2.0,2.0,,458.33,1.0,,,,,15161.8314,3762.6622,0,0,0.0,,0,0,34719,2,,,,,,2.0,3766.3485,7870.0,1920.0,-1,,,,,,,88451.0,2011,614,611,0,0,0,0,0,18.0,5.0,40.0,2011,1.0,1,8,2,8800,88001,1,33,17,16580,0,,1.0,,2,3,28,1.0,1,44,1,,1,2,1,2,57,57,57,1,0,0,2.0,1.0,,50.0,,50.0,,,,,,2.0,2.0,0.0,1,2.0,2.0,2.0,,458.33,2.0,1.0,,,,12239.442,3098.7348,0,0,0.0,,0,0,50050,2,,,,,,2.0,3098.8086,7870.0,1965.0,-1,,,,,,,87842.0,2012,626,611,0,0,0,0,0,18.0,1.0,,,5.0,40.0,2012,MIS4_to_MIS8,illinois,1,2011-2012,1,0,0,0,retention
799870549650951,3,1.0,1,4,2,8800,88001,1,1,33,17,28100,91,,1.0,,2,3,57,1.0,2,44,1,,2,1,2,1,2,57,57,57,1,0,0,2.0,1.0,,40.0,,40.0,,,,,,2.0,3.0,0.0,1,2.0,2.0,2.0,,1346.15,1.0,,,,,12527.589,3029.7427,0,0,0.0,,0,0,8411,2,,,,,,3.0,3043.4796,7860.0,3230.0,-1,,,,,,,88453.0,2011,614,611,0,0,0,0,0,18.0,10.0,40.0,2011,2.0,1,8,2,8800,88001,1,33,17,28100,91,,1.0,,2,3,59,1.0,2,44,1,,1,2,1,2,57,57,57,1,0,0,1.0,1.0,,40.0,,44.0,,,,,,2.0,3.0,0.0,1,2.0,2.0,2.0,,1057.0,1.0,,,,,13520.7941,3345.8055,0,0,1.0,,0,0,30997,2,,,,,,3.0,3387.6344,7860.0,3230.0,-1,,,,,,,87844.0,2012,626,611,0,0,0,0,0,18.0,1.0,,,10.0,40.0,2012,MIS4_to_MIS8,illinois,1,2011-2012,1,0,0,0,retention
957629150959103,3,1.0,1,4,2,8800,88001,1,1,33,17,19500,115,,1.0,,2,3,48,1.0,1,44,1,,2,1,2,1,2,57,57,57,1,0,0,2.0,1.0,,50.0,,50.0,,,,,,2.0,3.0,0.0,1,2.0,2.0,2.0,,673.07,2.0,2.0,,,,11515.1431,2901.0412,0,0,0.0,,0,0,45262,2,,,,,,1.0,2917.4175,6770.0,2430.0,-1,,,,,,,88480.0,2011,614,611,0,0,0,0,0,17.0,8.0,31.0,2011,1.0,1,8,2,8800,88001,1,33,17,19500,115,,1.0,,2,3,49,1.0,1,44,1,,1,2,1,2,57,57,57,1,0,0,2.0,1.0,,40.0,,40.0,,,,,,2.0,3.0,0.0,1,2.0,1.0,1.0,1634.0,653.84,2.0,2.0,,,,13503.4365,3373.3845,0,0,0.0,0.0,0,0,18296,2,,,,,,1.0,3392.8437,6770.0,2430.0,-1,,,,,,,87864.0,2012,626,611,0,0,0,0,0,17.0,1.0,,,8.0,31.0,2012,MIS4_to_MIS8,illinois,1,2011-2012,1,0,0,0,retention
653194299800823,3,1.0,6,4,2,8800,88001,1,1,32,18,26900,0,1.0,1.0,,5,2,67,,1,45,1,1.0,1,0,0,5,2,57,57,57,1,0,0,1.0,1.0,,60.0,,60.0,,,,,,2.0,2.0,0.0,1,2.0,2.0,2.0,,2884.61,2.0,2.0,,,,15930.9525,3761.0615,0,0,0.0,,0,0,22204,1,,,,,,,3661.8005,7870.0,2200.0,-1,,,,,,,88574.0,2011,614,611,0,0,0,0,0,18.0,8.0,40.0,2011,1.0,6,8,2,8800,88001,1,32,18,26900,0,1.0,1.0,,5,2,67,,1,45,1,1.0,0,0,5,2,57,57,57,1,0,0,1.0,1.0,,60.0,,60.0,,,,,,2.0,2.0,0.0,1,2.0,2.0,2.0,,192.0,2.0,2.0,,,,18405.7113,4538.8211,0,0,1.0,,0,0,68239,1,,,,,,,4558.6585,7870.0,2200.0,-1,,,,,,,87972.0,2012,626,611,0,0,0,0,0,18.0,1.0,,,8.0,40.0,2012,MIS4_to_MIS8,indiana,0,2011-2012,1,0,0,0,retention
853197559800887,3,1.0,7,4,2,8800,88001,1,1,32,18,43780,141,1.0,1.0,,3,2,32,,2,44,1,,1,0,0,7,2,57,57,57,1,0,0,1.0,1.0,,40.0,,40.0,,,,,,2.0,2.0,0.0,1,2.0,2.0,2.0,,900.0,1.0,,,,,11852.2782,2842.7146,0,0,0.0,,0,0,22258,1,,,,,,2.0,2887.8596,7860.0,2310.0,-1,,,,,,,88581.0,2011,614,611,0,0,0,0,0,18.0,8.0,40.0,2011,1.0,7,8,2,8800,88001,1,32,18,43780,141,1.0,1.0,,3,2,33,,2,44,1,,0,0,7,2,57,57,57,1,0,0,1.0,1.0,,40.0,,40.0,,,,,,2.0,2.0,0.0,1,2.0,2.0,2.0,,750.0,1.0,,,,,11108.0104,2690.5754,0,0,0.0,,0,0,3831,1,,,,,,2.0,2773.0565,7860.0,2310.0,-1,,,,,,,87988.0,2012,626,611,0,0,0,0,0,18.0,1.0,,,8.0,40.0,2012,MIS4_to_MIS8,indiana,0,2011-2012,1,0,0,0,retention
903058983159700,3,1.0,4,4,2,8800,88001,1,1,32,18,43780,141,1.0,1.0,,3,1,44,,2,39,2,,1,1,1,6,2,57,57,57,1,0,0,1.0,1.0,,35.0,,35.0,,,,,,2.0,2.0,0.0,1,2.0,,1.0,700.0,245.0,2.0,2.0,,,,12565.8666,2958.6869,4,1,0.0,0.0,0,0,35209,1,1.0,,,,,,3040.3051,7860.0,4600.0,-1,,,,,,,88598.0,2011,614,611,0,0,0,1,0,12.0,15.0,40.0,2011,1.0,4,8,2,8800,88001,1,32,18,43780,141,1.0,1.0,,3,1,45,,2,39,2,,1,1,5,2,57,57,57,1,0,0,1.0,1.0,,35.0,,35.0,,,,,,2.0,5.0,0.0,1,2.0,,1.0,1800.0,630.0,2.0,2.0,,,,16795.4029,3966.237,0,0,1.0,1.0,0,42,50330,1,1.0,,,,,,4085.9826,7860.0,2540.0,-1,,,,,,,88010.0,2012,626,611,0,0,0,0,0,12.0,2.0,,,8.0,40.0,2012,MIS4_to_MIS8,indiana,0,2011-2012,0,1,0,1,retention
918028901159060,3,1.0,1,4,2,8800,88001,1,1,32,18,16980,89,1.0,1.0,,7,1,45,2.0,1,40,1,,1,1,1,1,2,57,57,57,1,0,0,1.0,1.0,,20.0,,20.0,,,18.0,,,7.0,3.0,0.0,1,2.0,1.0,1.0,1555.0,333.33,2.0,2.0,,,,10674.7652,2657.5153,0,0,0.0,0.0,0,0,56503,1,,,1.0,,,,2704.5037,7860.0,9120.0,-1,,,,,,,88603.0,2011,614,611,0,0,0,0,0,12.0,22.0,40.0,2011,1.0,1,8,2,8800,88001,1,32,18,16980,89,1.0,1.0,,7,1,47,2.0,1,40,1,,1,1,1,2,57,57,57,1,0,0,1.0,1.0,,32.0,,27.0,,,18.0,,,7.0,3.0,0.0,1,1.0,1.0,1.0,1130.0,300.0,2.0,2.0,,,,13364.9328,3238.1273,0,0,0.0,0.0,0,0,58981,1,,,1.0,,,,3358.0436,6180.0,9120.0,-1,,,,,,,88015.0,2012,626,611,0,0,0,0,0,12.0,1.0,,,22.0,23.0,2012,MIS4_to_MIS8,indiana,0,2011-2012,1,0,0,0,retention
56196209800807,3,1.0,1,4,2,8800,88001,1,1,32,18,16980,89,2.0,1.0,,7,4,21,,1,40,1,,3,1,3,7,2,57,57,57,1,0,0,2.0,1.0,,20.0,,40.0,,,,,,2.0,2.0,0.0,1,1.0,1.0,1.0,825.0,250.0,2.0,2.0,1.0,1.0,2.0,16334.0943,3942.444,0,0,0.0,0.0,0,0,35121,3,,,4.0,,,,3972.4702,7870.0,7010.0,4900,,,,,1.0,1.0,88641.0,2011,614,611,0,0,0,0,0,15.0,20.0,40.0,2011,1.0,1,8,2,8800,88001,1,32,18,16980,89,2.0,1.0,,7,4,22,,1,40,1,,1,3,7,2,57,57,57,1,0,0,2.0,1.0,,20.0,,25.0,,,20.0,,,7.0,2.0,0.0,1,2.0,,1.0,1000.0,50.0,2.0,2.0,1.0,1.0,2.0,15243.6459,3570.0918,0,0,0.0,0.0,0,0,31158,3,,,5.0,,,,3639.9277,7870.0,1107.0,1050,,,,,1.0,1.0,88046.0,2012,626,611,0,0,0,0,0,16.0,1.0,,,3.0,40.0,2012,MIS4_to_MIS8,indiana,0,2011-2012,1,0,0,0,retention
205005711107428,3,1.0,1,4,2,8800,88001,1,1,32,18,26900,63,2.0,1.0,,5,1,36,2.0,1,43,1,,1,1,1,1,2,57,57,57,1,0,0,1.0,2.0,4.0,48.0,,,,,,,,5.0,3.0,0.0,1,1.0,1.0,1.0,1850.0,1015.38,2.0,2.0,,,,12488.7475,3084.2065,5,2,0.0,0.0,0,0,71184,1,,,,2.0,,,3168.0829,9470.0,3740.0,-1,,,,,,,88722.0,2011,614,611,1,1,0,0,1,16.0,12.0,51.0,2011,1.0,1,8,2,8800,88001,1,32,18,26900,63,2.0,1.0,,5,1,37,2.0,1,43,1,,1,1,1,2,57,57,57,1,0,0,1.0,1.0,,48.0,,48.0,,,,,,2.0,3.0,0.0,1,1.0,2.0,2.0,,2200.0,2.0,2.0,,,,12149.144,2961.5867,5,2,0.0,,0,0,18440,1,,,,2.0,,,3058.1533,9470.0,3740.0,-1,,,,,,,88122.0,2012,626,611,1,1,0,0,1,16.0,1.0,,,12.0,51.0,2012,MIS4_to_MIS8,indiana,0,2011-2012,1,0,0,0,retention
959103990800191,3,1.0,7,4,2,8800,88001,1,1,32,18,16980,89,2.0,1.0,,7,2,56,,2,40,1,,1,0,0,5,2,57,57,57,1,0,0,1.0,1.0,,40.0,,40.0,,,,,,2.0,3.0,0.0,1,2.0,1.0,1.0,1720.0,673.07,2.0,2.0,,,,12257.4529,2929.3507,0,0,0.0,0.0,0,0,45369,1,,,3.0,,,,2977.8522,7860.0,5140.0,-1,,,,,,,88828.0,2011,614,611,0,0,0,0,0,14.0,17.0,40.0,2011,1.0,7,8,2,8800,88001,1,32,18,16980,89,2.0,1.0,,7,2,57,,2,40,1,,0,0,5,2,57,57,57,1,0,0,1.0,1.0,,40.0,,40.0,,,,,,2.0,3.0,0.0,1,2.0,1.0,1.0,1728.0,692.3,2.0,2.0,,,,11515.5998,2763.6984,0,0,0.0,0.0,0,0,18483,1,,,3.0,,,,2885.233,7860.0,5165.0,-1,,,,,,,88229.0,2012,626,611,0,0,0,0,0,14.0,1.0,,,17.0,40.0,2012,MIS4_to_MIS8,indiana,0,2011-2012,1,0,0,0,retention
20211580991991,3,1.0,1,4,2,8800,88001,1,1,32,18,0,0,3.0,2.0,,0,3,48,1.0,2,39,1,,2,1,2,1,2,57,57,57,1,0,0,2.0,1.0,,40.0,,40.0,,,,,,2.0,2.0,0.0,1,2.0,1.0,1.0,1500.0,403.84,2.0,2.0,,,,11666.4292,2855.0018,0,0,0.0,0.0,0,0,35060,2,2.0,5.0,,,,,2906.5702,9470.0,3800.0,-1,,,,,,,88840.0,2011,614,611,0,0,0,0,0,9.0,12.0,51.0,2011,1.0,1,8,2,8800,88001,1,32,18,0,0,3.0,2.0,,0,3,49,1.0,2,39,1,,1,2,1,2,57,57,57,1,0,0,2.0,2.0,5.0,40.0,,,,,,,,5.0,2.0,0.0,1,2.0,,1.0,1100.0,440.0,2.0,2.0,,,,11092.2382,2672.3998,0,0,0.0,0.0,0,0,18419,2,2.0,5.0,,,,,2791.0717,9470.0,3800.0,-1,,,,,,,88240.0,2012,626,611,0,0,0,0,0,9.0,1.0,,,12.0,51.0,2012,MIS4_to_MIS8,indiana,0,2011-2012,1,0,0,0,retention
908039650989107,3,1.0,7,4,2,8800,88001,1,1,32,18,0,0,3.0,2.0,,0,2,77,,2,39,1,,1,0,0,4,2,57,57,57,1,0,0,1.0,2.0,14.0,-4.0,,,,,,,,10.0,3.0,0.0,1,2.0,1.0,1.0,968.0,178.57,2.0,2.0,,,,11918.865,2935.4084,0,0,1.0,0.0,0,0,43242,1,1.0,,,,,,2936.7103,9380.0,5260.0,-1,,,,,,,88946.0,2011,614,611,0,0,0,0,0,12.0,17.0,51.0,2011,1.0,7,8,2,8800,88001,1,32,18,0,0,3.0,2.0,,0,2,78,,2,39,1,,0,0,4,2,57,57,57,1,0,0,1.0,5.0,,,,,,,,,,1.0,,,2,,,,,,,,,,,10335.1468,2694.1854,0,0,,,0,0,28146,1,1.0,,,,,,2581.4247,,,-1,,,,,,,88340.0,2012,626,611,0,0,0,0,0,12.0,1.0,,,,,2012,MIS4_to_MIS8,indiana,0,2011-2012,0,1,0,0,retention
967078931159180,3,1.0,1,4,2,8800,88001,1,1,32,18,0,0,3.0,2.0,,0,3,42,1.0,1,40,1,,2,1,2,1,2,57,57,57,1,0,0,2.0,1.0,,-4.0,,45.0,,,,,,2.0,3.0,0.0,1,2.0,2.0,1.0,2940.0,1323.0,2.0,2.0,,,,11788.0698,2918.4573,4,2,1.0,1.0,0,42,67963,2,,,1.0,,,,2990.3385,770.0,6730.0,-1,,,,,,,88992.0,2011,614,611,0,0,0,1,0,12.0,19.0,4.0,2011,2.0,1,8,2,8800,88001,1,32,18,0,0,3.0,2.0,,0,3,43,1.0,1,41,1,,1,2,1,2,57,57,57,1,0,0,1.0,1.0,,-4.0,,40.0,,,,,,2.0,3.0,0.0,1,2.0,2.0,2.0,,347.0,2.0,2.0,,,,11857.4305,2885.3516,4,2,1.0,,0,42,31250,2,,,5.0,,,,2984.7239,770.0,6730.0,-1,,,,,,,88385.0,2012,626,611,0,0,0,1,0,16.0,1.0,,,19.0,4.0,2012,MIS4_to_MIS8,indiana,0,2011-2012,1,0,0,0,retention
71911580991196,3,2.0,6,4,2,8800,88001,1,1,32,18,0,0,,1.0,,0,2,42,,1,40,1,,2,0,0,5,2,57,57,57,1,0,0,1.0,1.0,,72.0,,99.0,,,,,,2.0,3.0,0.0,1,2.0,2.0,2.0,,1307.69,1.0,,,,,12249.8704,3032.7886,0,0,0.0,,0,0,74791,2,,,5.0,,,,3107.4858,9470.0,3740.0,3740,2.0,,,,,,89018.0,2011,614,611,0,0,0,0,0,16.0,12.0,51.0,2011,2.0,6,8,2,8800,88001,1,32,18,0,0,,1.0,,0,2,44,,1,39,1,,0,0,5,2,57,57,57,1,0,0,1.0,1.0,,70.0,,94.0,,,,,,2.0,3.0,0.0,1,2.0,2.0,2.0,,1259.23,1.0,,,,,12664.9152,3081.8426,0,0,0.0,,0,0,18459,2,1.0,,,,,,3187.982,9470.0,3740.0,3740,2.0,,,,,,88407.0,2012,626,611,0,0,0,0,0,12.0,1.0,,,12.0,51.0,2012,MIS4_to_MIS8,indiana,0,2011-2012,1,0,0,0,retention
899310107650951,3,2.0,1,4,2,8800,88001,1,1,32,18,11300,95,,1.0,,2,3,40,1.0,2,39,1,,2,1,2,1,2,57,57,57,1,0,0,1.0,1.0,,30.0,,30.0,,,17.0,,,7.0,3.0,0.0,1,2.0,,1.0,1700.0,510.0,1.0,,,,,11648.5941,2889.5311,10,3,1.0,1.0,0,42,71191,2,1.0,,,,,,2927.7387,7860.0,2310.0,-1,,,,,,,89048.0,2011,614,611,0,0,1,1,0,12.0,8.0,40.0,2011,1.0,1,8,2,8800,88001,1,32,18,11300,95,,1.0,,2,3,41,1.0,2,39,1,,1,2,1,2,57,57,57,1,0,0,2.0,1.0,,40.0,,40.0,,,,,,2.0,3.0,0.0,1,2.0,1.0,1.0,1000.0,400.0,2.0,2.0,,,,11179.1729,2697.1148,10,2,0.0,0.0,0,0,68233,2,1.0,,,,,,2756.899,7860.0,2540.0,-1,,,,,,,88441.0,2012,626,611,0,0,1,1,0,12.0,1.0,,,8.0,40.0,2012,MIS4_to_MIS8,indiana,0,2011-2012,1,0,0,0,retention
998849050999103,3,1.0,1,4,2,8800,88001,1,1,32,18,0,0,,1.0,,0,1,62,2.0,1,44,1,,1,1,1,1,2,57,57,57,1,0,0,1.0,1.0,,40.0,,40.0,,,,,,2.0,3.0,0.0,1,2.0,2.0,2.0,,2884.61,1.0,,,,,10808.7871,2604.3943,0,0,1.0,,0,42,62766,1,,,,,,3.0,2594.998,7860.0,230.0,-1,,,,,,,89096.0,2011,614,611,0,0,0,0,0,18.0,1.0,40.0,2011,1.0,1,8,2,8800,88001,1,32,18,0,0,,1.0,,0,1,62,2.0,1,44,1,,1,1,1,2,57,57,57,1,0,0,1.0,1.0,,40.0,,40.0,,,,,,2.0,3.0,0.0,1,2.0,2.0,2.0,,1817.0,2.0,1.0,,,,11883.6259,2862.8102,0,0,0.0,,0,0,10297,1,,,,,,3.0,2925.5963,7860.0,230.0,-1,,,,,,,88482.0,2012,626,611,0,0,0,0,0,18.0,1.0,,,1.0,40.0,2012,MIS4_to_MIS8,indiana,0,2011-2012,1,0,0,0,retention
24093560995798,3,1.0,1,4,2,8800,88001,1,1,21,36,35620,85,1.0,1.0,,7,1,47,2.0,1,40,1,,1,1,1,1,2,57,57,57,1,0,0,1.0,1.0,,35.0,,35.0,,,,,,2.0,2.0,0.0,1,2.0,2.0,2.0,,1500.0,2.0,2.0,,,,13188.1412,3313.6971,5,3,0.0,,0,0,29396,1,,,2.0,,,,3341.2797,9470.0,3800.0,-1,,,,,,,99567.0,2011,614,611,1,1,0,0,1,13.0,12.0,51.0,2011,1.0,1,8,2,8800,88001,1,21,36,35620,85,1.0,1.0,,7,1,48,2.0,1,40,1,,1,1,1,2,57,57,57,1,0,0,1.0,1.0,,35.0,,35.0,,,,,,2.0,2.0,0.0,1,2.0,2.0,2.0,,1596.15,1.0,,,,,15151.8977,3740.3209,2,3,0.0,,0,0,37192,1,,,3.0,,,,3807.0324,9470.0,3800.0,-1,,,,,,,98837.0,2012,626,611,0,1,0,0,1,14.0,1.0,,,12.0,51.0,2012,MIS4_to_MIS8,new_york,0,2011-2012,1,0,0,0,retention
63544045905596,3,1.0,7,4,2,8800,88001,1,1,21,36,35620,5,1.0,1.0,,7,2,30,,2,43,2,,1,0,0,7,2,57,57,57,1,0,0,1.0,1.0,,40.0,,40.0,,,,,,2.0,3.0,0.0,1,1.0,1.0,1.0,4100.0,738.0,1.0,,,,,14886.2771,3635.4468,0,0,1.0,1.0,0,0,29027,1,,,,2.0,,,3627.5778,9470.0,2015.0,-1,,,,,,,99610.0,2011,614,611,0,0,0,0,0,16.0,6.0,51.0,2011,1.0,7,8,2,8800,88001,1,21,36,35620,5,1.0,1.0,,7,2,31,,2,43,2,,0,0,7,2,57,57,57,1,0,0,1.0,1.0,,38.0,,38.0,,,,,,2.0,3.0,0.0,1,2.0,2.0,2.0,,1442.3,1.0,,,,,14693.0434,3582.9163,0,0,0.0,,0,0,11533,1,,,,2.0,,,3697.1667,9470.0,3700.0,-1,,,,,,,98878.0,2012,626,611,0,0,0,0,0,16.0,2.0,,,12.0,51.0,2012,MIS4_to_MIS8,new_york,0,2011-2012,1,0,0,0,retention
63939075906098,3,1.0,1,4,2,8800,88001,1,1,21,36,35620,47,1.0,1.0,,7,3,30,1.0,2,39,1,,2,1,2,1,2,57,57,57,1,0,0,2.0,7.0,,,,,,7.0,,,,1.0,3.0,0.0,2,,,,,,,,,,,13988.2181,3604.9643,11,3,,,0,0,14748,2,1.0,,,,,,3608.9482,9470.0,5860.0,-1,,,,,,,99618.0,2011,614,611,1,1,1,0,1,12.0,17.0,51.0,2011,1.0,1,8,2,8800,88001,1,21,36,35620,47,1.0,1.0,,7,3,30,1.0,2,39,1,,1,2,1,2,57,57,57,1,0,0,2.0,1.0,,30.0,,30.0,,,22.0,,,7.0,5.0,0.0,1,2.0,2.0,2.0,,545.0,2.0,2.0,,,,12298.0094,3034.9979,11,4,1.0,,0,0,46399,2,1.0,,,,,,3070.1336,8380.0,5860.0,-1,,,,,,,98884.0,2012,626,611,1,1,1,0,1,12.0,1.0,,,17.0,43.0,2012,MIS4_to_MIS8,new_york,0,2011-2012,0,1,0,1,retention
263627025908791,3,1.0,3,4,2,8800,88001,1,1,21,36,35620,5,1.0,1.0,,7,1,51,,1,39,1,,1,1,1,7,2,57,57,57,1,0,0,1.0,5.0,,,,,,,,,,1.0,3.0,0.0,2,,,,,,,,,,,15120.9691,3398.9893,0,0,,,0,0,5736,1,2.0,7.0,,,,,3444.9661,7790.0,6730.0,-1,,,,,2.0,,99707.0,2011,614,611,0,0,0,0,0,11.0,19.0,39.0,2011,1.0,6,8,2,8800,88001,1,21,36,35620,5,1.0,1.0,,7,2,52,,1,39,1,,0,0,7,2,57,57,57,1,0,0,1.0,5.0,,,,,,,,,,1.0,,,2,,,,,,,,,,,14239.6424,3489.0718,0,0,,,0,0,1437,1,2.0,7.0,,,,,3385.9579,,,-1,,,,,,,98973.0,2012,626,611,0,0,0,0,0,11.0,1.0,,,,,2012,MIS4_to_MIS8,new_york,0,2011-2012,0,1,0,0,retention
286949050689301,3,1.0,1,4,2,8800,88001,1,1,21,36,35620,81,1.0,1.0,,7,1,45,2.0,1,39,1,,1,1,1,1,2,57,57,57,1,0,0,1.0,1.0,,40.0,,40.0,,,,,,2.0,2.0,0.0,1,1.0,1.0,1.0,3250.0,1250.0,1.0,,,,,13188.1412,3313.6971,8,3,0.0,0.0,0,0,60955,1,1.0,,,,,,3341.2797,6180.0,9410.0,-1,,,,,,,99715.0,2011,614,611,0,1,1,0,1,12.0,22.0,23.0,2011,1.0,1,8,2,8800,88001,1,21,36,35620,81,1.0,1.0,,7,1,47,2.0,1,39,1,,1,1,1,2,57,57,57,1,0,0,1.0,1.0,,40.0,,40.0,,,,,,2.0,2.0,0.0,1,2.0,2.0,2.0,,1153.0,1.0,,,,,15151.8977,3740.3209,3,3,1.0,,0,42,11871,1,1.0,,,,,,3807.0324,7470.0,5000.0,-1,,,,,,,98980.0,2012,626,611,0,0,1,0,0,12.0,1.0,,,17.0,36.0,2012,MIS4_to_MIS8,new_york,0,2011-2012,1,0,0,0,retention
286949050689301,3,1.0,1,4,2,8800,88001,1,1,21,36,35620,81,1.0,1.0,,7,3,38,1.0,2,39,4,,2,1,2,1,2,202,202,202,4,0,7,2.0,1.0,,35.0,,35.0,,,,,,2.0,3.0,0.0,1,2.0,2.0,2.0,,461.53,1.0,,,,,13460.3692,3320.3929,8,3,0.0,,0,0,60955,2,2.0,7.0,,,,,3383.1073,7860.0,2540.0,-1,,,,,,,99716.0,2011,614,611,0,1,1,0,1,11.0,8.0,40.0,2011,1.0,1,8,2,8800,88001,1,21,36,35620,81,1.0,1.0,,7,3,38,1.0,2,40,4,,1,2,1,2,202,202,202,4,0,7,2.0,1.0,,25.0,,25.0,,,18.0,,,7.0,3.0,0.0,1,2.0,,1.0,1100.0,275.0,2.0,2.0,,,,15194.1227,3683.2231,3,3,1.0,1.0,0,42,11871,2,,,1.0,,,,3747.0269,7860.0,2540.0,-1,,,,,,,98981.0,2012,626,611,0,0,1,0,0,12.0,4.0,,,8.0,40.0,2012,MIS4_to_MIS8,new_york,0,2011-2012,1,0,0,0,retention
391925701043618,3,2.0,1,4,2,8800,88001,1,1,21,36,35620,81,1.0,1.0,,7,1,37,2.0,2,42,1,2.0,1,1,1,1,2,57,73,73,1,0,0,1.0,1.0,,45.0,,47.0,,,,,,2.0,3.0,0.0,1,2.0,2.0,2.0,,1750.0,1.0,,,,,13537.4825,3381.0291,3,2,0.0,,0,0,51735,1,,,2.0,,,,3402.4889,9470.0,3710.0,-1,,,,,5.0,,99763.0,2011,614,611,0,0,1,0,0,13.0,12.0,51.0,2011,2.0,1,8,2,8800,88001,1,21,36,35620,81,1.0,1.0,,7,1,38,2.0,2,42,1,2.0,1,1,1,2,57,73,73,1,0,0,2.0,1.0,,45.0,,55.0,,,,,,2.0,3.0,0.0,1,1.0,1.0,1.0,3740.0,1850.0,1.0,,,,,13749.2172,3399.2201,10,2,0.0,0.0,0,0,11875,1,,,4.0,,,,3390.6983,9470.0,3710.0,-1,,,,,5.0,,99018.0,2012,626,611,0,0,1,1,0,15.0,1.0,,,12.0,51.0,2012,MIS4_to_MIS8,new_york,0,2011-2012,1,0,0,0,retention
392985504074636,3,1.0,1,4,2,8800,88001,1,1,21,36,35620,61,1.0,1.0,,7,3,67,1.0,2,46,1,,2,1,2,1,2,57,57,57,1,0,0,2.0,1.0,,70.0,,70.0,,,,,,2.0,3.0,0.0,1,2.0,2.0,2.0,,2038.46,1.0,,,,,12388.2883,3079.3335,0,0,0.0,,0,0,14882,2,,,,,,,3052.3724,7870.0,2200.0,-1,,,,,,,99782.0,2011,614,611,0,0,0,0,0,18.0,8.0,40.0,2011,1.0,1,8,2,8800,88001,1,21,36,35620,61,1.0,1.0,,7,3,68,1.0,2,46,1,,1,2,1,2,57,57,57,1,0,0,2.0,1.0,,60.0,,60.0,,,,,,2.0,3.0,0.0,1,2.0,2.0,2.0,,2038.46,1.0,,,,,16233.0231,3742.7079,0,0,0.0,,0,0,59951,2,,,,,,,3803.575,7870.0,2200.0,-1,,,,,,,99035.0,2012,626,611,0,0,0,0,0,18.0,1.0,,,8.0,40.0,2012,MIS4_to_MIS8,new_york,0,2011-2012,1,0,0,0,retention
420766097635779,3,2.0,1,4,2,8800,88001,1,1,21,36,35620,47,1.0,1.0,,7,1,48,2.0,1,43,1,,1,1,1,1,2,164,164,164,4,0,13,2.0,1.0,,40.0,,40.0,,,,,,2.0,3.0,0.0,1,2.0,2.0,2.0,,1538.46,1.0,,,,,13188.1412,3313.6971,3,1,0.0,,0,0,49719,1,,,,2.0,,,3341.2797,7860.0,6440.0,-1,,,,,,,99839.0,2011,614,611,0,0,1,0,0,16.0,19.0,40.0,2011,2.0,1,8,2,8800,88001,1,21,36,35620,47,1.0,1.0,,7,1,49,2.0,1,43,1,,1,1,1,2,164,164,164,4,0,13,2.0,1.0,,40.0,,40.0,,,,,,2.0,3.0,0.0,1,2.0,2.0,2.0,,1634.61,1.0,,,,,15151.8977,3740.3209,3,1,0.0,,0,0,62813,1,,,,2.0,,,3807.0324,7860.0,6440.0,-1,,,,,,,99089.0,2012,626,611,0,0,1,0,0,16.0,1.0,,,19.0,40.0,2012,MIS4_to_MIS8,new_york,0,2011-2012,1,0,0,0,retention
458399529600551,3,2.0,1,4,2,8800,88001,1,1,21,36,35620,47,1.0,1.0,,7,3,55,1.0,2,39,1,,2,1,2,1,2,57,57,57,1,0,0,1.0,1.0,,40.0,,40.0,,,,,,2.0,3.0,0.0,1,1.0,,1.0,1602.0,652.05,2.0,2.0,,,,12277.3015,2961.3234,0,0,1.0,1.0,0,42,73120,2,1.0,,,,,,2982.6742,7860.0,5000.0,-1,,,,,,,99864.0,2011,614,611,0,0,0,0,0,12.0,17.0,40.0,2011,1.0,1,8,2,8800,88001,1,21,36,35620,47,1.0,1.0,,7,3,56,1.0,2,39,1,,1,2,1,2,57,57,57,1,0,0,2.0,1.0,,38.0,,38.0,,,,,,2.0,3.0,0.0,1,2.0,2.0,2.0,,1115.38,1.0,,,,,13523.963,3306.9129,0,0,0.0,,0,0,37008,2,1.0,,,,,,3388.4284,7860.0,2540.0,-1,,,,,,,99116.0,2012,626,611,0,0,0,0,0,12.0,1.0,,,8.0,40.0,2012,MIS4_to_MIS8,new_york,0,2011-2012,1,0,0,0,retention
458399529600551,3,2.0,1,4,2,8800,88001,1,1,21,36,35620,47,1.0,1.0,,7,4,25,,1,39,1,,3,1,3,7,2,57,57,57,1,0,0,2.0,7.0,,,,,,,,,,1.0,3.0,0.0,2,,,,,,,,,,,19103.6927,4238.2468,0,0,,,0,0,73120,3,1.0,,,,,,4352.3384,7790.0,6730.0,-1,,,,,2.0,1.0,99867.0,2011,614,611,0,0,0,0,0,12.0,19.0,39.0,2011,1.0,1,8,2,8800,88001,1,21,36,35620,47,1.0,1.0,,7,4,26,,1,39,1,,3,1,7,2,57,57,57,1,0,0,2.0,4.0,,,,,,,,21.0,2.0,11.0,4.0,0.0,2,,,,,,,,,,,13222.7176,3414.7963,1,1,,,0,0,37008,3,1.0,,,,,,3307.1155,2570.0,8140.0,-1,,,,,2.0,1.0,99120.0,2012,626,611,1,0,0,0,1,12.0,1.0,,,21.0,5.0,2012,MIS4_to_MIS8,new_york,0,2011-2012,0,1,0,1,retention
530609952384764,3,1.0,7,4,2,8800,88001,1,1,21,36,35620,61,1.0,1.0,,7,2,55,,2,44,1,,1,0,0,7,2,57,57,57,1,0,0,1.0,1.0,,50.0,,66.0,,,,,,2.0,3.0,0.0,1,2.0,2.0,2.0,,1500.0,1.0,,,,,12277.3015,2961.3234,0,0,0.0,,0,0,14883,1,,,,,,2.0,2982.6742,7860.0,2310.0,-1,,,,,,,99917.0,2011,614,611,0,0,0,0,0,18.0,8.0,40.0,2011,1.0,7,8,2,8800,88001,1,21,36,35620,61,1.0,1.0,,7,2,56,,2,44,1,,0,0,7,2,57,57,57,1,0,0,1.0,1.0,,50.0,,50.0,,,,,,2.0,3.0,0.0,1,2.0,2.0,2.0,,1384.61,1.0,,,,,13523.963,3306.9129,0,0,0.0,,0,0,11776,1,,,,,,2.0,3388.4284,7860.0,2310.0,-1,,,,,,,99180.0,2012,626,611,0,0,0,0,0,18.0,1.0,,,8.0,40.0,2012,MIS4_to_MIS8,new_york,0,2011-2012,1,0,0,0,retention
530609994650235,3,1.0,7,4,2,8800,88001,1,1,21,36,35620,61,1.0,1.0,,7,2,58,,2,44,1,,1,0,0,7,2,57,57,57,1,0,0,1.0,1.0,,35.0,,48.0,,,,,,2.0,3.0,0.0,1,2.0,2.0,2.0,,1538.46,1.0,,,,,12277.3015,2961.3234,0,0,0.0,,0,0,18997,1,,,,,,2.0,2982.6742,770.0,800.0,-1,,,,,,,99929.0,2011,614,611,0,0,0,0,0,18.0,2.0,4.0,2011,1.0,7,8,2,8800,88001,1,21,36,35620,61,1.0,1.0,,7,2,59,,2,44,1,,0,0,7,2,57,57,57,1,0,0,1.0,1.0,,35.0,,40.0,,,,,,2.0,3.0,0.0,1,2.0,2.0,2.0,,1538.46,1.0,,,,,13523.963,3306.9129,0,0,0.0,,0,0,55299,1,,,,,,2.0,3388.4284,9570.0,120.0,-1,,,,,,,99188.0,2012,626,611,0,0,0,0,0,18.0,1.0,,,1.0,51.0,2012,MIS4_to_MIS8,new_york,0,2011-2012,1,0,0,0,retention
736089050279304,3,2.0,6,4,2,8800,88001,1,1,21,36,35620,81,1.0,1.0,,7,2,59,,1,46,1,,2,0,0,7,2,57,57,301,1,0,0,1.0,1.0,,40.0,,40.0,,,,,,2.0,3.0,0.0,1,2.0,2.0,2.0,,961.0,1.0,,,,,12783.6748,3236.0061,0,0,1.0,,0,0,73137,2,,,,,,,3233.7004,7860.0,2310.0,-1,,,,,,,100066.0,2011,614,611,0,0,0,0,0,18.0,8.0,40.0,2011,2.0,6,8,2,8800,88001,1,21,36,35620,81,1.0,1.0,,7,2,59,,1,46,1,,0,0,7,2,57,57,301,1,0,0,1.0,1.0,,40.0,,40.0,,,,,,2.0,3.0,0.0,1,2.0,2.0,2.0,,1673.0,1.0,,,,,13330.5128,3412.7029,0,0,1.0,,0,0,62879,2,,,,,,,3455.266,7860.0,2310.0,-1,,,,,,,99323.0,2012,626,611,0,0,0,0,0,18.0,1.0,,,8.0,40.0,2012,MIS4_to_MIS8,new_york,0,2011-2012,1,0,0,0,retention
763252035900291,3,1.0,1,4,2,8800,88001,1,1,21,36,35620,47,1.0,1.0,,7,3,54,1.0,1,39,2,4.0,2,1,2,1,2,316,316,316,5,0,18,2.0,1.0,,40.0,,40.0,,,,,,2.0,3.0,0.0,1,1.0,1.0,1.0,1400.0,1038.0,2.0,1.0,,,,23411.8946,6070.3488,0,0,1.0,1.0,0,0,29143,2,1.0,,,,,,6054.6464,9470.0,3850.0,-1,,,,,,,100084.0,2011,614,611,0,0,0,0,0,12.0,12.0,51.0,2011,1.0,1,8,2,8800,88001,1,21,36,35620,47,1.0,1.0,,7,3,55,1.0,1,39,2,4.0,1,2,1,2,316,316,316,5,0,18,2.0,1.0,,40.0,,40.0,,,,,,2.0,3.0,0.0,1,2.0,1.0,1.0,1200.0,1000.0,1.0,,,,,21113.2713,6007.9497,0,0,1.0,1.0,0,0,1494,2,1.0,,,,,,6008.7437,9470.0,4840.0,-1,,,,,,,99347.0,2012,626,611,0,0,0,0,0,12.0,2.0,,,16.0,51.0,2012,MIS4_to_MIS8,new_york,0,2011-2012,1,0,0,0,retention
963206025901495,3,2.0,1,4,2,8800,88001,1,1,21,36,35620,47,1.0,1.0,,7,1,62,2.0,1,40,2,,1,1,1,1,2,57,333,333,1,0,0,2.0,1.0,,50.0,,40.0,,,,,,2.0,3.0,0.0,1,2.0,1.0,1.0,1000.0,1173.07,1.0,,,,,14280.9723,4007.715,0,0,0.0,1.0,0,0,40825,1,,,2.0,,,,4014.1307,9370.0,4220.0,-1,,,,,,,100205.0,2011,614,611,0,0,0,0,0,13.0,14.0,51.0,2011,1.0,1,8,2,8800,88001,1,21,36,35620,47,1.0,1.0,,7,1,63,2.0,1,40,2,,1,1,1,2,57,333,333,1,0,0,1.0,5.0,,,,,,,,,,1.0,3.0,0.0,2,,,,,,,,,,,15014.8973,3620.6455,0,0,,,0,0,39967,1,,,3.0,,,,3652.4217,770.0,6260.0,-1,,,,,,,99482.0,2012,626,611,0,0,0,0,0,14.0,2.0,,,19.0,4.0,2012,MIS4_to_MIS8,new_york,0,2011-2012,1,0,0,0,retention
53913560994696,3,1.0,6,4,2,8800,88001,1,1,21,36,15380,0,2.0,1.0,,5,2,49,,1,40,1,,1,0,0,4,2,57,57,57,1,0,0,1.0,1.0,,40.0,,40.0,,,,,,2.0,2.0,0.0,1,2.0,1.0,1.0,1500.0,769.23,1.0,,,,,12823.7385,3273.3547,0,0,0.0,1.0,0,0,2212,1,,,3.0,,,,3248.9565,9590.0,4220.0,-1,,,,,,,100287.0,2011,614,611,0,0,0,0,0,14.0,14.0,51.0,2011,1.0,6,8,2,8800,88001,1,21,36,15380,0,2.0,1.0,,5,2,50,,1,40,1,,0,0,5,2,57,57,57,1,0,0,1.0,1.0,,40.0,,40.0,,,,,,2.0,2.0,0.0,1,2.0,1.0,1.0,1150.0,769.23,1.0,,,,,13393.3016,3421.0944,0,0,0.0,1.0,0,0,25110,1,,,3.0,,,,3365.1715,9370.0,4220.0,-1,,,,,,,99561.0,2012,626,611,0,0,0,0,0,14.0,1.0,,,14.0,51.0,2012,MIS4_to_MIS8,new_york,0,2011-2012,1,0,0,0,retention
63036065908094,3,1.0,4,4,2,8800,88001,1,1,21,36,35620,59,2.0,1.0,,7,1,64,,2,44,1,,1,1,1,5,2,57,57,57,1,0,0,1.0,1.0,,50.0,,50.0,,,,,,2.0,3.0,0.0,1,1.0,2.0,2.0,,1442.3,1.0,,,,,11452.6753,2946.0136,0,0,0.0,,0,0,63818,1,,,,,,3.0,2901.6314,7860.0,2320.0,-1,,,,,,,100294.0,2011,614,611,0,0,0,0,0,18.0,8.0,40.0,2011,1.0,4,8,2,8800,88001,1,21,36,35620,59,2.0,1.0,,7,1,65,,2,44,1,,1,1,5,2,57,57,57,1,0,0,3.0,1.0,,40.0,,40.0,,,,,,2.0,2.0,0.0,1,2.0,2.0,2.0,,1442.3,1.0,,,,,15201.7871,3623.6173,0,0,0.0,,0,0,48600,1,,,,,,3.0,3561.9452,7860.0,2320.0,-1,,,,,,,99568.0,2012,626,611,0,0,0,0,0,18.0,1.0,,,8.0,40.0,2012,MIS4_to_MIS8,new_york,0,2011-2012,1,0,0,0,retention
163129065906593,3,1.0,4,4,2,8800,88001,1,1,21,36,35620,59,2.0,1.0,,7,1,48,,2,39,1,,1,1,1,6,2,57,57,57,1,0,0,1.0,1.0,,40.0,,40.0,,,,,,2.0,3.0,0.0,1,2.0,2.0,2.0,,653.84,2.0,2.0,,,,12433.249,3119.7087,10,3,0.0,,0,0,29215,1,1.0,,,,,,3097.6154,9370.0,5700.0,-1,,,,,,,100373.0,2011,614,611,0,0,1,1,0,12.0,17.0,51.0,2011,1.0,4,8,2,8800,88001,1,21,36,35620,59,2.0,1.0,,7,1,49,,2,39,1,,1,1,6,2,57,57,57,1,0,0,1.0,1.0,,40.0,,40.0,,,,,,2.0,3.0,0.0,1,2.0,2.0,2.0,,653.84,2.0,2.0,,,,12555.2087,3186.266,10,2,0.0,,0,0,11734,1,1.0,,,,,,3159.19,9370.0,5700.0,-1,,,,,,,99651.0,2012,626,611,0,0,1,1,0,12.0,1.0,,,17.0,51.0,2012,MIS4_to_MIS8,new_york,0,2011-2012,1,0,0,0,retention
390995707082678,3,1.0,1,4,2,8800,88001,1,1,21,36,10580,0,2.0,1.0,,4,3,63,1.0,1,34,1,,2,1,2,1,2,57,57,57,1,0,0,2.0,1.0,,40.0,8.0,32.0,,,8.0,,,4.0,3.0,0.0,1,1.0,1.0,1.0,1300.0,653.84,1.0,,,,,13734.2588,3393.0947,0,0,0.0,1.0,0,0,19009,2,,,,,,,3297.3519,9370.0,6320.0,-1,,,,,,,100441.0,2011,614,611,0,0,0,0,0,7.5,19.0,51.0,2011,1.0,1,8,2,8800,88001,1,21,36,10580,0,2.0,1.0,,4,3,64,1.0,1,34,1,,1,2,1,2,57,57,57,1,0,0,2.0,1.0,,40.0,,40.0,,,,,,2.0,3.0,0.0,1,1.0,1.0,1.0,1800.0,807.69,1.0,,,,,14439.8231,3664.218,0,0,0.0,0.0,0,0,62897,2,,,,,,,3554.8993,9370.0,6320.0,-1,,,,,,,99710.0,2012,626,611,0,0,0,0,0,7.5,1.0,,,19.0,51.0,2012,MIS4_to_MIS8,new_york,0,2011-2012,1,0,0,0,retention
530609905849069,3,1.0,1,4,2,8800,88001,1,1,21,36,15380,0,2.0,1.0,,5,1,53,2.0,2,39,1,,1,1,1,1,2,57,57,57,1,0,0,1.0,1.0,,30.0,,30.0,,,22.0,,,7.0,3.0,0.0,1,2.0,2.0,2.0,,400.0,1.0,,,,,13191.041,3286.9071,0,0,0.0,,0,0,29087,1,1.0,,,,,,3286.4115,7860.0,2540.0,-1,,,,,,,100518.0,2011,614,611,0,0,0,0,0,12.0,8.0,40.0,2011,1.0,1,8,2,8800,88001,1,21,36,15380,0,2.0,1.0,,5,1,54,2.0,2,39,1,,1,1,1,2,57,57,57,1,0,0,1.0,1.0,,40.0,,40.0,,,,,,2.0,3.0,0.0,1,1.0,2.0,2.0,,350.0,1.0,,,,,12750.3749,3285.8369,0,0,0.0,,0,0,24934,1,1.0,,,,,,3208.2985,7860.0,2540.0,-1,,,,,,,99793.0,2012,626,611,0,0,0,0,0,12.0,1.0,,,8.0,40.0,2012,MIS4_to_MIS8,new_york,0,2011-2012,1,0,0,0,retention
690764090935929,3,1.0,1,4,2,8800,88001,1,1,21,36,35620,0,2.0,1.0,,7,1,49,2.0,2,44,1,,1,1,1,1,2,57,57,57,1,0,0,1.0,1.0,,21.0,,17.0,,,19.0,,,7.0,3.0,0.0,1,2.0,1.0,1.0,1716.0,928.0,1.0,,,,,12433.249,3119.7087,10,3,0.0,1.0,0,0,29403,1,,,,,,2.0,3097.6154,7860.0,530.0,-1,,,,,,,100577.0,2011,614,611,0,0,1,1,0,18.0,2.0,40.0,2011,1.0,1,8,2,8800,88001,1,21,36,35620,0,2.0,1.0,,7,1,50,2.0,2,44,1,,1,1,1,2,57,57,57,1,0,0,1.0,1.0,,21.0,,21.0,,,19.0,,,7.0,3.0,0.0,1,2.0,,1.0,1700.0,357.0,1.0,,,,,13259.2486,3416.9762,10,3,1.0,1.0,0,42,37199,1,,,,,,2.0,3336.3432,7870.0,530.0,-1,,,,,,,99851.0,2012,626,611,0,0,1,1,0,18.0,1.0,,,2.0,40.0,2012,MIS4_to_MIS8,new_york,0,2011-2012,1,0,0,0,retention
699040988870953,3,3.0,1,4,2,8800,88001,1,1,21,36,45060,0,2.0,1.0,,4,3,54,1.0,1,39,1,,2,1,2,1,2,57,57,57,1,0,0,2.0,1.0,,40.0,,40.0,,,,,,2.0,3.0,0.0,1,1.0,,1.0,1971.0,850.9,1.0,,,,,13100.3139,3357.6085,0,0,1.0,1.0,0,0,57354,2,1.0,,,,,,3319.0282,770.0,6320.0,-1,,,,,,,100587.0,2011,614,611,0,0,0,0,0,12.0,19.0,4.0,2011,2.0,1,8,2,8800,88001,1,21,36,45060,0,2.0,1.0,,4,3,55,1.0,1,39,1,,1,2,1,2,57,57,57,1,0,0,1.0,7.0,,,,,,2.0,,,,1.0,,,2,,,,,,,,,,,14390.1722,3346.2134,0,0,,,0,0,75504,2,1.0,,,,,,3421.7514,,,-1,,,,,,,99861.0,2012,626,611,0,0,0,0,0,12.0,1.0,,,,,2012,MIS4_to_MIS8,new_york,0,2011-2012,0,1,0,0,retention
805908833897126,3,1.0,7,4,2,8800,88001,1,1,21,36,35620,119,2.0,1.0,,7,2,51,,2,44,1,3.0,1,0,0,5,2,327,327,327,4,0,4,1.0,1.0,,45.0,,46.0,,,,,,2.0,3.0,0.0,1,2.0,1.0,1.0,2277.0,2115.38,1.0,,,,,10921.0205,2699.7676,0,0,0.0,1.0,0,0,29500,1,,,,,,2.0,2720.8593,7860.0,2330.0,-1,,,,,,,100675.0,2011,614,611,0,0,0,0,0,18.0,8.0,40.0,2011,1.0,7,8,2,8800,88001,1,21,36,35620,119,2.0,1.0,,7,2,52,,2,44,1,3.0,0,0,5,2,327,327,327,4,0,4,1.0,1.0,,65.0,,71.0,,,,,,2.0,3.0,0.0,1,2.0,2.0,2.0,,1315.38,1.0,,,,,12685.172,3236.8231,0,0,0.0,,0,0,1717,1,,,,,,2.0,3191.8919,7860.0,2330.0,-1,,,,,,,99933.0,2012,626,611,0,0,0,0,0,18.0,1.0,,,8.0,40.0,2012,MIS4_to_MIS8,new_york,0,2011-2012,1,0,0,0,retention
950399019600510,3,1.0,1,4,2,8800,88001,1,1,21,36,35620,59,2.0,1.0,,7,1,47,2.0,2,44,1,,1,1,1,1,2,57,57,57,1,0,0,1.0,1.0,,40.0,,40.0,,,,,,2.0,3.0,0.0,1,2.0,2.0,2.0,,1538.46,1.0,,,,,12433.249,3119.7087,0,0,0.0,,0,0,2144,1,,,,,,3.0,3097.6154,7860.0,2310.0,-1,,,,,,,100739.0,2011,614,611,0,0,0,0,0,18.0,8.0,40.0,2011,1.0,1,8,2,8800,88001,1,21,36,35620,59,2.0,1.0,,7,1,48,2.0,2,44,1,,1,1,1,2,57,57,57,1,0,0,1.0,1.0,,40.0,,40.0,,,,,,2.0,3.0,0.0,1,2.0,2.0,2.0,,1442.3,1.0,,,,,12555.2087,3186.266,0,0,0.0,,0,0,37051,1,,,,,,3.0,3159.19,7860.0,2310.0,-1,,,,,,,100008.0,2012,626,611,0,0,0,0,0,18.0,1.0,,,8.0,40.0,2012,MIS4_to_MIS8,new_york,0,2011-2012,1,0,0,0,retention
950399019600510,3,1.0,1,4,2,8800,88001,1,1,21,36,35620,59,2.0,1.0,,7,3,52,1.0,1,42,1,,2,1,2,1,2,57,57,57,1,0,0,2.0,1.0,,40.0,,56.0,,,,,,2.0,3.0,0.0,1,1.0,2.0,2.0,,1923.07,1.0,,,,,13732.0635,3519.5258,0,0,0.0,,0,0,2144,2,,,3.0,,,,3479.085,9470.0,3850.0,-1,3.0,,,,,,100740.0,2011,614,611,0,0,0,0,0,14.0,12.0,51.0,2011,1.0,1,8,2,8800,88001,1,21,36,35620,59,2.0,1.0,,7,3,52,1.0,1,42,1,,1,2,1,2,57,57,57,1,0,0,2.0,1.0,,40.0,,40.0,,,,,,2.0,3.0,0.0,1,1.0,2.0,2.0,,1442.0,1.0,,,,,13927.8349,3557.632,0,0,1.0,,0,0,37051,2,,,3.0,,,,3499.4771,9470.0,3800.0,-1,3.0,,,,,,100009.0,2012,626,611,0,0,0,0,0,14.0,1.0,,,12.0,51.0,2012,MIS4_to_MIS8,new_york,0,2011-2012,1,0,0,0,retention
976149750509309,3,1.0,1,4,2,8800,88001,1,1,21,36,40380,0,2.0,1.0,,5,1,50,2.0,2,39,1,,1,1,1,1,2,57,57,57,1,0,0,1.0,1.0,,56.0,,72.0,,,,,,2.0,2.0,0.0,1,1.0,,1.0,3605.0,2243.8,1.0,,,,,13191.041,3286.9071,0,0,1.0,1.0,0,0,40940,1,1.0,,,,,,3286.4115,9480.0,2025.0,-1,,,,,,,100766.0,2011,614,611,0,0,0,0,0,12.0,6.0,51.0,2011,1.0,1,8,2,8800,88001,1,21,36,40380,0,2.0,1.0,,5,1,51,2.0,2,39,1,,1,1,1,2,57,57,57,1,0,0,1.0,1.0,,40.0,,46.0,,,,,,2.0,2.0,0.0,1,1.0,,1.0,1575.0,630.0,1.0,,,,,12750.3749,3285.8369,0,0,1.0,1.0,0,0,37122,1,1.0,,,,,,3208.2985,9480.0,2025.0,-1,,,,,,,100031.0,2012,626,611,0,0,0,0,0,12.0,1.0,,,6.0,51.0,2012,MIS4_to_MIS8,new_york,0,2011-2012,1,0,0,0,retention
980086979359480,3,1.0,7,4,2,8800,88001,1,1,21,36,45060,0,2.0,1.0,,4,2,39,,2,40,1,,1,0,0,3,2,57,57,57,1,0,0,1.0,4.0,,,,,,,,61.0,3.0,11.0,2.0,0.0,2,,,,,,,,,,,15545.4645,3758.1202,0,0,,,0,0,40942,1,,,1.0,,,,3656.416,7860.0,2540.0,-1,,,,,,,100770.0,2011,614,611,0,0,0,0,0,12.0,8.0,40.0,2011,1.0,4,8,2,8800,88001,1,21,36,45060,0,2.0,1.0,,4,1,40,,2,40,1,,1,1,6,2,57,57,57,1,0,0,1.0,4.0,,,,,,,,104.0,2.0,11.0,2.0,0.0,2,,,,,,,,,,,16363.1643,3886.1958,10,2,,,0,0,11840,1,,,1.0,,,,4090.8913,7860.0,2330.0,-1,,,,,,,100035.0,2012,626,611,0,0,1,1,0,12.0,1.0,,,8.0,40.0,2012,MIS4_to_MIS8,new_york,0,2011-2012,1,0,0,0,retention
33533560691298,3,1.0,6,4,2,8826,88261,1,1,21,36,0,0,3.0,2.0,,0,2,36,,1,39,1,,1,0,0,6,2,57,57,57,1,0,0,1.0,1.0,,40.0,,50.0,,,,,,2.0,2.0,0.0,1,1.0,2.0,2.0,,750.0,1.0,,,,,13177.7312,3336.7694,0,0,0.0,,0,0,14585,1,1.0,,,,,,3342.8608,8290.0,4610.0,-1,,,,,,,100812.0,2011,614,611,0,0,0,0,0,12.0,15.0,42.0,2011,1.0,6,8,2,8826,88261,1,21,36,0,0,3.0,2.0,,0,2,37,,1,39,1,,0,0,6,2,57,57,57,1,0,0,1.0,1.0,,40.0,,40.0,,,,,,2.0,2.0,0.0,1,2.0,2.0,2.0,,911.11,1.0,,,,,12785.9941,3283.1378,0,0,0.0,,0,0,11546,1,1.0,,,,,,3218.4597,8290.0,4610.0,-1,,,,,,,100076.0,2012,626,611,0,0,0,0,0,12.0,1.0,,,15.0,42.0,2012,MIS4_to_MIS8,new_york,0,2011-2012,1,0,0,0,retention
658036913359320,3,1.0,4,4,2,8800,88001,1,1,21,36,0,0,3.0,2.0,,0,1,61,,2,39,1,,1,1,1,4,2,57,57,57,1,0,0,1.0,6.0,,,,,,,,,,1.0,2.0,0.0,2,,,,,,,,,,,14435.1478,3541.7428,0,0,,,0,0,14584,1,1.0,,,,,,3612.2213,9470.0,3640.0,-1,,,,,,,100877.0,2011,614,611,0,0,0,0,0,12.0,11.0,51.0,2011,1.0,4,8,2,8800,88001,1,21,36,0,0,3.0,2.0,,0,1,61,,2,39,1,,1,1,4,2,57,57,57,1,0,0,1.0,5.0,,,,,,,,,,1.0,,,2,,,,,,,,,,,13605.0204,3266.0002,0,0,,,0,0,48588,1,1.0,,,,,,3398.1458,,,-1,,,,,,,100157.0,2012,626,611,0,0,0,0,0,12.0,1.0,,,,,2012,MIS4_to_MIS8,new_york,0,2011-2012,0,1,0,0,retention
699710958620953,3,1.0,3,4,2,8800,88001,1,1,21,36,0,0,3.0,2.0,,0,1,41,,1,42,2,,1,1,1,6,2,57,57,57,1,0,0,1.0,1.0,,40.0,,50.0,,,,,,2.0,3.0,0.0,1,1.0,1.0,1.0,2800.0,1500.0,1.0,,,,,13608.728,3773.7702,0,0,0.0,0.0,0,0,43455,1,,,3.0,,,,3797.9227,9470.0,3850.0,-1,,,,,,,100896.0,2011,614,611,0,0,0,0,0,14.0,12.0,51.0,2011,1.0,6,8,2,8800,88001,1,21,36,0,0,3.0,2.0,,0,2,41,,1,42,2,,0,0,6,2,57,57,57,1,0,0,1.0,1.0,,40.0,,40.0,,,,,,2.0,3.0,0.0,1,2.0,2.0,2.0,,1200.0,2.0,2.0,,,,17490.0187,4799.8064,0,0,1.0,,0,0,60040,1,,,1.0,,,,4651.289,9470.0,3850.0,-1,,,,,,,100182.0,2012,626,611,0,0,0,0,0,12.0,2.0,,,12.0,51.0,2012,MIS4_to_MIS8,new_york,0,2011-2012,1,0,0,0,retention
699850943580653,3,2.0,6,4,2,8800,88001,1,1,21,36,0,0,3.0,2.0,,0,2,49,,1,39,1,2.0,1,0,0,5,2,57,73,73,1,0,0,1.0,2.0,4.0,40.0,,,,,,,,5.0,3.0,0.0,1,1.0,1.0,1.0,1971.0,1359.5,1.0,,,,,12851.3204,3294.1678,0,0,0.0,0.0,0,0,18967,1,1.0,,,,,,3255.9445,770.0,6320.0,-1,3.0,,,,,,100902.0,2011,614,611,0,0,0,0,0,12.0,19.0,4.0,2011,2.0,6,8,2,8800,88001,1,21,36,0,0,3.0,2.0,,0,2,49,,1,39,1,2.0,0,0,5,2,57,73,73,1,0,0,2.0,1.0,,40.0,,40.0,,,,,,2.0,3.0,0.0,1,2.0,,1.0,1600.0,640.0,1.0,,,,,13913.8658,3560.1617,0,0,1.0,1.0,0,42,36996,1,1.0,,,,,,3495.9673,770.0,6320.0,-1,3.0,,,,,,100186.0,2012,626,611,0,0,0,0,0,12.0,1.0,,,19.0,4.0,2012,MIS4_to_MIS8,new_york,0,2011-2012,1,0,0,0,retention
763055075001407,3,2.0,1,4,2,8800,88001,1,1,21,36,0,13,3.0,2.0,,0,1,69,2.0,1,37,1,,1,1,1,1,2,57,57,57,1,0,0,3.0,1.0,,40.0,,44.0,,,,,,2.0,3.0,0.0,1,2.0,,1.0,1538.0,615.2,1.0,,,,,13501.2897,3254.5083,0,0,1.0,1.0,0,0,29054,1,,,,,,,3103.3317,770.0,7220.0,-1,,,,,,,100911.0,2011,614,611,0,0,0,0,0,11.0,20.0,4.0,2011,2.0,1,8,2,8800,88001,1,21,36,0,13,3.0,2.0,,0,1,69,2.0,1,36,1,,1,1,1,2,57,57,57,1,0,0,2.0,1.0,,40.0,,75.0,,,,,,2.0,3.0,0.0,1,2.0,1.0,1.0,1700.0,653.84,1.0,,,,,12582.4385,3259.9594,0,0,0.0,0.0,0,0,15469,1,,,,,,,3116.3718,770.0,9130.0,4965,,,,,,,100194.0,2012,626,611,0,0,0,0,0,10.0,1.0,,,22.0,4.0,2012,MIS4_to_MIS8,new_york,0,2011-2012,1,0,0,0,retention
85963560990198,3,1.0,6,4,2,8800,88001,1,1,21,36,13780,0,,1.0,,3,2,57,,1,42,1,,1,0,0,5,2,57,57,57,1,0,0,1.0,1.0,,40.0,,45.0,,,,,,2.0,3.0,0.0,1,1.0,2.0,2.0,,1004.5,2.0,2.0,,,,12430.4479,3196.6095,0,0,0.0,,0,0,29043,1,,,3.0,,,,3144.3498,770.0,6730.0,-1,,,,,,,100967.0,2011,614,611,0,0,0,0,0,14.0,19.0,4.0,2011,1.0,6,8,2,8800,88001,1,21,36,13780,0,,1.0,,3,2,58,,1,42,1,,0,0,5,2,57,57,57,1,0,0,1.0,1.0,,40.0,,40.0,,,,,,2.0,3.0,0.0,1,2.0,1.0,1.0,2300.0,850.0,2.0,2.0,,,,12642.73,3346.2134,0,0,0.0,0.0,0,0,15464,1,,,3.0,,,,3276.9928,770.0,6260.0,-1,,,,,,,100247.0,2012,626,611,0,0,0,0,0,14.0,1.0,,,19.0,4.0,2012,MIS4_to_MIS8,new_york,0,2011-2012,1,0,0,0,retention
952056931359390,3,1.0,7,4,2,8800,88001,1,1,21,36,39100,71,,1.0,,4,2,58,,2,44,1,,1,0,0,5,2,57,57,57,1,0,0,1.0,1.0,,40.0,4.0,32.0,,,4.0,,,4.0,3.0,0.0,1,2.0,1.0,1.0,4400.0,1761.5,1.0,,,,,12501.4656,3063.3247,0,0,0.0,0.0,0,0,43447,1,,,,,,3.0,3037.1331,9470.0,5000.0,-1,,,,,,,101039.0,2011,614,611,0,0,0,0,0,18.0,17.0,51.0,2011,1.0,7,8,2,8800,88001,1,21,36,39100,71,,1.0,,4,2,59,,2,44,1,,0,0,5,2,57,57,57,1,0,0,1.0,1.0,,40.0,4.0,32.0,,,4.0,,,4.0,2.0,0.0,1,2.0,2.0,2.0,,1538.46,1.0,,,,,12664.8256,3201.689,0,0,0.0,,0,0,25138,1,,,,,,3.0,3173.1715,9470.0,5000.0,-1,,,,,,,100320.0,2012,626,611,0,0,0,0,0,18.0,1.0,,,17.0,51.0,2012,MIS4_to_MIS8,new_york,0,2011-2012,1,0,0,0,retention
279270459680954,3,1.0,7,4,2,8800,88001,1,1,23,42,37980,101,1.0,1.0,,7,2,45,,2,40,2,,1,0,0,5,2,57,57,57,1,0,0,1.0,1.0,,40.0,,40.0,,,,,,2.0,3.0,0.0,1,2.0,1.0,1.0,1700.0,769.0,2.0,2.0,,,,13098.4937,3340.1963,0,0,1.0,1.0,0,0,3268,1,,,3.0,,,,3226.9421,6870.0,5160.0,-1,,,,,,,104308.0,2011,614,611,0,0,0,0,0,14.0,17.0,32.0,2011,1.0,7,8,2,8800,88001,1,23,42,37980,101,1.0,1.0,,7,2,46,,2,40,2,,0,0,5,2,57,57,57,1,0,0,1.0,1.0,,40.0,,40.0,,,,,,2.0,3.0,0.0,1,2.0,,1.0,1025.0,410.0,2.0,1.0,,,,19448.0258,4785.1732,0,0,1.0,1.0,0,0,37965,1,,,3.0,,,,4731.3122,9470.0,3850.0,-1,,,,,,,103500.0,2012,626,611,0,0,0,0,0,14.0,2.0,,,12.0,51.0,2012,MIS4_to_MIS8,pennsylvania,0,2011-2012,1,0,0,0,retention
405905444394532,3,1.0,6,4,2,8800,88001,1,1,23,42,37980,101,1.0,1.0,,7,2,63,,1,39,1,,1,0,0,4,2,57,57,57,1,0,0,1.0,6.0,,,,,,,,,,1.0,3.0,0.0,2,,,,,,,,,,,13659.863,3347.2641,0,0,,,0,0,41645,1,1.0,,,,,,3467.31,7380.0,7010.0,-1,4.0,,,,,,104338.0,2011,614,611,0,0,0,0,0,12.0,20.0,36.0,2011,1.0,6,8,2,8800,88001,1,23,42,37980,101,1.0,1.0,,7,2,65,,1,39,1,,0,0,4,2,57,57,57,1,0,0,1.0,5.0,,,,,,,,,,1.0,3.0,0.0,2,,,,,,,,,,,12374.0441,3080.3941,0,0,,,0,0,47149,1,1.0,,,,,,3137.6093,9370.0,7420.0,-1,4.0,,,,,,103534.0,2012,626,611,0,0,0,0,0,12.0,1.0,,,20.0,51.0,2012,MIS4_to_MIS8,pennsylvania,0,2011-2012,1,0,0,0,retention
850220097945859,3,1.0,1,4,2,8800,88001,1,1,23,42,37980,101,1.0,1.0,,7,1,59,2.0,1,44,4,,1,1,1,1,2,240,240,240,4,0,7,1.0,1.0,,35.0,,35.0,,,,,,2.0,2.0,0.0,1,2.0,2.0,2.0,,1923.07,1.0,,,,,13978.3328,3569.7615,0,0,0.0,,0,0,30266,1,,,,,,1.0,3535.8957,9480.0,1010.0,-1,,,,,,,104393.0,2011,614,611,0,0,0,0,0,17.0,3.0,51.0,2011,1.0,1,8,2,8800,88001,1,23,42,37980,101,1.0,1.0,,7,1,60,2.0,1,44,4,,1,1,1,2,240,240,240,4,0,7,1.0,1.0,,35.0,5.0,33.0,,,5.0,,,4.0,2.0,0.0,1,2.0,2.0,2.0,,1884.61,1.0,,,,,11446.8135,2874.2404,0,0,0.0,,0,0,40082,1,,,,,,1.0,2818.0587,7860.0,2550.0,-1,,,,,,,103589.0,2012,626,611,0,0,0,0,0,17.0,4.0,,,8.0,40.0,2012,MIS4_to_MIS8,pennsylvania,0,2011-2012,1,0,0,0,retention
5614520998797,3,2.0,1,4,2,8800,88001,1,1,23,42,42540,0,2.0,1.0,,4,1,49,2.0,1,39,1,,1,1,1,1,2,57,57,57,1,0,0,2.0,1.0,,40.0,5.0,24.0,,,5.0,,,4.0,3.0,0.0,1,1.0,2.0,2.0,,700.0,2.0,2.0,,,,11942.9665,3045.0972,0,0,0.0,,0,0,41605,1,1.0,,,,,,3025.8086,770.0,6200.0,-1,,,,,,,104436.0,2011,614,611,0,0,0,0,0,12.0,19.0,4.0,2011,2.0,1,8,2,8800,88001,1,23,42,42540,0,2.0,1.0,,4,1,50,2.0,1,39,1,,1,1,1,2,57,57,57,1,0,0,2.0,1.0,,40.0,,40.0,,,,,,2.0,3.0,0.0,1,2.0,1.0,1.0,1700.0,700.0,2.0,2.0,,,,11174.1265,2823.2482,0,0,0.0,0.0,0,0,37911,1,1.0,,,,,,2807.5864,9370.0,220.0,-1,,,,,,,103637.0,2012,626,611,0,0,0,0,0,12.0,1.0,,,1.0,51.0,2012,MIS4_to_MIS8,pennsylvania,0,2011-2012,1,0,0,0,retention
152496399200851,3,2.0,1,4,2,8800,88001,1,1,23,42,10900,0,2.0,1.0,,4,4,21,,2,40,1,,3,1,3,7,2,57,57,57,1,0,0,2.0,2.0,4.0,8.0,,,,,,,,10.0,2.0,0.0,1,2.0,,1.0,710.0,71.0,2.0,2.0,1.0,2.0,2.0,12963.5909,3316.4731,0,0,0.0,0.0,0,0,30090,3,,,4.0,,,,3250.3587,7870.0,2720.0,-1,,,,,2.0,1.0,104536.0,2011,614,611,0,0,0,0,0,15.0,9.0,40.0,2011,1.0,1,8,2,8800,88001,1,23,42,10900,0,2.0,1.0,,4,4,22,,2,43,1,,2,1,7,2,57,57,57,1,0,0,2.0,7.0,,,,,,7.0,,,,1.0,3.0,0.0,2,,,,,,,,2.0,,,13558.5405,3229.1704,1,1,,,0,0,60399,3,,,,2.0,,,3311.8214,7860.0,2330.0,-1,,,,,2.0,1.0,103754.0,2012,626,611,1,0,0,0,1,16.0,1.0,,,8.0,40.0,2012,MIS4_to_MIS8,pennsylvania,0,2011-2012,1,0,0,0,retention
279940851380954,3,2.0,1,4,2,8800,88001,1,1,23,42,37980,17,2.0,1.0,,7,3,56,1.0,2,40,1,,2,1,2,1,2,57,57,57,1,0,0,1.0,1.0,,40.0,,42.0,,,,,,2.0,3.0,0.0,1,1.0,1.0,1.0,3400.0,1250.0,2.0,2.0,,,,10694.0588,2617.491,0,0,0.0,0.0,0,0,50264,2,,,2.0,,,,2598.0378,9380.0,120.0,-1,,,,,,,104554.0,2011,614,611,0,0,0,0,0,13.0,1.0,51.0,2011,1.0,1,8,2,8800,88001,1,23,42,37980,17,2.0,1.0,,7,3,57,1.0,2,40,1,,1,2,1,2,57,57,57,1,0,0,2.0,1.0,,40.0,,40.0,,,,,,2.0,3.0,0.0,1,2.0,,1.0,1400.0,560.0,2.0,2.0,,,,11840.507,2960.7947,0,0,1.0,1.0,0,42,73352,2,,,2.0,,,,2966.6385,9380.0,120.0,-1,,,,,,,103776.0,2012,626,611,0,0,0,0,0,13.0,1.0,,,1.0,51.0,2012,MIS4_to_MIS8,pennsylvania,0,2011-2012,1,0,0,0,retention
299700176580954,3,2.0,1,4,2,8800,88001,1,1,23,42,42540,0,2.0,1.0,,4,1,40,2.0,1,40,1,,1,1,1,1,2,57,57,57,1,0,0,2.0,1.0,,40.0,,40.0,,,,,,2.0,3.0,0.0,1,2.0,,1.0,1650.0,660.0,1.0,,,,,12347.2342,3130.7748,4,1,0.0,0.0,0,0,5974,1,,,2.0,,,,3132.1845,7860.0,4250.0,-1,,,,,,,104587.0,2011,614,611,0,0,0,1,0,13.0,14.0,40.0,2011,2.0,1,8,2,8800,88001,1,23,42,42540,0,2.0,1.0,,4,1,41,2.0,1,40,1,,1,1,1,2,57,57,57,1,0,0,2.0,1.0,,40.0,,40.0,,,,,,2.0,3.0,0.0,1,2.0,,1.0,1650.0,660.0,1.0,,,,,11325.5036,2871.439,4,1,0.0,0.0,0,0,2170,1,,,2.0,,,,2850.8285,7860.0,4220.0,-1,,,,,,,103808.0,2012,626,611,0,0,0,1,0,13.0,1.0,,,14.0,40.0,2012,MIS4_to_MIS8,pennsylvania,0,2011-2012,1,0,0,0,retention
407065804021271,3,1.0,1,4,2,8800,88001,1,1,23,42,37980,17,2.0,1.0,,7,3,47,1.0,2,43,1,,2,1,2,1,2,57,57,57,1,0,0,2.0,1.0,,40.0,,36.0,,,,,,2.0,3.0,0.0,1,2.0,2.0,2.0,,1061.53,1.0,,,,,10635.7047,2665.6689,3,2,0.0,,0,0,5932,2,,,,1.0,1.0,,2649.7758,7860.0,2330.0,-1,,,,,,,104630.0,2011,614,611,0,0,1,0,0,18.0,8.0,40.0,2011,1.0,1,8,2,8800,88001,1,23,42,37980,17,2.0,1.0,,7,3,48,1.0,2,43,1,,1,2,1,2,57,57,57,1,0,0,2.0,1.0,,40.0,,40.0,,,,,,2.0,3.0,0.0,1,2.0,2.0,2.0,,1150.0,1.0,,,,,11738.0248,2946.5321,10,2,0.0,,0,0,40066,2,,,,1.0,1.0,,2953.567,7860.0,2330.0,-1,,,,,,,103857.0,2012,626,611,0,0,1,1,0,18.0,1.0,,,8.0,40.0,2012,MIS4_to_MIS8,pennsylvania,0,2011-2012,1,0,0,0,retention
659402750200144,3,1.0,1,4,2,8800,88001,1,1,23,42,10900,0,2.0,1.0,,4,1,41,2.0,1,43,1,,1,1,1,1,2,57,57,57,1,0,0,1.0,1.0,,55.0,,55.0,,,,,,2.0,3.0,0.0,1,2.0,2.0,2.0,,807.69,1.0,,,,,12347.2342,3130.7748,11,3,0.0,,0,0,30198,1,,,,1.0,2.0,,3132.1845,7860.0,2310.0,-1,,,,,,,104794.0,2011,614,611,1,1,1,0,1,17.0,8.0,40.0,2011,1.0,1,8,2,8800,88001,1,23,42,10900,0,2.0,1.0,,4,1,42,2.0,1,43,1,,1,1,1,2,57,57,57,1,0,0,1.0,1.0,,50.0,,50.0,,,,,,2.0,3.0,0.0,1,2.0,2.0,2.0,,846.15,1.0,,,,,11325.5036,2871.439,11,3,0.0,,0,0,12772,1,,,,1.0,1.0,,2850.8285,7860.0,2320.0,-1,,,,,,,104018.0,2012,626,611,1,1,1,0,1,18.0,1.0,,,8.0,40.0,2012,MIS4_to_MIS8,pennsylvania,0,2011-2012,1,0,0,0,retention
851406470200127,3,1.0,4,4,2,8800,88001,1,1,23,42,37980,17,2.0,1.0,,7,1,45,,2,43,1,,1,1,1,6,2,57,57,57,1,0,0,1.0,1.0,,40.0,,40.0,,,,,,2.0,3.0,0.0,1,1.0,2.0,2.0,,1519.23,1.0,,,,,10635.7047,2665.6689,3,1,0.0,,0,0,50261,1,,,,1.0,1.0,,2649.7758,7860.0,2310.0,-1,,,,,,,104877.0,2011,614,611,0,0,1,0,0,18.0,8.0,40.0,2011,1.0,4,8,2,8800,88001,1,23,42,37980,17,2.0,1.0,,7,1,46,,2,43,1,,1,1,6,2,57,57,57,1,0,0,1.0,1.0,,40.0,,40.0,,,,,,2.0,3.0,0.0,1,2.0,2.0,2.0,,1538.46,1.0,,,,,11738.0248,2946.5321,3,1,0.0,,0,0,47030,1,,,,1.0,1.0,,2953.567,7860.0,2310.0,-1,,,,,,,104090.0,2012,626,611,0,0,1,0,0,18.0,1.0,,,8.0,40.0,2012,MIS4_to_MIS8,pennsylvania,0,2011-2012,1,0,0,0,retention
953052974459130,3,1.0,7,4,2,8800,88001,1,1,23,42,10900,0,2.0,1.0,,4,2,38,,2,44,1,,1,0,0,7,2,57,57,57,1,0,0,1.0,1.0,,40.0,10.0,32.0,,,10.0,,,4.0,3.0,0.0,1,2.0,2.0,2.0,,1000.0,1.0,,,,,10916.5247,2805.1778,0,0,0.0,,0,0,30093,1,,,,,,2.0,2743.7416,7860.0,2310.0,-1,,,,,,,104962.0,2011,614,611,0,0,0,0,0,18.0,8.0,40.0,2011,1.0,7,8,2,8800,88001,1,23,42,10900,0,2.0,1.0,,4,2,39,,2,44,1,,0,0,7,2,57,57,57,1,0,0,1.0,1.0,,40.0,,40.0,,,,,,2.0,3.0,0.0,1,1.0,2.0,2.0,,865.38,1.0,,,,,11029.0038,2749.35,0,0,0.0,,0,0,12659,1,,,,,,2.0,2719.8657,7860.0,2310.0,-1,,,,,,,104168.0,2012,626,611,0,0,0,0,0,18.0,1.0,,,8.0,40.0,2012,MIS4_to_MIS8,pennsylvania,0,2011-2012,1,0,0,0,retention
961052771459280,3,1.0,7,4,2,8800,88001,1,1,23,42,37980,45,2.0,1.0,,7,2,45,,2,37,6,,1,0,0,7,2,57,57,57,1,0,0,1.0,1.0,,15.0,,15.0,,,15.0,,,6.0,3.0,0.0,1,2.0,,1.0,810.0,121.5,2.0,2.0,,,,7037.1798,1800.3306,0,0,0.0,0.0,0,0,30142,1,,,,,,,1753.2406,9470.0,3940.0,-1,,,,,,,104967.0,2011,614,611,0,0,0,0,0,11.0,12.0,51.0,2011,1.0,7,8,2,8800,88001,1,23,42,37980,45,2.0,1.0,,7,2,46,,2,37,6,,0,0,7,2,57,57,57,1,0,0,1.0,1.0,,14.0,,14.0,,,19.0,,,7.0,3.0,0.0,1,2.0,,1.0,700.0,98.0,2.0,2.0,,,,11800.482,3044.7336,0,0,1.0,1.0,0,0,25989,1,,,,,,,2969.2828,9470.0,3940.0,-1,,,,,,,104170.0,2012,626,611,0,0,0,0,0,11.0,6.0,,,12.0,51.0,2012,MIS4_to_MIS8,pennsylvania,0,2011-2012,1,0,0,0,retention
973042755459580,3,1.0,1,4,2,8800,88001,1,1,23,42,38300,129,2.0,1.0,,5,1,30,2.0,2,44,1,,1,1,1,1,2,57,57,57,1,0,0,1.0,1.0,,40.0,,40.0,,,,,,2.0,3.0,0.0,1,2.0,2.0,2.0,,1250.0,1.0,,,,,10991.7179,2700.0295,1,1,0.0,,0,0,32801,1,,,,,,2.0,2678.1803,7860.0,2320.0,-1,,,,,,,104979.0,2011,614,611,1,0,0,0,1,18.0,8.0,40.0,2011,1.0,1,8,2,8800,88001,1,23,42,38300,129,2.0,1.0,,5,1,31,2.0,2,44,1,,1,1,1,2,57,57,57,1,0,0,1.0,1.0,,37.0,,37.0,,,,,,2.0,3.0,0.0,1,2.0,2.0,2.0,,1538.46,1.0,,,,,10870.7455,2743.482,1,1,0.0,,0,0,4473,1,,,,,,2.0,2713.8246,7860.0,2310.0,-1,,,,,,,104185.0,2012,626,611,1,0,0,0,1,18.0,1.0,,,8.0,40.0,2012,MIS4_to_MIS8,pennsylvania,0,2011-2012,1,0,0,0,retention
973042755459580,3,1.0,1,4,2,8800,88001,1,1,23,42,38300,129,2.0,1.0,,5,3,32,1.0,1,43,1,,2,1,2,1,2,57,57,57,1,0,0,2.0,1.0,,38.0,,65.0,,,,,,2.0,2.0,0.0,1,1.0,2.0,2.0,,961.53,2.0,2.0,,,,12717.0313,3178.9348,1,1,0.0,,0,0,32801,2,,,,2.0,,,3159.0361,9380.0,120.0,2320,,,,,,,104980.0,2011,614,611,1,0,0,0,1,16.0,1.0,51.0,2011,1.0,1,8,2,8800,88001,1,23,42,38300,129,2.0,1.0,,5,3,33,1.0,1,43,1,,1,2,1,2,57,57,57,1,0,0,2.0,1.0,,38.0,,58.0,,,,,,2.0,2.0,0.0,1,2.0,2.0,2.0,,961.53,2.0,2.0,,,,10695.8467,2710.6914,1,1,0.0,,0,0,4473,2,,,,2.0,,,2707.9978,9380.0,5620.0,2720,,,,,,,104186.0,2012,626,611,1,0,0,0,1,16.0,1.0,,,17.0,51.0,2012,MIS4_to_MIS8,pennsylvania,0,2011-2012,1,0,0,0,retention
24043055001703,3,1.0,1,4,2,8800,88001,1,1,23,42,0,0,3.0,2.0,,0,1,55,2.0,2,39,1,,1,1,1,1,2,57,57,57,1,0,0,1.0,1.0,,40.0,,40.0,,,,,,2.0,2.0,0.0,1,1.0,2.0,2.0,,961.0,1.0,,,,,10468.1808,2562.2048,0,0,1.0,,0,42,5984,1,1.0,,,,,,2543.1625,8290.0,4610.0,-1,,,,,,,105015.0,2011,614,611,0,0,0,0,0,12.0,15.0,42.0,2011,2.0,1,8,2,8800,88001,1,23,42,0,0,3.0,2.0,,0,1,56,2.0,2,39,1,,1,1,1,2,57,57,57,1,0,0,2.0,1.0,,40.0,,41.0,,,,,,2.0,2.0,0.0,1,2.0,2.0,2.0,,500.0,1.0,,,,,11531.0772,2883.4198,0,0,1.0,,0,42,15724,1,1.0,,,,,,2889.1109,9480.0,3600.0,-1,,,,,,,104221.0,2012,626,611,0,0,0,0,0,12.0,1.0,,,11.0,51.0,2012,MIS4_to_MIS8,pennsylvania,0,2011-2012,1,0,0,0,retention
24043055001703,3,1.0,1,4,2,8800,88001,1,1,23,42,0,0,3.0,2.0,,0,3,55,1.0,1,39,1,,2,1,2,1,2,57,57,57,1,0,0,2.0,1.0,,38.0,,38.0,,,,,,2.0,2.0,0.0,1,2.0,,1.0,2500.0,950.0,1.0,,,,,11550.2614,2966.9153,0,0,1.0,1.0,0,42,5984,2,2.0,7.0,,,,,2921.7018,9570.0,5000.0,-1,4.0,,,,,,105016.0,2011,614,611,0,0,0,0,0,11.0,17.0,51.0,2011,2.0,1,8,2,8800,88001,1,23,42,0,0,3.0,2.0,,0,3,56,1.0,1,39,1,,1,2,1,2,57,57,57,1,0,0,1.0,1.0,,37.0,,37.0,,,,,,2.0,2.0,0.0,1,2.0,,1.0,1400.0,518.0,1.0,,,,,10481.1164,2743.9638,0,0,1.0,1.0,0,42,15724,2,2.0,7.0,,,,,2716.7031,4990.0,4700.0,-1,4.0,,,,,,104222.0,2012,626,611,0,0,0,0,0,11.0,1.0,,,16.0,22.0,2012,MIS4_to_MIS8,pennsylvania,0,2011-2012,1,0,0,0,retention
50594520990796,3,1.0,1,4,2,8800,88001,1,1,23,42,0,0,3.0,2.0,,0,1,34,2.0,2,39,1,,1,1,1,1,2,57,57,57,1,0,0,1.0,4.0,,,,,,,,52.0,2.0,11.0,3.0,0.0,2,,,,,,,,,,,11689.5815,2712.8578,3,1,,,0,0,43563,1,1.0,,,,,,2749.4818,9390.0,4220.0,-1,,,,,,,105028.0,2011,614,611,0,0,1,0,0,12.0,14.0,51.0,2011,1.0,1,8,2,8800,88001,1,23,42,0,0,3.0,2.0,,0,1,36,2.0,2,39,1,,1,1,1,2,57,57,57,1,0,0,1.0,7.0,,,,,,,,,,1.0,,,2,,,,,,,,,,,11160.3571,2738.1438,3,1,,,0,0,47139,1,1.0,,,,,,2818.5631,,,-1,,,,,,,104236.0,2012,626,611,0,0,1,0,0,12.0,1.0,,,,,2012,MIS4_to_MIS8,pennsylvania,0,2011-2012,0,1,0,0,retention
403005500037241,3,1.0,1,4,2,8800,88001,1,1,23,42,0,0,3.0,2.0,,0,3,28,1.0,2,42,1,,2,1,2,1,2,57,57,57,1,0,0,2.0,1.0,,38.0,,38.0,,,,,,2.0,3.0,0.0,1,2.0,1.0,1.0,1700.0,807.0,2.0,2.0,,,,13030.8797,3193.888,2,1,1.0,1.0,0,0,66686,2,,,3.0,,,,3175.031,9470.0,5700.0,-1,,,,,,,105101.0,2011,614,611,0,1,0,0,1,14.0,17.0,51.0,2011,2.0,1,8,2,8800,88001,1,23,42,0,0,3.0,2.0,,0,3,29,1.0,2,42,1,,1,2,1,2,57,57,57,1,0,0,1.0,1.0,,38.0,,38.0,,,,,,2.0,3.0,0.0,1,2.0,,1.0,1400.0,532.0,2.0,2.0,,,,12063.5871,3015.6827,2,1,0.0,0.0,0,0,55844,2,,,3.0,,,,3011.6113,9470.0,5260.0,-1,,,,,,,104314.0,2012,626,611,0,1,0,0,1,14.0,1.0,,,17.0,51.0,2012,MIS4_to_MIS8,pennsylvania,0,2011-2012,1,0,0,0,retention
462915403065269,3,1.0,7,4,2,8800,88001,1,1,23,42,0,0,3.0,2.0,,0,2,43,,2,43,1,,1,0,0,7,2,57,57,57,1,0,0,1.0,1.0,,55.0,,62.0,,,,,,2.0,3.0,0.0,1,2.0,2.0,2.0,,800.0,1.0,,,,,10956.9671,2783.657,0,0,0.0,,0,0,5925,1,,,,1.0,1.0,,2753.9063,7860.0,2320.0,-1,,,,,,,105106.0,2011,614,611,0,0,0,0,0,18.0,8.0,40.0,2011,1.0,7,8,2,8800,88001,1,23,42,0,0,3.0,2.0,,0,2,43,,2,43,1,,0,0,7,2,57,57,57,1,0,0,1.0,1.0,,50.0,,60.0,,,,,,2.0,3.0,0.0,1,2.0,2.0,2.0,,800.0,1.0,,,,,11687.4069,2937.9326,0,0,0.0,,0,0,37777,1,,,,1.0,1.0,,2882.2347,7860.0,2320.0,-1,,,,,,,104320.0,2012,626,611,0,0,0,0,0,18.0,1.0,,,8.0,40.0,2012,MIS4_to_MIS8,pennsylvania,0,2011-2012,1,0,0,0,retention
956002909459570,3,1.0,1,4,2,8800,88001,1,1,23,42,0,0,3.0,2.0,,0,1,58,2.0,1,40,1,,1,1,1,1,2,57,57,57,1,0,0,1.0,1.0,,40.0,,50.0,,,,,,2.0,3.0,0.0,1,2.0,2.0,2.0,,1000.0,2.0,2.0,,,,11550.2614,2966.9153,0,0,0.0,,0,0,16069,1,,,2.0,,,,2921.7018,9470.0,3710.0,-1,4.0,,,,,,105195.0,2011,614,611,0,0,0,0,0,13.0,12.0,51.0,2011,1.0,1,8,2,8800,88001,1,23,42,0,0,3.0,2.0,,0,1,59,2.0,1,40,1,,1,1,1,2,57,57,57,1,0,0,1.0,1.0,,40.0,,40.0,,,,,,2.0,3.0,0.0,1,1.0,2.0,2.0,,1038.46,2.0,2.0,,,,10481.1164,2743.9638,0,0,0.0,,0,0,37949,1,,,2.0,,,,2716.7031,9470.0,3710.0,-1,4.0,,,,,,104392.0,2012,626,611,0,0,0,0,0,13.0,1.0,,,12.0,51.0,2012,MIS4_to_MIS8,pennsylvania,0,2011-2012,1,0,0,0,retention
972069550509409,3,1.0,4,4,2,8800,88001,1,1,23,42,0,0,3.0,2.0,,0,1,49,,2,43,1,,1,1,1,5,2,57,57,57,1,0,0,1.0,1.0,,38.0,,42.0,,,,,,2.0,2.0,0.0,1,2.0,,1.0,2800.0,1064.0,2.0,2.0,,,,10411.0592,2609.3651,4,1,0.0,0.0,0,0,16068,1,,,,2.0,,,2593.8077,8190.0,350.0,-1,,,,,,,105200.0,2011,614,611,0,0,0,1,0,16.0,1.0,41.0,2011,1.0,4,8,2,8800,88001,1,23,42,0,0,3.0,2.0,,0,1,50,,2,43,1,,1,1,5,2,57,57,57,1,0,0,1.0,1.0,,38.0,,38.0,,,,,,2.0,2.0,0.0,1,2.0,,1.0,2910.0,1105.8,2.0,2.0,,,,12072.2877,3077.306,4,1,0.0,0.0,0,0,37948,1,,,,2.0,,,3037.6756,8190.0,430.0,-1,,,,,,,104397.0,2012,626,611,0,0,0,1,0,16.0,1.0,,,1.0,41.0,2012,MIS4_to_MIS8,pennsylvania,0,2011-2012,1,0,0,0,retention
11294520997799,3,1.0,7,4,2,8800,88001,1,1,23,42,27780,21,,1.0,,2,2,58,,2,44,1,,1,0,0,7,2,57,57,57,1,0,0,1.0,1.0,,40.0,,46.0,,,,,,2.0,3.0,0.0,1,2.0,2.0,2.0,,1211.53,2.0,2.0,,,,10418.6798,2550.0889,0,0,0.0,,0,0,3082,1,,,,,,2.0,2531.1366,9470.0,3730.0,2200,,,,,,,105219.0,2011,614,611,0,0,0,0,0,18.0,12.0,51.0,2011,1.0,7,8,2,8800,88001,1,23,42,27780,21,,1.0,,2,2,59,,2,44,1,,0,0,7,2,57,57,57,1,0,0,1.0,1.0,,40.0,,40.0,,,,,,2.0,3.0,0.0,1,2.0,2.0,2.0,,1173.07,2.0,2.0,,,,11330.0543,2833.1527,0,0,0.0,,0,0,12650,1,,,,,,2.0,2838.7446,9470.0,3730.0,-1,,,,,,,104414.0,2012,626,611,0,0,0,0,0,18.0,1.0,,,12.0,51.0,2012,MIS4_to_MIS8,pennsylvania,0,2011-2012,1,0,0,0,retention
257496709200844,3,1.0,1,4,2,8800,88001,1,1,23,42,49620,133,,1.0,,3,3,44,1.0,2,43,1,,2,1,2,1,2,57,57,57,1,0,0,2.0,1.0,,40.0,,40.0,,,,,,2.0,2.0,0.0,1,2.0,2.0,2.0,,1211.53,1.0,,,,,10982.0365,2790.026,2,1,0.0,,0,0,5991,2,,,,1.0,1.0,,2760.2072,7860.0,2320.0,-1,,,,,,,105280.0,2011,614,611,0,1,0,0,1,18.0,8.0,40.0,2011,1.0,1,8,2,8800,88001,1,23,42,49620,133,,1.0,,3,3,45,1.0,2,43,1,,1,2,1,2,57,57,57,1,0,0,2.0,1.0,,40.0,,40.0,,,,,,2.0,2.0,0.0,1,2.0,2.0,2.0,,1250.0,1.0,,,,,11504.1319,2887.8192,3,1,0.0,,0,0,15734,2,,,,1.0,1.0,,2894.714,7860.0,2320.0,-1,,,,,,,104467.0,2012,626,611,0,0,1,0,0,18.0,1.0,,,8.0,40.0,2012,MIS4_to_MIS8,pennsylvania,0,2011-2012,1,0,0,0,retention
299910972170954,3,2.0,4,4,2,8800,88001,1,1,23,42,27780,21,,1.0,,2,4,47,3.0,1,43,1,,2,2,1,1,2,57,57,57,1,0,0,2.0,1.0,,35.0,,35.0,,,,,,2.0,2.0,0.0,1,2.0,2.0,2.0,,865.0,1.0,,,,,11859.3577,3023.7794,8,2,1.0,,0,0,50274,2,,,,1.0,1.0,,3004.6259,7860.0,2320.0,-1,,,,,1.0,,105302.0,2011,614,611,0,1,1,0,1,18.0,8.0,40.0,2011,2.0,4,8,2,8800,88001,1,23,42,27780,21,,1.0,,2,4,47,3.0,1,43,1,,2,1,1,2,57,57,57,1,0,0,2.0,1.0,,37.0,,37.0,,,,,,2.0,2.0,0.0,1,2.0,2.0,2.0,,1250.0,1.0,,,,,11705.4962,2954.955,3,2,0.0,,0,0,25932,2,,,,1.0,1.0,,2941.0972,7860.0,2320.0,-1,,,,,1.0,,104491.0,2012,626,611,0,0,1,0,0,18.0,1.0,,,8.0,40.0,2012,MIS4_to_MIS8,pennsylvania,0,2011-2012,1,0,0,0,retention
452496029200849,3,3.0,1,4,2,8800,88001,1,1,23,42,25420,43,,1.0,,4,3,51,1.0,2,39,1,,2,1,2,1,2,57,57,57,1,0,0,2.0,1.0,,40.0,,40.0,,,,,,2.0,3.0,0.0,1,2.0,2.0,2.0,,807.0,2.0,2.0,,,,11604.7552,2888.3836,0,0,1.0,,0,0,41552,2,1.0,,,,,,2891.2047,9370.0,5140.0,-1,,,,,,,105325.0,2011,614,611,0,0,0,0,0,12.0,17.0,51.0,2011,2.0,1,8,2,8800,88001,1,23,42,25420,43,,1.0,,4,3,52,1.0,2,39,1,,1,2,1,2,57,57,57,1,0,0,1.0,1.0,,40.0,,40.0,,,,,,2.0,3.0,0.0,1,2.0,2.0,2.0,,711.53,2.0,2.0,,,,12149.2321,3096.9196,0,0,0.0,,0,0,60414,2,1.0,,,,,,3057.0366,9370.0,5140.0,-1,,,,,,,104522.0,2012,626,611,0,0,0,0,0,12.0,1.0,,,17.0,51.0,2012,MIS4_to_MIS8,pennsylvania,0,2011-2012,1,0,0,0,retention
492965400042298,3,1.0,1,4,2,8800,88001,1,1,23,42,25420,43,,1.0,,4,1,56,2.0,2,44,1,,1,1,1,1,2,57,57,57,1,0,0,1.0,1.0,,40.0,,40.0,,,,,,2.0,3.0,0.0,1,2.0,2.0,2.0,,1315.38,1.0,,,,,10492.1318,2568.0671,0,0,0.0,,0,0,41553,1,,,,,,2.0,2548.9812,7860.0,2310.0,-1,,,,,,,105328.0,2011,614,611,0,0,0,0,0,18.0,8.0,40.0,2011,2.0,1,8,2,8800,88001,1,23,42,25420,43,,1.0,,4,1,58,2.0,2,44,1,,1,1,1,2,57,57,57,1,0,0,2.0,1.0,,40.0,,40.0,,,,,,2.0,3.0,0.0,1,2.0,2.0,2.0,,576.0,2.0,2.0,,,,11604.5721,2901.7976,0,0,1.0,,0,0,12696,1,,,,,,2.0,2907.525,7860.0,2330.0,-1,,,,,,,104525.0,2012,626,611,0,0,0,0,0,18.0,1.0,,,8.0,40.0,2012,MIS4_to_MIS8,pennsylvania,0,2011-2012,1,0,0,0,retention
852400850200193,3,1.0,4,4,2,8800,88001,1,1,23,42,49620,133,,1.0,,3,1,28,,2,40,1,,1,1,1,5,2,57,57,57,1,0,0,1.0,1.0,,24.0,,14.0,,,17.0,,,7.0,3.0,0.0,1,2.0,,1.0,947.0,227.28,2.0,2.0,,,,13060.6942,3201.1956,3,2,0.0,0.0,0,0,16135,1,,,1.0,,,,3182.2954,7860.0,2310.0,-1,,,,,,,105367.0,2011,614,611,0,0,1,0,0,12.0,8.0,40.0,2011,1.0,4,8,2,8800,88001,1,23,42,49620,133,,1.0,,3,1,29,,2,40,1,,1,1,5,2,57,57,57,1,0,0,1.0,1.0,,24.0,,19.0,,,18.0,,,7.0,3.0,0.0,1,2.0,,1.0,980.0,235.2,2.0,2.0,,,,12140.476,3034.9036,3,2,0.0,0.0,0,0,48684,1,,,1.0,,,,3030.8062,7860.0,2540.0,-1,,,,,,,104577.0,2012,626,611,0,0,1,0,0,12.0,1.0,,,8.0,40.0,2012,MIS4_to_MIS8,pennsylvania,0,2011-2012,1,0,0,0,retention
929032946459940,3,1.0,7,4,2,8800,88001,1,1,23,42,11020,13,,1.0,,2,2,64,,2,39,1,,1,0,0,5,2,57,57,57,1,0,0,1.0,1.0,,38.0,,38.0,,,,,,2.0,2.0,0.0,1,2.0,,1.0,1286.0,475.82,1.0,,,,,9522.988,2446.8737,0,0,0.0,0.0,0,0,41491,1,1.0,,,,,,2412.7289,8270.0,4230.0,340,,,,,,,105382.0,2011,614,611,0,0,0,0,0,12.0,14.0,42.0,2011,1.0,7,8,2,8800,88001,1,23,42,11020,13,,1.0,,2,2,65,,2,39,1,,0,0,5,2,57,57,57,1,0,0,1.0,1.0,,38.0,,38.0,,,,,,2.0,2.0,0.0,1,2.0,1.0,1.0,1367.0,480.76,1.0,,,,,13568.8159,3199.2464,0,0,0.0,0.0,0,0,40065,1,1.0,,,,,,3179.3221,8270.0,4230.0,-1,,,,,,,104592.0,2012,626,611,0,0,0,0,0,12.0,1.0,,,14.0,42.0,2012,MIS4_to_MIS8,pennsylvania,0,2011-2012,1,0,0,0,retention
167070760950108,4,2.0,1,4,2,8800,88001,1,1,33,17,16980,0,1.0,1.0,3.0,7,3,53,1.0,1,39,1,,2,1,2,1,2,57,57,57,1,0,0,1.0,1.0,,40.0,,40.0,,,,,,2.0,3.0,0.0,1,1.0,,1.0,2865.0,1296.0,2.0,2.0,,,,11830.7212,2983.9678,0,0,1.0,1.0,0,42,64475,2,1.0,,,,,,3004.7009,770.0,6260.0,-1,,,,,,,124753.0,2011,615,612,0,0,0,0,0,12.0,19.0,4.0,2011,1.0,1,8,2,8800,88001,1,33,17,16980,0,1.0,1.0,3.0,7,3,53,1.0,1,39,1,,1,2,1,2,57,57,57,1,0,0,2.0,1.0,,40.0,,40.0,,,,,,2.0,3.0,0.0,1,2.0,,1.0,3300.0,1320.0,1.0,,,,,12719.8202,3170.511,0,0,1.0,1.0,0,0,55187,2,1.0,,,,,,3187.5574,770.0,6320.0,-1,,,,,,,123953.0,2012,627,612,0,0,0,0,0,12.0,1.0,,,19.0,4.0,2012,MIS4_to_MIS8,illinois,1,2011-2012,1,0,0,0,retention
606904881797877,4,2.0,1,4,2,8800,88001,1,1,33,17,16980,0,1.0,1.0,2.0,7,1,31,2.0,1,44,1,,1,1,1,1,2,57,57,57,1,0,0,2.0,1.0,,40.0,,40.0,,,,,,2.0,3.0,0.0,1,2.0,2.0,2.0,,961.53,1.0,,,,,13704.2095,3416.3273,1,1,0.0,,0,0,35843,1,,,,,,2.0,3456.7893,7860.0,2320.0,-1,,,,,,,124876.0,2011,615,612,1,0,0,0,1,18.0,8.0,40.0,2011,1.0,1,8,2,8800,88001,1,33,17,16980,0,1.0,1.0,2.0,7,1,32,2.0,1,44,1,,1,1,1,2,57,57,57,1,0,0,1.0,1.0,,40.0,,40.0,,,,,,2.0,3.0,0.0,1,2.0,2.0,2.0,,1730.76,1.0,,,,,11419.4071,2863.4393,1,1,0.0,,0,0,44830,1,,,,,,2.0,2884.7603,7860.0,2320.0,-1,,,,,,,124073.0,2012,627,612,1,0,0,0,1,18.0,1.0,,,8.0,40.0,2012,MIS4_to_MIS8,illinois,1,2011-2012,1,0,0,0,retention
606904881797877,4,2.0,1,4,2,8800,88001,1,1,33,17,16980,0,1.0,1.0,2.0,7,3,31,1.0,2,44,1,,2,1,2,1,2,57,57,57,1,0,0,1.0,1.0,,40.0,,40.0,,,,,,2.0,3.0,0.0,1,2.0,2.0,2.0,,961.53,1.0,,,,,11918.7326,3063.9439,1,1,0.0,,0,0,35843,2,,,,,,2.0,3049.5818,7860.0,2320.0,-1,,,,,,,124877.0,2011,615,612,1,0,0,0,1,18.0,8.0,40.0,2011,1.0,1,8,2,8800,88001,1,33,17,16980,0,1.0,1.0,2.0,7,3,32,1.0,2,44,1,,1,2,1,2,57,57,57,1,0,0,2.0,1.0,,40.0,,40.0,,,,,,2.0,3.0,0.0,1,2.0,2.0,2.0,,1096.15,1.0,,,,,12068.6242,2991.5679,1,1,0.0,,0,0,44830,2,,,,,,2.0,3036.7209,7860.0,2320.0,-1,,,,,,,124074.0,2012,627,612,1,0,0,0,1,18.0,1.0,,,8.0,40.0,2012,MIS4_to_MIS8,illinois,1,2011-2012,1,0,0,0,retention
708380644580961,4,1.0,3,4,2,8800,88001,1,1,33,17,16980,0,1.0,1.0,,7,4,45,,2,39,1,,2,1,3,7,2,57,57,57,1,0,0,2.0,1.0,,40.0,,40.0,,,,,,2.0,3.0,0.0,1,2.0,2.0,2.0,,900.0,2.0,2.0,,,,14064.9822,3573.1978,0,0,1.0,,0,0,23388,2,1.0,,,,,,3593.6776,9370.0,5110.0,-1,,,,,,1.0,124905.0,2011,615,612,0,0,0,0,0,12.0,17.0,51.0,2011,1.0,3,8,2,8800,88001,1,33,17,16980,0,1.0,1.0,,7,4,45,,2,39,1,,1,3,7,2,57,57,57,1,0,0,2.0,1.0,,40.0,,50.0,,,,,,2.0,3.0,0.0,1,2.0,2.0,2.0,,1153.0,2.0,2.0,,,,12943.6524,3237.5723,0,0,1.0,,0,0,34988,2,1.0,,,,,,3276.9985,9370.0,5110.0,-1,,,,,,1.0,124106.0,2012,627,612,0,0,0,0,0,12.0,1.0,,,17.0,51.0,2012,MIS4_to_MIS8,illinois,1,2011-2012,1,0,0,0,retention
910673090916068,4,1.0,4,4,2,8800,88001,1,1,33,17,16980,0,1.0,1.0,1.0,7,1,33,,2,39,2,,1,1,1,7,2,57,57,57,1,0,0,1.0,1.0,,40.0,,40.0,,,,,,2.0,3.0,0.0,1,2.0,,1.0,1800.0,720.0,1.0,,,,,9216.5485,2290.1489,10,3,0.0,0.0,0,0,55797,1,1.0,,,,,,2219.9329,7790.0,9620.0,-1,,,,,,,124972.0,2011,615,612,0,0,1,1,0,12.0,22.0,39.0,2011,1.0,4,8,2,8800,88001,1,33,17,16980,0,1.0,1.0,1.0,7,1,34,,2,36,2,,1,1,7,2,57,57,57,1,0,0,1.0,1.0,,40.0,,40.0,,,,,,2.0,3.0,0.0,1,2.0,,1.0,3279.0,1311.6,1.0,,,,,10750.8525,2736.7247,3,1,0.0,0.0,0,0,22231,1,,,,,,,2839.314,7790.0,9620.0,-1,,,,,,,124179.0,2012,627,612,0,0,1,0,0,10.0,2.0,,,22.0,39.0,2012,MIS4_to_MIS8,illinois,1,2011-2012,1,0,0,0,retention
31691670950970,4,1.0,1,4,2,8800,88001,1,1,33,17,16980,0,2.0,1.0,,7,3,34,1.0,2,39,1,,2,1,2,1,2,57,57,57,1,0,0,2.0,1.0,,40.0,,40.0,,,,,,2.0,3.0,0.0,1,2.0,2.0,2.0,,333.0,2.0,2.0,,,,11538.4731,2966.1907,0,0,1.0,,0,0,45628,2,1.0,,,,,,2952.2869,7860.0,2310.0,-1,,,,,,,125036.0,2011,615,612,0,0,0,0,0,12.0,8.0,40.0,2011,1.0,1,8,2,8800,88001,1,33,17,16980,0,2.0,1.0,,7,3,35,1.0,2,39,1,,1,2,1,2,57,57,57,1,0,0,2.0,1.0,,40.0,,40.0,,,,,,2.0,4.0,0.0,1,2.0,2.0,2.0,,576.0,2.0,2.0,,,,11424.6229,2860.3553,0,0,1.0,,0,0,44769,2,1.0,,,,,,2868.5983,8470.0,4600.0,-1,,,,,,,124237.0,2012,627,612,0,0,0,0,0,12.0,1.0,,,15.0,43.0,2012,MIS4_to_MIS8,illinois,1,2011-2012,0,1,0,1,retention
34371670982774,4,1.0,1,4,2,8800,88001,1,1,33,17,16980,0,2.0,1.0,,7,1,34,2.0,2,42,1,,1,1,1,1,2,57,57,57,1,0,0,1.0,1.0,,40.0,,40.0,,,,,,2.0,3.0,0.0,1,2.0,2.0,2.0,,1057.69,2.0,2.0,,,,11538.4731,2966.1907,8,3,0.0,,0,0,35775,1,,,2.0,,,,2952.2869,9470.0,5520.0,-1,,,,,,,125041.0,2011,615,612,0,1,1,0,1,13.0,17.0,51.0,2011,1.0,1,8,2,8800,88001,1,33,17,16980,0,2.0,1.0,,7,1,35,2.0,2,42,1,,1,1,1,2,57,57,57,1,0,0,1.0,1.0,,40.0,,48.0,,,,,,2.0,3.0,0.0,1,2.0,2.0,2.0,,1153.84,2.0,2.0,,,,11424.6229,2860.3553,8,3,0.0,,0,0,51814,1,,,3.0,,,,2868.5983,9470.0,5520.0,-1,,,,,,,124243.0,2012,627,612,0,1,1,0,1,14.0,1.0,,,17.0,51.0,2012,MIS4_to_MIS8,illinois,1,2011-2012,1,0,0,0,retention
271601086909190,4,1.0,1,4,2,8800,88001,1,1,33,17,16980,0,2.0,1.0,,7,1,68,2.0,2,43,1,,1,1,1,1,2,57,57,57,1,0,0,1.0,1.0,,20.0,,20.0,,,23.0,,,7.0,3.0,0.0,1,2.0,2.0,2.0,,200.0,2.0,1.0,,,,12872.819,3193.1249,0,0,0.0,,0,0,5281,1,,,,2.0,,,3158.4082,7860.0,2310.0,-1,,,,,,,125227.0,2011,615,612,0,0,0,0,0,16.0,8.0,40.0,2011,1.0,1,8,2,8800,88001,1,33,17,16980,0,2.0,1.0,,7,1,70,2.0,2,43,1,,1,1,1,2,57,57,57,1,0,0,1.0,5.0,,,,,,,,,,1.0,3.0,0.0,2,,,,,,,,,,,11807.0898,3025.8653,0,0,,,0,0,5048,1,,,,1.0,1.0,,3004.6643,7860.0,2330.0,-1,,,,,,,124421.0,2012,627,612,0,0,0,0,0,18.0,1.0,,,8.0,40.0,2012,MIS4_to_MIS8,illinois,1,2011-2012,1,0,0,0,retention
271601086909190,4,1.0,1,4,2,8800,88001,1,1,33,17,16980,0,2.0,1.0,,7,3,69,1.0,1,42,1,,2,1,2,1,2,57,57,57,1,0,0,2.0,1.0,,20.0,,20.0,,,23.0,,,7.0,3.0,0.0,1,2.0,,1.0,2500.0,475.0,1.0,,,,,11209.3059,2923.4732,0,0,0.0,0.0,0,0,5281,2,,,3.0,,,,2795.5703,7860.0,9120.0,-1,4.0,,,,,,125228.0,2011,615,612,0,0,0,0,0,14.0,22.0,40.0,2011,1.0,1,8,2,8800,88001,1,33,17,16980,0,2.0,1.0,,7,3,70,1.0,1,42,1,,1,2,1,2,57,57,57,1,0,0,2.0,1.0,,20.0,,20.0,,,21.0,,,7.0,3.0,0.0,1,2.0,1.0,1.0,400.0,250.0,1.0,,,,,10930.709,2957.7066,0,0,0.0,1.0,0,0,5048,2,,,3.0,,,,2878.2937,7860.0,9120.0,-1,4.0,,,,,,124422.0,2012,627,612,0,0,0,0,0,14.0,1.0,,,22.0,40.0,2012,MIS4_to_MIS8,illinois,1,2011-2012,1,0,0,0,retention
320179093116838,4,1.0,7,4,2,8800,88001,1,1,33,17,16980,0,2.0,1.0,,7,2,40,,2,40,1,,1,0,0,7,2,57,57,57,1,0,0,1.0,1.0,,40.0,,40.0,,,,,,2.0,3.0,0.0,1,2.0,,1.0,1600.0,640.0,1.0,,,,,10996.2644,2726.1224,0,0,1.0,1.0,0,0,23391,1,,,3.0,,,,2742.7194,9470.0,3850.0,-1,2.0,,,,,,125236.0,2011,615,612,0,0,0,0,0,14.0,12.0,51.0,2011,1.0,7,8,2,8800,88001,1,33,17,16980,0,2.0,1.0,,7,2,41,,2,43,1,,0,0,7,2,57,57,57,1,0,0,1.0,1.0,,40.0,,40.0,,,,,,2.0,3.0,0.0,1,2.0,2.0,2.0,,1038.0,1.0,,,,,10642.7587,2686.5119,0,0,1.0,,0,0,22225,1,,,,2.0,,,2672.2807,9470.0,3850.0,-1,2.0,,,,,,124433.0,2012,627,612,0,0,0,0,0,16.0,1.0,,,12.0,51.0,2012,MIS4_to_MIS8,illinois,1,2011-2012,1,0,0,0,retention
460198688700470,4,2.0,1,4,2,8800,88001,1,1,33,17,16980,0,2.0,1.0,,7,3,43,1.0,2,41,1,,2,1,2,1,2,119,119,119,4,0,14,1.0,1.0,,38.0,,38.0,,,,,,2.0,2.0,0.0,1,2.0,2.0,2.0,,1300.0,2.0,2.0,,,,10996.2644,2726.1224,3,3,0.0,,0,0,23393,2,,,3.0,,,,2742.7194,9490.0,565.0,-1,,,,,,,125282.0,2011,615,612,0,0,1,0,0,14.0,2.0,51.0,2011,2.0,1,8,2,8800,88001,1,33,17,16980,0,2.0,1.0,,7,3,43,1.0,2,41,1,,1,2,1,2,119,119,119,4,0,14,1.0,1.0,,38.0,,38.0,,,,,,2.0,4.0,0.0,1,2.0,2.0,2.0,,1346.15,2.0,2.0,,,,10642.7587,2686.5119,3,3,0.0,,0,0,22230,2,,,3.0,,,,2672.2807,7070.0,950.0,-1,,,,,,,124483.0,2012,627,612,0,0,1,0,0,14.0,1.0,,,2.0,34.0,2012,MIS4_to_MIS8,illinois,1,2011-2012,0,1,0,1,retention
506908811997427,4,1.0,1,4,2,8800,88001,1,1,33,17,16980,0,2.0,1.0,,7,1,55,2.0,2,39,1,,1,1,1,1,2,57,57,57,1,0,0,1.0,1.0,,40.0,,42.0,,,,,,2.0,3.0,0.0,1,2.0,,1.0,1925.0,770.0,2.0,2.0,,,,13538.0891,3305.8327,0,0,0.0,0.0,0,0,9375,1,1.0,,,,,,3304.3674,670.0,5110.0,5110,,,,,,,125299.0,2011,615,612,0,0,0,0,0,12.0,17.0,24.0,2011,1.0,1,8,2,8800,88001,1,33,17,16980,0,2.0,1.0,,7,1,56,2.0,2,39,1,,1,1,1,2,57,57,57,1,0,0,1.0,1.0,,40.0,,42.0,,,,,,2.0,3.0,0.0,1,2.0,,1.0,1975.0,790.0,2.0,2.0,,,,11550.465,2922.5642,0,0,0.0,0.0,0,0,22326,1,1.0,,,,,,2955.7923,9370.0,5860.0,5110,,,,,,,124493.0,2012,627,612,0,0,0,0,0,12.0,1.0,,,17.0,51.0,2012,MIS4_to_MIS8,illinois,1,2011-2012,1,0,0,0,retention
710280758500061,4,1.0,1,4,0,8800,88002,2,2,33,17,16980,0,2.0,1.0,,7,3,44,1.0,1,46,4,,2,1,2,1,2,207,207,207,5,0,14,2.0,1.0,,40.0,,40.0,,,,,,2.0,2.0,0.0,1,2.0,2.0,2.0,,1846.0,2.0,2.0,,,,11951.2501,2889.2446,3,2,1.0,,0,0,9409,2,,,,,,,2932.8149,7870.0,2200.0,-1,,,,,,,125379.0,2011,615,612,0,0,1,0,0,18.0,8.0,40.0,2011,1.0,1,8,2,8800,88002,2,33,17,16980,0,2.0,1.0,,7,3,45,1.0,1,46,4,,1,2,1,2,207,207,207,5,0,14,2.0,1.0,,40.0,,40.0,,,,,,2.0,3.0,0.0,1,2.0,2.0,2.0,,2307.69,2.0,2.0,,,,8659.87,2161.5063,10,2,0.0,,0,0,8948,2,,,,,,,2170.1433,7870.0,2200.0,-1,,,,,,,124572.0,2012,627,612,0,0,1,1,0,18.0,4.0,,,8.0,40.0,2012,MIS4_to_MIS8,illinois,1,2011-2012,1,0,0,0,retention
936027832169940,4,1.0,1,4,2,8800,88001,1,1,33,17,16980,0,2.0,1.0,,7,1,49,2.0,1,39,1,4.0,1,1,1,1,2,312,312,312,5,0,6,1.0,1.0,,40.0,,40.0,,,,,,2.0,3.0,0.0,1,2.0,,1.0,1590.0,636.0,1.0,,,,,11262.9542,2824.2094,2,1,0.0,0.0,0,0,59248,1,1.0,,,,,,2860.5026,7860.0,4220.0,-1,,,,,,,125534.0,2011,615,612,0,1,0,0,1,12.0,14.0,40.0,2011,1.0,1,8,2,8800,88001,1,33,17,16980,0,2.0,1.0,,7,1,50,2.0,1,39,1,4.0,1,1,1,2,312,312,312,5,0,6,1.0,1.0,,35.0,,55.0,,,,,,2.0,3.0,0.0,1,2.0,,1.0,1500.0,525.0,2.0,2.0,,,,12384.0794,3072.8374,2,1,1.0,1.0,0,42,44864,1,1.0,,,,,,3103.4215,7860.0,4220.0,4220,,,,,,,124724.0,2012,627,612,0,1,0,0,1,12.0,1.0,,,14.0,40.0,2012,MIS4_to_MIS8,illinois,1,2011-2012,1,0,0,0,retention
192906202077779,4,1.0,1,4,2,8800,88001,1,1,33,17,0,0,3.0,2.0,,0,3,25,1.0,2,40,2,,2,1,2,1,2,57,57,57,1,0,0,2.0,3.0,,,,,1.0,,,1.0,1.0,12.0,2.0,0.0,2,,,,,,,,,,,11229.8465,2960.6733,11,4,,,0,0,45765,2,,,2.0,,,,2724.572,8570.0,4060.0,-1,,,,,,,125608.0,2011,615,612,1,1,1,0,1,13.0,13.0,44.0,2011,1.0,1,8,2,8800,88001,1,33,17,0,0,3.0,2.0,,0,3,26,1.0,2,40,2,,1,2,1,2,57,57,57,1,0,0,2.0,1.0,,28.0,,28.0,,,18.0,,,7.0,3.0,0.0,1,2.0,,1.0,1015.0,284.2,2.0,2.0,,,,10768.5636,2863.1288,8,4,0.0,0.0,0,0,51904,2,,,1.0,,,,2843.9916,8570.0,4720.0,-1,,,,,,,124791.0,2012,627,612,0,1,1,0,1,12.0,2.0,,,16.0,44.0,2012,MIS4_to_MIS8,illinois,1,2011-2012,1,0,0,0,retention
193956200051759,4,1.0,7,4,2,8800,88001,1,1,33,17,0,0,3.0,2.0,,0,2,46,,2,40,1,,1,0,0,5,2,57,57,57,1,0,0,1.0,1.0,,40.0,,40.0,,,,,,2.0,2.0,0.0,1,2.0,,1.0,1300.0,520.0,1.0,,,,,14006.1256,3558.2453,0,0,1.0,1.0,0,42,35857,1,,,3.0,,,,3578.6395,9370.0,10.0,-1,3.0,,,,,,125617.0,2011,615,612,0,0,0,0,0,14.0,1.0,51.0,2011,2.0,1,8,2,8800,88001,1,33,17,0,0,3.0,2.0,,0,1,47,2.0,2,40,1,,1,1,1,2,57,57,57,1,0,0,2.0,1.0,,40.0,,40.0,,,,,,2.0,2.0,0.0,1,2.0,,1.0,1700.0,680.0,1.0,,,,,12559.1414,3141.3952,0,0,1.0,1.0,0,42,51852,1,,,3.0,,,,3179.6502,9570.0,565.0,-1,3.0,,,,,,124800.0,2012,627,612,0,0,0,0,0,14.0,1.0,,,2.0,51.0,2012,MIS4_to_MIS8,illinois,1,2011-2012,1,0,0,0,retention
806608981992957,4,2.0,1,4,2,8800,88001,1,1,33,17,0,0,3.0,2.0,,0,1,52,2.0,1,40,1,,1,1,1,1,2,57,57,57,1,0,0,2.0,1.0,,40.0,,40.0,,,,,,2.0,2.0,0.0,1,2.0,,1.0,900.0,360.0,1.0,,,,,11781.2141,2971.481,0,0,1.0,1.0,0,42,45686,1,,,3.0,,,,2992.1273,9470.0,3710.0,-1,3.0,,,,,,125671.0,2011,615,612,0,0,0,0,0,14.0,12.0,51.0,2011,2.0,1,8,2,8800,88001,1,33,17,0,0,3.0,2.0,,0,1,53,2.0,1,40,1,,1,1,1,2,57,57,57,1,0,0,2.0,1.0,,40.0,,40.0,,,,,,2.0,2.0,0.0,1,2.0,2.0,2.0,,1096.0,1.0,,,,,12341.9584,3076.3261,0,0,1.0,,0,42,22332,1,,,3.0,,,,3092.8661,9470.0,3800.0,-1,3.0,,,,,,124869.0,2012,627,612,0,0,0,0,0,14.0,1.0,,,12.0,51.0,2012,MIS4_to_MIS8,illinois,1,2011-2012,1,0,0,0,retention
806902501996027,4,1.0,1,4,2,8800,88001,1,1,33,17,0,0,3.0,2.0,,0,3,41,1.0,2,44,1,,2,1,2,1,2,57,57,57,1,0,0,2.0,1.0,,40.0,,46.0,,,,,,2.0,3.0,0.0,1,2.0,2.0,2.0,,807.69,1.0,,,,,11311.1233,2804.1801,3,2,0.0,,0,0,59259,2,,,,,,3.0,2821.2524,7860.0,2320.0,2750,,,,,,,125674.0,2011,615,612,0,0,1,0,0,18.0,8.0,40.0,2011,2.0,1,8,2,8800,88001,1,33,17,0,0,3.0,2.0,,0,3,42,1.0,2,44,1,,1,2,1,2,57,57,57,1,0,0,1.0,1.0,,45.0,,99.0,,,,,,2.0,5.0,0.0,1,2.0,1.0,1.0,1700.0,865.38,1.0,,,,,10735.4394,2709.9069,3,2,0.0,0.0,0,0,44905,2,,,,,,3.0,2695.5518,7860.0,2310.0,2750,,,,,,,124872.0,2012,627,612,0,0,1,0,0,18.0,1.0,,,8.0,40.0,2012,MIS4_to_MIS8,illinois,1,2011-2012,0,1,0,1,retention
863197919700913,4,1.0,1,4,2,8800,88001,1,1,33,17,0,0,3.0,2.0,,0,1,73,2.0,2,39,1,,1,1,1,1,2,57,57,57,1,0,0,1.0,1.0,,38.0,,38.0,,,,,,2.0,3.0,0.0,1,2.0,1.0,1.0,1800.0,700.0,1.0,,,,,12565.2313,3116.8273,0,0,1.0,1.0,0,0,35826,1,1.0,,,,,,3082.9401,7860.0,5700.0,-1,,,,,,,125683.0,2011,615,612,0,0,0,0,0,12.0,17.0,40.0,2011,1.0,1,8,2,8800,88001,1,33,17,0,0,3.0,2.0,,0,1,73,2.0,2,39,1,,1,1,1,2,57,57,57,1,0,0,1.0,1.0,,38.0,,38.0,,,,,,2.0,3.0,0.0,1,2.0,1.0,1.0,1100.0,320.0,1.0,,,,,12692.3313,3066.4823,0,0,1.0,1.0,0,0,22288,1,1.0,,,,,,3060.1016,7860.0,5700.0,-1,,,,,,,124880.0,2012,627,612,0,0,0,0,0,12.0,1.0,,,17.0,40.0,2012,MIS4_to_MIS8,illinois,1,2011-2012,1,0,0,0,retention
51068194160820,4,1.0,1,4,2,8800,88001,1,1,32,18,26900,0,2.0,1.0,,5,3,53,1.0,2,46,1,,2,1,2,1,2,57,57,57,1,0,0,2.0,1.0,,40.0,,40.0,,,,,,2.0,3.0,0.0,1,1.0,2.0,2.0,,1153.0,2.0,2.0,,,,10501.0788,2612.5652,0,0,1.0,,0,0,59273,2,,,,,,,2683.0814,7870.0,230.0,-1,,,,,,,125925.0,2011,615,612,0,0,0,0,0,18.0,1.0,40.0,2011,1.0,1,8,2,8800,88001,1,32,18,26900,0,2.0,1.0,,5,3,54,1.0,2,46,1,,1,2,1,2,57,57,57,1,0,0,2.0,1.0,,40.0,,40.0,,,,,,2.0,3.0,0.0,1,1.0,2.0,2.0,,2615.0,2.0,2.0,,,,11924.8429,2965.9483,0,0,1.0,,0,0,22582,2,,,,,,,3019.0622,7870.0,230.0,-1,,,,,,,125128.0,2012,627,612,0,0,0,0,0,18.0,1.0,,,1.0,40.0,2012,MIS4_to_MIS8,indiana,0,2011-2012,1,0,0,0,retention
406908771995068,4,1.0,1,4,2,8800,88001,1,1,32,18,26900,0,2.0,1.0,,5,1,31,2.0,2,44,1,,1,1,1,1,2,57,57,57,1,0,0,1.0,1.0,,45.0,,45.0,,,,,,2.0,3.0,0.0,1,2.0,2.0,2.0,,865.38,1.0,,,,,19976.0633,5073.2097,1,1,0.0,,0,0,52644,1,,,,,,2.0,5111.1676,7860.0,2310.0,-1,,,,,,,125986.0,2011,615,612,1,0,0,0,1,18.0,8.0,40.0,2011,1.0,1,8,2,8800,88001,1,32,18,26900,0,2.0,1.0,,5,1,32,2.0,2,44,1,,1,1,1,2,57,57,57,1,0,0,1.0,1.0,,40.0,,40.0,,,,,,2.0,3.0,0.0,1,2.0,2.0,2.0,,450.0,1.0,,,,,17139.0359,4185.236,1,2,1.0,,0,42,35242,1,,,,,,2.0,4312.5436,7860.0,2310.0,-1,,,,,,,125180.0,2012,627,612,1,0,0,0,1,18.0,1.0,,,8.0,40.0,2012,MIS4_to_MIS8,indiana,0,2011-2012,1,0,0,0,retention
406908771995068,4,1.0,1,4,2,8800,88001,1,1,32,18,26900,0,2.0,1.0,,5,3,32,1.0,1,40,1,,2,1,2,1,2,57,57,57,1,0,0,2.0,1.0,,48.0,,83.0,,,,,,2.0,3.0,0.0,1,2.0,2.0,2.0,,961.53,1.0,,,,,20188.9927,4972.1282,1,1,0.0,,0,0,52644,2,,,3.0,,,,5092.5297,9470.0,3740.0,6320,,,,,,,125987.0,2011,615,612,1,0,0,0,1,14.0,12.0,51.0,2011,1.0,1,8,2,8800,88001,1,32,18,26900,0,2.0,1.0,,5,3,33,1.0,1,43,1,,1,2,1,2,57,57,57,1,0,0,2.0,1.0,,40.0,,40.0,,,,,,2.0,3.0,0.0,1,1.0,,1.0,3800.0,1520.0,2.0,2.0,,,,22312.9642,5511.809,1,2,1.0,1.0,0,42,35242,2,,,,2.0,,,5636.6807,9470.0,3740.0,-1,,,,,,,125181.0,2012,627,612,1,0,0,0,1,16.0,1.0,,,12.0,51.0,2012,MIS4_to_MIS8,indiana,0,2011-2012,1,0,0,0,retention
706907551990998,4,1.0,1,4,2,8800,88001,1,1,32,18,26900,63,2.0,1.0,,5,3,50,1.0,1,41,1,,2,1,2,1,2,57,57,57,1,0,0,2.0,1.0,,40.0,,40.0,,,,,,2.0,3.0,0.0,1,1.0,2.0,2.0,,1923.0,2.0,2.0,,,,11372.9417,2833.8568,0,0,1.0,,0,0,67377,2,,,3.0,,,,2888.4366,9470.0,7010.0,-1,,,,,,,126010.0,2011,615,612,0,0,0,0,0,14.0,20.0,51.0,2011,2.0,1,8,2,8800,88001,1,32,18,26900,63,2.0,1.0,,5,3,51,1.0,1,39,1,,1,2,1,2,57,57,57,1,0,0,1.0,1.0,,40.0,,40.0,,,,,,2.0,3.0,0.0,1,1.0,2.0,2.0,,211.0,2.0,2.0,,,,11557.5955,2837.9729,0,0,1.0,,0,0,62880,2,1.0,,,,,,2896.3066,9470.0,3820.0,-1,,,,,,,125206.0,2012,627,612,0,0,0,0,0,12.0,1.0,,,12.0,51.0,2012,MIS4_to_MIS8,indiana,0,2011-2012,1,0,0,0,retention
63192899800951,4,1.0,1,4,2,8800,88001,1,1,32,18,0,0,3.0,2.0,,0,1,48,2.0,2,43,1,,1,1,1,1,2,57,57,57,1,0,0,1.0,1.0,,38.0,,38.0,,,,,,2.0,3.0,0.0,1,2.0,2.0,2.0,,1000.0,2.0,2.0,,,,10965.2658,2752.0683,0,0,0.0,,0,0,52653,1,,,,1.0,1.0,,2801.6836,7860.0,2310.0,-1,,,,,,,126073.0,2011,615,612,0,0,0,0,0,18.0,8.0,40.0,2011,1.0,1,8,2,8800,88001,1,32,18,0,0,3.0,2.0,,0,1,49,2.0,2,43,1,,1,1,1,2,57,57,57,1,0,0,1.0,1.0,,58.0,,58.0,,,,,,2.0,5.0,0.0,1,2.0,2.0,2.0,,961.53,2.0,2.0,,,,12354.4445,3044.236,0,0,0.0,,0,0,35254,1,,,,1.0,1.0,,3127.8263,7860.0,2310.0,-1,,,,,,,125267.0,2012,627,612,0,0,0,0,0,18.0,1.0,,,8.0,40.0,2012,MIS4_to_MIS8,indiana,0,2011-2012,0,1,0,1,retention
262193149800998,4,1.0,4,4,2,8800,88001,1,1,32,18,0,0,3.0,2.0,,0,1,49,,2,39,1,,1,1,1,4,2,57,57,57,1,0,0,1.0,1.0,,35.0,,37.0,,,,,,2.0,3.0,0.0,1,2.0,,1.0,1075.0,376.25,2.0,2.0,,,,10965.2658,2752.0683,0,0,0.0,0.0,0,0,23734,1,2.0,6.0,,,,,2801.6836,7860.0,2540.0,-1,,,,,,,126141.0,2011,615,612,0,0,0,0,0,10.0,8.0,40.0,2011,1.0,4,8,2,8800,88001,1,32,18,0,0,3.0,2.0,,0,1,50,,2,39,1,,1,1,4,2,57,57,57,1,0,0,1.0,1.0,,35.0,,35.0,,,,,,2.0,3.0,0.0,1,2.0,2.0,2.0,,1307.0,2.0,2.0,,,,11844.7524,2946.0282,0,0,1.0,,0,0,44950,1,2.0,6.0,,,,,2998.7854,7860.0,2540.0,-1,,,,,,,125340.0,2012,627,612,0,0,0,0,0,10.0,1.0,,,8.0,40.0,2012,MIS4_to_MIS8,indiana,0,2011-2012,1,0,0,0,retention
564190939800914,4,1.0,7,4,2,8800,88001,1,1,32,18,0,0,3.0,2.0,,0,2,59,,2,44,1,,1,0,0,3,2,57,57,57,1,0,0,1.0,5.0,,,,,,,,,,1.0,3.0,0.0,2,,,,,,,,,,,10485.167,2630.0546,0,0,,,0,0,5327,1,,,,,,1.0,2580.6199,7860.0,2310.0,-1,,,,,,,126168.0,2011,615,612,0,0,0,0,0,17.0,8.0,40.0,2011,1.0,7,8,2,8800,88001,1,32,18,0,0,3.0,2.0,,0,2,60,,2,39,1,,0,0,3,2,57,57,57,1,0,0,1.0,5.0,,,,,,,,,,1.0,,,2,,,,,,,,,,,12322.7973,3199.9946,0,0,,,0,0,9028,1,1.0,,,,,,3135.9014,,,-1,,,,,,,125377.0,2012,627,612,0,0,0,0,0,12.0,1.0,,,,,2012,MIS4_to_MIS8,indiana,0,2011-2012,0,1,0,0,retention
566191789800944,4,2.0,1,4,2,8800,88001,1,1,32,18,0,0,3.0,2.0,,0,3,54,1.0,2,41,1,,2,1,2,1,2,57,57,57,1,0,0,1.0,1.0,,37.0,,37.0,,,,,,2.0,3.0,0.0,1,2.0,,1.0,1650.0,610.5,2.0,2.0,,,,10568.0426,2629.2251,0,0,1.0,1.0,0,42,9636,2,,,3.0,,,,2700.191,9470.0,5100.0,-1,,,,,,,126170.0,2011,615,612,0,0,0,0,0,14.0,17.0,51.0,2011,2.0,1,8,2,8800,88001,1,32,18,0,0,3.0,2.0,,0,3,55,1.0,2,42,1,,1,2,1,2,57,57,57,1,0,0,1.0,1.0,,37.0,,37.0,,,,,,2.0,3.0,0.0,1,2.0,,1.0,2200.0,814.0,2.0,2.0,,,,11461.1541,2856.8366,0,0,1.0,1.0,0,42,22748,2,,,3.0,,,,2932.9375,9470.0,5100.0,-1,,,,,,,125379.0,2012,627,612,0,0,0,0,0,14.0,1.0,,,17.0,51.0,2012,MIS4_to_MIS8,indiana,0,2011-2012,1,0,0,0,retention
881215006909399,4,1.0,1,4,2,8800,88001,1,1,32,18,0,0,3.0,2.0,,0,1,50,2.0,2,44,1,,1,1,1,1,2,57,57,57,1,0,0,1.0,1.0,,45.0,,49.0,,,,,,2.0,3.0,0.0,1,2.0,2.0,2.0,,1192.3,2.0,1.0,,,,10568.0426,2629.2251,4,1,0.0,,0,0,45838,1,,,,,,2.0,2700.191,7860.0,2300.0,2340,,,,,,,126204.0,2011,615,612,0,0,0,1,0,18.0,8.0,40.0,2011,1.0,1,8,2,8800,88001,1,32,18,0,0,3.0,2.0,,0,1,51,2.0,2,44,1,,1,1,1,2,57,57,57,1,0,0,1.0,1.0,,45.0,,45.0,,,,,,2.0,5.0,0.0,1,2.0,2.0,2.0,,1211.53,2.0,2.0,,,,11844.7524,2946.0282,0,0,0.0,,0,0,51932,1,,,,,,2.0,2998.7854,7860.0,2310.0,-1,,,,,,,125406.0,2012,627,612,0,0,0,0,0,18.0,1.0,,,8.0,40.0,2012,MIS4_to_MIS8,indiana,0,2011-2012,0,1,0,1,retention
881215006909399,4,1.0,1,4,2,8800,88001,1,1,32,18,0,0,3.0,2.0,,0,3,60,1.0,1,44,1,,2,1,2,1,2,57,57,57,1,0,0,2.0,1.0,,47.0,,62.0,,,,,,2.0,3.0,0.0,1,2.0,2.0,2.0,,1769.23,2.0,2.0,,,,10269.2023,2583.83,4,1,0.0,,0,0,45838,2,,,,,,3.0,2580.5251,7860.0,10.0,205,,,,,,,126205.0,2011,615,612,0,0,0,1,0,18.0,1.0,40.0,2011,1.0,1,8,2,8800,88001,1,32,18,0,0,3.0,2.0,,0,3,61,1.0,1,44,1,,1,2,1,2,57,57,57,1,0,0,2.0,1.0,,48.0,,48.0,,,,,,2.0,5.0,0.0,1,2.0,2.0,2.0,,1730.76,2.0,2.0,,,,9820.6078,2480.8962,0,0,0.0,,0,0,51932,2,,,,,,3.0,2492.3692,7860.0,10.0,-1,,,,,,,125407.0,2012,627,612,0,0,0,0,0,18.0,1.0,,,1.0,40.0,2012,MIS4_to_MIS8,indiana,0,2011-2012,0,1,0,1,retention
889820247130961,4,1.0,4,4,2,8800,88001,1,1,32,18,0,0,3.0,2.0,,0,4,33,,2,39,1,,2,2,1,5,2,57,57,57,1,0,0,2.0,1.0,,40.0,,40.0,,,,,,2.0,3.0,0.0,1,2.0,,1.0,900.0,360.0,2.0,2.0,,,,20103.4476,5105.5608,10,2,0.0,0.0,0,0,5326,2,1.0,,,,,,5143.7608,8290.0,3600.0,-1,,,,,1.0,,126208.0,2011,615,612,0,0,1,1,0,12.0,11.0,42.0,2011,2.0,4,8,2,8800,88001,1,32,18,0,0,3.0,2.0,,0,4,34,,2,39,1,,2,1,5,2,57,57,57,1,0,0,1.0,4.0,,,,,,,,26.0,2.0,11.0,4.0,0.0,2,,,,,,,,,,,17465.8233,4157.1268,10,2,,,0,0,58891,2,1.0,,,,,,4138.5049,8290.0,3600.0,-1,,,,,1.0,,125410.0,2012,627,612,0,0,1,1,0,12.0,1.0,,,11.0,42.0,2012,MIS4_to_MIS8,indiana,0,2011-2012,0,1,0,1,retention
263633056001901,4,3.0,1,4,2,8800,88001,1,1,21,36,10580,0,1.0,1.0,,4,8,25,,1,43,1,,3,1,4,7,2,57,57,57,1,0,0,1.0,1.0,,40.0,,53.0,,,,,,2.0,2.0,0.0,1,2.0,2.0,2.0,,550.0,2.0,2.0,,,,12847.6449,3312.1675,0,0,1.0,,0,42,60002,3,,,,2.0,,,3240.727,9370.0,2825.0,10,,,,,,,137243.0,2011,615,612,0,0,0,0,0,16.0,9.0,51.0,2011,1.0,1,8,2,8800,88001,1,21,36,10580,0,1.0,1.0,,4,8,26,,1,43,1,,1,4,7,2,57,57,57,1,0,0,2.0,1.0,,40.0,,40.0,,,,,,2.0,6.0,0.0,2,,,,,,,,,,,13973.331,3392.5524,0,0,,,23,0,2020,3,,,,2.0,,,3370.2601,770.0,430.0,-1,,,,,,,136331.0,2012,627,612,0,0,0,0,0,16.0,1.0,,,1.0,4.0,2012,MIS4_to_MIS8,new_york,0,2011-2012,0,1,0,1,retention
392926507040669,4,1.0,1,4,2,8800,88001,1,1,21,36,10580,0,1.0,1.0,,4,1,55,2.0,1,43,1,,1,1,1,1,2,57,57,57,1,0,0,1.0,1.0,,37.0,,36.0,,,,,,2.0,3.0,0.0,1,2.0,2.0,2.0,,1675.0,1.0,,,,,11391.4289,2846.903,0,0,0.0,,0,0,6124,1,,,,2.0,,,2792.7267,7860.0,2330.0,-1,,,,,,,137295.0,2011,615,612,0,0,0,0,0,16.0,8.0,40.0,2011,1.0,1,8,2,8800,88001,1,21,36,10580,0,1.0,1.0,,4,1,56,2.0,1,43,1,,1,1,1,2,57,57,57,1,0,0,1.0,2.0,4.0,38.0,,,,,,,,5.0,3.0,0.0,1,2.0,2.0,2.0,,1250.0,1.0,,,,,11719.2285,3003.0553,0,0,0.0,,0,0,30120,1,,,,2.0,,,2991.8246,7860.0,2540.0,-1,,,,,,,136385.0,2012,627,612,0,0,0,0,0,16.0,1.0,,,8.0,40.0,2012,MIS4_to_MIS8,new_york,0,2011-2012,1,0,0,0,retention
392926507040669,4,1.0,1,4,2,8800,88001,1,1,21,36,10580,0,1.0,1.0,,4,3,55,1.0,2,39,1,,2,1,2,1,2,57,57,57,1,0,0,2.0,1.0,,37.0,,37.0,,,,,,2.0,2.0,0.0,1,2.0,2.0,2.0,,1250.0,1.0,,,,,11187.1337,2804.8005,0,0,0.0,,0,0,6124,2,1.0,,,,,,2730.5479,9480.0,3910.0,-1,,,,,,,137296.0,2011,615,612,0,0,0,0,0,12.0,12.0,51.0,2011,1.0,1,8,2,8800,88001,1,21,36,10580,0,1.0,1.0,,4,3,56,1.0,2,39,1,,1,2,1,2,57,57,57,1,0,0,2.0,1.0,,38.0,4.0,21.0,,,4.0,,,4.0,2.0,0.0,1,2.0,2.0,2.0,,1250.0,1.0,,,,,11026.3374,2838.4788,0,0,0.0,,0,0,30120,2,1.0,,,,,,2821.6668,9480.0,5700.0,-1,,,,,,,136386.0,2012,627,612,0,0,0,0,0,12.0,1.0,,,17.0,51.0,2012,MIS4_to_MIS8,new_york,0,2011-2012,1,0,0,0,retention
406903523792866,4,1.0,1,4,2,8800,88001,1,1,21,36,35620,5,1.0,1.0,,7,1,51,2.0,2,43,2,,1,1,1,1,2,57,57,57,1,0,0,1.0,1.0,,40.0,,40.0,,,,,,2.0,3.0,0.0,1,2.0,1.0,1.0,2542.0,1115.38,1.0,,,,,17445.595,4225.0723,0,0,0.0,0.0,0,0,41835,1,,,,1.0,1.0,,4197.4849,7860.0,5000.0,-1,,,,,,,137353.0,2011,615,612,0,0,0,0,0,18.0,17.0,40.0,2011,1.0,1,8,2,8800,88001,1,21,36,35620,5,1.0,1.0,,7,1,53,2.0,2,43,2,,1,1,1,2,57,57,57,1,0,0,1.0,1.0,,38.0,,38.0,,,,,,2.0,3.0,0.0,1,2.0,2.0,2.0,,1053.84,1.0,,,,,17383.0583,4330.053,0,0,0.0,,0,0,61722,1,,,,1.0,1.0,,4375.6822,7860.0,5700.0,-1,,,,,,,136451.0,2012,627,612,0,0,0,0,0,18.0,2.0,,,17.0,40.0,2012,MIS4_to_MIS8,new_york,0,2011-2012,1,0,0,0,retention
406909513798726,4,1.0,6,4,2,8800,88001,1,1,21,36,35620,81,1.0,1.0,,7,2,50,,1,44,1,,1,0,0,7,2,57,57,57,1,0,0,1.0,1.0,,33.0,,33.0,,,22.0,,,7.0,3.0,0.0,1,2.0,2.0,2.0,,1538.46,1.0,,,,,14924.4873,3720.6409,0,0,0.0,,0,0,2068,1,,,,,,3.0,3790.4384,7860.0,2320.0,-1,,,,,,,137359.0,2011,615,612,0,0,0,0,0,18.0,8.0,40.0,2011,1.0,6,8,2,8800,88001,1,21,36,35620,81,1.0,1.0,,7,2,51,,1,44,1,,0,0,7,2,57,57,57,1,0,0,1.0,1.0,,35.0,13.0,1.0,,,13.0,,,4.0,3.0,0.0,1,2.0,2.0,2.0,,1538.0,1.0,,,,,14043.3476,3489.3166,0,0,1.0,,0,0,15341,1,,,,,,3.0,3519.2303,7860.0,2320.0,-1,,,,,,,136458.0,2012,627,612,0,0,0,0,0,18.0,1.0,,,8.0,40.0,2012,MIS4_to_MIS8,new_york,0,2011-2012,1,0,0,0,retention
560392729600946,4,2.0,1,4,2,8800,88001,1,1,21,36,10580,0,1.0,1.0,,4,3,61,1.0,2,40,1,,2,1,2,1,2,57,57,57,1,0,0,1.0,1.0,,35.0,4.0,28.0,,,4.0,,,4.0,3.0,0.0,1,2.0,,1.0,1545.0,540.75,1.0,,,,,10551.816,2786.4359,0,0,1.0,1.0,0,42,6123,2,,,3.0,,,,2707.296,9480.0,2016.0,-1,,,,,,,137410.0,2011,615,612,0,0,0,0,0,14.0,6.0,51.0,2011,2.0,1,8,2,8800,88001,1,21,36,10580,0,1.0,1.0,,4,3,63,1.0,2,40,1,,1,2,1,2,57,57,57,1,0,0,1.0,1.0,,37.0,4.0,34.0,,,4.0,,,4.0,3.0,0.0,1,2.0,1.0,1.0,1400.0,903.84,1.0,,,,,11265.0491,2691.7651,0,0,0.0,1.0,0,0,5886,2,,,4.0,,,,2641.5638,9480.0,5940.0,-1,,,,,,,136512.0,2012,627,612,0,0,0,0,0,15.0,1.0,,,17.0,51.0,2012,MIS4_to_MIS8,new_york,0,2011-2012,1,0,0,0,retention
609400186890963,4,4.0,1,4,2,8800,88001,1,1,21,36,35620,81,1.0,1.0,,7,1,40,2.0,2,40,2,,1,1,1,1,2,57,57,57,1,0,0,2.0,1.0,,40.0,,40.0,,,,,,2.0,3.0,0.0,1,2.0,2.0,2.0,,865.0,1.0,,,,,10902.5083,2815.5474,4,1,1.0,,0,42,63057,1,,,2.0,,,,2882.8124,8190.0,5860.0,-1,,,,,,,137436.0,2011,615,612,0,0,0,1,0,13.0,17.0,41.0,2011,2.0,1,8,2,8800,88001,1,21,36,35620,81,1.0,1.0,,7,1,41,2.0,2,40,2,,1,1,1,2,57,57,57,1,0,0,2.0,1.0,,40.0,,40.0,,,,,,2.0,3.0,0.0,1,2.0,,1.0,1275.0,510.0,2.0,2.0,,,,11557.6149,2910.9157,4,1,1.0,1.0,0,42,15336,1,,,3.0,,,,2938.6489,8190.0,5860.0,-1,,,,,,,136541.0,2012,627,612,0,0,0,1,0,14.0,2.0,,,17.0,41.0,2012,MIS4_to_MIS8,new_york,0,2011-2012,1,0,0,0,retention
609400186890963,4,4.0,1,4,2,8800,88001,1,1,21,36,35620,81,1.0,1.0,,7,3,49,1.0,1,38,2,,2,1,2,1,2,57,57,57,1,0,0,2.0,1.0,,40.0,,40.0,,,,,,2.0,3.0,0.0,1,2.0,2.0,2.0,,600.0,1.0,,,,,16659.2554,3929.2046,4,1,1.0,,0,42,63057,2,,,,,,,3989.5834,8190.0,4220.0,-1,,,,,,,137437.0,2011,615,612,0,0,0,1,0,12.0,14.0,41.0,2011,2.0,1,8,2,8800,88001,1,21,36,35620,81,1.0,1.0,,7,3,50,1.0,1,40,2,,1,2,1,2,57,57,57,1,0,0,1.0,1.0,,40.0,,40.0,,,,,,2.0,3.0,0.0,1,2.0,,1.0,1700.0,680.0,2.0,2.0,,,,15466.3015,3746.9192,4,1,1.0,1.0,0,42,15336,2,,,3.0,,,,3821.0637,8190.0,4220.0,-1,,,,,,,136542.0,2012,627,612,0,0,0,1,0,14.0,2.0,,,14.0,41.0,2012,MIS4_to_MIS8,new_york,0,2011-2012,1,0,0,0,retention
610420598510063,4,1.0,7,4,2,8800,88001,1,1,21,36,35620,47,1.0,1.0,,7,2,26,,2,42,2,,1,0,0,7,2,57,57,57,1,0,0,1.0,1.0,,40.0,,40.0,,,,,,2.0,2.0,0.0,1,2.0,2.0,2.0,,576.92,1.0,,,,,14061.6081,3343.4913,0,0,0.0,,0,0,15927,1,,,1.0,,,,3386.9323,9470.0,3730.0,-1,,,,,,,137443.0,2011,615,612,0,0,0,0,0,12.0,12.0,51.0,2011,1.0,7,8,2,8800,88001,1,21,36,35620,47,1.0,1.0,,7,2,28,,2,42,2,,0,0,7,2,57,57,57,1,0,0,1.0,1.0,,40.0,,40.0,,,,,,2.0,3.0,0.0,1,2.0,1.0,1.0,1500.0,450.0,1.0,,,,,11129.2523,2949.6504,0,0,1.0,1.0,0,0,1795,1,,,3.0,,,,2939.2499,9470.0,5810.0,-1,,,,,,,136550.0,2012,627,612,0,0,0,0,0,14.0,2.0,,,17.0,51.0,2012,MIS4_to_MIS8,new_york,0,2011-2012,1,0,0,0,retention
659760647270963,4,1.0,6,4,2,8800,88001,1,1,21,36,35620,47,1.0,1.0,,7,2,66,,1,46,1,,1,0,0,5,2,57,57,57,1,0,0,1.0,1.0,,12.0,,12.0,,,22.0,,,7.0,3.0,0.0,1,2.0,2.0,2.0,,384.61,1.0,,,,,14606.5839,3765.3424,0,0,0.0,,0,0,41931,1,,,,,,,3642.8421,7870.0,2200.0,-1,,,,,,,137517.0,2011,615,612,0,0,0,0,0,18.0,8.0,40.0,2011,1.0,6,8,2,8800,88001,1,21,36,35620,47,1.0,1.0,,7,2,67,,1,46,1,,0,0,5,2,57,57,57,1,0,0,1.0,2.0,4.0,12.0,,,,,,,,10.0,3.0,0.0,1,2.0,2.0,2.0,,384.61,1.0,,,,,12273.5827,3310.5454,0,0,0.0,,0,0,1798,1,,,,,,,3231.9016,7870.0,2200.0,-1,,,,,,,136622.0,2012,627,612,0,0,0,0,0,18.0,1.0,,,8.0,40.0,2012,MIS4_to_MIS8,new_york,0,2011-2012,1,0,0,0,retention
763252036807291,4,1.0,7,4,2,8800,88001,1,1,21,36,35620,47,1.0,1.0,,7,2,63,,2,43,2,,1,0,0,7,2,57,57,57,1,0,0,1.0,1.0,,40.0,5.0,20.0,,,5.0,,,4.0,3.0,0.0,1,2.0,1.0,1.0,2060.0,1153.0,2.0,1.0,,,,18219.6334,4064.2455,0,0,1.0,1.0,0,0,30766,1,,,,2.0,,,4037.7082,7860.0,2540.0,-1,,,,,,,137571.0,2011,615,612,0,0,0,0,0,16.0,8.0,40.0,2011,1.0,7,8,2,8800,88001,1,21,36,35620,47,1.0,1.0,,7,2,64,,2,43,2,,0,0,7,2,57,57,57,1,0,0,1.0,1.0,,38.0,,38.0,,,,,,2.0,4.0,0.0,1,2.0,2.0,2.0,,1903.0,1.0,,,,,11686.1778,3401.2002,0,0,1.0,,43,42,56032,1,,,,2.0,,,3437.0414,6870.0,800.0,-1,,,,,,,136671.0,2012,627,612,0,0,0,0,0,16.0,2.0,,,2.0,32.0,2012,MIS4_to_MIS8,new_york,0,2011-2012,0,1,0,1,retention
900056133369000,4,1.0,1,4,2,8800,88001,1,1,21,36,35620,81,1.0,1.0,,7,1,51,4.0,2,40,1,4.0,1,1,1,1,2,364,364,364,4,0,7,1.0,1.0,,35.0,,35.0,,,,,,2.0,3.0,0.0,1,2.0,2.0,2.0,,344.0,1.0,,,,,14000.6257,3393.9175,0,0,0.0,,0,0,6116,1,,,3.0,,,,3577.2342,8190.0,5260.0,-1,,,,,,1.0,137644.0,2011,615,612,0,0,0,0,0,14.0,17.0,41.0,2011,1.0,1,8,2,8800,88001,1,21,36,35620,81,1.0,1.0,,7,1,52,4.0,2,40,1,4.0,1,1,1,2,364,364,364,4,0,7,1.0,1.0,,40.0,,40.0,,,,,,2.0,3.0,0.0,1,2.0,2.0,2.0,,650.0,1.0,,,,,14760.6917,3633.5318,0,0,0.0,,0,0,15338,1,,,3.0,,,,3737.0259,8190.0,5420.0,-1,,,,,,1.0,136729.0,2012,627,612,0,0,0,0,0,14.0,1.0,,,17.0,41.0,2012,MIS4_to_MIS8,new_york,0,2011-2012,1,0,0,0,retention
950162004536180,4,1.0,4,4,2,8800,88001,1,1,21,36,35620,47,1.0,1.0,,7,1,40,,2,39,2,,1,1,1,6,2,57,57,57,1,0,0,1.0,1.0,,40.0,,40.0,,,,,,2.0,3.0,0.0,1,2.0,,1.0,2400.0,960.0,1.0,,,,,10902.5083,2815.5474,3,1,1.0,1.0,0,0,66152,1,1.0,,,,,,2882.8124,9370.0,4600.0,-1,,,,,,,137700.0,2011,615,612,0,0,1,0,0,12.0,15.0,51.0,2011,1.0,4,8,2,8800,88001,1,21,36,35620,47,1.0,1.0,,7,1,40,,2,39,2,,1,1,7,2,57,57,57,1,0,0,1.0,1.0,,40.0,,40.0,,,,,,2.0,3.0,0.0,1,2.0,1.0,1.0,1275.0,1346.0,1.0,,,,,11557.6149,2910.9157,3,1,1.0,1.0,0,0,64354,1,1.0,,,,,,2938.6489,7860.0,5810.0,-1,,,,,,,136782.0,2012,627,612,0,0,1,0,0,12.0,2.0,,,17.0,40.0,2012,MIS4_to_MIS8,new_york,0,2011-2012,1,0,0,0,retention
964086091369080,4,1.0,7,4,2,8800,88001,1,1,21,36,35620,81,1.0,1.0,,7,2,48,,2,46,2,,1,0,0,6,2,57,57,57,1,0,0,1.0,1.0,,40.0,,40.0,,,,,,2.0,3.0,0.0,1,2.0,2.0,2.0,,1500.0,1.0,,,,,14960.4418,3623.2039,0,0,1.0,,0,0,59983,1,,,,,,,3599.5464,7860.0,2540.0,-1,,,,,,,137721.0,2011,615,612,0,0,0,0,0,18.0,8.0,40.0,2011,1.0,7,8,2,8800,88001,1,21,36,35620,81,1.0,1.0,,7,2,48,,2,41,2,,0,0,6,2,57,57,57,1,0,0,1.0,1.0,,40.0,,40.0,,,,,,2.0,3.0,0.0,1,2.0,2.0,2.0,,480.0,2.0,2.0,,,,14061.1946,3502.5895,0,0,1.0,,0,0,1974,1,,,3.0,,,,3539.4991,7860.0,2540.0,-1,,,,,,,136800.0,2012,627,612,0,0,0,0,0,14.0,2.0,,,8.0,40.0,2012,MIS4_to_MIS8,new_york,0,2011-2012,1,0,0,0,retention
974036680369560,4,2.0,1,4,2,8800,88001,1,1,21,36,35620,47,1.0,1.0,,7,1,35,2.0,2,44,1,,1,1,1,1,2,57,57,57,1,0,0,2.0,1.0,,35.0,,35.0,,,,,,2.0,3.0,0.0,1,2.0,2.0,2.0,,865.38,1.0,,,,,12353.328,3047.5955,2,1,0.0,,0,0,56645,1,,,,,,2.0,3081.2021,7860.0,2310.0,-1,,,,,,,137730.0,2011,615,612,0,1,0,0,1,18.0,8.0,40.0,2011,2.0,1,8,2,8800,88001,1,21,36,35620,47,1.0,1.0,,7,1,37,2.0,2,44,1,,1,1,1,2,57,57,57,1,0,0,2.0,1.0,,36.0,6.0,24.0,,,6.0,,,4.0,3.0,0.0,1,2.0,2.0,2.0,,1019.0,1.0,,,,,13569.9942,3386.7195,3,1,1.0,,0,0,29934,1,,,,,,2.0,3407.2776,7860.0,2310.0,-1,,,,,,,136815.0,2012,627,612,0,0,1,0,0,18.0,1.0,,,8.0,40.0,2012,MIS4_to_MIS8,new_york,0,2011-2012,1,0,0,0,retention
160064095436599,4,1.0,1,4,2,8800,88001,1,1,21,36,35620,103,2.0,1.0,,7,1,51,2.0,2,41,1,,1,1,1,1,2,57,57,57,1,0,0,1.0,1.0,,40.0,,40.0,,,,,,2.0,2.0,0.0,1,2.0,2.0,2.0,,673.07,1.0,,,,,10918.6985,2823.1995,4,1,0.0,,0,0,42144,1,,,3.0,,,,2789.7854,7860.0,5700.0,-1,,,,,,,137853.0,2011,615,612,0,0,0,1,0,14.0,17.0,40.0,2011,1.0,1,8,2,8800,88001,1,21,36,35620,103,2.0,1.0,,7,1,52,2.0,2,42,1,,1,1,1,2,57,57,57,1,0,0,1.0,1.0,,40.0,,40.0,,,,,,2.0,3.0,0.0,1,2.0,2.0,2.0,,750.0,1.0,,,,,11892.4861,3054.7867,0,0,0.0,,0,0,61831,1,,,3.0,,,,3010.8703,7860.0,230.0,-1,,,,,,,136942.0,2012,627,612,0,0,0,0,0,14.0,1.0,,,1.0,40.0,2012,MIS4_to_MIS8,new_york,0,2011-2012,1,0,0,0,retention
196090160000301,4,1.0,1,4,2,8800,88001,1,1,21,36,35620,59,2.0,1.0,,7,3,62,1.0,2,40,4,,2,1,2,1,2,210,210,210,4,0,6,2.0,1.0,,40.0,,40.0,,,,,,2.0,2.0,0.0,1,2.0,2.0,2.0,,961.0,1.0,,,,,9852.1289,2611.3231,0,0,1.0,,0,42,41971,2,,,1.0,,,,2527.7762,6990.0,540.0,-1,,,,,,,137874.0,2011,615,612,0,0,0,0,0,12.0,2.0,33.0,2011,1.0,1,8,2,8800,88001,1,21,36,35620,59,2.0,1.0,,7,3,64,1.0,2,40,4,,1,2,1,2,210,210,210,4,0,6,2.0,1.0,,40.0,,40.0,,,,,,2.0,2.0,0.0,1,2.0,2.0,2.0,,1346.0,1.0,,,,,13045.154,3125.7702,0,0,1.0,,0,0,49114,2,,,3.0,,,,3058.9841,6990.0,540.0,-1,,,,,,,136963.0,2012,627,612,0,0,0,0,0,14.0,4.0,,,2.0,33.0,2012,MIS4_to_MIS8,new_york,0,2011-2012,1,0,0,0,retention
506908813997426,4,1.0,1,4,2,8800,88001,1,1,21,36,15380,0,2.0,1.0,,5,1,51,2.0,1,44,1,,1,1,1,1,2,57,57,57,1,0,0,1.0,1.0,,20.0,,20.0,,,19.0,,,7.0,3.0,0.0,1,2.0,2.0,2.0,,1096.15,1.0,,,,,10734.4963,2779.8684,4,1,0.0,,0,0,49985,1,,,,,,3.0,2726.2878,8190.0,3256.0,-1,,,,,,,138083.0,2011,615,612,0,0,0,1,0,18.0,10.0,41.0,2011,1.0,3,8,2,8800,88001,1,21,36,15380,0,2.0,1.0,,5,1,52,,1,44,1,,1,1,6,2,57,57,57,1,0,0,1.0,7.0,,,,,,9.0,,,,1.0,5.0,0.0,2,,,,,,,,,,,13991.8454,3429.0671,0,0,,,0,0,30025,1,,,,,,3.0,3472.6966,8190.0,3256.0,-1,,,,,,,137116.0,2012,627,612,0,0,0,0,0,18.0,1.0,,,10.0,41.0,2012,MIS4_to_MIS8,new_york,0,2011-2012,0,1,0,1,retention
606908753991706,4,1.0,1,4,2,8800,88001,1,1,21,36,35620,0,2.0,1.0,,7,1,76,2.0,2,34,1,,1,1,1,1,2,120,120,120,4,0,2,1.0,1.0,,2.0,,2.0,,,21.0,,,7.0,3.0,0.0,1,2.0,1.0,1.0,4000.0,73.84,2.0,2.0,,,,10557.7146,2688.8825,0,0,0.0,0.0,0,0,50007,1,,,,,,,2590.3862,8590.0,2340.0,-1,,,,,,,138106.0,2011,615,612,0,0,0,0,0,7.5,8.0,44.0,2011,1.0,1,8,2,8800,88001,1,21,36,35620,0,2.0,1.0,,7,1,77,2.0,2,34,1,,1,1,1,2,120,120,120,4,0,2,1.0,5.0,,,,,,,,,,1.0,,,2,,,,,,,,,,,12318.8269,3101.9538,0,0,,,0,0,61795,1,,,,,,,3134.891,,,-1,,,,,,,137140.0,2012,627,612,0,0,0,0,0,7.5,1.0,,,,,2012,MIS4_to_MIS8,new_york,0,2011-2012,0,1,0,0,retention
689220143070963,4,1.0,1,4,2,8800,88001,1,1,21,36,10580,0,2.0,1.0,,4,1,69,2.0,2,44,1,,1,1,1,1,2,57,57,163,1,0,0,1.0,1.0,,-4.0,,30.0,,,21.0,,,7.0,3.0,0.0,1,2.0,2.0,2.0,,451.92,2.0,2.0,,,,10072.2888,2565.2522,0,0,0.0,,0,0,30978,1,,,,,,2.0,2471.2846,9370.0,10.0,-1,,,,,,,138199.0,2011,615,612,0,0,0,0,0,18.0,1.0,51.0,2011,1.0,1,8,2,8800,88001,1,21,36,10580,0,2.0,1.0,,4,1,70,2.0,2,44,1,,1,1,1,2,57,57,163,1,0,0,1.0,5.0,,,,,,,,,,1.0,3.0,0.0,2,,,,,,,,,,,11992.6908,3019.8308,0,0,,,0,0,30119,1,,,,,,2.0,3051.896,9370.0,430.0,-1,,,,,,,137214.0,2012,627,612,0,0,0,0,0,18.0,1.0,,,1.0,51.0,2012,MIS4_to_MIS8,new_york,0,2011-2012,1,0,0,0,retention
764391589600957,4,1.0,4,4,2,8800,88001,1,1,21,36,35620,0,2.0,1.0,,7,1,47,,2,44,2,,1,1,1,7,2,333,333,333,4,0,15,1.0,1.0,,40.0,,43.0,,,,,,2.0,3.0,0.0,1,2.0,2.0,2.0,,1384.61,1.0,,,,,11824.7912,2974.8568,0,0,0.0,,0,0,30990,1,,,,,,3.0,2845.0954,7860.0,2310.0,-1,,,,,,,138230.0,2011,615,612,0,0,0,0,0,18.0,8.0,40.0,2011,1.0,4,8,2,8800,88001,1,21,36,35620,0,2.0,1.0,,7,1,48,,2,44,2,,1,1,7,2,333,333,333,4,0,15,1.0,2.0,4.0,40.0,,,,,,,,5.0,3.0,0.0,1,2.0,2.0,2.0,,1346.15,1.0,,,,,10234.7835,2602.0404,0,0,0.0,,0,0,30138,1,,,,,,3.0,2576.3107,7860.0,2310.0,-1,,,,,,,137238.0,2012,627,612,0,0,0,0,0,18.0,2.0,,,8.0,40.0,2012,MIS4_to_MIS8,new_york,0,2011-2012,1,0,0,0,retention
846729260309301,4,1.0,1,4,2,8800,88001,1,1,21,36,10580,0,2.0,1.0,,4,1,58,2.0,1,43,1,,1,1,1,1,2,57,57,57,1,0,0,1.0,2.0,4.0,10.0,,,,,,,,10.0,3.0,0.0,1,2.0,1.0,1.0,2500.0,184.61,2.0,2.0,,,,10786.269,2695.6637,0,0,0.0,0.0,0,0,6122,1,,,,1.0,2.0,,2644.3655,9390.0,430.0,10,,,,,,,138260.0,2011,615,612,0,0,0,0,0,17.0,1.0,51.0,2011,2.0,1,8,2,8800,88001,1,21,36,10580,0,2.0,1.0,,4,1,59,2.0,1,43,1,,1,1,1,2,57,57,57,1,0,0,2.0,1.0,,20.0,,15.0,,,21.0,,,7.0,3.0,0.0,1,2.0,1.0,1.0,1475.0,100.0,2.0,2.0,,,,12042.328,3085.8496,0,0,1.0,1.0,0,0,33103,1,,,,1.0,1.0,,3074.3093,9370.0,2340.0,-1,,,,,,,137277.0,2012,627,612,0,0,0,0,0,18.0,1.0,,,8.0,51.0,2012,MIS4_to_MIS8,new_york,0,2011-2012,1,0,0,0,retention
929036859369160,4,2.0,1,4,2,8800,88001,1,1,21,36,35620,103,2.0,1.0,,7,1,34,2.0,1,43,1,,1,1,1,1,2,57,57,57,1,0,0,2.0,1.0,,40.0,,40.0,,,,,,2.0,3.0,0.0,1,2.0,2.0,2.0,,1557.69,1.0,,,,,13022.4714,3333.1784,2,2,0.0,,0,0,50069,1,,,,2.0,,,3284.8257,7860.0,1050.0,-1,,,,,,,138320.0,2011,615,612,0,1,0,0,1,16.0,3.0,40.0,2011,2.0,1,8,2,8800,88001,1,21,36,35620,103,2.0,1.0,,7,1,35,2.0,1,43,1,,1,1,1,2,57,57,57,1,0,0,2.0,1.0,,40.0,,40.0,,,,,,2.0,2.0,0.0,1,2.0,2.0,2.0,,1538.46,2.0,1.0,,,,12761.4182,3180.8713,8,2,0.0,,0,0,30170,1,,,,2.0,,,3177.0957,9480.0,7010.0,-1,,,,,,,137343.0,2012,627,612,0,1,1,0,1,16.0,1.0,,,20.0,51.0,2012,MIS4_to_MIS8,new_york,0,2011-2012,1,0,0,0,retention
929036859369160,4,2.0,1,4,2,8800,88001,1,1,21,36,35620,103,2.0,1.0,,7,3,32,1.0,2,43,1,,2,1,2,1,2,57,57,57,1,0,0,1.0,1.0,,16.0,,16.0,,,18.0,,,7.0,3.0,0.0,1,2.0,,1.0,2000.0,320.0,2.0,2.0,,,,13611.4539,3592.6499,2,2,0.0,0.0,0,0,50069,2,,,,2.0,,,3482.6893,7860.0,5700.0,-1,,,,,,,138321.0,2011,615,612,0,1,0,0,1,16.0,17.0,40.0,2011,2.0,1,8,2,8800,88001,1,21,36,35620,103,2.0,1.0,,7,3,33,1.0,2,43,1,,1,2,1,2,57,57,57,1,0,0,1.0,1.0,,20.0,,20.0,,,18.0,,,7.0,4.0,0.0,1,2.0,2.0,2.0,,300.0,2.0,2.0,,,,13997.3642,3530.0199,8,2,0.0,,0,0,30170,2,,,,2.0,,,3522.0326,8590.0,5860.0,-1,,,,,,,137344.0,2012,627,612,0,1,1,0,1,16.0,1.0,,,17.0,44.0,2012,MIS4_to_MIS8,new_york,0,2011-2012,0,1,0,1,retention
106902273996076,4,2.0,1,4,2,8800,88001,1,1,21,36,0,0,3.0,2.0,,0,4,34,,1,43,1,2.0,3,1,3,7,2,57,57,73,1,0,0,2.0,3.0,,,,,2.0,,,2.0,1.0,12.0,3.0,0.0,2,,,,,,,,,,,13146.3171,3017.3153,0,0,,,0,0,20474,3,,,,2.0,,,3137.337,7860.0,2320.0,-1,,,,,2.0,1.0,138398.0,2011,615,612,0,0,0,0,0,16.0,8.0,40.0,2011,2.0,1,8,2,8800,88001,1,21,36,0,0,3.0,2.0,,0,4,35,,1,43,1,2.0,1,3,7,2,57,57,73,1,0,0,2.0,7.0,,,,,,8.0,,,,1.0,,,2,,,,,,,,,,,15311.1772,3845.723,0,0,,,0,0,19317,3,,,,2.0,,,3800.1473,,,-1,,,,,2.0,1.0,137423.0,2012,627,612,0,0,0,0,0,16.0,1.0,,,,,2012,MIS4_to_MIS8,new_york,0,2011-2012,0,1,0,0,retention
163399269600917,4,1.0,1,4,2,8800,88001,1,1,21,36,0,0,3.0,2.0,,0,3,41,1.0,1,40,1,,2,1,2,1,2,57,57,57,1,0,0,2.0,1.0,,38.0,,38.0,,,,,,2.0,3.0,0.0,1,2.0,,1.0,1500.0,570.0,2.0,2.0,,,,11595.6574,2874.8409,10,3,0.0,0.0,0,0,6129,2,,,3.0,,,,2845.5531,9480.0,1050.0,-1,,,,,,,138401.0,2011,615,612,0,0,1,1,0,14.0,3.0,51.0,2011,2.0,1,8,2,8800,88001,1,21,36,0,0,3.0,2.0,,0,3,42,1.0,1,40,1,,1,2,1,2,57,57,57,1,0,0,1.0,1.0,,38.0,,43.0,,,,,,2.0,5.0,0.0,1,1.0,,1.0,1613.0,709.78,2.0,2.0,,,,12823.124,3231.1634,10,3,0.0,0.0,0,0,5895,2,,,4.0,,,,3192.4581,9170.0,1050.0,-1,,,,,,,137425.0,2012,627,612,0,0,1,1,0,15.0,1.0,,,3.0,49.0,2012,MIS4_to_MIS8,new_york,0,2011-2012,0,1,0,1,retention
206907983997446,4,1.0,1,4,2,8800,88001,1,1,21,36,0,0,3.0,2.0,,0,3,51,1.0,2,44,1,,2,1,2,1,2,57,57,57,1,0,0,2.0,1.0,,40.0,,40.0,,,,,,2.0,3.0,0.0,1,1.0,2.0,2.0,,980.76,1.0,,,,,10275.0893,2656.7843,10,2,0.0,,0,0,16136,2,,,,,,2.0,2625.3399,7860.0,2310.0,-1,,,,,,,138411.0,2011,615,612,0,0,1,1,0,18.0,8.0,40.0,2011,2.0,1,8,2,8800,88001,1,21,36,0,0,3.0,2.0,,0,3,52,1.0,2,44,1,,1,2,1,2,57,57,57,1,0,0,1.0,1.0,,40.0,,40.0,,,,,,2.0,3.0,0.0,1,2.0,2.0,2.0,,1980.0,1.0,,,,,11389.5108,2925.589,4,1,1.0,,0,42,56095,2,,,,,,2.0,2883.53,7860.0,2310.0,-1,,,,,,,137433.0,2012,627,612,0,0,0,1,0,18.0,1.0,,,8.0,40.0,2012,MIS4_to_MIS8,new_york,0,2011-2012,1,0,0,0,retention
306903793991816,4,1.0,1,4,2,8800,88001,1,1,21,36,0,0,3.0,2.0,,0,1,49,2.0,2,44,1,,1,1,1,1,2,57,57,57,1,0,0,1.0,1.0,,40.0,,41.0,,,,,,2.0,3.0,0.0,1,2.0,2.0,2.0,,610.5,1.0,,,,,10661.3013,2780.9152,10,2,0.0,,0,0,20477,1,,,,,,3.0,2724.0191,7860.0,3255.0,-1,,,,,,,138428.0,2011,615,612,0,0,1,1,0,18.0,10.0,40.0,2011,1.0,1,8,2,8800,88001,1,21,36,0,0,3.0,2.0,,0,1,50,2.0,2,44,1,,1,1,1,2,57,57,57,1,0,0,1.0,2.0,4.0,40.0,,,,,,,,5.0,3.0,0.0,1,2.0,2.0,2.0,,619.04,1.0,,,,,11389.5108,2925.589,4,2,0.0,,0,0,5838,1,,,,,,3.0,2883.53,7860.0,3255.0,-1,,,,,,,137449.0,2012,627,612,0,0,0,1,0,18.0,1.0,,,10.0,40.0,2012,MIS4_to_MIS8,new_york,0,2011-2012,1,0,0,0,retention
394996408072679,4,1.0,1,4,2,8800,88001,1,1,21,36,0,0,3.0,2.0,,0,3,43,2.0,1,43,1,,1,1,2,1,2,57,57,57,1,0,0,1.0,1.0,,-4.0,,10.0,,,21.0,,,7.0,3.0,0.0,1,2.0,2.0,1.0,2000.0,200.0,2.0,2.0,,,,11595.6574,2874.8409,0,0,1.0,1.0,0,42,50006,1,,,,2.0,,,2845.5531,9470.0,2100.0,-1,,,,,,,138470.0,2011,615,612,0,0,0,0,0,16.0,7.0,51.0,2011,1.0,1,8,2,8800,88001,1,21,36,0,0,3.0,2.0,,0,3,45,2.0,1,43,1,,1,2,1,2,57,57,57,1,0,0,1.0,5.0,,,,,,,,,,1.0,,,2,,,,,,,,,,,13002.8811,3352.5512,0,0,,,0,0,41251,1,,,,2.0,,,3227.2413,,,-1,,,,,,,137480.0,2012,627,612,0,0,0,0,0,16.0,1.0,,,,,2012,MIS4_to_MIS8,new_york,0,2011-2012,0,1,0,0,retention
399916806050679,4,1.0,1,4,2,8800,88001,1,1,21,36,0,0,3.0,2.0,,0,4,21,,1,40,1,2.0,3,1,3,7,2,57,314,73,1,0,0,2.0,1.0,,15.0,,15.0,,,20.0,,,7.0,3.0,0.0,1,2.0,2.0,2.0,,85.0,2.0,2.0,2.0,,,13343.5026,3517.0422,0,0,0.0,,0,0,6138,3,,,3.0,,,,3407.068,7860.0,4600.0,-1,,,,,2.0,1.0,138479.0,2011,615,612,0,0,0,0,0,14.0,15.0,40.0,2011,1.0,1,8,2,8800,88001,1,21,36,0,0,3.0,2.0,,0,4,22,,1,40,1,2.0,1,3,7,2,57,314,73,1,0,0,2.0,2.0,4.0,15.0,,,,,,,,10.0,4.0,0.0,1,2.0,1.0,1.0,850.0,100.0,2.0,2.0,2.0,,,15836.8081,4143.9038,0,0,0.0,0.0,0,0,19367,3,,,3.0,,,,4100.6286,8470.0,4600.0,-1,,,,,2.0,1.0,137490.0,2012,627,612,0,0,0,0,0,14.0,1.0,,,15.0,43.0,2012,MIS4_to_MIS8,new_york,0,2011-2012,0,1,0,1,retention
563767076909364,4,1.0,7,4,2,8800,88001,1,1,21,36,0,0,3.0,2.0,,0,2,57,,2,43,1,,1,0,0,4,2,57,57,57,1,0,0,1.0,1.0,,38.0,,38.0,,,,,,2.0,2.0,0.0,1,2.0,2.0,2.0,,1076.0,1.0,,,,,10600.1041,2657.6225,0,0,1.0,,0,42,49891,1,,,,2.0,,,2587.2661,9480.0,2010.0,-1,,,,,,,138493.0,2011,615,612,0,0,0,0,0,16.0,6.0,51.0,2011,2.0,4,8,2,8800,88001,1,21,36,0,0,3.0,2.0,,0,1,58,,2,43,1,,1,1,4,2,57,57,57,1,0,0,1.0,1.0,,38.0,,38.0,,,,,,2.0,2.0,0.0,1,2.0,2.0,2.0,,1000.0,1.0,,,,,11020.6557,2837.0162,0,0,0.0,,0,0,43474,1,,,,2.0,,,2820.2128,9480.0,3820.0,-1,,,,,,,137502.0,2012,627,612,0,0,0,0,0,16.0,1.0,,,12.0,51.0,2012,MIS4_to_MIS8,new_york,0,2011-2012,1,0,0,0,retention
630606942613695,4,1.0,7,4,2,8800,88001,1,1,21,36,0,0,3.0,2.0,,0,2,34,,2,40,3,,1,0,0,7,2,57,57,57,1,0,0,1.0,2.0,5.0,40.0,,,,,,,,5.0,3.0,0.0,1,2.0,,1.0,1886.0,754.4,2.0,2.0,,,,14716.0639,3891.4379,0,0,0.0,0.0,0,0,30652,1,,,2.0,,,,3765.3199,9370.0,5700.0,-1,,,,,,,138496.0,2011,615,612,0,0,0,0,0,13.0,17.0,51.0,2011,1.0,7,8,2,8800,88001,1,21,36,0,0,3.0,2.0,,0,2,35,,2,39,3,,0,0,7,2,57,57,57,1,0,0,1.0,1.0,,40.0,,40.0,,,,,,2.0,3.0,0.0,1,2.0,,1.0,1849.0,739.6,2.0,2.0,,,,17969.3286,4511.3876,0,0,0.0,0.0,0,0,61730,1,2.0,7.0,,,,,4511.9025,9370.0,5700.0,-1,,,,,,,137509.0,2012,627,612,0,0,0,0,0,11.0,3.0,,,17.0,51.0,2012,MIS4_to_MIS8,new_york,0,2011-2012,1,0,0,0,retention
654036966369210,4,2.0,1,4,2,8800,88001,1,1,21,36,0,0,3.0,2.0,,0,3,51,1.0,2,43,1,,2,1,2,1,2,57,57,57,1,0,0,1.0,1.0,,40.0,,40.0,,,,,,2.0,3.0,0.0,1,2.0,2.0,2.0,,609.0,2.0,2.0,,,,10275.0893,2656.7843,0,0,0.0,,0,0,30653,2,,,,2.0,,,2625.3399,8180.0,5820.0,-1,,,,,,,138501.0,2011,615,612,0,0,0,0,0,16.0,17.0,42.0,2011,1.0,1,8,2,8800,88001,1,21,36,0,0,3.0,2.0,,0,3,52,1.0,2,43,1,,1,2,1,2,57,57,57,1,0,0,1.0,1.0,,35.0,,35.0,,,,,,2.0,3.0,0.0,1,2.0,,1.0,1613.0,564.55,2.0,2.0,,,,11389.5108,2925.589,0,0,0.0,0.0,0,0,19310,2,,,,2.0,,,2883.53,9370.0,5120.0,-1,,,,,,,137514.0,2012,627,612,0,0,0,0,0,16.0,1.0,,,17.0,51.0,2012,MIS4_to_MIS8,new_york,0,2011-2012,1,0,0,0,retention
699420615360663,4,1.0,6,4,2,8800,88001,1,1,21,36,0,0,3.0,2.0,,0,2,26,,1,39,3,,1,0,0,7,2,57,57,57,1,0,0,1.0,1.0,,20.0,,20.0,,,15.0,,,6.0,3.0,0.0,1,2.0,,1.0,800.0,160.0,2.0,2.0,,,,13434.9787,3464.0594,0,0,0.0,0.0,0,0,30654,1,1.0,,,,,,3388.8777,9370.0,3850.0,-1,,,,,,,138514.0,2011,615,612,0,0,0,0,0,12.0,12.0,51.0,2011,1.0,6,8,2,8800,88001,1,21,36,0,0,3.0,2.0,,0,2,27,,1,39,3,,0,0,7,2,57,57,57,1,0,0,1.0,1.0,,40.0,,40.0,,,,,,2.0,3.0,0.0,1,2.0,,1.0,1600.0,640.0,2.0,2.0,,,,12991.8826,3333.5694,0,0,0.0,0.0,0,0,67176,1,1.0,,,,,,3281.9976,9370.0,3850.0,-1,,,,,,,137523.0,2012,627,612,0,0,0,0,0,12.0,3.0,,,12.0,51.0,2012,MIS4_to_MIS8,new_york,0,2011-2012,1,0,0,0,retention
156980560940305,4,1.0,6,4,2,8800,88001,1,1,21,36,39100,71,,1.0,,4,2,28,,1,43,1,,1,0,0,7,2,57,57,57,1,0,0,1.0,1.0,,40.0,,40.0,,,,,,2.0,3.0,0.0,1,2.0,,1.0,2600.0,1040.0,1.0,,,,,12936.0026,3334.9464,0,0,1.0,1.0,0,42,30913,1,,,,2.0,,,3263.0146,9470.0,3850.0,-1,,,,,,,138555.0,2011,615,612,0,0,0,0,0,16.0,12.0,51.0,2011,1.0,6,8,2,8800,88001,1,21,36,39100,71,,1.0,,4,2,30,,1,43,1,,0,0,7,2,57,57,57,1,0,0,1.0,1.0,,40.0,,40.0,,,,,,2.0,3.0,0.0,1,1.0,2.0,2.0,,1750.0,1.0,,,,,13574.2869,3462.99,0,0,0.0,,0,0,49173,1,,,,2.0,,,3429.124,9470.0,3850.0,-1,,,,,,,137573.0,2012,627,612,0,0,0,0,0,16.0,1.0,,,12.0,51.0,2012,MIS4_to_MIS8,new_york,0,2011-2012,1,0,0,0,retention
393936704084609,4,1.0,1,4,2,8800,88001,1,1,21,36,13780,0,,1.0,,3,3,48,1.0,2,44,1,,2,1,2,1,2,57,57,57,1,0,0,3.0,1.0,,50.0,4.0,17.0,,,4.0,,,4.0,3.0,0.0,1,2.0,2.0,2.0,,1911.53,2.0,2.0,,,,10653.982,2779.006,0,0,0.0,,0,0,20535,2,,,,,,2.0,2722.149,7860.0,10.0,-1,,,,,,,138583.0,2011,615,612,0,0,0,0,0,18.0,1.0,40.0,2011,1.0,1,8,2,8800,88001,1,21,36,13780,0,,1.0,,3,3,50,1.0,2,44,1,,1,2,1,2,57,57,57,1,0,0,2.0,2.0,4.0,50.0,,,,,,,,5.0,2.0,0.0,1,2.0,2.0,2.0,,2884.61,2.0,1.0,,,,11709.5537,3007.7974,0,0,0.0,,0,0,19368,2,,,,,,2.0,2964.5566,9480.0,230.0,-1,,,,,,,137599.0,2012,627,612,0,0,0,0,0,18.0,1.0,,,1.0,51.0,2012,MIS4_to_MIS8,new_york,0,2011-2012,1,0,0,0,retention
393936704084609,4,1.0,1,4,2,8800,88001,1,1,21,36,13780,0,,1.0,,3,4,23,,2,44,1,,3,1,3,7,2,57,57,57,1,0,0,1.0,1.0,,8.0,,4.0,,,15.0,,,6.0,2.0,0.0,1,2.0,2.0,2.0,,96.0,1.0,,2.0,,,13846.2512,3759.564,0,0,0.0,,0,0,20535,3,,,,,,2.0,3624.6816,7860.0,2310.0,-1,,,,,2.0,2.0,138584.0,2011,615,612,0,0,0,0,0,18.0,8.0,40.0,2011,1.0,1,8,2,8800,88001,1,21,36,13780,0,,1.0,,3,4,24,,2,44,1,,1,3,7,2,57,57,57,1,0,0,2.0,1.0,,20.0,,8.0,,,15.0,,,6.0,3.0,0.0,1,2.0,2.0,2.0,,846.15,1.0,,2.0,,,16695.9276,4055.6478,0,0,0.0,,0,0,19368,3,,,,,,2.0,4016.5367,7860.0,2000.0,4110,,,,,2.0,2.0,137600.0,2012,627,612,0,0,0,0,0,18.0,1.0,,,6.0,40.0,2012,MIS4_to_MIS8,new_york,0,2011-2012,1,0,0,0,retention
706901683993736,4,1.0,3,4,2,8800,88001,1,1,21,36,39100,27,,1.0,,4,1,48,,1,39,1,,1,1,1,5,2,147,147,100,4,0,4,,1.0,,35.0,,35.0,,,,,,2.0,3.0,0.0,1,2.0,,1.0,900.0,315.0,2.0,2.0,,,,11239.2698,2900.4458,3,2,1.0,1.0,0,41,30673,1,2.0,7.0,,,,,2854.4873,9470.0,3800.0,-1,,,,,,,138615.0,2011,615,612,0,0,1,0,0,11.0,12.0,51.0,2011,1.0,3,8,2,8800,88001,1,21,36,39100,27,,1.0,,4,1,49,,1,39,1,,1,1,5,2,147,147,100,4,0,4,1.0,1.0,,40.0,,40.0,,,,,,2.0,3.0,0.0,1,1.0,1.0,1.0,2954.0,961.0,1.0,,,,,13875.8257,3500.6041,3,2,1.0,1.0,0,0,29865,1,2.0,7.0,,,,,3477.2497,9470.0,3800.0,-1,,,,,,,137628.0,2012,627,612,0,0,1,0,0,11.0,1.0,,,12.0,51.0,2012,MIS4_to_MIS8,new_york,0,2011-2012,1,0,0,0,retention
764393439600980,4,1.0,1,4,2,8800,88001,1,1,21,36,13780,0,,1.0,,3,1,41,2.0,1,46,1,,1,1,1,1,2,57,57,57,1,0,0,1.0,1.0,,40.0,,50.0,,,,,,2.0,2.0,0.0,1,2.0,2.0,2.0,,1923.07,1.0,,,,,11587.6967,2872.8672,8,2,0.0,,0,0,20534,1,,,,,,,2843.5996,7870.0,2200.0,1610,,,,,,,138624.0,2011,615,612,0,1,1,0,1,18.0,8.0,40.0,2011,1.0,1,8,2,8800,88001,1,21,36,13780,0,,1.0,,3,1,42,2.0,1,46,1,,1,1,1,2,57,57,57,1,0,0,1.0,1.0,,40.0,,50.0,,,,,,2.0,2.0,0.0,1,2.0,2.0,2.0,,1884.61,1.0,,,,,13183.4512,3321.9584,3,2,0.0,,0,0,56165,1,,,,,,,3282.1655,7870.0,2200.0,800,,,,,,,137635.0,2012,627,612,0,0,1,0,0,18.0,1.0,,,8.0,40.0,2012,MIS4_to_MIS8,new_york,0,2011-2012,1,0,0,0,retention
224971016907396,4,1.0,6,4,2,8800,88001,1,1,23,42,37980,101,1.0,1.0,,7,2,44,,1,39,1,,1,0,0,7,2,57,57,57,1,0,0,1.0,1.0,,40.0,,40.0,,,,,,2.0,3.0,0.0,1,1.0,1.0,1.0,1407.0,2692.0,2.0,2.0,,,,14695.339,3530.7789,0,0,1.0,1.0,0,0,42745,1,1.0,,,,,,3606.2093,9470.0,3850.0,-1,,,,,,,141921.0,2011,615,612,0,0,0,0,0,12.0,12.0,51.0,2011,1.0,6,8,2,8800,88001,1,23,42,37980,101,1.0,1.0,,7,2,45,,1,39,1,,0,0,7,2,57,57,57,1,0,0,1.0,1.0,,40.0,,40.0,,,,,,2.0,3.0,0.0,1,2.0,1.0,1.0,1300.0,900.0,1.0,,,,,13596.8638,3405.0699,0,0,0.0,1.0,0,0,6326,1,1.0,,,,,,3407.3425,9470.0,3850.0,-1,,,,,,,140747.0,2012,627,612,0,0,0,0,0,12.0,1.0,,,12.0,51.0,2012,MIS4_to_MIS8,pennsylvania,0,2011-2012,1,0,0,0,retention
289330493800964,4,1.0,1,4,2,8800,88001,1,1,23,42,37980,101,1.0,1.0,,7,3,42,1.0,1,40,1,,2,1,2,1,2,57,57,57,1,0,0,2.0,1.0,,40.0,,40.0,,,,,,2.0,3.0,0.0,1,2.0,,1.0,1180.0,472.0,2.0,1.0,,,,14695.339,3530.7789,3,2,1.0,1.0,0,0,42746,2,,,3.0,,,,3606.2093,9470.0,3850.0,-1,,,,,,,141949.0,2011,615,612,0,0,1,0,0,14.0,12.0,51.0,2011,1.0,1,8,2,8800,88001,1,23,42,37980,101,1.0,1.0,,7,3,43,1.0,1,40,1,,1,2,1,2,57,57,57,1,0,0,2.0,1.0,,40.0,,50.0,,,,,,2.0,3.0,0.0,1,2.0,2.0,2.0,,961.53,1.0,,,,,14065.5336,3518.2315,3,2,0.0,,0,0,41950,2,,,2.0,,,,3501.7696,9470.0,3850.0,-1,,,,,,,140768.0,2012,627,612,0,0,1,0,0,13.0,1.0,,,12.0,51.0,2012,MIS4_to_MIS8,pennsylvania,0,2011-2012,1,0,0,0,retention
506906984991582,4,1.0,4,4,2,8800,88001,1,1,23,42,38300,3,1.0,1.0,,5,1,47,,2,43,1,,1,1,1,5,2,57,57,57,1,0,0,1.0,1.0,,50.0,,50.0,,,,,,2.0,3.0,0.0,1,2.0,2.0,2.0,,1826.92,2.0,2.0,,,,14173.4981,3582.837,0,0,0.0,,0,0,31646,1,,,,1.0,1.0,,3621.404,7860.0,120.0,-1,,,,,,,141999.0,2011,615,612,0,0,0,0,0,18.0,1.0,40.0,2011,1.0,7,8,2,8800,88001,1,23,42,38300,3,1.0,1.0,,5,2,48,,2,43,1,,0,0,5,2,57,57,57,1,0,0,1.0,1.0,,50.0,,50.0,,,,,,2.0,3.0,0.0,1,2.0,2.0,2.0,,1826.92,1.0,,,,,11849.0746,2993.2292,0,0,0.0,,0,0,49583,1,,,,1.0,1.0,,2999.8796,7860.0,120.0,-1,,,,,,,140820.0,2012,627,612,0,0,0,0,0,18.0,1.0,,,1.0,40.0,2012,MIS4_to_MIS8,pennsylvania,0,2011-2012,1,0,0,0,retention
933082804469390,4,1.0,1,4,2,8800,88001,1,1,23,42,37980,101,1.0,1.0,,7,1,37,2.0,2,39,1,,1,1,1,1,2,57,57,57,1,0,0,1.0,1.0,,20.0,,20.0,,,18.0,,,7.0,3.0,0.0,1,2.0,,1.0,1250.0,250.0,1.0,,,,,13084.1808,3249.5004,10,3,0.0,0.0,0,0,6541,1,1.0,,,,,,3263.4935,9470.0,3940.0,-1,,,,,,,142068.0,2011,615,612,0,0,1,1,0,12.0,12.0,51.0,2011,1.0,1,8,2,8800,88001,1,23,42,37980,101,1.0,1.0,,7,1,38,2.0,2,39,1,,1,1,1,2,57,57,57,1,0,0,1.0,1.0,,20.0,,16.0,,,18.0,,,7.0,3.0,0.0,1,2.0,2.0,2.0,,250.0,1.0,,,,,12152.5025,3072.8173,10,3,0.0,,0,0,19592,1,1.0,,,,,,3051.3609,7860.0,3940.0,-1,,,,,,,140900.0,2012,627,612,0,0,1,1,0,12.0,1.0,,,12.0,40.0,2012,MIS4_to_MIS8,pennsylvania,0,2011-2012,1,0,0,0,retention
933082804469390,4,1.0,1,4,2,8800,88001,1,1,23,42,37980,101,1.0,1.0,,7,3,39,1.0,1,40,1,,2,1,2,1,2,57,57,57,1,0,0,2.0,1.0,,60.0,,83.0,,,,,,2.0,3.0,0.0,1,1.0,2.0,2.0,,2307.69,1.0,,,,,13768.6466,3309.0988,10,3,0.0,,0,0,6541,2,,,3.0,,,,3378.8007,9470.0,3820.0,-1,,,,,,,142069.0,2011,615,612,0,0,1,1,0,14.0,12.0,51.0,2011,1.0,1,8,2,8800,88001,1,23,42,37980,101,1.0,1.0,,7,3,41,1.0,1,40,1,,1,2,1,2,57,57,57,1,0,0,2.0,1.0,,60.0,,60.0,,,,,,2.0,3.0,0.0,1,2.0,1.0,1.0,2245.0,900.0,1.0,,,,,14065.5336,3518.2315,10,3,1.0,1.0,0,0,19592,2,,,3.0,,,,3501.7696,9470.0,3820.0,-1,,,,,,,140901.0,2012,627,612,0,0,1,1,0,14.0,1.0,,,12.0,51.0,2012,MIS4_to_MIS8,pennsylvania,0,2011-2012,1,0,0,0,retention
132090560630404,4,2.0,3,4,2,8800,88001,1,1,23,42,10900,0,2.0,1.0,,4,1,40,,1,44,2,,1,1,1,5,2,57,57,57,1,0,0,2.0,1.0,,50.0,,50.0,,,,,,2.0,3.0,0.0,1,2.0,2.0,2.0,,957.0,1.0,,,,,16809.7501,4055.1488,3,1,1.0,,0,0,42706,1,,,,,,2.0,4258.4068,7860.0,2320.0,-1,,,,,,,142176.0,2011,615,612,0,0,1,0,0,18.0,8.0,40.0,2011,1.0,3,8,2,8800,88001,1,23,42,10900,0,2.0,1.0,,4,1,41,,1,43,2,,1,1,5,2,57,57,57,1,0,0,2.0,1.0,,40.0,,40.0,,,,,,2.0,3.0,0.0,1,2.0,2.0,2.0,,1538.46,1.0,,,,,12384.9676,3298.076,3,1,0.0,,0,0,16365,1,,,,2.0,,,3291.4758,7860.0,230.0,-1,,,,,,,141023.0,2012,627,612,0,0,1,0,0,16.0,2.0,,,1.0,40.0,2012,MIS4_to_MIS8,pennsylvania,0,2011-2012,1,0,0,0,retention
132090560630404,4,2.0,3,4,2,8800,88001,1,1,23,42,10900,0,2.0,1.0,,4,13,40,,2,43,2,4.0,2,2,1,5,2,328,328,328,4,0,10,1.0,1.0,,50.0,,44.0,,,,,,2.0,3.0,0.0,1,2.0,2.0,2.0,,1730.76,1.0,,,,,16340.993,4252.1637,8,2,0.0,,0,0,42706,2,,,,1.0,1.0,,4320.8422,7860.0,2320.0,2340,,,,,,,142178.0,2011,615,612,0,1,1,0,1,18.0,8.0,40.0,2011,1.0,3,8,2,8800,88001,1,23,42,10900,0,2.0,1.0,,4,13,41,,2,43,2,4.0,2,1,5,2,328,328,328,4,0,10,1.0,1.0,,40.0,,40.0,,,,,,2.0,3.0,0.0,1,2.0,2.0,2.0,,1673.07,1.0,,,,,23666.0095,6148.0968,8,2,0.0,,0,0,16365,2,,,,1.0,1.0,,6017.3394,7860.0,2320.0,-1,,,,,,,141025.0,2012,627,612,0,1,1,0,1,18.0,2.0,,,8.0,40.0,2012,MIS4_to_MIS8,pennsylvania,0,2011-2012,1,0,0,0,retention
450623094846139,4,1.0,1,4,2,8800,88001,1,1,23,42,37980,17,2.0,1.0,,7,3,56,1.0,2,42,1,,2,1,2,1,2,57,57,57,1,0,0,2.0,1.0,,40.0,,40.0,,,,,,2.0,2.0,0.0,1,2.0,1.0,1.0,1839.0,769.23,2.0,2.0,,,,12919.9191,3139.1742,0,0,0.0,1.0,0,0,31692,2,,,3.0,,,,3153.4849,9380.0,5310.0,-1,,,,,,,142332.0,2011,615,612,0,0,0,0,0,14.0,17.0,51.0,2011,1.0,1,8,2,8800,88001,1,23,42,37980,17,2.0,1.0,,7,3,57,1.0,2,42,1,,1,2,1,2,57,57,57,1,0,0,2.0,1.0,,35.0,,35.0,,,,,,2.0,2.0,0.0,1,2.0,2.0,2.0,,769.23,2.0,2.0,,,,11005.1637,2812.2506,0,0,0.0,,0,0,16159,2,,,3.0,,,,2816.2484,9380.0,5250.0,-1,,,,,,,141197.0,2012,627,612,0,0,0,0,0,14.0,1.0,,,17.0,51.0,2012,MIS4_to_MIS8,pennsylvania,0,2011-2012,1,0,0,0,retention
490966404034214,4,1.0,4,4,2,8800,88001,1,1,23,42,38300,3,2.0,1.0,,5,1,59,,2,43,1,,1,1,1,4,2,57,57,57,1,0,0,1.0,1.0,,40.0,6.0,32.0,,,6.0,,,4.0,2.0,0.0,1,2.0,2.0,2.0,,1250.0,2.0,2.0,,,,12701.578,3086.1235,0,0,0.0,,0,0,61596,1,,,,2.0,,,3100.1923,7890.0,2840.0,-1,,,,,,,142339.0,2011,615,612,0,0,0,0,0,16.0,9.0,40.0,2011,1.0,4,8,2,8800,88001,1,23,42,38300,3,2.0,1.0,,5,1,60,,2,43,1,,1,1,4,2,57,57,57,1,0,0,1.0,1.0,,40.0,4.0,24.0,,,4.0,,,4.0,4.0,0.0,1,2.0,2.0,2.0,,1153.84,2.0,2.0,,,,13217.4899,3135.1344,0,0,0.0,,0,0,16107,1,,,,2.0,,,3099.3955,8370.0,2010.0,-1,,,,,,,141203.0,2012,627,612,0,0,0,0,0,16.0,1.0,,,6.0,43.0,2012,MIS4_to_MIS8,pennsylvania,0,2011-2012,0,1,0,1,retention
852229360619400,4,1.0,1,4,2,8800,88001,1,1,23,42,37980,91,2.0,1.0,,7,1,63,2.0,2,43,1,,1,1,1,1,2,57,57,57,1,0,0,1.0,5.0,,,,,,,,,,1.0,3.0,0.0,2,,,,,,,,,,,11086.7389,2789.5294,0,0,,,0,0,17343,1,,,,2.0,,,2770.321,7860.0,2750.0,-1,,,,,3.0,,142511.0,2011,615,612,0,0,0,0,0,16.0,9.0,40.0,2011,4.0,1,8,2,8800,88001,1,23,42,37980,91,2.0,1.0,,7,1,64,2.0,2,43,1,,1,1,1,2,57,57,57,1,0,0,1.0,5.0,,,,,,,,,,1.0,3.0,0.0,2,,,,,,,,,,,10669.2076,2666.8924,0,0,,,0,0,16357,1,,,,1.0,1.0,,2715.0964,7860.0,2750.0,-1,,,,,,,141372.0,2012,627,612,0,0,0,0,0,18.0,1.0,,,9.0,40.0,2012,MIS4_to_MIS8,pennsylvania,0,2011-2012,1,0,0,0,retention
882639760029403,4,1.0,1,4,2,8800,88001,1,1,23,42,10900,0,2.0,1.0,,4,1,42,2.0,1,44,1,,1,1,1,1,2,57,57,57,1,0,0,1.0,1.0,,40.0,,40.0,,,,,,2.0,3.0,0.0,1,2.0,2.0,2.0,,1384.61,1.0,,,,,13814.2799,3319.091,10,2,0.0,,0,0,20777,1,,,,,,3.0,3389.999,7860.0,2200.0,-1,,,,,,,142524.0,2011,615,612,0,0,1,1,0,18.0,8.0,40.0,2011,2.0,1,8,2,8800,88001,1,23,42,10900,0,2.0,1.0,,4,1,43,2.0,1,44,1,,1,1,1,2,57,57,57,1,0,0,2.0,1.0,,40.0,,40.0,,,,,,2.0,3.0,0.0,1,2.0,2.0,2.0,,1153.84,1.0,,,,,13165.2035,3293.0307,10,2,0.0,,0,0,19589,1,,,,,,3.0,3277.6225,7860.0,2320.0,-1,,,,,,,141385.0,2012,627,612,0,0,1,1,0,18.0,1.0,,,8.0,40.0,2012,MIS4_to_MIS8,pennsylvania,0,2011-2012,1,0,0,0,retention
882639760029403,4,1.0,1,4,2,8800,88001,1,1,23,42,10900,0,2.0,1.0,,4,3,39,1.0,2,43,1,,2,1,2,1,2,57,57,57,1,0,0,2.0,1.0,,40.0,,40.0,,,,,,2.0,3.0,0.0,1,2.0,2.0,2.0,,1250.0,1.0,,,,,12299.7186,3054.6765,10,2,0.0,,0,0,20777,2,,,,1.0,1.0,,3067.8307,7860.0,2310.0,-1,,,,,,,142525.0,2011,615,612,0,0,1,1,0,18.0,8.0,40.0,2011,2.0,1,8,2,8800,88001,1,23,42,10900,0,2.0,1.0,,4,3,40,1.0,2,43,1,,1,2,1,2,57,57,57,1,0,0,1.0,1.0,,40.0,,42.0,,,,,,2.0,3.0,0.0,1,2.0,2.0,2.0,,961.53,1.0,,,,,10596.1824,2701.3253,10,2,0.0,,0,0,19589,2,,,,1.0,1.0,,2660.5859,7860.0,2310.0,-1,,,,,,,141386.0,2012,627,612,0,0,1,1,0,18.0,1.0,,,8.0,40.0,2012,MIS4_to_MIS8,pennsylvania,0,2011-2012,1,0,0,0,retention
981012842469750,4,1.0,1,4,2,8800,88001,1,1,23,42,37980,45,2.0,1.0,,7,3,46,1.0,2,43,1,,2,1,2,1,2,57,57,57,1,0,0,2.0,1.0,,40.0,,40.0,,,,,,2.0,3.0,0.0,1,2.0,2.0,2.0,,1153.84,2.0,2.0,,,,12994.5091,3284.8071,0,0,0.0,,0,0,31760,2,,,,1.0,1.0,,3320.1661,8370.0,2010.0,-1,,,,,,,142581.0,2011,615,612,0,0,0,0,0,18.0,6.0,43.0,2011,1.0,1,8,2,8800,88001,1,23,42,37980,45,2.0,1.0,,7,3,46,1.0,2,44,1,,1,2,1,2,57,57,57,1,0,0,2.0,1.0,,40.0,,40.0,,,,,,2.0,3.0,0.0,1,2.0,2.0,2.0,,961.53,2.0,2.0,,,,11862.914,2996.7252,0,0,0.0,,0,0,64607,2,,,,,,2.0,3003.3834,8370.0,420.0,-1,,,,,,,141445.0,2012,627,612,0,0,0,0,0,18.0,1.0,,,1.0,43.0,2012,MIS4_to_MIS8,pennsylvania,0,2011-2012,1,0,0,0,retention
324274066909566,4,1.0,1,4,2,8800,88001,1,1,23,42,0,0,3.0,2.0,,0,1,52,2.0,1,43,1,,1,1,1,1,2,57,57,57,1,0,0,1.0,1.0,,38.0,,38.0,,,,,,2.0,2.0,0.0,1,2.0,,1.0,2987.0,1135.06,1.0,,,,,12352.6641,3100.0998,0,0,0.0,0.0,0,0,6511,1,,,,2.0,,,3137.261,9480.0,800.0,-1,3.0,,,,,,142647.0,2011,615,612,0,0,0,0,0,16.0,2.0,51.0,2011,1.0,1,8,2,8800,88001,1,23,42,0,0,3.0,2.0,,0,1,54,2.0,1,43,1,,1,1,1,2,57,57,57,1,0,0,1.0,2.0,5.0,38.0,,,,,,,,5.0,2.0,0.0,1,2.0,,1.0,2927.0,1112.26,1.0,,,,,12218.3024,3075.7573,0,0,0.0,0.0,0,0,6290,1,,,,2.0,,,3061.8782,9570.0,800.0,-1,3.0,,,,,,141514.0,2012,627,612,0,0,0,0,0,16.0,1.0,,,2.0,51.0,2012,MIS4_to_MIS8,pennsylvania,0,2011-2012,1,0,0,0,retention
499956905007279,4,2.0,1,4,2,8800,88001,1,1,23,42,0,0,3.0,2.0,,0,1,42,2.0,1,46,1,,1,1,1,1,2,57,57,57,1,0,0,2.0,1.0,,38.0,,38.0,,,,,,2.0,2.0,0.0,1,2.0,2.0,2.0,,2045.45,1.0,,,,,13759.7523,3305.9899,3,2,0.0,,0,0,6512,1,,,,,,,3376.618,7870.0,2200.0,-1,,,,,,,142695.0,2011,615,612,0,0,1,0,0,18.0,8.0,40.0,2011,2.0,1,8,2,8800,88001,1,23,42,0,0,3.0,2.0,,0,1,43,2.0,1,46,1,,1,1,1,2,57,57,57,1,0,0,2.0,1.0,,38.0,,38.0,,,,,,2.0,2.0,0.0,1,2.0,2.0,2.0,,1730.76,1.0,,,,,12770.7663,3194.3696,3,2,0.0,,0,0,49678,1,,,,,,,3179.4231,7870.0,230.0,-1,,,,,,,141567.0,2012,627,612,0,0,1,0,0,18.0,1.0,,,1.0,40.0,2012,MIS4_to_MIS8,pennsylvania,0,2011-2012,1,0,0,0,retention
640206915835997,4,1.0,6,4,2,8800,88001,1,1,23,42,0,0,3.0,2.0,,0,2,64,,1,39,1,,1,0,0,6,2,57,57,57,1,0,0,1.0,1.0,,4.0,,4.0,,,21.0,,,7.0,3.0,0.0,1,2.0,,1.0,1125.0,45.0,2.0,2.0,,,,11977.3387,3035.2713,0,0,0.0,0.0,0,0,42629,1,1.0,,,,,,3009.7589,770.0,6730.0,-1,4.0,,,,,,142734.0,2011,615,612,0,0,0,0,0,12.0,19.0,4.0,2011,2.0,6,8,2,8800,88001,1,23,42,0,0,3.0,2.0,,0,2,65,,1,39,1,,0,0,6,2,57,57,57,1,0,0,2.0,4.0,,,,,,,,7.0,5.0,11.0,4.0,0.0,2,,,,,,,,,,,12340.1405,2918.1744,0,0,,,0,0,19561,1,1.0,,,,,,2848.2804,6170.0,9130.0,-1,4.0,,,,,,141614.0,2012,627,612,0,0,0,0,0,12.0,1.0,,,22.0,23.0,2012,MIS4_to_MIS8,pennsylvania,0,2011-2012,0,1,0,1,retention
640206919688896,4,2.0,1,4,2,8800,88001,1,1,23,42,0,0,3.0,2.0,,0,1,61,2.0,1,44,1,,1,1,1,1,2,57,57,57,1,0,0,2.0,1.0,,45.0,,45.0,,,,,,2.0,3.0,0.0,1,2.0,2.0,2.0,,2115.0,2.0,1.0,,,,11083.1674,2808.6723,0,0,1.0,,0,0,33974,1,,,,,,3.0,2785.0646,670.0,430.0,-1,,,,,,,142736.0,2011,615,612,0,0,0,0,0,18.0,1.0,24.0,2011,1.0,1,8,2,8800,88001,1,23,42,0,0,3.0,2.0,,0,1,62,2.0,1,44,1,,1,1,1,2,57,57,57,1,0,0,1.0,1.0,,40.0,,40.0,,,,,,2.0,3.0,0.0,1,2.0,2.0,2.0,,1401.0,2.0,2.0,,,,10452.2171,2706.9429,0,0,0.0,,0,0,33154,1,,,,,,3.0,2652.6652,680.0,7000.0,-1,,,,,,,141616.0,2012,627,612,0,0,0,0,0,18.0,1.0,,,20.0,24.0,2012,MIS4_to_MIS8,pennsylvania,0,2011-2012,1,0,0,0,retention
724055076909497,4,1.0,7,4,2,8800,88001,1,1,23,42,11020,13,,1.0,,2,2,74,,2,39,1,,1,0,0,5,2,57,57,57,1,0,0,1.0,1.0,,40.0,,38.0,,,,,,2.0,2.0,0.0,1,2.0,2.0,2.0,,461.53,2.0,2.0,,,,11543.6731,2849.1702,0,0,0.0,,0,0,17132,1,1.0,,,,,,2832.2958,7870.0,740.0,-1,,,,,,,142954.0,2011,615,612,0,0,0,0,0,12.0,2.0,40.0,2011,1.0,7,8,2,8800,88001,1,23,42,11020,13,,1.0,,2,2,75,,2,39,1,,0,0,5,2,57,57,57,1,0,0,1.0,5.0,,,,,,,,,,1.0,2.0,0.0,2,,,,,,,,,,,11577.625,2924.2385,0,0,,,0,0,19550,1,1.0,,,,,,2946.2702,7870.0,5700.0,-1,,,,,,,141846.0,2012,627,612,0,0,0,0,0,12.0,1.0,,,17.0,40.0,2012,MIS4_to_MIS8,pennsylvania,0,2011-2012,1,0,0,0,retention
822399260829400,4,1.0,1,4,2,8800,88001,1,1,23,42,25420,43,,1.0,,4,1,27,2.0,2,43,1,,1,1,1,1,2,57,57,57,1,0,0,1.0,1.0,,40.0,,40.0,,,,,,2.0,3.0,0.0,1,2.0,2.0,2.0,,769.23,1.0,,,,,12643.7328,3200.7328,1,1,0.0,,0,0,6490,1,,,,1.0,1.0,,3235.0837,7860.0,2310.0,-1,,,,,,,142969.0,2011,615,612,1,0,0,0,1,18.0,8.0,40.0,2011,1.0,1,8,2,8800,88001,1,23,42,25420,43,,1.0,,4,1,28,2.0,2,44,1,,1,1,1,2,57,57,57,1,0,0,1.0,1.0,,40.0,,40.0,,,,,,2.0,3.0,0.0,1,2.0,2.0,2.0,,769.23,1.0,,,,,11432.841,2884.0033,1,1,0.0,,0,0,41839,1,,,,,,1.0,2876.7444,7860.0,2310.0,2860,,,,,,,141861.0,2012,627,612,1,0,0,0,1,17.0,1.0,,,8.0,40.0,2012,MIS4_to_MIS8,pennsylvania,0,2011-2012,1,0,0,0,retention
872079260099405,4,2.0,1,4,2,8800,88001,1,1,23,42,29540,71,,1.0,,3,1,48,2.0,1,44,1,,1,1,1,1,2,57,57,57,1,0,0,2.0,1.0,,40.0,,54.0,,,,,,2.0,3.0,0.0,1,2.0,1.0,1.0,3000.0,1500.0,1.0,,,,,12210.9982,3053.8682,4,1,0.0,0.0,0,0,20763,1,,,,,,2.0,3101.2815,9370.0,3820.0,710,,,,,,,142975.0,2011,615,612,0,0,0,1,0,18.0,12.0,51.0,2011,2.0,1,8,2,8800,88001,1,23,42,29540,71,,1.0,,3,1,49,2.0,1,44,1,,1,1,1,2,57,57,57,1,0,0,2.0,1.0,,40.0,,44.0,,,,,,2.0,1.0,0.0,1,2.0,1.0,1.0,1500.0,1442.3,1.0,,,,,12726.5331,3187.1125,4,1,0.0,1.0,0,0,33156,1,,,,,,2.0,3189.2396,9470.0,3820.0,3600,,,,,,,141869.0,2012,627,612,0,0,0,1,0,18.0,1.0,,,12.0,51.0,2012,MIS4_to_MIS8,pennsylvania,0,2011-2012,0,1,1,0,retention
193977404073728,5,1.0,1,4,2,8800,88001,1,1,33,17,16980,0,1.0,1.0,1.0,7,1,55,2.0,1,43,1,,1,1,1,1,2,57,57,57,1,0,0,1.0,1.0,,40.0,,40.0,,,,,,2.0,2.0,0.0,1,2.0,2.0,2.0,,1923.0,1.0,,,,,11838.5793,3150.4953,0,0,1.0,,0,0,22098,1,,,,2.0,,,3133.7945,9480.0,2010.0,-1,,,,,,,162479.0,2011,616,613,0,0,0,0,0,16.0,6.0,51.0,2011,1.0,1,8,2,8800,88001,1,33,17,16980,0,1.0,1.0,1.0,7,1,57,2.0,1,43,1,,1,1,1,2,57,57,57,1,0,0,1.0,1.0,,40.0,,40.0,,,,,,2.0,2.0,0.0,1,2.0,2.0,2.0,,1317.3,2.0,2.0,,,,12894.6791,3257.291,0,0,0.0,,0,0,32170,1,,,,2.0,,,3275.2484,9370.0,,-1,,,,,,,161287.0,2012,628,613,0,0,0,0,0,16.0,,1.0,430.0,1.0,51.0,2012,MIS4_to_MIS8,illinois,1,2011-2012,1,0,0,0,retention
350777098817889,5,1.0,1,4,2,8800,88001,1,1,33,17,16980,0,1.0,1.0,1.0,7,3,71,1.0,1,40,1,,2,1,2,1,2,57,57,57,1,0,0,2.0,1.0,,20.0,,20.0,,,21.0,,,7.0,3.0,0.0,1,2.0,,1.0,810.0,162.0,2.0,2.0,,,,11751.3467,3203.7229,0,0,1.0,1.0,0,42,8747,2,,,3.0,,,,3030.6675,7860.0,3930.0,-1,5.0,,,,,,162566.0,2011,616,613,0,0,0,0,0,14.0,12.0,40.0,2011,1.0,1,8,2,8800,88001,1,33,17,16980,0,1.0,1.0,1.0,7,3,72,1.0,1,42,1,,1,2,1,2,57,57,57,1,0,0,2.0,1.0,,20.0,,20.0,,,21.0,,,7.0,3.0,0.0,1,1.0,,1.0,900.0,380.0,2.0,2.0,,,,11434.8872,3049.5086,0,0,1.0,1.0,0,42,18384,2,,,1.0,,,,2939.8567,7860.0,,-1,5.0,,,,,,161363.0,2012,628,613,0,0,0,0,0,12.0,,1.0,3930.0,12.0,40.0,2012,MIS4_to_MIS8,illinois,1,2011-2012,1,0,0,0,retention
530473095417439,5,1.0,6,4,2,8800,88001,1,1,33,17,16980,0,1.0,1.0,1.0,7,2,37,,1,42,1,2.0,1,0,0,7,2,57,73,73,1,0,0,1.0,1.0,,48.0,,48.0,,,,,,2.0,3.0,0.0,1,2.0,2.0,2.0,,1288.46,1.0,,,,,17693.0252,4543.6889,0,0,0.0,,0,0,54934,1,,,3.0,,,,4499.9512,9470.0,3740.0,-1,,,,,,,162589.0,2011,616,613,0,0,0,0,0,14.0,12.0,51.0,2011,1.0,6,8,2,8800,88001,1,33,17,16980,0,1.0,1.0,1.0,7,2,38,,1,42,1,2.0,0,0,7,2,57,73,73,1,0,0,1.0,1.0,,40.0,,40.0,,,,,,2.0,3.0,0.0,1,2.0,2.0,2.0,,1450.0,1.0,,,,,15518.0307,4004.7322,0,0,0.0,,0,0,66296,1,,,3.0,,,,3960.4554,9470.0,,-1,,,,,,,161381.0,2012,628,613,0,0,0,0,0,14.0,,1.0,3740.0,12.0,51.0,2012,MIS4_to_MIS8,illinois,1,2011-2012,1,0,0,0,retention
196997003031758,5,1.0,1,4,2,8800,88001,1,1,33,17,16980,0,2.0,1.0,,7,1,35,2.0,1,42,1,,1,1,1,1,2,57,57,57,1,0,0,1.0,1.0,,-4.0,,96.0,,,,,,2.0,3.0,0.0,1,1.0,2.0,1.0,2500.0,580.0,1.0,,,,,13921.4221,3540.9846,3,1,1.0,0.0,0,0,34748,1,,,3.0,,,,3540.7015,9470.0,3740.0,3740,,,,,,,162878.0,2011,616,613,0,0,1,0,0,14.0,12.0,51.0,2011,1.0,1,8,2,8800,88001,1,33,17,16980,0,2.0,1.0,,7,1,36,2.0,1,42,1,,1,1,1,2,57,57,57,1,0,0,1.0,1.0,,72.0,,96.0,,,,,,2.0,3.0,0.0,1,2.0,,1.0,2750.0,1980.0,1.0,,,,,11289.244,2873.9229,3,1,0.0,0.0,0,0,58655,1,,,3.0,,,,2881.1998,9470.0,,3400,,,,,,,161711.0,2012,628,613,0,0,1,0,0,14.0,,1.0,3400.0,10.0,51.0,2012,MIS4_to_MIS8,illinois,1,2011-2012,1,0,0,0,retention
571074037001302,5,1.0,1,4,2,8800,88001,1,1,33,17,40420,0,2.0,1.0,,3,1,40,2.0,1,42,1,,1,1,1,1,2,57,57,57,1,0,0,1.0,1.0,,40.0,,40.0,,,,,,2.0,2.0,0.0,1,2.0,1.0,1.0,1250.0,711.53,1.0,,,,,13220.5521,3346.0893,0,0,0.0,1.0,0,0,54890,1,,,5.0,,,,3362.4459,7860.0,7010.0,-1,,,,,,,163001.0,2011,616,613,0,0,0,0,0,16.0,20.0,40.0,2011,1.0,1,8,2,8800,88001,1,33,17,40420,0,2.0,1.0,,3,1,41,2.0,1,41,1,,1,1,1,2,57,57,57,1,0,0,1.0,1.0,,40.0,,40.0,,,,,,2.0,3.0,0.0,1,2.0,2.0,2.0,,769.23,2.0,2.0,,,,12238.6634,3128.3147,1,1,0.0,,0,0,50789,1,,,5.0,,,,3123.5072,7860.0,,-1,,,,,,,161883.0,2012,628,613,1,0,0,0,1,16.0,,1.0,1107.0,3.0,40.0,2012,MIS4_to_MIS8,illinois,1,2011-2012,1,0,0,0,retention
571074037001302,5,1.0,1,4,2,8800,88001,1,1,33,17,40420,0,2.0,1.0,,3,3,48,1.0,2,44,1,,2,1,2,1,2,57,57,57,1,0,0,2.0,1.0,,55.0,,55.0,,,,,,2.0,2.0,0.0,1,2.0,2.0,2.0,,923.0,1.0,,,,,12805.4318,3123.1024,0,0,1.0,,0,42,54890,2,,,,,,2.0,3142.5352,7860.0,2310.0,-1,,,,,,,163002.0,2011,616,613,0,0,0,0,0,18.0,8.0,40.0,2011,1.0,1,8,2,8800,88001,1,33,17,40420,0,2.0,1.0,,3,3,48,1.0,2,44,1,,1,2,1,2,57,57,57,1,0,0,2.0,1.0,,45.0,,45.0,,,,,,2.0,3.0,0.0,1,2.0,2.0,2.0,,1519.23,1.0,,,,,10266.841,2548.7206,1,1,0.0,,0,0,50789,2,,,,,,2.0,2563.8676,7860.0,,-1,,,,,,,161884.0,2012,628,613,1,0,0,0,1,18.0,,1.0,2310.0,8.0,40.0,2012,MIS4_to_MIS8,illinois,1,2011-2012,1,0,0,0,retention
673191938700037,5,1.0,1,4,2,8800,88001,1,1,33,17,16980,0,2.0,1.0,,7,4,23,,1,40,1,,3,1,3,7,2,57,57,57,1,0,0,2.0,1.0,,30.0,,24.0,,,22.0,,,7.0,3.0,0.0,1,2.0,,1.0,850.0,255.0,2.0,2.0,1.0,1.0,2.0,16868.784,4427.8509,0,0,0.0,0.0,0,0,8738,3,,,4.0,,,,4382.5006,9390.0,150.0,-1,,,,,1.0,1.0,163027.0,2011,616,613,0,0,0,0,0,15.0,1.0,51.0,2011,1.0,1,8,2,8800,88001,1,33,17,16980,0,2.0,1.0,,7,4,24,,1,43,1,,1,3,7,2,57,57,57,1,0,0,2.0,1.0,,40.0,,40.0,,,,,,2.0,4.0,0.0,1,2.0,,1.0,1200.0,480.0,2.0,2.0,2.0,,,13334.8264,3284.1687,0,0,1.0,1.0,0,42,18366,3,,,,2.0,,,3332.8417,7190.0,,-1,,,,,1.0,1.0,161913.0,2012,628,613,0,0,0,0,0,16.0,,1.0,4965.0,16.0,35.0,2012,MIS4_to_MIS8,illinois,1,2011-2012,0,1,0,1,retention
799550641220971,5,1.0,4,4,2,8800,88001,1,1,33,17,41180,163,2.0,1.0,,6,1,28,,2,43,2,,1,1,1,7,2,57,57,57,1,0,0,1.0,1.0,,36.0,,36.0,,,,,,2.0,3.0,0.0,1,2.0,2.0,2.0,,323.07,2.0,2.0,,,,9845.3894,2566.0526,2,1,0.0,,0,0,51761,1,,,,1.0,1.0,,2577.1766,7860.0,2310.0,-1,,,,,,,163112.0,2011,616,613,0,1,0,0,1,18.0,8.0,40.0,2011,1.0,4,8,2,8800,88001,1,33,17,41180,163,2.0,1.0,,6,1,29,,2,43,2,,1,1,7,2,57,57,57,1,0,0,1.0,1.0,,22.0,,22.0,,,20.0,,,7.0,5.0,0.0,1,2.0,,1.0,1595.0,350.9,2.0,2.0,,,,10933.9231,2891.4915,2,1,0.0,0.0,0,0,50925,1,,,,1.0,1.0,,2948.831,8290.0,,-1,,,,,,,162008.0,2012,628,613,0,1,0,0,1,18.0,,2.0,4610.0,15.0,42.0,2012,MIS4_to_MIS8,illinois,1,2011-2012,0,1,0,1,retention
936087943179070,5,2.0,1,4,2,8800,88001,1,1,33,17,16980,111,2.0,1.0,,7,1,46,2.0,1,39,1,,1,1,1,1,2,57,57,57,1,0,0,2.0,1.0,,40.0,,44.0,,,,,,2.0,3.0,0.0,1,2.0,1.0,1.0,1900.0,942.3,1.0,,,,,12314.1911,3075.162,10,2,0.0,0.0,0,0,8849,1,1.0,,,,,,3059.8293,770.0,6730.0,-1,,,,,,,163169.0,2011,616,613,0,0,1,1,0,12.0,19.0,4.0,2011,2.0,1,8,2,8800,88001,1,33,17,16980,111,2.0,1.0,,7,1,47,2.0,1,39,1,,1,1,1,2,57,57,57,1,0,0,2.0,1.0,,40.0,,40.0,,,,,,2.0,3.0,0.0,1,2.0,,1.0,2300.0,920.0,1.0,,,,,11851.9796,2957.2859,4,2,0.0,0.0,0,0,18552,1,1.0,,,,,,2971.1611,6290.0,,-1,,,,,,,162064.0,2012,628,613,0,0,0,1,0,12.0,,1.0,6730.0,19.0,23.0,2012,MIS4_to_MIS8,illinois,1,2011-2012,1,0,0,0,retention
570975060717449,5,2.0,1,4,2,8800,88001,1,1,33,17,0,0,3.0,2.0,,0,1,34,2.0,2,40,1,,1,1,1,1,2,57,57,57,1,0,0,1.0,1.0,,50.0,,50.0,,,,,,2.0,3.0,0.0,1,2.0,2.0,2.0,,600.0,1.0,,,,,13409.1084,3397.4483,8,2,0.0,,0,0,5051,1,,,5.0,,,,3407.4687,7860.0,2310.0,-1,,,,,,,163293.0,2011,616,613,0,1,1,0,1,16.0,8.0,40.0,2011,2.0,1,8,2,8800,88001,1,33,17,0,0,3.0,2.0,,0,1,35,2.0,2,43,1,,1,1,1,2,57,57,57,1,0,0,2.0,1.0,,40.0,,40.0,,,,,,2.0,2.0,0.0,1,2.0,2.0,2.0,,692.3,1.0,,,,,12214.3027,2948.5507,3,2,0.0,,0,0,14531,1,,,,1.0,2.0,,2928.6933,7860.0,,-1,,,,,,,162199.0,2012,628,613,0,0,1,0,0,17.0,,1.0,2310.0,8.0,40.0,2012,MIS4_to_MIS8,illinois,1,2011-2012,1,0,0,0,retention
102057701084891,5,2.0,1,4,2,8800,88001,1,1,32,18,26900,81,2.0,1.0,,5,3,46,1.0,2,39,1,,2,1,2,1,2,57,57,57,1,0,0,1.0,1.0,,35.0,,35.0,,,,,,2.0,3.0,0.0,1,2.0,,1.0,1100.0,385.0,2.0,2.0,,,,11241.3319,2685.9667,4,1,0.0,0.0,0,0,51812,2,1.0,,,,,,2758.695,7860.0,2540.0,-1,,,,,,,163647.0,2011,616,613,0,0,0,1,0,12.0,8.0,40.0,2011,2.0,1,8,2,8800,88001,1,32,18,26900,81,2.0,1.0,,5,3,47,1.0,2,39,1,,1,2,1,2,57,57,57,1,0,0,1.0,1.0,,35.0,,35.0,,,,,,2.0,3.0,0.0,1,2.0,1.0,1.0,1100.0,346.15,2.0,2.0,,,,11298.2019,2742.2927,4,1,0.0,0.0,0,0,43129,2,1.0,,,,,,2821.4222,7860.0,,-1,,,,,,,162555.0,2012,628,613,0,0,0,1,0,12.0,,1.0,2540.0,8.0,40.0,2012,MIS4_to_MIS8,indiana,0,2011-2012,1,0,0,0,retention
710800072951814,5,1.0,1,4,2,8800,88001,1,1,32,18,26900,81,2.0,1.0,,5,1,76,2.0,1,39,1,,1,1,1,1,2,57,57,57,1,0,0,1.0,1.0,,-4.0,1.0,15.0,,,1.0,,,3.0,3.0,0.0,1,2.0,,1.0,1300.0,195.0,2.0,2.0,,,,8543.0396,2281.7632,0,0,0.0,0.0,0,0,34907,1,1.0,,,,,,2203.2464,7860.0,4250.0,-1,5.0,,,,,,163702.0,2011,616,613,0,0,0,0,0,12.0,14.0,40.0,2011,1.0,1,8,2,8800,88001,1,32,18,26900,81,2.0,1.0,,5,1,77,2.0,1,39,1,,1,1,1,2,57,57,57,1,0,0,1.0,5.0,,,,,,,,,,1.0,,,2,,,,,,,,,,,9100.3614,2307.8067,0,0,,,0,0,50986,1,1.0,,,,,,2267.2406,,,-1,5.0,,,,,,162611.0,2012,628,613,0,0,0,0,0,12.0,,1.0,,,,2012,MIS4_to_MIS8,indiana,0,2011-2012,0,1,0,0,retention
899910190000971,5,1.0,1,4,2,8800,88001,1,1,32,18,26900,0,2.0,1.0,,5,4,28,,2,40,1,1.0,3,1,3,7,2,57,57,57,1,0,0,2.0,1.0,,25.0,,25.0,,,14.0,,,6.0,3.0,0.0,1,2.0,,1.0,1500.0,375.0,2.0,2.0,,,,12338.0196,3059.6718,0,0,1.0,1.0,0,42,22446,3,,,3.0,,,,3135.2879,7860.0,2310.0,-1,,,,,2.0,1.0,163741.0,2011,616,613,0,0,0,0,0,14.0,8.0,40.0,2011,1.0,1,8,2,8800,88001,1,32,18,26900,0,2.0,1.0,,5,4,28,,2,43,1,1.0,1,3,7,2,57,57,57,1,0,0,2.0,7.0,,,,,,,,,,1.0,,,2,,,,,,,,,,,12740.8753,3482.2918,0,0,,,0,0,18735,3,,,,2.0,,,3363.297,,,-1,,,,,2.0,1.0,162648.0,2012,628,613,0,0,0,0,0,16.0,,1.0,,,,2012,MIS4_to_MIS8,indiana,0,2011-2012,0,1,0,0,retention
907904001894158,5,1.0,4,4,2,8800,88001,1,1,32,18,16980,89,2.0,1.0,,7,1,62,,2,46,1,,1,1,1,3,2,103,103,103,4,0,5,1.0,1.0,,-4.0,,60.0,,,,,,2.0,2.0,0.0,1,2.0,2.0,2.0,,2769.23,1.0,,,,,10157.7262,2567.4518,0,0,0.0,,0,0,22498,1,,,,,,,2587.7507,7870.0,230.0,-1,,,,,,,163752.0,2011,616,613,0,0,0,0,0,18.0,1.0,40.0,2011,1.0,7,8,2,8800,88001,1,32,18,16980,89,2.0,1.0,,7,2,63,,2,46,1,,0,0,3,2,103,103,103,4,0,5,1.0,1.0,,50.0,,50.0,,,,,,2.0,5.0,0.0,1,2.0,2.0,2.0,,2884.61,2.0,2.0,,,,11221.0815,2823.8559,0,0,0.0,,0,0,3056,1,,,,,,,2812.2807,7870.0,,-1,,,,,,,162659.0,2012,628,613,0,0,0,0,0,18.0,,1.0,230.0,1.0,40.0,2012,MIS4_to_MIS8,indiana,0,2011-2012,0,1,0,1,retention
908539270029106,5,1.0,1,4,2,8800,88001,1,1,32,18,21780,0,2.0,1.0,,3,3,32,1.0,1,43,1,,2,1,2,1,2,57,57,57,1,0,0,2.0,1.0,,50.0,,50.0,,,,,,2.0,3.0,0.0,1,2.0,2.0,2.0,,673.07,1.0,,,,,14665.0932,3577.1165,2,2,0.0,,0,0,35028,2,,,,1.0,1.0,,3651.8321,7860.0,2320.0,-1,,,,,,,163757.0,2011,616,613,0,1,0,0,1,18.0,8.0,40.0,2011,2.0,1,8,2,8800,88001,1,32,18,21780,0,2.0,1.0,,3,3,33,1.0,1,43,1,,1,2,1,2,57,57,57,1,0,0,1.0,1.0,,38.0,,38.0,,,,,,2.0,3.0,0.0,1,2.0,2.0,2.0,,947.36,1.0,,,,,17442.3191,4196.089,8,2,0.0,,0,0,18926,2,,,,1.0,1.0,,4296.0361,7860.0,,-1,,,,,,,162662.0,2012,628,613,0,1,1,0,1,18.0,,1.0,2320.0,8.0,40.0,2012,MIS4_to_MIS8,indiana,0,2011-2012,1,0,0,0,retention
999098919179930,5,1.0,1,4,2,8800,88001,1,1,32,18,16980,89,2.0,1.0,,7,1,54,2.0,2,39,2,,1,1,1,1,2,57,57,57,1,0,0,1.0,1.0,,40.0,,40.0,,,,,,2.0,3.0,0.0,1,2.0,2.0,2.0,,415.0,2.0,2.0,,,,8657.2012,2188.7211,0,0,1.0,,0,0,34918,1,1.0,,,,,,2223.2361,7860.0,2540.0,-1,,,,,,,163809.0,2011,616,613,0,0,0,0,0,12.0,8.0,40.0,2011,2.0,1,8,2,8800,88001,1,32,18,16980,89,2.0,1.0,,7,1,56,2.0,2,39,2,,1,1,1,2,57,57,57,1,0,0,2.0,1.0,,35.0,,35.0,,,,,,2.0,3.0,0.0,1,2.0,,1.0,850.0,297.5,2.0,2.0,,,,8957.9722,2489.1009,0,0,0.0,0.0,0,0,32462,1,1.0,,,,,,2555.7571,7860.0,,-1,,,,,,,162717.0,2012,628,613,0,0,0,0,0,12.0,,2.0,2540.0,8.0,40.0,2012,MIS4_to_MIS8,indiana,0,2011-2012,1,0,0,0,retention
918469370669102,5,1.0,1,4,2,8800,88001,1,1,32,18,0,0,3.0,2.0,,0,3,42,1.0,1,40,1,,2,1,2,1,2,57,57,57,1,0,0,2.0,1.0,,40.0,,40.0,,,,,,2.0,3.0,0.0,1,2.0,,1.0,1395.0,558.0,2.0,2.0,,,,14715.8574,3648.9201,4,1,0.0,0.0,0,0,67900,2,,,3.0,,,,3742.754,680.0,8620.0,-1,,,,,,,163903.0,2011,616,613,0,0,0,1,0,14.0,21.0,24.0,2011,1.0,1,8,2,8800,88001,1,32,18,0,0,3.0,2.0,,0,3,42,1.0,1,40,1,,1,2,1,2,57,57,57,1,0,0,2.0,1.0,,40.0,,40.0,,,,,,2.0,3.0,0.0,1,2.0,2.0,2.0,,663.46,1.0,,,,,16339.5834,4083.5373,4,1,0.0,,0,42,54635,2,,,3.0,,,,4170.1291,680.0,,-1,,,,,,,162811.0,2012,628,613,0,0,0,1,0,14.0,,1.0,6750.0,19.0,24.0,2012,MIS4_to_MIS8,indiana,0,2011-2012,1,0,0,0,retention
937038930179660,5,1.0,1,4,2,8800,88001,1,1,32,18,0,0,3.0,2.0,,0,3,50,1.0,2,39,1,,2,1,2,1,2,57,57,57,1,0,0,2.0,1.0,,25.0,,25.0,,,22.0,,,7.0,3.0,0.0,1,2.0,,1.0,1350.0,337.5,2.0,2.0,,,,10733.3331,2613.2823,0,0,1.0,1.0,0,42,9050,2,1.0,,,,,,2634.0289,7860.0,205.0,-1,,,,,,,163915.0,2011,616,613,0,0,0,0,0,12.0,1.0,40.0,2011,1.0,1,8,2,8800,88001,1,32,18,0,0,3.0,2.0,,0,3,51,1.0,2,39,1,,1,2,1,2,57,57,57,1,0,0,2.0,1.0,,32.0,,32.0,,,22.0,,,7.0,3.0,0.0,1,1.0,,1.0,325.0,129.0,2.0,2.0,,,,11202.8602,2753.3691,0,0,1.0,1.0,0,42,58730,2,1.0,,,,,,2797.6132,7860.0,,-1,,,,,,,162826.0,2012,628,613,0,0,0,0,0,12.0,,1.0,4120.0,13.0,40.0,2012,MIS4_to_MIS8,indiana,0,2011-2012,1,0,0,0,retention
981088973179450,5,1.0,4,4,2,8800,88001,1,1,32,18,0,0,3.0,2.0,,0,6,63,5.0,2,41,1,,4,2,1,1,2,57,57,57,1,0,0,2.0,1.0,,15.0,,15.0,,,21.0,,,7.0,3.0,0.0,1,2.0,,1.0,700.0,105.0,2.0,2.0,,,,10383.7798,2624.5888,0,0,0.0,0.0,0,0,35000,4,,,3.0,,,,2645.3394,7860.0,4130.0,-1,,,,,,,163955.0,2011,616,613,0,0,0,0,0,14.0,13.0,40.0,2011,1.0,4,8,2,8800,88001,1,32,18,0,0,3.0,2.0,,0,6,64,5.0,2,42,1,,2,1,1,2,57,57,57,1,0,0,2.0,1.0,,20.0,,20.0,,,18.0,,,7.0,5.0,0.0,1,2.0,,1.0,950.0,190.0,2.0,2.0,,,,11046.8031,2779.9977,0,0,0.0,0.0,0,0,18896,4,,,3.0,,,,2768.6022,7860.0,,-1,,,,,,,162861.0,2012,628,613,0,0,0,0,0,14.0,,1.0,4120.0,13.0,40.0,2012,MIS4_to_MIS8,indiana,0,2011-2012,0,1,0,1,retention
981778037001504,5,1.0,7,4,2,8800,88001,1,1,32,18,0,0,3.0,2.0,,0,2,55,,2,40,1,,1,0,0,5,2,57,57,57,1,0,0,1.0,1.0,,20.0,,40.0,,,,,,2.0,2.0,0.0,1,2.0,2.0,2.0,,346.0,2.0,2.0,,,,10483.1486,2556.0493,0,0,1.0,,0,42,9036,1,,,3.0,,,,2572.5834,9480.0,5000.0,4230,,,,,,,163960.0,2011,616,613,0,0,0,0,0,14.0,17.0,51.0,2011,1.0,7,8,2,8800,88001,1,32,18,0,0,3.0,2.0,,0,2,56,,2,40,1,,0,0,5,2,57,57,57,1,0,0,1.0,1.0,,20.0,,40.0,,,,,,2.0,3.0,0.0,1,2.0,,1.0,1050.0,210.0,2.0,2.0,,,,12984.3749,2985.2992,0,0,1.0,1.0,0,42,18913,1,,,3.0,,,,3073.646,8370.0,,4230,,,,,,,162866.0,2012,628,613,0,0,0,0,0,14.0,,1.0,2025.0,6.0,43.0,2012,MIS4_to_MIS8,indiana,0,2011-2012,1,0,0,0,retention
290765092637049,5,1.0,3,4,2,8800,88001,1,1,21,36,35620,47,1.0,1.0,,7,1,39,,1,39,1,4.0,1,1,1,7,2,57,365,365,1,0,0,1.0,1.0,,40.0,,42.0,,,,,,2.0,3.0,0.0,1,1.0,1.0,1.0,1750.0,700.0,1.0,,,,,21830.5891,5514.8241,3,1,0.0,0.0,0,0,48903,1,2.0,6.0,,,,,5552.2775,9470.0,3850.0,-1,,,,,,,174939.0,2011,616,613,0,0,1,0,0,10.0,12.0,51.0,2011,1.0,3,8,2,8800,88001,1,21,36,35620,47,1.0,1.0,,7,1,40,,1,39,1,4.0,1,1,7,2,57,365,365,1,0,0,1.0,1.0,,40.0,,40.0,,,,,,2.0,1.0,0.0,1,2.0,1.0,1.0,1450.0,1019.23,1.0,,,,,12328.2896,3156.983,3,1,0.0,0.0,0,0,47742,1,2.0,6.0,,,,,3146.3813,7860.0,,-1,,,,,,,173720.0,2012,628,613,0,0,1,0,0,10.0,,1.0,3930.0,12.0,40.0,2012,MIS4_to_MIS8,new_york,0,2011-2012,0,1,1,0,retention
392997405058611,5,1.0,1,4,2,8800,88001,1,1,21,36,35620,47,1.0,1.0,,7,1,57,2.0,1,44,2,,1,1,1,1,2,57,57,57,1,0,0,1.0,1.0,,35.0,,45.0,,,,,,2.0,3.0,0.0,1,2.0,2.0,2.0,,865.0,1.0,,,,,11433.023,3393.832,0,0,1.0,,0,42,29414,1,,,,,,2.0,3409.5217,7870.0,430.0,2630,,,,,,,175063.0,2011,616,613,0,0,0,0,0,18.0,1.0,40.0,2011,1.0,1,8,2,8800,88001,1,21,36,35620,47,1.0,1.0,,7,1,58,2.0,1,44,2,,1,1,1,2,57,57,57,1,0,0,1.0,3.0,,,,,48.0,,,48.0,1.0,11.0,3.0,0.0,2,,,,,,,,,,,8601.8017,2916.5919,0,0,,,0,0,47738,1,,,,,,2.0,2899.9927,7870.0,,-1,,,,,,,173861.0,2012,628,613,0,0,0,0,0,18.0,,2.0,5940.0,17.0,40.0,2012,MIS4_to_MIS8,new_york,0,2011-2012,1,0,0,0,retention
392997405058611,5,1.0,1,4,2,8800,88001,1,1,21,36,35620,47,1.0,1.0,,7,3,54,1.0,2,44,2,,2,1,2,1,2,57,324,324,1,0,0,2.0,1.0,,35.0,,35.0,,,,,,2.0,3.0,0.0,1,2.0,2.0,2.0,,730.0,1.0,,,,,12932.6522,3282.9886,0,0,1.0,,0,42,29414,2,,,,,,2.0,3321.2049,7860.0,230.0,-1,,,,,,,175064.0,2011,616,613,0,0,0,0,0,18.0,1.0,40.0,2011,1.0,1,8,2,8800,88001,1,21,36,35620,47,1.0,1.0,,7,3,55,1.0,2,44,2,,1,2,1,2,57,324,324,1,0,0,2.0,1.0,,40.0,,40.0,,,,,,2.0,3.0,0.0,1,2.0,2.0,2.0,,750.0,1.0,,,,,11516.4982,3234.4503,0,0,1.0,,0,0,47738,2,,,,,,2.0,3285.7182,7860.0,,-1,,,,,,,173862.0,2012,628,613,0,0,0,0,0,18.0,,2.0,230.0,1.0,40.0,2012,MIS4_to_MIS8,new_york,0,2011-2012,1,0,0,0,retention
480962097337519,5,1.0,1,4,2,8800,88001,1,1,21,36,35620,47,1.0,1.0,,7,3,52,1.0,2,44,1,,2,1,2,1,2,163,163,163,4,0,11,2.0,1.0,,35.0,,35.0,,,,,,2.0,3.0,0.0,1,2.0,2.0,2.0,,769.23,2.0,2.0,,,,15646.5165,3825.06,0,0,0.0,,0,0,5764,2,,,,,,2.0,3839.7556,7270.0,5700.0,-1,,,,,,,175155.0,2011,616,613,0,0,0,0,0,18.0,17.0,36.0,2011,1.0,1,8,2,8800,88001,1,21,36,35620,47,1.0,1.0,,7,3,52,1.0,2,44,1,,1,2,1,2,163,163,163,4,0,11,2.0,1.0,,35.0,,35.0,,,,,,2.0,3.0,0.0,1,2.0,2.0,2.0,,769.23,1.0,,,,,14590.891,3624.6376,0,0,0.0,,0,0,1080,2,,,,,,2.0,3643.6828,7270.0,,-1,,,,,,,173951.0,2012,628,613,0,0,0,0,0,18.0,,1.0,5700.0,17.0,36.0,2012,MIS4_to_MIS8,new_york,0,2011-2012,1,0,0,0,retention
607909883891406,5,1.0,7,4,2,8800,88001,1,1,21,36,35620,81,1.0,1.0,,7,2,62,,2,44,1,,1,0,0,4,2,57,57,57,1,0,0,1.0,1.0,,35.0,,35.0,,,,,,2.0,2.0,0.0,1,2.0,2.0,2.0,,530.0,1.0,,,,,14879.1377,3776.1778,0,0,1.0,,0,0,5813,1,,,,,,2.0,3790.5628,7860.0,2310.0,-1,,,,,,,175212.0,2011,616,613,0,0,0,0,0,18.0,8.0,40.0,2011,1.0,7,8,2,8800,88001,1,21,36,35620,81,1.0,1.0,,7,2,63,,2,44,1,,0,0,4,2,57,57,57,1,0,0,1.0,1.0,,35.0,,35.0,,,,,,2.0,2.0,0.0,1,2.0,1.0,1.0,1500.0,1211.0,1.0,,,,,14387.6382,3659.6924,0,0,1.0,1.0,0,0,3765,1,,,,,,2.0,3605.8981,7860.0,,-1,,,,,,,173997.0,2012,628,613,0,0,0,0,0,18.0,,1.0,2300.0,8.0,40.0,2012,MIS4_to_MIS8,new_york,0,2011-2012,1,0,0,0,retention
679230551050973,5,1.0,7,4,2,8800,88001,1,1,21,36,35620,81,1.0,1.0,,7,2,58,,2,40,2,,1,0,0,6,2,414,414,414,5,21,15,1.0,1.0,,35.0,,35.0,,,,,,2.0,3.0,0.0,1,1.0,1.0,1.0,2500.0,870.0,1.0,,,,,16589.6891,4119.9547,0,0,0.0,0.0,0,0,15116,1,,,3.0,,,,4167.9138,9470.0,5120.0,-1,,,,,,,175251.0,2011,616,613,0,0,0,0,0,14.0,17.0,51.0,2011,1.0,7,8,2,8800,88001,1,21,36,35620,81,1.0,1.0,,7,2,60,,2,40,2,,0,0,6,2,332,332,332,4,21,4,1.0,1.0,,35.0,,35.0,,,,,,2.0,3.0,0.0,1,2.0,1.0,1.0,1300.0,1057.69,1.0,,,,,14523.0749,3234.4503,0,0,0.0,1.0,0,0,26635,1,,,3.0,,,,3285.7182,9470.0,,-1,,,,,,,174039.0,2012,628,613,0,0,0,0,0,14.0,,2.0,5120.0,17.0,51.0,2012,MIS4_to_MIS8,new_york,0,2011-2012,1,0,0,0,retention
699730894630973,5,1.0,1,4,2,8800,88001,1,1,21,36,35620,5,1.0,1.0,,7,1,36,2.0,1,39,1,,1,1,1,1,2,57,57,120,1,0,0,1.0,1.0,,40.0,,40.0,,,,,,2.0,3.0,0.0,1,1.0,1.0,1.0,3300.0,1730.76,1.0,,,,,18275.8453,4572.7518,8,2,0.0,0.0,0,0,48813,1,1.0,,,,,,4648.1826,7790.0,9130.0,-1,,,,,,,175278.0,2011,616,613,0,1,1,0,1,12.0,22.0,39.0,2011,1.0,1,8,2,8800,88001,1,21,36,35620,5,1.0,1.0,,7,1,37,2.0,1,39,1,,1,1,1,2,57,57,120,1,0,0,1.0,2.0,4.0,40.0,,,,,,,,5.0,4.0,0.0,1,2.0,1.0,1.0,1600.0,1200.0,1.0,,,,,12847.9502,3232.291,3,2,1.0,1.0,0,0,3709,1,1.0,,,,,,3279.0072,7790.0,,-1,,,,,,,174065.0,2012,628,613,0,0,1,0,0,12.0,,1.0,9130.0,22.0,39.0,2012,MIS4_to_MIS8,new_york,0,2011-2012,0,1,0,1,retention
699730894630973,5,1.0,1,4,2,8800,88001,1,1,21,36,35620,5,1.0,1.0,,7,3,38,1.0,2,44,1,2.0,2,1,2,1,2,57,329,329,1,0,0,2.0,1.0,,40.0,,40.0,,,,,,2.0,3.0,0.0,1,2.0,1.0,1.0,3500.0,1346.15,1.0,,,,,14784.1954,3673.5715,8,2,0.0,1.0,0,0,48813,2,,,,,,2.0,3626.1778,7860.0,3245.0,-1,,,,,,,175279.0,2011,616,613,0,1,1,0,1,18.0,10.0,40.0,2011,1.0,1,8,2,8800,88001,1,21,36,35620,5,1.0,1.0,,7,3,40,1.0,2,44,1,2.0,1,2,1,2,57,329,329,1,0,0,2.0,1.0,,40.0,,40.0,,,,,,2.0,3.0,0.0,1,2.0,2.0,2.0,,692.0,1.0,,,,,10697.151,2612.6112,3,2,1.0,,0,0,3709,2,,,,,,2.0,2564.9171,7860.0,,-1,,,,,,,174066.0,2012,628,613,0,0,1,0,0,18.0,,1.0,3150.0,10.0,40.0,2012,MIS4_to_MIS8,new_york,0,2011-2012,1,0,0,0,retention
763304087903290,5,2.0,7,4,2,8800,88001,1,1,21,36,35620,81,1.0,1.0,,7,2,47,,2,43,1,4.0,1,0,0,7,2,57,555,555,1,0,0,2.0,1.0,,40.0,,40.0,,,,,,2.0,2.0,0.0,1,2.0,2.0,2.0,,1250.0,1.0,,,,,16485.3793,3785.3387,0,0,1.0,,0,0,29574,1,,,,2.0,,,4045.6179,7860.0,2310.0,-1,,,,,,,175355.0,2011,616,613,0,0,0,0,0,16.0,8.0,40.0,2011,1.0,1,8,2,8800,88001,1,21,36,35620,81,1.0,1.0,,7,1,48,2.0,2,43,1,4.0,1,1,1,2,57,555,555,1,0,0,1.0,1.0,,40.0,,40.0,,,,,,2.0,2.0,0.0,1,2.0,2.0,2.0,,1153.0,1.0,,,,,15134.2119,3675.9181,0,0,1.0,,0,0,39046,1,,,,2.0,,,3779.3626,7870.0,,-1,,,,,,,174171.0,2012,628,613,0,0,0,0,0,16.0,,1.0,2000.0,6.0,40.0,2012,MIS4_to_MIS8,new_york,0,2011-2012,1,0,0,0,retention
917086953379240,5,1.0,6,4,2,8800,88001,1,1,21,36,35620,47,1.0,1.0,,7,2,58,,1,43,1,,1,0,0,7,2,57,57,57,1,0,0,1.0,1.0,,40.0,1.0,21.0,,,1.0,,,3.0,3.0,0.0,1,2.0,2.0,2.0,,621.53,1.0,,,,,14250.582,3730.5389,0,0,0.0,,0,0,5763,1,,,,1.0,2.0,,3772.2766,7860.0,2310.0,-1,,,,,,,175414.0,2011,616,613,0,0,0,0,0,17.0,8.0,40.0,2011,1.0,6,8,2,8800,88001,1,21,36,35620,47,1.0,1.0,,7,2,60,,1,43,1,,0,0,7,2,57,57,57,1,0,0,1.0,1.0,,39.0,,36.0,,,,,,2.0,3.0,0.0,1,2.0,2.0,2.0,,750.0,2.0,1.0,,,,12150.7488,3205.9351,0,0,0.0,,0,0,3732,1,,,,1.0,2.0,,3203.1322,7860.0,,-1,,,,,,,174243.0,2012,628,613,0,0,0,0,0,17.0,,1.0,2310.0,8.0,40.0,2012,MIS4_to_MIS8,new_york,0,2011-2012,1,0,0,0,retention
947066938379390,5,4.0,1,4,2,8800,88001,1,1,21,36,35620,5,1.0,1.0,,7,1,56,2.0,1,39,1,,1,1,1,1,2,57,57,57,1,0,0,2.0,1.0,,40.0,,40.0,,,,,,2.0,3.0,0.0,1,2.0,2.0,2.0,,1692.0,2.0,2.0,,,,14250.582,3730.5389,0,0,1.0,,0,42,55815,1,1.0,,,,,,3772.2766,9470.0,3740.0,-1,,,,,,,175440.0,2011,616,613,0,0,0,0,0,12.0,12.0,51.0,2011,1.0,1,8,2,8800,88001,1,21,36,35620,5,1.0,1.0,,7,1,57,2.0,1,39,1,,1,1,1,2,57,57,57,1,0,0,1.0,1.0,,35.0,,35.0,,,,,,2.0,3.0,0.0,1,2.0,2.0,2.0,,250.0,2.0,2.0,,,,12702.8929,3171.137,0,0,1.0,,0,0,68242,1,1.0,,,,,,3226.5347,9470.0,,-1,,,,,,,174278.0,2012,628,613,0,0,0,0,0,12.0,,1.0,3740.0,12.0,51.0,2012,MIS4_to_MIS8,new_york,0,2011-2012,1,0,0,0,retention
947066938379390,5,4.0,1,4,2,8800,88001,1,1,21,36,35620,5,1.0,1.0,,7,4,18,,1,43,1,,3,1,3,7,2,57,57,57,1,0,0,2.0,1.0,,40.0,,40.0,,,,,,2.0,3.0,0.0,1,2.0,2.0,2.0,,288.0,2.0,2.0,2.0,,,18414.8043,4514.8789,0,0,1.0,,0,42,55815,3,,,,2.0,,,4460.0939,9470.0,3850.0,-1,,,,,2.0,1.0,175442.0,2011,616,613,0,0,0,0,0,16.0,12.0,51.0,2011,1.0,1,8,2,8800,88001,1,21,36,35620,5,1.0,1.0,,7,4,19,,1,43,1,,1,3,7,2,57,57,57,1,0,0,2.0,1.0,,35.0,,35.0,,,,,,2.0,3.0,0.0,1,2.0,2.0,2.0,,300.0,2.0,2.0,1.0,1.0,2.0,13642.8894,3364.0484,0,0,1.0,,0,0,68242,3,,,,2.0,,,3316.3264,9470.0,,-1,,,,,2.0,1.0,174280.0,2012,628,613,0,0,0,0,0,16.0,,1.0,3850.0,12.0,51.0,2012,MIS4_to_MIS8,new_york,0,2011-2012,1,0,0,0,retention
963283087906391,5,1.0,1,4,2,8800,88001,1,1,21,36,35620,81,1.0,1.0,,7,4,56,,1,41,1,,3,1,3,7,2,57,73,57,1,0,0,2.0,5.0,,,,,,,,,,1.0,3.0,0.0,2,,,,,,,,,,,14286.9742,3730.5389,0,0,,,0,0,15114,3,,,3.0,,,,3663.0863,6290.0,9200.0,-1,,,,,2.0,1.0,175485.0,2011,616,613,0,0,0,0,0,14.0,22.0,23.0,2011,2.0,1,8,2,8800,88001,1,21,36,35620,81,1.0,1.0,,7,4,57,,1,41,1,,1,3,7,2,57,73,57,1,0,0,2.0,6.0,,,,,,,,,,1.0,,,2,,,,,,,,,,,11985.5927,3171.137,0,0,,,0,0,10797,3,,,5.0,,,,3060.2034,,,-1,,,,,2.0,1.0,174312.0,2012,628,613,0,0,0,0,0,16.0,,1.0,,,,2012,MIS4_to_MIS8,new_york,0,2011-2012,0,1,0,0,retention
996019870769305,5,2.0,1,4,2,8800,88001,1,1,21,36,10580,0,1.0,1.0,,4,3,54,1.0,2,40,1,,2,1,2,1,2,57,57,57,1,0,0,1.0,1.0,,38.0,,38.0,,,,,,2.0,2.0,0.0,1,2.0,2.0,2.0,,550.0,1.0,,,,,12161.0703,3060.5515,0,0,1.0,,0,42,55799,2,,,2.0,,,,2984.4047,9380.0,5700.0,-1,,,,,,,175520.0,2011,616,613,0,0,0,0,0,13.0,17.0,51.0,2011,1.0,1,8,2,8800,88001,1,21,36,10580,0,1.0,1.0,,4,3,54,1.0,2,40,1,,1,2,1,2,57,57,57,1,0,0,2.0,1.0,,38.0,,38.0,,,,,,2.0,2.0,0.0,1,2.0,2.0,2.0,,519.23,1.0,,,,,12341.5016,3117.8118,0,0,0.0,,0,0,26257,2,,,2.0,,,,3081.9583,9380.0,,-1,,,,,,,174350.0,2012,628,613,0,0,0,0,0,13.0,,1.0,5700.0,17.0,51.0,2012,MIS4_to_MIS8,new_york,0,2011-2012,1,0,0,0,retention
996379370469308,5,1.0,1,4,2,8800,88001,1,1,21,36,35620,5,1.0,1.0,,7,1,53,2.0,1,44,1,,1,1,1,1,2,57,57,57,1,0,0,1.0,1.0,,40.0,,80.0,,,,,,2.0,3.0,0.0,1,2.0,1.0,1.0,1400.0,2500.0,1.0,,,,,17048.9387,4161.4851,4,1,0.0,1.0,0,0,55814,1,,,,,,1.0,4236.319,7860.0,2310.0,430,,,,,,,175522.0,2011,616,613,0,0,0,1,0,17.0,8.0,40.0,2011,1.0,1,8,2,8800,88001,1,21,36,35620,5,1.0,1.0,,7,1,54,2.0,1,44,1,,1,1,1,2,57,57,57,1,0,0,1.0,1.0,,40.0,,92.0,,,,,,2.0,3.0,0.0,1,2.0,2.0,2.0,,2634.61,1.0,,,,,11852.4148,2946.8456,4,1,0.0,,0,0,47665,1,,,,,,1.0,2971.2702,7860.0,,735,,,,,,,174352.0,2012,628,613,0,0,0,1,0,17.0,,1.0,2310.0,8.0,40.0,2012,MIS4_to_MIS8,new_york,0,2011-2012,1,0,0,0,retention
74773760974195,5,2.0,1,4,2,8800,88001,1,1,21,36,10580,0,2.0,1.0,,4,1,31,2.0,1,43,1,,1,1,1,1,2,57,57,57,1,0,0,2.0,1.0,,38.0,,60.0,,,,,,2.0,2.0,0.0,1,2.0,2.0,2.0,,692.0,1.0,,,,,13989.9406,3527.2829,1,1,1.0,,0,42,14670,1,,,,2.0,,,3483.7088,9570.0,710.0,230,,,,,,,175586.0,2011,616,613,1,0,0,0,1,16.0,2.0,51.0,2011,2.0,1,8,2,8800,88001,1,21,36,10580,0,2.0,1.0,,4,1,32,2.0,1,43,1,,1,1,1,2,57,57,57,1,0,0,2.0,1.0,,40.0,,70.0,,,,,,2.0,2.0,0.0,1,2.0,2.0,2.0,,1057.69,1.0,,,,,15932.0309,3939.6531,1,1,0.0,,0,0,38773,1,,,,2.0,,,3924.0528,9570.0,,2720,,,,,,,174412.0,2012,628,613,1,0,0,0,1,16.0,,1.0,1006.0,3.0,51.0,2012,MIS4_to_MIS8,new_york,0,2011-2012,1,0,0,0,retention
74773760974195,5,2.0,1,4,2,8800,88001,1,1,21,36,10580,0,2.0,1.0,,4,3,32,1.0,2,43,1,,2,1,2,1,2,57,57,57,1,0,0,1.0,1.0,,38.0,,38.0,,,,,,2.0,2.0,0.0,1,2.0,,1.0,1100.0,418.0,1.0,,,,,11532.0964,2958.886,1,1,1.0,1.0,0,42,14670,2,,,,2.0,,,2930.49,9470.0,5700.0,-1,,,,,,,175587.0,2011,616,613,1,0,0,0,1,16.0,17.0,51.0,2011,2.0,1,8,2,8800,88001,1,21,36,10580,0,2.0,1.0,,4,3,33,1.0,2,43,1,,1,2,1,2,57,57,57,1,0,0,1.0,1.0,,38.0,,38.0,,,,,,2.0,2.0,0.0,1,2.0,2.0,2.0,,903.84,1.0,,,,,11964.7505,2947.0453,1,1,0.0,,0,0,38773,2,,,,2.0,,,2957.5901,9470.0,,-1,,,,,,,174413.0,2012,628,613,1,0,0,0,1,16.0,,1.0,5700.0,17.0,51.0,2012,MIS4_to_MIS8,new_york,0,2011-2012,1,0,0,0,retention
263528057908597,5,1.0,7,4,2,8800,88001,1,1,21,36,35620,119,2.0,1.0,,7,2,67,,2,44,1,,1,0,0,5,2,57,57,128,1,0,0,1.0,1.0,,35.0,,38.0,,,,,,2.0,3.0,0.0,1,2.0,2.0,2.0,,1211.53,1.0,,,,,12098.7899,2919.1021,0,0,0.0,,0,0,2173,1,,,,,,2.0,2842.5985,8370.0,2010.0,-1,,,,,,,175652.0,2011,616,613,0,0,0,0,0,18.0,6.0,43.0,2011,1.0,7,8,2,8800,88001,1,21,36,35620,119,2.0,1.0,,7,2,69,,2,44,1,,0,0,5,2,57,57,128,1,0,0,1.0,2.0,4.0,35.0,,,,,,,,5.0,3.0,0.0,1,2.0,2.0,2.0,,1307.69,1.0,,,,,13042.3339,3385.5544,0,0,0.0,,0,42,39153,1,,,,,,2.0,3257.0919,8370.0,,-1,,,,,,,174476.0,2012,628,613,0,0,0,0,0,18.0,,1.0,2010.0,6.0,43.0,2012,MIS4_to_MIS8,new_york,0,2011-2012,1,0,0,0,retention
395907406003683,5,2.0,1,4,2,8800,88001,1,1,21,36,35620,103,2.0,1.0,,7,3,32,1.0,2,43,1,,2,1,2,1,2,57,57,57,1,0,0,1.0,3.0,,,,,4.0,,,4.0,1.0,11.0,3.0,0.0,2,,,,,,,,,,,12300.6801,3055.5464,1,1,,,0,0,29643,2,,,,1.0,1.0,,3198.8254,7860.0,2310.0,-1,,,,,,,175742.0,2011,616,613,1,0,0,0,1,18.0,8.0,40.0,2011,1.0,1,8,2,8800,88001,1,21,36,35620,103,2.0,1.0,,7,3,33,1.0,2,44,1,,1,2,1,2,57,57,57,1,0,0,2.0,1.0,,40.0,,40.0,,,,,,2.0,3.0,0.0,1,2.0,2.0,2.0,,630.0,2.0,2.0,,,,12813.0339,3155.9865,2,1,1.0,,0,0,26715,2,,,,,,2.0,3167.279,7860.0,,-1,,,,,,,174572.0,2012,628,613,0,1,0,0,1,18.0,,1.0,3150.0,10.0,40.0,2012,MIS4_to_MIS8,new_york,0,2011-2012,1,0,0,0,retention
395967203035608,5,2.0,1,4,2,8800,88001,1,1,21,36,35620,59,2.0,1.0,,7,1,57,2.0,1,40,1,4.0,1,1,1,1,2,314,314,314,4,0,5,2.0,1.0,,40.0,,40.0,,,,,,2.0,3.0,0.0,1,2.0,1.0,1.0,3000.0,1346.15,1.0,,,,,11777.8289,3146.6024,0,0,0.0,0.0,0,0,14920,1,,,1.0,,,,3117.7132,6180.0,9120.0,-1,,,,,,,175744.0,2011,616,613,0,0,0,0,0,12.0,22.0,23.0,2011,4.0,1,8,2,8800,88001,1,21,36,35620,59,2.0,1.0,,7,1,58,2.0,1,40,1,4.0,1,1,1,2,314,314,314,4,0,5,2.0,1.0,,40.0,,40.0,,,,,,2.0,4.0,0.0,1,1.0,,1.0,1650.0,1117.5,1.0,,,,,14057.1797,3541.4494,0,0,1.0,1.0,0,42,55546,1,,,3.0,,,,3570.5235,6180.0,,-1,,,,,,,174574.0,2012,628,613,0,0,0,0,0,14.0,,1.0,9000.0,22.0,23.0,2012,MIS4_to_MIS8,new_york,0,2011-2012,0,1,0,1,retention
397957502085628,5,2.0,4,4,2,8800,88001,1,1,21,36,35620,119,2.0,1.0,,7,1,43,,2,43,2,,1,1,1,5,2,57,57,57,1,0,0,2.0,2.0,4.0,45.0,,,,,,,,5.0,3.0,0.0,1,2.0,,1.0,2500.0,1125.0,1.0,,,,,19474.2467,4657.8865,0,0,1.0,1.0,0,42,2172,1,,,,2.0,,,4655.5494,9470.0,3710.0,-1,,,,,2.0,,175763.0,2011,616,613,0,0,0,0,0,16.0,12.0,51.0,2011,2.0,4,8,2,8800,88001,1,21,36,35620,119,2.0,1.0,,7,1,43,,2,43,2,,1,1,5,2,57,57,57,1,0,0,2.0,1.0,,45.0,,45.0,,,,,,2.0,3.0,0.0,1,1.0,2.0,2.0,,2423.07,1.0,,,,,16591.0813,4282.1243,0,0,0.0,,0,0,1205,1,,,,1.0,2.0,,4248.3,9470.0,,-1,,,,,2.0,,174590.0,2012,628,613,0,0,0,0,0,17.0,,2.0,3710.0,12.0,51.0,2012,MIS4_to_MIS8,new_york,0,2011-2012,1,0,0,0,retention
629440370740973,5,1.0,1,4,2,8800,88001,1,1,21,36,35620,103,2.0,1.0,,7,1,54,2.0,2,39,2,,1,1,1,1,2,57,57,57,1,0,0,1.0,1.0,,40.0,,40.0,,,,,,2.0,2.0,0.0,1,2.0,2.0,2.0,,769.23,1.0,,,,,11073.0445,2893.7174,0,0,0.0,,0,0,15212,1,1.0,,,,,,2843.6433,8190.0,3245.0,-1,,,,,,,175818.0,2011,616,613,0,0,0,0,0,12.0,10.0,41.0,2011,1.0,1,8,2,8800,88001,1,21,36,35620,103,2.0,1.0,,7,1,55,2.0,2,39,2,,1,1,1,2,57,57,57,1,0,0,1.0,1.0,,40.0,,47.0,,,,,,2.0,2.0,0.0,1,2.0,2.0,2.0,,884.61,1.0,,,,,10325.8662,2949.2097,0,0,0.0,,0,0,10883,1,1.0,,,,,,2946.0246,8190.0,,-1,,,,,,,174648.0,2012,628,613,0,0,0,0,0,12.0,,2.0,3655.0,11.0,41.0,2012,MIS4_to_MIS8,new_york,0,2011-2012,1,0,0,0,retention
679740637400973,5,2.0,1,4,2,8800,88001,1,1,21,36,35620,59,2.0,1.0,,7,3,52,1.0,1,42,1,,2,1,2,1,2,57,57,57,1,0,0,1.0,5.0,,,,,,,,,,1.0,3.0,0.0,2,,,,,,,,,,,12459.7431,3118.1862,0,0,,,0,0,32647,2,,,3.0,,,,3194.5962,8560.0,2720.0,-1,,,,,,,175874.0,2011,616,613,0,0,0,0,0,14.0,9.0,44.0,2011,1.0,1,8,2,8800,88001,1,21,36,35620,59,2.0,1.0,,7,3,53,1.0,1,42,1,,1,2,1,2,57,57,57,1,0,0,2.0,5.0,,,,,,,,,,1.0,,,2,,,,,,,,,,,11682.6056,2950.4056,0,0,,,0,0,15106,2,,,3.0,,,,2982.8437,,,-1,,,,,,,174703.0,2012,628,613,0,0,0,0,0,14.0,,1.0,,,,2012,MIS4_to_MIS8,new_york,0,2011-2012,0,1,0,0,retention
700462098137719,5,1.0,7,4,2,8800,88001,1,1,21,36,35620,103,2.0,1.0,,7,2,57,,2,45,1,,1,0,0,5,2,57,57,128,1,0,0,1.0,1.0,,41.0,,41.0,,,,,,2.0,2.0,0.0,1,2.0,2.0,2.0,,1000.0,1.0,,,,,11532.0762,2906.4386,0,0,1.0,,0,42,2135,1,,,,,,,2829.9921,8190.0,3060.0,-1,,,,,,,175899.0,2011,616,613,0,0,0,0,0,18.0,10.0,41.0,2011,1.0,7,8,2,8800,88001,1,21,36,35620,103,2.0,1.0,,7,2,58,,2,45,1,,0,0,5,2,57,57,128,1,0,0,1.0,1.0,,36.0,,36.0,,,,,,2.0,2.0,0.0,1,2.0,,1.0,1500.0,540.0,2.0,2.0,,,,15007.302,3546.6295,0,0,1.0,1.0,0,42,39116,1,,,,,,,3552.511,8190.0,,-1,,,,,,,174729.0,2012,628,613,0,0,0,0,0,18.0,,1.0,3060.0,10.0,41.0,2012,MIS4_to_MIS8,new_york,0,2011-2012,1,0,0,0,retention
730609944150984,5,1.0,1,4,2,8800,88001,1,1,21,36,45060,67,2.0,1.0,,4,3,38,1.0,1,44,1,,2,1,2,1,2,57,57,57,1,0,0,2.0,1.0,,-4.0,,50.0,,,,,,2.0,3.0,0.0,1,2.0,2.0,2.0,,2115.0,1.0,,,,,14513.4702,3738.3393,11,4,1.0,,0,42,48962,2,,,,,,2.0,3691.2799,7860.0,2310.0,-1,,,,,,,175925.0,2011,616,613,1,1,1,0,1,18.0,8.0,40.0,2011,1.0,1,8,2,8800,88001,1,21,36,45060,67,2.0,1.0,,4,3,39,1.0,1,44,1,,1,2,1,2,57,57,57,1,0,0,2.0,1.0,,40.0,,40.0,,,,,,2.0,3.0,0.0,1,2.0,2.0,2.0,,2307.0,1.0,,,,,14817.453,3790.9607,11,4,1.0,,0,42,26566,2,,,,,,2.0,3781.6565,7860.0,,-1,,,,,,,174754.0,2012,628,613,1,1,1,0,1,18.0,,1.0,2310.0,8.0,40.0,2012,MIS4_to_MIS8,new_york,0,2011-2012,1,0,0,0,retention
906649770649303,5,2.0,1,4,2,8800,88001,1,1,21,36,35620,119,2.0,1.0,,7,1,56,2.0,1,40,1,,1,1,1,1,2,57,57,119,1,0,0,2.0,1.0,,40.0,,40.0,,,,,,2.0,3.0,0.0,1,2.0,1.0,1.0,2025.0,711.0,1.0,,,,,10372.3941,2795.2797,0,0,1.0,1.0,0,0,29686,1,,,4.0,,,,2745.6801,7860.0,4250.0,-1,4.0,,,,,,175990.0,2011,616,613,0,0,0,0,0,15.0,14.0,40.0,2011,2.0,1,8,2,8800,88001,1,21,36,35620,119,2.0,1.0,,7,1,57,2.0,1,39,1,,1,1,1,2,57,57,119,1,0,0,2.0,1.0,,40.0,,40.0,,,,,,2.0,4.0,0.0,1,2.0,,1.0,1750.0,700.0,1.0,,,,,12506.2718,3174.968,0,0,1.0,1.0,0,0,10935,1,1.0,,,,,,3176.5929,7860.0,,-1,4.0,,,,,,174826.0,2012,628,613,0,0,0,0,0,12.0,,1.0,7315.0,20.0,40.0,2012,MIS4_to_MIS8,new_york,0,2011-2012,0,1,0,1,retention
936969770969308,5,1.0,7,4,2,8800,88001,1,1,21,36,45060,67,2.0,1.0,,4,2,31,,2,44,1,,1,0,0,7,2,57,57,57,1,0,0,1.0,1.0,,50.0,,50.0,,,,,,2.0,3.0,0.0,1,2.0,2.0,2.0,,850.0,1.0,,,,,11532.0964,2958.886,0,0,0.0,,0,0,55917,1,,,,,,1.0,2930.49,7860.0,2430.0,-1,,,,,,,176027.0,2011,616,613,0,0,0,0,0,17.0,8.0,40.0,2011,1.0,7,8,2,8800,88001,1,21,36,45060,67,2.0,1.0,,4,2,32,,2,44,1,,0,0,7,2,57,57,57,1,0,0,1.0,1.0,,45.0,,47.0,,,,,,2.0,3.0,0.0,1,2.0,2.0,2.0,,1038.46,1.0,,,,,11964.7505,2947.0453,0,0,0.0,,0,0,1141,1,,,,,,1.0,2957.5901,7860.0,,-1,,,,,,,174856.0,2012,628,613,0,0,0,0,0,17.0,,1.0,2430.0,8.0,40.0,2012,MIS4_to_MIS8,new_york,0,2011-2012,1,0,0,0,retention
699770986790973,5,1.0,1,4,2,8800,88001,1,1,21,36,0,0,3.0,2.0,,0,1,47,2.0,1,40,1,,1,1,1,1,2,57,57,57,1,0,0,1.0,1.0,,40.0,,40.0,,,,,,2.0,3.0,0.0,1,2.0,,1.0,2200.0,880.0,1.0,,,,,10874.9033,2750.1382,0,0,0.0,0.0,0,0,64157,1,,,2.0,,,,2702.1951,680.0,8620.0,-1,3.0,,,,,,176187.0,2011,616,613,0,0,0,0,0,13.0,21.0,24.0,2011,1.0,1,8,2,8800,88001,1,21,36,0,0,3.0,2.0,,0,1,48,2.0,1,40,1,,1,1,1,2,57,57,57,1,0,0,1.0,1.0,,40.0,,40.0,,,,,,2.0,3.0,0.0,1,2.0,,1.0,2200.0,880.0,1.0,,,,,11374.5687,2852.3501,0,0,0.0,0.0,0,0,30057,1,,,2.0,,,,2851.4795,680.0,,-1,3.0,,,,,,175008.0,2012,628,613,0,0,0,0,0,13.0,,1.0,8620.0,21.0,24.0,2012,MIS4_to_MIS8,new_york,0,2011-2012,1,0,0,0,retention
240968096437799,5,2.0,6,4,2,8800,88001,1,1,21,36,46540,0,,1.0,,3,2,31,,1,43,1,,1,0,0,7,2,57,57,57,1,0,0,2.0,1.0,,50.0,,54.0,,,,,,2.0,3.0,0.0,1,1.0,2.0,2.0,,980.76,1.0,,,,,14879.8293,3751.6505,0,0,0.0,,0,0,55912,1,,,,2.0,,,3705.3047,9470.0,3850.0,-1,,,,,,,176289.0,2011,616,613,0,0,0,0,0,16.0,12.0,51.0,2011,2.0,1,8,2,8800,88001,1,21,36,46540,0,,1.0,,3,1,32,2.0,1,43,1,,1,1,1,2,57,57,57,1,0,0,2.0,1.0,,50.0,,45.0,,,,,,2.0,3.0,0.0,1,2.0,1.0,1.0,2500.0,961.53,1.0,,,,,16262.1131,4021.2755,1,1,0.0,0.0,0,0,38983,1,,,,2.0,,,4005.3519,9470.0,,-1,,,,,,,175128.0,2012,628,613,1,0,0,0,1,16.0,,1.0,3850.0,12.0,51.0,2012,MIS4_to_MIS8,new_york,0,2011-2012,1,0,0,0,retention
240968096437799,5,2.0,6,4,2,8800,88001,1,1,21,36,46540,0,,1.0,,3,14,30,,2,44,1,,2,0,0,7,2,57,57,57,1,0,0,1.0,1.0,,40.0,,40.0,,,,,,2.0,3.0,0.0,1,2.0,2.0,2.0,,865.38,1.0,,,,,12265.6436,3147.0983,0,0,0.0,,0,0,55912,2,,,,,,2.0,3116.8961,7860.0,2330.0,-1,,,,,,,176290.0,2011,616,613,0,0,0,0,0,18.0,8.0,40.0,2011,2.0,1,8,2,8800,88001,1,21,36,46540,0,,1.0,,3,3,31,1.0,2,44,1,,1,2,1,2,57,57,57,1,0,0,1.0,2.0,8.0,40.0,,,,,,,,5.0,3.0,0.0,1,2.0,2.0,2.0,,884.61,1.0,,,,,12212.638,3008.1026,1,1,0.0,,0,0,38983,2,,,,,,2.0,3018.8659,7860.0,,-1,,,,,,,175129.0,2012,628,613,1,0,0,0,1,18.0,,1.0,2310.0,8.0,40.0,2012,MIS4_to_MIS8,new_york,0,2011-2012,1,0,0,0,retention
600965095537559,5,1.0,1,4,2,8800,88001,1,1,21,36,39100,27,,1.0,,4,1,53,2.0,2,44,1,,1,1,1,1,2,57,57,57,1,0,0,1.0,1.0,,40.0,,40.0,,,,,,2.0,3.0,0.0,1,2.0,2.0,2.0,,1384.61,1.0,,,,,11807.2937,2971.5173,0,0,0.0,,0,0,14721,1,,,,,,2.0,2897.5857,7860.0,2310.0,-1,,,,,,,176306.0,2011,616,613,0,0,0,0,0,18.0,8.0,40.0,2011,1.0,1,8,2,8800,88001,1,21,36,39100,27,,1.0,,4,1,55,2.0,2,44,1,,1,1,1,2,57,57,57,1,0,0,1.0,1.0,,35.0,,35.0,,,,,,2.0,3.0,0.0,1,2.0,2.0,2.0,,1600.0,1.0,,,,,15007.302,3546.6295,0,0,1.0,,0,0,26324,1,,,,,,2.0,3552.511,7860.0,,-1,,,,,,,175148.0,2012,628,613,0,0,0,0,0,18.0,,1.0,2310.0,8.0,40.0,2012,MIS4_to_MIS8,new_york,0,2011-2012,1,0,0,0,retention
663154087908496,5,1.0,1,4,2,8800,88001,1,1,21,36,13780,0,,1.0,,3,1,64,2.0,2,42,1,,1,1,1,1,2,57,57,57,1,0,0,1.0,1.0,,40.0,,40.0,,,,,,2.0,3.0,0.0,1,2.0,2.0,2.0,,1115.38,2.0,2.0,,,,11061.4125,2889.9648,0,0,0.0,,0,0,55822,1,,,3.0,,,,2817.971,7860.0,5700.0,-1,,,,,,,176312.0,2011,616,613,0,0,0,0,0,14.0,17.0,40.0,2011,1.0,1,8,2,8800,88001,1,21,36,13780,0,,1.0,,3,1,65,2.0,2,42,1,,1,1,1,2,57,57,57,1,0,0,1.0,5.0,,,,,,,,,,1.0,,,2,,,,,,,,,,,12775.1417,3161.4147,0,0,,,0,0,59457,1,,,4.0,,,,3185.0568,,,-1,,,,,,,175152.0,2012,628,613,0,0,0,0,0,15.0,,1.0,,,,2012,MIS4_to_MIS8,new_york,0,2011-2012,0,1,0,0,retention
663154087908496,5,1.0,1,4,2,8800,88001,1,1,21,36,13780,0,,1.0,,3,3,69,1.0,1,39,1,,2,1,2,1,2,57,57,57,1,0,0,2.0,1.0,,15.0,,15.0,,,21.0,,,7.0,3.0,0.0,1,2.0,2.0,2.0,,175.0,2.0,2.0,,,,10610.8748,2929.4461,0,0,0.0,,0,0,55822,2,1.0,,,,,,2736.5403,7860.0,3955.0,-1,,,,,,,176313.0,2011,616,613,0,0,0,0,0,12.0,12.0,40.0,2011,1.0,1,8,2,8800,88001,1,21,36,13780,0,,1.0,,3,3,70,1.0,1,39,1,,1,2,1,2,57,57,57,1,0,0,2.0,1.0,,20.0,,20.0,,,21.0,,,7.0,3.0,0.0,1,2.0,,1.0,1056.0,211.2,2.0,2.0,,,,10356.2108,2775.6476,0,0,1.0,1.0,0,42,59457,2,1.0,,,,,,2662.534,7860.0,,-1,,,,,,,175153.0,2012,628,613,0,0,0,0,0,12.0,,1.0,4130.0,13.0,40.0,2012,MIS4_to_MIS8,new_york,0,2011-2012,1,0,0,0,retention
699550565050973,5,1.0,1,4,2,8800,88001,1,1,21,36,39100,27,,1.0,,4,1,41,2.0,2,42,1,,1,1,1,1,2,57,57,57,1,0,0,1.0,1.0,,40.0,,40.0,,,,,,2.0,3.0,0.0,1,2.0,2.0,2.0,,2124.26,1.0,,,,,12635.1834,3120.9727,4,2,0.0,,0,0,5747,1,,,3.0,,,,3099.0812,7860.0,5860.0,-1,,,,,,,176316.0,2011,616,613,0,0,0,1,0,14.0,17.0,40.0,2011,1.0,1,8,2,8800,88001,1,21,36,39100,27,,1.0,,4,1,42,2.0,2,42,1,,1,1,1,2,57,57,57,1,0,0,1.0,1.0,,45.0,,45.0,,,,,,2.0,3.0,0.0,1,2.0,2.0,2.0,,1050.0,1.0,,,,,13256.3412,3202.5256,4,1,0.0,,0,0,47691,1,,,3.0,,,,3178.5488,7860.0,,-1,,,,,,,175160.0,2012,628,613,0,0,0,1,0,14.0,,1.0,5700.0,17.0,40.0,2012,MIS4_to_MIS8,new_york,0,2011-2012,1,0,0,0,retention
730609970632489,5,2.0,1,4,2,8800,88001,1,1,21,36,46540,0,,1.0,,3,1,53,2.0,2,43,1,,1,1,1,1,2,57,57,57,1,0,0,2.0,1.0,,40.0,,40.0,,,,,,2.0,2.0,0.0,1,2.0,2.0,2.0,,1250.0,1.0,,,,,11433.7771,2877.5151,4,1,0.0,,0,0,32651,1,,,,1.0,1.0,,2805.9223,9480.0,2010.0,-1,,,,,,,176332.0,2011,616,613,0,0,0,1,0,18.0,6.0,51.0,2011,1.0,1,8,2,8800,88001,1,21,36,46540,0,,1.0,,3,1,55,2.0,2,41,1,,1,1,1,2,57,57,57,1,0,0,1.0,1.0,,40.0,,40.0,,,,,,2.0,2.0,0.0,1,2.0,2.0,2.0,,1144.3,2.0,2.0,,,,14013.7477,3311.8258,0,0,0.0,,0,0,59531,1,,,3.0,,,,3317.318,9480.0,,-1,,,,,,,175173.0,2012,628,613,0,0,0,0,0,14.0,,1.0,2016.0,6.0,51.0,2012,MIS4_to_MIS8,new_york,0,2011-2012,1,0,0,0,retention
907906323894706,5,1.0,1,4,2,8800,88001,1,1,21,36,46540,0,,1.0,,3,3,46,1.0,1,35,1,,2,1,2,1,2,57,57,57,1,0,0,2.0,1.0,,40.0,,40.0,,,,,,2.0,2.0,0.0,1,2.0,1.0,1.0,1300.0,1211.53,1.0,,,,,11116.17,2811.1518,10,2,0.0,1.0,0,0,40642,2,,,,,,,2762.1451,9470.0,3800.0,-1,,,,,,,176350.0,2011,616,613,0,0,1,1,0,9.0,12.0,51.0,2011,1.0,1,8,2,8800,88001,1,21,36,46540,0,,1.0,,3,3,47,1.0,1,39,1,,1,2,1,2,57,57,57,1,0,0,2.0,1.0,,40.0,,40.0,,,,,,2.0,2.0,0.0,1,2.0,2.0,2.0,,1115.38,1.0,,,,,11224.5312,2814.7258,10,2,0.0,,0,0,26551,2,1.0,,,,,,2813.8667,9470.0,,-1,,,,,,,175186.0,2012,628,613,0,0,1,1,0,12.0,,1.0,3800.0,12.0,51.0,2012,MIS4_to_MIS8,new_york,0,2011-2012,1,0,0,0,retention
969056969379580,5,1.0,7,4,2,8800,88001,1,1,21,36,13780,0,,1.0,,3,2,44,,2,42,1,,1,0,0,5,2,120,120,120,4,0,4,1.0,1.0,,38.0,,36.0,,,,,,2.0,2.0,0.0,1,2.0,2.0,2.0,,692.3,1.0,,,,,13013.7657,3214.485,0,0,0.0,,0,0,55823,1,,,3.0,,,,3191.9376,9480.0,5110.0,-1,,,,,,,176377.0,2011,616,613,0,0,0,0,0,14.0,17.0,51.0,2011,1.0,7,8,2,8800,88001,1,21,36,13780,0,,1.0,,3,2,45,,2,42,1,,0,0,5,2,120,120,120,4,0,4,1.0,1.0,,40.0,,40.0,,,,,,2.0,2.0,0.0,1,2.0,2.0,2.0,,1153.0,1.0,,,,,12253.2223,3057.0404,0,0,1.0,,0,42,61808,1,,,3.0,,,,3059.9129,7860.0,,-1,,,,,,,175211.0,2012,628,613,0,0,0,0,0,14.0,,1.0,2860.0,9.0,40.0,2012,MIS4_to_MIS8,new_york,0,2011-2012,1,0,0,0,retention
299790203580974,5,1.0,1,4,2,8800,88001,1,1,23,42,42540,0,1.0,1.0,,4,1,50,2.0,2,43,1,,1,1,1,1,2,57,57,57,1,0,0,1.0,1.0,,40.0,,40.0,,,,,,2.0,3.0,0.0,1,2.0,2.0,2.0,,895.83,1.0,,,,,12868.5572,3132.6081,0,0,0.0,,0,0,6198,1,,,,1.0,1.0,,3158.0266,7860.0,2300.0,-1,,,,,,,179615.0,2011,616,613,0,0,0,0,0,18.0,8.0,40.0,2011,1.0,1,8,2,8800,88001,1,23,42,42540,0,1.0,1.0,,4,1,51,2.0,2,44,1,,1,1,1,2,57,57,57,1,0,0,1.0,1.0,,38.0,,38.0,,,,,,2.0,3.0,0.0,1,2.0,2.0,2.0,,1000.0,1.0,,,,,11814.9741,2958.5965,0,0,0.0,,0,0,59911,1,,,,,,3.0,2950.4722,7860.0,,-1,,,,,,,178460.0,2012,628,613,0,0,0,0,0,18.0,,1.0,2300.0,8.0,40.0,2012,MIS4_to_MIS8,pennsylvania,0,2011-2012,1,0,0,0,retention
496997102013275,5,1.0,7,4,2,8800,88001,1,1,23,42,37980,101,1.0,1.0,,7,2,34,,2,44,1,,1,0,0,5,2,57,57,57,1,0,0,1.0,1.0,,38.0,,38.0,,,,,,2.0,3.0,0.0,1,2.0,2.0,2.0,,2300.0,1.0,,,,,14536.4811,3607.6764,0,0,0.0,,0,0,30509,1,,,,,,3.0,3693.9521,7860.0,1820.0,-1,,,,,,,179643.0,2011,616,613,0,0,0,0,0,18.0,5.0,40.0,2011,1.0,7,8,2,8800,88001,1,23,42,37980,101,1.0,1.0,,7,2,35,,2,44,1,,0,0,5,2,57,57,57,1,0,0,1.0,1.0,,38.0,,38.0,,,,,,2.0,3.0,0.0,1,2.0,2.0,2.0,,1538.46,1.0,,,,,14894.6894,3581.8542,0,0,0.0,,0,0,59942,1,,,,,,3.0,3571.3849,7860.0,,-1,,,,,,,178491.0,2012,628,613,0,0,0,0,0,18.0,,1.0,1820.0,5.0,40.0,2012,MIS4_to_MIS8,pennsylvania,0,2011-2012,1,0,0,0,retention
507908854899702,5,1.0,1,4,2,8800,88001,1,1,23,42,37980,101,1.0,1.0,,7,3,43,1.0,1,39,1,,2,1,2,1,2,57,57,57,1,0,0,2.0,2.0,5.0,40.0,,,,,,,,5.0,3.0,0.0,1,2.0,,1.0,2500.0,1000.0,1.0,,,,,15216.7064,3772.4537,3,3,0.0,0.0,0,0,2781,2,1.0,,,,,,3870.1373,9470.0,3850.0,-1,,,,,,,179655.0,2011,616,613,0,0,1,0,0,12.0,12.0,51.0,2011,1.0,1,8,2,8800,88001,1,23,42,37980,101,1.0,1.0,,7,3,43,1.0,1,39,1,,1,2,1,2,57,57,57,1,0,0,2.0,1.0,,50.0,,50.0,,,,,,2.0,3.0,0.0,1,2.0,2.0,2.0,,961.53,2.0,2.0,,,,14081.623,3585.6319,10,3,0.0,,0,0,56070,2,1.0,,,,,,3593.8607,9470.0,,-1,,,,,,,178503.0,2012,628,613,0,0,1,1,0,12.0,,1.0,3710.0,12.0,51.0,2012,MIS4_to_MIS8,pennsylvania,0,2011-2012,1,0,0,0,retention
124542017906897,5,1.0,4,4,2,8800,88001,1,1,23,42,37980,45,2.0,1.0,,7,1,47,,2,43,2,,1,1,1,7,2,57,57,57,1,0,0,1.0,1.0,,40.0,,44.0,,,,,,2.0,3.0,0.0,1,2.0,2.0,2.0,,1061.53,2.0,2.0,,,,11512.1444,2910.0042,3,1,0.0,,0,0,32725,1,,,,2.0,,,2956.4075,9470.0,2000.0,4610,,,,,,,179801.0,2011,616,613,0,0,1,0,0,16.0,6.0,51.0,2011,1.0,4,8,2,8800,88001,1,23,42,37980,45,2.0,1.0,,7,1,48,,2,43,2,,1,1,7,2,57,57,57,1,0,0,1.0,1.0,,40.0,,40.0,,,,,,2.0,4.0,0.0,1,2.0,2.0,2.0,,1150.0,2.0,2.0,,,,11301.0264,2871.3509,3,1,0.0,,0,0,15368,1,,,,2.0,,,2893.6495,7890.0,,-1,,,,,,,178642.0,2012,628,613,0,0,1,0,0,16.0,,2.0,2000.0,6.0,40.0,2012,MIS4_to_MIS8,pennsylvania,0,2011-2012,0,1,0,1,retention
229400364410974,5,1.0,7,4,2,8800,88001,1,1,23,42,38300,3,2.0,1.0,,5,2,63,,2,39,1,,1,0,0,4,2,57,57,57,1,0,0,1.0,1.0,,40.0,,50.0,,,,,,2.0,3.0,0.0,1,2.0,1.0,1.0,1000.0,507.69,1.0,,,,,11917.2833,3011.6711,0,0,0.0,0.0,0,0,6111,1,1.0,,,,,,3036.01,7860.0,4220.0,4020,,,,,,,179838.0,2011,616,613,0,0,0,0,0,12.0,14.0,40.0,2011,1.0,7,8,2,8800,88001,1,23,42,38300,3,2.0,1.0,,5,2,64,,2,39,1,,0,0,4,2,57,57,57,1,0,0,1.0,5.0,,,,,,,,,,1.0,,,2,,,,,,,,,,,12853.3303,3134.1122,0,0,,,0,0,4035,1,1.0,,,,,,3204.5505,,,-1,,,,,,,178683.0,2012,628,613,0,0,0,0,0,12.0,,1.0,,,,2012,MIS4_to_MIS8,pennsylvania,0,2011-2012,0,1,0,0,retention
299150478740974,5,2.0,3,4,2,8800,88001,1,1,23,42,10900,0,2.0,1.0,,4,14,51,,2,44,1,,2,0,0,5,2,57,57,57,1,0,0,1.0,1.0,,50.0,,50.0,,,,,,2.0,3.0,0.0,1,2.0,2.0,2.0,,2285.71,2.0,1.0,,,,11972.6327,2914.5121,0,0,0.0,,0,0,59815,2,,,,,,1.0,2938.1609,7860.0,2310.0,-1,,,,,,,179868.0,2011,616,613,0,0,0,0,0,17.0,8.0,40.0,2011,1.0,3,8,2,8800,88001,1,23,42,10900,0,2.0,1.0,,4,14,52,,2,44,1,,0,0,5,2,57,57,57,1,0,0,2.0,1.0,,40.0,,40.0,,,,,,2.0,3.0,0.0,1,2.0,2.0,2.0,,1346.0,1.0,,,,,12046.1026,3016.4735,0,0,1.0,,0,42,27681,2,,,,,,1.0,3008.1903,7860.0,,-1,,,,,,,178720.0,2012,628,613,0,0,0,0,0,17.0,,1.0,2310.0,8.0,40.0,2012,MIS4_to_MIS8,pennsylvania,0,2011-2012,1,0,0,0,retention
299940907970974,5,1.0,7,4,2,8800,88001,1,1,23,42,37980,29,2.0,1.0,,7,2,55,,2,43,1,,1,0,0,4,2,57,120,57,1,0,0,1.0,1.0,,40.0,,40.0,,,,,,2.0,3.0,0.0,1,1.0,2.0,2.0,,1855.5,1.0,,,,,12398.2277,3022.4671,0,0,0.0,,0,0,6154,1,,,,1.0,1.0,,3042.5472,7860.0,2320.0,-1,,,,,,,179881.0,2011,616,613,0,0,0,0,0,18.0,8.0,40.0,2011,1.0,7,8,2,8800,88001,1,23,42,37980,29,2.0,1.0,,7,2,56,,2,43,1,,0,0,4,2,57,120,57,1,0,0,1.0,1.0,,40.0,,40.0,,,,,,2.0,3.0,0.0,1,2.0,2.0,2.0,,1923.07,1.0,,,,,14168.7295,3319.0605,0,0,0.0,,0,0,27508,1,,,,2.0,,,3354.0051,7860.0,,-1,,,,,,,178735.0,2012,628,613,0,0,0,0,0,16.0,,1.0,2310.0,8.0,40.0,2012,MIS4_to_MIS8,pennsylvania,0,2011-2012,1,0,0,0,retention
560227007247670,5,1.0,1,4,2,8800,88001,1,1,23,42,37980,29,2.0,1.0,,7,1,49,2.0,1,46,1,,1,1,1,1,2,57,57,57,1,0,0,1.0,1.0,,50.0,,50.0,,,,,,2.0,2.0,0.0,1,2.0,2.0,2.0,,2884.61,1.0,,,,,11652.0477,2850.2286,10,2,0.0,,0,0,6153,1,,,,,,,2895.2999,7870.0,2200.0,-1,,,,,,,180000.0,2011,616,613,0,0,1,1,0,18.0,8.0,40.0,2011,1.0,1,8,2,8800,88001,1,23,42,37980,29,2.0,1.0,,7,1,50,2.0,1,46,1,,1,1,1,2,57,57,57,1,0,0,1.0,1.0,,50.0,,50.0,,,,,,2.0,2.0,0.0,1,2.0,2.0,2.0,,2884.61,2.0,2.0,,,,11105.1682,2783.2093,10,2,0.0,,0,0,62052,1,,,,,,,2783.9437,7870.0,,-1,,,,,,,178862.0,2012,628,613,0,0,1,1,0,18.0,,1.0,2200.0,8.0,40.0,2012,MIS4_to_MIS8,pennsylvania,0,2011-2012,1,0,0,0,retention
560227007247670,5,1.0,1,4,2,8800,88001,1,1,23,42,37980,29,2.0,1.0,,7,3,45,1.0,2,44,1,,2,1,2,1,2,57,57,57,1,0,0,2.0,1.0,,6.0,,6.0,,,15.0,,,6.0,3.0,0.0,1,2.0,2.0,2.0,,90.0,2.0,2.0,,,,13359.3042,3191.473,10,2,0.0,,0,0,6153,2,,,,,,2.0,3278.459,7860.0,2310.0,-1,,,,,,,180001.0,2011,616,613,0,0,1,1,0,18.0,8.0,40.0,2011,1.0,1,8,2,8800,88001,1,23,42,37980,29,2.0,1.0,,7,3,46,1.0,2,44,1,,1,2,1,2,57,57,57,1,0,0,2.0,2.0,4.0,40.0,,,,,,,,5.0,3.0,0.0,1,2.0,2.0,2.0,,1346.15,2.0,2.0,,,,12137.2721,3001.5322,10,2,0.0,,0,0,62052,2,,,,,,2.0,3030.9574,7860.0,,-1,,,,,,,178863.0,2012,628,613,0,0,1,1,0,18.0,,1.0,2310.0,8.0,40.0,2012,MIS4_to_MIS8,pennsylvania,0,2011-2012,1,0,0,0,retention
982619770689406,5,1.0,1,4,2,8800,88001,1,1,23,42,10900,0,2.0,1.0,,4,3,51,1.0,1,39,1,,2,1,2,1,2,57,57,57,1,0,0,2.0,4.0,,,,,,,,3.0,2.0,11.0,3.0,0.0,2,,,,,,,,,,,11664.9368,2880.9685,3,1,,,0,0,30345,2,2.0,7.0,,,,,2763.427,770.0,9130.0,-1,3.0,,,,,,180218.0,2011,616,613,0,0,1,0,0,11.0,22.0,4.0,2011,1.0,1,8,2,8800,88001,1,23,42,10900,0,2.0,1.0,,4,3,53,1.0,1,39,1,,1,2,1,2,57,57,57,1,0,0,2.0,1.0,,40.0,,40.0,,,,,,2.0,3.0,0.0,1,2.0,,1.0,1901.0,760.4,1.0,,,,,10918.1096,2736.3281,3,1,0.0,0.0,0,0,11736,2,2.0,7.0,,,,,2737.0502,9370.0,,-1,3.0,,,,,,179081.0,2012,628,613,0,0,1,0,0,11.0,,1.0,9130.0,22.0,51.0,2012,MIS4_to_MIS8,pennsylvania,0,2011-2012,1,0,0,0,retention
10424720690198,5,1.0,7,4,2,8800,88001,1,1,23,42,0,0,3.0,2.0,,0,2,62,,2,39,1,,1,0,0,5,2,57,57,57,1,0,0,1.0,1.0,,40.0,,40.0,,,,,,2.0,2.0,0.0,1,2.0,1.0,1.0,1200.0,519.23,1.0,,,,,11384.446,2877.0153,0,0,0.0,0.0,0,0,6214,1,1.0,,,,,,2900.266,8290.0,3600.0,-1,,,,,,,180226.0,2011,616,613,0,0,0,0,0,12.0,11.0,42.0,2011,1.0,7,8,2,8800,88001,1,23,42,0,0,3.0,2.0,,0,2,64,,2,39,1,,0,0,5,2,57,57,57,1,0,0,1.0,1.0,,40.0,,40.0,,,,,,2.0,2.0,0.0,1,2.0,2.0,2.0,,464.0,1.0,,,,,11749.4055,3012.5978,0,0,1.0,,0,42,48487,1,1.0,,,,,,2944.6918,9480.0,,-1,,,,,,,179087.0,2012,628,613,0,0,0,0,0,12.0,,1.0,3600.0,11.0,51.0,2012,MIS4_to_MIS8,pennsylvania,0,2011-2012,1,0,0,0,retention
299280758500974,5,1.0,7,4,2,8800,88001,1,1,23,42,0,0,3.0,2.0,,0,2,60,,2,41,1,,1,0,0,5,2,57,57,57,1,0,0,1.0,1.0,,38.0,,38.0,,,,,,2.0,2.0,0.0,1,2.0,,1.0,1215.0,461.7,2.0,2.0,,,,11384.446,2877.0153,0,0,0.0,0.0,0,0,16349,1,,,3.0,,,,2900.266,9380.0,940.0,-1,,,,,,,180281.0,2011,616,613,0,0,0,0,0,14.0,2.0,51.0,2011,1.0,7,8,2,8800,88001,1,23,42,0,0,3.0,2.0,,0,2,61,,2,41,1,,0,0,5,2,57,57,57,1,0,0,1.0,1.0,,38.0,,38.0,,,,,,2.0,2.0,0.0,1,2.0,,1.0,1213.0,460.94,2.0,2.0,,,,11426.4354,2929.7869,0,0,0.0,0.0,0,0,39800,1,,,3.0,,,,2863.7474,9380.0,,-1,,,,,,,179119.0,2012,628,613,0,0,0,0,0,14.0,,1.0,940.0,2.0,51.0,2012,MIS4_to_MIS8,pennsylvania,0,2011-2012,1,0,0,0,retention
299480939660974,5,2.0,1,4,2,8800,88001,1,1,23,42,0,0,3.0,2.0,,0,1,59,2.0,1,40,1,,1,1,1,1,2,57,57,57,1,0,0,2.0,1.0,,40.0,,42.0,,,,,,2.0,2.0,0.0,1,2.0,1.0,1.0,1868.0,961.53,1.0,,,,,9929.2116,2588.2686,0,0,0.0,0.0,0,0,6187,1,,,1.0,,,,2628.3651,770.0,6730.0,4220,,,,,,,180288.0,2011,616,613,0,0,0,0,0,12.0,19.0,4.0,2011,1.0,1,8,2,8800,88001,1,23,42,0,0,3.0,2.0,,0,1,60,2.0,1,40,1,,1,1,1,2,57,57,57,1,0,0,1.0,1.0,,38.0,,40.0,,,,,,2.0,2.0,0.0,1,2.0,,1.0,1886.0,716.68,1.0,,,,,11096.6211,2951.2951,0,0,0.0,0.0,0,0,4090,1,,,1.0,,,,2925.2472,770.0,,4220,,,,,,,179127.0,2012,628,613,0,0,0,0,0,12.0,,1.0,6730.0,19.0,4.0,2012,MIS4_to_MIS8,pennsylvania,0,2011-2012,1,0,0,0,retention
299480939660974,5,2.0,1,4,2,8800,88001,1,1,23,42,0,0,3.0,2.0,,0,3,63,1.0,2,40,1,,2,1,2,1,2,57,57,57,1,0,0,1.0,1.0,,40.0,4.0,32.0,,,4.0,,,4.0,3.0,0.0,1,2.0,,1.0,1697.0,678.8,1.0,,,,,11581.7094,2926.8667,0,0,0.0,0.0,0,0,6187,2,,,2.0,,,,2950.5202,7860.0,2540.0,-1,,,,,,,180289.0,2011,616,613,0,0,0,0,0,13.0,8.0,40.0,2011,1.0,1,8,2,8800,88001,1,23,42,0,0,3.0,2.0,,0,3,64,1.0,2,39,1,,1,2,1,2,57,57,57,1,0,0,2.0,1.0,,8.0,,8.0,,,15.0,,,6.0,3.0,0.0,1,2.0,2.0,2.0,,90.0,2.0,2.0,,,,11749.4055,3012.5978,0,0,0.0,,0,0,4090,2,1.0,,,,,,2944.6918,7860.0,,-1,,,,,,,179128.0,2012,628,613,0,0,0,0,0,12.0,,1.0,2310.0,8.0,40.0,2012,MIS4_to_MIS8,pennsylvania,0,2011-2012,1,0,0,0,retention
740200041584514,5,1.0,1,4,2,8800,88001,1,1,23,42,0,0,3.0,2.0,,0,1,44,2.0,1,43,1,,1,1,1,1,2,57,57,57,1,0,0,1.0,1.0,,38.0,,38.0,,,,,,2.0,2.0,0.0,1,2.0,1.0,1.0,2819.0,1019.23,2.0,2.0,,,,13296.9093,3296.5067,0,0,0.0,0.0,0,0,30378,1,,,,2.0,,,3381.8662,9480.0,5100.0,-1,,,,,,,180348.0,2011,616,613,0,0,0,0,0,16.0,17.0,51.0,2011,2.0,1,8,2,8800,88001,1,23,42,0,0,3.0,2.0,,0,1,45,2.0,1,43,1,,1,1,1,2,57,57,57,1,0,0,2.0,1.0,,38.0,,50.0,,,,,,2.0,2.0,0.0,1,2.0,,1.0,2927.0,1112.26,1.0,,,,,11150.1069,2771.5198,0,0,1.0,1.0,0,0,48381,1,,,,2.0,,,2795.2094,9480.0,,-1,,,,,,,179203.0,2012,628,613,0,0,0,0,0,16.0,,1.0,930.0,2.0,51.0,2012,MIS4_to_MIS8,pennsylvania,0,2011-2012,1,0,0,0,retention
80925098947329,5,2.0,1,4,2,8800,88001,1,1,23,42,49620,133,,1.0,,3,3,40,1.0,2,43,1,,2,1,2,1,2,57,57,57,1,0,0,1.0,1.0,,38.0,,41.0,,,,,,2.0,2.0,0.0,1,2.0,1.0,1.0,1300.0,673.07,2.0,1.0,,,,13478.4463,3220.3017,10,2,0.0,0.0,0,0,41406,2,,,,2.0,,,3305.9116,9380.0,930.0,4760,,,,,,,180458.0,2011,616,613,0,0,1,1,0,16.0,2.0,51.0,2011,1.0,1,8,2,8800,88001,1,23,42,49620,133,,1.0,,3,3,41,1.0,2,43,1,,1,2,1,2,57,57,57,1,0,0,2.0,1.0,,40.0,,40.0,,,,,,2.0,2.0,0.0,1,2.0,1.0,1.0,1600.0,750.0,1.0,,,,,13788.0445,3301.7385,3,1,0.0,1.0,0,0,59962,2,,,,2.0,,,3306.0383,9380.0,,-1,,,,,,,179311.0,2012,628,613,0,0,1,0,0,16.0,,1.0,930.0,2.0,51.0,2012,MIS4_to_MIS8,pennsylvania,0,2011-2012,1,0,0,0,retention
922369870789401,5,3.0,4,4,2,8800,88001,1,1,23,42,27780,21,,1.0,,2,1,52,,2,44,1,,1,1,1,7,2,57,57,57,1,0,0,2.0,1.0,,40.0,,40.0,,,,,,2.0,3.0,0.0,1,2.0,2.0,2.0,,615.0,1.0,,,,,12318.4595,2998.6971,0,0,1.0,,0,0,6145,1,,,,,,3.0,3023.0291,7860.0,2300.0,-1,,,,,3.0,1.0,180567.0,2011,616,613,0,0,0,0,0,18.0,8.0,40.0,2011,1.0,4,8,2,8800,88001,1,23,42,27780,21,,1.0,,2,1,53,,2,44,1,,1,1,7,2,57,57,57,1,0,0,1.0,1.0,,48.0,,48.0,,,,,,2.0,3.0,0.0,1,2.0,2.0,2.0,,903.84,1.0,,,,,12396.0005,3104.0917,0,0,0.0,,0,0,4051,1,,,,,,3.0,3095.5679,7860.0,,-1,,,,,3.0,1.0,179431.0,2012,628,613,0,0,0,0,0,18.0,,1.0,2300.0,8.0,40.0,2012,MIS4_to_MIS8,pennsylvania,0,2011-2012,1,0,0,0,retention
85461870968483,6,1.0,7,4,2,8800,88001,1,1,33,17,16980,0,1.0,1.0,1.0,7,2,54,,2,44,2,,1,0,0,6,2,57,57,57,1,0,0,1.0,1.0,,40.0,,40.0,,,,,,2.0,3.0,0.0,1,2.0,,1.0,6000.0,2400.0,1.0,,,,,10466.293,2689.783,0,0,0.0,0.0,0,0,58938,1,,,,,,2.0,2678.2918,7860.0,2310.0,-1,,,,,,,200443.0,2011,617,614,0,0,0,0,0,18.0,8.0,40.0,2011,1.0,7,8,2,8800,88001,1,33,17,16980,0,1.0,1.0,1.0,7,2,55,,2,44,2,,0,0,6,2,57,57,57,1,0,0,1.0,5.0,,,,,,,,,,1.0,,,2,,,,,,,,,,,11802.7905,2993.9441,0,0,,,0,0,34172,1,,,,,,2.0,2981.4415,,,-1,,,,,,,199189.0,2012,629,614,0,0,0,0,0,18.0,,2.0,,,,2012,MIS4_to_MIS8,illinois,1,2011-2012,0,1,0,0,retention
197968705089709,6,2.0,1,4,2,8800,88001,1,1,33,17,16980,0,1.0,1.0,3.0,7,1,55,2.0,2,39,1,1.0,1,1,1,1,2,303,303,303,5,21,21,2.0,2.0,4.0,40.0,,,,,,,,5.0,3.0,0.0,1,2.0,,1.0,1250.0,500.0,2.0,2.0,,,,11598.0425,2921.0482,4,1,1.0,1.0,0,42,63042,1,1.0,,,,,,2933.4469,7860.0,4030.0,-1,,,,,,,200490.0,2011,617,614,0,0,0,1,0,12.0,13.0,40.0,2011,2.0,1,8,2,8800,88001,1,33,17,16980,0,1.0,1.0,3.0,7,1,56,2.0,2,39,1,1.0,1,1,1,2,303,303,303,5,21,13,2.0,2.0,4.0,40.0,,,,,,,,5.0,3.0,0.0,1,2.0,,1.0,1600.0,640.0,1.0,,,,,12163.6168,3092.8426,0,0,1.0,1.0,0,42,34382,1,1.0,,,,,,3034.4938,7860.0,,-1,,,,,,,199223.0,2012,629,614,0,0,0,0,0,12.0,,1.0,4020.0,13.0,40.0,2012,MIS4_to_MIS8,illinois,1,2011-2012,1,0,0,0,retention
350577098818889,6,1.0,1,4,2,8800,88001,1,1,33,17,16980,0,1.0,1.0,1.0,7,1,43,2.0,2,43,1,,1,1,1,1,2,57,57,57,1,0,0,1.0,1.0,,40.0,,40.0,,,,,,2.0,3.0,0.0,1,2.0,2.0,2.0,,750.0,1.0,,,,,10621.3332,2745.0092,3,2,0.0,,0,0,19759,1,,,,2.0,,,2739.2799,7860.0,2340.0,-1,,,,,,,200534.0,2011,617,614,0,0,1,0,0,16.0,8.0,40.0,2011,2.0,1,8,2,8800,88001,1,33,17,16980,0,1.0,1.0,1.0,7,1,44,2.0,2,43,1,,1,1,1,2,57,57,57,1,0,0,2.0,1.0,,40.0,,40.0,,,,,,2.0,3.0,0.0,1,2.0,2.0,2.0,,2884.61,1.0,,,,,10017.0303,2627.239,10,2,1.0,,0,0,20434,1,,,,2.0,,,2599.3563,7860.0,,-1,,,,,,,199262.0,2012,629,614,0,0,1,1,0,16.0,,1.0,2330.0,8.0,40.0,2012,MIS4_to_MIS8,illinois,1,2011-2012,1,0,0,0,retention
350577098818889,6,1.0,1,4,2,8800,88001,1,1,33,17,16980,0,1.0,1.0,1.0,7,3,46,1.0,1,44,1,,2,1,2,1,2,57,57,57,1,0,0,2.0,1.0,,40.0,,40.0,,,,,,2.0,3.0,0.0,1,2.0,2.0,2.0,,961.53,1.0,,,,,13667.6309,3432.4864,3,2,0.0,,0,0,19759,2,,,,,,2.0,3416.2288,9380.0,120.0,-1,3.0,,,,,,200535.0,2011,617,614,0,0,1,0,0,18.0,1.0,51.0,2011,2.0,1,8,2,8800,88001,1,33,17,16980,0,1.0,1.0,1.0,7,3,47,1.0,1,44,1,,1,2,1,2,57,57,57,1,0,0,1.0,1.0,,40.0,,40.0,,,,,,2.0,3.0,0.0,1,2.0,2.0,2.0,,961.53,2.0,2.0,,,,13630.2625,3342.3183,10,2,0.0,,0,0,20434,2,,,,,,3.0,3327.973,9380.0,,-1,3.0,,,,,,199263.0,2012,629,614,0,0,1,1,0,18.0,,1.0,20.0,1.0,51.0,2012,MIS4_to_MIS8,illinois,1,2011-2012,1,0,0,0,retention
571486038907498,6,1.0,1,4,2,8800,88001,1,1,33,17,16980,0,1.0,1.0,1.0,7,1,30,2.0,1,42,2,,1,1,1,1,2,57,57,57,1,0,0,1.0,1.0,,40.0,,40.0,,,,,,2.0,3.0,0.0,1,2.0,2.0,2.0,,692.3,1.0,,,,,12907.1884,3381.6097,11,3,0.0,,0,0,19762,1,,,3.0,,,,3423.1544,8570.0,2340.0,-1,,,,,,,200577.0,2011,617,614,1,1,1,0,1,14.0,8.0,44.0,2011,1.0,1,8,2,8800,88001,1,33,17,16980,0,1.0,1.0,1.0,7,1,31,2.0,1,42,2,,1,1,1,2,57,57,57,1,0,0,1.0,1.0,,40.0,,40.0,,,,,,2.0,3.0,0.0,1,2.0,2.0,2.0,,1032.69,1.0,,,,,14551.7491,3776.7195,11,4,0.0,,0,0,66857,1,,,3.0,,,,3639.9392,8570.0,,-1,,,,,,,199305.0,2012,629,614,1,1,1,0,1,14.0,,2.0,2720.0,9.0,44.0,2012,MIS4_to_MIS8,illinois,1,2011-2012,1,0,0,0,retention
740673094718239,6,1.0,1,4,2,8800,88001,1,1,33,17,16980,0,1.0,1.0,1.0,7,1,31,2.0,2,40,3,1.0,1,1,1,1,2,57,303,303,1,0,0,1.0,1.0,,24.0,,24.0,,,15.0,,,6.0,2.0,0.0,1,2.0,,1.0,950.0,228.0,2.0,2.0,,,,14429.5377,3951.8545,3,1,1.0,1.0,0,42,66355,1,,,2.0,,,,3700.2515,8290.0,4610.0,-1,,,,,,1.0,200620.0,2011,617,614,0,0,1,0,0,13.0,15.0,42.0,2011,2.0,1,8,2,8800,88001,1,33,17,16980,0,1.0,1.0,1.0,7,1,32,2.0,2,40,3,1.0,1,1,1,2,57,303,303,1,0,0,2.0,1.0,,40.0,,40.0,,,,,,2.0,2.0,0.0,1,2.0,2.0,2.0,,730.76,2.0,2.0,,,,27549.769,6964.0535,3,1,0.0,,0,0,34184,1,,,2.0,,,,6677.8253,8370.0,,-1,,,,,,1.0,199352.0,2012,629,614,0,0,1,0,0,13.0,,3.0,3600.0,11.0,43.0,2012,MIS4_to_MIS8,illinois,1,2011-2012,1,0,0,0,retention
758430773420981,6,2.0,1,4,2,8800,88001,1,1,33,17,16980,0,1.0,1.0,1.0,7,4,22,,2,39,2,,3,1,3,7,2,57,57,57,1,0,0,2.0,4.0,,,,,,,,12.0,3.0,11.0,2.0,0.0,2,,,,,,,,2.0,,,18017.0938,3231.3117,0,0,,,0,0,6750,3,1.0,,,,,,3207.6351,8370.0,5400.0,-1,,,,,2.0,1.0,200632.0,2011,617,614,0,0,0,0,0,12.0,17.0,43.0,2011,2.0,1,8,2,8800,88001,1,33,17,16980,0,1.0,1.0,1.0,7,4,23,,2,40,2,,1,3,7,2,57,57,57,1,0,0,2.0,7.0,,,,,,,,,,1.0,4.0,0.0,2,,,,,,,,2.0,,,9707.0481,3357.1796,0,0,,,0,0,20427,3,,,1.0,,,,3113.4467,6170.0,,-1,,,,,2.0,1.0,199364.0,2012,629,614,0,0,0,0,0,12.0,,2.0,5700.0,17.0,23.0,2012,MIS4_to_MIS8,illinois,1,2011-2012,0,1,0,1,retention
810709748086790,6,1.0,1,4,2,8800,88001,1,1,33,17,16980,0,1.0,1.0,,7,1,42,2.0,2,44,1,,1,1,1,1,2,57,57,57,1,0,0,1.0,2.0,8.0,40.0,,,,,,,,5.0,3.0,0.0,1,2.0,2.0,2.0,,2115.0,1.0,,,,,10621.3332,2745.0092,5,2,1.0,,0,0,19746,1,,,,,,2.0,2739.2799,7860.0,2320.0,-1,,,,,,,200660.0,2011,617,614,1,1,0,0,1,18.0,8.0,40.0,2011,1.0,1,8,2,8800,88001,1,33,17,16980,0,1.0,1.0,,7,1,43,2.0,2,44,1,,1,1,1,2,57,57,57,1,0,0,1.0,2.0,4.0,40.0,,,,,,,,5.0,3.0,0.0,1,2.0,2.0,2.0,,2230.76,1.0,,,,,10017.0303,2627.239,5,2,0.0,,0,0,34168,1,,,,,,2.0,2599.3563,7860.0,,-1,,,,,,,199387.0,2012,629,614,1,1,0,0,1,18.0,,1.0,2320.0,8.0,40.0,2012,MIS4_to_MIS8,illinois,1,2011-2012,1,0,0,0,retention
933027881189930,6,1.0,4,4,2,8800,88001,1,1,33,17,16980,0,1.0,1.0,1.0,7,1,65,,2,43,4,,1,1,1,6,2,233,233,233,4,0,12,1.0,1.0,,35.0,,35.0,,,,,,2.0,3.0,0.0,1,2.0,2.0,2.0,,1000.0,2.0,2.0,,,,12279.6019,3172.4255,0,0,1.0,,0,0,19763,1,,,,2.0,,,3154.6258,9470.0,740.0,-1,,,,,,,200703.0,2011,617,614,0,0,0,0,0,16.0,2.0,51.0,2011,1.0,4,8,2,8800,88001,1,33,17,16980,0,1.0,1.0,1.0,7,1,66,,2,43,4,,1,1,6,2,233,233,233,4,0,12,1.0,1.0,,40.0,,40.0,,,,,,2.0,3.0,0.0,1,2.0,2.0,2.0,,961.0,2.0,2.0,,,,12448.3849,3138.0105,0,0,1.0,,0,42,34186,1,,,,2.0,,,3037.6295,9470.0,,-1,,,,,,,199435.0,2012,629,614,0,0,0,0,0,16.0,,4.0,2010.0,6.0,51.0,2012,MIS4_to_MIS8,illinois,1,2011-2012,1,0,0,0,retention
971173068909393,6,1.0,6,4,2,8800,88001,1,1,33,17,16980,0,1.0,1.0,1.0,7,2,50,,1,44,1,,1,0,0,7,2,57,57,57,1,0,0,1.0,4.0,,,,,,,,4.0,3.0,11.0,3.0,0.0,2,,,,,,,,,,,13361.924,3275.9212,0,0,,,0,0,6755,1,,,,,,3.0,3123.0087,7860.0,2310.0,-1,,,,,,,200716.0,2011,617,614,0,0,0,0,0,18.0,8.0,40.0,2011,1.0,6,8,2,8800,88001,1,33,17,16980,0,1.0,1.0,1.0,7,2,51,,1,44,1,,0,0,7,2,57,57,57,1,0,0,1.0,1.0,,7.0,,7.0,,,14.0,,,6.0,3.0,0.0,1,2.0,,1.0,9900.0,693.0,2.0,2.0,,,,13279.0873,3283.2714,0,0,1.0,1.0,0,42,7323,1,,,,,,3.0,3242.2298,7870.0,,-1,,,,,,,199449.0,2012,629,614,0,0,0,0,0,18.0,,1.0,2200.0,8.0,40.0,2012,MIS4_to_MIS8,illinois,1,2011-2012,1,0,0,0,retention
78671870014808,6,1.0,1,4,2,8800,88001,1,1,33,17,16980,0,2.0,1.0,,7,3,40,1.0,2,44,4,,2,1,2,1,2,57,233,233,1,0,0,2.0,2.0,4.0,40.0,,,,,,,,5.0,3.0,0.0,1,2.0,2.0,2.0,,1634.61,1.0,,,,,10349.6997,2707.2849,3,2,0.0,,0,0,6786,2,,,,,,2.0,2669.2246,7860.0,2320.0,-1,,,,,,,200773.0,2011,617,614,0,0,1,0,0,18.0,8.0,40.0,2011,2.0,1,8,2,8800,88001,1,33,17,16980,0,2.0,1.0,,7,3,41,1.0,2,44,4,,1,2,1,2,57,233,233,1,0,0,1.0,2.0,4.0,47.0,,,,,,,,5.0,3.0,0.0,1,2.0,2.0,2.0,,1692.3,1.0,,,,,7121.8536,1866.7739,3,2,0.0,,0,0,16807,2,,,,,,2.0,1848.0762,7860.0,,-1,,,,,,,199515.0,2012,629,614,0,0,1,0,0,18.0,,4.0,2320.0,8.0,40.0,2012,MIS4_to_MIS8,illinois,1,2011-2012,1,0,0,0,retention
170871096518559,6,1.0,1,4,2,8800,88001,1,1,33,17,16980,0,2.0,1.0,,7,1,46,2.0,1,40,1,,1,1,1,1,2,57,57,57,1,0,0,1.0,1.0,,40.0,,40.0,,,,,,2.0,3.0,0.0,1,2.0,2.0,2.0,,134.0,1.0,,,,,13095.1879,3288.7232,0,0,1.0,,0,0,43632,1,,,3.0,,,,3273.1464,9470.0,3740.0,-1,,,,,,,200812.0,2011,617,614,0,0,0,0,0,14.0,12.0,51.0,2011,1.0,1,8,2,8800,88001,1,33,17,16980,0,2.0,1.0,,7,1,47,2.0,1,40,1,,1,1,1,2,57,57,57,1,0,0,1.0,6.0,,,,,,,,,,1.0,3.0,0.0,2,,,,,,,,,,,11723.1183,3176.3976,0,0,,,0,0,20564,1,,,2.0,,,,3154.5533,9470.0,,-1,,,,,,,199562.0,2012,629,614,0,0,0,0,0,13.0,,1.0,3740.0,12.0,51.0,2012,MIS4_to_MIS8,illinois,1,2011-2012,1,0,0,0,retention
170871096518559,6,1.0,1,4,2,8800,88001,1,1,33,17,16980,0,2.0,1.0,,7,3,49,1.0,2,40,1,,2,1,2,1,2,57,57,57,1,0,0,2.0,1.0,,40.0,,40.0,,,,,,2.0,3.0,0.0,1,2.0,2.0,2.0,,1442.0,2.0,2.0,,,,13990.2071,3422.986,0,0,1.0,,0,0,43632,2,,,2.0,,,,3424.4794,9370.0,120.0,-1,,,,,,,200813.0,2011,617,614,0,0,0,0,0,13.0,1.0,51.0,2011,1.0,1,8,2,8800,88001,1,33,17,16980,0,2.0,1.0,,7,3,50,1.0,2,40,1,,1,2,1,2,57,57,57,1,0,0,2.0,1.0,,40.0,,40.0,,,,,,2.0,3.0,0.0,1,2.0,2.0,2.0,,1500.0,2.0,2.0,,,,12506.4929,3178.2553,0,0,1.0,,0,0,20564,2,,,2.0,,,,3140.5129,9370.0,,-1,,,,,,,199563.0,2012,629,614,0,0,0,0,0,13.0,,1.0,120.0,1.0,51.0,2012,MIS4_to_MIS8,illinois,1,2011-2012,1,0,0,0,retention
199938909099719,6,1.0,1,4,2,8800,88001,1,1,33,17,16980,0,2.0,1.0,,7,1,40,2.0,2,44,1,5.0,1,1,1,1,2,57,134,57,1,0,0,1.0,2.0,4.0,50.0,,,,,,,,5.0,3.0,0.0,1,2.0,2.0,2.0,,1096.15,1.0,,,,,11102.2229,2902.8125,3,2,0.0,,0,0,32906,1,,,,,,2.0,2863.3031,7860.0,2320.0,-1,,,,,,,200890.0,2011,617,614,0,0,1,0,0,18.0,8.0,40.0,2011,1.0,1,8,2,8800,88001,1,33,17,16980,0,2.0,1.0,,7,1,41,2.0,2,44,1,5.0,1,1,1,2,57,134,57,1,0,0,1.0,2.0,4.0,50.0,,,,,,,,5.0,3.0,0.0,1,2.0,2.0,2.0,,1211.53,1.0,,,,,9321.7572,2492.8378,10,2,0.0,,0,0,20512,1,,,,,,2.0,2418.9373,7860.0,,-1,,,,,,,199630.0,2012,629,614,0,0,1,1,0,18.0,,1.0,2320.0,8.0,40.0,2012,MIS4_to_MIS8,illinois,1,2011-2012,1,0,0,0,retention
208901251992337,6,1.0,6,4,2,8800,88001,1,1,33,17,16980,0,2.0,1.0,,7,2,52,,1,44,1,,1,0,0,7,2,57,57,57,1,0,0,1.0,2.0,4.0,40.0,,,,,,,,5.0,3.0,0.0,1,2.0,2.0,2.0,,1000.0,1.0,,,,,12448.8176,3138.7155,0,0,0.0,,0,0,55147,1,,,,,,3.0,3111.586,7860.0,2310.0,-1,,,,,,,200901.0,2011,617,614,0,0,0,0,0,18.0,8.0,40.0,2011,1.0,6,8,2,8800,88001,1,33,17,16980,0,2.0,1.0,,7,2,53,,1,44,1,,0,0,7,2,57,57,57,1,0,0,1.0,2.0,4.0,40.0,,,,,,,,5.0,3.0,0.0,1,2.0,2.0,2.0,,957.69,1.0,,,,,12619.8816,3120.2819,0,0,0.0,,0,0,7366,1,,,,,,3.0,3081.2778,7860.0,,-1,,,,,,,199639.0,2012,629,614,0,0,0,0,0,18.0,,1.0,2310.0,8.0,40.0,2012,MIS4_to_MIS8,illinois,1,2011-2012,1,0,0,0,retention
486190479700736,6,1.0,1,4,2,8800,88001,1,1,33,17,41180,119,2.0,1.0,,6,3,54,1.0,1,43,1,,2,1,2,1,2,57,57,57,1,0,0,2.0,1.0,,40.0,,40.0,,,,,,2.0,3.0,0.0,1,2.0,2.0,2.0,,961.0,1.0,,,,,12231.117,3083.8267,0,0,1.0,,0,0,41800,2,,,,2.0,,,3057.1716,9370.0,5800.0,-1,,,,,,,201006.0,2011,617,614,0,0,0,0,0,16.0,17.0,51.0,2011,1.0,1,8,2,8800,88001,1,33,17,41180,119,2.0,1.0,,6,3,55,1.0,1,43,1,,1,2,1,2,57,57,57,1,0,0,2.0,1.0,,40.0,,40.0,,,,,,2.0,3.0,0.0,1,2.0,2.0,2.0,,1346.0,1.0,,,,,11694.2898,2927.0387,0,0,1.0,,0,0,52325,2,,,,2.0,,,2908.9166,9370.0,,-1,,,,,,,199743.0,2012,629,614,0,0,0,0,0,16.0,,1.0,1006.0,3.0,51.0,2012,MIS4_to_MIS8,illinois,1,2011-2012,1,0,0,0,retention
530173095418438,6,1.0,1,4,2,8800,88001,1,1,33,17,16980,0,2.0,1.0,,7,1,26,2.0,1,40,1,,1,1,1,1,2,57,57,57,1,0,0,1.0,1.0,,40.0,,40.0,,,,,,2.0,3.0,0.0,1,2.0,2.0,2.0,,1153.84,2.0,2.0,,,,13423.4267,3412.7826,0,0,0.0,,0,0,32851,1,,,3.0,,,,3397.0957,9470.0,3400.0,-1,,,,,,,201016.0,2011,617,614,0,0,0,0,0,14.0,10.0,51.0,2011,1.0,1,8,2,8800,88001,1,33,17,16980,0,2.0,1.0,,7,1,26,2.0,1,40,1,,1,1,1,2,57,57,57,1,0,0,1.0,1.0,,40.0,,40.0,,,,,,2.0,3.0,0.0,1,2.0,2.0,2.0,,1442.3,1.0,,,,,13630.3438,3432.1576,0,0,0.0,,0,0,20422,1,,,3.0,,,,3391.1651,9470.0,,-1,,,,,,,199751.0,2012,629,614,0,0,0,0,0,14.0,,1.0,3740.0,12.0,51.0,2012,MIS4_to_MIS8,illinois,1,2011-2012,1,0,0,0,retention
627399280829100,6,2.0,1,4,2,8800,88001,1,1,33,17,16980,0,2.0,1.0,,7,3,48,1.0,2,46,1,,2,1,2,1,2,57,57,57,1,0,0,1.0,2.0,4.0,30.0,,,,,,,,10.0,2.0,0.0,1,2.0,2.0,2.0,,1057.69,2.0,2.0,,,,13990.2071,3422.986,0,0,0.0,,0,0,19795,2,,,,,,,3424.4794,7870.0,2200.0,-1,,,,,,,201053.0,2011,617,614,0,0,0,0,0,18.0,8.0,40.0,2011,2.0,1,8,2,8800,88001,1,33,17,16980,0,2.0,1.0,,7,3,49,1.0,2,46,1,,1,2,1,2,57,57,57,1,0,0,1.0,2.0,4.0,35.0,,,,,,,,5.0,2.0,0.0,1,2.0,2.0,2.0,,1250.0,2.0,2.0,,,,13027.1841,3292.1439,0,0,0.0,,0,0,7365,2,,,,,,,3271.264,7870.0,,-1,,,,,,,199794.0,2012,629,614,0,0,0,0,0,18.0,,1.0,2200.0,8.0,40.0,2012,MIS4_to_MIS8,illinois,1,2011-2012,1,0,0,0,retention
508604651997307,6,2.0,1,4,2,8800,88001,1,1,33,17,0,0,3.0,2.0,,0,3,54,1.0,2,42,1,,2,1,2,1,2,57,57,57,1,0,0,1.0,3.0,,,,,3.0,,,3.0,1.0,12.0,3.0,0.0,2,,,,,,,,,,,15303.9381,3719.6441,0,0,,,0,0,19570,2,,,3.0,,,,3750.4091,7860.0,4110.0,-1,,,,,,,201320.0,2011,617,614,0,0,0,0,0,14.0,13.0,40.0,2011,2.0,1,8,2,8800,88001,1,33,17,0,0,3.0,2.0,,0,3,55,1.0,2,42,1,,1,2,1,2,57,57,57,1,0,0,1.0,7.0,,,,,,11.0,,,,1.0,,,2,,,,,,,,,,,13724.7491,3387.9219,0,0,,,0,0,44723,2,,,3.0,,,,3488.8093,,,-1,,,,,,,200085.0,2012,629,614,0,0,0,0,0,14.0,,1.0,,,,2012,MIS4_to_MIS8,illinois,1,2011-2012,0,1,0,0,retention
191918906090739,6,1.0,4,4,2,8800,88001,1,1,33,17,28100,91,,1.0,,2,1,48,,2,44,1,,1,1,1,7,2,57,57,57,1,0,0,1.0,6.0,,,,,,,,,,1.0,3.0,0.0,2,,,,,,,,,,,14706.0524,3614.0436,0,0,,,0,0,43606,1,,,,,,3.0,3594.0714,7860.0,2310.0,-1,,,,,,,201393.0,2011,617,614,0,0,0,0,0,18.0,8.0,40.0,2011,1.0,4,8,2,8800,88001,1,33,17,28100,91,,1.0,,2,1,49,,2,44,1,,1,1,7,2,57,57,57,1,0,0,1.0,6.0,,,,,,,,,,1.0,,,2,,,,,,,,,,,13893.307,3504.2777,0,0,,,0,0,52302,1,,,,,,3.0,3531.6565,,,-1,,,,,,,200171.0,2012,629,614,0,0,0,0,0,18.0,,1.0,,,,2012,MIS4_to_MIS8,illinois,1,2011-2012,0,1,0,0,retention
608907671994567,6,1.0,1,4,2,8800,88001,1,1,33,17,44100,0,,1.0,,2,1,60,2.0,2,44,1,,1,1,1,1,2,110,128,128,4,0,2,1.0,5.0,,,,,,,,,,1.0,3.0,0.0,2,,,,,,,,,,,14001.1797,3352.4262,0,0,,,0,0,3707,1,,,,,,2.0,3439.1224,7860.0,2310.0,-1,,,,,,,201464.0,2011,617,614,0,0,0,0,0,18.0,8.0,40.0,2011,1.0,1,8,2,8800,88001,1,33,17,44100,0,,1.0,,2,1,61,2.0,2,44,1,,1,1,1,2,110,128,128,4,0,2,1.0,5.0,,,,,,,,,,1.0,3.0,0.0,2,,,,,,,,,,,11318.249,2789.1914,0,0,,,0,0,3816,1,,,,,,2.0,2839.8061,7860.0,,-1,,,,,,,200236.0,2012,629,614,0,0,0,0,0,18.0,,1.0,2310.0,8.0,40.0,2012,MIS4_to_MIS8,illinois,1,2011-2012,1,0,0,0,retention
710870549650081,6,2.0,1,4,2,8800,88001,1,1,33,17,28100,91,,1.0,,2,1,34,2.0,1,43,1,,1,1,1,1,2,57,57,57,1,0,0,2.0,1.0,,-4.0,,51.0,,,,,,2.0,3.0,0.0,1,1.0,2.0,2.0,,350.0,1.0,,,,,12532.3999,3207.8307,5,2,1.0,,0,0,32917,1,,,,1.0,1.0,,3171.6016,9470.0,3850.0,-1,,,,,,,201479.0,2011,617,614,1,1,0,0,1,18.0,12.0,51.0,2011,2.0,1,8,2,8800,88001,1,33,17,28100,91,,1.0,,2,1,35,2.0,1,43,1,,1,1,1,2,57,57,57,1,0,0,2.0,1.0,,40.0,,40.0,,,,,,2.0,3.0,0.0,1,2.0,2.0,2.0,,380.0,1.0,,,,,13008.7891,3273.7299,5,2,1.0,,0,0,20531,1,,,,1.0,1.0,,3247.8857,9470.0,,-1,,,,,,,200253.0,2012,629,614,1,1,0,0,1,18.0,,1.0,3850.0,12.0,51.0,2012,MIS4_to_MIS8,illinois,1,2011-2012,1,0,0,0,retention
810709904988996,6,1.0,4,4,2,8800,88001,1,1,33,17,19500,115,,1.0,,2,14,37,,1,35,2,,2,0,0,5,2,57,57,57,1,0,0,2.0,4.0,,,,,,,,119.0,3.0,11.0,2.0,0.0,2,,,,,,,,,,,12322.8735,2955.375,0,0,,,0,0,32954,2,,,,,,,2877.2487,9480.0,4250.0,-1,,,,,,,201488.0,2011,617,614,0,0,0,0,0,9.0,14.0,51.0,2011,2.0,4,8,2,8800,88001,1,33,17,19500,115,,1.0,,2,14,38,,1,35,2,,0,0,5,2,57,57,57,1,0,0,1.0,4.0,,,,,,,,11.0,2.0,11.0,4.0,0.0,2,,,,,,,,,,,11531.9009,2863.8441,0,0,,,0,0,55709,2,,,,,,,3003.1172,6190.0,,-1,,,,,,,200264.0,2012,629,614,0,0,0,0,0,9.0,,2.0,9140.0,22.0,23.0,2012,MIS4_to_MIS8,illinois,1,2011-2012,0,1,0,1,retention
18411880982795,6,1.0,3,4,2,8800,88001,1,1,32,18,26900,0,1.0,1.0,,5,1,25,,1,40,1,,1,1,1,3,2,57,57,57,1,0,0,1.0,1.0,,40.0,,40.0,,,,,,2.0,3.0,0.0,1,2.0,2.0,2.0,,711.53,1.0,,,,,13677.6992,3425.9953,1,1,0.0,,0,0,43798,1,,,3.0,,,,3461.445,9470.0,3850.0,-1,,,,,,,201525.0,2011,617,614,1,0,0,0,1,14.0,12.0,51.0,2011,1.0,1,8,2,8800,88001,1,32,18,26900,0,1.0,1.0,,5,1,26,2.0,1,40,1,,1,1,1,2,57,57,57,1,0,0,1.0,4.0,,,,,,,,4.0,4.0,11.0,4.0,0.0,2,,,,,,,,,,,17957.3058,3982.6278,11,5,,,0,0,20885,1,,,3.0,,,,4190.7795,7670.0,,-1,,,,,,,200295.0,2012,629,614,1,1,1,0,1,14.0,,1.0,4840.0,16.0,38.0,2012,MIS4_to_MIS8,indiana,0,2011-2012,0,1,0,1,retention
281031028909498,6,1.0,1,4,2,8800,88001,1,1,32,18,23060,0,2.0,1.0,,3,3,60,1.0,2,39,1,,2,1,2,1,2,57,57,57,1,0,0,2.0,1.0,,40.0,,40.0,,,,,,2.0,3.0,0.0,1,2.0,2.0,2.0,,557.0,2.0,1.0,,,,10639.1811,2779.1493,0,0,1.0,,0,42,66459,2,1.0,,,,,,2772.5623,9470.0,5520.0,-1,,,,,,,201733.0,2011,617,614,0,0,0,0,0,12.0,17.0,51.0,2011,1.0,1,8,2,8800,88001,1,32,18,23060,0,2.0,1.0,,3,3,61,1.0,2,39,1,,1,2,1,2,57,57,57,1,0,0,2.0,1.0,,36.0,,35.0,,,,,,2.0,3.0,0.0,1,2.0,,1.0,1300.0,455.0,2.0,2.0,,,,10510.1953,2577.8688,0,0,0.0,0.0,0,0,34607,2,1.0,,,,,,2578.8017,9470.0,,-1,,,,,,,200510.0,2012,629,614,0,0,0,0,0,12.0,,1.0,5520.0,17.0,51.0,2012,MIS4_to_MIS8,indiana,0,2011-2012,1,0,0,0,retention
810809993612095,6,1.0,7,4,2,8800,88001,1,1,32,18,31140,0,2.0,1.0,,5,2,53,,2,40,1,,1,0,0,4,2,57,57,57,1,0,0,1.0,1.0,,40.0,,40.0,,,,,,2.0,2.0,0.0,1,2.0,2.0,2.0,,700.0,2.0,2.0,,,,11520.825,2835.8184,0,0,0.0,,0,0,10288,1,,,3.0,,,,2820.0317,7870.0,5700.0,-1,,,,,,,201813.0,2011,617,614,0,0,0,0,0,14.0,17.0,40.0,2011,1.0,7,8,2,8800,88001,1,32,18,31140,0,2.0,1.0,,5,2,54,,2,40,1,,0,0,4,2,57,57,57,1,0,0,1.0,1.0,,40.0,,40.0,,,,,,2.0,2.0,0.0,1,2.0,,1.0,1900.0,760.0,2.0,2.0,,,,11514.0566,2873.2695,0,0,0.0,0.0,0,0,11061,1,,,3.0,,,,2891.3016,7870.0,,-1,,,,,,,200598.0,2012,629,614,0,0,0,0,0,14.0,,1.0,5700.0,17.0,40.0,2012,MIS4_to_MIS8,indiana,0,2011-2012,1,0,0,0,retention
810806984019297,6,1.0,7,4,2,8800,88001,1,1,32,18,0,0,3.0,2.0,,0,2,42,,2,42,1,,1,0,0,5,2,57,57,57,1,0,0,1.0,1.0,,40.0,,40.0,,,,,,2.0,3.0,0.0,1,2.0,,1.0,1640.0,656.0,2.0,2.0,,,,11458.5975,2917.5931,0,0,1.0,1.0,0,42,51736,1,,,3.0,,,,2955.2134,9470.0,5520.0,-1,,,,,,,201972.0,2011,617,614,0,0,0,0,0,14.0,17.0,51.0,2011,1.0,7,8,2,8800,88001,1,32,18,0,0,3.0,2.0,,0,2,43,,2,42,1,,0,0,5,2,57,57,57,1,0,0,1.0,1.0,,40.0,,40.0,,,,,,2.0,3.0,0.0,1,2.0,,1.0,1180.0,472.0,2.0,2.0,,,,9965.8235,2566.6613,0,0,1.0,1.0,0,42,45076,1,,,3.0,,,,2586.0685,9470.0,,-1,,,,,,,200763.0,2012,629,614,0,0,0,0,0,14.0,,1.0,5520.0,17.0,51.0,2012,MIS4_to_MIS8,indiana,0,2011-2012,1,0,0,0,retention
22243860989091,6,1.0,7,4,2,8800,88001,1,1,21,36,15380,0,1.0,1.0,1.0,5,2,61,,2,39,2,,1,0,0,6,2,57,57,57,1,0,0,1.0,1.0,,30.0,,30.0,,,18.0,,,7.0,2.0,0.0,1,2.0,,1.0,787.0,236.1,1.0,,,,,12426.8056,2815.1271,0,0,1.0,1.0,0,0,27192,1,2.0,7.0,,,,,2764.8898,7860.0,2540.0,-1,,,,,,,212461.0,2011,617,614,0,0,0,0,0,11.0,8.0,40.0,2011,1.0,7,8,2,8800,88001,1,21,36,15380,0,1.0,1.0,1.0,5,2,62,,2,39,2,,0,0,6,2,57,57,57,1,0,0,1.0,1.0,,30.0,,30.0,,,22.0,,,7.0,3.0,0.0,1,2.0,,1.0,1020.0,306.0,2.0,1.0,,,,8898.146,2682.4963,0,0,1.0,1.0,0,0,12623,1,2.0,7.0,,,,,2716.389,7860.0,,-1,,,,,,,211501.0,2012,629,614,0,0,0,0,0,11.0,,2.0,2540.0,8.0,40.0,2012,MIS4_to_MIS8,new_york,0,2011-2012,1,0,0,0,retention
47016198380250,6,2.0,7,4,2,8800,88001,1,1,21,36,35620,81,1.0,1.0,,7,2,53,,2,44,1,2.0,1,0,0,5,2,73,73,73,2,0,5,2.0,1.0,,40.0,,40.0,,,,,,2.0,3.0,0.0,1,2.0,2.0,2.0,,1153.84,2.0,1.0,,,,11507.0806,2810.1574,0,0,0.0,,0,0,27465,1,,,,,,2.0,2816.6674,7680.0,20.0,-1,,,,,,,212490.0,2011,617,614,0,0,0,0,0,18.0,1.0,38.0,2011,2.0,7,8,2,8800,88001,1,21,36,35620,81,1.0,1.0,,7,2,54,,2,43,1,2.0,0,0,5,2,73,73,73,2,0,5,2.0,1.0,,40.0,,40.0,,,,,,2.0,4.0,0.0,1,2.0,,1.0,1637.0,654.8,2.0,1.0,,,,11850.2931,3000.8989,0,0,1.0,1.0,0,42,28734,1,,,,2.0,,,2975.7342,7270.0,,-1,,,,,,,211527.0,2012,629,614,0,0,0,0,0,16.0,,1.0,2160.0,7.0,36.0,2012,MIS4_to_MIS8,new_york,0,2011-2012,0,1,0,1,retention
62423860013508,6,1.0,7,4,2,8800,88001,1,1,21,36,35620,5,1.0,1.0,,7,2,43,,2,41,2,,1,0,0,7,2,57,57,57,1,0,0,1.0,1.0,,37.0,,37.0,,,,,,2.0,2.0,0.0,1,2.0,2.0,2.0,,9.0,2.0,2.0,,,,12009.7748,3075.0676,0,0,1.0,,0,0,48486,1,,,5.0,,,,3051.4841,9370.0,5700.0,-1,,,,,,,212520.0,2011,617,614,0,0,0,0,0,16.0,17.0,51.0,2011,1.0,1,8,2,8800,88001,1,21,36,35620,5,1.0,1.0,,7,1,44,3.0,2,40,2,,1,1,1,2,57,57,57,1,0,0,1.0,1.0,,38.0,,38.0,,,,,,2.0,2.0,0.0,1,2.0,2.0,2.0,,438.0,2.0,2.0,,,,12000.3749,3149.6028,0,0,1.0,,0,42,1264,1,,,5.0,,,,3116.987,9480.0,,-1,,,,,,,211553.0,2012,629,614,0,0,0,0,0,16.0,,2.0,5700.0,17.0,51.0,2012,MIS4_to_MIS8,new_york,0,2011-2012,1,0,0,0,retention
85093860983199,6,1.0,7,4,2,8800,88001,1,1,21,36,35620,5,1.0,1.0,,7,2,38,,2,44,1,2.0,1,0,0,7,2,57,57,57,1,0,0,1.0,1.0,,50.0,,50.0,,,,,,2.0,3.0,0.0,1,2.0,2.0,2.0,,1300.0,1.0,,,,,13165.079,3473.7147,0,0,0.0,,0,0,56042,1,,,,,,2.0,3395.3211,7860.0,2310.0,-1,,,,,,,212547.0,2011,617,614,0,0,0,0,0,18.0,8.0,40.0,2011,1.0,7,8,2,8800,88001,1,21,36,35620,5,1.0,1.0,,7,2,39,,2,44,1,2.0,0,0,7,2,57,57,57,1,0,0,1.0,1.0,,50.0,,60.0,,,,,,2.0,3.0,0.0,1,2.0,2.0,2.0,,1750.0,1.0,,,,,12621.5665,3400.0206,0,0,0.0,,0,0,65342,1,,,,,,3.0,3275.2171,7860.0,,-1,,,,,,,211589.0,2012,629,614,0,0,0,0,0,18.0,,1.0,230.0,1.0,40.0,2012,MIS4_to_MIS8,new_york,0,2011-2012,1,0,0,0,retention
306619580879306,6,1.0,1,4,2,8800,88001,1,1,21,36,35620,47,1.0,1.0,,7,1,55,2.0,2,43,2,,1,1,1,1,2,440,440,440,4,0,6,1.0,1.0,,40.0,,40.0,,,,,,2.0,3.0,0.0,1,2.0,1.0,1.0,2400.0,769.0,2.0,2.0,,,,10075.5832,2864.5941,4,1,1.0,1.0,0,0,39106,1,,,,1.0,1.0,,2853.9681,7870.0,800.0,-1,,,,,,,212619.0,2011,617,614,0,0,0,1,0,18.0,2.0,40.0,2011,1.0,1,8,2,8800,88001,1,21,36,35620,47,1.0,1.0,,7,1,55,2.0,2,43,2,,1,1,1,2,440,440,440,4,0,6,1.0,7.0,,,,,,,,,,1.0,,,2,,,,,,,,,,,13361.7486,3415.3605,4,1,,,0,0,12695,1,,,,1.0,1.0,,3375.2418,,,-1,,,,,,,211672.0,2012,629,614,0,0,0,1,0,18.0,,2.0,,,,2012,MIS4_to_MIS8,new_york,0,2011-2012,0,1,0,0,retention
395998804095699,6,1.0,1,4,2,8800,88001,1,1,21,36,35620,85,1.0,1.0,,7,1,59,2.0,1,44,1,,1,1,1,1,2,57,57,120,1,0,0,1.0,4.0,,,,,,,,2.0,5.0,12.0,3.0,0.0,2,,,,,,,,,,,12704.0997,3539.5026,0,0,,,0,0,4371,1,,,,,,3.0,3418.6472,7070.0,530.0,-1,,,,,,,212689.0,2011,617,614,0,0,0,0,0,18.0,2.0,34.0,2011,2.0,1,8,2,8800,88001,1,21,36,35620,85,1.0,1.0,,7,1,60,2.0,1,40,1,,1,1,1,2,57,57,120,1,0,0,2.0,2.0,14.0,80.0,,,,,,,,5.0,3.0,0.0,1,2.0,2.0,2.0,,1384.0,2.0,2.0,,,,14019.1899,3506.3016,0,0,1.0,,42,42,17283,1,,,1.0,,,,3461.5386,7070.0,,-1,,,,,,,211734.0,2012,629,614,0,0,0,0,0,12.0,,1.0,6440.0,19.0,34.0,2012,MIS4_to_MIS8,new_york,0,2011-2012,1,0,0,0,retention
395998804095699,6,1.0,1,4,2,8800,88001,1,1,21,36,35620,85,1.0,1.0,,7,3,56,1.0,2,39,1,,2,1,2,1,2,57,57,57,1,0,0,2.0,1.0,,25.0,,25.0,,,15.0,,,6.0,3.0,0.0,1,2.0,1.0,1.0,1380.0,480.76,1.0,,,,,12303.2752,3166.5393,0,0,0.0,0.0,0,0,4371,2,1.0,,,,,,3111.8187,7860.0,2540.0,-1,,,,,,,212690.0,2011,617,614,0,0,0,0,0,12.0,8.0,40.0,2011,2.0,1,8,2,8800,88001,1,21,36,35620,85,1.0,1.0,,7,3,57,1.0,2,39,1,,1,2,1,2,57,57,57,1,0,0,1.0,1.0,,30.0,,30.0,,,22.0,,,7.0,3.0,0.0,1,2.0,1.0,1.0,1901.0,1038.0,1.0,,,,,13683.4861,3456.0533,0,0,1.0,1.0,0,0,17283,2,1.0,,,,,,3413.6602,7860.0,,-1,,,,,,,211735.0,2012,629,614,0,0,0,0,0,12.0,,1.0,2540.0,8.0,40.0,2012,MIS4_to_MIS8,new_york,0,2011-2012,1,0,0,0,retention
395998804095699,6,1.0,1,4,2,8800,88001,1,1,21,36,35620,85,1.0,1.0,,7,4,31,,1,42,1,,3,1,3,7,2,57,57,57,1,0,0,2.0,1.0,,-4.0,,50.0,,,,,,2.0,3.0,0.0,1,1.0,2.0,2.0,,1346.15,1.0,,,,,12452.7775,3185.6499,0,0,0.0,,0,0,4371,3,,,3.0,,,,3151.4514,9470.0,3740.0,-1,,,,,2.0,1.0,212691.0,2011,617,614,0,0,0,0,0,14.0,12.0,51.0,2011,2.0,1,8,2,8800,88001,1,21,36,35620,85,1.0,1.0,,7,4,32,,1,42,1,,1,3,7,2,57,57,57,1,0,0,2.0,1.0,,40.0,4.0,30.0,,,4.0,,,4.0,3.0,0.0,1,1.0,,1.0,1500.0,800.0,1.0,,,,,16004.586,4000.7202,0,0,1.0,1.0,22,42,17283,3,,,3.0,,,,3981.8653,9470.0,,-1,,,,,2.0,1.0,211736.0,2012,629,614,0,0,0,0,0,14.0,,1.0,3740.0,12.0,51.0,2012,MIS4_to_MIS8,new_york,0,2011-2012,1,0,0,0,retention
510162007838940,6,1.0,4,4,2,8800,88001,1,1,21,36,35620,81,1.0,1.0,,7,1,53,,2,42,2,,1,1,1,5,2,57,57,57,1,0,0,1.0,5.0,,,,,,,,,,1.0,3.0,0.0,2,,,,,,,,,,,12155.1451,3026.8721,0,0,,,0,0,39286,1,,,5.0,,,,3047.0293,9470.0,3850.0,-1,,,,,,,212779.0,2011,617,614,0,0,0,0,0,16.0,12.0,51.0,2011,1.0,4,8,2,8800,88001,1,21,36,35620,81,1.0,1.0,,7,1,54,,2,42,2,,1,1,5,2,57,57,57,1,0,0,1.0,4.0,,,,,,,,11.0,5.0,12.0,3.0,0.0,2,,,,,,,,,,,15701.5991,4068.1906,0,0,,,0,0,28735,1,,,5.0,,,,4063.2843,9470.0,,-1,,,,,,,211821.0,2012,629,614,0,0,0,0,0,16.0,,2.0,3850.0,12.0,51.0,2012,MIS4_to_MIS8,new_york,0,2011-2012,1,0,0,0,retention
520166008238340,6,1.0,3,4,2,8800,88001,1,1,21,36,35620,5,1.0,1.0,,7,1,42,,1,39,1,2.0,1,1,1,7,2,73,73,73,2,0,18,1.0,6.0,,,,,,,,,,1.0,3.0,0.0,2,,,,,,,,,,,11608.5618,3114.0716,3,1,,,0,0,27111,1,1.0,,,,,,2904.5578,9480.0,3930.0,-1,,,,,,,212782.0,2011,617,614,0,0,1,0,0,12.0,12.0,51.0,2011,2.0,3,8,2,8800,88001,1,21,36,35620,5,1.0,1.0,,7,1,43,,1,39,1,2.0,1,1,7,2,73,73,73,2,0,18,2.0,6.0,,,,,,,,,,1.0,,,2,,,,,,,,,,,14278.1885,3700.0455,3,1,,,0,0,12554,1,1.0,,,,,,3842.0927,,,-1,,,,,,,211824.0,2012,629,614,0,0,1,0,0,12.0,,1.0,,,,2012,MIS4_to_MIS8,new_york,0,2011-2012,0,1,0,0,retention
663721088904692,6,1.0,6,4,2,8800,88001,1,1,21,36,35620,61,1.0,1.0,,7,2,35,,1,43,1,,1,0,0,7,2,57,57,57,1,0,0,1.0,1.0,,40.0,,40.0,,,,,,2.0,3.0,0.0,1,1.0,2.0,2.0,,1153.84,1.0,,,,,12460.7994,3131.7184,0,0,0.0,,0,0,27374,1,,,,2.0,,,3114.1986,9470.0,3740.0,-1,,,,,,,212870.0,2011,617,614,0,0,0,0,0,16.0,12.0,51.0,2011,1.0,6,8,2,8800,88001,1,21,36,35620,61,1.0,1.0,,7,2,36,,1,43,1,,0,0,7,2,57,57,57,1,0,0,1.0,1.0,,45.0,,45.0,,,,,,2.0,3.0,0.0,1,2.0,2.0,2.0,,1364.0,1.0,,,,,15924.7572,3987.1043,0,0,1.0,,0,0,12816,1,,,,2.0,,,3975.9113,9470.0,,-1,,,,,,,211914.0,2012,629,614,0,0,0,0,0,16.0,,1.0,3740.0,12.0,51.0,2012,MIS4_to_MIS8,new_york,0,2011-2012,1,0,0,0,retention
689980910530983,6,1.0,4,4,2,8800,88001,1,1,21,36,35620,5,1.0,1.0,,7,1,45,,2,41,2,,1,1,1,6,2,57,57,57,1,0,0,1.0,1.0,,40.0,,40.0,,,,,,2.0,2.0,0.0,1,1.0,2.0,2.0,,675.0,1.0,,,,,13816.1043,3548.6616,3,2,0.0,,0,0,64849,1,,,3.0,,,,3535.4981,9480.0,4610.0,-1,,,,,,,212929.0,2011,617,614,0,0,1,0,0,14.0,15.0,51.0,2011,1.0,4,8,2,8800,88001,1,21,36,35620,5,1.0,1.0,,7,1,47,,2,41,2,,1,1,6,2,57,57,57,1,0,0,1.0,1.0,,40.0,7.0,32.0,,,7.0,,,4.0,3.0,0.0,1,2.0,2.0,2.0,,850.0,1.0,,,,,15458.3064,3567.547,3,2,0.0,,0,0,28447,1,,,5.0,,,,3608.6721,8180.0,,-1,,,,,,,211963.0,2012,629,614,0,0,1,0,0,16.0,,2.0,4610.0,15.0,42.0,2012,MIS4_to_MIS8,new_york,0,2011-2012,1,0,0,0,retention
830609913127544,6,1.0,1,4,2,8800,88001,1,1,21,36,35620,5,1.0,1.0,,7,3,54,1.0,2,42,2,,2,1,2,1,2,440,440,440,4,0,11,2.0,1.0,,40.0,,40.0,,,,,,2.0,3.0,0.0,1,2.0,1.0,1.0,1650.0,400.0,1.0,,,,,11784.6066,3026.8721,0,0,0.0,1.0,0,0,59672,2,,,4.0,,,,3015.6442,7860.0,2540.0,-1,,,,,,,212996.0,2011,617,614,0,0,0,0,0,15.0,8.0,40.0,2011,2.0,1,8,2,8800,88001,1,21,36,35620,5,1.0,1.0,,7,3,56,1.0,2,42,2,,1,2,1,2,440,440,440,4,0,16,1.0,1.0,,40.0,,40.0,,,,,,2.0,5.0,0.0,1,2.0,2.0,2.0,,807.0,2.0,2.0,,,,14741.6147,3415.3605,0,0,1.0,,0,42,1265,2,,,5.0,,,,3454.7313,9160.0,,-1,,,,,,,212035.0,2012,629,614,0,0,0,0,0,16.0,,2.0,2040.0,6.0,49.0,2012,MIS4_to_MIS8,new_york,0,2011-2012,0,1,0,1,retention
830609933405393,6,2.0,1,4,2,8800,88001,1,1,21,36,35620,81,1.0,1.0,,7,1,46,2.0,1,36,1,,1,1,1,1,2,57,57,57,1,0,0,2.0,1.0,,40.0,,48.0,,,,,,2.0,3.0,0.0,1,1.0,,1.0,1800.0,935.0,1.0,,,,,14883.2178,3735.6574,2,1,1.0,1.0,0,42,39289,1,,,,,,,3720.0651,770.0,6530.0,-1,,,,,,,213000.0,2011,617,614,0,1,0,0,1,10.0,19.0,4.0,2011,1.0,1,8,2,8800,88001,1,21,36,35620,81,1.0,1.0,,7,1,47,2.0,1,36,1,,1,1,1,2,57,57,57,1,0,0,1.0,1.0,,50.0,,50.0,,,,,,2.0,3.0,0.0,1,2.0,2.0,2.0,,900.0,1.0,,,,,14312.4836,3491.7038,2,1,1.0,,0,0,65418,1,,,,,,,3494.5445,9470.0,,-1,,,,,,,212039.0,2012,629,614,0,1,0,0,1,10.0,,1.0,7750.0,21.0,51.0,2012,MIS4_to_MIS8,new_york,0,2011-2012,1,0,0,0,retention
830609933405393,6,2.0,1,4,2,8800,88001,1,1,21,36,35620,81,1.0,1.0,,7,3,41,1.0,2,41,1,,2,1,2,1,2,57,110,166,1,0,0,1.0,1.0,,40.0,,40.0,,,,,,2.0,3.0,0.0,1,1.0,1.0,1.0,3300.0,1538.46,1.0,,,,,14044.3019,3627.6012,2,1,0.0,0.0,0,0,39289,2,,,3.0,,,,3622.0758,7790.0,9130.0,-1,,,,,,,213001.0,2011,617,614,0,1,0,0,1,14.0,22.0,39.0,2011,1.0,1,8,2,8800,88001,1,21,36,35620,81,1.0,1.0,,7,3,42,1.0,2,41,1,,1,2,1,2,57,110,166,1,0,0,2.0,1.0,,40.0,,40.0,,,,,,2.0,4.0,0.0,1,2.0,2.0,2.0,,225.0,2.0,2.0,,,,13726.9025,3581.8876,2,1,1.0,,0,0,65418,2,,,3.0,,,,3562.0448,680.0,,-1,,,,,,,212040.0,2012,629,614,0,1,0,0,1,14.0,,1.0,5860.0,17.0,24.0,2012,MIS4_to_MIS8,new_york,0,2011-2012,0,1,0,1,retention
830609948636999,6,1.0,6,4,0,8800,88002,2,2,21,36,45060,67,1.0,1.0,,4,2,55,,1,44,1,,1,0,0,7,2,57,120,120,1,0,0,1.0,4.0,,,,,,,,1.0,2.0,11.0,3.0,0.0,2,,,,,,,,,,,12994.8835,3531.6743,0,0,,,0,0,39212,1,,,,,,2.0,3496.8965,7860.0,7120.0,-1,,,,,,,213005.0,2011,617,614,0,0,0,0,0,18.0,20.0,40.0,2011,1.0,6,8,2,8800,88002,2,21,36,45060,67,1.0,1.0,,4,2,56,,1,44,1,,0,0,7,2,57,120,120,1,0,0,1.0,4.0,,,,,,,,2.0,2.0,11.0,4.0,0.0,2,,,,,,,,,,,11564.3663,2900.8942,0,0,,,0,0,12850,1,,,,,,2.0,2719.4002,8790.0,,-1,,,,,,,212045.0,2012,629,614,0,0,0,0,0,18.0,,1.0,7010.0,20.0,47.0,2012,MIS4_to_MIS8,new_york,0,2011-2012,0,1,0,1,retention
830609972548371,6,2.0,1,4,2,8800,88001,1,1,21,36,35620,47,1.0,1.0,,7,1,36,2.0,2,44,1,,1,1,1,1,2,57,57,57,1,0,0,2.0,1.0,,50.0,,45.0,,,,,,2.0,2.0,0.0,1,2.0,2.0,2.0,,1350.0,1.0,,,,,15674.4208,4088.066,0,0,0.0,,0,0,11896,1,,,,,,2.0,4042.4893,7860.0,2300.0,-1,,,,,,,213006.0,2011,617,614,0,0,0,0,0,18.0,8.0,40.0,2011,2.0,1,8,2,8800,88001,1,21,36,35620,47,1.0,1.0,,7,1,37,2.0,2,44,1,,1,1,1,2,57,57,57,1,0,0,2.0,6.0,,,,,,,,,,1.0,4.0,0.0,2,,,,,,,,,,,15840.0628,3853.8669,0,0,,,0,0,49442,1,,,,,,2.0,4026.5187,7860.0,,-1,,,,,,,212046.0,2012,629,614,0,0,0,0,0,18.0,,1.0,2310.0,8.0,40.0,2012,MIS4_to_MIS8,new_york,0,2011-2012,0,1,0,1,retention
830609973396874,6,1.0,1,4,2,8800,88001,1,1,21,36,35620,5,1.0,1.0,,7,1,55,2.0,1,39,1,2.0,1,1,1,1,2,73,73,73,2,0,2,1.0,1.0,,40.0,,40.0,,,,,,2.0,2.0,0.0,1,2.0,2.0,2.0,,1442.3,1.0,,,,,14060.3615,3520.2167,0,0,0.0,,0,0,48487,1,1.0,,,,,,3536.9852,6080.0,9630.0,-1,,,,,,,213008.0,2011,617,614,0,0,0,0,0,12.0,22.0,23.0,2011,1.0,1,8,2,8800,88001,1,21,36,35620,5,1.0,1.0,,7,1,56,2.0,1,39,1,2.0,1,1,1,2,73,73,73,2,0,2,1.0,1.0,,40.0,,40.0,,,,,,2.0,2.0,0.0,1,1.0,,1.0,2898.0,1259.2,1.0,,,,,12374.5853,3062.6722,0,0,1.0,1.0,0,42,60184,1,1.0,,,,,,3078.1379,6080.0,,-1,,,,,,,212048.0,2012,629,614,0,0,0,0,0,12.0,,1.0,9630.0,22.0,23.0,2012,MIS4_to_MIS8,new_york,0,2011-2012,1,0,0,0,retention
880660094138969,6,2.0,1,4,2,8800,88001,1,1,21,36,35620,81,1.0,1.0,,7,1,43,2.0,1,41,4,,1,1,1,1,2,368,368,368,5,0,17,2.0,1.0,,40.0,,40.0,,,,,,2.0,3.0,0.0,1,1.0,1.0,1.0,2500.0,535.0,1.0,,,,,14437.7237,3610.8307,0,0,0.0,1.0,0,0,48696,1,,,3.0,,,,3608.2709,8190.0,4220.0,-1,,,,,,,213029.0,2011,617,614,0,0,0,0,0,14.0,14.0,41.0,2011,2.0,1,8,2,8800,88001,1,21,36,35620,81,1.0,1.0,,7,1,44,2.0,1,41,4,,1,1,1,2,368,368,368,5,0,17,2.0,1.0,,40.0,,40.0,,,,,,2.0,4.0,0.0,1,1.0,2.0,2.0,,800.0,1.0,,,,,14461.6064,3644.4028,0,0,0.0,,0,0,12940,1,,,3.0,,,,3610.6085,6190.0,,-1,,,,,,,212071.0,2012,629,614,0,0,0,0,0,14.0,,4.0,9140.0,22.0,23.0,2012,MIS4_to_MIS8,new_york,0,2011-2012,0,1,0,1,retention
880660094138969,6,2.0,1,4,2,8800,88001,1,1,21,36,35620,81,1.0,1.0,,7,3,42,1.0,2,43,4,,2,1,2,1,2,368,368,368,5,0,17,1.0,1.0,,40.0,,40.0,,,,,,2.0,3.0,0.0,1,1.0,1.0,1.0,3850.0,1180.0,1.0,,,,,14283.3598,3734.1453,0,0,0.0,1.0,0,0,48696,2,,,,2.0,,,3683.7297,7860.0,3255.0,-1,,,,,,,213030.0,2011,617,614,0,0,0,0,0,16.0,10.0,40.0,2011,2.0,1,8,2,8800,88001,1,21,36,35620,81,1.0,1.0,,7,3,42,1.0,2,43,4,,1,2,1,2,368,368,368,5,0,17,1.0,1.0,,40.0,,40.0,,,,,,2.0,4.0,0.0,1,2.0,2.0,2.0,,900.0,2.0,2.0,,,,10269.2695,2678.0398,0,0,0.0,,0,0,12940,2,,,,2.0,,,2664.8108,770.0,,-1,,,,,,,212072.0,2012,629,614,0,0,0,0,0,16.0,,4.0,20.0,1.0,4.0,2012,MIS4_to_MIS8,new_york,0,2011-2012,0,1,0,1,retention
950086882389020,6,1.0,7,4,2,8800,88001,1,1,21,36,35620,47,1.0,1.0,,7,2,44,,2,44,1,,1,0,0,7,2,57,57,57,1,0,0,1.0,1.0,,40.0,,40.0,,,,,,2.0,3.0,0.0,1,2.0,2.0,2.0,,888.0,1.0,,,,,14044.3019,3627.6012,0,0,1.0,,0,42,64875,1,,,,,,2.0,3622.0758,7860.0,2310.0,-1,,,,,,,213104.0,2011,617,614,0,0,0,0,0,18.0,8.0,40.0,2011,1.0,7,8,2,8800,88001,1,21,36,35620,47,1.0,1.0,,7,2,45,,2,44,1,,0,0,7,2,57,57,57,1,0,0,1.0,1.0,,40.0,,40.0,,,,,,2.0,3.0,0.0,1,2.0,2.0,2.0,,1653.84,1.0,,,,,13710.4318,3447.1343,0,0,0.0,,0,0,56723,1,,,,,,2.0,3442.8348,7860.0,,-1,,,,,,,212125.0,2012,629,614,0,0,0,0,0,18.0,,1.0,2310.0,8.0,40.0,2012,MIS4_to_MIS8,new_york,0,2011-2012,1,0,0,0,retention
91086185380380,6,1.0,1,4,2,8800,88001,1,1,21,36,35620,103,2.0,1.0,,7,1,53,2.0,2,39,1,,1,1,1,1,2,57,57,57,1,0,0,1.0,1.0,,30.0,,30.0,,,22.0,,,7.0,3.0,0.0,1,2.0,,1.0,1650.0,495.0,1.0,,,,,14138.4053,3581.1919,3,1,0.0,0.0,0,0,12218,1,1.0,,,,,,3460.7549,7860.0,2540.0,-1,,,,,6.0,,213252.0,2011,617,614,0,0,1,0,0,12.0,8.0,40.0,2011,1.0,1,8,2,8800,88001,1,21,36,35620,103,2.0,1.0,,7,1,54,2.0,2,39,1,,1,1,1,2,57,57,57,1,0,0,1.0,1.0,,34.0,,37.0,,,,,,2.0,3.0,0.0,1,2.0,,1.0,800.0,272.0,2.0,2.0,,,,13313.2099,3362.3252,4,1,1.0,1.0,0,0,56845,1,1.0,,,,,,3343.0881,7860.0,,4600,,,,,6.0,,212269.0,2012,629,614,0,0,0,1,0,12.0,,1.0,4600.0,15.0,40.0,2012,MIS4_to_MIS8,new_york,0,2011-2012,1,0,0,0,retention
163757048909292,6,1.0,1,4,2,8800,88001,1,1,21,36,15380,0,2.0,1.0,,5,1,61,2.0,2,39,1,,1,1,1,1,2,57,57,57,1,0,0,1.0,1.0,,30.0,,50.0,,,,,,2.0,3.0,0.0,1,1.0,1.0,1.0,1450.0,480.76,1.0,,,,,12484.3592,3355.8479,0,0,0.0,0.0,0,0,27387,1,1.0,,,,,,3253.4143,8370.0,9140.0,4720,,,,,,,213286.0,2011,617,614,0,0,0,0,0,12.0,22.0,43.0,2011,2.0,1,8,2,8800,88001,1,21,36,15380,0,2.0,1.0,,5,1,62,2.0,2,39,1,,1,1,1,2,57,57,57,1,0,0,2.0,1.0,,37.0,,47.0,,,,,,2.0,4.0,0.0,1,2.0,,1.0,1800.0,666.0,2.0,2.0,,,,11023.7181,2736.4471,0,0,1.0,1.0,0,0,56766,1,1.0,,,,,,2704.8007,8370.0,,4760,,,,,,,212305.0,2012,629,614,0,0,0,0,0,12.0,,1.0,9140.0,22.0,43.0,2012,MIS4_to_MIS8,new_york,0,2011-2012,0,1,0,1,retention
240862096738449,6,2.0,1,4,2,8800,88001,1,1,21,36,40380,69,2.0,1.0,,5,3,60,1.0,2,39,1,,2,1,2,1,2,57,57,57,1,0,0,1.0,1.0,,6.0,,6.0,,,15.0,,,6.0,3.0,0.0,1,2.0,1.0,1.0,1045.0,170.0,1.0,,,,,12484.3592,3355.8479,0,0,1.0,1.0,0,0,48646,2,1.0,,,,,,3253.4143,7860.0,5320.0,-1,,,,,,,213304.0,2011,617,614,0,0,0,0,0,12.0,17.0,40.0,2011,1.0,1,8,2,8800,88001,1,21,36,40380,69,2.0,1.0,,5,3,61,1.0,2,39,1,,1,2,1,2,57,57,57,1,0,0,2.0,1.0,,38.0,,38.0,,,,,,2.0,3.0,0.0,1,2.0,1.0,1.0,1725.0,250.0,1.0,,,,,11023.7181,2736.4471,0,0,0.0,1.0,0,0,12854,2,1.0,,,,,,2704.8007,7860.0,,-1,,,,,,,212317.0,2012,629,614,0,0,0,0,0,12.0,,1.0,2540.0,8.0,40.0,2012,MIS4_to_MIS8,new_york,0,2011-2012,1,0,0,0,retention
308909793792836,6,1.0,6,4,2,8800,88001,1,1,21,36,35620,103,2.0,1.0,,7,2,25,,1,43,4,,1,0,0,7,2,207,207,207,5,0,21,1.0,1.0,,20.0,,20.0,,,20.0,,,7.0,2.0,0.0,1,2.0,,1.0,1900.0,380.0,2.0,2.0,,,,12960.5045,3338.3763,0,0,1.0,1.0,0,42,12220,1,,,,1.0,1.0,,3279.943,7870.0,2200.0,-1,,,,,,,213329.0,2011,617,614,0,0,0,0,0,18.0,8.0,40.0,2011,1.0,6,8,2,8800,88001,1,21,36,35620,103,2.0,1.0,,7,2,26,,1,43,4,,0,0,7,2,207,207,207,5,0,21,1.0,1.0,,20.0,,20.0,,,22.0,,,7.0,2.0,0.0,1,2.0,2.0,2.0,,288.0,1.0,,,,,16808.4798,4197.5643,0,0,1.0,,0,42,13004,1,,,,1.0,1.0,,4181.8703,7870.0,,-1,,,,,,,212347.0,2012,629,614,0,0,0,0,0,18.0,,4.0,2200.0,8.0,40.0,2012,MIS4_to_MIS8,new_york,0,2011-2012,1,0,0,0,retention
308909793792836,6,1.0,6,4,2,8800,88001,1,1,21,36,35620,103,2.0,1.0,,7,14,24,,2,44,4,,2,0,0,7,2,207,207,207,5,0,21,2.0,1.0,,20.0,,20.0,,,20.0,,,7.0,2.0,0.0,1,2.0,,1.0,1500.0,300.0,2.0,2.0,1.0,1.0,2.0,11410.607,2827.0407,0,0,1.0,1.0,0,42,12220,2,,,,,,2.0,2784.2579,7870.0,2200.0,-1,,,,,,,213330.0,2011,617,614,0,0,0,0,0,18.0,8.0,40.0,2011,1.0,6,8,2,8800,88001,1,21,36,35620,103,2.0,1.0,,7,14,25,,2,44,4,,0,0,7,2,207,207,207,5,0,21,2.0,7.0,,,,,,,,,,1.0,,,2,,,,,,,,,,,13042.8216,3108.3336,0,0,,,0,0,13004,2,,,,,,2.0,3315.4644,,,-1,,,,,,,212348.0,2012,629,614,0,0,0,0,0,18.0,,4.0,,,,2012,MIS4_to_MIS8,new_york,0,2011-2012,0,1,0,0,retention
363220058907696,6,1.0,1,4,2,8800,88001,1,1,21,36,40380,55,2.0,1.0,,5,1,39,2.0,2,44,1,,1,1,1,1,2,57,57,57,1,0,0,1.0,2.0,8.0,40.0,,,,,,,,5.0,3.0,0.0,1,2.0,2.0,2.0,,1227.27,1.0,,,,,11476.3867,3036.2517,5,2,0.0,,0,0,27313,1,,,,,,2.0,2959.8013,7860.0,1820.0,-1,,,,,,,213336.0,2011,617,614,1,1,0,0,1,18.0,5.0,40.0,2011,2.0,1,8,2,8800,88001,1,21,36,40380,55,2.0,1.0,,5,1,40,2.0,2,44,1,,1,1,1,2,57,57,57,1,0,0,2.0,7.0,,,,,,,,,,1.0,3.0,0.0,2,,,,,,,,,,,10801.7494,2732.6115,5,2,,,0,0,56736,1,,,,,,2.0,2745.7875,7860.0,,-1,,,,,,,212353.0,2012,629,614,1,1,0,0,1,18.0,,1.0,1820.0,5.0,40.0,2012,MIS4_to_MIS8,new_york,0,2011-2012,1,0,0,0,retention
463063048907697,6,2.0,1,4,2,8800,88001,1,1,21,36,35620,119,2.0,1.0,,7,3,43,1.0,2,44,1,,2,1,2,1,2,57,116,116,1,0,0,1.0,1.0,,45.0,,45.0,,,,,,2.0,3.0,0.0,1,2.0,2.0,2.0,,1153.84,1.0,,,,,10532.3388,2759.6271,3,2,0.0,,0,0,1552,2,,,,,,2.0,2716.3279,7860.0,2310.0,-1,,,,,,,213427.0,2011,617,614,0,0,1,0,0,18.0,8.0,40.0,2011,1.0,1,8,2,8800,88001,1,21,36,35620,119,2.0,1.0,,7,3,44,1.0,2,44,1,,1,2,1,2,57,116,116,1,0,0,2.0,1.0,,40.0,,40.0,,,,,,2.0,3.0,0.0,1,2.0,2.0,2.0,,1250.0,1.0,,,,,11529.105,3005.1067,3,2,0.0,,0,0,1509,2,,,,,,2.0,2991.7302,7860.0,,-1,,,,,,,212432.0,2012,629,614,0,0,1,0,0,18.0,,1.0,2310.0,8.0,40.0,2012,MIS4_to_MIS8,new_york,0,2011-2012,1,0,0,0,retention
486390479600736,6,2.0,1,4,2,8800,88001,1,1,21,36,35620,119,2.0,1.0,,7,3,49,1.0,2,45,1,,2,1,2,1,2,57,57,57,1,0,0,1.0,1.0,,36.0,,36.0,,,,,,2.0,3.0,0.0,1,2.0,2.0,2.0,,1500.0,1.0,,,,,13901.2989,3448.2376,4,1,0.0,,0,0,12257,2,,,,,,,3402.7167,7860.0,3255.0,-1,,,,,,,213432.0,2011,617,614,0,0,0,1,0,18.0,10.0,40.0,2011,2.0,1,8,2,8800,88001,1,21,36,35620,119,2.0,1.0,,7,3,49,1.0,2,45,1,,1,2,1,2,57,57,57,1,0,0,1.0,1.0,,36.0,,36.0,,,,,,2.0,3.0,0.0,1,2.0,2.0,2.0,,1869.56,1.0,,,,,13867.4876,3482.8097,0,0,0.0,,0,0,28882,2,,,,,,,3482.2731,7860.0,,-1,,,,,,,212437.0,2012,629,614,0,0,0,0,0,18.0,,1.0,3255.0,10.0,40.0,2012,MIS4_to_MIS8,new_york,0,2011-2012,1,0,0,0,retention
486390479600736,6,2.0,1,4,2,8800,88001,1,1,21,36,35620,119,2.0,1.0,,7,4,17,,2,37,1,,4,1,3,7,2,57,57,57,1,0,0,2.0,1.0,,2.0,,2.0,,,20.0,,,7.0,3.0,0.0,1,2.0,1.0,1.0,1000.0,10.0,2.0,2.0,1.0,1.0,1.0,12520.8268,3337.0884,0,0,0.0,0.0,0,0,12257,4,,,,,,,3244.2401,7860.0,3955.0,-1,,,,,2.0,1.0,213433.0,2011,617,614,0,0,0,0,0,11.0,12.0,40.0,2011,2.0,1,8,2,8800,88001,1,21,36,35620,119,2.0,1.0,,7,4,18,,2,39,1,,1,3,7,2,57,57,57,1,0,0,2.0,1.0,,30.0,,35.0,,,15.0,,,8.0,3.0,0.0,1,2.0,,1.0,1050.0,315.0,2.0,2.0,1.0,1.0,2.0,13163.3885,3392.5699,0,0,0.0,0.0,0,0,28882,4,1.0,,,,,,3355.9252,8590.0,,-1,,,,,2.0,1.0,212438.0,2012,629,614,0,0,0,0,0,12.0,,1.0,3955.0,12.0,44.0,2012,MIS4_to_MIS8,new_york,0,2011-2012,1,0,0,0,retention
486390479600736,6,2.0,1,4,2,8800,88001,1,1,21,36,35620,119,2.0,1.0,,7,4,20,,1,40,1,,3,1,3,7,2,57,57,57,1,0,0,2.0,7.0,,,,,,,,,,1.0,3.0,0.0,2,,,,,,,,1.0,1.0,2.0,18481.0242,4287.9215,0,0,,,0,0,12257,3,,,2.0,,,,4370.1357,8470.0,4620.0,-1,,,,,2.0,1.0,213434.0,2011,617,614,0,0,0,0,0,13.0,15.0,43.0,2011,2.0,1,8,2,8800,88001,1,21,36,35620,119,2.0,1.0,,7,4,21,,1,40,1,,1,3,7,2,57,57,57,1,0,0,2.0,1.0,,20.0,,20.0,,,20.0,,,7.0,3.0,0.0,1,2.0,,1.0,1050.0,210.0,2.0,2.0,1.0,1.0,2.0,19154.2656,4706.3888,0,0,0.0,0.0,0,0,28882,3,,,3.0,,,,4775.9531,8590.0,,-1,,,,,2.0,1.0,212439.0,2012,629,614,0,0,0,0,0,14.0,,1.0,3955.0,12.0,44.0,2012,MIS4_to_MIS8,new_york,0,2011-2012,1,0,0,0,retention
550869093138509,6,1.0,4,4,2,8800,88001,1,1,21,36,10580,0,2.0,1.0,,4,1,54,,2,44,1,,1,1,1,6,2,57,57,57,1,0,0,1.0,1.0,,38.0,,38.0,,,,,,2.0,2.0,0.0,1,2.0,2.0,2.0,,884.61,1.0,,,,,13803.5069,3496.3637,4,1,0.0,,0,0,61946,1,,,,,,3.0,3378.7795,6970.0,20.0,-1,,,,,,,213465.0,2011,617,614,0,0,0,1,0,18.0,1.0,32.0,2011,1.0,4,8,2,8800,88001,1,21,36,10580,0,2.0,1.0,,4,1,55,,2,44,1,,1,1,6,2,57,57,57,1,0,0,1.0,1.0,,40.0,,47.0,,,,,,2.0,2.0,0.0,1,2.0,2.0,2.0,,1730.76,1.0,,,,,12585.2373,3175.1919,4,1,0.0,,0,0,28792,1,,,,,,3.0,3139.6768,9480.0,,-1,,,,,,,212457.0,2012,629,614,0,0,0,1,0,18.0,,1.0,110.0,1.0,51.0,2012,MIS4_to_MIS8,new_york,0,2011-2012,1,0,0,0,retention
608906043793476,6,1.0,4,4,2,8800,88001,1,1,21,36,35620,119,2.0,1.0,,7,1,54,,2,44,1,,1,1,1,5,2,57,57,57,1,0,0,1.0,1.0,,38.0,,40.0,,,,,,2.0,3.0,0.0,1,2.0,2.0,2.0,,2384.61,1.0,,,,,14138.4053,3581.1919,0,0,0.0,,0,0,59790,1,,,,,,3.0,3460.7549,7860.0,3230.0,-1,,,,,,,213484.0,2011,617,614,0,0,0,0,0,18.0,10.0,40.0,2011,3.0,4,8,2,8800,88001,1,21,36,35620,119,2.0,1.0,,7,1,55,,2,44,1,,1,1,5,2,57,57,57,1,0,0,2.0,1.0,,40.0,,40.0,,,,,,2.0,3.0,0.0,1,2.0,,1.0,3516.0,1406.4,1.0,,,,,13840.2333,3491.821,0,0,1.0,1.0,0,42,1510,1,,,,,,3.0,3452.7644,7860.0,,-1,,,,,,,212477.0,2012,629,614,0,0,0,0,0,18.0,,1.0,3230.0,10.0,40.0,2012,MIS4_to_MIS8,new_york,0,2011-2012,1,0,0,0,retention
663398068907997,6,1.0,6,4,2,8800,88001,1,1,21,36,45060,67,2.0,1.0,,4,2,35,,1,44,2,,1,0,0,7,2,57,341,341,1,0,0,1.0,1.0,,40.0,,45.0,,,,,,2.0,3.0,0.0,1,2.0,,1.0,1450.0,580.0,1.0,,,,,14706.2049,3643.916,0,0,0.0,0.0,0,0,59746,1,,,,,,2.0,3508.7061,7860.0,2310.0,2340,,,,,,,213541.0,2011,617,614,0,0,0,0,0,18.0,8.0,40.0,2011,1.0,6,8,2,8800,88001,1,21,36,45060,67,2.0,1.0,,4,2,36,,1,44,2,,0,0,7,2,57,341,341,1,0,0,1.0,1.0,,40.0,4.0,32.0,,,4.0,,,4.0,4.0,0.0,1,2.0,2.0,2.0,,1096.0,2.0,2.0,,,,11466.2011,2888.7666,0,0,1.0,,0,42,40946,1,,,,,,2.0,2951.0818,8090.0,,-1,,,,,,,212530.0,2012,629,614,0,0,0,0,0,18.0,,2.0,5110.0,17.0,42.0,2012,MIS4_to_MIS8,new_york,0,2011-2012,0,1,0,1,retention
689250717140983,6,2.0,1,4,2,8800,88001,1,1,21,36,35620,103,2.0,1.0,,7,1,69,2.0,2,43,1,,1,1,1,1,2,57,57,57,1,0,0,2.0,4.0,,,,,,,,112.0,2.0,11.0,3.0,0.0,2,,,,,,,,,,,12139.9026,3150.6509,0,0,,,0,0,16755,1,,,,2.0,,,3085.4333,7860.0,2310.0,-1,,,,,,,213574.0,2011,617,614,0,0,0,0,0,16.0,8.0,40.0,2011,2.0,1,8,2,8800,88001,1,21,36,35620,103,2.0,1.0,,7,1,70,2.0,2,43,1,,1,1,1,2,57,57,57,1,0,0,2.0,5.0,,,,,,,,,,1.0,,,2,,,,,,,,,,,13040.9199,3246.333,0,0,,,0,0,17294,1,,,,2.0,,,3272.033,,,-1,,,,,,,212569.0,2012,629,614,0,0,0,0,0,16.0,,1.0,,,,2012,MIS4_to_MIS8,new_york,0,2011-2012,0,1,0,0,retention
689393679600789,6,1.0,4,4,2,8800,88001,1,1,21,36,45060,67,2.0,1.0,,4,1,39,,2,44,1,,1,1,1,6,2,57,57,57,1,0,0,1.0,1.0,,35.0,8.0,21.0,,,8.0,,,4.0,2.0,0.0,1,2.0,2.0,2.0,,980.76,2.0,1.0,,,,11476.3867,3036.2517,0,0,0.0,,0,0,48640,1,,,,,,1.0,2959.8013,7870.0,650.0,-1,,,,,,,213579.0,2011,617,614,0,0,0,0,0,17.0,2.0,40.0,2011,1.0,4,8,2,8800,88001,1,21,36,45060,67,2.0,1.0,,4,1,40,,2,44,1,,1,1,6,2,57,57,57,1,0,0,1.0,1.0,,35.0,,35.0,,,,,,2.0,2.0,0.0,1,2.0,2.0,2.0,,980.76,2.0,2.0,,,,10483.6761,2732.6115,0,0,0.0,,0,0,28661,1,,,,,,2.0,2720.448,7870.0,,-1,,,,,,,212574.0,2012,629,614,0,0,0,0,0,18.0,,1.0,650.0,2.0,40.0,2012,MIS4_to_MIS8,new_york,0,2011-2012,1,0,0,0,retention
689620724440983,6,1.0,1,4,2,8800,88001,1,1,21,36,40380,69,2.0,1.0,,5,1,45,2.0,1,40,1,,1,1,1,1,2,57,57,109,1,0,0,1.0,1.0,,40.0,,58.0,,,,,,2.0,3.0,0.0,1,1.0,2.0,2.0,,2155.0,1.0,,,,,14557.1683,3706.4087,4,1,1.0,,23,42,27403,1,,,4.0,,,,3638.5689,9470.0,3850.0,-1,,,,,,,213598.0,2011,617,614,0,0,0,1,0,15.0,12.0,51.0,2011,1.0,1,8,2,8800,88001,1,21,36,40380,69,2.0,1.0,,5,1,45,2.0,1,40,1,,1,1,1,2,57,57,109,1,0,0,1.0,2.0,5.0,40.0,,,,,,,,5.0,3.0,0.0,1,2.0,,1.0,1600.0,640.0,2.0,1.0,,,,12253.5896,2986.1431,4,1,1.0,1.0,0,42,28667,1,,,5.0,,,,2991.8437,9470.0,,-1,,,,,,,212597.0,2012,629,614,0,0,0,1,0,16.0,,1.0,3850.0,12.0,51.0,2012,MIS4_to_MIS8,new_york,0,2011-2012,1,0,0,0,retention
830609967936879,6,1.0,6,4,2,8800,88001,1,1,21,36,45060,67,2.0,1.0,,4,2,49,,1,39,2,,1,0,0,6,2,341,341,341,4,0,5,1.0,1.0,,40.0,,40.0,,,,,,2.0,2.0,0.0,1,2.0,,1.0,3000.0,1200.0,1.0,,,,,16189.634,3741.0121,0,0,1.0,1.0,0,0,59747,1,1.0,,,,,,3622.4539,770.0,6730.0,-1,,,,,,,213634.0,2011,617,614,0,0,0,0,0,12.0,19.0,4.0,2011,1.0,6,8,2,8800,88001,1,21,36,45060,67,2.0,1.0,,4,2,50,,1,39,2,,0,0,6,2,341,341,341,4,0,5,1.0,1.0,,40.0,,40.0,,,,,,2.0,2.0,0.0,1,2.0,1.0,1.0,2500.0,575.0,1.0,,,,,10410.9978,2598.7665,0,0,0.0,1.0,0,0,12848,1,1.0,,,,,,2620.6023,770.0,,-1,,,,,,,212642.0,2012,629,614,0,0,0,0,0,12.0,,2.0,6730.0,19.0,4.0,2012,MIS4_to_MIS8,new_york,0,2011-2012,1,0,0,0,retention
830609983979273,6,1.0,1,4,2,8800,88001,1,1,21,36,35620,103,2.0,1.0,,7,3,46,1.0,2,43,1,2.0,2,1,2,1,2,57,73,327,1,0,0,2.0,1.0,,40.0,,40.0,,,,,,2.0,2.0,0.0,1,2.0,2.0,2.0,,1100.0,1.0,,,,,10472.8133,2540.6783,0,0,1.0,,0,42,59781,2,,,,2.0,,,2563.5027,8190.0,3160.0,-1,,,,,3.0,,213638.0,2011,617,614,0,0,0,0,0,16.0,10.0,41.0,2011,1.0,1,8,2,8800,88001,1,21,36,35620,103,2.0,1.0,,7,3,48,1.0,2,43,1,2.0,1,2,1,2,57,73,327,1,0,0,2.0,2.0,4.0,40.0,,,,,,,,5.0,4.0,0.0,1,1.0,2.0,2.0,,1909.0,1.0,,,,,13927.9975,3503.5705,0,0,1.0,,0,42,41056,2,,,,2.0,,,3497.4678,8090.0,,-1,,,,,3.0,,212646.0,2012,629,614,0,0,0,0,0,16.0,,1.0,3160.0,10.0,42.0,2012,MIS4_to_MIS8,new_york,0,2011-2012,0,1,0,1,retention
883397939600729,6,1.0,1,4,2,8800,88001,1,1,21,36,35620,103,2.0,1.0,,7,1,56,2.0,2,39,1,2.0,1,1,1,1,2,57,73,73,1,0,0,1.0,1.0,,48.0,,48.0,,,,,,2.0,2.0,0.0,1,2.0,,1.0,1400.0,672.0,1.0,,,,,11041.6614,2819.3518,0,0,1.0,1.0,0,42,27545,1,1.0,,,,,,2792.7237,8190.0,5700.0,-1,,,,,,,213664.0,2011,617,614,0,0,0,0,0,12.0,17.0,41.0,2011,1.0,1,8,2,8800,88001,1,21,36,35620,103,2.0,1.0,,7,1,57,2.0,2,40,1,2.0,1,1,1,2,57,73,73,1,0,0,1.0,1.0,,47.0,4.0,8.0,,,4.0,,,4.0,2.0,0.0,1,2.0,,1.0,1675.0,787.25,1.0,,,,,12305.4365,3109.5376,0,0,1.0,1.0,0,42,28853,1,,,2.0,,,,3069.874,8190.0,,-1,,,,,,,212667.0,2012,629,614,0,0,0,0,0,13.0,,1.0,5700.0,17.0,41.0,2012,MIS4_to_MIS8,new_york,0,2011-2012,1,0,0,0,retention
908909363798676,6,1.0,4,4,2,8800,88001,1,1,21,36,45060,67,2.0,1.0,,4,1,40,,2,43,2,,1,1,1,5,2,333,333,333,4,10,7,1.0,4.0,,,,,,,,74.0,2.0,11.0,3.0,0.0,2,,,,,,,,,,,17171.7475,4031.0797,3,2,,,0,0,48639,1,,,,2.0,,,4044.4813,9570.0,740.0,-1,,,,,,,213680.0,2011,617,614,0,0,1,0,0,16.0,2.0,51.0,2011,1.0,4,8,2,8800,88001,1,21,36,45060,67,2.0,1.0,,4,1,41,,2,43,2,,1,1,5,2,333,333,333,4,10,7,1.0,1.0,,50.0,,50.0,,,,,,2.0,5.0,0.0,1,2.0,1.0,1.0,2164.0,865.5,2.0,2.0,,,,14238.2975,3732.8791,10,3,0.0,0.0,0,0,28660,1,,,,2.0,,,3698.2668,9170.0,,-1,,,,,,,212688.0,2012,629,614,0,0,1,1,0,16.0,,2.0,420.0,1.0,49.0,2012,MIS4_to_MIS8,new_york,0,2011-2012,0,1,0,1,retention
963792088907393,6,1.0,1,4,2,8800,88001,1,1,21,36,35620,103,2.0,1.0,,7,3,47,1.0,2,44,1,,2,1,2,1,2,57,57,117,1,0,0,2.0,1.0,,35.0,,35.0,,,,,,2.0,3.0,0.0,1,2.0,2.0,2.0,,1730.0,1.0,,,,,13901.2989,3448.2376,4,2,1.0,,0,42,39363,2,,,,,,2.0,3402.7167,7860.0,2320.0,-1,,,,,,,213702.0,2011,617,614,0,0,0,1,0,18.0,8.0,40.0,2011,1.0,1,8,2,8800,88001,1,21,36,35620,103,2.0,1.0,,7,3,48,1.0,2,44,1,,1,2,1,2,57,57,117,1,0,0,2.0,1.0,,40.0,,40.0,,,,,,2.0,3.0,0.0,1,2.0,2.0,2.0,,23.0,1.0,,,,,13867.4876,3482.8097,4,1,1.0,,0,42,28852,2,,,,,,2.0,3482.2731,7860.0,,-1,,,,,,,212715.0,2012,629,614,0,0,0,1,0,18.0,,1.0,2320.0,8.0,40.0,2012,MIS4_to_MIS8,new_york,0,2011-2012,1,0,0,0,retention
994096583389090,6,1.0,1,4,2,8800,88001,1,1,21,36,15380,0,2.0,1.0,,5,3,59,1.0,2,39,1,,2,1,2,1,2,57,57,57,1,0,0,2.0,1.0,,40.0,,40.0,,,,,,2.0,2.0,0.0,1,2.0,2.0,2.0,,1211.0,1.0,,,,,12416.0412,3241.5557,0,0,1.0,,0,0,11797,2,1.0,,,,,,3140.3401,9570.0,5850.0,-1,,,,,,,213739.0,2011,617,614,0,0,0,0,0,12.0,17.0,51.0,2011,1.0,1,8,2,8800,88001,1,21,36,15380,0,2.0,1.0,,5,3,60,1.0,2,39,1,,1,2,1,2,57,57,57,1,0,0,2.0,1.0,,36.0,,36.0,,,,,,2.0,2.0,0.0,1,2.0,1.0,1.0,1213.0,730.0,1.0,,,,,11023.7181,2736.4471,0,0,1.0,1.0,0,0,17245,2,1.0,,,,,,2704.8007,6990.0,,-1,,,,,,,212758.0,2012,629,614,0,0,0,0,0,12.0,,1.0,540.0,2.0,33.0,2012,MIS4_to_MIS8,new_york,0,2011-2012,1,0,0,0,retention
390988601039609,6,1.0,1,4,2,8800,88001,1,1,21,36,0,0,3.0,2.0,,0,3,58,1.0,2,42,1,,2,1,2,1,2,57,57,57,1,0,0,2.0,1.0,,37.0,,37.0,,,,,,2.0,3.0,0.0,1,2.0,1.0,1.0,1700.0,680.0,1.0,,,,,12206.8437,3186.9388,0,0,0.0,0.0,0,0,4405,2,,,3.0,,,,3087.4286,8370.0,800.0,-1,,,,,,,213788.0,2011,617,614,0,0,0,0,0,14.0,2.0,43.0,2011,1.0,1,8,2,8800,88001,1,21,36,0,0,3.0,2.0,,0,3,59,1.0,2,42,1,,1,2,1,2,57,57,57,1,0,0,2.0,5.0,,,,,,,,,,1.0,3.0,0.0,2,,,,,,,,,,,12776.3719,3177.5769,0,0,,,0,0,4700,2,,,4.0,,,,3247.7334,8370.0,,-1,,,,,,,212799.0,2012,629,614,0,0,0,0,0,15.0,,1.0,5120.0,17.0,43.0,2012,MIS4_to_MIS8,new_york,0,2011-2012,1,0,0,0,retention
608906633992796,6,1.0,1,4,2,8800,88001,1,1,21,36,0,0,3.0,2.0,,0,1,58,2.0,1,39,1,,1,1,1,1,2,57,57,57,1,0,0,1.0,1.0,,40.0,,40.0,,,,,,2.0,3.0,0.0,1,2.0,,1.0,1250.0,500.0,2.0,2.0,,,,13448.7233,3452.6196,0,0,0.0,0.0,0,0,39018,1,1.0,,,,,,3383.1232,9390.0,4220.0,-1,,,,,,,213833.0,2011,617,614,0,0,0,0,0,12.0,14.0,51.0,2011,2.0,1,8,2,8800,88001,1,21,36,0,0,3.0,2.0,,0,1,59,2.0,1,39,1,,1,1,1,2,57,57,57,1,0,0,2.0,1.0,,40.0,,40.0,,,,,,2.0,3.0,0.0,1,2.0,,1.0,1250.0,500.0,2.0,2.0,,,,11290.4647,2808.4722,0,0,0.0,0.0,0,0,4603,1,1.0,,,,,,2808.4664,6290.0,,-1,,,,,,,212849.0,2012,629,614,0,0,0,0,0,12.0,,1.0,4220.0,14.0,23.0,2012,MIS4_to_MIS8,new_york,0,2011-2012,1,0,0,0,retention
689510487140983,6,2.0,1,4,2,8800,88001,1,1,21,36,0,13,3.0,2.0,,0,3,46,1.0,2,40,1,,2,1,2,1,2,57,57,57,1,0,0,1.0,1.0,,35.0,,35.0,,,,,,2.0,3.0,0.0,1,2.0,,1.0,1415.0,495.25,1.0,,,,,13343.3423,3309.8356,4,1,0.0,0.0,0,0,39024,2,,,4.0,,,,3266.1418,8090.0,5110.0,-1,,,,,,,213840.0,2011,617,614,0,0,0,1,0,15.0,17.0,42.0,2011,2.0,1,8,2,8800,88001,1,21,36,0,13,3.0,2.0,,0,3,47,1.0,2,40,1,,1,2,1,2,57,57,57,1,0,0,1.0,1.0,,35.0,,35.0,,,,,,2.0,3.0,0.0,1,2.0,,1.0,1435.0,502.25,1.0,,,,,12619.4922,3169.3765,4,1,0.0,0.0,0,0,56683,2,,,3.0,,,,3168.8883,6990.0,,-1,,,,,,,212858.0,2012,629,614,0,0,0,1,0,14.0,,1.0,5840.0,17.0,33.0,2012,MIS4_to_MIS8,new_york,0,2011-2012,1,0,0,0,retention
810861095438479,6,1.0,1,4,2,8800,88001,1,1,21,36,0,13,3.0,2.0,,0,1,59,2.0,1,41,1,,1,1,1,1,2,57,57,57,1,0,0,1.0,1.0,,40.0,,40.0,,,,,,2.0,2.0,0.0,1,2.0,,1.0,1250.0,500.0,2.0,1.0,,,,13448.7233,3452.6196,0,0,1.0,1.0,0,42,39025,1,,,3.0,,,,3383.1232,7870.0,4220.0,-1,,,,,,,213862.0,2011,617,614,0,0,0,0,0,14.0,14.0,40.0,2011,1.0,1,8,2,8800,88001,1,21,36,0,13,3.0,2.0,,0,1,60,2.0,1,41,1,,1,1,1,2,57,57,57,1,0,0,1.0,1.0,,40.0,,40.0,,,,,,2.0,2.0,0.0,1,2.0,,1.0,1250.0,500.0,1.0,,,,,12011.5026,3000.8797,0,0,1.0,1.0,0,0,28465,1,,,3.0,,,,2965.8119,7870.0,,-1,,,,,,,212876.0,2012,629,614,0,0,0,0,0,14.0,,1.0,4220.0,14.0,40.0,2012,MIS4_to_MIS8,new_york,0,2011-2012,1,0,0,0,retention
208901253992336,6,2.0,1,4,2,8800,88001,1,1,21,36,46540,0,,1.0,,3,1,59,2.0,1,39,1,,1,1,1,1,2,57,57,57,1,0,0,2.0,1.0,,40.0,,40.0,,,,,,2.0,3.0,0.0,1,2.0,,1.0,2000.0,800.0,2.0,2.0,,,,13679.2039,3511.7897,0,0,0.0,0.0,0,0,11822,1,1.0,,,,,,3441.1023,7860.0,4220.0,-1,,,,,,,213929.0,2011,617,614,0,0,0,0,0,12.0,14.0,40.0,2011,1.0,1,8,2,8800,88001,1,21,36,46540,0,,1.0,,3,1,60,2.0,1,39,1,,1,1,1,2,57,57,57,1,0,0,1.0,1.0,,40.0,4.0,32.0,,,4.0,,,4.0,3.0,0.0,1,2.0,1.0,1.0,2250.0,850.0,2.0,2.0,,,,12002.4871,2998.6273,0,0,1.0,1.0,0,0,28515,1,1.0,,,,,,2963.5858,7860.0,,-1,,,,,,,212942.0,2012,629,614,0,0,0,0,0,12.0,,1.0,7000.0,20.0,40.0,2012,MIS4_to_MIS8,new_york,0,2011-2012,1,0,0,0,retention
393928305022619,6,1.0,6,4,2,8800,88001,1,1,21,36,46540,0,,1.0,,3,2,53,,1,39,1,,1,0,0,5,2,57,57,57,1,0,0,1.0,1.0,,40.0,,48.0,,,,,,2.0,2.0,0.0,1,2.0,2.0,2.0,,1134.61,1.0,,,,,13838.6355,3537.3492,0,0,0.0,,0,0,39060,1,1.0,,,,,,3458.9714,9470.0,3800.0,-1,,,,,,,213942.0,2011,617,614,0,0,0,0,0,12.0,12.0,51.0,2011,1.0,6,8,2,8800,88001,1,21,36,46540,0,,1.0,,3,2,54,,1,39,1,,0,0,5,2,57,57,57,1,0,0,1.0,1.0,,40.0,,56.0,,,,,,2.0,2.0,0.0,1,2.0,1.0,1.0,1600.0,1250.0,1.0,,,,,11937.8835,2933.3885,0,0,0.0,1.0,0,0,1299,1,1.0,,,,,,2914.7607,9470.0,,-1,,,,,,,212957.0,2012,629,614,0,0,0,0,0,12.0,,1.0,3800.0,12.0,51.0,2012,MIS4_to_MIS8,new_york,0,2011-2012,1,0,0,0,retention
463595088909995,6,1.0,4,4,2,8800,88001,1,1,21,36,39100,71,,1.0,,4,1,53,,2,42,2,,1,1,1,5,2,333,333,333,4,0,14,1.0,1.0,,40.0,,40.0,,,,,,2.0,2.0,0.0,1,1.0,2.0,2.0,,1134.61,1.0,,,,,11627.9367,3029.6178,0,0,0.0,,0,0,59752,1,,,3.0,,,,2975.5528,8190.0,3255.0,-1,,,,,,,213975.0,2011,617,614,0,0,0,0,0,14.0,10.0,41.0,2011,3.0,4,8,2,8800,88001,1,21,36,39100,71,,1.0,,4,1,54,,2,43,2,,1,1,5,2,333,333,333,4,0,14,2.0,1.0,,40.0,,40.0,,,,,,2.0,4.0,0.0,1,2.0,2.0,2.0,,300.0,1.0,,,,,14745.6979,3399.3668,0,0,1.0,,0,42,49506,1,,,,1.0,1.0,,3442.3169,8190.0,,-1,,,,,,,212984.0,2012,629,614,0,0,0,0,0,18.0,,2.0,3255.0,10.0,41.0,2012,MIS4_to_MIS8,new_york,0,2011-2012,0,1,0,1,retention
808903843999376,6,1.0,4,4,2,8800,88001,1,1,21,36,13780,0,,1.0,,3,14,42,,1,41,1,,2,0,0,5,2,57,57,57,1,0,0,2.0,1.0,,48.0,,48.0,,,,,,2.0,3.0,0.0,1,1.0,2.0,2.0,,1096.15,1.0,,,,,13185.2562,3348.4103,0,0,0.0,,0,0,39009,2,,,3.0,,,,3295.2546,9470.0,3740.0,-1,,,,,,,213997.0,2011,617,614,0,0,0,0,0,14.0,12.0,51.0,2011,1.0,4,8,2,8800,88001,1,21,36,13780,0,,1.0,,3,14,43,,1,41,1,,0,0,5,2,57,57,57,1,0,0,2.0,1.0,,48.0,,48.0,,,,,,2.0,3.0,0.0,1,2.0,2.0,2.0,,450.0,1.0,,,,,13105.1982,3271.2397,0,0,1.0,,0,0,60189,2,,,2.0,,,,3271.956,9470.0,,-1,,,,,,,213004.0,2012,629,614,0,0,0,0,0,13.0,,1.0,3740.0,12.0,51.0,2012,MIS4_to_MIS8,new_york,0,2011-2012,1,0,0,0,retention
491978903028229,6,1.0,1,4,2,8800,88001,1,1,23,42,37980,101,1.0,1.0,,7,3,56,1.0,1,40,1,,2,1,2,1,2,57,119,119,1,0,0,2.0,1.0,,40.0,,40.0,,,,,,2.0,2.0,0.0,1,2.0,2.0,2.0,,1038.46,1.0,,,,,12403.8245,3070.544,0,0,0.0,,0,0,65208,2,,,4.0,,,,3120.2714,9470.0,3820.0,-1,,,,,,,217390.0,2011,617,614,0,0,0,0,0,15.0,12.0,51.0,2011,1.0,1,8,2,8800,88001,1,23,42,37980,101,1.0,1.0,,7,3,57,1.0,1,40,1,,1,2,1,2,57,119,119,1,0,0,2.0,1.0,,40.0,,40.0,,,,,,2.0,3.0,0.0,1,2.0,2.0,2.0,,961.53,2.0,2.0,,,,12349.4263,3066.0264,0,0,0.0,,0,0,60609,2,,,4.0,,,,3071.8797,9470.0,,-1,,,,,,,216390.0,2012,629,614,0,0,0,0,0,15.0,,1.0,3820.0,12.0,51.0,2012,MIS4_to_MIS8,pennsylvania,0,2011-2012,1,0,0,0,retention
491978903028229,6,1.0,1,4,2,8800,88001,1,1,23,42,37980,101,1.0,1.0,,7,4,22,,1,39,1,,4,1,3,7,2,57,57,57,1,0,0,2.0,1.0,,40.0,,40.0,,,,,,2.0,3.0,0.0,1,2.0,,1.0,1300.0,520.0,1.0,,2.0,,,15224.408,3882.5798,0,0,0.0,0.0,0,0,65208,4,1.0,,,,,,3954.8087,580.0,6260.0,-1,,,,,1.0,1.0,217393.0,2011,617,614,0,0,0,0,0,12.0,19.0,24.0,2011,1.0,1,8,2,8800,88001,1,23,42,37980,101,1.0,1.0,,7,4,23,,1,39,1,,1,3,7,2,57,57,57,1,0,0,2.0,1.0,,40.0,,40.0,,,,,,2.0,3.0,0.0,1,2.0,2.0,2.0,,807.69,1.0,,2.0,,,18117.0247,4443.0374,0,0,0.0,,0,0,60609,4,1.0,,,,,,4517.3259,580.0,,-1,,,,,1.0,1.0,216393.0,2012,629,614,0,0,0,0,0,12.0,,1.0,8610.0,21.0,24.0,2012,MIS4_to_MIS8,pennsylvania,0,2011-2012,1,0,0,0,retention
840209991273298,6,1.0,1,4,2,8800,88001,1,1,23,42,37980,101,1.0,1.0,,7,1,52,2.0,1,40,1,,1,1,1,1,2,57,57,57,1,0,0,1.0,1.0,,20.0,,20.0,,,21.0,,,7.0,2.0,0.0,1,2.0,,1.0,1000.0,200.0,1.0,,,,,12548.3915,3092.892,0,0,1.0,1.0,0,42,40077,1,,,3.0,,,,3136.4745,9470.0,3820.0,-1,,,,,,,217449.0,2011,617,614,0,0,0,0,0,14.0,12.0,51.0,2011,1.0,1,8,2,8800,88001,1,23,42,37980,101,1.0,1.0,,7,1,54,2.0,1,40,1,,1,1,1,2,57,57,57,1,0,0,1.0,1.0,,20.0,,20.0,,,23.0,,,7.0,4.0,0.0,1,2.0,,1.0,1450.0,290.0,2.0,2.0,,,,13067.3762,3204.8038,0,0,1.0,1.0,0,0,41697,1,,,3.0,,,,3190.5383,7390.0,,-1,,,,,,,216446.0,2012,629,614,0,0,0,0,0,14.0,,1.0,710.0,2.0,36.0,2012,MIS4_to_MIS8,pennsylvania,0,2011-2012,0,1,0,1,retention
870527097948969,6,2.0,1,4,2,8800,88001,1,1,23,42,37980,101,1.0,1.0,,7,3,61,1.0,1,40,1,,2,1,2,1,2,57,57,57,1,0,0,,1.0,,40.0,,48.0,,,,,,2.0,3.0,0.0,1,2.0,,1.0,2700.0,1080.0,2.0,2.0,,,,12513.5445,3130.5946,0,0,1.0,1.0,21,41,41927,2,,,2.0,,,,3111.1805,9470.0,3400.0,-1,,,,,,,217455.0,2011,617,614,0,0,0,0,0,13.0,10.0,51.0,2011,1.0,1,8,2,8800,88001,1,23,42,37980,101,1.0,1.0,,7,3,62,1.0,1,40,1,,1,2,1,2,57,57,57,1,0,0,2.0,1.0,,40.0,,40.0,,,,,,2.0,4.0,0.0,1,2.0,,1.0,1875.0,750.0,2.0,2.0,,,,13138.0923,3276.0789,0,0,1.0,1.0,0,0,50095,2,,,2.0,,,,3243.983,1990.0,,-1,,,,,,,216451.0,2012,629,614,0,0,0,0,0,13.0,,1.0,8255.0,21.0,17.0,2012,MIS4_to_MIS8,pennsylvania,0,2011-2012,0,1,0,1,retention
29384820963493,6,1.0,4,4,2,8800,88001,1,1,23,42,37980,45,2.0,1.0,,7,1,43,,2,40,1,,1,1,1,7,2,57,57,57,1,0,0,1.0,1.0,,40.0,,40.0,,,,,,2.0,3.0,0.0,1,2.0,,1.0,1525.0,610.0,1.0,,,,,12726.3151,3215.291,0,0,0.0,0.0,0,0,56594,1,,,1.0,,,,3282.1623,9090.0,4220.0,-1,,,,,,,217517.0,2011,617,614,0,0,0,0,0,12.0,14.0,48.0,2011,2.0,4,8,2,8800,88001,1,23,42,37980,45,2.0,1.0,,7,1,44,,2,41,1,,1,1,7,2,57,57,57,1,0,0,2.0,1.0,,40.0,,40.0,,,,,,2.0,3.0,0.0,1,2.0,1.0,1.0,1200.0,480.0,1.0,,,,,13022.4768,3387.8852,0,0,0.0,0.0,0,0,13974,1,,,1.0,,,,3379.2508,9090.0,,-1,,,,,,,216504.0,2012,629,614,0,0,0,0,0,12.0,,1.0,4220.0,14.0,48.0,2012,MIS4_to_MIS8,pennsylvania,0,2011-2012,1,0,0,0,retention
289520831120984,6,1.0,1,4,2,8800,88001,1,1,23,42,42540,0,2.0,1.0,,4,3,33,1.0,2,43,1,,2,1,2,1,2,57,57,57,1,0,0,2.0,1.0,,38.0,,38.0,,,,,,2.0,2.0,0.0,1,2.0,1.0,1.0,1000.0,480.76,2.0,2.0,,,,13036.9709,3248.9682,2,1,0.0,1.0,0,0,30743,2,,,,2.0,,,3343.1474,8090.0,5000.0,-1,,,,,,,217674.0,2011,617,614,0,1,0,0,1,16.0,17.0,42.0,2011,1.0,1,8,2,8800,88001,1,23,42,42540,0,2.0,1.0,,4,3,35,1.0,2,43,1,,1,2,1,2,57,57,57,1,0,0,2.0,1.0,,32.0,,32.0,,,22.0,,,7.0,5.0,0.0,1,1.0,2.0,2.0,,519.23,2.0,2.0,,,,13340.924,3514.1011,2,1,0.0,,0,0,14032,2,,,,2.0,,,3461.8858,8180.0,,-1,,,,,,,216650.0,2012,629,614,0,1,0,0,1,16.0,,1.0,350.0,1.0,42.0,2012,MIS4_to_MIS8,pennsylvania,0,2011-2012,0,1,0,1,retention
490825090048899,6,1.0,7,4,2,8800,88001,1,1,23,42,37980,29,2.0,1.0,,7,2,51,,2,40,1,,1,0,0,3,2,57,57,57,1,0,0,1.0,1.0,,30.0,,30.0,,,22.0,,,7.0,3.0,0.0,1,2.0,1.0,1.0,2250.0,730.0,1.0,,,,,13850.1278,3382.774,0,0,0.0,0.0,0,0,56581,1,,,3.0,,,,3390.1912,7860.0,9120.0,-1,,,,,,,217758.0,2011,617,614,0,0,0,0,0,14.0,22.0,40.0,2011,1.0,1,8,2,8800,88001,1,23,42,37980,29,2.0,1.0,,7,1,52,2.0,2,40,1,,1,1,1,2,57,57,57,1,0,0,1.0,1.0,,40.0,,40.0,,,,,,2.0,2.0,0.0,1,2.0,,1.0,2300.0,920.0,2.0,2.0,,,,12352.8328,3113.8257,0,0,0.0,0.0,0,0,49980,1,,,2.0,,,,3101.9273,7860.0,,-1,,,,,,,216726.0,2012,629,614,0,0,0,0,0,13.0,,1.0,6420.0,19.0,40.0,2012,MIS4_to_MIS8,pennsylvania,0,2011-2012,1,0,0,0,retention
850825090948069,6,2.0,1,4,2,8800,88001,1,1,23,42,10900,0,2.0,1.0,,4,1,53,2.0,1,43,1,,1,1,1,1,2,57,57,57,1,0,0,2.0,1.0,,40.0,,44.0,,,,,,2.0,3.0,0.0,1,1.0,1.0,1.0,2800.0,1173.07,2.0,2.0,,,,11671.1963,2876.6834,3,1,0.0,0.0,0,0,4734,1,,,,1.0,1.0,,2917.2193,8570.0,4320.0,-1,,,,,,,217911.0,2011,617,614,0,0,1,0,0,18.0,15.0,44.0,2011,1.0,1,8,2,8800,88001,1,23,42,10900,0,2.0,1.0,,4,1,54,2.0,1,43,1,,1,1,1,2,57,57,57,1,0,0,1.0,1.0,,40.0,4.0,32.0,,,4.0,,,4.0,3.0,0.0,1,2.0,2.0,2.0,,1192.3,2.0,2.0,,,,11868.3031,2910.7284,3,1,0.0,,0,0,14113,1,,,,2.0,,,2897.7719,8570.0,,-1,,,,,,,216885.0,2012,629,614,0,0,1,0,0,16.0,,1.0,4710.0,16.0,44.0,2012,MIS4_to_MIS8,pennsylvania,0,2011-2012,1,0,0,0,retention
908905854999202,6,1.0,1,4,2,8800,88001,1,1,23,42,21500,49,2.0,1.0,,3,3,27,1.0,2,43,1,,2,1,2,1,2,57,57,57,1,0,0,2.0,1.0,,40.0,,40.0,,,,,,2.0,3.0,0.0,1,2.0,,1.0,1800.0,720.0,2.0,1.0,,,,13526.6716,3374.6128,0,0,1.0,1.0,0,0,13223,2,,,,2.0,,,3468.7242,8370.0,2010.0,-1,,,,,,,217946.0,2011,617,614,0,0,0,0,0,16.0,6.0,43.0,2011,1.0,1,8,2,8800,88001,1,23,42,21500,49,2.0,1.0,,3,3,28,1.0,2,43,1,,1,2,1,2,57,57,57,1,0,0,2.0,1.0,,40.0,,40.0,,,,,,2.0,3.0,0.0,1,2.0,,1.0,3495.0,1398.0,1.0,,,,,15004.9103,3632.2006,0,0,1.0,1.0,0,0,57226,2,,,,2.0,,,3637.0602,8370.0,,-1,,,,,,,216915.0,2012,629,614,0,0,0,0,0,16.0,,1.0,2010.0,6.0,43.0,2012,MIS4_to_MIS8,pennsylvania,0,2011-2012,1,0,0,0,retention
955082561489890,6,2.0,1,4,2,8800,88001,1,1,23,42,38300,3,2.0,1.0,,5,1,52,2.0,1,43,1,,1,1,1,1,2,57,57,57,1,0,0,2.0,1.0,,40.0,,40.0,,,,,,2.0,3.0,0.0,1,2.0,2.0,2.0,,1346.0,2.0,2.0,,,,12174.2336,3000.6706,0,0,1.0,,0,0,65108,1,,,,2.0,,,3042.9536,9370.0,1107.0,-1,,,,,,,217982.0,2011,617,614,0,0,0,0,0,16.0,3.0,51.0,2011,1.0,1,8,2,8800,88001,1,23,42,38300,3,2.0,1.0,,5,1,52,2.0,1,43,1,,1,1,1,2,57,57,57,1,0,0,1.0,1.0,,50.0,,50.0,,,,,,2.0,4.0,0.0,1,1.0,2.0,2.0,,2403.0,2.0,2.0,,,,12118.4462,2972.0765,0,0,1.0,,0,42,57171,1,,,,2.0,,,2958.847,7590.0,,-1,,,,,,,216962.0,2012,629,614,0,0,0,0,0,16.0,,1.0,4940.0,16.0,38.0,2012,MIS4_to_MIS8,pennsylvania,0,2011-2012,0,1,0,1,retention
960052809489580,6,1.0,1,4,2,8800,88001,1,1,23,42,10900,0,2.0,1.0,,4,1,40,2.0,2,44,1,,1,1,1,1,2,57,57,57,1,0,0,1.0,1.0,,40.0,,40.0,,,,,,2.0,3.0,0.0,1,2.0,2.0,2.0,,2884.61,1.0,,,,,11980.8176,3026.9418,10,2,1.0,,0,42,60036,1,,,,,,2.0,3089.8958,7860.0,2310.0,-1,,,,,,,217984.0,2011,617,614,0,0,1,1,0,18.0,8.0,40.0,2011,1.0,1,8,2,8800,88001,1,23,42,10900,0,2.0,1.0,,4,1,41,2.0,2,44,1,,1,1,1,2,57,57,57,1,0,0,1.0,2.0,4.0,40.0,,,,,,,,5.0,3.0,0.0,1,2.0,2.0,2.0,,1336.53,1.0,,,,,12554.3548,3266.1001,10,2,0.0,,0,0,14111,1,,,,,,2.0,3257.7761,7860.0,,-1,,,,,,,216964.0,2012,629,614,0,0,1,1,0,18.0,,1.0,2310.0,8.0,40.0,2012,MIS4_to_MIS8,pennsylvania,0,2011-2012,1,0,0,0,retention
508909594997242,6,2.0,1,4,2,8800,88001,1,1,23,42,0,0,3.0,2.0,,0,1,66,2.0,1,43,1,,1,1,1,1,2,57,57,57,1,0,0,2.0,1.0,,40.0,,46.0,,,,,,2.0,3.0,0.0,1,2.0,,1.0,950.0,380.0,1.0,,,,,12359.783,3007.0611,5,2,1.0,1.0,0,42,56558,1,,,,1.0,1.0,,2975.3888,9470.0,3850.0,-1,,,,,,,218134.0,2011,617,614,1,1,0,0,1,18.0,12.0,51.0,2011,2.0,1,8,2,8800,88001,1,23,42,0,0,3.0,2.0,,0,1,68,2.0,1,43,1,,1,1,1,2,57,57,57,1,0,0,2.0,1.0,,40.0,,40.0,,,,,,2.0,3.0,0.0,1,2.0,2.0,2.0,,1250.0,1.0,,,,,12816.969,3061.0986,2,2,0.0,,0,0,49947,1,,,,1.0,1.0,,3018.5394,9470.0,,-1,,,,,,,217108.0,2012,629,614,0,1,0,0,1,18.0,,1.0,3710.0,12.0,51.0,2012,MIS4_to_MIS8,pennsylvania,0,2011-2012,1,0,0,0,retention
840209980622992,6,1.0,1,4,2,8800,88001,1,1,23,42,0,0,3.0,2.0,,0,1,49,2.0,1,39,1,,1,1,1,1,2,57,57,57,1,0,0,1.0,1.0,,45.0,,50.0,,,,,,2.0,3.0,0.0,1,2.0,2.0,2.0,,961.53,2.0,2.0,,,,12216.1345,2999.178,0,0,0.0,,0,0,60022,1,1.0,,,,,,3053.4268,9370.0,100.0,-1,,,,,,,218176.0,2011,617,614,0,0,0,0,0,12.0,1.0,51.0,2011,2.0,1,8,2,8800,88001,1,23,42,0,0,3.0,2.0,,0,1,51,2.0,1,39,1,,1,1,1,2,57,57,57,1,0,0,2.0,1.0,,47.0,,38.0,,,,,,2.0,3.0,0.0,1,2.0,2.0,2.0,,865.38,2.0,2.0,,,,12091.918,2965.5704,0,0,0.0,,0,0,65632,1,1.0,,,,,,2952.3699,9370.0,,-1,,,,,,,217153.0,2012,629,614,0,0,0,0,0,12.0,,1.0,100.0,1.0,51.0,2012,MIS4_to_MIS8,pennsylvania,0,2011-2012,1,0,0,0,retention
840209980622992,6,1.0,1,4,2,8800,88001,1,1,23,42,0,0,3.0,2.0,,0,3,51,1.0,2,43,1,,2,1,2,1,2,57,57,57,1,0,0,2.0,1.0,,40.0,,48.0,,,,,,2.0,2.0,0.0,1,2.0,2.0,2.0,,2307.69,2.0,2.0,,,,12973.9543,3168.7762,0,0,0.0,,0,0,60022,2,,,,2.0,,,3175.7242,7870.0,10.0,-1,,,,,,,218177.0,2011,617,614,0,0,0,0,0,16.0,1.0,40.0,2011,2.0,1,8,2,8800,88001,1,23,42,0,0,3.0,2.0,,0,3,51,1.0,2,43,1,,1,2,1,2,57,57,57,1,0,0,1.0,1.0,,38.0,,38.0,,,,,,2.0,2.0,0.0,1,2.0,2.0,2.0,,2500.0,2.0,2.0,,,,12133.1602,3058.452,0,0,0.0,,0,0,65632,2,,,,2.0,,,3046.7651,7870.0,,-1,,,,,,,217154.0,2012,629,614,0,0,0,0,0,16.0,,1.0,10.0,1.0,40.0,2012,MIS4_to_MIS8,pennsylvania,0,2011-2012,1,0,0,0,retention
908604004994152,6,2.0,1,4,2,8800,88001,1,1,23,42,0,89,3.0,2.0,,0,1,52,2.0,2,41,1,,1,1,1,1,2,57,57,57,1,0,0,2.0,1.0,,32.0,,32.0,,,22.0,,,7.0,3.0,0.0,1,2.0,,1.0,2250.0,720.0,2.0,2.0,,,,12973.9543,3168.7762,0,0,1.0,1.0,0,42,13314,1,,,3.0,,,,3175.7242,7860.0,9120.0,-1,,,,,,,218185.0,2011,617,614,0,0,0,0,0,14.0,22.0,40.0,2011,2.0,1,8,2,8800,88001,1,23,42,0,89,3.0,2.0,,0,1,53,2.0,2,41,1,,1,1,1,2,57,57,57,1,0,0,2.0,2.0,4.0,40.0,,,,,,,,5.0,3.0,0.0,1,2.0,,1.0,1800.0,720.0,1.0,,,,,12133.1602,3058.452,0,0,0.0,0.0,0,0,50053,1,,,3.0,,,,3046.7651,7860.0,,-1,,,,,,,217159.0,2012,629,614,0,0,0,0,0,14.0,,1.0,9120.0,22.0,40.0,2012,MIS4_to_MIS8,pennsylvania,0,2011-2012,1,0,0,0,retention
924673058909595,6,1.0,1,4,2,8800,88001,1,1,23,42,0,0,3.0,2.0,,0,1,57,2.0,2,39,1,,1,1,1,1,2,57,57,57,1,0,0,1.0,2.0,14.0,32.0,,,,,,,,10.0,3.0,0.0,1,2.0,1.0,1.0,1602.0,553.84,2.0,1.0,,,,11669.8715,2937.8421,0,0,0.0,1.0,0,0,4692,1,1.0,,,,,,2951.6144,7860.0,2540.0,-1,,,,,,,218192.0,2011,617,614,0,0,0,0,0,12.0,8.0,40.0,2011,1.0,1,8,2,8800,88001,1,23,42,0,0,3.0,2.0,,0,1,58,2.0,2,39,1,,1,1,1,2,57,57,57,1,0,0,1.0,2.0,14.0,33.0,,,,,,,,10.0,3.0,0.0,1,2.0,1.0,1.0,1300.0,444.44,2.0,1.0,,,,12613.4696,3176.2445,0,0,0.0,0.0,0,0,5078,1,1.0,,,,,,3146.7199,7860.0,,-1,,,,,,,217166.0,2012,629,614,0,0,0,0,0,12.0,,1.0,2540.0,8.0,40.0,2012,MIS4_to_MIS8,pennsylvania,0,2011-2012,1,0,0,0,retention
57624820981493,6,1.0,4,4,2,8800,88001,1,1,23,42,39740,11,,1.0,,3,1,40,,2,39,1,,1,1,1,5,2,57,57,57,1,0,0,1.0,1.0,,40.0,,40.0,,,,,,2.0,3.0,0.0,1,2.0,,1.0,1075.0,430.0,2.0,2.0,,,,11980.8176,3026.9418,3,2,0.0,0.0,0,0,1857,1,1.0,,,,,,3089.8958,8270.0,3600.0,-1,,,,,,,218217.0,2011,617,614,0,0,1,0,0,12.0,11.0,42.0,2011,1.0,4,8,2,8800,88001,1,23,42,39740,11,,1.0,,3,1,41,,2,39,1,,1,1,5,2,57,57,57,1,0,0,1.0,1.0,,-4.0,13.0,30.0,,,13.0,,,4.0,4.0,0.0,1,2.0,,1.0,725.0,253.75,2.0,2.0,,,,12554.3548,3266.1001,3,2,0.0,0.0,0,0,17478,1,1.0,,,,,,3257.7761,4970.0,,-1,,,,,,,217192.0,2012,629,614,0,0,1,0,0,12.0,,1.0,4720.0,16.0,22.0,2012,MIS4_to_MIS8,pennsylvania,0,2011-2012,0,1,0,1,retention
210330596600084,6,2.0,1,4,2,8800,88001,1,1,23,42,39740,11,,1.0,,3,1,37,2.0,2,43,1,,1,1,1,1,2,57,57,57,1,0,0,2.0,2.0,4.0,-4.0,,,,,,,,10.0,3.0,0.0,1,2.0,2.0,2.0,,738.0,2.0,2.0,,,,13371.4283,3411.1627,8,3,1.0,,0,42,16946,1,,,,1.0,2.0,,3448.5393,8470.0,2300.0,4620,,,,,,,218235.0,2011,617,614,0,1,1,0,1,17.0,8.0,43.0,2011,1.0,1,8,2,8800,88001,1,23,42,39740,11,,1.0,,3,1,38,2.0,2,43,1,,1,1,1,2,57,57,57,1,0,0,1.0,1.0,,6.0,,14.0,,,18.0,,,7.0,4.0,0.0,1,2.0,,1.0,800.0,48.0,2.0,2.0,,,,13340.924,3514.1011,8,3,1.0,1.0,0,0,17477,1,,,,2.0,,,3461.8858,7860.0,,4620,,,,,,,217210.0,2012,629,614,0,1,1,0,1,16.0,,1.0,2330.0,8.0,40.0,2012,MIS4_to_MIS8,pennsylvania,0,2011-2012,0,1,0,1,retention
289350246710984,6,1.0,1,4,2,8800,88001,1,1,23,42,39740,11,,1.0,,3,3,38,1.0,2,44,1,,2,1,2,1,2,57,57,57,1,0,0,2.0,2.0,4.0,40.0,,,,,,,,5.0,3.0,0.0,1,2.0,2.0,2.0,,750.0,1.0,,,,,13371.4283,3411.1627,0,0,0.0,,0,0,39898,2,,,,,,3.0,3448.5393,7860.0,2330.0,4320,,,,,,,218265.0,2011,617,614,0,0,0,0,0,18.0,8.0,40.0,2011,1.0,1,8,2,8800,88001,1,23,42,39740,11,,1.0,,3,3,39,1.0,2,44,1,,1,2,1,2,57,57,57,1,0,0,2.0,2.0,4.0,40.0,,,,,,,,5.0,3.0,0.0,1,2.0,2.0,2.0,,1048.0,1.0,,,,,13340.924,3514.1011,0,0,0.0,,0,0,49957,2,,,,,,3.0,3461.8858,7860.0,,-1,,,,,,,217247.0,2012,629,614,0,0,0,0,0,18.0,,1.0,2330.0,8.0,40.0,2012,MIS4_to_MIS8,pennsylvania,0,2011-2012,1,0,0,0,retention
608907624997952,6,1.0,1,4,2,8800,88001,1,1,23,42,27780,21,,1.0,,2,3,51,1.0,1,39,1,,2,1,2,1,2,57,57,57,1,0,0,2.0,1.0,,37.0,4.0,7.0,,,4.0,,,4.0,2.0,0.0,1,1.0,1.0,1.0,2100.0,750.0,1.0,,,,,12174.2336,3000.6706,0,0,0.0,0.0,0,0,4681,2,1.0,,,,,,3042.9536,9490.0,6200.0,-1,,,,,,,218340.0,2011,617,614,0,0,0,0,0,12.0,19.0,51.0,2011,2.0,1,8,2,8800,88001,1,23,42,27780,21,,1.0,,2,3,52,1.0,1,39,1,,1,2,1,2,57,57,57,1,0,0,1.0,1.0,,40.0,4.0,24.0,,,4.0,,,4.0,2.0,0.0,1,2.0,,1.0,2300.0,920.0,1.0,,,,,12118.4462,2972.0765,0,0,0.0,0.0,0,0,5070,2,1.0,,,,,,2958.847,770.0,,-1,,,,,,,217318.0,2012,629,614,0,0,0,0,0,12.0,,1.0,6200.0,19.0,4.0,2012,MIS4_to_MIS8,pennsylvania,0,2011-2012,1,0,0,0,retention
320279093111838,7,1.0,1,4,2,8900,89001,1,1,33,17,16980,0,1.0,1.0,,7,1,43,2.0,1,40,1,,1,1,1,1,2,57,57,57,1,0,0,1.0,1.0,,20.0,,20.0,,,14.0,,,6.0,3.0,0.0,1,2.0,,1.0,800.0,160.0,2.0,2.0,,,,12624.4692,3164.2287,8,3,1.0,1.0,0,0,50581,1,,,2.0,,,,3161.48,9470.0,3800.0,-1,,,,,,,238036.0,2011,618,615,0,1,1,0,1,13.0,12.0,51.0,2011,2.0,1,8,2,8900,89001,1,33,17,16980,0,1.0,1.0,,7,1,44,2.0,1,40,1,,1,1,1,2,57,57,57,1,0,0,1.0,1.0,,20.0,,20.0,,,23.0,,,7.0,3.0,0.0,1,2.0,,1.0,2147.0,429.4,1.0,,,,,12847.4916,3249.4005,3,3,0.0,0.0,0,0,32456,1,,,3.0,,,,3201.7059,9470.0,,-1,,,,,,,237258.0,2012,630,615,0,0,1,0,0,14.0,,1.0,3850.0,12.0,51.0,2012,MIS4_to_MIS8,illinois,1,2011-2012,1,0,0,0,retention
757459310339104,7,1.0,1,4,2,8900,89001,1,1,33,17,16980,0,1.0,1.0,1.0,7,1,31,2.0,1,44,1,,1,1,1,1,2,57,57,57,1,0,0,1.0,1.0,,50.0,,50.0,,,,,,2.0,3.0,0.0,1,2.0,,1.0,3500.0,1750.0,2.0,2.0,,,,13828.1227,3448.8795,0,0,1.0,1.0,0,0,65631,1,,,,,,3.0,3426.4063,7860.0,2320.0,-1,,,,,,,238107.0,2011,618,615,0,0,0,0,0,18.0,8.0,40.0,2011,1.0,1,8,2,8900,89001,1,33,17,16980,0,1.0,1.0,1.0,7,1,31,2.0,1,44,1,,1,1,1,2,57,57,57,1,0,0,1.0,1.0,,40.0,,40.0,,,,,,2.0,4.0,0.0,1,2.0,2.0,2.0,,846.0,2.0,2.0,,,,13927.2363,3525.2517,1,1,1.0,,0,0,57862,1,,,,,,3.0,3495.9791,7270.0,,-1,,,,,,,237339.0,2012,630,615,1,0,0,0,1,18.0,,1.0,2100.0,7.0,36.0,2012,MIS4_to_MIS8,illinois,1,2011-2012,0,1,0,1,retention
971665071905097,7,1.0,6,4,2,8900,89001,1,1,33,17,16980,0,1.0,1.0,,7,2,51,,1,44,1,,1,0,0,7,2,57,57,57,1,0,0,1.0,2.0,14.0,40.0,,,,,,,,5.0,3.0,0.0,1,2.0,2.0,2.0,,1153.0,1.0,,,,,12093.5606,3130.9992,0,0,1.0,,0,42,50584,1,,,,,,3.0,3104.0313,7860.0,2320.0,-1,,,,,,,238191.0,2011,618,615,0,0,0,0,0,18.0,8.0,40.0,2011,1.0,6,8,2,8900,89001,1,33,17,16980,0,1.0,1.0,,7,2,52,,1,44,1,,0,0,7,2,57,57,57,1,0,0,1.0,2.0,4.0,40.0,,,,,,,,5.0,3.0,0.0,1,2.0,2.0,2.0,,1538.46,1.0,,,,,14042.3348,3625.0354,0,0,0.0,,0,0,57861,1,,,,,,3.0,3575.9712,7860.0,,-1,,,,,,,237427.0,2012,630,615,0,0,0,0,0,18.0,,1.0,2310.0,8.0,40.0,2012,MIS4_to_MIS8,illinois,1,2011-2012,1,0,0,0,retention
15105750700142,7,1.0,1,4,2,8900,89001,1,1,33,17,16980,0,2.0,1.0,,7,3,43,1.0,2,44,1,,2,1,2,1,2,57,57,57,1,0,0,2.0,1.0,,40.0,,40.0,,,,,,2.0,3.0,0.0,1,2.0,2.0,2.0,,2884.61,1.0,,,,,11942.3859,3052.2148,14,3,0.0,,0,0,20151,2,,,,,,3.0,3056.6209,7860.0,2310.0,-1,,,,,,,238214.0,2011,618,615,0,1,1,1,1,18.0,8.0,40.0,2011,1.0,1,8,2,8900,89001,1,33,17,16980,0,2.0,1.0,,7,3,44,1.0,2,44,1,,1,2,1,2,57,57,57,1,0,0,2.0,2.0,4.0,40.0,,,,,,,,5.0,4.0,0.0,1,2.0,2.0,2.0,,1307.69,1.0,,,,,11499.3246,2938.0642,14,3,0.0,,0,0,32710,2,,,,,,3.0,2897.1749,7860.0,,-1,,,,,,,237454.0,2012,630,615,0,1,1,1,1,18.0,,1.0,2310.0,8.0,40.0,2012,MIS4_to_MIS8,illinois,1,2011-2012,0,1,0,1,retention
18198229700877,7,2.0,1,4,2,8900,89001,1,1,33,17,16980,0,2.0,1.0,,7,3,59,1.0,2,44,1,,2,1,2,1,2,57,57,57,1,0,0,1.0,2.0,4.0,40.0,,,,,,,,5.0,2.0,0.0,1,2.0,2.0,2.0,,1807.69,1.0,,,,,11667.186,2873.301,0,0,0.0,,0,0,50684,2,,,,,,2.0,2837.172,7860.0,2310.0,-1,,,,,,,238219.0,2011,618,615,0,0,0,0,0,18.0,8.0,40.0,2011,2.0,1,8,2,8900,89001,1,33,17,16980,0,2.0,1.0,,7,3,60,1.0,2,44,1,,1,2,1,2,57,57,57,1,0,0,1.0,2.0,4.0,45.0,,,,,,,,5.0,3.0,0.0,1,2.0,2.0,2.0,,1846.15,1.0,,,,,13701.3122,3548.6164,0,0,0.0,,0,0,7124,2,,,,,,2.0,3495.9292,7860.0,,-1,,,,,,,237459.0,2012,630,615,0,0,0,0,0,18.0,,1.0,2310.0,8.0,40.0,2012,MIS4_to_MIS8,illinois,1,2011-2012,1,0,0,0,retention
30211170974591,7,2.0,1,4,2,8900,89001,1,1,33,17,16980,0,2.0,1.0,,7,3,29,1.0,2,44,1,2.0,2,1,2,1,2,57,57,73,1,0,0,1.0,2.0,4.0,40.0,,,,,,,,5.0,2.0,0.0,1,2.0,2.0,2.0,,1442.3,1.0,,,,,13508.244,3374.6359,1,1,0.0,,0,0,7229,2,,,,,,2.0,3408.5879,7860.0,2310.0,-1,,,,,,,238230.0,2011,618,615,1,0,0,0,1,18.0,8.0,40.0,2011,2.0,1,8,2,8900,89001,1,33,17,16980,0,2.0,1.0,,7,3,30,1.0,2,44,1,2.0,1,2,1,2,57,57,73,1,0,0,3.0,2.0,14.0,20.0,,,,,,,,10.0,3.0,0.0,1,2.0,2.0,2.0,,807.69,1.0,,,,,10784.1202,2838.7182,1,1,0.0,,0,0,16202,2,,,,,,2.0,2780.1368,7860.0,,-1,,,,,,,237472.0,2012,630,615,1,0,0,0,1,18.0,,1.0,2320.0,8.0,40.0,2012,MIS4_to_MIS8,illinois,1,2011-2012,1,0,0,0,retention
110709958203684,7,1.0,1,4,2,8900,89001,1,1,33,17,40420,0,2.0,1.0,,3,1,36,2.0,2,39,1,1.0,1,1,1,1,2,303,303,303,5,0,10,1.0,1.0,,40.0,,40.0,,,,,,2.0,3.0,0.0,1,2.0,,1.0,1700.0,680.0,1.0,,,,,11766.8776,2991.4393,10,2,0.0,0.0,0,0,62353,1,1.0,,,,,,3011.7,7860.0,5140.0,-1,,,,,,,238318.0,2011,618,615,0,0,1,1,0,12.0,17.0,40.0,2011,5.0,1,8,2,8900,89001,1,33,17,40420,0,2.0,1.0,,3,1,37,2.0,2,39,1,1.0,1,1,1,2,303,303,303,5,0,10,2.0,1.0,,40.0,,40.0,,,,,,2.0,4.0,0.0,1,2.0,,1.0,1140.0,456.0,2.0,2.0,,,,9947.4624,2606.6125,10,2,1.0,1.0,0,42,65968,1,1.0,,,,,,2506.194,7860.0,,-1,,,,,,,237557.0,2012,630,615,0,0,1,1,0,12.0,,1.0,5140.0,17.0,40.0,2012,MIS4_to_MIS8,illinois,1,2011-2012,0,1,0,1,retention
401908451186387,7,2.0,1,4,2,8900,89001,1,1,33,17,16980,0,2.0,1.0,,7,3,60,1.0,2,43,1,,2,1,2,1,2,57,136,136,1,0,0,1.0,4.0,,,,,,,,4.0,5.0,11.0,3.0,0.0,2,,,,,,,,,,,10990.6399,2792.3243,0,0,,,0,0,32538,2,,,,1.0,1.0,,2916.5215,7860.0,2320.0,-1,,,,,,,238436.0,2011,618,615,0,0,0,0,0,18.0,8.0,40.0,2011,2.0,1,8,2,8900,89001,1,33,17,16980,0,2.0,1.0,,7,3,61,1.0,2,43,1,,1,2,1,2,57,136,136,1,0,0,1.0,1.0,,16.0,,10.0,,,15.0,,,6.0,4.0,0.0,1,2.0,,1.0,1200.0,192.0,2.0,2.0,,,,13701.3122,3548.6164,0,0,0.0,0.0,0,0,19418,2,,,,1.0,1.0,,3495.9292,9290.0,,-1,,,,,,,237664.0,2012,630,615,0,0,0,0,0,18.0,,1.0,4600.0,15.0,50.0,2012,MIS4_to_MIS8,illinois,1,2011-2012,0,1,0,1,retention
413197438700072,7,1.0,1,4,2,8900,89001,1,1,33,17,16980,0,2.0,1.0,,7,1,46,2.0,1,43,1,2.0,1,1,1,1,2,73,73,73,2,0,8,1.0,1.0,,40.0,,40.0,,,,,,2.0,3.0,0.0,1,2.0,2.0,2.0,,1307.69,1.0,,,,,12123.8781,3110.1083,0,0,0.0,,0,0,19783,1,,,,2.0,,,3111.8129,9370.0,7000.0,-1,3.0,,,,,,238440.0,2011,618,615,0,0,0,0,0,16.0,20.0,51.0,2011,2.0,1,8,2,8900,89001,1,33,17,16980,0,2.0,1.0,,7,1,46,2.0,1,43,1,2.0,1,1,1,2,73,73,73,2,0,8,2.0,1.0,,40.0,,40.0,,,,,,2.0,2.0,0.0,1,2.0,,1.0,2800.0,1120.0,1.0,,,,,14927.3327,3879.4309,0,0,1.0,1.0,0,42,19417,1,,,,2.0,,,3801.3417,670.0,,-1,3.0,,,,,,237668.0,2012,630,615,0,0,0,0,0,16.0,,1.0,7340.0,20.0,24.0,2012,MIS4_to_MIS8,illinois,1,2011-2012,1,0,0,0,retention
500773091111429,7,1.0,1,4,2,8900,89001,1,1,33,17,16980,0,2.0,1.0,,7,4,37,,1,40,1,,3,1,3,7,2,57,57,57,1,0,0,2.0,1.0,,40.0,,40.0,,,,,,2.0,2.0,0.0,1,2.0,2.0,2.0,,2596.0,2.0,2.0,,,,12552.7593,3169.5497,0,0,1.0,,0,42,7228,3,,,3.0,,,,3143.522,6290.0,4720.0,-1,,,,,2.0,1.0,238464.0,2011,618,615,0,0,0,0,0,14.0,16.0,23.0,2011,1.0,1,8,2,8900,89001,1,33,17,16980,0,2.0,1.0,,7,4,38,,1,40,1,,1,3,7,2,57,57,57,1,0,0,2.0,1.0,,45.0,,45.0,,,,,,2.0,2.0,0.0,1,1.0,,1.0,1950.0,891.0,1.0,,,,,12625.4378,3175.7086,0,0,1.0,0.0,0,0,49167,3,,,3.0,,,,3146.3682,6290.0,,-1,,,,,2.0,1.0,237698.0,2012,630,615,0,0,0,0,0,14.0,,1.0,4720.0,16.0,23.0,2012,MIS4_to_MIS8,illinois,1,2011-2012,1,0,0,0,retention
514190389700862,7,1.0,1,4,2,8900,89001,1,1,33,17,40420,0,2.0,1.0,,3,1,48,2.0,2,40,1,,1,1,1,1,2,57,57,57,1,0,0,1.0,2.0,14.0,20.0,,,,,,,,10.0,2.0,0.0,1,2.0,,1.0,1500.0,300.0,1.0,,,,,12026.9613,3061.096,10,2,0.0,0.0,0,0,32865,1,,,2.0,,,,3034.5183,7860.0,9120.0,-1,,,,,,,238489.0,2011,618,615,0,0,1,1,0,13.0,22.0,40.0,2011,2.0,1,8,2,8900,89001,1,33,17,40420,0,2.0,1.0,,3,1,50,2.0,2,40,1,,1,1,1,2,57,57,57,1,0,0,1.0,2.0,14.0,20.0,,,,,,,,10.0,2.0,0.0,1,2.0,2.0,2.0,,225.0,1.0,,,,,13580.6368,3425.8165,10,2,0.0,,0,0,16215,1,,,2.0,,,,3351.5083,7860.0,,-1,,,,,,,237717.0,2012,630,615,0,0,1,1,0,13.0,,1.0,9120.0,22.0,40.0,2012,MIS4_to_MIS8,illinois,1,2011-2012,1,0,0,0,retention
757419310209101,7,2.0,1,4,2,8900,89001,1,1,33,17,16980,0,2.0,1.0,,7,1,63,2.0,1,44,1,,1,1,1,1,2,57,57,57,1,0,0,2.0,1.0,,40.0,,40.0,,,,,,2.0,3.0,0.0,1,2.0,2.0,2.0,,992.0,1.0,,,,,12206.2492,2880.3344,0,0,1.0,,0,42,7230,1,,,,,,2.0,2860.2227,7860.0,2310.0,-1,,,,,,,238573.0,2011,618,615,0,0,0,0,0,18.0,8.0,40.0,2011,2.0,1,8,2,8900,89001,1,33,17,16980,0,2.0,1.0,,7,1,64,2.0,1,44,1,,1,1,1,2,57,57,57,1,0,0,2.0,1.0,,40.0,,40.0,,,,,,2.0,4.0,0.0,1,2.0,2.0,2.0,,600.0,2.0,2.0,,,,13733.0902,3486.6801,0,0,1.0,,0,0,7045,1,,,,,,2.0,3399.9437,770.0,,-1,4.0,,,,,,237800.0,2012,630,615,0,0,0,0,0,18.0,,1.0,4920.0,16.0,4.0,2012,MIS4_to_MIS8,illinois,1,2011-2012,0,1,0,1,retention
936097273117310,7,1.0,7,4,2,8900,89001,1,1,33,17,16980,0,2.0,1.0,,7,2,52,,2,40,2,,1,0,0,7,2,57,57,57,1,0,0,1.0,1.0,,35.0,,35.0,,,,,,2.0,2.0,0.0,1,2.0,,1.0,850.0,297.5,2.0,2.0,,,,10211.9283,2525.9612,0,0,1.0,1.0,0,0,7126,1,,,1.0,,,,2536.1295,8370.0,3600.0,-1,,,,,,,238688.0,2011,618,615,0,0,0,0,0,12.0,11.0,43.0,2011,1.0,7,8,2,8900,89001,1,33,17,16980,0,2.0,1.0,,7,2,53,,2,40,2,,0,0,7,2,57,57,57,1,0,0,1.0,3.0,,,,,3.0,,,3.0,1.0,12.0,4.0,0.0,2,,,,,,,,,,,14498.55,3237.2131,0,0,,,0,0,19410,1,,,1.0,,,,3398.1969,7860.0,,-1,,,,,,,237910.0,2012,630,615,0,0,0,0,0,12.0,,2.0,2540.0,8.0,40.0,2012,MIS4_to_MIS8,illinois,1,2011-2012,0,1,0,1,retention
82711170994194,7,1.0,1,4,2,8900,89001,1,1,33,17,0,0,3.0,2.0,,0,1,26,2.0,2,40,1,,1,1,1,1,2,57,57,57,1,0,0,1.0,4.0,,,,,,,,4.0,5.0,11.0,3.0,0.0,2,,,,,,,,,,,14602.648,3341.9688,5,2,,,0,0,32834,1,,,2.0,,,,3317.5501,9370.0,5700.0,-1,,,,,,,238772.0,2011,618,615,1,1,0,0,1,13.0,17.0,51.0,2011,1.0,1,8,2,8900,89001,1,33,17,0,0,3.0,2.0,,0,1,27,2.0,2,40,1,,1,1,1,2,57,57,57,1,0,0,1.0,4.0,,,,,,,,2.0,3.0,12.0,4.0,0.0,2,,,,,,,,,,,14943.5208,3094.4691,2,2,,,0,0,57901,1,,,2.0,,,,3287.949,8270.0,,-1,,,,,,,237992.0,2012,630,615,0,1,0,0,1,13.0,,1.0,3600.0,11.0,42.0,2012,MIS4_to_MIS8,illinois,1,2011-2012,0,1,0,1,retention
260974093511209,7,1.0,1,4,2,8900,89001,1,1,33,17,0,0,3.0,2.0,,0,1,57,2.0,2,42,2,,1,1,1,1,2,57,57,57,1,0,0,1.0,1.0,,35.0,4.0,30.0,,,4.0,,,4.0,3.0,0.0,1,2.0,2.0,2.0,,415.38,1.0,,,,,11478.18,3036.9335,0,0,0.0,,0,0,20085,1,,,4.0,,,,3049.1587,7860.0,2540.0,4010,,,,,,,238791.0,2011,618,615,0,0,0,0,0,15.0,8.0,40.0,2011,2.0,1,8,2,8900,89001,1,33,17,0,0,3.0,2.0,,0,1,58,2.0,2,42,2,,1,1,1,2,57,57,57,1,0,0,1.0,7.0,,,,,,,,,,1.0,4.0,0.0,2,,,,,,,,,,,11534.2943,2986.1758,0,0,,,0,0,71447,1,,,4.0,,,,3032.3394,7280.0,,-1,,,,,,,238004.0,2012,630,615,0,0,0,0,0,15.0,,2.0,940.0,2.0,36.0,2012,MIS4_to_MIS8,illinois,1,2011-2012,0,1,0,1,retention
107061604044741,7,1.0,6,4,2,8900,89001,1,1,33,17,16580,0,,1.0,,2,2,26,,1,43,1,,1,0,0,7,2,110,57,110,3,0,10,1.0,1.0,,60.0,,60.0,,,,,,2.0,2.0,0.0,1,2.0,2.0,2.0,,507.69,2.0,2.0,,,,14793.5626,3680.0755,0,0,0.0,,0,0,7119,1,,,,1.0,1.0,,3665.6282,7870.0,1920.0,-1,,,,,,,238897.0,2011,618,615,0,0,0,0,0,18.0,5.0,40.0,2011,1.0,1,8,2,8900,89001,1,33,17,16580,0,,1.0,,2,1,27,2.0,1,43,1,,1,1,1,2,110,57,110,3,0,10,1.0,1.0,,60.0,,60.0,,,,,,2.0,2.0,0.0,1,2.0,2.0,2.0,,384.61,2.0,2.0,,,,13358.7117,3428.0203,0,0,0.0,,0,0,4042,1,,,,1.0,1.0,,3353.2696,7870.0,,-1,,,,,,,238106.0,2012,630,615,0,0,0,0,0,18.0,,1.0,1920.0,5.0,40.0,2012,MIS4_to_MIS8,illinois,1,2011-2012,1,0,0,0,retention
110709973562783,7,2.0,1,4,2,8900,89001,1,1,33,17,16580,0,,1.0,,2,3,42,1.0,2,39,1,,2,1,2,1,2,57,57,57,1,0,0,1.0,1.0,,40.0,,40.0,,,,,,2.0,2.0,0.0,1,1.0,,1.0,1396.0,559.4,1.0,,,,,12370.8738,3161.727,4,1,1.0,1.0,0,42,58244,2,1.0,,,,,,3166.2912,7870.0,5700.0,-1,,,,,,,238905.0,2011,618,615,0,0,0,1,0,12.0,17.0,40.0,2011,2.0,1,8,2,8900,89001,1,33,17,16580,0,,1.0,,2,3,43,1.0,2,39,1,,1,2,1,2,57,57,57,1,0,0,1.0,1.0,,40.0,,40.0,,,,,,2.0,2.0,0.0,1,2.0,,1.0,3000.0,1200.0,2.0,2.0,,,,11595.7438,2962.6992,0,0,1.0,1.0,0,0,19390,2,1.0,,,,,,2921.467,7870.0,,-1,,,,,,,238113.0,2012,630,615,0,0,0,0,0,12.0,,1.0,650.0,2.0,40.0,2012,MIS4_to_MIS8,illinois,1,2011-2012,1,0,0,0,retention
120971093411189,7,1.0,6,4,2,8900,89001,1,1,33,17,16580,0,,1.0,,2,2,50,,1,44,1,,1,0,0,7,2,57,57,57,1,0,0,1.0,1.0,,25.0,4.0,33.0,,,4.0,,,4.0,2.0,0.0,1,2.0,2.0,2.0,,326.92,2.0,2.0,,,,11733.8169,3037.8622,0,0,0.0,,0,0,58246,1,,,,,,2.0,3011.6966,7870.0,2710.0,2750,,,,,,,238908.0,2011,618,615,0,0,0,0,0,18.0,9.0,40.0,2011,1.0,6,8,2,8900,89001,1,33,17,16580,0,,1.0,,2,2,51,,1,44,1,,0,0,7,2,57,57,57,1,0,0,1.0,1.0,,25.0,,45.0,,,,,,2.0,2.0,0.0,1,2.0,2.0,2.0,,346.15,2.0,2.0,,,,13677.8925,3530.9544,0,0,0.0,,0,0,16194,1,,,,,,2.0,3483.1636,7870.0,,2750,,,,,,,238116.0,2012,630,615,0,0,0,0,0,18.0,,1.0,2800.0,9.0,40.0,2012,MIS4_to_MIS8,illinois,1,2011-2012,1,0,0,0,retention
193961702073758,7,1.0,1,4,2,8900,89001,1,1,33,17,16580,0,,1.0,,2,1,48,2.0,1,39,1,,1,1,1,1,2,57,57,57,1,0,0,1.0,1.0,,40.0,,40.0,,,,,,2.0,3.0,0.0,1,2.0,1.0,1.0,900.0,538.0,2.0,2.0,,,,12458.2618,3211.623,0,0,1.0,1.0,0,0,43156,1,1.0,,,,,,3197.6385,770.0,6730.0,-1,,,,,,,238910.0,2011,618,615,0,0,0,0,0,12.0,19.0,4.0,2011,1.0,1,8,2,8900,89001,1,33,17,16580,0,,1.0,,2,1,49,2.0,1,39,1,,1,1,1,2,57,57,57,1,0,0,1.0,1.0,,40.0,,40.0,,,,,,2.0,3.0,0.0,1,2.0,1.0,1.0,2000.0,1519.0,2.0,2.0,,,,13853.4375,3587.6212,0,0,1.0,1.0,0,0,57856,1,1.0,,,,,,3527.8673,770.0,,-1,,,,,,,238118.0,2012,630,615,0,0,0,0,0,12.0,,1.0,10.0,1.0,4.0,2012,MIS4_to_MIS8,illinois,1,2011-2012,1,0,0,0,retention
193961702073758,7,1.0,1,4,2,8900,89001,1,1,33,17,16580,0,,1.0,,2,4,22,,1,43,1,,3,1,3,7,2,57,57,57,1,0,0,2.0,7.0,,,,,,,,,,1.0,3.0,0.0,2,,,,,,,,1.0,1.0,2.0,17651.3209,4296.6057,0,0,,,0,0,43156,3,,,,2.0,,,4269.596,9390.0,4250.0,-1,,,,,2.0,1.0,238912.0,2011,618,615,0,0,0,0,0,16.0,14.0,51.0,2011,1.0,1,8,2,8900,89001,1,33,17,16580,0,,1.0,,2,4,23,,1,43,1,,1,3,7,2,57,57,57,1,0,0,2.0,1.0,,35.0,,35.0,,,,,,2.0,2.0,0.0,1,2.0,1.0,1.0,1500.0,153.0,2.0,2.0,1.0,2.0,2.0,17529.8795,4311.9051,0,0,1.0,1.0,0,0,57856,3,,,,1.0,2.0,,4255.5647,7870.0,,-1,,,,,2.0,1.0,238120.0,2012,630,615,0,0,0,0,0,17.0,,1.0,1530.0,4.0,40.0,2012,MIS4_to_MIS8,illinois,1,2011-2012,1,0,0,0,retention
196931406096748,7,1.0,1,4,2,8900,89001,1,1,33,17,44100,0,,1.0,,2,3,71,1.0,2,40,1,,2,1,2,1,2,57,57,57,1,0,0,2.0,1.0,,40.0,,40.0,,,,,,2.0,2.0,0.0,1,2.0,2.0,2.0,,769.0,2.0,2.0,,,,9833.5491,2653.9891,0,0,1.0,,0,42,4297,2,,,3.0,,,,2593.0577,9570.0,430.0,-1,,,,,,,238914.0,2011,618,615,0,0,0,0,0,14.0,1.0,51.0,2011,2.0,1,8,2,8900,89001,1,33,17,44100,0,,1.0,,2,3,72,1.0,2,40,1,,1,2,1,2,57,57,57,1,0,0,1.0,1.0,,38.0,,38.0,,,,,,2.0,2.0,0.0,1,2.0,,1.0,1985.0,754.3,2.0,2.0,,,,13166.5661,3221.7606,0,0,0.0,0.0,0,0,7176,2,,,3.0,,,,3099.372,9570.0,,-1,,,,,,,238122.0,2012,630,615,0,0,0,0,0,14.0,,1.0,4830.0,16.0,51.0,2012,MIS4_to_MIS8,illinois,1,2011-2012,1,0,0,0,retention
301905621897737,7,1.0,6,4,2,8900,89001,1,1,33,17,16580,0,,1.0,,2,14,48,,1,46,1,,2,0,0,7,2,57,57,57,1,0,0,2.0,1.0,,60.0,,60.0,,,,,,2.0,2.0,0.0,1,2.0,2.0,2.0,,2884.61,2.0,2.0,,,,12458.2618,3211.623,0,0,0.0,,0,0,19766,2,,,,,,,3197.6385,7870.0,2200.0,-1,,,,,,,238919.0,2011,618,615,0,0,0,0,0,18.0,8.0,40.0,2011,1.0,6,8,2,8900,89001,1,33,17,16580,0,,1.0,,2,14,50,,1,46,1,,0,0,7,2,57,57,57,1,0,0,2.0,1.0,,60.0,,36.0,,,,,,2.0,2.0,0.0,1,2.0,2.0,2.0,,2884.61,2.0,2.0,,,,13521.7662,3490.6504,0,0,0.0,,0,0,30008,2,,,,,,,3443.4051,7870.0,,-1,,,,,,,238126.0,2012,630,615,0,0,0,0,0,18.0,,1.0,2200.0,8.0,40.0,2012,MIS4_to_MIS8,illinois,1,2011-2012,1,0,0,0,retention
610977092311159,7,1.0,4,4,2,8900,89001,1,1,33,17,19340,0,,1.0,,3,1,36,,2,43,1,,1,1,1,7,2,57,57,57,1,0,0,1.0,2.0,4.0,40.0,,,,,,,,5.0,3.0,0.0,1,2.0,2.0,2.0,,883.84,1.0,,,,,12224.4949,3145.3272,2,1,0.0,,0,0,16721,1,,,,2.0,,,3128.8259,7860.0,2320.0,-1,,,,,,,238932.0,2011,618,615,0,1,0,0,1,16.0,8.0,40.0,2011,1.0,4,8,2,8900,89001,1,33,17,19340,0,,1.0,,3,1,37,,2,43,1,,1,1,7,2,57,57,57,1,0,0,1.0,2.0,4.0,40.0,,,,,,,,5.0,3.0,0.0,1,2.0,2.0,2.0,,867.0,1.0,,,,,11060.5265,2833.5023,2,1,0.0,,0,0,19792,1,,,,2.0,,,2786.6228,7860.0,,-1,,,,,,,238138.0,2012,630,615,0,1,0,0,1,16.0,,1.0,2310.0,8.0,40.0,2012,MIS4_to_MIS8,illinois,1,2011-2012,1,0,0,0,retention
799200477460911,7,1.0,3,4,2,8900,89001,1,1,33,17,14060,113,,1.0,,2,1,67,,1,43,1,,1,1,1,7,2,57,57,57,1,0,0,1.0,5.0,,,,,,,,,,1.0,2.0,0.0,2,,,,,,,,,,,12455.4591,3049.5538,0,0,,,0,0,20059,1,,,,1.0,1.0,,3103.2671,7870.0,4220.0,-1,4.0,,,,,,238941.0,2011,618,615,0,0,0,0,0,18.0,14.0,40.0,2011,3.0,3,8,2,8900,89001,1,33,17,14060,113,,1.0,,2,1,68,,1,43,1,,1,1,7,2,57,57,57,1,0,0,1.0,5.0,,,,,,,,,,1.0,,,2,,,,,,,,,,,14240.3547,3455.4305,0,0,,,0,0,19732,1,,,,1.0,1.0,,3559.9463,,,-1,4.0,,,,,,238148.0,2012,630,615,0,0,0,0,0,18.0,,1.0,,,,2012,MIS4_to_MIS8,illinois,1,2011-2012,0,1,0,0,retention
799310418210911,7,2.0,1,4,2,8900,89001,1,1,33,17,16580,0,,1.0,,2,1,54,2.0,1,43,1,,1,1,1,1,2,57,57,57,1,0,0,2.0,1.0,,38.0,,47.0,,,,,,2.0,3.0,0.0,1,2.0,,1.0,2600.0,988.0,1.0,,,,,11733.8169,3037.8622,3,1,0.0,0.0,0,0,58245,1,,,,2.0,,,3011.6966,8290.0,2015.0,-1,,,,,,,238951.0,2011,618,615,0,0,1,0,0,16.0,6.0,42.0,2011,2.0,1,8,2,8900,89001,1,33,17,16580,0,,1.0,,2,1,56,2.0,1,43,1,,1,1,1,2,57,57,57,1,0,0,2.0,1.0,,50.0,,50.0,,,,,,2.0,3.0,0.0,1,2.0,1.0,1.0,2150.0,807.69,1.0,,,,,13555.3764,3343.1141,3,1,0.0,0.0,0,0,42625,1,,,,2.0,,,3287.848,8290.0,,-1,,,,,,,238159.0,2012,630,615,0,0,1,0,0,16.0,,1.0,2015.0,6.0,42.0,2012,MIS4_to_MIS8,illinois,1,2011-2012,1,0,0,0,retention
957809710809103,7,1.0,4,4,2,8900,89001,1,1,33,17,19500,115,,1.0,,2,14,37,,1,39,1,,2,0,0,5,2,57,57,57,1,0,0,2.0,1.0,,40.0,,40.0,,,,,,2.0,3.0,0.0,1,2.0,,1.0,1000.0,400.0,1.0,,,,,13003.1472,3283.2718,0,0,1.0,1.0,0,0,54310,2,1.0,,,,,,3256.3103,7860.0,4220.0,-1,,,,,,,239001.0,2011,618,615,0,0,0,0,0,12.0,14.0,40.0,2011,5.0,4,8,2,8900,89001,1,33,17,19500,115,,1.0,,2,14,38,,1,39,1,,0,0,5,2,57,57,57,1,0,0,2.0,1.0,,40.0,,70.0,,,,,,2.0,3.0,0.0,1,2.0,1.0,1.0,1500.0,807.0,1.0,,,,,12731.2992,3202.3362,0,0,1.0,1.0,0,0,19748,2,1.0,,,,,,3172.7497,7860.0,,8500,,,,,,,238201.0,2012,630,615,0,0,0,0,0,12.0,,1.0,7315.0,20.0,40.0,2012,MIS4_to_MIS8,illinois,1,2011-2012,1,0,0,0,retention
977629010749104,7,1.0,7,4,2,8900,89001,1,1,33,17,14060,113,,1.0,,2,2,54,,2,40,1,,1,0,0,4,2,57,57,57,1,0,0,1.0,1.0,,38.0,,36.0,,,,,,2.0,3.0,0.0,1,2.0,1.0,1.0,2300.0,634.61,2.0,2.0,,,,10792.6296,2759.2751,0,0,0.0,0.0,0,0,20061,1,,,3.0,,,,2723.0845,770.0,800.0,-1,,,,,,,239009.0,2011,618,615,0,0,0,0,0,14.0,2.0,4.0,2011,1.0,7,8,2,8900,89001,1,33,17,14060,113,,1.0,,2,2,55,,2,40,1,,0,0,4,2,57,57,57,1,0,0,1.0,1.0,,38.0,4.0,31.0,,,4.0,,,4.0,3.0,0.0,1,2.0,,1.0,2142.0,813.96,2.0,2.0,,,,12460.0611,3217.6694,0,0,0.0,0.0,0,0,19733,1,,,3.0,,,,3157.7075,770.0,,-1,,,,,,,238205.0,2012,630,615,0,0,0,0,0,14.0,,1.0,800.0,2.0,4.0,2012,MIS4_to_MIS8,illinois,1,2011-2012,1,0,0,0,retention
195971600095808,7,1.0,1,4,2,8900,89001,1,1,32,18,26900,0,1.0,1.0,,5,1,32,2.0,2,40,1,,1,1,1,1,2,57,57,57,1,0,0,1.0,1.0,,30.0,,10.0,,,14.0,,,6.0,3.0,0.0,1,2.0,,1.0,1095.0,328.5,2.0,2.0,,,,12134.0933,3043.9013,3,3,0.0,0.0,0,0,7426,1,,,2.0,,,,3061.8431,7860.0,4050.0,-1,,,,,,,239081.0,2011,618,615,0,0,1,0,0,13.0,13.0,40.0,2011,1.0,1,8,2,8900,89001,1,32,18,26900,0,1.0,1.0,,5,1,33,2.0,2,41,1,,1,1,1,2,57,57,57,1,0,0,1.0,1.0,,-4.0,,10.0,,,18.0,,,7.0,3.0,0.0,1,2.0,1.0,1.0,1146.0,314.0,2.0,2.0,,,,10596.1693,2772.5815,3,3,0.0,0.0,0,0,19973,1,,,3.0,,,,2731.6833,7860.0,,-1,,,,,,,238258.0,2012,630,615,0,0,1,0,0,14.0,,1.0,4130.0,13.0,40.0,2012,MIS4_to_MIS8,indiana,0,2011-2012,1,0,0,0,retention
918889410059106,7,1.0,6,4,2,8900,89001,1,1,32,18,26900,0,1.0,1.0,,5,2,44,,1,44,1,,1,0,0,7,2,57,57,57,1,0,0,1.0,1.0,,40.0,,40.0,,,,,,2.0,2.0,0.0,1,2.0,2.0,2.0,,1500.0,2.0,2.0,,,,14082.2437,3529.7279,0,0,0.0,,0,0,32962,1,,,,,,2.0,3526.5428,7870.0,2200.0,-1,,,,,,,239176.0,2011,618,615,0,0,0,0,0,18.0,8.0,40.0,2011,1.0,6,8,2,8900,89001,1,32,18,26900,0,1.0,1.0,,5,2,45,,1,44,1,,0,0,7,2,57,57,57,1,0,0,1.0,1.0,,40.0,,40.0,,,,,,2.0,2.0,0.0,1,2.0,2.0,2.0,,1500.0,2.0,2.0,,,,10485.1601,2710.4968,0,0,0.0,,0,0,53935,1,,,,,,2.0,2670.1137,7870.0,,-1,,,,,,,238354.0,2012,630,615,0,0,0,0,0,18.0,,1.0,2200.0,8.0,40.0,2012,MIS4_to_MIS8,indiana,0,2011-2012,1,0,0,0,retention
110809914397282,7,1.0,1,4,2,8900,89001,1,1,32,18,16980,0,2.0,1.0,,7,3,61,1.0,2,44,1,,2,1,2,1,2,501,128,128,5,0,4,2.0,2.0,4.0,-4.0,,,,,,,,5.0,3.0,0.0,1,2.0,2.0,2.0,,1000.0,1.0,,,,,13208.4579,3197.153,0,0,0.0,,0,0,33000,2,,,,,,2.0,3174.0434,7860.0,2310.0,-1,,,,,,,239244.0,2011,618,615,0,0,0,0,0,18.0,8.0,40.0,2011,3.0,1,8,2,8900,89001,1,32,18,16980,0,2.0,1.0,,7,3,62,1.0,2,44,1,,1,2,1,2,501,128,128,5,0,4,2.0,1.0,,45.0,,45.0,,,,,,2.0,3.0,0.0,1,2.0,2.0,2.0,,1846.0,2.0,2.0,,,,12578.3134,3251.9519,0,0,1.0,,0,42,68866,2,,,,,,2.0,3209.3928,7860.0,,-1,,,,,,,238433.0,2012,630,615,0,0,0,0,0,18.0,,1.0,2310.0,8.0,40.0,2012,MIS4_to_MIS8,indiana,0,2011-2012,1,0,0,0,retention
601008081101378,7,1.0,1,4,2,8900,89001,1,1,32,18,31140,0,2.0,1.0,,5,1,32,2.0,2,44,1,,1,1,1,1,2,57,57,57,1,0,0,1.0,1.0,,40.0,,40.0,,,,,,2.0,3.0,0.0,1,2.0,2.0,2.0,,807.69,1.0,,,,,11583.8463,2905.869,5,2,0.0,,0,0,41345,1,,,,,,2.0,2922.9971,7860.0,2310.0,-1,,,,,,,239308.0,2011,618,615,1,1,0,0,1,18.0,8.0,40.0,2011,2.0,1,8,2,8900,89001,1,32,18,31140,0,2.0,1.0,,5,1,33,2.0,2,45,1,,1,1,1,2,57,57,57,1,0,0,2.0,2.0,4.0,40.0,,,,,,,,5.0,2.0,0.0,1,1.0,2.0,2.0,,807.69,1.0,,,,,10877.1145,2846.0933,5,2,0.0,,0,0,37713,1,,,,,,,2804.1107,7860.0,,-1,,,,,,,238503.0,2012,630,615,1,1,0,0,1,18.0,,1.0,2310.0,8.0,40.0,2012,MIS4_to_MIS8,indiana,0,2011-2012,1,0,0,0,retention
110800008777615,7,4.0,1,4,2,8900,89001,1,1,32,18,0,0,,1.0,,0,1,45,2.0,2,42,1,,1,1,1,1,2,57,57,57,1,0,0,1.0,1.0,,40.0,,40.0,,,,,,2.0,3.0,0.0,1,2.0,2.0,2.0,,750.0,2.0,2.0,,,,13622.34,3467.2677,0,0,1.0,,0,0,65691,1,,,3.0,,,,3437.0477,9380.0,5120.0,-1,,,,,,,239565.0,2011,618,615,0,0,0,0,0,14.0,17.0,51.0,2011,1.0,1,8,2,8900,89001,1,32,18,0,0,,1.0,,0,1,47,2.0,2,42,1,,1,1,1,2,57,57,57,1,0,0,1.0,1.0,,40.0,,40.0,,,,,,2.0,3.0,0.0,1,2.0,,1.0,1600.0,640.0,2.0,2.0,,,,12678.3633,3182.6349,0,0,1.0,1.0,0,42,42889,1,,,3.0,,,,3128.84,7280.0,,-1,,,,,,,238767.0,2012,630,615,0,0,0,0,0,14.0,,1.0,5120.0,17.0,36.0,2012,MIS4_to_MIS8,indiana,0,2011-2012,1,0,0,0,retention
1903903599786,7,1.0,1,4,2,8900,89001,1,1,21,36,35620,47,1.0,1.0,,7,1,54,2.0,1,39,1,,1,1,1,1,2,57,57,57,1,0,0,1.0,1.0,,40.0,,40.0,,,,,,2.0,3.0,0.0,1,2.0,2.0,2.0,,2307.69,1.0,,,,,12124.0352,3087.0655,0,0,0.0,,0,0,12741,1,1.0,,,,,,3111.8532,9470.0,3740.0,-1,,,,,,,250234.0,2011,618,615,0,0,0,0,0,12.0,12.0,51.0,2011,5.0,1,8,2,8900,89001,1,21,36,35620,47,1.0,1.0,,7,1,54,2.0,1,39,1,,1,1,1,2,57,57,57,1,0,0,1.0,1.0,,40.0,,40.0,,,,,,2.0,3.0,0.0,1,2.0,2.0,2.0,,2884.61,1.0,,,,,11007.3836,2857.1488,0,0,0.0,,0,0,1521,1,1.0,,,,,,2803.1013,9470.0,,-1,,,,,,,249398.0,2012,630,615,0,0,0,0,0,12.0,,1.0,3740.0,12.0,51.0,2012,MIS4_to_MIS8,new_york,0,2011-2012,1,0,0,0,retention
42893160998798,7,1.0,1,4,2,8900,89001,1,1,21,36,45060,67,1.0,1.0,,4,1,32,2.0,2,44,1,,1,1,1,1,2,57,57,57,1,0,0,3.0,1.0,,-4.0,13.0,14.0,,,13.0,,,4.0,2.0,0.0,1,2.0,2.0,2.0,,1057.69,1.0,,,,,13733.3959,3456.9884,0,0,0.0,,0,0,55345,1,,,,,,2.0,3465.4013,7860.0,2320.0,-1,,,,,,,250279.0,2011,618,615,0,0,0,0,0,18.0,8.0,40.0,2011,1.0,1,8,2,8900,89001,1,21,36,45060,67,1.0,1.0,,4,1,33,2.0,2,44,1,,1,1,1,2,57,57,57,1,0,0,1.0,2.0,4.0,40.0,,,,,,,,5.0,3.0,0.0,1,2.0,2.0,2.0,,1428.57,1.0,,,,,11279.3617,2889.9014,1,1,0.0,,0,0,47342,1,,,,,,2.0,2907.8097,7860.0,,-1,,,,,,,249438.0,2012,630,615,1,0,0,0,1,18.0,,1.0,2310.0,8.0,40.0,2012,MIS4_to_MIS8,new_york,0,2011-2012,1,0,0,0,retention
63998061903095,7,1.0,1,4,2,8900,89001,1,1,21,36,35620,81,1.0,1.0,,7,4,17,,1,36,4,,5,1,3,7,2,248,248,248,4,0,16,2.0,1.0,,25.0,,25.0,,,20.0,,,7.0,3.0,0.0,1,2.0,1.0,1.0,700.0,150.0,2.0,2.0,1.0,1.0,1.0,12367.4564,2985.808,0,0,0.0,0.0,0,0,12981,5,,,,,,,2713.7219,8590.0,4620.0,-1,,,,,2.0,1.0,250327.0,2011,618,615,0,0,0,0,0,10.0,15.0,44.0,2011,1.0,1,8,2,8900,89001,1,21,36,35620,81,1.0,1.0,,7,4,18,,1,37,4,,1,3,7,2,248,248,248,4,0,16,2.0,7.0,,,,,,,,,,1.0,,,2,,,,,,,,1.0,1.0,1.0,18392.2523,4391.5233,0,0,,,0,0,38774,5,,,,,,,4665.7089,,,-1,,,,,2.0,1.0,249495.0,2012,630,615,0,0,0,0,0,11.0,,4.0,,,,2012,MIS4_to_MIS8,new_york,0,2011-2012,0,1,0,0,retention
130609915607688,7,1.0,1,4,2,8900,89001,1,1,21,36,35620,47,1.0,1.0,,7,1,30,2.0,2,39,1,,1,1,1,1,2,57,555,555,1,0,0,1.0,1.0,,35.0,,35.0,,,,,,2.0,3.0,0.0,1,2.0,2.0,2.0,,275.0,1.0,,,,,12351.5016,3047.1811,0,0,1.0,,0,0,26965,1,1.0,,,,,,3116.7026,8470.0,5120.0,-1,,,,,,,250370.0,2011,618,615,0,0,0,0,0,12.0,17.0,43.0,2011,1.0,1,8,2,8900,89001,1,21,36,35620,47,1.0,1.0,,7,1,30,2.0,2,39,1,,1,1,1,2,57,555,555,1,0,0,1.0,1.0,,30.0,,30.0,,,22.0,,,7.0,4.0,0.0,1,1.0,,1.0,365.0,459.5,2.0,2.0,,,,10202.4281,2688.9951,0,0,1.0,1.0,0,42,26986,1,1.0,,,,,,2630.1771,8470.0,,-1,,,,,,,249541.0,2012,630,615,0,0,0,0,0,12.0,,1.0,4600.0,15.0,43.0,2012,MIS4_to_MIS8,new_york,0,2011-2012,0,1,0,1,retention
270963091531149,7,1.0,6,4,2,8900,89001,1,1,21,36,35620,5,1.0,1.0,,7,2,57,,1,44,1,,1,0,0,3,2,57,57,57,1,0,0,1.0,2.0,14.0,40.0,,,,,,,,5.0,3.0,0.0,1,1.0,2.0,2.0,,1442.0,1.0,,,,,12433.5562,2985.3884,0,0,1.0,,0,42,12621,1,,,,,,3.0,3019.2554,7860.0,2320.0,-1,,,,,,,250436.0,2011,618,615,0,0,0,0,0,18.0,8.0,40.0,2011,1.0,6,8,2,8900,89001,1,21,36,35620,5,1.0,1.0,,7,2,58,,1,44,1,,0,0,3,2,57,57,57,1,0,0,1.0,1.0,,40.0,,40.0,,,,,,2.0,3.0,0.0,1,2.0,2.0,2.0,,2019.0,1.0,,,,,10908.7878,2705.1537,0,0,1.0,,0,42,60927,1,,,,,,3.0,2645.9196,7860.0,,-1,,,,,,,249627.0,2012,630,615,0,0,0,0,0,18.0,,1.0,2310.0,8.0,40.0,2012,MIS4_to_MIS8,new_york,0,2011-2012,1,0,0,0,retention
392951701084698,7,1.0,6,4,2,8900,89001,1,1,21,36,35620,81,1.0,1.0,,7,2,32,,1,40,2,,1,0,0,7,2,57,57,57,1,0,0,1.0,1.0,,40.0,,48.0,,,,,,2.0,3.0,0.0,1,2.0,1.0,1.0,1900.0,600.0,1.0,,,,,14158.6273,3759.8366,0,0,0.0,0.0,0,0,41556,1,,,2.0,,,,3832.5623,770.0,7210.0,4230,,,,,,,250505.0,2011,618,615,0,0,0,0,0,13.0,20.0,4.0,2011,1.0,6,8,2,8900,89001,1,21,36,35620,81,1.0,1.0,,7,2,33,,1,40,2,,0,0,7,2,57,57,57,1,0,0,1.0,1.0,,35.0,,35.0,,,,,,2.0,3.0,0.0,1,2.0,2.0,2.0,,550.0,1.0,,,,,13948.4848,3693.7331,0,0,0.0,,0,0,27135,1,,,2.0,,,,3570.5562,9490.0,,-1,,,,,,,249694.0,2012,630,615,0,0,0,0,0,13.0,,2.0,5940.0,17.0,51.0,2012,MIS4_to_MIS8,new_york,0,2011-2012,1,0,0,0,retention
401900293096256,7,1.0,7,4,2,8900,89001,1,1,21,36,35620,47,1.0,1.0,,7,2,37,,2,41,2,,1,0,0,7,2,57,57,57,1,0,0,1.0,1.0,,40.0,,38.0,,,,,,2.0,3.0,0.0,1,2.0,2.0,2.0,,500.0,2.0,2.0,,,,11680.3463,2790.7605,0,0,1.0,,0,42,38867,1,,,3.0,,,,2842.5081,9480.0,2010.0,-1,,,,,,,250566.0,2011,618,615,0,0,0,0,0,14.0,6.0,51.0,2011,1.0,7,8,2,8900,89001,1,21,36,35620,47,1.0,1.0,,7,2,37,,2,41,2,,0,0,7,2,57,57,57,1,0,0,1.0,1.0,,40.0,,40.0,,,,,,2.0,3.0,0.0,1,2.0,2.0,2.0,,673.0,1.0,,,,,14231.6757,3500.9579,0,0,1.0,,0,0,54892,1,,,3.0,,,,3496.2572,8370.0,,-1,,,,,,,249754.0,2012,630,615,0,0,0,0,0,14.0,,2.0,2010.0,6.0,43.0,2012,MIS4_to_MIS8,new_york,0,2011-2012,1,0,0,0,retention
463089061906491,7,1.0,1,4,2,8900,89001,1,1,21,36,35620,5,1.0,1.0,,7,1,59,2.0,2,40,1,2.0,1,1,1,1,2,73,73,73,2,0,7,1.0,1.0,,40.0,,40.0,,,,,,2.0,3.0,0.0,1,2.0,2.0,2.0,,1150.0,1.0,,,,,13933.7406,3339.6766,0,0,0.0,,0,0,26854,1,,,2.0,,,,3388.3422,9470.0,5220.0,-1,,,,,,,250607.0,2011,618,615,0,0,0,0,0,13.0,17.0,51.0,2011,1.0,1,8,2,8900,89001,1,21,36,35620,5,1.0,1.0,,7,1,60,2.0,2,40,1,,1,1,1,2,73,73,73,2,0,7,1.0,1.0,,35.0,,35.0,,,,,,2.0,3.0,0.0,1,2.0,2.0,2.0,,750.0,1.0,,,,,12460.3621,3244.9155,0,0,1.0,,0,0,12465,1,,,3.0,,,,3179.2972,9470.0,,-1,,,,,,,249791.0,2012,630,615,0,0,0,0,0,14.0,,1.0,5860.0,17.0,51.0,2012,MIS4_to_MIS8,new_york,0,2011-2012,1,0,0,0,retention
629940255060913,7,1.0,1,4,2,8900,89001,1,1,21,36,35620,61,1.0,1.0,,7,1,55,3.0,2,39,1,,1,1,1,1,2,57,57,57,1,0,0,1.0,1.0,,40.0,,40.0,,,,,,2.0,3.0,0.0,1,2.0,2.0,2.0,,1884.61,1.0,,,,,12353.7938,2992.163,0,0,0.0,,0,0,12876,1,1.0,,,,,,3004.1381,9480.0,430.0,-1,,,,,,,250722.0,2011,618,615,0,0,0,0,0,12.0,1.0,51.0,2011,3.0,1,8,2,8900,89001,1,21,36,35620,61,1.0,1.0,,7,1,56,3.0,2,39,1,,1,1,1,2,57,57,57,1,0,0,1.0,1.0,,40.0,,40.0,,,,,,2.0,3.0,0.0,1,2.0,2.0,2.0,,2884.61,2.0,2.0,,,,11109.0426,2884.5211,0,0,0.0,,0,0,47309,1,1.0,,,,,,2815.3238,9480.0,,-1,,,,,,,249895.0,2012,630,615,0,0,0,0,0,12.0,,1.0,350.0,1.0,51.0,2012,MIS4_to_MIS8,new_york,0,2011-2012,1,0,0,0,retention
629940255060913,7,1.0,1,4,2,8900,89001,1,1,21,36,35620,61,1.0,1.0,,7,3,59,1.0,1,39,1,,3,1,2,1,2,57,57,57,1,0,0,2.0,1.0,,40.0,,40.0,,,,,,2.0,2.0,0.0,1,2.0,2.0,2.0,,788.46,1.0,,,,,12433.5562,2985.3884,0,0,0.0,,0,0,12876,3,1.0,,,,,,3019.2554,9470.0,9140.0,-1,,,,,,,250723.0,2011,618,615,0,0,0,0,0,12.0,22.0,51.0,2011,3.0,1,8,2,8900,89001,1,21,36,35620,61,1.0,1.0,,7,3,60,1.0,1,38,1,,1,2,1,2,57,57,57,1,0,0,2.0,1.0,,50.0,,50.0,,,,,,2.0,3.0,0.0,1,1.0,2.0,2.0,,1653.84,1.0,,,,,11529.8561,2943.3612,0,0,0.0,,0,0,47309,3,,,,,,,2854.4823,9470.0,,-1,,,,,,,249896.0,2012,630,615,0,0,0,0,0,12.0,,1.0,9140.0,22.0,51.0,2012,MIS4_to_MIS8,new_york,0,2011-2012,1,0,0,0,retention
629940255060913,7,1.0,1,4,2,8900,89001,1,1,21,36,35620,61,1.0,1.0,,7,4,26,,1,43,1,,2,1,3,7,2,57,57,57,1,0,0,2.0,2.0,4.0,35.0,,,,,,,,5.0,3.0,0.0,1,2.0,1.0,1.0,1581.0,576.92,1.0,,,,,14103.1373,3450.4011,0,0,0.0,0.0,0,0,12876,2,,,,2.0,,,3494.5509,9480.0,5260.0,-1,,,,,1.0,1.0,250724.0,2011,618,615,0,0,0,0,0,16.0,17.0,51.0,2011,3.0,1,8,2,8900,89001,1,21,36,35620,61,1.0,1.0,,7,4,26,,1,43,1,,1,3,7,2,57,57,57,1,0,0,2.0,1.0,,45.0,,45.0,,,,,,2.0,3.0,0.0,1,1.0,,1.0,1600.0,560.0,1.0,,,,,12036.0826,3105.5592,0,0,0.0,0.0,0,0,47309,2,,,,2.0,,,3021.2666,9480.0,,-1,,,,,1.0,1.0,249897.0,2012,630,615,0,0,0,0,0,16.0,,1.0,800.0,2.0,51.0,2012,MIS4_to_MIS8,new_york,0,2011-2012,1,0,0,0,retention
714399749600541,7,1.0,7,4,2,8900,89001,1,1,21,36,35620,81,1.0,1.0,,7,14,43,,1,44,1,,2,0,0,7,2,57,57,57,1,0,0,2.0,1.0,,40.0,,40.0,,,,,,2.0,3.0,0.0,1,2.0,2.0,2.0,,1153.0,2.0,2.0,,,,11677.2669,2878.4974,0,0,1.0,,0,0,12982,2,,,,,,3.0,2924.277,7870.0,2200.0,-1,,,,,,,250792.0,2011,618,615,0,0,0,0,0,18.0,8.0,40.0,2011,1.0,7,8,2,8900,89001,1,21,36,35620,81,1.0,1.0,,7,14,44,,1,44,1,,0,0,7,2,57,57,57,1,0,0,1.0,1.0,,40.0,,40.0,,,,,,2.0,4.0,0.0,1,2.0,2.0,2.0,,1153.0,2.0,2.0,,,,11275.058,2867.3422,0,0,1.0,,0,0,54978,2,,,,,,3.0,2809.8418,7870.0,,-1,,,,,,,249978.0,2012,630,615,0,0,0,0,0,18.0,,1.0,2200.0,8.0,40.0,2012,MIS4_to_MIS8,new_york,0,2011-2012,0,1,0,1,retention
960046736319040,7,1.0,1,4,2,8900,89001,1,1,21,36,35620,85,1.0,1.0,,7,1,64,2.0,1,43,1,,1,1,1,1,2,163,132,132,4,0,6,1.0,2.0,5.0,40.0,,,,,,,,5.0,2.0,0.0,1,2.0,1.0,1.0,3300.0,1384.61,1.0,,,,,12837.6854,2979.3211,0,0,0.0,0.0,0,0,13038,1,,,,1.0,1.0,,3008.1836,9570.0,9410.0,-1,,,,,,,250939.0,2011,618,615,0,0,0,0,0,18.0,22.0,51.0,2011,2.0,1,8,2,8900,89001,1,21,36,35620,85,1.0,1.0,,7,1,65,2.0,1,43,1,,1,1,1,2,163,132,132,4,0,6,1.0,5.0,,,,,,,,,,1.0,3.0,0.0,2,,,,,,,,,,,11487.3719,2796.037,0,0,,,0,0,47417,1,,,,1.0,1.0,,2871.7281,6290.0,,-1,,,,,,,250115.0,2012,630,615,0,0,0,0,0,18.0,,1.0,9410.0,22.0,23.0,2012,MIS4_to_MIS8,new_york,0,2011-2012,1,0,0,0,retention
75643160991892,7,1.0,6,4,2,8900,89001,1,1,21,36,10580,0,2.0,1.0,,4,2,53,,1,43,1,,1,0,0,5,2,57,57,57,1,0,0,1.0,1.0,,33.0,4.0,33.0,,,4.0,,,4.0,3.0,0.0,1,2.0,1.0,1.0,1325.0,500.0,1.0,,,,,12239.4133,3179.8068,0,0,0.0,0.0,0,0,30504,1,,,,1.0,2.0,,3141.4671,7860.0,2540.0,4720,,,,,,,251070.0,2011,618,615,0,0,0,0,0,17.0,8.0,40.0,2011,2.0,6,8,2,8900,89001,1,21,36,10580,0,2.0,1.0,,4,2,55,,1,43,1,,0,0,5,2,57,57,57,1,0,0,1.0,1.0,,33.0,,58.0,,,,,,2.0,5.0,0.0,1,2.0,1.0,1.0,1152.0,374.5,1.0,,,,,11488.6021,2769.4573,0,0,0.0,0.0,0,0,4642,1,,,,1.0,2.0,,2786.5532,7860.0,,4700,,,,,,,250254.0,2012,630,615,0,0,0,0,0,17.0,,1.0,2330.0,8.0,40.0,2012,MIS4_to_MIS8,new_york,0,2011-2012,0,1,0,1,retention
80967096031779,7,1.0,1,4,2,8900,89001,1,1,21,36,35620,0,2.0,1.0,,7,1,51,2.0,2,43,1,,1,1,1,1,2,57,119,119,1,0,0,1.0,2.0,4.0,33.0,,,,,,,,10.0,3.0,0.0,1,2.0,2.0,2.0,,750.0,1.0,,,,,12663.3789,3248.8428,4,1,0.0,,0,0,64225,1,,,,2.0,,,3195.0926,7860.0,3255.0,-1,,,,,,,251078.0,2011,618,615,0,0,0,1,0,16.0,10.0,40.0,2011,3.0,1,8,2,8900,89001,1,21,36,35620,0,2.0,1.0,,7,1,51,2.0,2,43,1,,1,1,1,2,57,119,119,1,0,0,2.0,2.0,4.0,35.0,,,,,,,,5.0,3.0,0.0,1,2.0,2.0,2.0,,1409.09,1.0,,,,,13811.3779,3405.4056,4,1,0.0,,0,0,1710,1,,,,2.0,,,3408.4519,7860.0,,-1,,,,,,,250264.0,2012,630,615,0,0,0,1,0,16.0,,1.0,3255.0,10.0,40.0,2012,MIS4_to_MIS8,new_york,0,2011-2012,1,0,0,0,retention
80967096031779,7,1.0,1,4,2,8900,89001,1,1,21,36,35620,0,2.0,1.0,,7,4,24,,2,43,1,,3,1,3,7,2,57,57,57,1,0,0,2.0,7.0,,,,,,8.0,,,,1.0,3.0,0.0,2,,,,,,,,1.0,1.0,2.0,16388.7779,4026.558,0,0,,,0,0,64225,3,,,,1.0,1.0,,4147.9362,7860.0,2310.0,-1,,,,,1.0,1.0,251081.0,2011,618,615,0,0,0,0,0,18.0,8.0,40.0,2011,3.0,1,8,2,8900,89001,1,21,36,35620,0,2.0,1.0,,7,4,25,,2,44,1,,1,3,7,2,57,57,57,1,0,0,2.0,1.0,,60.0,,60.0,,,,,,2.0,5.0,0.0,1,2.0,2.0,2.0,,330.0,2.0,2.0,,,,12514.6055,3221.4272,0,0,0.0,,0,0,1710,3,,,,,,2.0,3226.2544,8590.0,,-1,,,,,1.0,1.0,250267.0,2012,630,615,0,0,0,0,0,18.0,,1.0,4620.0,15.0,44.0,2012,MIS4_to_MIS8,new_york,0,2011-2012,0,1,0,1,retention
130609914027385,7,1.0,1,4,2,8900,89001,1,1,21,36,10580,0,2.0,1.0,,4,3,55,1.0,2,39,1,,2,1,2,1,2,57,57,57,1,0,0,2.0,2.0,4.0,35.0,,,,,,,,5.0,3.0,0.0,1,2.0,,1.0,1983.0,694.05,1.0,,,,,13586.4491,3357.6261,0,0,1.0,1.0,0,42,26842,2,1.0,,,,,,3303.8894,7860.0,310.0,-1,,,,,,,251109.0,2011,618,615,0,0,0,0,0,12.0,1.0,40.0,2011,2.0,1,8,2,8900,89001,1,21,36,10580,0,2.0,1.0,,4,3,56,1.0,2,39,1,,1,2,1,2,57,57,57,1,0,0,1.0,3.0,,,,,4.0,,,4.0,1.0,11.0,3.0,0.0,2,,,,,,,,,,,10542.1347,2858.8989,0,0,,,0,0,26882,2,1.0,,,,,,2682.4518,7860.0,,-1,,,,,,,250296.0,2012,630,615,0,0,0,0,0,12.0,,1.0,310.0,1.0,40.0,2012,MIS4_to_MIS8,new_york,0,2011-2012,1,0,0,0,retention
130609956102832,7,1.0,1,4,2,8900,89001,1,1,21,36,35620,59,2.0,1.0,,7,3,51,1.0,1,44,1,,2,1,2,1,2,57,57,57,1,0,0,2.0,2.0,4.0,35.0,,,,,,,,5.0,3.0,0.0,1,1.0,2.0,2.0,,1634.61,2.0,1.0,,,,12552.7737,3261.218,0,0,0.0,,0,0,4837,2,,,,,,2.0,3221.8967,7860.0,2000.0,-1,,,,,,,251124.0,2011,618,615,0,0,0,0,0,18.0,6.0,40.0,2011,1.0,1,8,2,8900,89001,1,21,36,35620,59,2.0,1.0,,7,3,52,1.0,1,44,1,,1,2,1,2,57,57,57,1,0,0,2.0,1.0,,35.0,,40.0,,,,,,2.0,3.0,0.0,1,2.0,2.0,2.0,,1538.46,1.0,,,,,12674.4654,3198.0883,0,0,0.0,,0,0,16599,2,,,,,,2.0,3227.6344,7860.0,,-1,,,,,,,250306.0,2012,630,615,0,0,0,0,0,18.0,,1.0,2000.0,6.0,40.0,2012,MIS4_to_MIS8,new_york,0,2011-2012,1,0,0,0,retention
130609958831767,7,1.0,7,4,2,8900,89001,1,1,21,36,35620,59,2.0,1.0,,7,2,31,,2,44,1,2.0,1,0,0,7,2,57,57,57,1,0,0,1.0,2.0,4.0,40.0,,,,,,,,5.0,3.0,0.0,1,2.0,2.0,2.0,,653.84,2.0,2.0,,,,11348.762,2822.8322,0,0,1.0,,0,0,55301,1,,,,,,2.0,2863.6774,7860.0,2310.0,-1,,,,,,,251127.0,2011,618,615,0,0,0,0,0,18.0,8.0,40.0,2011,1.0,1,8,2,8900,89001,1,21,36,35620,59,2.0,1.0,,7,1,32,2.0,2,44,1,2.0,1,1,1,2,57,57,57,1,0,0,1.0,2.0,4.0,40.0,,,,,,,,5.0,4.0,0.0,1,2.0,1.0,1.0,1634.0,1538.46,1.0,,,,,11470.8579,2951.3542,0,0,0.0,1.0,0,0,30305,1,,,,,,2.0,2957.1772,7860.0,,-1,,,,,,,250309.0,2012,630,615,0,0,0,0,0,18.0,,1.0,2310.0,8.0,40.0,2012,MIS4_to_MIS8,new_york,0,2011-2012,0,1,0,1,retention
501900273893146,7,1.0,1,4,2,8900,89001,1,1,21,36,10580,0,2.0,1.0,,4,1,43,2.0,2,43,2,,1,1,1,1,2,57,57,57,1,0,0,1.0,2.0,4.0,40.0,,,,,,,,5.0,2.0,0.0,1,2.0,,1.0,895.0,358.0,2.0,2.0,,,,17991.7371,4446.3983,4,1,1.0,1.0,0,42,61059,1,,,,2.0,,,4378.4369,6870.0,5700.0,-1,,,,,,,251268.0,2011,618,615,0,0,0,1,0,16.0,17.0,32.0,2011,1.0,1,8,2,8900,89001,1,21,36,10580,0,2.0,1.0,,4,1,44,2.0,2,43,2,,1,1,1,2,57,57,57,1,0,0,1.0,2.0,4.0,40.0,,,,,,,,5.0,2.0,0.0,1,2.0,2.0,2.0,,750.0,1.0,,,,,13445.1244,3233.3783,4,1,1.0,,0,42,67645,1,,,,2.0,,,3303.0273,9570.0,,-1,,,,,,,250474.0,2012,630,615,0,0,0,1,0,16.0,,2.0,5700.0,17.0,51.0,2012,MIS4_to_MIS8,new_york,0,2011-2012,1,0,0,0,retention
518396299600524,7,1.0,4,4,2,8900,89001,1,1,21,36,35620,119,2.0,1.0,,7,4,32,,2,40,2,,2,2,1,7,2,57,57,57,1,0,0,2.0,1.0,,40.0,,40.0,,,,,,2.0,3.0,0.0,1,2.0,,1.0,1250.0,500.0,2.0,2.0,,,,18803.5366,4758.5433,3,1,1.0,1.0,0,42,55427,2,,,3.0,,,,4564.5369,8570.0,4620.0,-1,,,,,1.0,,251282.0,2011,618,615,0,0,1,0,0,14.0,15.0,44.0,2011,5.0,4,8,2,8900,89001,1,21,36,35620,119,2.0,1.0,,7,4,34,,2,40,2,,2,1,7,2,57,57,57,1,0,0,2.0,1.0,,35.0,,35.0,,,,,,2.0,3.0,0.0,1,2.0,1.0,1.0,800.0,384.0,1.0,,,,,16677.0824,4178.8532,4,1,1.0,1.0,0,0,47477,2,,,3.0,,,,4308.6445,8570.0,,-1,,,,,1.0,,250488.0,2012,630,615,0,0,0,1,0,14.0,,2.0,4430.0,15.0,44.0,2012,MIS4_to_MIS8,new_york,0,2011-2012,1,0,0,0,retention
615391139600592,7,2.0,1,4,2,8900,89001,1,1,21,36,35620,59,2.0,1.0,,7,1,48,5.0,2,43,1,,1,1,1,1,2,57,116,120,1,0,0,2.0,1.0,,40.0,,40.0,,,,,,2.0,3.0,0.0,1,2.0,2.0,2.0,,865.0,2.0,2.0,,,,14027.2435,3582.6529,10,2,1.0,,0,42,12844,1,,,,1.0,1.0,,3539.2088,7860.0,2540.0,-1,,,,,,,251312.0,2011,618,615,0,0,1,1,0,18.0,8.0,40.0,2011,2.0,1,8,2,8900,89001,1,21,36,35620,59,2.0,1.0,,7,1,49,5.0,2,42,1,,1,1,1,2,57,116,120,1,0,0,1.0,1.0,,1.0,,5.0,,,22.0,,,7.0,3.0,0.0,1,2.0,2.0,2.0,,384.0,1.0,,,,,14124.5825,3471.8609,3,1,1.0,,0,0,38696,1,,,3.0,,,,3485.7464,7860.0,,-1,,,,,,,250523.0,2012,630,615,0,0,1,0,0,14.0,,1.0,2540.0,8.0,40.0,2012,MIS4_to_MIS8,new_york,0,2011-2012,1,0,0,0,retention
776789210109301,7,1.0,7,4,2,8900,89001,1,1,21,36,35620,103,2.0,1.0,,7,2,60,,2,44,1,,1,0,0,7,2,57,57,57,1,0,0,1.0,2.0,4.0,40.0,,,,,,,,5.0,3.0,0.0,1,2.0,2.0,2.0,,100.0,1.0,,,,,13778.0617,3346.5412,0,0,1.0,,0,0,55405,1,,,,,,3.0,3310.9214,7860.0,2310.0,-1,,,,,,,251420.0,2011,618,615,0,0,0,0,0,18.0,8.0,40.0,2011,1.0,7,8,2,8900,89001,1,21,36,35620,103,2.0,1.0,,7,2,61,,2,44,1,,0,0,7,2,57,57,57,1,0,0,1.0,2.0,4.0,37.0,,,,,,,,5.0,2.0,0.0,1,1.0,2.0,2.0,,2115.0,1.0,,,,,13889.8822,3516.279,0,0,1.0,,0,0,12842,1,,,,,,3.0,3544.0434,7860.0,,-1,,,,,,,250628.0,2012,630,615,0,0,0,0,0,18.0,,1.0,2310.0,8.0,40.0,2012,MIS4_to_MIS8,new_york,0,2011-2012,1,0,0,0,retention
801903003896636,7,2.0,1,4,2,8900,89001,1,1,21,36,45060,67,2.0,1.0,,4,3,53,1.0,2,42,1,,2,1,2,1,2,57,57,57,1,0,0,1.0,1.0,,40.0,,40.0,,,,,,2.0,3.0,0.0,1,2.0,2.0,2.0,,1211.53,1.0,,,,,12347.2573,3167.7405,0,0,0.0,,0,0,1764,2,,,2.0,,,,3115.3321,9470.0,2145.0,-1,,,,,,,251424.0,2011,618,615,0,0,0,0,0,13.0,7.0,51.0,2011,2.0,1,8,2,8900,89001,1,21,36,45060,67,2.0,1.0,,4,3,54,1.0,2,42,1,,1,2,1,2,57,57,57,1,0,0,1.0,1.0,,35.0,,35.0,,,,,,2.0,2.0,0.0,1,2.0,2.0,2.0,,865.0,1.0,,,,,12632.2919,3114.684,0,0,1.0,,0,0,38741,2,,,2.0,,,,3117.4703,9470.0,,-1,,,,,,,250632.0,2012,630,615,0,0,0,0,0,13.0,,1.0,5860.0,17.0,51.0,2012,MIS4_to_MIS8,new_york,0,2011-2012,1,0,0,0,retention
906006736319400,7,1.0,6,4,2,8900,89001,1,1,21,36,35620,59,2.0,1.0,,7,14,41,,2,44,1,,2,0,0,7,2,57,57,57,1,0,0,2.0,2.0,4.0,38.0,,,,,,,,5.0,3.0,0.0,1,2.0,2.0,2.0,,961.0,1.0,,,,,12148.8276,3115.801,0,0,1.0,,0,0,12845,2,,,,,,2.0,3109.4591,7860.0,2310.0,-1,,,,,,,251477.0,2011,618,615,0,0,0,0,0,18.0,8.0,40.0,2011,1.0,6,8,2,8900,89001,1,21,36,35620,59,2.0,1.0,,7,14,41,,2,44,1,,0,0,7,2,57,57,57,1,0,0,2.0,2.0,4.0,38.0,,,,,,,,5.0,3.0,0.0,1,2.0,2.0,2.0,,600.0,1.0,,,,,12231.6068,3054.6422,0,0,0.0,,0,0,12634,2,,,,,,2.0,3081.6683,7860.0,,-1,,,,,,,250690.0,2012,630,615,0,0,0,0,0,18.0,,1.0,2310.0,8.0,40.0,2012,MIS4_to_MIS8,new_york,0,2011-2012,1,0,0,0,retention
916589310169305,7,1.0,1,4,2,8900,89001,1,1,21,36,35620,59,2.0,1.0,,7,3,54,1.0,1,46,1,,2,1,2,1,2,57,57,57,1,0,0,2.0,1.0,,40.0,,40.0,,,,,,2.0,3.0,0.0,1,2.0,2.0,2.0,,1442.0,2.0,1.0,,,,12552.7737,3261.218,5,3,1.0,,0,0,27048,2,,,,,,,3221.8967,7860.0,230.0,-1,,,,,,,251487.0,2011,618,615,1,1,0,0,1,18.0,1.0,40.0,2011,2.0,1,8,2,8900,89001,1,21,36,35620,59,2.0,1.0,,7,3,55,1.0,1,46,1,,1,2,1,2,57,57,57,1,0,0,1.0,1.0,,24.0,,24.0,,,22.0,,,7.0,3.0,0.0,1,2.0,2.0,2.0,,2500.0,2.0,2.0,,,,12560.9372,3027.9558,5,3,0.0,,0,0,60973,2,,,,,,,3046.6474,7860.0,,-1,,,,,,,250701.0,2012,630,615,1,1,0,0,1,18.0,,1.0,230.0,1.0,40.0,2012,MIS4_to_MIS8,new_york,0,2011-2012,1,0,0,0,retention
69373160691490,7,1.0,1,4,2,8900,89001,1,1,21,36,0,0,3.0,2.0,,0,3,53,1.0,2,42,1,,2,1,2,1,2,57,57,57,1,0,0,2.0,1.0,,36.0,,36.0,,,,,,2.0,3.0,0.0,1,2.0,2.0,2.0,,550.0,2.0,1.0,,,,12157.9259,3119.1667,0,0,0.0,,0,0,27294,2,,,3.0,,,,3067.5619,7860.0,2540.0,5260,,,,,,,251601.0,2011,618,615,0,0,0,0,0,14.0,8.0,40.0,2011,2.0,1,8,2,8900,89001,1,21,36,0,0,3.0,2.0,,0,3,54,1.0,2,42,1,,1,2,1,2,57,57,57,1,0,0,2.0,2.0,4.0,38.0,,,,,,,,5.0,3.0,0.0,1,2.0,1.0,1.0,1600.0,942.0,1.0,,,,,12882.407,3176.3536,0,0,1.0,1.0,0,0,55016,2,,,3.0,,,,3179.1951,7860.0,,4220,,,,,,,250800.0,2012,630,615,0,0,0,0,0,14.0,,1.0,2540.0,8.0,40.0,2012,MIS4_to_MIS8,new_york,0,2011-2012,1,0,0,0,retention
960967091531929,7,2.0,4,4,2,8900,89001,1,1,21,36,0,0,3.0,2.0,,0,5,26,,1,35,1,,3,1,4,7,2,57,57,57,1,0,0,2.0,7.0,,,,,,2.0,,,,1.0,3.0,0.0,2,,,,,,,,,,,14430.4501,3592.8092,0,0,,,0,0,12706,3,,,,,,,3666.3903,770.0,6320.0,-1,,,,,2.0,,251707.0,2011,618,615,0,0,0,0,0,9.0,19.0,4.0,2011,2.0,3,8,2,8900,89001,1,21,36,0,0,3.0,2.0,,0,1,27,,1,36,1,,1,1,7,2,57,57,57,1,0,0,2.0,1.0,,20.0,,20.0,,,14.0,,,6.0,3.0,0.0,1,2.0,,1.0,800.0,160.0,2.0,2.0,,,,11758.8787,2949.3927,0,0,0.0,0.0,0,0,12556,3,,,,,,,2951.6836,9390.0,,-1,,,,,2.0,,250927.0,2012,630,615,0,0,0,0,0,10.0,,1.0,6730.0,19.0,51.0,2012,MIS4_to_MIS8,new_york,0,2011-2012,1,0,0,0,retention
570966099731719,7,1.0,1,4,2,8900,89001,1,1,21,36,28740,111,,1.0,,2,3,49,1.0,2,42,1,,2,1,2,1,2,57,57,57,1,0,0,2.0,7.0,,,,,,,,,,1.0,3.0,0.0,2,,,,,,,,,,,14557.1586,3596.0442,0,0,,,0,0,4885,2,,,3.0,,,,3688.1008,7860.0,2540.0,-1,,,,,,,251771.0,2011,618,615,0,0,0,0,0,14.0,8.0,40.0,2011,1.0,1,8,2,8900,89001,1,21,36,28740,111,,1.0,,2,3,50,1.0,2,42,1,,1,2,1,2,57,57,57,1,0,0,2.0,4.0,,,,,,,,2.0,2.0,12.0,3.0,0.0,2,,,,,,,,,,,14818.1401,3418.1344,0,0,,,0,0,41252,2,,,3.0,,,,3260.3621,7860.0,,-1,,,,,,,250991.0,2012,630,615,0,0,0,0,0,14.0,,1.0,2540.0,8.0,40.0,2012,MIS4_to_MIS8,new_york,0,2011-2012,1,0,0,0,retention
770969097031619,7,1.0,1,4,2,8900,89001,1,1,21,36,13780,0,,1.0,,3,1,58,2.0,1,44,1,,1,1,1,1,2,57,57,57,1,0,0,1.0,1.0,,40.0,,40.0,,,,,,2.0,2.0,0.0,1,2.0,2.0,2.0,,1484.23,2.0,1.0,,,,12551.8799,3075.0751,0,0,0.0,,0,0,13126,1,,,,,,2.0,3047.988,7870.0,220.0,-1,,,,,,,251799.0,2011,618,615,0,0,0,0,0,18.0,1.0,40.0,2011,1.0,1,8,2,8900,89001,1,21,36,13780,0,,1.0,,3,1,59,2.0,1,44,1,,1,1,1,2,57,57,57,1,0,0,1.0,1.0,,40.0,,40.0,,,,,,2.0,2.0,0.0,1,2.0,2.0,2.0,,1500.0,1.0,,,,,11488.6021,2769.4573,0,0,0.0,,0,0,38858,1,,,,,,2.0,2786.5532,7870.0,,-1,,,,,,,251017.0,2012,630,615,0,0,0,0,0,18.0,,1.0,220.0,1.0,40.0,2012,MIS4_to_MIS8,new_york,0,2011-2012,1,0,0,0,retention
770969097031619,7,1.0,1,4,2,8900,89001,1,1,21,36,13780,0,,1.0,,3,3,53,1.0,2,43,1,,2,1,2,1,2,57,57,57,1,0,0,2.0,1.0,,40.0,,40.0,,,,,,2.0,2.0,0.0,1,2.0,2.0,2.0,,1769.23,2.0,2.0,,,,12347.2573,3167.7405,0,0,0.0,,0,0,13126,2,,,,2.0,,,3115.3321,7870.0,430.0,-1,,,,,,,251800.0,2011,618,615,0,0,0,0,0,16.0,1.0,40.0,2011,1.0,1,8,2,8900,89001,1,21,36,13780,0,,1.0,,3,3,54,1.0,2,43,1,,1,2,1,2,57,57,57,1,0,0,2.0,1.0,,40.0,,40.0,,,,,,2.0,2.0,0.0,1,2.0,2.0,2.0,,1826.92,2.0,2.0,,,,12632.2919,3114.684,0,0,0.0,,0,0,38858,2,,,,2.0,,,3117.4703,7870.0,,-1,,,,,,,251018.0,2012,630,615,0,0,0,0,0,16.0,,1.0,100.0,1.0,40.0,2012,MIS4_to_MIS8,new_york,0,2011-2012,1,0,0,0,retention
160927094541729,7,1.0,1,4,2,8900,89001,1,1,23,42,42540,0,1.0,1.0,,4,4,25,,2,43,1,,3,1,3,7,2,57,57,57,1,0,0,2.0,2.0,4.0,40.0,,,,,,,,5.0,3.0,0.0,1,2.0,2.0,2.0,,650.0,1.0,,,,,11280.2986,2773.5568,0,0,0.0,,0,0,2388,3,,,,1.0,1.0,,2846.4017,7860.0,2330.0,-1,,,,,1.0,1.0,255120.0,2011,618,615,0,0,0,0,0,18.0,8.0,40.0,2011,1.0,1,8,2,8900,89001,1,23,42,42540,0,1.0,1.0,,4,4,26,,2,44,1,,1,3,7,2,57,57,57,1,0,0,2.0,2.0,14.0,36.0,,,,,,,,5.0,3.0,0.0,1,2.0,1.0,1.0,900.0,730.76,1.0,,,,,13041.8179,3369.6932,0,0,0.0,1.0,0,0,4928,3,,,,,,2.0,3362.1693,7860.0,,-1,,,,,1.0,1.0,254291.0,2012,630,615,0,0,0,0,0,18.0,,1.0,2330.0,8.0,40.0,2012,MIS4_to_MIS8,pennsylvania,0,2011-2012,1,0,0,0,retention
499931305043295,7,2.0,1,4,2,8900,89001,1,1,23,42,37980,101,1.0,1.0,,7,1,58,2.0,1,39,2,,1,1,1,1,2,333,333,333,4,0,19,2.0,1.0,,38.0,,38.0,,,,,,2.0,3.0,0.0,1,2.0,,1.0,1200.0,456.0,1.0,,,,,10719.2576,2618.1777,0,0,1.0,1.0,0,42,64488,1,1.0,,,,,,2602.0173,9390.0,7200.0,-1,,,,,,,255178.0,2011,618,615,0,0,0,0,0,12.0,20.0,51.0,2011,1.0,1,8,2,8900,89001,1,23,42,37980,101,1.0,1.0,,7,1,59,2.0,1,39,2,,1,1,1,2,333,333,333,4,0,19,1.0,1.0,,40.0,4.0,32.0,,,4.0,,,4.0,4.0,0.0,1,2.0,2.0,2.0,,576.0,1.0,,,,,16692.0529,3089.4977,0,0,1.0,,0,42,28040,1,1.0,,,,,,3181.5421,4770.0,,-1,,,,,,,254352.0,2012,630,615,0,0,0,0,0,12.0,,2.0,5610.0,17.0,22.0,2012,MIS4_to_MIS8,pennsylvania,0,2011-2012,0,1,0,1,retention
910499149200836,7,1.0,1,4,2,8900,89001,1,1,23,42,38300,3,1.0,1.0,,5,3,59,1.0,2,44,1,,2,1,2,1,2,57,57,57,1,0,0,2.0,1.0,,40.0,,40.0,,,,,,2.0,3.0,0.0,1,2.0,2.0,2.0,,1750.0,1.0,,,,,13526.3297,3239.6643,0,0,0.0,,0,0,17313,2,,,,,,2.0,3289.2699,7860.0,2310.0,-1,,,,,,,255218.0,2011,618,615,0,0,0,0,0,18.0,8.0,40.0,2011,1.0,1,8,2,8900,89001,1,23,42,38300,3,1.0,1.0,,5,3,60,1.0,2,44,1,,1,2,1,2,57,57,57,1,0,0,2.0,1.0,,40.0,,40.0,,,,,,2.0,3.0,0.0,1,2.0,2.0,2.0,,1038.0,1.0,,,,,13761.9887,3496.9308,0,0,1.0,,0,0,27831,2,,,,,,2.0,3511.411,7860.0,,-1,,,,,,,254389.0,2012,630,615,0,0,0,0,0,18.0,,1.0,2310.0,8.0,40.0,2012,MIS4_to_MIS8,pennsylvania,0,2011-2012,1,0,0,0,retention
31604120992592,7,1.0,1,4,2,8900,89001,1,1,23,42,37980,91,2.0,1.0,,7,1,46,2.0,1,40,1,,1,1,1,1,2,57,57,57,1,0,0,1.0,1.0,,40.0,,40.0,,,,,,2.0,3.0,0.0,1,2.0,2.0,2.0,,788.46,2.0,2.0,,,,13299.8976,3334.4211,0,0,0.0,,0,0,5154,1,,,2.0,,,,3413.6596,9470.0,7340.0,-1,3.0,,,,,,255273.0,2011,618,615,0,0,0,0,0,13.0,20.0,51.0,2011,2.0,1,8,2,8900,89001,1,23,42,37980,91,2.0,1.0,,7,1,47,2.0,1,40,1,,1,1,1,2,57,57,57,1,0,0,1.0,1.0,,40.0,,40.0,,,,,,2.0,3.0,0.0,1,2.0,2.0,2.0,,788.46,2.0,2.0,,,,13278.6013,3373.7299,0,0,0.0,,0,0,61935,1,,,2.0,,,,3381.4816,9470.0,,-1,3.0,,,,,,254452.0,2012,630,615,0,0,0,0,0,13.0,,1.0,7340.0,20.0,51.0,2012,MIS4_to_MIS8,pennsylvania,0,2011-2012,1,0,0,0,retention
140209958214086,7,2.0,1,4,2,8900,89001,1,1,23,42,37980,91,2.0,1.0,,7,1,50,2.0,1,41,1,,1,1,1,1,2,57,57,57,1,0,0,2.0,1.0,,40.0,,40.0,,,,,,2.0,2.0,0.0,1,2.0,1.0,1.0,3000.0,1038.46,1.0,,,,,12748.0222,3209.79,10,2,0.0,1.0,0,0,17378,1,,,1.0,,,,3272.0108,7870.0,6230.0,-1,,,,,,,255325.0,2011,618,615,0,0,1,1,0,12.0,19.0,40.0,2011,2.0,1,8,2,8900,89001,1,23,42,37980,91,2.0,1.0,,7,1,50,2.0,1,39,1,,1,1,1,2,57,57,57,1,0,0,2.0,1.0,,40.0,,40.0,,,,,,2.0,2.0,0.0,1,2.0,1.0,1.0,1500.0,1000.0,1.0,,,,,12960.6923,3282.5404,10,2,0.0,1.0,0,0,16819,1,1.0,,,,,,3300.524,7870.0,,-1,,,,,,,254521.0,2012,630,615,0,0,1,1,0,12.0,,1.0,6230.0,19.0,40.0,2012,MIS4_to_MIS8,pennsylvania,0,2011-2012,1,0,0,0,retention
299170258140914,7,1.0,1,4,2,8900,89001,1,1,23,42,37980,45,2.0,1.0,,7,3,70,1.0,1,39,1,,2,1,2,1,2,57,57,57,1,0,0,2.0,5.0,,,,,,,,,,1.0,3.0,0.0,2,,,,,,,,,,,11305.8237,2879.2915,0,0,,,0,0,41645,2,1.0,,,,,,2816.8364,7860.0,9120.0,-1,,,,,,,255370.0,2011,618,615,0,0,0,0,0,12.0,22.0,40.0,2011,3.0,1,8,2,8900,89001,1,23,42,37980,45,2.0,1.0,,7,3,70,1.0,1,39,1,,1,2,1,2,57,57,57,1,0,0,1.0,1.0,,22.0,,8.0,,,21.0,,,7.0,4.0,0.0,1,2.0,1.0,1.0,1790.0,319.0,1.0,,,,,13313.5417,3255.6822,0,0,0.0,0.0,0,0,4909,2,1.0,,,,,,3216.8997,6180.0,,420,,,,,,,254574.0,2012,630,615,0,0,0,0,0,12.0,,1.0,9120.0,22.0,23.0,2012,MIS4_to_MIS8,pennsylvania,0,2011-2012,0,1,0,1,retention
452769510929400,7,1.0,1,4,2,8900,89001,1,1,23,42,38300,3,2.0,1.0,,5,3,38,1.0,1,44,1,,2,1,2,1,2,57,57,57,1,0,0,2.0,2.0,4.0,40.0,,,,,,,,5.0,3.0,0.0,1,2.0,2.0,2.0,,615.38,2.0,2.0,,,,12737.0201,3127.7443,5,2,0.0,,0,0,48406,2,,,,,,2.0,3189.6655,7860.0,2330.0,-1,,,,,,,255452.0,2011,618,615,1,1,0,0,1,18.0,8.0,40.0,2011,1.0,1,8,2,8900,89001,1,23,42,38300,3,2.0,1.0,,5,3,39,1.0,1,44,1,,1,2,1,2,57,57,57,1,0,0,2.0,2.0,4.0,40.0,,,,,,,,5.0,5.0,0.0,1,2.0,2.0,2.0,,576.92,2.0,2.0,,,,12846.1622,3170.1262,8,2,0.0,,0,0,55316,2,,,,,,2.0,3201.3746,7890.0,,-1,,,,,,,254649.0,2012,630,615,0,1,1,0,1,18.0,,1.0,2330.0,8.0,40.0,2012,MIS4_to_MIS8,pennsylvania,0,2011-2012,0,1,0,1,retention
814497459200540,7,2.0,1,4,2,8900,89001,1,1,23,42,38300,129,2.0,1.0,,5,3,55,1.0,2,40,1,,2,1,2,1,2,57,57,57,1,0,0,1.0,1.0,,38.0,,38.0,,,,,,2.0,2.0,0.0,1,2.0,,1.0,2900.0,1102.0,1.0,,,,,13600.911,3257.5271,0,0,0.0,0.0,0,0,5168,2,,,2.0,,,,3307.4062,9480.0,2010.0,-1,,,,,,,255635.0,2011,618,615,0,0,0,0,0,13.0,6.0,51.0,2011,3.0,1,8,2,8900,89001,1,23,42,38300,129,2.0,1.0,,5,3,56,1.0,2,40,1,,1,2,1,2,57,57,57,1,0,0,1.0,1.0,,38.0,,35.0,,,,,,2.0,2.0,0.0,1,2.0,,1.0,3020.0,1133.0,1.0,,,,,12577.3311,3186.535,0,0,0.0,0.0,0,0,55429,2,,,2.0,,,,3187.4268,9480.0,,-1,,,,,,,254829.0,2012,630,615,0,0,0,0,0,13.0,,1.0,2010.0,6.0,51.0,2012,MIS4_to_MIS8,pennsylvania,0,2011-2012,1,0,0,0,retention
299300765540914,7,1.0,1,4,2,8900,89001,1,1,23,42,0,0,3.0,2.0,,0,1,31,2.0,2,39,1,,1,1,1,1,2,57,57,57,1,0,0,1.0,2.0,4.0,-4.0,,,,,,,,5.0,3.0,0.0,1,2.0,,1.0,725.0,288.0,2.0,2.0,,,,10815.6879,2638.565,3,2,1.0,0.0,0,0,64422,1,1.0,,,,,,2729.1647,8470.0,2300.0,-1,,,,,,,255823.0,2011,618,615,0,0,1,0,0,12.0,8.0,43.0,2011,2.0,1,8,2,8900,89001,1,23,42,0,0,3.0,2.0,,0,1,32,2.0,2,39,1,,1,1,1,2,57,57,57,1,0,0,2.0,7.0,,,,,,,,,,1.0,,,2,,,,,,,,,,,13471.3929,3370.2312,3,2,,,0,0,27819,1,1.0,,,,,,3364.377,,,-1,,,,,,,254989.0,2012,630,615,0,0,1,0,0,12.0,,1.0,,,,2012,MIS4_to_MIS8,pennsylvania,0,2011-2012,0,1,0,0,retention
626002945419780,7,2.0,1,4,2,8900,89001,1,1,23,42,0,89,3.0,2.0,,0,3,68,1.0,1,42,1,,2,1,2,1,2,57,57,57,1,0,0,1.0,1.0,,40.0,,40.0,,,,,,2.0,3.0,0.0,1,2.0,,1.0,4000.0,1600.0,2.0,2.0,,,,11171.2589,2984.0212,0,0,1.0,1.0,0,42,28114,2,,,3.0,,,,2976.1175,770.0,6730.0,-1,4.0,,,,,,255908.0,2011,618,615,0,0,0,0,0,14.0,19.0,4.0,2011,1.0,1,8,2,8900,89001,1,23,42,0,89,3.0,2.0,,0,3,69,1.0,1,40,1,,1,2,1,2,57,57,57,1,0,0,2.0,1.0,,40.0,,40.0,,,,,,2.0,3.0,0.0,1,2.0,1.0,1.0,2200.0,1000.0,1.0,,,,,12350.2435,3020.1181,0,0,0.0,0.0,0,0,13744,2,,,3.0,,,,2984.1417,770.0,,-1,4.0,,,,,,255056.0,2012,630,615,0,0,0,0,0,14.0,,1.0,6730.0,19.0,4.0,2012,MIS4_to_MIS8,pennsylvania,0,2011-2012,1,0,0,0,retention
932469210379404,7,2.0,1,4,2,8900,89001,1,1,23,42,0,0,3.0,2.0,,0,1,57,2.0,1,43,1,,1,1,1,1,2,57,57,57,1,0,0,2.0,1.0,,40.0,,50.0,,,,,,2.0,3.0,0.0,1,2.0,2.0,2.0,,875.0,2.0,2.0,,,,12107.3205,2874.6744,0,0,0.0,,0,0,48471,1,,,,2.0,,,2940.0352,7870.0,1106.0,800,,,,,,,255954.0,2011,618,615,0,0,0,0,0,16.0,3.0,40.0,2011,2.0,1,8,2,8900,89001,1,23,42,0,0,3.0,2.0,,0,1,58,2.0,1,43,1,,1,1,1,2,57,57,57,1,0,0,2.0,1.0,,34.0,4.0,10.0,,,4.0,,,4.0,4.0,0.0,1,2.0,,1.0,1500.0,510.0,2.0,2.0,,,,12076.0357,2921.9512,0,0,1.0,1.0,23,42,59014,1,,,,2.0,,,2929.0348,7880.0,,2900,,,,,,,255107.0,2012,630,615,0,0,0,0,0,16.0,,1.0,7010.0,20.0,40.0,2012,MIS4_to_MIS8,pennsylvania,0,2011-2012,0,1,0,1,retention
299720570900914,7,1.0,1,4,2,8900,89001,1,1,23,42,29540,71,,1.0,,3,3,40,1.0,1,42,1,,2,1,2,1,2,57,57,57,1,0,0,2.0,1.0,,40.0,,50.0,,,,,,2.0,3.0,0.0,1,1.0,1.0,1.0,2700.0,2884.61,1.0,,,,,12016.6703,2929.1656,0,0,0.0,1.0,0,0,5141,2,,,3.0,,,,3009.272,9470.0,3820.0,-1,,,,,,,256062.0,2011,618,615,0,0,0,0,0,14.0,12.0,51.0,2011,1.0,1,8,2,8900,89001,1,23,42,29540,71,,1.0,,3,3,41,1.0,1,42,1,,1,2,1,2,57,57,57,1,0,0,2.0,1.0,,40.0,4.0,1.0,,,4.0,,,4.0,3.0,0.0,1,1.0,1.0,1.0,3400.0,1489.79,1.0,,,,,12228.407,3034.3365,0,0,0.0,0.0,0,0,41321,2,,,3.0,,,,3047.4247,9470.0,,-1,,,,,,,255205.0,2012,630,615,0,0,0,0,0,14.0,,1.0,3820.0,12.0,51.0,2012,MIS4_to_MIS8,pennsylvania,0,2011-2012,1,0,0,0,retention
299920028230914,7,1.0,4,4,2,8900,89001,1,1,23,42,25420,43,,1.0,,4,1,60,,2,39,1,,1,1,1,7,2,57,57,57,1,0,0,1.0,1.0,,38.0,,38.0,,,,,,2.0,3.0,0.0,1,2.0,,1.0,2100.0,798.0,1.0,,,,,13235.0303,3115.4921,0,0,0.0,0.0,0,0,28033,1,1.0,,,,,,3180.4289,9370.0,5000.0,-1,,,,,,,256068.0,2011,618,615,0,0,0,0,0,12.0,17.0,51.0,2011,1.0,4,8,2,8900,89001,1,23,42,25420,43,,1.0,,4,1,60,,2,39,1,,1,1,7,2,57,57,57,1,0,0,1.0,1.0,,40.0,,40.0,,,,,,2.0,4.0,0.0,1,2.0,,1.0,3400.0,1360.0,2.0,2.0,,,,13819.7215,3511.6007,0,0,1.0,1.0,43,42,2185,1,1.0,,,,,,3526.1417,7480.0,,-1,,,,,,,255210.0,2012,630,615,0,0,0,0,0,12.0,,1.0,3420.0,10.0,36.0,2012,MIS4_to_MIS8,pennsylvania,0,2011-2012,0,1,0,1,retention
401902174897832,7,1.0,1,4,2,8900,89001,1,1,23,42,25420,43,,1.0,,4,3,28,1.0,2,44,1,,2,1,2,1,2,57,57,57,1,0,0,2.0,2.0,4.0,40.0,,,,,,,,5.0,3.0,0.0,1,2.0,2.0,2.0,,923.07,1.0,,,,,11075.4241,2723.183,0,0,0.0,,0,0,5112,2,,,,,,2.0,2794.7049,7860.0,2310.0,-1,,,,,,,256078.0,2011,618,615,0,0,0,0,0,18.0,8.0,40.0,2011,2.0,1,8,2,8900,89001,1,23,42,25420,43,,1.0,,4,3,29,1.0,2,44,1,,1,2,1,2,57,57,57,1,0,0,1.0,1.0,,40.0,1.0,25.0,,,1.0,,,3.0,3.0,0.0,1,2.0,2.0,2.0,,961.53,1.0,,,,,13480.6422,3483.0749,0,0,0.0,,0,0,30456,2,,,,,,2.0,3475.2979,7860.0,,2310,,,,,,,255221.0,2012,630,615,0,0,0,0,0,18.0,,1.0,2310.0,8.0,40.0,2012,MIS4_to_MIS8,pennsylvania,0,2011-2012,1,0,0,0,retention
450921093541199,7,2.0,1,4,2,8900,89001,1,1,23,42,11020,13,,1.0,,2,3,40,1.0,2,39,1,,2,1,2,1,2,57,57,57,1,0,0,1.0,1.0,,40.0,,40.0,,,,,,2.0,2.0,0.0,1,2.0,2.0,2.0,,701.92,2.0,2.0,,,,10184.4212,2531.4268,5,2,0.0,,0,0,59302,2,1.0,,,,,,2606.6746,7860.0,5700.0,-1,,,,,,,256087.0,2011,618,615,1,1,0,0,1,12.0,17.0,40.0,2011,2.0,4,8,2,8900,89001,1,23,42,11020,13,,1.0,,2,1,41,,2,40,1,,1,1,5,2,57,57,57,1,0,0,1.0,1.0,,40.0,,40.0,,,,,,2.0,3.0,0.0,1,2.0,2.0,2.0,,700.0,2.0,2.0,,,,13091.0163,3281.4914,5,2,0.0,,0,0,4890,2,,,3.0,,,,3298.1905,7860.0,,-1,,,,,,,255228.0,2012,630,615,1,1,0,0,1,14.0,,1.0,5700.0,17.0,40.0,2012,MIS4_to_MIS8,pennsylvania,0,2011-2012,1,0,0,0,retention
902279610089400,7,1.0,1,4,2,8900,89001,1,1,23,42,27780,21,,1.0,,2,4,19,,1,39,1,,3,1,3,7,2,57,57,57,1,0,0,2.0,1.0,,8.0,,8.0,,,20.0,,,7.0,2.0,0.0,1,2.0,1.0,1.0,700.0,200.0,2.0,2.0,1.0,1.0,2.0,13889.8838,3315.2675,0,0,1.0,1.0,0,0,17332,3,1.0,,,,,,3304.8341,7870.0,9620.0,-1,,,,,1.0,1.0,256144.0,2011,618,615,0,0,0,0,0,12.0,22.0,40.0,2011,1.0,1,8,2,8900,89001,1,23,42,27780,21,,1.0,,2,4,20,,1,39,1,,1,3,7,2,57,57,57,1,0,0,2.0,1.0,,-4.0,,45.0,,,,,,2.0,4.0,0.0,1,2.0,1.0,1.0,2130.0,788.0,2.0,2.0,1.0,1.0,2.0,17688.0357,4268.5347,0,0,1.0,1.0,0,0,16787,3,1.0,,,,,,4293.9588,7870.0,,-1,,,,,1.0,1.0,255289.0,2012,630,615,0,0,0,0,0,12.0,,1.0,7040.0,20.0,40.0,2012,MIS4_to_MIS8,pennsylvania,0,2011-2012,0,1,0,1,retention
912519010569400,7,2.0,1,4,2,8900,89001,1,1,23,42,49620,133,,1.0,,3,4,19,,1,38,1,,3,1,3,7,2,57,57,57,1,0,0,2.0,1.0,,40.0,,40.0,,,,,,2.0,3.0,0.0,1,2.0,,1.0,725.0,290.0,2.0,2.0,2.0,,,13669.4957,3262.6648,0,0,0.0,0.0,0,0,2490,3,,,,,,,3252.3969,7860.0,4220.0,-1,,,,,2.0,1.0,256147.0,2011,618,615,0,0,0,0,0,12.0,14.0,40.0,2011,1.0,1,8,2,8900,89001,1,23,42,49620,133,,1.0,,3,4,20,,1,39,1,,1,3,7,2,57,57,57,1,0,0,2.0,1.0,,40.0,,40.0,,,,,,2.0,4.0,0.0,1,2.0,,1.0,1000.0,400.0,2.0,2.0,2.0,,,17327.5187,4181.5335,0,0,0.0,0.0,0,0,61300,3,1.0,,,,,,4206.4394,8660.0,,-1,,,,,2.0,1.0,255293.0,2012,630,615,0,0,0,0,0,12.0,,1.0,5120.0,17.0,45.0,2012,MIS4_to_MIS8,pennsylvania,0,2011-2012,0,1,0,1,retention
924002794419260,7,1.0,3,4,2,8900,89002,2,2,23,42,25420,43,,1.0,,4,1,57,,1,39,1,,1,1,1,5,2,57,57,57,1,0,0,1.0,1.0,,40.0,,40.0,,,,,,2.0,3.0,0.0,1,2.0,,1.0,1650.0,660.0,1.0,,,,,12557.5228,2981.5672,10,2,0.0,0.0,0,0,64462,1,1.0,,,,,,3049.3583,9470.0,3850.0,-1,4.0,,,,,,256150.0,2011,618,615,0,0,1,1,0,12.0,12.0,51.0,2011,1.0,3,8,2,8900,89002,2,23,42,25420,43,,1.0,,4,1,58,,1,39,1,,1,1,5,2,57,57,57,1,0,0,1.0,1.0,,40.0,,40.0,,,,,,2.0,3.0,0.0,1,2.0,2.0,2.0,,290.0,2.0,2.0,,,,12246.5336,2963.2053,10,2,1.0,,0,42,55371,1,1.0,,,,,,2970.389,9470.0,,-1,4.0,,,,,,255296.0,2012,630,615,0,0,1,1,0,12.0,,1.0,3850.0,12.0,51.0,2012,MIS4_to_MIS8,pennsylvania,0,2011-2012,1,0,0,0,retention
222196139700911,8,1.0,6,4,2,8900,89001,1,1,33,17,37900,0,1.0,1.0,,3,2,68,,1,43,1,,1,0,0,5,2,57,57,57,1,0,0,1.0,1.0,,-4.0,,60.0,,,,,,2.0,2.0,0.0,1,2.0,2.0,2.0,,0.0,2.0,2.0,,,,12495.7661,3094.7084,0,0,1.0,,0,0,58927,1,,,,1.0,2.0,,3083.6391,7870.0,137.0,-1,,,,,,,275413.0,2011,619,616,0,0,0,0,0,17.0,1.0,40.0,2011,1.0,6,8,2,8900,89001,1,33,17,37900,0,1.0,1.0,,3,2,70,,1,43,1,,0,0,5,2,57,57,57,1,0,0,1.0,1.0,,40.0,,40.0,,,,,,2.0,4.0,0.0,1,2.0,2.0,2.0,,769.0,2.0,2.0,,,,9622.7321,2568.2555,0,0,1.0,,0,42,35524,1,,,,2.0,,,2522.6997,7890.0,,-1,,,,,,,274597.0,2012,631,616,0,0,0,0,0,16.0,,1.0,2340.0,8.0,40.0,2012,MIS4_to_MIS8,illinois,1,2011-2012,0,1,0,1,retention
271381032709399,8,1.0,1,4,2,8900,89001,1,1,33,17,16980,0,1.0,1.0,,7,1,65,2.0,2,43,1,,1,1,1,1,2,57,57,57,1,0,0,1.0,1.0,,40.0,,40.0,,,,,,2.0,3.0,0.0,1,2.0,2.0,2.0,,1096.0,2.0,2.0,,,,11608.612,2761.7284,0,0,1.0,,0,0,58887,1,,,,2.0,,,2734.457,7860.0,2310.0,-1,,,,,,,275415.0,2011,619,616,0,0,0,0,0,16.0,8.0,40.0,2011,2.0,1,8,2,8900,89001,1,33,17,16980,0,1.0,1.0,,7,1,65,2.0,2,43,1,,1,1,1,2,57,57,57,1,0,0,2.0,5.0,,,,,,,,,,1.0,4.0,0.0,2,,,,,,,,,,,10768.3371,2666.1476,0,0,,,0,0,4832,1,,,,2.0,,,2687.1849,7870.0,,-1,,,,,,,274599.0,2012,631,616,0,0,0,0,0,16.0,,1.0,5700.0,17.0,40.0,2012,MIS4_to_MIS8,illinois,1,2011-2012,0,1,0,1,retention
739770560960921,8,1.0,7,4,2,8900,89001,1,1,33,17,16980,0,1.0,1.0,1.0,7,2,66,,2,43,2,,1,0,0,5,2,57,57,57,1,0,0,1.0,1.0,,40.0,,40.0,,,,,,2.0,3.0,0.0,1,2.0,2.0,2.0,,1250.0,1.0,,,,,11091.8501,2469.811,0,0,0.0,,0,0,20904,1,,,,1.0,2.0,,2485.4467,7860.0,2300.0,-1,,,,,,,275540.0,2011,619,616,0,0,0,0,0,17.0,8.0,40.0,2011,1.0,7,8,2,8900,89001,1,33,17,16980,0,1.0,1.0,1.0,7,2,67,,2,43,2,,0,0,5,2,57,57,57,1,0,0,1.0,5.0,,,,,,,,,,1.0,3.0,0.0,2,,,,,,,,,,,10159.5172,2471.2666,0,0,,,0,0,45338,1,,,,2.0,,,2502.4082,7860.0,,-1,,,,,,,274709.0,2012,631,616,0,0,0,0,0,16.0,,2.0,2300.0,8.0,40.0,2012,MIS4_to_MIS8,illinois,1,2011-2012,1,0,0,0,retention
988057888129730,8,1.0,7,4,2,8900,89001,1,1,33,17,16980,0,1.0,1.0,1.0,7,2,28,,2,44,1,,1,0,0,7,2,57,128,128,1,0,0,1.0,2.0,14.0,55.0,,,,,,,,5.0,3.0,0.0,1,2.0,2.0,2.0,,1057.69,1.0,,,,,13776.7668,3373.4368,0,0,0.0,,0,0,66406,1,,,,,,3.0,3371.9717,7860.0,2310.0,-1,,,,,,,275632.0,2011,619,616,0,0,0,0,0,18.0,8.0,40.0,2011,1.0,1,8,2,8900,89001,1,33,17,16980,0,1.0,1.0,1.0,7,1,29,2.0,2,43,1,,1,1,1,2,57,128,128,1,0,0,1.0,1.0,,40.0,2.0,1.0,,,2.0,,,3.0,3.0,0.0,1,2.0,2.0,2.0,,961.53,1.0,,,,,11349.8948,2918.1427,0,0,0.0,,0,0,22455,1,,,,2.0,,,2903.3255,7860.0,,-1,,,,,,,274806.0,2012,631,616,0,0,0,0,0,16.0,,1.0,2310.0,8.0,40.0,2012,MIS4_to_MIS8,illinois,1,2011-2012,1,0,0,0,retention
192962400042797,8,1.0,6,4,2,8900,89001,1,1,33,17,16980,0,2.0,1.0,,7,14,26,,2,44,1,,2,0,0,7,2,57,57,57,1,0,0,2.0,1.0,,30.0,,30.0,,,23.0,,,7.0,3.0,0.0,1,2.0,,1.0,1435.0,430.5,2.0,2.0,,,,13510.1197,3308.1445,0,0,1.0,1.0,0,42,8780,2,,,,,,2.0,3306.7077,8570.0,4620.0,-1,,,,,,,275761.0,2011,619,616,0,0,0,0,0,18.0,15.0,44.0,2011,1.0,1,8,2,8900,89001,1,33,17,16980,0,2.0,1.0,,7,3,28,1.0,2,44,1,,1,2,1,2,57,57,57,1,0,0,2.0,2.0,4.0,40.0,,,,,,,,5.0,3.0,0.0,1,2.0,2.0,2.0,,1038.46,1.0,,,,,11085.2571,2850.1024,0,0,0.0,,0,0,8848,2,,,,,,2.0,2835.6306,7860.0,,-1,,,,,,,274970.0,2012,631,616,0,0,0,0,0,18.0,,1.0,2310.0,8.0,40.0,2012,MIS4_to_MIS8,illinois,1,2011-2012,1,0,0,0,retention
210709944710070,8,1.0,1,4,2,8900,89001,1,1,33,17,41180,163,2.0,1.0,,6,1,36,2.0,1,44,1,,1,1,1,1,2,57,57,57,1,0,0,1.0,1.0,,50.0,,50.0,,,,,,2.0,2.0,0.0,1,2.0,2.0,2.0,,1150.0,1.0,,,,,13797.9742,3393.944,8,2,0.0,,0,0,62910,1,,,,,,2.0,3392.8299,7860.0,2010.0,-1,,,,,,,275839.0,2011,619,616,0,1,1,0,1,18.0,6.0,40.0,2011,1.0,1,8,2,8900,89001,1,33,17,41180,163,2.0,1.0,,6,1,37,2.0,1,44,1,,1,1,1,2,57,57,57,1,0,0,1.0,1.0,,40.0,1.0,21.0,,,1.0,,,3.0,3.0,0.0,1,2.0,2.0,2.0,,1061.53,1.0,,,,,12136.1821,2975.9315,8,2,0.0,,0,0,35533,1,,,,,,2.0,2990.4935,7860.0,,-1,,,,,,,275031.0,2012,631,616,0,1,1,0,1,18.0,,1.0,230.0,1.0,40.0,2012,MIS4_to_MIS8,illinois,1,2011-2012,1,0,0,0,retention
210709944710070,8,1.0,1,4,2,8900,89001,1,1,33,17,41180,163,2.0,1.0,,6,3,33,1.0,2,44,1,,2,1,2,1,2,57,57,57,1,0,0,2.0,1.0,,40.0,,40.0,,,,,,2.0,2.0,0.0,1,2.0,2.0,2.0,,1050.0,2.0,2.0,,,,12033.3662,2943.0917,8,2,0.0,,0,0,62910,2,,,,,,2.0,2945.2607,7870.0,230.0,-1,,,,,,,275840.0,2011,619,616,0,1,1,0,1,18.0,1.0,40.0,2011,1.0,1,8,2,8900,89001,1,33,17,41180,163,2.0,1.0,,6,3,34,1.0,2,44,1,,1,2,1,2,57,57,57,1,0,0,2.0,1.0,,40.0,,40.0,,,,,,2.0,2.0,0.0,1,2.0,2.0,2.0,,923.07,2.0,1.0,,,,11056.7874,2834.3995,8,2,0.0,,0,0,35533,2,,,,,,2.0,2828.348,7870.0,,-1,,,,,,,275032.0,2012,631,616,0,1,1,0,1,18.0,,1.0,230.0,1.0,40.0,2012,MIS4_to_MIS8,illinois,1,2011-2012,1,0,0,0,retention
210709984815690,8,1.0,1,4,2,8900,89001,1,1,33,17,16980,0,2.0,1.0,,7,3,53,1.0,2,44,1,,2,1,2,1,2,57,57,57,1,0,0,2.0,1.0,,40.0,,40.0,,,,,,2.0,3.0,0.0,1,2.0,2.0,2.0,,1442.3,2.0,2.0,,,,11482.5227,2941.4919,0,0,0.0,,0,0,21145,2,,,,,,1.0,2916.4592,7860.0,2320.0,-1,,,,,,,275844.0,2011,619,616,0,0,0,0,0,17.0,8.0,40.0,2011,1.0,1,8,2,8900,89001,1,33,17,16980,0,2.0,1.0,,7,3,54,1.0,2,44,1,,1,2,1,2,57,57,57,1,0,0,2.0,1.0,,45.0,,45.0,,,,,,2.0,4.0,0.0,1,2.0,2.0,2.0,,653.84,1.0,,,,,10697.6408,2677.8321,0,0,0.0,,0,0,55859,2,,,,,,1.0,2675.2924,7860.0,,-1,,,,,,,275036.0,2012,631,616,0,0,0,0,0,17.0,,1.0,2320.0,8.0,40.0,2012,MIS4_to_MIS8,illinois,1,2011-2012,0,1,0,1,retention
230874094812969,8,1.0,6,4,2,8900,89001,1,1,33,17,16980,0,2.0,1.0,,7,2,36,,1,44,1,,1,0,0,7,2,57,57,57,1,0,0,1.0,1.0,,40.0,,40.0,,,,,,2.0,3.0,0.0,1,2.0,2.0,2.0,,1538.0,2.0,2.0,,,,13597.3526,3344.5963,0,0,1.0,,0,0,21273,1,,,,,,2.0,3343.4984,7860.0,230.0,-1,,,,,,,275851.0,2011,619,616,0,0,0,0,0,18.0,1.0,40.0,2011,1.0,6,8,2,8900,89001,1,33,17,16980,0,2.0,1.0,,7,2,37,,1,44,1,,0,0,7,2,57,57,57,1,0,0,1.0,1.0,,60.0,,60.0,,,,,,2.0,3.0,0.0,1,2.0,2.0,2.0,,1730.76,2.0,2.0,,,,12321.6796,3021.4177,0,0,0.0,,0,0,22830,1,,,,,,2.0,3036.2022,7860.0,,-1,,,,,,,275043.0,2012,631,616,0,0,0,0,0,18.0,,1.0,230.0,1.0,40.0,2012,MIS4_to_MIS8,illinois,1,2011-2012,1,0,0,0,retention
302904531484537,8,1.0,1,4,2,8900,89001,1,1,33,17,16980,0,2.0,1.0,,7,1,27,2.0,2,41,1,,1,1,1,1,2,116,116,116,4,0,19,1.0,3.0,,,,,9.0,,,9.0,1.0,11.0,3.0,0.0,2,,,,,,,,,,,13234.4543,3308.1445,0,0,,,0,0,62877,1,,,3.0,,,,3128.7444,7860.0,5700.0,-1,,,,,,,275864.0,2011,619,616,0,0,0,0,0,14.0,17.0,40.0,2011,1.0,1,8,2,8900,89001,1,33,17,16980,0,2.0,1.0,,7,1,28,2.0,2,41,1,,1,1,1,2,116,116,116,4,0,12,1.0,2.0,4.0,35.0,,,,,,,,5.0,3.0,0.0,1,2.0,,1.0,1000.0,350.0,2.0,2.0,,,,11085.2571,2850.1024,0,0,1.0,1.0,0,42,55816,1,,,3.0,,,,2835.6306,7860.0,,-1,,,,,,,275058.0,2012,631,616,0,0,0,0,0,14.0,,1.0,5700.0,17.0,40.0,2012,MIS4_to_MIS8,illinois,1,2011-2012,1,0,0,0,retention
450878093612847,8,1.0,4,4,2,8900,89001,1,1,33,17,16980,0,2.0,1.0,,7,1,22,,2,43,2,,1,1,1,4,2,57,57,57,1,0,0,1.0,1.0,,60.0,,60.0,,,,,,2.0,3.0,0.0,1,2.0,,1.0,1058.0,634.8,1.0,,1.0,2.0,2.0,14674.3702,3740.7198,4,3,1.0,1.0,0,42,44228,1,,,,2.0,,,3844.5549,8190.0,3255.0,-1,,,,,,,275906.0,2011,619,616,0,0,0,1,0,16.0,10.0,41.0,2011,4.0,4,8,2,8900,89001,1,33,17,16980,0,2.0,1.0,,7,1,23,,2,43,2,,1,1,4,2,57,57,57,1,0,0,2.0,1.0,,50.0,,50.0,,,,,,2.0,3.0,0.0,1,2.0,,1.0,1058.0,529.0,2.0,2.0,2.0,,,14100.0371,3522.1973,4,3,1.0,1.0,0,42,22442,1,,,,2.0,,,3466.3866,8190.0,,-1,,,,,,,275107.0,2012,631,616,0,0,0,1,0,16.0,,2.0,3255.0,10.0,41.0,2012,MIS4_to_MIS8,illinois,1,2011-2012,1,0,0,0,retention
708390133280921,8,1.0,6,4,2,8900,89001,1,1,33,17,16980,0,2.0,1.0,,7,2,40,,1,39,2,,1,0,0,7,2,57,57,57,1,0,0,1.0,1.0,,40.0,,40.0,,,,,,2.0,3.0,0.0,1,2.0,,1.0,1800.0,720.0,1.0,,,,,9992.7559,2643.2374,0,0,1.0,1.0,0,0,20894,1,1.0,,,,,,2617.7158,7860.0,8610.0,-1,,,,,,,275979.0,2011,619,616,0,0,0,0,0,12.0,21.0,40.0,2011,1.0,6,8,2,8900,89001,1,33,17,16980,0,2.0,1.0,,7,2,41,,1,39,2,,0,0,7,2,57,57,57,1,0,0,1.0,1.0,,40.0,,40.0,,,,,,2.0,3.0,0.0,1,2.0,,1.0,3550.0,1420.0,1.0,,,,,12737.0157,3289.6463,0,0,1.0,1.0,0,0,45336,1,1.0,,,,,,3219.3961,7860.0,,-1,,,,,,,275193.0,2012,631,616,0,0,0,0,0,12.0,,2.0,2310.0,8.0,40.0,2012,MIS4_to_MIS8,illinois,1,2011-2012,1,0,0,0,retention
860378094712008,8,1.0,4,4,2,8900,89001,1,1,33,17,16980,0,2.0,1.0,,7,1,61,,2,40,1,,1,1,1,7,2,57,57,57,1,0,0,1.0,1.0,,40.0,,40.0,,,,,,2.0,3.0,0.0,1,2.0,2.0,2.0,,1230.76,2.0,2.0,,,,11393.8627,3006.8465,0,0,0.0,,0,0,33706,1,,,3.0,,,,2955.1986,9370.0,5700.0,-1,,,,,,,276055.0,2011,619,616,0,0,0,0,0,14.0,17.0,51.0,2011,1.0,4,8,2,8900,89001,1,33,17,16980,0,2.0,1.0,,7,1,62,,2,40,1,,1,1,5,2,57,57,57,1,0,0,1.0,1.0,,40.0,4.0,32.0,,,4.0,,,4.0,3.0,0.0,1,2.0,1.0,1.0,3000.0,1250.0,2.0,2.0,,,,9603.9822,2536.4793,0,0,0.0,0.0,0,0,18812,1,,,3.0,,,,2558.7686,9370.0,,-1,,,,,,,275274.0,2012,631,616,0,0,0,0,0,14.0,,1.0,5700.0,17.0,51.0,2012,MIS4_to_MIS8,illinois,1,2011-2012,1,0,0,0,retention
860378094712008,8,1.0,4,4,2,8900,89001,1,1,33,17,16980,0,2.0,1.0,,7,4,23,,2,40,1,,2,1,3,7,2,57,57,57,1,0,0,2.0,1.0,,-4.0,11.0,25.0,,,11.0,,,4.0,3.0,0.0,1,2.0,,1.0,1000.0,250.0,2.0,2.0,1.0,1.0,2.0,12419.1655,3152.4652,0,0,0.0,0.0,0,0,33706,2,,,3.0,,,,3131.5276,6770.0,2440.0,-1,,,,,1.0,,276056.0,2011,619,616,0,0,0,0,0,14.0,8.0,31.0,2011,1.0,4,8,2,8900,89001,1,33,17,16980,0,2.0,1.0,,7,4,24,,2,43,1,,1,3,7,2,57,57,57,1,0,0,2.0,1.0,,40.0,,38.0,,,,,,2.0,4.0,0.0,1,2.0,1.0,1.0,1250.0,519.23,2.0,2.0,2.0,,,11392.9803,2867.5093,0,0,0.0,1.0,0,0,18812,2,,,,2.0,,,2791.0577,7270.0,,-1,,,,,1.0,,275275.0,2012,631,616,0,0,0,0,0,16.0,,1.0,5700.0,17.0,36.0,2012,MIS4_to_MIS8,illinois,1,2011-2012,0,1,0,1,retention
867089020129101,8,2.0,1,4,2,8900,89001,1,1,33,17,16980,0,2.0,1.0,,7,3,31,1.0,1,40,1,,2,1,2,1,2,57,57,57,1,0,0,1.0,1.0,,-4.0,,48.0,,,,,,2.0,3.0,0.0,1,2.0,2.0,1.0,1750.0,840.0,2.0,1.0,,,,15169.8153,3758.1867,1,1,1.0,1.0,0,42,62896,2,,,3.0,,,,3739.5827,9470.0,3400.0,-1,,,,,,,276065.0,2011,619,616,1,0,0,0,1,14.0,10.0,51.0,2011,2.0,1,8,2,8900,89001,1,33,17,16980,0,2.0,1.0,,7,3,33,1.0,1,44,1,,1,2,1,2,57,57,57,1,0,0,1.0,1.0,,40.0,,48.0,,,,,,2.0,3.0,0.0,1,2.0,,1.0,1573.0,629.2,1.0,,,,,10765.6013,2670.9473,1,1,1.0,1.0,0,42,22646,2,,,,,,2.0,2685.2143,9470.0,,-1,,,,,,,275280.0,2012,631,616,1,0,0,0,1,18.0,,1.0,3740.0,12.0,51.0,2012,MIS4_to_MIS8,illinois,1,2011-2012,1,0,0,0,retention
877069520509109,8,1.0,6,4,2,8900,89001,1,1,33,17,16980,0,2.0,1.0,,7,2,59,,1,40,1,,1,0,0,4,2,57,57,57,1,0,0,1.0,1.0,,45.0,,55.0,,,,,,2.0,3.0,0.0,1,1.0,1.0,1.0,1900.0,1923.07,2.0,2.0,,,,12805.1662,3091.8456,0,0,0.0,1.0,0,0,44349,1,,,2.0,,,,3068.6117,670.0,7000.0,-1,,,,,,,276077.0,2011,619,616,0,0,0,0,0,13.0,20.0,24.0,2011,1.0,6,8,2,8900,89001,1,33,17,16980,0,2.0,1.0,,7,2,61,,1,40,1,,0,0,4,2,57,57,57,1,0,0,1.0,5.0,,,,,,,,,,1.0,4.0,0.0,2,,,,,,,,,,,11224.5549,2752.52,0,0,,,0,0,35458,1,,,2.0,,,,2775.7251,590.0,,-1,,,,,,,275298.0,2012,631,616,0,0,0,0,0,13.0,,1.0,7000.0,20.0,24.0,2012,MIS4_to_MIS8,illinois,1,2011-2012,0,1,0,1,retention
933027081128930,8,1.0,3,4,2,8900,89001,1,1,33,17,16980,0,2.0,1.0,,7,1,25,,1,43,2,,1,1,1,7,2,57,57,57,1,0,0,1.0,1.0,,25.0,,25.0,,,22.0,,,7.0,3.0,0.0,1,2.0,,1.0,1300.0,325.0,2.0,2.0,,,,17432.8973,4140.4034,0,0,1.0,1.0,0,0,20893,1,,,,2.0,,,4330.0154,9390.0,7420.0,-1,,,,,,,276100.0,2011,619,616,0,0,0,0,0,16.0,20.0,51.0,2011,1.0,3,8,2,8900,89001,1,33,17,16980,0,2.0,1.0,,7,1,26,,1,43,2,,1,1,7,2,57,57,57,1,0,0,1.0,1.0,,25.0,,25.0,,,20.0,,,7.0,3.0,0.0,1,2.0,,1.0,1200.0,300.0,2.0,2.0,,,,17106.8309,4188.4341,0,0,0.0,0.0,0,0,45335,1,,,,2.0,,,4253.5176,9390.0,,-1,,,,,,,275315.0,2012,631,616,0,0,0,0,0,16.0,,2.0,1550.0,4.0,51.0,2012,MIS4_to_MIS8,illinois,1,2011-2012,1,0,0,0,retention
935037344127350,8,1.0,6,4,2,8900,89001,1,1,33,17,16980,0,2.0,1.0,,7,2,54,,1,35,1,1.0,1,0,0,3,2,57,303,303,1,0,0,1.0,4.0,,,,,,,,12.0,2.0,11.0,3.0,0.0,2,,,,,,,,,,,12877.6303,3290.7445,0,0,,,0,0,33698,1,,,,,,,3166.353,7860.0,4220.0,-1,,,,,,,276105.0,2011,619,616,0,0,0,0,0,9.0,14.0,40.0,2011,3.0,1,8,2,8900,89001,1,33,17,16980,0,2.0,1.0,,7,1,55,3.0,1,35,1,1.0,1,1,1,2,57,303,303,1,0,0,1.0,1.0,,40.0,,40.0,,,,,,2.0,3.0,0.0,1,2.0,,1.0,800.0,320.0,2.0,2.0,,,,12167.0592,3136.6596,0,0,0.0,0.0,0,0,18808,1,,,,,,,3080.9311,7860.0,,-1,,,,,,,275324.0,2012,631,616,0,0,0,0,0,9.0,,1.0,4220.0,14.0,40.0,2012,MIS4_to_MIS8,illinois,1,2011-2012,1,0,0,0,retention
967849320786105,8,2.0,1,4,2,8900,89001,1,1,33,17,41180,0,2.0,1.0,,6,1,49,2.0,1,41,1,,1,1,1,1,2,57,57,57,1,0,0,2.0,1.0,,42.0,,42.0,,,,,,2.0,3.0,0.0,1,2.0,1.0,1.0,2100.0,880.5,1.0,,,,,13820.0698,3514.9578,4,2,0.0,0.0,0,0,4836,1,,,3.0,,,,3488.1655,9470.0,3850.0,-1,,,,,,,276122.0,2011,619,616,0,0,0,1,0,14.0,12.0,51.0,2011,2.0,1,8,2,8900,89001,1,33,17,41180,0,2.0,1.0,,6,1,50,2.0,1,41,1,,1,1,1,2,57,57,57,1,0,0,2.0,1.0,,42.0,,42.0,,,,,,2.0,3.0,0.0,1,2.0,1.0,1.0,2097.0,1006.5,1.0,,,,,11230.7078,2760.1827,4,1,0.0,0.0,0,0,4860,1,,,3.0,,,,2773.369,9470.0,,-1,,,,,,,275353.0,2012,631,616,0,0,0,1,0,14.0,,1.0,3850.0,12.0,51.0,2012,MIS4_to_MIS8,illinois,1,2011-2012,1,0,0,0,retention
2201270698698,8,1.0,1,4,2,8900,89001,1,1,33,17,0,0,3.0,2.0,,0,3,51,1.0,2,39,1,,2,1,2,1,2,57,57,57,1,0,0,2.0,2.0,4.0,40.0,,,,,,,,5.0,2.0,0.0,1,2.0,2.0,2.0,,1538.0,1.0,,,,,11659.3326,2986.7855,0,0,1.0,,0,42,68164,2,1.0,,,,,,2961.3673,7860.0,4610.0,-1,,,,,,,276141.0,2011,619,616,0,0,0,0,0,12.0,15.0,40.0,2011,1.0,1,8,2,8900,89001,1,33,17,0,0,3.0,2.0,,0,3,52,1.0,2,39,1,,1,2,1,2,57,57,57,1,0,0,2.0,1.0,,40.0,,40.0,,,,,,2.0,2.0,0.0,1,1.0,2.0,2.0,,350.0,1.0,,,,,10384.3206,2599.4018,0,0,1.0,,0,0,22765,2,1.0,,,,,,2596.9365,7860.0,,-1,,,,,,,275385.0,2012,631,616,0,0,0,0,0,12.0,,1.0,4610.0,15.0,40.0,2012,MIS4_to_MIS8,illinois,1,2011-2012,1,0,0,0,retention
160962802002789,8,1.0,7,4,2,8900,89001,1,1,33,17,0,0,3.0,2.0,,0,2,50,,2,43,1,,1,0,0,7,2,57,57,57,1,0,0,1.0,1.0,,40.0,,40.0,,,,,,2.0,2.0,0.0,1,2.0,1.0,1.0,900.0,1442.3,1.0,,,,,11659.3326,2986.7855,0,0,0.0,1.0,0,0,33917,1,,,,1.0,2.0,,2961.3673,9480.0,8610.0,-1,3.0,,,,,,276155.0,2011,619,616,0,0,0,0,0,17.0,21.0,51.0,2011,1.0,7,8,2,8900,89001,1,33,17,0,0,3.0,2.0,,0,2,51,,2,43,1,,0,0,7,2,57,57,57,1,0,0,1.0,2.0,5.0,40.0,,,,,,,,5.0,2.0,0.0,1,2.0,,1.0,4100.0,1640.0,1.0,,,,,10384.3206,2599.4018,0,0,0.0,0.0,0,0,52592,1,,,,1.0,1.0,,2596.9365,9480.0,,-1,3.0,,,,,,275399.0,2012,631,616,0,0,0,0,0,18.0,,1.0,1460.0,4.0,51.0,2012,MIS4_to_MIS8,illinois,1,2011-2012,1,0,0,0,retention
193972504039799,8,1.0,3,4,2,8900,89001,1,1,33,17,19500,115,,1.0,,2,1,53,,1,39,1,,1,1,1,5,2,57,57,57,1,0,0,1.0,1.0,,40.0,,40.0,,,,,,2.0,2.0,0.0,1,2.0,,1.0,1600.0,640.0,1.0,,,,,12624.7371,3193.0356,0,0,1.0,1.0,0,0,33902,1,2.0,6.0,,,,,3186.4653,770.0,6730.0,-1,,,,,,,276259.0,2011,619,616,0,0,0,0,0,10.0,19.0,4.0,2011,1.0,6,8,2,8900,89001,1,33,17,19500,115,,1.0,,2,2,54,,1,39,1,,0,0,5,2,57,57,57,1,0,0,1.0,1.0,,40.0,,40.0,,,,,,2.0,2.0,0.0,1,2.0,,1.0,1600.0,640.0,2.0,2.0,,,,11577.2105,2845.3431,0,0,1.0,1.0,0,42,52588,1,2.0,6.0,,,,,2858.9362,770.0,,-1,,,,,,,275514.0,2012,631,616,0,0,0,0,0,10.0,,1.0,6730.0,19.0,4.0,2012,MIS4_to_MIS8,illinois,1,2011-2012,1,0,0,0,retention
210709958076593,8,1.0,4,4,2,8900,89001,1,1,33,17,14060,113,,1.0,,2,1,51,,2,42,1,,1,1,1,5,2,57,57,57,1,0,0,1.0,1.0,,6.0,,6.0,,,14.0,,,6.0,3.0,0.0,1,2.0,,1.0,1050.0,63.0,2.0,2.0,,,,11312.1269,2897.8413,0,0,1.0,1.0,0,42,21184,1,,,3.0,,,,2873.1802,7860.0,4600.0,-1,,,,,,,276279.0,2011,619,616,0,0,0,0,0,14.0,15.0,40.0,2011,1.0,4,8,2,8900,89001,1,33,17,14060,113,,1.0,,2,1,53,,2,42,1,,1,1,5,2,57,57,57,1,0,0,1.0,1.0,,2.0,,2.0,,,15.0,,,6.0,2.0,0.0,1,2.0,1.0,1.0,1000.0,150.0,2.0,2.0,,,,10861.6795,2718.8943,0,0,1.0,1.0,0,0,8944,1,,,3.0,,,,2716.3156,7860.0,,-1,,,,,,,275533.0,2012,631,616,0,0,0,0,0,14.0,,1.0,4600.0,15.0,40.0,2012,MIS4_to_MIS8,illinois,1,2011-2012,1,0,0,0,retention
210709979864095,8,1.0,7,4,2,8900,89001,1,1,33,17,44100,0,,1.0,,2,2,54,,2,44,1,,1,0,0,7,2,57,57,57,1,0,0,1.0,1.0,,38.0,5.0,34.0,,,5.0,,,4.0,2.0,0.0,1,2.0,2.0,2.0,,1750.0,1.0,,,,,11182.4642,2864.6255,0,0,0.0,,0,0,4845,1,,,,,,2.0,2840.247,9480.0,150.0,-1,,,,,,,276281.0,2011,619,616,0,0,0,0,0,18.0,1.0,51.0,2011,1.0,7,8,2,8900,89001,1,33,17,44100,0,,1.0,,2,2,55,,2,45,1,,0,0,7,2,57,57,57,1,0,0,1.0,1.0,,38.0,,38.0,,,,,,2.0,2.0,0.0,1,2.0,2.0,2.0,,1884.61,1.0,,,,,11855.9652,2946.3434,0,0,0.0,,0,0,4871,1,,,,,,,2926.2673,9480.0,,-1,,,,,,,275535.0,2012,631,616,0,0,0,0,0,18.0,,1.0,430.0,1.0,51.0,2012,MIS4_to_MIS8,illinois,1,2011-2012,1,0,0,0,retention
210709979864095,8,1.0,7,4,2,8900,89001,1,1,33,17,44100,0,,1.0,,2,14,66,,2,46,1,,2,0,0,7,2,57,57,57,1,0,0,2.0,1.0,,80.0,,80.0,,,,,,2.0,2.0,0.0,1,2.0,2.0,2.0,,1211.53,2.0,2.0,,,,11086.4471,2637.5036,0,0,0.0,,0,0,4845,2,,,,,,,2611.4588,7870.0,2200.0,410,,,,,,,276282.0,2011,619,616,0,0,0,0,0,18.0,8.0,40.0,2011,1.0,7,8,2,8900,89001,1,33,17,44100,0,,1.0,,2,14,67,,2,46,1,,0,0,7,2,57,57,57,1,0,0,2.0,1.0,,60.0,,70.0,,,,,,2.0,2.0,0.0,1,2.0,2.0,2.0,,1916.66,2.0,2.0,,,,10231.2694,2613.6074,0,0,0.0,,0,0,4871,2,,,,,,,2529.5609,7870.0,,2100,,,,,,,275536.0,2012,631,616,0,0,0,0,0,18.0,,1.0,2200.0,8.0,40.0,2012,MIS4_to_MIS8,illinois,1,2011-2012,1,0,0,0,retention
502907171996967,8,2.0,1,4,2,8900,89001,1,1,33,17,16580,0,,1.0,,2,1,52,2.0,1,39,1,,1,1,1,1,2,57,57,57,1,0,0,2.0,1.0,,50.0,,68.0,,,,,,2.0,2.0,0.0,1,1.0,,1.0,1350.0,1290.0,1.0,,,,,12624.7371,3193.0356,0,0,1.0,1.0,0,0,20848,1,2.0,7.0,,,,,3186.4653,7870.0,6420.0,-1,,,,,,,276308.0,2011,619,616,0,0,0,0,0,11.0,19.0,40.0,2011,2.0,1,8,2,8900,89001,1,33,17,16580,0,,1.0,,2,1,53,2.0,1,39,1,,1,1,1,2,57,57,57,1,0,0,2.0,1.0,,50.0,,48.0,,,,,,2.0,2.0,0.0,1,1.0,,1.0,2500.0,1300.0,1.0,,,,,11577.2105,2845.3431,0,0,0.0,0.0,0,0,22383,1,2.0,7.0,,,,,2858.9362,7870.0,,-1,,,,,,,275560.0,2012,631,616,0,0,0,0,0,11.0,,1.0,6420.0,19.0,40.0,2012,MIS4_to_MIS8,illinois,1,2011-2012,1,0,0,0,retention
502907171996967,8,2.0,1,4,2,8900,89001,1,1,33,17,16580,0,,1.0,,2,3,50,1.0,2,43,1,,2,1,2,1,2,57,57,57,1,0,0,1.0,1.0,,50.0,4.0,25.0,,,4.0,,,4.0,3.0,0.0,1,2.0,2.0,2.0,,767.3,1.0,,,,,11312.1269,2897.8413,0,0,0.0,,0,0,20848,2,,,,1.0,2.0,,2873.1802,7860.0,2310.0,-1,,,,,,,276309.0,2011,619,616,0,0,0,0,0,17.0,8.0,40.0,2011,2.0,1,8,2,8900,89001,1,33,17,16580,0,,1.0,,2,3,51,1.0,2,43,1,,1,2,1,2,57,57,57,1,0,0,1.0,1.0,,50.0,,40.0,,,,,,2.0,3.0,0.0,1,2.0,2.0,2.0,,769.23,1.0,,,,,10861.6795,2718.8943,0,0,0.0,,0,0,22383,2,,,,2.0,,,2716.3156,7860.0,,-1,,,,,,,275561.0,2012,631,616,0,0,0,0,0,16.0,,1.0,2310.0,8.0,40.0,2012,MIS4_to_MIS8,illinois,1,2011-2012,1,0,0,0,retention
191912607055859,8,1.0,1,4,2,8900,89001,1,1,32,18,26900,0,1.0,1.0,,5,1,60,2.0,2,45,1,,1,1,1,1,2,57,57,57,1,0,0,2.0,1.0,,40.0,,40.0,,,,,,2.0,2.0,0.0,1,2.0,,1.0,3800.0,1520.0,1.0,,,,,10713.0335,2843.5635,0,0,1.0,1.0,0,0,44517,1,,,,,,,2778.6136,7870.0,2200.0,-1,4.0,,,,,,276379.0,2011,619,616,0,0,0,0,0,18.0,8.0,40.0,2011,2.0,1,8,2,8900,89001,1,32,18,26900,0,1.0,1.0,,5,1,61,2.0,2,46,1,,1,1,1,2,57,57,57,1,0,0,2.0,1.0,,45.0,,40.0,,,,,,2.0,4.0,0.0,1,2.0,2.0,2.0,,2115.0,2.0,2.0,,,,10762.0979,2871.6854,0,0,1.0,,0,42,22987,1,,,,,,,2867.3229,7870.0,,-1,4.0,,,,,,275630.0,2012,631,616,0,0,0,0,0,18.0,,1.0,230.0,1.0,40.0,2012,MIS4_to_MIS8,indiana,0,2011-2012,0,1,0,1,retention
2909901998658,8,1.0,1,4,2,8900,89001,1,1,32,18,26900,81,2.0,1.0,,5,3,36,1.0,2,43,1,,2,1,2,1,2,57,57,57,1,0,0,2.0,1.0,,40.0,,40.0,,,,,,2.0,3.0,0.0,1,2.0,,1.0,1300.0,520.0,2.0,2.0,,,,14975.8356,3788.875,0,0,0.0,0.0,0,0,55353,2,,,,2.0,,,3782.0097,9480.0,5250.0,-1,,,,,,,276466.0,2011,619,616,0,0,0,0,0,16.0,17.0,51.0,2011,1.0,1,8,2,8900,89001,1,32,18,26900,81,2.0,1.0,,5,3,37,1.0,2,43,1,,1,2,1,2,57,57,57,1,0,0,2.0,1.0,,40.0,,40.0,,,,,,2.0,2.0,0.0,1,2.0,,1.0,1600.0,640.0,2.0,2.0,,,,13147.0553,3322.1131,0,0,0.0,0.0,0,0,22948,2,,,,2.0,,,3272.0429,9480.0,,-1,,,,,,,275730.0,2012,631,616,0,0,0,0,0,16.0,,1.0,5250.0,17.0,51.0,2012,MIS4_to_MIS8,indiana,0,2011-2012,1,0,0,0,retention
128199679800978,8,1.0,6,4,2,8900,89001,1,1,32,18,31140,0,2.0,1.0,,5,14,21,,2,40,1,,2,0,0,7,2,57,57,57,1,0,0,2.0,1.0,,30.0,,30.0,,,20.0,,,7.0,3.0,0.0,1,2.0,,1.0,950.0,285.0,2.0,2.0,1.0,1.0,2.0,15966.9617,4076.5273,0,0,0.0,0.0,0,0,709,2,,,3.0,,,,4026.1144,8190.0,3320.0,-1,,,,,,,276501.0,2011,619,616,0,0,0,0,0,14.0,10.0,41.0,2011,1.0,6,8,2,8900,89001,1,32,18,31140,0,2.0,1.0,,5,14,22,,2,40,1,,0,0,7,2,57,57,57,1,0,0,2.0,1.0,,40.0,,40.0,,,,,,2.0,4.0,0.0,1,2.0,,1.0,1000.0,400.0,2.0,2.0,1.0,1.0,2.0,14038.7118,3569.8888,0,0,0.0,0.0,0,0,804,2,,,3.0,,,,3439.2102,7970.0,,-1,,,,,,,275760.0,2012,631,616,0,0,0,0,0,14.0,,1.0,3060.0,10.0,42.0,2012,MIS4_to_MIS8,indiana,0,2011-2012,0,1,0,1,retention
198902504039889,8,1.0,4,4,2,8900,89001,1,1,32,18,43780,141,2.0,1.0,,3,1,44,,2,43,1,,1,1,1,4,2,57,57,57,1,0,0,1.0,2.0,4.0,-4.0,,,,,,,,10.0,3.0,0.0,1,2.0,2.0,2.0,,903.0,2.0,2.0,,,,14656.6026,3719.3824,10,2,1.0,,0,42,34143,1,,,,2.0,,,3701.3903,7860.0,2310.0,-1,,,,,,,276530.0,2011,619,616,0,0,1,1,0,16.0,8.0,40.0,2011,1.0,4,8,2,8900,89001,1,32,18,43780,141,2.0,1.0,,3,1,45,,2,43,1,,1,1,4,2,57,57,57,1,0,0,1.0,1.0,,10.0,,10.0,,,18.0,,,7.0,4.0,0.0,1,2.0,2.0,2.0,,600.0,2.0,2.0,,,,11748.7753,2975.6566,4,2,1.0,,0,42,35719,1,,,,2.0,,,2938.1627,7280.0,,-1,,,,,,,275794.0,2012,631,616,0,0,0,1,0,16.0,,1.0,800.0,2.0,36.0,2012,MIS4_to_MIS8,indiana,0,2011-2012,0,1,0,1,retention
529190489800938,8,3.0,4,4,2,8900,89001,1,1,32,18,43780,141,2.0,1.0,,3,6,47,3.0,2,43,1,,2,2,1,1,2,57,57,57,1,0,0,2.0,2.0,4.0,40.0,,,,,,,,5.0,2.0,0.0,1,2.0,2.0,2.0,,634.0,1.0,,,,,10782.816,2776.8855,3,2,1.0,,0,0,21480,2,,,,1.0,1.0,,2738.7399,7860.0,230.0,-1,,,,,,,276580.0,2011,619,616,0,0,1,0,0,18.0,1.0,40.0,2011,3.0,1,8,2,8900,89001,1,32,18,43780,141,2.0,1.0,,3,1,48,3.0,2,43,1,,1,1,1,2,57,57,57,1,0,0,2.0,2.0,4.0,40.0,,,,,,,,5.0,2.0,0.0,1,2.0,2.0,2.0,,2884.61,1.0,,,,,11748.7753,2975.6566,3,2,0.0,,0,0,35718,2,,,,1.0,1.0,,2938.1627,7860.0,,-1,,,,,,,275851.0,2012,631,616,0,0,1,0,0,18.0,,1.0,5940.0,17.0,40.0,2012,MIS4_to_MIS8,indiana,0,2011-2012,1,0,0,0,retention
936028532129940,8,2.0,1,4,2,8900,89001,1,1,32,18,26900,0,2.0,1.0,,5,1,31,2.0,2,40,1,,1,1,1,1,2,57,57,57,1,0,0,2.0,4.0,,,,,,,,21.0,2.0,11.0,3.0,0.0,2,,,,,,,,,,,15629.1581,3750.4457,3,4,,,0,0,21414,1,,,3.0,,,,3694.874,9480.0,5250.0,-1,,,,,,,276654.0,2011,619,616,0,0,1,0,0,14.0,17.0,51.0,2011,2.0,1,8,2,8900,89001,1,32,18,26900,0,2.0,1.0,,5,1,32,2.0,2,40,1,,1,1,1,2,57,57,57,1,0,0,2.0,1.0,,20.0,,4.0,,,18.0,,,7.0,4.0,0.0,1,2.0,1.0,1.0,725.0,150.0,2.0,2.0,,,,13832.6917,3582.6035,3,4,0.0,0.0,0,0,4907,1,,,3.0,,,,3538.4298,5490.0,,-1,,,,,,,275916.0,2012,631,616,0,0,1,0,0,14.0,,1.0,4720.0,16.0,22.0,2012,MIS4_to_MIS8,indiana,0,2011-2012,0,1,0,1,retention
197902707027839,8,1.0,1,4,2,8900,89001,1,1,32,18,0,0,3.0,2.0,,0,3,43,1.0,1,39,1,,2,1,2,1,2,57,57,57,1,0,0,2.0,1.0,,37.0,4.0,25.0,,,4.0,,,4.0,3.0,0.0,1,2.0,,1.0,1701.0,646.38,2.0,2.0,,,,14678.8443,3659.6908,10,5,0.0,0.0,0,0,4861,2,1.0,,,,,,3609.43,9470.0,3800.0,-1,,,,,,,276717.0,2011,619,616,0,0,1,1,0,12.0,12.0,51.0,2011,1.0,1,8,2,8900,89001,1,32,18,0,0,3.0,2.0,,0,3,44,1.0,1,39,1,,1,2,1,2,57,57,57,1,0,0,2.0,1.0,,48.0,4.0,12.0,,,4.0,,,4.0,3.0,0.0,1,1.0,,1.0,1800.0,936.0,2.0,2.0,,,,13497.0404,3369.6003,10,5,0.0,0.0,0,0,18842,2,1.0,,,,,,3325.8245,9470.0,,-1,,,,,,,275972.0,2012,631,616,0,0,1,1,0,12.0,,1.0,3700.0,12.0,51.0,2012,MIS4_to_MIS8,indiana,0,2011-2012,1,0,0,0,retention
210809984019297,8,1.0,7,4,2,8900,89001,1,1,32,18,0,0,3.0,2.0,,0,2,66,,2,40,1,,1,0,0,5,2,57,57,57,1,0,0,1.0,1.0,,30.0,,30.0,,,22.0,,,7.0,2.0,0.0,1,2.0,2.0,2.0,,180.0,2.0,2.0,,,,10017.4196,2396.9928,0,0,1.0,,0,42,34173,1,,,3.0,,,,2359.645,8190.0,3600.0,-1,,,,,,,276750.0,2011,619,616,0,0,0,0,0,14.0,11.0,41.0,2011,1.0,7,8,2,8900,89001,1,32,18,0,0,3.0,2.0,,0,2,67,,2,40,1,,0,0,5,2,57,57,57,1,0,0,1.0,5.0,,,,,,,,,,1.0,2.0,0.0,2,,,,,,,,,,,11292.1077,2749.1554,0,0,,,0,0,9141,1,,,3.0,,,,2817.8892,8190.0,,-1,,,,,,,276001.0,2012,631,616,0,0,0,0,0,14.0,,1.0,3600.0,11.0,41.0,2012,MIS4_to_MIS8,indiana,0,2011-2012,1,0,0,0,retention
424192849800948,8,2.0,1,4,2,8900,89001,1,1,32,18,0,0,3.0,2.0,,0,3,39,1.0,1,43,1,,2,1,2,1,2,57,57,57,1,0,0,2.0,1.0,,40.0,,40.0,,,,,,2.0,3.0,0.0,1,2.0,,1.0,1300.0,520.0,2.0,2.0,,,,14332.1713,3545.7778,0,0,0.0,0.0,0,0,66496,2,,,,2.0,,,3524.1854,770.0,9130.0,-1,1.0,,,,,,276789.0,2011,619,616,0,0,0,0,0,16.0,22.0,4.0,2011,2.0,1,8,2,8900,89001,1,32,18,0,0,3.0,2.0,,0,3,41,1.0,1,42,1,,1,2,1,2,57,57,57,1,0,0,2.0,1.0,,40.0,,40.0,,,,,,2.0,3.0,0.0,1,2.0,,1.0,1925.0,770.0,2.0,2.0,,,,13497.0404,3369.6003,0,0,1.0,1.0,0,42,9151,2,,,2.0,,,,3325.8245,770.0,,-1,1.0,,,,,,276028.0,2012,631,616,0,0,0,0,0,13.0,,1.0,7220.0,20.0,4.0,2012,MIS4_to_MIS8,indiana,0,2011-2012,1,0,0,0,retention
2905551991398,8,1.0,1,4,2,8900,89001,1,1,32,18,33140,91,,1.0,,2,1,28,2.0,2,44,1,,1,1,1,1,2,57,57,57,1,0,0,1.0,2.0,4.0,40.0,,,,,,,,5.0,3.0,0.0,1,2.0,2.0,2.0,,750.0,1.0,,,,,17397.1829,4284.6405,0,0,0.0,,0,0,51833,1,,,,,,3.0,4258.0969,7860.0,2310.0,-1,,,,,,,276836.0,2011,619,616,0,0,0,0,0,18.0,8.0,40.0,2011,2.0,1,8,2,8900,89001,1,32,18,33140,91,,1.0,,2,1,29,2.0,2,44,1,,1,1,1,2,57,57,57,1,0,0,2.0,1.0,,50.0,,50.0,,,,,,2.0,3.0,0.0,1,2.0,2.0,2.0,,1346.15,2.0,1.0,,,,13681.2426,3553.8588,0,0,0.0,,0,0,45571,1,,,,,,3.0,3499.6888,7860.0,,-1,,,,,,,276080.0,2012,631,616,0,0,0,0,0,18.0,,1.0,230.0,1.0,40.0,2012,MIS4_to_MIS8,indiana,0,2011-2012,1,0,0,0,retention
2905551991398,8,1.0,1,4,2,8900,89001,1,1,32,18,33140,91,,1.0,,2,3,29,1.0,1,39,1,,2,1,2,1,2,57,57,57,1,0,0,2.0,1.0,,40.0,,40.0,,,,,,2.0,3.0,0.0,1,2.0,2.0,2.0,,846.15,2.0,2.0,,,,15909.7651,3990.984,0,0,0.0,,0,0,51833,2,1.0,,,,,,3921.9912,9370.0,7000.0,-1,,,,,,,276837.0,2011,619,616,0,0,0,0,0,12.0,20.0,51.0,2011,2.0,1,8,2,8900,89001,1,32,18,33140,91,,1.0,,2,3,30,1.0,1,39,1,,1,2,1,2,57,57,57,1,0,0,1.0,1.0,,40.0,,40.0,,,,,,2.0,3.0,0.0,1,2.0,2.0,2.0,,875.0,2.0,2.0,,,,12537.6537,3142.7023,0,0,0.0,,0,0,45571,2,1.0,,,,,,3127.2091,8570.0,,-1,,,,,,,276081.0,2012,631,616,0,0,0,0,0,12.0,,1.0,7000.0,20.0,44.0,2012,MIS4_to_MIS8,indiana,0,2011-2012,1,0,0,0,retention
199952305010859,8,2.0,1,4,2,8900,89001,1,1,32,18,33140,91,,1.0,,2,1,53,2.0,1,39,1,,1,1,1,1,2,57,57,57,1,0,0,2.0,1.0,,40.0,,40.0,,,,,,2.0,3.0,0.0,1,2.0,,1.0,1500.0,600.0,2.0,2.0,,,,10629.6713,2704.0296,3,1,0.0,0.0,0,0,58956,1,1.0,,,,,,2682.9135,670.0,1965.0,-1,,,,,,,276858.0,2011,619,616,0,0,1,0,0,12.0,5.0,24.0,2011,2.0,1,8,2,8900,89001,1,32,18,33140,91,,1.0,,2,1,55,2.0,1,39,1,,1,1,1,2,57,57,57,1,0,0,2.0,1.0,,40.0,,40.0,,,,,,2.0,3.0,0.0,1,2.0,,1.0,2700.0,1080.0,2.0,2.0,,,,12103.6028,3112.6187,4,1,1.0,1.0,0,42,52673,1,1.0,,,,,,3064.8628,680.0,,-1,,,,,,,276101.0,2012,631,616,0,0,0,1,0,12.0,,1.0,8620.0,21.0,24.0,2012,MIS4_to_MIS8,indiana,0,2011-2012,1,0,0,0,retention
102900033997106,8,1.0,4,4,2,8900,89001,1,1,21,36,35620,5,1.0,1.0,,7,1,64,,2,40,1,,1,1,1,4,2,57,57,57,1,0,0,1.0,1.0,,40.0,,40.0,,,,,,2.0,3.0,0.0,1,2.0,,1.0,1080.0,432.0,1.0,,,,,13957.8827,3634.8389,0,0,1.0,1.0,0,42,61581,1,,,3.0,,,,3620.2222,7860.0,2540.0,-1,,,,,,,287862.0,2011,619,616,0,0,0,0,0,14.0,8.0,40.0,2011,1.0,4,8,2,8900,89001,1,21,36,35620,5,1.0,1.0,,7,1,65,,2,40,1,,1,1,4,2,57,57,57,1,0,0,1.0,1.0,,40.0,,40.0,,,,,,2.0,3.0,0.0,1,2.0,,1.0,1562.0,624.8,1.0,,,,,15395.855,3977.571,0,0,1.0,1.0,0,42,49765,1,,,3.0,,,,3806.4439,7860.0,,-1,,,,,,,287091.0,2012,631,616,0,0,0,0,0,14.0,,1.0,2310.0,8.0,40.0,2012,MIS4_to_MIS8,new_york,0,2011-2012,1,0,0,0,retention
186350220440307,8,1.0,1,4,2,8900,89001,1,1,21,36,35620,61,1.0,1.0,,7,1,51,2.0,1,43,2,,1,1,1,1,2,57,57,57,1,0,0,1.0,1.0,,50.0,,50.0,,,,,,2.0,3.0,0.0,1,2.0,2.0,2.0,,2884.61,1.0,,,,,11803.3608,3076.3813,10,2,1.0,,0,42,68756,1,,,,2.0,,,3040.7021,6180.0,5410.0,-1,,,,,,,287887.0,2011,619,616,0,0,1,1,0,16.0,17.0,23.0,2011,2.0,1,8,2,8900,89001,1,21,36,35620,61,1.0,1.0,,7,1,52,2.0,1,38,2,,1,1,1,2,57,57,57,1,0,0,2.0,1.0,,40.0,,40.0,,,,,,2.0,3.0,0.0,1,2.0,,1.0,1000.0,400.0,1.0,,,,,13678.4941,3324.1619,7,2,1.0,1.0,0,42,41774,1,,,,,,,3290.4772,6180.0,,-1,,,,,,,287121.0,2012,631,616,1,0,0,1,1,12.0,,2.0,5410.0,17.0,23.0,2012,MIS4_to_MIS8,new_york,0,2011-2012,1,0,0,0,retention
230609944150994,8,1.0,7,4,0,8900,89002,2,2,21,36,45060,67,1.0,1.0,,4,2,26,,2,40,1,,1,0,0,7,2,57,57,57,1,0,0,1.0,1.0,,40.0,,36.0,,,,,,2.0,3.0,0.0,1,2.0,2.0,2.0,,600.0,1.0,,,,,14825.4272,3657.7485,0,0,0.0,,0,0,14377,1,,,2.0,,,,3628.6395,9380.0,4720.0,5240,,,,,,,287955.0,2011,619,616,0,0,0,0,0,13.0,16.0,51.0,2011,1.0,7,8,2,8900,89002,2,21,36,45060,67,1.0,1.0,,4,2,28,,2,40,1,,0,0,7,2,57,57,57,1,0,0,1.0,1.0,,40.0,,40.0,,,,,,2.0,3.0,0.0,1,2.0,,1.0,1200.0,480.0,2.0,2.0,,,,11645.073,2979.2712,0,0,1.0,1.0,0,42,49896,1,,,2.0,,,,2978.8326,9370.0,,-1,,,,,,,287180.0,2012,631,616,0,0,0,0,0,13.0,,1.0,4720.0,16.0,51.0,2012,MIS4_to_MIS8,new_york,0,2011-2012,1,0,0,0,retention
230609961804944,8,3.0,4,4,2,8900,89001,1,1,21,36,35620,5,1.0,1.0,,7,1,36,,2,39,2,,1,1,1,7,2,57,57,57,1,0,0,2.0,1.0,,40.0,,40.0,,,,,,2.0,2.0,0.0,1,2.0,2.0,2.0,,450.0,1.0,,,,,12116.1755,2814.4749,3,1,1.0,,0,0,27952,1,1.0,,,,,,2849.8838,9470.0,3800.0,-1,,,,,,,287956.0,2011,619,616,0,0,1,0,0,12.0,12.0,51.0,2011,1.0,4,8,2,8900,89001,1,21,36,35620,5,1.0,1.0,,7,1,38,,2,39,2,,1,1,7,2,57,57,57,1,0,0,1.0,1.0,,40.0,,40.0,,,,,,2.0,4.0,0.0,1,2.0,,1.0,1000.0,400.0,2.0,2.0,,,,12351.3469,3178.0194,3,1,1.0,1.0,0,42,30149,1,1.0,,,,,,3172.0988,4470.0,,-1,,,,,,,287182.0,2012,631,616,0,0,1,0,0,12.0,,2.0,4710.0,16.0,21.0,2012,MIS4_to_MIS8,new_york,0,2011-2012,0,1,0,1,retention
393922107054617,8,1.0,4,4,2,8900,89001,1,1,21,36,35620,5,1.0,1.0,,7,1,30,,2,39,2,4.0,1,1,1,7,2,329,329,329,4,0,16,1.0,1.0,,40.0,,40.0,,,,,,2.0,3.0,0.0,1,2.0,,1.0,1413.0,565.2,2.0,2.0,,,,11890.5911,2953.1419,3,1,1.0,1.0,0,42,48976,1,1.0,,,,,,2907.4952,9470.0,3800.0,-1,,,,,,,288048.0,2011,619,616,0,0,1,0,0,12.0,12.0,51.0,2011,1.0,4,8,2,8900,89001,1,21,36,35620,5,1.0,1.0,,7,1,31,,2,39,2,4.0,1,1,7,2,329,329,329,4,0,16,,7.0,,,,,,,,,,1.0,,,2,,,,,,,,,,,16669.5532,4692.7473,6,2,,,0,0,44043,1,1.0,,,,,,4415.24,,,-1,,,,,,,287278.0,2012,631,616,1,0,1,0,1,12.0,,2.0,,,,2012,MIS4_to_MIS8,new_york,0,2011-2012,0,1,0,0,retention
402908043499616,8,1.0,7,4,2,8900,89001,1,1,21,36,35620,5,1.0,1.0,,7,2,53,,2,39,1,2.0,1,0,0,5,2,57,73,73,1,0,0,1.0,1.0,,38.0,,38.0,,,,,,2.0,3.0,0.0,1,2.0,1.0,1.0,1783.0,920.5,1.0,,,,,14044.2134,3531.2192,0,0,0.0,1.0,0,0,5608,1,1.0,,,,,,3567.106,8180.0,2340.0,-1,,,,,,,288087.0,2011,619,616,0,0,0,0,0,12.0,8.0,42.0,2011,1.0,7,8,2,8900,89001,1,21,36,35620,5,1.0,1.0,,7,2,54,,2,39,1,2.0,0,0,5,2,57,73,73,1,0,0,1.0,1.0,,38.0,,38.0,,,,,,2.0,3.0,0.0,1,2.0,1.0,1.0,1125.0,923.5,1.0,,,,,15239.2294,3876.4502,0,0,0.0,1.0,0,0,5600,1,1.0,,,,,,3811.0641,9470.0,,-1,,,,,,,287319.0,2012,631,616,0,0,0,0,0,12.0,,1.0,3400.0,10.0,51.0,2012,MIS4_to_MIS8,new_york,0,2011-2012,1,0,0,0,retention
500863092532519,8,1.0,1,4,2,8900,89001,1,1,21,36,35620,81,1.0,1.0,,7,3,58,1.0,1,44,1,,2,1,2,1,2,57,57,57,1,0,0,2.0,1.0,,40.0,,40.0,,,,,,2.0,2.0,0.0,1,2.0,2.0,2.0,,1923.0,1.0,,,,,17625.1265,4199.4281,2,1,1.0,,0,0,31610,2,,,,,,3.0,4223.6601,7860.0,230.0,-1,,,,,,,288128.0,2011,619,616,0,1,0,0,1,18.0,1.0,40.0,2011,1.0,1,8,2,8900,89001,1,21,36,35620,81,1.0,1.0,,7,3,59,1.0,1,44,1,,1,2,1,2,57,57,57,1,0,0,2.0,2.0,4.0,35.0,,,,,,,,5.0,3.0,0.0,1,2.0,1.0,1.0,1000.0,1096.0,1.0,,,,,13409.4421,3451.9565,3,1,1.0,1.0,0,0,49946,2,,,,,,3.0,3395.5261,7860.0,,-1,,,,,,,287356.0,2012,631,616,0,0,1,0,0,18.0,,1.0,230.0,1.0,40.0,2012,MIS4_to_MIS8,new_york,0,2011-2012,1,0,0,0,retention
619000225880923,8,2.0,1,4,2,8900,89001,1,1,21,36,35620,47,1.0,1.0,,7,4,22,,1,32,1,4.0,3,1,3,7,2,329,329,329,4,0,11,2.0,1.0,,40.0,,40.0,,,,,,2.0,3.0,0.0,1,2.0,2.0,2.0,,370.0,1.0,,2.0,,,16582.5302,3936.7648,0,0,1.0,,0,0,14186,3,,,,,,,4115.7369,9470.0,3850.0,-1,,,,,1.0,1.0,288188.0,2011,619,616,0,0,0,0,0,2.5,12.0,51.0,2011,2.0,1,8,2,8900,89001,1,21,36,35620,47,1.0,1.0,,7,4,23,,1,42,1,4.0,1,3,7,2,329,329,329,4,0,11,2.0,1.0,,40.0,,40.0,,,,,,2.0,3.0,0.0,1,2.0,,1.0,750.0,300.0,1.0,,2.0,,,16134.0398,4097.3399,0,0,1.0,1.0,0,42,1817,3,,,4.0,,,,4030.4025,9470.0,,-1,,,,,1.0,1.0,287412.0,2012,631,616,0,0,0,0,0,15.0,,1.0,3850.0,12.0,51.0,2012,MIS4_to_MIS8,new_york,0,2011-2012,1,0,0,0,retention
639780990030923,8,1.0,4,4,2,8900,89001,1,1,21,36,35620,47,1.0,1.0,,7,1,66,,2,39,2,,1,1,1,7,2,333,333,333,4,0,5,1.0,1.0,,37.0,,37.0,,,,,,2.0,3.0,0.0,1,2.0,1.0,1.0,2420.0,700.0,1.0,,,,,12615.0843,2771.8851,0,0,0.0,1.0,0,0,5627,1,2.0,8.0,,,,,2826.7709,8190.0,3420.0,-1,,,,,,,288229.0,2011,619,616,0,0,0,0,0,12.0,10.0,41.0,2011,3.0,4,8,2,8900,89001,1,21,36,35620,47,1.0,1.0,,7,1,67,,2,40,2,,1,1,7,2,333,333,333,4,0,5,2.0,5.0,,,,,,,,,,1.0,,,2,,,,,,,,,,,12269.3435,2949.3616,0,0,,,0,0,56735,1,,,5.0,,,,3022.0832,,,-1,,,,,,,287467.0,2012,631,616,0,0,0,0,0,16.0,,2.0,,,,2012,MIS4_to_MIS8,new_york,0,2011-2012,0,1,0,0,retention
639780990030923,8,1.0,4,4,2,8900,89001,1,1,21,36,35620,47,1.0,1.0,,7,7,51,,2,38,2,,2,1,4,7,2,333,333,333,4,0,16,2.0,1.0,,37.0,,37.0,,,,,,2.0,3.0,0.0,1,2.0,1.0,1.0,900.0,425.0,1.0,,,,,12733.9941,3060.876,0,0,1.0,1.0,0,0,5627,2,,,,,,,3121.484,8190.0,3600.0,-1,,,,,,,288230.0,2011,619,616,0,0,0,0,0,12.0,11.0,41.0,2011,3.0,4,8,2,8900,89001,1,21,36,35620,47,1.0,1.0,,7,7,52,,2,43,2,,1,4,7,2,333,333,333,4,0,16,2.0,5.0,,,,,,,,,,1.0,,,2,,,,,,,,,,,14739.9986,3810.2143,0,0,,,0,0,56735,2,,,,2.0,,,3904.1617,,,-1,,,,,,,287468.0,2012,631,616,0,0,0,0,0,16.0,,2.0,,,,2012,MIS4_to_MIS8,new_york,0,2011-2012,0,1,0,0,retention
856529320109305,8,1.0,1,4,2,8900,89001,1,1,21,36,35620,81,1.0,1.0,,7,3,57,1.0,1,40,1,,2,1,2,1,2,57,57,57,1,0,0,2.0,2.0,4.0,35.0,,,,,,,,5.0,3.0,0.0,1,1.0,1.0,1.0,1300.0,1400.0,1.0,,,,,17625.1265,4199.4281,4,1,0.0,1.0,0,0,5666,2,,,4.0,,,,4223.6601,9370.0,430.0,-1,,,,,,,288339.0,2011,619,616,0,0,0,1,0,15.0,1.0,51.0,2011,1.0,1,8,2,8900,89001,1,21,36,35620,81,1.0,1.0,,7,3,58,1.0,1,40,1,,1,2,1,2,57,57,57,1,0,0,2.0,1.0,,35.0,,40.0,,,,,,2.0,3.0,0.0,1,2.0,1.0,1.0,1900.0,1000.0,1.0,,,,,13409.4421,3451.9565,4,1,0.0,1.0,0,0,5658,2,,,3.0,,,,3395.5261,7290.0,,-1,,,,,,,287599.0,2012,631,616,0,0,0,1,0,14.0,,1.0,1550.0,4.0,36.0,2012,MIS4_to_MIS8,new_york,0,2011-2012,1,0,0,0,retention
900368097932309,8,1.0,7,4,2,8900,89001,1,1,21,36,35620,47,1.0,1.0,,7,2,79,,2,39,1,,1,0,0,4,2,57,120,57,1,0,0,1.0,2.0,4.0,20.0,,,,,,,,10.0,3.0,0.0,1,2.0,1.0,1.0,1027.0,138.0,1.0,,,,,16175.047,3797.2708,0,0,1.0,1.0,0,0,28089,1,1.0,,,,,,3810.0998,9390.0,5860.0,-1,,,,,,,288370.0,2011,619,616,0,0,0,0,0,12.0,17.0,51.0,2011,1.0,7,8,2,8900,89001,1,21,36,35620,47,1.0,1.0,,7,2,80,,2,39,1,,0,0,4,2,57,120,57,1,0,0,1.0,2.0,4.0,40.0,,,,,,,,5.0,3.0,0.0,1,2.0,1.0,1.0,1562.0,692.0,1.0,,,,,16580.2035,4283.5514,0,0,1.0,1.0,0,0,14842,1,1.0,,,,,,4099.2601,7860.0,,-1,,,,,,,287624.0,2012,631,616,0,0,0,0,0,12.0,,1.0,2540.0,8.0,40.0,2012,MIS4_to_MIS8,new_york,0,2011-2012,1,0,0,0,retention
907006339329890,8,1.0,1,4,2,8900,89001,1,1,21,36,35620,47,1.0,1.0,,7,3,43,1.0,2,39,2,,2,1,2,1,2,332,332,332,5,0,14,2.0,1.0,,40.0,,40.0,,,,,,2.0,3.0,0.0,1,2.0,1.0,1.0,1000.0,450.0,1.0,,,,,10262.6024,2498.2393,10,2,1.0,1.0,0,0,28088,2,1.0,,,,,,2413.899,8190.0,3600.0,-1,,,,,,,288378.0,2011,619,616,0,0,1,1,0,12.0,11.0,41.0,2011,1.0,1,8,2,8900,89001,1,21,36,35620,47,1.0,1.0,,7,3,44,1.0,2,39,2,,1,2,1,2,332,332,332,5,0,14,2.0,1.0,,40.0,,40.0,,,,,,2.0,4.0,0.0,1,2.0,,1.0,1300.0,520.0,1.0,,,,,10636.7581,2778.5092,4,2,1.0,1.0,0,42,60385,2,1.0,,,,,,2731.7545,8190.0,,-1,,,,,,,287629.0,2012,631,616,0,0,0,1,0,12.0,,2.0,3600.0,11.0,41.0,2012,MIS4_to_MIS8,new_york,0,2011-2012,0,1,0,1,retention
912006855329350,8,1.0,1,4,2,8900,89001,1,1,21,36,35620,81,1.0,1.0,,7,1,49,2.0,1,44,4,,1,1,1,1,2,209,207,207,4,0,11,1.0,1.0,,38.0,,38.0,,,,,,2.0,2.0,0.0,1,2.0,2.0,2.0,,2031.0,1.0,,,,,20617.1089,5207.2788,1,1,1.0,,0,0,18270,1,,,,,,2.0,5203.7283,9490.0,840.0,-1,,,,,,,288384.0,2011,619,616,1,0,0,0,1,18.0,2.0,51.0,2011,1.0,1,8,2,8900,89001,1,21,36,35620,81,1.0,1.0,,7,1,50,2.0,1,44,4,,1,1,1,2,209,207,207,4,0,11,1.0,1.0,,40.0,,40.0,,,,,,2.0,4.0,0.0,1,2.0,1.0,1.0,1000.0,1153.0,2.0,2.0,,,,14772.5998,3690.986,2,1,1.0,1.0,0,0,49947,1,,,,,,3.0,3648.0221,4390.0,,-1,,,,,,,287635.0,2012,631,616,0,1,0,0,1,18.0,,4.0,5165.0,17.0,21.0,2012,MIS4_to_MIS8,new_york,0,2011-2012,0,1,0,1,retention
945046337329280,8,1.0,7,4,2,8900,89001,1,1,21,36,35620,61,1.0,1.0,,7,2,63,,2,44,2,3.0,1,0,0,6,2,57,57,57,1,0,0,1.0,1.0,,37.0,,37.0,,,,,,2.0,3.0,0.0,1,2.0,2.0,2.0,,1538.46,1.0,,,,,15089.2265,3462.8618,0,0,0.0,,0,0,1846,1,,,,,,2.0,3550.4137,7860.0,2310.0,-1,,,,,,,288422.0,2011,619,616,0,0,0,0,0,18.0,8.0,40.0,2011,1.0,7,8,2,8900,89001,1,21,36,35620,61,1.0,1.0,,7,2,64,,2,34,2,3.0,0,0,6,2,57,57,57,1,0,0,,1.0,,40.0,,40.0,,,,,,2.0,4.0,0.0,1,2.0,,1.0,900.0,360.0,2.0,2.0,,,,18384.4244,5756.2219,0,0,1.0,1.0,0,41,30385,1,,,,,,,5612.5604,8680.0,,-1,,,,,,,287667.0,2012,631,616,0,0,0,0,0,7.5,,2.0,4110.0,13.0,46.0,2012,MIS4_to_MIS8,new_york,0,2011-2012,0,1,0,1,retention
994096883329090,8,1.0,6,4,2,8900,89001,1,1,21,36,15380,0,1.0,1.0,,5,2,27,,1,44,1,,1,0,0,7,2,57,57,57,1,0,0,1.0,1.0,,50.0,,50.0,,,,,,2.0,2.0,0.0,1,2.0,2.0,2.0,,2884.61,2.0,2.0,,,,12174.6694,3059.4585,0,0,1.0,,0,0,14106,1,,,,,,2.0,3001.2351,7870.0,2200.0,-1,,,,,,,288489.0,2011,619,616,0,0,0,0,0,18.0,8.0,40.0,2011,1.0,6,8,2,8900,89001,1,21,36,15380,0,1.0,1.0,,5,2,28,,1,44,1,,0,0,7,2,57,57,57,1,0,0,1.0,1.0,,60.0,,60.0,,,,,,2.0,4.0,0.0,1,2.0,2.0,2.0,,432.69,1.0,,,,,11583.3679,2916.6274,0,0,0.0,,0,0,14780,1,,,,,,2.0,2889.186,7460.0,,-1,,,,,,,287718.0,2012,631,616,0,0,0,0,0,18.0,,1.0,1965.0,5.0,36.0,2012,MIS4_to_MIS8,new_york,0,2011-2012,0,1,0,1,retention
243260968990,8,1.0,7,4,2,8900,89001,1,1,21,36,35620,119,2.0,1.0,,7,2,38,,2,44,2,,1,0,0,7,2,57,57,57,1,0,0,1.0,2.0,4.0,50.0,,,,,,,,5.0,2.0,0.0,1,2.0,2.0,2.0,,1942.3,1.0,,,,,17328.4228,4110.0479,0,0,0.0,,0,0,5723,1,,,,,,3.0,4075.8729,7860.0,2310.0,-1,,,,,,,288491.0,2011,619,616,0,0,0,0,0,18.0,8.0,40.0,2011,1.0,7,8,2,8900,89001,1,21,36,35620,119,2.0,1.0,,7,2,39,,2,44,2,,0,0,7,2,57,57,57,1,0,0,1.0,2.0,4.0,40.0,,,,,,,,5.0,3.0,0.0,1,2.0,2.0,2.0,,961.0,1.0,,,,,18504.8356,4684.6516,0,0,1.0,,0,0,62666,1,,,,,,3.0,4752.4506,7860.0,,-1,,,,,,,287720.0,2012,631,616,0,0,0,0,0,18.0,,2.0,2310.0,8.0,40.0,2012,MIS4_to_MIS8,new_york,0,2011-2012,1,0,0,0,retention
2900903291916,8,2.0,1,4,2,8900,89001,1,1,21,36,35620,59,2.0,1.0,,7,1,29,2.0,1,39,2,,1,1,1,1,2,555,555,555,4,0,11,2.0,1.0,,40.0,,40.0,,,,,,2.0,3.0,0.0,1,2.0,,1.0,1400.0,560.0,1.0,,,,,26233.9403,6277.9516,5,2,1.0,1.0,0,42,49074,1,1.0,,,,,,6516.0347,9470.0,8310.0,-1,,,,,,,288495.0,2011,619,616,1,1,0,0,1,12.0,21.0,51.0,2011,5.0,1,8,2,8900,89001,1,21,36,35620,59,2.0,1.0,,7,1,30,2.0,1,41,2,,1,1,1,2,555,555,555,4,0,10,2.0,1.0,,40.0,,40.0,,,,,,2.0,3.0,0.0,1,2.0,,1.0,1100.0,440.0,1.0,,,,,19076.0836,4741.8362,2,2,1.0,1.0,0,42,60397,1,,,3.0,,,,4743.1612,9470.0,,-1,,,,,,,287727.0,2012,631,616,0,1,0,0,1,14.0,,2.0,3600.0,11.0,51.0,2012,MIS4_to_MIS8,new_york,0,2011-2012,1,0,0,0,retention
110363096932259,8,2.0,3,4,2,8900,89001,1,1,21,36,35620,59,2.0,1.0,,7,8,44,,1,40,1,,3,1,4,7,2,57,57,57,1,0,0,2.0,1.0,,40.0,,40.0,,,,,,2.0,3.0,0.0,1,2.0,,1.0,2045.0,818.0,1.0,,,,,11766.3069,2938.7583,0,0,1.0,1.0,0,42,50819,3,,,1.0,,,,2893.2565,770.0,6200.0,-1,,,,,,,288591.0,2011,619,616,0,0,0,0,0,12.0,19.0,4.0,2011,1.0,3,8,2,8900,89001,1,21,36,35620,59,2.0,1.0,,7,8,45,,1,39,1,,1,4,7,2,57,57,57,1,0,0,2.0,1.0,,40.0,,40.0,,,,,,2.0,3.0,0.0,1,2.0,,1.0,2100.0,840.0,1.0,,,,,14103.6581,3467.445,0,0,1.0,1.0,0,42,51602,3,1.0,,,,,,3482.8302,770.0,,-1,,,,,,,287840.0,2012,631,616,0,0,0,0,0,12.0,,1.0,6730.0,19.0,4.0,2012,MIS4_to_MIS8,new_york,0,2011-2012,1,0,0,0,retention
393952201006629,8,2.0,1,4,2,8900,89001,1,1,21,36,10580,0,2.0,1.0,,4,1,52,2.0,2,39,1,,1,1,1,1,2,57,57,57,1,0,0,2.0,1.0,,40.0,,40.0,,,,,,2.0,2.0,0.0,1,2.0,2.0,2.0,,1711.53,2.0,2.0,,,,10682.6704,2757.3476,0,0,0.0,,0,0,5691,1,1.0,,,,,,2713.3038,9380.0,120.0,-1,,,,,,,288724.0,2011,619,616,0,0,0,0,0,12.0,1.0,51.0,2011,3.0,1,8,2,8900,89001,1,21,36,10580,0,2.0,1.0,,4,1,53,2.0,2,39,1,,1,1,1,2,57,57,57,1,0,0,2.0,1.0,,38.0,,38.0,,,,,,2.0,2.0,0.0,1,2.0,2.0,2.0,,865.0,1.0,,,,,11001.1489,2740.2268,0,0,1.0,,0,0,62639,1,1.0,,,,,,2751.1944,9380.0,,-1,,,,,,,287952.0,2012,631,616,0,0,0,0,0,12.0,,1.0,950.0,2.0,51.0,2012,MIS4_to_MIS8,new_york,0,2011-2012,1,0,0,0,retention
397912406052679,8,1.0,1,4,2,8900,89001,1,1,21,36,40380,69,2.0,1.0,,5,3,42,1.0,2,44,1,,2,1,2,1,2,57,57,57,1,0,0,2.0,7.0,,,,,,,,,,1.0,3.0,0.0,2,,,,,,,,,,,13154.9544,3291.3852,3,2,,,0,0,40502,2,,,,,,2.0,3319.2391,7860.0,2540.0,-1,,,,,,,288749.0,2011,619,616,0,0,1,0,0,18.0,8.0,40.0,2011,2.0,1,8,2,8900,89001,1,21,36,40380,69,2.0,1.0,,5,3,43,1.0,2,44,1,,1,2,1,2,57,57,57,1,0,0,1.0,2.0,4.0,32.0,,,,,,,,10.0,3.0,0.0,1,2.0,,1.0,900.0,288.0,2.0,2.0,,,,11473.1154,2849.4456,3,2,0.0,0.0,0,0,33432,2,,,,,,2.0,2855.4323,7860.0,,-1,,,,,,,287975.0,2012,631,616,0,0,1,0,0,18.0,,1.0,2310.0,8.0,40.0,2012,MIS4_to_MIS8,new_york,0,2011-2012,1,0,0,0,retention
506209320269306,8,1.0,1,4,2,8900,89001,1,1,21,36,15380,0,2.0,1.0,,5,1,41,2.0,1,43,1,,1,1,1,1,2,57,57,57,1,0,0,1.0,1.0,,40.0,,40.0,,,,,,2.0,3.0,0.0,1,2.0,,1.0,2200.0,880.0,1.0,,,,,11554.2575,2885.7967,3,2,0.0,0.0,0,0,14104,1,,,,2.0,,,2841.1149,9470.0,3800.0,-1,,,,,,,288798.0,2011,619,616,0,0,1,0,0,16.0,12.0,51.0,2011,2.0,1,8,2,8900,89001,1,21,36,15380,0,2.0,1.0,,5,1,42,2.0,1,43,1,,1,1,1,2,57,57,57,1,0,0,2.0,1.0,,40.0,,40.0,,,,,,2.0,3.0,0.0,1,2.0,2.0,2.0,,807.69,1.0,,,,,11195.6367,2752.8454,3,2,0.0,,0,0,30217,1,,,,2.0,,,2758.7324,9470.0,,-1,,,,,,,288024.0,2012,631,616,0,0,1,0,0,16.0,,1.0,3800.0,12.0,51.0,2012,MIS4_to_MIS8,new_york,0,2011-2012,1,0,0,0,retention
506209320269306,8,1.0,1,4,2,8900,89001,1,1,21,36,15380,0,2.0,1.0,,5,3,40,1.0,2,43,1,,2,1,2,1,2,57,57,57,1,0,0,2.0,1.0,,40.0,,40.0,,,,,,2.0,2.0,0.0,1,2.0,,1.0,3000.0,1200.0,1.0,,,,,12947.0265,3291.3852,3,2,0.0,0.0,0,0,14104,2,,,,2.0,,,3269.6526,770.0,1360.0,-1,,,,,,,288799.0,2011,619,616,0,0,1,0,0,16.0,4.0,4.0,2011,2.0,1,8,2,8900,89001,1,21,36,15380,0,2.0,1.0,,5,3,41,1.0,2,43,1,,1,2,1,2,57,57,57,1,0,0,1.0,1.0,,40.0,,40.0,,,,,,2.0,2.0,0.0,1,2.0,2.0,2.0,,1384.61,1.0,,,,,11473.1154,2849.4456,3,2,0.0,,0,0,30217,2,,,,2.0,,,2855.4323,770.0,,-1,,,,,,,288025.0,2012,631,616,0,0,1,0,0,16.0,,1.0,1360.0,4.0,4.0,2012,MIS4_to_MIS8,new_york,0,2011-2012,1,0,0,0,retention
525395279600982,8,1.0,1,4,2,8900,89001,1,1,21,36,35620,119,2.0,1.0,,7,3,58,1.0,2,41,1,,2,1,2,1,2,57,57,57,1,0,0,2.0,1.0,,40.0,,40.0,,,,,,2.0,3.0,0.0,1,2.0,2.0,2.0,,961.53,1.0,,,,,11481.8452,2937.4549,0,0,0.0,,0,0,14574,2,,,3.0,,,,2886.0771,9370.0,5700.0,-1,,,,,,,288811.0,2011,619,616,0,0,0,0,0,14.0,17.0,51.0,2011,3.0,1,8,2,8900,89001,1,21,36,35620,119,2.0,1.0,,7,3,59,1.0,2,41,1,,1,2,1,2,57,57,57,1,0,0,2.0,1.0,,35.0,4.0,25.0,,,4.0,,,4.0,3.0,0.0,1,2.0,,1.0,1730.0,605.5,1.0,,,,,13239.1236,3273.8502,0,0,1.0,1.0,22,42,70949,2,,,3.0,,,,3267.6559,9370.0,,-1,,,,,,,288036.0,2012,631,616,0,0,0,0,0,14.0,,1.0,5700.0,17.0,51.0,2012,MIS4_to_MIS8,new_york,0,2011-2012,1,0,0,0,retention
639630915120923,8,1.0,1,4,2,8900,89001,1,1,21,36,35620,59,2.0,1.0,,7,4,22,,2,43,1,,4,1,3,7,2,57,57,57,1,0,0,2.0,2.0,4.0,40.0,,,,,,,,5.0,3.0,0.0,1,2.0,2.0,2.0,,769.23,1.0,,2.0,,,13938.9077,3565.0693,0,0,0.0,,0,0,18253,4,,,,1.0,1.0,,3514.7348,7860.0,2320.0,-1,,,,,1.0,1.0,288865.0,2011,619,616,0,0,0,0,0,18.0,8.0,40.0,2011,1.0,1,8,2,8900,89001,1,21,36,35620,59,2.0,1.0,,7,4,23,,2,43,1,,1,3,7,2,57,57,57,1,0,0,2.0,2.0,4.0,40.0,,,,,,,,5.0,3.0,0.0,1,2.0,2.0,2.0,,730.0,1.0,,2.0,,,12845.547,3217.1642,0,0,1.0,,0,0,33427,4,,,,1.0,1.0,,3146.9082,7860.0,,-1,,,,,1.0,1.0,288093.0,2012,631,616,0,0,0,0,0,18.0,,1.0,2320.0,8.0,40.0,2012,MIS4_to_MIS8,new_york,0,2011-2012,1,0,0,0,retention
659640600030923,8,1.0,1,4,2,8900,89001,1,1,21,36,35620,59,2.0,1.0,,7,1,35,2.0,1,42,1,,1,1,1,1,2,57,57,57,1,0,0,1.0,1.0,,40.0,,45.0,,,,,,2.0,3.0,0.0,1,1.0,2.0,2.0,,2826.92,1.0,,,,,11488.4199,2847.2854,0,0,0.0,,0,0,14288,1,,,3.0,,,,2824.9259,9470.0,3710.0,-1,,,,,,,288871.0,2011,619,616,0,0,0,0,0,14.0,12.0,51.0,2011,1.0,1,8,2,8900,89001,1,21,36,35620,59,2.0,1.0,,7,1,36,2.0,1,42,1,,1,1,1,2,57,57,57,1,0,0,1.0,1.0,,40.0,,40.0,,,,,,2.0,3.0,0.0,1,1.0,1.0,1.0,1850.0,2826.92,1.0,,,,,12339.9917,3010.9868,0,0,0.0,1.0,0,0,41761,1,,,3.0,,,,3040.7145,9470.0,,-1,,,,,,,288101.0,2012,631,616,0,0,0,0,0,14.0,,1.0,3710.0,12.0,51.0,2012,MIS4_to_MIS8,new_york,0,2011-2012,1,0,0,0,retention
659640600030923,8,1.0,1,4,2,8900,89001,1,1,21,36,35620,59,2.0,1.0,,7,3,34,1.0,2,44,1,,2,1,2,1,2,57,57,57,1,0,0,2.0,1.0,,40.0,,40.0,,,,,,2.0,3.0,0.0,1,2.0,2.0,2.0,,1250.0,1.0,,,,,13309.5231,3279.8992,0,0,0.0,,0,0,14288,2,,,,,,2.0,3257.6101,7860.0,2310.0,-1,,,,,,,288872.0,2011,619,616,0,0,0,0,0,18.0,8.0,40.0,2011,1.0,1,8,2,8900,89001,1,21,36,35620,59,2.0,1.0,,7,3,35,1.0,2,44,1,,1,2,1,2,57,57,57,1,0,0,2.0,1.0,,35.0,4.0,1.0,,,4.0,,,4.0,3.0,0.0,1,2.0,2.0,2.0,,1423.07,1.0,,,,,12029.6734,2993.8701,0,0,0.0,,0,0,41761,2,,,,,,2.0,2993.9486,7860.0,,-1,,,,,,,288102.0,2012,631,616,0,0,0,0,0,18.0,,1.0,2310.0,8.0,40.0,2012,MIS4_to_MIS8,new_york,0,2011-2012,1,0,0,0,retention
696809020209304,8,1.0,7,4,2,8900,89001,1,1,21,36,35620,119,2.0,1.0,,7,2,60,,2,44,1,,1,0,0,7,2,57,57,57,1,0,0,1.0,2.0,4.0,40.0,,,,,,,,5.0,3.0,0.0,1,2.0,2.0,2.0,,1615.38,1.0,,,,,10794.7261,2870.3394,0,0,0.0,,0,0,5724,1,,,,,,3.0,2799.802,7860.0,2000.0,-1,,,,,,,288920.0,2011,619,616,0,0,0,0,0,18.0,6.0,40.0,2011,1.0,7,8,2,8900,89001,1,21,36,35620,119,2.0,1.0,,7,2,61,,2,44,1,,0,0,7,2,57,57,57,1,0,0,1.0,5.0,,,,,,11.0,,,,1.0,3.0,0.0,2,,,,,,,,,,,11145.5839,2828.844,0,0,,,0,0,5689,1,,,,,,3.0,2781.3249,7860.0,,-1,,,,,,,288154.0,2012,631,616,0,0,0,0,0,18.0,,1.0,2000.0,6.0,40.0,2012,MIS4_to_MIS8,new_york,0,2011-2012,1,0,0,0,retention
826659220079304,8,1.0,1,4,2,8900,89001,1,1,21,36,10580,0,2.0,1.0,,4,3,61,1.0,2,43,1,,2,1,2,1,2,57,57,57,1,0,0,2.0,1.0,,32.0,,32.0,,,23.0,,,7.0,2.0,0.0,1,2.0,1.0,1.0,2000.0,475.0,1.0,,,,,10600.1862,2818.6109,0,0,0.0,1.0,0,0,5680,2,,,,1.0,2.0,,2749.3446,7860.0,2540.0,-1,,,,,,,288965.0,2011,619,616,0,0,0,0,0,17.0,8.0,40.0,2011,1.0,1,8,2,8900,89001,1,21,36,10580,0,2.0,1.0,,4,3,62,1.0,2,43,1,,1,2,1,2,57,57,57,1,0,0,2.0,2.0,4.0,30.0,,,,,,,,10.0,3.0,0.0,1,2.0,1.0,1.0,5600.0,576.0,1.0,,,,,9876.4616,2595.5804,0,0,1.0,1.0,0,0,19338,2,,,,1.0,1.0,,2631.3647,7860.0,,-1,,,,,,,288201.0,2012,631,616,0,0,0,0,0,18.0,,1.0,2540.0,8.0,40.0,2012,MIS4_to_MIS8,new_york,0,2011-2012,1,0,0,0,retention
992096813329390,8,1.0,4,4,2,8900,89001,1,1,21,36,35620,119,2.0,1.0,,7,4,30,3.0,1,40,1,,2,2,1,1,2,57,129,129,1,0,0,2.0,1.0,,40.0,,40.0,,,,,,2.0,3.0,0.0,1,2.0,1.0,1.0,850.0,400.0,1.0,,,,,12816.9956,3199.3786,4,1,1.0,1.0,42,0,5728,2,,,1.0,,,,3159.578,9470.0,3740.0,-1,,,,,1.0,,289080.0,2011,619,616,0,0,0,1,0,12.0,12.0,51.0,2011,1.0,4,8,2,8900,89001,1,21,36,35620,119,2.0,1.0,,7,4,31,,1,40,1,,1,3,5,2,57,129,129,1,0,0,2.0,1.0,,40.0,,40.0,,,,,,2.0,3.0,0.0,1,2.0,2.0,2.0,,673.0,2.0,2.0,,,,10781.6008,2661.7264,0,0,1.0,,0,42,15206,2,,,2.0,,,,2689.2049,9470.0,,-1,,,,,1.0,,288333.0,2012,631,616,0,0,0,0,0,13.0,,1.0,3740.0,12.0,51.0,2012,MIS4_to_MIS8,new_york,0,2011-2012,1,0,0,0,retention
328395769600942,8,1.0,1,4,2,8900,89001,1,1,21,36,0,0,3.0,2.0,,0,1,62,2.0,1,43,1,,1,1,1,1,2,57,57,57,1,0,0,1.0,1.0,,40.0,,47.0,,,,,,2.0,3.0,0.0,1,2.0,1.0,1.0,2549.0,1019.23,2.0,2.0,,,,13868.8317,3627.5393,0,0,0.0,0.0,0,0,5694,1,,,,2.0,,,3540.3001,9470.0,120.0,4760,4.0,,,,,,289124.0,2011,619,616,0,0,0,0,0,16.0,1.0,51.0,2011,1.0,1,8,2,8900,89001,1,21,36,0,0,3.0,2.0,,0,1,63,2.0,1,43,1,,1,1,1,2,57,57,57,1,0,0,1.0,1.0,,40.0,,40.0,,,,,,2.0,3.0,0.0,1,2.0,2.0,2.0,,1038.46,2.0,2.0,,,,13351.6598,3243.8473,0,0,0.0,,0,0,62645,1,,,,2.0,,,3241.2,9370.0,,-1,4.0,,,,,,288382.0,2012,631,616,0,0,0,0,0,16.0,,1.0,120.0,1.0,51.0,2012,MIS4_to_MIS8,new_york,0,2011-2012,1,0,0,0,retention
364992203062669,8,2.0,1,4,2,8900,89001,1,1,21,36,0,0,3.0,2.0,,0,3,39,1.0,2,44,1,,2,1,2,1,2,57,57,57,1,0,0,1.0,1.0,,40.0,13.0,3.0,,,13.0,,,4.0,3.0,0.0,1,2.0,2.0,2.0,,923.07,1.0,,,,,12976.8862,3288.9773,0,0,0.0,,0,0,40512,2,,,,,,1.0,3277.1934,7860.0,2320.0,-1,,,,,,,289140.0,2011,619,616,0,0,0,0,0,17.0,8.0,40.0,2011,1.0,1,8,2,8900,89001,1,21,36,0,0,3.0,2.0,,0,3,40,1.0,2,44,1,,1,2,1,2,57,57,57,1,0,0,2.0,1.0,,40.0,2.0,1.0,,,2.0,,,3.0,3.0,0.0,1,2.0,2.0,2.0,,1153.0,1.0,,,,,11513.2457,2859.4123,0,0,1.0,,0,0,49922,2,,,,,,1.0,2865.4199,7860.0,,-1,,,,,,,288398.0,2012,631,616,0,0,0,0,0,17.0,,1.0,2310.0,8.0,40.0,2012,MIS4_to_MIS8,new_york,0,2011-2012,1,0,0,0,retention
424368419600955,8,1.0,1,4,2,8900,89001,1,1,21,36,0,0,3.0,2.0,,0,1,51,5.0,1,44,1,,1,1,1,1,2,57,57,57,1,0,0,1.0,2.0,4.0,0.0,,,,,,,,10.0,3.0,0.0,1,2.0,2.0,2.0,,1900.0,1.0,,,,,13780.8451,3511.8715,0,0,0.0,,0,0,5623,1,,,,,,3.0,3478.2652,7860.0,2320.0,-1,,,,,,,289171.0,2011,619,616,0,0,0,0,0,18.0,8.0,40.0,2011,1.0,1,8,2,8900,89001,1,21,36,0,0,3.0,2.0,,0,1,52,5.0,1,44,1,,1,1,1,2,57,57,57,1,0,0,1.0,1.0,,40.0,4.0,30.0,,,4.0,,,4.0,3.0,0.0,1,2.0,2.0,2.0,,1500.0,1.0,,,,,13253.4124,3241.2427,0,0,1.0,,0,0,19302,1,,,,,,3.0,3272.8661,7860.0,,205,,,,,,,288424.0,2012,631,616,0,0,0,0,0,18.0,,1.0,2320.0,8.0,40.0,2012,MIS4_to_MIS8,new_york,0,2011-2012,1,0,0,0,retention
424368419600955,8,1.0,1,4,2,8900,89001,1,1,21,36,0,0,3.0,2.0,,0,3,50,1.0,2,44,1,,5,1,2,1,2,57,57,57,1,0,0,2.0,7.0,,,,,,,,,,1.0,3.0,0.0,2,,,,,,,,,,,11473.1379,2787.1646,0,0,,,0,0,5623,5,,,,,,3.0,2894.8856,7860.0,2320.0,-1,,,,,,,289172.0,2011,619,616,0,0,0,0,0,18.0,8.0,40.0,2011,1.0,1,8,2,8900,89001,1,21,36,0,0,3.0,2.0,,0,3,51,1.0,2,44,1,,1,2,1,2,57,57,57,1,0,0,2.0,2.0,4.0,40.0,,,,,,,,5.0,3.0,0.0,1,2.0,2.0,2.0,,1625.0,1.0,,,,,11039.6284,2749.8115,0,0,0.0,,0,0,19302,5,,,,,,3.0,2760.8175,7860.0,,-1,,,,,,,288425.0,2012,631,616,0,0,0,0,0,18.0,,1.0,2320.0,8.0,40.0,2012,MIS4_to_MIS8,new_york,0,2011-2012,1,0,0,0,retention
902901453995316,8,2.0,1,4,2,8900,89001,1,1,21,36,0,13,3.0,2.0,,0,1,62,2.0,1,40,1,,1,1,1,1,2,57,57,57,1,0,0,2.0,1.0,,40.0,,40.0,,,,,,2.0,3.0,0.0,1,2.0,,1.0,1500.0,600.0,2.0,2.0,,,,13868.8317,3627.5393,0,0,1.0,1.0,0,0,40306,1,,,2.0,,,,3540.3001,9370.0,3710.0,-1,,,,,,,289217.0,2011,619,616,0,0,0,0,0,13.0,12.0,51.0,2011,2.0,1,8,2,8900,89001,1,21,36,0,13,3.0,2.0,,0,1,62,2.0,1,40,1,,1,1,1,2,57,57,57,1,0,0,2.0,1.0,,40.0,5.0,16.0,,,5.0,,,4.0,3.0,0.0,1,2.0,,1.0,850.0,340.0,2.0,2.0,,,,13103.618,3183.5844,0,0,0.0,0.0,0,0,56702,1,,,2.0,,,,3180.9863,9470.0,,-1,,,,,,,288476.0,2012,631,616,0,0,0,0,0,13.0,,1.0,3710.0,12.0,51.0,2012,MIS4_to_MIS8,new_york,0,2011-2012,1,0,0,0,retention
824391669600945,8,1.0,7,4,2,8900,89001,1,1,21,36,13780,0,,1.0,,3,2,32,,2,41,1,,1,0,0,7,2,57,57,57,1,0,0,1.0,1.0,,40.0,,40.0,,,,,,2.0,3.0,0.0,1,2.0,2.0,2.0,,557.69,1.0,,,,,13069.6622,3220.7897,0,0,0.0,,0,0,1653,1,,,3.0,,,,3198.9023,8270.0,3600.0,-1,,,,,,,289341.0,2011,619,616,0,0,0,0,0,14.0,11.0,42.0,2011,2.0,7,8,2,8900,89001,1,21,36,13780,0,,1.0,,3,2,33,,2,41,1,,0,0,7,2,57,57,57,1,0,0,2.0,1.0,,40.0,,55.0,,,,,,2.0,3.0,0.0,1,1.0,1.0,1.0,1550.0,800.0,1.0,,,,,11613.3505,2962.3937,0,0,1.0,1.0,0,0,49781,1,,,1.0,,,,2970.718,8270.0,,3600,,,,,,,288592.0,2012,631,616,0,0,0,0,0,12.0,,1.0,4510.0,15.0,42.0,2012,MIS4_to_MIS8,new_york,0,2011-2012,1,0,0,0,retention
259070856570924,8,1.0,4,4,2,8900,89001,1,1,23,42,37980,101,1.0,1.0,,7,1,49,,2,40,2,,1,1,1,5,2,57,57,57,1,0,0,1.0,1.0,,38.0,,38.0,,,,,,2.0,3.0,0.0,1,2.0,,1.0,1030.0,391.4,1.0,,,,,13080.7347,3159.4235,4,1,1.0,1.0,0,42,49647,1,,,4.0,,,,3206.4805,9480.0,5700.0,-1,,,,,,,292574.0,2011,619,616,0,0,0,1,0,15.0,17.0,51.0,2011,1.0,4,8,2,8900,89001,1,23,42,37980,101,1.0,1.0,,7,1,50,,2,40,2,,1,1,5,2,57,57,57,1,0,0,1.0,1.0,,40.0,,40.0,,,,,,2.0,3.0,0.0,1,2.0,,1.0,1992.0,796.8,1.0,,,,,13129.5481,3021.4222,4,1,1.0,1.0,43,42,71182,1,,,2.0,,,,2981.3314,9480.0,,-1,,,,,,,291904.0,2012,631,616,0,0,0,1,0,13.0,,2.0,5700.0,17.0,51.0,2012,MIS4_to_MIS8,pennsylvania,0,2011-2012,1,0,0,0,retention
492922604074249,8,1.0,1,4,2,8900,89001,1,1,23,42,42540,0,1.0,1.0,,4,1,47,2.0,2,39,1,,1,1,1,1,2,57,57,57,1,0,0,1.0,1.0,,25.0,,25.0,,,22.0,,,7.0,3.0,0.0,1,2.0,1.0,1.0,925.0,350.0,2.0,2.0,,,,12683.3535,3220.1021,4,1,0.0,0.0,0,0,2558,1,1.0,,,,,,3221.4596,7860.0,4020.0,-1,,,,,,,292612.0,2011,619,616,0,0,0,1,0,12.0,13.0,40.0,2011,1.0,1,8,2,8900,89001,1,23,42,42540,0,1.0,1.0,,4,1,48,2.0,2,39,1,,1,1,1,2,57,57,57,1,0,0,1.0,3.0,,,,,11.0,,,11.0,1.0,12.0,3.0,0.0,2,,,,,,,,,,,11687.4059,2935.7407,4,1,,,0,0,31319,1,1.0,,,,,,2905.4177,7860.0,,-1,,,,,,,291943.0,2012,631,616,0,0,0,1,0,12.0,,1.0,4130.0,13.0,40.0,2012,MIS4_to_MIS8,pennsylvania,0,2011-2012,1,0,0,0,retention
495942805003229,8,2.0,1,4,2,8900,89001,1,1,23,42,10900,0,1.0,1.0,,4,8,61,,1,36,1,,3,1,4,7,2,57,57,57,1,0,0,2.0,1.0,,40.0,,40.0,,,,,,2.0,3.0,0.0,1,2.0,2.0,2.0,,350.0,2.0,2.0,,,,11249.4505,2895.624,0,0,1.0,,0,42,2565,3,,,,,,,2871.65,9390.0,4250.0,-1,,,,,,,292621.0,2011,619,616,0,0,0,0,0,10.0,14.0,51.0,2011,4.0,1,8,2,8900,89001,1,23,42,10900,0,1.0,1.0,,4,8,62,,1,36,1,,1,4,7,2,57,57,57,1,0,0,2.0,5.0,,,,,,,,,,1.0,,,2,,,,,,,,,,,12073.5639,2948.4392,0,0,,,0,0,42496,3,,,,,,,2985.6769,,,-1,,,,,,,291952.0,2012,631,616,0,0,0,0,0,10.0,,1.0,,,,2012,MIS4_to_MIS8,pennsylvania,0,2011-2012,0,1,0,0,retention
550527090842769,8,2.0,1,4,2,8900,89001,1,1,23,42,37980,101,1.0,1.0,,7,1,62,2.0,2,40,2,,1,1,1,1,2,57,57,57,1,0,0,2.0,1.0,,38.0,,38.0,,,,,,2.0,3.0,0.0,1,2.0,,1.0,1271.0,482.98,1.0,,,,,12269.0061,2844.4651,0,0,1.0,1.0,0,42,41307,1,,,3.0,,,,2886.8311,680.0,5165.0,-1,,,,,,,292642.0,2011,619,616,0,0,0,0,0,14.0,17.0,24.0,2011,1.0,1,8,2,8900,89001,1,23,42,37980,101,1.0,1.0,,7,1,62,2.0,2,40,2,,1,1,1,2,57,57,57,1,0,0,1.0,1.0,,38.0,5.0,34.0,,,5.0,,,4.0,3.0,0.0,1,2.0,2.0,2.0,,650.0,1.0,,,,,7776.4353,2405.9839,0,0,0.0,,0,0,31388,1,,,3.0,,,,2374.0593,670.0,,-1,,,,,,,291975.0,2012,631,616,0,0,0,0,0,14.0,,2.0,5120.0,17.0,24.0,2012,MIS4_to_MIS8,pennsylvania,0,2011-2012,1,0,0,0,retention
36264220012000,8,1.0,6,4,2,8900,89001,1,1,23,42,37980,29,2.0,1.0,,7,2,38,,1,46,1,,1,0,0,7,2,57,57,57,1,0,0,1.0,1.0,,40.0,4.0,32.0,,,4.0,,,4.0,3.0,0.0,1,2.0,2.0,2.0,,1442.0,2.0,2.0,,,,12312.8904,3003.0967,0,0,1.0,,0,0,31667,1,,,,,,,3027.6577,9470.0,2100.0,-1,,,,,,,292757.0,2011,619,616,0,0,0,0,0,18.0,7.0,51.0,2011,1.0,6,8,2,8900,89001,1,23,42,37980,29,2.0,1.0,,7,2,40,,1,45,1,,0,0,7,2,57,57,57,1,0,0,1.0,1.0,,40.0,,40.0,,,,,,2.0,3.0,0.0,1,2.0,2.0,2.0,,1403.0,2.0,2.0,,,,11954.123,2966.1843,0,0,1.0,,0,0,31214,1,,,,,,,2945.632,9470.0,,-1,,,,,,,292102.0,2012,631,616,0,0,0,0,0,18.0,,1.0,2100.0,7.0,51.0,2012,MIS4_to_MIS8,pennsylvania,0,2011-2012,1,0,0,0,retention
56004220985996,8,1.0,1,4,2,8900,89001,1,1,23,42,42540,0,2.0,1.0,,4,1,26,2.0,2,43,1,,1,1,1,1,2,57,57,57,1,0,0,1.0,2.0,4.0,40.0,,,,,,,,5.0,3.0,0.0,1,2.0,2.0,2.0,,650.0,1.0,,,,,13364.0356,3244.762,0,0,0.0,,0,0,2570,1,,,,1.0,1.0,,3270.9525,7860.0,2310.0,-1,,,,,,,292768.0,2011,619,616,0,0,0,0,0,18.0,8.0,40.0,2011,1.0,1,8,2,8900,89001,1,23,42,42540,0,2.0,1.0,,4,1,27,2.0,2,43,1,,1,1,1,2,57,57,57,1,0,0,1.0,3.0,,,,,8.0,,,8.0,1.0,11.0,3.0,0.0,2,,,,,,,,,,,12849.1809,3240.9801,1,1,,,0,0,57235,1,,,,1.0,1.0,,3194.2279,7860.0,,-1,,,,,,,292112.0,2012,631,616,1,0,0,0,1,18.0,,1.0,2310.0,8.0,40.0,2012,MIS4_to_MIS8,pennsylvania,0,2011-2012,1,0,0,0,retention
202002064106032,8,1.0,1,4,2,8900,89002,2,2,23,42,37980,29,2.0,1.0,,7,3,29,1.0,2,44,1,,2,1,2,1,2,57,57,57,1,0,0,2.0,2.0,4.0,40.0,,,,,,,,5.0,2.0,0.0,1,2.0,2.0,2.0,,961.53,1.0,,,,,14324.0049,3477.8407,0,0,0.0,,0,0,6067,2,,,,,,2.0,3505.9125,7860.0,2310.0,-1,,,,,,,292830.0,2011,619,616,0,0,0,0,0,18.0,8.0,40.0,2011,1.0,1,8,2,8900,89002,2,23,42,37980,29,2.0,1.0,,7,3,29,1.0,2,44,1,,1,2,1,2,57,57,57,1,0,0,2.0,7.0,,,,,,11.0,,,,1.0,3.0,0.0,2,,,,,,,,,,,13642.8979,3332.2609,1,1,,,0,0,6015,2,,,,,,2.0,3423.9589,7860.0,,-1,,,,,,,292172.0,2012,631,616,1,0,0,0,1,18.0,,1.0,2310.0,8.0,40.0,2012,MIS4_to_MIS8,pennsylvania,0,2011-2012,1,0,0,0,retention
226495139200702,8,1.0,1,4,2,8900,89001,1,1,23,42,37980,91,2.0,1.0,,7,3,68,1.0,1,43,1,,2,1,2,1,2,57,57,57,1,0,0,2.0,1.0,,32.0,,32.0,,,21.0,,,7.0,2.0,0.0,1,2.0,1.0,1.0,1130.0,500.0,1.0,,,,,11804.7689,2898.9071,0,0,0.0,0.0,0,0,2575,2,,,,2.0,,,2913.1185,4990.0,4720.0,-1,4.0,5.0,,,3.0,,292857.0,2011,619,616,0,0,0,0,0,16.0,16.0,22.0,2011,2.0,1,8,2,8900,89001,1,23,42,37980,91,2.0,1.0,,7,3,70,1.0,1,43,1,,1,2,1,2,57,57,57,1,0,0,1.0,1.0,,32.0,,32.0,,,21.0,,,7.0,2.0,0.0,1,2.0,1.0,1.0,1134.0,384.61,1.0,,,,,10526.8266,2821.2257,0,0,0.0,0.0,0,0,19558,2,,,,2.0,,,2759.7175,9570.0,,-1,4.0,5.0,,,,,292208.0,2012,631,616,0,0,0,0,0,16.0,,1.0,5620.0,17.0,51.0,2012,MIS4_to_MIS8,pennsylvania,0,2011-2012,1,0,0,0,retention
240209976186872,8,4.0,1,4,2,8900,89001,1,1,23,42,37980,17,2.0,1.0,,7,3,45,1.0,2,40,1,,4,1,2,1,2,57,57,57,1,0,0,1.0,3.0,,,,,6.0,,,6.0,1.0,12.0,3.0,0.0,2,,,,,,,,,,,14013.1682,3396.3509,0,0,,,0,0,18402,4,,,2.0,,,,3312.8394,7860.0,9120.0,-1,,,,,,,292882.0,2011,619,616,0,0,0,0,0,13.0,22.0,40.0,2011,4.0,1,8,2,8900,89001,1,23,42,37980,17,2.0,1.0,,7,3,46,1.0,2,40,1,,1,2,1,2,57,57,57,1,0,0,1.0,3.0,,,,,10.0,,,10.0,1.0,12.0,3.0,0.0,2,,,,,,,,,,,12029.7961,3021.7451,0,0,,,0,0,15992,4,,,2.0,,,,2990.5338,7860.0,,-1,,,,,,,292232.0,2012,631,616,0,0,0,0,0,13.0,,1.0,9120.0,22.0,40.0,2012,MIS4_to_MIS8,pennsylvania,0,2011-2012,1,0,0,0,retention
240209999301397,8,1.0,1,4,2,8900,89001,1,1,23,42,38300,125,2.0,1.0,,5,4,25,,2,44,1,,3,1,3,7,2,57,57,57,1,0,0,2.0,1.0,,40.0,,40.0,,,,,,2.0,3.0,0.0,1,2.0,2.0,2.0,,650.0,1.0,,,,,14204.2837,3448.7727,0,0,1.0,,0,0,18447,3,,,,,,2.0,3476.6098,7860.0,3230.0,-1,,,,,2.0,1.0,292890.0,2011,619,616,0,0,0,0,0,18.0,10.0,40.0,2011,2.0,1,8,2,8900,89001,1,23,42,38300,125,2.0,1.0,,5,4,26,,2,44,1,,1,3,7,2,57,57,57,1,0,0,2.0,1.0,,50.0,,50.0,,,,,,2.0,2.0,0.0,1,2.0,2.0,2.0,,711.53,1.0,,,,,12445.9851,3213.2498,0,0,0.0,,0,0,6087,3,,,,,,2.0,3183.7075,7890.0,,-1,,,,,2.0,1.0,292240.0,2012,631,616,0,0,0,0,0,18.0,,1.0,3230.0,10.0,40.0,2012,MIS4_to_MIS8,pennsylvania,0,2011-2012,1,0,0,0,retention
490912609066229,8,1.0,1,4,2,8900,89001,1,1,23,42,38300,7,2.0,1.0,,5,3,49,1.0,2,42,1,,2,1,2,1,2,120,120,120,4,40,4,2.0,1.0,,40.0,,40.0,,,,,,2.0,2.0,0.0,1,2.0,,1.0,2500.0,1000.0,2.0,2.0,,,,13265.7524,3367.964,0,0,0.0,0.0,0,0,56711,2,,,3.0,,,,3369.3837,8190.0,3320.0,-1,,,,,,,292966.0,2011,619,616,0,0,0,0,0,14.0,10.0,41.0,2011,1.0,1,8,2,8900,89001,1,23,42,38300,7,2.0,1.0,,5,3,50,1.0,2,41,1,,1,2,1,2,120,120,120,4,40,4,2.0,1.0,,32.0,,32.0,,,22.0,,,7.0,5.0,0.0,1,2.0,,1.0,3028.0,968.96,2.0,2.0,,,,11676.7354,2935.0621,0,0,0.0,0.0,0,0,31127,2,,,3.0,,,,2920.1468,8190.0,,-1,,,,,,,292314.0,2012,631,616,0,0,0,0,0,14.0,,1.0,3320.0,10.0,41.0,2012,MIS4_to_MIS8,pennsylvania,0,2011-2012,0,1,0,1,retention
499902901037239,8,1.0,1,4,2,8900,89001,1,1,23,42,38300,125,2.0,1.0,,5,3,60,1.0,2,39,1,,2,1,2,1,2,57,57,57,1,0,0,2.0,1.0,,38.0,,38.0,,,,,,2.0,2.0,0.0,1,2.0,1.0,1.0,1375.0,673.07,1.0,,,,,12240.0357,3202.8966,0,0,0.0,1.0,0,0,6153,2,1.0,,,,,,3174.6684,4990.0,4720.0,-1,,,,,,,293012.0,2011,619,616,0,0,0,0,0,12.0,16.0,22.0,2011,1.0,1,8,2,8900,89001,1,23,42,38300,125,2.0,1.0,,5,3,61,1.0,2,39,1,,1,2,1,2,57,57,57,1,0,0,2.0,2.0,4.0,38.0,,,,,,,,5.0,2.0,0.0,1,2.0,,1.0,1900.0,722.0,1.0,,,,,10482.9804,2780.1311,0,0,0.0,0.0,0,0,6088,2,1.0,,,,,,2792.9582,4990.0,,-1,,,,,,,292356.0,2012,631,616,0,0,0,0,0,12.0,,1.0,4720.0,16.0,22.0,2012,MIS4_to_MIS8,pennsylvania,0,2011-2012,1,0,0,0,retention
966072599429200,8,2.0,1,4,2,8900,89001,1,1,23,42,38300,3,2.0,1.0,,5,1,39,2.0,2,43,1,,1,1,1,1,2,57,57,57,1,0,0,2.0,2.0,4.0,-4.0,,,,,,,,10.0,3.0,0.0,1,2.0,2.0,1.0,2500.0,750.0,2.0,2.0,,,,12246.7636,3054.5717,10,4,1.0,1.0,0,42,29051,1,,,,2.0,,,3092.8076,7860.0,3255.0,-1,,,,,,,293185.0,2011,619,616,0,0,1,1,0,16.0,10.0,40.0,2011,2.0,1,8,2,8900,89001,1,23,42,38300,3,2.0,1.0,,5,1,40,2.0,2,43,1,,1,1,1,2,57,57,57,1,0,0,2.0,7.0,,,,,,,,,,1.0,3.0,0.0,2,,,,,,,,,,,12662.5037,3120.6893,10,4,,,0,0,31101,1,,,,2.0,,,3177.9093,7860.0,,-1,,,,,,,292535.0,2012,631,616,0,0,1,1,0,16.0,,1.0,3255.0,10.0,40.0,2012,MIS4_to_MIS8,pennsylvania,0,2011-2012,1,0,0,0,retention
2904084990312,8,1.0,1,4,2,8900,89001,1,1,23,42,0,0,3.0,2.0,,0,1,49,2.0,1,39,7,,1,1,1,1,2,57,57,57,1,0,0,1.0,1.0,,40.0,,40.0,,,,,,2.0,3.0,0.0,1,2.0,,1.0,1607.0,642.8,1.0,,,,,9866.0632,2503.9265,10,2,0.0,0.0,0,0,2626,1,1.0,,,,,,2490.18,9370.0,7340.0,-1,3.0,,,,,,293213.0,2011,619,616,0,0,1,1,0,12.0,20.0,51.0,2011,1.0,1,8,2,8900,89001,1,23,42,0,0,3.0,2.0,,0,1,50,2.0,1,39,7,,1,1,1,2,57,57,57,1,0,0,1.0,1.0,,40.0,,40.0,,,,,,2.0,3.0,0.0,1,2.0,,1.0,1650.0,660.0,1.0,,,,,12031.2237,2984.6437,10,2,0.0,0.0,0,0,2748,1,1.0,,,,,,2971.0525,9390.0,,-1,3.0,,,,,,292566.0,2012,631,616,0,0,1,1,0,12.0,,7.0,7210.0,20.0,51.0,2012,MIS4_to_MIS8,pennsylvania,0,2011-2012,1,0,0,0,retention
2904084990312,8,1.0,1,4,2,8900,89001,1,1,23,42,0,0,3.0,2.0,,0,3,46,1.0,2,41,1,,2,1,2,1,2,57,57,57,1,0,0,2.0,1.0,,32.0,,32.0,,,18.0,,,7.0,3.0,0.0,1,2.0,,1.0,985.0,315.2,2.0,1.0,,,,12235.0372,3106.2817,10,2,0.0,0.0,0,0,2626,2,,,3.0,,,,3107.5912,9470.0,5520.0,-1,,,,,,,293214.0,2011,619,616,0,0,1,1,0,14.0,17.0,51.0,2011,1.0,1,8,2,8900,89001,1,23,42,0,0,3.0,2.0,,0,3,47,1.0,2,41,1,,1,2,1,2,57,57,57,1,0,0,2.0,1.0,,38.0,,38.0,,,,,,2.0,3.0,0.0,1,2.0,,1.0,1201.0,456.38,1.0,,,,,11323.9191,2850.5427,10,2,0.0,0.0,0,0,2748,2,,,2.0,,,,2831.9136,670.0,,-1,,,,,,,292567.0,2012,631,616,0,0,1,1,0,13.0,,1.0,4720.0,16.0,24.0,2012,MIS4_to_MIS8,pennsylvania,0,2011-2012,1,0,0,0,retention
240209931408090,8,1.0,4,4,2,8900,89001,1,1,23,42,0,0,3.0,2.0,,0,1,40,,2,44,1,,1,1,1,5,2,57,57,57,1,0,0,1.0,2.0,4.0,40.0,,,,,,,,5.0,3.0,0.0,1,2.0,2.0,2.0,,1211.53,1.0,,,,,11391.0927,2849.7888,3,2,0.0,,0,0,41343,1,,,,,,2.0,2876.7158,7860.0,2330.0,-1,,,,,,,293260.0,2011,619,616,0,0,1,0,0,18.0,8.0,40.0,2011,1.0,4,8,2,8900,89001,1,23,42,0,0,3.0,2.0,,0,1,40,,2,44,1,,1,1,5,2,57,57,57,1,0,0,1.0,1.0,,1.0,,2.0,,,23.0,,,7.0,3.0,0.0,1,2.0,2.0,2.0,,1250.0,1.0,,,,,12181.1515,3052.9153,3,2,0.0,,0,0,31425,1,,,,,,3.0,3031.6485,7860.0,,-1,,,,,,,292601.0,2012,631,616,0,0,1,0,0,18.0,,1.0,2310.0,8.0,40.0,2012,MIS4_to_MIS8,pennsylvania,0,2011-2012,1,0,0,0,retention
299570717440624,8,1.0,1,4,2,8900,89001,1,1,23,42,0,0,3.0,2.0,,0,3,42,1.0,2,44,1,,2,1,2,1,2,57,57,57,1,0,0,2.0,2.0,4.0,40.0,,,,,,,,5.0,3.0,0.0,1,2.0,2.0,2.0,,1346.15,1.0,,,,,11391.0927,2849.7888,4,2,0.0,,0,0,42931,2,,,,,,3.0,2876.7158,7860.0,2340.0,-1,,,,,,,293275.0,2011,619,616,0,0,0,1,0,18.0,8.0,40.0,2011,2.0,4,8,2,8900,89001,1,23,42,0,0,3.0,2.0,,0,1,43,,2,44,1,,1,1,6,2,57,57,57,1,0,0,1.0,1.0,,40.0,,40.0,,,,,,2.0,5.0,0.0,1,2.0,2.0,2.0,,1442.3,1.0,,,,,12181.1515,3052.9153,4,1,0.0,,0,0,19512,2,,,,,,3.0,3031.6485,7860.0,,-1,,,,,,,292611.0,2012,631,616,0,0,0,1,0,18.0,,1.0,2540.0,8.0,40.0,2012,MIS4_to_MIS8,pennsylvania,0,2011-2012,0,1,0,1,retention
152410320200401,8,1.0,1,4,2,8900,89001,1,1,23,42,25420,43,,1.0,,4,3,44,1.0,2,43,1,,2,1,2,1,2,57,57,57,1,0,0,2.0,2.0,4.0,40.0,,,,,,,,5.0,3.0,0.0,1,2.0,2.0,2.0,,1805.55,1.0,,,,,11620.1107,2907.0838,10,2,0.0,,0,0,41227,2,,,,1.0,1.0,,2934.5522,7860.0,2310.0,-1,,,,,,,293500.0,2011,619,616,0,0,1,1,0,18.0,8.0,40.0,2011,1.0,1,8,2,8900,89001,1,23,42,25420,43,,1.0,,4,3,45,1.0,2,43,1,,1,2,1,2,57,57,57,1,0,0,2.0,2.0,4.0,40.0,,,,,,,,5.0,3.0,0.0,1,2.0,2.0,2.0,,1250.0,2.0,2.0,,,,11675.2023,2938.9703,4,2,0.0,,0,0,16064,2,,,,1.0,1.0,,2919.7634,7860.0,,-1,,,,,,,292830.0,2012,631,616,0,0,0,1,0,18.0,,1.0,2310.0,8.0,40.0,2012,MIS4_to_MIS8,pennsylvania,0,2011-2012,1,0,0,0,retention
240209908659897,8,1.0,1,4,2,8900,89001,1,1,23,42,27780,21,,1.0,,2,1,67,2.0,2,40,1,,1,1,1,1,2,57,57,149,1,0,0,1.0,4.0,,,,,,,,30.0,2.0,11.0,3.0,0.0,2,,,,,,,,,,,12186.5359,2884.8585,0,0,,,0,0,49536,1,,,2.0,,,,2870.9153,7860.0,9120.0,-1,,,,,,,293522.0,2011,619,616,0,0,0,0,0,13.0,22.0,40.0,2011,3.0,1,8,2,8900,89001,1,23,42,27780,21,,1.0,,2,1,68,2.0,2,39,1,,1,1,1,2,57,57,149,1,0,0,2.0,5.0,,,,,,,,,,1.0,,,2,,,,,,,,,,,11575.5385,2854.119,0,0,,,0,0,65546,1,1.0,,,,,,2888.618,,,-1,,,,,,,292857.0,2012,631,616,0,0,0,0,0,12.0,,1.0,,,,2012,MIS4_to_MIS8,pennsylvania,0,2011-2012,0,1,0,0,retention
492922902008237,8,1.0,1,4,2,8900,89001,1,1,23,42,25420,43,,1.0,,4,4,21,,1,40,1,,3,1,3,7,2,57,57,57,1,0,0,2.0,1.0,,40.0,,40.0,,,,,,2.0,3.0,0.0,1,2.0,,1.0,800.0,320.0,2.0,2.0,2.0,,,13849.5852,3380.122,0,0,0.0,0.0,0,0,41228,3,,,4.0,,,,3437.4277,8590.0,4620.0,-1,,,,,1.0,1.0,293602.0,2011,619,616,0,0,0,0,0,15.0,15.0,44.0,2011,1.0,1,8,2,8900,89001,1,23,42,25420,43,,1.0,,4,4,22,,1,40,1,,1,3,7,2,57,57,57,1,0,0,2.0,7.0,,,,,,,,,,1.0,,,2,,,,,,,,1.0,1.0,2.0,13743.9343,3221.6025,0,0,,,0,0,16065,3,,,5.0,,,,3295.9613,,,-1,,,,,1.0,1.0,292921.0,2012,631,616,0,0,0,0,0,16.0,,1.0,,,,2012,MIS4_to_MIS8,pennsylvania,0,2011-2012,0,1,0,0,retention
498952009087269,8,1.0,6,4,2,8900,89001,1,1,23,42,27780,21,,1.0,,2,2,57,,1,39,1,,1,0,0,7,2,57,57,57,1,0,0,1.0,1.0,,40.0,,40.0,,,,,,2.0,3.0,0.0,1,2.0,,1.0,3400.0,1360.0,2.0,2.0,,,,11682.4761,2796.9676,0,0,1.0,1.0,0,0,41202,1,1.0,,,,,,2799.5718,9370.0,7340.0,-1,,,,,,,293620.0,2011,619,616,0,0,0,0,0,12.0,20.0,51.0,2011,1.0,6,8,2,8900,89001,1,23,42,27780,21,,1.0,,2,2,58,,1,39,1,,0,0,7,2,57,57,57,1,0,0,1.0,1.0,,40.0,,40.0,,,,,,2.0,4.0,0.0,1,2.0,,1.0,1750.0,700.0,2.0,2.0,,,,10961.8134,2801.7814,0,0,1.0,1.0,23,42,50430,1,1.0,,,,,,2775.7399,3190.0,,-1,,,,,,,292935.0,2012,631,616,0,0,0,0,0,12.0,,1.0,8810.0,21.0,7.0,2012,MIS4_to_MIS8,pennsylvania,0,2011-2012,0,1,0,1,retention
702904814994512,8,1.0,7,4,2,8900,89001,1,1,23,42,11020,13,,1.0,,2,2,47,,2,40,1,,1,0,0,7,2,57,57,57,1,0,0,1.0,1.0,,40.0,,40.0,,,,,,2.0,3.0,0.0,1,2.0,,1.0,2500.0,1000.0,1.0,,,,,13235.6847,3360.3303,0,0,1.0,1.0,0,0,15226,1,,,3.0,,,,3361.7468,8270.0,3500.0,-1,,,,,,,293633.0,2011,619,616,0,0,0,0,0,14.0,10.0,42.0,2011,1.0,7,8,2,8900,89001,1,23,42,11020,13,,1.0,,2,2,48,,2,40,1,,0,0,7,2,57,57,57,1,0,0,1.0,1.0,,40.0,4.0,32.0,,,4.0,,,4.0,3.0,0.0,1,1.0,,1.0,1783.0,713.2,1.0,,,,,11549.0713,2907.2197,0,0,0.0,0.0,0,0,50414,1,,,3.0,,,,2888.2202,8270.0,,-1,,,,,,,292952.0,2012,631,616,0,0,0,0,0,14.0,,1.0,3500.0,10.0,42.0,2012,MIS4_to_MIS8,pennsylvania,0,2011-2012,1,0,0,0,retention
702906594998082,8,1.0,1,4,2,8900,89001,1,1,23,42,27780,21,,1.0,,2,1,53,2.0,1,40,1,,1,1,1,1,2,57,57,57,1,0,0,1.0,1.0,,38.0,,38.0,,,,,,2.0,2.0,0.0,1,2.0,,1.0,3500.0,1330.0,1.0,,,,,11691.361,2932.0167,0,0,0.0,0.0,0,0,61893,1,,,3.0,,,,2950.8825,9470.0,2200.0,-1,,,,,,,293634.0,2011,619,616,0,0,0,0,0,14.0,8.0,51.0,2011,1.0,1,8,2,8900,89001,1,23,42,27780,21,,1.0,,2,1,54,2.0,1,40,1,,1,1,1,2,57,57,57,1,0,0,1.0,1.0,,37.0,,42.0,,,,,,2.0,2.0,0.0,1,2.0,1.0,1.0,3485.0,1250.0,1.0,,,,,12072.626,2979.4286,0,0,0.0,0.0,0,0,6011,1,,,3.0,,,,2981.2766,9470.0,,7315,,,,,,,292953.0,2012,631,616,0,0,0,0,0,14.0,,1.0,2340.0,8.0,51.0,2012,MIS4_to_MIS8,pennsylvania,0,2011-2012,1,0,0,0,retention
930828092942529,8,1.0,4,4,2,8900,89001,1,1,23,42,29540,71,,1.0,,3,1,44,,2,41,1,,1,1,1,5,2,57,57,57,1,0,0,1.0,2.0,4.0,27.0,,,,,,,,10.0,2.0,0.0,1,2.0,1.0,1.0,3700.0,700.0,1.0,,,,,11620.1107,2907.0838,0,0,0.0,1.0,0,0,18426,1,,,3.0,,,,2934.5522,7870.0,2200.0,-1,,,,,,,293680.0,2011,619,616,0,0,0,0,0,14.0,8.0,40.0,2011,1.0,7,8,2,8900,89001,1,23,42,29540,71,,1.0,,3,2,45,,2,41,1,,0,0,5,2,57,57,57,1,0,0,1.0,1.0,,22.0,,22.0,,,22.0,,,7.0,2.0,0.0,1,2.0,1.0,1.0,3545.0,846.15,1.0,,,,,11675.2023,2938.9703,0,0,0.0,0.0,0,0,19549,1,,,3.0,,,,2919.7634,7870.0,,-1,,,,,,,293008.0,2012,631,616,0,0,0,0,0,14.0,,1.0,2340.0,8.0,40.0,2012,MIS4_to_MIS8,pennsylvania,0,2011-2012,1,0,0,0,retention
303904531394537,9,1.0,1,4,2,8900,89001,1,1,33,17,16980,0,1.0,1.0,1.0,7,1,57,2.0,1,44,2,,1,1,1,1,2,440,440,440,4,0,10,1.0,1.0,,-4.0,1.0,30.0,,,1.0,,,3.0,3.0,0.0,1,2.0,2.0,2.0,,1403.84,1.0,,,,,9419.7869,2971.7223,0,0,0.0,,0,0,32558,1,,,,,,2.0,2925.8013,7870.0,2200.0,-1,,,,,,,313831.0,2011,620,617,0,0,0,0,0,18.0,8.0,40.0,2011,1.0,1,8,2,8900,89001,1,33,17,16980,0,1.0,1.0,1.0,7,1,58,2.0,1,44,2,,1,1,1,2,440,440,440,4,0,10,1.0,1.0,,30.0,,30.0,,,22.0,,,7.0,3.0,0.0,1,2.0,2.0,2.0,,1461.53,2.0,1.0,,,,10940.8883,3001.9142,0,0,0.0,,0,0,58257,1,,,,,,2.0,2970.9055,7870.0,,-1,,,,,,,312627.0,2012,632,617,0,0,0,0,0,18.0,,2.0,2200.0,8.0,40.0,2012,MIS4_to_MIS8,illinois,1,2011-2012,1,0,0,0,retention
303908321881397,9,2.0,1,4,2,8900,89001,1,1,33,17,16980,0,1.0,1.0,1.0,7,1,61,2.0,2,39,2,,1,1,1,1,2,57,57,57,1,0,0,1.0,1.0,,40.0,,40.0,,,,,,2.0,3.0,0.0,1,2.0,1.0,1.0,1025.0,500.0,2.0,2.0,,,,11792.0917,2591.1972,0,0,1.0,1.0,0,0,42702,1,1.0,,,,,,2602.6379,7860.0,4220.0,-1,,,,,,,313835.0,2011,620,617,0,0,0,0,0,12.0,14.0,40.0,2011,1.0,1,8,2,8900,89001,1,33,17,16980,0,1.0,1.0,1.0,7,1,62,2.0,2,39,2,,1,1,1,2,57,57,57,1,0,0,1.0,1.0,,40.0,,40.0,,,,,,2.0,4.0,0.0,1,2.0,,1.0,1100.0,440.0,2.0,2.0,,,,15354.2623,2694.9145,0,0,1.0,1.0,0,42,58256,1,1.0,,,,,,2634.7027,7690.0,,-1,,,,,,,312631.0,2012,632,617,0,0,0,0,0,12.0,,2.0,4220.0,14.0,38.0,2012,MIS4_to_MIS8,illinois,1,2011-2012,0,1,0,1,retention
320979093113839,9,2.0,1,4,2,8900,89001,1,1,33,17,16980,0,1.0,1.0,1.0,7,3,45,1.0,2,34,1,1.0,2,1,2,1,2,303,303,303,5,0,9,2.0,1.0,,15.0,,15.0,,,18.0,,,7.0,3.0,0.0,1,2.0,,1.0,900.0,135.0,1.0,,,,,10954.9452,2751.7321,0,0,1.0,1.0,0,41,32559,2,,,,,,,2763.2707,9480.0,4610.0,-1,,,,,,1.0,313860.0,2011,620,617,0,0,0,0,0,7.5,15.0,51.0,2011,1.0,1,8,2,8900,89001,1,33,17,16980,0,1.0,1.0,1.0,7,3,46,1.0,2,34,1,1.0,1,2,1,2,303,303,303,5,0,9,2.0,1.0,,16.0,,16.0,,,14.0,,,6.0,2.0,0.0,1,2.0,,1.0,1015.0,162.4,1.0,,,,,12805.991,3141.9639,0,0,0.0,0.0,0,0,4392,2,,,,,,,3133.293,9480.0,,-1,,,,,,1.0,312662.0,2012,632,617,0,0,0,0,0,7.5,,1.0,4610.0,15.0,51.0,2012,MIS4_to_MIS8,illinois,1,2011-2012,1,0,0,0,retention
633191939700037,9,1.0,7,4,2,8900,89001,1,1,33,17,16980,0,1.0,1.0,1.0,7,2,70,,2,44,2,,1,0,0,5,2,57,57,57,1,0,0,1.0,1.0,,-4.0,,6.0,,,21.0,,,7.0,2.0,0.0,1,2.0,,1.0,2900.0,87.0,2.0,2.0,,,,8734.9401,2676.0018,0,0,0.0,0.0,0,0,4287,1,,,,,,3.0,2687.8169,9470.0,2340.0,-1,,,,,,,313918.0,2011,620,617,0,0,0,0,0,18.0,8.0,51.0,2011,1.0,7,8,2,8900,89001,1,33,17,16980,0,1.0,1.0,1.0,7,2,71,,2,44,2,,0,0,5,2,57,57,57,1,0,0,1.0,2.0,14.0,6.0,,,,,,,,10.0,2.0,0.0,1,2.0,1.0,1.0,3000.0,183.0,2.0,2.0,,,,6828.9772,2440.4895,0,0,0.0,0.0,0,0,16706,1,,,,,,3.0,2385.9623,9480.0,,-1,,,,,,,312729.0,2012,632,617,0,0,0,0,0,18.0,,2.0,2340.0,8.0,51.0,2012,MIS4_to_MIS8,illinois,1,2011-2012,1,0,0,0,retention
798630313970931,9,1.0,4,4,2,8900,89001,1,1,33,17,16980,0,1.0,1.0,1.0,7,1,53,,2,41,2,,1,1,1,4,2,57,57,57,1,0,0,1.0,1.0,,22.0,,22.0,,,15.0,,,6.0,2.0,0.0,1,2.0,1.0,1.0,1155.0,250.0,1.0,,,,,11276.2103,3006.3547,0,0,0.0,0.0,0,0,42703,1,,,3.0,,,,3019.6284,9480.0,4610.0,-1,,,,,,,313972.0,2011,620,617,0,0,0,0,0,14.0,15.0,51.0,2011,2.0,4,8,2,8900,89001,1,33,17,16980,0,1.0,1.0,1.0,7,1,54,,2,41,2,,1,1,4,2,57,57,57,1,0,0,2.0,1.0,,25.0,,25.0,,,14.0,,,6.0,4.0,0.0,1,2.0,,1.0,1000.0,250.0,1.0,,,,,10564.9854,2804.5516,0,0,0.0,0.0,0,0,66525,1,,,3.0,,,,2741.8902,8370.0,,-1,,,,,,,312773.0,2012,632,617,0,0,0,0,0,14.0,,2.0,4610.0,15.0,43.0,2012,MIS4_to_MIS8,illinois,1,2011-2012,0,1,0,1,retention
944007962139460,9,2.0,1,4,2,8900,89001,1,1,33,17,37900,0,1.0,1.0,,3,3,29,1.0,2,44,1,4.0,2,1,2,1,2,373,373,373,4,0,12,2.0,1.0,,40.0,,40.0,,,,,,2.0,2.0,0.0,1,2.0,2.0,2.0,,784.61,1.0,,,,,9234.4257,2318.7998,5,2,0.0,,0,0,32813,2,,,,,,2.0,2330.9021,7860.0,2320.0,-1,,,,,,,314042.0,2011,620,617,1,1,0,0,1,18.0,8.0,40.0,2011,1.0,1,8,2,8900,89001,1,33,17,37900,0,1.0,1.0,,3,3,30,1.0,2,44,1,4.0,1,2,1,2,373,373,373,4,0,12,2.0,1.0,,-4.0,,40.0,,,,,,2.0,3.0,0.0,1,2.0,2.0,2.0,,1000.0,1.0,,,,,11657.2518,2962.852,6,2,0.0,,0,0,32738,2,,,,,,2.0,2933.3674,7860.0,,-1,,,,,,,312849.0,2012,632,617,1,0,1,0,1,18.0,,1.0,2320.0,8.0,40.0,2012,MIS4_to_MIS8,illinois,1,2011-2012,1,0,0,0,retention
967649430409102,9,2.0,1,4,2,8900,89001,1,1,33,17,37900,0,1.0,1.0,,3,1,38,2.0,2,43,1,,1,1,1,1,2,57,57,57,1,0,0,1.0,1.0,,40.0,,49.0,,,,,,2.0,3.0,0.0,1,2.0,2.0,2.0,,900.0,1.0,,,,,12602.1561,3073.5905,3,1,0.0,,0,0,20268,1,,,,1.0,1.0,,3119.6444,7860.0,2310.0,-1,,,,,,,314051.0,2011,620,617,0,0,1,0,0,18.0,8.0,40.0,2011,2.0,1,8,2,8900,89001,1,33,17,37900,0,1.0,1.0,,3,1,40,2.0,2,43,1,,1,1,1,2,57,57,57,1,0,0,1.0,1.0,,40.0,5.0,32.0,,,5.0,,,4.0,3.0,0.0,1,2.0,2.0,2.0,,1000.0,1.0,,,,,11876.1052,2928.2452,3,1,0.0,,0,0,58318,1,,,,1.0,1.0,,2920.9611,7860.0,,-1,,,,,,,312857.0,2012,632,617,0,0,1,0,0,18.0,,1.0,2310.0,8.0,40.0,2012,MIS4_to_MIS8,illinois,1,2011-2012,1,0,0,0,retention
20067182130820,9,1.0,1,4,2,8900,89001,1,1,33,17,16980,0,2.0,1.0,,7,3,54,1.0,2,44,1,,2,1,2,1,2,57,57,57,1,0,0,2.0,1.0,,40.0,,40.0,,,,,,2.0,3.0,0.0,1,2.0,2.0,2.0,,1923.07,1.0,,,,,11468.0005,2889.4391,0,0,0.0,,0,0,32842,2,,,,,,1.0,2892.6835,7860.0,1006.0,-1,,,,,,,314082.0,2011,620,617,0,0,0,0,0,17.0,3.0,40.0,2011,1.0,1,8,2,8900,89001,1,33,17,16980,0,2.0,1.0,,7,3,55,1.0,2,44,1,,1,2,1,2,57,57,57,1,0,0,2.0,5.0,,,,,,,,,,1.0,,,2,,,,,,,,,,,11290.8451,2793.2663,0,0,,,0,0,20184,2,,,,,,1.0,2879.843,,,-1,,,,,,,312892.0,2012,632,617,0,0,0,0,0,17.0,,1.0,,,,2012,MIS4_to_MIS8,illinois,1,2011-2012,0,1,0,0,retention
32195969700884,9,2.0,1,4,2,8900,89001,1,1,33,17,37900,0,2.0,1.0,,3,3,21,1.0,1,42,1,,2,1,2,1,2,57,57,57,1,0,0,1.0,1.0,,20.0,,20.0,,,22.0,,,7.0,2.0,0.0,1,2.0,,1.0,1000.0,200.0,2.0,2.0,2.0,,,14982.631,3597.8375,0,0,1.0,1.0,0,0,32810,2,,,3.0,,,,3633.1315,7860.0,4220.0,-1,,,,,,,314103.0,2011,620,617,0,0,0,0,0,14.0,14.0,40.0,2011,2.0,1,8,2,8900,89001,1,33,17,37900,0,2.0,1.0,,3,3,21,1.0,1,42,1,,1,2,1,2,57,57,57,1,0,0,1.0,1.0,,30.0,,30.0,,,22.0,,,7.0,4.0,0.0,1,2.0,,1.0,2200.0,660.0,2.0,2.0,1.0,1.0,2.0,13496.4649,3335.8912,0,0,0.0,0.0,0,0,20126,2,,,3.0,,,,3323.537,2980.0,,-1,,,,,,,312909.0,2012,632,617,0,0,0,0,0,14.0,,1.0,1430.0,4.0,6.0,2012,MIS4_to_MIS8,illinois,1,2011-2012,0,1,0,1,retention
163963708037719,9,1.0,6,4,2,8900,89001,1,1,33,17,41180,0,2.0,1.0,,6,2,55,,1,39,1,,1,0,0,4,2,57,57,57,1,0,0,1.0,1.0,,40.0,,40.0,,,,,,2.0,3.0,0.0,1,2.0,1.0,1.0,2250.0,923.07,1.0,,,,,11283.5158,2792.5187,0,0,0.0,0.0,0,0,19933,1,1.0,,,,,,2774.5809,770.0,4250.0,-1,,,,,,,314165.0,2011,620,617,0,0,0,0,0,12.0,14.0,4.0,2011,1.0,6,8,2,8900,89001,1,33,17,41180,0,2.0,1.0,,6,2,56,,1,39,1,,0,0,4,2,57,57,57,1,0,0,1.0,1.0,,40.0,,40.0,,,,,,2.0,3.0,0.0,1,2.0,,1.0,2000.0,800.0,1.0,,,,,11441.7942,2807.6864,0,0,1.0,1.0,0,42,42709,1,1.0,,,,,,2800.0254,770.0,,-1,,,,,,,312969.0,2012,632,617,0,0,0,0,0,12.0,,1.0,6260.0,19.0,4.0,2012,MIS4_to_MIS8,illinois,1,2011-2012,1,0,0,0,retention
193893001096703,9,4.0,1,4,2,8900,89001,1,1,33,17,16980,0,2.0,1.0,,7,1,60,2.0,2,40,1,1.0,1,1,1,1,2,303,303,303,4,0,4,2.0,1.0,,40.0,,40.0,,,,,,2.0,3.0,0.0,1,2.0,1.0,1.0,1700.0,875.0,2.0,2.0,,,,11300.7028,2848.1766,0,0,0.0,0.0,0,0,42699,1,,,2.0,,,,2898.4009,7860.0,2540.0,-1,,,,,,,314194.0,2011,620,617,0,0,0,0,0,13.0,8.0,40.0,2011,1.0,4,8,2,8900,89001,1,33,17,16980,0,2.0,1.0,,7,1,61,,2,40,1,1.0,1,1,4,2,303,303,303,4,0,4,1.0,2.0,4.0,30.0,,,,,,,,10.0,3.0,0.0,1,2.0,,1.0,2000.0,600.0,1.0,,,,,12057.8513,2948.2629,0,0,0.0,0.0,0,0,50271,1,,,3.0,,,,2987.2179,7860.0,,-1,,,,,,,312999.0,2012,632,617,0,0,0,0,0,14.0,,1.0,2540.0,8.0,40.0,2012,MIS4_to_MIS8,illinois,1,2011-2012,1,0,0,0,retention
260178000213820,9,1.0,1,4,2,8900,89001,1,1,33,17,16980,0,2.0,1.0,,7,1,47,2.0,1,36,1,,1,1,1,1,2,57,57,57,1,0,0,1.0,1.0,,40.0,,40.0,,,,,,2.0,3.0,0.0,1,2.0,2.0,2.0,,961.53,1.0,,,,,11996.9251,2888.9285,4,2,0.0,,0,0,32839,1,,,,,,,2919.3917,9470.0,3850.0,-1,,,,,,,314251.0,2011,620,617,0,0,0,1,0,10.0,12.0,51.0,2011,2.0,1,8,2,8900,89001,1,33,17,16980,0,2.0,1.0,,7,1,49,2.0,1,39,1,,1,1,1,2,57,57,57,1,0,0,2.0,1.0,,40.0,,40.0,,,,,,2.0,3.0,0.0,1,2.0,,1.0,1000.0,400.0,1.0,,,,,10887.3905,2771.2953,4,2,1.0,1.0,0,42,32773,1,1.0,,,,,,2757.2486,9470.0,,-1,,,,,,,313055.0,2012,632,617,0,0,0,1,0,12.0,,1.0,3850.0,12.0,51.0,2012,MIS4_to_MIS8,illinois,1,2011-2012,1,0,0,0,retention
260178000213820,9,1.0,1,4,2,8900,89001,1,1,33,17,16980,0,2.0,1.0,,7,3,43,1.0,2,39,1,,2,1,2,1,2,57,57,57,1,0,0,2.0,1.0,,40.0,,40.0,,,,,,2.0,3.0,0.0,1,2.0,2.0,2.0,,480.76,2.0,2.0,,,,10788.2603,2641.3914,4,2,0.0,,0,0,32839,2,1.0,,,,,,2670.6173,9370.0,5110.0,-1,,,,,,,314252.0,2011,620,617,0,0,0,1,0,12.0,17.0,51.0,2011,2.0,1,8,2,8900,89001,1,33,17,16980,0,2.0,1.0,,7,3,44,1.0,2,39,1,,1,2,1,2,57,57,57,1,0,0,1.0,1.0,,40.0,,40.0,,,,,,2.0,3.0,0.0,1,2.0,,1.0,1600.0,640.0,2.0,2.0,,,,11707.8925,2886.7696,4,2,1.0,1.0,0,42,32773,2,1.0,,,,,,2879.5888,680.0,,-1,,,,,,,313056.0,2012,632,617,0,0,0,1,0,12.0,,1.0,5110.0,17.0,24.0,2012,MIS4_to_MIS8,illinois,1,2011-2012,1,0,0,0,retention
310709906459882,9,2.0,3,4,2,8900,89001,1,1,33,17,37900,0,2.0,1.0,,3,6,48,3.0,1,43,1,,2,2,2,1,2,57,57,57,1,0,0,1.0,4.0,,,,,,,,8.0,2.0,11.0,3.0,0.0,2,,,,,,,,,,,10524.6612,2903.9761,10,2,,,0,0,63202,2,,,,1.0,1.0,,2725.3747,9470.0,3850.0,-1,3.0,,,,,,314298.0,2011,620,617,0,0,1,1,0,18.0,12.0,51.0,2011,1.0,1,8,2,8900,89001,1,33,17,37900,0,2.0,1.0,,3,1,49,3.0,1,44,1,,1,1,1,2,57,57,57,1,0,0,2.0,1.0,,40.0,,40.0,,,,,,2.0,3.0,0.0,1,2.0,2.0,2.0,,961.53,2.0,2.0,,,,11114.8962,2829.205,3,1,0.0,,0,42,66571,2,,,,,,2.0,2814.8648,7860.0,,-1,3.0,,,,,,313101.0,2012,632,617,0,0,1,0,0,18.0,,1.0,2320.0,8.0,40.0,2012,MIS4_to_MIS8,illinois,1,2011-2012,1,0,0,0,retention
310709943496485,9,1.0,7,4,2,8900,89001,1,1,33,17,40420,0,2.0,1.0,,3,2,63,,2,42,1,1.0,1,0,0,5,2,303,303,303,4,0,5,1.0,1.0,,40.0,,40.0,,,,,,2.0,3.0,0.0,1,2.0,,1.0,2000.0,800.0,2.0,2.0,,,,11200.002,2822.7964,0,0,1.0,1.0,0,42,42888,1,,,3.0,,,,2872.5732,9380.0,850.0,-1,,,,,,,314313.0,2011,620,617,0,0,0,0,0,14.0,2.0,51.0,2011,1.0,7,8,2,8900,89001,1,33,17,40420,0,2.0,1.0,,3,2,65,,2,42,1,1.0,0,0,4,2,303,303,303,4,0,5,1.0,1.0,,40.0,,40.0,,,,,,2.0,3.0,0.0,1,2.0,,1.0,2193.0,877.2,2.0,2.0,,,,10243.403,2629.835,0,0,1.0,1.0,0,42,7708,1,,,3.0,,,,2564.8635,8370.0,,-1,,,,,,,313117.0,2012,632,617,0,0,0,0,0,14.0,,1.0,2016.0,6.0,43.0,2012,MIS4_to_MIS8,illinois,1,2011-2012,1,0,0,0,retention
339196329700836,9,3.0,1,4,2,8900,89001,1,1,33,17,16980,0,2.0,1.0,,7,3,54,1.0,2,39,1,,2,1,2,1,2,57,57,57,1,0,0,2.0,1.0,,5.0,,7.0,,,15.0,,,6.0,3.0,0.0,1,2.0,,1.0,1000.0,50.0,2.0,2.0,,,,11468.0005,2889.4391,0,0,0.0,0.0,0,0,30153,2,1.0,,,,,,2892.6835,7860.0,3940.0,4020,,,,,,,314324.0,2011,620,617,0,0,0,0,0,12.0,12.0,40.0,2011,1.0,1,8,2,8900,89001,1,33,17,16980,0,2.0,1.0,,7,3,55,1.0,2,39,1,,1,2,1,2,57,57,57,1,0,0,1.0,1.0,,24.0,,24.0,,,18.0,,,7.0,4.0,0.0,1,2.0,,1.0,1000.0,240.0,2.0,2.0,,,,10722.1717,2793.2663,0,0,0.0,0.0,0,0,7536,2,1.0,,,,,,2755.7657,7860.0,,-1,,,,,,,313130.0,2012,632,617,0,0,0,0,0,12.0,,1.0,2310.0,8.0,40.0,2012,MIS4_to_MIS8,illinois,1,2011-2012,0,1,0,1,retention
403902171697837,9,1.0,1,4,2,8900,89001,1,1,33,17,16980,0,2.0,1.0,,7,3,30,1.0,2,43,1,,2,1,2,1,2,57,57,57,1,0,0,1.0,1.0,,40.0,,40.0,,,,,,2.0,3.0,0.0,1,2.0,2.0,2.0,,923.07,1.0,,,,,10730.5218,2714.9032,0,0,0.0,,0,0,20127,2,,,,2.0,,,2708.5383,7860.0,2310.0,-1,,,,,,,314341.0,2011,620,617,0,0,0,0,0,16.0,8.0,40.0,2011,1.0,1,8,2,8900,89001,1,33,17,16980,0,2.0,1.0,,7,3,32,1.0,2,43,1,,1,2,1,2,57,57,57,1,0,0,2.0,1.0,,40.0,,40.0,,,,,,2.0,3.0,0.0,1,2.0,2.0,2.0,,923.07,1.0,,,,,10878.417,2766.8454,0,0,0.0,,0,0,19981,2,,,,1.0,1.0,,2737.3856,7860.0,,-1,,,,,,,313146.0,2012,632,617,0,0,0,0,0,18.0,,1.0,2310.0,8.0,40.0,2012,MIS4_to_MIS8,illinois,1,2011-2012,1,0,0,0,retention
437818530759109,9,1.0,1,4,2,8900,89001,1,1,33,17,16980,0,2.0,1.0,,7,3,34,1.0,2,41,1,1.0,2,1,2,1,2,57,303,57,1,0,0,2.0,1.0,,40.0,,40.0,,,,,,2.0,3.0,0.0,1,2.0,,1.0,1560.0,624.0,2.0,2.0,,,,11118.0633,2830.8871,8,2,1.0,1.0,0,42,7458,2,,,3.0,,,,2806.3593,7860.0,3255.0,-1,,,,,,,314363.0,2011,620,617,0,1,1,0,1,14.0,10.0,40.0,2011,1.0,1,8,2,8900,89001,1,33,17,16980,0,2.0,1.0,,7,3,35,1.0,2,41,1,1.0,1,2,1,2,57,303,57,1,0,0,2.0,1.0,,35.0,,35.0,,,,,,2.0,3.0,0.0,1,2.0,2.0,2.0,,461.0,1.0,,,,,11899.9253,2935.1168,8,2,1.0,,0,42,63121,2,,,5.0,,,,2926.8198,7860.0,,-1,,,,,,,313167.0,2012,632,617,0,1,1,0,1,16.0,,1.0,3255.0,10.0,40.0,2012,MIS4_to_MIS8,illinois,1,2011-2012,1,0,0,0,retention
671282003001208,9,4.0,1,4,2,8900,89001,1,1,33,17,16980,0,2.0,1.0,,7,4,22,,1,39,1,,3,1,3,7,2,57,57,57,1,0,0,2.0,1.0,,40.0,,40.0,,,,,,2.0,3.0,0.0,1,2.0,,1.0,2000.0,800.0,1.0,,2.0,,,14904.9953,3579.1946,0,0,0.0,0.0,0,0,20319,3,1.0,,,,,,3614.3057,9390.0,4250.0,-1,,,,,2.0,1.0,314417.0,2011,620,617,0,0,0,0,0,12.0,14.0,51.0,2011,2.0,1,8,2,8900,89001,1,33,17,16980,0,2.0,1.0,,7,4,23,,1,39,1,,1,3,7,2,57,57,57,1,0,0,2.0,1.0,,40.0,,40.0,,,,,,2.0,3.0,0.0,1,2.0,,1.0,2100.0,840.0,1.0,,2.0,,,13220.2119,3267.6103,0,0,0.0,0.0,0,0,32772,3,1.0,,,,,,3255.509,9390.0,,-1,,,,,2.0,1.0,313223.0,2012,632,617,0,0,0,0,0,12.0,,1.0,9620.0,22.0,51.0,2012,MIS4_to_MIS8,illinois,1,2011-2012,1,0,0,0,retention
771127083906493,9,1.0,1,4,2,8900,89001,1,1,33,17,16980,0,2.0,1.0,,7,3,23,1.0,2,43,1,,2,1,2,1,2,57,57,57,1,0,0,2.0,1.0,,40.0,,40.0,,,,,,2.0,3.0,0.0,1,2.0,,1.0,850.0,340.0,1.0,,2.0,,,14138.4449,3341.6031,0,0,1.0,1.0,0,42,58403,2,,,,2.0,,,3361.3432,7860.0,2310.0,-1,,,,,,,314501.0,2011,620,617,0,0,0,0,0,16.0,8.0,40.0,2011,2.0,1,8,2,8900,89001,1,33,17,16980,0,2.0,1.0,,7,3,24,1.0,2,43,1,,1,2,1,2,57,57,57,1,0,0,2.0,1.0,,40.0,,40.0,,,,,,2.0,3.0,0.0,1,1.0,1.0,1.0,2000.0,769.0,1.0,,2.0,,,14787.539,3665.6025,0,0,1.0,1.0,0,0,7535,2,,,,2.0,,,3588.6545,7860.0,,-1,,,,,,,313307.0,2012,632,617,0,0,0,0,0,16.0,,1.0,2310.0,8.0,40.0,2012,MIS4_to_MIS8,illinois,1,2011-2012,1,0,0,0,retention
799730367810631,9,1.0,7,4,2,8900,89001,1,1,33,17,41180,0,2.0,1.0,,6,2,69,,2,39,1,,1,0,0,5,2,57,57,57,1,0,0,1.0,1.0,,24.0,,24.0,,,21.0,,,7.0,3.0,0.0,1,2.0,2.0,2.0,,230.76,2.0,2.0,,,,12224.6193,2875.3899,0,0,0.0,,0,0,7417,1,1.0,,,,,,2848.8982,9370.0,5860.0,-1,,,,,,,314529.0,2011,620,617,0,0,0,0,0,12.0,17.0,51.0,2011,1.0,7,8,2,8900,89001,1,33,17,41180,0,2.0,1.0,,6,2,70,,2,39,1,,0,0,5,2,57,57,57,1,0,0,1.0,1.0,,24.0,,26.0,,,21.0,,,7.0,3.0,0.0,1,2.0,2.0,2.0,,230.76,2.0,2.0,,,,10968.8776,2836.0025,0,0,0.0,,0,0,42707,1,1.0,,,,,,2746.5163,9370.0,,10,,,,,,,313329.0,2012,632,617,0,0,0,0,0,12.0,,1.0,430.0,1.0,51.0,2012,MIS4_to_MIS8,illinois,1,2011-2012,1,0,0,0,retention
950077924139550,9,1.0,1,4,2,8900,89001,1,1,33,17,16980,0,2.0,1.0,,7,1,32,2.0,2,40,1,,1,1,1,1,2,57,57,57,1,0,0,1.0,1.0,,30.0,,30.0,,,18.0,,,7.0,3.0,0.0,1,2.0,2.0,2.0,,576.92,2.0,2.0,,,,10730.5218,2714.9032,10,2,0.0,,0,0,58440,1,,,3.0,,,,2708.5383,9380.0,810.0,-1,,,,,,,314584.0,2011,620,617,0,0,1,1,0,14.0,2.0,51.0,2011,3.0,1,8,2,8900,89001,1,33,17,16980,0,2.0,1.0,,7,1,33,2.0,2,40,1,,1,1,1,2,57,57,57,1,0,0,1.0,1.0,,35.0,,35.0,,,,,,2.0,3.0,0.0,1,2.0,2.0,2.0,,576.92,2.0,1.0,,,,10878.417,2766.8454,10,2,0.0,,0,0,42899,1,,,2.0,,,,2737.3856,9380.0,,-1,,,,,,,313384.0,2012,632,617,0,0,1,1,0,13.0,,1.0,5810.0,17.0,51.0,2012,MIS4_to_MIS8,illinois,1,2011-2012,1,0,0,0,retention
950077924139550,9,1.0,1,4,2,8900,89001,1,1,33,17,16980,0,2.0,1.0,,7,3,34,1.0,1,39,1,,2,1,2,1,2,57,57,57,1,0,0,2.0,1.0,,40.0,,40.0,,,,,,2.0,3.0,0.0,1,1.0,2.0,2.0,,769.23,1.0,,,,,12502.7478,3112.1509,10,2,0.0,,0,0,58440,2,1.0,,,,,,3119.0761,770.0,9130.0,-1,,,,,,,314585.0,2011,620,617,0,0,1,1,0,12.0,22.0,4.0,2011,3.0,1,8,2,8900,89001,1,33,17,16980,0,2.0,1.0,,7,3,35,1.0,1,39,1,,1,2,1,2,57,57,57,1,0,0,2.0,1.0,,40.0,,40.0,,,,,,2.0,3.0,0.0,1,1.0,2.0,2.0,,865.38,1.0,,,,,11253.6874,2832.5686,10,2,0.0,,0,0,42899,2,1.0,,,,,,2836.9987,770.0,,-1,,,,,,,313385.0,2012,632,617,0,0,1,1,0,12.0,,1.0,9130.0,22.0,4.0,2012,MIS4_to_MIS8,illinois,1,2011-2012,1,0,0,0,retention
971173063708393,9,2.0,1,4,2,8900,89001,1,1,33,17,16980,0,2.0,1.0,,7,3,54,1.0,2,44,1,,2,1,2,1,2,57,57,57,1,0,0,2.0,1.0,,40.0,,40.0,,,,,,2.0,3.0,0.0,1,2.0,2.0,2.0,,846.15,1.0,,,,,11468.0005,2889.4391,0,0,0.0,,0,0,32552,2,,,,,,2.0,2892.6835,7860.0,2310.0,-1,,,,,,,314625.0,2011,620,617,0,0,0,0,0,18.0,8.0,40.0,2011,3.0,1,8,2,8900,89001,1,33,17,16980,0,2.0,1.0,,7,3,55,1.0,2,44,1,,1,2,1,2,57,57,57,1,0,0,2.0,1.0,,40.0,,40.0,,,,,,2.0,3.0,0.0,1,2.0,2.0,2.0,,884.61,1.0,,,,,10722.1717,2793.2663,0,0,0.0,,0,0,4389,2,,,,,,2.0,2755.7657,7860.0,,-1,,,,,,,313435.0,2012,632,617,0,0,0,0,0,18.0,,1.0,2330.0,8.0,40.0,2012,MIS4_to_MIS8,illinois,1,2011-2012,1,0,0,0,retention
907769430929107,9,2.0,1,4,2,8900,89001,1,1,33,17,0,0,3.0,2.0,,0,3,47,1.0,2,41,1,,2,1,2,1,2,57,57,57,1,0,0,1.0,1.0,,40.0,,50.0,,,,,,2.0,3.0,0.0,1,2.0,,1.0,2200.0,880.0,2.0,2.0,,,,10718.1205,2718.1282,0,0,0.0,0.0,0,0,42870,2,,,5.0,,,,2703.5341,8190.0,3255.0,3255,,,,,,,314740.0,2011,620,617,0,0,0,0,0,16.0,10.0,41.0,2011,1.0,1,8,2,8900,89001,1,33,17,0,0,3.0,2.0,,0,3,48,1.0,2,41,1,,1,2,1,2,57,57,57,1,0,0,2.0,1.0,,40.0,,40.0,,,,,,2.0,4.0,0.0,1,2.0,,1.0,1600.0,640.0,2.0,2.0,,,,10643.1833,2629.7818,0,0,1.0,1.0,0,42,20169,2,,,5.0,,,,2604.1102,8190.0,,-1,,,,,,,313540.0,2012,632,617,0,0,0,0,0,16.0,,1.0,3255.0,10.0,41.0,2012,MIS4_to_MIS8,illinois,1,2011-2012,0,1,0,1,retention
310700033790910,9,2.0,1,4,2,8900,89001,1,1,33,17,19500,115,,1.0,,2,1,40,2.0,1,41,1,,1,1,1,1,2,57,57,57,1,0,0,1.0,1.0,,40.0,,66.0,,,,,,2.0,3.0,0.0,1,2.0,1.0,1.0,3150.0,600.0,1.0,,,,,13616.2843,3371.4664,3,3,0.0,0.0,0,0,63200,1,,,3.0,,,,3363.9301,9470.0,3850.0,3930,,,,,,,314806.0,2011,620,617,0,0,1,0,0,14.0,12.0,51.0,2011,1.0,1,8,2,8900,89001,1,33,17,19500,115,,1.0,,2,1,41,2.0,1,41,1,,1,1,1,2,57,57,57,1,0,0,2.0,1.0,,40.0,,42.0,,,,,,2.0,3.0,0.0,1,2.0,1.0,1.0,1000.0,711.0,1.0,,,,,11928.8576,3017.9083,3,3,1.0,1.0,0,0,20096,1,,,3.0,,,,3007.2058,9470.0,,-1,,,,,,,313616.0,2012,632,617,0,0,1,0,0,14.0,,1.0,3850.0,12.0,51.0,2012,MIS4_to_MIS8,illinois,1,2011-2012,1,0,0,0,retention
951097999139510,9,1.0,7,4,0,8900,89002,2,2,33,17,19500,115,,1.0,,2,2,53,,2,39,1,,1,0,0,5,2,57,57,57,1,0,0,1.0,2.0,5.0,40.0,,,,,,,,5.0,2.0,0.0,1,2.0,,1.0,2700.0,1080.0,1.0,,,,,11578.8596,2917.3707,0,0,0.0,0.0,0,0,58423,1,1.0,,,,,,2920.6466,8090.0,3930.0,-1,,,,,,,314876.0,2011,620,617,0,0,0,0,0,12.0,12.0,42.0,2011,1.0,7,8,2,8900,89002,2,33,17,19500,115,,1.0,,2,2,54,,2,39,1,,0,0,5,2,57,57,57,1,0,0,1.0,1.0,,40.0,,40.0,,,,,,2.0,2.0,0.0,1,2.0,2.0,2.0,,383.0,1.0,,,,,11873.5208,2899.5832,0,0,1.0,,0,0,7644,1,1.0,,,,,,2905.1418,9480.0,,-1,,,,,,,313682.0,2012,632,617,0,0,0,0,0,12.0,,1.0,3930.0,12.0,51.0,2012,MIS4_to_MIS8,illinois,1,2011-2012,1,0,0,0,retention
760986091213169,9,1.0,1,4,2,8900,89001,1,1,32,18,43780,141,1.0,1.0,,3,1,69,2.0,1,40,1,,1,1,1,1,2,57,57,57,1,0,0,1.0,1.0,,25.0,,25.0,,,22.0,,,7.0,2.0,0.0,1,2.0,,1.0,1700.0,425.0,1.0,,,,,12081.8495,2912.3759,0,0,0.0,0.0,0,0,32989,1,,,3.0,,,,2904.8675,7860.0,9120.0,-1,4.0,,,,,,314980.0,2011,620,617,0,0,0,0,0,14.0,22.0,40.0,2011,1.0,1,8,2,8900,89001,1,32,18,43780,141,1.0,1.0,,3,1,70,2.0,1,40,1,,1,1,1,2,57,57,57,1,0,0,1.0,1.0,,25.0,,25.0,,,21.0,,,7.0,2.0,0.0,1,2.0,,1.0,1610.0,450.8,1.0,,,,,10505.5956,2737.2967,0,0,0.0,0.0,0,0,4440,1,,,3.0,,,,2663.1193,7860.0,,-1,4.0,,,,,,313775.0,2012,632,617,0,0,0,0,0,14.0,,1.0,9120.0,22.0,40.0,2012,MIS4_to_MIS8,indiana,0,2011-2012,1,0,0,0,retention
879610515750931,9,2.0,7,4,2,8900,89001,1,1,32,18,26900,0,1.0,1.0,,5,2,29,,2,43,1,,1,0,0,7,2,57,57,57,1,0,0,1.0,1.0,,25.0,,30.0,,,20.0,,,7.0,3.0,0.0,1,2.0,,1.0,1500.0,375.0,2.0,2.0,,,,17368.1969,4375.622,0,0,0.0,0.0,0,0,62503,1,,,,1.0,1.0,,4383.9831,7860.0,2320.0,-1,,,,,,,314989.0,2011,620,617,0,0,0,0,0,18.0,8.0,40.0,2011,1.0,1,8,2,8900,89001,1,32,18,26900,0,1.0,1.0,,5,1,30,2.0,2,43,1,,1,1,1,2,57,57,57,1,0,0,1.0,1.0,,30.0,,30.0,,,20.0,,,7.0,5.0,0.0,1,2.0,,1.0,1530.0,459.0,2.0,2.0,,,,14275.3205,3681.5063,0,0,0.0,0.0,0,0,30209,1,,,,1.0,1.0,,3592.1639,8470.0,,-1,,,,,,,313794.0,2012,632,617,0,0,0,0,0,18.0,,1.0,4600.0,15.0,43.0,2012,MIS4_to_MIS8,indiana,0,2011-2012,0,1,0,1,retention
35511380994497,9,2.0,1,4,2,8900,89001,1,1,32,18,26900,63,2.0,1.0,,5,3,67,1.0,1,44,1,,2,1,2,1,2,57,57,57,1,0,0,2.0,1.0,,40.0,,40.0,,,,,,2.0,3.0,0.0,1,1.0,2.0,2.0,,1923.0,2.0,2.0,,,,11924.9,2874.5426,0,0,1.0,,0,0,7715,2,,,,,,3.0,2867.1318,9370.0,630.0,-1,,,,,,,315033.0,2011,620,617,0,0,0,0,0,18.0,2.0,51.0,2011,1.0,1,8,2,8900,89001,1,32,18,26900,63,2.0,1.0,,5,3,67,1.0,1,44,1,,1,2,1,2,57,57,57,1,0,0,2.0,1.0,,40.0,,40.0,,,,,,2.0,3.0,0.0,1,2.0,2.0,2.0,,461.53,2.0,2.0,,,,11635.5952,3031.7249,0,0,0.0,,0,0,50443,2,,,,,,3.0,2949.5689,9480.0,,-1,,,,,,,313843.0,2012,632,617,0,0,0,0,0,18.0,,1.0,430.0,1.0,51.0,2012,MIS4_to_MIS8,indiana,0,2011-2012,1,0,0,0,retention
310809999139989,9,1.0,1,4,2,8900,89001,1,1,32,18,16980,89,2.0,1.0,,7,1,38,2.0,2,40,1,,1,1,1,1,2,57,110,151,1,0,0,1.0,1.0,,30.0,,30.0,,,22.0,,,7.0,3.0,0.0,1,1.0,,1.0,3800.0,1140.0,1.0,,,,,17494.6825,4308.2292,3,2,1.0,1.0,0,42,58462,1,,,3.0,,,,4330.7818,7860.0,2340.0,-1,,,,,,,315077.0,2011,620,617,0,0,1,0,0,14.0,8.0,40.0,2011,1.0,1,8,2,8900,89001,1,32,18,16980,89,2.0,1.0,,7,1,39,2.0,2,40,1,,1,1,1,2,57,110,151,1,0,0,1.0,1.0,,35.0,,35.0,,,,,,2.0,3.0,0.0,1,2.0,2.0,2.0,,461.0,1.0,,,,,14621.2122,3708.159,3,2,1.0,,0,42,50470,1,,,3.0,,,,3596.1279,7860.0,,-1,,,,,,,313888.0,2012,632,617,0,0,1,0,0,14.0,,1.0,2310.0,8.0,40.0,2012,MIS4_to_MIS8,indiana,0,2011-2012,1,0,0,0,retention
220985090313719,9,1.0,1,4,2,8900,89001,1,1,32,18,0,0,3.0,2.0,,0,1,32,2.0,2,42,1,,1,1,1,1,2,57,57,57,1,0,0,1.0,1.0,,40.0,,40.0,,,,,,2.0,2.0,0.0,1,2.0,,1.0,1463.0,585.2,2.0,2.0,,,,14606.334,3731.3529,3,1,0.0,0.0,0,0,16912,1,,,4.0,,,,3686.8491,9470.0,3820.0,-1,,,,,,,315242.0,2011,620,617,0,0,1,0,0,15.0,12.0,51.0,2011,1.0,1,8,2,8900,89001,1,32,18,0,0,3.0,2.0,,0,1,33,2.0,2,42,1,,1,1,1,2,57,57,57,1,0,0,1.0,1.0,,40.0,,40.0,,,,,,2.0,2.0,0.0,1,2.0,2.0,2.0,,550.0,2.0,2.0,,,,13113.8909,3381.9816,3,1,0.0,,0,0,50423,1,,,4.0,,,,3299.9081,9470.0,,-1,,,,,,,314049.0,2012,632,617,0,0,1,0,0,15.0,,1.0,3820.0,12.0,51.0,2012,MIS4_to_MIS8,indiana,0,2011-2012,1,0,0,0,retention
220985090313719,9,1.0,1,4,2,8900,89001,1,1,32,18,0,0,3.0,2.0,,0,3,37,1.0,1,40,1,,2,1,2,1,2,57,57,57,1,0,0,2.0,1.0,,40.0,,55.0,,,,,,2.0,3.0,0.0,1,2.0,1.0,1.0,1300.0,750.0,1.0,,,,,14842.7276,3676.2033,3,1,0.0,1.0,0,0,16912,2,,,3.0,,,,3666.9254,9470.0,3850.0,2016,,,,,,,315243.0,2011,620,617,0,0,1,0,0,14.0,12.0,51.0,2011,1.0,1,8,2,8900,89001,1,32,18,0,0,3.0,2.0,,0,3,38,1.0,1,40,1,,1,2,1,2,57,57,57,1,0,0,2.0,1.0,,40.0,,55.0,,,,,,2.0,3.0,0.0,1,2.0,2.0,2.0,,600.0,2.0,2.0,,,,13985.1495,3569.2189,3,1,0.0,,0,0,50423,2,,,3.0,,,,3525.5868,9470.0,,3820,,,,,,,314050.0,2012,632,617,0,0,1,0,0,14.0,,1.0,3850.0,12.0,51.0,2012,MIS4_to_MIS8,indiana,0,2011-2012,1,0,0,0,retention
500985092313219,9,1.0,7,4,2,8900,89001,1,1,32,18,0,0,3.0,2.0,,0,2,46,,2,44,1,,1,0,0,7,2,57,57,57,1,0,0,1.0,1.0,,40.0,,40.0,,,,,,2.0,3.0,0.0,1,2.0,2.0,2.0,,950.0,1.0,,,,,10460.9383,2678.6349,0,0,0.0,,0,0,63225,1,,,,,,2.0,2638.6626,7860.0,2330.0,-1,,,,,,,315254.0,2011,620,617,0,0,0,0,0,18.0,8.0,40.0,2011,2.0,1,8,2,8900,89001,1,32,18,0,0,3.0,2.0,,0,1,47,2.0,2,44,1,,1,1,1,2,57,57,57,1,0,0,1.0,1.0,,40.0,,40.0,,,,,,2.0,5.0,0.0,1,2.0,2.0,2.0,,1000.0,2.0,2.0,,,,9873.9913,2473.7819,0,0,0.0,,0,0,32827,1,,,,,,2.0,2415.9089,7860.0,,-1,,,,,,,314070.0,2012,632,617,0,0,0,0,0,18.0,,1.0,2310.0,8.0,40.0,2012,MIS4_to_MIS8,indiana,0,2011-2012,0,1,0,1,retention
938219230929101,9,3.0,4,4,2,8900,89001,1,1,32,18,0,0,3.0,2.0,,0,1,21,,2,40,1,,1,1,1,7,2,57,57,57,1,0,0,2.0,1.0,,24.0,,40.0,,,,,,2.0,3.0,0.0,1,2.0,1.0,1.0,1000.0,5.0,2.0,2.0,2.0,,,19245.1824,4592.6869,0,0,0.0,0.0,0,0,20548,1,,,3.0,,,,4575.444,6770.0,2440.0,5700,,,,,,1.0,315310.0,2011,620,617,0,0,0,0,0,14.0,8.0,31.0,2011,1.0,4,8,2,8900,89001,1,32,18,0,0,3.0,2.0,,0,1,22,,2,40,1,,1,1,7,2,57,57,57,1,0,0,1.0,1.0,,25.0,,25.0,,,20.0,,,7.0,3.0,0.0,1,2.0,1.0,1.0,1075.0,250.0,2.0,2.0,1.0,1.0,2.0,17826.3227,4480.5541,0,0,0.0,0.0,0,0,54115,1,,,2.0,,,,4326.1095,6770.0,,-1,,,,,,,314119.0,2012,632,617,0,0,0,0,0,13.0,,1.0,5320.0,17.0,31.0,2012,MIS4_to_MIS8,indiana,0,2011-2012,1,0,0,0,retention
976058977139690,9,2.0,1,4,2,8900,89001,1,1,32,18,0,0,3.0,2.0,,0,1,43,2.0,1,43,1,,1,1,1,1,2,57,57,57,1,0,0,2.0,1.0,,40.0,,40.0,,,,,,2.0,3.0,0.0,1,1.0,2.0,2.0,,1776.0,2.0,2.0,,,,15950.403,3987.7092,3,2,1.0,,0,42,20542,1,,,,2.0,,,3940.5788,9470.0,3850.0,-1,,,,,,,315342.0,2011,620,617,0,0,1,0,0,16.0,12.0,51.0,2011,2.0,1,8,2,8900,89001,1,32,18,0,0,3.0,2.0,,0,1,43,2.0,1,43,1,,1,1,1,2,57,57,57,1,0,0,2.0,1.0,,40.0,,48.0,,,,,,2.0,3.0,0.0,1,2.0,,1.0,1000.0,400.0,1.0,,,,,14354.3243,3682.2259,3,2,1.0,1.0,0,42,50544,1,,,,2.0,,,3618.6539,9470.0,,-1,,,,,,,314153.0,2012,632,617,0,0,1,0,0,16.0,,1.0,3850.0,12.0,51.0,2012,MIS4_to_MIS8,indiana,0,2011-2012,1,0,0,0,retention
976058977139690,9,2.0,1,4,2,8900,89001,1,1,32,18,0,0,3.0,2.0,,0,3,39,1.0,2,44,1,,2,1,2,1,2,57,57,57,1,0,0,1.0,1.0,,45.0,,45.0,,,,,,2.0,3.0,0.0,1,2.0,2.0,2.0,,2692.0,1.0,,,,,17186.756,4232.3994,3,2,1.0,,0,42,20542,2,,,,,,2.0,4254.5551,7860.0,230.0,-1,,,,,,,315343.0,2011,620,617,0,0,1,0,0,18.0,1.0,40.0,2011,2.0,1,8,2,8900,89001,1,32,18,0,0,3.0,2.0,,0,3,40,1.0,2,44,1,,1,2,1,2,57,57,57,1,0,0,1.0,1.0,,40.0,,40.0,,,,,,2.0,3.0,0.0,1,2.0,,1.0,1687.0,674.8,1.0,,,,,14113.8205,3528.5679,3,2,1.0,1.0,0,42,50544,2,,,,,,2.0,3471.3335,7860.0,,-1,,,,,,,314154.0,2012,632,617,0,0,1,0,0,18.0,,1.0,230.0,1.0,40.0,2012,MIS4_to_MIS8,indiana,0,2011-2012,1,0,0,0,retention
6231380995392,9,1.0,7,4,2,8900,89001,1,1,32,18,14020,0,,1.0,,2,2,75,,2,43,1,,1,0,0,7,2,57,57,57,1,0,0,1.0,1.0,,6.0,,4.0,,,19.0,,,7.0,2.0,0.0,1,2.0,2.0,2.0,,57.69,2.0,2.0,,,,11129.9515,2643.2988,0,0,0.0,,0,0,4340,1,,,,1.0,1.0,,2593.7903,7870.0,2200.0,-1,,,,,,,315361.0,2011,620,617,0,0,0,0,0,18.0,8.0,40.0,2011,1.0,7,8,2,8900,89001,1,32,18,14020,0,,1.0,,2,2,77,,2,43,1,,0,0,7,2,57,57,57,1,0,0,1.0,5.0,,,,,,,,,,1.0,3.0,0.0,2,,,,,,,,,,,10646.3877,2589.5717,0,0,,,0,0,20385,1,,,,1.0,1.0,,2683.5416,7870.0,,-1,,,,,,,314169.0,2012,632,617,0,0,0,0,0,18.0,,1.0,2200.0,8.0,40.0,2012,MIS4_to_MIS8,indiana,0,2011-2012,1,0,0,0,retention
681139093908091,9,1.0,1,4,2,8900,89001,1,1,32,18,33140,91,,1.0,,2,1,58,2.0,2,44,1,,1,1,1,1,2,57,57,57,1,0,0,2.0,1.0,,40.0,,40.0,,,,,,2.0,3.0,0.0,1,2.0,2.0,2.0,,1153.84,1.0,,,,,10118.2112,2636.3021,0,0,0.0,,0,0,50601,1,,,,,,3.0,2594.0965,7860.0,2310.0,-1,,,,,,,315375.0,2011,620,617,0,0,0,0,0,18.0,8.0,40.0,2011,1.0,1,8,2,8900,89001,1,32,18,33140,91,,1.0,,2,1,59,2.0,2,44,1,,1,1,1,2,57,57,57,1,0,0,2.0,5.0,,,,,,,,,,1.0,3.0,0.0,2,,,,,,,,,,,11205.4316,2697.0525,0,0,,,0,0,32857,1,,,,,,3.0,2858.0575,7860.0,,-1,,,,,,,314184.0,2012,632,617,0,0,0,0,0,18.0,,1.0,2310.0,8.0,40.0,2012,MIS4_to_MIS8,indiana,0,2011-2012,1,0,0,0,retention
681139093908091,9,1.0,1,4,2,8900,89001,1,1,32,18,33140,91,,1.0,,2,3,58,1.0,1,44,1,,2,1,2,1,2,57,57,57,1,0,0,1.0,1.0,,40.0,,40.0,,,,,,2.0,3.0,0.0,1,2.0,2.0,2.0,,1211.53,1.0,,,,,10860.1299,2713.8026,0,0,0.0,,0,0,50601,2,,,,,,3.0,2670.4716,7860.0,2310.0,-1,,,,,,,315376.0,2011,620,617,0,0,0,0,0,18.0,8.0,40.0,2011,1.0,1,8,2,8900,89001,1,32,18,33140,91,,1.0,,2,3,59,1.0,1,44,1,,1,2,1,2,57,57,57,1,0,0,1.0,5.0,,,,,,,,,,1.0,3.0,0.0,2,,,,,,,,,,,11958.919,2865.2288,0,0,,,0,0,32857,2,,,,,,3.0,2979.1968,7860.0,,-1,,,,,,,314185.0,2012,632,617,0,0,0,0,0,18.0,,1.0,2310.0,8.0,40.0,2012,MIS4_to_MIS8,indiana,0,2011-2012,1,0,0,0,retention
938529030269103,9,2.0,1,4,2,8900,89001,1,1,32,18,14020,0,,1.0,,2,3,53,1.0,2,43,1,,2,1,2,1,2,57,57,57,1,0,0,1.0,1.0,,40.0,,50.0,,,,,,2.0,3.0,0.0,1,2.0,2.0,2.0,,950.0,1.0,,,,,11514.2017,2929.215,0,0,1.0,,0,42,42980,2,,,,1.0,1.0,,2904.3373,7860.0,2310.0,-1,,,,,,,315409.0,2011,620,617,0,0,0,0,0,18.0,8.0,40.0,2011,3.0,1,8,2,8900,89001,1,32,18,14020,0,,1.0,,2,3,54,1.0,2,43,1,,1,2,1,2,57,57,57,1,0,0,1.0,1.0,,60.0,,60.0,,,,,,2.0,3.0,0.0,1,2.0,2.0,2.0,,634.61,1.0,,,,,10910.7097,2701.6529,0,0,0.0,,0,0,54106,2,,,,1.0,1.0,,2669.5669,7860.0,,-1,,,,,,,314218.0,2012,632,617,0,0,0,0,0,18.0,,1.0,2310.0,8.0,40.0,2012,MIS4_to_MIS8,indiana,0,2011-2012,1,0,0,0,retention
150968099933309,9,1.0,1,4,2,8900,89001,1,1,21,36,35620,5,1.0,1.0,,7,1,52,2.0,2,39,1,,1,1,1,1,2,120,120,120,4,0,5,1.0,1.0,,35.0,,35.0,,,,,,2.0,2.0,0.0,1,2.0,2.0,2.0,,769.0,2.0,2.0,,,,12506.6644,3116.1235,0,0,1.0,,0,0,38630,1,1.0,,,,,,3154.6757,7860.0,4200.0,-1,,,,,,,326219.0,2011,620,617,0,0,0,0,0,12.0,14.0,40.0,2011,3.0,1,8,2,8900,89001,1,21,36,35620,5,1.0,1.0,,7,1,53,2.0,2,39,1,,1,1,1,2,120,120,120,4,0,5,1.0,1.0,,35.0,,35.0,,,,,,2.0,5.0,0.0,1,2.0,1.0,1.0,1600.0,650.0,2.0,2.0,,,,12691.9723,3119.9355,0,0,0.0,0.0,0,0,47211,1,1.0,,,,,,3105.3956,7860.0,,-1,,,,,,,324927.0,2012,632,617,0,0,0,0,0,12.0,,1.0,4200.0,14.0,40.0,2012,MIS4_to_MIS8,new_york,0,2011-2012,0,1,0,1,retention
150968099933309,9,1.0,1,4,2,8900,89001,1,1,21,36,35620,5,1.0,1.0,,7,3,60,1.0,1,39,1,,2,1,2,1,2,120,120,120,4,0,5,2.0,1.0,,40.0,,40.0,,,,,,2.0,2.0,0.0,1,2.0,,1.0,1550.0,620.0,1.0,,,,,12324.0998,3100.3497,0,0,1.0,1.0,0,42,38630,2,1.0,,,,,,3162.3292,7860.0,8610.0,-1,,,,,3.0,,326220.0,2011,620,617,0,0,0,0,0,12.0,21.0,40.0,2011,3.0,1,8,2,8900,89001,1,21,36,35620,5,1.0,1.0,,7,3,61,1.0,1,39,1,,1,2,1,2,120,120,120,4,0,5,2.0,1.0,,40.0,,40.0,,,,,,2.0,5.0,0.0,1,2.0,1.0,1.0,2300.0,900.0,2.0,2.0,,,,13213.8688,3403.8734,0,0,0.0,0.0,0,0,47211,2,1.0,,,,,,3344.3587,7860.0,,-1,,,,,3.0,,324928.0,2012,632,617,0,0,0,0,0,12.0,,1.0,6210.0,19.0,40.0,2012,MIS4_to_MIS8,new_york,0,2011-2012,0,1,0,1,retention
150968099933309,9,1.0,1,4,2,8900,89001,1,1,21,36,35620,5,1.0,1.0,,7,4,29,,1,43,1,,4,1,3,7,2,57,120,120,1,0,0,2.0,1.0,,40.0,,40.0,,,,,,2.0,2.0,0.0,1,2.0,,1.0,1200.0,480.0,2.0,2.0,,,,16462.8568,4030.145,0,0,1.0,1.0,0,42,38630,4,,,,2.0,,,4107.0094,6970.0,4820.0,-1,,,,,1.0,1.0,326221.0,2011,620,617,0,0,0,0,0,16.0,16.0,32.0,2011,3.0,1,8,2,8900,89001,1,21,36,35620,5,1.0,1.0,,7,4,30,,1,43,1,,1,3,7,2,57,120,120,1,0,0,2.0,1.0,,40.0,,40.0,,,,,,2.0,4.0,0.0,1,2.0,2.0,2.0,,1057.0,2.0,2.0,,,,12616.877,3228.0671,0,0,1.0,,0,0,47211,4,,,,2.0,,,3191.5645,6870.0,,-1,,,,,1.0,1.0,324929.0,2012,632,617,0,0,0,0,0,16.0,,1.0,120.0,1.0,32.0,2012,MIS4_to_MIS8,new_york,0,2011-2012,0,1,0,1,retention
303901213394716,9,3.0,3,4,2,8900,89001,1,1,21,36,35620,81,1.0,1.0,,7,8,68,2.0,2,41,2,,3,2,1,1,2,57,57,57,1,0,0,2.0,7.0,,,,,,11.0,,,,1.0,3.0,0.0,2,,,,,,,,,,,10920.3098,2671.0286,0,0,,,0,0,47621,3,,,3.0,,,,2627.6111,9470.0,5700.0,-1,,,,,,,326274.0,2011,620,617,0,0,0,0,0,14.0,17.0,51.0,2011,1.0,3,8,2,8900,89001,1,21,36,35620,81,1.0,1.0,,7,8,69,2.0,2,41,2,,2,1,1,2,57,57,57,1,0,0,1.0,5.0,,,,,,,,,,1.0,,,2,,,,,,,,,,,11393.9467,2666.7434,0,0,,,0,0,59183,3,,,3.0,,,,2754.3839,,,-1,,,,,,,324984.0,2012,632,617,0,0,0,0,0,14.0,,2.0,,,,2012,MIS4_to_MIS8,new_york,0,2011-2012,0,1,0,0,retention
330609900305380,9,1.0,1,4,2,8900,89001,1,1,21,36,35620,81,1.0,1.0,,7,1,60,2.0,1,43,4,,1,1,1,1,2,240,240,240,4,0,12,1.0,1.0,,40.0,,40.0,,,,,,2.0,3.0,0.0,1,2.0,2.0,2.0,,807.0,1.0,,,,,14987.9738,3870.0029,0,0,1.0,,0,0,47624,1,,,,1.0,1.0,,3845.8718,7860.0,4220.0,-1,,,,,,,326296.0,2011,620,617,0,0,0,0,0,18.0,14.0,40.0,2011,1.0,1,8,2,8900,89001,1,21,36,35620,81,1.0,1.0,,7,1,61,2.0,1,35,4,,1,1,1,2,240,240,240,4,0,12,1.0,1.0,,35.0,,38.0,,,,,,2.0,2.0,0.0,1,2.0,1.0,1.0,1900.0,500.0,1.0,,,,,19262.828,4968.8147,0,0,1.0,1.0,0,0,13398,1,,,,,,,4875.3175,7860.0,,-1,,,,,,,325002.0,2012,632,617,0,0,0,0,0,9.0,,4.0,2320.0,8.0,40.0,2012,MIS4_to_MIS8,new_york,0,2011-2012,1,0,0,0,retention
330609949947931,9,1.0,7,4,2,8900,89001,1,1,21,36,35620,61,1.0,1.0,,7,2,51,,2,44,2,,1,0,0,7,2,341,341,341,5,0,7,1.0,1.0,,7.0,,14.0,,,18.0,,,7.0,2.0,0.0,1,2.0,,1.0,6485.0,453.95,1.0,,,,,11381.7221,3000.7675,0,0,0.0,0.0,0,0,4931,1,,,,,,2.0,3047.8831,7870.0,2200.0,2200,,,,,,,326314.0,2011,620,617,0,0,0,0,0,18.0,8.0,40.0,2011,1.0,7,8,2,8900,89001,1,21,36,35620,61,1.0,1.0,,7,2,52,,2,44,2,,0,0,7,2,341,341,341,5,0,7,1.0,1.0,,15.0,,15.0,,,23.0,,,7.0,2.0,0.0,1,2.0,,1.0,6430.0,964.5,1.0,,,,,11468.6613,3064.557,0,0,0.0,0.0,0,0,1744,1,,,,,,2.0,2976.4177,7870.0,,-1,,,,,,,325016.0,2012,632,617,0,0,0,0,0,18.0,,2.0,2200.0,8.0,40.0,2012,MIS4_to_MIS8,new_york,0,2011-2012,1,0,0,0,retention
330609952384714,9,1.0,4,4,2,8900,89001,1,1,21,36,35620,61,1.0,1.0,,7,1,43,,2,43,2,4.0,1,1,1,5,2,329,329,329,4,0,14,1.0,4.0,,,,,,,,104.0,3.0,11.0,3.0,0.0,2,,,,,,,,,,,16630.6747,3545.4911,3,1,,,0,0,13136,1,,,,2.0,,,4006.956,7860.0,2310.0,-1,,,,,,,326324.0,2011,620,617,0,0,1,0,0,16.0,8.0,40.0,2011,3.0,4,8,2,8900,89001,1,21,36,35620,61,1.0,1.0,,7,1,44,,2,39,2,4.0,1,1,4,2,329,329,329,4,0,14,1.0,7.0,,,,,,,,,,1.0,,,2,,,,,,,,,,,21979.7485,5595.002,3,1,,,0,0,64972,1,1.0,,,,,,5383.1704,,,-1,,,,,,,325025.0,2012,632,617,0,0,1,0,0,12.0,,2.0,,,,2012,MIS4_to_MIS8,new_york,0,2011-2012,0,1,0,0,retention
363680043001705,9,1.0,3,4,2,8900,89001,1,1,21,36,35620,47,1.0,1.0,,7,1,27,,1,39,2,2.0,1,1,1,7,2,57,57,57,1,0,0,1.0,1.0,,40.0,,40.0,,,,,,2.0,3.0,0.0,1,1.0,1.0,1.0,2100.0,1346.15,1.0,,,,,15464.528,3815.4258,1,1,0.0,0.0,0,0,1543,1,2.0,8.0,,,,,3895.7357,6180.0,430.0,-1,,,,,,,326352.0,2011,620,617,1,0,0,0,1,12.0,1.0,23.0,2011,2.0,3,8,2,8900,89001,1,21,36,35620,47,1.0,1.0,,7,1,28,,1,39,2,2.0,1,1,7,2,57,57,57,1,0,0,1.0,1.0,,40.0,,40.0,,,,,,2.0,3.0,0.0,1,2.0,,1.0,2700.0,1080.0,1.0,,,,,17902.9534,4612.2395,2,1,0.0,0.0,0,0,4972,1,2.0,8.0,,,,,4622.1197,6180.0,,-1,,,,,,,325053.0,2012,632,617,0,1,0,0,1,12.0,,2.0,5410.0,17.0,23.0,2012,MIS4_to_MIS8,new_york,0,2011-2012,1,0,0,0,retention
391923809033685,9,1.0,7,4,2,8900,89001,1,1,21,36,35620,81,1.0,1.0,,7,2,26,,2,43,2,,1,0,0,7,2,57,332,332,1,0,0,1.0,1.0,,40.0,5.0,32.0,,,5.0,,,4.0,3.0,0.0,1,2.0,2.0,2.0,,650.0,1.0,,,,,13295.4108,3227.8344,0,0,0.0,,0,0,27175,1,,,,2.0,,,3301.9746,9470.0,2145.0,-1,,,,,,,326387.0,2011,620,617,0,0,0,0,0,16.0,7.0,51.0,2011,1.0,7,8,2,8900,89001,1,21,36,35620,81,1.0,1.0,,7,2,27,,2,43,2,,0,0,7,2,57,332,332,1,0,0,1.0,1.0,,40.0,,40.0,,,,,,2.0,3.0,0.0,1,2.0,2.0,2.0,,961.53,2.0,2.0,,,,12569.4727,3193.9376,0,0,0.0,,0,0,39012,1,,,,2.0,,,3244.7673,7270.0,,-1,,,,,,,325085.0,2012,632,617,0,0,0,0,0,16.0,,2.0,2145.0,7.0,36.0,2012,MIS4_to_MIS8,new_york,0,2011-2012,1,0,0,0,retention
392943708031658,9,1.0,6,4,2,8900,89001,1,1,21,36,35620,47,1.0,1.0,,7,2,40,,1,44,1,,1,0,0,7,2,57,57,57,1,0,0,1.0,1.0,,40.0,,40.0,,,,,,2.0,3.0,0.0,1,2.0,1.0,1.0,3342.0,1538.46,1.0,,,,,16131.5696,3949.8826,0,0,0.0,1.0,0,0,4911,1,,,,,,2.0,3985.3364,7860.0,2320.0,-1,,,,,,,326391.0,2011,620,617,0,0,0,0,0,18.0,8.0,40.0,2011,1.0,6,8,2,8900,89001,1,21,36,35620,47,1.0,1.0,,7,2,41,,1,44,1,,0,0,7,2,57,57,57,1,0,0,1.0,1.0,,40.0,,40.0,,,,,,2.0,3.0,0.0,1,2.0,1.0,1.0,5300.0,1538.46,1.0,,,,,13470.2336,3430.3842,0,0,0.0,1.0,0,0,17098,1,,,,,,2.0,3395.779,7860.0,,-1,,,,,,,325087.0,2012,632,617,0,0,0,0,0,18.0,,1.0,2320.0,8.0,40.0,2012,MIS4_to_MIS8,new_york,0,2011-2012,1,0,0,0,retention
392943708031658,9,1.0,6,4,2,8900,89001,1,1,21,36,35620,47,1.0,1.0,,7,13,45,,2,44,1,4.0,2,2,1,7,2,329,329,329,4,0,7,2.0,1.0,,40.0,,40.0,,,,,,2.0,3.0,0.0,1,2.0,1.0,1.0,2926.0,1538.46,1.0,,,,,11473.4448,2849.9491,3,1,0.0,1.0,0,0,4911,2,,,,,,2.0,2894.0568,7860.0,2320.0,-1,,,,,,,326392.0,2011,620,617,0,0,1,0,0,18.0,8.0,40.0,2011,1.0,6,8,2,8900,89001,1,21,36,35620,47,1.0,1.0,,7,13,46,,2,44,1,4.0,2,1,7,2,329,329,329,4,0,7,2.0,1.0,,40.0,,40.0,,,,,,2.0,3.0,0.0,1,2.0,1.0,1.0,5700.0,1538.46,1.0,,,,,13509.3862,3336.4457,3,1,0.0,1.0,0,0,17098,2,,,,,,2.0,3305.3955,7860.0,,-1,,,,,,,325089.0,2012,632,617,0,0,1,0,0,18.0,,1.0,2310.0,8.0,40.0,2012,MIS4_to_MIS8,new_york,0,2011-2012,1,0,0,0,retention
392993508043608,9,1.0,6,4,2,8900,89001,1,1,21,36,15380,0,1.0,1.0,1.0,5,2,42,,1,39,1,,1,0,0,5,2,57,57,57,1,0,0,1.0,1.0,,40.0,4.0,24.0,,,4.0,,,4.0,3.0,0.0,1,2.0,,1.0,1100.0,440.0,1.0,,,,,12824.834,3206.384,0,0,0.0,0.0,0,0,68776,1,1.0,,,,,,3168.4008,6290.0,9720.0,-1,,,,,,,326399.0,2011,620,617,0,0,0,0,0,12.0,22.0,23.0,2011,1.0,6,8,2,8900,89001,1,21,36,15380,0,1.0,1.0,1.0,5,2,42,,1,39,1,,0,0,5,2,57,57,57,1,0,0,1.0,1.0,,40.0,,40.0,,,,,,2.0,3.0,0.0,1,2.0,,1.0,1375.0,550.0,1.0,,,,,11892.7571,2988.8665,0,0,0.0,0.0,0,0,61552,1,1.0,,,,,,2998.105,9370.0,,-1,,,,,,,325098.0,2012,632,617,0,0,0,0,0,12.0,,1.0,9140.0,22.0,51.0,2012,MIS4_to_MIS8,new_york,0,2011-2012,1,0,0,0,retention
393903305033640,9,1.0,1,4,2,8900,89001,1,1,21,36,35620,81,1.0,1.0,,7,1,53,2.0,2,40,2,,1,1,1,1,2,57,57,57,1,0,0,1.0,1.0,,35.0,,35.0,,,,,,2.0,2.0,0.0,1,2.0,2.0,2.0,,1634.61,1.0,,,,,11381.7221,3000.7675,4,1,0.0,,0,0,59229,1,,,2.0,,,,3047.8831,9370.0,5220.0,-1,,,,,,,326400.0,2011,620,617,0,0,0,1,0,13.0,17.0,51.0,2011,1.0,1,8,2,8900,89001,1,21,36,35620,81,1.0,1.0,,7,1,53,2.0,2,40,2,,1,1,1,2,57,57,57,1,0,0,1.0,1.0,,35.0,5.0,28.0,,,5.0,,,4.0,2.0,0.0,1,2.0,2.0,2.0,,1634.61,1.0,,,,,11468.6613,3064.557,0,0,0.0,,0,0,47409,1,,,3.0,,,,2976.4177,9470.0,,-1,,,,,,,325100.0,2012,632,617,0,0,0,0,0,14.0,,2.0,5220.0,17.0,51.0,2012,MIS4_to_MIS8,new_york,0,2011-2012,1,0,0,0,retention
393903305033640,9,1.0,1,4,2,8900,89001,1,1,21,36,35620,81,1.0,1.0,,7,3,60,1.0,1,44,2,,2,1,2,1,2,440,440,440,4,0,5,2.0,1.0,,40.0,,40.0,,,,,,2.0,3.0,0.0,1,2.0,2.0,2.0,,1538.46,2.0,2.0,,,,14095.4042,3419.7761,4,1,0.0,,0,0,59229,2,,,,,,3.0,3404.7635,6180.0,430.0,-1,,,,,,,326401.0,2011,620,617,0,0,0,1,0,18.0,1.0,23.0,2011,1.0,1,8,2,8900,89001,1,21,36,35620,81,1.0,1.0,,7,3,61,1.0,1,44,2,,1,2,1,2,440,440,440,4,0,5,2.0,1.0,,40.0,5.0,32.0,,,5.0,,,4.0,3.0,0.0,1,2.0,2.0,2.0,,1634.61,2.0,2.0,,,,16002.468,3446.2328,0,0,0.0,,0,0,47409,2,,,,,,3.0,3388.2443,6180.0,,-1,,,,,,,325101.0,2012,632,617,0,0,0,0,0,18.0,,2.0,5000.0,17.0,23.0,2012,MIS4_to_MIS8,new_york,0,2011-2012,1,0,0,0,retention
534398429600173,9,2.0,4,4,2,8900,89001,1,1,21,36,35620,61,1.0,1.0,,7,1,55,,2,41,2,,1,1,1,5,2,57,57,57,1,0,0,1.0,1.0,,60.0,,60.0,,,,,,2.0,3.0,0.0,1,1.0,1.0,1.0,2999.0,1730.76,1.0,,,,,9870.2351,2586.3816,0,0,0.0,0.0,0,0,1647,1,,,4.0,,,,2626.9909,6180.0,9120.0,-1,,,,,,,326513.0,2011,620,617,0,0,0,0,0,15.0,22.0,23.0,2011,1.0,4,8,2,8900,89001,1,21,36,35620,61,1.0,1.0,,7,1,56,,2,41,2,,1,1,5,2,57,57,57,1,0,0,1.0,1.0,,60.0,,60.0,,,,,,2.0,2.0,0.0,1,1.0,1.0,1.0,2995.0,1600.0,1.0,,,,,10562.3462,2944.7557,0,0,0.0,0.0,0,0,13289,1,,,2.0,,,,2860.062,6180.0,,4950,,,,,,,325219.0,2012,632,617,0,0,0,0,0,13.0,,2.0,9120.0,22.0,23.0,2012,MIS4_to_MIS8,new_york,0,2011-2012,1,0,0,0,retention
629760647270933,9,1.0,4,4,2,8900,89001,1,1,21,36,35620,47,1.0,1.0,,7,6,40,2.0,1,39,2,,3,2,2,1,2,57,57,57,1,0,0,2.0,1.0,,40.0,,40.0,,,,,,2.0,3.0,0.0,1,2.0,,1.0,1268.0,507.2,1.0,,,,,13345.8411,3121.6926,4,1,1.0,1.0,0,0,65008,3,1.0,,,,,,3206.4661,9470.0,3800.0,-1,,,,,,,326550.0,2011,620,617,0,0,0,1,0,12.0,12.0,51.0,2011,1.0,4,8,2,8900,89001,1,21,36,35620,47,1.0,1.0,,7,6,41,2.0,1,39,2,,2,2,1,2,57,57,57,1,0,0,2.0,1.0,,40.0,,40.0,,,,,,2.0,2.0,0.0,1,2.0,,1.0,1685.0,674.0,1.0,,,,,13558.6908,3050.955,4,1,1.0,1.0,0,0,64915,3,1.0,,,,,,3025.2327,9470.0,,-1,,,,,,,325259.0,2012,632,617,0,0,0,1,0,12.0,,2.0,3800.0,12.0,51.0,2012,MIS4_to_MIS8,new_york,0,2011-2012,1,0,0,0,retention
629760647270933,9,1.0,4,4,2,8900,89001,1,1,21,36,35620,47,1.0,1.0,,7,6,40,3.0,2,39,2,,2,2,1,1,2,57,57,57,1,0,0,2.0,1.0,,40.0,,40.0,,,,,,2.0,3.0,0.0,1,2.0,,1.0,1300.0,520.0,1.0,,,,,11461.1709,2947.8044,4,1,1.0,1.0,0,0,65008,2,1.0,,,,,,2887.8512,9470.0,3800.0,-1,,,,,,,326551.0,2011,620,617,0,0,0,1,0,12.0,12.0,51.0,2011,1.0,4,8,2,8900,89001,1,21,36,35620,47,1.0,1.0,,7,6,40,3.0,2,39,2,,2,1,1,2,57,57,57,1,0,0,2.0,1.0,,40.0,,40.0,,,,,,2.0,2.0,0.0,1,2.0,1.0,1.0,1800.0,500.0,1.0,,,,,13018.9567,3347.1616,4,1,1.0,1.0,0,0,64915,2,1.0,,,,,,3338.1487,9470.0,,-1,,,,,,,325258.0,2012,632,617,0,0,0,1,0,12.0,,2.0,3800.0,12.0,51.0,2012,MIS4_to_MIS8,new_york,0,2011-2012,1,0,0,0,retention
703906563592776,9,2.0,1,4,2,8900,89001,1,1,21,36,15380,0,1.0,1.0,,5,3,42,1.0,2,44,1,,2,1,2,1,2,57,57,57,1,0,0,2.0,1.0,,45.0,,40.0,,,,,,2.0,2.0,0.0,1,2.0,2.0,2.0,,1480.76,1.0,,,,,11991.6846,2964.5931,0,0,0.0,,0,0,4907,2,,,,,,1.0,2968.5231,7860.0,2430.0,-1,,,,,,,326625.0,2011,620,617,0,0,0,0,0,17.0,8.0,40.0,2011,1.0,1,8,2,8900,89001,1,21,36,15380,0,1.0,1.0,,5,3,42,1.0,2,44,1,,1,2,1,2,57,57,57,1,0,0,2.0,1.0,,40.0,,40.0,,,,,,2.0,2.0,0.0,1,2.0,2.0,2.0,,1153.84,1.0,,,,,12625.3128,3092.3762,0,0,0.0,,0,0,27096,2,,,,,,1.0,3105.2309,7860.0,,-1,,,,,,,325328.0,2012,632,617,0,0,0,0,0,17.0,,1.0,2430.0,8.0,40.0,2012,MIS4_to_MIS8,new_york,0,2011-2012,1,0,0,0,retention
933056943338300,9,2.0,4,4,2,8900,89001,1,1,21,36,35620,81,1.0,1.0,,7,1,52,,2,39,2,,1,1,1,7,2,57,57,57,1,0,0,1.0,1.0,,30.0,,30.0,,,22.0,,,7.0,3.0,0.0,1,2.0,2.0,2.0,,408.0,1.0,,,,,11381.7221,3000.7675,0,0,0.0,,0,0,1718,1,2.0,8.0,,,,,3047.8831,7860.0,4030.0,-1,,,,,,,326813.0,2011,620,617,0,0,0,0,0,12.0,13.0,40.0,2011,2.0,4,8,2,8900,89001,1,21,36,35620,81,1.0,1.0,,7,1,53,,2,39,2,,1,1,7,2,57,57,57,1,0,0,1.0,1.0,,25.0,,25.0,,,22.0,,,7.0,3.0,0.0,1,2.0,2.0,2.0,,423.07,1.0,,,,,11468.6613,3064.557,0,0,0.0,,0,0,27310,1,2.0,8.0,,,,,2976.4177,7860.0,,-1,,,,,,,325511.0,2012,632,617,0,0,0,0,0,12.0,,2.0,4030.0,13.0,40.0,2012,MIS4_to_MIS8,new_york,0,2011-2012,1,0,0,0,retention
34396469600844,9,2.0,1,4,2,8900,89001,1,1,21,36,40380,0,2.0,1.0,,5,3,61,1.0,1,40,1,,2,1,2,1,2,57,57,57,1,0,0,1.0,1.0,,24.0,,16.0,,,21.0,,,7.0,3.0,0.0,1,2.0,,1.0,1700.0,408.0,2.0,2.0,,,,11019.1751,2830.4844,0,0,0.0,0.0,0,0,26982,2,,,4.0,,,,2827.4892,9470.0,3850.0,-1,1.0,,,,,,326928.0,2011,620,617,0,0,0,0,0,15.0,12.0,51.0,2011,1.0,1,8,2,8900,89001,1,21,36,40380,0,2.0,1.0,,5,3,62,1.0,1,41,1,,1,2,1,2,57,57,57,1,0,0,1.0,1.0,,18.0,,28.0,,,21.0,,,7.0,3.0,0.0,1,2.0,,1.0,1550.0,279.0,2.0,2.0,,,,11221.6488,2852.702,0,0,0.0,0.0,0,0,47313,2,,,4.0,,,,2840.1386,9470.0,,3850,1.0,,,,,,325623.0,2012,632,617,0,0,0,0,0,15.0,,1.0,3850.0,12.0,51.0,2012,MIS4_to_MIS8,new_york,0,2011-2012,1,0,0,0,retention
34397769600858,9,3.0,1,4,2,8900,89001,1,1,21,36,35620,59,2.0,1.0,,7,1,51,2.0,1,42,1,,1,1,1,1,2,57,57,57,1,0,0,2.0,1.0,,40.0,,40.0,,,,,,2.0,3.0,0.0,1,2.0,2.0,2.0,,1730.0,1.0,,,,,12457.2565,3047.8792,0,0,1.0,,0,0,41216,1,,,3.0,,,,3031.4111,9470.0,3800.0,-1,,,,,,,326929.0,2011,620,617,0,0,0,0,0,14.0,12.0,51.0,2011,2.0,1,8,2,8900,89001,1,21,36,35620,59,2.0,1.0,,7,1,52,2.0,1,42,1,,1,1,1,2,57,57,57,1,0,0,1.0,1.0,,38.0,,38.0,,,,,,2.0,3.0,0.0,1,2.0,2.0,2.0,,269.0,1.0,,,,,11762.2254,2966.7482,0,0,1.0,,0,0,59130,1,,,3.0,,,,2978.8019,9470.0,,-1,,,,,,,325624.0,2012,632,617,0,0,0,0,0,14.0,,1.0,3710.0,12.0,51.0,2012,MIS4_to_MIS8,new_york,0,2011-2012,1,0,0,0,retention
330609906877584,9,1.0,1,4,2,8900,89001,1,1,21,36,35620,59,2.0,1.0,,7,4,19,,2,40,1,,4,1,3,7,2,57,57,57,1,0,0,2.0,1.0,,12.0,,12.0,,,20.0,,,7.0,3.0,0.0,1,2.0,,1.0,850.0,102.0,2.0,2.0,1.0,1.0,2.0,12790.2814,3298.496,0,0,0.0,0.0,0,0,1616,4,,,2.0,,,,3209.3954,8570.0,4060.0,-1,,,,,1.0,1.0,327035.0,2011,620,617,0,0,0,0,0,13.0,13.0,44.0,2011,1.0,1,8,2,8900,89001,1,21,36,35620,59,2.0,1.0,,7,4,20,,2,40,1,,1,3,7,2,57,57,57,1,0,0,2.0,1.0,,20.0,,20.0,,,22.0,,,7.0,3.0,0.0,1,2.0,,1.0,875.0,131.25,2.0,2.0,1.0,1.0,2.0,17008.0676,4188.1402,0,0,0.0,0.0,0,0,38899,4,,,2.0,,,,4127.5346,8570.0,,-1,,,,,1.0,1.0,325725.0,2012,632,617,0,0,0,0,0,13.0,,1.0,4720.0,16.0,44.0,2012,MIS4_to_MIS8,new_york,0,2011-2012,1,0,0,0,retention
330609983979283,9,1.0,1,4,2,8900,89001,1,1,21,36,35620,103,2.0,1.0,,7,3,45,1.0,1,40,1,,2,1,2,1,2,57,132,117,1,0,0,2.0,1.0,,40.0,,40.0,,,,,,2.0,2.0,0.0,1,2.0,2.0,2.0,,1538.46,1.0,,,,,12702.2074,3088.5141,3,3,0.0,,0,0,47667,2,,,3.0,,,,3091.0187,9470.0,3800.0,-1,3.0,,,,,,327050.0,2011,620,617,0,0,1,0,0,14.0,12.0,51.0,2011,1.0,1,8,2,8900,89001,1,21,36,35620,103,2.0,1.0,,7,3,46,1.0,1,40,1,,1,2,1,2,57,132,117,1,0,0,2.0,1.0,,40.0,,40.0,,,,,,2.0,2.0,0.0,1,2.0,2.0,2.0,,380.0,1.0,,,,,12271.7584,3103.0058,3,3,1.0,,0,42,55113,2,,,2.0,,,,3107.842,9470.0,,-1,,,,,,,325737.0,2012,632,617,0,0,1,0,0,13.0,,1.0,3800.0,12.0,51.0,2012,MIS4_to_MIS8,new_york,0,2011-2012,1,0,0,0,retention
363629093906893,9,1.0,6,4,2,8900,89001,1,1,21,36,35620,103,2.0,1.0,,7,2,31,,1,43,1,,1,0,0,7,2,57,57,57,1,0,0,1.0,1.0,,50.0,,50.0,,,,,,2.0,2.0,0.0,1,2.0,2.0,2.0,,1115.38,1.0,,,,,11762.1265,2956.2732,0,0,0.0,,0,0,13331,1,,,,2.0,,,2934.3123,8180.0,3400.0,-1,,,,,,,327072.0,2011,620,617,0,0,0,0,0,16.0,10.0,42.0,2011,1.0,6,8,2,8900,89001,1,21,36,35620,103,2.0,1.0,,7,2,32,,1,43,1,,0,0,7,2,57,57,57,1,0,0,1.0,1.0,,50.0,,50.0,,,,,,2.0,5.0,0.0,1,2.0,1.0,1.0,3000.0,1923.0,1.0,,,,,11881.0533,2999.8667,0,0,1.0,1.0,0,0,27377,1,,,,2.0,,,3005.4306,8190.0,,-1,,,,,,,325753.0,2012,632,617,0,0,0,0,0,16.0,,1.0,3400.0,10.0,41.0,2012,MIS4_to_MIS8,new_york,0,2011-2012,0,1,0,1,retention
393913806051655,9,1.0,1,4,2,8900,89001,1,1,21,36,35620,59,2.0,1.0,,7,1,46,2.0,1,39,1,,1,1,1,1,2,57,57,57,1,0,0,1.0,1.0,,40.0,,40.0,,,,,,2.0,3.0,0.0,1,2.0,1.0,1.0,2103.0,1730.76,1.0,,,,,12702.2074,3088.5141,3,1,0.0,1.0,0,0,13105,1,1.0,,,,,,3091.0187,9470.0,3740.0,-1,,,,,,,327085.0,2011,620,617,0,0,1,0,0,12.0,12.0,51.0,2011,1.0,1,8,2,8900,89001,1,21,36,35620,59,2.0,1.0,,7,1,47,2.0,1,39,1,,1,1,1,2,57,57,57,1,0,0,2.0,1.0,,37.0,,37.0,,,,,,2.0,3.0,0.0,1,2.0,1.0,1.0,725.0,269.0,1.0,,,,,12271.7584,3103.0058,4,1,1.0,1.0,0,0,68529,1,1.0,,,,,,3107.842,9470.0,,-1,,,,,,,325768.0,2012,632,617,0,0,0,1,0,12.0,,1.0,3740.0,12.0,51.0,2012,MIS4_to_MIS8,new_york,0,2011-2012,1,0,0,0,retention
393913806051655,9,1.0,1,4,2,8900,89001,1,1,21,36,35620,59,2.0,1.0,,7,3,47,1.0,2,44,1,,2,1,2,1,2,57,57,57,1,0,0,2.0,1.0,,40.0,,40.0,,,,,,2.0,3.0,0.0,1,2.0,2.0,2.0,,1730.76,1.0,,,,,11937.9904,3056.934,3,1,0.0,,0,0,13105,2,,,,,,3.0,3011.2336,7860.0,230.0,-1,,,,,,,327086.0,2011,620,617,0,0,1,0,0,18.0,1.0,40.0,2011,1.0,1,8,2,8900,89001,1,21,36,35620,59,2.0,1.0,,7,3,48,1.0,2,44,1,,1,2,1,2,57,57,57,1,0,0,1.0,1.0,,60.0,,60.0,,,,,,2.0,3.0,0.0,1,2.0,2.0,2.0,,0.0,2.0,2.0,,,,13927.3733,3418.4889,4,1,1.0,,0,0,68529,2,,,,,,3.0,3407.6661,7860.0,,-1,,,,,,,325769.0,2012,632,617,0,0,0,1,0,18.0,,1.0,230.0,1.0,40.0,2012,MIS4_to_MIS8,new_york,0,2011-2012,1,0,0,0,retention
393973809023698,9,2.0,1,4,2,8900,89001,1,1,21,36,35620,103,2.0,1.0,,7,1,42,2.0,1,44,1,,1,1,1,1,2,57,57,57,1,0,0,2.0,1.0,,40.0,,40.0,,,,,,2.0,3.0,0.0,1,2.0,2.0,2.0,,1153.0,1.0,,,,,12597.257,3149.4866,0,0,1.0,,0,42,38894,1,,,,,,3.0,3112.1774,7870.0,2200.0,-1,3.0,,,,,,327093.0,2011,620,617,0,0,0,0,0,18.0,8.0,40.0,2011,2.0,1,8,2,8900,89001,1,21,36,35620,103,2.0,1.0,,7,1,44,2.0,1,44,1,,1,1,1,2,57,57,57,1,0,0,2.0,1.0,,40.0,,40.0,,,,,,2.0,3.0,0.0,1,2.0,2.0,2.0,,1250.0,1.0,,,,,12684.6416,3187.8814,0,0,1.0,,0,42,39072,1,,,,,,3.0,3197.7352,7870.0,,-1,,,,,,,325776.0,2012,632,617,0,0,0,0,0,18.0,,1.0,2200.0,8.0,40.0,2012,MIS4_to_MIS8,new_york,0,2011-2012,1,0,0,0,retention
396923503006628,9,1.0,7,4,2,8900,89001,1,1,21,36,40380,55,2.0,1.0,,5,2,48,,2,43,1,,1,0,0,7,2,57,57,57,1,0,0,1.0,1.0,,35.0,,40.0,,,,,,2.0,3.0,0.0,1,2.0,,1.0,3000.0,1050.0,2.0,2.0,,,,11530.5343,2952.5977,0,0,1.0,1.0,23,42,55179,1,,,,2.0,,,2908.457,9370.0,5810.0,-1,,,,,,,327114.0,2011,620,617,0,0,0,0,0,16.0,17.0,51.0,2011,1.0,7,8,2,8900,89001,1,21,36,40380,55,2.0,1.0,,5,2,49,,2,43,1,,0,0,7,2,57,57,57,1,0,0,1.0,1.0,,35.0,5.0,31.0,,,5.0,,,4.0,3.0,0.0,1,2.0,,1.0,2700.0,945.0,2.0,2.0,,,,12805.9157,3143.2259,0,0,1.0,1.0,0,42,38881,1,,,,2.0,,,3133.2746,9470.0,,-1,,,,,,,325796.0,2012,632,617,0,0,0,0,0,16.0,,1.0,5860.0,17.0,51.0,2012,MIS4_to_MIS8,new_york,0,2011-2012,1,0,0,0,retention
397933606089698,9,1.0,1,4,2,8900,89001,1,1,21,36,45060,67,2.0,1.0,,4,1,49,2.0,2,40,1,,1,1,1,1,2,57,57,57,1,0,0,2.0,1.0,,25.0,,25.0,,,23.0,,,7.0,3.0,0.0,1,2.0,1.0,1.0,2000.0,576.46,1.0,,,,,11530.5343,2952.5977,0,0,0.0,1.0,0,0,47588,1,,,2.0,,,,2908.457,7860.0,9120.0,-1,,,,,,,327123.0,2011,620,617,0,0,0,0,0,13.0,22.0,40.0,2011,2.0,1,8,2,8900,89001,1,21,36,45060,67,2.0,1.0,,4,1,50,2.0,2,40,1,,1,1,1,2,57,57,57,1,0,0,1.0,1.0,,28.0,,28.0,,,22.0,,,7.0,3.0,0.0,1,2.0,1.0,1.0,2932.0,692.5,1.0,,,,,13658.3965,3313.3899,0,0,0.0,0.0,0,0,41460,1,,,2.0,,,,3341.8545,7860.0,,-1,,,,,,,325805.0,2012,632,617,0,0,0,0,0,13.0,,1.0,9120.0,22.0,40.0,2012,MIS4_to_MIS8,new_york,0,2011-2012,1,0,0,0,retention
463063043908697,9,1.0,1,4,2,8900,89001,1,1,21,36,35620,119,2.0,1.0,,7,4,18,,2,40,1,,3,1,3,7,2,57,329,57,1,0,0,2.0,7.0,,,,,,,,,,1.0,3.0,0.0,2,,,,,,,,1.0,1.0,2.0,13026.2329,3298.496,0,0,,,0,0,38936,3,,,2.0,,,,3370.0427,8570.0,4620.0,-1,,,,,1.0,1.0,327143.0,2011,620,617,0,0,0,0,0,13.0,15.0,44.0,2011,2.0,1,8,2,8900,89001,1,21,36,35620,119,2.0,1.0,,7,4,20,,2,40,1,,1,3,7,2,57,329,57,1,0,0,2.0,7.0,,,,,,,,,,1.0,,,2,,,,,,,,1.0,1.0,2.0,15952.0351,4188.1402,0,0,,,0,0,1926,3,,,3.0,,,,4352.5596,,,-1,,,,,1.0,1.0,325824.0,2012,632,617,0,0,0,0,0,14.0,,1.0,,,,2012,MIS4_to_MIS8,new_york,0,2011-2012,0,1,0,0,retention
463644003908496,9,1.0,6,4,2,8900,89001,1,1,21,36,40380,0,2.0,1.0,,5,2,31,,1,40,1,,1,0,0,7,2,57,57,57,1,0,0,1.0,1.0,,40.0,4.0,24.0,,,4.0,,,4.0,3.0,0.0,1,2.0,2.0,2.0,,1076.92,1.0,,,,,11360.6728,2855.3725,0,0,0.0,,0,0,55172,1,,,2.0,,,,2834.1612,9470.0,3850.0,-1,,,,,,,327151.0,2011,620,617,0,0,0,0,0,13.0,12.0,51.0,2011,2.0,1,8,2,8900,89001,1,21,36,40380,0,2.0,1.0,,5,1,33,2.0,1,40,1,,1,1,1,2,57,57,57,1,0,0,1.0,1.0,,40.0,,46.0,,,,,,2.0,3.0,0.0,1,1.0,1.0,1.0,2600.0,1000.0,1.0,,,,,10924.3692,2758.312,0,0,0.0,0.0,0,0,62414,1,,,3.0,,,,2763.4279,9470.0,,-1,,,,,,,325834.0,2012,632,617,0,0,0,0,0,14.0,,1.0,3850.0,12.0,51.0,2012,MIS4_to_MIS8,new_york,0,2011-2012,1,0,0,0,retention
463644003908496,9,1.0,6,4,2,8900,89001,1,1,21,36,40380,0,2.0,1.0,,5,14,30,,2,42,1,,2,0,0,7,2,57,57,57,1,0,0,2.0,1.0,,35.0,,35.0,,,,,,2.0,3.0,0.0,1,2.0,2.0,2.0,,576.92,1.0,,,,,11315.9772,2890.8737,0,0,0.0,,0,0,55172,2,,,3.0,,,,2856.3157,8370.0,2010.0,-1,,,,,,,327152.0,2011,620,617,0,0,0,0,0,14.0,6.0,43.0,2011,2.0,1,8,2,8900,89001,1,21,36,40380,0,2.0,1.0,,5,3,31,1.0,2,42,1,,1,2,1,2,57,57,57,1,0,0,2.0,1.0,,40.0,,40.0,,,,,,2.0,3.0,0.0,1,1.0,,1.0,1851.0,827.4,1.0,,,,,11504.459,2906.713,0,0,1.0,1.0,0,42,62414,2,,,2.0,,,,2894.9194,9370.0,,-1,,,,,,,325835.0,2012,632,617,0,0,0,0,0,13.0,,1.0,2010.0,6.0,51.0,2012,MIS4_to_MIS8,new_york,0,2011-2012,1,0,0,0,retention
663155083905193,9,2.0,1,4,2,8900,89001,1,1,21,36,35620,59,2.0,1.0,,7,1,44,2.0,1,39,1,2.0,1,1,1,1,2,57,73,73,1,0,0,2.0,1.0,,36.0,,36.0,,,,,,2.0,3.0,0.0,1,2.0,2.0,2.0,,1153.84,2.0,2.0,,,,14669.3012,3643.0159,10,3,0.0,,0,0,13106,1,2.0,5.0,,,,,3624.08,7070.0,6660.0,-1,,,,,,,327192.0,2011,620,617,0,0,1,1,0,9.0,19.0,34.0,2011,1.0,1,8,2,8900,89001,1,21,36,35620,59,2.0,1.0,,7,1,45,2.0,1,39,1,2.0,1,1,1,2,57,73,73,1,0,0,1.0,1.0,,40.0,,40.0,,,,,,2.0,3.0,0.0,1,2.0,1.0,1.0,1875.0,1115.38,1.0,,,,,12286.1274,3135.5018,10,2,0.0,1.0,0,0,55006,1,2.0,5.0,,,,,3111.4809,9570.0,,-1,,,,,,,325878.0,2012,632,617,0,0,1,1,0,9.0,,1.0,6660.0,19.0,51.0,2012,MIS4_to_MIS8,new_york,0,2011-2012,1,0,0,0,retention
699780514570633,9,1.0,4,4,2,8900,89001,1,1,21,36,35620,0,2.0,1.0,,7,1,31,,2,39,1,,1,1,1,7,2,57,57,57,1,0,0,1.0,1.0,,40.0,,40.0,,,,,,2.0,3.0,0.0,1,1.0,2.0,2.0,,1333.33,1.0,,,,,11715.8514,2993.0289,1,1,0.0,,0,0,27228,1,1.0,,,,,,2957.2497,7860.0,2540.0,-1,,,,,2.0,1.0,327240.0,2011,620,617,1,0,0,0,1,12.0,8.0,40.0,2011,1.0,4,8,2,8900,89001,1,21,36,35620,0,2.0,1.0,,7,1,32,,2,43,1,,1,1,7,2,57,57,57,1,0,0,1.0,1.0,,40.0,,40.0,,,,,,2.0,4.0,0.0,1,2.0,2.0,2.0,,769.23,1.0,,,,,12511.9435,3161.2638,1,1,0.0,,0,0,59208,1,,,,2.0,,,3148.4373,7860.0,,-1,,,,,2.0,1.0,325941.0,2012,632,617,1,0,0,0,1,16.0,,1.0,2540.0,8.0,40.0,2012,MIS4_to_MIS8,new_york,0,2011-2012,0,1,0,1,retention
786949130329301,9,2.0,1,4,2,8900,89001,1,1,21,36,40380,55,2.0,1.0,,5,1,69,2.0,1,46,1,,1,1,1,1,2,57,57,57,1,0,0,1.0,1.0,,12.0,,17.0,,,22.0,,,7.0,2.0,0.0,1,2.0,2.0,2.0,,766.66,1.0,,,,,12624.8214,3043.3451,0,0,0.0,,0,0,47525,1,,,,,,,3035.4155,7870.0,2340.0,2200,,,,,,,327308.0,2011,620,617,0,0,0,0,0,18.0,8.0,40.0,2011,3.0,1,8,2,8900,89001,1,21,36,40380,55,2.0,1.0,,5,1,70,2.0,1,46,1,,1,1,1,2,57,57,57,1,0,0,1.0,1.0,,20.0,,20.0,,,18.0,,,7.0,2.0,0.0,1,2.0,2.0,2.0,,526.31,1.0,,,,,10718.7499,2736.1608,0,0,0.0,,0,0,13225,1,,,,,,,2717.1529,7870.0,,-1,,,,,,,326008.0,2012,632,617,0,0,0,0,0,18.0,,1.0,2200.0,8.0,40.0,2012,MIS4_to_MIS8,new_york,0,2011-2012,1,0,0,0,retention
803902633699936,9,1.0,1,4,2,8900,89001,1,1,21,36,35620,103,2.0,1.0,,7,1,31,2.0,2,44,4,,1,1,1,1,2,57,217,217,1,0,0,1.0,1.0,,38.0,,38.0,,,,,,2.0,2.0,0.0,1,2.0,2.0,2.0,,846.15,1.0,,,,,14509.1031,3593.2428,0,0,0.0,,0,0,65084,1,,,,,,2.0,3662.3067,7870.0,5260.0,-1,,,,,,,327315.0,2011,620,617,0,0,0,0,0,18.0,17.0,40.0,2011,1.0,1,8,2,8900,89001,1,21,36,35620,103,2.0,1.0,,7,1,31,2.0,2,44,4,,1,1,1,2,57,217,217,1,0,0,1.0,1.0,,40.0,,40.0,,,,,,2.0,2.0,0.0,1,2.0,2.0,2.0,,769.0,1.0,,,,,16551.4627,3941.9024,0,0,1.0,,0,0,27378,1,,,,,,2.0,4164.92,7870.0,,-1,,,,,,,326013.0,2012,632,617,0,0,0,0,0,18.0,,4.0,2000.0,6.0,40.0,2012,MIS4_to_MIS8,new_york,0,2011-2012,1,0,0,0,retention
160969068533709,9,2.0,4,4,2,8900,89001,1,1,21,36,0,0,3.0,2.0,,0,1,52,,2,44,2,,1,1,1,4,2,57,57,57,1,0,0,1.0,1.0,,40.0,,40.0,,,,,,2.0,3.0,0.0,1,2.0,2.0,2.0,,1980.76,1.0,,,,,12064.0877,3247.6938,4,1,0.0,,0,0,30395,1,,,,,,2.0,3230.6121,7860.0,2330.0,-1,,,,,,,327473.0,2011,620,617,0,0,0,1,0,18.0,8.0,40.0,2011,1.0,4,8,2,8900,89001,1,21,36,0,0,3.0,2.0,,0,1,53,,2,44,2,,1,1,4,2,57,57,57,1,0,0,1.0,1.0,,35.0,,35.0,,,,,,2.0,2.0,0.0,1,2.0,2.0,2.0,,2050.0,1.0,,,,,14420.8606,3802.7912,4,1,0.0,,0,0,13460,1,,,,,,2.0,3742.5907,7860.0,,-1,,,,,,,326169.0,2012,632,617,0,0,0,1,0,18.0,,2.0,2330.0,8.0,40.0,2012,MIS4_to_MIS8,new_york,0,2011-2012,1,0,0,0,retention
699890510670633,9,2.0,1,4,2,8900,89001,1,1,21,36,0,0,3.0,2.0,,0,1,33,2.0,1,39,1,,1,1,1,1,2,57,57,57,1,0,0,1.0,1.0,,40.0,,40.0,,,,,,2.0,3.0,0.0,1,2.0,2.0,2.0,,653.84,1.0,,,,,11378.0808,2859.7478,5,2,0.0,,0,0,30394,1,1.0,,,,,,2838.504,7860.0,7210.0,-1,,,,,,,327535.0,2011,620,617,1,1,0,0,1,12.0,20.0,40.0,2011,2.0,1,8,2,8900,89001,1,21,36,0,0,3.0,2.0,,0,1,34,2.0,1,39,1,,1,1,1,2,57,57,57,1,0,0,2.0,1.0,,40.0,5.0,32.0,,,5.0,,,4.0,3.0,0.0,1,2.0,2.0,2.0,,741.5,1.0,,,,,11020.8435,2782.6709,5,2,0.0,,0,0,27406,1,1.0,,,,,,2787.832,7860.0,,-1,,,,,,,326225.0,2012,632,617,1,1,0,0,1,12.0,,1.0,7210.0,20.0,40.0,2012,MIS4_to_MIS8,new_york,0,2011-2012,1,0,0,0,retention
830962092933799,9,1.0,1,4,2,8900,89001,1,1,21,36,0,0,3.0,2.0,,0,3,52,1.0,2,39,1,,2,1,2,1,2,57,57,57,1,0,0,2.0,1.0,,40.0,,40.0,,,,,,2.0,2.0,0.0,1,2.0,,1.0,1025.0,410.0,1.0,,,,,12305.4328,3130.5906,0,0,1.0,1.0,0,42,59145,2,1.0,,,,,,3103.9171,770.0,6200.0,-1,,,,,,,327556.0,2011,620,617,0,0,0,0,0,12.0,19.0,4.0,2011,1.0,1,8,2,8900,89001,1,21,36,0,0,3.0,2.0,,0,3,52,1.0,2,39,1,,1,2,1,2,57,57,57,1,0,0,2.0,1.0,,40.0,,40.0,,,,,,2.0,2.0,0.0,1,2.0,2.0,2.0,,466.0,1.0,,,,,13779.0153,3342.6508,0,0,1.0,,0,42,59098,2,1.0,,,,,,3371.3667,770.0,,-1,,,,,,,326245.0,2012,632,617,0,0,0,0,0,12.0,,1.0,3940.0,12.0,4.0,2012,MIS4_to_MIS8,new_york,0,2011-2012,1,0,0,0,retention
927076908339480,9,2.0,1,4,2,8900,89001,1,1,21,36,0,0,3.0,2.0,,0,1,41,2.0,2,44,1,,1,1,1,1,2,57,57,57,1,0,0,1.0,1.0,,40.0,,40.0,,,,,,2.0,3.0,0.0,1,2.0,,1.0,2926.0,1170.4,2.0,2.0,,,,11394.2988,2816.9069,0,0,1.0,1.0,0,0,38650,1,,,,,,2.0,2820.6412,7860.0,2310.0,-1,,,,,,,327580.0,2011,620,617,0,0,0,0,0,18.0,8.0,40.0,2011,2.0,1,8,2,8900,89001,1,21,36,0,0,3.0,2.0,,0,1,42,2.0,2,43,1,,1,1,1,2,57,57,57,1,0,0,2.0,1.0,,12.0,,6.0,,,18.0,,,7.0,3.0,0.0,1,2.0,,1.0,1200.0,144.0,2.0,2.0,,,,12491.0138,3059.4817,0,0,0.0,0.0,0,0,54963,1,,,,2.0,,,3072.1996,7860.0,,-1,,,,,,,326268.0,2012,632,617,0,0,0,0,0,16.0,,1.0,2310.0,8.0,40.0,2012,MIS4_to_MIS8,new_york,0,2011-2012,1,0,0,0,retention
929056930339440,9,1.0,1,4,2,8900,89001,1,1,21,36,0,0,3.0,2.0,,0,1,30,2.0,2,43,1,,1,1,1,1,2,57,57,57,1,0,0,1.0,1.0,,40.0,,40.0,,,,,,2.0,3.0,0.0,1,2.0,2.0,2.0,,980.76,2.0,2.0,,,,11333.3167,2895.3034,1,1,0.0,,0,0,47700,1,,,,2.0,,,2860.6924,8090.0,3255.0,-1,,,,,,,327582.0,2011,620,617,1,0,0,0,1,16.0,10.0,42.0,2011,1.0,1,8,2,8900,89001,1,21,36,0,0,3.0,2.0,,0,1,31,2.0,2,43,1,,1,1,1,2,57,57,57,1,0,0,1.0,1.0,,40.0,,40.0,,,,,,2.0,3.0,0.0,1,2.0,2.0,2.0,,1000.0,2.0,2.0,,,,11606.0561,2932.3825,1,2,0.0,,0,0,47517,1,,,,2.0,,,2920.4848,9480.0,,-1,,,,,,,326270.0,2012,632,617,1,0,0,0,1,16.0,,1.0,3255.0,10.0,51.0,2012,MIS4_to_MIS8,new_york,0,2011-2012,1,0,0,0,retention
929056930339440,9,1.0,1,4,2,8900,89001,1,1,21,36,0,0,3.0,2.0,,0,3,32,1.0,1,39,1,,2,1,2,1,2,57,57,57,1,0,0,2.0,1.0,,40.0,,40.0,,,,,,2.0,3.0,0.0,1,2.0,1.0,1.0,1500.0,711.53,2.0,2.0,,,,11378.0808,2859.7478,1,1,0.0,0.0,0,0,47700,2,1.0,,,,,,2838.504,770.0,6320.0,-1,,,,,,,327583.0,2011,620,617,1,0,0,0,1,12.0,19.0,4.0,2011,1.0,1,8,2,8900,89001,1,21,36,0,0,3.0,2.0,,0,3,34,1.0,1,39,1,,1,2,1,2,57,57,57,1,0,0,2.0,1.0,,40.0,,40.0,,,,,,2.0,3.0,0.0,1,2.0,2.0,2.0,,711.53,2.0,2.0,,,,11020.8435,2782.6709,1,2,0.0,,0,0,47517,2,1.0,,,,,,2787.832,770.0,,-1,,,,,,,326271.0,2012,632,617,1,0,0,0,1,12.0,,1.0,6320.0,19.0,4.0,2012,MIS4_to_MIS8,new_york,0,2011-2012,1,0,0,0,retention
975016944339180,9,2.0,1,4,2,8900,89001,1,1,21,36,0,13,3.0,2.0,,0,3,32,1.0,2,44,1,,2,1,2,1,2,57,57,57,1,0,0,,1.0,,20.0,,20.0,,,18.0,,,7.0,2.0,0.0,1,2.0,,1.0,2000.0,400.0,2.0,2.0,,,,11333.3167,2895.3034,1,2,1.0,1.0,0,41,47446,2,,,,,,2.0,2860.6924,7870.0,2200.0,-1,,,,,,,327602.0,2011,620,617,1,0,0,0,1,18.0,8.0,40.0,2011,2.0,1,8,2,8900,89001,1,21,36,0,13,3.0,2.0,,0,3,33,1.0,2,44,1,,1,2,1,2,57,57,57,1,0,0,1.0,1.0,,20.0,,20.0,,,18.0,,,7.0,2.0,0.0,1,2.0,2.0,2.0,,259.0,1.0,,,,,11606.0561,2932.3825,5,2,0.0,,0,0,47240,2,,,,,,2.0,2920.4848,7860.0,,-1,,,,,,,326287.0,2012,632,617,1,1,0,0,1,18.0,,1.0,2300.0,8.0,40.0,2012,MIS4_to_MIS8,new_york,0,2011-2012,1,0,0,0,retention
986079430279308,9,1.0,1,4,2,8900,89001,1,1,21,36,0,0,3.0,2.0,,0,3,38,1.0,2,44,1,,2,1,2,1,2,57,57,57,1,0,0,2.0,1.0,,40.0,,40.0,,,,,,2.0,3.0,0.0,1,2.0,2.0,2.0,,1461.0,2.0,2.0,,,,13335.5125,3284.0851,6,2,1.0,,0,0,38649,2,,,,,,2.0,3301.1857,7860.0,820.0,-1,,,,,,,327613.0,2011,620,617,1,0,1,0,1,18.0,2.0,40.0,2011,2.0,1,8,2,8900,89001,1,21,36,0,0,3.0,2.0,,0,3,40,1.0,2,44,1,,1,2,1,2,57,57,57,1,0,0,1.0,1.0,,37.0,,39.0,,,,,,2.0,3.0,0.0,1,2.0,2.0,2.0,,1336.53,2.0,2.0,,,,12491.0138,3059.4817,6,2,0.0,,0,0,4954,2,,,,,,2.0,3072.1996,7860.0,,-1,,,,,,,326297.0,2012,632,617,1,0,1,0,1,18.0,,1.0,230.0,1.0,40.0,2012,MIS4_to_MIS8,new_york,0,2011-2012,1,0,0,0,retention
940036976339870,9,1.0,7,4,2,8900,89001,1,1,21,36,39100,71,,1.0,,4,14,32,,1,39,1,,2,0,0,7,2,57,57,57,1,0,0,2.0,1.0,,40.0,,40.0,,,,,,2.0,3.0,0.0,1,2.0,1.0,1.0,2200.0,925.0,2.0,2.0,,,,11762.1265,2956.2732,0,0,0.0,0.0,0,0,17336,2,1.0,,,,,,2934.3123,770.0,6320.0,-1,,,,,,,327727.0,2011,620,617,0,0,0,0,0,12.0,19.0,4.0,2011,3.0,1,8,2,8900,89001,1,21,36,39100,71,,1.0,,4,3,33,3.0,1,39,1,,1,2,1,2,57,57,57,1,0,0,2.0,1.0,,40.0,,40.0,,,,,,2.0,3.0,0.0,1,2.0,,1.0,2350.0,940.0,2.0,2.0,,,,11881.0533,2999.8667,0,0,0.0,0.0,0,0,59165,2,1.0,,,,,,3005.4306,770.0,,-1,,,,,,,326418.0,2012,632,617,0,0,0,0,0,12.0,,1.0,6320.0,19.0,4.0,2012,MIS4_to_MIS8,new_york,0,2011-2012,1,0,0,0,retention
50134320992592,9,1.0,3,4,2,8900,89001,1,1,23,42,10900,0,1.0,1.0,,4,14,41,,2,36,1,2.0,2,0,0,7,2,73,73,73,2,10,11,2.0,1.0,,-4.0,,35.0,,,,,,2.0,3.0,0.0,1,2.0,2.0,1.0,1075.0,376.25,2.0,2.0,,,,14168.6661,3457.8605,4,2,1.0,1.0,43,42,28055,2,,,,,,,3507.4316,7860.0,4020.0,-1,,,,,,,330916.0,2011,620,617,0,0,0,1,0,10.0,13.0,40.0,2011,1.0,3,8,2,8900,89001,1,23,42,10900,0,1.0,1.0,,4,14,42,,2,36,1,2.0,0,0,7,2,73,73,73,2,10,11,2.0,1.0,,40.0,,40.0,,,,,,2.0,4.0,0.0,1,1.0,2.0,2.0,,350.0,2.0,2.0,,,,19359.3401,4650.6998,4,2,1.0,,0,42,39764,2,,,,,,,4761.4836,8680.0,,-1,,,,,,,329750.0,2012,632,617,0,0,0,1,0,10.0,,1.0,4060.0,13.0,46.0,2012,MIS4_to_MIS8,pennsylvania,0,2011-2012,0,1,0,1,retention
69154320998299,9,2.0,1,4,2,8900,89001,1,1,23,42,38300,3,1.0,1.0,,5,1,32,2.0,2,44,1,,1,1,1,1,2,57,57,57,1,0,0,1.0,1.0,,40.0,,43.0,,,,,,2.0,3.0,0.0,1,2.0,2.0,2.0,,1153.84,2.0,2.0,,,,13577.0292,3451.7221,0,0,0.0,,0,0,57355,1,,,,,,1.0,3427.0378,9370.0,710.0,-1,,,,,,,330925.0,2011,620,617,0,0,0,0,0,17.0,2.0,51.0,2011,1.0,1,8,2,8900,89001,1,23,42,38300,3,1.0,1.0,,5,1,33,2.0,2,44,1,,1,1,1,2,57,57,57,1,0,0,1.0,1.0,,-4.0,,45.0,,,,,,2.0,3.0,0.0,1,2.0,2.0,2.0,,1153.0,2.0,2.0,,,,15929.7556,4003.0958,0,0,1.0,,0,0,39592,1,,,,,,1.0,4008.477,9370.0,,-1,,,,,,,329759.0,2012,632,617,0,0,0,0,0,17.0,,1.0,710.0,2.0,51.0,2012,MIS4_to_MIS8,pennsylvania,0,2011-2012,1,0,0,0,retention
279700985580934,9,2.0,1,4,2,8900,89001,1,1,23,42,37980,101,1.0,1.0,,7,1,50,2.0,1,43,1,,1,1,1,1,2,57,57,57,1,0,0,2.0,4.0,,,,,,,,9.0,2.0,11.0,3.0,0.0,2,,,,,,,,,,,11151.1614,2788.6596,4,1,,,0,0,39585,1,,,,1.0,1.0,,2887.6077,7860.0,2330.0,-1,,,,,,,330946.0,2011,620,617,0,0,0,1,0,18.0,8.0,40.0,2011,2.0,1,8,2,8900,89001,1,23,42,37980,101,1.0,1.0,,7,1,51,2.0,1,43,1,,1,1,1,2,57,57,57,1,0,0,2.0,1.0,,55.0,,50.0,,,,,,2.0,4.0,0.0,1,1.0,2.0,2.0,,576.92,2.0,2.0,,,,11086.7016,2781.2784,4,1,0.0,,0,0,30550,1,,,,1.0,1.0,,2807.7245,6990.0,,-1,,,,,,,329787.0,2012,632,617,0,0,0,1,0,18.0,,1.0,4810.0,16.0,33.0,2012,MIS4_to_MIS8,pennsylvania,0,2011-2012,0,1,0,1,retention
279700985580934,9,2.0,1,4,2,8900,89001,1,1,23,42,37980,101,1.0,1.0,,7,4,16,,2,36,1,,3,1,3,7,2,57,57,57,1,0,0,2.0,1.0,,-4.0,,5.0,,,20.0,,,7.0,3.0,0.0,1,2.0,,1.0,725.0,145.0,2.0,2.0,1.0,1.0,1.0,19201.0786,4016.0661,0,0,0.0,0.0,0,0,39585,3,,,,,,,3926.5769,7860.0,6050.0,-1,,,,,2.0,1.0,330948.0,2011,620,617,0,0,0,0,0,10.0,18.0,40.0,2011,2.0,1,8,2,8900,89001,1,23,42,37980,101,1.0,1.0,,7,4,17,,2,37,1,,1,3,7,2,57,57,57,1,0,0,2.0,1.0,,10.0,,6.0,,,20.0,,,7.0,3.0,1.0,1,2.0,1.0,1.0,825.0,0.0,2.0,2.0,1.0,1.0,1.0,17901.6333,4390.136,0,0,1.0,1.0,0,0,30550,3,,,,,,,4203.8343,180.0,,-1,,,,,2.0,1.0,329789.0,2012,632,617,0,0,0,0,0,11.0,,1.0,6050.0,18.0,1.0,2012,MIS4_to_MIS8,pennsylvania,0,2011-2012,1,0,0,0,retention
850925090943069,9,1.0,3,4,2,8900,89001,1,1,23,42,10900,0,1.0,1.0,,4,4,26,3.0,2,39,6,2.0,2,2,1,1,2,57,73,73,1,0,0,1.0,1.0,,36.0,,38.0,,,,,,2.0,2.0,0.0,1,2.0,2.0,2.0,,442.3,1.0,,,,,18567.4582,4605.2408,6,3,0.0,,0,0,65403,2,2.0,7.0,,,,,4686.6939,9480.0,5310.0,-1,,,,,,1.0,331031.0,2011,620,617,1,0,1,0,1,11.0,17.0,51.0,2011,2.0,3,8,2,8900,89001,1,23,42,10900,0,1.0,1.0,,4,4,26,3.0,2,39,6,2.0,2,1,1,2,57,73,73,1,0,0,1.0,1.0,,40.0,,40.0,,,,,,2.0,4.0,0.0,1,1.0,2.0,2.0,,480.0,2.0,2.0,,,,31835.9252,7535.8541,11,3,0.0,,0,0,14281,2,2.0,7.0,,,,,8011.0189,8590.0,,-1,,,,,,1.0,329881.0,2012,632,617,1,1,1,0,1,11.0,,6.0,4400.0,15.0,44.0,2012,MIS4_to_MIS8,pennsylvania,0,2011-2012,0,1,0,1,retention
78614320998093,9,1.0,1,4,2,8900,89001,1,1,23,42,38300,19,2.0,1.0,,5,1,49,2.0,2,39,1,,1,1,1,1,2,57,57,57,1,0,0,1.0,1.0,,12.0,,14.0,,,18.0,,,7.0,3.0,0.0,1,2.0,,1.0,917.0,110.04,2.0,2.0,,,,11342.7108,2890.4517,4,1,0.0,0.0,0,0,14129,1,1.0,,,,,,2861.0805,9370.0,5700.0,4220,,,,,,,331126.0,2011,620,617,0,0,0,1,0,12.0,17.0,51.0,2011,1.0,1,8,2,8900,89001,1,23,42,38300,19,2.0,1.0,,5,1,50,2.0,2,39,1,,1,1,1,2,57,57,57,1,0,0,1.0,1.0,,12.0,,34.0,,,18.0,,,7.0,3.0,0.0,1,2.0,1.0,1.0,945.0,112.0,2.0,2.0,,,,11650.9271,2811.1514,4,1,0.0,0.0,0,0,2368,1,1.0,,,,,,2850.6789,9370.0,,8950,,,,,,,329986.0,2012,632,617,0,0,0,1,0,12.0,,1.0,5700.0,17.0,51.0,2012,MIS4_to_MIS8,pennsylvania,0,2011-2012,1,0,0,0,retention
537492189200674,9,2.0,6,4,2,8900,89001,1,1,23,42,37980,45,2.0,1.0,,7,14,32,,2,44,1,,2,0,0,7,2,57,233,233,1,0,0,2.0,1.0,,40.0,,40.0,,,,,,2.0,3.0,0.0,1,2.0,,1.0,1800.0,720.0,1.0,,,,,13890.1508,3531.3278,0,0,1.0,1.0,0,42,14201,2,,,,,,1.0,3506.0742,7860.0,230.0,-1,,,,,,,331392.0,2011,620,617,0,0,0,0,0,17.0,1.0,40.0,2011,1.0,6,8,2,8900,89001,1,23,42,37980,45,2.0,1.0,,7,14,33,,2,44,1,,0,0,7,2,57,233,233,1,0,0,2.0,1.0,,40.0,,40.0,,,,,,2.0,4.0,0.0,1,2.0,2.0,2.0,,673.0,2.0,2.0,,,,16381.6249,4116.6491,0,0,1.0,,0,42,59552,2,,,,,,1.0,4122.1829,7860.0,,-1,,,,,,,330242.0,2012,632,617,0,0,0,0,0,17.0,,1.0,2550.0,8.0,40.0,2012,MIS4_to_MIS8,pennsylvania,0,2011-2012,0,1,0,1,retention
733490599200828,9,1.0,1,4,2,8900,89001,1,1,23,42,42540,0,2.0,1.0,,4,1,41,2.0,2,43,1,,1,1,1,1,2,57,57,57,1,0,0,2.0,1.0,,40.0,10.0,30.0,,,10.0,,,4.0,3.0,0.0,1,2.0,1.0,1.0,1800.0,500.0,1.0,,,,,13368.9624,3289.0964,4,1,0.0,1.0,0,0,17560,1,,,,2.0,,,3309.4661,7860.0,5700.0,-1,2.0,,,,,,331436.0,2011,620,617,0,0,0,1,0,16.0,17.0,40.0,2011,1.0,1,8,2,8900,89001,1,23,42,42540,0,2.0,1.0,,4,1,42,2.0,2,43,1,,1,1,1,2,57,57,57,1,0,0,1.0,1.0,,40.0,,40.0,,,,,,2.0,3.0,0.0,1,2.0,2.0,2.0,,550.0,1.0,,,,,17351.4875,4227.054,4,1,0.0,,0,0,39768,1,,,,2.0,,,4267.6467,7860.0,,-1,2.0,,,,,,330287.0,2012,632,617,0,0,0,1,0,16.0,,1.0,5700.0,17.0,40.0,2012,MIS4_to_MIS8,pennsylvania,0,2011-2012,1,0,0,0,retention
930491619200893,9,1.0,4,4,2,8900,89001,1,1,23,42,37980,91,2.0,1.0,,7,4,23,,2,44,1,,2,1,3,7,2,57,57,57,1,0,0,2.0,1.0,,40.0,,40.0,,,,,,2.0,3.0,0.0,1,2.0,2.0,2.0,,1093.0,1.0,,2.0,,,18301.5454,4346.4886,0,0,1.0,,0,0,39557,2,,,,,,2.0,4351.0992,7860.0,2330.0,-1,,,,,1.0,,331536.0,2011,620,617,0,0,0,0,0,18.0,8.0,40.0,2011,1.0,4,8,2,8900,89001,1,23,42,37980,91,2.0,1.0,,7,4,24,,2,44,1,,1,3,7,2,57,57,57,1,0,0,2.0,1.0,,40.0,,40.0,,,,,,2.0,3.0,0.0,1,2.0,2.0,2.0,,673.07,1.0,,2.0,,,22268.3057,5453.8643,0,0,0.0,,0,0,28174,2,,,,,,2.0,5404.0943,7860.0,,-1,,,,,1.0,,330388.0,2012,632,617,0,0,0,0,0,18.0,,1.0,2330.0,8.0,40.0,2012,MIS4_to_MIS8,pennsylvania,0,2011-2012,1,0,0,0,retention
982569630199405,9,3.0,1,4,2,8900,89001,1,1,23,42,37980,45,2.0,1.0,,7,3,50,1.0,2,39,1,,2,1,2,1,2,57,57,57,1,0,0,2.0,1.0,,23.0,,23.0,,,23.0,,,7.0,3.0,0.0,1,2.0,,1.0,1500.0,345.0,2.0,2.0,,,,12365.212,3130.5811,4,1,0.0,0.0,0,0,39492,2,1.0,,,,,,3118.9958,7860.0,2540.0,-1,,,,,,,331596.0,2011,620,617,0,0,0,1,0,12.0,8.0,40.0,2011,2.0,1,8,2,8900,89001,1,23,42,37980,45,2.0,1.0,,7,3,51,1.0,2,39,1,,1,2,1,2,57,57,57,1,0,0,2.0,1.0,,25.0,,25.0,,,15.0,,,6.0,3.0,0.0,1,2.0,,1.0,1600.0,400.0,2.0,2.0,,,,12309.2764,2969.9988,4,1,0.0,0.0,0,0,17295,2,1.0,,,,,,3011.7599,7860.0,,-1,,,,,,,330451.0,2012,632,617,0,0,0,1,0,12.0,,1.0,2540.0,8.0,40.0,2012,MIS4_to_MIS8,pennsylvania,0,2011-2012,1,0,0,0,retention
340200098825715,9,2.0,1,4,2,8900,89001,1,1,23,42,0,0,3.0,2.0,,0,3,59,1.0,2,43,1,,2,1,2,1,2,57,57,57,1,0,0,2.0,1.0,,40.0,,40.0,,,,,,2.0,2.0,0.0,1,2.0,2.0,2.0,,961.0,2.0,2.0,,,,10555.8874,2737.1094,8,2,1.0,,0,0,39423,2,,,,2.0,,,2706.3075,7860.0,2310.0,-1,,,,,,,331670.0,2011,620,617,0,1,1,0,1,16.0,8.0,40.0,2011,2.0,1,8,2,8900,89001,1,23,42,0,0,3.0,2.0,,0,3,60,1.0,2,43,1,,1,2,1,2,57,57,57,1,0,0,1.0,1.0,,45.0,,45.0,,,,,,2.0,3.0,0.0,1,2.0,2.0,2.0,,1019.23,1.0,,,,,12701.9797,3090.2638,3,2,0.0,,0,0,65264,2,,,,2.0,,,3146.7946,7860.0,,-1,,,,,,,330511.0,2012,632,617,0,0,1,0,0,16.0,,1.0,2310.0,8.0,40.0,2012,MIS4_to_MIS8,pennsylvania,0,2011-2012,1,0,0,0,retention
665022912439240,9,1.0,7,4,2,8900,89001,1,1,23,42,0,0,3.0,2.0,,0,2,65,,2,39,1,,1,0,0,4,2,57,57,57,1,0,0,1.0,1.0,,40.0,,40.0,,,,,,2.0,2.0,0.0,1,2.0,,1.0,1372.0,548.8,2.0,2.0,,,,12572.9609,2971.6422,0,0,0.0,0.0,0,0,48038,1,1.0,,,,,,2930.0778,7860.0,4610.0,-1,,,,,,,331704.0,2011,620,617,0,0,0,0,0,12.0,15.0,40.0,2011,1.0,7,8,2,8900,89001,1,23,42,0,0,3.0,2.0,,0,2,66,,2,39,1,,0,0,4,2,57,57,57,1,0,0,1.0,1.0,,35.0,,35.0,,,,,,2.0,4.0,0.0,1,2.0,1.0,1.0,900.0,472.0,1.0,,,,,11375.852,2906.0029,0,0,0.0,1.0,0,0,65266,1,1.0,,,,,,2848.4194,7860.0,,-1,,,,,,,330532.0,2012,632,617,0,0,0,0,0,12.0,,1.0,4600.0,15.0,40.0,2012,MIS4_to_MIS8,pennsylvania,0,2011-2012,0,1,0,1,retention
850927065743919,9,1.0,1,4,2,8900,89001,1,1,23,42,0,0,3.0,2.0,,0,1,62,2.0,1,44,1,,1,1,1,1,2,57,57,57,1,0,0,1.0,1.0,,40.0,13.0,24.0,,,13.0,,,4.0,2.0,0.0,1,2.0,2.0,2.0,,1500.0,2.0,2.0,,,,9745.8883,2491.3063,0,0,0.0,,0,0,5269,1,,,,,,1.0,2500.7674,7860.0,230.0,-1,,,,,,,331715.0,2011,620,617,0,0,0,0,0,17.0,1.0,40.0,2011,1.0,1,8,2,8900,89001,1,23,42,0,0,3.0,2.0,,0,1,63,2.0,1,44,1,,1,1,1,2,57,57,57,1,0,0,1.0,4.0,,,,,,,,78.0,5.0,12.0,3.0,0.0,2,,,,,,,,,,,11501.0506,3039.6958,0,0,,,0,0,5348,1,,,,,,1.0,3186.2803,7860.0,,-1,,,,,,,330544.0,2012,632,617,0,0,0,0,0,17.0,,1.0,230.0,1.0,40.0,2012,MIS4_to_MIS8,pennsylvania,0,2011-2012,1,0,0,0,retention
941002984439630,9,2.0,1,4,2,8900,89001,1,1,23,42,0,0,3.0,2.0,,0,1,58,2.0,1,39,1,,1,1,1,1,2,57,57,57,1,0,0,1.0,1.0,,35.0,,35.0,,,,,,2.0,3.0,0.0,1,2.0,,1.0,1785.0,624.75,1.0,,,,,10152.8507,2524.8594,0,0,1.0,1.0,0,0,2353,1,1.0,,,,,,2496.5539,7860.0,2540.0,-1,,,,,,,331749.0,2011,620,617,0,0,0,0,0,12.0,8.0,40.0,2011,2.0,1,8,2,8900,89001,1,23,42,0,0,3.0,2.0,,0,1,59,2.0,1,39,1,,1,1,1,2,57,57,57,1,0,0,2.0,1.0,,30.0,,30.0,,,15.0,,,6.0,3.0,0.0,1,2.0,,1.0,1300.0,390.0,2.0,2.0,,,,11507.3805,2789.9642,0,0,0.0,0.0,0,0,28243,1,1.0,,,,,,2816.0756,7860.0,,-1,,,,,,,330579.0,2012,632,617,0,0,0,0,0,12.0,,1.0,2540.0,8.0,40.0,2012,MIS4_to_MIS8,pennsylvania,0,2011-2012,1,0,0,0,retention
470925093243169,9,1.0,1,4,2,8900,89001,1,1,23,42,39740,11,,1.0,,3,3,49,1.0,2,39,1,,2,1,2,1,2,57,57,57,1,0,0,1.0,1.0,,12.0,,12.0,,,22.0,,,7.0,2.0,0.0,1,2.0,,1.0,1071.0,128.52,2.0,2.0,,,,11109.1091,2830.9232,4,2,0.0,0.0,0,0,14087,2,1.0,,,,,,2802.1569,7860.0,2540.0,-1,,,,,,,331885.0,2011,620,617,0,0,0,1,0,12.0,8.0,40.0,2011,5.0,1,8,2,8900,89001,1,23,42,39740,11,,1.0,,3,3,50,1.0,2,39,1,,1,2,1,2,57,57,57,1,0,0,1.0,1.0,,15.0,,12.0,,,18.0,,,7.0,3.0,0.0,1,2.0,,1.0,1097.0,164.55,2.0,2.0,,,,12114.3254,2922.9607,4,2,0.0,0.0,0,0,2345,2,1.0,,,,,,2964.0604,7860.0,,-1,,,,,,,330698.0,2012,632,617,0,0,0,1,0,12.0,,1.0,2540.0,8.0,40.0,2012,MIS4_to_MIS8,pennsylvania,0,2011-2012,1,0,0,0,retention
524212033908293,9,1.0,6,4,2,8900,89001,1,1,23,42,25420,43,,1.0,,4,14,33,,2,42,1,,2,0,0,5,2,57,57,57,1,0,0,2.0,1.0,,40.0,,40.0,,,,,,2.0,2.0,0.0,1,2.0,1.0,1.0,1459.0,576.92,1.0,,,,,13297.412,3380.6343,0,0,0.0,1.0,0,0,28005,2,,,3.0,,,,3356.4584,9570.0,5860.0,-1,,,,,,,331905.0,2011,620,617,0,0,0,0,0,14.0,17.0,51.0,2011,2.0,1,8,2,8900,89001,1,23,42,25420,43,,1.0,,4,3,34,1.0,2,42,1,,1,2,1,2,57,57,57,1,0,0,1.0,1.0,,38.0,,38.0,,,,,,2.0,2.0,0.0,1,2.0,2.0,2.0,,769.0,1.0,,,,,16122.1771,4051.4507,4,2,1.0,,0,42,14168,2,,,1.0,,,,4056.8969,9570.0,,-1,,,,,,,330719.0,2012,632,617,0,0,0,1,0,12.0,,1.0,5820.0,17.0,51.0,2012,MIS4_to_MIS8,pennsylvania,0,2011-2012,1,0,0,0,retention
942139530679402,9,2.0,1,4,2,8900,89001,1,1,23,42,39740,11,,1.0,,3,3,47,1.0,2,39,1,,2,1,2,1,2,57,57,57,1,0,0,2.0,1.0,,22.0,,22.0,,,18.0,,,7.0,3.0,0.0,1,2.0,2.0,2.0,,175.0,2.0,2.0,,,,11109.1091,2830.9232,0,0,0.0,,0,0,27952,2,1.0,,,,,,2802.1569,7860.0,230.0,-1,,,,,,,331961.0,2011,620,617,0,0,0,0,0,12.0,1.0,40.0,2011,4.0,1,8,2,8900,89001,1,23,42,39740,11,,1.0,,3,3,48,1.0,2,39,1,,1,2,1,2,57,57,57,1,0,0,2.0,4.0,,,,,,,,9.0,4.0,12.0,4.0,0.0,2,,,,,,,,,,,12011.233,2772.8478,0,0,,,0,0,2347,2,1.0,,,,,,2830.122,7860.0,,-1,,,,,,,330785.0,2012,632,617,0,0,0,0,0,12.0,,1.0,230.0,1.0,40.0,2012,MIS4_to_MIS8,pennsylvania,0,2011-2012,0,1,0,1,retention
75881470938388,10,2.0,1,4,2,8900,89001,1,1,33,17,16980,0,1.0,1.0,,7,1,50,2.0,1,44,1,,1,1,1,1,2,212,212,212,5,0,6,2.0,1.0,,12.0,,12.0,,,15.0,,,6.0,3.0,0.0,1,2.0,2.0,2.0,,500.0,2.0,2.0,,,,16179.111,3953.0227,10,2,0.0,,0,0,22526,1,,,,,,3.0,3951.1484,7870.0,2200.0,-1,,,,,,,352004.0,2011,621,618,0,0,1,1,0,18.0,8.0,40.0,2011,1.0,1,8,2,8900,89001,1,33,17,16980,0,1.0,1.0,,7,1,51,2.0,1,44,1,,1,1,1,2,212,212,212,5,0,6,1.0,1.0,,40.0,,50.0,,,,,,2.0,3.0,0.0,1,2.0,2.0,2.0,,1538.46,2.0,2.0,,,,14604.8111,3534.3531,10,2,0.0,,0,0,4696,1,,,,,,3.0,3538.8968,7870.0,,2200,,,,,,,350912.0,2012,633,618,0,0,1,1,0,18.0,,1.0,110.0,1.0,40.0,2012,MIS4_to_MIS8,illinois,1,2011-2012,1,0,0,0,retention
410709932027090,10,1.0,7,4,2,8900,89001,1,1,33,17,37900,0,1.0,1.0,,3,2,50,,2,43,1,,1,0,0,6,2,57,57,57,1,0,0,1.0,1.0,,-4.0,,75.0,,,,,,2.0,3.0,0.0,1,2.0,2.0,2.0,,596.15,1.0,,,,,13854.5847,3397.8069,0,0,0.0,,0,0,45202,1,,,,2.0,,,3409.1291,7860.0,2320.0,-1,,,,,,,352089.0,2011,621,618,0,0,0,0,0,16.0,8.0,40.0,2011,1.0,7,8,2,8900,89001,1,33,17,37900,0,1.0,1.0,,3,2,51,,2,43,1,,0,0,6,2,57,57,57,1,0,0,1.0,1.0,,40.0,,60.0,,,,,,2.0,3.0,0.0,1,2.0,2.0,2.0,,1596.0,2.0,2.0,,,,11994.9084,3067.6201,0,0,1.0,,0,42,34121,1,,,,2.0,,,3062.2895,7860.0,,-1,,,,,,,351000.0,2012,633,618,0,0,0,0,0,16.0,,1.0,2320.0,8.0,40.0,2012,MIS4_to_MIS8,illinois,1,2011-2012,1,0,0,0,retention
789630313970941,10,1.0,1,4,2,8900,89001,1,1,33,17,16980,0,1.0,1.0,1.0,7,1,54,2.0,1,44,1,,1,1,1,1,2,57,57,57,1,0,0,1.0,1.0,,40.0,,70.0,,,,,,2.0,2.0,0.0,1,2.0,2.0,2.0,,1634.61,1.0,,,,,16179.111,3953.0227,0,0,0.0,,0,0,19072,1,,,,,,3.0,3951.1484,7860.0,2320.0,2200,,,,,,,352172.0,2011,621,618,0,0,0,0,0,18.0,8.0,40.0,2011,1.0,1,8,2,8900,89001,1,33,17,16980,0,1.0,1.0,1.0,7,1,53,2.0,1,44,1,,1,1,1,2,57,57,57,1,0,0,1.0,1.0,,40.0,,50.0,,,,,,2.0,3.0,0.0,1,2.0,2.0,2.0,,1538.46,1.0,,,,,14604.8111,3534.3531,0,0,0.0,,0,0,66789,1,,,,,,2.0,3538.8968,7860.0,,2200,,,,,,,351080.0,2012,633,618,0,0,0,0,0,18.0,,1.0,2320.0,8.0,40.0,2012,MIS4_to_MIS8,illinois,1,2011-2012,1,0,0,0,retention
147193558700298,10,1.0,4,4,2,8900,89001,1,1,33,17,16980,0,2.0,1.0,,7,1,47,,2,42,2,,1,1,1,5,2,57,57,57,1,0,0,1.0,1.0,,40.0,,40.0,,,,,,2.0,2.0,0.0,1,2.0,,1.0,1475.0,590.0,2.0,2.0,,,,13536.443,3310.9547,0,0,1.0,1.0,0,0,63918,1,,,2.0,,,,3359.4149,9470.0,3730.0,-1,,,,,,1.0,352343.0,2011,621,618,0,0,0,0,0,13.0,12.0,51.0,2011,1.0,4,8,2,8900,89001,1,33,17,16980,0,2.0,1.0,,7,1,48,,2,42,2,,1,1,5,2,57,57,57,1,0,0,1.0,1.0,,40.0,,40.0,,,,,,2.0,4.0,0.0,1,2.0,2.0,2.0,,701.0,1.0,,,,,12561.7416,3352.8721,0,0,1.0,,0,42,70294,1,,,3.0,,,,3306.777,7590.0,,-1,,,,,,,351205.0,2012,633,618,0,0,0,0,0,14.0,,2.0,5120.0,17.0,38.0,2012,MIS4_to_MIS8,illinois,1,2011-2012,0,1,0,1,retention
220572099014389,10,2.0,1,4,2,8900,89001,1,1,33,17,16980,0,2.0,1.0,,7,3,68,1.0,1,40,1,,2,1,2,1,2,57,57,57,1,0,0,1.0,5.0,,,,,,,,,,1.0,3.0,0.0,2,,,,,,,,,,,13481.4808,3397.9553,0,0,,,0,0,35534,2,,,2.0,,,,3359.5324,7270.0,2860.0,-1,,,,,,,352408.0,2011,621,618,0,0,0,0,0,13.0,9.0,36.0,2011,1.0,1,8,2,8900,89001,1,33,17,16980,0,2.0,1.0,,7,3,69,1.0,1,40,1,,1,2,1,2,57,57,57,1,0,0,2.0,5.0,,,,,,,,,,1.0,3.0,0.0,2,,,,,,,,,,,14064.7472,3495.3012,0,0,,,0,0,51292,2,,,2.0,,,,3535.1858,8590.0,,-1,,,,,,,351280.0,2012,633,618,0,0,0,0,0,13.0,,1.0,4430.0,15.0,44.0,2012,MIS4_to_MIS8,illinois,1,2011-2012,1,0,0,0,retention
410709815835927,10,4.0,1,4,2,8900,89001,1,1,33,17,16980,0,2.0,1.0,,7,1,55,2.0,1,43,2,,1,1,1,1,2,57,57,57,1,0,0,2.0,1.0,,40.0,,40.0,,,,,,2.0,3.0,0.0,1,2.0,2.0,2.0,,1923.0,1.0,,,,,11926.9511,3269.2842,0,0,1.0,,0,0,52321,1,,,,2.0,,,3265.5795,7860.0,2310.0,-1,3.0,,,,,,352436.0,2011,621,618,0,0,0,0,0,16.0,8.0,40.0,2011,1.0,6,8,2,8900,89001,1,33,17,16980,0,2.0,1.0,,7,2,56,,1,41,2,,0,0,3,2,57,57,57,1,0,0,1.0,1.0,,35.0,,35.0,,,,,,2.0,3.0,0.0,1,2.0,,1.0,2200.0,770.0,1.0,,,,,21454.7798,4156.9548,0,0,1.0,1.0,0,0,58674,1,,,2.0,,,,4102.6046,7860.0,,-1,3.0,,,,,,351316.0,2012,633,618,0,0,0,0,0,13.0,,2.0,2310.0,8.0,40.0,2012,MIS4_to_MIS8,illinois,1,2011-2012,1,0,0,0,retention
410709983217744,10,1.0,4,4,2,8900,89001,1,1,33,17,16980,0,2.0,1.0,,7,4,27,,2,43,1,1.0,2,1,3,7,2,57,57,303,1,0,0,2.0,1.0,,40.0,6.0,32.0,,,6.0,,,4.0,2.0,0.0,1,2.0,,1.0,1500.0,600.0,1.0,,,,,15027.2758,3712.8493,0,0,0.0,0.0,0,0,4965,2,,,,1.0,2.0,,3800.8768,7860.0,2330.0,-1,,,,,1.0,,352453.0,2011,621,618,0,0,0,0,0,17.0,8.0,40.0,2011,1.0,4,8,2,8900,89001,1,33,17,16980,0,2.0,1.0,,7,4,27,3.0,2,43,1,1.0,2,1,1,2,57,57,303,1,0,0,2.0,1.0,,40.0,,40.0,,,,,,2.0,4.0,0.0,1,2.0,1.0,1.0,800.0,538.46,2.0,2.0,,,,15036.9718,3806.841,1,1,0.0,1.0,0,0,58707,2,,,,1.0,1.0,,3789.3474,8180.0,,-1,,,,,1.0,,351336.0,2012,633,618,1,0,0,0,1,18.0,,1.0,3649.0,11.0,42.0,2012,MIS4_to_MIS8,illinois,1,2011-2012,0,1,0,1,retention
441198819700754,10,1.0,1,4,2,8900,89001,1,1,33,17,16980,0,2.0,1.0,,7,1,29,2.0,1,43,1,,1,1,1,1,2,57,421,57,1,0,0,1.0,1.0,,48.0,,48.0,,,,,,2.0,3.0,0.0,1,2.0,2.0,2.0,,1000.0,2.0,2.0,,,,13717.042,3519.2497,0,0,0.0,,0,0,8981,1,,,,1.0,1.0,,3533.8565,9480.0,1006.0,-1,,,,,,,352462.0,2011,621,618,0,0,0,0,0,18.0,3.0,51.0,2011,2.0,1,8,2,8900,89001,1,33,17,16980,0,2.0,1.0,,7,1,29,2.0,1,43,1,,1,1,1,2,57,421,57,1,0,0,2.0,1.0,,50.0,,50.0,,,,,,2.0,4.0,0.0,1,2.0,2.0,2.0,,1153.84,2.0,2.0,,,,13557.512,3427.7517,1,1,0.0,,0,0,66800,1,,,,1.0,1.0,,3429.347,7390.0,,-1,,,,,,,351344.0,2012,633,618,1,0,0,0,1,18.0,,1.0,1006.0,3.0,36.0,2012,MIS4_to_MIS8,illinois,1,2011-2012,0,1,0,1,retention
769320369360941,10,2.0,1,4,2,8900,89001,1,1,33,17,16980,0,2.0,1.0,,7,3,55,1.0,2,39,1,,2,1,2,1,2,57,57,57,1,0,0,1.0,1.0,,38.0,6.0,30.0,,,6.0,,,4.0,3.0,0.0,1,2.0,2.0,2.0,,346.15,1.0,,,,,12402.7792,3050.3791,0,0,0.0,,0,0,35535,2,1.0,,,,,,3065.5831,7860.0,5700.0,-1,,,,,,,352569.0,2011,621,618,0,0,0,0,0,12.0,17.0,40.0,2011,2.0,1,8,2,8900,89001,1,33,17,16980,0,2.0,1.0,,7,3,56,1.0,2,39,1,,1,2,1,2,57,57,57,1,0,0,1.0,1.0,,38.0,6.0,30.0,,,6.0,,,4.0,3.0,0.0,1,2.0,2.0,2.0,,454.54,1.0,,,,,11727.4253,2904.7327,0,0,0.0,,0,0,21244,2,1.0,,,,,,2902.0896,7860.0,,-1,,,,,,,351461.0,2012,633,618,0,0,0,0,0,12.0,,1.0,5700.0,17.0,40.0,2012,MIS4_to_MIS8,illinois,1,2011-2012,1,0,0,0,retention
844191739700472,10,1.0,4,4,2,8900,89001,1,1,33,17,16980,0,2.0,1.0,,7,1,30,,2,43,1,,1,1,1,7,2,57,57,57,1,0,0,1.0,1.0,,40.0,,40.0,,,,,,2.0,2.0,0.0,1,2.0,,1.0,1250.0,500.0,2.0,2.0,,,,13044.2086,3281.7672,0,0,0.0,0.0,0,0,4966,1,,,,1.0,2.0,,3299.2959,7860.0,2540.0,-1,,,,,2.0,,352642.0,2011,621,618,0,0,0,0,0,17.0,8.0,40.0,2011,1.0,4,8,2,8900,89001,1,33,17,16980,0,2.0,1.0,,7,1,30,,2,43,1,,1,1,7,2,57,57,57,1,0,0,1.0,1.0,,40.0,,40.0,,,,,,2.0,3.0,0.0,1,2.0,1.0,1.0,1500.0,576.92,2.0,1.0,,,,13882.6638,3545.7399,0,0,0.0,0.0,0,0,4703,1,,,,1.0,1.0,,3498.4595,7860.0,,-1,,,,,2.0,,351530.0,2012,633,618,0,0,0,0,0,18.0,,1.0,2310.0,8.0,40.0,2012,MIS4_to_MIS8,illinois,1,2011-2012,1,0,0,0,retention
845194619700928,10,2.0,1,4,2,8900,89001,1,1,33,17,41180,0,2.0,1.0,,6,3,34,1.0,2,43,1,,2,1,2,1,2,57,57,57,1,0,0,1.0,1.0,,16.0,,16.0,,,18.0,,,7.0,3.0,0.0,1,2.0,,1.0,1050.0,168.0,2.0,2.0,,,,12882.8945,3241.1825,3,2,0.0,0.0,0,0,22435,2,,,,1.0,2.0,,3258.4945,7860.0,2320.0,-1,,,,,,,352646.0,2011,621,618,0,0,1,0,0,17.0,8.0,40.0,2011,2.0,1,8,2,8900,89001,1,33,17,41180,0,2.0,1.0,,6,3,35,1.0,2,43,1,,1,2,1,2,57,57,57,1,0,0,1.0,1.0,,40.0,,47.0,,,,,,2.0,3.0,0.0,1,2.0,2.0,2.0,,346.15,2.0,2.0,,,,13963.9335,3539.9082,3,2,0.0,,0,0,17845,2,,,,1.0,1.0,,3492.2825,7860.0,,205,,,,,,,351534.0,2012,633,618,0,0,1,0,0,18.0,,1.0,2320.0,8.0,40.0,2012,MIS4_to_MIS8,illinois,1,2011-2012,1,0,0,0,retention
871068014909292,10,1.0,1,4,2,8900,89001,1,1,33,17,37900,0,2.0,1.0,,3,3,44,1.0,2,40,1,,2,1,2,1,2,57,57,57,1,0,0,2.0,1.0,,25.0,8.0,31.0,,,8.0,,,4.0,3.0,0.0,1,2.0,,1.0,1000.0,250.0,2.0,2.0,,,,12787.853,3153.7198,0,0,0.0,0.0,0,0,22907,2,,,3.0,,,,3209.5382,7860.0,4020.0,4020,,,,,,,352667.0,2011,621,618,0,0,0,0,0,14.0,13.0,40.0,2011,1.0,1,8,2,8900,89001,1,33,17,37900,0,2.0,1.0,,3,3,45,1.0,2,40,1,,1,2,1,2,57,57,57,1,0,0,2.0,1.0,,40.0,,40.0,,,,,,2.0,3.0,0.0,1,2.0,2.0,2.0,,500.0,2.0,2.0,,,,11484.2139,2967.9433,0,0,0.0,,0,0,34175,2,,,3.0,,,,2931.9097,7860.0,,-1,,,,,,,351553.0,2012,633,618,0,0,0,0,0,14.0,,1.0,4020.0,13.0,40.0,2012,MIS4_to_MIS8,illinois,1,2011-2012,1,0,0,0,retention
871721054909491,10,2.0,1,4,2,8900,89001,1,1,33,17,16980,0,2.0,1.0,,7,3,49,1.0,2,43,1,,2,1,2,1,2,449,449,449,4,21,15,1.0,1.0,,40.0,4.0,32.0,,,4.0,,,4.0,3.0,0.0,1,2.0,,1.0,2700.0,1080.0,1.0,,,,,13395.2617,3291.8951,0,0,1.0,1.0,0,42,35587,2,,,,1.0,1.0,,3296.1058,7860.0,2310.0,-1,,,,,,,352674.0,2011,621,618,0,0,0,0,0,18.0,8.0,40.0,2011,1.0,1,8,2,8900,89001,1,33,17,16980,0,2.0,1.0,,7,3,49,1.0,2,44,1,,1,2,1,2,449,449,449,4,21,15,2.0,1.0,,40.0,,40.0,,,,,,2.0,3.0,0.0,1,2.0,2.0,2.0,,865.0,2.0,2.0,,,,11372.42,2939.0516,0,0,1.0,,0,42,63383,2,,,,,,2.0,2903.3688,7860.0,,-1,,,,,,,351560.0,2012,633,618,0,0,0,0,0,18.0,,1.0,2310.0,8.0,40.0,2012,MIS4_to_MIS8,illinois,1,2011-2012,1,0,0,0,retention
71523024909195,10,2.0,6,4,2,8900,89001,1,1,33,17,0,0,3.0,2.0,,0,2,24,,1,39,1,1.0,1,0,0,7,2,303,303,303,5,0,18,2.0,1.0,,40.0,,40.0,,,,,,2.0,2.0,0.0,1,1.0,,1.0,2400.0,1050.52,2.0,2.0,2.0,,,17374.7337,4173.9623,0,0,1.0,1.0,0,42,22700,1,1.0,,,,,,4400.7134,8170.0,9640.0,-1,,,,,,,352747.0,2011,621,618,0,0,0,0,0,12.0,22.0,42.0,2011,1.0,6,8,2,8900,89001,1,33,17,0,0,3.0,2.0,,0,2,25,,1,39,1,1.0,0,0,7,2,303,303,303,5,0,18,1.0,1.0,,42.0,,42.0,,,,,,2.0,4.0,0.0,1,2.0,,1.0,900.0,378.0,2.0,2.0,,,,16726.5131,4229.6283,0,0,0.0,0.0,0,0,51298,1,1.0,,,,,,4230.9399,8680.0,,-1,,,,,,,351634.0,2012,633,618,0,0,0,0,0,12.0,,1.0,4030.0,13.0,46.0,2012,MIS4_to_MIS8,illinois,1,2011-2012,0,1,0,1,retention
340191969700960,10,1.0,1,4,2,8900,89001,1,1,33,17,0,99,3.0,2.0,,0,1,48,2.0,1,40,1,,1,1,1,1,2,57,57,57,1,0,0,1.0,1.0,,31.0,,31.0,,,14.0,,,6.0,2.0,0.0,1,2.0,1.0,1.0,1155.0,375.0,1.0,,,,,16194.8528,3914.5632,10,5,0.0,0.0,0,0,45171,1,,,2.0,,,,3954.9927,8170.0,4610.0,-1,3.0,,,,,,352790.0,2011,621,618,0,0,1,1,0,13.0,15.0,42.0,2011,1.0,1,8,2,8900,89001,1,33,17,0,99,3.0,2.0,,0,1,49,2.0,1,40,1,,1,1,1,2,57,57,57,1,0,0,1.0,1.0,,31.0,,31.0,,,14.0,,,6.0,2.0,0.0,1,2.0,,1.0,1145.0,354.95,1.0,,,,,15654.3927,3796.5647,10,5,0.0,0.0,0,0,21327,1,,,2.0,,,,3793.2212,8170.0,,-1,3.0,,,,,,351677.0,2012,633,618,0,0,1,1,0,13.0,,1.0,4610.0,15.0,42.0,2012,MIS4_to_MIS8,illinois,1,2011-2012,1,0,0,0,retention
410709925250391,10,1.0,3,4,2,8900,89001,1,1,33,17,0,0,3.0,2.0,,0,1,23,,1,39,1,1.0,1,1,1,7,2,57,57,57,1,0,0,1.0,1.0,,28.0,,28.0,,,15.0,,,6.0,2.0,0.0,1,2.0,,1.0,1100.0,308.0,2.0,2.0,2.0,,,17374.7337,4173.9623,1,1,0.0,0.0,0,0,22698,1,2.0,6.0,,,,,4400.7134,8170.0,4610.0,-1,,,,,,,352804.0,2011,621,618,1,0,0,0,1,10.0,15.0,42.0,2011,1.0,3,8,2,8900,89001,1,33,17,0,0,3.0,2.0,,0,1,24,,1,39,1,1.0,1,1,7,2,57,57,57,1,0,0,1.0,4.0,,,,,,,,61.0,5.0,11.0,4.0,0.0,2,,,,,,,,2.0,,,19993.0595,4569.3653,1,1,,,0,0,8536,1,2.0,6.0,,,,,4673.1394,7580.0,,-1,,,,,,,351690.0,2012,633,618,1,0,0,0,1,10.0,,1.0,8965.0,21.0,38.0,2012,MIS4_to_MIS8,illinois,1,2011-2012,0,1,0,1,retention
410709936019690,10,1.0,4,4,2,8900,89001,1,1,33,17,0,99,3.0,2.0,,0,1,45,,2,42,1,,1,1,1,5,2,57,57,57,1,0,0,1.0,1.0,,40.0,5.0,17.0,,,5.0,,,4.0,3.0,0.0,1,2.0,2.0,2.0,,1153.84,2.0,2.0,,,,13071.0558,3212.2213,0,0,0.0,,0,0,55945,1,,,3.0,,,,3216.33,9470.0,5020.0,-1,,,,,,,352807.0,2011,621,618,0,0,0,0,0,14.0,17.0,51.0,2011,1.0,4,8,2,8900,89001,1,33,17,0,99,3.0,2.0,,0,1,46,,2,42,1,,1,1,5,2,57,57,57,1,0,0,1.0,1.0,,45.0,,40.0,,,,,,2.0,4.0,0.0,1,2.0,1.0,1.0,2900.0,1153.84,2.0,2.0,,,,11303.1484,2921.1493,0,0,0.0,0.0,0,0,4710,1,,,4.0,,,,2885.6838,8190.0,,-1,,,,,,,351693.0,2012,633,618,0,0,0,0,0,15.0,,1.0,350.0,1.0,41.0,2012,MIS4_to_MIS8,illinois,1,2011-2012,0,1,0,1,retention
72047164140070,10,1.0,1,4,2,8900,89001,1,1,33,17,14060,113,,1.0,,2,3,44,1.0,2,44,1,,2,1,2,1,2,57,57,57,1,0,0,2.0,1.0,,40.0,,40.0,,,,,,2.0,3.0,0.0,1,2.0,2.0,2.0,,1500.0,1.0,,,,,13379.7298,3299.6875,3,2,0.0,,0,0,9077,2,,,,,,2.0,3358.0895,7860.0,2310.0,-1,,,,,,,352866.0,2011,621,618,0,0,1,0,0,18.0,8.0,40.0,2011,2.0,1,8,2,8900,89001,1,33,17,14060,113,,1.0,,2,3,45,1.0,2,44,1,,1,2,1,2,57,57,57,1,0,0,1.0,1.0,,40.0,6.0,32.0,,,6.0,,,4.0,3.0,0.0,1,2.0,2.0,2.0,,1596.15,2.0,2.0,,,,11955.0545,3089.6258,3,2,0.0,,0,0,44175,2,,,,,,2.0,3052.1148,7860.0,,-1,,,,,,,351760.0,2012,633,618,0,0,1,0,0,18.0,,1.0,2310.0,8.0,40.0,2012,MIS4_to_MIS8,illinois,1,2011-2012,1,0,0,0,retention
197904308016789,10,2.0,1,4,2,8900,89001,1,1,33,17,16580,0,,1.0,,2,3,36,1.0,2,44,2,,2,1,2,1,2,57,57,57,1,0,0,1.0,1.0,,35.0,6.0,28.0,,,6.0,,,4.0,3.0,0.0,1,2.0,,1.0,1196.0,418.6,1.0,,,,,11692.4355,2836.9732,5,2,0.0,0.0,0,0,35365,2,,,,,,2.0,2853.2241,7860.0,2540.0,-1,,,,,,,352900.0,2011,621,618,1,1,0,0,1,18.0,8.0,40.0,2011,2.0,1,8,2,8900,89001,1,33,17,16580,0,,1.0,,2,3,37,1.0,2,44,2,,1,2,1,2,57,57,57,1,0,0,1.0,1.0,,35.0,,35.0,,,,,,2.0,3.0,0.0,1,2.0,2.0,2.0,,950.0,2.0,2.0,,,,14796.9497,3656.9734,2,2,0.0,,0,0,33834,2,,,,,,2.0,3628.2285,7860.0,,-1,,,,,,,351790.0,2012,633,618,0,1,0,0,1,18.0,,2.0,2430.0,8.0,40.0,2012,MIS4_to_MIS8,illinois,1,2011-2012,1,0,0,0,retention
410709984816294,10,1.0,6,4,2,8900,89001,1,1,33,17,19340,0,,1.0,,3,2,24,,1,39,1,,1,0,0,7,2,57,57,57,1,0,0,1.0,1.0,,40.0,4.0,1.0,,,4.0,,,4.0,3.0,0.0,1,2.0,,1.0,2258.0,903.2,1.0,,2.0,,,15188.6637,3819.1267,0,0,0.0,0.0,0,0,55959,1,1.0,,,,,,3847.0204,680.0,1920.0,-1,1.0,,,,,,352928.0,2011,621,618,0,0,0,0,0,12.0,5.0,24.0,2011,1.0,6,8,2,8900,89001,1,33,17,19340,0,,1.0,,3,2,25,,1,39,1,,0,0,7,2,57,57,57,1,0,0,1.0,1.0,,40.0,13.0,24.0,,,13.0,,,4.0,3.0,0.0,1,2.0,,1.0,2217.0,886.8,1.0,,,,,13690.7859,3461.4474,0,0,0.0,0.0,0,0,8613,1,1.0,,,,,,3463.0584,680.0,,-1,1.0,,,,,,351822.0,2012,633,618,0,0,0,0,0,12.0,,1.0,8620.0,21.0,24.0,2012,MIS4_to_MIS8,illinois,1,2011-2012,1,0,0,0,retention
17551480955196,10,1.0,1,4,2,8900,89001,1,1,32,18,26900,0,1.0,1.0,,5,1,32,2.0,2,43,2,,1,1,1,1,2,57,57,57,1,0,0,1.0,7.0,,,,,,,,,,1.0,2.0,0.0,2,,,,,,,,,,,14865.3554,3692.3936,14,4,,,0,0,52541,1,,,,1.0,2.0,,3910.4774,9480.0,2010.0,-1,,,,,,,352997.0,2011,621,618,0,1,1,1,1,17.0,6.0,51.0,2011,1.0,1,8,2,8900,89001,1,32,18,26900,0,1.0,1.0,,5,1,33,2.0,2,44,2,,1,1,1,2,57,57,57,1,0,0,1.0,1.0,,40.0,,40.0,,,,,,2.0,4.0,0.0,1,2.0,2.0,2.0,,1384.0,2.0,2.0,,,,13684.4291,3590.1295,14,4,1.0,,0,42,34277,1,,,,,,1.0,3570.3953,7870.0,,-1,,,,,,,351875.0,2012,633,618,0,1,1,1,1,17.0,,2.0,2000.0,6.0,40.0,2012,MIS4_to_MIS8,indiana,0,2011-2012,0,1,0,1,retention
17551480955196,10,1.0,1,4,2,8900,89001,1,1,32,18,26900,0,1.0,1.0,,5,3,33,1.0,1,40,2,,2,1,2,1,2,57,57,57,1,0,0,2.0,1.0,,40.0,,40.0,,,,,,2.0,3.0,0.0,1,2.0,,1.0,1200.0,480.0,1.0,,,,,19742.7602,4662.7515,14,4,0.0,0.0,0,0,52541,2,,,2.0,,,,4605.7889,7860.0,4220.0,-1,,,,,,,352998.0,2011,621,618,0,1,1,1,1,13.0,14.0,40.0,2011,1.0,1,8,2,8900,89001,1,32,18,26900,0,1.0,1.0,,5,3,34,1.0,1,40,2,,1,2,1,2,57,57,57,1,0,0,2.0,1.0,,40.0,,40.0,,,,,,2.0,3.0,0.0,1,2.0,,1.0,1275.0,510.0,2.0,2.0,,,,14018.4579,3323.8913,14,4,1.0,1.0,0,42,34277,2,,,3.0,,,,3257.5527,7860.0,,-1,,,,,,,351876.0,2012,633,618,0,1,1,1,1,14.0,,2.0,4220.0,14.0,40.0,2012,MIS4_to_MIS8,indiana,0,2011-2012,1,0,0,0,retention
410809909947190,10,1.0,1,4,2,8900,89001,1,1,32,18,16980,89,1.0,1.0,,7,1,77,2.0,2,44,2,,1,1,1,1,2,57,57,57,1,0,0,1.0,1.0,,20.0,,20.0,,,21.0,,,7.0,3.0,0.0,1,2.0,1.0,1.0,3000.0,653.84,2.0,2.0,,,,12794.9825,2902.2083,0,0,0.0,0.0,0,0,45296,1,,,,,,3.0,2906.7852,7860.0,2320.0,-1,,,,,,,353071.0,2011,621,618,0,0,0,0,0,18.0,8.0,40.0,2011,2.0,1,8,2,8900,89001,1,32,18,16980,89,1.0,1.0,,7,1,78,2.0,2,44,2,,1,1,1,2,57,57,57,1,0,0,2.0,1.0,,15.0,,15.0,,,21.0,,,7.0,3.0,0.0,1,2.0,,1.0,3000.0,450.0,2.0,2.0,,,,21137.1381,3562.3727,0,0,1.0,1.0,0,0,17884,1,,,,,,3.0,3435.197,7860.0,,-1,,,,,,,351945.0,2012,633,618,0,0,0,0,0,18.0,,2.0,2000.0,6.0,40.0,2012,MIS4_to_MIS8,indiana,0,2011-2012,1,0,0,0,retention
410800006593311,10,1.0,1,4,2,8900,89001,1,1,32,18,16980,89,2.0,1.0,,7,1,58,2.0,1,43,1,,1,1,1,1,2,57,57,57,1,0,0,1.0,1.0,,-4.0,,15.0,,,21.0,,,7.0,3.0,0.0,1,2.0,2.0,2.0,,192.0,2.0,2.0,,,,11722.7236,2962.9956,2,1,1.0,,0,0,45293,1,,,,1.0,1.0,,2922.1686,9470.0,3850.0,-1,,,,,,,353233.0,2011,621,618,0,1,0,0,1,18.0,12.0,51.0,2011,1.0,1,8,2,8900,89001,1,32,18,16980,89,2.0,1.0,,7,1,59,2.0,1,43,1,,1,1,1,2,57,57,57,1,0,0,1.0,1.0,,-4.0,,3.0,,,21.0,,,7.0,2.0,0.0,1,2.0,2.0,1.0,2900.0,87.0,2.0,2.0,,,,12460.3302,3170.5188,2,1,1.0,1.0,0,42,4760,1,,,,1.0,1.0,,3078.0148,7860.0,,1360,,,,,,,352113.0,2012,633,618,0,1,0,0,1,18.0,,1.0,1020.0,3.0,40.0,2012,MIS4_to_MIS8,indiana,0,2011-2012,1,0,0,0,retention
810230793240041,10,1.0,1,4,2,8900,89001,1,1,32,18,21780,0,2.0,1.0,,3,3,46,1.0,2,44,1,,2,1,2,1,2,57,57,57,1,0,0,2.0,1.0,,50.0,,42.0,,,,,,2.0,3.0,0.0,1,2.0,2.0,2.0,,1153.84,2.0,1.0,,,,10830.499,2696.3067,10,8,0.0,,0,0,45380,2,,,,,,2.0,2665.0073,7860.0,2310.0,-1,,,,,,,353280.0,2011,621,618,0,0,1,1,0,18.0,8.0,40.0,2011,1.0,1,8,2,8900,89001,1,32,18,21780,0,2.0,1.0,,3,3,47,1.0,2,44,1,,1,2,1,2,57,57,57,1,0,0,2.0,1.0,,-4.0,,45.0,,,,,,2.0,2.0,0.0,1,2.0,2.0,2.0,,1173.07,2.0,2.0,,,,9294.5753,2456.7418,10,7,0.0,,0,0,51496,2,,,,,,2.0,2372.8969,7860.0,,-1,,,,,,,352147.0,2012,633,618,0,0,1,1,0,18.0,,1.0,2320.0,8.0,40.0,2012,MIS4_to_MIS8,indiana,0,2011-2012,1,0,0,0,retention
937098851149470,10,2.0,1,4,2,8900,89001,1,1,32,18,16980,89,2.0,1.0,,7,1,42,2.0,1,39,1,,1,1,1,1,2,57,57,57,1,0,0,2.0,1.0,,40.0,,40.0,,,,,,2.0,2.0,0.0,1,2.0,1.0,1.0,5000.0,1538.0,2.0,2.0,,,,13242.1641,3381.2666,2,1,1.0,1.0,0,0,9214,1,2.0,6.0,,,,,3348.5072,7860.0,2550.0,-1,,,,,,,353333.0,2011,621,618,0,1,0,0,1,10.0,8.0,40.0,2011,2.0,1,8,2,8900,89001,1,32,18,16980,89,2.0,1.0,,7,1,44,2.0,1,39,1,,1,1,1,2,57,57,57,1,0,0,2.0,1.0,,40.0,,40.0,,,,,,2.0,4.0,0.0,1,1.0,1.0,1.0,2800.0,1523.0,2.0,2.0,,,,14209.1239,3694.0538,2,1,1.0,1.0,0,0,8666,1,2.0,6.0,,,,,3588.7988,4280.0,,-1,,,,,,,352193.0,2012,633,618,0,1,0,0,1,10.0,,1.0,9620.0,22.0,21.0,2012,MIS4_to_MIS8,indiana,0,2011-2012,0,1,0,1,retention
196974103010849,10,1.0,1,4,2,8900,89001,1,1,32,18,0,0,3.0,2.0,,0,3,32,1.0,2,45,1,,2,1,2,1,2,57,57,57,1,0,0,2.0,2.0,4.0,30.0,,,,,,,,10.0,3.0,0.0,1,2.0,2.0,2.0,,576.92,2.0,2.0,,,,10605.2342,2702.9396,3,2,0.0,,0,0,66968,2,,,,,,,2682.4016,7870.0,230.0,-1,,,,,,,353404.0,2011,621,618,0,0,1,0,0,18.0,1.0,40.0,2011,2.0,1,8,2,8900,89001,1,32,18,0,0,3.0,2.0,,0,3,33,1.0,2,44,1,,1,2,1,2,57,57,57,1,0,0,,4.0,,,,,,,,52.0,5.0,11.0,3.0,0.0,2,,,,,,,,,,,12215.8378,2781.4352,3,2,,,0,0,66831,2,,,,,,2.0,2905.2589,7860.0,,-1,,,,,,,352247.0,2012,633,618,0,0,1,0,0,18.0,,1.0,2310.0,8.0,40.0,2012,MIS4_to_MIS8,indiana,0,2011-2012,1,0,0,0,retention
197974907092829,10,1.0,1,4,2,8900,89001,1,1,32,18,11300,95,,1.0,,2,1,57,2.0,1,43,1,,1,1,1,1,2,57,57,57,1,0,0,1.0,2.0,5.0,40.0,,,,,,,,5.0,3.0,0.0,1,2.0,2.0,2.0,,1076.92,2.0,2.0,,,,12124.7509,3064.6106,0,0,0.0,,0,0,68512,1,,,,2.0,,,3022.3835,9490.0,430.0,-1,,,,,,,353532.0,2011,621,618,0,0,0,0,0,16.0,1.0,51.0,2011,1.0,1,8,2,8900,89001,1,32,18,11300,95,,1.0,,2,1,57,2.0,1,43,1,,1,1,1,2,57,57,57,1,0,0,1.0,4.0,,,,,,,,39.0,2.0,11.0,3.0,0.0,2,,,,,,,,,,,12285.1825,3254.1948,0,0,,,0,0,21571,1,,,,1.0,2.0,,3316.5065,770.0,,-1,,,,,,,352366.0,2012,633,618,0,0,0,0,0,17.0,,1.0,6230.0,19.0,4.0,2012,MIS4_to_MIS8,indiana,0,2011-2012,1,0,0,0,retention
8613460959894,10,1.0,4,4,2,8900,89001,1,1,21,36,35620,81,1.0,1.0,,7,4,32,,1,43,2,,2,1,3,7,2,57,57,57,1,0,0,2.0,1.0,,40.0,,40.0,,,,,,2.0,3.0,0.0,1,2.0,2.0,2.0,,1923.0,1.0,,,,,24969.3508,5781.2839,0,0,1.0,,0,0,30288,2,,,,1.0,1.0,,5825.1003,8180.0,3400.0,-1,,,,,1.0,,364406.0,2011,621,618,0,0,0,0,0,18.0,10.0,42.0,2011,2.0,4,8,2,8900,89001,1,21,36,35620,81,1.0,1.0,,7,4,33,,1,43,2,,1,3,7,2,57,57,57,1,0,0,,6.0,,,,,,,,,,1.0,,,2,,,,,,,,,,,13235.3742,3789.3487,0,0,,,0,0,28786,2,,,,1.0,1.0,,3661.3734,,,-1,,,,,1.0,,362888.0,2012,633,618,0,0,0,0,0,18.0,,2.0,,,,2012,MIS4_to_MIS8,new_york,0,2011-2012,0,1,0,0,retention
17223460935293,10,2.0,1,4,2,8900,89001,1,1,21,36,35620,47,1.0,1.0,,7,3,45,1.0,2,44,1,4.0,2,1,2,1,2,365,365,365,4,10,7,1.0,1.0,,40.0,6.0,32.0,,,6.0,,,4.0,3.0,0.0,1,2.0,2.0,2.0,,1625.0,1.0,,,,,17024.2339,4174.6575,3,2,1.0,,0,0,30067,2,,,,,,2.0,4189.069,7860.0,2310.0,-1,,,,,,,364425.0,2011,621,618,0,0,1,0,0,18.0,8.0,40.0,2011,2.0,1,8,2,8900,89001,1,21,36,35620,47,1.0,1.0,,7,3,45,1.0,2,44,1,4.0,1,2,1,2,365,365,365,4,10,7,1.0,1.0,,40.0,6.0,32.0,,,6.0,,,4.0,3.0,0.0,1,2.0,1.0,1.0,2700.0,300.0,1.0,,,,,16418.6724,4243.7806,3,2,1.0,1.0,0,0,1727,2,,,,,,2.0,4191.6726,7860.0,,-1,,,,,,,362902.0,2012,633,618,0,0,1,0,0,18.0,,1.0,2310.0,8.0,40.0,2012,MIS4_to_MIS8,new_york,0,2011-2012,1,0,0,0,retention
25853460981994,10,1.0,3,4,2,8900,89001,1,1,21,36,35620,47,1.0,1.0,,7,7,29,,2,44,4,,2,1,4,7,2,209,209,209,4,0,17,2.0,1.0,,38.0,,39.0,,,,,,2.0,3.0,0.0,1,2.0,,1.0,2550.0,969.0,1.0,,,,,10821.3175,2621.3789,0,0,1.0,1.0,0,0,15117,2,,,,,,2.0,2737.056,7860.0,2310.0,-1,,,,,,,364448.0,2011,621,618,0,0,0,0,0,18.0,8.0,40.0,2011,1.0,3,8,2,8900,89001,1,21,36,35620,47,1.0,1.0,,7,7,30,,2,44,4,,1,4,7,2,209,209,209,4,0,17,2.0,1.0,,35.0,,35.0,,,,,,2.0,3.0,0.0,1,2.0,2.0,2.0,,865.38,1.0,,,,,21251.528,5061.0202,0,0,0.0,,0,0,1732,2,,,,,,2.0,5355.4282,7860.0,,-1,,,,,,,362921.0,2012,633,618,0,0,0,0,0,18.0,,4.0,2310.0,8.0,40.0,2012,MIS4_to_MIS8,new_york,0,2011-2012,1,0,0,0,retention
97193460919494,10,1.0,4,4,2,8900,89001,1,1,21,36,35620,61,1.0,1.0,,7,1,57,,2,43,4,,1,1,1,3,2,57,207,207,1,0,0,1.0,4.0,,,,,,,,82.0,2.0,11.0,3.0,0.0,2,,,,,,,,,,,12291.5927,3906.4035,0,0,,,0,0,15256,1,,,,2.0,,,3712.9965,8590.0,330.0,-1,,,,,,,364545.0,2011,621,618,0,0,0,0,0,16.0,1.0,44.0,2011,1.0,4,8,2,8900,89001,1,21,36,35620,61,1.0,1.0,,7,1,58,,2,43,4,,1,1,3,2,57,207,207,1,0,0,1.0,4.0,,,,,,,,113.0,2.0,11.0,2.0,0.0,2,,,,,,,,,,,21971.4421,4771.3066,0,0,,,0,0,18335,1,,,,1.0,2.0,,4625.8628,8590.0,,-1,,,,,,,362996.0,2012,633,618,0,0,0,0,0,17.0,,4.0,4300.0,15.0,44.0,2012,MIS4_to_MIS8,new_york,0,2011-2012,1,0,0,0,retention
390924008025687,10,1.0,1,4,2,8900,89001,1,1,21,36,35620,47,1.0,1.0,,7,3,39,1.0,1,43,1,,2,1,2,1,2,57,57,57,1,0,0,2.0,2.0,4.0,50.0,,,,,,,,5.0,2.0,0.0,1,2.0,2.0,2.0,,1884.61,2.0,2.0,,,,11775.3742,2936.2891,5,2,0.0,,0,0,19540,2,,,,2.0,,,2977.6044,9470.0,5700.0,-1,,,,,,,364637.0,2011,621,618,1,1,0,0,1,16.0,17.0,51.0,2011,1.0,1,8,2,8900,89001,1,21,36,35620,47,1.0,1.0,,7,3,40,1.0,1,45,1,,1,2,1,2,57,57,57,1,0,0,2.0,1.0,,40.0,6.0,32.0,,,6.0,,,4.0,2.0,0.0,1,2.0,2.0,2.0,,1923.07,2.0,2.0,,,,13455.8552,3424.829,6,2,0.0,,0,0,5484,2,,,,,,,3398.5457,9470.0,,-1,,,,,,,363084.0,2012,633,618,1,0,1,0,1,18.0,,1.0,2100.0,7.0,51.0,2012,MIS4_to_MIS8,new_york,0,2011-2012,1,0,0,0,retention
394994707044619,10,4.0,1,4,2,8900,89001,1,1,21,36,35620,81,1.0,1.0,,7,1,46,2.0,1,44,1,,1,1,1,1,2,160,160,160,4,0,20,2.0,1.0,,40.0,,40.0,,,,,,2.0,3.0,0.0,1,2.0,,1.0,1650.0,660.0,2.0,2.0,,,,12632.7898,3032.5938,4,1,1.0,1.0,0,42,15370,1,,,,,,3.0,3085.0908,9470.0,5110.0,-1,,,,,,,364662.0,2011,621,618,0,0,0,1,0,18.0,17.0,51.0,2011,2.0,1,8,2,8900,89001,1,21,36,35620,81,1.0,1.0,,7,1,47,2.0,1,44,1,,1,1,1,2,160,160,160,4,0,20,2.0,1.0,,40.0,,40.0,,,,,,2.0,3.0,0.0,1,2.0,2.0,2.0,,1944.0,2.0,2.0,,,,12946.7864,3144.0096,0,0,1.0,,0,42,28793,1,,,,,,3.0,3137.1402,9470.0,,-1,,,,,,,363112.0,2012,633,618,0,0,0,0,0,18.0,,1.0,3740.0,12.0,51.0,2012,MIS4_to_MIS8,new_york,0,2011-2012,1,0,0,0,retention
394994707044619,10,4.0,1,4,2,8900,89001,1,1,21,36,35620,81,1.0,1.0,,7,3,42,1.0,2,44,1,,2,1,2,1,2,160,160,160,4,0,20,2.0,1.0,,40.0,,40.0,,,,,,2.0,2.0,0.0,1,2.0,2.0,2.0,,2115.0,2.0,2.0,,,,13164.1777,3224.2439,4,1,1.0,,0,42,15370,2,,,,,,3.0,3303.9895,9570.0,630.0,-1,,,,,,,364663.0,2011,621,618,0,0,0,1,0,18.0,2.0,51.0,2011,2.0,1,8,2,8900,89001,1,21,36,35620,81,1.0,1.0,,7,3,43,1.0,2,44,1,,1,2,1,2,160,160,160,4,0,20,1.0,1.0,,40.0,,40.0,,,,,,2.0,1.0,0.0,1,2.0,2.0,2.0,,1153.0,2.0,2.0,,,,18668.2619,4676.8929,0,0,1.0,,0,42,28793,2,,,,,,3.0,4668.8023,9570.0,,-1,,,,,,,363113.0,2012,633,618,0,0,0,0,0,18.0,,1.0,10.0,1.0,51.0,2012,MIS4_to_MIS8,new_york,0,2011-2012,0,1,1,0,retention
395924609068669,10,2.0,1,4,2,8900,89001,1,1,21,36,35620,85,1.0,1.0,,7,3,43,1.0,1,40,1,2.0,2,1,2,1,2,57,57,57,1,0,0,1.0,1.0,,40.0,,40.0,,,,,,2.0,3.0,0.0,1,2.0,1.0,1.0,2200.0,1923.07,1.0,,,,,11031.2499,2731.3971,6,2,0.0,1.0,0,0,43826,2,,,2.0,,,,2789.4398,9470.0,3740.0,-1,,,,,,,364672.0,2011,621,618,1,0,1,0,1,13.0,12.0,51.0,2011,2.0,1,8,2,8900,89001,1,21,36,35620,85,1.0,1.0,,7,3,44,1.0,1,40,1,2.0,1,2,1,2,57,57,57,1,0,0,1.0,1.0,,40.0,,40.0,,,,,,2.0,3.0,0.0,1,1.0,2.0,2.0,,2115.38,1.0,,,,,13547.9918,3464.4413,8,2,0.0,,0,0,5531,2,,,2.0,,,,3421.8166,9470.0,,-1,,,,,,,363122.0,2012,633,618,0,1,1,0,1,13.0,,1.0,3740.0,12.0,51.0,2012,MIS4_to_MIS8,new_york,0,2011-2012,1,0,0,0,retention
500664099234659,10,1.0,6,4,2,8900,89001,1,1,21,36,35620,61,1.0,1.0,,7,2,70,,1,44,1,,1,0,0,4,2,57,57,57,1,0,0,1.0,1.0,,45.0,,45.0,,,,,,2.0,3.0,0.0,1,2.0,2.0,2.0,,1384.61,2.0,2.0,,,,12037.0806,2902.8603,0,0,0.0,,0,0,41597,1,,,,,,3.0,2921.7109,9470.0,2100.0,-1,,,,,,,364754.0,2011,621,618,0,0,0,0,0,18.0,7.0,51.0,2011,1.0,6,8,2,8900,89001,1,21,36,35620,61,1.0,1.0,,7,2,71,,1,44,1,,0,0,4,2,57,57,57,1,0,0,1.0,1.0,,35.0,,35.0,,,,,,2.0,4.0,0.0,1,2.0,2.0,2.0,,355.0,2.0,2.0,,,,12587.5118,2974.3188,0,0,1.0,,0,42,48348,1,,,,,,3.0,2910.7183,6990.0,,-1,,,,,,,363205.0,2012,633,618,0,0,0,0,0,18.0,,1.0,150.0,1.0,33.0,2012,MIS4_to_MIS8,new_york,0,2011-2012,0,1,0,1,retention
504908283792006,10,1.0,1,4,2,8900,89001,1,1,21,36,35620,47,1.0,1.0,,7,3,59,1.0,2,43,1,,2,1,2,1,2,57,57,120,1,0,0,2.0,1.0,,40.0,6.0,32.0,,,6.0,,,4.0,3.0,0.0,1,2.0,1.0,1.0,4456.0,1711.53,1.0,,,,,16520.6347,4035.2479,0,0,0.0,1.0,0,0,5801,2,,,,1.0,1.0,,4083.3896,7860.0,2310.0,-1,,,,,,,364757.0,2011,621,618,0,0,0,0,0,18.0,8.0,40.0,2011,2.0,1,8,2,8900,89001,1,21,36,35620,47,1.0,1.0,,7,3,60,1.0,2,44,1,,1,2,1,2,57,57,120,1,0,0,1.0,1.0,,35.0,6.0,28.0,,,6.0,,,4.0,3.0,0.0,1,2.0,2.0,2.0,,1692.3,1.0,,,,,16959.5613,3888.6594,0,0,0.0,,0,0,5486,2,,,,,,3.0,3908.3112,7860.0,,-1,,,,,,,363208.0,2012,633,618,0,0,0,0,0,18.0,,1.0,2310.0,8.0,40.0,2012,MIS4_to_MIS8,new_york,0,2011-2012,1,0,0,0,retention
563943094909899,10,2.0,1,4,2,8900,89001,1,1,21,36,10580,0,1.0,1.0,,4,1,48,2.0,2,39,1,,1,1,1,1,2,57,57,57,1,0,0,2.0,1.0,,35.0,6.0,28.0,,,6.0,,,4.0,3.0,0.0,1,1.0,2.0,2.0,,200.0,2.0,2.0,,,,13544.5298,3350.2137,0,0,1.0,,0,42,15420,1,2.0,7.0,,,,,3332.8354,7860.0,4600.0,-1,,,,,,,364794.0,2011,621,618,0,0,0,0,0,11.0,15.0,40.0,2011,1.0,1,8,2,8900,89001,1,21,36,10580,0,1.0,1.0,,4,1,49,2.0,2,39,1,,1,1,1,2,57,57,57,1,0,0,1.0,1.0,,35.0,6.0,28.0,,,6.0,,,4.0,3.0,0.0,1,2.0,,1.0,2100.0,735.0,1.0,,,,,11784.4344,3026.3913,0,0,0.0,0.0,0,0,14409,1,2.0,7.0,,,,,3008.5557,7860.0,,-1,,,,,,,363240.0,2012,633,618,0,0,0,0,0,11.0,,1.0,4600.0,15.0,40.0,2012,MIS4_to_MIS8,new_york,0,2011-2012,1,0,0,0,retention
659400186890943,10,1.0,7,4,2,8900,89001,1,1,21,36,35620,81,1.0,1.0,,7,2,46,,2,43,2,,1,0,0,7,2,57,57,57,1,0,0,1.0,2.0,5.0,40.0,,,,,,,,5.0,2.0,0.0,1,2.0,,1.0,5288.0,2115.2,2.0,2.0,,,,17576.4763,4269.6195,0,0,1.0,1.0,0,42,41680,1,,,,2.0,,,4362.0525,8190.0,350.0,-1,,,,,,,364861.0,2011,621,618,0,0,0,0,0,16.0,1.0,41.0,2011,1.0,7,8,2,8900,89001,1,21,36,35620,81,1.0,1.0,,7,2,47,,2,43,2,,0,0,7,2,57,57,57,1,0,0,1.0,1.0,,37.0,4.0,27.0,,,4.0,,,4.0,2.0,0.0,1,2.0,2.0,2.0,,1000.0,1.0,,,,,15215.0286,4066.3729,0,0,0.0,,0,0,28784,1,,,,1.0,1.0,,4005.2334,9480.0,,-1,,,,,,,363299.0,2012,633,618,0,0,0,0,0,18.0,,2.0,430.0,1.0,51.0,2012,MIS4_to_MIS8,new_york,0,2011-2012,1,0,0,0,retention
663482084909591,10,1.0,7,4,2,8900,89001,1,1,21,36,35620,5,1.0,1.0,,7,2,40,,2,44,1,,1,0,0,7,2,57,57,57,1,0,0,1.0,1.0,,40.0,4.0,32.0,,,4.0,,,4.0,3.0,0.0,1,2.0,2.0,2.0,,1750.0,1.0,,,,,13164.1777,3224.2439,0,0,0.0,,0,0,14951,1,,,,,,2.0,3303.9895,7860.0,2310.0,-1,,,,,,,364867.0,2011,621,618,0,0,0,0,0,18.0,8.0,40.0,2011,1.0,7,8,2,8900,89001,1,21,36,35620,5,1.0,1.0,,7,2,41,,2,44,1,,0,0,7,2,57,57,57,1,0,0,1.0,1.0,,40.0,6.0,32.0,,,6.0,,,4.0,3.0,0.0,1,2.0,2.0,2.0,,2375.0,1.0,,,,,18668.2619,4676.8929,0,0,0.0,,0,0,5455,1,,,,,,2.0,4668.8023,7860.0,,-1,,,,,,,363306.0,2012,633,618,0,0,0,0,0,18.0,,1.0,2310.0,8.0,40.0,2012,MIS4_to_MIS8,new_york,0,2011-2012,1,0,0,0,retention
669730894630943,10,2.0,1,4,2,8900,89001,1,1,21,36,35620,5,1.0,1.0,,7,1,54,2.0,1,39,1,2.0,1,1,1,1,2,73,73,73,2,0,4,2.0,1.0,,40.0,,40.0,,,,,,2.0,2.0,0.0,1,2.0,,1.0,2200.0,880.0,1.0,,,,,12512.2136,3077.8001,0,0,0.0,0.0,0,0,5781,1,2.0,8.0,,,,,3055.6446,9570.0,4530.0,-1,,,,,,,364889.0,2011,621,618,0,0,0,0,0,12.0,15.0,51.0,2011,2.0,1,8,2,8900,89001,1,21,36,35620,5,1.0,1.0,,7,1,55,2.0,1,39,1,2.0,1,1,1,2,73,73,73,2,0,4,2.0,1.0,,40.0,,40.0,,,,,,2.0,4.0,0.0,1,2.0,1.0,1.0,1200.0,350.0,1.0,,,,,11674.9501,2956.7091,0,0,1.0,1.0,0,0,5453,1,2.0,5.0,,,,,2884.0062,6080.0,,-1,,,,,,,363321.0,2012,633,618,0,0,0,0,0,9.0,,1.0,4220.0,14.0,23.0,2012,MIS4_to_MIS8,new_york,0,2011-2012,0,1,0,1,retention
689420598510943,10,1.0,1,4,2,8900,89001,1,1,21,36,35620,47,1.0,1.0,,7,3,57,1.0,1,44,1,,2,1,2,1,2,161,163,163,5,0,18,1.0,1.0,,20.0,,20.0,,,15.0,,,6.0,3.0,0.0,1,2.0,2.0,2.0,,288.46,2.0,2.0,,,,11865.2017,2940.0874,0,0,0.0,,0,0,41521,2,,,,,,3.0,2957.6847,8170.0,4610.0,-1,,,,,,,364905.0,2011,621,618,0,0,0,0,0,18.0,15.0,42.0,2011,1.0,1,8,2,8900,89001,1,21,36,35620,47,1.0,1.0,,7,3,58,1.0,1,44,1,,1,2,1,2,161,163,163,5,0,18,2.0,1.0,,25.0,,25.0,,,15.0,,,6.0,4.0,0.0,1,2.0,2.0,2.0,,442.3,2.0,2.0,,,,11911.211,2967.2106,0,0,0.0,,0,0,1734,2,,,,,,3.0,2942.3685,8370.0,,-1,,,,,,,363339.0,2012,633,618,0,0,0,0,0,18.0,,1.0,4610.0,15.0,43.0,2012,MIS4_to_MIS8,new_york,0,2011-2012,0,1,0,1,retention
880560094134969,10,1.0,1,4,2,8900,89001,1,1,21,36,35620,81,1.0,1.0,,7,3,27,1.0,2,44,2,,2,1,2,1,2,333,333,333,5,0,21,2.0,1.0,,40.0,,40.0,,,,,,2.0,3.0,0.0,1,2.0,2.0,2.0,,430.0,2.0,2.0,,,,11111.2375,2918.6405,1,1,1.0,,0,0,49626,2,,,,,,2.0,2990.4731,9370.0,800.0,-1,,,,,,,365014.0,2011,621,618,1,0,0,0,1,18.0,2.0,51.0,2011,2.0,1,8,2,8900,89001,1,21,36,35620,81,1.0,1.0,,7,3,28,1.0,2,44,2,,1,2,1,2,333,333,333,5,0,21,1.0,1.0,,40.0,,40.0,,,,,,2.0,3.0,0.0,1,2.0,2.0,2.0,,1346.0,1.0,,,,,13295.2377,3455.7361,2,1,1.0,,0,0,28785,2,,,,,,2.0,3468.8517,9380.0,,-1,,,,,,,363430.0,2012,633,618,0,1,0,0,1,18.0,,2.0,800.0,2.0,51.0,2012,MIS4_to_MIS8,new_york,0,2011-2012,1,0,0,0,retention
896989540549309,10,1.0,1,4,2,8900,89001,1,1,21,36,35620,85,1.0,1.0,,7,1,55,2.0,1,46,1,,1,1,1,1,2,57,301,57,1,0,0,1.0,2.0,5.0,40.0,,,,,,,,5.0,3.0,0.0,1,2.0,2.0,2.0,,1153.0,1.0,,,,,11865.2017,2940.0874,4,1,1.0,,42,42,30346,1,,,,,,,2957.6847,7860.0,2320.0,-1,,,,,,,365025.0,2011,621,618,0,0,0,1,0,18.0,8.0,40.0,2011,1.0,1,8,2,8900,89001,1,21,36,35620,85,1.0,1.0,,7,1,56,2.0,1,46,1,,1,1,1,2,57,301,57,1,0,0,1.0,1.0,,35.0,6.0,28.0,,,6.0,,,4.0,3.0,0.0,1,2.0,2.0,2.0,,1923.07,1.0,,,,,11911.211,2967.2106,4,1,0.0,,0,0,59684,1,,,,,,,2942.3685,7860.0,,-1,,,,,,,363442.0,2012,633,618,0,0,0,1,0,18.0,,1.0,2310.0,8.0,40.0,2012,MIS4_to_MIS8,new_york,0,2011-2012,1,0,0,0,retention
914076199349940,10,1.0,6,4,2,8900,89001,1,1,21,36,35620,61,1.0,1.0,,7,2,61,,1,43,1,,1,0,0,3,2,57,57,57,1,0,0,1.0,4.0,,,,,,,,10.0,2.0,11.0,3.0,0.0,2,,,,,,,,,,,10692.6695,2864.4253,0,0,,,0,0,19556,1,,,,2.0,,,2971.5306,7860.0,5860.0,-1,,,,,,,365056.0,2011,621,618,0,0,0,0,0,16.0,17.0,40.0,2011,1.0,6,8,2,8900,89001,1,21,36,35620,61,1.0,1.0,,7,2,62,,1,43,1,,0,0,3,2,57,57,57,1,0,0,1.0,5.0,,,,,,4.0,,,,1.0,,,2,,,,,,,,,,,11546.4408,2884.6761,0,0,,,0,0,18337,1,,,,2.0,,,2902.2074,,,-1,,,,,,,363464.0,2012,633,618,0,0,0,0,0,16.0,,1.0,,,,2012,MIS4_to_MIS8,new_york,0,2011-2012,0,1,0,0,retention
964086591349080,10,1.0,3,4,2,8900,89001,1,1,21,36,35620,81,1.0,1.0,,7,5,46,,1,43,2,,3,1,4,5,2,57,57,57,1,0,0,2.0,1.0,,40.0,,40.0,,,,,,2.0,3.0,0.0,1,2.0,2.0,2.0,,1019.0,1.0,,,,,17199.4331,4077.7457,0,0,1.0,,0,0,41679,3,,,,2.0,,,4101.2765,9470.0,3820.0,-1,,,,,2.0,,365110.0,2011,621,618,0,0,0,0,0,16.0,12.0,51.0,2011,1.0,3,8,2,8900,89001,1,21,36,35620,81,1.0,1.0,,7,5,47,,1,43,2,,1,4,5,2,57,57,57,1,0,0,2.0,1.0,,40.0,,40.0,,,,,,2.0,3.0,0.0,1,2.0,2.0,2.0,,1682.0,1.0,,,,,14729.8998,4088.6352,0,0,1.0,,0,0,59661,3,,,,2.0,,,4029.9107,9470.0,,-1,,,,,2.0,,363517.0,2012,633,618,0,0,0,0,0,16.0,,2.0,2015.0,6.0,51.0,2012,MIS4_to_MIS8,new_york,0,2011-2012,1,0,0,0,retention
980662095434039,10,2.0,1,4,2,8900,89001,1,1,21,36,15380,0,1.0,1.0,,5,3,58,1.0,2,41,1,,2,1,2,1,2,57,57,57,1,0,0,1.0,1.0,,32.0,,32.0,,,23.0,,,7.0,3.0,0.0,1,2.0,,1.0,1098.0,351.36,1.0,,,,,12540.9877,3104.4191,0,0,1.0,1.0,0,0,56860,2,,,3.0,,,,3099.744,8190.0,5860.0,-1,,,,,,,365126.0,2011,621,618,0,0,0,0,0,14.0,17.0,41.0,2011,2.0,1,8,2,8900,89001,1,21,36,15380,0,1.0,1.0,,5,3,59,1.0,2,42,1,,1,2,1,2,57,57,57,1,0,0,1.0,1.0,,32.0,,32.0,,,22.0,,,7.0,3.0,0.0,1,2.0,,1.0,1200.0,384.0,2.0,2.0,,,,12152.3013,2991.0525,0,0,1.0,1.0,0,0,55684,2,,,3.0,,,,3007.2302,9370.0,,-1,,,,,,,363531.0,2012,633,618,0,0,0,0,0,14.0,,1.0,4720.0,16.0,51.0,2012,MIS4_to_MIS8,new_york,0,2011-2012,1,0,0,0,retention
20313460017402,10,1.0,1,4,2,8900,89001,1,1,21,36,10580,0,2.0,1.0,,4,3,38,1.0,1,39,1,,2,1,2,1,2,57,57,57,1,0,0,2.0,1.0,,38.0,6.0,32.0,,,6.0,,,4.0,2.0,0.0,1,2.0,2.0,2.0,,1442.3,1.0,,,,,11938.8298,3017.1088,0,0,0.0,,0,0,41697,2,1.0,,,,,,3018.9369,6970.0,7000.0,-1,,,,,,,365179.0,2011,621,618,0,0,0,0,0,12.0,20.0,32.0,2011,1.0,1,8,2,8900,89001,1,21,36,10580,0,2.0,1.0,,4,3,39,1.0,1,39,1,,1,2,1,2,57,57,57,1,0,0,2.0,1.0,,38.0,6.0,32.0,,,6.0,,,4.0,2.0,0.0,1,2.0,2.0,2.0,,1346.15,1.0,,,,,13721.1888,3443.8788,0,0,0.0,,0,0,28810,2,1.0,,,,,,3465.561,9380.0,,-1,,,,,,,363575.0,2012,633,618,0,0,0,0,0,12.0,,1.0,4200.0,14.0,51.0,2012,MIS4_to_MIS8,new_york,0,2011-2012,1,0,0,0,retention
82046168340540,10,2.0,1,4,2,8900,89001,1,1,21,36,40380,55,2.0,1.0,,5,1,40,2.0,1,43,1,,1,1,1,1,2,57,57,57,1,0,0,2.0,1.0,,36.0,,46.0,,,,,,2.0,3.0,0.0,1,1.0,2.0,2.0,,1211.53,1.0,,,,,11879.6731,3013.788,5,2,0.0,,0,0,30106,1,,,,2.0,,,3003.9781,9470.0,3740.0,3400,,,,,,,365241.0,2011,621,618,1,1,0,0,1,16.0,12.0,51.0,2011,2.0,1,8,2,8900,89001,1,21,36,40380,55,2.0,1.0,,5,1,41,2.0,1,43,1,,1,1,1,2,57,57,57,1,0,0,2.0,2.0,4.0,40.0,,,,,,,,5.0,3.0,0.0,1,2.0,2.0,2.0,,1944.0,1.0,,,,,13159.589,3324.0276,5,2,1.0,,0,42,55720,1,,,,2.0,,,3323.7177,9470.0,,3400,,,,,,,363642.0,2012,633,618,1,1,0,0,1,16.0,,1.0,3740.0,12.0,51.0,2012,MIS4_to_MIS8,new_york,0,2011-2012,1,0,0,0,retention
146720240300301,10,1.0,1,4,2,8900,89001,1,1,21,36,10580,0,2.0,1.0,,4,1,51,2.0,2,39,1,,1,1,1,1,2,57,57,57,1,0,0,1.0,1.0,,35.0,5.0,8.0,,,5.0,,,4.0,3.0,0.0,1,2.0,2.0,2.0,,788.46,1.0,,,,,13463.5823,3323.3769,0,0,0.0,,0,0,49652,1,1.0,,,,,,3312.9171,8090.0,5820.0,-1,,,,,,,365274.0,2011,621,618,0,0,0,0,0,12.0,17.0,42.0,2011,1.0,1,8,2,8900,89001,1,21,36,10580,0,2.0,1.0,,4,1,52,2.0,2,39,1,,1,1,1,2,57,57,57,1,0,0,1.0,1.0,,35.0,,35.0,,,,,,2.0,3.0,0.0,1,2.0,2.0,2.0,,788.46,1.0,,,,,11893.8344,3022.6547,0,0,0.0,,0,0,59678,1,1.0,,,,,,3036.4854,8090.0,,-1,,,,,,,363670.0,2012,633,618,0,0,0,0,0,12.0,,1.0,5820.0,17.0,42.0,2012,MIS4_to_MIS8,new_york,0,2011-2012,1,0,0,0,retention
160564094234099,10,1.0,1,4,2,8900,89001,1,1,21,36,15380,0,2.0,1.0,,5,1,53,2.0,1,39,1,,1,1,1,1,2,57,57,57,1,0,0,1.0,1.0,,40.0,,40.0,,,,,,2.0,3.0,0.0,1,2.0,2.0,2.0,,1153.84,1.0,,,,,12370.119,3042.0218,0,0,0.0,,0,0,1749,1,1.0,,,,,,3020.9432,7860.0,7000.0,-1,,,,,,,365279.0,2011,621,618,0,0,0,0,0,12.0,20.0,40.0,2011,1.0,1,8,2,8900,89001,1,21,36,15380,0,2.0,1.0,,5,1,54,2.0,1,39,1,,1,1,1,2,57,57,57,1,0,0,1.0,1.0,,40.0,,40.0,,,,,,2.0,3.0,0.0,1,2.0,2.0,2.0,,1192.3,1.0,,,,,11736.0771,2822.2726,0,0,0.0,,0,0,1680,1,1.0,,,,,,2843.7729,7860.0,,-1,,,,,,,363675.0,2012,633,618,0,0,0,0,0,12.0,,1.0,4210.0,14.0,40.0,2012,MIS4_to_MIS8,new_york,0,2011-2012,1,0,0,0,retention
160564094234099,10,1.0,1,4,2,8900,89001,1,1,21,36,15380,0,2.0,1.0,,5,4,21,,1,40,1,,3,1,3,7,2,57,57,57,1,0,0,2.0,4.0,,,,,,,,8.0,3.0,11.0,3.0,0.0,2,,,,,,,,1.0,1.0,2.0,18925.3858,3385.9108,0,0,,,0,0,1749,3,,,5.0,,,,3428.4517,7860.0,4220.0,-1,,,,,2.0,1.0,365281.0,2011,621,618,0,0,0,0,0,16.0,14.0,40.0,2011,1.0,1,8,2,8900,89001,1,21,36,15380,0,2.0,1.0,,5,4,21,,1,40,1,,1,3,7,2,57,57,57,1,0,0,2.0,1.0,,20.0,,20.0,,,20.0,,,7.0,4.0,0.0,1,2.0,,1.0,875.0,175.0,2.0,2.0,1.0,1.0,2.0,14607.7321,3735.2888,0,0,1.0,1.0,0,0,1680,3,,,5.0,,,,3737.5739,8680.0,,-1,,,,,2.0,1.0,363677.0,2012,633,618,0,0,0,0,0,16.0,,1.0,4130.0,13.0,46.0,2012,MIS4_to_MIS8,new_york,0,2011-2012,0,1,0,1,retention
247391159600774,10,1.0,1,4,2,8900,89001,1,1,21,36,35620,103,2.0,1.0,,7,1,47,2.0,2,40,1,,1,1,1,1,2,57,57,57,1,0,0,1.0,1.0,,35.0,6.0,17.0,,,6.0,,,4.0,3.0,0.0,1,2.0,2.0,2.0,,1075.0,1.0,,,,,13740.9086,3398.7876,3,1,0.0,,0,0,19586,1,,,2.0,,,,3381.1574,7860.0,5860.0,-1,,,,,,,365317.0,2011,621,618,0,0,1,0,0,13.0,17.0,40.0,2011,1.0,1,8,2,8900,89001,1,21,36,35620,103,2.0,1.0,,7,1,49,2.0,2,40,1,,1,1,1,2,57,57,57,1,0,0,1.0,1.0,,35.0,6.0,28.0,,,6.0,,,4.0,3.0,0.0,1,2.0,2.0,2.0,,1057.69,1.0,,,,,12670.6704,3253.9878,3,1,0.0,,0,0,18353,1,,,2.0,,,,3234.811,7860.0,,-1,,,,,,,363712.0,2012,633,618,0,0,1,0,0,13.0,,1.0,5120.0,17.0,40.0,2012,MIS4_to_MIS8,new_york,0,2011-2012,1,0,0,0,retention
363629094904893,10,2.0,1,4,2,8900,89001,1,1,21,36,35620,103,2.0,1.0,,7,1,42,2.0,2,42,1,,1,1,1,1,2,57,57,57,1,0,0,2.0,1.0,,40.0,,40.0,,,,,,2.0,3.0,0.0,1,2.0,2.0,2.0,,480.0,1.0,,,,,12698.4493,3152.0271,3,1,1.0,,0,0,30377,1,,,5.0,,,,3187.0994,9470.0,3800.0,-1,,,,,,,365352.0,2011,621,618,0,0,1,0,0,16.0,12.0,51.0,2011,2.0,1,8,2,8900,89001,1,21,36,35620,103,2.0,1.0,,7,1,43,2.0,2,42,1,,1,1,1,2,57,57,57,1,0,0,2.0,1.0,,40.0,,40.0,,,,,,2.0,3.0,0.0,1,1.0,1.0,1.0,1500.0,634.0,1.0,,,,,14512.9462,3608.3099,3,1,1.0,1.0,0,0,59695,1,,,5.0,,,,3629.5868,9470.0,,-1,,,,,,,363740.0,2012,633,618,0,0,1,0,0,16.0,,1.0,3800.0,12.0,51.0,2012,MIS4_to_MIS8,new_york,0,2011-2012,1,0,0,0,retention
363629094904893,10,2.0,1,4,2,8900,89001,1,1,21,36,35620,103,2.0,1.0,,7,3,42,1.0,1,42,1,,2,1,2,1,2,57,57,57,1,0,0,1.0,1.0,,40.0,,40.0,,,,,,2.0,3.0,0.0,1,1.0,2.0,2.0,,1730.0,1.0,,,,,12276.1715,3114.3768,3,1,1.0,,0,0,30377,2,,,3.0,,,,3104.2395,9470.0,3850.0,-1,1.0,,,,,,365353.0,2011,621,618,0,0,1,0,0,14.0,12.0,51.0,2011,2.0,1,8,2,8900,89001,1,21,36,35620,103,2.0,1.0,,7,3,43,1.0,1,42,1,,1,2,1,2,57,57,57,1,0,0,1.0,1.0,,40.0,,40.0,,,,,,2.0,3.0,0.0,1,1.0,1.0,1.0,3572.0,2115.0,1.0,,,,,14228.9273,3594.1355,3,1,1.0,1.0,0,0,59695,2,,,4.0,,,,3593.8005,9470.0,,-1,1.0,,,,,,363741.0,2012,633,618,0,0,1,0,0,15.0,,1.0,3850.0,12.0,51.0,2012,MIS4_to_MIS8,new_york,0,2011-2012,1,0,0,0,retention
395914201077647,10,1.0,1,4,2,8900,89001,1,1,21,36,35620,103,2.0,1.0,,7,3,58,1.0,1,43,1,,2,1,2,1,2,57,57,57,1,0,0,2.0,1.0,,40.0,,40.0,,,,,,2.0,3.0,0.0,1,2.0,1.0,1.0,775.0,1442.0,1.0,,,,,12768.3617,3206.4569,0,0,1.0,1.0,0,0,30379,2,,,,2.0,,,3182.8189,7860.0,4220.0,-1,,,,,,,365372.0,2011,621,618,0,0,0,0,0,16.0,14.0,40.0,2011,1.0,1,8,2,8900,89001,1,21,36,35620,103,2.0,1.0,,7,3,59,1.0,1,43,1,,1,2,1,2,57,57,57,1,0,0,2.0,1.0,,40.0,,36.0,,,,,,2.0,3.0,0.0,1,1.0,1.0,1.0,4285.0,1057.69,1.0,,,,,12996.8048,3213.0964,0,0,0.0,1.0,0,0,5542,2,,,,2.0,,,3210.5375,7860.0,,-1,,,,,,,363766.0,2012,633,618,0,0,0,0,0,16.0,,1.0,4220.0,14.0,40.0,2012,MIS4_to_MIS8,new_york,0,2011-2012,1,0,0,0,retention
430600022740113,10,1.0,1,4,2,8900,89001,1,1,21,36,10580,0,2.0,1.0,,4,1,40,2.0,2,43,1,,1,1,1,1,2,57,57,57,1,0,0,2.0,1.0,,40.0,6.0,30.0,,,6.0,,,4.0,3.0,0.0,1,2.0,2.0,2.0,,961.53,2.0,2.0,,,,12288.312,3050.2223,3,1,0.0,,0,0,19579,1,,,,2.0,,,3084.1618,8370.0,230.0,-1,,,,,,,365403.0,2011,621,618,0,0,1,0,0,16.0,1.0,43.0,2011,1.0,1,8,2,8900,89001,1,21,36,10580,0,2.0,1.0,,4,1,41,2.0,2,43,1,,1,1,1,2,57,57,57,1,0,0,1.0,1.0,,40.0,6.0,32.0,,,6.0,,,4.0,3.0,0.0,1,2.0,2.0,2.0,,1153.0,2.0,2.0,,,,13422.2632,3337.1367,3,1,1.0,,0,42,40353,1,,,,2.0,,,3356.8145,8370.0,,-1,,,,,,,363787.0,2012,633,618,0,0,1,0,0,16.0,,1.0,420.0,1.0,43.0,2012,MIS4_to_MIS8,new_york,0,2011-2012,1,0,0,0,retention
430600022740113,10,1.0,1,4,2,8900,89001,1,1,21,36,10580,0,2.0,1.0,,4,3,43,1.0,1,39,1,,2,1,2,1,2,57,57,57,1,0,0,1.0,1.0,,40.0,6.0,28.0,,,6.0,,,4.0,2.0,0.0,1,1.0,,1.0,2571.0,1063.02,1.0,,,,,11879.6731,3013.788,3,1,1.0,0.0,0,0,19579,2,1.0,,,,,,3003.9781,6290.0,6230.0,-1,,,,,,,365404.0,2011,621,618,0,0,1,0,0,12.0,19.0,23.0,2011,1.0,1,8,2,8900,89001,1,21,36,10580,0,2.0,1.0,,4,3,44,1.0,1,39,1,,1,2,1,2,57,57,57,1,0,0,2.0,1.0,,40.0,,40.0,,,,,,2.0,2.0,0.0,1,2.0,2.0,2.0,,500.0,1.0,,,,,13159.589,3324.0276,3,1,1.0,,0,42,40353,2,1.0,,,,,,3323.7177,6290.0,,-1,,,,,,,363788.0,2012,633,618,0,0,1,0,0,12.0,,1.0,6230.0,19.0,23.0,2012,MIS4_to_MIS8,new_york,0,2011-2012,1,0,0,0,retention
606649740649303,10,1.0,1,4,2,8900,89001,1,1,21,36,35620,119,2.0,1.0,,7,3,30,1.0,2,44,1,,2,1,2,1,2,57,57,57,1,0,0,2.0,1.0,,40.0,,40.0,,,,,,2.0,3.0,0.0,1,2.0,2.0,2.0,,961.0,1.0,,,,,12792.8263,3239.4429,1,1,1.0,,0,0,15530,2,,,,,,3.0,3235.7134,7860.0,3230.0,-1,,,,,,,365475.0,2011,621,618,1,0,0,0,1,18.0,10.0,40.0,2011,1.0,1,8,2,8900,89001,1,21,36,35620,119,2.0,1.0,,7,3,31,1.0,2,43,1,,1,2,1,2,57,57,57,1,0,0,2.0,1.0,,40.0,,40.0,,,,,,2.0,2.0,0.0,1,2.0,2.0,2.0,,1384.0,1.0,,,,,14399.7288,3654.6886,2,1,1.0,,0,42,55839,2,,,,2.0,,,3628.7609,7860.0,,-1,,,,,,,363854.0,2012,633,618,0,1,0,0,1,16.0,,1.0,2310.0,8.0,40.0,2012,MIS4_to_MIS8,new_york,0,2011-2012,1,0,0,0,retention
669830273990943,10,1.0,1,4,2,8900,89001,1,1,21,36,35620,103,2.0,1.0,,7,1,35,2.0,2,44,1,,1,1,1,1,2,57,57,57,1,0,0,1.0,1.0,,4.0,,4.0,,,17.0,,,7.0,3.0,0.0,1,2.0,2.0,2.0,,1153.0,1.0,,,,,12741.223,3206.111,6,2,1.0,,0,0,15448,1,,,,,,3.0,3197.8349,7870.0,2200.0,-1,,,,,,,365561.0,2011,621,618,1,0,1,0,1,18.0,8.0,40.0,2011,1.0,1,8,2,8900,89001,1,21,36,35620,103,2.0,1.0,,7,1,37,2.0,2,44,1,,1,1,1,2,57,57,57,1,0,0,1.0,1.0,,5.0,,5.0,,,15.0,,,6.0,3.0,0.0,1,2.0,2.0,2.0,,312.5,1.0,,,,,14343.0296,3613.1594,6,2,0.0,,0,0,31944,1,,,,,,2.0,3587.0918,7870.0,,-1,,,,,,,363940.0,2012,633,618,1,0,1,0,1,18.0,,1.0,2200.0,8.0,40.0,2012,MIS4_to_MIS8,new_york,0,2011-2012,1,0,0,0,retention
689050418240943,10,1.0,7,4,2,8900,89001,1,1,21,36,40380,55,2.0,1.0,,5,2,64,,2,40,1,,1,0,0,5,2,57,57,57,1,0,0,1.0,5.0,,,,,,,,,,1.0,2.0,0.0,2,,,,,,,,,,,12644.9435,3195.0076,0,0,,,0,0,19545,1,,,3.0,,,,3133.5564,7860.0,2540.0,-1,,,,,,,365570.0,2011,621,618,0,0,0,0,0,14.0,8.0,40.0,2011,1.0,7,8,2,8900,89001,1,21,36,40380,55,2.0,1.0,,5,2,65,,2,40,1,,0,0,5,2,57,57,57,1,0,0,1.0,5.0,,,,,,,,,,1.0,,,2,,,,,,,,,,,11744.417,2982.3779,0,0,,,0,0,14178,1,,,3.0,,,,3001.7902,,,-1,,,,,,,363950.0,2012,633,618,0,0,0,0,0,14.0,,1.0,,,,2012,MIS4_to_MIS8,new_york,0,2011-2012,0,1,0,0,retention
689480939660943,10,1.0,1,4,2,8900,89001,1,1,21,36,45060,67,2.0,1.0,,4,1,60,2.0,2,42,1,,1,1,1,1,2,57,57,57,1,0,0,1.0,1.0,,40.0,,40.0,,,,,,2.0,3.0,0.0,1,2.0,,1.0,2960.0,1184.0,2.0,2.0,,,,12916.3594,3016.6384,0,0,1.0,1.0,0,0,5832,1,,,3.0,,,,3068.0072,9470.0,2100.0,-1,,,,,,,365586.0,2011,621,618,0,0,0,0,0,14.0,7.0,51.0,2011,1.0,1,8,2,8900,89001,1,21,36,45060,67,2.0,1.0,,4,1,61,2.0,2,42,1,,1,1,1,2,57,57,57,1,0,0,1.0,1.0,,40.0,,40.0,,,,,,2.0,4.0,0.0,1,1.0,,1.0,2000.0,1100.0,2.0,2.0,,,,13338.5651,3035.2126,0,0,1.0,1.0,0,42,14313,1,,,3.0,,,,3073.8568,7860.0,,-1,,,,,,,363963.0,2012,633,618,0,0,0,0,0,14.0,,1.0,9120.0,22.0,40.0,2012,MIS4_to_MIS8,new_york,0,2011-2012,0,1,0,1,retention
836059840269307,10,1.0,1,4,2,8900,89001,1,1,21,36,35620,103,2.0,1.0,,7,1,77,2.0,2,39,1,,1,1,1,1,2,57,57,57,1,0,0,1.0,1.0,,18.0,,18.0,,,18.0,,,7.0,3.0,0.0,1,2.0,,1.0,725.0,130.5,1.0,,,,,11390.2954,3092.4661,0,0,1.0,1.0,0,42,2033,1,1.0,,,,,,3000.0222,7860.0,4600.0,-1,,,,,,,365661.0,2011,621,618,0,0,0,0,0,12.0,15.0,40.0,2011,1.0,1,8,2,8900,89001,1,21,36,35620,103,2.0,1.0,,7,1,78,2.0,2,39,1,,1,1,1,2,57,57,57,1,0,0,1.0,1.0,,16.0,,16.0,,,21.0,,,7.0,3.0,0.0,1,2.0,1.0,1.0,1000.0,307.69,1.0,,,,,14229.3609,3336.9327,0,0,0.0,1.0,0,0,5543,1,1.0,,,,,,3187.2953,7860.0,,-1,,,,,,,364044.0,2012,633,618,0,0,0,0,0,12.0,,1.0,4600.0,15.0,40.0,2012,MIS4_to_MIS8,new_york,0,2011-2012,1,0,0,0,retention
856659540079302,10,1.0,1,4,2,8900,89001,1,1,21,36,10580,0,2.0,1.0,,4,3,56,1.0,1,39,1,,2,1,2,1,2,57,57,57,1,0,0,2.0,1.0,,40.0,,40.0,,,,,,2.0,3.0,0.0,1,2.0,1.0,1.0,1735.0,673.07,1.0,,,,,12355.9664,3102.8941,0,0,0.0,0.0,0,0,41699,2,1.0,,,,,,3080.0195,770.0,9130.0,-1,,,,,,,365673.0,2011,621,618,0,0,0,0,0,12.0,22.0,4.0,2011,1.0,1,8,2,8900,89001,1,21,36,10580,0,2.0,1.0,,4,3,57,1.0,1,39,1,,1,2,1,2,57,57,57,1,0,0,2.0,1.0,,40.0,6.0,32.0,,,6.0,,,4.0,3.0,0.0,1,2.0,1.0,1.0,1750.0,769.23,1.0,,,,,12020.0635,2971.6244,0,0,0.0,1.0,0,0,62087,2,1.0,,,,,,2969.2579,770.0,,-1,,,,,,,364052.0,2012,633,618,0,0,0,0,0,12.0,,1.0,6320.0,19.0,4.0,2012,MIS4_to_MIS8,new_york,0,2011-2012,1,0,0,0,retention
909006801349190,10,2.0,1,4,2,8900,89001,1,1,21,36,35620,59,2.0,1.0,,7,1,43,2.0,2,44,1,,1,1,1,1,2,57,57,57,1,0,0,2.0,1.0,,40.0,6.0,32.0,,,6.0,,,4.0,3.0,0.0,1,2.0,2.0,2.0,,1346.0,1.0,,,,,12698.4493,3152.0271,3,2,1.0,,0,42,49555,1,,,,,,2.0,3187.0994,7860.0,2330.0,-1,,,,,,,365698.0,2011,621,618,0,0,1,0,0,18.0,8.0,40.0,2011,1.0,1,8,2,8900,89001,1,21,36,35620,59,2.0,1.0,,7,1,44,2.0,2,44,1,,1,1,1,2,57,57,57,1,0,0,1.0,4.0,,,,,,,,26.0,3.0,11.0,4.0,0.0,2,,,,,,,,,,,14630.4062,3608.3099,3,2,,,0,0,59605,1,,,,,,2.0,3479.509,7860.0,,-1,,,,,,,364074.0,2012,633,618,0,0,1,0,0,18.0,,1.0,2330.0,8.0,40.0,2012,MIS4_to_MIS8,new_york,0,2011-2012,0,1,0,1,retention
938096692349370,10,1.0,4,4,2,8900,89001,1,1,21,36,35620,103,2.0,1.0,,7,6,48,3.0,2,39,1,,2,2,1,1,2,57,57,57,1,0,0,2.0,1.0,,40.0,,40.0,,,,,,2.0,3.0,0.0,1,2.0,,1.0,1500.0,600.0,1.0,,,,,13740.9086,3398.7876,4,2,1.0,1.0,0,42,15447,2,1.0,,,,,,3381.1574,9370.0,50.0,-1,,,,,,,365710.0,2011,621,618,0,0,0,1,0,12.0,1.0,51.0,2011,3.0,4,8,2,8900,89001,1,21,36,35620,103,2.0,1.0,,7,6,49,3.0,2,39,1,,2,1,1,2,57,57,57,1,0,0,2.0,1.0,,35.0,5.0,22.0,,,5.0,,,4.0,3.0,0.0,1,2.0,2.0,2.0,,1538.46,1.0,,,,,12670.6704,3253.9878,4,1,0.0,,0,0,31943,2,1.0,,,,,,3234.811,1990.0,,-1,,,,,,,364089.0,2012,633,618,0,0,0,1,0,12.0,,1.0,100.0,1.0,17.0,2012,MIS4_to_MIS8,new_york,0,2011-2012,1,0,0,0,retention
948396339600492,10,2.0,1,4,2,8900,89001,1,1,21,36,35620,103,2.0,1.0,,7,1,54,2.0,2,43,1,,1,1,1,1,2,57,57,57,1,0,0,2.0,1.0,,40.0,,40.0,,,,,,2.0,2.0,0.0,1,2.0,2.0,2.0,,1346.0,2.0,2.0,,,,13912.9456,3434.2986,0,0,1.0,,0,0,30378,1,,,,2.0,,,3423.4897,7870.0,2200.0,-1,,,,,,,365719.0,2011,621,618,0,0,0,0,0,16.0,8.0,40.0,2011,1.0,1,8,2,8900,89001,1,21,36,35620,103,2.0,1.0,,7,1,55,2.0,2,43,1,,1,1,1,2,57,57,57,1,0,0,1.0,1.0,,40.0,,40.0,,,,,,2.0,2.0,0.0,1,2.0,1.0,1.0,2500.0,1634.0,1.0,,,,,13066.2023,3215.9914,0,0,1.0,1.0,0,0,55821,1,,,,2.0,,,3233.3857,8190.0,,-1,,,,,,,364097.0,2012,633,618,0,0,0,0,0,16.0,,1.0,710.0,2.0,41.0,2012,MIS4_to_MIS8,new_york,0,2011-2012,1,0,0,0,retention
948396339600492,10,2.0,1,4,2,8900,89001,1,1,21,36,35620,103,2.0,1.0,,7,3,55,1.0,1,39,1,,2,1,2,1,2,57,57,555,1,0,0,1.0,1.0,,40.0,,40.0,,,,,,2.0,2.0,0.0,1,2.0,2.0,2.0,,1250.0,1.0,,,,,12768.3617,3206.4569,0,0,1.0,,0,0,30378,2,1.0,,,,,,3182.8189,7870.0,1550.0,-1,,,,,,,365720.0,2011,621,618,0,0,0,0,0,12.0,4.0,40.0,2011,1.0,1,8,2,8900,89001,1,21,36,35620,103,2.0,1.0,,7,3,56,1.0,1,39,1,,1,2,1,2,57,57,555,1,0,0,2.0,1.0,,40.0,,40.0,,,,,,2.0,2.0,0.0,1,2.0,1.0,1.0,2520.0,807.0,1.0,,,,,12996.8048,3213.0964,0,0,1.0,1.0,0,0,55821,2,1.0,,,,,,3210.5375,8190.0,,-1,,,,,,,364098.0,2012,633,618,0,0,0,0,0,12.0,,1.0,100.0,1.0,41.0,2012,MIS4_to_MIS8,new_york,0,2011-2012,1,0,0,0,retention
964046663349700,10,2.0,1,4,2,8900,89001,1,1,21,36,35620,119,2.0,1.0,,7,1,43,2.0,1,40,1,,1,1,1,1,2,57,57,57,1,0,0,2.0,1.0,,45.0,,45.0,,,,,,2.0,3.0,0.0,1,2.0,2.0,2.0,,1153.84,1.0,,,,,12276.1715,3114.3768,14,3,0.0,,0,0,15531,1,,,2.0,,,,3104.2395,9470.0,3740.0,-1,,,,,,,365736.0,2011,621,618,0,1,1,1,1,13.0,12.0,51.0,2011,2.0,1,8,2,8900,89001,1,21,36,35620,119,2.0,1.0,,7,1,44,2.0,1,40,1,,1,1,1,2,57,57,57,1,0,0,2.0,1.0,,40.0,,40.0,,,,,,2.0,3.0,0.0,1,2.0,2.0,2.0,,376.0,1.0,,,,,14228.9273,3594.1355,14,3,1.0,,0,0,28911,1,,,2.0,,,,3593.8005,9470.0,,-1,,,,,,,364115.0,2012,633,618,0,1,1,1,1,13.0,,1.0,3740.0,12.0,51.0,2012,MIS4_to_MIS8,new_york,0,2011-2012,1,0,0,0,retention
964046663349700,10,2.0,1,4,2,8900,89001,1,1,21,36,35620,119,2.0,1.0,,7,3,42,1.0,2,39,1,,2,1,2,1,2,57,57,57,1,0,0,1.0,1.0,,25.0,,25.0,,,18.0,,,7.0,3.0,0.0,1,2.0,,1.0,1600.0,400.0,2.0,2.0,,,,12698.4493,3152.0271,14,3,0.0,0.0,0,0,15531,2,1.0,,,,,,3187.0994,7070.0,5250.0,-1,,,,,,,365737.0,2011,621,618,0,1,1,1,1,12.0,17.0,34.0,2011,2.0,1,8,2,8900,89001,1,21,36,35620,119,2.0,1.0,,7,3,43,1.0,2,39,1,,1,2,1,2,57,57,57,1,0,0,1.0,1.0,,40.0,,40.0,,,,,,2.0,3.0,0.0,1,2.0,2.0,2.0,,950.0,1.0,,,,,14512.9462,3608.3099,14,3,0.0,,0,0,28911,2,1.0,,,,,,3629.5868,8370.0,,-1,,,,,,,364116.0,2012,633,618,0,1,1,1,1,12.0,,1.0,5250.0,17.0,43.0,2012,MIS4_to_MIS8,new_york,0,2011-2012,1,0,0,0,retention
996016841349190,10,1.0,6,4,2,8900,89001,1,1,21,36,40380,0,2.0,1.0,,5,2,53,,1,39,1,,1,0,0,5,2,57,57,57,1,0,0,1.0,1.0,,40.0,,40.0,,,,,,2.0,3.0,0.0,1,2.0,1.0,1.0,1200.0,750.0,2.0,2.0,,,,12370.119,3042.0218,0,0,1.0,1.0,0,0,5869,1,2.0,7.0,,,,,3020.9432,8570.0,8965.0,-1,,,,,,,365778.0,2011,621,618,0,0,0,0,0,11.0,21.0,44.0,2011,1.0,6,8,2,8900,89001,1,21,36,40380,0,2.0,1.0,,5,2,54,,1,39,1,,0,0,5,2,57,57,57,1,0,0,1.0,1.0,,40.0,,40.0,,,,,,2.0,4.0,0.0,1,2.0,1.0,1.0,1199.0,376.0,2.0,2.0,,,,11736.0771,2822.2726,0,0,0.0,0.0,0,0,18365,1,2.0,7.0,,,,,2843.7729,8570.0,,-1,,,,,,,364161.0,2012,633,618,0,0,0,0,0,11.0,,1.0,4250.0,14.0,44.0,2012,MIS4_to_MIS8,new_york,0,2011-2012,0,1,0,1,retention
90853460984598,10,1.0,1,4,2,8900,89001,1,1,21,36,0,0,3.0,2.0,,0,3,53,1.0,2,43,1,,2,1,2,1,2,57,57,57,1,0,0,2.0,1.0,,40.0,,40.0,,,,,,2.0,3.0,0.0,1,2.0,,1.0,1000.0,400.0,2.0,1.0,,,,13680.9426,3377.0305,0,0,0.0,0.0,0,0,41499,2,,,,2.0,,,3366.4018,9370.0,2160.0,-1,,,,,,,365803.0,2011,621,618,0,0,0,0,0,16.0,7.0,51.0,2011,1.0,1,8,2,8900,89001,1,21,36,0,0,3.0,2.0,,0,3,54,1.0,2,43,1,,1,2,1,2,57,57,57,1,0,0,2.0,1.0,,40.0,,40.0,,,,,,2.0,3.0,0.0,1,2.0,1.0,1.0,2700.0,300.0,1.0,,,,,12067.2774,3066.7328,0,0,0.0,1.0,0,0,40143,2,,,,2.0,,,3080.7653,9370.0,,-1,,,,,,,364186.0,2012,633,618,0,0,0,0,0,16.0,,1.0,2160.0,7.0,51.0,2012,MIS4_to_MIS8,new_york,0,2011-2012,1,0,0,0,retention
463243054909999,10,2.0,1,4,2,8900,89001,1,1,21,36,0,0,3.0,2.0,,0,1,55,2.0,1,39,1,,1,1,1,1,2,57,57,57,1,0,0,2.0,1.0,,40.0,,39.0,,,,,,2.0,3.0,0.0,1,2.0,2.0,2.0,,500.0,1.0,,,,,12555.445,3152.9882,0,0,0.0,,0,0,2015,1,1.0,,,,,,3129.7443,7860.0,7000.0,4250,,,,,,,365873.0,2011,621,618,0,0,0,0,0,12.0,20.0,40.0,2011,1.0,1,8,2,8900,89001,1,21,36,0,0,3.0,2.0,,0,1,56,2.0,1,39,1,,1,1,1,2,57,57,57,1,0,0,1.0,1.0,,40.0,,48.0,,,,,,2.0,3.0,0.0,1,2.0,2.0,2.0,,983.0,1.0,,,,,12195.3473,3014.9584,0,0,0.0,,0,0,1960,1,1.0,,,,,,3012.5573,7860.0,,4250,,,,,,,364254.0,2012,633,618,0,0,0,0,0,12.0,,1.0,7210.0,20.0,40.0,2012,MIS4_to_MIS8,new_york,0,2011-2012,1,0,0,0,retention
704603843994976,10,1.0,1,4,2,8900,89001,1,1,21,36,0,0,3.0,2.0,,0,1,53,2.0,2,39,1,,1,1,1,1,2,57,57,57,1,0,0,1.0,1.0,,40.0,,40.0,,,,,,2.0,3.0,0.0,1,2.0,2.0,2.0,,269.23,2.0,2.0,,,,13680.9426,3377.0305,0,0,0.0,,0,0,5789,1,1.0,,,,,,3366.4018,7860.0,4220.0,-1,,,,,,,365902.0,2011,621,618,0,0,0,0,0,12.0,14.0,40.0,2011,1.0,1,8,2,8900,89001,1,21,36,0,0,3.0,2.0,,0,1,53,2.0,2,39,1,,1,1,1,2,57,57,57,1,0,0,1.0,1.0,,40.0,,40.0,,,,,,2.0,3.0,0.0,1,2.0,2.0,2.0,,365.38,2.0,2.0,,,,12067.2774,3066.7328,0,0,0.0,,0,0,5465,1,1.0,,,,,,3080.7653,7860.0,,-1,,,,,,,364284.0,2012,633,618,0,0,0,0,0,12.0,,1.0,4220.0,14.0,40.0,2012,MIS4_to_MIS8,new_york,0,2011-2012,1,0,0,0,retention
845392339600931,10,1.0,1,4,2,8900,89001,1,1,21,36,0,0,3.0,2.0,,0,1,52,2.0,1,44,1,,1,1,1,1,2,57,57,57,1,0,0,3.0,1.0,,37.0,8.0,30.0,,,8.0,,,4.0,2.0,0.0,1,2.0,2.0,2.0,,1269.23,1.0,,,,,12569.8261,3091.1332,3,2,0.0,,0,0,5790,1,,,,,,2.0,3069.7143,9490.0,1740.0,-1,,,,,,,365927.0,2011,621,618,0,0,1,0,0,18.0,5.0,51.0,2011,1.0,1,8,2,8900,89001,1,21,36,0,0,3.0,2.0,,0,1,53,2.0,1,44,1,,1,1,1,2,57,57,57,1,0,0,1.0,1.0,,38.0,,36.0,,,,,,2.0,2.0,0.0,1,2.0,2.0,2.0,,1392.3,1.0,,,,,11907.2196,2863.4286,3,2,0.0,,0,0,5466,1,,,,,,3.0,2885.2425,9490.0,,-1,,,,,,,364314.0,2012,633,618,0,0,1,0,0,18.0,,1.0,565.0,2.0,51.0,2012,MIS4_to_MIS8,new_york,0,2011-2012,1,0,0,0,retention
40395189600966,10,1.0,7,4,2,8900,89001,1,1,21,36,39100,27,,1.0,,4,2,55,,2,39,2,,1,0,0,7,2,57,57,57,1,0,0,1.0,1.0,,35.0,6.0,21.0,,,6.0,,,4.0,3.0,0.0,1,2.0,,1.0,1250.0,437.5,1.0,,,,,21020.1248,3742.7484,0,0,0.0,0.0,0,0,29983,1,1.0,,,,,,3773.0038,7860.0,2540.0,-1,,,,,,,365949.0,2011,621,618,0,0,0,0,0,12.0,8.0,40.0,2011,1.0,7,8,2,8900,89001,1,21,36,39100,27,,1.0,,4,2,54,,2,40,2,,0,0,7,2,57,57,57,1,0,0,1.0,2.0,5.0,35.0,,,,,,,,5.0,3.0,0.0,1,2.0,1.0,1.0,1201.0,525.0,1.0,,,,,17890.2876,4745.1119,0,0,0.0,1.0,0,0,40119,1,,,2.0,,,,4709.4737,7860.0,,-1,,,,,,,364334.0,2012,633,618,0,0,0,0,0,13.0,,2.0,2540.0,8.0,40.0,2012,MIS4_to_MIS8,new_york,0,2011-2012,1,0,0,0,retention
263140014909098,10,1.0,1,4,2,8900,89001,1,1,21,36,13780,0,,1.0,,3,1,38,2.0,1,44,1,,1,1,1,1,2,57,57,57,1,0,0,1.0,1.0,,50.0,,40.0,,,,,,2.0,3.0,0.0,1,2.0,2.0,2.0,,1557.69,1.0,,,,,11938.8298,3017.1088,3,2,0.0,,0,0,29954,1,,,,,,2.0,3018.9369,7860.0,230.0,-1,,,,,,,365973.0,2011,621,618,0,0,1,0,0,18.0,1.0,40.0,2011,1.0,1,8,2,8900,89001,1,21,36,13780,0,,1.0,,3,1,39,2.0,1,45,1,,1,1,1,2,57,57,57,1,0,0,2.0,1.0,,55.0,,55.0,,,,,,2.0,2.0,0.0,1,2.0,2.0,2.0,,1615.38,1.0,,,,,13721.1888,3443.8788,3,2,0.0,,0,0,5460,1,,,,,,,3465.561,7860.0,,-1,,,,,,,364354.0,2012,633,618,0,0,1,0,0,18.0,,1.0,230.0,1.0,40.0,2012,MIS4_to_MIS8,new_york,0,2011-2012,1,0,0,0,retention
263140014909098,10,1.0,1,4,2,8900,89001,1,1,21,36,13780,0,,1.0,,3,3,38,1.0,2,44,1,,2,1,2,1,2,57,57,57,1,0,0,2.0,1.0,,40.0,6.0,32.0,,,6.0,,,4.0,3.0,0.0,1,2.0,2.0,2.0,,1375.0,1.0,,,,,12329.7043,3102.5593,3,2,0.0,,0,0,29954,2,,,,,,2.0,3094.5505,7860.0,2330.0,-1,,,,,,,365974.0,2011,621,618,0,0,1,0,0,18.0,8.0,40.0,2011,1.0,1,8,2,8900,89001,1,21,36,13780,0,,1.0,,3,3,40,1.0,2,44,1,,1,2,1,2,57,57,57,1,0,0,2.0,1.0,,40.0,,40.0,,,,,,2.0,2.0,0.0,1,2.0,2.0,2.0,,1450.0,1.0,,,,,13422.2632,3337.1367,3,2,0.0,,0,0,5460,2,,,,,,2.0,3356.8145,7860.0,,-1,,,,,,,364355.0,2012,633,618,0,0,1,0,0,18.0,,1.0,2320.0,8.0,40.0,2012,MIS4_to_MIS8,new_york,0,2011-2012,1,0,0,0,retention
393934504009659,10,1.0,4,4,2,8900,89001,1,1,21,36,46540,0,,1.0,,3,1,54,,2,39,1,,1,1,1,4,2,57,57,57,1,0,0,1.0,1.0,,6.0,,30.0,,,22.0,,,7.0,3.0,0.0,1,2.0,,1.0,1400.0,84.0,1.0,,,,,13463.5823,3323.3769,0,0,1.0,1.0,0,42,65504,1,1.0,,,,,,3312.9171,7860.0,2540.0,230,,,,,,,365991.0,2011,621,618,0,0,0,0,0,12.0,8.0,40.0,2011,1.0,4,8,2,8900,89001,1,21,36,46540,0,,1.0,,3,1,55,,2,39,1,,1,1,4,2,57,57,57,1,0,0,1.0,1.0,,25.0,,45.0,,,,,,2.0,3.0,0.0,1,2.0,,1.0,1083.0,270.75,1.0,,,,,12084.2456,2974.3019,0,0,0.0,0.0,0,0,5477,1,1.0,,,,,,2990.389,7860.0,,4600,,,,,,,364363.0,2012,633,618,0,0,0,0,0,12.0,,1.0,2540.0,8.0,40.0,2012,MIS4_to_MIS8,new_york,0,2011-2012,1,0,0,0,retention
430609908651690,10,1.0,6,4,2,8900,89001,1,1,21,36,39100,27,,1.0,,4,2,55,,1,39,2,,1,0,0,7,2,57,57,57,1,0,0,1.0,1.0,,40.0,5.0,1.0,,,5.0,,,4.0,2.0,0.0,1,2.0,2.0,2.0,,700.0,1.0,,,,,11056.0012,3050.2477,0,0,0.0,,0,0,33531,1,1.0,,,,,,3027.1148,8090.0,3655.0,-1,4.0,,,,,,366005.0,2011,621,618,0,0,0,0,0,12.0,11.0,42.0,2011,1.0,6,8,2,8900,89001,1,21,36,39100,27,,1.0,,4,2,56,,1,39,2,,0,0,7,2,57,57,57,1,0,0,1.0,1.0,,40.0,,40.0,,,,,,2.0,2.0,0.0,1,2.0,2.0,2.0,,1100.0,1.0,,,,,20265.9897,3901.9443,0,0,0.0,,0,0,40118,1,1.0,,,,,,3875.2829,8090.0,,-1,4.0,,,,,,364377.0,2012,633,618,0,0,0,0,0,12.0,,2.0,3655.0,11.0,42.0,2012,MIS4_to_MIS8,new_york,0,2011-2012,1,0,0,0,retention
497974907092229,10,1.0,1,4,2,8900,89001,1,1,23,42,10900,0,1.0,1.0,,4,1,46,2.0,2,43,1,,1,1,1,1,2,57,57,57,1,0,0,1.0,1.0,,24.0,,17.0,,,15.0,,,6.0,3.0,0.0,1,2.0,2.0,2.0,,90.0,2.0,2.0,,,,12641.5075,3136.0439,0,0,0.0,,0,0,16519,1,,,,1.0,1.0,,3110.6332,7860.0,2310.0,2340,,,,,,,369570.0,2011,621,618,0,0,0,0,0,18.0,8.0,40.0,2011,1.0,1,8,2,8900,89001,1,23,42,10900,0,1.0,1.0,,4,1,47,2.0,2,43,1,,1,1,1,2,57,57,57,1,0,0,1.0,1.0,,25.0,1.0,31.0,,,1.0,,,3.0,4.0,0.0,1,2.0,,1.0,1200.0,300.0,2.0,2.0,,,,11438.7641,2926.7577,0,0,0.0,0.0,0,0,15350,1,,,,1.0,1.0,,2920.3064,7890.0,,2310,,,,,,,367765.0,2012,633,618,0,0,0,0,0,18.0,,1.0,2340.0,8.0,40.0,2012,MIS4_to_MIS8,pennsylvania,0,2011-2012,0,1,0,1,retention
5144420983698,10,2.0,1,4,2,8900,89001,1,1,23,42,38300,129,2.0,1.0,,5,3,57,1.0,2,41,1,,2,1,2,1,2,57,57,57,1,0,0,1.0,1.0,,40.0,,41.0,,,,,,2.0,3.0,0.0,1,2.0,,1.0,2772.0,1108.8,1.0,,,,,11527.5256,2861.9325,0,0,1.0,1.0,0,0,42320,2,,,3.0,,,,2849.2476,8270.0,3255.0,-1,,,,,,,369643.0,2011,621,618,0,0,0,0,0,14.0,10.0,42.0,2011,1.0,1,8,2,8900,89001,1,23,42,38300,129,2.0,1.0,,5,3,58,1.0,2,41,1,,1,2,1,2,57,57,57,1,0,0,2.0,1.0,,40.0,,40.0,,,,,,2.0,3.0,0.0,1,2.0,1.0,1.0,2576.0,1057.69,1.0,,,,,10785.9635,2644.9397,0,0,0.0,1.0,0,0,2617,2,,,3.0,,,,2669.1138,8270.0,,-1,,,,,,,367835.0,2012,633,618,0,0,0,0,0,14.0,,1.0,3255.0,10.0,42.0,2012,MIS4_to_MIS8,pennsylvania,0,2011-2012,1,0,0,0,retention
23014420981092,10,1.0,6,4,2,8900,89001,1,1,23,42,37980,17,2.0,1.0,,7,2,27,,1,44,1,,1,0,0,7,2,57,57,57,1,0,0,1.0,1.0,,40.0,,40.0,,,,,,2.0,3.0,0.0,1,2.0,2.0,2.0,,1038.46,1.0,,,,,12567.831,3254.9058,0,0,0.0,,0,0,6191,1,,,,,,2.0,3237.7907,7860.0,2320.0,-1,,,,,,,369664.0,2011,621,618,0,0,0,0,0,18.0,8.0,40.0,2011,1.0,6,8,2,8900,89001,1,23,42,37980,17,2.0,1.0,,7,2,28,,1,44,1,,0,0,7,2,57,57,57,1,0,0,1.0,1.0,,40.0,,40.0,,,,,,2.0,3.0,0.0,1,2.0,2.0,2.0,,1115.38,1.0,,,,,12855.1236,3217.7993,0,0,0.0,,0,0,5873,1,,,,,,1.0,3251.6792,7860.0,,-1,,,,,,,367860.0,2012,633,618,0,0,0,0,0,17.0,,1.0,2320.0,8.0,40.0,2012,MIS4_to_MIS8,pennsylvania,0,2011-2012,1,0,0,0,retention
495924002031277,10,2.0,4,4,2,8900,89001,1,1,23,42,37980,17,2.0,1.0,,7,4,31,,2,43,2,,2,1,3,7,2,57,57,57,1,0,0,3.0,1.0,,37.0,8.0,32.0,,,8.0,,,4.0,2.0,0.0,1,1.0,1.0,1.0,1501.0,1153.84,1.0,,,,,14621.0241,3984.4359,0,0,0.0,0.0,0,0,6190,2,,,,2.0,,,3935.0954,9570.0,430.0,-1,,,,,1.0,,369922.0,2011,621,618,0,0,0,0,0,16.0,1.0,51.0,2011,2.0,4,8,2,8900,89001,1,23,42,37980,17,2.0,1.0,,7,4,32,,2,43,2,,1,3,7,2,57,57,57,1,0,0,1.0,1.0,,38.0,,38.0,,,,,,2.0,2.0,0.0,1,2.0,,1.0,1670.0,634.6,1.0,,,,,13371.819,3395.8744,0,0,0.0,0.0,0,0,18548,2,,,,2.0,,,3488.8324,4990.0,,-1,,,,,1.0,,368123.0,2012,633,618,0,0,0,0,0,16.0,,2.0,4700.0,16.0,22.0,2012,MIS4_to_MIS8,pennsylvania,0,2011-2012,1,0,0,0,retention
704903044799192,10,1.0,1,4,2,8900,89001,1,1,23,42,37980,91,2.0,1.0,,7,3,45,1.0,1,44,1,,2,1,2,1,2,57,57,57,1,0,0,2.0,1.0,,50.0,,50.0,,,,,,2.0,3.0,0.0,1,2.0,2.0,2.0,,1596.15,1.0,,,,,14066.7937,3432.3368,3,2,0.0,,0,0,50170,2,,,,,,2.0,3435.2931,7860.0,2310.0,-1,,,,,,,370021.0,2011,621,618,0,0,1,0,0,18.0,8.0,40.0,2011,1.0,1,8,2,8900,89001,1,23,42,37980,91,2.0,1.0,,7,3,46,1.0,1,44,1,,1,2,1,2,57,57,57,1,0,0,2.0,1.0,,50.0,,50.0,,,,,,2.0,3.0,0.0,1,2.0,2.0,2.0,,2769.0,2.0,2.0,,,,13339.5165,3202.9341,3,2,1.0,,0,42,71175,2,,,,,,2.0,3232.3028,7860.0,,-1,,,,,,,368216.0,2012,633,618,0,0,1,0,0,18.0,,1.0,2320.0,8.0,40.0,2012,MIS4_to_MIS8,pennsylvania,0,2011-2012,1,0,0,0,retention
824961054904598,10,2.0,4,4,2,8900,89001,1,1,23,42,38300,3,2.0,1.0,,5,14,31,,1,42,1,,2,0,0,5,2,57,57,57,1,0,0,1.0,1.0,,50.0,,60.0,,,,,,2.0,3.0,0.0,1,1.0,,1.0,1548.0,851.4,1.0,,,,,11518.0233,2987.9765,0,0,0.0,0.0,0,0,16222,2,,,3.0,,,,2967.3337,8190.0,4020.0,-1,,,,,,,370034.0,2011,621,618,0,0,0,0,0,14.0,13.0,41.0,2011,1.0,1,8,2,8900,89001,1,23,42,38300,3,2.0,1.0,,5,3,32,1.0,1,42,1,,1,2,1,2,57,57,57,1,0,0,2.0,1.0,,60.0,,60.0,,,,,,2.0,3.0,0.0,1,1.0,1.0,1.0,2300.0,865.38,1.0,,,,,11594.8799,2924.0524,12,3,0.0,1.0,0,0,2444,2,,,3.0,,,,2932.903,8190.0,,-1,,,,,,,368229.0,2012,633,618,1,1,0,1,1,14.0,,1.0,4000.0,13.0,41.0,2012,MIS4_to_MIS8,pennsylvania,0,2011-2012,1,0,0,0,retention
104608264994312,10,1.0,1,4,2,8900,89001,1,1,23,42,0,0,3.0,2.0,,0,1,56,2.0,2,44,1,,1,1,1,1,2,57,57,57,1,0,0,1.0,1.0,,40.0,,40.0,,,,,,2.0,2.0,0.0,1,2.0,2.0,2.0,,1057.69,2.0,2.0,,,,11484.0503,2851.1389,0,0,0.0,,0,0,31051,1,,,,,,3.0,2838.5018,7860.0,2310.0,-1,,,,,,,370184.0,2011,621,618,0,0,0,0,0,18.0,8.0,40.0,2011,1.0,1,8,2,8900,89001,1,23,42,0,0,3.0,2.0,,0,1,57,2.0,2,44,1,,1,1,1,2,57,57,57,1,0,0,1.0,1.0,,40.0,,40.0,,,,,,2.0,3.0,0.0,1,2.0,2.0,2.0,,1244.0,1.0,,,,,11155.2317,2735.4918,0,0,0.0,,0,0,48847,1,,,,,,3.0,2760.4935,7860.0,,-1,,,,,,,368377.0,2012,633,618,0,0,0,0,0,18.0,,1.0,2320.0,8.0,40.0,2012,MIS4_to_MIS8,pennsylvania,0,2011-2012,1,0,0,0,retention
124757044909262,10,2.0,1,4,2,8900,89001,1,1,23,42,0,0,3.0,2.0,,0,3,44,1.0,2,40,1,,2,1,2,1,2,57,57,57,1,0,0,1.0,1.0,,10.0,,10.0,,,15.0,,,6.0,3.0,0.0,1,2.0,2.0,2.0,,157.69,2.0,2.0,,,,10896.1882,2712.6174,4,1,0.0,,0,0,31163,2,,,4.0,,,,2734.7618,9370.0,430.0,-1,,,,,,,370189.0,2011,621,618,0,0,0,1,0,15.0,1.0,51.0,2011,2.0,1,8,2,8900,89001,1,23,42,0,0,3.0,2.0,,0,3,45,1.0,2,40,1,,1,2,1,2,57,57,57,1,0,0,1.0,1.0,,10.0,,10.0,,,15.0,,,6.0,3.0,0.0,1,2.0,,1.0,800.0,80.0,2.0,2.0,,,,10817.5475,2767.8112,4,1,1.0,1.0,0,42,18583,2,,,4.0,,,,2761.7103,9370.0,,-1,,,,,,,368382.0,2012,633,618,0,0,0,1,0,15.0,,1.0,430.0,1.0,51.0,2012,MIS4_to_MIS8,pennsylvania,0,2011-2012,1,0,0,0,retention
124757044909262,10,2.0,1,4,2,8900,89001,1,1,23,42,0,0,3.0,2.0,,0,4,19,,1,40,1,,3,1,3,7,2,57,57,57,1,0,0,2.0,1.0,,15.0,,15.0,,,20.0,,,7.0,2.0,0.0,1,2.0,,1.0,750.0,112.5,2.0,2.0,1.0,1.0,2.0,10584.3813,2831.8621,0,0,0.0,0.0,0,0,31163,3,,,2.0,,,,2690.9781,7870.0,5400.0,-1,,,,,2.0,1.0,370191.0,2011,621,618,0,0,0,0,0,13.0,17.0,40.0,2011,2.0,1,8,2,8900,89001,1,23,42,0,0,3.0,2.0,,0,4,20,,1,40,1,,1,3,7,2,57,57,57,1,0,0,2.0,1.0,,15.0,,12.0,,,20.0,,,7.0,2.0,0.0,1,2.0,,1.0,765.0,114.75,2.0,2.0,1.0,1.0,2.0,13064.9809,3328.4459,0,0,1.0,1.0,0,42,18583,3,,,3.0,,,,3342.8414,7870.0,,-1,,,,,2.0,1.0,368384.0,2012,633,618,0,0,0,0,0,14.0,,1.0,5260.0,17.0,40.0,2012,MIS4_to_MIS8,pennsylvania,0,2011-2012,1,0,0,0,retention
224223094909096,10,1.0,1,4,2,8900,89001,1,1,23,42,0,55,3.0,2.0,,0,3,46,1.0,1,39,1,,2,1,2,1,2,57,57,57,1,0,0,2.0,1.0,,40.0,,40.0,,,,,,2.0,3.0,0.0,1,2.0,,1.0,1902.0,760.8,2.0,2.0,,,,13294.5807,3243.9146,3,2,0.0,0.0,0,0,42227,2,1.0,,,,,,3246.7087,670.0,6320.0,-1,,,,,,,370203.0,2011,621,618,0,0,1,0,0,12.0,19.0,24.0,2011,2.0,1,8,2,8900,89001,1,23,42,0,55,3.0,2.0,,0,3,47,1.0,1,39,1,,1,2,1,2,57,57,57,1,0,0,1.0,1.0,,40.0,,40.0,,,,,,2.0,3.0,0.0,1,1.0,1.0,1.0,1900.0,750.0,2.0,2.0,,,,12634.4005,3033.6296,3,2,0.0,0.0,0,0,60015,2,1.0,,,,,,3061.4459,670.0,,-1,,,,,,,368402.0,2012,633,618,0,0,1,0,0,12.0,,1.0,9520.0,22.0,24.0,2012,MIS4_to_MIS8,pennsylvania,0,2011-2012,1,0,0,0,retention
440209915983193,10,2.0,6,4,2,8900,89001,1,1,23,42,0,0,3.0,2.0,,0,14,64,,2,44,1,,2,0,0,5,2,57,57,57,1,0,0,1.0,5.0,,,,,,,,,,1.0,3.0,0.0,2,,,,,,,,,,,11951.5484,2988.9377,0,0,,,0,0,6155,2,,,,,,2.0,2961.7254,7860.0,2310.0,-1,,,,,,,370247.0,2011,621,618,0,0,0,0,0,18.0,8.0,40.0,2011,1.0,6,8,2,8900,89001,1,23,42,0,0,3.0,2.0,,0,14,65,,2,44,1,,0,0,5,2,57,57,57,1,0,0,2.0,5.0,,,,,,,,,,1.0,,,2,,,,,,,,,,,10693.0177,2742.9194,0,0,,,0,0,15060,2,,,,,,2.0,2733.0599,,,-1,,,,,,,368445.0,2012,633,618,0,0,0,0,0,18.0,,1.0,,,,2012,MIS4_to_MIS8,pennsylvania,0,2011-2012,0,1,0,0,retention
524767074909394,10,1.0,1,4,2,8900,89001,1,1,23,42,0,0,3.0,2.0,,0,3,52,1.0,1,43,1,,2,1,2,1,2,57,57,57,1,0,0,2.0,1.0,,40.0,,40.0,,,,,,2.0,3.0,0.0,1,2.0,2.0,2.0,,1153.84,1.0,,,,,12501.0835,3083.2645,0,0,0.0,,0,0,2611,2,,,,1.0,2.0,,3052.9264,7860.0,2320.0,-1,,,,,,,370316.0,2011,621,618,0,0,0,0,0,17.0,8.0,40.0,2011,1.0,1,8,2,8900,89001,1,23,42,0,0,3.0,2.0,,0,3,53,1.0,1,43,1,,1,2,1,2,57,57,57,1,0,0,2.0,1.0,,40.0,,44.0,,,,,,2.0,4.0,0.0,1,2.0,2.0,2.0,,1192.3,1.0,,,,,11349.1874,2719.1433,0,0,0.0,,0,0,15233,2,,,,1.0,1.0,,2750.0255,7860.0,,-1,,,,,,,368495.0,2012,633,618,0,0,0,0,0,18.0,,1.0,2320.0,8.0,40.0,2012,MIS4_to_MIS8,pennsylvania,0,2011-2012,0,1,0,1,retention
624369044909968,10,1.0,1,4,2,8900,89001,1,1,23,42,0,0,3.0,2.0,,0,1,39,2.0,2,43,1,,1,1,1,1,2,57,57,57,1,0,0,1.0,1.0,,-4.0,,8.0,,,18.0,,,7.0,3.0,0.0,1,2.0,2.0,2.0,,220.0,2.0,2.0,,,,10932.8911,2759.1616,3,2,0.0,,0,0,6239,1,,,,1.0,2.0,,2743.9737,7860.0,2310.0,-1,,,,,,,370331.0,2011,621,618,0,0,1,0,0,17.0,8.0,40.0,2011,1.0,1,8,2,8900,89001,1,23,42,0,0,3.0,2.0,,0,1,40,2.0,2,43,1,,1,1,1,2,57,57,57,1,0,0,1.0,1.0,,-4.0,,4.0,,,18.0,,,7.0,3.0,0.0,1,2.0,2.0,2.0,,69.44,2.0,2.0,,,,12163.9981,3013.1164,10,2,0.0,,0,0,18586,1,,,,2.0,,,3042.1312,7860.0,,-1,,,,,,,368513.0,2012,633,618,0,0,1,1,0,16.0,,1.0,2310.0,8.0,40.0,2012,MIS4_to_MIS8,pennsylvania,0,2011-2012,1,0,0,0,retention
812699340529400,10,1.0,3,4,2,8900,89001,1,1,23,42,25420,43,,1.0,,4,1,59,,1,39,1,,1,1,1,5,2,57,57,57,1,0,0,1.0,1.0,,38.0,,38.0,,,,,,2.0,2.0,0.0,1,2.0,,1.0,1938.0,736.44,1.0,,,,,12766.7803,3215.4836,4,1,0.0,0.0,0,0,16363,1,1.0,,,,,,3182.4247,8570.0,6230.0,-1,4.0,3.0,2.0,,,,370542.0,2011,621,618,0,0,0,1,0,12.0,19.0,44.0,2011,1.0,6,8,2,8900,89001,1,23,42,25420,43,,1.0,,4,2,60,,1,39,1,,0,0,5,2,57,57,57,1,0,0,,5.0,,,,,,,,,,1.0,2.0,0.0,2,,,,,,,,,,,10916.0325,2791.3504,0,0,,,0,0,15251,1,1.0,,,,,,2743.7538,9470.0,,-1,4.0,3.0,2.0,,,,368724.0,2012,633,618,0,0,0,0,0,12.0,,1.0,3930.0,12.0,51.0,2012,MIS4_to_MIS8,pennsylvania,0,2011-2012,1,0,0,0,retention
193955503043748,11,1.0,6,4,2,8900,89001,1,1,33,17,16980,0,1.0,1.0,1.0,7,2,50,,1,40,2,,1,0,0,7,2,57,57,57,1,0,0,1.0,1.0,,50.0,,50.0,,,,,,2.0,3.0,0.0,1,2.0,2.0,2.0,,800.0,1.0,,,,,17026.2851,4612.9612,0,0,1.0,,0,0,63232,1,,,3.0,,,,4651.9765,7870.0,2630.0,-1,,,,,,,390201.0,2011,622,619,0,0,0,0,0,14.0,9.0,40.0,2011,1.0,6,8,2,8900,89001,1,33,17,16980,0,1.0,1.0,1.0,7,2,51,,1,40,2,,0,0,7,2,57,57,57,1,0,0,1.0,1.0,,60.0,,60.0,,,,,,2.0,3.0,0.0,1,2.0,2.0,2.0,,750.0,1.0,,,,,15636.8869,4221.9423,0,0,1.0,,0,0,44960,1,,,3.0,,,,4171.4283,7870.0,,-1,,,,,,,388419.0,2012,634,619,0,0,0,0,0,14.0,,2.0,5600.0,17.0,40.0,2012,MIS4_to_MIS8,illinois,1,2011-2012,1,0,0,0,retention
605900911889037,11,3.0,4,4,2,8900,89001,1,1,33,17,16980,0,1.0,1.0,1.0,7,4,27,,2,41,2,,3,2,1,7,2,57,57,57,1,0,0,2.0,4.0,,,,,,,,61.0,5.0,11.0,3.0,0.0,2,,,,,,,,,,,14081.66,3284.7627,5,2,,,0,0,49730,3,,,4.0,,,,3293.1175,9390.0,3940.0,-1,,,,,1.0,,390319.0,2011,622,619,1,1,0,0,1,15.0,12.0,51.0,2011,1.0,4,8,2,8900,89001,1,33,17,16980,0,1.0,1.0,1.0,7,4,28,,2,41,2,,2,1,7,2,57,57,57,1,0,0,2.0,4.0,,,,,,,,1.0,5.0,12.0,4.0,0.0,2,,,,,,,,,,,14603.8407,3923.2384,2,2,,,0,0,44956,3,,,4.0,,,,3462.5605,6890.0,,-1,,,,,1.0,,388518.0,2012,634,619,0,1,0,0,1,15.0,,2.0,5020.0,17.0,32.0,2012,MIS4_to_MIS8,illinois,1,2011-2012,0,1,0,1,retention
63271570992294,11,3.0,8,4,2,8900,89001,1,1,33,17,37900,0,2.0,1.0,,3,14,45,,2,39,1,,3,0,0,5,2,57,57,57,1,0,0,2.0,1.0,,16.0,,16.0,,,15.0,,,7.0,3.0,0.0,1,2.0,,1.0,1400.0,224.0,2.0,2.0,,,,12338.1694,3059.461,0,0,0.0,0.0,0,0,58036,3,2.0,7.0,,,,,3079.3398,7870.0,5520.0,-1,,,,,,,390474.0,2011,622,619,0,0,0,0,0,11.0,17.0,40.0,2011,1.0,6,8,2,8900,89001,1,33,17,37900,0,2.0,1.0,,3,14,46,,2,39,1,,0,0,5,2,57,57,57,1,0,0,2.0,7.0,,,,,,,,,,1.0,,,2,,,,,,,,,,,12531.7447,3114.1525,0,0,,,0,0,35276,3,2.0,7.0,,,,,3052.8054,,,-1,,,,,,,388659.0,2012,634,619,0,0,0,0,0,11.0,,1.0,,,,2012,MIS4_to_MIS8,illinois,1,2011-2012,0,1,0,0,retention
70251570994896,11,1.0,6,4,2,8900,89001,1,1,33,17,16980,0,2.0,1.0,,7,2,51,,1,40,1,,1,0,0,5,2,57,57,57,1,0,0,1.0,1.0,,40.0,,42.0,,,,,,2.0,3.0,1.0,1,2.0,2.0,2.0,,1250.0,2.0,2.0,,,,13852.9673,3499.3968,0,0,0.0,,0,0,58001,1,,,4.0,,,,3493.1449,190.0,20.0,-1,,,,,,,390477.0,2011,622,619,0,0,0,0,0,15.0,1.0,2.0,2011,1.0,1,8,2,8900,89001,1,33,17,16980,0,2.0,1.0,,7,1,52,2.0,1,43,1,,1,1,1,2,57,57,57,1,0,0,1.0,1.0,,40.0,,40.0,,,,,,2.0,3.0,1.0,1,2.0,2.0,2.0,,1250.0,2.0,2.0,,,,12727.5824,3237.5997,0,0,0.0,,0,0,35135,1,,,,2.0,,,3235.7843,190.0,,-1,,,,,,,388661.0,2012,634,619,0,0,0,0,0,16.0,,1.0,6005.0,18.0,2.0,2012,MIS4_to_MIS8,illinois,1,2011-2012,1,0,0,0,retention
305902741187437,11,1.0,1,4,2,8900,89001,1,1,33,17,16980,0,2.0,1.0,,7,3,37,1.0,1,39,1,1.0,2,1,2,1,2,57,57,57,1,0,0,2.0,4.0,,,,,,,,69.0,2.0,11.0,3.0,0.0,2,,,,,,,,,,,12790.0019,3137.9647,10,2,,,0,0,63231,2,2.0,7.0,,,,,3088.2349,7860.0,4220.0,-1,,,,,,,390633.0,2011,622,619,0,0,1,1,0,11.0,14.0,40.0,2011,1.0,1,8,2,8900,89001,1,33,17,16980,0,2.0,1.0,,7,3,38,1.0,1,39,1,1.0,1,2,1,2,57,57,57,1,0,0,2.0,1.0,,32.0,,32.0,,,14.0,,,6.0,4.0,0.0,1,2.0,,1.0,800.0,256.0,2.0,2.0,,,,13428.5638,3300.8938,10,2,0.0,0.0,0,0,55599,2,2.0,7.0,,,,,3293.1582,4970.0,,-1,,,,,,,388803.0,2012,634,619,0,0,1,1,0,11.0,,1.0,4050.0,13.0,22.0,2012,MIS4_to_MIS8,illinois,1,2011-2012,0,1,0,1,retention
417768350399103,11,2.0,7,4,2,8900,89001,1,1,33,17,16980,0,2.0,1.0,,7,2,36,,2,40,1,,1,0,0,5,2,57,57,57,1,0,0,1.0,1.0,,40.0,6.0,32.0,,,6.0,,,4.0,3.0,0.0,1,2.0,2.0,2.0,,480.0,1.0,,,,,11566.5996,2874.0846,0,0,1.0,,0,42,19032,1,,,3.0,,,,2906.0545,9470.0,3710.0,-1,,,,,,,390667.0,2011,622,619,0,0,0,0,0,14.0,12.0,51.0,2011,1.0,7,8,2,8900,89001,1,33,17,16980,0,2.0,1.0,,7,2,37,,2,40,1,,0,0,5,2,57,57,57,1,0,0,1.0,1.0,,40.0,,41.0,,,,,,2.0,3.0,0.0,1,1.0,,1.0,3264.0,1501.44,1.0,,,,,11151.8312,2873.5209,0,0,0.0,0.0,0,0,8780,1,,,3.0,,,,2873.3613,9470.0,,-1,,,,,,,388839.0,2012,634,619,0,0,0,0,0,14.0,,1.0,3710.0,12.0,51.0,2012,MIS4_to_MIS8,illinois,1,2011-2012,1,0,0,0,retention
571389015708795,11,1.0,1,4,2,8900,89001,1,1,33,17,16980,0,2.0,1.0,,7,1,58,2.0,1,43,1,,1,1,1,1,2,57,57,57,1,0,0,1.0,1.0,,40.0,,40.0,,,,,,2.0,2.0,0.0,1,1.0,,1.0,4350.0,2010.0,2.0,2.0,,,,12482.9026,3237.9604,0,0,1.0,1.0,0,42,49729,1,,,,2.0,,,3244.065,9490.0,1360.0,-1,4.0,,,,,,390738.0,2011,622,619,0,0,0,0,0,16.0,4.0,51.0,2011,1.0,1,8,2,8900,89001,1,33,17,16980,0,2.0,1.0,,7,1,59,2.0,1,43,1,,1,1,1,2,57,57,57,1,0,0,1.0,1.0,,40.0,,40.0,,,,,,2.0,2.0,0.0,1,2.0,2.0,2.0,,1615.38,1.0,,,,,12735.9414,3257.9036,0,0,0.0,,0,0,35018,1,,,,2.0,,,3234.5905,9490.0,,-1,4.0,,,,,,388906.0,2012,634,619,0,0,0,0,0,16.0,,1.0,1360.0,4.0,51.0,2012,MIS4_to_MIS8,illinois,1,2011-2012,1,0,0,0,retention
910773090915067,11,1.0,1,4,2,8900,89001,1,1,33,17,16980,0,2.0,1.0,,7,3,50,1.0,2,43,1,,2,1,2,1,2,57,57,57,1,0,0,1.0,1.0,,40.0,6.0,32.0,,,6.0,,,4.0,3.0,0.0,1,2.0,2.0,2.0,,576.92,1.0,,,,,12533.4532,3112.7656,4,1,0.0,,0,0,31680,2,,,,2.0,,,3128.0784,7860.0,2540.0,-1,,,,,,,390889.0,2011,622,619,0,0,0,1,0,16.0,8.0,40.0,2011,2.0,1,8,2,8900,89001,1,33,17,16980,0,2.0,1.0,,7,3,51,1.0,2,43,1,,1,2,1,2,57,57,57,1,0,0,1.0,1.0,,35.0,,35.0,,,,,,2.0,3.0,0.0,1,2.0,2.0,2.0,,555.55,1.0,,,,,12886.72,3271.2575,0,0,0.0,,0,0,44952,2,,,,2.0,,,3281.3472,7860.0,,-1,,,,,,,389061.0,2012,634,619,0,0,0,0,0,16.0,,1.0,2310.0,8.0,40.0,2012,MIS4_to_MIS8,illinois,1,2011-2012,1,0,0,0,retention
957389050759106,11,2.0,1,4,2,8900,89001,1,1,33,17,16980,111,2.0,1.0,,7,3,60,1.0,2,44,1,,2,1,2,1,2,57,57,57,1,0,0,2.0,1.0,,16.0,,24.0,,,18.0,,,7.0,3.0,0.0,1,2.0,,1.0,4000.0,640.0,2.0,2.0,,,,11256.5982,2993.2565,0,0,1.0,1.0,0,42,7295,2,,,,,,2.0,3034.0098,7860.0,2310.0,-1,,,,,,,390923.0,2011,622,619,0,0,0,0,0,18.0,8.0,40.0,2011,1.0,1,8,2,8900,89001,1,33,17,16980,111,2.0,1.0,,7,3,61,1.0,2,44,1,,1,2,1,2,57,57,57,1,0,0,2.0,1.0,,16.0,,27.0,,,18.0,,,7.0,3.0,0.0,1,2.0,,1.0,2000.0,320.0,2.0,2.0,,,,10843.6346,2874.8173,0,0,1.0,1.0,0,0,8915,2,,,,,,2.0,2842.5813,7860.0,,-1,,,,,,,389099.0,2012,634,619,0,0,0,0,0,18.0,,1.0,2310.0,8.0,40.0,2012,MIS4_to_MIS8,illinois,1,2011-2012,1,0,0,0,retention
988057988157730,11,1.0,1,4,2,8900,89001,1,1,33,17,16980,0,2.0,1.0,,7,3,60,1.0,2,43,1,,2,1,2,1,2,57,208,208,1,0,0,2.0,1.0,,-4.0,,16.0,,,18.0,,,7.0,3.0,0.0,1,2.0,2.0,2.0,,420.0,1.0,,,,,11256.5982,2993.2565,0,0,1.0,,0,0,63230,2,,,,2.0,,,3034.0098,7860.0,2310.0,-1,,,,,,,390961.0,2011,622,619,0,0,0,0,0,16.0,8.0,40.0,2011,1.0,1,8,2,8900,89001,1,33,17,16980,0,2.0,1.0,,7,3,61,1.0,2,43,1,,1,2,1,2,57,249,249,1,0,0,2.0,1.0,,-4.0,,2.0,,,21.0,,,7.0,4.0,0.0,1,2.0,1.0,1.0,1386.0,2884.61,1.0,,,,,10843.6346,2874.8173,0,0,1.0,1.0,0,0,22685,2,,,,2.0,,,2842.5813,7860.0,,-1,,,,,,,389134.0,2012,634,619,0,0,0,0,0,16.0,,1.0,2310.0,8.0,40.0,2012,MIS4_to_MIS8,illinois,1,2011-2012,0,1,0,1,retention
57791570992493,11,2.0,1,4,2,8900,89001,1,1,33,17,0,0,3.0,2.0,,0,1,53,2.0,1,39,1,,1,1,1,1,2,57,57,57,1,0,0,2.0,1.0,,40.0,6.0,32.0,,,6.0,,,4.0,3.0,0.0,1,1.0,1.0,1.0,1700.0,650.0,2.0,2.0,,,,13579.3913,3430.2888,0,0,0.0,1.0,0,0,57927,1,1.0,,,,,,3424.1603,770.0,6730.0,-1,,,,,,,390987.0,2011,622,619,0,0,0,0,0,12.0,19.0,4.0,2011,2.0,1,8,2,8900,89001,1,33,17,0,0,3.0,2.0,,0,1,54,2.0,1,39,1,,1,1,1,2,57,57,57,1,0,0,2.0,1.0,,40.0,6.0,32.0,,,6.0,,,4.0,3.0,0.0,1,2.0,,1.0,1580.0,632.0,2.0,2.0,,,,12447.7967,3166.4288,0,0,0.0,0.0,0,0,8709,1,1.0,,,,,,3164.6533,770.0,,-1,,,,,,,389166.0,2012,634,619,0,0,0,0,0,12.0,,1.0,6730.0,19.0,4.0,2012,MIS4_to_MIS8,illinois,1,2011-2012,1,0,0,0,retention
15931570996592,11,1.0,1,4,2,8900,89001,1,1,33,17,19500,115,,1.0,,2,1,31,2.0,1,43,1,,1,1,1,1,2,57,57,57,1,0,0,2.0,1.0,,48.0,,48.0,,,,,,2.0,3.0,0.0,1,1.0,,1.0,3000.0,1560.0,1.0,,,,,13744.6827,3378.4866,0,0,0.0,0.0,0,0,42238,1,,,,2.0,,,3407.0802,9470.0,3850.0,-1,,,,,,,391090.0,2011,622,619,0,0,0,0,0,16.0,12.0,51.0,2011,2.0,1,8,2,8900,89001,1,33,17,19500,115,,1.0,,2,1,32,2.0,1,43,1,,1,1,1,2,57,57,57,1,0,0,2.0,1.0,,40.0,,40.0,,,,,,2.0,3.0,0.0,1,1.0,1.0,1.0,2500.0,1442.3,1.0,,,,,12619.8361,3224.4851,0,0,0.0,0.0,0,0,55646,1,,,,2.0,,,3205.9415,9470.0,,-1,,,,,,,389266.0,2012,634,619,0,0,0,0,0,16.0,,1.0,3820.0,12.0,51.0,2012,MIS4_to_MIS8,illinois,1,2011-2012,1,0,0,0,retention
76951570995498,11,1.0,1,4,2,8900,89001,1,1,33,17,28100,91,,1.0,,2,1,30,2.0,2,44,1,,1,1,1,1,2,57,57,57,1,0,0,1.0,1.0,,40.0,6.0,32.0,,,6.0,,,4.0,3.0,0.0,1,2.0,2.0,2.0,,961.53,1.0,,,,,13799.8995,3413.1961,5,3,0.0,,0,0,19184,1,,,,,,3.0,3420.8922,7860.0,1820.0,-1,,,,,,,391102.0,2011,622,619,1,1,0,0,1,18.0,5.0,40.0,2011,1.0,1,8,2,8900,89001,1,33,17,28100,91,,1.0,,2,1,31,2.0,2,44,1,,1,1,1,2,57,57,57,1,0,0,1.0,1.0,,40.0,,40.0,,,,,,2.0,3.0,0.0,1,2.0,2.0,2.0,,653.0,1.0,,,,,11806.8683,2984.0984,5,3,1.0,,0,0,55639,1,,,,,,3.0,2959.1149,7860.0,,-1,,,,,,,389286.0,2012,634,619,1,1,0,0,1,18.0,,1.0,1820.0,5.0,40.0,2012,MIS4_to_MIS8,illinois,1,2011-2012,1,0,0,0,retention
559199899700807,11,1.0,6,4,2,8900,89001,1,1,33,17,28100,91,,1.0,,2,2,47,,1,43,1,,1,0,0,6,2,57,57,154,1,0,0,1.0,4.0,,,,,,,,117.0,5.0,11.0,3.0,0.0,2,,,,,,,,,,,13771.6504,3454.1448,0,0,,,0,0,19182,1,,,,1.0,1.0,,3325.2607,9470.0,3850.0,-1,,,,,,,391142.0,2011,622,619,0,0,0,0,0,18.0,12.0,51.0,2011,1.0,6,8,2,8900,89001,1,33,17,28100,91,,1.0,,2,2,48,,1,44,1,,0,0,6,2,57,57,154,1,0,0,1.0,7.0,,,,,,8.0,,,,1.0,,,2,,,,,,,,,,,14152.2636,3315.3948,0,0,,,0,0,4896,1,,,,,,2.0,3359.6301,,,-1,,,,,,,389336.0,2012,634,619,0,0,0,0,0,18.0,,1.0,,,,2012,MIS4_to_MIS8,illinois,1,2011-2012,0,1,0,0,retention
905907981890597,11,1.0,1,4,2,8900,89001,1,1,33,17,28100,91,,1.0,,2,1,65,2.0,1,39,1,,1,1,1,1,2,57,57,57,1,0,0,1.0,2.0,10.0,-4.0,,,,,,,,5.0,3.0,0.0,1,2.0,,1.0,1325.0,198.75,2.0,2.0,,,,13306.4291,3211.9937,0,0,0.0,0.0,0,0,53583,1,1.0,,,,,,3193.2132,770.0,6730.0,-1,,,,,,,391193.0,2011,622,619,0,0,0,0,0,12.0,19.0,4.0,2011,1.0,1,8,2,8900,89001,1,33,17,28100,91,,1.0,,2,1,66,2.0,1,39,1,,1,1,1,2,57,57,57,1,0,0,1.0,1.0,,20.0,,25.0,,,21.0,,,7.0,4.0,0.0,1,2.0,,1.0,1100.0,220.0,2.0,2.0,,,,12743.7024,3205.7889,0,0,1.0,1.0,0,41,22831,1,1.0,,,,,,3146.075,7770.0,,-1,,,,,,,389382.0,2012,634,619,0,0,0,0,0,12.0,,1.0,4250.0,14.0,38.0,2012,MIS4_to_MIS8,illinois,1,2011-2012,0,1,0,1,retention
937027957159360,11,2.0,1,4,2,8900,89001,1,1,33,17,16580,0,,1.0,,2,1,29,2.0,1,44,2,,1,1,1,1,2,57,341,333,1,0,0,2.0,1.0,,20.0,,20.0,,,20.0,,,7.0,2.0,0.0,1,2.0,2.0,2.0,,384.0,2.0,2.0,,,,19250.6627,4781.8254,0,0,1.0,,0,0,42068,1,,,,,,2.0,4770.2273,7870.0,2200.0,-1,,,,,,,391197.0,2011,622,619,0,0,0,0,0,18.0,8.0,40.0,2011,2.0,1,8,2,8900,89001,1,33,17,16580,0,,1.0,,2,1,30,2.0,1,44,2,,1,1,1,2,57,341,333,1,0,0,2.0,1.0,,40.0,,40.0,,,,,,2.0,2.0,0.0,1,2.0,,1.0,1100.0,440.0,2.0,2.0,,,,12566.6848,3097.1701,0,0,1.0,1.0,0,0,64046,1,,,,,,2.0,3063.084,7870.0,,-1,,,,,,,389392.0,2012,634,619,0,0,0,0,0,18.0,,2.0,2200.0,8.0,40.0,2012,MIS4_to_MIS8,illinois,1,2011-2012,1,0,0,0,retention
937027957159360,11,2.0,1,4,2,8900,89001,1,1,33,17,16580,0,,1.0,,2,3,28,1.0,2,43,2,,2,1,2,1,2,57,57,57,1,0,0,1.0,1.0,,4.0,,2.0,,,15.0,,,6.0,2.0,0.0,1,2.0,,1.0,1700.0,51.0,2.0,2.0,,,,12627.0113,3185.7587,0,0,0.0,0.0,0,0,42068,2,,,,2.0,,,3309.5957,7870.0,2000.0,-1,,,,,,,391198.0,2011,622,619,0,0,0,0,0,16.0,6.0,40.0,2011,2.0,1,8,2,8900,89001,1,33,17,16580,0,,1.0,,2,3,28,1.0,2,43,2,,1,2,1,2,57,57,57,1,0,0,1.0,1.0,,40.0,,40.0,,,,,,2.0,3.0,0.0,1,2.0,,1.0,1600.0,640.0,2.0,2.0,,,,15838.0725,3993.4591,0,0,1.0,1.0,0,0,64046,2,,,,2.0,,,4116.2249,7860.0,,-1,,,,,,,389393.0,2012,634,619,0,0,0,0,0,16.0,,2.0,2540.0,8.0,40.0,2012,MIS4_to_MIS8,illinois,1,2011-2012,1,0,0,0,retention
967579350329107,11,1.0,7,4,2,8900,89001,1,1,33,17,16580,0,,1.0,,2,2,27,,2,44,4,,1,0,0,7,2,207,207,207,5,0,20,1.0,1.0,,20.0,,20.0,,,20.0,,,7.0,2.0,0.0,1,2.0,2.0,2.0,,461.53,2.0,2.0,,,,12777.5179,3039.3582,0,0,0.0,,0,0,7124,1,,,,,,2.0,3167.4514,7870.0,2200.0,-1,,,,,,,391219.0,2011,622,619,0,0,0,0,0,18.0,8.0,40.0,2011,1.0,7,8,2,8900,89001,1,33,17,16580,0,,1.0,,2,2,27,,2,44,4,,0,0,7,2,207,207,207,5,0,20,1.0,1.0,,20.0,,20.0,,,20.0,,,7.0,2.0,0.0,1,2.0,2.0,2.0,,507.69,2.0,2.0,,,,14278.9524,3421.6159,0,0,0.0,,0,0,44884,1,,,,,,2.0,3578.6848,7870.0,,-1,,,,,,,389418.0,2012,634,619,0,0,0,0,0,18.0,,4.0,2200.0,8.0,40.0,2012,MIS4_to_MIS8,illinois,1,2011-2012,1,0,0,0,retention
199945602023838,11,2.0,1,4,2,8900,89001,1,1,32,18,26900,0,1.0,1.0,,5,1,56,2.0,1,39,2,,1,1,1,1,2,57,57,57,1,0,0,2.0,1.0,,40.0,,40.0,,,,,,2.0,3.0,0.0,1,2.0,,1.0,1200.0,480.0,2.0,2.0,,,,9620.6592,2629.2121,0,0,0.0,0.0,0,0,53679,1,1.0,,,,,,2616.9002,7860.0,4220.0,-1,,,,,,,391264.0,2011,622,619,0,0,0,0,0,12.0,14.0,40.0,2011,2.0,1,8,2,8900,89001,1,32,18,26900,0,1.0,1.0,,5,1,57,2.0,1,39,2,,1,1,1,2,57,57,57,1,0,0,2.0,1.0,,40.0,,50.0,,,,,,2.0,3.0,0.0,1,1.0,,1.0,1100.0,440.0,2.0,2.0,,,,12386.5903,3220.9668,0,0,0.0,0.0,0,0,35390,1,1.0,,,,,,3141.4565,7860.0,,-1,,,,,,,389469.0,2012,634,619,0,0,0,0,0,12.0,,2.0,4220.0,14.0,40.0,2012,MIS4_to_MIS8,indiana,0,2011-2012,1,0,0,0,retention
199945602023838,11,2.0,1,4,2,8900,89001,1,1,32,18,26900,0,1.0,1.0,,5,3,54,1.0,2,39,2,,2,1,2,1,2,57,57,57,1,0,0,1.0,1.0,,40.0,,40.0,,,,,,2.0,3.0,0.0,1,2.0,,1.0,1340.0,536.0,2.0,2.0,,,,17944.5301,4364.8466,0,0,0.0,0.0,0,0,53679,2,1.0,,,,,,4307.7818,7860.0,4220.0,-1,,,,,,,391265.0,2011,622,619,0,0,0,0,0,12.0,14.0,40.0,2011,2.0,1,8,2,8900,89001,1,32,18,26900,0,1.0,1.0,,5,3,55,1.0,2,39,2,,1,2,1,2,57,57,57,1,0,0,1.0,1.0,,40.0,,50.0,,,,,,2.0,3.0,0.0,1,1.0,,1.0,1100.0,440.0,2.0,2.0,,,,18869.8449,4617.5363,0,0,0.0,0.0,0,0,35390,2,1.0,,,,,,4483.7619,7860.0,,-1,,,,,,,389470.0,2012,634,619,0,0,0,0,0,12.0,,2.0,4220.0,14.0,40.0,2012,MIS4_to_MIS8,indiana,0,2011-2012,1,0,0,0,retention
199945602023838,11,2.0,1,4,2,8900,89001,1,1,32,18,26900,0,1.0,1.0,,5,4,27,,1,40,2,,4,1,3,7,2,57,57,57,1,0,0,2.0,1.0,,40.0,,40.0,,,,,,2.0,3.0,0.0,1,2.0,,1.0,1000.0,400.0,1.0,,,,,18636.5709,4690.4037,0,0,1.0,1.0,0,42,53679,4,,,3.0,,,,4618.0582,6290.0,3945.0,-1,,,,,2.0,1.0,391267.0,2011,622,619,0,0,0,0,0,14.0,12.0,23.0,2011,2.0,1,8,2,8900,89001,1,32,18,26900,0,1.0,1.0,,5,4,28,,1,40,2,,1,3,7,2,57,57,57,1,0,0,2.0,1.0,,40.0,,40.0,,,,,,2.0,1.0,0.0,1,2.0,,1.0,1400.0,560.0,2.0,2.0,,,,17103.4263,4324.0353,0,0,0.0,0.0,0,0,35390,4,,,2.0,,,,4168.8983,7680.0,,-1,,,,,2.0,1.0,389472.0,2012,634,619,0,0,0,0,0,13.0,,2.0,3930.0,12.0,38.0,2012,MIS4_to_MIS8,indiana,0,2011-2012,0,1,1,0,retention
305907751898858,11,2.0,7,4,2,8900,89001,1,1,32,18,43780,141,1.0,1.0,,3,16,23,,1,40,1,,2,0,0,7,2,57,57,57,1,0,0,2.0,1.0,,40.0,,40.0,,,,,,2.0,3.0,0.0,1,2.0,1.0,1.0,750.0,450.0,2.0,2.0,2.0,,,12462.3144,3125.2057,0,0,0.0,1.0,0,0,42423,2,,,4.0,,,,3132.2311,7860.0,40.0,-1,,,,,,,391276.0,2011,622,619,0,0,0,0,0,15.0,1.0,40.0,2011,1.0,7,8,2,8900,89001,1,32,18,43780,141,1.0,1.0,,3,16,24,,1,40,1,,0,0,7,2,57,57,57,1,0,0,2.0,1.0,,40.0,,40.0,,,,,,2.0,3.0,0.0,1,2.0,,1.0,1000.0,400.0,2.0,2.0,2.0,,,10970.1958,2735.6688,0,0,0.0,0.0,0,0,45256,2,,,4.0,,,,2731.364,6770.0,,-1,,,,,,,389481.0,2012,634,619,0,0,0,0,0,15.0,,1.0,5320.0,17.0,31.0,2012,MIS4_to_MIS8,indiana,0,2011-2012,1,0,0,0,retention
909018963159490,11,3.0,1,4,2,8900,89001,1,1,32,18,23060,0,1.0,1.0,,3,1,53,2.0,2,39,1,2.0,1,1,1,1,2,57,73,73,1,0,0,1.0,1.0,,40.0,,40.0,,,,,,2.0,3.0,0.0,1,2.0,2.0,2.0,,615.38,1.0,,,,,10546.0655,2737.3261,0,0,0.0,,0,0,7353,1,1.0,,,,,,2632.0695,7860.0,2540.0,-1,,,,,,,391324.0,2011,622,619,0,0,0,0,0,12.0,8.0,40.0,2011,1.0,1,8,2,8900,89001,1,32,18,23060,0,1.0,1.0,,3,1,54,2.0,2,42,1,2.0,1,1,1,2,57,73,73,1,0,0,1.0,1.0,,30.0,,30.0,,,22.0,,,7.0,3.0,0.0,1,2.0,1.0,1.0,1880.0,564.1,2.0,2.0,,,,9775.2277,2511.6083,0,0,0.0,0.0,0,0,45145,1,,,2.0,,,,2489.0675,7860.0,,-1,,,,,,,389534.0,2012,634,619,0,0,0,0,0,13.0,,1.0,2540.0,8.0,40.0,2012,MIS4_to_MIS8,indiana,0,2011-2012,1,0,0,0,retention
109035909099811,11,1.0,6,4,2,8900,89001,1,1,32,18,16980,89,2.0,1.0,,7,2,62,,1,45,1,,1,0,0,5,2,57,57,57,1,0,0,1.0,1.0,,40.0,,48.0,,,,,,2.0,2.0,0.0,1,2.0,2.0,2.0,,2423.07,2.0,2.0,,,,12121.5658,3084.3484,0,0,0.0,,0,0,49872,1,,,,,,,3059.9853,9470.0,2100.0,-1,,,,,,,391404.0,2011,622,619,0,0,0,0,0,18.0,7.0,51.0,2011,1.0,6,8,2,8900,89001,1,32,18,16980,89,2.0,1.0,,7,2,63,,1,45,1,,0,0,5,2,57,57,57,1,0,0,1.0,1.0,,50.0,4.0,2.0,,,4.0,,,4.0,2.0,0.0,1,2.0,2.0,2.0,,2461.53,2.0,2.0,,,,10261.333,2535.7163,0,0,0.0,,0,0,35356,1,,,,,,,2503.5409,9470.0,,-1,,,,,,,389614.0,2012,634,619,0,0,0,0,0,18.0,,1.0,2100.0,7.0,51.0,2012,MIS4_to_MIS8,indiana,0,2011-2012,1,0,0,0,retention
656098986159830,11,1.0,1,4,2,8900,89001,1,1,32,18,0,0,3.0,2.0,,0,3,42,1.0,1,43,1,,2,1,2,1,2,57,57,57,1,0,0,2.0,1.0,,40.0,8.0,32.0,,,8.0,,,4.0,3.0,0.0,1,2.0,2.0,2.0,,800.0,1.0,,,,,10612.6514,2708.4678,7,3,0.0,,0,0,29416,2,,,,1.0,1.0,,2688.427,7860.0,2320.0,-1,,,,,,,391669.0,2011,622,619,1,0,0,1,1,18.0,8.0,40.0,2011,1.0,1,8,2,8900,89001,1,32,18,0,0,3.0,2.0,,0,3,43,1.0,1,43,1,,1,2,1,2,57,57,57,1,0,0,2.0,1.0,,40.0,,40.0,,,,,,2.0,4.0,0.0,1,2.0,2.0,2.0,,865.38,2.0,1.0,,,,10322.1554,2557.9886,7,3,0.0,,0,0,52304,2,,,,1.0,1.0,,2531.3571,7860.0,,-1,,,,,,,389875.0,2012,634,619,1,0,0,1,1,18.0,,1.0,2320.0,8.0,40.0,2012,MIS4_to_MIS8,indiana,0,2011-2012,0,1,0,1,retention
899440792870951,11,3.0,3,4,2,8900,89001,1,1,32,18,0,0,3.0,2.0,,0,4,24,2.0,2,40,1,,3,2,1,1,2,57,57,57,1,0,0,2.0,1.0,,40.0,,40.0,,,,,,2.0,2.0,0.0,1,2.0,,1.0,1000.0,400.0,2.0,2.0,2.0,,,11570.9847,2934.287,1,1,0.0,0.0,0,0,58052,3,,,2.0,,,,2882.6195,8190.0,3600.0,-1,,,,,,1.0,391688.0,2011,622,619,1,0,0,0,1,13.0,11.0,41.0,2011,2.0,3,8,2,8900,89001,1,32,18,0,0,3.0,2.0,,0,4,24,2.0,2,40,1,,2,1,1,2,57,57,57,1,0,0,2.0,1.0,,40.0,,40.0,,,,,,2.0,5.0,0.0,1,2.0,,1.0,1500.0,600.0,2.0,2.0,2.0,,,12185.9536,3096.6699,1,1,0.0,0.0,0,0,23110,3,,,3.0,,,,3044.3018,8190.0,,-1,,,,,,1.0,389892.0,2012,634,619,1,0,0,0,1,14.0,,1.0,3600.0,11.0,41.0,2012,MIS4_to_MIS8,indiana,0,2011-2012,0,1,0,1,retention
908039650989107,11,1.0,1,4,2,8900,89002,2,2,32,18,0,0,3.0,2.0,,0,1,41,2.0,1,39,1,,1,1,1,1,2,57,57,57,1,0,0,1.0,1.0,,40.0,6.0,32.0,,,6.0,,,4.0,3.0,0.0,1,1.0,,1.0,1939.0,931.6,2.0,2.0,,,,10612.6514,2708.4678,3,1,1.0,1.0,0,0,53689,1,1.0,,,,,,2688.427,680.0,8965.0,-1,,,,,,,391718.0,2011,622,619,0,0,1,0,0,12.0,21.0,24.0,2011,1.0,1,8,2,8900,89002,2,32,18,0,0,3.0,2.0,,0,1,42,2.0,1,39,1,,1,1,1,2,57,57,57,1,0,0,1.0,1.0,,40.0,,40.0,,,,,,2.0,3.0,0.0,1,2.0,1.0,1.0,1400.0,557.69,2.0,2.0,,,,10322.1554,2557.9886,3,1,0.0,0.0,0,0,23215,1,1.0,,,,,,2531.3571,770.0,,-1,,,,,,,389920.0,2012,634,619,0,0,1,0,0,12.0,,1.0,6440.0,19.0,4.0,2012,MIS4_to_MIS8,indiana,0,2011-2012,1,0,0,0,retention
9931580998994,11,1.0,6,4,2,8900,89001,1,1,32,18,0,0,,1.0,,0,2,50,,1,46,1,,1,0,0,7,2,57,57,57,1,0,0,1.0,1.0,,42.0,,48.0,,,,,,2.0,3.0,0.0,1,2.0,2.0,2.0,,2115.0,1.0,,,,,12562.3937,3215.2813,0,0,1.0,,0,42,29417,1,,,,,,,3167.7156,9470.0,3400.0,-1,3.0,2.0,,,,,391768.0,2011,622,619,0,0,0,0,0,18.0,10.0,51.0,2011,1.0,6,8,2,8900,89001,1,32,18,0,0,,1.0,,0,2,51,,1,44,1,,0,0,7,2,57,57,57,1,0,0,1.0,1.0,,40.0,,46.0,,,,,,2.0,3.0,0.0,1,1.0,,1.0,1800.0,864.0,1.0,,,,,10302.4244,2654.8767,0,0,1.0,1.0,0,0,67395,1,,,,,,1.0,2619.2267,8180.0,,565,3.0,2.0,,,,,389967.0,2012,634,619,0,0,0,0,0,17.0,,1.0,3400.0,10.0,42.0,2012,MIS4_to_MIS8,indiana,0,2011-2012,1,0,0,0,retention
96051580997198,11,2.0,1,4,2,8900,89001,1,1,32,18,14020,0,,1.0,,2,1,27,2.0,1,43,1,,1,1,1,1,2,57,57,57,1,0,0,1.0,1.0,,40.0,,45.0,,,,,,2.0,3.0,0.0,1,1.0,2.0,2.0,,865.38,2.0,2.0,,,,12793.4531,3206.8512,0,0,0.0,,0,0,49899,1,,,,2.0,,,3171.2861,9470.0,3850.0,-1,,,,,,,391791.0,2011,622,619,0,0,0,0,0,16.0,12.0,51.0,2011,1.0,1,8,2,8900,89001,1,32,18,14020,0,,1.0,,2,1,28,2.0,1,43,1,,1,1,1,2,57,57,57,1,0,0,1.0,1.0,,40.0,,40.0,,,,,,2.0,3.0,0.0,1,2.0,2.0,2.0,,538.46,2.0,2.0,,,,10455.9043,2665.5575,0,0,0.0,,0,0,52381,1,,,,2.0,,,2656.2166,9470.0,,-1,,,,,,,389992.0,2012,634,619,0,0,0,0,0,16.0,,1.0,3710.0,12.0,51.0,2012,MIS4_to_MIS8,indiana,0,2011-2012,1,0,0,0,retention
918259850649100,11,2.0,4,4,2,8900,89001,1,1,32,18,33140,91,,1.0,,2,1,43,,2,40,1,,1,1,1,7,2,57,224,57,1,0,0,1.0,4.0,,,,,,,,12.0,3.0,11.0,3.0,0.0,2,,,,,,,,,,,9300.9614,2351.6407,0,0,,,0,0,19423,1,,,4.0,,,,2283.5249,9470.0,5600.0,-1,,,,,2.0,,391834.0,2011,622,619,0,0,0,0,0,15.0,17.0,51.0,2011,1.0,4,8,2,8900,89001,1,32,18,33140,91,,1.0,,2,1,44,,2,40,1,,1,1,7,2,57,224,57,1,0,0,1.0,1.0,,40.0,,40.0,,,,,,2.0,4.0,0.0,1,2.0,,1.0,1397.0,558.8,2.0,2.0,,,,10795.8899,2809.1186,0,0,0.0,0.0,0,0,9037,1,,,5.0,,,,2781.6501,8190.0,,-1,,,,,2.0,,390047.0,2012,634,619,0,0,0,0,0,16.0,,1.0,5700.0,17.0,41.0,2012,MIS4_to_MIS8,indiana,0,2011-2012,0,1,0,1,retention
965048920159810,11,1.0,3,4,2,8900,89001,1,1,32,18,33140,91,,1.0,,2,1,36,,1,39,1,,1,1,1,5,2,57,57,57,1,0,0,2.0,1.0,,40.0,,52.0,,,,,,2.0,3.0,0.0,1,1.0,,1.0,2000.0,1160.0,2.0,2.0,,,,11308.6091,2886.1592,8,2,1.0,1.0,0,42,32007,1,1.0,,,,,,2864.7289,9470.0,3850.0,-1,2.0,,,,,,391839.0,2011,622,619,0,1,1,0,1,12.0,12.0,51.0,2011,2.0,3,8,2,8900,89001,1,32,18,33140,91,,1.0,,2,1,37,,1,39,1,,1,1,5,2,57,57,57,1,0,0,2.0,1.0,,40.0,1.0,30.0,,,1.0,,,3.0,3.0,0.0,1,2.0,2.0,2.0,,923.07,2.0,2.0,,,,11521.894,2873.2723,8,2,0.0,,0,0,59603,1,1.0,,,,,,2825.5754,9470.0,,-1,2.0,,,,,,390051.0,2012,634,619,0,1,1,0,1,12.0,,1.0,3710.0,12.0,51.0,2012,MIS4_to_MIS8,indiana,0,2011-2012,1,0,0,0,retention
996018911159710,11,2.0,1,4,2,8900,89001,1,1,32,18,0,0,,1.0,,0,1,54,3.0,2,43,1,,1,1,1,1,2,57,57,57,1,0,0,2.0,1.0,,35.0,6.0,22.0,,,6.0,,,4.0,3.0,0.0,1,1.0,,1.0,1200.0,590.0,2.0,2.0,,,,11488.0974,2890.8128,0,0,1.0,0.0,0,0,15966,1,,,,2.0,,,2867.1802,9380.0,120.0,-1,,,,,,,391854.0,2011,622,619,0,0,0,0,0,16.0,1.0,51.0,2011,1.0,1,8,2,8900,89001,1,32,18,0,0,,1.0,,0,1,55,3.0,2,43,1,,1,1,1,2,57,57,57,1,0,0,1.0,1.0,,35.0,6.0,28.0,,,6.0,,,4.0,3.0,0.0,1,2.0,,1.0,1350.0,472.5,2.0,2.0,,,,11805.6575,2989.3898,0,0,0.0,0.0,0,0,19439,1,,,,2.0,,,2970.1351,9380.0,,-1,,,,,,,390063.0,2012,634,619,0,0,0,0,0,16.0,,1.0,940.0,2.0,51.0,2012,MIS4_to_MIS8,indiana,0,2011-2012,1,0,0,0,retention
280460090235859,11,2.0,1,4,2,8900,89001,1,1,21,36,35620,47,1.0,1.0,,7,1,52,2.0,1,45,1,,1,1,1,1,2,57,57,57,1,0,0,1.0,1.0,,50.0,6.0,30.0,,,6.0,,,4.0,2.0,0.0,1,2.0,2.0,2.0,,2403.84,2.0,1.0,,,,13338.982,3359.7546,3,2,0.0,,0,0,26066,1,,,,,,,3363.5391,7270.0,2100.0,-1,,,,,,,402516.0,2011,622,619,0,0,1,0,0,18.0,7.0,36.0,2011,1.0,1,8,2,8900,89001,1,21,36,35620,47,1.0,1.0,,7,1,53,2.0,1,46,1,,1,1,1,2,57,57,57,1,0,0,1.0,1.0,,60.0,,64.0,,,,,,2.0,2.0,0.0,1,2.0,2.0,2.0,,2500.0,1.0,,,,,13575.0171,3458.2338,10,2,0.0,,0,0,19859,1,,,,,,,3451.2311,7270.0,,-1,,,,,,,400591.0,2012,634,619,0,0,1,1,0,18.0,,1.0,2100.0,7.0,36.0,2012,MIS4_to_MIS8,new_york,0,2011-2012,1,0,0,0,retention
280460090235859,11,2.0,1,4,2,8900,89001,1,1,21,36,35620,47,1.0,1.0,,7,3,47,1.0,2,45,1,,2,1,2,1,2,57,57,57,1,0,0,2.0,1.0,,50.0,6.0,30.0,,,6.0,,,4.0,2.0,0.0,1,2.0,2.0,2.0,,2307.69,2.0,2.0,,,,12228.6031,3023.4691,3,2,0.0,,0,0,26066,2,,,,,,,3051.9944,9470.0,2100.0,-1,,,,,,,402517.0,2011,622,619,0,0,1,0,0,18.0,7.0,51.0,2011,1.0,1,8,2,8900,89001,1,21,36,35620,47,1.0,1.0,,7,3,47,1.0,2,46,1,,1,2,1,2,57,57,57,1,0,0,2.0,1.0,,40.0,1.0,32.0,,,1.0,,,3.0,2.0,0.0,1,2.0,2.0,2.0,,2307.69,2.0,2.0,,,,12223.645,3100.4271,10,2,0.0,,0,0,19859,2,,,,,,,3112.5083,9470.0,,-1,,,,,,,400592.0,2012,634,619,0,0,1,1,0,18.0,,1.0,2100.0,7.0,51.0,2012,MIS4_to_MIS8,new_york,0,2011-2012,1,0,0,0,retention
426809050589302,11,1.0,4,4,2,8900,89001,1,1,21,36,35620,47,1.0,1.0,,7,6,52,2.0,1,40,4,,3,2,2,1,2,248,248,248,4,0,10,2.0,1.0,,50.0,6.0,30.0,,,6.0,,,4.0,3.0,0.0,1,2.0,1.0,1.0,1657.0,729.0,2.0,2.0,,,,14322.903,3661.0132,10,4,1.0,1.0,22,0,4747,3,,,3.0,,,,3611.6432,7860.0,4220.0,-1,,,,,,,402651.0,2011,622,619,0,0,1,1,0,14.0,14.0,40.0,2011,1.0,4,8,2,8900,89001,1,21,36,35620,47,1.0,1.0,,7,6,53,2.0,1,34,4,,2,2,1,2,248,248,248,4,0,10,2.0,1.0,,40.0,6.0,30.0,,,6.0,,,4.0,3.0,0.0,1,2.0,,1.0,1572.0,628.8,1.0,,,,,12897.7147,3298.3621,3,3,1.0,1.0,0,42,1736,3,,,,,,,3279.0378,7860.0,,-1,,,,,,,400724.0,2012,634,619,0,0,1,0,0,7.5,,4.0,4220.0,14.0,40.0,2012,MIS4_to_MIS8,new_york,0,2011-2012,1,0,0,0,retention
451394799600899,11,1.0,7,4,2,8900,89001,1,1,21,36,35620,61,1.0,1.0,,7,2,45,,2,44,1,4.0,1,0,0,5,2,360,360,360,4,0,12,1.0,1.0,,45.0,,45.0,,,,,,2.0,3.0,0.0,1,2.0,2.0,2.0,,1400.0,2.0,1.0,,,,12094.6176,3084.5018,0,0,1.0,,0,0,46802,1,,,,,,2.0,3018.5546,7860.0,2310.0,-1,,,,,,,402662.0,2011,622,619,0,0,0,0,0,18.0,8.0,40.0,2011,1.0,7,8,2,8900,89001,1,21,36,35620,61,1.0,1.0,,7,2,47,,2,45,1,4.0,0,0,5,2,360,360,360,4,0,12,1.0,1.0,,50.0,,50.0,,,,,,2.0,3.0,0.0,1,2.0,2.0,2.0,,2884.61,2.0,2.0,,,,12266.0204,3108.49,0,0,1.0,,0,42,30093,1,,,,,,,3123.2984,7860.0,,-1,,,,,,,400734.0,2012,634,619,0,0,0,0,0,18.0,,1.0,2310.0,8.0,40.0,2012,MIS4_to_MIS8,new_york,0,2011-2012,1,0,0,0,retention
530609910487551,11,1.0,7,4,2,8900,89001,1,1,21,36,35620,61,1.0,1.0,,7,2,65,,2,45,1,,1,0,0,7,2,120,120,120,5,0,7,1.0,1.0,,20.0,,25.0,,,22.0,,,7.0,3.0,0.0,1,2.0,,1.0,6400.0,1280.0,1.0,,,,,12465.9643,2817.4931,0,0,0.0,0.0,0,0,12600,1,,,,,,,2770.4606,9480.0,3060.0,3540,,,,,,,402719.0,2011,622,619,0,0,0,0,0,18.0,10.0,51.0,2011,1.0,7,8,2,8900,89001,1,21,36,35620,61,1.0,1.0,,7,2,66,,2,45,1,,0,0,7,2,120,120,120,5,0,7,1.0,1.0,,20.0,,35.0,,,,,,2.0,3.0,0.0,1,2.0,1.0,1.0,2550.0,1730.0,1.0,,,,,11273.8129,3123.5937,0,0,1.0,1.0,0,0,30090,1,,,,,,,2990.4949,9480.0,,3060,,,,,,,400784.0,2012,634,619,0,0,0,0,0,18.0,,1.0,3060.0,10.0,51.0,2012,MIS4_to_MIS8,new_york,0,2011-2012,1,0,0,0,retention
679610904480953,11,1.0,4,4,2,8900,89001,1,1,21,36,35620,5,1.0,1.0,,7,1,53,,2,34,1,4.0,1,1,1,6,2,329,329,329,4,10,7,1.0,1.0,,35.0,,35.0,,,,,,2.0,3.0,0.0,1,2.0,,1.0,1200.0,420.0,1.0,,,,,10954.2883,2798.0698,0,0,0.0,0.0,0,0,25946,1,,,,,,,2733.9531,7860.0,4600.0,-1,,,,,,,402815.0,2011,622,619,0,0,0,0,0,7.5,15.0,40.0,2011,2.0,4,8,2,8900,89001,1,21,36,35620,5,1.0,1.0,,7,1,54,,2,34,1,4.0,1,1,6,2,329,329,329,4,10,7,2.0,1.0,,36.0,,36.0,,,,,,2.0,3.0,0.0,1,2.0,,1.0,1401.0,504.36,1.0,,,,,11172.1491,2837.7281,0,0,0.0,0.0,0,0,1678,1,,,,,,,2844.7658,7860.0,,-1,,,,,,,400870.0,2012,634,619,0,0,0,0,0,7.5,,1.0,4130.0,13.0,40.0,2012,MIS4_to_MIS8,new_york,0,2011-2012,1,0,0,0,retention
698310222750953,11,1.0,4,4,2,8900,89001,1,1,21,36,35620,47,1.0,1.0,,7,1,30,,2,40,2,,1,1,1,6,2,57,57,57,1,0,0,1.0,1.0,,40.0,,40.0,,,,,,2.0,3.0,0.0,1,2.0,,1.0,1100.0,440.0,2.0,2.0,,,,12309.7262,3131.7607,3,1,0.0,0.0,0,0,37804,1,,,1.0,,,,3226.4339,8370.0,5260.0,-1,,,,,,,402825.0,2011,622,619,0,0,1,0,0,12.0,17.0,43.0,2011,1.0,4,8,2,8900,89001,1,21,36,35620,47,1.0,1.0,,7,1,31,,2,40,2,,1,1,6,2,57,57,57,1,0,0,1.0,1.0,,40.0,,40.0,,,,,,2.0,3.0,0.0,1,2.0,1.0,1.0,1500.0,576.92,2.0,2.0,,,,10552.4434,2708.0649,3,1,0.0,0.0,0,0,41228,1,,,3.0,,,,2742.52,7070.0,,-1,,,,,,,400879.0,2012,634,619,0,0,1,0,0,14.0,,2.0,5860.0,17.0,34.0,2012,MIS4_to_MIS8,new_york,0,2011-2012,1,0,0,0,retention
699980226010953,11,1.0,7,4,2,8900,89001,1,1,21,36,10580,0,1.0,1.0,,4,2,57,,2,43,1,,1,0,0,5,2,57,57,57,1,0,0,1.0,1.0,,38.0,6.0,32.0,,,6.0,,,4.0,2.0,0.0,1,2.0,2.0,2.0,,1442.0,1.0,,,,,14122.4422,3304.1424,0,0,1.0,,0,0,46901,1,,,,1.0,1.0,,3322.117,9570.0,800.0,-1,,,,,,,402858.0,2011,622,619,0,0,0,0,0,18.0,2.0,51.0,2011,2.0,7,8,2,8900,89001,1,21,36,10580,0,1.0,1.0,,4,2,57,,2,43,1,,0,0,5,2,57,57,57,1,0,0,2.0,1.0,,38.0,,38.0,,,,,,2.0,2.0,0.0,1,2.0,,1.0,1350.0,513.0,1.0,,,,,12735.3173,3162.8361,0,0,1.0,1.0,0,42,49682,1,,,,1.0,1.0,,3204.0243,9570.0,,-1,,,,,,,400911.0,2012,634,619,0,0,0,0,0,18.0,,1.0,800.0,2.0,51.0,2012,MIS4_to_MIS8,new_york,0,2011-2012,1,0,0,0,retention
705902623897216,11,1.0,7,4,2,8900,89001,1,1,21,36,35620,5,1.0,1.0,,7,2,53,,2,44,6,,1,0,0,5,2,57,57,57,1,0,0,1.0,2.0,5.0,40.0,,,,,,,,5.0,2.0,0.0,1,1.0,1.0,1.0,3400.0,1346.15,1.0,,,,,12085.6063,3001.0961,0,0,0.0,1.0,0,0,37742,1,,,,,,1.0,3016.3055,8190.0,3210.0,-1,,,,,,,402863.0,2011,622,619,0,0,0,0,0,17.0,10.0,41.0,2011,1.0,7,8,2,8900,89001,1,21,36,35620,5,1.0,1.0,,7,2,54,,2,44,6,,0,0,5,2,57,57,57,1,0,0,1.0,6.0,,,,,,,,,,1.0,,,2,,,,,,,,,,,16301.6856,3900.3957,0,0,,,0,0,5707,1,,,,,,1.0,3971.1847,,,-1,,,,,,,400915.0,2012,634,619,0,0,0,0,0,17.0,,6.0,,,,2012,MIS4_to_MIS8,new_york,0,2011-2012,0,1,0,0,retention
751394829600335,11,2.0,4,4,2,8900,89001,1,1,21,36,35620,47,1.0,1.0,,7,1,42,,2,43,2,,1,1,1,7,2,57,57,57,1,0,0,2.0,1.0,,40.0,,40.0,,,,,,2.0,3.0,0.0,1,2.0,2.0,2.0,,1250.0,1.0,,,,,12194.7269,3277.1672,0,0,0.0,,0,42,29600,1,,,,2.0,,,3201.5485,9470.0,3800.0,-1,,,,,2.0,,402897.0,2011,622,619,0,0,0,0,0,16.0,12.0,51.0,2011,2.0,4,8,2,8900,89001,1,21,36,35620,47,1.0,1.0,,7,1,43,,2,43,2,,1,1,7,2,57,57,57,1,0,0,2.0,1.0,,40.0,,48.0,,,,,,2.0,3.0,0.0,1,1.0,1.0,1.0,1000.0,400.0,1.0,,,,,14786.4916,3478.9465,0,0,1.0,1.0,0,0,43596,1,,,,2.0,,,3493.8478,9470.0,,-1,,,,,2.0,,400949.0,2012,634,619,0,0,0,0,0,16.0,,2.0,3800.0,12.0,51.0,2012,MIS4_to_MIS8,new_york,0,2011-2012,1,0,0,0,retention
751394829600335,11,2.0,4,4,2,8900,89001,1,1,21,36,35620,47,1.0,1.0,,7,6,66,,2,43,2,,2,1,4,4,2,57,57,57,1,0,0,1.0,1.0,,38.0,6.0,30.0,,,6.0,,,4.0,2.0,0.0,1,2.0,2.0,2.0,,1288.46,1.0,,,,,13206.9089,2863.4859,0,0,0.0,,0,42,29600,2,,,,2.0,,,2871.7158,6990.0,540.0,-1,,,,,,,402898.0,2011,622,619,0,0,0,0,0,16.0,2.0,33.0,2011,2.0,4,8,2,8900,89001,1,21,36,35620,47,1.0,1.0,,7,6,68,,2,43,2,,1,4,4,2,57,57,57,1,0,0,1.0,5.0,,,,,,,,,,1.0,2.0,0.0,2,,,,,,,,,,,13521.7775,3429.6779,0,0,,,0,0,43596,2,,,,1.0,2.0,,3503.3325,6990.0,,-1,,,,,,,400950.0,2012,634,619,0,0,0,0,0,17.0,,2.0,540.0,2.0,33.0,2012,MIS4_to_MIS8,new_york,0,2011-2012,1,0,0,0,retention
751394829600335,11,2.0,4,4,2,8900,89001,1,1,21,36,35620,47,1.0,1.0,,7,7,45,,1,42,2,,4,1,4,5,2,57,57,57,1,0,0,2.0,2.0,4.0,40.0,,,,,,,,5.0,3.0,0.0,1,2.0,2.0,2.0,,673.07,1.0,,,,,13758.7308,3716.8305,0,0,0.0,,0,42,29600,4,,,3.0,,,,3759.2048,7790.0,9720.0,-1,,,,,2.0,,402899.0,2011,622,619,0,0,0,0,0,14.0,22.0,39.0,2011,2.0,4,8,2,8900,89001,1,21,36,35620,47,1.0,1.0,,7,7,46,,1,42,2,,1,4,5,2,57,57,57,1,0,0,2.0,1.0,,40.0,,50.0,,,,,,2.0,3.0,0.0,1,1.0,2.0,2.0,,961.0,1.0,,,,,21759.4679,5883.6524,0,0,1.0,,0,42,43596,4,,,3.0,,,,5804.7399,7790.0,,-1,,,,,2.0,,400951.0,2012,634,619,0,0,0,0,0,14.0,,2.0,9610.0,22.0,39.0,2012,MIS4_to_MIS8,new_york,0,2011-2012,1,0,0,0,retention
926199850609302,11,1.0,1,4,2,8900,89001,1,1,21,36,10580,0,1.0,1.0,,4,3,61,1.0,2,44,2,,2,1,2,1,2,57,57,57,1,0,0,2.0,1.0,,38.0,6.0,30.0,,,6.0,,,4.0,2.0,0.0,1,2.0,2.0,2.0,,326.0,1.0,,,,,10078.5923,2776.8632,0,0,1.0,,0,42,12767,2,,,,,,2.0,2784.5761,9590.0,1006.0,-1,,,,,,,402980.0,2011,622,619,0,0,0,0,0,18.0,3.0,51.0,2011,2.0,1,8,2,8900,89001,1,21,36,10580,0,1.0,1.0,,4,3,62,1.0,2,39,2,,1,2,1,2,57,57,57,1,0,0,1.0,1.0,,38.0,,38.0,,,,,,2.0,2.0,0.0,1,2.0,2.0,2.0,,1000.0,1.0,,,,,16151.9164,3714.0605,0,0,1.0,,0,42,1961,2,1.0,,,,,,3677.1103,9590.0,,-1,,,,,,,401040.0,2012,634,619,0,0,0,0,0,12.0,,2.0,1006.0,3.0,51.0,2012,MIS4_to_MIS8,new_york,0,2011-2012,1,0,0,0,retention
5903003896646,11,1.0,1,4,2,8900,89001,1,1,21,36,35620,59,2.0,1.0,,7,1,57,2.0,1,39,1,,1,1,1,1,2,57,57,57,1,0,0,1.0,1.0,,40.0,,60.0,,,,,,2.0,3.0,0.0,1,2.0,,1.0,6000.0,2400.0,2.0,2.0,,,,12413.2389,3210.8303,0,0,1.0,1.0,0,42,69182,1,1.0,,,,,,3225.9608,9390.0,6200.0,4220,,,,,,,403071.0,2011,622,619,0,0,0,0,0,12.0,19.0,51.0,2011,1.0,1,8,2,8900,89001,1,21,36,35620,59,2.0,1.0,,7,1,58,2.0,1,42,1,,1,1,1,2,57,57,57,1,0,0,1.0,1.0,,40.0,,99.0,,,,,,2.0,3.0,0.0,1,2.0,,1.0,5500.0,2200.0,2.0,2.0,,,,12989.2244,3301.3581,0,0,1.0,1.0,0,42,69463,1,,,3.0,,,,3298.9177,9390.0,,-1,,,,,,,401129.0,2012,634,619,0,0,0,0,0,14.0,,1.0,6200.0,19.0,51.0,2012,MIS4_to_MIS8,new_york,0,2011-2012,1,0,0,0,retention
38953560998891,11,1.0,1,4,2,8900,89001,1,1,21,36,35620,103,2.0,1.0,,7,1,30,2.0,2,44,1,,1,1,1,1,2,57,57,57,1,0,0,1.0,1.0,,35.0,6.0,28.0,,,6.0,,,4.0,3.0,0.0,1,2.0,,1.0,1750.0,612.5,1.0,,,,,13125.189,3237.1824,0,0,1.0,1.0,0,42,26356,1,,,,,,2.0,3253.6365,7860.0,2330.0,-1,,,,,3.0,,403104.0,2011,622,619,0,0,0,0,0,18.0,8.0,40.0,2011,1.0,1,8,2,8900,89001,1,21,36,35620,103,2.0,1.0,,7,1,31,2.0,2,44,1,,1,1,1,2,57,57,57,1,0,0,1.0,2.0,8.0,35.0,,,,,,,,5.0,4.0,0.0,1,2.0,2.0,2.0,,2000.0,2.0,1.0,,,,12414.7919,3117.5979,1,2,0.0,,0,0,41439,1,,,,,,2.0,3111.4767,7860.0,,-1,,,,,3.0,,401158.0,2012,634,619,1,0,0,0,1,18.0,,1.0,2330.0,8.0,40.0,2012,MIS4_to_MIS8,new_york,0,2011-2012,0,1,0,1,retention
38953560998891,11,1.0,1,4,2,8900,89001,1,1,21,36,35620,103,2.0,1.0,,7,3,30,1.0,1,44,1,,2,1,2,1,2,57,57,57,1,0,0,2.0,1.0,,35.0,6.0,28.0,,,6.0,,,4.0,3.0,0.0,1,2.0,,1.0,2350.0,822.5,1.0,,,,,13217.2112,3239.6911,0,0,1.0,1.0,0,42,26356,2,,,,,,2.0,3276.3287,7860.0,2330.0,-1,,,,,,,403105.0,2011,622,619,0,0,0,0,0,18.0,8.0,40.0,2011,1.0,1,8,2,8900,89001,1,21,36,35620,103,2.0,1.0,,7,3,31,1.0,1,44,1,,1,2,1,2,57,57,57,1,0,0,2.0,1.0,,35.0,,35.0,,,,,,2.0,3.0,0.0,1,2.0,2.0,2.0,,1900.0,2.0,1.0,,,,12582.5894,3194.3237,1,2,0.0,,0,0,41439,2,,,,,,2.0,3196.4794,7860.0,,-1,,,,,,,401159.0,2012,634,619,1,0,0,0,1,18.0,,1.0,2310.0,8.0,40.0,2012,MIS4_to_MIS8,new_york,0,2011-2012,1,0,0,0,retention
51773560944192,11,1.0,1,4,2,8900,89001,1,1,21,36,35620,103,2.0,1.0,,7,1,38,2.0,2,44,1,,1,1,1,1,2,57,57,57,1,0,0,1.0,1.0,,40.0,,40.0,,,,,,2.0,3.0,0.0,1,2.0,2.0,2.0,,865.0,1.0,,,,,11772.6036,2917.0418,8,2,1.0,,0,0,26354,1,,,,,,2.0,2957.812,7860.0,2320.0,-1,,,,,,,403115.0,2011,622,619,0,1,1,0,1,18.0,8.0,40.0,2011,1.0,1,8,2,8900,89001,1,21,36,35620,103,2.0,1.0,,7,1,38,2.0,2,44,1,,1,1,1,2,57,57,57,1,0,0,1.0,1.0,,40.0,,40.0,,,,,,2.0,3.0,0.0,1,2.0,2.0,2.0,,923.0,1.0,,,,,12110.1211,3100.4084,8,2,1.0,,0,0,60514,1,,,,,,2.0,3120.2726,7860.0,,-1,,,,,,,401172.0,2012,634,619,0,1,1,0,1,18.0,,1.0,2320.0,8.0,40.0,2012,MIS4_to_MIS8,new_york,0,2011-2012,1,0,0,0,retention
60765094035839,11,1.0,1,4,2,8900,89001,1,1,21,36,35620,103,2.0,1.0,,7,3,61,1.0,2,43,1,,2,1,2,1,2,57,57,57,1,0,0,2.0,1.0,,40.0,,40.0,,,,,,2.0,3.0,0.0,1,2.0,2.0,2.0,,875.0,1.0,,,,,12160.4719,3224.5083,0,0,1.0,,0,0,16369,2,,,,2.0,,,3277.6324,9370.0,5860.0,-1,,,,,,,403122.0,2011,622,619,0,0,0,0,0,16.0,17.0,51.0,2011,1.0,1,8,2,8900,89001,1,21,36,35620,103,2.0,1.0,,7,3,62,1.0,2,43,1,,1,2,1,2,57,57,57,1,0,0,2.0,5.0,,,,,,,,,,1.0,3.0,0.0,2,,,,,,,,,,,11509.0684,2805.4316,0,0,,,0,0,15507,2,,,,2.0,,,2820.3462,9490.0,,-1,,,,,,,401182.0,2012,634,619,0,0,0,0,0,16.0,,1.0,430.0,1.0,51.0,2012,MIS4_to_MIS8,new_york,0,2011-2012,1,0,0,0,retention
76953560995498,11,1.0,1,4,2,8900,89001,1,1,21,36,10580,0,2.0,1.0,,4,1,31,2.0,2,46,4,,1,1,1,1,2,207,207,207,5,0,21,1.0,1.0,,38.0,6.0,31.0,,,6.0,,,4.0,2.0,0.0,1,2.0,2.0,2.0,,711.53,1.0,,,,,14544.5726,3449.9487,1,1,0.0,,0,0,54752,1,,,,,,,3605.4911,9370.0,1760.0,-1,,,,,4.0,,403145.0,2011,622,619,1,0,0,0,1,18.0,5.0,51.0,2011,1.0,1,8,2,8900,89001,1,21,36,10580,0,2.0,1.0,,4,1,32,2.0,2,46,4,,1,1,1,2,207,207,207,5,0,22,1.0,1.0,,38.0,,38.0,,,,,,2.0,2.0,0.0,1,2.0,2.0,2.0,,740.38,2.0,1.0,,,,12804.8649,3048.6822,1,2,0.0,,0,0,49673,1,,,,,,,3209.2393,9480.0,,-1,,,,,,,401204.0,2012,634,619,1,0,0,0,1,18.0,,4.0,1650.0,5.0,51.0,2012,MIS4_to_MIS8,new_york,0,2011-2012,1,0,0,0,retention
76953560995498,11,1.0,1,4,2,8900,89001,1,1,21,36,10580,0,2.0,1.0,,4,3,32,1.0,1,46,4,,2,1,2,1,2,207,207,207,5,0,21,2.0,1.0,,33.0,,25.0,,,22.0,,,7.0,2.0,0.0,1,2.0,2.0,2.0,,1307.69,1.0,,,,,10558.2872,2568.7334,1,1,0.0,,0,0,54752,2,,,,,,,2617.2253,9370.0,1760.0,-1,,,,,,,403146.0,2011,622,619,1,0,0,0,1,18.0,5.0,51.0,2011,1.0,1,8,2,8900,89001,1,21,36,10580,0,2.0,1.0,,4,3,33,1.0,1,46,4,,1,2,1,2,207,207,207,5,0,21,2.0,1.0,,38.0,,38.0,,,,,,2.0,5.0,0.0,1,2.0,2.0,2.0,,1307.69,2.0,1.0,,,,10472.8145,2620.7286,1,2,0.0,,0,0,49673,2,,,,,,,2660.5124,8370.0,,-1,,,,,,,401205.0,2012,634,619,1,0,0,0,1,18.0,,4.0,1760.0,5.0,43.0,2012,MIS4_to_MIS8,new_york,0,2011-2012,0,1,0,1,retention
163129065906593,11,3.0,1,4,2,8900,89001,1,1,21,36,35620,59,2.0,1.0,,7,4,20,,1,39,1,,3,1,3,7,2,57,57,57,1,0,0,2.0,1.0,,40.0,6.0,32.0,,,6.0,,,4.0,3.0,0.0,1,2.0,1.0,1.0,1200.0,99.0,2.0,2.0,2.0,,,13805.3322,3407.2725,0,0,1.0,1.0,0,0,26141,3,1.0,,,,,,3469.7801,9370.0,4220.0,-1,,,,,1.0,2.0,403226.0,2011,622,619,0,0,0,0,0,12.0,14.0,51.0,2011,1.0,1,8,2,8900,89001,1,21,36,35620,59,2.0,1.0,,7,4,21,,1,39,1,,1,3,7,2,57,57,57,1,0,0,2.0,1.0,,40.0,,40.0,,,,,,2.0,3.0,0.0,1,2.0,,1.0,800.0,320.0,1.0,,2.0,,,14164.0087,3464.2552,0,0,1.0,1.0,0,42,1786,3,1.0,,,,,,3526.5609,670.0,,-1,,,,,1.0,2.0,401290.0,2012,634,619,0,0,0,0,0,12.0,,1.0,9720.0,22.0,24.0,2012,MIS4_to_MIS8,new_york,0,2011-2012,1,0,0,0,retention
263249015001801,11,1.0,1,4,2,8900,89001,1,1,21,36,10580,0,2.0,1.0,,4,3,34,1.0,2,44,1,,2,1,2,1,2,210,210,210,5,0,17,2.0,1.0,,40.0,6.0,32.0,,,6.0,,,4.0,2.0,0.0,1,2.0,2.0,2.0,,1442.0,1.0,,,,,12501.7902,3083.428,2,2,1.0,,0,42,26332,2,,,,,,2.0,3099.1006,9480.0,1650.0,-1,,,,,,,403268.0,2011,622,619,0,1,0,0,1,18.0,5.0,51.0,2011,1.0,1,8,2,8900,89001,1,21,36,10580,0,2.0,1.0,,4,3,34,1.0,2,44,1,,1,2,1,2,210,210,210,5,0,17,2.0,1.0,,38.0,,38.0,,,,,,2.0,2.0,0.0,1,2.0,2.0,2.0,,1346.15,1.0,,,,,11502.4178,2888.4829,2,2,0.0,,0,0,41412,2,,,,,,2.0,2882.8115,9480.0,,-1,,,,,,,401326.0,2012,634,619,0,1,0,0,1,18.0,,1.0,1760.0,5.0,51.0,2012,MIS4_to_MIS8,new_york,0,2011-2012,1,0,0,0,retention
398905508029636,11,1.0,1,4,2,8900,89001,1,1,21,36,40380,55,2.0,1.0,,5,3,29,1.0,2,39,1,,2,1,2,1,2,57,57,57,1,0,0,2.0,1.0,,37.0,6.0,29.0,,,6.0,,,4.0,2.0,0.0,1,2.0,2.0,2.0,,1153.0,1.0,,,,,11895.9779,2917.7811,0,0,1.0,,0,42,26101,2,1.0,,,,,,2948.9242,7860.0,2000.0,-1,,,,,,,403338.0,2011,622,619,0,0,0,0,0,12.0,6.0,40.0,2011,2.0,1,8,2,8900,89001,1,21,36,40380,55,2.0,1.0,,5,3,30,1.0,2,39,1,,1,2,1,2,57,57,57,1,0,0,1.0,5.0,,,,,,,,,,1.0,4.0,0.0,2,,,,,,,,,,,12032.4734,2888.4829,0,0,,,0,0,15218,2,1.0,,,,,,2931.18,7860.0,,-1,,,,,,,401381.0,2012,634,619,0,0,0,0,0,12.0,,1.0,5940.0,17.0,40.0,2012,MIS4_to_MIS8,new_york,0,2011-2012,0,1,0,1,retention
505902113699636,11,2.0,1,4,2,8900,89001,1,1,21,36,35620,59,2.0,1.0,,7,1,43,2.0,2,43,1,,1,1,1,1,2,57,120,120,1,0,0,1.0,1.0,,40.0,6.0,24.0,,,6.0,,,4.0,3.0,0.0,1,2.0,2.0,2.0,,288.46,2.0,2.0,,,,10977.6522,2719.0261,10,3,0.0,,0,0,37840,1,,,,2.0,,,2758.0842,7860.0,2540.0,-1,,,,,,,403372.0,2011,622,619,0,0,1,1,0,16.0,8.0,40.0,2011,1.0,1,8,2,8900,89001,1,21,36,35620,59,2.0,1.0,,7,1,44,2.0,2,43,1,,1,1,1,2,57,120,120,1,0,0,1.0,2.0,14.0,40.0,,,,,,,,5.0,3.0,0.0,1,2.0,1.0,1.0,1700.0,450.0,1.0,,,,,11358.6297,2898.7591,10,3,0.0,0.0,0,0,5745,1,,,,2.0,,,2926.6446,7860.0,,-1,,,,,,,401418.0,2012,634,619,0,0,1,1,0,16.0,,1.0,2540.0,8.0,40.0,2012,MIS4_to_MIS8,new_york,0,2011-2012,1,0,0,0,retention
530609944477360,11,1.0,1,4,2,8900,89001,1,1,21,36,35620,103,2.0,1.0,,7,1,36,2.0,2,44,1,,1,1,1,1,2,57,57,57,1,0,0,1.0,1.0,,30.0,,22.0,,,18.0,,,7.0,3.0,0.0,1,2.0,2.0,2.0,,888.88,1.0,,,,,11772.6036,2917.0418,11,3,0.0,,0,0,16368,1,,,,,,2.0,2957.812,7860.0,2330.0,-1,,,,,,,403381.0,2011,622,619,1,1,1,0,1,18.0,8.0,40.0,2011,2.0,1,8,2,8900,89001,1,21,36,35620,103,2.0,1.0,,7,1,37,2.0,2,44,1,,1,1,1,2,57,57,57,1,0,0,2.0,1.0,,35.0,10.0,14.0,,,10.0,,,4.0,3.0,0.0,1,2.0,2.0,2.0,,961.53,1.0,,,,,12110.1211,3100.4084,6,3,0.0,,0,0,49700,1,,,,,,2.0,3120.2726,7860.0,,-1,,,,,,,401431.0,2012,634,619,1,0,1,0,1,18.0,,1.0,2330.0,8.0,40.0,2012,MIS4_to_MIS8,new_york,0,2011-2012,1,0,0,0,retention
530609958308269,11,2.0,1,4,2,8900,89001,1,1,21,36,40380,55,2.0,1.0,,5,3,44,1.0,2,39,1,,2,1,2,1,2,57,57,57,1,0,0,1.0,1.0,,40.0,,44.0,,,,,,2.0,2.0,0.0,1,1.0,,1.0,1685.0,698.5,2.0,2.0,,,,10456.2536,2589.8822,3,1,0.0,0.0,0,0,26102,2,1.0,,,,,,2627.0852,8180.0,3300.0,-1,,,,,,,403388.0,2011,622,619,0,0,1,0,0,12.0,10.0,42.0,2011,2.0,1,8,2,8900,89001,1,21,36,40380,55,2.0,1.0,,5,3,45,1.0,2,40,1,,1,2,1,2,57,57,57,1,0,0,1.0,1.0,,40.0,,40.0,,,,,,2.0,4.0,0.0,1,2.0,1.0,1.0,1716.0,700.0,2.0,2.0,,,,11435.7983,2877.7482,3,1,0.0,0.0,0,0,15220,2,,,5.0,,,,2911.8988,8180.0,,-1,,,,,,,401438.0,2012,634,619,0,0,1,0,0,16.0,,1.0,1550.0,4.0,42.0,2012,MIS4_to_MIS8,new_york,0,2011-2012,0,1,0,1,retention
530609963211965,11,1.0,1,4,2,8900,89001,1,1,21,36,35620,59,2.0,1.0,,7,1,23,2.0,2,44,1,,1,1,1,1,2,57,57,57,1,0,0,1.0,1.0,,40.0,,43.0,,,,,,2.0,3.0,0.0,1,2.0,2.0,2.0,,576.92,2.0,1.0,2.0,,,14854.751,3707.4709,0,0,0.0,,0,0,26142,1,,,,,,2.0,3700.6872,7860.0,2540.0,-1,,,,,,,403390.0,2011,622,619,0,0,0,0,0,18.0,8.0,40.0,2011,2.0,1,8,2,8900,89001,1,21,36,35620,59,2.0,1.0,,7,1,25,2.0,2,44,1,,1,1,1,2,57,57,57,1,0,0,2.0,1.0,,35.0,,35.0,,,,,,2.0,3.0,0.0,1,2.0,2.0,2.0,,673.07,2.0,2.0,,,,12657.1536,3134.1794,0,0,0.0,,0,0,1787,1,,,,,,2.0,3172.2189,7860.0,,-1,,,,,,,401440.0,2012,634,619,0,0,0,0,0,18.0,,1.0,2310.0,8.0,40.0,2012,MIS4_to_MIS8,new_york,0,2011-2012,1,0,0,0,retention
530609991090150,11,4.0,1,4,2,8900,89001,1,1,21,36,35620,59,2.0,1.0,,7,4,27,,2,44,1,,4,1,3,7,2,57,57,57,1,0,0,1.0,4.0,,,,,,,,19.0,2.0,11.0,3.0,0.0,2,,,,,,,,,,,11290.8353,3063.2755,0,0,,,0,0,37839,4,,,,,,1.0,2772.0687,7860.0,2310.0,-1,,,,,2.0,1.0,403395.0,2011,622,619,0,0,0,0,0,17.0,8.0,40.0,2011,2.0,1,8,2,8900,89001,1,21,36,35620,59,2.0,1.0,,7,4,28,,2,44,1,,1,3,7,2,57,57,57,1,0,0,2.0,4.0,,,,,,,,65.0,2.0,11.0,3.0,0.0,2,,,,,,,,,,,12902.9912,3134.1794,0,0,,,0,0,15260,4,,,,,,1.0,3005.468,7860.0,,-1,,,,,2.0,1.0,401445.0,2012,634,619,0,0,0,0,0,17.0,,1.0,2310.0,8.0,40.0,2012,MIS4_to_MIS8,new_york,0,2011-2012,1,0,0,0,retention
530609994709957,11,1.0,7,4,2,8900,89001,1,1,21,36,15380,0,2.0,1.0,,5,2,26,,2,43,1,,1,0,0,7,2,57,57,57,1,0,0,1.0,1.0,,40.0,,42.0,,,,,,2.0,3.0,0.0,1,1.0,1.0,1.0,1000.0,300.0,1.0,,,,,11895.9779,2917.7811,0,0,1.0,1.0,0,0,26007,1,,,,2.0,,,2948.9242,9470.0,3850.0,-1,,,,,,,403397.0,2011,622,619,0,0,0,0,0,16.0,12.0,51.0,2011,1.0,7,8,2,8900,89001,1,21,36,15380,0,2.0,1.0,,5,2,27,,2,43,1,,0,0,7,2,57,57,57,1,0,0,1.0,1.0,,40.0,,40.0,,,,,,2.0,3.0,0.0,1,1.0,1.0,1.0,1173.0,800.0,1.0,,,,,11726.9682,2903.8458,0,0,1.0,1.0,0,0,41162,1,,,,2.0,,,2939.0898,9470.0,,-1,,,,,,,401447.0,2012,634,619,0,0,0,0,0,16.0,,1.0,3850.0,12.0,51.0,2012,MIS4_to_MIS8,new_york,0,2011-2012,1,0,0,0,retention
663719055908890,11,1.0,1,4,2,8900,89001,1,1,21,36,35620,0,2.0,1.0,,7,3,51,1.0,1,43,1,,2,1,2,1,2,57,57,57,1,0,0,2.0,1.0,,40.0,,40.0,,,,,,2.0,2.0,0.0,1,2.0,2.0,2.0,,2307.0,2.0,2.0,,,,13775.6577,3470.0762,4,1,1.0,,23,0,65068,2,,,,2.0,,,3473.6506,9470.0,5220.0,-1,,,,,,,403433.0,2011,622,619,0,0,0,1,0,16.0,17.0,51.0,2011,1.0,1,8,2,8900,89001,1,21,36,35620,0,2.0,1.0,,7,3,52,1.0,1,43,1,,1,2,1,2,57,57,57,1,0,0,2.0,1.0,,40.0,,40.0,,,,,,2.0,3.0,0.0,1,2.0,2.0,2.0,,865.38,1.0,,,,,12980.6991,3280.7834,4,1,0.0,,0,0,41407,2,,,,1.0,1.0,,3300.1352,7270.0,,-1,,,,,,,401488.0,2012,634,619,0,0,0,1,0,18.0,,1.0,430.0,1.0,36.0,2012,MIS4_to_MIS8,new_york,0,2011-2012,1,0,0,0,retention
679450003680953,11,1.0,1,4,2,8900,89001,1,1,21,36,35620,103,2.0,1.0,,7,1,42,2.0,2,44,1,,1,1,1,1,2,57,119,119,1,0,0,1.0,1.0,,50.0,5.0,30.0,,,5.0,,,4.0,3.0,0.0,1,2.0,2.0,2.0,,2307.0,1.0,,,,,10977.6522,2719.0261,8,2,1.0,,0,0,61928,1,,,,,,2.0,2758.0842,7860.0,2320.0,-1,,,,,,,403441.0,2011,622,619,0,1,1,0,1,18.0,8.0,40.0,2011,2.0,1,8,2,8900,89001,1,21,36,35620,103,2.0,1.0,,7,1,43,2.0,2,44,1,,1,1,1,2,57,119,119,1,0,0,2.0,2.0,10.0,60.0,,,,,,,,5.0,3.0,0.0,1,2.0,2.0,2.0,,1777.0,1.0,,,,,11358.6297,2898.7591,3,2,1.0,,0,0,15506,1,,,,,,2.0,2926.6446,7860.0,,-1,,,,,,,401496.0,2012,634,619,0,0,1,0,0,18.0,,1.0,2320.0,8.0,40.0,2012,MIS4_to_MIS8,new_york,0,2011-2012,1,0,0,0,retention
699470364030953,11,5.0,1,4,2,8900,89001,1,1,21,36,35620,59,2.0,1.0,,7,8,25,3.0,2,43,4,4.0,4,3,1,1,2,329,329,329,3,10,11,2.0,1.0,,40.0,,40.0,,,,,,2.0,3.0,0.0,1,2.0,2.0,2.0,,846.15,2.0,2.0,,,,10874.712,2554.0275,0,0,0.0,,0,0,12573,4,,,,2.0,,,2695.76,9470.0,800.0,-1,,,,,,,403469.0,2011,622,619,0,0,0,0,0,16.0,2.0,51.0,2011,5.0,1,8,2,8900,89001,1,21,36,35620,59,2.0,1.0,,7,8,26,3.0,2,43,4,4.0,3,1,1,2,329,329,329,3,10,18,2.0,1.0,,40.0,,44.0,,,,,,2.0,4.0,0.0,1,2.0,2.0,2.0,,961.53,2.0,2.0,,,,28279.3078,6674.6017,0,0,0.0,,0,0,62838,4,,,,2.0,,,7087.5458,7270.0,,-1,,,,,,,401526.0,2012,634,619,0,0,0,0,0,16.0,,4.0,800.0,2.0,36.0,2012,MIS4_to_MIS8,new_york,0,2011-2012,0,1,0,1,retention
805004223109116,11,2.0,1,4,2,8900,89001,1,1,21,36,10580,0,2.0,1.0,,4,3,44,1.0,2,44,1,,2,1,2,1,2,57,57,57,1,0,0,1.0,1.0,,50.0,,50.0,,,,,,2.0,3.0,0.0,1,2.0,2.0,2.0,,2307.0,1.0,,,,,10456.2536,2589.8822,3,1,1.0,,0,0,16366,2,,,,,,1.0,2627.0852,7860.0,2310.0,-1,,,,,,,403545.0,2011,622,619,0,0,1,0,0,17.0,8.0,40.0,2011,2.0,1,8,2,8900,89001,1,21,36,10580,0,2.0,1.0,,4,3,45,1.0,2,44,1,,1,2,1,2,57,57,57,1,0,0,1.0,1.0,,40.0,,50.0,,,,,,2.0,3.0,0.0,1,2.0,,1.0,1700.0,680.0,1.0,,,,,11435.7983,2877.7482,4,1,1.0,1.0,0,42,1951,2,,,,,,1.0,2911.8988,7860.0,,-1,,,,,,,401604.0,2012,634,619,0,0,0,1,0,17.0,,1.0,2310.0,8.0,40.0,2012,MIS4_to_MIS8,new_york,0,2011-2012,1,0,0,0,retention
805908833897126,11,1.0,1,4,2,8900,89001,1,1,21,36,35620,119,2.0,1.0,,7,1,56,2.0,1,43,5,,1,1,1,1,2,57,57,57,1,0,0,2.0,1.0,,40.0,6.0,24.0,,,6.0,,,4.0,3.0,0.0,1,2.0,2.0,2.0,,1418.5,1.0,,,,,10918.3351,2876.5282,3,1,0.0,,0,0,26408,1,,,,2.0,,,2837.4642,9470.0,2145.0,-1,3.0,,,,,,403547.0,2011,622,619,0,0,1,0,0,16.0,7.0,51.0,2011,2.0,1,8,2,8900,89001,1,21,36,35620,119,2.0,1.0,,7,1,57,2.0,1,43,5,,1,1,1,2,57,57,57,1,0,0,2.0,1.0,,35.0,6.0,28.0,,,6.0,,,4.0,3.0,0.0,1,2.0,2.0,2.0,,1447.5,1.0,,,,,10086.9596,2556.6187,4,1,0.0,,0,0,15578,1,,,,2.0,,,2561.8196,9470.0,,-1,3.0,,,,,,401606.0,2012,634,619,0,0,0,1,0,16.0,,5.0,2100.0,7.0,51.0,2012,MIS4_to_MIS8,new_york,0,2011-2012,1,0,0,0,retention
805908833897126,11,1.0,1,4,2,8900,89001,1,1,21,36,35620,119,2.0,1.0,,7,3,49,1.0,2,43,5,3.0,2,1,2,1,2,327,327,327,4,0,4,1.0,4.0,,,,,,,,10.0,2.0,11.0,3.0,0.0,2,,,,,,,,,,,12637.3651,3181.1351,3,1,,,0,0,26408,2,,,,2.0,,,3102.6619,7860.0,5700.0,-1,,,,,,,403548.0,2011,622,619,0,0,1,0,0,16.0,17.0,40.0,2011,2.0,1,8,2,8900,89001,1,21,36,35620,119,2.0,1.0,,7,3,50,1.0,2,43,5,3.0,1,2,1,2,327,327,327,4,0,4,1.0,1.0,,40.0,13.0,32.0,,,13.0,,,4.0,4.0,0.0,1,2.0,,1.0,1500.0,600.0,2.0,2.0,,,,27428.9663,7024.5657,4,1,0.0,0.0,0,0,15578,2,,,,2.0,,,6984.2413,7290.0,,-1,,,,,,,401607.0,2012,634,619,0,0,0,1,0,16.0,,5.0,5400.0,17.0,36.0,2012,MIS4_to_MIS8,new_york,0,2011-2012,0,1,0,1,retention
810767090635509,11,2.0,3,4,2,8900,89001,1,1,21,36,35620,119,2.0,1.0,,7,1,38,,1,39,2,,1,1,1,7,2,57,333,333,1,0,0,1.0,4.0,,,,,,,,119.0,2.0,11.0,3.0,0.0,2,,,,,,,,,,,14827.3683,3965.1276,2,1,,,0,0,38013,1,1.0,,,,,,3545.0368,7860.0,2540.0,-1,,,,,,,403550.0,2011,622,619,0,1,0,0,1,12.0,8.0,40.0,2011,2.0,3,8,2,8900,89001,1,21,36,35620,119,2.0,1.0,,7,1,40,,1,42,2,,1,1,7,2,57,333,333,1,0,0,2.0,4.0,,,,,,,,117.0,5.0,11.0,3.0,0.0,2,,,,,,,,,,,14129.7722,3239.7525,2,1,,,0,0,65860,1,,,3.0,,,,2902.5713,7860.0,,-1,,,,,,,401609.0,2012,634,619,0,1,0,0,1,14.0,,2.0,2540.0,8.0,40.0,2012,MIS4_to_MIS8,new_york,0,2011-2012,1,0,0,0,retention
950393689600855,11,1.0,1,4,2,8900,89001,1,1,21,36,45060,67,2.0,1.0,,4,1,40,2.0,2,42,1,,1,1,1,1,2,57,120,120,1,0,0,1.0,1.0,,38.0,6.0,30.0,,,6.0,,,4.0,2.0,0.0,1,2.0,2.0,2.0,,1200.0,1.0,,,,,10456.2536,2589.8822,3,2,0.0,,0,0,46829,1,,,3.0,,,,2627.0852,6990.0,2160.0,-1,,,,,,,403626.0,2011,622,619,0,0,1,0,0,14.0,7.0,33.0,2011,1.0,1,8,2,8900,89001,1,21,36,45060,67,2.0,1.0,,4,1,41,2.0,2,42,1,,1,1,1,2,57,120,120,1,0,0,1.0,1.0,,38.0,,38.0,,,,,,2.0,2.0,0.0,1,2.0,2.0,2.0,,1184.5,1.0,,,,,10523.874,2685.7267,3,2,0.0,,0,0,41331,1,,,3.0,,,,2711.5629,6970.0,,-1,,,,,,,401686.0,2012,634,619,0,0,1,0,0,14.0,,1.0,2160.0,7.0,32.0,2012,MIS4_to_MIS8,new_york,0,2011-2012,1,0,0,0,retention
950393689600855,11,1.0,1,4,2,8900,89001,1,1,21,36,45060,67,2.0,1.0,,4,3,41,1.0,1,42,1,,2,1,2,1,2,57,57,57,1,0,0,2.0,1.0,,40.0,,35.0,,,,,,2.0,2.0,0.0,1,2.0,1.0,1.0,4505.0,1115.38,1.0,,,,,11670.6228,2931.3921,3,2,0.0,1.0,0,0,46829,2,,,3.0,,,,2956.4353,8190.0,6200.0,-1,,,,,,,403627.0,2011,622,619,0,0,1,0,0,14.0,19.0,41.0,2011,1.0,1,8,2,8900,89001,1,21,36,45060,67,2.0,1.0,,4,3,42,1.0,1,42,1,,1,2,1,2,57,57,57,1,0,0,2.0,1.0,,40.0,,44.0,,,,,,2.0,2.0,0.0,1,1.0,2.0,2.0,,1250.0,1.0,,,,,12246.2699,2976.5049,3,2,0.0,,0,0,41331,2,,,3.0,,,,3003.218,8190.0,,-1,,,,,,,401687.0,2012,634,619,0,0,1,0,0,14.0,,1.0,7000.0,20.0,41.0,2012,MIS4_to_MIS8,new_york,0,2011-2012,1,0,0,0,retention
950399019600510,11,2.0,1,4,2,8900,89001,1,1,21,36,35620,59,2.0,1.0,,7,1,46,2.0,1,43,1,,1,1,1,1,2,57,57,57,1,0,0,2.0,1.0,,40.0,6.0,32.0,,,6.0,,,4.0,3.0,0.0,1,2.0,2.0,2.0,,1800.0,1.0,,,,,13573.8322,3385.9427,8,3,1.0,,0,42,65012,1,,,,2.0,,,3422.7586,9380.0,120.0,-1,,,,,,,403630.0,2011,622,619,0,1,1,0,1,16.0,1.0,51.0,2011,2.0,1,8,2,8900,89001,1,21,36,35620,59,2.0,1.0,,7,1,47,2.0,1,43,1,,1,1,1,2,57,57,57,1,0,0,2.0,1.0,,40.0,,40.0,,,,,,2.0,3.0,0.0,1,2.0,2.0,2.0,,769.0,2.0,2.0,,,,13148.9859,3321.1073,14,3,1.0,,0,0,69460,1,,,,2.0,,,3342.9195,9380.0,,-1,,,,,,,401690.0,2012,634,619,0,1,1,1,1,16.0,,1.0,120.0,1.0,51.0,2012,MIS4_to_MIS8,new_york,0,2011-2012,1,0,0,0,retention
963079095905794,11,2.0,1,4,2,8900,89001,1,1,21,36,15380,0,2.0,1.0,,5,1,30,2.0,1,43,1,,1,1,1,1,2,57,57,57,1,0,0,1.0,1.0,,40.0,6.0,32.0,,,6.0,,,4.0,2.0,0.0,1,2.0,2.0,2.0,,1057.69,1.0,,,,,12589.4417,3085.8175,8,2,0.0,,0,0,54617,1,,,,2.0,,,3120.715,9570.0,1360.0,-1,,,,,,,403649.0,2011,622,619,0,1,1,0,1,16.0,4.0,51.0,2011,1.0,1,8,2,8900,89001,1,21,36,15380,0,2.0,1.0,,5,1,31,2.0,1,43,1,,1,1,1,2,57,57,57,1,0,0,1.0,1.0,,40.0,6.0,32.0,,,6.0,,,4.0,2.0,0.0,1,2.0,2.0,2.0,,1200.0,1.0,,,,,11657.8837,2959.57,11,3,0.0,,0,0,60391,1,,,,2.0,,,2961.5673,9570.0,,-1,,,,,,,401705.0,2012,634,619,1,1,1,0,1,16.0,,1.0,1360.0,4.0,51.0,2012,MIS4_to_MIS8,new_york,0,2011-2012,1,0,0,0,retention
977086947359720,11,1.0,1,4,2,8900,89001,1,1,21,36,35620,0,2.0,1.0,,7,3,55,1.0,1,40,1,,2,1,2,1,2,57,57,57,1,0,0,2.0,1.0,,40.0,6.0,32.0,,,6.0,,,4.0,3.0,0.0,1,2.0,,1.0,4505.0,1802.0,1.0,,,,,12413.2389,3210.8303,8,3,1.0,1.0,0,0,12755,2,,,2.0,,,,3225.9608,770.0,6730.0,-1,,,,,,,403669.0,2011,622,619,0,1,1,0,1,13.0,19.0,4.0,2011,1.0,1,8,2,8900,89001,1,21,36,35620,0,2.0,1.0,,7,3,55,1.0,1,40,1,,1,2,1,2,57,57,57,1,0,0,2.0,1.0,,40.0,,40.0,,,,,,2.0,3.0,0.0,1,2.0,2.0,2.0,,1634.0,1.0,,,,,12989.2244,3301.3581,3,3,1.0,,0,42,41408,2,,,2.0,,,,3298.9177,770.0,,-1,,,,,,,401728.0,2012,634,619,0,0,1,0,0,13.0,,1.0,430.0,1.0,4.0,2012,MIS4_to_MIS8,new_york,0,2011-2012,1,0,0,0,retention
699360677190953,11,1.0,3,4,2,8900,89001,1,1,21,36,0,0,3.0,2.0,,0,1,55,,1,39,1,,1,1,1,7,2,57,120,120,1,0,0,2.0,1.0,,30.0,,18.0,,,22.0,,,7.0,3.0,0.0,1,2.0,,1.0,1803.0,540.9,1.0,,,,,12148.8796,3142.4507,0,0,1.0,1.0,0,42,12454,1,1.0,,,,,,3157.2589,7860.0,2540.0,-1,,,,,2.0,,403785.0,2011,622,619,0,0,0,0,0,12.0,8.0,40.0,2011,1.0,3,8,2,8900,89001,1,21,36,0,0,3.0,2.0,,0,1,56,,1,41,1,,1,1,7,2,57,120,120,1,0,0,1.0,1.0,,30.0,,24.0,,,22.0,,,7.0,3.0,0.0,1,2.0,,1.0,970.0,291.0,1.0,,,,,12302.6762,3126.8641,0,0,0.0,0.0,0,0,60398,1,,,3.0,,,,3124.5527,7860.0,,-1,,,,,2.0,,401853.0,2012,634,619,0,0,0,0,0,14.0,,1.0,2540.0,8.0,40.0,2012,MIS4_to_MIS8,new_york,0,2011-2012,1,0,0,0,retention
699360677190953,11,1.0,3,4,2,8900,89001,1,1,21,36,0,0,3.0,2.0,,0,6,85,,2,39,1,,2,1,4,4,2,120,120,120,4,0,6,1.0,1.0,,35.0,6.0,21.0,,,6.0,,,4.0,3.0,0.0,1,2.0,,1.0,1300.0,455.0,1.0,,,,,13249.6066,2994.8961,0,0,1.0,1.0,0,42,12454,2,1.0,,,,,,2944.6188,7860.0,4020.0,-1,,,,,,,403786.0,2011,622,619,0,0,0,0,0,12.0,13.0,40.0,2011,1.0,3,8,2,8900,89001,1,21,36,0,0,3.0,2.0,,0,6,85,,2,39,1,,1,4,4,2,120,120,120,4,0,6,2.0,1.0,,30.0,,24.0,,,22.0,,,7.0,3.0,0.0,1,2.0,,1.0,265.0,79.5,1.0,,,,,10316.0113,2835.7049,0,0,1.0,1.0,0,0,60398,2,1.0,,,,,,2736.4282,7860.0,,-1,,,,,,,401854.0,2012,634,619,0,0,0,0,0,12.0,,1.0,4020.0,13.0,40.0,2012,MIS4_to_MIS8,new_york,0,2011-2012,1,0,0,0,retention
919016966359430,11,1.0,6,4,2,8900,89001,1,1,21,36,0,13,3.0,2.0,,0,2,36,,1,44,1,,1,0,0,7,2,57,57,57,1,0,0,1.0,1.0,,40.0,4.0,30.0,,,4.0,,,4.0,3.0,0.0,1,2.0,1.0,1.0,3500.0,1000.0,1.0,,,,,11693.1372,2937.1238,0,0,0.0,0.0,0,0,4736,1,,,,,,2.0,2962.1387,7860.0,2320.0,-1,,,,,,,403799.0,2011,622,619,0,0,0,0,0,18.0,8.0,40.0,2011,1.0,6,8,2,8900,89001,1,21,36,0,13,3.0,2.0,,0,2,37,,1,44,1,,0,0,7,2,57,57,57,1,0,0,1.0,1.0,,40.0,,40.0,,,,,,2.0,2.0,0.0,1,2.0,2.0,2.0,,1450.0,1.0,,,,,12896.6409,3154.3078,0,0,0.0,,0,0,33023,1,,,,,,2.0,3162.7119,7860.0,,-1,,,,,,,401873.0,2012,634,619,0,0,0,0,0,18.0,,1.0,2310.0,8.0,40.0,2012,MIS4_to_MIS8,new_york,0,2011-2012,1,0,0,0,retention
956829750969304,11,2.0,1,4,2,8900,89001,1,1,21,36,0,0,3.0,2.0,,0,1,41,2.0,2,44,1,,1,1,1,1,2,57,57,57,1,0,0,1.0,1.0,,40.0,4.0,32.0,,,4.0,,,4.0,2.0,0.0,1,2.0,2.0,2.0,,865.0,1.0,,,,,10743.8659,2661.1201,3,2,1.0,,0,0,46914,1,,,,,,2.0,2699.3465,7860.0,2330.0,-1,,,,,,,403829.0,2011,622,619,0,0,1,0,0,18.0,8.0,40.0,2011,1.0,1,8,2,8900,89001,1,21,36,0,0,3.0,2.0,,0,1,42,2.0,2,44,1,,1,1,1,2,57,57,57,1,0,0,1.0,1.0,,40.0,,40.0,,,,,,2.0,3.0,0.0,1,2.0,2.0,2.0,,923.0,1.0,,,,,10758.2669,2745.5445,4,2,1.0,,0,0,5785,1,,,,,,2.0,2771.9562,7860.0,,-1,,,,,,,401897.0,2012,634,619,0,0,0,1,0,18.0,,1.0,2330.0,8.0,40.0,2012,MIS4_to_MIS8,new_york,0,2011-2012,1,0,0,0,retention
956829750969304,11,2.0,1,4,2,8900,89001,1,1,21,36,0,0,3.0,2.0,,0,3,42,1.0,1,45,1,,2,1,2,1,2,57,57,57,1,0,0,2.0,1.0,,60.0,,60.0,,,,,,2.0,2.0,0.0,1,2.0,2.0,2.0,,1826.0,1.0,,,,,11991.6379,3012.0237,3,2,1.0,,0,0,46914,2,,,,,,,3037.7557,7860.0,230.0,-1,,,,,,,403830.0,2011,622,619,0,0,1,0,0,18.0,1.0,40.0,2011,1.0,1,8,2,8900,89001,1,21,36,0,0,3.0,2.0,,0,3,43,1.0,1,45,1,,1,2,1,2,57,57,57,1,0,0,2.0,1.0,,-4.0,4.0,16.0,,,4.0,,,4.0,3.0,0.0,1,2.0,2.0,2.0,,1384.0,1.0,,,,,12519.025,3042.7991,4,2,1.0,,0,0,5785,2,,,,,,,3070.1071,7860.0,,-1,,,,,,,401898.0,2012,634,619,0,0,0,1,0,18.0,,1.0,230.0,1.0,40.0,2012,MIS4_to_MIS8,new_york,0,2011-2012,1,0,0,0,retention
84703560998698,11,1.0,6,4,2,8900,89001,1,1,21,36,39100,27,,1.0,,4,2,41,,1,40,10,,1,0,0,7,2,57,57,57,1,0,0,1.0,1.0,,40.0,,40.0,,,,,,2.0,2.0,0.0,1,1.0,,1.0,1500.0,735.0,1.0,,,,,7985.8193,2039.5881,0,0,0.0,0.0,0,0,29595,1,,,3.0,,,,2022.9904,9480.0,3600.0,-1,,,,,,,403876.0,2011,622,619,0,0,0,0,0,14.0,11.0,51.0,2011,1.0,6,8,2,8900,89001,1,21,36,39100,27,,1.0,,4,2,42,,1,40,10,,0,0,7,2,57,57,57,1,0,0,1.0,1.0,,40.0,8.0,16.0,,,8.0,,,4.0,2.0,0.0,1,2.0,,1.0,3500.0,1400.0,1.0,,,,,14765.9518,3590.8528,0,0,0.0,0.0,0,0,49500,1,,,4.0,,,,3621.133,8370.0,,-1,,,,,,,401945.0,2012,634,619,0,0,0,0,0,15.0,,10.0,4610.0,15.0,43.0,2012,MIS4_to_MIS8,new_york,0,2011-2012,1,0,0,0,retention
308095203092651,11,1.0,7,4,2,8900,89001,1,1,21,36,39100,71,,1.0,,4,2,40,,2,44,1,,1,0,0,7,2,57,57,57,1,0,0,1.0,1.0,,40.0,6.0,32.0,,,6.0,,,4.0,3.0,0.0,1,2.0,2.0,2.0,,1500.0,1.0,,,,,10977.6522,2719.0261,0,0,0.0,,0,0,26237,1,,,,,,2.0,2758.0842,7860.0,2310.0,-1,,,,,,,403890.0,2011,622,619,0,0,0,0,0,18.0,8.0,40.0,2011,1.0,7,8,2,8900,89001,1,21,36,39100,71,,1.0,,4,2,41,,2,44,1,,0,0,7,2,57,57,57,1,0,0,1.0,1.0,,40.0,,40.0,,,,,,2.0,3.0,0.0,1,2.0,,1.0,1700.0,680.0,1.0,,,,,11358.6297,2898.7591,0,0,1.0,1.0,0,42,15375,1,,,,,,2.0,2926.6446,7860.0,,-1,,,,,,,401963.0,2012,634,619,0,0,0,0,0,18.0,,1.0,2310.0,8.0,40.0,2012,MIS4_to_MIS8,new_york,0,2011-2012,1,0,0,0,retention
699800657530953,11,2.0,1,4,2,8900,89001,1,1,21,36,28740,111,,1.0,,2,3,46,1.0,1,40,2,,2,1,2,1,2,57,57,57,1,0,0,2.0,1.0,,-4.0,,40.0,,,,,,2.0,3.0,0.0,1,2.0,2.0,1.0,1500.0,600.0,1.0,,,,,10198.6513,2755.3637,0,0,1.0,1.0,0,42,1897,2,,,2.0,,,,2786.5084,6180.0,9120.0,-1,,,,,,,403931.0,2011,622,619,0,0,0,0,0,13.0,22.0,23.0,2011,2.0,1,8,2,8900,89001,1,21,36,28740,111,,1.0,,2,3,47,1.0,1,40,2,,1,2,1,2,57,57,57,1,0,0,1.0,1.0,,40.0,,40.0,,,,,,2.0,2.0,0.0,1,2.0,,1.0,2500.0,1000.0,1.0,,,,,19298.6596,5177.1576,0,0,0.0,0.0,0,0,41466,2,,,2.0,,,,5148.2738,6180.0,,-1,,,,,,,401992.0,2012,634,619,0,0,0,0,0,13.0,,2.0,9120.0,22.0,23.0,2012,MIS4_to_MIS8,new_york,0,2011-2012,1,0,0,0,retention
905908743899126,11,2.0,1,4,2,8900,89001,1,1,21,36,39100,27,,1.0,,4,1,53,3.0,1,39,1,,2,1,1,1,2,57,57,57,1,0,0,1.0,1.0,,42.0,,42.0,,,,,,2.0,3.0,0.0,1,2.0,2.0,2.0,,995.0,2.0,2.0,,,,13775.6577,3470.0762,0,0,0.0,,0,0,37763,2,1.0,,,,,,3473.6506,770.0,20.0,-1,3.0,,,,,,403949.0,2011,622,619,0,0,0,0,0,12.0,1.0,4.0,2011,3.0,1,8,2,8900,89001,1,21,36,39100,27,,1.0,,4,1,54,3.0,1,39,1,,1,1,1,2,57,57,57,1,0,0,2.0,1.0,,40.0,,50.0,,,,,,2.0,3.0,0.0,1,2.0,2.0,2.0,,1057.69,2.0,2.0,,,,12980.6991,3280.7834,0,0,0.0,,0,0,29919,2,1.0,,,,,,3300.1352,770.0,,9130,3.0,,,,,,402014.0,2012,634,619,0,0,0,0,0,12.0,,1.0,6200.0,19.0,4.0,2012,MIS4_to_MIS8,new_york,0,2011-2012,1,0,0,0,retention
41034520996999,11,1.0,1,4,2,8900,89001,1,1,23,42,38300,3,1.0,1.0,,5,3,62,1.0,2,44,1,,2,1,2,1,2,57,57,57,1,0,0,2.0,1.0,,40.0,,40.0,,,,,,2.0,3.0,0.0,1,2.0,2.0,2.0,,961.0,2.0,2.0,,,,10018.3036,2691.9862,0,0,1.0,,0,42,38491,2,,,,,,2.0,2700.2502,7860.0,2010.0,-1,,,,,,,407198.0,2011,622,619,0,0,0,0,0,18.0,6.0,40.0,2011,1.0,1,8,2,8900,89001,1,23,42,38300,3,1.0,1.0,,5,3,63,1.0,2,44,1,,1,2,1,2,57,57,57,1,0,0,2.0,5.0,,,,,,,,,,1.0,,,2,,,,,,,,,,,12190.8593,2916.3318,0,0,,,0,0,16402,2,,,,,,2.0,2987.4219,,,-1,,,,,,,405295.0,2012,634,619,0,0,0,0,0,18.0,,1.0,,,,2012,MIS4_to_MIS8,pennsylvania,0,2011-2012,0,1,0,0,retention
299160193270954,11,2.0,1,4,2,8900,89001,1,1,23,42,37980,101,1.0,1.0,,7,1,45,2.0,2,44,1,,1,1,1,1,2,57,57,57,1,0,0,1.0,1.0,,40.0,5.0,32.0,,,5.0,,,4.0,3.0,0.0,1,2.0,2.0,2.0,,1326.92,1.0,,,,,11782.7184,2952.4432,4,1,0.0,,0,0,40677,1,,,,,,2.0,2940.7113,7860.0,3255.0,-1,,,,,,,407233.0,2011,622,619,0,0,0,1,0,18.0,10.0,40.0,2011,1.0,1,8,2,8900,89001,1,23,42,37980,101,1.0,1.0,,7,1,46,2.0,2,44,1,,1,1,1,2,57,57,57,1,0,0,1.0,1.0,,40.0,5.0,32.0,,,5.0,,,4.0,5.0,0.0,1,2.0,2.0,2.0,,1346.15,1.0,,,,,12746.8477,3258.8706,4,1,0.0,,0,0,43632,1,,,,,,2.0,3245.7315,7860.0,,-1,,,,,,,405340.0,2012,634,619,0,0,0,1,0,18.0,,1.0,3255.0,10.0,40.0,2012,MIS4_to_MIS8,pennsylvania,0,2011-2012,0,1,0,1,retention
493945504044253,11,2.0,1,4,2,8900,89001,1,1,23,42,37980,101,1.0,1.0,,7,3,62,1.0,1,39,3,,2,1,2,1,2,57,57,57,1,0,0,2.0,6.0,,,,,,,,,,1.0,3.0,0.0,2,,,,,,,,,,,10561.8362,2543.0154,0,0,,,0,0,27290,2,1.0,,,,,,2661.7396,9470.0,3740.0,-1,4.0,,,,,,407264.0,2011,622,619,0,0,0,0,0,12.0,12.0,51.0,2011,1.0,1,8,2,8900,89001,1,23,42,37980,101,1.0,1.0,,7,3,63,1.0,1,39,3,,1,2,1,2,57,57,57,1,0,0,2.0,6.0,,,,,,,,,,1.0,,,2,,,,,,,,,,,10260.4742,2541.9828,0,0,,,0,0,42043,2,1.0,,,,,,2576.3146,,,-1,4.0,,,,,,405376.0,2012,634,619,0,0,0,0,0,12.0,,3.0,,,,2012,MIS4_to_MIS8,pennsylvania,0,2011-2012,0,1,0,0,retention
554494439200345,11,1.0,6,4,2,8900,89001,1,1,23,42,37980,101,1.0,1.0,,7,2,23,,1,43,2,,1,0,0,7,2,57,57,57,1,0,0,1.0,1.0,,40.0,6.0,24.0,,,6.0,,,4.0,3.0,0.0,1,2.0,2.0,2.0,,897.5,1.0,,1.0,2.0,2.0,16894.2786,4691.0848,0,0,0.0,,0,0,13637,1,,,,1.0,1.0,,4631.6848,7860.0,2310.0,-1,,,,,,,407283.0,2011,622,619,0,0,0,0,0,18.0,8.0,40.0,2011,1.0,6,8,2,8900,89001,1,23,42,37980,101,1.0,1.0,,7,2,25,,1,43,2,,0,0,7,2,57,57,57,1,0,0,1.0,1.0,,45.0,5.0,32.0,,,5.0,,,4.0,4.0,0.0,1,2.0,2.0,2.0,,788.46,1.0,,,,,17701.0503,4459.2078,0,0,0.0,,0,0,6194,1,,,,1.0,1.0,,4314.567,7860.0,,-1,,,,,,,405395.0,2012,634,619,0,0,0,0,0,18.0,,2.0,2310.0,8.0,40.0,2012,MIS4_to_MIS8,pennsylvania,0,2011-2012,0,1,0,1,retention
752829750969404,11,2.0,1,4,2,8900,89001,1,1,23,42,37980,101,1.0,1.0,,7,4,62,,1,39,2,,3,1,3,5,2,57,57,57,1,0,0,2.0,7.0,,,,,,4.0,,,,1.0,3.0,0.0,2,,,,,,,,,,,13941.4316,3711.5971,0,0,,,0,0,65378,3,1.0,,,,,,3721.2557,9470.0,3740.0,-1,4.0,,,,2.0,2.0,407295.0,2011,622,619,0,0,0,0,0,12.0,12.0,51.0,2011,1.0,1,8,2,8900,89001,1,23,42,37980,101,1.0,1.0,,7,4,63,,1,39,2,,1,3,5,2,57,57,57,1,0,0,2.0,1.0,,40.0,,40.0,,,,,,2.0,4.0,0.0,1,2.0,,1.0,1000.0,400.0,2.0,2.0,,,,18249.1373,4018.6738,0,0,1.0,1.0,0,42,31027,3,1.0,,,,,,3933.4624,7860.0,,-1,4.0,,,,2.0,2.0,405407.0,2012,634,619,0,0,0,0,0,12.0,,2.0,4220.0,14.0,40.0,2012,MIS4_to_MIS8,pennsylvania,0,2011-2012,0,1,0,1,retention
922979050759403,11,2.0,1,4,2,8900,89001,1,1,23,42,21500,49,1.0,1.0,,3,3,44,1.0,2,43,1,,2,1,2,1,2,57,57,57,1,0,0,1.0,1.0,,37.0,,37.0,,,,,,2.0,3.0,0.0,1,2.0,,1.0,1752.0,648.24,2.0,2.0,,,,10740.4856,2695.8356,0,0,0.0,0.0,0,0,47382,2,,,,2.0,,,2698.4972,9470.0,800.0,-1,,,,,,,407304.0,2011,622,619,0,0,0,0,0,16.0,2.0,51.0,2011,2.0,4,8,2,8900,89001,1,23,42,21500,49,1.0,1.0,,3,1,46,,2,43,1,,1,1,4,2,57,57,57,1,0,0,1.0,1.0,,40.0,,37.0,,,,,,2.0,3.0,0.0,1,2.0,,1.0,1600.0,592.0,1.0,,,,,12731.9566,3255.0635,0,0,0.0,0.0,0,0,2625,2,,,,2.0,,,3241.9398,9470.0,,-1,,,,,,,405421.0,2012,634,619,0,0,0,0,0,16.0,,1.0,800.0,2.0,51.0,2012,MIS4_to_MIS8,pennsylvania,0,2011-2012,1,0,0,0,retention
992699450019403,11,2.0,1,4,2,8900,89001,1,1,23,42,38300,3,1.0,1.0,,5,1,62,2.0,2,44,1,,1,1,1,1,2,57,57,57,1,0,0,2.0,1.0,,40.0,,40.0,,,,,,2.0,3.0,0.0,1,2.0,2.0,2.0,,961.0,2.0,2.0,,,,10018.3036,2691.9862,0,0,1.0,,43,42,62122,1,,,,,,2.0,2700.2502,7860.0,2010.0,-1,,,,,,,407331.0,2011,622,619,0,0,0,0,0,18.0,6.0,40.0,2011,2.0,1,8,2,8900,89001,1,23,42,38300,3,1.0,1.0,,5,1,62,2.0,2,44,1,,1,1,1,2,57,57,57,1,0,0,2.0,7.0,,,,,,,,,,1.0,,,2,,,,,,,,,,,11521.1532,2756.1228,0,0,,,0,0,16403,1,,,,,,2.0,2823.3076,,,-1,,,,,,,405449.0,2012,634,619,0,0,0,0,0,18.0,,1.0,,,,2012,MIS4_to_MIS8,pennsylvania,0,2011-2012,0,1,0,0,retention
90314520994196,11,1.0,4,4,2,8900,89001,1,1,23,42,38300,0,2.0,1.0,,5,1,51,,2,43,1,,1,1,1,5,2,57,57,57,1,0,0,1.0,1.0,,40.0,,60.0,,,,,,2.0,3.0,0.0,1,2.0,2.0,2.0,,184.61,2.0,2.0,,,,11135.3884,2794.621,3,1,0.0,,0,0,29694,1,,,,2.0,,,2779.1517,7860.0,2310.0,2340,,,,,,,407393.0,2011,622,619,0,0,1,0,0,16.0,8.0,40.0,2011,1.0,4,8,2,8900,89001,1,23,42,38300,0,2.0,1.0,,5,1,51,,2,43,1,,1,1,5,2,57,57,57,1,0,0,1.0,1.0,,38.0,,50.0,,,,,,2.0,3.0,0.0,1,2.0,2.0,2.0,,1057.0,1.0,,,,,11957.7322,3064.0892,3,1,1.0,,0,42,66033,1,,,,2.0,,,3044.7989,7860.0,,230,,,,,,,405508.0,2012,634,619,0,0,1,0,0,16.0,,1.0,2310.0,8.0,40.0,2012,MIS4_to_MIS8,pennsylvania,0,2011-2012,1,0,0,0,retention
530724099845819,11,3.0,4,4,2,8900,89001,1,1,23,42,37980,17,2.0,1.0,,7,1,47,,2,39,1,,1,1,1,6,2,57,57,57,1,0,0,2.0,1.0,,40.0,,40.0,,,,,,2.0,3.0,0.0,1,2.0,,1.0,1500.0,600.0,2.0,1.0,,,,11480.7309,2876.773,0,0,0.0,0.0,0,0,59342,1,1.0,,,,,,2865.3417,7860.0,1060.0,-1,,,,,,,407643.0,2011,622,619,0,0,0,0,0,12.0,3.0,40.0,2011,1.0,4,8,2,8900,89001,1,23,42,37980,17,2.0,1.0,,7,1,48,,2,39,1,,1,1,6,2,57,57,57,1,0,0,1.0,1.0,,55.0,,60.0,,,,,,2.0,3.0,0.0,1,2.0,2.0,2.0,,1200.0,1.0,,,,,11833.0379,3025.2451,0,0,0.0,,0,0,56990,1,1.0,,,,,,3013.048,7860.0,,-1,,,,,,,405741.0,2012,634,619,0,0,0,0,0,12.0,,1.0,1060.0,3.0,40.0,2012,MIS4_to_MIS8,pennsylvania,0,2011-2012,1,0,0,0,retention
724244065001905,11,1.0,1,4,2,8900,89001,1,1,23,42,10900,0,2.0,1.0,,4,1,44,2.0,2,40,1,,1,1,1,1,2,57,57,57,1,0,0,1.0,1.0,,25.0,,25.0,,,18.0,,,7.0,3.0,0.0,1,2.0,,1.0,850.0,212.5,2.0,2.0,,,,10032.5899,2518.1555,4,3,1.0,1.0,0,42,38651,1,,,2.0,,,,2520.6417,7860.0,4600.0,-1,,,,,,,407723.0,2011,622,619,0,0,0,1,0,13.0,15.0,40.0,2011,1.0,1,8,2,8900,89001,1,23,42,10900,0,2.0,1.0,,4,1,45,2.0,2,40,1,,1,1,1,2,57,57,57,1,0,0,1.0,1.0,,12.0,,12.0,,,18.0,,,7.0,3.0,0.0,1,2.0,,1.0,1325.0,159.0,2.0,2.0,,,,11796.6413,3015.9399,4,2,0.0,0.0,0,0,2663,1,,,3.0,,,,3003.7803,7860.0,,-1,,,,,,,405810.0,2012,634,619,0,0,0,1,0,14.0,,1.0,4600.0,15.0,40.0,2012,MIS4_to_MIS8,pennsylvania,0,2011-2012,1,0,0,0,retention
724674055001606,11,2.0,3,4,2,8900,89001,1,1,23,42,38300,129,2.0,1.0,,5,7,39,,1,44,1,,2,1,4,7,2,57,57,110,1,0,0,2.0,1.0,,40.0,,40.0,,,,,,2.0,3.0,0.0,1,2.0,2.0,2.0,,711.53,1.0,,,,,12515.4047,3185.6766,0,0,0.0,,0,0,2426,2,,,,,,1.0,3170.4378,7860.0,2310.0,-1,2.0,,,,,,407730.0,2011,622,619,0,0,0,0,0,17.0,8.0,40.0,2011,1.0,3,8,2,8900,89001,1,23,42,38300,129,2.0,1.0,,5,7,40,,1,44,1,,1,4,7,2,57,57,110,1,0,0,2.0,1.0,,40.0,,40.0,,,,,,2.0,3.0,0.0,1,2.0,2.0,2.0,,1057.69,1.0,,,,,11832.4879,2921.8428,0,0,0.0,,0,0,2768,2,,,,,,1.0,2901.744,7860.0,,-1,2.0,,,,,,405817.0,2012,634,619,0,0,0,0,0,17.0,,1.0,2320.0,8.0,40.0,2012,MIS4_to_MIS8,pennsylvania,0,2011-2012,1,0,0,0,retention
754496809200814,11,1.0,1,4,2,8900,89001,1,1,23,42,37980,45,2.0,1.0,,7,1,43,2.0,1,40,1,,1,1,1,1,2,57,57,57,1,0,0,2.0,1.0,,40.0,4.0,24.0,,,4.0,,,4.0,3.0,0.0,1,1.0,,1.0,3758.0,2179.64,1.0,,,,,13306.4603,3386.9439,3,1,0.0,0.0,0,0,29708,1,,,2.0,,,,3370.8303,9470.0,3850.0,-1,,,,,,,407733.0,2011,622,619,0,0,1,0,0,13.0,12.0,51.0,2011,1.0,1,8,2,8900,89001,1,23,42,37980,45,2.0,1.0,,7,1,44,2.0,1,39,1,,1,1,1,2,57,57,57,1,0,0,1.0,1.0,,40.0,4.0,16.0,,,4.0,,,4.0,3.0,0.0,1,2.0,1.0,1.0,3800.0,1700.0,1.0,,,,,12007.0492,2964.9479,3,1,0.0,0.0,0,0,41955,1,1.0,,,,,,2944.5526,9470.0,,-1,,,,,,,405819.0,2012,634,619,0,0,1,0,0,12.0,,1.0,3850.0,12.0,51.0,2012,MIS4_to_MIS8,pennsylvania,0,2011-2012,1,0,0,0,retention
754496809200814,11,1.0,1,4,2,8900,89001,1,1,23,42,37980,45,2.0,1.0,,7,3,41,1.0,2,39,1,,2,1,2,1,2,57,57,57,1,0,0,1.0,1.0,,35.0,6.0,25.0,,,6.0,,,4.0,3.0,0.0,1,1.0,,1.0,1900.0,779.0,1.0,,,,,10307.4015,2587.1325,3,1,0.0,0.0,0,0,29708,2,1.0,,,,,,2589.6868,9470.0,5260.0,-1,,,,,,,407734.0,2011,622,619,0,0,1,0,0,12.0,17.0,51.0,2011,1.0,1,8,2,8900,89001,1,23,42,37980,45,2.0,1.0,,7,3,42,1.0,2,39,1,,1,2,1,2,57,57,57,1,0,0,2.0,1.0,,35.0,4.0,26.0,,,4.0,,,4.0,3.0,0.0,1,2.0,1.0,1.0,2100.0,750.0,2.0,2.0,,,,10919.5553,2831.1908,3,1,0.0,0.0,0,0,41955,2,1.0,,,,,,2813.5135,9470.0,,-1,,,,,,,405820.0,2012,634,619,0,0,1,0,0,12.0,,1.0,5000.0,17.0,51.0,2012,MIS4_to_MIS8,pennsylvania,0,2011-2012,1,0,0,0,retention
756496959200360,11,3.0,1,4,2,8900,89001,1,1,23,42,38300,3,2.0,1.0,,5,1,46,2.0,1,39,1,,1,1,1,1,2,57,57,57,1,0,0,1.0,1.0,,40.0,,40.0,,,,,,2.0,2.0,0.0,1,2.0,2.0,2.0,,600.0,1.0,,,,,11129.3835,2813.2856,0,0,0.0,,0,0,55145,1,1.0,,,,,,2806.3698,770.0,6320.0,-1,,,,,,,407736.0,2011,622,619,0,0,0,0,0,12.0,19.0,4.0,2011,1.0,1,8,2,8900,89001,1,23,42,38300,3,2.0,1.0,,5,1,47,2.0,1,39,1,,1,1,1,2,57,57,57,1,0,0,1.0,1.0,,40.0,,40.0,,,,,,2.0,2.0,0.0,1,2.0,,1.0,1926.0,770.4,1.0,,,,,11772.1051,3020.8056,0,0,0.0,0.0,0,0,56975,1,1.0,,,,,,2992.8695,770.0,,-1,,,,,,,405822.0,2012,634,619,0,0,0,0,0,12.0,,1.0,9130.0,22.0,4.0,2012,MIS4_to_MIS8,pennsylvania,0,2011-2012,1,0,0,0,retention
824641075908490,11,2.0,1,4,2,8900,89001,1,1,23,42,37980,45,2.0,1.0,,7,1,31,2.0,1,42,1,,1,1,1,1,2,57,57,57,1,0,0,1.0,1.0,,-4.0,,42.0,,,,,,2.0,3.0,0.0,1,2.0,,1.0,3463.0,1385.2,1.0,,,,,14354.0674,3565.3678,1,2,0.0,0.0,0,0,38605,1,,,3.0,,,,3558.1366,9470.0,3850.0,3930,,,,,,,407752.0,2011,622,619,1,0,0,0,1,14.0,12.0,51.0,2011,1.0,1,8,2,8900,89001,1,23,42,37980,45,2.0,1.0,,7,1,32,2.0,1,42,1,,1,1,1,2,57,57,57,1,0,0,1.0,1.0,,-4.0,4.0,30.0,,,4.0,,,4.0,3.0,0.0,1,1.0,,1.0,3500.0,1453.0,1.0,,,,,11430.1566,2948.0788,5,2,0.0,0.0,0,0,20067,1,,,3.0,,,,2903.7155,9470.0,,3930,,,,,,,405836.0,2012,634,619,1,1,0,0,1,14.0,,1.0,3850.0,12.0,51.0,2012,MIS4_to_MIS8,pennsylvania,0,2011-2012,1,0,0,0,retention
902039650989407,11,1.0,1,4,2,8900,89001,1,1,23,42,42540,0,2.0,1.0,,4,3,58,1.0,1,40,1,,2,1,2,1,2,57,57,57,1,0,0,2.0,5.0,,,,,,,,,,1.0,2.0,0.0,2,,,,,,,,,,,11478.2405,2692.0655,0,0,,,0,0,40681,2,,,1.0,,,,2764.1832,770.0,8740.0,-1,,,,,,,407777.0,2011,622,619,0,0,0,0,0,12.0,21.0,4.0,2011,2.0,1,8,2,8900,89001,1,23,42,42540,0,2.0,1.0,,4,3,59,1.0,1,40,1,,1,2,1,2,57,57,57,1,0,0,1.0,1.0,,15.0,,15.0,,,21.0,,,7.0,2.0,0.0,1,2.0,,1.0,2850.0,427.5,2.0,1.0,,,,11764.3363,3037.7698,0,0,0.0,0.0,0,0,60902,2,,,2.0,,,,2987.8286,770.0,,-1,,,,,,,405862.0,2012,634,619,0,0,0,0,0,13.0,,1.0,6660.0,19.0,4.0,2012,MIS4_to_MIS8,pennsylvania,0,2011-2012,1,0,0,0,retention
905907524590652,11,2.0,1,4,2,8900,89001,1,1,23,42,38300,3,2.0,1.0,,5,1,44,2.0,1,44,1,,1,1,1,1,2,57,57,57,1,0,0,1.0,1.0,,40.0,,40.0,,,,,,2.0,2.0,0.0,1,2.0,2.0,2.0,,2500.0,1.0,,,,,12834.896,3266.9149,11,4,1.0,,0,0,47285,1,,,,,,2.0,3251.3723,7860.0,2310.0,-1,,,,,,,407779.0,2011,622,619,1,1,1,0,1,18.0,8.0,40.0,2011,1.0,1,8,2,8900,89001,1,23,42,38300,3,2.0,1.0,,5,1,45,2.0,1,44,1,,1,1,1,2,57,57,57,1,0,0,1.0,1.0,,40.0,5.0,32.0,,,5.0,,,4.0,2.0,0.0,1,2.0,2.0,2.0,,1153.84,1.0,,,,,11772.1051,3020.8056,11,4,0.0,,0,0,6104,1,,,,,,2.0,2992.8695,7860.0,,-1,,,,,,,405864.0,2012,634,619,1,1,1,0,1,18.0,,1.0,2310.0,8.0,40.0,2012,MIS4_to_MIS8,pennsylvania,0,2011-2012,1,0,0,0,retention
919032788459450,11,1.0,1,4,2,8900,89001,1,1,23,42,37980,17,2.0,1.0,,7,3,62,1.0,2,43,1,,2,1,2,1,2,57,57,57,1,0,0,1.0,1.0,,40.0,,40.0,,,,,,2.0,3.0,0.0,1,2.0,2.0,2.0,,600.0,2.0,2.0,,,,10368.4056,2786.061,0,0,1.0,,0,0,13415,2,,,,1.0,1.0,,2794.6138,7860.0,2540.0,-1,,,,,,,407796.0,2011,622,619,0,0,0,0,0,18.0,8.0,40.0,2011,1.0,1,8,2,8900,89001,1,23,42,37980,17,2.0,1.0,,7,3,63,1.0,2,39,1,,1,2,1,2,57,57,57,1,0,0,2.0,1.0,,40.0,,40.0,,,,,,2.0,4.0,0.0,1,2.0,2.0,2.0,,538.46,2.0,2.0,,,,10803.8835,2891.3158,0,0,0.0,,0,0,56989,2,1.0,,,,,,2832.1608,7860.0,,-1,,,,,,,405884.0,2012,634,619,0,0,0,0,0,12.0,,1.0,2540.0,8.0,40.0,2012,MIS4_to_MIS8,pennsylvania,0,2011-2012,0,1,0,1,retention
973062951459100,11,1.0,1,4,2,8900,89001,1,1,23,42,10900,0,2.0,1.0,,4,1,57,2.0,2,44,1,,1,1,1,1,2,57,57,57,1,0,0,1.0,1.0,,35.0,6.0,21.0,,,6.0,,,4.0,3.0,0.0,1,2.0,2.0,2.0,,1442.0,1.0,,,,,11548.6259,2738.0718,0,0,1.0,,0,0,55209,1,,,,,,3.0,2716.6609,9480.0,300.0,-1,,,,,,,407864.0,2011,622,619,0,0,0,0,0,18.0,1.0,51.0,2011,1.0,1,8,2,8900,89001,1,23,42,10900,0,2.0,1.0,,4,1,58,2.0,2,43,1,,1,1,1,2,57,57,57,1,0,0,1.0,1.0,,40.0,,40.0,,,,,,2.0,3.0,0.0,1,2.0,2.0,2.0,,900.0,1.0,,,,,12852.8388,3242.9779,0,0,1.0,,0,0,50095,1,,,,2.0,,,3233.591,9480.0,,-1,,,,,,,405945.0,2012,634,619,0,0,0,0,0,16.0,,1.0,5860.0,17.0,51.0,2012,MIS4_to_MIS8,pennsylvania,0,2011-2012,1,0,0,0,retention
74774520994195,11,1.0,1,4,2,8900,89001,1,1,23,42,0,0,3.0,2.0,,0,3,49,1.0,2,39,1,,2,1,2,1,2,57,57,57,1,0,0,2.0,1.0,,38.0,6.0,30.0,,,6.0,,,4.0,3.0,0.0,1,2.0,1.0,1.0,1525.0,615.38,1.0,,,,,10969.106,2748.5731,0,0,0.0,0.0,0,0,59307,2,1.0,,,,,,2737.6512,9470.0,2010.0,-1,,,,,,,407915.0,2011,622,619,0,0,0,0,0,12.0,6.0,51.0,2011,2.0,1,8,2,8900,89001,1,23,42,0,0,3.0,2.0,,0,3,50,1.0,2,39,1,,1,2,1,2,57,57,57,1,0,0,1.0,1.0,,38.0,5.0,33.0,,,5.0,,,4.0,3.0,0.0,1,2.0,1.0,1.0,1300.0,519.23,2.0,2.0,,,,12005.7624,3076.3967,0,0,0.0,0.0,0,0,30768,2,1.0,,,,,,3057.0289,9370.0,,-1,,,,,,,405993.0,2012,634,619,0,0,0,0,0,12.0,,1.0,5810.0,17.0,51.0,2012,MIS4_to_MIS8,pennsylvania,0,2011-2012,1,0,0,0,retention
299470317810954,11,1.0,1,4,2,8900,89001,1,1,23,42,0,55,3.0,2.0,,0,1,75,2.0,2,39,1,,1,1,1,1,2,57,57,57,1,0,0,2.0,3.0,,,,,3.0,,,3.0,1.0,12.0,3.0,0.0,2,,,,,,,,,,,9171.8126,2526.152,0,0,,,0,0,29714,1,1.0,,,,,,2619.4387,9470.0,3800.0,-1,,,,,,,407969.0,2011,622,619,0,0,0,0,0,12.0,12.0,51.0,2011,2.0,1,8,2,8900,89001,1,23,42,0,55,3.0,2.0,,0,1,75,2.0,2,39,1,,1,1,1,2,57,57,57,1,0,0,2.0,3.0,,,,,1.0,,,1.0,1.0,12.0,3.0,0.0,2,,,,,,,,,,,11917.3185,2885.246,0,0,,,0,0,20074,1,1.0,,,,,,3097.4638,9470.0,,-1,,,,,,,406043.0,2012,634,619,0,0,0,0,0,12.0,,1.0,5220.0,17.0,51.0,2012,MIS4_to_MIS8,pennsylvania,0,2011-2012,1,0,0,0,retention
468935906050259,11,1.0,1,4,2,8900,89001,1,1,23,42,0,0,3.0,2.0,,0,3,51,1.0,1,43,1,,2,1,2,1,2,57,57,57,1,0,0,2.0,1.0,,38.0,6.0,30.0,,,6.0,,,4.0,2.0,0.0,1,2.0,2.0,2.0,,1500.0,2.0,2.0,,,,11188.0102,2855.9139,0,0,1.0,,0,0,59371,2,,,,1.0,1.0,,2821.153,9490.0,1720.0,-1,3.0,,,,,,408013.0,2011,622,619,0,0,0,0,0,18.0,5.0,51.0,2011,3.0,1,8,2,8900,89001,1,23,42,0,0,3.0,2.0,,0,3,52,1.0,1,43,1,,1,2,1,2,57,57,57,1,0,0,2.0,1.0,,40.0,10.0,24.0,,,10.0,,,4.0,2.0,0.0,1,2.0,2.0,2.0,,1050.0,2.0,2.0,,,,11668.1198,2996.1142,0,0,1.0,,0,0,16613,2,,,,1.0,1.0,,2966.4329,9490.0,,-1,3.0,,,,,,406079.0,2012,634,619,0,0,0,0,0,18.0,,1.0,1720.0,5.0,51.0,2012,MIS4_to_MIS8,pennsylvania,0,2011-2012,1,0,0,0,retention
557400030200134,11,2.0,1,4,2,8900,89001,1,1,23,42,0,0,3.0,2.0,,0,3,40,1.0,2,44,1,,2,1,2,1,2,57,57,57,1,0,0,2.0,4.0,,,,,,,,21.0,2.0,11.0,3.0,0.0,2,,,,,,,,,,,9771.8705,2471.8401,3,2,,,0,0,40678,2,,,,,,2.0,2399.1401,7860.0,2310.0,-1,,,,,,,408028.0,2011,622,619,0,0,1,0,0,18.0,8.0,40.0,2011,2.0,4,8,2,8900,89001,1,23,42,0,0,3.0,2.0,,0,1,41,,2,44,1,,1,1,4,2,57,57,57,1,0,0,1.0,7.0,,,,,,,,,,1.0,,,2,,,,,,,,,,,11590.3784,2801.2369,3,2,,,0,0,60897,2,,,,,,2.0,2823.4831,,,-1,,,,,,,406105.0,2012,634,619,0,0,1,0,0,18.0,,1.0,,,,2012,MIS4_to_MIS8,pennsylvania,0,2011-2012,0,1,0,0,retention
956002909459570,11,2.0,1,4,2,8900,89001,1,1,23,42,0,0,3.0,2.0,,0,1,61,2.0,2,43,1,,1,1,1,1,2,57,57,57,1,0,0,2.0,1.0,,35.0,,35.0,,,,,,2.0,2.0,0.0,1,2.0,,1.0,1300.0,455.0,2.0,2.0,,,,9906.3501,2661.9036,0,0,0.0,0.0,0,0,38690,1,,,,2.0,,,2670.0752,7460.0,20.0,-1,,,,,,,408090.0,2011,622,619,0,0,0,0,0,16.0,1.0,36.0,2011,2.0,1,8,2,8900,89001,1,23,42,0,0,3.0,2.0,,0,1,62,2.0,2,43,1,,1,1,1,2,57,57,57,1,0,0,2.0,1.0,,35.0,,35.0,,,,,,2.0,4.0,0.0,1,2.0,2.0,2.0,,538.46,2.0,2.0,,,,10102.3457,2703.5715,0,0,0.0,,0,0,16706,1,,,,2.0,,,2648.2577,7460.0,,-1,,,,,,,406173.0,2012,634,619,0,0,0,0,0,16.0,,1.0,120.0,1.0,36.0,2012,MIS4_to_MIS8,pennsylvania,0,2011-2012,0,1,0,1,retention
962089050129401,11,2.0,1,4,2,8900,89001,1,1,23,42,0,89,3.0,2.0,,0,1,60,2.0,2,44,1,2.0,1,1,1,1,2,57,73,73,1,0,0,2.0,1.0,,40.0,,44.0,,,,,,2.0,2.0,0.0,1,2.0,2.0,2.0,,1615.38,1.0,,,,,10027.0108,2779.165,0,0,0.0,,0,0,65354,1,,,,,,3.0,2702.5971,7860.0,2310.0,-1,,,,,,,408092.0,2011,622,619,0,0,0,0,0,18.0,8.0,40.0,2011,2.0,1,8,2,8900,89001,1,23,42,0,89,3.0,2.0,,0,1,61,2.0,2,44,1,2.0,1,1,1,2,57,73,73,1,0,0,2.0,1.0,,40.0,,40.0,,,,,,2.0,3.0,0.0,1,2.0,2.0,2.0,,750.0,1.0,,,,,11692.2758,3126.365,0,0,1.0,,0,0,42003,1,,,,,,2.0,3065.0465,7860.0,,-1,,,,,,,406175.0,2012,634,619,0,0,0,0,0,18.0,,1.0,2310.0,8.0,40.0,2012,MIS4_to_MIS8,pennsylvania,0,2011-2012,1,0,0,0,retention
93264520994499,11,2.0,1,4,2,8900,89001,1,1,23,42,11020,13,,1.0,,2,3,42,1.0,2,39,1,,2,1,2,1,2,57,57,57,1,0,0,1.0,1.0,,37.0,,37.0,,,,,,2.0,2.0,0.0,1,2.0,,1.0,2800.0,1036.0,1.0,,,,,9919.5857,2489.7917,10,2,1.0,1.0,0,0,47320,2,1.0,,,,,,2492.2499,9570.0,5700.0,-1,,,,,,,408153.0,2011,622,619,0,0,1,1,0,12.0,17.0,51.0,2011,1.0,1,8,2,8900,89001,1,23,42,11020,13,,1.0,,2,3,43,1.0,2,39,1,,1,2,1,2,57,57,57,1,0,0,2.0,1.0,,38.0,,38.0,,,,,,2.0,2.0,0.0,1,2.0,,1.0,1300.0,494.0,1.0,,,,,10736.4143,2783.7065,10,2,1.0,1.0,0,0,2535,2,1.0,,,,,,2766.3257,9570.0,,-1,,,,,,,406227.0,2012,634,619,0,0,1,1,0,12.0,,1.0,5860.0,17.0,51.0,2012,MIS4_to_MIS8,pennsylvania,0,2011-2012,1,0,0,0,retention
257496709200844,11,1.0,1,4,2,8900,89001,1,1,23,42,49620,133,,1.0,,3,3,61,1.0,2,39,1,,2,1,2,1,2,57,57,57,1,0,0,1.0,1.0,,30.0,,30.0,,,22.0,,,7.0,3.0,0.0,1,2.0,,1.0,1329.0,398.7,2.0,2.0,,,,10804.0529,2903.1224,0,0,0.0,0.0,0,0,2438,2,1.0,,,,,,2912.0345,7860.0,2540.0,-1,,,,,,,408173.0,2011,622,619,0,0,0,0,0,12.0,8.0,40.0,2011,2.0,1,8,2,8900,89001,1,23,42,49620,133,,1.0,,3,3,62,1.0,2,39,1,,1,2,1,2,57,57,57,1,0,0,1.0,1.0,,30.0,,30.0,,,22.0,,,7.0,3.0,0.0,1,2.0,,1.0,1350.0,405.0,2.0,2.0,,,,10986.0208,2940.059,0,0,0.0,0.0,0,0,2782,2,1.0,,,,,,2879.9068,7860.0,,-1,,,,,,,406250.0,2012,634,619,0,0,0,0,0,12.0,,1.0,2540.0,8.0,40.0,2012,MIS4_to_MIS8,pennsylvania,0,2011-2012,1,0,0,0,retention
355495099200897,11,1.0,7,4,2,8900,89001,1,1,23,42,29540,71,,1.0,,3,2,58,,2,40,1,,1,0,0,7,2,57,57,57,1,0,0,1.0,1.0,,38.0,6.0,27.0,,,6.0,,,4.0,3.0,0.0,1,2.0,2.0,2.0,,769.0,2.0,2.0,,,,11548.6259,2738.0718,0,0,1.0,,0,0,27232,1,,,2.0,,,,2716.6609,9370.0,5700.0,-1,,,,,,,408219.0,2011,622,619,0,0,0,0,0,13.0,17.0,51.0,2011,1.0,7,8,2,8900,89001,1,23,42,29540,71,,1.0,,3,2,59,,2,40,1,,0,0,7,2,57,57,57,1,0,0,1.0,1.0,,40.0,,40.0,,,,,,2.0,3.0,0.0,1,2.0,1.0,1.0,1700.0,700.0,1.0,,,,,12852.8388,3242.9779,0,0,0.0,0.0,0,0,20083,1,,,3.0,,,,3233.591,8370.0,,-1,,,,,,,406280.0,2012,634,619,0,0,0,0,0,14.0,,1.0,5820.0,17.0,43.0,2012,MIS4_to_MIS8,pennsylvania,0,2011-2012,1,0,0,0,retention
452496029200849,11,2.0,1,4,2,8900,89001,1,1,23,42,25420,43,,1.0,,4,3,55,1.0,2,39,1,,2,1,2,1,2,57,57,57,1,0,0,2.0,1.0,,38.0,6.0,30.0,,,6.0,,,4.0,2.0,0.0,1,2.0,,1.0,1639.0,622.82,1.0,,,,,11548.6259,2738.0718,0,0,0.0,0.0,0,0,16547,2,1.0,,,,,,2716.6609,9380.0,930.0,-1,,,,,,,408231.0,2011,622,619,0,0,0,0,0,12.0,2.0,51.0,2011,1.0,1,8,2,8900,89001,1,23,42,25420,43,,1.0,,4,3,56,1.0,2,39,1,,1,2,1,2,57,57,57,1,0,0,2.0,1.0,,38.0,,35.0,,,,,,2.0,2.0,0.0,1,2.0,,1.0,1800.0,684.0,1.0,,,,,12852.8388,3242.9779,0,0,1.0,1.0,0,42,30884,2,1.0,,,,,,3233.591,9380.0,,-1,,,,,,,406295.0,2012,634,619,0,0,0,0,0,12.0,,1.0,5860.0,17.0,51.0,2012,MIS4_to_MIS8,pennsylvania,0,2011-2012,1,0,0,0,retention
824039085001205,11,1.0,1,4,2,8900,89001,1,1,23,42,49620,133,,1.0,,3,3,42,1.0,2,39,1,,2,1,2,1,2,57,57,57,1,0,0,2.0,2.0,4.0,40.0,,,,,,,,5.0,2.0,0.0,1,2.0,,1.0,1200.0,480.0,1.0,,,,,10032.5899,2518.1555,0,0,0.0,0.0,0,0,13679,2,1.0,,,,,,2520.6417,9380.0,5700.0,-1,,,,,,,408279.0,2011,622,619,0,0,0,0,0,12.0,17.0,51.0,2011,1.0,1,8,2,8900,89001,1,23,42,49620,133,,1.0,,3,3,43,1.0,2,39,1,,1,2,1,2,57,57,57,1,0,0,2.0,2.0,4.0,40.0,,,,,,,,5.0,2.0,0.0,1,2.0,,1.0,1000.0,400.0,1.0,,,,,10885.9685,2822.4825,0,0,1.0,1.0,0,0,6211,2,1.0,,,,,,2804.8596,9380.0,,-1,,,,,,,406334.0,2012,634,619,0,0,0,0,0,12.0,,1.0,5700.0,17.0,51.0,2012,MIS4_to_MIS8,pennsylvania,0,2011-2012,1,0,0,0,retention
171909006907693,12,1.0,6,4,2,8900,89001,1,1,33,17,16980,0,1.0,1.0,1.0,7,2,44,,1,46,4,,1,0,0,7,2,210,210,210,5,0,12,1.0,1.0,,10.0,,10.0,,,14.0,,,6.0,2.0,0.0,1,2.0,,1.0,5100.0,510.0,2.0,2.0,,,,12103.0909,3004.2238,0,0,1.0,1.0,0,41,44963,1,,,,,,,2989.8704,7870.0,2200.0,-1,,,,,,,427712.0,2011,623,620,0,0,0,0,0,18.0,8.0,40.0,2011,1.0,6,8,2,8900,89001,1,33,17,16980,0,1.0,1.0,1.0,7,2,45,,1,46,4,,0,0,7,2,210,210,210,5,0,12,1.0,1.0,,10.0,,10.0,,,14.0,,,6.0,2.0,0.0,1,2.0,,1.0,2900.0,290.0,1.0,,,,,13585.5612,3420.0734,0,0,1.0,1.0,0,41,22142,1,,,,,,,3352.8601,7870.0,,-1,,,,,,,425630.0,2012,635,620,0,0,0,0,0,18.0,,4.0,2200.0,8.0,40.0,2012,MIS4_to_MIS8,illinois,1,2011-2012,1,0,0,0,retention
466192349700989,12,1.0,4,4,2,8900,89001,1,1,33,17,16980,0,1.0,1.0,3.0,7,1,40,,2,40,2,,1,1,1,6,2,57,57,57,1,0,0,1.0,1.0,,38.0,,38.0,,,,,,2.0,2.0,0.0,1,2.0,2.0,2.0,,1346.15,2.0,2.0,,,,12826.8375,3355.9163,8,2,0.0,,0,0,22605,1,,,1.0,,,,3323.4626,9470.0,3800.0,-1,,,,,,,427827.0,2011,623,620,0,1,1,0,1,12.0,12.0,51.0,2011,1.0,4,8,2,8900,89001,1,33,17,16980,0,1.0,1.0,3.0,7,1,41,,2,40,2,,1,1,6,2,57,57,57,1,0,0,1.0,1.0,,-4.0,,45.0,,,,,,2.0,2.0,0.0,1,1.0,2.0,2.0,,1153.84,1.0,,,,,10327.5597,2713.1024,3,2,0.0,,0,0,34746,1,,,2.0,,,,2687.2936,9470.0,,-1,,,,,,,425743.0,2012,635,620,0,0,1,0,0,13.0,,2.0,3800.0,12.0,51.0,2012,MIS4_to_MIS8,illinois,1,2011-2012,1,0,0,0,retention
936097373169310,12,1.0,6,4,2,8900,89001,1,1,33,17,16980,0,1.0,1.0,1.0,7,2,65,,1,44,1,,1,0,0,4,2,57,57,57,1,0,0,1.0,4.0,,,,,,,,119.0,2.0,11.0,3.0,0.0,2,,,,,,,,,,,13884.4495,3376.3407,0,0,,,0,0,34992,1,,,,,,3.0,3739.4265,7860.0,2310.0,-1,,,,,,,427981.0,2011,623,620,0,0,0,0,0,18.0,8.0,40.0,2011,1.0,6,8,2,8900,89001,1,33,17,16980,0,1.0,1.0,1.0,7,2,66,,1,44,1,,0,0,4,2,57,57,57,1,0,0,1.0,4.0,,,,,,,,119.0,2.0,11.0,3.0,0.0,2,,,,,,,,,,,14414.2474,3218.2364,0,0,,,0,0,34545,1,,,,,,3.0,3369.6169,7860.0,,-1,,,,,,,425908.0,2012,635,620,0,0,0,0,0,18.0,,1.0,2310.0,8.0,40.0,2012,MIS4_to_MIS8,illinois,1,2011-2012,1,0,0,0,retention
6906271994527,12,1.0,1,4,2,8900,89001,1,1,33,17,41180,0,2.0,1.0,,6,1,46,2.0,1,40,1,,1,1,1,1,2,57,57,57,1,0,0,1.0,1.0,,40.0,,40.0,,,,,,2.0,3.0,0.0,1,2.0,2.0,2.0,,384.61,2.0,2.0,,,,13218.6835,3342.5846,0,0,0.0,,0,0,52205,1,,,1.0,,,,3342.924,7860.0,4220.0,-1,2.0,3.0,,,,,427998.0,2011,623,620,0,0,0,0,0,12.0,14.0,40.0,2011,1.0,1,8,2,8900,89001,1,33,17,41180,0,2.0,1.0,,6,1,46,2.0,1,40,1,,1,1,1,2,57,57,57,1,0,0,1.0,1.0,,40.0,,40.0,,,,,,2.0,3.0,0.0,1,2.0,,1.0,945.0,378.0,1.0,,,,,12789.168,3188.2182,0,0,1.0,1.0,0,42,51610,1,,,2.0,,,,3156.3136,7860.0,,-1,2.0,3.0,,,,,425929.0,2012,635,620,0,0,0,0,0,13.0,,1.0,4220.0,14.0,40.0,2012,MIS4_to_MIS8,illinois,1,2011-2012,1,0,0,0,retention
30211670964591,12,1.0,6,4,2,8900,89001,1,1,33,17,16980,0,2.0,1.0,,7,2,43,,1,43,2,,1,0,0,5,2,57,57,57,1,0,0,1.0,1.0,,40.0,,56.0,,,,,,2.0,2.0,0.0,1,2.0,2.0,2.0,,1403.84,2.0,2.0,,,,10799.8528,2845.2467,0,0,0.0,,0,0,45014,1,,,,1.0,1.0,,2803.8894,9470.0,2000.0,-1,3.0,,,,,,428017.0,2011,623,620,0,0,0,0,0,18.0,6.0,51.0,2011,1.0,6,8,2,8900,89001,1,33,17,16980,0,2.0,1.0,,7,2,44,,1,43,2,,0,0,5,2,57,57,57,1,0,0,1.0,1.0,,40.0,,56.0,,,,,,2.0,2.0,0.0,1,1.0,1.0,1.0,1750.0,1634.61,1.0,,,,,10012.8118,2517.9677,0,0,0.0,0.0,0,0,34595,1,,,,1.0,1.0,,2522.8058,9470.0,,-1,3.0,,,,,,425945.0,2012,635,620,0,0,0,0,0,18.0,,2.0,2000.0,6.0,51.0,2012,MIS4_to_MIS8,illinois,1,2011-2012,1,0,0,0,retention
137838960329101,12,1.0,1,4,2,8900,89001,1,1,33,17,16980,0,2.0,1.0,,7,3,50,1.0,1,37,1,,2,1,2,1,2,57,57,57,1,0,0,2.0,1.0,,40.0,,40.0,,,,,,2.0,3.0,0.0,1,2.0,1.0,1.0,1950.0,769.23,2.0,2.0,,,,12621.9966,3220.3644,0,0,0.0,0.0,0,0,8681,2,,,,,,,3192.0255,9370.0,4220.0,-1,,,,,,,428099.0,2011,623,620,0,0,0,0,0,11.0,14.0,51.0,2011,1.0,1,8,2,8900,89001,1,33,17,16980,0,2.0,1.0,,7,3,50,1.0,1,37,1,,1,2,1,2,57,57,57,1,0,0,2.0,1.0,,40.0,,40.0,,,,,,2.0,3.0,0.0,1,2.0,,1.0,2000.0,800.0,2.0,2.0,,,,12461.8849,3073.5969,0,0,0.0,0.0,0,0,8754,2,,,,,,,3075.5415,9370.0,,-1,,,,,,,426029.0,2012,635,620,0,0,0,0,0,11.0,,1.0,4250.0,14.0,51.0,2012,MIS4_to_MIS8,illinois,1,2011-2012,1,0,0,0,retention
157020860850107,12,1.0,1,4,2,8900,89001,1,1,33,17,16980,0,2.0,1.0,,7,1,46,2.0,1,44,1,,1,1,1,1,2,57,57,57,1,0,0,1.0,1.0,,40.0,,40.0,,,,,,2.0,3.0,0.0,1,2.0,2.0,2.0,,1136.0,2.0,2.0,,,,12952.8305,3275.3588,4,1,1.0,,0,0,8795,1,,,,,,3.0,3275.6914,7860.0,2320.0,-1,,,,,,,428107.0,2011,623,620,0,0,0,1,0,18.0,8.0,40.0,2011,1.0,1,8,2,8900,89001,1,33,17,16980,0,2.0,1.0,,7,1,47,2.0,1,44,1,,1,1,1,2,57,57,57,1,0,0,1.0,1.0,,40.0,,40.0,,,,,,2.0,3.0,0.0,1,2.0,2.0,2.0,,2500.0,2.0,2.0,,,,12449.6372,3103.5763,4,1,1.0,,0,0,8873,1,,,,,,3.0,3072.5188,7860.0,,-1,,,,,,,426037.0,2012,635,620,0,0,0,1,0,18.0,,1.0,2310.0,8.0,40.0,2012,MIS4_to_MIS8,illinois,1,2011-2012,1,0,0,0,retention
192926507040769,12,1.0,6,4,2,8900,89001,1,1,33,17,41180,0,2.0,1.0,,6,2,31,,1,43,1,,1,0,0,7,2,57,57,57,1,0,0,1.0,1.0,,42.0,,42.0,,,,,,2.0,3.0,0.0,1,2.0,,1.0,2090.0,877.8,1.0,,,,,10873.6589,2673.5826,0,0,0.0,0.0,0,0,55477,1,,,,2.0,,,2658.935,9470.0,3850.0,-1,,,,,,,428123.0,2011,623,620,0,0,0,0,0,16.0,12.0,51.0,2011,1.0,6,8,2,8900,89001,1,33,17,41180,0,2.0,1.0,,6,2,33,,1,43,1,,0,0,7,2,57,57,57,1,0,0,1.0,1.0,,42.0,,80.0,,,,,,2.0,3.0,0.0,1,2.0,,1.0,1805.0,758.1,2.0,2.0,,,,11356.8399,2822.74,0,0,1.0,1.0,22,42,34611,1,,,,2.0,,,2817.2279,9470.0,,6050,,,,,,,426056.0,2012,635,620,0,0,0,0,0,16.0,,1.0,3850.0,12.0,51.0,2012,MIS4_to_MIS8,illinois,1,2011-2012,1,0,0,0,retention
320179093116838,12,1.0,1,4,2,8900,89001,1,1,33,17,16980,0,2.0,1.0,,7,3,43,1.0,1,43,1,,2,1,2,1,2,57,57,57,1,0,0,2.0,1.0,,40.0,,40.0,,,,,,2.0,3.0,0.0,1,2.0,2.0,2.0,,865.0,1.0,,,,,10314.7903,2560.3678,2,1,1.0,,0,0,52169,2,,,,2.0,,,2548.1,9470.0,3850.0,-1,,,,,,,428227.0,2011,623,620,0,1,0,0,1,16.0,12.0,51.0,2011,1.0,1,8,2,8900,89001,1,33,17,16980,0,2.0,1.0,,7,3,44,1.0,1,43,1,,1,2,1,2,57,57,57,1,0,0,2.0,1.0,,40.0,,41.0,,,,,,2.0,3.0,0.0,1,2.0,,1.0,3300.0,1320.0,1.0,,,,,10199.2989,2587.7398,5,2,0.0,0.0,0,0,44333,2,,,,2.0,,,2587.9629,9470.0,,-1,,,,,,,426146.0,2012,635,620,1,1,0,0,1,16.0,,1.0,3850.0,12.0,51.0,2012,MIS4_to_MIS8,illinois,1,2011-2012,1,0,0,0,retention
460198688700470,12,2.0,1,4,2,8900,89001,1,1,33,17,16980,0,2.0,1.0,,7,3,41,1.0,2,44,1,,2,1,2,1,2,57,57,57,1,0,0,1.0,1.0,,40.0,,45.0,,,,,,2.0,3.0,0.0,1,2.0,2.0,2.0,,1250.0,1.0,,,,,10036.0231,2491.3374,0,0,0.0,,0,0,22309,2,,,,,,2.0,2469.6883,9470.0,2015.0,-1,,,,,,,428282.0,2011,623,620,0,0,0,0,0,18.0,6.0,51.0,2011,2.0,1,8,2,8900,89001,1,33,17,16980,0,2.0,1.0,,7,3,42,1.0,2,44,1,,1,2,1,2,57,57,57,1,0,0,1.0,1.0,,40.0,,45.0,,,,,,2.0,3.0,0.0,1,2.0,2.0,2.0,,1442.3,1.0,,,,,9377.8246,2347.2839,0,0,0.0,,0,0,22127,2,,,,,,2.0,2348.4285,9470.0,,-1,,,,,,,426190.0,2012,635,620,0,0,0,0,0,18.0,,1.0,2015.0,6.0,51.0,2012,MIS4_to_MIS8,illinois,1,2011-2012,1,0,0,0,retention
460198688700470,12,2.0,1,4,2,8900,89001,1,1,33,17,16980,0,2.0,1.0,,7,8,30,,1,43,1,,3,1,4,7,2,57,57,57,1,0,0,2.0,1.0,,40.0,,40.0,,,,,,2.0,2.0,0.0,1,2.0,,1.0,1740.0,696.0,2.0,2.0,,,,10654.9688,2619.8118,0,0,0.0,0.0,0,0,22309,3,,,,2.0,,,2605.4587,7870.0,1050.0,-1,,,,,,,428283.0,2011,623,620,0,0,0,0,0,16.0,3.0,40.0,2011,2.0,1,8,2,8900,89001,1,33,17,16980,0,2.0,1.0,,7,8,30,,1,43,1,,1,4,7,2,57,57,57,1,0,0,2.0,1.0,,40.0,,40.0,,,,,,2.0,2.0,0.0,1,2.0,2.0,2.0,,865.0,2.0,2.0,,,,11055.335,2747.801,0,0,1.0,,0,0,22127,3,,,,2.0,,,2742.4352,7870.0,,-1,,,,,,,426191.0,2012,635,620,0,0,0,0,0,16.0,,1.0,4030.0,13.0,40.0,2012,MIS4_to_MIS8,illinois,1,2011-2012,1,0,0,0,retention
465198129700978,12,1.0,1,4,2,8900,89001,1,1,33,17,16980,0,2.0,1.0,,7,1,34,2.0,2,39,1,,1,1,1,1,2,57,57,57,1,0,0,1.0,1.0,,-4.0,1.0,24.0,,,1.0,,,3.0,3.0,0.0,1,2.0,,1.0,1200.0,288.0,2.0,2.0,,,,9964.2795,2484.4777,6,3,0.0,0.0,0,0,59518,1,1.0,,,,,,2464.2636,9470.0,3400.0,-1,,,,,,,428284.0,2011,623,620,1,0,1,0,1,12.0,10.0,51.0,2011,1.0,1,8,2,8900,89001,1,33,17,16980,0,2.0,1.0,,7,1,35,2.0,2,39,1,,1,1,1,2,57,57,57,1,0,0,1.0,1.0,,-4.0,13.0,24.0,,,13.0,,,4.0,3.0,0.0,1,2.0,,1.0,1260.0,302.4,2.0,2.0,,,,10071.0815,2477.7756,6,3,0.0,0.0,0,0,63750,1,1.0,,,,,,2522.0364,9470.0,,-1,,,,,,,426192.0,2012,635,620,1,0,1,0,1,12.0,,1.0,3400.0,10.0,51.0,2012,MIS4_to_MIS8,illinois,1,2011-2012,1,0,0,0,retention
465198129700978,12,1.0,1,4,2,8900,89001,1,1,33,17,16980,0,2.0,1.0,,7,3,24,1.0,1,40,1,,2,1,2,1,2,57,57,57,1,0,0,2.0,1.0,,48.0,,96.0,,,,,,2.0,3.0,0.0,1,2.0,,1.0,1500.0,720.0,2.0,2.0,2.0,,,11587.6588,2972.8007,6,3,0.0,0.0,0,0,59518,2,,,1.0,,,,2952.3615,9470.0,3740.0,9110,,,,,,,428285.0,2011,623,620,1,0,1,0,1,12.0,12.0,51.0,2011,1.0,1,8,2,8900,89001,1,33,17,16980,0,2.0,1.0,,7,3,25,1.0,1,40,1,,1,2,1,2,57,57,57,1,0,0,2.0,1.0,,48.0,,96.0,,,,,,2.0,3.0,0.0,1,1.0,,1.0,1500.0,2160.0,2.0,2.0,,,,11505.6268,2814.6609,6,3,0.0,0.0,0,0,63750,2,,,1.0,,,,2854.1366,9470.0,,3400,,,,,,,426193.0,2012,635,620,1,0,1,0,1,12.0,,1.0,3740.0,12.0,51.0,2012,MIS4_to_MIS8,illinois,1,2011-2012,1,0,0,0,retention
669197749700952,12,2.0,1,4,2,8900,89001,1,1,33,17,16980,111,2.0,1.0,,7,3,63,1.0,2,44,1,,2,1,2,1,2,57,57,57,1,0,0,1.0,1.0,,-4.0,,10.0,,,19.0,,,7.0,3.0,0.0,1,2.0,2.0,2.0,,76.0,1.0,,,,,11153.0836,2715.607,0,0,1.0,,0,42,22507,2,,,,,,2.0,2720.5709,7860.0,2310.0,-1,,,,,,,428350.0,2011,623,620,0,0,0,0,0,18.0,8.0,40.0,2011,2.0,1,8,2,8900,89001,1,33,17,16980,111,2.0,1.0,,7,3,64,1.0,2,43,1,,1,2,1,2,57,57,57,1,0,0,1.0,7.0,,,,,,,,,,1.0,,,2,,,,,,,,,,,11312.8251,2786.6188,0,0,,,0,0,44421,2,,,,1.0,1.0,,2829.6635,,,-1,,,,,,,426254.0,2012,635,620,0,0,0,0,0,18.0,,1.0,,,,2012,MIS4_to_MIS8,illinois,1,2011-2012,0,1,0,0,retention
868193577700788,12,1.0,4,4,2,8900,89001,1,1,33,17,16980,0,2.0,1.0,,7,1,41,,2,44,1,,1,1,1,4,2,57,57,57,1,0,0,1.0,1.0,,40.0,,40.0,,,,,,2.0,3.0,0.0,1,2.0,2.0,2.0,,2416.66,1.0,,,,,10036.0231,2491.3374,3,3,0.0,,0,0,34984,1,,,,,,2.0,2469.6883,7860.0,2310.0,-1,,,,,,1.0,428478.0,2011,623,620,0,0,1,0,0,18.0,8.0,40.0,2011,2.0,4,8,2,8900,89001,1,33,17,16980,0,2.0,1.0,,7,1,42,,2,44,1,,1,1,4,2,57,57,57,1,0,0,2.0,1.0,,-4.0,,40.0,,,,,,2.0,3.0,0.0,1,2.0,2.0,2.0,,576.0,1.0,,,,,9377.8246,2347.2839,10,3,1.0,,0,0,18745,1,,,,,,2.0,2348.4285,7860.0,,-1,,,,,,1.0,426373.0,2012,635,620,0,0,1,1,0,18.0,,1.0,2310.0,8.0,40.0,2012,MIS4_to_MIS8,illinois,1,2011-2012,1,0,0,0,retention
960017509167390,12,1.0,1,4,2,8900,89001,1,1,33,17,16980,0,2.0,1.0,,7,3,36,1.0,1,44,1,,2,1,2,1,2,57,57,57,1,0,0,2.0,1.0,,50.0,,53.0,,,,,,2.0,3.0,0.0,1,2.0,2.0,2.0,,1903.84,2.0,2.0,,,,11105.6288,2733.7211,5,2,0.0,,0,0,22305,2,,,,,,2.0,2743.4637,7860.0,230.0,-1,,,,,,,428521.0,2011,623,620,1,1,0,0,1,18.0,1.0,40.0,2011,1.0,1,8,2,8900,89001,1,33,17,16980,0,2.0,1.0,,7,3,38,1.0,1,44,1,,1,2,1,2,57,57,57,1,0,0,2.0,1.0,,50.0,,50.0,,,,,,2.0,5.0,0.0,1,2.0,2.0,2.0,,1923.07,2.0,2.0,,,,11478.0813,2924.6515,2,2,0.0,,0,0,34534,2,,,,,,2.0,2912.4402,7860.0,,-1,,,,,,,426416.0,2012,635,620,0,1,0,0,1,18.0,,1.0,230.0,1.0,40.0,2012,MIS4_to_MIS8,illinois,1,2011-2012,0,1,0,1,retention
71526006909892,12,1.0,1,4,2,8900,89001,1,1,33,17,0,0,3.0,2.0,,0,1,56,2.0,1,43,1,,1,1,1,1,2,57,57,57,1,0,0,1.0,1.0,,38.0,5.0,33.0,,,5.0,,,4.0,2.0,0.0,1,2.0,2.0,2.0,,1442.3,1.0,,,,,12626.2699,3259.8076,0,0,0.0,,0,0,4859,1,,,,2.0,,,3265.3426,9480.0,800.0,-1,,,,,,,428553.0,2011,623,620,0,0,0,0,0,16.0,2.0,51.0,2011,1.0,1,8,2,8900,89001,1,33,17,0,0,3.0,2.0,,0,1,58,2.0,1,43,1,,1,1,1,2,57,57,57,1,0,0,1.0,1.0,,38.0,,38.0,,,,,,2.0,2.0,0.0,1,2.0,2.0,2.0,,1638.46,1.0,,,,,12389.9235,3165.9762,0,0,0.0,,0,0,4959,1,,,,2.0,,,3173.2567,8370.0,,-1,,,,,,,426446.0,2012,635,620,0,0,0,0,0,16.0,,1.0,800.0,2.0,43.0,2012,MIS4_to_MIS8,illinois,1,2011-2012,1,0,0,0,retention
192956000068729,12,2.0,1,4,2,8900,89001,1,1,33,17,0,0,3.0,2.0,,0,1,28,2.0,1,43,1,,1,1,1,1,2,57,57,57,1,0,0,2.0,1.0,,35.0,,35.0,,,,,,2.0,2.0,0.0,1,1.0,2.0,2.0,,673.07,1.0,,,,,13518.6986,3327.4454,0,0,0.0,,0,0,4858,1,,,,2.0,,,3305.7264,7860.0,2310.0,-1,,,,,,,428578.0,2011,623,620,0,0,0,0,0,16.0,8.0,40.0,2011,2.0,1,8,2,8900,89001,1,33,17,0,0,3.0,2.0,,0,1,29,2.0,1,43,1,,1,1,1,2,57,57,57,1,0,0,2.0,1.0,,35.0,,41.0,,,,,,2.0,2.0,0.0,1,2.0,2.0,2.0,,800.0,1.0,,,,,11509.4494,2815.596,1,1,0.0,,0,0,4958,1,,,,2.0,,,2855.0848,7860.0,,-1,,,,,,,426470.0,2012,635,620,1,0,0,0,1,16.0,,1.0,2320.0,8.0,40.0,2012,MIS4_to_MIS8,illinois,1,2011-2012,1,0,0,0,retention
806902501996027,12,1.0,1,4,2,8900,89001,1,1,33,17,0,0,3.0,2.0,,0,1,41,2.0,2,44,1,,1,1,1,1,2,57,57,57,1,0,0,1.0,1.0,,40.0,,43.0,,,,,,2.0,2.0,0.0,1,2.0,2.0,2.0,,1336.61,1.0,,,,,10046.9437,2494.0484,10,3,0.0,,0,0,18916,1,,,,,,3.0,2472.3757,7860.0,3230.0,-1,,,,,,,428649.0,2011,623,620,0,0,1,1,0,18.0,10.0,40.0,2011,1.0,1,8,2,8900,89001,1,33,17,0,0,3.0,2.0,,0,1,42,2.0,2,44,1,,1,1,1,2,57,57,57,1,0,0,1.0,1.0,,40.0,,40.0,,,,,,2.0,2.0,0.0,1,2.0,2.0,2.0,,1794.87,1.0,,,,,9380.9402,2348.0638,10,3,0.0,,0,0,18772,1,,,,,,3.0,2349.2087,7860.0,,-1,,,,,,,426551.0,2012,635,620,0,0,1,1,0,18.0,,1.0,3230.0,10.0,40.0,2012,MIS4_to_MIS8,illinois,1,2011-2012,1,0,0,0,retention
871982096909865,12,1.0,1,4,2,8900,89001,1,1,33,17,0,0,3.0,2.0,,0,1,45,2.0,2,43,1,,1,1,1,1,2,57,57,57,1,0,0,1.0,1.0,,38.0,,38.0,,,,,,2.0,3.0,0.0,1,2.0,2.0,2.0,,923.07,1.0,,,,,11673.5318,3015.0038,10,2,0.0,,0,0,22418,1,,,,1.0,2.0,,3025.8498,7860.0,2320.0,-1,,,,,,,428659.0,2011,623,620,0,0,1,1,0,17.0,8.0,40.0,2011,1.0,1,8,2,8900,89001,1,33,17,0,0,3.0,2.0,,0,1,46,2.0,2,43,1,,1,1,1,2,57,57,57,1,0,0,1.0,1.0,,60.0,,60.0,,,,,,2.0,3.0,0.0,1,2.0,2.0,2.0,,1057.69,1.0,,,,,11823.4106,2940.8943,10,2,0.0,,0,0,58929,1,,,,1.0,1.0,,2978.7751,7860.0,,-1,,,,,,,426560.0,2012,635,620,0,0,1,1,0,18.0,,1.0,2320.0,8.0,40.0,2012,MIS4_to_MIS8,illinois,1,2011-2012,1,0,0,0,retention
871982096909865,12,1.0,1,4,2,8900,89001,1,1,33,17,0,0,3.0,2.0,,0,3,45,1.0,1,40,1,,2,1,2,1,2,57,57,57,1,0,0,2.0,1.0,,38.0,,45.0,,,,,,2.0,3.0,0.0,1,2.0,1.0,1.0,2200.0,923.07,1.0,,,,,12966.9251,3278.9229,10,2,0.0,0.0,0,0,22418,2,,,3.0,,,,3279.2558,7070.0,7340.0,-1,,,,,,,428660.0,2011,623,620,0,0,1,1,0,14.0,20.0,34.0,2011,1.0,1,8,2,8900,89001,1,33,17,0,0,3.0,2.0,,0,3,46,1.0,1,40,1,,1,2,1,2,57,57,57,1,0,0,2.0,1.0,,40.0,5.0,32.0,,,5.0,,,4.0,4.0,0.0,1,2.0,,1.0,2315.0,1203.8,1.0,,,,,12453.7734,3104.6075,10,2,0.0,0.0,0,0,58929,2,,,2.0,,,,3073.5396,7070.0,,-1,,,,,,,426561.0,2012,635,620,0,0,1,1,0,13.0,,1.0,7330.0,20.0,34.0,2012,MIS4_to_MIS8,illinois,1,2011-2012,0,1,0,1,retention
968169859700928,12,1.0,1,4,2,8900,89001,1,1,33,17,0,0,3.0,2.0,,0,1,39,2.0,1,42,1,,1,1,1,1,2,57,57,57,1,0,0,1.0,1.0,,40.0,,40.0,,,,,,2.0,2.0,0.0,1,2.0,2.0,2.0,,1365.38,1.0,,,,,11117.7133,2736.6957,3,1,0.0,,0,0,8776,1,,,3.0,,,,2746.449,9470.0,7315.0,-1,,,,,,,428667.0,2011,623,620,0,0,1,0,0,14.0,20.0,51.0,2011,1.0,1,8,2,8900,89001,1,33,17,0,0,3.0,2.0,,0,1,41,2.0,1,42,1,,1,1,1,2,57,57,57,1,0,0,1.0,1.0,,40.0,,40.0,,,,,,2.0,2.0,0.0,1,2.0,2.0,2.0,,1211.53,1.0,,,,,10202.6875,2588.5995,3,1,0.0,,0,0,34603,1,,,3.0,,,,2588.8227,9470.0,,-1,,,,,,,426565.0,2012,635,620,0,0,1,0,0,14.0,,1.0,7315.0,20.0,51.0,2012,MIS4_to_MIS8,illinois,1,2011-2012,1,0,0,0,retention
194906806057709,12,1.0,7,4,2,8900,89001,1,1,33,17,19340,0,,1.0,,3,2,36,,2,42,1,,1,0,0,7,2,57,57,57,1,0,0,1.0,1.0,,48.0,,66.0,,,,,,2.0,3.0,0.0,1,2.0,,1.0,2300.0,1104.0,1.0,,,,,11425.0058,2797.5577,0,0,0.0,0.0,0,0,22570,1,,,5.0,,,,2811.4925,9470.0,3800.0,5610,,,,,,,428687.0,2011,623,620,0,0,0,0,0,16.0,12.0,51.0,2011,1.0,7,8,2,8900,89001,1,33,17,19340,0,,1.0,,3,2,38,,2,42,1,,0,0,7,2,57,57,57,1,0,0,1.0,1.0,,48.0,,63.0,,,,,,2.0,3.0,0.0,1,2.0,2.0,2.0,,1000.0,1.0,,,,,10482.7052,2579.0469,0,0,0.0,,0,0,22366,1,,,5.0,,,,2625.1167,9470.0,,9620,,,,,,,426588.0,2012,635,620,0,0,0,0,0,16.0,,1.0,3800.0,12.0,51.0,2012,MIS4_to_MIS8,illinois,1,2011-2012,1,0,0,0,retention
198966604057719,12,1.0,4,4,2,8900,89001,1,1,33,17,19500,115,,1.0,,2,1,55,,2,37,2,,1,1,1,5,2,57,57,57,1,0,0,1.0,1.0,,24.0,,24.0,,,19.0,,,7.0,2.0,0.0,1,2.0,,1.0,1125.0,270.0,2.0,1.0,,,,10859.9688,2883.311,0,0,0.0,0.0,0,0,35117,1,,,,,,,2842.7623,9480.0,4610.0,-1,,,,,,,428697.0,2011,623,620,0,0,0,0,0,11.0,15.0,51.0,2011,1.0,4,8,2,8900,89001,1,33,17,19500,115,,1.0,,2,1,56,,2,37,2,,1,1,5,2,57,57,57,1,0,0,1.0,1.0,,20.0,,20.0,,,19.0,,,7.0,2.0,0.0,1,2.0,,1.0,1155.0,231.0,2.0,1.0,,,,12070.5007,2887.34,0,0,0.0,0.0,0,0,58951,1,,,,,,,2863.3833,8170.0,,-1,,,,,,,426599.0,2012,635,620,0,0,0,0,0,11.0,,2.0,4610.0,15.0,42.0,2012,MIS4_to_MIS8,illinois,1,2011-2012,1,0,0,0,retention
271393096909794,12,2.0,1,4,2,8900,89001,1,1,33,17,14060,113,,1.0,,2,3,66,1.0,2,44,1,,2,1,2,1,2,57,57,57,1,0,0,1.0,1.0,,38.0,4.0,31.0,,,4.0,,,4.0,2.0,0.0,1,2.0,2.0,2.0,,1015.38,2.0,2.0,,,,11638.0343,3033.1841,0,0,0.0,,0,0,22521,2,,,,,,2.0,2942.9672,9570.0,2160.0,-1,,,,,,,428728.0,2011,623,620,0,0,0,0,0,18.0,7.0,51.0,2011,2.0,1,8,2,8900,89001,1,33,17,14060,113,,1.0,,2,3,67,1.0,2,44,1,,1,2,1,2,57,57,57,1,0,0,2.0,1.0,,38.0,,48.0,,,,,,2.0,2.0,0.0,1,2.0,2.0,2.0,,1134.61,2.0,2.0,,,,11303.9156,2882.3084,0,0,0.0,,0,0,4947,2,,,,,,2.0,2828.4871,9570.0,,2200,,,,,,,426627.0,2012,635,620,0,0,0,0,0,18.0,,1.0,740.0,2.0,51.0,2012,MIS4_to_MIS8,illinois,1,2011-2012,1,0,0,0,retention
306909371999267,12,1.0,4,4,2,8900,89001,1,1,33,17,44100,0,,1.0,,2,4,42,,1,44,1,,2,1,3,7,2,57,57,57,1,0,0,2.0,1.0,,20.0,,20.0,,,22.0,,,7.0,3.0,0.0,1,2.0,,1.0,5100.0,1020.0,2.0,2.0,,,,10526.4984,2612.9186,0,0,1.0,1.0,0,42,22588,2,,,,,,3.0,2600.399,7870.0,2200.0,-1,,,,,1.0,,428732.0,2011,623,620,0,0,0,0,0,18.0,8.0,40.0,2011,1.0,4,8,2,8900,89001,1,33,17,44100,0,,1.0,,2,4,42,,1,44,1,,1,3,7,2,57,57,57,1,0,0,2.0,1.0,,40.0,,40.0,,,,,,2.0,2.0,0.0,1,2.0,2.0,2.0,,2500.0,2.0,2.0,,,,10477.4578,2658.3136,0,0,1.0,,42,42,32421,2,,,,,,3.0,2658.5427,7870.0,,-1,,,,,1.0,,426630.0,2012,635,620,0,0,0,0,0,18.0,,1.0,2200.0,8.0,40.0,2012,MIS4_to_MIS8,illinois,1,2011-2012,1,0,0,0,retention
740870092416679,12,1.0,4,4,2,8900,89001,1,1,33,17,14060,113,,1.0,,2,1,32,,2,43,1,,1,1,1,5,2,57,57,57,1,0,0,1.0,1.0,,50.0,,50.0,,,,,,2.0,3.0,0.0,1,2.0,1.0,1.0,2800.0,202.61,1.0,,,,,10286.7024,2564.8701,3,1,0.0,1.0,0,0,8812,1,,,,2.0,,,2544.002,7860.0,2540.0,-1,,,,,,,428785.0,2011,623,620,0,0,1,0,0,16.0,8.0,40.0,2011,1.0,4,8,2,8900,89001,1,33,17,14060,113,,1.0,,2,1,33,,2,43,1,,1,1,5,2,57,57,57,1,0,0,1.0,1.0,,40.0,,36.0,,,,,,2.0,3.0,0.0,1,2.0,1.0,1.0,1000.0,202.61,1.0,,,,,10460.0141,2668.6243,3,1,0.0,1.0,0,0,8892,1,,,,2.0,,,2622.4585,7860.0,,-1,,,,,,,426681.0,2012,635,620,0,0,1,0,0,16.0,,1.0,2540.0,8.0,40.0,2012,MIS4_to_MIS8,illinois,1,2011-2012,1,0,0,0,retention
191966803006809,12,1.0,1,4,2,8900,89001,1,1,32,18,43780,141,1.0,1.0,,3,3,63,1.0,1,39,1,,2,1,2,1,2,57,57,57,1,0,0,2.0,1.0,,40.0,,40.0,,,,,,2.0,3.0,0.0,1,1.0,2.0,2.0,,1000.0,2.0,2.0,,,,11469.3501,2943.1427,0,0,0.0,,0,0,22795,2,1.0,,,,,,2922.5429,6290.0,9040.0,-1,4.0,,,,,,428831.0,2011,623,620,0,0,0,0,0,12.0,22.0,23.0,2011,1.0,1,8,2,8900,89001,1,32,18,43780,141,1.0,1.0,,3,3,64,1.0,1,39,1,,1,2,1,2,57,57,57,1,0,0,2.0,1.0,,40.0,,40.0,,,,,,2.0,3.0,0.0,1,2.0,2.0,2.0,,1057.69,2.0,2.0,,,,12091.5745,3006.0987,0,0,0.0,,0,0,22609,2,1.0,,,,,,3004.577,6290.0,,-1,,,,,,,426738.0,2012,635,620,0,0,0,0,0,12.0,,1.0,9040.0,22.0,23.0,2012,MIS4_to_MIS8,indiana,0,2011-2012,1,0,0,0,retention
561198579800979,12,1.0,4,4,2,8900,89001,1,1,32,18,26900,0,1.0,1.0,,5,1,32,,2,39,1,,1,1,1,7,2,57,57,57,1,0,0,1.0,1.0,,37.0,,37.0,,,,,,2.0,2.0,0.0,1,2.0,,1.0,1200.0,444.0,2.0,2.0,,,,14986.3501,3739.4269,13,3,0.0,0.0,0,0,52319,1,1.0,,,,,,3706.2707,9570.0,5000.0,-1,,,,,,,428867.0,2011,623,620,1,0,1,1,1,12.0,17.0,51.0,2011,1.0,4,8,2,8900,89001,1,32,18,26900,0,1.0,1.0,,5,1,34,,2,39,1,,1,1,7,2,57,57,57,1,0,0,1.0,1.0,,37.0,,37.0,,,,,,2.0,2.0,0.0,1,2.0,,1.0,1200.0,444.0,2.0,2.0,,,,17433.7612,4421.7554,9,3,0.0,0.0,0,0,22568,1,2.0,5.0,,,,,4370.8656,9570.0,,-1,,,,,,,426766.0,2012,635,620,0,1,0,1,1,9.0,,1.0,5000.0,17.0,51.0,2012,MIS4_to_MIS8,indiana,0,2011-2012,1,0,0,0,retention
138080060270104,12,2.0,4,4,2,8900,89001,1,1,32,18,26900,81,2.0,1.0,,5,6,59,,2,45,1,,4,1,4,5,2,57,57,57,1,0,0,2.0,4.0,,,,,,,,23.0,4.0,11.0,2.0,0.0,2,,,,,,,,,,,16033.3125,2697.2904,0,0,,,0,0,55510,4,,,,,,,3016.1986,7870.0,4010.0,-1,,,,,,,428956.0,2011,623,620,0,0,0,0,0,18.0,13.0,40.0,2011,2.0,4,8,2,8900,89001,1,32,18,26900,81,2.0,1.0,,5,6,60,,2,45,1,,1,4,5,2,57,57,57,1,0,0,2.0,5.0,,,,,,,,,,1.0,,,2,,,,,,,,,,,10694.2651,2642.2902,0,0,,,0,0,34835,4,,,,,,,2674.9439,,,-1,,,,,,,426854.0,2012,635,620,0,0,0,0,0,18.0,,1.0,,,,2012,MIS4_to_MIS8,indiana,0,2011-2012,0,1,0,0,retention
406908771995068,12,1.0,1,4,2,8900,89001,1,1,32,18,26900,0,2.0,1.0,,5,1,43,2.0,2,40,1,,1,1,1,1,2,57,57,57,1,0,0,1.0,1.0,,25.0,,25.0,,,22.0,,,7.0,3.0,0.0,1,2.0,,1.0,2060.0,515.0,2.0,2.0,,,,13626.87,3385.2207,3,2,1.0,1.0,0,42,35240,1,,,2.0,,,,3353.3325,7860.0,4120.0,-1,,,,,,,429007.0,2011,623,620,0,0,1,0,0,13.0,13.0,40.0,2011,1.0,1,8,2,8900,89001,1,32,18,26900,0,2.0,1.0,,5,1,44,2.0,2,40,1,,1,1,1,2,57,57,57,1,0,0,1.0,1.0,,20.0,,20.0,,,18.0,,,7.0,4.0,0.0,1,2.0,,1.0,2500.0,500.0,2.0,2.0,,,,15738.3515,3916.2573,3,2,1.0,1.0,0,0,18786,1,,,2.0,,,,3941.2545,8680.0,,-1,,,,,,,426918.0,2012,635,620,0,0,1,0,0,13.0,,1.0,4130.0,13.0,46.0,2012,MIS4_to_MIS8,indiana,0,2011-2012,0,1,0,1,retention
858019760609107,12,1.0,1,4,2,8900,89001,1,1,32,18,43780,141,2.0,1.0,,3,1,39,2.0,1,43,1,,1,1,1,1,2,57,57,57,1,0,0,1.0,1.0,,40.0,,40.0,,,,,,2.0,2.0,0.0,1,2.0,2.0,2.0,,1057.69,2.0,2.0,,,,13892.6387,3422.2818,3,1,0.0,,0,0,45231,1,,,,2.0,,,3431.9488,7870.0,110.0,-1,,,,,,,429056.0,2011,623,620,0,0,1,0,0,16.0,1.0,40.0,2011,1.0,1,8,2,8900,89001,1,32,18,43780,141,2.0,1.0,,3,1,40,2.0,1,43,1,,1,1,1,2,57,57,57,1,0,0,1.0,1.0,,40.0,,40.0,,,,,,2.0,2.0,0.0,1,2.0,2.0,2.0,,2884.61,2.0,2.0,,,,12197.7567,3076.6544,3,1,1.0,,0,0,59028,1,,,,2.0,,,3095.0502,7870.0,,-1,,,,,,,426970.0,2012,635,620,0,0,1,0,0,16.0,,1.0,1050.0,3.0,40.0,2012,MIS4_to_MIS8,indiana,0,2011-2012,1,0,0,0,retention
606906451994848,12,1.0,1,4,2,8900,89001,1,1,32,18,14020,0,,1.0,,2,1,50,2.0,1,40,1,,1,1,1,1,2,57,57,57,1,0,0,1.0,1.0,,12.0,,12.0,,,17.0,,,7.0,3.0,0.0,1,2.0,,1.0,1800.0,216.0,2.0,2.0,,,,12341.8478,3151.2083,1,1,1.0,1.0,0,42,35328,1,,,2.0,,,,3121.1776,9470.0,5860.0,-1,,,,,,,429322.0,2011,623,620,1,0,0,0,1,13.0,17.0,51.0,2011,1.0,1,8,2,8900,89001,1,32,18,14020,0,,1.0,,2,1,51,2.0,1,40,1,,1,1,1,2,57,57,57,1,0,0,1.0,1.0,,20.0,,20.0,,,18.0,,,7.0,2.0,0.0,1,2.0,,1.0,825.0,165.0,2.0,2.0,,,,11846.074,2904.5983,1,1,1.0,1.0,0,42,34905,1,,,1.0,,,,2923.5619,7870.0,,-1,,,,,,,427222.0,2012,635,620,1,0,0,0,1,12.0,,1.0,3930.0,12.0,40.0,2012,MIS4_to_MIS8,indiana,0,2011-2012,1,0,0,0,retention
6903903499786,12,1.0,4,4,2,8900,89001,1,1,21,36,35620,47,1.0,1.0,,7,4,43,,1,41,1,,2,1,3,5,2,128,128,128,5,0,13,2.0,2.0,4.0,40.0,,,,,,,,5.0,3.0,0.0,1,2.0,,1.0,3000.0,1200.0,1.0,,,,,9558.8794,2354.0816,0,0,1.0,1.0,0,42,49536,2,,,5.0,,,,2361.3646,770.0,6260.0,-1,,,,,1.0,,440170.0,2011,623,620,0,0,0,0,0,16.0,19.0,4.0,2011,2.0,4,8,2,8900,89001,1,21,36,35620,47,1.0,1.0,,7,4,44,,1,39,1,,1,3,5,2,128,128,128,5,0,13,1.0,1.0,,60.0,,60.0,,,,,,2.0,4.0,0.0,1,2.0,1.0,1.0,3500.0,1200.0,1.0,,,,,10587.0243,2696.9036,0,0,0.0,0.0,0,0,5777,2,1.0,,,,,,2686.344,7790.0,,-1,,,,,1.0,,437957.0,2012,635,620,0,0,0,0,0,12.0,,1.0,6720.0,19.0,39.0,2012,MIS4_to_MIS8,new_york,0,2011-2012,0,1,0,1,retention
50363093336439,12,1.0,3,4,2,8900,89001,1,1,21,36,35620,81,1.0,1.0,,7,4,45,,1,41,1,,2,1,3,7,2,57,329,339,1,0,0,2.0,1.0,,40.0,5.0,32.0,,,5.0,,,4.0,3.0,0.0,1,2.0,2.0,2.0,,769.23,1.0,,,,,13596.2549,3411.0343,0,0,0.0,,0,0,5699,2,,,4.0,,,,3438.4094,8190.0,5860.0,-1,,,,,,1.0,440246.0,2011,623,620,0,0,0,0,0,15.0,17.0,41.0,2011,1.0,3,8,2,8900,89001,1,21,36,35620,81,1.0,1.0,,7,4,46,,1,43,1,,1,3,7,2,57,329,339,1,0,0,2.0,1.0,,40.0,,40.0,,,,,,2.0,4.0,0.0,1,2.0,2.0,2.0,,1090.0,2.0,2.0,,,,12742.1914,3189.2686,0,0,1.0,,0,0,15196,2,,,,2.0,,,3144.72,8190.0,,-1,,,,,,1.0,438017.0,2012,635,620,0,0,0,0,0,16.0,,1.0,5860.0,17.0,41.0,2012,MIS4_to_MIS8,new_york,0,2011-2012,0,1,0,1,retention
163598076907492,12,1.0,7,4,2,8900,89001,1,1,21,36,35620,81,1.0,1.0,,7,2,39,,2,44,1,,1,0,0,7,2,57,57,57,1,0,0,1.0,1.0,,40.0,,40.0,,,,,,2.0,3.0,0.0,1,2.0,2.0,2.0,,1538.0,2.0,2.0,,,,13817.4595,3356.7841,0,0,1.0,,0,0,56536,1,,,,,,2.0,3400.2332,7860.0,2310.0,-1,,,,,,,440334.0,2011,623,620,0,0,0,0,0,18.0,8.0,40.0,2011,1.0,7,8,2,8900,89001,1,21,36,35620,81,1.0,1.0,,7,2,40,,2,44,1,,0,0,7,2,57,57,57,1,0,0,1.0,1.0,,35.0,,35.0,,,,,,2.0,3.0,0.0,1,1.0,2.0,2.0,,1596.15,1.0,,,,,13697.8184,3442.3589,0,0,0.0,,0,0,1970,1,,,,,,2.0,3430.2569,7860.0,,-1,,,,,,,438083.0,2012,635,620,0,0,0,0,0,18.0,,1.0,2310.0,8.0,40.0,2012,MIS4_to_MIS8,new_york,0,2011-2012,1,0,0,0,retention
264392959600960,12,1.0,1,4,2,8900,89001,1,1,21,36,35620,47,1.0,1.0,,7,3,27,1.0,1,43,1,,2,1,2,1,2,164,164,164,4,0,17,2.0,1.0,,40.0,,40.0,,,,,,2.0,3.0,0.0,1,2.0,2.0,2.0,,865.0,2.0,2.0,,,,12514.3745,3056.0311,0,0,1.0,,0,0,1765,2,,,,2.0,,,3060.1391,7280.0,800.0,-1,,,,,,,440418.0,2011,623,620,0,0,0,0,0,16.0,2.0,36.0,2011,1.0,1,8,2,8900,89001,1,21,36,35620,47,1.0,1.0,,7,3,28,1.0,1,43,1,,1,2,1,2,164,164,164,4,0,17,2.0,1.0,,40.0,,40.0,,,,,,2.0,4.0,0.0,1,2.0,,1.0,800.0,320.0,2.0,2.0,,,,11943.012,2933.3973,0,0,1.0,1.0,0,42,40540,2,,,,2.0,,,2962.6363,7380.0,,-1,,,,,,,438162.0,2012,635,620,0,0,0,0,0,16.0,,1.0,1010.0,3.0,36.0,2012,MIS4_to_MIS8,new_york,0,2011-2012,0,1,0,1,retention
270861093236529,12,1.0,4,4,2,8900,89001,1,1,21,36,35620,47,1.0,1.0,,7,1,58,,2,39,1,,1,1,1,4,2,152,152,152,4,0,7,1.0,1.0,,13.0,,29.0,,,14.0,,,6.0,3.0,0.0,1,2.0,2.0,2.0,,57.69,2.0,2.0,,,,11886.4728,3065.3159,0,0,0.0,,0,0,1764,1,1.0,,,,,,3060.0144,6770.0,5320.0,-1,,,,,,,440420.0,2011,623,620,0,0,0,0,0,12.0,17.0,31.0,2011,1.0,4,8,2,8900,89001,1,21,36,35620,47,1.0,1.0,,7,1,59,,2,40,1,,1,1,3,2,152,152,152,4,0,7,1.0,1.0,,12.0,,12.0,,,14.0,,,6.0,3.0,0.0,1,2.0,1.0,1.0,1200.0,120.0,2.0,2.0,,,,10814.2397,2707.9371,0,0,0.0,0.0,0,0,55950,1,,,3.0,,,,2703.9263,6770.0,,-1,,,,,,,438164.0,2012,635,620,0,0,0,0,0,14.0,,1.0,5320.0,17.0,31.0,2012,MIS4_to_MIS8,new_york,0,2011-2012,1,0,0,0,retention
397996106078682,12,1.0,4,4,2,8900,89001,1,1,21,36,35620,61,1.0,1.0,,7,1,64,,2,44,1,,1,1,1,5,2,57,57,57,1,0,0,1.0,7.0,,,,,,11.0,,,,1.0,3.0,0.0,2,,,,,,,,,,,10883.2517,2768.5291,0,0,,,0,0,56503,1,,,,,,2.0,2747.1866,7860.0,2310.0,-1,,,,,,,440523.0,2011,623,620,0,0,0,0,0,18.0,8.0,40.0,2011,1.0,4,8,2,8900,89001,1,21,36,35620,61,1.0,1.0,,7,1,65,,2,44,1,,1,1,5,2,57,57,57,1,0,0,1.0,5.0,,,,,,,,,,1.0,3.0,0.0,2,,,,,,,,,,,10135.8741,2514.1678,0,0,,,0,0,29514,1,,,,,,2.0,2535.2742,7860.0,,-1,,,,,,,438261.0,2012,635,620,0,0,0,0,0,18.0,,1.0,2310.0,8.0,40.0,2012,MIS4_to_MIS8,new_york,0,2011-2012,1,0,0,0,retention
406901973494746,12,1.0,1,4,2,8900,89001,1,1,21,36,35620,81,1.0,1.0,,7,1,51,2.0,1,40,2,,1,1,1,1,2,57,57,57,1,0,0,1.0,1.0,,40.0,,40.0,,,,,,2.0,2.0,0.0,1,2.0,2.0,2.0,,900.0,1.0,,,,,15492.4687,3715.4718,4,1,0.0,,0,0,15067,1,,,3.0,,,,3711.1843,8190.0,5700.0,2750,,,,,,,440550.0,2011,623,620,0,0,0,1,0,14.0,17.0,41.0,2011,1.0,1,8,2,8900,89001,1,21,36,35620,81,1.0,1.0,,7,1,52,2.0,1,42,2,,1,1,1,2,57,57,57,1,0,0,1.0,1.0,,40.0,,52.0,,,,,,2.0,2.0,0.0,1,2.0,2.0,2.0,,807.0,1.0,,,,,18545.8931,4542.1885,4,1,1.0,,0,0,29598,1,,,3.0,,,,4475.5968,8190.0,,2750,,,,,,,438285.0,2012,635,620,0,0,0,1,0,14.0,,2.0,350.0,1.0,41.0,2012,MIS4_to_MIS8,new_york,0,2011-2012,1,0,0,0,retention
406901973494746,12,1.0,1,4,2,8900,89001,1,1,21,36,35620,81,1.0,1.0,,7,3,47,1.0,2,44,2,,2,1,2,1,2,341,341,340,4,0,4,2.0,1.0,,40.0,,40.0,,,,,,2.0,3.0,0.0,1,2.0,2.0,2.0,,550.0,1.0,,,,,11881.0041,2942.1098,4,1,1.0,,0,0,15067,2,,,,,,1.0,2923.7171,7860.0,2000.0,-1,,,,,,,440551.0,2011,623,620,0,0,0,1,0,17.0,6.0,40.0,2011,1.0,1,8,2,8900,89001,1,21,36,35620,81,1.0,1.0,,7,3,49,1.0,2,44,2,,1,2,1,2,341,341,340,4,0,4,2.0,1.0,,40.0,,40.0,,,,,,2.0,3.0,0.0,1,2.0,2.0,2.0,,865.0,1.0,,,,,13747.3441,3499.673,4,1,1.0,,0,0,29598,2,,,,,,1.0,3456.7486,7860.0,,-1,,,,,,,438286.0,2012,635,620,0,0,0,1,0,17.0,,2.0,2000.0,6.0,40.0,2012,MIS4_to_MIS8,new_york,0,2011-2012,1,0,0,0,retention
463147056909797,12,1.0,4,4,2,8900,89001,1,1,21,36,10580,0,1.0,1.0,,4,1,59,,2,42,2,,1,1,1,7,2,57,57,57,1,0,0,1.0,1.0,,35.0,,35.0,,,,,,2.0,2.0,0.0,1,2.0,,1.0,3000.0,1050.0,1.0,,,,,11128.9597,2915.1641,0,0,1.0,1.0,0,42,1667,1,,,3.0,,,,2913.1748,9470.0,800.0,-1,,,,,,,440573.0,2011,623,620,0,0,0,0,0,14.0,2.0,51.0,2011,1.0,4,8,2,8900,89001,1,21,36,10580,0,1.0,1.0,,4,1,60,,2,42,2,,1,1,7,2,57,57,57,1,0,0,1.0,1.0,,35.0,,35.0,,,,,,2.0,2.0,0.0,1,2.0,2.0,2.0,,230.0,1.0,,,,,9360.3947,2910.7893,0,0,1.0,,0,42,40422,1,,,3.0,,,,2928.0871,9470.0,,-1,,,,,,,438305.0,2012,635,620,0,0,0,0,0,14.0,,2.0,800.0,2.0,51.0,2012,MIS4_to_MIS8,new_york,0,2011-2012,1,0,0,0,retention
610100581740063,12,1.0,6,4,2,8900,89001,1,1,21,36,35620,61,1.0,1.0,,7,2,39,,1,42,1,,1,0,0,7,2,120,120,120,4,0,15,1.0,1.0,,40.0,,40.0,,,,,,2.0,3.0,0.0,1,2.0,1.0,1.0,4000.0,961.53,2.0,2.0,,,,10291.7619,2513.468,0,0,0.0,0.0,0,0,41213,1,,,3.0,,,,2542.4112,8190.0,3300.0,-1,,,,,,,440642.0,2011,623,620,0,0,0,0,0,14.0,10.0,41.0,2011,1.0,6,8,2,8900,89001,1,21,36,35620,61,1.0,1.0,,7,2,40,,1,43,1,,0,0,7,2,120,120,120,4,0,15,1.0,1.0,,35.0,,35.0,,,,,,2.0,5.0,0.0,1,1.0,,1.0,3700.0,1391.0,1.0,,,,,10587.0243,2696.9036,0,0,1.0,1.0,0,42,1900,1,,,,1.0,2.0,,2686.344,8190.0,,-1,,,,,,,438371.0,2012,635,620,0,0,0,0,0,17.0,,1.0,3300.0,10.0,41.0,2012,MIS4_to_MIS8,new_york,0,2011-2012,0,1,0,1,retention
630609831527272,12,1.0,6,4,2,8900,89001,1,1,21,36,35620,47,1.0,1.0,,7,2,38,,1,40,2,,1,0,0,7,2,332,332,332,5,0,9,1.0,1.0,,35.0,,35.0,,,,,,2.0,2.0,0.0,1,2.0,2.0,2.0,,550.0,1.0,,,,,11487.6583,3002.707,0,0,0.0,,0,0,1761,1,,,2.0,,,,2982.4594,9470.0,5260.0,-1,,,,,,,440669.0,2011,623,620,0,0,0,0,0,13.0,17.0,51.0,2011,1.0,6,8,2,8900,89001,1,21,36,35620,47,1.0,1.0,,7,2,39,,1,40,2,,0,0,7,2,332,332,332,5,0,9,1.0,1.0,,40.0,,40.0,,,,,,2.0,2.0,0.0,1,2.0,1.0,1.0,1800.0,480.0,1.0,,,,,12835.2277,3289.471,0,0,1.0,1.0,0,0,14989,1,,,3.0,,,,3233.9354,9470.0,,-1,,,,,,,438400.0,2012,635,620,0,0,0,0,0,14.0,,2.0,5220.0,17.0,51.0,2012,MIS4_to_MIS8,new_york,0,2011-2012,1,0,0,0,retention
663987016902897,12,1.0,6,4,2,8900,89001,1,1,21,36,35620,61,1.0,1.0,,7,2,25,,1,43,1,,1,0,0,7,2,57,57,73,1,0,0,1.0,1.0,,43.0,,43.0,,,,,,2.0,3.0,0.0,1,2.0,2.0,2.0,,1153.84,1.0,,,,,12514.3745,3056.0311,0,0,0.0,,0,0,41214,1,,,,2.0,,,3060.1391,9470.0,3400.0,-1,,,,,,,440712.0,2011,623,620,0,0,0,0,0,16.0,10.0,51.0,2011,1.0,6,8,2,8900,89001,1,21,36,35620,61,1.0,1.0,,7,2,26,,1,43,1,2.0,0,0,7,2,57,57,73,1,0,0,1.0,1.0,,40.0,,40.0,,,,,,2.0,3.0,0.0,1,2.0,2.0,2.0,,1153.84,1.0,,,,,14246.6949,3499.2922,0,0,0.0,,0,0,1902,1,,,,2.0,,,3534.098,9470.0,,-1,,,,,,,438448.0,2012,635,620,0,0,0,0,0,16.0,,1.0,3400.0,10.0,51.0,2012,MIS4_to_MIS8,new_york,0,2011-2012,1,0,0,0,retention
763252036807291,12,1.0,7,4,2,8900,89001,1,1,21,36,35620,47,1.0,1.0,,7,2,26,,2,39,2,,1,0,0,7,2,57,57,57,1,0,0,1.0,4.0,,,,,,,,3.0,5.0,11.0,2.0,0.0,2,,,,,,,,,,,16741.9706,3821.5322,0,0,,,0,0,60287,1,1.0,,,,,,3662.1183,7860.0,2540.0,-1,,,,,,,440770.0,2011,623,620,0,0,0,0,0,12.0,8.0,40.0,2011,1.0,7,8,2,8900,89001,1,21,36,35620,47,1.0,1.0,,7,2,27,,2,39,2,,0,0,7,2,57,57,57,1,0,0,1.0,7.0,,,,,,,,,,1.0,,,2,,,,,,,,,,,13794.3647,3606.559,0,0,,,0,0,62430,1,1.0,,,,,,3214.4094,,,-1,,,,,,,438506.0,2012,635,620,0,0,0,0,0,12.0,,2.0,,,,2012,MIS4_to_MIS8,new_york,0,2011-2012,0,1,0,0,retention
764399749600441,12,1.0,1,4,2,8900,89001,1,1,21,36,35620,81,1.0,1.0,,7,1,51,2.0,2,46,2,,1,1,1,1,2,57,57,57,1,0,0,1.0,1.0,,9.0,,29.0,,,23.0,,,7.0,2.0,0.0,1,2.0,1.0,1.0,9900.0,1000.0,1.0,,,,,13209.2888,3271.0348,0,0,0.0,0.0,0,0,49625,1,,,,,,,3250.5859,7870.0,2200.0,-1,,,,,,,440775.0,2011,623,620,0,0,0,0,0,18.0,8.0,40.0,2011,3.0,1,8,2,8900,89001,1,21,36,35620,81,1.0,1.0,,7,1,52,2.0,2,46,2,,1,1,1,2,57,57,57,1,0,0,2.0,1.0,,9.0,,32.0,,,23.0,,,7.0,2.0,0.0,1,2.0,,1.0,3500.0,315.0,1.0,,,,,15367.5434,3912.1285,0,0,1.0,1.0,22,42,48998,1,,,,,,,3864.1453,7870.0,,-1,,,,,,,438511.0,2012,635,620,0,0,0,0,0,18.0,,2.0,2200.0,8.0,40.0,2012,MIS4_to_MIS8,new_york,0,2011-2012,1,0,0,0,retention
880060094136969,12,1.0,1,4,2,8900,89001,1,1,21,36,35620,81,1.0,1.0,,7,3,59,1.0,2,39,1,4.0,2,1,2,1,2,365,365,365,4,0,14,2.0,1.0,,35.0,,35.0,,,,,,2.0,3.0,0.0,1,2.0,1.0,1.0,1100.0,385.0,2.0,1.0,,,,11038.7551,2896.3297,0,0,0.0,0.0,0,0,29918,2,1.0,,,,,,2841.7807,7860.0,2540.0,-1,,,,,,,440827.0,2011,623,620,0,0,0,0,0,12.0,8.0,40.0,2011,3.0,1,8,2,8900,89001,1,21,36,35620,81,1.0,1.0,,7,3,59,1.0,2,43,1,4.0,1,2,1,2,365,365,365,4,0,14,2.0,1.0,,45.0,,45.0,,,,,,2.0,3.0,0.0,1,2.0,,1.0,1600.0,720.0,1.0,,,,,9971.0766,2487.3102,0,0,0.0,0.0,0,0,19236,2,,,,1.0,1.0,,2493.107,7860.0,,-1,,,,,,,438562.0,2012,635,620,0,0,0,0,0,18.0,,1.0,2540.0,8.0,40.0,2012,MIS4_to_MIS8,new_york,0,2011-2012,1,0,0,0,retention
16559460969304,12,1.0,1,4,2,8900,89001,1,1,21,36,35620,103,2.0,1.0,,7,3,48,1.0,1,42,1,2.0,2,1,2,1,2,57,57,134,1,0,0,2.0,1.0,,50.0,,50.0,,,,,,2.0,3.0,0.0,1,1.0,2.0,2.0,,2884.61,1.0,,,,,12174.0295,3001.9637,4,2,1.0,,0,0,60398,2,,,5.0,,,,3078.7374,9470.0,3710.0,-1,,,,,,,440980.0,2011,623,620,0,0,0,1,0,16.0,12.0,51.0,2011,1.0,1,8,2,8900,89001,1,21,36,35620,103,2.0,1.0,,7,3,49,1.0,1,42,1,2.0,1,2,1,2,57,57,134,1,0,0,2.0,1.0,,48.0,,48.0,,,,,,2.0,3.0,0.0,1,2.0,,1.0,1500.0,720.0,1.0,,,,,13425.4117,3292.1274,4,1,1.0,1.0,0,42,56073,2,,,5.0,,,,3313.3359,9470.0,,-1,,,,,,,438734.0,2012,635,620,0,0,0,1,0,16.0,,1.0,3850.0,12.0,51.0,2012,MIS4_to_MIS8,new_york,0,2011-2012,1,0,0,0,retention
163147026902795,12,1.0,7,4,2,8900,89001,1,1,21,36,35620,103,2.0,1.0,,7,2,63,,2,40,1,,1,0,0,5,2,57,57,110,1,0,0,1.0,1.0,,35.0,13.0,31.0,,,13.0,,,4.0,3.0,0.0,1,2.0,1.0,1.0,2000.0,664.5,1.0,,,,,11323.2501,2720.1233,0,0,0.0,1.0,0,0,19402,1,,,2.0,,,,2762.0796,9570.0,5700.0,-1,,,,,,,441080.0,2011,623,620,0,0,0,0,0,13.0,17.0,51.0,2011,1.0,7,8,2,8900,89001,1,21,36,35620,103,2.0,1.0,,7,2,64,,2,40,1,,0,0,5,2,57,57,110,1,0,0,1.0,4.0,,,,,,,,26.0,2.0,11.0,3.0,0.0,2,,,,,,,,,,,12765.2735,3067.6683,0,0,,,0,0,19251,1,,,1.0,,,,3010.4739,9370.0,,-1,,,,,,,438841.0,2012,635,620,0,0,0,0,0,12.0,,1.0,5700.0,17.0,51.0,2012,MIS4_to_MIS8,new_york,0,2011-2012,1,0,0,0,retention
336059860269307,12,1.0,1,4,2,8900,89001,1,1,21,36,35620,103,2.0,1.0,,7,6,64,3.0,1,39,1,,2,2,1,1,2,120,120,120,4,21,15,2.0,5.0,,,,,,,,,,1.0,3.0,0.0,2,,,,,,,,,,,11033.2954,2765.0142,0,0,,,0,0,56559,2,1.0,,,,,,2753.9052,7860.0,4220.0,-1,,,,,,,441152.0,2011,623,620,0,0,0,0,0,12.0,14.0,40.0,2011,1.0,1,8,2,8900,89001,1,21,36,35620,103,2.0,1.0,,7,6,65,3.0,1,39,1,,2,1,1,2,120,120,120,4,21,3,2.0,5.0,,,,,,,,,,1.0,,,2,,,,,,,,,,,12915.8031,3229.4077,0,0,,,0,0,2041,2,1.0,,,,,,3181.8992,,,-1,,,,,,,438917.0,2012,635,620,0,0,0,0,0,12.0,,1.0,,,,2012,MIS4_to_MIS8,new_york,0,2011-2012,0,1,0,0,retention
350169007736950,12,1.0,4,4,2,8900,89001,1,1,21,36,10580,0,2.0,1.0,,4,1,52,,2,43,1,,1,1,1,5,2,57,57,57,1,0,0,1.0,1.0,,38.0,,38.0,,,,,,2.0,2.0,0.0,1,2.0,1.0,1.0,1800.0,1051.92,1.0,,,,,10660.3494,2739.9918,4,1,0.0,1.0,0,0,49460,1,,,,2.0,,,2763.2268,9370.0,150.0,-1,,,,,,,441157.0,2011,623,620,0,0,0,1,0,16.0,1.0,51.0,2011,1.0,4,8,2,8900,89001,1,21,36,10580,0,2.0,1.0,,4,1,53,,2,43,1,,1,1,5,2,57,57,57,1,0,0,1.0,1.0,,40.0,,40.0,,,,,,2.0,2.0,0.0,1,2.0,1.0,1.0,1395.0,1096.15,1.0,,,,,11116.4961,2753.7588,4,1,0.0,1.0,0,0,14848,1,,,,2.0,,,2800.6759,9390.0,,-1,,,,,,,438927.0,2012,635,620,0,0,0,1,0,16.0,,1.0,150.0,1.0,51.0,2012,MIS4_to_MIS8,new_york,0,2011-2012,1,0,0,0,retention
360368095736029,12,1.0,1,4,2,8900,89001,1,1,21,36,35620,103,2.0,1.0,,7,1,61,2.0,2,43,1,,1,1,1,1,2,57,57,57,1,0,0,1.0,1.0,,38.0,,38.0,,,,,,2.0,3.0,0.0,1,1.0,2.0,2.0,,1300.0,2.0,2.0,,,,12379.6557,2973.8979,0,0,0.0,,0,0,49662,1,,,,2.0,,,3019.7685,7860.0,5700.0,-1,,,,,,,441159.0,2011,623,620,0,0,0,0,0,16.0,17.0,40.0,2011,1.0,1,8,2,8900,89001,1,21,36,35620,103,2.0,1.0,,7,1,63,2.0,2,43,1,,1,1,1,2,57,57,57,1,0,0,1.0,5.0,,,,,,,,,,1.0,3.0,0.0,2,,,,,,,,,,,12191.8731,3067.6683,0,0,,,0,0,15264,1,,,,2.0,,,3049.5388,7860.0,,-1,,,,,,,438929.0,2012,635,620,0,0,0,0,0,16.0,,1.0,5700.0,17.0,40.0,2012,MIS4_to_MIS8,new_york,0,2011-2012,1,0,0,0,retention
394936704067609,12,1.0,1,4,2,8900,89001,1,1,21,36,35620,59,2.0,1.0,,7,1,55,2.0,2,44,1,,1,1,1,1,2,57,57,57,1,0,0,1.0,1.0,,38.0,,38.0,,,,,,2.0,3.0,0.0,1,2.0,2.0,2.0,,1432.0,1.0,,,,,11744.0945,3011.7209,0,0,1.0,,0,0,41197,1,,,,,,2.0,3023.361,7860.0,2330.0,-1,,,,,,1.0,441181.0,2011,623,620,0,0,0,0,0,18.0,8.0,40.0,2011,1.0,1,8,2,8900,89001,1,21,36,35620,59,2.0,1.0,,7,1,56,2.0,2,44,1,,1,1,1,2,57,57,57,1,0,0,1.0,1.0,,40.0,,40.0,,,,,,2.0,3.0,0.0,1,2.0,2.0,2.0,,1980.76,1.0,,,,,13200.8501,3245.724,0,0,0.0,,0,0,19220,1,,,,,,2.0,3300.6598,7860.0,,-1,,,,,,1.0,438955.0,2012,635,620,0,0,0,0,0,18.0,,1.0,2310.0,8.0,40.0,2012,MIS4_to_MIS8,new_york,0,2011-2012,1,0,0,0,retention
398916705054679,12,1.0,1,4,2,8900,89001,1,1,21,36,35620,0,2.0,1.0,,7,1,38,2.0,1,39,1,,1,1,1,1,2,57,120,120,1,0,0,1.0,1.0,,40.0,4.0,32.0,,,4.0,,,4.0,3.0,0.0,1,1.0,1.0,1.0,5017.0,2211.53,1.0,,,,,18374.4661,4462.4288,8,2,0.0,0.0,0,0,29963,1,1.0,,,,,,4539.1109,9470.0,3850.0,9140,,,,,,,441205.0,2011,623,620,0,1,1,0,1,12.0,12.0,51.0,2011,2.0,1,8,2,8900,89001,1,21,36,35620,0,2.0,1.0,,7,1,39,2.0,1,41,1,,1,1,1,2,57,120,120,1,0,0,2.0,1.0,,40.0,,40.0,,,,,,2.0,3.0,0.0,1,1.0,1.0,1.0,5500.0,2115.38,1.0,,,,,14661.5737,3682.9324,8,2,0.0,0.0,0,0,56046,1,,,3.0,,,,3720.2173,9470.0,,-1,,,,,,,438988.0,2012,635,620,0,1,1,0,1,14.0,,1.0,3850.0,12.0,51.0,2012,MIS4_to_MIS8,new_york,0,2011-2012,1,0,0,0,retention
400862092136739,12,1.0,6,4,2,8900,89001,1,1,21,36,10580,0,2.0,1.0,,4,2,30,,1,43,1,,1,0,0,7,2,57,57,57,1,0,0,1.0,1.0,,38.0,,38.0,,,,,,2.0,2.0,0.0,1,2.0,2.0,2.0,,1211.53,1.0,,,,,16801.3676,4075.755,0,0,0.0,,0,0,5706,1,,,,2.0,,,4108.4372,9380.0,1060.0,-1,,,,,,,441219.0,2011,623,620,0,0,0,0,0,16.0,3.0,51.0,2011,1.0,6,8,2,8900,89001,1,21,36,10580,0,2.0,1.0,,4,2,30,,1,43,1,,0,0,7,2,57,57,57,1,0,0,1.0,1.0,,38.0,,38.0,,,,,,2.0,2.0,0.0,1,2.0,2.0,2.0,,1288.46,1.0,,,,,12894.3383,3159.5175,0,0,0.0,,0,0,29618,1,,,,2.0,,,3198.6265,9380.0,,-1,,,,,,,438995.0,2012,635,620,0,0,0,0,0,16.0,,1.0,1060.0,3.0,51.0,2012,MIS4_to_MIS8,new_york,0,2011-2012,1,0,0,0,retention
400862092136739,12,1.0,6,4,2,8900,89001,1,1,21,36,10580,0,2.0,1.0,,4,14,31,,2,43,1,,2,0,0,7,2,57,57,57,1,0,0,2.0,1.0,,38.0,,39.0,,,,,,2.0,2.0,0.0,1,2.0,2.0,2.0,,1019.23,1.0,,,,,13033.1365,3206.1488,0,0,0.0,,0,0,5706,2,,,,2.0,,,3223.2219,9470.0,1720.0,-1,,,,,,,441220.0,2011,623,620,0,0,0,0,0,16.0,5.0,51.0,2011,1.0,6,8,2,8900,89001,1,21,36,10580,0,2.0,1.0,,4,14,32,,2,43,1,,0,0,7,2,57,57,57,1,0,0,2.0,1.0,,38.0,,38.0,,,,,,2.0,2.0,0.0,1,2.0,2.0,2.0,,1038.46,1.0,,,,,11476.1946,2886.4325,0,0,0.0,,0,0,29618,2,,,,2.0,,,2877.2279,9470.0,,-1,,,,,,,438996.0,2012,635,620,0,0,0,0,0,16.0,,1.0,3060.0,10.0,51.0,2012,MIS4_to_MIS8,new_york,0,2011-2012,1,0,0,0,retention
406907153995786,12,2.0,4,4,2,8900,89001,1,1,21,36,35620,0,2.0,1.0,,7,5,34,3.0,2,44,1,2.0,2,2,1,1,2,57,57,57,1,0,0,1.0,4.0,,,,,,,,23.0,5.0,11.0,3.0,0.0,2,,,,,,,,,,,11432.6175,3109.5876,6,2,,,0,0,15108,2,,,,,,2.0,2971.9635,7860.0,2310.0,-1,,,,,,,441224.0,2011,623,620,1,0,1,0,1,18.0,8.0,40.0,2011,2.0,4,8,2,8900,89001,1,21,36,35620,0,2.0,1.0,,7,5,34,3.0,2,44,1,2.0,2,1,1,2,57,57,57,1,0,0,1.0,7.0,,,,,,,,,,1.0,,,2,,,,,,,,,,,14413.7487,3592.3432,8,2,,,0,0,5828,2,,,,,,2.0,3653.0418,,,-1,,,,,,,439000.0,2012,635,620,0,1,1,0,1,18.0,,1.0,,,,2012,MIS4_to_MIS8,new_york,0,2011-2012,0,1,0,0,retention
463306076909794,12,1.0,1,4,2,8900,89001,1,1,21,36,35620,59,2.0,1.0,,7,1,37,2.0,2,36,1,4.0,1,1,1,1,2,312,312,312,4,40,6,1.0,1.0,,40.0,,40.0,,,,,,2.0,2.0,0.0,1,2.0,2.0,2.0,,769.0,1.0,,,,,13419.5127,3250.0628,4,1,1.0,,0,0,32964,1,,,,,,,3302.3055,9480.0,9610.0,-1,,,,,,,441234.0,2011,623,620,0,0,0,1,0,10.0,22.0,51.0,2011,1.0,1,8,2,8900,89001,1,21,36,35620,59,2.0,1.0,,7,1,37,2.0,2,34,1,4.0,1,1,1,2,312,312,312,5,40,6,1.0,1.0,,40.0,,40.0,,,,,,2.0,2.0,0.0,1,2.0,,1.0,1400.0,560.0,1.0,,,,,13868.4083,3388.4793,4,1,0.0,0.0,0,0,19221,1,,,,,,,3472.9766,8190.0,,-1,,,,,,,439010.0,2012,635,620,0,0,0,1,0,7.5,,1.0,4230.0,14.0,41.0,2012,MIS4_to_MIS8,new_york,0,2011-2012,1,0,0,0,retention
563879046907394,12,2.0,1,4,2,8900,89001,1,1,21,36,15380,0,2.0,1.0,,5,1,41,2.0,2,41,1,,1,1,1,1,2,57,57,57,1,0,0,2.0,1.0,,40.0,,40.0,,,,,,2.0,3.0,0.0,1,2.0,,1.0,1300.0,520.0,1.0,,,,,13126.9761,3215.0011,10,3,0.0,0.0,0,0,29682,1,,,3.0,,,,3230.3174,8270.0,3600.0,-1,,,,,,,441253.0,2011,623,620,0,0,1,1,0,14.0,11.0,42.0,2011,1.0,1,8,2,8900,89001,1,21,36,15380,0,2.0,1.0,,5,1,42,2.0,2,41,1,,1,1,1,2,57,57,57,1,0,0,1.0,1.0,,40.0,,40.0,,,,,,2.0,3.0,0.0,1,2.0,,1.0,1400.0,560.0,1.0,,,,,10692.0281,2638.3472,10,3,0.0,0.0,0,0,29414,1,,,2.0,,,,2677.5361,8270.0,,-1,,,,,,,439031.0,2012,635,620,0,0,1,1,0,13.0,,1.0,3600.0,11.0,42.0,2012,MIS4_to_MIS8,new_york,0,2011-2012,1,0,0,0,retention
563879046907394,12,2.0,1,4,2,8900,89001,1,1,21,36,15380,0,2.0,1.0,,5,3,46,1.0,1,39,1,,2,1,2,1,2,57,57,57,1,0,0,1.0,1.0,,40.0,,40.0,,,,,,2.0,3.0,0.0,1,2.0,,1.0,1900.0,760.0,1.0,,,,,11484.4,2865.1545,10,3,0.0,0.0,0,0,29682,2,1.0,,,,,,2904.3343,7860.0,4220.0,-1,,,,,,,441254.0,2011,623,620,0,0,1,1,0,12.0,14.0,40.0,2011,1.0,1,8,2,8900,89001,1,21,36,15380,0,2.0,1.0,,5,3,47,1.0,1,39,1,,1,2,1,2,57,57,57,1,0,0,2.0,1.0,,40.0,,40.0,,,,,,2.0,3.0,0.0,1,2.0,,1.0,2000.0,800.0,1.0,,,,,12098.913,2973.4485,10,3,0.0,0.0,0,0,29414,2,1.0,,,,,,2985.9615,7860.0,,-1,,,,,,,439032.0,2012,635,620,0,0,1,1,0,12.0,,1.0,7240.0,20.0,40.0,2012,MIS4_to_MIS8,new_york,0,2011-2012,1,0,0,0,retention
606908753991706,12,1.0,1,4,2,8900,89001,1,1,21,36,35620,0,2.0,1.0,,7,1,51,2.0,1,40,1,,1,1,1,1,2,57,57,120,1,0,0,1.0,1.0,,40.0,,47.0,,,,,,2.0,3.0,0.0,1,2.0,2.0,2.0,,576.92,2.0,2.0,,,,11742.2362,2955.7881,0,0,0.0,,0,0,32973,1,,,3.0,,,,2969.5395,9370.0,2825.0,-1,3.0,,,,,,441271.0,2011,623,620,0,0,0,0,0,14.0,9.0,51.0,2011,2.0,1,8,2,8900,89001,1,21,36,35620,0,2.0,1.0,,7,1,53,2.0,1,39,1,,1,1,1,2,57,57,120,1,0,0,2.0,1.0,,-4.0,,40.0,,,,,,2.0,3.0,0.0,1,2.0,2.0,2.0,,1230.0,2.0,2.0,,,,13263.4815,3224.995,0,0,1.0,,0,42,40683,1,2.0,8.0,,,,,3273.3722,9370.0,,-1,3.0,,,,,,439044.0,2012,635,620,0,0,0,0,0,12.0,,1.0,2825.0,9.0,51.0,2012,MIS4_to_MIS8,new_york,0,2011-2012,1,0,0,0,retention
630609944785973,12,2.0,1,4,2,8900,89001,1,1,21,36,15380,0,2.0,1.0,,5,1,52,2.0,2,40,1,,1,1,1,1,2,301,301,301,5,0,7,2.0,1.0,,40.0,,40.0,,,,,,2.0,3.0,0.0,1,2.0,2.0,2.0,,500.0,1.0,,,,,10660.3494,2739.9918,0,0,0.0,,0,0,19360,1,,,3.0,,,,2763.2268,7860.0,5820.0,-1,,,,,,,441309.0,2011,623,620,0,0,0,0,0,14.0,17.0,40.0,2011,1.0,1,8,2,8900,89001,1,21,36,15380,0,2.0,1.0,,5,1,53,2.0,2,40,1,,1,1,1,2,301,301,301,5,0,7,1.0,1.0,,40.0,,40.0,,,,,,2.0,3.0,0.0,1,2.0,,1.0,1500.0,600.0,1.0,,,,,11116.4961,2753.7588,0,0,0.0,0.0,0,0,29416,1,,,3.0,,,,2800.6759,7860.0,,-1,,,,,,,439081.0,2012,635,620,0,0,0,0,0,14.0,,1.0,5820.0,17.0,40.0,2012,MIS4_to_MIS8,new_york,0,2011-2012,1,0,0,0,retention
766397509600918,12,2.0,1,4,2,8900,89001,1,1,21,36,35620,0,2.0,1.0,,7,3,54,1.0,2,41,1,,2,1,2,1,2,57,57,57,1,0,0,1.0,1.0,,18.0,1.0,31.0,,,1.0,,,3.0,3.0,0.0,1,2.0,,1.0,1932.0,347.76,1.0,,,,,11185.3754,2874.9374,4,1,0.0,0.0,0,0,43606,2,,,1.0,,,,2899.3167,7860.0,4120.0,4030,,,,,,,441390.0,2011,623,620,0,0,0,1,0,12.0,13.0,40.0,2011,1.0,1,8,2,8900,89001,1,21,36,35620,0,2.0,1.0,,7,3,55,1.0,2,41,1,,1,2,1,2,57,57,57,1,0,0,2.0,1.0,,-4.0,4.0,30.0,,,4.0,,,4.0,3.0,0.0,1,2.0,2.0,1.0,1100.0,330.0,2.0,1.0,,,,13200.8501,3245.724,0,0,1.0,1.0,0,42,71464,2,,,3.0,,,,3300.6598,8680.0,,-1,,,,,,,439172.0,2012,635,620,0,0,0,0,0,14.0,,1.0,4030.0,13.0,46.0,2012,MIS4_to_MIS8,new_york,0,2011-2012,1,0,0,0,retention
860397929600924,12,1.0,6,4,2,8900,89001,1,1,21,36,40380,69,2.0,1.0,,5,2,65,,1,42,1,,1,0,0,3,2,57,57,57,1,0,0,1.0,1.0,,20.0,,20.0,,,21.0,,,7.0,3.0,0.0,1,2.0,1.0,1.0,3000.0,615.38,1.0,,,,,10675.146,2780.1791,0,0,0.0,0.0,0,0,41247,1,,,5.0,,,,2731.7234,9470.0,3820.0,-1,4.0,,,,,,441427.0,2011,623,620,0,0,0,0,0,16.0,12.0,51.0,2011,1.0,6,8,2,8900,89001,1,21,36,40380,69,2.0,1.0,,5,2,66,,1,42,1,,0,0,3,2,57,57,57,1,0,0,1.0,1.0,,20.0,,20.0,,,21.0,,,7.0,3.0,0.0,1,2.0,1.0,1.0,2900.0,615.38,1.0,,,,,11128.8967,2948.7553,0,0,0.0,0.0,0,0,1930,1,,,3.0,,,,2937.5881,9470.0,,-1,4.0,,,,,,439202.0,2012,635,620,0,0,0,0,0,14.0,,1.0,3820.0,12.0,51.0,2012,MIS4_to_MIS8,new_york,0,2011-2012,1,0,0,0,retention
906006636369400,12,1.0,1,4,2,8900,89001,1,1,21,36,35620,59,2.0,1.0,,7,3,45,1.0,1,40,1,,2,1,2,1,2,57,57,57,1,0,0,2.0,1.0,,40.0,,40.0,,,,,,2.0,3.0,0.0,1,2.0,1.0,1.0,1900.0,1769.23,1.0,,,,,12050.0108,3006.2643,0,0,0.0,1.0,0,0,14898,2,,,2.0,,,,3047.3738,9470.0,3820.0,-1,,,,,,,441455.0,2011,623,620,0,0,0,0,0,13.0,12.0,51.0,2011,2.0,1,8,2,8900,89001,1,21,36,35620,59,2.0,1.0,,7,3,46,1.0,1,40,1,,1,2,1,2,57,57,57,1,0,0,1.0,1.0,,40.0,5.0,16.0,,,5.0,,,4.0,3.0,0.0,1,2.0,2.0,2.0,,576.0,2.0,2.0,,,,13250.4459,3256.4511,0,0,1.0,,0,0,15048,2,,,2.0,,,,3270.155,9470.0,,-1,,,,,,,439227.0,2012,635,620,0,0,0,0,0,13.0,,1.0,3820.0,12.0,51.0,2012,MIS4_to_MIS8,new_york,0,2011-2012,1,0,0,0,retention
906908883795136,12,1.0,1,4,2,8900,89001,1,1,21,36,35620,103,2.0,1.0,,7,3,36,1.0,1,36,1,,2,1,2,1,2,57,57,57,1,0,0,2.0,1.0,,-4.0,,50.0,,,,,,2.0,3.0,0.0,1,2.0,,1.0,900.0,450.0,1.0,,,,,18374.4661,4462.4288,3,2,1.0,1.0,0,0,15158,2,,,,,,,4539.1109,9570.0,6660.0,-1,,,,,,,441471.0,2011,623,620,0,0,1,0,0,10.0,19.0,51.0,2011,1.0,1,8,2,8900,89001,1,21,36,35620,103,2.0,1.0,,7,3,37,1.0,1,39,1,,1,2,1,2,57,57,57,1,0,0,2.0,1.0,,40.0,,40.0,,,,,,2.0,3.0,0.0,1,1.0,2.0,2.0,,800.0,2.0,2.0,,,,14661.5737,3682.9324,3,2,1.0,,0,0,59940,2,1.0,,,,,,3720.2173,9570.0,,-1,,,,,,,439243.0,2012,635,620,0,0,1,0,0,12.0,,1.0,6660.0,19.0,51.0,2012,MIS4_to_MIS8,new_york,0,2011-2012,1,0,0,0,retention
982046868369540,12,2.0,1,4,2,8900,89001,1,1,21,36,40380,55,2.0,1.0,,5,3,40,1.0,2,44,1,,2,1,2,1,2,57,57,57,1,0,0,1.0,1.0,,50.0,,50.0,,,,,,2.0,3.0,0.0,1,2.0,,1.0,3741.0,1870.5,1.0,,,,,13126.9761,3215.0011,4,1,1.0,1.0,0,42,1794,2,,,,,,2.0,3230.3174,7860.0,2310.0,-1,,,,,,,441526.0,2011,623,620,0,0,0,1,0,18.0,8.0,40.0,2011,2.0,1,8,2,8900,89001,1,21,36,40380,55,2.0,1.0,,5,3,41,1.0,2,44,1,,1,2,1,2,57,57,57,1,0,0,1.0,1.0,,65.0,,65.0,,,,,,2.0,3.0,0.0,1,2.0,2.0,2.0,,1000.0,1.0,,,,,10692.0281,2638.3472,4,1,0.0,,0,0,40559,2,,,,,,2.0,2677.5361,7860.0,,-1,,,,,,,439295.0,2012,635,620,0,0,0,1,0,18.0,,1.0,2310.0,8.0,40.0,2012,MIS4_to_MIS8,new_york,0,2011-2012,1,0,0,0,retention
63969086909566,12,1.0,1,4,2,8900,89001,1,1,21,36,0,0,3.0,2.0,,0,1,63,2.0,2,39,1,,1,1,1,1,2,57,57,57,1,0,0,1.0,1.0,,35.0,,35.0,,,,,,2.0,3.0,0.0,1,2.0,,1.0,1500.0,525.0,1.0,,,,,11088.2546,2663.6716,0,0,0.0,0.0,0,0,19405,1,1.0,,,,,,2704.7571,7860.0,4020.0,-1,,,,,,,441555.0,2011,623,620,0,0,0,0,0,12.0,13.0,40.0,2011,1.0,1,8,2,8900,89001,1,21,36,0,0,3.0,2.0,,0,1,64,2.0,2,39,1,,1,1,1,2,57,57,57,1,0,0,1.0,1.0,,35.0,,35.0,,,,,,2.0,3.0,0.0,1,2.0,1.0,1.0,1700.0,575.0,1.0,,,,,11764.5218,2930.0973,0,0,0.0,0.0,0,0,40775,1,1.0,,,,,,2933.1289,7860.0,,-1,,,,,,,439327.0,2012,635,620,0,0,0,0,0,12.0,,1.0,4020.0,13.0,40.0,2012,MIS4_to_MIS8,new_york,0,2011-2012,1,0,0,0,retention
206904433996996,12,1.0,4,4,2,8900,89001,1,1,21,36,0,13,3.0,2.0,,0,1,48,,2,43,1,,1,1,1,5,2,57,57,57,1,0,0,1.0,4.0,,,,,,,,50.0,2.0,11.0,3.0,0.0,2,,,,,,,,,,,10833.4365,2954.128,4,1,,,0,0,19359,1,,,,2.0,,,2816.2035,9570.0,430.0,-1,,,,,,,441566.0,2011,623,620,0,0,0,1,0,16.0,1.0,51.0,2011,1.0,4,8,2,8900,89001,1,21,36,0,13,3.0,2.0,,0,1,48,,2,43,1,,1,1,5,2,57,57,57,1,0,0,1.0,1.0,,40.0,,40.0,,,,,,2.0,4.0,0.0,1,2.0,,1.0,3000.0,1200.0,2.0,2.0,,,,12606.5039,3091.2892,4,1,0.0,0.0,0,0,40459,1,,,,2.0,,,3176.0666,7390.0,,-1,,,,,,,439338.0,2012,635,620,0,0,0,1,0,16.0,,1.0,710.0,2.0,36.0,2012,MIS4_to_MIS8,new_york,0,2011-2012,0,1,0,1,retention
363166046909562,12,1.0,1,4,2,8900,89001,1,1,21,36,0,0,3.0,2.0,,0,3,53,1.0,2,39,1,,2,1,2,1,2,57,57,57,1,0,0,2.0,1.0,,37.0,,37.0,,,,,,2.0,3.0,0.0,1,2.0,,1.0,1450.0,536.5,2.0,2.0,,,,10953.2413,2815.2728,0,0,0.0,0.0,0,0,32953,2,1.0,,,,,,2839.1461,8570.0,4620.0,-1,,,,,,,441598.0,2011,623,620,0,0,0,0,0,12.0,15.0,44.0,2011,2.0,1,8,2,8900,89001,1,21,36,0,0,3.0,2.0,,0,3,54,1.0,2,39,1,,1,2,1,2,57,57,57,1,0,0,1.0,1.0,,37.0,,37.0,,,,,,2.0,3.0,0.0,1,2.0,2.0,2.0,,450.0,2.0,1.0,,,,11628.5536,2880.6048,0,0,1.0,,0,0,14892,2,1.0,,,,,,2929.6831,8590.0,,-1,,,,,,,439380.0,2012,635,620,0,0,0,0,0,12.0,,1.0,4620.0,15.0,44.0,2012,MIS4_to_MIS8,new_york,0,2011-2012,1,0,0,0,retention
396996102013679,12,3.0,1,4,2,8900,89001,1,1,21,36,0,0,3.0,2.0,,0,1,47,2.0,2,44,1,,1,1,1,1,2,57,57,57,1,0,0,2.0,1.0,,40.0,,40.0,,,,,,2.0,2.0,0.0,1,2.0,2.0,2.0,,1538.0,1.0,,,,,11593.0627,2954.128,0,0,1.0,,0,42,70612,1,,,,,,3.0,3004.9917,7860.0,2310.0,-1,,,,,,,441619.0,2011,623,620,0,0,0,0,0,18.0,8.0,40.0,2011,1.0,1,8,2,8900,89001,1,21,36,0,0,3.0,2.0,,0,1,49,2.0,2,44,1,,1,1,1,2,57,57,57,1,0,0,1.0,1.0,,40.0,4.0,32.0,,,4.0,,,4.0,2.0,0.0,1,2.0,1.0,1.0,4200.0,1633.55,1.0,,,,,12606.5039,3091.2892,0,0,0.0,0.0,0,0,15245,1,,,,,,3.0,3176.0666,8090.0,,-1,,,,,,,439401.0,2012,635,620,0,0,0,0,0,18.0,,1.0,2010.0,6.0,42.0,2012,MIS4_to_MIS8,new_york,0,2011-2012,1,0,0,0,retention
396996102013679,12,3.0,1,4,2,8900,89001,1,1,21,36,0,0,3.0,2.0,,0,4,27,,1,42,1,,3,1,3,7,2,57,57,57,1,0,0,1.0,1.0,,40.0,,37.0,,,,,,2.0,3.0,0.0,1,2.0,,1.0,1000.0,400.0,2.0,2.0,,,,21878.9378,5313.0978,0,0,0.0,0.0,0,0,70612,3,,,5.0,,,,5350.0551,9470.0,2000.0,2720,,,,,1.0,1.0,441621.0,2011,623,620,0,0,0,0,0,16.0,6.0,51.0,2011,1.0,1,8,2,8900,89001,1,21,36,0,0,3.0,2.0,,0,4,27,,1,42,1,,1,3,7,2,57,57,57,1,0,0,2.0,1.0,,40.0,,43.0,,,,,,2.0,2.0,0.0,1,2.0,,1.0,1000.0,30.0,2.0,2.0,,,,14037.6761,3385.4729,0,0,0.0,0.0,0,0,15245,3,,,5.0,,,,3482.2479,9480.0,,2720,,,,,1.0,1.0,439403.0,2012,635,620,0,0,0,0,0,16.0,,1.0,4640.0,15.0,51.0,2012,MIS4_to_MIS8,new_york,0,2011-2012,1,0,0,0,retention
399946903062649,12,2.0,1,4,2,8900,89001,1,1,21,36,0,13,3.0,2.0,,0,1,56,2.0,1,39,1,,1,1,1,1,2,57,57,57,1,0,0,2.0,1.0,,40.0,,40.0,,,,,,2.0,2.0,0.0,1,2.0,1.0,1.0,4000.0,807.69,1.0,,,,,11489.9355,2926.7122,0,0,0.0,1.0,0,0,14693,1,1.0,,,,,,2971.4695,7870.0,6600.0,-1,,,,,,,441624.0,2011,623,620,0,0,0,0,0,12.0,19.0,40.0,2011,2.0,1,8,2,8900,89001,1,21,36,0,13,3.0,2.0,,0,1,56,2.0,1,39,1,,1,1,1,2,57,57,57,1,0,0,2.0,1.0,,40.0,,40.0,,,,,,2.0,2.0,0.0,1,2.0,1.0,1.0,1625.0,615.38,1.0,,,,,12591.3357,3171.8975,0,0,0.0,1.0,0,0,14901,1,1.0,,,,,,3224.8415,7870.0,,-1,,,,,,,439406.0,2012,635,620,0,0,0,0,0,12.0,,1.0,7340.0,20.0,40.0,2012,MIS4_to_MIS8,new_york,0,2011-2012,1,0,0,0,retention
654036966369210,12,2.0,1,4,2,8900,89001,1,1,21,36,0,0,3.0,2.0,,0,1,58,2.0,1,42,1,,1,1,1,1,2,57,57,57,1,0,0,2.0,1.0,,40.0,,40.0,,,,,,2.0,2.0,0.0,1,2.0,,1.0,4000.0,1600.0,1.0,,,,,11489.9355,2926.7122,0,0,1.0,1.0,0,0,29633,1,,,3.0,,,,2971.4695,9570.0,6530.0,-1,,,,,,,441657.0,2011,623,620,0,0,0,0,0,14.0,19.0,51.0,2011,2.0,1,8,2,8900,89001,1,21,36,0,0,3.0,2.0,,0,1,59,2.0,1,41,1,,1,1,1,2,57,57,57,1,0,0,2.0,1.0,,40.0,,40.0,,,,,,2.0,2.0,0.0,1,1.0,,1.0,3400.0,1360.0,1.0,,,,,12591.3357,3171.8975,0,0,1.0,1.0,0,0,62400,1,,,3.0,,,,3224.8415,770.0,,-1,,,,,,,439438.0,2012,635,620,0,0,0,0,0,14.0,,1.0,6730.0,19.0,4.0,2012,MIS4_to_MIS8,new_york,0,2011-2012,1,0,0,0,retention
654036966369210,12,2.0,1,4,2,8900,89001,1,1,21,36,0,0,3.0,2.0,,0,3,54,1.0,2,40,1,,2,1,2,1,2,57,57,57,1,0,0,1.0,4.0,,,,,,,,35.0,2.0,11.0,3.0,0.0,2,,,,,,,,,,,10682.2521,2815.2728,0,0,,,0,0,29633,2,,,3.0,,,,2776.9024,9370.0,5000.0,-1,,,,,,,441658.0,2011,623,620,0,0,0,0,0,14.0,17.0,51.0,2011,2.0,1,8,2,8900,89001,1,21,36,0,0,3.0,2.0,,0,3,55,1.0,2,40,1,,1,2,1,2,57,57,57,1,0,0,1.0,4.0,,,,,,,,63.0,2.0,11.0,3.0,0.0,2,,,,,,,,,,,13657.4325,3100.168,0,0,,,0,0,62400,2,,,1.0,,,,3220.8746,9370.0,,-1,,,,,,,439439.0,2012,635,620,0,0,0,0,0,12.0,,1.0,5000.0,17.0,51.0,2012,MIS4_to_MIS8,new_york,0,2011-2012,1,0,0,0,retention
963288006909992,12,1.0,1,4,2,8900,89001,1,1,21,36,0,0,3.0,2.0,,0,1,61,2.0,2,39,1,,1,1,1,1,2,57,57,57,1,0,0,1.0,1.0,,27.0,,48.0,,,,,,2.0,3.0,0.0,1,2.0,1.0,1.0,2368.0,583.0,1.0,,,,,12122.7362,2912.1795,0,0,0.0,0.0,0,0,60387,1,1.0,,,,,,2957.0981,7860.0,9120.0,5120,,,,,,,441687.0,2011,623,620,0,0,0,0,0,12.0,22.0,40.0,2011,1.0,7,8,2,8900,89001,1,21,36,0,0,3.0,2.0,,0,2,62,,2,39,1,,0,0,4,2,57,57,57,1,0,0,1.0,1.0,,28.0,,44.0,,,,,,2.0,3.0,0.0,1,2.0,1.0,1.0,2416.0,625.0,1.0,,,,,12355.3199,3077.2428,0,0,0.0,0.0,0,0,49026,1,1.0,,,,,,3080.4266,7860.0,,5120,,,,,,,439467.0,2012,635,620,0,0,0,0,0,12.0,,1.0,9120.0,22.0,40.0,2012,MIS4_to_MIS8,new_york,0,2011-2012,1,0,0,0,retention
610850559490063,12,1.0,7,4,2,8900,89001,1,1,21,36,39100,71,,1.0,,4,2,51,,2,42,2,,1,0,0,5,2,333,333,333,4,0,9,1.0,1.0,,40.0,,40.0,,,,,,2.0,3.0,0.0,1,2.0,2.0,2.0,,2500.0,1.0,,,,,12641.6349,3113.0201,0,0,0.0,,0,0,29855,1,,,3.0,,,,3110.8957,9470.0,3820.0,-1,,,,,,,441739.0,2011,623,620,0,0,0,0,0,14.0,12.0,51.0,2011,1.0,4,8,2,8900,89001,1,21,36,39100,71,,1.0,,4,1,52,,2,42,2,,1,1,5,2,333,333,333,4,0,9,1.0,1.0,,40.0,,60.0,,,,,,2.0,3.0,0.0,1,2.0,2.0,2.0,,2307.69,1.0,,,,,12423.4603,3105.4057,0,0,0.0,,0,0,56004,1,,,3.0,,,,3123.8601,9470.0,,-1,,,,,,,439532.0,2012,635,620,0,0,0,0,0,14.0,,2.0,3850.0,12.0,51.0,2012,MIS4_to_MIS8,new_york,0,2011-2012,1,0,0,0,retention
800865092636339,12,2.0,1,4,2,8900,89001,1,1,21,36,46540,0,,1.0,,3,1,32,2.0,1,43,1,,1,1,1,1,2,57,57,57,1,0,0,2.0,1.0,,40.0,,40.0,,,,,,2.0,2.0,0.0,1,2.0,2.0,2.0,,1265.53,1.0,,,,,16801.3676,4075.755,1,1,0.0,,0,0,29837,1,,,,2.0,,,4108.4372,9470.0,2015.0,-1,1.0,2.0,,,,,441763.0,2011,623,620,1,0,0,0,1,16.0,6.0,51.0,2011,1.0,1,8,2,8900,89001,1,21,36,46540,0,,1.0,,3,1,33,2.0,1,43,1,,1,1,1,2,57,57,57,1,0,0,1.0,1.0,,40.0,,40.0,,,,,,2.0,2.0,0.0,1,1.0,2.0,2.0,,1346.15,1.0,,,,,12894.3383,3159.5175,1,1,0.0,,0,0,5807,1,,,,2.0,,,3198.6265,9470.0,,-1,1.0,2.0,,,,,439556.0,2012,635,620,1,0,0,0,1,16.0,,1.0,2015.0,6.0,51.0,2012,MIS4_to_MIS8,new_york,0,2011-2012,1,0,0,0,retention
800865092636339,12,2.0,1,4,2,8900,89001,1,1,21,36,46540,0,,1.0,,3,3,33,1.0,2,44,1,,2,1,2,1,2,57,57,57,1,0,0,1.0,1.0,,35.0,,35.0,,,,,,2.0,3.0,0.0,1,2.0,2.0,2.0,,1006.17,1.0,,,,,13033.1365,3206.1488,1,1,0.0,,0,0,29837,2,,,,,,2.0,3223.2219,7860.0,2310.0,-1,,,,,,,441764.0,2011,623,620,1,0,0,0,1,18.0,8.0,40.0,2011,1.0,1,8,2,8900,89001,1,21,36,46540,0,,1.0,,3,3,34,1.0,2,44,1,,1,2,1,2,57,57,57,1,0,0,2.0,1.0,,40.0,,40.0,,,,,,2.0,3.0,0.0,1,2.0,2.0,2.0,,1000.0,1.0,,,,,11476.1946,2886.4325,1,1,0.0,,0,0,5807,2,,,,,,2.0,2877.2279,7860.0,,-1,,,,,,,439557.0,2012,635,620,1,0,0,0,1,18.0,,1.0,2310.0,8.0,40.0,2012,MIS4_to_MIS8,new_york,0,2011-2012,1,0,0,0,retention
886329560309306,12,2.0,1,4,2,8900,89001,1,1,21,36,46540,0,,1.0,,3,1,49,2.0,1,40,1,,1,1,1,1,2,57,57,57,1,0,0,2.0,1.0,,40.0,,36.0,,,,,,2.0,2.0,0.0,1,2.0,1.0,1.0,3200.0,1269.5,1.0,,,,,11484.4,2865.1545,0,0,0.0,0.0,0,0,14986,1,,,3.0,,,,2904.3343,9470.0,7000.0,-1,,,,,,,441779.0,2011,623,620,0,0,0,0,0,14.0,20.0,51.0,2011,2.0,1,8,2,8900,89001,1,21,36,46540,0,,1.0,,3,1,49,2.0,1,40,1,,1,1,1,2,57,57,57,1,0,0,2.0,1.0,,40.0,,40.0,,,,,,2.0,2.0,0.0,1,2.0,1.0,1.0,2000.0,1350.0,1.0,,,,,12098.913,2973.4485,0,0,0.0,1.0,0,0,40640,1,,,2.0,,,,2985.9615,9470.0,,-1,,,,,,,439572.0,2012,635,620,0,0,0,0,0,13.0,,1.0,140.0,1.0,51.0,2012,MIS4_to_MIS8,new_york,0,2011-2012,1,0,0,0,retention
289240092350964,12,1.0,6,4,2,8900,89001,1,1,23,42,38300,3,1.0,1.0,,5,2,38,,1,39,2,,1,0,0,7,2,57,57,57,1,0,0,1.0,1.0,,40.0,,40.0,,,,,,2.0,3.0,0.0,1,2.0,,1.0,1200.0,480.0,1.0,,,,,10678.821,2828.3247,0,0,0.0,0.0,0,0,2467,1,1.0,,,,,,2772.4667,7070.0,9620.0,-1,,,,,,,445035.0,2011,623,620,0,0,0,0,0,12.0,22.0,34.0,2011,1.0,6,8,2,8900,89001,1,23,42,38300,3,1.0,1.0,,5,2,39,,1,39,2,,0,0,7,2,57,57,57,1,0,0,1.0,4.0,,,,,,,,15.0,2.0,11.0,3.0,0.0,2,,,,,,,,,,,12093.4986,3365.5574,0,0,,,0,0,2515,1,1.0,,,,,,3056.827,7070.0,,-1,,,,,,,442750.0,2012,635,620,0,0,0,0,0,12.0,,2.0,9620.0,22.0,34.0,2012,MIS4_to_MIS8,pennsylvania,0,2011-2012,1,0,0,0,retention
372299160839402,12,1.0,3,4,2,8900,89001,1,1,23,42,37980,101,1.0,1.0,,7,1,28,,1,40,2,,1,1,1,7,2,57,57,57,1,0,0,1.0,1.0,,40.0,,40.0,,,,,,2.0,2.0,0.0,1,2.0,,1.0,1034.0,413.6,1.0,,,,,15403.4754,3941.8514,7,2,1.0,1.0,0,0,42003,1,,,2.0,,,,3845.4381,9570.0,9130.0,-1,,,,,,,445053.0,2011,623,620,1,0,0,1,1,13.0,22.0,51.0,2011,1.0,3,8,2,8900,89001,1,23,42,37980,101,1.0,1.0,,7,1,29,,1,40,2,,1,1,7,2,57,57,57,1,0,0,1.0,1.0,,40.0,,40.0,,,,,,2.0,2.0,0.0,1,1.0,1.0,1.0,1050.0,700.0,1.0,,,,,14290.5172,3850.4134,7,2,1.0,1.0,0,0,49514,1,,,2.0,,,,3749.1142,9570.0,,-1,,,,,,,442768.0,2012,635,620,1,0,0,1,1,13.0,,2.0,9140.0,22.0,51.0,2012,MIS4_to_MIS8,pennsylvania,0,2011-2012,1,0,0,0,retention
565499889200916,12,1.0,7,4,2,8900,89001,1,1,23,42,38300,3,1.0,1.0,,5,2,63,,2,40,1,,1,0,0,5,2,57,57,57,1,0,0,1.0,1.0,,38.0,,38.0,,,,,,2.0,2.0,0.0,1,2.0,,1.0,1850.0,703.0,1.0,,,,,11356.7111,2779.8517,0,0,0.0,0.0,0,0,60656,1,,,1.0,,,,2770.2417,9380.0,930.0,-1,,,,,,,445101.0,2011,623,620,0,0,0,0,0,12.0,2.0,51.0,2011,1.0,7,8,2,8900,89001,1,23,42,38300,3,1.0,1.0,,5,2,63,,2,40,1,,0,0,5,2,57,57,57,1,0,0,1.0,1.0,,37.0,,37.0,,,,,,2.0,2.0,0.0,1,2.0,,1.0,1905.0,704.85,1.0,,,,,12464.9604,3191.5969,0,0,0.0,0.0,0,0,30268,1,,,1.0,,,,3107.7621,9380.0,,-1,,,,,,,442817.0,2012,635,620,0,0,0,0,0,12.0,,1.0,930.0,2.0,51.0,2012,MIS4_to_MIS8,pennsylvania,0,2011-2012,1,0,0,0,retention
824961056909598,12,1.0,6,4,2,8900,89001,1,1,23,42,38300,3,1.0,1.0,,5,2,50,,1,39,1,,1,0,0,7,2,57,57,57,1,0,0,1.0,1.0,,40.0,,40.0,,,,,,2.0,3.0,0.0,1,2.0,2.0,2.0,,1153.0,1.0,,,,,11688.3348,2997.9659,0,0,1.0,,0,42,30647,1,1.0,,,,,,2955.9082,9370.0,6440.0,-1,,,,,,,445129.0,2011,623,620,0,0,0,0,0,12.0,19.0,51.0,2011,1.0,6,8,2,8900,89001,1,23,42,38300,3,1.0,1.0,,5,2,51,,1,39,1,,0,0,7,2,57,57,57,1,0,0,,1.0,,40.0,,40.0,,,,,,2.0,3.0,0.0,1,1.0,,1.0,1750.0,1100.0,1.0,,,,,12425.0734,3105.8455,0,0,1.0,1.0,0,41,60252,1,1.0,,,,,,3066.4566,9370.0,,-1,,,,,,,442839.0,2012,635,620,0,0,0,0,0,12.0,,1.0,6440.0,19.0,51.0,2012,MIS4_to_MIS8,pennsylvania,0,2011-2012,1,0,0,0,retention
892529460239400,12,1.0,1,4,2,8900,89001,1,1,23,42,38300,3,1.0,1.0,,5,3,40,1.0,1,39,2,,2,1,2,1,2,57,57,57,1,0,0,2.0,1.0,,40.0,,40.0,,,,,,2.0,3.0,0.0,1,2.0,,1.0,1450.0,580.0,1.0,,,,,10977.7529,2907.4526,10,3,1.0,1.0,0,42,60655,2,1.0,,,,,,2850.0763,9370.0,9620.0,-1,2.0,,,,,,445139.0,2011,623,620,0,0,1,1,0,12.0,22.0,51.0,2011,1.0,1,8,2,8900,89001,1,23,42,38300,3,1.0,1.0,,5,3,41,1.0,1,39,2,,1,2,1,2,57,57,57,1,0,0,2.0,1.0,,40.0,,40.0,,,,,,2.0,3.0,0.0,1,2.0,2.0,2.0,,150.0,2.0,2.0,,,,10266.1773,2616.499,10,3,1.0,,0,42,69557,2,1.0,,,,,,2586.6432,9370.0,,-1,2.0,,,,,,442848.0,2012,635,620,0,0,1,1,0,12.0,,2.0,9620.0,22.0,51.0,2012,MIS4_to_MIS8,pennsylvania,0,2011-2012,1,0,0,0,retention
960052678469750,12,1.0,4,4,2,8900,89001,1,1,23,42,37980,101,1.0,1.0,,7,1,26,,2,42,2,,1,1,1,7,2,57,57,57,1,0,0,1.0,1.0,,40.0,,40.0,,,,,,2.0,3.0,0.0,1,2.0,2.0,2.0,,295.0,2.0,2.0,,,,15117.7276,3835.2819,1,1,1.0,,0,0,50127,1,,,1.0,,,,3971.6738,9470.0,3800.0,-1,,,,,,,445162.0,2011,623,620,1,0,0,0,1,12.0,12.0,51.0,2011,1.0,4,8,2,8900,89001,1,23,42,37980,101,1.0,1.0,,7,1,28,,2,42,2,,1,1,7,2,57,57,57,1,0,0,1.0,1.0,,40.0,,60.0,,,,,,2.0,2.0,0.0,1,2.0,,1.0,1350.0,540.0,1.0,,,,,13300.3451,3238.7948,2,1,1.0,1.0,0,42,41435,1,,,3.0,,,,3356.9886,9470.0,,-1,,,,,,,442868.0,2012,635,620,0,1,0,0,1,14.0,,2.0,3800.0,12.0,51.0,2012,MIS4_to_MIS8,pennsylvania,0,2011-2012,1,0,0,0,retention
980823093446039,12,1.0,1,4,2,8900,89001,1,1,23,42,37980,101,1.0,1.0,,7,1,56,2.0,1,43,1,2.0,1,1,1,1,2,57,57,57,1,0,0,1.0,1.0,,40.0,,40.0,,,,,,2.0,3.0,0.0,1,2.0,2.0,2.0,,1670.0,2.0,2.0,,,,14713.8443,3774.605,0,0,0.0,,0,0,56995,1,,,,2.0,,,3805.2206,9370.0,430.0,-1,,,,,,,445166.0,2011,623,620,0,0,0,0,0,16.0,1.0,51.0,2011,1.0,1,8,2,8900,89001,1,23,42,37980,101,1.0,1.0,,7,1,57,2.0,1,43,1,2.0,1,1,1,2,57,57,57,1,0,0,1.0,1.0,,40.0,,40.0,,,,,,2.0,3.0,0.0,1,2.0,2.0,2.0,,1673.07,2.0,2.0,,,,13553.6374,3502.2531,0,0,0.0,,0,0,49517,1,,,,2.0,,,3471.3023,770.0,,-1,,,,,,,442872.0,2012,635,620,0,0,0,0,0,16.0,,1.0,220.0,1.0,4.0,2012,MIS4_to_MIS8,pennsylvania,0,2011-2012,1,0,0,0,retention
289360720680964,12,2.0,1,4,2,8900,89001,1,1,23,42,38300,129,2.0,1.0,,5,1,40,2.0,1,43,1,,1,1,1,1,2,57,57,57,1,0,0,2.0,1.0,,40.0,,40.0,,,,,,2.0,2.0,0.0,1,2.0,1.0,1.0,3000.0,1200.0,2.0,2.0,,,,11181.0347,2790.1082,3,3,0.0,0.0,0,0,2701,1,,,,1.0,1.0,,2762.0915,9470.0,3710.0,-1,2.0,3.0,,,,,445397.0,2011,623,620,0,0,1,0,0,18.0,12.0,51.0,2011,2.0,1,8,2,8900,89001,1,23,42,38300,129,2.0,1.0,,5,1,42,2.0,1,43,1,,1,1,1,2,57,57,57,1,0,0,2.0,1.0,,40.0,,40.0,,,,,,2.0,2.0,0.0,1,2.0,,1.0,3000.0,1200.0,2.0,2.0,,,,9483.7447,2438.6408,3,3,0.0,0.0,0,0,30562,1,,,,1.0,1.0,,2406.3987,9470.0,,-1,2.0,3.0,,,,,443106.0,2012,635,620,0,0,1,0,0,18.0,,1.0,3710.0,12.0,51.0,2012,MIS4_to_MIS8,pennsylvania,0,2011-2012,1,0,0,0,retention
306907304793432,12,1.0,7,4,2,8900,89001,1,1,23,42,38300,129,2.0,1.0,,5,2,31,,2,44,1,,1,0,0,7,2,57,57,57,1,0,0,1.0,1.0,,40.0,,40.0,,,,,,2.0,3.0,0.0,1,2.0,2.0,2.0,,1153.84,1.0,,,,,10851.776,2720.1141,0,0,0.0,,0,0,33055,1,,,,,,3.0,2683.7502,7860.0,2320.0,-1,,,,,,,445412.0,2011,623,620,0,0,0,0,0,18.0,8.0,40.0,2011,1.0,7,8,2,8900,89001,1,23,42,38300,129,2.0,1.0,,5,2,32,,2,44,1,,0,0,7,2,57,57,57,1,0,0,1.0,1.0,,40.0,,40.0,,,,,,2.0,3.0,0.0,1,2.0,2.0,2.0,,1153.84,1.0,,,,,10840.9268,2803.1045,0,0,0.0,,0,0,19513,1,,,,,,3.0,2717.9582,7860.0,,-1,,,,,,,443129.0,2012,635,620,0,0,0,0,0,18.0,,1.0,2320.0,8.0,40.0,2012,MIS4_to_MIS8,pennsylvania,0,2011-2012,1,0,0,0,retention
495986905096269,12,1.0,4,4,2,8900,89001,1,1,23,42,38300,7,2.0,1.0,,5,14,26,,1,39,1,,2,0,0,7,2,57,57,57,1,0,0,2.0,1.0,,40.0,,40.0,,,,,,2.0,3.0,0.0,1,2.0,,1.0,2100.0,840.0,2.0,2.0,,,,14638.0814,3622.0738,8,2,1.0,1.0,0,42,60660,2,1.0,,,,,,3579.449,8270.0,7330.0,-1,,,,,,,445474.0,2011,623,620,0,1,1,0,1,12.0,20.0,42.0,2011,1.0,1,8,2,8900,89001,1,23,42,38300,7,2.0,1.0,,5,3,27,1.0,1,39,1,,1,2,1,2,57,57,57,1,0,0,2.0,1.0,,40.0,4.0,1.0,,,4.0,,,4.0,3.0,0.0,1,2.0,1.0,1.0,1995.0,950.0,1.0,,,,,10698.4242,2652.4873,8,2,0.0,0.0,0,0,41259,2,1.0,,,,,,2653.8983,8270.0,,-1,,,,,,,443196.0,2012,635,620,0,1,1,0,1,12.0,,1.0,4250.0,14.0,42.0,2012,MIS4_to_MIS8,pennsylvania,0,2011-2012,1,0,0,0,retention
606906854999952,12,1.0,1,4,2,8900,89001,1,1,23,42,38300,7,2.0,1.0,,5,3,60,1.0,2,39,1,,2,1,2,1,2,57,57,57,1,0,0,2.0,1.0,,40.0,,40.0,,,,,,2.0,3.0,0.0,1,2.0,,1.0,3000.0,1200.0,1.0,,,,,12143.1539,2972.3541,0,0,1.0,1.0,0,0,15907,2,1.0,,,,,,2962.0786,8270.0,3500.0,-1,,,,,,,445535.0,2011,623,620,0,0,0,0,0,12.0,10.0,42.0,2011,1.0,1,8,2,8900,89001,1,23,42,38300,7,2.0,1.0,,5,3,61,1.0,2,41,1,,1,2,1,2,57,57,57,1,0,0,2.0,1.0,,40.0,,40.0,,,,,,2.0,2.0,0.0,1,2.0,1.0,1.0,1464.0,755.0,1.0,,,,,12642.4114,3237.0325,0,0,1.0,1.0,0,0,6147,2,,,3.0,,,,3152.0042,8270.0,,-1,,,,,,,443261.0,2012,635,620,0,0,0,0,0,14.0,,1.0,3500.0,10.0,42.0,2012,MIS4_to_MIS8,pennsylvania,0,2011-2012,1,0,0,0,retention
724511046909599,12,2.0,1,4,2,8900,89001,1,1,23,42,38300,125,2.0,1.0,,5,1,48,2.0,2,44,1,,1,1,1,1,2,57,57,57,1,0,0,2.0,1.0,,50.0,,50.0,,,,,,2.0,3.0,0.0,1,2.0,2.0,2.0,,596.15,1.0,,,,,11612.5883,3015.1694,4,1,0.0,,0,0,43642,1,,,,,,2.0,3010.0529,7860.0,2310.0,-1,,,,,,,445578.0,2011,623,620,0,0,0,1,0,18.0,8.0,40.0,2011,2.0,1,8,2,8900,89001,1,23,42,38300,125,2.0,1.0,,5,1,49,2.0,2,44,1,,1,1,1,2,57,57,57,1,0,0,2.0,1.0,,50.0,,50.0,,,,,,2.0,4.0,0.0,1,2.0,2.0,2.0,,673.07,1.0,,,,,12899.4319,3251.8082,4,1,0.0,,0,0,19511,1,,,,,,2.0,3249.8665,7860.0,,-1,,,,,,,443306.0,2012,635,620,0,0,0,1,0,18.0,,1.0,2310.0,8.0,40.0,2012,MIS4_to_MIS8,pennsylvania,0,2011-2012,0,1,0,1,retention
499956905007279,12,2.0,1,4,2,8900,89001,1,1,23,42,0,0,3.0,2.0,,0,3,49,1.0,2,44,1,,2,1,2,1,2,57,57,57,1,0,0,1.0,1.0,,40.0,,40.0,,,,,,2.0,3.0,0.0,1,2.0,2.0,2.0,,1096.0,2.0,2.0,,,,11451.9341,2973.4561,0,0,1.0,,0,42,2608,2,,,,,,2.0,2968.4103,8090.0,1820.0,-1,,,,,,,445821.0,2011,623,620,0,0,0,0,0,18.0,5.0,42.0,2011,1.0,1,8,2,8900,89001,1,23,42,0,0,3.0,2.0,,0,3,50,1.0,2,44,1,,1,2,1,2,57,57,57,1,0,0,2.0,1.0,,60.0,,60.0,,,,,,2.0,4.0,0.0,1,2.0,2.0,2.0,,786.0,2.0,2.0,,,,12140.8301,3091.8309,0,0,0.0,,0,0,30422,2,,,,,,2.0,3058.7453,8370.0,,-1,,,,,,,443534.0,2012,635,620,0,0,0,0,0,18.0,,1.0,3245.0,10.0,43.0,2012,MIS4_to_MIS8,pennsylvania,0,2011-2012,0,1,0,1,retention
706903844994972,12,2.0,1,4,2,8900,89001,1,1,23,42,0,0,3.0,2.0,,0,3,36,1.0,1,40,1,,2,1,2,1,2,57,57,57,1,0,0,1.0,1.0,,42.0,,48.0,,,,,,2.0,2.0,0.0,1,2.0,1.0,1.0,2100.0,850.0,1.0,,,,,11871.7448,2937.8032,3,2,0.0,0.0,0,0,15913,2,,,2.0,,,,2932.7201,9470.0,3800.0,9130,,,,,,,445897.0,2011,623,620,0,0,1,0,0,13.0,12.0,51.0,2011,1.0,1,8,2,8900,89001,1,23,42,0,0,3.0,2.0,,0,3,37,1.0,1,40,1,,1,2,1,2,57,57,57,1,0,0,2.0,2.0,4.0,40.0,,,,,,,,5.0,2.0,0.0,1,2.0,1.0,1.0,2122.0,846.0,1.0,,,,,10889.9425,2812.2123,3,2,1.0,1.0,0,0,49400,2,,,2.0,,,,2763.2063,9470.0,,9130,,,,,,,443600.0,2012,635,620,0,0,1,0,0,13.0,,1.0,3800.0,12.0,51.0,2012,MIS4_to_MIS8,pennsylvania,0,2011-2012,1,0,0,0,retention
706907554990992,12,2.0,1,4,2,8900,89001,1,1,23,42,0,0,3.0,2.0,,0,1,69,2.0,1,46,1,,1,1,1,1,2,57,57,57,1,0,0,2.0,5.0,,,,,,,,,,1.0,3.0,0.0,2,,,,,,,,,,,11660.4676,2853.6228,0,0,,,0,0,19630,1,,,,,,,2910.4471,9390.0,5940.0,-1,,,,,,,445900.0,2011,623,620,0,0,0,0,0,18.0,17.0,51.0,2011,1.0,1,8,2,8900,89001,1,23,42,0,0,3.0,2.0,,0,1,70,2.0,1,46,1,,1,1,1,2,57,57,57,1,0,0,1.0,5.0,,,,,,,,,,1.0,,,2,,,,,,,,,,,12033.9644,2894.7622,0,0,,,0,0,16112,1,,,,,,,2964.652,,,-1,,,,,,,443603.0,2012,635,620,0,0,0,0,0,18.0,,1.0,,,,2012,MIS4_to_MIS8,pennsylvania,0,2011-2012,0,1,0,0,retention
706907554990992,12,2.0,1,4,2,8900,89001,1,1,23,42,0,0,3.0,2.0,,0,3,67,1.0,2,42,1,,2,1,2,1,2,57,57,57,1,0,0,1.0,5.0,,,,,,,,,,1.0,3.0,0.0,2,,,,,,,,,,,11546.0257,2870.4823,0,0,,,0,0,19630,2,,,3.0,,,,2914.4862,9390.0,565.0,-1,,,,,,,445901.0,2011,623,620,0,0,0,0,0,14.0,2.0,51.0,2011,1.0,1,8,2,8900,89001,1,23,42,0,0,3.0,2.0,,0,3,68,1.0,2,42,1,,1,2,1,2,57,57,57,1,0,0,2.0,5.0,,,,,,,,,,1.0,,,2,,,,,,,,,,,12628.6411,3089.3916,0,0,,,0,0,16112,2,,,3.0,,,,3158.787,,,-1,,,,,,,443604.0,2012,635,620,0,0,0,0,0,14.0,,1.0,,,,2012,MIS4_to_MIS8,pennsylvania,0,2011-2012,0,1,0,0,retention
967495599200907,12,2.0,1,4,2,8900,89001,1,1,23,42,0,0,3.0,2.0,,0,1,43,2.0,1,45,1,,1,1,1,1,2,57,57,57,1,0,0,2.0,1.0,,50.0,,50.0,,,,,,2.0,3.0,0.0,1,2.0,2.0,2.0,,2884.61,2.0,2.0,,,,11026.3508,2751.5085,3,4,0.0,,0,0,41921,1,,,,,,,2723.8794,9470.0,2100.0,-1,,,,,,,445927.0,2011,623,620,0,0,1,0,0,18.0,7.0,51.0,2011,2.0,1,8,2,8900,89001,1,23,42,0,0,3.0,2.0,,0,1,44,2.0,1,45,1,,1,1,1,2,57,57,57,1,0,0,2.0,1.0,,60.0,,60.0,,,,,,2.0,2.0,0.0,1,2.0,2.0,2.0,,2884.61,2.0,2.0,,,,9676.6852,2488.2534,3,4,0.0,,0,0,41358,1,,,,,,,2455.3553,9470.0,,-1,,,,,,,443634.0,2012,635,620,0,0,1,0,0,18.0,,1.0,2100.0,7.0,51.0,2012,MIS4_to_MIS8,pennsylvania,0,2011-2012,1,0,0,0,retention
220822099046389,12,1.0,6,4,2,8900,89001,1,1,23,42,25420,43,,1.0,,4,2,37,,1,43,1,,1,0,0,7,2,57,57,57,1,0,0,1.0,1.0,,38.0,,38.0,,,,,,2.0,2.0,0.0,1,2.0,1.0,1.0,2850.0,1115.38,2.0,2.0,,,,12309.0145,3046.0107,0,0,0.0,0.0,0,0,33045,1,,,,2.0,,,3040.7404,9570.0,430.0,-1,,,,,,,445984.0,2011,623,620,0,0,0,0,0,16.0,1.0,51.0,2011,1.0,6,8,2,8900,89001,1,23,42,25420,43,,1.0,,4,2,38,,1,43,1,,0,0,7,2,57,57,57,1,0,0,1.0,1.0,,37.0,,37.0,,,,,,2.0,2.0,0.0,1,2.0,2.0,2.0,,1115.38,2.0,2.0,,,,10997.5809,2840.0088,0,0,0.0,,0,0,49449,1,,,,2.0,,,2790.5184,9570.0,,-1,,,,,,,443692.0,2012,635,620,0,0,0,0,0,16.0,,1.0,430.0,1.0,51.0,2012,MIS4_to_MIS8,pennsylvania,0,2011-2012,1,0,0,0,retention
406905074995772,12,1.0,1,4,2,8900,89001,1,1,23,42,11020,13,,1.0,,2,1,44,2.0,1,39,1,,1,1,1,1,2,57,57,57,1,0,0,1.0,1.0,,40.0,,43.0,,,,,,2.0,3.0,0.0,1,2.0,,1.0,2500.0,1000.0,1.0,,,,,11155.6922,2783.7843,3,1,1.0,1.0,0,0,30676,1,1.0,,,,,,2755.831,6180.0,7210.0,2200,,,,,,,446039.0,2011,623,620,0,0,1,0,0,12.0,20.0,23.0,2011,1.0,1,8,2,8900,89001,1,23,42,11020,13,,1.0,,2,1,45,2.0,1,39,1,,1,1,1,2,57,57,57,1,0,0,1.0,1.0,,40.0,,40.0,,,,,,2.0,3.0,0.0,1,2.0,,1.0,2300.0,920.0,1.0,,,,,11960.4012,3021.8242,3,1,1.0,1.0,0,0,30305,1,1.0,,,,,,2951.7774,6180.0,,-1,,,,,,,443763.0,2012,635,620,0,0,1,0,0,12.0,,1.0,9610.0,22.0,23.0,2012,MIS4_to_MIS8,pennsylvania,0,2011-2012,1,0,0,0,retention
492966303039269,12,1.0,1,4,2,8900,89001,1,1,23,42,25420,43,,1.0,,4,1,40,2.0,2,40,2,,1,1,1,1,2,57,57,57,1,0,0,1.0,1.0,,38.0,,38.0,,,,,,2.0,2.0,0.0,1,2.0,,1.0,2200.0,836.0,1.0,,,,,13635.0996,3586.3027,3,1,0.0,0.0,0,0,2572,1,,,1.0,,,,3532.8852,9380.0,930.0,-1,,,,,,,446049.0,2011,623,620,0,0,1,0,0,12.0,2.0,51.0,2011,1.0,4,8,2,8900,89001,1,23,42,25420,43,,1.0,,4,1,41,,2,39,2,,1,1,6,2,57,57,57,1,0,0,1.0,1.0,,38.0,,38.0,,,,,,2.0,2.0,0.0,1,2.0,,1.0,1700.0,646.0,2.0,1.0,,,,10473.9194,2788.6589,3,1,1.0,1.0,0,42,41320,1,1.0,,,,,,2725.3773,9380.0,,-1,,,,,,,443773.0,2012,635,620,0,0,1,0,0,12.0,,2.0,930.0,2.0,51.0,2012,MIS4_to_MIS8,pennsylvania,0,2011-2012,1,0,0,0,retention
497906707054259,12,1.0,4,4,2,8900,89001,1,1,23,42,11020,13,,1.0,,2,4,37,,1,39,1,,2,2,1,5,2,57,57,57,1,0,0,2.0,2.0,4.0,40.0,,,,,,,,5.0,2.0,0.0,1,2.0,1.0,1.0,1000.0,850.0,1.0,,,,,12011.0028,2972.2642,4,1,1.0,1.0,0,0,19593,2,1.0,,,,,,2967.1215,9470.0,3800.0,-1,2.0,,,,1.0,,446064.0,2011,623,620,0,0,0,1,0,12.0,12.0,51.0,2011,1.0,4,8,2,8900,89001,1,23,42,11020,13,,1.0,,2,4,38,,1,39,1,,1,3,5,2,57,57,57,1,0,0,2.0,1.0,,40.0,,40.0,,,,,,2.0,2.0,0.0,1,2.0,,1.0,2122.0,848.8,1.0,,,,,10648.6206,2749.8935,0,0,1.0,1.0,0,42,56402,2,1.0,,,,,,2701.9735,9470.0,,-1,2.0,,,,1.0,,443791.0,2012,635,620,0,0,0,0,0,12.0,,1.0,3800.0,12.0,51.0,2012,MIS4_to_MIS8,pennsylvania,0,2011-2012,1,0,0,0,retention
724055076909497,12,2.0,1,4,2,8900,89001,1,1,23,42,11020,13,,1.0,,2,1,59,2.0,1,39,1,,1,1,1,1,2,57,57,57,1,0,0,2.0,1.0,,40.0,,40.0,,,,,,2.0,2.0,0.0,1,2.0,1.0,1.0,1550.0,1250.0,1.0,,,,,11396.8104,2957.9942,0,0,0.0,1.0,0,0,6045,1,1.0,,,,,,2947.3859,9470.0,3800.0,-1,4.0,,,,,,446113.0,2011,623,620,0,0,0,0,0,12.0,12.0,51.0,2011,2.0,1,8,2,8900,89001,1,23,42,11020,13,,1.0,,2,1,60,2.0,1,39,1,,1,1,1,2,57,57,57,1,0,0,2.0,1.0,,40.0,,40.0,,,,,,2.0,2.0,0.0,1,2.0,1.0,1.0,1132.0,1076.92,1.0,,,,,12193.2524,3090.3609,0,0,0.0,1.0,0,0,15963,1,1.0,,,,,,3029.8424,9470.0,,-1,4.0,,,,,,443835.0,2012,635,620,0,0,0,0,0,12.0,,1.0,3800.0,12.0,51.0,2012,MIS4_to_MIS8,pennsylvania,0,2011-2012,1,0,0,0,retention
724055076909497,12,2.0,1,4,2,8900,89001,1,1,23,42,11020,13,,1.0,,2,3,58,1.0,2,43,1,,2,1,2,1,2,57,57,57,1,0,0,1.0,1.0,,37.0,5.0,30.0,,,5.0,,,4.0,2.0,0.0,1,2.0,2.0,2.0,,1057.69,2.0,2.0,,,,11493.6244,3003.3348,0,0,0.0,,0,0,6045,2,,,,1.0,1.0,,2958.8808,7860.0,3230.0,-1,,,,,,,446114.0,2011,623,620,0,0,0,0,0,18.0,10.0,40.0,2011,2.0,1,8,2,8900,89001,1,23,42,11020,13,,1.0,,2,3,59,1.0,2,43,1,,1,2,1,2,57,57,57,1,0,0,1.0,1.0,,38.0,,38.0,,,,,,2.0,2.0,0.0,1,2.0,2.0,2.0,,1076.92,2.0,2.0,,,,12872.5916,3253.7565,0,0,0.0,,0,0,15963,2,,,,1.0,1.0,,3218.584,7860.0,,-1,,,,,,,443836.0,2012,635,620,0,0,0,0,0,18.0,,1.0,3230.0,10.0,40.0,2012,MIS4_to_MIS8,pennsylvania,0,2011-2012,1,0,0,0,retention
724055076909497,12,2.0,1,4,2,8900,89001,1,1,23,42,11020,13,,1.0,,2,4,28,,1,43,1,,3,1,3,7,2,57,57,57,1,0,0,2.0,4.0,,,,,,,,119.0,5.0,11.0,2.0,0.0,2,,,,,,,,,,,13748.6111,3613.8642,0,0,,,0,0,6045,3,,,,2.0,,,3559.2059,7870.0,5320.0,-1,,,,,2.0,1.0,446115.0,2011,623,620,0,0,0,0,0,16.0,17.0,40.0,2011,2.0,1,8,2,8900,89001,1,23,42,11020,13,,1.0,,2,4,29,,1,43,1,,1,3,7,2,57,57,57,1,0,0,2.0,1.0,,-4.0,,38.0,,,,,,2.0,4.0,0.0,1,2.0,,1.0,725.0,290.0,2.0,2.0,,,,10674.1756,2646.4753,0,0,0.0,0.0,0,0,15963,3,,,,2.0,,,2647.8831,8680.0,,-1,,,,,2.0,1.0,443837.0,2012,635,620,0,0,0,0,0,16.0,,1.0,4720.0,16.0,46.0,2012,MIS4_to_MIS8,pennsylvania,0,2011-2012,0,1,0,1,retention
812519060569400,12,1.0,1,4,2,8900,89001,1,1,23,42,49620,133,,1.0,,3,1,42,2.0,2,39,1,,1,1,1,1,2,57,57,57,1,0,0,1.0,1.0,,40.0,,40.0,,,,,,2.0,3.0,0.0,1,2.0,2.0,2.0,,961.53,2.0,2.0,,,,11175.7097,2788.9653,3,1,0.0,,0,0,42041,1,1.0,,,,,,2750.1451,9490.0,430.0,-1,,,,,,,446129.0,2011,623,620,0,0,1,0,0,12.0,1.0,51.0,2011,1.0,1,8,2,8900,89001,1,23,42,49620,133,,1.0,,3,1,43,2.0,2,39,1,,1,1,1,2,57,57,57,1,0,0,1.0,1.0,,45.0,,37.0,,,,,,2.0,3.0,0.0,1,2.0,2.0,2.0,,1019.23,2.0,2.0,,,,10407.5125,2640.1473,3,1,0.0,,0,0,41463,1,1.0,,,,,,2606.2866,9490.0,,-1,,,,,,,443848.0,2012,635,620,0,0,1,0,0,12.0,,1.0,1840.0,5.0,51.0,2012,MIS4_to_MIS8,pennsylvania,0,2011-2012,1,0,0,0,retention
