hhid,intmonth,hurespli_t,hrhtype_t,minsamp_x,hrlonglk_t,hrsample_t,hrhhid2_t,serial_t,hhnum,state_t,stfips_t,cbsafips_t,county_t,centcity_t,smsastat_t,icntcity_t,smsa04_t,relref95_t,age_t,spouse_t,sex_t,grade92_t,race_t,ethnic_t,lineno,famnum_t,pfamrel_t,marital_t,prpertyp_t,penatvty_t,pemntvty_t,pefntvty_t,prcitshp_t,prcitflg_t,peinusyr_t,selfproxy_t,lfsr94_t,absent94_t,uhourse_t,reason94_t,hourslw_t,laydur_t,dwrsn_t,why3594_t,prunedur_t,untype_t,ftpt94_t,class94_t,agri_t,eligible_t,otc_t,ernpdh2_t,paidhre_t,earnhre_t,earnwke_t,unionmme_t,unioncov_t,schenr_t,studftpt_t,schlvl_t,earnwt_t,weight_t,chldpres_t,ownchild_t,i25d_t,i25c_t,i25a_t,i25b_t,qstnum_t,occurnum_t,ged_t,gedhigr_t,yrcoll_t,grprof_t,gr6cor_t,ms123_t,cmpwgt_t,ind02_t,occ00_t,occ002_t,vet1_t,vet2_t,vet3_t,vet4_t,linedad_t,linemom_t,recnum_t,year_t,ym_file_t,ym_t,ch02_t,ch35_t,ch613_t,ch1417_t,ch05_t,ihigrdc_t,docc00_t,dind02_t,year_file_x,hurespli_t1,hrhtype_t1,minsamp_y,hrlonglk_t1,hrsample_t1,hrhhid2_t1,serial_t1,state_t1,stfips_t1,cbsafips_t1,county_t1,centcity_t1,smsastat_t1,icntcity_t1,smsa04_t1,relref95_t1,age_t1,spouse_t1,sex_t1,grade92_t1,race_t1,ethnic_t1,famnum_t1,pfamrel_t1,marital_t1,prpertyp_t1,penatvty_t1,pemntvty_t1,pefntvty_t1,prcitshp_t1,prcitflg_t1,peinusyr_t1,selfproxy_t1,lfsr94_t1,absent94_t1,uhourse_t1,reason94_t1,hourslw_t1,laydur_t1,dwrsn_t1,why3594_t1,prunedur_t1,untype_t1,ftpt94_t1,class94_t1,agri_t1,eligible_t1,otc_t1,ernpdh2_t1,paidhre_t1,earnhre_t1,earnwke_t1,unionmme_t1,unioncov_t1,schenr_t1,studftpt_t1,schlvl_t1,earnwt_t1,weight_t1,chldpres_t1,ownchild_t1,i25d_t1,i25c_t1,i25a_t1,i25b_t1,qstnum_t1,occurnum_t1,ged_t1,gedhigr_t1,yrcoll_t1,grprof_t1,gr6cor_t1,ms123_t1,cmpwgt_t1,ind02_t1,occ2011_t1,occ002_t1,vet1_t1,vet2_t1,vet3_t1,vet4_t1,linedad_t1,linemom_t1,recnum_t1,year_t1,ym_file_t1,ym_t1,ch02_t1,ch35_t1,ch613_t1,ch1417_t1,ch05_t1,ihigrdc_t1,docc00_t1,dind02_t1,year_file_y,pair_type,state,illinois,pair,stayed_state_local,exited_state_local,moved_to_federal,moved_to_private,analytic_sample
75881770978398,1,1.0,1,4,2,8600,86001,1,1,33,17,16980,0,1.0,1.0,1.0,7,1,49,2.0,1,40,1,,1,1,1,1,2,57,57,57,1,0,0,1.0,1.0,,40.0,6.0,32.0,,,6.0,,,4.0,3.0,0.0,1,2.0,,1.0,3400.0,1360.0,1.0,,,,,14142.3246,3597.7591,4,1,0.0,0.0,0,0,31664,1,,,2.0,,,,3577.3865,7860.0,4220.0,-1,,,,,,,11080.0,2010,600,597,0,0,0,1,0,13.0,14.0,40.0,2010,1.0,1,8,2,8600,86001,1,33,17,16980,0,1.0,1.0,1.0,7,1,50,2.0,1,40,1,,1,1,1,2,57,57,57,1,0,0,,1.0,,40.0,,40.0,,,,,,2.0,3.0,0.0,1,2.0,,1.0,1500.0,600.0,1.0,,,,,13552.1843,3364.9612,0,0,1.0,1.0,0,41,38756,1,,,1.0,,,,3349.125,7860.0,8610.0,-1,,,,,,,11212.0,2011,612,597,0,0,0,0,0,12.0,21.0,40.0,2011,MIS4_to_MIS8,illinois,1,2010-2011,1,0,0,0,retention
75881770978398,1,1.0,1,4,2,8600,86001,1,1,33,17,16980,0,1.0,1.0,1.0,7,4,24,,1,40,1,,3,1,3,7,2,57,57,57,1,0,0,2.0,4.0,,,,,,,,52.0,3.0,11.0,3.0,0.0,2,,,,,,,,1.0,1.0,1.0,12712.2224,3261.5299,0,0,,,0,0,31664,3,,,2.0,,,,3294.457,7860.0,4220.0,-1,,,,,2.0,1.0,11084.0,2010,600,597,0,0,0,0,0,13.0,14.0,40.0,2010,1.0,1,8,2,8600,86001,1,33,17,16980,0,1.0,1.0,1.0,7,4,25,,1,40,1,,1,3,7,2,57,57,57,1,0,0,,6.0,,,,,,,,,,1.0,,,2,,,,,,,,,,,13477.1882,3185.4334,0,0,,,0,0,38756,3,,,1.0,,,,3421.28,,,-1,,,,,2.0,1.0,11210.0,2011,612,597,0,0,0,0,0,12.0,,,2011,MIS4_to_MIS8,illinois,1,2010-2011,0,1,0,0,retention
100974098217569,1,1.0,6,4,2,8600,86001,1,1,33,17,16980,0,1.0,1.0,,7,2,28,,1,43,1,,1,0,0,7,2,57,57,57,1,0,0,1.0,1.0,,50.0,,50.0,,,,,,2.0,2.0,0.0,1,2.0,2.0,2.0,,865.38,1.0,,,,,12764.0455,3232.3312,0,0,0.0,,0,0,5048,1,,,,1.0,2.0,,3211.1808,7860.0,2320.0,-1,,,,,,,11104.0,2010,600,597,0,0,0,0,0,17.0,8.0,40.0,2010,1.0,6,8,2,8600,86001,1,33,17,16980,0,1.0,1.0,,7,2,29,,1,43,1,,0,0,7,2,57,57,57,1,0,0,1.0,1.0,,40.0,,60.0,,,,,,2.0,2.0,0.0,1,2.0,2.0,2.0,,1057.69,1.0,,,,,12571.5323,3185.4334,0,0,0.0,,0,0,61405,1,,,,2.0,,,3157.0892,7860.0,2320.0,-1,,,,,,,11229.0,2011,612,597,0,0,0,0,0,16.0,8.0,40.0,2011,MIS4_to_MIS8,illinois,1,2010-2011,1,0,0,0,retention
710709915835967,1,4.0,1,4,2,8600,86001,1,1,33,17,16980,0,1.0,1.0,1.0,7,1,59,5.0,1,44,1,4.0,1,1,1,1,2,57,373,57,1,0,0,2.0,1.0,,35.0,,35.0,,,,,,2.0,3.0,0.0,1,2.0,2.0,2.0,,2875.0,2.0,1.0,,,,12928.1826,3244.3447,4,1,1.0,,0,0,8578,1,,,,,,2.0,3224.0629,770.0,1360.0,-1,,,,,,,11256.0,2010,600,597,0,0,0,1,0,18.0,4.0,4.0,2010,2.0,1,8,2,8600,86001,1,33,17,16980,0,1.0,1.0,1.0,7,1,60,5.0,1,44,1,4.0,1,1,1,2,57,373,57,1,0,0,2.0,1.0,,35.0,,35.0,,,,,,2.0,3.0,0.0,1,2.0,2.0,2.0,,646.0,2.0,2.0,,,,11189.9908,2824.6229,0,0,1.0,,0,0,40372,1,,,,,,2.0,2753.6154,9370.0,1530.0,-1,,,,,,,11387.0,2011,612,597,0,0,0,0,0,18.0,4.0,51.0,2011,MIS4_to_MIS8,illinois,1,2010-2011,1,0,0,0,retention
729770560960971,1,1.0,6,4,2,8600,86001,1,1,33,17,16980,0,1.0,1.0,1.0,7,2,23,,1,43,1,,1,0,0,7,2,57,57,57,1,0,0,1.0,4.0,,,,,,,,6.0,5.0,12.0,2.0,0.0,2,,,,,,,,1.0,1.0,2.0,12712.2224,3261.5299,0,0,,,0,0,33992,1,,,,1.0,1.0,,3294.457,7860.0,2540.0,-1,,,,,,,11269.0,2010,600,597,0,0,0,0,0,18.0,8.0,40.0,2010,1.0,1,8,2,8600,86001,1,33,17,16980,0,1.0,1.0,1.0,7,1,24,2.0,1,43,1,,1,1,1,2,57,57,57,1,0,0,1.0,4.0,,,,,,,,7.0,5.0,11.0,2.0,0.0,2,,,,,,,,1.0,2.0,2.0,14585.2611,3326.6572,0,0,,,0,0,4000,1,,,,1.0,1.0,,3240.228,7860.0,2330.0,-1,,,,,,,11406.0,2011,612,597,0,0,0,0,0,18.0,8.0,40.0,2011,MIS4_to_MIS8,illinois,1,2010-2011,1,0,0,0,retention
729770560960971,1,1.0,6,4,2,8600,86001,1,1,33,17,16980,0,1.0,1.0,1.0,7,14,24,,2,43,1,,2,0,0,7,2,57,57,57,1,0,0,2.0,4.0,,,,,,,,4.0,5.0,12.0,2.0,0.0,2,,,,,,,,1.0,1.0,2.0,19243.1265,4060.2748,0,0,,,0,0,33992,2,,,,1.0,1.0,,4004.1355,7860.0,2540.0,-1,,,,,,,11270.0,2010,600,597,0,0,0,0,0,18.0,8.0,40.0,2010,1.0,1,8,2,8600,86001,1,33,17,16980,0,1.0,1.0,1.0,7,3,25,1.0,2,43,1,,1,2,1,2,57,57,57,1,0,0,2.0,4.0,,,,,,,,7.0,5.0,11.0,2.0,0.0,2,,,,,,,,,,,12846.3669,3202.2077,0,0,,,0,0,4000,2,,,,1.0,1.0,,3077.9613,7860.0,2540.0,-1,,,,,,,11407.0,2011,612,597,0,0,0,0,0,18.0,8.0,40.0,2011,MIS4_to_MIS8,illinois,1,2010-2011,1,0,0,0,retention
860278094717008,1,2.0,1,4,2,8600,86001,1,1,33,17,16980,0,1.0,1.0,,7,1,45,2.0,1,39,1,,1,1,1,1,2,57,57,57,1,0,0,2.0,1.0,,40.0,,40.0,,,,,,2.0,3.0,0.0,1,2.0,2.0,2.0,,961.53,1.0,,,,,14142.3246,3597.7591,4,3,0.0,,0,0,33986,1,1.0,,,,,,3577.3865,9470.0,3850.0,-1,,,,,,,11298.0,2010,600,597,0,0,0,1,0,12.0,12.0,51.0,2010,2.0,1,8,2,8600,86001,1,33,17,16980,0,1.0,1.0,,7,1,46,2.0,1,39,1,,1,1,1,2,57,57,57,1,0,0,2.0,1.0,,40.0,,40.0,,,,,,2.0,3.0,0.0,1,2.0,2.0,2.0,,961.53,1.0,,,,,14183.9074,3486.8322,4,3,0.0,,0,0,18232,1,1.0,,,,,,3505.2416,9470.0,3800.0,-1,,,,,,,11456.0,2011,612,597,0,0,0,1,0,12.0,12.0,51.0,2011,MIS4_to_MIS8,illinois,1,2010-2011,1,0,0,0,retention
193857503043743,1,2.0,1,4,2,8600,86001,1,1,33,17,16980,0,2.0,1.0,,7,3,42,1.0,2,43,1,,2,1,2,1,2,57,57,57,1,0,0,1.0,7.0,,,,,,,,,,1.0,3.0,0.0,2,,,,,,,,,,,11791.8108,3035.0482,10,2,,,0,0,33988,2,,,,1.0,2.0,,3027.9815,7860.0,2310.0,-1,,,,,,,11495.0,2010,600,597,0,0,1,1,0,17.0,8.0,40.0,2010,2.0,1,8,2,8600,86001,1,33,17,16980,0,2.0,1.0,,7,3,43,1.0,2,43,1,,1,2,1,2,57,57,57,1,0,0,1.0,7.0,,,,,,,,,,1.0,,,2,,,,,,,,,,,11246.3375,2833.9897,3,1,,,0,0,51840,2,,,,1.0,1.0,,2832.1429,,,-1,,,,,,,11654.0,2011,612,597,0,0,1,0,0,18.0,,,2011,MIS4_to_MIS8,illinois,1,2010-2011,0,1,0,0,retention
199927808012768,1,1.0,1,4,2,8600,86001,1,1,33,17,16980,0,2.0,1.0,,7,3,43,1.0,2,43,1,,2,1,2,1,2,57,57,57,1,0,0,2.0,1.0,,-4.0,,16.0,,,17.0,,,7.0,2.0,0.0,1,2.0,,1.0,1100.0,176.0,2.0,2.0,,,,12235.8908,3035.0482,10,4,0.0,0.0,0,0,44494,2,,,,1.0,1.0,,3029.3104,7860.0,2310.0,-1,,,,,,,11536.0,2010,600,597,0,0,1,1,0,18.0,8.0,40.0,2010,2.0,1,8,2,8600,86001,1,33,17,16980,0,2.0,1.0,,7,3,44,1.0,2,43,1,,1,2,1,2,57,57,57,1,0,0,1.0,1.0,,40.0,,40.0,,,,,,2.0,4.0,0.0,1,2.0,,1.0,1100.0,440.0,2.0,2.0,,,,11755.6619,2833.9897,10,4,0.0,0.0,0,0,55876,2,,,,1.0,1.0,,2838.8845,8470.0,2300.0,-1,,,,,,,11695.0,2011,612,597,0,0,1,1,0,18.0,8.0,43.0,2011,MIS4_to_MIS8,illinois,1,2010-2011,0,1,0,1,retention
371953007908196,1,1.0,1,4,2,8600,86001,1,1,33,17,16980,0,2.0,1.0,,7,1,34,2.0,2,44,1,,1,1,1,1,2,363,57,57,3,0,6,1.0,1.0,,20.0,,20.0,,,17.0,,,7.0,3.0,0.0,1,2.0,2.0,2.0,,634.61,1.0,,,,,13007.9843,3146.895,1,1,0.0,,0,0,5046,1,,,,,,2.0,3135.9162,7860.0,2310.0,-1,,,,,,,11628.0,2010,600,597,1,0,0,0,1,18.0,8.0,40.0,2010,1.0,1,8,2,8600,86001,1,33,17,16980,0,2.0,1.0,,7,1,35,2.0,2,44,1,,1,1,1,2,363,57,57,3,0,6,1.0,1.0,,20.0,,20.0,,,18.0,,,7.0,3.0,0.0,1,2.0,2.0,2.0,,818.18,1.0,,,,,12007.3024,2919.0579,1,2,0.0,,0,0,30523,1,,,,,,2.0,2899.6534,7860.0,2310.0,-1,,,,,,,11782.0,2011,612,597,1,0,0,0,1,18.0,8.0,40.0,2011,MIS4_to_MIS8,illinois,1,2010-2011,1,0,0,0,retention
371953007908196,1,1.0,1,4,2,8600,86001,1,1,33,17,16980,0,2.0,1.0,,7,3,38,1.0,1,44,1,,2,1,2,1,2,57,57,57,1,0,0,2.0,1.0,,40.0,,40.0,,,,,,2.0,3.0,0.0,1,2.0,2.0,2.0,,1711.53,1.0,,,,,10181.6165,2549.605,1,1,0.0,,0,0,5046,2,,,,,,2.0,2524.3604,7860.0,2320.0,-1,,,,,,,11629.0,2010,600,597,1,0,0,0,1,18.0,8.0,40.0,2010,1.0,1,8,2,8600,86001,1,33,17,16980,0,2.0,1.0,,7,3,39,1.0,1,44,1,,1,2,1,2,57,57,57,1,0,0,2.0,1.0,,40.0,,40.0,,,,,,2.0,3.0,0.0,1,2.0,2.0,2.0,,2023.8,2.0,2.0,,,,10774.2175,2734.55,1,2,0.0,,0,0,30523,2,,,,,,2.0,2726.7208,7860.0,2320.0,-1,,,,,,,11783.0,2011,612,597,1,0,0,0,1,18.0,8.0,40.0,2011,MIS4_to_MIS8,illinois,1,2010-2011,1,0,0,0,retention
771005017001105,1,1.0,4,4,2,8600,86001,1,1,33,17,16980,0,2.0,1.0,,7,7,31,,1,40,1,,2,1,4,5,2,57,57,57,1,0,0,2.0,1.0,,40.0,,40.0,,,,,,2.0,3.0,0.0,1,2.0,,1.0,1400.0,560.0,2.0,2.0,,,,10661.5573,2695.7992,0,0,1.0,1.0,0,42,8674,2,,,2.0,,,,2682.2365,9470.0,3850.0,-1,,,,,,,11780.0,2010,600,597,0,0,0,0,0,13.0,12.0,51.0,2010,1.0,4,8,2,8600,86001,1,33,17,16980,0,2.0,1.0,,7,7,32,,1,40,1,,1,4,5,2,57,57,57,1,0,0,2.0,1.0,,40.0,,40.0,,,,,,2.0,3.0,0.0,1,1.0,,1.0,2245.0,1046.0,1.0,,,,,11732.942,2979.404,0,0,1.0,1.0,0,42,30537,2,,,3.0,,,,2946.494,9370.0,3850.0,-1,,,,,,,11925.0,2011,612,597,0,0,0,0,0,14.0,12.0,51.0,2011,MIS4_to_MIS8,illinois,1,2010-2011,1,0,0,0,retention
807903221890927,1,1.0,6,4,2,8600,86001,1,1,33,17,16980,0,2.0,1.0,,7,2,43,,1,42,1,,1,0,0,7,2,57,57,57,1,0,0,1.0,1.0,,40.0,,45.0,,,,,,2.0,3.0,0.0,1,1.0,,1.0,3400.0,1460.0,1.0,,,,,10485.696,2619.1531,0,0,0.0,0.0,0,0,21543,1,,,3.0,,,,2599.7518,9470.0,3850.0,-1,,,,,,,11821.0,2010,600,597,0,0,0,0,0,14.0,12.0,51.0,2010,1.0,6,8,2,8600,86001,1,33,17,16980,0,2.0,1.0,,7,2,44,,1,42,1,,0,0,7,2,57,57,57,1,0,0,1.0,1.0,,40.0,,40.0,,,,,,2.0,3.0,0.0,1,1.0,2.0,2.0,,1200.0,1.0,,,,,11045.035,2790.8295,0,0,0.0,,0,0,18313,1,,,3.0,,,,2795.2589,9470.0,3850.0,-1,,,,,,,11953.0,2011,612,597,0,0,0,0,0,14.0,12.0,51.0,2011,MIS4_to_MIS8,illinois,1,2010-2011,1,0,0,0,retention
943057786177840,1,1.0,1,4,2,8600,86001,1,1,33,17,16980,0,2.0,1.0,,7,4,24,,1,43,1,,4,1,3,7,2,57,57,116,1,0,0,2.0,1.0,,40.0,,40.0,,,,,,2.0,3.0,0.0,1,2.0,2.0,2.0,,980.76,2.0,2.0,2.0,,,11932.9045,2990.8654,0,0,0.0,,0,0,44331,4,,,,2.0,,,2942.6282,770.0,1360.0,-1,,,,,1.0,1.0,11870.0,2010,600,597,0,0,0,0,0,16.0,4.0,4.0,2010,1.0,1,8,2,8600,86001,1,33,17,16980,0,2.0,1.0,,7,4,26,,1,43,1,,1,3,7,2,57,57,116,1,0,0,2.0,1.0,,40.0,,40.0,,,,,,2.0,3.0,0.0,1,2.0,2.0,2.0,,980.76,2.0,2.0,,,,12233.4428,3099.7667,0,0,0.0,,0,0,18222,4,,,,1.0,2.0,,3072.1848,770.0,1360.0,-1,,,,,1.0,1.0,11994.0,2011,612,597,0,0,0,0,0,17.0,4.0,4.0,2011,MIS4_to_MIS8,illinois,1,2010-2011,1,0,0,0,retention
957799970759100,1,1.0,1,4,2,8600,86001,1,1,33,17,16980,0,2.0,1.0,,7,1,51,2.0,2,39,1,,1,1,1,1,2,57,57,57,1,0,0,2.0,1.0,,40.0,,44.0,,,,,,2.0,2.0,0.0,1,2.0,,1.0,2000.0,800.0,1.0,,,,,12930.9131,3271.1053,4,1,0.0,0.0,0,0,34041,1,1.0,,,,,,3266.971,8270.0,3600.0,-1,,,,,,,11889.0,2010,600,597,0,0,0,1,0,12.0,11.0,42.0,2010,2.0,1,8,2,8600,86001,1,33,17,16980,0,2.0,1.0,,7,1,52,2.0,2,39,1,,1,1,1,2,57,57,57,1,0,0,1.0,1.0,,40.0,,44.0,,,,,,2.0,2.0,0.0,1,2.0,,1.0,1800.0,720.0,1.0,,,,,12584.2475,3212.5626,4,1,0.0,0.0,0,0,18322,1,1.0,,,,,,3223.9526,8270.0,3600.0,-1,,,,,,,12009.0,2011,612,597,0,0,0,1,0,12.0,11.0,42.0,2011,MIS4_to_MIS8,illinois,1,2010-2011,1,0,0,0,retention
967639270939103,1,1.0,1,4,2,8600,86001,1,1,33,17,16980,0,2.0,1.0,,7,1,62,2.0,1,44,1,,1,1,1,1,2,57,57,57,1,0,0,1.0,1.0,,45.0,,54.0,,,,,,2.0,2.0,0.0,1,2.0,2.0,2.0,,1830.76,1.0,,,,,11127.3368,2822.5753,0,0,0.0,,0,0,8634,1,,,,,,2.0,2763.9281,9470.0,3060.0,1820,,,,,,,11910.0,2010,600,597,0,0,0,0,0,18.0,10.0,51.0,2010,2.0,1,8,2,8600,86001,1,33,17,16980,0,2.0,1.0,,7,1,63,2.0,1,44,1,,1,1,1,2,57,57,57,1,0,0,2.0,1.0,,40.0,,42.0,,,,,,2.0,2.0,0.0,1,2.0,2.0,2.0,,1730.76,1.0,,,,,13158.5251,3290.3655,0,0,0.0,,0,0,4003,1,,,,,,2.0,3238.0292,9470.0,2000.0,1820,,,,,,,12023.0,2011,612,597,0,0,0,0,0,18.0,6.0,51.0,2011,MIS4_to_MIS8,illinois,1,2010-2011,1,0,0,0,retention
971665077801097,1,1.0,1,4,2,8600,86001,1,1,33,17,16980,0,2.0,1.0,,7,4,18,,1,37,1,,3,1,3,7,2,57,57,57,1,0,0,2.0,7.0,,,,,,,,,,1.0,3.0,0.0,2,,,,,,,,1.0,1.0,1.0,10337.4034,2633.933,0,0,,,0,0,51688,3,,,,,,,2686.025,8590.0,4430.0,-1,,,,,2.0,1.0,11936.0,2010,600,597,0,0,0,0,0,11.0,15.0,44.0,2010,1.0,1,8,2,8600,86001,1,33,17,16980,0,2.0,1.0,,7,4,19,,1,40,1,,1,3,7,2,57,57,57,1,0,0,2.0,7.0,,,,,,,,,,1.0,3.0,0.0,2,,,,,,,,1.0,1.0,2.0,10119.675,2705.8499,0,0,,,0,0,18229,3,,,1.0,,,,2661.4979,8570.0,4250.0,-1,,,,,2.0,1.0,12047.0,2011,612,597,0,0,0,0,0,12.0,14.0,44.0,2011,MIS4_to_MIS8,illinois,1,2010-2011,1,0,0,0,retention
993037963179260,1,1.0,1,4,2,8600,86001,1,1,33,17,16980,0,2.0,1.0,,7,1,29,2.0,1,43,1,,1,1,1,1,2,57,57,57,1,0,0,1.0,1.0,,40.0,,40.0,,,,,,2.0,3.0,1.0,1,2.0,,1.0,2470.0,988.0,1.0,,,,,11704.796,2964.0898,1,1,0.0,0.0,0,0,21544,1,,,,2.0,,,2944.6946,190.0,3820.0,-1,,,,,,,11943.0,2010,600,597,1,0,0,0,1,16.0,12.0,2.0,2010,1.0,1,8,2,8600,86001,1,33,17,16980,0,2.0,1.0,,7,1,28,2.0,1,42,1,,1,1,1,2,57,57,57,1,0,0,1.0,1.0,,40.0,,43.0,,,,,,2.0,3.0,1.0,1,1.0,1.0,1.0,2245.0,1115.38,1.0,,,,,12233.4428,3099.7667,0,0,0.0,0.0,0,0,40394,1,,,3.0,,,,3072.1848,190.0,3930.0,-1,,,,,,,12059.0,2011,612,597,0,0,0,0,0,14.0,12.0,2.0,2011,MIS4_to_MIS8,illinois,1,2010-2011,1,0,0,0,retention
780978063917169,1,1.0,1,4,2,8600,86001,1,1,33,17,0,99,3.0,2.0,,0,1,50,2.0,1,44,1,,1,1,1,1,2,57,57,57,1,0,0,1.0,1.0,,40.0,5.0,32.0,,,5.0,,,4.0,3.0,0.0,1,2.0,2.0,2.0,,1750.0,1.0,,,,,12937.137,3302.4132,0,0,0.0,,0,0,18144,1,,,,,,2.0,3272.527,7860.0,2320.0,-1,,,,,,,12002.0,2010,600,597,0,0,0,0,0,18.0,8.0,40.0,2010,2.0,1,8,2,8600,86001,1,33,17,0,99,3.0,2.0,,0,1,51,2.0,1,44,1,,1,1,1,2,57,57,57,1,0,0,2.0,1.0,,40.0,,40.0,,,,,,2.0,3.0,0.0,1,2.0,2.0,2.0,,923.07,1.0,,,,,13274.6447,3296.0491,0,0,0.0,,0,0,6895,1,,,,,,2.0,3280.5372,7860.0,2320.0,-1,,,,,,,12139.0,2011,612,597,0,0,0,0,0,18.0,8.0,40.0,2011,MIS4_to_MIS8,illinois,1,2010-2011,1,0,0,0,retention
799090523810971,1,1.0,1,4,2,8600,86001,1,1,33,17,0,0,3.0,2.0,,0,1,44,2.0,1,44,1,,1,1,1,1,2,57,57,57,1,0,0,1.0,2.0,4.0,20.0,,,,,,,,10.0,2.0,0.0,1,2.0,2.0,2.0,,358.97,1.0,,,,,10758.9129,2687.3981,3,2,0.0,,0,0,21564,1,,,,,,2.0,2667.4913,7870.0,2200.0,-1,,,,,,,12008.0,2010,600,597,0,0,1,0,0,18.0,8.0,40.0,2010,1.0,1,8,2,8600,86001,1,33,17,0,0,3.0,2.0,,0,1,44,2.0,1,44,1,,1,1,1,2,57,57,57,1,0,0,1.0,1.0,,25.0,,25.0,,,20.0,,,7.0,2.0,0.0,1,2.0,2.0,2.0,,346.15,2.0,2.0,,,,11117.835,2809.2244,3,2,0.0,,0,0,40410,1,,,,,,2.0,2813.683,7870.0,2200.0,-1,,,,,,,12143.0,2011,612,597,0,0,1,0,0,18.0,8.0,40.0,2011,MIS4_to_MIS8,illinois,1,2010-2011,1,0,0,0,retention
799100711090971,1,1.0,1,4,2,8600,86001,1,1,33,17,0,0,3.0,2.0,,0,1,62,2.0,2,39,1,,1,1,1,1,2,57,57,57,1,0,0,1.0,1.0,,40.0,,40.0,,,,,,2.0,3.0,0.0,1,2.0,2.0,2.0,,442.3,2.0,2.0,,,,14919.8285,3808.0838,0,0,0.0,,0,0,5057,1,1.0,,,,,,3728.2738,7860.0,3130.0,-1,,,,,,,12012.0,2010,600,597,0,0,0,0,0,12.0,10.0,40.0,2010,1.0,1,8,2,8600,86001,1,33,17,0,0,3.0,2.0,,0,1,63,2.0,2,40,1,,1,1,1,2,57,57,57,1,0,0,1.0,1.0,,40.0,10.0,32.0,,,10.0,,,4.0,3.0,0.0,1,1.0,1.0,1.0,2000.0,500.0,2.0,2.0,,,,13128.4624,3172.1323,0,0,0.0,0.0,0,0,4015,1,,,4.0,,,,3184.4671,7860.0,3255.0,-1,,,,,,,12147.0,2011,612,597,0,0,0,0,0,15.0,10.0,40.0,2011,MIS4_to_MIS8,illinois,1,2010-2011,1,0,0,0,retention
799570175510671,1,1.0,1,4,2,8600,86001,1,1,33,17,0,0,3.0,2.0,,0,1,33,2.0,2,43,1,,1,1,1,1,2,57,57,57,1,0,0,1.0,1.0,,35.0,,35.0,,,,,,2.0,3.0,0.0,1,2.0,2.0,2.0,,692.3,1.0,,,,,13346.9223,3228.891,11,3,0.0,,0,0,21701,1,,,,2.0,,,3217.6261,7860.0,2330.0,-1,,,,,,,12034.0,2010,600,597,1,1,1,0,1,16.0,8.0,40.0,2010,1.0,1,8,2,8600,86001,1,33,17,0,0,3.0,2.0,,0,1,34,2.0,2,43,1,,1,1,1,2,57,57,57,1,0,0,1.0,1.0,,39.0,8.0,7.0,,,8.0,,,4.0,3.0,0.0,1,2.0,2.0,2.0,,769.23,1.0,,,,,12582.6716,3197.6068,11,3,0.0,,0,0,18472,1,,,,2.0,,,3152.9702,7860.0,2330.0,-1,,,,,,,12166.0,2011,612,597,1,1,1,0,1,16.0,8.0,40.0,2011,MIS4_to_MIS8,illinois,1,2010-2011,1,0,0,0,retention
871719037909668,1,1.0,1,4,2,8600,86001,1,1,33,17,0,99,3.0,2.0,,0,1,37,2.0,2,44,1,,1,1,1,1,2,57,57,57,1,0,0,1.0,1.0,,40.0,,41.0,,,,,,2.0,3.0,0.0,1,2.0,2.0,2.0,,2884.61,1.0,,,,,12723.6019,3175.5254,8,3,0.0,,0,0,5052,1,,,,,,2.0,3150.0559,7860.0,3230.0,-1,,,,,,,12040.0,2010,600,597,0,1,1,0,1,18.0,10.0,40.0,2010,1.0,1,8,2,8600,86001,1,33,17,0,99,3.0,2.0,,0,1,38,2.0,2,44,1,,1,1,1,2,57,57,57,1,0,0,1.0,1.0,,40.0,,40.0,,,,,,2.0,3.0,0.0,1,2.0,2.0,2.0,,1153.84,1.0,,,,,12086.4448,2938.298,8,3,0.0,,0,0,6897,1,,,,,,2.0,2918.7656,7860.0,3230.0,-1,,,,,,,12172.0,2011,612,597,0,1,1,0,1,18.0,10.0,40.0,2011,MIS4_to_MIS8,illinois,1,2010-2011,1,0,0,0,retention
871719037909668,1,1.0,1,4,2,8600,86001,1,1,33,17,0,99,3.0,2.0,,0,3,42,1.0,1,41,1,,2,1,2,1,2,57,57,57,1,0,0,2.0,1.0,,40.0,,40.0,,,,,,2.0,3.0,0.0,1,1.0,1.0,1.0,2097.0,846.15,1.0,,,,,10758.9129,2687.3981,8,3,0.0,0.0,0,0,5052,2,,,3.0,,,,2667.4913,6290.0,7330.0,-1,,,,,,,12041.0,2010,600,597,0,1,1,0,1,14.0,20.0,23.0,2010,1.0,1,8,2,8600,86001,1,33,17,0,99,3.0,2.0,,0,3,43,1.0,1,41,1,,1,2,1,2,57,57,57,1,0,0,2.0,1.0,,40.0,,40.0,,,,,,2.0,3.0,0.0,1,2.0,1.0,1.0,2100.0,865.38,1.0,,,,,11117.835,2809.2244,8,3,0.0,0.0,0,0,6897,2,,,3.0,,,,2813.683,770.0,7210.0,-1,,,,,,,12173.0,2011,612,597,0,1,1,0,1,14.0,20.0,4.0,2011,MIS4_to_MIS8,illinois,1,2010-2011,1,0,0,0,retention
927109970389105,1,1.0,1,4,2,8600,86001,1,1,33,17,0,0,3.0,2.0,,0,1,60,2.0,2,46,1,,1,1,1,1,2,57,57,370,1,0,0,1.0,1.0,,8.0,,25.0,,,21.0,,,7.0,2.0,0.0,1,2.0,2.0,2.0,,375.0,2.0,1.0,,,,14919.8285,3808.0838,0,0,0.0,,0,0,8654,1,,,,,,,3728.2738,7870.0,2200.0,-1,,,,,,,12063.0,2010,600,597,0,0,0,0,0,18.0,8.0,40.0,2010,1.0,1,8,2,8600,86001,1,33,17,0,0,3.0,2.0,,0,1,61,2.0,2,46,1,,1,1,1,2,57,57,370,1,0,0,1.0,1.0,,11.0,,8.0,,,21.0,,,7.0,2.0,0.0,1,2.0,2.0,2.0,,461.53,2.0,2.0,,,,15086.2002,3645.1658,0,0,0.0,,0,0,6841,1,,,,,,,3659.3401,7870.0,2200.0,-1,,,,,,,12194.0,2011,612,597,0,0,0,0,0,18.0,8.0,40.0,2011,MIS4_to_MIS8,illinois,1,2010-2011,1,0,0,0,retention
937279670159102,1,1.0,1,4,2,8600,86001,1,1,33,17,16580,0,,1.0,,2,3,23,1.0,2,43,1,,2,1,2,1,2,57,57,57,1,0,0,2.0,1.0,,40.0,,40.0,,,,,,2.0,3.0,0.0,1,2.0,2.0,2.0,,476.5,1.0,,2.0,,,15225.96,3797.428,2,1,0.0,,0,0,8700,2,,,,2.0,,,3873.0217,7860.0,2310.0,-1,,,,,,,12172.0,2010,600,597,0,1,0,0,1,16.0,8.0,40.0,2010,1.0,1,8,2,8600,86001,1,33,17,16580,0,,1.0,,2,3,24,1.0,2,43,1,,1,2,1,2,57,57,57,1,0,0,2.0,1.0,,40.0,,40.0,,,,,,2.0,3.0,0.0,1,2.0,2.0,2.0,,450.0,1.0,,2.0,,,15990.8099,3794.4284,2,1,0.0,,0,0,30617,2,,,,2.0,,,3779.5336,7860.0,2310.0,-1,,,,,,,12314.0,2011,612,597,0,1,0,0,1,16.0,8.0,40.0,2011,MIS4_to_MIS8,illinois,1,2010-2011,1,0,0,0,retention
943057937179340,1,1.0,6,4,2,8600,86001,1,1,33,17,44100,0,,1.0,,2,2,33,,1,40,1,,1,0,0,5,2,57,57,57,1,0,0,1.0,1.0,,38.0,,38.0,,,,,,2.0,2.0,0.0,1,2.0,,1.0,2850.0,1083.0,1.0,,,,,10749.1101,2717.9371,0,0,0.0,0.0,0,0,18154,1,,,3.0,,,,2704.263,9470.0,3800.0,-1,1.0,2.0,,,,,12177.0,2010,600,597,0,0,0,0,0,14.0,12.0,51.0,2010,1.0,6,8,2,8600,86001,1,33,17,44100,0,,1.0,,2,2,34,,1,40,1,,0,0,5,2,57,57,57,1,0,0,1.0,1.0,,40.0,,40.0,,,,,,2.0,2.0,0.0,1,2.0,1.0,1.0,890.0,1369.0,1.0,,,,,11955.3994,3035.8936,0,0,0.0,1.0,0,0,15326,1,,,3.0,,,,3002.3597,9470.0,3800.0,-1,1.0,2.0,,,,,12321.0,2011,612,597,0,0,0,0,0,14.0,12.0,51.0,2011,MIS4_to_MIS8,illinois,1,2010-2011,1,0,0,0,retention
781521077908795,1,1.0,3,4,2,8600,86001,1,1,32,18,23060,0,1.0,1.0,,3,1,56,,1,43,2,,1,1,1,5,2,57,57,57,1,0,0,1.0,1.0,,-4.0,,22.0,,,15.0,,,6.0,3.0,0.0,1,2.0,,1.0,1125.0,247.5,2.0,2.0,,,,9465.3139,2497.0663,0,0,0.0,0.0,0,0,55316,1,,,,2.0,,,2471.8041,7860.0,2320.0,-1,,,,,,,12299.0,2010,600,597,0,0,0,0,0,16.0,8.0,40.0,2010,1.0,6,8,2,8600,86001,1,32,18,23060,0,1.0,1.0,,3,2,57,,1,42,2,,0,0,5,2,57,57,57,1,0,0,1.0,1.0,,40.0,,40.0,,,,,,2.0,4.0,0.0,1,2.0,,1.0,1050.0,420.0,2.0,2.0,,,,10290.0159,2652.9326,0,0,0.0,0.0,0,0,30668,1,,,4.0,,,,2650.4463,7690.0,4220.0,-1,,,,,,,12441.0,2011,612,597,0,0,0,0,0,15.0,14.0,38.0,2011,MIS4_to_MIS8,indiana,0,2010-2011,0,1,0,1,retention
899760063330971,1,2.0,1,4,2,8600,86001,1,1,32,18,0,0,3.0,2.0,,0,1,64,2.0,1,39,1,,1,1,1,1,2,57,57,57,1,0,0,2.0,1.0,,38.0,,38.0,,,,,,2.0,2.0,0.0,1,2.0,,1.0,1500.0,570.0,2.0,2.0,,,,10328.988,2603.8698,0,0,1.0,1.0,0,0,21933,1,1.0,,,,,,2565.6256,8190.0,3600.0,-1,4.0,,,,,,12599.0,2010,600,597,0,0,0,0,0,12.0,11.0,41.0,2010,1.0,1,8,2,8600,86001,1,32,18,0,0,3.0,2.0,,0,1,65,2.0,1,39,1,,1,1,1,2,57,57,57,1,0,0,1.0,1.0,,38.0,,38.0,,,,,,2.0,2.0,0.0,1,2.0,,1.0,1400.0,532.0,2.0,2.0,,,,11135.9085,2571.3888,0,0,1.0,1.0,0,42,30854,1,1.0,,,,,,2581.6153,8190.0,3600.0,-1,4.0,,,,,,12739.0,2011,612,597,0,0,0,0,0,12.0,11.0,41.0,2011,MIS4_to_MIS8,indiana,0,2010-2011,1,0,0,0,retention
899760603850971,1,1.0,3,4,2,8600,86001,1,1,32,18,0,0,3.0,2.0,,0,14,45,,2,41,1,,2,0,0,4,2,57,57,57,1,0,0,2.0,1.0,,40.0,,40.0,,,,,,2.0,2.0,0.0,1,2.0,,1.0,1800.0,720.0,2.0,2.0,,,,9634.1214,2467.9742,0,0,0.0,0.0,0,0,31678,2,,,3.0,,,,2434.0428,8270.0,3500.0,-1,3.0,,,,,,12604.0,2010,600,597,0,0,0,0,0,14.0,10.0,42.0,2010,1.0,7,8,2,8600,86001,1,32,18,0,0,3.0,2.0,,0,2,46,,2,41,1,,0,0,4,2,57,57,57,1,0,0,2.0,1.0,,40.0,,40.0,,,,,,2.0,4.0,0.0,1,2.0,,1.0,1400.0,560.0,2.0,2.0,,,,10811.358,2750.8818,0,0,1.0,1.0,0,42,61469,2,,,3.0,,,,2769.7568,8270.0,3255.0,-1,3.0,,,,,,12741.0,2011,612,597,0,0,0,0,0,14.0,10.0,42.0,2011,MIS4_to_MIS8,indiana,0,2010-2011,0,1,0,1,retention
938529170469107,1,2.0,1,4,2,8600,86001,1,1,32,18,0,0,3.0,2.0,,0,1,48,2.0,1,43,1,,1,1,1,1,2,57,57,57,1,0,0,2.0,1.0,,53.0,,50.0,,,,,,2.0,2.0,0.0,1,2.0,2.0,2.0,,942.3,1.0,,,,,10259.8874,2593.9467,0,0,0.0,,0,0,31676,1,,,,1.0,1.0,,2595.3005,7860.0,2310.0,-1,,,,,,,12642.0,2010,600,597,0,0,0,0,0,18.0,8.0,40.0,2010,1.0,1,8,2,8600,86001,1,32,18,0,0,3.0,2.0,,0,1,49,2.0,1,43,1,,1,1,1,2,57,57,57,1,0,0,1.0,1.0,,60.0,,60.0,,,,,,2.0,3.0,0.0,1,2.0,1.0,1.0,3900.0,1388.88,1.0,,,,,11699.9711,2846.917,0,0,0.0,0.0,0,0,38770,1,,,,1.0,1.0,,2891.3912,7860.0,2310.0,-1,,,,,,,12767.0,2011,612,597,0,0,0,0,0,18.0,8.0,40.0,2011,MIS4_to_MIS8,indiana,0,2010-2011,1,0,0,0,retention
938529170469107,1,2.0,1,4,2,8600,86001,1,1,32,18,0,0,3.0,2.0,,0,3,49,1.0,2,44,1,,2,1,2,1,2,57,57,57,1,0,0,1.0,1.0,,40.0,4.0,20.0,,,4.0,,,4.0,2.0,0.0,1,2.0,2.0,2.0,,1146.61,1.0,,,,,9634.1214,2467.9742,0,0,0.0,,0,0,31676,2,,,,,,2.0,2434.0428,7860.0,2310.0,-1,,,,,,,12643.0,2010,600,597,0,0,0,0,0,18.0,8.0,40.0,2010,1.0,1,8,2,8600,86001,1,32,18,0,0,3.0,2.0,,0,3,50,1.0,2,44,1,,1,2,1,2,57,57,57,1,0,0,2.0,1.0,,60.0,,60.0,,,,,,2.0,3.0,0.0,1,2.0,1.0,1.0,4600.0,1666.66,1.0,,,,,10362.7761,2618.5165,0,0,0.0,0.0,0,0,38770,2,,,,,,2.0,2654.8348,7860.0,2310.0,-1,,,,,,,12768.0,2011,612,597,0,0,0,0,0,18.0,8.0,40.0,2011,MIS4_to_MIS8,indiana,0,2010-2011,1,0,0,0,retention
966068942179310,1,2.0,4,4,2,8600,86001,1,1,32,18,0,0,3.0,2.0,,0,4,45,,2,40,1,,2,2,1,5,2,57,57,57,1,0,0,,1.0,,35.0,,35.0,,,,,,2.0,3.0,0.0,1,2.0,,1.0,4000.0,1400.0,2.0,1.0,,,,9634.1214,2467.9742,4,1,1.0,1.0,41,41,51832,2,,,4.0,,,,2434.0428,7290.0,1960.0,-1,,,,,1.0,,12656.0,2010,600,597,0,0,0,1,0,15.0,5.0,36.0,2010,1.0,4,8,2,8600,86001,1,32,18,0,0,3.0,2.0,,0,4,46,,2,43,1,,1,3,5,2,57,57,57,1,0,0,,1.0,,40.0,,40.0,,,,,,2.0,4.0,0.0,1,2.0,,1.0,1100.0,440.0,2.0,2.0,,,,10811.358,2750.8818,0,0,1.0,1.0,0,41,40513,2,,,,2.0,,,2769.7568,7290.0,2630.0,-1,,,,,1.0,,12784.0,2011,612,597,0,0,0,0,0,16.0,9.0,36.0,2011,MIS4_to_MIS8,indiana,0,2010-2011,0,1,0,1,retention
820981064117939,1,1.0,1,4,2,8600,86001,1,1,32,18,14020,0,,1.0,,2,3,58,1.0,1,43,1,,2,1,2,1,2,57,57,57,1,0,0,2.0,2.0,5.0,40.0,,,,,,,,5.0,3.0,0.0,1,1.0,1.0,1.0,8800.0,961.53,2.0,2.0,,,,9504.2089,2357.134,0,0,0.0,1.0,0,0,34242,2,,,,2.0,,,2370.1836,8190.0,3130.0,-1,,,,,,,12725.0,2010,600,597,0,0,0,0,0,16.0,10.0,41.0,2010,1.0,1,8,2,8600,86001,1,32,18,14020,0,,1.0,,2,3,58,1.0,1,43,1,,1,2,1,2,57,57,57,1,0,0,2.0,1.0,,8.0,,8.0,,,19.0,,,7.0,5.0,0.0,1,1.0,,1.0,5061.0,504.88,2.0,2.0,,,,10646.2586,2678.682,0,0,1.0,1.0,0,0,40516,2,,,,2.0,,,2729.5551,8190.0,3255.0,-1,,,,,,,12839.0,2011,612,597,0,0,0,0,0,16.0,10.0,41.0,2011,MIS4_to_MIS8,indiana,0,2010-2011,0,1,0,1,retention
11343760941297,1,1.0,1,4,2,8600,86001,1,1,21,36,35620,81,1.0,1.0,,7,7,33,6.0,2,44,2,,3,2,1,1,2,332,332,332,4,0,10,2.0,1.0,,40.0,,40.0,,,,,,2.0,3.0,0.0,1,2.0,2.0,2.0,,1096.0,2.0,2.0,,,,9021.3106,2162.9856,5,2,1.0,,0,42,2036,3,,,,,,2.0,2211.0952,8190.0,2010.0,-1,,,,,2.0,,23528.0,2010,600,597,1,1,0,0,1,18.0,6.0,41.0,2010,4.0,1,8,2,8600,86001,1,21,36,35620,81,1.0,1.0,,7,7,34,6.0,2,44,2,,2,1,1,2,332,332,332,4,0,10,2.0,1.0,,40.0,,40.0,,,,,,2.0,5.0,0.0,1,2.0,2.0,2.0,,730.0,2.0,2.0,,,,14387.7513,3271.8985,8,2,1.0,,0,0,53010,3,,,,,,2.0,3414.1761,8190.0,2010.0,-1,,,,,2.0,,23523.0,2011,612,597,0,1,1,0,1,18.0,6.0,41.0,2011,MIS4_to_MIS8,new_york,0,2010-2011,0,1,0,1,retention
12773760942692,1,1.0,4,4,2,8600,86001,1,1,21,36,35620,5,1.0,1.0,,7,1,38,,2,35,1,2.0,1,1,1,7,2,57,57,57,1,0,0,1.0,4.0,,,,,,,,12.0,3.0,11.0,3.0,0.0,2,,,,,,,,,,,10971.9175,2742.2365,3,1,,,0,0,61486,1,,,,,,,2711.0647,8570.0,4250.0,-1,,,,,,,23534.0,2010,600,597,0,0,1,0,0,9.0,14.0,44.0,2010,1.0,4,8,2,8600,86001,1,21,36,35620,5,1.0,1.0,,7,1,39,,2,35,1,2.0,1,1,7,2,57,57,57,1,0,0,1.0,4.0,,,,,,,,26.0,5.0,11.0,4.0,0.0,2,,,,,,,,,,,11254.3499,2648.2415,4,1,,,0,0,59318,1,,,,,,,2696.5175,5070.0,4720.0,-1,,,,,,,23529.0,2011,612,597,0,0,0,1,0,9.0,16.0,22.0,2011,MIS4_to_MIS8,new_york,0,2010-2011,0,1,0,1,retention
150960094037319,1,1.0,1,4,2,8600,86001,1,1,21,36,35620,85,1.0,1.0,,7,3,51,1.0,1,39,1,,2,1,2,1,2,57,57,57,1,0,0,2.0,1.0,,40.0,,40.0,,,,,,2.0,3.0,0.0,1,2.0,2.0,2.0,,1730.0,1.0,,,,,16678.2542,4229.2059,0,0,1.0,,0,42,56335,2,1.0,,,,,,4218.8652,9470.0,3740.0,-1,,,,,,,23613.0,2010,600,597,0,0,0,0,0,12.0,12.0,51.0,2010,2.0,1,8,2,8600,86001,1,21,36,35620,85,1.0,1.0,,7,3,52,1.0,1,39,1,,1,2,1,2,57,57,57,1,0,0,1.0,1.0,,40.0,,40.0,,,,,,2.0,4.0,0.0,1,2.0,2.0,2.0,,307.0,2.0,2.0,,,,17971.141,4388.1808,0,0,1.0,,0,42,36513,2,1.0,,,,,,4441.1733,770.0,6320.0,-1,,,,,,,23615.0,2011,612,597,0,0,0,0,0,12.0,19.0,4.0,2011,MIS4_to_MIS8,new_york,0,2010-2011,0,1,0,1,retention
210461097437139,1,1.0,7,4,2,8600,86001,1,1,21,36,35620,81,1.0,1.0,,7,2,25,,2,43,2,,1,0,0,7,2,57,57,57,1,0,0,1.0,1.0,,32.0,,44.0,,,,,,2.0,3.0,0.0,1,2.0,1.0,1.0,1755.0,673.07,2.0,2.0,,,,12679.4373,3090.1139,0,0,0.0,0.0,0,0,40558,1,,,,2.0,,,3107.6908,7860.0,2310.0,4600,,,,,,,23630.0,2010,600,597,0,0,0,0,0,16.0,8.0,40.0,2010,1.0,7,8,2,8600,86001,1,21,36,35620,81,1.0,1.0,,7,2,26,,2,43,2,,0,0,7,2,57,57,57,1,0,0,1.0,1.0,,40.0,,40.0,,,,,,2.0,3.0,0.0,1,2.0,2.0,2.0,,730.76,1.0,,,,,16317.591,3846.394,0,0,0.0,,0,0,53009,1,,,,2.0,,,3872.1221,7860.0,2330.0,-1,,,,,,,23631.0,2011,612,597,0,0,0,0,0,16.0,8.0,40.0,2011,MIS4_to_MIS8,new_york,0,2010-2011,1,0,0,0,retention
263476077001706,1,2.0,3,4,2,8600,86001,1,1,21,36,35620,47,1.0,1.0,,7,6,45,,2,43,2,,2,1,4,7,2,343,343,343,5,0,12,1.0,1.0,,40.0,,40.0,,,,,,2.0,3.0,0.0,1,2.0,,1.0,2050.0,820.0,1.0,,,,,15282.9603,4003.7428,0,0,1.0,1.0,0,0,14113,2,,,,2.0,,,4011.4115,8190.0,3130.0,-1,,,,,,,23639.0,2010,600,597,0,0,0,0,0,16.0,10.0,41.0,2010,1.0,3,8,2,8600,86001,1,21,36,35620,47,1.0,1.0,,7,6,46,,2,43,2,,1,4,7,2,343,343,343,5,0,12,1.0,1.0,,40.0,,40.0,,,,,,2.0,3.0,0.0,1,2.0,,1.0,2842.0,1136.8,1.0,,,,,13044.9773,3378.9861,0,0,1.0,1.0,0,0,52927,2,,,,2.0,,,3377.1961,8190.0,3255.0,-1,,,,,,,23645.0,2011,612,597,0,0,0,0,0,16.0,10.0,41.0,2011,MIS4_to_MIS8,new_york,0,2010-2011,1,0,0,0,retention
306047702067671,1,1.0,1,4,2,8600,86001,1,1,21,36,35620,47,1.0,1.0,,7,3,40,1.0,2,44,2,,2,1,2,1,2,57,324,324,1,0,0,2.0,1.0,,40.0,,40.0,,,,,,2.0,3.0,0.0,1,2.0,,1.0,2050.0,820.0,2.0,2.0,,,,9493.7407,2294.4612,8,3,1.0,1.0,0,0,1847,2,,,,,,3.0,2314.3628,9480.0,2010.0,-1,,,,,,,23663.0,2010,600,597,0,1,1,0,1,18.0,6.0,51.0,2010,1.0,1,8,2,8600,86001,1,21,36,35620,47,1.0,1.0,,7,3,40,1.0,2,44,2,,1,2,1,2,57,324,324,1,0,0,2.0,1.0,,40.0,,40.0,,,,,,2.0,3.0,0.0,1,2.0,,1.0,2842.0,1136.8,2.0,2.0,,,,9976.316,2503.0314,8,3,1.0,1.0,0,0,11815,2,,,,,,3.0,2561.712,8370.0,2010.0,-1,,,,,,,23668.0,2011,612,597,0,1,1,0,1,18.0,6.0,43.0,2011,MIS4_to_MIS8,new_york,0,2010-2011,1,0,0,0,retention
390907103071608,1,1.0,4,4,2,8600,86001,1,1,21,36,35620,5,1.0,1.0,,7,1,54,,2,40,1,2.0,1,1,1,7,2,57,57,57,1,0,0,1.0,1.0,,40.0,,40.0,,,,,,2.0,3.0,0.0,1,2.0,1.0,1.0,2000.0,1076.92,1.0,,,,,14143.7348,3548.3775,0,0,0.0,0.0,0,0,65121,1,,,3.0,,,,3573.3882,9480.0,5240.0,-1,,,,,,,23735.0,2010,600,597,0,0,0,0,0,14.0,17.0,51.0,2010,1.0,4,8,2,8600,86001,1,21,36,35620,5,1.0,1.0,,7,1,56,,2,40,1,2.0,1,1,7,2,57,57,57,1,0,0,1.0,1.0,,40.0,,40.0,,,,,,2.0,3.0,0.0,1,2.0,1.0,1.0,1500.0,600.0,1.0,,,,,14601.4551,3595.1321,0,0,0.0,0.0,0,0,63174,1,,,1.0,,,,3597.7086,9480.0,2010.0,-1,,,,,,,23750.0,2011,612,597,0,0,0,0,0,12.0,6.0,51.0,2011,MIS4_to_MIS8,new_york,0,2010-2011,1,0,0,0,retention
407901273695136,1,3.0,1,4,2,8600,86001,1,1,21,36,35620,5,1.0,1.0,,7,3,37,1.0,1,39,1,4.0,2,1,2,1,2,329,329,329,4,0,20,2.0,1.0,,40.0,,40.0,,,,,,2.0,2.0,0.0,1,2.0,,1.0,1250.0,500.0,1.0,,,,,17577.7352,4257.2038,7,2,1.0,1.0,0,42,5831,2,1.0,,,,,,4358.1036,770.0,6700.0,-1,,,,,,,23822.0,2010,600,597,1,0,0,1,1,12.0,19.0,4.0,2010,1.0,1,8,2,8600,86001,1,21,36,35620,5,1.0,1.0,,7,3,38,1.0,1,39,1,4.0,1,2,1,2,329,329,329,4,0,20,2.0,1.0,,40.0,,40.0,,,,,,2.0,4.0,0.0,1,2.0,,1.0,2000.0,800.0,2.0,2.0,,,,16264.3017,4057.4106,7,2,0.0,0.0,0,0,24693,2,1.0,,,,,,4116.1421,770.0,6700.0,-1,,,,,,,23829.0,2011,612,597,1,0,0,1,1,12.0,19.0,4.0,2011,MIS4_to_MIS8,new_york,0,2010-2011,0,1,0,1,retention
466229170729307,1,1.0,1,4,2,8600,86001,1,1,21,36,35620,5,1.0,1.0,,7,4,22,,2,43,1,4.0,1,1,3,7,2,329,329,329,4,0,13,1.0,1.0,,40.0,,40.0,,,,,,2.0,3.0,0.0,1,2.0,1.0,1.0,1100.0,500.0,1.0,,1.0,1.0,2.0,12111.7069,2987.9873,0,0,0.0,0.0,0,0,61487,1,,,,2.0,,,3080.8504,8370.0,2540.0,-1,,,,,3.0,1.0,23852.0,2010,600,597,0,0,0,0,0,16.0,8.0,43.0,2010,1.0,1,8,2,8600,86001,1,21,36,35620,5,1.0,1.0,,7,4,23,,2,43,1,4.0,1,3,7,2,329,329,329,4,0,13,1.0,1.0,,20.0,,15.0,,,15.0,,,6.0,4.0,0.0,1,2.0,,1.0,1050.0,210.0,2.0,2.0,1.0,2.0,2.0,11733.8033,2731.9606,0,0,0.0,0.0,0,0,1400,1,,,,2.0,,,2773.362,8470.0,4600.0,-1,,,,,3.0,1.0,23853.0,2011,612,597,0,0,0,0,0,16.0,15.0,43.0,2011,MIS4_to_MIS8,new_york,0,2010-2011,0,1,0,1,retention
500763092537519,1,2.0,1,4,2,8600,86001,1,1,21,36,35620,81,1.0,1.0,,7,3,54,1.0,1,43,2,,2,1,2,1,2,332,332,332,4,0,9,1.0,1.0,,40.0,,40.0,,,,,,2.0,3.0,0.0,1,2.0,2.0,2.0,,500.0,1.0,,,,,14722.1261,3690.5429,10,2,1.0,,0,42,14370,2,,,,2.0,,,3654.8235,7860.0,2540.0,-1,,,,,,,23861.0,2010,600,597,0,0,1,1,0,16.0,8.0,40.0,2010,2.0,1,8,2,8600,86001,1,21,36,35620,81,1.0,1.0,,7,3,55,1.0,1,43,2,,1,2,1,2,332,332,332,4,0,9,1.0,1.0,,40.0,,40.0,,,,,,2.0,2.0,0.0,1,2.0,1.0,1.0,1175.0,1000.0,1.0,,,,,13778.2476,3529.2905,3,1,1.0,1.0,0,0,25014,2,,,,2.0,,,3548.9261,7860.0,2310.0,-1,,,,,,,23862.0,2011,612,597,0,0,1,0,0,16.0,8.0,40.0,2011,MIS4_to_MIS8,new_york,0,2010-2011,1,0,0,0,retention
707906563692776,1,1.0,1,4,2,8600,86001,1,1,21,36,15380,0,1.0,1.0,,5,4,25,,2,43,1,,3,1,3,7,2,57,57,57,1,0,0,2.0,1.0,,40.0,,40.0,,,,,,2.0,2.0,0.0,1,2.0,,1.0,1800.0,720.0,2.0,2.0,,,,16291.5202,3887.393,0,0,0.0,0.0,0,0,28379,3,,,,1.0,1.0,,3927.4988,7860.0,2310.0,-1,,,,,2.0,1.0,24009.0,2010,600,597,0,0,0,0,0,18.0,8.0,40.0,2010,1.0,1,8,2,8600,86001,1,21,36,15380,0,1.0,1.0,,5,4,26,,2,44,1,,1,3,7,2,57,57,57,1,0,0,2.0,1.0,,40.0,,70.0,,,,,,2.0,3.0,0.0,1,2.0,2.0,2.0,,350.0,1.0,,,,,15895.3281,3903.6986,0,0,0.0,,0,0,15711,3,,,,,,2.0,3983.0568,7860.0,2540.0,5400,,,,,2.0,1.0,23998.0,2011,612,597,0,0,0,0,0,18.0,8.0,40.0,2011,MIS4_to_MIS8,new_york,0,2010-2011,1,0,0,0,retention
730600076742617,1,2.0,1,4,2,8600,86001,1,1,21,36,35620,47,1.0,1.0,,7,1,47,2.0,1,44,2,,1,1,1,1,2,333,333,333,4,0,6,2.0,1.0,,40.0,,40.0,,,,,,2.0,3.0,0.0,1,2.0,,1.0,1600.0,640.0,1.0,,,,,16806.634,4213.0874,3,1,1.0,1.0,0,0,40427,1,,,,,,2.0,4172.3105,9470.0,3710.0,-1,,,,,,,24016.0,2010,600,597,0,0,1,0,0,18.0,12.0,51.0,2010,1.0,1,8,2,8600,86001,1,21,36,35620,47,1.0,1.0,,7,1,48,2.0,1,44,2,,1,1,1,2,333,333,333,4,0,6,2.0,1.0,,50.0,,50.0,,,,,,2.0,3.0,0.0,1,2.0,,1.0,1100.0,550.0,1.0,,,,,16653.2224,4148.4973,3,1,1.0,1.0,0,0,52928,1,,,,,,2.0,4171.5778,9470.0,3710.0,-1,,,,,,,24004.0,2011,612,597,0,0,1,0,0,18.0,12.0,51.0,2011,MIS4_to_MIS8,new_york,0,2010-2011,1,0,0,0,retention
730609967748084,1,2.0,1,4,2,8600,86001,1,1,21,36,35620,85,1.0,1.0,,7,1,42,2.0,1,39,1,,1,1,1,1,2,57,57,57,1,0,0,2.0,1.0,,40.0,,53.0,,,,,,2.0,3.0,0.0,1,2.0,2.0,2.0,,1730.76,1.0,,,,,13004.1988,3226.727,10,3,0.0,,0,0,18619,1,1.0,,,,,,3224.1722,9470.0,3740.0,6320,,,,,,,24044.0,2010,600,597,0,0,1,1,0,12.0,12.0,51.0,2010,2.0,1,8,2,8600,86001,1,21,36,35620,85,1.0,1.0,,7,1,43,2.0,1,39,1,,1,1,1,2,57,57,57,1,0,0,2.0,1.0,,40.0,,38.0,,,,,,2.0,6.0,0.0,2,,,,,,,,,,,13706.0442,3326.6188,10,3,,,0,0,28349,1,1.0,,,,,,3388.0801,770.0,6320.0,-1,,,,,,,24034.0,2011,612,597,0,0,1,1,0,12.0,19.0,4.0,2011,MIS4_to_MIS8,new_york,0,2010-2011,0,1,0,1,retention
730609967748084,1,2.0,1,4,2,8600,86001,1,1,21,36,35620,85,1.0,1.0,,7,3,41,1.0,2,44,1,,2,1,2,1,2,57,140,119,1,0,0,1.0,1.0,,40.0,,40.0,,,,,,2.0,3.0,0.0,1,2.0,2.0,2.0,,1471.15,1.0,,,,,11208.1161,2761.7072,10,3,0.0,,0,0,18619,2,,,,,,2.0,2774.8583,7860.0,2300.0,-1,,,,,,,24045.0,2010,600,597,0,0,1,1,0,18.0,8.0,40.0,2010,2.0,1,8,2,8600,86001,1,21,36,35620,85,1.0,1.0,,7,3,42,1.0,2,44,1,,1,2,1,2,57,140,119,1,0,0,1.0,1.0,,40.0,,40.0,,,,,,2.0,2.0,0.0,1,2.0,2.0,2.0,,1519.23,1.0,,,,,11207.8601,2657.125,10,3,0.0,,0,0,28349,2,,,,,,2.0,2706.5954,7860.0,2300.0,-1,,,,,,,24035.0,2011,612,597,0,0,1,1,0,18.0,8.0,40.0,2011,MIS4_to_MIS8,new_york,0,2010-2011,1,0,0,0,retention
730609976742637,1,1.0,1,4,2,8600,86001,1,1,21,36,35620,47,1.0,1.0,,7,3,39,1.0,1,44,1,,2,1,2,1,2,57,501,116,1,0,0,2.0,1.0,,40.0,8.0,34.0,,,8.0,,,4.0,3.0,0.0,1,2.0,2.0,2.0,,1403.84,1.0,,,,,12627.0841,3141.0456,1,2,0.0,,0,0,48992,2,,,,,,2.0,3130.6729,7860.0,2320.0,230,,,,,,,24053.0,2010,600,597,1,0,0,0,1,18.0,8.0,40.0,2010,1.0,1,8,2,8600,86001,1,21,36,35620,47,1.0,1.0,,7,3,40,1.0,1,44,1,,1,2,1,2,57,501,116,1,0,0,2.0,1.0,,40.0,4.0,32.0,,,4.0,,,4.0,3.0,0.0,1,2.0,2.0,2.0,,1403.84,1.0,,,,,13387.4766,3326.6188,5,2,0.0,,0,0,44794,2,,,,,,2.0,3388.0801,7860.0,2310.0,-1,,,,,,,24041.0,2011,612,597,1,1,0,0,1,18.0,8.0,40.0,2011,MIS4_to_MIS8,new_york,0,2010-2011,1,0,0,0,retention
863282007900590,1,1.0,7,4,2,8600,86001,1,1,21,36,35620,47,1.0,1.0,,7,2,47,,2,43,2,,1,0,0,3,2,57,57,57,1,0,0,1.0,1.0,,40.0,,40.0,,,,,,2.0,3.0,0.0,1,2.0,2.0,2.0,,400.0,2.0,2.0,,,,15282.9603,4003.7428,0,0,1.0,,0,0,48991,1,,,,2.0,,,4011.4115,9480.0,3820.0,-1,,,,,,,24121.0,2010,600,597,0,0,0,0,0,16.0,12.0,51.0,2010,1.0,7,8,2,8600,86001,1,21,36,35620,47,1.0,1.0,,7,2,48,,2,43,2,,0,0,7,2,57,57,57,1,0,0,1.0,1.0,,35.0,,35.0,,,,,,2.0,3.0,0.0,1,2.0,2.0,2.0,,1019.23,1.0,,,,,13044.9773,3378.9861,0,0,0.0,,0,0,24850,1,,,,2.0,,,3377.1961,9480.0,3910.0,-1,,,,,,,24121.0,2011,612,597,0,0,0,0,0,16.0,12.0,51.0,2011,MIS4_to_MIS8,new_york,0,2010-2011,1,0,0,0,retention
863453077808192,1,1.0,7,4,2,8600,86001,1,1,21,36,35620,47,1.0,1.0,,7,2,57,,2,43,2,,1,0,0,7,2,57,57,57,1,0,0,1.0,1.0,,35.0,,35.0,,,,,,2.0,3.0,0.0,1,2.0,1.0,1.0,5600.0,2596.15,1.0,,,,,13000.6882,3644.6025,0,0,0.0,0.0,0,0,14114,1,,,,1.0,1.0,,3651.5833,6180.0,100.0,-1,,,,,,,24124.0,2010,600,597,0,0,0,0,0,18.0,1.0,23.0,2010,1.0,7,8,2,8600,86001,1,21,36,35620,47,1.0,1.0,,7,2,59,,2,43,2,,0,0,7,2,57,57,57,1,0,0,1.0,1.0,,40.0,,40.0,,,,,,2.0,3.0,0.0,1,2.0,2.0,2.0,,1923.07,2.0,2.0,,,,13215.4151,3551.6498,0,0,0.0,,0,0,1482,1,,,,1.0,1.0,,3549.7684,6180.0,100.0,-1,,,,,,,24122.0,2011,612,597,0,0,0,0,0,18.0,1.0,23.0,2011,MIS4_to_MIS8,new_york,0,2010-2011,1,0,0,0,retention
863891047908690,1,1.0,7,4,2,8600,86001,1,1,21,36,35620,81,1.0,1.0,,7,2,67,,2,43,1,,1,0,0,4,2,57,57,57,1,0,0,1.0,1.0,,35.0,,35.0,,,,,,2.0,2.0,0.0,1,2.0,1.0,1.0,3350.0,1153.84,2.0,2.0,,,,14573.1022,3548.4495,0,0,0.0,0.0,0,0,28659,1,,,,2.0,,,3561.9665,7870.0,2830.0,-1,,,,,,,24128.0,2010,600,597,0,0,0,0,0,16.0,9.0,40.0,2010,1.0,7,8,2,8600,86001,1,21,36,35620,81,1.0,1.0,,7,2,69,,2,43,1,,0,0,4,2,57,57,57,1,0,0,1.0,1.0,,38.0,,38.0,,,,,,2.0,3.0,0.0,1,2.0,2.0,2.0,,1288.46,2.0,1.0,,,,12557.2044,3305.5702,0,0,0.0,,0,0,53013,1,,,,1.0,1.0,,3270.9827,7870.0,2830.0,-1,,,,,,,24126.0,2011,612,597,0,0,0,0,0,18.0,9.0,40.0,2011,MIS4_to_MIS8,new_york,0,2010-2011,1,0,0,0,retention
937016414379120,1,1.0,1,4,2,8600,86001,1,1,21,36,35620,81,1.0,1.0,,7,3,40,1.0,1,40,2,,2,1,2,1,2,333,333,333,5,21,8,2.0,1.0,,40.0,6.0,32.0,,,6.0,,,4.0,3.0,0.0,1,2.0,2.0,2.0,,315.0,1.0,,,,,12496.5178,2906.5322,4,1,1.0,,0,0,49121,2,,,3.0,,,,2865.4364,9480.0,5000.0,-1,,,,,,,24196.0,2010,600,597,0,0,0,1,0,14.0,17.0,51.0,2010,2.0,1,8,2,8600,86001,1,21,36,35620,81,1.0,1.0,,7,3,41,1.0,1,40,2,,1,2,1,2,333,333,333,5,21,8,1.0,1.0,,37.0,,37.0,,,,,,2.0,1.0,0.0,1,2.0,2.0,2.0,,480.0,1.0,,,,,14453.9233,3190.6041,4,1,0.0,,0,0,12031,2,,,3.0,,,,3271.7165,9480.0,5000.0,-1,,,,,,,24194.0,2011,612,597,0,0,0,1,0,14.0,17.0,51.0,2011,MIS4_to_MIS8,new_york,0,2010-2011,0,1,1,0,retention
937016414379120,1,1.0,1,4,2,8600,86001,1,1,21,36,35620,81,1.0,1.0,,7,4,16,,1,44,2,,3,1,3,7,2,57,332,57,1,0,0,2.0,1.0,,35.0,,35.0,,,,,,2.0,3.0,0.0,1,2.0,,1.0,950.0,332.5,1.0,,1.0,1.0,2.0,30890.1934,3159.1555,0,0,1.0,1.0,0,42,49121,3,,,,,,2.0,3251.2324,9480.0,1800.0,-1,,,,,1.0,1.0,24197.0,2010,600,597,0,0,0,0,0,18.0,5.0,51.0,2010,2.0,1,8,2,8600,86001,1,21,36,35620,81,1.0,1.0,,7,4,17,,1,44,2,,1,3,7,2,57,332,57,1,0,0,2.0,1.0,,38.0,,38.0,,,,,,2.0,2.0,0.0,1,2.0,,1.0,1245.0,460.65,2.0,2.0,1.0,1.0,2.0,12380.3078,2726.3277,0,0,0.0,0.0,0,0,12031,3,,,,,,2.0,2816.4306,7870.0,5860.0,-1,,,,,1.0,1.0,24195.0,2011,612,597,0,0,0,0,0,18.0,17.0,40.0,2011,MIS4_to_MIS8,new_york,0,2010-2011,1,0,0,0,retention
971066905379890,1,1.0,1,4,2,8600,86001,1,1,21,36,10580,0,1.0,1.0,,4,1,62,2.0,1,43,1,,1,1,1,1,2,57,57,109,1,0,0,1.0,1.0,,38.0,,38.0,,,,,,2.0,2.0,0.0,1,2.0,2.0,2.0,,1211.53,1.0,,,,,12928.1406,3236.6713,0,0,0.0,,0,0,13918,1,,,,2.0,,,3211.2312,9570.0,800.0,-1,,,,,,,24257.0,2010,600,597,0,0,0,0,0,16.0,2.0,51.0,2010,2.0,1,8,2,8600,86001,1,21,36,10580,0,1.0,1.0,,4,1,64,2.0,1,43,1,,1,1,1,2,57,57,109,1,0,0,2.0,5.0,,,,,,,,,,1.0,2.0,0.0,2,,,,,,,,,,,11704.248,3028.1132,0,0,,,0,0,44714,1,,,,2.0,,,2969.6309,9570.0,800.0,-1,,,,,,,24253.0,2011,612,597,0,0,0,0,0,16.0,2.0,51.0,2011,MIS4_to_MIS8,new_york,0,2010-2011,1,0,0,0,retention
974036480379560,1,2.0,3,4,2,8600,86001,1,1,21,36,35620,47,1.0,1.0,,7,1,23,,1,40,1,2.0,1,1,1,7,2,57,57,57,1,0,0,2.0,7.0,,,,,,,,,,1.0,3.0,0.0,2,,,,,,,,1.0,1.0,2.0,14274.3207,3674.3913,0,0,,,0,0,14118,1,,,4.0,,,,3753.8268,7860.0,4220.0,-1,,,,,2.0,,24259.0,2010,600,597,0,0,0,0,0,15.0,14.0,40.0,2010,2.0,3,8,2,8600,86001,1,21,36,35620,47,1.0,1.0,,7,1,24,,1,42,1,2.0,1,1,7,2,57,57,57,1,0,0,2.0,1.0,,-4.0,,35.0,,,,,,9.0,3.0,0.0,1,2.0,,1.0,1600.0,320.0,2.0,2.0,1.0,1.0,2.0,18689.117,4568.4464,0,0,0.0,0.0,0,0,57984,1,,,2.0,,,,4652.6729,7860.0,4220.0,-1,,,,,2.0,,24258.0,2011,612,597,0,0,0,0,0,13.0,14.0,40.0,2011,MIS4_to_MIS8,new_york,0,2010-2011,1,0,0,0,retention
974036480379560,1,2.0,3,4,2,8600,86001,1,1,21,36,35620,47,1.0,1.0,,7,6,45,,2,44,1,2.0,2,1,4,5,2,57,73,73,1,0,0,1.0,1.0,,40.0,,40.0,,,,,,2.0,2.0,0.0,1,2.0,2.0,2.0,,2115.38,1.0,,,,,13051.9999,3336.5586,0,0,0.0,,0,0,14118,2,,,,,,2.0,3297.5634,7860.0,230.0,-1,,,,,,,24260.0,2010,600,597,0,0,0,0,0,18.0,1.0,40.0,2010,2.0,3,8,2,8600,86001,1,21,36,35620,47,1.0,1.0,,7,6,46,,2,44,1,2.0,1,4,5,2,57,73,73,1,0,0,1.0,1.0,,35.0,,35.0,,,,,,2.0,2.0,0.0,1,2.0,2.0,2.0,,1923.07,1.0,,,,,12072.0095,3076.8858,0,0,0.0,,0,42,57984,2,,,,,,2.0,3092.7226,7860.0,230.0,-1,,,,,,,24259.0,2011,612,597,0,0,0,0,0,18.0,1.0,40.0,2011,MIS4_to_MIS8,new_york,0,2010-2011,1,0,0,0,retention
976399969600338,1,3.0,1,4,2,8600,86001,1,1,21,36,35620,61,1.0,1.0,,7,4,34,,2,41,1,2.0,3,2,1,7,2,57,57,57,1,0,0,1.0,1.0,,35.0,,35.0,,,,,,2.0,3.0,0.0,1,2.0,1.0,1.0,1400.0,576.92,1.0,,,,,9685.8071,2313.5581,3,1,0.0,0.0,0,0,28564,3,,,3.0,,,,2335.0182,8190.0,5310.0,-1,,,,,2.0,1.0,24264.0,2010,600,597,0,0,1,0,0,14.0,17.0,41.0,2010,1.0,1,8,2,8600,86001,1,21,36,35620,61,1.0,1.0,,7,4,35,,2,41,1,2.0,2,1,7,2,57,57,57,1,0,0,2.0,7.0,,,,,,,,,,1.0,,,2,,,,,,,,,,,10391.5421,2648.2415,3,1,,,0,0,15737,3,,,3.0,,,,2616.8815,,,-1,,,,,2.0,1.0,24264.0,2011,612,597,0,0,1,0,0,14.0,,,2011,MIS4_to_MIS8,new_york,0,2010-2011,0,1,0,0,retention
263269087001200,1,1.0,6,4,2,8600,86001,1,1,21,36,15380,0,2.0,1.0,,5,16,56,,1,44,1,,2,0,0,7,2,57,57,57,1,0,0,2.0,1.0,,40.0,,40.0,,,,,,2.0,3.0,0.0,1,1.0,1.0,1.0,8800.0,961.0,2.0,2.0,,,,12064.6419,2971.555,0,0,1.0,1.0,0,0,14278,2,,,,,,2.0,3008.7109,7270.0,2100.0,-1,,,,,,,24392.0,2010,600,597,0,0,0,0,0,18.0,7.0,36.0,2010,1.0,6,8,2,8600,86001,1,21,36,15380,0,2.0,1.0,,5,16,57,,1,44,1,,0,0,7,2,57,57,57,1,0,0,2.0,1.0,,40.0,,40.0,,,,,,2.0,5.0,0.0,1,2.0,2.0,2.0,,961.0,2.0,2.0,,,,11072.9432,2750.4669,0,0,1.0,,0,42,1592,2,,,,,,2.0,2838.9512,7270.0,2100.0,-1,,,,,,,24428.0,2011,612,597,0,0,0,0,0,18.0,7.0,36.0,2011,MIS4_to_MIS8,new_york,0,2010-2011,0,1,0,1,retention
300027802092661,1,2.0,1,4,2,8600,86001,1,1,21,36,15380,0,2.0,1.0,,5,3,48,1.0,2,43,1,,2,1,2,1,2,57,57,57,1,0,0,1.0,1.0,,35.0,,51.0,,,,,,2.0,3.0,0.0,1,1.0,,1.0,3200.0,1520.0,1.0,,,,,12241.3297,3114.2834,0,0,0.0,0.0,0,0,14277,2,,,,2.0,,,3092.7491,8170.0,3130.0,-1,,,,,,,24399.0,2010,600,597,0,0,0,0,0,16.0,10.0,42.0,2010,2.0,1,8,2,8600,86001,1,21,36,15380,0,2.0,1.0,,5,3,49,1.0,2,43,1,,1,2,1,2,57,57,57,1,0,0,1.0,1.0,,35.0,,35.0,,,,,,2.0,3.0,0.0,1,1.0,1.0,1.0,3300.0,1250.0,1.0,,,,,11778.1864,2958.6208,0,0,0.0,0.0,0,0,1591,2,,,,2.0,,,3017.4481,9480.0,3255.0,-1,,,,,,,24436.0,2011,612,597,0,0,0,0,0,16.0,10.0,51.0,2011,MIS4_to_MIS8,new_york,0,2010-2011,1,0,0,0,retention
305007406003681,1,3.0,1,4,2,8600,86001,1,1,21,36,35620,103,2.0,1.0,,7,4,19,,2,40,2,,3,1,3,7,2,57,57,57,1,0,0,1.0,1.0,,20.0,,20.0,,,20.0,,,7.0,3.0,0.0,1,2.0,,1.0,1000.0,200.0,2.0,2.0,1.0,1.0,2.0,13572.9064,2728.9048,0,0,0.0,0.0,0,0,40612,3,,,2.0,,,,2745.8616,6770.0,2440.0,-1,,,,,1.0,1.0,24404.0,2010,600,597,0,0,0,0,0,13.0,8.0,31.0,2010,6.0,4,8,2,8600,86001,1,21,36,35620,103,2.0,1.0,,7,4,20,,2,40,2,,1,3,7,2,57,57,57,1,0,0,2.0,7.0,,,,,,,,,,1.0,,,2,,,,,,,,1.0,1.0,2.0,11029.8459,2886.0365,0,0,,,0,0,12115,3,,,3.0,,,,2915.7133,,,-1,,,,,1.0,,24440.0,2011,612,597,0,0,0,0,0,14.0,,,2011,MIS4_to_MIS8,new_york,0,2010-2011,0,1,0,0,retention
393947802074688,1,2.0,1,4,2,8600,86001,1,1,21,36,35620,0,2.0,1.0,,7,1,44,2.0,1,44,1,,1,1,1,1,2,57,57,57,1,0,0,2.0,1.0,,40.0,,40.0,,,,,,2.0,3.0,0.0,1,2.0,2.0,2.0,,2692.3,1.0,,,,,11544.0012,2845.9561,3,1,0.0,,0,0,49141,1,,,,,,3.0,2862.1408,7860.0,10.0,-1,,,,,,,24452.0,2010,600,597,0,0,1,0,0,18.0,1.0,40.0,2010,2.0,1,8,2,8600,86001,1,21,36,35620,0,2.0,1.0,,7,1,45,2.0,1,44,1,,1,1,1,2,57,57,57,1,0,0,2.0,1.0,,50.0,,60.0,,,,,,2.0,3.0,0.0,1,1.0,2.0,2.0,,2448.97,1.0,,,,,13531.174,3250.4591,6,2,0.0,,0,0,1667,1,,,,,,3.0,3343.9328,7860.0,230.0,-1,,,,,,,24488.0,2011,612,597,1,0,1,0,1,18.0,1.0,40.0,2011,MIS4_to_MIS8,new_york,0,2010-2011,1,0,0,0,retention
398937506072601,1,1.0,1,4,2,8600,86001,1,1,21,36,35620,103,2.0,1.0,,7,3,64,1.0,2,46,1,,2,1,2,1,2,57,57,57,1,0,0,2.0,1.0,,45.0,,35.0,,,,,,2.0,2.0,0.0,1,2.0,2.0,2.0,,2115.38,1.0,,,,,11372.257,2864.8214,0,0,0.0,,0,0,31873,2,,,,,,,2841.7812,7870.0,2200.0,-1,,,,,,,24495.0,2010,600,597,0,0,0,0,0,18.0,8.0,40.0,2010,1.0,1,8,2,8600,86001,1,21,36,35620,103,2.0,1.0,,7,3,65,1.0,2,46,1,,1,2,1,2,57,57,57,1,0,0,1.0,1.0,,60.0,,70.0,,,,,,2.0,2.0,0.0,1,2.0,2.0,2.0,,1800.0,1.0,,,,,11281.9446,2951.0281,0,0,0.0,,0,0,15763,2,,,,,,,2938.7947,7870.0,2200.0,-1,,,,,,,24534.0,2011,612,597,0,0,0,0,0,18.0,8.0,40.0,2011,MIS4_to_MIS8,new_york,0,2010-2011,1,0,0,0,retention
463468027906895,1,1.0,1,4,2,8600,86001,1,1,21,36,40380,55,2.0,1.0,,5,3,45,1.0,2,39,1,,2,1,2,1,2,57,57,57,1,0,0,2.0,1.0,,32.0,,32.0,,,22.0,,,7.0,3.0,0.0,1,2.0,1.0,1.0,800.0,258.46,2.0,2.0,,,,12241.3297,3114.2834,0,0,0.0,1.0,0,0,28482,2,1.0,,,,,,3092.7491,7860.0,4020.0,-1,,,,,,,24514.0,2010,600,597,0,0,0,0,0,12.0,13.0,40.0,2010,1.0,1,8,2,8600,86001,1,21,36,40380,55,2.0,1.0,,5,3,46,1.0,2,39,1,,1,2,1,2,57,57,57,1,0,0,2.0,1.0,,35.0,,35.0,,,,,,2.0,3.0,0.0,1,2.0,,1.0,1025.0,358.75,2.0,2.0,,,,11778.1864,2958.6208,0,0,0.0,0.0,0,0,11849,2,1.0,,,,,,3017.4481,7860.0,4600.0,-1,,,,,,,24553.0,2011,612,597,0,0,0,0,0,12.0,15.0,40.0,2011,MIS4_to_MIS8,new_york,0,2010-2011,1,0,0,0,retention
463468027906895,1,1.0,1,4,2,8600,86001,1,1,21,36,40380,55,2.0,1.0,,5,4,20,,1,39,1,,4,1,3,7,2,57,57,57,1,0,0,2.0,6.0,,,,,,,,,,1.0,3.0,0.0,2,,,,,,,,2.0,,,12108.9674,3172.5124,0,0,,,0,0,28482,4,1.0,,,,,,3184.3874,7860.0,4600.0,-1,,,,,2.0,1.0,24516.0,2010,600,597,0,0,0,0,0,12.0,15.0,40.0,2010,1.0,1,8,2,8600,86001,1,21,36,40380,55,2.0,1.0,,5,4,20,,1,39,1,,1,3,7,2,57,57,57,1,0,0,2.0,4.0,,,,,,,,64.0,5.0,11.0,4.0,0.0,2,,,,,,,,2.0,,,15899.4792,3553.2087,0,0,,,0,0,11849,4,1.0,,,,,,3532.1917,2890.0,8650.0,-1,,,,,2.0,1.0,24555.0,2011,612,597,0,0,0,0,0,12.0,21.0,6.0,2011,MIS4_to_MIS8,new_york,0,2010-2011,0,1,0,1,retention
473390659600308,1,2.0,1,4,2,8600,86001,1,1,21,36,35620,103,2.0,1.0,,7,1,40,2.0,2,43,1,,1,1,1,1,2,57,57,57,1,0,0,2.0,1.0,,38.0,,38.0,,,,,,2.0,3.0,0.0,1,2.0,2.0,2.0,,1346.15,2.0,2.0,,,,13306.1929,3257.5571,4,1,0.0,,0,0,28745,1,,,,2.0,,,3294.2913,9470.0,3730.0,-1,,,,,,,24526.0,2010,600,597,0,0,0,1,0,16.0,12.0,51.0,2010,2.0,1,8,2,8600,86001,1,21,36,35620,103,2.0,1.0,,7,1,42,2.0,2,43,1,,1,1,1,2,57,57,57,1,0,0,2.0,1.0,,40.0,,40.0,,,,,,2.0,3.0,0.0,1,1.0,2.0,2.0,,1538.0,2.0,2.0,,,,15687.8903,3695.6412,4,1,1.0,,0,0,12118,1,,,,2.0,,,3788.4816,9370.0,3910.0,-1,,,,,,,24563.0,2011,612,597,0,0,0,1,0,16.0,12.0,51.0,2011,MIS4_to_MIS8,new_york,0,2010-2011,1,0,0,0,retention
473390659600308,1,2.0,1,4,2,8600,86001,1,1,21,36,35620,103,2.0,1.0,,7,3,41,1.0,1,39,1,,2,1,2,1,2,57,57,57,1,0,0,1.0,1.0,,40.0,,40.0,,,,,,2.0,3.0,0.0,1,2.0,,1.0,2644.0,1057.6,1.0,,,,,11544.0012,2845.9561,4,1,0.0,0.0,0,0,28745,2,1.0,,,,,,2862.1408,770.0,6200.0,-1,,,,,,,24527.0,2010,600,597,0,0,0,1,0,12.0,19.0,4.0,2010,2.0,1,8,2,8600,86001,1,21,36,35620,103,2.0,1.0,,7,3,42,1.0,1,39,1,,1,2,1,2,57,57,57,1,0,0,1.0,1.0,,40.0,,40.0,,,,,,2.0,2.0,0.0,1,1.0,2.0,2.0,,1153.0,2.0,2.0,,,,13229.4554,3266.4968,4,1,1.0,,0,0,12118,2,1.0,,,,,,3348.0883,770.0,6730.0,-1,,,,,,,24564.0,2011,612,597,0,0,0,1,0,12.0,19.0,4.0,2011,MIS4_to_MIS8,new_york,0,2010-2011,1,0,0,0,retention
663154057908994,1,1.0,1,4,2,8600,86001,1,1,21,36,35620,103,2.0,1.0,,7,1,52,2.0,2,41,1,,1,1,1,1,2,57,57,57,1,0,0,1.0,1.0,,13.0,,10.0,,,15.0,,,7.0,3.0,0.0,1,2.0,1.0,1.0,1376.0,100.0,1.0,,,,,13580.1927,3390.6229,3,1,0.0,0.0,0,0,14471,1,,,3.0,,,,3431.0103,7860.0,2540.0,-1,,,,,,,24576.0,2010,600,597,0,0,1,0,0,14.0,8.0,40.0,2010,1.0,1,8,2,8600,86001,1,21,36,35620,103,2.0,1.0,,7,1,53,2.0,2,41,1,,1,1,1,2,57,57,57,1,0,0,1.0,1.0,,13.0,,13.0,,,17.0,,,7.0,3.0,0.0,1,2.0,,1.0,1000.0,120.0,1.0,,,,,12038.4633,3003.0977,4,1,0.0,0.0,0,0,25092,1,,,2.0,,,,3084.1284,7860.0,4130.0,-1,,,,,,,24604.0,2011,612,597,0,0,0,1,0,13.0,13.0,40.0,2011,MIS4_to_MIS8,new_york,0,2010-2011,1,0,0,0,retention
679570717440973,1,1.0,1,4,2,8600,86001,1,1,21,36,10580,0,2.0,1.0,,4,1,54,2.0,2,41,1,,1,1,1,1,2,57,57,57,1,0,0,1.0,1.0,,35.0,,38.0,,,,,,2.0,3.0,0.0,1,1.0,2.0,2.0,,950.0,1.0,,,,,13256.9942,3309.9285,0,0,1.0,,0,0,5824,1,,,2.0,,,,3349.3548,7860.0,4600.0,-1,,,,,,,24621.0,2010,600,597,0,0,0,0,0,13.0,15.0,40.0,2010,1.0,1,8,2,8600,86001,1,21,36,10580,0,2.0,1.0,,4,1,55,2.0,2,41,1,,1,1,1,2,57,57,57,1,0,0,1.0,1.0,,35.0,,50.0,,,,,,2.0,3.0,0.0,1,2.0,,1.0,1110.0,388.5,1.0,,,,,11427.0603,2772.8879,0,0,1.0,1.0,0,42,56515,1,,,3.0,,,,2815.5573,7860.0,4600.0,-1,,,,,,,24640.0,2011,612,597,0,0,0,0,0,14.0,15.0,40.0,2011,MIS4_to_MIS8,new_york,0,2010-2011,1,0,0,0,retention
679740637400973,1,1.0,6,4,2,8600,86001,1,1,21,36,35620,59,2.0,1.0,,7,2,27,,1,43,1,,1,0,0,7,2,57,57,57,1,0,0,1.0,1.0,,45.0,,45.0,,,,,,2.0,3.0,0.0,1,2.0,2.0,2.0,,1200.0,1.0,,,,,12886.1431,3220.7623,0,0,0.0,,0,0,14209,1,,,,2.0,,,3241.8981,9470.0,3850.0,-1,,,,,,,24626.0,2010,600,597,0,0,0,0,0,16.0,12.0,51.0,2010,1.0,1,8,2,8600,86001,1,21,36,35620,59,2.0,1.0,,7,1,28,2.0,1,43,1,,1,1,1,2,57,57,57,1,0,0,2.0,1.0,,48.0,,40.0,,,,,,2.0,3.0,0.0,1,1.0,2.0,2.0,,1250.0,1.0,,,,,14652.8994,3628.0892,0,0,0.0,,0,0,38895,1,,,,2.0,,,3679.7829,9470.0,3850.0,-1,,,,,,,24644.0,2011,612,597,0,0,0,0,0,16.0,12.0,51.0,2011,MIS4_to_MIS8,new_york,0,2010-2011,1,0,0,0,retention
679740637400973,1,1.0,6,4,2,8600,86001,1,1,21,36,35620,59,2.0,1.0,,7,14,26,,2,44,1,,2,0,0,7,2,57,57,57,1,0,0,2.0,1.0,,40.0,,40.0,,,,,,2.0,3.0,0.0,1,2.0,2.0,2.0,,1115.38,1.0,,,,,15015.7979,3582.9871,0,0,0.0,,0,0,14209,2,,,,,,3.0,3619.9524,7860.0,2310.0,-1,,,,,,,24627.0,2010,600,597,0,0,0,0,0,18.0,8.0,40.0,2010,1.0,1,8,2,8600,86001,1,21,36,35620,59,2.0,1.0,,7,3,27,1.0,2,44,1,,1,2,1,2,57,57,57,1,0,0,1.0,1.0,,40.0,10.0,32.0,,,10.0,,,4.0,3.0,0.0,1,2.0,2.0,2.0,,1115.38,1.0,,,,,16546.0649,4063.5117,0,0,0.0,,0,0,38895,2,,,,,,3.0,4146.1186,7860.0,2320.0,-1,,,,,,,24645.0,2011,612,597,0,0,0,0,0,18.0,8.0,40.0,2011,MIS4_to_MIS8,new_york,0,2010-2011,1,0,0,0,retention
699110928240973,1,1.0,1,4,2,8600,86001,1,1,21,36,10580,0,2.0,1.0,,4,1,39,2.0,1,41,1,,1,1,1,1,2,57,57,57,1,0,0,1.0,1.0,,40.0,,38.0,,,,,,2.0,2.0,0.0,1,2.0,1.0,1.0,2100.0,865.38,1.0,,,,,10942.46,2704.4525,0,0,0.0,0.0,0,0,18622,1,,,3.0,,,,2712.9988,9490.0,1960.0,-1,,,,,,,24630.0,2010,600,597,0,0,0,0,0,14.0,5.0,51.0,2010,1.0,1,8,2,8600,86001,1,21,36,10580,0,2.0,1.0,,4,1,40,2.0,1,41,1,,1,1,1,2,57,57,57,1,0,0,1.0,1.0,,40.0,,39.0,,,,,,2.0,2.0,0.0,1,2.0,1.0,1.0,2352.0,932.69,1.0,,,,,12406.3836,3063.2714,1,1,0.0,0.0,0,0,15755,1,,,3.0,,,,3139.7867,7770.0,1965.0,-1,,,,,,,24648.0,2011,612,597,1,0,0,0,1,14.0,5.0,38.0,2011,MIS4_to_MIS8,new_york,0,2010-2011,1,0,0,0,retention
699470306460973,1,1.0,3,4,2,8600,86001,1,1,21,36,35620,119,2.0,1.0,,7,1,57,,1,44,1,2.0,1,1,1,7,2,57,73,73,1,0,0,1.0,1.0,,40.0,,41.0,,,,,,2.0,3.0,0.0,1,2.0,2.0,2.0,,1442.3,1.0,,,,,12695.3481,3144.433,0,0,0.0,,0,0,40662,1,,,,,,3.0,3165.998,7860.0,2310.0,-1,,,,,2.0,,24633.0,2010,600,597,0,0,0,0,0,18.0,8.0,40.0,2010,1.0,3,8,2,8600,86001,1,21,36,35620,119,2.0,1.0,,7,1,58,,1,44,1,2.0,1,1,7,2,57,73,73,1,0,0,1.0,1.0,,40.0,,39.0,,,,,,2.0,3.0,0.0,1,2.0,2.0,2.0,,2115.38,1.0,,,,,10569.1168,2650.1831,0,0,0.0,,0,0,45006,1,,,,,,2.0,2709.777,7860.0,2320.0,-1,,,,,2.0,,24652.0,2011,612,597,0,0,0,0,0,18.0,8.0,40.0,2011,MIS4_to_MIS8,new_york,0,2010-2011,1,0,0,0,retention
730609913888559,1,1.0,1,4,2,8600,86001,1,1,21,36,35620,103,2.0,1.0,,7,3,39,1.0,1,43,1,,2,1,2,1,2,57,129,129,1,0,0,2.0,1.0,,40.0,,40.0,,,,,,2.0,2.0,0.0,1,2.0,1.0,1.0,5500.0,2000.0,1.0,,,,,11209.2314,2770.3857,3,3,0.0,0.0,0,0,31874,2,,,,2.0,,,2779.1402,9470.0,3850.0,-1,,,,,,,24666.0,2010,600,597,0,0,1,0,0,16.0,12.0,51.0,2010,1.0,1,8,2,8600,86001,1,21,36,35620,103,2.0,1.0,,7,3,40,1.0,1,43,1,,1,2,1,2,57,129,129,1,0,0,2.0,1.0,,40.0,,40.0,,,,,,2.0,3.0,0.0,1,2.0,,1.0,2200.0,880.0,1.0,,,,,13229.4554,3266.4968,3,3,1.0,1.0,0,42,25089,2,,,,2.0,,,3348.0883,6180.0,3860.0,-1,,,,,,,24687.0,2011,612,597,0,0,1,0,0,16.0,12.0,23.0,2011,MIS4_to_MIS8,new_york,0,2010-2011,1,0,0,0,retention
730609944150984,1,1.0,4,4,2,8600,86001,1,1,21,36,45060,67,2.0,1.0,,4,1,27,,2,41,1,,1,1,1,7,2,57,57,57,1,0,0,1.0,1.0,,-4.0,,40.0,,,,,,2.0,2.0,0.0,1,2.0,1.0,1.0,933.0,67.0,2.0,2.0,,,,14658.433,3497.7147,2,1,1.0,1.0,0,0,61598,1,,,4.0,,,,3533.8002,9470.0,3800.0,-1,,,,,3.0,,24677.0,2010,600,597,0,1,0,0,1,15.0,12.0,51.0,2010,3.0,4,8,2,8600,86001,1,21,36,45060,67,2.0,1.0,,4,1,28,,2,39,1,,1,1,7,2,57,57,57,1,0,0,2.0,1.0,,30.0,,30.0,,,17.0,,,7.0,4.0,0.0,1,2.0,1.0,1.0,800.0,250.0,2.0,2.0,,,,15516.6498,3810.6999,3,1,1.0,1.0,0,0,44870,1,1.0,,,,,,3888.1675,4970.0,4720.0,-1,,,,,3.0,,24695.0,2011,612,597,0,0,1,0,0,12.0,16.0,22.0,2011,MIS4_to_MIS8,new_york,0,2010-2011,0,1,0,1,retention
730609944150984,1,1.0,4,4,2,8600,86001,1,1,21,36,45060,67,2.0,1.0,,4,6,59,,2,42,1,,3,1,4,5,2,57,57,57,1,0,0,2.0,1.0,,40.0,,40.0,,,,,,2.0,2.0,0.0,1,2.0,,1.0,1400.0,560.0,2.0,2.0,,,,12685.4296,3155.9487,0,0,1.0,1.0,0,42,61598,3,,,3.0,,,,3142.9888,9470.0,3800.0,-1,,,,,,,24678.0,2010,600,597,0,0,0,0,0,14.0,12.0,51.0,2010,3.0,4,8,2,8600,86001,1,21,36,45060,67,2.0,1.0,,4,6,60,,2,39,1,,1,4,5,2,57,57,57,1,0,0,1.0,1.0,,40.0,,40.0,,,,,,2.0,4.0,0.0,1,2.0,2.0,2.0,,480.0,2.0,2.0,,,,13445.4016,3174.5727,0,0,1.0,,0,42,44870,3,1.0,,,,,,3261.3445,7070.0,4220.0,-1,,,,,,,24696.0,2011,612,597,0,0,0,0,0,12.0,14.0,34.0,2011,MIS4_to_MIS8,new_york,0,2010-2011,0,1,0,1,retention
730609954516489,1,1.0,1,4,2,8600,86001,1,1,21,36,35620,103,2.0,1.0,,7,3,47,1.0,2,41,1,,2,1,2,1,2,57,57,57,1,0,0,2.0,1.0,,40.0,,40.0,,,,,,2.0,3.0,0.0,1,2.0,,1.0,1569.0,627.6,1.0,,,,,12539.7669,3190.208,3,1,1.0,1.0,0,42,49159,2,,,3.0,,,,3168.1487,8590.0,4720.0,-1,,,,,,,24683.0,2010,600,597,0,0,1,0,0,14.0,16.0,44.0,2010,1.0,1,8,2,8600,86001,1,21,36,35620,103,2.0,1.0,,7,3,48,1.0,2,39,1,,1,2,1,2,57,57,57,1,0,0,2.0,1.0,,40.0,10.0,32.0,,,10.0,,,4.0,3.0,0.0,1,1.0,2.0,2.0,,520.0,1.0,,,,,12559.582,3154.9034,3,1,1.0,,0,42,25093,2,1.0,,,,,,3217.6335,8570.0,5860.0,-1,,,,,,,24701.0,2011,612,597,0,0,1,0,0,12.0,17.0,44.0,2011,MIS4_to_MIS8,new_york,0,2010-2011,1,0,0,0,retention
770966090537849,1,1.0,1,4,2,8600,86001,1,1,21,36,35620,59,2.0,1.0,,7,3,63,1.0,2,39,1,,2,1,2,1,2,57,57,57,1,0,0,2.0,5.0,,,,,,,,,,1.0,3.0,0.0,2,,,,,,,,,,,11425.191,2864.8214,0,0,,,0,0,28507,2,1.0,,,,,,2864.3968,7860.0,9120.0,-1,,,,,,,24709.0,2010,600,597,0,0,0,0,0,12.0,22.0,40.0,2010,2.0,1,8,2,8600,86001,1,21,36,35620,59,2.0,1.0,,7,3,64,1.0,2,39,1,,1,2,1,2,57,57,57,1,0,0,1.0,5.0,,,,,,,,,,1.0,,,2,,,,,,,,,,,11275.1076,2945.8867,0,0,,,0,0,11878,2,1.0,,,,,,2843.3778,,,-1,,,,,,,24733.0,2011,612,597,0,0,0,0,0,12.0,,,2011,MIS4_to_MIS8,new_york,0,2010-2011,0,1,0,0,retention
938096992379370,1,2.0,1,4,2,8600,86001,1,1,21,36,35620,103,2.0,1.0,,7,3,30,2.0,2,43,1,,3,1,2,1,2,128,128,128,4,0,17,2.0,1.0,,40.0,,40.0,,,,,,2.0,3.0,0.0,1,2.0,2.0,2.0,,2884.61,1.0,,,,,14145.8233,3377.6037,1,1,1.0,,0,0,14472,3,,,,1.0,1.0,,3410.2222,7860.0,2330.0,-1,,,,,,,24775.0,2010,600,597,1,0,0,0,1,18.0,8.0,40.0,2010,3.0,1,8,2,8600,86001,1,21,36,35620,103,2.0,1.0,,7,3,31,2.0,2,44,1,,1,2,1,2,128,128,128,4,0,17,1.0,1.0,,38.0,,38.0,,,,,,2.0,3.0,0.0,1,2.0,2.0,2.0,,1121.0,1.0,,,,,16681.5805,4142.509,2,1,1.0,,0,0,12122,3,,,,,,3.0,4180.0762,7860.0,2330.0,-1,,,,,,,24782.0,2011,612,597,0,1,0,0,1,18.0,8.0,40.0,2011,MIS4_to_MIS8,new_york,0,2010-2011,1,0,0,0,retention
972396319600695,1,1.0,1,4,2,8600,86001,1,1,21,36,35620,103,2.0,1.0,,7,1,43,2.0,1,43,1,,1,1,1,1,2,57,57,57,1,0,0,1.0,1.0,,60.0,,60.0,,,,,,2.0,3.0,0.0,1,1.0,,1.0,4100.0,2884.61,1.0,,,,,11544.0012,2845.9561,8,3,0.0,0.0,0,0,18627,1,,,,2.0,,,2862.1408,9470.0,3850.0,-1,,,,,,,24812.0,2010,600,597,0,1,1,0,1,16.0,12.0,51.0,2010,2.0,1,8,2,8600,86001,1,21,36,35620,103,2.0,1.0,,7,1,44,2.0,1,41,1,,1,1,1,2,57,57,57,1,0,0,1.0,1.0,,59.0,,71.0,,,,,,2.0,3.0,0.0,1,1.0,,1.0,4500.0,2884.61,1.0,,,,,13229.4554,3266.4968,3,3,0.0,0.0,0,0,57987,1,,,3.0,,,,3348.0883,9470.0,3850.0,3930,,,,,,,24816.0,2011,612,597,0,0,1,0,0,14.0,12.0,51.0,2011,MIS4_to_MIS8,new_york,0,2010-2011,1,0,0,0,retention
979016994379240,1,1.0,6,4,2,8600,86001,1,1,21,36,35620,0,2.0,1.0,,7,2,53,,1,44,1,,1,0,0,3,2,57,57,57,1,0,0,1.0,1.0,,40.0,,40.0,,,,,,2.0,2.0,0.0,1,2.0,2.0,2.0,,2115.38,1.0,,,,,13502.018,3401.7324,0,0,0.0,,0,0,40586,1,,,,,,1.0,3415.4171,7860.0,2310.0,-1,,,,,,,24832.0,2010,600,597,0,0,0,0,0,17.0,8.0,40.0,2010,1.0,6,8,2,8600,86001,1,21,36,35620,0,2.0,1.0,,7,2,54,,1,44,1,,0,0,7,2,57,57,57,1,0,0,1.0,1.0,,40.0,,40.0,,,,,,2.0,3.0,0.0,1,2.0,2.0,2.0,,2884.61,1.0,,,,,12928.5223,3136.8498,0,0,0.0,,0,0,25051,1,,,,,,1.0,3195.0007,7860.0,2310.0,-1,,,,,,,24836.0,2011,612,597,0,0,0,0,0,17.0,8.0,40.0,2011,MIS4_to_MIS8,new_york,0,2010-2011,1,0,0,0,retention
979016994379240,1,1.0,6,4,2,8600,86001,1,1,21,36,35620,0,2.0,1.0,,7,14,50,,1,44,1,,2,0,0,6,2,57,57,57,1,0,0,2.0,1.0,,40.0,,40.0,,,,,,2.0,3.0,0.0,1,2.0,2.0,2.0,,1730.76,1.0,,,,,13502.018,3401.7324,0,0,0.0,,0,0,40586,2,,,,,,1.0,3415.4171,7860.0,2310.0,-1,,,,,,,24833.0,2010,600,597,0,0,0,0,0,17.0,8.0,40.0,2010,1.0,6,8,2,8600,86001,1,21,36,35620,0,2.0,1.0,,7,14,51,,1,44,1,,0,0,3,2,57,57,57,1,0,0,2.0,1.0,,40.0,,40.0,,,,,,2.0,3.0,0.0,1,2.0,2.0,2.0,,1538.46,1.0,,,,,12928.5223,3136.8498,0,0,0.0,,0,0,25051,2,,,,,,1.0,3195.0007,7860.0,2310.0,-1,,,,,,,24837.0,2011,612,597,0,0,0,0,0,17.0,8.0,40.0,2011,MIS4_to_MIS8,new_york,0,2010-2011,1,0,0,0,retention
986056994379160,1,2.0,1,4,2,8600,86001,1,1,21,36,45060,0,2.0,1.0,,4,3,55,1.0,2,38,1,,2,1,2,1,2,57,57,57,1,0,0,1.0,1.0,,38.0,,39.0,,,,,,2.0,2.0,0.0,1,2.0,1.0,1.0,1500.0,607.69,1.0,,,,,12685.4296,3155.9487,0,0,0.0,0.0,0,0,31864,2,,,,,,,3142.9888,9480.0,5700.0,-1,,,,,,,24838.0,2010,600,597,0,0,0,0,0,12.0,17.0,51.0,2010,2.0,1,8,2,8600,86001,1,21,36,45060,0,2.0,1.0,,4,3,56,1.0,2,39,1,,1,2,1,2,57,57,57,1,0,0,1.0,1.0,,37.0,,37.0,,,,,,2.0,2.0,0.0,1,1.0,1.0,1.0,1550.0,636.53,1.0,,,,,11427.0603,2772.8879,0,0,0.0,0.0,0,0,36462,2,1.0,,,,,,2815.5573,7860.0,5700.0,-1,,,,,,,24842.0,2011,612,597,0,0,0,0,0,12.0,17.0,40.0,2011,MIS4_to_MIS8,new_york,0,2010-2011,1,0,0,0,retention
307900983894336,1,2.0,6,4,2,8600,86001,1,1,21,36,0,0,3.0,2.0,,0,14,49,,2,40,1,,2,0,0,5,2,57,57,57,1,0,0,1.0,1.0,,15.0,,11.0,,,19.0,,,7.0,2.0,0.0,1,2.0,,1.0,742.0,111.3,2.0,2.0,,,,12471.2171,3172.7684,0,0,0.0,0.0,0,0,5917,2,,,2.0,,,,3150.8297,7860.0,4120.0,-1,,,,,,,24883.0,2010,600,597,0,0,0,0,0,13.0,13.0,40.0,2010,1.0,6,8,2,8600,86001,1,21,36,0,0,3.0,2.0,,0,14,50,,2,40,1,,0,0,5,2,57,57,57,1,0,0,2.0,1.0,,15.0,,9.0,,,23.0,,,7.0,2.0,0.0,1,2.0,1.0,1.0,743.0,100.0,2.0,1.0,,,,11807.9069,2945.5835,0,0,0.0,0.0,0,0,4551,2,,,2.0,,,,3025.0622,7860.0,4600.0,-1,,,,,,,24891.0,2011,612,597,0,0,0,0,0,13.0,15.0,40.0,2011,MIS4_to_MIS8,new_york,0,2010-2011,1,0,0,0,retention
699410142170673,1,1.0,1,4,2,8600,86001,1,1,21,36,0,0,3.0,2.0,,0,1,47,2.0,2,44,1,,1,1,1,1,2,57,57,57,1,0,0,1.0,1.0,,40.0,5.0,24.0,,,5.0,,,4.0,3.0,0.0,1,2.0,2.0,2.0,,1350.0,1.0,,,,,12471.2171,3172.7684,0,0,0.0,,0,0,18590,1,,,,,,3.0,3150.8297,7860.0,2310.0,-1,,,,,,,24918.0,2010,600,597,0,0,0,0,0,18.0,8.0,40.0,2010,2.0,1,8,2,8600,86001,1,21,36,0,0,3.0,2.0,,0,1,48,2.0,2,44,1,,1,1,1,2,57,57,57,1,0,0,2.0,1.0,,40.0,10.0,32.0,,,10.0,,,4.0,3.0,0.0,1,2.0,2.0,2.0,,1057.69,1.0,,,,,12319.0454,3094.4819,0,0,0.0,,0,0,15715,1,,,,,,3.0,3156.0106,7860.0,2310.0,-1,,,,,,,24927.0,2011,612,597,0,0,0,0,0,18.0,8.0,40.0,2011,MIS4_to_MIS8,new_york,0,2010-2011,1,0,0,0,retention
750969095937999,1,1.0,1,4,2,8600,86001,1,1,21,36,0,0,3.0,2.0,,0,1,34,2.0,1,39,1,,1,1,1,1,2,57,57,57,1,0,0,1.0,1.0,,40.0,,40.0,,,,,,2.0,2.0,0.0,1,1.0,2.0,2.0,,865.38,1.0,,,,,11673.4472,2913.2264,8,2,0.0,,0,0,18587,1,1.0,,,,,,2936.8079,9480.0,2020.0,-1,1.0,2.0,,,,,24944.0,2010,600,597,0,1,1,0,1,12.0,6.0,51.0,2010,1.0,1,8,2,8600,86001,1,21,36,0,0,3.0,2.0,,0,1,35,2.0,1,39,1,,1,1,1,2,57,57,57,1,0,0,1.0,2.0,5.0,40.0,,,,,,,,5.0,2.0,0.0,1,1.0,,1.0,2300.0,977.5,1.0,,,,,12657.9238,3139.3279,3,2,0.0,0.0,0,0,63198,1,1.0,,,,,,3203.4461,9470.0,2010.0,-1,1.0,2.0,,,,,24957.0,2011,612,597,0,0,1,0,0,12.0,6.0,51.0,2011,MIS4_to_MIS8,new_york,0,2010-2011,1,0,0,0,retention
863904037908393,1,2.0,1,4,2,8600,86001,1,1,21,36,0,0,3.0,2.0,,0,1,40,2.0,1,41,1,,1,1,1,1,2,57,57,57,1,0,0,2.0,1.0,,50.0,,50.0,,,,,,2.0,2.0,0.0,1,2.0,2.0,2.0,,980.0,1.0,,,,,11480.8948,2830.3984,0,0,1.0,,0,42,49151,1,,,1.0,,,,2846.4946,6290.0,6350.0,-1,3.0,,,,,,24956.0,2010,600,597,0,0,0,0,0,12.0,19.0,23.0,2010,2.0,1,8,2,8600,86001,1,21,36,0,0,3.0,2.0,,0,1,41,2.0,1,41,1,,1,1,1,2,57,57,57,1,0,0,2.0,1.0,,50.0,,60.0,,,,,,2.0,2.0,0.0,1,1.0,,1.0,2525.0,1514.5,1.0,,,,,12976.0896,3203.938,0,0,1.0,1.0,0,42,59474,1,,,3.0,,,,3283.9669,6290.0,7020.0,-1,3.0,,,,,,24971.0,2011,612,597,0,0,0,0,0,14.0,20.0,23.0,2011,MIS4_to_MIS8,new_york,0,2010-2011,1,0,0,0,retention
967076999379780,1,1.0,4,4,2,8600,86001,1,1,21,36,0,0,3.0,2.0,,0,1,57,,2,42,1,,1,1,1,5,2,57,57,57,1,0,0,1.0,1.0,,37.0,,37.0,,,,,,2.0,3.0,0.0,1,2.0,1.0,1.0,2548.0,1019.23,1.0,,,,,12923.6569,3215.2161,0,0,0.0,0.0,0,0,5919,1,,,5.0,,,,3202.0129,7380.0,1000.0,-1,4.0,,,,,,24998.0,2010,600,597,0,0,0,0,0,16.0,3.0,36.0,2010,1.0,4,8,2,8600,86001,1,21,36,0,0,3.0,2.0,,0,1,58,,2,42,1,,1,1,5,2,57,57,57,1,0,0,1.0,5.0,,,,,,,,,,1.0,3.0,0.0,2,,,,,,,,,,,11217.1174,2900.22,0,0,,,0,0,4552,1,,,5.0,,,,2824.7845,9370.0,1006.0,-1,4.0,,,,,,25008.0,2011,612,597,0,0,0,0,0,16.0,3.0,51.0,2011,MIS4_to_MIS8,new_york,0,2010-2011,1,0,0,0,retention
976959970959309,1,1.0,7,4,2,8600,86001,1,1,21,36,0,0,3.0,2.0,,0,2,43,,2,39,1,,1,0,0,5,2,57,57,57,1,0,0,1.0,1.0,,40.0,,43.0,,,,,,2.0,3.0,0.0,1,2.0,,1.0,910.0,364.0,2.0,2.0,,,,13233.4533,3239.7494,0,0,0.0,0.0,0,0,61514,1,1.0,,,,,,3276.2828,6990.0,4610.0,-1,,,,,,,25003.0,2010,600,597,0,0,0,0,0,12.0,15.0,33.0,2010,1.0,7,8,2,8600,86001,1,21,36,0,0,3.0,2.0,,0,2,44,,2,39,1,,0,0,5,2,57,57,57,1,0,0,1.0,1.0,,40.0,,40.0,,,,,,2.0,5.0,0.0,1,2.0,,1.0,1700.0,680.0,2.0,2.0,,,,15387.4414,3624.8636,0,0,0.0,0.0,0,0,66386,1,1.0,,,,,,3715.926,9170.0,4620.0,-1,,,,,,,25015.0,2011,612,597,0,0,0,0,0,12.0,15.0,49.0,2011,MIS4_to_MIS8,new_york,0,2010-2011,0,1,0,1,retention
979046934379780,1,2.0,1,4,2,8600,86001,1,1,21,36,0,0,3.0,2.0,,0,1,30,2.0,1,42,1,,1,1,1,1,2,57,57,57,1,0,0,2.0,1.0,,-4.0,,55.0,,,,,,2.0,3.0,0.0,1,2.0,1.0,1.0,2150.0,865.38,1.0,,,,,11673.4472,2913.2264,6,3,0.0,0.0,0,0,18578,1,,,3.0,,,,2936.8079,9470.0,3850.0,-1,,,,,,,25004.0,2010,600,597,1,0,1,0,1,14.0,12.0,51.0,2010,1.0,1,8,2,8600,86001,1,21,36,0,0,3.0,2.0,,0,1,31,2.0,1,42,1,,1,1,1,2,57,57,57,1,0,0,1.0,1.0,,40.0,,40.0,,,,,,2.0,3.0,0.0,1,2.0,,1.0,2303.0,921.2,1.0,,,,,13784.2666,3420.426,6,3,0.0,0.0,0,0,24731,1,,,3.0,,,,3461.6432,9470.0,3850.0,-1,,,,,,,25016.0,2011,612,597,1,0,1,0,1,14.0,12.0,51.0,2011,MIS4_to_MIS8,new_york,0,2010-2011,1,0,0,0,retention
263364077908990,1,1.0,1,4,2,8600,86001,1,1,21,36,46540,0,,1.0,,3,3,55,1.0,1,44,1,,2,1,2,1,2,57,57,57,1,0,0,2.0,1.0,,35.0,5.0,31.0,,,5.0,,,4.0,3.0,0.0,1,2.0,2.0,2.0,,1346.15,1.0,,,,,12064.6419,2971.555,0,0,0.0,,0,0,18604,2,,,,,,1.0,3008.7109,7860.0,2310.0,-1,,,,,,,25047.0,2010,600,597,0,0,0,0,0,17.0,8.0,40.0,2010,1.0,1,8,2,8600,86001,1,21,36,46540,0,,1.0,,3,3,57,1.0,1,44,1,,1,2,1,2,57,57,57,1,0,0,2.0,1.0,,35.0,8.0,32.0,,,8.0,,,4.0,3.0,0.0,1,2.0,2.0,2.0,,1346.15,1.0,,,,,11072.9432,2750.4669,0,0,0.0,,0,0,15738,2,,,,,,1.0,2838.9512,7860.0,2320.0,-1,,,,,,,25062.0,2011,612,597,0,0,0,0,0,17.0,8.0,40.0,2011,MIS4_to_MIS8,new_york,0,2010-2011,1,0,0,0,retention
390937702049668,1,1.0,1,4,2,8600,86001,1,1,21,36,46540,0,,1.0,,3,1,47,2.0,2,44,1,,1,1,1,1,2,57,57,57,1,0,0,1.0,1.0,,40.0,,40.0,,,,,,2.0,3.0,0.0,1,2.0,2.0,2.0,,1214.61,1.0,,,,,12241.3297,3114.2834,10,2,0.0,,0,0,49071,1,,,,,,2.0,3092.7491,7860.0,2320.0,-1,,,,,,,25056.0,2010,600,597,0,0,1,1,0,18.0,8.0,40.0,2010,1.0,1,8,2,8600,86001,1,21,36,46540,0,,1.0,,3,1,48,2.0,2,44,1,,1,1,1,2,57,57,57,1,0,0,1.0,1.0,,38.0,,38.0,,,,,,2.0,3.0,0.0,1,2.0,2.0,2.0,,1375.0,1.0,,,,,11778.1864,2958.6208,3,1,0.0,,0,0,24963,1,,,,,,2.0,3017.4481,7860.0,2320.0,-1,,,,,,,25068.0,2011,612,597,0,0,1,0,0,18.0,8.0,40.0,2011,MIS4_to_MIS8,new_york,0,2010-2011,1,0,0,0,retention
955006955379560,1,1.0,1,4,2,8600,86001,1,1,21,36,39100,27,,1.0,,4,1,42,2.0,2,41,1,,1,1,1,1,2,57,57,57,1,0,0,1.0,1.0,,40.0,,40.0,,,,,,2.0,3.0,0.0,1,1.0,1.0,1.0,1900.0,1000.0,1.0,,,,,13306.1929,3257.5571,4,1,0.0,0.0,0,0,48949,1,,,3.0,,,,3294.2913,7860.0,9120.0,-1,,,,,,,25143.0,2010,600,597,0,0,0,1,0,14.0,22.0,40.0,2010,1.0,1,8,2,8600,86001,1,21,36,39100,27,,1.0,,4,1,43,2.0,2,41,1,,1,1,1,2,57,57,57,1,0,0,1.0,1.0,,40.0,10.0,32.0,,,10.0,,,4.0,3.0,0.0,1,2.0,,1.0,2400.0,960.0,1.0,,,,,15687.8903,3695.6412,0,0,0.0,0.0,0,0,24752,1,,,3.0,,,,3788.4816,7860.0,9120.0,-1,,,,,,,25146.0,2011,612,597,0,0,0,0,0,14.0,22.0,40.0,2011,MIS4_to_MIS8,new_york,0,2010-2011,1,0,0,0,retention
955006955379560,1,1.0,1,4,2,8600,86001,1,1,21,36,39100,27,,1.0,,4,4,19,,1,41,1,,4,1,3,7,2,57,57,57,1,0,0,2.0,1.0,,20.0,,20.0,,,22.0,,,7.0,3.0,0.0,1,2.0,1.0,1.0,1000.0,212.0,2.0,2.0,1.0,1.0,2.0,11986.9985,2862.016,0,0,1.0,1.0,0,0,48949,4,,,3.0,,,,2769.8127,9470.0,3850.0,-1,,,,,1.0,1.0,25146.0,2010,600,597,0,0,0,0,0,14.0,12.0,51.0,2010,1.0,1,8,2,8600,86001,1,21,36,39100,27,,1.0,,4,4,20,,1,40,1,,1,3,7,2,57,57,57,1,0,0,2.0,1.0,,20.0,,20.0,,,23.0,,,7.0,3.0,0.0,1,2.0,,1.0,975.0,195.0,2.0,2.0,1.0,1.0,2.0,15536.9741,3788.9378,0,0,1.0,1.0,0,0,24752,4,,,3.0,,,,3867.944,9470.0,3850.0,-1,,,,,1.0,1.0,25149.0,2011,612,597,0,0,0,0,0,14.0,12.0,51.0,2011,MIS4_to_MIS8,new_york,0,2010-2011,1,0,0,0,retention
966559570509305,1,1.0,1,4,2,8600,86001,1,1,21,36,39100,27,,1.0,,4,1,33,2.0,2,44,2,4.0,1,1,1,1,2,341,341,341,5,0,10,1.0,1.0,,40.0,,40.0,,,,,,2.0,3.0,0.0,1,2.0,2.0,2.0,,1096.15,1.0,,,,,17332.0682,4103.7882,6,2,0.0,,0,0,5841,1,,,,,,2.0,4248.0362,7860.0,2310.0,-1,,,,,,,25157.0,2010,600,597,1,0,1,0,1,18.0,8.0,40.0,2010,1.0,1,8,2,8600,86001,1,21,36,39100,27,,1.0,,4,1,34,2.0,2,44,2,4.0,1,1,1,2,341,341,341,5,0,10,1.0,1.0,,40.0,,40.0,,,,,,2.0,3.0,0.0,1,2.0,2.0,2.0,,1333.33,1.0,,,,,16559.0283,3619.41,9,2,0.0,,0,0,4498,1,,,,,,2.0,3929.4145,7860.0,2310.0,-1,,,,,,,25161.0,2011,612,597,0,1,0,1,1,18.0,8.0,40.0,2011,MIS4_to_MIS8,new_york,0,2010-2011,1,0,0,0,retention
966559570509305,1,1.0,1,4,2,8600,86001,1,1,21,36,39100,27,,1.0,,4,3,38,1.0,1,40,2,,2,1,2,1,2,57,57,57,1,0,0,2.0,1.0,,40.0,,40.0,,,,,,2.0,3.0,0.0,1,2.0,2.0,2.0,,615.38,1.0,,,,,19560.6026,4277.5409,6,2,0.0,,0,0,5841,2,,,2.0,,,,4485.2225,7860.0,4220.0,-1,,,,,,,25158.0,2010,600,597,1,0,1,0,1,13.0,14.0,40.0,2010,1.0,1,8,2,8600,86001,1,21,36,39100,27,,1.0,,4,3,39,1.0,1,40,2,,1,2,1,2,57,57,57,1,0,0,2.0,1.0,,40.0,,40.0,,,,,,2.0,3.0,0.0,1,1.0,2.0,2.0,,692.3,1.0,,,,,18737.0277,4110.3073,9,2,0.0,,0,0,4498,2,,,2.0,,,,4241.2182,7860.0,4220.0,-1,,,,,,,25162.0,2011,612,597,0,1,0,1,1,13.0,14.0,40.0,2011,MIS4_to_MIS8,new_york,0,2010-2011,1,0,0,0,retention
490987705095288,1,1.0,7,4,2,8600,86001,1,1,23,42,37980,101,1.0,1.0,,7,2,41,,2,44,1,,1,0,0,5,2,57,57,57,1,0,0,1.0,1.0,,40.0,,40.0,,,,,,2.0,3.0,0.0,1,2.0,2.0,2.0,,1442.0,1.0,,,,,15983.8883,3936.4755,0,0,1.0,,0,42,56714,1,,,,,,3.0,3957.2239,7860.0,120.0,-1,,,,,,,28572.0,2010,600,597,0,0,0,0,0,18.0,1.0,40.0,2010,1.0,7,8,2,8600,86001,1,23,42,37980,101,1.0,1.0,,7,2,42,,2,44,1,,0,0,5,2,57,57,57,1,0,0,1.0,1.0,,45.0,,50.0,,,,,,2.0,3.0,0.0,1,2.0,2.0,2.0,,1846.15,2.0,2.0,,,,14281.7093,3455.7249,0,0,0.0,,0,0,26006,1,,,,,,3.0,3448.9018,7860.0,230.0,2720,,,,,,,28546.0,2011,612,597,0,0,0,0,0,18.0,1.0,40.0,2011,MIS4_to_MIS8,pennsylvania,0,2010-2011,1,0,0,0,retention
507908854899702,1,1.0,1,4,2,8600,86001,1,1,23,42,37980,101,1.0,1.0,,7,1,60,2.0,1,40,1,,1,1,1,1,2,57,57,57,1,0,0,1.0,1.0,,40.0,,40.0,,,,,,2.0,3.0,0.0,1,2.0,2.0,2.0,,2230.0,2.0,2.0,,,,10744.9808,2706.1699,0,0,1.0,,0,42,15453,1,,,2.0,,,,2668.9544,9470.0,2100.0,-1,4.0,,,,,,28583.0,2010,600,597,0,0,0,0,0,13.0,7.0,51.0,2010,1.0,1,8,2,8600,86001,1,23,42,37980,101,1.0,1.0,,7,1,61,2.0,1,40,1,,1,1,1,2,57,57,57,1,0,0,1.0,1.0,,40.0,,40.0,,,,,,2.0,3.0,0.0,1,2.0,2.0,2.0,,553.0,2.0,2.0,,,,12042.4046,3022.4418,0,0,1.0,,0,0,26007,1,,,2.0,,,,2963.376,9470.0,3800.0,-1,4.0,,,,,,28564.0,2011,612,597,0,0,0,0,0,13.0,12.0,51.0,2011,MIS4_to_MIS8,pennsylvania,0,2010-2011,1,0,0,0,retention
967072799479780,1,1.0,1,4,2,8600,86001,1,1,23,42,37980,101,1.0,1.0,,7,1,64,2.0,2,43,2,,1,1,1,1,2,57,57,57,1,0,0,1.0,1.0,,40.0,5.0,24.0,,,5.0,,,4.0,3.0,0.0,1,2.0,2.0,2.0,,769.0,1.0,,,,,12334.3247,2829.2943,0,0,1.0,,0,0,62023,1,,,,1.0,1.0,,2836.1491,7860.0,2310.0,-1,,,,,3.0,,28655.0,2010,600,597,0,0,0,0,0,18.0,8.0,40.0,2010,2.0,1,8,2,8600,86001,1,23,42,37980,101,1.0,1.0,,7,1,65,2.0,2,43,2,,1,1,1,2,57,57,57,1,0,0,2.0,1.0,,40.0,,37.0,,,,,,2.0,3.0,0.0,1,2.0,2.0,2.0,,1057.69,1.0,,,,,10777.2847,2834.9132,0,0,0.0,,0,0,26005,1,,,,1.0,1.0,,2776.131,7860.0,2330.0,-1,,,,,3.0,,28635.0,2011,612,597,0,0,0,0,0,18.0,8.0,40.0,2011,MIS4_to_MIS8,pennsylvania,0,2010-2011,1,0,0,0,retention
279100920950974,1,2.0,1,4,2,8600,86001,1,1,23,42,37980,17,2.0,1.0,,7,1,54,2.0,1,39,1,,1,1,1,1,2,57,57,57,1,0,0,2.0,1.0,,25.0,,35.0,,,23.0,,,9.0,3.0,0.0,1,2.0,,1.0,2000.0,500.0,1.0,,,,,11712.1759,2968.424,0,0,0.0,0.0,0,0,29487,1,1.0,,,,,,2962.6657,7860.0,9120.0,-1,3.0,2.0,1.0,,,,28781.0,2010,600,597,0,0,0,0,0,12.0,22.0,40.0,2010,2.0,1,8,2,8600,86001,1,23,42,37980,17,2.0,1.0,,7,1,55,2.0,1,39,1,,1,1,1,2,57,57,57,1,0,0,2.0,1.0,,35.0,,35.0,,,,,,2.0,3.0,0.0,1,2.0,,1.0,2200.0,770.0,2.0,2.0,,,,11160.7475,2847.5435,0,0,0.0,0.0,0,0,2206,1,1.0,,,,,,2861.4631,7860.0,9120.0,-1,3.0,2.0,1.0,,,,28762.0,2011,612,597,0,0,0,0,0,12.0,22.0,40.0,2011,MIS4_to_MIS8,pennsylvania,0,2010-2011,1,0,0,0,retention
299170686860974,1,2.0,1,4,2,8600,86001,1,1,23,42,10900,0,2.0,1.0,,4,1,31,2.0,1,39,1,,1,1,1,1,2,57,57,57,1,0,0,2.0,1.0,,40.0,,40.0,,,,,,2.0,3.0,0.0,1,2.0,,1.0,1000.0,400.0,2.0,2.0,,,,14745.4345,3701.8565,0,0,0.0,0.0,0,0,49503,1,2.0,7.0,,,,,3709.659,7860.0,5400.0,-1,1.0,,,,,,28803.0,2010,600,597,0,0,0,0,0,11.0,17.0,40.0,2010,2.0,1,8,2,8600,86001,1,23,42,10900,0,2.0,1.0,,4,1,32,2.0,1,39,1,,1,1,1,2,57,57,57,1,0,0,2.0,4.0,,,,,,,,17.0,2.0,11.0,1.0,0.0,2,,,,,,,,,,,15092.9228,3459.9761,0,0,,,0,0,2221,1,2.0,7.0,,,,,3530.7048,2290.0,8640.0,-1,1.0,,,,,,28782.0,2011,612,597,0,0,0,0,0,11.0,21.0,19.0,2011,MIS4_to_MIS8,pennsylvania,0,2010-2011,0,1,1,0,retention
402969270679409,1,2.0,4,4,2,8600,86001,1,1,23,42,38300,3,2.0,1.0,,5,6,38,,2,40,1,,2,1,4,5,2,57,57,57,1,0,0,1.0,1.0,,40.0,,40.0,,,,,,2.0,3.0,0.0,1,2.0,2.0,2.0,,650.0,2.0,2.0,,,,15047.349,3728.7273,0,0,0.0,,0,0,2592,2,,,1.0,,,,3725.3595,8270.0,5700.0,-1,,,,,,,28881.0,2010,600,597,0,0,0,0,0,12.0,17.0,42.0,2010,2.0,1,8,2,8600,86001,1,23,42,38300,3,2.0,1.0,,5,6,40,,2,40,1,,1,4,3,2,57,57,57,1,0,0,1.0,1.0,,40.0,,57.0,,,,,,2.0,3.0,0.0,1,2.0,2.0,2.0,,619.38,2.0,2.0,,,,13840.8126,3349.0418,0,0,0.0,,0,0,37040,2,,,4.0,,,,3342.4293,9470.0,5220.0,4040,,,,,,,28845.0,2011,612,597,0,0,0,0,0,15.0,17.0,51.0,2011,MIS4_to_MIS8,pennsylvania,0,2010-2011,1,0,0,0,retention
405007402031231,1,1.0,1,4,2,8600,86001,1,1,23,42,38300,3,2.0,1.0,,5,1,38,2.0,1,43,1,,1,1,1,1,2,57,57,243,1,0,0,1.0,1.0,,24.0,,28.0,,,22.0,,,7.0,3.0,0.0,1,1.0,,1.0,3493.0,2235.6,1.0,,,,,14009.7463,3483.2252,2,1,0.0,0.0,0,0,15159,1,,,,2.0,,,3473.4808,9470.0,3850.0,-1,,,,,,,28885.0,2010,600,597,0,1,0,0,1,16.0,12.0,51.0,2010,1.0,1,8,2,8600,86001,1,23,42,38300,3,2.0,1.0,,5,1,39,2.0,1,43,1,,1,1,1,2,57,57,243,1,0,0,1.0,1.0,,50.0,,52.0,,,,,,2.0,3.0,0.0,1,1.0,,1.0,3493.0,2274.75,1.0,,,,,12414.6002,3162.5738,3,1,0.0,0.0,0,0,4756,1,,,,2.0,,,3141.8661,9470.0,3850.0,-1,,,,,,,28847.0,2011,612,597,0,0,1,0,0,16.0,12.0,51.0,2011,MIS4_to_MIS8,pennsylvania,0,2010-2011,1,0,0,0,retention
491967504056228,1,2.0,1,4,2,8600,86001,1,1,23,42,10900,0,2.0,1.0,,4,1,49,2.0,2,39,1,,1,1,1,1,2,57,57,57,1,0,0,2.0,1.0,,38.0,,42.0,,,,,,2.0,3.0,0.0,1,1.0,,1.0,1750.0,715.0,1.0,,,,,10393.2071,2659.9043,0,0,0.0,0.0,0,0,49581,1,1.0,,,,,,2625.8244,7860.0,4220.0,-1,,,,,,,28909.0,2010,600,597,0,0,0,0,0,12.0,14.0,40.0,2010,2.0,1,8,2,8600,86001,1,23,42,10900,0,2.0,1.0,,4,1,50,2.0,2,39,1,,1,1,1,2,57,57,57,1,0,0,1.0,1.0,,37.0,,37.0,,,,,,2.0,3.0,0.0,1,2.0,,1.0,1807.0,668.59,1.0,,,,,10812.1384,2770.408,0,0,0.0,0.0,0,0,15946,1,1.0,,,,,,2769.9568,7860.0,4220.0,-1,,,,,,,28868.0,2011,612,597,0,0,0,0,0,12.0,14.0,40.0,2011,MIS4_to_MIS8,pennsylvania,0,2010-2011,1,0,0,0,retention
491967504056228,1,2.0,1,4,2,8600,86001,1,1,23,42,10900,0,2.0,1.0,,4,3,56,1.0,1,39,1,,2,1,2,1,2,57,57,57,1,0,0,1.0,2.0,5.0,38.0,,,,,,,,5.0,3.0,0.0,1,2.0,,1.0,1750.0,665.0,2.0,2.0,,,,10428.9633,2584.0289,0,0,0.0,0.0,0,0,49581,2,1.0,,,,,,2600.8012,7860.0,4250.0,-1,,,,,,,28910.0,2010,600,597,0,0,0,0,0,12.0,14.0,40.0,2010,2.0,1,8,2,8600,86001,1,23,42,10900,0,2.0,1.0,,4,3,57,1.0,1,39,1,,1,2,1,2,57,57,57,1,0,0,2.0,1.0,,37.0,,37.0,,,,,,2.0,3.0,0.0,1,2.0,,1.0,1807.0,668.59,2.0,1.0,,,,10907.8978,2783.0316,0,0,0.0,0.0,0,0,15946,2,1.0,,,,,,2796.6358,7860.0,4250.0,-1,,,,,,,28869.0,2011,612,597,0,0,0,0,0,12.0,14.0,40.0,2011,MIS4_to_MIS8,pennsylvania,0,2010-2011,1,0,0,0,retention
962759670679404,1,1.0,1,4,2,8600,86001,1,1,23,42,38300,129,2.0,1.0,,5,3,52,1.0,1,39,1,,2,1,2,1,2,57,57,57,1,0,0,2.0,1.0,,40.0,,40.0,,,,,,2.0,3.0,0.0,1,2.0,2.0,2.0,,971.5,2.0,1.0,,,,11309.8191,2866.4476,0,0,0.0,,0,0,2852,2,1.0,,,,,,2860.8871,9470.0,7000.0,-1,,,,,,,29117.0,2010,600,597,0,0,0,0,0,12.0,20.0,51.0,2010,2.0,1,8,2,8600,86001,1,23,42,38300,129,2.0,1.0,,5,3,53,1.0,1,39,1,,1,2,1,2,57,57,57,1,0,0,1.0,1.0,,35.0,,35.0,,,,,,2.0,3.0,0.0,1,2.0,2.0,2.0,,807.69,2.0,2.0,,,,11867.4039,2957.5649,0,0,0.0,,0,0,2361,2,1.0,,,,,,2932.7685,9470.0,7000.0,-1,,,,,,,29086.0,2011,612,597,0,0,0,0,0,12.0,20.0,51.0,2011,MIS4_to_MIS8,pennsylvania,0,2010-2011,1,0,0,0,retention
982619770689406,1,1.0,1,4,2,8600,86001,1,1,23,42,10900,0,2.0,1.0,,4,3,61,1.0,2,39,1,,2,1,2,1,2,57,57,57,1,0,0,2.0,1.0,,35.0,,67.0,,,,,,2.0,3.0,0.0,1,2.0,,1.0,1000.0,350.0,2.0,2.0,,,,12628.2767,3200.235,0,0,0.0,0.0,0,0,15262,2,2.0,7.0,,,,,3155.6444,7860.0,2540.0,4610,,,,,,,29159.0,2010,600,597,0,0,0,0,0,11.0,8.0,40.0,2010,2.0,1,8,2,8600,86001,1,23,42,10900,0,2.0,1.0,,4,3,63,1.0,2,39,1,,1,2,1,2,57,57,57,1,0,0,,1.0,,35.0,,51.0,,,,,,2.0,4.0,0.0,1,2.0,,1.0,4500.0,1575.0,2.0,2.0,,,,11180.4585,2711.4702,0,0,1.0,1.0,41,41,28467,2,2.0,7.0,,,,,2711.9552,8680.0,2340.0,5700,,,,,,,29125.0,2011,612,597,0,0,0,0,0,11.0,8.0,46.0,2011,MIS4_to_MIS8,pennsylvania,0,2010-2011,0,1,0,1,retention
982619770689406,1,1.0,1,4,2,8600,86001,1,1,23,42,10900,0,2.0,1.0,,4,4,39,,2,42,1,,3,2,1,6,2,57,57,57,1,0,0,2.0,1.0,,35.0,,35.0,,,,,,2.0,3.0,0.0,1,2.0,,1.0,1150.0,402.5,2.0,2.0,,,,15124.5821,3747.8656,10,2,0.0,0.0,0,0,15262,3,,,3.0,,,,3744.4805,7860.0,2540.0,-1,,,,,2.0,1.0,29160.0,2010,600,597,0,0,1,1,0,14.0,8.0,40.0,2010,2.0,1,8,2,8600,86001,1,23,42,10900,0,2.0,1.0,,4,4,40,,2,40,1,,2,1,6,2,57,57,57,1,0,0,,1.0,,28.0,,72.0,,,,,,2.0,5.0,0.0,1,2.0,,1.0,1200.0,336.0,2.0,2.0,,,,13897.9424,3362.8654,10,2,1.0,1.0,41,41,28467,3,,,3.0,,,,3356.2256,8180.0,5110.0,4040,,,,,2.0,1.0,29126.0,2011,612,597,0,0,1,1,0,14.0,17.0,42.0,2011,MIS4_to_MIS8,pennsylvania,0,2010-2011,0,1,0,1,retention
40494720691594,1,1.0,1,4,2,8600,86001,1,1,23,42,0,0,3.0,2.0,,0,3,36,1.0,2,44,1,,2,1,2,1,2,57,57,57,1,0,0,2.0,1.0,,38.0,,38.0,,,,,,2.0,3.0,0.0,1,2.0,2.0,2.0,,850.0,1.0,,,,,14653.8529,3631.2191,0,0,0.0,,0,0,15357,2,,,,,,2.0,3627.9393,7860.0,2310.0,-1,,,,,,,29174.0,2010,600,597,0,0,0,0,0,18.0,8.0,40.0,2010,1.0,1,8,2,8600,86001,1,23,42,0,0,3.0,2.0,,0,3,37,1.0,2,44,1,,1,2,1,2,57,57,57,1,0,0,2.0,1.0,,37.0,,37.0,,,,,,2.0,3.0,0.0,1,2.0,2.0,2.0,,865.38,1.0,,,,,13635.9805,3327.2959,0,0,0.0,,0,0,25879,2,,,,,,2.0,3292.9642,7860.0,2310.0,-1,,,,,,,29145.0,2011,612,597,0,0,0,0,0,18.0,8.0,40.0,2011,MIS4_to_MIS8,pennsylvania,0,2010-2011,1,0,0,0,retention
100921068247049,1,1.0,1,4,2,8600,86001,1,1,23,42,0,0,3.0,2.0,,0,1,28,2.0,2,44,1,,1,1,1,1,2,57,57,57,1,0,0,1.0,1.0,,42.0,,52.0,,,,,,2.0,3.0,0.0,1,2.0,2.0,2.0,,826.92,1.0,,,,,16317.1036,3916.7585,0,0,0.0,,0,0,41354,1,,,,,,2.0,3933.6663,7860.0,2310.0,2320,,,,,,,29186.0,2010,600,597,0,0,0,0,0,18.0,8.0,40.0,2010,2.0,1,8,2,8600,86001,1,23,42,0,0,3.0,2.0,,0,1,29,2.0,2,44,1,,1,1,1,2,57,57,57,1,0,0,1.0,1.0,,40.0,,36.0,,,,,,2.0,3.0,0.0,1,2.0,2.0,2.0,,750.0,1.0,,,,,14080.5036,3551.8834,0,0,0.0,,0,0,28494,1,,,,,,2.0,3528.2974,7860.0,2330.0,-1,,,,,,,29159.0,2011,612,597,0,0,0,0,0,18.0,8.0,40.0,2011,MIS4_to_MIS8,pennsylvania,0,2010-2011,1,0,0,0,retention
407005844105412,1,2.0,1,4,2,8600,86001,1,1,23,42,0,0,3.0,2.0,,0,3,60,1.0,1,43,1,,2,1,2,1,2,57,57,57,1,0,0,1.0,5.0,,,,,,,,,,1.0,2.0,0.0,2,,,,,,,,,,,9978.8552,2448.0546,0,0,,,0,0,56674,2,,,,1.0,1.0,,2503.3359,9480.0,930.0,-1,,,,,,,29252.0,2010,600,597,0,0,0,0,0,18.0,2.0,51.0,2010,1.0,1,8,2,8600,86001,1,23,42,0,0,3.0,2.0,,0,3,61,1.0,1,43,1,,1,2,1,2,57,57,57,1,0,0,2.0,5.0,,,,,,,,,,1.0,,,2,,,,,,,,,,,11366.961,2825.3077,0,0,,,0,0,25822,2,,,,1.0,1.0,,2884.0536,,,-1,,,,,,,29211.0,2011,612,597,0,0,0,0,0,18.0,,,2011,MIS4_to_MIS8,pennsylvania,0,2010-2011,0,1,0,0,retention
913062984479120,1,2.0,1,4,2,8600,86001,1,1,23,42,0,0,3.0,2.0,,0,1,58,2.0,2,44,1,,1,1,1,1,2,57,57,57,1,0,0,2.0,1.0,,40.0,,40.0,,,,,,2.0,2.0,0.0,1,2.0,,1.0,3300.0,1320.0,2.0,2.0,,,,10411.4,2605.6782,0,0,1.0,1.0,0,0,15215,1,,,,,,3.0,2579.5668,7860.0,2310.0,-1,,,,,,,29306.0,2010,600,597,0,0,0,0,0,18.0,8.0,40.0,2010,1.0,1,8,2,8600,86001,1,23,42,0,0,3.0,2.0,,0,1,59,2.0,2,44,1,,1,1,1,2,57,57,57,1,0,0,1.0,1.0,,40.0,,40.0,,,,,,2.0,3.0,0.0,1,2.0,2.0,2.0,,1730.76,2.0,2.0,,,,10488.753,2614.2997,0,0,0.0,,0,0,37072,1,,,,,,3.0,2584.3641,7860.0,2310.0,-1,,,,,,,29264.0,2011,612,597,0,0,0,0,0,18.0,8.0,40.0,2011,MIS4_to_MIS8,pennsylvania,0,2010-2011,1,0,0,0,retention
913062984479120,1,2.0,1,4,2,8600,86001,1,1,23,42,0,0,3.0,2.0,,0,3,57,1.0,1,46,1,,2,1,2,1,2,57,57,57,1,0,0,1.0,1.0,,40.0,,40.0,,,,,,2.0,3.0,0.0,1,2.0,,1.0,3200.0,1280.0,2.0,2.0,,,,10081.4757,2497.9304,0,0,1.0,1.0,0,0,15215,2,,,,,,,2514.1439,9470.0,2100.0,-1,,,,,,,29307.0,2010,600,597,0,0,0,0,0,18.0,7.0,51.0,2010,1.0,1,8,2,8600,86001,1,23,42,0,0,3.0,2.0,,0,3,58,1.0,1,46,1,,1,2,1,2,57,57,57,1,0,0,2.0,1.0,,50.0,,50.0,,,,,,2.0,3.0,0.0,1,2.0,2.0,2.0,,2576.92,2.0,2.0,,,,10454.2549,2667.2896,0,0,0.0,,0,0,37072,2,,,,,,,2680.328,7270.0,2100.0,-1,,,,,,,29265.0,2011,612,597,0,0,0,0,0,18.0,7.0,36.0,2011,MIS4_to_MIS8,pennsylvania,0,2010-2011,1,0,0,0,retention
409077505021211,1,2.0,1,4,2,8600,86001,1,1,23,42,49620,133,,1.0,,3,1,29,2.0,2,43,1,,1,1,1,1,2,57,57,57,1,0,0,2.0,1.0,,40.0,,40.0,,,,,,2.0,3.0,0.0,1,2.0,2.0,2.0,,884.61,1.0,,,,,16879.5203,4051.7611,1,2,0.0,,0,0,2866,1,,,,1.0,1.0,,4069.2516,7860.0,2320.0,-1,,,,,,,29444.0,2010,600,597,1,0,0,0,1,18.0,8.0,40.0,2010,1.0,1,8,2,8600,86001,1,23,42,49620,133,,1.0,,3,1,30,2.0,2,43,1,,1,1,1,2,57,57,57,1,0,0,1.0,1.0,,40.0,,40.0,,,,,,2.0,3.0,0.0,1,2.0,2.0,2.0,,750.0,1.0,,,,,14811.827,3778.058,5,2,1.0,,0,0,4849,1,,,,1.0,1.0,,3711.5527,7860.0,2320.0,-1,,,,,,,29397.0,2011,612,597,1,1,0,0,1,18.0,8.0,40.0,2011,MIS4_to_MIS8,pennsylvania,0,2010-2011,1,0,0,0,retention
499967909030288,1,1.0,6,4,2,8600,86001,1,1,23,42,25420,0,,1.0,,4,2,41,,1,40,1,,1,0,0,5,2,57,57,57,1,0,0,1.0,1.0,,38.0,,38.0,,,,,,2.0,2.0,0.0,1,2.0,,1.0,1939.0,736.82,1.0,,,,,14535.1549,3604.7769,0,0,0.0,0.0,0,0,61954,1,,,2.0,,,,3603.747,770.0,6200.0,-1,,,,,,,29469.0,2010,600,597,0,0,0,0,0,13.0,19.0,4.0,2010,1.0,6,8,2,8600,86001,1,23,42,25420,0,,1.0,,4,2,42,,1,40,1,,0,0,5,2,57,57,57,1,0,0,1.0,6.0,,,,,,,,,,1.0,2.0,0.0,2,,,,,,,,,,,12618.5874,3248.3475,0,0,,,0,0,25825,1,,,2.0,,,,3203.3181,770.0,6200.0,-1,,,,,,,29423.0,2011,612,597,0,0,0,0,0,13.0,19.0,4.0,2011,MIS4_to_MIS8,pennsylvania,0,2010-2011,1,0,0,0,retention
740209999869380,1,2.0,1,4,2,8600,86001,1,1,23,42,25420,0,,1.0,,4,1,54,2.0,1,39,1,,1,1,1,1,2,57,57,57,1,0,0,2.0,5.0,,,,,,,,,,1.0,2.0,0.0,2,,,,,,,,,,,11682.8048,2887.7053,0,0,,,0,0,68933,1,1.0,,,,,,2909.975,9370.0,430.0,-1,,,,,,,29491.0,2010,600,597,0,0,0,0,0,12.0,1.0,51.0,2010,2.0,1,8,2,8600,86001,1,23,42,25420,0,,1.0,,4,1,55,2.0,1,39,1,,1,1,1,2,57,57,57,1,0,0,2.0,7.0,,,,,,2.0,,,,1.0,,,2,,,,,,,,,,,10727.5343,2783.0316,0,0,,,0,0,63450,1,1.0,,,,,,2723.2608,,,-1,,,,,,,29447.0,2011,612,597,0,0,0,0,0,12.0,,,2011,MIS4_to_MIS8,pennsylvania,0,2010-2011,0,1,0,0,retention
976082931479820,1,1.0,1,4,2,8600,86001,1,1,23,42,27780,21,,1.0,,2,1,57,2.0,2,43,1,,1,1,1,1,2,57,57,57,1,0,0,1.0,1.0,,38.0,,38.0,,,,,,2.0,3.0,0.0,1,2.0,,1.0,1540.0,585.2,1.0,,,,,10690.9747,2675.6478,0,0,0.0,0.0,0,0,15253,1,,,,2.0,,,2648.8353,8370.0,420.0,-1,,,,,,,29548.0,2010,600,597,0,0,0,0,0,16.0,1.0,43.0,2010,1.0,1,8,2,8600,86001,1,23,42,27780,21,,1.0,,2,1,58,2.0,2,43,1,,1,1,1,2,57,57,57,1,0,0,1.0,2.0,5.0,38.0,,,,,,,,5.0,3.0,0.0,1,2.0,2.0,2.0,,596.15,1.0,,,,,10874.203,2710.3723,0,0,0.0,,0,0,15912,1,,,,2.0,,,2679.3367,8370.0,810.0,-1,,,,,,,29511.0,2011,612,597,0,0,0,0,0,16.0,2.0,43.0,2011,MIS4_to_MIS8,pennsylvania,0,2010-2011,1,0,0,0,retention
8906691985777,2,1.0,7,4,2,8600,86001,1,1,33,17,16980,0,1.0,1.0,1.0,7,2,44,,2,40,2,,1,0,0,7,2,57,57,57,1,0,0,1.0,1.0,,40.0,,40.0,,,,,,2.0,3.0,0.0,1,2.0,1.0,1.0,2600.0,961.53,1.0,,,,,11389.4364,2876.2002,0,0,0.0,0.0,0,0,20897,1,,,1.0,,,,2811.7948,6180.0,5240.0,-1,,,,,,,49595.0,2010,601,598,0,0,0,0,0,12.0,17.0,23.0,2010,1.0,7,8,2,8600,86001,1,33,17,16980,0,1.0,1.0,1.0,7,2,45,,2,40,2,,0,0,7,2,57,57,57,1,0,0,1.0,1.0,,40.0,,40.0,,,,,,2.0,3.0,0.0,1,2.0,2.0,2.0,,653.0,1.0,,,,,11181.0098,2808.1728,0,0,1.0,,0,0,50820,1,,,3.0,,,,2742.6074,6180.0,5240.0,-1,,,,,,,49457.0,2011,613,598,0,0,0,0,0,14.0,17.0,23.0,2011,MIS4_to_MIS8,illinois,1,2010-2011,1,0,0,0,retention
197968705089709,2,2.0,6,4,2,8600,86001,1,1,33,17,16980,0,1.0,1.0,3.0,7,16,25,,2,43,1,,2,0,0,7,2,57,57,57,1,0,0,1.0,1.0,,40.0,,40.0,,,,,,2.0,2.0,0.0,1,2.0,2.0,2.0,,300.0,1.0,,,,,13932.9541,3549.2052,0,0,1.0,,0,42,68108,2,,,,2.0,,,3509.0228,9470.0,5810.0,-1,,,,,,,49666.0,2010,601,598,0,0,0,0,0,16.0,17.0,51.0,2010,2.0,6,8,2,8600,86001,1,33,17,16980,0,1.0,1.0,3.0,7,14,26,,2,41,1,,0,0,7,2,57,57,57,1,0,0,1.0,1.0,,38.0,,38.0,,,,,,2.0,2.0,0.0,1,2.0,2.0,2.0,,521.53,1.0,,,,,15445.3873,3888.7234,0,0,0.0,,0,0,21764,2,,,3.0,,,,3873.3261,9470.0,5860.0,-1,,,,,,,49516.0,2011,613,598,0,0,0,0,0,14.0,17.0,51.0,2011,MIS4_to_MIS8,illinois,1,2010-2011,1,0,0,0,retention
371544058902393,2,2.0,4,4,2,8600,86001,1,1,33,17,16980,0,1.0,1.0,1.0,7,4,44,,2,42,2,,2,1,3,7,2,57,57,57,1,0,0,1.0,4.0,,,,,,,,56.0,2.0,11.0,3.0,0.0,2,,,,,,,,,,,11277.1059,2876.2002,0,0,,,0,0,44146,2,,,4.0,,,,2930.289,9480.0,20.0,-1,,,,,1.0,,49710.0,2010,601,598,0,0,0,0,0,15.0,1.0,51.0,2010,2.0,4,8,2,8600,86001,1,33,17,16980,0,1.0,1.0,1.0,7,4,45,,2,43,2,,1,3,7,2,57,57,57,1,0,0,1.0,1.0,,53.0,,53.0,,,,,,2.0,4.0,0.0,1,2.0,1.0,1.0,2645.0,1057.69,2.0,2.0,,,,11181.0098,2808.1728,0,0,0.0,0.0,0,0,43650,2,,,,2.0,,,2742.6074,7580.0,430.0,-1,,,,,1.0,,49560.0,2011,613,598,0,0,0,0,0,16.0,1.0,38.0,2011,MIS4_to_MIS8,illinois,1,2010-2011,0,1,0,1,retention
571608078909997,2,1.0,7,4,2,8600,86001,1,1,33,17,16980,0,1.0,1.0,3.0,7,2,68,,2,44,1,,1,0,0,5,2,57,57,57,1,0,0,1.0,1.0,,-4.0,4.0,10.0,,,4.0,,,4.0,3.0,0.0,1,2.0,2.0,2.0,,200.0,2.0,2.0,,,,12548.1673,3088.3282,0,0,0.0,,0,0,34518,1,,,,,,3.0,3056.0095,7860.0,2310.0,-1,,,,,,,49754.0,2010,601,598,0,0,0,0,0,18.0,8.0,40.0,2010,1.0,7,8,2,8600,86001,1,33,17,16980,0,1.0,1.0,3.0,7,2,69,,2,44,1,,0,0,5,2,57,57,57,1,0,0,1.0,1.0,,24.0,,24.0,,,21.0,,,7.0,3.0,0.0,1,2.0,2.0,2.0,,285.0,2.0,2.0,,,,11733.1126,2996.916,0,0,0.0,,0,0,33844,1,,,,,,3.0,2919.0689,7860.0,2310.0,-1,,,,,,,49600.0,2011,613,598,0,0,0,0,0,18.0,8.0,40.0,2011,MIS4_to_MIS8,illinois,1,2010-2011,1,0,0,0,retention
677249380349107,2,1.0,1,4,2,8600,86002,2,2,33,17,16980,0,1.0,1.0,1.0,7,1,47,2.0,1,42,2,,1,1,1,1,2,57,57,57,1,0,0,1.0,4.0,,,,,,,,113.0,2.0,11.0,3.0,0.0,2,,,,,,,,,,,13585.4225,2598.1342,3,1,,,0,0,34292,1,,,3.0,,,,2648.8532,670.0,6660.0,-1,3.0,,,,,,49769.0,2010,601,598,0,0,1,0,0,14.0,19.0,24.0,2010,1.0,1,8,2,8600,86002,2,33,17,16980,0,1.0,1.0,1.0,7,1,48,2.0,1,42,2,,1,1,1,2,57,57,57,1,0,0,1.0,4.0,,,,,,,,64.0,2.0,11.0,3.0,0.0,2,,,,,,,,,,,12933.7218,2978.0442,3,1,,,0,0,21551,1,,,2.0,,,,2889.8284,670.0,6660.0,-1,3.0,,,,,,49613.0,2011,613,598,0,0,1,0,0,13.0,19.0,24.0,2011,MIS4_to_MIS8,illinois,1,2010-2011,1,0,0,0,retention
677249380349107,2,1.0,1,4,2,8600,86002,2,2,33,17,16980,0,1.0,1.0,1.0,7,3,47,1.0,2,42,2,,2,1,2,1,2,57,57,57,1,0,0,2.0,1.0,,40.0,,40.0,,,,,,2.0,3.0,0.0,1,2.0,2.0,2.0,,784.61,1.0,,,,,9455.3093,2496.3686,3,1,0.0,,0,0,34292,2,,,3.0,,,,2491.4362,670.0,5860.0,-1,,,,,,,49770.0,2010,601,598,0,0,1,0,0,14.0,17.0,24.0,2010,1.0,1,8,2,8600,86002,2,33,17,16980,0,1.0,1.0,1.0,7,3,48,1.0,2,42,2,,1,2,1,2,57,57,57,1,0,0,2.0,1.0,,40.0,,40.0,,,,,,2.0,3.0,0.0,1,2.0,2.0,2.0,,596.15,1.0,,,,,11181.0098,2808.1728,3,1,0.0,,0,0,21551,2,,,3.0,,,,2742.6074,670.0,5860.0,-1,,,,,,,49614.0,2011,613,598,0,0,1,0,0,14.0,17.0,24.0,2011,MIS4_to_MIS8,illinois,1,2010-2011,1,0,0,0,retention
788630313970981,2,1.0,1,4,2,8600,86001,1,1,33,17,16980,0,1.0,1.0,1.0,7,1,39,2.0,2,39,2,,1,1,1,1,2,57,57,57,1,0,0,1.0,4.0,,,,,,,,64.0,2.0,11.0,3.0,0.0,2,,,,,,,,,,,12267.2552,3138.1703,10,3,,,0,0,65373,1,1.0,,,,,,3187.5734,7860.0,2540.0,-1,,,,,,,49817.0,2010,601,598,0,0,1,1,0,12.0,8.0,40.0,2010,1.0,1,8,2,8600,86001,1,33,17,16980,0,1.0,1.0,1.0,7,1,40,2.0,2,40,2,,1,1,1,2,57,57,57,1,0,0,1.0,3.0,,,,,5.0,,,5.0,1.0,11.0,4.0,0.0,2,,,,,,,,,,,9446.4205,2563.1658,10,3,,,0,0,21547,1,,,3.0,,,,2577.6636,7570.0,5700.0,-1,,,,,,,49656.0,2011,613,598,0,0,1,1,0,14.0,17.0,37.0,2011,MIS4_to_MIS8,illinois,1,2010-2011,0,1,0,1,retention
908900651998777,2,1.0,7,4,2,8600,86001,1,1,33,17,16980,0,1.0,1.0,3.0,7,2,28,,2,44,1,,1,0,0,7,2,57,57,57,1,0,0,1.0,1.0,,40.0,,43.0,,,,,,2.0,3.0,0.0,1,2.0,2.0,2.0,,769.23,1.0,,,,,13932.9541,3549.2052,0,0,0.0,,0,0,34519,1,,,,,,2.0,3509.0228,9470.0,3800.0,730,,,,,,,49865.0,2010,601,598,0,0,0,0,0,18.0,12.0,51.0,2010,1.0,7,8,2,8600,86001,1,33,17,16980,0,1.0,1.0,3.0,7,2,29,,2,44,1,,0,0,7,2,57,57,57,1,0,0,1.0,1.0,,40.0,,48.0,,,,,,2.0,2.0,0.0,1,1.0,,1.0,2200.0,948.0,1.0,,,,,15445.3873,3888.7234,0,0,0.0,0.0,0,0,21765,1,,,,,,2.0,3873.3261,9470.0,3700.0,-1,,,,,,,49701.0,2011,613,598,0,0,0,0,0,18.0,12.0,51.0,2011,MIS4_to_MIS8,illinois,1,2010-2011,1,0,0,0,retention
22801870963299,2,2.0,1,4,2,8600,86001,1,1,33,17,16980,0,2.0,1.0,,7,3,56,1.0,2,43,1,,2,1,2,1,2,57,57,57,1,0,0,1.0,1.0,,37.0,,37.0,,,,,,2.0,3.0,0.0,1,2.0,,1.0,1300.0,481.0,1.0,,,,,10111.2124,2518.4964,0,0,0.0,0.0,0,0,8196,2,,,,2.0,,,2490.0661,7860.0,2540.0,-1,,,,,,,49913.0,2010,601,598,0,0,0,0,0,16.0,8.0,40.0,2010,2.0,1,8,2,8600,86001,1,33,17,16980,0,2.0,1.0,,7,3,57,1.0,2,43,1,,1,2,1,2,57,57,57,1,0,0,1.0,1.0,,38.0,,38.0,,,,,,2.0,3.0,0.0,1,2.0,,1.0,1400.0,532.0,1.0,,,,,11042.2119,2838.3637,0,0,0.0,0.0,0,0,50836,2,,,,2.0,,,2820.5755,7860.0,2540.0,-1,,,,,,,49742.0,2011,613,598,0,0,0,0,0,16.0,8.0,40.0,2011,MIS4_to_MIS8,illinois,1,2010-2011,1,0,0,0,retention
82651870980593,2,2.0,1,4,2,8600,86001,1,1,33,17,41180,119,2.0,1.0,,6,3,37,1.0,2,43,1,,2,1,2,1,2,57,57,57,1,0,0,1.0,1.0,,40.0,,40.0,,,,,,2.0,2.0,0.0,1,2.0,2.0,2.0,,480.76,2.0,2.0,,,,12444.9916,3144.6521,6,2,0.0,,0,0,34458,2,,,,2.0,,,3132.9041,7870.0,530.0,-1,,,,,,,49964.0,2010,601,598,1,0,1,0,1,16.0,2.0,40.0,2010,1.0,1,8,2,8600,86001,1,33,17,41180,119,2.0,1.0,,6,3,38,1.0,2,43,1,,1,2,1,2,57,57,57,1,0,0,2.0,1.0,,38.0,,38.0,,,,,,2.0,2.0,0.0,1,2.0,,1.0,1550.0,589.0,1.0,,,,,14972.1152,3813.5163,6,2,0.0,0.0,0,0,50880,2,,,,2.0,,,3755.3454,7870.0,2430.0,-1,,,,,,,49785.0,2011,613,598,1,0,1,0,1,16.0,8.0,40.0,2011,MIS4_to_MIS8,illinois,1,2010-2011,1,0,0,0,retention
199938909099719,2,1.0,3,4,2,8600,86001,1,1,33,17,16980,0,2.0,1.0,,7,1,32,,1,44,1,,1,1,1,7,2,57,57,57,1,0,0,1.0,1.0,,-4.0,,65.0,,,,,,2.0,3.0,0.0,1,2.0,2.0,2.0,,980.76,1.0,,,,,10774.0656,2711.4517,1,1,0.0,,0,0,34363,1,,,,,,3.0,2703.2773,7860.0,2320.0,2750,,,,,,,50074.0,2010,601,598,1,0,0,0,1,18.0,8.0,40.0,2010,1.0,3,8,2,8600,86001,1,33,17,16980,0,2.0,1.0,,7,1,33,,1,44,1,,1,1,7,2,57,57,57,1,0,0,1.0,1.0,,52.0,,75.0,,,,,,2.0,3.0,0.0,1,2.0,2.0,2.0,,1250.0,1.0,,,,,13537.9179,3435.4314,1,1,0.0,,0,0,50853,1,,,,,,3.0,3410.1485,7860.0,2320.0,2750,,,,,,,49877.0,2011,613,598,1,0,0,0,1,18.0,8.0,40.0,2011,MIS4_to_MIS8,illinois,1,2010-2011,1,0,0,0,retention
486190479700736,2,2.0,1,4,2,8600,86001,1,1,33,17,41180,119,2.0,1.0,,6,3,65,1.0,2,40,1,,2,1,2,1,2,57,57,57,1,0,0,1.0,5.0,,,,,,,,,,1.0,3.0,0.0,2,,,,,,,,,,,11790.6801,2940.933,0,0,,,0,0,34456,2,,,2.0,,,,2956.6857,9390.0,2020.0,-1,,,,,,,50170.0,2010,601,598,0,0,0,0,0,13.0,6.0,51.0,2010,1.0,1,8,2,8600,86001,1,33,17,41180,119,2.0,1.0,,6,3,66,1.0,2,40,1,,1,2,1,2,57,57,57,1,0,0,2.0,5.0,,,,,,,,,,1.0,,,2,,,,,,,,,,,11812.8355,2897.6668,0,0,,,0,0,43728,2,,,2.0,,,,2920.8647,,,-1,,,,,,,49978.0,2011,613,598,0,0,0,0,0,13.0,,,2011,MIS4_to_MIS8,illinois,1,2010-2011,0,1,0,0,retention
608906041793477,2,2.0,1,4,2,8600,86001,1,1,33,17,41180,119,2.0,1.0,,6,3,40,1.0,2,43,1,,2,1,2,1,2,57,57,57,1,0,0,1.0,1.0,,40.0,10.0,32.0,,,10.0,,,4.0,3.0,0.0,1,2.0,2.0,2.0,,998.53,2.0,2.0,,,,12459.085,3142.8262,3,1,0.0,,0,0,21062,2,,,,1.0,1.0,,3136.452,7860.0,2310.0,-1,,,,,,,50213.0,2010,601,598,0,0,1,0,0,18.0,8.0,40.0,2010,2.0,1,8,2,8600,86001,1,33,17,41180,119,2.0,1.0,,6,3,41,1.0,2,43,1,,1,2,1,2,57,57,57,1,0,0,1.0,1.0,,40.0,,40.0,,,,,,2.0,3.0,0.0,1,2.0,2.0,2.0,,923.07,1.0,,,,,14201.1848,3588.6482,3,1,0.0,,0,0,21701,2,,,,1.0,1.0,,3561.9786,7860.0,2310.0,-1,,,,,,,50022.0,2011,613,598,0,0,1,0,0,18.0,8.0,40.0,2011,MIS4_to_MIS8,illinois,1,2010-2011,1,0,0,0,retention
627399280829100,2,2.0,1,4,2,8600,86001,1,1,33,17,16980,0,2.0,1.0,,7,1,30,2.0,2,44,1,,1,1,1,1,2,57,57,57,1,0,0,3.0,1.0,,40.0,,40.0,,,,,,2.0,3.0,0.0,1,2.0,,1.0,1050.0,420.0,1.0,,,,,12852.761,3274.7942,2,1,1.0,1.0,0,42,44170,1,,,,,,2.0,3236.9755,7860.0,2310.0,-1,,,,,,,50215.0,2010,601,598,0,1,0,0,1,18.0,8.0,40.0,2010,1.0,1,8,2,8600,86001,1,33,17,16980,0,2.0,1.0,,7,1,31,2.0,2,44,1,,1,1,1,2,57,57,57,1,0,0,1.0,1.0,,40.0,,40.0,,,,,,2.0,3.0,0.0,1,2.0,,1.0,1000.0,400.0,1.0,,,,,16574.7869,4193.7019,5,2,1.0,1.0,0,42,21592,1,,,,,,2.0,4156.5519,7860.0,2310.0,-1,,,,,,,50024.0,2011,613,598,1,1,0,0,1,18.0,8.0,40.0,2011,MIS4_to_MIS8,illinois,1,2010-2011,1,0,0,0,retention
637837980329101,2,3.0,4,4,2,8600,86001,1,1,33,17,16980,0,2.0,1.0,,7,4,48,,1,39,2,,2,1,3,7,2,57,57,57,1,0,0,1.0,4.0,,,,,,,,35.0,5.0,11.0,3.0,0.0,2,,,,,,,,,,,12789.0505,2445.8326,0,0,,,0,0,31620,2,1.0,,,,,,2493.5785,9370.0,4220.0,-1,,,,,1.0,,50221.0,2010,601,598,0,0,0,0,0,12.0,14.0,51.0,2010,1.0,4,8,2,8600,86001,1,33,17,16980,0,2.0,1.0,,7,4,49,,1,40,2,,1,3,7,2,57,57,57,1,0,0,2.0,1.0,,40.0,,40.0,,,,,,2.0,4.0,0.0,1,2.0,,1.0,755.0,302.0,1.0,,,,,11814.1138,2873.1199,0,0,1.0,1.0,0,42,67152,2,,,3.0,,,,2854.8154,8180.0,4220.0,-1,,,,,1.0,,50030.0,2011,613,598,0,0,0,0,0,14.0,14.0,42.0,2011,MIS4_to_MIS8,illinois,1,2010-2011,0,1,0,1,retention
710030996100081,2,1.0,1,4,2,8600,86001,1,1,33,17,16980,0,2.0,1.0,,7,1,54,2.0,1,39,1,,1,1,1,1,2,57,57,57,1,0,0,1.0,1.0,,40.0,,35.0,,,,,,2.0,2.0,0.0,1,1.0,,1.0,3838.0,1706.2,1.0,,,,,13412.6643,3452.5207,4,2,0.0,0.0,0,0,8154,1,1.0,,,,,,3422.9139,7070.0,8610.0,-1,,,,,,,50251.0,2010,601,598,0,0,0,1,0,12.0,21.0,34.0,2010,1.0,1,8,2,8600,86001,1,33,17,16980,0,2.0,1.0,,7,1,55,2.0,1,39,1,,1,1,1,2,57,57,57,1,0,0,1.0,1.0,,40.0,,48.0,,,,,,2.0,2.0,0.0,1,2.0,,1.0,4231.0,1692.4,1.0,,,,,13001.7786,3029.4891,4,1,0.0,0.0,0,0,18371,1,1.0,,,,,,3020.978,8090.0,8610.0,-1,,,,,,,50051.0,2011,613,598,0,0,0,1,0,12.0,21.0,42.0,2011,MIS4_to_MIS8,illinois,1,2010-2011,1,0,0,0,retention
789610515750981,2,1.0,4,4,2,8600,86001,1,1,33,17,16980,0,2.0,1.0,,7,1,46,,2,43,1,,1,1,1,5,2,57,139,139,1,0,0,1.0,1.0,,40.0,,40.0,,,,,,2.0,3.0,0.0,1,2.0,1.0,1.0,4150.0,472.5,1.0,,,,,11059.0438,2846.2718,4,1,0.0,1.0,0,0,34405,1,,,,2.0,,,2811.5122,7860.0,2430.0,-1,,,,,,,50306.0,2010,601,598,0,0,0,1,0,16.0,8.0,40.0,2010,1.0,4,8,2,8600,86001,1,33,17,16980,0,2.0,1.0,,7,1,47,,2,43,1,,1,1,5,2,57,139,139,1,0,0,1.0,1.0,,38.0,,38.0,,,,,,2.0,3.0,0.0,1,2.0,2.0,2.0,,384.61,1.0,,,,,11998.5474,3045.5181,4,1,0.0,,0,0,54216,1,,,,2.0,,,3041.9481,7860.0,2540.0,-1,,,,,,,50100.0,2011,613,598,0,0,0,1,0,16.0,8.0,40.0,2011,MIS4_to_MIS8,illinois,1,2010-2011,1,0,0,0,retention
810709932663379,2,1.0,7,4,2,8600,86001,1,1,33,17,16980,0,2.0,1.0,,7,2,53,,2,43,1,,1,0,0,7,2,57,57,57,1,0,0,1.0,1.0,,40.0,,40.0,,,,,,2.0,3.0,0.0,1,2.0,2.0,2.0,,1596.15,2.0,2.0,,,,10784.9271,2727.5547,0,0,0.0,,0,0,8198,1,,,,1.0,1.0,,2741.8242,9490.0,530.0,-1,,,,,,,50330.0,2010,601,598,0,0,0,0,0,18.0,2.0,51.0,2010,1.0,7,8,2,8600,86001,1,33,17,16980,0,2.0,1.0,,7,2,54,,2,43,1,,0,0,7,2,57,57,57,1,0,0,1.0,1.0,,40.0,,40.0,,,,,,2.0,3.0,0.0,1,2.0,2.0,2.0,,1634.61,2.0,2.0,,,,11464.7218,2905.3262,0,0,0.0,,0,0,5159,1,,,,1.0,1.0,,2906.6092,9490.0,530.0,-1,,,,,,,50126.0,2011,613,598,0,0,0,0,0,18.0,2.0,51.0,2011,MIS4_to_MIS8,illinois,1,2010-2011,1,0,0,0,retention
810709947604376,2,2.0,1,4,2,8600,86001,1,1,33,17,41180,119,2.0,1.0,,6,1,44,2.0,2,44,1,,1,1,1,1,2,57,57,57,1,0,0,2.0,1.0,,15.0,,25.0,,,15.0,,,6.0,2.0,0.0,1,2.0,2.0,2.0,,400.0,2.0,2.0,,,,12459.085,3142.8262,0,0,0.0,,0,0,34455,1,,,,,,2.0,3136.452,7870.0,2200.0,2200,,,,,,,50334.0,2010,601,598,0,0,0,0,0,18.0,8.0,40.0,2010,1.0,1,8,2,8600,86001,1,33,17,41180,119,2.0,1.0,,6,1,45,2.0,2,44,1,,1,1,1,2,57,57,57,1,0,0,1.0,1.0,,20.0,,32.0,,,14.0,,,6.0,5.0,0.0,1,2.0,2.0,2.0,,363.63,2.0,2.0,,,,12024.8574,3052.1963,0,0,0.0,,0,0,57513,1,,,,,,2.0,3048.6183,7870.0,2200.0,2200,,,,,,,50130.0,2011,613,598,0,0,0,0,0,18.0,8.0,40.0,2011,MIS4_to_MIS8,illinois,1,2010-2011,0,1,0,1,retention
810709947604376,2,2.0,1,4,2,8600,86001,1,1,33,17,41180,119,2.0,1.0,,6,3,46,1.0,1,46,1,,2,1,2,1,2,57,57,57,1,0,0,1.0,1.0,,50.0,,50.0,,,,,,2.0,2.0,0.0,1,2.0,2.0,2.0,,1153.84,2.0,2.0,,,,12724.4796,3264.0365,0,0,0.0,,0,0,34455,2,,,,,,,3247.2891,7870.0,2200.0,-1,,,,,,,50335.0,2010,601,598,0,0,0,0,0,18.0,8.0,40.0,2010,1.0,1,8,2,8600,86001,1,33,17,41180,119,2.0,1.0,,6,3,47,1.0,1,45,1,,1,2,1,2,57,57,57,1,0,0,2.0,1.0,,50.0,,50.0,,,,,,2.0,2.0,0.0,1,2.0,2.0,2.0,,1615.38,2.0,2.0,,,,13329.408,3273.2194,0,0,0.0,,0,0,57513,2,,,,,,,3284.9826,7870.0,2200.0,-1,,,,,,,50131.0,2011,613,598,0,0,0,0,0,18.0,8.0,40.0,2011,MIS4_to_MIS8,illinois,1,2010-2011,1,0,0,0,retention
880177008718460,2,1.0,4,4,2,8600,86001,1,1,33,17,16980,0,2.0,1.0,,7,4,19,,1,40,4,,2,1,3,7,2,233,233,233,4,0,12,2.0,7.0,,,,,,,,,,1.0,3.0,0.0,2,,,,,,,,1.0,1.0,2.0,8142.4294,2013.7476,0,0,,,0,0,44165,2,,,1.0,,,,2068.126,7860.0,1000.0,-1,,,,,1.0,,50395.0,2010,601,598,0,0,0,0,0,12.0,3.0,40.0,2010,1.0,4,8,2,8600,86001,1,33,17,16980,0,2.0,1.0,,7,4,20,,1,40,4,,1,3,7,2,233,233,233,4,0,12,2.0,7.0,,,,,,,,,,1.0,,,2,,,,,,,,1.0,1.0,2.0,12672.6576,3276.0481,0,0,,,0,0,33716,2,,,2.0,,,,3275.9649,,,-1,,,,,1.0,,50172.0,2011,613,598,0,0,0,0,0,13.0,,,2011,MIS4_to_MIS8,illinois,1,2010-2011,0,1,0,0,retention
914087845189180,2,1.0,1,4,2,8600,86001,1,1,33,17,16980,0,2.0,1.0,,7,1,54,4.0,2,43,1,,1,1,1,1,2,57,57,57,1,0,0,1.0,1.0,,40.0,,40.0,,,,,,2.0,2.0,0.0,1,2.0,2.0,2.0,,480.76,1.0,,,,,10784.9271,2727.5547,0,0,0.0,,0,0,8199,1,,,,2.0,,,2741.8242,7860.0,2430.0,-1,,,,,,,50424.0,2010,601,598,0,0,0,0,0,16.0,8.0,40.0,2010,2.0,1,8,2,8600,86001,1,33,17,16980,0,2.0,1.0,,7,1,55,4.0,2,43,1,,1,1,1,2,57,57,57,1,0,0,2.0,5.0,,,,,,,,,,1.0,3.0,0.0,2,,,,,,,,,,,11795.9822,2838.3637,0,0,,,0,0,21595,1,,,,2.0,,,2857.9173,7860.0,2430.0,-1,,,,,,,50203.0,2011,613,598,0,0,0,0,0,16.0,8.0,40.0,2011,MIS4_to_MIS8,illinois,1,2010-2011,1,0,0,0,retention
956077855189110,2,3.0,1,4,2,8600,86001,1,1,33,17,16980,0,2.0,1.0,,7,1,56,2.0,1,44,1,,1,1,1,1,2,57,57,57,1,0,0,2.0,1.0,,40.0,,40.0,,,,,,2.0,3.0,0.0,1,2.0,2.0,2.0,,673.0,1.0,,,,,12089.0608,3122.6583,0,0,1.0,,0,0,58187,1,,,,,,2.0,3117.8869,7860.0,2320.0,2340,,,,,,,50441.0,2010,601,598,0,0,0,0,0,18.0,8.0,40.0,2010,1.0,1,8,2,8600,86001,1,33,17,16980,0,2.0,1.0,,7,1,57,2.0,1,44,1,,1,1,1,2,57,57,57,1,0,0,1.0,5.0,,,,,,,,,,1.0,3.0,0.0,2,,,,,,,,,,,12241.9566,3029.4891,0,0,,,0,0,31384,1,,,,,,2.0,3051.2789,7860.0,2310.0,-1,,,,,,,50221.0,2011,613,598,0,0,0,0,0,18.0,8.0,40.0,2011,MIS4_to_MIS8,illinois,1,2010-2011,1,0,0,0,retention
508604651997307,2,1.0,1,4,2,8600,86001,1,1,33,17,0,0,3.0,2.0,,0,1,50,2.0,1,43,1,,1,1,1,1,2,57,57,57,1,0,0,1.0,1.0,,40.0,,40.0,,,,,,2.0,2.0,0.0,1,2.0,2.0,2.0,,1769.23,1.0,,,,,13525.6316,3481.5994,0,0,0.0,,0,0,31614,1,,,,1.0,1.0,,3451.7432,9470.0,3850.0,-1,,,,,,,50532.0,2010,601,598,0,0,0,0,0,18.0,12.0,51.0,2010,1.0,1,8,2,8600,86001,1,33,17,0,0,3.0,2.0,,0,1,51,2.0,1,44,1,,1,1,1,2,57,57,57,1,0,0,1.0,1.0,,40.0,,45.0,,,,,,2.0,2.0,0.0,1,2.0,2.0,2.0,,1798.07,1.0,,,,,13677.2383,3379.7027,0,0,0.0,,0,0,18362,1,,,,,,3.0,3370.704,9470.0,3850.0,-1,,,,,,,50310.0,2011,613,598,0,0,0,0,0,18.0,12.0,51.0,2011,MIS4_to_MIS8,illinois,1,2010-2011,1,0,0,0,retention
508604651997307,2,1.0,1,4,2,8600,86001,1,1,33,17,0,0,3.0,2.0,,0,3,48,1.0,2,43,1,,2,1,2,1,2,57,57,57,1,0,0,2.0,1.0,,55.0,8.0,32.0,,,8.0,,,4.0,3.0,0.0,1,1.0,2.0,2.0,,769.23,1.0,,,,,11152.1878,2870.2444,0,0,0.0,,0,0,31614,2,,,,1.0,1.0,,2835.1919,7860.0,2300.0,-1,,,,,,,50533.0,2010,601,598,0,0,0,0,0,18.0,8.0,40.0,2010,1.0,1,8,2,8600,86001,1,33,17,0,0,3.0,2.0,,0,3,49,1.0,2,43,1,,1,2,1,2,57,57,57,1,0,0,2.0,1.0,,70.0,,70.0,,,,,,2.0,2.0,0.0,1,2.0,2.0,2.0,,730.76,1.0,,,,,12355.2188,3136.0499,0,0,0.0,,0,0,18362,2,,,,1.0,1.0,,3132.3737,7860.0,2300.0,-1,,,,,,,50311.0,2011,613,598,0,0,0,0,0,18.0,8.0,40.0,2011,MIS4_to_MIS8,illinois,1,2010-2011,1,0,0,0,retention
908908251990137,2,1.0,1,4,2,8600,86001,1,1,33,17,0,0,3.0,2.0,,0,3,66,1.0,1,44,1,,2,1,2,1,2,57,57,57,1,0,0,2.0,1.0,,40.0,,40.0,,,,,,2.0,2.0,0.0,1,2.0,2.0,2.0,,769.23,2.0,2.0,,,,12752.8048,3452.1437,0,0,0.0,,0,0,21155,2,,,,,,2.0,3400.0453,7860.0,2320.0,-1,,,,,,,50572.0,2010,601,598,0,0,0,0,0,18.0,8.0,40.0,2010,1.0,1,8,2,8600,86001,1,33,17,0,0,3.0,2.0,,0,3,69,1.0,1,44,1,,1,2,1,2,57,57,57,1,0,0,2.0,1.0,,40.0,,40.0,,,,,,2.0,2.0,0.0,1,2.0,2.0,2.0,,1153.84,2.0,1.0,,,,14183.9612,3571.347,0,0,0.0,,0,0,33850,2,,,,,,2.0,3424.3456,7870.0,2720.0,-1,,,,,,,50339.0,2011,613,598,0,0,0,0,0,18.0,9.0,40.0,2011,MIS4_to_MIS8,illinois,1,2010-2011,1,0,0,0,retention
37027157180360,2,2.0,1,4,2,8600,86001,1,1,33,17,16580,0,,1.0,,2,3,40,1.0,2,44,1,,2,1,2,1,2,57,57,57,1,0,0,1.0,2.0,8.0,40.0,,,,,,,,5.0,3.0,0.0,1,2.0,2.0,2.0,,961.53,1.0,,,,,12603.5504,3179.2678,0,0,0.0,,0,0,34157,2,,,,,,2.0,3172.8197,7860.0,2330.0,-1,,,,,,,50579.0,2010,601,598,0,0,0,0,0,18.0,8.0,40.0,2010,2.0,1,8,2,8600,86001,1,33,17,16580,0,,1.0,,2,3,41,1.0,2,44,1,,1,2,1,2,57,57,57,1,0,0,1.0,1.0,,40.0,,40.0,,,,,,2.0,3.0,0.0,1,2.0,2.0,2.0,,961.53,1.0,,,,,14365.8501,3630.2593,1,1,0.0,,0,0,54146,2,,,,,,2.0,3603.2804,7860.0,2330.0,-1,,,,,,,50351.0,2011,613,598,1,0,0,0,1,18.0,8.0,40.0,2011,MIS4_to_MIS8,illinois,1,2010-2011,1,0,0,0,retention
196968507046779,2,1.0,1,4,2,8600,86001,1,1,33,17,44100,0,,1.0,,2,3,57,1.0,1,40,1,,2,1,2,1,2,57,57,57,1,0,0,2.0,1.0,,40.0,6.0,32.0,,,6.0,,,4.0,2.0,0.0,1,2.0,2.0,2.0,,2884.61,2.0,2.0,,,,12228.948,3158.7918,0,0,0.0,,0,0,31624,2,,,2.0,,,,3153.9652,9470.0,620.0,-1,,,,,,,50612.0,2010,601,598,0,0,0,0,0,13.0,2.0,51.0,2010,2.0,1,8,2,8600,86001,1,33,17,44100,0,,1.0,,2,3,58,1.0,1,40,1,,1,2,1,2,57,57,57,1,0,0,1.0,1.0,,40.0,,38.0,,,,,,2.0,2.0,0.0,1,2.0,2.0,2.0,,1884.61,2.0,2.0,,,,13030.2885,3036.1321,0,0,0.0,,0,0,31387,2,,,2.0,,,,3027.6023,9390.0,20.0,430,,,,,,,50385.0,2011,613,598,0,0,0,0,0,13.0,1.0,51.0,2011,MIS4_to_MIS8,illinois,1,2010-2011,1,0,0,0,retention
198998408073759,2,1.0,1,4,2,8600,86001,1,1,33,17,44100,0,,1.0,,2,1,49,2.0,1,40,1,,1,1,1,1,2,57,57,57,1,0,0,1.0,2.0,4.0,38.0,,,,,,,,5.0,2.0,0.0,1,2.0,2.0,2.0,,903.84,1.0,,,,,12724.4796,3264.0365,4,1,0.0,,0,0,765,1,,,4.0,,,,3247.2891,9480.0,5850.0,-1,3.0,2.0,,,,,50626.0,2010,601,598,0,0,0,1,0,15.0,17.0,51.0,2010,1.0,1,8,2,8600,86001,1,33,17,44100,0,,1.0,,2,1,51,2.0,1,42,1,,1,1,1,2,57,57,57,1,0,0,1.0,1.0,,37.0,6.0,30.0,,,6.0,,,4.0,2.0,0.0,1,2.0,2.0,2.0,,952.15,1.0,,,,,13311.5279,3289.3342,4,1,0.0,,0,0,31391,1,,,5.0,,,,3280.5761,9480.0,5000.0,-1,3.0,2.0,,,,,50391.0,2011,613,598,0,0,0,1,0,16.0,17.0,51.0,2011,MIS4_to_MIS8,illinois,1,2010-2011,1,0,0,0,retention
198998408073759,2,1.0,1,4,2,8600,86001,1,1,33,17,44100,0,,1.0,,2,3,49,1.0,2,39,1,,2,1,2,1,2,57,57,57,1,0,0,2.0,2.0,4.0,38.0,,,,,,,,5.0,2.0,0.0,1,2.0,2.0,2.0,,894.23,1.0,,,,,11187.0122,2879.2071,4,1,0.0,,0,0,765,2,1.0,,,,,,2844.0452,9480.0,5800.0,-1,,,,,,,50627.0,2010,601,598,0,0,0,1,0,12.0,17.0,51.0,2010,1.0,1,8,2,8600,86001,1,33,17,44100,0,,1.0,,2,3,50,1.0,2,39,1,,1,2,1,2,57,57,57,1,0,0,2.0,1.0,,37.0,6.0,30.0,,,6.0,,,4.0,2.0,0.0,1,2.0,2.0,2.0,,952.15,1.0,,,,,11489.8613,2911.6969,4,1,0.0,,0,0,31391,2,1.0,,,,,,2912.9827,9480.0,5860.0,-1,,,,,,,50392.0,2011,613,598,0,0,0,1,0,12.0,17.0,51.0,2011,MIS4_to_MIS8,illinois,1,2010-2011,1,0,0,0,retention
620173007718530,2,3.0,3,4,2,8600,86001,1,1,33,17,16580,0,,1.0,,2,14,45,,2,35,1,,3,0,0,7,2,57,57,57,1,0,0,1.0,1.0,,30.0,,14.0,,,22.0,,,7.0,3.0,0.0,1,2.0,,1.0,800.0,240.0,2.0,2.0,,,,11316.7276,2912.5921,0,0,1.0,1.0,0,0,44050,3,,,,,,,2877.0225,7860.0,4020.0,-1,,,,,,,50672.0,2010,601,598,0,0,0,0,0,9.0,13.0,40.0,2010,3.0,3,8,2,8600,86001,1,33,17,16580,0,,1.0,,2,13,46,,2,35,1,,0,0,7,2,57,57,57,1,0,0,1.0,1.0,,30.0,,30.0,,,22.0,,,7.0,3.0,0.0,1,2.0,1.0,1.0,850.0,275.0,2.0,2.0,,,,12164.2878,3087.587,0,0,0.0,1.0,0,0,50753,3,,,,,,,3083.9676,7860.0,4020.0,-1,,,,,,,50435.0,2011,613,598,0,0,0,0,0,9.0,13.0,40.0,2011,MIS4_to_MIS8,illinois,1,2010-2011,1,0,0,0,retention
810709946449995,2,1.0,1,4,2,8600,86001,1,1,33,17,14060,113,,1.0,,2,1,41,2.0,2,43,4,,1,1,1,1,2,210,210,210,5,0,17,1.0,1.0,,8.0,,6.0,,,17.0,,,7.0,3.0,0.0,1,2.0,,1.0,805.0,64.4,2.0,2.0,,,,11520.98,2941.3092,3,2,0.0,0.0,0,0,17865,1,,,,1.0,2.0,,2900.2933,7860.0,4600.0,-1,,,,,,,50703.0,2010,601,598,0,0,1,0,0,17.0,15.0,40.0,2010,1.0,1,8,2,8600,86001,1,33,17,14060,113,,1.0,,2,1,42,2.0,2,43,4,,1,1,1,2,210,210,210,5,0,17,1.0,1.0,,8.0,,5.0,,,18.0,,,7.0,3.0,0.0,1,2.0,,1.0,886.0,70.88,2.0,2.0,,,,14445.7043,3626.6791,10,2,0.0,0.0,0,0,31386,1,,,,1.0,1.0,,3623.3096,7860.0,4600.0,-1,,,,,,,50461.0,2011,613,598,0,0,1,1,0,18.0,15.0,40.0,2011,MIS4_to_MIS8,illinois,1,2010-2011,1,0,0,0,retention
18411880982795,2,1.0,1,4,2,8600,86001,1,1,32,18,26900,0,1.0,1.0,,5,1,41,2.0,2,43,1,,1,1,1,1,2,57,57,57,1,0,0,1.0,2.0,14.0,-4.0,,,,,,,,10.0,3.0,0.0,1,2.0,2.0,2.0,,75.0,2.0,2.0,,,,9330.1419,2346.0278,10,4,0.0,,0,0,51489,1,,,,1.0,2.0,,2348.7713,7860.0,2320.0,-1,,,,,,,50727.0,2010,601,598,0,0,1,1,0,17.0,8.0,40.0,2010,1.0,1,8,2,8600,86001,1,32,18,26900,0,1.0,1.0,,5,1,42,2.0,2,43,1,,1,1,1,2,57,57,57,1,0,0,1.0,1.0,,-4.0,,12.0,,,18.0,,,7.0,5.0,0.0,1,2.0,2.0,2.0,,200.0,2.0,2.0,,,,10540.1886,2623.7223,10,3,0.0,,0,0,54266,1,,,,1.0,1.0,,2643.7179,7860.0,2320.0,-1,,,,,,,50489.0,2011,613,598,0,0,1,1,0,18.0,8.0,40.0,2011,MIS4_to_MIS8,indiana,0,2010-2011,0,1,0,1,retention
194978709013859,2,1.0,4,4,2,8600,86001,1,1,32,18,16980,89,1.0,1.0,,7,1,41,,2,43,2,,1,1,1,5,2,57,57,57,1,0,0,1.0,1.0,,30.0,,32.0,,,22.0,,,7.0,3.0,0.0,1,1.0,1.0,1.0,1100.0,268.34,2.0,2.0,,,,11957.2255,3009.941,4,1,0.0,0.0,0,0,51463,1,,,,2.0,,,2951.9691,7860.0,2310.0,-1,,,,,,,50754.0,2010,601,598,0,0,0,1,0,16.0,8.0,40.0,2010,1.0,4,8,2,8600,86001,1,32,18,16980,89,1.0,1.0,,7,1,42,,2,43,2,,1,1,5,2,57,57,57,1,0,0,1.0,1.0,,30.0,,30.0,,,22.0,,,7.0,3.0,0.0,1,1.0,2.0,2.0,,577.77,2.0,2.0,,,,14176.7934,3299.4556,4,1,0.0,,0,0,64304,1,,,,2.0,,,3415.5187,7860.0,2310.0,-1,,,,,,,50519.0,2011,613,598,0,0,0,1,0,16.0,8.0,40.0,2011,MIS4_to_MIS8,indiana,0,2010-2011,1,0,0,0,retention
408900031991678,2,1.0,6,4,2,8600,86001,1,1,32,18,26900,0,1.0,1.0,,5,14,32,,2,43,1,,2,0,0,7,2,57,57,57,1,0,0,2.0,1.0,,-4.0,,60.0,,,,,,2.0,3.0,0.0,1,2.0,2.0,2.0,,740.0,2.0,1.0,,,,9736.325,2472.8248,0,0,1.0,,0,0,51490,2,,,,1.0,1.0,,2452.0993,7860.0,2310.0,-1,,,,,,,50786.0,2010,601,598,0,0,0,0,0,18.0,8.0,40.0,2010,1.0,6,8,2,8600,86001,1,32,18,26900,0,1.0,1.0,,5,14,33,,2,43,1,,0,0,7,2,57,57,57,1,0,0,2.0,1.0,,40.0,,40.0,,,,,,2.0,4.0,0.0,1,2.0,,1.0,2400.0,960.0,2.0,2.0,,,,12328.8629,3072.8106,0,0,1.0,1.0,0,42,43858,2,,,,1.0,1.0,,3091.7778,7860.0,2310.0,-1,,,,,,,50548.0,2011,613,598,0,0,0,0,0,18.0,8.0,40.0,2011,MIS4_to_MIS8,indiana,0,2010-2011,0,1,0,1,retention
193918902005869,2,1.0,1,4,2,8600,86001,1,1,32,18,31140,0,2.0,1.0,,5,1,35,2.0,1,40,1,,1,1,1,1,2,57,57,57,1,0,0,1.0,1.0,,52.0,,82.0,,,,,,2.0,3.0,0.0,1,2.0,2.0,2.0,,1000.0,1.0,,,,,10527.6609,2721.878,3,3,0.0,,0,0,26705,1,,,3.0,,,,2700.9938,9470.0,3740.0,7130,,,,,,,50925.0,2010,601,598,0,0,1,0,0,14.0,12.0,51.0,2010,1.0,1,8,2,8600,86001,1,32,18,31140,0,2.0,1.0,,5,1,36,2.0,1,40,1,,1,1,1,2,57,57,57,1,0,0,1.0,1.0,,54.0,,84.0,,,,,,2.0,3.0,0.0,1,2.0,2.0,2.0,,961.53,1.0,,,,,12649.5185,3214.9748,3,3,0.0,,0,0,855,1,,,3.0,,,,3257.9063,9470.0,3740.0,430,,,,,,,50666.0,2011,613,598,0,0,1,0,0,14.0,12.0,51.0,2011,MIS4_to_MIS8,indiana,0,2010-2011,1,0,0,0,retention
490885093018659,2,2.0,1,4,2,8600,86001,1,1,32,18,16980,89,2.0,1.0,,7,1,46,2.0,2,43,1,,1,1,1,1,2,57,57,57,1,0,0,2.0,1.0,,40.0,,40.0,,,,,,2.0,2.0,0.0,1,1.0,2.0,2.0,,923.07,1.0,,,,,10403.5398,2669.0126,10,3,0.0,,0,0,51462,1,,,,1.0,1.0,,2644.8651,7860.0,2310.0,-1,,,,,,,50980.0,2010,601,598,0,0,1,1,0,18.0,8.0,40.0,2010,2.0,1,8,2,8600,86001,1,32,18,16980,89,2.0,1.0,,7,1,47,2.0,2,43,1,,1,1,1,2,57,57,57,1,0,0,2.0,1.0,,40.0,,36.0,,,,,,2.0,3.0,0.0,1,2.0,2.0,2.0,,1000.0,1.0,,,,,12319.2619,3080.2104,10,2,0.0,,0,0,5226,1,,,,1.0,1.0,,3123.2576,7860.0,2320.0,-1,,,,,,,50723.0,2011,613,598,0,0,1,1,0,18.0,8.0,40.0,2011,MIS4_to_MIS8,indiana,0,2010-2011,1,0,0,0,retention
508906121990938,2,2.0,1,4,2,8600,86001,1,1,32,18,31140,0,2.0,1.0,,5,3,47,1.0,2,39,1,,2,1,2,1,2,57,57,57,1,0,0,1.0,1.0,,32.0,,16.0,,,22.0,,,7.0,3.0,0.0,1,2.0,2.0,2.0,,423.07,2.0,2.0,,,,10403.5398,2669.0126,0,0,0.0,,0,0,12074,2,1.0,,,,,,2644.8651,7860.0,2540.0,-1,,,,,,,50988.0,2010,601,598,0,0,0,0,0,12.0,8.0,40.0,2010,2.0,1,8,2,8600,86001,1,32,18,31140,0,2.0,1.0,,5,3,48,1.0,2,39,1,,1,2,1,2,57,57,57,1,0,0,1.0,1.0,,32.0,,32.0,,,22.0,,,7.0,4.0,0.0,1,2.0,2.0,2.0,,442.3,2.0,2.0,,,,12319.2619,3080.2104,0,0,0.0,,0,0,27084,2,1.0,,,,,,3123.2576,7860.0,5860.0,-1,,,,,,,50734.0,2011,613,598,0,0,0,0,0,12.0,17.0,40.0,2011,MIS4_to_MIS8,indiana,0,2010-2011,0,1,0,1,retention
208901711993368,2,1.0,1,4,2,8600,86001,1,1,32,18,0,0,3.0,2.0,,0,1,47,2.0,2,39,1,,1,1,1,1,2,57,57,57,1,0,0,1.0,2.0,10.0,30.0,,,,,,,,10.0,3.0,0.0,1,2.0,,1.0,933.0,279.9,2.0,2.0,,,,10320.4848,2647.7049,0,0,0.0,0.0,0,0,34678,1,1.0,,,,,,2623.7502,7860.0,4020.0,-1,,,,,,,51137.0,2010,601,598,0,0,0,0,0,12.0,13.0,40.0,2010,1.0,1,8,2,8600,86001,1,32,18,0,0,3.0,2.0,,0,1,47,2.0,2,39,1,,1,1,1,2,57,57,57,1,0,0,1.0,1.0,,-4.0,10.0,25.0,,,10.0,,,4.0,2.0,0.0,1,1.0,2.0,1.0,225.0,131.25,2.0,2.0,,,,11926.0644,2981.8984,4,1,1.0,1.0,0,42,54277,1,1.0,,,,,,3023.5717,7860.0,4020.0,-1,,,,,,,50873.0,2011,613,598,0,0,0,1,0,12.0,13.0,40.0,2011,MIS4_to_MIS8,indiana,0,2010-2011,1,0,0,0,retention
21483860019507,2,1.0,1,4,2,8600,86001,1,1,21,36,35620,81,1.0,1.0,,7,1,43,2.0,1,43,1,2.0,1,1,1,1,2,57,57,57,1,0,0,1.0,1.0,,48.0,,48.0,,,,,,2.0,3.0,0.0,1,2.0,2.0,2.0,,2038.46,1.0,,,,,16508.9763,4117.0141,0,0,0.0,,0,0,31949,1,,,,1.0,2.0,,4235.5698,9470.0,3720.0,-1,,,,,,,61971.0,2010,601,598,0,0,0,0,0,17.0,12.0,51.0,2010,2.0,1,8,2,8600,86001,1,21,36,35620,81,1.0,1.0,,7,1,44,2.0,1,43,1,2.0,1,1,1,2,57,57,57,1,0,0,2.0,1.0,,40.0,,40.0,,,,,,2.0,1.0,0.0,1,2.0,2.0,2.0,,1250.0,2.0,2.0,,,,12696.9709,3209.2218,0,0,0.0,,0,0,48254,1,,,,1.0,1.0,,3270.1278,8190.0,800.0,-1,,,,,,,61629.0,2011,613,598,0,0,0,0,0,18.0,2.0,41.0,2011,MIS4_to_MIS8,new_york,0,2010-2011,0,1,1,0,retention
30153860955592,2,1.0,7,4,2,8600,86001,1,1,21,36,35620,81,1.0,1.0,,7,2,26,,2,43,1,,1,0,0,7,2,57,57,57,1,0,0,1.0,1.0,,35.0,,35.0,,,,,,2.0,3.0,0.0,1,2.0,1.0,1.0,2900.0,1325.0,1.0,,,,,11663.1861,2923.6206,0,0,1.0,1.0,0,0,4984,1,,,,2.0,,,2937.3804,7860.0,2310.0,-1,,,,,,,61989.0,2010,601,598,0,0,0,0,0,16.0,8.0,40.0,2010,1.0,7,8,2,8600,86001,1,21,36,35620,81,1.0,1.0,,7,2,27,,2,43,1,,0,0,7,2,57,57,57,1,0,0,1.0,1.0,,35.0,,35.0,,,,,,2.0,3.0,0.0,1,2.0,1.0,1.0,1850.0,650.0,2.0,1.0,,,,12558.6831,3107.4701,0,0,0.0,0.0,0,0,60585,1,,,,2.0,,,3149.4111,7860.0,2310.0,-1,,,,,,,61652.0,2011,613,598,0,0,0,0,0,16.0,8.0,40.0,2011,MIS4_to_MIS8,new_york,0,2010-2011,1,0,0,0,retention
48026132380650,2,1.0,4,4,2,8600,86001,1,1,21,36,35620,5,1.0,1.0,,7,1,33,,2,39,1,2.0,1,1,1,7,2,57,57,73,1,0,0,1.0,6.0,,,,,,,,,,1.0,3.0,0.0,2,,,,,,,,,,,10002.0097,2591.3592,9,2,,,0,0,55599,1,1.0,,,,,,2511.5684,8190.0,4230.0,-1,,,,,,,62006.0,2010,601,598,0,1,0,1,1,12.0,14.0,41.0,2010,1.0,4,8,2,8600,86001,1,21,36,35620,5,1.0,1.0,,7,1,34,,2,39,1,2.0,1,1,7,2,57,57,73,1,0,0,1.0,1.0,,38.0,,38.0,,,,,,2.0,3.0,0.0,1,2.0,,1.0,1610.0,611.8,1.0,,,,,11384.1733,2767.4109,9,2,0.0,0.0,0,0,48084,1,1.0,,,,,,2854.8727,8190.0,4230.0,-1,,,,,,,61667.0,2011,613,598,0,1,0,1,1,12.0,14.0,41.0,2011,MIS4_to_MIS8,new_york,0,2010-2011,1,0,0,0,retention
57863860016001,2,1.0,1,4,2,8600,86001,1,1,21,36,35620,47,1.0,1.0,,7,4,18,,1,39,2,,5,1,3,7,2,332,332,332,5,21,16,2.0,4.0,,,,,,,,113.0,2.0,11.0,3.0,0.0,2,,,,,,,,1.0,1.0,2.0,13526.0192,3283.8642,0,0,,,0,0,4782,5,1.0,,,,,,3326.956,6770.0,5320.0,-1,,,,,2.0,1.0,62019.0,2010,601,598,0,0,0,0,0,12.0,17.0,31.0,2010,1.0,1,8,2,8600,86001,1,21,36,35620,47,1.0,1.0,,7,4,19,,1,40,2,,1,3,7,2,332,332,332,5,21,16,2.0,7.0,,,,,,,,,,1.0,,,2,,,,,,,,1.0,1.0,2.0,11763.1989,2974.9304,0,0,,,0,0,14741,5,,,2.0,,,,2928.546,,,-1,,,,,2.0,1.0,61688.0,2011,613,598,0,0,0,0,0,13.0,,,2011,MIS4_to_MIS8,new_york,0,2010-2011,0,1,0,0,retention
163214078902391,2,1.0,7,4,2,8600,86001,1,1,21,36,35620,81,1.0,1.0,,7,2,53,,2,39,2,,1,0,0,5,2,57,57,57,1,0,0,1.0,1.0,,40.0,,40.0,,,,,,2.0,3.0,0.0,1,2.0,1.0,1.0,1235.0,769.23,1.0,,,,,11293.4119,2934.094,0,0,0.0,1.0,0,0,61931,1,1.0,,,,,,2975.7689,9470.0,3850.0,-1,,,,,,,62115.0,2010,601,598,0,0,0,0,0,12.0,12.0,51.0,2010,1.0,7,8,2,8600,86001,1,21,36,35620,81,1.0,1.0,,7,2,54,,2,39,2,,0,0,5,2,57,57,57,1,0,0,1.0,1.0,,40.0,,40.0,,,,,,2.0,3.0,0.0,1,2.0,1.0,1.0,1017.0,480.76,1.0,,,,,20167.0319,4977.8224,0,0,0.0,0.0,0,0,2097,1,1.0,,,,,,4946.8029,7860.0,3930.0,-1,,,,,,,61781.0,2011,613,598,0,0,0,0,0,12.0,12.0,40.0,2011,MIS4_to_MIS8,new_york,0,2010-2011,1,0,0,0,retention
393908305033649,2,2.0,1,4,2,8600,86001,1,1,21,36,35620,81,1.0,1.0,,7,1,73,2.0,1,46,1,,1,1,1,1,2,57,119,119,1,0,0,3.0,2.0,4.0,-4.0,,,,,,,,5.0,3.0,0.0,1,2.0,,1.0,4500.0,360.0,1.0,,,,,10743.919,2861.9482,0,0,0.0,0.0,0,0,58710,1,,,,,,,2864.4531,7860.0,3060.0,-1,,,,,,,62195.0,2010,601,598,0,0,0,0,0,18.0,10.0,40.0,2010,2.0,1,8,2,8600,86001,1,21,36,35620,81,1.0,1.0,,7,1,72,2.0,1,46,1,,1,1,1,2,57,119,119,1,0,0,2.0,2.0,14.0,20.0,,,,,,,,10.0,5.0,0.0,1,2.0,2.0,2.0,,1730.0,2.0,2.0,,,,12100.8687,2994.3715,0,0,1.0,,0,42,39960,1,,,,,,,2921.4375,8180.0,3060.0,-1,,,,,,,61862.0,2011,613,598,0,0,0,0,0,18.0,10.0,42.0,2011,MIS4_to_MIS8,new_york,0,2010-2011,0,1,0,1,retention
393908305033649,2,2.0,1,4,2,8600,86001,1,1,21,36,35620,81,1.0,1.0,,7,3,69,1.0,2,43,1,,2,1,2,1,2,57,57,57,1,0,0,1.0,2.0,4.0,16.0,,,,,,,,10.0,3.0,0.0,1,2.0,,1.0,9000.0,1440.0,2.0,2.0,,,,14060.6447,3405.3697,0,0,0.0,0.0,0,0,58710,2,,,,1.0,1.0,,3424.3617,7860.0,3150.0,-1,,,,,,,62196.0,2010,601,598,0,0,0,0,0,18.0,10.0,40.0,2010,2.0,1,8,2,8600,86001,1,21,36,35620,81,1.0,1.0,,7,3,69,1.0,2,43,1,,1,2,1,2,57,57,57,1,0,0,1.0,5.0,,,,,,,,,,1.0,,,2,,,,,,,,,,,14668.6804,3665.5079,0,0,,,0,0,39960,2,,,,2.0,,,3627.0064,,,-1,,,,,,,61863.0,2011,613,598,0,0,0,0,0,16.0,,,2011,MIS4_to_MIS8,new_york,0,2010-2011,0,1,0,0,retention
396958400045649,2,2.0,1,4,2,8600,86001,1,1,21,36,35620,5,1.0,1.0,,7,3,55,1.0,2,42,2,,2,1,2,1,2,462,462,462,4,0,9,3.0,1.0,,35.0,,35.0,,,,,,2.0,3.0,0.0,1,2.0,,1.0,1408.0,492.8,1.0,,,,,17165.5793,3812.3922,0,0,1.0,1.0,0,42,55602,2,,,3.0,,,,3866.5421,7680.0,3920.0,-1,,,,,,,62219.0,2010,601,598,0,0,0,0,0,14.0,12.0,38.0,2010,3.0,1,8,2,8600,86001,1,21,36,35620,5,1.0,1.0,,7,3,56,1.0,2,42,2,,1,2,1,2,462,462,462,4,0,9,2.0,7.0,,,,,,1.0,,,,1.0,4.0,0.0,2,,,,,,,,,,,14078.5003,3631.586,0,0,,,0,0,54993,2,,,3.0,,,,3651.9375,8180.0,3645.0,-1,,,,,,,61889.0,2011,613,598,0,0,0,0,0,14.0,11.0,42.0,2011,MIS4_to_MIS8,new_york,0,2010-2011,0,1,0,1,retention
396958400045649,2,2.0,1,4,2,8600,86001,1,1,21,36,35620,5,1.0,1.0,,7,4,31,,2,35,2,,3,1,3,7,2,57,462,462,1,0,0,2.0,1.0,,36.0,,36.0,,,,,,2.0,3.0,0.0,1,2.0,,1.0,1075.0,387.0,1.0,,,,,10537.3134,2600.804,0,0,1.0,1.0,0,42,55602,3,,,,,,,2654.8584,8370.0,3600.0,-1,,,,,2.0,1.0,62221.0,2010,601,598,0,0,0,0,0,9.0,11.0,43.0,2010,3.0,1,8,2,8600,86001,1,21,36,35620,5,1.0,1.0,,7,4,32,,2,35,2,,1,3,7,2,57,462,462,1,0,0,1.0,1.0,,40.0,,40.0,,,,,,2.0,4.0,0.0,1,1.0,,1.0,1400.0,598.46,2.0,2.0,,,,13532.8996,3156.4214,0,0,1.0,1.0,0,42,54993,3,,,,,,,3200.4557,5070.0,4700.0,-1,,,,,2.0,1.0,61891.0,2011,613,598,0,0,0,0,0,9.0,16.0,22.0,2011,MIS4_to_MIS8,new_york,0,2010-2011,0,1,0,1,retention
408903963798736,2,1.0,4,4,2,8600,86001,1,1,21,36,35620,5,1.0,1.0,,7,14,44,,1,39,1,2.0,3,0,0,5,2,73,73,73,2,0,4,2.0,4.0,,,,,,,,44.0,5.0,11.0,3.0,0.0,2,,,,,,,,,,,18121.3671,4117.0141,0,0,,,0,0,48549,3,2.0,8.0,,,,,4171.546,7070.0,2340.0,-1,,,,,,,62242.0,2010,601,598,0,0,0,0,0,12.0,8.0,34.0,2010,1.0,4,8,2,8600,86001,1,21,36,35620,5,1.0,1.0,,7,14,45,,1,35,1,2.0,0,0,5,2,73,73,73,2,0,4,2.0,7.0,,,,,,2.0,,,,1.0,,,2,,,,,,,,,,,11311.0722,2849.1935,0,0,,,0,0,54992,3,,,,,,,2819.2581,,,-1,,,,,,,61908.0,2011,613,598,0,0,0,0,0,9.0,,,2011,MIS4_to_MIS8,new_york,0,2010-2011,0,1,0,0,retention
508909943999856,2,1.0,1,4,2,8600,86001,1,1,21,36,35620,85,1.0,1.0,,7,1,55,2.0,2,43,1,,1,1,1,1,2,57,57,57,1,0,0,1.0,1.0,,40.0,,40.0,,,,,,2.0,3.0,0.0,1,2.0,2.0,2.0,,830.76,1.0,,,,,12035.4689,2949.966,4,1,0.0,,0,0,18253,1,,,,1.0,1.0,,2963.9486,7860.0,5700.0,-1,,,,,,,62310.0,2010,601,598,0,0,0,1,0,18.0,17.0,40.0,2010,1.0,1,8,2,8600,86001,1,21,36,35620,85,1.0,1.0,,7,1,56,2.0,2,43,1,,1,1,1,2,57,57,57,1,0,0,3.0,1.0,,40.0,,40.0,,,,,,2.0,3.0,0.0,1,2.0,1.0,1.0,1200.0,961.53,1.0,,,,,14244.2123,3598.3634,4,1,0.0,1.0,0,0,5971,1,,,,1.0,1.0,,3638.4809,7860.0,5700.0,-1,,,,,,,61966.0,2011,613,598,0,0,0,1,0,18.0,17.0,40.0,2011,MIS4_to_MIS8,new_york,0,2010-2011,1,0,0,0,retention
508909943999856,2,1.0,1,4,2,8600,86001,1,1,21,36,35620,85,1.0,1.0,,7,3,56,1.0,1,39,1,,2,1,2,1,2,57,57,57,1,0,0,2.0,1.0,,40.0,,40.0,,,,,,2.0,3.0,0.0,1,2.0,1.0,1.0,4300.0,1596.15,2.0,1.0,,,,10959.2766,2785.6701,4,1,0.0,0.0,0,0,18253,2,1.0,,,,,,2826.5045,7860.0,6440.0,-1,,,,,,,62311.0,2010,601,598,0,0,0,1,0,12.0,19.0,40.0,2010,1.0,1,8,2,8600,86001,1,21,36,35620,85,1.0,1.0,,7,3,56,1.0,1,39,1,,1,2,1,2,57,57,57,1,0,0,2.0,1.0,,40.0,,40.0,,,,,,2.0,3.0,0.0,1,2.0,1.0,1.0,3500.0,1730.76,1.0,,,,,12590.6817,2883.1716,4,1,0.0,1.0,0,0,5971,2,1.0,,,,,,2925.4591,7860.0,6440.0,-1,,,,,,,61967.0,2011,613,598,0,0,0,1,0,12.0,19.0,40.0,2011,MIS4_to_MIS8,new_york,0,2010-2011,1,0,0,0,retention
508909943999856,2,1.0,1,4,2,8600,86001,1,1,21,36,35620,85,1.0,1.0,,7,4,21,,2,40,1,,4,1,3,7,2,57,57,57,1,0,0,2.0,1.0,,40.0,,40.0,,,,,,2.0,3.0,0.0,1,2.0,,1.0,1500.0,600.0,1.0,,2.0,,,13985.2089,3375.3529,0,0,1.0,1.0,0,42,18253,4,,,2.0,,,,3480.4393,9470.0,3400.0,-1,,,,,1.0,2.0,62313.0,2010,601,598,0,0,0,0,0,13.0,10.0,51.0,2010,1.0,1,8,2,8600,86001,1,21,36,35620,85,1.0,1.0,,7,4,22,,2,39,1,,1,3,7,2,57,57,57,1,0,0,2.0,2.0,5.0,40.0,,,,,,,,5.0,3.0,0.0,1,2.0,1.0,1.0,1200.0,350.0,1.0,,2.0,,,14102.2741,3341.3106,0,0,1.0,1.0,0,0,5971,4,1.0,,,,,,3338.7994,9470.0,3400.0,-1,,,,,1.0,2.0,61969.0,2011,613,598,0,0,0,0,0,12.0,10.0,51.0,2011,MIS4_to_MIS8,new_york,0,2010-2011,1,0,0,0,retention
508909943999856,2,1.0,1,4,2,8600,86001,1,1,21,36,35620,85,1.0,1.0,,7,4,24,,1,43,1,,3,1,3,7,2,57,57,57,1,0,0,2.0,1.0,,40.0,,40.0,,,,,,2.0,3.0,0.0,1,2.0,,1.0,1300.0,520.0,1.0,,2.0,,,17764.6369,4318.5338,0,0,1.0,1.0,0,42,18253,3,,,,2.0,,,4290.4953,9470.0,3850.0,-1,,,,,1.0,2.0,62314.0,2010,601,598,0,0,0,0,0,16.0,12.0,51.0,2010,1.0,1,8,2,8600,86001,1,21,36,35620,85,1.0,1.0,,7,4,25,,1,43,1,,1,3,7,2,57,57,57,1,0,0,2.0,1.0,,40.0,,50.0,,,,,,2.0,3.0,0.0,1,1.0,1.0,1.0,720.0,380.0,1.0,,,,,13368.4013,3342.4799,0,0,1.0,1.0,0,0,5971,3,,,,2.0,,,3367.448,9470.0,3850.0,-1,,,,,1.0,2.0,61970.0,2011,613,598,0,0,0,0,0,16.0,12.0,51.0,2011,MIS4_to_MIS8,new_york,0,2010-2011,1,0,0,0,retention
510162007838940,2,2.0,1,4,2,8600,86001,1,1,21,36,35620,81,1.0,1.0,,7,1,53,2.0,1,39,1,,1,1,1,1,2,57,140,140,1,0,0,2.0,1.0,,40.0,,60.0,,,,,,2.0,3.0,0.0,1,1.0,2.0,2.0,,1538.46,1.0,,,,,12159.1826,3079.9348,0,0,0.0,,0,0,40471,1,2.0,6.0,,,,,3103.0252,7790.0,9130.0,-1,,,,,,,62315.0,2010,601,598,0,0,0,0,0,10.0,22.0,39.0,2010,1.0,1,8,2,8600,86001,1,21,36,35620,81,1.0,1.0,,7,1,54,2.0,1,39,1,,1,1,1,2,119,119,119,4,0,4,1.0,1.0,,40.0,,64.0,,,,,,2.0,1.0,0.0,1,1.0,2.0,2.0,,1250.0,1.0,,,,,12862.4329,3123.6174,0,0,0.0,,0,0,14946,1,2.0,6.0,,,,,3169.8983,7790.0,9720.0,-1,,,,,,,61971.0,2011,613,598,0,0,0,0,0,10.0,22.0,39.0,2011,MIS4_to_MIS8,new_york,0,2010-2011,0,1,1,0,retention
563033008907090,2,1.0,1,4,2,8600,86001,1,1,21,36,35620,81,1.0,1.0,,7,1,42,2.0,2,43,1,,1,1,1,1,2,100,100,100,4,0,16,1.0,1.0,,14.0,,28.0,,,14.0,,,6.0,3.0,0.0,1,2.0,2.0,2.0,,250.0,2.0,2.0,,,,10952.1268,2718.6204,10,2,0.0,,0,0,28316,1,,,,1.0,1.0,,2757.0901,7860.0,2320.0,-1,,,,,,,62335.0,2010,601,598,0,0,1,1,0,18.0,8.0,40.0,2010,2.0,1,8,2,8600,86001,1,21,36,35620,81,1.0,1.0,,7,1,43,2.0,2,43,1,,1,1,1,2,100,100,100,4,0,16,2.0,3.0,,,,,17.0,,,17.0,1.0,12.0,3.0,0.0,2,,,,,,,,,,,10766.8312,2965.9029,10,2,,,0,0,2099,1,,,,1.0,1.0,,2741.2232,7860.0,2320.0,-1,,,,,,,61991.0,2011,613,598,0,0,1,1,0,18.0,8.0,40.0,2011,MIS4_to_MIS8,new_york,0,2010-2011,1,0,0,0,retention
945046037389280,2,1.0,6,4,2,8600,86001,1,1,21,36,35620,61,1.0,1.0,,7,2,60,,1,44,1,,1,0,0,7,2,57,57,57,1,0,0,1.0,1.0,,35.0,,35.0,,,,,,2.0,3.0,0.0,1,2.0,2.0,2.0,,1657.14,1.0,,,,,11749.8148,2728.1349,0,0,0.0,,0,0,40408,1,,,,,,2.0,2730.8911,7860.0,2320.0,-1,,,,,,,62657.0,2010,601,598,0,0,0,0,0,18.0,8.0,40.0,2010,1.0,6,8,2,8600,86001,1,21,36,35620,61,1.0,1.0,,7,2,61,,1,44,1,,0,0,7,2,57,57,57,1,0,0,1.0,1.0,,35.0,,35.0,,,,,,2.0,3.0,0.0,1,2.0,2.0,2.0,,1338.46,1.0,,,,,12815.0086,3044.681,0,0,0.0,,0,0,60563,1,,,,,,2.0,3037.744,7860.0,2310.0,-1,,,,,,,62270.0,2011,613,598,0,0,0,0,0,18.0,8.0,40.0,2011,MIS4_to_MIS8,new_york,0,2010-2011,1,0,0,0,retention
970064097438149,2,2.0,1,4,2,8600,86001,1,1,21,36,35620,81,1.0,1.0,,7,1,38,6.0,2,42,1,4.0,1,1,1,1,2,365,365,365,4,0,7,2.0,1.0,,45.0,,45.0,,,,,,2.0,3.0,0.0,1,1.0,2.0,2.0,,730.0,1.0,,,,,9003.1852,2247.6846,3,3,1.0,,0,0,55729,1,,,3.0,,,,2266.4632,9480.0,5250.0,-1,,,,,,,62699.0,2010,601,598,0,0,1,0,0,14.0,17.0,51.0,2010,1.0,1,8,2,8600,86001,1,21,36,35620,81,1.0,1.0,,7,1,39,6.0,2,42,1,4.0,1,1,1,2,365,365,365,4,0,7,1.0,1.0,,35.0,,35.0,,,,,,2.0,3.0,0.0,1,2.0,1.0,1.0,1350.0,700.0,1.0,,,,,9242.7898,2306.1003,10,3,0.0,1.0,0,0,2095,1,,,3.0,,,,2318.3009,9480.0,5310.0,-1,,,,,,,62308.0,2011,613,598,0,0,1,1,0,14.0,17.0,51.0,2011,MIS4_to_MIS8,new_york,0,2010-2011,1,0,0,0,retention
9933860958994,2,1.0,1,4,2,8600,86001,1,1,21,36,15380,0,2.0,1.0,,5,1,46,2.0,2,39,1,,1,1,1,1,2,57,57,57,1,0,0,1.0,1.0,,40.0,,40.0,,,,,,2.0,3.0,0.0,1,1.0,2.0,2.0,,1976.74,1.0,,,,,12444.2666,3155.5239,3,1,0.0,,0,0,28040,1,1.0,,,,,,3163.6738,7860.0,3230.0,-1,,,,,,,62734.0,2010,601,598,0,0,1,0,0,12.0,10.0,40.0,2010,1.0,1,8,2,8600,86001,1,21,36,15380,0,2.0,1.0,,5,1,47,2.0,2,44,1,,1,1,1,2,57,57,57,1,0,0,1.0,1.0,,40.0,,40.0,,,,,,2.0,3.0,0.0,1,2.0,2.0,2.0,,1976.74,1.0,,,,,12769.2898,3171.853,3,1,0.0,,0,0,39759,1,,,,,,2.0,3237.3516,7860.0,3230.0,-1,,,,,,,62341.0,2011,613,598,0,0,1,0,0,18.0,10.0,40.0,2011,MIS4_to_MIS8,new_york,0,2010-2011,1,0,0,0,retention
12313860969894,2,1.0,1,4,2,8600,86001,1,1,21,36,40380,55,2.0,1.0,,5,4,21,,2,40,1,,3,1,3,7,2,57,57,57,1,0,0,2.0,1.0,,11.0,,18.0,,,20.0,,,7.0,2.0,0.0,1,2.0,,1.0,1000.0,110.0,2.0,2.0,1.0,1.0,2.0,16554.3151,4000.2664,0,0,1.0,1.0,0,42,31929,3,,,3.0,,,,4119.8018,7870.0,2430.0,4110,,,,,1.0,1.0,62745.0,2010,601,598,0,0,0,0,0,14.0,8.0,40.0,2010,1.0,4,8,2,8600,86001,1,21,36,40380,55,2.0,1.0,,5,4,22,,2,40,1,,1,3,7,2,57,57,57,1,0,0,2.0,1.0,,10.0,,20.0,,,20.0,,,7.0,4.0,0.0,1,2.0,,1.0,740.0,74.0,2.0,2.0,1.0,1.0,2.0,14804.5248,3492.8612,0,0,0.0,0.0,0,0,48168,3,,,2.0,,,,3505.0616,8680.0,4220.0,2340,,,,,1.0,,62354.0,2011,613,598,0,0,0,0,0,13.0,14.0,46.0,2011,MIS4_to_MIS8,new_york,0,2010-2011,0,1,0,1,retention
34056179380480,2,1.0,1,4,2,8600,86001,1,1,21,36,15380,0,2.0,1.0,,5,1,56,2.0,2,44,2,,1,1,1,1,2,57,57,57,1,0,0,1.0,1.0,,50.0,4.0,32.0,,,4.0,,,4.0,2.0,0.0,1,2.0,2.0,2.0,,1961.53,1.0,,,,,15895.5056,3534.6053,0,0,0.0,,0,0,64013,1,,,,,,1.0,3580.4583,7870.0,2000.0,-1,,,,,,,62759.0,2010,601,598,0,0,0,0,0,17.0,6.0,40.0,2010,1.0,1,8,2,8600,86001,1,21,36,15380,0,2.0,1.0,,5,1,57,2.0,2,44,2,,1,1,1,2,57,57,57,1,0,0,1.0,1.0,,40.0,,40.0,,,,,,2.0,2.0,0.0,1,2.0,2.0,2.0,,507.0,1.0,,,,,14106.344,3317.9167,0,0,1.0,,0,0,48111,1,,,,,,1.0,3311.2465,7870.0,2000.0,-1,,,,,,,62376.0,2011,613,598,0,0,0,0,0,17.0,6.0,40.0,2011,MIS4_to_MIS8,new_york,0,2010-2011,1,0,0,0,retention
51773860984192,2,1.0,1,4,2,8600,86001,1,1,21,36,35620,103,2.0,1.0,,7,1,54,2.0,1,45,1,,1,1,1,1,2,57,57,57,1,0,0,1.0,1.0,,40.0,,40.0,,,,,,2.0,3.0,0.0,1,2.0,,1.0,5200.0,2080.0,2.0,2.0,,,,11840.2637,3002.797,4,1,1.0,1.0,0,42,28400,1,,,,,,,3021.6371,9470.0,2100.0,-1,,,,,,,62780.0,2010,601,598,0,0,0,1,0,18.0,7.0,51.0,2010,1.0,1,8,2,8600,86001,1,21,36,35620,103,2.0,1.0,,7,1,55,2.0,1,45,1,,1,1,1,2,57,57,57,1,0,0,1.0,1.0,,40.0,6.0,32.0,,,6.0,,,4.0,2.0,0.0,1,2.0,2.0,2.0,,2875.0,2.0,2.0,,,,13356.1976,3045.5326,0,0,0.0,,0,0,40015,1,,,,,,,3103.3276,9470.0,2100.0,-1,,,,,,,62400.0,2011,613,598,0,0,0,0,0,18.0,7.0,51.0,2011,MIS4_to_MIS8,new_york,0,2010-2011,1,0,0,0,retention
51773860984192,2,1.0,1,4,2,8600,86001,1,1,21,36,35620,103,2.0,1.0,,7,3,51,1.0,2,44,1,,2,1,2,1,2,57,57,57,1,0,0,2.0,1.0,,40.0,10.0,32.0,,,10.0,,,4.0,3.0,0.0,1,2.0,2.0,2.0,,1326.0,1.0,,,,,12476.8497,3108.8843,4,1,1.0,,0,42,28400,2,,,,,,2.0,3171.9573,7860.0,2330.0,-1,,,,,,,62781.0,2010,601,598,0,0,0,1,0,18.0,8.0,40.0,2010,1.0,1,8,2,8600,86001,1,21,36,35620,103,2.0,1.0,,7,3,52,1.0,2,44,1,,1,2,1,2,57,57,57,1,0,0,2.0,2.0,5.0,40.0,,,,,,,,5.0,3.0,0.0,1,2.0,2.0,2.0,,2153.84,1.0,,,,,12851.8319,3187.2065,0,0,0.0,,0,0,40015,2,,,,,,2.0,3258.2782,7860.0,2330.0,-1,,,,,,,62401.0,2011,613,598,0,0,0,0,0,18.0,8.0,40.0,2011,MIS4_to_MIS8,new_york,0,2010-2011,1,0,0,0,retention
79413860987994,2,1.0,1,4,2,8600,86001,1,1,21,36,45060,0,2.0,1.0,,4,4,22,,2,40,1,,3,1,3,7,2,57,57,57,1,0,0,2.0,1.0,,15.0,,15.0,,,20.0,,,7.0,2.0,0.0,1,2.0,,1.0,800.0,120.0,2.0,2.0,1.0,1.0,2.0,16554.3151,4000.2664,0,0,0.0,0.0,0,0,1522,3,,,5.0,,,,4119.8018,7870.0,4620.0,-1,,,,,1.0,1.0,62807.0,2010,601,598,0,0,0,0,0,16.0,15.0,40.0,2010,1.0,1,8,2,8600,86001,1,21,36,45060,0,2.0,1.0,,4,4,23,,2,43,1,,1,3,7,2,57,57,57,1,0,0,2.0,4.0,,,,,,,,3.0,5.0,11.0,2.0,0.0,2,,,,,,,,2.0,,,11374.4658,3492.8612,0,0,,,0,0,28446,3,,,,2.0,,,3390.6949,7860.0,2320.0,-1,,,,,1.0,1.0,62426.0,2011,613,598,0,0,0,0,0,16.0,8.0,40.0,2011,MIS4_to_MIS8,new_york,0,2010-2011,1,0,0,0,retention
188392219600794,2,1.0,1,4,2,8600,86001,1,1,21,36,10580,0,2.0,1.0,,4,3,42,1.0,1,41,1,,2,1,2,1,2,57,57,57,1,0,0,2.0,1.0,,-4.0,,46.0,,,,,,2.0,3.0,0.0,1,1.0,2.0,2.0,,1153.84,1.0,,,,,12799.6761,3251.336,0,0,0.0,,0,0,60809,2,,,3.0,,,,3283.9057,770.0,7220.0,-1,3.0,,,,,,62853.0,2010,601,598,0,0,0,0,0,14.0,20.0,4.0,2010,1.0,1,8,2,8600,86001,1,21,36,10580,0,2.0,1.0,,4,3,43,1.0,1,39,1,,1,2,1,2,57,57,57,1,0,0,2.0,1.0,,-4.0,,50.0,,,,,,2.0,3.0,0.0,1,1.0,,1.0,1800.0,792.0,1.0,,,,,13252.889,3329.9754,0,0,0.0,0.0,0,0,58402,2,1.0,,,,,,3413.3055,770.0,7220.0,-1,3.0,,,,,,62496.0,2011,613,598,0,0,0,0,0,12.0,20.0,4.0,2011,MIS4_to_MIS8,new_york,0,2010-2011,1,0,0,0,retention
363220058907696,2,1.0,1,4,2,8600,86001,1,1,21,36,40380,55,2.0,1.0,,5,3,45,1.0,1,41,1,,2,1,2,1,2,57,57,57,1,0,0,2.0,1.0,,40.0,,40.0,,,,,,2.0,3.0,0.0,1,2.0,1.0,1.0,1000.0,1538.46,1.0,,,,,10800.7475,2729.6826,0,0,0.0,1.0,0,0,28150,2,,,3.0,,,,2756.3524,9470.0,3850.0,-1,2.0,,,,,,62898.0,2010,601,598,0,0,0,0,0,14.0,12.0,51.0,2010,2.0,1,8,2,8600,86001,1,21,36,40380,55,2.0,1.0,,5,3,46,1.0,1,41,1,,1,2,1,2,57,57,57,1,0,0,1.0,1.0,,-4.0,,45.0,,,,,,2.0,3.0,0.0,1,2.0,2.0,1.0,2000.0,900.0,1.0,,,,,12971.0826,3117.1253,0,0,1.0,1.0,0,42,58295,2,,,3.0,,,,3196.6746,9470.0,3850.0,-1,2.0,,,,,,62537.0,2011,613,598,0,0,0,0,0,14.0,12.0,51.0,2011,MIS4_to_MIS8,new_york,0,2010-2011,1,0,0,0,retention
550869093138509,2,1.0,1,4,2,8600,86001,1,1,21,36,10580,0,2.0,1.0,,4,3,32,1.0,2,44,1,,2,1,2,1,2,57,57,57,1,0,0,2.0,1.0,,40.0,,40.0,,,,,,2.0,3.0,0.0,1,2.0,2.0,2.0,,884.61,1.0,,,,,13528.4343,3396.0845,1,1,0.0,,0,0,1537,2,,,,,,2.0,3407.1443,7860.0,2430.0,-1,,,,,,,62984.0,2010,601,598,1,0,0,0,1,18.0,8.0,40.0,2010,2.0,1,8,2,8600,86001,1,21,36,10580,0,2.0,1.0,,4,3,33,1.0,2,44,1,,1,2,1,2,57,57,57,1,0,0,1.0,2.0,8.0,0.0,,,,,,,,10.0,3.0,0.0,1,2.0,2.0,2.0,,769.23,1.0,,,,,14664.7939,3631.1095,1,2,0.0,,0,0,5973,2,,,,,,2.0,3677.5723,7860.0,2430.0,-1,,,,,,,62627.0,2011,613,598,1,0,0,0,1,18.0,8.0,40.0,2011,MIS4_to_MIS8,new_york,0,2010-2011,1,0,0,0,retention
830609909131342,2,1.0,1,4,2,8600,86001,1,1,21,36,35620,119,2.0,1.0,,7,3,56,1.0,2,33,2,,2,1,2,1,2,333,333,333,5,0,19,2.0,1.0,,40.0,,40.0,,,,,,2.0,3.0,0.0,1,2.0,2.0,2.0,,369.0,1.0,,,,,16342.1934,3633.933,0,0,1.0,,0,0,48777,2,,,,,,,3681.0746,8190.0,4140.0,-1,,,,,,,63151.0,2010,601,598,0,0,0,0,0,5.5,13.0,41.0,2010,1.0,1,8,2,8600,86001,1,21,36,35620,119,2.0,1.0,,7,3,58,1.0,2,33,2,,1,2,1,2,333,333,333,5,0,19,2.0,1.0,,40.0,,40.0,,,,,,2.0,4.0,0.0,1,2.0,2.0,2.0,,300.0,1.0,,,,,14858.6008,3494.8531,0,0,1.0,,0,0,40041,2,,,,,,,3487.8272,8190.0,3600.0,-1,,,,,,,62792.0,2011,613,598,0,0,0,0,0,5.5,11.0,41.0,2011,MIS4_to_MIS8,new_york,0,2010-2011,0,1,0,1,retention
830609942571792,2,1.0,4,4,2,8600,86001,1,1,21,36,15380,0,2.0,1.0,,5,1,48,,2,40,1,,1,1,1,5,2,57,57,57,1,0,0,1.0,1.0,,32.0,,18.0,,,23.0,,,7.0,3.0,0.0,1,2.0,2.0,2.0,,300.0,1.0,,,,,12444.2666,3155.5239,0,0,0.0,,0,0,28233,1,,,3.0,,,,3163.6738,7860.0,2540.0,-1,,,,,,,63152.0,2010,601,598,0,0,0,0,0,14.0,8.0,40.0,2010,1.0,4,8,2,8600,86001,1,21,36,15380,0,2.0,1.0,,5,1,48,,2,40,1,,1,1,5,2,57,57,57,1,0,0,1.0,1.0,,36.0,,36.0,,,,,,2.0,4.0,0.0,1,2.0,2.0,2.0,,340.0,1.0,,,,,12769.2898,3171.853,0,0,0.0,,0,0,2014,1,,,2.0,,,,3237.3516,7860.0,2540.0,-1,,,,,,,62793.0,2011,613,598,0,0,0,0,0,13.0,8.0,40.0,2011,MIS4_to_MIS8,new_york,0,2010-2011,0,1,0,1,retention
830609942571792,2,1.0,4,4,2,8600,86001,1,1,21,36,15380,0,2.0,1.0,,5,4,18,,1,39,1,,3,1,3,7,2,57,57,57,1,0,0,2.0,7.0,,,,,,,,,,1.0,3.0,0.0,2,,,,,,,,1.0,1.0,2.0,15370.1444,3910.2081,0,0,,,0,0,28233,3,1.0,,,,,,3903.9204,7860.0,4220.0,-1,,,,,1.0,,63153.0,2010,601,598,0,0,0,0,0,12.0,14.0,40.0,2010,1.0,4,8,2,8600,86001,1,21,36,15380,0,2.0,1.0,,5,4,19,,1,40,1,,1,3,7,2,57,57,57,1,0,0,2.0,7.0,,,,,,,,,,1.0,3.0,0.0,2,,,,,,,,1.0,1.0,2.0,13068.2113,3496.7015,0,0,,,0,0,2014,3,,,2.0,,,,3358.5757,7860.0,4220.0,-1,,,,,1.0,,62794.0,2011,613,598,0,0,0,0,0,13.0,14.0,40.0,2011,MIS4_to_MIS8,new_york,0,2010-2011,1,0,0,0,retention
830609956223076,2,1.0,1,4,2,8600,86001,1,1,21,36,40380,55,2.0,1.0,,5,3,46,1.0,2,44,1,,2,1,2,1,2,57,57,57,1,0,0,2.0,1.0,,52.0,,52.0,,,,,,2.0,3.0,0.0,1,2.0,2.0,2.0,,1153.84,1.0,,,,,12444.2666,3155.5239,3,1,0.0,,0,0,64027,2,,,,,,2.0,3163.6738,7860.0,2310.0,-1,,,,,,,63159.0,2010,601,598,0,0,1,0,0,18.0,8.0,40.0,2010,1.0,1,8,2,8600,86001,1,21,36,40380,55,2.0,1.0,,5,3,47,1.0,2,44,1,,1,2,1,2,57,57,57,1,0,0,2.0,1.0,,50.0,,50.0,,,,,,2.0,3.0,0.0,1,2.0,2.0,2.0,,1403.84,2.0,2.0,,,,12769.2898,3171.853,3,1,0.0,,0,0,39817,2,,,,,,2.0,3237.3516,7860.0,3230.0,-1,,,,,,,62799.0,2011,613,598,0,0,1,0,0,18.0,10.0,40.0,2011,MIS4_to_MIS8,new_york,0,2010-2011,1,0,0,0,retention
830609958036792,2,2.0,1,4,2,8600,86001,1,1,21,36,35620,103,2.0,1.0,,7,3,39,1.0,2,43,1,4.0,2,1,2,1,2,312,312,312,5,0,16,2.0,1.0,,40.0,10.0,32.0,,,10.0,,,4.0,2.0,0.0,1,2.0,2.0,2.0,,1020.4,2.0,2.0,,,,10956.5656,2738.6788,8,2,0.0,,0,0,18261,2,,,,2.0,,,2758.2075,6990.0,4810.0,-1,,,,,,,63162.0,2010,601,598,0,1,1,0,1,16.0,16.0,33.0,2010,1.0,1,8,2,8600,86001,1,21,36,35620,103,2.0,1.0,,7,3,40,1.0,2,44,1,4.0,1,2,1,2,312,312,312,5,0,16,2.0,1.0,,40.0,,40.0,,,,,,2.0,4.0,0.0,1,2.0,2.0,2.0,,769.0,2.0,2.0,,,,12509.224,3083.3903,8,2,1.0,,0,42,5987,2,,,,,,3.0,3137.5965,8180.0,5260.0,-1,,,,,,,62802.0,2011,613,598,0,1,1,0,1,18.0,17.0,42.0,2011,MIS4_to_MIS8,new_york,0,2010-2011,0,1,0,1,retention
989036529389360,2,1.0,4,4,2,8600,86001,1,1,21,36,35620,103,2.0,1.0,,7,1,33,,2,40,2,,1,1,1,7,2,57,57,57,1,0,0,1.0,1.0,,40.0,5.0,24.0,,,5.0,,,4.0,2.0,0.0,1,2.0,1.0,1.0,1240.0,480.76,2.0,2.0,,,,11419.1501,2821.8828,10,2,0.0,0.0,0,0,42653,1,,,2.0,,,,2877.0356,8190.0,5810.0,-1,,,,,,,63261.0,2010,601,598,0,0,1,1,0,13.0,17.0,41.0,2010,4.0,4,8,2,8600,86001,1,21,36,35620,103,2.0,1.0,,7,1,34,,2,39,2,,1,1,7,2,57,57,57,1,0,0,2.0,1.0,,40.0,,40.0,,,,,,2.0,2.0,0.0,1,1.0,,1.0,730.0,352.0,1.0,,,,,13126.3972,3048.6589,10,2,1.0,1.0,0,42,60604,1,1.0,,,,,,3104.3201,9370.0,4520.0,-1,,,,,,,62893.0,2011,613,598,0,0,1,1,0,12.0,15.0,51.0,2011,MIS4_to_MIS8,new_york,0,2010-2011,1,0,0,0,retention
11743860984895,2,2.0,1,4,2,8600,86001,1,1,21,36,0,13,3.0,2.0,,0,3,42,1.0,2,40,1,,2,1,2,1,2,57,57,57,1,0,0,1.0,1.0,,38.0,,38.0,,,,,,2.0,3.0,0.0,1,2.0,,1.0,1425.0,541.5,1.0,,,,,12931.1541,3213.7705,10,2,0.0,0.0,0,0,60669,2,,,2.0,,,,3255.2907,7860.0,2540.0,-1,,,,,,,63281.0,2010,601,598,0,0,1,1,0,13.0,8.0,40.0,2010,2.0,1,8,2,8600,86001,1,21,36,0,13,3.0,2.0,,0,3,43,1.0,2,40,1,,1,2,1,2,57,57,57,1,0,0,1.0,1.0,,10.0,,10.0,,,20.0,,,7.0,4.0,0.0,1,1.0,1.0,1.0,950.0,250.0,2.0,2.0,,,,13057.8165,3229.1681,4,2,1.0,1.0,0,0,1833,2,,,3.0,,,,3275.196,8680.0,4110.0,-1,,,,,,,62917.0,2011,613,598,0,0,0,1,0,14.0,13.0,46.0,2011,MIS4_to_MIS8,new_york,0,2010-2011,0,1,0,1,retention
163803068909990,2,1.0,1,4,2,8600,86001,1,1,21,36,0,0,3.0,2.0,,0,3,49,1.0,2,39,1,,2,1,2,1,2,57,57,57,1,0,0,2.0,1.0,,30.0,,30.0,,,22.0,,,7.0,2.0,0.0,1,2.0,1.0,1.0,900.0,375.0,1.0,,,,,12412.6889,3147.5166,0,0,0.0,1.0,0,0,14074,2,1.0,,,,,,3155.6459,7860.0,4020.0,-1,,,,,,,63310.0,2010,601,598,0,0,0,0,0,12.0,13.0,40.0,2010,1.0,1,8,2,8600,86001,1,21,36,0,0,3.0,2.0,,0,3,49,1.0,2,39,1,,1,2,1,2,57,57,57,1,0,0,2.0,1.0,,37.0,,37.0,,,,,,2.0,2.0,0.0,1,2.0,1.0,1.0,1000.0,420.0,1.0,,,,,13299.5205,3303.5607,0,0,1.0,1.0,0,0,48302,2,1.0,,,,,,3371.779,7860.0,4010.0,-1,,,,,,,62944.0,2011,613,598,0,0,0,0,0,12.0,13.0,40.0,2011,MIS4_to_MIS8,new_york,0,2010-2011,1,0,0,0,retention
363662078909699,2,1.0,1,4,2,8600,86001,1,1,21,36,0,0,3.0,2.0,,0,3,38,1.0,1,46,1,,2,1,2,1,2,57,57,57,1,0,0,2.0,1.0,,25.0,,25.0,,,22.0,,,7.0,3.0,0.0,1,2.0,2.0,2.0,,1057.69,2.0,2.0,,,,13250.7895,3386.1891,5,2,0.0,,0,0,27987,2,,,,,,,3399.6441,9470.0,2100.0,-1,2.0,3.0,,,,,63320.0,2010,601,598,1,1,0,0,1,18.0,7.0,51.0,2010,1.0,1,8,2,8600,86001,1,21,36,0,0,3.0,2.0,,0,3,40,1.0,1,46,1,,1,2,1,2,57,57,57,1,0,0,2.0,1.0,,25.0,,15.0,,,18.0,,,7.0,3.0,0.0,1,2.0,2.0,2.0,,1100.0,2.0,2.0,,,,13803.2007,3468.2489,5,2,0.0,,0,0,14591,2,,,,,,,3555.0393,9470.0,2100.0,-1,2.0,3.0,,,,,62958.0,2011,613,598,1,1,0,0,1,18.0,7.0,51.0,2011,MIS4_to_MIS8,new_york,0,2010-2011,1,0,0,0,retention
810861095438479,2,1.0,1,4,2,8600,86001,1,1,21,36,0,13,3.0,2.0,,0,1,51,2.0,2,44,1,,1,1,1,1,2,57,57,57,1,0,0,1.0,1.0,,40.0,4.0,24.0,,,4.0,,,4.0,3.0,0.0,1,2.0,,1.0,2650.0,1060.0,1.0,,,,,12105.0199,3016.2347,4,1,0.0,0.0,0,0,1473,1,,,,,,2.0,3077.428,670.0,1720.0,-1,,,,,,,63406.0,2010,601,598,0,0,0,1,0,18.0,5.0,24.0,2010,1.0,1,8,2,8600,86001,1,21,36,0,13,3.0,2.0,,0,1,52,2.0,2,44,1,,1,1,1,2,57,57,57,1,0,0,1.0,1.0,,40.0,,40.0,,,,,,2.0,3.0,0.0,1,2.0,1.0,1.0,2632.0,1052.71,1.0,,,,,12707.8135,3151.4905,0,0,0.0,0.0,0,0,18787,1,,,,,,3.0,3221.7657,670.0,1720.0,-1,,,,,,,63042.0,2011,613,598,0,0,0,0,0,18.0,5.0,24.0,2011,MIS4_to_MIS8,new_york,0,2010-2011,1,0,0,0,retention
810861095438479,2,1.0,1,4,2,8600,86001,1,1,21,36,0,13,3.0,2.0,,0,3,64,1.0,1,39,1,,2,1,2,1,2,57,57,57,1,0,0,2.0,1.0,,25.0,,38.0,,,21.0,,,9.0,3.0,0.0,1,2.0,1.0,1.0,1900.0,525.0,1.0,,,,,10559.4691,2454.7336,4,1,0.0,0.0,0,0,1473,2,1.0,,,,,,2454.2311,7860.0,9120.0,-1,4.0,,,,,,63407.0,2010,601,598,0,0,0,1,0,12.0,22.0,40.0,2010,1.0,1,8,2,8600,86001,1,21,36,0,13,3.0,2.0,,0,3,65,1.0,1,39,1,,1,2,1,2,57,57,57,1,0,0,2.0,1.0,,40.0,,40.0,,,,,,2.0,3.0,0.0,1,2.0,,1.0,1200.0,480.0,1.0,,,,,13991.4147,3447.5448,0,0,1.0,1.0,0,0,18787,2,1.0,,,,,,3377.8603,7860.0,9120.0,-1,4.0,,,,,,63043.0,2011,613,598,0,0,0,0,0,12.0,22.0,40.0,2011,MIS4_to_MIS8,new_york,0,2010-2011,1,0,0,0,retention
830609960081399,2,1.0,1,4,2,8600,86001,1,1,21,36,0,0,3.0,2.0,,0,3,40,1.0,2,43,1,,2,1,2,1,2,57,57,57,1,0,0,2.0,1.0,,37.0,,37.0,,,,,,2.0,3.0,0.0,1,2.0,1.0,1.0,3300.0,1153.0,2.0,2.0,,,,12931.1541,3213.7705,8,3,1.0,1.0,0,0,60833,2,,,,2.0,,,3255.2907,9470.0,2020.0,-1,,,,,,,63417.0,2010,601,598,0,1,1,0,1,16.0,6.0,51.0,2010,2.0,4,8,2,8600,86001,1,21,36,0,0,3.0,2.0,,0,1,41,,2,43,1,,1,1,4,2,57,57,57,1,0,0,1.0,1.0,,37.0,,37.0,,,,,,2.0,3.0,0.0,1,2.0,1.0,1.0,3500.0,750.0,1.0,,,,,13057.8165,3229.1681,3,3,0.0,1.0,0,0,28614,2,,,,2.0,,,3275.196,9470.0,2015.0,-1,,,,,,,63052.0,2011,613,598,0,0,1,0,0,16.0,6.0,51.0,2011,MIS4_to_MIS8,new_york,0,2010-2011,1,0,0,0,retention
830609992216397,2,2.0,1,4,2,8600,86001,1,1,21,36,0,13,3.0,2.0,,0,3,34,1.0,2,44,1,,2,1,2,1,2,57,57,57,1,0,0,1.0,1.0,,50.0,,50.0,,,,,,2.0,3.0,0.0,1,2.0,2.0,2.0,,923.07,1.0,,,,,13494.1056,3387.4668,4,3,0.0,,0,0,67028,2,,,,,,2.0,3398.4986,7860.0,2330.0,-1,,,,,,,63431.0,2010,601,598,0,0,0,1,0,18.0,8.0,40.0,2010,1.0,1,8,2,8600,86001,1,21,36,0,13,3.0,2.0,,0,3,35,1.0,2,44,1,,1,2,1,2,57,57,57,1,0,0,2.0,1.0,,40.0,,40.0,,,,,,2.0,3.0,0.0,1,2.0,2.0,2.0,,942.3,1.0,,,,,13766.6777,3431.5109,4,2,0.0,,0,0,28218,2,,,,,,2.0,3452.9944,7860.0,2330.0,-1,,,,,,,63064.0,2011,613,598,0,0,0,1,0,18.0,8.0,40.0,2011,MIS4_to_MIS8,new_york,0,2010-2011,1,0,0,0,retention
975016844389180,2,2.0,4,4,2,8600,86001,1,1,21,36,0,13,3.0,2.0,,0,4,39,,2,39,1,,2,2,1,4,2,57,57,57,1,0,0,2.0,7.0,,,,,,2.0,,,,1.0,3.0,0.0,2,,,,,,,,,,,12435.2542,3215.6377,10,3,,,0,0,40272,2,1.0,,,,,,3122.5716,7860.0,2540.0,-1,,,,,1.0,,63450.0,2010,601,598,0,0,1,1,0,12.0,8.0,40.0,2010,1.0,4,8,2,8600,86001,1,21,36,0,13,3.0,2.0,,0,4,40,,2,39,1,,2,1,4,2,57,57,57,1,0,0,2.0,6.0,,,,,,,,,,1.0,,,2,,,,,,,,,,,13288.5724,3229.1681,10,2,,,0,0,14605,2,1.0,,,,,,3219.5404,,,-1,,,,,1.0,,63081.0,2011,613,598,0,0,1,1,0,12.0,,,2011,MIS4_to_MIS8,new_york,0,2010-2011,0,1,0,0,retention
308906193991776,2,1.0,4,4,2,8600,86001,1,1,21,36,39100,27,,1.0,,4,1,44,,2,44,1,,1,1,1,5,2,57,57,57,1,0,0,1.0,1.0,,40.0,10.0,24.0,,,10.0,,,4.0,3.0,0.0,1,2.0,2.0,2.0,,2307.69,1.0,,,,,13328.3602,3312.4879,8,2,0.0,,0,0,28012,1,,,,,,3.0,3355.2835,7860.0,2320.0,-1,,,,,,,63493.0,2010,601,598,0,1,1,0,1,18.0,8.0,40.0,2010,1.0,4,8,2,8600,86001,1,21,36,39100,27,,1.0,,4,1,46,,2,44,1,,1,1,5,2,57,57,57,1,0,0,1.0,1.0,,40.0,,40.0,,,,,,2.0,3.0,0.0,1,2.0,2.0,2.0,,942.0,1.0,,,,,13450.2447,3341.0001,3,2,1.0,,0,0,59926,1,,,,,,3.0,3409.9916,7860.0,2320.0,-1,,,,,,,63108.0,2011,613,598,0,0,1,0,0,18.0,8.0,40.0,2011,MIS4_to_MIS8,new_york,0,2010-2011,1,0,0,0,retention
397918709013669,2,1.0,7,4,2,8600,86001,1,1,21,36,39100,27,,1.0,,4,2,64,,2,40,1,,1,0,0,3,2,57,57,57,1,0,0,1.0,1.0,,35.0,10.0,28.0,,,10.0,,,4.0,3.0,0.0,1,2.0,2.0,2.0,,865.38,1.0,,,,,12729.682,3212.7958,0,0,0.0,,0,0,13563,1,,,2.0,,,,3200.9629,9470.0,5700.0,-1,,,,,,,63514.0,2010,601,598,0,0,0,0,0,13.0,17.0,51.0,2010,1.0,7,8,2,8600,86001,1,21,36,39100,27,,1.0,,4,2,65,,2,40,1,,0,0,3,2,57,57,57,1,0,0,1.0,5.0,,,,,,,,,,1.0,3.0,0.0,2,,,,,,,,,,,12522.2844,3171.8488,0,0,,,0,0,28231,1,,,3.0,,,,3096.2844,9470.0,5700.0,-1,,,,,,,63126.0,2011,613,598,0,0,0,0,0,14.0,17.0,51.0,2011,MIS4_to_MIS8,new_york,0,2010-2011,1,0,0,0,retention
808903843999376,2,1.0,1,4,2,8600,86001,1,1,21,36,13780,0,,1.0,,3,1,55,2.0,1,44,1,,1,1,1,1,2,57,120,57,1,0,0,1.0,1.0,,40.0,,40.0,,,,,,2.0,3.0,0.0,1,2.0,2.0,2.0,,1826.92,1.0,,,,,11044.0987,2810.6421,0,0,0.0,,0,0,13533,1,,,,,,2.0,2848.381,7860.0,230.0,-1,,,,,,,63555.0,2010,601,598,0,0,0,0,0,18.0,1.0,40.0,2010,1.0,1,8,2,8600,86001,1,21,36,13780,0,,1.0,,3,1,56,2.0,1,44,1,,1,1,1,2,57,120,57,1,0,0,1.0,1.0,,40.0,,40.0,,,,,,2.0,3.0,0.0,1,2.0,2.0,2.0,,1500.0,1.0,,,,,13458.1663,3068.7839,0,0,0.0,,0,0,39723,1,,,,,,2.0,3127.0202,7860.0,230.0,-1,,,,,,,63160.0,2011,613,598,0,0,0,0,0,18.0,1.0,40.0,2011,MIS4_to_MIS8,new_york,0,2010-2011,1,0,0,0,retention
908901083996646,2,1.0,1,4,2,8600,86001,1,1,21,36,28740,111,,1.0,,2,3,48,1.0,2,44,1,,2,1,2,1,2,57,57,57,1,0,0,2.0,1.0,,40.0,,40.0,,,,,,2.0,3.0,0.0,1,2.0,2.0,2.0,,1634.61,1.0,,,,,12841.7912,3256.3252,0,0,0.0,,0,0,31967,2,,,,,,2.0,3264.7354,7860.0,2330.0,-1,,,,,,,63576.0,2010,601,598,0,0,0,0,0,18.0,8.0,40.0,2010,1.0,1,8,2,8600,86001,1,21,36,28740,111,,1.0,,2,3,49,1.0,2,44,1,,1,2,1,2,57,57,57,1,0,0,2.0,1.0,,40.0,,40.0,,,,,,2.0,3.0,0.0,1,2.0,2.0,2.0,,1000.0,1.0,,,,,13500.5196,3353.4882,0,0,0.0,,0,0,5990,2,,,,,,2.0,3422.7376,7860.0,2330.0,-1,,,,,,,63181.0,2011,613,598,0,0,0,0,0,18.0,8.0,40.0,2011,MIS4_to_MIS8,new_york,0,2010-2011,1,0,0,0,retention
966096826389010,2,1.0,1,4,2,8600,86001,1,1,21,36,13780,0,,1.0,,3,3,47,1.0,2,39,1,,2,1,2,1,2,57,57,57,1,0,0,2.0,1.0,,38.0,,38.0,,,,,,2.0,3.0,0.0,1,2.0,2.0,2.0,,880.0,1.0,,,,,12444.2666,3155.5239,0,0,1.0,,0,0,27979,2,1.0,,,,,,3163.6738,9470.0,5140.0,-1,,,,,,,63590.0,2010,601,598,0,0,0,0,0,12.0,17.0,51.0,2010,1.0,1,8,2,8600,86001,1,21,36,13780,0,,1.0,,3,3,48,1.0,2,39,1,,1,2,1,2,57,57,57,1,0,0,2.0,1.0,,38.0,,42.0,,,,,,2.0,3.0,0.0,1,1.0,,1.0,3400.0,1442.0,1.0,,,,,12769.2898,3171.853,0,0,1.0,1.0,0,0,14579,2,1.0,,,,,,3237.3516,9470.0,5820.0,-1,,,,,,,63194.0,2011,613,598,0,0,0,0,0,12.0,17.0,51.0,2011,MIS4_to_MIS8,new_york,0,2010-2011,1,0,0,0,retention
5594820968897,2,1.0,1,4,2,8600,86001,1,1,23,42,37980,101,1.0,1.0,,7,1,65,2.0,1,39,2,,1,1,1,1,2,57,57,57,1,0,0,1.0,1.0,,20.0,,6.0,,,21.0,,,7.0,2.0,0.0,1,2.0,,1.0,2015.0,403.0,1.0,,,,,15901.4862,3176.4311,0,0,0.0,0.0,0,0,32093,1,1.0,,,,,,3144.6383,7860.0,9120.0,-1,4.0,,,,,,67078.0,2010,601,598,0,0,0,0,0,12.0,22.0,40.0,2010,1.0,1,8,2,8600,86001,1,23,42,37980,101,1.0,1.0,,7,1,66,2.0,1,39,2,2.0,1,1,1,2,57,57,57,1,0,0,,1.0,,20.0,,20.0,,,21.0,,,7.0,3.0,0.0,1,2.0,2.0,2.0,,150.0,1.0,,,,,16373.1813,4826.7757,0,0,1.0,,0,41,19065,1,1.0,,,,,,4625.0174,7860.0,9120.0,-1,4.0,,,,,,66604.0,2011,613,598,0,0,0,0,0,12.0,22.0,40.0,2011,MIS4_to_MIS8,pennsylvania,0,2010-2011,1,0,0,0,retention
840209933098443,2,1.0,1,4,2,8600,86001,1,1,23,42,37980,101,1.0,1.0,,7,3,59,1.0,2,39,2,,2,1,2,1,2,57,57,57,1,0,0,2.0,1.0,,37.0,,37.0,,,,,,2.0,3.0,0.0,1,2.0,,1.0,950.0,351.5,2.0,2.0,,,,14551.9421,3266.2556,1,1,1.0,1.0,0,42,41169,2,1.0,,,,,,3277.821,7860.0,9120.0,-1,,,,,,,67200.0,2010,601,598,1,0,0,0,1,12.0,22.0,40.0,2010,2.0,1,8,2,8600,86001,1,23,42,37980,101,1.0,1.0,,7,3,60,1.0,2,39,2,,1,2,1,2,57,57,57,1,0,0,1.0,1.0,,30.0,,30.0,,,22.0,,,7.0,4.0,0.0,1,1.0,1.0,1.0,555.0,346.15,1.0,,,,,10165.3511,2902.4348,2,1,0.0,1.0,0,0,60808,2,1.0,,,,,,2800.0806,7860.0,9120.0,-1,,,,,,,66742.0,2011,613,598,0,1,0,0,1,12.0,22.0,40.0,2011,MIS4_to_MIS8,pennsylvania,0,2010-2011,0,1,0,1,retention
870527097948969,2,1.0,4,4,2,8600,86001,1,1,23,42,37980,101,1.0,1.0,,7,1,34,,2,35,1,2.0,1,1,1,7,2,73,73,73,2,0,8,1.0,1.0,,38.0,4.0,30.0,,,4.0,,,4.0,3.0,0.0,1,2.0,,1.0,1300.0,494.0,1.0,,,,,11298.4858,2817.6856,3,1,0.0,0.0,0,0,56141,1,,,,,,,2845.5304,9480.0,2860.0,-1,,,,,,,67216.0,2010,601,598,0,0,1,0,0,9.0,9.0,51.0,2010,1.0,4,8,2,8600,86001,1,23,42,37980,101,1.0,1.0,,7,1,36,,2,35,1,2.0,1,1,7,2,73,73,73,2,0,8,1.0,1.0,,40.0,,40.0,,,,,,2.0,4.0,0.0,1,2.0,1.0,1.0,1400.0,538.46,2.0,2.0,,,,9543.3049,2452.7374,4,1,0.0,0.0,0,0,55479,1,,,,,,,2393.6769,8370.0,2860.0,-1,,,,,,,66757.0,2011,613,598,0,0,0,1,0,9.0,9.0,43.0,2011,MIS4_to_MIS8,pennsylvania,0,2010-2011,0,1,0,1,retention
50825093748779,2,1.0,1,4,2,8600,86001,1,1,23,42,38300,129,2.0,1.0,,5,1,33,2.0,2,39,1,,1,1,1,1,2,57,57,57,1,0,0,1.0,1.0,,40.0,5.0,32.0,,,5.0,,,4.0,3.0,0.0,1,2.0,2.0,2.0,,415.38,2.0,2.0,,,,11439.5622,2898.6981,3,2,0.0,,0,0,42710,1,1.0,,,,,,2881.0606,9380.0,930.0,-1,,,,,,,67292.0,2010,601,598,0,0,1,0,0,12.0,2.0,51.0,2010,1.0,1,8,2,8600,86001,1,23,42,38300,129,2.0,1.0,,5,1,34,2.0,2,35,1,,1,1,1,2,57,57,57,1,0,0,1.0,1.0,,40.0,,40.0,,,,,,2.0,3.0,0.0,1,2.0,2.0,2.0,,442.3,2.0,2.0,,,,13776.4238,3528.7253,10,2,0.0,,0,0,58738,1,,,,,,,3454.7908,9380.0,940.0,-1,,,,,,,66839.0,2011,613,598,0,0,1,1,0,9.0,2.0,51.0,2011,MIS4_to_MIS8,pennsylvania,0,2010-2011,1,0,0,0,retention
94794820983091,2,1.0,1,4,2,8600,86001,1,1,23,42,37980,91,2.0,1.0,,7,1,38,2.0,2,44,1,,1,1,1,1,2,57,57,57,1,0,0,1.0,1.0,,40.0,10.0,24.0,,,10.0,,,4.0,3.0,0.0,1,2.0,2.0,2.0,,1865.38,1.0,,,,,11483.8259,2885.829,2,2,0.0,,0,0,56106,1,,,,,,2.0,2890.9401,7860.0,2310.0,-1,,,,,,,67327.0,2010,601,598,0,1,0,0,1,18.0,8.0,40.0,2010,2.0,1,8,2,8600,86001,1,23,42,37980,91,2.0,1.0,,7,1,39,2.0,2,44,1,,1,1,1,2,57,57,57,1,0,0,2.0,1.0,,50.0,,60.0,,,,,,2.0,3.0,0.0,1,2.0,2.0,2.0,,1884.61,1.0,,,,,12689.3704,3272.0074,8,2,0.0,,0,0,16000,1,,,,,,2.0,3182.7813,7860.0,2310.0,-1,,,,,,,66879.0,2011,613,598,0,1,1,0,1,18.0,8.0,40.0,2011,MIS4_to_MIS8,pennsylvania,0,2010-2011,1,0,0,0,retention
324011028909092,2,1.0,4,4,2,8600,86001,1,1,23,42,37980,17,2.0,1.0,,7,1,52,,2,43,1,,1,1,1,5,2,57,57,57,1,0,0,1.0,1.0,,52.0,,58.0,,,,,,2.0,3.0,0.0,1,2.0,2.0,2.0,,1134.61,2.0,2.0,,,,11972.7486,3011.3145,4,1,0.0,,0,0,42697,1,,,,1.0,1.0,,3043.801,9380.0,20.0,10,,,,,,,67440.0,2010,601,598,0,0,0,1,0,18.0,1.0,51.0,2010,1.0,4,8,2,8600,86001,1,23,42,37980,17,2.0,1.0,,7,1,54,,2,43,1,,1,1,5,2,57,57,57,1,0,0,1.0,1.0,,50.0,,40.0,,,,,,2.0,3.0,0.0,1,2.0,2.0,2.0,,1173.07,2.0,2.0,,,,12291.5149,3153.3237,0,0,0.0,,0,0,58657,1,,,,1.0,1.0,,3116.223,9380.0,20.0,930,,,,,,,66984.0,2011,613,598,0,0,0,0,0,18.0,1.0,51.0,2011,MIS4_to_MIS8,pennsylvania,0,2010-2011,1,0,0,0,retention
608904764999912,2,1.0,1,4,2,8600,86001,1,1,23,42,38300,0,2.0,1.0,,5,1,43,2.0,2,43,1,,1,1,1,1,2,57,57,57,1,0,0,1.0,2.0,10.0,40.0,,,,,,,,5.0,2.0,0.0,1,2.0,2.0,2.0,,711.53,1.0,,,,,10962.3228,2750.0639,0,0,0.0,,0,0,29135,1,,,,2.0,,,2759.6568,7860.0,2310.0,-1,,,,,,,67612.0,2010,601,598,0,0,0,0,0,16.0,8.0,40.0,2010,1.0,1,8,2,8600,86001,1,23,42,38300,0,2.0,1.0,,5,1,44,2.0,2,43,1,,1,1,1,2,57,57,57,1,0,0,1.0,1.0,,40.0,10.0,34.0,,,10.0,,,4.0,2.0,0.0,1,2.0,2.0,2.0,,711.53,1.0,,,,,11777.7371,3013.0055,0,0,0.0,,0,0,58696,1,,,,2.0,,,2954.123,7860.0,2310.0,-1,,,,,,,67140.0,2011,613,598,0,0,0,0,0,16.0,8.0,40.0,2011,MIS4_to_MIS8,pennsylvania,0,2010-2011,1,0,0,0,retention
840209910201691,2,1.0,3,4,2,8600,86001,1,1,23,42,38300,19,2.0,1.0,,5,1,46,,1,43,1,,1,1,1,5,2,57,57,57,1,0,0,1.0,1.0,,45.0,10.0,18.0,,,10.0,,,4.0,3.0,0.0,1,2.0,2.0,2.0,,1220.21,1.0,,,,,10531.574,2686.6696,3,1,0.0,,0,0,41019,1,,,,1.0,1.0,,2687.6593,7860.0,2310.0,-1,3.0,,,,,,67670.0,2010,601,598,0,0,1,0,0,18.0,8.0,40.0,2010,1.0,3,8,2,8600,86001,1,23,42,38300,19,2.0,1.0,,5,1,47,,1,43,1,,1,1,5,2,57,57,57,1,0,0,1.0,1.0,,35.0,10.0,30.0,,,10.0,,,4.0,3.0,0.0,1,2.0,2.0,2.0,,1288.46,1.0,,,,,11467.5427,2850.7975,3,1,0.0,,0,0,2789,1,,,,1.0,1.0,,2826.1328,7860.0,2310.0,-1,3.0,,,,,,67189.0,2011,613,598,0,0,1,0,0,18.0,8.0,40.0,2011,MIS4_to_MIS8,pennsylvania,0,2010-2011,1,0,0,0,retention
955082561489890,2,2.0,1,4,2,8600,86001,1,1,23,42,38300,3,2.0,1.0,,5,3,62,1.0,2,42,1,,2,1,2,1,2,57,57,57,1,0,0,1.0,1.0,,40.0,,40.0,,,,,,2.0,3.0,0.0,1,2.0,2.0,2.0,,576.0,2.0,1.0,,,,11710.4551,2983.3346,0,0,1.0,,0,0,14902,2,,,3.0,,,,2944.6715,9470.0,5700.0,-1,,,,,,,67772.0,2010,601,598,0,0,0,0,0,14.0,17.0,51.0,2010,2.0,1,8,2,8600,86001,1,23,42,38300,3,2.0,1.0,,5,3,62,1.0,2,39,1,,1,2,1,2,57,57,57,1,0,0,1.0,1.0,,40.0,,40.0,,,,,,2.0,3.0,0.0,1,2.0,1.0,1.0,1853.0,740.38,1.0,,,,,11576.7009,2994.759,0,0,0.0,0.0,0,0,48608,2,1.0,,,,,,2922.0132,9470.0,5700.0,-1,,,,,,,67290.0,2011,613,598,0,0,0,0,0,12.0,17.0,51.0,2011,MIS4_to_MIS8,pennsylvania,0,2010-2011,1,0,0,0,retention
971042839489900,2,2.0,1,4,2,8600,86001,1,1,23,42,37980,91,2.0,1.0,,7,1,40,2.0,1,44,1,,1,1,1,1,2,57,57,57,1,0,0,2.0,1.0,,40.0,,40.0,,,,,,2.0,3.0,0.0,1,2.0,2.0,2.0,,2403.0,1.0,,,,,12509.3176,3207.4442,8,2,1.0,,0,42,58872,1,,,,,,2.0,3209.4109,9470.0,2020.0,-1,,,,,,,67778.0,2010,601,598,0,1,1,0,1,18.0,6.0,51.0,2010,1.0,1,8,2,8600,86001,1,23,42,37980,91,2.0,1.0,,7,1,41,2.0,1,44,1,,1,1,1,2,57,57,57,1,0,0,1.0,1.0,,38.0,,48.0,,,,,,2.0,3.0,0.0,1,2.0,2.0,2.0,,961.53,1.0,,,,,11755.8538,3055.643,8,2,0.0,,0,0,48725,1,,,,,,2.0,3027.7414,9470.0,2015.0,3930,,,,,,,67298.0,2011,613,598,0,1,1,0,1,18.0,6.0,51.0,2011,MIS4_to_MIS8,pennsylvania,0,2010-2011,1,0,0,0,retention
971042839489900,2,2.0,1,4,2,8600,86001,1,1,23,42,37980,91,2.0,1.0,,7,3,39,1.0,2,44,1,,2,1,2,1,2,57,57,57,1,0,0,1.0,1.0,,-4.0,10.0,24.0,,,10.0,,,4.0,3.0,0.0,1,2.0,2.0,2.0,,961.0,1.0,,,,,11483.8259,2885.829,8,2,1.0,,0,42,58872,2,,,,,,2.0,2890.9401,7860.0,2330.0,-1,,,,,,,67779.0,2010,601,598,0,1,1,0,1,18.0,8.0,40.0,2010,1.0,1,8,2,8600,86001,1,23,42,37980,91,2.0,1.0,,7,3,40,1.0,2,44,1,,1,2,1,2,57,57,57,1,0,0,2.0,1.0,,40.0,,40.0,,,,,,2.0,3.0,0.0,1,2.0,2.0,2.0,,1730.76,1.0,,,,,12035.9809,3079.07,8,2,0.0,,0,0,48725,2,,,,,,2.0,3018.8965,7860.0,2310.0,4900,,,,,,,67299.0,2011,613,598,0,1,1,0,1,18.0,8.0,40.0,2011,MIS4_to_MIS8,pennsylvania,0,2010-2011,1,0,0,0,retention
184469959200911,2,1.0,7,4,2,8600,86001,1,1,23,42,0,0,3.0,2.0,,0,2,65,,2,43,1,,1,0,0,4,2,57,57,57,1,0,0,1.0,1.0,,35.0,6.0,21.0,,,6.0,,,4.0,2.0,0.0,1,2.0,1.0,1.0,1500.0,461.53,2.0,2.0,,,,12328.7631,3017.6484,0,0,0.0,0.0,0,0,61211,1,,,,2.0,,,3002.5752,8370.0,2010.0,-1,,,,,,,67823.0,2010,601,598,0,0,0,0,0,16.0,6.0,43.0,2010,1.0,7,8,2,8600,86001,1,23,42,0,0,3.0,2.0,,0,2,66,,2,43,1,,0,0,4,2,57,57,57,1,0,0,1.0,5.0,,,,,,,,,,1.0,3.0,0.0,2,,,,,,,,,,,12526.0439,3028.9577,0,0,,,0,0,55485,1,,,,2.0,,,3097.214,8370.0,2010.0,-1,,,,,,,67343.0,2011,613,598,0,0,0,0,0,16.0,6.0,43.0,2011,MIS4_to_MIS8,pennsylvania,0,2010-2011,1,0,0,0,retention
208906224999802,2,1.0,1,4,2,8600,86001,1,1,23,42,0,0,3.0,2.0,,0,1,55,2.0,1,41,1,,1,1,1,1,2,57,57,57,1,0,0,1.0,2.0,5.0,40.0,,,,,,,,5.0,3.0,0.0,1,2.0,,1.0,1500.0,600.0,1.0,,,,,9979.65,2563.6173,0,0,0.0,0.0,0,0,1865,1,,,3.0,,,,2573.8492,9470.0,3850.0,-1,4.0,,,,,,67834.0,2010,601,598,0,0,0,0,0,14.0,12.0,51.0,2010,1.0,1,8,2,8600,86001,1,23,42,0,0,3.0,2.0,,0,1,57,2.0,1,41,1,,1,1,1,2,57,57,57,1,0,0,1.0,1.0,,40.0,,48.0,,,,,,2.0,3.0,0.0,1,2.0,,1.0,1757.0,702.8,1.0,,,,,11057.4644,2608.2784,0,0,0.0,0.0,0,0,19042,1,,,3.0,,,,2569.2144,9470.0,3850.0,-1,4.0,,,,,,67351.0,2011,613,598,0,0,0,0,0,14.0,12.0,51.0,2011,MIS4_to_MIS8,pennsylvania,0,2010-2011,1,0,0,0,retention
208906224999802,2,1.0,1,4,2,8600,86001,1,1,23,42,0,0,3.0,2.0,,0,3,44,1.0,2,44,1,,2,1,2,1,2,57,57,57,1,0,0,2.0,2.0,10.0,40.0,,,,,,,,5.0,3.0,0.0,1,2.0,2.0,2.0,,750.0,1.0,,,,,10808.7518,2711.5383,0,0,0.0,,0,0,1865,2,,,,,,2.0,2720.9968,7860.0,2320.0,-1,,,,,,,67835.0,2010,601,598,0,0,0,0,0,18.0,8.0,40.0,2010,1.0,1,8,2,8600,86001,1,23,42,0,0,3.0,2.0,,0,3,45,1.0,2,44,1,,1,2,1,2,57,57,57,1,0,0,2.0,1.0,,40.0,5.0,32.0,,,5.0,,,4.0,3.0,0.0,1,2.0,,1.0,1800.0,720.0,1.0,,,,,12416.3212,3190.4887,0,0,0.0,0.0,0,0,19042,2,,,,,,2.0,3147.8647,7860.0,2320.0,-1,,,,,,,67352.0,2011,613,598,0,0,0,0,0,18.0,8.0,40.0,2011,MIS4_to_MIS8,pennsylvania,0,2010-2011,1,0,0,0,retention
360827066848999,2,1.0,7,4,2,8600,86001,1,1,23,42,0,0,3.0,2.0,,0,2,29,,2,43,1,,1,0,0,7,2,57,57,57,1,0,0,1.0,4.0,,,,,,,,4.0,5.0,11.0,2.0,0.0,2,,,,,,,,,,,12670.1721,2916.0045,0,0,,,0,0,18422,1,,,,2.0,,,2954.799,9590.0,1040.0,-1,2.0,1.0,,,,,67851.0,2010,601,598,0,0,0,0,0,16.0,3.0,51.0,2010,1.0,7,8,2,8600,86001,1,23,42,0,0,3.0,2.0,,0,2,30,,2,43,1,,0,0,7,2,57,57,57,1,0,0,1.0,1.0,,65.0,,73.0,,,,,,2.0,5.0,0.0,1,1.0,2.0,2.0,,480.76,2.0,2.0,,,,13588.7188,3480.6461,0,0,0.0,,0,0,15933,1,,,,2.0,,,3407.7189,7860.0,2310.0,930,2.0,1.0,,,,,67369.0,2011,613,598,0,0,0,0,0,16.0,8.0,40.0,2011,MIS4_to_MIS8,pennsylvania,0,2010-2011,0,1,0,1,retention
608904114993942,2,1.0,7,4,2,8600,86001,1,1,23,42,0,0,3.0,2.0,,0,2,51,,2,43,1,,1,0,0,5,2,57,57,57,1,0,0,1.0,1.0,,40.0,,40.0,,,,,,2.0,2.0,0.0,1,2.0,2.0,2.0,,865.38,2.0,2.0,,,,11256.1862,2831.089,0,0,0.0,,0,0,49146,1,,,,2.0,,,2861.6312,7860.0,2310.0,-1,,,,,,,67957.0,2010,601,598,0,0,0,0,0,16.0,8.0,40.0,2010,1.0,7,8,2,8600,86001,1,23,42,0,0,3.0,2.0,,0,2,52,,2,43,1,,0,0,5,2,57,57,57,1,0,0,1.0,1.0,,40.0,,40.0,,,,,,2.0,3.0,0.0,1,2.0,2.0,2.0,,2076.92,2.0,2.0,,,,11863.9085,3043.6235,0,0,0.0,,0,0,40507,1,,,,2.0,,,3007.8136,7860.0,2310.0,-1,,,,,,,67462.0,2011,613,598,0,0,0,0,0,16.0,8.0,40.0,2011,MIS4_to_MIS8,pennsylvania,0,2010-2011,1,0,0,0,retention
620120008148010,2,1.0,1,4,2,8600,86001,1,1,23,42,0,89,3.0,2.0,,0,1,37,2.0,1,40,1,,1,1,1,1,2,57,57,57,1,0,0,1.0,1.0,,40.0,,40.0,,,,,,2.0,3.0,0.0,1,2.0,,1.0,1850.0,740.0,1.0,,,,,12206.1087,3148.5407,1,1,0.0,0.0,0,0,41115,1,,,2.0,,,,3131.6191,7870.0,7310.0,-1,,,,,,,67958.0,2010,601,598,1,0,0,0,1,13.0,20.0,40.0,2010,1.0,1,8,2,8600,86001,1,23,42,0,89,3.0,2.0,,0,1,38,2.0,1,40,1,,1,1,1,2,57,57,57,1,0,0,1.0,1.0,,40.0,,40.0,,,,,,2.0,4.0,0.0,1,2.0,,1.0,2250.0,900.0,1.0,,,,,11841.8132,3093.0744,2,1,0.0,0.0,0,0,15981,1,,,1.0,,,,3049.8804,7870.0,6355.0,-1,,,,,,,67463.0,2011,613,598,0,1,0,0,1,12.0,19.0,40.0,2011,MIS4_to_MIS8,pennsylvania,0,2010-2011,0,1,0,1,retention
840206915400499,2,2.0,1,4,2,8600,86001,1,1,23,42,0,89,3.0,2.0,,0,1,59,2.0,1,41,1,,1,1,1,1,2,57,57,57,1,0,0,2.0,1.0,,50.0,,40.0,,,,,,2.0,2.0,0.0,1,2.0,2.0,2.0,,1115.38,2.0,2.0,,,,9979.65,2563.6173,0,0,0.0,,0,0,5626,1,,,3.0,,,,2573.8492,7860.0,7000.0,-1,4.0,,,,,,67978.0,2010,601,598,0,0,0,0,0,14.0,20.0,40.0,2010,2.0,1,8,2,8600,86001,1,23,42,0,89,3.0,2.0,,0,1,60,2.0,1,39,1,,1,1,1,2,57,57,57,1,0,0,1.0,1.0,,50.0,,40.0,,,,,,2.0,2.0,0.0,1,2.0,2.0,2.0,,1153.84,2.0,2.0,,,,11254.4741,2754.3888,0,0,0.0,,0,0,2914,1,1.0,,,,,,2667.8259,7860.0,7000.0,-1,4.0,,,,,,67485.0,2011,613,598,0,0,0,0,0,12.0,20.0,40.0,2011,MIS4_to_MIS8,pennsylvania,0,2010-2011,1,0,0,0,retention
840206915400499,2,2.0,1,4,2,8600,86001,1,1,23,42,0,89,3.0,2.0,,0,3,53,1.0,2,39,1,,2,1,2,1,2,57,57,57,1,0,0,1.0,1.0,,42.0,10.0,31.0,,,10.0,,,4.0,2.0,0.0,1,2.0,,1.0,1800.0,756.0,2.0,2.0,,,,11256.1862,2831.089,0,0,0.0,0.0,0,0,5626,2,1.0,,,,,,2861.6312,7860.0,9120.0,-1,,,,,,,67979.0,2010,601,598,0,0,0,0,0,12.0,22.0,40.0,2010,2.0,1,8,2,8600,86001,1,23,42,0,89,3.0,2.0,,0,3,54,1.0,2,39,1,,1,2,1,2,57,57,57,1,0,0,3.0,1.0,,42.0,,40.0,,,,,,2.0,2.0,0.0,1,2.0,,1.0,2025.0,850.5,1.0,,,,,11863.9085,3043.6235,0,0,0.0,0.0,0,0,2914,2,1.0,,,,,,3007.8136,7860.0,9120.0,-1,,,,,,,67486.0,2011,613,598,0,0,0,0,0,12.0,22.0,40.0,2011,MIS4_to_MIS8,pennsylvania,0,2010-2011,1,0,0,0,retention
840206939832193,2,1.0,4,4,2,8600,86001,1,1,23,42,0,0,3.0,2.0,,0,4,56,,2,44,1,,2,1,3,7,2,57,57,57,1,0,0,2.0,1.0,,40.0,10.0,28.0,,,10.0,,,4.0,3.0,0.0,1,2.0,2.0,2.0,,1288.0,1.0,,,,,10553.0328,2614.095,0,0,1.0,,0,0,1824,2,,,,,,3.0,2598.8723,7860.0,2330.0,-1,,,,,1.0,,67981.0,2010,601,598,0,0,0,0,0,18.0,8.0,40.0,2010,1.0,4,8,2,8600,86001,1,23,42,0,0,3.0,2.0,,0,4,57,,2,44,1,,1,3,7,2,57,57,57,1,0,0,2.0,1.0,,40.0,,40.0,,,,,,2.0,3.0,0.0,1,2.0,2.0,2.0,,902.0,1.0,,,,,11426.6874,2973.4734,0,0,1.0,,0,42,6312,2,,,,,,3.0,2918.7843,7860.0,2310.0,-1,,,,,1.0,,67488.0,2011,613,598,0,0,0,0,0,18.0,8.0,40.0,2011,MIS4_to_MIS8,pennsylvania,0,2010-2011,1,0,0,0,retention
840206961517595,2,1.0,1,4,2,8600,86001,1,1,23,42,0,0,3.0,2.0,,0,1,47,2.0,2,41,1,,1,1,1,1,2,57,57,57,1,0,0,1.0,1.0,,40.0,,40.0,,,,,,2.0,2.0,0.0,1,2.0,,1.0,2000.0,800.0,2.0,2.0,,,,11542.2807,2954.3124,0,0,1.0,1.0,0,0,56117,1,,,4.0,,,,2934.3642,9470.0,3130.0,-1,,,,,,,67983.0,2010,601,598,0,0,0,0,0,15.0,10.0,51.0,2010,2.0,1,8,2,8600,86001,1,23,42,0,0,3.0,2.0,,0,1,48,2.0,2,40,1,,1,1,1,2,57,57,57,1,0,0,2.0,1.0,,38.0,,40.0,,,,,,2.0,2.0,0.0,1,2.0,,1.0,2100.0,798.0,1.0,,,,,12416.3212,3190.4887,0,0,1.0,1.0,23,0,66199,1,,,4.0,,,,3147.8647,8290.0,3255.0,-1,,,,,,,67490.0,2011,613,598,0,0,0,0,0,15.0,10.0,42.0,2011,MIS4_to_MIS8,pennsylvania,0,2010-2011,1,0,0,0,retention
90924820989794,2,1.0,1,4,2,8600,86001,1,1,23,42,25420,0,,1.0,,4,3,47,1.0,1,43,1,,2,1,2,1,2,57,57,57,1,0,0,2.0,1.0,,40.0,,40.0,,,,,,2.0,3.0,0.0,1,2.0,2.0,2.0,,1711.0,1.0,,,,,10372.5631,2646.1049,8,4,1.0,,0,0,56073,2,,,,1.0,2.0,,2647.0797,7860.0,2320.0,-1,,,,,,,68065.0,2010,601,598,0,1,1,0,1,17.0,8.0,40.0,2010,1.0,1,8,2,8600,86001,1,23,42,25420,0,,1.0,,4,3,48,1.0,1,43,1,,1,2,1,2,57,57,57,1,0,0,2.0,1.0,,40.0,4.0,32.0,,,4.0,,,4.0,3.0,0.0,1,2.0,2.0,2.0,,1538.46,2.0,2.0,,,,11417.6072,2838.3837,3,4,0.0,,0,0,63293,2,,,,1.0,2.0,,2813.8264,7860.0,2320.0,-1,,,,,,,67566.0,2011,613,598,0,0,1,0,0,17.0,8.0,40.0,2011,MIS4_to_MIS8,pennsylvania,0,2010-2011,1,0,0,0,retention
408909174798592,2,2.0,1,4,2,8600,86001,1,1,23,42,25420,0,,1.0,,4,3,50,1.0,2,43,1,,2,1,2,1,2,57,57,57,1,0,0,3.0,1.0,,40.0,,40.0,,,,,,2.0,2.0,0.0,1,2.0,,1.0,3283.0,1247.54,1.0,,,,,11243.7482,2827.9606,0,0,0.0,0.0,0,0,1828,2,,,,2.0,,,2858.4691,9490.0,1740.0,-1,,,,,,,68108.0,2010,601,598,0,0,0,0,0,16.0,5.0,51.0,2010,1.0,1,8,2,8600,86001,1,23,42,25420,0,,1.0,,4,3,51,1.0,2,43,1,,1,2,1,2,57,57,57,1,0,0,2.0,1.0,,40.0,,40.0,,,,,,2.0,2.0,0.0,1,2.0,1.0,1.0,3100.0,1150.0,2.0,2.0,,,,11975.4131,3072.2294,0,0,0.0,0.0,0,0,6315,2,,,,1.0,2.0,,3036.0829,9490.0,1740.0,-1,,,,,,,67609.0,2011,613,598,0,0,0,0,0,17.0,5.0,51.0,2011,MIS4_to_MIS8,pennsylvania,0,2010-2011,1,0,0,0,retention
495968302089279,2,2.0,1,4,2,8600,86001,1,1,23,42,49620,133,,1.0,,3,1,30,2.0,1,43,1,,1,1,1,1,2,57,57,57,1,0,0,2.0,1.0,,40.0,10.0,32.0,,,10.0,,,4.0,3.0,0.0,1,2.0,1.0,1.0,2493.0,1000.0,2.0,2.0,,,,12339.0027,3088.2205,5,2,0.0,1.0,0,0,42711,1,,,,2.0,,,3095.9293,680.0,1550.0,-1,,,,,,,68137.0,2010,601,598,1,1,0,0,1,16.0,4.0,24.0,2010,2.0,1,8,2,8600,86001,1,23,42,49620,133,,1.0,,3,1,31,2.0,1,43,1,,1,1,1,2,57,57,57,1,0,0,2.0,1.0,,40.0,,43.0,,,,,,2.0,3.0,0.0,1,2.0,,1.0,2100.0,840.0,2.0,2.0,,,,11833.006,3039.8786,5,2,0.0,0.0,0,0,58742,1,,,,2.0,,,2980.6879,9370.0,5000.0,-1,,,,,,,67645.0,2011,613,598,1,1,0,0,1,16.0,17.0,51.0,2011,MIS4_to_MIS8,pennsylvania,0,2010-2011,1,0,0,0,retention
624644018909990,2,1.0,7,4,2,8600,86001,1,1,23,42,25420,0,,1.0,,4,2,28,,2,43,1,,1,0,0,7,2,57,57,57,1,0,0,1.0,1.0,,40.0,,40.0,,,,,,2.0,3.0,0.0,1,2.0,,1.0,1900.0,760.0,2.0,2.0,,,,11497.7836,2912.7823,0,0,0.0,0.0,0,0,32074,1,,,,2.0,,,2895.7237,8370.0,2010.0,-1,,,,,,,68170.0,2010,601,598,0,0,0,0,0,16.0,6.0,43.0,2010,1.0,7,8,2,8600,86001,1,23,42,25420,0,,1.0,,4,2,29,,2,44,1,,0,0,3,2,57,57,57,1,0,0,1.0,1.0,,38.0,,38.0,,,,,,2.0,3.0,0.0,1,2.0,,1.0,1980.0,752.4,2.0,2.0,,,,12331.4653,3143.0746,0,0,0.0,0.0,0,0,2847,1,,,,,,3.0,3092.4304,9480.0,2010.0,-1,,,,,,,67668.0,2011,613,598,0,0,0,0,0,18.0,6.0,51.0,2011,MIS4_to_MIS8,pennsylvania,0,2010-2011,1,0,0,0,retention
960123003548060,2,1.0,1,4,2,8600,86001,1,1,23,42,39740,11,,1.0,,3,3,38,1.0,2,39,1,,2,1,2,1,2,57,57,57,1,0,0,2.0,1.0,,40.0,,40.0,,,,,,2.0,3.0,0.0,1,1.0,2.0,2.0,,576.92,2.0,2.0,,,,10784.5952,2710.1157,3,1,0.0,,0,0,56057,2,1.0,,,,,,2714.9156,9370.0,5700.0,-1,,,,,,,68220.0,2010,601,598,0,0,1,0,0,12.0,17.0,51.0,2010,1.0,1,8,2,8600,86001,1,23,42,39740,11,,1.0,,3,3,39,1.0,2,40,1,,1,2,1,2,57,57,57,1,0,0,2.0,1.0,,40.0,,40.0,,,,,,2.0,3.0,0.0,1,2.0,1.0,1.0,1500.0,596.15,2.0,2.0,,,,12363.037,3187.861,3,1,0.0,0.0,0,0,29158,2,,,2.0,,,,3100.9295,8570.0,4620.0,-1,,,,,,,67720.0,2011,613,598,0,0,1,0,0,13.0,15.0,44.0,2011,MIS4_to_MIS8,pennsylvania,0,2010-2011,1,0,0,0,retention
190273006311730,3,1.0,1,4,2,8700,87001,1,1,33,17,16980,0,1.0,1.0,1.0,7,3,34,1.0,1,39,6,,2,1,2,1,2,57,210,210,1,0,0,2.0,1.0,,50.0,,50.0,,,,,,2.0,2.0,0.0,1,2.0,,1.0,2130.0,1065.0,2.0,2.0,,,,20346.6613,4829.4706,4,1,1.0,1.0,43,42,63276,2,1.0,,,,,,4919.8409,7870.0,4220.0,-1,,,,,,,87987.0,2010,602,599,0,0,0,1,0,12.0,14.0,40.0,2010,2.0,1,8,2,8700,87001,1,33,17,16980,0,1.0,1.0,1.0,7,3,35,1.0,1,43,6,,1,2,1,2,57,210,210,1,0,0,2.0,1.0,,40.0,,40.0,,,,,,2.0,4.0,0.0,1,1.0,2.0,2.0,,2884.0,1.0,,,,,10777.6087,2702.8214,1,1,1.0,,0,0,45064,2,,,,2.0,,,2734.0098,7290.0,1360.0,-1,,,,,,,87463.0,2011,614,599,1,0,0,0,1,16.0,4.0,36.0,2011,MIS4_to_MIS8,illinois,1,2010-2011,0,1,0,1,retention
417769310399103,3,2.0,3,4,2,8700,87001,1,1,33,17,16980,0,1.0,1.0,1.0,7,6,55,,2,43,1,1.0,2,1,4,6,2,57,57,57,1,0,0,1.0,4.0,,,,,,,,3.0,2.0,11.0,3.0,0.0,2,,,,,,,,,,,16014.2338,3016.7605,4,1,,,0,0,49115,2,,,,2.0,,,3073.4585,7860.0,2320.0,-1,,,,,,,88064.0,2010,602,599,0,0,0,1,0,16.0,8.0,40.0,2010,1.0,3,8,2,8700,87001,1,33,17,16980,0,1.0,1.0,1.0,7,6,57,,2,43,1,1.0,1,4,6,2,57,57,57,1,0,0,2.0,7.0,,,,,,,,,,1.0,,,2,,,,,,,,,,,13403.9511,3514.0315,4,1,,,0,0,34740,2,,,,2.0,,,3458.2078,,,-1,,,,,,,87534.0,2011,614,599,0,0,0,1,0,16.0,,,2011,MIS4_to_MIS8,illinois,1,2010-2011,0,1,0,0,retention
530773095411439,3,1.0,1,4,2,8700,87001,1,1,33,17,16980,0,1.0,1.0,1.0,7,3,34,1.0,2,45,1,,2,1,2,1,2,57,57,57,1,0,0,2.0,1.0,,40.0,,40.0,,,,,,2.0,2.0,0.0,1,1.0,2.0,2.0,,1192.3,2.0,2.0,,,,12412.3633,3081.8023,1,1,0.0,,0,0,17702,2,,,,,,,3065.4903,9470.0,5220.0,-1,,,,,,,88085.0,2010,602,599,1,0,0,0,1,18.0,17.0,51.0,2010,1.0,1,8,2,8700,87001,1,33,17,16980,0,1.0,1.0,1.0,7,3,35,1.0,2,45,1,,1,2,1,2,57,57,57,1,0,0,2.0,1.0,,35.0,4.0,30.0,,,4.0,,,4.0,2.0,0.0,1,1.0,2.0,2.0,,1346.15,2.0,2.0,,,,13786.2967,3500.4126,1,1,0.0,,0,0,21723,2,,,,,,,3465.0254,9470.0,5220.0,-1,,,,,,,87545.0,2011,614,599,1,0,0,0,1,18.0,17.0,51.0,2011,MIS4_to_MIS8,illinois,1,2010-2011,1,0,0,0,retention
987929310119105,3,1.0,7,4,2,8700,87001,1,1,33,17,16980,0,1.0,1.0,3.0,7,2,41,,2,39,2,,1,0,0,7,2,57,57,57,1,0,0,1.0,4.0,,,,,,,,117.0,2.0,11.0,2.0,0.0,2,,,,,,,,,,,12431.5921,2891.1706,0,0,,,0,0,18060,1,1.0,,,,,,2761.5941,8370.0,3600.0,-1,,,,,,,88192.0,2010,602,599,0,0,0,0,0,12.0,11.0,43.0,2010,1.0,7,8,2,8700,87001,1,33,17,16980,0,1.0,1.0,3.0,7,2,42,,2,39,2,,0,0,7,2,57,57,57,1,0,0,1.0,7.0,,,,,,11.0,,,,1.0,,,2,,,,,,,,,,,10902.5849,2945.4738,0,0,,,0,0,18604,1,1.0,,,,,,2809.3516,,,-1,,,,,,,87655.0,2011,614,599,0,0,0,0,0,12.0,,,2011,MIS4_to_MIS8,illinois,1,2010-2011,0,1,0,0,retention
83251170996798,3,1.0,7,4,2,8700,87001,1,1,33,17,37900,0,2.0,1.0,,3,2,49,,2,44,1,,1,0,0,3,2,57,57,57,1,0,0,1.0,1.0,,40.0,,50.0,,,,,,2.0,3.0,0.0,1,2.0,2.0,2.0,,1153.84,1.0,,,,,12054.0184,2976.6323,0,0,0.0,,0,0,67443,1,,,,,,2.0,2989.6109,7860.0,2310.0,-1,,,,,,,88271.0,2010,602,599,0,0,0,0,0,18.0,8.0,40.0,2010,1.0,7,8,2,8700,87001,1,33,17,37900,0,2.0,1.0,,3,2,50,,2,44,1,,0,0,5,2,57,57,57,1,0,0,1.0,1.0,,40.0,,42.0,,,,,,2.0,2.0,0.0,1,2.0,2.0,2.0,,1153.84,1.0,,,,,13126.2774,3228.1676,0,0,0.0,,0,0,67914,1,,,,,,2.0,3270.2763,7860.0,2310.0,-1,,,,,,,87729.0,2011,614,599,0,0,0,0,0,18.0,8.0,40.0,2011,MIS4_to_MIS8,illinois,1,2010-2011,1,0,0,0,retention
110709967480582,3,2.0,1,4,2,8700,87001,1,1,33,17,16980,0,2.0,1.0,,7,3,37,1.0,2,43,1,,2,1,2,1,2,57,57,57,1,0,0,1.0,2.0,14.0,-4.0,,,,,,,,10.0,3.0,0.0,1,2.0,,1.0,1088.0,21.76,2.0,2.0,,,,11462.6548,2836.3217,3,2,0.0,0.0,0,0,17921,2,,,,2.0,,,2848.9957,7860.0,4600.0,-1,,,,,,,88316.0,2010,602,599,0,0,1,0,0,16.0,15.0,40.0,2010,2.0,1,8,2,8700,87001,1,33,17,16980,0,2.0,1.0,,7,3,38,1.0,2,43,1,,1,2,1,2,57,57,57,1,0,0,1.0,1.0,,10.0,,10.0,,,18.0,,,7.0,3.0,0.0,1,2.0,,1.0,1088.0,108.8,2.0,2.0,,,,13030.0042,3308.3859,3,2,0.0,0.0,0,0,34918,2,,,,2.0,,,3274.9401,7860.0,4010.0,-1,,,,,,,87774.0,2011,614,599,0,0,1,0,0,16.0,13.0,40.0,2011,MIS4_to_MIS8,illinois,1,2010-2011,1,0,0,0,retention
110709993612065,3,2.0,6,4,2,8700,87001,1,1,33,17,16980,0,2.0,1.0,,7,14,26,,2,43,1,,2,0,0,7,2,57,57,57,1,0,0,1.0,1.0,,45.0,,70.0,,,,,,2.0,3.0,0.0,1,2.0,2.0,2.0,,865.38,1.0,,,,,11861.485,2943.1174,0,0,0.0,,0,0,40802,2,,,,1.0,1.0,,2929.4395,7860.0,2320.0,3540,,,,,,,88320.0,2010,602,599,0,0,0,0,0,18.0,8.0,40.0,2010,2.0,7,8,2,8700,87001,1,33,17,16980,0,2.0,1.0,,7,2,27,,2,44,1,,0,0,7,2,57,57,57,1,0,0,1.0,1.0,,45.0,,80.0,,,,,,2.0,3.0,0.0,1,2.0,2.0,2.0,,1057.69,1.0,,,,,15553.9587,3766.8862,0,0,0.0,,0,0,34876,2,,,,,,2.0,3789.7903,7860.0,2320.0,3540,,,,,,,87777.0,2011,614,599,0,0,0,0,0,18.0,8.0,40.0,2011,MIS4_to_MIS8,illinois,1,2010-2011,1,0,0,0,retention
194991609029738,3,2.0,1,4,2,8700,87001,1,1,33,17,16980,0,2.0,1.0,,7,1,56,2.0,1,44,1,,1,1,1,1,2,57,57,57,1,0,0,2.0,1.0,,40.0,8.0,32.0,,,8.0,,,4.0,2.0,0.0,1,2.0,2.0,2.0,,1500.0,1.0,,,,,12115.9653,2939.402,0,0,0.0,,0,0,18059,1,,,,,,2.0,2973.7845,8370.0,420.0,-1,,,,,,,88353.0,2010,602,599,0,0,0,0,0,18.0,1.0,43.0,2010,3.0,1,8,2,8700,87001,1,33,17,16980,0,2.0,1.0,,7,1,57,2.0,1,44,1,,1,1,1,2,57,57,57,1,0,0,2.0,1.0,,30.0,,30.0,,,21.0,,,7.0,4.0,0.0,1,2.0,,1.0,1500.0,450.0,2.0,2.0,,,,10799.8308,2741.1065,0,0,0.0,0.0,0,0,8483,1,,,,,,2.0,2731.8763,8370.0,2010.0,-1,,,,,,,87807.0,2011,614,599,0,0,0,0,0,18.0,6.0,43.0,2011,MIS4_to_MIS8,illinois,1,2010-2011,0,1,0,1,retention
197761709050763,3,1.0,1,4,2,8700,87001,1,1,33,17,16980,0,2.0,1.0,,7,3,49,1.0,2,44,2,,2,1,2,1,2,57,57,57,1,0,0,,2.0,14.0,37.0,,,,,,,,5.0,2.0,0.0,1,1.0,2.0,2.0,,1153.0,2.0,2.0,,,,12067.4271,2863.8259,0,0,1.0,,41,41,6477,2,,,,,,2.0,2884.62,9480.0,2550.0,-1,,,,,,,88363.0,2010,602,599,0,0,0,0,0,18.0,8.0,51.0,2010,1.0,1,8,2,8700,87001,1,33,17,16980,0,2.0,1.0,,7,3,50,1.0,2,44,2,,1,2,1,2,57,57,57,1,0,0,,1.0,,30.0,,30.0,,,22.0,,,7.0,3.0,0.0,1,2.0,2.0,2.0,,1538.0,1.0,,,,,11290.4889,2844.8476,3,3,1.0,,41,41,32333,2,,,,,,2.0,2781.5225,7860.0,2310.0,-1,,,,,,,87818.0,2011,614,599,0,0,1,0,0,18.0,8.0,40.0,2011,MIS4_to_MIS8,illinois,1,2010-2011,1,0,0,0,retention
600972094411929,3,1.0,1,4,2,8700,87001,1,1,33,17,16980,0,2.0,1.0,,7,1,39,2.0,1,39,2,,1,1,1,1,2,57,57,57,1,0,0,1.0,1.0,,40.0,,40.0,,,,,,2.0,2.0,0.0,1,2.0,,1.0,1800.0,720.0,2.0,2.0,,,,10130.3612,2701.0001,10,3,1.0,1.0,0,42,30572,1,1.0,,,,,,2721.7769,9370.0,6260.0,-1,,,,,,,88505.0,2010,602,599,0,0,1,1,0,12.0,19.0,51.0,2010,2.0,1,8,2,8700,87001,1,33,17,16980,0,2.0,1.0,,7,1,40,2.0,1,39,2,,1,1,1,2,57,57,57,1,0,0,2.0,4.0,,,,,,,,3.0,2.0,11.0,2.0,0.0,2,,,,,,,,,,,11846.5921,3024.3859,6,3,,,0,0,45186,1,1.0,,,,,,2990.9073,9370.0,8255.0,-1,,,,,,,87965.0,2011,614,599,1,0,1,0,1,12.0,21.0,51.0,2011,MIS4_to_MIS8,illinois,1,2010-2011,1,0,0,0,retention
710196977700356,3,1.0,4,4,2,8700,87001,1,1,33,17,16980,0,2.0,1.0,,7,1,37,,2,43,2,,1,1,1,3,2,57,57,57,1,0,0,1.0,1.0,,37.0,,37.0,,,,,,2.0,3.0,0.0,1,1.0,2.0,2.0,,1153.84,1.0,,,,,10193.1534,2575.2501,3,1,0.0,,0,0,30410,1,,,,2.0,,,2546.7845,7860.0,2310.0,-1,,,,,,,88553.0,2010,602,599,0,0,1,0,0,16.0,8.0,40.0,2010,1.0,4,8,2,8700,87001,1,33,17,16980,0,2.0,1.0,,7,1,39,,2,44,2,,1,1,3,2,57,57,57,1,0,0,1.0,1.0,,30.0,,30.0,,,22.0,,,7.0,3.0,0.0,1,2.0,2.0,2.0,,1538.46,1.0,,,,,10626.3257,2553.0501,3,1,0.0,,0,0,32332,1,,,,,,2.0,2571.0341,7860.0,2310.0,-1,,,,,,,88008.0,2011,614,599,0,0,1,0,0,18.0,8.0,40.0,2011,MIS4_to_MIS8,illinois,1,2010-2011,1,0,0,0,retention
748770560960911,3,1.0,1,4,2,8700,87001,1,1,33,17,16980,0,2.0,1.0,,7,1,41,2.0,1,43,1,,1,1,1,1,2,164,164,164,4,0,14,1.0,2.0,4.0,40.0,,,,,,,,5.0,2.0,0.0,1,1.0,1.0,1.0,1400.0,650.0,1.0,,,,,11795.0838,2933.1518,0,0,0.0,0.0,0,0,17682,1,,,,2.0,,,2948.9803,7870.0,7340.0,-1,,,,,,,88572.0,2010,602,599,0,0,0,0,0,16.0,20.0,40.0,2010,1.0,1,8,2,8700,87001,1,33,17,16980,0,2.0,1.0,,7,1,42,2.0,1,43,1,,1,1,1,2,164,164,164,4,0,14,1.0,1.0,,40.0,,40.0,,,,,,2.0,5.0,0.0,1,2.0,,1.0,1450.0,580.0,1.0,,,,,12943.571,3242.8875,0,0,0.0,0.0,0,0,18574,1,,,,2.0,,,3283.4602,8190.0,7330.0,-1,,,,,,,88023.0,2011,614,599,0,0,0,0,0,16.0,20.0,41.0,2011,MIS4_to_MIS8,illinois,1,2010-2011,0,1,0,1,retention
860478094711007,3,2.0,3,4,2,8700,87001,1,1,33,17,16980,0,2.0,1.0,,7,6,49,,2,39,2,,2,2,1,5,2,57,57,57,1,0,0,1.0,1.0,,40.0,,40.0,,,,,,2.0,3.0,0.0,1,2.0,,1.0,1100.0,440.0,2.0,1.0,,,,12067.4271,2863.8259,3,2,1.0,1.0,0,42,52941,2,1.0,,,,,,2884.62,8180.0,5000.0,-1,2.0,,,,,,88672.0,2010,602,599,0,0,1,0,0,12.0,17.0,42.0,2010,2.0,4,8,2,8700,87001,1,33,17,16980,0,2.0,1.0,,7,1,50,,2,39,2,,1,1,3,2,57,57,57,1,0,0,1.0,4.0,,,,,,,,6.0,4.0,12.0,2.0,0.0,2,,,,,,,,,,,11523.7304,2844.8476,10,3,,,0,0,43223,2,1.0,,,,,,2946.2208,8290.0,5400.0,-1,2.0,,,,,,88100.0,2011,614,599,0,0,1,1,0,12.0,17.0,42.0,2011,MIS4_to_MIS8,illinois,1,2010-2011,1,0,0,0,retention
967949210209104,3,1.0,1,4,2,8700,87001,1,1,33,17,16980,0,2.0,1.0,,7,1,67,2.0,1,42,1,,1,1,1,1,2,57,57,57,1,0,0,1.0,1.0,,48.0,,48.0,,,,,,2.0,3.0,0.0,1,2.0,1.0,1.0,2700.0,830.76,1.0,,,,,11947.512,2733.1608,0,0,0.0,0.0,0,0,17873,1,,,3.0,,,,2746.2817,9470.0,3710.0,-1,4.0,,,,,,88735.0,2010,602,599,0,0,0,0,0,14.0,12.0,51.0,2010,3.0,1,8,2,8700,87001,1,33,17,16980,0,2.0,1.0,,7,1,68,2.0,1,43,1,,1,1,1,2,57,57,57,1,0,0,2.0,2.0,5.0,45.0,,,,,,,,5.0,4.0,0.0,1,2.0,,1.0,1300.0,585.0,1.0,,,,,11563.5829,2751.1147,0,0,1.0,1.0,0,42,21869,1,,,,2.0,,,2657.9411,6180.0,9000.0,-1,4.0,,,,,,88177.0,2011,614,599,0,0,0,0,0,16.0,22.0,23.0,2011,MIS4_to_MIS8,illinois,1,2010-2011,0,1,0,1,retention
88691170991793,3,1.0,1,4,2,8700,87001,1,1,33,17,0,99,3.0,2.0,,0,1,54,2.0,2,44,1,,1,1,1,1,2,57,57,57,1,0,0,1.0,1.0,,40.0,5.0,32.0,,,5.0,,,4.0,3.0,0.0,1,2.0,2.0,2.0,,846.15,1.0,,,,,11573.5512,2846.132,5,3,0.0,,0,0,15152,1,,,,,,2.0,2870.4465,7860.0,2310.0,-1,,,,,,,88813.0,2010,602,599,1,1,0,0,1,18.0,8.0,40.0,2010,1.0,1,8,2,8700,87001,1,33,17,0,99,3.0,2.0,,0,1,55,2.0,2,44,1,,1,1,1,2,57,57,57,1,0,0,1.0,1.0,,40.0,,40.0,,,,,,2.0,3.0,0.0,1,2.0,2.0,2.0,,961.53,1.0,,,,,12213.4441,2953.7681,2,3,0.0,,0,0,34946,1,,,,,,2.0,2967.1606,7860.0,2320.0,-1,,,,,,,88255.0,2011,614,599,0,1,0,0,1,18.0,8.0,40.0,2011,MIS4_to_MIS8,illinois,1,2010-2011,1,0,0,0,retention
799050754740911,3,1.0,7,4,2,8700,87001,1,1,33,17,0,0,3.0,2.0,,0,2,56,,2,39,1,,1,0,0,7,2,57,57,57,1,0,0,1.0,1.0,,12.0,,10.0,,,15.0,,,6.0,2.0,0.0,1,2.0,1.0,1.0,1045.0,150.0,1.0,,,,,10283.2245,2664.3974,0,0,0.0,0.0,0,0,15142,1,1.0,,,,,,2644.4773,8290.0,4610.0,-1,,,,,,,88856.0,2010,602,599,0,0,0,0,0,12.0,15.0,42.0,2010,1.0,7,8,2,8700,87001,1,33,17,0,0,3.0,2.0,,0,2,57,,2,39,1,,0,0,7,2,57,57,57,1,0,0,1.0,4.0,,,,,,,,3.0,3.0,11.0,2.0,0.0,2,,,,,,,,,,,12156.9222,2953.7681,0,0,,,0,0,71100,1,1.0,,,,,,2959.055,8290.0,4610.0,-1,,,,,,,88293.0,2011,614,599,0,0,0,0,0,12.0,15.0,42.0,2011,MIS4_to_MIS8,illinois,1,2010-2011,1,0,0,0,retention
799410142170911,3,1.0,1,4,2,8700,87001,1,1,33,17,0,0,3.0,2.0,,0,3,53,1.0,1,39,1,,2,1,2,1,2,57,57,57,1,0,0,2.0,2.0,4.0,40.0,,,,,,,,5.0,2.0,0.0,1,2.0,1.0,1.0,1770.0,500.0,1.0,,,,,12026.7533,2999.1835,0,0,0.0,0.0,0,0,15149,2,1.0,,,,,,3004.9064,6290.0,9620.0,-1,,,,,,,88866.0,2010,602,599,0,0,0,0,0,12.0,22.0,23.0,2010,2.0,1,8,2,8700,87001,1,33,17,0,0,3.0,2.0,,0,3,54,1.0,1,39,1,,1,2,1,2,57,57,57,1,0,0,1.0,2.0,5.0,40.0,,,,,,,,5.0,3.0,0.0,1,2.0,1.0,1.0,4305.0,876.0,2.0,1.0,,,,11674.2848,2953.145,0,0,1.0,1.0,0,0,34871,2,1.0,,,,,,2957.7368,6290.0,6730.0,-1,,,,,,,88303.0,2011,614,599,0,0,0,0,0,12.0,19.0,23.0,2011,MIS4_to_MIS8,illinois,1,2010-2011,1,0,0,0,retention
110709946436986,3,1.0,1,4,2,8700,87001,1,1,33,17,44100,0,,1.0,,2,3,64,1.0,2,43,1,,2,1,2,1,2,57,128,102,1,0,0,2.0,1.0,,-4.0,,28.0,,,21.0,,,7.0,2.0,0.0,1,2.0,2.0,2.0,,500.0,2.0,2.0,,,,10769.0088,2734.2732,0,0,0.0,,0,0,49269,2,,,,1.0,2.0,,2720.7067,9370.0,5400.0,-1,,,,,,,88960.0,2010,602,599,0,0,0,0,0,17.0,17.0,51.0,2010,1.0,1,8,2,8700,87001,1,33,17,44100,0,,1.0,,2,3,64,1.0,2,43,1,,1,2,1,2,57,128,102,1,0,0,2.0,1.0,,-4.0,,14.0,,,21.0,,,7.0,2.0,0.0,1,2.0,2.0,2.0,,428.57,2.0,2.0,,,,10872.1479,2760.2555,0,0,0.0,,0,0,18598,2,,,,1.0,2.0,,2754.5499,9370.0,5700.0,-1,,,,,,,88389.0,2011,614,599,0,0,0,0,0,17.0,17.0,51.0,2011,MIS4_to_MIS8,illinois,1,2010-2011,1,0,0,0,retention
110709973562783,3,2.0,1,4,2,8700,87001,1,1,33,17,16580,0,,1.0,,2,4,42,,2,43,1,,3,2,1,6,2,57,57,57,1,0,0,2.0,1.0,,40.0,,40.0,,,,,,2.0,2.0,0.0,1,2.0,2.0,2.0,,1000.0,2.0,2.0,,,,10770.9462,2674.5511,3,1,1.0,,0,0,49109,3,,,,1.0,2.0,,2677.0743,7870.0,2850.0,-1,,,,,2.0,1.0,88963.0,2010,602,599,0,0,1,0,0,17.0,9.0,40.0,2010,2.0,1,8,2,8700,87001,1,33,17,16580,0,,1.0,,2,4,43,,2,43,1,,2,1,5,2,57,57,57,1,0,0,2.0,1.0,,40.0,,40.0,,,,,,2.0,2.0,0.0,1,2.0,2.0,2.0,,784.0,2.0,1.0,,,,13414.5457,3367.4174,3,1,1.0,,0,0,45058,3,,,,1.0,1.0,,3371.5901,7870.0,740.0,-1,,,,,2.0,1.0,88392.0,2011,614,599,0,0,1,0,0,18.0,2.0,40.0,2011,MIS4_to_MIS8,illinois,1,2010-2011,1,0,0,0,retention
120971093411189,3,1.0,7,4,2,8700,87001,1,1,33,17,16580,0,,1.0,,2,2,65,,2,46,1,,1,0,0,7,2,57,57,57,1,0,0,1.0,1.0,,60.0,,60.0,,,,,,2.0,2.0,0.0,1,2.0,2.0,2.0,,1333.33,1.0,,,,,10433.1937,2674.3351,0,0,0.0,,0,0,17654,1,,,,,,,2650.4088,7870.0,2200.0,-1,,,,,,,88965.0,2010,602,599,0,0,0,0,0,18.0,8.0,40.0,2010,1.0,7,8,2,8700,87001,1,33,17,16580,0,,1.0,,2,2,66,,2,46,1,,0,0,7,2,57,57,57,1,0,0,1.0,2.0,4.0,50.0,,,,,,,,5.0,2.0,0.0,1,2.0,2.0,2.0,,951.92,1.0,,,,,12206.4835,3042.225,0,0,0.0,,0,0,21693,1,,,,,,,3007.5772,7870.0,2200.0,-1,,,,,,,88394.0,2011,614,599,0,0,0,0,0,18.0,8.0,40.0,2011,MIS4_to_MIS8,illinois,1,2010-2011,1,0,0,0,retention
120971093411189,3,1.0,7,4,2,8700,87001,1,1,33,17,16580,0,,1.0,,2,14,58,,2,43,1,,2,0,0,5,2,57,57,57,1,0,0,2.0,1.0,,38.0,,38.0,,,,,,2.0,2.0,0.0,1,2.0,,1.0,2150.0,817.0,1.0,,,,,10664.2709,2763.127,0,0,1.0,1.0,0,0,17654,2,,,,1.0,1.0,,2742.4688,7870.0,2200.0,-1,,,,,,,88966.0,2010,602,599,0,0,0,0,0,18.0,8.0,40.0,2010,1.0,7,8,2,8700,87001,1,33,17,16580,0,,1.0,,2,14,59,,2,43,1,,0,0,5,2,57,57,57,1,0,0,2.0,1.0,,38.0,5.0,30.0,,,5.0,,,4.0,2.0,0.0,1,2.0,1.0,1.0,3200.0,596.15,1.0,,,,,12097.1256,2925.637,0,0,0.0,1.0,0,0,21693,2,,,,2.0,,,2938.9019,7870.0,2200.0,-1,,,,,,,88395.0,2011,614,599,0,0,0,0,0,16.0,8.0,40.0,2011,MIS4_to_MIS8,illinois,1,2010-2011,1,0,0,0,retention
799270486510911,3,2.0,1,4,2,8700,87001,1,1,33,17,28100,91,,1.0,,2,1,46,2.0,1,44,1,,1,1,1,1,2,57,57,57,1,0,0,2.0,1.0,,45.0,,45.0,,,,,,2.0,3.0,0.0,1,2.0,2.0,2.0,,1684.0,1.0,,,,,11868.4227,2944.6294,10,3,1.0,,0,0,53039,1,,,,,,2.0,2965.3472,7860.0,2310.0,-1,,,,,,,89001.0,2010,602,599,0,0,1,1,0,18.0,8.0,40.0,2010,2.0,1,8,2,8700,87001,1,33,17,28100,91,,1.0,,2,1,47,2.0,1,44,1,,1,1,1,2,57,57,57,1,0,0,2.0,1.0,,50.0,,40.0,,,,,,2.0,3.0,0.0,1,2.0,2.0,2.0,,961.53,1.0,,,,,11270.7179,2839.4625,4,3,0.0,,0,0,8401,1,,,,,,2.0,2855.4912,7860.0,2310.0,-1,,,,,,,88431.0,2011,614,599,0,0,0,1,0,18.0,8.0,40.0,2011,MIS4_to_MIS8,illinois,1,2010-2011,1,0,0,0,retention
917139110829104,3,1.0,6,4,2,8700,87001,1,1,33,17,16580,0,,1.0,,2,2,50,,1,44,1,,1,0,0,7,2,57,57,57,1,0,0,1.0,1.0,,42.0,1.0,32.0,,,1.0,,,3.0,2.0,0.0,1,2.0,2.0,2.0,,917.3,2.0,2.0,,,,12256.8963,3056.5756,0,0,0.0,,0,0,17655,1,,,,,,2.0,3062.4081,7870.0,2430.0,-1,,,,,,,89030.0,2010,602,599,0,0,0,0,0,18.0,8.0,40.0,2010,1.0,6,8,2,8700,87001,1,33,17,16580,0,,1.0,,2,2,51,,1,44,1,,0,0,7,2,57,57,57,1,0,0,1.0,1.0,,40.0,,49.0,,,,,,2.0,2.0,0.0,1,2.0,2.0,2.0,,903.84,2.0,2.0,,,,11763.4954,2975.7119,0,0,0.0,,0,0,34716,1,,,,,,2.0,2980.3387,7870.0,2430.0,-1,,,,,,,88467.0,2011,614,599,0,0,0,0,0,18.0,8.0,40.0,2011,MIS4_to_MIS8,illinois,1,2010-2011,1,0,0,0,retention
967129710519103,3,1.0,3,4,2,8700,87001,1,1,33,17,19340,0,,1.0,,3,1,22,,1,39,1,,1,1,1,7,2,57,57,57,1,0,0,1.0,1.0,,40.0,,65.0,,,,,,2.0,3.0,0.0,1,2.0,1.0,1.0,1677.0,670.0,2.0,2.0,2.0,,,14592.4867,3603.9902,0,0,0.0,0.0,0,0,71111,1,1.0,,,,,,3552.7153,9370.0,7200.0,210,,,,,,,89057.0,2010,602,599,0,0,0,0,0,12.0,20.0,51.0,2010,1.0,3,8,2,8700,87001,1,33,17,19340,0,,1.0,,3,1,22,,1,39,1,,1,1,7,2,57,57,57,1,0,0,1.0,1.0,,40.0,,66.0,,,,,,2.0,3.0,0.0,1,1.0,,1.0,1680.0,1006.5,1.0,,2.0,,,17403.3214,4250.7908,0,0,1.0,0.0,0,0,34993,1,1.0,,,,,,4232.5074,770.0,6730.0,4750,,,,,,,88486.0,2011,614,599,0,0,0,0,0,12.0,19.0,4.0,2011,MIS4_to_MIS8,illinois,1,2010-2011,1,0,0,0,retention
967129710519103,3,1.0,3,4,2,8700,87001,1,1,33,17,19340,0,,1.0,,3,7,22,,1,40,1,,2,1,4,7,2,57,57,57,1,0,0,2.0,1.0,,40.0,,80.0,,,,,,2.0,3.0,0.0,1,2.0,1.0,1.0,1544.0,617.0,2.0,2.0,2.0,,,14592.4867,3603.9902,0,0,0.0,0.0,0,0,71111,2,,,1.0,,,,3552.7153,570.0,5530.0,7260,,,,,,,89058.0,2010,602,599,0,0,0,0,0,12.0,17.0,24.0,2010,1.0,3,8,2,8700,87001,1,33,17,19340,0,,1.0,,3,7,22,,1,40,1,,1,4,7,2,57,57,57,1,0,0,2.0,1.0,,40.0,,40.0,,,,,,2.0,3.0,0.0,1,2.0,,1.0,1730.0,692.0,1.0,,2.0,,,17403.3214,4250.7908,0,0,0.0,0.0,0,0,34993,2,,,2.0,,,,4232.5074,770.0,6730.0,-1,,,,,,,88487.0,2011,614,599,0,0,0,0,0,13.0,19.0,4.0,2011,MIS4_to_MIS8,illinois,1,2010-2011,1,0,0,0,retention
18198229800677,3,1.0,7,4,2,8700,87001,1,1,32,18,26900,0,1.0,1.0,,5,2,46,,2,39,2,,1,0,0,7,2,57,57,57,1,0,0,,1.0,,40.0,,40.0,,,,,,2.0,3.0,0.0,1,1.0,2.0,2.0,,634.0,1.0,,,,,12294.0628,2903.3029,0,0,1.0,,0,41,71141,1,1.0,,,,,,2938.7954,9370.0,4220.0,-1,,,,,,,89077.0,2010,602,599,0,0,0,0,0,12.0,14.0,51.0,2010,1.0,7,8,2,8700,87001,1,32,18,26900,0,1.0,1.0,,5,2,47,,2,39,2,,0,0,7,2,57,57,57,1,0,0,1.0,1.0,,40.0,,40.0,,,,,,2.0,4.0,0.0,1,2.0,,1.0,1183.0,473.2,1.0,,,,,11148.2242,2775.7786,0,0,1.0,1.0,0,42,8591,1,1.0,,,,,,2746.4741,7860.0,4220.0,-1,,,,,,,88498.0,2011,614,599,0,0,0,0,0,12.0,14.0,40.0,2011,MIS4_to_MIS8,indiana,0,2010-2011,0,1,0,1,retention
150984098611809,3,1.0,1,4,2,8700,87001,1,1,32,18,26900,0,1.0,1.0,,5,3,57,1.0,2,46,1,,2,1,2,1,2,57,57,57,1,0,0,2.0,4.0,,,,,,,,39.0,2.0,11.0,2.0,0.0,2,,,,,,,,,,,13781.1784,2783.4891,0,0,,,0,0,40988,2,,,,,,,2644.8895,7870.0,3150.0,-1,,,,,,,89096.0,2010,602,599,0,0,0,0,0,18.0,10.0,40.0,2010,1.0,1,8,2,8700,87001,1,32,18,26900,0,1.0,1.0,,5,3,58,1.0,2,46,1,,1,2,1,2,57,57,57,1,0,0,2.0,5.0,,,,,,,,,,1.0,,,2,,,,,,,,,,,10581.2384,2816.7113,0,0,,,0,0,45382,2,,,,,,,2729.9503,,,-1,,,,,,,88520.0,2011,614,599,0,0,0,0,0,18.0,,,2011,MIS4_to_MIS8,indiana,0,2010-2011,0,1,0,0,retention
899240092350911,3,1.0,6,4,2,8700,87001,1,1,32,18,23060,0,1.0,1.0,,3,2,50,,1,40,1,,1,0,0,5,2,57,57,57,1,0,0,1.0,4.0,,,,,,,,60.0,2.0,11.0,3.0,0.0,2,,,,,,,,,,,11073.9534,2769.3454,0,0,,,0,0,63355,1,,,2.0,,,,2704.7384,6070.0,4550.0,-1,,,,,,,89160.0,2010,602,599,0,0,0,0,0,13.0,15.0,23.0,2010,1.0,3,8,2,8700,87001,1,32,18,23060,0,1.0,1.0,,3,1,51,,1,40,1,,1,1,5,2,57,57,57,1,0,0,1.0,1.0,,40.0,,54.0,,,,,,2.0,4.0,0.0,1,1.0,,1.0,1300.0,570.0,2.0,2.0,,,,11466.7107,2866.3302,4,1,0.0,0.0,0,0,45321,1,,,3.0,,,,2905.1469,3890.0,6130.0,-1,,,,,,,88585.0,2011,614,599,0,0,0,1,0,14.0,18.0,12.0,2011,MIS4_to_MIS8,indiana,0,2010-2011,0,1,0,1,retention
930984092011529,3,2.0,1,4,2,8700,87001,1,1,32,18,23060,0,1.0,1.0,,3,3,49,1.0,2,41,2,,2,1,2,1,2,57,57,57,1,0,0,1.0,1.0,,40.0,,40.0,,,,,,2.0,3.0,0.0,1,2.0,,1.0,1100.0,440.0,2.0,1.0,,,,12357.3197,2918.2414,0,0,0.0,0.0,0,0,71125,2,,,3.0,,,,2953.9165,7860.0,2430.0,-1,3.0,,,,,,89182.0,2010,602,599,0,0,0,0,0,14.0,8.0,40.0,2010,2.0,1,8,2,8700,87001,1,32,18,23060,0,1.0,1.0,,3,3,50,1.0,2,39,2,,1,2,1,2,57,57,57,1,0,0,1.0,1.0,,30.0,,30.0,,,15.0,,,6.0,4.0,0.0,1,2.0,,1.0,1390.0,417.0,2.0,2.0,,,,10297.9097,2564.0601,0,0,0.0,0.0,0,0,67929,2,1.0,,,,,,2536.9909,7860.0,2430.0,-1,3.0,,,,,,88609.0,2011,614,599,0,0,0,0,0,12.0,8.0,40.0,2011,MIS4_to_MIS8,indiana,0,2010-2011,0,1,0,1,retention
930984092011529,3,2.0,1,4,2,8700,87001,1,1,32,18,23060,0,1.0,1.0,,3,4,19,,2,39,2,,5,1,3,7,2,57,57,57,1,0,0,2.0,1.0,,30.0,,30.0,,,15.0,,,6.0,3.0,0.0,1,2.0,,1.0,815.0,244.5,2.0,2.0,2.0,,,11310.3366,3265.3769,0,0,0.0,0.0,0,0,71125,5,1.0,,,,,,3191.1638,7860.0,2540.0,-1,,,,,2.0,1.0,89183.0,2010,602,599,0,0,0,0,0,12.0,8.0,40.0,2010,2.0,1,8,2,8700,87001,1,32,18,23060,0,1.0,1.0,,3,4,20,,2,39,2,,1,3,7,2,57,57,57,1,0,0,2.0,1.0,,30.0,,30.0,,,14.0,,,6.0,3.0,0.0,1,2.0,,1.0,998.0,299.4,2.0,2.0,2.0,,,14321.7227,3662.8862,0,0,0.0,0.0,0,0,67929,5,1.0,,,,,,3725.2614,7860.0,2540.0,-1,,,,,2.0,1.0,88610.0,2011,614,599,0,0,0,0,0,12.0,8.0,40.0,2011,MIS4_to_MIS8,indiana,0,2010-2011,1,0,0,0,retention
32371180994992,3,2.0,1,4,2,8700,87001,1,1,32,18,21780,0,2.0,1.0,,3,1,48,2.0,1,39,1,,1,1,1,1,2,57,57,57,1,0,0,2.0,1.0,,40.0,,55.0,,,,,,2.0,3.0,0.0,1,2.0,2.0,2.0,,769.23,2.0,2.0,,,,10652.0999,2629.8917,0,0,0.0,,0,0,18301,1,1.0,,,,,,2661.4467,7860.0,7340.0,2320,,,,,,,89213.0,2010,602,599,0,0,0,0,0,12.0,20.0,40.0,2010,2.0,1,8,2,8700,87001,1,32,18,21780,0,2.0,1.0,,3,1,49,2.0,1,39,1,,1,1,1,2,57,57,57,1,0,0,2.0,1.0,,40.0,,40.0,,,,,,2.0,3.0,0.0,1,2.0,,1.0,1850.0,740.0,2.0,2.0,,,,11023.0128,2744.2126,0,0,0.0,0.0,0,0,8643,1,1.0,,,,,,2792.7339,6870.0,7340.0,-1,,,,,,,88631.0,2011,614,599,0,0,0,0,0,12.0,20.0,32.0,2011,MIS4_to_MIS8,indiana,0,2010-2011,1,0,0,0,retention
101900621891808,3,1.0,3,4,2,8700,87001,1,1,32,18,16980,89,2.0,1.0,,7,1,51,,1,39,1,,1,1,1,4,2,57,57,57,1,0,0,1.0,1.0,,40.0,,40.0,,,,,,2.0,3.0,0.0,1,2.0,1.0,1.0,1800.0,730.0,2.0,2.0,,,,10379.1375,2575.6147,0,0,1.0,1.0,0,0,57513,1,1.0,,,,,,2593.2466,9370.0,4220.0,-1,,,,,,,89230.0,2010,602,599,0,0,0,0,0,12.0,14.0,51.0,2010,1.0,3,8,2,8700,87001,1,32,18,16980,89,2.0,1.0,,7,1,52,,1,39,1,,1,1,4,2,57,57,57,1,0,0,1.0,1.0,,40.0,,44.0,,,,,,2.0,3.0,0.0,1,1.0,1.0,1.0,2055.0,865.38,2.0,2.0,,,,11341.0799,2834.9263,0,0,0.0,0.0,0,0,8555,1,1.0,,,,,,2873.3177,680.0,8620.0,-1,,,,,,,88657.0,2011,614,599,0,0,0,0,0,12.0,21.0,24.0,2011,MIS4_to_MIS8,indiana,0,2010-2011,1,0,0,0,retention
110809980062181,3,1.0,1,4,2,8700,87001,1,1,32,18,16980,89,2.0,1.0,,7,3,53,1.0,2,44,1,,2,1,2,1,2,57,57,57,1,0,0,2.0,1.0,,40.0,,40.0,,,,,,2.0,3.0,0.0,1,2.0,2.0,2.0,,1038.0,1.0,,,,,11358.5996,2779.5736,0,0,1.0,,0,42,18175,2,,,,,,2.0,2817.1347,7860.0,2310.0,-1,,,,,,,89253.0,2010,602,599,0,0,0,0,0,18.0,8.0,40.0,2010,2.0,1,8,2,8700,87001,1,32,18,16980,89,2.0,1.0,,7,3,54,1.0,2,44,1,,1,2,1,2,57,57,57,1,0,0,1.0,1.0,,35.0,,35.0,,,,,,2.0,2.0,0.0,1,2.0,2.0,2.0,,2038.0,1.0,,,,,13557.2773,3294.7302,0,0,1.0,,0,0,22143,2,,,,,,2.0,3377.6554,7860.0,2310.0,-1,,,,,,,88684.0,2011,614,599,0,0,0,0,0,18.0,8.0,40.0,2011,MIS4_to_MIS8,indiana,0,2010-2011,1,0,0,0,retention
481659061905395,3,1.0,1,4,2,8700,87001,1,1,32,18,26900,0,2.0,1.0,,5,3,59,1.0,1,44,1,,2,1,2,1,2,110,57,57,3,0,2,2.0,1.0,,40.0,,40.0,,,,,,2.0,2.0,0.0,1,2.0,2.0,2.0,,800.0,2.0,2.0,,,,10493.8542,2533.3838,0,0,1.0,,0,0,40986,2,,,,,,2.0,2575.6479,7870.0,2200.0,-1,3.0,,,,,,89317.0,2010,602,599,0,0,0,0,0,18.0,8.0,40.0,2010,1.0,1,8,2,8700,87001,1,32,18,26900,0,2.0,1.0,,5,3,60,1.0,1,44,1,,1,2,1,2,110,57,57,3,0,2,2.0,1.0,,40.0,,40.0,,,,,,2.0,2.0,0.0,1,2.0,2.0,2.0,,1557.0,2.0,2.0,,,,10808.7871,2604.3943,0,0,1.0,,0,0,22172,2,,,,,,2.0,2594.998,7870.0,2200.0,-1,3.0,,,,,,88744.0,2011,614,599,0,0,0,0,0,18.0,8.0,40.0,2011,MIS4_to_MIS8,indiana,0,2010-2011,1,0,0,0,retention
601008081101378,3,1.0,1,4,2,8700,87001,1,1,32,18,31140,0,2.0,1.0,,5,1,32,2.0,2,44,1,,1,1,1,1,2,57,233,57,1,0,0,1.0,1.0,,40.0,,40.0,,,,,,2.0,2.0,0.0,1,1.0,2.0,2.0,,961.53,1.0,,,,,12283.5572,3034.8655,2,1,0.0,,0,0,10333,1,,,,,,2.0,3033.679,7860.0,2310.0,-1,,,,,,,89321.0,2010,602,599,0,1,0,0,1,18.0,8.0,40.0,2010,1.0,1,8,2,8700,87001,1,32,18,31140,0,2.0,1.0,,5,1,33,2.0,2,44,1,,1,1,1,2,57,233,57,1,0,0,1.0,1.0,,40.0,,40.0,,,,,,2.0,2.0,0.0,1,1.0,2.0,2.0,,961.53,1.0,,,,,11722.423,2811.5694,3,1,0.0,,0,0,27885,1,,,,,,2.0,2856.2198,7860.0,2320.0,-1,,,,,,,88748.0,2011,614,599,0,0,1,0,0,18.0,8.0,40.0,2011,MIS4_to_MIS8,indiana,0,2010-2011,1,0,0,0,retention
899100015650911,3,1.0,1,4,2,8700,87001,1,1,32,18,26900,0,2.0,1.0,,5,3,65,1.0,2,39,1,,2,1,2,1,2,57,57,57,1,0,0,2.0,1.0,,35.0,1.0,27.0,,,1.0,,,3.0,3.0,0.0,1,2.0,,1.0,975.0,263.25,2.0,2.0,,,,9873.5555,2518.472,0,0,0.0,0.0,0,0,4335,2,1.0,,,,,,2508.2404,7860.0,2540.0,-1,,,,,,,89350.0,2010,602,599,0,0,0,0,0,12.0,8.0,40.0,2010,1.0,1,8,2,8700,87001,1,32,18,26900,0,2.0,1.0,,5,3,66,1.0,2,39,1,,1,2,1,2,57,57,57,1,0,0,2.0,1.0,,36.0,,36.0,,,,,,2.0,3.0,0.0,1,2.0,,1.0,1100.0,396.0,2.0,2.0,,,,12368.2603,3046.0866,0,0,0.0,0.0,0,0,5365,2,1.0,,,,,,3047.4376,7860.0,2540.0,-1,,,,,,,88777.0,2011,614,599,0,0,0,0,0,12.0,8.0,40.0,2011,MIS4_to_MIS8,indiana,0,2010-2011,1,0,0,0,retention
920983092711439,3,2.0,1,4,2,8700,87001,1,1,32,18,21780,0,2.0,1.0,,3,3,36,1.0,2,40,1,,2,1,2,1,2,57,57,57,1,0,0,1.0,1.0,,40.0,,40.0,,,,,,2.0,3.0,0.0,1,2.0,1.0,1.0,1075.0,425.96,2.0,2.0,,,,12377.5197,3047.6767,8,2,0.0,0.0,0,0,18300,2,,,2.0,,,,3076.3815,9380.0,5860.0,-1,,,,,,,89378.0,2010,602,599,0,1,1,0,1,13.0,17.0,51.0,2010,2.0,1,8,2,8700,87001,1,32,18,21780,0,2.0,1.0,,3,3,37,1.0,2,40,1,,1,2,1,2,57,57,57,1,0,0,1.0,1.0,,40.0,,40.0,,,,,,2.0,3.0,0.0,1,2.0,,1.0,1200.0,480.0,2.0,2.0,,,,11504.9197,2886.6098,3,2,0.0,0.0,0,0,67964,2,,,3.0,,,,2891.6278,9380.0,5700.0,-1,,,,,,,88811.0,2011,614,599,0,0,1,0,0,14.0,17.0,51.0,2011,MIS4_to_MIS8,indiana,0,2010-2011,1,0,0,0,retention
21721180993498,3,1.0,4,4,2,8700,87001,1,1,32,18,0,0,3.0,2.0,,0,1,36,,2,39,1,,1,1,1,5,2,57,57,57,1,0,0,1.0,1.0,,35.0,5.0,25.0,,,5.0,,,4.0,3.0,0.0,1,2.0,2.0,2.0,,573.07,2.0,2.0,,,,11974.1228,2948.3496,14,3,0.0,,0,0,6703,1,1.0,,,,,,2976.1189,9570.0,5700.0,-1,,,,,,,89419.0,2010,602,599,0,1,1,1,1,12.0,17.0,51.0,2010,2.0,4,8,2,8700,87001,1,32,18,0,0,3.0,2.0,,0,1,37,,2,39,1,,1,1,5,2,57,57,57,1,0,0,1.0,1.0,,35.0,,35.0,,,,,,2.0,3.0,0.0,1,2.0,2.0,2.0,,557.69,2.0,2.0,,,,11088.8027,2782.2051,15,4,0.0,,0,0,35068,1,1.0,,,,,,2787.0417,9370.0,5120.0,-1,,,,,,,88842.0,2011,614,599,1,1,1,1,1,12.0,17.0,51.0,2011,MIS4_to_MIS8,indiana,0,2010-2011,1,0,0,0,retention
194991408072878,3,1.0,7,4,2,8700,87001,1,1,32,18,0,0,3.0,2.0,,0,2,54,,2,40,1,,1,0,0,5,2,57,57,57,1,0,0,1.0,4.0,,,,,,,,27.0,2.0,11.0,3.0,0.0,2,,,,,,,,,,,10835.5876,2818.7739,0,0,,,0,0,49311,1,,,3.0,,,,2656.0938,7860.0,4600.0,-1,,,,,,,89456.0,2010,602,599,0,0,0,0,0,14.0,15.0,40.0,2010,1.0,7,8,2,8700,87001,1,32,18,0,0,3.0,2.0,,0,2,55,,2,40,1,,0,0,5,2,57,57,57,1,0,0,1.0,1.0,,20.0,,22.0,,,14.0,,,6.0,4.0,0.0,1,2.0,,1.0,725.0,145.0,2.0,2.0,,,,11730.4385,2803.402,0,0,0.0,0.0,0,0,43238,1,,,3.0,,,,2849.8181,8660.0,310.0,-1,,,,,,,88882.0,2011,614,599,0,0,0,0,0,14.0,1.0,45.0,2011,MIS4_to_MIS8,indiana,0,2010-2011,0,1,0,1,retention
988179610269108,3,2.0,1,4,2,8700,87001,1,1,32,18,0,0,3.0,2.0,,0,1,43,3.0,1,37,1,,2,1,1,1,2,57,57,57,1,0,0,1.0,1.0,,40.0,,40.0,,,,,,2.0,3.0,0.0,1,2.0,,1.0,1100.0,440.0,2.0,2.0,,,,11303.4252,2797.1038,0,0,0.0,0.0,0,0,63357,2,,,,,,,2826.0569,6290.0,6730.0,-1,,,,,,,89571.0,2010,602,599,0,0,0,0,0,11.0,19.0,23.0,2010,2.0,6,8,2,8700,87001,1,32,18,0,0,3.0,2.0,,0,2,44,,1,39,1,,0,0,5,2,57,57,57,1,0,0,1.0,1.0,,40.0,,40.0,,,,,,2.0,3.0,0.0,1,2.0,,1.0,1200.0,480.0,2.0,2.0,,,,11788.0698,2918.4573,0,0,0.0,0.0,0,0,71182,2,1.0,,,,,,2990.3385,6290.0,6730.0,-1,,,,,,,88995.0,2011,614,599,0,0,0,0,0,12.0,19.0,23.0,2011,MIS4_to_MIS8,indiana,0,2010-2011,1,0,0,0,retention
108071007065871,3,1.0,1,4,2,8700,87001,1,1,32,18,0,0,,1.0,,0,1,54,2.0,1,44,1,,1,1,1,1,2,57,57,57,1,0,0,1.0,1.0,,40.0,,40.0,,,,,,2.0,2.0,0.0,1,2.0,,1.0,2300.0,920.0,1.0,,,,,10897.4051,2704.2244,0,0,0.0,0.0,0,0,40951,1,,,,,,3.0,2722.7367,7860.0,2550.0,-1,,,,,,,89606.0,2010,602,599,0,0,0,0,0,18.0,8.0,40.0,2010,2.0,1,8,2,8700,87001,1,32,18,0,0,,1.0,,0,1,55,2.0,1,44,1,,1,1,1,2,57,57,57,1,0,0,2.0,1.0,,45.0,,41.0,,,,,,2.0,2.0,0.0,1,2.0,2.0,2.0,,1384.61,2.0,1.0,,,,10701.9347,2684.1336,0,0,0.0,,0,0,51586,1,,,,,,3.0,2707.1129,7860.0,2550.0,-1,,,,,,,89027.0,2011,614,599,0,0,0,0,0,18.0,8.0,40.0,2011,MIS4_to_MIS8,indiana,0,2010-2011,1,0,0,0,retention
510983092011269,3,2.0,1,4,2,8700,87001,1,1,32,18,33140,91,,1.0,,2,1,60,2.0,2,39,1,,1,1,1,1,2,57,57,57,1,0,0,2.0,1.0,,40.0,,40.0,,,,,,2.0,3.0,0.0,1,1.0,,1.0,1325.0,627.6,2.0,2.0,,,,12175.1717,3076.1412,0,0,1.0,1.0,0,42,49328,1,1.0,,,,,,3075.9629,7860.0,9120.0,-1,,,,,,,89622.0,2010,602,599,0,0,0,0,0,12.0,22.0,40.0,2010,1.0,1,8,2,8700,87001,1,32,18,33140,91,,1.0,,2,1,61,2.0,2,39,1,,1,1,1,2,57,57,57,1,0,0,1.0,1.0,,40.0,,40.0,,,,,,2.0,3.0,0.0,1,2.0,,1.0,1200.0,480.0,2.0,2.0,,,,13972.0293,3505.3089,0,0,1.0,1.0,0,42,45375,1,1.0,,,,,,3539.9309,7860.0,9120.0,-1,,,,,,,89040.0,2011,614,599,0,0,0,0,0,12.0,22.0,40.0,2011,MIS4_to_MIS8,indiana,0,2010-2011,1,0,0,0,retention
510983092011269,3,2.0,1,4,2,8700,87001,1,1,32,18,33140,91,,1.0,,2,3,63,1.0,1,39,1,,2,1,2,1,2,57,57,57,1,0,0,1.0,1.0,,40.0,,40.0,,,,,,2.0,3.0,0.0,1,2.0,,1.0,1332.0,532.8,2.0,2.0,,,,10224.2404,2667.1067,0,0,1.0,1.0,0,42,49328,2,1.0,,,,,,2625.9477,7860.0,4220.0,-1,,,,,,,89623.0,2010,602,599,0,0,0,0,0,12.0,14.0,40.0,2010,1.0,1,8,2,8700,87001,1,32,18,33140,91,,1.0,,2,3,64,1.0,1,39,1,,1,2,1,2,57,57,57,1,0,0,2.0,1.0,,40.0,,40.0,,,,,,2.0,3.0,0.0,1,2.0,,1.0,1500.0,600.0,2.0,2.0,,,,11908.7944,2869.4428,0,0,1.0,1.0,0,42,45375,2,1.0,,,,,,2859.0903,7860.0,7340.0,-1,,,,,,,89041.0,2011,614,599,0,0,0,0,0,12.0,20.0,40.0,2011,MIS4_to_MIS8,indiana,0,2010-2011,1,0,0,0,retention
1903903599786,3,1.0,1,4,2,8700,87001,1,1,21,36,35620,47,1.0,1.0,,7,1,45,2.0,2,44,1,,1,1,1,1,2,57,57,57,1,0,0,1.0,1.0,,35.0,,41.0,,,,,,2.0,3.0,0.0,1,1.0,1.0,1.0,2850.0,1420.0,1.0,,,,,13382.4008,3307.0676,3,2,0.0,1.0,0,0,24402,1,,,,,,2.0,3319.0733,7860.0,2320.0,-1,,,,,,,100308.0,2010,602,599,0,0,1,0,0,18.0,8.0,40.0,2010,1.0,1,8,2,8700,87001,1,21,36,35620,47,1.0,1.0,,7,1,46,2.0,2,44,1,,1,1,1,2,57,57,57,1,0,0,1.0,1.0,,35.0,,39.0,,,,,,2.0,3.0,0.0,1,1.0,1.0,1.0,3113.0,1500.0,1.0,,,,,12210.3081,3015.8299,3,2,0.0,1.0,0,0,60870,1,,,,,,2.0,3042.072,7860.0,2310.0,-1,,,,,,,99540.0,2011,614,599,0,0,1,0,0,18.0,8.0,40.0,2011,MIS4_to_MIS8,new_york,0,2010-2011,1,0,0,0,retention
1905743899826,3,2.0,3,4,2,8700,87001,1,1,21,36,35620,85,1.0,1.0,,7,6,61,,2,44,1,,2,1,4,4,2,57,57,119,1,0,0,1.0,1.0,,40.0,,46.0,,,,,,2.0,3.0,0.0,1,2.0,2.0,2.0,,1788.46,1.0,,,,,13832.2316,3514.5855,0,0,0.0,,0,0,24637,2,,,,,,2.0,3494.6062,7860.0,2300.0,2340,,,,,,,100313.0,2010,602,599,0,0,0,0,0,18.0,8.0,40.0,2010,2.0,3,8,2,8700,87001,1,21,36,35620,85,1.0,1.0,,7,6,62,,2,44,1,,1,4,4,2,57,57,119,1,0,0,1.0,1.0,,35.0,,39.0,,,,,,2.0,3.0,0.0,1,2.0,2.0,2.0,,2125.0,1.0,,,,,13972.4419,3537.9437,0,0,0.0,,0,0,5769,2,,,,,,2.0,3540.0354,7860.0,2300.0,4600,,,,,,,99545.0,2011,614,599,0,0,0,0,0,18.0,8.0,40.0,2011,MIS4_to_MIS8,new_york,0,2010-2011,1,0,0,0,retention
130609996585509,3,1.0,4,4,2,8700,87001,1,1,21,36,35620,61,1.0,1.0,,7,4,19,,2,39,2,,2,1,3,7,2,57,57,57,1,0,0,2.0,7.0,,,,,,,,,,1.0,3.0,0.0,2,,,,,,,,1.0,1.0,2.0,13633.5895,3301.3003,0,0,,,0,0,4685,2,1.0,,,,,,3303.0163,8370.0,5260.0,-1,,,,,1.0,,100461.0,2010,602,599,0,0,0,0,0,12.0,17.0,43.0,2010,1.0,4,8,2,8700,87001,1,21,36,35620,61,1.0,1.0,,7,4,20,,2,40,2,,1,3,7,2,57,57,57,1,0,0,2.0,7.0,,,,,,8.0,,,,1.0,,,2,,,,,,,,1.0,1.0,2.0,18831.8743,4437.4201,0,0,,,0,0,32629,2,,,3.0,,,,4403.0826,,,-1,,,,,1.0,,99683.0,2011,614,599,0,0,0,0,0,14.0,,,2011,MIS4_to_MIS8,new_york,0,2010-2011,0,1,0,0,retention
307091106078681,3,1.0,4,4,2,8700,87001,1,1,21,36,35620,61,1.0,1.0,,7,1,38,,2,43,1,4.0,1,1,1,6,2,329,329,329,4,10,9,1.0,1.0,,40.0,,40.0,,,,,,2.0,3.0,0.0,1,2.0,2.0,2.0,,769.23,1.0,,,,,16911.1337,4192.1434,13,3,0.0,,0,0,73469,1,,,,2.0,,,4203.1926,7860.0,2540.0,-1,,,,,,,100508.0,2010,602,599,1,0,1,1,1,16.0,8.0,40.0,2010,1.0,4,8,2,8700,87001,1,21,36,35620,61,1.0,1.0,,7,1,39,,2,43,1,4.0,1,1,6,2,329,329,329,4,10,9,1.0,1.0,,40.0,,40.0,,,,,,2.0,3.0,0.0,1,2.0,2.0,2.0,,673.07,1.0,,,,,13537.4825,3381.0291,6,2,0.0,,0,0,29230,1,,,,2.0,,,3402.4889,7860.0,2310.0,-1,,,,,,,99737.0,2011,614,599,1,0,1,0,1,16.0,8.0,40.0,2011,MIS4_to_MIS8,new_york,0,2010-2011,1,0,0,0,retention
308011905090631,3,2.0,1,4,2,8700,87001,1,1,21,36,35620,5,1.0,1.0,,7,3,46,1.0,2,43,1,4.0,2,1,2,1,2,329,329,329,4,0,15,1.0,6.0,,,,,,,,,,1.0,3.0,0.0,2,,,,,,,,,,,12239.5526,3180.8534,3,2,,,0,0,58060,2,,,,2.0,,,3137.6959,7870.0,5900.0,-1,,,,,,,100513.0,2010,602,599,0,0,1,0,0,16.0,17.0,40.0,2010,2.0,1,8,2,8700,87001,1,21,36,35620,5,1.0,1.0,,7,3,47,1.0,2,45,1,4.0,1,2,1,2,329,329,329,4,0,15,1.0,7.0,,,,,,,,,,1.0,,,2,,,,,,,,,,,12681.0156,3336.1565,3,2,,,0,0,60842,2,,,,,,,3271.6911,,,-1,,,,,,,99742.0,2011,614,599,0,0,1,0,0,18.0,,,2011,MIS4_to_MIS8,new_york,0,2010-2011,0,1,0,0,retention
390931807042606,3,1.0,4,4,2,8700,87001,1,1,21,36,35620,81,1.0,1.0,,7,1,35,,2,43,1,2.0,1,1,1,5,2,57,57,57,1,0,0,1.0,4.0,,,,,,,,30.0,2.0,11.0,3.0,0.0,2,,,,,,,,,,,17654.8375,4192.1434,3,1,,,0,0,1882,1,,,,2.0,,,4327.6752,9480.0,5820.0,-1,,,,,,,100528.0,2010,602,599,0,0,1,0,0,16.0,17.0,51.0,2010,1.0,4,8,2,8700,87001,1,21,36,35620,81,1.0,1.0,,7,1,36,,2,43,1,2.0,1,1,5,2,57,57,57,1,0,0,1.0,4.0,,,,,,,,46.0,2.0,11.0,4.0,0.0,2,,,,,,,,,,,15413.0537,3381.0291,6,2,,,0,0,40954,1,,,,1.0,1.0,,3625.2719,5380.0,4760.0,-1,,,,,,,99754.0,2011,614,599,1,0,1,0,1,18.0,16.0,22.0,2011,MIS4_to_MIS8,new_york,0,2010-2011,0,1,0,1,retention
416398809600119,3,1.0,7,4,2,8700,87001,1,1,21,36,35620,81,1.0,1.0,,7,2,39,,2,43,2,,1,0,0,7,2,57,57,57,1,0,0,1.0,1.0,,40.0,,40.0,,,,,,2.0,2.0,0.0,1,2.0,2.0,2.0,,961.53,2.0,2.0,,,,11055.2271,2795.0798,0,0,0.0,,0,0,1877,1,,,,2.0,,,2762.1757,9570.0,430.0,-1,,,,,,,100604.0,2010,602,599,0,0,0,0,0,16.0,1.0,51.0,2010,1.0,7,8,2,8700,87001,1,21,36,35620,81,1.0,1.0,,7,2,40,,2,43,2,,0,0,7,2,57,57,57,1,0,0,1.0,1.0,,40.0,,40.0,,,,,,2.0,2.0,0.0,1,2.0,2.0,2.0,,1153.84,2.0,2.0,,,,15083.0015,3584.3146,0,0,0.0,,0,0,14962,1,,,,2.0,,,3649.3246,9570.0,430.0,-1,,,,,,,99834.0,2011,614,599,0,0,0,0,0,16.0,1.0,51.0,2011,MIS4_to_MIS8,new_york,0,2010-2011,1,0,0,0,retention
699810323980913,3,1.0,6,4,2,8700,87001,1,1,21,36,35620,81,1.0,1.0,,7,2,54,,1,40,1,,1,0,0,7,2,57,57,57,1,0,0,1.0,1.0,,40.0,4.0,32.0,,,4.0,,,4.0,3.0,0.0,1,1.0,1.0,1.0,2810.0,1450.0,1.0,,,,,18878.4948,4711.2667,0,0,0.0,0.0,0,0,47688,1,,,4.0,,,,4716.8266,9470.0,7020.0,7020,3.0,,,,,,100778.0,2010,602,599,0,0,0,0,0,15.0,20.0,51.0,2010,1.0,6,8,2,8700,87001,1,21,36,35620,81,1.0,1.0,,7,2,56,,1,43,1,,0,0,7,2,57,57,57,1,0,0,1.0,1.0,,40.0,,60.0,,,,,,2.0,3.0,0.0,1,2.0,,1.0,4100.0,1640.0,1.0,,,,,12783.6748,3236.0061,0,0,0.0,0.0,0,0,57358,1,,,,2.0,,,3233.7004,9470.0,7020.0,7020,3.0,,,,,,100029.0,2011,614,599,0,0,0,0,0,16.0,20.0,51.0,2011,MIS4_to_MIS8,new_york,0,2010-2011,1,0,0,0,retention
710399089600593,3,1.0,1,4,2,8700,87001,1,1,21,36,35620,47,1.0,1.0,,7,1,59,2.0,1,36,1,3.0,1,1,1,1,2,327,327,327,4,0,2,1.0,1.0,,40.0,,46.0,,,,,,2.0,3.0,0.0,1,1.0,2.0,2.0,,700.0,1.0,,,,,22384.0417,5393.7969,3,1,0.0,,0,0,45347,1,,,,,,,5494.0168,7860.0,4220.0,-1,,,,,,,100800.0,2010,602,599,0,0,1,0,0,10.0,14.0,40.0,2010,1.0,1,8,2,8700,87001,1,21,36,35620,47,1.0,1.0,,7,1,60,2.0,1,36,1,3.0,1,1,1,2,327,327,327,4,0,2,1.0,1.0,,40.0,,50.0,,,,,,2.0,3.0,0.0,1,2.0,1.0,1.0,800.0,1923.07,1.0,,,,,18546.6341,4529.2491,3,1,0.0,1.0,0,0,14705,1,,,,,,,4452.7179,7860.0,4220.0,-1,,,,,,,100047.0,2011,614,599,0,0,1,0,0,10.0,14.0,40.0,2011,MIS4_to_MIS8,new_york,0,2010-2011,1,0,0,0,retention
710399089600593,3,1.0,1,4,2,8700,87001,1,1,21,36,35620,47,1.0,1.0,,7,3,42,1.0,2,39,1,2.0,2,1,2,1,2,57,73,73,1,0,0,2.0,1.0,,40.0,,48.0,,,,,,2.0,3.0,0.0,1,2.0,1.0,1.0,725.0,450.0,1.0,,,,,10753.8452,2675.1858,3,1,0.0,1.0,0,0,45347,2,1.0,,,,,,2672.824,9470.0,3850.0,-1,,,,,,,100801.0,2010,602,599,0,0,1,0,0,12.0,12.0,51.0,2010,1.0,1,8,2,8700,87001,1,21,36,35620,47,1.0,1.0,,7,3,43,1.0,2,39,1,2.0,1,2,1,2,57,73,73,1,0,0,2.0,1.0,,35.0,,35.0,,,,,,2.0,3.0,0.0,1,2.0,,1.0,1800.0,630.0,1.0,,,,,12335.7205,3045.9649,3,1,0.0,0.0,0,0,14705,2,1.0,,,,,,3100.44,7860.0,2550.0,-1,,,,,,,100048.0,2011,614,599,0,0,1,0,0,12.0,8.0,40.0,2011,MIS4_to_MIS8,new_york,0,2010-2011,1,0,0,0,retention
714395129600889,3,1.0,1,4,2,8700,87001,1,1,21,36,35620,81,1.0,1.0,,7,1,51,2.0,2,39,1,5.0,1,1,1,1,2,134,134,134,4,0,6,,1.0,,40.0,,40.0,,,,,,2.0,3.0,0.0,1,2.0,2.0,2.0,,450.0,2.0,2.0,,,,12193.1726,2990.737,3,1,1.0,,0,41,37617,1,1.0,,,,,,3024.1236,9470.0,5220.0,-1,,,,,,,100804.0,2010,602,599,0,0,1,0,0,12.0,17.0,51.0,2010,1.0,1,8,2,8700,87001,1,21,36,35620,81,1.0,1.0,,7,1,52,2.0,2,39,1,5.0,1,1,1,2,134,134,134,4,0,6,1.0,1.0,,40.0,,40.0,,,,,,2.0,4.0,0.0,1,2.0,1.0,1.0,725.0,615.0,2.0,1.0,,,,10725.1955,2609.8719,3,1,1.0,1.0,0,0,14972,1,1.0,,,,,,2672.0715,8470.0,4600.0,-1,,,,,,,100050.0,2011,614,599,0,0,1,0,0,12.0,15.0,43.0,2011,MIS4_to_MIS8,new_york,0,2010-2011,0,1,0,1,retention
963983091906696,3,1.0,6,4,2,8700,87001,1,1,21,36,35620,61,1.0,1.0,,7,2,28,,1,43,1,,1,0,0,7,2,57,57,57,1,0,0,1.0,1.0,,50.0,,50.0,,,,,,2.0,3.0,0.0,1,2.0,2.0,2.0,,1519.23,1.0,,,,,16537.1437,4001.4977,0,0,0.0,,0,0,47682,1,,,,2.0,,,3998.6961,7380.0,110.0,-1,,,,,,,100967.0,2010,602,599,0,0,0,0,0,16.0,1.0,36.0,2010,2.0,6,8,2,8700,87001,1,21,36,35620,61,1.0,1.0,,7,2,29,,1,43,1,,0,0,7,2,57,57,57,1,0,0,2.0,1.0,,55.0,,55.0,,,,,,2.0,3.0,0.0,1,2.0,2.0,2.0,,1500.0,1.0,,,,,17123.7158,4238.2468,0,0,0.0,,0,0,32631,1,,,,2.0,,,4253.6999,7380.0,110.0,-1,,,,,,,100208.0,2011,614,599,0,0,0,0,0,16.0,1.0,36.0,2011,MIS4_to_MIS8,new_york,0,2010-2011,1,0,0,0,retention
764096631309,3,1.0,1,4,2,8700,87001,1,1,21,36,35620,59,2.0,1.0,,7,1,28,2.0,2,44,1,,1,1,1,1,2,57,57,57,1,0,0,1.0,1.0,,40.0,,47.0,,,,,,2.0,3.0,0.0,1,2.0,2.0,2.0,,850.0,1.0,,,,,14242.9494,3545.1657,1,1,0.0,,0,0,11634,1,,,,,,3.0,3517.5914,7860.0,2310.0,2330,,,,,,,101004.0,2010,602,599,1,0,0,0,1,18.0,8.0,40.0,2010,1.0,1,8,2,8700,87001,1,21,36,35620,59,2.0,1.0,,7,1,29,2.0,2,44,1,,1,1,1,2,57,57,57,1,0,0,1.0,1.0,,40.0,,40.0,,,,,,2.0,3.0,0.0,1,1.0,2.0,2.0,,1100.0,1.0,,,,,18279.137,4485.296,1,1,0.0,,0,0,66381,1,,,,,,3.0,4453.7919,7860.0,2310.0,-1,,,,,,,100240.0,2011,614,599,1,0,0,0,1,18.0,8.0,40.0,2011,MIS4_to_MIS8,new_york,0,2010-2011,1,0,0,0,retention
19394959600508,3,3.0,1,4,2,8700,87001,1,1,21,36,15380,0,2.0,1.0,,5,3,53,1.0,2,43,1,,3,1,2,1,2,57,57,57,1,0,0,3.0,1.0,,40.0,,40.0,,,,,,2.0,2.0,0.0,1,1.0,2.0,2.0,,1230.76,1.0,,,,,12102.9804,2985.7182,0,0,0.0,,0,0,37410,3,,,,2.0,,,3001.7543,9470.0,2000.0,-1,,,,,,,101041.0,2010,602,599,0,0,0,0,0,16.0,6.0,51.0,2010,3.0,1,8,2,8700,87001,1,21,36,15380,0,2.0,1.0,,5,3,54,1.0,2,43,1,,1,2,1,2,57,57,57,1,0,0,1.0,1.0,,40.0,,40.0,,,,,,2.0,2.0,0.0,1,1.0,2.0,2.0,,1307.69,1.0,,,,,13191.041,3286.9071,0,0,0.0,,0,0,14612,3,,,,2.0,,,3286.4115,9470.0,2000.0,-1,,,,,,,100266.0,2011,614,599,0,0,0,0,0,16.0,6.0,51.0,2011,MIS4_to_MIS8,new_york,0,2010-2011,1,0,0,0,retention
23873160978891,3,1.0,1,4,2,8700,87001,1,1,21,36,35620,119,2.0,1.0,,7,1,51,2.0,2,43,1,,1,1,1,1,2,57,57,57,1,0,0,1.0,7.0,,,,,,,,,,1.0,3.0,0.0,2,,,,,,,,,,,11838.0131,3079.1224,10,3,,,0,0,37715,1,,,,2.0,,,3034.7585,7860.0,2310.0,-1,,,,,,,101045.0,2010,602,599,0,0,1,1,0,16.0,8.0,40.0,2010,2.0,1,8,2,8700,87001,1,21,36,35620,119,2.0,1.0,,7,1,52,2.0,2,43,1,,1,1,1,2,57,57,57,1,0,0,2.0,7.0,,,,,,,,,,1.0,,,2,,,,,,,,,,,13312.1269,3445.4149,4,3,,,0,0,60989,1,,,,1.0,2.0,,3434.5172,,,-1,,,,,,,100270.0,2011,614,599,0,0,0,1,0,17.0,,,2011,MIS4_to_MIS8,new_york,0,2010-2011,0,1,0,0,retention
23873160978891,3,1.0,1,4,2,8700,87001,1,1,21,36,35620,119,2.0,1.0,,7,3,63,1.0,1,44,1,,2,1,2,1,2,57,57,57,1,0,0,2.0,1.0,,35.0,,35.0,,,,,,2.0,3.0,0.0,1,2.0,2.0,2.0,,1865.38,1.0,,,,,13247.1041,3483.6409,10,3,0.0,,0,0,37715,2,,,,,,2.0,3402.3264,7860.0,2010.0,-1,,,,,,,101046.0,2010,602,599,0,0,1,1,0,18.0,6.0,40.0,2010,2.0,1,8,2,8700,87001,1,21,36,35620,119,2.0,1.0,,7,3,64,1.0,1,44,1,,1,2,1,2,57,57,57,1,0,0,1.0,1.0,,38.0,,38.0,,,,,,2.0,3.0,0.0,1,2.0,2.0,2.0,,1980.76,1.0,,,,,14396.5798,3556.7233,4,3,0.0,,0,0,60989,2,,,,,,2.0,3456.3634,7860.0,2010.0,-1,,,,,,,100271.0,2011,614,599,0,0,0,1,0,18.0,6.0,40.0,2011,MIS4_to_MIS8,new_york,0,2010-2011,1,0,0,0,retention
40063160973096,3,1.0,4,4,2,8700,87001,1,1,21,36,35620,59,2.0,1.0,,7,1,50,,2,44,1,,1,1,1,5,2,57,57,57,1,0,0,1.0,1.0,,40.0,,40.0,,,,,,2.0,3.0,0.0,1,2.0,2.0,2.0,,2692.0,1.0,,,,,12481.6059,3079.1224,10,2,1.0,,0,42,65671,1,,,,,,2.0,3095.6602,7860.0,2310.0,-1,,,,,,,101056.0,2010,602,599,0,0,1,1,0,18.0,8.0,40.0,2010,1.0,4,8,2,8700,87001,1,21,36,35620,59,2.0,1.0,,7,1,51,,2,44,1,,1,1,5,2,57,57,57,1,0,0,1.0,1.0,,40.0,,40.0,,,,,,2.0,3.0,0.0,1,2.0,2.0,2.0,,850.0,1.0,,,,,13827.1659,3445.4149,10,2,1.0,,0,42,63068,1,,,,,,2.0,3444.8954,7860.0,2300.0,-1,,,,,,,100280.0,2011,614,599,0,0,1,1,0,18.0,8.0,40.0,2011,MIS4_to_MIS8,new_york,0,2010-2011,1,0,0,0,retention
62033160972299,3,1.0,3,4,2,8700,87001,1,1,21,36,40380,55,2.0,1.0,,5,1,48,,1,41,1,,1,1,1,5,2,57,57,57,1,0,0,1.0,2.0,4.0,43.0,,,,,,,,5.0,3.0,0.0,1,1.0,1.0,1.0,2061.0,1634.61,1.0,,,,,12786.8886,3182.5161,0,0,0.0,1.0,0,0,37494,1,,,2.0,,,,3194.8276,9470.0,3850.0,-1,,,,,4.0,,101067.0,2010,602,599,0,0,0,0,0,13.0,12.0,51.0,2010,1.0,3,8,2,8700,87001,1,21,36,40380,55,2.0,1.0,,5,1,49,,1,41,1,,1,1,5,2,57,57,57,1,0,0,1.0,1.0,,43.0,,68.0,,,,,,2.0,3.0,0.0,1,1.0,1.0,1.0,2050.0,1200.0,1.0,,,,,12823.7385,3273.3547,0,0,0.0,1.0,0,0,2117,1,,,3.0,,,,3248.9565,9470.0,3850.0,-1,,,,,4.0,,100291.0,2011,614,599,0,0,0,0,0,14.0,12.0,51.0,2011,MIS4_to_MIS8,new_york,0,2010-2011,1,0,0,0,retention
80967096031779,3,1.0,4,4,2,8700,87001,1,1,21,36,35620,0,2.0,1.0,,7,1,42,,2,39,1,,1,1,1,4,2,57,57,57,1,0,0,1.0,1.0,,40.0,,42.0,,,,,,2.0,2.0,0.0,1,2.0,2.0,2.0,,450.0,2.0,2.0,,,,12886.9628,3210.0789,3,2,0.0,,0,0,11759,1,1.0,,,,,,3203.0015,9470.0,5220.0,-1,,,,,,,101103.0,2010,602,599,0,0,1,0,0,12.0,17.0,51.0,2010,1.0,4,8,2,8700,87001,1,21,36,35620,0,2.0,1.0,,7,1,44,,2,39,1,,1,1,4,2,57,57,57,1,0,0,1.0,1.0,,40.0,,43.0,,,,,,2.0,3.0,0.0,1,1.0,2.0,2.0,,500.0,2.0,2.0,,,,15369.9448,3909.1934,10,2,0.0,,0,0,63103,1,1.0,,,,,,3863.057,9470.0,5220.0,-1,,,,,,,100320.0,2011,614,599,0,0,1,1,0,12.0,17.0,51.0,2011,MIS4_to_MIS8,new_york,0,2010-2011,1,0,0,0,retention
115392749600830,3,1.0,7,4,2,8700,87001,1,1,21,36,10580,0,2.0,1.0,,4,2,62,,2,42,1,,1,0,0,5,2,57,57,57,1,0,0,1.0,1.0,,38.0,,38.0,,,,,,2.0,2.0,0.0,1,2.0,2.0,2.0,,1346.15,1.0,,,,,12952.4753,3299.0358,0,0,0.0,,0,0,24278,1,,,3.0,,,,3272.3426,9570.0,1000.0,-1,,,,,,,101117.0,2010,602,599,0,0,0,0,0,14.0,3.0,51.0,2010,1.0,7,8,2,8700,87001,1,21,36,10580,0,2.0,1.0,,4,2,62,,2,42,1,,0,0,5,2,57,57,57,1,0,0,1.0,1.0,,37.0,,37.0,,,,,,2.0,2.0,0.0,1,2.0,2.0,2.0,,1461.53,1.0,,,,,13573.0115,3491.4354,0,0,0.0,,0,0,5734,1,,,3.0,,,,3438.8364,9570.0,1006.0,-1,,,,,,,100334.0,2011,614,599,0,0,0,0,0,14.0,3.0,51.0,2011,MIS4_to_MIS8,new_york,0,2010-2011,1,0,0,0,retention
130609906355961,3,1.0,7,4,2,8700,87001,1,1,21,36,15380,0,2.0,1.0,,5,2,46,,2,43,1,,1,0,0,7,2,57,57,57,1,0,0,1.0,1.0,,35.0,,35.0,,,,,,2.0,3.0,0.0,1,2.0,,1.0,900.0,315.0,1.0,,,,,12531.2546,3104.245,0,0,0.0,0.0,0,0,24353,1,,,,2.0,,,3107.9739,7860.0,2540.0,-1,,,,,,,101123.0,2010,602,599,0,0,0,0,0,16.0,8.0,40.0,2010,1.0,7,8,2,8700,87001,1,21,36,15380,0,2.0,1.0,,5,2,47,,2,43,1,,0,0,7,2,57,57,57,1,0,0,1.0,1.0,,35.0,,50.0,,,,,,2.0,3.0,0.0,1,2.0,2.0,2.0,,302.32,1.0,,,,,11861.2519,2976.1851,0,0,0.0,,0,0,2024,1,,,,2.0,,,2955.1082,7860.0,2540.0,4220,,,,,,,100339.0,2011,614,599,0,0,0,0,0,16.0,8.0,40.0,2011,MIS4_to_MIS8,new_york,0,2010-2011,1,0,0,0,retention
130609943868587,3,1.0,1,4,2,8700,87001,1,1,21,36,40380,0,2.0,1.0,,5,1,38,2.0,1,40,1,,1,1,1,1,2,57,57,57,1,0,0,1.0,1.0,,25.0,,25.0,,,14.0,,,6.0,3.0,0.0,1,2.0,1.0,1.0,1370.0,300.0,1.0,,,,,13045.9248,3274.0186,3,1,0.0,0.0,0,0,61087,1,,,2.0,,,,3261.7128,7860.0,9120.0,-1,,,,,,,101133.0,2010,602,599,0,0,1,0,0,13.0,22.0,40.0,2010,2.0,1,8,2,8700,87001,1,21,36,40380,0,2.0,1.0,,5,1,39,2.0,1,40,1,,1,1,1,2,57,57,57,1,0,0,2.0,1.0,,35.0,,35.0,,,,,,2.0,6.0,0.0,2,,,,,,,,,,,12764.938,3289.3734,3,1,,,0,0,43457,1,,,2.0,,,,3295.3784,7860.0,9120.0,-1,,,,,,,100349.0,2011,614,599,0,0,1,0,0,13.0,22.0,40.0,2011,MIS4_to_MIS8,new_york,0,2010-2011,0,1,0,1,retention
130609943868587,3,1.0,1,4,2,8700,87001,1,1,21,36,40380,0,2.0,1.0,,5,3,30,1.0,2,39,1,,2,1,2,1,2,57,57,57,1,0,0,2.0,1.0,,40.0,,50.0,,,,,,2.0,3.0,0.0,1,2.0,2.0,2.0,,400.0,2.0,2.0,,,,13884.5062,3458.1898,3,1,0.0,,0,0,61087,2,1.0,,,,,,3429.0665,8290.0,430.0,-1,,,,,,,101134.0,2010,602,599,0,0,1,0,0,12.0,1.0,42.0,2010,2.0,1,8,2,8700,87001,1,21,36,40380,0,2.0,1.0,,5,3,31,1.0,2,39,1,,1,2,1,2,57,57,57,1,0,0,1.0,1.0,,40.0,,40.0,,,,,,2.0,5.0,0.0,1,2.0,1.0,1.0,1600.0,525.0,2.0,2.0,,,,14779.2346,3634.4973,3,1,0.0,0.0,0,0,43457,2,1.0,,,,,,3601.0254,8290.0,340.0,-1,,,,,,,100350.0,2011,614,599,0,0,1,0,0,12.0,1.0,42.0,2011,MIS4_to_MIS8,new_york,0,2010-2011,0,1,0,1,retention
130609956102832,3,2.0,1,4,2,8700,87001,1,1,21,36,35620,59,2.0,1.0,,7,1,45,2.0,1,39,1,4.0,1,1,1,1,2,365,365,365,4,0,8,3.0,1.0,,40.0,,40.0,,,,,,2.0,3.0,0.0,1,2.0,2.0,2.0,,326.0,1.0,,,,,13324.8233,3291.5966,3,1,1.0,,0,0,60945,1,1.0,,,,,,3329.2316,9470.0,3850.0,-1,,,,,,,101137.0,2010,602,599,0,0,1,0,0,12.0,12.0,51.0,2010,2.0,1,8,2,8700,87001,1,21,36,35620,59,2.0,1.0,,7,1,46,2.0,1,40,1,4.0,1,1,1,2,365,365,365,4,0,8,2.0,6.0,,,,,,,,,,1.0,3.0,0.0,2,,,,,,,,,,,14856.1666,3403.9785,3,1,,,0,0,2128,1,,,2.0,,,,3384.6369,9470.0,3850.0,-1,,,,,,,100353.0,2011,614,599,0,0,1,0,0,13.0,12.0,51.0,2011,MIS4_to_MIS8,new_york,0,2010-2011,1,0,0,0,retention
201901023398566,3,2.0,1,4,2,8700,87001,1,1,21,36,35620,59,2.0,1.0,,7,1,29,2.0,1,43,1,,1,1,1,1,2,57,57,57,1,0,0,2.0,1.0,,40.0,,40.0,,,,,,2.0,3.0,0.0,1,2.0,1.0,1.0,815.0,1461.53,1.0,,,,,14399.8935,3492.8002,0,0,0.0,1.0,0,0,45404,1,,,,2.0,,,3481.9071,9470.0,3850.0,-1,,,,,,,101166.0,2010,602,599,0,0,0,0,0,16.0,12.0,51.0,2010,1.0,1,8,2,8700,87001,1,21,36,35620,59,2.0,1.0,,7,1,30,2.0,1,43,1,,1,1,1,2,57,57,57,1,0,0,1.0,1.0,,43.0,,43.0,,,,,,2.0,3.0,0.0,1,1.0,2.0,2.0,,1694.5,1.0,,,,,13930.2412,3486.1333,1,1,0.0,,0,0,29201,1,,,,2.0,,,3460.4093,9470.0,3850.0,-1,,,,,,,100386.0,2011,614,599,1,0,0,0,1,16.0,12.0,51.0,2011,MIS4_to_MIS8,new_york,0,2010-2011,1,0,0,0,retention
230966096431759,3,1.0,1,4,2,8700,87001,1,1,21,36,15380,0,2.0,1.0,,5,3,49,1.0,1,42,1,,2,1,2,1,2,57,57,57,1,0,0,2.0,1.0,,40.0,,46.0,,,,,,2.0,3.0,0.0,1,1.0,,1.0,3000.0,1400.0,1.0,,,,,12786.8886,3182.5161,4,2,1.0,1.0,0,0,37571,2,,,5.0,,,,3194.8276,9470.0,3820.0,-1,,,,,,,101177.0,2010,602,599,0,0,0,1,0,16.0,12.0,51.0,2010,2.0,1,8,2,8700,87001,1,21,36,15380,0,2.0,1.0,,5,3,50,1.0,1,42,1,,1,2,1,2,57,57,57,1,0,0,1.0,1.0,,40.0,,40.0,,,,,,2.0,3.0,0.0,1,1.0,2.0,2.0,,1923.0,1.0,,,,,13100.3139,3357.6085,4,1,1.0,,0,42,40923,2,,,5.0,,,,3319.0282,9470.0,3820.0,-1,,,,,,,100396.0,2011,614,599,0,0,0,1,0,16.0,12.0,51.0,2011,MIS4_to_MIS8,new_york,0,2010-2011,1,0,0,0,retention
306001502082611,3,1.0,1,4,2,8700,87001,1,1,21,36,35620,59,2.0,1.0,,7,3,45,1.0,1,39,1,2.0,2,1,2,1,2,57,73,73,1,0,0,2.0,2.0,4.0,40.0,,,,,,,,5.0,3.0,0.0,1,1.0,2.0,2.0,,769.0,1.0,,,,,13324.8233,3291.5966,8,3,1.0,,0,42,37510,2,1.0,,,,,,3329.2316,7790.0,9000.0,-1,3.0,,,,,,101208.0,2010,602,599,0,1,1,0,1,12.0,22.0,39.0,2010,1.0,1,8,2,8700,87001,1,21,36,35620,59,2.0,1.0,,7,3,46,1.0,1,39,1,2.0,1,2,1,2,57,73,73,1,0,0,2.0,1.0,,40.0,,48.0,,,,,,2.0,3.0,0.0,1,1.0,,1.0,2292.0,1336.8,1.0,,,,,13279.7177,3403.9785,3,3,1.0,1.0,0,42,29199,2,1.0,,,,,,3364.481,7790.0,7700.0,-1,3.0,,,,,,100419.0,2011,614,599,0,0,1,0,0,12.0,21.0,39.0,2011,MIS4_to_MIS8,new_york,0,2010-2011,1,0,0,0,retention
393901600068638,3,3.0,1,4,2,8700,87001,1,1,21,36,45060,67,2.0,1.0,,4,3,55,1.0,1,39,1,,3,1,2,1,2,57,57,57,1,0,0,1.0,1.0,,40.0,,40.0,,,,,,2.0,2.0,0.0,1,2.0,2.0,2.0,,1019.0,2.0,1.0,,,,13204.9465,3213.7027,4,1,1.0,,0,0,60993,3,1.0,,,,,,3241.0678,6990.0,5840.0,-1,,,,,4.0,,101237.0,2010,602,599,0,0,0,1,0,12.0,17.0,33.0,2010,3.0,1,8,2,8700,87001,1,21,36,45060,67,2.0,1.0,,4,3,56,1.0,1,39,1,,1,2,1,2,57,57,57,1,0,0,1.0,1.0,,40.0,,40.0,,,,,,2.0,4.0,0.0,1,2.0,1.0,1.0,1900.0,1634.0,2.0,2.0,,,,12430.4479,3196.6095,4,1,1.0,1.0,0,0,69838,3,1.0,,,,,,3144.3498,770.0,220.0,-1,,,,,4.0,,100448.0,2011,614,599,0,0,0,1,0,12.0,1.0,4.0,2011,MIS4_to_MIS8,new_york,0,2010-2011,0,1,0,1,retention
395941009009685,3,1.0,3,4,2,8700,87001,1,1,21,36,15380,0,2.0,1.0,,5,1,59,,1,45,1,,1,1,1,5,2,57,57,57,1,0,0,1.0,1.0,,40.0,,70.0,,,,,,2.0,3.0,0.0,1,1.0,2.0,2.0,,1538.46,1.0,,,,,13204.9465,3213.7027,0,0,0.0,,0,0,37411,1,,,,,,,3241.0678,9470.0,3850.0,3920,,,,,,,101257.0,2010,602,599,0,0,0,0,0,18.0,12.0,51.0,2010,1.0,6,8,2,8700,87001,1,21,36,15380,0,2.0,1.0,,5,2,60,,1,45,1,,0,0,5,2,57,57,57,1,0,0,1.0,1.0,,40.0,,72.0,,,,,,2.0,3.0,0.0,1,2.0,2.0,2.0,,1730.76,1.0,,,,,12485.4515,3084.5727,0,0,0.0,,0,0,40768,1,,,,,,,2997.5354,9470.0,3850.0,3730,,,,,,,100466.0,2011,614,599,0,0,0,0,0,18.0,12.0,51.0,2011,MIS4_to_MIS8,new_york,0,2010-2011,1,0,0,0,retention
399961502028645,3,1.0,4,4,2,8700,87001,1,1,21,36,35620,119,2.0,1.0,,7,1,48,,2,39,2,,1,1,1,3,2,333,333,333,4,0,5,1.0,1.0,,40.0,,40.0,,,,,,2.0,3.0,0.0,1,1.0,2.0,2.0,,580.76,2.0,2.0,,,,14681.8723,3495.2758,0,0,0.0,,0,0,61089,1,1.0,,,,,,3509.5818,6290.0,5240.0,-1,,,,,,,101277.0,2010,602,599,0,0,0,0,0,12.0,17.0,23.0,2010,1.0,4,8,2,8700,87001,1,21,36,35620,119,2.0,1.0,,7,1,49,,2,39,2,,1,1,6,2,333,333,333,4,0,5,1.0,4.0,,,,,,,,21.0,2.0,11.0,4.0,0.0,2,,,,,,,,,,,14540.8866,3653.7931,0,0,,,0,0,66449,1,1.0,,,,,,3717.6037,6290.0,5240.0,-1,,,,,,,100486.0,2011,614,599,0,0,0,0,0,12.0,17.0,23.0,2011,MIS4_to_MIS8,new_york,0,2010-2011,0,1,0,1,retention
501900273893146,3,2.0,1,4,2,8700,87001,1,1,21,36,10580,0,2.0,1.0,,4,1,73,2.0,1,39,1,,1,1,1,1,2,57,57,57,1,0,0,2.0,1.0,,30.0,,25.0,,,21.0,,,7.0,3.0,0.0,1,2.0,1.0,1.0,1000.0,500.0,1.0,,,,,13578.2859,3116.0237,0,0,0.0,1.0,0,0,37359,1,1.0,,,,,,3121.1351,7860.0,9120.0,-1,5.0,,,,,,101296.0,2010,602,599,0,0,0,0,0,12.0,22.0,40.0,2010,1.0,1,8,2,8700,87001,1,21,36,10580,0,2.0,1.0,,4,1,74,2.0,1,39,1,,1,1,1,2,57,57,57,1,0,0,1.0,1.0,,30.0,,30.0,,,21.0,,,7.0,3.0,0.0,1,2.0,1.0,1.0,1600.0,527.77,1.0,,,,,13114.8202,3161.3492,0,0,0.0,0.0,0,0,5733,1,1.0,,,,,,3014.5,7860.0,9120.0,-1,5.0,,,,,,100505.0,2011,614,599,0,0,0,0,0,12.0,22.0,40.0,2011,MIS4_to_MIS8,new_york,0,2010-2011,1,0,0,0,retention
920066726319300,3,1.0,1,4,2,8700,87001,1,1,21,36,15380,0,2.0,1.0,,5,1,63,2.0,1,45,1,,1,1,1,1,2,57,57,57,1,0,0,2.0,1.0,,45.0,,45.0,,,,,,2.0,2.0,0.0,1,2.0,2.0,2.0,,2250.0,2.0,2.0,,,,12845.2574,3377.9658,0,0,1.0,,0,0,37413,1,,,,,,,3299.1179,9470.0,2100.0,-1,4.0,,,,,,101517.0,2010,602,599,0,0,0,0,0,18.0,7.0,51.0,2010,1.0,1,8,2,8700,87001,1,21,36,15380,0,2.0,1.0,,5,1,64,2.0,1,45,1,,1,1,1,2,57,57,57,1,0,0,1.0,1.0,,45.0,,45.0,,,,,,2.0,2.0,0.0,1,2.0,2.0,2.0,,2884.61,2.0,2.0,,,,13734.2588,3393.0947,0,0,0.0,,0,0,14614,1,,,,,,,3297.3519,9470.0,2100.0,-1,4.0,,,,,,100713.0,2011,614,599,0,0,0,0,0,18.0,7.0,51.0,2011,MIS4_to_MIS8,new_york,0,2010-2011,1,0,0,0,retention
986129710659304,3,2.0,1,4,2,8700,87001,1,1,21,36,10580,0,2.0,1.0,,4,4,23,,1,40,1,,3,1,3,7,2,57,57,57,1,0,0,2.0,1.0,,10.0,,10.0,,,20.0,,,7.0,3.0,0.0,1,2.0,,1.0,900.0,90.0,2.0,2.0,1.0,1.0,2.0,15661.0647,3880.1067,0,0,0.0,0.0,0,0,58102,3,,,3.0,,,,3812.8734,8370.0,4620.0,-1,,,,,2.0,1.0,101590.0,2010,602,599,0,0,0,0,0,14.0,15.0,43.0,2010,2.0,1,8,2,8700,87001,1,21,36,10580,0,2.0,1.0,,4,4,24,,1,42,1,,1,3,7,2,57,57,57,1,0,0,2.0,1.0,,30.0,,30.0,,,22.0,,,7.0,5.0,0.0,1,2.0,,1.0,1390.0,417.0,1.0,,2.0,,,16990.4079,4204.7024,0,0,0.0,0.0,0,0,2319,3,,,3.0,,,,4132.0864,7860.0,2540.0,-1,,,,,2.0,1.0,100780.0,2011,614,599,0,0,0,0,0,14.0,8.0,40.0,2011,MIS4_to_MIS8,new_york,0,2010-2011,0,1,0,1,retention
44503160993492,3,1.0,6,4,2,8700,87001,1,1,21,36,0,0,3.0,2.0,,0,2,25,,1,39,1,,1,0,0,7,2,57,57,78,1,0,0,1.0,1.0,,40.0,,75.0,,,,,,2.0,3.0,0.0,1,1.0,1.0,1.0,1575.0,670.0,1.0,,,,,13786.239,3343.9538,0,0,0.0,0.0,0,0,47672,1,1.0,,,,,,3333.5249,770.0,6320.0,210,,,,,,,101632.0,2010,602,599,0,0,0,0,0,12.0,19.0,4.0,2010,1.0,6,8,2,8700,87001,1,21,36,0,0,3.0,2.0,,0,2,27,,1,39,1,,0,0,7,2,57,57,78,1,0,0,1.0,1.0,,40.0,,70.0,,,,,,2.0,3.0,0.0,1,1.0,,1.0,1675.0,732.5,1.0,,,,,14730.7033,3703.9142,0,0,0.0,0.0,0,0,49678,1,1.0,,,,,,3659.252,770.0,6320.0,205,,,,,,,100817.0,2011,614,599,0,0,0,0,0,12.0,19.0,4.0,2011,MIS4_to_MIS8,new_york,0,2010-2011,1,0,0,0,retention
130606906149793,3,2.0,3,4,2,8700,87001,1,1,21,36,0,0,3.0,2.0,,0,4,46,,1,44,1,,2,1,3,7,2,57,57,57,1,0,0,1.0,1.0,,-4.0,,35.0,,,,,,2.0,3.0,0.0,1,2.0,2.0,2.0,,200.0,2.0,2.0,,,,12624.9464,3142.2105,0,0,0.0,,0,0,11925,2,,,,,,1.0,3154.3661,7860.0,2310.0,-1,,,,,,1.0,101652.0,2010,602,599,0,0,0,0,0,17.0,8.0,40.0,2010,1.0,3,8,2,8700,87001,1,21,36,0,0,3.0,2.0,,0,4,47,,1,44,1,,1,3,7,2,57,57,57,1,0,0,2.0,1.0,,-4.0,,33.0,,,15.0,,,6.0,3.0,0.0,1,2.0,2.0,2.0,,300.0,2.0,2.0,,,,13008.5133,3320.5199,0,0,0.0,,0,0,29464,2,,,,,,3.0,3295.7701,7860.0,2310.0,-1,,,,,,1.0,100840.0,2011,614,599,0,0,0,0,0,18.0,8.0,40.0,2011,MIS4_to_MIS8,new_york,0,2010-2011,1,0,0,0,retention
130606979165990,3,1.0,1,4,2,8700,87001,1,1,21,36,0,0,3.0,2.0,,0,3,49,1.0,2,39,1,,2,1,2,1,2,57,57,57,1,0,0,2.0,1.0,,-4.0,,13.0,,,15.0,,,6.0,3.0,0.0,1,2.0,,1.0,1730.0,224.9,2.0,2.0,,,,12372.5499,3064.9306,4,1,1.0,1.0,0,0,24574,2,1.0,,,,,,3068.6124,7860.0,2310.0,-1,,,,,,,101654.0,2010,602,599,0,0,0,1,0,12.0,8.0,40.0,2010,2.0,1,8,2,8700,87001,1,21,36,0,0,3.0,2.0,,0,3,49,1.0,2,39,1,,1,2,1,2,57,57,57,1,0,0,1.0,1.0,,-4.0,1.0,26.0,,,1.0,,,3.0,3.0,0.0,1,2.0,,1.0,985.0,128.05,2.0,2.0,,,,12032.1584,3019.0684,0,0,0.0,0.0,0,0,14950,2,1.0,,,,,,2997.6878,7860.0,2540.0,-1,,,,,,,100842.0,2011,614,599,0,0,0,0,0,12.0,8.0,40.0,2011,MIS4_to_MIS8,new_york,0,2010-2011,1,0,0,0,retention
301608453899856,3,2.0,1,4,2,8700,87001,1,1,21,36,0,0,3.0,2.0,,0,1,30,2.0,1,42,1,4.0,1,1,1,1,2,57,57,57,1,0,0,2.0,1.0,,40.0,,40.0,,,,,,2.0,2.0,0.0,1,2.0,2.0,2.0,,865.0,1.0,,,,,17337.4871,4180.1566,1,1,1.0,,0,42,24384,1,,,3.0,,,,4192.2199,9470.0,3850.0,-1,,,,,,,101666.0,2010,602,599,1,0,0,0,1,14.0,12.0,51.0,2010,2.0,1,8,2,8700,87001,1,21,36,0,0,3.0,2.0,,0,1,31,2.0,1,43,1,4.0,1,1,1,2,57,57,57,1,0,0,2.0,1.0,,40.0,,40.0,,,,,,2.0,2.0,0.0,1,2.0,2.0,2.0,,346.0,1.0,,,,,17544.9626,4330.7638,2,1,1.0,,0,0,14667,1,,,,2.0,,,4358.3418,9470.0,3850.0,-1,,,,,,,100853.0,2011,614,599,0,1,0,0,1,16.0,12.0,51.0,2011,MIS4_to_MIS8,new_york,0,2010-2011,1,0,0,0,retention
699240045430913,3,1.0,1,4,2,8700,87001,1,1,21,36,0,0,3.0,2.0,,0,1,58,2.0,2,39,1,,1,1,1,1,2,57,57,57,1,0,0,1.0,1.0,,35.0,,35.0,,,,,,2.0,2.0,0.0,1,2.0,,1.0,1281.0,448.35,1.0,,,,,10617.4365,2759.6718,0,0,1.0,1.0,0,42,1644,1,1.0,,,,,,2730.4247,9480.0,2540.0,-1,,,,,,,101713.0,2010,602,599,0,0,0,0,0,12.0,8.0,51.0,2010,1.0,1,8,2,8700,87001,1,21,36,0,0,3.0,2.0,,0,1,59,2.0,2,39,1,,1,1,1,2,57,57,57,1,0,0,1.0,1.0,,32.0,,32.0,,,22.0,,,7.0,3.0,0.0,1,2.0,,1.0,1250.0,400.0,1.0,,,,,12098.1743,2964.5034,0,0,0.0,0.0,0,0,29045,1,1.0,,,,,,2939.1567,7860.0,2540.0,-1,,,,,,,100886.0,2011,614,599,0,0,0,0,0,12.0,8.0,40.0,2011,MIS4_to_MIS8,new_york,0,2010-2011,1,0,0,0,retention
813364559600898,3,2.0,1,4,2,8700,87001,1,1,21,36,0,0,3.0,2.0,,0,1,26,2.0,2,42,1,,1,1,1,1,2,57,57,57,1,0,0,2.0,1.0,,36.0,,36.0,,,,,,2.0,3.0,0.0,1,2.0,,1.0,3300.0,1188.0,2.0,2.0,,,,13635.9831,3394.0878,1,1,1.0,1.0,0,42,24383,1,,,3.0,,,,3367.6886,8180.0,3400.0,-1,,,,,,,101742.0,2010,602,599,1,0,0,0,1,14.0,10.0,42.0,2010,1.0,1,8,2,8700,87001,1,21,36,0,0,3.0,2.0,,0,1,27,2.0,2,42,1,,1,1,1,2,57,57,57,1,0,0,1.0,1.0,,36.0,,36.0,,,,,,2.0,4.0,0.0,1,2.0,1.0,1.0,1450.0,519.23,1.0,,,,,17689.4608,4340.6025,1,1,0.0,0.0,0,0,63043,1,,,3.0,,,,4310.1147,8180.0,3400.0,-1,,,,,,,100915.0,2011,614,599,1,0,0,0,1,14.0,10.0,42.0,2011,MIS4_to_MIS8,new_york,0,2010-2011,0,1,0,1,retention
813364559600898,3,2.0,1,4,2,8700,87001,1,1,21,36,0,0,3.0,2.0,,0,3,25,1.0,1,39,1,,2,1,2,1,2,57,57,57,1,0,0,1.0,1.0,,40.0,,40.0,,,,,,2.0,2.0,0.0,1,2.0,2.0,2.0,,865.38,1.0,,,,,13786.239,3343.9538,1,1,0.0,,0,0,24383,2,1.0,,,,,,3333.5249,9470.0,3800.0,-1,,,,,,,101743.0,2010,602,599,1,0,0,0,1,12.0,12.0,51.0,2010,1.0,1,8,2,8700,87001,1,21,36,0,0,3.0,2.0,,0,3,27,1.0,1,39,1,,1,2,1,2,57,57,57,1,0,0,2.0,1.0,,40.0,,40.0,,,,,,2.0,2.0,0.0,1,2.0,2.0,2.0,,923.07,1.0,,,,,14730.7033,3703.9142,1,1,0.0,,0,0,63043,2,1.0,,,,,,3659.252,9470.0,3800.0,-1,,,,,,,100916.0,2011,614,599,1,0,0,0,1,12.0,12.0,51.0,2011,MIS4_to_MIS8,new_york,0,2010-2011,1,0,0,0,retention
966179910056309,3,2.0,1,4,2,8700,87001,1,1,21,36,0,0,3.0,2.0,,0,1,56,2.0,1,43,1,,1,1,1,1,2,57,57,57,1,0,0,2.0,1.0,,45.0,,38.0,,,,,,2.0,3.0,0.0,1,2.0,2.0,2.0,,730.76,2.0,2.0,,,,13037.7098,3173.0021,0,0,0.0,,0,0,11753,1,,,,2.0,,,3200.0207,9470.0,2010.0,-1,,,,,,,101767.0,2010,602,599,0,0,0,0,0,16.0,6.0,51.0,2010,2.0,1,8,2,8700,87001,1,21,36,0,0,3.0,2.0,,0,1,58,2.0,1,43,1,,1,1,1,2,57,57,57,1,0,0,2.0,1.0,,40.0,,46.0,,,,,,2.0,3.0,0.0,1,2.0,2.0,2.0,,450.0,2.0,2.0,,,,12609.5558,3242.6688,0,0,0.0,,0,0,40943,1,,,,2.0,,,3189.6561,8370.0,3910.0,-1,,,,,,,100938.0,2011,614,599,0,0,0,0,0,16.0,12.0,43.0,2011,MIS4_to_MIS8,new_york,0,2010-2011,1,0,0,0,retention
76254120997194,3,1.0,1,4,2,8700,87001,1,1,23,42,42540,0,1.0,1.0,,4,1,52,2.0,2,43,1,,1,1,1,1,2,57,57,57,1,0,0,1.0,1.0,,38.0,,40.0,,,,,,2.0,3.0,0.0,1,2.0,,1.0,1400.0,532.0,1.0,,,,,12681.0253,3124.0366,0,0,0.0,0.0,0,0,38264,1,,,,2.0,,,3145.1197,8370.0,2010.0,-1,,,,,,,105204.0,2010,602,599,0,0,0,0,0,16.0,6.0,43.0,2010,1.0,1,8,2,8700,87001,1,23,42,42540,0,1.0,1.0,,4,1,53,2.0,2,43,1,,1,1,1,2,57,57,57,1,0,0,1.0,1.0,,40.0,,43.0,,,,,,2.0,3.0,0.0,1,2.0,2.0,2.0,,600.0,1.0,,,,,11964.3042,2977.8741,0,0,0.0,,0,0,66655,1,,,,2.0,,,2980.7827,8370.0,2010.0,-1,,,,,,,104287.0,2011,614,599,0,0,0,0,0,16.0,6.0,43.0,2011,MIS4_to_MIS8,pennsylvania,0,2010-2011,1,0,0,0,retention
140209916792183,3,1.0,6,4,2,8700,87001,1,1,23,42,37980,101,1.0,1.0,,7,2,45,,1,39,1,,1,0,0,7,2,57,57,57,1,0,0,1.0,1.0,,-4.0,,50.0,,,,,,2.0,3.0,0.0,1,1.0,1.0,1.0,1800.0,1442.3,1.0,,,,,13580.7342,3375.4699,0,0,0.0,1.0,0,0,58302,1,1.0,,,,,,3393.1714,7070.0,6230.0,-1,,,,,,,105210.0,2010,602,599,0,0,0,0,0,12.0,19.0,34.0,2010,1.0,6,8,2,8700,87001,1,23,42,37980,101,1.0,1.0,,7,2,46,,1,39,1,,0,0,7,2,57,57,57,1,0,0,1.0,1.0,,-4.0,,45.0,,,,,,2.0,3.0,0.0,1,1.0,2.0,2.0,,1600.0,2.0,2.0,,,,12664.7942,3229.1415,0,0,0.0,,0,0,3245,1,1.0,,,,,,3208.6872,7070.0,6230.0,-1,,,,,,,104292.0,2011,614,599,0,0,0,0,0,12.0,19.0,34.0,2011,MIS4_to_MIS8,pennsylvania,0,2010-2011,1,0,0,0,retention
31604120992592,3,2.0,1,4,2,8700,87001,1,1,23,42,37980,91,2.0,1.0,,7,1,60,2.0,1,39,1,,1,1,1,1,2,57,57,57,1,0,0,2.0,1.0,,40.0,,40.0,,,,,,2.0,3.0,0.0,1,2.0,,1.0,1504.0,601.6,2.0,2.0,,,,12972.0823,3406.649,0,0,1.0,1.0,0,42,38294,1,1.0,,,,,,3331.691,9370.0,4220.0,-1,,,,,,,105372.0,2010,602,599,0,0,0,0,0,12.0,14.0,51.0,2010,2.0,1,8,2,8700,87001,1,23,42,37980,91,2.0,1.0,,7,1,62,2.0,1,39,1,,1,1,1,2,57,57,57,1,0,0,2.0,1.0,,40.0,,40.0,,,,,,2.0,2.0,0.0,1,2.0,2.0,2.0,,1519.0,2.0,2.0,,,,11851.6999,2924.704,0,0,1.0,,0,42,30217,1,1.0,,,,,,2845.3829,7860.0,7000.0,-1,,,,,,,104454.0,2011,614,599,0,0,0,0,0,12.0,20.0,40.0,2011,MIS4_to_MIS8,pennsylvania,0,2010-2011,1,0,0,0,retention
31604120992592,3,2.0,1,4,2,8700,87001,1,1,23,42,37980,91,2.0,1.0,,7,3,60,1.0,2,39,1,,2,1,2,1,2,57,57,57,1,0,0,1.0,1.0,,40.0,,40.0,,,,,,2.0,3.0,0.0,1,2.0,,1.0,950.0,380.0,2.0,2.0,,,,13871.2129,3528.2061,0,0,1.0,1.0,0,42,38294,2,1.0,,,,,,3504.4546,8570.0,4620.0,-1,,,,,,,105373.0,2010,602,599,0,0,0,0,0,12.0,15.0,44.0,2010,2.0,1,8,2,8700,87001,1,23,42,37980,91,2.0,1.0,,7,3,62,1.0,2,39,1,,1,2,1,2,57,57,57,1,0,0,1.0,4.0,,,,,,,,39.0,2.0,11.0,4.0,0.0,2,,,,,,,,,,,13317.1073,3127.1613,0,0,,,0,0,30217,2,1.0,,,,,,3241.4498,6990.0,5860.0,-1,,,,,,,104455.0,2011,614,599,0,0,0,0,0,12.0,17.0,33.0,2011,MIS4_to_MIS8,pennsylvania,0,2010-2011,0,1,0,1,retention
299230056120914,3,1.0,7,4,2,8700,87001,1,1,23,42,37980,91,2.0,1.0,,7,2,26,,2,43,1,,1,0,0,7,2,57,57,57,1,0,0,1.0,1.0,,38.0,,44.0,,,,,,2.0,3.0,0.0,1,2.0,2.0,2.0,,711.53,2.0,2.0,,,,12176.6059,3026.6913,0,0,0.0,,0,0,12839,1,,,,1.0,1.0,,3007.2651,8570.0,4620.0,4150,,,,,,,105476.0,2010,602,599,0,0,0,0,0,18.0,15.0,44.0,2010,1.0,7,8,2,8700,87001,1,23,42,37980,91,2.0,1.0,,7,2,27,,2,43,1,,0,0,7,2,57,57,57,1,0,0,1.0,1.0,,40.0,,46.0,,,,,,2.0,3.0,0.0,1,2.0,2.0,2.0,,730.76,2.0,2.0,,,,13312.0546,3262.8044,0,0,0.0,,0,0,66666,1,,,,1.0,1.0,,3243.5405,8570.0,20.0,4110,,,,,,,104575.0,2011,614,599,0,0,0,0,0,18.0,1.0,44.0,2011,MIS4_to_MIS8,pennsylvania,0,2010-2011,1,0,0,0,retention
299230056120914,3,1.0,7,4,2,8700,87001,1,1,23,42,37980,91,2.0,1.0,,7,15,25,,1,39,1,2.0,2,2,1,7,2,57,73,73,1,0,0,2.0,1.0,,33.0,,47.0,,,,,,2.0,3.0,0.0,1,2.0,2.0,2.0,,500.0,2.0,2.0,,,,13422.7666,3262.0194,3,1,0.0,,0,0,12839,2,1.0,,,,,,3245.637,9370.0,4220.0,9360,,,,,,,105477.0,2010,602,599,0,0,1,0,0,12.0,14.0,51.0,2010,1.0,7,8,2,8700,87001,1,23,42,37980,91,2.0,1.0,,7,15,26,,1,40,1,2.0,2,1,7,2,57,73,73,1,0,0,2.0,1.0,,37.0,,37.0,,,,,,2.0,3.0,0.0,1,2.0,2.0,2.0,,500.0,2.0,2.0,,,,14407.7205,3569.1921,3,1,0.0,,0,0,66666,2,,,3.0,,,,3579.0199,9370.0,4220.0,-1,,,,,,,104576.0,2011,614,599,0,0,1,0,0,14.0,14.0,51.0,2011,MIS4_to_MIS8,pennsylvania,0,2010-2011,1,0,0,0,retention
413493039200837,3,1.0,7,4,2,8700,87001,1,1,23,42,38300,129,2.0,1.0,,5,14,22,,1,39,1,,2,0,0,7,2,57,57,57,1,0,0,2.0,1.0,,44.0,,68.0,,,,,,2.0,3.0,0.0,1,1.0,1.0,1.0,1500.0,461.53,1.0,,2.0,,,13914.7999,3442.743,0,0,0.0,0.0,0,0,2596,2,1.0,,,,,,3387.7243,9470.0,5520.0,3400,,,,,,,105533.0,2010,602,599,0,0,0,0,0,12.0,17.0,51.0,2010,2.0,6,8,2,8700,87001,1,23,42,38300,129,2.0,1.0,,5,2,23,,1,39,1,,0,0,7,2,57,57,57,1,0,0,1.0,1.0,,-4.0,,99.0,,,,,,2.0,3.0,0.0,1,1.0,1.0,1.0,1605.0,1057.69,1.0,,2.0,,,16258.67,4019.0831,0,0,0.0,0.0,0,0,16120,2,1.0,,,,,,3954.1269,9470.0,5520.0,3400,,,,,,,104638.0,2011,614,599,0,0,0,0,0,12.0,17.0,51.0,2011,MIS4_to_MIS8,pennsylvania,0,2010-2011,1,0,0,0,retention
413498549200697,3,1.0,1,4,2,8700,87001,1,1,23,42,37980,29,2.0,1.0,,7,3,53,1.0,2,44,1,,2,1,2,1,2,57,57,57,1,0,0,2.0,4.0,,,,,,,,4.0,4.0,12.0,3.0,0.0,2,,,,,,,,,,,12379.9564,3193.1237,0,0,,,0,0,27947,2,,,,,,2.0,3034.6601,7860.0,2310.0,-1,,,,,,,105535.0,2010,602,599,0,0,0,0,0,18.0,8.0,40.0,2010,1.0,1,8,2,8700,87001,1,23,42,37980,29,2.0,1.0,,7,3,55,1.0,2,44,1,,1,2,1,2,57,57,57,1,0,0,2.0,1.0,,3.0,,3.0,,,23.0,,,7.0,4.0,0.0,1,2.0,2.0,2.0,,100.0,2.0,2.0,,,,10694.0588,2617.491,0,0,0.0,,0,0,32770,2,,,,,,2.0,2598.0378,7880.0,2200.0,-1,,,,,,,104640.0,2011,614,599,0,0,0,0,0,18.0,8.0,40.0,2011,MIS4_to_MIS8,pennsylvania,0,2010-2011,0,1,0,1,retention
424855031906795,3,2.0,7,4,2,8700,87001,1,1,23,42,38300,129,2.0,1.0,,5,2,48,,2,42,1,,2,0,0,6,2,57,57,57,1,0,0,1.0,1.0,,-4.0,,48.0,,,,,,2.0,3.0,0.0,1,2.0,2.0,2.0,,900.0,1.0,,,,,12320.3068,3047.8123,0,0,1.0,,0,0,61544,2,,,3.0,,,,3055.6551,8270.0,3600.0,3530,,,,,,,105548.0,2010,602,599,0,0,0,0,0,14.0,11.0,42.0,2010,2.0,7,8,2,8700,87001,1,23,42,38300,129,2.0,1.0,,5,2,48,,2,42,1,,0,0,4,2,57,57,57,1,0,0,1.0,2.0,5.0,40.0,,,,,,,,5.0,3.0,0.0,1,1.0,1.0,1.0,1600.0,750.0,1.0,,,,,10361.8284,2597.0262,0,0,0.0,0.0,0,0,3304,2,,,4.0,,,,2581.5424,8270.0,3600.0,-1,,,,,,,104655.0,2011,614,599,0,0,0,0,0,15.0,11.0,42.0,2011,MIS4_to_MIS8,pennsylvania,0,2010-2011,1,0,0,0,retention
462389010159404,3,1.0,1,4,2,8700,87001,1,1,23,42,38300,129,2.0,1.0,,5,1,38,2.0,1,40,1,,1,1,1,1,2,57,57,57,1,0,0,1.0,1.0,,40.0,,40.0,,,,,,2.0,3.0,0.0,1,2.0,2.0,2.0,,923.07,1.0,,,,,11591.2575,2904.9729,3,1,0.0,,0,0,46123,1,,,2.0,,,,2898.0201,9470.0,3710.0,-1,,,,,,,105558.0,2010,602,599,0,0,1,0,0,13.0,12.0,51.0,2010,1.0,1,8,2,8700,87001,1,23,42,38300,129,2.0,1.0,,5,1,38,2.0,1,40,1,,1,1,1,2,57,57,57,1,0,0,1.0,1.0,,40.0,,60.0,,,,,,2.0,3.0,0.0,1,2.0,2.0,2.0,,903.84,1.0,,,,,12431.0794,3144.162,3,1,0.0,,0,0,41674,1,,,2.0,,,,3153.4539,9470.0,3710.0,3930,,,,,,,104663.0,2011,614,599,0,0,1,0,0,13.0,12.0,51.0,2011,MIS4_to_MIS8,pennsylvania,0,2010-2011,1,0,0,0,retention
820724095141159,3,2.0,1,4,2,8700,87001,1,1,23,42,10900,0,2.0,1.0,,4,3,30,1.0,2,44,1,,2,1,2,1,2,57,57,57,1,0,0,1.0,1.0,,40.0,,40.0,,,,,,2.0,3.0,0.0,1,2.0,2.0,2.0,,1333.33,1.0,,,,,11330.6743,2818.2492,5,2,0.0,,0,0,2550,2,,,,,,3.0,2798.3448,7860.0,2310.0,-1,,,,,,,105765.0,2010,602,599,1,1,0,0,1,18.0,8.0,40.0,2010,2.0,1,8,2,8700,87001,1,23,42,10900,0,2.0,1.0,,4,3,32,1.0,2,44,1,,1,2,1,2,57,57,57,1,0,0,1.0,1.0,,40.0,,40.0,,,,,,2.0,3.0,0.0,1,2.0,2.0,2.0,,1211.53,1.0,,,,,11069.2099,2719.0647,5,2,0.0,,0,0,5975,2,,,,,,2.0,2697.0615,7860.0,2320.0,-1,,,,,,,104865.0,2011,614,599,1,1,0,0,1,18.0,8.0,40.0,2011,MIS4_to_MIS8,pennsylvania,0,2010-2011,1,0,0,0,retention
850727092441169,3,2.0,3,4,2,8700,87001,1,1,23,42,37980,91,2.0,1.0,,7,7,25,,1,39,2,,2,1,4,7,2,57,57,57,1,0,0,1.0,1.0,,40.0,,40.0,,,,,,2.0,3.0,0.0,1,2.0,2.0,2.0,,384.61,2.0,2.0,,,,15805.6822,4045.6636,0,0,0.0,,0,0,58294,2,1.0,,,,,,4080.9478,9470.0,2150.0,-1,,,,,,,105782.0,2010,602,599,0,0,0,0,0,12.0,7.0,51.0,2010,2.0,7,8,2,8700,87001,1,23,42,37980,91,2.0,1.0,,7,16,27,,1,39,2,,0,0,7,2,57,57,57,1,0,0,1.0,1.0,,40.0,,40.0,,,,,,2.0,4.0,0.0,1,2.0,2.0,2.0,,0.0,2.0,2.0,,,,26215.2394,5578.6635,0,0,0.0,,0,0,3209,2,1.0,,,,,,5760.5111,8560.0,20.0,-1,,,,,,,104876.0,2011,614,599,0,0,0,0,0,12.0,1.0,44.0,2011,MIS4_to_MIS8,pennsylvania,0,2010-2011,0,1,0,1,retention
908032714419250,3,2.0,1,4,2,8700,87001,1,1,23,42,38300,129,2.0,1.0,,5,1,31,2.0,1,44,1,,1,1,1,1,2,57,57,57,1,0,0,2.0,1.0,,40.0,,40.0,,,,,,2.0,3.0,0.0,1,2.0,2.0,2.0,,1173.07,1.0,,,,,11593.1954,2782.2108,1,1,0.0,,0,0,27976,1,,,,,,2.0,2803.245,7860.0,230.0,-1,,,,,,,105801.0,2010,602,599,1,0,0,0,1,18.0,1.0,40.0,2010,1.0,1,8,2,8700,87001,1,23,42,38300,129,2.0,1.0,,5,1,33,2.0,1,44,1,,1,1,1,2,57,57,57,1,0,0,1.0,1.0,,40.0,,40.0,,,,,,2.0,3.0,0.0,1,2.0,2.0,2.0,,1278.84,2.0,2.0,,,,12717.0313,3178.9348,1,2,0.0,,0,0,19199,1,,,,,,2.0,3159.0361,7860.0,230.0,-1,,,,,,,104900.0,2011,614,599,1,0,0,0,1,18.0,1.0,40.0,2011,MIS4_to_MIS8,pennsylvania,0,2010-2011,1,0,0,0,retention
908032714419250,3,2.0,1,4,2,8700,87001,1,1,23,42,38300,129,2.0,1.0,,5,3,29,1.0,2,44,1,,2,1,2,1,2,57,57,57,1,0,0,1.0,1.0,,40.0,,40.0,,,,,,2.0,3.0,0.0,1,2.0,2.0,2.0,,1115.38,1.0,,,,,11178.7065,2778.6473,1,1,0.0,,0,0,27976,2,,,,,,2.0,2760.8132,7860.0,2330.0,-1,,,,,,,105802.0,2010,602,599,1,0,0,0,1,18.0,8.0,40.0,2010,1.0,1,8,2,8700,87001,1,23,42,38300,129,2.0,1.0,,5,3,30,1.0,2,44,1,,1,2,1,2,57,57,57,1,0,0,2.0,2.0,8.0,40.0,,,,,,,,5.0,2.0,0.0,1,2.0,2.0,2.0,,1550.0,1.0,,,,,10991.7179,2700.0295,1,2,0.0,,0,0,19199,2,,,,,,2.0,2678.1803,7860.0,2310.0,-1,,,,,,,104901.0,2011,614,599,1,0,0,0,1,18.0,8.0,40.0,2011,MIS4_to_MIS8,pennsylvania,0,2010-2011,1,0,0,0,retention
947082741419060,3,1.0,1,4,2,8700,87001,1,1,23,42,37980,45,2.0,1.0,,7,3,44,1.0,2,42,1,,2,1,2,1,2,57,57,57,1,0,0,2.0,1.0,,40.0,,40.0,,,,,,2.0,3.0,0.0,1,2.0,2.0,2.0,,530.0,2.0,2.0,,,,11017.3436,2740.6103,10,2,1.0,,0,0,25422,2,,,3.0,,,,2738.3154,8190.0,3130.0,-1,,,,,,,105836.0,2010,602,599,0,0,1,1,0,14.0,10.0,41.0,2010,1.0,1,8,2,8700,87001,1,23,42,37980,45,2.0,1.0,,7,3,45,1.0,2,42,1,,1,2,1,2,57,57,57,1,0,0,2.0,1.0,,40.0,,40.0,,,,,,2.0,4.0,0.0,1,2.0,2.0,2.0,,1115.0,2.0,2.0,,,,10635.7047,2665.6689,10,2,1.0,,0,0,50314,2,,,3.0,,,,2649.7758,8190.0,3255.0,-1,,,,,,,104938.0,2011,614,599,0,0,1,1,0,14.0,10.0,41.0,2011,MIS4_to_MIS8,pennsylvania,0,2010-2011,0,1,0,1,retention
996022470419550,3,1.0,1,4,2,8700,87001,1,1,23,42,38300,3,2.0,1.0,,5,1,39,2.0,2,44,1,,1,1,1,1,2,57,57,57,1,0,0,1.0,2.0,8.0,40.0,,,,,,,,5.0,3.0,0.0,1,2.0,2.0,2.0,,553.84,1.0,,,,,10802.834,2677.8197,1,2,0.0,,0,0,25300,1,,,,,,2.0,2684.9999,7860.0,2300.0,-1,,,,,,,105901.0,2010,602,599,1,0,0,0,1,18.0,8.0,40.0,2010,2.0,1,8,2,8700,87001,1,23,42,38300,3,2.0,1.0,,5,1,40,2.0,2,44,1,,1,1,1,2,57,57,57,1,0,0,2.0,1.0,,40.0,,40.0,,,,,,2.0,3.0,0.0,1,2.0,2.0,2.0,,961.53,1.0,,,,,10905.1548,2770.4939,5,2,0.0,,0,0,3018,1,,,,,,2.0,2740.8839,7860.0,2300.0,-1,,,,,,,105003.0,2011,614,599,1,1,0,0,1,18.0,8.0,40.0,2011,MIS4_to_MIS8,pennsylvania,0,2010-2011,1,0,0,0,retention
299620433740914,3,1.0,1,4,2,8700,87001,1,1,23,42,0,0,3.0,2.0,,0,3,61,1.0,2,39,1,,2,1,2,1,2,57,57,57,1,0,0,2.0,1.0,,40.0,,40.0,,,,,,2.0,3.0,0.0,1,2.0,,1.0,1340.0,536.0,1.0,,,,,12558.6273,3194.344,0,0,0.0,0.0,0,0,25408,2,1.0,,,,,,3172.84,7860.0,5700.0,-1,,,,,,,105980.0,2010,602,599,0,0,0,0,0,12.0,17.0,40.0,2010,2.0,1,8,2,8700,87001,1,23,42,0,0,3.0,2.0,,0,3,62,1.0,2,39,1,,1,2,1,2,57,57,57,1,0,0,1.0,1.0,,40.0,,40.0,,,,,,2.0,3.0,0.0,1,2.0,,1.0,2900.0,1160.0,1.0,,,,,11913.5339,3061.1099,0,0,1.0,1.0,0,42,41534,2,1.0,,,,,,3018.3938,7860.0,5700.0,-1,,,,,,,105075.0,2011,614,599,0,0,0,0,0,12.0,17.0,40.0,2011,MIS4_to_MIS8,pennsylvania,0,2010-2011,1,0,0,0,retention
417491879200831,3,1.0,1,4,2,8700,87001,1,1,23,42,0,55,3.0,2.0,,0,3,59,1.0,2,39,1,,2,1,2,1,2,57,57,57,1,0,0,2.0,1.0,,27.0,,52.0,,,,,,2.0,3.0,0.0,1,2.0,2.0,2.0,,400.0,1.0,,,,,10426.6408,2706.3717,0,0,0.0,,0,0,47762,2,2.0,6.0,,,,,2681.3588,7860.0,9120.0,5620,,,,,,,106016.0,2010,602,599,0,0,0,0,0,10.0,22.0,40.0,2010,1.0,1,8,2,8700,87001,1,23,42,0,55,3.0,2.0,,0,3,60,1.0,2,39,1,,1,2,1,2,57,57,57,1,0,0,2.0,1.0,,31.0,1.0,32.0,,,1.0,,,3.0,2.0,0.0,1,2.0,2.0,2.0,,451.0,2.0,2.0,,,,11913.5339,3061.1099,0,0,0.0,,0,0,19160,2,2.0,6.0,,,,,3018.3938,7860.0,9120.0,4760,,,,,,,105105.0,2011,614,599,0,0,0,0,0,10.0,22.0,40.0,2011,MIS4_to_MIS8,pennsylvania,0,2010-2011,1,0,0,0,retention
632022921419920,3,1.0,1,4,2,8700,87001,1,1,23,42,0,0,3.0,2.0,,0,1,50,2.0,2,42,1,,1,1,1,1,2,57,57,57,1,0,0,1.0,1.0,,32.0,,32.0,,,15.0,,,6.0,3.0,0.0,1,2.0,,1.0,3300.0,1056.0,2.0,2.0,,,,11734.9631,2890.9693,0,0,1.0,1.0,0,0,27972,1,,,3.0,,,,2910.4795,7860.0,2340.0,-1,,,,,,,106036.0,2010,602,599,0,0,0,0,0,14.0,8.0,40.0,2010,1.0,1,8,2,8700,87001,1,23,42,0,0,3.0,2.0,,0,1,51,2.0,2,42,1,,1,1,1,2,57,57,57,1,0,0,1.0,1.0,,31.0,,18.0,,,14.0,,,7.0,3.0,0.0,1,2.0,,1.0,3300.0,1023.0,2.0,2.0,,,,11578.2642,2881.79,0,0,1.0,1.0,0,0,5982,1,,,3.0,,,,2884.6048,7860.0,2340.0,-1,,,,,,,105136.0,2011,614,599,0,0,0,0,0,14.0,8.0,40.0,2011,MIS4_to_MIS8,pennsylvania,0,2010-2011,1,0,0,0,retention
686002936419300,3,1.0,1,4,2,8700,87001,1,1,23,42,0,0,3.0,2.0,,0,1,62,2.0,2,39,1,,1,1,1,1,2,57,57,57,1,0,0,1.0,1.0,,38.0,5.0,30.0,,,5.0,,,4.0,3.0,0.0,1,2.0,,1.0,1025.0,389.5,1.0,,,,,12558.6273,3194.344,0,0,0.0,0.0,0,0,15603,1,1.0,,,,,,3172.84,9370.0,5700.0,-1,,,,,,,106051.0,2010,602,599,0,0,0,0,0,12.0,17.0,51.0,2010,1.0,1,8,2,8700,87001,1,23,42,0,0,3.0,2.0,,0,1,63,2.0,2,39,1,,1,1,1,2,57,57,57,1,0,0,1.0,5.0,,,,,,,,,,1.0,3.0,0.0,2,,,,,,,,,,,9988.6483,2464.0842,0,0,,,0,0,43554,1,1.0,,,,,,2499.5385,9470.0,5700.0,-1,,,,,,,105149.0,2011,614,599,0,0,0,0,0,12.0,17.0,51.0,2011,MIS4_to_MIS8,pennsylvania,0,2010-2011,1,0,0,0,retention
140209933096586,3,2.0,1,4,2,8700,87001,1,1,23,42,39740,11,,1.0,,3,3,45,1.0,2,41,1,,2,1,2,1,2,57,165,57,1,0,0,1.0,1.0,,10.0,,10.0,,,18.0,,,7.0,3.0,0.0,1,2.0,,1.0,1191.0,119.1,2.0,2.0,,,,12421.5868,3072.8671,10,2,0.0,0.0,0,0,62548,2,,,3.0,,,,3080.7744,9370.0,5700.0,-1,,,,,,,106156.0,2010,602,599,0,0,1,1,0,14.0,17.0,51.0,2010,2.0,1,8,2,8700,87001,1,23,42,39740,11,,1.0,,3,3,46,1.0,2,41,1,,1,2,1,2,57,165,57,1,0,0,1.0,1.0,,10.0,,10.0,,,17.0,,,7.0,3.0,0.0,1,2.0,,1.0,1239.0,123.9,2.0,2.0,,,,10434.8796,2615.3353,4,2,0.0,0.0,0,0,51798,2,,,3.0,,,,2599.7423,9370.0,5700.0,-1,,,,,,,105258.0,2011,614,599,0,0,0,1,0,14.0,17.0,51.0,2011,MIS4_to_MIS8,pennsylvania,0,2010-2011,1,0,0,0,retention
401907554898832,3,1.0,7,4,2,8700,87001,1,1,23,42,49620,133,,1.0,,3,2,57,,2,43,1,,1,0,0,5,2,57,57,57,1,0,0,1.0,1.0,,48.0,,48.0,,,,,,2.0,3.0,0.0,1,2.0,2.0,2.0,,2138.88,1.0,,,,,10659.5172,2766.8178,0,0,0.0,,0,0,38375,1,,,,1.0,1.0,,2741.2463,7860.0,2310.0,-1,,,,,,,106212.0,2010,602,599,0,0,0,0,0,18.0,8.0,40.0,2010,1.0,7,8,2,8700,87001,1,23,42,49620,133,,1.0,,3,2,58,,2,44,1,,0,0,5,2,57,57,57,1,0,0,1.0,1.0,,46.0,,54.0,,,,,,2.0,3.0,0.0,1,2.0,2.0,2.0,,2000.0,1.0,,,,,10492.1318,2568.0671,0,0,0.0,,0,0,41685,1,,,,,,3.0,2548.9812,7860.0,2310.0,-1,,,,,,,105317.0,2011,614,599,0,0,0,0,0,18.0,8.0,40.0,2011,MIS4_to_MIS8,pennsylvania,0,2010-2011,1,0,0,0,retention
493911807074228,3,1.0,7,4,2,8700,87001,1,1,23,42,25420,43,,1.0,,4,2,51,,2,42,1,,1,0,0,5,2,57,57,57,1,0,0,1.0,1.0,,38.0,4.0,23.0,,,4.0,,,4.0,2.0,0.0,1,2.0,,1.0,2875.0,1092.5,1.0,,,,,11997.0606,2955.5383,0,0,0.0,0.0,0,0,65982,1,,,3.0,,,,2975.4843,9470.0,2140.0,-1,,,,,,,106226.0,2010,602,599,0,0,0,0,0,14.0,7.0,51.0,2010,1.0,7,8,2,8700,87001,1,23,42,25420,43,,1.0,,4,2,52,,2,42,1,,0,0,5,2,57,57,57,1,0,0,1.0,1.0,,40.0,,40.0,,,,,,2.0,2.0,0.0,1,2.0,2.0,2.0,,1115.38,1.0,,,,,11604.7552,2888.3836,0,0,0.0,,0,0,15919,1,,,3.0,,,,2891.2047,9470.0,2145.0,-1,,,,,,,105331.0,2011,614,599,0,0,0,0,0,14.0,7.0,51.0,2011,MIS4_to_MIS8,pennsylvania,0,2010-2011,1,0,0,0,retention
600722094441929,3,1.0,1,4,2,8700,87001,1,1,23,42,25420,43,,1.0,,4,3,56,1.0,2,39,1,,2,1,2,1,2,57,57,57,1,0,0,2.0,1.0,,38.0,,38.0,,,,,,2.0,2.0,0.0,1,2.0,,1.0,1339.0,508.82,2.0,2.0,,,,10659.5172,2766.8178,0,0,1.0,1.0,0,42,38210,2,1.0,,,,,,2741.2463,9470.0,5700.0,-1,,,,,,,106239.0,2010,602,599,0,0,0,0,0,12.0,17.0,51.0,2010,1.0,1,8,2,8700,87001,1,23,42,25420,43,,1.0,,4,3,57,1.0,2,39,1,,1,2,1,2,57,57,57,1,0,0,2.0,1.0,,37.0,,37.0,,,,,,2.0,2.0,0.0,1,2.0,1.0,1.0,1400.0,530.0,1.0,,,,,10492.1318,2568.0671,0,0,1.0,1.0,0,0,3110,2,1.0,,,,,,2548.9812,6970.0,5700.0,-1,,,,,,,105348.0,2011,614,599,0,0,0,0,0,12.0,17.0,32.0,2011,MIS4_to_MIS8,pennsylvania,0,2010-2011,1,0,0,0,retention
810924093441509,3,1.0,4,4,2,8700,87001,1,1,23,42,25420,0,,1.0,,4,1,41,,2,39,1,,1,1,1,7,2,217,217,217,4,0,6,2.0,1.0,,40.0,2.0,4.0,,,2.0,,,3.0,2.0,0.0,1,2.0,2.0,2.0,,1052.0,2.0,2.0,,,,10197.5949,2536.6943,3,1,1.0,,0,42,65980,1,1.0,,,,,,2534.5702,9570.0,5240.0,-1,,,,,,,106252.0,2010,602,599,0,0,1,0,0,12.0,17.0,51.0,2010,3.0,4,8,2,8700,87001,1,23,42,25420,0,,1.0,,4,1,41,,2,39,1,,1,1,7,2,217,217,217,4,0,6,2.0,1.0,,40.0,,40.0,,,,,,2.0,2.0,0.0,1,2.0,2.0,2.0,,807.0,2.0,2.0,,,,10982.0365,2790.026,3,1,1.0,,0,0,30122,1,1.0,,,,,,2760.2072,9370.0,5810.0,-1,,,,,,,105359.0,2011,614,599,0,0,1,0,0,12.0,17.0,51.0,2011,MIS4_to_MIS8,pennsylvania,0,2010-2011,1,0,0,0,retention
197932603028759,4,1.0,6,4,2,8700,87001,1,1,33,17,40420,0,1.0,1.0,,3,12,61,,1,39,1,,2,0,0,7,2,57,57,301,1,0,0,2.0,1.0,,40.0,,40.0,,,,,,2.0,3.0,0.0,1,2.0,,1.0,2610.0,1044.0,1.0,,,,,10774.4737,2822.4983,0,0,0.0,0.0,0,0,8799,2,1.0,,,,,,2786.0541,7860.0,8260.0,-1,4.0,,,,,,125992.0,2010,603,600,0,0,0,0,0,12.0,21.0,40.0,2010,1.0,6,8,2,8700,87001,1,33,17,40420,0,1.0,1.0,,3,12,62,,1,39,1,,0,0,7,2,57,57,301,1,0,0,2.0,1.0,,40.0,,40.0,,,,,,2.0,2.0,0.0,1,2.0,1.0,1.0,2500.0,1057.69,1.0,,,,,10092.2047,2570.3431,0,0,0.0,1.0,0,0,9492,2,1.0,,,,,,2536.0478,7860.0,7700.0,-1,4.0,,,,,,124783.0,2011,615,600,0,0,0,0,0,12.0,21.0,40.0,2011,MIS4_to_MIS8,illinois,1,2010-2011,1,0,0,0,retention
739770560960921,4,1.0,1,4,2,8700,87001,1,1,33,17,16980,0,1.0,1.0,1.0,7,3,63,1.0,2,45,2,,2,1,2,1,2,57,57,57,1,0,0,2.0,5.0,,,,,,,,,,1.0,3.0,0.0,2,,,,,,,,,,,10624.5525,2541.3683,0,0,,,0,0,34376,2,,,,,,,2583.9472,7860.0,2310.0,-1,,,,,,,126161.0,2010,603,600,0,0,0,0,0,18.0,8.0,40.0,2010,1.0,1,8,2,8700,87001,1,33,17,16980,0,1.0,1.0,1.0,7,3,64,1.0,2,45,2,,1,2,1,2,57,57,57,1,0,0,2.0,5.0,,,,,,,,,,1.0,,,2,,,,,,,,,,,12788.2291,2904.649,0,0,,,0,0,45580,2,,,,,,,2956.4776,,,-1,,,,,,,124914.0,2011,615,600,0,0,0,0,0,18.0,,,2011,MIS4_to_MIS8,illinois,1,2010-2011,0,1,0,0,retention
2111270980698,4,1.0,1,4,2,8700,87001,1,1,33,17,16980,0,2.0,1.0,,7,1,26,2.0,1,41,1,,1,1,1,1,2,57,57,57,1,0,0,1.0,1.0,,-4.0,,99.0,,,,,,2.0,3.0,0.0,1,1.0,1.0,1.0,1400.0,1000.0,2.0,2.0,,,,11605.2812,2935.7654,0,0,0.0,1.0,0,0,65552,1,,,2.0,,,,2903.9346,9470.0,3740.0,9130,,,,,,,126264.0,2010,603,600,0,0,0,0,0,13.0,12.0,51.0,2010,2.0,1,8,2,8700,87001,1,33,17,16980,0,2.0,1.0,,7,1,27,2.0,1,41,1,,1,1,1,2,57,57,57,1,0,0,2.0,1.0,,48.0,,75.0,,,,,,2.0,3.0,0.0,1,1.0,1.0,1.0,1600.0,714.0,2.0,2.0,,,,13178.8931,3309.0859,1,1,0.0,0.0,0,0,59245,1,,,3.0,,,,3324.282,9470.0,3740.0,9130,,,,,,,125017.0,2011,615,600,1,0,0,0,1,14.0,12.0,51.0,2011,MIS4_to_MIS8,illinois,1,2010-2011,1,0,0,0,retention
37838920329101,4,2.0,4,4,2,8700,87001,1,1,33,17,16980,0,2.0,1.0,,7,1,33,,2,39,2,,1,1,1,7,2,57,57,57,1,0,0,2.0,1.0,,40.0,,40.0,,,,,,2.0,3.0,0.0,1,2.0,,1.0,1030.0,412.0,1.0,,,,,11428.9575,2970.5939,0,0,1.0,1.0,0,42,51543,1,1.0,,,,,,2985.0963,9470.0,4220.0,-1,,,,,,,126290.0,2010,603,600,0,0,0,0,0,12.0,14.0,51.0,2010,2.0,4,8,2,8700,87001,1,33,17,16980,0,2.0,1.0,,7,1,34,,2,39,2,,1,1,7,2,57,57,57,1,0,0,2.0,1.0,,40.0,,40.0,,,,,,2.0,3.0,0.0,1,2.0,2.0,2.0,,673.0,2.0,2.0,,,,8922.5005,2217.0832,0,0,1.0,,0,42,52479,1,1.0,,,,,,2149.1073,9470.0,3800.0,-1,,,,,,,125048.0,2011,615,600,0,0,0,0,0,12.0,12.0,51.0,2011,MIS4_to_MIS8,illinois,1,2010-2011,1,0,0,0,retention
107990520860107,4,1.0,1,4,2,8700,87001,1,1,33,17,16980,111,2.0,1.0,,7,3,55,1.0,2,44,1,,2,1,2,1,2,57,57,57,1,0,0,2.0,1.0,,60.0,,60.0,,,,,,2.0,3.0,0.0,1,2.0,2.0,2.0,,1384.61,1.0,,,,,12055.9875,3115.8596,0,0,0.0,,0,0,8730,2,,,,,,2.0,3091.3042,7860.0,2310.0,-1,,,,,,,126352.0,2010,603,600,0,0,0,0,0,18.0,8.0,40.0,2010,1.0,1,8,2,8700,87001,1,33,17,16980,111,2.0,1.0,,7,3,56,1.0,2,44,1,,1,2,1,2,57,57,57,1,0,0,2.0,1.0,,50.0,,50.0,,,,,,2.0,3.0,0.0,1,2.0,2.0,2.0,,1403.84,1.0,,,,,13538.0891,3305.8327,0,0,0.0,,0,0,9425,2,,,,,,2.0,3304.3674,7860.0,2310.0,-1,,,,,,,125112.0,2011,615,600,0,0,0,0,0,18.0,8.0,40.0,2011,MIS4_to_MIS8,illinois,1,2010-2011,1,0,0,0,retention
199922808012769,4,1.0,1,4,2,8700,87001,1,1,33,17,16980,0,2.0,1.0,,7,1,50,2.0,1,40,1,,1,1,1,1,2,57,57,57,1,0,0,1.0,1.0,,40.0,,40.0,,,,,,2.0,3.0,0.0,1,1.0,2.0,2.0,,1442.3,1.0,,,,,10734.938,2720.3381,0,0,0.0,,0,0,21960,1,,,2.0,,,,2716.6879,770.0,6730.0,-1,3.0,,,,,,126435.0,2010,603,600,0,0,0,0,0,13.0,19.0,4.0,2010,1.0,1,8,2,8700,87001,1,33,17,16980,0,2.0,1.0,,7,1,51,2.0,1,40,1,,1,1,1,2,57,57,57,1,0,0,1.0,1.0,,40.0,,40.0,,,,,,2.0,3.0,0.0,1,1.0,2.0,2.0,,1923.07,1.0,,,,,11453.2697,2888.7662,0,0,0.0,,0,0,35958,1,,,2.0,,,,2908.8378,9390.0,7340.0,-1,3.0,,,,,,125186.0,2011,615,600,0,0,0,0,0,13.0,20.0,51.0,2011,MIS4_to_MIS8,illinois,1,2010-2011,1,0,0,0,retention
210709932395399,4,1.0,3,4,2,8700,87001,1,1,33,17,16980,111,2.0,1.0,,7,1,47,,1,44,1,,1,1,1,5,2,57,57,57,1,0,0,1.0,1.0,,50.0,,64.0,,,,,,2.0,3.0,0.0,1,2.0,2.0,2.0,,1596.15,1.0,,,,,10791.5739,2735.7248,14,4,0.0,,0,0,8731,1,,,,,,2.0,2731.0208,7860.0,2320.0,9130,,,,,,,126451.0,2010,603,600,0,1,1,1,1,18.0,8.0,40.0,2010,1.0,3,8,2,8700,87001,1,33,17,16980,111,2.0,1.0,,7,1,48,,1,44,1,,1,1,5,2,57,57,57,1,0,0,1.0,1.0,,40.0,,60.0,,,,,,2.0,3.0,0.0,1,2.0,2.0,2.0,,1673.07,2.0,1.0,,,,11277.2286,2834.4538,10,4,0.0,,0,0,45722,1,,,,,,2.0,2864.1279,7860.0,2320.0,9130,,,,,,,125199.0,2011,615,600,0,0,1,1,0,18.0,8.0,40.0,2011,MIS4_to_MIS8,illinois,1,2010-2011,1,0,0,0,retention
210709989628192,4,1.0,7,4,2,8700,87001,1,1,33,17,16980,0,2.0,1.0,,7,2,60,,2,44,1,,1,0,0,5,2,57,57,57,1,0,0,1.0,1.0,,40.0,,40.0,,,,,,2.0,3.0,0.0,1,2.0,2.0,2.0,,846.0,2.0,2.0,,,,13716.0195,3237.2636,0,0,1.0,,0,42,21959,1,,,,,,2.0,3235.3055,6770.0,2430.0,-1,,,,,,,126473.0,2010,603,600,0,0,0,0,0,18.0,8.0,31.0,2010,1.0,7,8,2,8700,87001,1,33,17,16980,0,2.0,1.0,,7,2,61,,2,44,1,,0,0,5,2,57,57,57,1,0,0,1.0,1.0,,40.0,,40.0,,,,,,2.0,3.0,0.0,1,2.0,2.0,2.0,,769.23,2.0,2.0,,,,12769.2605,3284.1875,0,0,0.0,,0,0,23694,1,,,,,,2.0,3276.2292,6770.0,2430.0,-1,,,,,,,125217.0,2011,615,600,0,0,0,0,0,18.0,8.0,31.0,2011,MIS4_to_MIS8,illinois,1,2010-2011,1,0,0,0,retention
602900911479037,4,1.0,1,4,2,8700,87001,1,1,33,17,16980,0,2.0,1.0,,7,3,41,1.0,2,44,1,,2,1,2,1,2,57,57,57,1,0,0,2.0,1.0,,50.0,,40.0,,,,,,2.0,3.0,0.0,1,2.0,2.0,2.0,,1269.23,1.0,,,,,9850.1518,2513.1767,0,0,0.0,,0,0,32274,2,,,,,,2.0,2488.2151,7860.0,2310.0,-1,,,,,,,126603.0,2010,603,600,0,0,0,0,0,18.0,8.0,40.0,2010,1.0,1,8,2,8700,87001,1,33,17,16980,0,2.0,1.0,,7,3,42,1.0,2,43,1,,1,2,1,2,57,57,57,1,0,0,2.0,4.0,,,,,,,,8.0,4.0,11.0,5.0,0.0,2,,,,,,,,,,,10584.8926,2726.1224,0,0,,,0,0,23285,2,,,,1.0,1.0,,2541.6105,7860.0,2320.0,-1,,,,,,,125326.0,2011,615,600,0,0,0,0,0,18.0,8.0,40.0,2011,MIS4_to_MIS8,illinois,1,2010-2011,0,1,0,1,retention
620870098112019,4,2.0,1,4,2,8700,87001,1,1,33,17,16980,0,2.0,1.0,,7,1,59,2.0,1,44,1,,1,1,1,1,2,57,57,57,1,0,0,2.0,1.0,,40.0,,48.0,,,,,,2.0,3.0,0.0,1,2.0,1.0,1.0,1000.0,369.23,2.0,2.0,,,,11767.5182,2960.2257,0,0,0.0,0.0,0,0,857,1,,,,,,2.0,2978.3291,7860.0,2310.0,-1,,,,,,,126621.0,2010,603,600,0,0,0,0,0,18.0,8.0,40.0,2010,1.0,1,8,2,8700,87001,1,33,17,16980,0,2.0,1.0,,7,1,60,2.0,1,44,1,,1,1,1,2,57,57,57,1,0,0,3.0,3.0,,,,,21.0,,,21.0,1.0,12.0,3.0,0.0,2,,,,,,,,,,,9281.1357,2617.2053,0,0,,,0,0,20029,1,,,,,,2.0,2522.141,7860.0,2330.0,-1,,,,,,,125345.0,2011,615,600,0,0,0,0,0,18.0,8.0,40.0,2011,MIS4_to_MIS8,illinois,1,2010-2011,1,0,0,0,retention
867089020129101,4,1.0,7,4,2,8700,87001,1,1,33,17,16980,0,2.0,1.0,,7,2,75,,2,43,1,,1,0,0,4,2,57,57,57,1,0,0,1.0,1.0,,-4.0,,28.0,,,21.0,,,7.0,3.0,0.0,1,2.0,2.0,2.0,,28.0,1.0,,,,,12956.9788,3305.025,0,0,1.0,,0,42,44520,1,,,,2.0,,,3232.7227,7860.0,2310.0,-1,,,,,,,126752.0,2010,603,600,0,0,0,0,0,16.0,8.0,40.0,2010,1.0,7,8,2,8700,87001,1,33,17,16980,0,2.0,1.0,,7,2,76,,2,43,1,,0,0,4,2,57,57,57,1,0,0,1.0,1.0,,-4.0,4.0,21.0,,,4.0,,,4.0,3.0,0.0,1,2.0,2.0,2.0,,300.0,1.0,,,,,12689.1312,3147.5608,0,0,0.0,,0,0,45690,1,,,,1.0,1.0,,3113.3395,7860.0,2300.0,-1,,,,,,,125487.0,2011,615,600,0,0,0,0,0,18.0,8.0,40.0,2011,MIS4_to_MIS8,illinois,1,2010-2011,1,0,0,0,retention
918027801129060,4,2.0,4,4,2,8700,87001,1,1,33,17,16980,0,2.0,1.0,,7,1,64,,2,40,1,,1,1,1,7,2,57,57,57,1,0,0,2.0,1.0,,40.0,,40.0,,,,,,2.0,3.0,0.0,1,2.0,1.0,1.0,1200.0,923.0,2.0,2.0,,,,13859.4091,3271.1065,0,0,1.0,1.0,0,0,44521,1,,,2.0,,,,3269.1279,9370.0,5000.0,5400,,,,,,,126795.0,2010,603,600,0,0,0,0,0,13.0,17.0,51.0,2010,2.0,4,8,2,8700,87001,1,33,17,16980,0,2.0,1.0,,7,1,65,,2,40,1,,1,1,7,2,57,57,57,1,0,0,2.0,1.0,,40.0,,55.0,,,,,,2.0,3.0,0.0,1,2.0,2.0,2.0,,865.0,2.0,2.0,,,,12872.819,3193.1249,0,0,1.0,,0,42,23515,1,,,2.0,,,,3158.4082,9380.0,5000.0,4040,,,,,,,125526.0,2011,615,600,0,0,0,0,0,13.0,17.0,51.0,2011,MIS4_to_MIS8,illinois,1,2010-2011,1,0,0,0,retention
918027801129060,4,2.0,4,4,2,8700,87001,1,1,33,17,16980,0,2.0,1.0,,7,4,44,,1,39,1,,2,1,3,5,2,57,57,57,1,0,0,1.0,1.0,,40.0,,40.0,,,,,,2.0,2.0,0.0,1,2.0,,1.0,1746.0,698.4,2.0,2.0,,,,11899.8256,2929.3525,0,0,1.0,1.0,0,0,44521,2,1.0,,,,,,2909.9816,8570.0,4250.0,-1,,,,,1.0,,126796.0,2010,603,600,0,0,0,0,0,12.0,14.0,44.0,2010,2.0,4,8,2,8700,87001,1,33,17,16980,0,2.0,1.0,,7,4,46,,1,39,1,,1,3,5,2,57,57,57,1,0,0,1.0,1.0,,40.0,,48.0,,,,,,2.0,5.0,0.0,1,2.0,,1.0,2500.0,1000.0,2.0,2.0,,,,11277.2286,2834.4538,0,0,1.0,1.0,0,42,23515,2,1.0,,,,,,2864.1279,6290.0,6730.0,-1,,,,,1.0,,125527.0,2011,615,600,0,0,0,0,0,12.0,19.0,23.0,2011,MIS4_to_MIS8,illinois,1,2010-2011,0,1,0,1,retention
125162749700930,4,1.0,7,4,2,8700,87001,1,1,33,17,0,0,3.0,2.0,,0,2,66,,2,46,1,,1,0,0,5,2,57,57,57,1,0,0,1.0,1.0,,38.0,,38.0,,,,,,2.0,3.0,0.0,1,2.0,1.0,1.0,1500.0,550.0,2.0,2.0,,,,11448.751,2920.311,0,0,0.0,0.0,0,0,44347,1,,,,,,,2856.4249,7870.0,2200.0,-1,,,,,,,126864.0,2010,603,600,0,0,0,0,0,18.0,8.0,40.0,2010,1.0,7,8,2,8700,87001,1,33,17,0,0,3.0,2.0,,0,2,67,,2,46,1,,0,0,5,2,57,57,57,1,0,0,1.0,1.0,,25.0,,45.0,,,,,,2.0,5.0,0.0,1,2.0,1.0,1.0,3150.0,500.0,2.0,2.0,,,,13241.4098,3284.5545,0,0,0.0,0.0,0,0,5261,1,,,,,,,3248.8437,7870.0,2200.0,2200,,,,,,,125594.0,2011,615,600,0,0,0,0,0,18.0,8.0,40.0,2011,MIS4_to_MIS8,illinois,1,2010-2011,0,1,0,1,retention
328195769700942,4,1.0,1,4,2,8700,87001,1,1,33,17,0,99,3.0,2.0,,0,1,52,2.0,2,43,1,,1,1,1,1,2,57,57,57,1,0,0,1.0,1.0,,-4.0,,50.0,,,,,,2.0,3.0,0.0,1,2.0,2.0,2.0,,756.0,1.0,,,,,12385.6268,3182.2526,0,0,0.0,,0,0,861,1,,,,2.0,,,3157.8425,7860.0,2320.0,-1,,,,,,,126912.0,2010,603,600,0,0,0,0,0,16.0,8.0,40.0,2010,1.0,1,8,2,8700,87001,1,33,17,0,99,3.0,2.0,,0,1,52,2.0,2,43,1,,1,1,1,2,57,57,57,1,0,0,1.0,1.0,,50.0,,50.0,,,,,,2.0,3.0,0.0,1,2.0,2.0,2.0,,1229.0,1.0,,,,,13498.7455,3399.417,0,0,1.0,,0,42,9418,1,,,,2.0,,,3449.0011,7860.0,2330.0,-1,,,,,,,125642.0,2011,615,600,0,0,0,0,0,16.0,8.0,40.0,2011,MIS4_to_MIS8,illinois,1,2010-2011,1,0,0,0,retention
328195769700942,4,1.0,1,4,2,8700,87001,1,1,33,17,0,99,3.0,2.0,,0,3,52,1.0,1,42,1,,2,1,2,1,2,57,57,57,1,0,0,2.0,1.0,,40.0,,38.0,,,,,,2.0,2.0,0.0,1,2.0,2.0,2.0,,1366.5,1.0,,,,,10720.5271,2716.6863,0,0,0.0,,0,0,861,2,,,3.0,,,,2713.0409,9470.0,7700.0,-1,,,,,,,126913.0,2010,603,600,0,0,0,0,0,14.0,21.0,51.0,2010,1.0,1,8,2,8700,87001,1,33,17,0,99,3.0,2.0,,0,3,54,1.0,1,42,1,,1,2,1,2,57,57,57,1,0,0,2.0,1.0,,40.0,,40.0,,,,,,2.0,2.0,0.0,1,2.0,,1.0,1200.0,480.0,2.0,2.0,,,,11781.2141,2971.481,0,0,1.0,1.0,0,42,9418,2,,,3.0,,,,2992.1273,9470.0,7700.0,-1,,,,,,,125643.0,2011,615,600,0,0,0,0,0,14.0,21.0,51.0,2011,MIS4_to_MIS8,illinois,1,2010-2011,1,0,0,0,retention
523197689700950,4,1.0,1,4,2,8700,87001,1,1,33,17,14060,113,,1.0,,2,3,23,1.0,2,43,1,,2,1,2,1,2,57,57,57,1,0,0,2.0,1.0,,50.0,,50.0,,,,,,2.0,3.0,0.0,1,2.0,2.0,2.0,,623.07,1.0,,2.0,,,11752.3691,3068.3986,0,0,0.0,,0,0,8738,2,,,,2.0,,,3041.0831,7860.0,2310.0,-1,,,,,,,127049.0,2010,603,600,0,0,0,0,0,16.0,8.0,40.0,2010,1.0,1,8,2,8700,87001,1,33,17,14060,113,,1.0,,2,3,24,1.0,2,43,1,,1,2,1,2,57,57,57,1,0,0,2.0,1.0,,40.0,,50.0,,,,,,2.0,3.0,0.0,1,2.0,2.0,2.0,,360.0,1.0,,1.0,2.0,2.0,12399.9409,3279.1798,0,0,1.0,,0,0,9434,2,,,,1.0,2.0,,3246.0655,7860.0,2310.0,-1,,,,,,,125758.0,2011,615,600,0,0,0,0,0,17.0,8.0,40.0,2011,MIS4_to_MIS8,illinois,1,2010-2011,1,0,0,0,retention
210809975257197,4,1.0,1,4,2,8700,87001,1,1,32,18,23060,0,1.0,1.0,,3,1,52,2.0,2,43,2,,1,1,1,1,2,57,57,57,1,0,0,1.0,1.0,,40.0,,40.0,,,,,,2.0,3.0,0.0,1,2.0,2.0,2.0,,923.07,1.0,,,,,17554.3115,4241.87,0,0,0.0,,0,0,8803,1,,,,1.0,1.0,,4200.5145,7860.0,2310.0,-1,,,,,,,127155.0,2010,603,600,0,0,0,0,0,18.0,8.0,40.0,2010,2.0,1,8,2,8700,87001,1,32,18,23060,0,1.0,1.0,,3,1,53,2.0,2,44,2,,1,1,1,2,57,57,57,1,0,0,2.0,1.0,,50.0,,50.0,,,,,,2.0,3.0,0.0,1,2.0,2.0,2.0,,1038.46,1.0,,,,,11283.6159,2731.3881,0,0,0.0,,0,0,55849,1,,,,,,2.0,2714.8863,7860.0,2320.0,-1,,,,,,,125849.0,2011,615,600,0,0,0,0,0,18.0,8.0,40.0,2011,MIS4_to_MIS8,indiana,0,2010-2011,1,0,0,0,retention
210809975257197,4,1.0,1,4,2,8700,87001,1,1,32,18,23060,0,1.0,1.0,,3,3,53,1.0,1,44,2,,2,1,2,1,2,57,57,57,1,0,0,2.0,1.0,,40.0,,40.0,,,,,,2.0,3.0,0.0,1,2.0,2.0,2.0,,1000.0,1.0,,,,,12714.2315,3108.5595,0,0,0.0,,0,0,8803,2,,,,,,3.0,3071.3019,7860.0,2310.0,-1,,,,,,,127156.0,2010,603,600,0,0,0,0,0,18.0,8.0,40.0,2010,2.0,1,8,2,8700,87001,1,32,18,23060,0,1.0,1.0,,3,3,54,1.0,1,43,2,,1,2,1,2,57,57,57,1,0,0,1.0,1.0,,50.0,,50.0,,,,,,2.0,3.0,0.0,1,2.0,2.0,2.0,,957.69,1.0,,,,,12307.6884,2901.4314,0,0,0.0,,0,0,55849,2,,,,1.0,2.0,,2947.4636,7860.0,2310.0,-1,,,,,,,125850.0,2011,615,600,0,0,0,0,0,17.0,8.0,40.0,2011,MIS4_to_MIS8,indiana,0,2010-2011,1,0,0,0,retention
420589096212339,4,2.0,6,4,2,8700,87001,1,1,32,18,26900,0,2.0,1.0,,5,14,29,,2,43,1,,2,0,0,7,2,57,57,57,1,0,0,,1.0,,40.0,,40.0,,,,,,2.0,2.0,0.0,1,2.0,2.0,2.0,,1730.0,2.0,2.0,,,,16486.7379,4238.8288,0,0,1.0,,0,41,55084,2,,,,2.0,,,4218.39,9480.0,2010.0,-1,,,,,,,127297.0,2010,603,600,0,0,0,0,0,16.0,6.0,51.0,2010,1.0,6,8,2,8700,87001,1,32,18,26900,0,2.0,1.0,,5,14,30,,2,43,1,,0,0,7,2,57,57,57,1,0,0,2.0,1.0,,40.0,,40.0,,,,,,2.0,2.0,0.0,1,1.0,,1.0,2200.0,1480.0,2.0,2.0,,,,19976.0633,5073.2097,0,0,1.0,1.0,0,42,52684,2,,,,2.0,,,5111.1676,9480.0,2010.0,-1,,,,,,,125990.0,2011,615,600,0,0,0,0,0,16.0,6.0,51.0,2011,MIS4_to_MIS8,indiana,0,2010-2011,1,0,0,0,retention
729193949800922,4,2.0,1,4,2,8700,87001,1,1,32,18,26900,0,2.0,1.0,,5,1,62,2.0,1,41,1,,1,1,1,1,2,57,57,57,1,0,0,2.0,1.0,,38.0,,38.0,,,,,,2.0,2.0,0.0,1,1.0,2.0,2.0,,1686.0,2.0,2.0,,,,9995.3827,2606.7426,0,0,1.0,,0,0,22175,1,,,3.0,,,,2584.5974,9470.0,1000.0,-1,4.0,,,,,,127320.0,2010,603,600,0,0,0,0,0,14.0,3.0,51.0,2010,2.0,1,8,2,8700,87001,1,32,18,26900,0,2.0,1.0,,5,1,63,2.0,1,42,1,,1,1,1,2,57,57,57,1,0,0,2.0,5.0,,,,,,,,,,1.0,,,2,,,,,,,,,,,10851.2167,2774.5959,0,0,,,0,0,36135,1,,,3.0,,,,2759.3187,,,-1,4.0,,,,,,126011.0,2011,615,600,0,0,0,0,0,14.0,,,2011,MIS4_to_MIS8,indiana,0,2010-2011,0,1,0,0,retention
808309020059103,4,1.0,1,4,2,8700,87001,1,1,32,18,26900,81,2.0,1.0,,5,1,27,2.0,2,43,1,,1,1,1,1,2,57,57,57,1,0,0,1.0,1.0,,38.0,,38.0,,,,,,2.0,2.0,0.0,1,2.0,2.0,2.0,,596.15,2.0,2.0,,,,16486.7379,4238.8288,0,0,0.0,,0,0,44669,1,,,,2.0,,,4218.39,9480.0,5700.0,-1,,,,,,,127331.0,2010,603,600,0,0,0,0,0,16.0,17.0,51.0,2010,1.0,1,8,2,8700,87001,1,32,18,26900,81,2.0,1.0,,5,1,28,2.0,2,43,1,,1,1,1,2,57,57,57,1,0,0,1.0,1.0,,38.0,,38.0,,,,,,2.0,2.0,0.0,1,2.0,2.0,2.0,,692.3,2.0,2.0,,,,20367.199,5119.1219,1,1,0.0,,0,0,52655,1,,,,2.0,,,5211.2454,9480.0,430.0,-1,,,,,,,126023.0,2011,615,600,1,0,0,0,1,16.0,1.0,51.0,2011,MIS4_to_MIS8,indiana,0,2010-2011,1,0,0,0,retention
902902391992748,4,1.0,4,4,2,8700,87001,1,1,32,18,26900,0,2.0,1.0,,5,1,40,,2,36,1,,1,1,1,5,2,57,57,57,1,0,0,1.0,1.0,,40.0,,40.0,,,,,,2.0,3.0,0.0,1,1.0,1.0,1.0,1000.0,300.0,2.0,2.0,,,,16380.3002,4160.668,3,1,0.0,0.0,0,0,22174,1,,,,,,,4137.7748,7860.0,4230.0,-1,,,,,,,127355.0,2010,603,600,0,0,1,0,0,10.0,14.0,40.0,2010,1.0,4,8,2,8700,87001,1,32,18,26900,0,2.0,1.0,,5,1,42,,2,36,1,,1,1,5,2,57,57,57,1,0,0,1.0,1.0,,40.0,,40.0,,,,,,2.0,4.0,0.0,1,1.0,2.0,2.0,,250.0,2.0,2.0,,,,19037.3605,4662.61,4,1,1.0,,0,0,36133,1,,,,,,,4748.3524,7870.0,4220.0,-1,,,,,,,126049.0,2011,615,600,0,0,0,1,0,10.0,14.0,40.0,2011,MIS4_to_MIS8,indiana,0,2010-2011,0,1,0,1,retention
199982305049819,4,1.0,1,4,2,8700,87001,1,1,32,18,0,0,3.0,2.0,,0,3,67,1.0,2,39,1,,2,1,2,1,2,57,57,57,1,0,0,2.0,1.0,,40.0,,40.0,,,,,,2.0,3.0,0.0,1,2.0,,1.0,1400.0,560.0,2.0,2.0,,,,8852.009,2247.8842,0,0,1.0,1.0,0,0,44646,2,1.0,,,,,,2208.5465,7860.0,5700.0,-1,,,,,,,127423.0,2010,603,600,0,0,0,0,0,12.0,17.0,40.0,2010,1.0,1,8,2,8700,87001,1,32,18,0,0,3.0,2.0,,0,3,68,1.0,2,39,1,,1,2,1,2,57,57,57,1,0,0,2.0,1.0,,40.0,,40.0,,,,,,2.0,3.0,0.0,1,2.0,2.0,2.0,,865.0,2.0,2.0,,,,10366.5769,2540.3865,0,0,1.0,,0,42,45811,2,1.0,,,,,,2543.4896,7860.0,5700.0,-1,,,,,,,126118.0,2011,615,600,0,0,0,0,0,12.0,17.0,40.0,2011,MIS4_to_MIS8,indiana,0,2010-2011,1,0,0,0,retention
210809984019297,4,1.0,7,4,2,8700,87001,1,1,32,18,0,0,3.0,2.0,,0,2,85,,2,39,1,,1,0,0,4,2,57,57,57,1,0,0,1.0,1.0,,20.0,,20.0,,,21.0,,,7.0,3.0,0.0,1,2.0,,1.0,950.0,190.0,2.0,2.0,,,,10004.7004,2540.5993,0,0,1.0,1.0,0,0,34855,1,1.0,,,,,,2496.1391,7860.0,4020.0,-1,,,,,,,127439.0,2010,603,600,0,0,0,0,0,12.0,13.0,40.0,2010,1.0,7,8,2,8700,87001,1,32,18,0,0,3.0,2.0,,0,2,85,,2,39,1,,0,0,4,2,57,57,57,1,0,0,1.0,5.0,,,,,,,,,,1.0,,,2,,,,,,,,,,,9743.5799,2504.1367,0,0,,,0,0,9647,1,1.0,,,,,,2434.6965,,,-1,,,,,,,126138.0,2011,615,600,0,0,0,0,0,12.0,,,2011,MIS4_to_MIS8,indiana,0,2010-2011,0,1,0,0,retention
626198179800943,4,2.0,1,4,2,8700,87001,1,1,32,18,0,0,3.0,2.0,,0,3,52,1.0,2,44,1,,2,1,2,1,2,57,57,57,1,0,0,1.0,2.0,14.0,-4.0,,,,,,,,10.0,2.0,0.0,1,2.0,2.0,1.0,1000.0,57.0,2.0,2.0,,,,9576.3879,2449.5115,0,0,1.0,1.0,0,42,22149,2,,,,,,2.0,2441.5983,7860.0,3320.0,-1,,,,,,,127487.0,2010,603,600,0,0,0,0,0,18.0,10.0,40.0,2010,2.0,1,8,2,8700,87001,1,32,18,0,0,3.0,2.0,,0,3,53,1.0,2,44,1,,1,2,1,2,57,57,57,1,0,0,1.0,7.0,,,,,,,,,,1.0,,,2,,,,,,,,,,,10167.2689,2629.2251,0,0,,,0,0,55879,2,,,,,,2.0,2502.3785,,,-1,,,,,,,126175.0,2011,615,600,0,0,0,0,0,18.0,,,2011,MIS4_to_MIS8,indiana,0,2010-2011,0,1,0,0,retention
702903071992778,4,2.0,1,4,2,8700,87001,1,1,32,18,0,0,3.0,2.0,,0,1,43,2.0,1,35,1,,1,1,1,1,2,57,57,57,1,0,0,2.0,1.0,,48.0,,60.0,,,,,,2.0,3.0,0.0,1,2.0,,1.0,1170.0,561.6,1.0,,,,,20228.9893,4957.541,8,2,1.0,1.0,0,42,51696,1,,,,,,,4946.7941,9470.0,3740.0,4220,,,,,,,127492.0,2010,603,600,0,1,1,0,1,9.0,12.0,51.0,2010,2.0,1,8,2,8700,87001,1,32,18,0,0,3.0,2.0,,0,1,44,2.0,1,35,1,,1,1,1,2,57,57,57,1,0,0,2.0,1.0,,40.0,,80.0,,,,,,2.0,3.0,0.0,1,1.0,2.0,2.0,,800.0,2.0,2.0,,,,19224.8306,4586.0996,3,2,1.0,,0,42,35999,1,,,,,,,4717.7383,6290.0,6730.0,4210,,,,,,,126184.0,2011,615,600,0,0,1,0,0,9.0,19.0,23.0,2011,MIS4_to_MIS8,indiana,0,2010-2011,1,0,0,0,retention
210809939555190,4,1.0,1,4,2,8700,87001,1,1,32,18,33140,91,,1.0,,2,1,50,2.0,1,39,1,,1,1,1,1,2,57,57,57,1,0,0,1.0,1.0,,40.0,,40.0,,,,,,2.0,3.0,0.0,1,2.0,,1.0,1200.0,480.0,2.0,2.0,,,,9988.232,2519.8406,3,1,1.0,1.0,0,0,34751,1,1.0,,,,,,2527.7192,9370.0,20.0,-1,3.0,,,,,,127556.0,2010,603,600,0,0,1,0,0,12.0,1.0,51.0,2010,1.0,1,8,2,8700,87001,1,32,18,33140,91,,1.0,,2,1,51,2.0,1,39,1,,1,1,1,2,57,57,57,1,0,0,1.0,1.0,,40.0,,40.0,,,,,,2.0,3.0,0.0,1,2.0,,1.0,2500.0,1000.0,2.0,2.0,,,,11391.0216,2838.3619,3,1,1.0,1.0,0,0,36062,1,1.0,,,,,,2893.0284,770.0,6730.0,-1,3.0,,,,,,126244.0,2011,615,600,0,0,1,0,0,12.0,19.0,4.0,2011,MIS4_to_MIS8,indiana,0,2010-2011,1,0,0,0,retention
210809939555190,4,1.0,1,4,2,8700,87001,1,1,32,18,33140,91,,1.0,,2,3,45,1.0,2,39,1,,2,1,2,1,2,57,57,57,1,0,0,2.0,1.0,,40.0,,40.0,,,,,,2.0,3.0,0.0,1,2.0,2.0,2.0,,865.0,2.0,2.0,,,,9720.0889,2481.5934,3,1,1.0,,0,42,34751,2,1.0,,,,,,2478.2363,6290.0,9150.0,-1,,,,,,,127557.0,2010,603,600,0,0,1,0,0,12.0,22.0,23.0,2010,1.0,1,8,2,8700,87001,1,32,18,33140,91,,1.0,,2,3,46,1.0,2,39,1,,1,2,1,2,57,57,57,1,0,0,2.0,1.0,,40.0,,40.0,,,,,,2.0,3.0,0.0,1,2.0,,1.0,1731.0,692.4,2.0,2.0,,,,10913.1064,2738.9773,3,1,1.0,1.0,0,0,36062,2,1.0,,,,,,2788.3566,6290.0,6730.0,-1,,,,,,,126245.0,2011,615,600,0,0,1,0,0,12.0,19.0,23.0,2011,MIS4_to_MIS8,indiana,0,2010-2011,1,0,0,0,retention
28133260905497,4,1.0,4,4,2,8700,87001,1,1,21,36,35620,47,1.0,1.0,,7,1,53,,2,37,1,2.0,1,1,1,7,2,73,73,73,2,0,4,1.0,1.0,,40.0,,40.0,,,,,,2.0,3.0,0.0,1,2.0,2.0,2.0,,769.23,1.0,,,,,14604.3636,3677.2294,0,0,0.0,,0,0,14282,1,,,,,,,3723.5322,7070.0,4220.0,-1,,,,,,,138611.0,2010,603,600,0,0,0,0,0,11.0,14.0,34.0,2010,1.0,4,8,2,8700,87001,1,21,36,35620,47,1.0,1.0,,7,1,55,,2,37,1,2.0,1,1,7,2,73,73,73,2,0,4,1.0,1.0,,40.0,,40.0,,,,,,2.0,3.0,0.0,1,2.0,2.0,2.0,,600.0,1.0,,,,,13800.3826,3243.8251,0,0,1.0,,0,42,56634,1,,,,,,,3368.3878,7070.0,4220.0,-1,,,,,,,137044.0,2011,615,600,0,0,0,0,0,11.0,14.0,34.0,2011,MIS4_to_MIS8,new_york,0,2010-2011,1,0,0,0,retention
56699420509302,4,1.0,4,4,2,8700,87001,1,1,21,36,35620,61,1.0,1.0,,7,1,28,,2,39,2,,1,1,1,7,2,57,57,139,1,0,0,1.0,7.0,,,,,,8.0,,,,1.0,3.0,0.0,2,,,,,,,,,,,10562.9937,3030.7065,11,3,,,0,0,32435,1,2.0,5.0,,,,,2646.5563,8570.0,3920.0,-1,,,,,,,138646.0,2010,603,600,1,1,1,0,1,9.0,12.0,44.0,2010,1.0,4,8,2,8700,87001,1,21,36,35620,61,1.0,1.0,,7,1,29,,2,40,2,,1,1,7,2,57,57,139,1,0,0,1.0,7.0,,,,,,,,,,1.0,,,2,,,,,,,,,,,13578.9062,3343.4913,8,3,,,0,0,30837,1,,,2.0,,,,3410.8591,,,-1,,,,,,,137075.0,2011,615,600,0,1,1,0,1,13.0,,,2011,MIS4_to_MIS8,new_york,0,2010-2011,0,1,0,0,retention
80866097232269,4,1.0,1,4,2,8700,87001,1,1,21,36,35620,85,1.0,1.0,,7,3,52,1.0,1,43,4,,2,1,2,1,2,57,209,207,1,0,0,,1.0,,40.0,,40.0,,,,,,2.0,3.0,0.0,1,1.0,2.0,2.0,,2269.0,1.0,,,,,10899.1899,2817.9074,0,0,1.0,,21,41,71309,2,,,,2.0,,,2758.2551,9470.0,820.0,-1,,,,,,,138684.0,2010,603,600,0,0,0,0,0,16.0,2.0,51.0,2010,1.0,1,8,2,8700,87001,1,21,36,35620,85,1.0,1.0,,7,3,53,1.0,1,43,4,,1,2,1,2,57,209,207,1,0,0,2.0,1.0,,36.0,,36.0,,,,,,2.0,4.0,0.0,1,2.0,1.0,1.0,1300.0,615.38,2.0,2.0,,,,13499.772,3375.3085,0,0,0.0,1.0,0,0,2087,2,,,,2.0,,,3428.5971,7680.0,3930.0,-1,,,,,,,137121.0,2011,615,600,0,0,0,0,0,16.0,12.0,38.0,2011,MIS4_to_MIS8,new_york,0,2010-2011,0,1,0,1,retention
80866097232269,4,1.0,1,4,2,8700,87001,1,1,21,36,35620,85,1.0,1.0,,7,1,56,2.0,2,42,4,4.0,1,1,1,1,2,57,73,364,1,0,0,,1.0,,40.0,,40.0,,,,,,2.0,3.0,0.0,1,2.0,,1.0,1050.0,420.0,1.0,,,,,13936.7612,3522.3346,0,0,1.0,1.0,0,41,71309,1,,,3.0,,,,3573.5578,9470.0,3800.0,-1,,,,,,,138685.0,2010,603,600,0,0,0,0,0,14.0,12.0,51.0,2010,1.0,1,8,2,8700,87001,1,21,36,35620,85,1.0,1.0,,7,1,57,2.0,2,42,4,4.0,1,1,1,2,57,73,364,1,0,0,1.0,1.0,,35.0,,35.0,,,,,,2.0,3.0,0.0,1,2.0,2.0,2.0,,1173.07,1.0,,,,,19868.5187,4696.795,0,0,0.0,,0,0,2087,1,,,3.0,,,,4849.4943,9470.0,3800.0,-1,,,,,,,137120.0,2011,615,600,0,0,0,0,0,14.0,12.0,51.0,2011,MIS4_to_MIS8,new_york,0,2010-2011,1,0,0,0,retention
102900033997106,4,1.0,1,4,2,8700,87001,1,1,21,36,35620,5,1.0,1.0,,7,1,33,2.0,1,43,1,,1,1,1,1,2,57,57,57,1,0,0,1.0,1.0,,-4.0,4.0,25.0,,,4.0,,,4.0,2.0,0.0,1,2.0,2.0,2.0,,1153.0,2.0,2.0,,,,13834.7449,3436.9438,1,2,1.0,,0,42,55884,1,,,,2.0,,,3461.8027,8370.0,1010.0,-1,,,,,,,138700.0,2010,603,600,1,0,0,0,1,16.0,3.0,43.0,2010,1.0,1,8,2,8700,87001,1,21,36,35620,5,1.0,1.0,,7,1,34,2.0,1,43,1,,1,1,1,2,57,57,57,1,0,0,1.0,1.0,,-4.0,,35.0,,,,,,2.0,4.0,0.0,1,1.0,2.0,2.0,,1500.0,2.0,2.0,,,,17121.5016,4218.74,5,2,0.0,,0,0,30620,1,,,,2.0,,,4318.7769,4470.0,4850.0,-1,,,,,,,137141.0,2011,615,600,1,1,0,0,1,16.0,16.0,21.0,2011,MIS4_to_MIS8,new_york,0,2010-2011,0,1,0,1,retention
230609938950997,4,1.0,1,4,2,8700,87001,1,1,21,36,15380,0,1.0,1.0,,5,1,62,2.0,2,40,1,,1,1,1,1,2,57,57,57,1,0,0,1.0,1.0,,37.0,,37.0,,,,,,2.0,2.0,0.0,1,2.0,2.0,2.0,,693.5,1.0,,,,,13182.8157,3087.0589,0,0,0.0,,0,0,5366,1,,,3.0,,,,3109.5345,6990.0,540.0,-1,,,,,,,138762.0,2010,603,600,0,0,0,0,0,14.0,2.0,33.0,2010,1.0,1,8,2,8700,87001,1,21,36,15380,0,1.0,1.0,,5,1,63,2.0,2,40,1,,1,1,1,2,57,57,57,1,0,0,1.0,1.0,,40.0,,40.0,,,,,,2.0,2.0,0.0,1,2.0,1.0,1.0,1850.0,673.07,2.0,2.0,,,,9438.341,2492.3987,0,0,0.0,0.0,0,0,1994,1,,,3.0,,,,2421.6099,6970.0,5240.0,-1,,,,,,,137202.0,2011,615,600,0,0,0,0,0,14.0,17.0,32.0,2011,MIS4_to_MIS8,new_york,0,2010-2011,1,0,0,0,retention
230609980037442,4,1.0,9,4,2,8700,87001,1,1,21,36,35620,81,1.0,1.0,,7,3,55,1.0,2,38,1,2.0,2,1,2,1,2,73,73,73,2,0,5,2.0,1.0,,40.0,8.0,32.0,,,8.0,,,4.0,3.0,0.0,1,2.0,1.0,1.0,1700.0,538.46,1.0,,,,,14444.1433,3658.3758,0,0,0.0,1.0,0,0,14543,2,,,,,,,3703.6569,8270.0,3600.0,-1,,,,,,,138782.0,2010,603,600,0,0,0,0,0,12.0,11.0,42.0,2010,1.0,9,8,2,8700,87001,1,21,36,35620,81,1.0,1.0,,7,3,56,1.0,2,38,1,2.0,1,2,1,2,73,73,73,2,0,5,2.0,1.0,,40.0,4.0,32.0,,,4.0,,,4.0,4.0,0.0,1,2.0,1.0,1.0,1190.0,461.53,1.0,,,,,13800.3826,3243.8251,0,0,0.0,0.0,0,0,16150,2,,,,,,,3368.3878,8270.0,3600.0,-1,,,,,,,137224.0,2011,615,600,0,0,0,0,0,12.0,11.0,42.0,2011,MIS4_to_MIS8,new_york,0,2010-2011,0,1,0,1,retention
230609982276176,4,1.0,7,4,2,8700,87001,1,1,21,36,35620,61,1.0,1.0,,7,2,55,,2,44,1,,1,0,0,7,2,57,57,57,1,0,0,1.0,1.0,,40.0,,40.0,,,,,,2.0,3.0,0.0,1,2.0,2.0,2.0,,1230.76,1.0,,,,,13526.5243,3452.5179,0,0,0.0,,0,0,1634,1,,,,,,2.0,3468.368,7860.0,2310.0,-1,,,,,,,138786.0,2010,603,600,0,0,0,0,0,18.0,8.0,40.0,2010,1.0,7,8,2,8700,87001,1,21,36,35620,61,1.0,1.0,,7,2,56,,2,43,1,,0,0,7,2,57,57,57,1,0,0,1.0,1.0,,40.0,,40.0,,,,,,2.0,4.0,0.0,1,2.0,1.0,1.0,1700.0,700.0,2.0,2.0,,,,15299.544,3692.6437,0,0,0.0,0.0,0,0,49959,1,,,,1.0,1.0,,3734.3021,7590.0,5910.0,-1,,,,,,,137228.0,2011,615,600,0,0,0,0,0,18.0,17.0,38.0,2011,MIS4_to_MIS8,new_york,0,2010-2011,0,1,0,1,retention
391982402013699,4,1.0,1,4,2,8700,87001,1,1,21,36,40380,55,1.0,1.0,,5,1,43,2.0,2,42,1,,1,1,1,1,2,57,57,57,1,0,0,1.0,1.0,,40.0,,40.0,,,,,,2.0,3.0,0.0,1,2.0,1.0,1.0,2500.0,1250.0,1.0,,,,,15075.8439,3816.3528,0,0,0.0,0.0,0,0,55934,1,,,3.0,,,,3808.2603,9470.0,5520.0,-1,,,,,,,138852.0,2010,603,600,0,0,0,0,0,14.0,17.0,51.0,2010,1.0,1,8,2,8700,87001,1,21,36,40380,55,1.0,1.0,,5,1,44,2.0,2,39,1,,1,1,1,2,57,57,57,1,0,0,,1.0,,40.0,,52.0,,,,,,2.0,3.0,0.0,1,2.0,,1.0,1000.0,400.0,2.0,2.0,,,,12883.2305,3279.3261,0,0,1.0,1.0,23,41,15968,1,1.0,,,,,,3213.3719,9470.0,5020.0,-1,,,,,,,137290.0,2011,615,600,0,0,0,0,0,12.0,17.0,51.0,2011,MIS4_to_MIS8,new_york,0,2010-2011,1,0,0,0,retention
396992909036684,4,1.0,7,4,2,8700,87001,1,1,21,36,35620,61,1.0,1.0,,7,16,25,,2,43,4,,2,0,0,5,2,57,421,210,1,0,0,2.0,1.0,,20.0,,35.0,,,20.0,,,9.0,3.0,0.0,1,2.0,1.0,1.0,1105.0,350.0,2.0,2.0,,,,16332.7683,4146.1938,0,0,1.0,1.0,22,0,1631,2,,,,1.0,1.0,,4178.9945,9370.0,530.0,-1,,,,,,,138877.0,2010,603,600,0,0,0,0,0,18.0,2.0,51.0,2010,3.0,7,8,2,8700,87001,1,21,36,35620,61,1.0,1.0,,7,2,26,,2,43,4,,0,0,7,2,57,207,207,1,0,0,2.0,1.0,,35.0,,35.0,,,,,,2.0,3.0,0.0,1,2.0,2.0,2.0,,1153.0,1.0,,,,,8494.8725,2162.4749,0,0,1.0,,42,42,49958,2,,,,1.0,1.0,,2173.5372,9370.0,530.0,-1,,,,,,,137320.0,2011,615,600,0,0,0,0,0,18.0,2.0,51.0,2011,MIS4_to_MIS8,new_york,0,2010-2011,1,0,0,0,retention
423398219600919,4,1.0,4,4,2,8700,87001,1,1,21,36,40380,55,1.0,1.0,,5,14,53,,1,39,1,2.0,2,0,0,5,2,73,73,73,2,0,4,2.0,1.0,,40.0,,40.0,,,,,,2.0,3.0,0.0,1,2.0,1.0,1.0,2300.0,900.0,1.0,,,,,11678.9074,2908.5877,4,1,0.0,0.0,0,0,5258,2,1.0,,,,,,2955.578,6180.0,9120.0,-1,3.0,,,,,,138923.0,2010,603,600,0,0,0,1,0,12.0,22.0,23.0,2010,2.0,4,8,2,8700,87001,1,21,36,40380,55,1.0,1.0,,5,14,54,,1,39,1,2.0,0,0,5,2,73,73,73,2,0,4,1.0,1.0,,55.0,,49.0,,,,,,2.0,3.0,0.0,1,1.0,1.0,1.0,2567.0,1384.61,1.0,,,,,9686.9677,2502.6954,0,0,0.0,0.0,0,0,6069,2,1.0,,,,,,2460.2423,6180.0,9120.0,-1,3.0,,,,,,137364.0,2011,615,600,0,0,0,0,0,12.0,22.0,23.0,2011,MIS4_to_MIS8,new_york,0,2010-2011,1,0,0,0,retention
428399529600251,4,1.0,4,4,2,8700,87001,1,1,21,36,35620,47,1.0,1.0,,7,1,52,,2,40,2,,1,1,1,6,2,57,57,57,1,0,0,1.0,1.0,,40.0,,40.0,,,,,,2.0,3.0,0.0,1,2.0,1.0,1.0,2350.0,769.23,1.0,,,,,16368.5825,3923.7214,0,0,0.0,0.0,0,0,5197,1,,,3.0,,,,3916.7853,6180.0,4220.0,-1,,,,,,,138929.0,2010,603,600,0,0,0,0,0,14.0,14.0,23.0,2010,1.0,4,8,2,8700,87001,1,21,36,35620,47,1.0,1.0,,7,1,53,,2,40,2,,1,1,6,2,57,57,57,1,0,0,1.0,1.0,,40.0,,40.0,,,,,,2.0,3.0,0.0,1,2.0,,1.0,2400.0,960.0,1.0,,,,,17445.595,4225.0723,0,0,0.0,0.0,0,0,6058,1,,,3.0,,,,4197.4849,6180.0,4220.0,-1,,,,,,,137369.0,2011,615,600,0,0,0,0,0,14.0,14.0,23.0,2011,MIS4_to_MIS8,new_york,0,2010-2011,1,0,0,0,retention
620561092732279,4,1.0,4,4,2,8700,87001,1,1,21,36,35620,5,1.0,1.0,,7,1,46,,2,41,1,2.0,1,1,1,7,2,73,73,73,2,0,15,1.0,1.0,,37.0,,37.0,,,,,,2.0,3.0,0.0,1,2.0,,1.0,1354.0,500.98,2.0,2.0,,,,13020.2021,3272.1895,4,1,0.0,0.0,0,0,5143,1,,,5.0,,,,3319.634,8470.0,2540.0,-1,,,,,,,139005.0,2010,603,600,0,0,0,1,0,16.0,8.0,43.0,2010,1.0,4,8,2,8700,87001,1,21,36,35620,5,1.0,1.0,,7,1,47,,2,41,1,2.0,1,1,7,2,73,73,73,2,0,15,1.0,1.0,,35.0,,35.0,,,,,,2.0,4.0,0.0,1,2.0,1.0,1.0,1100.0,500.0,1.0,,,,,14481.0192,3541.2762,0,0,0.0,0.0,0,0,49858,1,,,5.0,,,,3699.9773,8470.0,2540.0,-1,,,,,,,137456.0,2011,615,600,0,0,0,0,0,16.0,8.0,43.0,2011,MIS4_to_MIS8,new_york,0,2010-2011,0,1,0,1,retention
656979220419308,4,1.0,1,4,2,8700,87001,1,1,21,36,35620,81,1.0,1.0,,7,1,35,2.0,2,44,1,,1,1,1,1,2,57,555,555,1,0,0,1.0,1.0,,40.0,,40.0,,,,,,2.0,3.0,0.0,1,2.0,2.0,2.0,,2500.0,1.0,,,,,14134.5981,3570.4023,8,2,1.0,,0,0,48937,1,,,,,,3.0,3570.4952,7860.0,2320.0,-1,,,,,,,139052.0,2010,603,600,0,1,1,0,1,18.0,8.0,40.0,2010,1.0,4,8,2,8700,87001,1,21,36,35620,81,1.0,1.0,,7,1,36,,2,44,1,,1,1,6,2,57,555,555,1,0,0,1.0,1.0,,33.0,,33.0,,,22.0,,,7.0,3.0,0.0,1,2.0,2.0,2.0,,1384.61,1.0,,,,,12353.328,3047.5955,3,2,0.0,,0,0,42062,1,,,,,,3.0,3081.2021,7860.0,2310.0,-1,,,,,,,137498.0,2011,615,600,0,0,1,0,0,18.0,8.0,40.0,2011,MIS4_to_MIS8,new_york,0,2010-2011,1,0,0,0,retention
702907423496766,4,1.0,4,4,2,8700,87001,1,1,21,36,35620,47,1.0,1.0,,7,1,44,,2,43,2,,1,1,1,7,2,343,343,343,4,0,7,1.0,1.0,,40.0,,40.0,,,,,,2.0,3.0,0.0,1,2.0,2.0,2.0,,826.92,1.0,,,,,11910.2558,3090.764,0,0,0.0,,0,0,40496,1,,,,2.0,,,3112.1114,7870.0,620.0,-1,,,,,,,139103.0,2010,603,600,0,0,0,0,0,16.0,2.0,40.0,2010,3.0,4,8,2,8700,87001,1,21,36,35620,47,1.0,1.0,,7,1,45,,2,43,2,,1,1,7,2,343,343,343,4,0,7,2.0,1.0,,40.0,,40.0,,,,,,2.0,3.0,0.0,1,2.0,2.0,2.0,,865.38,1.0,,,,,14960.4418,3623.2039,0,0,0.0,,0,0,41917,1,,,,2.0,,,3599.5464,7870.0,630.0,-1,,,,,,,137552.0,2011,615,600,0,0,0,0,0,16.0,2.0,40.0,2011,MIS4_to_MIS8,new_york,0,2010-2011,1,0,0,0,retention
763304082904290,4,1.0,10,4,2,8700,87001,1,1,21,36,35620,81,1.0,1.0,,7,2,55,,2,41,1,,1,0,0,4,2,164,164,164,4,0,5,1.0,1.0,,25.0,,25.0,,,15.0,,,7.0,3.0,0.0,1,2.0,,1.0,1500.0,375.0,2.0,2.0,,,,13526.5243,3452.5179,0,0,0.0,0.0,0,0,1652,1,,,3.0,,,,3468.368,8370.0,5120.0,-1,,,,,,,139127.0,2010,603,600,0,0,0,0,0,14.0,17.0,43.0,2010,1.0,10,8,2,8700,87001,1,21,36,35620,81,1.0,1.0,,7,2,56,,2,42,1,,0,0,4,2,164,164,164,4,0,5,1.0,1.0,,25.0,,25.0,,,15.0,,,7.0,5.0,0.0,1,2.0,,1.0,1400.0,350.0,1.0,,,,,15299.544,3692.6437,0,0,0.0,0.0,0,0,20523,1,,,3.0,,,,3734.3021,8370.0,5820.0,-1,,,,,,,137573.0,2011,615,600,0,0,0,0,0,14.0,17.0,43.0,2011,MIS4_to_MIS8,new_york,0,2010-2011,0,1,0,1,retention
840162005732340,4,1.0,7,4,2,8700,87001,1,1,21,36,35620,61,1.0,1.0,,7,2,46,,2,43,2,,1,0,0,6,2,324,340,340,4,0,7,1.0,1.0,,40.0,,40.0,,,,,,2.0,3.0,0.0,1,2.0,2.0,2.0,,961.53,1.0,,,,,13927.3282,3338.527,0,0,0.0,,0,0,29089,1,,,,2.0,,,3332.6254,9370.0,530.0,-1,,,,,,,139160.0,2010,603,600,0,0,0,0,0,16.0,2.0,51.0,2010,1.0,7,8,2,8700,87001,1,21,36,35620,61,1.0,1.0,,7,2,47,,2,43,2,,0,0,6,2,324,340,340,4,0,7,1.0,1.0,,35.0,,35.0,,,,,,2.0,3.0,0.0,1,2.0,2.0,2.0,,961.0,1.0,,,,,14960.4418,3623.2039,0,0,1.0,,0,0,20502,1,,,,2.0,,,3599.5464,9370.0,530.0,-1,,,,,,,137614.0,2011,615,600,0,0,0,0,0,16.0,2.0,51.0,2011,MIS4_to_MIS8,new_york,0,2010-2011,1,0,0,0,retention
856529320109305,4,1.0,3,4,2,8700,87001,1,1,21,36,35620,81,1.0,1.0,,7,1,47,,1,44,1,,1,1,1,7,2,57,57,57,1,0,0,1.0,1.0,,40.0,,40.0,,,,,,2.0,3.0,0.0,1,1.0,2.0,2.0,,2884.0,2.0,2.0,,,,14124.1666,3536.1044,2,2,1.0,,0,0,40647,1,,,,,,2.0,3574.3991,7860.0,2310.0,-1,,,,,,,139165.0,2010,603,600,0,1,0,0,1,18.0,8.0,40.0,2010,1.0,3,8,2,8700,87001,1,21,36,35620,81,1.0,1.0,,7,1,48,,1,44,1,,1,1,7,2,57,57,57,1,0,0,1.0,1.0,,40.0,,40.0,,,,,,2.0,3.0,0.0,1,1.0,2.0,2.0,,1942.3,1.0,,,,,14695.0923,3650.6882,5,2,0.0,,0,0,6111,1,,,,,,2.0,3732.1779,7860.0,2310.0,-1,,,,,,,137619.0,2011,615,600,1,1,0,0,1,18.0,8.0,40.0,2011,MIS4_to_MIS8,new_york,0,2010-2011,1,0,0,0,retention
2905813496076,4,1.0,1,4,2,8700,87001,1,1,21,36,35620,119,2.0,1.0,,7,1,58,2.0,1,46,1,,1,1,1,1,2,57,57,57,1,0,0,1.0,1.0,,30.0,,50.0,,,,,,2.0,2.0,0.0,1,2.0,2.0,2.0,,2500.0,1.0,,,,,12232.8306,3053.189,10,2,0.0,,0,0,29375,1,,,,,,,3096.0985,7870.0,2200.0,430,,,,,,,139289.0,2010,603,600,0,0,1,1,0,18.0,8.0,40.0,2010,1.0,1,8,2,8700,87001,1,21,36,35620,119,2.0,1.0,,7,1,59,2.0,1,46,1,,1,1,1,2,57,57,57,1,0,0,1.0,1.0,,35.0,,60.0,,,,,,2.0,2.0,0.0,1,2.0,2.0,2.0,,2211.53,2.0,2.0,,,,11469.7717,2866.4821,10,2,0.0,,0,0,16302,1,,,,,,,2811.9333,7870.0,2200.0,230,,,,,,,137751.0,2011,615,600,0,0,1,1,0,18.0,8.0,40.0,2011,MIS4_to_MIS8,new_york,0,2010-2011,1,0,0,0,retention
2905813496076,4,1.0,1,4,2,8700,87001,1,1,21,36,35620,119,2.0,1.0,,7,3,56,1.0,2,43,1,,2,1,2,1,2,57,57,57,1,0,0,2.0,3.0,,,,,2.0,,,2.0,1.0,12.0,3.0,0.0,2,,,,,,,,,,,12988.7943,2873.2376,10,2,,,0,0,29375,2,,,,2.0,,,2796.8203,7860.0,2540.0,-1,,,,,6.0,1.0,139290.0,2010,603,600,0,0,1,1,0,16.0,8.0,40.0,2010,1.0,1,8,2,8700,87001,1,21,36,35620,119,2.0,1.0,,7,3,57,1.0,2,43,1,,1,2,1,2,57,57,57,1,0,0,2.0,1.0,,16.0,,16.0,,,18.0,,,7.0,3.0,0.0,1,2.0,1.0,1.0,1500.0,300.0,2.0,2.0,,,,11264.0715,2824.0901,10,2,0.0,0.0,0,0,16302,2,,,,2.0,,,2749.3268,7860.0,2540.0,-1,,,,,6.0,,137752.0,2011,615,600,0,0,1,1,0,16.0,8.0,40.0,2011,MIS4_to_MIS8,new_york,0,2010-2011,1,0,0,0,retention
14763260980397,4,1.0,4,4,2,8700,87001,1,1,21,36,10580,0,2.0,1.0,,4,1,49,,2,42,1,2.0,1,1,1,5,2,57,57,57,1,0,0,1.0,1.0,,40.0,,40.0,,,,,,2.0,3.0,0.0,1,2.0,2.0,2.0,,1103.0,2.0,2.0,,,,10374.7291,2619.4471,0,0,0.0,,0,0,14620,1,,,3.0,,,,2645.1435,7070.0,5250.0,-1,,,,,,,139302.0,2010,603,600,0,0,0,0,0,14.0,17.0,34.0,2010,2.0,1,8,2,8700,87001,1,21,36,10580,0,2.0,1.0,,4,1,50,2.0,2,42,1,2.0,1,1,1,2,57,57,57,1,0,0,1.0,1.0,,35.0,4.0,1.0,,,4.0,,,4.0,4.0,0.0,1,2.0,1.0,1.0,3042.0,1065.0,2.0,2.0,,,,9693.5049,2440.9501,0,0,0.0,0.0,0,0,6127,1,,,3.0,,,,2476.742,7070.0,420.0,-1,,,,,,,137767.0,2011,615,600,0,0,0,0,0,14.0,1.0,34.0,2011,MIS4_to_MIS8,new_york,0,2010-2011,0,1,0,1,retention
44763260980397,4,1.0,1,4,2,8700,87001,1,1,21,36,35620,59,2.0,1.0,,7,1,57,2.0,2,39,1,,1,1,1,1,2,57,57,57,1,0,0,1.0,1.0,,35.0,5.0,31.0,,,5.0,,,4.0,3.0,0.0,1,2.0,2.0,2.0,,1641.01,1.0,,,,,11204.9436,2873.2376,0,0,0.0,,0,0,29061,1,1.0,,,,,,2873.086,8370.0,5000.0,-1,,,,,,,139350.0,2010,603,600,0,0,0,0,0,12.0,17.0,43.0,2010,1.0,1,8,2,8700,87001,1,21,36,35620,59,2.0,1.0,,7,1,59,2.0,2,39,1,,1,1,1,2,57,57,57,1,0,0,1.0,1.0,,38.0,,43.0,,,,,,2.0,3.0,0.0,1,1.0,2.0,2.0,,1759.5,2.0,1.0,,,,11264.0715,2824.0901,0,0,0.0,,0,0,6077,1,1.0,,,,,,2749.3268,8370.0,2010.0,-1,,,,,5.0,,137801.0,2011,615,600,0,0,0,0,0,12.0,6.0,43.0,2011,MIS4_to_MIS8,new_york,0,2010-2011,1,0,0,0,retention
230609982341297,4,1.0,1,4,2,8700,87001,1,1,21,36,45060,0,2.0,1.0,,4,3,38,1.0,2,40,1,,2,1,2,1,2,57,57,57,1,0,0,2.0,1.0,,38.0,,42.0,,,,,,2.0,2.0,0.0,1,2.0,2.0,2.0,,740.38,1.0,,,,,13131.6316,3332.4567,3,1,0.0,,0,0,1619,2,,,3.0,,,,3317.1391,7870.0,5700.0,-1,,,,,,,139454.0,2010,603,600,0,0,1,0,0,14.0,17.0,40.0,2010,1.0,1,8,2,8700,87001,1,21,36,45060,0,2.0,1.0,,4,3,39,1.0,2,40,1,,1,2,1,2,57,57,57,1,0,0,2.0,1.0,,38.0,,42.0,,,,,,2.0,2.0,0.0,1,2.0,2.0,2.0,,807.69,1.0,,,,,12695.864,3253.5677,4,1,0.0,,0,0,41948,2,,,4.0,,,,3166.6384,7870.0,5700.0,-1,,,,,,,137907.0,2011,615,600,0,0,0,1,0,15.0,17.0,40.0,2011,MIS4_to_MIS8,new_york,0,2010-2011,1,0,0,0,retention
270862095432609,4,2.0,1,4,2,8700,87001,1,1,21,36,10580,0,2.0,1.0,,4,1,44,2.0,2,44,1,,1,1,1,1,2,57,57,57,1,0,0,2.0,1.0,,35.0,,35.0,,,,,,2.0,3.0,0.0,1,2.0,2.0,2.0,,1750.0,1.0,,,,,14023.0994,3549.8573,10,2,0.0,,0,0,18765,1,,,,,,2.0,3542.3299,7860.0,2330.0,-1,,,,,,,139474.0,2010,603,600,0,0,1,1,0,18.0,8.0,40.0,2010,2.0,1,8,2,8700,87001,1,21,36,10580,0,2.0,1.0,,4,1,46,2.0,2,44,1,,1,1,1,2,57,57,57,1,0,0,2.0,1.0,,40.0,,40.0,,,,,,2.0,3.0,0.0,1,2.0,2.0,2.0,,1813.46,1.0,,,,,10653.982,2779.006,4,1,0.0,,0,0,30964,1,,,,,,2.0,2722.149,7860.0,2310.0,-1,,,,,,,137935.0,2011,615,600,0,0,0,1,0,18.0,8.0,40.0,2011,MIS4_to_MIS8,new_york,0,2010-2011,1,0,0,0,retention
391962903092657,4,1.0,1,4,2,8700,87001,1,1,21,36,35620,103,2.0,1.0,,7,4,16,,1,37,1,,4,1,3,7,2,57,362,57,1,0,0,2.0,1.0,,20.0,,20.0,,,20.0,,,7.0,3.0,0.0,1,2.0,,1.0,750.0,150.0,2.0,2.0,1.0,1.0,1.0,14932.7376,3794.9487,0,0,0.0,0.0,0,0,42992,4,,,,,,,3666.3487,8570.0,4230.0,-1,,,,,2.0,1.0,139508.0,2010,603,600,0,0,0,0,0,11.0,14.0,44.0,2010,1.0,1,8,2,8700,87001,1,21,36,35620,103,2.0,1.0,,7,4,17,,1,37,1,,1,3,7,2,57,362,57,1,0,0,2.0,1.0,,-4.0,,15.0,,,20.0,,,7.0,4.0,0.0,1,2.0,2.0,1.0,725.0,108.75,2.0,2.0,1.0,1.0,1.0,12019.416,3113.6054,0,0,1.0,1.0,0,42,16250,4,,,,,,,2984.0299,8780.0,9610.0,-1,,,,,2.0,1.0,137971.0,2011,615,600,0,0,0,0,0,11.0,22.0,47.0,2011,MIS4_to_MIS8,new_york,0,2010-2011,0,1,0,1,retention
393912806051657,4,1.0,1,4,2,8700,87001,1,1,21,36,35620,59,2.0,1.0,,7,1,54,2.0,1,40,1,,1,1,1,1,2,57,57,57,1,0,0,1.0,1.0,,40.0,,40.0,,,,,,2.0,3.0,0.0,1,2.0,,1.0,7212.0,2884.61,1.0,,,,,11159.42,2805.768,0,0,1.0,1.0,0,42,14394,1,,,2.0,,,,2824.1115,7870.0,4200.0,-1,,,,,,,139515.0,2010,603,600,0,0,0,0,0,13.0,14.0,40.0,2010,1.0,1,8,2,8700,87001,1,21,36,35620,59,2.0,1.0,,7,1,55,2.0,1,40,1,,1,1,1,2,57,57,57,1,0,0,1.0,1.0,,40.0,,40.0,,,,,,2.0,4.0,0.0,1,2.0,2.0,2.0,,625.0,2.0,2.0,,,,11469.7717,2866.4821,0,0,1.0,,0,42,16003,1,,,1.0,,,,2811.9333,7870.0,10.0,-1,,,,,,,137978.0,2011,615,600,0,0,0,0,0,12.0,1.0,40.0,2011,MIS4_to_MIS8,new_york,0,2010-2011,0,1,0,1,retention
393912806051657,4,1.0,1,4,2,8700,87001,1,1,21,36,35620,59,2.0,1.0,,7,4,24,,1,40,1,,4,1,3,7,2,57,57,57,1,0,0,2.0,1.0,,40.0,,40.0,,,,,,2.0,3.0,0.0,1,2.0,,1.0,1200.0,480.0,1.0,,2.0,,,14875.7852,3805.565,0,0,1.0,1.0,0,42,14394,4,,,3.0,,,,3766.6719,7870.0,7540.0,-1,,,,,2.0,1.0,139518.0,2010,603,600,0,0,0,0,0,14.0,20.0,40.0,2010,1.0,1,8,2,8700,87001,1,21,36,35620,59,2.0,1.0,,7,4,25,,1,40,1,,1,3,7,2,57,57,57,1,0,0,2.0,1.0,,40.0,,40.0,,,,,,2.0,4.0,0.0,1,2.0,,1.0,1100.0,440.0,2.0,2.0,,,,12936.0026,3334.9464,0,0,1.0,1.0,0,42,16003,4,,,1.0,,,,3263.0146,7870.0,7240.0,-1,,,,,2.0,1.0,137981.0,2011,615,600,0,0,0,0,0,12.0,20.0,40.0,2011,MIS4_to_MIS8,new_york,0,2010-2011,0,1,0,1,retention
399932001032617,4,1.0,1,4,2,8700,87001,1,1,21,36,35620,119,2.0,1.0,,7,1,43,2.0,1,43,1,,1,1,1,1,2,57,57,57,1,0,0,1.0,1.0,,45.0,,60.0,,,,,,2.0,3.0,0.0,1,1.0,1.0,1.0,5200.0,1750.0,1.0,,,,,14669.5626,3582.9024,8,2,0.0,0.0,0,0,1695,1,,,,2.0,,,3587.2927,9470.0,3850.0,-1,,,,,,,139565.0,2010,603,600,0,1,1,0,1,16.0,12.0,51.0,2010,2.0,1,8,2,8700,87001,1,21,36,35620,119,2.0,1.0,,7,1,44,2.0,1,43,1,,1,1,1,2,57,57,57,1,0,0,2.0,1.0,,40.0,,40.0,,,,,,2.0,3.0,0.0,1,2.0,2.0,2.0,,846.0,1.0,,,,,12321.9841,3054.9146,8,2,1.0,,0,0,42175,1,,,,2.0,,,3023.7924,9470.0,3850.0,-1,,,,,,,138049.0,2011,615,600,0,1,1,0,1,16.0,12.0,51.0,2011,MIS4_to_MIS8,new_york,0,2010-2011,1,0,0,0,retention
506209320269306,4,1.0,1,4,2,8700,87001,1,1,21,36,15380,0,2.0,1.0,,5,3,49,1.0,2,41,1,,2,1,2,1,2,57,57,57,1,0,0,2.0,1.0,,24.0,,24.0,,,15.0,,,6.0,3.0,0.0,1,2.0,1.0,1.0,1150.0,250.0,1.0,,,,,11322.5832,2880.9226,10,2,0.0,0.0,0,0,55905,2,,,3.0,,,,2886.8087,7860.0,4600.0,-1,,,,,,,139594.0,2010,603,600,0,0,1,1,0,14.0,15.0,40.0,2010,1.0,1,8,2,8700,87001,1,21,36,15380,0,2.0,1.0,,5,3,50,1.0,2,41,1,,1,2,1,2,57,57,57,1,0,0,2.0,1.0,,23.0,,23.0,,,15.0,,,6.0,3.0,0.0,1,2.0,,1.0,1160.0,266.8,1.0,,,,,10268.0352,2654.9604,10,2,0.0,0.0,0,0,41863,2,,,3.0,,,,2623.5375,6070.0,9415.0,-1,,,,,,,138072.0,2011,615,600,0,0,1,1,0,14.0,22.0,23.0,2011,MIS4_to_MIS8,new_york,0,2010-2011,1,0,0,0,retention
639630915120923,4,1.0,1,4,2,8700,87001,1,1,21,36,35620,59,2.0,1.0,,7,3,40,1.0,1,44,1,4.0,2,1,2,1,2,364,364,364,4,0,5,2.0,1.0,,40.0,,40.0,,,,,,2.0,3.0,0.0,1,2.0,2.0,2.0,,1038.0,1.0,,,,,16654.6804,4038.9408,2,2,1.0,,0,42,5282,2,,,,,,2.0,4072.7331,9470.0,3730.0,-1,,,,,,,139665.0,2010,603,600,0,1,0,0,1,18.0,12.0,51.0,2010,1.0,1,8,2,8700,87001,1,21,36,35620,59,2.0,1.0,,7,3,41,1.0,1,44,1,4.0,1,2,1,2,364,364,364,4,0,5,2.0,1.0,,45.0,,45.0,,,,,,2.0,3.0,0.0,1,2.0,2.0,2.0,,1750.0,2.0,2.0,,,,13732.8961,3431.896,8,2,0.0,,0,42,20495,2,,,,,,2.0,3370.0276,9470.0,120.0,-1,,,,,,,138145.0,2011,615,600,0,1,1,0,1,18.0,1.0,51.0,2011,MIS4_to_MIS8,new_york,0,2010-2011,1,0,0,0,retention
663155082907193,4,1.0,1,4,2,8700,87001,1,1,21,36,35620,59,2.0,1.0,,7,3,60,1.0,2,39,1,,2,1,2,1,2,57,57,57,1,0,0,2.0,1.0,,14.0,,28.0,,,18.0,,,7.0,3.0,0.0,1,2.0,1.0,1.0,3500.0,250.0,2.0,2.0,,,,12747.7922,2985.1882,4,1,0.0,1.0,0,0,14395,2,1.0,,,,,,3006.9221,8470.0,2540.0,4600,,,,,4.0,,139681.0,2010,603,600,0,0,0,1,0,12.0,8.0,43.0,2010,1.0,1,8,2,8700,87001,1,21,36,35620,59,2.0,1.0,,7,3,61,1.0,2,39,1,,1,2,1,2,57,57,57,1,0,0,2.0,1.0,,20.0,,40.0,,,,,,2.0,3.0,0.0,1,2.0,,1.0,1100.0,220.0,2.0,2.0,,,,10624.3845,2805.5992,0,0,0.0,0.0,0,0,20496,2,1.0,,,,,,2725.915,8470.0,4600.0,4600,,,,,4.0,,138161.0,2011,615,600,0,0,0,0,0,12.0,15.0,43.0,2011,MIS4_to_MIS8,new_york,0,2010-2011,1,0,0,0,retention
669470364030923,4,1.0,1,4,2,8700,87001,1,1,21,36,35620,59,2.0,1.0,,7,4,23,,2,44,4,,4,1,3,7,2,57,57,57,1,0,0,2.0,1.0,,20.0,,20.0,,,20.0,,,7.0,3.0,0.0,1,2.0,2.0,2.0,,576.0,2.0,2.0,1.0,1.0,2.0,10598.5942,2790.0849,0,0,1.0,,0,42,61061,4,,,,,,2.0,2742.5284,7870.0,2200.0,-1,,,,,2.0,1.0,139709.0,2010,603,600,0,0,0,0,0,18.0,8.0,40.0,2010,1.0,1,8,2,8700,87001,1,21,36,35620,59,2.0,1.0,,7,4,24,,2,44,4,,1,3,7,2,57,57,57,1,0,0,2.0,7.0,,,,,,,,,,1.0,4.0,0.0,2,,,,,,,,1.0,2.0,2.0,14216.3622,3410.2309,0,0,,,0,0,6075,4,,,,,,2.0,3392.1979,7870.0,2540.0,-1,,,,,2.0,1.0,138185.0,2011,615,600,0,0,0,0,0,18.0,8.0,40.0,2011,MIS4_to_MIS8,new_york,0,2010-2011,0,1,0,1,retention
702908313497586,4,1.0,4,4,2,8700,87001,1,1,21,36,35620,59,2.0,1.0,,7,7,52,,1,43,1,,2,1,4,7,2,57,57,137,1,0,0,2.0,1.0,,40.0,,60.0,,,,,,2.0,3.0,0.0,1,1.0,2.0,2.0,,1884.61,1.0,,,,,11159.42,2805.768,0,0,0.0,,0,42,29058,2,,,,2.0,,,2824.1115,9470.0,3750.0,-1,,,,,,,139743.0,2010,603,600,0,0,0,0,0,16.0,12.0,51.0,2010,1.0,4,8,2,8700,87001,1,21,36,35620,59,2.0,1.0,,7,7,53,,1,42,1,,1,4,7,2,57,57,137,1,0,0,2.0,1.0,,40.0,,40.0,,,,,,2.0,3.0,0.0,1,1.0,2.0,2.0,,2692.3,1.0,,,,,11414.7183,2956.0227,0,0,0.0,,0,0,1909,2,,,3.0,,,,2899.0468,9470.0,3750.0,-1,,,,,,,138219.0,2011,615,600,0,0,0,0,0,14.0,12.0,51.0,2011,MIS4_to_MIS8,new_york,0,2010-2011,1,0,0,0,retention
920399019600210,4,2.0,1,4,2,8700,87001,1,1,21,36,35620,59,2.0,1.0,,7,1,53,2.0,1,43,2,,1,1,1,1,2,57,57,57,1,0,0,2.0,1.0,,40.0,,40.0,,,,,,2.0,3.0,0.0,1,2.0,2.0,2.0,,1288.0,1.0,,,,,15428.8498,3759.4845,10,2,1.0,,0,0,14393,1,,,,2.0,,,3727.0562,7860.0,2540.0,-1,,,,,,,139852.0,2010,603,600,0,0,1,1,0,16.0,8.0,40.0,2010,4.0,1,8,2,8700,87001,1,21,36,35620,59,2.0,1.0,,7,1,54,2.0,1,43,2,,1,1,1,2,57,57,57,1,0,0,2.0,1.0,,40.0,,40.0,,,,,,2.0,3.0,0.0,1,2.0,2.0,2.0,,1038.0,1.0,,,,,15647.0411,3833.5886,4,2,1.0,,0,42,59946,1,,,,2.0,,,3747.1768,7860.0,2310.0,-1,,,,,,,138312.0,2011,615,600,0,0,0,1,0,16.0,8.0,40.0,2011,MIS4_to_MIS8,new_york,0,2010-2011,1,0,0,0,retention
956016329329310,4,1.0,1,4,2,8700,87001,1,1,21,36,35620,59,2.0,1.0,,7,1,49,2.0,1,42,1,,1,1,1,1,2,57,57,57,1,0,0,1.0,1.0,,40.0,,96.0,,,,,,2.0,3.0,0.0,1,2.0,2.0,2.0,,1250.0,1.0,,,,,11218.2954,2821.6378,3,2,0.0,,0,0,5281,1,,,3.0,,,,2839.0111,8190.0,3320.0,3320,,,,,,,139874.0,2010,603,600,0,0,1,0,0,14.0,10.0,41.0,2010,2.0,1,8,2,8700,87001,1,21,36,35620,59,2.0,1.0,,7,1,50,2.0,1,42,1,,1,1,1,2,57,57,57,1,0,0,2.0,1.0,,40.0,,44.0,,,,,,2.0,3.0,0.0,1,2.0,1.0,1.0,3800.0,711.0,1.0,,,,,11414.7183,2956.0227,3,2,1.0,1.0,0,0,20494,1,,,3.0,,,,2899.0468,8190.0,3320.0,3320,,,,,,,138336.0,2011,615,600,0,0,1,0,0,14.0,10.0,41.0,2011,MIS4_to_MIS8,new_york,0,2010-2011,1,0,0,0,retention
956016329329310,4,1.0,1,4,2,8700,87001,1,1,21,36,35620,59,2.0,1.0,,7,3,50,1.0,2,42,1,,2,1,2,1,2,57,57,120,1,0,0,2.0,1.0,,40.0,,40.0,,,,,,2.0,3.0,0.0,1,2.0,2.0,2.0,,1200.0,1.0,,,,,11526.7872,2938.4054,3,2,0.0,,0,0,5281,2,,,3.0,,,,2938.8726,8190.0,3320.0,-1,,,,,,,139875.0,2010,603,600,0,0,1,0,0,14.0,10.0,41.0,2010,2.0,1,8,2,8700,87001,1,21,36,35620,59,2.0,1.0,,7,3,51,1.0,2,42,1,,1,2,1,2,57,57,120,1,0,0,1.0,1.0,,40.0,5.0,24.0,,,5.0,,,4.0,3.0,0.0,1,2.0,1.0,1.0,1386.0,2884.61,1.0,,,,,10918.6985,2823.1995,3,2,1.0,1.0,0,0,20494,2,,,3.0,,,,2789.7854,8190.0,3320.0,-1,,,,,,,138337.0,2011,615,600,0,0,1,0,0,14.0,10.0,41.0,2011,MIS4_to_MIS8,new_york,0,2010-2011,1,0,0,0,retention
991086685329380,4,1.0,7,4,2,8700,87001,1,1,21,36,35620,103,2.0,1.0,,7,2,39,,2,44,1,,1,0,0,7,2,57,120,106,1,0,0,1.0,1.0,,50.0,,60.0,,,,,,2.0,2.0,0.0,1,2.0,2.0,2.0,,1750.0,1.0,,,,,13651.5858,3464.4072,0,0,0.0,,0,0,1681,1,,,,,,3.0,3448.4831,7860.0,2310.0,10,,,,,,,139904.0,2010,603,600,0,0,0,0,0,18.0,8.0,40.0,2010,1.0,7,8,2,8700,87001,1,21,36,35620,103,2.0,1.0,,7,2,40,,2,44,1,,0,0,7,2,57,120,106,1,0,0,1.0,1.0,,40.0,,40.0,,,,,,2.0,3.0,0.0,1,2.0,2.0,2.0,,1813.0,1.0,,,,,12971.8329,3301.8792,0,0,1.0,,0,0,60005,1,,,,,,3.0,3235.4714,7860.0,2310.0,-1,,,,,,,138375.0,2011,615,600,0,0,0,0,0,18.0,8.0,40.0,2011,MIS4_to_MIS8,new_york,0,2010-2011,1,0,0,0,retention
29983260988290,4,2.0,1,4,2,8700,87001,1,1,21,36,0,0,3.0,2.0,,0,3,45,1.0,2,43,1,,2,1,2,1,2,57,57,57,1,0,0,1.0,7.0,,,,,,2.0,,,,1.0,3.0,0.0,2,,,,,,,,,,,12012.1343,2874.8669,4,1,,,0,0,5464,2,,,,2.0,,,2873.2599,7860.0,2310.0,-1,,,,,,,139918.0,2010,603,600,0,0,0,1,0,16.0,8.0,40.0,2010,2.0,1,8,2,8700,87001,1,21,36,0,0,3.0,2.0,,0,3,46,1.0,2,43,1,,1,2,1,2,57,57,57,1,0,0,1.0,4.0,,,,,,,,65.0,3.0,11.0,3.0,0.0,2,,,,,,,,,,,11907.4374,2780.9152,4,1,,,0,0,42119,2,,,,2.0,,,2859.1757,7860.0,2320.0,-1,,,,,,,138384.0,2011,615,600,0,0,0,1,0,16.0,8.0,40.0,2011,MIS4_to_MIS8,new_york,0,2010-2011,1,0,0,0,retention
363966022909264,4,1.0,1,4,2,8700,87001,1,1,21,36,0,0,3.0,2.0,,0,3,43,1.0,2,39,1,,3,1,2,1,2,57,57,57,1,0,0,2.0,1.0,,35.0,,35.0,,,,,,2.0,3.0,0.0,1,2.0,,1.0,1212.0,424.2,2.0,1.0,,,,13993.6229,3542.3955,4,1,0.0,0.0,0,0,61102,3,2.0,8.0,,,,,3534.884,8370.0,4610.0,-1,,,,,,,139979.0,2010,603,600,0,0,0,1,0,12.0,15.0,43.0,2010,1.0,1,8,2,8700,87001,1,21,36,0,0,3.0,2.0,,0,3,44,1.0,2,39,1,,1,2,1,2,57,57,57,1,0,0,2.0,1.0,,35.0,4.0,28.0,,,4.0,,,4.0,3.0,0.0,1,2.0,,1.0,1000.0,350.0,1.0,,,,,12207.2005,3107.2479,0,0,0.0,0.0,0,0,16131,3,2.0,8.0,,,,,3044.7546,9480.0,2340.0,-1,,,,,,,138453.0,2011,615,600,0,0,0,0,0,12.0,8.0,51.0,2011,MIS4_to_MIS8,new_york,0,2010-2011,1,0,0,0,retention
364992203062669,4,1.0,1,4,2,8700,87001,1,1,21,36,0,0,3.0,2.0,,0,1,49,2.0,1,41,1,,1,1,1,1,2,57,57,57,1,0,0,1.0,1.0,,38.0,4.0,23.0,,,4.0,,,4.0,3.0,0.0,1,2.0,1.0,1.0,1383.0,600.0,1.0,,,,,10768.3364,2708.4636,4,1,0.0,0.0,0,0,14522,1,,,2.0,,,,2725.14,8270.0,4030.0,-1,3.0,,,,,,139981.0,2010,603,600,0,0,0,1,0,13.0,13.0,42.0,2010,2.0,1,8,2,8700,87001,1,21,36,0,0,3.0,2.0,,0,1,50,2.0,1,42,1,,1,1,1,2,57,57,57,1,0,0,2.0,1.0,,38.0,4.0,30.0,,,4.0,,,4.0,3.0,0.0,1,2.0,,1.0,900.0,342.0,1.0,,,,,10741.8709,2781.7782,4,1,1.0,1.0,0,0,6108,1,,,4.0,,,,2728.1607,8270.0,4130.0,-1,3.0,,,,,,138455.0,2011,615,600,0,0,0,1,0,15.0,13.0,42.0,2011,MIS4_to_MIS8,new_york,0,2010-2011,1,0,0,0,retention
402605843995416,4,1.0,6,4,2,8700,87001,1,1,21,36,0,0,3.0,2.0,,0,2,49,,1,39,1,,1,0,0,5,2,57,57,57,1,0,0,1.0,1.0,,35.0,,35.0,,,,,,2.0,2.0,0.0,1,2.0,2.0,2.0,,961.53,1.0,,,,,10768.3364,2708.4636,0,0,0.0,,0,0,28946,1,1.0,,,,,,2725.14,9370.0,8260.0,-1,,,,,,,140008.0,2010,603,600,0,0,0,0,0,12.0,21.0,51.0,2010,1.0,6,8,2,8700,87001,1,21,36,0,0,3.0,2.0,,0,2,50,,1,39,1,,0,0,5,2,57,57,57,1,0,0,1.0,1.0,,38.0,,38.0,,,,,,2.0,2.0,0.0,1,2.0,2.0,2.0,,961.53,1.0,,,,,10741.8709,2781.7782,0,0,0.0,,0,0,30720,1,1.0,,,,,,2728.1607,9370.0,8255.0,-1,,,,,,,138482.0,2011,615,600,0,0,0,0,0,12.0,21.0,51.0,2011,MIS4_to_MIS8,new_york,0,2010-2011,1,0,0,0,retention
602905293992746,4,1.0,6,4,2,8700,87001,1,1,21,36,0,0,3.0,2.0,,0,2,57,,1,40,1,,1,0,0,6,2,57,57,57,1,0,0,1.0,1.0,,40.0,4.0,16.0,,,4.0,,,4.0,3.0,0.0,1,2.0,,1.0,1375.0,550.0,1.0,,,,,11742.1792,2930.7274,0,0,0.0,0.0,0,0,28925,1,,,2.0,,,,2971.9158,8180.0,7340.0,-1,,,,,,,140020.0,2010,603,600,0,0,0,0,0,13.0,20.0,42.0,2010,1.0,6,8,2,8700,87001,1,21,36,0,0,3.0,2.0,,0,2,58,,1,40,1,,0,0,6,2,57,57,57,1,0,0,1.0,1.0,,40.0,,40.0,,,,,,2.0,3.0,0.0,1,2.0,,1.0,1500.0,600.0,1.0,,,,,10793.6792,2697.5156,0,0,0.0,0.0,0,0,41891,1,,,2.0,,,,2646.1822,8270.0,4220.0,-1,,,,,,,138494.0,2011,615,600,0,0,0,0,0,13.0,14.0,42.0,2011,MIS4_to_MIS8,new_york,0,2010-2011,1,0,0,0,retention
396912806044659,4,2.0,1,4,2,8700,87001,1,1,21,36,13780,0,,1.0,,3,3,33,1.0,1,39,1,,2,1,2,1,2,57,57,57,1,0,0,1.0,1.0,,40.0,,60.0,,,,,,2.0,3.0,0.0,1,1.0,1.0,1.0,2100.0,961.53,1.0,,,,,13542.8315,3380.0482,3,2,0.0,0.0,0,0,32430,2,1.0,,,,,,3388.7586,770.0,6320.0,-1,,,,,,,140110.0,2010,603,600,0,0,1,0,0,12.0,19.0,4.0,2010,2.0,1,8,2,8700,87001,1,21,36,13780,0,,1.0,,3,3,34,1.0,1,39,1,,1,2,1,2,57,57,57,1,0,0,1.0,1.0,,40.0,,40.0,,,,,,2.0,3.0,0.0,1,2.0,,1.0,2199.0,879.6,1.0,,,,,12246.4408,3134.5487,10,2,0.0,0.0,0,0,30633,2,1.0,,,,,,3089.0775,770.0,6730.0,-1,,,,,,,138590.0,2011,615,600,0,0,1,1,0,12.0,19.0,4.0,2011,MIS4_to_MIS8,new_york,0,2010-2011,1,0,0,0,retention
502908854999702,4,1.0,6,4,2,8700,87001,1,1,23,42,37980,101,1.0,1.0,,7,14,23,,2,43,1,,2,0,0,7,2,57,57,57,1,0,0,2.0,1.0,,-4.0,,12.0,,,20.0,,,7.0,3.0,0.0,1,2.0,,1.0,1100.0,132.0,2.0,2.0,1.0,1.0,2.0,14266.1227,3683.699,0,0,1.0,1.0,0,0,56390,2,,,,1.0,1.0,,3691.5506,9470.0,2150.0,-1,,,,,,,143580.0,2010,603,600,0,0,0,0,0,18.0,7.0,51.0,2010,2.0,6,8,2,8700,87001,1,23,42,37980,101,1.0,1.0,,7,14,24,,2,43,1,,0,0,7,2,57,57,57,1,0,0,1.0,1.0,,20.0,,20.0,,,20.0,,,7.0,5.0,0.0,1,2.0,,1.0,2000.0,400.0,2.0,2.0,1.0,1.0,2.0,14269.7538,3754.8641,0,0,0.0,0.0,0,0,60286,2,,,,1.0,1.0,,3735.5464,7270.0,2145.0,-1,,,,,,,141998.0,2011,615,600,0,0,0,0,0,18.0,7.0,36.0,2011,MIS4_to_MIS8,pennsylvania,0,2010-2011,0,1,0,1,retention
41034220966999,4,2.0,1,4,2,8700,87001,1,1,23,42,38300,3,2.0,1.0,,5,3,59,1.0,2,43,1,,2,1,2,1,2,57,57,57,1,0,0,1.0,1.0,,40.0,,40.0,,,,,,2.0,3.0,0.0,1,2.0,2.0,2.0,,1692.3,1.0,,,,,10941.3519,2796.6486,0,0,0.0,,0,0,15396,2,,,,2.0,,,2805.4979,7860.0,2310.0,-1,,,,,,,143701.0,2010,603,600,0,0,0,0,0,16.0,8.0,40.0,2010,2.0,1,8,2,8700,87001,1,23,42,38300,3,2.0,1.0,,5,3,60,1.0,2,44,1,,1,2,1,2,57,57,57,1,0,0,1.0,1.0,,40.0,,40.0,,,,,,2.0,3.0,0.0,1,2.0,2.0,2.0,,1788.46,1.0,,,,,11980.2549,3065.9169,0,0,0.0,,0,0,17057,2,,,,,,2.0,3073.7928,7860.0,2310.0,-1,,,,,,,142127.0,2011,615,600,0,0,0,0,0,18.0,8.0,40.0,2011,MIS4_to_MIS8,pennsylvania,0,2010-2011,1,0,0,0,retention
80514220962691,4,1.0,4,4,2,8700,87001,1,1,23,42,37980,45,2.0,1.0,,7,1,58,,2,40,2,,1,1,1,4,2,57,57,57,1,0,0,1.0,1.0,,35.0,,35.0,,,,,,2.0,2.0,0.0,1,2.0,2.0,2.0,,596.15,2.0,2.0,,,,9632.5766,2784.7251,0,0,0.0,,0,0,30075,1,,,2.0,,,,2775.8547,9470.0,5700.0,-1,,,,,,,143722.0,2010,603,600,0,0,0,0,0,13.0,17.0,51.0,2010,1.0,7,8,2,8700,87001,1,23,42,37980,45,2.0,1.0,,7,2,59,,2,40,2,,0,0,4,2,57,57,57,1,0,0,1.0,6.0,,,,,,,,,,1.0,3.0,0.0,2,,,,,,,,,,,12830.7697,3203.0335,0,0,,,0,0,60261,1,,,4.0,,,,3222.9361,9470.0,5700.0,-1,,,,,,,142155.0,2011,615,600,0,0,0,0,0,15.0,17.0,51.0,2011,MIS4_to_MIS8,pennsylvania,0,2010-2011,1,0,0,0,retention
98354220981290,4,1.0,1,4,2,8700,87001,1,1,23,42,10900,0,2.0,1.0,,4,3,33,1.0,1,46,1,,2,1,2,1,2,57,57,57,1,0,0,2.0,1.0,,40.0,,40.0,,,,,,2.0,3.0,0.0,1,2.0,,1.0,1475.0,590.0,2.0,2.0,,,,15027.3863,3738.5391,0,0,1.0,1.0,0,42,15640,2,,,,,,,3760.2317,9470.0,2100.0,-1,,,,,,,143729.0,2010,603,600,0,0,0,0,0,18.0,7.0,51.0,2010,1.0,1,8,2,8700,87001,1,23,42,10900,0,2.0,1.0,,4,3,34,1.0,1,46,1,,1,2,1,2,57,57,57,1,0,0,2.0,7.0,,,,,,11.0,,,,1.0,3.0,0.0,2,,,,,,,,,,,13577.5403,3621.4178,1,1,,,0,0,17302,2,,,,,,,3426.0823,9470.0,2100.0,-1,,,,,,,142161.0,2011,615,600,1,0,0,0,1,18.0,7.0,51.0,2011,MIS4_to_MIS8,pennsylvania,0,2010-2011,1,0,0,0,retention
269940390160924,4,2.0,1,4,2,8700,87001,1,1,23,42,38300,3,2.0,1.0,,5,3,59,1.0,2,41,1,,2,1,2,1,2,57,57,57,1,0,0,1.0,1.0,,38.0,,38.0,,,,,,2.0,3.0,0.0,1,2.0,2.0,2.0,,346.15,2.0,2.0,,,,10941.3519,2796.6486,0,0,0.0,,0,0,18957,2,,,3.0,,,,2805.4979,7860.0,3130.0,-1,,,,,4.0,,143829.0,2010,603,600,0,0,0,0,0,14.0,10.0,40.0,2010,2.0,1,8,2,8700,87001,1,23,42,38300,3,2.0,1.0,,5,3,60,1.0,2,41,1,,1,2,1,2,57,57,57,1,0,0,1.0,1.0,,38.0,,38.0,,,,,,2.0,3.0,0.0,1,2.0,2.0,2.0,,429.3,2.0,2.0,,,,11980.2549,3065.9169,0,0,0.0,,0,0,17058,2,,,3.0,,,,3073.7928,7860.0,3600.0,-1,,,,,4.0,,142273.0,2011,615,600,0,0,0,0,0,14.0,11.0,40.0,2011,MIS4_to_MIS8,pennsylvania,0,2010-2011,1,0,0,0,retention
324950022907294,4,1.0,6,4,2,8700,87001,1,1,23,42,38300,3,2.0,1.0,,5,2,58,,1,43,1,,1,0,0,7,2,57,57,57,1,0,0,1.0,1.0,,47.0,,49.0,,,,,,2.0,3.0,0.0,1,2.0,2.0,2.0,,826.92,2.0,2.0,,,,11855.5969,2949.5462,0,0,0.0,,0,0,6004,1,,,,2.0,,,3000.6216,9380.0,120.0,-1,,,,,,,143866.0,2010,603,600,0,0,0,0,0,16.0,1.0,51.0,2010,1.0,6,8,2,8700,87001,1,23,42,38300,3,2.0,1.0,,5,2,59,,1,43,1,,0,0,7,2,57,57,57,1,0,0,1.0,1.0,,47.0,,49.0,,,,,,2.0,3.0,0.0,1,2.0,,1.0,2200.0,880.0,2.0,2.0,,,,12614.4673,3055.1733,0,0,0.0,0.0,0,0,2684,1,,,,2.0,,,3092.5672,770.0,120.0,-1,,,,,,,142315.0,2011,615,600,0,0,0,0,0,16.0,1.0,4.0,2011,MIS4_to_MIS8,pennsylvania,0,2010-2011,1,0,0,0,retention
624496479200944,4,1.0,7,4,2,8700,87001,1,1,23,42,38300,19,2.0,1.0,,5,2,60,,2,40,1,,1,0,0,6,2,57,57,57,1,0,0,1.0,1.0,,20.0,,20.0,,,20.0,,,7.0,3.0,0.0,1,2.0,,1.0,775.0,155.0,2.0,2.0,,,,12447.9056,2905.6151,0,0,0.0,0.0,0,0,18978,1,,,2.0,,,,2936.1855,7870.0,2340.0,-1,,,,,,,143988.0,2010,603,600,0,0,0,0,0,13.0,8.0,40.0,2010,1.0,7,8,2,8700,87001,1,23,42,38300,19,2.0,1.0,,5,2,61,,2,40,1,,0,0,6,2,57,57,57,1,0,0,1.0,1.0,,22.0,,22.0,,,20.0,,,7.0,3.0,0.0,1,2.0,,1.0,750.0,165.0,2.0,2.0,,,,11980.2549,3065.9169,0,0,0.0,0.0,0,0,20733,1,,,3.0,,,,3073.7928,7870.0,2340.0,-1,,,,,,,142439.0,2011,615,600,0,0,0,0,0,14.0,8.0,40.0,2011,MIS4_to_MIS8,pennsylvania,0,2010-2011,1,0,0,0,retention
626491909200962,4,2.0,1,4,2,8700,87001,1,1,23,42,38300,7,2.0,1.0,,5,1,59,2.0,1,39,1,,1,1,1,1,2,57,57,57,1,0,0,2.0,1.0,,-4.0,,39.0,,,,,,2.0,3.0,0.0,1,2.0,,1.0,725.0,253.75,2.0,2.0,,,,11855.5969,2949.5462,0,0,0.0,0.0,0,0,15442,1,1.0,,,,,,3000.6216,7860.0,4220.0,-1,,,,,,,143992.0,2010,603,600,0,0,0,0,0,12.0,14.0,40.0,2010,2.0,1,8,2,8700,87001,1,23,42,38300,7,2.0,1.0,,5,1,60,2.0,1,39,1,,1,1,1,2,57,57,57,1,0,0,2.0,1.0,,-4.0,,40.0,,,,,,2.0,3.0,0.0,1,2.0,,1.0,743.0,297.2,2.0,2.0,,,,11263.7395,2854.4325,0,0,0.0,0.0,0,0,31655,1,1.0,,,,,,2830.4402,7860.0,4220.0,-1,,,,,,,142443.0,2011,615,600,0,0,0,0,0,12.0,14.0,40.0,2011,MIS4_to_MIS8,pennsylvania,0,2010-2011,1,0,0,0,retention
628492659200748,4,1.0,1,4,2,8700,87001,1,1,23,42,10900,0,2.0,1.0,,4,1,50,2.0,1,41,1,,1,1,1,1,2,57,57,57,1,0,0,1.0,1.0,,40.0,,40.0,,,,,,2.0,3.0,0.0,1,2.0,,1.0,1800.0,720.0,2.0,2.0,,,,11059.8643,2771.8197,0,0,1.0,1.0,0,42,64541,1,,,3.0,,,,2798.9169,770.0,6320.0,-1,,,,,,,144000.0,2010,603,600,0,0,0,0,0,14.0,19.0,4.0,2010,2.0,1,8,2,8700,87001,1,23,42,10900,0,2.0,1.0,,4,1,51,2.0,1,41,1,,1,1,1,2,57,57,57,1,0,0,2.0,1.0,,40.0,,40.0,,,,,,2.0,4.0,0.0,1,2.0,,1.0,1800.0,720.0,2.0,2.0,,,,12401.6156,3112.3849,0,0,1.0,1.0,0,42,31817,1,,,3.0,,,,3149.6935,770.0,6730.0,-1,,,,,,,142447.0,2011,615,600,0,0,0,0,0,14.0,19.0,4.0,2011,MIS4_to_MIS8,pennsylvania,0,2010-2011,0,1,0,1,retention
467912601019219,4,2.0,1,4,2,8700,87001,1,1,23,42,0,0,3.0,2.0,,0,1,61,2.0,1,44,1,,1,1,1,1,2,57,57,57,1,0,0,2.0,1.0,,40.0,,40.0,,,,,,2.0,2.0,0.0,1,2.0,2.0,2.0,,750.0,2.0,2.0,,,,10718.2227,2776.8488,0,0,1.0,,0,0,15623,1,,,,,,3.0,2771.5088,7290.0,1740.0,-1,3.0,,,,,,144234.0,2010,603,600,0,0,0,0,0,18.0,5.0,36.0,2010,2.0,1,8,2,8700,87001,1,23,42,0,0,3.0,2.0,,0,1,62,2.0,1,44,1,,1,1,1,2,57,57,57,1,0,0,2.0,5.0,,,,,,,,,,1.0,2.0,0.0,2,,,,,,,,,,,11178.0703,2808.6723,0,0,,,0,0,31795,1,,,,,,3.0,2842.4332,9370.0,1740.0,-1,3.0,,,,,,142671.0,2011,615,600,0,0,0,0,0,18.0,5.0,51.0,2011,MIS4_to_MIS8,pennsylvania,0,2010-2011,1,0,0,0,retention
27494059200983,4,1.0,1,4,2,8700,87001,1,1,23,42,39740,11,,1.0,,3,3,59,1.0,1,44,1,,2,1,2,1,2,57,57,57,1,0,0,2.0,1.0,,40.0,,40.0,,,,,,2.0,3.0,0.0,1,2.0,2.0,2.0,,750.0,1.0,,,,,12123.6988,3016.2471,0,0,0.0,,0,0,49381,2,,,,,,2.0,3068.4775,7860.0,2310.0,-1,,,,,,,144374.0,2010,603,600,0,0,0,0,0,18.0,8.0,40.0,2010,2.0,1,8,2,8700,87001,1,23,42,39740,11,,1.0,,3,3,60,1.0,1,44,1,,1,2,1,2,57,57,57,1,0,0,1.0,1.0,,50.0,,50.0,,,,,,2.0,3.0,0.0,1,2.0,2.0,2.0,,1192.3,1.0,,,,,11127.0881,2819.8026,0,0,0.0,,0,0,42582,2,,,,,,2.0,2796.1013,7860.0,2310.0,-1,,,,,,,142812.0,2011,615,600,0,0,0,0,0,18.0,8.0,40.0,2011,MIS4_to_MIS8,pennsylvania,0,2010-2011,1,0,0,0,retention
83294220985992,4,3.0,1,4,2,8700,87001,1,1,23,42,29540,71,,1.0,,3,4,24,,1,40,1,,3,1,3,7,2,249,163,163,4,0,11,1.0,4.0,,,,,,,,22.0,5.0,12.0,3.0,0.0,2,,,,,,,,1.0,1.0,2.0,18298.7033,4048.8693,0,0,,,0,0,2045,3,,,2.0,,,,3878.1684,6770.0,2440.0,-1,,,,,2.0,1.0,144383.0,2010,603,600,0,0,0,0,0,13.0,8.0,31.0,2010,3.0,1,8,2,8700,87001,1,23,42,29540,71,,1.0,,3,4,25,,1,42,1,,1,3,7,2,249,163,163,4,0,11,1.0,4.0,,,,,,,,57.0,5.0,12.0,3.0,0.0,2,,,,,,,,,,,14863.1585,3623.3387,0,0,,,0,0,6517,3,,,5.0,,,,3547.057,6770.0,2440.0,-1,,,,,2.0,1.0,142821.0,2011,615,600,0,0,0,0,0,16.0,8.0,31.0,2011,MIS4_to_MIS8,pennsylvania,0,2010-2011,1,0,0,0,retention
152410320200401,4,1.0,1,4,2,8700,87001,1,1,23,42,25420,43,,1.0,,4,3,52,1.0,2,39,1,,2,1,2,1,2,57,57,57,1,0,0,2.0,1.0,,38.0,,45.0,,,,,,2.0,2.0,0.0,1,2.0,,1.0,1785.0,678.3,1.0,,,,,11510.1584,2924.757,0,0,0.0,0.0,0,0,61439,2,1.0,,,,,,2934.6329,9570.0,5820.0,-1,,,,,,,144392.0,2010,603,600,0,0,0,0,0,12.0,17.0,51.0,2010,1.0,1,8,2,8700,87001,1,23,42,25420,43,,1.0,,4,3,53,1.0,2,39,1,,1,2,1,2,57,57,57,1,0,0,2.0,1.0,,37.0,,37.0,,,,,,2.0,2.0,0.0,1,2.0,2.0,2.0,,600.0,1.0,,,,,12162.7584,3047.7213,0,0,0.0,,0,0,63298,2,1.0,,,,,,3107.6494,9570.0,5400.0,-1,,,,,,,142826.0,2011,615,600,0,0,0,0,0,12.0,17.0,51.0,2011,MIS4_to_MIS8,pennsylvania,0,2010-2011,1,0,0,0,retention
491982408051249,4,1.0,4,4,2,8700,87001,1,1,23,42,25420,43,,1.0,,4,1,50,,2,39,1,,1,1,1,7,2,57,57,57,1,0,0,1.0,1.0,,40.0,,40.0,,,,,,2.0,3.0,0.0,1,2.0,,1.0,1500.0,600.0,1.0,,,,,11510.1584,2924.757,0,0,0.0,0.0,0,0,18988,1,1.0,,,,,,2934.6329,9470.0,2150.0,-1,,,,,2.0,,144483.0,2010,603,600,0,0,0,0,0,12.0,7.0,51.0,2010,1.0,4,8,2,8700,87001,1,23,42,25420,43,,1.0,,4,1,50,,2,39,1,,1,1,7,2,57,57,57,1,0,0,1.0,1.0,,40.0,,40.0,,,,,,2.0,3.0,0.0,1,2.0,,1.0,1250.0,500.0,1.0,,,,,12162.7584,3047.7213,0,0,0.0,0.0,0,0,17234,1,2.0,8.0,,,,,3107.6494,9370.0,5260.0,-1,,,,,2.0,,142906.0,2011,615,600,0,0,0,0,0,12.0,17.0,51.0,2011,MIS4_to_MIS8,pennsylvania,0,2010-2011,1,0,0,0,retention
491982501047249,4,1.0,3,4,2,8700,87001,1,1,23,42,11020,13,,1.0,,2,4,22,,2,42,1,,4,1,3,7,2,57,57,57,1,0,0,2.0,1.0,,40.0,,40.0,,,,,,2.0,3.0,0.0,1,2.0,1.0,1.0,835.0,346.15,1.0,,1.0,2.0,2.0,14387.169,3714.9547,0,0,0.0,0.0,0,0,1976,4,,,3.0,,,,3722.8729,8370.0,2020.0,-1,,,,,3.0,2.0,144487.0,2010,603,600,0,0,0,0,0,14.0,6.0,43.0,2010,1.0,3,8,2,8700,87001,1,23,42,11020,13,,1.0,,2,4,23,,2,42,1,,1,3,7,2,57,57,57,1,0,0,2.0,1.0,,40.0,,40.0,,,,,,2.0,3.0,0.0,1,2.0,1.0,1.0,800.0,346.15,2.0,2.0,1.0,1.0,2.0,15031.42,3955.2847,0,0,0.0,1.0,0,0,31667,4,,,3.0,,,,3934.936,8370.0,2016.0,-1,,,,,3.0,2.0,142910.0,2011,615,600,0,0,0,0,0,14.0,6.0,43.0,2011,MIS4_to_MIS8,pennsylvania,0,2010-2011,1,0,0,0,retention
495942000087239,4,1.0,1,4,2,8700,87001,1,1,23,42,39740,11,,1.0,,3,3,41,1.0,2,43,1,,2,1,2,1,2,57,57,57,1,0,0,2.0,1.0,,40.0,,36.0,,,,,,2.0,3.0,0.0,1,2.0,,1.0,1250.0,500.0,1.0,,,,,11644.31,2938.2293,3,2,0.0,0.0,0,0,1971,2,,,,2.0,,,2941.4316,7860.0,2540.0,-1,,,,,,,144503.0,2010,603,600,0,0,1,0,0,16.0,8.0,40.0,2010,2.0,1,8,2,8700,87001,1,23,42,39740,11,,1.0,,3,3,42,1.0,2,43,1,,1,2,1,2,57,57,57,1,0,0,1.0,1.0,,-4.0,,35.0,,,,,,9.0,3.0,0.0,1,2.0,,1.0,940.0,329.0,2.0,2.0,,,,11818.1837,2915.2986,3,2,0.0,0.0,0,0,20728,2,,,,2.0,,,2947.7249,7860.0,2310.0,-1,,,,,,,142923.0,2011,615,600,0,0,1,0,0,16.0,8.0,40.0,2011,MIS4_to_MIS8,pennsylvania,0,2010-2011,1,0,0,0,retention
198943305064788,5,1.0,7,4,2,8700,87001,1,1,33,17,16980,0,1.0,1.0,1.0,7,2,53,,2,44,2,,1,0,0,7,2,57,57,57,1,0,0,1.0,1.0,,38.0,,38.0,,,,,,2.0,3.0,0.0,1,2.0,2.0,2.0,,1153.84,1.0,,,,,8472.81,2261.4176,0,0,0.0,,0,0,34577,1,,,,,,2.0,2233.6092,6770.0,2430.0,-1,,,,,,,164357.0,2010,604,601,0,0,0,0,0,18.0,8.0,31.0,2010,1.0,7,8,2,8700,87001,1,33,17,16980,0,1.0,1.0,1.0,7,2,54,,2,44,2,,0,0,7,2,57,57,57,1,0,0,1.0,1.0,,35.0,,35.0,,,,,,2.0,3.0,0.0,1,2.0,,1.0,1800.0,630.0,2.0,2.0,,,,10344.0071,2669.3829,0,0,0.0,0.0,0,0,44408,1,,,,,,2.0,2656.4208,6770.0,5240.0,-1,,,,,,,162489.0,2011,616,601,0,0,0,0,0,18.0,17.0,31.0,2011,MIS4_to_MIS8,illinois,1,2010-2011,1,0,0,0,retention
310709938845684,5,3.0,1,4,2,8700,87001,1,1,33,17,16980,0,1.0,1.0,1.0,7,3,53,1.0,2,44,1,,2,1,2,1,2,57,57,57,1,0,0,1.0,1.0,,40.0,,40.0,,,,,,2.0,3.0,0.0,1,2.0,2.0,2.0,,730.76,1.0,,,,,11867.9226,2923.6146,4,1,0.0,,0,0,29176,2,,,,,,3.0,2911.3627,7860.0,2320.0,-1,,,,,,,164410.0,2010,604,601,0,0,0,1,0,18.0,8.0,40.0,2010,2.0,1,8,2,8700,87001,1,33,17,16980,0,1.0,1.0,1.0,7,3,54,1.0,2,44,1,,1,2,1,2,57,57,57,1,0,0,2.0,1.0,,40.0,,40.0,,,,,,2.0,3.0,0.0,1,2.0,2.0,2.0,,711.53,1.0,,,,,13142.4641,3266.1617,0,0,0.0,,0,0,22009,2,,,,,,3.0,3225.2451,7860.0,2310.0,-1,,,,,,,162542.0,2011,616,601,0,0,0,0,0,18.0,8.0,40.0,2011,MIS4_to_MIS8,illinois,1,2010-2011,1,0,0,0,retention
450778093613848,5,1.0,1,4,2,8700,87001,1,1,33,17,16980,0,1.0,1.0,1.0,7,1,39,2.0,1,40,2,,1,1,1,1,2,57,57,57,1,0,0,1.0,4.0,,,,,,,,9.0,3.0,11.0,3.0,0.0,2,,,,,,,,,,,13159.8025,3103.5659,3,1,,,0,0,38408,1,,,1.0,,,,3233.0299,9370.0,7620.0,-1,,,,,,,164443.0,2010,604,601,0,0,1,0,0,12.0,20.0,51.0,2010,2.0,1,8,2,8700,87001,1,33,17,16980,0,1.0,1.0,1.0,7,1,40,2.0,1,44,2,,1,1,1,2,57,57,57,1,0,0,1.0,1.0,,-4.0,,60.0,,,,,,2.0,4.0,0.0,1,2.0,2.0,2.0,,673.0,2.0,2.0,,,,15954.2108,3792.5347,3,1,1.0,,0,42,67860,1,,,,,,2.0,3782.4014,6170.0,9130.0,-1,,,,,,,162575.0,2011,616,601,0,0,1,0,0,18.0,22.0,23.0,2011,MIS4_to_MIS8,illinois,1,2010-2011,0,1,0,1,retention
530273095413438,5,1.0,1,4,2,8700,87001,1,1,33,17,16980,0,1.0,1.0,,7,1,47,2.0,1,40,1,,1,1,1,1,2,57,57,57,1,0,0,1.0,1.0,,40.0,,40.0,,,,,,2.0,3.0,0.0,1,2.0,1.0,1.0,1625.0,423.0,2.0,2.0,,,,12101.0816,3032.803,0,0,1.0,1.0,0,0,6251,1,,,2.0,,,,3027.2601,9470.0,4220.0,-1,,,,,,,164457.0,2010,604,601,0,0,0,0,0,13.0,14.0,51.0,2010,2.0,1,8,2,8700,87001,1,33,17,16980,0,1.0,1.0,,7,1,48,2.0,1,40,1,,1,1,1,2,57,57,57,1,0,0,2.0,1.0,,40.0,,40.0,,,,,,2.0,3.0,0.0,1,1.0,1.0,1.0,1610.0,576.92,1.0,,,,,13101.9641,3271.8886,0,0,0.0,0.0,0,0,8696,1,,,2.0,,,,3255.575,9470.0,4220.0,-1,,,,,,,162587.0,2011,616,601,0,0,0,0,0,13.0,14.0,51.0,2011,MIS4_to_MIS8,illinois,1,2010-2011,1,0,0,0,retention
633191939700037,5,1.0,7,4,2,8700,87001,1,1,33,17,16980,0,1.0,1.0,1.0,7,2,51,,2,40,2,,1,0,0,7,2,57,57,57,1,0,0,1.0,1.0,,40.0,,40.0,,,,,,2.0,3.0,0.0,1,2.0,2.0,2.0,,1057.69,1.0,,,,,8472.81,2261.4176,0,0,0.0,,0,0,17019,1,,,3.0,,,,2233.6092,9380.0,930.0,-1,,,,,,,164492.0,2010,604,601,0,0,0,0,0,14.0,2.0,51.0,2010,1.0,7,8,2,8700,87001,1,33,17,16980,0,1.0,1.0,1.0,7,2,52,,2,43,2,,0,0,7,2,57,57,57,1,0,0,1.0,1.0,,40.0,4.0,16.0,,,4.0,,,4.0,3.0,0.0,1,2.0,2.0,2.0,,1057.69,2.0,2.0,,,,10344.0071,2669.3829,0,0,0.0,,0,0,34583,1,,,,2.0,,,2656.4208,9380.0,1220.0,-1,,,,,,,162615.0,2011,616,601,0,0,0,0,0,16.0,3.0,51.0,2011,MIS4_to_MIS8,illinois,1,2010-2011,1,0,0,0,retention
779430773420931,5,1.0,7,4,2,8700,87001,1,1,33,17,16980,0,1.0,1.0,1.0,7,2,48,,2,44,1,1.0,1,0,0,7,2,57,303,303,1,0,0,1.0,1.0,,40.0,,40.0,,,,,,2.0,3.0,0.0,1,2.0,,1.0,1000.0,400.0,1.0,,,,,10549.8769,2533.7757,0,0,1.0,1.0,0,42,55455,1,,,,,,3.0,2588.0282,9470.0,3850.0,-1,,,,,,,164535.0,2010,604,601,0,0,0,0,0,18.0,12.0,51.0,2010,1.0,7,8,2,8700,87001,1,33,17,16980,0,1.0,1.0,1.0,7,2,49,,2,44,1,2.0,0,0,7,2,57,73,73,1,0,0,1.0,1.0,,40.0,,40.0,,,,,,2.0,3.0,0.0,1,2.0,2.0,2.0,,1500.0,1.0,,,,,13847.0762,3232.2442,0,0,0.0,,0,0,8703,1,,,,,,3.0,3398.1614,9470.0,3850.0,-1,,,,,,,162655.0,2011,616,601,0,0,0,0,0,18.0,12.0,51.0,2011,MIS4_to_MIS8,illinois,1,2010-2011,1,0,0,0,retention
803908351698877,5,1.0,3,4,2,8700,87001,1,1,33,17,16980,0,1.0,1.0,1.0,7,1,34,,1,43,1,,1,1,1,7,2,57,120,57,1,0,0,1.0,1.0,,40.0,,45.0,,,,,,2.0,3.0,0.0,1,1.0,2.0,2.0,,1050.0,1.0,,,,,15505.8848,3864.4633,0,0,0.0,,0,0,33441,1,,,,2.0,,,3847.891,9470.0,3850.0,-1,,,,,2.0,,164555.0,2010,604,601,0,0,0,0,0,16.0,12.0,51.0,2010,1.0,3,8,2,8700,87001,1,33,17,16980,0,1.0,1.0,1.0,7,1,35,,1,43,1,,1,1,7,2,57,120,57,1,0,0,1.0,1.0,,40.0,,40.0,,,,,,2.0,3.0,0.0,1,2.0,2.0,2.0,,1100.0,1.0,,,,,14812.0141,3767.5112,0,0,0.0,,0,0,54908,1,,,,2.0,,,3767.21,9470.0,3820.0,-1,,,,,2.0,,162670.0,2011,616,601,0,0,0,0,0,16.0,12.0,51.0,2011,MIS4_to_MIS8,illinois,1,2010-2011,1,0,0,0,retention
935037244138350,5,1.0,1,4,2,8700,87001,1,1,33,17,16980,0,1.0,1.0,,7,3,59,1.0,2,43,1,,2,1,2,1,2,57,57,57,1,0,0,2.0,1.0,,25.0,,25.0,,,22.0,,,7.0,3.0,0.0,1,2.0,1.0,1.0,1800.0,317.5,1.0,,,,,11860.7993,2934.5906,0,0,0.0,0.0,0,0,6252,2,,,,2.0,,,2935.0074,7860.0,2340.0,-1,,,,,,,164599.0,2010,604,601,0,0,0,0,0,16.0,8.0,40.0,2010,1.0,1,8,2,8700,87001,1,33,17,16980,0,1.0,1.0,,7,3,60,1.0,2,43,1,,1,2,1,2,57,57,57,1,0,0,2.0,1.0,,25.0,,25.0,,,22.0,,,7.0,3.0,0.0,1,1.0,1.0,1.0,1400.0,717.94,2.0,2.0,,,,12497.8959,3224.4218,0,0,0.0,0.0,0,0,21999,2,,,,2.0,,,3183.925,7860.0,2340.0,-1,,,,,,,162704.0,2011,616,601,0,0,0,0,0,16.0,8.0,40.0,2011,MIS4_to_MIS8,illinois,1,2010-2011,1,0,0,0,retention
944007962139460,5,2.0,1,4,2,8700,87001,1,1,33,17,37900,0,1.0,1.0,,3,1,66,2.0,2,43,1,,1,1,1,1,2,57,57,57,1,0,0,1.0,1.0,,20.0,,15.0,,,22.0,,,7.0,2.0,0.0,1,2.0,,1.0,1000.0,200.0,1.0,,,,,12416.6925,3041.5393,0,0,1.0,1.0,0,0,17276,1,,,,1.0,1.0,,3003.6216,7870.0,2200.0,-1,,,,,,,164618.0,2010,604,601,0,0,0,0,0,18.0,8.0,40.0,2010,1.0,1,8,2,8700,87001,1,33,17,37900,0,1.0,1.0,,3,1,67,2.0,2,43,1,,1,1,1,2,57,57,57,1,0,0,1.0,5.0,,,,,,,,,,1.0,3.0,0.0,2,,,,,,,,,,,12169.6949,3017.8717,0,0,,,0,0,5080,1,,,,1.0,1.0,,3041.1472,7870.0,2200.0,-1,,,,,,,162724.0,2011,616,601,0,0,0,0,0,18.0,8.0,40.0,2011,MIS4_to_MIS8,illinois,1,2010-2011,1,0,0,0,retention
18151370994894,5,1.0,7,4,2,8700,87001,1,1,33,17,16980,0,2.0,1.0,,7,2,48,,2,42,1,,1,0,0,5,2,57,57,57,1,0,0,1.0,1.0,,37.0,,37.0,,,,,,2.0,3.0,0.0,1,2.0,2.0,2.0,,669.69,2.0,2.0,,,,11950.2326,2898.6956,0,0,0.0,,0,0,26619,1,,,4.0,,,,2931.5545,6770.0,5700.0,-1,,,,,,,164649.0,2010,604,601,0,0,0,0,0,15.0,17.0,31.0,2010,1.0,7,8,2,8700,87001,1,33,17,16980,0,2.0,1.0,,7,2,50,,2,43,1,,0,0,5,2,57,57,57,1,0,0,1.0,1.0,,-4.0,,46.0,,,,,,2.0,3.0,0.0,1,2.0,2.0,2.0,,682.69,2.0,2.0,,,,12352.256,3069.7794,0,0,0.0,,0,0,34705,1,,,,2.0,,,3031.3229,6770.0,2430.0,-1,,,,,,,162750.0,2011,616,601,0,0,0,0,0,16.0,8.0,31.0,2011,MIS4_to_MIS8,illinois,1,2010-2011,1,0,0,0,retention
192963303039768,5,2.0,1,4,2,8700,87001,1,1,33,17,16980,0,2.0,1.0,,7,1,65,2.0,1,40,1,,1,1,1,1,2,57,57,57,1,0,0,1.0,1.0,,42.0,,42.0,,,,,,2.0,2.0,0.0,1,2.0,,1.0,1000.0,420.0,2.0,2.0,,,,11257.6781,2690.4481,0,0,0.0,0.0,0,0,29278,1,,,2.0,,,,2691.3424,8370.0,4610.0,-1,,,,,,,164734.0,2010,604,601,0,0,0,0,0,13.0,15.0,43.0,2010,1.0,1,8,2,8700,87001,1,33,17,16980,0,2.0,1.0,,7,1,66,2.0,1,40,1,,1,1,1,2,57,57,57,1,0,0,1.0,1.0,,40.0,,40.0,,,,,,2.0,2.0,0.0,1,2.0,,1.0,1004.0,401.6,2.0,2.0,,,,11754.4388,3204.5659,0,0,0.0,0.0,0,0,8777,1,,,2.0,,,,3031.465,9480.0,4610.0,-1,,,,,,,162835.0,2011,616,601,0,0,0,0,0,13.0,15.0,51.0,2011,MIS4_to_MIS8,illinois,1,2010-2011,1,0,0,0,retention
193913807074726,5,1.0,6,4,2,8700,87001,1,1,33,17,16980,0,2.0,1.0,,7,2,54,,1,44,1,,1,0,0,5,2,57,57,57,1,0,0,1.0,1.0,,40.0,,40.0,,,,,,2.0,3.0,0.0,1,2.0,2.0,2.0,,2307.69,1.0,,,,,10892.1739,2703.2841,0,0,0.0,,0,0,6328,1,,,,,,2.0,2724.8344,7860.0,2320.0,-1,,,,,,,164756.0,2010,604,601,0,0,0,0,0,18.0,8.0,40.0,2010,1.0,6,8,2,8700,87001,1,33,17,16980,0,2.0,1.0,,7,2,55,,1,44,1,,0,0,5,2,57,57,57,1,0,0,1.0,1.0,,40.0,,40.0,,,,,,2.0,3.0,0.0,1,2.0,2.0,2.0,,2403.84,1.0,,,,,11126.7691,2961.0676,0,0,0.0,,0,0,8772,1,,,,,,2.0,2945.3709,7860.0,2320.0,-1,,,,,,,162861.0,2011,616,601,0,0,0,0,0,18.0,8.0,40.0,2011,MIS4_to_MIS8,illinois,1,2010-2011,1,0,0,0,retention
310709848086710,5,1.0,1,4,2,8700,87001,1,1,33,17,16980,0,2.0,1.0,,7,1,62,2.0,2,44,1,,1,1,1,1,2,57,57,57,1,0,0,1.0,1.0,,40.0,,40.0,,,,,,2.0,2.0,0.0,1,2.0,1.0,1.0,2100.0,1096.15,1.0,,,,,12053.1275,2935.4743,0,0,0.0,1.0,0,0,29162,1,,,,,,3.0,2920.8091,7860.0,230.0,-1,,,,,,,164828.0,2010,604,601,0,0,0,0,0,18.0,1.0,40.0,2010,1.0,1,8,2,8700,87001,1,33,17,16980,0,2.0,1.0,,7,1,63,2.0,2,44,1,,1,1,1,2,57,57,57,1,0,0,1.0,2.0,5.0,40.0,,,,,,,,5.0,2.0,0.0,1,2.0,2.0,2.0,,1393.07,1.0,,,,,11949.9792,3083.0609,0,0,0.0,,0,0,44402,1,,,,,,3.0,3044.3395,7860.0,230.0,-1,,,,,,,162930.0,2011,616,601,0,0,0,0,0,18.0,1.0,40.0,2011,MIS4_to_MIS8,illinois,1,2010-2011,1,0,0,0,retention
520978093513069,5,1.0,1,4,2,8700,87001,1,1,33,17,41180,119,2.0,1.0,,6,3,63,1.0,2,41,1,,2,1,2,1,2,57,57,57,1,0,0,2.0,1.0,,40.0,,40.0,,,,,,2.0,2.0,0.0,1,2.0,1.0,1.0,1845.0,575.0,2.0,2.0,,,,11668.9823,2841.9178,0,0,1.0,1.0,0,0,38528,2,,,5.0,,,,2827.72,9470.0,5860.0,-1,,,,,,,164891.0,2010,604,601,0,0,0,0,0,16.0,17.0,51.0,2010,1.0,1,8,2,8700,87001,1,33,17,41180,119,2.0,1.0,,6,3,64,1.0,2,41,1,,1,2,1,2,57,57,57,1,0,0,2.0,1.0,,40.0,,40.0,,,,,,2.0,2.0,0.0,1,2.0,2.0,2.0,,980.0,2.0,2.0,,,,11771.552,3037.0271,0,0,0.0,,0,0,34806,2,,,3.0,,,,2998.8839,9470.0,5860.0,-1,,,,,,,162994.0,2011,616,601,0,0,0,0,0,14.0,17.0,51.0,2011,MIS4_to_MIS8,illinois,1,2010-2011,1,0,0,0,retention
950077924139550,5,1.0,4,4,2,8700,87001,1,1,33,17,16980,0,2.0,1.0,,7,1,32,,2,43,2,,1,1,1,7,2,57,57,57,1,0,0,1.0,4.0,,,,,,,,48.0,2.0,11.0,3.0,0.0,2,,,,,,,,,,,15704.4224,3109.4311,3,1,,,0,0,29408,1,,,,2.0,,,3095.1975,8370.0,2010.0,-1,,,,,,,165078.0,2010,604,601,0,0,1,0,0,16.0,6.0,43.0,2010,1.0,4,8,2,8700,87001,1,33,17,16980,0,2.0,1.0,,7,1,34,,2,43,2,,1,1,7,2,57,57,57,1,0,0,1.0,4.0,,,,,,,,74.0,2.0,11.0,3.0,0.0,2,,,,,,,,,,,12960.3488,3053.2395,3,1,,,0,0,22367,1,,,,2.0,,,3113.3744,8370.0,2010.0,-1,,,,,,,163179.0,2011,616,601,0,0,1,0,0,16.0,6.0,43.0,2011,MIS4_to_MIS8,illinois,1,2010-2011,1,0,0,0,retention
971665073800097,5,1.0,1,4,2,8700,87001,1,1,33,17,16980,0,2.0,1.0,,7,1,62,2.0,2,39,1,,1,1,1,1,2,57,110,57,1,0,0,1.0,1.0,,25.0,,25.0,,,22.0,,,7.0,3.0,0.0,1,2.0,,1.0,800.0,200.0,2.0,2.0,,,,12053.1275,2935.4743,0,0,1.0,1.0,0,0,17012,1,1.0,,,,,,2920.8091,9470.0,3940.0,-1,,,,,,,165125.0,2010,604,601,0,0,0,0,0,12.0,12.0,51.0,2010,1.0,1,8,2,8700,87001,1,33,17,16980,0,2.0,1.0,,7,1,63,2.0,2,39,1,,1,1,1,2,57,110,57,1,0,0,1.0,1.0,,17.0,,17.0,,,15.0,,,6.0,3.0,0.0,1,2.0,,1.0,1200.0,204.0,2.0,2.0,,,,11949.9792,3083.0609,0,0,0.0,0.0,0,0,21998,1,1.0,,,,,,3044.3395,9470.0,3940.0,-1,,,,,,,163231.0,2011,616,601,0,0,0,0,0,12.0,12.0,51.0,2011,MIS4_to_MIS8,illinois,1,2010-2011,1,0,0,0,retention
42251370995795,5,1.0,1,4,2,8700,87001,1,1,33,17,0,0,3.0,2.0,,0,3,35,1.0,1,39,1,,2,1,2,1,2,57,57,57,1,0,0,2.0,1.0,,40.0,4.0,32.0,,,4.0,,,4.0,3.0,0.0,1,2.0,1.0,1.0,1625.0,423.07,2.0,2.0,,,,15216.9755,3888.037,3,1,0.0,1.0,0,0,47954,2,1.0,,,,,,3878.3939,7870.0,4220.0,-1,,,,,,,165148.0,2010,604,601,0,0,1,0,0,12.0,14.0,40.0,2010,1.0,1,8,2,8700,87001,1,33,17,0,0,3.0,2.0,,0,3,36,1.0,1,39,1,,1,2,1,2,57,57,57,1,0,0,2.0,1.0,,40.0,,40.0,,,,,,2.0,5.0,0.0,1,2.0,,1.0,1250.0,500.0,2.0,2.0,,,,13988.031,3557.9269,3,1,0.0,0.0,0,0,51630,2,1.0,,,,,,3557.6424,7870.0,7340.0,-1,,,,,,,163258.0,2011,616,601,0,0,1,0,0,12.0,20.0,40.0,2011,MIS4_to_MIS8,illinois,1,2010-2011,0,1,0,1,retention
621007911139290,5,1.0,4,4,2,8700,87001,1,1,33,17,0,0,3.0,2.0,,0,1,53,,2,42,1,,1,1,1,5,2,57,57,57,1,0,0,1.0,1.0,,38.0,,38.0,,,,,,2.0,2.0,0.0,1,2.0,2.0,2.0,,1150.0,1.0,,,,,11430.8391,2815.9408,4,1,0.0,,0,0,14565,1,,,3.0,,,,2804.1402,7860.0,620.0,-1,,,,,,,165194.0,2010,604,601,0,0,0,1,0,14.0,2.0,40.0,2010,3.0,4,8,2,8700,87001,1,33,17,0,0,3.0,2.0,,0,1,54,,2,42,1,,1,1,5,2,57,57,57,1,0,0,1.0,1.0,,38.0,,38.0,,,,,,2.0,2.0,0.0,1,2.0,2.0,2.0,,1272.92,1.0,,,,,12411.3571,3084.4671,0,0,0.0,,0,0,57725,1,,,3.0,,,,3045.8267,7860.0,136.0,-1,,,,,,,163303.0,2011,616,601,0,0,0,0,0,14.0,1.0,40.0,2011,MIS4_to_MIS8,illinois,1,2010-2011,1,0,0,0,retention
95011370995593,5,2.0,1,4,2,8700,87001,1,1,33,17,28100,91,,1.0,,2,1,58,2.0,2,44,1,,1,1,1,1,2,57,57,57,1,0,0,1.0,1.0,,40.0,,40.0,,,,,,2.0,3.0,0.0,1,2.0,2.0,2.0,,961.0,1.0,,,,,11658.9736,2884.655,0,0,1.0,,0,0,29312,1,,,,,,3.0,2885.0647,7860.0,2310.0,-1,,,,,,,165306.0,2010,604,601,0,0,0,0,0,18.0,8.0,40.0,2010,1.0,1,8,2,8700,87001,1,33,17,28100,91,,1.0,,2,1,60,2.0,2,44,1,,1,1,1,2,57,57,57,1,0,0,1.0,1.0,,40.0,,40.0,,,,,,2.0,3.0,0.0,1,2.0,2.0,2.0,,1250.0,1.0,,,,,11882.6454,3065.6889,0,0,0.0,,0,0,22189,1,,,,,,3.0,3027.1857,7860.0,2540.0,-1,,,,,,,163407.0,2011,616,601,0,0,0,0,0,18.0,8.0,40.0,2011,MIS4_to_MIS8,illinois,1,2010-2011,1,0,0,0,retention
310700008413511,5,1.0,4,4,2,8700,87001,1,1,33,17,44100,0,,1.0,,2,1,46,,2,43,1,,1,1,1,5,2,57,57,57,1,0,0,1.0,1.0,,38.0,,37.0,,,,,,2.0,2.0,0.0,1,2.0,2.0,2.0,,1851.5,1.0,,,,,12102.3561,2935.5953,3,1,0.0,,0,0,14575,1,,,,2.0,,,2968.8724,9480.0,2150.0,-1,,,,,,,165317.0,2010,604,601,0,0,1,0,0,16.0,7.0,51.0,2010,1.0,4,8,2,8700,87001,1,33,17,44100,0,,1.0,,2,1,47,,2,43,1,,1,1,5,2,57,57,57,1,0,0,1.0,1.0,,38.0,5.0,34.0,,,5.0,,,4.0,2.0,0.0,1,2.0,2.0,2.0,,1717.15,1.0,,,,,13009.1893,3172.7966,3,1,0.0,,0,0,5090,1,,,,2.0,,,3192.5386,9480.0,2010.0,-1,,,,,,,163417.0,2011,616,601,0,0,1,0,0,16.0,6.0,51.0,2011,MIS4_to_MIS8,illinois,1,2010-2011,1,0,0,0,retention
550979093113509,5,1.0,1,4,2,8700,87001,1,1,33,17,28100,91,,1.0,,2,3,27,1.0,1,42,2,,2,1,2,1,2,57,57,57,1,0,0,2.0,1.0,,40.0,,40.0,,,,,,2.0,3.0,0.0,1,2.0,2.0,2.0,,788.46,1.0,,,,,12229.5645,2840.5848,13,3,0.0,,0,0,17177,2,,,3.0,,,,2797.8954,9470.0,1040.0,-1,,,,,,,165333.0,2010,604,601,1,0,1,1,1,14.0,3.0,51.0,2010,1.0,1,8,2,8700,87001,1,33,17,28100,91,,1.0,,2,3,29,1.0,1,41,2,,1,2,1,2,57,57,57,1,0,0,2.0,1.0,,40.0,,40.0,,,,,,2.0,3.0,0.0,1,2.0,2.0,2.0,,811.53,1.0,,,,,12735.9,3411.0396,13,3,0.0,,0,0,50586,2,,,3.0,,,,3471.9205,9470.0,3800.0,-1,,,,,,,163433.0,2011,616,601,1,0,1,1,1,14.0,12.0,51.0,2011,MIS4_to_MIS8,illinois,1,2010-2011,1,0,0,0,retention
957539930059101,5,1.0,1,4,2,8700,87001,1,1,33,17,28100,91,,1.0,,2,3,27,1.0,1,41,1,,2,1,2,1,2,57,57,57,1,0,0,2.0,1.0,,40.0,,40.0,,,,,,2.0,2.0,0.0,1,2.0,2.0,2.0,,826.92,2.0,2.0,,,,17464.2919,4361.2421,5,2,0.0,,0,0,51408,2,,,3.0,,,,4333.8831,7870.0,1000.0,-1,,,,,,,165386.0,2010,604,601,1,1,0,0,1,14.0,3.0,40.0,2010,1.0,1,8,2,8700,87001,1,33,17,28100,91,,1.0,,2,3,29,1.0,1,42,1,,1,2,1,2,57,57,57,1,0,0,2.0,1.0,,40.0,,60.0,,,,,,2.0,4.0,0.0,1,2.0,2.0,2.0,,1076.92,2.0,2.0,,,,15473.9539,3842.0043,5,2,0.0,,0,0,22190,2,,,3.0,,,,3853.2508,7870.0,1006.0,3740,,,,,,,163481.0,2011,616,601,1,1,0,0,1,14.0,3.0,40.0,2011,MIS4_to_MIS8,illinois,1,2010-2011,0,1,0,1,retention
997119530499101,5,1.0,1,4,2,8700,87001,1,1,33,17,14060,113,,1.0,,2,3,51,1.0,2,39,2,,2,1,2,1,2,57,57,57,1,0,0,2.0,1.0,,24.0,,24.0,,,19.0,,,7.0,2.0,0.0,1,2.0,,1.0,1045.0,250.8,2.0,2.0,,,,8337.976,2225.4301,0,0,0.0,0.0,0,0,48065,2,1.0,,,,,,2198.0641,9480.0,3600.0,-1,,,,,,,165400.0,2010,604,601,0,0,0,0,0,12.0,11.0,51.0,2010,1.0,1,8,2,8700,87001,1,33,17,14060,113,,1.0,,2,3,52,1.0,2,39,2,,1,2,1,2,57,57,57,1,0,0,2.0,2.0,5.0,30.0,,,,,,,,10.0,2.0,0.0,1,2.0,,1.0,810.0,243.0,2.0,2.0,,,,9729.2839,2510.7469,0,0,1.0,1.0,0,0,65314,2,1.0,,,,,,2498.5552,9480.0,4610.0,-1,,,,,,,163495.0,2011,616,601,0,0,0,0,0,12.0,15.0,51.0,2011,MIS4_to_MIS8,illinois,1,2010-2011,1,0,0,0,retention
3908151596848,5,1.0,7,4,2,8700,87002,2,2,32,18,26900,0,1.0,1.0,,5,2,66,,2,39,2,,1,0,0,7,2,57,57,57,1,0,0,1.0,5.0,,,,,,,,,,1.0,2.0,0.0,2,,,,,,,,,,,11032.0091,2741.2321,0,0,,,0,0,64563,1,1.0,,,,,,2721.6042,9570.0,5220.0,-1,,,,,,,165406.0,2010,604,601,0,0,0,0,0,12.0,17.0,51.0,2010,1.0,7,8,2,8700,87002,2,32,18,26900,0,1.0,1.0,,5,2,67,,2,39,2,,0,0,7,2,57,57,57,1,0,0,1.0,5.0,,,,,,,,,,1.0,,,2,,,,,,,,,,,8816.7316,2116.2137,0,0,,,0,0,22528,1,1.0,,,,,,2072.7425,,,-1,,,,,,,163498.0,2011,616,601,0,0,0,0,0,12.0,,,2011,MIS4_to_MIS8,indiana,0,2010-2011,0,1,0,0,retention
310800069342213,5,1.0,1,4,2,8700,87001,1,1,32,18,26900,0,1.0,1.0,,5,3,25,1.0,2,43,1,,2,1,2,1,2,57,57,57,1,0,0,2.0,1.0,,38.0,,38.0,,,,,,2.0,2.0,0.0,1,2.0,,1.0,1704.0,647.52,2.0,2.0,,,,17149.9003,4228.5922,0,0,0.0,0.0,0,0,17458,2,,,,2.0,,,4268.1542,9480.0,2010.0,-1,,,,,,,165441.0,2010,604,601,0,0,0,0,0,16.0,6.0,51.0,2010,2.0,1,8,2,8700,87001,1,32,18,26900,0,1.0,1.0,,5,3,26,1.0,2,43,1,,1,2,1,2,57,57,57,1,0,0,1.0,7.0,,,,,,,,,,1.0,2.0,0.0,2,,,,,,,,,,,14213.1254,3730.3386,0,0,,,0,0,51833,2,,,,2.0,,,3610.5171,9480.0,2010.0,-1,,,,,,,163529.0,2011,616,601,0,0,0,0,0,16.0,6.0,51.0,2011,MIS4_to_MIS8,indiana,0,2010-2011,1,0,0,0,retention
718569130579105,5,1.0,1,4,2,8700,87001,1,1,32,18,26900,0,1.0,1.0,,5,3,52,1.0,2,44,2,,2,1,2,1,2,57,57,57,1,0,0,1.0,1.0,,35.0,,36.0,,,,,,2.0,3.0,0.0,1,2.0,2.0,2.0,,1153.0,1.0,,,,,10884.5824,2871.4966,0,0,1.0,,0,42,33542,2,,,,,,2.0,2869.4026,7860.0,2310.0,-1,,,,,,,165464.0,2010,604,601,0,0,0,0,0,18.0,8.0,40.0,2010,2.0,1,8,2,8700,87001,1,32,18,26900,0,1.0,1.0,,5,3,54,1.0,2,44,2,,1,2,1,2,57,57,57,1,0,0,1.0,1.0,,45.0,,37.0,,,,,,2.0,3.0,0.0,1,2.0,,1.0,3720.0,1674.0,1.0,,,,,8666.8371,2191.1572,0,0,1.0,1.0,0,42,8993,2,,,,,,2.0,2225.7106,7860.0,2310.0,-1,,,,,,,163563.0,2011,616,601,0,0,0,0,0,18.0,8.0,40.0,2011,MIS4_to_MIS8,indiana,0,2010-2011,1,0,0,0,retention
199933909099818,5,2.0,1,4,2,8700,87001,1,1,32,18,16980,89,2.0,1.0,,7,1,42,2.0,1,39,1,,1,1,1,1,2,57,57,57,1,0,0,2.0,1.0,,72.0,,99.0,,,,,,2.0,3.0,0.0,1,2.0,2.0,2.0,,1076.92,1.0,,,,,15126.1896,3824.6106,3,2,0.0,,0,0,17411,1,1.0,,,,,,3855.255,9470.0,3740.0,3740,,,,,,,165556.0,2010,604,601,0,0,1,0,0,12.0,12.0,51.0,2010,2.0,1,8,2,8700,87001,1,32,18,16980,89,2.0,1.0,,7,1,43,2.0,1,39,1,,1,1,1,2,57,57,57,1,0,0,2.0,1.0,,48.0,,72.0,,,,,,2.0,3.0,0.0,1,2.0,1.0,1.0,3500.0,1076.92,1.0,,,,,14644.9322,3631.3336,3,2,0.0,0.0,0,0,51813,1,1.0,,,,,,3724.7152,9470.0,3740.0,3740,,,,,,,163668.0,2011,616,601,0,0,1,0,0,12.0,12.0,51.0,2011,MIS4_to_MIS8,indiana,0,2010-2011,1,0,0,0,retention
199933909099818,5,2.0,1,4,2,8700,87001,1,1,32,18,16980,89,2.0,1.0,,7,3,45,1.0,2,43,1,,2,1,2,1,2,57,57,57,1,0,0,1.0,1.0,,20.0,,20.0,,,18.0,,,7.0,3.0,0.0,1,2.0,,1.0,800.0,160.0,2.0,2.0,,,,11437.0179,2742.0937,3,2,0.0,0.0,0,0,17411,2,,,,2.0,,,2805.6559,7860.0,2330.0,-1,,,,,,,165557.0,2010,604,601,0,0,1,0,0,16.0,8.0,40.0,2010,2.0,1,8,2,8700,87001,1,32,18,16980,89,2.0,1.0,,7,3,47,1.0,2,43,1,,1,2,1,2,57,57,57,1,0,0,1.0,1.0,,32.0,,32.0,,,22.0,,,7.0,3.0,0.0,1,2.0,,1.0,1101.0,352.32,2.0,2.0,,,,11241.3319,2685.9667,3,2,0.0,0.0,0,0,51813,2,,,,2.0,,,2758.695,7860.0,2540.0,-1,,,,,,,163669.0,2011,616,601,0,0,1,0,0,16.0,8.0,40.0,2011,MIS4_to_MIS8,indiana,0,2010-2011,1,0,0,0,retention
947078914139490,5,1.0,1,4,2,8700,87001,1,1,32,18,26900,81,2.0,1.0,,5,1,53,2.0,1,39,1,,1,1,1,1,2,57,57,57,1,0,0,2.0,1.0,,40.0,,40.0,,,,,,2.0,3.0,0.0,1,2.0,,1.0,1600.0,640.0,2.0,2.0,,,,10105.4713,2479.0023,0,0,0.0,0.0,0,0,29498,1,1.0,,,,,,2528.0294,9370.0,6350.0,-1,,,,,,,165645.0,2010,604,601,0,0,0,0,0,12.0,19.0,51.0,2010,1.0,1,8,2,8700,87001,1,32,18,26900,81,2.0,1.0,,5,1,55,2.0,1,39,1,,1,1,1,2,57,57,57,1,0,0,1.0,1.0,,40.0,,40.0,,,,,,2.0,3.0,0.0,1,2.0,2.0,2.0,,615.38,1.0,,,,,8965.9016,2337.567,0,0,0.0,,0,0,34903,1,1.0,,,,,,2373.367,570.0,4250.0,-1,,,,,,,163776.0,2011,616,601,0,0,0,0,0,12.0,14.0,24.0,2011,MIS4_to_MIS8,indiana,0,2010-2011,1,0,0,0,retention
22911380992391,5,3.0,1,4,2,8700,87001,1,1,32,18,0,0,3.0,2.0,,0,3,59,1.0,2,39,1,,2,1,2,1,2,57,57,57,1,0,0,2.0,1.0,,40.0,,40.0,,,,,,2.0,2.0,0.0,1,2.0,1.0,1.0,1865.0,1038.0,2.0,2.0,,,,11243.6341,2749.6885,4,1,1.0,1.0,0,0,61202,2,1.0,,,,,,2782.2871,8190.0,3600.0,-1,,,,,,,165693.0,2010,604,601,0,0,0,1,0,12.0,11.0,41.0,2010,1.0,1,8,2,8700,87001,1,32,18,0,0,3.0,2.0,,0,3,60,1.0,2,39,1,,1,2,1,2,57,57,57,1,0,0,2.0,1.0,,32.0,,32.0,,,22.0,,,7.0,4.0,0.0,1,2.0,,1.0,1200.0,384.0,2.0,2.0,,,,10206.9199,2579.8859,4,1,0.0,0.0,0,0,51869,2,1.0,,,,,,2600.2831,8190.0,3600.0,-1,,,,,,,163817.0,2011,616,601,0,0,0,1,0,12.0,11.0,41.0,2011,MIS4_to_MIS8,indiana,0,2010-2011,0,1,0,1,retention
50131380992592,5,1.0,6,4,2,8700,87001,1,1,32,18,0,0,3.0,2.0,,0,2,51,,1,44,1,,1,0,0,7,2,57,57,57,1,0,0,1.0,1.0,,50.0,,50.0,,,,,,2.0,3.0,0.0,1,2.0,2.0,2.0,,1250.0,1.0,,,,,10300.8548,2526.9324,0,0,0.0,,0,0,17391,1,,,,,,2.0,2576.9074,7860.0,2320.0,-1,,,,,,,165698.0,2010,604,601,0,0,0,0,0,18.0,8.0,40.0,2010,1.0,6,8,2,8700,87001,1,32,18,0,0,3.0,2.0,,0,2,52,,1,44,1,,0,0,7,2,57,57,57,1,0,0,1.0,1.0,,40.0,,60.0,,,,,,2.0,3.0,0.0,1,2.0,2.0,2.0,,1833.33,1.0,,,,,10778.4652,2620.2278,0,0,0.0,,0,0,32536,1,,,,,,2.0,2678.2322,7860.0,2320.0,4720,,,,,,,163822.0,2011,616,601,0,0,0,0,0,18.0,8.0,40.0,2011,MIS4_to_MIS8,indiana,0,2010-2011,1,0,0,0,retention
85641380996897,5,1.0,1,4,2,8700,87001,1,1,32,18,0,0,3.0,2.0,,0,1,68,2.0,2,39,1,,1,1,1,1,2,57,57,57,1,0,0,1.0,2.0,5.0,6.0,,,,,,,,10.0,3.0,0.0,1,2.0,,1.0,1000.0,60.0,2.0,2.0,,,,11960.9451,2895.9844,0,0,0.0,0.0,0,0,64547,1,1.0,,,,,,2893.3755,7860.0,4130.0,-1,,,,,,,165703.0,2010,604,601,0,0,0,0,0,12.0,13.0,40.0,2010,1.0,4,8,2,8700,87001,1,32,18,0,0,3.0,2.0,,0,1,70,,2,39,1,,1,1,4,2,57,57,57,1,0,0,1.0,2.0,7.0,37.0,,,,,,,,5.0,3.0,0.0,1,2.0,,1.0,947.0,350.39,2.0,2.0,,,,10742.7192,2507.5258,0,0,0.0,0.0,0,0,8931,1,1.0,,,,,,2523.991,7860.0,4720.0,-1,,,,,,,163826.0,2011,616,601,0,0,0,0,0,12.0,16.0,40.0,2011,MIS4_to_MIS8,indiana,0,2010-2011,1,0,0,0,retention
430983096513949,5,1.0,4,4,2,8700,87001,1,1,32,18,0,0,3.0,2.0,,0,1,46,,2,43,1,,1,1,1,7,2,57,57,57,1,0,0,1.0,1.0,,40.0,,40.0,,,,,,2.0,3.0,0.0,1,2.0,2.0,2.0,,2884.61,1.0,,,,,11658.1461,2795.1105,4,1,1.0,,0,0,51527,1,,,,1.0,2.0,,2859.9017,7860.0,2310.0,-1,,,,,,,165730.0,2010,604,601,0,0,0,1,0,17.0,8.0,40.0,2010,1.0,4,8,2,8700,87001,1,32,18,0,0,3.0,2.0,,0,1,47,,2,43,1,,1,1,7,2,57,57,57,1,0,0,1.0,1.0,,40.0,,40.0,,,,,,2.0,3.0,0.0,1,2.0,2.0,2.0,,653.84,1.0,,,,,11295.7735,2698.9748,0,0,0.0,,0,0,34999,1,,,,1.0,2.0,,2772.0553,7860.0,2310.0,-1,,,,,,,163853.0,2011,616,601,0,0,0,0,0,17.0,8.0,40.0,2011,MIS4_to_MIS8,indiana,0,2010-2011,1,0,0,0,retention
500985092313219,5,2.0,1,4,2,8700,87001,1,1,32,18,0,0,3.0,2.0,,0,1,50,2.0,2,43,1,,1,1,1,1,2,57,57,57,1,0,0,2.0,1.0,,32.0,,32.0,,,22.0,,,7.0,3.0,0.0,1,2.0,2.0,2.0,,615.38,2.0,2.0,,,,11250.3867,2739.404,3,1,0.0,,0,0,38585,1,,,,2.0,,,2759.8728,8370.0,5930.0,-1,,,,,,,165737.0,2010,604,601,0,0,1,0,0,16.0,17.0,43.0,2010,1.0,1,8,2,8700,87001,1,32,18,0,0,3.0,2.0,,0,1,51,2.0,2,43,1,,1,1,1,2,57,57,57,1,0,0,1.0,1.0,,39.0,,38.0,,,,,,2.0,3.0,0.0,1,2.0,2.0,2.0,,596.15,2.0,2.0,,,,10733.3331,2613.2823,3,1,0.0,,0,0,44623,1,,,,2.0,,,2634.0289,6990.0,540.0,-1,,,,,,,163864.0,2011,616,601,0,0,1,0,0,16.0,2.0,33.0,2011,MIS4_to_MIS8,indiana,0,2010-2011,1,0,0,0,retention
942068996139140,5,1.0,6,4,2,8700,87001,1,1,32,18,0,0,3.0,2.0,,0,2,54,,1,43,1,,1,0,0,5,2,57,57,57,1,0,0,1.0,1.0,,-4.0,,47.0,,,,,,2.0,3.0,0.0,1,2.0,2.0,2.0,,980.76,2.0,2.0,,,,10300.8548,2526.9324,0,0,0.0,,0,0,38563,1,,,,2.0,,,2576.9074,9470.0,20.0,-1,3.0,,,,,,165802.0,2010,604,601,0,0,0,0,0,16.0,1.0,51.0,2010,1.0,6,8,2,8700,87001,1,32,18,0,0,3.0,2.0,,0,2,55,,1,43,1,,0,0,5,2,57,57,57,1,0,0,1.0,1.0,,45.0,,45.0,,,,,,2.0,3.0,0.0,1,2.0,2.0,2.0,,990.38,2.0,2.0,,,,9009.3234,2348.8878,0,0,0.0,,0,0,51800,1,,,,2.0,,,2384.8612,9470.0,3730.0,-1,3.0,,,,,,163931.0,2011,616,601,0,0,0,0,0,16.0,12.0,51.0,2011,MIS4_to_MIS8,indiana,0,2010-2011,1,0,0,0,retention
967058964139880,5,1.0,4,4,2,8700,87001,1,1,32,18,0,0,3.0,2.0,,0,1,55,,2,43,1,,1,1,1,5,2,57,57,57,1,0,0,,1.0,,40.0,,40.0,,,,,,2.0,3.0,0.0,1,2.0,2.0,2.0,,440.0,2.0,2.0,,,,11243.6341,2749.6885,0,0,1.0,,0,41,55532,1,,,,2.0,,,2782.2871,7860.0,4130.0,-1,,,,,,,165825.0,2010,604,601,0,0,0,0,0,16.0,13.0,40.0,2010,2.0,4,8,2,8700,87001,1,32,18,0,0,3.0,2.0,,0,1,56,,2,43,1,,1,1,5,2,57,57,57,1,0,0,2.0,1.0,,40.0,,40.0,,,,,,2.0,1.0,0.0,1,1.0,,1.0,5000.0,2135.0,1.0,,,,,10483.1486,2556.0493,0,0,1.0,1.0,0,42,22425,1,,,,2.0,,,2572.5834,8190.0,3255.0,-1,,,,,,,163948.0,2011,616,601,0,0,0,0,0,16.0,10.0,41.0,2011,MIS4_to_MIS8,indiana,0,2010-2011,0,1,1,0,retention
930191619800893,5,2.0,1,4,2,8700,87001,1,1,32,18,33140,91,,1.0,,2,3,45,1.0,2,40,1,,2,1,2,1,2,57,57,57,1,0,0,1.0,1.0,,-4.0,,28.0,,,18.0,,,7.0,3.0,0.0,1,2.0,2.0,2.0,,288.0,2.0,2.0,,,,11455.1997,2746.4529,4,1,1.0,,0,42,51493,2,,,3.0,,,,2810.1162,7860.0,2310.0,-1,,,,,,,165904.0,2010,604,601,0,0,0,1,0,14.0,8.0,40.0,2010,1.0,1,8,2,8700,87001,1,32,18,33140,91,,1.0,,2,3,46,1.0,2,40,1,,1,2,1,2,57,57,57,1,0,0,2.0,1.0,,20.0,,16.0,,,18.0,,,7.0,3.0,0.0,1,2.0,2.0,2.0,,100.0,2.0,2.0,,,,11259.2025,2690.2366,4,1,1.0,,0,0,22511,2,,,3.0,,,,2763.0806,7860.0,2310.0,-1,,,,,,,164043.0,2011,616,601,0,0,0,1,0,14.0,8.0,40.0,2011,MIS4_to_MIS8,indiana,0,2010-2011,1,0,0,0,retention
930191619800893,5,2.0,1,4,2,8700,87001,1,1,32,18,33140,91,,1.0,,2,4,21,,2,40,1,,4,1,3,7,2,57,57,57,1,0,0,2.0,1.0,,14.0,,14.0,,,22.0,,,7.0,3.0,0.0,1,2.0,,1.0,1000.0,140.0,2.0,2.0,2.0,,,16619.3765,3957.5006,0,0,1.0,1.0,0,42,51493,4,,,3.0,,,,3992.9903,7860.0,2310.0,-1,,,,,2.0,1.0,165906.0,2010,604,601,0,0,0,0,0,14.0,8.0,40.0,2010,1.0,1,8,2,8700,87001,1,32,18,33140,91,,1.0,,2,4,21,,2,40,1,,1,3,3,2,57,57,57,1,0,0,2.0,7.0,,,,,,,,,,1.0,,,2,,,,,,,,2.0,,,16165.2745,4282.7475,0,0,,,0,0,22511,4,,,4.0,,,,4129.8186,,,-1,,,,,2.0,1.0,164045.0,2011,616,601,0,0,0,0,0,15.0,,,2011,MIS4_to_MIS8,indiana,0,2010-2011,0,1,0,0,retention
3903903199786,5,1.0,4,4,2,8700,87001,1,1,21,36,35620,47,1.0,1.0,,7,1,31,,2,41,1,2.0,1,1,1,7,2,57,329,57,1,0,0,1.0,1.0,,40.0,,40.0,,,,,,2.0,3.0,0.0,1,2.0,2.0,2.0,,673.07,1.0,,,,,12382.5804,3036.4566,3,2,0.0,,0,0,23544,1,,,3.0,,,,3081.695,9470.0,5220.0,-1,,,,,,,176570.0,2010,604,601,0,0,1,0,0,14.0,17.0,51.0,2010,1.0,4,8,2,8700,87001,1,21,36,35620,47,1.0,1.0,,7,1,32,,2,41,1,2.0,1,1,7,2,57,329,57,1,0,0,1.0,4.0,,,,,,,,8.0,2.0,11.0,3.0,0.0,2,,,,,,,,,,,14423.3719,3654.0947,3,2,,,0,0,48875,1,,,3.0,,,,3750.8372,9470.0,3800.0,-1,,,,,,,174805.0,2011,616,601,0,0,1,0,0,14.0,12.0,51.0,2011,MIS4_to_MIS8,new_york,0,2010-2011,1,0,0,0,retention
8523360998290,5,1.0,1,4,2,8700,87001,1,1,21,36,35620,47,1.0,1.0,,7,8,31,3.0,1,43,1,,4,2,2,1,2,57,57,57,1,0,0,2.0,1.0,,40.0,,40.0,,,,,,2.0,3.0,0.0,1,1.0,2.0,2.0,,1346.15,1.0,,,,,13535.4191,3352.3018,1,1,0.0,,0,0,40244,4,,,,2.0,,,3358.9065,9470.0,3740.0,-1,,,,,,,176581.0,2010,604,601,1,0,0,0,1,16.0,12.0,51.0,2010,1.0,1,8,2,8700,87001,1,21,36,35620,47,1.0,1.0,,7,8,32,3.0,1,43,1,,2,2,1,2,57,57,57,1,0,0,2.0,1.0,,40.0,,40.0,,,,,,2.0,3.0,0.0,1,2.0,,1.0,850.0,340.0,1.0,,,,,17616.5994,4314.5868,1,1,1.0,1.0,0,42,14810,4,,,,2.0,,,4386.8022,9470.0,3740.0,-1,,,,,,,174814.0,2011,616,601,1,0,0,0,1,16.0,12.0,51.0,2011,MIS4_to_MIS8,new_york,0,2010-2011,1,0,0,0,retention
20962091433929,5,1.0,7,4,2,8700,87001,1,1,21,36,15380,0,1.0,1.0,1.0,5,2,52,,2,39,2,,1,0,0,6,2,57,57,57,1,0,0,1.0,1.0,,40.0,,40.0,,,,,,2.0,2.0,0.0,1,2.0,2.0,2.0,,788.46,1.0,,,,,10595.2169,2840.537,0,0,0.0,,0,0,11020,1,1.0,,,,,,2793.1198,8190.0,3500.0,-1,,,,,,,176592.0,2010,604,601,0,0,0,0,0,12.0,10.0,41.0,2010,1.0,7,8,2,8700,87001,1,21,36,15380,0,1.0,1.0,1.0,5,2,53,,2,42,2,,0,0,6,2,57,57,57,1,0,0,1.0,1.0,,40.0,,42.0,,,,,,2.0,2.0,0.0,1,2.0,1.0,1.0,4086.0,807.69,1.0,,,,,11404.8211,2980.4206,0,0,0.0,1.0,0,0,5748,1,,,2.0,,,,2928.8461,8270.0,3255.0,-1,,,,,,,174820.0,2011,616,601,0,0,0,0,0,13.0,10.0,42.0,2011,MIS4_to_MIS8,new_york,0,2010-2011,1,0,0,0,retention
330609945863037,5,1.0,1,4,2,8700,87001,1,1,21,36,35620,47,1.0,1.0,,7,1,60,2.0,2,42,1,2.0,1,1,1,1,2,73,73,73,2,0,3,1.0,1.0,,40.0,,40.0,,,,,,2.0,3.0,0.0,1,2.0,2.0,2.0,,1192.0,1.0,,,,,12263.06,2938.6691,0,0,1.0,,0,42,11102,1,,,3.0,,,,2971.6816,9370.0,5220.0,-1,,,,,,,176781.0,2010,604,601,0,0,0,0,0,14.0,17.0,51.0,2010,1.0,1,8,2,8700,87001,1,21,36,35620,47,1.0,1.0,,7,1,61,2.0,2,42,1,2.0,1,1,1,2,73,73,73,2,0,3,1.0,1.0,,40.0,,40.0,,,,,,2.0,3.0,0.0,1,2.0,,1.0,1000.0,400.0,1.0,,,,,15748.7631,3825.3855,0,0,1.0,1.0,0,42,29390,1,,,3.0,,,,4012.1058,9370.0,5700.0,-1,,,,,,,174978.0,2011,616,601,0,0,0,0,0,14.0,17.0,51.0,2011,MIS4_to_MIS8,new_york,0,2010-2011,1,0,0,0,retention
330609949947931,5,2.0,4,4,2,8700,87001,1,1,21,36,35620,61,1.0,1.0,,7,1,55,,2,41,2,,1,1,1,6,2,57,57,57,1,0,0,1.0,1.0,,40.0,5.0,20.0,,,5.0,,,4.0,3.0,0.0,1,2.0,2.0,2.0,,461.0,1.0,,,,,14791.4578,3486.8457,4,1,1.0,,0,42,1708,1,,,2.0,,,,3465.6154,9470.0,3940.0,-1,,,,,,,176783.0,2010,604,601,0,0,0,1,0,13.0,12.0,51.0,2010,1.0,4,8,2,8700,87001,1,21,36,35620,61,1.0,1.0,,7,1,56,,2,42,2,,1,1,6,2,57,57,57,1,0,0,1.0,1.0,,37.0,,37.0,,,,,,2.0,4.0,0.0,1,2.0,,1.0,725.0,268.25,2.0,2.0,,,,16589.6891,4119.9547,4,1,1.0,1.0,42,42,59480,1,,,4.0,,,,4167.9138,4790.0,4760.0,-1,,,,,,,174980.0,2011,616,601,0,0,0,1,0,15.0,16.0,22.0,2011,MIS4_to_MIS8,new_york,0,2010-2011,0,1,0,1,retention
330609972548381,5,1.0,1,4,2,8700,87001,1,1,21,36,35620,47,1.0,1.0,,7,3,39,1.0,2,44,1,,2,1,2,1,2,57,57,57,1,0,0,2.0,1.0,,40.0,,40.0,,,,,,2.0,3.0,0.0,1,2.0,2.0,2.0,,1730.76,1.0,,,,,13542.4446,3350.9494,8,2,0.0,,0,0,11106,2,,,,,,3.0,3331.3722,7860.0,2310.0,-1,,,,,,,176795.0,2010,604,601,0,1,1,0,1,18.0,8.0,40.0,2010,2.0,1,8,2,8700,87001,1,21,36,35620,47,1.0,1.0,,7,3,40,1.0,2,44,1,,1,2,1,2,57,57,57,1,0,0,1.0,1.0,,35.0,4.0,28.0,,,4.0,,,4.0,3.0,0.0,1,1.0,2.0,2.0,,1423.07,1.0,,,,,15293.7296,3669.5645,3,2,0.0,,0,0,19357,2,,,,,,3.0,3751.1533,7860.0,2310.0,-1,,,,,,,174990.0,2011,616,601,0,0,1,0,0,18.0,8.0,40.0,2011,MIS4_to_MIS8,new_york,0,2010-2011,1,0,0,0,retention
333390539600034,5,1.0,4,4,2,8700,87001,1,1,21,36,35620,81,1.0,1.0,,7,1,43,,2,43,2,,1,1,1,5,2,57,57,57,1,0,0,1.0,1.0,,40.0,,40.0,,,,,,2.0,3.0,0.0,1,2.0,2.0,2.0,,1057.69,2.0,2.0,,,,12133.4565,3037.1923,3,1,0.0,,0,0,63079,1,,,,2.0,,,3082.9989,7870.0,5700.0,-1,,,,,,,176814.0,2010,604,601,0,0,1,0,0,16.0,17.0,40.0,2010,1.0,4,8,2,8700,87001,1,21,36,35620,81,1.0,1.0,,7,1,43,,2,43,2,,1,1,5,2,57,57,57,1,0,0,2.0,1.0,,40.0,,40.0,,,,,,2.0,3.0,0.0,1,2.0,2.0,2.0,,1057.69,2.0,2.0,,,,13404.545,3114.3902,3,1,0.0,,0,0,29550,1,,,,1.0,1.0,,3204.5152,7870.0,230.0,-1,,,,,,,175008.0,2011,616,601,0,0,1,0,0,18.0,1.0,40.0,2011,MIS4_to_MIS8,new_york,0,2010-2011,1,0,0,0,retention
390913405001638,5,1.0,1,4,2,8700,87001,1,1,21,36,35620,85,1.0,1.0,,7,1,41,2.0,2,40,1,4.0,1,1,1,1,2,462,139,139,4,10,11,1.0,1.0,,35.0,,35.0,,,,,,2.0,3.0,0.0,1,2.0,1.0,1.0,3000.0,1153.84,1.0,,,,,11259.3681,2720.2202,10,2,0.0,0.0,0,0,26912,1,,,3.0,,,,2769.7471,9470.0,130.0,-1,,,,,,,176837.0,2010,604,601,0,0,1,1,0,14.0,1.0,51.0,2010,1.0,1,8,2,8700,87001,1,21,36,35620,85,1.0,1.0,,7,1,42,2.0,2,40,1,4.0,1,1,1,2,462,139,139,4,10,11,1.0,1.0,,40.0,,40.0,,,,,,2.0,3.0,0.0,1,2.0,2.0,2.0,,1.0,1.0,,,,,14365.3443,3538.2029,10,2,0.0,,0,0,49025,1,,,3.0,,,,3523.4446,9470.0,1006.0,-1,,,,,,,175028.0,2011,616,601,0,0,1,1,0,14.0,3.0,51.0,2011,MIS4_to_MIS8,new_york,0,2010-2011,1,0,0,0,retention
390913405001638,5,1.0,1,4,2,8700,87001,1,1,21,36,35620,85,1.0,1.0,,7,3,48,1.0,1,40,1,4.0,2,1,2,1,2,139,139,139,4,10,6,2.0,1.0,,40.0,,48.0,,,,,,2.0,3.0,0.0,1,1.0,1.0,1.0,3300.0,1538.46,1.0,,,,,13529.9915,3375.5764,10,2,0.0,0.0,0,0,26912,2,,,4.0,,,,3384.7225,6180.0,9200.0,-1,,,,,,,176838.0,2010,604,601,0,0,1,1,0,15.0,22.0,23.0,2010,1.0,1,8,2,8700,87001,1,21,36,35620,85,1.0,1.0,,7,3,49,1.0,1,40,1,4.0,1,2,1,2,139,139,139,4,10,6,2.0,1.0,,40.0,,40.0,,,,,,2.0,2.0,0.0,1,2.0,2.0,2.0,,1500.0,1.0,,,,,20138.6943,4904.3732,10,2,0.0,,0,0,49025,2,,,3.0,,,,5004.0612,6180.0,9260.0,-1,,,,,,,175029.0,2011,616,601,0,0,1,1,0,14.0,22.0,23.0,2011,MIS4_to_MIS8,new_york,0,2010-2011,1,0,0,0,retention
390913405001638,5,1.0,1,4,2,8700,87001,1,1,21,36,35620,85,1.0,1.0,,7,4,20,,2,40,1,4.0,3,1,3,7,2,57,139,139,1,0,0,2.0,7.0,,,,,,,,,,1.0,3.0,0.0,2,,,,,,,,1.0,1.0,2.0,11448.7258,3005.6902,0,0,,,0,0,26912,3,,,2.0,,,,2962.3258,8570.0,3950.0,-1,,,,,1.0,1.0,176840.0,2010,604,601,0,0,0,0,0,13.0,12.0,44.0,2010,1.0,1,8,2,8700,87001,1,21,36,35620,85,1.0,1.0,,7,4,21,,2,40,1,4.0,1,3,7,2,57,139,139,1,0,0,2.0,7.0,,,,,,,,,,1.0,,,2,,,,,,,,1.0,1.0,2.0,15610.2049,3859.6718,0,0,,,0,0,49025,3,,,4.0,,,,3988.0123,,,-1,,,,,1.0,1.0,175031.0,2011,616,601,0,0,0,0,0,15.0,,,2011,MIS4_to_MIS8,new_york,0,2010-2011,0,1,0,0,retention
439399909600638,5,3.0,1,4,2,8700,87001,1,1,21,36,15380,0,1.0,1.0,,5,3,60,1.0,2,44,1,,2,1,2,1,2,57,57,57,1,0,0,1.0,1.0,,50.0,,46.0,,,,,,2.0,3.0,0.0,1,2.0,2.0,2.0,,2075.0,1.0,,,,,13037.683,3189.4533,0,0,0.0,,0,0,23494,2,,,,,,3.0,3159.3943,7860.0,2310.0,-1,,,,,,,176943.0,2010,604,601,0,0,0,0,0,18.0,8.0,40.0,2010,2.0,1,8,2,8700,87001,1,21,36,15380,0,1.0,1.0,,5,3,61,1.0,2,44,1,,1,2,1,2,57,57,57,1,0,0,1.0,1.0,,40.0,,42.0,,,,,,2.0,3.0,0.0,1,2.0,2.0,2.0,,2023.8,1.0,,,,,11564.6342,3021.4392,0,0,0.0,,0,0,1828,2,,,,,,3.0,2946.1702,7860.0,2310.0,-1,,,,,,,175146.0,2011,616,601,0,0,0,0,0,18.0,8.0,40.0,2011,MIS4_to_MIS8,new_york,0,2010-2011,1,0,0,0,retention
629760647270933,5,1.0,4,4,2,8700,87001,1,1,21,36,35620,47,1.0,1.0,,7,1,40,,2,37,2,,1,1,1,6,2,57,57,57,1,0,0,1.0,7.0,,,,,,,,,,1.0,3.0,0.0,2,,,,,,,,,,,12133.5601,3037.1923,10,5,,,0,0,1594,1,,,,,,,2968.32,8570.0,4430.0,-1,,,,,,,177019.0,2010,604,601,0,0,1,1,0,11.0,15.0,44.0,2010,1.0,4,8,2,8700,87001,1,21,36,35620,47,1.0,1.0,,7,1,41,,2,37,2,,1,1,6,2,57,57,57,1,0,0,1.0,4.0,,,,,,,,7.0,5.0,11.0,3.0,0.0,2,,,,,,,,,,,13906.8422,3114.3902,10,5,,,0,0,29389,1,,,,,,,3340.744,8570.0,4220.0,-1,,,,,,,175219.0,2011,616,601,0,0,1,1,0,11.0,14.0,44.0,2011,MIS4_to_MIS8,new_york,0,2010-2011,1,0,0,0,retention
649150608760933,5,2.0,1,4,2,8700,87001,1,1,21,36,35620,47,1.0,1.0,,7,1,62,2.0,1,44,2,,1,1,1,1,2,324,324,324,4,0,7,2.0,1.0,,40.0,,40.0,,,,,,2.0,3.0,0.0,1,2.0,2.0,2.0,,519.0,1.0,,,,,14941.2424,3681.3201,0,0,1.0,,0,42,63004,1,,,,,,2.0,3665.7745,7860.0,2310.0,-1,,,,,,,177034.0,2010,604,601,0,0,0,0,0,18.0,8.0,40.0,2010,1.0,1,8,2,8700,87001,1,21,36,35620,47,1.0,1.0,,7,1,63,2.0,1,44,2,,1,1,1,2,324,324,324,4,0,7,1.0,1.0,,40.0,,40.0,,,,,,2.0,3.0,0.0,1,2.0,2.0,2.0,,1800.0,2.0,2.0,,,,16444.7301,3393.832,0,0,0.0,,0,0,61500,1,,,,,,2.0,3409.5217,7860.0,2310.0,-1,,,,,,,175232.0,2011,616,601,0,0,0,0,0,18.0,8.0,40.0,2011,MIS4_to_MIS8,new_york,0,2010-2011,1,0,0,0,retention
698330303540933,5,1.0,1,4,2,8700,87001,1,1,21,36,35620,81,1.0,1.0,,7,1,37,2.0,2,43,2,,1,1,1,1,2,421,421,421,4,10,13,1.0,4.0,,,,,,,,35.0,5.0,11.0,3.0,0.0,2,,,,,,,,,,,14574.2521,2851.6795,5,3,,,0,0,40355,1,,,,1.0,1.0,,2872.4513,8370.0,2010.0,-1,,,,,,,177071.0,2010,604,601,1,1,0,0,1,18.0,6.0,43.0,2010,1.0,1,8,2,8700,87001,1,21,36,35620,81,1.0,1.0,,7,1,38,2.0,2,44,2,,1,1,1,2,421,421,421,4,10,13,1.0,4.0,,,,,,,,65.0,5.0,11.0,3.0,0.0,2,,,,,,,,,,,13231.4581,2992.393,11,3,,,0,0,2042,1,,,,,,3.0,3178.5011,8370.0,2010.0,-1,,,,,,,175265.0,2011,616,601,1,1,1,0,1,18.0,6.0,43.0,2011,MIS4_to_MIS8,new_york,0,2010-2011,1,0,0,0,retention
731394829600835,5,1.0,4,4,2,8700,87001,1,1,21,36,35620,47,1.0,1.0,,7,1,37,,2,41,1,,1,1,1,5,2,57,120,120,1,0,0,1.0,1.0,,40.0,,40.0,,,,,,2.0,2.0,0.0,1,2.0,1.0,1.0,3000.0,1634.61,1.0,,,,,13542.4446,3350.9494,3,2,0.0,1.0,0,0,23549,1,,,3.0,,,,3331.3722,9470.0,2150.0,-1,,,,,,,177164.0,2010,604,601,0,0,1,0,0,14.0,7.0,51.0,2010,1.0,4,8,2,8700,87001,1,21,36,35620,47,1.0,1.0,,7,1,38,,2,41,1,,1,1,5,2,57,120,120,1,0,0,1.0,1.0,,40.0,,40.0,,,,,,2.0,2.0,0.0,1,2.0,1.0,1.0,1050.0,1576.92,1.0,,,,,16031.1796,3880.527,10,2,0.0,1.0,0,0,5758,1,,,3.0,,,,3932.0306,9470.0,2160.0,-1,,,,,,,175339.0,2011,616,601,0,0,1,1,0,14.0,7.0,51.0,2011,MIS4_to_MIS8,new_york,0,2010-2011,1,0,0,0,retention
950086982339020,5,1.0,1,4,2,8700,87001,1,1,21,36,35620,47,1.0,1.0,,7,3,60,1.0,2,39,1,,2,1,2,1,2,57,57,57,1,0,0,2.0,1.0,,35.0,,35.0,,,,,,2.0,3.0,0.0,1,2.0,2.0,2.0,,269.0,1.0,,,,,13124.7964,3176.5075,10,2,1.0,,0,0,11108,2,1.0,,,,,,3180.5043,7860.0,4130.0,-1,,,,,,,177296.0,2010,604,601,0,0,1,1,0,12.0,13.0,40.0,2010,2.0,1,8,2,8700,87001,1,21,36,35620,47,1.0,1.0,,7,3,61,1.0,2,39,1,,1,2,1,2,57,57,57,1,0,0,1.0,1.0,,20.0,,20.0,,,22.0,,,7.0,3.0,0.0,1,2.0,2.0,2.0,,384.61,1.0,,,,,14879.1377,3776.1778,10,2,0.0,,0,0,14811,2,1.0,,,,,,3790.5628,7860.0,4130.0,-1,,,,,,,175450.0,2011,616,601,0,0,1,1,0,12.0,13.0,40.0,2011,MIS4_to_MIS8,new_york,0,2010-2011,1,0,0,0,retention
34396469600844,5,1.0,6,4,2,8700,87001,1,1,21,36,40380,0,2.0,1.0,,5,2,64,,1,45,1,,1,0,0,7,2,57,57,57,1,0,0,1.0,1.0,,50.0,,58.0,,,,,,2.0,2.0,0.0,1,2.0,2.0,2.0,,2884.61,2.0,2.0,,,,16408.9209,4036.4618,0,0,0.0,,0,0,34830,1,,,,,,,3996.8347,7870.0,10.0,-1,,,,,,,177392.0,2010,604,601,0,0,0,0,0,18.0,1.0,40.0,2010,1.0,6,8,2,8700,87001,1,21,36,40380,0,2.0,1.0,,5,2,65,,1,46,1,,0,0,7,2,57,57,57,1,0,0,1.0,1.0,,50.0,,59.0,,,,,,2.0,5.0,0.0,1,2.0,2.0,2.0,,2884.61,2.0,2.0,,,,10610.8748,2929.4461,0,0,0.0,,0,0,14857,1,,,,,,,2736.5403,7870.0,10.0,-1,,,,,,,175540.0,2011,616,601,0,0,0,0,0,18.0,1.0,40.0,2011,MIS4_to_MIS8,new_york,0,2010-2011,0,1,0,1,retention
35395519600898,5,2.0,1,4,2,8700,87001,1,1,21,36,10580,0,2.0,1.0,,4,3,53,1.0,2,39,1,,2,1,2,1,2,57,57,120,1,0,0,1.0,1.0,,35.0,,35.0,,,,,,2.0,2.0,0.0,1,2.0,2.0,2.0,,221.0,1.0,,,,,12217.7766,3023.2557,0,0,1.0,,0,0,58649,2,1.0,,,,,,2997.1866,9370.0,530.0,-1,,,,,,,177396.0,2010,604,601,0,0,0,0,0,12.0,2.0,51.0,2010,1.0,1,8,2,8700,87001,1,21,36,10580,0,2.0,1.0,,4,3,54,1.0,2,39,1,,1,2,1,2,57,57,120,1,0,0,2.0,1.0,,38.0,,38.0,,,,,,2.0,2.0,0.0,1,2.0,,1.0,3600.0,1368.0,2.0,2.0,,,,11433.7771,2877.5151,0,0,1.0,1.0,0,42,29586,2,1.0,,,,,,2805.9223,9370.0,530.0,-1,,,,,,,175549.0,2011,616,601,0,0,0,0,0,12.0,2.0,51.0,2011,MIS4_to_MIS8,new_york,0,2010-2011,1,0,0,0,retention
38953360948891,5,2.0,1,4,2,8700,87001,1,1,21,36,35620,103,2.0,1.0,,7,3,56,1.0,1,43,1,,2,1,2,1,2,57,57,57,1,0,0,2.0,1.0,,40.0,,40.0,,,,,,2.0,2.0,0.0,1,2.0,2.0,2.0,,2307.69,2.0,2.0,,,,15112.9614,3726.7661,0,0,0.0,,0,0,58680,2,,,,1.0,1.0,,3720.1639,670.0,1360.0,-1,,,,,,,177398.0,2010,604,601,0,0,0,0,0,18.0,4.0,24.0,2010,1.0,1,8,2,8700,87001,1,21,36,35620,103,2.0,1.0,,7,3,57,1.0,1,43,1,,1,2,1,2,57,57,57,1,0,0,2.0,5.0,,,,,,,,,,1.0,4.0,0.0,2,,,,,,,,,,,11212.3028,2795.2797,0,0,,,0,0,5829,2,,,,1.0,1.0,,2874.7607,670.0,1360.0,-1,,,,,,,175551.0,2011,616,601,0,0,0,0,0,18.0,4.0,24.0,2011,MIS4_to_MIS8,new_york,0,2010-2011,0,1,0,1,retention
46923360970194,5,1.0,1,4,2,8700,87001,1,1,21,36,15380,0,2.0,1.0,,5,4,25,,2,43,1,,3,1,3,7,2,57,57,57,1,0,0,2.0,1.0,,40.0,,40.0,,,,,,2.0,3.0,0.0,1,2.0,2.0,2.0,,1500.0,1.0,,,,,12859.5726,3222.217,0,0,1.0,,0,0,40215,3,,,,1.0,1.0,,3200.4057,7860.0,2310.0,-1,,,,,1.0,1.0,177413.0,2010,604,601,0,0,0,0,0,18.0,8.0,40.0,2010,4.0,1,8,2,8700,87001,1,21,36,15380,0,2.0,1.0,,5,4,26,,2,44,1,,1,3,7,2,57,57,57,1,0,0,2.0,1.0,,25.0,,25.0,,,15.0,,,6.0,4.0,0.0,1,1.0,,1.0,1000.0,260.0,2.0,2.0,,,,13027.4687,3345.681,0,0,0.0,0.0,0,0,32640,3,,,,,,2.0,3310.488,8680.0,4030.0,-1,,,,,1.0,1.0,175563.0,2011,616,601,0,0,0,0,0,18.0,13.0,46.0,2011,MIS4_to_MIS8,new_york,0,2010-2011,0,1,0,1,retention
363629093906893,5,1.0,7,4,2,8700,87001,1,1,21,36,35620,103,2.0,1.0,,7,2,34,,2,44,1,,1,0,0,7,2,57,57,57,1,0,0,1.0,2.0,5.0,40.0,,,,,,,,5.0,3.0,0.0,1,2.0,2.0,2.0,,1711.0,1.0,,,,,11331.0276,2837.2914,0,0,1.0,,0,0,23810,1,,,,,,2.0,2819.9915,7860.0,2310.0,-1,,,,,,,177580.0,2010,604,601,0,0,0,0,0,18.0,8.0,40.0,2010,1.0,7,8,2,8700,87001,1,21,36,35620,103,2.0,1.0,,7,2,35,,2,44,1,,0,0,7,2,57,57,57,1,0,0,1.0,1.0,,40.0,,40.0,,,,,,2.0,3.0,0.0,1,2.0,2.0,2.0,,1307.69,1.0,,,,,13244.4407,3300.3967,0,0,0.0,,0,0,15191,1,,,,,,2.0,3248.5161,7860.0,2310.0,-1,,,,,,,175704.0,2011,616,601,0,0,0,0,0,18.0,8.0,40.0,2011,MIS4_to_MIS8,new_york,0,2010-2011,1,0,0,0,retention
393913806051655,5,2.0,1,4,2,8700,87001,1,1,21,36,35620,59,2.0,1.0,,7,1,31,2.0,2,46,1,,1,1,1,1,2,57,57,116,1,0,0,2.0,1.0,,30.0,,45.0,,,,,,2.0,3.0,0.0,1,2.0,2.0,2.0,,1476.92,1.0,,,,,11331.0276,2837.2914,5,2,0.0,,0,0,11189,1,,,,,,,2819.9915,7860.0,3160.0,3160,,,,,,,177590.0,2010,604,601,1,1,0,0,1,18.0,10.0,40.0,2010,1.0,1,8,2,8700,87001,1,21,36,35620,59,2.0,1.0,,7,1,33,2.0,2,46,1,,1,1,1,2,57,57,116,1,0,0,1.0,1.0,,40.0,,40.0,,,,,,2.0,3.0,0.0,1,2.0,2.0,2.0,,488.0,1.0,,,,,11908.8249,3055.5464,2,2,1.0,,0,0,59463,1,,,,,,,3026.2227,7860.0,3160.0,-1,,,,,,,175713.0,2011,616,601,0,1,0,0,1,18.0,10.0,40.0,2011,MIS4_to_MIS8,new_york,0,2010-2011,1,0,0,0,retention
394933704067606,5,2.0,1,4,2,8700,87001,1,1,21,36,35620,59,2.0,1.0,,7,1,44,2.0,2,39,2,,1,1,1,1,2,57,57,57,1,0,0,2.0,1.0,,40.0,,40.0,,,,,,2.0,3.0,0.0,1,2.0,,1.0,1000.0,400.0,2.0,2.0,,,,12623.0407,3193.8186,4,1,1.0,1.0,0,42,40288,1,1.0,,,,,,3207.3977,8370.0,5930.0,-1,,,,,,,177616.0,2010,604,601,0,0,0,1,0,12.0,17.0,43.0,2010,2.0,1,8,2,8700,87001,1,21,36,35620,59,2.0,1.0,,7,1,45,2.0,2,39,2,,1,1,1,2,57,57,57,1,0,0,2.0,1.0,,40.0,,40.0,,,,,,2.0,4.0,0.0,1,2.0,,1.0,4086.0,1634.4,2.0,2.0,,,,10710.8792,2799.0728,4,1,1.0,1.0,0,0,66900,1,1.0,,,,,,2750.6364,8190.0,2016.0,-1,,,,,,,175735.0,2011,616,601,0,0,0,1,0,12.0,6.0,41.0,2011,MIS4_to_MIS8,new_york,0,2010-2011,0,1,0,1,retention
396923503006628,5,1.0,4,4,2,8700,87001,1,1,21,36,40380,55,2.0,1.0,,5,1,41,,2,44,1,,1,1,1,7,2,57,57,57,1,0,0,1.0,1.0,,55.0,,55.0,,,,,,2.0,3.0,0.0,1,2.0,2.0,2.0,,1450.0,1.0,,,,,11860.1011,2938.3523,4,1,0.0,,0,0,1657,1,,,,,,2.0,2917.5243,7860.0,2310.0,-1,,,,,,,177632.0,2010,604,601,0,0,0,1,0,18.0,8.0,40.0,2010,1.0,4,8,2,8700,87001,1,21,36,40380,55,2.0,1.0,,5,1,42,,2,44,1,,1,1,7,2,57,57,57,1,0,0,1.0,1.0,,50.0,,50.0,,,,,,2.0,3.0,0.0,1,2.0,2.0,2.0,,1395.34,1.0,,,,,12235.477,3022.2426,4,1,0.0,,0,0,64107,1,,,,,,2.0,3001.0436,7860.0,2310.0,-1,,,,,,,175748.0,2011,616,601,0,0,0,1,0,18.0,8.0,40.0,2011,MIS4_to_MIS8,new_york,0,2010-2011,1,0,0,0,retention
436390479600836,5,1.0,4,4,2,8700,87001,1,1,21,36,35620,119,2.0,1.0,,7,4,22,,1,42,1,,3,1,3,7,2,57,57,57,1,0,0,2.0,7.0,,,,,,,,,,1.0,3.0,0.0,2,,,,,,,,1.0,1.0,2.0,16927.1062,3900.1647,0,0,,,0,0,1895,3,,,3.0,,,,4127.7289,8570.0,4250.0,-1,,,,,1.0,,177662.0,2010,604,601,0,0,0,0,0,14.0,14.0,44.0,2010,1.0,4,8,2,8700,87001,1,21,36,35620,119,2.0,1.0,,7,4,23,,1,42,1,,1,3,7,2,57,57,57,1,0,0,2.0,7.0,,,,,,8.0,,,,1.0,3.0,0.0,2,,,,,,,,1.0,1.0,2.0,22649.9262,4827.3448,0,0,,,0,0,49080,3,,,4.0,,,,5047.5285,9390.0,4250.0,-1,,,,,1.0,,175774.0,2011,616,601,0,0,0,0,0,15.0,14.0,51.0,2011,MIS4_to_MIS8,new_york,0,2010-2011,1,0,0,0,retention
463306073906794,5,1.0,1,4,2,8700,87001,1,1,21,36,35620,59,2.0,1.0,,7,1,47,2.0,2,45,1,,1,1,1,1,2,57,57,57,1,0,0,1.0,4.0,,,,,,,,20.0,2.0,11.0,3.0,0.0,2,,,,,,,,,,,12609.0103,3184.4861,4,1,,,0,0,11192,1,,,,,,,3184.9461,7860.0,2330.0,-1,,,,,,,177667.0,2010,604,601,0,0,0,1,0,18.0,8.0,40.0,2010,5.0,1,8,2,8700,87001,1,21,36,35620,59,2.0,1.0,,7,1,48,2.0,2,45,1,,1,1,1,2,57,57,57,1,0,0,2.0,1.0,,40.0,,45.0,,,,,,2.0,3.0,0.0,1,2.0,2.0,2.0,,1384.0,1.0,,,,,12426.0111,3068.9566,4,1,1.0,,0,42,71073,1,,,,,,,3049.4229,7860.0,2330.0,2340,,,,,,,175779.0,2011,616,601,0,0,0,1,0,18.0,8.0,40.0,2011,MIS4_to_MIS8,new_york,0,2010-2011,1,0,0,0,retention
679250365300933,5,1.0,4,4,2,8700,87001,1,1,21,36,35620,59,2.0,1.0,,7,4,18,,1,37,1,,2,1,3,7,2,57,57,57,1,0,0,2.0,7.0,,,,,,,,,,1.0,3.0,0.0,2,,,,,,,,1.0,1.0,1.0,14263.8018,3521.5083,0,0,,,0,0,40289,2,,,,,,,3598.7031,9480.0,3910.0,-1,,,,,1.0,,177751.0,2010,604,601,0,0,0,0,0,11.0,12.0,51.0,2010,1.0,4,8,2,8700,87001,1,21,36,35620,59,2.0,1.0,,7,4,19,,1,40,1,,1,3,7,2,57,57,57,1,0,0,2.0,7.0,,,,,,8.0,,,,1.0,4.0,0.0,2,,,,,,,,1.0,1.0,2.0,15827.1448,3811.6045,0,0,,,0,0,14907,2,,,1.0,,,,3947.6592,8680.0,4060.0,-1,,,,,1.0,,175856.0,2011,616,601,0,0,0,0,0,12.0,13.0,46.0,2011,MIS4_to_MIS8,new_york,0,2010-2011,0,1,0,1,retention
679440219600933,5,1.0,1,4,2,8700,87001,1,1,21,36,15380,0,2.0,1.0,,5,4,32,,2,44,1,,3,1,3,7,2,57,57,57,1,0,0,2.0,1.0,,40.0,,40.0,,,,,,2.0,3.0,0.0,1,2.0,2.0,2.0,,1500.0,1.0,,,,,10976.0914,2748.4153,0,0,1.0,,0,0,45721,3,,,,,,2.0,2731.6573,7860.0,2310.0,-1,,,,,1.0,1.0,177760.0,2010,604,601,0,0,0,0,0,18.0,8.0,40.0,2010,1.0,1,8,2,8700,87001,1,21,36,15380,0,2.0,1.0,,5,4,33,,2,44,1,,1,3,7,2,57,57,57,1,0,0,2.0,1.0,,40.0,,40.0,,,,,,2.0,3.0,0.0,1,2.0,2.0,2.0,,488.37,2.0,2.0,,,,11532.0964,2958.886,0,0,0.0,,0,0,40508,3,,,,,,2.0,2930.49,7860.0,2310.0,-1,,,,,1.0,1.0,175867.0,2011,616,601,0,0,0,0,0,18.0,8.0,40.0,2011,MIS4_to_MIS8,new_york,0,2010-2011,1,0,0,0,retention
703900343696746,5,3.0,1,4,2,8700,87001,1,1,21,36,35620,59,2.0,1.0,,7,4,24,,2,43,1,4.0,3,1,3,7,2,57,312,312,1,0,0,3.0,1.0,,40.0,,40.0,,,,,,2.0,3.0,0.0,1,2.0,,1.0,1550.0,620.0,1.0,,2.0,,,12248.6248,2939.5465,0,0,1.0,1.0,0,42,58577,3,,,,2.0,,,2942.8685,9370.0,5400.0,-1,,,,,1.0,1.0,177801.0,2010,604,601,0,0,0,0,0,16.0,17.0,51.0,2010,4.0,1,8,2,8700,87001,1,21,36,35620,59,2.0,1.0,,7,4,25,,2,43,1,4.0,1,3,7,2,57,312,312,1,0,0,2.0,7.0,,,,,,,,,,1.0,,,2,,,,,,,,,,,11403.605,2836.971,0,0,,,0,0,71074,3,,,,2.0,,,2896.8231,,,-1,,,,,1.0,1.0,175903.0,2011,616,601,0,0,0,0,0,16.0,,,2011,MIS4_to_MIS8,new_york,0,2010-2011,0,1,0,0,retention
803902633699936,5,1.0,4,4,2,8700,87001,1,1,21,36,35620,103,2.0,1.0,,7,1,48,,2,42,1,,1,1,1,5,2,57,139,139,1,0,0,1.0,1.0,,40.0,,40.0,,,,,,2.0,2.0,0.0,1,2.0,,1.0,3000.0,1200.0,1.0,,,,,13070.0067,3184.4861,0,0,1.0,1.0,0,0,63117,1,,,3.0,,,,3206.2503,8190.0,3130.0,-1,,,,,,,177858.0,2010,604,601,0,0,0,0,0,14.0,10.0,41.0,2010,1.0,4,8,2,8700,87001,1,21,36,35620,103,2.0,1.0,,7,1,49,,2,42,1,,1,1,5,2,57,139,139,1,0,0,1.0,1.0,,40.0,,40.0,,,,,,2.0,2.0,0.0,1,1.0,1.0,1.0,1100.0,769.0,1.0,,,,,12426.0111,3068.9566,0,0,1.0,1.0,0,0,49047,1,,,3.0,,,,3049.4229,8190.0,3255.0,-1,,,,,,,175967.0,2011,616,601,0,0,0,0,0,14.0,10.0,41.0,2011,MIS4_to_MIS8,new_york,0,2010-2011,1,0,0,0,retention
925026918339600,5,2.0,1,4,2,8700,87001,1,1,21,36,35620,59,2.0,1.0,,7,4,22,,2,40,1,,4,1,3,7,2,57,57,57,1,0,0,2.0,1.0,,40.0,,40.0,,,,,,2.0,3.0,0.0,1,2.0,,1.0,1500.0,600.0,1.0,,2.0,,,13462.4235,3257.7936,0,0,1.0,1.0,0,42,66385,4,,,3.0,,,,3234.4972,9370.0,5860.0,-1,,,,,2.0,1.0,177892.0,2010,604,601,0,0,0,0,0,14.0,17.0,51.0,2010,1.0,1,8,2,8700,87001,1,21,36,35620,59,2.0,1.0,,7,4,23,,2,40,1,,1,3,7,2,57,57,57,1,0,0,2.0,1.0,,38.0,,38.0,,,,,,2.0,4.0,0.0,1,2.0,,1.0,800.0,304.0,2.0,2.0,2.0,,,15851.9797,3964.7212,0,0,1.0,1.0,0,42,66901,4,,,3.0,,,,3945.8954,7270.0,2145.0,-1,,,,,2.0,1.0,176013.0,2011,616,601,0,0,0,0,0,14.0,7.0,36.0,2011,MIS4_to_MIS8,new_york,0,2010-2011,0,1,0,1,retention
944006433339760,5,1.0,3,4,2,8700,87001,1,1,21,36,35620,59,2.0,1.0,,7,1,52,,1,44,1,,1,1,1,5,2,57,57,57,1,0,0,1.0,1.0,,-4.0,,80.0,,,,,,2.0,3.0,0.0,1,2.0,2.0,2.0,,2500.0,1.0,,,,,13762.3882,3430.9013,4,1,0.0,,0,0,11187,1,,,,,,3.0,3442.8599,7860.0,2320.0,2750,,,,,,,177911.0,2010,604,601,0,0,0,1,0,18.0,8.0,40.0,2010,1.0,3,8,2,8700,87001,1,21,36,35620,59,2.0,1.0,,7,1,53,,1,44,1,,1,1,5,2,57,57,57,1,0,0,1.0,1.0,,40.0,,56.0,,,,,,2.0,3.0,0.0,1,2.0,2.0,2.0,,2788.46,1.0,,,,,12409.1993,3118.1862,4,1,0.0,,0,0,5780,1,,,,,,3.0,3083.4369,7860.0,2310.0,2750,,,,,,,176031.0,2011,616,601,0,0,0,1,0,18.0,8.0,40.0,2011,MIS4_to_MIS8,new_york,0,2010-2011,1,0,0,0,retention
23993360997892,5,2.0,3,4,2,8700,87001,1,1,21,36,0,0,3.0,2.0,,0,4,25,,1,44,1,,2,1,3,7,2,57,57,57,1,0,0,1.0,1.0,,40.0,,40.0,,,,,,2.0,3.0,0.0,1,2.0,2.0,2.0,,884.61,1.0,,,,,14619.3319,3667.1108,0,0,0.0,,0,0,11045,2,,,,,,2.0,3627.8869,7860.0,2320.0,-1,,,,,,1.0,178007.0,2010,604,601,0,0,0,0,0,18.0,8.0,40.0,2010,1.0,3,8,2,8700,87001,1,21,36,0,0,3.0,2.0,,0,4,26,,1,44,1,,1,3,7,2,57,57,57,1,0,0,2.0,1.0,,40.0,,40.0,,,,,,2.0,3.0,0.0,1,2.0,2.0,2.0,,1250.0,1.0,,,,,15600.9999,3922.6178,0,0,0.0,,0,0,14760,2,,,,,,2.0,3884.8872,7860.0,2310.0,-1,,,,,,1.0,176134.0,2011,616,601,0,0,0,0,0,18.0,8.0,40.0,2011,MIS4_to_MIS8,new_york,0,2010-2011,1,0,0,0,retention
699440792870633,5,1.0,7,4,2,8700,87001,1,1,21,36,0,0,3.0,2.0,,0,2,62,,2,44,1,,1,0,0,7,2,57,57,57,1,0,0,1.0,5.0,,,,,,,,,,1.0,3.0,0.0,2,,,,,,,,,,,12719.2126,3153.822,0,0,,,0,0,23722,1,,,,,,1.0,3214.1374,7860.0,2430.0,-1,,,,,,,178051.0,2010,604,601,0,0,0,0,0,17.0,8.0,40.0,2010,1.0,7,8,2,8700,87001,1,21,36,0,0,3.0,2.0,,0,2,63,,2,44,1,,0,0,7,2,57,57,57,1,0,0,1.0,5.0,,,,,,,,,,1.0,,,2,,,,,,,,,,,11753.1357,2827.2406,0,0,,,0,0,15062,1,,,,,,1.0,2937.0511,,,-1,,,,,,,176184.0,2011,616,601,0,0,0,0,0,17.0,,,2011,MIS4_to_MIS8,new_york,0,2010-2011,0,1,0,0,retention
870964097833029,5,1.0,1,4,2,8700,87001,1,1,21,36,0,0,3.0,2.0,,0,1,75,2.0,1,39,1,,1,1,1,1,2,57,57,57,1,0,0,1.0,2.0,4.0,-4.0,,,,,,,,10.0,3.0,0.0,1,2.0,2.0,2.0,,288.46,2.0,2.0,,,,14458.5803,3470.873,0,0,0.0,,0,0,34816,1,1.0,,,,,,3456.5734,9370.0,5000.0,-1,5.0,,,,,,178080.0,2010,604,601,0,0,0,0,0,12.0,17.0,51.0,2010,1.0,1,8,2,8700,87001,1,21,36,0,0,3.0,2.0,,0,1,74,2.0,1,39,1,,1,1,1,2,57,57,57,1,0,0,1.0,1.0,,-4.0,,20.0,,,22.0,,,7.0,3.0,0.0,1,2.0,2.0,2.0,,288.46,2.0,2.0,,,,9753.8627,2692.8426,0,0,0.0,,0,0,5741,1,1.0,,,,,,2515.5172,9370.0,430.0,-1,5.0,,,,,,176207.0,2011,616,601,0,0,0,0,0,12.0,1.0,51.0,2011,MIS4_to_MIS8,new_york,0,2010-2011,1,0,0,0,retention
929056930339440,5,1.0,1,4,2,8700,87001,1,1,21,36,0,0,3.0,2.0,,0,3,50,1.0,2,44,1,,2,1,2,1,2,57,57,57,1,0,0,2.0,1.0,,40.0,,40.0,,,,,,2.0,2.0,0.0,1,2.0,2.0,2.0,,2884.61,1.0,,,,,12334.9081,3052.2395,2,1,0.0,,0,0,23870,2,,,,,,2.0,3025.9206,7860.0,2320.0,-1,3.0,,,,,,178097.0,2010,604,601,0,1,0,0,1,18.0,8.0,40.0,2010,1.0,1,8,2,8700,87001,1,21,36,0,0,3.0,2.0,,0,3,51,1.0,2,44,1,,1,2,1,2,57,57,57,1,0,0,2.0,1.0,,40.0,,40.0,,,,,,2.0,2.0,0.0,1,2.0,2.0,2.0,,1307.0,1.0,,,,,11185.617,2815.0611,2,1,1.0,,0,0,29688,2,,,,,,2.0,2745.0222,7860.0,2320.0,-1,3.0,,,,,,176226.0,2011,616,601,0,1,0,0,1,18.0,8.0,40.0,2011,MIS4_to_MIS8,new_york,0,2010-2011,1,0,0,0,retention
946399430259300,5,2.0,1,4,2,8700,87001,1,1,21,36,0,0,3.0,2.0,,0,1,41,2.0,1,44,1,,1,1,1,1,2,57,57,57,1,0,0,2.0,2.0,5.0,38.0,,,,,,,,5.0,2.0,0.0,1,2.0,2.0,2.0,,884.0,1.0,,,,,11995.2051,3082.1901,0,0,0.0,,0,0,11496,1,,,,,,1.0,3057.2521,7860.0,560.0,-1,,,,,,,178106.0,2010,604,601,0,0,0,0,0,17.0,2.0,40.0,2010,2.0,1,8,2,8700,87001,1,21,36,0,0,3.0,2.0,,0,1,42,2.0,1,44,1,,1,1,1,2,57,57,57,1,0,0,2.0,1.0,,40.0,,40.0,,,,,,2.0,2.0,0.0,1,2.0,2.0,2.0,,1288.0,1.0,,,,,13688.0286,3508.2929,0,0,1.0,,0,0,15309,1,,,,,,1.0,3481.3414,7860.0,230.0,-1,,,,,,,176234.0,2011,616,601,0,0,0,0,0,17.0,1.0,40.0,2011,MIS4_to_MIS8,new_york,0,2010-2011,1,0,0,0,retention
946399430259300,5,2.0,1,4,2,8700,87001,1,1,21,36,0,0,3.0,2.0,,0,3,41,1.0,2,44,1,,2,1,2,1,2,57,57,57,1,0,0,1.0,1.0,,38.0,,38.0,,,,,,2.0,2.0,0.0,1,2.0,2.0,2.0,,955.0,1.0,,,,,11973.8036,2966.5222,0,0,0.0,,0,0,11496,2,,,,,,1.0,2945.4946,7860.0,2000.0,-1,,,,,,,178107.0,2010,604,601,0,0,0,0,0,17.0,6.0,40.0,2010,2.0,1,8,2,8700,87001,1,21,36,0,0,3.0,2.0,,0,3,42,1.0,2,44,1,,1,2,1,2,57,57,57,1,0,0,1.0,1.0,,40.0,,40.0,,,,,,2.0,2.0,0.0,1,2.0,2.0,2.0,,1307.0,1.0,,,,,11969.9167,2956.6474,0,0,1.0,,0,0,15309,2,,,,,,1.0,2935.9086,7860.0,2000.0,-1,,,,,,,176235.0,2011,616,601,0,0,0,0,0,17.0,6.0,40.0,2011,MIS4_to_MIS8,new_york,0,2010-2011,1,0,0,0,retention
986729230939309,5,2.0,1,4,2,8700,87001,1,1,21,36,0,0,3.0,2.0,,0,1,62,2.0,1,40,1,,1,1,1,1,2,57,57,57,1,0,0,2.0,1.0,,38.0,,38.0,,,,,,2.0,2.0,0.0,1,2.0,2.0,2.0,,1538.46,1.0,,,,,13077.1333,3216.869,0,0,0.0,,0,0,11046,1,,,1.0,,,,3185.2881,9570.0,3910.0,-1,4.0,,,,,,178135.0,2010,604,601,0,0,0,0,0,12.0,12.0,51.0,2010,2.0,1,8,2,8700,87001,1,21,36,0,0,3.0,2.0,,0,1,63,2.0,1,40,1,,1,1,1,2,57,57,57,1,0,0,2.0,1.0,,38.0,,38.0,,,,,,2.0,2.0,0.0,1,2.0,2.0,2.0,,1769.23,1.0,,,,,10637.8326,2825.6623,0,0,0.0,,0,0,55838,1,,,3.0,,,,2710.5023,9370.0,3910.0,-1,4.0,,,,,,176267.0,2011,616,601,0,0,0,0,0,14.0,12.0,51.0,2011,MIS4_to_MIS8,new_york,0,2010-2011,1,0,0,0,retention
986729230939309,5,2.0,1,4,2,8700,87001,1,1,21,36,0,0,3.0,2.0,,0,3,55,1.0,2,40,1,,2,1,2,1,2,57,57,57,1,0,0,1.0,1.0,,38.0,,38.0,,,,,,2.0,2.0,0.0,1,2.0,,1.0,2400.0,912.0,1.0,,,,,12327.5046,3063.6985,0,0,0.0,0.0,0,0,11046,2,,,1.0,,,,3050.4957,9480.0,3650.0,-1,,,,,,,178136.0,2010,604,601,0,0,0,0,0,12.0,11.0,51.0,2010,2.0,1,8,2,8700,87001,1,21,36,0,0,3.0,2.0,,0,3,56,1.0,2,40,1,,1,2,1,2,57,57,57,1,0,0,1.0,1.0,,38.0,,38.0,,,,,,2.0,2.0,0.0,1,2.0,2.0,2.0,,1153.84,1.0,,,,,10924.8902,2753.409,0,0,0.0,,0,0,55838,2,,,4.0,,,,2680.9875,9480.0,3645.0,-1,,,,,,,176268.0,2011,616,601,0,0,0,0,0,15.0,11.0,51.0,2011,MIS4_to_MIS8,new_york,0,2010-2011,1,0,0,0,retention
9663360992196,5,3.0,4,4,2,8700,87001,1,1,21,36,13780,0,,1.0,,3,1,49,,2,39,1,,1,1,1,5,2,57,57,57,1,0,0,1.0,1.0,,37.0,,48.0,,,,,,2.0,3.0,0.0,1,2.0,,1.0,836.0,309.32,1.0,,,,,12660.5982,3084.7343,4,1,0.0,0.0,0,0,40184,1,1.0,,,,,,3105.8168,7860.0,2540.0,4610,,,,,,,178151.0,2010,604,601,0,0,0,1,0,12.0,8.0,40.0,2010,1.0,4,8,2,8700,87001,1,21,36,13780,0,,1.0,,3,1,50,,2,39,1,,1,1,5,2,57,57,57,1,0,0,1.0,1.0,,37.0,,48.0,,,,,,2.0,3.0,0.0,1,2.0,,1.0,836.0,309.32,1.0,,,,,11433.7771,2877.5151,4,1,0.0,0.0,0,0,1803,1,1.0,,,,,,2805.9223,7860.0,2540.0,4610,,,,,,,176281.0,2011,616,601,0,0,0,1,0,12.0,8.0,40.0,2011,MIS4_to_MIS8,new_york,0,2010-2011,1,0,0,0,retention
340965093933929,5,1.0,1,4,2,8700,87001,1,1,21,36,46540,0,,1.0,,3,1,39,2.0,2,42,1,,1,1,1,1,2,57,57,57,1,0,0,2.0,1.0,,40.0,,40.0,,,,,,2.0,2.0,0.0,1,2.0,,1.0,1150.0,460.0,1.0,,,,,12692.6731,3174.5518,2,1,1.0,1.0,0,0,63047,1,,,4.0,,,,3122.3328,9480.0,5820.0,-1,,,,,,,178170.0,2010,604,601,0,1,0,0,1,15.0,17.0,51.0,2010,1.0,1,8,2,8700,87001,1,21,36,46540,0,,1.0,,3,1,39,2.0,2,42,1,,1,1,1,2,57,57,57,1,0,0,2.0,1.0,,38.0,,38.0,,,,,,2.0,2.0,0.0,1,2.0,2.0,2.0,,692.0,1.0,,,,,12825.4608,3195.9906,2,1,1.0,,0,0,48955,1,,,3.0,,,,3145.7513,9480.0,5400.0,-1,,,,,,,176293.0,2011,616,601,0,1,0,0,1,14.0,17.0,51.0,2011,MIS4_to_MIS8,new_york,0,2010-2011,1,0,0,0,retention
936799030909303,5,2.0,3,4,2,8700,87001,1,1,21,36,28740,111,,1.0,,2,1,52,,1,43,1,,1,1,1,5,2,57,57,57,1,0,0,1.0,1.0,,40.0,,40.0,,,,,,2.0,3.0,0.0,1,2.0,,1.0,3200.0,1280.0,1.0,,,,,13813.8298,3443.7254,4,1,0.0,0.0,0,0,52629,1,,,,2.0,,,3455.7287,9470.0,5000.0,-1,,,,,,,178235.0,2010,604,601,0,0,0,1,0,16.0,17.0,51.0,2010,1.0,3,8,2,8700,87001,1,21,36,28740,111,,1.0,,2,1,53,,1,43,1,,1,1,5,2,57,57,57,1,0,0,1.0,1.0,,40.0,,40.0,,,,,,2.0,3.0,0.0,1,2.0,1.0,1.0,2815.0,1288.46,1.0,,,,,12455.5829,3129.8415,0,0,0.0,0.0,0,0,40753,1,,,,2.0,,,3094.9623,9470.0,20.0,-1,,,,,,,176364.0,2011,616,601,0,0,0,0,0,16.0,1.0,51.0,2011,MIS4_to_MIS8,new_york,0,2010-2011,1,0,0,0,retention
497983707096296,5,1.0,4,4,2,8700,87001,1,1,23,42,37980,101,1.0,1.0,,7,1,37,,2,41,2,,1,1,1,7,2,57,57,57,1,0,0,,1.0,,40.0,,40.0,,,,,,2.0,3.0,0.0,1,2.0,,1.0,1400.0,560.0,2.0,2.0,,,,12732.7472,3197.9706,3,1,1.0,1.0,41,41,46323,1,,,3.0,,,,3235.2731,9370.0,5260.0,-1,,,,,,,181577.0,2010,604,601,0,0,1,0,0,14.0,17.0,51.0,2010,1.0,4,8,2,8700,87001,1,23,42,37980,101,1.0,1.0,,7,1,38,,2,42,2,,1,1,7,2,57,57,57,1,0,0,1.0,1.0,,40.0,,40.0,,,,,,2.0,4.0,0.0,1,2.0,,1.0,1400.0,560.0,2.0,2.0,,,,20951.3934,4841.3374,4,1,1.0,1.0,0,42,49483,1,,,3.0,,,,5008.6788,4470.0,5860.0,-1,,,,,,,179645.0,2011,616,601,0,0,0,1,0,14.0,17.0,21.0,2011,MIS4_to_MIS8,pennsylvania,0,2010-2011,0,1,0,1,retention
534494439200845,5,2.0,4,4,2,8700,87001,1,1,23,42,37980,101,1.0,1.0,,7,4,37,,2,39,1,,2,2,1,7,2,57,57,57,1,0,0,1.0,1.0,,38.0,8.0,32.0,,,8.0,,,4.0,2.0,0.0,1,2.0,,1.0,1089.0,413.82,2.0,2.0,,,,15240.0359,3733.1599,3,2,0.0,0.0,0,0,12446,2,1.0,,,,,,3748.971,9370.0,5120.0,-1,,,,,1.0,,181594.0,2010,604,601,0,0,1,0,0,12.0,17.0,51.0,2010,2.0,4,8,2,8700,87001,1,23,42,37980,101,1.0,1.0,,7,4,38,,2,39,1,,2,1,7,2,57,57,57,1,0,0,1.0,1.0,,38.0,,38.0,,,,,,2.0,2.0,0.0,1,2.0,,1.0,1167.0,443.46,2.0,2.0,,,,16166.7975,3896.7706,3,2,0.0,0.0,0,0,30500,2,1.0,,,,,,3965.2941,8370.0,2025.0,-1,,,,,1.0,,179667.0,2011,616,601,0,0,1,0,0,12.0,6.0,43.0,2011,MIS4_to_MIS8,pennsylvania,0,2010-2011,1,0,0,0,retention
919092985439620,5,2.0,1,4,2,8700,87001,1,1,23,42,38300,3,1.0,1.0,,5,1,27,2.0,2,43,1,,1,1,1,1,2,57,57,57,1,0,0,1.0,1.0,,40.0,4.0,16.0,,,4.0,,,4.0,3.0,0.0,1,2.0,,1.0,1440.0,576.0,1.0,,,,,14308.019,3511.309,0,0,0.0,0.0,0,0,60273,1,,,,2.0,,,3560.8855,8370.0,2010.0,-1,,,,,,,181640.0,2010,604,601,0,0,0,0,0,16.0,6.0,43.0,2010,2.0,1,8,2,8700,87001,1,23,42,38300,3,1.0,1.0,,5,1,28,2.0,2,40,1,,1,1,1,2,57,57,57,1,0,0,2.0,1.0,,40.0,,40.0,,,,,,2.0,3.0,0.0,1,1.0,,1.0,1400.0,581.0,2.0,2.0,,,,15193.3467,3774.2117,0,0,0.0,0.0,0,0,41211,1,,,2.0,,,,3860.8722,8370.0,2010.0,-1,,,,,,,179701.0,2011,616,601,0,0,0,0,0,13.0,6.0,43.0,2011,MIS4_to_MIS8,pennsylvania,0,2010-2011,1,0,0,0,retention
982009530659409,5,1.0,7,4,2,8700,87001,1,1,23,42,10900,0,1.0,1.0,,4,2,61,,2,37,2,,1,0,0,7,2,57,57,57,1,0,0,1.0,1.0,,40.0,,40.0,,,,,,2.0,3.0,0.0,1,2.0,,1.0,958.0,383.2,1.0,,,,,9453.4634,2642.4302,0,0,1.0,1.0,0,0,24544,1,,,,,,,2652.9641,7860.0,4220.0,-1,,,,,,,181667.0,2010,604,601,0,0,0,0,0,11.0,14.0,40.0,2010,1.0,7,8,2,8700,87001,1,23,42,10900,0,1.0,1.0,,4,2,62,,2,37,2,,0,0,7,2,57,57,57,1,0,0,1.0,1.0,,40.0,,40.0,,,,,,2.0,3.0,0.0,1,2.0,,1.0,2100.0,840.0,1.0,,,,,13554.9566,3827.2426,0,0,0.0,0.0,0,0,30478,1,,,,,,,3888.2723,7860.0,4220.0,-1,,,,,,,179722.0,2011,616,601,0,0,0,0,0,11.0,14.0,40.0,2011,MIS4_to_MIS8,pennsylvania,0,2010-2011,1,0,0,0,retention
124247053906798,5,2.0,1,4,2,8700,87001,1,1,23,42,37980,45,2.0,1.0,,7,8,45,,1,41,2,,2,1,4,3,2,57,57,57,1,0,0,1.0,1.0,,40.0,,40.0,,,,,,2.0,3.0,0.0,1,2.0,,1.0,1560.0,624.0,1.0,,,,,9864.5059,2410.5678,0,0,1.0,1.0,0,42,66632,2,,,3.0,,,,2424.7207,7860.0,230.0,-1,,,,,,,181743.0,2010,604,601,0,0,0,0,0,14.0,1.0,40.0,2010,3.0,1,8,2,8700,87001,1,23,42,37980,45,2.0,1.0,,7,8,46,,1,42,2,,1,4,3,2,57,57,57,1,0,0,2.0,1.0,,40.0,,40.0,,,,,,2.0,4.0,0.0,1,2.0,2.0,2.0,,673.0,1.0,,,,,10515.373,2551.6859,0,0,1.0,,0,0,41291,2,,,3.0,,,,2574.3923,3960.0,8965.0,-1,,,,,,,179791.0,2011,616,601,0,0,0,0,0,14.0,21.0,13.0,2011,MIS4_to_MIS8,pennsylvania,0,2010-2011,0,1,0,1,retention
340209991316980,5,3.0,1,4,2,8700,87001,1,1,23,42,37980,91,2.0,1.0,,7,1,56,2.0,2,44,1,,1,1,1,1,2,57,57,57,1,0,0,1.0,1.0,,60.0,,60.0,,,,,,2.0,3.0,0.0,1,2.0,2.0,2.0,,1000.0,1.0,,,,,12237.824,2978.7657,0,0,1.0,,0,42,63359,1,,,,,,2.0,3028.3038,7860.0,2330.0,-1,,,,,,,181889.0,2010,604,601,0,0,0,0,0,18.0,8.0,40.0,2010,2.0,1,8,2,8700,87001,1,23,42,37980,91,2.0,1.0,,7,1,58,2.0,2,44,1,,1,1,1,2,57,57,57,1,0,0,2.0,1.0,,60.0,,60.0,,,,,,2.0,3.0,0.0,1,2.0,2.0,2.0,,1788.46,1.0,,,,,12398.2277,3022.4671,0,0,0.0,,0,0,41355,1,,,,,,2.0,3042.5472,7860.0,2310.0,-1,,,,,,,179915.0,2011,616,601,0,0,0,0,0,18.0,8.0,40.0,2011,MIS4_to_MIS8,pennsylvania,0,2010-2011,1,0,0,0,retention
340209991316980,5,3.0,1,4,2,8700,87001,1,1,23,42,37980,91,2.0,1.0,,7,3,59,1.0,1,46,1,,2,1,2,1,2,57,57,57,1,0,0,2.0,1.0,,75.0,,75.0,,,,,,2.0,3.0,0.0,1,2.0,2.0,2.0,,1730.0,2.0,2.0,,,,12037.8154,2907.3112,0,0,1.0,,0,42,63359,2,,,,,,,2963.1947,7860.0,10.0,-1,,,,,,,181890.0,2010,604,601,0,0,0,0,0,18.0,1.0,40.0,2010,2.0,1,8,2,8700,87001,1,23,42,37980,91,2.0,1.0,,7,3,61,1.0,1,46,1,,1,2,1,2,57,57,57,1,0,0,1.0,1.0,,65.0,,60.0,,,,,,2.0,3.0,0.0,1,2.0,2.0,2.0,,1788.0,2.0,2.0,,,,10820.0792,2780.0068,0,0,1.0,,0,42,41355,2,,,,,,,2756.9385,7860.0,230.0,-1,,,,,,,179916.0,2011,616,601,0,0,0,0,0,18.0,1.0,40.0,2011,MIS4_to_MIS8,pennsylvania,0,2010-2011,1,0,0,0,retention
930491619200893,5,1.0,1,4,2,8700,87001,1,1,23,42,37980,91,2.0,1.0,,7,1,59,2.0,2,44,1,,1,1,1,1,2,57,57,57,1,0,0,1.0,1.0,,60.0,,60.0,,,,,,2.0,3.0,0.0,1,2.0,2.0,2.0,,1000.0,1.0,,,,,12237.824,2978.7657,0,0,1.0,,0,0,24531,1,,,,,,2.0,3028.3038,7860.0,2310.0,-1,,,,,,,182132.0,2010,604,601,0,0,0,0,0,18.0,8.0,40.0,2010,2.0,1,8,2,8700,87001,1,23,42,37980,91,2.0,1.0,,7,1,60,2.0,2,44,1,,1,1,1,2,57,57,57,1,0,0,2.0,1.0,,40.0,,40.0,,,,,,2.0,3.0,0.0,1,2.0,2.0,2.0,,1250.0,1.0,,,,,12071.537,3050.6533,0,0,1.0,,0,42,41356,1,,,,,,2.0,3075.3072,7860.0,2310.0,-1,,,,,,,180155.0,2011,616,601,0,0,0,0,0,18.0,8.0,40.0,2011,MIS4_to_MIS8,pennsylvania,0,2010-2011,1,0,0,0,retention
930491619200893,5,1.0,1,4,2,8700,87001,1,1,23,42,37980,91,2.0,1.0,,7,3,59,1.0,1,46,1,,2,1,2,1,2,57,57,57,1,0,0,2.0,1.0,,80.0,,80.0,,,,,,2.0,3.0,0.0,1,2.0,2.0,2.0,,1730.0,2.0,2.0,,,,12037.8154,2907.3112,0,0,1.0,,0,0,24531,2,,,,,,,2963.1947,7860.0,230.0,-1,,,,,,,182133.0,2010,604,601,0,0,0,0,0,18.0,1.0,40.0,2010,2.0,1,8,2,8700,87001,1,23,42,37980,91,2.0,1.0,,7,3,60,1.0,1,46,1,,1,2,1,2,57,57,57,1,0,0,1.0,1.0,,60.0,,60.0,,,,,,2.0,3.0,0.0,1,2.0,2.0,2.0,,1788.0,2.0,2.0,,,,10820.0792,2780.0068,0,0,1.0,,0,42,41356,2,,,,,,,2756.9385,7860.0,230.0,-1,,,,,,,180156.0,2011,616,601,0,0,0,0,0,18.0,1.0,40.0,2011,MIS4_to_MIS8,pennsylvania,0,2010-2011,1,0,0,0,retention
945082967439340,5,2.0,7,4,2,8700,87001,1,1,23,42,10900,0,2.0,1.0,,4,14,26,,1,40,1,,2,0,0,7,2,57,57,57,1,0,0,2.0,1.0,,40.0,,40.0,,,,,,2.0,3.0,0.0,1,2.0,1.0,1.0,1300.0,826.92,1.0,,,,,15229.4988,3741.4797,0,0,0.0,1.0,0,0,60277,2,,,4.0,,,,3779.3039,9470.0,3850.0,-1,,,,,,,182140.0,2010,604,601,0,0,0,0,0,15.0,12.0,51.0,2010,2.0,7,8,2,8700,87001,1,23,42,10900,0,2.0,1.0,,4,14,27,,1,40,1,,0,0,7,2,57,57,57,1,0,0,2.0,1.0,,40.0,,40.0,,,,,,2.0,3.0,0.0,1,2.0,1.0,1.0,2400.0,961.53,1.0,,,,,15122.1877,3677.7864,0,0,0.0,0.0,0,0,60917,2,,,4.0,,,,3765.6556,9470.0,3850.0,-1,,,,,,,180166.0,2011,616,601,0,0,0,0,0,15.0,12.0,51.0,2011,MIS4_to_MIS8,pennsylvania,0,2010-2011,1,0,0,0,retention
971042939439900,5,2.0,1,4,2,8700,87001,1,1,23,42,37980,91,2.0,1.0,,7,3,28,1.0,2,43,1,,2,1,2,1,2,57,57,57,1,0,0,1.0,1.0,,40.0,,40.0,,,,,,2.0,3.0,0.0,1,2.0,1.0,1.0,1547.0,625.0,2.0,2.0,,,,14527.4368,3565.156,0,0,0.0,0.0,0,0,2404,2,,,,2.0,,,3615.4928,7860.0,5700.0,-1,,,,,,,182176.0,2010,604,601,0,0,0,0,0,16.0,17.0,40.0,2010,2.0,1,8,2,8700,87001,1,23,42,37980,91,2.0,1.0,,7,3,29,1.0,2,43,1,,1,2,1,2,57,57,57,1,0,0,1.0,1.0,,40.0,,40.0,,,,,,2.0,3.0,0.0,1,2.0,1.0,1.0,1546.0,600.0,2.0,2.0,,,,15215.6944,3779.7631,0,0,0.0,0.0,0,0,16310,2,,,,2.0,,,3866.5511,7860.0,5700.0,-1,,,,,,,180200.0,2011,616,601,0,0,0,0,0,16.0,17.0,40.0,2011,MIS4_to_MIS8,pennsylvania,0,2010-2011,1,0,0,0,retention
100920061743919,5,1.0,4,4,2,8700,87001,1,1,23,42,0,0,3.0,2.0,,0,1,52,,2,40,1,,1,1,1,4,2,57,57,57,1,0,0,1.0,1.0,,37.0,,37.0,,,,,,2.0,2.0,0.0,1,2.0,,1.0,2875.0,1063.75,1.0,,,,,11759.6449,2849.9562,4,1,0.0,0.0,0,0,57266,1,,,3.0,,,,2884.8007,8290.0,2020.0,-1,,,,,,,182227.0,2010,604,601,0,0,0,1,0,14.0,6.0,42.0,2010,1.0,4,8,2,8700,87001,1,23,42,0,0,3.0,2.0,,0,1,53,,2,40,1,,1,1,4,2,57,57,57,1,0,0,2.0,1.0,,38.0,,38.0,,,,,,2.0,2.0,0.0,1,2.0,,1.0,2990.0,1136.2,1.0,,,,,11971.589,2914.258,0,0,0.0,0.0,0,0,16411,1,,,2.0,,,,2937.9048,8290.0,4640.0,-1,,,,,,,180255.0,2011,616,601,0,0,0,0,0,13.0,15.0,42.0,2011,MIS4_to_MIS8,pennsylvania,0,2010-2011,1,0,0,0,retention
131461009200979,5,1.0,7,4,2,8700,87001,1,1,23,42,0,0,3.0,2.0,,0,2,56,,2,43,1,,1,0,0,3,2,57,57,57,1,0,0,1.0,1.0,,38.0,,38.0,,,,,,2.0,2.0,0.0,1,2.0,1.0,1.0,4200.0,807.69,1.0,,,,,11752.5867,2860.6558,0,0,0.0,1.0,0,0,2434,1,,,,2.0,,,2908.2297,8290.0,620.0,-1,,,,,,,182234.0,2010,604,601,0,0,0,0,0,16.0,2.0,42.0,2010,1.0,7,8,2,8700,87001,1,23,42,0,0,3.0,2.0,,0,2,57,,2,43,1,,0,0,3,2,57,57,57,1,0,0,1.0,1.0,,35.0,,35.0,,,,,,2.0,2.0,0.0,1,2.0,1.0,1.0,2200.0,769.23,1.0,,,,,11692.5419,2850.4334,0,0,0.0,0.0,0,0,6213,1,,,,2.0,,,2869.3707,9480.0,2010.0,-1,,,,,,,180265.0,2011,616,601,0,0,0,0,0,16.0,6.0,51.0,2011,MIS4_to_MIS8,pennsylvania,0,2010-2011,1,0,0,0,retention
300926091443849,5,1.0,6,4,2,8700,87001,1,1,23,42,0,0,3.0,2.0,,0,2,62,,1,35,1,,1,0,0,4,2,57,57,57,1,0,0,1.0,2.0,4.0,40.0,,,,,,,,5.0,3.0,0.0,1,2.0,,1.0,1800.0,720.0,1.0,,,,,10228.6368,2464.3357,0,0,0.0,0.0,0,0,12471,1,,,,,,,2491.46,6290.0,6730.0,-1,,,,,,,182285.0,2010,604,601,0,0,0,0,0,9.0,19.0,23.0,2010,1.0,6,8,2,8700,87001,1,23,42,0,0,3.0,2.0,,0,2,63,,1,35,1,,0,0,4,2,57,57,57,1,0,0,1.0,1.0,,40.0,,40.0,,,,,,2.0,3.0,0.0,1,2.0,,1.0,2000.0,800.0,1.0,,,,,10749.2788,2761.816,0,0,0.0,0.0,0,0,59830,1,,,,,,,2738.8986,770.0,6320.0,-1,,,,,,,180308.0,2011,616,601,0,0,0,0,0,9.0,19.0,4.0,2011,MIS4_to_MIS8,pennsylvania,0,2010-2011,1,0,0,0,retention
609042934439590,5,1.0,7,4,2,8700,87001,1,1,23,42,0,0,3.0,2.0,,0,2,55,,2,39,1,,1,0,0,5,2,57,57,57,1,0,0,1.0,1.0,,35.0,,35.0,,,,,,2.0,3.0,0.0,1,2.0,,1.0,935.0,327.25,2.0,2.0,,,,11752.5867,2860.6558,0,0,0.0,0.0,0,0,53036,1,2.0,7.0,,,,,2908.2297,7860.0,4020.0,-1,,,,,,,182313.0,2010,604,601,0,0,0,0,0,11.0,13.0,40.0,2010,1.0,1,8,2,8700,87001,1,23,42,0,0,3.0,2.0,,0,1,55,2.0,2,39,1,,1,1,1,2,57,57,57,1,0,0,1.0,4.0,,,,,,,,48.0,3.0,11.0,3.0,0.0,2,,,,,,,,,,,10818.0099,2850.4334,0,0,,,0,0,43044,1,2.0,8.0,,,,,2908.7834,7860.0,4020.0,-1,,,,,,,180333.0,2011,616,601,0,0,0,0,0,12.0,13.0,40.0,2011,MIS4_to_MIS8,pennsylvania,0,2010-2011,1,0,0,0,retention
932819630409404,5,2.0,4,4,2,8700,87001,1,1,23,42,0,0,3.0,2.0,,0,1,38,,2,42,1,,1,1,1,7,2,110,57,57,3,0,5,1.0,1.0,,38.0,8.0,30.0,,,8.0,,,4.0,3.0,0.0,1,2.0,2.0,2.0,,634.61,2.0,2.0,,,,13770.3448,3373.1481,10,2,0.0,,0,0,46337,1,,,4.0,,,,3387.4345,7070.0,430.0,-1,,,,,,,182358.0,2010,604,601,0,0,1,1,0,15.0,1.0,34.0,2010,2.0,4,8,2,8700,87001,1,23,42,0,0,3.0,2.0,,0,1,39,,2,42,1,,1,1,7,2,110,57,57,3,0,5,2.0,1.0,,40.0,,40.0,,,,,,2.0,4.0,0.0,1,2.0,2.0,2.0,,737.0,2.0,2.0,,,,14127.1333,3405.1393,3,1,1.0,,0,0,64357,1,,,5.0,,,,3465.0176,8380.0,420.0,-1,,,,,,,180389.0,2011,616,601,0,0,1,0,0,16.0,1.0,43.0,2011,MIS4_to_MIS8,pennsylvania,0,2010-2011,0,1,0,1,retention
932819630409404,5,2.0,4,4,2,8700,87001,1,1,23,42,0,0,3.0,2.0,,0,4,17,,1,36,1,,3,1,3,7,2,57,57,57,1,0,0,2.0,7.0,,,,,,8.0,,,,1.0,3.0,0.0,2,,,,,,,,1.0,1.0,1.0,13441.5372,3424.5753,0,0,,,0,0,46337,3,,,,,,,3391.2489,8380.0,4250.0,-1,,,,,1.0,,182359.0,2010,604,601,0,0,0,0,0,10.0,14.0,43.0,2010,2.0,4,8,2,8700,87001,1,23,42,0,0,3.0,2.0,,0,4,18,,1,37,1,,1,3,7,2,57,57,57,1,0,0,2.0,7.0,,,,,,,,,,1.0,,,2,,,,,,,,1.0,1.0,1.0,13358.7686,3392.9349,0,0,,,0,0,64357,3,,,,,,,3331.9886,,,-1,,,,,1.0,,180390.0,2011,616,601,0,0,0,0,0,11.0,,,2011,MIS4_to_MIS8,pennsylvania,0,2010-2011,0,1,0,0,retention
995082932439800,5,2.0,1,4,2,8700,87001,1,1,23,42,0,55,3.0,2.0,,0,1,52,2.0,1,43,1,,1,1,1,1,2,57,57,57,1,0,0,2.0,1.0,,40.0,,40.0,,,,,,2.0,3.0,0.0,1,2.0,2.0,2.0,,538.46,2.0,2.0,,,,10527.401,2570.3772,0,0,0.0,,0,0,4755,1,,,,2.0,,,2633.5812,8370.0,2010.0,-1,2.0,3.0,,,,,182426.0,2010,604,601,0,0,0,0,0,16.0,6.0,43.0,2010,2.0,1,8,2,8700,87001,1,23,42,0,55,3.0,2.0,,0,1,53,2.0,1,43,1,,1,1,1,2,57,57,57,1,0,0,1.0,1.0,,40.0,,40.0,,,,,,2.0,3.0,0.0,1,2.0,1.0,1.0,2227.0,890.5,2.0,2.0,,,,11878.9899,2887.2615,0,0,0.0,0.0,0,0,19601,1,,,,2.0,,,2951.6905,8370.0,2010.0,-1,2.0,3.0,,,,,180435.0,2011,616,601,0,0,0,0,0,16.0,6.0,43.0,2011,MIS4_to_MIS8,pennsylvania,0,2010-2011,1,0,0,0,retention
402063400042291,5,1.0,1,4,2,8700,87001,1,1,23,42,25420,43,,1.0,,4,1,55,2.0,2,44,1,,1,1,1,1,2,57,57,57,1,0,0,1.0,1.0,,40.0,,40.0,,,,,,2.0,3.0,0.0,1,2.0,2.0,2.0,,950.0,1.0,,,,,12085.9964,2941.8098,0,0,0.0,,0,0,66630,1,,,,,,3.0,2990.7334,7860.0,2310.0,-1,,,,,,,182482.0,2010,604,601,0,0,0,0,0,18.0,8.0,40.0,2010,1.0,1,8,2,8700,87001,1,23,42,25420,43,,1.0,,4,1,56,2.0,2,44,1,,1,1,1,2,57,57,57,1,0,0,1.0,1.0,,40.0,,40.0,,,,,,2.0,3.0,0.0,1,2.0,2.0,2.0,,1000.0,1.0,,,,,11693.5613,2850.6819,0,0,0.0,,0,0,30393,1,,,,,,3.0,2869.6208,7860.0,2310.0,-1,,,,,,,180492.0,2011,616,601,0,0,0,0,0,18.0,8.0,40.0,2011,MIS4_to_MIS8,pennsylvania,0,2010-2011,1,0,0,0,retention
490923093543929,5,1.0,7,4,2,8700,87001,1,1,23,42,49620,133,,1.0,,3,2,42,,2,41,1,,1,0,0,5,2,57,57,57,1,0,0,1.0,1.0,,38.0,,42.0,,,,,,2.0,2.0,0.0,1,2.0,1.0,1.0,1500.0,576.92,1.0,,,,,13441.845,3261.6371,0,0,0.0,0.0,0,0,34963,1,,,4.0,,,,3306.6253,9480.0,5310.0,2820,,,,,,,182496.0,2010,604,601,0,0,0,0,0,15.0,17.0,51.0,2010,1.0,7,8,2,8700,87001,1,23,42,49620,133,,1.0,,3,2,43,,2,41,1,,0,0,5,2,57,57,57,1,0,0,1.0,1.0,,38.0,,54.0,,,,,,2.0,2.0,0.0,1,2.0,,1.0,1604.0,609.52,1.0,,,,,14487.0524,3461.2802,0,0,0.0,0.0,0,0,2818,1,,,4.0,,,,3553.2964,9480.0,5860.0,5860,,,,,,,180507.0,2011,616,601,0,0,0,0,0,15.0,17.0,51.0,2011,MIS4_to_MIS8,pennsylvania,0,2010-2011,1,0,0,0,retention
86071470900894,6,1.0,4,4,2,8700,87001,1,1,33,17,16980,0,1.0,1.0,1.0,7,1,38,,2,40,2,,1,1,1,7,2,57,57,57,1,0,0,1.0,2.0,4.0,32.0,,,,,,,,5.0,2.0,0.0,1,2.0,,1.0,1690.0,540.8,1.0,,,,,13108.6426,3238.6463,3,1,0.0,0.0,0,0,70213,1,,,2.0,,,,3240.4272,6070.0,4550.0,3600,,,,,,,202808.0,2010,605,602,0,0,1,0,0,13.0,15.0,23.0,2010,1.0,4,8,2,8700,87001,1,33,17,16980,0,1.0,1.0,1.0,7,1,38,,2,40,2,,1,1,7,2,57,57,57,1,0,0,1.0,1.0,,12.0,,12.0,,,14.0,,,6.0,3.0,0.0,1,2.0,,1.0,1757.0,351.4,2.0,2.0,,,,11838.2683,3034.7874,3,1,0.0,0.0,0,0,51497,1,,,3.0,,,,3007.9072,6070.0,9415.0,-1,,,,,,,200444.0,2011,617,602,0,0,1,0,0,14.0,22.0,23.0,2011,MIS4_to_MIS8,illinois,1,2010-2011,1,0,0,0,retention
193994001096702,6,2.0,1,4,2,8700,87001,1,1,33,17,16980,0,1.0,1.0,1.0,7,3,57,1.0,1,31,1,1.0,2,1,2,1,2,303,303,303,4,0,3,1.0,1.0,,40.0,,40.0,,,,,,2.0,3.0,0.0,1,2.0,,1.0,875.0,350.0,2.0,2.0,,,,13160.8354,3302.2758,0,0,1.0,1.0,0,42,35169,2,,,,,,,3288.7832,8590.0,4250.0,-1,,,,,,,202832.0,2010,605,602,0,0,0,0,0,0.0,14.0,44.0,2010,3.0,1,8,2,8700,87001,1,33,17,16980,0,1.0,1.0,1.0,7,3,59,1.0,1,33,1,1.0,1,2,1,2,303,303,303,4,0,3,2.0,1.0,,40.0,,40.0,,,,,,2.0,4.0,0.0,1,2.0,,1.0,1100.0,440.0,2.0,2.0,,,,12911.9815,3234.53,0,0,0.0,0.0,0,0,51498,2,,,,,,,3248.1019,8570.0,4250.0,-1,,,,,,,200476.0,2011,617,602,0,0,0,0,0,5.5,14.0,44.0,2011,MIS4_to_MIS8,illinois,1,2010-2011,0,1,0,1,retention
350375091914879,6,2.0,6,4,2,8700,87001,1,1,33,17,16980,0,1.0,1.0,1.0,7,16,24,,1,44,4,,3,0,0,7,2,210,210,210,5,0,20,2.0,1.0,,60.0,,60.0,,,,,,2.0,2.0,0.0,1,2.0,2.0,2.0,,461.53,2.0,2.0,1.0,1.0,2.0,14487.8803,3370.6301,0,0,0.0,,0,0,52576,3,,,,,,2.0,3514.397,7870.0,2200.0,-1,,,,,,,202881.0,2010,605,602,0,0,0,0,0,18.0,8.0,40.0,2010,2.0,6,8,2,8700,87001,1,33,17,16980,0,1.0,1.0,1.0,7,16,25,,1,46,4,,0,0,7,2,210,210,210,5,0,20,2.0,1.0,,40.0,,40.0,,,,,,2.0,4.0,0.0,1,2.0,2.0,2.0,,576.92,2.0,2.0,,,,12156.03,3088.4767,0,0,0.0,,0,0,6725,3,,,,,,,3076.3529,7870.0,2200.0,-1,,,,,,,200528.0,2011,617,602,0,0,0,0,0,18.0,8.0,40.0,2011,MIS4_to_MIS8,illinois,1,2010-2011,0,1,0,1,retention
410709977669590,6,1.0,1,4,2,8700,87001,1,1,33,17,16980,0,1.0,1.0,1.0,7,3,53,1.0,1,41,1,2.0,2,1,2,1,2,57,73,73,1,0,0,2.0,1.0,,48.0,,48.0,,,,,,2.0,3.0,0.0,1,2.0,2.0,2.0,,1472.0,1.0,,,,,12627.6323,3177.5099,4,1,0.0,,0,0,22255,2,,,5.0,,,,3155.1514,9470.0,3740.0,-1,3.0,,,,,,202910.0,2010,605,602,0,0,0,1,0,16.0,12.0,51.0,2010,1.0,1,8,2,8700,87001,1,33,17,16980,0,1.0,1.0,1.0,7,3,54,1.0,1,43,1,2.0,1,2,1,2,57,73,73,1,0,0,2.0,1.0,,40.0,,40.0,,,,,,2.0,3.0,0.0,1,2.0,2.0,2.0,,1019.0,1.0,,,,,11609.7295,2895.7255,0,0,1.0,,0,0,19680,2,,,,2.0,,,2901.8556,9470.0,3740.0,-1,3.0,,,,,,200558.0,2011,617,602,0,0,0,0,0,16.0,12.0,51.0,2011,MIS4_to_MIS8,illinois,1,2010-2011,1,0,0,0,retention
547838840459106,6,2.0,4,4,2,8700,87001,1,1,33,17,16980,0,1.0,1.0,,7,8,54,,2,44,2,,2,1,4,7,2,57,57,57,1,0,0,1.0,1.0,,40.0,,40.0,,,,,,2.0,3.0,0.0,1,2.0,2.0,2.0,,1250.0,2.0,2.0,,,,9161.5823,2343.8897,0,0,1.0,,0,42,22243,2,,,,,,2.0,2305.9631,7860.0,5860.0,-1,,,,,,,202928.0,2010,605,602,0,0,0,0,0,18.0,17.0,40.0,2010,2.0,4,8,2,8700,87001,1,33,17,16980,0,1.0,1.0,,7,1,55,,2,39,2,,1,1,7,2,57,57,57,1,0,0,1.0,1.0,,40.0,,40.0,,,,,,2.0,3.0,0.0,1,2.0,,1.0,1756.0,702.4,2.0,2.0,,,,8948.4536,2545.5772,0,0,1.0,1.0,0,42,43470,2,1.0,,,,,,2534.702,7860.0,5700.0,-1,,,,,,,200572.0,2011,617,602,0,0,0,0,0,12.0,17.0,40.0,2011,MIS4_to_MIS8,illinois,1,2010-2011,1,0,0,0,retention
740573094714239,6,1.0,1,4,2,8700,87001,1,1,33,17,16980,0,1.0,1.0,1.0,7,3,39,1.0,2,46,1,,2,1,2,1,2,57,109,128,1,0,0,2.0,1.0,,40.0,,40.0,,,,,,2.0,3.0,0.0,1,2.0,2.0,2.0,,2115.38,2.0,2.0,,,,12695.0766,3178.0543,1,1,0.0,,0,0,55961,2,,,,,,,3132.0518,7270.0,2100.0,-1,,,,,,,202965.0,2010,605,602,1,0,0,0,1,18.0,7.0,36.0,2010,1.0,1,8,2,8700,87001,1,33,17,16980,0,1.0,1.0,1.0,7,3,40,1.0,2,45,1,,1,2,1,2,57,109,128,1,0,0,2.0,1.0,,40.0,,40.0,,,,,,2.0,3.0,0.0,1,2.0,2.0,2.0,,2115.38,2.0,2.0,,,,10621.3332,2745.0092,1,1,0.0,,0,0,32785,2,,,,,,,2739.2799,9470.0,2100.0,-1,,,,,,,200618.0,2011,617,602,1,0,0,0,1,18.0,7.0,51.0,2011,MIS4_to_MIS8,illinois,1,2010-2011,1,0,0,0,retention
758380644580941,6,3.0,4,4,2,8700,87001,1,1,33,17,16980,0,1.0,1.0,,7,7,20,,2,40,1,,2,1,4,7,2,57,57,57,1,0,0,2.0,1.0,,-4.0,,15.0,,,14.0,,,6.0,3.0,0.0,1,2.0,1.0,1.0,825.0,291.66,2.0,2.0,1.0,1.0,2.0,16411.1963,4100.9407,0,0,0.0,1.0,0,0,22242,2,,,2.0,,,,4047.8186,8590.0,3950.0,-1,,,,,3.0,,202977.0,2010,605,602,0,0,0,0,0,13.0,12.0,44.0,2010,3.0,4,8,2,8700,87001,1,33,17,16980,0,1.0,1.0,,7,7,21,,2,40,1,,1,4,7,2,57,57,57,1,0,0,2.0,1.0,,30.0,,15.0,,,20.0,,,7.0,3.0,0.0,1,2.0,,1.0,950.0,285.0,2.0,2.0,1.0,1.0,2.0,14528.8011,3522.4074,0,0,0.0,0.0,0,0,58913,2,,,4.0,,,,3545.1163,8590.0,5400.0,-1,,,,,3.0,,200628.0,2011,617,602,0,0,0,0,0,15.0,17.0,44.0,2011,MIS4_to_MIS8,illinois,1,2010-2011,1,0,0,0,retention
192904108082769,6,1.0,1,4,2,8700,87001,1,1,33,17,37900,0,2.0,1.0,,3,3,60,1.0,1,44,1,,2,1,2,1,2,57,57,57,1,0,0,2.0,2.0,14.0,12.0,,,,,,,,10.0,3.0,0.0,1,2.0,2.0,2.0,,692.0,2.0,2.0,,,,13220.7071,3234.2891,0,0,1.0,,0,42,22627,2,,,,,,2.0,3165.2187,7860.0,2320.0,-1,,,,,,,203176.0,2010,605,602,0,0,0,0,0,18.0,8.0,40.0,2010,1.0,1,8,2,8700,87001,1,33,17,37900,0,2.0,1.0,,3,3,61,1.0,1,44,1,,1,2,1,2,57,57,57,1,0,0,2.0,2.0,14.0,15.0,,,,,,,,10.0,3.0,0.0,1,2.0,2.0,2.0,,416.66,1.0,,,,,12197.1511,3121.4188,0,0,0.0,,0,0,33027,2,,,,,,2.0,3032.5172,7860.0,2320.0,-1,,,,,,,200846.0,2011,617,602,0,0,0,0,0,18.0,8.0,40.0,2011,MIS4_to_MIS8,illinois,1,2010-2011,1,0,0,0,retention
197008340619109,6,1.0,1,4,2,8700,87001,1,1,33,17,16980,0,2.0,1.0,,7,1,63,2.0,1,45,1,,1,1,1,1,2,57,119,119,1,0,0,1.0,1.0,,40.0,4.0,32.0,,,4.0,,,4.0,2.0,0.0,1,2.0,2.0,2.0,,654.0,2.0,2.0,,,,13358.5283,3268.0054,3,2,1.0,,0,42,45327,1,,,,,,,3198.215,9570.0,5000.0,-1,4.0,,,,,,203234.0,2010,605,602,0,0,1,0,0,18.0,17.0,51.0,2010,1.0,1,8,2,8700,87001,1,33,17,16980,0,2.0,1.0,,7,1,64,2.0,1,45,1,,1,1,1,2,57,119,119,1,0,0,1.0,2.0,4.0,40.0,,,,,,,,5.0,2.0,0.0,1,2.0,2.0,2.0,,2146.0,2.0,2.0,,,,12230.256,3129.8908,4,2,1.0,,0,42,32774,1,,,,,,,3040.7479,9370.0,20.0,-1,4.0,,,,,,200877.0,2011,617,602,0,0,0,1,0,18.0,1.0,51.0,2011,MIS4_to_MIS8,illinois,1,2010-2011,1,0,0,0,retention
197008340619109,6,1.0,1,4,2,8700,87001,1,1,33,17,16980,0,2.0,1.0,,7,3,53,1.0,2,43,1,,2,1,2,1,2,57,57,57,1,0,0,2.0,1.0,,20.0,,12.0,,,18.0,,,7.0,3.0,0.0,1,2.0,,1.0,4000.0,800.0,1.0,,,,,12259.7223,3114.6063,3,2,1.0,1.0,0,42,45327,2,,,,2.0,,,3053.426,7860.0,2540.0,-1,,,,,,,203235.0,2010,605,602,0,0,1,0,0,16.0,8.0,40.0,2010,1.0,1,8,2,8700,87001,1,33,17,16980,0,2.0,1.0,,7,3,54,1.0,2,43,1,,1,2,1,2,57,57,57,1,0,0,2.0,2.0,4.0,20.0,,,,,,,,10.0,3.0,0.0,1,2.0,,1.0,4000.0,800.0,1.0,,,,,14228.83,3554.9667,4,2,1.0,1.0,0,42,32774,2,,,,2.0,,,3482.8887,7860.0,2540.0,-1,,,,,,,200878.0,2011,617,602,0,0,0,1,0,16.0,8.0,40.0,2011,MIS4_to_MIS8,illinois,1,2010-2011,1,0,0,0,retention
199964502028749,6,1.0,7,4,2,8700,87001,1,1,33,17,41180,119,2.0,1.0,,6,2,35,,2,43,1,,1,0,0,7,2,57,57,57,1,0,0,1.0,1.0,,40.0,,40.0,,,,,,2.0,3.0,0.0,1,1.0,2.0,2.0,,807.69,1.0,,,,,12167.9645,3046.0984,0,0,0.0,,0,0,52666,1,,,,2.0,,,3002.0059,8290.0,2020.0,-1,,,,,,,203253.0,2010,605,602,0,0,0,0,0,16.0,6.0,42.0,2010,1.0,7,8,2,8700,87001,1,33,17,41180,119,2.0,1.0,,6,2,36,,2,43,1,,0,0,7,2,57,57,57,1,0,0,1.0,1.0,,40.0,,40.0,,,,,,2.0,3.0,0.0,1,2.0,,1.0,2590.0,1036.0,1.0,,,,,11159.0414,2912.0489,0,0,0.0,0.0,0,0,32961,1,,,,2.0,,,2877.9568,8290.0,3730.0,-1,,,,,,,200900.0,2011,617,602,0,0,0,0,0,16.0,12.0,42.0,2011,MIS4_to_MIS8,illinois,1,2010-2011,1,0,0,0,retention
410709912608892,6,1.0,7,4,2,8700,87001,1,1,33,17,37900,0,2.0,1.0,,3,2,54,,2,39,1,,1,0,0,5,2,57,57,57,1,0,0,1.0,1.0,,20.0,2.0,30.0,,,2.0,,,3.0,3.0,0.0,1,2.0,,1.0,1300.0,260.0,2.0,2.0,,,,12292.4065,3122.9098,0,0,0.0,0.0,0,0,22626,1,1.0,,,,,,3061.5664,7860.0,5120.0,4950,,,,,,,203313.0,2010,605,602,0,0,0,0,0,12.0,17.0,40.0,2010,1.0,7,8,2,8700,87001,1,33,17,37900,0,2.0,1.0,,3,2,55,,2,39,1,,0,0,5,2,57,57,57,1,0,0,1.0,1.0,,23.0,,28.0,,,18.0,,,7.0,3.0,0.0,1,2.0,,1.0,1570.0,361.1,2.0,2.0,,,,12574.7951,3238.2505,0,0,1.0,1.0,0,0,51660,1,1.0,,,,,,3180.4931,7860.0,800.0,410,,,,,,,200971.0,2011,617,602,0,0,0,0,0,12.0,2.0,40.0,2011,MIS4_to_MIS8,illinois,1,2010-2011,1,0,0,0,retention
410709983217744,6,1.0,6,4,2,8700,87001,1,1,33,17,16980,0,2.0,1.0,,7,2,44,,1,43,1,,1,0,0,7,2,57,57,57,1,0,0,1.0,1.0,,40.0,,40.0,,,,,,2.0,3.0,0.0,1,2.0,2.0,2.0,,1500.0,1.0,,,,,11793.1633,2983.3776,0,0,0.0,,0,0,22376,1,,,,1.0,1.0,,2956.8346,9470.0,3850.0,-1,,,,,,,203327.0,2010,605,602,0,0,0,0,0,18.0,12.0,51.0,2010,1.0,6,8,2,8700,87001,1,33,17,16980,0,2.0,1.0,,7,2,45,,1,43,1,,0,0,7,2,57,57,57,1,0,0,1.0,1.0,,-4.0,,38.0,,,,,,2.0,3.0,0.0,1,2.0,2.0,2.0,,1666.0,1.0,,,,,13095.1879,3288.7232,0,0,1.0,,0,0,32869,1,,,,2.0,,,3273.1464,9470.0,3850.0,-1,,,,,,,200987.0,2011,617,602,0,0,0,0,0,16.0,12.0,51.0,2011,MIS4_to_MIS8,illinois,1,2010-2011,1,0,0,0,retention
410709995906798,6,1.0,7,4,2,8700,87001,1,1,33,17,16980,111,2.0,1.0,,7,2,63,,2,44,1,,1,0,0,7,2,57,57,57,1,0,0,1.0,2.0,4.0,50.0,,,,,,,,5.0,3.0,0.0,1,2.0,2.0,2.0,,1346.15,1.0,,,,,12119.5331,3165.935,0,0,0.0,,0,0,884,1,,,,,,3.0,3112.942,7860.0,3230.0,-1,,,,,,,203331.0,2010,605,602,0,0,0,0,0,18.0,10.0,40.0,2010,1.0,7,8,2,8700,87001,1,33,17,16980,111,2.0,1.0,,7,2,64,,2,44,1,,0,0,7,2,57,57,57,1,0,0,1.0,2.0,4.0,50.0,,,,,,,,5.0,3.0,0.0,1,2.0,2.0,2.0,,1442.3,1.0,,,,,13672.3031,3625.074,0,0,0.0,,0,0,32931,1,,,,,,3.0,3562.9915,7860.0,2310.0,-1,,,,,,,200991.0,2011,617,602,0,0,0,0,0,18.0,8.0,40.0,2011,MIS4_to_MIS8,illinois,1,2010-2011,1,0,0,0,retention
710230581190041,6,1.0,1,4,2,8700,87001,1,1,33,17,16980,0,2.0,1.0,,7,3,34,1.0,2,44,1,1.0,2,1,2,1,2,57,57,57,1,0,0,2.0,1.0,,40.0,,40.0,,,,,,2.0,3.0,0.0,1,2.0,2.0,2.0,,769.23,1.0,,,,,10405.461,2671.7948,7,3,0.0,,0,0,5485,2,,,,,,2.0,2638.6166,7860.0,2310.0,-1,,,,,,,203431.0,2010,605,602,1,0,0,1,1,18.0,8.0,40.0,2010,1.0,1,8,2,8700,87001,1,33,17,16980,0,2.0,1.0,,7,3,35,1.0,2,44,1,1.0,1,2,1,2,57,57,57,1,0,0,2.0,1.0,,40.0,,40.0,,,,,,2.0,4.0,0.0,1,2.0,2.0,2.0,,1038.46,1.0,,,,,9539.3952,2518.4707,7,3,0.0,,0,0,19980,2,,,,,,2.0,2460.2442,7860.0,2310.0,-1,,,,,,,201080.0,2011,617,602,1,0,0,1,1,18.0,8.0,40.0,2011,MIS4_to_MIS8,illinois,1,2010-2011,0,1,0,1,retention
759920028230941,6,1.0,1,4,2,8700,87001,1,1,33,17,16980,0,2.0,1.0,,7,3,61,1.0,1,44,1,,2,1,2,1,2,57,57,57,1,0,0,2.0,1.0,,25.0,,25.0,,,22.0,,,7.0,3.0,0.0,1,2.0,2.0,2.0,,2884.61,2.0,2.0,,,,13185.5547,3225.6895,0,0,0.0,,0,0,22378,2,,,,,,3.0,3156.8028,7860.0,2320.0,-1,,,,,,,203445.0,2010,605,602,0,0,0,0,0,18.0,8.0,40.0,2010,1.0,1,8,2,8700,87001,1,33,17,16980,0,2.0,1.0,,7,3,62,1.0,1,44,1,,1,2,1,2,57,57,57,1,0,0,2.0,1.0,,20.0,,20.0,,,21.0,,,7.0,3.0,0.0,1,2.0,2.0,2.0,,207.0,2.0,2.0,,,,12414.2471,3176.9766,0,0,1.0,,0,0,16233,2,,,,,,3.0,3086.4927,7860.0,2320.0,-1,,,,,,,201093.0,2011,617,602,0,0,0,0,0,18.0,8.0,40.0,2011,MIS4_to_MIS8,illinois,1,2010-2011,1,0,0,0,retention
759920028230941,6,1.0,1,4,2,8700,87001,1,1,33,17,16980,0,2.0,1.0,,7,4,25,,1,40,1,,4,1,3,7,2,57,57,57,1,0,0,2.0,1.0,,40.0,13.0,32.0,,,13.0,,,4.0,3.0,0.0,1,2.0,,1.0,900.0,360.0,1.0,,,,,13210.7739,3409.163,0,0,1.0,1.0,0,42,22378,4,,,3.0,,,,3358.0612,7860.0,4250.0,-1,,,,,1.0,1.0,203446.0,2010,605,602,0,0,0,0,0,14.0,14.0,40.0,2010,1.0,1,8,2,8700,87001,1,33,17,16980,0,2.0,1.0,,7,4,26,,1,43,1,,1,3,7,2,57,57,57,1,0,0,2.0,1.0,,20.0,,20.0,,,23.0,,,7.0,3.0,0.0,1,2.0,2.0,2.0,,92.0,2.0,2.0,,,,13423.4267,3412.7826,0,0,1.0,,0,0,16233,4,,,,2.0,,,3397.0957,7860.0,4620.0,-1,,,,,1.0,1.0,201094.0,2011,617,602,0,0,0,0,0,16.0,15.0,40.0,2011,MIS4_to_MIS8,illinois,1,2010-2011,1,0,0,0,retention
789990939910941,6,1.0,7,4,2,8700,87001,1,1,33,17,16980,0,2.0,1.0,,7,2,65,,2,40,1,,1,0,0,4,2,57,57,57,1,0,0,1.0,1.0,,40.0,4.0,24.0,,,4.0,,,4.0,3.0,0.0,1,1.0,,1.0,1298.0,550.45,2.0,2.0,,,,11478.7251,2787.1569,0,0,1.0,1.0,0,42,5399,1,,,3.0,,,,2730.6548,7860.0,5400.0,-1,,,,,,,203475.0,2010,605,602,0,0,0,0,0,14.0,17.0,40.0,2010,1.0,7,8,2,8700,87001,1,33,17,16980,0,2.0,1.0,,7,2,66,,2,40,1,,0,0,4,2,57,57,57,1,0,0,1.0,1.0,,40.0,,40.0,,,,,,2.0,3.0,0.0,1,2.0,,1.0,1300.0,520.0,1.0,,,,,11778.4631,3127.5786,0,0,1.0,1.0,0,0,6803,1,,,3.0,,,,3025.8834,7860.0,5400.0,-1,,,,,,,201132.0,2011,617,602,0,0,0,0,0,14.0,17.0,40.0,2011,MIS4_to_MIS8,illinois,1,2010-2011,1,0,0,0,retention
923057812149320,6,1.0,7,4,2,8700,87001,1,1,33,17,16980,0,2.0,1.0,,7,2,40,,2,43,1,,1,0,0,7,2,57,57,57,1,0,0,1.0,1.0,,20.0,,20.0,,,18.0,,,7.0,3.0,0.0,1,2.0,2.0,2.0,,230.0,2.0,2.0,,,,12101.92,3037.232,0,0,1.0,,0,42,35253,1,,,,2.0,,,2985.7118,7860.0,5400.0,-1,,,,,,,203574.0,2010,605,602,0,0,0,0,0,16.0,17.0,40.0,2010,1.0,7,8,2,8700,87001,1,33,17,16980,0,2.0,1.0,,7,2,41,,2,43,1,,0,0,7,2,57,57,57,1,0,0,1.0,1.0,,20.0,,20.0,,,23.0,,,7.0,3.0,0.0,1,2.0,,1.0,2500.0,500.0,2.0,2.0,,,,10176.4787,2630.0396,0,0,1.0,1.0,0,42,32874,1,,,,2.0,,,2624.5503,7860.0,5860.0,-1,,,,,,,201214.0,2011,617,602,0,0,0,0,0,16.0,17.0,40.0,2011,MIS4_to_MIS8,illinois,1,2010-2011,1,0,0,0,retention
948190659700979,6,2.0,1,4,2,8700,87001,1,1,33,17,16980,111,2.0,1.0,,7,3,47,1.0,2,43,1,1.0,2,1,2,1,2,303,303,303,4,0,11,1.0,1.0,,40.0,,40.0,,,,,,2.0,3.0,0.0,1,2.0,2.0,2.0,,865.38,1.0,,,,,10320.1901,2568.0326,4,2,0.0,,0,0,35326,2,,,,1.0,1.0,,2570.363,7860.0,2310.0,-1,,,,,,,203586.0,2010,605,602,0,0,0,1,0,18.0,8.0,40.0,2010,3.0,1,8,2,8700,87001,1,33,17,16980,111,2.0,1.0,,7,3,48,1.0,2,43,1,1.0,1,2,1,2,303,303,303,4,0,11,2.0,1.0,,40.0,,40.0,,,,,,2.0,3.0,0.0,1,2.0,2.0,2.0,,961.53,2.0,2.0,,,,10539.7941,2522.0728,4,1,0.0,,0,0,19867,2,,,,1.0,1.0,,2579.898,7860.0,2310.0,-1,,,,,,,201227.0,2011,617,602,0,0,0,1,0,18.0,8.0,40.0,2011,MIS4_to_MIS8,illinois,1,2010-2011,1,0,0,0,retention
989027530149220,6,1.0,4,4,2,8700,87001,1,1,33,17,16980,0,2.0,1.0,,7,4,16,,2,35,1,,3,1,3,7,2,57,57,57,1,0,0,2.0,1.0,,5.0,,5.0,,,20.0,,,7.0,3.0,0.0,1,2.0,,1.0,700.0,35.0,2.0,2.0,2.0,,,12827.1584,3414.2572,0,0,1.0,1.0,0,42,22377,3,,,,,,,3281.9269,8570.0,4430.0,-1,,,,,1.0,,203609.0,2010,605,602,0,0,0,0,0,9.0,15.0,44.0,2010,1.0,4,8,2,8700,87001,1,33,17,16980,0,2.0,1.0,,7,4,16,,2,37,1,,1,3,7,2,57,57,57,1,0,0,2.0,4.0,,,,,,,,4.0,5.0,12.0,3.0,0.0,2,,,,,,,,2.0,,,14567.4176,3180.3843,0,0,,,0,0,43553,3,,,,,,,3218.8564,8570.0,4430.0,-1,,,,,1.0,,201242.0,2011,617,602,0,0,0,0,0,11.0,15.0,44.0,2011,MIS4_to_MIS8,illinois,1,2010-2011,1,0,0,0,retention
248193119700905,6,1.0,6,4,2,8700,87001,1,1,33,17,0,0,3.0,2.0,,0,2,49,,1,39,1,,1,0,0,5,2,57,57,57,1,0,0,1.0,1.0,,40.0,,40.0,,,,,,2.0,2.0,0.0,1,2.0,2.0,2.0,,1153.84,1.0,,,,,13332.6832,3354.6521,0,0,0.0,,0,0,22139,1,1.0,,,,,,3331.3161,9470.0,8610.0,-1,,,,,,,203665.0,2010,605,602,0,0,0,0,0,12.0,21.0,51.0,2010,1.0,6,8,2,8700,87001,1,33,17,0,0,3.0,2.0,,0,2,50,,1,39,1,,0,0,5,2,57,57,57,1,0,0,1.0,1.0,,40.0,,40.0,,,,,,2.0,2.0,0.0,1,2.0,,1.0,1530.0,612.0,1.0,,,,,13025.4866,3284.1108,0,0,1.0,1.0,0,42,51442,1,1.0,,,,,,3255.7246,9470.0,7340.0,-1,,,,,,,201287.0,2011,617,602,0,0,0,0,0,12.0,20.0,51.0,2011,MIS4_to_MIS8,illinois,1,2010-2011,1,0,0,0,retention
410706900305390,6,1.0,1,4,2,8700,87001,1,1,33,17,0,0,3.0,2.0,,0,3,57,1.0,2,42,1,,2,1,2,1,2,57,57,57,1,0,0,2.0,2.0,4.0,35.0,,,,,,,,5.0,3.0,0.0,1,2.0,1.0,1.0,1200.0,307.69,2.0,2.0,,,,12908.5471,3219.2468,0,0,0.0,0.0,0,0,5380,2,,,3.0,,,,3197.3162,7860.0,4000.0,4110,,,,,,,203678.0,2010,605,602,0,0,0,0,0,14.0,13.0,40.0,2010,2.0,1,8,2,8700,87001,1,33,17,0,0,3.0,2.0,,0,3,58,1.0,2,40,1,,1,2,1,2,57,57,57,1,0,0,1.0,2.0,4.0,40.0,,,,,,,,5.0,3.0,0.0,1,2.0,1.0,1.0,900.0,373.38,2.0,2.0,,,,13391.4854,3448.5639,0,0,0.0,1.0,0,0,43582,2,,,3.0,,,,3387.0554,7860.0,4000.0,-1,,,,,,,201299.0,2011,617,602,0,0,0,0,0,14.0,13.0,40.0,2011,MIS4_to_MIS8,illinois,1,2010-2011,1,0,0,0,retention
349197549700944,6,1.0,1,4,2,8700,87001,1,1,33,17,44100,0,,1.0,,2,3,54,1.0,1,43,1,,2,1,2,1,2,57,57,57,1,0,0,2.0,5.0,,,,,,,,,,1.0,2.0,0.0,2,,,,,,,,,,,12392.6855,3059.3982,0,0,,,0,0,32892,2,,,,1.0,2.0,,3065.9877,9490.0,430.0,-1,,,,,,,203809.0,2010,605,602,0,0,0,0,0,17.0,1.0,51.0,2010,2.0,1,8,2,8700,87001,1,33,17,44100,0,,1.0,,2,3,55,1.0,1,43,1,,1,2,1,2,57,57,57,1,0,0,1.0,2.0,4.0,16.0,,,,,,,,10.0,2.0,0.0,1,2.0,,1.0,5300.0,848.0,2.0,2.0,,,,12335.5138,3123.6625,0,0,0.0,0.0,0,0,16247,2,,,,1.0,2.0,,3103.0873,9370.0,565.0,-1,,,,,,,201420.0,2011,617,602,0,0,0,0,0,17.0,2.0,51.0,2011,MIS4_to_MIS8,illinois,1,2010-2011,1,0,0,0,retention
546197469700937,6,3.0,1,4,2,8700,87001,1,1,33,17,19500,115,,1.0,,2,4,29,,2,43,1,,3,2,1,7,2,57,57,57,1,0,0,1.0,1.0,,40.0,,48.0,,,,,,2.0,3.0,0.0,1,2.0,2.0,2.0,,553.84,2.0,2.0,,,,12770.2667,3276.0219,3,1,0.0,,0,0,59356,3,,,,2.0,,,3238.2839,8090.0,420.0,4020,,,,,2.0,1.0,203850.0,2010,605,602,0,0,1,0,0,16.0,1.0,42.0,2010,3.0,1,8,2,8700,87001,1,33,17,19500,115,,1.0,,2,4,30,,2,43,1,,2,1,7,2,57,57,57,1,0,0,1.0,1.0,,40.0,,50.0,,,,,,2.0,2.0,0.0,1,2.0,2.0,2.0,,596.15,2.0,2.0,,,,11229.3885,2862.6748,3,1,0.0,,0,0,19898,3,,,,2.0,,,2879.6183,8370.0,2010.0,4020,,,,,2.0,1.0,201456.0,2011,617,602,0,0,1,0,0,16.0,6.0,43.0,2011,MIS4_to_MIS8,illinois,1,2010-2011,1,0,0,0,retention
73411480980096,6,3.0,1,4,2,8700,87001,1,1,32,18,26900,0,1.0,1.0,,5,3,52,1.0,2,39,1,,2,1,2,1,2,57,57,57,1,0,0,2.0,1.0,,40.0,,40.0,,,,,,2.0,2.0,0.0,1,2.0,,1.0,2300.0,920.0,2.0,2.0,,,,12165.7061,3096.1103,0,0,1.0,1.0,0,0,66406,2,1.0,,,,,,3030.0102,9570.0,430.0,-1,,,,,,,203925.0,2010,605,602,0,0,0,0,0,12.0,1.0,51.0,2010,1.0,1,8,2,8700,87001,1,32,18,26900,0,1.0,1.0,,5,3,53,1.0,2,39,1,,1,2,1,2,57,57,57,1,0,0,2.0,1.0,,38.0,,38.0,,,,,,2.0,4.0,0.0,1,2.0,,1.0,1500.0,570.0,2.0,1.0,,,,11548.2638,2842.5724,0,0,1.0,1.0,0,42,63060,2,1.0,,,,,,2826.7481,770.0,220.0,-1,,,,,,,201540.0,2011,617,602,0,0,0,0,0,12.0,1.0,4.0,2011,MIS4_to_MIS8,indiana,0,2010-2011,0,1,0,1,retention
808069740439101,6,1.0,1,4,2,8700,87001,1,1,32,18,26900,0,1.0,1.0,,5,3,57,1.0,2,43,1,,2,1,2,1,2,57,57,57,1,0,0,2.0,1.0,,40.0,,50.0,,,,,,2.0,3.0,0.0,1,2.0,2.0,2.0,,1153.84,2.0,2.0,,,,12401.1901,3098.1102,0,0,0.0,,0,0,52770,2,,,,2.0,,,3071.649,9480.0,3130.0,-1,,,,,,,204027.0,2010,605,602,0,0,0,0,0,16.0,10.0,51.0,2010,1.0,1,8,2,8700,87001,1,32,18,26900,0,1.0,1.0,,5,3,58,1.0,2,43,1,,1,2,1,2,57,57,57,1,0,0,2.0,1.0,,40.0,,40.0,,,,,,2.0,3.0,0.0,1,2.0,2.0,2.0,,1153.84,2.0,2.0,,,,10387.4849,2635.4114,0,0,0.0,,0,0,33141,2,,,,2.0,,,2627.2654,8090.0,3255.0,-1,,,,,,,201625.0,2011,617,602,0,0,0,0,0,16.0,10.0,42.0,2011,MIS4_to_MIS8,indiana,0,2010-2011,1,0,0,0,retention
32028147140390,6,1.0,1,4,2,8700,87001,1,1,32,18,21780,0,2.0,1.0,,3,1,40,2.0,1,40,1,,1,1,1,1,2,57,57,57,1,0,0,1.0,1.0,,40.0,,40.0,,,,,,2.0,3.0,0.0,1,2.0,,1.0,1580.0,632.0,1.0,,,,,10641.439,2696.7137,3,1,0.0,0.0,0,0,35563,1,,,3.0,,,,2668.0691,9470.0,3800.0,-1,,,,,,,204078.0,2010,605,602,0,0,1,0,0,14.0,12.0,51.0,2010,1.0,1,8,2,8700,87001,1,32,18,21780,0,2.0,1.0,,3,1,41,2.0,1,40,1,,1,1,1,2,57,57,57,1,0,0,1.0,1.0,,40.0,,42.0,,,,,,2.0,4.0,0.0,1,1.0,,1.0,1600.0,1290.0,2.0,2.0,,,,12525.6452,3091.1343,3,1,0.0,0.0,0,0,33214,1,,,3.0,,,,3130.4049,7790.0,9000.0,-1,,,,,,,201679.0,2011,617,602,0,0,1,0,0,14.0,22.0,39.0,2011,MIS4_to_MIS8,indiana,0,2010-2011,0,1,0,1,retention
195944309005867,6,2.0,1,4,2,8700,87001,1,1,32,18,16980,89,2.0,1.0,,7,3,43,1.0,2,39,1,2.0,2,1,2,1,2,57,73,73,1,0,0,1.0,1.0,,35.0,1.0,5.0,,,1.0,,,3.0,3.0,0.0,1,1.0,1.0,1.0,1009.0,227.27,2.0,2.0,,,,12003.9319,3003.6342,4,1,0.0,0.0,0,0,52745,2,1.0,,,,,,2961.5368,7860.0,2540.0,3600,,,,,,,204117.0,2010,605,602,0,0,0,1,0,12.0,8.0,40.0,2010,1.0,1,8,2,8700,87001,1,32,18,16980,89,2.0,1.0,,7,3,44,1.0,2,39,1,2.0,1,2,1,2,57,73,73,1,0,0,2.0,1.0,,30.0,,5.0,,,18.0,,,7.0,3.0,0.0,1,2.0,2.0,2.0,,250.0,1.0,,,,,12898.5506,3322.603,0,0,0.0,,0,42,43752,2,1.0,,,,,,3326.5824,7860.0,2540.0,-1,,,,,,,201716.0,2011,617,602,0,0,0,0,0,12.0,8.0,40.0,2011,MIS4_to_MIS8,indiana,0,2010-2011,1,0,0,0,retention
194964605024829,6,2.0,1,4,2,8700,87001,1,1,32,18,0,0,3.0,2.0,,0,1,47,2.0,2,39,1,,1,1,1,1,2,57,57,57,1,0,0,2.0,1.0,,36.0,,36.0,,,,,,2.0,2.0,0.0,1,2.0,,1.0,860.0,309.6,2.0,2.0,,,,11980.7448,2995.6115,4,1,1.0,1.0,0,42,45585,1,1.0,,,,,,2983.9435,7860.0,5420.0,-1,,,,,,,204292.0,2010,605,602,0,0,0,1,0,12.0,17.0,40.0,2010,1.0,1,8,2,8700,87001,1,32,18,0,0,3.0,2.0,,0,1,48,2.0,2,39,1,,1,1,1,2,57,57,57,1,0,0,1.0,1.0,,40.0,13.0,15.0,,,13.0,,,4.0,5.0,0.0,1,1.0,,1.0,1040.0,841.0,2.0,2.0,,,,10978.4619,2646.3725,0,0,1.0,1.0,0,0,43806,1,1.0,,,,,,2687.2738,7860.0,2540.0,-1,,,,,,,201897.0,2011,617,602,0,0,0,0,0,12.0,8.0,40.0,2011,MIS4_to_MIS8,indiana,0,2010-2011,0,1,0,1,retention
195994908028889,6,2.0,1,4,2,8700,87001,1,1,32,18,0,0,3.0,2.0,,0,3,56,1.0,2,44,1,,2,1,2,1,2,57,57,57,1,0,0,1.0,1.0,,40.0,,40.0,,,,,,2.0,3.0,0.0,1,2.0,2.0,2.0,,1153.0,1.0,,,,,11964.9332,2989.1229,0,0,0.0,,0,0,35454,2,,,,,,2.0,2963.5926,7860.0,2330.0,-1,,,,,,,204297.0,2010,605,602,0,0,0,0,0,18.0,8.0,40.0,2010,2.0,1,8,2,8700,87001,1,32,18,0,0,3.0,2.0,,0,3,57,1.0,2,44,1,,1,2,1,2,57,57,57,1,0,0,1.0,7.0,,,,,,11.0,,,,1.0,3.0,0.0,2,,,,,,,,,,,10564.589,2548.1105,0,0,,,0,0,33081,2,,,,,,2.0,2581.9225,7860.0,2330.0,-1,,,,,,,201902.0,2011,617,602,0,0,0,0,0,18.0,8.0,40.0,2011,MIS4_to_MIS8,indiana,0,2010-2011,1,0,0,0,retention
342197529800954,6,2.0,1,4,2,8700,87001,1,1,32,18,0,0,3.0,2.0,,0,1,64,2.0,2,44,1,,1,1,1,1,2,57,57,57,1,0,0,2.0,5.0,,,,,,,,,,1.0,3.0,0.0,2,,,,,,,,,,,12429.6628,3036.4223,0,0,,,0,0,944,1,,,,,,1.0,3105.2731,7860.0,2310.0,-1,,,,,,,204325.0,2010,605,602,0,0,0,0,0,17.0,8.0,40.0,2010,2.0,1,8,2,8700,87001,1,32,18,0,0,3.0,2.0,,0,1,65,2.0,2,44,1,,1,1,1,2,57,57,57,1,0,0,2.0,5.0,,,,,,,,,,1.0,3.0,0.0,2,,,,,,,,,,,9816.7936,2417.9876,0,0,,,0,0,16272,1,,,,,,1.0,2411.3079,7860.0,2310.0,-1,,,,,,,201928.0,2011,617,602,0,0,0,0,0,17.0,8.0,40.0,2011,MIS4_to_MIS8,indiana,0,2010-2011,1,0,0,0,retention
342197529800954,6,2.0,1,4,2,8700,87001,1,1,32,18,0,0,3.0,2.0,,0,3,65,1.0,1,44,1,,2,1,2,1,2,57,57,57,1,0,0,1.0,2.0,4.0,45.0,,,,,,,,5.0,2.0,0.0,1,2.0,2.0,2.0,,1211.53,1.0,,,,,11617.5487,2768.7337,0,0,0.0,,0,0,944,2,,,,,,3.0,2720.4061,7860.0,2310.0,-1,,,,,,,204326.0,2010,605,602,0,0,0,0,0,18.0,8.0,40.0,2010,2.0,1,8,2,8700,87001,1,32,18,0,0,3.0,2.0,,0,3,66,1.0,1,44,1,,1,2,1,2,57,57,57,1,0,0,1.0,2.0,4.0,40.0,,,,,,,,5.0,4.0,0.0,1,2.0,2.0,2.0,,1201.92,1.0,,,,,11763.1995,2884.2473,0,0,0.0,,0,0,16272,2,,,,,,3.0,2831.7724,7860.0,2310.0,-1,,,,,,,201929.0,2011,617,602,0,0,0,0,0,18.0,8.0,40.0,2011,MIS4_to_MIS8,indiana,0,2010-2011,0,1,0,1,retention
410809952442498,6,1.0,1,4,2,8700,87001,1,1,32,18,0,0,3.0,2.0,,0,1,63,2.0,1,39,1,,1,1,1,1,2,57,57,57,1,0,0,1.0,3.0,,,,,6.0,,,6.0,1.0,12.0,3.0,0.0,2,,,,,,,,,,,10726.859,2915.5272,0,0,,,0,0,947,1,1.0,,,,,,2983.5161,9470.0,3800.0,-1,4.0,,,,,,204341.0,2010,605,602,0,0,0,0,0,12.0,12.0,51.0,2010,2.0,1,8,2,8700,87001,1,32,18,0,0,3.0,2.0,,0,1,63,2.0,1,39,1,,1,1,1,2,57,57,57,1,0,0,2.0,5.0,,,,,,,,,,1.0,,,2,,,,,,,,,,,11359.3777,2737.7536,0,0,,,0,0,33185,1,1.0,,,,,,2798.9959,,,-1,4.0,,,,,,201940.0,2011,617,602,0,0,0,0,0,12.0,,,2011,MIS4_to_MIS8,indiana,0,2010-2011,0,1,0,0,retention
644196549800922,6,1.0,1,4,2,8700,87001,1,1,32,18,0,0,3.0,2.0,,0,3,60,1.0,2,44,1,,2,1,2,1,2,57,57,57,1,0,0,2.0,1.0,,55.0,1.0,20.0,,,1.0,,,3.0,3.0,0.0,1,2.0,2.0,2.0,,1000.0,2.0,2.0,,,,11810.5905,3090.6106,0,0,0.0,,0,0,22772,2,,,,,,2.0,3033.5891,7860.0,2310.0,-1,,,,,,,204366.0,2010,605,602,0,0,0,0,0,18.0,8.0,40.0,2010,1.0,1,8,2,8700,87001,1,32,18,0,0,3.0,2.0,,0,3,61,1.0,2,44,1,,1,2,1,2,57,57,57,1,0,0,2.0,1.0,,50.0,2.0,4.0,,,2.0,,,3.0,3.0,0.0,1,2.0,2.0,2.0,,1057.69,2.0,2.0,,,,10098.651,2637.953,0,0,0.0,,0,0,51713,2,,,,,,2.0,2631.7006,7860.0,2310.0,-1,,,,,,,201959.0,2011,617,602,0,0,0,0,0,18.0,8.0,40.0,2011,MIS4_to_MIS8,indiana,0,2010-2011,1,0,0,0,retention
81969084909596,6,1.0,1,4,2,8700,87001,1,1,32,18,14020,0,,1.0,,2,1,57,2.0,2,46,1,,1,1,1,1,2,555,57,57,3,0,6,1.0,1.0,,-4.0,,45.0,,,,,,2.0,3.0,0.0,1,2.0,2.0,2.0,,2444.44,2.0,2.0,,,,11504.0746,2873.9895,0,0,0.0,,0,0,5610,1,,,,,,,2849.4426,7870.0,2200.0,-1,,,,,,,204413.0,2010,605,602,0,0,0,0,0,18.0,8.0,40.0,2010,1.0,1,8,2,8700,87001,1,32,18,14020,0,,1.0,,2,1,58,2.0,2,46,1,,1,1,1,2,555,57,57,3,0,3,1.0,1.0,,40.0,,50.0,,,,,,2.0,5.0,0.0,1,2.0,2.0,2.0,,1153.0,2.0,2.0,,,,10193.3251,2586.151,0,0,1.0,,0,42,66446,1,,,,,,,2578.1573,7870.0,2200.0,-1,,,,,,,202014.0,2011,617,602,0,0,0,0,0,18.0,8.0,40.0,2011,MIS4_to_MIS8,indiana,0,2010-2011,0,1,0,1,retention
81969084909596,6,1.0,1,4,2,8700,87001,1,1,32,18,14020,0,,1.0,,2,3,63,1.0,1,46,1,,2,1,2,1,2,57,57,57,1,0,0,2.0,1.0,,-4.0,,45.0,,,,,,2.0,3.0,0.0,1,2.0,2.0,2.0,,2884.61,2.0,2.0,,,,11438.729,2803.2285,0,0,0.0,,0,0,5610,2,,,,,,,2738.5887,7870.0,2200.0,-1,,,,,,,204414.0,2010,605,602,0,0,0,0,0,18.0,8.0,40.0,2010,1.0,1,8,2,8700,87001,1,32,18,14020,0,,1.0,,2,3,65,1.0,1,46,1,,1,2,1,2,57,57,57,1,0,0,2.0,1.0,,40.0,,40.0,,,,,,2.0,5.0,0.0,1,1.0,2.0,2.0,,384.0,2.0,2.0,,,,11938.8111,2927.306,0,0,1.0,,0,42,66446,2,,,,,,,2874.0476,7870.0,2200.0,-1,,,,,,,202015.0,2011,617,602,0,0,0,0,0,18.0,8.0,40.0,2011,MIS4_to_MIS8,indiana,0,2010-2011,0,1,0,1,retention
193904006062829,6,1.0,1,4,2,8700,87001,1,1,32,18,0,0,,1.0,,0,1,49,2.0,1,44,1,,1,1,1,1,2,57,57,57,1,0,0,1.0,2.0,4.0,40.0,,,,,,,,5.0,3.0,0.0,1,2.0,2.0,2.0,,865.0,2.0,2.0,,,,11406.0251,2874.8873,4,2,1.0,,0,42,28405,1,,,,,,3.0,2849.9196,7860.0,2320.0,-1,,,,,,,204421.0,2010,605,602,0,0,0,1,0,18.0,8.0,40.0,2010,1.0,1,8,2,8700,87001,1,32,18,0,0,,1.0,,0,1,50,2.0,1,44,1,,1,1,1,2,57,57,57,1,0,0,1.0,2.0,4.0,40.0,,,,,,,,5.0,3.0,0.0,1,2.0,2.0,2.0,,1115.38,2.0,1.0,,,,11404.1212,2832.7885,4,1,0.0,,0,0,25979,1,,,,,,3.0,2850.4638,7860.0,2320.0,-1,,,,,,,202025.0,2011,617,602,0,0,0,1,0,18.0,8.0,40.0,2011,MIS4_to_MIS8,indiana,0,2010-2011,1,0,0,0,retention
199994508009879,6,1.0,1,4,2,8700,87001,1,1,32,18,33140,91,,1.0,,2,3,44,1.0,1,40,1,,2,1,2,1,2,57,57,57,1,0,0,2.0,1.0,,40.0,,40.0,,,,,,2.0,3.0,0.0,1,2.0,,1.0,2200.0,880.0,2.0,2.0,,,,10860.9249,2752.3351,0,0,1.0,1.0,0,42,59401,2,,,3.0,,,,2723.0996,9080.0,4250.0,-1,,,,,,,204447.0,2010,605,602,0,0,0,0,0,14.0,14.0,48.0,2010,1.0,1,8,2,8700,87001,1,32,18,33140,91,,1.0,,2,3,45,1.0,1,40,1,,1,2,1,2,57,57,57,1,0,0,2.0,1.0,,40.0,,40.0,,,,,,2.0,3.0,0.0,1,2.0,,1.0,2600.0,1040.0,2.0,2.0,,,,12043.936,2979.9742,0,0,1.0,1.0,0,42,33117,2,,,3.0,,,,3010.3857,9370.0,9620.0,-1,,,,,,,202043.0,2011,617,602,0,0,0,0,0,14.0,22.0,51.0,2011,MIS4_to_MIS8,indiana,0,2010-2011,1,0,0,0,retention
45392809600728,6,1.0,4,4,2,8700,87001,1,1,21,36,35620,47,1.0,1.0,,7,4,19,,1,40,2,,3,1,3,7,2,57,333,333,1,0,0,2.0,1.0,,20.0,,20.0,,,20.0,,,7.0,3.0,0.0,1,2.0,,1.0,800.0,160.0,2.0,2.0,1.0,1.0,2.0,16188.8424,3657.7027,0,0,0.0,0.0,0,0,41514,3,,,2.0,,,,3238.8587,7890.0,2340.0,-1,,,,,1.0,,215258.0,2010,605,602,0,0,0,0,0,13.0,8.0,40.0,2010,1.0,4,8,2,8700,87001,1,21,36,35620,47,1.0,1.0,,7,4,20,,1,40,2,,1,3,7,2,57,333,333,1,0,0,2.0,7.0,,,,,,,,,,1.0,,,2,,,,,,,,1.0,1.0,2.0,16106.9574,4289.0811,0,0,,,0,0,59702,3,,,3.0,,,,4114.7844,,,-1,,,,,1.0,,212485.0,2011,617,602,0,0,0,0,0,14.0,,,2011,MIS4_to_MIS8,new_york,0,2010-2011,0,1,0,0,retention
46779640729306,6,1.0,1,4,2,8700,87002,2,2,21,36,35620,47,1.0,1.0,,7,3,57,1.0,1,35,2,,2,1,2,1,2,333,333,333,5,0,8,2.0,1.0,,40.0,,40.0,,,,,,2.0,3.0,0.0,1,2.0,,1.0,1214.0,485.6,2.0,2.0,,,,16338.2757,4128.6715,0,0,1.0,1.0,0,42,61795,2,,,,,,,4086.0552,8570.0,9620.0,-1,,,,,,,215261.0,2010,605,602,0,0,0,0,0,9.0,22.0,44.0,2010,1.0,1,8,2,8700,87002,2,21,36,35620,47,1.0,1.0,,7,3,57,1.0,1,35,2,,1,2,1,2,333,333,333,5,0,8,2.0,1.0,,45.0,,45.0,,,,,,2.0,3.0,0.0,1,2.0,1.0,1.0,930.0,750.0,2.0,2.0,,,,15454.4993,3653.8777,0,0,0.0,1.0,0,0,27248,2,,,,,,,3589.0041,8570.0,4250.0,-1,,,,,,,212488.0,2011,617,602,0,0,0,0,0,9.0,14.0,44.0,2011,MIS4_to_MIS8,new_york,0,2010-2011,1,0,0,0,retention
49394959600908,6,1.0,6,4,2,8700,87001,1,1,21,36,15380,0,1.0,1.0,1.0,5,14,28,,2,44,1,,2,0,0,7,2,57,57,57,1,0,0,2.0,1.0,,40.0,,40.0,,,,,,2.0,2.0,0.0,1,2.0,,1.0,2718.0,1087.2,1.0,,,,,13265.6707,3412.6946,0,0,1.0,1.0,0,42,49782,2,,,,,,2.0,3363.9085,7860.0,2310.0,-1,,,,,,,215268.0,2010,605,602,0,0,0,0,0,18.0,8.0,40.0,2010,1.0,1,8,2,8700,87001,1,21,36,15380,0,1.0,1.0,1.0,5,3,29,1.0,2,44,1,,1,2,1,2,57,57,57,1,0,0,2.0,1.0,,40.0,,40.0,,,,,,2.0,3.0,0.0,1,2.0,2.0,2.0,,841.34,1.0,,,,,11675.3649,3020.7267,0,0,0.0,,0,0,27176,2,,,,,,2.0,2993.9827,7860.0,2310.0,-1,,,,,,,212501.0,2011,617,602,0,0,0,0,0,18.0,8.0,40.0,2011,MIS4_to_MIS8,new_york,0,2010-2011,1,0,0,0,retention
270361093234529,6,1.0,4,4,2,8700,87001,1,1,21,36,35620,47,1.0,1.0,,7,4,29,,2,40,2,,2,2,1,7,2,57,57,57,1,0,0,2.0,1.0,,40.0,5.0,1.0,,,5.0,,,4.0,3.0,0.0,1,2.0,1.0,1.0,2600.0,1019.23,1.0,,,,,13869.0064,3138.7458,1,1,0.0,0.0,0,0,14852,2,,,2.0,,,,3332.4122,6080.0,9240.0,-1,,,,,1.0,,215384.0,2010,605,602,1,0,0,0,1,13.0,22.0,23.0,2010,1.0,4,8,2,8700,87001,1,21,36,35620,47,1.0,1.0,,7,4,30,,2,40,2,,2,1,7,2,57,57,57,1,0,0,2.0,1.0,,40.0,,40.0,,,,,,2.0,3.0,0.0,1,2.0,1.0,1.0,815.0,1346.15,1.0,,,,,10758.7554,2683.6874,1,1,0.0,1.0,0,0,27249,2,,,2.0,,,,2591.6512,6180.0,9415.0,-1,,,,,1.0,,212607.0,2011,617,602,1,0,0,0,1,13.0,22.0,23.0,2011,MIS4_to_MIS8,new_york,0,2010-2011,1,0,0,0,retention
391944806025689,6,1.0,1,4,2,8700,87001,1,1,21,36,35620,5,1.0,1.0,,7,1,64,2.0,1,40,1,,1,1,1,1,2,501,501,501,4,0,5,1.0,1.0,,35.0,,35.0,,,,,,2.0,3.0,0.0,1,2.0,2.0,2.0,,769.23,1.0,,,,,13615.2804,3317.2574,0,0,0.0,,0,0,64778,1,,,3.0,,,,3259.685,7860.0,2020.0,-1,,,,,,,215442.0,2010,605,602,0,0,0,0,0,14.0,6.0,40.0,2010,1.0,1,8,2,8700,87001,1,21,36,35620,5,1.0,1.0,,7,1,65,2.0,1,40,1,,1,1,1,2,501,501,501,4,0,5,1.0,1.0,,35.0,13.0,7.0,,,13.0,,,4.0,3.0,0.0,1,2.0,2.0,2.0,,769.23,1.0,,,,,15058.2283,3745.4763,0,0,0.0,,0,0,27094,1,,,3.0,,,,3624.9895,7860.0,230.0,-1,,,,,,,212654.0,2011,617,602,0,0,0,0,0,14.0,1.0,40.0,2011,MIS4_to_MIS8,new_york,0,2010-2011,1,0,0,0,retention
391944806025689,6,1.0,1,4,2,8700,87001,1,1,21,36,35620,5,1.0,1.0,,7,3,62,1.0,2,44,1,,2,1,2,1,2,501,501,501,4,0,5,2.0,1.0,,35.0,,40.0,,,,,,2.0,3.0,0.0,1,2.0,2.0,2.0,,1846.15,1.0,,,,,13315.3837,3464.1621,0,0,0.0,,0,0,64778,2,,,,,,3.0,3420.1002,7860.0,230.0,-1,,,,,,,215443.0,2010,605,602,0,0,0,0,0,18.0,1.0,40.0,2010,1.0,1,8,2,8700,87001,1,21,36,35620,5,1.0,1.0,,7,3,63,1.0,2,44,1,,1,2,1,2,501,501,501,4,0,5,2.0,1.0,,35.0,,35.0,,,,,,2.0,3.0,0.0,1,2.0,2.0,2.0,,2115.38,1.0,,,,,13143.1516,3482.8064,0,0,0.0,,0,0,27094,2,,,,,,3.0,3425.0951,7860.0,2550.0,-1,,,,,,,212655.0,2011,617,602,0,0,0,0,0,18.0,8.0,40.0,2011,MIS4_to_MIS8,new_york,0,2010-2011,1,0,0,0,retention
430609958308299,6,1.0,1,4,2,8700,87001,1,1,21,36,40380,55,1.0,1.0,,5,1,22,2.0,2,40,4,,1,1,1,1,2,205,205,205,5,0,21,1.0,1.0,,40.0,,40.0,,,,,,2.0,3.0,0.0,1,2.0,,1.0,1099.0,439.6,1.0,,2.0,,,15908.1875,4109.0514,1,1,0.0,0.0,0,0,61815,1,,,3.0,,,,3923.7515,7860.0,2860.0,-1,,,,,,,215527.0,2010,605,602,1,0,0,0,1,14.0,9.0,40.0,2010,1.0,1,8,2,8700,87001,1,21,36,40380,55,1.0,1.0,,5,1,23,2.0,2,40,4,,1,1,1,2,205,205,205,5,0,21,1.0,1.0,,40.0,,40.0,,,,,,2.0,3.0,0.0,1,2.0,1.0,1.0,1207.0,371.0,2.0,2.0,2.0,,,11203.4016,2775.7044,2,1,0.0,0.0,0,0,39118,1,,,3.0,,,,2733.6985,7860.0,2860.0,-1,,,,,,,212731.0,2011,617,602,0,1,0,0,1,14.0,9.0,40.0,2011,MIS4_to_MIS8,new_york,0,2010-2011,1,0,0,0,retention
609800432700943,6,1.0,7,4,2,8700,87001,1,1,21,36,35620,81,1.0,1.0,,7,2,41,,2,44,4,,1,0,0,3,2,233,233,233,4,0,13,1.0,1.0,,30.0,,30.0,,,22.0,,,7.0,3.0,0.0,1,2.0,1.0,1.0,1280.0,350.0,1.0,,,,,13530.8095,3369.8296,0,0,1.0,1.0,0,0,7796,1,,,,,,2.0,3338.2387,7860.0,2320.0,-1,,,,,,,215614.0,2010,605,602,0,0,0,0,0,18.0,8.0,40.0,2010,3.0,7,8,2,8700,87001,1,21,36,35620,81,1.0,1.0,,7,2,42,,2,44,4,,0,0,3,2,233,233,233,4,0,13,2.0,1.0,,30.0,,30.0,,,22.0,,,7.0,3.0,0.0,1,2.0,1.0,1.0,1800.0,1923.07,2.0,1.0,,,,14283.3598,3734.1453,0,0,0.0,1.0,0,0,59758,1,,,,,,2.0,3683.7297,7860.0,2320.0,-1,,,,,,,212814.0,2011,617,602,0,0,0,0,0,18.0,8.0,40.0,2011,MIS4_to_MIS8,new_york,0,2010-2011,1,0,0,0,retention
639820176620943,6,1.0,6,4,2,8700,87001,1,1,21,36,35620,61,1.0,1.0,,7,2,37,,1,44,1,,1,0,0,7,2,109,57,109,3,0,6,1.0,1.0,,50.0,,50.0,,,,,,2.0,3.0,0.0,1,2.0,2.0,2.0,,876.92,1.0,,,,,11598.7263,2908.1206,0,0,0.0,,0,0,61838,1,,,,,,2.0,2908.0845,7860.0,2320.0,-1,,,,,,,215657.0,2010,605,602,0,0,0,0,0,18.0,8.0,40.0,2010,1.0,6,8,2,8700,87001,1,21,36,35620,61,1.0,1.0,,7,2,38,,1,44,1,,0,0,7,2,109,57,109,3,0,6,1.0,1.0,,40.0,,35.0,,,,,,2.0,4.0,0.0,1,2.0,2.0,2.0,,2884.61,1.0,,,,,12460.7994,3131.7184,0,0,1.0,,0,0,27356,1,,,,,,2.0,3114.1986,7860.0,2320.0,-1,,,,,,,212846.0,2011,617,602,0,0,0,0,0,18.0,8.0,40.0,2011,MIS4_to_MIS8,new_york,0,2010-2011,0,1,0,1,retention
643391099600414,6,1.0,4,4,2,8700,87001,1,1,21,36,35620,5,1.0,1.0,,7,1,55,,2,40,2,,1,1,1,5,2,333,333,333,4,0,11,1.0,1.0,,40.0,,40.0,,,,,,2.0,3.0,0.0,1,2.0,,1.0,1500.0,600.0,2.0,2.0,,,,12358.0749,2896.9586,0,0,1.0,1.0,0,42,56853,1,,,3.0,,,,2861.7327,8190.0,3600.0,-1,,,,,,,215659.0,2010,605,602,0,0,0,0,0,14.0,11.0,41.0,2010,1.0,4,8,2,8700,87001,1,21,36,35620,5,1.0,1.0,,7,1,56,,2,40,2,,1,1,5,2,333,333,333,4,0,11,1.0,1.0,,38.0,,38.0,,,,,,2.0,5.0,0.0,1,2.0,1.0,1.0,1600.0,615.38,1.0,,,,,10075.5832,2864.5941,0,0,0.0,0.0,0,0,1260,1,,,3.0,,,,2853.9681,8190.0,3600.0,-1,,,,,,,212848.0,2011,617,602,0,0,0,0,0,14.0,11.0,41.0,2011,MIS4_to_MIS8,new_york,0,2010-2011,0,1,0,1,retention
648392959600966,6,1.0,1,4,2,8700,87001,1,1,21,36,35620,85,1.0,1.0,,7,4,35,,2,43,1,,3,1,3,7,2,57,57,57,1,0,0,2.0,1.0,,40.0,,40.0,,,,,,2.0,2.0,0.0,1,1.0,,1.0,2600.0,1066.0,1.0,,,,,13711.4592,3418.5197,0,0,1.0,1.0,0,42,56959,3,,,,2.0,,,3382.8075,9570.0,3910.0,-1,,,,,2.0,1.0,215670.0,2010,605,602,0,0,0,0,0,16.0,12.0,51.0,2010,1.0,1,8,2,8700,87001,1,21,36,35620,85,1.0,1.0,,7,4,36,,2,43,1,,1,3,7,2,57,57,57,1,0,0,2.0,1.0,,50.0,,50.0,,,,,,2.0,4.0,0.0,1,2.0,2.0,2.0,,1350.0,2.0,2.0,,,,15674.4208,4088.066,0,0,1.0,,0,0,27481,3,,,,2.0,,,4042.4893,7270.0,2145.0,-1,,,,,2.0,1.0,212858.0,2011,617,602,0,0,0,0,0,16.0,7.0,36.0,2011,MIS4_to_MIS8,new_york,0,2010-2011,0,1,0,1,retention
663842024907792,6,1.0,1,4,2,8700,87001,1,1,21,36,35620,85,1.0,1.0,,7,1,46,2.0,1,43,1,,1,1,1,1,2,57,57,57,1,0,0,1.0,1.0,,40.0,,40.0,,,,,,2.0,3.0,0.0,1,1.0,2.0,2.0,,1730.76,2.0,2.0,,,,13155.727,3296.6528,10,2,0.0,,0,0,29884,1,,,,2.0,,,3287.1016,9470.0,3850.0,-1,,,,,,,215685.0,2010,605,602,0,0,1,1,0,16.0,12.0,51.0,2010,1.0,1,8,2,8700,87001,1,21,36,35620,85,1.0,1.0,,7,1,47,2.0,1,43,1,,1,1,1,2,57,57,57,1,0,0,1.0,1.0,,40.0,,46.0,,,,,,2.0,3.0,0.0,1,1.0,2.0,2.0,,2211.53,1.0,,,,,14883.2178,3735.6574,4,2,0.0,,0,0,39306,1,,,,2.0,,,3720.0651,9470.0,3850.0,-1,,,,,,,212871.0,2011,617,602,0,0,0,1,0,16.0,12.0,51.0,2011,MIS4_to_MIS8,new_york,0,2010-2011,1,0,0,0,retention
663842024907792,6,1.0,1,4,2,8700,87001,1,1,21,36,35620,85,1.0,1.0,,7,3,46,1.0,2,44,1,,2,1,2,1,2,57,57,57,1,0,0,2.0,1.0,,40.0,,40.0,,,,,,2.0,3.0,0.0,1,2.0,2.0,2.0,,1442.3,1.0,,,,,13507.2175,3357.6808,10,2,0.0,,0,0,29884,2,,,,,,2.0,3364.1292,7860.0,2310.0,-1,,,,,,,215686.0,2010,605,602,0,0,1,1,0,18.0,8.0,40.0,2010,1.0,1,8,2,8700,87001,1,21,36,35620,85,1.0,1.0,,7,3,47,1.0,2,44,1,,1,2,1,2,57,57,57,1,0,0,2.0,1.0,,35.0,,35.0,,,,,,2.0,3.0,0.0,1,2.0,2.0,2.0,,1730.76,1.0,,,,,13448.752,3288.6495,4,2,0.0,,0,0,39306,2,,,,,,2.0,3291.9437,7860.0,2310.0,-1,,,,,,,212872.0,2011,617,602,0,0,0,1,0,18.0,8.0,40.0,2011,MIS4_to_MIS8,new_york,0,2010-2011,1,0,0,0,retention
806439340359303,6,2.0,1,4,2,8700,87001,1,1,21,36,35620,81,1.0,1.0,,7,3,40,1.0,2,43,1,,2,1,2,1,2,163,163,163,5,21,5,1.0,1.0,,40.0,,40.0,,,,,,2.0,3.0,0.0,1,2.0,1.0,1.0,5600.0,1923.0,1.0,,,,,13673.3931,3417.6565,9,3,1.0,1.0,0,0,15150,2,,,,2.0,,,3373.4161,8190.0,3130.0,-1,,,,,,,215771.0,2010,605,602,0,1,0,1,1,16.0,10.0,41.0,2010,2.0,1,8,2,8700,87001,1,21,36,35620,81,1.0,1.0,,7,3,41,1.0,2,43,1,,1,2,1,2,163,163,163,5,21,5,1.0,1.0,,40.0,,40.0,,,,,,2.0,4.0,0.0,1,2.0,2.0,2.0,,1153.84,1.0,,,,,14044.3019,3627.6012,9,2,0.0,,0,0,12115,2,,,,2.0,,,3622.0758,8190.0,3255.0,-1,,,,,,,212974.0,2011,617,602,0,1,0,1,1,16.0,10.0,41.0,2011,MIS4_to_MIS8,new_york,0,2010-2011,0,1,0,1,retention
896149240859305,6,5.0,1,4,2,8700,87001,1,1,21,36,35620,47,1.0,1.0,,7,3,40,1.0,2,38,1,,2,1,2,1,2,57,120,120,1,0,0,2.0,1.0,,35.0,,35.0,,,,,,2.0,3.0,0.0,1,2.0,2.0,2.0,,480.76,1.0,,,,,13673.3931,3417.6565,10,2,0.0,,0,0,29675,2,,,,,,,3373.4161,7860.0,730.0,-1,,,,,,,215825.0,2010,605,602,0,0,1,1,0,12.0,2.0,40.0,2010,2.0,1,8,2,8700,87001,1,21,36,35620,47,1.0,1.0,,7,3,42,1.0,2,40,1,,1,2,1,2,57,120,120,1,0,0,1.0,1.0,,35.0,,35.0,,,,,,2.0,3.0,0.0,1,2.0,2.0,2.0,,673.07,1.0,,,,,14044.3019,3627.6012,4,2,0.0,,0,0,11855,2,,,2.0,,,,3622.0758,7860.0,5940.0,-1,,,,,,,213035.0,2011,617,602,0,0,0,1,0,13.0,17.0,40.0,2011,MIS4_to_MIS8,new_york,0,2010-2011,1,0,0,0,retention
896989540549309,6,1.0,1,4,2,8700,87001,1,1,21,36,35620,85,1.0,1.0,,7,1,47,2.0,1,40,2,,1,1,1,1,2,57,57,57,1,0,0,1.0,1.0,,66.0,,66.0,,,,,,2.0,2.0,0.0,1,1.0,2.0,2.0,,1500.0,1.0,,,,,17390.6703,4646.092,4,1,0.0,,0,0,29885,1,,,3.0,,,,4598.1349,9570.0,9120.0,-1,3.0,,,,,,215829.0,2010,605,602,0,0,0,1,0,14.0,22.0,51.0,2010,1.0,1,8,2,8700,87001,1,21,36,35620,85,1.0,1.0,,7,1,48,2.0,1,40,2,,1,1,1,2,57,57,57,1,0,0,1.0,1.0,,61.0,,61.0,,,,,,2.0,2.0,0.0,1,1.0,1.0,1.0,2996.0,1846.15,1.0,,,,,17593.0611,4007.627,0,0,0.0,0.0,0,0,1480,1,,,1.0,,,,3936.4727,6180.0,9120.0,-1,3.0,,,,,,213039.0,2011,617,602,0,0,0,0,0,12.0,22.0,23.0,2011,MIS4_to_MIS8,new_york,0,2010-2011,1,0,0,0,retention
900056633349000,6,3.0,4,4,2,8700,87001,1,1,21,36,35620,81,1.0,1.0,,7,1,24,,2,43,4,,3,1,1,7,2,57,202,57,1,0,0,1.0,1.0,,40.0,,40.0,,,,,,2.0,2.0,0.0,1,2.0,2.0,2.0,,923.07,2.0,2.0,2.0,,,17219.1426,4417.1225,0,0,0.0,,0,0,33058,3,,,,2.0,,,4247.0984,8190.0,800.0,-1,,,,,2.0,,215833.0,2010,605,602,0,0,0,0,0,16.0,2.0,41.0,2010,1.0,4,8,2,8700,87001,1,21,36,35620,81,1.0,1.0,,7,1,25,,2,43,4,,1,1,7,2,57,202,57,1,0,0,2.0,1.0,,40.0,,40.0,,,,,,2.0,5.0,0.0,1,2.0,,1.0,1900.0,760.0,1.0,,,,,13181.1833,3535.0785,0,0,1.0,1.0,0,42,68568,3,,,,2.0,,,3380.1286,8190.0,800.0,-1,,,,,2.0,,213043.0,2011,617,602,0,0,0,0,0,16.0,2.0,41.0,2011,MIS4_to_MIS8,new_york,0,2010-2011,0,1,0,1,retention
933056843349300,6,1.0,1,4,2,8700,87001,1,1,21,36,35620,81,1.0,1.0,,7,4,24,,1,40,1,,6,1,3,7,2,57,57,329,1,0,0,2.0,1.0,,40.0,,40.0,,,,,,2.0,3.0,0.0,1,2.0,2.0,2.0,,519.0,1.0,,2.0,,,15194.3051,3723.0333,0,0,1.0,,22,42,15151,6,,,3.0,,,,3685.758,7870.0,2340.0,-1,,,,,3.0,1.0,215875.0,2010,605,602,0,0,0,0,0,14.0,8.0,40.0,2010,3.0,1,8,2,8700,87001,1,21,36,35620,81,1.0,1.0,,7,4,26,,1,40,1,,1,3,7,2,57,57,329,1,0,0,2.0,1.0,,40.0,,40.0,,,,,,2.0,4.0,0.0,1,1.0,2.0,2.0,,711.0,2.0,2.0,,,,13492.8016,3428.4829,0,0,1.0,,0,42,27450,6,,,4.0,,,,3414.6526,6690.0,6355.0,-1,,,,,3.0,1.0,213081.0,2011,617,602,0,0,0,0,0,15.0,19.0,29.0,2011,MIS4_to_MIS8,new_york,0,2010-2011,0,1,0,1,retention
958046899349590,6,1.0,1,4,2,8700,87001,1,1,21,36,35620,85,1.0,1.0,,7,1,52,2.0,2,43,1,2.0,1,1,1,1,2,73,73,73,2,0,2,1.0,1.0,,70.0,,70.0,,,,,,2.0,2.0,0.0,1,2.0,2.0,2.0,,2701.0,1.0,,,,,13246.9895,3341.4571,0,0,1.0,,0,0,64875,1,,,,2.0,,,3299.3164,9570.0,3910.0,-1,,,,,3.0,,215912.0,2010,605,602,0,0,0,0,0,16.0,12.0,51.0,2010,1.0,1,8,2,8700,87001,1,21,36,35620,85,1.0,1.0,,7,1,53,2.0,2,43,1,2.0,1,1,1,2,73,73,73,2,0,5,1.0,1.0,,38.0,,68.0,,,,,,2.0,2.0,0.0,1,2.0,2.0,2.0,,1472.28,1.0,,,,,11507.0806,2810.1574,0,0,0.0,,0,0,48711,1,,,,2.0,,,2816.6674,9570.0,5000.0,5510,,,,,3.0,,213108.0,2011,617,602,0,0,0,0,0,16.0,17.0,51.0,2011,MIS4_to_MIS8,new_york,0,2010-2011,1,0,0,0,retention
95573460989397,6,1.0,1,4,2,8700,87001,1,1,21,36,10580,0,2.0,1.0,,4,1,45,2.0,2,43,1,,1,1,1,1,2,57,57,57,1,0,0,1.0,1.0,,-4.0,,6.0,,,22.0,,,7.0,3.0,0.0,1,2.0,2.0,1.0,1000.0,60.0,2.0,2.0,,,,11869.6869,2971.0211,10,3,1.0,1.0,0,42,49741,1,,,,2.0,,,2956.2832,8470.0,2300.0,-1,,,,,,,216071.0,2010,605,602,0,0,1,1,0,16.0,8.0,43.0,2010,1.0,1,8,2,8700,87001,1,21,36,10580,0,2.0,1.0,,4,1,46,2.0,2,43,1,,1,1,1,2,57,57,57,1,0,0,1.0,1.0,,-4.0,,10.0,,,17.0,,,7.0,4.0,0.0,1,2.0,2.0,2.0,,738.0,2.0,2.0,,,,13572.0169,3366.5587,10,3,1.0,,0,42,48465,1,,,,2.0,,,3322.1161,7860.0,2300.0,-1,,,,,,,213260.0,2011,617,602,0,0,1,1,0,16.0,8.0,40.0,2011,MIS4_to_MIS8,new_york,0,2010-2011,0,1,0,1,retention
95573460989397,6,1.0,1,4,2,8700,87001,1,1,21,36,10580,0,2.0,1.0,,4,3,45,1.0,1,44,1,,2,1,2,1,2,57,57,57,1,0,0,2.0,1.0,,40.0,,40.0,,,,,,2.0,3.0,0.0,1,2.0,2.0,2.0,,2211.0,1.0,,,,,12713.4616,3207.8579,10,3,1.0,,0,42,49741,2,,,,,,3.0,3176.5968,7860.0,2320.0,-1,,,,,,,216072.0,2010,605,602,0,0,1,1,0,18.0,8.0,40.0,2010,1.0,1,8,2,8700,87001,1,21,36,10580,0,2.0,1.0,,4,3,47,1.0,1,44,1,,1,2,1,2,57,57,57,1,0,0,2.0,1.0,,40.0,,40.0,,,,,,2.0,3.0,0.0,1,2.0,2.0,2.0,,2692.0,1.0,,,,,14557.1683,3706.4087,10,3,1.0,,0,42,48465,2,,,,,,3.0,3638.5689,7860.0,2320.0,-1,,,,,,,213261.0,2011,617,602,0,0,1,1,0,18.0,8.0,40.0,2011,MIS4_to_MIS8,new_york,0,2010-2011,1,0,0,0,retention
146720240300301,6,3.0,1,4,2,8700,87001,1,1,21,36,10580,0,2.0,1.0,,4,4,24,,1,41,7,,3,1,3,7,2,57,57,57,1,0,0,1.0,1.0,,38.0,,46.0,,,,,,2.0,2.0,0.0,1,2.0,,1.0,2100.0,168.0,1.0,,2.0,,,13903.4441,3243.7697,0,0,0.0,0.0,0,0,1726,3,,,3.0,,,,3372.6274,570.0,5400.0,5240,,,,,2.0,2.0,216080.0,2010,605,602,0,0,0,0,0,14.0,17.0,24.0,2010,1.0,1,8,2,8700,87001,1,21,36,10580,0,2.0,1.0,,4,4,25,,1,41,7,,1,3,7,2,57,57,57,1,0,0,2.0,1.0,,40.0,,40.0,,,,,,2.0,2.0,0.0,1,2.0,1.0,1.0,1150.0,425.0,1.0,,,,,15893.5864,4093.8817,0,0,0.0,0.0,0,0,16744,3,,,3.0,,,,4022.2244,9390.0,3820.0,-1,,,,,2.0,2.0,213268.0,2011,617,602,0,0,0,0,0,14.0,12.0,51.0,2011,MIS4_to_MIS8,new_york,0,2010-2011,1,0,0,0,retention
149398839600258,6,1.0,1,4,2,8700,87001,1,1,21,36,35620,103,2.0,1.0,,7,3,48,1.0,2,43,1,,2,1,2,1,2,57,57,57,1,0,0,2.0,1.0,,40.0,,40.0,,,,,,2.0,3.0,0.0,1,2.0,,1.0,2130.0,852.0,1.0,,,,,12066.7788,3020.3538,10,2,0.0,0.0,0,0,29932,2,,,,2.0,,,3005.3712,7860.0,2550.0,-1,,,,,,,216082.0,2010,605,602,0,0,1,1,0,16.0,8.0,40.0,2010,2.0,1,8,2,8700,87001,1,21,36,35620,103,2.0,1.0,,7,3,49,1.0,2,43,1,,1,2,1,2,57,57,57,1,0,0,1.0,1.0,,30.0,,60.0,,,,,,2.0,3.0,0.0,1,2.0,,1.0,2350.0,705.0,1.0,,,,,13901.2989,3448.2376,4,2,0.0,0.0,0,0,68592,2,,,,2.0,,,3402.7167,7860.0,1107.0,1030,,,,,,,213270.0,2011,617,602,0,0,0,1,0,16.0,3.0,40.0,2011,MIS4_to_MIS8,new_york,0,2010-2011,1,0,0,0,retention
346395289600750,6,1.0,7,4,2,8700,87001,1,1,21,36,35620,119,2.0,1.0,,7,14,33,,2,43,1,4.0,2,0,0,5,2,364,364,364,5,0,13,2.0,1.0,,37.0,,37.0,,,,,,2.0,3.0,0.0,1,2.0,2.0,2.0,,961.53,1.0,,,,,10742.801,2766.1816,0,0,0.0,,0,0,15280,2,,,,2.0,,,2724.1592,7860.0,310.0,-1,,,,,,,216152.0,2010,605,602,0,0,0,0,0,16.0,1.0,40.0,2010,2.0,7,8,2,8700,87001,1,21,36,35620,119,2.0,1.0,,7,14,34,,2,43,1,4.0,0,0,5,2,364,364,364,5,0,13,1.0,1.0,,40.0,,40.0,,,,,,2.0,3.0,0.0,1,2.0,2.0,2.0,,900.0,1.0,,,,,11091.0002,2925.5392,0,0,0.0,,0,0,39395,2,,,,2.0,,,2844.1306,7860.0,4010.0,-1,,,,,,,213334.0,2011,617,602,0,0,0,0,0,16.0,13.0,40.0,2011,MIS4_to_MIS8,new_york,0,2010-2011,1,0,0,0,retention
398954302056607,6,1.0,7,4,2,8700,87001,1,1,21,36,35620,119,2.0,1.0,,7,2,30,,2,44,1,,1,0,0,7,2,57,128,102,1,0,0,1.0,1.0,,35.0,,35.0,,,,,,2.0,3.0,0.0,1,2.0,2.0,2.0,,884.61,2.0,2.0,,,,12240.9894,3132.1237,0,0,0.0,,0,0,1756,1,,,,,,2.0,3104.0698,6990.0,5840.0,-1,,,,,,,216193.0,2010,605,602,0,0,0,0,0,18.0,17.0,33.0,2010,2.0,7,8,2,8700,87001,1,21,36,35620,119,2.0,1.0,,7,2,30,,2,44,1,,0,0,7,2,57,128,102,1,0,0,2.0,1.0,,37.0,,37.0,,,,,,2.0,3.0,0.0,1,2.0,2.0,2.0,,925.0,1.0,,,,,11460.8033,2962.046,0,0,0.0,,0,0,48775,1,,,,,,2.0,2938.9614,9570.0,3245.0,-1,,,,,,,213375.0,2011,617,602,0,0,0,0,0,18.0,10.0,51.0,2011,MIS4_to_MIS8,new_york,0,2010-2011,1,0,0,0,retention
430600022740113,6,2.0,1,4,2,8700,87001,1,1,21,36,10580,0,2.0,1.0,,4,1,41,2.0,1,39,1,,1,1,1,1,2,57,57,57,1,0,0,2.0,1.0,,40.0,,40.0,,,,,,2.0,2.0,0.0,1,2.0,2.0,2.0,,136.0,2.0,2.0,,,,12712.8971,3225.1047,3,2,1.0,,0,42,68568,1,1.0,,,,,,3187.4344,9470.0,3820.0,-1,2.0,,,,,,216211.0,2010,605,602,0,0,1,0,0,12.0,12.0,51.0,2010,2.0,1,8,2,8700,87001,1,21,36,10580,0,2.0,1.0,,4,1,43,2.0,1,39,1,,1,1,1,2,57,57,57,1,0,0,2.0,1.0,,40.0,,40.0,,,,,,2.0,2.0,0.0,1,1.0,2.0,2.0,,535.0,1.0,,,,,13111.0185,3329.5576,3,2,1.0,,0,42,56167,1,1.0,,,,,,3276.7012,9470.0,3820.0,-1,2.0,,,,,,213391.0,2011,617,602,0,0,1,0,0,12.0,12.0,51.0,2011,MIS4_to_MIS8,new_york,0,2010-2011,1,0,0,0,retention
610220143070043,6,1.0,1,4,2,8700,87001,1,1,21,36,10580,0,2.0,1.0,,4,3,42,1.0,1,39,1,,2,1,2,1,2,57,57,57,1,0,0,2.0,1.0,,40.0,,40.0,,,,,,2.0,3.0,0.0,1,2.0,2.0,2.0,,136.0,1.0,,,,,12712.8971,3225.1047,10,2,1.0,,0,0,49939,2,1.0,,,,,,3187.4344,9470.0,3710.0,-1,2.0,,,,,,216300.0,2010,605,602,0,0,1,1,0,12.0,12.0,51.0,2010,2.0,1,8,2,8700,87001,1,21,36,10580,0,2.0,1.0,,4,3,43,1.0,1,42,1,,1,2,1,2,57,57,57,1,0,0,1.0,1.0,,40.0,,40.0,,,,,,2.0,3.0,0.0,1,1.0,2.0,2.0,,535.0,1.0,,,,,13111.0185,3329.5576,10,2,1.0,,0,42,39292,2,,,3.0,,,,3276.7012,9470.0,3710.0,-1,2.0,,,,,,213491.0,2011,617,602,0,0,1,1,0,14.0,12.0,51.0,2011,MIS4_to_MIS8,new_york,0,2010-2011,1,0,0,0,retention
770666090534849,6,1.0,1,4,2,8700,87001,1,1,21,36,35620,59,2.0,1.0,,7,1,45,2.0,2,39,1,,1,1,1,1,2,57,57,120,1,0,0,1.0,1.0,,40.0,,40.0,,,,,,2.0,3.0,0.0,1,2.0,2.0,2.0,,480.0,1.0,,,,,12066.7788,3020.3538,0,0,1.0,,0,42,64818,1,1.0,,,,,,3005.3712,7860.0,5700.0,-1,,,,,,,216407.0,2010,605,602,0,0,0,0,0,12.0,17.0,40.0,2010,2.0,1,8,2,8700,87001,1,21,36,35620,59,2.0,1.0,,7,1,46,2.0,2,40,1,,1,1,1,2,57,57,120,1,0,0,2.0,1.0,,35.0,,35.0,,,,,,2.0,4.0,0.0,1,2.0,2.0,2.0,,1000.0,1.0,,,,,13901.2989,3448.2376,0,0,0.0,,0,0,27334,1,,,3.0,,,,3402.7167,7890.0,5700.0,-1,,,,,,,213612.0,2011,617,602,0,0,0,0,0,14.0,17.0,40.0,2011,MIS4_to_MIS8,new_york,0,2010-2011,0,1,0,1,retention
790663098234939,6,2.0,1,4,2,8700,87001,1,1,21,36,35620,103,2.0,1.0,,7,1,50,2.0,1,40,1,,1,1,1,1,2,57,57,57,1,0,0,2.0,1.0,,40.0,,40.0,,,,,,2.0,3.0,0.0,1,1.0,,1.0,4500.0,2001.0,1.0,,,,,12261.5396,3092.6531,0,0,0.0,0.0,0,0,1743,1,,,3.0,,,,3063.6792,8190.0,8610.0,-1,,,,,,,216411.0,2010,605,602,0,0,0,0,0,14.0,21.0,41.0,2010,1.0,1,8,2,8700,87001,1,21,36,35620,103,2.0,1.0,,7,1,52,2.0,1,40,1,,1,1,1,2,57,57,57,1,0,0,1.0,1.0,,40.0,,40.0,,,,,,2.0,3.0,0.0,1,2.0,1.0,1.0,4600.0,1923.07,1.0,,,,,14174.3861,3623.1717,0,0,0.0,0.0,0,0,4386,1,,,3.0,,,,3542.8924,7290.0,5000.0,-1,,,,,,,213616.0,2011,617,602,0,0,0,0,0,14.0,17.0,36.0,2011,MIS4_to_MIS8,new_york,0,2010-2011,1,0,0,0,retention
804902633499936,6,1.0,1,4,2,8700,87001,1,1,21,36,35620,103,2.0,1.0,,7,1,55,2.0,2,44,1,,1,1,1,1,2,57,57,57,1,0,0,1.0,1.0,,40.0,,40.0,,,,,,2.0,2.0,0.0,1,2.0,2.0,2.0,,961.0,1.0,,,,,12050.8536,3013.8116,4,1,1.0,,0,0,15227,1,,,,,,3.0,2984.8742,7860.0,2310.0,-1,,,,,,,216414.0,2010,605,602,0,0,0,1,0,18.0,8.0,40.0,2010,2.0,1,8,2,8700,87001,1,21,36,35620,103,2.0,1.0,,7,1,57,2.0,2,44,1,,1,1,1,2,57,57,57,1,0,0,1.0,1.0,,40.0,,40.0,,,,,,2.0,3.0,0.0,1,2.0,2.0,2.0,,1150.0,1.0,,,,,12717.2771,3320.2017,4,1,0.0,,0,0,4383,1,,,,,,3.0,3216.5305,7860.0,2310.0,-1,,,,,,,213619.0,2011,617,602,0,0,0,1,0,18.0,8.0,40.0,2011,MIS4_to_MIS8,new_york,0,2010-2011,1,0,0,0,retention
836059840269307,6,1.0,4,4,2,8700,87001,1,1,21,36,35620,103,2.0,1.0,,7,6,39,2.0,1,40,1,,3,2,1,1,2,57,57,57,1,0,0,2.0,1.0,,40.0,,40.0,,,,,,2.0,2.0,0.0,1,2.0,2.0,2.0,,326.0,2.0,2.0,,,,12327.7478,3112.2811,0,0,1.0,,22,42,41722,3,,,3.0,,,,3090.868,7870.0,9620.0,-1,,,,,,,216448.0,2010,605,602,0,0,0,0,0,14.0,22.0,40.0,2010,2.0,4,8,2,8700,87001,1,21,36,35620,103,2.0,1.0,,7,6,40,2.0,1,40,1,,2,1,1,2,57,57,57,1,0,0,2.0,1.0,,40.0,,40.0,,,,,,2.0,4.0,0.0,1,2.0,2.0,2.0,,1153.0,2.0,2.0,,,,13429.1158,3410.3388,0,0,1.0,,0,42,56185,3,,,3.0,,,,3356.1999,7460.0,9620.0,-1,,,,,,,213645.0,2011,617,602,0,0,0,0,0,14.0,22.0,36.0,2011,MIS4_to_MIS8,new_york,0,2010-2011,0,1,0,1,retention
904908883295136,6,2.0,1,4,2,8700,87001,1,1,21,36,35620,103,2.0,1.0,,7,3,68,1.0,2,43,1,,2,1,2,1,2,57,119,119,1,0,0,1.0,1.0,,38.0,,38.0,,,,,,2.0,2.0,0.0,1,2.0,2.0,2.0,,1846.15,1.0,,,,,11068.9082,2695.2181,0,0,0.0,,0,0,15225,2,,,,1.0,1.0,,2633.1641,8190.0,3130.0,-1,,,,,,,216480.0,2010,605,602,0,0,0,0,0,18.0,10.0,41.0,2010,1.0,1,8,2,8700,87001,1,21,36,35620,103,2.0,1.0,,7,3,69,1.0,2,43,1,,1,2,1,2,57,119,119,1,0,0,2.0,1.0,,15.0,,15.0,,,21.0,,,7.0,2.0,0.0,1,2.0,,1.0,4500.0,675.0,1.0,,,,,11703.6106,3150.6509,0,0,0.0,0.0,0,0,4382,2,,,,1.0,1.0,,3006.6538,8190.0,3255.0,-1,,,,,,,213678.0,2011,617,602,0,0,0,0,0,18.0,10.0,41.0,2011,MIS4_to_MIS8,new_york,0,2010-2011,1,0,0,0,retention
940076685349670,6,1.0,1,4,2,8700,87001,1,1,21,36,35620,59,2.0,1.0,,7,3,38,1.0,1,40,1,,2,1,2,1,2,57,57,57,1,0,0,2.0,1.0,,36.0,,36.0,,,,,,2.0,3.0,0.0,1,1.0,2.0,2.0,,1923.07,1.0,,,,,12327.7478,3112.2811,1,1,0.0,,0,0,56907,2,,,2.0,,,,3090.868,9470.0,3850.0,-1,,,,,,,216494.0,2010,605,602,1,0,0,0,1,13.0,12.0,51.0,2010,2.0,1,8,2,8700,87001,1,21,36,35620,59,2.0,1.0,,7,3,39,1.0,1,40,1,,1,2,1,2,57,57,57,1,0,0,1.0,2.0,5.0,40.0,,,,,,,,5.0,3.0,0.0,1,1.0,2.0,2.0,,2155.38,1.0,,,,,13794.9082,3516.9145,1,1,0.0,,0,0,27332,2,,,4.0,,,,3447.6186,9470.0,3850.0,-1,,,,,,,213689.0,2011,617,602,1,0,0,0,1,15.0,12.0,51.0,2011,MIS4_to_MIS8,new_york,0,2010-2011,1,0,0,0,retention
996016841349190,6,1.0,1,4,2,8700,87001,1,1,21,36,40380,0,2.0,1.0,,5,1,60,2.0,2,39,1,,1,1,1,1,2,57,57,57,1,0,0,1.0,1.0,,14.0,,14.0,,,22.0,,,7.0,3.0,0.0,1,2.0,2.0,2.0,,101.0,1.0,,,,,11701.1098,3065.2403,0,0,1.0,,0,0,15272,1,1.0,,,,,,3005.4686,7860.0,3950.0,-1,,,,,,,216547.0,2010,605,602,0,0,0,0,0,12.0,12.0,40.0,2010,1.0,1,8,2,8700,87001,1,21,36,40380,0,2.0,1.0,,5,1,61,2.0,2,39,1,,1,1,1,2,57,57,57,1,0,0,1.0,1.0,,10.0,,10.0,,,18.0,,,7.0,3.0,0.0,1,2.0,1.0,1.0,1200.0,472.0,1.0,,,,,12484.3592,3355.8479,0,0,1.0,1.0,0,0,12241,1,1.0,,,,,,3253.4143,7860.0,3955.0,-1,,,,,,,213744.0,2011,617,602,0,0,0,0,0,12.0,12.0,40.0,2011,MIS4_to_MIS8,new_york,0,2010-2011,1,0,0,0,retention
996016841349190,6,1.0,1,4,2,8700,87001,1,1,21,36,40380,0,2.0,1.0,,5,3,59,1.0,1,39,1,,2,1,2,1,2,57,57,57,1,0,0,2.0,1.0,,40.0,,60.0,,,,,,2.0,3.0,0.0,1,2.0,2.0,2.0,,800.0,2.0,2.0,,,,12198.4734,3068.0087,0,0,1.0,,42,42,15272,2,1.0,,,,,,3048.2969,9370.0,10.0,210,,,,,,,216548.0,2010,605,602,0,0,0,0,0,12.0,1.0,51.0,2010,1.0,1,8,2,8700,87001,1,21,36,40380,0,2.0,1.0,,5,3,60,1.0,1,39,1,,1,2,1,2,57,57,57,1,0,0,2.0,1.0,,40.0,,50.0,,,,,,2.0,3.0,0.0,1,2.0,2.0,2.0,,2500.0,2.0,2.0,,,,13800.2054,3580.4697,0,0,1.0,,0,0,12241,2,1.0,,,,,,3431.0766,9370.0,430.0,205,,,,,,,213745.0,2011,617,602,0,0,0,0,0,12.0,1.0,51.0,2011,MIS4_to_MIS8,new_york,0,2010-2011,1,0,0,0,retention
996016841349190,6,1.0,1,4,2,8700,87001,1,1,21,36,40380,0,2.0,1.0,,5,4,29,,1,44,1,,3,1,3,7,2,57,57,57,1,0,0,2.0,1.0,,40.0,,40.0,,,,,,2.0,3.0,0.0,1,2.0,,1.0,4500.0,1800.0,1.0,,,,,14241.0653,3685.3892,0,0,1.0,1.0,0,42,15272,3,,,,,,2.0,3619.9521,8090.0,2010.0,-1,,,,,1.0,1.0,216550.0,2010,605,602,0,0,0,0,0,18.0,6.0,42.0,2010,1.0,1,8,2,8700,87001,1,21,36,40380,0,2.0,1.0,,5,4,30,,1,44,1,,1,3,7,2,57,57,57,1,0,0,2.0,1.0,,40.0,,40.0,,,,,,2.0,3.0,0.0,1,2.0,,1.0,2000.0,800.0,2.0,2.0,,,,13459.476,3492.7393,0,0,1.0,1.0,0,42,12241,3,,,,,,2.0,3406.2188,8090.0,2010.0,-1,,,,,1.0,1.0,213746.0,2011,617,602,0,0,0,0,0,18.0,6.0,42.0,2011,MIS4_to_MIS8,new_york,0,2010-2011,1,0,0,0,retention
156700740650308,6,2.0,1,4,2,8700,87001,1,1,21,36,0,0,3.0,2.0,,0,1,30,2.0,1,39,1,,1,1,1,1,2,57,57,57,1,0,0,2.0,1.0,,40.0,,80.0,,,,,,2.0,3.0,0.0,1,2.0,1.0,1.0,1000.0,650.0,1.0,,,,,12691.4652,3281.7998,5,2,0.0,1.0,0,0,29922,1,2.0,8.0,,,,,3226.0575,9470.0,3800.0,210,,,,,,,216567.0,2010,605,602,1,1,0,0,1,12.0,12.0,51.0,2010,2.0,1,8,2,8700,87001,1,21,36,0,0,3.0,2.0,,0,1,31,2.0,1,39,1,,1,1,1,2,57,57,57,1,0,0,2.0,1.0,,40.0,,80.0,,,,,,2.0,3.0,0.0,1,1.0,1.0,1.0,900.0,673.07,1.0,,,,,13232.6976,3433.8902,5,2,0.0,1.0,0,0,39333,1,2.0,8.0,,,,,3348.8275,9470.0,3800.0,205,,,,,,,213760.0,2011,617,602,1,1,0,0,1,12.0,12.0,51.0,2011,MIS4_to_MIS8,new_york,0,2010-2011,1,0,0,0,retention
430606933984593,6,1.0,4,4,2,8700,87001,1,1,21,36,0,0,3.0,2.0,,0,1,45,,2,40,1,,1,1,1,5,2,57,57,57,1,0,0,1.0,1.0,,40.0,,40.0,,,,,,2.0,3.0,0.0,1,1.0,,1.0,750.0,371.25,2.0,2.0,,,,11621.0891,2908.7962,4,1,1.0,1.0,0,42,1670,1,,,3.0,,,,2894.367,7860.0,4020.0,-1,,,,,,,216617.0,2010,605,602,0,0,0,1,0,14.0,13.0,40.0,2010,1.0,4,8,2,8700,87001,1,21,36,0,0,3.0,2.0,,0,1,46,,2,40,1,,1,1,5,2,57,57,57,1,0,0,1.0,1.0,,40.0,,40.0,,,,,,2.0,3.0,0.0,1,1.0,,1.0,1385.0,574.0,2.0,2.0,,,,13343.3423,3309.8356,0,0,1.0,1.0,0,42,56055,1,,,1.0,,,,3266.1418,7860.0,4020.0,-1,,,,,,,213810.0,2011,617,602,0,0,0,0,0,12.0,13.0,40.0,2011,MIS4_to_MIS8,new_york,0,2010-2011,1,0,0,0,retention
988006845349950,6,1.0,3,4,2,8700,87001,1,1,21,36,0,0,3.0,2.0,,0,13,44,,2,42,1,,2,2,1,4,2,57,57,57,1,0,0,2.0,1.0,,30.0,,30.0,,,22.0,,,7.0,2.0,0.0,1,2.0,,1.0,745.0,223.5,1.0,,,,,12032.7796,3028.3846,4,1,0.0,0.0,0,0,29640,2,,,2.0,,,,2968.6539,7860.0,2540.0,-1,,,,,,,216717.0,2010,605,602,0,0,0,1,0,13.0,8.0,40.0,2010,1.0,3,8,2,8700,87001,1,21,36,0,0,3.0,2.0,,0,13,45,,2,42,1,,2,1,4,2,57,57,57,1,0,0,2.0,1.0,,30.0,,30.0,,,22.0,,,7.0,3.0,0.0,1,2.0,1.0,1.0,1050.0,250.0,1.0,,,,,13343.3423,3309.8356,4,1,0.0,1.0,0,0,27197,2,,,3.0,,,,3266.1418,7860.0,2540.0,-1,,,,,,,213898.0,2011,617,602,0,0,0,1,0,14.0,8.0,40.0,2011,MIS4_to_MIS8,new_york,0,2010-2011,1,0,0,0,retention
140391289600904,6,2.0,1,4,2,8700,87001,1,1,21,36,13780,0,,1.0,,3,3,58,1.0,2,44,1,,2,1,2,1,2,57,57,57,1,0,0,1.0,1.0,,50.0,,50.0,,,,,,2.0,3.0,0.0,1,2.0,2.0,2.0,,2884.0,1.0,,,,,11854.0219,2964.5857,0,0,1.0,,0,0,14722,2,,,,,,1.0,2936.121,7860.0,2310.0,-1,,,,,,,216737.0,2010,605,602,0,0,0,0,0,17.0,8.0,40.0,2010,2.0,1,8,2,8700,87001,1,21,36,13780,0,,1.0,,3,3,59,1.0,2,44,1,,1,2,1,2,57,57,57,1,0,0,1.0,1.0,,50.0,,50.0,,,,,,2.0,3.0,0.0,1,2.0,2.0,2.0,,950.0,1.0,,,,,12416.0412,3241.5557,0,0,0.0,,0,0,48489,2,,,,,,1.0,3140.3401,7860.0,2310.0,-1,,,,,,,213922.0,2011,617,602,0,0,0,0,0,17.0,8.0,40.0,2011,MIS4_to_MIS8,new_york,0,2010-2011,1,0,0,0,retention
5594420958897,6,1.0,4,4,2,8700,87001,1,1,23,42,37980,101,1.0,1.0,,7,1,70,,2,37,2,,1,1,1,4,2,57,57,57,1,0,0,1.0,1.0,,37.0,,37.0,,,,,,2.0,3.0,0.0,1,2.0,,1.0,525.0,194.25,2.0,2.0,,,,14670.7698,2422.9703,0,0,1.0,1.0,0,42,8835,1,,,,,,,2412.6881,7860.0,310.0,-1,,,,,,,220216.0,2010,605,602,0,0,0,0,0,11.0,1.0,40.0,2010,1.0,7,8,2,8700,87001,1,23,42,37980,101,1.0,1.0,,7,2,71,,2,37,2,,0,0,4,2,57,57,57,1,0,0,1.0,1.0,,37.0,,37.0,,,,,,2.0,4.0,0.0,1,2.0,,1.0,525.0,194.25,2.0,2.0,,,,13010.2529,2743.3744,0,0,1.0,1.0,0,42,28373,1,,,,,,,2794.2989,7860.0,310.0,-1,,,,,,,217312.0,2011,617,602,0,0,0,0,0,11.0,1.0,40.0,2011,MIS4_to_MIS8,pennsylvania,0,2010-2011,0,1,0,1,retention
259700985580944,6,1.0,1,4,2,8700,87001,1,1,23,42,37980,101,1.0,1.0,,7,3,47,1.0,2,43,2,,2,1,2,1,2,57,57,57,1,0,0,2.0,1.0,,40.0,,40.0,,,,,,2.0,3.0,0.0,1,2.0,,1.0,2500.0,1000.0,2.0,2.0,,,,10199.6234,2578.1782,3,1,1.0,1.0,0,42,65180,2,,,,2.0,,,2567.2373,7860.0,2310.0,-1,,,,,,,220246.0,2010,605,602,0,0,1,0,0,16.0,8.0,40.0,2010,1.0,1,8,2,8700,87001,1,23,42,37980,101,1.0,1.0,,7,3,48,1.0,2,43,2,,1,2,1,2,57,57,57,1,0,0,2.0,1.0,,40.0,,40.0,,,,,,2.0,4.0,0.0,1,2.0,,1.0,3076.0,1230.4,2.0,2.0,,,,12962.0674,3256.5031,3,1,1.0,1.0,0,42,28372,2,,,,2.0,,,3316.9527,7870.0,2200.0,-1,,,,,,,217337.0,2011,617,602,0,0,1,0,0,16.0,8.0,40.0,2011,MIS4_to_MIS8,pennsylvania,0,2010-2011,0,1,0,1,retention
424613044909490,6,2.0,1,4,2,8700,87001,1,1,23,42,38300,3,1.0,1.0,,5,1,52,2.0,1,39,1,,1,1,1,1,2,57,57,57,1,0,0,3.0,1.0,,42.0,,42.0,,,,,,2.0,3.0,0.0,1,2.0,,1.0,2532.0,1063.44,2.0,2.0,,,,11703.2415,2908.2592,0,0,0.0,0.0,0,0,43930,1,1.0,,,,,,2924.1823,9390.0,6660.0,-1,,,,,,,220273.0,2010,605,602,0,0,0,0,0,12.0,19.0,51.0,2010,1.0,1,8,2,8700,87001,1,23,42,38300,3,1.0,1.0,,5,1,53,2.0,1,39,1,,1,1,1,2,57,57,57,1,0,0,1.0,1.0,,42.0,,42.0,,,,,,2.0,3.0,0.0,1,2.0,,1.0,2583.0,1084.86,2.0,2.0,,,,12174.2336,3000.6706,0,0,0.0,0.0,0,0,4650,1,1.0,,,,,,3042.9536,9570.0,5220.0,-1,,,,,,,217371.0,2011,617,602,0,0,0,0,0,12.0,17.0,51.0,2011,MIS4_to_MIS8,pennsylvania,0,2010-2011,1,0,0,0,retention
497974907092229,6,1.0,1,4,2,8700,87001,1,1,23,42,10900,0,1.0,1.0,,4,1,40,2.0,1,41,1,,1,1,1,1,2,57,57,57,1,0,0,1.0,1.0,,40.0,,40.0,,,,,,2.0,3.0,0.0,1,2.0,2.0,2.0,,730.76,2.0,2.0,,,,11527.2989,2881.1613,2,1,0.0,,0,0,30800,1,,,3.0,,,,2890.1759,7870.0,1000.0,-1,,,,,,,220307.0,2010,605,602,0,1,0,0,1,14.0,3.0,40.0,2010,1.0,1,8,2,8700,87001,1,23,42,10900,0,1.0,1.0,,4,1,41,2.0,1,42,1,,1,1,1,2,57,57,57,1,0,0,1.0,1.0,,40.0,,40.0,,,,,,2.0,3.0,0.0,1,2.0,2.0,2.0,,500.0,2.0,2.0,,,,12211.6276,2990.3064,2,1,1.0,,0,0,65173,1,,,3.0,,,,3051.9257,7870.0,7010.0,-1,,,,,,,217405.0,2011,617,602,0,1,0,0,1,14.0,20.0,40.0,2011,MIS4_to_MIS8,pennsylvania,0,2010-2011,1,0,0,0,retention
904904244793592,6,3.0,4,4,2,8700,87001,1,1,23,42,37980,101,1.0,1.0,,7,4,42,,1,42,1,,3,1,3,7,2,57,57,57,1,0,0,1.0,1.0,,40.0,,40.0,,,,,,2.0,3.0,0.0,1,2.0,,1.0,1925.0,770.0,1.0,,,,,11408.9046,2851.5696,0,0,0.0,0.0,0,0,62207,3,,,3.0,,,,2860.4916,7860.0,7200.0,-1,,,,,1.0,,220365.0,2010,605,602,0,0,0,0,0,14.0,20.0,40.0,2010,4.0,4,8,2,8700,87001,1,23,42,37980,101,1.0,1.0,,7,4,43,,1,39,1,,1,3,7,2,57,57,57,1,0,0,2.0,1.0,,40.0,,40.0,,,,,,2.0,3.0,0.0,1,2.0,,1.0,1925.0,770.0,1.0,,,,,12610.4024,3087.9559,0,0,0.0,0.0,0,0,13380,3,1.0,,,,,,3151.5874,7860.0,7200.0,-1,,,,,1.0,,217462.0,2011,617,602,0,0,0,0,0,12.0,20.0,40.0,2011,MIS4_to_MIS8,pennsylvania,0,2010-2011,1,0,0,0,retention
57714420952597,6,1.0,1,4,2,8700,87001,1,1,23,42,38300,3,2.0,1.0,,5,3,32,1.0,2,43,1,,2,1,2,1,2,57,57,57,1,0,0,2.0,1.0,,40.0,,40.0,,,,,,2.0,3.0,0.0,1,2.0,2.0,2.0,,600.0,2.0,2.0,,,,12470.4369,3143.7267,3,2,0.0,,0,0,30607,2,,,,2.0,,,3162.2531,8370.0,2010.0,-1,,,,,,,220472.0,2010,605,602,0,0,1,0,0,16.0,6.0,43.0,2010,1.0,1,8,2,8700,87001,1,23,42,38300,3,2.0,1.0,,5,3,34,1.0,2,43,1,,1,2,1,2,57,57,57,1,0,0,2.0,1.0,,40.0,,40.0,,,,,,2.0,2.0,0.0,1,2.0,2.0,2.0,,961.0,2.0,2.0,,,,13598.8741,3389.0012,3,2,1.0,,0,42,28133,2,,,,2.0,,,3487.2395,9480.0,5250.0,-1,,,,,,,217561.0,2011,617,602,0,0,1,0,0,16.0,17.0,51.0,2011,MIS4_to_MIS8,pennsylvania,0,2010-2011,1,0,0,0,retention
289200989550944,6,2.0,1,4,2,8700,87001,1,1,23,42,21500,49,2.0,1.0,,3,4,36,7.0,2,40,1,,3,2,1,1,2,57,57,57,1,0,0,2.0,7.0,,,,,,,,,,1.0,3.0,0.0,2,,,,,,,,,,,12446.0186,3131.9392,10,2,,,0,0,43934,3,,,3.0,,,,3152.1964,7860.0,2310.0,-1,,,,,2.0,1.0,220578.0,2010,605,602,0,0,1,1,0,14.0,8.0,40.0,2010,2.0,1,8,2,8700,87001,1,23,42,21500,49,2.0,1.0,,3,4,37,7.0,2,43,1,,2,1,1,2,57,57,57,1,0,0,2.0,2.0,4.0,40.0,,,,,,,,5.0,3.0,0.0,1,2.0,2.0,2.0,,1096.0,1.0,,,,,13371.4283,3411.1627,4,2,1.0,,0,0,62114,3,,,,2.0,,,3448.5393,7860.0,2310.0,-1,,,,,2.0,1.0,217663.0,2011,617,602,0,0,0,1,0,16.0,8.0,40.0,2011,MIS4_to_MIS8,pennsylvania,0,2010-2011,1,0,0,0,retention
289830720700944,6,1.0,1,4,2,8700,87001,1,1,23,42,37980,91,2.0,1.0,,7,3,33,1.0,1,43,1,,2,1,2,1,2,57,57,57,1,0,0,2.0,1.0,,50.0,,54.0,,,,,,2.0,3.0,0.0,1,1.0,1.0,1.0,2700.0,1107.69,1.0,,,,,11857.5335,3020.8935,5,2,0.0,1.0,0,0,19658,2,,,,2.0,,,3014.0795,9470.0,3850.0,-1,,,,,,,220600.0,2010,605,602,1,1,0,0,1,16.0,12.0,51.0,2010,1.0,1,8,2,8700,87001,1,23,42,37980,91,2.0,1.0,,7,3,34,1.0,1,43,1,,1,2,1,2,57,57,57,1,0,0,2.0,1.0,,60.0,,48.0,,,,,,2.0,3.0,0.0,1,2.0,1.0,1.0,1550.0,1100.0,1.0,,,,,12789.8131,3200.3262,5,3,0.0,1.0,0,0,4731,2,,,,1.0,2.0,,3236.7457,9470.0,3850.0,-1,,,,,,,217687.0,2011,617,602,1,1,0,0,1,17.0,12.0,51.0,2011,MIS4_to_MIS8,pennsylvania,0,2010-2011,1,0,0,0,retention
524599054909292,6,3.0,1,4,2,8700,87001,1,1,23,42,38300,19,2.0,1.0,,5,3,48,1.0,2,42,1,,2,1,2,1,2,57,57,57,1,0,0,2.0,1.0,,38.0,,38.0,,,,,,2.0,2.0,0.0,1,2.0,,1.0,1545.0,587.1,1.0,,,,,12016.5858,2963.3865,0,0,1.0,1.0,0,0,50381,2,,,3.0,,,,2992.8701,4990.0,4720.0,-1,,,,,,,220736.0,2010,605,602,0,0,0,0,0,14.0,16.0,22.0,2010,2.0,1,8,2,8700,87001,1,23,42,38300,19,2.0,1.0,,5,3,49,1.0,2,41,1,,1,2,1,2,57,57,57,1,0,0,1.0,1.0,,38.0,,38.0,,,,,,2.0,2.0,0.0,1,2.0,,1.0,1650.0,660.0,1.0,,,,,13372.69,3198.5461,0,0,0.0,0.0,0,0,39920,2,,,3.0,,,,3273.3255,4990.0,4700.0,-1,,,,,,,217818.0,2011,617,602,0,0,0,0,0,14.0,16.0,22.0,2011,MIS4_to_MIS8,pennsylvania,0,2010-2011,1,0,0,0,retention
545499889200416,6,2.0,1,4,2,8700,87001,1,1,23,42,38300,3,2.0,1.0,,5,3,53,1.0,2,39,1,,2,1,2,1,2,57,57,57,1,0,0,1.0,1.0,,38.0,1.0,15.0,,,1.0,,,3.0,3.0,0.0,1,2.0,2.0,2.0,,552.63,1.0,,,,,11772.8472,2955.0589,0,0,0.0,,0,0,8607,2,1.0,,,,,,2932.1641,7860.0,2540.0,-1,,,,,,,220748.0,2010,605,602,0,0,0,0,0,12.0,8.0,40.0,2010,2.0,1,8,2,8700,87001,1,23,42,38300,3,2.0,1.0,,5,3,54,1.0,2,39,1,,1,2,1,2,57,57,57,1,0,0,1.0,2.0,4.0,38.0,,,,,,,,5.0,3.0,0.0,1,2.0,2.0,2.0,,490.0,1.0,,,,,13600.7802,3321.873,0,0,0.0,,0,0,39864,2,1.0,,,,,,3329.1567,7860.0,2540.0,-1,,,,,,,217831.0,2011,617,602,0,0,0,0,0,12.0,8.0,40.0,2011,MIS4_to_MIS8,pennsylvania,0,2010-2011,1,0,0,0,retention
545499889200416,6,2.0,1,4,2,8700,87001,1,1,23,42,38300,3,2.0,1.0,,5,4,21,,2,40,1,,4,1,3,7,2,57,57,57,1,0,0,2.0,7.0,,,,,,,,,,1.0,3.0,0.0,2,,,,,,,,1.0,1.0,2.0,15042.7222,4073.7397,0,0,,,0,0,8607,4,,,3.0,,,,4069.6725,7860.0,4220.0,-1,,,,,2.0,1.0,220749.0,2010,605,602,0,0,0,0,0,14.0,14.0,40.0,2010,2.0,1,8,2,8700,87001,1,23,42,38300,3,2.0,1.0,,5,4,22,,2,43,1,,1,3,7,2,57,57,57,1,0,0,2.0,1.0,,32.0,,35.0,,,15.0,,,8.0,4.0,0.0,1,2.0,,1.0,800.0,256.0,2.0,2.0,2.0,,,17094.7777,4051.5958,0,0,0.0,0.0,0,0,39864,4,,,,2.0,,,4171.2302,4560.0,4720.0,-1,,,,,2.0,1.0,217832.0,2011,617,602,0,0,0,0,0,16.0,16.0,21.0,2011,MIS4_to_MIS8,pennsylvania,0,2010-2011,0,1,0,1,retention
570525097144279,6,1.0,1,4,2,8700,87001,1,1,23,42,38300,3,2.0,1.0,,5,1,55,2.0,1,44,1,,1,1,1,1,2,57,555,555,1,0,0,1.0,1.0,,55.0,,55.0,,,,,,2.0,3.0,0.0,1,2.0,2.0,2.0,,1923.07,1.0,,,,,11620.6082,2879.524,0,0,0.0,,0,0,16007,1,,,,,,3.0,2903.8932,7860.0,230.0,-1,,,,,,,220753.0,2010,605,602,0,0,0,0,0,18.0,1.0,40.0,2010,1.0,1,8,2,8700,87001,1,23,42,38300,3,2.0,1.0,,5,1,56,2.0,1,44,1,,1,1,1,2,57,555,555,1,0,0,1.0,5.0,,,,,,,,,,1.0,3.0,0.0,2,,,,,,,,,,,11648.9067,2978.989,0,0,,,0,0,28132,1,,,,,,3.0,2914.6524,7860.0,230.0,-1,,,,,,,217836.0,2011,617,602,0,0,0,0,0,18.0,1.0,40.0,2011,MIS4_to_MIS8,pennsylvania,0,2010-2011,1,0,0,0,retention
624026004909293,6,1.0,1,4,2,8700,87001,1,1,23,42,37980,29,2.0,1.0,,7,1,31,2.0,2,44,1,,1,1,1,1,2,57,57,57,1,0,0,1.0,2.0,8.0,40.0,,,,,,,,5.0,3.0,0.0,1,2.0,2.0,2.0,,1019.23,1.0,,,,,13160.8628,3317.7792,1,1,0.0,,0,0,2062,1,,,,,,2.0,3337.3313,7860.0,2320.0,-1,,,,,,,220768.0,2010,605,602,1,0,0,0,1,18.0,8.0,40.0,2010,1.0,1,8,2,8700,87001,1,23,42,37980,29,2.0,1.0,,7,1,32,2.0,2,44,1,,1,1,1,2,57,57,57,1,0,0,1.0,1.0,,40.0,,40.0,,,,,,2.0,3.0,0.0,1,2.0,2.0,2.0,,1115.38,1.0,,,,,13848.1868,3451.1329,1,1,0.0,,0,0,4687,1,,,,,,2.0,3551.1723,7860.0,2320.0,-1,,,,,,,217850.0,2011,617,602,1,0,0,0,1,18.0,8.0,40.0,2011,MIS4_to_MIS8,pennsylvania,0,2010-2011,1,0,0,0,retention
862389040159404,6,2.0,3,4,2,8700,87001,1,1,23,42,38300,129,2.0,1.0,,5,14,33,,2,43,1,,2,0,0,5,2,57,57,57,1,0,0,1.0,2.0,14.0,-4.0,,,,,,,,5.0,3.0,0.0,1,2.0,2.0,2.0,,2115.0,2.0,2.0,,,,12470.4369,3143.7267,5,2,1.0,,0,42,65189,2,,,,2.0,,,3162.2531,7860.0,2540.0,-1,,,,,,,220848.0,2010,605,602,1,1,0,0,1,16.0,8.0,40.0,2010,2.0,3,8,2,8700,87001,1,23,42,38300,129,2.0,1.0,,5,14,34,,2,43,1,,0,0,5,2,57,57,57,1,0,0,1.0,2.0,14.0,-4.0,,,,,,,,5.0,3.0,0.0,1,2.0,2.0,1.0,3500.0,1730.0,1.0,,,,,13598.8741,3389.0012,2,2,1.0,1.0,0,42,68849,2,,,,2.0,,,3487.2395,7860.0,2540.0,-1,,,,,,,217922.0,2011,617,602,0,1,0,0,1,16.0,8.0,40.0,2011,MIS4_to_MIS8,pennsylvania,0,2010-2011,1,0,0,0,retention
940499149200236,6,1.0,7,4,2,8700,87001,1,1,23,42,38300,3,2.0,1.0,,5,2,51,,2,43,1,,1,0,0,7,2,57,57,57,1,0,0,1.0,1.0,,40.0,,40.0,,,,,,2.0,3.0,0.0,1,2.0,2.0,2.0,,903.84,2.0,2.0,,,,11772.8472,2955.0589,0,0,0.0,,0,0,8606,1,,,,2.0,,,2932.1641,7860.0,5700.0,-1,,,,,,,220909.0,2010,605,602,0,0,0,0,0,16.0,17.0,40.0,2010,1.0,7,8,2,8700,87001,1,23,42,38300,3,2.0,1.0,,5,2,52,,2,43,1,,0,0,7,2,57,57,57,1,0,0,1.0,1.0,,40.0,,40.0,,,,,,2.0,3.0,0.0,1,2.0,2.0,2.0,,923.07,2.0,2.0,,,,13600.7802,3321.873,0,0,0.0,,0,0,4646,1,,,,2.0,,,3329.1567,7860.0,5700.0,-1,,,,,,,217980.0,2011,617,602,0,0,0,0,0,16.0,17.0,40.0,2011,MIS4_to_MIS8,pennsylvania,0,2010-2011,1,0,0,0,retention
977072521449550,6,1.0,1,4,2,8700,87001,1,1,23,42,38300,3,2.0,1.0,,5,3,42,1.0,1,43,1,,2,1,2,1,2,57,57,57,1,0,0,2.0,1.0,,35.0,4.0,28.0,,,4.0,,,4.0,3.0,0.0,1,2.0,2.0,2.0,,1307.69,2.0,2.0,,,,11018.7416,2754.0513,8,2,0.0,,0,0,16006,2,,,,2.0,,,2762.6681,7070.0,430.0,-1,,,,,,,220926.0,2010,605,602,0,1,1,0,1,16.0,1.0,34.0,2010,1.0,1,8,2,8700,87001,1,23,42,38300,3,2.0,1.0,,5,3,43,1.0,1,43,1,,1,2,1,2,57,57,57,1,0,0,2.0,1.0,,35.0,,35.0,,,,,,2.0,3.0,0.0,1,2.0,2.0,2.0,,1384.61,2.0,2.0,,,,12234.3955,2995.8817,8,2,0.0,,0,0,1837,2,,,,2.0,,,3057.6158,7070.0,430.0,-1,,,,,,,217996.0,2011,617,602,0,1,1,0,1,16.0,1.0,34.0,2011,MIS4_to_MIS8,pennsylvania,0,2010-2011,1,0,0,0,retention
424659064909395,6,1.0,1,4,2,8700,87001,1,1,23,42,0,0,3.0,2.0,,0,1,47,2.0,2,39,1,,1,1,1,1,2,57,57,57,1,0,0,1.0,2.0,5.0,40.0,,,,,,,,5.0,2.0,0.0,1,2.0,,1.0,2800.0,1120.0,2.0,2.0,,,,12076.4683,2978.154,0,0,1.0,1.0,0,0,65174,1,1.0,,,,,,3007.7845,7860.0,2540.0,-1,,,,,,,220989.0,2010,605,602,0,0,0,0,0,12.0,8.0,40.0,2010,1.0,1,8,2,8700,87001,1,23,42,0,0,3.0,2.0,,0,1,48,2.0,2,39,1,,1,1,1,2,57,57,57,1,0,0,1.0,1.0,,40.0,,40.0,,,,,,2.0,4.0,0.0,1,2.0,,1.0,1589.0,635.6,1.0,,,,,12756.3762,3051.1331,0,0,1.0,1.0,0,0,49255,1,1.0,,,,,,3122.4661,8270.0,3600.0,-1,,,,,,,218065.0,2011,617,602,0,0,0,0,0,12.0,11.0,42.0,2011,MIS4_to_MIS8,pennsylvania,0,2010-2011,0,1,0,1,retention
440206999139999,6,2.0,1,4,2,8700,87001,1,1,23,42,0,89,3.0,2.0,,0,1,55,2.0,1,43,1,,1,1,1,1,2,57,57,57,1,0,0,2.0,2.0,4.0,55.0,,,,,,,,5.0,2.0,0.0,1,2.0,,1.0,1800.0,990.0,2.0,2.0,,,,11678.5174,2893.8736,0,0,1.0,1.0,0,0,16244,1,,,,2.0,,,2918.3642,7860.0,2320.0,-1,,,,,,,221000.0,2010,605,602,0,0,0,0,0,16.0,8.0,40.0,2010,1.0,1,8,2,8700,87001,1,23,42,0,89,3.0,2.0,,0,1,57,2.0,1,43,1,,1,1,1,2,57,57,57,1,0,0,1.0,1.0,,3.0,,3.0,,,23.0,,,7.0,3.0,0.0,1,2.0,2.0,2.0,,416.0,2.0,2.0,,,,11479.3614,2841.6948,0,0,1.0,,0,0,1954,1,,,,2.0,,,2887.716,7860.0,2320.0,-1,,,,,,,218076.0,2011,617,602,0,0,0,0,0,16.0,8.0,40.0,2011,MIS4_to_MIS8,pennsylvania,0,2010-2011,1,0,0,0,retention
440209909947190,6,1.0,1,4,2,8700,87001,1,1,23,42,0,89,3.0,2.0,,0,1,27,2.0,2,40,1,,1,1,1,1,2,57,57,57,1,0,0,1.0,1.0,,40.0,,40.0,,,,,,2.0,3.0,0.0,1,2.0,,1.0,900.0,360.0,2.0,2.0,,,,13433.1609,3404.7651,6,2,1.0,1.0,0,42,50450,1,,,2.0,,,,3406.3807,9470.0,3400.0,-1,,,,,,,221003.0,2010,605,602,1,0,1,0,1,13.0,10.0,51.0,2010,1.0,1,8,2,8700,87001,1,23,42,0,89,3.0,2.0,,0,1,28,2.0,2,39,1,,1,1,1,2,57,57,57,1,0,0,1.0,1.0,,48.0,,48.0,,,,,,2.0,5.0,0.0,1,1.0,,1.0,1475.0,708.0,2.0,2.0,,,,13459.4015,3357.8304,8,2,1.0,1.0,0,42,60028,1,1.0,,,,,,3451.4737,8180.0,3400.0,-1,,,,,,,218079.0,2011,617,602,0,1,1,0,1,12.0,10.0,42.0,2011,MIS4_to_MIS8,pennsylvania,0,2010-2011,0,1,0,1,retention
440209915983193,6,1.0,1,4,2,8700,87001,1,1,23,42,0,0,3.0,2.0,,0,1,38,2.0,1,43,1,,1,1,1,1,2,57,57,57,1,0,0,1.0,1.0,,40.0,,40.0,,,,,,2.0,3.0,0.0,1,2.0,2.0,2.0,,1200.0,1.0,,,,,10562.7737,2627.3249,8,2,0.0,,0,0,2021,1,,,,1.0,2.0,,2648.3458,7860.0,2320.0,-1,,,,,,,221008.0,2010,605,602,0,1,1,0,1,17.0,8.0,40.0,2010,1.0,1,8,2,8700,87001,1,23,42,0,0,3.0,2.0,,0,1,40,2.0,1,43,1,,1,1,1,2,57,57,57,1,0,0,1.0,1.0,,40.0,,40.0,,,,,,2.0,5.0,0.0,1,2.0,2.0,2.0,,1346.15,1.0,,,,,11670.5429,2857.809,3,2,0.0,,0,0,41913,1,,,,2.0,,,2916.698,7860.0,2310.0,1300,,,,,,,218084.0,2011,617,602,0,0,1,0,0,16.0,8.0,40.0,2011,MIS4_to_MIS8,pennsylvania,0,2010-2011,0,1,0,1,retention
440209915983193,6,1.0,1,4,2,8700,87001,1,1,23,42,0,0,3.0,2.0,,0,3,39,1.0,2,44,1,,2,1,2,1,2,57,57,57,1,0,0,2.0,1.0,,40.0,,40.0,,,,,,2.0,3.0,0.0,1,2.0,2.0,2.0,,1200.0,1.0,,,,,12827.4951,3172.7069,8,2,0.0,,0,0,2021,2,,,,,,2.0,3164.7213,7860.0,2320.0,-1,,,,,,,221009.0,2010,605,602,0,1,1,0,1,18.0,8.0,40.0,2010,1.0,1,8,2,8700,87001,1,23,42,0,0,3.0,2.0,,0,3,40,1.0,2,44,1,,1,2,1,2,57,57,57,1,0,0,2.0,1.0,,40.0,,40.0,,,,,,2.0,5.0,0.0,1,2.0,2.0,2.0,,1346.15,1.0,,,,,11921.2352,3011.8884,3,2,0.0,,0,0,41913,2,,,,,,2.0,3074.5293,7860.0,2310.0,-1,,,,,,,218085.0,2011,617,602,0,0,1,0,0,18.0,8.0,40.0,2011,MIS4_to_MIS8,pennsylvania,0,2010-2011,0,1,0,1,retention
499944007010299,6,1.0,1,4,2,8700,87001,1,1,23,42,0,89,3.0,2.0,,0,1,53,2.0,2,43,1,,1,1,1,1,2,57,103,57,1,0,0,1.0,1.0,,40.0,,45.0,,,,,,2.0,3.0,0.0,1,2.0,,1.0,1460.0,584.0,2.0,2.0,,,,11831.5151,2969.7849,0,0,0.0,0.0,0,0,2131,1,,,,2.0,,,2946.7761,9480.0,2010.0,4720,,,,,,,221065.0,2010,605,602,0,0,0,0,0,16.0,6.0,51.0,2010,1.0,1,8,2,8700,87001,1,23,42,0,89,3.0,2.0,,0,1,54,2.0,2,43,1,,1,1,1,2,57,103,57,1,0,0,1.0,1.0,,40.0,,45.0,,,,,,2.0,5.0,0.0,1,2.0,1.0,1.0,1500.0,2884.61,2.0,2.0,,,,12973.9543,3168.7762,0,0,0.0,0.0,0,0,1955,1,,,,2.0,,,3175.7242,8370.0,2010.0,2160,,,,,,,218127.0,2011,617,602,0,0,0,0,0,16.0,6.0,43.0,2011,MIS4_to_MIS8,pennsylvania,0,2010-2011,0,1,0,1,retention
724491004909099,6,2.0,1,4,2,8700,87001,1,1,23,42,0,89,3.0,2.0,,0,3,61,1.0,2,44,1,2.0,2,1,2,1,2,57,73,73,1,0,0,1.0,1.0,,32.0,,32.0,,,22.0,,,7.0,2.0,0.0,1,2.0,,1.0,2700.0,864.0,2.0,2.0,,,,10603.4347,2728.3025,0,0,0.0,0.0,0,0,16245,2,,,,,,2.0,2723.5271,8090.0,3240.0,-1,,,,,,,221109.0,2010,605,602,0,0,0,0,0,18.0,10.0,42.0,2010,2.0,1,8,2,8700,87001,1,23,42,0,89,3.0,2.0,,0,3,62,1.0,2,44,1,2.0,1,2,1,2,57,73,73,1,0,0,1.0,1.0,,35.0,,35.0,,,,,,2.0,5.0,0.0,1,2.0,1.0,1.0,4500.0,2115.0,2.0,2.0,,,,10129.3213,2567.751,0,0,1.0,1.0,0,0,40013,2,,,,,,2.0,2639.6932,8370.0,1860.0,-1,,,,,,,218152.0,2011,617,602,0,0,0,0,0,18.0,5.0,43.0,2011,MIS4_to_MIS8,pennsylvania,0,2010-2011,0,1,0,1,retention
86544420989291,6,1.0,6,4,2,8700,87001,1,1,23,42,39740,11,,1.0,,3,2,36,,1,39,1,,1,0,0,7,2,57,57,57,1,0,0,1.0,1.0,,42.0,,42.0,,,,,,2.0,3.0,0.0,1,2.0,1.0,1.0,2011.0,1442.0,1.0,,,,,10427.0474,2593.5651,0,0,1.0,1.0,0,0,42229,1,1.0,,,,,,2614.3159,9470.0,3850.0,-1,,,,,,,221177.0,2010,605,602,0,0,0,0,0,12.0,12.0,51.0,2010,1.0,6,8,2,8700,87001,1,23,42,39740,11,,1.0,,3,2,37,,1,39,1,,0,0,7,2,57,57,57,1,0,0,1.0,1.0,,42.0,,42.0,,,,,,2.0,3.0,0.0,1,2.0,,1.0,3300.0,1386.0,1.0,,,,,12048.3522,2961.8475,0,0,0.0,0.0,0,0,49161,1,1.0,,,,,,3011.12,9470.0,3850.0,-1,,,,,,,218226.0,2011,617,602,0,0,0,0,0,12.0,12.0,51.0,2011,MIS4_to_MIS8,pennsylvania,0,2010-2011,1,0,0,0,retention
289350869270944,6,2.0,1,4,2,8700,87001,1,1,23,42,49620,133,,1.0,,3,1,31,2.0,2,43,1,,1,1,1,1,2,57,57,57,1,0,0,2.0,1.0,,40.0,,40.0,,,,,,2.0,3.0,0.0,1,2.0,1.0,1.0,1700.0,673.07,2.0,2.0,,,,13045.9955,3288.8218,8,2,0.0,0.0,0,0,2161,1,,,,2.0,,,3308.2033,6770.0,2400.0,-1,,,,,,,221211.0,2010,605,602,0,1,1,0,1,16.0,8.0,31.0,2010,1.0,1,8,2,8700,87001,1,23,42,49620,133,,1.0,,3,1,32,2.0,2,43,1,,1,1,1,2,57,57,57,1,0,0,1.0,1.0,,40.0,,40.0,,,,,,2.0,3.0,0.0,1,2.0,1.0,1.0,1700.0,653.84,2.0,2.0,,,,13573.567,3382.6944,8,2,0.0,0.0,0,0,4754,1,,,,2.0,,,3480.7499,6770.0,2400.0,-1,,,,,,,218268.0,2011,617,602,0,1,1,0,1,16.0,8.0,31.0,2011,MIS4_to_MIS8,pennsylvania,0,2010-2011,1,0,0,0,retention
289740812110944,6,1.0,1,4,2,8700,87001,1,1,23,42,29540,71,,1.0,,3,3,40,1.0,2,39,1,,2,1,2,1,2,57,57,57,1,0,0,2.0,1.0,,40.0,,40.0,,,,,,2.0,3.0,0.0,1,2.0,2.0,2.0,,576.0,2.0,2.0,,,,12627.5138,3131.1484,10,3,1.0,,0,0,30754,2,1.0,,,,,,3115.3831,9470.0,5700.0,-1,,,,,,,221222.0,2010,605,602,0,0,1,1,0,12.0,17.0,51.0,2010,2.0,1,8,2,8700,87001,1,23,42,29540,71,,1.0,,3,3,41,1.0,2,39,1,,1,2,1,2,57,57,57,1,0,0,1.0,1.0,,42.0,,49.0,,,,,,2.0,3.0,0.0,1,1.0,,1.0,2146.0,923.86,2.0,2.0,,,,11980.8176,3026.9418,10,2,0.0,0.0,0,0,28303,2,1.0,,,,,,3089.8958,9470.0,5000.0,-1,,,,,,,218278.0,2011,617,602,0,0,1,1,0,12.0,17.0,51.0,2011,MIS4_to_MIS8,pennsylvania,0,2010-2011,1,0,0,0,retention
440209913450192,6,2.0,4,4,2,8700,87001,1,1,23,42,25420,43,,1.0,,4,4,52,,2,39,1,,2,1,3,7,2,57,57,57,1,0,0,1.0,1.0,,40.0,,40.0,,,,,,2.0,3.0,0.0,1,2.0,,1.0,2800.0,1120.0,2.0,2.0,,,,11679.486,2931.6247,0,0,1.0,1.0,0,0,8721,2,1.0,,,,,,2908.9115,9470.0,1000.0,-1,,,,,1.0,,221237.0,2010,605,602,0,0,0,0,0,12.0,3.0,51.0,2010,2.0,4,8,2,8700,87001,1,23,42,25420,43,,1.0,,4,4,53,,2,39,1,,1,3,7,2,57,57,57,1,0,0,1.0,1.0,,40.0,4.0,32.0,,,4.0,,,4.0,2.0,0.0,1,2.0,2.0,2.0,,1048.07,2.0,2.0,,,,13038.7982,3184.6138,0,0,0.0,,0,0,1896,2,1.0,,,,,,3191.5965,9470.0,5000.0,-1,,,,,1.0,,218292.0,2011,617,602,0,0,0,0,0,12.0,17.0,51.0,2011,MIS4_to_MIS8,pennsylvania,0,2010-2011,1,0,0,0,retention
34371570922794,7,1.0,7,4,2,8700,87001,1,1,33,17,16980,0,1.0,1.0,1.0,7,2,70,,2,42,2,,1,0,0,7,2,57,57,57,1,0,0,1.0,1.0,,10.0,,10.0,,,21.0,,,7.0,3.0,0.0,1,2.0,2.0,2.0,,80.0,2.0,2.0,,,,9856.4419,2631.292,0,0,0.0,,0,0,21799,1,,,3.0,,,,2590.405,7070.0,5400.0,-1,,,,,,,241139.0,2010,606,603,0,0,0,0,0,14.0,17.0,34.0,2010,1.0,7,8,2,8700,87001,1,33,17,16980,0,1.0,1.0,1.0,7,2,70,,2,42,2,,0,0,7,2,57,57,57,1,0,0,1.0,1.0,,12.0,,12.0,,,15.0,,,6.0,3.0,0.0,1,2.0,1.0,1.0,900.0,100.0,2.0,2.0,,,,9522.5337,2621.2618,0,0,0.0,1.0,0,0,32635,1,,,3.0,,,,2631.8137,7070.0,5400.0,-1,,,,,,,237946.0,2011,618,603,0,0,0,0,0,14.0,17.0,34.0,2011,MIS4_to_MIS8,illinois,1,2010-2011,1,0,0,0,retention
320479093115839,7,1.0,4,4,2,8700,87001,1,1,33,17,16980,0,1.0,1.0,1.0,7,1,39,,2,43,2,,1,1,1,7,2,57,57,57,1,0,0,1.0,1.0,,38.0,,38.0,,,,,,2.0,2.0,0.0,1,2.0,2.0,2.0,,1057.69,1.0,,,,,14975.2955,3735.5299,3,1,0.0,,0,0,52000,1,,,,2.0,,,3662.1363,9480.0,2010.0,-1,,,,,,,241222.0,2010,606,603,0,0,1,0,0,16.0,6.0,51.0,2010,1.0,4,8,2,8700,87001,1,33,17,16980,0,1.0,1.0,1.0,7,1,40,,2,43,2,,1,1,7,2,57,57,57,1,0,0,1.0,1.0,,38.0,,38.0,,,,,,2.0,2.0,0.0,1,2.0,2.0,2.0,,1057.69,1.0,,,,,14087.9875,3469.5477,3,1,0.0,,0,0,7175,1,,,,2.0,,,3428.4274,9480.0,2010.0,-1,,,,,,,238041.0,2011,618,603,0,0,1,0,0,16.0,6.0,51.0,2011,MIS4_to_MIS8,illinois,1,2010-2011,1,0,0,0,retention
530773095415438,7,1.0,4,4,2,8700,87001,1,1,33,17,16980,0,1.0,1.0,1.0,7,4,20,,1,39,2,,4,1,3,7,2,57,57,57,1,0,0,2.0,4.0,,,,,,,,17.0,3.0,11.0,3.0,1.0,2,,,,,,,,2.0,,,15678.4967,3746.9533,0,0,,,0,0,51998,4,1.0,,,,,,3877.2171,180.0,6050.0,-1,,,,,1.0,,241262.0,2010,606,603,0,0,0,0,0,12.0,18.0,1.0,2010,1.0,4,8,2,8700,87001,1,33,17,16980,0,1.0,1.0,1.0,7,4,21,,1,39,2,,1,3,7,2,57,57,57,1,0,0,2.0,4.0,,,,,,,,119.0,6.0,11.0,,,2,,,,,,,,2.0,,,15037.4475,4115.1712,0,0,,,0,0,43217,4,1.0,,,,,,4077.7705,,,-1,,,,,1.0,,238078.0,2011,618,603,0,0,0,0,0,12.0,,,2011,MIS4_to_MIS8,illinois,1,2010-2011,0,1,0,0,retention
779480780600951,7,1.0,4,4,2,8700,87001,1,1,33,17,16980,0,1.0,1.0,1.0,7,4,47,,1,44,1,,2,1,3,6,2,57,57,57,1,0,0,2.0,2.0,4.0,40.0,,,,,,,,5.0,3.0,0.0,1,2.0,2.0,2.0,,507.0,1.0,,,,,13161.2678,3363.118,0,0,1.0,,0,0,21801,2,,,,,,2.0,3314.4603,7860.0,2310.0,-1,,,,,1.0,,241307.0,2010,606,603,0,0,0,0,0,18.0,8.0,40.0,2010,1.0,4,8,2,8700,87001,1,33,17,16980,0,1.0,1.0,1.0,7,4,48,4.0,1,44,1,,2,1,1,2,57,57,57,1,0,0,2.0,1.0,,40.0,,40.0,,,,,,2.0,2.0,0.0,1,2.0,2.0,2.0,,1153.0,1.0,,,,,12617.1037,3252.5709,3,1,1.0,,0,0,19877,2,,,,,,2.0,3238.4081,7860.0,2310.0,-1,,,,,1.0,,238113.0,2011,618,603,0,0,1,0,0,18.0,8.0,40.0,2011,MIS4_to_MIS8,illinois,1,2010-2011,1,0,0,0,retention
907259850439106,7,1.0,7,4,2,8700,87001,1,1,33,17,40420,0,1.0,1.0,,3,2,58,,2,40,1,,1,0,0,5,2,57,57,57,1,0,0,1.0,1.0,,16.0,,11.0,,,14.0,,,6.0,2.0,0.0,1,2.0,,1.0,1040.0,176.8,2.0,2.0,,,,12538.4903,3189.4121,0,0,0.0,0.0,0,0,35037,1,,,2.0,,,,3184.9261,9480.0,4230.0,-1,,,,,,,241351.0,2010,606,603,0,0,0,0,0,13.0,14.0,51.0,2010,1.0,7,8,2,8700,87001,1,33,17,40420,0,1.0,1.0,,3,2,59,,2,40,1,,0,0,5,2,57,57,57,1,0,0,1.0,4.0,,,,,,,,20.0,2.0,11.0,2.0,0.0,2,,,,,,,,,,,11199.3471,2891.1524,0,0,,,0,0,7371,1,,,3.0,,,,2971.9049,4970.0,9620.0,-1,,,,,,,238156.0,2011,618,603,0,0,0,0,0,14.0,22.0,22.0,2011,MIS4_to_MIS8,illinois,1,2010-2011,1,0,0,0,retention
193935504009756,7,1.0,7,4,2,8700,87001,1,1,33,17,16980,0,2.0,1.0,,7,2,25,,2,44,1,,1,0,0,7,2,57,57,57,1,0,0,1.0,2.0,4.0,40.0,,,,,,,,5.0,3.0,0.0,1,2.0,,1.0,1500.0,600.0,1.0,,,,,12199.5995,3024.0232,0,0,1.0,1.0,0,42,8567,1,,,,,,2.0,3006.0306,7860.0,3230.0,-1,,,,,,,241531.0,2010,606,603,0,0,0,0,0,18.0,10.0,40.0,2010,1.0,7,8,2,8700,87001,1,33,17,16980,0,2.0,1.0,,7,2,26,,2,44,1,,0,0,7,2,57,57,57,1,0,0,1.0,1.0,,40.0,4.0,1.0,,,4.0,,,4.0,3.0,0.0,1,2.0,2.0,2.0,,903.84,1.0,,,,,13094.4641,3310.5424,0,0,0.0,,0,0,41338,1,,,,,,2.0,3304.1772,7860.0,2310.0,-1,,,,,,,238357.0,2011,618,603,0,0,0,0,0,18.0,8.0,40.0,2011,MIS4_to_MIS8,illinois,1,2010-2011,1,0,0,0,retention
305902741187437,7,1.0,7,4,2,8700,87001,1,1,33,17,16980,0,2.0,1.0,,7,2,58,,2,42,1,,1,0,0,4,2,57,57,57,1,0,0,1.0,1.0,,40.0,,40.0,,,,,,2.0,2.0,0.0,1,2.0,2.0,2.0,,2884.61,2.0,2.0,,,,12833.1689,3264.3694,0,0,1.0,,0,42,34767,1,,,3.0,,,,3259.778,9570.0,5220.0,-1,,,,,,,241574.0,2010,606,603,0,0,0,0,0,14.0,17.0,51.0,2010,1.0,1,8,2,8700,87001,1,33,17,16980,0,2.0,1.0,,7,1,59,2.0,2,42,1,,1,1,1,2,57,57,57,1,0,0,1.0,1.0,,40.0,,40.0,,,,,,2.0,2.0,0.0,1,2.0,2.0,2.0,,1346.15,2.0,2.0,,,,11667.186,2873.301,0,0,0.0,,0,0,32624,1,,,3.0,,,,2837.172,9570.0,5220.0,-1,,,,,,,238401.0,2011,618,603,0,0,0,0,0,14.0,17.0,51.0,2011,MIS4_to_MIS8,illinois,1,2010-2011,1,0,0,0,retention
655197519700879,7,1.0,7,4,2,8700,87001,1,1,33,17,41180,163,2.0,1.0,,6,2,55,,2,44,1,,1,0,0,5,2,57,57,57,1,0,0,1.0,1.0,,45.0,,45.0,,,,,,2.0,2.0,0.0,1,2.0,2.0,2.0,,1923.0,1.0,,,,,12802.5362,3256.5774,0,0,1.0,,0,42,8665,1,,,,,,2.0,3251.9969,8370.0,420.0,-1,,,,,,,241702.0,2010,606,603,0,0,0,0,0,18.0,1.0,43.0,2010,1.0,7,8,2,8700,87001,1,33,17,41180,163,2.0,1.0,,6,2,56,,2,44,1,,0,0,5,2,57,57,57,1,0,0,1.0,1.0,,45.0,,50.0,,,,,,2.0,2.0,0.0,1,2.0,2.0,2.0,,1500.0,1.0,,,,,11947.2691,2942.2776,0,0,1.0,,0,0,7335,1,,,,,,2.0,2905.2813,9480.0,430.0,-1,,,,,,,238544.0,2011,618,603,0,0,0,0,0,18.0,1.0,51.0,2011,MIS4_to_MIS8,illinois,1,2010-2011,1,0,0,0,retention
797007350619109,7,1.0,1,4,2,8700,87001,1,1,33,17,16980,0,2.0,1.0,,7,4,16,,1,36,1,,4,1,3,7,2,57,57,57,1,0,0,2.0,1.0,,-4.0,,20.0,,,18.0,,,7.0,3.0,0.0,1,2.0,,1.0,800.0,160.0,2.0,2.0,2.0,,,13307.4738,3454.5034,0,0,0.0,0.0,0,0,34764,4,,,,,,,3388.407,8570.0,4430.0,-1,,,,,1.0,1.0,241757.0,2010,606,603,0,0,0,0,0,10.0,15.0,44.0,2010,1.0,1,8,2,8700,87001,1,33,17,16980,0,2.0,1.0,,7,4,17,,1,37,1,,1,3,7,2,57,57,57,1,0,0,2.0,1.0,,25.0,,25.0,,,20.0,,,7.0,3.0,0.0,1,2.0,,1.0,725.0,181.25,2.0,2.0,2.0,,,14843.4918,3359.5793,0,0,1.0,1.0,0,0,50611,4,,,,,,,3257.0245,8570.0,4430.0,-1,,,,,1.0,1.0,238589.0,2011,618,603,0,0,0,0,0,11.0,15.0,44.0,2011,MIS4_to_MIS8,illinois,1,2010-2011,1,0,0,0,retention
797007350619109,7,1.0,1,4,2,8700,87001,1,1,33,17,16980,0,2.0,1.0,,7,4,18,,2,40,1,,3,1,3,7,2,57,57,57,1,0,0,2.0,1.0,,-4.0,,40.0,,,,,,2.0,3.0,0.0,1,2.0,,1.0,800.0,240.0,2.0,2.0,2.0,,,12009.5414,2872.2798,0,0,0.0,0.0,0,0,34764,3,,,2.0,,,,2772.6645,8570.0,4430.0,-1,,,,,1.0,1.0,241758.0,2010,606,603,0,0,0,0,0,13.0,15.0,44.0,2010,1.0,1,8,2,8700,87001,1,33,17,16980,0,2.0,1.0,,7,4,20,,2,40,1,,1,3,7,2,57,57,57,1,0,0,2.0,1.0,,40.0,,40.0,,,,,,2.0,3.0,0.0,1,2.0,,1.0,900.0,360.0,2.0,2.0,2.0,,,16025.5729,3944.3853,0,0,1.0,1.0,0,0,50611,3,,,2.0,,,,3918.2502,8570.0,3955.0,-1,,,,,1.0,1.0,238590.0,2011,618,603,0,0,0,0,0,13.0,12.0,44.0,2011,MIS4_to_MIS8,illinois,1,2010-2011,1,0,0,0,retention
799640299930951,7,2.0,1,4,2,8700,87001,1,1,33,17,16980,0,2.0,1.0,,7,1,50,2.0,1,40,1,,1,1,1,1,2,57,57,57,1,0,0,2.0,1.0,,40.0,,40.0,,,,,,2.0,3.0,0.0,1,2.0,2.0,2.0,,903.0,2.0,2.0,,,,12028.4084,3047.6796,3,1,1.0,,0,42,55480,1,,,3.0,,,,3029.1673,770.0,9130.0,-1,,,,,,,241785.0,2010,606,603,0,0,1,0,0,14.0,22.0,4.0,2010,2.0,1,8,2,8700,87001,1,33,17,16980,0,2.0,1.0,,7,1,51,2.0,1,40,1,,1,1,1,2,57,57,57,1,0,0,2.0,1.0,,40.0,,40.0,,,,,,2.0,3.0,0.0,1,2.0,,1.0,3800.0,1520.0,1.0,,,,,11527.7006,2984.4991,3,1,1.0,1.0,0,42,50738,1,,,2.0,,,,2958.7931,770.0,6730.0,-1,,,,,,,238614.0,2011,618,603,0,0,1,0,0,13.0,19.0,4.0,2011,MIS4_to_MIS8,illinois,1,2010-2011,1,0,0,0,retention
799640299930951,7,2.0,1,4,2,8700,87001,1,1,33,17,16980,0,2.0,1.0,,7,4,23,,1,39,1,,4,1,3,7,2,57,57,57,1,0,0,2.0,1.0,,40.0,,40.0,,,,,,2.0,3.0,0.0,1,2.0,,1.0,900.0,360.0,2.0,2.0,2.0,,,15031.9115,3908.732,0,0,1.0,1.0,0,42,55480,4,1.0,,,,,,3840.4133,590.0,5530.0,-1,,,,,2.0,1.0,241787.0,2010,606,603,0,0,0,0,0,12.0,17.0,24.0,2010,2.0,1,8,2,8700,87001,1,33,17,16980,0,2.0,1.0,,7,4,24,,1,39,1,,1,3,7,2,57,57,57,1,0,0,2.0,1.0,,30.0,,30.0,,,14.0,,,6.0,3.0,0.0,1,1.0,,1.0,1200.0,435.0,2.0,2.0,2.0,,,16647.2879,4147.7849,0,0,1.0,1.0,0,42,50738,4,1.0,,,,,,4147.8417,770.0,9150.0,-1,,,,,2.0,1.0,238617.0,2011,618,603,0,0,0,0,0,12.0,22.0,4.0,2011,MIS4_to_MIS8,illinois,1,2010-2011,1,0,0,0,retention
799640299930951,7,2.0,1,4,2,8700,87001,1,1,33,17,16980,0,2.0,1.0,,7,4,25,,1,43,1,,3,1,3,7,2,57,57,57,1,0,0,2.0,1.0,,40.0,,40.0,,,,,,2.0,3.0,0.0,1,2.0,2.0,2.0,,1211.0,2.0,2.0,,,,13643.4343,3426.2459,0,0,1.0,,0,42,55480,3,,,,2.0,,,3380.2755,9370.0,5930.0,-1,,,,,2.0,1.0,241789.0,2010,606,603,0,0,0,0,0,16.0,17.0,51.0,2010,2.0,1,8,2,8700,87001,1,33,17,16980,0,2.0,1.0,,7,4,25,,1,43,1,,1,3,7,2,57,57,57,1,0,0,2.0,4.0,,,,,,,,9.0,3.0,11.0,3.0,0.0,2,,,,,,,,,,,14053.117,3615.4313,0,0,,,0,0,50738,3,,,,2.0,,,3561.7511,7860.0,2310.0,-1,,,,,2.0,1.0,238618.0,2011,618,603,0,0,0,0,0,16.0,8.0,40.0,2011,MIS4_to_MIS8,illinois,1,2010-2011,1,0,0,0,retention
799800657530951,7,1.0,6,4,2,8700,87001,1,1,33,17,16980,111,2.0,1.0,,7,2,31,,1,40,1,,1,0,0,7,2,57,57,57,1,0,0,1.0,1.0,,-4.0,,96.0,,,,,,2.0,3.0,0.0,1,2.0,2.0,2.0,,1019.23,1.0,,,,,12727.7707,3182.6828,0,0,0.0,,0,0,52079,1,,,3.0,,,,3153.4122,9470.0,3740.0,3740,,,,,,,241796.0,2010,606,603,0,0,0,0,0,14.0,12.0,51.0,2010,1.0,6,8,2,8700,87001,1,33,17,16980,111,2.0,1.0,,7,2,32,,1,40,1,,0,0,7,2,57,57,57,1,0,0,1.0,1.0,,-4.0,,48.0,,,,,,2.0,3.0,0.0,1,2.0,2.0,2.0,,548.0,1.0,,,,,13181.1023,3287.5058,0,0,1.0,,0,0,7288,1,,,3.0,,,,3266.0841,9470.0,3740.0,3400,,,,,,,238625.0,2011,618,603,0,0,0,0,0,14.0,12.0,51.0,2011,MIS4_to_MIS8,illinois,1,2010-2011,1,0,0,0,retention
980027977159280,7,1.0,1,4,2,8700,87001,1,1,33,17,16980,0,2.0,1.0,,7,1,48,2.0,2,43,1,,1,1,1,1,2,57,57,57,1,0,0,1.0,2.0,4.0,40.0,,,,,,,,5.0,3.0,0.0,1,2.0,2.0,2.0,,865.38,1.0,,,,,12374.4024,3115.3938,0,0,0.0,,0,0,8626,1,,,,1.0,1.0,,3099.3739,7860.0,2330.0,-1,,,,,,,241907.0,2010,606,603,0,0,0,0,0,18.0,8.0,40.0,2010,1.0,1,8,2,8700,87001,1,33,17,16980,0,2.0,1.0,,7,1,49,2.0,2,43,1,,1,1,1,2,57,57,57,1,0,0,1.0,1.0,,40.0,,42.0,,,,,,2.0,3.0,0.0,1,2.0,2.0,2.0,,769.23,1.0,,,,,11745.01,2989.3338,0,0,0.0,,0,0,50689,1,,,,1.0,1.0,,2963.3793,7860.0,2330.0,-1,,,,,,,238724.0,2011,618,603,0,0,0,0,0,18.0,8.0,40.0,2011,MIS4_to_MIS8,illinois,1,2010-2011,1,0,0,0,retention
980027977159280,7,1.0,1,4,2,8700,87001,1,1,33,17,16980,0,2.0,1.0,,7,3,51,1.0,1,41,1,,2,1,2,1,2,57,57,57,1,0,0,2.0,1.0,,48.0,4.0,30.0,,,4.0,,,4.0,3.0,0.0,1,2.0,2.0,2.0,,192.3,2.0,2.0,,,,12028.4084,3047.6796,0,0,0.0,,0,0,8626,2,,,3.0,,,,3029.1673,9470.0,3740.0,430,,,,,,,241908.0,2010,606,603,0,0,0,0,0,14.0,12.0,51.0,2010,1.0,1,8,2,8700,87001,1,33,17,16980,0,2.0,1.0,,7,3,51,1.0,1,41,1,,1,2,1,2,57,57,57,1,0,0,2.0,1.0,,55.0,,75.0,,,,,,2.0,3.0,0.0,1,1.0,2.0,2.0,,1346.15,1.0,,,,,11527.7006,2984.4991,0,0,0.0,,0,0,50689,2,,,3.0,,,,2958.7931,9470.0,3740.0,430,,,,,,,238725.0,2011,618,603,0,0,0,0,0,14.0,12.0,51.0,2011,MIS4_to_MIS8,illinois,1,2010-2011,1,0,0,0,retention
987469750209105,7,1.0,1,4,2,8700,87001,1,1,33,17,16980,0,2.0,1.0,,7,3,35,1.0,2,44,1,,2,1,2,1,2,57,57,139,1,0,0,2.0,1.0,,40.0,4.0,10.0,,,4.0,,,4.0,2.0,0.0,1,2.0,2.0,2.0,,1038.46,1.0,,,,,11940.6481,3006.7971,0,0,0.0,,0,0,8604,2,,,,,,2.0,2963.7511,7860.0,2310.0,-1,,,,,,,241913.0,2010,606,603,0,0,0,0,0,18.0,8.0,40.0,2010,1.0,1,8,2,8700,87001,1,33,17,16980,0,2.0,1.0,,7,3,36,1.0,2,44,1,,1,2,1,2,57,57,139,1,0,0,2.0,1.0,,40.0,4.0,32.0,,,4.0,,,4.0,3.0,0.0,1,2.0,2.0,2.0,,1076.92,1.0,,,,,11937.9126,3071.5904,0,0,0.0,,0,0,62334,2,,,,,,2.0,3055.476,7860.0,2310.0,-1,,,,,,,238730.0,2011,618,603,0,0,0,0,0,18.0,8.0,40.0,2011,MIS4_to_MIS8,illinois,1,2010-2011,1,0,0,0,retention
196965004030778,7,1.0,4,4,2,8700,87001,1,1,33,17,0,0,3.0,2.0,,0,1,47,,2,40,1,,1,1,1,4,2,57,57,57,1,0,0,1.0,1.0,,40.0,,43.0,,,,,,2.0,3.0,0.0,1,1.0,,1.0,920.0,459.7,2.0,2.0,,,,12474.3241,3140.5502,4,1,0.0,0.0,0,0,8674,1,,,2.0,,,,3124.401,8370.0,3600.0,-1,,,,,,,241971.0,2010,606,603,0,0,0,1,0,13.0,11.0,43.0,2010,1.0,4,8,2,8700,87001,1,33,17,0,0,3.0,2.0,,0,1,47,,2,39,1,,1,1,4,2,57,57,57,1,0,0,1.0,1.0,,-4.0,,40.0,,,,,,2.0,5.0,0.0,1,2.0,,1.0,990.0,396.0,2.0,2.0,,,,11856.5034,3017.7111,0,0,0.0,0.0,0,0,32835,1,1.0,,,,,,2991.5101,8370.0,4610.0,-1,,,,,,,238789.0,2011,618,603,0,0,0,0,0,12.0,15.0,43.0,2011,MIS4_to_MIS8,illinois,1,2010-2011,0,1,0,1,retention
353108430700159,7,2.0,1,4,2,8700,87001,1,1,33,17,0,0,3.0,2.0,,0,3,37,1.0,2,44,1,,2,1,2,1,2,57,57,57,1,0,0,1.0,1.0,,40.0,4.0,1.0,,,4.0,,,4.0,3.0,0.0,1,2.0,2.0,2.0,,900.0,1.0,,,,,12050.2693,3034.401,8,3,0.0,,0,0,63056,2,,,,,,2.0,2990.9599,7860.0,2330.0,-1,,,,,,,241975.0,2010,606,603,0,1,1,0,1,18.0,8.0,40.0,2010,1.0,1,8,2,8700,87001,1,33,17,0,0,3.0,2.0,,0,3,38,1.0,2,44,1,,1,2,1,2,57,57,57,1,0,0,2.0,1.0,,40.0,,40.0,,,,,,2.0,3.0,0.0,1,2.0,2.0,2.0,,961.0,1.0,,,,,12366.2401,3181.7979,8,3,1.0,,0,0,50646,2,,,,,,2.0,3165.1052,7860.0,2330.0,-1,,,,,,,238795.0,2011,618,603,0,1,1,0,1,18.0,8.0,40.0,2011,MIS4_to_MIS8,illinois,1,2010-2011,1,0,0,0,retention
799440422910951,7,2.0,1,4,2,8700,87001,1,1,33,17,0,99,3.0,2.0,,0,3,39,1.0,2,43,1,,2,1,2,1,2,57,57,57,1,0,0,1.0,7.0,,,,,,11.0,,,,1.0,3.0,0.0,2,,,,,,,,,,,12211.2082,3031.0766,6,3,,,0,0,4975,2,,,,2.0,,,3123.9085,7860.0,2310.0,-1,,,,,,,242003.0,2010,606,603,1,0,1,0,1,16.0,8.0,40.0,2010,2.0,1,8,2,8700,87001,1,33,17,0,99,3.0,2.0,,0,3,40,1.0,2,43,1,,1,2,1,2,57,57,57,1,0,0,1.0,7.0,,,,,,,,,,1.0,,,2,,,,,,,,,,,12100.1707,3081.1889,8,3,,,0,0,4286,2,,,,2.0,,,3065.6153,,,-1,,,,,,,238829.0,2011,618,603,0,1,1,0,1,16.0,,,2011,MIS4_to_MIS8,illinois,1,2010-2011,0,1,0,0,retention
908027931159560,7,2.0,1,4,2,8700,87001,1,1,33,17,0,0,3.0,2.0,,0,3,42,1.0,2,43,1,,2,1,2,1,2,57,57,57,1,0,0,1.0,2.0,4.0,48.0,,,,,,,,5.0,3.0,0.0,1,2.0,2.0,2.0,,653.84,1.0,,,,,11502.6472,2913.6599,10,2,0.0,,0,0,52118,2,,,,2.0,,,2855.0363,7860.0,2310.0,-1,,,,,,,242020.0,2010,606,603,0,0,1,1,0,16.0,8.0,40.0,2010,2.0,1,8,2,8700,87001,1,33,17,0,0,3.0,2.0,,0,3,43,1.0,2,43,1,,1,2,1,2,57,57,57,1,0,0,1.0,2.0,14.0,40.0,,,,,,,,5.0,5.0,0.0,1,2.0,2.0,2.0,,738.46,1.0,,,,,12055.753,3081.1889,4,2,0.0,,0,0,32837,2,,,,2.0,,,3085.6369,7860.0,2300.0,-1,,,,,,,238839.0,2011,618,603,0,0,0,1,0,16.0,8.0,40.0,2011,MIS4_to_MIS8,illinois,1,2010-2011,0,1,0,1,retention
927149450299104,7,1.0,1,4,2,8700,87001,1,1,33,17,0,99,3.0,2.0,,0,1,65,2.0,2,39,1,,1,1,1,1,2,57,57,57,1,0,0,1.0,1.0,,35.0,,35.0,,,,,,2.0,3.0,0.0,1,2.0,,1.0,1050.0,367.5,2.0,2.0,,,,11765.0288,3078.7164,0,0,0.0,0.0,0,0,8634,1,1.0,,,,,,2965.3529,7860.0,4600.0,-1,,,,,,,242026.0,2010,606,603,0,0,0,0,0,12.0,15.0,40.0,2010,1.0,1,8,2,8700,87001,1,33,17,0,99,3.0,2.0,,0,1,66,2.0,2,39,1,,1,1,1,2,57,57,57,1,0,0,1.0,1.0,,35.0,,35.0,,,,,,2.0,3.0,0.0,1,2.0,,1.0,1050.0,367.5,2.0,2.0,,,,10749.3661,2901.1601,0,0,0.0,0.0,0,0,20043,1,1.0,,,,,,2834.5541,7860.0,4600.0,-1,,,,,,,238846.0,2011,618,603,0,0,0,0,0,12.0,15.0,40.0,2011,MIS4_to_MIS8,illinois,1,2010-2011,1,0,0,0,retention
927149450299104,7,1.0,1,4,2,8700,87001,1,1,33,17,0,99,3.0,2.0,,0,3,65,1.0,1,39,1,,2,1,2,1,2,57,57,57,1,0,0,2.0,1.0,,-4.0,13.0,4.0,,,13.0,,,4.0,3.0,0.0,1,2.0,,1.0,850.0,34.0,2.0,2.0,,,,12911.9405,3058.5783,0,0,1.0,1.0,0,0,8634,2,1.0,,,,,,2992.7269,7860.0,9120.0,-1,,,,,,,242027.0,2010,606,603,0,0,0,0,0,12.0,22.0,40.0,2010,1.0,1,8,2,8700,87001,1,33,17,0,99,3.0,2.0,,0,3,68,1.0,1,39,1,,1,2,1,2,57,57,57,1,0,0,2.0,2.0,4.0,40.0,,,,,,,,5.0,3.0,0.0,1,2.0,,1.0,1600.0,640.0,2.0,2.0,,,,11011.543,3024.4258,0,0,0.0,0.0,0,0,20043,2,1.0,,,,,,2933.5679,7860.0,9120.0,-1,,,,,,,238847.0,2011,618,603,0,0,0,0,0,12.0,22.0,40.0,2011,MIS4_to_MIS8,illinois,1,2010-2011,1,0,0,0,retention
928027980159060,7,1.0,7,4,2,8700,87001,1,1,33,17,0,0,3.0,2.0,,0,2,66,,2,39,1,,1,0,0,4,2,57,57,57,1,0,0,1.0,3.0,,,,,5.0,,,5.0,1.0,12.0,3.0,0.0,2,,,,,,,,,,,13345.0279,3078.7164,0,0,,,0,0,34971,1,2.0,6.0,,,,,3202.8871,9470.0,3940.0,-1,,,,,,,242028.0,2010,606,603,0,0,0,0,0,10.0,12.0,51.0,2010,1.0,7,8,2,8700,87001,1,33,17,0,0,3.0,2.0,,0,2,67,,2,39,1,,0,0,4,2,57,57,57,1,0,0,1.0,7.0,,,,,,9.0,,,,1.0,3.0,0.0,2,,,,,,,,,,,11743.2232,2901.1601,0,0,,,0,0,20094,1,2.0,6.0,,,,,2943.8351,9470.0,3940.0,-1,,,,,,,238848.0,2011,618,603,0,0,0,0,0,10.0,12.0,51.0,2011,MIS4_to_MIS8,illinois,1,2010-2011,1,0,0,0,retention
32371570995697,7,1.0,6,4,2,8700,87001,1,1,33,17,16580,0,,1.0,,2,2,25,,1,44,2,,1,0,0,7,2,57,57,57,1,0,0,1.0,1.0,,20.0,,20.0,,,20.0,,,7.0,2.0,0.0,1,2.0,,1.0,1625.0,325.0,1.0,,,,,15326.3355,4223.8826,0,0,0.0,0.0,0,0,8420,1,,,,,,2.0,4162.902,7870.0,2200.0,-1,,,,,,,242061.0,2010,606,603,0,0,0,0,0,18.0,8.0,40.0,2010,1.0,6,8,2,8700,87001,1,33,17,16580,0,,1.0,,2,2,26,,1,44,2,,0,0,7,2,57,57,57,1,0,0,1.0,1.0,,40.0,,40.0,,,,,,2.0,2.0,0.0,1,2.0,2.0,2.0,,550.0,2.0,1.0,,,,13649.4201,3507.0707,0,0,0.0,,0,0,7121,1,,,,,,2.0,3694.7263,7870.0,2200.0,-1,,,,,,,238879.0,2011,618,603,0,0,0,0,0,18.0,8.0,40.0,2011,MIS4_to_MIS8,illinois,1,2010-2011,1,0,0,0,retention
37881570997492,7,1.0,1,4,2,8700,87001,1,1,33,17,16580,0,,1.0,,2,3,60,1.0,2,43,1,,2,1,2,1,2,57,57,57,1,0,0,2.0,1.0,,40.0,,40.0,,,,,,2.0,3.0,0.0,1,2.0,1.0,1.0,3200.0,1384.0,1.0,,,,,12467.0375,3203.0737,0,0,1.0,1.0,0,0,22045,2,,,,2.0,,,3159.1937,7860.0,2320.0,-1,,,,,,,242063.0,2010,606,603,0,0,0,0,0,16.0,8.0,40.0,2010,2.0,1,8,2,8700,87001,1,33,17,16580,0,,1.0,,2,3,62,1.0,2,43,1,,1,2,1,2,57,57,57,1,0,0,1.0,5.0,,,,,,,,,,1.0,3.0,0.0,2,,,,,,,,,,,11662.9855,2892.5118,0,0,,,0,0,20117,2,,,,1.0,1.0,,2923.7208,7860.0,2320.0,-1,,,,,,,238881.0,2011,618,603,0,0,0,0,0,18.0,8.0,40.0,2011,MIS4_to_MIS8,illinois,1,2010-2011,1,0,0,0,retention
799870549650951,7,1.0,1,4,2,8700,87001,1,1,33,17,28100,91,,1.0,,2,3,41,1.0,1,44,1,,2,1,2,1,2,57,57,57,1,0,0,2.0,7.0,,,,,,2.0,,,,1.0,2.0,0.0,2,,,,,,,,,,,11794.9818,3025.4769,3,1,,,0,0,52062,2,,,,,,3.0,2996.3629,9480.0,560.0,-1,,,,,,,242147.0,2010,606,603,0,0,1,0,0,18.0,2.0,51.0,2010,1.0,1,8,2,8700,87001,1,33,17,28100,91,,1.0,,2,3,42,1.0,1,44,1,,1,2,1,2,57,57,57,1,0,0,2.0,4.0,,,,,,,,91.0,2.0,11.0,4.0,0.0,2,,,,,,,,,,,12780.3918,3200.9185,3,1,,,0,0,43289,2,,,,,,3.0,3239.18,770.0,6230.0,-1,,,,,,,238966.0,2011,618,603,0,0,1,0,0,18.0,19.0,4.0,2011,MIS4_to_MIS8,illinois,1,2010-2011,0,1,0,1,retention
977739450599108,7,1.0,1,4,2,8700,87001,1,1,33,17,19340,0,,1.0,,3,1,25,2.0,2,34,1,,1,1,1,1,2,57,57,57,1,0,0,1.0,1.0,,40.0,,56.0,,,,,,2.0,3.0,0.0,1,1.0,,1.0,1244.0,796.16,1.0,,,,,11919.4691,2954.5848,6,2,0.0,0.0,0,0,44908,1,,,,,,,2937.0053,8270.0,3600.0,-1,,,,,,,242185.0,2010,606,603,1,0,1,0,1,7.5,11.0,42.0,2010,1.0,1,8,2,8700,87001,1,33,17,19340,0,,1.0,,3,1,26,2.0,2,39,1,,1,1,1,2,57,57,57,1,0,0,1.0,1.0,,40.0,5.0,24.0,,,5.0,,,4.0,3.0,0.0,1,1.0,1.0,1.0,1370.0,700.0,1.0,,,,,13175.8182,3331.1104,6,2,0.0,0.0,0,0,58299,1,2.0,4.0,,,,,3324.7056,8270.0,3600.0,-1,,,,,,,239010.0,2011,618,603,1,0,1,0,1,7.5,11.0,42.0,2011,MIS4_to_MIS8,illinois,1,2010-2011,1,0,0,0,retention
980028777159280,7,1.0,1,4,2,8700,87001,1,1,32,18,26900,0,1.0,1.0,,5,1,41,2.0,1,46,4,,1,1,1,1,2,205,205,205,4,0,15,1.0,1.0,,-4.0,,40.0,,,,,,2.0,2.0,0.0,1,2.0,2.0,2.0,,884.61,2.0,2.0,,,,13293.0622,3426.8917,1,1,0.0,,0,0,8776,1,,,,,,,3346.1937,7870.0,230.0,-1,,,,,,,242319.0,2010,606,603,1,0,0,0,1,18.0,1.0,40.0,2010,1.0,1,8,2,8700,87001,1,32,18,26900,0,1.0,1.0,,5,1,43,2.0,1,46,4,,1,1,1,2,205,205,205,4,0,15,1.0,1.0,,40.0,,50.0,,,,,,2.0,4.0,0.0,1,2.0,2.0,2.0,,884.61,2.0,2.0,,,,14919.6355,3721.2362,1,1,0.0,,0,0,30265,1,,,,,,,3736.2465,7870.0,2200.0,2860,,,,,,,239187.0,2011,618,603,1,0,0,0,1,18.0,8.0,40.0,2011,MIS4_to_MIS8,indiana,0,2010-2011,0,1,0,1,retention
102075401072851,7,1.0,1,4,2,8700,87001,1,1,32,18,26900,63,2.0,1.0,,5,1,32,2.0,2,43,1,,1,1,1,1,2,57,57,57,1,0,0,1.0,1.0,,40.0,,40.0,,,,,,2.0,2.0,0.0,1,1.0,2.0,2.0,,423.0,2.0,2.0,,,,11431.3956,2868.9387,5,2,1.0,,0,0,22185,1,,,,2.0,,,2816.7421,9570.0,130.0,-1,,,,,,,242367.0,2010,606,603,1,1,0,0,1,16.0,1.0,51.0,2010,1.0,1,8,2,8700,87001,1,32,18,26900,63,2.0,1.0,,5,1,33,2.0,2,43,1,,1,1,1,2,57,57,57,1,0,0,1.0,1.0,,40.0,,40.0,,,,,,2.0,2.0,0.0,1,1.0,2.0,2.0,,900.0,2.0,2.0,,,,11583.8463,2905.869,8,2,0.0,,0,0,54348,1,,,,2.0,,,2922.9971,9570.0,2340.0,-1,,,,,,,239225.0,2011,618,603,0,1,1,0,1,16.0,8.0,51.0,2011,MIS4_to_MIS8,indiana,0,2010-2011,1,0,0,0,retention
109035909099811,7,1.0,1,4,2,8700,87001,1,1,32,18,16980,89,2.0,1.0,,7,3,57,1.0,2,43,1,,2,1,2,1,2,57,57,57,1,0,0,1.0,2.0,4.0,70.0,,,,,,,,5.0,3.0,0.0,1,2.0,2.0,2.0,,1500.0,1.0,,,,,10433.7273,2681.0729,0,0,1.0,,0,0,66527,2,,,,1.0,1.0,,2650.2912,7860.0,2320.0,-1,,,,,,,242377.0,2010,606,603,0,0,0,0,0,18.0,8.0,40.0,2010,1.0,1,8,2,8700,87001,1,32,18,16980,89,2.0,1.0,,7,3,58,1.0,2,43,1,,1,2,1,2,57,57,57,1,0,0,2.0,2.0,4.0,60.0,,,,,,,,5.0,3.0,0.0,1,2.0,2.0,2.0,,1090.38,1.0,,,,,13358.2343,3289.8696,0,0,0.0,,0,0,20267,2,,,,1.0,1.0,,3248.3932,7860.0,2320.0,-1,,,,,,,239235.0,2011,618,603,0,0,0,0,0,18.0,8.0,40.0,2011,MIS4_to_MIS8,indiana,0,2010-2011,1,0,0,0,retention
192905607096898,7,1.0,6,4,2,8700,87001,1,1,32,18,23060,0,2.0,1.0,,3,2,41,,1,43,1,,1,0,0,7,2,57,57,57,1,0,0,1.0,1.0,,40.0,,40.0,,,,,,2.0,3.0,0.0,1,2.0,2.0,2.0,,1000.0,2.0,2.0,,,,10408.1176,2665.6374,0,0,0.0,,0,0,55486,1,,,,2.0,,,2619.9815,680.0,430.0,-1,,,,,,,242407.0,2010,606,603,0,0,0,0,0,16.0,1.0,24.0,2010,1.0,6,8,2,8700,87001,1,32,18,23060,0,2.0,1.0,,3,2,42,,1,43,1,,0,0,7,2,57,57,57,1,0,0,1.0,1.0,,40.0,,40.0,,,,,,2.0,3.0,0.0,1,2.0,1.0,1.0,3600.0,1346.15,2.0,2.0,,,,13596.992,3408.099,0,0,0.0,0.0,0,0,7380,1,,,,2.0,,,3405.0238,680.0,430.0,-1,,,,,,,239267.0,2011,618,603,0,0,0,0,0,16.0,1.0,24.0,2011,MIS4_to_MIS8,indiana,0,2010-2011,1,0,0,0,retention
605907621890008,7,2.0,1,4,2,8700,87001,1,1,32,18,16980,89,2.0,1.0,,7,1,29,2.0,1,40,1,,1,1,1,1,2,57,57,57,1,0,0,2.0,4.0,,,,,,,,8.0,4.0,11.0,2.0,0.0,2,,,,,,,,,,,13202.8267,3000.1474,11,3,,,0,0,35116,1,,,3.0,,,,3185.3885,7870.0,5900.0,-1,1.0,,,,,,242459.0,2010,606,603,1,1,1,0,1,14.0,17.0,40.0,2010,1.0,1,8,2,8700,87001,1,32,18,16980,89,2.0,1.0,,7,1,30,2.0,1,40,1,,1,1,1,2,57,57,57,1,0,0,1.0,1.0,,40.0,,40.0,,,,,,2.0,1.0,0.0,1,2.0,2.0,2.0,,725.0,2.0,1.0,,,,14725.4105,3672.7962,11,3,0.0,,0,0,7419,1,,,3.0,,,,3648.7411,9590.0,1050.0,-1,1.0,,,,,,239314.0,2011,618,603,1,1,1,0,1,14.0,3.0,51.0,2011,MIS4_to_MIS8,indiana,0,2010-2011,0,1,1,0,retention
800787096515429,7,3.0,1,4,2,8700,87001,1,1,32,18,16980,89,2.0,1.0,,7,1,34,2.0,1,39,1,,1,1,1,1,2,57,57,57,1,0,0,3.0,1.0,,42.0,,42.0,,,,,,2.0,2.0,0.0,1,2.0,,1.0,2095.0,879.9,2.0,2.0,,,,11032.4673,2786.8745,0,0,0.0,0.0,0,0,35115,1,1.0,,,,,,2733.3865,9570.0,560.0,-1,,,,,,1.0,242476.0,2010,606,603,0,0,0,0,0,12.0,2.0,51.0,2010,2.0,3,8,2,8700,87001,1,32,18,16980,89,2.0,1.0,,7,1,35,,1,39,1,,1,1,6,2,57,57,57,1,0,0,2.0,1.0,,42.0,,42.0,,,,,,2.0,2.0,0.0,1,2.0,1.0,1.0,1065.0,769.23,2.0,2.0,,,,14023.4504,3541.0158,0,0,0.0,1.0,0,0,7416,1,1.0,,,,,,3511.8195,9570.0,3930.0,-1,,,,,2.0,1.0,239327.0,2011,618,603,0,0,0,0,0,12.0,12.0,51.0,2011,MIS4_to_MIS8,indiana,0,2010-2011,1,0,0,0,retention
899710186730951,7,1.0,1,4,2,8700,87001,1,1,32,18,0,0,3.0,2.0,,0,1,27,2.0,1,43,1,,1,1,1,1,2,57,57,57,1,0,0,1.0,2.0,4.0,40.0,,,,,,,,5.0,2.0,0.0,1,2.0,2.0,2.0,,615.38,2.0,1.0,,,,11843.1693,3004.4606,0,0,0.0,,0,0,55519,1,,,,1.0,2.0,,2934.2448,7860.0,2320.0,-1,,,,,,,242652.0,2010,606,603,0,0,0,0,0,17.0,8.0,40.0,2010,1.0,1,8,2,8700,87001,1,32,18,0,0,3.0,2.0,,0,1,28,2.0,1,43,1,,1,1,1,2,57,57,57,1,0,0,1.0,1.0,,40.0,4.0,1.0,,,4.0,,,4.0,2.0,0.0,1,1.0,2.0,2.0,,769.23,2.0,2.0,,,,15579.3831,3875.6882,0,0,0.0,,0,0,7466,1,,,,1.0,2.0,,3860.343,7860.0,2320.0,-1,,,,,,,239479.0,2011,618,603,0,0,0,0,0,17.0,8.0,40.0,2011,MIS4_to_MIS8,indiana,0,2010-2011,1,0,0,0,retention
9931580998994,7,1.0,4,4,2,8700,87001,1,1,32,18,0,0,,1.0,,0,1,50,,2,40,1,,1,1,1,5,2,57,57,57,1,0,0,1.0,2.0,4.0,40.0,,,,,,,,5.0,3.0,0.0,1,2.0,2.0,2.0,,288.5,2.0,2.0,,,,10152.8456,2599.1003,0,0,0.0,,0,0,12773,1,,,3.0,,,,2542.9483,7860.0,2540.0,-1,,,,,,,242714.0,2010,606,603,0,0,0,0,0,14.0,8.0,40.0,2010,1.0,4,8,2,8700,87001,1,32,18,0,0,,1.0,,0,1,51,,2,40,1,,1,1,5,2,57,57,57,1,0,0,1.0,2.0,4.0,40.0,,,,,,,,5.0,3.0,0.0,1,2.0,1.0,1.0,926.0,299.57,2.0,2.0,,,,12139.8575,3103.8158,0,0,0.0,1.0,0,0,60759,1,,,3.0,,,,3063.0031,7860.0,2540.0,-1,,,,,,,239539.0,2011,618,603,0,0,0,0,0,14.0,8.0,40.0,2011,MIS4_to_MIS8,indiana,0,2010-2011,1,0,0,0,retention
84601580992195,7,3.0,1,4,2,8700,87001,1,1,32,18,33140,91,,1.0,,2,1,65,2.0,1,39,2,,1,1,1,1,2,57,57,57,1,0,0,2.0,1.0,,40.0,,40.0,,,,,,2.0,3.0,0.0,1,2.0,,1.0,2700.0,1080.0,2.0,2.0,,,,24569.8638,3536.6988,0,0,1.0,1.0,0,42,66531,1,1.0,,,,,,3468.798,7860.0,4220.0,-1,,,,,,,242737.0,2010,606,603,0,0,0,0,0,12.0,14.0,40.0,2010,2.0,1,8,2,8700,87001,1,32,18,33140,91,,1.0,,2,1,67,2.0,1,39,2,,1,1,1,2,57,57,57,1,0,0,2.0,1.0,,40.0,,40.0,,,,,,2.0,3.0,0.0,1,1.0,2.0,2.0,,1150.0,2.0,2.0,,,,9531.2316,2206.5401,0,0,1.0,,0,42,32952,1,1.0,,,,,,2132.6191,7860.0,4220.0,-1,,,,,,,239560.0,2011,618,603,0,0,0,0,0,12.0,14.0,40.0,2011,MIS4_to_MIS8,indiana,0,2010-2011,1,0,0,0,retention
996018911159710,7,1.0,3,4,2,8700,87001,1,1,32,18,0,0,,1.0,,0,1,49,,1,39,1,,1,1,1,5,2,57,57,57,1,0,0,1.0,1.0,,40.0,,40.0,,,,,,2.0,3.0,0.0,1,2.0,2.0,2.0,,1057.0,2.0,2.0,,,,10977.2083,2833.6098,3,1,1.0,,0,0,35088,1,1.0,,,,,,2764.4389,9370.0,430.0,-1,,,,,,,242812.0,2010,606,603,0,0,1,0,0,12.0,1.0,51.0,2010,1.0,3,8,2,8700,87001,1,32,18,0,0,,1.0,,0,1,50,,1,39,1,,1,1,5,2,57,57,57,1,0,0,1.0,1.0,,40.0,,40.0,,,,,,2.0,3.0,0.0,1,2.0,2.0,2.0,,1057.69,2.0,2.0,,,,10957.7552,2837.0369,3,1,0.0,,0,0,43427,1,1.0,,,,,,2812.5063,9370.0,430.0,-1,,,,,,,239619.0,2011,618,603,0,0,1,0,0,12.0,1.0,51.0,2011,MIS4_to_MIS8,indiana,0,2010-2011,1,0,0,0,retention
8613560929894,7,2.0,3,4,2,8700,87001,1,1,21,36,35620,81,1.0,1.0,,7,1,31,,1,40,1,4.0,1,1,1,7,2,57,57,57,1,0,0,2.0,1.0,,35.0,,35.0,,,,,,2.0,3.0,0.0,1,2.0,2.0,2.0,,1800.0,1.0,,,,,15700.3629,3864.7481,0,0,0.0,,0,0,49505,1,,,3.0,,,,3889.8969,6180.0,9120.0,-1,,,,,2.0,,253460.0,2010,606,603,0,0,0,0,0,14.0,22.0,23.0,2010,1.0,3,8,2,8700,87001,1,21,36,35620,81,1.0,1.0,,7,1,31,,1,42,1,4.0,1,1,7,2,57,57,57,1,0,0,1.0,1.0,,42.0,,42.0,,,,,,2.0,3.0,0.0,1,2.0,,1.0,2995.0,1257.9,1.0,,,,,13952.3559,3419.044,0,0,0.0,0.0,0,0,41559,1,,,4.0,,,,3457.1895,6180.0,9120.0,-1,,,,,2.0,,250255.0,2011,618,603,0,0,0,0,0,15.0,22.0,23.0,2011,MIS4_to_MIS8,new_york,0,2010-2011,1,0,0,0,retention
56394409600863,7,1.0,6,4,2,8700,87001,1,1,21,36,35620,85,1.0,1.0,,7,2,35,,1,43,1,,1,0,0,7,2,57,57,57,1,0,0,1.0,2.0,4.0,40.0,,,,,,,,5.0,3.0,0.0,1,2.0,2.0,2.0,,1730.76,1.0,,,,,12255.7877,3051.5526,0,0,0.0,,0,0,14574,1,,,,2.0,,,3085.0859,9470.0,3740.0,-1,,,,,,,253504.0,2010,606,603,0,0,0,0,0,16.0,12.0,51.0,2010,1.0,6,8,2,8700,87001,1,21,36,35620,85,1.0,1.0,,7,2,35,,1,43,1,,0,0,7,2,57,57,57,1,0,0,1.0,1.0,,40.0,,64.0,,,,,,2.0,3.0,0.0,1,2.0,2.0,2.0,,2000.0,1.0,,,,,12180.8832,3024.8722,0,0,0.0,,0,0,61152,1,,,,2.0,,,3050.395,9470.0,3740.0,-1,,,,,,,250301.0,2011,618,603,0,0,0,0,0,16.0,12.0,51.0,2011,MIS4_to_MIS8,new_york,0,2010-2011,1,0,0,0,retention
63939075906098,7,1.0,1,4,2,8700,87001,1,1,21,36,35620,47,1.0,1.0,,7,1,22,2.0,2,39,1,,1,1,1,1,2,57,57,57,1,0,0,1.0,1.0,,25.0,,45.0,,,,,,2.0,3.0,0.0,1,2.0,1.0,1.0,750.0,115.0,2.0,2.0,2.0,,,13766.289,3518.464,1,1,0.0,0.0,0,0,5726,1,1.0,,,,,,3516.3707,7860.0,5700.0,2540,,,,,,,253527.0,2010,606,603,1,0,0,0,1,12.0,17.0,40.0,2010,1.0,1,8,2,8700,87001,1,21,36,35620,47,1.0,1.0,,7,1,23,2.0,2,43,1,,1,1,1,2,57,57,57,1,0,0,1.0,1.0,,32.0,,40.0,,,22.0,,,9.0,5.0,0.0,1,2.0,2.0,2.0,,750.0,2.0,2.0,2.0,,,14924.3656,3612.697,1,2,1.0,,0,0,70771,1,,,,2.0,,,3649.0052,8470.0,2540.0,-1,,,,,,,250319.0,2011,618,603,1,0,0,0,1,16.0,8.0,43.0,2011,MIS4_to_MIS8,new_york,0,2010-2011,0,1,0,1,retention
205902063896036,7,1.0,4,4,2,8700,87001,1,1,21,36,15380,0,1.0,1.0,1.0,5,1,39,,2,39,2,,1,1,1,7,2,57,57,57,1,0,0,1.0,1.0,,40.0,,40.0,,,,,,2.0,3.0,0.0,1,2.0,1.0,1.0,2100.0,750.0,2.0,2.0,,,,17535.3811,4357.3744,0,0,0.0,0.0,0,0,40973,1,1.0,,,,,,4288.1928,9570.0,730.0,-1,,,,,,,253615.0,2010,606,603,0,0,0,0,0,12.0,2.0,51.0,2010,2.0,4,8,2,8700,87001,1,21,36,15380,0,1.0,1.0,1.0,5,1,40,,2,39,2,,1,1,7,2,57,57,57,1,0,0,1.0,4.0,,,,,,,,39.0,2.0,11.0,3.0,0.0,2,,,,,,,,,,,20861.4718,4641.7815,0,0,,,0,0,41543,1,1.0,,,,,,4666.7381,5380.0,4760.0,-1,,,,,,,250407.0,2011,618,603,0,0,0,0,0,12.0,16.0,22.0,2011,MIS4_to_MIS8,new_york,0,2010-2011,1,0,0,0,retention
263627025908791,7,1.0,7,4,2,8700,87001,1,1,21,36,35620,5,1.0,1.0,,7,2,57,,2,43,1,,1,0,0,7,2,57,57,57,1,0,0,1.0,2.0,4.0,38.0,,,,,,,,5.0,3.0,0.0,1,2.0,2.0,2.0,,1250.0,1.0,,,,,11399.9084,2859.3682,0,0,1.0,,0,0,1655,1,,,,2.0,,,2895.7127,7860.0,2320.0,-1,,,,,,,253640.0,2010,606,603,0,0,0,0,0,16.0,8.0,40.0,2010,1.0,7,8,2,8700,87001,1,21,36,35620,5,1.0,1.0,,7,2,58,,2,43,1,,0,0,3,2,57,57,57,1,0,0,1.0,1.0,,40.0,,40.0,,,,,,2.0,3.0,0.0,1,2.0,2.0,2.0,,1680.0,1.0,,,,,12353.7938,2992.163,0,0,1.0,,0,0,1561,1,,,,2.0,,,3004.1381,7860.0,2310.0,-1,,,,,,,250431.0,2011,618,603,0,0,0,0,0,16.0,8.0,40.0,2011,MIS4_to_MIS8,new_york,0,2010-2011,1,0,0,0,retention
302045708031651,7,1.0,1,4,2,8700,87001,1,1,21,36,35620,47,1.0,1.0,,7,3,61,1.0,1,43,1,,2,1,2,1,2,163,163,163,4,0,14,2.0,1.0,,35.0,,35.0,,,,,,2.0,3.0,0.0,1,2.0,,1.0,4200.0,1470.0,2.0,2.0,,,,11700.2857,2965.921,0,0,0.0,0.0,0,0,5725,2,,,,2.0,,,2947.4106,9470.0,6440.0,-1,,,,,,,253662.0,2010,606,603,0,0,0,0,0,16.0,19.0,51.0,2010,1.0,1,8,2,8700,87001,1,21,36,35620,47,1.0,1.0,,7,3,62,1.0,1,44,1,,1,2,1,2,163,163,163,4,0,14,2.0,1.0,,35.0,,40.0,,,,,,2.0,3.0,0.0,1,2.0,2.0,2.0,,371.0,1.0,,,,,12843.6356,2980.7019,0,0,1.0,,0,0,12762,2,,,,,,3.0,3009.5779,9470.0,7330.0,-1,,,,,,,250446.0,2011,618,603,0,0,0,0,0,18.0,20.0,51.0,2011,MIS4_to_MIS8,new_york,0,2010-2011,1,0,0,0,retention
353390539600534,7,2.0,1,4,2,8700,87001,1,1,21,36,35620,81,1.0,1.0,,7,1,39,2.0,1,44,1,4.0,1,1,1,1,2,329,329,329,4,0,5,2.0,1.0,,35.0,,35.0,,,,,,2.0,2.0,0.0,1,2.0,2.0,2.0,,1730.0,1.0,,,,,13001.1443,3244.3066,3,2,1.0,,0,0,1939,1,,,,,,3.0,3272.7107,7860.0,2310.0,-1,,,,,,,253685.0,2010,606,603,0,0,1,0,0,18.0,8.0,40.0,2010,2.0,1,8,2,8700,87001,1,21,36,35620,81,1.0,1.0,,7,1,39,2.0,1,44,1,4.0,1,1,1,2,329,329,329,4,0,5,2.0,1.0,,40.0,,40.0,,,,,,2.0,2.0,0.0,1,2.0,2.0,2.0,,1153.0,1.0,,,,,14975.4216,3693.1824,3,2,1.0,,0,0,64242,1,,,,,,3.0,3750.2167,7860.0,2310.0,-1,,,,,,,250466.0,2011,618,603,0,0,1,0,0,18.0,8.0,40.0,2011,MIS4_to_MIS8,new_york,0,2010-2011,1,0,0,0,retention
736089050279304,7,1.0,1,4,2,8700,87001,1,1,21,36,35620,81,1.0,1.0,,7,1,42,2.0,2,44,1,,1,1,1,1,2,57,57,57,1,0,0,1.0,2.0,4.0,40.0,,,,,,,,5.0,3.0,0.0,1,1.0,2.0,2.0,,1346.15,1.0,,,,,11117.28,2776.7894,3,3,0.0,,0,0,56438,1,,,,,,2.0,2759.3855,7860.0,2330.0,-1,,,,,,,254028.0,2010,606,603,0,0,1,0,0,18.0,8.0,40.0,2010,1.0,1,8,2,8700,87001,1,21,36,35620,81,1.0,1.0,,7,1,43,2.0,2,44,1,,1,1,1,2,57,57,57,1,0,0,1.0,2.0,4.0,38.0,,,,,,,,5.0,3.0,0.0,1,1.0,2.0,2.0,,1346.15,1.0,,,,,11121.7574,2795.5502,10,3,0.0,,0,0,64243,1,,,,,,2.0,2846.5833,7860.0,2310.0,-1,,,,,,,250797.0,2011,618,603,0,0,1,1,0,18.0,8.0,40.0,2011,MIS4_to_MIS8,new_york,0,2010-2011,1,0,0,0,retention
880260094135969,7,2.0,4,4,2,8700,87001,1,1,21,36,35620,81,1.0,1.0,,7,1,54,,2,40,1,4.0,1,1,1,5,2,365,365,365,4,0,7,2.0,1.0,,35.0,,35.0,,,,,,2.0,3.0,0.0,1,2.0,2.0,2.0,,700.0,1.0,,,,,11138.4423,2781.5493,0,0,0.0,,0,0,41175,1,,,2.0,,,,2789.8073,7860.0,2540.0,-1,,,,,,,254085.0,2010,606,603,0,0,0,0,0,13.0,8.0,40.0,2010,1.0,4,8,2,8700,87001,1,21,36,35620,81,1.0,1.0,,7,1,55,,2,40,1,4.0,1,1,5,2,365,365,365,4,0,17,1.0,1.0,,30.0,,30.0,,,18.0,,,7.0,3.0,0.0,1,2.0,2.0,2.0,,769.23,1.0,,,,,13933.7406,3339.6766,0,0,0.0,,0,0,13005,1,,,1.0,,,,3388.3422,7860.0,2540.0,-1,,,,,,,250857.0,2011,618,603,0,0,0,0,0,12.0,8.0,40.0,2011,MIS4_to_MIS8,new_york,0,2010-2011,1,0,0,0,retention
906619550879306,7,1.0,1,4,2,8700,87001,1,1,21,36,35620,47,1.0,1.0,,7,1,49,2.0,1,39,4,,1,1,1,1,2,314,207,207,4,0,5,1.0,1.0,,40.0,,40.0,,,,,,2.0,3.0,0.0,1,2.0,2.0,2.0,,1538.46,1.0,,,,,11824.9108,2952.355,10,2,0.0,,0,0,14314,1,1.0,,,,,,2977.9196,6180.0,1000.0,-1,,,,,,,254096.0,2010,606,603,0,0,1,1,0,12.0,3.0,23.0,2010,1.0,1,8,2,8700,87001,1,21,36,35620,47,1.0,1.0,,7,1,51,2.0,1,43,4,,1,1,1,2,209,209,209,4,0,17,1.0,1.0,,40.0,,40.0,,,,,,2.0,3.0,0.0,1,2.0,2.0,2.0,,865.38,1.0,,,,,14665.7208,3728.415,4,2,0.0,,0,0,12773,1,,,,2.0,,,3764.2228,770.0,430.0,-1,,,,,,,250864.0,2011,618,603,0,0,0,1,0,16.0,1.0,4.0,2011,MIS4_to_MIS8,new_york,0,2010-2011,1,0,0,0,retention
926538150279302,7,1.0,4,4,2,8700,87001,1,1,21,36,35620,47,1.0,1.0,,7,1,61,,2,35,1,2.0,1,1,1,5,2,73,73,73,2,0,4,1.0,1.0,,35.0,1.0,1.0,,,1.0,,,3.0,3.0,0.0,1,2.0,1.0,1.0,1545.0,576.92,1.0,,,,,10109.975,2559.6734,0,0,0.0,0.0,0,0,64885,1,,,,,,,2561.9053,7860.0,4020.0,-1,,,,,,,254132.0,2010,606,603,0,0,0,0,0,9.0,13.0,40.0,2010,1.0,4,8,2,8700,87001,1,21,36,35620,47,1.0,1.0,,7,1,62,,2,35,1,2.0,1,1,5,2,73,73,73,2,0,4,1.0,2.0,14.0,35.0,,,,,,,,5.0,3.0,0.0,1,2.0,,1.0,1200.0,420.0,1.0,,,,,13407.5933,3158.4151,0,0,0.0,0.0,0,0,12764,1,,,,,,,3221.8964,7860.0,4120.0,-1,,,,,,,250895.0,2011,618,603,0,0,0,0,0,9.0,13.0,40.0,2011,MIS4_to_MIS8,new_york,0,2010-2011,1,0,0,0,retention
942086759359850,7,1.0,1,4,2,8700,87001,1,1,21,36,35620,85,1.0,1.0,,7,1,51,2.0,1,44,1,,1,1,1,1,2,57,57,57,1,0,0,1.0,1.0,,40.0,,40.0,,,,,,2.0,3.0,0.0,1,2.0,2.0,2.0,,1923.07,1.0,,,,,12010.3411,3000.6809,3,1,0.0,,0,0,49534,1,,,,,,2.0,3024.6173,7860.0,2310.0,-1,,,,,,,254146.0,2010,606,603,0,0,1,0,0,18.0,8.0,40.0,2010,1.0,1,8,2,8700,87001,1,21,36,35620,85,1.0,1.0,,7,1,51,2.0,1,44,1,,1,1,1,2,57,57,57,1,0,0,1.0,1.0,,40.0,,40.0,,,,,,2.0,3.0,0.0,1,2.0,2.0,2.0,,2000.0,1.0,,,,,12124.0352,3087.0655,2,1,0.0,,0,0,59040,1,,,,,,2.0,3111.8532,7860.0,2310.0,-1,,,,,,,250905.0,2011,618,603,0,1,0,0,1,18.0,8.0,40.0,2011,MIS4_to_MIS8,new_york,0,2010-2011,1,0,0,0,retention
969006912359820,7,1.0,6,4,2,8700,87001,1,1,21,36,10580,0,1.0,1.0,,4,2,27,,1,40,1,,1,0,0,7,2,57,57,57,1,0,0,1.0,1.0,,48.0,,48.0,,,,,,2.0,3.0,0.0,1,2.0,,1.0,1400.0,672.0,1.0,,,,,17413.9633,4356.3755,0,0,1.0,1.0,0,42,29385,1,,,2.0,,,,4314.4558,9470.0,3710.0,-1,,,,,,,254209.0,2010,606,603,0,0,0,0,0,13.0,12.0,51.0,2010,1.0,6,8,2,8700,87001,1,21,36,10580,0,1.0,1.0,,4,2,28,,1,40,1,,0,0,7,2,57,57,57,1,0,0,1.0,1.0,,40.0,,64.0,,,,,,2.0,3.0,0.0,1,1.0,1.0,1.0,1175.0,2307.69,1.0,,,,,15259.0035,3809.0922,0,0,0.0,1.0,0,0,13071,1,,,2.0,,,,3780.9576,9470.0,3710.0,-1,,,,,,,250955.0,2011,618,603,0,0,0,0,0,13.0,12.0,51.0,2011,MIS4_to_MIS8,new_york,0,2010-2011,1,0,0,0,retention
969096783359690,7,1.0,1,4,2,8700,87001,1,1,21,36,35620,61,1.0,1.0,,7,3,61,1.0,2,45,1,,2,1,2,1,2,57,117,57,1,0,0,2.0,2.0,4.0,40.0,,,,,,,,5.0,3.0,0.0,1,2.0,2.0,2.0,,1153.84,1.0,,,,,10973.9219,2780.1541,0,0,0.0,,0,0,29234,2,,,,,,,2780.8326,7860.0,2310.0,-1,,,,,,,254212.0,2010,606,603,0,0,0,0,0,18.0,8.0,40.0,2010,1.0,1,8,2,8700,87001,1,21,36,35620,61,1.0,1.0,,7,3,61,1.0,2,44,1,,1,2,1,2,57,117,57,1,0,0,2.0,2.0,4.0,42.0,,,,,,,,5.0,3.0,0.0,1,2.0,2.0,2.0,,1230.76,1.0,,,,,12215.2794,2907.8365,0,0,0.0,,0,0,4844,2,,,,,,2.0,2935.3788,7860.0,2310.0,-1,,,,,,,250958.0,2011,618,603,0,0,0,0,0,18.0,8.0,40.0,2011,MIS4_to_MIS8,new_york,0,2010-2011,1,0,0,0,retention
38953560998891,7,1.0,1,4,2,8700,87001,1,1,21,36,35620,103,2.0,1.0,,7,3,54,1.0,2,39,1,,2,1,2,1,2,57,57,57,1,0,0,2.0,1.0,,40.0,,40.0,,,,,,2.0,3.0,0.0,1,2.0,,1.0,2000.0,800.0,1.0,,,,,12840.8294,3241.5851,0,0,0.0,0.0,0,0,14614,2,1.0,,,,,,3216.1983,7860.0,5700.0,-1,,,,,,,254275.0,2010,606,603,0,0,0,0,0,12.0,17.0,40.0,2010,2.0,1,8,2,8700,87001,1,21,36,35620,103,2.0,1.0,,7,3,55,1.0,2,39,1,,1,2,1,2,57,57,57,1,0,0,1.0,1.0,,40.0,,40.0,,,,,,2.0,3.0,0.0,1,2.0,2.0,2.0,,1150.0,2.0,2.0,,,,13934.2971,3443.59,0,0,1.0,,0,42,27278,2,1.0,,,,,,3388.4775,7860.0,5700.0,-1,,,,,,,251027.0,2011,618,603,0,0,0,0,0,12.0,17.0,40.0,2011,MIS4_to_MIS8,new_york,0,2010-2011,1,0,0,0,retention
62283560941095,7,1.0,7,4,2,8700,87001,1,1,21,36,35620,59,2.0,1.0,,7,2,73,,2,39,1,,1,0,0,5,2,57,57,57,1,0,0,1.0,1.0,,37.0,5.0,28.0,,,5.0,,,4.0,2.0,0.0,1,2.0,1.0,1.0,840.0,826.92,1.0,,,,,11899.3389,3101.9327,0,0,0.0,1.0,0,0,14394,1,1.0,,,,,,2999.2055,7880.0,2000.0,-1,,,,,,,254295.0,2010,606,603,0,0,0,0,0,12.0,6.0,40.0,2010,1.0,7,8,2,8700,87001,1,21,36,35620,59,2.0,1.0,,7,2,74,,2,39,1,,0,0,5,2,57,57,57,1,0,0,1.0,1.0,,37.0,5.0,30.0,,,5.0,,,4.0,2.0,0.0,1,2.0,1.0,1.0,1700.0,903.84,1.0,,,,,11469.0306,3106.1821,0,0,0.0,1.0,0,0,12865,1,1.0,,,,,,3024.326,9480.0,630.0,-1,,,,,,,251051.0,2011,618,603,0,0,0,0,0,12.0,2.0,51.0,2011,MIS4_to_MIS8,new_york,0,2010-2011,1,0,0,0,retention
105907703891826,7,2.0,1,4,2,8700,87001,1,1,21,36,35620,103,2.0,1.0,,7,1,29,2.0,1,40,1,,1,1,1,1,2,57,57,57,1,0,0,2.0,1.0,,48.0,,48.0,,,,,,2.0,3.0,0.0,1,2.0,,1.0,1400.0,672.0,1.0,,,,,16626.6344,4159.4128,1,1,1.0,1.0,0,42,61394,1,,,3.0,,,,4119.3884,9470.0,3740.0,-1,,,,,,,254324.0,2010,606,603,1,0,0,0,1,14.0,12.0,51.0,2010,2.0,1,8,2,8700,87001,1,21,36,35620,103,2.0,1.0,,7,1,31,2.0,1,40,1,,1,1,1,2,57,57,57,1,0,0,2.0,1.0,,48.0,,48.0,,,,,,2.0,3.0,0.0,1,2.0,,1.0,2601.0,1248.48,1.0,,,,,13595.7921,3402.7549,1,1,1.0,1.0,0,42,27277,1,,,3.0,,,,3368.8382,9470.0,3740.0,-1,,,,,,,251085.0,2011,618,603,1,0,0,0,1,14.0,12.0,51.0,2011,MIS4_to_MIS8,new_york,0,2010-2011,1,0,0,0,retention
390975506098618,7,1.0,1,4,2,8700,87001,1,1,21,36,35620,0,2.0,1.0,,7,1,70,2.0,1,40,1,,1,1,1,1,2,57,57,57,1,0,0,1.0,1.0,,40.0,,40.0,,,,,,2.0,2.0,0.0,1,2.0,2.0,2.0,,1923.07,2.0,2.0,,,,12113.6728,2858.4906,0,0,0.0,,0,0,29370,1,,,3.0,,,,2807.7046,9370.0,430.0,-1,,,,,,,254438.0,2010,606,603,0,0,0,0,0,14.0,1.0,51.0,2010,1.0,1,8,2,8700,87001,1,21,36,35620,0,2.0,1.0,,7,1,69,2.0,1,43,1,,1,1,1,2,57,57,57,1,0,0,1.0,5.0,,,,,,,,,,1.0,,,2,,,,,,,,,,,13453.8298,3273.7692,0,0,,,0,0,13059,1,,,,2.0,,,3352.0103,,,-1,,,,,,,251204.0,2011,618,603,0,0,0,0,0,16.0,,,2011,MIS4_to_MIS8,new_york,0,2010-2011,0,1,0,0,retention
396925902030628,7,1.0,1,4,2,8700,87001,1,1,21,36,40380,55,2.0,1.0,,5,1,43,2.0,2,43,1,,1,1,1,1,2,57,57,57,1,0,0,1.0,1.0,,30.0,,30.0,,,15.0,,,6.0,3.0,0.0,1,2.0,2.0,2.0,,265.0,2.0,2.0,,,,14004.6316,3533.8296,0,0,0.0,,0,0,41049,1,,,,2.0,,,3476.0461,7860.0,2540.0,-1,,,,,,,254470.0,2010,606,603,0,0,0,0,0,16.0,8.0,40.0,2010,2.0,1,8,2,8700,87001,1,21,36,40380,55,2.0,1.0,,5,1,44,2.0,2,43,1,,1,1,1,2,57,57,57,1,0,0,2.0,1.0,,35.0,,35.0,,,,,,2.0,5.0,0.0,1,2.0,,1.0,850.0,238.0,2.0,2.0,,,,11845.551,3038.0199,0,0,0.0,0.0,0,0,38918,1,,,,2.0,,,3031.8363,7860.0,2540.0,-1,,,,,,,251238.0,2011,618,603,0,0,0,0,0,16.0,8.0,40.0,2011,MIS4_to_MIS8,new_york,0,2010-2011,0,1,0,1,retention
398935906050658,7,2.0,1,4,2,8700,87001,1,1,21,36,45060,67,2.0,1.0,,4,3,54,1.0,2,39,1,,2,1,2,1,2,57,57,57,1,0,0,1.0,1.0,,38.0,4.0,29.0,,,4.0,,,4.0,2.0,0.0,1,2.0,2.0,2.0,,942.3,1.0,,,,,12681.9082,3201.4665,0,0,0.0,,0,0,5763,2,1.0,,,,,,3176.3939,8090.0,5700.0,-1,,,,,,,254483.0,2010,606,603,0,0,0,0,0,12.0,17.0,42.0,2010,2.0,1,8,2,8700,87001,1,21,36,45060,67,2.0,1.0,,4,3,55,1.0,2,39,1,,1,2,1,2,57,57,57,1,0,0,2.0,5.0,,,,,,,,,,1.0,2.0,0.0,2,,,,,,,,,,,13640.8204,3357.6261,0,0,,,0,0,12949,2,1.0,,,,,,3455.9436,8090.0,5700.0,-1,,,,,,,251256.0,2011,618,603,0,0,0,0,0,12.0,17.0,42.0,2011,MIS4_to_MIS8,new_york,0,2010-2011,1,0,0,0,retention
558397609600891,7,2.0,1,4,2,8700,87001,1,1,21,36,35620,0,2.0,1.0,,7,1,39,2.0,2,44,1,,1,1,1,1,2,57,139,57,1,0,0,2.0,1.0,,40.0,,40.0,,,,,,2.0,3.0,0.0,1,2.0,2.0,2.0,,1442.3,1.0,,,,,14838.9459,3722.3064,8,2,0.0,,0,0,14583,1,,,,,,1.0,3683.1286,7860.0,2310.0,-1,,,,,,,254543.0,2010,606,603,0,1,1,0,1,17.0,8.0,40.0,2010,1.0,1,8,2,8700,87001,1,21,36,35620,0,2.0,1.0,,7,1,41,2.0,2,44,1,,1,1,1,2,57,139,57,1,0,0,1.0,1.0,,40.0,,40.0,,,,,,2.0,2.0,0.0,1,2.0,2.0,2.0,,2884.61,2.0,2.0,,,,12148.8276,3115.801,8,2,1.0,,0,0,39057,1,,,,,,1.0,3109.4591,7860.0,2310.0,-1,,,,,,,251304.0,2011,618,603,0,1,1,0,1,17.0,8.0,40.0,2011,MIS4_to_MIS8,new_york,0,2010-2011,1,0,0,0,retention
699770727840953,7,1.0,1,4,2,8700,87001,1,1,21,36,35620,0,2.0,1.0,,7,3,44,1.0,1,40,1,,2,1,2,1,2,57,57,57,1,0,0,2.0,1.0,,40.0,,40.0,,,,,,2.0,3.0,0.0,1,2.0,2.0,2.0,,1346.15,1.0,,,,,14097.7382,3560.4708,10,3,0.0,,0,0,41204,2,,,2.0,,,,3548.7506,9470.0,3740.0,-1,,,,,,,254614.0,2010,606,603,0,0,1,1,0,13.0,12.0,51.0,2010,2.0,1,8,2,8700,87001,1,21,36,35620,0,2.0,1.0,,7,3,45,1.0,1,40,1,,1,2,1,2,57,57,57,1,0,0,1.0,1.0,,40.0,,40.0,,,,,,2.0,3.0,0.0,1,2.0,2.0,2.0,,2307.0,1.0,,,,,13096.1966,3387.846,10,3,1.0,,43,42,55393,2,,,2.0,,,,3361.376,9470.0,3740.0,-1,,,,,,,251371.0,2011,618,603,0,0,1,1,0,13.0,12.0,51.0,2011,MIS4_to_MIS8,new_york,0,2010-2011,1,0,0,0,retention
706849550369300,7,1.0,1,4,2,8700,87001,1,1,21,36,35620,103,2.0,1.0,,7,3,45,1.0,2,46,1,,2,1,2,1,2,57,57,57,1,0,0,2.0,1.0,,37.0,4.0,5.0,,,4.0,,,4.0,3.0,0.0,1,2.0,2.0,2.0,,1673.07,1.0,,,,,12724.3351,3191.2195,10,3,0.0,,0,0,29409,2,,,,,,,3187.0204,7860.0,1820.0,1820,,,,,,,254641.0,2010,606,603,0,0,1,1,0,18.0,5.0,40.0,2010,1.0,1,8,2,8700,87001,1,21,36,35620,103,2.0,1.0,,7,3,47,1.0,2,46,1,,1,2,1,2,57,57,57,1,0,0,2.0,2.0,4.0,37.0,,,,,,,,5.0,3.0,0.0,1,2.0,2.0,2.0,,1538.46,1.0,,,,,14027.2435,3582.6529,10,3,0.0,,0,0,1878,2,,,,,,,3539.2088,7860.0,1820.0,-1,,,,,,,251397.0,2011,618,603,0,0,1,1,0,18.0,5.0,40.0,2011,MIS4_to_MIS8,new_york,0,2010-2011,1,0,0,0,retention
752399709600887,7,1.0,1,4,2,8700,87001,1,1,21,36,10580,0,2.0,1.0,,4,3,53,1.0,2,39,1,,2,1,2,1,2,57,57,57,1,0,0,2.0,2.0,4.0,40.0,,,,,,,,5.0,3.0,0.0,1,2.0,2.0,2.0,,826.92,2.0,2.0,,,,12681.9082,3201.4665,0,0,0.0,,0,0,41194,2,1.0,,,,,,3176.3939,9470.0,5700.0,-1,,,,,,,254658.0,2010,606,603,0,0,0,0,0,12.0,17.0,51.0,2010,2.0,1,8,2,8700,87001,1,21,36,10580,0,2.0,1.0,,4,3,54,1.0,2,39,1,,1,2,1,2,57,57,57,1,0,0,1.0,2.0,4.0,40.0,,,,,,,,5.0,3.0,0.0,1,2.0,2.0,2.0,,826.92,1.0,,,,,12347.2573,3167.7405,0,0,0.0,,0,0,55384,2,1.0,,,,,,3115.3321,9470.0,5700.0,-1,,,,,,,251409.0,2011,618,603,0,0,0,0,0,12.0,17.0,51.0,2011,MIS4_to_MIS8,new_york,0,2010-2011,1,0,0,0,retention
851397029600817,7,2.0,6,4,2,8700,87001,1,1,21,36,35620,103,2.0,1.0,,7,2,34,,1,39,1,,1,0,0,7,2,57,57,57,1,0,0,2.0,1.0,,40.0,,40.0,,,,,,2.0,3.0,0.0,1,2.0,,1.0,1300.0,520.0,1.0,,,,,15510.7567,3863.7308,0,0,1.0,1.0,0,42,41225,1,1.0,,,,,,3842.9204,7860.0,4220.0,-1,,,,,,,254692.0,2010,606,603,0,0,0,0,0,12.0,14.0,40.0,2010,2.0,1,8,2,8700,87001,1,21,36,35620,103,2.0,1.0,,7,1,35,2.0,1,39,1,,1,1,1,2,57,57,57,1,0,0,2.0,1.0,,40.0,,40.0,,,,,,2.0,3.0,0.0,1,1.0,2.0,2.0,,400.0,1.0,,,,,12947.6809,3280.6637,0,0,1.0,,0,42,27276,1,1.0,,,,,,3242.4202,7860.0,4220.0,-1,,,,,,,251449.0,2011,618,603,0,0,0,0,0,12.0,14.0,40.0,2011,MIS4_to_MIS8,new_york,0,2010-2011,1,0,0,0,retention
920096799359460,7,2.0,1,4,2,8700,87001,1,1,21,36,35620,0,2.0,1.0,,7,1,41,2.0,1,44,4,,1,1,1,1,2,210,210,210,4,0,16,2.0,1.0,,40.0,,40.0,,,,,,2.0,2.0,0.0,1,2.0,2.0,2.0,,1538.46,1.0,,,,,18427.5292,4684.5897,3,3,0.0,,0,0,1968,1,,,,,,2.0,4638.6664,8190.0,2010.0,-1,,,,,,,254734.0,2010,606,603,0,0,1,0,0,18.0,6.0,41.0,2010,2.0,1,8,2,8700,87001,1,21,36,35620,0,2.0,1.0,,7,1,42,2.0,1,44,4,,1,1,1,2,210,210,210,4,0,16,2.0,1.0,,40.0,,40.0,,,,,,2.0,2.0,0.0,1,2.0,1.0,1.0,2400.0,1000.0,1.0,,,,,13150.4549,3291.2929,3,3,0.0,1.0,0,0,48034,1,,,,,,2.0,3293.1998,9480.0,2010.0,-1,,,,,,,251496.0,2011,618,603,0,0,1,0,0,18.0,6.0,51.0,2011,MIS4_to_MIS8,new_york,0,2010-2011,1,0,0,0,retention
954006919359770,7,1.0,1,4,2,8700,87001,1,1,21,36,40380,0,2.0,1.0,,5,3,25,1.0,2,43,1,,2,1,2,1,2,57,57,57,1,0,0,2.0,2.0,14.0,24.0,,,,,,,,10.0,3.0,0.0,1,2.0,,1.0,950.0,228.0,2.0,2.0,,,,14973.1183,3697.2997,0,0,0.0,0.0,0,0,1891,2,,,,1.0,2.0,,3689.4369,7860.0,2310.0,-1,,,,,,,254760.0,2010,606,603,0,0,0,0,0,17.0,8.0,40.0,2010,1.0,1,8,2,8700,87001,1,21,36,40380,0,2.0,1.0,,5,3,26,1.0,2,43,1,,1,2,1,2,57,57,57,1,0,0,2.0,2.0,14.0,24.0,,,,,,,,10.0,5.0,0.0,1,2.0,2.0,2.0,,450.0,2.0,2.0,,,,12988.2876,3295.1462,0,0,0.0,,0,0,39001,2,,,,1.0,1.0,,3277.3853,7860.0,2310.0,-1,,,,,,,251527.0,2011,618,603,0,0,0,0,0,18.0,8.0,40.0,2011,MIS4_to_MIS8,new_york,0,2010-2011,0,1,0,1,retention
957390949600597,7,1.0,4,4,2,8700,87001,1,1,21,36,15380,0,2.0,1.0,,5,1,31,,2,40,1,,1,1,1,7,2,57,57,57,1,0,0,1.0,1.0,,40.0,4.0,32.0,,,4.0,,,4.0,2.0,0.0,1,1.0,2.0,2.0,,553.84,1.0,,,,,15268.6706,3778.7864,3,2,0.0,,0,0,29090,1,,,2.0,,,,3762.2621,8290.0,4610.0,-1,,,,,,,254767.0,2010,606,603,0,0,1,0,0,13.0,15.0,42.0,2010,1.0,4,8,2,8700,87001,1,21,36,15380,0,2.0,1.0,,5,1,32,,2,40,1,,1,1,7,2,57,57,57,1,0,0,1.0,1.0,,40.0,,40.0,,,,,,2.0,2.0,0.0,1,2.0,1.0,1.0,1200.0,653.84,2.0,2.0,,,,13155.3259,3311.4758,3,2,0.0,1.0,0,0,26921,1,,,3.0,,,,3319.5347,8170.0,3600.0,-1,,,,,,,251534.0,2011,618,603,0,0,1,0,0,14.0,11.0,42.0,2011,MIS4_to_MIS8,new_york,0,2010-2011,1,0,0,0,retention
55393560698498,7,1.0,1,4,2,8700,87001,1,1,21,36,0,0,3.0,2.0,,0,3,62,1.0,2,44,1,,2,1,2,1,2,57,57,57,1,0,0,2.0,5.0,,,,,,,,,,1.0,3.0,0.0,2,,,,,,,,,,,12981.1456,3196.3834,0,0,,,0,0,61283,2,,,,,,3.0,3237.7869,7860.0,2330.0,-1,,,,,,,254832.0,2010,606,603,0,0,0,0,0,18.0,8.0,40.0,2010,1.0,1,8,2,8700,87001,1,21,36,0,0,3.0,2.0,,0,3,63,1.0,2,44,1,,1,2,1,2,57,57,57,1,0,0,2.0,5.0,,,,,,,,,,1.0,,,2,,,,,,,,,,,14504.4952,3575.1444,0,0,,,0,0,47883,2,,,,,,3.0,3636.0411,,,-1,,,,,,,251595.0,2011,618,603,0,0,0,0,0,18.0,,,2011,MIS4_to_MIS8,new_york,0,2010-2011,0,1,0,0,retention
61763560999793,7,1.0,1,4,2,8700,87001,1,1,21,36,0,0,3.0,2.0,,0,1,63,2.0,1,43,1,,1,1,1,1,2,57,57,57,1,0,0,1.0,2.0,14.0,-4.0,,,,,,,,5.0,3.0,0.0,1,2.0,2.0,2.0,,400.0,2.0,2.0,,,,11296.482,2892.9161,0,0,0.0,,0,0,64877,1,,,,2.0,,,2845.6887,7860.0,2310.0,-1,4.0,,,,,,254835.0,2010,606,603,0,0,0,0,0,16.0,8.0,40.0,2010,1.0,1,8,2,8700,87001,1,21,36,0,0,3.0,2.0,,0,1,64,2.0,1,43,1,,1,1,1,2,57,57,57,1,0,0,1.0,1.0,,40.0,,40.0,,,,,,2.0,4.0,0.0,1,2.0,2.0,2.0,,576.92,2.0,2.0,,,,12761.13,3021.7685,0,0,0.0,,0,0,47878,1,,,,2.0,,,2990.2448,5170.0,4700.0,-1,4.0,,,,,,251598.0,2011,618,603,0,0,0,0,0,16.0,16.0,22.0,2011,MIS4_to_MIS8,new_york,0,2010-2011,0,1,0,1,retention
754300770600155,7,2.0,1,4,2,8700,87001,1,1,21,36,0,13,3.0,2.0,,0,3,47,1.0,2,43,1,,2,1,2,1,2,57,57,57,1,0,0,1.0,2.0,4.0,-4.0,,,,,,,,5.0,3.0,0.0,1,2.0,,1.0,1500.0,300.0,2.0,2.0,,,,12509.852,3137.4278,3,1,0.0,0.0,0,0,29057,2,,,,2.0,,,3133.2995,7860.0,2310.0,-1,,,,,,,254927.0,2010,606,603,0,0,1,0,0,16.0,8.0,40.0,2010,2.0,1,8,2,8700,87001,1,21,36,0,13,3.0,2.0,,0,3,47,1.0,2,43,1,,1,2,1,2,57,57,57,1,0,0,1.0,7.0,,,,,,,,,,1.0,,,2,,,,,,,,,,,13924.0704,3439.6529,3,1,,,0,0,55256,2,,,,1.0,1.0,,3527.7059,,,-1,,,,,,,251676.0,2011,618,603,0,0,1,0,0,18.0,,,2011,MIS4_to_MIS8,new_york,0,2010-2011,0,1,0,0,retention
992066984359750,7,2.0,1,4,2,8700,87001,1,1,21,36,0,0,3.0,2.0,,0,3,54,1.0,2,43,1,,2,1,2,1,2,57,57,57,1,0,0,1.0,2.0,4.0,40.0,,,,,,,,5.0,2.0,0.0,1,2.0,2.0,2.0,,1442.0,1.0,,,,,12624.3826,3186.9445,0,0,1.0,,0,42,49551,2,,,,2.0,,,3161.9856,7860.0,2540.0,-1,,,,,,,254968.0,2010,606,603,0,0,0,0,0,16.0,8.0,40.0,2010,2.0,1,8,2,8700,87001,1,21,36,0,0,3.0,2.0,,0,3,55,1.0,2,43,1,,1,2,1,2,57,57,57,1,0,0,1.0,2.0,4.0,40.0,,,,,,,,5.0,2.0,0.0,1,2.0,1.0,1.0,800.0,100.0,2.0,2.0,,,,13378.116,3306.1406,0,0,0.0,0.0,0,0,55402,2,,,,2.0,,,3253.228,7860.0,2540.0,-1,,,,,,,251721.0,2011,618,603,0,0,0,0,0,16.0,8.0,40.0,2011,MIS4_to_MIS8,new_york,0,2010-2011,1,0,0,0,retention
324037065908697,7,2.0,1,4,2,8700,87001,1,1,23,42,10900,0,2.0,1.0,,4,4,25,,2,39,1,,3,1,3,7,2,57,139,139,1,0,0,2.0,1.0,,20.0,,20.0,,,19.0,,,7.0,3.0,0.0,1,2.0,,1.0,1500.0,300.0,2.0,2.0,,,,11362.7969,2782.9883,0,0,1.0,1.0,0,0,30275,3,1.0,,,,,,2799.8391,8270.0,4230.0,-1,,,,,2.0,1.0,258802.0,2010,606,603,0,0,0,0,0,12.0,14.0,42.0,2010,1.0,1,8,2,8700,87001,1,23,42,10900,0,2.0,1.0,,4,4,27,,2,39,1,,1,3,7,2,57,139,139,1,0,0,2.0,1.0,,20.0,,20.0,,,19.0,,,7.0,4.0,0.0,1,2.0,,1.0,804.0,160.8,2.0,2.0,,,,11075.4241,2723.183,0,0,0.0,0.0,0,0,28098,3,2.0,8.0,,,,,2794.7049,8270.0,4230.0,-1,,,,,2.0,1.0,255415.0,2011,618,603,0,0,0,0,0,12.0,14.0,42.0,2011,MIS4_to_MIS8,pennsylvania,0,2010-2011,0,1,0,1,retention
540209975069636,7,1.0,1,4,2,8700,87001,1,1,23,42,38300,3,2.0,1.0,,5,3,51,1.0,2,39,1,,2,1,2,1,2,57,57,57,1,0,0,2.0,1.0,,40.0,,40.0,,,,,,2.0,2.0,0.0,1,2.0,2.0,2.0,,653.84,1.0,,,,,11492.7379,2877.6741,0,0,0.0,,0,42,6070,2,1.0,,,,,,2878.5465,9480.0,5820.0,-1,,,,,,,258930.0,2010,606,603,0,0,0,0,0,12.0,17.0,51.0,2010,2.0,1,8,2,8700,87001,1,23,42,38300,3,2.0,1.0,,5,3,52,1.0,2,39,1,,1,2,1,2,57,57,57,1,0,0,1.0,1.0,,38.0,,38.0,,,,,,2.0,2.0,0.0,1,2.0,2.0,2.0,,634.61,1.0,,,,,12360.4002,3073.3024,0,0,0.0,,0,0,2303,2,1.0,,,,,,3118.6482,9480.0,5860.0,-1,,,,,,,255536.0,2011,618,603,0,0,0,0,0,12.0,17.0,51.0,2011,MIS4_to_MIS8,pennsylvania,0,2010-2011,1,0,0,0,retention
605007674104562,7,1.0,1,4,2,8700,87001,1,1,23,42,38300,129,2.0,1.0,,5,1,51,2.0,2,39,1,,1,1,1,1,2,57,57,57,1,0,0,1.0,1.0,,38.0,,38.0,,,,,,2.0,2.0,0.0,1,2.0,,1.0,1419.0,539.22,1.0,,,,,11492.7379,2877.6741,0,0,0.0,0.0,0,0,15787,1,1.0,,,,,,2878.5465,9470.0,5820.0,-1,,,,,,,258947.0,2010,606,603,0,0,0,0,0,12.0,17.0,51.0,2010,1.0,1,8,2,8700,87001,1,23,42,38300,129,2.0,1.0,,5,1,52,2.0,2,39,1,,1,1,1,2,57,57,57,1,0,0,1.0,1.0,,38.0,,38.0,,,,,,2.0,2.0,0.0,1,2.0,,1.0,1508.0,573.04,1.0,,,,,12360.4002,3073.3024,0,0,0.0,0.0,0,0,39764,1,1.0,,,,,,3118.6482,9470.0,5820.0,-1,,,,,,,255555.0,2011,618,603,0,0,0,0,0,12.0,17.0,51.0,2011,MIS4_to_MIS8,pennsylvania,0,2010-2011,1,0,0,0,retention
624890055908393,7,1.0,1,4,2,8700,87001,1,1,23,42,38300,125,2.0,1.0,,5,1,43,2.0,1,39,2,,1,1,1,1,2,57,57,57,1,0,0,1.0,1.0,,40.0,,40.0,,,,,,2.0,3.0,0.0,1,2.0,1.0,1.0,2244.0,836.53,1.0,,,,,11914.018,2881.1043,0,0,0.0,0.0,0,0,6192,1,1.0,,,,,,2944.8726,680.0,6260.0,-1,,,,,,,258960.0,2010,606,603,0,0,0,0,0,12.0,19.0,24.0,2010,1.0,1,8,2,8700,87001,1,23,42,38300,125,2.0,1.0,,5,1,44,2.0,1,39,2,,1,1,1,2,57,57,57,1,0,0,1.0,1.0,,40.0,,42.0,,,,,,2.0,3.0,0.0,1,2.0,,1.0,2319.0,927.6,1.0,,,,,14134.8766,3574.3267,0,0,0.0,0.0,0,0,14200,1,1.0,,,,,,3612.8413,680.0,8720.0,-1,,,,,,,255569.0,2011,618,603,0,0,0,0,0,12.0,21.0,24.0,2011,MIS4_to_MIS8,pennsylvania,0,2010-2011,1,0,0,0,retention
624890055908393,7,1.0,1,4,2,8700,87001,1,1,23,42,38300,125,2.0,1.0,,5,3,46,1.0,2,39,1,,2,1,2,1,2,57,57,57,1,0,0,2.0,3.0,,,,,1.0,,,1.0,1.0,12.0,3.0,0.0,2,,,,,,,,,,,11204.8259,2832.9626,0,0,,,0,0,6192,2,1.0,,,,,,2806.3259,9370.0,4020.0,-1,,,,,,,258961.0,2010,606,603,0,0,0,0,0,12.0,13.0,51.0,2010,1.0,1,8,2,8700,87001,1,23,42,38300,125,2.0,1.0,,5,3,47,1.0,2,39,1,,1,2,1,2,57,57,57,1,0,0,2.0,2.0,5.0,15.0,,,,,,,,10.0,3.0,0.0,1,2.0,,1.0,1400.0,210.0,2.0,1.0,,,,13691.6336,3389.0762,0,0,0.0,0.0,0,0,14200,2,1.0,,,,,,3454.5312,8370.0,4020.0,-1,,,,,,,255570.0,2011,618,603,0,0,0,0,0,12.0,13.0,43.0,2011,MIS4_to_MIS8,pennsylvania,0,2010-2011,1,0,0,0,retention
656490379200873,7,1.0,1,4,2,8700,87001,1,1,23,42,10900,0,2.0,1.0,,4,1,50,2.0,2,42,1,,1,1,1,1,2,57,57,57,1,0,0,1.0,2.0,14.0,30.0,,,,,,,,10.0,2.0,0.0,1,2.0,,1.0,1110.0,277.5,1.0,,,,,11253.6588,2817.8109,0,0,0.0,0.0,22,0,41878,1,,,5.0,,,,2818.6652,7860.0,2540.0,-1,,,,,,,258962.0,2010,606,603,0,0,0,0,0,16.0,8.0,40.0,2010,1.0,1,8,2,8700,87001,1,23,42,10900,0,2.0,1.0,,4,1,51,2.0,2,42,1,,1,1,1,2,57,57,57,1,0,0,1.0,2.0,14.0,25.0,,,,,,,,10.0,2.0,0.0,1,2.0,,1.0,2100.0,525.0,1.0,,,,,12164.2802,3024.539,0,0,1.0,1.0,0,42,48518,1,,,5.0,,,,3069.1652,7860.0,2540.0,-1,,,,,,,255571.0,2011,618,603,0,0,0,0,0,16.0,8.0,40.0,2011,MIS4_to_MIS8,pennsylvania,0,2010-2011,1,0,0,0,retention
961052771459280,7,1.0,7,4,2,8700,87001,1,1,23,42,37980,45,2.0,1.0,,7,2,54,,2,36,2,,1,0,0,7,2,57,57,57,1,0,0,1.0,2.0,5.0,24.0,,,,,,,,10.0,3.0,0.0,1,2.0,,1.0,1100.0,264.0,2.0,2.0,,,,9777.8091,2307.2938,0,0,1.0,1.0,0,0,49962,1,,,,,,,2298.8727,9470.0,3940.0,-1,,,,,,,259095.0,2010,606,603,0,0,0,0,0,10.0,12.0,51.0,2010,1.0,7,8,2,8700,87001,1,23,42,37980,45,2.0,1.0,,7,2,56,,2,36,2,,0,0,7,2,57,57,57,1,0,0,1.0,6.0,,,,,,,,,,1.0,,,2,,,,,,,,,,,11708.8764,3226.9324,0,0,,,0,0,2356,1,,,,,,,3121.2118,,,-1,,,,,,,255714.0,2011,618,603,0,0,0,0,0,10.0,,,2011,MIS4_to_MIS8,pennsylvania,0,2010-2011,0,1,0,0,retention
973042755459580,7,2.0,1,4,2,8700,87001,1,1,23,42,38300,129,2.0,1.0,,5,3,42,1.0,2,41,1,,2,1,2,1,2,57,57,57,1,0,0,1.0,1.0,,-4.0,5.0,30.0,,,5.0,,,4.0,3.0,0.0,1,2.0,,1.0,1100.0,330.0,2.0,2.0,,,,10853.6156,2716.4524,4,1,1.0,1.0,0,0,61704,2,,,3.0,,,,2693.9422,7860.0,5700.0,-1,,,,,,,259112.0,2010,606,603,0,0,0,1,0,14.0,17.0,40.0,2010,2.0,1,8,2,8700,87001,1,23,42,38300,129,2.0,1.0,,5,3,43,1.0,2,40,1,,1,2,1,2,57,57,57,1,0,0,1.0,2.0,4.0,40.0,,,,,,,,5.0,3.0,0.0,1,2.0,2.0,2.0,,769.0,1.0,,,,,10263.8395,2551.1669,4,1,1.0,,0,0,64510,2,,,2.0,,,,2627.0015,7860.0,5700.0,-1,,,,,,,255729.0,2011,618,603,0,0,0,1,0,13.0,17.0,40.0,2011,MIS4_to_MIS8,pennsylvania,0,2010-2011,1,0,0,0,retention
14764520990397,7,1.0,1,4,2,8700,87001,1,1,23,42,0,0,3.0,2.0,,0,1,33,2.0,1,39,1,,1,1,1,1,2,57,57,57,1,0,0,1.0,1.0,,40.0,,47.0,,,,,,2.0,3.0,0.0,1,2.0,,1.0,2067.0,826.8,1.0,,,,,11177.0454,2761.561,6,2,0.0,0.0,0,0,56767,1,1.0,,,,,,2769.207,680.0,8620.0,-1,,,,,,,259140.0,2010,606,603,1,0,1,0,1,12.0,21.0,24.0,2010,1.0,1,8,2,8700,87001,1,23,42,0,0,3.0,2.0,,0,1,34,2.0,1,39,1,,1,1,1,2,57,57,57,1,0,0,1.0,1.0,,40.0,,40.0,,,,,,2.0,3.0,0.0,1,2.0,,1.0,2127.0,850.8,1.0,,,,,12690.4876,3078.2093,6,2,0.0,0.0,0,0,48536,1,1.0,,,,,,3144.517,770.0,8630.0,-1,,,,,,,255755.0,2011,618,603,1,0,1,0,1,12.0,21.0,4.0,2011,MIS4_to_MIS8,pennsylvania,0,2010-2011,1,0,0,0,retention
19314520993798,7,2.0,1,4,2,8700,87001,1,1,23,42,0,0,3.0,2.0,,0,3,34,1.0,1,40,1,,2,1,2,1,2,57,57,57,1,0,0,2.0,1.0,,40.0,,40.0,,,,,,2.0,2.0,0.0,1,2.0,,1.0,1735.0,694.0,1.0,,,,,11177.0454,2761.561,3,1,0.0,0.0,0,0,61649,2,,,3.0,,,,2769.207,9470.0,3800.0,-1,2.0,,,,,,259145.0,2010,606,603,0,0,1,0,0,14.0,12.0,51.0,2010,1.0,1,8,2,8700,87001,1,23,42,0,0,3.0,2.0,,0,3,36,1.0,1,40,1,,1,2,1,2,57,57,57,1,0,0,2.0,1.0,,40.0,,40.0,,,,,,2.0,2.0,0.0,1,2.0,1.0,1.0,1500.0,800.0,1.0,,,,,12085.5322,2967.7628,6,2,0.0,0.0,0,0,55813,2,,,5.0,,,,3026.5168,9470.0,3800.0,-1,2.0,,,,,,255760.0,2011,618,603,1,0,1,0,1,16.0,12.0,51.0,2011,MIS4_to_MIS8,pennsylvania,0,2010-2011,1,0,0,0,retention
86054520695399,7,1.0,1,4,2,8700,87001,1,1,23,42,0,0,3.0,2.0,,0,3,63,1.0,2,44,1,,2,1,2,1,2,57,57,57,1,0,0,2.0,1.0,,15.0,,15.0,,,21.0,,,7.0,2.0,0.0,1,2.0,,1.0,6000.0,900.0,2.0,2.0,,,,11270.3518,2861.0651,0,0,0.0,0.0,0,0,69234,2,,,,,,3.0,2855.9491,9480.0,2850.0,-1,,,,,,,259179.0,2010,606,603,0,0,0,0,0,18.0,9.0,51.0,2010,1.0,1,8,2,8700,87001,1,23,42,0,0,3.0,2.0,,0,3,64,1.0,2,44,1,,1,2,1,2,57,57,57,1,0,0,2.0,5.0,,,,,,,,,,1.0,2.0,0.0,2,,,,,,,,,,,12956.4491,3342.3987,0,0,,,0,0,5138,2,,,,,,3.0,3247.9711,8090.0,420.0,-1,,,,,,,255799.0,2011,618,603,0,0,0,0,0,18.0,1.0,42.0,2011,MIS4_to_MIS8,pennsylvania,0,2010-2011,1,0,0,0,retention
299570717440954,7,1.0,1,4,2,8700,87001,1,1,23,42,0,0,3.0,2.0,,0,3,34,1.0,2,42,1,,2,1,2,1,2,57,57,57,1,0,0,2.0,1.0,,-4.0,,40.0,,,,,,2.0,3.0,0.0,1,2.0,1.0,1.0,1500.0,2000.0,2.0,2.0,,,,11362.1059,2789.0975,10,2,0.0,0.0,0,0,61593,2,,,3.0,,,,2799.6688,9470.0,3740.0,-1,,,,,,,259216.0,2010,606,603,0,0,1,1,0,14.0,12.0,51.0,2010,2.0,1,8,2,8700,87001,1,23,42,0,0,3.0,2.0,,0,3,35,1.0,2,40,1,,1,2,1,2,57,57,57,1,0,0,1.0,1.0,,-4.0,,61.0,,,,,,2.0,3.0,0.0,1,2.0,1.0,1.0,1500.0,576.92,2.0,2.0,,,,9735.2049,2436.0435,10,2,0.0,0.0,0,0,61297,2,,,3.0,,,,2491.699,9470.0,3740.0,-1,,,,,,,255841.0,2011,618,603,0,0,1,1,0,14.0,12.0,51.0,2011,MIS4_to_MIS8,pennsylvania,0,2010-2011,1,0,0,0,retention
560929066245269,7,1.0,1,4,2,8700,87001,1,1,23,42,0,0,3.0,2.0,,0,1,54,2.0,2,40,1,,1,1,1,1,2,57,57,57,1,0,0,1.0,1.0,,35.0,,35.0,,,,,,2.0,3.0,0.0,1,2.0,,1.0,1100.0,385.0,2.0,2.0,,,,11035.1531,2763.0991,0,0,1.0,1.0,0,42,15489,1,,,2.0,,,,2763.9368,7860.0,4610.0,-1,,,,,,,259282.0,2010,606,603,0,0,0,0,0,13.0,15.0,40.0,2010,2.0,1,8,2,8700,87001,1,23,42,0,0,3.0,2.0,,0,1,56,2.0,2,41,1,,1,1,1,2,57,57,57,1,0,0,2.0,1.0,,40.0,,40.0,,,,,,2.0,3.0,0.0,1,2.0,,1.0,1201.0,480.4,2.0,2.0,,,,12905.2359,3090.9074,0,0,0.0,0.0,0,0,39602,1,,,1.0,,,,3138.2352,7860.0,3600.0,-1,,,,,4.0,,255898.0,2011,618,603,0,0,0,0,0,12.0,11.0,40.0,2011,MIS4_to_MIS8,pennsylvania,0,2010-2011,1,0,0,0,retention
560929066245269,7,1.0,1,4,2,8700,87001,1,1,23,42,0,0,3.0,2.0,,0,3,56,1.0,1,41,1,,2,1,2,1,2,57,57,57,1,0,0,2.0,1.0,,40.0,,48.0,,,,,,2.0,3.0,0.0,1,2.0,2.0,2.0,,425.0,2.0,2.0,,,,12518.6915,3064.4047,0,0,1.0,,0,42,15489,2,,,2.0,,,,3075.1799,9470.0,3850.0,3920,,,,,,,259283.0,2010,606,603,0,0,0,0,0,13.0,12.0,51.0,2010,2.0,1,8,2,8700,87001,1,23,42,0,0,3.0,2.0,,0,3,57,1.0,1,41,1,,1,2,1,2,57,57,57,1,0,0,1.0,1.0,,40.0,,40.0,,,,,,2.0,3.0,0.0,1,2.0,,1.0,1445.0,578.0,2.0,2.0,,,,12107.3205,2874.6744,0,0,0.0,0.0,0,0,39602,2,,,1.0,,,,2940.0352,9470.0,3800.0,-1,,,,,,,255899.0,2011,618,603,0,0,0,0,0,12.0,12.0,51.0,2011,MIS4_to_MIS8,pennsylvania,0,2010-2011,1,0,0,0,retention
560929066245269,7,1.0,1,4,2,8700,87001,1,1,23,42,0,0,3.0,2.0,,0,4,21,,1,41,1,,3,1,3,7,2,57,57,57,1,0,0,2.0,1.0,,32.0,,40.0,,,,,,2.0,3.0,0.0,1,2.0,,1.0,730.0,233.6,2.0,2.0,2.0,,,13200.4544,3391.5417,0,0,1.0,1.0,0,42,15489,3,,,2.0,,,,3372.5053,9470.0,3850.0,3920,,,,,1.0,1.0,259284.0,2010,606,603,0,0,0,0,0,13.0,12.0,51.0,2010,2.0,1,8,2,8700,87001,1,23,42,0,0,3.0,2.0,,0,4,22,,1,41,1,,1,3,7,2,57,57,57,1,0,0,2.0,1.0,,36.0,,36.0,,,,,,2.0,3.0,0.0,1,2.0,1.0,1.0,1250.0,300.0,2.0,2.0,2.0,,,16027.6581,3883.7194,0,0,1.0,1.0,0,0,39602,3,,,1.0,,,,3993.4546,9470.0,3850.0,-1,,,,,1.0,1.0,255900.0,2011,618,603,0,0,0,0,0,12.0,12.0,51.0,2011,MIS4_to_MIS8,pennsylvania,0,2010-2011,1,0,0,0,retention
24001015908396,7,1.0,1,4,2,8700,87001,1,1,23,42,39740,11,,1.0,,3,4,20,,2,40,1,,3,1,3,7,2,57,57,57,1,0,0,2.0,1.0,,30.0,,50.0,,,,,,2.0,3.0,0.0,1,1.0,1.0,1.0,850.0,276.0,2.0,2.0,2.0,,,13160.2159,3370.4083,0,0,1.0,1.0,0,0,41749,3,,,3.0,,,,3361.5594,8470.0,4600.0,4720,,,,,2.0,1.0,259395.0,2010,606,603,0,0,0,0,0,14.0,15.0,43.0,2010,2.0,1,8,2,8700,87001,1,23,42,39740,11,,1.0,,3,4,21,,2,40,1,,1,3,7,2,57,57,57,1,0,0,2.0,1.0,,30.0,,40.0,,,15.0,,,8.0,3.0,0.0,1,2.0,,1.0,850.0,255.0,2.0,2.0,1.0,1.0,2.0,13554.5842,3244.5689,0,0,1.0,1.0,0,42,17326,3,,,4.0,,,,3314.0939,8470.0,230.0,-1,,,,,2.0,1.0,255995.0,2011,618,603,0,0,0,0,0,15.0,1.0,43.0,2011,MIS4_to_MIS8,pennsylvania,0,2010-2011,1,0,0,0,retention
299270968620954,7,1.0,1,4,2,8700,87001,1,1,23,42,29540,71,,1.0,,3,1,64,2.0,1,40,1,,1,1,1,1,2,57,57,57,1,0,0,2.0,1.0,,38.0,5.0,31.0,,,5.0,,,4.0,2.0,0.0,1,2.0,,1.0,1150.0,437.0,1.0,,,,,12038.8821,3057.9652,0,0,0.0,0.0,0,0,19138,1,,,3.0,,,,3032.7062,4990.0,4720.0,-1,4.0,,,,,,259459.0,2010,606,603,0,0,0,0,0,14.0,16.0,22.0,2010,2.0,1,8,2,8700,87001,1,23,42,29540,71,,1.0,,3,1,66,2.0,1,40,1,,1,1,1,2,57,57,57,1,0,0,2.0,1.0,,37.0,,37.0,,,,,,2.0,2.0,0.0,1,2.0,,1.0,1200.0,444.0,1.0,,,,,11586.6543,3094.9799,0,0,0.0,0.0,0,0,17373,1,,,3.0,,,,3086.7824,4990.0,4720.0,-1,4.0,,,,,,256048.0,2011,618,603,0,0,0,0,0,14.0,16.0,22.0,2011,MIS4_to_MIS8,pennsylvania,0,2010-2011,1,0,0,0,retention
405005808092231,7,2.0,1,4,2,8700,87001,1,1,23,42,49620,133,,1.0,,3,1,45,2.0,1,43,1,,1,1,1,1,2,57,57,57,1,0,0,2.0,1.0,,40.0,,46.0,,,,,,2.0,2.0,0.0,1,2.0,2.0,2.0,,1192.3,1.0,,,,,12789.1506,3229.0345,10,2,0.0,,0,0,59468,1,,,,2.0,,,3220.7484,9470.0,3820.0,-1,3.0,,,,,,259489.0,2010,606,603,0,0,1,1,0,16.0,12.0,51.0,2010,2.0,1,8,2,8700,87001,1,23,42,49620,133,,1.0,,3,1,46,2.0,1,43,1,,1,1,1,2,57,57,57,1,0,0,2.0,1.0,,40.0,4.0,8.0,,,4.0,,,4.0,2.0,0.0,1,2.0,2.0,2.0,,1250.0,1.0,,,,,12775.0111,3202.8266,10,2,0.0,,0,0,28201,1,,,,2.0,,,3278.9379,9470.0,3820.0,-1,3.0,,,,,,256080.0,2011,618,603,0,0,1,1,0,16.0,12.0,51.0,2011,MIS4_to_MIS8,pennsylvania,0,2010-2011,1,0,0,0,retention
33341670964595,8,2.0,1,4,2,8700,87001,1,1,33,17,16980,0,1.0,1.0,1.0,7,1,39,2.0,1,44,1,,1,1,1,1,2,57,57,57,1,0,0,2.0,1.0,,40.0,,40.0,,,,,,2.0,3.0,0.0,1,2.0,2.0,2.0,,1153.84,2.0,1.0,,,,12755.6684,3167.2339,5,2,0.0,,0,0,19490,1,,,,,,3.0,3181.094,7860.0,230.0,-1,,,,,,,278922.0,2010,607,604,1,1,0,0,1,18.0,1.0,40.0,2010,2.0,1,8,2,8700,87001,1,33,17,16980,0,1.0,1.0,1.0,7,1,40,2.0,1,44,1,,1,1,1,2,57,57,57,1,0,0,2.0,1.0,,50.0,,50.0,,,,,,2.0,3.0,0.0,1,2.0,2.0,2.0,,673.07,2.0,1.0,,,,14201.1117,3520.1785,5,2,0.0,,0,0,21002,1,,,,,,3.0,3491.9587,9380.0,430.0,-1,,,,,,,275315.0,2011,619,604,1,1,0,0,1,18.0,1.0,51.0,2011,MIS4_to_MIS8,illinois,1,2010-2011,1,0,0,0,retention
117760360390103,8,1.0,6,4,2,8700,87001,1,1,33,17,16980,0,1.0,1.0,1.0,7,2,42,,1,44,2,,1,0,0,5,2,57,57,57,1,0,0,1.0,2.0,4.0,39.0,,,,,,,,5.0,3.0,0.0,1,2.0,1.0,1.0,5000.0,1556.5,1.0,,,,,9741.7416,2411.8878,0,0,0.0,1.0,0,0,42749,1,,,,,,3.0,2420.4847,7860.0,2310.0,-1,,,,,,,278969.0,2010,607,604,0,0,0,0,0,18.0,8.0,40.0,2010,1.0,6,8,2,8700,87001,1,33,17,16980,0,1.0,1.0,1.0,7,2,43,,1,44,2,,0,0,5,2,57,57,57,1,0,0,1.0,1.0,,35.0,,35.0,,,,,,2.0,3.0,0.0,1,2.0,2.0,2.0,,1538.46,1.0,,,,,10189.9813,2695.4065,0,0,0.0,,0,0,55274,1,,,,,,3.0,2669.3813,7860.0,2310.0,-1,,,,,,,275353.0,2011,619,604,0,0,0,0,0,18.0,8.0,40.0,2011,MIS4_to_MIS8,illinois,1,2010-2011,1,0,0,0,retention
769530453340961,8,2.0,1,4,2,8700,87001,1,1,33,17,16980,0,1.0,1.0,1.0,7,1,52,2.0,1,41,2,,1,1,1,1,2,57,57,57,1,0,0,2.0,1.0,,40.0,,40.0,,,,,,2.0,3.0,0.0,1,2.0,2.0,2.0,,576.92,1.0,,,,,11764.7881,3120.8791,0,0,0.0,,0,0,32357,1,,,3.0,,,,3119.8696,7790.0,9130.0,-1,3.0,,,,,,279182.0,2010,607,604,0,0,0,0,0,14.0,22.0,39.0,2010,1.0,1,8,2,8700,87001,1,33,17,16980,0,1.0,1.0,1.0,7,1,53,2.0,1,40,2,,1,1,1,2,57,57,57,1,0,0,1.0,1.0,,40.0,,40.0,,,,,,2.0,7.0,0.0,2,,,,,,,,,,,13830.8169,2807.3138,0,0,,,0,0,8738,1,,,3.0,,,,2738.1044,770.0,220.0,-1,3.0,,,,,,275556.0,2011,619,604,0,0,0,0,0,14.0,1.0,4.0,2011,MIS4_to_MIS8,illinois,1,2010-2011,0,1,0,1,retention
943057086168840,8,1.0,1,4,2,8700,87001,1,1,33,17,16980,0,1.0,1.0,,7,3,44,1.0,1,44,1,,2,1,2,1,2,57,57,57,1,0,0,2.0,1.0,,40.0,4.0,18.0,,,4.0,,,4.0,3.0,0.0,1,2.0,2.0,2.0,,1923.07,1.0,,,,,12387.7342,3081.8064,3,3,0.0,,0,0,19472,2,,,,,,3.0,3089.3361,7860.0,2000.0,-1,,,,,,,279258.0,2010,607,604,0,0,1,0,0,18.0,6.0,40.0,2010,1.0,1,8,2,8700,87001,1,33,17,16980,0,1.0,1.0,,7,3,45,1.0,1,44,1,,1,2,1,2,57,57,57,1,0,0,2.0,1.0,,45.0,,45.0,,,,,,2.0,3.0,0.0,1,2.0,2.0,2.0,,1923.07,1.0,,,,,13887.9255,3532.216,3,3,0.0,,0,0,20982,2,,,,,,3.0,3505.2922,7860.0,2000.0,-1,,,,,,,275622.0,2011,619,604,0,0,1,0,0,18.0,6.0,40.0,2011,MIS4_to_MIS8,illinois,1,2010-2011,1,0,0,0,retention
106900621991807,8,1.0,6,4,2,8700,87001,1,1,33,17,16980,0,2.0,1.0,,7,2,40,,1,43,1,,1,0,0,7,2,57,57,57,1,0,0,1.0,1.0,,50.0,,37.0,,,,,,2.0,3.0,0.0,1,2.0,2.0,2.0,,1192.3,1.0,,,,,12055.8411,2999.2384,0,0,0.0,,0,0,7179,1,,,,1.0,1.0,,3006.5664,7860.0,2310.0,4220,,,,,,,279368.0,2010,607,604,0,0,0,0,0,18.0,8.0,40.0,2010,1.0,6,8,2,8700,87001,1,33,17,16980,0,2.0,1.0,,7,2,41,,1,44,1,,0,0,7,2,57,57,57,1,0,0,1.0,1.0,,50.0,,40.0,,,,,,2.0,3.0,0.0,1,2.0,2.0,2.0,,1211.53,1.0,,,,,13926.2515,3452.046,0,0,0.0,,0,0,51731,1,,,,,,3.0,3424.3724,7860.0,2310.0,-1,,,,,,,275725.0,2011,619,604,0,0,0,0,0,18.0,8.0,40.0,2011,MIS4_to_MIS8,illinois,1,2010-2011,1,0,0,0,retention
193756503043744,8,1.0,6,4,2,8700,87001,1,1,33,17,16980,0,2.0,1.0,,7,2,53,,1,43,1,,1,0,0,7,2,57,57,57,1,0,0,1.0,1.0,,38.0,,38.0,,,,,,2.0,2.0,0.0,1,2.0,2.0,2.0,,553.84,1.0,,,,,12548.2248,3095.7903,0,0,0.0,,0,0,42752,1,,,,2.0,,,3101.5083,9380.0,930.0,-1,3.0,,,,,,279412.0,2010,607,604,0,0,0,0,0,16.0,2.0,51.0,2010,1.0,6,8,2,8700,87001,1,33,17,16980,0,2.0,1.0,,7,2,54,,1,43,1,,0,0,7,2,57,57,57,1,0,0,1.0,6.0,,,,,,,,,,1.0,,,2,,,,,,,,,,,12919.0248,3241.1327,0,0,,,0,0,70591,1,,,,2.0,,,3281.5539,,,-1,3.0,,,,,,275768.0,2011,619,604,0,0,0,0,0,16.0,,,2011,MIS4_to_MIS8,illinois,1,2010-2011,0,1,0,0,retention
193816609033772,8,1.0,1,4,2,8700,87001,1,1,33,17,16980,0,2.0,1.0,,7,1,48,2.0,2,43,1,4.0,1,1,1,1,2,364,364,364,4,0,4,1.0,2.0,4.0,37.0,,,,,,,,5.0,3.0,0.0,1,2.0,1.0,1.0,1400.0,800.0,1.0,,,,,11172.6222,2764.5073,4,1,0.0,0.0,0,0,53449,1,,,,2.0,,,2758.6429,7860.0,5320.0,-1,,,,,,,279418.0,2010,607,604,0,0,0,1,0,16.0,17.0,40.0,2010,1.0,1,8,2,8700,87001,1,33,17,16980,0,2.0,1.0,,7,1,49,2.0,2,40,1,4.0,1,1,1,2,364,364,364,4,0,4,1.0,2.0,4.0,37.0,,,,,,,,5.0,4.0,0.0,1,2.0,2.0,2.0,,1181.81,1.0,,,,,11566.6954,2945.7539,4,1,0.0,,0,0,8723,1,,,4.0,,,,2937.8383,7860.0,5320.0,-1,,,,,,,275775.0,2011,619,604,0,0,0,1,0,15.0,17.0,40.0,2011,MIS4_to_MIS8,illinois,1,2010-2011,0,1,0,1,retention
193996608023749,8,2.0,1,4,2,8700,87001,1,1,33,17,37900,179,2.0,1.0,,3,1,32,2.0,2,42,1,,1,1,1,1,2,57,57,57,1,0,0,2.0,1.0,,38.0,,38.0,,,,,,2.0,3.0,0.0,1,2.0,,1.0,825.0,313.5,2.0,2.0,,,,12086.3488,3057.2253,8,3,1.0,1.0,0,42,42859,1,,,3.0,,,,3052.5315,9480.0,3130.0,-1,,,,,,,279421.0,2010,607,604,0,1,1,0,1,14.0,10.0,51.0,2010,1.0,1,8,2,8700,87001,1,33,17,37900,179,2.0,1.0,,3,1,34,2.0,2,42,1,,1,1,1,2,57,57,57,1,0,0,1.0,1.0,,-4.0,,12.0,,,15.0,,,6.0,7.0,0.0,2,,,,,,,,,,,11904.3579,2943.0917,8,3,,,0,0,21259,1,,,4.0,,,,2945.2607,8180.0,3600.0,-1,,,,,,,275778.0,2011,619,604,0,1,1,0,1,15.0,11.0,42.0,2011,MIS4_to_MIS8,illinois,1,2010-2011,0,1,0,1,retention
193996608023749,8,2.0,1,4,2,8700,87001,1,1,33,17,37900,179,2.0,1.0,,3,3,36,1.0,1,39,1,,2,1,2,1,2,57,57,57,1,0,0,1.0,1.0,,40.0,,60.0,,,,,,2.0,3.0,0.0,1,2.0,,1.0,1560.0,624.0,2.0,2.0,,,,12241.1875,3039.4883,8,3,0.0,0.0,0,0,42859,2,1.0,,,,,,3052.7893,8270.0,4010.0,2050,,,,,,,279422.0,2010,607,604,0,1,1,0,1,12.0,13.0,42.0,2010,1.0,1,8,2,8700,87001,1,33,17,37900,179,2.0,1.0,,3,3,36,1.0,1,39,1,,1,2,1,2,57,57,57,1,0,0,2.0,1.0,,40.0,,60.0,,,,,,2.0,3.0,0.0,1,2.0,2.0,2.0,,650.0,2.0,2.0,,,,13797.9742,3393.944,8,3,0.0,,0,0,21259,2,1.0,,,,,,3392.8299,8270.0,4010.0,2060,,,,,,,275779.0,2011,619,604,0,1,1,0,1,12.0,13.0,42.0,2011,MIS4_to_MIS8,illinois,1,2010-2011,1,0,0,0,retention
195976600095709,8,2.0,1,4,2,8700,87001,1,1,33,17,16980,0,2.0,1.0,,7,3,54,1.0,2,44,1,,2,1,2,1,2,57,57,57,1,0,0,1.0,1.0,,50.0,,50.0,,,,,,2.0,3.0,0.0,1,2.0,2.0,2.0,,1923.07,1.0,,,,,11436.5282,2838.7438,0,0,0.0,,0,0,19631,2,,,,,,2.0,2823.8041,7860.0,2310.0,-1,,,,,,,279438.0,2010,607,604,0,0,0,0,0,18.0,8.0,40.0,2010,1.0,1,8,2,8700,87001,1,33,17,16980,0,2.0,1.0,,7,3,55,1.0,2,44,1,,1,2,1,2,57,57,57,1,0,0,1.0,1.0,,-4.0,,50.0,,,,,,2.0,3.0,0.0,1,2.0,2.0,2.0,,2076.92,1.0,,,,,12119.1188,3077.1538,0,0,0.0,,0,0,4827,2,,,,,,2.0,3046.2623,7860.0,2310.0,-1,,,,,,,275787.0,2011,619,604,0,0,0,0,0,18.0,8.0,40.0,2011,MIS4_to_MIS8,illinois,1,2010-2011,1,0,0,0,retention
197986300084719,8,1.0,1,4,2,8700,87001,1,1,33,17,41180,163,2.0,1.0,,6,3,45,1.0,1,39,1,,2,1,2,1,2,57,57,57,1,0,0,2.0,1.0,,40.0,,40.0,,,,,,2.0,3.0,0.0,1,2.0,,1.0,1585.0,634.0,1.0,,,,,12482.7529,3111.0271,10,2,1.0,1.0,0,42,7225,2,1.0,,,,,,3085.3258,7790.0,1420.0,-1,,,,,,,279459.0,2010,607,604,0,0,1,1,0,12.0,4.0,39.0,2010,1.0,1,8,2,8700,87001,1,33,17,41180,163,2.0,1.0,,6,3,46,1.0,1,43,1,,1,2,1,2,57,57,57,1,0,0,2.0,1.0,,40.0,,40.0,,,,,,2.0,3.0,0.0,1,2.0,2.0,2.0,,1346.0,1.0,,,,,13820.0698,3514.9578,3,1,1.0,,0,42,21250,2,,,,2.0,,,3488.1655,7790.0,1420.0,-1,,,,,,,275811.0,2011,619,604,0,0,1,0,0,16.0,4.0,39.0,2011,MIS4_to_MIS8,illinois,1,2010-2011,1,0,0,0,retention
665197059700990,8,2.0,1,4,2,8700,87001,1,1,33,17,16980,0,2.0,1.0,,7,3,74,1.0,1,40,1,,2,1,2,1,2,57,119,119,1,0,0,1.0,1.0,,30.0,,30.0,,,21.0,,,7.0,3.0,0.0,1,2.0,,1.0,1322.0,396.6,2.0,2.0,,,,10903.2332,2872.987,0,0,0.0,0.0,0,0,64956,2,,,3.0,,,,2792.1877,6770.0,4220.0,9120,,,,,,,279636.0,2010,607,604,0,0,0,0,0,14.0,14.0,31.0,2010,2.0,1,8,2,8700,87001,1,33,17,16980,0,2.0,1.0,,7,3,73,1.0,1,39,1,,1,2,1,2,57,119,119,1,0,0,1.0,1.0,,22.0,,22.0,,,21.0,,,7.0,4.0,0.0,1,2.0,,1.0,1328.0,292.16,2.0,2.0,,,,12122.0436,3002.1521,0,0,0.0,0.0,0,0,44356,2,1.0,,,,,,2991.4139,6770.0,4220.0,-1,,,,,,,275962.0,2011,619,604,0,0,0,0,0,12.0,14.0,31.0,2011,MIS4_to_MIS8,illinois,1,2010-2011,0,1,0,1,retention
771264056909092,8,1.0,4,4,2,8700,87001,1,1,33,17,41180,0,2.0,1.0,,6,1,30,,2,40,1,,1,1,1,7,2,57,57,57,1,0,0,1.0,1.0,,40.0,,40.0,,,,,,2.0,3.0,0.0,1,2.0,2.0,2.0,,769.23,2.0,2.0,,,,12086.3488,3057.2253,3,1,0.0,,0,0,29722,1,,,3.0,,,,3052.5315,9470.0,5520.0,-1,,,,,,,279681.0,2010,607,604,0,0,1,0,0,14.0,17.0,51.0,2010,1.0,4,8,2,8700,87001,1,33,17,41180,0,2.0,1.0,,6,1,31,,2,40,1,,1,1,7,2,57,57,57,1,0,0,1.0,1.0,,40.0,,40.0,,,,,,2.0,3.0,0.0,1,1.0,,1.0,1000.0,400.0,2.0,2.0,,,,12033.3662,2943.0917,3,1,1.0,1.0,0,42,8835,1,,,2.0,,,,2945.2607,9470.0,5940.0,-1,,,,,,,276005.0,2011,619,604,0,0,1,0,0,13.0,17.0,51.0,2011,MIS4_to_MIS8,illinois,1,2010-2011,1,0,0,0,retention
789000066270961,8,1.0,1,4,2,8700,87001,1,1,33,17,16980,0,2.0,1.0,,7,3,56,1.0,2,39,1,,2,1,2,1,2,57,57,57,1,0,0,2.0,1.0,,40.0,,40.0,,,,,,2.0,3.0,0.0,1,1.0,,1.0,1200.0,480.0,1.0,,,,,12391.8445,3086.3057,0,0,1.0,1.0,0,42,53470,2,1.0,,,,,,3113.2378,7860.0,310.0,-1,,,,,,,279693.0,2010,607,604,0,0,0,0,0,12.0,1.0,40.0,2010,1.0,1,8,2,8700,87001,1,33,17,16980,0,2.0,1.0,,7,3,57,1.0,2,39,1,,1,2,1,2,57,57,57,1,0,0,2.0,1.0,,40.0,,40.0,,,,,,2.0,3.0,0.0,1,2.0,2.0,2.0,,1230.0,2.0,2.0,,,,12119.1188,3077.1538,0,0,1.0,,0,42,8844,2,1.0,,,,,,3046.2623,7860.0,5700.0,-1,,,,,,,276018.0,2011,619,604,0,0,0,0,0,12.0,17.0,40.0,2011,MIS4_to_MIS8,illinois,1,2010-2011,1,0,0,0,retention
806908351778877,8,1.0,4,4,2,8700,87001,1,1,33,17,16980,0,2.0,1.0,,7,4,23,,2,40,2,,2,2,1,7,2,57,57,57,1,0,0,2.0,1.0,,20.0,,20.0,,,20.0,,,7.0,3.0,0.0,1,1.0,,1.0,425.0,285.0,2.0,2.0,1.0,2.0,2.0,13144.9875,3347.4687,2,1,1.0,1.0,0,42,57028,2,,,3.0,,,,3262.6044,7860.0,4600.0,-1,,,,,1.0,,279705.0,2010,607,604,0,1,0,0,1,14.0,15.0,40.0,2010,1.0,4,8,2,8700,87001,1,33,17,16980,0,2.0,1.0,,7,4,24,,2,40,2,,2,1,7,2,57,57,57,1,0,0,2.0,1.0,,20.0,,20.0,,,18.0,,,7.0,3.0,0.0,1,2.0,,1.0,1000.0,200.0,1.0,,2.0,,,14674.3702,3740.7198,5,2,1.0,1.0,0,42,20978,2,,,4.0,,,,3844.5549,7860.0,2540.0,-1,,,,,1.0,,276029.0,2011,619,604,1,1,0,0,1,15.0,8.0,40.0,2011,MIS4_to_MIS8,illinois,1,2010-2011,1,0,0,0,retention
871942066909393,8,2.0,1,4,2,8700,87001,1,1,33,17,37900,179,2.0,1.0,,3,3,35,1.0,1,39,1,,2,1,2,1,2,57,57,57,1,0,0,1.0,1.0,,17.0,,17.0,,,21.0,,,7.0,3.0,0.0,1,2.0,2.0,2.0,,96.0,2.0,2.0,,,,12241.1875,3039.4883,0,0,1.0,,0,42,42860,2,1.0,,,,,,3052.7893,8270.0,4010.0,-1,,,,,,,279749.0,2010,607,604,0,0,0,0,0,12.0,13.0,42.0,2010,2.0,1,8,2,8700,87001,1,33,17,37900,179,2.0,1.0,,3,3,36,1.0,1,39,1,,1,2,1,2,57,57,57,1,0,0,1.0,1.0,,20.0,,20.0,,,21.0,,,7.0,5.0,0.0,1,2.0,,1.0,725.0,145.0,2.0,2.0,,,,13797.9742,3393.944,0,0,1.0,1.0,0,42,66454,2,1.0,,,,,,3392.8299,8190.0,9130.0,-1,,,,,,,276076.0,2011,619,604,0,0,0,0,0,12.0,22.0,41.0,2011,MIS4_to_MIS8,illinois,1,2010-2011,0,1,0,1,retention
906908291998027,8,1.0,4,4,2,8700,87001,1,1,33,17,0,99,3.0,2.0,,0,4,32,,2,39,1,,2,2,1,7,2,57,57,57,1,0,0,2.0,1.0,,20.0,,20.0,,,14.0,,,6.0,3.0,0.0,1,2.0,,1.0,1100.0,220.0,2.0,2.0,,,,12469.2334,3154.0754,4,1,1.0,1.0,0,42,57043,2,2.0,5.0,,,,,3149.2329,6770.0,2440.0,-1,,,,,1.0,,279937.0,2010,607,604,0,0,0,1,0,9.0,8.0,31.0,2010,1.0,4,8,2,8700,87001,1,33,17,0,99,3.0,2.0,,0,4,33,,2,39,1,,2,1,7,2,57,57,57,1,0,0,2.0,1.0,,12.0,,12.0,,,14.0,,,6.0,4.0,0.0,1,2.0,2.0,2.0,,192.0,2.0,2.0,,,,12040.9996,2944.9586,4,1,1.0,,0,42,44371,2,2.0,5.0,,,,,2947.129,6770.0,2440.0,-1,,,,,1.0,,276242.0,2011,619,604,0,0,0,1,0,9.0,8.0,31.0,2011,MIS4_to_MIS8,illinois,1,2010-2011,0,1,0,1,retention
271393096909794,8,1.0,1,4,2,8700,87001,1,1,33,17,14060,113,,1.0,,2,1,47,2.0,2,43,1,,1,1,1,1,2,57,57,57,1,0,0,1.0,1.0,,40.0,,40.0,,,,,,2.0,3.0,0.0,1,2.0,2.0,2.0,,961.0,1.0,,,,,11887.7273,2924.9621,10,2,1.0,,0,0,42838,1,,,,2.0,,,2935.2101,7860.0,2330.0,-1,,,,,,,279995.0,2010,607,604,0,0,1,1,0,16.0,8.0,40.0,2010,1.0,1,8,2,8700,87001,1,33,17,14060,113,,1.0,,2,1,48,2.0,2,43,1,,1,1,1,2,57,57,57,1,0,0,1.0,2.0,4.0,45.0,,,,,,,,5.0,4.0,0.0,1,2.0,2.0,2.0,,1000.0,2.0,1.0,,,,12165.4208,3114.8901,10,2,1.0,,0,0,51752,1,,,,2.0,,,3089.9093,7860.0,2310.0,-1,,,,,,,276288.0,2011,619,604,0,0,1,1,0,16.0,8.0,40.0,2011,MIS4_to_MIS8,illinois,1,2010-2011,0,1,0,1,retention
167199799800996,8,1.0,6,4,2,8700,87001,1,1,32,18,16980,0,2.0,1.0,,7,2,30,,1,42,1,,1,0,0,7,2,57,57,57,1,0,0,1.0,1.0,,54.0,,54.0,,,,,,2.0,3.0,0.0,1,1.0,2.0,2.0,,769.0,1.0,,,,,12227.6244,3032.9081,0,0,1.0,,0,42,50100,1,,,3.0,,,,3011.3741,9470.0,3740.0,2720,,,,,,,280237.0,2010,607,604,0,0,0,0,0,14.0,12.0,51.0,2010,1.0,6,8,2,8700,87001,1,32,18,16980,0,2.0,1.0,,7,2,30,,1,42,1,,0,0,7,2,57,57,57,1,0,0,1.0,1.0,,54.0,,70.0,,,,,,2.0,3.0,0.0,1,2.0,2.0,2.0,,865.0,1.0,,,,,16349.8832,4074.0175,0,0,1.0,,0,42,34135,1,,,3.0,,,,4030.4868,9470.0,3740.0,9620,,,,,,,276507.0,2011,619,604,0,0,0,0,0,14.0,12.0,51.0,2011,MIS4_to_MIS8,indiana,0,2010-2011,1,0,0,0,retention
168610060830106,8,1.0,1,4,2,8700,87001,1,1,32,18,23060,0,2.0,1.0,,3,1,64,2.0,1,46,1,,1,1,1,1,2,57,57,57,1,0,0,1.0,1.0,,40.0,,40.0,,,,,,2.0,2.0,0.0,1,2.0,2.0,2.0,,1153.84,2.0,2.0,,,,9996.8308,2450.8508,0,0,0.0,,0,0,32758,1,,,,,,,2420.8373,7870.0,2200.0,-1,,,,,,1.0,280238.0,2010,607,604,0,0,0,0,0,18.0,8.0,40.0,2010,1.0,1,8,2,8700,87001,1,32,18,23060,0,2.0,1.0,,3,1,65,2.0,1,46,1,,1,1,1,2,57,57,57,1,0,0,1.0,5.0,,,,,,,,,,1.0,,,2,,,,,,,,,,,10548.2985,2568.7149,0,0,,,0,0,58970,1,,,,,,,2611.0509,,,-1,,,,,,,276508.0,2011,619,604,0,0,0,0,0,18.0,,,2011,MIS4_to_MIS8,indiana,0,2010-2011,0,1,0,0,retention
269104060800108,8,2.0,1,4,2,8700,87001,1,1,32,18,26900,0,2.0,1.0,,5,3,36,1.0,1,40,1,,2,1,2,1,2,57,57,57,1,0,0,1.0,1.0,,48.0,,48.0,,,,,,2.0,3.0,0.0,1,1.0,2.0,2.0,,1315.0,1.0,,,,,12678.4949,3173.3301,3,1,0.0,,0,0,32711,2,,,3.0,,,,3161.848,9470.0,3740.0,-1,2.0,,,,,,280275.0,2010,607,604,0,0,1,0,0,14.0,12.0,51.0,2010,2.0,1,8,2,8700,87001,1,32,18,26900,0,2.0,1.0,,5,3,37,1.0,1,40,1,,1,2,1,2,57,57,57,1,0,0,1.0,1.0,,48.0,,70.0,,,,,,2.0,3.0,0.0,1,1.0,2.0,2.0,,1538.0,1.0,,,,,14655.0978,3625.6698,3,1,1.0,,0,0,4895,2,,,3.0,,,,3603.5909,9470.0,3740.0,4620,2.0,,,,,,276554.0,2011,619,604,0,0,1,0,0,14.0,12.0,51.0,2011,MIS4_to_MIS8,indiana,0,2010-2011,1,0,0,0,retention
406908771995068,8,1.0,1,4,2,8700,87001,1,1,32,18,26900,0,2.0,1.0,,5,3,58,1.0,1,39,1,,2,1,2,1,2,57,57,57,1,0,0,2.0,1.0,,40.0,,40.0,,,,,,2.0,2.0,0.0,1,2.0,,1.0,1500.0,600.0,2.0,2.0,,,,10528.0452,2598.8862,0,0,1.0,1.0,0,42,19855,2,1.0,,,,,,2572.325,7870.0,7360.0,-1,,,,,,,280283.0,2010,607,604,0,0,0,0,0,12.0,20.0,40.0,2010,1.0,1,8,2,8700,87001,1,32,18,26900,0,2.0,1.0,,5,3,59,1.0,1,39,1,,1,2,1,2,57,57,57,1,0,0,2.0,1.0,,40.0,,40.0,,,,,,2.0,2.0,0.0,1,2.0,,1.0,1200.0,480.0,2.0,2.0,,,,10604.7345,2575.3874,0,0,1.0,1.0,0,42,34046,2,1.0,,,,,,2541.3034,7870.0,7340.0,-1,,,,,,,276567.0,2011,619,604,0,0,0,0,0,12.0,20.0,40.0,2011,MIS4_to_MIS8,indiana,0,2010-2011,1,0,0,0,retention
500887091716069,8,1.0,6,4,2,8700,87001,1,1,32,18,43780,141,2.0,1.0,,3,2,57,,1,44,1,,1,0,0,5,2,57,57,57,1,0,0,1.0,1.0,,-4.0,4.0,28.0,,,4.0,,,4.0,2.0,0.0,1,2.0,2.0,2.0,,1346.0,1.0,,,,,10346.1781,2553.9917,0,0,1.0,,0,0,42971,1,,,,,,3.0,2527.8893,7860.0,2320.0,-1,,,,,,,280287.0,2010,607,604,0,0,0,0,0,18.0,8.0,40.0,2010,1.0,6,8,2,8700,87001,1,32,18,43780,141,2.0,1.0,,3,2,58,,1,44,1,,0,0,5,2,57,57,57,1,0,0,1.0,2.0,14.0,25.0,,,,,,,,10.0,2.0,0.0,1,2.0,2.0,2.0,,346.0,1.0,,,,,10291.3277,2499.2757,0,0,1.0,,0,0,44566,1,,,,,,3.0,2466.199,7860.0,2320.0,-1,,,,,,,276570.0,2011,619,604,0,0,0,0,0,18.0,8.0,40.0,2011,MIS4_to_MIS8,indiana,0,2010-2011,1,0,0,0,retention
561194259800962,8,1.0,1,4,2,8700,87001,1,1,32,18,21780,0,2.0,1.0,,3,1,61,2.0,2,40,1,,1,1,1,1,2,57,57,57,1,0,0,1.0,1.0,,38.0,,38.0,,,,,,2.0,2.0,0.0,1,2.0,,1.0,2122.0,806.36,2.0,2.0,,,,9625.7143,2507.1531,0,0,1.0,1.0,0,0,7353,1,,,2.0,,,,2492.9469,7870.0,710.0,-1,,,,,,,280299.0,2010,607,604,0,0,0,0,0,13.0,2.0,40.0,2010,1.0,1,8,2,8700,87001,1,32,18,21780,0,2.0,1.0,,3,1,62,2.0,2,40,1,,1,1,1,2,57,57,57,1,0,0,1.0,1.0,,38.0,,41.0,,,,,,2.0,2.0,0.0,1,2.0,,1.0,1099.0,417.62,2.0,2.0,,,,9949.0816,2640.7875,0,0,0.0,0.0,0,0,9019,1,,,3.0,,,,2580.4692,7870.0,5700.0,-1,,,,,,,276586.0,2011,619,604,0,0,0,0,0,14.0,17.0,40.0,2011,MIS4_to_MIS8,indiana,0,2010-2011,1,0,0,0,retention
193926206093859,8,1.0,1,4,2,8700,87001,1,1,32,18,0,0,3.0,2.0,,0,1,50,2.0,1,40,1,,1,1,1,1,2,57,57,57,1,0,0,1.0,1.0,,50.0,,50.0,,,,,,2.0,3.0,0.0,1,2.0,,1.0,1050.0,525.0,2.0,2.0,,,,10842.9987,2696.555,0,0,1.0,1.0,0,42,50136,1,,,4.0,,,,2680.0325,9470.0,3850.0,-1,,,,,,,280412.0,2010,607,604,0,0,0,0,0,15.0,12.0,51.0,2010,1.0,1,8,2,8700,87001,1,32,18,0,0,3.0,2.0,,0,1,51,2.0,1,40,1,,1,1,1,2,57,57,57,1,0,0,1.0,1.0,,40.0,,40.0,,,,,,2.0,3.0,0.0,1,2.0,,1.0,1000.0,400.0,2.0,2.0,,,,10378.9457,2640.2487,0,0,1.0,1.0,0,42,55385,1,,,3.0,,,,2619.6308,9470.0,3850.0,-1,,,,,,,276697.0,2011,619,604,0,0,0,0,0,14.0,12.0,51.0,2011,MIS4_to_MIS8,indiana,0,2010-2011,1,0,0,0,retention
193926206093859,8,1.0,1,4,2,8700,87001,1,1,32,18,0,0,3.0,2.0,,0,3,52,1.0,2,44,1,,2,1,2,1,2,57,57,57,1,0,0,2.0,1.0,,50.0,,50.0,,,,,,2.0,3.0,0.0,1,2.0,2.0,2.0,,2307.0,2.0,2.0,,,,9798.6611,2451.7114,0,0,1.0,,0,42,50136,2,,,,,,2.0,2419.3968,9470.0,2020.0,-1,,,,,,,280413.0,2010,607,604,0,0,0,0,0,18.0,6.0,51.0,2010,1.0,1,8,2,8700,87001,1,32,18,0,0,3.0,2.0,,0,3,53,1.0,2,44,1,,1,2,1,2,57,57,57,1,0,0,2.0,1.0,,38.0,,38.0,,,,,,2.0,3.0,0.0,1,2.0,2.0,2.0,,769.0,2.0,2.0,,,,10104.1781,2603.4037,0,0,1.0,,0,42,55385,2,,,,,,2.0,2566.3718,9470.0,2015.0,-1,,,,,,,276698.0,2011,619,604,0,0,0,0,0,18.0,6.0,51.0,2011,MIS4_to_MIS8,indiana,0,2010-2011,1,0,0,0,retention
263192639800995,8,1.0,4,4,2,8700,87001,1,1,32,18,0,0,3.0,2.0,,0,7,49,,2,42,1,,2,1,4,7,2,57,57,57,1,0,0,2.0,1.0,,25.0,,50.0,,,,,,2.0,3.0,0.0,1,2.0,,1.0,1635.0,408.75,2.0,2.0,,,,10222.2138,2535.3446,0,0,1.0,1.0,0,42,20014,2,,,3.0,,,,2523.9766,6770.0,2430.0,4250,,,,,3.0,,280468.0,2010,607,604,0,0,0,0,0,14.0,8.0,31.0,2010,1.0,4,8,2,8700,87001,1,32,18,0,0,3.0,2.0,,0,7,49,,2,43,1,,1,4,7,2,57,57,57,1,0,0,2.0,1.0,,25.0,,50.0,,,,,,2.0,4.0,1.0,1,2.0,,1.0,1080.0,270.0,2.0,2.0,,,,10866.3543,2798.399,0,0,1.0,1.0,0,42,34179,2,,,,2.0,,,2759.9579,170.0,4250.0,5320,,,,,3.0,,276759.0,2011,619,604,0,0,0,0,0,16.0,14.0,1.0,2011,MIS4_to_MIS8,indiana,0,2010-2011,0,1,0,1,retention
978018832169240,8,2.0,1,4,2,8700,87001,1,1,32,18,0,0,3.0,2.0,,0,3,55,1.0,2,37,1,,2,1,2,1,2,57,57,57,1,0,0,,7.0,,,,,,,,,,1.0,2.0,0.0,2,,,,,,,,,,,10409.0771,2665.521,0,0,,,0,0,19835,2,,,,,,,2640.0618,8570.0,4110.0,-1,,,,,,,280544.0,2010,607,604,0,0,0,0,0,11.0,13.0,44.0,2010,2.0,1,8,2,8700,87001,1,32,18,0,0,3.0,2.0,,0,3,56,1.0,2,37,1,,1,2,1,2,57,57,57,1,0,0,1.0,5.0,,,,,,,,,,1.0,,,2,,,,,,,,,,,11130.7831,2723.473,0,0,,,0,0,34021,2,,,,,,,2808.5031,,,-1,,,,,,,276828.0,2011,619,604,0,0,0,0,0,11.0,,,2011,MIS4_to_MIS8,indiana,0,2010-2011,0,1,0,0,retention
781231056909693,8,1.0,7,4,2,8700,87001,1,1,32,18,11300,95,,1.0,,2,2,61,,2,39,1,,1,0,0,5,2,57,57,57,1,0,0,1.0,1.0,,40.0,,40.0,,,,,,2.0,2.0,0.0,1,2.0,,1.0,1570.0,628.0,2.0,2.0,,,,9810.4882,2555.28,0,0,0.0,0.0,0,0,42924,1,1.0,,,,,,2540.8012,9470.0,3800.0,-1,,,,,,,280636.0,2010,607,604,0,0,0,0,0,12.0,12.0,51.0,2010,1.0,7,8,2,8700,87001,1,32,18,11300,95,,1.0,,2,2,62,,2,39,1,,0,0,5,2,57,57,57,1,0,0,1.0,6.0,,,,,,,,,,1.0,,,2,,,,,,,,,,,11180.9376,2725.5347,0,0,,,0,0,34090,1,1.0,,,,,,2798.1508,,,-1,,,,,,,276907.0,2011,619,604,0,0,0,0,0,12.0,,,2011,MIS4_to_MIS8,indiana,0,2010-2011,0,1,0,0,retention
86949060689301,8,2.0,4,4,2,8700,87001,1,1,21,36,35620,81,1.0,1.0,,7,1,45,,2,40,2,,1,1,1,7,2,57,57,57,1,0,0,2.0,1.0,,40.0,,40.0,,,,,,2.0,3.0,0.0,1,2.0,1.0,1.0,1395.0,540.0,2.0,1.0,,,,11551.6386,2960.7214,3,1,1.0,1.0,0,0,59785,1,,,2.0,,,,2928.8699,9370.0,4060.0,-1,,,,,,,291519.0,2010,607,604,0,0,1,0,0,13.0,13.0,51.0,2010,3.0,4,8,2,8700,87001,1,21,36,35620,81,1.0,1.0,,7,1,46,,2,40,2,,1,1,7,2,57,57,57,1,0,0,2.0,1.0,,40.0,,40.0,,,,,,2.0,3.0,0.0,1,2.0,1.0,1.0,1250.0,540.0,2.0,1.0,,,,14079.5638,3384.3111,4,1,1.0,1.0,0,0,28272,1,,,2.0,,,,3451.3235,9370.0,5860.0,-1,,,,,,,287854.0,2011,619,604,0,0,0,1,0,13.0,17.0,51.0,2011,MIS4_to_MIS8,new_york,0,2010-2011,1,0,0,0,retention
206905273782316,8,1.0,4,4,2,8700,87001,1,1,21,36,35620,47,1.0,1.0,,7,1,40,,2,43,2,,1,1,1,7,2,57,57,57,1,0,0,1.0,1.0,,40.0,,40.0,,,,,,2.0,3.0,0.0,1,2.0,2.0,2.0,,507.0,1.0,,,,,12950.817,3216.6429,4,1,1.0,,0,42,59702,1,,,,2.0,,,3289.5751,9470.0,3800.0,-1,,,,,,,291577.0,2010,607,604,0,0,0,1,0,16.0,12.0,51.0,2010,2.0,4,8,2,8700,87001,1,21,36,35620,47,1.0,1.0,,7,1,41,,2,43,2,,1,1,7,2,57,57,57,1,0,0,2.0,1.0,,40.0,,40.0,,,,,,2.0,3.0,0.0,1,2.0,2.0,2.0,,640.0,1.0,,,,,10262.6024,2498.2393,0,0,1.0,,0,42,1751,1,,,,2.0,,,2413.899,9470.0,3800.0,-1,,,,,,,287915.0,2011,619,604,0,0,0,0,0,16.0,12.0,51.0,2011,MIS4_to_MIS8,new_york,0,2010-2011,1,0,0,0,retention
270861093236529,8,1.0,1,4,2,8700,87001,1,1,21,36,35620,47,1.0,1.0,,7,3,38,1.0,1,43,4,,2,1,2,1,2,233,233,233,5,0,20,2.0,1.0,,35.0,,35.0,,,,,,2.0,3.0,0.0,1,2.0,2.0,2.0,,769.23,1.0,,,,,13730.532,3426.1479,8,3,0.0,,0,0,1698,2,,,,2.0,,,3424.212,7860.0,2310.0,-1,,,,,,,291638.0,2010,607,604,0,1,1,0,1,16.0,8.0,40.0,2010,1.0,1,8,2,8700,87001,1,21,36,35620,47,1.0,1.0,,7,3,39,1.0,1,43,4,,1,2,1,2,233,233,233,5,0,20,2.0,1.0,,35.0,4.0,1.0,,,4.0,,,4.0,3.0,0.0,1,2.0,2.0,2.0,,865.38,1.0,,,,,9454.3101,2288.9551,8,3,0.0,,0,0,14221,2,,,,1.0,1.0,,2324.7519,7860.0,2310.0,-1,,,,,,,287978.0,2011,619,604,0,1,1,0,1,18.0,8.0,40.0,2011,MIS4_to_MIS8,new_york,0,2010-2011,1,0,0,0,retention
392956701084697,8,2.0,1,4,2,8700,87001,1,1,21,36,35620,81,1.0,1.0,,7,1,62,2.0,1,39,1,2.0,1,1,1,1,2,57,57,57,1,0,0,2.0,1.0,,50.0,,50.0,,,,,,2.0,3.0,0.0,1,1.0,1.0,1.0,1600.0,1250.0,1.0,,,,,12839.48,3136.9409,3,1,0.0,1.0,0,0,38484,1,1.0,,,,,,3109.2146,6180.0,9120.0,-1,4.0,,,,,,291705.0,2010,607,604,0,0,1,0,0,12.0,22.0,23.0,2010,1.0,1,8,2,8700,87001,1,21,36,35620,81,1.0,1.0,,7,1,63,2.0,1,39,1,2.0,1,1,1,2,57,57,57,1,0,0,2.0,1.0,,40.0,,40.0,,,,,,2.0,3.0,0.0,1,1.0,2.0,2.0,,450.0,1.0,,,,,16533.106,4242.9792,3,1,1.0,,0,0,14429,1,1.0,,,,,,4220.41,6180.0,9120.0,-1,4.0,,,,,,288043.0,2011,619,604,0,0,1,0,0,12.0,22.0,23.0,2011,MIS4_to_MIS8,new_york,0,2010-2011,1,0,0,0,retention
398996700090634,8,1.0,1,4,2,8700,87001,1,1,21,36,35620,47,1.0,1.0,,7,3,46,1.0,2,40,1,,2,1,2,1,2,414,414,414,4,0,7,2.0,1.0,,40.0,,40.0,,,,,,2.0,2.0,0.0,1,2.0,2.0,2.0,,1250.0,2.0,2.0,,,,15365.8693,3783.2213,0,0,1.0,,0,0,1696,2,,,1.0,,,,3794.0015,7860.0,2310.0,-1,,,,,,,291751.0,2010,607,604,0,0,0,0,0,12.0,8.0,40.0,2010,2.0,1,8,2,8700,87001,1,21,36,35620,47,1.0,1.0,,7,3,47,1.0,2,40,1,,1,2,1,2,414,414,414,4,0,7,1.0,7.0,,,,,,,,,,1.0,,,2,,,,,,,,,,,16085.5273,4046.0543,0,0,,,0,0,49055,2,,,1.0,,,,4058.677,,,-1,,,,,,,288080.0,2011,619,604,0,0,0,0,0,12.0,,,2011,MIS4_to_MIS8,new_york,0,2010-2011,0,1,0,0,retention
406909513798726,8,2.0,4,4,2,8700,87001,1,1,21,36,35620,81,1.0,1.0,,7,4,30,,1,44,1,,2,1,3,7,2,57,132,132,1,0,0,1.0,1.0,,40.0,13.0,20.0,,,13.0,,,4.0,3.0,0.0,1,2.0,2.0,2.0,,1153.84,1.0,,,,,12196.2965,3003.0164,0,0,0.0,,0,0,26690,2,,,,,,3.0,3003.6588,7860.0,2320.0,4760,,,,,1.0,,291767.0,2010,607,604,0,0,0,0,0,18.0,8.0,40.0,2010,2.0,4,8,2,8700,87001,1,21,36,35620,81,1.0,1.0,,7,4,31,,1,44,1,,1,3,7,2,57,132,132,1,0,0,1.0,1.0,,20.0,,20.0,,,23.0,,,7.0,3.0,0.0,1,1.0,2.0,2.0,,125.0,1.0,,,,,11743.6808,2870.9632,0,0,1.0,,0,0,14430,2,,,,,,3.0,2894.9901,7860.0,2310.0,-1,,,,,1.0,,288092.0,2011,619,604,0,0,0,0,0,18.0,8.0,40.0,2011,MIS4_to_MIS8,new_york,0,2010-2011,1,0,0,0,retention
463147056909797,8,1.0,4,4,2,8700,87001,1,1,21,36,10580,0,1.0,1.0,,4,4,30,,1,43,2,,2,1,3,7,2,57,333,333,1,0,0,2.0,1.0,,40.0,,40.0,,,,,,2.0,2.0,0.0,1,2.0,1.0,1.0,700.0,942.0,2.0,2.0,,,,16952.1561,4644.7577,0,0,1.0,1.0,0,0,41004,2,,,,2.0,,,4522.4551,7460.0,2920.0,-1,,,,,1.0,,291782.0,2010,607,604,0,0,0,0,0,16.0,9.0,36.0,2010,1.0,4,8,2,8700,87001,1,21,36,10580,0,1.0,1.0,,4,4,31,,1,43,2,,1,3,7,2,57,333,333,1,0,0,2.0,1.0,,40.0,,40.0,,,,,,2.0,2.0,0.0,1,2.0,2.0,2.0,,1057.0,1.0,,,,,20164.631,5009.5055,0,0,1.0,,0,42,56257,2,,,,2.0,,,5008.5285,7460.0,2920.0,-1,,,,,1.0,,288114.0,2011,619,604,0,0,0,0,0,16.0,9.0,36.0,2011,MIS4_to_MIS8,new_york,0,2010-2011,1,0,0,0,retention
619720341850963,8,1.0,4,4,2,8700,87001,1,1,21,36,35620,47,1.0,1.0,,7,1,56,,2,41,2,,1,1,1,5,2,343,343,343,4,0,5,1.0,1.0,,40.0,,40.0,,,,,,2.0,3.0,0.0,1,2.0,2.0,2.0,,673.07,1.0,,,,,11405.5835,2720.9415,4,1,0.0,,0,0,38337,1,,,3.0,,,,2691.6695,6180.0,9240.0,-1,,,,,,,291854.0,2010,607,604,0,0,0,1,0,14.0,22.0,23.0,2010,3.0,4,8,2,8700,87001,1,21,36,35620,47,1.0,1.0,,7,1,57,,2,41,2,,1,1,5,2,343,343,343,4,0,5,2.0,1.0,,40.0,,40.0,,,,,,2.0,3.0,0.0,1,2.0,2.0,2.0,,653.84,1.0,,,,,11867.0963,3046.934,4,1,0.0,,0,0,14216,1,,,3.0,,,,3107.266,6180.0,9240.0,-1,,,,,,,288195.0,2011,619,604,0,0,0,1,0,14.0,22.0,23.0,2011,MIS4_to_MIS8,new_york,0,2010-2011,1,0,0,0,retention
630609831527272,8,1.0,4,4,2,8700,87001,1,1,21,36,35620,47,1.0,1.0,,7,1,29,,2,43,2,,1,1,1,7,2,57,330,324,1,0,0,1.0,1.0,,40.0,,40.0,,,,,,2.0,3.0,0.0,1,2.0,2.0,2.0,,1250.0,1.0,,,,,14276.0632,3476.1773,2,1,0.0,,0,0,59703,1,,,,2.0,,,3607.7021,8370.0,2010.0,-1,,,,,,,291865.0,2010,607,604,0,1,0,0,1,16.0,6.0,43.0,2010,1.0,4,8,2,8700,87001,1,21,36,35620,47,1.0,1.0,,7,1,30,,2,43,2,,1,1,7,2,57,330,324,1,0,0,1.0,1.0,,35.0,,35.0,,,,,,2.0,4.0,0.0,1,2.0,2.0,2.0,,1153.84,1.0,,,,,11486.233,2840.0346,3,1,0.0,,0,0,1752,1,,,,2.0,,,2808.6213,8470.0,2300.0,-1,,,,,,,288202.0,2011,619,604,0,0,1,0,0,16.0,8.0,43.0,2011,MIS4_to_MIS8,new_york,0,2010-2011,0,1,0,1,retention
630609986352274,8,1.0,6,4,2,8700,87002,2,2,21,36,35620,5,1.0,1.0,,7,2,50,,1,40,2,,1,0,0,7,2,57,57,57,1,0,0,1.0,4.0,,,,,,,,16.0,5.0,11.0,3.0,0.0,2,,,,,,,,,,,18123.1541,3905.8242,0,0,,,0,0,1615,1,,,1.0,,,,3801.946,6180.0,9120.0,-1,,,,,,,291889.0,2010,607,604,0,0,0,0,0,12.0,22.0,23.0,2010,1.0,6,8,2,8700,87002,2,21,36,35620,5,1.0,1.0,,7,2,51,,1,40,2,,0,0,7,2,57,57,57,1,0,0,1.0,1.0,,40.0,,40.0,,,,,,2.0,3.0,0.0,1,2.0,,1.0,2500.0,1000.0,1.0,,,,,11803.3608,3076.3813,0,0,0.0,0.0,0,0,56276,1,,,3.0,,,,3040.7021,6180.0,9120.0,-1,,,,,,,288224.0,2011,619,604,0,0,0,0,0,14.0,22.0,23.0,2011,MIS4_to_MIS8,new_york,0,2010-2011,1,0,0,0,retention
663987016902897,8,1.0,7,4,2,8700,87001,1,1,21,36,35620,61,1.0,1.0,,7,2,57,,2,44,1,,1,0,0,5,2,57,57,57,1,0,0,1.0,2.0,4.0,40.0,,,,,,,,5.0,3.0,0.0,1,2.0,2.0,2.0,,1384.61,1.0,,,,,15959.5507,3977.4695,0,0,0.0,,0,0,12796,1,,,,,,1.0,4009.5626,7860.0,230.0,-1,,,,,,,291928.0,2010,607,604,0,0,0,0,0,17.0,1.0,40.0,2010,1.0,7,8,2,8700,87001,1,21,36,35620,61,1.0,1.0,,7,2,58,,2,44,1,,0,0,5,2,57,57,57,1,0,0,1.0,1.0,,50.0,,50.0,,,,,,2.0,3.0,0.0,1,2.0,2.0,2.0,,1346.15,1.0,,,,,15715.986,3937.7228,0,0,0.0,,0,0,49103,1,,,,,,1.0,3950.371,7860.0,230.0,-1,,,,,,,288268.0,2011,619,604,0,0,0,0,0,17.0,1.0,40.0,2011,MIS4_to_MIS8,new_york,0,2010-2011,1,0,0,0,retention
669210767220963,8,2.0,1,4,2,8700,87001,1,1,21,36,35620,5,1.0,1.0,,7,3,61,1.0,1,42,2,,2,1,2,1,2,57,57,57,1,0,0,1.0,7.0,,,,,,,,,,1.0,2.0,0.0,2,,,,,,,,,,,13459.9598,3472.4566,0,0,,,0,0,26407,2,,,5.0,,,,3483.9801,6380.0,5510.0,-1,4.0,,,,,,291932.0,2010,607,604,0,0,0,0,0,16.0,17.0,23.0,2010,1.0,1,8,2,8700,87001,1,21,36,35620,5,1.0,1.0,,7,3,62,1.0,1,39,2,,1,2,1,2,57,57,57,1,0,0,2.0,1.0,,25.0,,25.0,,,21.0,,,7.0,4.0,0.0,1,2.0,1.0,1.0,1250.0,450.0,2.0,2.0,,,,20087.8727,3565.8284,0,0,1.0,1.0,0,0,48982,2,2.0,6.0,,,,,3524.4726,6190.0,9140.0,-1,4.0,,,,,,288274.0,2011,619,604,0,0,0,0,0,10.0,22.0,23.0,2011,MIS4_to_MIS8,new_york,0,2010-2011,0,1,0,1,retention
706904143997576,8,1.0,3,4,2,8700,87001,1,1,21,36,10580,0,1.0,1.0,,4,6,44,,2,40,2,,2,2,1,7,2,57,57,57,1,0,0,2.0,1.0,,38.0,,38.0,,,,,,2.0,2.0,0.0,1,2.0,2.0,2.0,,923.0,1.0,,,,,13305.1893,3329.6221,3,1,1.0,,0,42,47093,2,,,2.0,,,,3379.5875,9470.0,5860.0,-1,,,,,,,291967.0,2010,607,604,0,0,1,0,0,13.0,17.0,51.0,2010,2.0,3,8,2,8700,87001,1,21,36,10580,0,1.0,1.0,,4,6,46,,2,40,2,,2,1,7,2,57,57,57,1,0,0,1.0,1.0,,40.0,,40.0,,,,,,2.0,2.0,0.0,1,2.0,2.0,2.0,,865.38,1.0,,,,,13831.1553,3394.6543,3,1,0.0,,0,0,40274,2,,,3.0,,,,3390.4311,9470.0,5700.0,-1,,,,,,,288294.0,2011,619,604,0,0,1,0,0,14.0,17.0,51.0,2011,MIS4_to_MIS8,new_york,0,2010-2011,1,0,0,0,retention
706908163796586,8,1.0,6,4,2,8700,87001,1,1,21,36,35620,61,1.0,1.0,,7,2,35,,1,43,1,,1,0,0,7,2,57,57,57,1,0,0,1.0,1.0,,48.0,,48.0,,,,,,2.0,3.0,0.0,1,1.0,1.0,1.0,2810.0,1750.0,1.0,,,,,12646.0119,3142.0545,0,0,0.0,1.0,0,0,29994,1,,,,2.0,,,3153.7471,9470.0,3740.0,-1,1.0,,,,,,291970.0,2010,607,604,0,0,0,0,0,16.0,12.0,51.0,2010,1.0,6,8,2,8700,87001,1,21,36,35620,61,1.0,1.0,,7,2,36,,1,43,1,,0,0,7,2,57,57,57,1,0,0,1.0,1.0,,45.0,,45.0,,,,,,2.0,3.0,0.0,1,1.0,2.0,2.0,,1826.92,1.0,,,,,10526.3621,2555.0123,0,0,0.0,,0,0,1870,1,,,,1.0,1.0,,2588.3623,9470.0,3740.0,430,1.0,,,,,,288297.0,2011,619,604,0,0,0,0,0,18.0,12.0,51.0,2011,MIS4_to_MIS8,new_york,0,2010-2011,1,0,0,0,retention
763264056909092,8,1.0,7,4,2,8700,87001,1,1,21,36,10580,0,1.0,1.0,,4,2,64,,2,35,2,,1,0,0,4,2,333,333,333,4,0,7,1.0,1.0,,40.0,,40.0,,,,,,2.0,3.0,0.0,1,2.0,,1.0,1500.0,600.0,2.0,2.0,,,,9435.5361,2202.4287,0,0,0.0,0.0,0,0,12927,1,,,,,,,2162.4007,8270.0,4230.0,-1,,,,,,,291980.0,2010,607,604,0,0,0,0,0,9.0,14.0,42.0,2010,1.0,7,8,2,8700,87001,1,21,36,10580,0,1.0,1.0,,4,2,65,,2,35,2,,0,0,4,2,333,333,333,4,0,7,1.0,1.0,,40.0,,40.0,,,,,,2.0,3.0,0.0,1,2.0,,1.0,1500.0,600.0,1.0,,,,,12392.514,2780.3566,0,0,0.0,0.0,0,0,49180,1,,,,,,,2776.8977,8270.0,4230.0,-1,,,,,,,288305.0,2011,619,604,0,0,0,0,0,9.0,14.0,42.0,2011,MIS4_to_MIS8,new_york,0,2010-2011,1,0,0,0,retention
923076852369120,8,1.0,4,4,2,8700,87001,1,1,21,36,35620,47,1.0,1.0,,7,8,59,,2,43,1,,2,1,4,7,2,57,57,57,1,0,0,2.0,1.0,,40.0,,40.0,,,,,,2.0,3.0,0.0,1,2.0,2.0,2.0,,673.07,1.0,,,,,15959.5507,3977.4695,0,0,0.0,,0,0,12681,2,,,,2.0,,,4009.5626,7270.0,5860.0,-1,,,,,,,292059.0,2010,607,604,0,0,0,0,0,16.0,17.0,36.0,2010,2.0,4,8,2,8700,87001,1,21,36,35620,47,1.0,1.0,,7,8,60,,2,43,1,,1,4,7,2,57,57,57,1,0,0,1.0,1.0,,40.0,,40.0,,,,,,2.0,3.0,0.0,1,2.0,2.0,2.0,,673.07,2.0,2.0,,,,14775.4791,3847.7531,0,0,0.0,,0,0,1761,2,,,,2.0,,,3832.2802,9370.0,5120.0,-1,,,,,,,288395.0,2011,619,604,0,0,0,0,0,16.0,17.0,51.0,2011,MIS4_to_MIS8,new_york,0,2010-2011,1,0,0,0,retention
938096883369120,8,1.0,4,4,2,8700,87001,1,1,21,36,35620,81,1.0,1.0,,7,1,47,,2,41,4,,1,1,1,5,2,207,207,207,4,0,12,1.0,1.0,,37.0,,37.0,,,,,,2.0,3.0,0.0,1,2.0,2.0,2.0,,596.0,1.0,,,,,14662.106,3673.6504,0,0,1.0,,0,0,1909,1,,,3.0,,,,3620.2347,8190.0,3130.0,-1,,,,,5.0,1.0,292069.0,2010,607,604,0,0,0,0,0,14.0,10.0,41.0,2010,1.0,4,8,2,8700,87001,1,21,36,35620,81,1.0,1.0,,7,1,48,,2,43,4,,1,1,5,2,207,207,207,4,0,12,1.0,1.0,,40.0,,40.0,,,,,,2.0,3.0,0.0,1,1.0,2.0,2.0,,2307.0,2.0,2.0,,,,16303.7593,4075.6391,0,0,1.0,,0,0,49169,1,,,,2.0,,,4141.0106,8180.0,3255.0,-1,,,,,5.0,1.0,288408.0,2011,619,604,0,0,0,0,0,16.0,10.0,42.0,2011,MIS4_to_MIS8,new_york,0,2010-2011,1,0,0,0,retention
940165008936950,8,1.0,6,4,2,8700,87001,1,1,21,36,35620,85,1.0,1.0,,7,2,40,,1,40,1,,1,0,0,6,2,57,57,57,1,0,0,1.0,2.0,4.0,40.0,,,,,,,,5.0,3.0,0.0,1,2.0,1.0,1.0,900.0,838.92,1.0,,,,,12281.2406,3057.3061,0,0,0.0,1.0,0,0,1924,1,,,2.0,,,,3062.778,7870.0,3920.0,-1,,,,,,,292075.0,2010,607,604,0,0,0,0,0,13.0,12.0,40.0,2010,1.0,6,8,2,8700,87001,1,21,36,35620,85,1.0,1.0,,7,2,41,,1,40,1,,0,0,6,2,57,57,57,1,0,0,1.0,2.0,7.0,40.0,,,,,,,,5.0,3.0,0.0,1,2.0,2.0,2.0,,846.15,1.0,,,,,10780.9784,2637.0955,0,0,0.0,,0,0,14451,1,,,3.0,,,,2650.9707,7870.0,3930.0,-1,,,,,,,288414.0,2011,619,604,0,0,0,0,0,14.0,12.0,40.0,2011,MIS4_to_MIS8,new_york,0,2010-2011,1,0,0,0,retention
964086091369080,8,1.0,4,4,2,8700,87001,1,1,21,36,35620,81,1.0,1.0,,7,1,37,,2,43,2,,1,1,1,5,2,57,57,57,1,0,0,1.0,4.0,,,,,,,,12.0,2.0,11.0,3.0,0.0,2,,,,,,,,,,,18120.8244,3688.5017,0,0,,,0,0,1899,1,,,,2.0,,,3749.8897,7070.0,100.0,-1,,,,,,,292121.0,2010,607,604,0,0,0,0,0,16.0,1.0,34.0,2010,1.0,7,8,2,8700,87001,1,21,36,35620,81,1.0,1.0,,7,2,38,,2,42,2,,0,0,5,2,57,57,57,1,0,0,1.0,4.0,,,,,,,,14.0,2.0,11.0,3.0,0.0,2,,,,,,,,,,,10765.0789,2814.4749,0,0,,,0,0,28273,1,,,3.0,,,,2588.127,7070.0,100.0,-1,,,,,,,288452.0,2011,619,604,0,0,0,0,0,14.0,1.0,34.0,2011,MIS4_to_MIS8,new_york,0,2010-2011,1,0,0,0,retention
16559460969304,8,2.0,1,4,2,8700,87001,1,1,21,36,35620,103,2.0,1.0,,7,1,41,2.0,2,44,1,,1,1,1,1,2,57,57,57,1,0,0,2.0,2.0,8.0,38.0,,,,,,,,5.0,3.0,0.0,1,2.0,2.0,2.0,,2000.0,1.0,,,,,14517.8236,3713.4491,6,3,0.0,,0,0,1968,1,,,,,,2.0,3637.7181,7860.0,2310.0,-1,,,,,,,292179.0,2010,607,604,1,0,1,0,1,18.0,8.0,40.0,2010,1.0,1,8,2,8700,87001,1,21,36,35620,103,2.0,1.0,,7,1,42,2.0,2,44,1,,1,1,1,2,57,57,57,1,0,0,1.0,1.0,,40.0,,40.0,,,,,,2.0,3.0,0.0,1,2.0,2.0,2.0,,1538.46,1.0,,,,,13184.6367,3351.7903,6,3,0.0,,0,0,28379,1,,,,,,2.0,3329.6589,7860.0,2310.0,-1,,,,,,,288513.0,2011,619,604,1,0,1,0,1,18.0,8.0,40.0,2011,MIS4_to_MIS8,new_york,0,2010-2011,1,0,0,0,retention
39323660919798,8,3.0,3,4,2,8700,87001,1,1,21,36,35620,103,2.0,1.0,,7,4,26,3.0,2,42,2,,2,2,1,1,2,332,332,332,4,10,9,2.0,1.0,,40.0,,40.0,,,,,,2.0,2.0,0.0,1,2.0,,1.0,950.0,380.0,1.0,,,,,14754.5502,3619.8255,0,0,1.0,1.0,0,42,47306,2,,,3.0,,,,3728.6205,8190.0,3600.0,-1,,,,,,1.0,292210.0,2010,607,604,0,0,0,0,0,14.0,11.0,41.0,2010,3.0,3,8,2,8700,87001,1,21,36,35620,103,2.0,1.0,,7,4,27,3.0,2,39,2,,2,1,1,2,332,332,332,4,10,9,2.0,1.0,,40.0,,40.0,,,,,,2.0,4.0,0.0,1,2.0,,1.0,1475.0,590.0,1.0,,,,,17202.2453,4283.7289,0,0,1.0,1.0,0,0,28381,2,1.0,,,,,,4206.3044,8190.0,3500.0,-1,,,,,,1.0,288540.0,2011,619,604,0,0,0,0,0,12.0,10.0,41.0,2011,MIS4_to_MIS8,new_york,0,2010-2011,0,1,0,1,retention
40063660963096,8,1.0,1,4,2,8700,87001,1,1,21,36,35620,59,2.0,1.0,,7,3,39,1.0,1,39,1,,2,1,2,1,2,57,120,116,1,0,0,2.0,1.0,,25.0,,45.0,,,,,,2.0,3.0,0.0,1,2.0,2.0,2.0,,846.15,1.0,,,,,14620.901,3660.1803,1,1,0.0,,0,0,12753,2,1.0,,,,,,3646.2582,7790.0,9720.0,4220,,,,,,,292214.0,2010,607,604,1,0,0,0,1,12.0,22.0,39.0,2010,1.0,1,8,2,8700,87001,1,21,36,35620,59,2.0,1.0,,7,3,40,1.0,1,39,1,,1,2,1,2,57,120,116,1,0,0,2.0,1.0,,15.0,,35.0,,,,,,2.0,4.0,0.0,1,2.0,,1.0,1200.0,180.0,2.0,2.0,,,,11766.3069,2938.7583,1,1,0.0,0.0,0,0,1826,2,1.0,,,,,,2893.2565,8570.0,4250.0,4220,,,,,,,288544.0,2011,619,604,1,0,0,0,1,12.0,14.0,44.0,2011,MIS4_to_MIS8,new_york,0,2010-2011,0,1,0,1,retention
60663090636229,8,1.0,4,4,2,8700,87001,1,1,21,36,15380,0,2.0,1.0,,5,1,50,,2,39,1,,1,1,1,5,2,57,57,57,1,0,0,1.0,2.0,4.0,25.0,,,,,,,,10.0,2.0,0.0,1,2.0,,1.0,1296.0,324.0,1.0,,,,,10525.8289,2634.1452,0,0,0.0,0.0,0,0,63554,1,1.0,,,,,,2598.9425,7860.0,4600.0,-1,,,,,,,292228.0,2010,607,604,0,0,0,0,0,12.0,15.0,40.0,2010,1.0,4,8,2,8700,87001,1,21,36,15380,0,2.0,1.0,,5,1,51,,2,39,1,,1,1,5,2,57,57,57,1,0,0,1.0,2.0,4.0,24.0,,,,,,,,10.0,2.0,0.0,1,2.0,,1.0,1296.0,311.04,1.0,,,,,10682.6704,2757.3476,0,0,0.0,0.0,0,0,14134,1,1.0,,,,,,2713.3038,6070.0,9415.0,-1,,,,,,,288556.0,2011,619,604,0,0,0,0,0,12.0,22.0,23.0,2011,MIS4_to_MIS8,new_york,0,2010-2011,1,0,0,0,retention
116460360660302,8,1.0,1,4,2,8700,87001,1,1,21,36,45060,0,2.0,1.0,,4,3,33,1.0,1,43,1,,2,1,2,1,2,57,57,57,1,0,0,2.0,1.0,,48.0,,48.0,,,,,,2.0,2.0,0.0,1,2.0,2.0,2.0,,528.0,2.0,1.0,,,,13421.9616,3329.7677,1,1,1.0,,0,42,26549,2,,,,1.0,2.0,,3305.5111,9470.0,3850.0,-1,1.0,2.0,,,,,292271.0,2010,607,604,1,0,0,0,1,17.0,12.0,51.0,2010,2.0,1,8,2,8700,87001,1,21,36,45060,0,2.0,1.0,,4,3,34,1.0,1,43,1,,1,2,1,2,57,57,57,1,0,0,1.0,1.0,,-4.0,,60.0,,,,,,2.0,2.0,0.0,1,2.0,2.0,2.0,,1557.69,1.0,,,,,12586.0109,3141.7202,1,1,0.0,,0,0,64874,2,,,,1.0,2.0,,3102.6369,9470.0,3850.0,-1,1.0,2.0,,,,,288597.0,2011,619,604,1,0,0,0,1,17.0,12.0,51.0,2011,MIS4_to_MIS8,new_york,0,2010-2011,1,0,0,0,retention
160064095436599,8,1.0,4,4,2,8700,87001,1,1,21,36,35620,103,2.0,1.0,,7,1,41,,2,44,1,,1,1,1,7,2,57,57,57,1,0,0,1.0,1.0,,40.0,,40.0,,,,,,2.0,3.0,0.0,1,1.0,2.0,2.0,,1134.0,1.0,,,,,14517.8236,3713.4491,4,3,1.0,,0,0,12992,1,,,,,,2.0,3637.7181,7860.0,2320.0,-1,,,,,,,292276.0,2010,607,604,0,0,0,1,0,18.0,8.0,40.0,2010,1.0,4,8,2,8700,87001,1,21,36,35620,103,2.0,1.0,,7,1,42,,2,44,1,,1,1,7,2,57,57,57,1,0,0,1.0,1.0,,40.0,,40.0,,,,,,2.0,3.0,0.0,1,2.0,2.0,2.0,,1923.07,1.0,,,,,13184.6367,3351.7903,0,0,0.0,,0,0,14517,1,,,,,,2.0,3329.6589,7860.0,2310.0,-1,,,,,,,288599.0,2011,619,604,0,0,0,0,0,18.0,8.0,40.0,2011,MIS4_to_MIS8,new_york,0,2010-2011,1,0,0,0,retention
263044036907698,8,1.0,1,4,2,8700,87001,1,1,21,36,40380,55,2.0,1.0,,5,1,39,2.0,2,44,1,,1,1,1,1,2,57,57,57,1,0,0,1.0,2.0,14.0,20.0,,,,,,,,10.0,3.0,0.0,1,2.0,2.0,2.0,,700.0,1.0,,,,,14012.3607,3555.2638,8,2,0.0,,0,0,54420,1,,,,,,2.0,3511.0647,7860.0,2310.0,-1,,,,,,,292351.0,2010,607,604,0,1,1,0,1,18.0,8.0,40.0,2010,1.0,1,8,2,8700,87001,1,21,36,40380,55,2.0,1.0,,5,1,41,2.0,2,44,1,,1,1,1,2,57,57,57,1,0,0,1.0,2.0,4.0,20.0,,,,,,,,10.0,3.0,0.0,1,2.0,2.0,2.0,,700.0,1.0,,,,,12947.0265,3291.3852,3,2,0.0,,0,0,1799,1,,,,,,2.0,3269.6526,7860.0,2310.0,-1,,,,,,,288681.0,2011,619,604,0,0,1,0,0,18.0,8.0,40.0,2011,MIS4_to_MIS8,new_york,0,2010-2011,1,0,0,0,retention
306907853799446,8,2.0,7,4,2,8700,87001,1,1,21,36,15380,0,2.0,1.0,,5,2,28,,2,39,1,,1,0,0,7,2,57,57,57,1,0,0,2.0,1.0,,40.0,,40.0,,,,,,2.0,2.0,0.0,1,2.0,2.0,2.0,,961.53,1.0,,,,,14541.5389,3702.1029,0,0,0.0,,0,0,29975,1,1.0,,,,,,3672.6149,9470.0,3800.0,-1,,,,,,,292365.0,2010,607,604,0,0,0,0,0,12.0,12.0,51.0,2010,2.0,7,8,2,8700,87001,1,21,36,15380,0,2.0,1.0,,5,2,29,,2,39,1,,0,0,7,2,57,57,57,1,0,0,2.0,1.0,,40.0,,40.0,,,,,,2.0,2.0,0.0,1,2.0,2.0,2.0,,1019.23,1.0,,,,,14890.0925,3673.7028,0,0,0.0,,0,0,1680,1,1.0,,,,,,3644.4668,9470.0,3800.0,-1,,,,,,,288691.0,2011,619,604,0,0,0,0,0,12.0,12.0,51.0,2011,MIS4_to_MIS8,new_york,0,2010-2011,1,0,0,0,retention
306907853799446,8,2.0,7,4,2,8700,87001,1,1,21,36,15380,0,2.0,1.0,,5,16,29,,2,43,1,,2,0,0,7,2,57,57,57,1,0,0,1.0,1.0,,40.0,,40.0,,,,,,2.0,2.0,0.0,1,2.0,2.0,2.0,,1019.23,1.0,,,,,14541.5389,3702.1029,0,0,0.0,,0,0,29975,2,,,,2.0,,,3672.6149,9470.0,3800.0,-1,,,,,,,292366.0,2010,607,604,0,0,0,0,0,16.0,12.0,51.0,2010,2.0,7,8,2,8700,87001,1,21,36,15380,0,2.0,1.0,,5,16,30,,2,43,1,,0,0,7,2,57,57,57,1,0,0,1.0,1.0,,40.0,,40.0,,,,,,2.0,2.0,0.0,1,2.0,2.0,2.0,,1019.23,1.0,,,,,13069.6622,3220.7897,0,0,0.0,,0,0,1680,2,,,,2.0,,,3198.9023,9470.0,3800.0,-1,,,,,,,288692.0,2011,619,604,0,0,0,0,0,16.0,12.0,51.0,2011,MIS4_to_MIS8,new_york,0,2010-2011,1,0,0,0,retention
394936704067609,8,1.0,1,4,2,8700,87001,1,1,21,36,35620,59,2.0,1.0,,7,1,40,2.0,1,39,1,,1,1,1,1,2,57,57,57,1,0,0,1.0,1.0,,40.0,,40.0,,,,,,2.0,3.0,0.0,1,2.0,,1.0,2600.0,1040.0,1.0,,,,,14199.1646,3561.4568,2,1,1.0,1.0,0,42,12755,1,1.0,,,,,,3541.0827,770.0,6750.0,-1,,,,,,,292408.0,2010,607,604,0,1,0,0,1,12.0,19.0,4.0,2010,2.0,1,8,2,8700,87001,1,21,36,35620,59,2.0,1.0,,7,1,41,2.0,1,39,1,,1,1,1,2,57,57,57,1,0,0,2.0,1.0,,40.0,,40.0,,,,,,2.0,3.0,0.0,1,2.0,2.0,2.0,,600.0,1.0,,,,,11766.3069,2938.7583,2,1,0.0,,0,0,1827,1,1.0,,,,,,2893.2565,670.0,8965.0,-1,,,,,,,288732.0,2011,619,604,0,1,0,0,1,12.0,21.0,24.0,2011,MIS4_to_MIS8,new_york,0,2010-2011,1,0,0,0,retention
700662098136719,8,1.0,1,4,2,8700,87001,1,1,21,36,35620,103,2.0,1.0,,7,1,52,2.0,2,39,1,,1,1,1,1,2,57,57,57,1,0,0,1.0,1.0,,-4.0,,15.0,,,18.0,,,7.0,3.0,0.0,1,2.0,,1.0,1200.0,360.0,1.0,,,,,11058.312,2767.4019,0,0,0.0,0.0,0,0,59822,1,1.0,,,,,,2730.4184,7860.0,2540.0,-1,,,,,,,292601.0,2010,607,604,0,0,0,0,0,12.0,8.0,40.0,2010,1.0,1,8,2,8700,87001,1,21,36,35620,103,2.0,1.0,,7,1,53,2.0,2,39,1,,1,1,1,2,57,57,57,1,0,0,1.0,2.0,4.0,30.0,,,,,,,,10.0,3.0,0.0,1,2.0,,1.0,1200.0,360.0,1.0,,,,,10878.724,2807.9518,0,0,0.0,0.0,0,0,5703,1,1.0,,,,,,2763.0997,7860.0,2540.0,-1,,,,,,,288923.0,2011,619,604,0,0,0,0,0,12.0,8.0,40.0,2011,MIS4_to_MIS8,new_york,0,2010-2011,1,0,0,0,retention
720864098936889,8,1.0,6,4,2,8700,87001,1,1,21,36,45060,67,2.0,1.0,,4,14,25,,2,44,1,,2,0,0,7,2,57,57,57,1,0,0,2.0,1.0,,30.0,,38.0,,,,,,2.0,3.0,0.0,1,2.0,,1.0,1000.0,300.0,2.0,2.0,,,,14541.5389,3702.1029,0,0,0.0,0.0,0,0,54455,2,,,,,,2.0,3672.6149,8590.0,3950.0,4620,,,,,,,292612.0,2010,607,604,0,0,0,0,0,18.0,12.0,44.0,2010,2.0,6,8,2,8700,87001,1,21,36,45060,67,2.0,1.0,,4,14,26,,2,44,1,,0,0,7,2,57,57,57,1,0,0,,1.0,,40.0,,40.0,,,,,,2.0,5.0,0.0,1,2.0,2.0,2.0,,1192.0,1.0,,,,,14890.0925,3673.7028,0,0,1.0,,0,41,64917,2,,,,,,2.0,3644.4668,7860.0,2320.0,-1,,,,,,,288930.0,2011,619,604,0,0,0,0,0,18.0,8.0,40.0,2011,MIS4_to_MIS8,new_york,0,2010-2011,0,1,0,1,retention
767393449600960,8,1.0,1,4,2,8700,87001,1,1,21,36,35620,59,2.0,1.0,,7,1,65,2.0,1,43,1,,1,1,1,1,2,57,57,57,1,0,0,1.0,1.0,,40.0,4.0,32.0,,,4.0,,,4.0,3.0,0.0,1,2.0,2.0,2.0,,2021.0,1.0,,,,,10891.7655,2893.5305,0,0,0.0,,0,0,12754,1,,,,2.0,,,2789.2509,9370.0,110.0,-1,,,,,,,292619.0,2010,607,604,0,0,0,0,0,16.0,1.0,51.0,2010,1.0,1,8,2,8700,87001,1,21,36,35620,59,2.0,1.0,,7,1,65,2.0,1,43,1,,1,1,1,2,57,57,57,1,0,0,1.0,1.0,,35.0,,35.0,,,,,,2.0,3.0,0.0,1,2.0,2.0,2.0,,2102.5,1.0,,,,,13901.1322,3468.8728,0,0,0.0,,0,0,28154,1,,,,2.0,,,3430.4479,7380.0,110.0,-1,,,,,,,288938.0,2011,619,604,0,0,0,0,0,16.0,1.0,36.0,2011,MIS4_to_MIS8,new_york,0,2010-2011,1,0,0,0,retention
767393449600960,8,1.0,1,4,2,8700,87001,1,1,21,36,35620,59,2.0,1.0,,7,3,61,1.0,2,39,1,,2,1,2,1,2,57,57,57,1,0,0,2.0,1.0,,40.0,4.0,32.0,,,4.0,,,4.0,3.0,0.0,1,2.0,2.0,2.0,,1000.0,1.0,,,,,10831.1988,2821.6633,0,0,0.0,,0,0,12754,2,1.0,,,,,,2805.1533,9470.0,2140.0,-1,,,,,,,292620.0,2010,607,604,0,0,0,0,0,12.0,7.0,51.0,2010,1.0,1,8,2,8700,87001,1,21,36,35620,59,2.0,1.0,,7,3,62,1.0,2,39,1,,1,2,1,2,57,57,57,1,0,0,2.0,1.0,,35.0,,35.0,,,,,,2.0,3.0,0.0,1,2.0,2.0,2.0,,1057.69,1.0,,,,,10794.7261,2870.3394,0,0,0.0,,0,0,28154,2,1.0,,,,,,2799.802,9470.0,5700.0,-1,,,,,,,288939.0,2011,619,604,0,0,0,0,0,12.0,17.0,51.0,2011,MIS4_to_MIS8,new_york,0,2010-2011,1,0,0,0,retention
806906373791286,8,1.0,1,4,2,8700,87001,1,1,21,36,10580,0,2.0,1.0,,4,3,57,1.0,2,39,1,,2,1,2,1,2,57,57,57,1,0,0,2.0,1.0,,20.0,4.0,25.0,,,4.0,,,4.0,3.0,0.0,1,2.0,,1.0,1000.0,200.0,2.0,2.0,,,,11405.0726,2863.8645,0,0,0.0,0.0,0,0,26714,2,1.0,,,,,,2865.3283,9370.0,3920.0,5700,,,,,,,292625.0,2010,607,604,0,0,0,0,0,12.0,12.0,51.0,2010,2.0,1,8,2,8700,87001,1,21,36,10580,0,2.0,1.0,,4,3,58,1.0,2,39,1,,1,2,1,2,57,57,57,1,0,0,1.0,1.0,,40.0,,40.0,,,,,,2.0,4.0,0.0,1,2.0,,1.0,2218.0,887.2,2.0,2.0,,,,11274.9223,2884.5168,0,0,1.0,1.0,0,42,56386,2,1.0,,,,,,2834.065,7270.0,5700.0,-1,,,,,,,288946.0,2011,619,604,0,0,0,0,0,12.0,17.0,36.0,2011,MIS4_to_MIS8,new_york,0,2010-2011,0,1,0,1,retention
876889460829309,8,2.0,1,4,2,8700,87001,1,1,21,36,45060,67,2.0,1.0,,4,3,57,1.0,2,44,1,,2,1,2,1,2,57,57,57,1,0,0,1.0,2.0,14.0,50.0,,,,,,,,5.0,3.0,0.0,1,2.0,2.0,2.0,,2125.0,1.0,,,,,11405.0726,2863.8645,0,0,0.0,,0,0,5047,2,,,,,,1.0,2865.3283,7860.0,2310.0,-1,,,,,,,292677.0,2010,607,604,0,0,0,0,0,17.0,8.0,40.0,2010,1.0,1,8,2,8700,87001,1,21,36,45060,67,2.0,1.0,,4,3,59,1.0,2,44,1,,1,2,1,2,57,57,57,1,0,0,2.0,5.0,,,,,,,,,,1.0,3.0,0.0,2,,,,,,,,,,,11854.2455,2884.5168,0,0,,,0,0,28215,2,,,,,,1.0,2991.0461,7860.0,2310.0,-1,,,,,,,288993.0,2011,619,604,0,0,0,0,0,17.0,8.0,40.0,2011,MIS4_to_MIS8,new_york,0,2010-2011,1,0,0,0,retention
263646046909894,8,1.0,1,4,2,8700,87001,1,1,21,36,0,0,3.0,2.0,,0,3,56,1.0,1,43,1,,2,1,2,1,2,57,57,57,1,0,0,2.0,1.0,,40.0,4.0,20.0,,,4.0,,,4.0,2.0,0.0,1,2.0,2.0,2.0,,692.3,2.0,2.0,,,,12053.1351,2975.9137,0,0,0.0,,0,0,47126,2,,,,2.0,,,2944.9513,9490.0,1610.0,-1,,,,,,,292811.0,2010,607,604,0,0,0,0,0,16.0,5.0,51.0,2010,2.0,1,8,2,8700,87001,1,21,36,0,0,3.0,2.0,,0,3,57,1.0,1,43,1,,1,2,1,2,57,57,57,1,0,0,1.0,1.0,,40.0,,40.0,,,,,,2.0,2.0,0.0,1,2.0,1.0,1.0,1900.0,807.69,1.0,,,,,13770.3723,3350.1142,0,0,0.0,0.0,0,0,5613,2,,,,2.0,,,3299.9123,9490.0,1610.0,-1,,,,,,,289116.0,2011,619,604,0,0,0,0,0,16.0,5.0,51.0,2011,MIS4_to_MIS8,new_york,0,2010-2011,1,0,0,0,retention
465361329600966,8,1.0,7,4,2,8700,87001,1,1,21,36,0,0,3.0,2.0,,0,2,64,,2,39,1,,1,0,0,4,2,57,57,102,1,0,0,1.0,2.0,4.0,25.0,,,,,,,,10.0,3.0,0.0,1,2.0,,1.0,1100.0,275.0,1.0,,,,,9072.9908,2363.628,0,0,1.0,1.0,0,0,12565,1,1.0,,,,,,2349.798,7860.0,9120.0,-1,,,,,,,292868.0,2010,607,604,0,0,0,0,0,12.0,22.0,40.0,2010,1.0,7,8,2,8700,87001,1,21,36,0,0,3.0,2.0,,0,2,64,,2,39,1,,0,0,4,2,57,57,102,1,0,0,1.0,2.0,5.0,25.0,,,,,,,,10.0,3.0,0.0,1,2.0,,1.0,1871.0,467.75,2.0,2.0,,,,10121.9124,2691.4369,0,0,0.0,0.0,0,0,14089,1,1.0,,,,,,2625.2959,7860.0,9120.0,-1,,,,,,,289178.0,2011,619,604,0,0,0,0,0,12.0,22.0,40.0,2011,MIS4_to_MIS8,new_york,0,2010-2011,1,0,0,0,retention
506606133996426,8,1.0,1,4,2,8700,87001,1,1,21,36,0,0,3.0,2.0,,0,1,53,2.0,2,40,1,,1,1,1,1,2,57,57,57,1,0,0,1.0,2.0,4.0,40.0,,,,,,,,5.0,3.0,0.0,1,2.0,,1.0,2500.0,1000.0,2.0,2.0,,,,10736.4784,2686.8613,0,0,1.0,1.0,0,0,26431,1,,,2.0,,,,2650.9542,7860.0,2540.0,-1,,,,,,,292870.0,2010,607,604,0,0,0,0,0,13.0,8.0,40.0,2010,1.0,1,8,2,8700,87001,1,21,36,0,0,3.0,2.0,,0,1,54,2.0,2,40,1,,1,1,1,2,57,57,57,1,0,0,1.0,2.0,4.0,38.0,,,,,,,,5.0,3.0,0.0,1,2.0,2.0,2.0,,390.0,2.0,2.0,,,,10798.1892,2787.1646,0,0,0.0,,0,0,40301,1,,,1.0,,,,2742.6445,7860.0,2540.0,-1,,,,,,,289180.0,2011,619,604,0,0,0,0,0,12.0,8.0,40.0,2011,MIS4_to_MIS8,new_york,0,2010-2011,1,0,0,0,retention
962394399600964,8,2.0,1,4,2,8700,87001,1,1,21,36,0,13,3.0,2.0,,0,3,38,1.0,1,42,1,,2,1,2,1,2,57,57,57,1,0,0,1.0,1.0,,40.0,,40.0,,,,,,2.0,2.0,0.0,1,2.0,2.0,2.0,,1096.15,2.0,1.0,,,,14195.3842,3553.6568,8,2,0.0,,0,0,5011,2,,,3.0,,,,3540.14,9470.0,3800.0,-1,,,,,,,292917.0,2010,607,604,0,1,1,0,1,14.0,12.0,51.0,2010,2.0,1,8,2,8700,87001,1,21,36,0,13,3.0,2.0,,0,3,39,1.0,1,42,1,,1,2,1,2,57,57,57,1,0,0,1.0,1.0,,40.0,,40.0,,,,,,2.0,2.0,0.0,1,2.0,2.0,2.0,,1250.0,1.0,,,,,11403.3716,2826.207,3,2,0.0,,0,0,5615,2,,,4.0,,,,2804.0131,9470.0,3800.0,-1,,,,,,,289222.0,2011,619,604,0,0,1,0,0,15.0,12.0,51.0,2011,MIS4_to_MIS8,new_york,0,2010-2011,1,0,0,0,retention
963731086909391,8,1.0,6,4,2,8700,87001,1,1,21,36,0,0,3.0,2.0,,0,2,29,,1,44,1,,1,0,0,7,2,57,57,57,1,0,0,1.0,7.0,,,,,,,,,,1.0,3.0,0.0,2,,,,,,,,,,,13206.1073,3491.3819,0,0,,,0,0,5018,1,,,,,,2.0,3498.5614,7860.0,2310.0,-1,,,,,,,292921.0,2010,607,604,0,0,0,0,0,18.0,8.0,40.0,2010,1.0,6,8,2,8700,87001,1,21,36,0,0,3.0,2.0,,0,2,30,,1,44,1,,0,0,7,2,57,57,57,1,0,0,1.0,1.0,,40.0,,40.0,,,,,,2.0,3.0,0.0,1,2.0,2.0,2.0,,1346.0,1.0,,,,,12722.1118,3175.6938,0,0,1.0,,0,0,5625,1,,,,,,2.0,3136.1878,7860.0,2310.0,-1,,,,,,,289226.0,2011,619,604,0,0,0,0,0,18.0,8.0,40.0,2011,MIS4_to_MIS8,new_york,0,2010-2011,1,0,0,0,retention
397966206098629,8,1.0,3,4,2,8700,87001,1,1,21,36,39100,71,,1.0,,4,1,53,,1,35,1,2.0,1,1,1,3,2,73,73,73,2,0,4,1.0,1.0,,35.0,5.0,21.0,,,5.0,,,4.0,2.0,0.0,1,2.0,2.0,2.0,,0.0,2.0,2.0,,,,15478.9825,3865.2259,14,3,0.0,,0,0,12848,1,,,,,,,3825.8951,8590.0,4250.0,-1,,,,,,,292965.0,2010,607,604,0,1,1,1,1,9.0,14.0,44.0,2010,1.0,3,8,2,8700,87001,1,21,36,39100,71,,1.0,,4,1,53,,1,35,1,2.0,1,1,3,2,73,73,73,2,0,4,1.0,1.0,,35.0,,35.0,,,,,,2.0,4.0,0.0,1,2.0,1.0,1.0,950.0,560.0,2.0,2.0,,,,14978.9329,3824.2287,14,3,1.0,1.0,0,0,49137,1,,,,,,,3780.6608,7070.0,6420.0,-1,,,,,,,289281.0,2011,619,604,0,1,1,1,1,9.0,19.0,34.0,2011,MIS4_to_MIS8,new_york,0,2010-2011,0,1,0,1,retention
397966206098629,8,1.0,3,4,2,8700,87001,1,1,21,36,39100,71,,1.0,,4,4,16,,2,35,1,2.0,2,1,3,7,2,57,57,73,1,0,0,2.0,1.0,,20.0,,20.0,,,22.0,,,7.0,3.0,0.0,1,2.0,,1.0,500.0,100.0,2.0,2.0,2.0,,,14944.8161,3302.8548,0,0,0.0,0.0,0,0,12848,2,,,,,,,3134.2836,8370.0,4620.0,-1,,,,,,1.0,292966.0,2010,607,604,0,0,0,0,0,9.0,15.0,43.0,2010,1.0,3,8,2,8700,87001,1,21,36,39100,71,,1.0,,4,4,17,,2,36,1,2.0,1,3,7,2,57,57,73,1,0,0,2.0,7.0,,,,,,,,,,1.0,,,2,,,,,,,,2.0,,,13135.2147,3298.6599,0,0,,,0,0,49137,2,,,,,,,3393.2855,,,-1,,,,,,1.0,289282.0,2011,619,604,0,0,0,0,0,10.0,,,2011,MIS4_to_MIS8,new_york,0,2010-2011,0,1,0,0,retention
463308076909493,8,1.0,1,4,2,8700,87001,1,1,21,36,13780,0,,1.0,,3,1,54,2.0,2,39,1,,1,1,1,1,2,57,57,57,1,0,0,1.0,1.0,,8.0,,8.0,,,16.0,,,6.0,3.0,0.0,1,2.0,,1.0,900.0,225.0,2.0,2.0,,,,10525.8289,2634.1452,0,0,0.0,0.0,0,0,13018,1,1.0,,,,,,2598.9425,7860.0,4020.0,-1,,,,,,,292971.0,2010,607,604,0,0,0,0,0,12.0,13.0,40.0,2010,1.0,1,8,2,8700,87001,1,21,36,13780,0,,1.0,,3,1,54,2.0,2,39,1,,1,1,1,2,57,57,57,1,0,0,1.0,1.0,,20.0,,8.0,,,21.0,,,7.0,3.0,0.0,1,2.0,,1.0,966.0,193.2,1.0,,,,,10682.6704,2757.3476,0,0,0.0,0.0,0,0,28415,1,1.0,,,,,,2713.3038,7860.0,4020.0,-1,,,,,,,289288.0,2011,619,604,0,0,0,0,0,12.0,13.0,40.0,2011,MIS4_to_MIS8,new_york,0,2010-2011,1,0,0,0,retention
763725066909994,8,1.0,1,4,2,8700,87001,1,1,21,36,28740,111,,1.0,,2,1,42,2.0,1,39,1,,1,1,1,1,2,57,57,57,1,0,0,1.0,1.0,,40.0,4.0,32.0,,,4.0,,,4.0,3.0,0.0,1,2.0,1.0,1.0,1750.0,637.61,1.0,,,,,14252.2388,3574.7689,3,1,0.0,0.0,0,0,38575,1,1.0,,,,,,3554.3187,8290.0,7340.0,-1,,,,,,,293004.0,2010,607,604,0,0,1,0,0,12.0,20.0,42.0,2010,1.0,1,8,2,8700,87001,1,21,36,28740,111,,1.0,,2,1,43,2.0,1,39,1,,1,1,1,2,57,57,57,1,0,0,1.0,1.0,,40.0,5.0,32.0,,,5.0,,,4.0,3.0,0.0,1,2.0,,1.0,1771.0,708.4,1.0,,,,,11810.2875,2949.7429,3,1,0.0,0.0,0,0,61700,1,1.0,,,,,,2904.071,9480.0,4220.0,-1,,,,,,,289321.0,2011,619,604,0,0,1,0,0,12.0,14.0,51.0,2011,MIS4_to_MIS8,new_york,0,2010-2011,1,0,0,0,retention
764393439600980,8,1.0,1,4,2,8700,87001,1,1,21,36,13780,0,,1.0,,3,3,61,1.0,2,44,1,,2,1,2,1,2,57,57,57,1,0,0,2.0,1.0,,40.0,4.0,32.0,,,4.0,,,4.0,2.0,0.0,1,2.0,2.0,2.0,,576.0,1.0,,,,,10309.6518,2685.7938,0,0,1.0,,0,42,47314,2,,,,,,2.0,2670.0787,7870.0,5700.0,-1,,,,,,,293009.0,2010,607,604,0,0,0,0,0,18.0,17.0,40.0,2010,1.0,1,8,2,8700,87001,1,21,36,13780,0,,1.0,,3,3,62,1.0,2,44,1,,1,2,1,2,57,57,57,1,0,0,2.0,1.0,,40.0,,40.0,,,,,,2.0,2.0,0.0,1,2.0,,1.0,2000.0,800.0,1.0,,,,,10600.1862,2818.6109,0,0,0.0,0.0,0,0,49210,2,,,,,,2.0,2749.3446,7870.0,5700.0,-1,,,,,,,289326.0,2011,619,604,0,0,0,0,0,18.0,17.0,40.0,2011,MIS4_to_MIS8,new_york,0,2010-2011,1,0,0,0,retention
886329560309306,8,2.0,1,4,2,8700,87001,1,1,21,36,46540,0,,1.0,,3,1,40,2.0,1,39,1,,1,1,1,1,2,57,57,57,1,0,0,2.0,1.0,,40.0,,40.0,,,,,,2.0,3.0,0.0,1,2.0,,1.0,2600.0,1040.0,1.0,,,,,13515.4422,3389.9645,3,1,1.0,1.0,0,0,38418,1,1.0,,,,,,3370.5715,7860.0,6230.0,-1,,,,,,,293026.0,2010,607,604,0,0,1,0,0,12.0,19.0,40.0,2010,2.0,1,8,2,8700,87001,1,21,36,46540,0,,1.0,,3,1,41,2.0,1,39,1,,1,1,1,2,57,57,57,1,0,0,2.0,1.0,,40.0,,40.0,,,,,,2.0,3.0,0.0,1,2.0,2.0,2.0,,884.61,1.0,,,,,11554.2575,2885.7967,3,1,0.0,,0,0,14370,1,1.0,,,,,,2841.1149,7860.0,6230.0,-1,,,,,,,289347.0,2011,619,604,0,0,1,0,0,12.0,19.0,40.0,2011,MIS4_to_MIS8,new_york,0,2010-2011,1,0,0,0,retention
75684620967590,8,1.0,6,4,2,8700,87001,1,1,23,42,37980,101,1.0,1.0,,7,2,38,,1,39,1,,1,0,0,7,2,57,57,57,1,0,0,1.0,1.0,,-4.0,,40.0,,,,,,2.0,3.0,0.0,1,2.0,2.0,2.0,,1000.0,1.0,,,,,12353.2289,3070.2781,0,0,0.0,,0,0,47763,1,1.0,,,,,,3080.7309,9470.0,3740.0,-1,2.0,,,,,,296307.0,2010,607,604,0,0,0,0,0,12.0,12.0,51.0,2010,1.0,6,8,2,8700,87001,1,23,42,37980,101,1.0,1.0,,7,2,39,,1,39,1,,0,0,7,2,57,57,57,1,0,0,1.0,1.0,,48.0,,48.0,,,,,,2.0,3.0,0.0,1,1.0,2.0,2.0,,800.0,1.0,,,,,12416.0525,3028.2578,0,0,0.0,,0,0,15492,1,1.0,,,,,,3053.0246,9470.0,3740.0,-1,2.0,,,,,,292544.0,2011,619,604,0,0,0,0,0,12.0,12.0,51.0,2011,MIS4_to_MIS8,pennsylvania,0,2010-2011,1,0,0,0,retention
289330493800964,8,1.0,1,4,2,8700,87001,1,1,23,42,37980,101,1.0,1.0,,7,3,53,1.0,1,43,1,,2,1,2,1,2,57,57,57,1,0,0,2.0,1.0,,40.0,,40.0,,,,,,2.0,3.0,0.0,1,2.0,2.0,2.0,,2307.69,2.0,1.0,,,,14334.5613,3539.9242,0,0,0.0,,0,0,47765,2,,,,1.0,2.0,,3543.0319,9370.0,130.0,-1,,,,,,,296353.0,2010,607,604,0,0,0,0,0,17.0,1.0,51.0,2010,1.0,1,8,2,8700,87001,1,23,42,37980,101,1.0,1.0,,7,3,54,1.0,1,45,1,,1,2,1,2,57,57,57,1,0,0,2.0,1.0,,70.0,,70.0,,,,,,2.0,3.0,0.0,1,2.0,2.0,2.0,,2596.15,2.0,2.0,,,,11888.6823,2981.5019,0,0,0.0,,0,0,29341,2,,,,,,,3000.6861,9370.0,136.0,-1,,,,,,,292586.0,2011,619,604,0,0,0,0,0,18.0,1.0,51.0,2011,MIS4_to_MIS8,pennsylvania,0,2010-2011,1,0,0,0,retention
424243056902999,8,2.0,1,4,2,8700,87001,1,1,23,42,37980,101,1.0,1.0,,7,1,18,2.0,1,39,2,,1,1,1,1,2,57,57,57,1,0,0,2.0,1.0,,40.0,,40.0,,,,,,2.0,3.0,0.0,1,2.0,,1.0,825.0,330.0,2.0,2.0,2.0,,,17382.8044,2962.4159,0,0,1.0,1.0,0,42,63864,1,1.0,,,,,,2592.8567,6290.0,4220.0,-1,,,,,,,296369.0,2010,607,604,0,0,0,0,0,12.0,14.0,23.0,2010,2.0,1,8,2,8700,87001,1,23,42,37980,101,1.0,1.0,,7,1,19,2.0,1,39,2,,1,1,1,2,57,57,57,1,0,0,2.0,1.0,,40.0,,40.0,,,,,,2.0,4.0,0.0,1,1.0,2.0,2.0,,700.0,2.0,2.0,2.0,,,10662.035,2969.4491,0,0,1.0,,0,0,2611,1,1.0,,,,,,2829.0137,6290.0,4220.0,-1,,,,,,,292608.0,2011,619,604,0,0,0,0,0,12.0,14.0,23.0,2011,MIS4_to_MIS8,pennsylvania,0,2010-2011,0,1,0,1,retention
640209939935443,8,1.0,4,4,2,8700,87001,1,1,23,42,37980,101,1.0,1.0,,7,4,16,,1,36,3,,3,1,3,7,2,57,57,57,1,0,0,2.0,1.0,,20.0,,20.0,,,18.0,,,7.0,3.0,0.0,1,2.0,1.0,1.0,725.0,192.0,2.0,2.0,2.0,,,10415.5062,3182.2276,0,0,1.0,1.0,0,0,17021,3,,,,,,,2703.0648,7860.0,5860.0,-1,,,,,1.0,,296435.0,2010,607,604,0,0,0,0,0,10.0,17.0,40.0,2010,1.0,4,8,2,8700,87001,1,23,42,37980,101,1.0,1.0,,7,4,17,,1,36,3,,1,3,7,2,57,57,57,1,0,0,2.0,7.0,,,,,,2.0,,,,1.0,,,2,,,,,,,,2.0,,,11432.9702,2990.0452,0,0,,,0,0,49653,3,,,,,,,3020.8057,,,-1,,,,,1.0,,292663.0,2011,619,604,0,0,0,0,0,10.0,,,2011,MIS4_to_MIS8,pennsylvania,0,2010-2011,0,1,0,0,retention
892039360389404,8,1.0,1,4,2,8700,87001,1,1,23,42,37980,101,1.0,1.0,,7,1,54,2.0,2,39,1,,1,1,1,1,2,57,57,57,1,0,0,1.0,1.0,,40.0,,40.0,,,,,,2.0,3.0,0.0,1,2.0,,1.0,2160.0,864.0,2.0,1.0,,,,12726.0514,3161.8842,4,1,1.0,1.0,0,0,47764,1,1.0,,,,,,3142.2016,9470.0,5700.0,-1,,,,,,,296466.0,2010,607,604,0,0,0,1,0,12.0,17.0,51.0,2010,1.0,1,8,2,8700,87001,1,23,42,37980,101,1.0,1.0,,7,1,55,2.0,2,39,1,,1,1,1,2,57,57,57,1,0,0,1.0,1.0,,40.0,,40.0,,,,,,2.0,3.0,0.0,1,2.0,1.0,1.0,1200.0,750.0,2.0,2.0,,,,13238.8846,3333.109,0,0,0.0,1.0,0,0,18444,1,1.0,,,,,,3327.7266,9470.0,5700.0,-1,,,,,,,292688.0,2011,619,604,0,0,0,0,0,12.0,17.0,51.0,2011,MIS4_to_MIS8,pennsylvania,0,2010-2011,1,0,0,0,retention
933082804469390,8,2.0,1,4,2,8700,87001,1,1,23,42,37980,101,1.0,1.0,,7,3,57,1.0,1,39,1,,2,1,2,1,2,57,57,57,1,0,0,1.0,1.0,,40.0,,40.0,,,,,,2.0,3.0,0.0,1,2.0,1.0,1.0,2360.0,615.0,2.0,1.0,,,,13637.5518,3342.9172,3,1,1.0,1.0,0,0,39223,2,1.0,,,,,,3332.073,9470.0,3850.0,-1,,,,,,,296481.0,2010,607,604,0,0,1,0,0,12.0,12.0,51.0,2010,1.0,1,8,2,8700,87001,1,23,42,37980,101,1.0,1.0,,7,3,58,1.0,1,39,1,,1,2,1,2,57,57,57,1,0,0,2.0,1.0,,40.0,,40.0,,,,,,2.0,3.0,0.0,1,2.0,,1.0,1500.0,600.0,2.0,2.0,,,,11879.6474,2844.1735,3,1,1.0,1.0,0,0,56771,2,1.0,,,,,,2846.8217,9470.0,3850.0,-1,,,,,,,292703.0,2011,619,604,0,0,1,0,0,12.0,12.0,51.0,2011,MIS4_to_MIS8,pennsylvania,0,2010-2011,1,0,0,0,retention
933082804469390,8,2.0,1,4,2,8700,87001,1,1,23,42,37980,101,1.0,1.0,,7,4,32,,2,39,1,,3,1,3,3,2,57,57,57,1,0,0,2.0,1.0,,40.0,,40.0,,,,,,2.0,3.0,0.0,1,2.0,,1.0,1650.0,660.0,2.0,1.0,,,,11708.4205,2964.4964,0,0,1.0,1.0,0,0,39223,3,1.0,,,,,,2957.0818,9470.0,2020.0,-1,,,,,1.0,1.0,296482.0,2010,607,604,0,0,0,0,0,12.0,6.0,51.0,2010,1.0,1,8,2,8700,87001,1,23,42,37980,101,1.0,1.0,,7,4,33,,2,39,1,,1,3,3,2,57,57,57,1,0,0,2.0,1.0,,40.0,,40.0,,,,,,2.0,3.0,0.0,1,2.0,,1.0,1050.0,420.0,2.0,2.0,,,,12678.1229,3074.6209,0,0,1.0,1.0,0,0,56771,3,1.0,,,,,,3103.0699,9470.0,2015.0,-1,,,,,1.0,1.0,292704.0,2011,619,604,0,0,0,0,0,12.0,6.0,51.0,2011,MIS4_to_MIS8,pennsylvania,0,2010-2011,1,0,0,0,retention
980823093446039,8,2.0,1,4,2,8700,87001,1,1,23,42,37980,101,1.0,1.0,,7,1,34,2.0,1,40,1,,1,1,1,1,2,57,57,57,1,0,0,2.0,1.0,,-4.0,,50.0,,,,,,2.0,3.0,0.0,1,1.0,,1.0,2500.0,1250.0,1.0,,,,,11913.9254,2934.4162,3,1,1.0,1.0,0,0,39224,1,,,3.0,,,,2934.1175,9470.0,3400.0,-1,,,,,,,296491.0,2010,607,604,0,0,1,0,0,14.0,10.0,51.0,2010,2.0,1,8,2,8700,87001,1,23,42,37980,101,1.0,1.0,,7,1,35,2.0,1,40,1,,1,1,1,2,57,57,57,1,0,0,2.0,1.0,,65.0,,70.0,,,,,,2.0,3.0,0.0,1,1.0,1.0,1.0,5500.0,2750.0,1.0,,,,,12416.0525,3028.2578,7,2,0.0,1.0,0,0,6149,1,,,1.0,,,,3053.0246,9470.0,3400.0,-1,,,,,,,292714.0,2011,619,604,1,0,0,1,1,12.0,10.0,51.0,2011,MIS4_to_MIS8,pennsylvania,0,2010-2011,1,0,0,0,retention
132090560630404,8,1.0,1,4,2,8700,87001,1,1,23,42,10900,0,2.0,1.0,,4,3,47,1.0,2,44,1,,2,1,2,1,2,57,57,57,1,0,0,2.0,1.0,,24.0,,16.0,,,22.0,,,7.0,2.0,0.0,1,2.0,2.0,2.0,,576.92,2.0,1.0,,,,12370.0107,3046.5744,4,1,0.0,,0,0,63850,2,,,,,,3.0,3054.2912,7870.0,2430.0,-1,,,,,,,296592.0,2010,607,604,0,0,0,1,0,18.0,8.0,40.0,2010,1.0,1,8,2,8700,87001,1,23,42,10900,0,2.0,1.0,,4,3,48,1.0,2,44,1,,1,2,1,2,57,57,57,1,0,0,2.0,1.0,,24.0,,24.0,,,18.0,,,7.0,2.0,0.0,1,2.0,2.0,2.0,,576.92,2.0,1.0,,,,12481.0226,3168.7335,4,1,0.0,,0,0,6141,2,,,,,,3.0,3170.0693,7870.0,2430.0,-1,,,,,,,292822.0,2011,619,604,0,0,0,1,0,18.0,8.0,40.0,2011,MIS4_to_MIS8,pennsylvania,0,2010-2011,1,0,0,0,retention
206901904791122,8,1.0,1,4,2,8700,87001,1,1,23,42,37980,17,2.0,1.0,,7,4,27,,2,44,1,,3,1,3,7,2,57,57,57,1,0,0,2.0,4.0,,,,,,,,61.0,5.0,11.0,3.0,0.0,2,,,,,,,,,,,12116.5749,3012.7493,0,0,,,0,0,39067,3,,,,,,2.0,3081.4741,7860.0,2000.0,-1,,,,,1.0,1.0,296598.0,2010,607,604,0,0,0,0,0,18.0,6.0,40.0,2010,1.0,1,8,2,8700,87001,1,23,42,37980,17,2.0,1.0,,7,4,28,,2,44,1,,1,3,7,2,57,57,57,1,0,0,2.0,1.0,,8.0,,5.0,,,14.0,,,6.0,7.0,0.0,2,,,,,,,,,,,14170.4389,3477.8407,0,0,,,0,0,65175,3,,,,,,2.0,3505.9125,7890.0,2340.0,-1,,,,,1.0,1.0,292833.0,2011,619,604,0,0,0,0,0,18.0,8.0,40.0,2011,MIS4_to_MIS8,pennsylvania,0,2010-2011,0,1,0,1,retention
206901904791122,8,1.0,1,4,2,8700,87001,1,1,23,42,37980,17,2.0,1.0,,7,4,27,,2,44,1,,4,1,3,7,2,57,57,57,1,0,0,2.0,4.0,,,,,,,,61.0,5.0,11.0,3.0,0.0,2,,,,,,,,,,,12116.5749,3012.7493,0,0,,,0,0,39067,4,,,,,,2.0,3081.4741,7860.0,2000.0,-1,,,,,1.0,1.0,296599.0,2010,607,604,0,0,0,0,0,18.0,6.0,40.0,2010,1.0,1,8,2,8700,87001,1,23,42,37980,17,2.0,1.0,,7,4,28,,2,44,1,,1,3,7,2,57,57,57,1,0,0,2.0,1.0,,8.0,,5.0,,,14.0,,,6.0,7.0,0.0,2,,,,,,,,,,,14170.4389,3477.8407,0,0,,,0,0,65175,4,,,,,,2.0,3505.9125,7890.0,2340.0,-1,,,,,1.0,1.0,292834.0,2011,619,604,0,0,0,0,0,18.0,8.0,40.0,2011,MIS4_to_MIS8,pennsylvania,0,2010-2011,0,1,0,1,retention
606906854999952,8,2.0,1,4,2,8700,87001,1,1,23,42,38300,7,2.0,1.0,,5,1,59,2.0,1,39,1,,1,1,1,1,2,57,57,57,1,0,0,2.0,2.0,4.0,40.0,,,,,,,,5.0,2.0,0.0,1,2.0,2.0,2.0,,450.0,1.0,,,,,12864.182,3153.3442,0,0,0.0,,0,0,57639,1,1.0,,,,,,3143.115,9570.0,6320.0,-1,,,,,,,296842.0,2010,607,604,0,0,0,0,0,12.0,19.0,51.0,2010,2.0,1,8,2,8700,87001,1,23,42,38300,7,2.0,1.0,,5,1,60,2.0,1,39,1,,1,1,1,2,57,57,57,1,0,0,2.0,2.0,5.0,38.0,,,,,,,,5.0,2.0,0.0,1,2.0,2.0,2.0,,730.76,1.0,,,,,11766.0069,3028.5863,0,0,0.0,,0,0,61883,1,1.0,,,,,,3003.5115,770.0,6320.0,-1,,,,,,,293041.0,2011,619,604,0,0,0,0,0,12.0,19.0,4.0,2011,MIS4_to_MIS8,pennsylvania,0,2010-2011,1,0,0,0,retention
640209912190172,8,1.0,1,4,2,8700,87001,1,1,23,42,37980,17,2.0,1.0,,7,1,45,2.0,1,45,1,,1,1,1,1,2,57,57,57,1,0,0,1.0,1.0,,40.0,,40.0,,,,,,2.0,2.0,0.0,1,2.0,2.0,2.0,,1300.0,2.0,2.0,,,,14593.5658,3640.6182,10,2,1.0,,0,0,39068,1,,,,,,,3607.0493,9470.0,2100.0,-1,,,,,,,296866.0,2010,607,604,0,0,1,1,0,18.0,7.0,51.0,2010,2.0,1,8,2,8700,87001,1,23,42,37980,17,2.0,1.0,,7,1,46,2.0,1,45,1,,1,1,1,2,57,57,57,1,0,0,2.0,1.0,,40.0,,40.0,,,,,,2.0,2.0,0.0,1,2.0,2.0,2.0,,1442.3,2.0,2.0,,,,12529.7981,3159.9041,10,2,0.0,,0,0,49530,1,,,,,,,3162.5028,9470.0,2100.0,-1,,,,,,,293070.0,2011,619,604,0,0,1,1,0,18.0,7.0,51.0,2011,MIS4_to_MIS8,pennsylvania,0,2010-2011,1,0,0,0,retention
860826097846129,8,1.0,1,4,2,8700,87001,1,1,23,42,37980,17,2.0,1.0,,7,3,61,1.0,2,39,1,,2,1,2,1,2,57,57,57,1,0,0,2.0,2.0,4.0,31.0,,,,,,,,10.0,3.0,0.0,1,2.0,,1.0,750.0,232.5,1.0,,,,,12578.9671,3253.438,0,0,1.0,1.0,0,42,27472,2,1.0,,,,,,3257.8047,7860.0,2540.0,-1,,,,,,,296934.0,2010,607,604,0,0,0,0,0,12.0,8.0,40.0,2010,1.0,1,8,2,8700,87001,1,23,42,37980,17,2.0,1.0,,7,3,62,1.0,2,39,1,,1,2,1,2,57,57,57,1,0,0,2.0,2.0,4.0,36.0,,,,,,,,5.0,3.0,0.0,1,2.0,,1.0,2100.0,756.0,2.0,2.0,,,,12343.2012,3229.8923,0,0,1.0,1.0,0,0,15254,2,1.0,,,,,,3201.4262,7860.0,2540.0,-1,,,,,,,293139.0,2011,619,604,0,0,0,0,0,12.0,8.0,40.0,2011,MIS4_to_MIS8,pennsylvania,0,2010-2011,1,0,0,0,retention
882179660269408,8,1.0,1,4,2,8700,87001,1,1,23,42,37980,17,2.0,1.0,,7,1,60,2.0,2,40,1,,1,1,1,1,2,57,120,57,1,0,0,1.0,1.0,,38.0,,38.0,,,,,,2.0,2.0,0.0,1,2.0,1.0,1.0,1800.0,392.3,1.0,,,,,12578.9671,3253.438,0,0,0.0,0.0,0,0,5269,1,,,3.0,,,,3257.8047,9480.0,2010.0,-1,,,,,,,296937.0,2010,607,604,0,0,0,0,0,14.0,6.0,51.0,2010,1.0,1,8,2,8700,87001,1,23,42,37980,17,2.0,1.0,,7,1,61,2.0,2,40,1,,1,1,1,2,57,120,57,1,0,0,1.0,1.0,,38.0,4.0,24.0,,,4.0,,,4.0,2.0,0.0,1,2.0,,1.0,2100.0,798.0,2.0,2.0,,,,12343.2012,3229.8923,0,0,0.0,0.0,0,0,49531,1,,,3.0,,,,3201.4262,9480.0,2010.0,-1,,,,,,,293141.0,2011,619,604,0,0,0,0,0,14.0,6.0,51.0,2011,MIS4_to_MIS8,pennsylvania,0,2010-2011,1,0,0,0,retention
927062818469680,8,1.0,1,4,2,8700,87001,1,1,23,42,37980,17,2.0,1.0,,7,3,49,1.0,1,44,4,,2,1,2,1,2,207,207,207,4,0,9,2.0,1.0,,40.0,,40.0,,,,,,2.0,2.0,0.0,1,2.0,2.0,2.0,,2115.38,2.0,2.0,,,,13852.8164,3417.5368,10,2,0.0,,0,0,41089,2,,,,,,2.0,3423.9604,9570.0,430.0,-1,,,,,,,296965.0,2010,607,604,0,0,1,1,0,18.0,1.0,51.0,2010,1.0,1,8,2,8700,87001,1,23,42,37980,17,2.0,1.0,,7,3,51,1.0,1,44,4,,1,2,1,2,207,207,207,4,0,9,2.0,1.0,,50.0,,50.0,,,,,,2.0,4.0,0.0,1,2.0,2.0,2.0,,1923.07,2.0,2.0,,,,10273.2449,2607.2659,10,2,0.0,,0,0,59866,2,,,,,,2.0,2592.952,770.0,1360.0,-1,,,,,,,293163.0,2011,619,604,0,0,1,1,0,18.0,4.0,4.0,2011,MIS4_to_MIS8,pennsylvania,0,2010-2011,0,1,0,1,retention
424834096909797,8,1.0,1,4,2,8700,87001,1,1,23,42,0,0,3.0,2.0,,0,3,54,1.0,2,40,1,,2,1,2,1,2,57,57,57,1,0,0,2.0,1.0,,40.0,,40.0,,,,,,2.0,3.0,0.0,1,2.0,2.0,2.0,,450.0,2.0,2.0,,,,12093.1267,3004.6293,0,0,0.0,,0,0,2525,2,,,3.0,,,,2985.9255,6770.0,230.0,-1,,,,,,,297080.0,2010,607,604,0,0,0,0,0,14.0,1.0,31.0,2010,1.0,1,8,2,8700,87001,1,23,42,0,0,3.0,2.0,,0,3,56,1.0,2,40,1,,1,2,1,2,57,57,57,1,0,0,2.0,1.0,,35.0,,43.0,,,,,,2.0,4.0,0.0,1,2.0,2.0,2.0,,576.92,2.0,2.0,,,,12007.5984,3023.1123,0,0,0.0,,0,0,41170,2,,,4.0,,,,3018.2305,6770.0,230.0,430,,,,,,,293296.0,2011,619,604,0,0,0,0,0,15.0,1.0,31.0,2011,MIS4_to_MIS8,pennsylvania,0,2010-2011,0,1,0,1,retention
499956905007279,8,1.0,4,4,2,8700,87001,1,1,23,42,0,0,3.0,2.0,,0,1,57,,2,44,1,,1,1,1,3,2,57,57,57,1,0,0,1.0,7.0,,,,,,,,,,1.0,3.0,0.0,2,,,,,,,,,,,12636.2324,3266.6578,0,0,,,0,0,13865,1,,,,,,1.0,3204.9368,7860.0,2310.0,-1,,,,,,,297121.0,2010,607,604,0,0,0,0,0,17.0,8.0,40.0,2010,1.0,7,8,2,8700,87001,1,23,42,0,0,3.0,2.0,,0,2,59,,2,44,1,,0,0,3,2,57,57,57,1,0,0,1.0,1.0,,2.0,,2.0,,,21.0,,,7.0,7.0,0.0,2,,,,,,,,,,,12199.2922,3023.1123,0,0,,,0,0,15373,1,,,,,,1.0,3018.2305,8080.0,3600.0,-1,,,,,,,293349.0,2011,619,604,0,0,0,0,0,17.0,11.0,42.0,2011,MIS4_to_MIS8,pennsylvania,0,2010-2011,0,1,0,1,retention
967498479200943,8,2.0,1,4,2,8700,87001,1,1,23,42,0,0,3.0,2.0,,0,3,40,1.0,1,42,1,,2,1,2,1,2,57,57,57,1,0,0,1.0,1.0,,40.0,,40.0,,,,,,2.0,3.0,0.0,1,2.0,1.0,1.0,1126.0,450.0,2.0,1.0,,,,11400.2422,2838.8853,10,2,0.0,0.0,0,0,5256,2,,,3.0,,,,2843.0687,7860.0,7010.0,-1,,,,,,,297233.0,2010,607,604,0,0,1,1,0,14.0,20.0,40.0,2010,2.0,1,8,2,8700,87001,1,23,42,0,0,3.0,2.0,,0,3,41,1.0,1,42,1,,1,2,1,2,57,57,57,1,0,0,1.0,1.0,,40.0,,40.0,,,,,,2.0,3.0,0.0,1,2.0,2.0,2.0,,763.0,2.0,2.0,,,,11533.6872,2834.8525,10,2,0.0,,0,0,2459,2,,,3.0,,,,2836.0568,7860.0,1107.0,-1,,,,,,,293462.0,2011,619,604,0,0,1,1,0,14.0,3.0,40.0,2011,MIS4_to_MIS8,pennsylvania,0,2010-2011,1,0,0,0,retention
492966303039269,8,3.0,4,4,2,8700,87001,1,1,23,42,25420,43,,1.0,,4,6,48,3.0,2,41,2,,2,2,1,1,2,57,57,57,1,0,0,2.0,1.0,,40.0,,60.0,,,,,,2.0,2.0,0.0,1,2.0,,1.0,2000.0,800.0,1.0,,,,,9061.6003,2323.25,0,0,1.0,1.0,0,0,54853,2,,,3.0,,,,2297.531,9570.0,1110.0,3500,,,,,,,297366.0,2010,607,604,0,0,0,0,0,14.0,3.0,51.0,2010,3.0,4,8,2,8700,87001,1,23,42,25420,43,,1.0,,4,6,49,3.0,2,40,2,,2,1,1,2,57,57,57,1,0,0,2.0,1.0,,40.0,,42.0,,,,,,2.0,2.0,0.0,1,2.0,2.0,2.0,,375.0,2.0,2.0,,,,12298.8838,2970.581,0,0,1.0,,0,42,61906,2,,,3.0,,,,3014.8254,9570.0,1030.0,2900,,,,,,,293604.0,2011,619,604,0,0,0,0,0,14.0,3.0,51.0,2011,MIS4_to_MIS8,pennsylvania,0,2010-2011,1,0,0,0,retention
812519060569400,8,2.0,1,4,2,8700,87001,1,1,23,42,49620,133,,1.0,,3,3,57,1.0,2,43,1,,2,1,2,1,2,57,57,57,1,0,0,1.0,5.0,,,,,,,,,,1.0,3.0,0.0,2,,,,,,,,,,,12389.9871,3202.9997,0,0,,,0,0,63887,2,,,,1.0,1.0,,3142.4814,7860.0,2310.0,-1,,,,,,,297441.0,2010,607,604,0,0,0,0,0,18.0,8.0,40.0,2010,1.0,1,8,2,8700,87001,1,23,42,49620,133,,1.0,,3,3,58,1.0,2,43,1,,1,2,1,2,57,57,57,1,0,0,2.0,5.0,,,,,,,,,,1.0,,,2,,,,,,,,,,,12385.132,3083.892,0,0,,,0,0,2657,2,,,,1.0,1.0,,3124.9986,,,-1,,,,,,,293648.0,2011,619,604,0,0,0,0,0,18.0,,,2011,MIS4_to_MIS8,pennsylvania,0,2010-2011,0,1,0,0,retention
75881770978398,9,2.0,1,4,2,8700,87001,1,1,33,17,16980,0,1.0,1.0,1.0,7,1,50,2.0,1,45,1,,1,1,1,1,2,57,57,57,1,0,0,2.0,1.0,,45.0,,39.0,,,,,,2.0,2.0,0.0,1,2.0,2.0,2.0,,2215.38,2.0,2.0,,,,11423.8855,2781.6852,10,3,0.0,,0,0,57050,1,,,,,,,2793.1841,9570.0,2100.0,-1,,,,,,,317486.0,2010,608,605,0,0,1,1,0,18.0,7.0,51.0,2010,4.0,1,8,2,8700,87001,1,33,17,16980,0,1.0,1.0,1.0,7,1,50,2.0,1,46,1,,1,1,1,2,57,57,57,1,0,0,2.0,1.0,,50.0,,60.0,,,,,,2.0,2.0,0.0,1,2.0,2.0,2.0,,1826.92,2.0,2.0,,,,12251.3325,2968.6236,10,3,0.0,,0,0,16883,1,,,,,,,2981.3005,9570.0,2100.0,-1,,,,,,,313745.0,2011,620,605,0,0,1,1,0,18.0,7.0,51.0,2011,MIS4_to_MIS8,illinois,1,2010-2011,1,0,0,0,retention
100974098217569,9,2.0,1,4,2,8700,87001,1,1,33,17,16980,0,1.0,1.0,,7,3,61,1.0,2,43,1,,2,1,2,1,2,57,57,57,1,0,0,1.0,1.0,,14.0,,26.0,,,15.0,,,6.0,3.0,0.0,1,2.0,2.0,2.0,,135.0,2.0,2.0,,,,10783.1643,2797.2531,0,0,1.0,,0,0,31243,2,,,,2.0,,,2825.3229,7860.0,2340.0,2340,,,,,,,317506.0,2010,608,605,0,0,0,0,0,16.0,8.0,40.0,2010,2.0,1,8,2,8700,87001,1,33,17,16980,0,1.0,1.0,,7,3,62,1.0,2,43,1,,1,2,1,2,57,57,57,1,0,0,1.0,1.0,,28.0,,28.0,,,18.0,,,7.0,3.0,0.0,1,2.0,2.0,2.0,,438.0,1.0,,,,,11583.9224,2947.6265,0,0,1.0,,0,0,50486,2,,,,2.0,,,2971.041,7860.0,2310.0,-1,,,,,,,313767.0,2011,620,605,0,0,0,0,0,16.0,8.0,40.0,2011,MIS4_to_MIS8,illinois,1,2010-2011,1,0,0,0,retention
267679770099105,9,1.0,7,4,2,8700,87001,1,1,33,17,16980,0,1.0,1.0,1.0,7,2,69,,2,40,1,,1,0,0,4,2,57,57,57,1,0,0,1.0,1.0,,35.0,,35.0,,,,,,2.0,3.0,0.0,1,2.0,,1.0,1375.0,481.25,2.0,2.0,,,,11533.9268,2850.5982,0,0,1.0,1.0,0,0,31178,1,,,1.0,,,,2823.0805,7860.0,2540.0,-1,,,,,,,317550.0,2010,608,605,0,0,0,0,0,12.0,8.0,40.0,2010,1.0,7,8,2,8700,87001,1,33,17,16980,0,1.0,1.0,1.0,7,2,69,,2,40,1,,0,0,4,2,57,57,57,1,0,0,1.0,5.0,,,,,,,,,,1.0,3.0,0.0,2,,,,,,,,,,,11905.4469,2978.5896,0,0,,,0,0,20080,1,,,1.0,,,,2972.7491,7860.0,2540.0,-1,,,,,,,313817.0,2011,620,605,0,0,0,0,0,12.0,8.0,40.0,2011,MIS4_to_MIS8,illinois,1,2010-2011,1,0,0,0,retention
271381037900399,9,5.0,4,4,2,8700,87001,1,1,33,17,16980,0,1.0,1.0,1.0,7,4,20,,2,40,1,1.0,2,1,3,7,2,57,303,303,1,0,0,2.0,1.0,,25.0,,14.0,,,22.0,,,7.0,2.0,0.0,1,2.0,,1.0,1000.0,250.0,2.0,2.0,1.0,1.0,2.0,11594.0348,2941.1636,0,0,1.0,1.0,22,0,18857,2,,,3.0,,,,2845.2715,7870.0,5860.0,-1,,,,,1.0,,317556.0,2010,608,605,0,0,0,0,0,14.0,17.0,40.0,2010,5.0,4,8,2,8700,87001,1,33,17,16980,0,1.0,1.0,1.0,7,4,21,,2,40,1,1.0,1,3,7,2,57,303,303,1,0,0,2.0,1.0,,20.0,,20.0,,,20.0,,,7.0,4.0,0.0,1,2.0,,1.0,1000.0,200.0,2.0,2.0,1.0,1.0,2.0,13028.7277,3164.8015,0,0,1.0,1.0,0,0,66612,2,,,4.0,,,,3097.5136,7870.0,9130.0,-1,,,,,1.0,,313823.0,2011,620,605,0,0,0,0,0,15.0,22.0,40.0,2011,MIS4_to_MIS8,illinois,1,2010-2011,0,1,0,1,retention
287048870069107,9,2.0,1,4,2,8700,87001,1,1,33,17,16980,0,1.0,1.0,,7,1,40,2.0,2,39,1,,1,1,1,1,2,57,57,57,1,0,0,2.0,1.0,,35.0,,35.0,,,,,,2.0,3.0,0.0,1,2.0,2.0,2.0,,730.76,2.0,2.0,,,,10884.6888,2759.1721,10,3,0.0,,0,0,49424,1,1.0,,,,,,2735.9965,9470.0,5260.0,-1,,,,,,,317558.0,2010,608,605,0,0,1,1,0,12.0,17.0,51.0,2010,1.0,1,8,2,8700,87001,1,33,17,16980,0,1.0,1.0,,7,1,40,2.0,2,40,1,,1,1,1,2,57,57,57,1,0,0,2.0,1.0,,35.0,,35.0,,,,,,2.0,3.0,0.0,1,2.0,2.0,2.0,,423.07,2.0,2.0,,,,11233.6681,2750.4448,10,3,0.0,,0,0,30146,1,,,2.0,,,,2780.8773,9370.0,5260.0,-1,,,,,,,313825.0,2011,620,605,0,0,1,1,0,13.0,17.0,51.0,2011,MIS4_to_MIS8,illinois,1,2010-2011,1,0,0,0,retention
673191939700137,9,1.0,1,4,2,8700,87001,1,1,33,17,16980,0,1.0,1.0,1.0,7,4,16,,2,35,1,2.0,5,1,3,7,2,57,57,57,1,0,0,2.0,4.0,,,,,,,,4.0,5.0,12.0,3.0,0.0,2,,,,,,,,1.0,1.0,1.0,8995.9893,2574.8103,0,0,,,0,0,61807,5,,,,,,,2519.933,7860.0,4540.0,-1,,,,,1.0,1.0,317668.0,2010,608,605,0,0,0,0,0,9.0,15.0,40.0,2010,2.0,1,8,2,8700,87001,1,33,17,16980,0,1.0,1.0,1.0,7,4,17,,2,36,1,2.0,1,3,7,2,57,57,57,1,0,0,2.0,7.0,,,,,,,,,,1.0,,,2,,,,,,,,1.0,1.0,1.0,11292.6895,2903.1651,0,0,,,0,0,63187,5,,,,,,,2921.5543,,,-1,,,,,1.0,1.0,313923.0,2011,620,605,0,0,0,0,0,10.0,,,2011,MIS4_to_MIS8,illinois,1,2010-2011,0,1,0,0,retention
707908351699157,9,3.0,1,4,2,8700,87001,1,1,33,17,16980,0,1.0,1.0,1.0,7,3,52,1.0,2,44,1,1.0,2,1,2,1,2,57,57,303,1,0,0,2.0,1.0,,30.0,,33.0,,,18.0,,,7.0,3.0,0.0,1,2.0,2.0,2.0,,769.0,1.0,,,,,10315.4472,2561.7033,4,1,1.0,,0,0,49429,2,,,,,,2.0,2540.053,7860.0,2310.0,2320,,,,,,,317672.0,2010,608,605,0,0,0,1,0,18.0,8.0,40.0,2010,3.0,1,8,2,8700,87001,1,33,17,16980,0,1.0,1.0,1.0,7,3,54,1.0,2,44,1,1.0,1,2,1,2,57,57,303,1,0,0,2.0,1.0,,30.0,,30.0,,,18.0,,,7.0,3.0,0.0,1,2.0,,1.0,2700.0,810.0,1.0,,,,,12749.3146,3181.686,0,0,1.0,1.0,0,0,20083,2,,,,,,2.0,3215.8817,7860.0,2310.0,-1,,,,,,,313927.0,2011,620,605,0,0,0,0,0,18.0,8.0,40.0,2011,MIS4_to_MIS8,illinois,1,2010-2011,1,0,0,0,retention
710709943274783,9,1.0,7,4,2,8700,87001,1,1,33,17,16980,0,1.0,1.0,1.0,7,2,31,,2,44,1,,1,0,0,7,2,57,57,57,1,0,0,1.0,1.0,,45.0,,61.0,,,,,,2.0,3.0,0.0,1,1.0,2.0,2.0,,1569.23,1.0,,,,,13177.0277,3200.6476,0,0,0.0,,0,0,62694,1,,,,,,3.0,3214.349,7860.0,2310.0,2320,,,,,,,317692.0,2010,608,605,0,0,0,0,0,18.0,8.0,40.0,2010,1.0,7,8,2,8700,87001,1,33,17,16980,0,1.0,1.0,1.0,7,2,32,,2,44,1,,0,0,7,2,57,57,57,1,0,0,1.0,1.0,,55.0,,37.0,,,,,,2.0,3.0,0.0,1,2.0,2.0,2.0,,1192.3,1.0,,,,,11173.5457,2826.9917,0,0,0.0,,0,0,20086,1,,,,,,3.0,2820.3639,7860.0,2300.0,-1,,,,,,,313950.0,2011,620,605,0,0,0,0,0,18.0,8.0,40.0,2011,MIS4_to_MIS8,illinois,1,2010-2011,1,0,0,0,retention
799380644580971,9,1.0,7,4,2,8700,87001,1,1,33,17,16980,0,1.0,1.0,1.0,7,2,31,,2,42,1,1.0,1,0,0,7,2,57,303,303,1,0,0,1.0,1.0,,40.0,,40.0,,,,,,2.0,3.0,0.0,1,2.0,2.0,2.0,,800.0,1.0,,,,,13006.3058,3195.5306,0,0,0.0,,0,0,18861,1,,,3.0,,,,3172.7038,7860.0,2540.0,-1,,,,,,,317720.0,2010,608,605,0,0,0,0,0,14.0,8.0,40.0,2010,1.0,7,8,2,8700,87001,1,33,17,16980,0,1.0,1.0,1.0,7,2,32,,2,42,1,1.0,0,0,7,2,57,303,303,1,0,0,1.0,1.0,,40.0,,40.0,,,,,,2.0,3.0,0.0,1,2.0,2.0,2.0,,538.46,1.0,,,,,11577.0874,2947.764,0,0,0.0,,0,0,63189,1,,,3.0,,,,2922.2237,7860.0,2540.0,-1,,,,,,,313980.0,2011,620,605,0,0,0,0,0,14.0,8.0,40.0,2011,MIS4_to_MIS8,illinois,1,2010-2011,1,0,0,0,retention
799840216050971,9,2.0,1,4,2,8700,87001,1,1,33,17,16980,0,1.0,1.0,,7,1,60,2.0,1,46,1,,1,1,1,1,2,57,57,57,1,0,0,1.0,1.0,,50.0,,62.0,,,,,,2.0,2.0,0.0,1,1.0,2.0,2.0,,2884.61,1.0,,,,,10385.5416,2727.735,0,0,0.0,,0,0,61810,1,,,,,,,2730.195,7860.0,2310.0,2320,,,,,,,317721.0,2010,608,605,0,0,0,0,0,18.0,8.0,40.0,2010,1.0,1,8,2,8700,87001,1,33,17,16980,0,1.0,1.0,,7,1,61,2.0,1,46,1,,1,1,1,2,57,57,57,1,0,0,1.0,1.0,,70.0,,70.0,,,,,,2.0,3.0,0.0,1,2.0,2.0,2.0,,2769.23,1.0,,,,,11219.9727,2854.3021,0,0,0.0,,0,0,4302,1,,,,,,,2879.0133,7860.0,2320.0,-1,,,,,,,313981.0,2011,620,605,0,0,0,0,0,18.0,8.0,40.0,2011,MIS4_to_MIS8,illinois,1,2010-2011,1,0,0,0,retention
799840216050971,9,2.0,1,4,2,8700,87001,1,1,33,17,16980,0,1.0,1.0,,7,3,56,1.0,2,44,1,,2,1,2,1,2,57,57,57,1,0,0,2.0,5.0,,,,,,,,,,1.0,2.0,0.0,2,,,,,,,,,,,10507.9194,2676.7181,0,0,,,0,0,61810,2,,,,,,1.0,2648.5283,7860.0,3230.0,-1,,,,,,,317722.0,2010,608,605,0,0,0,0,0,17.0,10.0,40.0,2010,1.0,1,8,2,8700,87001,1,33,17,16980,0,1.0,1.0,,7,3,57,1.0,2,44,1,,1,2,1,2,57,57,57,1,0,0,2.0,5.0,,,,,,,,,,1.0,,,2,,,,,,,,,,,11012.327,2743.5085,0,0,,,0,0,4302,2,,,,,,2.0,2799.9928,,,-1,,,,,,,313982.0,2011,620,605,0,0,0,0,0,18.0,,,2011,MIS4_to_MIS8,illinois,1,2010-2011,0,1,0,0,retention
860278094717008,9,1.0,1,4,2,8700,87001,1,1,33,17,16980,0,1.0,1.0,,7,3,51,1.0,2,39,1,,2,1,2,1,2,57,57,57,1,0,0,1.0,1.0,,35.0,,35.0,,,,,,2.0,3.0,0.0,1,2.0,2.0,2.0,,480.76,1.0,,,,,11335.4064,2807.3853,4,1,0.0,,0,0,53243,2,1.0,,,,,,2791.2055,7860.0,2310.0,-1,,,,,,,317730.0,2010,608,605,0,0,0,1,0,12.0,8.0,40.0,2010,2.0,1,8,2,8700,87001,1,33,17,16980,0,1.0,1.0,,7,3,52,1.0,2,39,1,,1,2,1,2,57,57,57,1,0,0,2.0,1.0,,30.0,,30.0,,,18.0,,,7.0,3.0,0.0,1,2.0,2.0,2.0,,346.15,1.0,,,,,11941.4723,3008.7334,4,1,0.0,,0,0,32630,2,1.0,,,,,,3012.1119,7860.0,2540.0,-1,,,,,,,313992.0,2011,620,605,0,0,0,1,0,12.0,8.0,40.0,2011,MIS4_to_MIS8,illinois,1,2010-2011,1,0,0,0,retention
107000071105157,9,1.0,1,4,2,8700,87001,1,1,33,17,16980,0,2.0,1.0,,7,3,32,1.0,1,42,1,,2,1,2,1,2,57,57,57,1,0,0,2.0,1.0,,40.0,,70.0,,,,,,2.0,3.0,0.0,1,2.0,,1.0,1800.0,720.0,1.0,,,,,12012.3204,3018.5522,0,0,1.0,1.0,0,42,41620,2,,,3.0,,,,3008.6551,9470.0,3850.0,3920,,,,,,,317890.0,2010,608,605,0,0,0,0,0,14.0,12.0,51.0,2010,2.0,1,8,2,8700,87001,1,33,17,16980,0,2.0,1.0,,7,3,33,1.0,1,42,1,,1,2,1,2,57,57,57,1,0,0,1.0,1.0,,50.0,,50.0,,,,,,2.0,3.0,0.0,1,1.0,2.0,2.0,,1788.46,1.0,,,,,12502.7478,3112.1509,1,1,0.0,,0,0,20192,2,,,3.0,,,,3119.0761,9470.0,3850.0,-1,,,,,,,314149.0,2011,620,605,1,0,0,0,1,14.0,12.0,51.0,2011,MIS4_to_MIS8,illinois,1,2010-2011,1,0,0,0,retention
107905931893067,9,2.0,1,4,2,8700,87001,1,1,33,17,16980,0,2.0,1.0,,7,1,42,2.0,1,44,1,,1,1,1,1,2,57,57,57,1,0,0,1.0,1.0,,60.0,,60.0,,,,,,2.0,3.0,0.0,1,2.0,2.0,2.0,,1865.38,1.0,,,,,10496.1219,2615.0986,0,0,0.0,,0,0,41613,1,,,,,,2.0,2626.905,7860.0,2320.0,-1,,,,,,,317900.0,2010,608,605,0,0,0,0,0,18.0,8.0,40.0,2010,2.0,1,8,2,8700,87001,1,33,17,16980,0,2.0,1.0,,7,1,43,2.0,1,44,1,,1,1,1,2,57,57,57,1,0,0,1.0,1.0,,60.0,,60.0,,,,,,2.0,3.0,0.0,1,2.0,2.0,2.0,,1961.53,1.0,,,,,13390.4637,3315.552,0,0,0.0,,0,0,54200,1,,,,,,2.0,3308.1407,7860.0,2320.0,-1,,,,,,,314156.0,2011,620,605,0,0,0,0,0,18.0,8.0,40.0,2011,MIS4_to_MIS8,illinois,1,2010-2011,1,0,0,0,retention
107905931893067,9,2.0,1,4,2,8700,87001,1,1,33,17,16980,0,2.0,1.0,,7,3,37,1.0,2,44,1,,2,1,2,1,2,57,57,57,1,0,0,2.0,1.0,,60.0,,60.0,,,,,,2.0,3.0,0.0,1,2.0,2.0,2.0,,1519.23,1.0,,,,,11372.9171,2877.6596,0,0,0.0,,0,0,41613,2,,,,,,3.0,2858.7185,7860.0,2320.0,-1,,,,,,,317901.0,2010,608,605,0,0,0,0,0,18.0,8.0,40.0,2010,2.0,1,8,2,8700,87001,1,33,17,16980,0,2.0,1.0,,7,3,38,1.0,2,44,1,,1,2,1,2,57,57,57,1,0,0,2.0,1.0,,50.0,,50.0,,,,,,2.0,3.0,0.0,1,2.0,2.0,2.0,,1634.61,1.0,,,,,12626.225,3079.4607,0,0,0.0,,0,0,54200,2,,,,,,2.0,3125.6026,7860.0,2310.0,-1,,,,,,,314157.0,2011,620,605,0,0,0,0,0,18.0,8.0,40.0,2011,MIS4_to_MIS8,illinois,1,2010-2011,1,0,0,0,retention
193857503043743,9,1.0,1,4,2,8700,87001,1,1,33,17,16980,0,2.0,1.0,,7,1,36,2.0,2,44,1,,1,1,1,1,2,57,57,57,1,0,0,1.0,1.0,,50.0,,50.0,,,,,,2.0,3.0,0.0,1,2.0,2.0,2.0,,1538.46,1.0,,,,,11372.9171,2877.6596,5,2,0.0,,0,0,18853,1,,,,,,2.0,2858.7185,7860.0,2310.0,-1,,,,,,,317944.0,2010,608,605,1,1,0,0,1,18.0,8.0,40.0,2010,2.0,1,8,2,8700,87001,1,33,17,16980,0,2.0,1.0,,7,1,37,2.0,2,44,1,,1,1,1,2,57,57,57,1,0,0,1.0,1.0,,50.0,,50.0,,,,,,2.0,3.0,0.0,1,2.0,2.0,2.0,,1615.38,1.0,,,,,12626.225,3079.4607,5,2,0.0,,0,0,20068,1,,,,,,2.0,3125.6026,7860.0,2310.0,-1,,,,,,,314190.0,2011,620,605,1,1,0,0,1,18.0,8.0,40.0,2011,MIS4_to_MIS8,illinois,1,2010-2011,1,0,0,0,retention
420975095617219,9,1.0,4,4,2,8700,87001,1,1,33,17,41180,163,2.0,1.0,,6,14,43,,1,43,1,,2,0,0,5,2,57,57,57,1,0,0,2.0,1.0,,36.0,,36.0,,,,,,2.0,3.0,0.0,1,2.0,1.0,1.0,775.0,500.0,2.0,2.0,,,,10437.4837,2600.489,0,0,1.0,1.0,0,0,19092,2,,,,2.0,,,2612.2293,9470.0,3850.0,-1,3.0,,,,,,318084.0,2010,608,605,0,0,0,0,0,16.0,12.0,51.0,2010,1.0,4,8,2,8700,87001,1,33,17,41180,163,2.0,1.0,,6,14,44,,1,40,1,,0,0,5,2,57,57,57,1,0,0,1.0,2.0,5.0,40.0,,,,,,,,5.0,3.0,0.0,1,2.0,1.0,1.0,1300.0,450.0,2.0,2.0,,,,13460.2107,3332.8218,0,0,0.0,0.0,0,0,30158,2,,,3.0,,,,3325.3718,9470.0,3850.0,-1,3.0,,,,,,314350.0,2011,620,605,0,0,0,0,0,14.0,12.0,51.0,2011,MIS4_to_MIS8,illinois,1,2010-2011,1,0,0,0,retention
710709743274763,9,1.0,7,4,2,8700,87001,1,1,33,17,16980,0,2.0,1.0,,7,2,54,,2,44,1,,1,0,0,5,2,57,57,57,1,0,0,1.0,1.0,,40.0,,40.0,,,,,,2.0,3.0,0.0,1,2.0,,1.0,1700.0,680.0,2.0,2.0,,,,10959.3906,2714.2593,0,0,1.0,1.0,0,42,49422,1,,,,,,2.0,2698.6162,6770.0,2430.0,-1,,,,,,,318183.0,2010,608,605,0,0,0,0,0,18.0,8.0,31.0,2010,1.0,7,8,2,8700,87001,1,33,17,16980,0,2.0,1.0,,7,2,55,,2,44,1,,0,0,3,2,57,57,57,1,0,0,1.0,1.0,,40.0,,40.0,,,,,,2.0,3.0,0.0,1,2.0,2.0,2.0,,550.0,2.0,2.0,,,,10210.2479,2634.7301,0,0,1.0,,0,0,63185,1,,,,,,2.0,2617.6928,6770.0,2430.0,-1,,,,,,,314450.0,2011,620,605,0,0,0,0,0,18.0,8.0,31.0,2011,MIS4_to_MIS8,illinois,1,2010-2011,1,0,0,0,retention
710709906593381,9,1.0,1,4,2,8700,87001,1,1,33,17,16980,0,2.0,1.0,,7,3,49,1.0,2,40,1,,2,1,2,1,2,360,360,360,4,0,4,2.0,1.0,,40.0,,52.0,,,,,,2.0,2.0,0.0,1,2.0,,1.0,1500.0,600.0,2.0,2.0,,,,11183.9216,2776.6984,0,0,0.0,0.0,0,0,41614,2,,,3.0,,,,2753.9042,7870.0,230.0,5120,,,,,,,318191.0,2010,608,605,0,0,0,0,0,14.0,1.0,40.0,2010,1.0,1,8,2,8700,87001,1,33,17,16980,0,2.0,1.0,,7,3,50,1.0,2,40,1,,1,2,1,2,360,360,360,4,0,4,2.0,1.0,,40.0,5.0,32.0,,,5.0,,,4.0,2.0,0.0,1,2.0,,1.0,1600.0,640.0,2.0,2.0,,,,11468.0005,2889.4391,0,0,0.0,0.0,0,0,20182,2,,,3.0,,,,2892.6835,7870.0,5260.0,-1,,,,,,,314455.0,2011,620,605,0,0,0,0,0,14.0,17.0,40.0,2011,MIS4_to_MIS8,illinois,1,2010-2011,1,0,0,0,retention
710709992322088,9,2.0,1,4,2,8700,87001,1,1,33,17,16980,0,2.0,1.0,,7,1,25,2.0,1,43,1,1.0,1,1,1,1,2,57,303,303,1,0,0,2.0,1.0,,-4.0,,40.0,,,,,,2.0,3.0,0.0,1,2.0,2.0,1.0,1000.0,400.0,1.0,,,,,12069.5716,3002.6476,1,1,1.0,1.0,0,42,49453,1,,,,2.0,,,3022.9945,9470.0,3850.0,-1,,,,,,,318201.0,2010,608,605,1,0,0,0,1,16.0,12.0,51.0,2010,1.0,1,8,2,8700,87001,1,33,17,16980,0,2.0,1.0,,7,1,27,2.0,1,43,1,1.0,1,1,1,2,57,303,303,1,0,0,2.0,1.0,,40.0,,40.0,,,,,,2.0,3.0,0.0,1,2.0,2.0,2.0,,1298.07,1.0,,,,,15098.8968,3756.3989,1,1,0.0,,0,0,32672,1,,,,2.0,,,3766.7406,9470.0,3850.0,-1,,,,,,,314468.0,2011,620,605,1,0,0,0,1,16.0,12.0,51.0,2011,MIS4_to_MIS8,illinois,1,2010-2011,1,0,0,0,retention
907649770649103,9,1.0,1,4,2,8700,87001,1,1,33,17,41180,119,2.0,1.0,,6,1,47,2.0,1,42,1,,1,1,1,1,2,57,57,57,1,0,0,2.0,1.0,,40.0,4.0,32.0,,,4.0,,,4.0,2.0,0.0,1,2.0,2.0,2.0,,807.69,1.0,,,,,11183.7035,2746.7749,0,0,0.0,,0,0,28656,1,,,4.0,,,,2734.4587,770.0,1550.0,-1,3.0,1.0,,,,,318295.0,2010,608,605,0,0,0,0,0,15.0,4.0,4.0,2010,1.0,1,8,2,8700,87001,1,33,17,41180,119,2.0,1.0,,6,1,48,2.0,1,42,1,,1,1,1,2,57,57,57,1,0,0,2.0,1.0,,40.0,4.0,32.0,,,4.0,,,4.0,2.0,0.0,1,2.0,,1.0,2637.0,1054.8,1.0,,,,,12059.4135,2903.9761,0,0,1.0,1.0,0,42,41068,1,,,5.0,,,,2934.598,770.0,1550.0,-1,3.0,1.0,,,,,314555.0,2011,620,605,0,0,0,0,0,16.0,4.0,4.0,2011,MIS4_to_MIS8,illinois,1,2010-2011,1,0,0,0,retention
967559570509105,9,2.0,1,4,2,8700,87001,1,1,33,17,41180,0,2.0,1.0,,6,1,28,2.0,2,44,1,,1,1,1,1,2,57,57,57,1,0,0,1.0,1.0,,38.0,,38.0,,,,,,2.0,3.0,0.0,1,2.0,2.0,2.0,,600.0,1.0,,,,,12722.3152,3077.4152,1,1,0.0,,0,0,31048,1,,,,,,2.0,3103.4283,7860.0,2310.0,-1,,,,,,,318357.0,2010,608,605,1,0,0,0,1,18.0,8.0,40.0,2010,1.0,1,8,2,8700,87001,1,33,17,41180,0,2.0,1.0,,6,1,29,2.0,2,44,1,,1,1,1,2,57,57,57,1,0,0,1.0,1.0,,37.0,,37.0,,,,,,2.0,3.0,0.0,1,2.0,2.0,2.0,,721.15,1.0,,,,,11960.4505,2984.2899,1,1,0.0,,0,0,30142,1,,,,,,2.0,3018.99,7860.0,3230.0,-1,,,,,,,314613.0,2011,620,605,1,0,0,0,1,18.0,10.0,40.0,2011,MIS4_to_MIS8,illinois,1,2010-2011,1,0,0,0,retention
901097959179020,9,2.0,1,4,2,8700,87001,1,1,33,17,0,0,3.0,2.0,,0,1,40,2.0,1,41,1,,1,1,1,1,2,57,57,57,1,0,0,2.0,1.0,,40.0,,40.0,,,,,,2.0,2.0,1.0,1,2.0,2.0,2.0,,961.0,2.0,2.0,,,,10722.8587,2671.5899,8,3,1.0,,0,0,62659,1,,,3.0,,,,2683.6513,280.0,1910.0,-1,,,,,,,318487.0,2010,608,605,0,1,1,0,1,14.0,5.0,2.0,2010,2.0,1,8,2,8700,87001,1,33,17,0,0,3.0,2.0,,0,1,42,2.0,1,41,1,,1,1,1,2,57,57,57,1,0,0,2.0,1.0,,40.0,,40.0,,,,,,2.0,2.0,0.0,1,2.0,2.0,2.0,,750.0,2.0,2.0,,,,13335.4922,3301.9408,8,3,1.0,,0,0,58350,1,,,5.0,,,,3294.5599,9490.0,5260.0,-1,,,,,,,314732.0,2011,620,605,0,1,1,0,1,16.0,17.0,51.0,2011,MIS4_to_MIS8,illinois,1,2010-2011,1,0,0,0,retention
450973093717349,9,4.0,4,4,2,8700,87001,1,1,33,17,44100,0,,1.0,,2,1,22,,2,42,1,,1,1,1,7,2,57,57,57,1,0,0,1.0,1.0,,30.0,,30.0,,,15.0,,,6.0,2.0,0.0,1,2.0,,1.0,1475.0,442.5,1.0,,2.0,,,13415.7142,3268.1981,1,1,0.0,0.0,0,0,31326,1,,,3.0,,,,3292.3267,9370.0,5810.0,-1,,,,,,,318585.0,2010,608,605,1,0,0,0,1,14.0,17.0,51.0,2010,1.0,4,8,2,8700,87001,1,33,17,44100,0,,1.0,,2,1,22,,2,42,1,,1,1,7,2,57,57,57,1,0,0,1.0,1.0,,30.0,,30.0,,,15.0,,,6.0,2.0,0.0,1,2.0,,1.0,1524.0,457.2,1.0,,2.0,,,14212.0878,3359.0085,1,1,0.0,0.0,0,0,32830,1,,,3.0,,,,3378.8515,9570.0,5810.0,-1,,,,,,,314823.0,2011,620,605,1,0,0,0,1,14.0,17.0,51.0,2011,MIS4_to_MIS8,illinois,1,2010-2011,1,0,0,0,retention
799330744530971,9,1.0,4,4,2,8700,87001,1,1,33,17,44100,0,,1.0,,2,1,54,,2,44,1,,1,1,1,7,2,57,57,57,1,0,0,2.0,1.0,,45.0,,45.0,,,,,,2.0,2.0,0.0,1,2.0,2.0,2.0,,500.0,2.0,2.0,,,,10898.1642,2699.0957,4,1,0.0,,0,0,16149,1,,,,,,2.0,2683.5399,7870.0,2140.0,-1,,,,,,,318596.0,2010,608,605,0,0,0,1,0,18.0,7.0,40.0,2010,1.0,7,8,2,8700,87001,1,33,17,44100,0,,1.0,,2,2,55,,2,44,1,,0,0,7,2,57,57,57,1,0,0,1.0,1.0,,40.0,,40.0,,,,,,2.0,2.0,0.0,1,2.0,2.0,2.0,,819.23,2.0,2.0,,,,10263.4301,2648.4536,0,0,0.0,,0,0,58437,1,,,,,,2.0,2631.3276,7870.0,430.0,-1,,,,,,,314831.0,2011,620,605,0,0,0,0,0,18.0,1.0,40.0,2011,MIS4_to_MIS8,illinois,1,2010-2011,1,0,0,0,retention
799610834120971,9,1.0,1,4,0,8700,87002,2,2,33,17,16580,0,,1.0,,2,1,28,2.0,2,40,1,1.0,1,1,1,1,2,57,57,303,1,0,0,1.0,1.0,,35.0,,35.0,,,,,,2.0,3.0,0.0,1,2.0,,1.0,1300.0,455.0,2.0,2.0,,,,9894.36,2420.8968,1,1,0.0,0.0,0,0,41456,1,,,2.0,,,,2413.5888,9480.0,2020.0,-1,1.0,2.0,,,,,318600.0,2010,608,605,1,0,0,0,1,13.0,6.0,51.0,2010,1.0,1,8,2,8700,87002,2,33,17,16580,0,,1.0,,2,1,30,2.0,2,40,1,1.0,1,1,1,2,57,57,303,1,0,0,1.0,1.0,,35.0,,35.0,,,,,,2.0,3.0,0.0,1,2.0,,1.0,1425.0,498.75,2.0,2.0,,,,11305.5614,2878.6279,1,1,0.0,0.0,0,0,58352,1,,,2.0,,,,2853.6866,9480.0,5250.0,-1,1.0,2.0,,,,,314834.0,2011,620,605,1,0,0,0,1,13.0,17.0,51.0,2011,MIS4_to_MIS8,illinois,1,2010-2011,1,0,0,0,retention
710809961517585,9,1.0,1,4,2,8700,87001,1,1,32,18,26900,0,1.0,1.0,,5,1,46,4.0,2,39,1,,1,1,1,1,2,57,57,57,1,0,0,1.0,1.0,,24.0,,24.0,,,17.0,,,7.0,3.0,0.0,1,2.0,2.0,2.0,,425.0,2.0,2.0,,,,11848.5467,2960.1184,0,0,0.0,,0,0,49631,1,1.0,,,,,,2917.56,9470.0,120.0,-1,,,,,,,318722.0,2010,608,605,0,0,0,0,0,12.0,1.0,51.0,2010,3.0,1,8,2,8700,87001,1,32,18,26900,0,1.0,1.0,,5,1,47,4.0,2,39,1,,1,1,1,2,57,57,57,1,0,0,1.0,1.0,,40.0,,40.0,,,,,,2.0,3.0,0.0,1,2.0,,1.0,1850.0,740.0,2.0,2.0,,,,11217.9549,2872.4771,0,0,1.0,1.0,0,42,66703,1,1.0,,,,,,2829.6121,9380.0,20.0,-1,,,,,,,314970.0,2011,620,605,0,0,0,0,0,12.0,1.0,51.0,2011,MIS4_to_MIS8,indiana,0,2010-2011,1,0,0,0,retention
710809961517585,9,1.0,1,4,2,8700,87001,1,1,32,18,26900,0,1.0,1.0,,5,3,56,1.0,1,40,1,,4,1,2,1,2,57,57,57,1,0,0,2.0,1.0,,40.0,,55.0,,,,,,2.0,3.0,0.0,1,1.0,2.0,2.0,,1538.46,1.0,,,,,10053.3525,2624.8926,0,0,0.0,,0,0,49631,4,,,4.0,,,,2602.9816,9470.0,3850.0,-1,,,,,,,318723.0,2010,608,605,0,0,0,0,0,15.0,12.0,51.0,2010,3.0,1,8,2,8700,87001,1,32,18,26900,0,1.0,1.0,,5,3,57,1.0,1,40,1,,1,2,1,2,57,57,57,1,0,0,2.0,1.0,,40.0,,40.0,,,,,,2.0,2.0,0.0,1,2.0,,1.0,2250.0,900.0,2.0,1.0,,,,11422.8915,2854.4293,0,0,1.0,1.0,0,42,66703,4,,,3.0,,,,2808.853,9470.0,3850.0,-1,,,,,,,314971.0,2011,620,605,0,0,0,0,0,14.0,12.0,51.0,2011,MIS4_to_MIS8,indiana,0,2010-2011,1,0,0,0,retention
938199970999109,9,1.0,1,4,2,8700,87001,1,1,32,18,16980,89,2.0,1.0,,7,1,34,2.0,2,40,1,1.0,1,1,1,1,2,57,303,303,1,0,0,1.0,1.0,,40.0,,40.0,,,,,,2.0,3.0,0.0,1,2.0,2.0,2.0,,423.07,1.0,,,,,15755.2055,3895.1348,14,3,0.0,,0,0,7145,1,,,3.0,,,,3843.2589,7860.0,2540.0,-1,,,,,,,318919.0,2010,608,605,0,1,1,1,1,14.0,8.0,40.0,2010,3.0,1,8,2,8700,87001,1,32,18,16980,89,2.0,1.0,,7,1,35,2.0,2,40,1,1.0,1,1,1,2,57,303,303,1,0,0,2.0,1.0,,40.0,,40.0,,,,,,2.0,4.0,0.0,1,2.0,2.0,2.0,,900.0,2.0,2.0,,,,15934.2933,3892.4687,14,3,1.0,,0,42,32913,1,,,3.0,,,,3944.5099,7860.0,2540.0,-1,,,,,,,315157.0,2011,620,605,0,1,1,1,1,14.0,8.0,40.0,2011,MIS4_to_MIS8,indiana,0,2010-2011,0,1,0,1,retention
104077309085871,9,1.0,1,4,2,8700,87001,1,1,32,18,0,0,3.0,2.0,,0,3,59,1.0,1,39,1,,2,1,2,1,2,57,57,57,1,0,0,2.0,1.0,,40.0,,40.0,,,,,,2.0,3.0,0.0,1,2.0,2.0,2.0,,846.0,2.0,2.0,,,,9752.8112,2546.4224,0,0,1.0,,0,42,49664,2,1.0,,,,,,2525.1664,7860.0,4220.0,-1,4.0,,,,,,318999.0,2010,608,605,0,0,0,0,0,12.0,14.0,40.0,2010,1.0,1,8,2,8700,87001,1,32,18,0,0,3.0,2.0,,0,3,60,1.0,1,39,1,,1,2,1,2,57,57,57,1,0,0,2.0,1.0,,40.0,,40.0,,,,,,2.0,3.0,0.0,1,2.0,,1.0,2250.0,900.0,2.0,2.0,,,,10225.0733,2626.432,0,0,1.0,1.0,0,42,33006,2,1.0,,,,,,2623.725,7860.0,4220.0,-1,4.0,,,,,,315231.0,2011,620,605,0,0,0,0,0,12.0,14.0,40.0,2011,MIS4_to_MIS8,indiana,0,2010-2011,1,0,0,0,retention
899650429740971,9,1.0,3,4,2,8700,87001,1,1,32,18,0,0,3.0,2.0,,0,4,17,,1,36,1,,2,1,3,7,2,57,57,57,1,0,0,2.0,1.0,,15.0,,15.0,,,20.0,,,7.0,2.0,0.0,1,2.0,,1.0,700.0,105.0,2.0,2.0,1.0,1.0,1.0,16032.5316,3763.606,0,0,0.0,0.0,0,0,57114,2,,,,,,,3630.4549,8660.0,4140.0,-1,,,,,,1.0,319043.0,2010,608,605,0,0,0,0,0,10.0,13.0,45.0,2010,1.0,3,8,2,8700,87001,1,32,18,0,0,3.0,2.0,,0,4,18,,1,37,1,,1,3,7,2,57,57,57,1,0,0,2.0,7.0,,,,,,11.0,,,,1.0,4.0,1.0,2,,,,,,,,1.0,1.0,1.0,14901.661,3711.744,0,0,,,0,0,7720,2,,,,,,,3800.4359,170.0,6050.0,-1,,,,,,1.0,315276.0,2011,620,605,0,0,0,0,0,11.0,18.0,1.0,2011,MIS4_to_MIS8,indiana,0,2010-2011,0,1,0,1,retention
966068942179310,9,2.0,3,4,2,8700,87001,1,1,32,18,0,0,3.0,2.0,,0,6,55,3.0,1,39,1,,2,2,2,1,2,57,57,57,1,0,0,1.0,1.0,,24.0,,24.0,,,22.0,,,7.0,3.0,0.0,1,2.0,,1.0,847.0,203.28,2.0,2.0,,,,9752.8112,2546.4224,0,0,1.0,1.0,0,42,62729,2,1.0,,,,,,2525.1664,7860.0,9120.0,-1,,,,,,,319100.0,2010,608,605,0,0,0,0,0,12.0,22.0,40.0,2010,3.0,1,8,2,8700,87001,1,32,18,0,0,3.0,2.0,,0,1,56,3.0,1,39,1,,1,1,1,2,57,57,57,1,0,0,2.0,1.0,,28.0,,28.0,,,14.0,,,6.0,3.0,0.0,1,2.0,,1.0,1342.0,375.76,2.0,2.0,,,,10652.0453,2661.805,0,0,0.0,0.0,0,0,20387,2,1.0,,,,,,2619.3043,7860.0,9120.0,-1,,,,,,,315332.0,2011,620,605,0,0,0,0,0,12.0,22.0,40.0,2011,MIS4_to_MIS8,indiana,0,2010-2011,1,0,0,0,retention
50960090337309,9,6.0,1,4,2,8700,87001,1,1,21,36,35620,81,1.0,1.0,,7,1,48,2.0,2,39,1,,1,1,1,1,2,116,116,116,4,0,5,1.0,4.0,,,,,,,,17.0,2.0,11.0,3.0,0.0,2,,,,,,,,,,,11917.0633,3095.1169,3,2,,,0,0,54271,1,1.0,,,,,,2989.0587,9370.0,5260.0,-1,,,,,6.0,1.0,329872.0,2010,608,605,0,0,1,0,0,12.0,17.0,51.0,2010,5.0,1,8,2,8700,87001,1,21,36,35620,81,1.0,1.0,,7,1,50,2.0,2,43,1,,1,1,1,2,116,116,116,4,0,5,1.0,1.0,,40.0,,40.0,,,,,,2.0,4.0,0.0,1,1.0,2.0,2.0,,850.0,2.0,2.0,,,,12506.6644,3116.1235,3,2,0.0,,0,0,47639,1,,,,1.0,2.0,,3154.6757,770.0,6200.0,-1,,,,,6.0,1.0,326171.0,2011,620,605,0,0,1,0,0,17.0,19.0,4.0,2011,MIS4_to_MIS8,new_york,0,2010-2011,0,1,0,1,retention
174392739600651,9,1.0,3,4,2,8700,87001,1,1,21,36,35620,5,1.0,1.0,,7,4,37,,1,40,1,2.0,2,1,3,7,2,57,73,73,1,0,0,2.0,1.0,,40.0,,40.0,,,,,,2.0,3.0,0.0,1,2.0,1.0,1.0,1200.0,673.07,1.0,,,,,18240.5645,4484.4258,0,0,0.0,1.0,0,0,37040,2,,,3.0,,,,4565.1365,9470.0,4220.0,-1,,,,,,1.0,329942.0,2010,608,605,0,0,0,0,0,14.0,14.0,51.0,2010,1.0,3,8,2,8700,87001,1,21,36,35620,5,1.0,1.0,,7,4,38,,1,40,1,2.0,1,3,7,2,57,73,73,1,0,0,2.0,1.0,,40.0,,40.0,,,,,,2.0,3.0,0.0,1,2.0,1.0,1.0,2103.0,865.0,1.0,,,,,17996.6765,4336.324,0,0,1.0,1.0,0,0,47441,2,,,3.0,,,,4446.1147,9470.0,4220.0,-1,,,,,,1.0,326228.0,2011,620,605,0,0,0,0,0,14.0,14.0,51.0,2011,MIS4_to_MIS8,new_york,0,2010-2011,1,0,0,0,retention
210461097437139,9,8.0,1,4,2,8700,87001,1,1,21,36,35620,81,1.0,1.0,,7,4,29,,2,39,2,,3,2,1,3,2,332,332,332,5,0,13,2.0,1.0,,40.0,,40.0,,,,,,2.0,2.0,0.0,1,2.0,2.0,2.0,,538.0,2.0,2.0,,,,13242.6005,3199.4005,3,1,1.0,,0,0,54269,3,1.0,,,,,,3317.2515,8270.0,2010.0,-1,,,,,2.0,1.0,329948.0,2010,608,605,0,0,1,0,0,12.0,6.0,42.0,2010,8.0,1,8,2,8700,87001,1,21,36,35620,81,1.0,1.0,,7,4,30,,2,39,2,,2,1,3,2,332,332,332,5,0,13,2.0,1.0,,40.0,,40.0,,,,,,2.0,4.0,0.0,1,2.0,2.0,2.0,,1442.0,2.0,2.0,,,,11092.8789,2797.3392,3,1,1.0,,0,0,47636,3,1.0,,,,,,2754.966,8180.0,2010.0,-1,,,,,2.0,1.0,326231.0,2011,620,605,0,0,1,0,0,12.0,6.0,42.0,2011,MIS4_to_MIS8,new_york,0,2010-2011,0,1,0,1,retention
306047702067671,9,1.0,1,4,2,8700,87001,1,1,21,36,35620,47,1.0,1.0,,7,3,59,1.0,2,39,2,,2,1,2,1,2,57,57,57,1,0,0,2.0,1.0,,40.0,,40.0,,,,,,2.0,3.0,0.0,1,2.0,,1.0,900.0,360.0,1.0,,,,,10930.1016,2757.4361,0,0,1.0,1.0,0,0,12496,2,1.0,,,,,,2744.8822,7860.0,3920.0,-1,,,,,,,330005.0,2010,608,605,0,0,0,0,0,12.0,12.0,40.0,2010,1.0,1,8,2,8700,87001,1,21,36,35620,47,1.0,1.0,,7,3,60,1.0,2,39,2,,1,2,1,2,57,57,57,1,0,0,,1.0,,40.0,,40.0,,,,,,2.0,4.0,0.0,1,2.0,,1.0,900.0,360.0,2.0,2.0,,,,11902.4306,2586.3816,0,0,1.0,1.0,21,41,41213,2,1.0,,,,,,2626.9909,9290.0,4600.0,-1,,,,,,,326285.0,2011,620,605,0,0,0,0,0,12.0,15.0,50.0,2011,MIS4_to_MIS8,new_york,0,2010-2011,0,1,0,1,retention
396957802024635,9,1.0,6,4,2,8700,87001,1,1,21,36,35620,5,1.0,1.0,,7,2,47,,1,43,2,,1,0,0,6,2,57,57,57,1,0,0,1.0,1.0,,40.0,,40.0,,,,,,2.0,2.0,0.0,1,2.0,,1.0,3000.0,1200.0,2.0,2.0,,,,14915.0161,3706.393,0,0,1.0,1.0,0,42,3654,1,,,,2.0,,,3720.0111,8380.0,2000.0,-1,,,,,,,330135.0,2010,608,605,0,0,0,0,0,16.0,6.0,43.0,2010,1.0,6,8,2,8700,87001,1,21,36,35620,5,1.0,1.0,,7,2,48,,1,43,2,,0,0,6,2,57,57,57,1,0,0,1.0,1.0,,40.0,,40.0,,,,,,2.0,5.0,0.0,1,2.0,2.0,2.0,,2019.0,2.0,1.0,,,,13938.2315,3335.6698,0,0,1.0,,0,0,59130,1,,,,2.0,,,3321.0264,8380.0,2016.0,-1,,,,,,,326428.0,2011,620,605,0,0,0,0,0,16.0,6.0,43.0,2011,MIS4_to_MIS8,new_york,0,2010-2011,0,1,0,1,retention
500763092537519,9,1.0,7,4,2,8700,87001,1,1,21,36,35620,81,1.0,1.0,,7,2,64,,2,43,2,,1,0,0,4,2,333,333,333,4,0,2,1.0,1.0,,33.0,,33.0,,,22.0,,,7.0,3.0,0.0,1,1.0,1.0,1.0,4200.0,1384.61,1.0,,,,,9596.0669,2757.4361,0,0,0.0,0.0,0,0,3923,1,,,,2.0,,,2744.8822,7860.0,2310.0,-1,,,,,,,330205.0,2010,608,605,0,0,0,0,0,16.0,8.0,40.0,2010,1.0,7,8,2,8700,87001,1,21,36,35620,81,1.0,1.0,,7,2,65,,2,44,2,,0,0,4,2,333,333,333,4,0,2,1.0,5.0,,,,,,,,,,1.0,3.0,0.0,2,,,,,,,,,,,10920.3098,2671.0286,0,0,,,0,0,1751,1,,,,,,3.0,2627.6111,7860.0,2320.0,-1,,,,,,,326497.0,2011,620,605,0,0,0,0,0,18.0,8.0,40.0,2011,MIS4_to_MIS8,new_york,0,2010-2011,1,0,0,0,retention
563400087908599,9,2.0,1,4,2,8700,87001,1,1,21,36,35620,47,1.0,1.0,,7,3,62,1.0,2,44,1,,2,1,2,1,2,164,164,164,4,0,13,2.0,1.0,,40.0,,40.0,,,,,,2.0,3.0,0.0,1,2.0,2.0,2.0,,769.23,1.0,,,,,11699.0835,3014.598,0,0,0.0,,0,0,12503,2,,,,,,3.0,3065.3051,9480.0,430.0,-1,,,,,,,330230.0,2010,608,605,0,0,0,0,0,18.0,1.0,51.0,2010,1.0,1,8,2,8700,87001,1,21,36,35620,47,1.0,1.0,,7,3,63,1.0,2,44,1,,1,2,1,2,164,164,164,4,0,13,2.0,1.0,,40.0,,40.0,,,,,,2.0,3.0,0.0,1,2.0,2.0,2.0,,711.53,2.0,2.0,,,,10534.6506,2650.8447,0,0,0.0,,0,0,38722,2,,,,,,3.0,2701.9241,9480.0,3535.0,-1,,,,,,,326522.0,2011,620,605,0,0,0,0,0,18.0,10.0,51.0,2011,MIS4_to_MIS8,new_york,0,2010-2011,1,0,0,0,retention
699560026320973,9,1.0,6,4,2,8700,87001,1,1,21,36,40380,55,1.0,1.0,,5,16,28,,1,43,1,,3,0,0,7,2,57,57,57,1,0,0,2.0,1.0,,40.0,,40.0,,,,,,2.0,2.0,0.0,1,2.0,2.0,2.0,,961.53,2.0,1.0,,,,13928.4114,3469.8756,0,0,0.0,,0,0,46338,3,,,,2.0,,,3488.5672,9570.0,1530.0,-1,,,,,,,330302.0,2010,608,605,0,0,0,0,0,16.0,4.0,51.0,2010,3.0,6,8,2,8700,87001,1,21,36,40380,55,1.0,1.0,,5,16,30,,1,43,1,,0,0,7,2,57,57,57,1,0,0,2.0,1.0,,40.0,,40.0,,,,,,2.0,2.0,0.0,1,2.0,2.0,2.0,,1000.0,2.0,2.0,,,,11974.6163,3009.68,0,0,0.0,,0,0,13089,3,,,,2.0,,,2987.3225,770.0,1360.0,-1,,,,,,,326618.0,2011,620,605,0,0,0,0,0,16.0,4.0,4.0,2011,MIS4_to_MIS8,new_york,0,2010-2011,1,0,0,0,retention
699560026320973,9,1.0,6,4,2,8700,87001,1,1,21,36,40380,55,1.0,1.0,,5,16,28,,1,44,1,,2,0,0,7,2,57,57,57,1,0,0,2.0,1.0,,40.0,,40.0,,,,,,2.0,3.0,0.0,1,2.0,2.0,2.0,,930.23,1.0,,,,,13928.4114,3469.8756,0,0,0.0,,0,0,46338,2,,,,,,3.0,3488.5672,7860.0,2310.0,-1,,,,,,,330303.0,2010,608,605,0,0,0,0,0,18.0,8.0,40.0,2010,3.0,6,8,2,8700,87001,1,21,36,40380,55,1.0,1.0,,5,16,29,,1,44,1,,0,0,7,2,57,57,57,1,0,0,2.0,1.0,,40.0,,40.0,,,,,,2.0,3.0,0.0,1,2.0,2.0,2.0,,1116.27,1.0,,,,,13088.2122,3271.5383,0,0,0.0,,0,0,13089,2,,,,,,3.0,3265.1326,7860.0,2320.0,-1,,,,,,,326617.0,2011,620,605,0,0,0,0,0,18.0,8.0,40.0,2011,MIS4_to_MIS8,new_york,0,2010-2011,1,0,0,0,retention
730609940988186,9,5.0,4,4,2,8700,87001,1,1,21,36,35620,81,1.0,1.0,,7,1,50,,2,44,1,,1,1,1,5,2,57,57,57,1,0,0,1.0,1.0,,35.0,,55.0,,,,,,2.0,3.0,0.0,1,2.0,1.0,1.0,4250.0,1346.15,1.0,,,,,12298.2329,3025.5175,4,1,0.0,1.0,0,0,37323,1,,,,,,3.0,3028.2897,7860.0,2330.0,-1,,,,,,,330336.0,2010,608,605,0,0,0,1,0,18.0,8.0,40.0,2010,4.0,4,8,2,8700,87001,1,21,36,35620,81,1.0,1.0,,7,1,51,,2,44,1,,1,1,5,2,57,57,57,1,0,0,1.0,1.0,,35.0,,35.0,,,,,,2.0,3.0,0.0,1,2.0,2.0,2.0,,1307.69,1.0,,,,,12506.6644,3116.1235,4,1,0.0,,0,0,27203,1,,,,,,3.0,3154.6757,7860.0,2330.0,-1,,,,,,,326654.0,2011,620,605,0,0,0,1,0,18.0,8.0,40.0,2011,MIS4_to_MIS8,new_york,0,2010-2011,1,0,0,0,retention
730609940988186,9,5.0,4,4,2,8700,87001,1,1,21,36,35620,81,1.0,1.0,,7,4,23,,2,43,1,2.0,2,1,3,7,2,57,57,57,1,0,0,2.0,1.0,,35.0,,35.0,,,,,,2.0,3.0,0.0,1,2.0,1.0,1.0,2300.0,1076.92,1.0,,1.0,2.0,2.0,13072.4616,3294.0788,0,0,0.0,1.0,0,0,37323,2,,,,2.0,,,3208.0896,7860.0,2310.0,-1,,,,,1.0,,330339.0,2010,608,605,0,0,0,0,0,16.0,8.0,40.0,2010,4.0,4,8,2,8700,87001,1,21,36,35620,81,1.0,1.0,,7,4,24,,2,43,1,2.0,1,3,7,2,57,57,57,1,0,0,2.0,1.0,,30.0,,30.0,,,22.0,,,7.0,3.0,0.0,1,2.0,,1.0,1850.0,555.0,2.0,2.0,1.0,1.0,2.0,17053.8431,4096.5104,0,0,0.0,0.0,0,0,27203,2,,,,1.0,1.0,,4054.4643,7890.0,2000.0,-1,,,,,1.0,,326657.0,2011,620,605,0,0,0,0,0,18.0,6.0,40.0,2011,MIS4_to_MIS8,new_york,0,2010-2011,1,0,0,0,retention
730609972951854,9,2.0,1,4,2,8700,87001,1,1,21,36,35620,81,1.0,1.0,,7,1,34,2.0,1,39,1,4.0,1,1,1,1,2,329,329,329,5,0,21,1.0,1.0,,40.0,,40.0,,,,,,2.0,3.0,0.0,1,1.0,,1.0,4000.0,1720.0,2.0,2.0,,,,20221.2826,5026.5006,2,2,0.0,0.0,0,0,1007,1,1.0,,,,,,5064.7055,9480.0,6200.0,-1,,,,,,,330349.0,2010,608,605,0,1,0,0,1,12.0,19.0,51.0,2010,1.0,1,8,2,8700,87001,1,21,36,35620,81,1.0,1.0,,7,1,35,2.0,1,43,1,4.0,1,1,1,2,329,329,329,5,0,21,1.0,1.0,,40.0,,40.0,,,,,,2.0,4.0,0.0,1,2.0,2.0,2.0,,1562.53,2.0,2.0,,,,17996.6765,4336.324,2,2,0.0,,0,0,1748,1,,,,2.0,,,4446.1147,6270.0,5600.0,-1,,,,,,,326667.0,2011,620,605,0,1,0,0,1,16.0,17.0,23.0,2011,MIS4_to_MIS8,new_york,0,2010-2011,0,1,0,1,retention
763215017906493,9,1.0,4,4,2,8700,87001,1,1,21,36,35620,5,1.0,1.0,,7,14,34,,1,40,1,4.0,2,0,0,6,2,329,329,329,5,0,16,2.0,1.0,,40.0,,40.0,,,,,,2.0,3.0,0.0,1,2.0,2.0,2.0,,692.0,2.0,2.0,,,,20221.2826,5026.5006,3,1,1.0,,42,42,64644,2,,,3.0,,,,5064.7055,8790.0,7010.0,-1,,,,,,,330384.0,2010,608,605,0,0,1,0,0,14.0,20.0,47.0,2010,2.0,4,8,2,8700,87001,1,21,36,35620,5,1.0,1.0,,7,14,35,,1,40,1,4.0,0,0,6,2,329,329,329,5,0,16,1.0,1.0,,40.0,,40.0,,,,,,2.0,7.0,0.0,2,,,,,,,,,,,17927.7173,4336.324,3,1,,,0,0,26824,2,,,3.0,,,,4446.1147,7490.0,2630.0,-1,,,,,,,326714.0,2011,620,605,0,0,1,0,0,14.0,9.0,36.0,2011,MIS4_to_MIS8,new_york,0,2010-2011,0,1,0,1,retention
874395269600523,9,3.0,1,4,2,8700,87001,1,1,21,36,35620,5,1.0,1.0,,7,4,20,,2,39,2,,3,1,3,7,2,57,57,57,1,0,0,1.0,1.0,,20.0,,20.0,,,15.0,,,6.0,3.0,0.0,1,2.0,,1.0,1200.0,240.0,1.0,,2.0,,,14567.6861,3561.2247,0,0,1.0,1.0,0,0,37038,3,1.0,,,,,,3484.2155,7860.0,4600.0,-1,,,,,1.0,1.0,330442.0,2010,608,605,0,0,0,0,0,12.0,15.0,40.0,2010,4.0,1,8,2,8700,87001,1,21,36,35620,5,1.0,1.0,,7,4,21,,2,39,2,,1,3,7,2,57,57,57,1,0,0,1.0,4.0,,,,,,,,3.0,5.0,11.0,4.0,0.0,2,,,,,,,,2.0,,,13371.9297,3053.839,0,0,,,0,0,55122,3,1.0,,,,,,2921.4686,8470.0,2000.0,-1,,,,,1.0,1.0,326766.0,2011,620,605,0,0,0,0,0,12.0,6.0,43.0,2011,MIS4_to_MIS8,new_york,0,2010-2011,0,1,0,1,retention
906309070059303,9,2.0,1,4,2,8700,87001,1,1,21,36,35620,81,1.0,1.0,,7,3,62,1.0,2,39,1,,2,1,2,1,2,151,151,151,4,0,4,2.0,1.0,,35.0,,35.0,,,,,,2.0,3.0,0.0,1,2.0,1.0,1.0,1250.0,350.0,1.0,,,,,11699.0835,3014.598,0,0,1.0,1.0,0,0,12701,2,1.0,,,,,,3065.3051,7860.0,4130.0,-1,,,,,,,330451.0,2010,608,605,0,0,0,0,0,12.0,13.0,40.0,2010,2.0,1,8,2,8700,87001,1,21,36,35620,81,1.0,1.0,,7,3,63,1.0,2,39,1,,1,2,1,2,151,151,151,4,0,4,2.0,1.0,,35.0,,35.0,,,,,,2.0,3.0,0.0,1,2.0,2.0,2.0,,500.0,1.0,,,,,10534.6506,2650.8447,0,0,1.0,,0,0,1753,2,1.0,,,,,,2701.9241,7860.0,4020.0,-1,,,,,,,326776.0,2011,620,605,0,0,0,0,0,12.0,13.0,40.0,2011,MIS4_to_MIS8,new_york,0,2010-2011,1,0,0,0,retention
937016414379120,9,1.0,1,4,2,8700,87001,1,1,21,36,35620,81,1.0,1.0,,7,1,41,2.0,1,40,2,,1,1,1,1,2,57,57,57,1,0,0,1.0,1.0,,40.0,,40.0,,,,,,2.0,3.0,0.0,1,2.0,,1.0,1700.0,680.0,1.0,,,,,16585.5085,3765.9229,3,1,1.0,1.0,0,42,46434,1,,,2.0,,,,3835.4044,9470.0,3850.0,-1,,,,,,,330497.0,2010,608,605,0,0,1,0,0,13.0,12.0,51.0,2010,1.0,1,8,2,8700,87001,1,21,36,35620,81,1.0,1.0,,7,1,42,2.0,1,40,2,,1,1,1,2,57,57,57,1,0,0,2.0,1.0,,40.0,,40.0,,,,,,2.0,1.0,0.0,1,2.0,2.0,2.0,,769.0,1.0,,,,,13345.8411,3121.6926,3,1,1.0,,0,0,47637,1,,,3.0,,,,3206.4661,9470.0,5700.0,-1,,,,,,,326826.0,2011,620,605,0,0,1,0,0,14.0,17.0,51.0,2011,MIS4_to_MIS8,new_york,0,2010-2011,0,1,1,0,retention
946579270189303,9,1.0,6,4,2,8700,87001,1,1,21,36,35620,47,1.0,1.0,,7,2,80,,1,44,1,,1,0,0,4,2,57,128,128,1,0,0,1.0,1.0,,35.0,,35.0,,,,,,2.0,3.0,0.0,1,2.0,1.0,1.0,3247.0,1136.5,1.0,,,,,13446.2368,3271.2992,0,0,0.0,0.0,0,0,12504,1,,,,,,1.0,3224.0719,6770.0,2430.0,-1,6.0,,,,,,330508.0,2010,608,605,0,0,0,0,0,17.0,8.0,31.0,2010,1.0,6,8,2,8700,87001,1,21,36,35620,47,1.0,1.0,,7,2,80,,1,44,1,,0,0,4,2,57,128,128,1,0,0,1.0,1.0,,35.0,,35.0,,,,,,2.0,3.0,0.0,1,2.0,1.0,1.0,3247.0,1136.5,1.0,,,,,13116.9365,3096.7216,0,0,0.0,0.0,0,0,1583,1,,,,,,1.0,3153.7359,6770.0,2430.0,-1,6.0,,,,,,326837.0,2011,620,605,0,0,0,0,0,17.0,8.0,31.0,2011,MIS4_to_MIS8,new_york,0,2010-2011,1,0,0,0,retention
965036920379620,9,2.0,1,4,2,8700,87001,1,1,21,36,40380,55,1.0,1.0,,5,1,33,2.0,1,44,1,,1,1,1,1,2,57,57,57,1,0,0,1.0,1.0,,40.0,,40.0,,,,,,2.0,3.0,0.0,1,2.0,2.0,2.0,,1450.0,1.0,,,,,14739.526,3693.587,0,0,0.0,,0,0,61905,1,,,,,,2.0,3691.7223,7860.0,2320.0,-1,,,,,,,330549.0,2010,608,605,0,0,0,0,0,18.0,8.0,40.0,2010,1.0,1,8,2,8700,87001,1,21,36,40380,55,1.0,1.0,,5,1,34,2.0,1,44,1,,1,1,1,2,57,57,57,1,0,0,1.0,1.0,,40.0,4.0,24.0,,,4.0,,,4.0,3.0,0.0,1,2.0,2.0,2.0,,1500.0,1.0,,,,,11974.6163,3009.68,1,1,0.0,,0,0,59169,1,,,,,,2.0,2987.3225,7860.0,2320.0,-1,,,,,,,326881.0,2011,620,605,1,0,0,0,1,18.0,8.0,40.0,2011,MIS4_to_MIS8,new_york,0,2010-2011,1,0,0,0,retention
965036920379620,9,2.0,1,4,2,8700,87001,1,1,21,36,40380,55,1.0,1.0,,5,3,34,1.0,2,44,1,,2,1,2,1,2,57,57,57,1,0,0,2.0,1.0,,40.0,,60.0,,,,,,2.0,3.0,0.0,1,2.0,2.0,2.0,,1475.0,1.0,,,,,13889.5313,3364.3489,0,0,0.0,,0,0,61905,2,,,,,,2.0,3388.1542,7860.0,2320.0,2320,,,,,,,330550.0,2010,608,605,0,0,0,0,0,18.0,8.0,40.0,2010,1.0,1,8,2,8700,87001,1,21,36,40380,55,1.0,1.0,,5,3,35,1.0,2,44,1,,1,2,1,2,57,57,57,1,0,0,2.0,2.0,8.0,40.0,,,,,,,,5.0,3.0,0.0,1,2.0,2.0,2.0,,1418.6,1.0,,,,,14034.6732,3456.2647,1,1,0.0,,0,0,59169,2,,,,,,2.0,3474.2618,7860.0,2320.0,-1,,,,,,,326882.0,2011,620,605,1,0,0,0,1,18.0,8.0,40.0,2011,MIS4_to_MIS8,new_york,0,2010-2011,1,0,0,0,retention
363603027908595,9,2.0,1,4,2,8700,87001,1,1,21,36,35620,59,2.0,1.0,,7,3,43,1.0,2,40,2,,2,1,2,1,2,57,57,57,1,0,0,1.0,1.0,,41.0,,41.0,,,,,,2.0,3.0,0.0,1,2.0,1.0,1.0,2700.0,1057.69,1.0,,,,,12947.2451,3085.4254,0,0,0.0,0.0,0,0,37205,2,,,3.0,,,,3147.0312,6180.0,9120.0,-1,,,,,,,330753.0,2010,608,605,0,0,0,0,0,14.0,22.0,23.0,2010,2.0,1,8,2,8700,87001,1,21,36,35620,59,2.0,1.0,,7,3,44,1.0,2,40,2,,1,2,1,2,57,57,57,1,0,0,1.0,1.0,,40.0,,40.0,,,,,,2.0,3.0,0.0,1,2.0,1.0,1.0,2400.0,807.0,1.0,,,,,14256.0463,3743.9064,0,0,1.0,1.0,0,0,65028,2,,,2.0,,,,3592.071,6180.0,9120.0,-1,,,,,,,327071.0,2011,620,605,0,0,0,0,0,13.0,22.0,23.0,2011,MIS4_to_MIS8,new_york,0,2010-2011,1,0,0,0,retention
393947802074688,9,1.0,1,4,2,8700,87001,1,1,21,36,35620,0,2.0,1.0,,7,3,41,1.0,1,43,1,,2,1,2,1,2,57,57,57,1,0,0,2.0,1.0,,40.0,,40.0,,,,,,2.0,3.0,0.0,1,2.0,2.0,2.0,,1634.0,1.0,,,,,13056.2653,3243.928,5,2,1.0,,0,0,25672,2,,,,1.0,1.0,,3267.6419,9470.0,3820.0,-1,,,,,,,330773.0,2010,608,605,1,1,0,0,1,18.0,12.0,51.0,2010,1.0,1,8,2,8700,87001,1,21,36,35620,0,2.0,1.0,,7,3,42,1.0,1,43,1,,1,2,1,2,57,57,57,1,0,0,2.0,1.0,,40.0,,40.0,,,,,,2.0,3.0,0.0,1,1.0,1.0,1.0,3000.0,2884.61,1.0,,,,,12597.257,3149.4866,8,2,0.0,1.0,0,0,38868,2,,,,2.0,,,3112.1774,9470.0,3850.0,-1,,,,,,,327089.0,2011,620,605,0,1,1,0,1,16.0,12.0,51.0,2011,MIS4_to_MIS8,new_york,0,2010-2011,1,0,0,0,retention
394917506049658,9,1.0,1,4,2,8700,87001,1,1,21,36,35620,103,2.0,1.0,,7,1,44,2.0,1,43,1,,1,1,1,1,2,57,57,57,1,0,0,1.0,1.0,,40.0,,40.0,,,,,,2.0,3.0,0.0,1,1.0,2.0,2.0,,1730.0,2.0,2.0,,,,13056.2653,3243.928,3,1,1.0,,0,0,25715,1,,,,2.0,,,3267.6419,9470.0,3850.0,-1,3.0,,,,,,330786.0,2010,608,605,0,0,1,0,0,16.0,12.0,51.0,2010,1.0,1,8,2,8700,87001,1,21,36,35620,103,2.0,1.0,,7,1,46,2.0,1,43,1,,1,1,1,2,57,57,57,1,0,0,1.0,1.0,,45.0,,77.0,,,,,,2.0,3.0,0.0,1,1.0,2.0,2.0,,1923.07,1.0,,,,,12702.2074,3088.5141,4,1,0.0,,0,0,13347,1,,,,2.0,,,3091.0187,9470.0,3850.0,7020,3.0,,,,,,327097.0,2011,620,605,0,0,0,1,0,16.0,12.0,51.0,2011,MIS4_to_MIS8,new_york,0,2010-2011,1,0,0,0,retention
394957400094618,9,1.0,1,4,2,8700,87001,1,1,21,36,45060,67,2.0,1.0,,4,3,40,1.0,2,44,1,,2,1,2,1,2,57,57,57,1,0,0,2.0,7.0,,,,,,2.0,,,,1.0,3.0,0.0,2,,,,,,,,,,,11272.5059,2775.7444,8,4,,,0,0,46399,2,,,,,,2.0,2841.2428,7860.0,2310.0,-1,,,,,,,330792.0,2010,608,605,0,1,1,0,1,18.0,8.0,40.0,2010,1.0,1,8,2,8700,87001,1,21,36,45060,67,2.0,1.0,,4,3,41,1.0,2,44,1,,1,2,1,2,57,57,57,1,0,0,2.0,1.0,,40.0,,40.0,,,,,,2.0,4.0,0.0,1,2.0,2.0,2.0,,900.0,2.0,2.0,,,,11376.866,2812.5971,8,4,0.0,,0,0,38798,2,,,,,,2.0,2816.3257,8470.0,230.0,-1,,,,,,,327103.0,2011,620,605,0,1,1,0,1,18.0,1.0,43.0,2011,MIS4_to_MIS8,new_york,0,2010-2011,0,1,0,1,retention
407901503899446,9,1.0,4,4,2,8700,87001,1,1,21,36,45060,67,2.0,1.0,,4,1,46,,2,44,1,,1,1,1,7,2,57,57,57,1,0,0,1.0,1.0,,40.0,,40.0,,,,,,2.0,3.0,0.0,1,2.0,2.0,2.0,,1285.0,1.0,,,,,11386.8482,2819.2343,4,1,1.0,,0,42,46400,1,,,,,,2.0,2803.8724,7860.0,2310.0,-1,,,,,,,330821.0,2010,608,605,0,0,0,1,0,18.0,8.0,40.0,2010,1.0,4,8,2,8700,87001,1,21,36,45060,67,2.0,1.0,,4,1,46,,2,44,1,,1,1,7,2,57,57,57,1,0,0,1.0,1.0,,40.0,,40.0,,,,,,2.0,2.0,0.0,1,2.0,2.0,2.0,,1418.0,1.0,,,,,11530.5343,2952.5977,4,1,1.0,,0,0,27120,1,,,,,,2.0,2908.457,7860.0,2310.0,-1,,,,,,,327129.0,2011,620,605,0,0,0,1,0,18.0,8.0,40.0,2011,MIS4_to_MIS8,new_york,0,2010-2011,1,0,0,0,retention
410962099437979,9,2.0,1,4,2,8700,87001,1,1,21,36,35620,0,2.0,1.0,,7,3,68,1.0,2,39,1,,2,1,2,1,2,57,57,57,1,0,0,1.0,1.0,,35.0,,35.0,,,,,,2.0,3.0,0.0,1,2.0,2.0,2.0,,480.0,1.0,,,,,12026.2964,2964.038,0,0,1.0,,0,0,46456,2,1.0,,,,,,2943.5944,7860.0,2540.0,-1,,,,,,,330829.0,2010,608,605,0,0,0,0,0,12.0,8.0,40.0,2010,2.0,1,8,2,8700,87001,1,21,36,35620,0,2.0,1.0,,7,3,69,1.0,2,39,1,,1,2,1,2,57,57,57,1,0,0,1.0,1.0,,40.0,,47.0,,,,,,2.0,3.0,0.0,1,2.0,2.0,2.0,,653.0,1.0,,,,,13489.788,3203.8344,0,0,1.0,,23,0,65076,2,1.0,,,,,,3143.7407,7860.0,2540.0,-1,,,,,,,327137.0,2011,620,605,0,0,0,0,0,12.0,8.0,40.0,2011,MIS4_to_MIS8,new_york,0,2010-2011,1,0,0,0,retention
700462098137719,9,2.0,7,4,2,8700,87001,1,1,21,36,35620,103,2.0,1.0,,7,2,61,,2,44,1,,2,0,0,5,2,57,57,57,1,0,0,1.0,1.0,,40.0,,40.0,,,,,,2.0,3.0,0.0,1,1.0,2.0,2.0,,1153.0,1.0,,,,,11243.4848,2908.5699,0,0,1.0,,0,0,64763,2,,,,,,2.0,2945.9326,7860.0,2320.0,-1,,,,,,,330937.0,2010,608,605,0,0,0,0,0,18.0,8.0,40.0,2010,2.0,7,8,2,8700,87001,1,21,36,35620,103,2.0,1.0,,7,2,63,,2,44,1,,0,0,5,2,57,57,57,1,0,0,1.0,1.0,,60.0,,50.0,,,,,,2.0,3.0,0.0,1,2.0,2.0,2.0,,2525.0,1.0,,,,,10715.0046,2753.0413,0,0,0.0,,0,0,1814,2,,,,,,3.0,2748.1812,7860.0,2320.0,-1,,,,,,,327248.0,2011,620,605,0,0,0,0,0,18.0,8.0,40.0,2011,MIS4_to_MIS8,new_york,0,2010-2011,1,0,0,0,retention
730600080622912,9,1.0,6,4,2,8700,87001,1,1,21,36,15380,0,2.0,1.0,,5,2,51,,1,40,1,,1,0,0,7,2,57,57,57,1,0,0,1.0,1.0,,40.0,,40.0,,,,,,2.0,2.0,0.0,1,1.0,1.0,1.0,480.0,75.42,1.0,,,,,12711.5839,3086.6462,0,0,0.0,1.0,0,0,64720,1,,,3.0,,,,3108.0313,7870.0,4220.0,-1,,,,,,,330948.0,2010,608,605,0,0,0,0,0,14.0,14.0,40.0,2010,1.0,6,8,2,8700,87001,1,21,36,15380,0,2.0,1.0,,5,2,52,,1,39,1,,0,0,7,2,57,57,57,1,0,0,1.0,1.0,,40.0,,38.0,,,,,,2.0,4.0,0.0,1,2.0,,1.0,1500.0,600.0,1.0,,,,,12032.0772,2943.8519,0,0,0.0,0.0,0,0,55218,1,1.0,,,,,,2927.9458,7870.0,4220.0,-1,,,,,,,327256.0,2011,620,605,0,0,0,0,0,12.0,14.0,40.0,2011,MIS4_to_MIS8,new_york,0,2010-2011,0,1,0,1,retention
730609954516489,9,2.0,1,4,2,8700,87001,1,1,21,36,35620,103,2.0,1.0,,7,3,28,1.0,1,39,1,,2,1,2,1,2,57,57,57,1,0,0,1.0,1.0,,40.0,,40.0,,,,,,2.0,3.0,0.0,1,2.0,1.0,1.0,3000.0,800.0,1.0,,,,,14120.0124,3517.6076,0,0,0.0,0.0,0,0,60433,2,1.0,,,,,,3536.5563,6080.0,6350.0,-1,,,,,,,330970.0,2010,608,605,0,0,0,0,0,12.0,19.0,23.0,2010,1.0,1,8,2,8700,87001,1,21,36,35620,103,2.0,1.0,,7,3,29,1.0,1,40,1,,1,2,1,2,57,57,57,1,0,0,1.0,1.0,,40.0,,40.0,,,,,,2.0,2.0,0.0,1,1.0,2.0,2.0,,1423.07,1.0,,,,,12855.9615,3213.4848,1,1,0.0,,0,0,27298,2,,,2.0,,,,3207.1927,6080.0,7050.0,-1,,,,,,,327280.0,2011,620,605,1,0,0,0,1,13.0,20.0,23.0,2011,MIS4_to_MIS8,new_york,0,2010-2011,1,0,0,0,retention
730609957252885,9,1.0,6,4,2,8700,87001,1,1,21,36,35620,119,2.0,1.0,,7,2,36,,1,44,1,4.0,1,0,0,7,2,364,364,364,4,0,8,1.0,1.0,,48.0,,40.0,,,,,,2.0,2.0,0.0,1,2.0,2.0,2.0,,1711.53,1.0,,,,,15699.8954,3874.952,0,0,0.0,,0,0,25774,1,,,,,,2.0,3929.2735,7860.0,2330.0,-1,,,,,,,330971.0,2010,608,605,0,0,0,0,0,18.0,8.0,40.0,2010,1.0,6,8,2,8700,87001,1,21,36,35620,119,2.0,1.0,,7,2,37,,1,44,1,4.0,0,0,7,2,364,364,364,4,0,8,1.0,1.0,,48.0,,40.0,,,,,,2.0,3.0,0.0,1,2.0,2.0,2.0,,1807.69,1.0,,,,,14053.7322,3457.6203,0,0,0.0,,0,0,13409,1,,,,,,2.0,3472.0025,7860.0,2330.0,-1,,,,,,,327282.0,2011,620,605,0,0,0,0,0,18.0,8.0,40.0,2011,MIS4_to_MIS8,new_york,0,2010-2011,1,0,0,0,retention
730609991563962,9,2.0,1,4,2,8700,87001,1,1,21,36,35620,103,2.0,1.0,,7,3,30,1.0,2,44,1,,2,1,2,1,2,57,57,57,1,0,0,2.0,2.0,8.0,40.0,,,,,,,,5.0,3.0,0.0,1,2.0,2.0,2.0,,1923.07,1.0,,,,,14080.5975,3410.6293,5,3,0.0,,0,0,37372,2,,,,,,2.0,3434.762,7860.0,2310.0,-1,,,,,,,330975.0,2010,608,605,1,1,0,0,1,18.0,8.0,40.0,2010,2.0,1,8,2,8700,87001,1,21,36,35620,103,2.0,1.0,,7,3,31,1.0,2,44,1,,1,2,1,2,57,57,57,1,0,0,2.0,1.0,,40.0,,40.0,,,,,,2.0,2.0,0.0,1,2.0,1.0,1.0,2600.0,1100.0,1.0,,,,,11715.8514,2993.0289,1,3,0.0,0.0,0,0,1817,2,,,,,,2.0,2957.2497,7860.0,2310.0,-1,,,,,,,327286.0,2011,620,605,1,0,0,0,1,18.0,8.0,40.0,2011,MIS4_to_MIS8,new_york,0,2010-2011,1,0,0,0,retention
770966090537849,9,1.0,1,4,2,8700,87001,1,1,21,36,35620,59,2.0,1.0,,7,4,18,,2,39,1,,5,1,3,7,2,57,57,57,1,0,0,2.0,1.0,,17.0,,17.0,,,20.0,,,7.0,3.0,0.0,1,2.0,,1.0,900.0,153.0,2.0,2.0,1.0,1.0,2.0,11395.8434,3413.5024,0,0,1.0,1.0,0,0,37207,5,1.0,,,,,,3268.3038,7070.0,5700.0,-1,,,,,2.0,1.0,330992.0,2010,608,605,0,0,0,0,0,12.0,17.0,34.0,2010,1.0,1,8,2,8700,87001,1,21,36,35620,59,2.0,1.0,,7,4,19,,2,40,1,,1,3,7,2,57,57,57,1,0,0,2.0,7.0,,,,,,,,,,1.0,4.0,0.0,2,,,,,,,,1.0,1.0,2.0,13026.2329,3298.496,0,0,,,0,0,47548,5,,,3.0,,,,3370.0427,9290.0,4600.0,-1,,,,,2.0,1.0,327305.0,2011,620,605,0,0,0,0,0,14.0,15.0,50.0,2011,MIS4_to_MIS8,new_york,0,2010-2011,0,1,0,1,retention
790963098237939,9,1.0,1,4,2,8700,87001,1,1,21,36,35620,103,2.0,1.0,,7,1,60,2.0,2,39,1,,1,1,1,1,2,57,57,57,1,0,0,1.0,1.0,,16.0,,30.0,,,19.0,,,7.0,3.0,0.0,1,2.0,1.0,1.0,1500.0,300.0,1.0,,,,,11243.4848,2908.5699,0,0,0.0,0.0,0,0,46486,1,1.0,,,,,,2945.9326,7860.0,4030.0,-1,,,,,,,330997.0,2010,608,605,0,0,0,0,0,12.0,13.0,40.0,2010,1.0,1,8,2,8700,87001,1,21,36,35620,103,2.0,1.0,,7,1,61,2.0,2,39,1,,1,1,1,2,57,57,57,1,0,0,1.0,1.0,,20.0,,20.0,,,23.0,,,7.0,3.0,0.0,1,2.0,1.0,1.0,1500.0,275.0,1.0,,,,,12339.8957,3170.5299,0,0,0.0,0.0,0,0,30393,1,1.0,,,,,,3164.9328,7860.0,4120.0,-1,,,,,,,327311.0,2011,620,605,0,0,0,0,0,12.0,13.0,40.0,2011,MIS4_to_MIS8,new_york,0,2010-2011,1,0,0,0,retention
871391639600655,9,1.0,4,4,2,8700,87001,1,1,21,36,35620,59,2.0,1.0,,7,1,69,,2,39,2,,1,1,1,6,2,57,57,57,1,0,0,1.0,1.0,,38.0,,38.0,,,,,,2.0,3.0,0.0,1,2.0,1.0,1.0,2400.0,369.0,1.0,,,,,6984.4174,2253.715,0,0,1.0,1.0,0,0,37204,1,1.0,,,,,,2234.6846,8190.0,3600.0,-1,,,,,,,331010.0,2010,608,605,0,0,0,0,0,12.0,11.0,41.0,2010,1.0,4,8,2,8700,87001,1,21,36,35620,59,2.0,1.0,,7,1,70,,2,39,2,,1,1,6,2,57,57,57,1,0,0,1.0,1.0,,38.0,,38.0,,,,,,2.0,4.0,0.0,1,2.0,1.0,1.0,2500.0,900.0,2.0,2.0,,,,9696.7986,2999.5658,0,0,0.0,0.0,0,0,47547,1,1.0,,,,,,2983.7892,8190.0,3600.0,-1,,,,,,,327323.0,2011,620,605,0,0,0,0,0,12.0,11.0,41.0,2011,MIS4_to_MIS8,new_york,0,2010-2011,0,1,0,1,retention
964046963379700,9,1.0,4,4,2,8700,87001,1,1,21,36,35620,119,2.0,1.0,,7,14,44,,1,39,1,,2,0,0,7,2,57,57,57,1,0,0,2.0,1.0,,40.0,,40.0,,,,,,2.0,3.0,0.0,1,2.0,,1.0,1452.0,580.8,1.0,,,,,13056.2653,3243.928,3,1,1.0,1.0,0,42,46513,2,1.0,,,,,,3267.6419,9470.0,3800.0,-1,,,,,,,331087.0,2010,608,605,0,0,1,0,0,12.0,12.0,51.0,2010,1.0,4,8,2,8700,87001,1,21,36,35620,119,2.0,1.0,,7,14,45,,1,39,1,,0,0,7,2,57,57,57,1,0,0,2.0,1.0,,60.0,,60.0,,,,,,2.0,2.0,0.0,1,1.0,2.0,2.0,,961.53,1.0,,,,,12702.2074,3088.5141,3,1,0.0,,0,0,47698,2,1.0,,,,,,3091.0187,9470.0,3800.0,-1,,,,,,,327397.0,2011,620,605,0,0,1,0,0,12.0,12.0,51.0,2011,MIS4_to_MIS8,new_york,0,2010-2011,1,0,0,0,retention
977046706379430,9,2.0,1,4,2,8700,87001,1,1,21,36,35620,59,2.0,1.0,,7,1,42,2.0,1,40,1,,1,1,1,1,2,57,57,57,1,0,0,1.0,1.0,,40.0,4.0,24.0,,,4.0,,,4.0,3.0,0.0,1,2.0,1.0,1.0,2900.0,1250.0,1.0,,,,,13056.2653,3243.928,5,2,0.0,0.0,0,0,28911,1,,,1.0,,,,3267.6419,9390.0,6320.0,-1,2.0,,,,,,331107.0,2010,608,605,1,1,0,0,1,12.0,19.0,51.0,2010,1.0,1,8,2,8700,87001,1,21,36,35620,59,2.0,1.0,,7,1,43,2.0,1,40,1,,1,1,1,2,57,57,57,1,0,0,1.0,1.0,,40.0,,40.0,,,,,,2.0,3.0,0.0,1,2.0,2.0,2.0,,650.0,1.0,,,,,12597.257,3149.4866,6,2,1.0,,0,0,65027,1,,,3.0,,,,3112.1774,6290.0,9620.0,-1,2.0,,,,,,327413.0,2011,620,605,1,0,1,0,1,14.0,22.0,23.0,2011,MIS4_to_MIS8,new_york,0,2010-2011,1,0,0,0,retention
11213760697494,9,2.0,1,4,2,8700,87001,1,1,21,36,0,0,3.0,2.0,,0,3,34,1.0,2,44,1,,2,1,2,1,2,57,57,57,1,0,0,2.0,1.0,,40.0,,40.0,,,,,,2.0,3.0,0.0,1,2.0,2.0,2.0,,1000.0,1.0,,,,,13717.2828,3322.6265,2,2,0.0,,0,0,970,2,,,,,,2.0,3346.1366,7860.0,2300.0,-1,,,,,,,331146.0,2010,608,605,0,1,0,0,1,18.0,8.0,40.0,2010,2.0,1,8,2,8700,87001,1,21,36,0,0,3.0,2.0,,0,3,35,1.0,2,43,1,,1,2,1,2,57,57,57,1,0,0,2.0,1.0,,40.0,,40.0,,,,,,2.0,3.0,0.0,1,2.0,2.0,2.0,,900.0,1.0,,,,,13335.5125,3284.0851,8,2,0.0,,0,0,17305,2,,,,2.0,,,3301.1857,7860.0,2300.0,-1,,,,,,,327458.0,2011,620,605,0,1,1,0,1,16.0,8.0,40.0,2011,MIS4_to_MIS8,new_york,0,2010-2011,1,0,0,0,retention
410961064137729,9,2.0,4,4,2,8700,87001,1,1,21,36,0,0,3.0,2.0,,0,1,20,,2,40,1,,1,1,1,7,2,57,57,57,1,0,0,2.0,7.0,,,,,,,,,,1.0,3.0,0.0,2,,,,,,,,1.0,1.0,2.0,13091.4831,3528.871,0,0,,,0,0,60262,1,,,3.0,,,,3466.7661,9480.0,2010.0,-1,,,,,2.0,2.0,331177.0,2010,608,605,0,0,0,0,0,14.0,6.0,51.0,2010,2.0,4,8,2,8700,87001,1,21,36,0,0,3.0,2.0,,0,1,21,,2,40,1,,1,1,7,2,57,57,57,1,0,0,2.0,7.0,,,,,,,,,,1.0,,,2,,,,,,,,1.0,1.0,2.0,12946.3077,3563.6463,0,0,,,0,0,26919,1,,,3.0,,,,3553.632,,,-1,,,,,2.0,2.0,327487.0,2011,620,605,0,0,0,0,0,14.0,,,2011,MIS4_to_MIS8,new_york,0,2010-2011,0,1,0,0,retention
410961064137729,9,2.0,4,4,2,8700,87001,1,1,21,36,0,0,3.0,2.0,,0,6,44,3.0,2,40,1,,2,2,1,1,2,57,57,57,1,0,0,1.0,1.0,,35.0,,35.0,,,,,,2.0,2.0,0.0,1,2.0,2.0,2.0,,615.38,1.0,,,,,11330.9585,2864.3261,3,1,0.0,,0,0,60262,2,,,2.0,,,,2848.1717,9480.0,2010.0,-1,,,,,,,331179.0,2010,608,605,0,0,1,0,0,13.0,6.0,51.0,2010,2.0,4,8,2,8700,87001,1,21,36,0,0,3.0,2.0,,0,6,45,3.0,2,39,1,,2,1,1,2,57,57,57,1,0,0,1.0,1.0,,35.0,,35.0,,,,,,2.0,3.0,0.0,1,2.0,2.0,2.0,,576.92,1.0,,,,,11548.2026,2957.122,3,1,0.0,,0,0,26919,2,1.0,,,,,,2912.9137,8370.0,2010.0,-1,,,,,,,327489.0,2011,620,605,0,0,1,0,0,12.0,6.0,43.0,2011,MIS4_to_MIS8,new_york,0,2010-2011,1,0,0,0,retention
699410142170673,9,2.0,1,4,2,8700,87001,1,1,21,36,0,0,3.0,2.0,,0,3,56,1.0,2,43,1,,2,1,2,1,2,57,57,57,1,0,0,1.0,1.0,,40.0,,40.0,,,,,,2.0,2.0,0.0,1,1.0,2.0,2.0,,1153.0,1.0,,,,,10409.7755,2711.4238,0,0,1.0,,0,0,39834,2,,,,2.0,,,2741.0903,9470.0,3710.0,-1,,,,,,,331210.0,2010,608,605,0,0,0,0,0,16.0,12.0,51.0,2010,1.0,1,8,2,8700,87001,1,21,36,0,0,3.0,2.0,,0,3,57,1.0,2,43,1,,1,2,1,2,57,57,57,1,0,0,2.0,1.0,,38.0,,38.0,,,,,,2.0,2.0,0.0,1,2.0,2.0,2.0,,1711.0,1.0,,,,,10955.8349,2854.6237,0,0,1.0,,0,0,26918,2,,,,2.0,,,2808.8456,9470.0,3710.0,-1,,,,,,,327520.0,2011,620,605,0,0,0,0,0,16.0,12.0,51.0,2011,MIS4_to_MIS8,new_york,0,2010-2011,1,0,0,0,retention
840967099437379,9,1.0,4,4,2,8700,87001,1,1,21,36,0,0,3.0,2.0,,0,1,56,,2,41,1,,1,1,1,5,2,57,57,57,1,0,0,1.0,1.0,,40.0,,40.0,,,,,,2.0,3.0,0.0,1,2.0,,1.0,1500.0,600.0,2.0,2.0,,,,10409.7755,2711.4238,4,1,0.0,0.0,0,0,37051,1,,,3.0,,,,2741.0903,9380.0,5220.0,-1,,,,,,,331244.0,2010,608,605,0,0,0,1,0,14.0,17.0,51.0,2010,1.0,4,8,2,8700,87001,1,21,36,0,0,3.0,2.0,,0,1,57,,2,41,1,,1,1,5,2,57,57,57,1,0,0,1.0,1.0,,38.0,4.0,30.0,,,4.0,,,4.0,3.0,0.0,1,2.0,2.0,2.0,,700.0,1.0,,,,,10955.8349,2854.6237,0,0,0.0,,0,0,4902,1,,,3.0,,,,2808.8456,9370.0,800.0,-1,,,,,,,327560.0,2011,620,605,0,0,0,0,0,14.0,2.0,51.0,2011,MIS4_to_MIS8,new_york,0,2010-2011,1,0,0,0,retention
933046995379380,9,1.0,7,4,2,8700,87001,1,1,21,36,0,0,3.0,2.0,,0,2,23,,2,39,2,,1,0,0,7,2,57,57,57,1,0,0,1.0,1.0,,40.0,,40.0,,,,,,2.0,2.0,0.0,1,2.0,2.0,2.0,,480.76,2.0,2.0,2.0,,,14428.2146,3540.9713,0,0,0.0,,0,0,37099,1,1.0,,,,,,3450.8575,8270.0,3500.0,-1,,,,,,,331270.0,2010,608,605,0,0,0,0,0,12.0,10.0,42.0,2010,1.0,7,8,2,8700,87001,1,21,36,0,0,3.0,2.0,,0,2,25,,2,39,2,,0,0,7,2,57,57,57,1,0,0,1.0,1.0,,40.0,,40.0,,,,,,2.0,4.0,0.0,1,2.0,,1.0,1125.0,450.0,1.0,,,,,15938.0338,3950.94,0,0,1.0,1.0,0,42,26921,1,1.0,,,,,,3958.2819,8270.0,3600.0,-1,,,,,,,327586.0,2011,620,605,0,0,0,0,0,12.0,11.0,42.0,2011,MIS4_to_MIS8,new_york,0,2010-2011,0,1,0,1,retention
976959970959309,9,1.0,1,4,2,8700,87001,1,1,21,36,0,0,3.0,2.0,,0,3,72,1.0,1,39,1,,2,1,2,1,2,57,57,57,1,0,0,2.0,1.0,,10.0,,10.0,,,21.0,,,7.0,3.0,0.0,1,2.0,,1.0,1200.0,120.0,2.0,2.0,,,,12770.6938,3119.141,0,0,0.0,0.0,0,0,46293,2,1.0,,,,,,3062.0935,9470.0,3940.0,-1,,,,,,,331292.0,2010,608,605,0,0,0,0,0,12.0,12.0,51.0,2010,2.0,1,8,2,8700,87001,1,21,36,0,0,3.0,2.0,,0,3,73,1.0,1,39,1,,1,2,1,2,57,57,57,1,0,0,1.0,1.0,,20.0,,20.0,,,21.0,,,7.0,3.0,0.0,1,2.0,,1.0,1100.0,220.0,2.0,2.0,,,,11427.3311,2754.6775,0,0,0.0,0.0,0,0,59147,2,1.0,,,,,,2747.5001,7860.0,3930.0,-1,,,,,,,327607.0,2011,620,605,0,0,0,0,0,12.0,12.0,40.0,2011,MIS4_to_MIS8,new_york,0,2010-2011,1,0,0,0,retention
392977709050608,9,2.0,1,4,2,8700,87001,1,1,21,36,39100,71,,1.0,,4,3,38,1.0,2,44,1,,2,1,2,1,2,57,57,57,1,0,0,2.0,1.0,,45.0,,37.0,,,,,,2.0,2.0,0.0,1,2.0,2.0,2.0,,2115.38,1.0,,,,,12569.737,3171.6611,3,2,0.0,,0,42,61914,2,,,,,,2.0,3159.5535,7860.0,2310.0,-1,,,,,,,331356.0,2010,608,605,0,0,1,0,0,18.0,8.0,40.0,2010,2.0,1,8,2,8700,87001,1,21,36,39100,71,,1.0,,4,3,39,1.0,2,44,1,,1,2,1,2,57,57,57,1,0,0,1.0,1.0,,40.0,,40.0,,,,,,2.0,4.0,0.0,1,2.0,2.0,2.0,,1418.0,1.0,,,,,13785.6275,3394.9332,3,2,1.0,,0,42,47609,2,,,,,,2.0,3412.6109,7860.0,2310.0,-1,,,,,,,327655.0,2011,620,605,0,0,1,0,0,18.0,8.0,40.0,2011,MIS4_to_MIS8,new_york,0,2010-2011,0,1,0,1,retention
396917806044658,9,1.0,4,4,2,8700,87001,1,1,21,36,13780,0,,1.0,,3,7,24,5.0,1,43,1,,6,3,2,1,2,164,164,164,4,0,15,2.0,1.0,,40.0,,40.0,,,,,,2.0,2.0,0.0,1,2.0,2.0,2.0,,673.0,1.0,,2.0,,,14722.5586,3579.9488,0,0,1.0,,0,0,60230,6,,,,2.0,,,3598.4792,770.0,6530.0,-1,,,,,3.0,1.0,331362.0,2010,608,605,0,0,0,0,0,16.0,19.0,4.0,2010,1.0,4,8,2,8700,87001,1,21,36,13780,0,,1.0,,3,7,25,5.0,1,43,1,,3,2,1,2,164,164,164,4,0,15,2.0,1.0,,40.0,,50.0,,,,,,2.0,2.0,0.0,1,2.0,2.0,2.0,,915.0,2.0,2.0,,,,12417.1741,3103.8052,0,0,1.0,,0,42,38643,6,,,,2.0,,,3097.7279,770.0,1360.0,-1,,,,,3.0,1.0,327661.0,2011,620,605,0,0,0,0,0,16.0,4.0,4.0,2011,MIS4_to_MIS8,new_york,0,2010-2011,1,0,0,0,retention
699680429470973,9,1.0,1,4,2,8700,87001,1,1,21,36,46540,0,,1.0,,3,1,32,2.0,1,42,1,2.0,1,1,1,1,2,57,57,57,1,0,0,1.0,1.0,,40.0,4.0,24.0,,,4.0,,,4.0,3.0,0.0,1,2.0,2.0,2.0,,1200.0,1.0,,,,,17168.5529,4284.4171,0,0,0.0,,0,0,25588,1,,,3.0,,,,4300.1063,9470.0,3820.0,-1,,,,,,,331384.0,2010,608,605,0,0,0,0,0,14.0,12.0,51.0,2010,2.0,1,8,2,8700,87001,1,21,36,46540,0,,1.0,,3,1,33,2.0,1,42,1,2.0,1,1,1,2,57,57,57,1,0,0,1.0,1.0,,40.0,,35.0,,,,,,2.0,3.0,0.0,1,1.0,1.0,1.0,1000.0,1442.3,1.0,,,,,11852.8878,2993.9272,0,0,0.0,1.0,0,0,13193,1,,,3.0,,,,2956.9547,9470.0,3820.0,-1,,,,,,,327680.0,2011,620,605,0,0,0,0,0,14.0,12.0,51.0,2011,MIS4_to_MIS8,new_york,0,2010-2011,1,0,0,0,retention
699680429470973,9,1.0,1,4,2,8700,87001,1,1,21,36,46540,0,,1.0,,3,3,29,1.0,2,44,1,,2,1,2,1,2,57,57,57,1,0,0,2.0,1.0,,24.0,,36.0,,,,,,2.0,2.0,0.0,1,2.0,1.0,1.0,3600.0,1200.0,2.0,2.0,,,,13948.2599,3364.5966,0,0,0.0,1.0,0,0,25588,2,,,,,,2.0,3402.4802,7860.0,2010.0,2010,,,,,,,331385.0,2010,608,605,0,0,0,0,0,18.0,6.0,40.0,2010,2.0,1,8,2,8700,87001,1,21,36,46540,0,,1.0,,3,3,30,1.0,2,44,1,,1,2,1,2,57,57,57,1,0,0,2.0,1.0,,40.0,,40.0,,,,,,2.0,3.0,0.0,1,2.0,2.0,2.0,,1000.0,1.0,,,,,11927.5053,3047.0998,0,0,0.0,,0,0,13193,2,,,,,,2.0,3010.6742,7860.0,2010.0,-1,,,,,,,327681.0,2011,620,605,0,0,0,0,0,18.0,6.0,40.0,2011,MIS4_to_MIS8,new_york,0,2010-2011,1,0,0,0,retention
730609972079580,9,2.0,1,4,2,8700,87001,1,1,21,36,39100,71,,1.0,,4,1,48,2.0,2,43,1,,1,1,1,1,2,57,57,57,1,0,0,1.0,1.0,,22.0,,18.0,,,18.0,,,7.0,3.0,0.0,1,2.0,2.0,2.0,,1625.0,2.0,2.0,,,,12061.4499,2986.2568,10,2,1.0,,0,42,25612,1,,,,2.0,,,2969.9848,9480.0,3150.0,-1,3.0,,,,,,331388.0,2010,608,605,0,0,1,1,0,16.0,10.0,51.0,2010,3.0,1,8,2,8700,87001,1,21,36,39100,71,,1.0,,4,1,49,2.0,2,43,1,,1,1,1,2,57,57,57,1,0,0,1.0,1.0,,30.0,,3.0,,,18.0,,,7.0,7.0,0.0,2,,,,,,,,,,,12700.7509,3056.934,10,2,,,0,0,38807,1,,,,2.0,,,3011.2336,8090.0,3150.0,-1,3.0,,,,,,327693.0,2011,620,605,0,0,1,1,0,16.0,10.0,42.0,2011,MIS4_to_MIS8,new_york,0,2010-2011,0,1,0,1,retention
907906323894706,9,3.0,1,4,2,8700,87001,1,1,21,36,46540,0,,1.0,,3,4,36,,2,39,7,,3,2,1,5,2,57,57,57,1,0,0,2.0,1.0,,30.0,,30.0,,,22.0,,,7.0,3.0,0.0,1,2.0,,1.0,805.0,241.5,1.0,,,,,9747.0415,2400.7142,3,1,0.0,0.0,0,0,54247,3,1.0,,,,,,2450.0353,7860.0,2540.0,-1,,,,,1.0,1.0,331402.0,2010,608,605,0,0,1,0,0,12.0,8.0,40.0,2010,1.0,1,8,2,8700,87001,1,21,36,46540,0,,1.0,,3,4,37,,2,39,7,,2,1,5,2,57,57,57,1,0,0,2.0,1.0,,30.0,,30.0,,,22.0,,,7.0,3.0,0.0,1,2.0,,1.0,800.0,240.0,1.0,,,,,10375.3053,2619.4582,3,1,0.0,0.0,0,0,38795,3,1.0,,,,,,2568.3909,7860.0,2540.0,-1,,,,,1.0,1.0,327708.0,2011,620,605,0,0,1,0,0,12.0,8.0,40.0,2011,MIS4_to_MIS8,new_york,0,2010-2011,1,0,0,0,retention
926769870949304,9,2.0,1,4,2,8700,87001,1,1,21,36,46540,0,,1.0,,3,1,56,2.0,1,39,6,1.0,1,1,1,1,2,57,57,57,1,0,0,1.0,1.0,,40.0,,40.0,,,,,,2.0,2.0,0.0,1,2.0,1.0,1.0,845.0,317.0,1.0,,,,,16097.171,4163.0639,0,0,1.0,1.0,0,0,25586,1,1.0,,,,,,4167.8275,9470.0,3800.0,-1,,,,,,,331413.0,2010,608,605,0,0,0,0,0,12.0,12.0,51.0,2010,1.0,1,8,2,8700,87001,1,21,36,46540,0,,1.0,,3,1,57,2.0,1,39,6,1.0,1,1,1,2,57,57,57,1,0,0,1.0,1.0,,40.0,,40.0,,,,,,2.0,2.0,0.0,1,2.0,2.0,2.0,,1153.0,1.0,,,,,15898.2014,4028.6642,0,0,1.0,,0,0,38796,1,1.0,,,,,,3909.3175,9480.0,2000.0,-1,,,,,,,327718.0,2011,620,605,0,0,0,0,0,12.0,6.0,51.0,2011,MIS4_to_MIS8,new_york,0,2010-2011,1,0,0,0,retention
936086943379070,9,1.0,1,4,2,8700,87001,1,1,21,36,28740,111,,1.0,,2,3,58,1.0,2,43,1,,2,1,2,1,2,57,57,57,1,0,0,2.0,1.0,,20.0,,20.0,,,21.0,,,7.0,3.0,0.0,1,2.0,1.0,1.0,1400.0,333.33,2.0,2.0,,,,10725.4285,2793.6416,0,0,0.0,0.0,0,0,25747,2,,,,1.0,1.0,,2824.2077,7860.0,4650.0,-1,,,,,,,331417.0,2010,608,605,0,0,0,0,0,18.0,15.0,40.0,2010,1.0,1,8,2,8700,87001,1,21,36,28740,111,,1.0,,2,3,59,1.0,2,43,1,,1,2,1,2,57,57,57,1,0,0,2.0,1.0,,20.0,,20.0,,,21.0,,,7.0,2.0,0.0,1,2.0,1.0,1.0,1400.0,255.81,1.0,,,,,11367.9618,2962.0064,0,0,0.0,0.0,0,0,4972,2,,,,1.0,1.0,,2914.5063,7860.0,3930.0,-1,,,,,,,327722.0,2011,620,605,0,0,0,0,0,18.0,12.0,40.0,2011,MIS4_to_MIS8,new_york,0,2010-2011,1,0,0,0,retention
969056969379580,9,1.0,1,4,2,8700,87001,1,1,21,36,13780,0,,1.0,,3,1,63,2.0,2,40,1,,1,1,1,1,2,57,57,57,1,0,0,1.0,1.0,,27.0,,27.0,,,22.0,,,7.0,3.0,0.0,1,2.0,,1.0,800.0,216.0,1.0,,,,,11145.1822,2883.1401,0,0,0.0,0.0,0,0,961,1,,,2.0,,,,2920.1761,7860.0,2540.0,-1,,,,,,,331439.0,2010,608,605,0,0,0,0,0,13.0,8.0,40.0,2010,1.0,1,8,2,8700,87001,1,21,36,13780,0,,1.0,,3,1,63,2.0,2,40,1,,1,1,1,2,57,57,57,1,0,0,1.0,1.0,,28.0,,28.0,,,22.0,,,7.0,3.0,0.0,1,2.0,2.0,2.0,,211.1,1.0,,,,,10908.5776,2802.7766,0,0,0.0,,0,0,38644,1,,,2.0,,,,2797.8288,7860.0,4600.0,-1,,,,,,,327740.0,2011,620,605,0,0,0,0,0,13.0,15.0,40.0,2011,MIS4_to_MIS8,new_york,0,2010-2011,1,0,0,0,retention
976469070389303,9,1.0,1,4,2,8700,87001,1,1,21,36,28740,111,,1.0,,2,4,19,,2,40,1,,3,1,3,7,2,57,57,57,1,0,0,2.0,7.0,,,,,,,,,,1.0,3.0,0.0,2,,,,,,,,1.0,1.0,2.0,14418.0108,3426.2615,0,0,,,0,0,46494,3,,,2.0,,,,3510.5379,8590.0,4430.0,-1,,,,,2.0,1.0,331445.0,2010,608,605,0,0,0,0,0,13.0,15.0,44.0,2010,4.0,1,8,2,8700,87001,1,21,36,28740,111,,1.0,,2,4,20,,2,40,1,,1,3,7,2,57,57,57,1,0,0,2.0,7.0,,,,,,,,,,1.0,4.0,0.0,2,,,,,,,,1.0,1.0,2.0,13433.3104,3697.7004,0,0,,,0,0,61791,3,,,2.0,,,,3687.3093,7670.0,5940.0,-1,,,,,2.0,1.0,327747.0,2011,620,605,0,0,0,0,0,13.0,17.0,38.0,2011,MIS4_to_MIS8,new_york,0,2010-2011,0,1,0,1,retention
60922099947329,9,1.0,6,4,2,8700,87001,1,1,23,42,21500,49,1.0,1.0,,3,2,56,,1,39,1,,1,0,0,7,2,57,57,57,1,0,0,1.0,1.0,,40.0,,40.0,,,,,,2.0,3.0,0.0,1,2.0,,1.0,800.0,320.0,2.0,2.0,,,,10557.0529,2745.0329,0,0,0.0,0.0,0,0,4490,1,1.0,,,,,,2733.398,7860.0,4220.0,-1,,,,,,,334711.0,2010,608,605,0,0,0,0,0,12.0,14.0,40.0,2010,1.0,6,8,2,8700,87001,1,23,42,21500,49,1.0,1.0,,3,2,57,,1,39,1,,0,0,7,2,57,57,57,1,0,0,1.0,1.0,,35.0,,35.0,,,,,,2.0,3.0,0.0,1,2.0,,1.0,1050.0,262.5,1.0,,,,,10141.8148,2522.115,0,0,0.0,0.0,0,0,28022,1,1.0,,,,,,2493.8402,7860.0,8610.0,-1,,,,,,,330923.0,2011,620,605,0,0,0,0,0,12.0,21.0,40.0,2011,MIS4_to_MIS8,pennsylvania,0,2010-2011,1,0,0,0,retention
178495179200624,9,1.0,4,4,2,8700,87001,1,1,23,42,37980,45,2.0,1.0,,7,10,23,,2,43,1,,3,0,0,7,2,57,57,57,1,0,0,2.0,1.0,,40.0,,40.0,,,,,,2.0,2.0,0.0,1,2.0,2.0,2.0,,550.0,2.0,2.0,2.0,,,14973.9695,3655.4861,0,0,0.0,,0,0,37960,3,,,,2.0,,,3674.7353,7860.0,2310.0,-1,,,,,,1.0,334993.0,2010,608,605,0,0,0,0,0,16.0,8.0,40.0,2010,1.0,4,8,2,8700,87001,1,23,42,37980,45,2.0,1.0,,7,10,24,,2,43,1,,0,0,7,2,57,57,57,1,0,0,2.0,1.0,,40.0,,40.0,,,,,,2.0,2.0,0.0,1,2.0,2.0,2.0,,1093.75,1.0,,2.0,,,18301.5454,4346.4886,0,0,1.0,,0,0,48085,3,,,,2.0,,,4351.0992,7860.0,2310.0,-1,,,,,,1.0,331179.0,2011,620,605,0,0,0,0,0,16.0,8.0,40.0,2011,MIS4_to_MIS8,pennsylvania,0,2010-2011,1,0,0,0,retention
290720091947509,9,1.0,1,4,2,8700,87001,1,1,23,42,37980,17,2.0,1.0,,7,1,62,2.0,2,39,1,,1,1,1,1,2,57,57,57,1,0,0,1.0,1.0,,38.0,,38.0,,,,,,2.0,2.0,0.0,1,2.0,2.0,2.0,,1169.0,2.0,2.0,,,,11289.3103,2934.7193,3,1,1.0,,0,42,60741,1,1.0,,,,,,2957.9395,9490.0,730.0,-1,,,,,,,335044.0,2010,608,605,0,0,1,0,0,12.0,2.0,51.0,2010,2.0,1,8,2,8700,87001,1,23,42,37980,17,2.0,1.0,,7,1,64,2.0,2,39,1,,1,1,1,2,57,57,57,1,0,0,2.0,1.0,,38.0,,38.0,,,,,,2.0,2.0,0.0,1,2.0,2.0,2.0,,1538.0,2.0,2.0,,,,10415.502,2663.1436,3,1,1.0,,0,42,27968,1,1.0,,,,,,2671.3649,9490.0,1965.0,-1,,,,,,,331236.0,2011,620,605,0,0,1,0,0,12.0,5.0,51.0,2011,MIS4_to_MIS8,pennsylvania,0,2010-2011,1,0,0,0,retention
299150478740974,9,1.0,1,4,2,8700,87001,1,1,23,42,10900,0,2.0,1.0,,4,1,39,2.0,2,44,1,,1,1,1,1,2,57,57,57,1,0,0,1.0,1.0,,40.0,,40.0,,,,,,2.0,3.0,0.0,1,2.0,2.0,2.0,,1538.0,1.0,,,,,11991.5909,3040.5908,8,2,1.0,,0,0,26603,1,,,,,,3.0,3014.2296,7860.0,2320.0,-1,,,,,,,335055.0,2010,608,605,0,1,1,0,1,18.0,8.0,40.0,2010,1.0,1,8,2,8700,87001,1,23,42,10900,0,2.0,1.0,,4,1,40,2.0,2,44,1,,1,1,1,2,57,57,57,1,0,0,1.0,1.0,,50.0,,50.0,,,,,,2.0,3.0,0.0,1,2.0,2.0,2.0,,1333.33,1.0,,,,,13368.9624,3289.0964,8,2,0.0,,0,0,48142,1,,,,,,3.0,3309.4661,7860.0,2320.0,-1,,,,,,,331249.0,2011,620,605,0,1,1,0,1,18.0,8.0,40.0,2011,MIS4_to_MIS8,pennsylvania,0,2010-2011,1,0,0,0,retention
299150478740974,9,1.0,1,4,2,8700,87001,1,1,23,42,10900,0,2.0,1.0,,4,3,39,1.0,1,44,1,,2,1,2,1,2,57,120,120,1,0,0,2.0,1.0,,50.0,,50.0,,,,,,2.0,3.0,0.0,1,2.0,2.0,2.0,,2884.0,1.0,,,,,10574.2621,2642.3507,8,2,1.0,,0,0,26603,2,,,,,,3.0,2646.4614,7860.0,230.0,-1,,,,,,,335056.0,2010,608,605,0,1,1,0,1,18.0,1.0,40.0,2010,1.0,1,8,2,8700,87001,1,23,42,10900,0,2.0,1.0,,4,3,40,1.0,1,44,1,,1,2,1,2,57,120,120,1,0,0,2.0,1.0,,60.0,,60.0,,,,,,2.0,3.0,0.0,1,2.0,2.0,2.0,,1500.0,2.0,2.0,,,,15873.7179,3949.4484,8,2,0.0,,0,0,48142,2,,,,,,3.0,3921.6336,7860.0,230.0,-1,,,,,,,331250.0,2011,620,605,0,1,1,0,1,18.0,1.0,40.0,2011,MIS4_to_MIS8,pennsylvania,0,2010-2011,1,0,0,0,retention
299650266150974,9,1.0,1,4,2,8700,87001,1,1,23,42,42540,0,2.0,1.0,,4,1,61,2.0,1,39,1,,1,1,1,1,2,57,57,57,1,0,0,1.0,2.0,4.0,40.0,,,,,,,,5.0,3.0,0.0,1,1.0,2.0,2.0,,769.0,1.0,,,,,10267.0795,2702.3001,0,0,1.0,,0,0,37992,1,1.0,,,,,,2699.0532,9470.0,3850.0,-1,4.0,,,,,,335065.0,2010,608,605,0,0,0,0,0,12.0,12.0,51.0,2010,1.0,1,8,2,8700,87001,1,23,42,42540,0,2.0,1.0,,4,1,62,2.0,1,39,1,,1,1,1,2,57,57,57,1,0,0,1.0,2.0,4.0,40.0,,,,,,,,5.0,3.0,0.0,1,1.0,2.0,2.0,,1240.38,1.0,,,,,9730.5411,2487.3832,0,0,0.0,,0,0,48113,1,1.0,,,,,,2496.8294,9470.0,3850.0,-1,4.0,,,,,,331258.0,2011,620,605,0,0,0,0,0,12.0,12.0,51.0,2011,MIS4_to_MIS8,pennsylvania,0,2010-2011,1,0,0,0,retention
630920092047069,9,1.0,7,4,2,8700,87001,1,1,23,42,38300,19,2.0,1.0,,5,2,56,,2,43,1,,1,0,0,6,2,57,57,57,1,0,0,1.0,1.0,,40.0,4.0,32.0,,,4.0,,,4.0,2.0,0.0,1,2.0,2.0,2.0,,1972.97,1.0,,,,,10520.8815,2753.7769,0,0,0.0,,0,0,37910,1,,,,1.0,1.0,,2770.3466,7860.0,2320.0,-1,,,,,,,335223.0,2010,608,605,0,0,0,0,0,18.0,8.0,40.0,2010,1.0,7,8,2,8700,87001,1,23,42,38300,19,2.0,1.0,,5,2,57,,2,43,1,,0,0,6,2,57,57,57,1,0,0,1.0,5.0,,,,,,,,,,1.0,3.0,0.0,2,,,,,,,,,,,11247.2416,2790.2643,0,0,,,0,0,14135,1,,,,1.0,1.0,,2859.7222,7860.0,2320.0,-1,,,,,,,331405.0,2011,620,605,0,0,0,0,0,18.0,8.0,40.0,2011,MIS4_to_MIS8,pennsylvania,0,2010-2011,1,0,0,0,retention
640927098247719,9,1.0,1,4,2,8700,87001,1,1,23,42,37980,17,2.0,1.0,,7,3,36,1.0,1,44,1,,2,1,2,1,2,57,57,57,1,0,0,2.0,1.0,,45.0,,50.0,,,,,,2.0,3.0,0.0,1,2.0,2.0,2.0,,1538.46,1.0,,,,,11131.027,2781.4779,8,3,0.0,,0,0,26426,2,,,,,,2.0,2785.8051,7860.0,230.0,-1,,,,,,,335227.0,2010,608,605,0,1,1,0,1,18.0,1.0,40.0,2010,1.0,1,8,2,8700,87001,1,23,42,37980,17,2.0,1.0,,7,3,37,1.0,1,44,1,,1,2,1,2,57,57,57,1,0,0,1.0,1.0,,60.0,,64.0,,,,,,2.0,3.0,0.0,1,2.0,2.0,2.0,,2384.61,1.0,,,,,15429.8091,3803.2277,8,3,0.0,,0,0,14123,2,,,,,,3.0,3811.965,7860.0,230.0,-1,,,,,,,331411.0,2011,620,605,0,1,1,0,1,18.0,1.0,40.0,2011,MIS4_to_MIS8,pennsylvania,0,2010-2011,1,0,0,0,retention
707903074892772,9,1.0,1,4,2,8700,87001,1,1,23,42,37980,17,2.0,1.0,,7,1,43,2.0,1,44,1,,1,1,1,1,2,57,57,57,1,0,0,1.0,1.0,,50.0,,50.0,,,,,,2.0,3.0,0.0,1,2.0,2.0,2.0,,2250.0,1.0,,,,,11587.7533,2893.1574,10,2,0.0,,0,0,13522,1,,,,,,2.0,2900.1118,7860.0,230.0,-1,,,,,,,335239.0,2010,608,605,0,0,1,1,0,18.0,1.0,40.0,2010,1.0,1,8,2,8700,87001,1,23,42,37980,17,2.0,1.0,,7,1,44,2.0,1,44,1,,1,1,1,2,57,57,57,1,0,0,1.0,1.0,,50.0,,50.0,,,,,,2.0,3.0,0.0,1,2.0,2.0,2.0,,2288.46,1.0,,,,,16581.2969,4125.4971,4,2,0.0,,0,0,55619,1,,,,,,2.0,4096.4424,7860.0,230.0,-1,,,,,,,331421.0,2011,620,605,0,0,0,1,0,18.0,1.0,40.0,2011,MIS4_to_MIS8,pennsylvania,0,2010-2011,1,0,0,0,retention
707903074892772,9,1.0,1,4,2,8700,87001,1,1,23,42,37980,17,2.0,1.0,,7,3,47,1.0,2,44,1,,2,1,2,1,2,57,120,57,1,0,0,2.0,1.0,,50.0,,60.0,,,,,,2.0,3.0,0.0,1,2.0,2.0,2.0,,1681.81,1.0,,,,,12110.6092,3013.1046,10,2,0.0,,0,0,13522,2,,,,,,2.0,2982.0897,7860.0,2310.0,-1,,,,,,,335240.0,2010,608,605,0,0,1,1,0,18.0,8.0,40.0,2010,1.0,1,8,2,8700,87001,1,23,42,37980,17,2.0,1.0,,7,3,48,1.0,2,44,1,,1,2,1,2,57,120,57,1,0,0,2.0,1.0,,50.0,,50.0,,,,,,2.0,3.0,0.0,1,2.0,2.0,2.0,,1519.23,1.0,,,,,11604.3032,2957.113,4,2,0.0,,0,0,55619,2,,,,,,2.0,2927.0645,7860.0,2310.0,-1,,,,,,,331422.0,2011,620,605,0,0,0,1,0,18.0,8.0,40.0,2011,MIS4_to_MIS8,pennsylvania,0,2010-2011,1,0,0,0,retention
902019070136407,9,2.0,1,4,2,8700,87001,1,1,23,42,38300,0,2.0,1.0,,5,1,57,2.0,1,39,1,,1,1,1,1,2,57,57,57,1,0,0,2.0,1.0,,38.0,,38.0,,,,,,2.0,2.0,0.0,1,2.0,,1.0,2150.0,817.0,1.0,,,,,11172.9032,2905.1656,0,0,1.0,1.0,0,0,60726,1,1.0,,,,,,2892.852,770.0,6320.0,-1,,,,,,,335302.0,2010,608,605,0,0,0,0,0,12.0,19.0,4.0,2010,2.0,1,8,2,8700,87001,1,23,42,38300,0,2.0,1.0,,5,1,58,2.0,1,39,1,,1,1,1,2,57,57,57,1,0,0,2.0,5.0,,,,,,,,,,1.0,2.0,0.0,2,,,,,,,,,,,10034.2321,2573.8925,0,0,,,0,0,39396,1,1.0,,,,,,2710.6938,770.0,9130.0,-1,,,,,,,331489.0,2011,620,605,0,0,0,0,0,12.0,22.0,4.0,2011,MIS4_to_MIS8,pennsylvania,0,2010-2011,1,0,0,0,retention
120925090447489,9,2.0,1,4,2,8700,87001,1,1,23,42,0,55,3.0,2.0,,0,3,63,1.0,2,39,1,,2,1,2,1,2,57,57,57,1,0,0,1.0,2.0,4.0,36.0,,,,,,,,5.0,3.0,0.0,1,2.0,,1.0,1311.0,471.96,2.0,2.0,,,,10746.4399,2793.5971,0,0,0.0,0.0,0,0,16737,2,1.0,,,,,,2815.7007,9470.0,5700.0,-1,,,,,,,335453.0,2010,608,605,0,0,0,0,0,12.0,17.0,51.0,2010,1.0,1,8,2,8700,87001,1,23,42,0,55,3.0,2.0,,0,3,64,1.0,2,39,1,,1,2,1,2,57,57,57,1,0,0,1.0,1.0,,38.0,,38.0,,,,,,2.0,3.0,0.0,1,2.0,1.0,1.0,1458.0,546.5,2.0,2.0,,,,9986.7644,2553.5195,0,0,0.0,0.0,0,0,17547,2,1.0,,,,,,2561.4024,9470.0,5700.0,-1,,,,,,,331623.0,2011,620,605,0,0,0,0,0,12.0,17.0,51.0,2011,MIS4_to_MIS8,pennsylvania,0,2010-2011,1,0,0,0,retention
299440954010674,9,2.0,1,4,2,8700,87001,1,1,23,42,0,0,3.0,2.0,,0,3,42,1.0,2,42,1,,2,1,2,1,2,57,57,57,1,0,0,2.0,1.0,,40.0,,40.0,,,,,,2.0,3.0,0.0,1,2.0,,1.0,1050.0,420.0,2.0,2.0,,,,11064.528,2810.6663,3,1,0.0,0.0,0,0,16745,2,,,3.0,,,,2781.2012,9390.0,20.0,-1,,,,,,,335478.0,2010,608,605,0,0,1,0,0,14.0,1.0,51.0,2010,1.0,1,8,2,8700,87001,1,23,42,0,0,3.0,2.0,,0,3,43,1.0,2,42,1,,1,2,1,2,57,57,57,1,0,0,1.0,1.0,,38.0,,38.0,,,,,,2.0,3.0,0.0,1,2.0,,1.0,1100.0,418.0,2.0,2.0,,,,13390.0481,3294.284,4,1,0.0,0.0,0,0,5248,2,,,3.0,,,,3314.6859,9390.0,5810.0,-1,,,,,,,331647.0,2011,620,605,0,0,0,1,0,14.0,17.0,51.0,2011,MIS4_to_MIS8,pennsylvania,0,2010-2011,1,0,0,0,retention
972549270219407,9,1.0,1,4,2,8700,87001,1,1,23,42,0,0,3.0,2.0,,0,3,64,1.0,2,34,1,,2,1,2,1,2,57,57,57,1,0,0,2.0,1.0,,40.0,,40.0,,,,,,2.0,3.0,0.0,1,2.0,,1.0,1280.0,512.0,1.0,,,,,10746.4399,2793.5971,0,0,0.0,0.0,0,0,46994,2,,,,,,,2815.7007,8270.0,3600.0,-1,,,,,,,335634.0,2010,608,605,0,0,0,0,0,7.5,11.0,42.0,2010,1.0,1,8,2,8700,87001,1,23,42,0,0,3.0,2.0,,0,3,65,1.0,2,34,1,,1,2,1,2,57,57,57,1,0,0,2.0,5.0,,,,,,,,,,1.0,4.0,0.0,2,,,,,,,,,,,11927.7748,2971.6422,0,0,,,0,0,5245,2,,,,,,,2978.3243,8270.0,3600.0,-1,,,,,,,331784.0,2011,620,605,0,0,0,0,0,7.5,11.0,42.0,2011,MIS4_to_MIS8,pennsylvania,0,2010-2011,0,1,0,1,retention
982109270986406,9,1.0,1,4,2,8700,87001,1,1,23,42,0,0,3.0,2.0,,0,3,53,1.0,1,39,1,,2,1,2,1,2,57,57,57,1,0,0,2.0,1.0,,40.0,,40.0,,,,,,2.0,2.0,0.0,1,2.0,,1.0,3100.0,1240.0,1.0,,,,,11261.4486,2747.9069,0,0,1.0,1.0,0,42,37861,2,1.0,,,,,,2753.4676,770.0,6320.0,-1,,,,,,,335639.0,2010,608,605,0,0,0,0,0,12.0,19.0,4.0,2010,1.0,1,8,2,8700,87001,1,23,42,0,0,3.0,2.0,,0,3,54,1.0,1,39,1,,1,2,1,2,57,57,57,1,0,0,2.0,1.0,,40.0,,40.0,,,,,,2.0,2.0,0.0,1,1.0,,1.0,2000.0,1290.0,1.0,,,,,10641.7476,2591.0889,0,0,1.0,0.0,0,0,61946,2,1.0,,,,,,2589.6161,770.0,6320.0,-1,,,,,,,331789.0,2011,620,605,0,0,0,0,0,12.0,19.0,4.0,2011,MIS4_to_MIS8,pennsylvania,0,2010-2011,1,0,0,0,retention
280928096147379,9,1.0,1,4,2,8700,87001,1,1,23,42,27780,21,,1.0,,2,3,46,1.0,1,44,1,,3,1,2,1,2,57,57,57,1,0,0,1.0,1.0,,40.0,,40.0,,,,,,2.0,2.0,0.0,1,2.0,2.0,2.0,,2076.0,1.0,,,,,11870.3529,2921.5591,0,0,1.0,,0,0,54698,3,,,,,,3.0,2902.3471,7860.0,2320.0,-1,,,,,,,335682.0,2010,608,605,0,0,0,0,0,18.0,8.0,40.0,2010,1.0,1,8,2,8700,87001,1,23,42,27780,21,,1.0,,2,3,47,1.0,1,44,1,,1,2,1,2,57,57,57,1,0,0,,1.0,,40.0,,40.0,,,,,,2.0,7.0,0.0,2,,,,,,,,,,,10853.997,2676.6239,0,0,,,21,0,59562,3,,,,,,3.0,2691.816,8560.0,2750.0,-1,,,,,,,331843.0,2011,620,605,0,0,0,0,0,18.0,9.0,44.0,2011,MIS4_to_MIS8,pennsylvania,0,2010-2011,0,1,0,1,retention
740209941488581,9,1.0,3,4,2,8700,87001,1,1,23,42,25420,43,,1.0,,4,8,40,,2,40,2,,4,1,4,7,2,57,57,57,1,0,0,2.0,1.0,,40.0,,40.0,,,,,,2.0,2.0,0.0,1,1.0,,1.0,914.0,379.6,1.0,,,,,13117.4773,3141.294,0,0,1.0,1.0,0,42,57820,4,,,2.0,,,,3188.4088,9570.0,5220.0,-1,,,,,3.0,,335753.0,2010,608,605,0,0,0,0,0,13.0,17.0,51.0,2010,3.0,3,8,2,8700,87001,1,23,42,25420,43,,1.0,,4,8,42,,2,40,2,,1,4,7,2,57,57,57,1,0,0,2.0,1.0,,40.0,,40.0,,,,,,2.0,2.0,0.0,1,2.0,1.0,1.0,1775.0,711.0,1.0,,,,,12669.4375,3311.1376,0,0,1.0,1.0,0,0,39479,4,,,2.0,,,,3192.296,9570.0,5220.0,-1,,,,,3.0,,331914.0,2011,620,605,0,0,0,0,0,13.0,17.0,51.0,2011,MIS4_to_MIS8,pennsylvania,0,2010-2011,1,0,0,0,retention
740209941488581,9,1.0,3,4,2,8700,87001,1,1,23,42,25420,43,,1.0,,4,8,61,,2,39,2,,3,1,4,4,2,57,57,57,1,0,0,1.0,1.0,,38.0,,38.0,,,,,,2.0,2.0,0.0,1,2.0,,1.0,900.0,342.0,2.0,2.0,,,,9048.9766,2623.2111,0,0,0.0,0.0,0,0,57820,3,1.0,,,,,,2588.3911,9370.0,5260.0,-1,,,,,,,335754.0,2010,608,605,0,0,0,0,0,12.0,17.0,51.0,2010,3.0,3,8,2,8700,87001,1,23,42,25420,43,,1.0,,4,8,62,,2,39,2,,1,4,4,2,57,57,57,1,0,0,1.0,1.0,,40.0,4.0,24.0,,,4.0,,,4.0,2.0,0.0,1,2.0,,1.0,1400.0,560.0,1.0,,,,,10049.1025,2218.8833,0,0,0.0,0.0,0,0,39479,3,1.0,,,,,,2217.942,9570.0,5800.0,-1,,,,,,,331915.0,2011,620,605,0,0,0,0,0,12.0,17.0,51.0,2011,MIS4_to_MIS8,pennsylvania,0,2010-2011,1,0,0,0,retention
922369870789401,9,1.0,7,4,2,8700,87001,1,1,23,42,27780,21,,1.0,,2,2,59,,2,43,1,,1,0,0,4,2,57,57,57,1,0,0,1.0,1.0,,40.0,,40.0,,,,,,2.0,2.0,0.0,1,2.0,1.0,1.0,1585.0,1153.84,1.0,,,,,10520.8815,2753.7769,0,0,0.0,1.0,0,0,13539,1,,,,1.0,2.0,,2770.3466,9490.0,1740.0,-1,,,,,,,335786.0,2010,608,605,0,0,0,0,0,17.0,5.0,51.0,2010,1.0,7,8,2,8700,87001,1,23,42,27780,21,,1.0,,2,2,60,,2,43,1,,0,0,4,2,57,57,57,1,0,0,1.0,1.0,,37.0,,37.0,,,,,,2.0,2.0,0.0,1,2.0,,1.0,3300.0,1221.0,1.0,,,,,11724.5754,2997.861,0,0,0.0,0.0,0,0,14146,1,,,,1.0,2.0,,3007.1156,9490.0,1740.0,-1,,,,,,,331944.0,2011,620,605,0,0,0,0,0,17.0,5.0,51.0,2011,MIS4_to_MIS8,pennsylvania,0,2010-2011,1,0,0,0,retention
39331870987186,10,1.0,4,4,2,8700,87001,1,1,33,17,16980,0,1.0,1.0,1.0,7,1,46,,2,44,2,,1,1,1,5,2,57,57,57,1,0,0,1.0,1.0,,30.0,,30.0,,,22.0,,,7.0,3.0,0.0,1,2.0,1.0,1.0,800.0,1730.0,1.0,,,,,12542.7756,3071.8983,0,0,1.0,1.0,0,0,20693,1,,,,,,2.0,3068.9564,7860.0,2310.0,-1,,,,,,,356002.0,2010,609,606,0,0,0,0,0,18.0,8.0,40.0,2010,1.0,4,8,2,8700,87001,1,33,17,16980,0,1.0,1.0,1.0,7,1,47,,2,43,2,,1,1,5,2,57,57,57,1,0,0,1.0,1.0,,31.0,,31.0,,,22.0,,,7.0,3.0,0.0,1,2.0,1.0,1.0,6600.0,2769.23,1.0,,,,,14033.5861,3432.5538,0,0,0.0,0.0,0,0,8952,1,,,,1.0,1.0,,3482.7936,7860.0,2310.0,-1,,,,,,,351995.0,2011,621,606,0,0,0,0,0,18.0,8.0,40.0,2011,MIS4_to_MIS8,illinois,1,2010-2011,1,0,0,0,retention
195938105097784,10,2.0,1,4,2,8700,87001,1,1,33,17,16980,0,1.0,1.0,1.0,7,1,60,2.0,1,43,1,2.0,1,1,1,1,2,73,73,73,2,0,2,2.0,1.0,,35.0,6.0,28.0,,,6.0,,,4.0,3.0,0.0,1,2.0,,1.0,2182.0,763.7,1.0,,,,,15657.3951,3742.898,0,0,1.0,1.0,0,42,44119,1,,,,2.0,,,3746.4103,7860.0,2320.0,-1,4.0,,,,,,356047.0,2010,609,606,0,0,0,0,0,16.0,8.0,40.0,2010,1.0,1,8,2,8700,87001,1,33,17,16980,0,1.0,1.0,1.0,7,1,61,2.0,1,43,1,2.0,1,1,1,2,73,73,73,2,0,2,1.0,5.0,,,,,,,,,,1.0,,,2,,,,,,,,,,,16268.1547,4019.2112,0,0,,,0,0,45134,1,,,,1.0,1.0,,4053.9606,,,-1,4.0,,,,,,352032.0,2011,621,606,0,0,0,0,0,18.0,,,2011,MIS4_to_MIS8,illinois,1,2010-2011,0,1,0,0,retention
199938909099719,10,1.0,1,4,2,8700,87001,1,1,33,17,16980,0,1.0,1.0,,7,4,24,,2,44,1,,3,1,3,7,2,57,57,57,1,0,0,2.0,1.0,,50.0,,40.0,,,,,,2.0,3.0,0.0,1,2.0,2.0,2.0,,653.0,1.0,,1.0,2.0,2.0,15049.9288,3762.259,0,0,1.0,,0,0,51453,3,,,,,,1.0,3734.1493,7860.0,2000.0,-1,,,,,2.0,1.0,356062.0,2010,609,606,0,0,0,0,0,17.0,6.0,40.0,2010,1.0,1,8,2,8700,87001,1,33,17,16980,0,1.0,1.0,,7,4,25,,2,44,1,,1,3,7,2,57,57,57,1,0,0,2.0,1.0,,45.0,,37.0,,,,,,2.0,3.0,0.0,1,2.0,2.0,2.0,,576.0,1.0,,,,,14040.7047,3528.5398,0,0,1.0,,0,0,9025,3,,,,,,1.0,3551.3416,7860.0,2000.0,-1,,,,,2.0,1.0,352044.0,2011,621,606,0,0,0,0,0,17.0,6.0,40.0,2011,MIS4_to_MIS8,illinois,1,2010-2011,1,0,0,0,retention
571389018904795,10,1.0,1,4,2,8700,87001,1,1,33,17,16980,0,1.0,1.0,1.0,7,1,38,2.0,1,44,2,,1,1,1,1,2,57,57,57,1,0,0,1.0,1.0,,40.0,,40.0,,,,,,2.0,3.0,0.0,1,2.0,,1.0,2300.0,920.0,1.0,,,,,12682.4464,3456.1613,3,1,1.0,1.0,0,0,44120,1,,,,,,2.0,3359.0759,6180.0,9120.0,-1,,,,,,,356141.0,2010,609,606,0,0,1,0,0,18.0,22.0,23.0,2010,1.0,1,8,2,8700,87001,1,33,17,16980,0,1.0,1.0,1.0,7,1,39,2.0,1,44,2,,1,1,1,2,57,57,57,1,0,0,1.0,1.0,,40.0,,40.0,,,,,,2.0,3.0,0.0,1,2.0,,1.0,1700.0,680.0,1.0,,,,,12167.2596,3215.4164,4,1,1.0,1.0,0,0,35515,1,,,,,,2.0,3202.3781,6180.0,9120.0,-1,,,,,,,352112.0,2011,621,606,0,0,0,1,0,18.0,22.0,23.0,2011,MIS4_to_MIS8,illinois,1,2010-2011,1,0,0,0,retention
810709999139999,10,2.0,1,4,2,8700,87001,1,1,33,17,16980,0,1.0,1.0,,7,3,58,1.0,2,35,1,,2,1,2,1,2,57,57,57,1,0,0,1.0,1.0,,32.0,,32.0,,,22.0,,,7.0,3.0,0.0,1,2.0,,1.0,1000.0,320.0,1.0,,,,,13313.8546,3427.585,0,0,1.0,1.0,0,42,63247,2,,,,,,,3461.3951,7860.0,4600.0,-1,,,,,,,356224.0,2010,609,606,0,0,0,0,0,9.0,15.0,40.0,2010,2.0,1,8,2,8700,87001,1,33,17,16980,0,1.0,1.0,,7,3,59,1.0,2,35,1,,1,2,1,2,57,57,57,1,0,0,1.0,1.0,,30.0,,30.0,,,22.0,,,7.0,3.0,0.0,1,2.0,,1.0,1514.0,454.2,1.0,,,,,12858.287,3162.4082,0,0,0.0,0.0,0,0,22727,2,,,,,,,3178.1706,6070.0,9415.0,-1,,,,,,,352204.0,2011,621,606,0,0,0,0,0,9.0,22.0,23.0,2011,MIS4_to_MIS8,illinois,1,2010-2011,1,0,0,0,retention
943057686188840,10,1.0,4,4,2,8700,87001,1,1,33,17,16980,0,1.0,1.0,1.0,7,1,43,,2,40,2,,1,1,1,5,2,57,57,57,1,0,0,1.0,1.0,,40.0,,40.0,,,,,,2.0,3.0,0.0,1,2.0,,1.0,2749.0,1099.6,1.0,,,,,14652.7125,3469.4499,0,0,0.0,0.0,0,0,63242,1,,,3.0,,,,3459.3383,7860.0,2000.0,-1,,,,,,,356249.0,2010,609,606,0,0,0,0,0,14.0,6.0,40.0,2010,2.0,4,8,2,8700,87001,1,33,17,16980,0,1.0,1.0,1.0,7,1,44,,2,39,2,,1,1,5,2,57,57,57,1,0,0,2.0,7.0,,,,,,,,,,1.0,,,2,,,,,,,,,,,10869.8076,2718.006,0,0,,,0,0,66925,1,1.0,,,,,,2859.4094,,,-1,,,,,,,352236.0,2011,621,606,0,0,0,0,0,12.0,,,2011,MIS4_to_MIS8,illinois,1,2010-2011,0,1,0,0,retention
971665078809097,10,1.0,4,4,2,8700,87001,1,1,33,17,16980,0,1.0,1.0,1.0,7,1,50,,2,40,2,,1,1,1,7,2,57,57,57,1,0,0,1.0,1.0,,38.0,,38.0,,,,,,2.0,2.0,0.0,1,2.0,2.0,2.0,,230.0,1.0,,,,,10415.4679,2550.8914,3,1,1.0,,0,0,33634,1,,,3.0,,,,2548.4484,9480.0,2010.0,-1,,,,,,,356268.0,2010,609,606,0,0,1,0,0,14.0,6.0,51.0,2010,1.0,4,8,2,8700,87001,1,33,17,16980,0,1.0,1.0,1.0,7,1,51,,2,40,2,,1,1,7,2,57,57,57,1,0,0,1.0,1.0,,38.0,,38.0,,,,,,2.0,2.0,0.0,1,2.0,2.0,2.0,,1169.07,1.0,,,,,13731.4502,3358.6526,3,1,0.0,,0,0,45132,1,,,2.0,,,,3407.8109,9480.0,2010.0,-1,,,,,,,352255.0,2011,621,606,0,0,1,0,0,13.0,6.0,51.0,2011,MIS4_to_MIS8,illinois,1,2010-2011,1,0,0,0,retention
37471870952198,10,2.0,1,4,2,8700,87001,1,1,33,17,16980,0,2.0,1.0,,7,1,64,2.0,2,44,1,,1,1,1,1,2,57,57,57,1,0,0,2.0,1.0,,40.0,6.0,32.0,,,6.0,,,4.0,3.0,0.0,1,1.0,,1.0,5600.0,2630.0,2.0,2.0,,,,14096.1039,3461.3914,0,0,1.0,1.0,0,42,44139,1,,,,,,2.0,3478.0419,7860.0,3160.0,-1,,,,,,,356305.0,2010,609,606,0,0,0,0,0,18.0,10.0,40.0,2010,2.0,1,8,2,8700,87001,1,33,17,16980,0,2.0,1.0,,7,1,66,2.0,2,44,1,,1,1,1,2,57,57,57,1,0,0,2.0,1.0,,40.0,,40.0,,,,,,2.0,3.0,0.0,1,2.0,2.0,2.0,,1923.07,1.0,,,,,11492.7092,3100.1206,0,0,0.0,,0,0,22679,1,,,,,,2.0,3026.9964,7860.0,3160.0,-1,,,,,,,352288.0,2011,621,606,0,0,0,0,0,18.0,10.0,40.0,2011,MIS4_to_MIS8,illinois,1,2010-2011,1,0,0,0,retention
271633058909991,10,1.0,7,4,2,8700,87001,1,1,33,17,16980,0,2.0,1.0,,7,2,43,,2,43,1,,1,0,0,5,2,57,57,57,1,0,0,1.0,1.0,,40.0,,40.0,,,,,,2.0,3.0,0.0,1,2.0,2.0,2.0,,865.38,1.0,,,,,11954.3657,3076.4693,0,0,0.0,,0,0,33712,1,,,,1.0,2.0,,3039.1616,9470.0,5820.0,-1,,,,,,,356436.0,2010,609,606,0,0,0,0,0,17.0,17.0,51.0,2010,1.0,7,8,2,8700,87001,1,33,17,16980,0,2.0,1.0,,7,2,44,,2,43,1,,0,0,5,2,57,57,57,1,0,0,1.0,1.0,,40.0,,40.0,,,,,,2.0,3.0,0.0,1,2.0,2.0,2.0,,865.38,2.0,2.0,,,,12947.9769,3193.2093,0,0,0.0,,0,0,35577,1,,,,2.0,,,3249.7267,9470.0,565.0,-1,,,,,,,352412.0,2011,621,606,0,0,0,0,0,16.0,2.0,51.0,2011,MIS4_to_MIS8,illinois,1,2010-2011,1,0,0,0,retention
389196329700736,10,2.0,1,4,2,8700,87001,1,1,33,17,16980,0,2.0,1.0,,7,4,27,,1,43,1,,3,1,3,7,2,57,57,57,1,0,0,2.0,1.0,,10.0,,10.0,,,20.0,,,7.0,3.0,0.0,1,2.0,,1.0,1200.0,120.0,2.0,2.0,,,,12348.6417,3119.0221,0,0,0.0,0.0,0,0,20749,3,,,,2.0,,,3116.4803,7860.0,2320.0,-1,,,,,2.0,1.0,356464.0,2010,609,606,0,0,0,0,0,16.0,8.0,40.0,2010,2.0,1,8,2,8700,87001,1,33,17,16980,0,2.0,1.0,,7,4,28,,1,43,1,,1,3,7,2,57,57,57,1,0,0,2.0,1.0,,10.0,,8.0,,,20.0,,,7.0,3.0,0.0,1,2.0,,1.0,1200.0,120.0,2.0,2.0,,,,13717.042,3519.2497,0,0,0.0,0.0,0,0,22682,3,,,,1.0,2.0,,3533.8565,7860.0,2320.0,-1,,,,,2.0,1.0,352431.0,2011,621,606,0,0,0,0,0,17.0,8.0,40.0,2011,MIS4_to_MIS8,illinois,1,2010-2011,1,0,0,0,retention
581198579700779,10,1.0,7,4,2,8700,87001,1,1,33,17,16980,0,2.0,1.0,,7,2,35,,2,44,1,,1,0,0,7,2,57,57,57,1,0,0,1.0,1.0,,45.0,,45.0,,,,,,2.0,2.0,0.0,1,2.0,2.0,2.0,,923.07,1.0,,,,,11740.2534,3015.4742,0,0,0.0,,0,0,51473,1,,,,,,3.0,2984.7277,7860.0,2310.0,-1,,,,,,,356560.0,2010,609,606,0,0,0,0,0,18.0,8.0,40.0,2010,1.0,7,8,2,8700,87001,1,33,17,16980,0,2.0,1.0,,7,2,36,,2,44,1,,0,0,7,2,57,57,57,1,0,0,1.0,1.0,,45.0,,35.0,,,,,,2.0,3.0,0.0,1,2.0,2.0,2.0,,1153.84,1.0,,,,,12991.5912,3247.9998,0,0,0.0,,0,0,45168,1,,,,,,3.0,3260.6731,7860.0,2310.0,-1,,,,,,,352506.0,2011,621,606,0,0,0,0,0,18.0,8.0,40.0,2011,MIS4_to_MIS8,illinois,1,2010-2011,1,0,0,0,retention
810709923345098,10,1.0,3,4,2,8700,87001,1,1,33,17,41180,119,2.0,1.0,,6,1,26,,1,43,1,,1,1,1,7,2,57,57,57,1,0,0,1.0,1.0,,40.0,,65.0,,,,,,2.0,3.0,0.0,1,2.0,2.0,2.0,,550.0,1.0,,,,,12445.3426,3143.4469,8,2,0.0,,0,0,33766,1,,,,2.0,,,3140.8851,7860.0,2320.0,4760,,,,,,,356667.0,2010,609,606,0,1,1,0,1,16.0,8.0,40.0,2010,2.0,3,8,2,8700,87001,1,33,17,41180,119,2.0,1.0,,6,1,26,,1,43,1,,1,1,7,2,57,57,57,1,0,0,2.0,1.0,,35.0,,35.0,,,,,,2.0,3.0,0.0,1,2.0,,1.0,2300.0,805.0,2.0,2.0,,,,13547.4072,3475.7282,8,2,1.0,1.0,0,0,9096,1,,,,2.0,,,3490.1543,7860.0,2320.0,-1,,,,,,,352611.0,2011,621,606,0,1,1,0,1,16.0,8.0,40.0,2011,MIS4_to_MIS8,illinois,1,2010-2011,1,0,0,0,retention
888193578700488,10,1.0,6,4,2,8700,87001,1,1,33,17,16980,0,2.0,1.0,,7,2,53,,1,43,1,,1,0,0,7,2,57,57,57,1,0,0,1.0,5.0,,,,,,,,,,1.0,2.0,0.0,2,,,,,,,,,,,13085.0186,3198.2193,0,0,,,0,0,20689,1,,,,2.0,,,3146.6277,9380.0,3820.0,-1,,,,,,,356732.0,2010,609,606,0,0,0,0,0,16.0,12.0,51.0,2010,1.0,6,8,2,8700,87001,1,33,17,16980,0,2.0,1.0,,7,2,54,,1,43,1,,0,0,7,2,57,57,57,1,0,0,1.0,1.0,,30.0,1.0,31.0,,,1.0,,,3.0,4.0,0.0,1,2.0,,1.0,2000.0,600.0,2.0,2.0,,,,15605.9623,3812.986,0,0,0.0,0.0,0,0,19075,1,,,,1.0,2.0,,3811.178,770.0,9130.0,6230,,,,,,,352684.0,2011,621,606,0,0,0,0,0,17.0,22.0,4.0,2011,MIS4_to_MIS8,illinois,1,2010-2011,0,1,0,1,retention
908903621993517,10,1.0,1,4,2,8700,87001,1,1,33,17,16980,0,2.0,1.0,,7,1,24,2.0,1,43,1,,1,1,1,1,2,57,57,57,1,0,0,1.0,1.0,,40.0,6.0,32.0,,,6.0,,,4.0,3.0,0.0,1,2.0,2.0,2.0,,673.07,1.0,,2.0,,,11996.9521,3061.7366,0,0,0.0,,0,0,51455,1,,,,2.0,,,3044.1646,7860.0,2310.0,-1,,,,,,,356741.0,2010,609,606,0,0,0,0,0,16.0,8.0,40.0,2010,1.0,1,8,2,8700,87001,1,33,17,16980,0,2.0,1.0,,7,1,25,2.0,1,43,1,,1,1,1,2,57,57,57,1,0,0,1.0,1.0,,45.0,,45.0,,,,,,2.0,4.0,0.0,1,2.0,2.0,2.0,,673.07,1.0,,,,,13717.042,3519.2497,0,0,0.0,,0,0,52404,1,,,,2.0,,,3533.8565,7860.0,2310.0,-1,,,,,,,352691.0,2011,621,606,0,0,0,0,0,16.0,8.0,40.0,2011,MIS4_to_MIS8,illinois,1,2010-2011,0,1,0,1,retention
908903621993517,10,1.0,1,4,2,8700,87001,1,1,33,17,16980,0,2.0,1.0,,7,3,24,1.0,2,43,1,,2,1,2,1,2,57,57,57,1,0,0,2.0,1.0,,40.0,6.0,32.0,,,6.0,,,4.0,3.0,0.0,1,2.0,2.0,2.0,,673.07,1.0,,2.0,,,14703.2782,3675.6015,0,0,0.0,,0,0,51455,2,,,,2.0,,,3648.1393,7860.0,2310.0,-1,,,,,,,356742.0,2010,609,606,0,0,0,0,0,16.0,8.0,40.0,2010,1.0,1,8,2,8700,87001,1,33,17,16980,0,2.0,1.0,,7,3,25,1.0,2,43,1,,1,2,1,2,57,57,57,1,0,0,2.0,1.0,,45.0,,45.0,,,,,,2.0,3.0,0.0,1,2.0,2.0,2.0,,673.07,1.0,,,,,13543.3095,3403.5404,0,0,0.0,,0,0,52404,2,,,,2.0,,,3425.5345,7860.0,2310.0,-1,,,,,,,352692.0,2011,621,606,0,0,0,0,0,16.0,8.0,40.0,2011,MIS4_to_MIS8,illinois,1,2010-2011,1,0,0,0,retention
908906631793327,10,2.0,1,4,2,8700,87001,1,1,33,17,16980,0,2.0,1.0,,7,1,37,2.0,2,44,1,,1,1,1,1,2,57,57,57,1,0,0,2.0,1.0,,42.0,6.0,34.0,,,6.0,,,4.0,3.0,0.0,1,2.0,2.0,2.0,,1520.5,1.0,,,,,11740.2534,3015.4742,5,3,0.0,,0,0,20748,1,,,,,,2.0,2984.7277,7860.0,2310.0,-1,,,,,,,356743.0,2010,609,606,1,1,0,0,1,18.0,8.0,40.0,2010,2.0,1,8,2,8700,87001,1,33,17,16980,0,2.0,1.0,,7,1,39,2.0,2,44,1,,1,1,1,2,57,57,57,1,0,0,2.0,1.0,,50.0,,40.0,,,,,,2.0,3.0,0.0,1,2.0,2.0,2.0,,1538.46,1.0,,,,,12991.5912,3247.9998,2,3,0.0,,0,0,9005,1,,,,,,2.0,3260.6731,7860.0,2310.0,-1,,,,,,,352693.0,2011,621,606,0,1,0,0,1,18.0,8.0,40.0,2011,MIS4_to_MIS8,illinois,1,2010-2011,1,0,0,0,retention
193928105009789,10,2.0,1,4,2,8700,87001,1,1,33,17,0,0,3.0,2.0,,0,1,31,2.0,1,39,1,,1,1,1,1,2,57,57,57,1,0,0,2.0,1.0,,40.0,,40.0,,,,,,2.0,3.0,0.0,1,2.0,,1.0,1705.0,682.0,1.0,,,,,11482.8146,2920.312,10,3,0.0,0.0,0,0,54877,1,1.0,,,,,,2897.9677,670.0,5530.0,-1,,,,,,,356829.0,2010,609,606,0,0,1,1,0,12.0,17.0,24.0,2010,2.0,1,8,2,8700,87001,1,33,17,0,0,3.0,2.0,,0,1,32,2.0,1,39,1,,1,1,1,2,57,57,57,1,0,0,2.0,1.0,,40.0,,40.0,,,,,,2.0,3.0,0.0,1,2.0,,1.0,1700.0,680.0,1.0,,,,,12930.5505,3322.9803,10,2,0.0,0.0,0,0,9148,1,1.0,,,,,,3331.2364,670.0,5530.0,-1,,,,,,,352765.0,2011,621,606,0,0,1,1,0,12.0,17.0,24.0,2011,MIS4_to_MIS8,illinois,1,2010-2011,1,0,0,0,retention
810709931826491,10,1.0,4,4,2,8700,87001,1,1,33,17,0,0,3.0,2.0,,0,4,47,,2,39,1,,2,1,3,7,2,57,57,57,1,0,0,2.0,1.0,,15.0,,15.0,,,19.0,,,7.0,3.0,0.0,1,2.0,,1.0,1200.0,180.0,2.0,2.0,,,,13410.0805,3345.011,0,0,1.0,1.0,0,42,20520,2,1.0,,,,,,3288.3174,3990.0,8960.0,-1,,,,,1.0,,356911.0,2010,609,606,0,0,0,0,0,12.0,21.0,13.0,2010,1.0,4,8,2,8700,87001,1,33,17,0,0,3.0,2.0,,0,4,48,,2,39,1,,1,3,7,2,57,57,57,1,0,0,2.0,6.0,,,,,,,,,,1.0,,,2,,,,,,,,,,,12846.589,3212.2213,0,0,,,0,0,35352,2,1.0,,,,,,3254.3475,,,-1,,,,,1.0,,352836.0,2011,621,606,0,0,0,0,0,12.0,,,2011,MIS4_to_MIS8,illinois,1,2010-2011,0,1,0,0,retention
8903161999917,10,1.0,1,4,2,8700,87001,1,1,33,17,28100,91,,1.0,,2,1,63,2.0,1,39,1,,1,1,1,1,2,57,57,57,1,0,0,1.0,1.0,,15.0,,15.0,,,21.0,,,7.0,3.0,0.0,1,2.0,,1.0,1105.0,165.75,2.0,2.0,,,,14026.7887,3347.3966,0,0,1.0,1.0,0,0,7646,1,1.0,,,,,,3356.2483,7860.0,4220.0,-1,4.0,,,,,,356930.0,2010,609,606,0,0,0,0,0,12.0,14.0,40.0,2010,1.0,1,8,2,8700,87001,1,33,17,28100,91,,1.0,,2,1,64,2.0,1,39,1,,1,1,1,2,57,57,57,1,0,0,1.0,1.0,,15.0,,15.0,,,21.0,,,7.0,3.0,0.0,1,2.0,,1.0,1700.0,255.0,2.0,2.0,,,,15723.3529,4067.6718,0,0,0.0,0.0,0,0,22732,1,1.0,,,,,,4094.733,7860.0,4220.0,-1,4.0,,,,,,352857.0,2011,621,606,0,0,0,0,0,12.0,14.0,40.0,2011,MIS4_to_MIS8,illinois,1,2010-2011,1,0,0,0,retention
37027157180360,10,2.0,1,4,2,8700,87001,1,1,33,17,16580,0,,1.0,,2,1,41,2.0,1,42,1,,1,1,1,1,2,57,57,57,1,0,0,2.0,1.0,,40.0,,40.0,,,,,,2.0,3.0,0.0,1,1.0,,1.0,2800.0,1604.0,1.0,,,,,10526.6072,2635.1725,3,1,1.0,1.0,0,42,63214,1,,,3.0,,,,2622.2889,9470.0,3710.0,-1,2.0,,,,,,356932.0,2010,609,606,0,0,1,0,0,14.0,12.0,51.0,2010,2.0,1,8,2,8700,87001,1,33,17,16580,0,,1.0,,2,1,42,2.0,1,42,1,,1,1,1,2,57,57,57,1,0,0,2.0,1.0,,40.0,,40.0,,,,,,2.0,3.0,0.0,1,2.0,1.0,1.0,5000.0,1538.0,1.0,,,,,13643.1164,3438.8086,3,1,1.0,1.0,0,0,45034,1,,,4.0,,,,3449.8949,9470.0,2015.0,-1,2.0,,,,,,352859.0,2011,621,606,0,0,1,0,0,15.0,6.0,51.0,2011,MIS4_to_MIS8,illinois,1,2010-2011,1,0,0,0,retention
771674058909696,10,1.0,1,4,2,8700,87001,1,1,33,17,44100,0,,1.0,,2,1,49,2.0,1,43,1,,1,1,1,1,2,57,57,57,1,0,0,1.0,1.0,,40.0,6.0,29.0,,,6.0,,,4.0,2.0,0.0,1,2.0,2.0,2.0,,2019.0,2.0,2.0,,,,12736.184,3250.5331,4,1,1.0,,0,0,20860,1,,,,1.0,2.0,,3215.6031,9380.0,1020.0,-1,,,,,,,357036.0,2010,609,606,0,0,0,1,0,17.0,3.0,51.0,2010,1.0,1,8,2,8700,87001,1,33,17,44100,0,,1.0,,2,1,50,2.0,1,43,1,,1,1,1,2,57,57,57,1,0,0,1.0,1.0,,38.0,6.0,27.0,,,6.0,,,4.0,2.0,0.0,1,2.0,2.0,2.0,,1300.0,2.0,2.0,,,,15412.9677,3765.8318,4,1,1.0,,0,0,35626,1,,,,2.0,,,3764.0463,9380.0,1060.0,-1,,,,,,,352965.0,2011,621,606,0,0,0,1,0,16.0,3.0,51.0,2011,MIS4_to_MIS8,illinois,1,2010-2011,1,0,0,0,retention
771674058909696,10,1.0,1,4,2,8700,87001,1,1,33,17,44100,0,,1.0,,2,3,48,1.0,2,43,1,,2,1,2,1,2,57,57,136,1,0,0,2.0,1.0,,40.0,4.0,25.0,,,4.0,,,4.0,2.0,0.0,1,2.0,2.0,2.0,,1250.0,2.0,2.0,,,,13258.8475,3307.2875,4,1,1.0,,0,0,20860,2,,,,1.0,2.0,,3251.2332,9480.0,130.0,-1,,,,,,,357037.0,2010,609,606,0,0,0,1,0,17.0,1.0,51.0,2010,1.0,1,8,2,8700,87001,1,33,17,44100,0,,1.0,,2,3,49,1.0,2,43,1,,1,2,1,2,57,57,136,1,0,0,2.0,1.0,,38.0,6.0,27.0,,,6.0,,,4.0,2.0,0.0,1,2.0,2.0,2.0,,1500.0,2.0,2.0,,,,13229.6063,3251.1852,4,1,1.0,,0,0,35626,2,,,,2.0,,,3255.3437,9390.0,630.0,-1,,,,,,,352966.0,2011,621,606,0,0,0,1,0,16.0,2.0,51.0,2011,MIS4_to_MIS8,illinois,1,2010-2011,1,0,0,0,retention
771674058909696,10,1.0,1,4,2,8700,87001,1,1,33,17,44100,0,,1.0,,2,4,19,,2,40,1,,3,1,3,7,2,57,57,57,1,0,0,2.0,7.0,,,,,,,,,,1.0,3.0,0.0,2,,,,,,,,1.0,1.0,2.0,13539.3536,3448.5665,0,0,,,0,0,20860,3,,,2.0,,,,3509.6321,7860.0,3950.0,-1,,,,,2.0,1.0,357039.0,2010,609,606,0,0,0,0,0,13.0,12.0,40.0,2010,1.0,1,8,2,8700,87001,1,33,17,44100,0,,1.0,,2,4,20,,2,40,1,,1,3,7,2,57,57,57,1,0,0,2.0,7.0,,,,,,,,,,1.0,3.0,0.0,2,,,,,,,,1.0,1.0,2.0,16347.4133,3904.9044,0,0,,,0,0,35626,3,,,3.0,,,,3922.9957,7860.0,3955.0,-1,,,,,2.0,1.0,352968.0,2011,621,606,0,0,0,0,0,14.0,12.0,40.0,2011,MIS4_to_MIS8,illinois,1,2010-2011,1,0,0,0,retention
810809967003194,10,2.0,1,4,2,8700,87001,1,1,32,18,26900,0,1.0,1.0,,5,1,61,2.0,1,45,1,,1,1,1,1,2,57,57,57,1,0,0,2.0,1.0,,40.0,6.0,32.0,,,6.0,,,4.0,2.0,0.0,1,2.0,2.0,2.0,,923.07,2.0,2.0,,,,13953.2962,3338.8524,0,0,0.0,,0,0,51580,1,,,,,,,3338.6634,9490.0,1300.0,-1,,,,,,,357171.0,2010,609,606,0,0,0,0,0,18.0,4.0,51.0,2010,1.0,1,8,2,8700,87001,1,32,18,26900,0,1.0,1.0,,5,1,62,2.0,1,46,1,,1,1,1,2,57,57,57,1,0,0,1.0,1.0,,38.0,,37.0,,,,,,2.0,2.0,0.0,1,2.0,1.0,1.0,2136.0,942.3,2.0,2.0,,,,11374.5943,2981.0049,0,0,0.0,1.0,0,0,5018,1,,,,,,,2962.2134,9490.0,1860.0,-1,,,,,,,353116.0,2011,621,606,0,0,0,0,0,18.0,5.0,51.0,2011,MIS4_to_MIS8,indiana,0,2010-2011,1,0,0,0,retention
810809967003194,10,2.0,1,4,2,8700,87001,1,1,32,18,26900,0,1.0,1.0,,5,3,59,1.0,2,44,1,,2,1,2,1,2,57,57,57,1,0,0,1.0,2.0,5.0,45.0,,,,,,,,5.0,3.0,0.0,1,2.0,2.0,2.0,,807.69,2.0,2.0,,,,13645.5192,3522.4593,0,0,0.0,,0,0,51580,2,,,,,,3.0,3547.6227,8570.0,5600.0,-1,,,,,,,357172.0,2010,609,606,0,0,0,0,0,18.0,17.0,44.0,2010,1.0,1,8,2,8700,87001,1,32,18,26900,0,1.0,1.0,,5,3,61,1.0,2,44,1,,1,2,1,2,57,57,57,1,0,0,2.0,4.0,,,,,,,,17.0,2.0,11.0,3.0,0.0,2,,,,,,,,,,,8813.3319,2673.008,0,0,,,0,0,5018,2,,,,,,3.0,2662.297,7860.0,230.0,-1,,,,,,,353117.0,2011,621,606,0,0,0,0,0,18.0,1.0,40.0,2011,MIS4_to_MIS8,indiana,0,2010-2011,1,0,0,0,retention
59501880986493,10,1.0,1,4,2,8700,87001,1,1,32,18,16980,89,2.0,1.0,,7,3,40,1.0,2,44,1,1.0,2,1,2,1,2,303,303,303,4,0,9,2.0,1.0,,40.0,,40.0,,,,,,2.0,3.0,0.0,1,1.0,2.0,2.0,,1057.69,1.0,,,,,9149.046,2351.0756,3,1,0.0,,0,0,44307,2,,,,,,3.0,2325.9644,7860.0,3230.0,-1,1.0,,,,,,357232.0,2010,609,606,0,0,1,0,0,18.0,10.0,40.0,2010,1.0,1,8,2,8700,87001,1,32,18,16980,89,2.0,1.0,,7,3,41,1.0,2,44,1,1.0,1,2,1,2,303,303,303,4,0,9,2.0,1.0,,35.0,,35.0,,,,,,2.0,2.0,0.0,1,2.0,2.0,2.0,,1192.3,1.0,,,,,10076.2743,2540.5234,3,1,0.0,,0,0,9218,2,,,,,,3.0,2528.9771,7860.0,3230.0,-1,1.0,,,,,,353182.0,2011,621,606,0,0,1,0,0,18.0,10.0,40.0,2011,MIS4_to_MIS8,indiana,0,2010-2011,1,0,0,0,retention
810809993612095,10,1.0,1,4,2,8700,87001,1,1,32,18,31140,0,2.0,1.0,,5,3,40,1.0,2,40,1,,2,1,2,1,2,57,57,57,1,0,0,2.0,1.0,,15.0,,12.0,,,18.0,,,7.0,3.0,0.0,1,2.0,,1.0,840.0,134.4,2.0,2.0,,,,9732.7416,2511.4974,4,2,0.0,0.0,0,0,712,2,,,3.0,,,,2474.3575,7860.0,2540.0,-1,,,,,,,357363.0,2010,609,606,0,0,0,1,0,14.0,8.0,40.0,2010,1.0,1,8,2,8700,87001,1,32,18,31140,0,2.0,1.0,,5,3,41,1.0,2,40,1,,1,2,1,2,57,57,57,1,0,0,2.0,1.0,,20.0,,20.0,,,18.0,,,7.0,4.0,0.0,1,2.0,,1.0,875.0,175.0,2.0,2.0,,,,10688.9377,2670.4598,4,1,0.0,0.0,0,0,817,2,,,3.0,,,,2682.7454,7860.0,2540.0,-1,,,,,,,353305.0,2011,621,606,0,0,0,1,0,14.0,8.0,40.0,2011,MIS4_to_MIS8,indiana,0,2010-2011,0,1,0,1,retention
889960521980981,10,1.0,1,4,2,8700,87001,1,1,32,18,23060,0,2.0,1.0,,3,3,36,1.0,1,43,1,,2,1,2,1,2,57,57,57,1,0,0,2.0,1.0,,40.0,,40.0,,,,,,2.0,3.0,0.0,1,2.0,2.0,2.0,,1134.61,1.0,,,,,12036.5567,3031.7121,11,3,0.0,,0,0,7721,2,,,,1.0,1.0,,2998.4333,7860.0,2310.0,-1,,,,,,,357387.0,2010,609,606,1,1,1,0,1,18.0,8.0,40.0,2010,1.0,1,8,2,8700,87001,1,32,18,23060,0,2.0,1.0,,3,3,37,1.0,1,44,1,,1,2,1,2,57,57,57,1,0,0,2.0,1.0,,40.0,,40.0,,,,,,2.0,3.0,0.0,1,2.0,2.0,2.0,,692.3,1.0,,,,,12714.4443,3233.9913,6,3,0.0,,22,0,5001,2,,,,,,2.0,3215.0643,7860.0,2320.0,-1,,,,,,,353319.0,2011,621,606,1,0,1,0,1,18.0,8.0,40.0,2011,MIS4_to_MIS8,indiana,0,2010-2011,1,0,0,0,retention
194908608023829,10,1.0,1,4,2,8700,87001,1,1,32,18,0,0,3.0,2.0,,0,1,48,2.0,2,44,1,,1,1,1,1,2,57,57,57,1,0,0,1.0,1.0,,40.0,,40.0,,,,,,2.0,3.0,0.0,1,2.0,2.0,2.0,,1854.0,1.0,,,,,13193.9348,3299.9852,3,1,1.0,,0,42,21148,1,,,,,,3.0,3235.3158,7860.0,2310.0,-1,,,,,,,357467.0,2010,609,606,0,0,1,0,0,18.0,8.0,40.0,2010,1.0,1,8,2,8700,87001,1,32,18,0,0,3.0,2.0,,0,1,49,2.0,2,44,1,,1,1,1,2,57,57,57,1,0,0,1.0,1.0,,40.0,,40.0,,,,,,2.0,3.0,0.0,1,2.0,2.0,2.0,,1500.0,1.0,,,,,11164.4471,2779.4447,3,1,1.0,,0,42,23105,1,,,,,,3.0,2747.1802,7860.0,2310.0,-1,,,,,,,353393.0,2011,621,606,0,0,1,0,0,18.0,8.0,40.0,2011,MIS4_to_MIS8,indiana,0,2010-2011,1,0,0,0,retention
8068175180910,10,1.0,1,4,2,8700,87001,1,1,32,18,14020,0,,1.0,,2,1,37,2.0,1,40,1,,1,1,1,1,2,57,57,57,1,0,0,1.0,1.0,,-4.0,,50.0,,,,,,2.0,3.0,0.0,1,2.0,2.0,2.0,,980.76,1.0,,,,,12244.4374,3084.0722,3,2,0.0,,0,0,44358,1,,,2.0,,,,3050.2186,9470.0,3850.0,-1,,,,,,,357576.0,2010,609,606,0,0,1,0,0,13.0,12.0,51.0,2010,2.0,1,8,2,8700,87001,1,32,18,14020,0,,1.0,,2,1,39,2.0,1,42,1,,1,1,1,2,57,57,57,1,0,0,2.0,1.0,,51.0,,51.0,,,,,,2.0,3.0,0.0,1,2.0,2.0,2.0,,1000.0,1.0,,,,,13711.2554,3487.5358,3,2,0.0,,0,0,35774,1,,,4.0,,,,3467.125,9470.0,3850.0,-1,,,,,,,353502.0,2011,621,606,0,0,1,0,0,15.0,12.0,51.0,2011,MIS4_to_MIS8,indiana,0,2010-2011,1,0,0,0,retention
8068175180910,10,1.0,1,4,2,8700,87001,1,1,32,18,14020,0,,1.0,,2,3,39,1.0,2,43,1,,2,1,2,1,2,57,57,57,1,0,0,2.0,1.0,,35.0,6.0,32.0,,,6.0,,,4.0,3.0,0.0,1,2.0,2.0,2.0,,865.38,2.0,2.0,,,,9437.1246,2430.4648,3,2,0.0,,0,0,44358,2,,,,2.0,,,2399.2027,9470.0,2020.0,-1,,,,,,,357577.0,2010,609,606,0,0,1,0,0,16.0,6.0,51.0,2010,2.0,1,8,2,8700,87001,1,32,18,14020,0,,1.0,,2,3,40,1.0,2,43,1,,1,2,1,2,57,57,57,1,0,0,1.0,1.0,,35.0,6.0,32.0,,,6.0,,,4.0,3.0,0.0,1,2.0,2.0,2.0,,865.38,2.0,2.0,,,,11012.7437,2751.3575,3,2,0.0,,0,0,35774,2,,,,1.0,2.0,,2764.0153,9470.0,2015.0,-1,,,,,,,353503.0,2011,621,606,0,0,1,0,0,17.0,6.0,51.0,2011,MIS4_to_MIS8,indiana,0,2010-2011,1,0,0,0,retention
8900271997838,10,1.0,1,4,2,8700,87001,1,1,32,18,33140,91,,1.0,,2,3,76,1.0,1,39,2,,2,1,2,1,2,57,57,57,1,0,0,2.0,1.0,,40.0,,40.0,,,,,,2.0,3.0,0.0,1,1.0,,1.0,1300.0,685.0,2.0,2.0,,,,7982.5052,2335.2128,0,0,1.0,1.0,0,42,44316,2,1.0,,,,,,2297.0187,9470.0,3800.0,-1,6.0,,,,,,357581.0,2010,609,606,0,0,0,0,0,12.0,12.0,51.0,2010,1.0,1,8,2,8700,87001,1,32,18,33140,91,,1.0,,2,3,77,1.0,1,39,2,,1,2,1,2,57,57,57,1,0,0,2.0,1.0,,40.0,,40.0,,,,,,2.0,3.0,0.0,1,2.0,,1.0,2000.0,800.0,2.0,2.0,,,,8065.7606,2192.6585,0,0,1.0,1.0,0,42,45309,2,1.0,,,,,,2161.9844,9470.0,3800.0,-1,6.0,,,,,,353507.0,2011,621,606,0,0,0,0,0,12.0,12.0,51.0,2011,MIS4_to_MIS8,indiana,0,2010-2011,1,0,0,0,retention
190928506009869,10,2.0,4,4,2,8700,87001,1,1,32,18,0,0,,1.0,,0,4,28,,2,43,1,,4,1,3,5,2,57,57,57,1,0,0,,1.0,,40.0,,38.0,,,,,,2.0,3.0,0.0,1,2.0,,1.0,2400.0,960.0,1.0,,,,,10691.7748,2746.8856,0,0,1.0,1.0,21,41,66472,4,,,,2.0,,,2746.5901,7860.0,2310.0,-1,,,,,1.0,,357592.0,2010,609,606,0,0,0,0,0,16.0,8.0,40.0,2010,1.0,4,8,2,8700,87001,1,32,18,0,0,,1.0,,0,4,29,,2,43,1,,1,3,5,2,57,57,57,1,0,0,2.0,1.0,,40.0,,40.0,,,,,,2.0,4.0,0.0,1,2.0,,1.0,1807.0,722.8,2.0,2.0,,,,10698.6368,2723.7083,0,0,1.0,1.0,0,42,23125,4,,,,2.0,,,2706.0261,2980.0,5860.0,-1,,,,,1.0,,353518.0,2011,621,606,0,0,0,0,0,16.0,17.0,6.0,2011,MIS4_to_MIS8,indiana,0,2010-2011,0,1,0,1,retention
408902251998498,10,1.0,1,4,2,8700,87001,1,1,32,18,0,0,,1.0,,0,3,55,1.0,1,39,1,,2,1,2,1,2,57,57,57,1,0,0,2.0,1.0,,40.0,,40.0,,,,,,2.0,3.0,0.0,1,2.0,2.0,2.0,,1346.0,2.0,2.0,,,,12503.9097,3219.5109,0,0,1.0,,0,0,21029,2,1.0,,,,,,3196.555,9370.0,1540.0,-1,,,,,,,357624.0,2010,609,606,0,0,0,0,0,12.0,4.0,51.0,2010,1.0,1,8,2,8700,87001,1,32,18,0,0,,1.0,,0,3,57,1.0,1,39,1,,1,2,1,2,57,57,57,1,0,0,2.0,1.0,,35.0,,35.0,,,,,,2.0,3.0,0.0,1,2.0,2.0,2.0,,653.0,2.0,2.0,,,,12077.8466,3052.7552,0,0,1.0,,0,0,9209,2,1.0,,,,,,3010.6915,9370.0,1540.0,-1,,,,,,,353553.0,2011,621,606,0,0,0,0,0,12.0,4.0,51.0,2011,MIS4_to_MIS8,indiana,0,2010-2011,1,0,0,0,retention
810809995033496,10,2.0,1,4,2,8700,87001,1,1,32,18,11300,95,,1.0,,2,3,54,1.0,2,39,1,,2,1,2,1,2,57,57,57,1,0,0,1.0,1.0,,50.0,,50.0,,,,,,2.0,3.0,0.0,1,2.0,1.0,1.0,2480.0,985.0,2.0,2.0,,,,14461.2179,3586.5163,0,0,0.0,0.0,0,0,33919,2,1.0,,,,,,3546.0693,6770.0,120.0,-1,,,,,,,357665.0,2010,609,606,0,0,0,0,0,12.0,1.0,31.0,2010,2.0,1,8,2,8700,87001,1,32,18,11300,95,,1.0,,2,3,55,1.0,2,39,1,,1,2,1,2,57,57,57,1,0,0,1.0,1.0,,40.0,,40.0,,,,,,2.0,3.0,0.0,1,2.0,2.0,2.0,,1019.23,2.0,2.0,,,,10512.9594,2619.3036,0,0,0.0,,0,0,23023,2,1.0,,,,,,2598.4782,6770.0,4710.0,-1,,,,,,,353596.0,2011,621,606,0,0,0,0,0,12.0,16.0,31.0,2011,MIS4_to_MIS8,indiana,0,2010-2011,1,0,0,0,retention
899570153860681,10,1.0,7,4,2,8700,87001,1,1,32,18,14020,0,,1.0,,2,2,19,,2,40,1,,1,0,0,7,2,57,57,57,1,0,0,1.0,1.0,,15.0,,19.0,,,14.0,,,6.0,2.0,0.0,1,2.0,,1.0,1000.0,150.0,2.0,2.0,1.0,1.0,2.0,11564.1744,2715.4258,0,0,0.0,0.0,0,0,20987,1,,,3.0,,,,2618.9053,7870.0,5860.0,4760,,,,,,,357671.0,2010,609,606,0,0,0,0,0,14.0,17.0,40.0,2010,1.0,7,8,2,8700,87001,1,32,18,14020,0,,1.0,,2,2,20,,2,40,1,,0,0,7,2,57,57,57,1,0,0,1.0,1.0,,40.0,,40.0,,,,,,2.0,2.0,0.0,1,2.0,2.0,2.0,,538.46,2.0,2.0,1.0,2.0,2.0,12185.447,3164.0575,0,0,0.0,,0,0,59795,1,,,4.0,,,,3116.4515,7870.0,5860.0,-1,,,,,,,353606.0,2011,621,606,0,0,0,0,0,15.0,17.0,40.0,2011,MIS4_to_MIS8,indiana,0,2010-2011,1,0,0,0,retention
8903903989786,10,2.0,4,4,2,8700,87001,1,1,21,36,35620,47,1.0,1.0,,7,5,17,,2,35,2,,3,1,4,7,2,57,341,341,1,0,0,2.0,4.0,,,,,,,,4.0,5.0,12.0,3.0,0.0,2,,,,,,,,1.0,1.0,1.0,13576.643,3170.9594,0,0,,,0,0,4369,3,,,,,,,3364.7695,7860.0,4220.0,-1,,,,,,,368458.0,2010,609,606,0,0,0,0,0,9.0,14.0,40.0,2010,1.0,4,8,2,8700,87001,1,21,36,35620,47,1.0,1.0,,7,5,18,,2,38,2,,1,4,7,2,57,341,341,1,0,0,2.0,7.0,,,,,,,,,,1.0,,,2,,,,,,,,1.0,1.0,1.0,14333.8499,3458.0567,0,0,,,0,0,30091,3,,,,,,,3515.1284,,,-1,,,,,,,364414.0,2011,621,606,0,0,0,0,0,12.0,,,2011,MIS4_to_MIS8,new_york,0,2010-2011,0,1,0,0,retention
22243860989091,10,1.0,1,4,2,8700,87001,1,1,21,36,15380,0,1.0,1.0,1.0,5,3,54,1.0,1,37,2,,2,1,2,1,2,57,57,57,1,0,0,2.0,1.0,,37.0,,37.0,,,,,,2.0,2.0,0.0,1,2.0,,1.0,1100.0,407.0,1.0,,,,,14255.5534,3372.3006,0,0,1.0,1.0,0,0,61335,2,,,,,,,3409.784,8180.0,4030.0,-1,4.0,,,,,,368487.0,2010,609,606,0,0,0,0,0,11.0,13.0,42.0,2010,1.0,1,8,2,8700,87001,1,21,36,15380,0,1.0,1.0,1.0,5,3,55,1.0,1,37,2,,1,2,1,2,57,57,57,1,0,0,2.0,1.0,,37.0,,37.0,,,,,,2.0,4.0,0.0,1,2.0,1.0,1.0,850.0,200.0,1.0,,,,,10787.8308,2976.262,0,0,1.0,1.0,0,0,15052,2,,,,,,,2953.6903,8180.0,4020.0,-1,4.0,,,,,,364443.0,2011,621,606,0,0,0,0,0,11.0,13.0,42.0,2011,MIS4_to_MIS8,new_york,0,2010-2011,0,1,0,1,retention
30153860955592,10,1.0,1,4,2,8700,87001,1,1,21,36,35620,81,1.0,1.0,,7,1,30,2.0,1,43,4,,1,1,1,1,2,57,247,247,1,0,0,1.0,1.0,,40.0,,40.0,,,,,,2.0,3.0,0.0,1,2.0,2.0,2.0,,2884.61,2.0,1.0,,,,11265.1404,2839.2681,1,1,0.0,,0,0,13659,1,,,,2.0,,,2843.0323,9470.0,3740.0,-1,,,,,,,368495.0,2010,609,606,1,0,0,0,1,16.0,12.0,51.0,2010,1.0,1,8,2,8700,87001,1,21,36,35620,81,1.0,1.0,,7,1,31,2.0,1,43,4,,1,1,1,2,57,247,247,1,0,0,1.0,1.0,,40.0,,40.0,,,,,,2.0,3.0,0.0,1,2.0,1.0,1.0,3600.0,2884.61,2.0,1.0,,,,13592.3359,3415.473,2,1,0.0,0.0,0,0,15388,1,,,,2.0,,,3501.729,9470.0,3740.0,-1,,,,,,,364452.0,2011,621,606,0,1,0,0,1,16.0,12.0,51.0,2011,MIS4_to_MIS8,new_york,0,2010-2011,1,0,0,0,retention
63939078809098,10,2.0,6,4,2,8700,87001,1,1,21,36,35620,47,1.0,1.0,,7,14,26,,2,43,2,,2,0,0,7,2,330,330,330,4,0,12,1.0,1.0,,38.0,,38.0,,,,,,2.0,3.0,0.0,1,2.0,2.0,2.0,,961.53,1.0,,,,,10497.5963,2534.5418,0,0,0.0,,0,0,4368,2,,,,1.0,1.0,,2668.9824,7860.0,2320.0,-1,,,,,,,368575.0,2010,609,606,0,0,0,0,0,18.0,8.0,40.0,2010,2.0,3,8,2,8700,87001,1,21,36,35620,47,1.0,1.0,,7,14,27,,2,43,2,,0,0,7,2,330,330,330,4,0,12,1.0,2.0,8.0,37.0,,,,,,,,5.0,3.0,0.0,1,2.0,2.0,2.0,,961.53,1.0,,,,,11111.2375,2918.6405,1,1,0.0,,0,0,60503,2,,,,1.0,1.0,,2990.4731,7860.0,2320.0,-1,,,,,,,364506.0,2011,621,606,1,0,0,0,1,18.0,8.0,40.0,2011,MIS4_to_MIS8,new_york,0,2010-2011,1,0,0,0,retention
85093860983199,10,1.0,1,4,2,8700,87001,1,1,21,36,35620,5,1.0,1.0,,7,3,55,1.0,2,43,1,,2,1,2,1,2,57,57,57,1,0,0,2.0,1.0,,35.0,,35.0,,,,,,2.0,3.0,0.0,1,2.0,2.0,2.0,,711.53,1.0,,,,,15689.0437,3950.5527,0,0,0.0,,0,0,17874,2,,,,2.0,,,4078.9073,8190.0,3910.0,-1,,,,,,,368593.0,2010,609,606,0,0,0,0,0,16.0,12.0,41.0,2010,1.0,1,8,2,8700,87001,1,21,36,35620,5,1.0,1.0,,7,3,56,1.0,2,43,1,,1,2,1,2,57,57,57,1,0,0,2.0,1.0,,35.0,4.0,28.0,,,4.0,,,4.0,3.0,0.0,1,2.0,2.0,2.0,,750.0,1.0,,,,,16520.6347,4035.2479,0,0,0.0,,0,0,19527,2,,,,2.0,,,4083.3896,8190.0,3910.0,-1,,,,,,,364524.0,2011,621,606,0,0,0,0,0,16.0,12.0,41.0,2011,MIS4_to_MIS8,new_york,0,2010-2011,1,0,0,0,retention
280860090238859,10,1.0,7,4,2,8700,87001,1,1,21,36,35620,47,1.0,1.0,,7,2,42,,2,43,1,,1,0,0,5,2,163,163,163,5,0,16,1.0,1.0,,40.0,,40.0,,,,,,2.0,3.0,0.0,1,2.0,,1.0,1920.0,768.0,1.0,,,,,11305.4096,2845.7013,0,0,1.0,1.0,0,42,17886,1,,,,1.0,2.0,,2874.1773,8190.0,3130.0,-1,,,,,,,368660.0,2010,609,606,0,0,0,0,0,17.0,10.0,41.0,2010,1.0,7,8,2,8700,87001,1,21,36,35620,47,1.0,1.0,,7,2,42,,2,43,1,,0,0,5,2,163,163,163,5,0,16,1.0,1.0,,40.0,,40.0,,,,,,2.0,3.0,0.0,1,2.0,2.0,2.0,,1346.15,1.0,,,,,13164.1777,3224.2439,0,0,0.0,,0,0,19543,1,,,,1.0,1.0,,3303.9895,8190.0,3255.0,-1,,,,,,,364594.0,2011,621,606,0,0,0,0,0,18.0,10.0,41.0,2011,MIS4_to_MIS8,new_york,0,2010-2011,1,0,0,0,retention
391928701043612,10,1.0,6,4,2,8700,87001,1,1,21,36,35620,81,1.0,1.0,,7,2,26,,1,39,1,4.0,1,0,0,7,2,57,57,57,1,0,0,1.0,1.0,,40.0,,50.0,,,,,,2.0,3.0,0.0,1,1.0,1.0,1.0,1500.0,692.3,2.0,2.0,,,,13096.4382,3206.7223,0,0,0.0,0.0,0,0,27896,1,1.0,,,,,,3305.2049,770.0,7620.0,-1,,,,,,,368705.0,2010,609,606,0,0,0,0,0,12.0,20.0,4.0,2010,1.0,6,8,2,8700,87001,1,21,36,35620,81,1.0,1.0,,7,2,27,,1,39,1,4.0,0,0,7,2,57,57,57,1,0,0,1.0,1.0,,50.0,13.0,13.0,,,13.0,,,4.0,3.0,0.0,1,2.0,1.0,1.0,1414.0,2250.0,1.0,,,,,14079.9066,3573.4548,0,0,0.0,0.0,0,0,65572,1,1.0,,,,,,3627.3395,6180.0,6730.0,4610,,,,,,,364644.0,2011,621,606,0,0,0,0,0,12.0,19.0,23.0,2011,MIS4_to_MIS8,new_york,0,2010-2011,1,0,0,0,retention
510162007838940,10,1.0,7,4,2,8700,87001,1,1,21,36,35620,81,1.0,1.0,,7,2,60,,2,42,1,2.0,1,0,0,4,2,57,73,73,1,0,0,1.0,5.0,,,,,,,,,,1.0,3.0,0.0,2,,,,,,,,,,,16999.7356,4337.4841,0,0,,,0,0,13655,1,,,4.0,,,,4192.0139,7070.0,560.0,-1,,,,,,,368827.0,2010,609,606,0,0,0,0,0,15.0,2.0,34.0,2010,1.0,7,8,2,8700,87001,1,21,36,35620,81,1.0,1.0,,7,2,60,,2,42,1,2.0,0,0,4,2,57,73,73,1,0,0,1.0,5.0,,,,,,,,,,1.0,,,2,,,,,,,,,,,20329.8188,5208.1636,0,0,,,0,0,15384,1,,,4.0,,,,5037.9532,,,-1,,,,,,,364764.0,2011,621,606,0,0,0,0,0,15.0,,,2011,MIS4_to_MIS8,new_york,0,2010-2011,0,1,0,0,retention
556529380109305,10,1.0,6,4,2,8700,87001,1,1,21,36,35620,81,1.0,1.0,,7,2,40,,1,43,1,,1,0,0,7,2,57,110,57,1,0,0,1.0,1.0,,40.0,,40.0,,,,,,2.0,3.0,0.0,1,2.0,1.0,1.0,2500.0,1000.0,2.0,1.0,,,,9757.5738,2389.1281,0,0,0.0,0.0,0,0,4576,1,,,,2.0,,,2430.7146,9470.0,3740.0,-1,,,,,,,368837.0,2010,609,606,0,0,0,0,0,16.0,12.0,51.0,2010,1.0,6,8,2,8700,87001,1,21,36,35620,81,1.0,1.0,,7,2,41,,1,43,1,,0,0,7,2,57,110,57,1,0,0,1.0,1.0,,40.0,,44.0,,,,,,2.0,3.0,0.0,1,2.0,1.0,1.0,2900.0,1200.0,2.0,1.0,,,,11717.0274,2933.0572,0,0,0.0,0.0,0,0,15389,1,,,,2.0,,,2962.8504,9470.0,3740.0,-1,,,,,,,364775.0,2011,621,606,0,0,0,0,0,16.0,12.0,51.0,2011,MIS4_to_MIS8,new_york,0,2010-2011,1,0,0,0,retention
619760647270983,10,1.0,1,4,2,8700,87001,1,1,21,36,35620,47,1.0,1.0,,7,3,36,1.0,1,40,2,2.0,2,1,2,1,2,57,73,73,1,0,0,2.0,1.0,,40.0,,40.0,,,,,,2.0,3.0,0.0,1,2.0,,1.0,1410.0,564.0,1.0,,,,,16831.5868,4389.9827,11,3,1.0,1.0,0,42,55777,2,,,2.0,,,,4458.0183,7860.0,4220.0,-1,,,,,,,368883.0,2010,609,606,1,1,1,0,1,13.0,14.0,40.0,2010,1.0,1,8,2,8700,87001,1,21,36,35620,47,1.0,1.0,,7,3,37,1.0,1,40,2,2.0,1,2,1,2,57,73,73,1,0,0,2.0,1.0,,40.0,,40.0,,,,,,2.0,3.0,0.0,1,2.0,,1.0,840.0,336.0,2.0,2.0,,,,15083.4186,3915.7048,6,3,1.0,1.0,0,42,60506,2,,,1.0,,,,3969.9005,7860.0,4220.0,-1,,,,,,,364832.0,2011,621,606,1,0,1,0,1,12.0,14.0,40.0,2011,MIS4_to_MIS8,new_york,0,2010-2011,1,0,0,0,retention
689980910530983,10,1.0,1,4,2,8700,87001,1,1,21,36,35620,5,1.0,1.0,,7,1,31,2.0,2,40,1,2.0,1,1,1,1,2,57,57,314,1,0,0,1.0,2.0,8.0,38.0,,,,,,,,5.0,3.0,0.0,1,2.0,1.0,1.0,1200.0,625.0,1.0,,,,,10602.1911,2738.501,11,3,0.0,1.0,0,0,31333,1,,,3.0,,,,2723.5771,8190.0,3650.0,-1,,,,,,,368971.0,2010,609,606,1,1,1,0,1,14.0,11.0,41.0,2010,1.0,1,8,2,8700,87001,1,21,36,35620,5,1.0,1.0,,7,1,32,2.0,2,40,1,2.0,1,1,1,2,57,57,314,1,0,0,1.0,1.0,,38.0,6.0,30.0,,,6.0,,,4.0,3.0,0.0,1,2.0,1.0,1.0,1600.0,617.0,1.0,,,,,14287.8481,3509.8333,11,3,0.0,0.0,0,0,5787,1,,,3.0,,,,3613.852,8190.0,3500.0,-1,,,,,,,364918.0,2011,621,606,1,1,1,0,1,14.0,10.0,41.0,2011,MIS4_to_MIS8,new_york,0,2010-2011,1,0,0,0,retention
830609972548371,10,1.0,7,4,2,8700,87001,1,1,21,36,35620,47,1.0,1.0,,7,2,37,,2,45,1,,1,0,0,7,2,57,57,57,1,0,0,1.0,1.0,,40.0,,40.0,,,,,,2.0,2.0,0.0,1,2.0,2.0,2.0,,1500.0,1.0,,,,,11102.9206,2789.2815,0,0,1.0,,0,42,48725,1,,,,,,,2822.6984,9570.0,2630.0,-1,,,,,,,369056.0,2010,609,606,0,0,0,0,0,18.0,9.0,51.0,2010,1.0,7,8,2,8700,87001,1,21,36,35620,47,1.0,1.0,,7,2,38,,2,44,1,,0,0,7,2,57,57,57,1,0,0,1.0,1.0,,40.0,,40.0,,,,,,2.0,2.0,0.0,1,2.0,2.0,2.0,,1384.61,1.0,,,,,13208.5202,3279.5669,0,0,0.0,,0,0,30095,1,,,,,,1.0,3315.1187,9570.0,430.0,-1,,,,,,,364992.0,2011,621,606,0,0,0,0,0,17.0,1.0,51.0,2011,MIS4_to_MIS8,new_york,0,2010-2011,1,0,0,0,retention
947076014389490,10,1.0,7,4,2,8700,87001,1,1,21,36,35620,81,1.0,1.0,,7,2,33,,2,44,1,,1,0,0,7,2,57,57,57,1,0,0,1.0,1.0,,40.0,,40.0,,,,,,2.0,3.0,0.0,1,2.0,2.0,2.0,,626.0,1.0,,,,,11523.5234,2949.3074,0,0,1.0,,0,0,4571,1,,,,,,3.0,2960.2564,7860.0,230.0,-1,,,,,,,369162.0,2010,609,606,0,0,0,0,0,18.0,1.0,40.0,2010,1.0,7,8,2,8700,87001,1,21,36,35620,81,1.0,1.0,,7,2,34,,2,44,1,,0,0,7,2,57,57,57,1,0,0,1.0,1.0,,40.0,,40.0,,,,,,2.0,3.0,0.0,1,2.0,2.0,2.0,,961.0,2.0,2.0,,,,13262.0162,3313.6625,0,0,1.0,,0,42,30316,1,,,,,,3.0,3354.3864,7860.0,2310.0,-1,,,,,,,365082.0,2011,621,606,0,0,0,0,0,18.0,8.0,40.0,2011,MIS4_to_MIS8,new_york,0,2010-2011,1,0,0,0,retention
20866095838129,10,3.0,1,4,2,8700,87001,1,1,21,36,35620,59,2.0,1.0,,7,4,31,,2,44,1,,3,1,3,7,2,57,57,57,1,0,0,1.0,1.0,,40.0,,40.0,,,,,,2.0,3.0,0.0,1,2.0,2.0,2.0,,1346.15,2.0,2.0,,,,13734.614,3505.7685,0,0,0.0,,0,0,61389,3,,,,,,3.0,3528.2594,7860.0,2310.0,-1,,,,,2.0,1.0,369259.0,2010,609,606,0,0,0,0,0,18.0,8.0,40.0,2010,2.0,1,8,2,8700,87001,1,21,36,35620,59,2.0,1.0,,7,4,32,,2,44,1,,1,3,7,2,57,57,57,1,0,0,2.0,1.0,,40.0,,40.0,,,,,,2.0,3.0,0.0,1,2.0,2.0,2.0,,1153.84,2.0,2.0,,,,12792.8263,3239.4429,0,0,0.0,,0,0,41578,3,,,,,,3.0,3235.7134,7860.0,2310.0,-1,,,,,2.0,1.0,365182.0,2011,621,606,0,0,0,0,0,18.0,8.0,40.0,2011,MIS4_to_MIS8,new_york,0,2010-2011,1,0,0,0,retention
34056179380480,10,2.0,1,4,2,8700,87001,1,1,21,36,15380,0,2.0,1.0,,5,1,35,2.0,1,44,1,,1,1,1,1,2,57,57,57,1,0,0,2.0,1.0,,40.0,,40.0,,,,,,2.0,3.0,0.0,1,2.0,2.0,2.0,,1675.0,1.0,,,,,14218.2229,3483.9226,8,3,0.0,,0,0,13329,1,,,,,,1.0,3541.9093,7860.0,2320.0,-1,,,,,,,369266.0,2010,609,606,0,1,1,0,1,17.0,8.0,40.0,2010,2.0,1,8,2,8700,87001,1,21,36,15380,0,2.0,1.0,,5,1,36,2.0,1,44,1,,1,1,1,2,57,57,57,1,0,0,2.0,1.0,,40.0,,40.0,,,,,,2.0,2.0,0.0,1,2.0,2.0,2.0,,1775.0,1.0,,,,,11938.8298,3017.1088,8,3,0.0,,0,0,41493,1,,,,,,1.0,3018.9369,7860.0,2320.0,-1,,,,,,,365189.0,2011,621,606,0,1,1,0,1,17.0,8.0,40.0,2011,MIS4_to_MIS8,new_york,0,2010-2011,1,0,0,0,retention
34056179380480,10,2.0,1,4,2,8700,87001,1,1,21,36,15380,0,2.0,1.0,,5,3,35,1.0,2,44,1,,2,1,2,1,2,57,57,57,1,0,0,1.0,1.0,,40.0,8.0,32.0,,,8.0,,,4.0,3.0,0.0,1,2.0,2.0,2.0,,1500.0,1.0,,,,,12415.235,3110.585,8,3,0.0,,0,0,13329,2,,,,,,1.0,3156.3285,7860.0,2310.0,-1,,,,,,,369267.0,2010,609,606,0,1,1,0,1,17.0,8.0,40.0,2010,2.0,1,8,2,8700,87001,1,21,36,15380,0,2.0,1.0,,5,3,36,1.0,2,44,1,,1,2,1,2,57,57,57,1,0,0,1.0,1.0,,40.0,,40.0,,,,,,2.0,2.0,0.0,1,2.0,2.0,2.0,,1625.0,1.0,,,,,12329.7043,3102.5593,8,3,0.0,,0,0,41493,2,,,,,,1.0,3094.5505,7860.0,2310.0,-1,,,,,,,365190.0,2011,621,606,0,1,1,0,1,17.0,8.0,40.0,2011,MIS4_to_MIS8,new_york,0,2010-2011,1,0,0,0,retention
84397769600758,10,1.0,6,4,2,8700,87001,1,1,21,36,35620,59,2.0,1.0,,7,2,36,,1,42,1,,1,0,0,7,2,57,57,57,1,0,0,1.0,1.0,,40.0,,40.0,,,,,,2.0,2.0,0.0,1,2.0,,1.0,2800.0,1120.0,1.0,,,,,15155.0992,3713.4875,0,0,0.0,0.0,0,0,64963,1,,,3.0,,,,3775.2951,6080.0,9200.0,-1,,,,,,,369319.0,2010,609,606,0,0,0,0,0,14.0,22.0,23.0,2010,1.0,6,8,2,8700,87001,1,21,36,35620,59,2.0,1.0,,7,2,37,,1,42,1,,0,0,7,2,57,57,57,1,0,0,1.0,1.0,,40.0,,40.0,,,,,,2.0,4.0,0.0,1,2.0,2.0,2.0,,961.0,1.0,,,,,12337.3026,3117.8085,0,0,1.0,,0,42,1861,1,,,3.0,,,,3119.6976,6180.0,9200.0,-1,,,,,,,365250.0,2011,621,606,0,0,0,0,0,14.0,22.0,23.0,2011,MIS4_to_MIS8,new_york,0,2010-2011,0,1,0,1,retention
91086185380380,10,1.0,1,4,2,8700,87001,1,1,21,36,35620,103,2.0,1.0,,7,1,42,2.0,1,44,1,,1,1,1,1,2,57,57,57,1,0,0,1.0,1.0,,40.0,,40.0,,,,,,2.0,3.0,0.0,1,1.0,2.0,2.0,,2884.61,1.0,,,,,13367.7488,3264.2837,10,3,1.0,,0,0,40171,1,,,,,,2.0,3330.0473,7860.0,2310.0,-1,,,,,,,369328.0,2010,609,606,0,0,1,1,0,18.0,8.0,40.0,2010,1.0,1,8,2,8700,87001,1,21,36,35620,103,2.0,1.0,,7,1,43,2.0,1,44,1,,1,1,1,2,57,57,57,1,0,0,1.0,1.0,,40.0,6.0,32.0,,,6.0,,,4.0,3.0,0.0,1,1.0,2.0,2.0,,576.0,1.0,,,,,12276.1715,3114.3768,10,3,1.0,,0,42,49694,1,,,,,,2.0,3104.2395,7860.0,2310.0,-1,,,,,,,365256.0,2011,621,606,0,0,1,1,0,18.0,8.0,40.0,2011,MIS4_to_MIS8,new_york,0,2010-2011,1,0,0,0,retention
91086185380380,10,1.0,1,4,2,8700,87001,1,1,21,36,35620,103,2.0,1.0,,7,3,42,1.0,2,44,1,,2,1,2,1,2,57,57,57,1,0,0,2.0,1.0,,40.0,,40.0,,,,,,2.0,3.0,0.0,1,1.0,2.0,2.0,,1057.0,1.0,,,,,13474.6494,3382.6145,10,3,1.0,,0,0,40171,2,,,,,,2.0,3425.6637,7860.0,2310.0,-1,,,,,,,369329.0,2010,609,606,0,0,1,1,0,18.0,8.0,40.0,2010,1.0,1,8,2,8700,87001,1,21,36,35620,103,2.0,1.0,,7,3,43,1.0,2,44,1,,1,2,1,2,57,57,57,1,0,0,2.0,1.0,,40.0,6.0,32.0,,,6.0,,,4.0,3.0,0.0,1,2.0,2.0,2.0,,1346.0,1.0,,,,,12698.4493,3152.0271,10,3,1.0,,0,42,49694,2,,,,,,2.0,3187.0994,7860.0,2310.0,-1,,,,,,,365257.0,2011,621,606,0,0,1,1,0,18.0,8.0,40.0,2011,MIS4_to_MIS8,new_york,0,2010-2011,1,0,0,0,retention
95013860985593,10,1.0,1,4,2,8700,87001,1,1,21,36,10580,0,2.0,1.0,,4,3,37,1.0,2,44,1,,2,1,2,1,2,57,57,57,1,0,0,2.0,1.0,,40.0,,40.0,,,,,,2.0,3.0,0.0,1,2.0,2.0,2.0,,1000.0,1.0,,,,,12415.235,3110.585,5,2,1.0,,0,0,48822,2,,,,,,2.0,3156.3285,7860.0,1820.0,-1,,,,,,,369334.0,2010,609,606,1,1,0,0,1,18.0,5.0,40.0,2010,1.0,1,8,2,8700,87001,1,21,36,10580,0,2.0,1.0,,4,3,37,1.0,2,44,1,,1,2,1,2,57,57,57,1,0,0,2.0,1.0,,40.0,,40.0,,,,,,2.0,3.0,0.0,1,2.0,2.0,2.0,,1346.15,1.0,,,,,12329.7043,3102.5593,5,2,0.0,,0,0,30362,2,,,,,,2.0,3094.5505,7860.0,1820.0,-1,,,,,,,365262.0,2011,621,606,1,1,0,0,1,18.0,5.0,40.0,2011,MIS4_to_MIS8,new_york,0,2010-2011,1,0,0,0,retention
110865092738479,10,1.0,1,4,2,8700,87001,1,1,21,36,35620,103,2.0,1.0,,7,1,36,2.0,1,44,1,,1,1,1,1,2,57,57,57,1,0,0,1.0,1.0,,35.0,,35.0,,,,,,2.0,3.0,0.0,1,2.0,2.0,2.0,,1338.0,1.0,,,,,15155.0992,3713.4875,3,1,1.0,,0,42,13736,1,,,,,,2.0,3775.2951,7860.0,2310.0,-1,,,,,,,369339.0,2010,609,606,0,0,1,0,0,18.0,8.0,40.0,2010,1.0,1,8,2,8700,87001,1,21,36,35620,103,2.0,1.0,,7,1,37,2.0,1,44,1,,1,1,1,2,57,57,57,1,0,0,1.0,1.0,,35.0,4.0,22.0,,,4.0,,,4.0,3.0,0.0,1,2.0,2.0,2.0,,1269.0,1.0,,,,,12337.3026,3117.8085,3,1,1.0,,0,42,49697,1,,,,,,2.0,3119.6976,7860.0,2310.0,-1,,,,,,,365267.0,2011,621,606,0,0,1,0,0,18.0,8.0,40.0,2011,MIS4_to_MIS8,new_york,0,2010-2011,1,0,0,0,retention
408908773795066,10,1.0,1,4,2,8700,87001,1,1,21,36,35620,59,2.0,1.0,,7,1,51,2.0,2,40,4,,1,1,1,1,2,212,212,212,4,0,11,1.0,1.0,,40.0,,40.0,,,,,,2.0,3.0,0.0,1,1.0,1.0,1.0,2500.0,161.53,2.0,2.0,,,,13139.8438,3164.52,4,1,0.0,1.0,0,0,40006,1,,,3.0,,,,3222.052,7860.0,2540.0,-1,,,,,,,369449.0,2010,609,606,0,0,0,1,0,14.0,8.0,40.0,2010,1.0,1,8,2,8700,87001,1,21,36,35620,59,2.0,1.0,,7,1,52,2.0,2,40,4,,1,1,1,2,212,212,212,4,0,11,1.0,1.0,,40.0,,40.0,,,,,,2.0,4.0,0.0,1,2.0,2.0,2.0,,1300.0,2.0,2.0,,,,10230.2072,2530.595,4,1,1.0,,0,0,1860,1,,,2.0,,,,2517.2965,4870.0,4760.0,-1,,,,,,,365398.0,2011,621,606,0,0,0,1,0,13.0,16.0,22.0,2011,MIS4_to_MIS8,new_york,0,2010-2011,0,1,0,1,retention
463063048907697,10,1.0,1,4,2,8700,87001,1,1,21,36,35620,119,2.0,1.0,,7,1,60,2.0,2,44,1,,1,1,1,1,2,57,57,57,1,0,0,1.0,1.0,,38.0,,38.0,,,,,,2.0,3.0,0.0,1,2.0,2.0,2.0,,2884.61,1.0,,,,,13508.3312,3235.6557,0,0,0.0,,0,0,61511,1,,,,,,1.0,3333.0162,7860.0,2550.0,-1,,,,,,,369472.0,2010,609,606,0,0,0,0,0,17.0,8.0,40.0,2010,2.0,1,8,2,8700,87001,1,21,36,35620,119,2.0,1.0,,7,1,61,2.0,2,44,1,,1,1,1,2,57,57,57,1,0,0,2.0,1.0,,40.0,6.0,32.0,,,6.0,,,4.0,3.0,0.0,1,2.0,2.0,2.0,,1923.0,1.0,,,,,13347.4584,3117.3224,0,0,1.0,,0,0,30433,1,,,,,,1.0,3170.4056,7860.0,230.0,-1,,,,,,,365430.0,2011,621,606,0,0,0,0,0,17.0,1.0,40.0,2011,MIS4_to_MIS8,new_york,0,2010-2011,1,0,0,0,retention
463063048907697,10,1.0,1,4,2,8700,87001,1,1,21,36,35620,119,2.0,1.0,,7,3,58,1.0,1,39,1,,2,1,2,1,2,57,57,57,1,0,0,2.0,1.0,,38.0,,38.0,,,,,,2.0,3.0,0.0,1,2.0,1.0,1.0,800.0,1250.0,1.0,,,,,13593.9054,3405.0681,0,0,0.0,1.0,0,0,61511,2,1.0,,,,,,3475.2063,9470.0,5520.0,-1,4.0,,,,,,369473.0,2010,609,606,0,0,0,0,0,12.0,17.0,51.0,2010,2.0,1,8,2,8700,87001,1,21,36,35620,119,2.0,1.0,,7,3,59,1.0,1,39,1,,1,2,1,2,57,57,57,1,0,0,1.0,1.0,,40.0,,40.0,,,,,,2.0,3.0,0.0,1,1.0,1.0,1.0,2400.0,576.0,1.0,,,,,12768.3617,3206.4569,0,0,1.0,1.0,0,0,30433,2,1.0,,,,,,3182.8189,9470.0,5520.0,-1,4.0,,,,,,365431.0,2011,621,606,0,0,0,0,0,12.0,17.0,51.0,2011,MIS4_to_MIS8,new_york,0,2010-2011,1,0,0,0,retention
463063048907697,10,1.0,1,4,2,8700,87001,1,1,21,36,35620,119,2.0,1.0,,7,4,28,,1,40,1,,3,1,3,7,2,57,57,57,1,0,0,2.0,1.0,,38.0,,38.0,,,,,,2.0,3.0,0.0,1,1.0,1.0,1.0,1600.0,384.0,1.0,,,,,15987.607,3939.052,0,0,1.0,1.0,0,0,61511,3,,,2.0,,,,4034.8617,9470.0,5520.0,-1,,,,,1.0,3.0,369474.0,2010,609,606,0,0,0,0,0,13.0,17.0,51.0,2010,2.0,1,8,2,8700,87001,1,21,36,35620,119,2.0,1.0,,7,4,29,,1,40,1,,1,3,7,2,57,57,57,1,0,0,2.0,1.0,,40.0,,40.0,,,,,,2.0,3.0,0.0,1,1.0,1.0,1.0,2500.0,950.0,1.0,,,,,12331.3975,3184.3127,0,0,1.0,1.0,0,0,30433,3,,,3.0,,,,3176.8794,9470.0,5520.0,-1,,,,,1.0,3.0,365432.0,2011,621,606,0,0,0,0,0,14.0,17.0,51.0,2011,MIS4_to_MIS8,new_york,0,2010-2011,1,0,0,0,retention
520868093538069,10,2.0,1,4,2,8700,87001,1,1,21,36,35620,119,2.0,1.0,,7,3,53,1.0,2,43,1,,2,1,2,1,2,57,57,57,1,0,0,1.0,1.0,,35.0,,35.0,,,,,,2.0,3.0,0.0,1,2.0,2.0,2.0,,923.0,1.0,,,,,14162.8619,3417.0902,4,1,1.0,,0,0,55900,2,,,,2.0,,,3472.9087,7860.0,2540.0,-1,,,,,,,369482.0,2010,609,606,0,0,0,1,0,16.0,8.0,40.0,2010,2.0,1,8,2,8700,87001,1,21,36,35620,119,2.0,1.0,,7,3,54,1.0,2,43,1,,1,2,1,2,57,57,57,1,0,0,1.0,1.0,,40.0,6.0,32.0,,,6.0,,,4.0,4.0,0.0,1,2.0,1.0,1.0,1000.0,2692.0,2.0,2.0,,,,13912.9456,3434.2986,0,0,1.0,1.0,0,0,30436,2,,,,2.0,,,3423.4897,7860.0,2540.0,-1,,,,,,,365439.0,2011,621,606,0,0,0,0,0,16.0,8.0,40.0,2011,MIS4_to_MIS8,new_york,0,2010-2011,0,1,0,1,retention
596849080999303,10,3.0,4,4,2,8700,87001,1,1,21,36,15380,0,2.0,1.0,,5,4,55,,2,39,1,,3,1,3,5,2,57,57,57,1,0,0,1.0,1.0,,40.0,,40.0,,,,,,2.0,3.0,0.0,1,2.0,,1.0,1500.0,600.0,1.0,,,,,12559.5647,3154.0458,0,0,0.0,0.0,0,0,27682,3,1.0,,,,,,3265.2914,8270.0,5700.0,-1,,,,,1.0,,369508.0,2010,609,606,0,0,0,0,0,12.0,17.0,42.0,2010,1.0,4,8,2,8700,87001,1,21,36,15380,0,2.0,1.0,,5,4,56,,2,39,1,,1,3,5,2,57,57,57,1,0,0,2.0,1.0,,40.0,,40.0,,,,,,2.0,3.0,0.0,1,2.0,,1.0,1525.0,610.0,1.0,,,,,12311.8922,3047.7084,0,0,0.0,0.0,0,0,30017,3,1.0,,,,,,3043.1187,8270.0,5260.0,-1,,,,,1.0,,365472.0,2011,621,606,0,0,0,0,0,12.0,17.0,42.0,2011,MIS4_to_MIS8,new_york,0,2010-2011,1,0,0,0,retention
663307058909298,10,1.0,3,4,2,8700,87001,1,1,21,36,35620,103,2.0,1.0,,7,4,29,,2,43,1,,2,1,3,7,2,57,57,57,1,0,0,2.0,1.0,,40.0,,40.0,,,,,,2.0,2.0,0.0,1,2.0,2.0,2.0,,576.92,2.0,2.0,,,,15227.3815,3805.8659,0,0,1.0,,0,0,61503,2,,,,2.0,,,3911.7336,7860.0,5320.0,-1,,,,,,1.0,369561.0,2010,609,606,0,0,0,0,0,16.0,17.0,40.0,2010,1.0,3,8,2,8700,87001,1,21,36,35620,103,2.0,1.0,,7,4,30,,2,43,1,,1,3,7,2,57,57,57,1,0,0,2.0,1.0,,35.0,,41.0,,,,,,2.0,5.0,0.0,1,2.0,,1.0,1100.0,385.0,2.0,2.0,,,,12792.8263,3239.4429,0,0,0.0,0.0,0,0,5867,2,,,,2.0,,,3235.7134,8290.0,4610.0,5400,,,,,,1.0,365538.0,2011,621,606,0,0,0,0,0,16.0,15.0,42.0,2011,MIS4_to_MIS8,new_york,0,2010-2011,0,1,0,1,retention
686949180329301,10,1.0,1,4,2,8700,87001,1,1,21,36,40380,55,2.0,1.0,,5,1,54,2.0,2,45,1,,1,1,1,1,2,57,57,57,1,0,0,1.0,1.0,,45.0,,54.0,,,,,,2.0,2.0,0.0,1,2.0,2.0,2.0,,1312.5,1.0,,,,,13287.325,3205.8484,0,0,0.0,,0,0,1301,1,,,,,,,3258.2162,7870.0,3060.0,710,,,,,,,369595.0,2010,609,606,0,0,0,0,0,18.0,10.0,40.0,2010,1.0,1,8,2,8700,87001,1,21,36,40380,55,2.0,1.0,,5,1,55,2.0,2,45,1,,1,1,1,2,57,57,57,1,0,0,1.0,1.0,,45.0,,45.0,,,,,,2.0,2.0,0.0,1,2.0,2.0,2.0,,1500.0,1.0,,,,,12311.8922,3047.7084,0,0,0.0,,0,0,5808,1,,,,,,,3043.1187,7870.0,3258.0,-1,,,,,,,365566.0,2011,621,606,0,0,0,0,0,18.0,10.0,40.0,2011,MIS4_to_MIS8,new_york,0,2010-2011,1,0,0,0,retention
686949180329301,10,1.0,1,4,2,8700,87001,1,1,21,36,40380,55,2.0,1.0,,5,3,55,1.0,1,42,1,,2,1,2,1,2,57,110,110,1,0,0,2.0,1.0,,40.0,,40.0,,,,,,2.0,2.0,0.0,1,2.0,1.0,1.0,1800.0,1153.84,1.0,,,,,12753.5409,3194.5694,0,0,0.0,1.0,0,0,1301,2,,,4.0,,,,3260.3718,9490.0,1420.0,-1,,,,,,,369596.0,2010,609,606,0,0,0,0,0,15.0,4.0,51.0,2010,1.0,1,8,2,8700,87001,1,21,36,40380,55,2.0,1.0,,5,3,56,1.0,1,42,1,,1,2,1,2,57,110,110,1,0,0,2.0,1.0,,37.0,,37.0,,,,,,2.0,2.0,0.0,1,2.0,,1.0,2974.0,1100.38,1.0,,,,,12355.9664,3102.8941,0,0,1.0,1.0,0,42,5808,2,,,4.0,,,,3080.0195,9490.0,1640.0,-1,,,,,,,365567.0,2011,621,606,0,0,0,0,0,15.0,5.0,51.0,2011,MIS4_to_MIS8,new_york,0,2010-2011,1,0,0,0,retention
689250717140983,10,1.0,1,4,2,8700,87001,1,1,21,36,35620,103,2.0,1.0,,7,3,50,1.0,1,42,1,4.0,2,1,2,1,2,329,329,329,4,0,4,2.0,1.0,,40.0,,40.0,,,,,,2.0,3.0,0.0,1,2.0,,1.0,1035.0,414.0,1.0,,,,,13072.0081,3228.2728,10,3,1.0,1.0,0,42,13735,2,,,5.0,,,,3300.3912,6080.0,4700.0,-1,,,,,,,369604.0,2010,609,606,0,0,1,1,0,16.0,16.0,23.0,2010,1.0,1,8,2,8700,87001,1,21,36,35620,103,2.0,1.0,,7,3,51,1.0,1,42,1,4.0,1,2,1,2,329,329,329,4,0,4,2.0,2.0,4.0,40.0,,,,,,,,5.0,4.0,0.0,1,2.0,2.0,2.0,,1538.0,1.0,,,,,13464.6231,3356.6463,4,2,1.0,,0,42,2053,2,,,5.0,,,,3288.2353,6080.0,430.0,-1,,,,,,,365574.0,2011,621,606,0,0,0,1,0,16.0,1.0,23.0,2011,MIS4_to_MIS8,new_york,0,2010-2011,0,1,0,1,retention
689390150550983,10,3.0,1,4,2,8700,87001,1,1,21,36,10580,0,2.0,1.0,,4,1,60,2.0,1,43,1,,1,1,1,1,2,57,57,57,1,0,0,1.0,1.0,,38.0,6.0,32.0,,,6.0,,,4.0,2.0,0.0,1,2.0,2.0,2.0,,1519.23,1.0,,,,,14053.2671,3271.4117,0,0,0.0,,0,0,1343,1,,,,1.0,2.0,,3362.5839,9490.0,430.0,-1,4.0,3.0,,,,,369611.0,2010,609,606,0,0,0,0,0,17.0,1.0,51.0,2010,2.0,1,8,2,8700,87001,1,21,36,10580,0,2.0,1.0,,4,1,61,2.0,1,43,1,,1,1,1,2,57,57,57,1,0,0,2.0,1.0,,38.0,6.0,30.0,,,6.0,,,4.0,2.0,0.0,1,2.0,2.0,2.0,,1614.5,1.0,,,,,11609.932,3023.0422,0,0,0.0,,0,0,5859,1,,,,1.0,1.0,,3023.5009,9490.0,410.0,-1,4.0,3.0,,,,,365581.0,2011,621,606,0,0,0,0,0,18.0,1.0,51.0,2011,MIS4_to_MIS8,new_york,0,2010-2011,1,0,0,0,retention
689560802210983,10,2.0,1,4,2,8700,87001,1,1,21,36,35620,59,2.0,1.0,,7,3,40,1.0,1,40,1,,2,1,2,1,2,57,120,120,1,0,0,1.0,1.0,,45.0,,45.0,,,,,,2.0,2.0,0.0,1,2.0,2.0,2.0,,961.53,2.0,2.0,,,,13367.7488,3264.2837,8,2,0.0,,0,0,13490,2,,,2.0,,,,3330.0473,9570.0,9140.0,-1,,,,,,,369623.0,2010,609,606,0,1,1,0,1,13.0,22.0,51.0,2010,1.0,1,8,2,8700,87001,1,21,36,35620,59,2.0,1.0,,7,3,41,1.0,1,40,1,,1,2,1,2,57,120,120,1,0,0,2.0,1.0,,40.0,,40.0,,,,,,2.0,3.0,0.0,1,2.0,2.0,2.0,,1923.05,2.0,2.0,,,,12276.1715,3114.3768,3,2,0.0,,0,42,49564,2,,,2.0,,,,3104.2395,770.0,9130.0,-1,,,,,,,365590.0,2011,621,606,0,0,1,0,0,13.0,22.0,4.0,2011,MIS4_to_MIS8,new_york,0,2010-2011,1,0,0,0,retention
689650582700983,10,1.0,6,4,2,8700,87001,1,1,21,36,10580,0,2.0,1.0,,4,2,58,,1,39,1,,1,0,0,7,2,57,57,57,1,0,0,1.0,1.0,,20.0,,16.0,,,14.0,,,6.0,3.0,0.0,1,2.0,,1.0,1200.0,240.0,1.0,,,,,12753.5409,3194.5694,0,0,0.0,0.0,0,0,27916,1,1.0,,,,,,3260.3718,9470.0,9350.0,-1,,,,,,,369633.0,2010,609,606,0,0,0,0,0,12.0,22.0,51.0,2010,1.0,6,8,2,8700,87001,1,21,36,10580,0,2.0,1.0,,4,2,59,,1,39,1,,0,0,7,2,57,57,57,1,0,0,1.0,1.0,,20.0,,20.0,,,23.0,,,7.0,3.0,0.0,1,2.0,1.0,1.0,825.0,150.0,1.0,,,,,12355.9664,3102.8941,0,0,1.0,1.0,0,0,15397,1,1.0,,,,,,3080.0195,9390.0,4220.0,-1,,,,,,,365606.0,2011,621,606,0,0,0,0,0,12.0,14.0,51.0,2011,MIS4_to_MIS8,new_york,0,2010-2011,1,0,0,0,retention
830609956223076,10,2.0,1,4,2,8700,87001,1,1,21,36,40380,55,2.0,1.0,,5,1,61,2.0,2,44,1,,1,1,1,1,2,57,57,57,1,0,0,1.0,1.0,,40.0,6.0,33.0,,,6.0,,,4.0,3.0,0.0,1,2.0,2.0,2.0,,1600.0,1.0,,,,,12673.2569,3035.63,0,0,0.0,,0,0,42514,1,,,,,,2.0,3126.9717,7860.0,2430.0,-1,,,,,,,369676.0,2010,609,606,0,0,0,0,0,18.0,8.0,40.0,2010,1.0,1,8,2,8700,87001,1,21,36,40380,55,2.0,1.0,,5,1,62,2.0,2,44,1,,1,1,1,2,57,57,57,1,0,0,1.0,1.0,,30.0,,30.0,,,22.0,,,7.0,3.0,0.0,1,2.0,2.0,2.0,,1750.0,1.0,,,,,12916.3594,3016.6384,0,0,0.0,,0,0,49540,1,,,,,,2.0,3068.0072,7860.0,2430.0,-1,,,,,,,365646.0,2011,621,606,0,0,0,0,0,18.0,8.0,40.0,2011,MIS4_to_MIS8,new_york,0,2010-2011,1,0,0,0,retention
883397939600729,10,1.0,1,4,2,8700,87001,1,1,21,36,35620,103,2.0,1.0,,7,1,33,2.0,1,44,1,,1,1,1,1,2,57,57,57,1,0,0,1.0,1.0,,40.0,6.0,32.0,,,6.0,,,4.0,3.0,0.0,1,2.0,2.0,2.0,,865.0,1.0,,,,,14584.7623,3618.1722,2,1,1.0,,0,42,55885,1,,,,,,2.0,3680.8197,7860.0,2320.0,-1,,,,,,,369709.0,2010,609,606,0,1,0,0,1,18.0,8.0,40.0,2010,1.0,1,8,2,8700,87001,1,21,36,35620,103,2.0,1.0,,7,1,34,2.0,1,44,1,,1,1,1,2,57,57,57,1,0,0,1.0,1.0,,40.0,6.0,32.0,,,6.0,,,4.0,3.0,0.0,1,2.0,2.0,2.0,,2700.0,1.0,,,,,11912.6774,3081.2996,5,2,1.0,,0,42,49696,1,,,,,,2.0,3069.0066,7860.0,2320.0,-1,,,,,,,365686.0,2011,621,606,1,1,0,0,1,18.0,8.0,40.0,2011,MIS4_to_MIS8,new_york,0,2010-2011,1,0,0,0,retention
883397939600729,10,1.0,1,4,2,8700,87001,1,1,21,36,35620,103,2.0,1.0,,7,3,33,1.0,2,45,1,,2,1,2,1,2,128,128,128,4,0,13,2.0,1.0,,40.0,,40.0,,,,,,2.0,2.0,0.0,1,2.0,,1.0,2700.0,1080.0,2.0,2.0,,,,13734.614,3505.7685,2,1,1.0,1.0,0,42,55885,2,,,,,,,3528.2594,8190.0,3060.0,-1,,,,,,,369710.0,2010,609,606,0,1,0,0,1,18.0,10.0,41.0,2010,1.0,1,8,2,8700,87001,1,21,36,35620,103,2.0,1.0,,7,3,34,1.0,2,45,1,,1,2,1,2,128,128,128,4,0,13,2.0,1.0,,40.0,,40.0,,,,,,2.0,2.0,0.0,1,1.0,2.0,2.0,,1442.0,1.0,,,,,12792.8263,3239.4429,5,2,1.0,,0,42,49696,2,,,,,,,3235.7134,8190.0,3060.0,-1,,,,,,,365687.0,2011,621,606,1,1,0,0,1,18.0,10.0,41.0,2011,MIS4_to_MIS8,new_york,0,2010-2011,1,0,0,0,retention
963026805389850,10,1.0,1,4,2,8700,87001,1,1,21,36,35620,119,2.0,1.0,,7,3,49,1.0,2,44,1,,2,1,2,1,2,57,57,57,1,0,0,2.0,1.0,,40.0,6.0,32.0,,,6.0,,,4.0,3.0,0.0,1,2.0,2.0,2.0,,2115.38,1.0,,,,,13540.1234,3294.5627,10,2,0.0,,0,0,55899,2,,,,,,2.0,3320.2055,7860.0,2320.0,-1,,,,,,,369746.0,2010,609,606,0,0,1,1,0,18.0,8.0,40.0,2010,1.0,1,8,2,8700,87001,1,21,36,35620,119,2.0,1.0,,7,3,50,1.0,2,44,1,,1,2,1,2,57,57,57,1,0,0,2.0,1.0,,40.0,,40.0,,,,,,2.0,3.0,0.0,1,2.0,2.0,2.0,,2692.3,1.0,,,,,13912.9456,3434.2986,4,1,0.0,,0,0,41775,2,,,,,,2.0,3423.4897,7860.0,2320.0,-1,,,,,,,365728.0,2011,621,606,0,0,0,1,0,18.0,8.0,40.0,2011,MIS4_to_MIS8,new_york,0,2010-2011,1,0,0,0,retention
990867094138749,10,2.0,1,4,2,8700,87001,1,1,21,36,45060,0,2.0,1.0,,4,1,51,2.0,1,39,1,,1,1,1,1,2,57,57,57,1,0,0,2.0,1.0,,-4.0,,37.0,,,,,,2.0,3.0,0.0,1,2.0,1.0,1.0,2750.0,1250.0,1.0,,,,,12661.037,3121.4589,0,0,0.0,1.0,0,0,4527,1,1.0,,,,,,3196.6302,680.0,8620.0,-1,,,,,,,369779.0,2010,609,606,0,0,0,0,0,12.0,21.0,24.0,2010,1.0,1,8,2,8700,87001,1,21,36,45060,0,2.0,1.0,,4,1,52,2.0,1,39,1,,1,1,1,2,57,57,57,1,0,0,1.0,1.0,,-4.0,,50.0,,,,,,2.0,3.0,0.0,1,1.0,1.0,1.0,2100.0,961.53,1.0,,,,,12370.119,3042.0218,0,0,0.0,0.0,0,0,41660,1,1.0,,,,,,3020.9432,680.0,8620.0,-1,,,,,,,365766.0,2011,621,606,0,0,0,0,0,12.0,21.0,24.0,2011,MIS4_to_MIS8,new_york,0,2010-2011,1,0,0,0,retention
5593860988897,10,2.0,1,4,2,8700,87001,1,1,21,36,0,0,3.0,2.0,,0,1,68,2.0,1,44,1,,1,1,1,1,2,57,57,57,1,0,0,2.0,1.0,,-4.0,,8.0,,,21.0,,,7.0,3.0,0.0,1,2.0,,1.0,2100.0,168.0,2.0,2.0,,,,12194.0136,3075.7976,0,0,0.0,0.0,0,0,48831,1,,,,,,3.0,3077.568,7860.0,2340.0,-1,4.0,,,,,,369795.0,2010,609,606,0,0,0,0,0,18.0,8.0,40.0,2010,1.0,1,8,2,8700,87001,1,21,36,0,0,3.0,2.0,,0,1,69,2.0,1,44,1,,1,1,1,2,57,57,57,1,0,0,1.0,1.0,,8.0,,8.0,,,21.0,,,7.0,3.0,0.0,1,2.0,,1.0,2100.0,168.0,2.0,2.0,,,,11270.9389,2754.6738,0,0,0.0,0.0,0,0,49685,1,,,,,,3.0,2735.7484,7860.0,2310.0,-1,4.0,,,,,,365780.0,2011,621,606,0,0,0,0,0,18.0,8.0,40.0,2011,MIS4_to_MIS8,new_york,0,2010-2011,1,0,0,0,retention
44046155380180,10,1.0,1,4,2,8700,87001,1,1,21,36,0,0,3.0,2.0,,0,1,53,2.0,2,39,1,,1,1,1,1,2,57,57,57,1,0,0,1.0,1.0,,40.0,,40.0,,,,,,2.0,2.0,0.0,1,2.0,,1.0,1000.0,400.0,1.0,,,,,13889.0187,3351.0197,4,1,1.0,1.0,0,42,61341,1,1.0,,,,,,3405.7589,9570.0,120.0,-1,,,,,,,369803.0,2010,609,606,0,0,0,1,0,12.0,1.0,51.0,2010,1.0,1,8,2,8700,87001,1,21,36,0,0,3.0,2.0,,0,1,54,2.0,2,39,1,,1,1,1,2,57,57,57,1,0,0,1.0,1.0,,40.0,6.0,32.0,,,6.0,,,4.0,2.0,0.0,1,2.0,2.0,2.0,,1519.23,2.0,2.0,,,,13680.9426,3377.0305,0,0,0.0,,0,0,30038,1,1.0,,,,,,3366.4018,9570.0,5000.0,-1,,,,,,,365788.0,2011,621,606,0,0,0,0,0,12.0,17.0,51.0,2011,MIS4_to_MIS8,new_york,0,2010-2011,1,0,0,0,retention
390958800024699,10,2.0,4,4,2,8700,87001,1,1,21,36,0,0,3.0,2.0,,0,1,50,,2,44,1,,1,1,1,5,2,57,57,57,1,0,0,2.0,1.0,,40.0,,40.0,,,,,,2.0,3.0,0.0,1,2.0,2.0,2.0,,2884.61,1.0,,,,,13889.0187,3351.0197,0,0,1.0,,0,42,55762,1,,,,,,3.0,3405.7589,7860.0,230.0,-1,,,,,,,369841.0,2010,609,606,0,0,0,0,0,18.0,1.0,40.0,2010,2.0,4,8,2,8700,87001,1,21,36,0,0,3.0,2.0,,0,1,51,,2,44,1,,1,1,5,2,57,57,57,1,0,0,2.0,1.0,,40.0,,40.0,,,,,,2.0,3.0,0.0,1,2.0,2.0,2.0,,1050.0,2.0,2.0,,,,13680.9426,3377.0305,0,0,1.0,,22,0,41511,1,,,,,,3.0,3366.4018,7860.0,5000.0,-1,,,,,,,365830.0,2011,621,606,0,0,0,0,0,18.0,17.0,40.0,2011,MIS4_to_MIS8,new_york,0,2010-2011,1,0,0,0,retention
708904773995866,10,2.0,4,4,2,8700,87001,1,1,21,36,0,0,3.0,2.0,,0,1,49,,2,40,1,,1,1,1,5,2,57,57,57,1,0,0,1.0,1.0,,35.0,,35.0,,,,,,2.0,3.0,0.0,1,2.0,1.0,1.0,1300.0,400.0,1.0,,,,,13278.321,3230.8613,0,0,0.0,0.0,0,0,55887,1,,,2.0,,,,3256.0083,8370.0,5510.0,-1,,,,,,,369906.0,2010,609,606,0,0,0,0,0,13.0,17.0,43.0,2010,2.0,7,8,2,8700,87001,1,21,36,0,0,3.0,2.0,,0,2,50,,2,40,1,,0,0,5,2,57,57,57,1,0,0,1.0,1.0,,35.0,,43.0,,,,,,2.0,3.0,0.0,1,2.0,,1.0,1344.0,470.4,2.0,2.0,,,,13680.9426,3377.0305,0,0,1.0,1.0,0,0,56970,1,,,2.0,,,,3366.4018,8370.0,5510.0,4110,,,,,,,365905.0,2011,621,606,0,0,0,0,0,13.0,17.0,43.0,2011,MIS4_to_MIS8,new_york,0,2010-2011,1,0,0,0,retention
810861095438479,10,2.0,1,4,2,8700,87001,1,1,21,36,0,13,3.0,2.0,,0,1,78,2.0,1,39,1,,1,1,1,1,2,57,57,57,1,0,0,2.0,1.0,,20.0,,20.0,,,21.0,,,7.0,3.0,0.0,1,2.0,1.0,1.0,1100.0,200.0,1.0,,,,,12113.6406,3055.5244,0,0,0.0,1.0,0,0,48662,1,1.0,,,,,,3057.2831,7860.0,9120.0,-1,,,,,,,369918.0,2010,609,606,0,0,0,0,0,12.0,22.0,40.0,2010,2.0,1,8,2,8700,87001,1,21,36,0,13,3.0,2.0,,0,1,80,2.0,1,39,1,,1,1,1,2,57,57,57,1,0,0,2.0,1.0,,20.0,,20.0,,,21.0,,,7.0,3.0,0.0,1,2.0,1.0,1.0,1050.0,57.0,1.0,,,,,12393.1408,3028.9455,0,0,1.0,1.0,0,0,14996,1,1.0,,,,,,3008.1359,7860.0,9120.0,-1,,,,,,,365913.0,2011,621,606,0,0,0,0,0,12.0,22.0,40.0,2011,MIS4_to_MIS8,new_york,0,2010-2011,1,0,0,0,retention
830609979663296,10,1.0,7,4,2,8700,87001,1,1,21,36,0,0,3.0,2.0,,0,2,61,,2,44,1,,1,0,0,6,2,57,57,57,1,0,0,1.0,1.0,,40.0,,40.0,,,,,,2.0,3.0,0.0,1,2.0,2.0,2.0,,1725.0,1.0,,,,,13247.1435,3173.0933,0,0,0.0,,0,0,13277,1,,,,,,1.0,3268.5713,7860.0,2310.0,-1,,,,,,,369927.0,2010,609,606,0,0,0,0,0,17.0,8.0,40.0,2010,1.0,7,8,2,8700,87001,1,21,36,0,0,3.0,2.0,,0,2,61,,2,44,1,,0,0,6,2,57,57,57,1,0,0,1.0,1.0,,40.0,4.0,32.0,,,4.0,,,4.0,2.0,0.0,1,2.0,2.0,2.0,,1769.0,1.0,,,,,13124.8852,3065.34,0,0,1.0,,0,0,14985,1,,,,,,1.0,3117.5381,7860.0,2310.0,-1,,,,,,,365922.0,2011,621,606,0,0,0,0,0,17.0,8.0,40.0,2011,MIS4_to_MIS8,new_york,0,2010-2011,1,0,0,0,retention
975016844389180,10,2.0,1,4,2,8700,87001,1,1,21,36,0,13,3.0,2.0,,0,3,66,1.0,2,40,1,,2,1,2,1,2,57,57,57,1,0,0,1.0,1.0,,12.0,,12.0,,,21.0,,,7.0,3.0,0.0,1,2.0,,1.0,1300.0,156.0,2.0,2.0,,,,14220.4686,3688.6187,0,0,0.0,0.0,0,0,27646,2,,,5.0,,,,3687.1513,9470.0,5220.0,-1,,,,,,,369945.0,2010,609,606,0,0,0,0,0,16.0,17.0,51.0,2010,2.0,1,8,2,8700,87001,1,21,36,0,13,3.0,2.0,,0,3,68,1.0,2,40,1,,1,2,1,2,57,57,57,1,0,0,1.0,1.0,,12.0,,17.0,,,21.0,,,7.0,3.0,0.0,1,2.0,,1.0,1325.0,159.0,2.0,2.0,,,,11592.6734,3147.4117,0,0,0.0,0.0,0,0,14995,2,,,4.0,,,,3053.3254,9470.0,5220.0,-1,,,,,,,365939.0,2011,621,606,0,0,0,0,0,15.0,17.0,51.0,2011,MIS4_to_MIS8,new_york,0,2010-2011,1,0,0,0,retention
83463860987790,10,2.0,1,4,2,8700,87001,1,1,21,36,39100,71,,1.0,,4,1,62,2.0,1,43,1,,1,1,1,1,2,57,57,57,1,0,0,2.0,1.0,,40.0,,40.0,,,,,,2.0,3.0,0.0,1,2.0,2.0,2.0,,1153.84,1.0,,,,,14979.274,3486.9736,0,0,0.0,,0,0,40079,1,,,,2.0,,,3584.1534,9470.0,3850.0,-1,4.0,,,,,,369968.0,2010,609,606,0,0,0,0,0,16.0,12.0,51.0,2010,2.0,1,8,2,8700,87001,1,21,36,39100,71,,1.0,,4,1,63,2.0,1,43,1,,1,1,1,2,57,57,57,1,0,0,2.0,1.0,,40.0,,70.0,,,,,,2.0,3.0,0.0,1,2.0,2.0,2.0,,1442.0,1.0,,,,,12280.501,3197.6477,0,0,1.0,,0,42,56923,1,,,,2.0,,,3198.1329,9470.0,3850.0,-1,4.0,,,,,,365957.0,2011,621,606,0,0,0,0,0,16.0,12.0,51.0,2011,MIS4_to_MIS8,new_york,0,2010-2011,1,0,0,0,retention
190860096638269,10,2.0,1,4,2,8700,87001,1,1,21,36,13780,0,,1.0,,3,1,30,2.0,1,44,1,,1,1,1,1,2,57,57,57,1,0,0,2.0,1.0,,40.0,,40.0,,,,,,2.0,3.0,0.0,1,2.0,2.0,2.0,,846.15,1.0,,,,,13683.1438,3394.4997,0,0,0.0,,0,0,39845,1,,,,,,2.0,3453.2744,9490.0,1310.0,-1,,,,,,,369973.0,2010,609,606,0,0,0,0,0,18.0,4.0,51.0,2010,2.0,1,8,2,8700,87001,1,21,36,13780,0,,1.0,,3,1,31,2.0,1,44,1,,1,1,1,2,57,57,57,1,0,0,2.0,1.0,,40.0,,40.0,,,,,,2.0,3.0,0.0,1,2.0,2.0,2.0,,884.61,1.0,,,,,11527.9192,2981.7791,0,0,0.0,,0,0,41454,1,,,,,,2.0,2969.8831,9490.0,1310.0,-1,,,,,,,365964.0,2011,621,606,0,0,0,0,0,18.0,4.0,51.0,2011,MIS4_to_MIS8,new_york,0,2010-2011,1,0,0,0,retention
393928305022619,10,1.0,1,4,2,8700,87001,1,1,21,36,46540,0,,1.0,,3,3,62,1.0,1,39,1,,2,1,2,1,2,57,120,57,1,0,0,2.0,4.0,,,,,,,,17.0,5.0,12.0,3.0,0.0,2,,,,,,,,,,,11233.3601,3271.4117,0,0,,,0,0,61345,2,1.0,,,,,,3202.833,7860.0,3920.0,-1,,,,,,,370004.0,2010,609,606,0,0,0,0,0,12.0,12.0,40.0,2010,1.0,1,8,2,8700,87001,1,21,36,46540,0,,1.0,,3,3,64,1.0,1,39,1,,1,2,1,2,57,120,57,1,0,0,2.0,5.0,,,,,,,,,,1.0,,,2,,,,,,,,,,,12373.4238,3094.3694,0,0,,,0,0,15075,2,1.0,,,,,,3083.4089,,,-1,,,,,,,365990.0,2011,621,606,0,0,0,0,0,12.0,,,2011,MIS4_to_MIS8,new_york,0,2010-2011,0,1,0,0,retention
830609937384998,10,2.0,1,4,2,8700,87001,1,1,21,36,13780,0,,1.0,,3,1,35,2.0,2,44,1,,1,1,1,1,2,57,57,57,1,0,0,2.0,1.0,,35.0,6.0,28.0,,,6.0,,,4.0,3.0,0.0,1,2.0,2.0,2.0,,1000.0,1.0,,,,,13054.9699,3270.8679,0,0,0.0,,0,0,39847,1,,,,,,3.0,3318.9684,7860.0,2310.0,-1,,,,,,,370057.0,2010,609,606,0,0,0,0,0,18.0,8.0,40.0,2010,2.0,1,8,2,8700,87001,1,21,36,13780,0,,1.0,,3,1,36,2.0,2,44,1,,1,1,1,2,57,57,57,1,0,0,2.0,1.0,,40.0,6.0,32.0,,,6.0,,,4.0,3.0,0.0,1,2.0,2.0,2.0,,865.38,1.0,,,,,12559.1312,3160.2907,0,0,0.0,,0,0,49466,1,,,,,,3.0,3152.1329,7860.0,2310.0,-1,,,,,,,366034.0,2011,621,606,0,0,0,0,0,18.0,8.0,40.0,2011,MIS4_to_MIS8,new_york,0,2010-2011,1,0,0,0,retention
830609937384998,10,2.0,1,4,2,8700,87001,1,1,21,36,13780,0,,1.0,,3,3,39,1.0,1,44,1,,2,1,2,1,2,57,57,57,1,0,0,1.0,1.0,,50.0,,40.0,,,,,,2.0,3.0,0.0,1,2.0,2.0,2.0,,2019.23,1.0,,,,,14950.8626,3663.4429,0,0,0.0,,0,0,39847,2,,,,,,3.0,3724.4176,7860.0,230.0,-1,,,,,,,370058.0,2010,609,606,0,0,0,0,0,18.0,1.0,40.0,2010,2.0,1,8,2,8700,87001,1,21,36,13780,0,,1.0,,3,3,40,1.0,1,44,1,,1,2,1,2,57,57,57,1,0,0,1.0,1.0,,60.0,,50.0,,,,,,2.0,3.0,0.0,1,2.0,2.0,2.0,,0.01,1.0,,,,,12100.726,3069.8675,0,0,0.0,,0,0,49466,2,,,,,,3.0,3059.8751,7860.0,230.0,-1,,,,,,,366035.0,2011,621,606,0,0,0,0,0,18.0,1.0,40.0,2011,MIS4_to_MIS8,new_york,0,2010-2011,1,0,0,0,retention
963161078909397,10,1.0,6,4,2,8700,87001,1,1,21,36,39100,27,,1.0,,4,2,72,,1,42,2,,1,0,0,4,2,57,57,57,1,0,0,1.0,1.0,,38.0,6.0,31.0,,,6.0,,,4.0,3.0,0.0,1,2.0,,1.0,1268.0,469.16,1.0,,,,,10621.3406,3022.7628,0,0,0.0,0.0,0,0,4275,1,,,3.0,,,,3056.3611,7860.0,2540.0,-1,,,,,,,370084.0,2010,609,606,0,0,0,0,0,14.0,8.0,40.0,2010,1.0,6,8,2,8700,87001,1,21,36,39100,27,,1.0,,4,2,73,,1,42,2,,0,0,4,2,57,57,57,1,0,0,1.0,1.0,,38.0,6.0,33.0,,,6.0,,,4.0,3.0,0.0,1,2.0,,1.0,1295.0,362.6,1.0,,,,,9049.57,2444.2261,0,0,0.0,0.0,0,0,1746,1,,,3.0,,,,2425.6893,7860.0,2540.0,2340,,,,,,,366061.0,2011,621,606,0,0,0,0,0,14.0,8.0,40.0,2011,MIS4_to_MIS8,new_york,0,2010-2011,1,0,0,0,retention
240829095348499,10,1.0,1,4,2,8700,87001,1,1,23,42,37980,101,1.0,1.0,,7,1,50,2.0,1,40,1,,1,1,1,1,2,57,57,57,1,0,0,1.0,1.0,,-4.0,,55.0,,,,,,2.0,3.0,0.0,1,2.0,2.0,1.0,2300.0,1265.0,1.0,,,,,13953.2558,3522.2653,10,3,1.0,1.0,0,42,65292,1,,,3.0,,,,3522.8867,6180.0,9120.0,-1,,,,,,,373584.0,2010,609,606,0,0,1,1,0,14.0,22.0,23.0,2010,1.0,1,8,2,8700,87001,1,23,42,37980,101,1.0,1.0,,7,1,51,2.0,1,43,1,,1,1,1,2,57,57,57,1,0,0,1.0,1.0,,-4.0,,55.0,,,,,,2.0,3.0,0.0,1,1.0,,1.0,1212.0,871.3,1.0,,,,,13001.4913,3206.685,4,3,1.0,1.0,0,0,31291,1,,,,2.0,,,3175.1325,6180.0,9120.0,-1,,,,,,,369493.0,2011,621,606,0,0,0,1,0,16.0,22.0,23.0,2011,MIS4_to_MIS8,pennsylvania,0,2010-2011,1,0,0,0,retention
324722098909891,10,2.0,1,4,2,8700,87001,1,1,23,42,37980,101,1.0,1.0,,7,1,48,2.0,2,40,1,,1,1,1,1,2,57,57,57,1,0,0,2.0,1.0,,40.0,,40.0,,,,,,2.0,3.0,0.0,1,2.0,2.0,2.0,,1150.0,2.0,2.0,,,,12757.5494,3178.3416,10,2,0.0,,0,0,40848,1,,,1.0,,,,3128.3087,7270.0,2100.0,-1,,,,,,,373601.0,2010,609,606,0,0,1,1,0,12.0,7.0,36.0,2010,2.0,1,8,2,8700,87001,1,23,42,37980,101,1.0,1.0,,7,1,48,2.0,2,40,1,,1,1,1,2,57,57,57,1,0,0,2.0,1.0,,40.0,,40.0,,,,,,2.0,3.0,0.0,1,2.0,1.0,1.0,2740.0,788.46,1.0,,,,,12899.4974,3200.0447,3,1,0.0,1.0,0,0,33594,1,,,3.0,,,,3174.1155,9470.0,2145.0,-1,,,,,,,369512.0,2011,621,606,0,0,1,0,0,14.0,7.0,51.0,2011,MIS4_to_MIS8,pennsylvania,0,2010-2011,1,0,0,0,retention
383499839200440,10,1.0,6,4,2,8700,87001,1,1,23,42,37980,101,1.0,1.0,,7,2,60,,1,43,2,,1,0,0,5,2,57,57,57,1,0,0,1.0,1.0,,40.0,,40.0,,,,,,2.0,3.0,0.0,1,1.0,,1.0,925.0,420.0,1.0,,,,,11298.1844,2899.7536,0,0,1.0,1.0,0,42,14829,1,,,,2.0,,,2863.5418,9470.0,3850.0,-1,,,,,,,373609.0,2010,609,606,0,0,0,0,0,16.0,12.0,51.0,2010,1.0,6,8,2,8700,87001,1,23,42,37980,101,1.0,1.0,,7,2,61,,1,43,2,,0,0,7,2,57,57,57,1,0,0,1.0,1.0,,40.0,,40.0,,,,,,2.0,3.0,0.0,1,2.0,2.0,2.0,,200.0,1.0,,,,,11421.7327,3500.8076,0,0,1.0,,0,42,16566,1,,,,2.0,,,3464.0756,9470.0,3850.0,-1,,,,,,,369517.0,2011,621,606,0,0,0,0,0,16.0,12.0,51.0,2011,MIS4_to_MIS8,pennsylvania,0,2010-2011,1,0,0,0,retention
493998308043204,10,2.0,1,4,2,8700,87001,1,1,23,42,37980,101,1.0,1.0,,7,3,57,1.0,1,43,2,,2,1,2,1,2,429,429,429,4,10,16,1.0,1.0,,40.0,,40.0,,,,,,2.0,3.0,0.0,1,2.0,2.0,2.0,,600.0,2.0,2.0,,,,12010.3015,2899.7536,8,3,0.0,,0,0,28924,2,,,,2.0,,,2863.5418,670.0,6660.0,-1,,,,,,,373637.0,2010,609,606,0,1,1,0,1,16.0,19.0,24.0,2010,1.0,1,8,2,8700,87001,1,23,42,37980,101,1.0,1.0,,7,3,58,1.0,1,43,2,,1,2,1,2,429,429,429,4,10,16,2.0,1.0,,40.0,,40.0,,,,,,2.0,3.0,0.0,1,2.0,,1.0,3115.0,1246.0,2.0,2.0,,,,12651.9229,3500.8076,8,3,1.0,1.0,0,42,16567,2,,,,2.0,,,3464.0756,680.0,8740.0,-1,,,,,,,369558.0,2011,621,606,0,1,1,0,1,16.0,21.0,24.0,2011,MIS4_to_MIS8,pennsylvania,0,2010-2011,1,0,0,0,retention
682879080559409,10,2.0,1,4,2,8700,87001,1,1,23,42,37980,101,1.0,1.0,,7,1,33,2.0,2,40,2,,1,1,1,1,2,57,57,57,1,0,0,2.0,1.0,,40.0,,40.0,,,,,,2.0,2.0,0.0,1,2.0,1.0,1.0,1163.0,769.0,2.0,2.0,,,,18375.0303,4673.3277,6,2,1.0,1.0,0,0,40847,1,,,1.0,,,,4671.7964,8180.0,5700.0,-1,,,,,,,373667.0,2010,609,606,1,0,1,0,1,12.0,17.0,42.0,2010,1.0,4,8,2,8700,87001,1,23,42,37980,101,1.0,1.0,,7,1,34,,2,40,2,,1,1,3,2,57,57,57,1,0,0,1.0,1.0,,40.0,,40.0,,,,,,2.0,4.0,0.0,1,2.0,,1.0,1200.0,480.0,1.0,,,,,14371.5243,3916.4437,6,2,1.0,1.0,0,42,57376,1,,,3.0,,,,3867.9452,8180.0,5700.0,-1,,,,,,,369587.0,2011,621,606,1,0,1,0,1,14.0,17.0,42.0,2011,MIS4_to_MIS8,pennsylvania,0,2010-2011,0,1,0,1,retention
840209991273298,10,1.0,1,4,2,8700,87001,1,1,23,42,37980,101,1.0,1.0,,7,3,45,1.0,1,39,1,,2,1,2,1,2,57,57,57,1,0,0,2.0,1.0,,40.0,,40.0,,,,,,2.0,2.0,0.0,1,2.0,1.0,1.0,1300.0,576.0,2.0,2.0,,,,13934.723,3552.0637,10,3,1.0,1.0,0,0,59346,2,1.0,,,,,,3518.2076,7860.0,4220.0,-1,,,,,,,373689.0,2010,609,606,0,0,1,1,0,12.0,14.0,40.0,2010,1.0,1,8,2,8700,87001,1,23,42,37980,101,1.0,1.0,,7,3,46,1.0,1,39,1,,1,2,1,2,57,57,57,1,0,0,2.0,1.0,,40.0,,40.0,,,,,,2.0,2.0,0.0,1,2.0,2.0,2.0,,1057.69,1.0,,,,,13826.7515,3373.7658,10,3,0.0,,0,0,2721,2,1.0,,,,,,3376.6717,7860.0,4200.0,-1,,,,,,,369611.0,2011,621,606,0,0,1,1,0,12.0,14.0,40.0,2011,MIS4_to_MIS8,pennsylvania,0,2010-2011,1,0,0,0,retention
850620097948859,10,1.0,3,4,2,8700,87001,1,1,23,42,37980,101,1.0,1.0,,7,7,61,,2,40,2,,2,1,4,7,2,57,57,57,1,0,0,2.0,1.0,,40.0,,40.0,,,,,,2.0,2.0,0.0,1,2.0,,1.0,2500.0,1000.0,2.0,2.0,,,,14982.1837,3083.8448,0,0,1.0,1.0,0,42,42582,2,,,2.0,,,,3084.6738,7070.0,3500.0,-1,,,,,,,373695.0,2010,609,606,0,0,0,0,0,13.0,10.0,34.0,2010,1.0,3,8,2,8700,87001,1,23,42,37980,101,1.0,1.0,,7,7,62,,2,40,2,,1,4,7,2,57,57,57,1,0,0,2.0,5.0,,,,,,,,,,1.0,,,2,,,,,,,,,,,12091.1651,3004.324,0,0,,,0,0,57375,2,,,2.0,,,,3028.1261,,,-1,,,,,,,369617.0,2011,621,606,0,0,0,0,0,13.0,,,2011,MIS4_to_MIS8,pennsylvania,0,2010-2011,0,1,0,0,retention
919092885489620,10,1.0,4,4,2,8700,87001,1,1,23,42,38300,3,1.0,1.0,,5,1,61,,2,37,2,,1,1,1,4,2,57,57,57,1,0,0,1.0,1.0,,40.0,,40.0,,,,,,2.0,2.0,0.0,1,2.0,,1.0,1540.0,616.0,2.0,2.0,,,,14631.3189,3011.6248,0,0,0.0,0.0,0,0,56258,1,,,,,,,3012.4345,7690.0,4220.0,-1,,,,,,,373701.0,2010,609,606,0,0,0,0,0,11.0,14.0,38.0,2010,1.0,4,8,2,8700,87001,1,23,42,38300,3,1.0,1.0,,5,1,62,,2,37,2,,1,1,4,2,57,57,57,1,0,0,1.0,1.0,,40.0,,40.0,,,,,,2.0,4.0,0.0,1,2.0,,1.0,1400.0,560.0,1.0,,,,,11141.1741,3051.3007,0,0,0.0,0.0,0,0,42149,1,,,,,,,3066.9516,7690.0,4220.0,-1,,,,,,,369624.0,2011,621,606,0,0,0,0,0,11.0,14.0,38.0,2011,MIS4_to_MIS8,pennsylvania,0,2010-2011,0,1,0,1,retention
289050321270984,10,3.0,6,4,2,8700,87001,1,1,23,42,37980,17,2.0,1.0,,7,16,22,,1,43,1,,2,0,0,7,2,57,57,57,1,0,0,2.0,7.0,,,,,,,,,,1.0,3.0,0.0,2,,,,,,,,1.0,1.0,2.0,11506.5188,2963.303,0,0,,,0,0,61758,2,,,,1.0,2.0,,2987.9999,9470.0,3850.0,-1,,,,,,,373900.0,2010,609,606,0,0,0,0,0,17.0,12.0,51.0,2010,1.0,6,8,2,8700,87001,1,23,42,37980,17,2.0,1.0,,7,18,23,,1,40,1,,0,0,7,2,57,57,57,1,0,0,2.0,1.0,,15.0,,15.0,,,20.0,,,7.0,4.0,0.0,1,1.0,,1.0,300.0,245.0,2.0,2.0,1.0,1.0,2.0,14090.4127,3576.4873,0,0,0.0,0.0,0,0,31069,2,,,3.0,,,,3568.8528,8680.0,4110.0,-1,,,,,,,369793.0,2011,621,606,0,0,0,0,0,14.0,13.0,46.0,2011,MIS4_to_MIS8,pennsylvania,0,2010-2011,0,1,0,1,retention
299980910530684,10,1.0,1,4,2,8700,87001,1,1,23,42,38300,0,2.0,1.0,,5,3,56,1.0,1,39,1,,2,1,2,1,2,57,57,57,1,0,0,2.0,1.0,,40.0,,40.0,,,,,,2.0,3.0,0.0,1,2.0,1.0,1.0,2500.0,450.0,2.0,2.0,,,,13816.0612,3543.4309,0,0,0.0,1.0,0,0,69223,2,1.0,,,,,,3531.9992,770.0,6730.0,-1,,,,,,,373933.0,2010,609,606,0,0,0,0,0,12.0,19.0,4.0,2010,1.0,1,8,2,8700,87001,1,23,42,38300,0,2.0,1.0,,5,3,57,1.0,1,39,1,,1,2,1,2,57,57,57,1,0,0,2.0,1.0,,40.0,,40.0,,,,,,2.0,3.0,0.0,1,2.0,1.0,1.0,2600.0,480.0,2.0,2.0,,,,12534.0525,3156.868,0,0,0.0,1.0,0,0,16235,2,1.0,,,,,,3124.4117,770.0,6730.0,-1,,,,,,,369822.0,2011,621,606,0,0,0,0,0,12.0,19.0,4.0,2011,MIS4_to_MIS8,pennsylvania,0,2010-2011,1,0,0,0,retention
840209983714071,10,1.0,7,4,2,8700,87001,1,1,23,42,37980,45,2.0,1.0,,7,2,35,,2,45,1,,1,0,0,7,2,57,57,57,1,0,0,1.0,1.0,,40.0,,40.0,,,,,,2.0,3.0,0.0,1,2.0,2.0,2.0,,1384.0,2.0,2.0,,,,12093.9831,3102.5205,0,0,1.0,,0,0,40760,1,,,,,,,3074.6565,9470.0,2100.0,-1,,,,,,,374154.0,2010,609,606,0,0,0,0,0,18.0,7.0,51.0,2010,1.0,7,8,2,8700,87001,1,23,42,37980,45,2.0,1.0,,7,2,36,,2,45,1,,0,0,7,2,57,57,57,1,0,0,1.0,1.0,,40.0,,40.0,,,,,,2.0,3.0,0.0,1,2.0,2.0,2.0,,961.53,2.0,2.0,,,,11567.9258,2919.427,0,0,0.0,,0,0,50123,1,,,,,,,2903.3568,9470.0,2100.0,-1,,,,,,,370058.0,2011,621,606,0,0,0,0,0,18.0,7.0,51.0,2011,MIS4_to_MIS8,pennsylvania,0,2010-2011,1,0,0,0,retention
916092855489680,10,1.0,1,4,2,8700,87001,1,1,23,42,37980,45,2.0,1.0,,7,3,47,1.0,2,42,1,,2,1,2,1,2,57,57,57,1,0,0,2.0,1.0,,40.0,,40.0,,,,,,2.0,3.0,0.0,1,2.0,1.0,1.0,1452.0,581.0,2.0,2.0,,,,12498.8432,3113.8891,0,0,1.0,1.0,42,0,31469,2,,,3.0,,,,3064.8707,7860.0,4110.0,-1,,,,,,,374203.0,2010,609,606,0,0,0,0,0,14.0,13.0,40.0,2010,2.0,1,8,2,8700,87001,1,23,42,37980,45,2.0,1.0,,7,3,48,1.0,2,42,1,,1,2,1,2,57,57,57,1,0,0,1.0,1.0,,34.0,,34.0,,,22.0,,,7.0,4.0,0.0,1,2.0,1.0,1.0,1306.0,769.0,1.0,,,,,13123.4418,3255.5998,0,0,1.0,1.0,0,0,16385,2,,,3.0,,,,3229.2204,7860.0,2540.0,-1,,,,,,,370105.0,2011,621,606,0,0,0,0,0,14.0,8.0,40.0,2011,MIS4_to_MIS8,pennsylvania,0,2010-2011,0,1,0,1,retention
508605174995612,10,1.0,6,4,2,8700,87001,1,1,23,42,0,0,3.0,2.0,,0,2,74,,1,43,1,,1,0,0,5,2,57,57,57,1,0,0,1.0,1.0,,-4.0,,6.0,,,21.0,,,7.0,3.0,0.0,1,2.0,2.0,2.0,,75.0,2.0,2.0,,,,12205.8083,3152.3598,0,0,0.0,,0,0,49287,1,,,,2.0,,,3080.5447,7860.0,9140.0,-1,5.0,,,,,,374380.0,2010,609,606,0,0,0,0,0,16.0,22.0,40.0,2010,1.0,6,8,2,8700,87001,1,23,42,0,0,3.0,2.0,,0,2,75,,1,43,1,,0,0,5,2,57,57,57,1,0,0,1.0,1.0,,-4.0,,4.0,,,21.0,,,7.0,3.0,0.0,1,2.0,2.0,2.0,,200.0,2.0,2.0,,,,12325.3645,3021.2352,0,0,0.0,,0,0,16532,1,,,,2.0,,,2991.6848,6180.0,9120.0,-1,5.0,,,,,,370299.0,2011,621,606,0,0,0,0,0,16.0,22.0,23.0,2011,MIS4_to_MIS8,pennsylvania,0,2010-2011,1,0,0,0,retention
508909594997242,10,1.0,1,4,2,8700,87001,1,1,23,42,0,0,3.0,2.0,,0,3,43,1.0,1,39,1,,2,1,2,1,2,57,57,57,1,0,0,2.0,1.0,,40.0,,40.0,,,,,,2.0,2.0,0.0,1,2.0,1.0,1.0,840.0,1400.0,1.0,,,,,9762.4243,2440.8745,4,1,0.0,1.0,0,0,28676,2,1.0,,,,,,2431.9229,9470.0,3850.0,-1,,,,,,,374393.0,2010,609,606,0,0,0,1,0,12.0,12.0,51.0,2010,1.0,1,8,2,8700,87001,1,23,42,0,0,3.0,2.0,,0,3,44,1.0,1,39,1,,1,2,1,2,57,57,57,1,0,0,2.0,1.0,,40.0,,40.0,,,,,,2.0,2.0,0.0,1,2.0,1.0,1.0,1000.0,1538.46,2.0,1.0,,,,11824.7103,3008.662,4,1,0.0,1.0,0,0,31034,2,1.0,,,,,,2990.0798,9470.0,3850.0,-1,,,,,,,370312.0,2011,621,606,0,0,0,1,0,12.0,12.0,51.0,2011,MIS4_to_MIS8,pennsylvania,0,2010-2011,1,0,0,0,retention
840209980622992,10,1.0,1,4,2,8700,87001,1,1,23,42,0,0,3.0,2.0,,0,1,27,2.0,2,44,1,,1,1,1,1,2,57,57,57,1,0,0,1.0,2.0,4.0,10.0,,,,,,,,10.0,2.0,0.0,1,2.0,2.0,2.0,,450.0,2.0,2.0,,,,13578.4052,3474.8429,5,2,0.0,,0,0,65253,1,,,,,,2.0,3488.1312,7870.0,2200.0,-1,,,,,,,374450.0,2010,609,606,1,1,0,0,1,18.0,8.0,40.0,2010,1.0,1,8,2,8700,87001,1,23,42,0,0,3.0,2.0,,0,1,29,2.0,2,44,1,,1,1,1,2,57,57,57,1,0,0,2.0,1.0,,20.0,,20.0,,,22.0,,,7.0,3.0,0.0,1,2.0,2.0,2.0,,369.0,2.0,2.0,,,,11397.1819,2891.2927,5,2,1.0,,0,0,31172,1,,,,,,2.0,2882.7104,7870.0,2200.0,-1,,,,,,,370374.0,2011,621,606,1,1,0,0,1,18.0,8.0,40.0,2011,MIS4_to_MIS8,pennsylvania,0,2010-2011,1,0,0,0,retention
36654820010903,10,1.0,1,4,2,8700,87001,1,1,23,42,39740,11,,1.0,,3,3,34,1.0,1,44,1,2.0,2,1,2,1,2,57,57,57,1,0,0,2.0,1.0,,40.0,,40.0,,,,,,2.0,3.0,0.0,1,2.0,2.0,2.0,,1000.0,2.0,1.0,,,,11134.8668,2803.2704,3,2,0.0,,0,0,14550,2,,,,,,2.0,2810.1546,7860.0,2310.0,-1,,,,,,,374484.0,2010,609,606,0,0,1,0,0,18.0,8.0,40.0,2010,1.0,1,8,2,8700,87001,1,23,42,39740,11,,1.0,,3,3,35,1.0,1,44,1,2.0,1,2,1,2,57,57,57,1,0,0,2.0,1.0,,40.0,,40.0,,,,,,2.0,2.0,0.0,1,2.0,2.0,2.0,,1250.0,1.0,,,,,12604.1164,3159.9,3,2,0.0,,0,0,19752,2,,,,,,2.0,3187.166,7860.0,230.0,-1,,,,,,,370401.0,2011,621,606,0,0,1,0,0,18.0,1.0,40.0,2011,MIS4_to_MIS8,pennsylvania,0,2010-2011,1,0,0,0,retention
208901114998742,10,1.0,1,4,2,8700,87001,1,1,23,42,29540,71,,1.0,,3,3,47,1.0,1,39,1,,2,1,2,1,2,57,57,57,1,0,0,2.0,1.0,,40.0,6.0,32.0,,,6.0,,,4.0,2.0,0.0,1,2.0,1.0,1.0,1300.0,1538.46,1.0,,,,,13306.8984,3392.0266,4,1,0.0,1.0,0,0,18129,2,1.0,,,,,,3359.6958,9470.0,3710.0,-1,,,,,,,374512.0,2010,609,606,0,0,0,1,0,12.0,12.0,51.0,2010,1.0,1,8,2,8700,87001,1,23,42,29540,71,,1.0,,3,3,48,1.0,1,39,1,,1,2,1,2,57,57,57,1,0,0,2.0,1.0,,40.0,6.0,32.0,,,6.0,,,4.0,2.0,0.0,1,2.0,1.0,1.0,1000.0,1730.76,1.0,,,,,13592.6937,3316.655,4,1,0.0,1.0,0,0,33592,2,1.0,,,,,,3319.5118,9470.0,3820.0,-1,,,,,,,370432.0,2011,621,606,0,0,0,1,0,12.0,12.0,51.0,2011,MIS4_to_MIS8,pennsylvania,0,2010-2011,1,0,0,0,retention
224678038909995,10,1.0,1,4,2,8700,87001,1,1,23,42,49620,133,,1.0,,3,1,45,2.0,1,43,1,,1,1,1,1,2,57,57,57,1,0,0,1.0,1.0,,60.0,,60.0,,,,,,2.0,3.0,0.0,1,2.0,2.0,2.0,,850.0,2.0,1.0,,,,13306.8984,3392.0266,4,2,0.0,,0,0,5253,1,,,,1.0,1.0,,3359.6958,7860.0,2320.0,-1,3.0,2.0,,,,,374520.0,2010,609,606,0,0,0,1,0,18.0,8.0,40.0,2010,1.0,1,8,2,8700,87001,1,23,42,49620,133,,1.0,,3,1,46,2.0,1,43,1,,1,1,1,2,57,57,57,1,0,0,1.0,1.0,,60.0,,50.0,,,,,,2.0,3.0,0.0,1,2.0,2.0,2.0,,1019.23,2.0,1.0,,,,13592.6937,3316.655,4,2,0.0,,0,0,2753,1,,,,1.0,1.0,,3319.5118,7860.0,2320.0,-1,3.0,2.0,,,,,370444.0,2011,621,606,0,0,0,1,0,18.0,8.0,40.0,2011,MIS4_to_MIS8,pennsylvania,0,2010-2011,1,0,0,0,retention
224678038909995,10,1.0,1,4,2,8700,87001,1,1,23,42,49620,133,,1.0,,3,3,41,1.0,2,43,1,,2,1,2,1,2,119,119,119,4,0,13,2.0,1.0,,60.0,,48.0,,,,,,2.0,3.0,0.0,1,2.0,2.0,2.0,,900.0,2.0,1.0,,,,12003.1259,3085.23,4,2,0.0,,0,0,5253,2,,,,1.0,1.0,,3051.5579,7860.0,2320.0,-1,,,,,,,374521.0,2010,609,606,0,0,0,1,0,18.0,8.0,40.0,2010,1.0,1,8,2,8700,87001,1,23,42,49620,133,,1.0,,3,3,42,1.0,2,43,1,,1,2,1,2,119,119,119,4,0,13,2.0,1.0,,60.0,,60.0,,,,,,2.0,3.0,0.0,1,2.0,2.0,2.0,,1192.3,2.0,1.0,,,,11140.5204,2773.4441,4,2,0.0,,0,0,2753,2,,,,1.0,1.0,,2796.0852,7860.0,2320.0,-1,,,,,,,370445.0,2011,621,606,0,0,0,1,0,18.0,8.0,40.0,2011,MIS4_to_MIS8,pennsylvania,0,2010-2011,1,0,0,0,retention
408909174798592,10,2.0,1,4,2,8700,87001,1,1,23,42,25420,0,,1.0,,4,1,54,2.0,1,42,1,,1,1,1,1,2,57,57,57,1,0,0,2.0,1.0,,40.0,,40.0,,,,,,2.0,2.0,0.0,1,2.0,,1.0,1500.0,600.0,2.0,2.0,,,,13324.5961,3363.5707,0,0,1.0,1.0,0,42,5154,1,,,3.0,,,,3364.1641,9470.0,5000.0,-1,,,,,,,374555.0,2010,609,606,0,0,0,0,0,14.0,17.0,51.0,2010,2.0,1,8,2,8700,87001,1,23,42,25420,0,,1.0,,4,1,55,2.0,1,42,1,,1,1,1,2,57,57,57,1,0,0,2.0,1.0,,40.0,,40.0,,,,,,2.0,2.0,0.0,1,2.0,2.0,2.0,,1730.76,2.0,2.0,,,,12766.7803,3215.4836,0,0,0.0,,0,0,16353,1,,,3.0,,,,3182.4247,9470.0,430.0,-1,,,,,,,370472.0,2011,621,606,0,0,0,0,0,14.0,1.0,51.0,2011,MIS4_to_MIS8,pennsylvania,0,2010-2011,1,0,0,0,retention
408909174798592,10,2.0,1,4,2,8700,87001,1,1,23,42,25420,0,,1.0,,4,3,40,1.0,2,40,1,,2,1,2,1,2,57,57,57,1,0,0,1.0,1.0,,40.0,,40.0,,,,,,2.0,2.0,0.0,1,2.0,2.0,2.0,,600.0,2.0,2.0,,,,12003.1259,3085.23,0,0,1.0,,0,0,5154,2,,,2.0,,,,3051.5579,9470.0,7620.0,-1,,,,,,,374556.0,2010,609,606,0,0,0,0,0,13.0,20.0,51.0,2010,2.0,1,8,2,8700,87001,1,23,42,25420,0,,1.0,,4,3,41,1.0,2,40,1,,1,2,1,2,57,57,57,1,0,0,1.0,1.0,,40.0,,40.0,,,,,,2.0,2.0,0.0,1,2.0,2.0,2.0,,961.53,2.0,2.0,,,,11140.5204,2773.4441,0,0,0.0,,0,0,16353,2,,,2.0,,,,2796.0852,9470.0,1105.0,-1,,,,,,,370473.0,2011,621,606,0,0,0,0,0,13.0,3.0,51.0,2011,MIS4_to_MIS8,pennsylvania,0,2010-2011,1,0,0,0,retention
840209935762899,10,1.0,7,4,2,8700,87001,1,1,23,42,49620,133,,1.0,,3,2,32,,2,44,1,,1,0,0,7,2,57,57,57,1,0,0,1.0,1.0,,38.0,6.0,30.0,,,6.0,,,4.0,3.0,0.0,1,2.0,2.0,2.0,,1562.0,2.0,2.0,,,,12234.7007,3197.557,0,0,1.0,,0,0,69277,1,,,,,,3.0,3142.9494,7860.0,230.0,-1,,,,,,,374641.0,2010,609,606,0,0,0,0,0,18.0,1.0,40.0,2010,1.0,7,8,2,8700,87001,1,23,42,49620,133,,1.0,,3,2,33,,2,44,1,,0,0,7,2,57,57,57,1,0,0,1.0,1.0,,50.0,,50.0,,,,,,2.0,3.0,0.0,1,2.0,2.0,2.0,,2769.23,2.0,2.0,,,,11223.3187,2850.3606,0,0,0.0,,0,0,65881,1,,,,,,2.0,2838.7349,7860.0,230.0,-1,,,,,,,370549.0,2011,621,606,0,0,0,0,0,18.0,1.0,40.0,2011,MIS4_to_MIS8,pennsylvania,0,2010-2011,1,0,0,0,retention
301907191383637,11,2.0,1,4,2,8800,88001,1,1,33,17,16980,0,1.0,1.0,,7,1,48,2.0,1,39,1,,1,1,1,1,2,57,57,57,1,0,0,2.0,1.0,,40.0,,40.0,,,,,,2.0,2.0,0.0,1,2.0,2.0,2.0,,769.23,2.0,2.0,,,,13934.7592,3571.5188,3,1,0.0,,0,42,57823,1,1.0,,,,,,3602.7257,9570.0,5000.0,-1,,,,,,,394399.0,2010,610,607,0,0,1,0,0,12.0,17.0,51.0,2010,2.0,1,8,2,8800,88001,1,33,17,16980,0,1.0,1.0,,7,1,49,2.0,1,39,1,,1,1,1,2,57,57,57,1,0,0,2.0,1.0,,70.0,,54.0,,,,,,2.0,4.0,0.0,1,2.0,2.0,2.0,,1730.76,1.0,,,,,14439.8727,3612.137,3,1,0.0,,0,0,18950,1,1.0,,,,,,3641.1381,6290.0,120.0,-1,,,,,,,390239.0,2011,622,607,0,0,1,0,0,12.0,1.0,23.0,2011,MIS4_to_MIS8,illinois,1,2010-2011,0,1,0,1,retention
320279093111838,11,2.0,1,4,2,8800,88001,1,1,33,17,16980,0,1.0,1.0,,7,1,39,2.0,1,43,1,,1,1,1,1,2,57,57,57,1,0,0,2.0,1.0,,40.0,4.0,24.0,,,4.0,,,4.0,3.0,0.0,1,2.0,2.0,2.0,,1403.84,1.0,,,,,11905.6356,2966.2519,1,1,0.0,,0,0,33249,1,,,,2.0,,,2973.7689,7860.0,110.0,-1,,,,,,,394407.0,2010,610,607,1,0,0,0,1,16.0,1.0,40.0,2010,1.0,1,8,2,8800,88001,1,33,17,16980,0,1.0,1.0,,7,1,40,2.0,1,43,1,,1,1,1,2,57,57,57,1,0,0,2.0,1.0,,40.0,6.0,32.0,,,6.0,,,4.0,4.0,0.0,1,2.0,2.0,2.0,,1403.84,1.0,,,,,12986.9342,3271.2236,1,1,0.0,,0,0,18949,1,,,,2.0,,,3289.887,7860.0,110.0,-1,,,,,,,390244.0,2011,622,607,1,0,0,0,1,16.0,1.0,40.0,2011,MIS4_to_MIS8,illinois,1,2010-2011,0,1,0,1,retention
471727041901393,11,1.0,4,4,2,8800,88001,1,1,33,17,16980,0,1.0,1.0,1.0,7,1,54,,2,45,1,,1,1,1,7,2,57,57,57,1,0,0,1.0,1.0,,38.0,6.0,30.0,,,6.0,,,4.0,3.0,0.0,1,2.0,2.0,2.0,,1951.92,2.0,2.0,,,,12750.9589,3137.1275,3,1,0.0,,0,0,7818,1,,,,,,,3143.8182,7860.0,2100.0,-1,,,,,,,394442.0,2010,610,607,0,0,1,0,0,18.0,7.0,40.0,2010,1.0,4,8,2,8800,88001,1,33,17,16980,0,1.0,1.0,1.0,7,1,56,,2,45,1,,1,1,7,2,57,57,57,1,0,0,1.0,1.0,,45.0,6.0,33.0,,,6.0,,,4.0,3.0,0.0,1,2.0,2.0,2.0,,1942.3,2.0,2.0,,,,13626.7426,3197.1625,3,1,0.0,,0,0,18952,1,,,,,,,3205.5102,7860.0,2100.0,-1,,,,,,,390287.0,2011,622,607,0,0,1,0,0,18.0,7.0,40.0,2011,MIS4_to_MIS8,illinois,1,2010-2011,1,0,0,0,retention
778030996100911,11,2.0,1,4,2,8800,88001,1,1,33,17,16980,0,1.0,1.0,1.0,7,1,39,2.0,1,43,2,,1,1,1,1,2,57,57,57,1,0,0,1.0,1.0,,40.0,,40.0,,,,,,2.0,3.0,0.0,1,2.0,2.0,2.0,,1153.84,1.0,,,,,13645.598,3312.5744,9,2,0.0,,0,0,43225,1,,,,1.0,1.0,,3313.0218,9470.0,3850.0,-1,,,,,,,394490.0,2010,610,607,0,1,0,1,1,18.0,12.0,51.0,2010,2.0,1,8,2,8800,88001,1,33,17,16980,0,1.0,1.0,1.0,7,1,40,2.0,1,43,2,,1,1,1,2,57,57,57,1,0,0,1.0,1.0,,40.0,,40.0,,,,,,2.0,3.0,0.0,1,2.0,2.0,2.0,,961.0,1.0,,,,,12739.536,2910.8988,9,2,1.0,,0,42,31626,1,,,,1.0,1.0,,2922.0218,9470.0,3850.0,-1,,,,,,,390347.0,2011,622,607,0,1,0,1,1,18.0,12.0,51.0,2011,MIS4_to_MIS8,illinois,1,2010-2011,1,0,0,0,retention
778030996100911,11,2.0,1,4,2,8800,88001,1,1,33,17,16980,0,1.0,1.0,1.0,7,3,38,1.0,2,44,2,,2,1,2,1,2,57,57,57,1,0,0,2.0,1.0,,40.0,,40.0,,,,,,2.0,3.0,0.0,1,2.0,2.0,2.0,,1153.84,1.0,,,,,12680.0375,3268.1706,9,2,0.0,,0,0,43225,2,,,,,,3.0,3224.8979,9470.0,2020.0,-1,,,,,,,394491.0,2010,610,607,0,1,0,1,1,18.0,6.0,51.0,2010,2.0,1,8,2,8800,88001,1,33,17,16980,0,1.0,1.0,1.0,7,3,39,1.0,2,44,2,,1,2,1,2,57,57,57,1,0,0,2.0,1.0,,40.0,,40.0,,,,,,2.0,3.0,0.0,1,2.0,2.0,2.0,,692.0,1.0,,,,,12458.9454,3236.5716,9,2,1.0,,0,42,31626,2,,,,,,3.0,3270.9152,9470.0,2015.0,-1,,,,,,,390348.0,2011,622,607,0,1,0,1,1,18.0,6.0,51.0,2011,MIS4_to_MIS8,illinois,1,2010-2011,1,0,0,0,retention
799230581190911,11,1.0,7,4,2,8800,88001,1,1,33,17,16980,0,1.0,1.0,3.0,7,2,59,,2,43,2,,1,0,0,7,2,57,57,57,1,0,0,1.0,1.0,,35.0,6.0,28.0,,,6.0,,,4.0,3.0,0.0,1,2.0,2.0,2.0,,500.0,2.0,2.0,,,,10048.115,2737.0409,0,0,0.0,,0,0,50586,1,,,,1.0,1.0,,2747.7951,7860.0,2310.0,-1,,,,,,,394508.0,2010,610,607,0,0,0,0,0,18.0,8.0,40.0,2010,1.0,4,8,2,8800,88001,1,33,17,16980,0,1.0,1.0,3.0,7,1,60,,2,43,2,,1,1,7,2,57,57,57,1,0,0,1.0,1.0,,35.0,,35.0,,,,,,2.0,2.0,0.0,1,2.0,2.0,2.0,,326.0,1.0,,,,,10785.7552,2980.0866,0,0,1.0,,0,42,7334,1,,,,1.0,1.0,,2979.9555,7860.0,2540.0,-1,,,,,,,390362.0,2011,622,607,0,0,0,0,0,18.0,8.0,40.0,2011,MIS4_to_MIS8,illinois,1,2010-2011,1,0,0,0,retention
15105750700142,11,1.0,1,4,2,8800,88001,1,1,33,17,16980,0,2.0,1.0,,7,1,38,2.0,1,42,1,,1,1,1,1,2,57,57,57,1,0,0,1.0,1.0,,40.0,,40.0,,,,,,2.0,3.0,0.0,1,1.0,,1.0,3200.0,1424.0,1.0,,,,,11384.1811,2836.3331,3,2,1.0,1.0,0,42,43394,1,,,3.0,,,,2843.5209,9470.0,3850.0,-1,,,,,,,394586.0,2010,610,607,0,0,1,0,0,14.0,12.0,51.0,2010,1.0,1,8,2,8800,88001,1,33,17,16980,0,2.0,1.0,,7,1,39,2.0,1,42,1,,1,1,1,2,57,57,57,1,0,0,1.0,1.0,,40.0,,40.0,,,,,,2.0,3.0,0.0,1,1.0,,1.0,2000.0,1160.0,1.0,,,,,11970.9539,3015.3912,3,2,1.0,1.0,0,42,31909,1,,,3.0,,,,3032.516,9470.0,3850.0,-1,,,,,,,390431.0,2011,622,607,0,0,1,0,0,14.0,12.0,51.0,2011,MIS4_to_MIS8,illinois,1,2010-2011,1,0,0,0,retention
54391170975696,11,4.0,1,4,2,8800,88001,1,1,33,17,16980,0,2.0,1.0,,7,4,21,,1,40,1,,4,1,3,7,2,57,57,57,1,0,0,2.0,1.0,,20.0,,36.0,,,,,,2.0,3.0,0.0,1,2.0,,1.0,1000.0,200.0,2.0,2.0,1.0,1.0,2.0,14742.0499,3609.9868,0,0,1.0,1.0,0,42,57865,4,,,4.0,,,,3642.8907,7870.0,2430.0,4760,,,,,1.0,1.0,394621.0,2010,610,607,0,0,0,0,0,15.0,8.0,40.0,2010,1.0,1,8,2,8800,88001,1,33,17,16980,0,2.0,1.0,,7,4,22,,1,40,1,,1,3,7,2,57,57,57,1,0,0,2.0,7.0,,,,,,,,,,1.0,,,2,,,,,,,,1.0,1.0,2.0,12815.6685,3423.5715,0,0,,,0,0,49777,4,,,5.0,,,,3366.3211,,,-1,,,,,1.0,1.0,390472.0,2011,622,607,0,0,0,0,0,16.0,,,2011,MIS4_to_MIS8,illinois,1,2010-2011,0,1,0,0,retention
110709777669530,11,1.0,7,4,2,8800,88001,1,1,33,17,16980,0,2.0,1.0,,7,2,49,,2,40,2,,1,0,0,7,2,57,57,57,1,0,0,1.0,1.0,,40.0,,40.0,,,,,,2.0,3.0,0.0,1,2.0,2.0,2.0,,500.0,1.0,,,,,14847.3025,3567.1932,0,0,1.0,,0,42,62807,1,,,3.0,,,,3581.2091,9370.0,5120.0,-1,,,,,,,394685.0,2010,610,607,0,0,0,0,0,14.0,17.0,51.0,2010,2.0,4,8,2,8800,88001,1,33,17,16980,0,2.0,1.0,,7,1,50,,2,40,2,,1,1,7,2,57,57,57,1,0,0,2.0,1.0,,40.0,,40.0,,,,,,2.0,3.0,0.0,1,2.0,,1.0,1525.0,610.0,2.0,2.0,,,,15114.7364,3628.6183,0,0,1.0,1.0,0,42,63214,1,,,3.0,,,,3628.4587,9370.0,5260.0,-1,,,,,,,390520.0,2011,622,607,0,0,0,0,0,14.0,17.0,51.0,2011,MIS4_to_MIS8,illinois,1,2010-2011,1,0,0,0,retention
198901503064728,11,1.0,1,4,2,8800,88001,1,1,33,17,40420,0,2.0,1.0,,3,3,47,1.0,2,43,1,,2,1,2,1,2,57,57,57,1,0,0,1.0,1.0,,40.0,6.0,32.0,,,6.0,,,4.0,2.0,0.0,1,2.0,2.0,2.0,,1025.0,2.0,2.0,,,,12453.7658,3084.9149,4,1,1.0,,0,42,57889,2,,,,1.0,2.0,,3070.5436,8370.0,2000.0,-1,,,,,,,394770.0,2010,610,607,0,0,0,1,0,17.0,6.0,43.0,2010,1.0,1,8,2,8800,88001,1,33,17,40420,0,2.0,1.0,,3,3,48,1.0,2,43,1,,1,2,1,2,57,57,57,1,0,0,1.0,1.0,,40.0,,40.0,,,,,,2.0,3.0,0.0,1,2.0,2.0,2.0,,1076.92,1.0,,,,,12338.1694,3059.461,4,1,0.0,,0,0,63268,2,,,,1.0,2.0,,3079.3398,9470.0,3700.0,-1,,,,,,,390610.0,2011,622,607,0,0,0,1,0,17.0,12.0,51.0,2011,MIS4_to_MIS8,illinois,1,2010-2011,1,0,0,0,retention
619199949700823,11,1.0,6,4,2,8800,88001,1,1,33,17,16980,0,2.0,1.0,,7,2,68,,1,40,1,,1,0,0,4,2,57,57,57,1,0,0,1.0,1.0,,40.0,,40.0,,,,,,2.0,3.0,0.0,1,2.0,2.0,2.0,,769.23,2.0,2.0,,,,12667.8321,3156.9494,0,0,0.0,,0,0,33568,1,,,1.0,,,,3112.4719,9370.0,620.0,-1,,,,,,,394922.0,2010,610,607,0,0,0,0,0,12.0,2.0,51.0,2010,1.0,6,8,2,8800,88001,1,33,17,16980,0,2.0,1.0,,7,2,69,,1,40,1,,0,0,4,2,57,57,57,1,0,0,1.0,1.0,,40.0,,40.0,,,,,,2.0,3.0,0.0,1,2.0,2.0,2.0,,846.15,2.0,2.0,,,,13153.9072,3175.1769,0,0,0.0,,0,0,19317,1,,,1.0,,,,3156.6117,9370.0,630.0,-1,,,,,,,390758.0,2011,622,607,0,0,0,0,0,12.0,2.0,51.0,2011,MIS4_to_MIS8,illinois,1,2010-2011,1,0,0,0,retention
797430773420911,11,1.0,1,4,2,8800,88001,1,1,33,17,16980,0,2.0,1.0,,7,1,49,2.0,2,39,1,,1,1,1,1,2,57,57,57,1,0,0,1.0,2.0,5.0,32.0,,,,,,,,10.0,2.0,0.0,1,2.0,,1.0,1730.0,553.6,1.0,,,,,12241.3937,3032.3083,4,1,0.0,0.0,0,0,7814,1,1.0,,,,,,3018.1822,7860.0,2540.0,-1,,,,,,,394972.0,2010,610,607,0,0,0,1,0,12.0,8.0,40.0,2010,1.0,1,8,2,8800,88001,1,33,17,16980,0,2.0,1.0,,7,1,50,2.0,2,39,1,,1,1,1,2,57,57,57,1,0,0,1.0,1.0,,33.0,,33.0,,,15.0,,,6.0,3.0,0.0,1,2.0,,1.0,1871.0,617.43,1.0,,,,,12533.4532,3112.7656,4,1,0.0,0.0,0,0,18946,1,1.0,,,,,,3128.0784,7860.0,2540.0,-1,,,,,,,390808.0,2011,622,607,0,0,0,1,0,12.0,8.0,40.0,2011,MIS4_to_MIS8,illinois,1,2010-2011,1,0,0,0,retention
917749410009100,11,2.0,1,4,2,8800,88001,1,1,33,17,41180,163,2.0,1.0,,6,3,59,1.0,2,39,1,,2,1,2,1,2,57,57,57,1,0,0,1.0,1.0,,40.0,6.0,32.0,,,6.0,,,4.0,3.0,0.0,1,2.0,1.0,1.0,1030.0,345.0,2.0,1.0,,,,13647.7327,3192.419,0,0,1.0,1.0,0,0,8051,2,1.0,,,,,,3246.2472,7860.0,4220.0,-1,,,,,,,395058.0,2010,610,607,0,0,0,0,0,12.0,14.0,40.0,2010,2.0,1,8,2,8800,88001,1,33,17,41180,163,2.0,1.0,,6,3,60,1.0,2,39,1,,1,2,1,2,57,57,57,1,0,0,1.0,1.0,,40.0,6.0,32.0,,,6.0,,,4.0,3.0,0.0,1,2.0,,1.0,2000.0,800.0,2.0,1.0,,,,11142.7701,2962.9884,0,0,0.0,0.0,0,0,7323,2,1.0,,,,,,3003.3295,7860.0,4220.0,-1,,,,,,,390895.0,2011,622,607,0,0,0,0,0,12.0,14.0,40.0,2011,MIS4_to_MIS8,illinois,1,2010-2011,1,0,0,0,retention
977247310349107,11,1.0,4,4,2,8800,88001,1,1,33,17,16980,0,2.0,1.0,,7,1,78,,2,40,1,,1,1,1,4,2,57,120,120,1,0,0,1.0,5.0,,,,,,,,,,1.0,3.0,0.0,2,,,,,,,,,,,10871.7831,2740.6788,0,0,,,0,0,20838,1,,,3.0,,,,2717.3676,7860.0,4600.0,-1,,,,,,,395114.0,2010,610,607,0,0,0,0,0,14.0,15.0,40.0,2010,1.0,4,8,2,8800,88001,1,33,17,16980,0,2.0,1.0,,7,1,79,,2,40,1,,1,1,4,2,57,120,120,1,0,0,1.0,5.0,,,,,,11.0,,,,1.0,,,2,,,,,,,,,,,11349.6418,2840.6066,0,0,,,0,0,56915,1,,,3.0,,,,2832.0543,,,-1,,,,,,,390942.0,2011,622,607,0,0,0,0,0,14.0,,,2011,MIS4_to_MIS8,illinois,1,2010-2011,0,1,0,0,retention
88691170991793,11,1.0,6,4,2,8800,88001,1,1,33,17,0,99,3.0,2.0,,0,2,42,,1,40,1,,1,0,0,5,2,57,57,57,1,0,0,1.0,1.0,,5.0,,10.0,,,14.0,,,6.0,2.0,0.0,1,2.0,,1.0,805.0,40.25,2.0,2.0,,,,11397.2453,2831.4835,0,0,1.0,1.0,0,42,33478,1,,,2.0,,,,2846.7841,9570.0,5000.0,200,,,,,,,395172.0,2010,610,607,0,0,0,0,0,13.0,17.0,51.0,2010,1.0,6,8,2,8800,88001,1,33,17,0,99,3.0,2.0,,0,2,44,,1,42,1,,0,0,7,2,57,57,57,1,0,0,1.0,1.0,,15.0,,30.0,,,14.0,,,6.0,2.0,0.0,1,2.0,,1.0,825.0,123.75,2.0,2.0,,,,12034.1026,3031.2189,0,0,0.0,0.0,0,0,31824,1,,,3.0,,,,3048.513,9570.0,1550.0,3630,,,,,,,390995.0,2011,622,607,0,0,0,0,0,14.0,4.0,51.0,2011,MIS4_to_MIS8,illinois,1,2010-2011,1,0,0,0,retention
780978093911169,11,2.0,4,4,2,8800,88001,1,1,33,17,0,99,3.0,2.0,,0,14,36,,1,40,1,,2,0,0,5,2,57,57,57,1,0,0,1.0,1.0,,40.0,,39.0,,,,,,2.0,2.0,0.0,1,2.0,2.0,2.0,,1019.23,2.0,2.0,,,,11835.3604,2948.743,0,0,0.0,,0,0,43350,2,,,2.0,,,,2956.2157,9570.0,5000.0,-1,,,,,,,395202.0,2010,610,607,0,0,0,0,0,13.0,17.0,51.0,2010,2.0,6,8,2,8800,88001,1,33,17,0,99,3.0,2.0,,0,2,36,,1,40,1,,0,0,5,2,57,57,57,1,0,0,1.0,1.0,,40.0,6.0,24.0,,,6.0,,,4.0,2.0,0.0,1,1.0,2.0,2.0,,1250.0,2.0,1.0,,,,11734.5449,2955.8416,0,0,0.0,,0,0,15948,2,,,3.0,,,,2972.6282,9570.0,1550.0,-1,,,,,,,391012.0,2011,622,607,0,0,0,0,0,14.0,4.0,51.0,2011,MIS4_to_MIS8,illinois,1,2010-2011,1,0,0,0,retention
799270552450911,11,3.0,3,4,2,8800,88001,1,1,33,17,0,0,3.0,2.0,,0,1,27,,1,40,1,,1,1,1,5,2,57,57,57,1,0,0,1.0,1.0,,-4.0,,10.0,,,20.0,,,7.0,3.0,0.0,1,2.0,,1.0,1075.0,215.0,2.0,2.0,,,,14351.4716,3506.1203,8,2,0.0,0.0,0,0,50570,1,,,2.0,,,,3542.5813,7860.0,4220.0,-1,,,,,,,395206.0,2010,610,607,0,1,1,0,1,13.0,14.0,40.0,2010,1.0,1,8,2,8800,88001,1,33,17,0,0,3.0,2.0,,0,1,29,3.0,1,40,1,,1,1,1,2,57,57,57,1,0,0,1.0,7.0,,,,,,,,,,1.0,4.0,0.0,2,,,,,,,,,,,14795.9591,3438.1691,6,3,,,0,0,42253,1,,,2.0,,,,3563.1543,8470.0,4620.0,-1,,,,,,,391014.0,2011,622,607,1,0,1,0,1,13.0,15.0,43.0,2011,MIS4_to_MIS8,illinois,1,2010-2011,0,1,0,1,retention
799270552450911,11,3.0,3,4,2,8800,88001,1,1,33,17,0,0,3.0,2.0,,0,14,27,,2,43,1,,3,0,0,5,2,57,57,57,1,0,0,2.0,1.0,,40.0,6.0,32.0,,,6.0,,,4.0,3.0,0.0,1,2.0,2.0,2.0,,673.07,1.0,,,,,12988.1313,3193.9415,2,1,0.0,,0,0,50570,3,,,,2.0,,,3213.1279,7860.0,2330.0,-1,,,,,,,395207.0,2010,610,607,0,1,0,0,1,16.0,8.0,40.0,2010,1.0,1,8,2,8800,88001,1,33,17,0,0,3.0,2.0,,0,3,28,1.0,2,43,1,,1,2,1,2,57,57,57,1,0,0,2.0,1.0,,-4.0,13.0,24.0,,,13.0,,,4.0,4.0,0.0,1,2.0,2.0,2.0,,972.22,1.0,,,,,12028.2981,2958.5604,6,3,0.0,,0,0,42253,3,,,,2.0,,,2981.7254,7860.0,2330.0,-1,,,,,,,391015.0,2011,622,607,1,0,1,0,1,16.0,8.0,40.0,2011,MIS4_to_MIS8,illinois,1,2010-2011,0,1,0,1,retention
110709946436986,11,2.0,1,4,2,8800,88001,1,1,33,17,44100,0,,1.0,,2,1,47,2.0,1,40,1,,1,1,1,1,2,57,57,57,1,0,0,2.0,1.0,,44.0,,42.0,,,,,,2.0,3.0,0.0,1,2.0,2.0,2.0,,1269.23,2.0,2.0,,,,13555.5925,3474.3373,10,2,0.0,,0,0,30969,1,,,1.0,,,,3504.695,6290.0,3920.0,-1,3.0,,,,,,395288.0,2010,610,607,0,0,1,1,0,12.0,12.0,23.0,2010,3.0,1,8,2,8800,88001,1,33,17,44100,0,,1.0,,2,1,47,2.0,1,40,1,,1,1,1,2,57,57,57,1,0,0,1.0,1.0,,42.0,,42.0,,,,,,2.0,4.0,0.0,1,2.0,,1.0,3200.0,1344.0,2.0,2.0,,,,13511.9786,3380.0241,3,1,0.0,0.0,0,0,49817,1,,,1.0,,,,3407.1617,6290.0,3930.0,-1,3.0,,,,,,391116.0,2011,622,607,0,0,1,0,0,12.0,12.0,23.0,2011,MIS4_to_MIS8,illinois,1,2010-2011,0,1,0,1,retention
110709946436986,11,2.0,1,4,2,8800,88001,1,1,33,17,44100,0,,1.0,,2,3,46,1.0,2,40,1,,2,1,2,1,2,57,57,57,1,0,0,1.0,1.0,,38.0,,38.0,,,,,,2.0,2.0,0.0,1,2.0,2.0,2.0,,1061.53,1.0,,,,,12453.7658,3084.9149,10,2,0.0,,0,0,30969,2,,,3.0,,,,3070.5436,9470.0,5700.0,-1,,,,,,,395289.0,2010,610,607,0,0,1,1,0,14.0,17.0,51.0,2010,3.0,1,8,2,8800,88001,1,33,17,44100,0,,1.0,,2,3,47,1.0,2,40,1,,1,2,1,2,57,57,57,1,0,0,2.0,1.0,,40.0,,40.0,,,,,,2.0,2.0,0.0,1,2.0,2.0,2.0,,1057.69,1.0,,,,,12338.1694,3059.461,3,1,0.0,,0,0,49817,2,,,3.0,,,,3079.3398,9470.0,5700.0,-1,,,,,,,391117.0,2011,622,607,0,0,1,0,0,14.0,17.0,51.0,2011,MIS4_to_MIS8,illinois,1,2010-2011,1,0,0,0,retention
110800051278114,11,2.0,1,4,2,8800,88001,1,1,32,18,26900,0,1.0,1.0,,5,3,33,1.0,1,40,6,,2,1,2,1,2,57,57,57,1,0,0,2.0,1.0,,72.0,,99.0,,,,,,2.0,3.0,0.0,1,1.0,1.0,1.0,1800.0,1057.69,1.0,,,,,18480.2445,4649.6467,8,2,0.0,0.0,0,0,4689,2,,,3.0,,,,4561.7461,9470.0,3740.0,5930,,,,,,,395413.0,2010,610,607,0,1,1,0,1,14.0,12.0,51.0,2010,1.0,1,8,2,8800,88001,1,32,18,26900,0,1.0,1.0,,5,3,34,1.0,1,40,6,,1,2,1,2,57,57,57,1,0,0,2.0,1.0,,-4.0,,48.0,,,,,,2.0,3.0,0.0,1,2.0,2.0,2.0,,1269.23,1.0,,,,,10782.6003,2665.4404,8,2,0.0,,0,0,53676,2,,,4.0,,,,2672.8288,9470.0,3740.0,-1,,,,,,,391252.0,2011,622,607,0,1,1,0,1,15.0,12.0,51.0,2011,MIS4_to_MIS8,indiana,0,2010-2011,1,0,0,0,retention
340987098711919,11,1.0,7,4,2,8800,88001,1,1,32,18,21780,0,1.0,1.0,,3,2,60,,2,39,1,,1,0,0,5,2,57,57,57,1,0,0,1.0,1.0,,40.0,6.0,32.0,,,6.0,,,4.0,3.0,0.0,1,2.0,2.0,2.0,,692.0,2.0,2.0,,,,11193.7313,2796.1056,0,0,1.0,,0,42,8203,1,1.0,,,,,,2792.0829,7860.0,4010.0,-1,,,,,,,395441.0,2010,610,607,0,0,0,0,0,12.0,13.0,40.0,2010,1.0,7,8,2,8800,88001,1,32,18,21780,0,1.0,1.0,,3,2,61,,2,39,1,,0,0,5,2,57,57,57,1,0,0,1.0,1.0,,40.0,6.0,32.0,,,6.0,,,4.0,5.0,0.0,1,2.0,,1.0,2000.0,800.0,2.0,2.0,,,,10632.26,2864.5641,0,0,1.0,1.0,0,0,32073,1,1.0,,,,,,2865.7309,7860.0,4010.0,-1,,,,,,,391277.0,2011,622,607,0,0,0,0,0,12.0,13.0,40.0,2011,MIS4_to_MIS8,indiana,0,2010-2011,0,1,0,1,retention
514107810800112,11,1.0,1,4,2,8800,88001,1,1,32,18,26900,0,1.0,1.0,,5,3,36,1.0,1,43,1,,2,1,2,1,2,57,57,57,1,0,0,2.0,1.0,,40.0,,40.0,,,,,,2.0,3.0,0.0,1,2.0,2.0,2.0,,576.92,2.0,1.0,,,,14019.394,3545.4171,2,1,0.0,,0,0,66247,2,,,,2.0,,,3501.7398,9470.0,3710.0,-1,,,,,,,395456.0,2010,610,607,0,1,0,0,1,16.0,12.0,51.0,2010,2.0,1,8,2,8800,88001,1,32,18,26900,0,1.0,1.0,,5,3,37,1.0,1,43,1,,1,2,1,2,57,57,57,1,0,0,2.0,1.0,,40.0,,40.0,,,,,,2.0,3.0,0.0,1,2.0,,1.0,1900.0,760.0,1.0,,,,,11290.66,2881.5783,2,1,1.0,1.0,0,42,15973,2,,,,2.0,,,2860.182,9470.0,3850.0,-1,,,,,,,391292.0,2011,622,607,0,1,0,0,1,16.0,12.0,51.0,2011,MIS4_to_MIS8,indiana,0,2010-2011,1,0,0,0,retention
918889410059106,11,2.0,7,4,2,8800,88001,1,1,32,18,26900,0,1.0,1.0,,5,2,27,,2,44,1,,1,0,0,7,2,57,57,57,1,0,0,2.0,1.0,,40.0,,40.0,,,,,,2.0,3.0,0.0,1,2.0,2.0,2.0,,576.92,1.0,,,,,12249.9965,3057.7283,0,0,0.0,,0,0,54098,1,,,,,,2.0,3030.5211,7860.0,2320.0,-1,,,,,,,395490.0,2010,610,607,0,0,0,0,0,18.0,8.0,40.0,2010,3.0,7,8,2,8800,88001,1,32,18,26900,0,1.0,1.0,,5,2,28,,2,44,1,,0,0,7,2,57,57,57,1,0,0,2.0,1.0,,40.0,,40.0,,,,,,2.0,3.0,0.0,1,2.0,2.0,2.0,,1057.0,2.0,2.0,,,,10614.0551,2645.1712,0,0,1.0,,0,0,42369,1,,,,,,2.0,2631.1451,7860.0,2000.0,-1,,,,,,,391329.0,2011,622,607,0,0,0,0,0,18.0,6.0,40.0,2011,MIS4_to_MIS8,indiana,0,2010-2011,1,0,0,0,retention
101900621891808,11,1.0,1,4,2,8800,88001,1,1,32,18,16980,89,2.0,1.0,,7,3,46,1.0,2,44,1,,2,1,2,1,2,57,57,57,1,0,0,2.0,1.0,,40.0,,40.0,,,,,,2.0,3.0,0.0,1,2.0,2.0,2.0,,961.0,1.0,,,,,10872.729,2733.7809,0,0,1.0,,0,42,8139,2,,,,,,2.0,2680.7304,7860.0,2310.0,-1,,,,,,,395536.0,2010,610,607,0,0,0,0,0,18.0,8.0,40.0,2010,1.0,1,8,2,8800,88001,1,32,18,16980,89,2.0,1.0,,7,3,48,1.0,2,44,1,,1,2,1,2,57,57,57,1,0,0,2.0,1.0,,45.0,,45.0,,,,,,2.0,4.0,0.0,1,2.0,2.0,2.0,,1307.69,1.0,,,,,11524.752,2895.4893,4,1,0.0,,0,0,7397,2,,,,,,2.0,2876.3285,7860.0,2330.0,-1,,,,,,,391392.0,2011,622,607,0,0,0,1,0,18.0,8.0,40.0,2011,MIS4_to_MIS8,indiana,0,2010-2011,0,1,0,1,retention
107001308016881,11,1.0,1,4,2,8800,88001,1,1,32,18,31140,0,2.0,1.0,,5,1,48,2.0,2,43,1,,1,1,1,1,2,57,57,57,1,0,0,1.0,1.0,,40.0,,40.0,,,,,,2.0,2.0,0.0,1,2.0,2.0,2.0,,961.53,1.0,,,,,10872.729,2733.7809,4,1,0.0,,0,0,12050,1,,,,1.0,1.0,,2680.7304,7860.0,2320.0,-1,,,,,,,395543.0,2010,610,607,0,0,0,1,0,18.0,8.0,40.0,2010,1.0,1,8,2,8800,88001,1,32,18,31140,0,2.0,1.0,,5,1,49,2.0,2,43,1,,1,1,1,2,57,57,57,1,0,0,1.0,1.0,,40.0,,40.0,,,,,,2.0,2.0,0.0,1,2.0,2.0,2.0,,1050.0,1.0,,,,,11524.752,2895.4893,4,1,0.0,,0,0,684,1,,,,1.0,1.0,,2876.3285,7860.0,2320.0,-1,,,,,,,391401.0,2011,622,607,0,0,0,1,0,18.0,8.0,40.0,2011,MIS4_to_MIS8,indiana,0,2010-2011,1,0,0,0,retention
813102660800155,11,2.0,1,4,2,8800,88001,1,1,32,18,26900,57,2.0,1.0,,5,3,43,1.0,2,43,1,,2,1,2,1,2,57,57,57,1,0,0,2.0,1.0,,17.0,,17.0,,,22.0,,,7.0,3.0,0.0,1,2.0,1.0,1.0,1000.0,90.0,2.0,2.0,,,,11015.2198,2738.7747,10,3,1.0,1.0,0,0,62869,2,,,,1.0,1.0,,2714.198,7860.0,2310.0,-1,,,,,,,395633.0,2010,610,607,0,0,1,1,0,18.0,8.0,40.0,2010,2.0,1,8,2,8800,88001,1,32,18,26900,57,2.0,1.0,,5,3,44,1.0,2,44,1,,1,2,1,2,57,57,57,1,0,0,1.0,1.0,,15.0,,27.0,,,18.0,,,7.0,2.0,0.0,1,2.0,,1.0,2109.0,316.35,2.0,2.0,,,,8724.0508,2195.5432,10,3,0.0,0.0,0,0,29418,2,,,,,,3.0,2191.8773,7860.0,2860.0,2720,,,,,,,391510.0,2011,622,607,0,0,1,1,0,18.0,9.0,40.0,2011,MIS4_to_MIS8,indiana,0,2010-2011,1,0,0,0,retention
880980094111969,11,2.0,1,4,2,8800,88001,1,1,32,18,26900,81,2.0,1.0,,5,1,55,2.0,2,40,1,,1,1,1,1,2,57,57,57,1,0,0,2.0,4.0,,,,,,,,78.0,2.0,11.0,3.0,0.0,2,,,,,,,,,,,12101.2469,2829.0486,0,0,,,0,0,43445,1,,,3.0,,,,2733.5053,670.0,5260.0,-1,,,,,,,395639.0,2010,610,607,0,0,0,0,0,14.0,17.0,24.0,2010,1.0,1,8,2,8800,88001,1,32,18,26900,81,2.0,1.0,,5,1,56,2.0,2,40,1,,1,1,1,2,57,57,57,1,0,0,1.0,6.0,,,,,,,,,,1.0,,,2,,,,,,,,,,,11403.575,2831.3746,0,0,,,0,0,15969,1,,,3.0,,,,2902.4374,,,-1,,,,,,,391516.0,2011,622,607,0,0,0,0,0,14.0,,,2011,MIS4_to_MIS8,indiana,0,2010-2011,0,1,0,0,retention
899230793240911,11,2.0,1,4,2,8800,88001,1,1,32,18,21780,0,2.0,1.0,,3,1,43,2.0,1,43,1,,1,1,1,1,2,57,57,57,1,0,0,2.0,1.0,,42.0,,42.0,,,,,,2.0,3.0,0.0,1,2.0,2.0,2.0,,815.0,2.0,2.0,,,,13607.6842,3431.4763,10,2,0.0,,0,0,21439,1,,,,2.0,,,3398.9037,9470.0,3850.0,-1,,,,,,,395647.0,2010,610,607,0,0,1,1,0,16.0,12.0,51.0,2010,1.0,1,8,2,8800,88001,1,32,18,21780,0,2.0,1.0,,3,1,44,2.0,1,43,1,,1,1,1,2,57,57,57,1,0,0,2.0,1.0,,60.0,,60.0,,,,,,2.0,3.0,0.0,1,1.0,2.0,2.0,,800.0,2.0,2.0,,,,10716.3852,2734.9418,10,2,0.0,,0,0,53700,1,,,,2.0,,,2714.7051,9470.0,3850.0,-1,,,,,,,391525.0,2011,622,607,0,0,1,1,0,16.0,12.0,51.0,2011,MIS4_to_MIS8,indiana,0,2010-2011,1,0,0,0,retention
899230793240911,11,2.0,1,4,2,8800,88001,1,1,32,18,21780,0,2.0,1.0,,3,3,42,1.0,2,44,1,,2,1,2,1,2,57,57,57,1,0,0,1.0,1.0,,40.0,,40.0,,,,,,2.0,3.0,0.0,1,2.0,2.0,2.0,,980.76,1.0,,,,,11594.9682,2882.9207,10,2,0.0,,0,0,21439,2,,,,,,2.0,2857.0505,7860.0,2320.0,-1,,,,,,,395648.0,2010,610,607,0,0,1,1,0,18.0,8.0,40.0,2010,1.0,1,8,2,8800,88001,1,32,18,21780,0,2.0,1.0,,3,3,43,1.0,2,44,1,,1,2,1,2,57,57,57,1,0,0,1.0,1.0,,40.0,,40.0,,,,,,2.0,3.0,0.0,1,2.0,2.0,2.0,,750.0,1.0,,,,,8634.5324,2173.0145,10,2,0.0,,0,0,53700,2,,,,,,2.0,2169.3862,7860.0,2320.0,-1,,,,,,,391526.0,2011,622,607,0,0,1,1,0,18.0,8.0,40.0,2011,MIS4_to_MIS8,indiana,0,2010-2011,1,0,0,0,retention
998429310329107,11,2.0,1,4,2,8800,88001,1,1,32,18,21780,0,2.0,1.0,,3,1,35,2.0,1,39,1,,1,1,1,1,2,57,57,57,1,0,0,2.0,1.0,,-4.0,,48.0,,,,,,2.0,3.0,0.0,1,2.0,2.0,2.0,,500.0,1.0,,,,,14130.7696,3573.5833,2,1,0.0,,0,0,17506,1,1.0,,,,,,3529.559,9470.0,3740.0,-1,,,,,,,395703.0,2010,610,607,0,1,0,0,1,12.0,12.0,51.0,2010,1.0,1,8,2,8800,88001,1,32,18,21780,0,2.0,1.0,,3,1,36,2.0,1,39,1,,1,1,1,2,57,57,57,1,0,0,2.0,1.0,,72.0,,72.0,,,,,,2.0,3.0,0.0,1,2.0,2.0,2.0,,1346.0,1.0,,,,,10449.6286,2666.9321,3,1,1.0,,0,0,32076,1,1.0,,,,,,2647.1296,9470.0,3740.0,-1,,,,,,,391597.0,2011,622,607,0,0,1,0,0,12.0,12.0,51.0,2011,MIS4_to_MIS8,indiana,0,2010-2011,1,0,0,0,retention
79261180992094,11,1.0,1,4,2,8800,88001,1,1,32,18,0,0,3.0,2.0,,0,1,34,2.0,1,41,1,,1,1,1,1,2,57,57,57,1,0,0,1.0,1.0,,40.0,,40.0,,,,,,2.0,3.0,0.0,1,2.0,2.0,2.0,,1846.0,2.0,2.0,,,,13496.0165,3402.7641,2,2,1.0,,0,42,54111,1,,,3.0,,,,3331.417,9470.0,3850.0,-1,,,,,,,395741.0,2010,610,607,0,1,0,0,1,14.0,12.0,51.0,2010,2.0,1,8,2,8800,88001,1,32,18,0,0,3.0,2.0,,0,1,34,2.0,1,42,1,,1,1,1,2,57,57,57,1,0,0,2.0,1.0,,40.0,,40.0,,,,,,2.0,3.0,0.0,1,1.0,,1.0,2000.0,1160.0,2.0,2.0,,,,11448.1771,2851.1496,2,2,1.0,1.0,0,42,7443,1,,,3.0,,,,2837.8143,9470.0,3850.0,-1,,,,,,,391626.0,2011,622,607,0,1,0,0,1,14.0,12.0,51.0,2011,MIS4_to_MIS8,indiana,0,2010-2011,1,0,0,0,retention
201907981897448,11,2.0,1,4,2,8800,88001,1,1,32,18,0,0,3.0,2.0,,0,1,41,2.0,2,39,1,,1,1,1,1,2,57,57,57,1,0,0,2.0,1.0,,40.0,,55.0,,,,,,2.0,2.0,0.0,1,2.0,,1.0,1080.0,432.0,2.0,2.0,,,,10774.4992,2678.923,4,1,0.0,0.0,0,0,66241,1,1.0,,,,,,2654.8834,7860.0,2540.0,2320,,,,,,,395759.0,2010,610,607,0,0,0,1,0,12.0,8.0,40.0,2010,2.0,1,8,2,8800,88001,1,32,18,0,0,3.0,2.0,,0,1,42,2.0,2,39,1,,1,1,1,2,57,57,57,1,0,0,2.0,1.0,,32.0,,32.0,,,14.0,,,6.0,2.0,0.0,1,2.0,,1.0,1115.0,356.8,2.0,2.0,,,,8550.9508,2151.9799,0,0,0.0,0.0,0,0,58047,1,1.0,,,,,,2148.3867,7860.0,2540.0,-1,,,,,,,391646.0,2011,622,607,0,0,0,0,0,12.0,8.0,40.0,2011,MIS4_to_MIS8,indiana,0,2010-2011,1,0,0,0,retention
260985096411889,11,1.0,6,4,2,8800,88001,1,1,32,18,0,0,3.0,2.0,,0,2,50,,1,40,1,,1,0,0,7,2,57,57,57,1,0,0,1.0,1.0,,35.0,,51.0,,,,,,2.0,3.0,0.0,1,2.0,2.0,2.0,,300.0,2.0,2.0,,,,10974.2619,2850.914,0,0,0.0,,0,0,8132,1,,,3.0,,,,2837.3117,6670.0,430.0,5300,,,,,,,395762.0,2010,610,607,0,0,0,0,0,14.0,1.0,27.0,2010,1.0,6,8,2,8800,88001,1,32,18,0,0,3.0,2.0,,0,2,51,,1,40,1,,0,0,7,2,57,57,57,1,0,0,1.0,1.0,,32.0,,48.0,,,,,,2.0,5.0,0.0,1,2.0,2.0,2.0,,323.07,2.0,2.0,,,,12313.1344,3151.4846,0,0,0.0,,0,0,42334,1,,,2.0,,,,3104.8628,6670.0,5600.0,5120,,,,,,,391650.0,2011,622,607,0,0,0,0,0,13.0,17.0,27.0,2011,MIS4_to_MIS8,indiana,0,2010-2011,0,1,0,1,retention
401009431105638,11,1.0,1,4,2,8800,88001,1,1,32,18,0,0,3.0,2.0,,0,1,36,2.0,2,44,1,,1,1,1,1,2,57,57,57,1,0,0,2.0,1.0,,40.0,,40.0,,,,,,2.0,3.0,0.0,1,2.0,2.0,2.0,,1615.38,1.0,,,,,10310.374,2574.3658,8,2,0.0,,0,0,4695,1,,,,,,2.0,2540.5209,7860.0,3230.0,-1,,,,,,,395765.0,2010,610,607,0,1,1,0,1,18.0,10.0,40.0,2010,2.0,1,8,2,8800,88001,1,32,18,0,0,3.0,2.0,,0,1,37,2.0,2,44,1,,1,1,1,2,57,57,57,1,0,0,1.0,1.0,,40.0,,40.0,,,,,,2.0,3.0,0.0,1,2.0,2.0,2.0,,769.23,1.0,,,,,9170.1716,2308.6999,8,2,0.0,,0,0,15978,1,,,,,,2.0,2303.9631,7860.0,3230.0,-1,,,,,,,391654.0,2011,622,607,0,1,1,0,1,18.0,10.0,40.0,2011,MIS4_to_MIS8,indiana,0,2010-2011,1,0,0,0,retention
988179610269108,11,1.0,7,4,2,8800,88001,1,1,32,18,0,0,3.0,2.0,,0,2,65,,2,39,1,,1,0,0,4,2,57,57,57,1,0,0,1.0,1.0,,45.0,,37.0,,,,,,2.0,2.0,0.0,1,2.0,1.0,1.0,1535.0,600.0,2.0,2.0,,,,9344.8892,2462.8905,0,0,0.0,0.0,0,0,4675,1,1.0,,,,,,2444.4081,9480.0,5250.0,-1,,,,,,,395877.0,2010,610,607,0,0,0,0,0,12.0,17.0,51.0,2010,1.0,7,8,2,8800,88001,1,32,18,0,0,3.0,2.0,,0,2,66,,2,39,1,,0,0,4,2,57,57,57,1,0,0,1.0,1.0,,40.0,5.0,32.0,,,5.0,,,4.0,3.0,0.0,1,1.0,1.0,1.0,1535.0,673.07,2.0,1.0,,,,11515.342,2644.6945,0,0,0.0,0.0,0,0,4226,1,1.0,,,,,,2559.1924,7380.0,2825.0,-1,,,,,,,391757.0,2011,622,607,0,0,0,0,0,12.0,9.0,36.0,2011,MIS4_to_MIS8,indiana,0,2010-2011,1,0,0,0,retention
1909903398656,11,1.0,4,4,2,8800,88001,1,1,21,36,35620,81,1.0,1.0,,7,7,25,,1,39,2,2.0,3,1,4,7,2,73,73,73,2,0,12,2.0,1.0,,40.0,,40.0,,,,,,2.0,3.0,0.0,1,2.0,,1.0,1345.0,538.0,1.0,,,,,16397.1249,4043.7375,0,0,1.0,1.0,0,42,61046,3,2.0,5.0,,,,,4084.594,8370.0,420.0,-1,,,,,2.0,,406539.0,2010,610,607,0,0,0,0,0,9.0,1.0,43.0,2010,1.0,4,8,2,8800,88001,1,21,36,35620,81,1.0,1.0,,7,7,26,,1,39,2,2.0,1,4,7,2,73,73,73,2,0,12,2.0,1.0,,40.0,,40.0,,,,,,2.0,3.0,0.0,1,1.0,2.0,2.0,,673.0,1.0,,,,,16019.0419,3897.9627,0,0,1.0,,0,42,46856,3,2.0,5.0,,,,,3969.4463,9470.0,3730.0,-1,,,,,2.0,,402299.0,2011,622,607,0,0,0,0,0,9.0,12.0,51.0,2011,MIS4_to_MIS8,new_york,0,2010-2011,1,0,0,0,retention
4663160973490,11,1.0,7,4,2,8800,88001,1,1,21,36,35620,85,1.0,1.0,,7,2,56,,2,43,1,,1,0,0,5,2,163,164,164,4,0,12,1.0,1.0,,35.0,,35.0,,,,,,2.0,3.0,0.0,1,2.0,,1.0,2150.0,752.5,1.0,,,,,15796.38,3631.3118,0,0,1.0,1.0,0,42,1899,1,,,,1.0,1.0,,3757.324,7070.0,1960.0,-1,,,,,,,406540.0,2010,610,607,0,0,0,0,0,18.0,5.0,34.0,2010,1.0,7,8,2,8800,88001,1,21,36,35620,85,1.0,1.0,,7,2,58,,2,43,1,,0,0,5,2,163,164,164,4,0,12,1.0,1.0,,40.0,,40.0,,,,,,2.0,3.0,0.0,1,2.0,2.0,2.0,,1538.0,1.0,,,,,12637.8663,2956.5205,0,0,1.0,,0,42,12739,1,,,,1.0,1.0,,2972.8902,7070.0,1720.0,-1,,,,,,,402300.0,2011,622,607,0,0,0,0,0,18.0,5.0,34.0,2011,MIS4_to_MIS8,new_york,0,2010-2011,1,0,0,0,retention
40523160926599,11,1.0,4,4,2,8800,88001,1,1,21,36,35620,61,1.0,1.0,,7,4,53,,1,39,1,,2,1,3,6,2,57,57,57,1,0,0,2.0,1.0,,40.0,,40.0,,,,,,2.0,3.0,0.0,1,2.0,,1.0,2700.0,1080.0,2.0,2.0,,,,12026.8564,3024.9964,0,0,1.0,1.0,0,42,13559,2,1.0,,,,,,3109.4519,8560.0,5860.0,-1,,,,,1.0,,406574.0,2010,610,607,0,0,0,0,0,12.0,17.0,44.0,2010,1.0,4,8,2,8800,88001,1,21,36,35620,61,1.0,1.0,,7,4,54,,1,39,1,,1,3,6,2,57,57,57,1,0,0,2.0,1.0,,40.0,,40.0,,,,,,2.0,3.0,0.0,1,2.0,,1.0,1470.0,588.0,2.0,2.0,,,,13338.982,3359.7546,0,0,1.0,1.0,0,42,12581,2,1.0,,,,,,3363.5391,8560.0,5860.0,-1,,,,,1.0,,402326.0,2011,622,607,0,0,0,0,0,12.0,17.0,44.0,2011,MIS4_to_MIS8,new_york,0,2010-2011,1,0,0,0,retention
51463093331439,11,3.0,1,4,2,8801,88011,1,1,21,36,35620,81,1.0,1.0,,7,3,27,1.0,2,41,1,4.0,2,1,2,1,2,364,364,364,5,0,17,2.0,1.0,,40.0,,40.0,,,,,,2.0,3.0,0.0,1,2.0,2.0,2.0,,903.0,1.0,,,,,14045.3058,3422.572,0,0,1.0,,0,42,47855,2,,,4.0,,,,3474.6618,7860.0,2540.0,-1,,,,,,1.0,406594.0,2010,610,607,0,0,0,0,0,15.0,8.0,40.0,2010,2.0,1,8,2,8801,88011,1,21,36,35620,81,1.0,1.0,,7,3,29,1.0,2,41,1,4.0,1,2,1,2,364,364,364,5,0,17,1.0,1.0,,40.0,,40.0,,,,,,2.0,3.0,0.0,1,2.0,,1.0,2500.0,1000.0,2.0,2.0,,,,11315.4222,2747.7526,0,0,1.0,1.0,0,0,58946,2,,,3.0,,,,2805.0088,7860.0,2540.0,-1,,,,,,1.0,402353.0,2011,622,607,0,0,0,0,0,14.0,8.0,40.0,2011,MIS4_to_MIS8,new_york,0,2010-2011,1,0,0,0,retention
57473160994590,11,1.0,6,4,2,8800,88001,1,1,21,36,10580,0,1.0,1.0,,4,2,33,,1,43,1,,1,0,0,7,2,57,57,57,1,0,0,1.0,1.0,,40.0,,60.0,,,,,,2.0,2.0,0.0,1,2.0,,1.0,2000.0,800.0,1.0,,,,,11225.5145,2772.1128,0,0,0.0,0.0,0,0,47649,1,,,,2.0,,,2770.9561,8190.0,3920.0,-1,1.0,2.0,,,,,406607.0,2010,610,607,0,0,0,0,0,16.0,12.0,41.0,2010,1.0,6,8,2,8800,88001,1,21,36,10580,0,1.0,1.0,,4,2,34,,1,43,1,,0,0,7,2,57,57,57,1,0,0,1.0,1.0,,40.0,6.0,31.0,,,6.0,,,4.0,2.0,0.0,1,1.0,2.0,2.0,,775.0,1.0,,,,,13413.5812,3287.8236,0,0,1.0,,0,42,25927,1,,,,2.0,,,3325.0056,9480.0,3930.0,-1,1.0,2.0,,,,,402363.0,2011,622,607,0,0,0,0,0,16.0,12.0,51.0,2011,MIS4_to_MIS8,new_york,0,2010-2011,1,0,0,0,retention
130609986352284,11,1.0,1,4,2,8800,88001,1,1,21,36,35620,5,1.0,1.0,,7,4,22,,1,43,2,5.0,3,1,3,7,2,57,315,329,1,0,0,2.0,1.0,,40.0,,40.0,,,,,,2.0,3.0,0.0,1,2.0,,1.0,2180.0,872.0,1.0,,2.0,,,15849.2091,4221.4517,0,0,1.0,1.0,0,42,58436,3,,,,2.0,,,3999.3614,9470.0,3820.0,-1,,,,,2.0,1.0,406711.0,2010,610,607,0,0,0,0,0,16.0,12.0,51.0,2010,1.0,1,8,2,8800,88001,1,21,36,35620,5,1.0,1.0,,7,4,23,,1,43,2,5.0,1,3,7,2,57,315,329,1,0,0,2.0,1.0,,40.0,,40.0,,,,,,2.0,3.0,0.0,1,2.0,,1.0,1300.0,520.0,1.0,,1.0,1.0,2.0,14581.2158,3894.2314,0,0,1.0,1.0,0,42,37726,3,,,,2.0,,,3997.5424,9470.0,3820.0,-1,,,,,2.0,1.0,402467.0,2011,622,607,0,0,0,0,0,16.0,12.0,51.0,2011,MIS4_to_MIS8,new_york,0,2010-2011,1,0,0,0,retention
270963091531149,11,1.0,4,4,2,8800,88001,1,1,21,36,35620,5,1.0,1.0,,7,4,49,,1,43,1,,2,1,3,5,2,57,57,57,1,0,0,2.0,1.0,,40.0,,40.0,,,,,,2.0,3.0,0.0,1,2.0,2.0,2.0,,800.0,1.0,,,,,12234.8285,3081.7539,0,0,0.0,,0,42,13312,2,,,,1.0,1.0,,3163.2216,7860.0,2330.0,-1,,,,,1.0,,406744.0,2010,610,607,0,0,0,0,0,18.0,8.0,40.0,2010,1.0,4,8,2,8800,88001,1,21,36,35620,5,1.0,1.0,,7,4,50,,1,43,1,,1,3,5,2,57,57,57,1,0,0,2.0,1.0,,40.0,6.0,24.0,,,6.0,,,4.0,3.0,0.0,1,2.0,2.0,2.0,,2098.0,2.0,2.0,,,,13338.982,3359.7546,0,0,1.0,,0,0,37727,2,,,,2.0,,,3363.5391,7860.0,2320.0,-1,,,,,1.0,,402515.0,2011,622,607,0,0,0,0,0,16.0,8.0,40.0,2011,MIS4_to_MIS8,new_york,0,2010-2011,1,0,0,0,retention
401901973594746,11,2.0,6,4,2,8800,88001,1,1,21,36,35620,81,1.0,1.0,,7,2,34,,1,44,1,,1,0,0,7,2,57,57,57,1,0,0,1.0,1.0,,40.0,,40.0,,,,,,2.0,3.0,0.0,1,2.0,2.0,2.0,,1107.69,1.0,,,,,15903.1419,3882.1572,0,0,0.0,,0,0,61047,1,,,,,,3.0,3925.6025,7860.0,2320.0,-1,,,,,,,406848.0,2010,610,607,0,0,0,0,0,18.0,8.0,40.0,2010,1.0,6,8,2,8800,88001,1,21,36,35620,81,1.0,1.0,,7,2,35,,1,44,1,,0,0,7,2,57,57,57,1,0,0,1.0,1.0,,40.0,,40.0,,,,,,2.0,3.0,0.0,1,1.0,2.0,2.0,,738.46,1.0,,,,,12529.1019,3146.8015,0,0,0.0,,0,0,37900,1,,,,,,1.0,3173.9076,7860.0,2320.0,-1,,,,,,,402630.0,2011,622,607,0,0,0,0,0,17.0,8.0,40.0,2011,MIS4_to_MIS8,new_york,0,2010-2011,1,0,0,0,retention
629000300530913,11,1.0,1,4,2,8800,88001,1,1,21,36,35620,81,1.0,1.0,,7,1,33,2.0,2,44,4,,1,1,1,1,2,240,240,240,4,0,9,1.0,1.0,,35.0,,35.0,,,,,,2.0,3.0,0.0,1,2.0,2.0,2.0,,1095.0,1.0,,,,,15342.8931,3688.9207,0,0,1.0,,0,42,39585,1,,,,,,2.0,3795.6713,7860.0,2310.0,-1,,,,,,,406988.0,2010,610,607,0,0,0,0,0,18.0,8.0,40.0,2010,2.0,1,8,2,8800,88001,1,21,36,35620,81,1.0,1.0,,7,1,35,2.0,2,44,4,,1,1,1,2,240,240,240,4,0,9,2.0,1.0,,40.0,6.0,32.0,,,6.0,,,4.0,3.0,0.0,1,2.0,2.0,2.0,,1442.3,1.0,,,,,12517.6207,3162.7849,1,1,0.0,,0,0,46855,1,,,,,,2.0,3144.9941,7860.0,2320.0,-1,,,,,,,402787.0,2011,622,607,1,0,0,0,1,18.0,8.0,40.0,2011,MIS4_to_MIS8,new_york,0,2010-2011,1,0,0,0,retention
649330303540913,11,1.0,1,4,2,8800,88001,1,1,21,36,35620,81,1.0,1.0,,7,3,40,1.0,1,40,1,,2,1,2,1,2,57,57,57,1,0,0,2.0,1.0,,40.0,,50.0,,,,,,2.0,3.0,0.0,1,1.0,,1.0,700.0,376.15,1.0,,,,,14900.0966,3637.8921,0,0,1.0,1.0,0,42,31217,2,,,2.0,,,,3721.7202,9470.0,3910.0,-1,2.0,,,,,,406998.0,2010,610,607,0,0,0,0,0,13.0,12.0,51.0,2010,2.0,1,8,2,8800,88001,1,21,36,35620,81,1.0,1.0,,7,3,41,1.0,1,40,1,,1,2,1,2,57,57,57,1,0,0,2.0,1.0,,40.0,,50.0,,,,,,2.0,3.0,0.0,1,1.0,1.0,1.0,1500.0,807.0,1.0,,,,,12848.943,3227.0484,0,0,1.0,1.0,0,0,26258,2,,,2.0,,,,3254.9307,9470.0,3820.0,-1,2.0,,,,,,402797.0,2011,622,607,0,0,0,0,0,13.0,12.0,51.0,2011,MIS4_to_MIS8,new_york,0,2010-2011,1,0,0,0,retention
699810323980913,11,2.0,1,4,2,8800,88001,1,1,21,36,35620,81,1.0,1.0,,7,3,38,1.0,1,43,1,,2,1,2,1,2,57,57,57,1,0,0,2.0,1.0,,50.0,,50.0,,,,,,2.0,3.0,0.0,1,2.0,2.0,2.0,,1960.0,1.0,,,,,15472.8629,3788.5473,5,3,0.0,,0,0,47856,2,,,,2.0,,,3864.7848,8190.0,3050.0,-1,,,,,,,407044.0,2010,610,607,1,1,0,0,1,16.0,10.0,41.0,2010,2.0,1,8,2,8800,88001,1,21,36,35620,81,1.0,1.0,,7,3,39,1.0,1,43,1,,1,2,1,2,57,57,57,1,0,0,2.0,1.0,,45.0,,45.0,,,,,,2.0,4.0,0.0,1,2.0,,1.0,2200.0,990.0,1.0,,,,,12529.1019,3146.8015,6,3,1.0,1.0,0,0,26261,2,,,,2.0,,,3173.9076,8190.0,3647.0,-1,,,,,,,402848.0,2011,622,607,1,0,1,0,1,16.0,11.0,41.0,2011,MIS4_to_MIS8,new_york,0,2010-2011,0,1,0,1,retention
863891041901690,11,1.0,6,4,2,8800,88001,1,1,21,36,35620,81,1.0,1.0,,7,2,32,,1,40,2,,1,0,0,7,2,333,333,333,4,0,19,1.0,1.0,,-4.0,,46.0,,,,,,2.0,3.0,0.0,1,1.0,,1.0,800.0,368.0,1.0,,,,,18004.4361,4457.8042,0,0,1.0,1.0,0,0,47854,1,,,2.0,,,,4484.9822,9470.0,3850.0,-1,1.0,,,,,,407144.0,2010,610,607,0,0,0,0,0,13.0,12.0,51.0,2010,1.0,6,8,2,8800,88001,1,21,36,35620,81,1.0,1.0,,7,2,33,,1,40,2,,0,0,7,2,333,333,333,4,0,19,1.0,1.0,,40.0,,48.0,,,,,,2.0,3.0,0.0,1,1.0,2.0,2.0,,673.0,1.0,,,,,16274.0535,4040.6729,0,0,1.0,,0,0,61901,1,,,3.0,,,,4032.637,9470.0,3850.0,-1,1.0,,,,,,402941.0,2011,622,607,0,0,0,0,0,14.0,12.0,51.0,2011,MIS4_to_MIS8,new_york,0,2010-2011,1,0,0,0,retention
926119310479305,11,1.0,6,4,2,8800,88001,1,1,21,36,35620,5,1.0,1.0,,7,2,43,,1,43,1,,1,0,0,7,2,57,57,57,1,0,0,1.0,1.0,,15.0,,15.0,,,15.0,,,6.0,3.0,0.0,1,2.0,,1.0,1900.0,285.0,2.0,2.0,,,,14900.0966,3637.8921,0,0,0.0,0.0,0,0,1643,1,,,,1.0,1.0,,3721.7202,7860.0,2310.0,-1,,,,,,,407171.0,2010,610,607,0,0,0,0,0,18.0,8.0,40.0,2010,1.0,6,8,2,8800,88001,1,21,36,35620,5,1.0,1.0,,7,2,44,,1,43,1,,0,0,7,2,57,57,57,1,0,0,1.0,4.0,,,,,,,,22.0,3.0,11.0,2.0,0.0,2,,,,,,,,,,,13012.2971,3227.0484,0,0,,,0,0,12361,1,,,,1.0,1.0,,3141.9096,2190.0,3300.0,-1,,,,,,,402978.0,2011,622,607,0,0,0,0,0,18.0,10.0,19.0,2011,MIS4_to_MIS8,new_york,0,2010-2011,1,0,0,0,retention
946629510849308,11,2.0,7,4,2,8800,88001,1,1,21,36,40380,55,1.0,1.0,,5,2,30,,2,44,1,,2,0,0,7,2,57,57,57,1,0,0,1.0,1.0,,40.0,6.0,32.0,,,6.0,,,4.0,3.0,0.0,1,2.0,2.0,2.0,,1131.0,1.0,,,,,13620.3019,3322.4858,0,0,0.0,,0,0,60977,2,,,,,,2.0,3369.5203,7860.0,2310.0,-1,,,,,,,407186.0,2010,610,607,0,0,0,0,0,18.0,8.0,40.0,2010,2.0,7,8,2,8800,88001,1,21,36,40380,55,1.0,1.0,,5,2,31,,2,44,1,,0,0,7,2,57,57,57,1,0,0,1.0,1.0,,40.0,6.0,32.0,,,6.0,,,4.0,2.0,0.0,1,2.0,2.0,2.0,,961.53,1.0,,,,,13320.1919,3285.2777,0,0,0.0,,0,0,29607,2,,,,,,2.0,3301.9762,7860.0,2310.0,-1,,,,,,,403000.0,2011,622,607,0,0,0,0,0,18.0,8.0,40.0,2011,MIS4_to_MIS8,new_york,0,2010-2011,1,0,0,0,retention
130600012902412,11,1.0,7,4,2,8800,88001,1,1,21,36,15380,0,2.0,1.0,,5,2,57,,2,42,1,,1,0,0,4,2,57,57,57,1,0,0,1.0,1.0,,40.0,,45.0,,,,,,2.0,2.0,0.0,1,1.0,,1.0,2550.0,1116.15,1.0,,,,,14679.1011,3413.6571,0,0,0.0,0.0,0,0,13358,1,,,4.0,,,,3491.5682,9470.0,3130.0,3130,,,,,,,407351.0,2010,610,607,0,0,0,0,0,15.0,10.0,51.0,2010,1.0,7,8,2,8800,88001,1,21,36,15380,0,2.0,1.0,,5,2,58,,2,42,1,,0,0,4,2,57,57,57,1,0,0,1.0,1.0,,40.0,,50.0,,,,,,2.0,2.0,0.0,1,1.0,,1.0,2600.0,1148.0,1.0,,,,,13254.7498,3101.1336,0,0,0.0,0.0,0,0,12417,1,,,3.0,,,,3118.0039,9470.0,3255.0,3255,,,,,,,403166.0,2011,622,607,0,0,0,0,0,14.0,10.0,51.0,2011,MIS4_to_MIS8,new_york,0,2010-2011,1,0,0,0,retention
130600025411717,11,1.0,1,4,2,8800,88001,1,1,21,36,35620,103,2.0,1.0,,7,1,36,2.0,2,44,2,,1,1,1,1,2,332,332,332,4,0,15,1.0,1.0,,40.0,6.0,32.0,,,6.0,,,4.0,3.0,0.0,1,2.0,2.0,2.0,,1038.0,1.0,,,,,17825.6854,4567.6358,8,2,1.0,,0,42,28099,1,,,,,,3.0,4533.5841,7860.0,2310.0,-1,,,,,5.0,,407352.0,2010,610,607,0,1,1,0,1,18.0,8.0,40.0,2010,1.0,1,8,2,8800,88001,1,21,36,35620,103,2.0,1.0,,7,1,37,2.0,2,44,2,,1,1,1,2,332,332,332,4,0,15,1.0,1.0,,40.0,6.0,32.0,,,6.0,,,4.0,3.0,0.0,1,2.0,2.0,2.0,,1192.0,1.0,,,,,19554.5599,5065.5694,8,2,1.0,,0,42,54765,1,,,,,,3.0,5133.7657,7860.0,2320.0,-1,,,,,5.0,,403167.0,2011,622,607,0,1,1,0,1,18.0,8.0,40.0,2011,MIS4_to_MIS8,new_york,0,2010-2011,1,0,0,0,retention
130600025411717,11,1.0,1,4,2,8800,88001,1,1,21,36,35620,103,2.0,1.0,,7,3,42,1.0,1,44,2,,2,1,2,1,2,332,332,332,4,0,15,2.0,1.0,,40.0,6.0,32.0,,,6.0,,,4.0,3.0,0.0,1,2.0,2.0,2.0,,1153.0,1.0,,,,,15197.5502,3643.4835,8,2,1.0,,0,42,28099,2,,,,,,3.0,3689.8211,7860.0,2320.0,-1,,,,,,,407353.0,2010,610,607,0,1,1,0,1,18.0,8.0,40.0,2010,1.0,1,8,2,8800,88001,1,21,36,35620,103,2.0,1.0,,7,3,43,1.0,1,44,2,,1,2,1,2,332,332,332,4,0,15,2.0,1.0,,40.0,6.0,32.0,,,6.0,,,4.0,3.0,0.0,1,2.0,2.0,2.0,,884.0,1.0,,,,,16839.8946,3836.9766,8,2,1.0,,0,42,54765,2,,,,,,3.0,3862.5064,7860.0,2320.0,-1,,,,,,,403168.0,2011,622,607,0,1,1,0,1,18.0,8.0,40.0,2011,MIS4_to_MIS8,new_york,0,2010-2011,1,0,0,0,retention
130609900890482,11,1.0,1,4,2,8800,88001,1,1,21,36,35620,119,2.0,1.0,,7,1,52,2.0,1,40,1,,1,1,1,1,2,57,57,57,1,0,0,1.0,5.0,,,,,,,,,,1.0,3.0,0.0,2,,,,,,,,,,,13244.0744,3399.8716,0,0,,,0,0,13814,1,,,2.0,,,,3279.583,9470.0,3740.0,-1,,,,,,,407357.0,2010,610,607,0,0,0,0,0,13.0,12.0,51.0,2010,2.0,1,8,2,8800,88001,1,21,36,35620,119,2.0,1.0,,7,1,53,2.0,1,40,1,,1,1,1,2,57,57,57,1,0,0,1.0,5.0,,,,,,,,,,1.0,3.0,0.0,2,,,,,,,,,,,14833.7784,3470.0762,0,0,,,0,0,60982,1,,,2.0,,,,3572.2619,9470.0,3740.0,-1,,,,,,,403172.0,2011,622,607,0,0,0,0,0,13.0,12.0,51.0,2011,MIS4_to_MIS8,new_york,0,2010-2011,1,0,0,0,retention
130609900890482,11,1.0,1,4,2,8800,88001,1,1,21,36,35620,119,2.0,1.0,,7,4,26,,2,44,1,,4,1,3,7,2,57,57,57,1,0,0,2.0,1.0,,40.0,6.0,32.0,,,6.0,,,4.0,3.0,0.0,1,1.0,2.0,2.0,,854.0,1.0,,,,,12967.2038,3170.2074,0,0,1.0,,0,42,13814,4,,,,,,2.0,3207.9507,7860.0,2320.0,-1,,,,,2.0,1.0,407359.0,2010,610,607,0,0,0,0,0,18.0,8.0,40.0,2010,2.0,1,8,2,8800,88001,1,21,36,35620,119,2.0,1.0,,7,4,27,,2,44,1,,1,3,7,2,57,57,57,1,0,0,2.0,4.0,,,,,,,,17.0,2.0,11.0,3.0,0.0,2,,,,,,,,,,,11290.8353,3063.2755,0,0,,,0,0,60982,4,,,,,,2.0,2772.0687,7860.0,2320.0,-1,,,,,2.0,1.0,403174.0,2011,622,607,0,0,0,0,0,18.0,8.0,40.0,2011,MIS4_to_MIS8,new_york,0,2010-2011,1,0,0,0,retention
130609913888589,11,2.0,1,4,2,8800,88001,1,1,21,36,35620,103,2.0,1.0,,7,6,77,,2,39,1,,6,1,4,4,2,57,57,57,1,0,0,2.0,3.0,,,,,2.0,,,2.0,1.0,12.0,3.0,0.0,2,,,,,,,,,,,12924.1441,3120.5316,0,0,,,0,0,58501,6,1.0,,,,,,2919.3864,9470.0,3800.0,-1,,,,,,,407368.0,2010,610,607,0,0,0,0,0,12.0,12.0,51.0,2010,2.0,1,8,2,8800,88001,1,21,36,35620,103,2.0,1.0,,7,6,77,,2,39,1,,1,4,4,2,57,57,57,1,0,0,2.0,5.0,,,,,,,,,,1.0,,,2,,,,,,,,,,,12212.8253,3060.0649,0,0,,,0,0,26347,6,1.0,,,,,,3047.4428,,,-1,,,,,,,403183.0,2011,622,607,0,0,0,0,0,12.0,,,2011,MIS4_to_MIS8,new_york,0,2010-2011,0,1,0,0,retention
130609914027385,11,2.0,1,4,2,8800,88001,1,1,21,36,10580,0,2.0,1.0,,4,3,49,1.0,2,42,1,,2,1,2,1,2,57,57,57,1,0,0,1.0,1.0,,30.0,,30.0,,,18.0,,,7.0,2.0,0.0,1,2.0,2.0,2.0,,1057.69,1.0,,,,,13394.9053,3298.7028,4,1,0.0,,0,0,27732,2,,,3.0,,,,3302.5867,8090.0,2000.0,-1,,,,,,,407372.0,2010,610,607,0,0,0,1,0,14.0,6.0,42.0,2010,1.0,1,8,2,8800,88001,1,21,36,10580,0,2.0,1.0,,4,3,50,1.0,2,42,1,,1,2,1,2,57,57,57,1,0,0,1.0,1.0,,30.0,,24.0,,,17.0,,,7.0,2.0,0.0,1,2.0,2.0,2.0,,865.38,1.0,,,,,12896.7609,3193.9831,4,1,0.0,,0,0,16320,2,,,3.0,,,,3218.7522,9480.0,2000.0,-1,,,,,,,403187.0,2011,622,607,0,0,0,1,0,14.0,6.0,51.0,2011,MIS4_to_MIS8,new_york,0,2010-2011,1,0,0,0,retention
390991000042688,11,1.0,1,4,2,8800,88001,1,1,21,36,35620,119,2.0,1.0,,7,3,53,1.0,2,44,1,,2,1,2,1,2,57,57,57,1,0,0,2.0,1.0,,40.0,6.0,32.0,,,6.0,,,4.0,3.0,0.0,1,2.0,2.0,2.0,,2380.95,1.0,,,,,13963.7302,3415.4806,0,0,0.0,,0,0,55173,2,,,,,,2.0,3442.8336,7860.0,2320.0,-1,,,,,,,407473.0,2010,610,607,0,0,0,0,0,18.0,8.0,40.0,2010,1.0,1,8,2,8800,88001,1,21,36,35620,119,2.0,1.0,,7,3,54,1.0,2,44,1,,1,2,1,2,57,57,57,1,0,0,2.0,1.0,,40.0,,40.0,,,,,,2.0,3.0,0.0,1,2.0,2.0,2.0,,1750.0,1.0,,,,,13539.8549,3353.2503,0,0,0.0,,0,0,58995,2,,,,,,2.0,3379.2545,7860.0,2320.0,-1,,,,,,,403290.0,2011,622,607,0,0,0,0,0,18.0,8.0,40.0,2011,MIS4_to_MIS8,new_york,0,2010-2011,1,0,0,0,retention
398931501077686,11,1.0,1,4,2,8800,88001,1,1,21,36,35620,59,2.0,1.0,,7,1,32,2.0,1,42,1,,1,1,1,1,2,57,57,57,1,0,0,2.0,1.0,,40.0,,44.0,,,,,,2.0,3.0,0.0,1,2.0,1.0,1.0,1100.0,1750.0,1.0,,,,,11258.474,2780.2521,0,0,0.0,1.0,0,0,5300,1,,,4.0,,,,2779.092,9470.0,3850.0,-1,,,,,,,407522.0,2010,610,607,0,0,0,0,0,15.0,12.0,51.0,2010,2.0,1,8,2,8800,88001,1,21,36,35620,59,2.0,1.0,,7,1,33,2.0,1,42,1,,1,1,1,2,57,57,57,1,0,0,1.0,1.0,,40.0,,50.0,,,,,,2.0,2.0,0.0,1,2.0,2.0,2.0,,1153.84,2.0,2.0,,,,13217.2112,3239.6911,0,0,0.0,,0,0,12559,1,,,3.0,,,,3276.3287,9470.0,3850.0,-1,,,,,,,403340.0,2011,622,607,0,0,0,0,0,14.0,12.0,51.0,2011,MIS4_to_MIS8,new_york,0,2010-2011,1,0,0,0,retention
398931501077686,11,1.0,1,4,2,8800,88001,1,1,21,36,35620,59,2.0,1.0,,7,3,31,1.0,2,44,1,,2,1,2,1,2,57,57,57,1,0,0,1.0,1.0,,30.0,,24.0,,,22.0,,,7.0,3.0,0.0,1,2.0,,1.0,810.0,243.0,1.0,,,,,13660.2929,3332.2411,0,0,1.0,1.0,0,42,5300,2,,,,,,3.0,3379.4136,7860.0,2310.0,-1,,,,,,,407523.0,2010,610,607,0,0,0,0,0,18.0,8.0,40.0,2010,2.0,1,8,2,8800,88001,1,21,36,35620,59,2.0,1.0,,7,3,32,1.0,2,44,1,,1,2,1,2,57,57,57,1,0,0,2.0,1.0,,40.0,,40.0,,,,,,2.0,3.0,0.0,1,2.0,2.0,2.0,,769.23,1.0,,,,,13125.189,3237.1824,0,0,0.0,,0,0,12559,2,,,,,,3.0,3253.6365,7860.0,2310.0,-1,,,,,,,403341.0,2011,622,607,0,0,0,0,0,18.0,8.0,40.0,2011,MIS4_to_MIS8,new_york,0,2010-2011,1,0,0,0,retention
501900273893146,11,2.0,1,4,2,8800,88001,1,1,21,36,10580,0,2.0,1.0,,4,3,56,1.0,2,39,1,,2,1,2,1,2,57,57,57,1,0,0,1.0,2.0,4.0,38.0,,,,,,,,5.0,2.0,0.0,1,2.0,2.0,2.0,,730.76,1.0,,,,,14679.1011,3413.6571,0,0,0.0,,0,0,39316,2,1.0,,,,,,3491.5682,9590.0,5620.0,-1,,,,,,,407544.0,2010,610,607,0,0,0,0,0,12.0,17.0,51.0,2010,1.0,1,8,2,8800,88001,1,21,36,10580,0,2.0,1.0,,4,3,57,1.0,2,39,1,,1,2,1,2,57,57,57,1,0,0,1.0,1.0,,38.0,4.0,15.0,,,4.0,,,4.0,2.0,0.0,1,2.0,1.0,1.0,995.0,769.23,1.0,,,,,13254.7498,3101.1336,0,0,0.0,1.0,0,0,40559,2,1.0,,,,,,3118.0039,9590.0,5620.0,-1,,,,,,,403367.0,2011,622,607,0,0,0,0,0,12.0,17.0,51.0,2011,MIS4_to_MIS8,new_york,0,2010-2011,1,0,0,0,retention
501900633193256,11,3.0,4,4,2,8800,88001,1,1,21,36,35620,59,2.0,1.0,,7,1,45,,2,39,2,,1,1,1,7,2,57,57,57,1,0,0,2.0,1.0,,40.0,,40.0,,,,,,2.0,3.0,0.0,1,2.0,2.0,2.0,,480.76,2.0,2.0,,,,19356.9047,4623.5551,4,1,1.0,,0,42,47774,1,2.0,6.0,,,,,4668.9372,7860.0,2310.0,-1,,,,,,,407545.0,2010,610,607,0,0,0,1,0,10.0,8.0,40.0,2010,3.0,4,8,2,8800,88001,1,21,36,35620,59,2.0,1.0,,7,1,46,,2,39,2,,1,1,7,2,57,57,57,1,0,0,1.0,1.0,,40.0,,40.0,,,,,,2.0,4.0,0.0,1,2.0,2.0,2.0,,769.0,2.0,2.0,,,,17337.86,4150.6153,0,0,1.0,,0,0,37826,1,2.0,6.0,,,,,4162.1439,7860.0,2310.0,-1,,,,,,,403368.0,2011,622,607,0,0,0,0,0,10.0,8.0,40.0,2011,MIS4_to_MIS8,new_york,0,2010-2011,0,1,0,1,retention
610250717140013,11,1.0,1,4,2,8800,88001,1,1,21,36,35620,103,2.0,1.0,,7,1,39,2.0,1,44,1,,1,1,1,1,2,57,57,57,1,0,0,1.0,1.0,,38.0,,38.0,,,,,,2.0,3.0,0.0,1,2.0,2.0,2.0,,2076.92,1.0,,,,,10953.8622,2713.2122,2,1,0.0,,0,0,61083,1,,,,,,2.0,2736.0366,7860.0,2320.0,-1,,,,,,,407583.0,2010,610,607,0,1,0,0,1,18.0,8.0,40.0,2010,1.0,3,8,2,8800,88001,1,21,36,35620,103,2.0,1.0,,7,1,40,,1,44,1,,1,1,3,2,57,57,57,1,0,0,1.0,1.0,,38.0,,38.0,,,,,,2.0,3.0,0.0,1,2.0,2.0,2.0,,2336.0,1.0,,,,,12252.5756,3077.5653,2,1,0.0,,0,0,1868,1,,,,,,2.0,3103.8572,7860.0,2320.0,-1,,,,,,,403408.0,2011,622,607,0,1,0,0,1,18.0,8.0,40.0,2011,MIS4_to_MIS8,new_york,0,2010-2011,1,0,0,0,retention
630961099931529,11,1.0,6,4,2,8800,88001,1,1,21,36,35620,103,2.0,1.0,,7,2,27,,1,46,1,,1,0,0,7,2,57,57,57,1,0,0,1.0,1.0,,40.0,,47.0,,,,,,2.0,3.0,0.0,1,2.0,2.0,2.0,,1262.5,1.0,,,,,13282.5733,3226.069,0,0,0.0,,0,0,58502,1,,,,,,,3278.7297,7870.0,2200.0,-1,,,,,,,407595.0,2010,610,607,0,0,0,0,0,18.0,8.0,40.0,2010,1.0,6,8,2,8800,88001,1,21,36,35620,103,2.0,1.0,,7,2,29,,1,39,1,,0,0,7,2,57,57,57,1,0,0,1.0,1.0,,40.0,,40.0,,,,,,2.0,4.0,0.0,1,1.0,2.0,2.0,,600.0,2.0,2.0,,,,14149.6624,3490.7376,0,0,1.0,,0,0,58986,1,1.0,,,,,,3507.468,6380.0,9130.0,-1,,,,,,,403419.0,2011,622,607,0,0,0,0,0,12.0,22.0,23.0,2011,MIS4_to_MIS8,new_york,0,2010-2011,0,1,0,1,retention
699040388840913,11,1.0,4,4,2,8800,88001,1,1,21,36,45060,0,2.0,1.0,,4,1,68,,2,39,1,,1,1,1,4,2,57,57,57,1,0,0,1.0,1.0,,5.0,,5.0,,,19.0,,,7.0,3.0,0.0,1,2.0,,1.0,1500.0,75.0,2.0,2.0,,,,11769.8604,3038.2301,0,0,0.0,0.0,0,0,27986,1,2.0,4.0,,,,,3078.7248,9470.0,3940.0,-1,,,,,,,407631.0,2010,610,607,0,0,0,0,0,7.5,12.0,51.0,2010,1.0,4,8,2,8800,88001,1,21,36,45060,0,2.0,1.0,,4,1,69,,2,39,1,,1,1,4,2,57,57,57,1,0,0,1.0,1.0,,5.0,,4.0,,,14.0,,,6.0,3.0,0.0,1,2.0,1.0,1.0,1500.0,57.69,2.0,2.0,,,,13074.4569,2955.3058,0,0,0.0,0.0,0,0,61890,1,2.0,4.0,,,,,2905.6932,9470.0,3940.0,-1,,,,,,,403452.0,2011,622,607,0,0,0,0,0,7.5,12.0,51.0,2011,MIS4_to_MIS8,new_york,0,2010-2011,1,0,0,0,retention
699910962350913,11,1.0,1,4,2,8800,88001,1,1,21,36,35620,103,2.0,1.0,,7,1,44,2.0,1,40,2,,1,1,1,1,2,57,57,57,1,0,0,1.0,1.0,,30.0,,30.0,,,23.0,,,7.0,3.0,0.0,1,2.0,1.0,1.0,3000.0,1442.3,1.0,,,,,15197.5502,3643.4835,4,1,0.0,0.0,0,0,64722,1,,,2.0,,,,3689.8211,9470.0,3850.0,-1,,,,,,,407663.0,2010,610,607,0,0,0,1,0,13.0,12.0,51.0,2010,1.0,1,8,2,8800,88001,1,21,36,35620,103,2.0,1.0,,7,1,45,2.0,1,40,2,,1,1,1,2,57,57,57,1,0,0,1.0,5.0,,,,,,,,,,1.0,,,2,,,,,,,,,,,10774.4846,2714.0204,0,0,,,0,0,37973,1,,,2.0,,,,2681.7697,,,-1,,,,,,,403490.0,2011,622,607,0,0,0,0,0,13.0,,,2011,MIS4_to_MIS8,new_york,0,2010-2011,0,1,0,0,retention
906006736319400,11,2.0,1,4,2,8800,88001,1,1,21,36,35620,59,2.0,1.0,,7,1,60,2.0,1,46,4,,1,1,1,1,2,210,210,210,4,0,7,2.0,1.0,,40.0,6.0,32.0,,,6.0,,,4.0,2.0,0.0,1,2.0,2.0,2.0,,1538.0,2.0,2.0,,,,14240.3754,3399.7881,0,0,1.0,,0,42,13525,1,,,,,,,3436.9779,6080.0,430.0,-1,,,,,,,407757.0,2010,610,607,0,0,0,0,0,18.0,1.0,23.0,2010,1.0,1,8,2,8800,88001,1,21,36,35620,59,2.0,1.0,,7,1,61,2.0,1,46,4,,1,1,1,2,210,210,210,4,0,7,1.0,1.0,,40.0,,40.0,,,,,,2.0,1.0,0.0,1,1.0,,1.0,1400.0,1200.0,1.0,,,,,14544.06,3722.0699,0,0,1.0,1.0,0,42,12561,1,,,,,,,3671.5232,6180.0,9120.0,-1,,,,,,,403579.0,2011,622,607,0,0,0,0,0,18.0,22.0,23.0,2011,MIS4_to_MIS8,new_york,0,2010-2011,0,1,1,0,retention
906006736319400,11,2.0,1,4,2,8800,88001,1,1,21,36,35620,59,2.0,1.0,,7,3,57,1.0,2,44,4,,2,1,2,1,2,210,210,210,4,0,8,1.0,1.0,,40.0,6.0,32.0,,,6.0,,,4.0,3.0,0.0,1,2.0,2.0,2.0,,1153.0,1.0,,,,,15650.4424,3674.0355,0,0,1.0,,0,42,13525,2,,,,,,3.0,3722.6113,8370.0,840.0,-1,,,,,,,407758.0,2010,610,607,0,0,0,0,0,18.0,2.0,43.0,2010,1.0,1,8,2,8800,88001,1,21,36,35620,59,2.0,1.0,,7,3,58,1.0,2,44,4,,1,2,1,2,210,210,210,4,0,8,2.0,1.0,,40.0,,40.0,,,,,,2.0,3.0,0.0,1,2.0,2.0,2.0,,961.0,1.0,,,,,15695.9893,3674.0087,0,0,1.0,,0,42,12561,2,,,,,,3.0,3692.273,8370.0,2010.0,-1,,,,,,,403580.0,2011,622,607,0,0,0,0,0,18.0,6.0,43.0,2011,MIS4_to_MIS8,new_york,0,2010-2011,1,0,0,0,retention
920066726319300,11,2.0,1,4,2,8800,88001,1,1,21,36,15380,0,2.0,1.0,,5,1,58,2.0,2,44,1,,1,1,1,1,2,57,57,57,1,0,0,2.0,5.0,,,,,,,,,,1.0,3.0,0.0,2,,,,,,,,,,,12637.1398,3413.6571,0,0,,,0,0,47697,1,,,,,,3.0,3293.3301,7860.0,2310.0,-1,,,,,,,407770.0,2010,610,607,0,0,0,0,0,18.0,8.0,40.0,2010,1.0,1,8,2,8800,88001,1,21,36,15380,0,2.0,1.0,,5,1,59,2.0,2,44,1,,1,1,1,2,57,57,57,1,0,0,1.0,5.0,,,,,,,,,,1.0,,,2,,,,,,,,,,,12239.6393,3101.1336,0,0,,,0,0,69116,1,,,,,,3.0,3115.2324,,,-1,,,,,,,403592.0,2011,622,607,0,0,0,0,0,18.0,,,2011,MIS4_to_MIS8,new_york,0,2010-2011,0,1,0,0,retention
936109910219303,11,2.0,1,4,2,8800,88001,1,1,21,36,35620,119,2.0,1.0,,7,1,38,2.0,1,40,1,,1,1,1,1,2,57,57,57,1,0,0,1.0,1.0,,48.0,,48.0,,,,,,2.0,3.0,0.0,1,1.0,2.0,2.0,,1923.07,1.0,,,,,10953.8622,2713.2122,5,2,0.0,,0,0,61103,1,,,3.0,,,,2736.0366,9470.0,3740.0,-1,2.0,,,,,,407780.0,2010,610,607,1,1,0,0,1,14.0,12.0,51.0,2010,1.0,1,8,2,8800,88001,1,21,36,35620,119,2.0,1.0,,7,1,39,2.0,1,40,1,,1,1,1,2,57,57,57,1,0,0,1.0,6.0,,,,,,,,,,1.0,3.0,0.0,2,,,,,,,,,,,12620.6523,3001.0355,5,2,,,0,0,16377,1,,,2.0,,,,3039.2982,9470.0,3740.0,-1,2.0,,,,,,403604.0,2011,622,607,1,1,0,0,1,13.0,12.0,51.0,2011,MIS4_to_MIS8,new_york,0,2010-2011,1,0,0,0,retention
956859110759303,11,1.0,6,4,2,8800,88001,1,1,21,36,10580,0,2.0,1.0,,4,13,41,,2,39,1,,2,2,1,5,2,57,57,57,1,0,0,2.0,1.0,,38.0,6.0,31.0,,,6.0,,,4.0,3.0,0.0,1,2.0,,1.0,1050.0,399.0,2.0,2.0,,,,11634.3667,2833.246,4,1,1.0,1.0,0,42,13753,2,1.0,,,,,,2866.7585,8370.0,5930.0,-1,,,,,,,407806.0,2010,610,607,0,0,0,1,0,12.0,17.0,43.0,2010,1.0,6,8,2,8800,88001,1,21,36,10580,0,2.0,1.0,,4,13,42,,2,39,1,,2,1,5,2,57,57,57,1,0,0,2.0,1.0,,38.0,6.0,32.0,,,6.0,,,4.0,3.0,0.0,1,2.0,,1.0,1200.0,456.0,1.0,,,,,10456.2536,2589.8822,4,1,1.0,1.0,0,42,46897,2,1.0,,,,,,2627.0852,8370.0,740.0,-1,,,,,,,403643.0,2011,622,607,0,0,0,1,0,12.0,2.0,43.0,2011,MIS4_to_MIS8,new_york,0,2010-2011,1,0,0,0,retention
360931206032658,11,2.0,1,4,2,8800,88001,1,1,21,36,0,0,3.0,2.0,,0,1,35,2.0,1,44,1,,1,1,1,1,2,57,57,57,1,0,0,1.0,1.0,,50.0,6.0,30.0,,,6.0,,,4.0,3.0,0.0,1,2.0,2.0,2.0,,1350.0,1.0,,,,,10726.2449,2656.8327,1,1,0.0,,0,0,39682,1,,,,,,2.0,2679.1828,7860.0,2320.0,-1,,,,,,,407894.0,2010,610,607,1,0,0,0,1,18.0,8.0,40.0,2010,1.0,1,8,2,8800,88001,1,21,36,0,0,3.0,2.0,,0,1,36,2.0,1,44,1,,1,1,1,2,57,57,57,1,0,0,2.0,1.0,,38.0,6.0,29.0,,,6.0,,,4.0,3.0,0.0,1,2.0,2.0,2.0,,1500.0,1.0,,,,,11693.1372,2937.1238,1,1,0.0,,0,0,26373,1,,,,,,2.0,2962.1387,7860.0,2320.0,-1,,,,,,,403735.0,2011,622,607,1,0,0,0,1,18.0,8.0,40.0,2011,MIS4_to_MIS8,new_york,0,2010-2011,1,0,0,0,retention
480962092331759,11,2.0,6,4,2,8800,88001,1,1,21,36,0,13,3.0,2.0,,0,10,29,,1,39,1,,3,0,0,7,2,57,57,57,1,0,0,2.0,1.0,,40.0,,40.0,,,,,,2.0,3.0,0.0,1,2.0,,1.0,1300.0,520.0,2.0,2.0,,,,13006.5662,3159.0324,0,0,1.0,1.0,0,0,27771,3,1.0,,,,,,3210.5989,8390.0,9750.0,-1,,,,,2.0,,407913.0,2010,610,607,0,0,0,0,0,12.0,22.0,43.0,2010,2.0,6,8,2,8800,88001,1,21,36,0,13,3.0,2.0,,0,10,30,,1,39,1,,0,0,7,2,57,57,57,1,0,0,2.0,1.0,,35.0,,35.0,,,,,,2.0,3.0,0.0,1,2.0,2.0,2.0,,24.03,2.0,2.0,,,,12935.7301,3170.6968,0,0,0.0,,0,0,37757,3,1.0,,,,,,3206.5542,9480.0,8965.0,-1,,,,,2.0,,403751.0,2011,622,607,0,0,0,0,0,12.0,21.0,51.0,2011,MIS4_to_MIS8,new_york,0,2010-2011,1,0,0,0,retention
813364559600898,11,1.0,7,4,2,8800,88001,1,1,21,36,0,0,3.0,2.0,,0,2,47,,2,43,1,,1,0,0,7,2,57,57,57,1,0,0,1.0,1.0,,37.0,,37.0,,,,,,2.0,3.0,0.0,1,2.0,,1.0,3000.0,1110.0,2.0,2.0,,,,13728.4244,3380.837,0,0,1.0,1.0,0,42,39430,1,,,,2.0,,,3384.8177,8190.0,3130.0,-1,,,,,,,407958.0,2010,610,607,0,0,0,0,0,16.0,10.0,41.0,2010,1.0,7,8,2,8800,88001,1,21,36,0,0,3.0,2.0,,0,2,48,,2,43,1,,0,0,7,2,57,57,57,1,0,0,1.0,1.0,,40.0,,48.0,,,,,,2.0,4.0,0.0,1,2.0,,1.0,1324.0,529.6,2.0,1.0,,,,13178.2913,3258.5889,0,0,1.0,1.0,0,42,37776,1,,,,2.0,,,3289.016,8190.0,3255.0,-1,,,,,,,403798.0,2011,622,607,0,0,0,0,0,16.0,10.0,41.0,2011,MIS4_to_MIS8,new_york,0,2010-2011,0,1,0,1,retention
699790071760913,11,2.0,1,4,2,8800,88001,1,1,21,36,13780,0,,1.0,,3,3,51,1.0,2,39,1,,2,1,2,1,2,57,57,57,1,0,0,1.0,1.0,,40.0,,40.0,,,,,,2.0,2.0,0.0,1,2.0,,1.0,2100.0,840.0,2.0,2.0,,,,13341.3824,3263.2565,0,0,0.0,0.0,0,0,18052,2,1.0,,,,,,3289.3904,770.0,3940.0,-1,,,,,,,408086.0,2010,610,607,0,0,0,0,0,12.0,12.0,4.0,2010,2.0,1,8,2,8800,88001,1,21,36,13780,0,,1.0,,3,3,53,1.0,2,39,1,,1,2,1,2,57,57,57,1,0,0,2.0,1.0,,-4.0,,16.0,,,16.0,,,6.0,4.0,0.0,1,2.0,,1.0,910.0,145.6,2.0,2.0,,,,12896.7609,3193.9831,0,0,1.0,1.0,0,0,26386,2,1.0,,,,,,3218.7522,770.0,3940.0,-1,,,,,,,403928.0,2011,622,607,0,0,0,0,0,12.0,12.0,4.0,2011,MIS4_to_MIS8,new_york,0,2010-2011,0,1,0,1,retention
920960096331409,11,2.0,1,4,2,8800,88001,1,1,21,36,39100,27,,1.0,,4,3,54,1.0,2,41,1,,2,1,2,1,2,57,57,57,1,0,0,1.0,1.0,,35.0,,40.0,,,,,,2.0,3.0,0.0,1,2.0,1.0,1.0,1800.0,615.38,1.0,,,,,13963.7302,3415.4806,0,0,0.0,0.0,0,0,55027,2,,,3.0,,,,3442.8336,8570.0,4620.0,800,,,,,,,408115.0,2010,610,607,0,0,0,0,0,14.0,15.0,44.0,2010,1.0,1,8,2,8800,88001,1,21,36,39100,27,,1.0,,4,3,55,1.0,2,40,1,,1,2,1,2,57,57,57,1,0,0,1.0,1.0,,35.0,,60.0,,,,,,2.0,3.0,0.0,1,2.0,,1.0,1680.0,588.0,2.0,2.0,,,,13915.6948,3255.7709,0,0,1.0,1.0,23,42,58851,2,,,3.0,,,,3273.4824,8570.0,4620.0,-1,,,,,,,403958.0,2011,622,607,0,0,0,0,0,14.0,15.0,44.0,2011,MIS4_to_MIS8,new_york,0,2010-2011,1,0,0,0,retention
56844120998296,11,1.0,4,4,2,8800,88001,1,1,23,42,10900,0,1.0,1.0,,4,1,45,,2,39,1,,1,1,1,7,2,57,57,57,1,0,0,1.0,1.0,,38.0,,38.0,,,,,,2.0,3.0,0.0,1,2.0,,1.0,2800.0,1064.0,2.0,2.0,,,,13174.997,3300.0034,3,1,1.0,1.0,0,42,2554,1,1.0,,,,,,3248.3671,7860.0,2540.0,-1,,,,,,,411353.0,2010,610,607,0,0,1,0,0,12.0,8.0,40.0,2010,1.0,4,8,2,8800,88001,1,23,42,10900,0,1.0,1.0,,4,1,46,,2,39,1,,1,1,7,2,57,57,57,1,0,0,1.0,2.0,5.0,38.0,,,,,,,,5.0,4.0,0.0,1,2.0,,1.0,1525.0,579.5,1.0,,,,,11963.1146,2997.6458,3,1,1.0,1.0,0,42,5072,1,1.0,,,,,,2985.7342,7860.0,2540.0,-1,,,,,,,407202.0,2011,622,607,0,0,1,0,0,12.0,8.0,40.0,2011,MIS4_to_MIS8,pennsylvania,0,2010-2011,0,1,0,1,retention
8414120974697,11,1.0,1,4,2,8800,88001,1,1,23,42,37980,45,2.0,1.0,,7,1,57,2.0,1,43,1,,1,1,1,1,2,57,57,57,1,0,0,1.0,1.0,,20.0,,20.0,,,18.0,,,7.0,3.0,0.0,1,2.0,,1.0,1150.0,230.0,2.0,2.0,,,,12895.1548,3203.4947,0,0,0.0,0.0,0,0,28821,1,,,,2.0,,,3199.6473,7860.0,9120.0,-1,,,,,,,411519.0,2010,610,607,0,0,0,0,0,16.0,22.0,40.0,2010,1.0,1,8,2,8800,88001,1,23,42,37980,45,2.0,1.0,,7,1,58,2.0,1,43,1,,1,1,1,2,57,57,57,1,0,0,1.0,1.0,,30.0,,30.0,,,18.0,,,7.0,3.0,0.0,1,2.0,,1.0,1800.0,540.0,2.0,2.0,,,,10551.7364,2765.8063,0,0,1.0,1.0,0,0,65332,1,,,,2.0,,,2742.1922,7860.0,9120.0,-1,,,,,,,407344.0,2011,622,607,0,0,0,0,0,16.0,22.0,40.0,2011,MIS4_to_MIS8,pennsylvania,0,2010-2011,1,0,0,0,retention
76724120976597,11,2.0,1,4,2,8800,88001,1,1,23,42,37980,29,2.0,1.0,,7,1,36,2.0,1,43,1,,1,1,1,1,2,57,57,57,1,0,0,2.0,1.0,,42.0,,42.0,,,,,,2.0,3.0,0.0,1,2.0,2.0,2.0,,1000.0,2.0,2.0,,,,12470.1805,3141.5904,6,3,0.0,,0,0,40259,1,,,,2.0,,,3114.78,9470.0,3710.0,-1,,,,,,,411546.0,2010,610,607,1,0,1,0,1,16.0,12.0,51.0,2010,1.0,1,8,2,8800,88001,1,23,42,37980,29,2.0,1.0,,7,1,37,2.0,1,43,1,,1,1,1,2,57,57,57,1,0,0,1.0,1.0,,-4.0,,60.0,,,,,,2.0,3.0,0.0,1,2.0,,1.0,3499.0,2099.4,1.0,,,,,12975.2306,3302.7208,6,3,0.0,0.0,0,0,38566,1,,,,2.0,,,3286.9222,9470.0,3850.0,-1,,,,,,,407375.0,2011,622,607,1,0,1,0,1,16.0,12.0,51.0,2011,MIS4_to_MIS8,pennsylvania,0,2010-2011,1,0,0,0,retention
299230056120914,11,2.0,1,4,2,8800,88001,1,1,23,42,37980,91,2.0,1.0,,7,3,59,1.0,2,39,1,,2,1,2,1,2,57,57,57,1,0,0,2.0,1.0,,20.0,,20.0,,,22.0,,,7.0,3.0,0.0,1,2.0,1.0,1.0,1514.0,442.0,1.0,,,,,14374.5249,3399.9634,0,0,1.0,1.0,0,0,48387,2,1.0,,,,,,3419.1218,7860.0,5700.0,-1,,,,,,,411621.0,2010,610,607,0,0,0,0,0,12.0,17.0,40.0,2010,2.0,1,8,2,8800,88001,1,23,42,37980,91,2.0,1.0,,7,3,60,1.0,2,39,1,,1,2,1,2,57,57,57,1,0,0,2.0,1.0,,20.0,,20.0,,,22.0,,,7.0,3.0,0.0,1,2.0,2.0,2.0,,500.0,1.0,,,,,10368.4056,2786.061,0,0,0.0,,0,0,13586,2,1.0,,,,,,2794.6138,7860.0,5700.0,-1,,,,,,,407465.0,2011,622,607,0,0,0,0,0,12.0,17.0,40.0,2011,MIS4_to_MIS8,pennsylvania,0,2010-2011,1,0,0,0,retention
300927090941399,11,1.0,1,4,2,8800,88001,1,1,23,42,38300,0,2.0,1.0,,5,1,54,2.0,1,39,1,,1,1,1,1,2,57,57,57,1,0,0,1.0,1.0,,40.0,,40.0,,,,,,2.0,2.0,0.0,1,2.0,,1.0,2446.0,978.4,1.0,,,,,12898.1365,3337.909,0,0,0.0,0.0,0,0,28859,1,1.0,,,,,,3334.7148,9470.0,3800.0,-1,3.0,,,,,,411644.0,2010,610,607,0,0,0,0,0,12.0,12.0,51.0,2010,1.0,1,8,2,8800,88001,1,23,42,38300,0,2.0,1.0,,5,1,55,2.0,1,39,1,,1,1,1,2,57,57,57,1,0,0,2.0,1.0,,40.0,,40.0,,,,,,2.0,2.0,0.0,1,2.0,,1.0,2600.0,1040.0,1.0,,,,,10177.7961,2667.7896,0,0,0.0,0.0,0,0,47383,1,1.0,,,,,,2645.0124,9470.0,3800.0,-1,3.0,,,,,,407486.0,2011,622,607,0,0,0,0,0,12.0,12.0,51.0,2011,MIS4_to_MIS8,pennsylvania,0,2010-2011,1,0,0,0,retention
414496409200531,11,2.0,1,4,2,8800,88001,1,1,23,42,38300,3,2.0,1.0,,5,3,29,1.0,1,40,2,,2,1,2,1,2,57,57,57,1,0,0,1.0,1.0,,40.0,,40.0,,,,,,2.0,3.0,0.0,1,2.0,2.0,2.0,,396.0,2.0,2.0,,,,20243.8598,5204.5015,6,2,0.0,,0,0,41982,2,,,2.0,,,,5042.8322,7860.0,2010.0,-1,,,,,,,411687.0,2010,610,607,1,0,1,0,1,13.0,6.0,40.0,2010,1.0,1,8,2,8800,88001,1,23,42,38300,3,2.0,1.0,,5,3,30,1.0,1,40,2,,1,2,1,2,57,57,57,1,0,0,1.0,1.0,,40.0,,40.0,,,,,,2.0,5.0,0.0,1,2.0,2.0,2.0,,365.38,2.0,2.0,,,,14538.0286,3658.2287,8,2,0.0,,0,0,5017,2,,,1.0,,,,3602.4579,7860.0,2025.0,-1,,,,,,,407536.0,2011,622,607,0,1,1,0,1,12.0,6.0,40.0,2011,MIS4_to_MIS8,pennsylvania,0,2010-2011,0,1,0,1,retention
424613041905490,11,1.0,7,4,2,8800,88001,1,1,23,42,38300,3,2.0,1.0,,5,14,40,,1,39,1,,2,0,0,6,2,57,57,57,1,0,0,2.0,1.0,,40.0,6.0,32.0,,,6.0,,,4.0,2.0,0.0,1,2.0,1.0,1.0,2300.0,961.53,2.0,2.0,,,,12053.6257,3027.9814,0,0,0.0,0.0,0,0,61355,2,1.0,,,,,,3010.7336,770.0,6260.0,-1,,,,,,,411698.0,2010,610,607,0,0,0,0,0,12.0,19.0,4.0,2010,1.0,7,8,2,8800,88001,1,23,42,38300,3,2.0,1.0,,5,14,42,,1,39,1,,0,0,6,2,57,57,57,1,0,0,2.0,1.0,,40.0,,40.0,,,,,,2.0,2.0,0.0,1,2.0,1.0,1.0,3000.0,961.53,2.0,2.0,,,,12834.896,3266.9149,0,0,0.0,1.0,0,0,2238,2,1.0,,,,,,3251.3723,770.0,6260.0,-1,,,,,,,407546.0,2011,622,607,0,0,0,0,0,12.0,19.0,4.0,2011,MIS4_to_MIS8,pennsylvania,0,2010-2011,1,0,0,0,retention
424855031906795,11,2.0,1,4,2,8800,88001,1,1,23,42,38300,129,2.0,1.0,,5,3,72,1.0,2,43,1,,2,1,2,1,2,57,57,57,1,0,0,2.0,1.0,,40.0,,40.0,,,,,,2.0,3.0,0.0,1,2.0,2.0,2.0,,1538.0,1.0,,,,,10714.6443,2813.1146,0,0,1.0,,0,0,5666,2,,,,1.0,1.0,,2802.7046,7860.0,2540.0,-1,,,,,,,411703.0,2010,610,607,0,0,0,0,0,18.0,8.0,40.0,2010,1.0,1,8,2,8800,88001,1,23,42,38300,129,2.0,1.0,,5,3,72,1.0,2,44,1,,1,2,1,2,57,57,57,1,0,0,1.0,1.0,,40.0,,40.0,,,,,,2.0,1.0,0.0,1,1.0,2.0,2.0,,2250.0,1.0,,,,,10919.333,2501.1542,0,0,0.0,,0,0,40680,2,,,,,,3.0,2426.7342,7860.0,2550.0,-1,,,,,,,407553.0,2011,622,607,0,0,0,0,0,18.0,8.0,40.0,2011,MIS4_to_MIS8,pennsylvania,0,2010-2011,0,1,1,0,retention
494981405093276,11,1.0,7,4,2,8800,88001,1,1,23,42,37980,29,2.0,1.0,,7,2,73,,2,46,1,,1,0,0,4,2,57,57,57,1,0,0,1.0,1.0,,40.0,,50.0,,,,,,2.0,2.0,0.0,1,2.0,2.0,2.0,,1538.46,1.0,,,,,10674.5901,2802.5984,0,0,0.0,,0,0,5584,1,,,,,,,2792.2273,7870.0,2200.0,-1,,,,,,,411736.0,2010,610,607,0,0,0,0,0,18.0,8.0,40.0,2010,1.0,7,8,2,8800,88001,1,23,42,37980,29,2.0,1.0,,7,2,74,,2,46,1,,0,0,4,2,57,57,57,1,0,0,1.0,1.0,,50.0,,50.0,,,,,,2.0,2.0,0.0,1,2.0,2.0,2.0,,2884.61,1.0,,,,,11320.518,2593.0486,0,0,1.0,,0,0,5039,1,,,,,,,2515.8943,7870.0,2200.0,-1,,,,,,,407582.0,2011,622,607,0,0,0,0,0,18.0,8.0,40.0,2011,MIS4_to_MIS8,pennsylvania,0,2010-2011,1,0,0,0,retention
516491489200802,11,2.0,1,4,2,8800,88001,1,1,23,42,37980,91,2.0,1.0,,7,1,59,2.0,2,40,1,,1,1,1,1,2,57,57,57,1,0,0,1.0,1.0,,35.0,,35.0,,,,,,2.0,3.0,0.0,1,2.0,2.0,2.0,,538.46,1.0,,,,,14374.5249,3399.9634,0,0,0.0,,0,0,40346,1,,,2.0,,,,3419.1218,7860.0,2540.0,-1,,,,,,,411777.0,2010,610,607,0,0,0,0,0,13.0,8.0,40.0,2010,1.0,1,8,2,8800,88001,1,23,42,37980,91,2.0,1.0,,7,1,59,2.0,2,41,1,,1,1,1,2,57,57,57,1,0,0,1.0,1.0,,35.0,,36.0,,,,,,2.0,5.0,0.0,1,2.0,2.0,2.0,,596.15,1.0,,,,,11864.9645,2813.0728,0,0,0.0,,0,0,13585,1,,,3.0,,,,2791.0753,7860.0,2540.0,-1,,,,,,,407621.0,2011,622,607,0,0,0,0,0,14.0,8.0,40.0,2011,MIS4_to_MIS8,pennsylvania,0,2010-2011,0,1,0,1,retention
516491489200802,11,2.0,1,4,2,8800,88001,1,1,23,42,37980,91,2.0,1.0,,7,3,59,1.0,1,39,1,,2,1,2,1,2,57,57,57,1,0,0,2.0,1.0,,40.0,,40.0,,,,,,2.0,3.0,0.0,1,1.0,,1.0,2300.0,1159.8,1.0,,,,,12895.1548,3203.4947,0,0,1.0,1.0,0,0,40346,2,1.0,,,,,,3199.6473,770.0,9520.0,-1,,,,,,,411778.0,2010,610,607,0,0,0,0,0,12.0,22.0,4.0,2010,1.0,1,8,2,8800,88001,1,23,42,37980,91,2.0,1.0,,7,3,60,1.0,1,39,1,,1,2,1,2,57,57,57,1,0,0,2.0,1.0,,40.0,,37.0,,,,,,2.0,3.0,0.0,1,2.0,2.0,2.0,,1057.69,1.0,,,,,11298.9343,2867.3973,0,0,0.0,,0,0,13585,2,1.0,,,,,,2852.3191,9370.0,9520.0,-1,,,,,,,407622.0,2011,622,607,0,0,0,0,0,12.0,22.0,51.0,2011,MIS4_to_MIS8,pennsylvania,0,2010-2011,1,0,0,0,retention
947082741419060,11,2.0,1,4,2,8800,88001,1,1,23,42,37980,45,2.0,1.0,,7,4,23,,1,43,1,,3,1,3,7,2,57,57,57,1,0,0,2.0,1.0,,40.0,,40.0,,,,,,2.0,3.0,0.0,1,2.0,2.0,2.0,,769.0,2.0,2.0,2.0,,,16148.3749,3998.5077,0,0,1.0,,0,0,48341,3,,,,2.0,,,3990.406,7860.0,1040.0,-1,,,,,2.0,1.0,411970.0,2010,610,607,0,0,0,0,0,16.0,3.0,40.0,2010,2.0,1,8,2,8800,88001,1,23,42,37980,45,2.0,1.0,,7,4,24,,1,43,1,,1,3,7,2,57,57,57,1,0,0,2.0,1.0,,40.0,,40.0,,,,,,2.0,3.0,0.0,1,2.0,,1.0,1300.0,520.0,1.0,,2.0,,,14992.7746,3749.7957,0,0,1.0,1.0,0,42,38600,3,,,,2.0,,,3768.2274,7860.0,3255.0,-1,,,,,2.0,1.0,407826.0,2011,622,607,0,0,0,0,0,16.0,10.0,40.0,2011,MIS4_to_MIS8,pennsylvania,0,2010-2011,1,0,0,0,retention
955022711419480,11,1.0,1,4,2,8800,88001,1,1,23,42,10900,0,2.0,1.0,,4,4,28,,2,39,1,,3,2,1,5,2,57,57,57,1,0,0,2.0,1.0,,40.0,,40.0,,,,,,2.0,2.0,0.0,1,2.0,2.0,2.0,,423.07,2.0,2.0,,,,11057.1452,2749.4427,3,1,0.0,,0,0,14730,3,1.0,,,,,,2735.4221,9570.0,4720.0,-1,,,,,1.0,2.0,411985.0,2010,610,607,0,0,1,0,0,12.0,16.0,51.0,2010,3.0,1,8,2,8800,88001,1,23,42,10900,0,2.0,1.0,,4,4,29,,2,39,1,,2,1,5,2,57,57,57,1,0,0,2.0,1.0,,40.0,,40.0,,,,,,2.0,2.0,0.0,1,2.0,2.0,2.0,,300.0,1.0,,,,,11413.9799,2836.9732,3,1,0.0,,0,0,38678,3,1.0,,,,,,2829.4405,9570.0,4720.0,-1,,,,,1.0,2.0,407843.0,2011,622,607,0,0,1,0,0,12.0,16.0,51.0,2011,MIS4_to_MIS8,pennsylvania,0,2010-2011,1,0,0,0,retention
974092462419930,11,1.0,6,4,2,8800,88001,1,1,23,42,37980,45,2.0,1.0,,7,14,24,,2,43,1,,2,0,0,7,2,57,57,57,1,0,0,2.0,1.0,,40.0,,40.0,,,,,,2.0,3.0,0.0,1,2.0,2.0,2.0,,336.53,2.0,2.0,2.0,,,13275.6535,3295.9604,0,0,0.0,,0,0,28818,2,,,,2.0,,,3270.3157,7860.0,2540.0,-1,,,,,,,412009.0,2010,610,607,0,0,0,0,0,16.0,8.0,40.0,2010,2.0,1,8,2,8800,88001,1,23,42,37980,45,2.0,1.0,,7,3,25,1.0,2,43,1,,1,2,1,2,57,57,57,1,0,0,1.0,1.0,,40.0,,40.0,,,,,,2.0,5.0,0.0,1,2.0,2.0,2.0,,465.0,2.0,2.0,,,,11726.6303,2914.6833,0,0,0.0,,0,0,38599,2,,,,2.0,,,2906.9442,8470.0,2540.0,-1,,,,,,,407868.0,2011,622,607,0,0,0,0,0,16.0,8.0,43.0,2011,MIS4_to_MIS8,pennsylvania,0,2010-2011,0,1,0,1,retention
5574120994693,11,2.0,1,4,2,8800,88001,1,1,23,42,0,0,3.0,2.0,,0,1,65,2.0,1,34,1,,1,1,1,1,2,57,57,57,1,0,0,2.0,1.0,,30.0,,30.0,,,21.0,,,7.0,3.0,0.0,1,2.0,,1.0,700.0,210.0,2.0,2.0,,,,12284.0107,3095.472,0,0,0.0,0.0,0,0,18227,1,,,,,,,3018.1674,7860.0,9120.0,-1,,,,,,,412026.0,2010,610,607,0,0,0,0,0,7.5,22.0,40.0,2010,2.0,1,8,2,8800,88001,1,23,42,0,0,3.0,2.0,,0,1,66,2.0,1,34,1,,1,1,1,2,57,57,57,1,0,0,2.0,5.0,,,,,,,,,,1.0,,,2,,,,,,,,,,,10401.323,2591.3128,0,0,,,0,0,13318,1,,,,,,,2621.2879,,,-1,,,,,,,407888.0,2011,622,607,0,0,0,0,0,7.5,,,2011,MIS4_to_MIS8,pennsylvania,0,2010-2011,0,1,0,0,retention
27344120994396,11,1.0,1,4,2,8800,88001,1,1,23,42,0,0,3.0,2.0,,0,3,41,1.0,2,43,1,,2,1,2,1,2,57,57,57,1,0,0,1.0,1.0,,38.0,4.0,34.0,,,4.0,,,4.0,3.0,0.0,1,2.0,2.0,2.0,,1216.21,1.0,,,,,10570.8531,2618.2547,4,1,0.0,,0,0,28802,2,,,,1.0,1.0,,2604.7041,7860.0,2310.0,-1,,,,,,,412040.0,2010,610,607,0,0,0,1,0,18.0,8.0,40.0,2010,2.0,1,8,2,8800,88001,1,23,42,0,0,3.0,2.0,,0,3,41,1.0,2,43,1,,1,2,1,2,57,57,57,1,0,0,2.0,1.0,,44.0,,44.0,,,,,,2.0,3.0,0.0,1,2.0,2.0,2.0,,961.53,1.0,,,,,9848.0646,2471.8401,4,1,0.0,,0,0,59350,2,,,,1.0,1.0,,2474.2805,7860.0,2310.0,10,,,,,,,407901.0,2011,622,607,0,0,0,1,0,18.0,8.0,40.0,2011,MIS4_to_MIS8,pennsylvania,0,2010-2011,1,0,0,0,retention
299290123220614,11,1.0,1,4,2,8800,88001,1,1,23,42,0,0,3.0,2.0,,0,3,58,1.0,1,43,1,,2,1,2,1,2,57,57,57,1,0,0,2.0,1.0,,40.0,6.0,32.0,,,6.0,,,4.0,2.0,0.0,1,2.0,2.0,2.0,,1057.69,2.0,2.0,,,,12745.7954,3166.3899,0,0,0.0,,0,0,14790,2,,,,1.0,1.0,,3162.5871,9380.0,120.0,-1,,,,,,,412091.0,2010,610,607,0,0,0,0,0,18.0,1.0,51.0,2010,1.0,1,8,2,8800,88001,1,23,42,0,0,3.0,2.0,,0,3,59,1.0,1,43,1,,1,2,1,2,57,57,57,1,0,0,2.0,1.0,,38.0,6.0,32.0,,,6.0,,,4.0,2.0,0.0,1,2.0,2.0,2.0,,1730.0,2.0,2.0,,,,10081.511,2642.5514,0,0,1.0,,0,0,13654,2,,,,1.0,1.0,,2619.9898,9380.0,120.0,-1,,,,,,,407959.0,2011,622,607,0,0,0,0,0,18.0,1.0,51.0,2011,MIS4_to_MIS8,pennsylvania,0,2010-2011,1,0,0,0,retention
497911408037218,11,2.0,1,4,2,8800,88001,1,1,23,42,0,55,3.0,2.0,,0,3,59,1.0,2,39,1,,2,1,2,1,2,57,57,57,1,0,0,1.0,1.0,,50.0,,56.0,,,,,,2.0,3.0,0.0,1,2.0,,1.0,2300.0,1150.0,1.0,,,,,14208.0306,3360.583,0,0,1.0,1.0,0,42,28866,2,1.0,,,,,,3379.5195,9470.0,3800.0,-1,,,,,,,412142.0,2010,610,607,0,0,0,0,0,12.0,12.0,51.0,2010,2.0,1,8,2,8800,88001,1,23,42,0,55,3.0,2.0,,0,3,60,1.0,2,39,1,,1,2,1,2,57,57,57,1,0,0,1.0,1.0,,40.0,,40.0,,,,,,2.0,3.0,0.0,1,2.0,,1.0,1104.0,441.6,2.0,2.0,,,,9906.3501,2661.9036,0,0,1.0,1.0,0,42,13518,2,1.0,,,,,,2670.0752,9470.0,3800.0,-1,,,,,,,408021.0,2011,622,607,0,0,0,0,0,12.0,12.0,51.0,2011,MIS4_to_MIS8,pennsylvania,0,2010-2011,1,0,0,0,retention
801009064107952,11,2.0,1,4,2,8800,88001,1,1,23,42,0,0,3.0,2.0,,0,1,45,2.0,1,39,1,,1,1,1,1,2,57,57,57,1,0,0,2.0,1.0,,40.0,,40.0,,,,,,2.0,2.0,0.0,1,2.0,,1.0,2100.0,840.0,1.0,,,,,13121.1751,3400.5376,0,0,0.0,0.0,0,0,28953,1,1.0,,,,,,3392.3797,9480.0,3600.0,-1,,,,,,,412181.0,2010,610,607,0,0,0,0,0,12.0,11.0,51.0,2010,1.0,6,8,2,8800,88001,1,23,42,0,0,3.0,2.0,,0,2,46,,1,39,1,,0,0,6,2,57,57,57,1,0,0,1.0,5.0,,,,,,,,,,1.0,,,2,,,,,,,,,,,11737.6332,2813.2856,0,0,,,0,0,47455,1,1.0,,,,,,2826.65,,,-1,,,,,,,408063.0,2011,622,607,0,0,0,0,0,12.0,,,2011,MIS4_to_MIS8,pennsylvania,0,2010-2011,0,1,0,0,retention
260925090341339,11,2.0,1,4,2,8800,88001,1,1,23,42,39740,11,,1.0,,3,1,39,2.0,1,44,1,,1,1,1,1,2,57,57,57,1,0,0,2.0,1.0,,55.0,,40.0,,,,,,2.0,3.0,0.0,1,2.0,2.0,2.0,,1250.0,1.0,,,,,12107.1835,3050.1412,2,2,0.0,,0,0,28743,1,,,,,,2.0,3024.1112,7860.0,2320.0,-1,,,,,,,412289.0,2010,610,607,0,1,0,0,1,18.0,8.0,40.0,2010,1.0,1,8,2,8800,88001,1,23,42,39740,11,,1.0,,3,1,40,2.0,1,44,1,,1,1,1,2,57,57,57,1,0,0,2.0,1.0,,50.0,,50.0,,,,,,2.0,3.0,0.0,1,2.0,2.0,2.0,,1050.0,1.0,,,,,12951.6891,3296.6427,2,2,0.0,,0,0,59335,1,,,,,,2.0,3280.9586,7860.0,2310.0,-1,,,,,,,408174.0,2011,622,607,0,1,0,0,1,18.0,8.0,40.0,2011,MIS4_to_MIS8,pennsylvania,0,2010-2011,1,0,0,0,retention
316499639200850,11,2.0,1,4,2,8800,88001,1,1,23,42,39740,11,,1.0,,3,4,31,,1,43,1,,3,1,3,7,2,57,57,57,1,0,0,2.0,1.0,,40.0,,40.0,,,,,,2.0,3.0,0.0,1,2.0,,1.0,1300.0,520.0,2.0,2.0,,,,12443.8676,3125.5061,0,0,1.0,1.0,0,0,31314,3,,,,2.0,,,3071.6998,9470.0,2010.0,-1,,,,,2.0,1.0,412329.0,2010,610,607,0,0,0,0,0,16.0,6.0,51.0,2010,2.0,1,8,2,8800,88001,1,23,42,39740,11,,1.0,,3,4,32,,1,43,1,,1,3,7,2,57,57,57,1,0,0,2.0,1.0,,40.0,,55.0,,,,,,2.0,3.0,0.0,1,2.0,,1.0,1500.0,600.0,2.0,2.0,,,,13971.3654,3470.3094,0,0,1.0,1.0,0,0,59334,3,,,,2.0,,,3463.2711,9470.0,2000.0,4760,,,,,2.0,1.0,408218.0,2011,622,607,0,0,0,0,0,16.0,6.0,51.0,2011,MIS4_to_MIS8,pennsylvania,0,2010-2011,1,0,0,0,retention
814495539200887,11,3.0,1,4,2,8800,88001,1,1,23,42,49620,133,,1.0,,3,3,52,1.0,2,43,1,,2,1,2,1,2,57,57,57,1,0,0,1.0,1.0,,35.0,,35.0,,,,,,2.0,3.0,0.0,1,2.0,2.0,2.0,,865.38,2.0,2.0,,,,12684.2635,3155.5564,0,0,0.0,,0,0,41994,2,,,,1.0,1.0,,3127.3741,7860.0,2300.0,-1,,,,,,,412383.0,2010,610,607,0,0,0,0,0,18.0,8.0,40.0,2010,1.0,1,8,2,8800,88001,1,23,42,49620,133,,1.0,,3,3,53,1.0,2,43,1,,1,2,1,2,57,57,57,1,0,0,2.0,1.0,,40.0,,40.0,,,,,,2.0,3.0,0.0,1,2.0,2.0,2.0,,865.38,2.0,1.0,,,,11236.7166,2820.051,0,0,1.0,,0,42,47465,2,,,,1.0,1.0,,2804.441,7860.0,2300.0,-1,,,,,,,408276.0,2011,622,607,0,0,0,0,0,18.0,8.0,40.0,2011,MIS4_to_MIS8,pennsylvania,0,2010-2011,1,0,0,0,retention
7097165120761,12,1.0,7,4,2,8801,88011,1,1,33,17,16980,0,1.0,1.0,1.0,7,2,59,,2,44,1,,1,0,0,4,2,57,57,57,1,0,0,1.0,1.0,,40.0,,40.0,,,,,,2.0,3.0,0.0,1,2.0,2.0,2.0,,1428.57,1.0,,,,,11606.2003,2823.4671,0,0,0.0,,0,0,33643,1,,,,,,1.0,2817.1887,7860.0,2330.0,-1,,,,,,,431948.0,2010,611,608,0,0,0,0,0,17.0,8.0,40.0,2010,1.0,7,8,2,8801,88011,1,33,17,16980,0,1.0,1.0,1.0,7,2,60,,2,44,1,,0,0,4,2,57,57,57,1,0,0,1.0,1.0,,40.0,,40.0,,,,,,2.0,3.0,0.0,1,2.0,2.0,2.0,,1250.0,1.0,,,,,12953.7368,3154.0388,0,0,0.0,,0,0,22202,1,,,,,,1.0,3159.804,7860.0,2310.0,-1,,,,,,,427652.0,2011,623,608,0,0,0,0,0,17.0,8.0,40.0,2011,MIS4_to_MIS8,illinois,1,2010-2011,1,0,0,0,retention
21199369700935,12,1.0,7,4,2,8800,88001,1,1,33,17,16980,0,1.0,1.0,,7,2,59,,2,39,1,,1,0,0,5,2,128,128,128,5,0,12,1.0,1.0,,40.0,,40.0,,,,,,2.0,3.0,0.0,1,2.0,1.0,1.0,1200.0,350.0,2.0,2.0,,,,11606.2003,2823.4671,0,0,0.0,0.0,0,0,21828,1,1.0,,,,,,2817.1887,7860.0,4220.0,-1,,,,,,,431949.0,2010,611,608,0,0,0,0,0,12.0,14.0,40.0,2010,1.0,7,8,2,8800,88001,1,33,17,16980,0,1.0,1.0,,7,2,60,,2,39,1,,0,0,5,2,128,128,128,5,0,12,1.0,1.0,,40.0,,35.0,,,,,,2.0,3.0,0.0,1,2.0,2.0,2.0,,400.0,2.0,2.0,,,,12953.7368,3154.0388,0,0,0.0,,0,0,22435,1,1.0,,,,,,3159.804,7860.0,4220.0,-1,,,,,,,427653.0,2011,623,608,0,0,0,0,0,12.0,14.0,40.0,2011,MIS4_to_MIS8,illinois,1,2010-2011,1,0,0,0,retention
34371270982784,12,1.0,4,4,2,8800,88001,1,1,33,17,16980,0,1.0,1.0,1.0,7,1,45,,2,39,2,,1,1,1,7,2,57,57,57,1,0,0,1.0,1.0,,40.0,,40.0,,,,,,2.0,3.0,0.0,1,2.0,2.0,2.0,,615.38,1.0,,,,,10118.4403,2484.4064,10,2,0.0,,0,0,21615,1,2.0,8.0,,,,,2467.707,7860.0,2310.0,-1,,,,,,,431956.0,2010,611,608,0,0,1,1,0,12.0,8.0,40.0,2010,1.0,4,8,2,8800,88001,1,33,17,16980,0,1.0,1.0,1.0,7,1,46,,2,43,2,,1,1,7,2,57,57,57,1,0,0,1.0,1.0,,40.0,,40.0,,,,,,2.0,3.0,0.0,1,2.0,2.0,2.0,,750.0,1.0,,,,,11656.7608,2909.4509,3,1,0.0,,0,0,22218,1,,,,2.0,,,2868.5346,7860.0,230.0,-1,,,,,,,427659.0,2011,623,608,0,0,1,0,0,16.0,1.0,40.0,2011,MIS4_to_MIS8,illinois,1,2010-2011,1,0,0,0,retention
167670720090105,12,1.0,1,4,2,8800,88001,1,1,33,17,16980,0,1.0,1.0,1.0,7,3,43,1.0,1,39,1,,2,1,2,1,2,57,57,57,1,0,0,2.0,1.0,,35.0,,35.0,,,,,,2.0,3.0,0.0,1,2.0,2.0,2.0,,807.0,1.0,,,,,12878.3064,3177.8439,8,2,1.0,,0,0,67455,2,1.0,,,,,,3170.6214,9470.0,7430.0,-1,,,,,,,432006.0,2010,611,608,0,1,1,0,1,12.0,20.0,51.0,2010,1.0,1,8,2,8800,88001,1,33,17,16980,0,1.0,1.0,1.0,7,3,44,1.0,1,39,1,,1,2,1,2,57,57,57,1,0,0,2.0,1.0,,40.0,,40.0,,,,,,2.0,3.0,0.0,1,2.0,2.0,2.0,,1538.46,1.0,,,,,10957.7919,2719.9756,8,2,0.0,,0,0,22201,2,1.0,,,,,,2706.943,9470.0,7420.0,-1,,,,,,,427709.0,2011,623,608,0,1,1,0,1,12.0,20.0,51.0,2011,MIS4_to_MIS8,illinois,1,2010-2011,1,0,0,0,retention
210709967533298,12,2.0,1,4,2,8800,88001,1,1,33,17,40420,0,1.0,1.0,,3,3,69,1.0,1,40,1,,2,1,2,1,2,57,57,57,1,0,0,1.0,1.0,,16.0,,16.0,,,23.0,,,7.0,3.0,0.0,1,2.0,2.0,2.0,,180.0,2.0,2.0,,,,10570.8053,2829.0831,0,0,0.0,,0,0,50592,2,,,2.0,,,,2765.4572,8570.0,5000.0,-1,,,,,,,432065.0,2010,611,608,0,0,0,0,0,13.0,17.0,44.0,2010,2.0,1,8,2,8800,88001,1,33,17,40420,0,1.0,1.0,,3,3,70,1.0,1,40,1,,1,2,1,2,57,57,57,1,0,0,1.0,1.0,,20.0,,20.0,,,21.0,,,7.0,3.0,0.0,1,2.0,,1.0,1000.0,200.0,2.0,2.0,,,,10659.5384,2813.7909,0,0,0.0,0.0,0,0,35191,2,,,2.0,,,,2727.7294,8570.0,725.0,-1,,,,,,,427779.0,2011,623,608,0,0,0,0,0,13.0,2.0,44.0,2011,MIS4_to_MIS8,illinois,1,2010-2011,1,0,0,0,retention
450078093612849,12,1.0,4,4,2,8800,88001,1,1,33,17,16980,0,1.0,1.0,1.0,7,1,74,,2,40,2,,1,1,1,7,2,57,57,57,1,0,0,1.0,1.0,,37.0,,37.0,,,,,,2.0,2.0,0.0,1,2.0,2.0,2.0,,576.0,2.0,2.0,,,,11085.534,2698.6444,0,0,1.0,,0,0,50448,1,,,1.0,,,,2680.505,9480.0,5820.0,-1,,,,,2.0,,432091.0,2010,611,608,0,0,0,0,0,12.0,17.0,51.0,2010,1.0,4,8,2,8800,88001,1,33,17,16980,0,1.0,1.0,1.0,7,1,75,,2,40,2,,1,1,7,2,57,57,57,1,0,0,1.0,1.0,,35.0,,35.0,,,,,,2.0,2.0,0.0,1,2.0,1.0,1.0,1300.0,500.0,1.0,,,,,9788.2401,3076.5672,0,0,0.0,0.0,0,0,22220,1,,,3.0,,,,3033.3008,9590.0,5820.0,-1,,,,,2.0,,427820.0,2011,623,608,0,0,0,0,0,14.0,17.0,51.0,2011,MIS4_to_MIS8,illinois,1,2010-2011,1,0,0,0,retention
802905331992677,12,1.0,7,4,2,8800,88001,1,1,33,17,40420,0,1.0,1.0,,3,2,58,,2,44,1,,1,0,0,5,2,57,57,57,1,0,0,1.0,1.0,,55.0,,55.0,,,,,,2.0,3.0,0.0,1,2.0,1.0,1.0,2400.0,1479.16,1.0,,,,,11052.8989,2688.8642,0,0,0.0,1.0,0,0,18331,1,,,,,,3.0,2682.8851,7860.0,2000.0,-1,,,,,,,432209.0,2010,611,608,0,0,0,0,0,18.0,6.0,40.0,2010,1.0,7,8,2,8800,88001,1,33,17,40420,0,1.0,1.0,,3,2,59,,2,44,1,,0,0,5,2,57,57,57,1,0,0,1.0,1.0,,63.0,,75.0,,,,,,2.0,3.0,0.0,1,2.0,2.0,2.0,,1346.15,1.0,,,,,11929.6173,3100.8172,0,0,0.0,,0,0,59554,1,,,,,,3.0,3071.1213,7860.0,2000.0,-1,,,,,,,427940.0,2011,623,608,0,0,0,0,0,18.0,6.0,40.0,2011,MIS4_to_MIS8,illinois,1,2010-2011,1,0,0,0,retention
910573090912068,12,1.0,7,4,2,8800,88001,1,1,33,17,16980,0,1.0,1.0,1.0,7,2,46,,2,41,2,,1,0,0,7,2,57,57,57,1,0,0,1.0,1.0,,40.0,,40.0,,,,,,2.0,3.0,0.0,1,2.0,1.0,1.0,2752.0,1250.0,1.0,,,,,10118.4403,2484.4064,0,0,0.0,0.0,0,0,21611,1,,,2.0,,,,2467.707,6180.0,5240.0,-1,,,,,,,432239.0,2010,611,608,0,0,0,0,0,13.0,17.0,23.0,2010,1.0,7,8,2,8800,88001,1,33,17,16980,0,1.0,1.0,1.0,7,2,47,,2,41,2,,0,0,7,2,57,57,57,1,0,0,1.0,1.0,,40.0,,40.0,,,,,,2.0,3.0,0.0,1,2.0,1.0,1.0,2900.0,596.0,1.0,,,,,11656.7608,2909.4509,0,0,1.0,0.0,0,0,66325,1,,,3.0,,,,2868.5346,6180.0,5240.0,-1,,,,,,,427968.0,2011,623,608,0,0,0,0,0,14.0,17.0,23.0,2011,MIS4_to_MIS8,illinois,1,2010-2011,1,0,0,0,retention
935037544129350,12,1.0,1,4,2,8800,88001,1,1,33,17,16980,0,1.0,1.0,1.0,7,1,47,2.0,1,44,1,,1,1,1,1,2,57,57,57,1,0,0,1.0,1.0,,40.0,,40.0,,,,,,2.0,3.0,0.0,1,1.0,2.0,2.0,,1538.46,1.0,,,,,13285.3047,3244.1261,0,0,0.0,,0,0,33657,1,,,,,,3.0,3251.2321,9470.0,3740.0,-1,,,,,,,432249.0,2010,611,608,0,0,0,0,0,18.0,12.0,51.0,2010,1.0,1,8,2,8800,88001,1,33,17,16980,0,1.0,1.0,1.0,7,1,48,2.0,1,44,1,,1,1,1,2,57,57,57,1,0,0,1.0,1.0,,45.0,,45.0,,,,,,2.0,3.0,0.0,1,2.0,2.0,2.0,,1923.07,2.0,2.0,,,,13760.2818,3479.5376,0,0,0.0,,0,0,22225,1,,,,,,3.0,3479.8908,9470.0,3740.0,-1,,,,,,,427976.0,2011,623,608,0,0,0,0,0,18.0,12.0,51.0,2011,MIS4_to_MIS8,illinois,1,2010-2011,1,0,0,0,retention
988057888129730,12,1.0,7,4,2,8800,88001,1,1,33,17,16980,0,1.0,1.0,1.0,7,2,43,,2,44,1,,1,0,0,7,2,57,57,57,1,0,0,1.0,1.0,,35.0,,35.0,,,,,,2.0,3.0,0.0,1,1.0,2.0,2.0,,2423.07,1.0,,,,,13838.2418,3524.7405,0,0,0.0,,0,0,58035,1,,,,,,3.0,3501.0248,7860.0,2010.0,-1,,,,,,,432268.0,2010,611,608,0,0,0,0,0,18.0,6.0,40.0,2010,1.0,7,8,2,8800,88001,1,33,17,16980,0,1.0,1.0,1.0,7,2,44,,2,44,1,,0,0,7,2,57,57,57,1,0,0,1.0,1.0,,40.0,,40.0,,,,,,2.0,3.0,0.0,1,2.0,2.0,2.0,,1413.04,2.0,2.0,,,,10661.6469,2646.642,0,0,0.0,,0,0,22229,1,,,,,,3.0,2623.6433,7860.0,2010.0,-1,,,,,,,427991.0,2011,623,608,0,0,0,0,0,18.0,6.0,40.0,2011,MIS4_to_MIS8,illinois,1,2010-2011,1,0,0,0,retention
71170042907094,12,2.0,1,4,2,8800,88001,1,1,33,17,41180,163,2.0,1.0,,6,3,59,1.0,2,40,1,,2,1,2,1,2,57,57,57,1,0,0,1.0,5.0,,,,,,,,,,1.0,3.0,0.0,2,,,,,,,,,,,10947.0937,2711.8962,0,0,,,0,0,4961,2,,,2.0,,,,2716.8339,7860.0,2540.0,-1,,,,,,,432314.0,2010,611,608,0,0,0,0,0,13.0,8.0,40.0,2010,2.0,1,8,2,8800,88001,1,33,17,41180,163,2.0,1.0,,6,3,60,1.0,2,40,1,,1,2,1,2,57,57,57,1,0,0,1.0,6.0,,,,,,,,,,1.0,,,2,,,,,,,,,,,11989.4706,3029.8973,0,0,,,0,0,18918,2,,,1.0,,,,3026.4221,,,-1,,,,,,,428046.0,2011,623,608,0,0,0,0,0,12.0,,,2011,MIS4_to_MIS8,illinois,1,2010-2011,0,1,0,0,retention
202906281991897,12,1.0,1,4,2,8800,88001,1,1,33,17,16980,0,2.0,1.0,,7,3,52,1.0,1,42,1,,2,1,2,1,2,57,57,57,1,0,0,2.0,1.0,,50.0,,50.0,,,,,,2.0,3.0,0.0,1,2.0,2.0,2.0,,1730.76,2.0,2.0,,,,11969.4182,2932.0716,0,0,0.0,,0,0,33877,2,,,3.0,,,,2929.2031,7860.0,4200.0,-1,,,,,,,432429.0,2010,611,608,0,0,0,0,0,14.0,14.0,40.0,2010,1.0,1,8,2,8800,88001,1,33,17,16980,0,2.0,1.0,,7,3,53,1.0,1,42,1,,1,2,1,2,57,57,57,1,0,0,2.0,1.0,,55.0,,55.0,,,,,,2.0,3.0,0.0,1,1.0,2.0,2.0,,1730.76,1.0,,,,,12621.9966,3220.3644,0,0,0.0,,0,0,35176,2,,,3.0,,,,3192.0255,7860.0,7340.0,-1,,,,,,,428181.0,2011,623,608,0,0,0,0,0,14.0,20.0,40.0,2011,MIS4_to_MIS8,illinois,1,2010-2011,1,0,0,0,retention
210709743274773,12,1.0,7,4,2,8800,88001,1,1,33,17,16980,0,2.0,1.0,,7,2,34,,2,44,1,,1,0,0,7,2,57,57,57,1,0,0,1.0,1.0,,30.0,,35.0,,,22.0,,,9.0,3.0,0.0,1,2.0,,1.0,1260.0,378.0,1.0,,,,,11961.8946,3051.2419,0,0,1.0,1.0,0,42,43454,1,,,,,,2.0,3033.6839,7860.0,2310.0,-1,,,,,,,432432.0,2010,611,608,0,0,0,0,0,18.0,8.0,40.0,2010,1.0,7,8,2,8800,88001,1,33,17,16980,0,2.0,1.0,,7,2,35,,2,44,1,,0,0,7,2,57,57,57,1,0,0,1.0,1.0,,-4.0,,37.0,,,,,,2.0,3.0,0.0,1,2.0,2.0,2.0,,1346.15,1.0,,,,,11078.3048,2712.6636,0,0,0.0,,0,0,63414,1,,,,,,2.0,2726.1755,7860.0,2310.0,-1,,,,,,,428185.0,2011,623,608,0,0,0,0,0,18.0,8.0,40.0,2011,MIS4_to_MIS8,illinois,1,2010-2011,1,0,0,0,retention
302902741777437,12,1.0,7,4,2,8800,88001,1,1,33,17,16980,0,2.0,1.0,,7,2,37,,2,44,1,,1,0,0,5,2,57,57,57,1,0,0,1.0,1.0,,40.0,,40.0,,,,,,2.0,3.0,0.0,1,2.0,2.0,2.0,,1044.5,1.0,,,,,12361.416,3159.2275,0,0,0.0,,0,0,21603,1,,,,,,2.0,3127.3933,7860.0,2310.0,-1,,,,,,,432463.0,2010,611,608,0,0,0,0,0,18.0,8.0,40.0,2010,1.0,7,8,2,8800,88001,1,33,17,16980,0,2.0,1.0,,7,2,38,,2,44,1,,0,0,5,2,57,57,57,1,0,0,1.0,1.0,,35.0,,35.0,,,,,,2.0,3.0,0.0,1,2.0,2.0,2.0,,1000.0,1.0,,,,,11078.3048,2712.6636,0,0,0.0,,0,0,8638,1,,,,,,2.0,2726.1755,7860.0,2310.0,-1,,,,,,,428221.0,2011,623,608,0,0,0,0,0,18.0,8.0,40.0,2011,MIS4_to_MIS8,illinois,1,2010-2011,1,0,0,0,retention
329199529700933,12,1.0,1,4,2,8800,88001,1,1,33,17,16980,111,2.0,1.0,,7,3,59,1.0,2,43,1,,2,1,2,1,2,57,57,57,1,0,0,2.0,1.0,,12.0,,20.0,,,19.0,,,7.0,3.0,0.0,1,2.0,,1.0,850.0,102.0,2.0,2.0,,,,11167.3285,2716.7018,0,0,0.0,0.0,0,0,21904,2,,,,2.0,,,2710.6607,6770.0,5320.0,2340,,,,,,,432474.0,2010,611,608,0,0,0,0,0,16.0,17.0,31.0,2010,1.0,1,8,2,8800,88001,1,33,17,16980,111,2.0,1.0,,7,3,60,1.0,2,43,1,,1,2,1,2,57,57,57,1,0,0,2.0,1.0,,8.0,,14.0,,,19.0,,,7.0,3.0,0.0,1,2.0,,1.0,850.0,68.0,2.0,2.0,,,,12193.6134,2968.9602,0,0,0.0,0.0,0,0,35101,2,,,,2.0,,,2974.3872,6770.0,5320.0,2340,,,,,,,428233.0,2011,623,608,0,0,0,0,0,16.0,17.0,31.0,2011,MIS4_to_MIS8,illinois,1,2010-2011,1,0,0,0,retention
329199529700933,12,1.0,1,4,2,8800,88001,1,1,33,17,16980,111,2.0,1.0,,7,4,53,,1,40,1,,4,1,3,7,2,57,57,57,1,0,0,,1.0,,15.0,,60.0,,,15.0,,,8.0,3.0,0.0,1,2.0,,1.0,880.0,132.0,2.0,2.0,,,,11969.4182,2932.0716,0,0,1.0,1.0,41,41,21904,4,,,2.0,,,,2929.2031,9470.0,3850.0,-1,,,,,2.0,1.0,432476.0,2010,611,608,0,0,0,0,0,13.0,12.0,51.0,2010,1.0,1,8,2,8800,88001,1,33,17,16980,111,2.0,1.0,,7,4,54,,1,40,1,,1,3,7,2,57,57,57,1,0,0,2.0,1.0,,20.0,,20.0,,,20.0,,,7.0,4.0,0.0,1,2.0,,1.0,850.0,170.0,2.0,2.0,,,,12621.9966,3220.3644,0,0,0.0,0.0,0,0,35101,4,,,1.0,,,,3192.0255,8680.0,9130.0,-1,,,,,2.0,1.0,428234.0,2011,623,608,0,0,0,0,0,12.0,22.0,46.0,2011,MIS4_to_MIS8,illinois,1,2010-2011,0,1,0,1,retention
422196029700749,12,1.0,6,4,2,8800,88001,1,1,33,17,16980,0,2.0,1.0,,7,2,31,,1,43,1,4.0,1,0,0,7,2,315,315,315,4,0,10,1.0,1.0,,40.0,,40.0,,,,,,2.0,3.0,0.0,1,2.0,,1.0,2250.0,900.0,2.0,2.0,,,,12611.6847,3138.7358,0,0,0.0,0.0,0,0,63071,1,,,,2.0,,,3142.6118,9480.0,620.0,-1,,,,,,,432509.0,2010,611,608,0,0,0,0,0,16.0,2.0,51.0,2010,1.0,6,8,2,8800,88001,1,33,17,16980,0,2.0,1.0,,7,2,33,,1,43,1,4.0,0,0,7,2,315,315,315,4,0,10,1.0,1.0,,40.0,,45.0,,,,,,2.0,4.0,0.0,1,2.0,,1.0,2100.0,840.0,2.0,2.0,,,,12127.8216,2945.6853,0,0,0.0,0.0,0,0,52196,1,,,,2.0,,,2965.6153,7280.0,850.0,-1,,,,,,,428275.0,2011,623,608,0,0,0,0,0,16.0,2.0,36.0,2011,MIS4_to_MIS8,illinois,1,2010-2011,0,1,0,1,retention
450878093612847,12,1.0,1,4,2,8800,88001,1,1,33,17,16980,0,2.0,1.0,,7,1,53,2.0,1,40,2,,1,1,1,1,2,57,57,57,1,0,0,1.0,1.0,,40.0,,40.0,,,,,,2.0,3.0,0.0,1,2.0,2.0,2.0,,1442.3,2.0,2.0,,,,12954.1901,3079.5326,0,0,0.0,,0,0,21605,1,,,3.0,,,,3029.5127,6180.0,9000.0,-1,3.0,,,,,,432512.0,2010,611,608,0,0,0,0,0,14.0,22.0,23.0,2010,1.0,1,8,2,8800,88001,1,33,17,16980,0,2.0,1.0,,7,1,54,2.0,1,40,2,,1,1,1,2,57,57,57,1,0,0,1.0,1.0,,40.0,,40.0,,,,,,2.0,3.0,0.0,1,1.0,1.0,1.0,3300.0,1230.76,1.0,,,,,13676.5597,3305.9603,0,0,0.0,0.0,0,0,22207,1,,,3.0,,,,3276.1876,6180.0,9000.0,-1,3.0,,,,,,428278.0,2011,623,608,0,0,0,0,0,14.0,22.0,23.0,2011,MIS4_to_MIS8,illinois,1,2010-2011,1,0,0,0,retention
787380644580921,12,2.0,7,4,2,8800,88001,1,1,33,17,16980,0,2.0,1.0,,7,2,65,,2,42,2,,1,0,0,4,2,57,57,57,1,0,0,2.0,1.0,,40.0,,40.0,,,,,,2.0,3.0,0.0,1,2.0,,1.0,1400.0,560.0,2.0,2.0,,,,10666.3505,2596.599,0,0,1.0,1.0,0,42,65922,1,,,2.0,,,,2579.1456,9370.0,5120.0,-1,,,,,,,432653.0,2010,611,608,0,0,0,0,0,13.0,17.0,51.0,2010,2.0,4,8,2,8800,88001,1,33,17,16980,0,2.0,1.0,,7,1,66,,2,44,2,,1,1,7,2,57,57,57,1,0,0,2.0,1.0,,40.0,,40.0,,,,,,2.0,4.0,0.0,1,2.0,2.0,2.0,,2500.0,2.0,2.0,,,,9213.8676,2896.0347,0,0,1.0,,0,42,22206,1,,,,,,2.0,2855.3071,7860.0,230.0,-1,,,,,,,428411.0,2011,623,608,0,0,0,0,0,18.0,1.0,40.0,2011,MIS4_to_MIS8,illinois,1,2010-2011,0,1,0,1,retention
817289320479107,12,2.0,1,4,2,8800,88001,1,1,33,17,16980,0,2.0,1.0,,7,1,49,2.0,1,43,1,4.0,1,1,1,1,2,57,329,329,1,0,0,2.0,1.0,,40.0,,40.0,,,,,,2.0,3.0,0.0,1,2.0,2.0,2.0,,1250.0,2.0,2.0,,,,11834.8606,2870.4737,0,0,0.0,,0,0,8475,1,,,,2.0,,,2896.2737,6180.0,7000.0,-1,3.0,,,,,,432673.0,2010,611,608,0,0,0,0,0,16.0,20.0,23.0,2010,2.0,1,8,2,8800,88001,1,33,17,16980,0,2.0,1.0,,7,1,50,2.0,1,43,1,4.0,1,1,1,2,57,329,329,1,0,0,2.0,1.0,,40.0,,40.0,,,,,,2.0,4.0,0.0,1,2.0,2.0,2.0,,1923.07,2.0,2.0,,,,11855.5335,2989.7124,1,2,0.0,,0,0,22386,1,,,,2.0,,,2998.1917,6180.0,9000.0,-1,3.0,,,,,,428429.0,2011,623,608,1,0,0,0,1,16.0,22.0,23.0,2011,MIS4_to_MIS8,illinois,1,2010-2011,0,1,0,1,retention
902903951993327,12,1.0,6,4,2,8800,88001,1,1,33,17,16980,111,2.0,1.0,,7,2,51,,1,40,1,,1,0,0,7,2,57,119,119,1,0,0,1.0,1.0,,15.0,,20.0,,,15.0,,,6.0,3.0,0.0,1,2.0,,1.0,880.0,132.0,2.0,2.0,,,,11969.4182,2932.0716,0,0,0.0,0.0,0,0,21902,1,,,1.0,,,,2929.2031,9470.0,3850.0,5620,,,,,,,432736.0,2010,611,608,0,0,0,0,0,12.0,12.0,51.0,2010,1.0,6,8,2,8800,88001,1,33,17,16980,111,2.0,1.0,,7,2,52,,1,40,1,,0,0,7,2,57,119,119,1,0,0,1.0,1.0,,20.0,,40.0,,,15.0,,,8.0,1.0,0.0,1,2.0,,1.0,1530.0,306.0,2.0,2.0,,,,12621.9966,3220.3644,0,0,0.0,0.0,0,0,22502,1,,,1.0,,,,3192.0255,9590.0,3930.0,3850,,,,,,,428495.0,2011,623,608,0,0,0,0,0,12.0,12.0,51.0,2011,MIS4_to_MIS8,illinois,1,2010-2011,0,1,1,0,retention
2201270698698,12,2.0,1,4,2,8800,88001,1,1,33,17,0,0,3.0,2.0,,0,1,46,2.0,1,39,1,,1,1,1,1,2,57,57,57,1,0,0,2.0,1.0,,40.0,,40.0,,,,,,2.0,3.0,0.0,1,1.0,1.0,1.0,1700.0,800.0,1.0,,,,,12719.1866,3105.8862,4,2,0.0,0.0,0,0,65970,1,1.0,,,,,,3112.6894,770.0,6730.0,-1,,,,,,,432789.0,2010,611,608,0,0,0,1,0,12.0,19.0,4.0,2010,2.0,1,8,2,8800,88001,1,33,17,0,0,3.0,2.0,,0,1,46,2.0,1,39,1,,1,1,1,2,57,57,57,1,0,0,2.0,1.0,,40.0,,65.0,,,,,,2.0,3.0,0.0,1,2.0,,1.0,1500.0,600.0,1.0,,,,,12966.9251,3278.9229,4,1,1.0,1.0,0,0,18915,1,1.0,,,,,,3279.2558,770.0,6730.0,205,,,,,,,428545.0,2011,623,608,0,0,0,1,0,12.0,19.0,4.0,2011,MIS4_to_MIS8,illinois,1,2010-2011,1,0,0,0,retention
210709941982193,12,1.0,7,4,2,8800,88001,1,1,33,17,0,0,3.0,2.0,,0,2,50,,2,43,1,,1,0,0,6,2,57,57,57,1,0,0,1.0,1.0,,45.0,,45.0,,,,,,2.0,2.0,0.0,1,2.0,2.0,2.0,,942.3,1.0,,,,,12083.5298,3108.3405,0,0,0.0,,0,0,53909,1,,,,1.0,2.0,,3081.3344,7860.0,2320.0,-1,,,,,,,432829.0,2010,611,608,0,0,0,0,0,17.0,8.0,40.0,2010,1.0,4,8,2,8800,88001,1,33,17,0,0,3.0,2.0,,0,1,51,,2,43,1,,1,1,5,2,57,57,57,1,0,0,1.0,1.0,,55.0,,55.0,,,,,,2.0,3.0,0.0,1,2.0,2.0,2.0,,961.53,1.0,,,,,11029.2693,2873.2872,4,1,0.0,,0,0,52202,1,,,,2.0,,,2858.8531,7860.0,2320.0,-1,,,,,,,428589.0,2011,623,608,0,0,0,1,0,16.0,8.0,40.0,2011,MIS4_to_MIS8,illinois,1,2010-2011,1,0,0,0,retention
271680082909260,12,2.0,1,4,2,8800,88001,1,1,33,17,0,0,3.0,2.0,,0,3,49,1.0,2,39,1,,2,1,2,1,2,57,57,57,1,0,0,1.0,1.0,,37.0,,37.0,,,,,,2.0,2.0,0.0,1,2.0,,1.0,1600.0,592.0,2.0,2.0,,,,10963.9471,2814.7409,4,1,1.0,1.0,0,42,43633,2,1.0,,,,,,2795.8376,9470.0,5700.0,-1,,,,,,,432843.0,2010,611,608,0,0,0,1,0,12.0,17.0,51.0,2010,2.0,1,8,2,8800,88001,1,33,17,0,0,3.0,2.0,,0,3,50,1.0,2,39,1,,1,2,1,2,57,57,57,1,0,0,1.0,1.0,,38.0,,38.0,,,,,,2.0,2.0,0.0,1,2.0,1.0,1.0,1600.0,615.0,2.0,2.0,,,,11029.2693,2873.2872,4,1,1.0,1.0,0,0,35125,2,1.0,,,,,,2858.8531,9470.0,5700.0,-1,,,,,,,428600.0,2011,623,608,0,0,0,1,0,12.0,17.0,51.0,2011,MIS4_to_MIS8,illinois,1,2010-2011,1,0,0,0,retention
84751270981696,12,1.0,1,4,2,8800,88001,1,1,33,17,19500,115,,1.0,,2,1,51,2.0,2,44,1,,1,1,1,1,2,57,57,57,1,0,0,1.0,1.0,,20.0,,20.0,,,17.0,,,7.0,2.0,0.0,1,2.0,1.0,1.0,2800.0,125.0,2.0,2.0,,,,12263.1792,3154.5531,10,3,1.0,1.0,0,0,33819,1,,,,,,2.0,3127.1455,9470.0,2150.0,-1,,,,,,,432915.0,2010,611,608,0,0,1,1,0,18.0,7.0,51.0,2010,1.0,1,8,2,8800,88001,1,33,17,19500,115,,1.0,,2,1,52,2.0,2,44,1,,1,1,1,2,57,57,57,1,0,0,1.0,1.0,,20.0,,20.0,,,15.0,,,6.0,2.0,0.0,1,2.0,1.0,1.0,1200.0,1153.0,2.0,2.0,,,,11373.7767,2963.0365,10,2,1.0,1.0,0,0,55487,1,,,,,,2.0,2948.1515,9470.0,2016.0,-1,,,,,,,428673.0,2011,623,608,0,0,1,1,0,18.0,6.0,51.0,2011,MIS4_to_MIS8,illinois,1,2010-2011,1,0,0,0,retention
196912907065779,12,1.0,1,4,2,8800,88001,1,1,33,17,16580,0,,1.0,,2,1,43,2.0,1,46,10,,1,1,1,1,2,57,57,57,1,0,0,1.0,1.0,,40.0,,40.0,,,,,,2.0,3.0,0.0,1,2.0,2.0,2.0,,961.0,1.0,,,,,12513.5429,3094.0764,2,1,1.0,,0,42,21567,1,,,,,,,3080.8171,7870.0,2200.0,-1,,,,,,,432933.0,2010,611,608,0,1,0,0,1,18.0,8.0,40.0,2010,2.0,1,8,2,8800,88001,1,33,17,16580,0,,1.0,,2,1,44,2.0,1,46,10,,1,1,1,2,57,57,57,1,0,0,2.0,1.0,,40.0,,40.0,,,,,,2.0,3.0,0.0,1,2.0,2.0,2.0,,711.0,2.0,2.0,,,,13389.7213,3323.5906,2,1,1.0,,0,0,52116,1,,,,,,,3307.7113,7870.0,2200.0,-1,,,,,,,428691.0,2011,623,608,0,1,0,0,1,18.0,8.0,40.0,2011,MIS4_to_MIS8,illinois,1,2010-2011,1,0,0,0,retention
502907171996967,12,2.0,1,4,2,8800,88001,1,1,33,17,16580,0,,1.0,,2,1,49,2.0,1,44,1,,1,1,1,1,2,57,57,57,1,0,0,2.0,1.0,,40.0,,40.0,,,,,,2.0,3.0,0.0,1,2.0,2.0,2.0,,961.53,2.0,2.0,,,,12798.6572,3125.2921,0,0,0.0,,0,0,21566,1,,,,,,2.0,3132.1378,7860.0,2000.0,-1,,,,,,,432980.0,2010,611,608,0,0,0,0,0,18.0,6.0,40.0,2010,2.0,1,8,2,8800,88001,1,33,17,16580,0,,1.0,,2,1,50,2.0,1,44,1,,1,1,1,2,57,57,57,1,0,0,2.0,1.0,,40.0,,40.0,,,,,,2.0,3.0,0.0,1,2.0,2.0,2.0,,961.53,1.0,,,,,13167.9427,3359.6566,0,0,0.0,,0,0,18886,1,,,,,,2.0,3330.0919,7860.0,2000.0,-1,,,,,,,428738.0,2011,623,608,0,0,0,0,0,18.0,6.0,40.0,2011,MIS4_to_MIS8,illinois,1,2010-2011,1,0,0,0,retention
502907171996967,12,2.0,1,4,2,8800,88001,1,1,33,17,16580,0,,1.0,,2,4,18,,2,37,1,,3,1,3,7,2,57,57,57,1,0,0,2.0,7.0,,,,,,,,,,1.0,3.0,0.0,2,,,,,,,,1.0,1.0,1.0,16094.6306,3809.0061,0,0,,,0,0,21566,3,,,,,,,3917.1151,8570.0,4620.0,-1,,,,,2.0,1.0,432982.0,2010,611,608,0,0,0,0,0,11.0,15.0,44.0,2010,2.0,1,8,2,8800,88001,1,33,17,16580,0,,1.0,,2,4,19,,2,39,1,,1,3,7,2,57,57,57,1,0,0,2.0,7.0,,,,,,,,,,1.0,3.0,0.0,2,,,,,,,,1.0,1.0,2.0,11600.1544,2890.2105,0,0,,,0,0,18886,3,1.0,,,,,,2897.3904,8570.0,4620.0,-1,,,,,2.0,1.0,428740.0,2011,623,608,0,0,0,0,0,12.0,15.0,44.0,2011,MIS4_to_MIS8,illinois,1,2010-2011,1,0,0,0,retention
725196499700908,12,1.0,6,4,2,8800,88001,1,1,33,17,44100,0,,1.0,,2,2,48,,1,46,1,,1,0,0,7,2,57,57,57,1,0,0,1.0,1.0,,80.0,,80.0,,,,,,2.0,2.0,0.0,1,2.0,2.0,2.0,,2884.61,2.0,2.0,,,,12651.9555,3089.4691,0,0,1.0,,0,0,8618,1,,,,,,,3096.2363,7870.0,3060.0,-1,,,,,,,433010.0,2010,611,608,0,0,0,0,0,18.0,10.0,40.0,2010,1.0,6,8,2,8800,88001,1,33,17,44100,0,,1.0,,2,2,49,,1,46,1,,0,0,7,2,57,57,57,1,0,0,1.0,1.0,,60.0,,60.0,,,,,,2.0,2.0,0.0,1,2.0,2.0,2.0,,2884.61,2.0,2.0,,,,13358.1956,3377.8628,0,0,0.0,,0,0,35156,1,,,,,,,3378.2057,7870.0,3060.0,-1,,,,,,,428784.0,2011,623,608,0,0,0,0,0,18.0,10.0,40.0,2011,MIS4_to_MIS8,illinois,1,2010-2011,1,0,0,0,retention
976047815129860,12,1.0,1,4,2,8800,88001,1,1,33,17,19500,115,,1.0,,2,1,46,2.0,2,42,1,,1,1,1,1,2,57,57,57,1,0,0,1.0,1.0,,40.0,,40.0,,,,,,2.0,3.0,0.0,1,2.0,2.0,2.0,,276.0,2.0,2.0,,,,11126.9514,2856.5884,0,0,1.0,,0,0,8576,1,,,3.0,,,,2837.4042,7270.0,5700.0,-1,,,,,,,433035.0,2010,611,608,0,0,0,0,0,14.0,17.0,36.0,2010,1.0,1,8,2,8800,88001,1,33,17,19500,115,,1.0,,2,1,47,2.0,2,42,1,,1,1,1,2,57,57,57,1,0,0,1.0,1.0,,40.0,,40.0,,,,,,2.0,2.0,0.0,1,2.0,2.0,2.0,,442.3,2.0,2.0,,,,12038.1632,3109.1797,0,0,0.0,,0,0,8818,1,,,3.0,,,,3120.3644,9470.0,5000.0,-1,,,,,,,428815.0,2011,623,608,0,0,0,0,0,14.0,17.0,51.0,2011,MIS4_to_MIS8,illinois,1,2010-2011,1,0,0,0,retention
820191549800768,12,1.0,7,4,2,8800,88001,1,1,32,18,26900,0,1.0,1.0,,5,2,27,,2,39,2,,1,0,0,6,2,57,57,57,1,0,0,1.0,1.0,,37.0,,37.0,,,,,,2.0,2.0,0.0,1,2.0,,1.0,1400.0,518.0,2.0,2.0,,,,10489.2006,2760.5849,0,0,1.0,1.0,0,42,58136,1,2.0,7.0,,,,,2755.3042,9480.0,5250.0,-1,,,,,,,433115.0,2010,611,608,0,0,0,0,0,11.0,17.0,51.0,2010,1.0,7,8,2,8800,88001,1,32,18,26900,0,1.0,1.0,,5,2,28,,2,39,2,,0,0,6,2,57,57,57,1,0,0,1.0,1.0,,38.0,,38.0,,,,,,2.0,4.0,0.0,1,2.0,,1.0,725.0,275.5,2.0,2.0,,,,16013.4984,4044.0813,0,0,1.0,1.0,0,0,63469,1,2.0,7.0,,,,,4207.0074,7580.0,5250.0,-1,,,,,,,428889.0,2011,623,608,0,0,0,0,0,11.0,17.0,38.0,2011,MIS4_to_MIS8,indiana,0,2010-2011,0,1,0,1,retention
971078869129990,12,1.0,3,4,2,8800,88001,1,1,32,18,16980,0,2.0,1.0,,7,1,40,,1,39,1,,1,1,1,7,2,57,57,57,1,0,0,1.0,1.0,,40.0,,60.0,,,,,,2.0,3.0,0.0,1,1.0,,1.0,2459.0,1168.6,2.0,1.0,,,,14674.5003,3606.2781,0,0,0.0,0.0,0,0,50658,1,2.0,5.0,,,,,3612.8419,7860.0,7210.0,-1,,,,,,,433327.0,2010,611,608,0,0,0,0,0,9.0,20.0,40.0,2010,1.0,6,8,2,8800,88001,1,32,18,16980,0,2.0,1.0,,7,2,41,,1,39,1,,0,0,7,2,57,57,57,1,0,0,1.0,1.0,,40.0,,60.0,,,,,,2.0,3.0,0.0,1,1.0,,1.0,2600.0,1196.0,1.0,,,,,12980.5395,3224.4428,0,0,0.0,0.0,0,0,55534,1,2.0,5.0,,,,,3206.6297,7860.0,7340.0,-1,,,,,,,429110.0,2011,623,608,0,0,0,0,0,9.0,20.0,40.0,2011,MIS4_to_MIS8,indiana,0,2010-2011,1,0,0,0,retention
197902707027839,12,1.0,1,4,2,8800,88001,1,1,32,18,0,0,3.0,2.0,,0,1,33,2.0,1,40,1,,1,1,1,1,2,57,57,57,1,0,0,1.0,1.0,,72.0,,84.0,,,,,,2.0,3.0,0.0,1,2.0,2.0,2.0,,711.53,1.0,,,,,15316.8643,3861.7516,2,3,0.0,,0,0,22058,1,,,3.0,,,,3816.6954,9470.0,3740.0,9110,,,,,,,433360.0,2010,611,608,0,1,0,0,1,14.0,12.0,51.0,2010,1.0,1,8,2,8800,88001,1,32,18,0,0,3.0,2.0,,0,1,34,2.0,1,40,1,,1,1,1,2,57,57,57,1,0,0,1.0,1.0,,72.0,,72.0,,,,,,2.0,3.0,0.0,1,1.0,2.0,2.0,,730.76,1.0,,,,,13471.5425,3314.7838,8,3,0.0,,0,0,22639,1,,,3.0,,,,3294.1953,9470.0,3740.0,3600,,,,,,,429137.0,2011,623,608,0,1,1,0,1,14.0,12.0,51.0,2011,MIS4_to_MIS8,indiana,0,2010-2011,1,0,0,0,retention
210809939185499,12,2.0,4,4,2,8800,88001,1,1,32,18,0,0,3.0,2.0,,0,1,33,,2,39,1,,1,1,1,7,2,57,57,57,1,0,0,2.0,1.0,,28.0,,28.0,,,22.0,,,7.0,3.0,0.0,1,2.0,2.0,2.0,,250.0,2.0,2.0,,,,14054.2695,3570.3191,4,1,1.0,,0,0,53952,1,1.0,,,,,,3564.336,7860.0,4020.0,-1,,,,,,,433379.0,2010,611,608,0,0,0,1,0,12.0,13.0,40.0,2010,1.0,4,8,2,8800,88001,1,32,18,0,0,3.0,2.0,,0,1,33,,2,39,1,,1,1,7,2,57,57,57,1,0,0,1.0,1.0,,30.0,,30.0,,,22.0,,,7.0,3.0,0.0,1,2.0,,1.0,919.0,275.7,2.0,2.0,,,,13592.9328,3391.7384,4,1,0.0,0.0,0,0,8891,1,1.0,,,,,,3361.665,7860.0,4130.0,-1,,,,,,,429156.0,2011,623,608,0,0,0,1,0,12.0,13.0,40.0,2011,MIS4_to_MIS8,indiana,0,2010-2011,1,0,0,0,retention
210809984019297,12,2.0,1,4,2,8800,88001,1,1,32,18,0,0,3.0,2.0,,0,1,30,2.0,2,39,1,,1,1,1,1,2,57,57,57,1,0,0,2.0,1.0,,37.0,,37.0,,,,,,2.0,3.0,0.0,1,2.0,,1.0,1080.0,399.6,2.0,2.0,,,,14054.2695,3570.3191,3,1,1.0,1.0,0,42,50671,1,1.0,,,,,,3564.336,7860.0,4030.0,-1,,,,,,,433391.0,2010,611,608,0,0,1,0,0,12.0,13.0,40.0,2010,2.0,1,8,2,8800,88001,1,32,18,0,0,3.0,2.0,,0,1,31,2.0,2,39,1,,1,1,1,2,57,57,57,1,0,0,2.0,1.0,,37.0,,37.0,,,,,,2.0,3.0,0.0,1,1.0,,1.0,213.0,263.81,2.0,2.0,,,,13592.9328,3391.7384,3,1,1.0,1.0,0,42,66424,1,1.0,,,,,,3361.665,7860.0,4120.0,-1,,,,,,,429168.0,2011,623,608,0,0,1,0,0,12.0,13.0,40.0,2011,MIS4_to_MIS8,indiana,0,2010-2011,1,0,0,0,retention
302902451990858,12,1.0,1,4,2,8800,88001,1,1,32,18,0,0,3.0,2.0,,0,1,58,2.0,1,39,1,,1,1,1,1,2,57,57,57,1,0,0,1.0,1.0,,40.0,,40.0,,,,,,2.0,3.0,0.0,1,2.0,,1.0,1984.0,793.6,2.0,2.0,,,,10426.8314,2676.113,0,0,0.0,0.0,0,0,53970,1,1.0,,,,,,2681.2651,9470.0,3700.0,-1,,,,,,,433406.0,2010,611,608,0,0,0,0,0,12.0,12.0,51.0,2010,2.0,1,8,2,8800,88001,1,32,18,0,0,3.0,2.0,,0,3,59,2.0,1,40,1,,1,2,1,2,57,57,57,1,0,0,2.0,1.0,,40.0,,41.0,,,,,,2.0,2.0,0.0,1,2.0,1.0,1.0,1800.0,865.38,2.0,2.0,,,,12273.7261,3171.1246,0,0,0.0,1.0,0,0,4895,1,,,1.0,,,,3174.1695,9470.0,3710.0,-1,,,,,,,429190.0,2011,623,608,0,0,0,0,0,12.0,12.0,51.0,2011,MIS4_to_MIS8,indiana,0,2010-2011,1,0,0,0,retention
702903071992778,12,1.0,7,4,2,8800,88001,1,1,32,18,0,0,3.0,2.0,,0,2,57,,2,39,1,,1,0,0,4,2,57,57,57,1,0,0,1.0,1.0,,40.0,,55.0,,,,,,2.0,3.0,0.0,1,2.0,1.0,1.0,1400.0,500.0,2.0,2.0,,,,11365.9405,2753.7224,0,0,0.0,0.0,0,0,18338,1,1.0,,,,,,2758.8701,7860.0,5700.0,5700,,,,,,,433440.0,2010,611,608,0,0,0,0,0,12.0,17.0,40.0,2010,1.0,7,8,2,8800,88001,1,32,18,0,0,3.0,2.0,,0,2,58,,2,39,1,,0,0,4,2,57,57,57,1,0,0,1.0,1.0,,40.0,,49.0,,,,,,2.0,3.0,0.0,1,2.0,1.0,1.0,1400.0,403.84,2.0,2.0,,,,10418.1568,2709.9453,0,0,0.0,0.0,0,0,52279,1,1.0,,,,,,2682.0159,7860.0,5700.0,410,,,,,,,429227.0,2011,623,608,0,0,0,0,0,12.0,17.0,40.0,2011,MIS4_to_MIS8,indiana,0,2010-2011,1,0,0,0,retention
602902641995518,12,2.0,1,4,2,8800,88001,1,1,32,18,11300,95,,1.0,,2,3,59,1.0,2,45,2,,2,1,2,1,2,57,57,57,1,0,0,,1.0,,40.0,,40.0,,,,,,2.0,2.0,0.0,1,2.0,,1.0,3365.0,1346.0,2.0,2.0,,,,9806.6715,2751.2658,0,0,1.0,1.0,0,41,22150,2,,,,,,,2743.983,7870.0,5930.0,-1,,,,,,,433528.0,2010,611,608,0,0,0,0,0,18.0,17.0,40.0,2010,2.0,1,8,2,8800,88001,1,32,18,11300,95,,1.0,,2,3,60,1.0,2,45,2,,1,2,1,2,57,57,57,1,0,0,1.0,1.0,,37.0,,37.0,,,,,,2.0,4.0,0.0,1,2.0,2.0,2.0,,1115.0,2.0,2.0,,,,14416.5236,3421.4475,0,0,1.0,,0,42,8940,2,,,,,,,3370.8464,7970.0,5860.0,-1,,,,,,,429316.0,2011,623,608,0,0,0,0,0,18.0,17.0,42.0,2011,MIS4_to_MIS8,indiana,0,2010-2011,0,1,0,1,retention
230609872548391,12,1.0,7,4,2,8800,88001,1,1,21,36,35620,47,1.0,1.0,,7,2,61,,2,39,2,,1,0,0,7,2,57,57,57,1,0,0,1.0,1.0,,40.0,,40.0,,,,,,2.0,3.0,0.0,1,2.0,2.0,2.0,,400.0,1.0,,,,,18269.8461,3081.7465,0,0,0.0,,0,0,47986,1,1.0,,,,,,3175.6055,7070.0,410.0,-1,,,,,,,444476.0,2010,611,608,0,0,0,0,0,12.0,1.0,34.0,2010,1.0,7,8,2,8800,88001,1,21,36,35620,47,1.0,1.0,,7,2,62,,2,39,2,,0,0,7,2,57,57,57,1,0,0,1.0,1.0,,40.0,,40.0,,,,,,2.0,3.0,0.0,1,2.0,2.0,2.0,,515.0,1.0,,,,,12764.8852,3003.4392,0,0,1.0,,0,0,14779,1,1.0,,,,,,2984.6632,8370.0,2025.0,-1,,,,,,,440360.0,2011,623,608,0,0,0,0,0,12.0,6.0,43.0,2011,MIS4_to_MIS8,new_york,0,2010-2011,1,0,0,0,retention
230609989045095,12,1.0,4,4,2,8800,88001,1,1,21,36,35620,47,1.0,1.0,,7,4,35,,2,44,1,,2,1,3,7,2,57,57,57,1,0,0,2.0,2.0,8.0,35.0,,,,,,,,5.0,3.0,0.0,1,2.0,2.0,2.0,,1153.84,1.0,,,,,13276.8462,3270.7619,0,0,0.0,,0,0,61291,2,,,,,,3.0,3358.9938,7860.0,2330.0,-1,,,,,1.0,,444516.0,2010,611,608,0,0,0,0,0,18.0,8.0,40.0,2010,1.0,4,8,2,8800,88001,1,21,36,35620,47,1.0,1.0,,7,4,36,,2,44,1,,1,3,7,2,57,57,57,1,0,0,2.0,7.0,,,,,,,,,,1.0,,,2,,,,,,,,,,,13342.0758,3356.7841,0,0,,,0,0,1732,2,,,,,,3.0,3269.1543,,,-1,,,,,1.0,,440407.0,2011,623,608,0,0,0,0,0,18.0,,,2011,MIS4_to_MIS8,new_york,0,2010-2011,0,1,0,0,retention
396942702067674,12,1.0,4,4,2,8800,88001,1,1,21,36,35620,47,1.0,1.0,,7,4,31,2.0,1,41,2,,3,2,1,1,2,301,333,333,4,0,7,2.0,1.0,,40.0,,40.0,,,,,,2.0,3.0,0.0,1,2.0,,1.0,1500.0,600.0,1.0,,,,,18737.6474,4618.9052,3,2,0.0,0.0,0,0,42101,3,,,3.0,,,,4796.0372,6180.0,9140.0,-1,,,,,1.0,,444609.0,2010,611,608,0,0,1,0,0,14.0,22.0,23.0,2010,2.0,4,8,2,8800,88001,1,21,36,35620,47,1.0,1.0,,7,4,32,2.0,1,39,2,,2,1,1,2,301,333,333,4,0,7,,1.0,,40.0,,40.0,,,,,,2.0,7.0,0.0,2,,,,,,,,,,,15883.5934,4749.4207,3,2,,,21,0,19366,3,1.0,,,,,,4737.6546,6290.0,9140.0,-1,,,,,1.0,,440511.0,2011,623,608,0,0,1,0,0,12.0,22.0,23.0,2011,MIS4_to_MIS8,new_york,0,2010-2011,0,1,0,1,retention
426398809600919,12,1.0,6,4,2,8800,88001,1,1,21,36,35620,81,1.0,1.0,,7,2,73,,1,46,1,,1,0,0,5,2,57,120,57,1,0,0,1.0,1.0,,17.0,,17.0,,,21.0,,,7.0,2.0,0.0,1,2.0,,1.0,9999.0,1699.83,2.0,2.0,,,,10888.4841,2808.9653,0,0,1.0,1.0,0,0,1997,1,,,,,,,2848.566,7870.0,2200.0,-1,5.0,,,,,,444653.0,2010,611,608,0,0,0,0,0,18.0,8.0,40.0,2010,1.0,6,8,2,8800,88001,1,21,36,35620,81,1.0,1.0,,7,2,74,,1,46,1,,0,0,5,2,57,120,57,1,0,0,1.0,1.0,,8.0,,14.0,,,22.0,,,7.0,3.0,0.0,1,2.0,1.0,1.0,7500.0,466.66,1.0,,,,,10849.5044,2841.4231,0,0,0.0,1.0,0,0,5694,1,,,,,,,2776.3409,7870.0,2200.0,2200,5.0,,,,,,440562.0,2011,623,608,0,0,0,0,0,18.0,8.0,40.0,2011,MIS4_to_MIS8,new_york,0,2010-2011,1,0,0,0,retention
429391649600920,12,1.0,1,4,2,8800,88001,1,1,21,36,15380,0,1.0,1.0,1.0,5,3,52,1.0,2,44,2,,2,1,2,1,2,57,57,57,1,0,0,2.0,1.0,,40.0,,40.0,,,,,,2.0,2.0,0.0,1,2.0,2.0,2.0,,600.0,1.0,,,,,13086.6436,3129.7092,0,0,0.0,,0,42,28349,2,,,,,,2.0,3191.5989,7860.0,2340.0,-1,3.0,,,,,,444656.0,2010,611,608,0,0,0,0,0,18.0,8.0,40.0,2010,1.0,1,8,2,8800,88001,1,21,36,15380,0,1.0,1.0,1.0,5,3,53,1.0,2,44,2,,1,2,1,2,57,57,57,1,0,0,2.0,1.0,,40.0,,40.0,,,,,,2.0,3.0,0.0,1,2.0,1.0,1.0,1100.0,931.81,1.0,,,,,12892.9008,3174.8946,0,0,0.0,0.0,0,0,14716,2,,,,,,2.0,3172.7281,7860.0,2330.0,-1,3.0,,,,,,440569.0,2011,623,608,0,0,0,0,0,18.0,8.0,40.0,2011,MIS4_to_MIS8,new_york,0,2010-2011,1,0,0,0,retention
463089062904491,12,1.0,4,4,2,8800,88001,1,1,21,36,35620,5,1.0,1.0,,7,1,30,,2,44,2,,1,1,1,7,2,333,333,333,4,0,15,1.0,1.0,,40.0,,40.0,,,,,,2.0,3.0,0.0,1,2.0,2.0,2.0,,700.0,1.0,,,,,11347.0974,2876.8784,3,2,1.0,,0,42,61258,1,,,,,,3.0,2980.6566,6770.0,2430.0,-1,,,,,,,444660.0,2010,611,608,0,0,1,0,0,18.0,8.0,31.0,2010,1.0,4,8,2,8800,88001,1,21,36,35620,5,1.0,1.0,,7,1,31,,2,43,2,,1,1,7,2,333,333,333,4,0,15,1.0,1.0,,40.0,,40.0,,,,,,2.0,3.0,0.0,1,2.0,2.0,2.0,,1015.0,2.0,2.0,,,,13522.4356,3421.6553,3,2,1.0,,0,42,14645,1,,,,2.0,,,3552.5646,6770.0,2430.0,-1,,,,,,,440570.0,2011,623,608,0,0,1,0,0,16.0,8.0,31.0,2011,MIS4_to_MIS8,new_york,0,2010-2011,1,0,0,0,retention
563915042902892,12,1.0,1,4,2,8800,88001,1,1,21,36,35620,47,1.0,1.0,,7,3,57,1.0,2,44,1,,2,1,2,1,2,57,164,120,1,0,0,2.0,1.0,,37.0,,37.0,,,,,,2.0,3.0,0.0,1,2.0,2.0,2.0,,1923.07,1.0,,,,,10827.859,2539.0812,0,0,0.0,,0,42,28400,2,,,,,,3.0,2628.2608,7860.0,2310.0,-1,,,,,,,444715.0,2010,611,608,0,0,0,0,0,18.0,8.0,40.0,2010,1.0,1,8,2,8800,88001,1,21,36,35620,47,1.0,1.0,,7,3,58,1.0,2,44,1,,1,2,1,2,57,164,120,1,0,0,2.0,1.0,,40.0,,40.0,,,,,,2.0,3.0,0.0,1,2.0,2.0,2.0,,2115.38,1.0,,,,,11886.4728,3065.3159,0,0,0.0,,0,0,5650,2,,,,,,3.0,3060.0144,7860.0,2320.0,-1,,,,,,,440610.0,2011,623,608,0,0,0,0,0,18.0,8.0,40.0,2011,MIS4_to_MIS8,new_york,0,2010-2011,1,0,0,0,retention
619170798680923,12,2.0,7,4,2,8800,88001,1,1,21,36,35620,61,1.0,1.0,,7,2,24,,2,45,1,1.0,2,0,0,7,2,57,303,303,1,0,0,1.0,1.0,,35.0,,35.0,,,,,,2.0,3.0,0.0,1,2.0,2.0,2.0,,769.0,1.0,,2.0,,,15144.0693,3852.7087,0,0,1.0,,0,42,48034,2,,,,,,,3847.3821,7860.0,2320.0,-1,,,,,,,444749.0,2010,611,608,0,0,0,0,0,18.0,8.0,40.0,2010,2.0,7,8,2,8800,88001,1,21,36,35620,61,1.0,1.0,,7,2,25,,2,45,1,1.0,0,0,7,2,57,303,303,1,0,0,1.0,1.0,,40.0,,40.0,,,,,,2.0,3.0,0.0,1,2.0,2.0,2.0,,1300.0,1.0,,,,,11650.1851,2862.026,0,0,0.0,,0,0,5677,2,,,,,,,2881.2045,7860.0,2310.0,-1,,,,,,,440659.0,2011,623,608,0,0,0,0,0,18.0,8.0,40.0,2011,MIS4_to_MIS8,new_york,0,2010-2011,1,0,0,0,retention
639520784430923,12,1.0,4,4,0,8800,88002,2,2,21,36,35620,61,1.0,1.0,,7,4,35,,1,39,2,,2,1,3,7,2,57,57,57,1,0,0,2.0,1.0,,40.0,,40.0,,,,,,2.0,2.0,0.0,1,2.0,,1.0,2300.0,920.0,1.0,,,,,14004.328,3533.5571,0,0,1.0,1.0,0,42,39771,2,1.0,,,,,,3650.7776,9470.0,9140.0,-1,,,,,1.0,,444791.0,2010,611,608,0,0,0,0,0,12.0,22.0,51.0,2010,1.0,4,8,2,8800,88002,2,21,36,35620,61,1.0,1.0,,7,4,36,,1,39,2,,1,3,7,2,57,57,57,1,0,0,2.0,1.0,,40.0,,40.0,,,,,,2.0,2.0,0.0,1,2.0,,1.0,1900.0,760.0,1.0,,,,,11487.6583,3002.707,0,0,1.0,1.0,0,42,49580,2,1.0,,,,,,2982.4594,9470.0,5860.0,-1,,,,,1.0,,440690.0,2011,623,608,0,0,0,0,0,12.0,17.0,51.0,2011,MIS4_to_MIS8,new_york,0,2010-2011,1,0,0,0,retention
688890045500923,12,1.0,4,4,2,8800,88001,1,1,21,36,35620,47,1.0,1.0,,7,1,47,,2,38,2,,1,1,1,7,2,57,57,57,1,0,0,1.0,2.0,14.0,40.0,,,,,,,,5.0,3.0,0.0,1,2.0,1.0,1.0,1300.0,425.0,1.0,,,,,12250.7511,2899.4332,4,1,0.0,0.0,0,0,14208,1,,,,,,,2987.7396,9470.0,5140.0,-1,,,,,,,444832.0,2010,611,608,0,0,0,1,0,12.0,17.0,51.0,2010,1.0,4,8,2,8800,88001,1,21,36,35620,47,1.0,1.0,,7,1,48,,2,39,2,,1,1,7,2,57,57,57,1,0,0,1.0,1.0,,25.0,,25.0,,,18.0,,,7.0,3.0,0.0,1,2.0,1.0,1.0,1288.0,350.0,1.0,,,,,11881.0041,2942.1098,4,1,0.0,0.0,0,0,1724,1,2.0,8.0,,,,,2923.7171,9470.0,3940.0,-1,,,,,,,440729.0,2011,623,608,0,0,0,1,0,12.0,12.0,51.0,2011,MIS4_to_MIS8,new_york,0,2010-2011,1,0,0,0,retention
816469920309301,12,1.0,7,4,2,8800,88001,1,1,21,36,35620,5,1.0,1.0,,7,2,64,,2,39,1,2.0,1,0,0,5,2,73,73,73,2,0,2,1.0,1.0,,35.0,5.0,33.0,,,5.0,,,4.0,2.0,0.0,1,2.0,1.0,1.0,1682.0,505.0,1.0,,,,,14034.9401,3396.4006,0,0,0.0,1.0,0,0,5598,1,1.0,,,,,,3473.6288,9480.0,5860.0,-1,,,,,,,444887.0,2010,611,608,0,0,0,0,0,12.0,17.0,51.0,2010,1.0,7,8,2,8800,88001,1,21,36,35620,5,1.0,1.0,,7,2,65,,2,39,1,2.0,0,0,5,2,73,73,73,2,0,2,1.0,1.0,,35.0,,35.0,,,,,,2.0,3.0,0.0,1,2.0,1.0,1.0,900.0,673.07,1.0,,,,,12465.4649,3279.4866,0,0,0.0,1.0,0,0,14649,1,1.0,,,,,,3152.2036,9480.0,5860.0,-1,,,,,,,440782.0,2011,623,608,0,0,0,0,0,12.0,17.0,51.0,2011,MIS4_to_MIS8,new_york,0,2010-2011,1,0,0,0,retention
825394599600900,12,1.0,1,4,2,8800,88001,1,1,21,36,35620,47,1.0,1.0,,7,3,27,1.0,2,44,1,,2,1,2,1,2,57,57,57,1,0,0,2.0,1.0,,40.0,,40.0,,,,,,2.0,3.0,0.0,1,2.0,2.0,2.0,,1250.0,1.0,,,,,14801.206,3631.0808,0,0,0.0,,0,0,47989,2,,,,,,3.0,3753.7683,7860.0,2300.0,-1,,,,,,,444889.0,2010,611,608,0,0,0,0,0,18.0,8.0,40.0,2010,1.0,1,8,2,8800,88001,1,21,36,35620,47,1.0,1.0,,7,3,28,1.0,2,44,1,,1,2,1,2,57,57,57,1,0,0,2.0,1.0,,35.0,,35.0,,,,,,2.0,3.0,0.0,1,2.0,2.0,2.0,,923.07,1.0,,,,,13469.978,3290.6961,0,0,0.0,,0,0,56445,2,,,,,,3.0,3331.2571,7860.0,2300.0,-1,,,,,,,440784.0,2011,623,608,0,0,0,0,0,18.0,8.0,40.0,2011,MIS4_to_MIS8,new_york,0,2010-2011,1,0,0,0,retention
896849020999303,12,1.0,6,4,2,8800,88001,1,1,21,36,15380,0,1.0,1.0,,5,2,22,,1,43,1,,1,0,0,7,2,57,57,57,1,0,0,1.0,1.0,,25.0,,25.0,,,20.0,,,7.0,2.0,0.0,1,2.0,2.0,2.0,,480.76,1.0,,1.0,1.0,2.0,16514.8969,4074.2947,0,0,0.0,,0,0,18809,1,,,,1.0,2.0,,4154.4653,7870.0,2200.0,-1,,,,,,,444931.0,2010,611,608,0,0,0,0,0,17.0,8.0,40.0,2010,1.0,6,8,2,8800,88001,1,21,36,15380,0,1.0,1.0,,5,2,23,,1,43,1,,0,0,7,2,57,57,57,1,0,0,1.0,1.0,,25.0,,25.0,,,20.0,,,7.0,2.0,0.0,1,2.0,2.0,2.0,,276.92,2.0,2.0,1.0,1.0,2.0,19553.0574,4949.1463,0,0,0.0,,0,0,14714,1,,,,1.0,1.0,,4981.8255,7870.0,2200.0,-1,,,,,,,440831.0,2011,623,608,0,0,0,0,0,18.0,8.0,40.0,2011,MIS4_to_MIS8,new_york,0,2010-2011,1,0,0,0,retention
900056033329000,12,1.0,6,4,2,8800,88001,1,1,21,36,35620,81,1.0,1.0,,7,2,63,,1,40,2,,1,0,0,5,2,57,57,57,1,0,0,1.0,1.0,,45.0,,45.0,,,,,,2.0,2.0,0.0,1,1.0,,1.0,3000.0,1350.0,1.0,,,,,13353.6128,3710.8532,0,0,0.0,0.0,0,0,1989,1,,,3.0,,,,3787.2189,6080.0,9240.0,-1,,,,,,,444932.0,2010,611,608,0,0,0,0,0,14.0,22.0,23.0,2010,1.0,6,8,2,8800,88001,1,21,36,35620,81,1.0,1.0,,7,2,64,,1,40,2,,0,0,5,2,57,57,57,1,0,0,1.0,1.0,,40.0,,47.0,,,,,,2.0,3.0,0.0,1,2.0,1.0,1.0,2700.0,1100.0,1.0,,,,,16248.5822,3614.8431,0,0,0.0,0.0,0,0,1932,1,,,2.0,,,,3610.6717,6180.0,9415.0,-1,,,,,,,440832.0,2011,623,608,0,0,0,0,0,13.0,22.0,23.0,2011,MIS4_to_MIS8,new_york,0,2010-2011,1,0,0,0,retention
972026527329160,12,1.0,4,4,2,8800,88001,1,1,21,36,35620,5,1.0,1.0,,7,1,29,,2,40,2,,1,1,1,7,2,57,57,57,1,0,0,1.0,1.0,,32.0,,32.0,,,14.0,,,6.0,3.0,0.0,1,2.0,,1.0,1116.0,357.12,2.0,2.0,,,,12712.9153,3238.345,8,2,0.0,0.0,0,0,61259,1,,,2.0,,,,3339.4298,8290.0,4600.0,-1,,,,,,,445016.0,2010,611,608,0,1,1,0,1,13.0,15.0,42.0,2010,1.0,4,8,2,8800,88001,1,21,36,35620,5,1.0,1.0,,7,1,30,,2,40,2,,1,1,7,2,57,57,57,1,0,0,1.0,1.0,,32.0,,32.0,,,20.0,,,7.0,4.0,0.0,1,2.0,,1.0,1160.0,371.2,2.0,2.0,,,,13522.4356,3421.6553,8,2,0.0,0.0,0,0,41077,1,,,3.0,,,,3552.5646,8290.0,4600.0,-1,,,,,,,440937.0,2011,623,608,0,1,1,0,1,14.0,15.0,42.0,2011,MIS4_to_MIS8,new_york,0,2010-2011,0,1,0,1,retention
33893260982699,12,1.0,1,4,2,8800,88001,1,1,21,36,35620,103,2.0,1.0,,7,1,34,2.0,2,44,1,,1,1,1,1,2,57,57,57,1,0,0,1.0,1.0,,35.0,,35.0,,,,,,2.0,2.0,0.0,1,2.0,1.0,1.0,2800.0,807.0,1.0,,,,,13340.0396,3314.3658,1,1,1.0,1.0,0,0,28638,1,,,,,,3.0,3383.1985,7860.0,2310.0,-1,,,,,,,445077.0,2010,611,608,1,0,0,0,1,18.0,8.0,40.0,2010,1.0,1,8,2,8800,88001,1,21,36,35620,103,2.0,1.0,,7,1,35,2.0,2,44,1,,1,1,1,2,57,57,57,1,0,0,1.0,1.0,,40.0,,40.0,,,,,,2.0,3.0,0.0,1,2.0,2.0,2.0,,1000.0,1.0,,,,,15203.9166,3673.0229,1,1,0.0,,0,0,49653,1,,,,,,3.0,3741.4158,7860.0,2310.0,-1,,,,,,,441002.0,2011,623,608,1,0,0,0,1,18.0,8.0,40.0,2011,MIS4_to_MIS8,new_york,0,2010-2011,1,0,0,0,retention
63901092902091,12,2.0,1,4,2,8800,88001,1,1,21,36,35620,59,2.0,1.0,,7,1,46,2.0,1,43,2,,1,1,1,1,2,328,328,328,4,0,7,2.0,1.0,,40.0,,40.0,,,,,,2.0,3.0,0.0,1,2.0,2.0,2.0,,1442.0,2.0,2.0,,,,13291.3323,3077.5825,8,2,1.0,,0,0,28467,1,,,,2.0,,,3108.3579,9480.0,20.0,-1,,,,,,,445115.0,2010,611,608,0,1,1,0,1,16.0,1.0,51.0,2010,2.0,1,8,2,8800,88001,1,21,36,35620,59,2.0,1.0,,7,1,47,2.0,1,43,2,,1,1,1,2,328,328,328,4,0,7,2.0,1.0,,40.0,,40.0,,,,,,2.0,3.0,0.0,1,2.0,2.0,2.0,,1884.0,2.0,2.0,,,,11679.5312,2785.4265,9,2,1.0,,0,0,14883,1,,,,2.0,,,2797.8041,9480.0,20.0,-1,,,,,,,441032.0,2011,623,608,0,1,0,1,1,16.0,1.0,51.0,2011,MIS4_to_MIS8,new_york,0,2010-2011,1,0,0,0,retention
63901092902091,12,2.0,1,4,2,8800,88001,1,1,21,36,35620,59,2.0,1.0,,7,3,45,1.0,2,44,2,,2,1,2,1,2,368,368,368,4,0,8,1.0,1.0,,40.0,,40.0,,,,,,2.0,3.0,0.0,1,2.0,2.0,2.0,,600.0,2.0,2.0,,,,13232.9375,3164.6958,8,2,1.0,,0,0,28467,2,,,,,,3.0,3227.2773,8370.0,2010.0,-1,,,,,,,445116.0,2010,611,608,0,1,1,0,1,18.0,6.0,43.0,2010,2.0,1,8,2,8800,88001,1,21,36,35620,59,2.0,1.0,,7,3,46,1.0,2,44,2,,1,2,1,2,368,368,368,4,0,8,1.0,1.0,,40.0,,40.0,,,,,,2.0,1.0,0.0,1,2.0,2.0,2.0,,931.0,2.0,2.0,,,,11370.4317,2799.9845,9,2,1.0,,0,0,14883,2,,,,,,3.0,2798.0738,8370.0,2010.0,-1,,,,,,,441033.0,2011,623,608,0,1,0,1,1,18.0,6.0,43.0,2011,MIS4_to_MIS8,new_york,0,2010-2011,0,1,1,0,retention
110163006932250,12,1.0,1,4,2,8800,88001,1,1,21,36,35620,59,2.0,1.0,,7,1,31,2.0,2,44,1,,1,1,1,1,2,127,127,127,5,0,19,1.0,1.0,,36.0,,36.0,,,,,,2.0,3.0,0.0,1,2.0,2.0,2.0,,769.0,1.0,,,,,13340.0396,3314.3658,1,1,1.0,,0,42,54961,1,,,,,,1.0,3383.1985,7860.0,2310.0,-1,,,,,,,445140.0,2010,611,608,1,0,0,0,1,17.0,8.0,40.0,2010,1.0,1,8,2,8800,88001,1,21,36,35620,59,2.0,1.0,,7,1,32,2.0,2,44,1,,1,1,1,2,127,127,127,5,0,19,1.0,1.0,,40.0,,40.0,,,,,,2.0,4.0,0.0,1,2.0,2.0,2.0,,769.0,2.0,2.0,,,,13675.0232,3364.0528,2,1,1.0,,0,0,60305,1,,,,,,1.0,3381.9668,7860.0,2310.0,-1,,,,,,,441057.0,2011,623,608,0,1,0,0,1,17.0,8.0,40.0,2011,MIS4_to_MIS8,new_york,0,2010-2011,0,1,0,1,retention
163387052904798,12,1.0,4,4,2,8800,88001,1,1,21,36,35620,59,2.0,1.0,,7,4,36,,1,43,1,,2,1,3,7,2,57,57,57,1,0,0,2.0,1.0,,40.0,,40.0,,,,,,2.0,3.0,0.0,1,1.0,2.0,2.0,,1250.0,2.0,2.0,,,,14745.1335,3566.6253,0,0,0.0,,0,0,28468,2,,,,2.0,,,3630.2317,9470.0,3850.0,-1,,,,,1.0,,445157.0,2010,611,608,0,0,0,0,0,16.0,12.0,51.0,2010,1.0,4,8,2,8800,88001,1,21,36,35620,59,2.0,1.0,,7,4,37,,1,43,1,,1,3,7,2,57,57,57,1,0,0,2.0,1.0,,40.0,,40.0,,,,,,2.0,3.0,0.0,1,2.0,2.0,2.0,,1250.0,1.0,,,,,18374.4661,4462.4288,0,0,0.0,,0,0,29768,2,,,,2.0,,,4539.1109,9470.0,3850.0,-1,,,,,1.0,,441084.0,2011,623,608,0,0,0,0,0,16.0,12.0,51.0,2011,MIS4_to_MIS8,new_york,0,2010-2011,1,0,0,0,retention
230609958831747,12,1.0,1,4,2,8800,88001,1,1,21,36,35620,59,2.0,1.0,,7,3,51,1.0,1,40,1,,2,1,2,1,2,57,57,57,1,0,0,2.0,1.0,,40.0,,40.0,,,,,,2.0,3.0,0.0,1,2.0,1.0,1.0,1700.0,1250.0,1.0,,,,,14370.9937,3428.9013,4,1,0.0,1.0,0,0,48021,2,,,2.0,,,,3516.9261,6180.0,9620.0,-1,,,,,,,445201.0,2010,611,608,0,0,0,1,0,13.0,22.0,23.0,2010,1.0,1,8,2,8800,88001,1,21,36,35620,59,2.0,1.0,,7,3,52,1.0,1,40,1,,1,2,1,2,57,57,57,1,0,0,2.0,1.0,,40.0,,40.0,,,,,,2.0,3.0,0.0,1,2.0,1.0,1.0,1700.0,1346.15,1.0,,,,,11742.2362,2955.7881,0,0,0.0,1.0,0,0,62454,2,,,1.0,,,,2969.5395,6180.0,9620.0,-1,,,,,,,441119.0,2011,623,608,0,0,0,0,0,12.0,22.0,23.0,2011,MIS4_to_MIS8,new_york,0,2010-2011,1,0,0,0,retention
230609958831747,12,1.0,1,4,2,8800,88001,1,1,21,36,35620,59,2.0,1.0,,7,4,17,,1,37,1,,4,1,3,7,2,57,57,57,1,0,0,2.0,1.0,,20.0,,20.0,,,20.0,,,7.0,3.0,0.0,1,2.0,,1.0,750.0,150.0,2.0,2.0,1.0,1.0,1.0,14770.8784,3813.6954,0,0,0.0,0.0,0,0,48021,4,,,,,,,3948.9777,6770.0,2440.0,-1,,,,,1.0,1.0,445202.0,2010,611,608,0,0,0,0,0,11.0,8.0,31.0,2010,1.0,1,8,2,8800,88001,1,21,36,35620,59,2.0,1.0,,7,4,18,,1,40,1,,1,3,7,2,57,57,57,1,0,0,2.0,7.0,,,,,,,,,,1.0,3.0,0.0,2,,,,,,,,1.0,1.0,2.0,18522.6901,4636.6197,0,0,,,0,0,62454,4,,,1.0,,,,4510.4103,6770.0,5620.0,-1,,,,,1.0,1.0,441120.0,2011,623,608,0,0,0,0,0,12.0,17.0,31.0,2011,MIS4_to_MIS8,new_york,0,2010-2011,1,0,0,0,retention
230609983516571,12,1.0,1,4,2,8800,88001,1,1,21,36,35620,59,2.0,1.0,,7,3,59,1.0,1,42,2,,2,1,2,1,2,57,57,57,1,0,0,2.0,1.0,,40.0,,40.0,,,,,,2.0,3.0,0.0,1,2.0,1.0,1.0,1950.0,961.53,1.0,,,,,12429.299,3295.1473,0,0,0.0,1.0,0,0,14333,2,,,3.0,,,,3328.0983,6080.0,9200.0,-1,,,,,,,445211.0,2010,611,608,0,0,0,0,0,14.0,22.0,23.0,2010,1.0,1,8,2,8800,88001,1,21,36,35620,59,2.0,1.0,,7,3,60,1.0,1,42,2,,1,2,1,2,57,57,57,1,0,0,2.0,5.0,,,,,,,,,,1.0,,,2,,,,,,,,,,,11717.4541,2896.4767,0,0,,,0,0,62456,2,,,3.0,,,,2885.6147,,,-1,,,,,,,441126.0,2011,623,608,0,0,0,0,0,14.0,,,2011,MIS4_to_MIS8,new_york,0,2010-2011,0,1,0,0,retention
363659092907291,12,1.0,1,4,2,8800,88001,1,1,21,36,35620,103,2.0,1.0,,7,1,34,2.0,2,44,1,,1,1,1,1,2,57,57,57,1,0,0,1.0,1.0,,46.0,,46.0,,,,,,2.0,3.0,0.0,1,2.0,2.0,2.0,,800.0,1.0,,,,,13340.0396,3314.3658,1,1,1.0,,0,42,14609,1,,,,,,1.0,3383.1985,7860.0,2310.0,-1,,,,,,,445248.0,2010,611,608,1,0,0,0,1,17.0,8.0,40.0,2010,1.0,1,8,2,8800,88001,1,21,36,35620,103,2.0,1.0,,7,1,35,2.0,2,44,1,,1,1,1,2,57,57,57,1,0,0,1.0,1.0,,40.0,,40.0,,,,,,2.0,3.0,0.0,1,1.0,2.0,2.0,,1115.0,2.0,2.0,,,,15203.9166,3673.0229,1,1,1.0,,0,0,41337,1,,,,,,1.0,3741.4158,7860.0,2310.0,-1,,,,,,,441163.0,2011,623,608,1,0,0,0,1,17.0,8.0,40.0,2011,MIS4_to_MIS8,new_york,0,2010-2011,1,0,0,0,retention
393912806051657,12,3.0,3,4,2,8800,88001,1,1,21,36,35620,59,2.0,1.0,,7,7,54,,2,40,1,,3,1,4,7,2,57,57,57,1,0,0,1.0,1.0,,35.0,4.0,25.0,,,4.0,,,4.0,3.0,0.0,1,2.0,2.0,2.0,,1055.76,1.0,,,,,13578.9699,3402.2659,0,0,0.0,,0,0,14335,3,,,1.0,,,,3462.6759,9380.0,5360.0,-1,,,,,,,445258.0,2010,611,608,0,0,0,0,0,12.0,17.0,51.0,2010,3.0,3,8,2,8800,88001,1,21,36,35620,59,2.0,1.0,,7,7,55,,2,40,1,,1,4,7,2,57,57,57,1,0,0,1.0,1.0,,35.0,4.0,28.0,,,4.0,,,4.0,3.0,0.0,1,2.0,2.0,2.0,,1173.07,1.0,,,,,11744.0945,3011.7209,0,0,0.0,,0,0,5670,3,,,3.0,,,,3023.361,9380.0,5810.0,-1,,,,,,,441173.0,2011,623,608,0,0,0,0,0,14.0,17.0,51.0,2011,MIS4_to_MIS8,new_york,0,2010-2011,1,0,0,0,retention
395942204088667,12,1.0,1,4,2,8800,88001,1,1,21,36,40380,55,2.0,1.0,,5,1,44,2.0,2,43,1,,1,1,1,1,2,57,57,57,1,0,0,1.0,1.0,,35.0,,35.0,,,,,,2.0,3.0,0.0,1,2.0,,1.0,2600.0,910.0,1.0,,,,,13757.3464,3413.0886,4,2,0.0,0.0,0,0,14287,1,,,,2.0,,,3480.5586,9470.0,2000.0,-1,,,,,,,445277.0,2010,611,608,0,0,0,1,0,16.0,6.0,51.0,2010,1.0,1,8,2,8800,88001,1,21,36,40380,55,2.0,1.0,,5,1,45,2.0,2,43,1,,1,1,1,2,57,57,57,1,0,0,1.0,1.0,,35.0,,39.0,,,,,,2.0,3.0,0.0,1,2.0,1.0,1.0,1850.0,950.0,1.0,,,,,11283.0619,2875.134,4,1,0.0,1.0,0,0,19372,1,,,,2.0,,,2924.6376,9470.0,2160.0,-1,,,,,,,441190.0,2011,623,608,0,0,0,1,0,16.0,7.0,51.0,2011,MIS4_to_MIS8,new_york,0,2010-2011,1,0,0,0,retention
399932001032617,12,1.0,1,4,2,8800,88001,1,1,21,36,35620,119,2.0,1.0,,7,1,43,2.0,1,39,1,,1,1,1,1,2,57,110,57,1,0,0,1.0,1.0,,40.0,,44.0,,,,,,2.0,3.0,0.0,1,2.0,2.0,2.0,,1509.0,1.0,,,,,14627.1533,3515.6066,3,2,0.0,,0,0,14673,1,1.0,,,,,,3601.1851,9470.0,3800.0,-1,,,,,,,445309.0,2010,611,608,0,0,1,0,0,12.0,12.0,51.0,2010,2.0,1,8,2,8800,88001,1,21,36,35620,119,2.0,1.0,,7,1,45,2.0,1,39,1,,1,1,1,2,57,110,57,1,0,0,2.0,1.0,,40.0,,60.0,,,,,,2.0,3.0,0.0,1,2.0,2.0,2.0,,2884.61,1.0,,,,,12050.0108,3006.2643,10,2,0.0,,0,0,2028,1,1.0,,,,,,3047.3738,9470.0,3800.0,-1,,,,,,,441215.0,2011,623,608,0,0,1,1,0,12.0,12.0,51.0,2011,MIS4_to_MIS8,new_york,0,2010-2011,1,0,0,0,retention
506369420009306,12,4.0,1,4,2,8800,88001,1,1,21,36,35620,59,2.0,1.0,,7,3,35,1.0,2,44,1,,2,1,2,1,2,57,57,57,1,0,0,2.0,1.0,,40.0,,40.0,,,,,,2.0,3.0,0.0,1,2.0,2.0,2.0,,1000.0,1.0,,,,,13785.5904,3431.6635,1,1,1.0,,0,42,68495,2,,,,,,3.0,3487.7042,7860.0,2320.0,-1,,,,,,,445334.0,2010,611,608,1,0,0,0,1,18.0,8.0,40.0,2010,2.0,1,8,2,8800,88001,1,21,36,35620,59,2.0,1.0,,7,3,36,1.0,2,44,1,,1,2,1,2,57,57,57,1,0,0,1.0,1.0,,40.0,,40.0,,,,,,2.0,3.0,0.0,1,2.0,2.0,2.0,,2590.0,1.0,,,,,15203.9166,3673.0229,1,2,0.0,,0,0,5669,2,,,,,,3.0,3741.4158,7860.0,2320.0,-1,,,,,,,441244.0,2011,623,608,1,0,0,0,1,18.0,8.0,40.0,2011,MIS4_to_MIS8,new_york,0,2010-2011,1,0,0,0,retention
606369320809306,12,2.0,1,4,2,8800,88001,1,1,21,36,45060,67,2.0,1.0,,4,3,52,1.0,2,43,1,,2,1,2,1,2,57,57,57,1,0,0,1.0,1.0,,40.0,,40.0,,,,,,2.0,2.0,0.0,1,2.0,2.0,2.0,,1815.5,1.0,,,,,12580.6826,3152.141,3,1,0.0,,0,0,39815,2,,,,1.0,1.0,,3208.1097,8190.0,3130.0,-1,,,,,,,445355.0,2010,611,608,0,0,1,0,0,18.0,10.0,41.0,2010,2.0,1,8,2,8800,88001,1,21,36,45060,67,2.0,1.0,,4,3,53,1.0,2,43,1,,1,2,1,2,57,57,57,1,0,0,1.0,1.0,,-4.0,,40.0,,,,,,2.0,2.0,0.0,1,1.0,2.0,2.0,,1800.0,1.0,,,,,10660.3494,2739.9918,3,1,0.0,,0,42,41233,2,,,,1.0,1.0,,2763.2268,8190.0,3255.0,-1,,,,,,,441268.0,2011,623,608,0,0,1,0,0,18.0,10.0,41.0,2011,MIS4_to_MIS8,new_york,0,2010-2011,1,0,0,0,retention
639630915120923,12,3.0,4,4,2,8800,88001,1,1,21,36,35620,59,2.0,1.0,,7,8,49,3.0,1,45,1,,4,2,2,1,2,57,57,57,1,0,0,2.0,1.0,,40.0,4.0,32.0,,,4.0,,,4.0,2.0,0.0,1,2.0,2.0,2.0,,1250.0,1.0,,,,,15347.7428,3650.3741,10,2,0.0,,0,0,18837,4,,,,,,,3755.96,9470.0,2100.0,-1,,,,,,,445391.0,2010,611,608,0,0,1,1,0,18.0,7.0,51.0,2010,4.0,4,8,2,8800,88001,1,21,36,35620,59,2.0,1.0,,7,8,50,3.0,1,45,1,,2,2,1,2,57,57,57,1,0,0,3.0,1.0,,40.0,,40.0,,,,,,2.0,2.0,0.0,1,2.0,2.0,2.0,,2100.0,1.0,,,,,11742.2362,2955.7881,10,2,0.0,,0,0,5668,4,,,,,,,2969.5395,7270.0,2100.0,-1,,,,,,,441315.0,2011,623,608,0,0,1,1,0,18.0,7.0,36.0,2011,MIS4_to_MIS8,new_york,0,2010-2011,1,0,0,0,retention
659640600030923,12,1.0,1,4,2,8800,88001,1,1,21,36,35620,59,2.0,1.0,,7,3,37,1.0,1,40,1,,2,1,2,1,2,57,119,119,1,0,0,2.0,1.0,,48.0,,83.0,,,,,,2.0,3.0,0.0,1,1.0,2.0,2.0,,1923.07,1.0,,,,,14745.1335,3566.6253,10,2,0.0,,0,0,1866,2,,,1.0,,,,3630.2317,9470.0,3740.0,220,,,,,,,445403.0,2010,611,608,0,0,1,1,0,12.0,12.0,51.0,2010,1.0,1,8,2,8800,88001,1,21,36,35620,59,2.0,1.0,,7,3,38,1.0,1,40,1,,1,2,1,2,57,119,119,1,0,0,2.0,1.0,,48.0,,98.0,,,,,,2.0,3.0,0.0,1,1.0,2.0,2.0,,2115.38,1.0,,,,,18374.4661,4462.4288,10,2,0.0,,0,0,41190,2,,,1.0,,,,4539.1109,9470.0,3740.0,6260,,,,,,,441326.0,2011,623,608,0,0,1,1,0,12.0,12.0,51.0,2011,MIS4_to_MIS8,new_york,0,2010-2011,1,0,0,0,retention
669000492080923,12,1.0,4,4,2,8800,88001,1,1,21,36,35620,119,2.0,1.0,,7,1,60,,2,39,1,,1,1,1,5,2,57,57,57,1,0,0,1.0,1.0,,40.0,,40.0,,,,,,2.0,3.0,0.0,1,2.0,2.0,2.0,,1500.0,1.0,,,,,13015.8504,3129.0092,0,0,0.0,,0,0,5685,1,1.0,,,,,,3221.4055,9470.0,5700.0,-1,,,,,2.0,,445411.0,2010,611,608,0,0,0,0,0,12.0,17.0,51.0,2010,1.0,4,8,2,8800,88001,1,21,36,35620,119,2.0,1.0,,7,1,61,,2,39,1,,1,1,5,2,57,57,57,1,0,0,1.0,1.0,,35.0,,35.0,,,,,,2.0,2.0,0.0,1,2.0,2.0,2.0,,1403.84,1.0,,,,,12379.6557,2973.8979,0,0,0.0,,0,0,43610,1,1.0,,,,,,3019.7685,9470.0,2145.0,-1,,,,,2.0,,441336.0,2011,623,608,0,0,0,0,0,12.0,7.0,51.0,2011,MIS4_to_MIS8,new_york,0,2010-2011,1,0,0,0,retention
669440983570923,12,1.0,1,4,2,8800,88001,1,1,21,36,15380,0,2.0,1.0,,5,4,17,,1,37,1,,3,1,3,7,2,57,57,57,1,0,0,2.0,4.0,,,,,,,,14.0,3.0,12.0,3.0,0.0,2,,,,,,,,1.0,1.0,1.0,10723.5947,3533.3233,0,0,,,0,0,28346,3,,,,,,,3270.0456,8370.0,4220.0,-1,,,,,1.0,2.0,445422.0,2010,611,608,0,0,0,0,0,11.0,14.0,43.0,2010,1.0,1,8,2,8800,88001,1,21,36,15380,0,2.0,1.0,,5,4,18,,1,37,1,,1,3,7,2,57,57,57,1,0,0,2.0,1.0,,12.0,,12.0,,,20.0,,,7.0,4.0,0.0,1,2.0,,1.0,775.0,93.0,2.0,2.0,2.0,,,16220.637,4418.9832,0,0,0.0,0.0,0,0,1705,3,,,,,,,4602.9245,8680.0,4030.0,-1,,,,,1.0,2.0,441348.0,2011,623,608,0,0,0,0,0,11.0,13.0,46.0,2011,MIS4_to_MIS8,new_york,0,2010-2011,0,1,0,1,retention
696809020209304,12,1.0,7,4,2,8800,88001,1,1,21,36,35620,119,2.0,1.0,,7,2,50,,2,40,2,,1,0,0,7,2,57,57,57,1,0,0,1.0,1.0,,37.0,,42.0,,,,,,2.0,2.0,0.0,1,2.0,1.0,1.0,990.0,875.0,1.0,,,,,13583.3551,3248.4992,0,0,1.0,1.0,0,0,5684,1,,,2.0,,,,3312.7379,9380.0,940.0,4610,,,,,,,445444.0,2010,611,608,0,0,0,0,0,13.0,2.0,51.0,2010,1.0,7,8,2,8800,88001,1,21,36,35620,119,2.0,1.0,,7,2,51,,2,40,2,,0,0,7,2,57,57,57,1,0,0,1.0,1.0,,40.0,,60.0,,,,,,2.0,4.0,0.0,1,2.0,2.0,2.0,,961.53,1.0,,,,,12641.6349,3113.0201,0,0,0.0,,0,0,2027,1,,,2.0,,,,3110.8957,7280.0,940.0,5860,,,,,,,441368.0,2011,623,608,0,0,0,0,0,13.0,2.0,36.0,2011,MIS4_to_MIS8,new_york,0,2010-2011,0,1,0,1,retention
727395679600726,12,1.0,1,4,2,8800,88001,1,1,21,36,15380,0,2.0,1.0,,5,3,54,1.0,2,42,1,,2,1,2,1,2,57,57,57,1,0,0,2.0,1.0,,40.0,4.0,32.0,,,4.0,,,4.0,3.0,0.0,1,2.0,,1.0,2175.0,870.0,1.0,,,,,12580.6826,3152.141,0,0,1.0,1.0,0,42,47962,2,,,3.0,,,,3208.1097,8190.0,3300.0,-1,,,,,,,445461.0,2010,611,608,0,0,0,0,0,14.0,10.0,41.0,2010,1.0,1,8,2,8800,88001,1,21,36,15380,0,2.0,1.0,,5,3,55,1.0,2,42,1,,1,2,1,2,57,57,57,1,0,0,2.0,1.0,,40.0,,40.0,,,,,,2.0,3.0,0.0,1,2.0,,1.0,3000.0,1200.0,1.0,,,,,11192.843,2870.3549,0,0,1.0,1.0,0,0,29656,2,,,3.0,,,,2881.4486,8190.0,3300.0,-1,,,,,,,441384.0,2011,623,608,0,0,0,0,0,14.0,10.0,41.0,2011,MIS4_to_MIS8,new_york,0,2010-2011,1,0,0,0,retention
816149720789303,12,2.0,1,4,2,8800,88001,1,1,21,36,40380,55,2.0,1.0,,5,3,70,1.0,2,40,1,,2,1,2,1,2,57,57,57,1,0,0,1.0,5.0,,,,,,,,,,1.0,3.0,0.0,2,,,,,,,,,,,11034.5287,2874.2899,0,0,,,0,0,18830,2,,,2.0,,,,2791.7924,7860.0,310.0,-1,,,,,,,445488.0,2010,611,608,0,0,0,0,0,13.0,1.0,40.0,2010,2.0,1,8,2,8800,88001,1,21,36,40380,55,2.0,1.0,,5,3,71,1.0,2,40,1,,1,2,1,2,57,57,57,1,0,0,1.0,5.0,,,,,,,,,,1.0,,,2,,,,,,,,,,,10786.6666,2751.8682,0,0,,,0,0,19373,2,,,3.0,,,,2722.8063,,,-1,,,,,,,441400.0,2011,623,608,0,0,0,0,0,14.0,,,2011,MIS4_to_MIS8,new_york,0,2010-2011,0,1,0,0,retention
866299320839309,12,2.0,1,4,2,8800,88001,1,1,21,36,35620,103,2.0,1.0,,7,1,57,2.0,2,42,1,,1,1,1,1,2,57,57,57,1,0,0,2.0,1.0,,35.0,,60.0,,,,,,2.0,3.0,0.0,1,2.0,,1.0,3100.0,1085.0,1.0,,,,,12486.7923,2958.7633,0,0,1.0,1.0,0,42,48130,1,,,3.0,,,,3030.9359,7860.0,3130.0,2720,,,,,,,445523.0,2010,611,608,0,0,0,0,0,14.0,10.0,40.0,2010,1.0,1,8,2,8800,88001,1,21,36,35620,103,2.0,1.0,,7,1,58,2.0,2,42,1,,1,1,1,2,57,57,57,1,0,0,1.0,1.0,,38.0,,54.0,,,,,,2.0,3.0,0.0,1,2.0,,1.0,1100.0,418.0,1.0,,,,,11744.0945,3011.7209,0,0,1.0,1.0,0,42,49654,1,,,3.0,,,,3023.361,7860.0,3255.0,5310,,,,,,,441431.0,2011,623,608,0,0,0,0,0,14.0,10.0,40.0,2011,MIS4_to_MIS8,new_york,0,2010-2011,1,0,0,0,retention
876489220099302,12,1.0,1,4,2,8800,88001,1,1,21,36,40380,69,2.0,1.0,,5,3,32,1.0,2,44,1,,2,1,2,1,2,57,57,57,1,0,0,2.0,1.0,,40.0,,40.0,,,,,,2.0,3.0,0.0,1,2.0,2.0,2.0,,1093.02,1.0,,,,,12359.3177,3070.703,0,0,0.0,,0,0,14468,2,,,,,,1.0,3134.4753,7860.0,2320.0,-1,,,,,,,445531.0,2010,611,608,0,0,0,0,0,17.0,8.0,40.0,2010,1.0,1,8,2,8800,88001,1,21,36,40380,69,2.0,1.0,,5,3,33,1.0,2,44,1,,1,2,1,2,57,57,57,1,0,0,2.0,1.0,,40.0,,40.0,,,,,,2.0,3.0,0.0,1,2.0,2.0,2.0,,769.23,1.0,,,,,13033.1365,3206.1488,0,0,0.0,,0,0,32970,2,,,,,,1.0,3223.2219,7860.0,2310.0,-1,,,,,,,441437.0,2011,623,608,0,0,0,0,0,17.0,8.0,40.0,2011,MIS4_to_MIS8,new_york,0,2010-2011,1,0,0,0,retention
896129320999303,12,1.0,1,4,2,8800,88001,1,1,21,36,35620,119,2.0,1.0,,7,1,53,2.0,2,44,1,4.0,1,1,1,1,2,365,365,365,4,0,7,3.0,1.0,,40.0,,40.0,,,,,,2.0,3.0,0.0,1,2.0,2.0,2.0,,2000.0,1.0,,,,,13573.1354,3459.2423,0,0,0.0,,0,0,2125,1,,,,,,3.0,3461.188,7860.0,2330.0,-1,,,,,6.0,1.0,445536.0,2010,611,608,0,0,0,0,0,18.0,8.0,40.0,2010,1.0,1,8,2,8800,88001,1,21,36,35620,119,2.0,1.0,,7,1,53,2.0,2,44,1,4.0,1,1,1,2,365,365,365,4,0,7,1.0,1.0,,35.0,,35.0,,,,,,2.0,3.0,0.0,1,2.0,2.0,2.0,,1500.0,1.0,,,,,10134.0782,2650.1334,0,0,0.0,,0,0,2029,1,,,,,,3.0,2626.8141,7860.0,2330.0,-1,,,,,6.0,1.0,441444.0,2011,623,608,0,0,0,0,0,18.0,8.0,40.0,2011,MIS4_to_MIS8,new_york,0,2010-2011,1,0,0,0,retention
906006536329400,12,1.0,1,4,2,8800,88001,1,1,21,36,35620,59,2.0,1.0,,7,3,43,1.0,2,43,1,,2,1,2,1,2,57,57,57,1,0,0,2.0,1.0,,40.0,,40.0,,,,,,2.0,2.0,0.0,1,2.0,2.0,2.0,,1153.84,1.0,,,,,14849.003,3683.9199,2,1,0.0,,0,0,67671,2,,,,2.0,,,3756.7437,7860.0,2310.0,-1,,,,,,,445544.0,2010,611,608,0,1,0,0,1,16.0,8.0,40.0,2010,1.0,1,8,2,8800,88001,1,21,36,35620,59,2.0,1.0,,7,3,44,1.0,2,44,1,,1,2,1,2,57,57,57,1,0,0,2.0,1.0,,40.0,,40.0,,,,,,2.0,2.0,0.0,1,2.0,2.0,2.0,,1538.46,1.0,,,,,13773.4843,3373.341,2,1,0.0,,0,42,56475,2,,,,,,3.0,3389.4116,7860.0,2310.0,-1,,,,,,,441452.0,2011,623,608,0,1,0,0,1,18.0,8.0,40.0,2011,MIS4_to_MIS8,new_york,0,2010-2011,1,0,0,0,retention
920399019600210,12,2.0,4,4,2,8800,88001,1,1,21,36,35620,59,2.0,1.0,,7,1,34,,2,42,2,2.0,1,1,1,7,2,57,57,57,1,0,0,2.0,1.0,,40.0,,40.0,,,,,,2.0,2.0,0.0,1,2.0,2.0,2.0,,1250.0,2.0,2.0,,,,16367.3807,4148.3996,0,0,0.0,,0,0,14331,1,,,3.0,,,,4299.3851,6180.0,3860.0,-1,,,,,,,445570.0,2010,611,608,0,0,0,0,0,14.0,12.0,23.0,2010,2.0,4,8,2,8800,88001,1,21,36,35620,59,2.0,1.0,,7,1,35,,2,42,2,2.0,1,1,7,2,57,57,57,1,0,0,2.0,1.0,,40.0,,40.0,,,,,,2.0,3.0,0.0,1,2.0,2.0,2.0,,1923.07,2.0,2.0,,,,19019.4516,4849.513,0,0,0.0,,0,0,41188,1,,,3.0,,,,4927.9829,6180.0,3930.0,-1,,,,,,,441494.0,2011,623,608,0,0,0,0,0,14.0,12.0,23.0,2011,MIS4_to_MIS8,new_york,0,2010-2011,1,0,0,0,retention
922396319600795,12,1.0,6,4,2,8800,88001,1,1,21,36,35620,103,2.0,1.0,,7,2,59,,1,46,1,,1,0,0,4,2,57,57,109,1,0,0,1.0,1.0,,35.0,,35.0,,,,,,2.0,3.0,0.0,1,2.0,2.0,2.0,,1057.0,1.0,,,,,13885.5774,3485.464,0,0,1.0,,0,0,42112,1,,,,,,,3570.6835,7870.0,2200.0,-1,,,,,,,445572.0,2010,611,608,0,0,0,0,0,18.0,8.0,40.0,2010,1.0,6,8,2,8800,88001,1,21,36,35620,103,2.0,1.0,,7,2,60,,1,45,1,,0,0,4,2,57,57,109,1,0,0,1.0,1.0,,35.0,,35.0,,,,,,2.0,3.0,0.0,1,2.0,2.0,2.0,,600.0,1.0,,,,,12213.4309,3089.8382,0,0,1.0,,0,0,5716,1,,,,,,,3112.1446,7870.0,2200.0,-1,,,,,,,441496.0,2011,623,608,0,0,0,0,0,18.0,8.0,40.0,2011,MIS4_to_MIS8,new_york,0,2010-2011,1,0,0,0,retention
996016811329710,12,2.0,1,4,2,8800,88001,1,1,21,36,45060,67,2.0,1.0,,4,1,63,2.0,1,35,1,,1,1,1,1,2,57,57,57,1,0,0,1.0,2.0,4.0,40.0,,,,,,,,5.0,2.0,0.0,1,1.0,1.0,1.0,3121.0,1192.3,1.0,,,,,10759.8709,2865.4756,0,0,0.0,0.0,0,0,18850,1,,,,,,,2877.374,7860.0,6420.0,-1,,,,,,,445617.0,2010,611,608,0,0,0,0,0,9.0,19.0,40.0,2010,1.0,1,8,2,8800,88001,1,21,36,45060,67,2.0,1.0,,4,1,64,2.0,1,35,1,,1,1,1,2,57,57,57,1,0,0,1.0,1.0,,40.0,,40.0,,,,,,2.0,5.0,0.0,1,2.0,1.0,1.0,3121.0,1230.76,1.0,,,,,10416.4605,2635.2282,0,0,0.0,0.0,0,0,14990,1,,,,,,,2654.2526,7860.0,4220.0,-1,,,,,,,441543.0,2011,623,608,0,0,0,0,0,9.0,14.0,40.0,2011,MIS4_to_MIS8,new_york,0,2010-2011,0,1,0,1,retention
6233260015302,12,1.0,1,4,2,8800,88001,1,1,21,36,0,0,3.0,2.0,,0,1,39,2.0,2,44,1,,1,1,1,1,2,57,57,57,1,0,0,1.0,1.0,,40.0,,40.0,,,,,,2.0,3.0,0.0,1,2.0,2.0,2.0,,1076.92,1.0,,,,,13579.998,3380.4852,2,1,0.0,,0,0,14645,1,,,,,,3.0,3435.6901,7860.0,2320.0,-1,,,,,,,445619.0,2010,611,608,0,1,0,0,1,18.0,8.0,40.0,2010,1.0,1,8,2,8800,88001,1,21,36,0,0,3.0,2.0,,0,1,40,2.0,2,44,1,,1,1,1,2,57,57,57,1,0,0,1.0,1.0,,40.0,,40.0,,,,,,2.0,3.0,0.0,1,2.0,2.0,2.0,,1057.69,1.0,,,,,13487.6382,3303.3329,2,1,0.0,,0,0,30023,1,,,,,,3.0,3319.07,7860.0,2320.0,-1,,,,,,,441545.0,2011,623,608,0,1,0,0,1,18.0,8.0,40.0,2011,MIS4_to_MIS8,new_york,0,2010-2011,1,0,0,0,retention
6233260015302,12,1.0,1,4,2,8800,88001,1,1,21,36,0,0,3.0,2.0,,0,3,44,1.0,1,44,1,,2,1,2,1,2,57,57,57,1,0,0,2.0,1.0,,40.0,,40.0,,,,,,2.0,3.0,0.0,1,2.0,2.0,2.0,,2076.92,2.0,2.0,,,,14409.0102,3463.1764,2,1,0.0,,0,0,14645,2,,,,,,2.0,3547.4786,7860.0,230.0,-1,,,,,,,445620.0,2010,611,608,0,1,0,0,1,18.0,1.0,40.0,2010,1.0,1,8,2,8800,88001,1,21,36,0,0,3.0,2.0,,0,3,45,1.0,1,44,1,,1,2,1,2,57,57,57,1,0,0,2.0,1.0,,40.0,,40.0,,,,,,2.0,3.0,0.0,1,2.0,2.0,2.0,,1442.3,1.0,,,,,11799.9325,2943.8742,2,1,0.0,,0,0,30023,2,,,,,,2.0,2984.1305,7860.0,930.0,-1,,,,,,,441546.0,2011,623,608,0,1,0,0,1,18.0,2.0,40.0,2011,MIS4_to_MIS8,new_york,0,2010-2011,1,0,0,0,retention
364992203062669,12,1.0,1,4,2,8800,88001,1,1,21,36,0,0,3.0,2.0,,0,1,62,2.0,1,42,1,,1,1,1,1,2,57,57,57,1,0,0,1.0,1.0,,40.0,5.0,32.0,,,5.0,,,4.0,2.0,0.0,1,2.0,2.0,2.0,,1634.0,1.0,,,,,12063.8451,3212.7387,0,0,1.0,,0,0,14485,1,,,3.0,,,,3226.079,7870.0,6420.0,-1,3.0,,,,,,445674.0,2010,611,608,0,0,0,0,0,14.0,19.0,40.0,2010,1.0,1,8,2,8800,88001,1,21,36,0,0,3.0,2.0,,0,1,63,2.0,1,42,1,,1,1,1,2,57,57,57,1,0,0,1.0,1.0,,40.0,,40.0,,,,,,2.0,2.0,0.0,1,2.0,,1.0,4000.0,1600.0,1.0,,,,,10702.6515,2707.6308,0,0,1.0,1.0,0,42,65020,1,,,3.0,,,,2727.1779,7870.0,6420.0,-1,,,,,,,441604.0,2011,623,608,0,0,0,0,0,14.0,19.0,40.0,2011,MIS4_to_MIS8,new_york,0,2010-2011,1,0,0,0,retention
391942305059619,12,1.0,1,4,2,8800,88001,1,1,21,36,0,13,3.0,2.0,,0,3,57,1.0,2,43,1,,2,1,2,1,2,57,57,57,1,0,0,2.0,1.0,,35.0,,35.0,,,,,,2.0,3.0,0.0,1,2.0,1.0,1.0,1700.0,2307.0,2.0,2.0,,,,12300.5696,2914.6375,0,0,1.0,1.0,0,0,14126,2,,,,2.0,,,2985.7339,8370.0,2010.0,-1,,,,,,,445677.0,2010,611,608,0,0,0,0,0,16.0,6.0,43.0,2010,1.0,1,8,2,8800,88001,1,21,36,0,13,3.0,2.0,,0,3,58,1.0,2,43,1,,1,2,1,2,57,57,57,1,0,0,2.0,2.0,5.0,35.0,,,,,,,,5.0,3.0,0.0,1,2.0,,1.0,2100.0,735.0,2.0,2.0,,,,11500.365,2949.2175,0,0,0.0,0.0,0,0,14689,2,,,,2.0,,,2960.6161,9370.0,2010.0,-1,,,,,,,441607.0,2011,623,608,0,0,0,0,0,16.0,6.0,51.0,2011,MIS4_to_MIS8,new_york,0,2010-2011,1,0,0,0,retention
394922709026659,12,2.0,1,4,2,8800,88001,1,1,21,36,0,0,3.0,2.0,,0,1,56,2.0,1,44,1,,1,1,1,1,2,57,57,57,1,0,0,2.0,1.0,,40.0,4.0,32.0,,,4.0,,,4.0,3.0,0.0,1,2.0,2.0,2.0,,1576.92,1.0,,,,,13678.4939,3433.4833,0,0,0.0,,0,0,18817,1,,,,,,3.0,3517.4318,7860.0,230.0,-1,,,,,,,445684.0,2010,611,608,0,0,0,0,0,18.0,1.0,40.0,2010,2.0,1,8,2,8800,88001,1,21,36,0,0,3.0,2.0,,0,1,57,2.0,1,44,1,,1,1,1,2,57,57,57,1,0,0,2.0,1.0,,40.0,,40.0,,,,,,2.0,3.0,0.0,1,2.0,2.0,2.0,,1576.92,1.0,,,,,11489.9355,2926.7122,0,0,0.0,,0,0,56432,1,,,,,,3.0,2971.4695,7860.0,230.0,-1,,,,,,,441612.0,2011,623,608,0,0,0,0,0,18.0,1.0,40.0,2011,MIS4_to_MIS8,new_york,0,2010-2011,1,0,0,0,retention
827365509600963,12,1.0,6,4,2,8800,88001,1,1,21,36,28740,111,,1.0,,2,2,64,,1,44,1,,1,0,0,3,2,57,57,57,1,0,0,1.0,1.0,,6.0,,6.0,,,22.0,,,7.0,2.0,0.0,1,2.0,2.0,2.0,,1096.15,1.0,,,,,11657.0854,3104.414,0,0,0.0,,0,0,14655,1,,,,,,3.0,3117.3045,7870.0,2630.0,-1,4.0,,,,,,445829.0,2010,611,608,0,0,0,0,0,18.0,9.0,40.0,2010,0.0,1,8,2,8800,88001,1,21,36,28740,111,,1.0,,2,1,65,2.0,1,44,1,,1,1,1,2,57,57,57,1,0,0,1.0,5.0,,,,,,,,,,1.0,2.0,0.0,2,,,,,,,,,,,11659.3297,2928.0076,0,0,,,0,0,41367,1,,,,,,3.0,2910.1631,7870.0,2200.0,-1,4.0,,,,,,441773.0,2011,623,608,0,0,0,0,0,18.0,8.0,40.0,2011,MIS4_to_MIS8,new_york,0,2010-2011,1,0,0,0,retention
902906323994706,12,1.0,7,4,2,8800,88001,1,1,21,36,46540,0,,1.0,,3,2,26,,2,40,1,,1,0,0,7,2,57,57,57,1,0,0,1.0,1.0,,-4.0,,20.0,,,20.0,,,7.0,3.0,0.0,1,2.0,2.0,2.0,,138.0,2.0,2.0,,,,14238.5226,3529.629,0,0,1.0,,0,0,1945,1,,,5.0,,,,3611.0648,7860.0,2310.0,-1,,,,,,,445837.0,2010,611,608,0,0,0,0,0,16.0,8.0,40.0,2010,2.0,7,8,2,8800,88001,1,21,36,46540,0,,1.0,,3,2,27,,2,43,1,,0,0,7,2,57,57,57,1,0,0,2.0,1.0,,24.0,,16.0,,,20.0,,,7.0,3.0,0.0,1,2.0,2.0,2.0,,450.0,2.0,2.0,,,,14125.8646,3431.6965,0,0,1.0,,0,42,1899,1,,,,2.0,,,3493.4642,7860.0,2310.0,-1,,,,,,,441781.0,2011,623,608,0,0,0,0,0,16.0,8.0,40.0,2011,MIS4_to_MIS8,new_york,0,2010-2011,1,0,0,0,retention
95344220939393,12,1.0,6,4,2,8800,88001,1,1,23,42,37980,101,1.0,1.0,,7,2,36,,1,43,4,,1,0,0,7,2,57,220,220,1,0,0,1.0,1.0,,38.0,,38.0,,,,,,2.0,3.0,0.0,1,2.0,2.0,2.0,,1807.69,1.0,,,,,15885.5623,3968.4537,0,0,0.0,,0,0,65019,1,,,,1.0,1.0,,3911.0037,6290.0,1360.0,-1,,,,,,,449117.0,2010,611,608,0,0,0,0,0,18.0,4.0,23.0,2010,1.0,6,8,2,8800,88001,1,23,42,37980,101,1.0,1.0,,7,2,38,,1,43,4,,0,0,7,2,57,220,220,1,0,0,1.0,4.0,,,,,,,,11.0,4.0,11.0,3.0,0.0,2,,,,,,,,,,,11620.0175,3168.8947,0,0,,,0,0,30848,1,,,,2.0,,,3008.161,6290.0,1360.0,-1,,,,,,,445007.0,2011,623,608,0,0,0,0,0,16.0,4.0,23.0,2011,MIS4_to_MIS8,pennsylvania,0,2010-2011,1,0,0,0,retention
495942805003229,12,1.0,1,4,2,8800,88001,1,1,23,42,10900,0,1.0,1.0,,4,3,57,1.0,2,43,1,,2,1,2,1,2,57,57,57,1,0,0,2.0,1.0,,40.0,,42.0,,,,,,2.0,3.0,0.0,1,2.0,2.0,2.0,,1230.0,2.0,2.0,,,,11775.7645,2894.3415,0,0,1.0,,0,42,2748,2,,,,1.0,1.0,,2858.3472,7860.0,2310.0,4620,,,,,,,449183.0,2010,611,608,0,0,0,0,0,18.0,8.0,40.0,2010,1.0,1,8,2,8800,88001,1,23,42,10900,0,1.0,1.0,,4,3,58,1.0,2,43,1,,1,2,1,2,57,57,57,1,0,0,2.0,1.0,,50.0,,54.0,,,,,,2.0,4.0,0.0,1,2.0,2.0,2.0,,1351.0,2.0,2.0,,,,12024.1907,3141.9741,0,0,1.0,,0,42,2632,2,,,,1.0,1.0,,3095.468,7860.0,2310.0,4620,,,,,,,445066.0,2011,623,608,0,0,0,0,0,18.0,8.0,40.0,2011,MIS4_to_MIS8,pennsylvania,0,2010-2011,0,1,0,1,retention
220490319200939,12,1.0,7,4,2,8800,88001,1,1,23,42,38300,129,2.0,1.0,,5,2,80,,2,37,1,,1,0,0,4,2,57,57,57,1,0,0,1.0,1.0,,27.0,,20.0,,,21.0,,,7.0,3.0,0.0,1,2.0,,1.0,1037.0,279.99,2.0,2.0,,,,12851.5231,2990.8369,0,0,0.0,0.0,0,0,19114,1,,,,,,,2931.0574,9370.0,5820.0,-1,,,,,,,449425.0,2010,611,608,0,0,0,0,0,11.0,17.0,51.0,2010,1.0,7,8,2,8800,88001,1,23,42,38300,129,2.0,1.0,,5,2,80,,2,37,1,,0,0,4,2,57,57,57,1,0,0,1.0,1.0,,-4.0,,15.0,,,21.0,,,7.0,4.0,0.0,1,2.0,2.0,2.0,,140.0,2.0,2.0,,,,10651.2385,2790.7205,0,0,1.0,,43,42,57009,1,,,,,,,2693.4313,8680.0,4020.0,-1,,,,,,,445320.0,2011,623,608,0,0,0,0,0,11.0,13.0,46.0,2011,MIS4_to_MIS8,pennsylvania,0,2010-2011,0,1,0,1,retention
222499349200705,12,2.0,1,4,2,8800,88001,1,1,23,42,38300,3,2.0,1.0,,5,1,28,2.0,2,43,1,,1,1,1,1,2,57,57,57,1,0,0,2.0,1.0,,40.0,,40.0,,,,,,2.0,3.0,0.0,1,2.0,2.0,2.0,,826.92,1.0,,,,,12525.1299,3220.6809,0,0,0.0,,0,0,15324,1,,,,1.0,1.0,,3176.5273,7860.0,2320.0,-1,,,,,,,449426.0,2010,611,608,0,0,0,0,0,18.0,8.0,40.0,2010,2.0,1,8,2,8800,88001,1,23,42,38300,3,2.0,1.0,,5,1,29,2.0,2,44,1,,1,1,1,2,57,57,57,1,0,0,2.0,1.0,,40.0,,40.0,,,,,,2.0,3.0,0.0,1,2.0,2.0,2.0,,942.3,1.0,,,,,11761.6138,2911.47,0,0,0.0,,0,0,2446,1,,,,,,2.0,2908.7619,7860.0,2320.0,-1,,,,,,,445321.0,2011,623,608,0,0,0,0,0,18.0,8.0,40.0,2011,MIS4_to_MIS8,pennsylvania,0,2010-2011,1,0,0,0,retention
240209960219696,12,2.0,1,4,2,8800,88001,1,1,23,42,38300,7,2.0,1.0,,5,4,25,,2,43,1,,3,1,3,7,2,57,57,57,1,0,0,2.0,1.0,,35.0,,35.0,,,,,,2.0,2.0,0.0,1,2.0,2.0,2.0,,730.76,1.0,,,,,12525.1299,3220.6809,0,0,0.0,,0,0,15369,3,,,,1.0,1.0,,3176.5273,7860.0,2300.0,-1,,,,,2.0,1.0,449455.0,2010,611,608,0,0,0,0,0,18.0,8.0,40.0,2010,2.0,1,8,2,8800,88001,1,23,42,38300,7,2.0,1.0,,5,4,26,,2,43,1,,1,3,7,2,57,57,57,1,0,0,2.0,1.0,,40.0,,40.0,,,,,,2.0,4.0,0.0,1,2.0,2.0,2.0,,730.76,1.0,,,,,11761.6138,2911.47,0,0,0.0,,0,0,19587,3,,,,1.0,1.0,,2908.7619,7890.0,2340.0,-1,,,,,2.0,1.0,445348.0,2011,623,608,0,0,0,0,0,18.0,8.0,40.0,2011,MIS4_to_MIS8,pennsylvania,0,2010-2011,0,1,0,1,retention
240209961291791,12,1.0,1,4,2,8800,88001,1,1,23,42,10900,0,2.0,1.0,,4,3,40,1.0,2,40,1,,2,1,2,1,2,57,57,57,1,0,0,2.0,1.0,,20.0,,28.0,,,18.0,,,7.0,3.0,0.0,1,2.0,,1.0,850.0,170.0,2.0,2.0,,,,11654.6112,2999.2454,8,2,0.0,0.0,0,0,48510,2,,,3.0,,,,2948.5742,9470.0,5700.0,-1,,,,,,,449457.0,2010,611,608,0,1,1,0,1,14.0,17.0,51.0,2010,2.0,1,8,2,8800,88001,1,23,42,10900,0,2.0,1.0,,4,3,41,1.0,2,40,1,,1,2,1,2,57,57,57,1,0,0,1.0,1.0,,20.0,,20.0,,,18.0,,,7.0,3.0,0.0,1,2.0,,1.0,981.0,196.2,2.0,2.0,,,,11150.3792,2782.6439,10,2,0.0,0.0,0,0,50032,2,,,3.0,,,,2743.9117,9470.0,5700.0,-1,,,,,,,445350.0,2011,623,608,0,0,1,1,0,14.0,17.0,51.0,2011,MIS4_to_MIS8,pennsylvania,0,2010-2011,1,0,0,0,retention
240209999301397,12,1.0,1,4,2,8800,88001,1,1,23,42,38300,125,2.0,1.0,,5,1,43,2.0,2,44,1,,1,1,1,1,2,57,57,57,1,0,0,1.0,1.0,,50.0,,42.0,,,,,,2.0,3.0,0.0,1,2.0,2.0,2.0,,1615.38,1.0,,,,,12101.856,3114.3412,3,2,0.0,,0,0,48664,1,,,,,,2.0,3061.7256,7860.0,2310.0,-1,,,,,,,449468.0,2010,611,608,0,0,1,0,0,18.0,8.0,40.0,2010,1.0,1,8,2,8800,88001,1,23,42,38300,125,2.0,1.0,,5,1,44,2.0,2,44,1,,1,1,1,2,57,57,57,1,0,0,1.0,1.0,,50.0,,50.0,,,,,,2.0,3.0,0.0,1,2.0,2.0,2.0,,1711.53,1.0,,,,,10929.9096,2727.6244,3,2,0.0,,0,0,2687,1,,,,,,2.0,2689.658,7860.0,2320.0,-1,,,,,,,445360.0,2011,623,608,0,0,1,0,0,18.0,8.0,40.0,2011,MIS4_to_MIS8,pennsylvania,0,2010-2011,1,0,0,0,retention
324950022907294,12,1.0,1,4,2,8800,88001,1,1,23,42,38300,3,2.0,1.0,,5,1,35,2.0,2,44,1,,1,1,1,1,2,57,57,57,1,0,0,1.0,1.0,,40.0,,40.0,,,,,,2.0,3.0,0.0,1,2.0,2.0,2.0,,900.0,1.0,,,,,11235.1806,2901.0867,0,0,0.0,,0,0,5933,1,,,,,,1.0,2842.4598,7860.0,2430.0,-1,,,,,,,449519.0,2010,611,608,0,0,0,0,0,17.0,8.0,40.0,2010,1.0,1,8,2,8800,88001,1,23,42,38300,3,2.0,1.0,,5,1,36,2.0,2,44,1,,1,1,1,2,57,57,57,1,0,0,1.0,1.0,,36.0,,37.0,,,,,,2.0,3.0,0.0,1,2.0,2.0,2.0,,2884.61,1.0,,,,,12065.0251,2969.9419,0,0,0.0,,0,0,2447,1,,,,,,1.0,2968.99,7860.0,2430.0,-1,,,,,,,445415.0,2011,623,608,0,0,0,0,0,17.0,8.0,40.0,2011,MIS4_to_MIS8,pennsylvania,0,2010-2011,1,0,0,0,retention
324950022907294,12,1.0,1,4,2,8800,88001,1,1,23,42,38300,3,2.0,1.0,,5,3,35,1.0,1,44,1,,2,1,2,1,2,57,57,57,1,0,0,2.0,1.0,,50.0,,50.0,,,,,,2.0,3.0,0.0,1,2.0,2.0,2.0,,1153.84,1.0,,,,,10265.0437,2575.5555,0,0,0.0,,0,0,5933,2,,,,,,2.0,2527.2397,7860.0,2310.0,-1,,,,,,,449520.0,2010,611,608,0,0,0,0,0,18.0,8.0,40.0,2010,1.0,1,8,2,8800,88001,1,23,42,38300,3,2.0,1.0,,5,3,36,1.0,1,44,1,,1,2,1,2,57,57,57,1,0,0,2.0,1.0,,50.0,,50.0,,,,,,2.0,2.0,0.0,1,2.0,2.0,2.0,,1644.44,1.0,,,,,12038.2883,2979.0163,0,0,0.0,,0,0,2447,2,,,,,,2.0,2973.8619,7860.0,2310.0,-1,,,,,,,445416.0,2011,623,608,0,0,0,0,0,18.0,8.0,40.0,2011,MIS4_to_MIS8,pennsylvania,0,2010-2011,1,0,0,0,retention
620123005942380,12,1.0,1,4,2,8800,88001,1,1,23,42,10900,0,2.0,1.0,,4,1,38,2.0,2,43,1,,1,1,1,1,2,57,57,57,1,0,0,1.0,1.0,,12.0,,12.0,,,18.0,,,7.0,3.0,0.0,1,2.0,,1.0,2000.0,240.0,2.0,2.0,,,,10819.9652,2793.8721,3,3,1.0,1.0,0,0,64987,1,,,,2.0,,,2737.4118,7860.0,2540.0,-1,,,,,,,449653.0,2010,611,608,0,0,1,0,0,16.0,8.0,40.0,2010,1.0,1,8,2,8800,88001,1,23,42,10900,0,2.0,1.0,,4,1,39,2.0,2,42,1,,1,1,1,2,57,57,57,1,0,0,1.0,1.0,,8.0,,16.0,,,18.0,,,7.0,4.0,0.0,1,2.0,,1.0,715.0,57.2,2.0,2.0,,,,12308.3914,3029.8493,10,3,0.0,0.0,0,0,2529,1,,,3.0,,,,3028.8781,7860.0,2320.0,2540,,,,,,,445536.0,2011,623,608,0,0,1,1,0,14.0,8.0,40.0,2011,MIS4_to_MIS8,pennsylvania,0,2010-2011,0,1,0,1,retention
621499119200972,12,1.0,1,4,2,8800,88001,1,1,23,42,10900,0,2.0,1.0,,4,1,31,2.0,1,43,1,,1,1,1,1,2,57,57,57,1,0,0,1.0,1.0,,40.0,,52.0,,,,,,2.0,3.0,0.0,1,2.0,2.0,2.0,,400.0,2.0,2.0,,,,10022.441,2563.5032,5,3,0.0,,0,0,19056,1,,,,2.0,,,2497.4175,7860.0,2310.0,4110,,,,,,,449658.0,2010,611,608,1,1,0,0,1,16.0,8.0,40.0,2010,2.0,1,8,2,8800,88001,1,23,42,10900,0,2.0,1.0,,4,1,32,2.0,1,43,1,,1,1,1,2,57,57,57,1,0,0,2.0,1.0,,40.0,,60.0,,,,,,2.0,3.0,0.0,1,2.0,2.0,2.0,,375.0,2.0,2.0,,,,11782.7548,2912.4726,5,3,0.0,,0,0,50033,1,,,,2.0,,,2881.2362,7860.0,2310.0,4110,,,,,,,445541.0,2011,623,608,1,1,0,0,1,16.0,8.0,40.0,2011,MIS4_to_MIS8,pennsylvania,0,2010-2011,1,0,0,0,retention
624284062907895,12,1.0,1,4,2,8800,88001,1,1,23,42,10900,0,2.0,1.0,,4,3,40,1.0,2,39,1,,2,1,2,1,2,57,57,57,1,0,0,2.0,1.0,,20.0,,20.0,,,18.0,,,7.0,3.0,0.0,1,1.0,,1.0,1500.0,300.0,1.0,,,,,11681.087,3006.0588,10,2,1.0,1.0,0,42,15556,2,1.0,,,,,,2955.2725,7860.0,4030.0,-1,,,,,,,449666.0,2010,611,608,0,0,1,1,0,12.0,13.0,40.0,2010,1.0,1,8,2,8800,88001,1,23,42,10900,0,2.0,1.0,,4,3,41,1.0,2,39,1,,1,2,1,2,57,57,57,1,0,0,2.0,1.0,,25.0,,25.0,,,18.0,,,7.0,4.0,0.0,1,2.0,,1.0,975.0,243.75,1.0,,,,,11175.7097,2788.9653,10,2,1.0,1.0,0,42,41933,2,1.0,,,,,,2750.1451,7860.0,4130.0,-1,,,,,,,445550.0,2011,623,608,0,0,1,1,0,12.0,13.0,40.0,2011,MIS4_to_MIS8,pennsylvania,0,2010-2011,0,1,0,1,retention
892569520069400,12,1.0,1,4,2,8800,88001,1,1,23,42,42540,0,2.0,1.0,,4,1,44,2.0,2,43,1,,1,1,1,1,2,57,57,57,1,0,0,1.0,1.0,,50.0,,50.0,,,,,,2.0,3.0,0.0,1,2.0,2.0,2.0,,730.76,1.0,,,,,11681.087,3006.0588,10,2,0.0,,0,0,31739,1,,,,1.0,1.0,,2955.2725,7860.0,2310.0,-1,,,,,,,449742.0,2010,611,608,0,0,1,1,0,18.0,8.0,40.0,2010,1.0,1,8,2,8800,88001,1,23,42,42540,0,2.0,1.0,,4,1,45,2.0,2,43,1,,1,1,1,2,57,57,57,1,0,0,2.0,1.0,,36.0,,36.0,,,,,,2.0,3.0,0.0,1,2.0,2.0,2.0,,769.23,1.0,,,,,11873.741,3082.9768,4,2,0.0,,0,0,56967,1,,,,1.0,1.0,,3077.7452,7860.0,2310.0,-1,,,,,,,445634.0,2011,623,608,0,0,0,1,0,18.0,8.0,40.0,2011,MIS4_to_MIS8,pennsylvania,0,2010-2011,1,0,0,0,retention
930082815429920,12,1.0,1,4,2,8800,88001,1,1,23,42,10900,0,2.0,1.0,,4,1,45,2.0,1,43,1,,1,1,1,1,2,57,57,57,1,0,0,1.0,1.0,,45.0,13.0,32.0,,,13.0,,,4.0,3.0,0.0,1,1.0,1.0,1.0,3200.0,1050.0,1.0,,,,,13224.5855,3262.6933,3,2,0.0,0.0,0,0,6025,1,,,,2.0,,,3236.3726,9470.0,3850.0,-1,,,,,,,449768.0,2010,611,608,0,0,1,0,0,16.0,12.0,51.0,2010,1.0,1,8,2,8800,88001,1,23,42,10900,0,2.0,1.0,,4,1,46,2.0,1,43,1,,1,1,1,2,57,57,57,1,0,0,1.0,1.0,,40.0,,42.0,,,,,,2.0,3.0,0.0,1,1.0,,1.0,3000.0,1448.2,1.0,,,,,11994.6966,3049.1625,3,2,0.0,0.0,0,0,6108,1,,,,1.0,2.0,,3033.3852,9470.0,3850.0,-1,,,,,,,445660.0,2011,623,608,0,0,1,0,0,17.0,12.0,51.0,2011,MIS4_to_MIS8,pennsylvania,0,2010-2011,1,0,0,0,retention
980822095442039,12,1.0,1,4,2,8800,88001,1,1,23,42,37980,29,2.0,1.0,,7,1,44,2.0,2,40,1,,1,1,1,1,2,57,57,57,1,0,0,1.0,1.0,,40.0,,40.0,,,,,,2.0,2.0,0.0,1,2.0,2.0,2.0,,650.0,1.0,,,,,12012.9869,3091.4713,4,2,0.0,,0,0,15446,1,,,2.0,,,,3039.242,7860.0,5700.0,-1,,,,,,,449803.0,2010,611,608,0,0,0,1,0,13.0,17.0,40.0,2010,1.0,1,8,2,8800,88001,1,23,42,37980,29,2.0,1.0,,7,1,45,2.0,2,40,1,,1,1,1,2,57,57,57,1,0,0,1.0,1.0,,40.0,,40.0,,,,,,2.0,2.0,0.0,1,2.0,2.0,2.0,,634.61,1.0,,,,,12476.5503,3239.4942,4,2,0.0,,0,0,50040,1,,,2.0,,,,3233.997,7860.0,5700.0,-1,,,,,,,445693.0,2011,623,608,0,0,0,1,0,13.0,17.0,40.0,2011,MIS4_to_MIS8,pennsylvania,0,2010-2011,1,0,0,0,retention
980822095442039,12,1.0,1,4,2,8800,88001,1,1,23,42,37980,29,2.0,1.0,,7,3,54,1.0,1,39,1,,2,1,2,1,2,57,57,57,1,0,0,2.0,1.0,,40.0,,40.0,,,,,,2.0,2.0,0.0,1,2.0,2.0,2.0,,750.0,1.0,,,,,12734.7991,3151.8215,4,2,0.0,,0,0,15446,2,1.0,,,,,,3116.5101,7860.0,4220.0,-1,,,,,,,449804.0,2010,611,608,0,0,0,1,0,12.0,14.0,40.0,2010,1.0,1,8,2,8800,88001,1,23,42,37980,29,2.0,1.0,,7,3,55,1.0,1,39,1,,1,2,1,2,57,57,57,1,0,0,2.0,1.0,,40.0,,40.0,,,,,,2.0,2.0,0.0,1,2.0,1.0,1.0,1980.0,769.23,1.0,,,,,12272.5352,3185.2849,4,2,0.0,0.0,0,0,50040,2,1.0,,,,,,3173.8615,7860.0,4220.0,-1,,,,,,,445694.0,2011,623,608,0,0,0,1,0,12.0,14.0,40.0,2011,MIS4_to_MIS8,pennsylvania,0,2010-2011,1,0,0,0,retention
981022849429120,12,1.0,1,4,2,8800,88001,1,1,23,42,37980,91,2.0,1.0,,7,3,29,1.0,2,44,1,,2,1,2,1,2,57,57,57,1,0,0,2.0,1.0,,40.0,,42.0,,,,,,2.0,3.0,0.0,1,2.0,2.0,2.0,,826.0,1.0,,,,,12433.1524,3197.0301,0,0,1.0,,0,42,61787,2,,,,,,2.0,3153.2007,7860.0,2330.0,-1,,,,,,,449812.0,2010,611,608,0,0,0,0,0,18.0,8.0,40.0,2010,1.0,1,8,2,8800,88001,1,23,42,37980,91,2.0,1.0,,7,3,31,1.0,2,43,1,,1,2,1,2,57,57,57,1,0,0,2.0,1.0,,40.0,,40.0,,,,,,2.0,3.0,0.0,1,2.0,2.0,2.0,,1192.0,1.0,,,,,11659.1345,2922.4871,0,0,1.0,,0,42,30821,2,,,,1.0,2.0,,2883.4178,7860.0,2330.0,-1,,,,,,,445700.0,2011,623,608,0,0,0,0,0,17.0,8.0,40.0,2011,MIS4_to_MIS8,pennsylvania,0,2010-2011,1,0,0,0,retention
124111062909967,12,1.0,1,4,2,8800,88001,1,1,23,42,0,0,3.0,2.0,,0,1,62,2.0,2,40,1,,1,1,1,1,2,57,57,57,1,0,0,1.0,1.0,,35.0,,35.0,,,,,,2.0,3.0,0.0,1,2.0,,1.0,1700.0,595.0,1.0,,,,,11571.3447,2885.4892,0,0,1.0,1.0,0,0,29483,1,,,1.0,,,,2863.8923,7860.0,2540.0,-1,,,,,,,449831.0,2010,611,608,0,0,0,0,0,12.0,8.0,40.0,2010,1.0,1,8,2,8800,88001,1,23,42,0,0,3.0,2.0,,0,1,63,2.0,2,40,1,,1,1,1,2,57,57,57,1,0,0,,1.0,,40.0,,40.0,,,,,,2.0,3.0,0.0,1,2.0,2.0,2.0,,415.0,1.0,,,,,10953.2714,2681.0993,0,0,1.0,,41,41,16063,1,,,1.0,,,,2671.8307,9370.0,430.0,-1,,,,,,,445718.0,2011,623,608,0,0,0,0,0,12.0,1.0,51.0,2011,MIS4_to_MIS8,pennsylvania,0,2010-2011,1,0,0,0,retention
182910520330401,12,1.0,1,4,2,8800,88001,1,1,23,42,0,0,3.0,2.0,,0,3,50,1.0,1,40,1,,2,1,2,1,2,57,57,57,1,0,0,2.0,1.0,,48.0,,48.0,,,,,,2.0,3.0,0.0,1,2.0,2.0,2.0,,1769.0,1.0,,,,,12408.3756,3071.0327,0,0,1.0,,0,0,5925,2,,,3.0,,,,3036.6265,9470.0,3740.0,-1,,,,,,,449844.0,2010,611,608,0,0,0,0,0,14.0,12.0,51.0,2010,1.0,1,8,2,8800,88001,1,23,42,0,0,3.0,2.0,,0,3,51,1.0,1,40,1,,1,2,1,2,57,57,57,1,0,0,2.0,1.0,,48.0,,48.0,,,,,,2.0,1.0,0.0,1,2.0,1.0,1.0,2000.0,1192.3,1.0,,,,,11273.1144,2891.4652,0,0,0.0,1.0,0,0,19579,2,,,3.0,,,,2850.9015,9470.0,3740.0,-1,,,,,,,445727.0,2011,623,608,0,0,0,0,0,14.0,12.0,51.0,2011,MIS4_to_MIS8,pennsylvania,0,2010-2011,0,1,1,0,retention
240209931408090,12,1.0,1,4,2,8800,88001,1,1,23,42,0,0,3.0,2.0,,0,1,28,2.0,2,40,1,,1,1,1,1,2,57,57,57,1,0,0,1.0,1.0,,-4.0,5.0,14.0,,,5.0,,,4.0,2.0,0.0,1,2.0,,1.0,1317.0,184.38,2.0,2.0,,,,12114.4609,3115.0825,13,3,1.0,1.0,0,0,61815,1,,,1.0,,,,3072.3766,7860.0,2310.0,-1,,,,,,,449858.0,2010,611,608,1,0,1,1,1,12.0,8.0,40.0,2010,1.0,1,8,2,8800,88001,1,23,42,0,0,3.0,2.0,,0,1,30,2.0,2,40,1,,1,1,1,2,57,57,57,1,0,0,1.0,1.0,,40.0,,45.0,,,,,,2.0,3.0,0.0,1,2.0,,1.0,725.0,290.0,2.0,2.0,,,,10701.6473,2682.4827,3,3,0.0,0.0,0,0,16228,1,,,4.0,,,,2646.6219,7860.0,2310.0,430,,,,,,,445738.0,2011,623,608,0,0,1,0,0,15.0,8.0,40.0,2011,MIS4_to_MIS8,pennsylvania,0,2010-2011,1,0,0,0,retention
240209954572592,12,1.0,7,4,2,8800,88001,1,1,23,42,0,0,3.0,2.0,,0,2,61,,2,44,1,,1,0,0,4,2,57,57,57,1,0,0,1.0,1.0,,33.0,,33.0,,,22.0,,,7.0,3.0,0.0,1,2.0,1.0,1.0,3000.0,531.0,1.0,,,,,11571.3447,2885.4892,0,0,1.0,1.0,0,0,19026,1,,,,,,3.0,2863.8923,7860.0,2430.0,-1,,,,,,,449863.0,2010,611,608,0,0,0,0,0,18.0,8.0,40.0,2010,1.0,7,8,2,8800,88001,1,23,42,0,0,3.0,2.0,,0,2,62,,2,44,1,,0,0,4,2,57,57,57,1,0,0,1.0,1.0,,32.0,,32.0,,,22.0,,,7.0,5.0,0.0,1,2.0,2.0,2.0,,692.3,1.0,,,,,11975.1596,2931.2332,0,0,0.0,,0,0,15826,1,,,,,,3.0,2921.0998,7860.0,5320.0,-1,,,,,,,445744.0,2011,623,608,0,0,0,0,0,18.0,17.0,40.0,2011,MIS4_to_MIS8,pennsylvania,0,2010-2011,0,1,0,1,retention
240209957658193,12,1.0,3,4,2,8800,88001,1,1,23,42,0,55,3.0,2.0,,0,1,54,,1,44,2,,1,1,1,4,2,427,427,427,5,0,19,1.0,1.0,,38.0,,38.0,,,,,,2.0,2.0,0.0,1,2.0,1.0,1.0,2250.0,425.0,1.0,,,,,13684.1245,3286.696,0,0,0.0,0.0,0,0,42143,1,,,,,,2.0,3200.2177,9570.0,1020.0,-1,,,,,,,449864.0,2010,611,608,0,0,0,0,0,18.0,3.0,51.0,2010,1.0,3,8,2,8800,88001,1,23,42,0,55,3.0,2.0,,0,1,55,,1,44,2,,1,1,4,2,427,427,427,5,0,19,1.0,1.0,,38.0,,38.0,,,,,,2.0,2.0,0.0,1,2.0,1.0,1.0,2300.0,862.5,1.0,,,,,14072.5547,3136.2618,0,0,0.0,0.0,0,0,6085,1,,,,,,2.0,3091.6216,9570.0,1020.0,-1,,,,,,,445745.0,2011,623,608,0,0,0,0,0,18.0,3.0,51.0,2011,MIS4_to_MIS8,pennsylvania,0,2010-2011,1,0,0,0,retention
428466249200964,12,1.0,1,4,2,8800,88001,1,1,23,42,0,0,3.0,2.0,,0,3,35,1.0,1,39,1,,2,1,2,1,2,57,57,57,1,0,0,2.0,1.0,,40.0,,40.0,,,,,,2.0,2.0,0.0,1,2.0,,1.0,1525.0,610.0,1.0,,,,,9928.4775,2491.1092,3,1,1.0,1.0,0,42,19040,2,1.0,,,,,,2444.3776,9470.0,3800.0,-1,2.0,1.0,,,,,449915.0,2010,611,608,0,0,1,0,0,12.0,12.0,51.0,2010,1.0,1,8,2,8800,88001,1,23,42,0,0,3.0,2.0,,0,3,36,1.0,1,39,1,,1,2,1,2,57,57,57,1,0,0,2.0,1.0,,40.0,,40.0,,,,,,2.0,2.0,0.0,1,1.0,,1.0,5017.0,2306.8,1.0,,,,,11871.7448,2937.8032,3,1,1.0,1.0,0,0,6035,2,1.0,,,,,,2932.7201,9470.0,3800.0,-1,2.0,1.0,,,,,445788.0,2011,623,608,0,0,1,0,0,12.0,12.0,51.0,2011,MIS4_to_MIS8,pennsylvania,0,2010-2011,1,0,0,0,retention
467912601019219,12,2.0,1,4,2,8800,88001,1,1,23,42,0,0,3.0,2.0,,0,3,49,1.0,1,36,1,,2,1,2,1,2,57,57,57,1,0,0,1.0,1.0,,38.0,,38.0,,,,,,2.0,2.0,0.0,1,1.0,1.0,1.0,850.0,730.76,1.0,,,,,13251.732,3269.3907,0,0,0.0,1.0,0,0,2729,2,,,,,,,3243.016,770.0,6320.0,-1,,,,,,,449926.0,2010,611,608,0,0,0,0,0,10.0,19.0,4.0,2010,1.0,1,8,2,8800,88001,1,23,42,0,0,3.0,2.0,,0,3,50,1.0,1,39,1,,1,2,1,2,57,57,57,1,0,0,2.0,1.0,,38.0,,38.0,,,,,,2.0,2.0,0.0,1,2.0,,1.0,1400.0,532.0,1.0,,,,,11273.1144,2891.4652,0,0,1.0,1.0,0,42,65259,2,1.0,,,,,,2850.9015,9570.0,9130.0,-1,,,,,,,445799.0,2011,623,608,0,0,0,0,0,12.0,22.0,51.0,2011,MIS4_to_MIS8,pennsylvania,0,2010-2011,1,0,0,0,retention
523495879200916,12,1.0,4,4,2,8800,88001,1,1,23,42,0,55,3.0,2.0,,0,1,33,,2,40,2,,1,1,1,7,2,57,57,57,1,0,0,1.0,7.0,,,,,,,,,,1.0,2.0,0.0,2,,,,,,,,,,,13260.4536,3125.0234,8,2,,,0,0,5995,1,,,4.0,,,,3206.7424,8170.0,4610.0,-1,,,,,,,449963.0,2010,611,608,0,1,1,0,1,15.0,15.0,42.0,2010,1.0,4,8,2,8800,88001,1,23,42,0,55,3.0,2.0,,0,1,34,,2,40,2,,1,1,7,2,57,57,57,1,0,0,1.0,7.0,,,,,,,,,,1.0,,,2,,,,,,,,,,,12102.417,3248.5425,11,3,,,0,0,41917,1,,,3.0,,,,2986.6486,,,-1,,,,,,,445830.0,2011,623,608,1,1,1,0,1,14.0,,,2011,MIS4_to_MIS8,pennsylvania,0,2010-2011,0,1,0,0,retention
702601184993472,12,1.0,1,4,2,8800,88001,1,1,23,42,0,55,3.0,2.0,,0,1,30,2.0,1,44,1,,1,1,1,1,2,57,57,57,1,0,0,1.0,1.0,,40.0,,40.0,,,,,,2.0,3.0,0.0,1,2.0,2.0,2.0,,1326.92,2.0,2.0,,,,10065.8292,2574.6009,0,0,0.0,,0,0,19079,1,,,,,,2.0,2508.2291,7860.0,230.0,-1,,,,,,,450010.0,2010,611,608,0,0,0,0,0,18.0,1.0,40.0,2010,1.0,1,8,2,8800,88001,1,23,42,0,55,3.0,2.0,,0,1,31,2.0,1,44,1,,1,1,1,2,57,57,57,1,0,0,1.0,1.0,,40.0,,40.0,,,,,,2.0,5.0,0.0,1,2.0,2.0,2.0,,1326.92,2.0,1.0,,,,11389.9963,2815.3901,0,0,0.0,,0,0,19623,1,,,,,,2.0,2785.195,7860.0,230.0,-1,,,,,,,445889.0,2011,623,608,0,0,0,0,0,18.0,1.0,40.0,2011,MIS4_to_MIS8,pennsylvania,0,2010-2011,0,1,0,1,retention
152410320200401,12,1.0,1,4,2,8800,88001,1,1,23,42,25420,43,,1.0,,4,1,46,2.0,2,44,1,,1,1,1,1,2,57,57,57,1,0,0,1.0,1.0,,30.0,,30.0,,,15.0,,,6.0,2.0,0.0,1,2.0,,1.0,1500.0,450.0,2.0,2.0,,,,10931.019,2835.3072,10,4,0.0,0.0,0,0,61754,1,,,,,,3.0,2787.4409,7860.0,2320.0,-1,,,,,,,450075.0,2010,611,608,0,0,1,1,0,18.0,8.0,40.0,2010,1.0,1,8,2,8800,88001,1,23,42,25420,43,,1.0,,4,1,47,2.0,2,44,1,,1,1,1,2,57,57,57,1,0,0,1.0,1.0,,24.0,,36.0,,,,,,2.0,4.0,0.0,1,2.0,,1.0,2700.0,648.0,2.0,2.0,,,,11873.741,3082.9768,10,4,0.0,0.0,0,0,30753,1,,,,,,3.0,3077.7452,8090.0,3030.0,2320,,,,,,,445967.0,2011,623,608,0,0,1,1,0,18.0,10.0,42.0,2011,MIS4_to_MIS8,pennsylvania,0,2010-2011,0,1,0,1,retention
500123001142420,12,2.0,1,4,2,8800,88001,1,1,23,42,25420,43,,1.0,,4,3,47,1.0,2,44,1,,2,1,2,1,2,57,57,57,1,0,0,1.0,1.0,,40.0,,40.0,,,,,,2.0,2.0,0.0,1,2.0,2.0,2.0,,1057.69,1.0,,,,,10931.019,2835.3072,4,1,0.0,,0,0,19063,2,,,,,,3.0,2787.4409,7860.0,2320.0,-1,,,,,,,450194.0,2010,611,608,0,0,0,1,0,18.0,8.0,40.0,2010,1.0,1,8,2,8800,88001,1,23,42,25420,43,,1.0,,4,3,48,1.0,2,44,1,,1,2,1,2,57,57,57,1,0,0,2.0,1.0,,40.0,,50.0,,,,,,2.0,3.0,0.0,1,2.0,2.0,2.0,,1096.15,1.0,,,,,11873.741,3082.9768,4,1,0.0,,0,0,50049,2,,,,,,3.0,3077.7452,7860.0,2320.0,-1,,,,,,,446082.0,2011,623,608,0,0,0,1,0,18.0,8.0,40.0,2011,MIS4_to_MIS8,pennsylvania,0,2010-2011,1,0,0,0,retention
852529020979401,12,3.0,1,4,2,8800,88001,1,1,23,42,39740,11,,1.0,,3,3,30,3.0,2,42,1,,4,1,2,1,2,57,57,57,1,0,0,2.0,1.0,,38.0,,38.0,,,,,,2.0,2.0,0.0,1,2.0,1.0,1.0,1800.0,600.0,2.0,2.0,,,,10494.0489,2704.5046,3,1,1.0,1.0,0,0,31722,4,,,3.0,,,,2661.4202,9470.0,5820.0,-1,,,,,,,450238.0,2010,611,608,0,0,1,0,0,14.0,17.0,51.0,2010,3.0,1,8,2,8800,88001,1,23,42,39740,11,,1.0,,3,3,31,3.0,2,42,1,,1,2,1,2,57,57,57,1,0,0,2.0,1.0,,38.0,,38.0,,,,,,2.0,2.0,0.0,1,2.0,,1.0,1000.0,380.0,2.0,2.0,,,,11095.8189,2781.2861,3,1,1.0,1.0,0,0,19592,4,,,3.0,,,,2744.1044,9470.0,5820.0,-1,,,,,,,446142.0,2011,623,608,0,0,1,0,0,14.0,17.0,51.0,2011,MIS4_to_MIS8,pennsylvania,0,2010-2011,1,0,0,0,retention
