hhid,intmonth,hurespli_t,hrhtype_t,minsamp_x,hrlonglk_t,hrsample_t,hrhhid2_t,serial_t,hhnum,state,stfips_t,cbsafips_t,county_t,centcity_t,smsastat_t,icntcity_t,smsa04_t,relref95_t,age_t,spouse_t,sex_t,grade92_t,race_t,ethnic_t,lineno,famnum_t,pfamrel_t,marital_t,prpertyp_t,penatvty_t,pemntvty_t,pefntvty_t,prcitshp_t,prcitflg_t,peinusyr_t,selfproxy_t,lfsr94_t,absent94_t,uhourse_t,reason94_t,hourslw_t,laydur_t,dwrsn_t,why3594_t,prunedur_t,untype_t,ftpt94_t,class94_t,agri_t,eligible_t,otc_t,ernpdh2_t,paidhre_t,earnhre_t,earnwke_t,unionmme_t,unioncov_t,schenr_t,studftpt_t,schlvl_t,earnwt_t,weight_t,chldpres_t,ownchild_t,i25d_t,i25c_t,i25a_t,i25b_t,qstnum_t,occurnum_t,ged_t,gedhigr_t,yrcoll_t,grprof_t,gr6cor_t,ms123_t,cmpwgt_t,ind02_t,occ00_t,occ002_t,vet1_t,vet2_t,vet3_t,vet4_t,linedad_t,linemom_t,recnum_t,year_t,ym_file_t,ym_t,ch02_t,ch35_t,ch613_t,ch1417_t,ch05_t,ihigrdc_t,docc00_t,dind02_t,year_file_x,hurespli_t1,hrhtype_t1,minsamp_y,hrlonglk_t1,hrsample_t1,hrhhid2_t1,serial_t1,stfips_t1,cbsafips_t1,county_t1,centcity_t1,smsastat_t1,icntcity_t1,smsa04_t1,relref95_t1,age_t1,spouse_t1,sex_t1,grade92_t1,race_t1,ethnic_t1,famnum_t1,pfamrel_t1,marital_t1,prpertyp_t1,penatvty_t1,pemntvty_t1,pefntvty_t1,prcitshp_t1,prcitflg_t1,peinusyr_t1,selfproxy_t1,lfsr94_t1,absent94_t1,uhourse_t1,reason94_t1,hourslw_t1,laydur_t1,dwrsn_t1,why3594_t1,prunedur_t1,untype_t1,ftpt94_t1,class94_t1,agri_t1,eligible_t1,otc_t1,ernpdh2_t1,paidhre_t1,earnhre_t1,earnwke_t1,unionmme_t1,unioncov_t1,schenr_t1,studftpt_t1,schlvl_t1,earnwt_t1,weight_t1,chldpres_t1,ownchild_t1,i25d_t1,i25c_t1,i25a_t1,i25b_t1,qstnum_t1,occurnum_t1,ged_t1,gedhigr_t1,yrcoll_t1,grprof_t1,gr6cor_t1,ms123_t1,cmpwgt_t1,ind02_t1,occ00_t1,occ002_t1,vet1_t1,vet2_t1,vet3_t1,vet4_t1,linedad_t1,linemom_t1,recnum_t1,year_t1,ym_file_t1,ym_t1,ch02_t1,ch35_t1,ch613_t1,ch1417_t1,ch05_t1,ihigrdc_t1,docc00_t1,dind02_t1,year_file_y,pair_type,stayed_public,exited_public,switched_sector
450778093617847,1,1.0,1,4,2,8300,83001,1,1,33,17,16980,0,1.0,1.0,,7,3,31,1.0,2,43,1,,2,1,2,1,2,57,57,57,1,0,0,2.0,1.0,,-4.0,,20.0,,,18.0,,,7.0,3.0,0.0,1,2.0,,1.0,2542.0,508.4,2.0,2.0,,,,13709.0758,3386.9493,0.0,0.0,1.0,1.0,0,0,44022,2,,,,1.0,2.0,,3409.4639,7860.0,2310.0,-1,,,,,,,11091.0,2008,576,573,0.0,0.0,0.0,0.0,0.0,17.0,8.0,40.0,2008,2.0,1,8,2,8300,83001,1,17,16980,0,1.0,1.0,,7,3,32,1.0,2,43,1,,1,2,1,2,57,57,57,1,0,0,1.0,2.0,5.0,-4.0,,,,,,,,10.0,3.0,0.0,1,2.0,2.0,2.0,,116.0,2.0,2.0,,,,14699.0847,3626.9268,0.0,0.0,1.0,,0,0,32167,2,,,,1.0,2.0,,3605.2953,7860.0,2310.0,-1,,,,,,,10976.0,2009,588,573,0.0,0.0,0.0,0.0,0.0,17.0,8.0,40.0,2009,MIS4_to_MIS8,True,False,False
778430773420971,1,1.0,6,4,2,8300,83001,1,1,33,17,16980,0,1.0,1.0,1.0,7,16,63,,2,40,2,,2,0,0,5,2,57,57,57,1,0,0,2.0,1.0,,40.0,,40.0,,,,,,2.0,2.0,0.0,1,2.0,,1.0,1620.0,648.0,1.0,,,,,12526.3581,2902.3964,,,1.0,1.0,0,42,34189,2,,,2.0,,,,2876.4769,7870.0,910.0,-1,,,,,,,11185.0,2008,576,573,,,,,,13.0,2.0,40.0,2008,1.0,6,8,2,8300,83001,1,17,16980,0,1.0,1.0,1.0,7,16,64,,2,40,2,,0,0,5,2,57,57,57,1,0,0,2.0,1.0,,40.0,,40.0,,,,,,2.0,2.0,0.0,1,2.0,,1.0,1400.0,560.0,1.0,,,,,12504.1376,3149.6368,,,1.0,1.0,0,42,53908,2,,,1.0,,,,3101.4985,9370.0,910.0,-1,,,,,,,11069.0,2009,588,573,,,,,,12.0,2.0,51.0,2009,MIS4_to_MIS8,True,False,False
968007952179410,1,1.0,4,4,2,8300,83001,1,1,33,17,16980,0,1.0,1.0,,7,1,29,,2,43,1,,1,1,1,7,2,57,57,57,1,0,0,1.0,1.0,,40.0,,40.0,,,,,,2.0,3.0,0.0,1,2.0,2.0,2.0,,784.61,1.0,,,,,15723.7896,3871.8698,3.0,1.0,0.0,,0,0,4906,1,,,,1.0,1.0,,3910.5257,7860.0,2310.0,-1,,,,,,,11266.0,2008,576,573,0.0,0.0,1.0,0.0,0.0,18.0,8.0,40.0,2008,1.0,4,8,2,8300,83001,1,17,16980,0,1.0,1.0,,7,1,30,,2,43,1,,1,1,7,2,57,57,57,1,0,0,1.0,1.0,,40.0,10.0,26.0,,,10.0,,,4.0,2.0,0.0,1,2.0,2.0,2.0,,865.38,1.0,,,,,14699.0847,3626.9268,3.0,1.0,0.0,,0,0,50035,1,,,,1.0,1.0,,3605.2953,7860.0,2310.0,-1,,,,,,,11164.0,2009,588,573,0.0,0.0,1.0,0.0,0.0,18.0,8.0,40.0,2009,MIS4_to_MIS8,True,False,True
10975091417959,1,1.0,7,4,2,8300,83001,1,1,33,17,41180,0,2.0,1.0,,6,2,74,,2,40,1,,1,0,0,4,2,57,57,57,1,0,0,1.0,1.0,,40.0,,40.0,,,,,,2.0,2.0,0.0,1,2.0,2.0,2.0,,1110.5,2.0,2.0,,,,11513.1179,2713.7622,,,0.0,,0,0,4924,1,,,3.0,,,,2718.6377,9470.0,2150.0,-1,,,,,,,11284.0,2008,576,573,,,,,,14.0,7.0,51.0,2008,1.0,7,8,2,8300,83001,1,17,41180,0,2.0,1.0,,6,2,75,,2,40,1,,0,0,4,2,57,57,57,1,0,0,1.0,1.0,,40.0,,40.0,,,,,,2.0,2.0,0.0,1,2.0,2.0,2.0,,1195.0,2.0,2.0,,,,8893.0437,2525.0501,,,0.0,,0,0,4618,1,,,3.0,,,,2450.5406,9470.0,2150.0,-1,,,,,,,11182.0,2009,588,573,,,,,,14.0,7.0,51.0,2009,MIS4_to_MIS8,True,False,False
33341770924575,1,1.0,6,4,2,8300,83001,1,1,33,17,16980,0,2.0,1.0,,7,2,29,,1,43,2,,1,0,0,7,2,57,57,57,1,0,0,1.0,1.0,,55.0,,65.0,,,,,,2.0,2.0,0.0,1,2.0,2.0,2.0,,576.92,2.0,2.0,,,,16634.3021,4034.5872,,,0.0,,0,0,34178,1,,,,2.0,,,4279.2834,9480.0,2020.0,7010,,,,,,,11304.0,2008,576,573,,,,,,16.0,6.0,51.0,2008,1.0,6,8,2,8300,83001,1,17,16980,0,2.0,1.0,,7,2,30,,1,43,2,,0,0,7,2,57,57,57,1,0,0,1.0,1.0,,50.0,,50.0,,,,,,2.0,5.0,0.0,1,1.0,2.0,2.0,,769.23,2.0,2.0,,,,14542.9778,3266.7524,,,0.0,,0,0,20619,1,,,,1.0,1.0,,3255.0661,8180.0,2000.0,-1,,,,,,,11210.0,2009,588,573,,,,,,18.0,6.0,42.0,2009,MIS4_to_MIS8,False,True,True
107909341897877,1,2.0,3,4,2,8300,83001,1,1,33,17,41180,163,2.0,1.0,,6,1,57,,1,42,1,,1,1,1,5,2,57,57,57,1,0,0,2.0,1.0,,40.0,,40.0,,,,,,2.0,1.0,0.0,1,2.0,1.0,1.0,750.0,865.38,1.0,,,,,10692.0115,2651.5593,4.0,1.0,0.0,1.0,0,0,34353,1,,,3.0,,,,2660.5535,6370.0,5550.0,-1,4.0,,,,,,11344.0,2008,576,573,0.0,0.0,0.0,1.0,0.0,14.0,17.0,23.0,2008,1.0,3,8,2,8300,83001,1,17,41180,163,2.0,1.0,,6,1,58,,1,42,1,,1,1,5,2,57,57,57,1,0,0,1.0,1.0,,48.0,,50.0,,,,,,2.0,1.0,0.0,1,2.0,,1.0,1680.0,806.4,1.0,,,,,9326.4804,2364.8231,0.0,0.0,1.0,1.0,23,42,20814,1,,,4.0,,,,2351.1001,6370.0,5550.0,-1,4.0,,,,,,11256.0,2009,588,573,0.0,0.0,0.0,0.0,0.0,15.0,17.0,23.0,2009,MIS4_to_MIS8,True,False,False
193857503043743,1,2.0,1,4,2,8300,83001,1,1,33,17,16980,0,2.0,1.0,,7,3,41,1.0,2,44,1,,2,1,2,1,2,57,57,57,1,0,0,1.0,1.0,,40.0,,40.0,,,,,,2.0,3.0,0.0,1,2.0,2.0,2.0,,903.0,1.0,,,,,12254.0336,3018.4847,3.0,2.0,1.0,,0,42,51323,2,,,,,,2.0,3049.2547,7860.0,2310.0,-1,,,,,,,11385.0,2008,576,573,0.0,0.0,1.0,0.0,0.0,18.0,8.0,40.0,2008,2.0,1,8,2,8300,83001,1,17,16980,0,2.0,1.0,,7,3,42,1.0,2,44,1,,1,2,1,2,57,57,57,1,0,0,1.0,1.0,,40.0,13.0,32.0,,,13.0,,,4.0,3.0,0.0,1,2.0,2.0,2.0,,1923.0,1.0,,,,,13449.0877,3427.3295,3.0,2.0,1.0,,0,0,66732,2,,,,,,2.0,3386.0223,7860.0,2310.0,-1,,,,,,,11288.0,2009,588,573,0.0,0.0,1.0,0.0,0.0,18.0,8.0,40.0,2009,MIS4_to_MIS8,True,False,False
197867709050761,1,1.0,1,4,2,8300,83001,1,1,33,17,16980,0,2.0,1.0,,7,1,42,2.0,2,44,1,,1,1,1,1,2,57,57,57,1,0,0,1.0,1.0,,-4.0,,55.0,,,,,,2.0,3.0,0.0,1,2.0,2.0,2.0,,1923.07,1.0,,,,,12254.0336,3018.4847,0.0,0.0,0.0,,0,0,51322,1,,,,,,2.0,3049.2547,7860.0,2310.0,-1,,,,,,,11409.0,2008,576,573,0.0,0.0,0.0,0.0,0.0,18.0,8.0,40.0,2008,1.0,1,8,2,8300,83001,1,17,16980,0,2.0,1.0,,7,1,43,2.0,2,44,1,,1,1,1,2,57,57,57,1,0,0,1.0,1.0,,40.0,10.0,24.0,,,10.0,,,4.0,4.0,0.0,1,2.0,2.0,2.0,,1923.07,1.0,,,,,13449.0877,3427.3295,0.0,0.0,0.0,,0,0,42196,1,,,,,,2.0,3386.0223,7860.0,2310.0,-1,,,,,,,11323.0,2009,588,573,0.0,0.0,0.0,0.0,0.0,18.0,8.0,40.0,2009,MIS4_to_MIS8,False,True,True
371953007908196,1,1.0,1,4,2,8300,83001,1,1,33,17,16980,0,2.0,1.0,,7,3,54,1.0,1,40,1,,2,1,2,1,2,57,57,57,1,0,0,2.0,1.0,,40.0,4.0,16.0,,,4.0,,,4.0,2.0,0.0,1,2.0,2.0,2.0,,1692.3,2.0,1.0,,,,10922.9018,2705.4469,0.0,0.0,0.0,,0,0,4904,2,,,3.0,,,,2741.4693,7860.0,1100.0,-1,,,,,,,11512.0,2008,576,573,0.0,0.0,0.0,0.0,0.0,14.0,3.0,40.0,2008,2.0,1,8,2,8300,83001,1,17,16980,0,2.0,1.0,,7,3,55,1.0,1,40,1,,1,2,1,2,57,57,57,1,0,0,1.0,1.0,,-4.0,,50.0,,,,,,2.0,2.0,0.0,1,2.0,2.0,2.0,,1692.0,2.0,2.0,,,,9632.7091,2442.4705,0.0,0.0,1.0,,0,42,42235,2,,,4.0,,,,2428.2969,7860.0,1100.0,-1,,,,,,,11442.0,2009,588,573,0.0,0.0,0.0,0.0,0.0,15.0,3.0,40.0,2009,MIS4_to_MIS8,True,False,False
630972093317699,1,1.0,1,4,2,8300,83001,1,1,33,17,16980,0,2.0,1.0,,7,3,54,1.0,2,45,1,,2,1,2,1,2,57,57,57,1,0,0,2.0,1.0,,50.0,,50.0,,,,,,2.0,2.0,0.0,1,2.0,2.0,2.0,,1769.23,2.0,2.0,,,,10597.6685,2613.9108,4.0,1.0,0.0,,0,0,34226,2,,,,,,,2649.4535,7860.0,230.0,-1,,,,,,,11564.0,2008,576,573,0.0,0.0,0.0,1.0,0.0,18.0,1.0,40.0,2008,1.0,1,8,2,8300,83001,1,17,16980,0,2.0,1.0,,7,3,55,1.0,2,45,1,,1,2,1,2,57,57,57,1,0,0,2.0,1.0,,45.0,,45.0,,,,,,2.0,2.0,0.0,1,2.0,2.0,2.0,,1730.76,2.0,2.0,,,,10427.7875,2638.6596,0.0,0.0,0.0,,0,0,50020,2,,,,,,,2621.8903,7870.0,230.0,-1,,,,,,,11503.0,2009,588,573,0.0,0.0,0.0,0.0,0.0,18.0,1.0,40.0,2009,MIS4_to_MIS8,True,False,False
710709877669510,1,2.0,1,4,2,8300,83001,1,1,33,17,16980,0,2.0,1.0,,7,1,55,2.0,1,44,1,,1,1,1,1,2,57,57,57,1,0,0,2.0,1.0,,45.0,,45.0,,,,,,2.0,3.0,0.0,1,2.0,2.0,2.0,,1826.92,1.0,,,,,10623.7529,2634.6315,0.0,0.0,0.0,,0,0,21971,1,,,,,,3.0,2643.5683,7860.0,2310.0,-1,,,,,,,11605.0,2008,576,573,0.0,0.0,0.0,0.0,0.0,18.0,8.0,40.0,2008,1.0,1,8,2,8300,83001,1,17,16980,0,2.0,1.0,,7,1,56,2.0,1,44,1,,1,1,1,2,57,57,57,1,0,0,1.0,1.0,,70.0,,70.0,,,,,,2.0,4.0,0.0,1,1.0,2.0,2.0,,2269.23,1.0,,,,,9632.7091,2442.4705,0.0,0.0,0.0,,0,0,7792,1,,,,,,3.0,2428.2969,7860.0,2320.0,-1,,,,,,,11547.0,2009,588,573,0.0,0.0,0.0,0.0,0.0,18.0,8.0,40.0,2009,MIS4_to_MIS8,False,True,True
710709877669510,1,2.0,1,4,2,8300,83001,1,1,33,17,16980,0,2.0,1.0,,7,3,56,1.0,2,44,1,,2,1,2,1,2,57,57,57,1,0,0,1.0,1.0,,45.0,,45.0,,,,,,2.0,3.0,0.0,1,2.0,2.0,2.0,,1711.53,1.0,,,,,10341.0124,2509.1089,0.0,0.0,0.0,,0,0,21971,2,,,,,,2.0,2523.2869,7860.0,2310.0,-1,,,,,,,11606.0,2008,576,573,0.0,0.0,0.0,0.0,0.0,18.0,8.0,40.0,2008,1.0,1,8,2,8300,83001,1,17,16980,0,2.0,1.0,,7,3,57,1.0,2,44,1,,1,2,1,2,57,57,57,1,0,0,2.0,1.0,,50.0,4.0,30.0,,,4.0,,,4.0,3.0,0.0,1,2.0,2.0,2.0,,1846.15,1.0,,,,,10427.7875,2638.6596,0.0,0.0,0.0,,0,0,7792,2,,,,,,3.0,2621.8903,7860.0,2310.0,-1,,,,,,,11548.0,2009,588,573,0.0,0.0,0.0,0.0,0.0,18.0,8.0,40.0,2009,MIS4_to_MIS8,True,False,False
710709906593381,1,1.0,1,4,2,8300,83001,1,1,33,17,16980,0,2.0,1.0,,7,1,41,2.0,1,43,1,,1,1,1,1,2,57,57,57,1,0,0,1.0,1.0,,40.0,,40.0,,,,,,2.0,2.0,0.0,1,2.0,2.0,2.0,,1730.76,1.0,,,,,13931.9324,3515.4655,5.0,3.0,0.0,,0,0,4905,1,,,,1.0,2.0,,3553.6773,7870.0,1010.0,-1,,,,,,,11607.0,2008,576,573,1.0,1.0,0.0,0.0,1.0,17.0,3.0,40.0,2008,2.0,1,8,2,8300,83001,1,17,16980,0,2.0,1.0,,7,1,42,2.0,1,43,1,,1,1,1,2,57,57,57,1,0,0,2.0,1.0,,40.0,13.0,32.0,,,13.0,,,4.0,3.0,0.0,1,2.0,2.0,2.0,,1292.3,1.0,,,,,11358.7789,2855.1836,11.0,3.0,0.0,,0,0,20723,1,,,,2.0,,,2820.296,7870.0,1010.0,1000,,,,,,,11549.0,2009,588,573,1.0,1.0,1.0,0.0,1.0,16.0,3.0,40.0,2009,MIS4_to_MIS8,True,False,True
710709984815680,1,1.0,1,4,2,8300,83001,1,1,33,17,16980,0,2.0,1.0,,7,1,42,2.0,1,43,1,,1,1,1,1,2,57,57,57,1,0,0,1.0,1.0,,40.0,,40.0,,,,,,2.0,3.0,0.0,1,2.0,2.0,2.0,,1923.07,2.0,2.0,,,,13931.9324,3515.4655,3.0,2.0,0.0,,0,0,51362,1,,,,1.0,2.0,,3553.6773,9470.0,3740.0,-1,,,,,,,11615.0,2008,576,573,0.0,0.0,1.0,0.0,0.0,17.0,12.0,51.0,2008,1.0,1,8,2,8300,83001,1,17,16980,0,2.0,1.0,,7,1,43,2.0,1,43,1,,1,1,1,2,57,57,57,1,0,0,1.0,1.0,,40.0,,40.0,,,,,,2.0,3.0,0.0,1,2.0,2.0,2.0,,2019.23,2.0,2.0,,,,11358.7789,2855.1836,3.0,2.0,0.0,,0,0,61703,1,,,,1.0,1.0,,2820.296,9470.0,3720.0,-1,,,,,,,11557.0,2009,588,573,0.0,0.0,1.0,0.0,0.0,18.0,12.0,51.0,2009,MIS4_to_MIS8,True,False,False
710709989628182,1,2.0,1,4,2,8300,83001,1,1,33,17,16980,0,2.0,1.0,,7,3,48,1.0,2,40,1,,2,1,2,1,2,57,57,57,1,0,0,1.0,1.0,,38.0,,38.0,,,,,,2.0,3.0,0.0,1,2.0,1.0,1.0,1288.0,447.69,2.0,2.0,,,,11095.7535,2751.6621,3.0,1.0,0.0,0.0,0,0,8314,2,,,1.0,,,,2773.9765,7860.0,2540.0,-1,,,,,,,11622.0,2008,576,573,0.0,0.0,1.0,0.0,0.0,12.0,8.0,40.0,2008,2.0,1,8,2,8300,83001,1,17,16980,0,2.0,1.0,,7,3,49,1.0,2,40,1,,1,2,1,2,57,57,57,1,0,0,1.0,1.0,,37.0,10.0,22.0,,,10.0,,,4.0,3.0,0.0,1,2.0,,1.0,1640.0,606.8,2.0,2.0,,,,11417.4782,2809.1623,4.0,1.0,0.0,0.0,0,0,7965,2,,,1.0,,,,2809.8102,7860.0,2540.0,-1,,,,,,,11564.0,2009,588,573,0.0,0.0,0.0,1.0,0.0,12.0,8.0,40.0,2009,MIS4_to_MIS8,True,False,False
710709989628182,1,2.0,1,4,2,8300,83001,1,1,33,17,16980,0,2.0,1.0,,7,4,23,,2,42,1,,3,1,3,7,2,57,57,57,1,0,0,2.0,1.0,,30.0,,30.0,,,20.0,,,7.0,3.0,0.0,1,2.0,,1.0,900.0,270.0,2.0,2.0,1.0,1.0,2.0,15362.4552,3617.9762,,,0.0,0.0,0,0,8314,3,,,4.0,,,,3657.0883,7860.0,2540.0,-1,,,,,2.0,1.0,11623.0,2008,576,573,,,,,,15.0,8.0,40.0,2008,2.0,1,8,2,8300,83001,1,17,16980,0,2.0,1.0,,7,4,24,,2,43,1,,1,3,7,2,57,57,57,1,0,0,2.0,1.0,,37.0,10.0,22.0,,,10.0,,,4.0,3.0,0.0,1,2.0,,1.0,1400.0,518.0,2.0,2.0,1.0,2.0,2.0,16163.6836,4083.4866,,,0.0,0.0,0,0,7965,3,,,,2.0,,,4080.8273,7860.0,2540.0,-1,,,,,2.0,1.0,11565.0,2009,588,573,,,,,,16.0,8.0,40.0,2009,MIS4_to_MIS8,True,False,False
779440826390971,1,1.0,6,4,2,8300,83001,1,1,33,17,16980,0,2.0,1.0,,7,2,45,,1,40,1,,1,0,0,7,2,57,57,57,1,0,0,1.0,1.0,,45.0,,45.0,,,,,,2.0,3.0,0.0,1,1.0,,1.0,2800.0,1260.0,1.0,,,,,10622.2851,2622.9635,,,1.0,1.0,0,0,8312,1,,,3.0,,,,2666.0194,6180.0,7210.0,-1,,,,,,,11658.0,2008,576,573,,,,,,14.0,20.0,23.0,2008,1.0,6,8,2,8300,83001,1,17,16980,0,2.0,1.0,,7,2,46,,1,40,1,,0,0,7,2,57,57,57,1,0,0,1.0,1.0,,40.0,,40.0,,,,,,2.0,3.0,0.0,1,2.0,,1.0,2400.0,960.0,1.0,,,,,11526.8896,2936.0106,,,1.0,1.0,0,42,53973,1,,,2.0,,,,2931.3323,9390.0,7210.0,-1,,,,,,,11604.0,2009,588,573,,,,,,13.0,20.0,51.0,2009,MIS4_to_MIS8,True,False,False
969057969179580,1,1.0,4,4,2,8300,83001,1,1,33,17,40420,0,2.0,1.0,,3,1,36,,2,40,1,,1,1,1,7,2,57,57,57,1,0,0,1.0,1.0,,40.0,,47.0,,,,,,2.0,3.0,0.0,1,2.0,,1.0,1240.0,496.0,2.0,2.0,,,,13232.637,3267.9728,4.0,1.0,0.0,0.0,0,0,31899,1,,,3.0,,,,3292.7672,9370.0,5860.0,5860,,,,,,,11761.0,2008,576,573,0.0,0.0,0.0,1.0,0.0,14.0,17.0,51.0,2008,1.0,4,8,2,8300,83001,1,17,40420,0,2.0,1.0,,3,1,37,,2,40,1,,1,1,7,2,57,57,57,1,0,0,1.0,1.0,,40.0,,40.0,,,,,,2.0,3.0,0.0,1,2.0,,1.0,1400.0,560.0,2.0,2.0,,,,13047.3174,3295.585,4.0,1.0,0.0,0.0,0,0,20469,1,,,3.0,,,,3284.8702,9370.0,5860.0,-1,,,,,,,11734.0,2009,588,573,0.0,0.0,0.0,1.0,0.0,14.0,17.0,51.0,2009,MIS4_to_MIS8,True,False,False
88691770691793,1,1.0,1,4,2,8300,83001,1,1,33,17,0,99,3.0,2.0,,0,1,43,2.0,2,39,1,,1,1,1,1,2,57,57,57,1,0,0,1.0,1.0,,8.0,,24.0,,,15.0,,,6.0,1.0,0.0,1,2.0,,1.0,1751.0,140.08,1.0,,,,,12125.642,2986.8585,10.0,4.0,0.0,0.0,0,0,4914,1,1.0,,,,,,3017.3061,6370.0,5550.0,-1,,,,,,,11813.0,2008,576,573,0.0,0.0,1.0,1.0,0.0,12.0,17.0,23.0,2008,1.0,1,8,2,8300,83001,1,17,0,99,3.0,2.0,,0,1,44,2.0,2,39,1,,1,1,1,2,57,57,57,1,0,0,1.0,1.0,,8.0,,32.0,,,14.0,,,6.0,1.0,0.0,1,2.0,,1.0,1820.0,145.6,2.0,1.0,,,,13538.1625,3450.029,10.0,4.0,0.0,0.0,0,0,42271,1,1.0,,,,,,3408.4483,6370.0,5550.0,-1,,,,,,,11781.0,2009,588,573,0.0,0.0,1.0,1.0,0.0,12.0,17.0,23.0,2009,MIS4_to_MIS8,True,False,False
109057605084751,1,1.0,1,4,2,8300,83001,1,1,33,17,0,99,3.0,2.0,,0,3,36,1.0,1,43,1,,2,1,2,1,2,57,57,57,1,0,0,2.0,1.0,,40.0,,40.0,,,,,,2.0,2.0,0.0,1,1.0,1.0,1.0,2800.0,846.15,1.0,,,,,13629.9007,3452.9191,3.0,2.0,0.0,1.0,0,0,4913,2,,,,2.0,,,3476.6368,770.0,6200.0,-1,,,,,,,11820.0,2008,576,573,0.0,0.0,1.0,0.0,0.0,16.0,19.0,4.0,2008,1.0,1,8,2,8300,83001,1,17,0,99,3.0,2.0,,0,3,37,1.0,1,43,1,,1,2,1,2,57,57,57,1,0,0,2.0,1.0,,40.0,,40.0,,,,,,2.0,2.0,0.0,1,2.0,,1.0,1100.0,440.0,1.0,,,,,11337.8769,2843.3623,3.0,2.0,1.0,1.0,0,42,4609,2,,,,2.0,,,2815.1062,770.0,1550.0,-1,,,,,,,11788.0,2009,588,573,0.0,0.0,1.0,0.0,0.0,16.0,4.0,4.0,2009,MIS4_to_MIS8,True,False,False
710700069555814,1,2.0,1,4,2,8300,83001,1,1,33,17,0,99,3.0,2.0,,0,1,47,2.0,2,43,1,,1,1,1,1,2,57,57,57,1,0,0,2.0,1.0,,40.0,,40.0,,,,,,2.0,3.0,0.0,1,2.0,2.0,2.0,,830.0,1.0,,,,,10979.4977,2722.8315,4.0,1.0,1.0,,0,42,8257,1,,,,1.0,1.0,,2744.9122,7860.0,2310.0,-1,,,,,,,11851.0,2008,576,573,0.0,0.0,0.0,1.0,0.0,18.0,8.0,40.0,2008,1.0,1,8,2,8300,83001,1,17,0,99,3.0,2.0,,0,1,48,2.0,2,43,1,,1,1,1,2,57,57,57,1,0,0,1.0,1.0,,50.0,10.0,8.0,,,10.0,,,4.0,3.0,0.0,1,2.0,2.0,2.0,,769.23,1.0,,,,,11493.0974,2827.7677,0.0,0.0,0.0,,0,0,42268,1,,,,1.0,1.0,,2828.4199,7860.0,2310.0,-1,,,,,,,11815.0,2009,588,573,0.0,0.0,0.0,0.0,0.0,18.0,8.0,40.0,2009,MIS4_to_MIS8,True,False,False
927109970389105,1,1.0,1,4,2,8300,83001,1,1,33,17,0,0,3.0,2.0,,0,1,56,2.0,1,41,1,,1,1,1,1,2,57,57,57,1,0,0,1.0,2.0,5.0,40.0,,,,,,,,5.0,1.0,0.0,1,1.0,,1.0,2100.0,1096.0,1.0,,,,,10512.4425,2607.0272,0.0,0.0,0.0,0.0,0,0,8233,1,,,3.0,,,,2615.8703,6370.0,5560.0,-1,3.0,4.0,,,3.0,,11902.0,2008,576,573,0.0,0.0,0.0,0.0,0.0,14.0,17.0,23.0,2008,1.0,1,8,2,8300,83001,1,17,0,0,3.0,2.0,,0,1,57,2.0,1,41,1,,1,1,1,2,57,57,57,1,0,0,1.0,1.0,,40.0,,56.0,,,,,,2.0,1.0,0.0,1,2.0,1.0,1.0,2525.0,1200.0,1.0,,,,,9696.5076,2458.6472,0.0,0.0,0.0,0.0,0,0,17374,1,,,3.0,,,,2444.3798,6370.0,5560.0,-1,3.0,4.0,,,3.0,,11857.0,2009,588,573,0.0,0.0,0.0,0.0,0.0,14.0,17.0,23.0,2009,MIS4_to_MIS8,True,False,False
450973093717349,1,2.0,3,4,2,8300,83001,1,1,33,17,44100,0,,1.0,,2,4,19,,1,39,1,,2,1,3,7,2,57,57,57,1,0,0,1.0,3.0,,,,,9.0,,,9.0,1.0,11.0,3.0,0.0,2,,,,,,,,2.0,,,21978.3535,3569.4882,,,,,0,0,4936,2,1.0,,,,,,3689.5164,8570.0,4250.0,-1,,,,,,1.0,11984.0,2008,576,573,,,,,,12.0,14.0,44.0,2008,1.0,3,8,2,8300,83001,1,17,44100,0,,1.0,,2,4,20,,1,39,1,,1,3,7,2,57,57,57,1,0,0,2.0,3.0,,,,,10.0,,,10.0,1.0,11.0,3.0,0.0,2,,,,,,,,2.0,,,14066.8076,3191.445,,,,,0,0,4631,2,1.0,,,,,,3318.0142,8570.0,4250.0,-1,,,,,,1.0,11942.0,2009,588,573,,,,,,12.0,14.0,44.0,2009,MIS4_to_MIS8,True,False,False
937269170419108,1,1.0,1,4,2,8300,83001,1,1,33,17,16580,0,,1.0,,2,1,60,2.0,1,40,1,,1,1,1,1,2,57,57,57,1,0,0,1.0,1.0,,40.0,,51.0,,,,,,2.0,3.0,0.0,1,2.0,1.0,1.0,1500.0,600.0,1.0,,,,,11829.603,2857.4439,0.0,0.0,0.0,0.0,0,0,8063,1,,,2.0,,,,2914.8095,8270.0,1100.0,430,3.0,4.0,,,,,12024.0,2008,576,573,0.0,0.0,0.0,0.0,0.0,13.0,3.0,42.0,2008,2.0,1,8,2,8300,83001,1,17,16580,0,,1.0,,2,1,61,2.0,1,40,1,,1,1,1,2,57,57,57,1,0,0,2.0,1.0,,40.0,,40.0,,,,,,2.0,3.0,0.0,1,2.0,,1.0,1573.0,629.2,1.0,,,,,9269.1968,2529.1136,0.0,0.0,0.0,0.0,0,0,20484,1,,,2.0,,,,2498.0224,8270.0,5400.0,-1,3.0,4.0,,,,,11977.0,2009,588,573,0.0,0.0,0.0,0.0,0.0,13.0,17.0,42.0,2009,MIS4_to_MIS8,True,False,False
937269170419108,1,1.0,1,4,2,8300,83001,1,1,33,17,16580,0,,1.0,,2,3,55,1.0,2,39,1,,2,1,2,1,2,57,57,57,1,0,0,2.0,1.0,,40.0,,40.0,,,,,,2.0,3.0,0.0,1,2.0,1.0,1.0,1400.0,500.0,1.0,,,,,10528.1307,2554.5107,0.0,0.0,0.0,0.0,0,0,8063,2,1.0,,,,,,2568.9452,8270.0,4610.0,-1,,,,,,,12025.0,2008,576,573,0.0,0.0,0.0,0.0,0.0,12.0,15.0,42.0,2008,2.0,1,8,2,8300,83001,1,17,16580,0,,1.0,,2,3,56,1.0,2,39,1,,1,2,1,2,57,57,57,1,0,0,1.0,1.0,,40.0,,40.0,,,,,,2.0,3.0,0.0,1,2.0,,1.0,1348.0,539.2,1.0,,,,,10213.3511,2584.3983,0.0,0.0,0.0,0.0,0,0,20484,2,1.0,,,,,,2567.9739,8270.0,4650.0,-1,,,,,,,11978.0,2009,588,573,0.0,0.0,0.0,0.0,0.0,12.0,15.0,42.0,2009,MIS4_to_MIS8,True,False,False
937279670159102,1,1.0,1,4,2,8300,83001,1,1,33,17,16580,0,,1.0,,2,1,65,2.0,2,39,1,,1,1,1,1,2,57,57,57,1,0,0,1.0,5.0,,,,,,,,,,1.0,3.0,0.0,2,,,,,,,,,,,10251.9469,2628.0518,0.0,0.0,,,0,0,22182,1,1.0,,,,,,2572.0803,7860.0,4010.0,-1,,,,,,,12026.0,2008,576,573,0.0,0.0,0.0,0.0,0.0,12.0,13.0,40.0,2008,1.0,1,8,2,8300,83001,1,17,16580,0,,1.0,,2,1,68,2.0,2,39,1,,1,1,1,2,57,57,57,1,0,0,1.0,5.0,,,,,,,,,,1.0,,,2,,,,,,,,,,,11261.3831,2758.1823,0.0,0.0,,,0,0,20805,1,1.0,,,,,,2790.7032,,,-1,,,,,,,11979.0,2009,588,573,0.0,0.0,0.0,0.0,0.0,12.0,,,2009,MIS4_to_MIS8,False,True,True
187049880069107,2,1.0,1,4,2,8300,83001,1,1,33,17,16980,0,1.0,1.0,,7,3,38,1.0,1,43,1,,2,1,2,1,2,57,57,57,1,0,0,2.0,1.0,,40.0,,40.0,,,,,,2.0,3.0,0.0,1,2.0,2.0,2.0,,1442.3,1.0,,,,,11344.6105,2895.6883,1.0,2.0,0.0,,0,0,42508,2,,,,1.0,1.0,,2879.649,7860.0,2320.0,-1,,,,,,,48871.0,2008,577,574,1.0,0.0,0.0,0.0,1.0,18.0,8.0,40.0,2008,2.0,1,8,2,8300,83001,1,17,16980,0,1.0,1.0,,7,3,39,1.0,1,44,1,,1,2,1,2,57,57,57,1,0,0,1.0,1.0,,45.0,,45.0,,,,,,2.0,3.0,0.0,1,2.0,2.0,2.0,,1634.61,2.0,2.0,,,,11520.7574,2976.5151,5.0,2.0,0.0,,0,0,33859,2,,,,,,2.0,2935.1037,7860.0,2320.0,-1,,,,,,,48835.0,2009,589,574,1.0,1.0,0.0,0.0,1.0,18.0,8.0,40.0,2009,MIS4_to_MIS8,True,False,False
308908321781397,2,1.0,6,4,2,8300,83001,1,1,33,17,16980,0,1.0,1.0,1.0,7,2,38,,1,43,2,,1,0,0,7,2,57,57,57,1,0,0,1.0,1.0,,40.0,6.0,32.0,,,6.0,,,4.0,3.0,0.0,1,2.0,,1.0,2175.0,870.0,2.0,2.0,,,,16410.5029,3742.6883,,,1.0,1.0,0,42,67709,1,,,,1.0,1.0,,3778.8387,7860.0,230.0,-1,,,,,,,48915.0,2008,577,574,,,,,,18.0,1.0,40.0,2008,1.0,6,8,2,8300,83001,1,17,16980,0,1.0,1.0,1.0,7,2,39,,1,43,2,,0,0,7,2,57,57,57,1,0,0,1.0,1.0,,40.0,,40.0,,,,,,2.0,3.0,0.0,1,2.0,2.0,2.0,,807.69,1.0,,,,,13680.9602,3375.5133,,,0.0,,0,0,20961,1,,,,2.0,,,3301.5215,7860.0,230.0,-1,,,,,,,48880.0,2009,589,574,,,,,,16.0,1.0,40.0,2009,MIS4_to_MIS8,True,False,False
480198687700970,2,1.0,1,4,2,8300,83001,1,1,33,17,16980,0,1.0,1.0,,7,3,29,1.0,2,44,1,,2,1,2,1,2,57,116,116,1,0,0,2.0,2.0,8.0,45.0,,,,,,,,5.0,3.0,0.0,1,2.0,2.0,2.0,,769.23,1.0,,,,,14245.6815,3468.1505,1.0,1.0,0.0,,0,0,19985,2,,,,,,2.0,3500.1365,7860.0,2310.0,-1,,,,,,,48950.0,2008,577,574,1.0,0.0,0.0,0.0,1.0,18.0,8.0,40.0,2008,1.0,1,8,2,8300,83001,1,17,16980,0,1.0,1.0,,7,3,30,1.0,2,44,1,,1,2,1,2,57,116,116,1,0,0,2.0,1.0,,40.0,,40.0,,,,,,2.0,3.0,0.0,1,2.0,2.0,2.0,,673.07,1.0,,,,,11157.319,2872.7699,1.0,1.0,0.0,,0,0,33847,2,,,,,,2.0,2829.9135,7860.0,2310.0,-1,,,,,,,48927.0,2009,589,574,1.0,0.0,0.0,0.0,1.0,18.0,8.0,40.0,2009,MIS4_to_MIS8,True,False,False
571486038907498,2,1.0,6,4,2,8300,83001,1,1,33,17,16980,0,1.0,1.0,1.0,7,2,33,,1,42,2,,1,0,0,7,2,57,57,57,1,0,0,1.0,1.0,,40.0,,40.0,,,,,,2.0,3.0,0.0,1,2.0,2.0,2.0,,550.0,1.0,,,,,12423.8366,3098.7039,,,0.0,,0,0,53385,1,,,4.0,,,,3196.6917,7860.0,2540.0,-1,,,,,,,48961.0,2008,577,574,,,,,,15.0,8.0,40.0,2008,1.0,6,8,2,8300,83001,1,17,16980,0,1.0,1.0,1.0,7,2,34,,1,42,2,,0,0,7,2,57,57,57,1,0,0,1.0,1.0,,40.0,4.0,16.0,,,4.0,,,4.0,3.0,0.0,1,2.0,2.0,2.0,,708.0,1.0,,,,,10803.8336,2891.4067,,,0.0,,0,0,33863,1,,,3.0,,,,2839.2259,7860.0,2540.0,-1,,,,,,,48941.0,2009,589,574,,,,,,14.0,8.0,40.0,2009,MIS4_to_MIS8,True,False,False
740673094718239,2,1.0,3,4,2,8300,83001,1,1,33,17,16980,0,1.0,1.0,1.0,7,1,46,,1,43,2,,4,1,1,5,2,57,57,57,1,0,0,2.0,1.0,,40.0,,40.0,,,,,,2.0,1.0,0.0,1,2.0,2.0,2.0,,1192.0,2.0,2.0,,,,14504.6307,3606.6043,0.0,0.0,1.0,,0,42,49565,4,,,,2.0,,,3572.7883,6990.0,540.0,-1,,,,,,,49000.0,2008,577,574,0.0,0.0,0.0,0.0,0.0,16.0,2.0,33.0,2008,1.0,3,8,2,8300,83001,1,17,16980,0,1.0,1.0,1.0,7,1,36,,1,43,2,,1,1,5,2,57,57,57,1,0,0,2.0,1.0,,40.0,,40.0,,,,,,2.0,4.0,0.0,1,2.0,,1.0,1800.0,720.0,1.0,,,,,13680.9602,3375.5133,0.0,0.0,0.0,0.0,0,0,20970,4,,,,2.0,,,3301.5215,770.0,6230.0,-1,,,,,1.0,,48970.0,2009,589,574,0.0,0.0,0.0,0.0,0.0,16.0,19.0,4.0,2009,MIS4_to_MIS8,False,True,True
740673094718239,2,1.0,3,4,2,8300,83001,1,1,33,17,16980,0,1.0,1.0,1.0,7,8,39,2.0,1,43,2,,3,2,1,1,2,57,57,57,1,0,0,2.0,1.0,,40.0,,40.0,,,,,,2.0,3.0,0.0,1,2.0,2.0,2.0,,903.0,1.0,,,,,16410.5029,3742.6883,0.0,0.0,1.0,,0,42,49565,3,,,,2.0,,,3778.8387,7860.0,2310.0,-1,,,,,,,49002.0,2008,577,574,0.0,0.0,0.0,0.0,0.0,16.0,8.0,40.0,2008,1.0,3,8,2,8300,83001,1,17,16980,0,1.0,1.0,1.0,7,8,40,,1,44,2,,1,4,5,2,57,57,57,1,0,0,2.0,1.0,,40.0,,40.0,,,,,,2.0,3.0,0.0,1,2.0,2.0,2.0,,692.3,1.0,,,,,11451.0585,2811.6207,,,0.0,,0,0,20970,3,,,,,,2.0,2763.3963,7860.0,2310.0,-1,,,,,,,48972.0,2009,589,574,,,,,,18.0,8.0,40.0,2009,MIS4_to_MIS8,True,False,False
740673094718239,2,1.0,3,4,2,8300,83001,1,1,33,17,16980,0,1.0,1.0,1.0,7,8,64,,2,39,2,,1,1,4,5,2,57,57,57,1,0,0,1.0,1.0,,24.0,,24.0,,,21.0,,,7.0,3.0,0.0,1,2.0,,1.0,1084.0,260.16,1.0,,,,,9918.9755,2883.4485,,,1.0,1.0,0,42,49565,1,1.0,,,,,,2838.2739,7860.0,4020.0,-1,,,,,,,49003.0,2008,577,574,,,,,,12.0,13.0,40.0,2008,1.0,3,8,2,8300,83001,1,17,16980,0,1.0,1.0,1.0,7,6,73,,2,39,2,,1,4,5,2,57,57,57,1,0,0,1.0,5.0,,,,,,,,,,1.0,,,2,,,,,,,,,,,11683.8284,2916.5462,,,,,0,0,20970,1,1.0,,,,,,2991.1527,,,-1,,,,,,,48971.0,2009,589,574,,,,,,12.0,,,2009,MIS4_to_MIS8,False,True,True
788630313970981,2,1.0,7,4,2,8300,83001,1,1,33,17,16980,0,1.0,1.0,1.0,7,2,46,,2,40,2,,1,0,0,7,2,57,57,57,1,0,0,1.0,1.0,,40.0,,40.0,,,,,,2.0,1.0,0.0,1,2.0,2.0,2.0,,57.0,1.0,,,,,12699.3293,3250.3155,,,1.0,,0,0,61435,1,,,3.0,,,,3199.3933,8190.0,4120.0,-1,,,,,,,49019.0,2008,577,574,,,,,,14.0,13.0,41.0,2008,1.0,7,8,2,8300,83001,1,17,16980,0,1.0,1.0,1.0,7,2,47,,2,40,2,,0,0,7,2,57,57,57,1,0,0,1.0,1.0,,40.0,,40.0,,,,,,2.0,3.0,0.0,1,2.0,,1.0,1600.0,640.0,2.0,1.0,,,,12295.9783,3168.978,,,0.0,0.0,0,0,65422,1,,,2.0,,,,3126.2483,8190.0,3030.0,-1,,,,,,,48986.0,2009,589,574,,,,,,13.0,10.0,41.0,2009,MIS4_to_MIS8,True,False,True
933027881189930,2,2.0,6,4,2,8300,83001,1,1,33,17,16980,0,1.0,1.0,1.0,7,14,29,,2,44,1,,2,0,0,7,2,57,57,57,1,0,0,1.0,1.0,,35.0,6.0,31.0,,,6.0,,,4.0,3.0,0.0,1,2.0,2.0,2.0,,961.53,1.0,,,,,14245.6815,3468.1505,,,0.0,,0,0,6867,2,,,,,,2.0,3500.1365,7860.0,2330.0,-1,,,,,,,49066.0,2008,577,574,,,,,,18.0,8.0,40.0,2008,2.0,1,8,2,8300,83001,1,17,16980,0,1.0,1.0,1.0,7,3,27,1.0,2,44,1,,1,2,1,2,57,57,57,1,0,0,1.0,1.0,,40.0,6.0,33.0,,,6.0,,,4.0,3.0,0.0,1,2.0,2.0,2.0,,1400.0,1.0,,,,,13365.389,3426.5639,0.0,0.0,0.0,,0,0,43837,2,,,,,,3.0,3389.9627,7860.0,2330.0,-1,,,,,,,49032.0,2009,589,574,0.0,0.0,0.0,0.0,0.0,18.0,8.0,40.0,2009,MIS4_to_MIS8,True,False,False
988057588189730,2,1.0,7,4,2,8300,83001,1,1,33,17,16980,0,1.0,1.0,1.0,7,2,26,,2,46,1,,1,0,0,7,2,57,57,57,1,0,0,1.0,1.0,,40.0,,40.0,,,,,,2.0,2.0,0.0,1,2.0,2.0,2.0,,553.84,2.0,2.0,,,,14245.6815,3468.1505,,,0.0,,0,0,6866,1,,,,,,,3500.1365,8190.0,3010.0,-1,,,,,,,49086.0,2008,577,574,,,,,,18.0,10.0,41.0,2008,1.0,7,8,2,8300,83001,1,17,16980,0,1.0,1.0,1.0,7,2,27,,2,46,1,,0,0,7,2,57,57,57,1,0,0,1.0,1.0,,40.0,,40.0,,,,,,2.0,4.0,0.0,1,2.0,2.0,2.0,,807.69,2.0,2.0,,,,13365.389,3426.5639,,,0.0,,0,0,701,1,,,,,,,3389.9627,8190.0,3010.0,-1,,,,,,,49050.0,2009,589,574,,,,,,18.0,10.0,41.0,2009,MIS4_to_MIS8,False,True,True
22801870963299,2,1.0,7,4,2,8300,83001,1,1,33,17,16980,0,2.0,1.0,,7,2,59,,2,44,1,,1,0,0,4,2,57,57,57,1,0,0,1.0,1.0,,45.0,,41.0,,,,,,2.0,3.0,0.0,1,2.0,1.0,1.0,2000.0,1790.38,1.0,,,,,15104.9579,3793.1522,,,0.0,1.0,0,0,20025,1,,,,,,2.0,3770.1864,7860.0,2310.0,2310,,,,,,,49106.0,2008,577,574,,,,,,18.0,8.0,40.0,2008,1.0,7,8,2,8300,83001,1,17,16980,0,2.0,1.0,,7,2,60,,2,44,1,,0,0,4,2,57,57,57,1,0,0,1.0,1.0,,54.0,,36.0,,,,,,2.0,3.0,0.0,1,2.0,2.0,2.0,,1980.76,1.0,,,,,14787.9847,3710.0449,,,0.0,,0,0,21006,1,,,,,,3.0,3664.9934,7860.0,2310.0,-1,,,,,,,49068.0,2009,589,574,,,,,,18.0,8.0,40.0,2009,MIS4_to_MIS8,True,False,False
191968502039739,2,1.0,1,4,2,8300,83001,1,1,33,17,16980,0,2.0,1.0,,7,3,35,1.0,2,43,1,,2,1,2,1,2,57,57,57,1,0,0,2.0,1.0,,20.0,,20.0,,,17.0,,,7.0,3.0,0.0,1,2.0,,1.0,1050.0,210.0,2.0,2.0,,,,11107.8052,2786.0765,10.0,2.0,0.0,0.0,0,0,20066,2,,,,2.0,,,2778.7971,8570.0,4600.0,-1,,,,,,,49182.0,2008,577,574,0.0,0.0,1.0,1.0,0.0,16.0,15.0,44.0,2008,1.0,1,8,2,8300,83001,1,17,16980,0,2.0,1.0,,7,3,36,1.0,2,43,1,,1,2,1,2,57,57,57,1,0,0,2.0,7.0,,,,,,,,,,1.0,4.0,0.0,2,,,,,,,,,,,10979.3389,2744.9551,10.0,2.0,,,0,0,58026,2,,,,2.0,,,2732.8444,8470.0,230.0,-1,,,,,,,49168.0,2009,589,574,0.0,0.0,1.0,1.0,0.0,16.0,1.0,43.0,2009,MIS4_to_MIS8,False,True,True
193898001096702,2,1.0,1,4,2,8300,83001,1,1,33,17,16980,0,2.0,1.0,,7,1,54,2.0,1,43,1,,1,1,1,1,2,57,57,57,1,0,0,1.0,1.0,,40.0,6.0,33.0,,,6.0,,,4.0,3.0,0.0,1,2.0,2.0,2.0,,2596.15,2.0,2.0,,,,14104.8639,3567.4307,4.0,1.0,0.0,,0,0,49561,1,,,,2.0,,,3592.1846,680.0,160.0,-1,,,,,,,49203.0,2008,577,574,0.0,0.0,0.0,1.0,0.0,16.0,1.0,24.0,2008,1.0,1,8,2,8300,83001,1,17,16980,0,2.0,1.0,,7,1,55,2.0,1,43,1,,1,1,1,2,57,57,57,1,0,0,1.0,1.0,,40.0,6.0,32.0,,,6.0,,,4.0,3.0,0.0,1,1.0,2.0,2.0,,2788.46,2.0,2.0,,,,14955.2666,3727.9212,4.0,1.0,0.0,,0,0,20957,1,,,,2.0,,,3689.2261,670.0,160.0,-1,,,,,,,49193.0,2009,589,574,0.0,0.0,0.0,1.0,0.0,16.0,1.0,24.0,2009,MIS4_to_MIS8,True,False,False
198958205078709,2,1.0,7,4,2,8300,83001,1,1,33,17,16980,0,2.0,1.0,,7,2,33,,2,43,1,2.0,1,0,0,7,2,73,73,73,2,0,20,1.0,1.0,,40.0,,46.0,,,,,,2.0,2.0,0.0,1,2.0,2.0,2.0,,625.0,1.0,,,,,10519.1508,2591.5805,,,0.0,,0,0,4126,1,,,,1.0,1.0,,2584.5351,7860.0,2310.0,-1,,,,,,,49240.0,2008,577,574,,,,,,18.0,8.0,40.0,2008,1.0,7,8,2,8300,83001,1,17,16980,0,2.0,1.0,,7,2,34,,2,43,1,2.0,0,0,7,2,73,73,73,2,0,20,1.0,1.0,,40.0,,40.0,,,,,,2.0,3.0,0.0,1,2.0,2.0,2.0,,725.0,1.0,,,,,9721.248,2548.5085,,,0.0,,0,0,51123,1,,,,2.0,,,2465.6722,7860.0,2310.0,-1,,,,,,,49225.0,2009,589,574,,,,,,16.0,8.0,40.0,2009,MIS4_to_MIS8,True,False,True
220672099018389,2,1.0,1,4,2,8300,83001,1,1,33,17,16980,0,2.0,1.0,,7,4,17,,1,37,1,,4,1,3,7,2,57,57,57,1,0,0,2.0,7.0,,,,,,,,,,1.0,3.0,0.0,2,,,,,,,,1.0,1.0,1.0,11491.0016,2911.691,,,,,0,0,42535,4,,,,,,,2953.7542,8590.0,4250.0,-1,,,,,2.0,1.0,49252.0,2008,577,574,,,,,,11.0,14.0,44.0,2008,2.0,1,8,2,8300,83001,1,17,16980,0,2.0,1.0,,7,4,18,,1,40,1,,1,3,7,2,57,57,57,1,0,0,2.0,1.0,,25.0,,25.0,,,20.0,,,7.0,4.0,0.0,1,2.0,,1.0,820.0,205.0,2.0,1.0,1.0,1.0,2.0,12905.207,3267.4192,,,0.0,0.0,0,0,21005,4,,,1.0,,,,3233.7077,4970.0,9640.0,-1,,,,,2.0,1.0,49237.0,2009,589,574,,,,,,12.0,22.0,22.0,2009,MIS4_to_MIS8,False,True,True
710030996100081,2,2.0,1,4,2,8300,83001,1,1,33,17,16980,0,2.0,1.0,,7,1,35,2.0,2,43,1,,1,1,1,1,2,57,57,57,1,0,0,2.0,1.0,,40.0,13.0,1.0,,,13.0,,,4.0,1.0,0.0,1,2.0,1.0,1.0,1400.0,769.23,2.0,2.0,,,,11107.8052,2786.0765,5.0,2.0,0.0,1.0,0,0,53379,1,,,,2.0,,,2778.7971,6370.0,5560.0,-1,,,,,4.0,,49410.0,2008,577,574,1.0,1.0,0.0,0.0,1.0,16.0,17.0,23.0,2008,4.0,1,8,2,8300,83001,1,17,16980,0,2.0,1.0,,7,1,36,2.0,2,41,1,,1,1,1,2,57,57,57,1,0,0,2.0,1.0,,40.0,,40.0,,,,,,2.0,1.0,0.0,1,2.0,,1.0,1250.0,500.0,1.0,,,,,10892.6779,2744.9551,5.0,2.0,1.0,1.0,0,42,42254,1,,,3.0,,,,2724.4316,6370.0,5540.0,-1,,,,,4.0,,49392.0,2009,589,574,1.0,1.0,0.0,0.0,1.0,14.0,17.0,23.0,2009,MIS4_to_MIS8,True,False,False
771917098909995,2,1.0,6,4,2,8300,83001,1,1,33,17,40420,0,2.0,1.0,,3,2,55,,1,42,1,,1,0,0,5,2,57,57,57,1,0,0,1.0,1.0,,40.0,,40.0,,,,,,2.0,3.0,0.0,1,1.0,,1.0,1199.0,551.6,2.0,2.0,,,,13750.7779,3440.2524,,,1.0,1.0,0,42,42650,1,,,3.0,,,,3414.6134,7860.0,1810.0,-1,,,,,,,49446.0,2008,577,574,,,,,,14.0,5.0,40.0,2008,1.0,6,8,2,8300,83001,1,17,40420,0,2.0,1.0,,3,2,56,,1,42,1,,0,0,5,2,57,57,57,1,0,0,1.0,1.0,,40.0,,36.0,,,,,,2.0,3.0,0.0,1,2.0,,1.0,3773.0,1509.2,2.0,2.0,,,,14892.3919,3712.2484,,,1.0,1.0,0,42,743,1,,,4.0,,,,3673.7159,7860.0,2630.0,-1,,,,,,,49429.0,2009,589,574,,,,,,15.0,9.0,40.0,2009,MIS4_to_MIS8,True,False,False
789410581840981,2,2.0,1,4,2,8300,83001,1,1,33,17,16980,0,2.0,1.0,,7,1,59,2.0,1,44,1,,1,1,1,1,2,57,57,57,1,0,0,2.0,1.0,,50.0,,52.0,,,,,,2.0,3.0,0.0,1,2.0,,1.0,4625.0,1850.0,2.0,2.0,,,,13842.2637,3463.1409,0.0,0.0,0.0,0.0,0,0,53397,1,,,,,,2.0,3437.3313,9470.0,3710.0,-1,,,,,,,49454.0,2008,577,574,0.0,0.0,0.0,0.0,0.0,18.0,12.0,51.0,2008,1.0,1,8,2,8300,83001,1,17,16980,0,2.0,1.0,,7,1,60,2.0,1,44,1,,1,1,1,2,57,57,57,1,0,0,1.0,1.0,,50.0,,48.0,,,,,,2.0,3.0,0.0,1,2.0,2.0,2.0,,1923.07,2.0,2.0,,,,14236.9079,3595.8257,0.0,0.0,0.0,,0,0,33887,1,,,,,,2.0,3575.7757,9470.0,3710.0,-1,,,,,,,49439.0,2009,589,574,0.0,0.0,0.0,0.0,0.0,18.0,12.0,51.0,2009,MIS4_to_MIS8,True,False,False
789410581840981,2,2.0,1,4,2,8300,83001,1,1,33,17,16980,0,2.0,1.0,,7,3,61,1.0,2,43,1,,2,1,2,1,2,57,57,57,1,0,0,1.0,1.0,,40.0,,43.0,,,,,,2.0,3.0,0.0,1,2.0,1.0,1.0,2500.0,826.92,1.0,,,,,15354.9451,3912.1497,0.0,0.0,0.0,1.0,0,0,53397,2,,,,1.0,2.0,,3914.1951,7860.0,2310.0,2750,,,,,,,49455.0,2008,577,574,0.0,0.0,0.0,0.0,0.0,17.0,8.0,40.0,2008,1.0,1,8,2,8300,83001,1,17,16980,0,2.0,1.0,,7,3,62,1.0,2,43,1,,1,2,1,2,57,57,57,1,0,0,2.0,1.0,,40.0,,42.0,,,,,,2.0,3.0,0.0,1,2.0,2.0,2.0,,903.84,1.0,,,,,14787.9847,3710.0449,0.0,0.0,0.0,,0,0,33887,2,,,,2.0,,,3664.9934,7860.0,2310.0,2750,,,,,,,49440.0,2009,589,574,0.0,0.0,0.0,0.0,0.0,16.0,8.0,40.0,2009,MIS4_to_MIS8,True,False,False
810709932663379,2,2.0,1,4,2,8300,83001,1,1,33,17,16980,0,2.0,1.0,,7,3,52,1.0,2,44,1,,2,1,2,1,2,57,57,57,1,0,0,1.0,1.0,,40.0,4.0,33.0,,,4.0,,,4.0,3.0,0.0,1,2.0,1.0,1.0,1845.0,923.07,1.0,,,,,14307.5556,3568.0682,4.0,1.0,0.0,1.0,0,0,20028,2,,,,,,2.0,3602.9454,7860.0,2310.0,2340,,,,,,,49478.0,2008,577,574,0.0,0.0,0.0,1.0,0.0,18.0,8.0,40.0,2008,1.0,1,8,2,8300,83001,1,17,16980,0,2.0,1.0,,7,3,53,1.0,2,44,1,,1,2,1,2,57,57,57,1,0,0,2.0,1.0,,45.0,,36.0,,,,,,2.0,3.0,0.0,1,2.0,2.0,2.0,,1019.23,1.0,,,,,13349.4388,3388.7333,4.0,1.0,0.0,,0,0,7634,2,,,,,,2.0,3391.7481,7860.0,2310.0,-1,,,,,,,49465.0,2009,589,574,0.0,0.0,0.0,1.0,0.0,18.0,8.0,40.0,2009,MIS4_to_MIS8,True,False,False
810709932663379,2,2.0,1,4,2,8300,83001,1,1,33,17,16980,0,2.0,1.0,,7,4,21,,1,40,1,,4,1,3,7,2,57,57,57,1,0,0,2.0,1.0,,10.0,,10.0,,,20.0,,,7.0,2.0,0.0,1,2.0,,1.0,750.0,75.0,2.0,2.0,1.0,1.0,2.0,13240.6243,3417.1986,,,0.0,0.0,0,0,20028,4,,,3.0,,,,3450.2042,7870.0,5260.0,-1,,,,,2.0,1.0,49480.0,2008,577,574,,,,,,14.0,17.0,40.0,2008,1.0,1,8,2,8300,83001,1,17,16980,0,2.0,1.0,,7,4,22,,1,40,1,,1,3,7,2,57,57,57,1,0,0,2.0,7.0,,,,,,,,,,1.0,5.0,0.0,2,,,,,,,,1.0,1.0,2.0,14473.5591,3420.3824,,,,,0,0,7634,4,,,3.0,,,,3581.4649,8590.0,4620.0,-1,,,,,2.0,1.0,49467.0,2009,589,574,,,,,,14.0,15.0,44.0,2009,MIS4_to_MIS8,False,True,True
871016068909994,2,1.0,3,4,2,8300,83001,1,1,33,17,16980,111,2.0,1.0,,7,8,49,,2,39,1,,2,1,4,5,2,57,57,57,1,0,0,2.0,1.0,,40.0,,49.0,,,,,,2.0,3.0,0.0,1,2.0,2.0,2.0,,615.0,2.0,2.0,,,,15139.2763,3806.6876,,,1.0,,0,0,42583,2,1.0,,,,,,3812.3903,7860.0,9120.0,7840,3.0,,,,,,49531.0,2008,577,574,,,,,,12.0,22.0,40.0,2008,1.0,3,8,2,8300,83001,1,17,16980,111,2.0,1.0,,7,8,50,,2,39,1,,1,4,5,2,57,57,57,1,0,0,2.0,1.0,,40.0,,40.0,,,,,,2.0,3.0,0.0,1,2.0,2.0,2.0,,300.0,2.0,2.0,,,,13349.4388,3388.7333,,,1.0,,0,0,21078,2,1.0,,,,,,3391.7481,7860.0,9000.0,-1,3.0,,,,,,49515.0,2009,589,574,,,,,,12.0,22.0,40.0,2009,MIS4_to_MIS8,True,False,False
880871094518419,2,1.0,1,4,2,8300,83001,1,1,33,17,16980,0,2.0,1.0,,7,1,38,2.0,2,44,1,,1,1,1,1,2,57,57,57,1,0,0,3.0,1.0,,48.0,,46.0,,,,,,2.0,3.0,0.0,1,2.0,2.0,2.0,,1155.76,1.0,,,,,11107.8052,2786.0765,2.0,2.0,0.0,,0,0,6914,1,,,,,,3.0,2778.7971,7860.0,2310.0,2200,,,,,,,49549.0,2008,577,574,0.0,1.0,0.0,0.0,1.0,18.0,8.0,40.0,2008,2.0,1,8,2,8300,83001,1,17,16980,0,2.0,1.0,,7,1,39,2.0,2,44,1,,1,1,1,2,57,57,57,1,0,0,2.0,1.0,,55.0,,60.0,,,,,,2.0,3.0,0.0,1,2.0,2.0,2.0,,1205.76,1.0,,,,,10892.6779,2744.9551,8.0,2.0,0.0,,0,0,21010,1,,,,,,2.0,2724.4316,7860.0,2310.0,2200,,,,,,,49537.0,2009,589,574,0.0,1.0,1.0,0.0,1.0,18.0,8.0,40.0,2009,MIS4_to_MIS8,True,False,False
908901081996647,2,2.0,1,4,2,8300,83001,1,1,33,17,16980,111,2.0,1.0,,7,3,30,1.0,2,43,1,,2,1,2,1,2,57,57,57,1,0,0,1.0,1.0,,40.0,,40.0,,,,,,2.0,3.0,0.0,1,2.0,2.0,2.0,,625.0,1.0,,,,,11592.5773,2859.9151,5.0,2.0,1.0,,0,0,67720,2,,,,2.0,,,2848.2739,7860.0,2320.0,-1,,,,,,,49558.0,2008,577,574,1.0,1.0,0.0,0.0,1.0,16.0,8.0,40.0,2008,2.0,1,8,2,8300,83001,1,17,16980,111,2.0,1.0,,7,3,31,1.0,2,43,1,,1,2,1,2,57,57,57,1,0,0,1.0,1.0,,45.0,,45.0,,,,,,2.0,3.0,0.0,1,2.0,2.0,2.0,,1538.0,1.0,,,,,10545.9171,2715.347,6.0,2.0,1.0,,0,42,43919,2,,,,2.0,,,2674.8391,7860.0,2320.0,-1,,,,,,,49549.0,2009,589,574,1.0,0.0,1.0,0.0,1.0,16.0,8.0,40.0,2009,MIS4_to_MIS8,True,False,False
908906631793327,2,1.0,7,4,2,8300,83001,1,1,33,17,16980,0,2.0,1.0,,7,2,54,,2,44,1,,1,0,0,5,2,57,57,57,1,0,0,1.0,1.0,,55.0,,50.0,,,,,,2.0,3.0,0.0,1,2.0,1.0,1.0,2700.0,1240.38,1.0,,,,,14307.5556,3568.0682,,,0.0,1.0,0,0,20027,1,,,,,,2.0,3602.9454,7860.0,2310.0,-1,,,,,,,49571.0,2008,577,574,,,,,,18.0,8.0,40.0,2008,1.0,7,8,2,8300,83001,1,17,16980,0,2.0,1.0,,7,2,55,,2,44,1,,0,0,5,2,57,57,57,1,0,0,1.0,1.0,,55.0,,45.0,,,,,,2.0,3.0,0.0,1,2.0,2.0,2.0,,1596.15,1.0,,,,,14042.0837,3526.9743,,,0.0,,0,0,21009,1,,,,,,2.0,3489.2643,7860.0,2310.0,-1,,,,,,,49562.0,2009,589,574,,,,,,18.0,8.0,40.0,2009,MIS4_to_MIS8,True,False,False
385166509700974,2,1.0,1,4,2,8300,83001,1,1,33,17,0,0,3.0,2.0,,0,1,44,2.0,1,40,1,,1,1,1,1,2,57,57,57,1,0,0,1.0,1.0,,40.0,,50.0,,,,,,2.0,1.0,0.0,1,2.0,1.0,1.0,2139.0,940.0,1.0,,,,,11068.5131,2809.5357,8.0,3.0,0.0,0.0,0,0,32305,1,,,2.0,,,,2809.5661,6370.0,5550.0,-1,3.0,,,,,,49686.0,2008,577,574,0.0,1.0,1.0,0.0,1.0,13.0,17.0,23.0,2008,1.0,1,8,2,8300,83001,1,17,0,0,3.0,2.0,,0,1,45,2.0,1,40,1,,1,1,1,2,57,57,57,1,0,0,1.0,1.0,,40.0,,40.0,,,,,,2.0,1.0,0.0,1,1.0,1.0,1.0,2273.0,900.0,1.0,,,,,16110.1036,4082.0732,8.0,3.0,0.0,0.0,0,0,51008,1,,,2.0,,,,4046.6361,6370.0,5550.0,-1,3.0,,,,,,49679.0,2009,589,574,0.0,1.0,1.0,0.0,1.0,13.0,17.0,23.0,2009,MIS4_to_MIS8,True,False,False
385166509700974,2,1.0,1,4,2,8300,83001,1,1,33,17,0,0,3.0,2.0,,0,3,34,1.0,2,44,1,,2,1,2,1,2,57,57,57,1,0,0,2.0,1.0,,40.0,5.0,24.0,,,5.0,,,4.0,3.0,0.0,1,2.0,2.0,2.0,,738.46,1.0,,,,,12032.0223,2968.3272,8.0,3.0,0.0,,0,0,32305,2,,,,,,2.0,2956.2447,7860.0,2310.0,-1,,,,,,,49687.0,2008,577,574,0.0,1.0,1.0,0.0,1.0,18.0,8.0,40.0,2008,1.0,1,8,2,8300,83001,1,17,0,0,3.0,2.0,,0,3,35,1.0,2,44,1,,1,2,1,2,57,57,57,1,0,0,2.0,1.0,,45.0,,48.0,,,,,,2.0,3.0,0.0,1,2.0,2.0,2.0,,520.84,1.0,,,,,11034.042,2780.5789,8.0,3.0,0.0,,0,0,51008,2,,,,,,1.0,2759.789,7860.0,2310.0,-1,,,,,,,49680.0,2009,589,574,0.0,1.0,1.0,0.0,1.0,17.0,8.0,40.0,2009,MIS4_to_MIS8,True,False,False
608903841994847,2,1.0,1,4,2,8300,83001,1,1,33,17,0,0,3.0,2.0,,0,3,31,1.0,2,43,1,,2,1,2,1,2,57,57,57,1,0,0,2.0,1.0,,40.0,,40.0,,,,,,2.0,3.0,0.0,1,2.0,2.0,2.0,,692.3,1.0,,,,,12032.0223,2968.3272,5.0,2.0,0.0,,0,0,32548,2,,,,2.0,,,2956.2447,7860.0,2320.0,-1,,,,,,,49715.0,2008,577,574,1.0,1.0,0.0,0.0,1.0,16.0,8.0,40.0,2008,2.0,1,8,2,8300,83001,1,17,0,0,3.0,2.0,,0,3,32,1.0,2,43,1,,1,2,1,2,57,57,57,1,0,0,1.0,1.0,,40.0,6.0,32.0,,,6.0,,,4.0,3.0,0.0,1,2.0,2.0,2.0,,600.0,1.0,,,,,10682.7809,2750.5865,5.0,2.0,0.0,,0,0,58034,2,,,,1.0,1.0,,2709.5529,7860.0,2320.0,-1,,,,,,,49710.0,2009,589,574,1.0,1.0,0.0,0.0,1.0,18.0,8.0,40.0,2009,MIS4_to_MIS8,True,False,False
810709984384496,2,2.0,1,4,2,8300,83001,1,1,33,17,0,0,3.0,2.0,,0,1,35,2.0,1,40,1,,1,1,1,1,2,57,57,57,1,0,0,2.0,1.0,,40.0,,57.0,,,,,,2.0,2.0,0.0,1,1.0,2.0,2.0,,1038.46,1.0,,,,,11372.9969,2902.9339,2.0,1.0,0.0,,0,0,49622,1,,,2.0,,,,2886.8544,9470.0,3800.0,-1,2.0,,,,,,49749.0,2008,577,574,0.0,1.0,0.0,0.0,1.0,13.0,12.0,51.0,2008,2.0,1,8,2,8300,83001,1,17,0,0,3.0,2.0,,0,1,36,2.0,1,40,1,,1,1,1,2,57,57,57,1,0,0,2.0,1.0,,40.0,,50.0,,,,,,2.0,2.0,0.0,1,2.0,,1.0,1500.0,600.0,2.0,2.0,,,,11030.7618,2849.9193,5.0,2.0,1.0,1.0,0,42,65443,1,,,3.0,,,,2810.2692,9470.0,3800.0,-1,2.0,,,,,,49744.0,2009,589,574,1.0,1.0,0.0,0.0,1.0,14.0,12.0,51.0,2009,MIS4_to_MIS8,True,False,False
810709984384496,2,2.0,1,4,2,8300,83001,1,1,33,17,0,0,3.0,2.0,,0,3,30,1.0,2,43,1,,2,1,2,1,2,57,57,57,1,0,0,1.0,1.0,,40.0,,47.0,,,,,,2.0,2.0,0.0,1,1.0,2.0,2.0,,1038.46,1.0,,,,,12032.0223,2968.3272,2.0,1.0,0.0,,0,0,49622,2,,,,2.0,,,2956.2447,9470.0,3800.0,-1,,,,,,,49750.0,2008,577,574,0.0,1.0,0.0,0.0,1.0,16.0,12.0,51.0,2008,2.0,1,8,2,8300,83001,1,17,0,0,3.0,2.0,,0,3,31,1.0,2,43,1,,1,2,1,2,57,57,57,1,0,0,1.0,1.0,,40.0,,40.0,,,,,,2.0,2.0,0.0,1,2.0,2.0,2.0,,1057.69,2.0,2.0,,,,10682.7809,2750.5865,5.0,2.0,0.0,,0,42,65443,2,,,,2.0,,,2709.5529,9470.0,3800.0,-1,,,,,,,49745.0,2009,589,574,1.0,1.0,0.0,0.0,1.0,16.0,12.0,51.0,2009,MIS4_to_MIS8,True,False,False
508904491999467,2,2.0,1,4,2,8300,83001,1,1,33,17,14060,113,,1.0,,2,3,38,1.0,2,46,1,,2,1,2,1,2,57,57,57,1,0,0,1.0,1.0,,45.0,,45.0,,,,,,2.0,2.0,0.0,1,2.0,2.0,2.0,,1638.46,2.0,2.0,,,,11691.6112,2932.5077,8.0,2.0,0.0,,0,0,4129,2,,,,,,,2924.8456,7870.0,2200.0,-1,,,,,,,49851.0,2008,577,574,0.0,1.0,1.0,0.0,1.0,18.0,8.0,40.0,2008,2.0,1,8,2,8300,83001,1,17,14060,113,,1.0,,2,3,39,1.0,2,46,1,,1,2,1,2,57,57,57,1,0,0,1.0,1.0,,45.0,,45.0,,,,,,2.0,2.0,0.0,1,2.0,2.0,2.0,,1892.3,2.0,2.0,,,,10906.7837,2748.5098,8.0,2.0,0.0,,0,0,7682,2,,,,,,,2727.9596,7870.0,2200.0,-1,,,,,,,49845.0,2009,589,574,0.0,1.0,1.0,0.0,1.0,18.0,8.0,40.0,2009,MIS4_to_MIS8,True,False,False
971449048909596,2,1.0,1,4,2,8300,83001,1,1,33,17,14060,113,,1.0,,2,3,38,1.0,2,40,1,,2,1,2,1,2,57,57,57,1,0,0,2.0,2.0,14.0,-4.0,,,,,,,,10.0,2.0,0.0,1,2.0,,1.0,952.0,152.32,2.0,2.0,,,,11691.6112,2932.5077,3.0,2.0,0.0,0.0,0,0,49616,2,,,3.0,,,,2924.8456,7860.0,4030.0,-1,,,,,,,49904.0,2008,577,574,0.0,0.0,1.0,0.0,0.0,14.0,13.0,40.0,2008,2.0,1,8,2,8300,83001,1,17,14060,113,,1.0,,2,3,39,1.0,2,43,1,,1,2,1,2,57,57,57,1,0,0,1.0,1.0,,8.0,,8.0,,,18.0,,,7.0,3.0,0.0,1,2.0,,1.0,785.0,62.8,2.0,2.0,,,,10906.7837,2748.5098,3.0,2.0,0.0,0.0,0,0,21101,2,,,,2.0,,,2727.9596,7860.0,4600.0,-1,,,,,,,49886.0,2009,589,574,0.0,0.0,1.0,0.0,0.0,16.0,15.0,40.0,2009,MIS4_to_MIS8,True,False,True
75881170998388,3,4.0,1,4,2,8400,84001,1,1,33,17,16980,0,1.0,1.0,1.0,7,1,40,2.0,2,40,1,2.0,1,1,1,1,2,73,73,73,2,0,14,2.0,1.0,,40.0,,40.0,,,,,,2.0,3.0,0.0,1,2.0,2.0,2.0,,418.0,2.0,2.0,,,,12705.9883,3225.8616,4.0,1.0,1.0,,0,0,50112,1,,,1.0,,,,3208.5456,7860.0,4030.0,-1,,,,,,,86925.0,2008,578,575,0.0,0.0,0.0,1.0,0.0,12.0,13.0,40.0,2008,2.0,1,8,2,8400,84001,1,17,16980,0,1.0,1.0,1.0,7,1,41,2.0,2,40,1,2.0,1,1,1,2,73,73,73,2,0,14,2.0,2.0,5.0,38.0,,,,,,,,5.0,3.0,0.0,1,2.0,2.0,2.0,,392.0,1.0,,,,,10939.1148,2751.4734,0.0,0.0,1.0,,0,0,6634,1,,,2.0,,,,2725.2078,7860.0,2310.0,-1,,,,,,,86696.0,2009,590,575,0.0,0.0,0.0,0.0,0.0,13.0,8.0,40.0,2009,MIS4_to_MIS8,True,False,False
271381031903399,3,1.0,7,4,2,8400,84001,1,1,33,17,16980,0,1.0,1.0,,7,2,51,,2,43,1,,1,0,0,7,2,57,57,57,1,0,0,1.0,1.0,,30.0,,30.0,,,22.0,,,7.0,2.0,0.0,1,1.0,1.0,1.0,2000.0,1269.0,1.0,,,,,12446.3415,3147.505,,,1.0,1.0,0,0,41665,1,,,,1.0,1.0,,3161.6887,7860.0,2310.0,-1,,,,,,,86999.0,2008,578,575,,,,,,18.0,8.0,40.0,2008,1.0,7,8,2,8400,84001,1,17,16980,0,1.0,1.0,,7,2,52,,2,43,1,,0,0,7,2,57,57,57,1,0,0,1.0,1.0,,32.0,,32.0,,,22.0,,,7.0,3.0,0.0,1,2.0,1.0,1.0,1500.0,1500.0,1.0,,,,,11980.8978,2999.7718,,,0.0,1.0,0,0,18912,1,,,,1.0,1.0,,3003.5857,7860.0,2310.0,-1,,,,,,,86765.0,2009,590,575,,,,,,18.0,8.0,40.0,2009,MIS4_to_MIS8,True,False,True
960017709118390,3,1.0,3,4,2,8400,84001,1,1,33,17,16980,0,1.0,1.0,1.0,7,1,28,,1,41,2,,1,1,1,7,2,57,57,57,1,0,0,1.0,1.0,,40.0,,40.0,,,,,,2.0,3.0,0.0,1,1.0,,1.0,2300.0,920.0,1.0,,,,,17063.8794,3995.6341,0.0,0.0,1.0,1.0,0,42,65975,1,,,2.0,,,,4151.0764,7860.0,3920.0,-1,,,,,2.0,,87176.0,2008,578,575,0.0,0.0,0.0,0.0,0.0,13.0,12.0,40.0,2008,2.0,3,8,2,8400,84001,1,17,16980,0,1.0,1.0,1.0,7,1,29,,1,41,2,,1,1,7,2,57,57,57,1,0,0,2.0,1.0,,40.0,,40.0,,,,,,2.0,4.0,0.0,1,2.0,2.0,2.0,,800.0,2.0,2.0,,,,15882.4358,4305.4013,0.0,0.0,1.0,,0,0,42149,1,,,2.0,,,,4240.7104,8090.0,2010.0,-1,,,,,2.0,,86942.0,2009,590,575,0.0,0.0,0.0,0.0,0.0,13.0,6.0,42.0,2009,MIS4_to_MIS8,False,True,True
79051170946687,3,2.0,1,4,2,8400,84001,1,1,33,17,16980,0,2.0,1.0,,7,3,41,1.0,2,42,1,1.0,2,1,2,1,2,57,57,57,1,0,0,1.0,7.0,,,,,,11.0,,,,1.0,3.0,0.0,2,,,,,,,,,,,12084.7473,2954.0325,10.0,3.0,,,0,0,18151,2,,,3.0,,,,3007.6808,7870.0,4600.0,-1,,,,,,,87244.0,2008,578,575,0.0,0.0,1.0,1.0,0.0,14.0,15.0,40.0,2008,3.0,1,8,2,8400,84001,1,17,16980,0,2.0,1.0,,7,3,42,1.0,2,42,1,1.0,1,2,1,2,57,57,57,1,0,0,2.0,7.0,,,,,,,,,,1.0,,,2,,,,,,,,,,,10728.3863,2577.8771,10.0,3.0,,,0,0,71449,2,,,3.0,,,,2639.4198,,,-1,,,,,,,87035.0,2009,590,575,0.0,0.0,1.0,1.0,0.0,14.0,,,2009,MIS4_to_MIS8,False,True,True
92321170993496,3,1.0,1,4,2,8400,84001,1,1,33,17,16980,0,2.0,1.0,,7,1,59,2.0,2,35,2,,1,1,1,1,2,57,57,57,1,0,0,1.0,1.0,,40.0,8.0,24.0,,,8.0,,,4.0,3.0,0.0,1,2.0,,1.0,1400.0,560.0,2.0,2.0,,,,10554.2978,3026.1944,0.0,0.0,0.0,0.0,0,0,54035,1,,,,,,,2997.7013,8190.0,4230.0,-1,,,,,3.0,,87257.0,2008,578,575,0.0,0.0,0.0,0.0,0.0,9.0,14.0,41.0,2008,1.0,1,8,2,8400,84001,1,17,16980,0,2.0,1.0,,7,1,60,2.0,2,35,2,,1,1,1,2,57,57,57,1,0,0,1.0,1.0,,40.0,,40.0,,,,,,2.0,4.0,0.0,1,2.0,1.0,1.0,1400.0,1000.0,2.0,2.0,,,,16125.4188,2873.4328,0.0,0.0,0.0,0.0,0,0,19127,1,,,,,,,2848.7235,8190.0,4230.0,-1,,,,,3.0,,87050.0,2009,590,575,0.0,0.0,0.0,0.0,0.0,9.0,14.0,41.0,2009,MIS4_to_MIS8,False,True,True
110700005257415,3,1.0,1,4,2,8400,84001,1,1,33,17,16980,0,2.0,1.0,,7,1,54,2.0,2,44,1,,1,1,1,1,2,57,57,57,1,0,0,1.0,1.0,,32.0,,32.0,,,22.0,,,7.0,3.0,0.0,1,1.0,,1.0,2000.0,820.0,1.0,,,,,11397.543,2882.2785,3.0,1.0,1.0,1.0,0,42,69961,1,,,,,,2.0,2895.267,7860.0,2310.0,-1,,,,,,,87273.0,2008,578,575,0.0,0.0,1.0,0.0,0.0,18.0,8.0,40.0,2008,1.0,1,8,2,8400,84001,1,17,16980,0,2.0,1.0,,7,1,55,2.0,2,44,1,,1,1,1,2,57,57,57,1,0,0,1.0,1.0,,4.0,,4.0,,,18.0,,,7.0,4.0,0.0,1,2.0,2.0,2.0,,131.57,1.0,,,,,10560.775,2749.081,11.0,3.0,0.0,,0,0,31319,1,,,,,,2.0,2736.0322,7860.0,2310.0,-1,,,,,,,87061.0,2009,590,575,1.0,1.0,1.0,0.0,1.0,18.0,8.0,40.0,2009,MIS4_to_MIS8,False,True,True
110700005257415,3,1.0,1,4,2,8400,84001,1,1,33,17,16980,0,2.0,1.0,,7,3,44,1.0,1,44,1,,2,1,2,1,2,57,57,57,1,0,0,2.0,1.0,,32.0,,32.0,,,22.0,,,7.0,3.0,0.0,1,2.0,2.0,2.0,,440.0,1.0,,,,,12177.7087,2953.4513,3.0,1.0,1.0,,0,42,69961,2,,,,,,2.0,2966.558,7860.0,2320.0,-1,,,,,,,87274.0,2008,578,575,0.0,0.0,1.0,0.0,0.0,18.0,8.0,40.0,2008,1.0,1,8,2,8400,84001,1,17,16980,0,2.0,1.0,,7,3,45,1.0,1,44,1,,1,2,1,2,57,57,57,1,0,0,2.0,1.0,,40.0,,40.0,,,,,,2.0,3.0,0.0,1,2.0,2.0,2.0,,1675.0,1.0,,,,,12801.5893,3152.7224,11.0,3.0,0.0,,0,0,31319,2,,,,,,2.0,3135.8267,7860.0,2320.0,-1,,,,,,,87062.0,2009,590,575,1.0,1.0,1.0,0.0,1.0,18.0,8.0,40.0,2009,MIS4_to_MIS8,True,False,False
110709964399289,3,2.0,1,4,2,8400,84001,1,1,33,17,16980,0,2.0,1.0,,7,1,46,2.0,1,43,1,,1,1,1,1,2,57,57,57,1,0,0,2.0,1.0,,40.0,,40.0,,,,,,2.0,2.0,0.0,1,2.0,1.0,1.0,7500.0,961.53,2.0,2.0,,,,12615.3621,3127.4378,10.0,2.0,0.0,1.0,0,0,31087,1,,,,2.0,,,3150.5293,9570.0,430.0,-1,,,,,,,87287.0,2008,578,575,0.0,0.0,1.0,1.0,0.0,16.0,1.0,51.0,2008,2.0,1,8,2,8400,84001,1,17,16980,0,2.0,1.0,,7,1,47,2.0,1,43,1,,1,1,1,2,57,57,57,1,0,0,2.0,1.0,,40.0,,40.0,,,,,,2.0,2.0,0.0,1,2.0,1.0,1.0,2014.0,1153.84,2.0,2.0,,,,12801.5893,3152.7224,10.0,2.0,0.0,1.0,0,0,42367,1,,,,2.0,,,3135.8267,9570.0,430.0,-1,,,,,,,87076.0,2009,590,575,0.0,0.0,1.0,1.0,0.0,16.0,1.0,51.0,2009,MIS4_to_MIS8,True,False,False
171909001706693,3,1.0,1,4,2,8400,84001,1,1,33,17,16980,0,2.0,1.0,,7,1,39,2.0,1,43,2,,1,1,1,1,2,57,57,57,1,0,0,1.0,1.0,,40.0,,40.0,,,,,,2.0,2.0,0.0,1,2.0,2.0,2.0,,1346.15,1.0,,,,,10987.1288,2744.9109,0.0,0.0,0.0,,0,0,50105,1,,,,2.0,,,2739.9105,9470.0,3850.0,-1,,,,,,,87299.0,2008,578,575,0.0,0.0,0.0,0.0,0.0,16.0,12.0,51.0,2008,1.0,1,8,2,8400,84001,1,17,16980,0,2.0,1.0,,7,1,40,2.0,1,43,2,,1,1,1,2,57,57,57,1,0,0,1.0,1.0,,40.0,,40.0,,,,,,2.0,2.0,0.0,1,2.0,,1.0,2700.0,1080.0,1.0,,,,,13849.2247,3382.8625,0.0,0.0,1.0,1.0,0,42,59141,1,,,,2.0,,,3356.6042,9470.0,3850.0,-1,,,,,,,87088.0,2009,590,575,0.0,0.0,0.0,0.0,0.0,16.0,12.0,51.0,2009,MIS4_to_MIS8,True,False,False
194991609029738,3,2.0,1,4,2,8400,84001,1,1,33,17,16980,0,2.0,1.0,,7,1,46,2.0,1,43,1,,1,1,1,1,2,57,57,57,1,0,0,2.0,1.0,,40.0,,40.0,,,,,,2.0,1.0,0.0,1,2.0,,1.0,7212.0,2884.61,2.0,2.0,,,,12615.3621,3127.4378,0.0,0.0,1.0,1.0,0,42,18469,1,,,,2.0,,,3150.5293,9570.0,430.0,-1,,,,,,,87325.0,2008,578,575,0.0,0.0,0.0,0.0,0.0,16.0,1.0,51.0,2008,2.0,1,8,2,8400,84001,1,17,16980,0,2.0,1.0,,7,1,47,2.0,1,43,1,,1,1,1,2,57,57,57,1,0,0,2.0,1.0,,40.0,,48.0,,,,,,2.0,4.0,0.0,1,2.0,2.0,2.0,,1675.0,2.0,2.0,,,,12801.5893,3152.7224,0.0,0.0,1.0,,0,42,6840,1,,,,2.0,,,3135.8267,580.0,1520.0,-1,,,,,,,87117.0,2009,590,575,0.0,0.0,0.0,0.0,0.0,16.0,4.0,24.0,2009,MIS4_to_MIS8,False,True,True
197731805088788,3,1.0,1,4,2,8400,84001,1,1,33,17,16980,0,2.0,1.0,,7,3,72,1.0,2,44,2,,2,1,2,1,2,57,57,57,1,0,0,2.0,1.0,,40.0,,40.0,,,,,,2.0,2.0,0.0,1,2.0,,1.0,2900.0,1160.0,2.0,2.0,,,,8834.7435,2560.8527,0.0,0.0,1.0,1.0,0,42,53956,2,,,,,,2.0,2536.741,8190.0,3300.0,-1,,,,,,,87332.0,2008,578,575,0.0,0.0,0.0,0.0,0.0,18.0,10.0,41.0,2008,1.0,1,8,2,8400,84001,1,17,16980,0,2.0,1.0,,7,3,73,1.0,2,40,2,,1,2,1,2,57,57,57,1,0,0,2.0,1.0,,40.0,,40.0,,,,,,2.0,3.0,0.0,1,2.0,2.0,2.0,,700.0,2.0,2.0,,,,8277.0678,2719.4183,0.0,0.0,1.0,,0,42,6628,2,,,2.0,,,,2696.0334,7860.0,2540.0,-1,,,,,,,87122.0,2009,590,575,0.0,0.0,0.0,0.0,0.0,13.0,8.0,40.0,2009,MIS4_to_MIS8,True,False,True
197761709050763,3,1.0,1,4,2,8400,84001,1,1,33,17,16980,0,2.0,1.0,,7,1,47,2.0,2,43,2,,1,1,1,1,2,57,57,57,1,0,0,1.0,1.0,,40.0,,40.0,,,,,,2.0,2.0,0.0,1,2.0,1.0,1.0,4200.0,1500.0,1.0,,,,,13822.7096,3346.621,10.0,3.0,0.0,0.0,0,0,30803,1,,,,2.0,,,3315.1109,9480.0,2010.0,-1,,,,,,,87333.0,2008,578,575,0.0,0.0,1.0,1.0,0.0,16.0,6.0,51.0,2008,1.0,1,8,2,8400,84001,1,17,16980,0,2.0,1.0,,7,1,48,2.0,2,43,2,,1,1,1,2,57,57,57,1,0,0,1.0,1.0,,40.0,,40.0,,,,,,2.0,2.0,0.0,1,1.0,2.0,2.0,,1384.61,1.0,,,,,12971.6481,3182.7014,10.0,3.0,0.0,,0,0,50916,1,,,,2.0,,,3155.3326,8090.0,2010.0,-1,,,,,,,87123.0,2009,590,575,0.0,0.0,1.0,1.0,0.0,16.0,6.0,42.0,2009,MIS4_to_MIS8,True,False,False
301907191383637,3,1.0,6,4,2,8400,84001,1,1,33,17,16980,0,2.0,1.0,,7,2,68,,1,39,1,,1,0,0,4,2,57,57,57,1,0,0,1.0,1.0,,32.0,,32.0,,,21.0,,,7.0,3.0,0.0,1,2.0,1.0,1.0,1122.0,415.38,1.0,,,,,11190.4313,2990.6519,,,0.0,1.0,0,0,18150,1,1.0,,,,,,2926.2678,9370.0,3850.0,-1,5.0,,,,,,87388.0,2008,578,575,,,,,,12.0,12.0,51.0,2008,1.0,6,8,2,8400,84001,1,17,16980,0,2.0,1.0,,7,2,69,,1,39,1,,0,0,4,2,57,57,57,1,0,0,1.0,1.0,,30.0,,30.0,,,22.0,,,7.0,3.0,0.0,1,2.0,,1.0,1800.0,630.0,2.0,2.0,,,,11602.5736,3014.5987,,,0.0,0.0,0,0,6630,1,1.0,,,,,,2939.6995,9470.0,3850.0,-1,5.0,,,,,,87168.0,2009,590,575,,,,,,12.0,12.0,51.0,2009,MIS4_to_MIS8,True,False,False
420979096211339,3,2.0,4,4,2,8400,84001,1,1,33,17,16980,0,2.0,1.0,,7,1,61,,2,39,2,,1,1,1,5,2,57,57,57,1,0,0,1.0,1.0,,35.0,,35.0,,,,,,2.0,3.0,0.0,1,2.0,,1.0,1000.0,350.0,1.0,,,,,11785.076,3026.1944,0.0,0.0,0.0,0.0,0,0,50225,1,1.0,,,,,,2997.7013,7860.0,2540.0,-1,,,,,,,87424.0,2008,578,575,0.0,0.0,0.0,0.0,0.0,12.0,8.0,40.0,2008,2.0,4,8,2,8400,84001,1,17,16980,0,2.0,1.0,,7,1,62,,2,39,2,,1,1,5,2,57,57,57,1,0,0,1.0,1.0,,35.0,,35.0,,,,,,2.0,3.0,0.0,1,2.0,1.0,1.0,1100.0,306.0,1.0,,,,,16125.4188,2873.4328,0.0,0.0,0.0,0.0,0,0,19126,1,1.0,,,,,,2848.7235,7860.0,2540.0,-1,,,,,,,87203.0,2009,590,575,0.0,0.0,0.0,0.0,0.0,12.0,8.0,40.0,2009,MIS4_to_MIS8,True,False,False
799690243230911,3,1.0,1,4,2,8400,84001,1,1,33,17,16980,0,2.0,1.0,,7,1,40,2.0,1,33,1,1.0,1,1,1,1,2,303,303,303,4,10,12,3.0,1.0,,40.0,,40.0,,,,,,2.0,3.0,0.0,1,2.0,,1.0,1500.0,600.0,2.0,2.0,,,,12150.1388,2935.7516,3.0,3.0,0.0,0.0,0,0,41830,1,,,,,,,2959.8418,9370.0,6730.0,-1,,,,,,,87604.0,2008,578,575,0.0,0.0,1.0,0.0,0.0,5.5,19.0,51.0,2008,1.0,1,8,2,8400,84001,1,17,16980,0,2.0,1.0,,7,1,41,2.0,1,33,1,1.0,1,1,1,2,303,303,303,4,10,12,1.0,1.0,,40.0,,35.0,,,,,,2.0,3.0,0.0,1,2.0,,1.0,1500.0,600.0,2.0,2.0,,,,12251.1103,3051.6738,3.0,3.0,0.0,0.0,0,0,42291,1,,,,,,,3056.7909,9390.0,4250.0,-1,,,,,,,87370.0,2009,590,575,0.0,0.0,1.0,0.0,0.0,5.5,14.0,51.0,2009,MIS4_to_MIS8,True,False,False
860478094711007,3,2.0,1,4,2,8400,84001,1,1,33,17,16980,0,2.0,1.0,,7,3,74,1.0,1,43,1,,2,1,2,1,2,57,57,57,1,0,0,1.0,4.0,,,,,,,,26.0,5.0,11.0,2.0,0.0,2,,,,,,,,,,,9579.2564,2639.8039,0.0,0.0,,,0,0,39797,2,,,,2.0,,,2657.8333,7870.0,2000.0,-1,5.0,,,,,,87640.0,2008,578,575,0.0,0.0,0.0,0.0,0.0,16.0,6.0,40.0,2008,1.0,1,8,2,8400,84001,1,17,16980,0,2.0,1.0,,7,3,75,1.0,1,43,1,,1,2,1,2,57,57,57,1,0,0,2.0,5.0,,,,,,,,,,1.0,,,2,,,,,,,,,,,13335.4683,3254.3637,0.0,0.0,,,0,0,18895,2,,,,2.0,,,3326.601,,,-1,5.0,,,,,,87399.0,2009,590,575,0.0,0.0,0.0,0.0,0.0,16.0,,,2009,MIS4_to_MIS8,False,True,True
934047927117370,3,1.0,1,4,2,8400,84001,1,1,33,17,16980,0,2.0,1.0,,7,3,60,1.0,1,39,1,,2,1,2,1,2,57,57,57,1,0,0,2.0,1.0,,40.0,5.0,32.0,,,5.0,,,4.0,1.0,0.0,1,2.0,1.0,1.0,1800.0,738.46,1.0,,,,,11533.0979,2810.2839,0.0,0.0,0.0,0.0,0,0,18145,2,1.0,,,,,,2850.4684,6370.0,5550.0,-1,4.0,,,,,,87671.0,2008,578,575,0.0,0.0,0.0,0.0,0.0,12.0,17.0,23.0,2008,1.0,1,8,2,8400,84001,1,17,16980,0,2.0,1.0,,7,3,61,1.0,1,39,1,,1,2,1,2,57,57,57,1,0,0,2.0,1.0,,40.0,,40.0,,,,,,2.0,1.0,0.0,1,1.0,1.0,1.0,2067.0,826.92,1.0,,,,,12599.9955,3182.5977,0.0,0.0,0.0,0.0,0,0,18898,2,1.0,,,,,,3174.1302,6370.0,5550.0,-1,4.0,,,,,,87434.0,2009,590,575,0.0,0.0,0.0,0.0,0.0,12.0,17.0,23.0,2009,MIS4_to_MIS8,True,False,False
977247310349107,3,1.0,1,4,2,8400,84001,1,1,33,17,16980,0,2.0,1.0,,7,3,54,1.0,2,44,1,,2,1,2,1,2,57,57,57,1,0,0,2.0,1.0,,45.0,,45.0,,,,,,2.0,3.0,0.0,1,2.0,2.0,2.0,,961.53,1.0,,,,,11397.543,2882.2785,0.0,0.0,0.0,,0,0,50106,2,,,,,,3.0,2895.267,7860.0,2330.0,-1,,,,,,,87715.0,2008,578,575,0.0,0.0,0.0,0.0,0.0,18.0,8.0,40.0,2008,2.0,1,8,2,8400,84001,1,17,16980,0,2.0,1.0,,7,3,55,1.0,2,44,1,,1,2,1,2,57,57,57,1,0,0,1.0,4.0,,,,,,,,39.0,2.0,11.0,3.0,0.0,2,,,,,,,,,,,11185.5938,2749.081,0.0,0.0,,,0,0,18897,2,,,,,,3.0,2729.4525,7860.0,2330.0,-1,,,,,,,87481.0,2009,590,575,0.0,0.0,0.0,0.0,0.0,18.0,8.0,40.0,2009,MIS4_to_MIS8,True,False,False
977247310349107,3,1.0,1,4,2,8400,84001,1,1,33,17,16980,0,2.0,1.0,,7,4,22,,2,43,1,,3,1,3,7,2,57,57,57,1,0,0,2.0,1.0,,24.0,,24.0,,,15.0,,,6.0,3.0,0.0,1,2.0,,1.0,1000.0,240.0,2.0,2.0,2.0,,,14582.6389,3583.838,,,0.0,0.0,0,0,50106,3,,,,2.0,,,3555.5479,7860.0,2310.0,-1,,,,,2.0,1.0,87717.0,2008,578,575,,,,,,16.0,8.0,40.0,2008,2.0,1,8,2,8400,84001,1,17,16980,0,2.0,1.0,,7,4,23,,2,43,1,,1,3,7,2,57,57,57,1,0,0,2.0,4.0,,,,,,,,12.0,5.0,11.0,4.0,0.0,2,,,,,,,,2.0,,,15988.9632,3179.9333,,,,,0,0,18897,3,,,,2.0,,,3204.7604,7860.0,2310.0,-1,,,,,2.0,1.0,87483.0,2009,590,575,,,,,,16.0,8.0,40.0,2009,MIS4_to_MIS8,False,True,True
88691170991793,3,2.0,1,4,2,8400,84001,1,1,33,17,0,99,3.0,2.0,,0,3,50,1.0,1,40,1,,2,1,2,1,2,57,57,57,1,0,0,1.0,1.0,,40.0,,40.0,,,,,,2.0,3.0,0.0,1,2.0,2.0,2.0,,1923.0,1.0,,,,,12091.3739,3002.9087,0.0,0.0,1.0,,0,0,6691,2,,,3.0,,,,3019.6698,9470.0,3850.0,430,,,,,,,87781.0,2008,578,575,0.0,0.0,0.0,0.0,0.0,14.0,12.0,51.0,2008,2.0,1,8,2,8400,84001,1,17,0,99,3.0,2.0,,0,3,51,1.0,1,40,1,,1,2,1,2,57,57,57,1,0,0,1.0,1.0,,40.0,4.0,32.0,,,4.0,,,4.0,3.0,0.0,1,1.0,1.0,1.0,2500.0,1200.0,1.0,,,,,12992.2585,3192.8998,0.0,0.0,0.0,0.0,0,0,42315,2,,,2.0,,,,3182.5323,9470.0,3710.0,2910,,,,,,,87535.0,2009,590,575,0.0,0.0,0.0,0.0,0.0,13.0,12.0,51.0,2009,MIS4_to_MIS8,True,False,False
997579810326100,3,2.0,1,4,2,8400,84001,1,1,33,17,0,0,3.0,2.0,,0,3,42,1.0,2,41,1,,2,1,2,1,2,57,57,57,1,0,0,3.0,1.0,,40.0,,40.0,,,,,,2.0,3.0,0.0,1,2.0,1.0,1.0,1850.0,553.84,1.0,,,,,11260.7509,2860.055,4.0,1.0,0.0,1.0,0,0,28403,2,,,4.0,,,,2843.5909,6770.0,5320.0,-1,,,,,,,87888.0,2008,578,575,0.0,0.0,0.0,1.0,0.0,15.0,17.0,31.0,2008,1.0,1,8,2,8400,84001,1,17,0,0,3.0,2.0,,0,3,43,1.0,2,41,1,,1,2,1,2,57,57,57,1,0,0,2.0,1.0,,40.0,,40.0,,,,,,2.0,3.0,0.0,1,2.0,1.0,1.0,1500.0,600.0,1.0,,,,,11169.9526,2833.2229,0.0,0.0,0.0,0.0,0,0,31020,2,,,2.0,,,,2782.7153,6770.0,5320.0,-1,,,,,,,87643.0,2009,590,575,0.0,0.0,0.0,0.0,0.0,13.0,17.0,31.0,2009,MIS4_to_MIS8,True,False,False
301905621897737,3,2.0,1,4,2,8400,84001,1,1,33,17,16580,0,,1.0,,2,3,36,1.0,2,44,1,,2,1,2,1,2,57,57,57,1,0,0,1.0,1.0,,10.0,,10.0,,,18.0,,,7.0,3.0,0.0,1,2.0,,1.0,2000.0,200.0,2.0,1.0,,,,12056.1328,3042.5901,8.0,3.0,0.0,0.0,0,0,18125,2,,,,,,3.0,3044.4426,7860.0,2310.0,-1,,,,,,,87931.0,2008,578,575,0.0,1.0,1.0,0.0,1.0,18.0,8.0,40.0,2008,2.0,1,8,2,8400,84001,1,17,16580,0,,1.0,,2,3,37,1.0,2,44,1,,1,2,1,2,57,57,57,1,0,0,1.0,1.0,,10.0,,10.0,,,18.0,,,7.0,3.0,0.0,1,2.0,,1.0,2000.0,200.0,1.0,,,,,11669.9765,2937.6288,8.0,3.0,0.0,0.0,0,0,18877,2,,,,,,3.0,2907.2838,7860.0,2310.0,-1,,,,,,,87687.0,2009,590,575,0.0,1.0,1.0,0.0,1.0,18.0,8.0,40.0,2009,MIS4_to_MIS8,True,False,False
740970092411679,3,1.0,6,4,2,8400,84001,1,1,33,17,14060,113,,1.0,,2,2,54,,1,43,1,,1,0,0,7,2,57,57,57,1,0,0,1.0,1.0,,40.0,,40.0,,,,,,2.0,3.0,0.0,1,2.0,1.0,1.0,1331.0,500.0,2.0,2.0,,,,12420.7209,3084.7025,,,0.0,0.0,0,0,4500,1,,,,2.0,,,3101.9201,9390.0,4220.0,-1,,,,,,,87951.0,2008,578,575,,,,,,16.0,14.0,51.0,2008,1.0,6,8,2,8400,84001,1,17,14060,113,,1.0,,2,2,55,,1,43,1,,0,0,7,2,57,57,57,1,0,0,1.0,1.0,,40.0,,40.0,,,,,,2.0,3.0,0.0,1,2.0,1.0,1.0,1424.0,500.0,2.0,2.0,,,,12141.2803,3049.8304,,,0.0,0.0,0,0,15948,1,,,,2.0,,,3046.9778,9470.0,4220.0,-1,,,,,,,87704.0,2009,590,575,,,,,,16.0,14.0,51.0,2009,MIS4_to_MIS8,True,False,False
799200477460911,3,1.0,7,4,2,8400,84001,1,1,33,17,14060,113,,1.0,,2,2,51,,2,43,1,,1,0,0,7,2,57,57,57,1,0,0,1.0,1.0,,0.0,,38.0,,,22.0,,,9.0,2.0,0.0,1,2.0,2.0,2.0,,400.0,2.0,2.0,,,,11661.9823,2949.1515,,,1.0,,0,0,41849,1,,,,2.0,,,2962.4414,7870.0,5930.0,-1,,,,,,,87955.0,2008,578,575,,,,,,16.0,17.0,40.0,2008,1.0,7,8,2,8400,84001,1,17,14060,113,,1.0,,2,2,52,,2,43,1,,0,0,7,2,57,57,57,1,0,0,1.0,1.0,,38.0,5.0,16.0,,,5.0,,,4.0,2.0,0.0,1,2.0,2.0,2.0,,307.0,2.0,2.0,,,,11242.7263,2814.9488,,,1.0,,0,0,19158,1,,,,2.0,,,2818.5277,7870.0,5930.0,-1,,,,,,,87708.0,2009,590,575,,,,,,16.0,17.0,40.0,2009,MIS4_to_MIS8,True,False,False
850977092411169,3,1.0,1,4,2,8400,84001,1,1,33,17,28100,91,,1.0,,2,1,40,2.0,1,40,1,,1,1,1,1,2,57,57,57,1,0,0,1.0,1.0,,40.0,,40.0,,,,,,2.0,3.0,0.0,1,1.0,2.0,2.0,,1557.69,1.0,,,,,12318.9114,2987.6971,1.0,3.0,0.0,,0,0,18368,1,,,3.0,,,,3000.9558,9470.0,3740.0,-1,,,,,,,87978.0,2008,578,575,1.0,0.0,0.0,0.0,1.0,14.0,12.0,51.0,2008,2.0,1,8,2,8400,84001,1,17,28100,91,,1.0,,2,1,41,2.0,1,41,1,,1,1,1,2,57,57,57,1,0,0,2.0,1.0,,40.0,,40.0,,,,,,2.0,3.0,0.0,1,1.0,2.0,2.0,,1346.15,1.0,,,,,12054.2224,3038.3032,5.0,3.0,0.0,,0,0,19110,1,,,3.0,,,,3007.6651,9470.0,3400.0,-1,,,,,,,87732.0,2009,590,575,1.0,1.0,0.0,0.0,1.0,14.0,10.0,51.0,2009,MIS4_to_MIS8,True,False,False
31691270950980,4,1.0,4,4,2,8400,84001,1,1,33,17,16980,0,1.0,1.0,1.0,7,1,46,,2,36,2,,1,1,1,7,2,57,57,57,1,0,0,1.0,1.0,,40.0,,40.0,,,,,,2.0,3.0,0.0,1,2.0,,1.0,1111.0,444.4,2.0,2.0,,,,10649.8501,2545.8757,4.0,1.0,0.0,0.0,0,0,44289,1,,,,,,,2535.2603,9480.0,4610.0,-1,,,,,,,124737.0,2008,579,576,0.0,0.0,0.0,1.0,0.0,10.0,15.0,51.0,2008,4.0,4,8,2,8400,84001,1,17,16980,0,1.0,1.0,1.0,7,1,47,,2,36,2,,1,1,7,2,57,57,57,1,0,0,2.0,1.0,,40.0,,40.0,,,,,,2.0,4.0,1.0,1,2.0,,1.0,1500.0,600.0,2.0,2.0,,,,11531.2773,2967.3407,4.0,1.0,1.0,1.0,0,42,68280,1,,,,,,,2940.7889,170.0,4220.0,-1,,,,,,,124416.0,2009,591,576,0.0,0.0,0.0,1.0,0.0,10.0,14.0,1.0,2009,MIS4_to_MIS8,False,True,True
34371270982784,4,1.0,1,4,2,8400,84001,1,1,33,17,16980,0,1.0,1.0,1.0,7,4,22,,1,39,1,1.0,3,1,3,7,2,57,303,303,1,0,0,2.0,1.0,,40.0,,40.0,,,,,,2.0,1.0,0.0,1,2.0,,1.0,1200.0,480.0,2.0,2.0,2.0,,,10500.7015,2738.2393,,,0.0,0.0,0,0,8433,3,1.0,,,,,,2682.3983,9480.0,5850.0,-1,,,,,2.0,1.0,124756.0,2008,579,576,,,,,,12.0,17.0,51.0,2008,4.0,1,8,2,8400,84001,1,17,16980,0,1.0,1.0,1.0,7,4,23,,1,39,1,1.0,1,3,7,2,57,303,303,1,0,0,2.0,1.0,,40.0,,40.0,,,,,,2.0,4.0,0.0,1,2.0,,1.0,1400.0,560.0,2.0,2.0,1.0,2.0,2.0,12010.6007,3043.49,,,0.0,0.0,0,0,35326,3,1.0,,,,,,2996.008,5070.0,4700.0,-1,,,,,2.0,1.0,124431.0,2009,591,576,,,,,,12.0,16.0,22.0,2009,MIS4_to_MIS8,False,True,True
47839820459106,4,4.0,1,4,2,8400,84001,1,1,33,17,16980,0,1.0,1.0,1.0,7,1,51,2.0,2,39,2,,1,1,1,1,2,57,57,57,1,0,0,2.0,1.0,,40.0,,40.0,,,,,,2.0,1.0,0.0,1,2.0,,1.0,2300.0,920.0,2.0,2.0,,,,10727.3961,2564.4133,4.0,1.0,1.0,1.0,0,42,44291,1,1.0,,,,,,2553.7206,6370.0,5550.0,-1,,,,,,,124761.0,2008,579,576,0.0,0.0,0.0,1.0,0.0,12.0,17.0,23.0,2008,1.0,1,8,2,8400,84001,1,17,16980,0,1.0,1.0,1.0,7,1,52,2.0,2,39,2,,1,1,1,2,57,57,57,1,0,0,1.0,1.0,,40.0,,40.0,,,,,,2.0,7.0,0.0,2,,,,,,,,,,,13983.9617,2345.9343,4.0,1.0,,,0,0,35329,1,1.0,,,,,,2324.9429,9070.0,7700.0,-1,,,,,,,124434.0,2009,591,576,0.0,0.0,0.0,1.0,0.0,12.0,21.0,48.0,2009,MIS4_to_MIS8,False,True,True
47839820459106,4,4.0,1,4,2,8400,84001,1,1,33,17,16980,0,1.0,1.0,1.0,7,3,45,1.0,1,39,2,,2,1,2,1,2,57,57,57,1,0,0,2.0,1.0,,40.0,,40.0,,,,,,2.0,3.0,0.0,1,2.0,,1.0,1060.0,424.0,1.0,,,,,10578.8754,2732.3608,4.0,1.0,1.0,1.0,0,42,44291,2,1.0,,,,,,2661.8211,7860.0,3920.0,-1,,,,,,,124762.0,2008,579,576,0.0,0.0,0.0,1.0,0.0,12.0,12.0,40.0,2008,1.0,1,8,2,8400,84001,1,17,16980,0,1.0,1.0,1.0,7,3,46,1.0,1,39,2,,1,2,1,2,57,57,57,1,0,0,2.0,1.0,,40.0,,40.0,,,,,,2.0,4.0,0.0,1,2.0,,1.0,2500.0,1000.0,2.0,2.0,,,,9872.2773,2558.5168,4.0,1.0,1.0,1.0,0,42,35329,2,1.0,,,,,,2506.7828,3490.0,8140.0,-1,,,,,,,124435.0,2009,591,576,0.0,0.0,0.0,1.0,0.0,12.0,21.0,9.0,2009,MIS4_to_MIS8,False,True,True
92311270918393,4,1.0,1,4,2,8400,84001,1,1,33,17,16980,0,1.0,1.0,1.0,7,3,51,1.0,2,43,2,,2,1,2,1,2,57,57,57,1,0,0,2.0,1.0,,40.0,,40.0,,,,,,2.0,3.0,0.0,1,2.0,2.0,2.0,,1288.46,2.0,2.0,,,,10727.3961,2564.4133,0.0,0.0,0.0,,0,0,8436,2,,,,2.0,,,2553.7206,9470.0,5860.0,-1,,,,,,,124789.0,2008,579,576,0.0,0.0,0.0,0.0,0.0,16.0,17.0,51.0,2008,1.0,1,8,2,8400,84001,1,17,16980,0,1.0,1.0,1.0,7,3,52,1.0,2,43,2,,1,2,1,2,57,57,57,1,0,0,2.0,1.0,,40.0,,40.0,,,,,,2.0,3.0,0.0,1,2.0,2.0,2.0,,1153.84,1.0,,,,,9116.452,2345.9343,0.0,0.0,0.0,,0,0,8713,2,,,,2.0,,,2324.9429,9470.0,3850.0,-1,,,,,,,124455.0,2009,591,576,0.0,0.0,0.0,0.0,0.0,16.0,12.0,51.0,2009,MIS4_to_MIS8,True,False,False
137839920329101,4,1.0,1,4,2,8400,84001,1,1,33,17,16980,0,1.0,1.0,1.0,7,3,47,1.0,2,39,2,,2,1,2,1,2,57,57,57,1,0,0,2.0,1.0,,40.0,,40.0,,,,,,2.0,3.0,0.0,1,2.0,,1.0,1050.0,420.0,2.0,1.0,,,,10649.8501,2545.8757,0.0,0.0,0.0,0.0,0,0,34588,2,1.0,,,,,,2535.2603,7860.0,4130.0,-1,,,,,,,124798.0,2008,579,576,0.0,0.0,0.0,0.0,0.0,12.0,13.0,40.0,2008,2.0,1,8,2,8400,84001,1,17,16980,0,1.0,1.0,1.0,7,3,48,1.0,2,39,2,,1,2,1,2,57,57,57,1,0,0,1.0,1.0,,36.0,,36.0,,,,,,2.0,3.0,0.0,1,2.0,2.0,2.0,,320.0,1.0,,,,,11531.2773,2967.3407,0.0,0.0,0.0,,0,0,22400,2,1.0,,,,,,2940.7889,7860.0,4120.0,-1,,,,,,,124463.0,2009,591,576,0.0,0.0,0.0,0.0,0.0,12.0,13.0,40.0,2009,MIS4_to_MIS8,True,False,False
271381032709399,4,1.0,4,4,2,8400,84001,1,1,33,17,16980,0,1.0,1.0,,7,1,70,,2,43,4,,1,1,1,4,2,233,233,233,4,0,3,1.0,1.0,,40.0,,40.0,,,,,,2.0,1.0,0.0,1,2.0,2.0,2.0,,1153.84,1.0,,,,,11475.6523,2956.1422,0.0,0.0,0.0,,0,0,8430,1,,,,2.0,,,2888.2448,8190.0,3130.0,-1,,,,,,,124855.0,2008,579,576,0.0,0.0,0.0,0.0,0.0,16.0,10.0,41.0,2008,1.0,4,8,2,8400,84001,1,17,16980,0,1.0,1.0,,7,1,71,,2,43,4,,1,1,4,2,233,233,233,4,0,3,1.0,1.0,,40.0,,40.0,,,,,,2.0,5.0,0.0,1,2.0,2.0,2.0,,1153.84,1.0,,,,,12664.7926,3157.2156,0.0,0.0,0.0,,0,0,35317,1,,,,2.0,,,3117.3048,8190.0,3130.0,-1,,,,,,,124535.0,2009,591,576,0.0,0.0,0.0,0.0,0.0,16.0,10.0,41.0,2009,MIS4_to_MIS8,False,True,True
690177007512600,4,1.0,1,4,2,8400,84001,1,1,33,17,16980,0,1.0,1.0,1.0,7,1,50,2.0,1,43,4,,1,1,1,1,2,233,233,233,4,0,7,1.0,1.0,,40.0,5.0,32.0,,,5.0,,,4.0,1.0,0.0,1,2.0,1.0,1.0,1700.0,673.07,2.0,2.0,,,,14991.2905,3783.0335,2.0,1.0,0.0,0.0,0,0,42837,1,,,,2.0,,,3785.2273,9590.0,3920.0,-1,,,,,,,124936.0,2008,579,576,0.0,1.0,0.0,0.0,1.0,16.0,12.0,51.0,2008,1.0,1,8,2,8400,84001,1,17,16980,0,1.0,1.0,1.0,7,1,51,2.0,1,43,4,,1,1,1,2,233,233,233,4,0,7,1.0,1.0,,40.0,,40.0,,,,,,2.0,1.0,0.0,1,2.0,2.0,2.0,,769.0,2.0,2.0,,,,11671.8925,3008.1818,2.0,1.0,1.0,,0,0,22383,1,,,,2.0,,,2930.8145,9590.0,5920.0,-1,,,,,,,124632.0,2009,591,576,0.0,1.0,0.0,0.0,1.0,16.0,17.0,51.0,2009,MIS4_to_MIS8,True,False,False
739770560960921,4,2.0,3,4,2,8400,84001,1,1,33,17,16980,0,1.0,1.0,1.0,7,6,39,3.0,1,40,2,,2,2,2,1,2,57,57,57,1,0,0,1.0,1.0,,42.0,,50.0,,,,,,2.0,1.0,0.0,1,1.0,1.0,1.0,2500.0,961.53,1.0,,,,,12730.0701,3095.9286,4.0,1.0,0.0,0.0,0,0,51632,2,,,2.0,,,,3093.5915,9480.0,5400.0,-1,,,,,,,124972.0,2008,579,576,0.0,0.0,0.0,1.0,0.0,13.0,17.0,51.0,2008,1.0,3,8,2,8400,84001,1,17,16980,0,1.0,1.0,1.0,7,6,40,3.0,1,40,2,,2,2,1,2,57,57,57,1,0,0,2.0,1.0,,40.0,,40.0,,,,,,2.0,1.0,0.0,1,2.0,,1.0,1525.0,610.0,1.0,,,,,15132.4269,3668.7421,4.0,1.0,1.0,1.0,0,0,8714,2,,,2.0,,,,3632.6113,9480.0,5400.0,-1,,,,,,,124664.0,2009,591,576,0.0,0.0,0.0,1.0,0.0,13.0,17.0,51.0,2009,MIS4_to_MIS8,True,False,False
739770560960921,4,2.0,3,4,2,8400,84001,1,1,33,17,16980,0,1.0,1.0,1.0,7,6,41,2.0,2,40,2,,3,2,1,1,2,57,57,57,1,0,0,2.0,1.0,,42.0,,50.0,,,,,,2.0,1.0,0.0,1,1.0,1.0,1.0,2500.0,1000.0,1.0,,,,,11396.268,2796.8015,4.0,1.0,0.0,0.0,0,0,51632,3,,,1.0,,,,2805.5052,9480.0,5400.0,-1,,,,,,,124973.0,2008,579,576,0.0,0.0,0.0,1.0,0.0,12.0,17.0,51.0,2008,1.0,3,8,2,8400,84001,1,17,16980,0,1.0,1.0,1.0,7,6,42,2.0,2,40,2,,2,1,1,2,57,57,57,1,0,0,2.0,1.0,,40.0,,40.0,,,,,,2.0,1.0,0.0,1,2.0,,1.0,1550.0,620.0,1.0,,,,,13331.8966,3235.5181,4.0,1.0,1.0,1.0,0,42,8714,3,,,3.0,,,,3305.0547,9480.0,5400.0,-1,,,,,,,124665.0,2009,591,576,0.0,0.0,0.0,1.0,0.0,14.0,17.0,51.0,2009,MIS4_to_MIS8,True,False,False
739770560960921,4,2.0,3,4,2,8400,84001,1,1,33,17,16980,0,1.0,1.0,1.0,7,7,16,,2,36,2,,4,2,3,7,2,57,57,57,1,0,0,2.0,7.0,,,,,,,,,,1.0,3.0,0.0,2,,,,,,,,1.0,1.0,1.0,10898.1112,3040.0678,,,,,0,0,51632,4,,,,,,,3022.631,8570.0,4430.0,-1,,,,,3.0,2.0,124974.0,2008,579,576,,,,,,10.0,15.0,44.0,2008,1.0,3,8,2,8400,84001,1,17,16980,0,1.0,1.0,1.0,7,7,17,,2,37,2,,2,3,7,2,57,57,57,1,0,0,2.0,1.0,,24.0,,24.0,,,20.0,,,7.0,4.0,0.0,1,2.0,1.0,1.0,750.0,150.0,2.0,2.0,1.0,1.0,1.0,14431.1187,2938.9156,,,1.0,1.0,0,0,8714,4,,,,,,,2919.9066,8680.0,4110.0,-1,,,,,3.0,2.0,124666.0,2009,591,576,,,,,,11.0,13.0,46.0,2009,MIS4_to_MIS8,False,True,True
802903221990927,4,1.0,4,4,2,8400,84001,1,1,33,17,16980,0,1.0,1.0,2.0,7,1,58,,2,44,1,,1,1,1,7,2,57,57,57,1,0,0,1.0,1.0,,50.0,,65.0,,,,,,2.0,2.0,0.0,1,2.0,2.0,2.0,,1120.9,1.0,,,,,12485.6421,3140.5744,3.0,1.0,0.0,,0,0,8511,1,,,,,,2.0,3167.8842,7860.0,2310.0,2320,,,,,,,124996.0,2008,579,576,0.0,0.0,1.0,0.0,0.0,18.0,8.0,40.0,2008,1.0,4,8,2,8400,84001,1,17,16980,0,1.0,1.0,2.0,7,1,59,,2,44,1,,1,1,7,2,57,57,57,1,0,0,1.0,1.0,,45.0,,51.0,,,,,,2.0,2.0,0.0,1,2.0,2.0,2.0,,1365.38,2.0,2.0,,,,12081.0726,3010.6448,3.0,1.0,0.0,,0,0,8802,1,,,,,,3.0,3042.8882,7860.0,2310.0,2340,,,,,,,124691.0,2009,591,576,0.0,0.0,1.0,0.0,0.0,18.0,8.0,40.0,2009,MIS4_to_MIS8,True,False,False
960017509128390,4,1.0,6,4,2,8400,84001,1,1,33,17,16980,0,1.0,1.0,1.0,7,2,50,,1,39,2,,1,0,0,7,2,57,57,57,1,0,0,1.0,1.0,,40.0,,40.0,,,,,,2.0,3.0,0.0,1,2.0,2.0,2.0,,250.0,1.0,,,,,9310.7252,2404.8171,,,1.0,,0,0,34581,1,1.0,,,,,,2342.7334,6180.0,5240.0,-1,,,,,,,125064.0,2008,579,576,,,,,,12.0,17.0,23.0,2008,1.0,6,8,2,8400,84001,1,17,16980,0,1.0,1.0,1.0,7,2,51,,1,39,2,,0,0,7,2,57,57,57,1,0,0,1.0,1.0,,40.0,,40.0,,,,,,2.0,3.0,0.0,1,1.0,1.0,1.0,2740.0,1000.0,1.0,,,,,9560.8485,2477.8064,,,0.0,0.0,0,0,59230,1,1.0,,,,,,2427.7044,6180.0,5240.0,-1,,,,,,,124759.0,2009,591,576,,,,,,12.0,17.0,23.0,2009,MIS4_to_MIS8,True,False,False
26199137700490,4,1.0,3,4,2,8400,84001,1,1,33,17,16980,0,2.0,1.0,,7,1,43,,1,45,1,,1,1,1,5,2,57,57,57,1,0,0,1.0,1.0,,50.0,,50.0,,,,,,2.0,3.0,0.0,1,2.0,2.0,2.0,,1115.38,1.0,,,,,11474.0513,2837.1756,3.0,3.0,0.0,,0,0,770,1,,,,,,,2848.8826,7860.0,2320.0,-1,,,,,,,125089.0,2008,579,576,0.0,0.0,1.0,0.0,0.0,18.0,8.0,40.0,2008,2.0,3,8,2,8400,84001,1,17,16980,0,2.0,1.0,,7,1,44,,1,45,1,,1,1,5,2,57,57,57,1,0,0,2.0,1.0,,55.0,,45.0,,,,,,2.0,3.0,0.0,1,2.0,2.0,2.0,,1057.69,1.0,,,,,10981.3592,2765.3813,10.0,3.0,0.0,,0,42,5330,1,,,,,,,2746.5174,7860.0,2320.0,-1,,,,,,,124783.0,2009,591,576,0.0,0.0,1.0,1.0,0.0,18.0,8.0,40.0,2009,MIS4_to_MIS8,True,False,False
58861270011600,4,1.0,1,4,2,8400,84001,1,1,33,17,16980,0,2.0,1.0,,7,1,51,2.0,2,40,1,,1,1,1,1,2,57,57,57,1,0,0,1.0,1.0,,40.0,,40.0,,,,,,2.0,3.0,0.0,1,2.0,2.0,2.0,,698.0,2.0,2.0,,,,12061.8975,3054.2148,4.0,2.0,1.0,,0,0,34828,1,,,4.0,,,,3077.8854,7860.0,5700.0,-1,,,,,,,125118.0,2008,579,576,0.0,0.0,0.0,1.0,0.0,15.0,17.0,40.0,2008,1.0,1,8,2,8400,84001,1,17,16980,0,2.0,1.0,,7,1,52,2.0,2,41,1,,1,1,1,2,57,57,57,1,0,0,1.0,1.0,,40.0,4.0,32.0,,,4.0,,,4.0,3.0,0.0,1,2.0,2.0,2.0,,505.0,2.0,2.0,,,,11398.4605,2957.9906,4.0,1.0,1.0,,0,0,45590,1,,,3.0,,,,2957.6553,7860.0,5700.0,-1,,,,,,,124817.0,2009,591,576,0.0,0.0,0.0,1.0,0.0,14.0,17.0,40.0,2009,MIS4_to_MIS8,True,False,False
60175009712980,4,1.0,1,4,2,8400,84001,1,1,33,17,16980,111,2.0,1.0,,7,3,41,1.0,1,44,1,,2,1,2,1,2,57,57,57,1,0,0,2.0,1.0,,50.0,,42.0,,,,,,2.0,3.0,0.0,1,2.0,2.0,2.0,,1096.15,2.0,2.0,,,,11474.0513,2837.1756,3.0,1.0,0.0,,0,0,8593,2,,,,,,2.0,2848.8826,7860.0,230.0,-1,,,,,,,125123.0,2008,579,576,0.0,0.0,1.0,0.0,0.0,18.0,1.0,40.0,2008,1.0,1,8,2,8400,84001,1,17,16980,111,2.0,1.0,,7,3,42,1.0,1,44,1,,1,2,1,2,57,57,57,1,0,0,2.0,1.0,,50.0,,55.0,,,,,,2.0,3.0,0.0,1,1.0,2.0,2.0,,1538.46,2.0,2.0,,,,10981.3592,2765.3813,3.0,1.0,0.0,,0,0,8901,2,,,,,,2.0,2746.5174,7860.0,230.0,-1,,,,,,,124822.0,2009,591,576,0.0,0.0,1.0,0.0,0.0,18.0,1.0,40.0,2009,MIS4_to_MIS8,True,False,False
167460220460102,4,1.0,1,4,2,8400,84001,1,1,33,17,37900,179,2.0,1.0,,3,1,48,2.0,2,44,1,,1,1,1,1,2,57,57,57,1,0,0,1.0,1.0,,40.0,5.0,24.0,,,5.0,,,4.0,2.0,0.0,1,2.0,2.0,2.0,,846.15,1.0,,,,,11727.4116,2955.7516,0.0,0.0,0.0,,0,0,58562,1,,,,,,2.0,2992.5332,7860.0,2330.0,-1,,,,,,,125189.0,2008,579,576,0.0,0.0,0.0,0.0,0.0,18.0,8.0,40.0,2008,1.0,1,8,2,8400,84001,1,17,37900,179,2.0,1.0,,3,1,49,2.0,2,44,1,,1,1,1,2,57,57,57,1,0,0,1.0,1.0,,40.0,,40.0,,,,,,2.0,3.0,0.0,1,2.0,2.0,2.0,,826.92,1.0,,,,,10838.9879,2815.5027,0.0,0.0,0.0,,0,0,45582,1,,,,,,2.0,2812.4842,7860.0,2310.0,-1,,,,,,,124898.0,2009,591,576,0.0,0.0,0.0,0.0,0.0,18.0,8.0,40.0,2009,MIS4_to_MIS8,True,False,True
210709957252895,4,1.0,6,4,2,8400,84001,1,1,33,17,41180,119,2.0,1.0,,6,2,23,,1,44,1,,1,0,0,7,2,57,57,57,1,0,0,1.0,1.0,,40.0,,40.0,,,,,,2.0,2.0,0.0,1,2.0,2.0,2.0,,576.92,2.0,2.0,2.0,,,13371.0074,3353.4091,,,0.0,,0,0,8614,1,,,,,,3.0,3415.6163,9490.0,1860.0,-1,,,,,,,125271.0,2008,579,576,,,,,,18.0,5.0,51.0,2008,1.0,6,8,2,8400,84001,1,17,41180,119,2.0,1.0,,6,2,24,,1,44,1,,0,0,7,2,57,57,57,1,0,0,1.0,1.0,,40.0,,40.0,,,,,,2.0,2.0,0.0,1,2.0,2.0,2.0,,519.23,2.0,2.0,2.0,,,12409.1134,3079.9406,,,0.0,,0,0,8917,1,,,,,,1.0,3095.4158,9490.0,1860.0,-1,,,,,,,124982.0,2009,591,576,,,,,,17.0,5.0,51.0,2009,MIS4_to_MIS8,True,False,False
210709987934791,4,2.0,1,4,2,8400,84001,1,1,33,17,41180,163,2.0,1.0,,6,1,52,2.0,1,45,1,,1,1,1,1,2,57,57,57,1,0,0,2.0,1.0,,60.0,,70.0,,,,,,2.0,3.0,0.0,1,2.0,2.0,2.0,,931.0,2.0,2.0,,,,12139.9447,3046.3821,4.0,3.0,0.0,,0,0,51759,1,,,,,,,3065.2765,9470.0,2100.0,-1,3.0,,,,,,125290.0,2008,579,576,0.0,0.0,0.0,1.0,0.0,18.0,7.0,51.0,2008,2.0,1,8,2,8400,84001,1,17,41180,163,2.0,1.0,,6,1,53,2.0,1,45,1,,1,1,1,2,57,57,57,1,0,0,2.0,1.0,,60.0,,50.0,,,,,,2.0,3.0,0.0,1,2.0,2.0,2.0,,931.0,2.0,2.0,,,,11390.216,2879.8892,4.0,2.0,0.0,,0,0,35549,1,,,,,,,2860.0855,9470.0,2100.0,-1,3.0,,,,,,124999.0,2009,591,576,0.0,0.0,0.0,1.0,0.0,18.0,7.0,51.0,2009,MIS4_to_MIS8,True,False,False
502902521998577,4,2.0,1,4,2,8400,84001,1,1,33,17,41180,119,2.0,1.0,,6,3,48,1.0,1,42,1,,2,1,2,1,2,57,57,57,1,0,0,1.0,1.0,,56.0,,64.0,,,,,,2.0,3.0,0.0,1,2.0,2.0,2.0,,1634.61,1.0,,,,,12276.6563,3069.8807,0.0,0.0,0.0,,0,0,8613,2,,,4.0,,,,3099.7955,9470.0,3740.0,2200,,,,,,,125380.0,2008,579,576,0.0,0.0,0.0,0.0,0.0,15.0,12.0,51.0,2008,2.0,1,8,2,8400,84001,1,17,41180,119,2.0,1.0,,6,3,49,1.0,1,42,1,,1,2,1,2,57,57,57,1,0,0,1.0,1.0,,56.0,,74.0,,,,,,2.0,3.0,0.0,1,2.0,1.0,1.0,2000.0,961.0,1.0,,,,,11746.4169,2950.3186,0.0,0.0,1.0,1.0,0,0,45559,2,,,3.0,,,,2949.5276,9470.0,3740.0,3260,,,,,,,125115.0,2009,591,576,0.0,0.0,0.0,0.0,0.0,14.0,12.0,51.0,2009,MIS4_to_MIS8,True,False,False
523195338700444,4,1.0,1,4,2,8400,84001,1,1,33,17,16980,0,2.0,1.0,,7,3,25,1.0,2,43,1,,2,1,2,1,2,57,57,134,1,0,0,2.0,1.0,,40.0,,40.0,,,,,,2.0,3.0,0.0,1,2.0,2.0,2.0,,769.23,1.0,,,,,11493.7756,2867.9489,0.0,0.0,0.0,,0,0,44288,2,,,,1.0,2.0,,2868.2631,7860.0,2310.0,-1,,,,,,,125390.0,2008,579,576,0.0,0.0,0.0,0.0,0.0,17.0,8.0,40.0,2008,1.0,1,8,2,8400,84001,1,17,16980,0,2.0,1.0,,7,3,26,1.0,2,43,1,,1,2,1,2,57,57,134,1,0,0,2.0,1.0,,40.0,,40.0,,,,,,2.0,3.0,0.0,1,2.0,2.0,2.0,,865.38,1.0,,,,,10858.2098,2681.1494,1.0,1.0,0.0,,0,0,8712,2,,,,2.0,,,2685.2297,7860.0,2310.0,-1,,,,,,,125122.0,2009,591,576,1.0,0.0,0.0,0.0,1.0,16.0,8.0,40.0,2009,MIS4_to_MIS8,True,False,False
720196978700256,4,1.0,4,4,2,8400,84001,1,1,33,17,16980,0,2.0,1.0,,7,1,67,,2,43,1,,1,1,1,3,2,57,57,57,1,0,0,1.0,1.0,,40.0,,48.0,,,,,,2.0,3.0,0.0,1,2.0,2.0,2.0,,1442.3,1.0,,,,,10742.9122,2797.4693,0.0,0.0,0.0,,0,0,68091,1,,,,1.0,1.0,,2703.8254,7860.0,2310.0,-1,,,,,,,125478.0,2008,579,576,0.0,0.0,0.0,0.0,0.0,18.0,8.0,40.0,2008,1.0,4,8,2,8400,84001,1,17,16980,0,2.0,1.0,,7,1,68,,2,43,1,,1,1,3,2,57,57,57,1,0,0,1.0,5.0,,,,,,,,,,1.0,,,2,,,,,,,,,,,11751.2624,2919.2608,0.0,0.0,,,0,0,52692,1,,,,1.0,1.0,,2940.4429,,,-1,,,,,,,125210.0,2009,591,576,0.0,0.0,0.0,0.0,0.0,18.0,,,2009,MIS4_to_MIS8,False,True,True
720196978700256,4,1.0,4,4,2,8400,84001,1,1,33,17,16980,0,2.0,1.0,,7,4,47,,2,40,1,,2,1,3,5,2,57,57,57,1,0,0,2.0,1.0,,40.0,,40.0,,,,,,2.0,2.0,0.0,1,2.0,2.0,2.0,,769.23,2.0,2.0,,,,11465.2289,2889.6716,,,0.0,,0,42,68091,2,,,3.0,,,,2925.631,9470.0,2150.0,-1,,,,,1.0,,125480.0,2008,579,576,,,,,,14.0,7.0,51.0,2008,1.0,4,8,2,8400,84001,1,17,16980,0,2.0,1.0,,7,4,48,,2,42,1,,1,3,5,2,57,57,57,1,0,0,2.0,1.0,,40.0,,65.0,,,,,,2.0,4.0,0.0,1,2.0,2.0,2.0,,769.23,2.0,2.0,,,,10943.2089,2842.5749,,,0.0,,0,0,52692,2,,,3.0,,,,2839.5273,7590.0,2150.0,4720,,,,,1.0,,125212.0,2009,591,576,,,,,,14.0,7.0,38.0,2009,MIS4_to_MIS8,False,True,True
820191549700968,4,2.0,6,4,2,8400,84001,1,1,33,17,16980,0,2.0,1.0,,7,2,58,,1,44,1,,1,0,0,7,2,57,57,57,1,0,0,1.0,1.0,,40.0,,40.0,,,,,,2.0,2.0,0.0,1,2.0,1.0,1.0,2500.0,769.23,1.0,,,,,11361.1331,2816.4122,,,0.0,0.0,0,0,51719,1,,,,,,2.0,2850.5974,7860.0,2320.0,-1,,,,,,,125538.0,2008,579,576,,,,,,18.0,8.0,40.0,2008,1.0,6,8,2,8400,84001,1,17,16980,0,2.0,1.0,,7,2,59,,1,44,1,,0,0,7,2,57,57,57,1,0,0,1.0,4.0,,,,,,,,14.0,2.0,11.0,3.0,0.0,2,,,,,,,,,,,11708.5482,3138.9291,,,,,0,0,8884,1,,,,,,3.0,3048.8756,3990.0,9620.0,-1,,,,,,,125263.0,2009,591,576,,,,,,18.0,22.0,13.0,2009,MIS4_to_MIS8,True,False,True
902903951993327,4,1.0,6,4,2,8400,84001,1,1,33,17,16980,111,2.0,1.0,,7,2,59,,1,40,1,,1,0,0,5,2,57,57,57,1,0,0,1.0,1.0,,40.0,,40.0,,,,,,2.0,3.0,0.0,1,2.0,1.0,1.0,3000.0,1200.0,1.0,,,,,11361.1331,2816.4122,,,0.0,0.0,0,0,8596,1,,,3.0,,,,2850.5974,7860.0,7310.0,-1,,,,,,,125594.0,2008,579,576,,,,,,14.0,20.0,40.0,2008,1.0,3,8,2,8400,84001,1,17,16980,111,2.0,1.0,,7,1,60,,1,42,1,,1,1,5,2,57,57,57,1,0,0,1.0,2.0,5.0,40.0,,,,,,,,5.0,3.0,0.0,1,2.0,2.0,2.0,,1250.0,1.0,,,,,10620.8863,2738.2636,0.0,0.0,0.0,,0,0,22656,1,,,3.0,,,,2739.5313,7860.0,8610.0,-1,,,,,,,125311.0,2009,591,576,0.0,0.0,0.0,0.0,0.0,14.0,21.0,40.0,2009,MIS4_to_MIS8,True,False,False
918027801129060,4,1.0,1,4,2,8400,84001,1,1,33,17,16980,0,2.0,1.0,,7,1,28,2.0,1,43,1,,1,1,1,1,2,57,57,57,1,0,0,1.0,1.0,,45.0,,45.0,,,,,,2.0,3.0,0.0,1,1.0,2.0,2.0,,769.23,1.0,,,,,12523.7471,3119.3743,0.0,0.0,0.0,,0,0,34721,1,,,,1.0,2.0,,3145.9018,7860.0,2310.0,-1,,,,,,,125600.0,2008,579,576,0.0,0.0,0.0,0.0,0.0,17.0,8.0,40.0,2008,1.0,1,8,2,8400,84001,1,17,16980,0,2.0,1.0,,7,1,29,2.0,1,43,1,,1,1,1,2,57,57,57,1,0,0,1.0,1.0,,-4.0,,45.0,,,,,,2.0,3.0,0.0,1,2.0,2.0,2.0,,2000.0,1.0,,,,,11874.8991,3000.8432,0.0,0.0,1.0,,0,42,22598,1,,,,1.0,1.0,,3004.3055,7860.0,2320.0,-1,,,,,,,125326.0,2009,591,576,0.0,0.0,0.0,0.0,0.0,18.0,8.0,40.0,2009,MIS4_to_MIS8,True,False,False
948077827129310,4,2.0,1,4,2,8400,84001,1,1,33,17,16980,0,2.0,1.0,,7,1,48,2.0,1,43,1,2.0,1,1,1,1,2,73,73,73,2,0,9,2.0,1.0,,40.0,,40.0,,,,,,2.0,1.0,0.0,1,2.0,2.0,2.0,,1923.0,2.0,2.0,,,,14361.2604,3679.5294,10.0,2.0,1.0,,0,0,8510,1,,,,2.0,,,3626.1478,9570.0,430.0,-1,,,,,,,125624.0,2008,579,576,0.0,0.0,1.0,1.0,0.0,16.0,1.0,51.0,2008,2.0,1,8,2,8400,84001,1,17,16980,0,2.0,1.0,,7,1,49,2.0,1,43,1,2.0,1,1,1,2,73,73,73,2,0,9,2.0,1.0,,40.0,,40.0,,,,,,2.0,1.0,0.0,1,2.0,2.0,2.0,,1153.0,2.0,2.0,,,,15641.0492,3911.1035,3.0,1.0,1.0,,0,0,8801,1,,,,2.0,,,3927.4705,9570.0,1410.0,-1,,,,,,,125348.0,2009,591,576,0.0,0.0,1.0,0.0,0.0,16.0,4.0,51.0,2009,MIS4_to_MIS8,True,False,False
948077827129310,4,2.0,1,4,2,8400,84001,1,1,33,17,16980,0,2.0,1.0,,7,3,47,1.0,2,43,1,2.0,2,1,2,1,2,73,73,73,2,0,9,1.0,1.0,,40.0,,40.0,,,,,,2.0,1.0,0.0,1,2.0,2.0,2.0,,846.0,2.0,2.0,,,,13537.0732,3454.0858,10.0,2.0,1.0,,0,0,8510,2,,,,1.0,1.0,,3454.3123,9570.0,3300.0,-1,,,,,,,125625.0,2008,579,576,0.0,0.0,1.0,1.0,0.0,18.0,10.0,51.0,2008,2.0,1,8,2,8400,84001,1,17,16980,0,2.0,1.0,,7,3,48,1.0,2,43,1,2.0,1,2,1,2,73,73,73,2,0,9,1.0,1.0,,40.0,,40.0,,,,,,2.0,1.0,0.0,1,2.0,2.0,2.0,,1000.0,2.0,2.0,,,,12331.8785,3198.187,3.0,1.0,1.0,,0,0,8801,2,,,,2.0,,,3199.8572,8190.0,3300.0,-1,,,,,,,125349.0,2009,591,576,0.0,0.0,1.0,0.0,0.0,16.0,10.0,41.0,2009,MIS4_to_MIS8,True,False,False
966077846129960,4,1.0,1,4,2,8400,84001,1,1,33,17,37900,0,2.0,1.0,,3,1,27,2.0,2,40,1,,1,1,1,1,2,57,57,57,1,0,0,1.0,1.0,,40.0,,40.0,,,,,,2.0,2.0,0.0,1,2.0,2.0,2.0,,346.15,1.0,,,,,11756.611,2933.5321,1.0,2.0,0.0,,0,0,65479,1,,,3.0,,,,2933.8535,7860.0,5700.0,-1,,,,,,,125638.0,2008,579,576,1.0,0.0,0.0,0.0,1.0,14.0,17.0,40.0,2008,2.0,1,8,2,8400,84001,1,17,37900,0,2.0,1.0,,3,1,28,2.0,2,40,1,,1,1,1,2,57,57,57,1,0,0,2.0,1.0,,40.0,,40.0,,,,,,2.0,3.0,0.0,1,2.0,,1.0,1200.0,480.0,2.0,2.0,,,,10754.7982,2655.6147,5.0,2.0,0.0,0.0,0,0,22708,1,,,3.0,,,,2659.6561,7860.0,5700.0,-1,,,,,,,125361.0,2009,591,576,1.0,1.0,0.0,0.0,1.0,14.0,17.0,40.0,2009,MIS4_to_MIS8,True,False,True
162952701084799,4,1.0,7,4,0,8400,84002,2,2,33,17,0,0,3.0,2.0,,0,2,61,,2,44,1,,1,0,0,5,2,57,57,57,1,0,0,1.0,1.0,,40.0,8.0,24.0,,,8.0,,,4.0,3.0,0.0,1,2.0,2.0,2.0,,942.3,1.0,,,,,12200.3364,2908.8585,,,0.0,,0,0,21841,1,,,,,,2.0,2904.8441,7860.0,2310.0,-1,,,,,,,125682.0,2008,579,576,,,,,,18.0,8.0,40.0,2008,1.0,7,8,2,8400,84002,2,17,0,0,3.0,2.0,,0,2,62,,2,44,1,,0,0,5,2,57,57,57,1,0,0,1.0,1.0,,40.0,6.0,32.0,,,6.0,,,4.0,3.0,0.0,1,2.0,2.0,2.0,,1057.69,1.0,,,,,10992.9789,2816.603,,,0.0,,0,0,8859,1,,,,,,3.0,2781.2653,7860.0,2310.0,-1,,,,,,,125400.0,2009,591,576,,,,,,18.0,8.0,40.0,2009,MIS4_to_MIS8,True,False,False
190962305075749,4,1.0,1,4,2,8400,84001,1,1,33,17,0,0,3.0,2.0,,0,1,54,2.0,1,40,1,,1,1,1,1,2,57,57,57,1,0,0,1.0,1.0,,40.0,4.0,32.0,,,4.0,,,4.0,1.0,0.0,1,2.0,1.0,1.0,1250.0,900.0,1.0,,,,,12082.4675,3031.9588,0.0,0.0,0.0,1.0,0,0,21569,1,,,2.0,,,,3050.7637,9390.0,560.0,-1,4.0,,,,,,125686.0,2008,579,576,0.0,0.0,0.0,0.0,0.0,13.0,2.0,51.0,2008,1.0,1,8,2,8400,84001,1,17,0,0,3.0,2.0,,0,1,55,2.0,1,40,1,,1,1,1,2,57,57,57,1,0,0,1.0,1.0,,40.0,,40.0,,,,,,2.0,1.0,0.0,1,2.0,1.0,1.0,2240.0,2884.61,1.0,,,,,12487.2445,3164.4031,0.0,0.0,1.0,1.0,0,0,35284,1,,,2.0,,,,3198.1338,7290.0,8740.0,-1,4.0,,,,,,125404.0,2009,591,576,0.0,0.0,0.0,0.0,0.0,13.0,21.0,36.0,2009,MIS4_to_MIS8,True,False,False
802902571994367,4,1.0,6,4,2,8400,84001,1,1,33,17,0,99,3.0,2.0,,0,2,25,,1,43,1,,1,0,0,7,2,57,57,57,1,0,0,1.0,1.0,,55.0,,69.0,,,,,,2.0,3.0,0.0,1,2.0,2.0,2.0,,846.15,1.0,,,,,12749.4852,3175.6004,,,0.0,,0,0,21884,1,,,,1.0,1.0,,3202.6061,7860.0,2320.0,210,,,,,,,125769.0,2008,579,576,,,,,,18.0,8.0,40.0,2008,1.0,6,8,2,8400,84001,1,17,0,99,3.0,2.0,,0,2,26,,1,43,1,,0,0,7,2,57,57,57,1,0,0,1.0,1.0,,60.0,,60.0,,,,,,2.0,1.0,0.0,1,2.0,2.0,2.0,,807.0,1.0,,,,,11971.2697,3025.1965,,,1.0,,0,42,52790,1,,,,1.0,1.0,,3028.6869,7860.0,2320.0,-1,,,,,,,125484.0,2009,591,576,,,,,,18.0,8.0,40.0,2009,MIS4_to_MIS8,True,False,True
802902571994367,4,1.0,6,4,2,8400,84001,1,1,33,17,0,99,3.0,2.0,,0,14,25,,2,43,1,,2,0,0,7,2,57,57,57,1,0,0,2.0,1.0,,50.0,,55.0,,,,,,2.0,3.0,0.0,1,2.0,2.0,2.0,,826.92,1.0,,,,,11700.9487,2919.6431,,,0.0,,0,0,21884,2,,,,1.0,1.0,,2919.963,7860.0,2320.0,-1,,,,,,,125770.0,2008,579,576,,,,,,18.0,8.0,40.0,2008,1.0,6,8,2,8400,84001,1,17,0,99,3.0,2.0,,0,14,26,,2,43,1,,0,0,7,2,57,57,57,1,0,0,2.0,1.0,,60.0,,60.0,,,,,,2.0,3.0,0.0,1,2.0,2.0,2.0,,1019.0,1.0,,,,,10946.3295,2702.9083,,,1.0,,0,42,52790,2,,,,1.0,1.0,,2707.0217,7860.0,2320.0,-1,,,,,,,125485.0,2009,591,576,,,,,,18.0,8.0,40.0,2009,MIS4_to_MIS8,True,False,False
198972506053709,4,1.0,7,4,2,8400,84001,1,1,33,17,14060,113,,1.0,,2,14,38,,1,43,1,,2,0,0,7,2,57,139,57,1,0,0,2.0,1.0,,70.0,,70.0,,,,,,2.0,3.0,0.0,1,2.0,2.0,2.0,,1096.0,2.0,2.0,,,,11161.0748,2780.5178,,,1.0,,0,0,34774,2,,,,2.0,,,2771.1739,8560.0,20.0,-1,2.0,,,,,,125814.0,2008,579,576,,,,,,16.0,1.0,44.0,2008,1.0,1,8,2,8400,84001,1,17,14060,113,,1.0,,2,3,39,1.0,1,43,1,,1,2,1,2,57,139,57,1,0,0,2.0,1.0,,70.0,,70.0,,,,,,2.0,1.0,0.0,1,1.0,2.0,2.0,,1538.0,2.0,2.0,,,,10738.6769,2685.487,0.0,0.0,1.0,,0,0,52799,2,,,,2.0,,,2685.8208,9370.0,20.0,-1,2.0,,,,,,125536.0,2009,591,576,0.0,0.0,0.0,0.0,0.0,16.0,1.0,51.0,2009,MIS4_to_MIS8,True,False,True
523197689700950,4,2.0,7,4,2,8400,84001,1,1,33,17,14060,113,,1.0,,2,2,45,,2,44,1,,1,0,0,7,2,57,57,57,1,0,0,1.0,1.0,,60.0,,60.0,,,,,,2.0,3.0,0.0,1,2.0,2.0,2.0,,1442.3,2.0,2.0,,,,11622.5634,2929.3258,,,0.0,,0,0,21906,1,,,,,,2.0,2965.7787,7860.0,230.0,-1,,,,,,,125863.0,2008,579,576,,,,,,18.0,1.0,40.0,2008,1.0,7,8,2,8400,84001,1,17,14060,113,,1.0,,2,2,46,,2,44,1,,0,0,7,2,57,57,57,1,0,0,1.0,1.0,,60.0,,57.0,,,,,,2.0,3.0,0.0,1,2.0,2.0,2.0,,1288.46,2.0,2.0,,,,10763.1895,2795.8135,,,0.0,,0,0,8908,1,,,,,,2.0,2792.8162,7860.0,230.0,-1,,,,,,,125584.0,2009,591,576,,,,,,18.0,1.0,40.0,2009,MIS4_to_MIS8,True,False,False
523197689700950,4,2.0,7,4,2,8400,84001,1,1,33,17,14060,113,,1.0,,2,13,39,,2,44,1,,2,2,1,5,2,57,57,57,1,0,0,2.0,1.0,,40.0,,40.0,,,,,,2.0,3.0,0.0,1,2.0,2.0,2.0,,1096.15,1.0,,,,,10488.3012,2670.0489,3.0,1.0,0.0,,0,0,21906,2,,,,,,3.0,2694.5894,7860.0,2310.0,-1,,,,,,,125864.0,2008,579,576,0.0,0.0,1.0,0.0,0.0,18.0,8.0,40.0,2008,1.0,7,8,2,8400,84001,1,17,14060,113,,1.0,,2,13,40,,2,44,1,,2,1,5,2,57,57,57,1,0,0,2.0,1.0,,35.0,,39.0,,,,,,2.0,3.0,0.0,1,2.0,2.0,2.0,,1000.0,1.0,,,,,8926.9862,2253.7897,3.0,1.0,0.0,,0,0,8908,2,,,,,,3.0,2219.9238,7860.0,2310.0,2200,,,,,,,125585.0,2009,591,576,0.0,0.0,1.0,0.0,0.0,18.0,8.0,40.0,2009,MIS4_to_MIS8,True,False,False
80971090513339,5,1.0,1,4,2,8400,84001,1,1,33,17,40420,0,1.0,1.0,,3,3,53,1.0,2,43,1,,2,1,2,1,2,57,57,57,1,0,0,1.0,1.0,,40.0,,43.0,,,,,,2.0,3.0,0.0,1,2.0,2.0,2.0,,1038.46,1.0,,,,,10773.074,2571.6124,0.0,0.0,0.0,,0,0,64096,2,,,,2.0,,,2606.442,9470.0,2850.0,-1,,,,,,,162487.0,2008,580,577,0.0,0.0,0.0,0.0,0.0,16.0,9.0,51.0,2008,2.0,1,8,2,8400,84001,1,17,40420,0,1.0,1.0,,3,3,54,1.0,2,43,1,,1,2,1,2,57,57,57,1,0,0,1.0,1.0,,40.0,4.0,32.0,,,4.0,,,4.0,3.0,0.0,1,2.0,,1.0,2800.0,1120.0,1.0,,,,,9959.4964,2444.9586,0.0,0.0,0.0,0.0,0,0,5635,2,,,,2.0,,,2462.2428,9470.0,2020.0,-1,,,,,,,162571.0,2009,592,577,0.0,0.0,0.0,0.0,0.0,16.0,6.0,51.0,2009,MIS4_to_MIS8,True,False,False
310709938845684,5,1.0,1,4,2,8400,84001,1,1,33,17,16980,0,1.0,1.0,1.0,7,3,44,1.0,2,43,1,,2,1,2,1,2,57,57,57,1,0,0,1.0,1.0,,30.0,,25.0,,,18.0,,,7.0,3.0,0.0,1,2.0,2.0,2.0,,384.61,1.0,,,,,11111.623,2727.043,10.0,3.0,0.0,,0,0,59265,2,,,,2.0,,,2737.0114,7860.0,2310.0,-1,,,,,,,162584.0,2008,580,577,0.0,0.0,1.0,1.0,0.0,16.0,8.0,40.0,2008,4.0,1,8,2,8400,84001,1,17,16980,0,1.0,1.0,1.0,7,3,45,1.0,2,43,1,,1,2,1,2,57,57,57,1,0,0,2.0,1.0,,40.0,,40.0,,,,,,2.0,3.0,0.0,1,2.0,2.0,2.0,,750.0,1.0,,,,,10504.4686,2586.4381,10.0,3.0,0.0,,0,0,60369,2,,,,2.0,,,2596.9739,7860.0,2310.0,-1,,,,,,,162674.0,2009,592,577,0.0,0.0,1.0,1.0,0.0,16.0,8.0,40.0,2009,MIS4_to_MIS8,True,False,False
334194589700868,5,2.0,1,4,2,8400,84001,1,1,33,17,16980,0,1.0,1.0,1.0,7,3,45,1.0,2,44,2,,2,1,2,1,2,57,57,57,1,0,0,2.0,1.0,,38.0,,38.0,,,,,,2.0,3.0,0.0,1,2.0,2.0,2.0,,480.76,1.0,,,,,12200.6387,2976.3084,3.0,2.0,0.0,,0,0,59266,2,,,,,,2.0,2988.4197,7860.0,2310.0,-1,,,,,,,162605.0,2008,580,577,0.0,0.0,1.0,0.0,0.0,18.0,8.0,40.0,2008,1.0,1,8,2,8400,84001,1,17,16980,0,1.0,1.0,1.0,7,3,46,1.0,2,44,2,,1,2,1,2,57,57,57,1,0,0,2.0,1.0,,37.0,,37.0,,,,,,2.0,3.0,0.0,1,2.0,2.0,2.0,,692.3,1.0,,,,,9213.3784,2492.8671,3.0,2.0,0.0,,0,0,53699,2,,,,,,3.0,2457.2908,7860.0,2310.0,-1,,,,,,,162693.0,2009,592,577,0.0,0.0,1.0,0.0,0.0,18.0,8.0,40.0,2009,MIS4_to_MIS8,True,False,False
571388083906897,5,4.0,1,4,2,8400,84001,1,1,33,17,16980,0,1.0,1.0,1.0,7,1,51,2.0,1,43,1,,1,1,1,1,2,57,120,57,1,0,0,2.0,1.0,,40.0,,40.0,,,,,,2.0,3.0,1.0,1,2.0,2.0,2.0,,1384.61,2.0,2.0,,,,12282.6154,3017.8252,0.0,0.0,0.0,,0,0,44597,1,,,,2.0,,,3026.0022,190.0,1600.0,-1,,,,,,,162640.0,2008,580,577,0.0,0.0,0.0,0.0,0.0,16.0,5.0,2.0,2008,2.0,1,8,2,8400,84001,1,17,16980,0,1.0,1.0,1.0,7,1,52,2.0,1,43,1,,1,1,1,2,57,120,57,1,0,0,2.0,1.0,,40.0,,40.0,,,,,,2.0,1.0,1.0,1,2.0,,1.0,3000.0,1200.0,1.0,,,,,12178.8939,3095.3347,0.0,0.0,0.0,0.0,0,0,9249,1,,,,1.0,2.0,,3070.2371,190.0,9130.0,-1,,,,,,,162723.0,2009,592,577,0.0,0.0,0.0,0.0,0.0,17.0,22.0,2.0,2009,MIS4_to_MIS8,True,False,True
571486033908498,5,1.0,1,4,2,8400,84001,1,1,33,17,16980,0,1.0,1.0,1.0,7,3,60,1.0,2,40,2,,2,1,2,1,2,57,57,57,1,0,0,2.0,1.0,,40.0,,40.0,,,,,,2.0,3.0,0.0,1,2.0,1.0,1.0,1401.0,952.0,1.0,,,,,10998.8615,2527.854,0.0,0.0,1.0,1.0,0,0,34173,2,,,3.0,,,,2538.1404,9480.0,5860.0,-1,,,,,,,162658.0,2008,580,577,0.0,0.0,0.0,0.0,0.0,14.0,17.0,51.0,2008,1.0,1,8,2,8400,84001,1,17,16980,0,1.0,1.0,1.0,7,3,61,1.0,2,40,2,,1,2,1,2,57,57,57,1,0,0,2.0,1.0,,40.0,5.0,32.0,,,5.0,,,4.0,3.0,0.0,1,2.0,2.0,2.0,,826.92,1.0,,,,,9966.5653,2446.1896,0.0,0.0,0.0,,0,0,36641,2,,,3.0,,,,2411.2794,8190.0,5400.0,-1,,,,,,,162739.0,2009,592,577,0.0,0.0,0.0,0.0,0.0,14.0,17.0,41.0,2009,MIS4_to_MIS8,True,False,False
907309130389105,5,1.0,1,4,2,8400,84001,1,1,33,17,40420,0,1.0,1.0,,3,4,24,,1,39,1,,4,1,3,7,2,57,57,57,1,0,0,2.0,1.0,,9.0,,9.0,,,15.0,,,6.0,1.0,0.0,1,2.0,,1.0,1785.0,160.65,2.0,2.0,2.0,,,15447.9853,3835.5562,,,0.0,0.0,0,0,64097,4,1.0,,,,,,3901.6025,6370.0,5550.0,-1,1.0,,,,2.0,2.0,162750.0,2008,580,577,,,,,,12.0,17.0,23.0,2008,2.0,1,8,2,8400,84001,1,17,40420,0,1.0,1.0,,3,4,25,,1,40,1,,1,3,7,2,57,57,57,1,0,0,2.0,1.0,,8.0,,8.0,,,14.0,,,6.0,1.0,0.0,1,2.0,,1.0,1790.0,143.2,2.0,2.0,,,,13607.9747,3363.9889,,,0.0,0.0,0,0,36911,4,,,2.0,,,,3371.1803,6370.0,5550.0,-1,1.0,,,,2.0,2.0,162839.0,2009,592,577,,,,,,13.0,17.0,23.0,2009,MIS4_to_MIS8,True,False,False
933027981139930,5,3.0,1,4,2,8400,84001,1,1,33,17,16980,0,1.0,1.0,1.0,7,1,42,2.0,1,32,1,4.0,1,1,1,1,2,312,312,312,4,0,7,1.0,1.0,,40.0,,41.0,,,,,,2.0,3.0,0.0,1,2.0,2.0,2.0,,784.61,2.0,2.0,,,,20356.7589,5087.3421,3.0,2.0,0.0,,0,0,52292,1,,,,,,,5078.445,9370.0,5860.0,4920,,,,,,,162764.0,2008,580,577,0.0,0.0,1.0,0.0,0.0,2.5,17.0,51.0,2008,1.0,1,8,2,8400,84001,1,17,16980,0,1.0,1.0,1.0,7,1,43,2.0,1,40,1,4.0,1,1,1,2,312,312,312,4,0,7,1.0,1.0,,40.0,,40.0,,,,,,2.0,3.0,0.0,1,2.0,2.0,2.0,,1307.69,2.0,2.0,,,,17584.6091,4373.6699,3.0,2.0,0.0,,0,0,46743,1,,,3.0,,,,4408.5137,9370.0,430.0,4920,,,,,,,162862.0,2009,592,577,0.0,0.0,1.0,0.0,0.0,14.0,1.0,51.0,2009,MIS4_to_MIS8,True,False,False
933027981139930,5,3.0,1,4,2,8400,84001,1,1,33,17,16980,0,1.0,1.0,1.0,7,3,33,1.0,2,42,1,1.0,2,1,2,1,2,57,303,303,1,0,0,2.0,1.0,,37.0,5.0,32.0,,,5.0,,,4.0,3.0,0.0,1,2.0,2.0,2.0,,442.3,1.0,,,,,11557.2693,2927.4575,3.0,2.0,0.0,,0,0,52292,2,,,3.0,,,,2919.7425,7860.0,2540.0,-1,,,,,3.0,,162765.0,2008,580,577,0.0,0.0,1.0,0.0,0.0,14.0,8.0,40.0,2008,1.0,1,8,2,8400,84001,1,17,16980,0,1.0,1.0,1.0,7,3,34,1.0,2,42,1,1.0,1,2,1,2,57,303,303,1,0,0,2.0,1.0,,40.0,,40.0,,,,,,2.0,3.0,0.0,1,2.0,2.0,2.0,,538.46,1.0,,,,,10785.2182,2702.8526,3.0,2.0,0.0,,0,0,46743,2,,,3.0,,,,2720.0931,7860.0,2540.0,-1,,,,,3.0,,162863.0,2009,592,577,0.0,0.0,1.0,0.0,0.0,14.0,8.0,40.0,2009,MIS4_to_MIS8,True,False,False
971173063900393,5,2.0,4,4,2,8400,84001,1,1,33,17,16980,0,1.0,1.0,1.0,7,6,55,,2,43,2,,2,1,4,5,2,57,57,57,1,0,0,2.0,1.0,,40.0,,40.0,,,,,,2.0,3.0,0.0,1,2.0,2.0,2.0,,1346.0,1.0,,,,,9568.3021,2527.854,,,1.0,,0,42,58725,2,,,,1.0,1.0,,2538.1404,7860.0,2330.0,-1,,,,,,,162810.0,2008,580,577,,,,,,18.0,8.0,40.0,2008,1.0,4,8,2,8400,84001,1,17,16980,0,1.0,1.0,1.0,7,6,56,,2,43,2,,1,4,5,2,57,57,57,1,0,0,2.0,1.0,,40.0,,40.0,,,,,,2.0,3.0,0.0,1,2.0,2.0,2.0,,1153.0,1.0,,,,,10044.8378,2446.1896,,,1.0,,0,0,19753,2,,,,1.0,1.0,,2411.2794,7860.0,2330.0,-1,,,,,,,162896.0,2009,592,577,,,,,,18.0,8.0,40.0,2009,MIS4_to_MIS8,True,False,False
45061370978198,5,3.0,4,4,2,8400,84001,1,1,33,17,16980,0,2.0,1.0,,7,1,50,,2,40,10,,1,1,1,5,2,57,57,57,1,0,0,1.0,1.0,,40.0,,38.0,,,,,,2.0,2.0,0.0,1,2.0,1.0,1.0,1765.0,643.5,1.0,,,,,9982.8727,2420.256,0.0,0.0,0.0,1.0,0,0,58729,1,,,2.0,,,,2415.2604,9370.0,8740.0,-1,,,,,3.0,,162875.0,2008,580,577,0.0,0.0,0.0,0.0,0.0,13.0,21.0,51.0,2008,1.0,4,8,2,8400,84001,1,17,16980,0,2.0,1.0,,7,1,51,,2,40,10,,1,1,5,2,57,57,57,1,0,0,1.0,1.0,,37.0,,37.0,,,,,,2.0,2.0,0.0,1,2.0,2.0,2.0,,660.0,1.0,,,,,9896.6942,2449.2948,0.0,0.0,0.0,,0,0,36796,1,,,2.0,,,,2446.7165,9370.0,10.0,-1,,,,,3.0,,162959.0,2009,592,577,0.0,0.0,0.0,0.0,0.0,13.0,1.0,51.0,2009,MIS4_to_MIS8,True,False,False
45061370978198,5,3.0,4,4,2,8400,84001,1,1,33,17,16980,0,2.0,1.0,,7,12,47,,1,35,2,,4,0,0,7,2,57,57,57,1,0,0,2.0,1.0,,35.0,,35.0,,,,,,2.0,3.0,0.0,1,2.0,,1.0,775.0,271.25,2.0,2.0,,,,12313.5573,2947.3388,,,0.0,0.0,0,0,58729,4,,,,,,,2887.5023,7580.0,4220.0,-1,,,,,,,162878.0,2008,580,577,,,,,,9.0,14.0,38.0,2008,1.0,4,8,2,8400,84001,1,17,16980,0,2.0,1.0,,7,12,48,,1,39,2,,0,0,7,2,57,57,57,1,0,0,2.0,1.0,,35.0,,35.0,,,,,,2.0,1.0,0.0,1,2.0,,1.0,1200.0,420.0,2.0,2.0,,,,11111.5485,2735.8949,,,0.0,0.0,0,0,36796,4,1.0,,,,,,2691.8685,7580.0,4220.0,-1,,,,,,,162962.0,2009,592,577,,,,,,12.0,14.0,38.0,2009,MIS4_to_MIS8,True,False,True
78671370944898,5,2.0,6,4,2,8400,84001,1,1,33,17,16980,0,2.0,1.0,,7,14,23,,2,40,1,,2,0,0,7,2,57,57,57,1,0,0,1.0,1.0,,32.0,,24.0,,,20.0,,,7.0,3.0,0.0,1,2.0,,1.0,700.0,224.0,1.0,,2.0,,,11642.0255,3022.1328,,,1.0,1.0,21,41,44675,2,,,2.0,,,,3022.7776,7860.0,2340.0,-1,,,,,,,162890.0,2008,580,577,,,,,,13.0,8.0,40.0,2008,1.0,6,8,2,8400,84001,1,17,16980,0,2.0,1.0,,7,14,24,,2,40,1,,0,0,7,2,57,57,57,1,0,0,2.0,1.0,,30.0,,30.0,,,14.0,,,6.0,4.0,0.0,1,2.0,1.0,1.0,1400.0,450.0,2.0,2.0,2.0,,,12690.5026,3131.8292,,,0.0,0.0,0,0,9305,2,,,2.0,,,,3147.169,4380.0,4850.0,-1,,,,,,,162976.0,2009,592,577,,,,,,13.0,16.0,21.0,2009,MIS4_to_MIS8,False,True,True
192963303039768,5,1.0,3,4,2,8400,84002,2,2,33,17,16980,0,2.0,1.0,,7,1,62,,1,43,1,,1,1,1,3,2,57,57,57,1,0,0,1.0,1.0,,40.0,,50.0,,,,,,2.0,2.0,0.0,1,2.0,2.0,2.0,,851.92,2.0,2.0,,,,11105.7444,2696.235,3.0,1.0,0.0,,0,0,7809,1,,,,2.0,,,2692.4041,7870.0,1650.0,2200,4.0,,,,,,162926.0,2008,580,577,0.0,0.0,1.0,0.0,0.0,16.0,5.0,40.0,2008,1.0,6,8,2,8400,84002,2,17,16980,0,2.0,1.0,,7,2,63,,1,43,1,,0,0,3,2,57,57,57,1,0,0,1.0,1.0,,20.0,,20.0,,,21.0,,,7.0,1.0,0.0,1,2.0,,1.0,1550.0,310.0,2.0,2.0,,,,11626.9441,2736.8019,,,0.0,0.0,0,0,36740,1,,,,2.0,,,2732.4386,8190.0,1650.0,-1,4.0,,,,,,163017.0,2009,592,577,,,,,,16.0,5.0,41.0,2009,MIS4_to_MIS8,True,False,True
193893001096703,5,2.0,1,4,2,8400,84001,1,1,33,17,16980,0,2.0,1.0,,7,1,47,2.0,2,40,1,2.0,1,1,1,1,2,73,73,73,2,0,3,2.0,1.0,,40.0,,40.0,,,,,,2.0,1.0,0.0,1,2.0,,1.0,800.0,320.0,2.0,2.0,,,,10731.0188,2608.0829,1.0,1.0,1.0,1.0,0,0,59263,1,,,2.0,,,,2596.2672,9480.0,5240.0,-1,,,,,,,162936.0,2008,580,577,1.0,0.0,0.0,0.0,1.0,13.0,17.0,51.0,2008,1.0,1,8,2,8400,84001,1,17,16980,0,2.0,1.0,,7,1,48,2.0,2,40,1,2.0,1,1,1,2,73,73,73,2,0,3,1.0,1.0,,40.0,,40.0,,,,,,2.0,1.0,0.0,1,2.0,2.0,2.0,,496.0,1.0,,,,,8531.456,2092.0568,2.0,1.0,1.0,,0,42,46737,1,,,3.0,,,,2109.1946,9480.0,1010.0,-1,,,,,,,163030.0,2009,592,577,0.0,1.0,0.0,0.0,1.0,14.0,3.0,51.0,2009,MIS4_to_MIS8,True,False,False
197983505071798,5,1.0,1,4,2,8400,84001,1,1,33,17,16980,0,2.0,1.0,,7,3,59,1.0,1,40,1,,2,1,2,1,2,57,57,555,1,0,0,2.0,1.0,,40.0,,40.0,,,,,,2.0,1.0,0.0,1,2.0,1.0,1.0,1000.0,769.23,2.0,2.0,,,,11396.6373,2798.5738,0.0,0.0,0.0,1.0,0,0,56093,2,,,2.0,,,,2828.5779,6370.0,5550.0,-1,,,,,,,162972.0,2008,580,577,0.0,0.0,0.0,0.0,0.0,13.0,17.0,23.0,2008,1.0,1,8,2,8400,84001,1,17,16980,0,2.0,1.0,,7,3,60,1.0,1,40,1,,1,2,1,2,57,57,555,1,0,0,2.0,1.0,,40.0,,40.0,,,,,,2.0,1.0,0.0,1,2.0,1.0,1.0,1112.0,769.23,2.0,2.0,,,,11344.2527,2670.2608,0.0,0.0,0.0,1.0,0,0,36798,2,,,3.0,,,,2666.0035,6370.0,5550.0,-1,,,,,,,163065.0,2009,592,577,0.0,0.0,0.0,0.0,0.0,14.0,17.0,23.0,2009,MIS4_to_MIS8,True,False,False
310709932663389,5,2.0,4,4,2,8400,84001,1,1,33,17,16980,0,2.0,1.0,,7,1,50,,2,44,1,,1,1,1,5,2,109,57,57,3,0,2,1.0,1.0,,32.0,,32.0,,,22.0,,,7.0,3.0,0.0,1,2.0,2.0,2.0,,1000.0,1.0,,,,,10760.9776,2568.7249,3.0,1.0,0.0,,0,0,64080,1,,,,,,2.0,2603.5154,7860.0,3130.0,-1,,,,,,,163043.0,2008,580,577,0.0,0.0,1.0,0.0,0.0,18.0,10.0,40.0,2008,1.0,4,8,2,8400,84001,1,17,16980,0,2.0,1.0,,7,1,51,,2,44,1,,1,1,5,2,109,57,57,3,0,2,1.0,1.0,,35.0,,36.0,,,,,,2.0,3.0,0.0,1,2.0,2.0,2.0,,1057.69,1.0,,,,,9831.5415,2413.5469,3.0,1.0,0.0,,0,0,23463,1,,,,,,2.0,2430.6091,7860.0,3130.0,3130,,,,,,,163130.0,2009,592,577,0.0,0.0,1.0,0.0,0.0,18.0,10.0,40.0,2009,MIS4_to_MIS8,True,False,False
339196329700836,5,3.0,1,4,2,8400,84001,1,1,33,17,16980,0,2.0,1.0,,7,1,53,2.0,1,44,1,,1,1,1,1,2,57,57,57,1,0,0,1.0,1.0,,60.0,,50.0,,,,,,2.0,3.0,0.0,1,2.0,2.0,2.0,,2115.38,1.0,,,,,11513.967,2828.9691,0.0,0.0,0.0,,0,0,52350,1,,,,,,2.0,2836.6344,7860.0,2310.0,-1,,,,,,,163058.0,2008,580,577,0.0,0.0,0.0,0.0,0.0,18.0,8.0,40.0,2008,1.0,1,8,2,8400,84001,1,17,16980,0,2.0,1.0,,7,1,54,2.0,1,44,1,,1,1,1,2,57,57,57,1,0,0,1.0,1.0,,60.0,,60.0,,,,,,2.0,3.0,0.0,1,2.0,2.0,2.0,,2115.38,1.0,,,,,11572.9957,2941.3423,0.0,0.0,0.0,,0,0,23464,1,,,,,,1.0,2917.4933,7860.0,2320.0,-1,,,,,,,163145.0,2009,592,577,0.0,0.0,0.0,0.0,0.0,17.0,8.0,40.0,2009,MIS4_to_MIS8,True,False,False
339196329700836,5,3.0,1,4,2,8400,84001,1,1,33,17,16980,0,2.0,1.0,,7,3,48,1.0,2,43,1,,2,1,2,1,2,57,57,57,1,0,0,2.0,1.0,,15.0,,20.0,,,18.0,,,7.0,3.0,0.0,1,2.0,,1.0,1550.0,232.5,2.0,2.0,,,,11241.7147,2690.5996,0.0,0.0,0.0,0.0,0,0,52350,2,,,,2.0,,,2719.8252,8590.0,2300.0,2300,,,,,,,163059.0,2008,580,577,0.0,0.0,0.0,0.0,0.0,16.0,8.0,44.0,2008,1.0,1,8,2,8400,84001,1,17,16980,0,2.0,1.0,,7,3,49,1.0,2,43,1,,1,2,1,2,57,57,57,1,0,0,2.0,1.0,,35.0,,45.0,,,,,,2.0,4.0,0.0,1,2.0,,1.0,1400.0,490.0,2.0,2.0,,,,9981.8728,2457.7631,0.0,0.0,0.0,0.0,0,0,23464,2,,,,1.0,1.0,,2467.7748,8470.0,2300.0,2340,,,,,,,163146.0,2009,592,577,0.0,0.0,0.0,0.0,0.0,18.0,8.0,43.0,2009,MIS4_to_MIS8,False,True,True
339196329700836,5,3.0,1,4,2,8400,84001,1,1,33,17,16980,0,2.0,1.0,,7,4,18,,2,37,1,,3,1,3,7,2,57,57,57,1,0,0,2.0,7.0,,,,,,8.0,,,,1.0,3.0,0.0,2,,,,,,,,1.0,1.0,1.0,10904.7749,2683.4744,,,,,0,0,52350,3,,,,,,,2673.0901,8570.0,4620.0,-1,,,,,2.0,1.0,163060.0,2008,580,577,,,,,,11.0,15.0,44.0,2008,1.0,1,8,2,8400,84001,1,17,16980,0,2.0,1.0,,7,4,19,,2,40,1,,1,3,7,2,57,57,57,1,0,0,2.0,7.0,,,,,,8.0,,,,1.0,3.0,0.0,2,,,,,,,,1.0,1.0,2.0,11316.3974,2741.9812,,,,,0,0,23464,3,,,1.0,,,,2790.2851,8570.0,4620.0,-1,,,,,2.0,1.0,163147.0,2009,592,577,,,,,,12.0,15.0,44.0,2009,MIS4_to_MIS8,True,False,False
339196329700836,5,3.0,1,4,2,8400,84001,1,1,33,17,16980,0,2.0,1.0,,7,4,20,,1,40,1,,4,1,3,7,2,57,57,57,1,0,0,2.0,7.0,,,,,,,,,,1.0,3.0,0.0,2,,,,,,,,1.0,1.0,2.0,13570.758,3831.2495,,,,,0,0,52350,4,,,1.0,,,,3677.0655,8570.0,4620.0,-1,,,,,2.0,1.0,163061.0,2008,580,577,,,,,,12.0,15.0,44.0,2008,1.0,1,8,2,8400,84001,1,17,16980,0,2.0,1.0,,7,4,21,,1,40,1,,1,3,7,2,57,57,57,1,0,0,2.0,7.0,,,,,,8.0,,,,1.0,2.0,0.0,2,,,,,,,,1.0,1.0,2.0,14821.6428,3710.9688,,,,,0,0,23464,4,,,2.0,,,,3703.5987,7870.0,4060.0,-1,,,,,2.0,1.0,163148.0,2009,592,577,,,,,,13.0,13.0,40.0,2009,MIS4_to_MIS8,True,False,True
433197437700572,5,2.0,4,4,2,8400,84001,1,1,33,17,16980,0,2.0,1.0,,7,1,53,,2,40,2,,1,1,1,7,2,57,57,57,1,0,0,1.0,1.0,,38.0,,40.0,,,,,,2.0,2.0,0.0,1,2.0,1.0,1.0,1900.0,701.92,1.0,,,,,9364.6326,2284.4734,0.0,0.0,0.0,0.0,0,0,62131,1,,,3.0,,,,2293.7695,7870.0,5860.0,-1,,,,,,,163084.0,2008,580,577,0.0,0.0,0.0,0.0,0.0,14.0,17.0,40.0,2008,1.0,4,8,2,8400,84001,1,17,16980,0,2.0,1.0,,7,1,54,,2,40,2,,1,1,7,2,57,57,57,1,0,0,1.0,1.0,,40.0,,40.0,,,,,,2.0,4.0,0.0,1,2.0,2.0,2.0,,730.76,2.0,1.0,,,,7933.1062,2146.4634,0.0,0.0,0.0,,0,0,9238,1,,,2.0,,,,2115.8307,8190.0,5860.0,-1,,,,,,,163176.0,2009,592,577,0.0,0.0,0.0,0.0,0.0,13.0,17.0,41.0,2009,MIS4_to_MIS8,False,True,True
571897053908197,5,2.0,7,4,2,8400,84001,1,1,33,17,16980,0,2.0,1.0,,7,2,33,,2,44,1,,1,0,0,7,2,57,57,57,1,0,0,1.0,1.0,,50.0,,50.0,,,,,,2.0,3.0,0.0,1,2.0,2.0,2.0,,961.53,2.0,2.0,,,,10247.4288,2589.9536,,,0.0,,0,0,56094,1,,,,,,2.0,2588.8341,9480.0,2000.0,-1,,,,,,,163126.0,2008,580,577,,,,,,18.0,6.0,51.0,2008,1.0,7,8,2,8400,84001,1,17,16980,0,2.0,1.0,,7,2,34,,2,44,1,,0,0,7,2,57,57,57,1,0,0,1.0,1.0,,40.0,,50.0,,,,,,2.0,3.0,0.0,1,2.0,2.0,2.0,,1057.69,2.0,2.0,,,,11160.5408,2842.8985,,,0.0,,0,0,53762,1,,,,,,2.0,2814.7516,8090.0,350.0,-1,,,,,,,163209.0,2009,592,577,,,,,,18.0,1.0,42.0,2009,MIS4_to_MIS8,True,False,False
880477098713469,5,2.0,4,4,2,8400,84001,1,1,33,17,16980,0,2.0,1.0,,7,4,21,,1,40,4,,2,1,3,7,2,210,210,210,5,0,18,2.0,1.0,,18.0,,18.0,,,20.0,,,7.0,3.0,0.0,1,2.0,1.0,1.0,850.0,138.46,2.0,2.0,1.0,1.0,2.0,15276.8439,3668.6415,,,0.0,0.0,0,0,44674,2,,,3.0,,,,3858.3783,7870.0,3650.0,-1,,,,,1.0,,163278.0,2008,580,577,,,,,,14.0,11.0,40.0,2008,1.0,4,8,2,8400,84001,1,17,16980,0,2.0,1.0,,7,4,22,,1,40,4,,1,3,7,2,210,210,210,5,0,18,2.0,7.0,,,,,,,,,,1.0,4.0,0.0,2,,,,,,,,1.0,1.0,2.0,14729.2735,3415.2497,,,,,0,0,23460,2,,,2.0,,,,3680.5177,7870.0,1920.0,-1,,,,,1.0,,163367.0,2009,592,577,,,,,,13.0,5.0,40.0,2009,MIS4_to_MIS8,False,True,True
937799030909103,5,4.0,1,4,2,8425,84251,1,1,33,17,16980,111,2.0,1.0,,7,4,24,,2,37,1,,3,1,3,7,2,57,102,57,1,0,0,1.0,1.0,,99.0,,99.0,,,,,,2.0,2.0,0.0,1,2.0,,1.0,935.0,374.0,2.0,2.0,2.0,,,11642.0255,3022.1328,,,0.0,0.0,0,0,44725,3,,,,,,,3022.7776,9480.0,4610.0,-1,,,,,2.0,1.0,163316.0,2008,580,577,,,,,,11.0,15.0,51.0,2008,3.0,1,8,2,8425,84251,1,17,16980,111,2.0,1.0,,7,4,25,,2,37,1,,1,3,7,2,57,102,57,1,0,0,1.0,1.0,,99.0,,99.0,,,,,,2.0,2.0,0.0,1,2.0,,1.0,930.0,372.0,2.0,2.0,,,,12284.7514,3113.1238,,,0.0,0.0,0,0,36824,3,,,,,,,3098.2839,8170.0,4610.0,-1,,,,,2.0,1.0,163405.0,2009,592,577,,,,,,11.0,15.0,42.0,2009,MIS4_to_MIS8,True,False,False
957209530579104,5,2.0,4,4,2,8400,84001,1,1,33,17,16980,0,2.0,1.0,,7,4,46,,2,43,1,,2,2,1,5,2,57,57,57,1,0,0,2.0,1.0,,10.0,,10.0,,,20.0,,,7.0,2.0,0.0,1,1.0,,1.0,1000.0,100.0,2.0,2.0,,,,11241.7147,2690.5996,3.0,1.0,0.0,0.0,0,0,56124,2,,,,1.0,2.0,,2719.8252,7870.0,2200.0,-1,,,,,1.0,,163327.0,2008,580,577,0.0,0.0,1.0,0.0,0.0,17.0,8.0,40.0,2008,1.0,4,8,2,8400,84001,1,17,16980,0,2.0,1.0,,7,4,47,,2,43,1,,2,1,5,2,57,57,57,1,0,0,2.0,1.0,,13.0,,13.0,,,20.0,,,7.0,2.0,0.0,1,2.0,,1.0,900.0,117.0,2.0,2.0,,,,9981.8728,2457.7631,3.0,1.0,0.0,0.0,0,0,46919,2,,,,1.0,1.0,,2467.7748,7870.0,5810.0,-1,,,,,1.0,,163418.0,2009,592,577,0.0,0.0,1.0,0.0,0.0,18.0,17.0,40.0,2009,MIS4_to_MIS8,True,False,False
971665073800097,5,1.0,1,4,2,8400,84001,1,1,33,17,16980,0,2.0,1.0,,7,1,39,2.0,1,43,1,,1,1,1,1,2,57,57,57,1,0,0,1.0,1.0,,50.0,,50.0,,,,,,2.0,3.0,0.0,1,2.0,2.0,2.0,,1250.0,2.0,2.0,,,,12459.9397,3101.0553,2.0,1.0,1.0,,0,0,44590,1,,,,2.0,,,3108.4083,9470.0,3850.0,-1,,,,,,,163355.0,2008,580,577,0.0,1.0,0.0,0.0,1.0,16.0,12.0,51.0,2008,1.0,1,8,2,8400,84001,1,17,16980,0,2.0,1.0,,7,1,40,2.0,1,43,1,,1,1,1,2,57,57,57,1,0,0,1.0,1.0,,40.0,,40.0,,,,,,2.0,3.0,0.0,1,2.0,2.0,2.0,,1576.92,2.0,2.0,,,,12086.5875,3045.5235,5.0,2.0,0.0,,0,0,23279,1,,,,2.0,,,3030.1434,9470.0,3710.0,-1,,,,,,,163456.0,2009,592,577,1.0,1.0,0.0,0.0,1.0,16.0,12.0,51.0,2009,MIS4_to_MIS8,True,False,False
20974096713799,5,3.0,1,4,2,8400,84001,1,1,33,17,0,0,3.0,2.0,,0,3,49,1.0,2,41,1,,2,1,2,1,2,57,57,57,1,0,0,1.0,1.0,,40.0,,40.0,,,,,,2.0,3.0,0.0,1,2.0,,1.0,1150.0,460.0,1.0,,,,,11387.0382,2725.3814,0.0,0.0,1.0,1.0,0,0,59334,2,,,4.0,,,,2754.9848,7860.0,3130.0,-1,,,,,,,163375.0,2008,580,577,0.0,0.0,0.0,0.0,0.0,15.0,10.0,40.0,2008,2.0,1,8,2,8400,84001,1,17,0,0,3.0,2.0,,0,3,50,1.0,2,43,1,,1,2,1,2,57,57,57,1,0,0,1.0,5.0,,,,,,,,,,1.0,,,2,,,,,,,,,,,9162.8345,2422.1376,0.0,0.0,,,0,0,57154,2,,,,1.0,2.0,,2358.7952,,,-1,,,,,,,163483.0,2009,592,577,0.0,0.0,0.0,0.0,0.0,17.0,,,2009,MIS4_to_MIS8,False,True,True
71641370993896,5,1.0,6,4,2,8400,84001,1,1,33,17,0,99,3.0,2.0,,0,2,38,,1,39,1,,1,0,0,7,2,57,57,57,1,0,0,1.0,1.0,,40.0,,60.0,,,,,,2.0,3.0,0.0,1,1.0,,1.0,1950.0,785.58,1.0,,,,,12621.0114,3141.1432,,,0.0,0.0,0,0,52392,1,2.0,7.0,,,,,3148.5912,9470.0,3850.0,-1,,,,,,,163385.0,2008,580,577,,,,,,11.0,12.0,51.0,2008,1.0,6,8,2,8400,84001,1,17,0,99,3.0,2.0,,0,2,39,,1,39,1,,0,0,7,2,57,57,57,1,0,0,1.0,1.0,,40.0,,52.0,,,,,,2.0,3.0,0.0,1,2.0,,1.0,2100.0,840.0,1.0,,,,,13285.9952,3344.8189,,,0.0,0.0,0,0,36817,1,1.0,,,,,,3330.8385,9470.0,3800.0,-1,,,,,,,163493.0,2009,592,577,,,,,,12.0,12.0,51.0,2009,MIS4_to_MIS8,True,False,False
612007955139350,5,1.0,1,4,2,8400,84001,1,1,33,17,0,0,3.0,2.0,,0,3,47,1.0,2,37,1,,2,1,2,1,2,110,57,57,3,0,3,2.0,1.0,,40.0,,40.0,,,,,,2.0,2.0,0.0,1,2.0,2.0,2.0,,315.0,2.0,2.0,,,,11387.0382,2725.3814,0.0,0.0,0.0,,0,0,52367,2,,,,,,,2754.9848,8290.0,4610.0,-1,,,,,,,163411.0,2008,580,577,0.0,0.0,0.0,0.0,0.0,11.0,15.0,42.0,2008,2.0,1,8,2,8400,84001,1,17,0,0,3.0,2.0,,0,3,48,1.0,2,37,1,,1,2,1,2,110,57,57,3,0,3,1.0,1.0,,40.0,,40.0,,,,,,2.0,2.0,0.0,1,2.0,2.0,2.0,,320.0,2.0,2.0,,,,10017.4021,2466.5113,0.0,0.0,0.0,,0,0,23506,2,,,,,,,2476.5586,8390.0,4610.0,-1,,,,,,,163529.0,2009,592,577,0.0,0.0,0.0,0.0,0.0,11.0,15.0,43.0,2009,MIS4_to_MIS8,True,False,False
31101380700154,5,2.0,1,4,2,8400,84001,1,1,33,17,44100,0,,1.0,,2,1,28,2.0,1,44,1,,1,1,1,1,2,57,57,57,1,0,0,2.0,1.0,,60.0,,60.0,,,,,,2.0,3.0,0.0,1,2.0,2.0,2.0,,865.38,1.0,,,,,13465.4856,3283.2511,0.0,0.0,0.0,,0,0,752,1,,,,,,2.0,3332.0447,7860.0,230.0,-1,,,,,,,163498.0,2008,580,577,0.0,0.0,0.0,0.0,0.0,18.0,1.0,40.0,2008,1.0,1,8,2,8400,84001,1,17,44100,0,,1.0,,2,1,29,2.0,1,44,1,,1,1,1,2,57,57,57,1,0,0,1.0,1.0,,50.0,,50.0,,,,,,2.0,3.0,0.0,1,2.0,2.0,2.0,,1724.13,1.0,,,,,13607.9747,3363.9889,0.0,0.0,0.0,,0,0,36882,1,,,,,,2.0,3371.1803,7860.0,230.0,-1,,,,,,,163620.0,2009,592,577,0.0,0.0,0.0,0.0,0.0,18.0,1.0,40.0,2009,MIS4_to_MIS8,True,False,False
31101380700154,5,2.0,1,4,2,8400,84001,1,1,33,17,44100,0,,1.0,,2,3,27,1.0,2,43,1,,2,1,2,1,2,57,57,57,1,0,0,1.0,1.0,,60.0,,60.0,,,,,,2.0,3.0,0.0,1,2.0,2.0,2.0,,576.92,1.0,,,,,12372.5307,3118.9057,0.0,0.0,0.0,,0,0,752,2,,,,2.0,,,3125.7041,7860.0,2310.0,-1,,,,,,,163499.0,2008,580,577,0.0,0.0,0.0,0.0,0.0,16.0,8.0,40.0,2008,1.0,1,8,2,8400,84001,1,17,44100,0,,1.0,,2,3,28,1.0,2,43,1,,1,2,1,2,57,57,57,1,0,0,2.0,1.0,,-4.0,,45.0,,,,,,2.0,3.0,0.0,1,2.0,2.0,2.0,,1461.53,1.0,,,,,12444.6342,3153.6403,0.0,0.0,0.0,,0,0,36882,2,,,,2.0,,,3138.6072,7860.0,2310.0,-1,,,,,,,163621.0,2009,592,577,0.0,0.0,0.0,0.0,0.0,16.0,8.0,40.0,2009,MIS4_to_MIS8,True,False,False
71979033001003,5,2.0,1,4,2,8400,84001,1,1,33,17,19500,115,,1.0,,2,1,32,2.0,1,43,1,,1,1,1,1,2,57,57,57,1,0,0,2.0,1.0,,50.0,,50.0,,,,,,2.0,3.0,0.0,1,2.0,2.0,2.0,,903.84,2.0,2.0,,,,12845.9198,3145.3507,5.0,2.0,0.0,,0,0,741,1,,,,1.0,1.0,,3178.7326,8570.0,100.0,-1,,,,,,,163510.0,2008,580,577,1.0,1.0,0.0,0.0,1.0,18.0,1.0,44.0,2008,1.0,1,8,2,8400,84001,1,17,19500,115,,1.0,,2,1,33,2.0,1,43,1,,1,1,1,2,57,57,57,1,0,0,1.0,1.0,,50.0,,50.0,,,,,,2.0,3.0,0.0,1,2.0,2.0,2.0,,923.07,2.0,2.0,,,,13936.8757,3435.9465,2.0,2.0,0.0,,0,0,34310,1,,,,1.0,1.0,,3452.6607,8570.0,4710.0,-1,,,,,,,163628.0,2009,592,577,0.0,1.0,0.0,0.0,1.0,18.0,16.0,44.0,2009,MIS4_to_MIS8,True,False,False
71979033001003,5,2.0,1,4,2,8400,84001,1,1,33,17,19500,115,,1.0,,2,3,32,1.0,2,44,1,,2,1,2,1,2,57,57,57,1,0,0,1.0,1.0,,40.0,,40.0,,,,,,2.0,3.0,0.0,1,2.0,2.0,2.0,,865.38,1.0,,,,,10528.2223,2660.9219,5.0,2.0,0.0,,0,0,741,2,,,,,,2.0,2659.7717,7860.0,3230.0,-1,,,,,,,163511.0,2008,580,577,1.0,1.0,0.0,0.0,1.0,18.0,10.0,40.0,2008,1.0,1,8,2,8400,84001,1,17,19500,115,,1.0,,2,3,33,1.0,2,44,1,,1,2,1,2,57,57,57,1,0,0,2.0,1.0,,40.0,,40.0,,,,,,2.0,3.0,0.0,1,2.0,2.0,2.0,,923.07,1.0,,,,,11610.9624,2957.6334,2.0,2.0,0.0,,0,0,34310,2,,,,,,2.0,2928.3505,7860.0,3230.0,-1,,,,,,,163629.0,2009,592,577,0.0,1.0,0.0,0.0,1.0,18.0,10.0,40.0,2009,MIS4_to_MIS8,True,False,False
95011370995593,5,1.0,1,4,2,8400,84001,1,1,33,17,28100,91,,1.0,,2,1,54,2.0,1,41,1,,1,1,1,1,2,57,57,57,1,0,0,2.0,1.0,,40.0,,50.0,,,,,,2.0,2.0,0.0,1,2.0,,1.0,1500.0,600.0,1.0,,,,,11647.4735,2861.7716,0.0,0.0,1.0,1.0,0,0,34326,1,,,3.0,,,,2869.5257,9370.0,3910.0,-1,,,,,,,163515.0,2008,580,577,0.0,0.0,0.0,0.0,0.0,14.0,12.0,51.0,2008,2.0,1,8,2,8400,84001,1,17,28100,91,,1.0,,2,1,55,2.0,1,41,1,,1,1,1,2,57,57,57,1,0,0,2.0,1.0,,40.0,,50.0,,,,,,2.0,2.0,0.0,1,2.0,2.0,2.0,,923.0,1.0,,,,,11671.9173,2838.8319,0.0,0.0,1.0,,0,0,36791,1,,,3.0,,,,2834.3435,9470.0,3910.0,-1,,,,,,,163634.0,2009,592,577,0.0,0.0,0.0,0.0,0.0,14.0,12.0,51.0,2009,MIS4_to_MIS8,True,False,False
310700008413511,5,2.0,7,4,2,8400,84001,1,1,33,17,44100,0,,1.0,,2,2,25,,2,43,1,,2,0,0,7,2,57,57,57,1,0,0,1.0,1.0,,38.0,,41.0,,,,,,2.0,2.0,0.0,1,2.0,2.0,2.0,,557.69,1.0,,,,,12372.5307,3118.9057,,,0.0,,0,0,18016,2,,,,1.0,1.0,,3125.7041,9570.0,5700.0,5400,,,,,,,163526.0,2008,580,577,,,,,,18.0,17.0,51.0,2008,2.0,7,8,2,8400,84001,1,17,44100,0,,1.0,,2,2,26,,2,43,1,,0,0,7,2,57,57,57,1,0,0,1.0,1.0,,38.0,,42.0,,,,,,2.0,2.0,0.0,1,2.0,2.0,2.0,,767.3,1.0,,,,,12444.6342,3153.6403,,,0.0,,0,0,60408,2,,,,1.0,1.0,,3138.6072,9370.0,800.0,5240,,,,,,,163648.0,2009,592,577,,,,,,18.0,2.0,51.0,2009,MIS4_to_MIS8,True,False,False
550979093113509,5,1.0,1,4,2,8400,84001,1,1,33,17,28100,91,,1.0,,2,1,45,2.0,1,44,1,,1,1,1,1,2,57,57,57,1,0,0,2.0,1.0,,40.0,,40.0,,,,,,2.0,3.0,0.0,1,2.0,2.0,2.0,,1384.0,1.0,,,,,12489.693,3043.8524,3.0,1.0,1.0,,0,42,64085,1,,,,,,2.0,3077.0188,7860.0,2320.0,-1,3.0,,,,,,163539.0,2008,580,577,0.0,0.0,1.0,0.0,0.0,18.0,8.0,40.0,2008,2.0,1,8,2,8400,84001,1,17,28100,91,,1.0,,2,1,46,2.0,1,44,1,,1,1,1,2,57,57,57,1,0,0,2.0,1.0,,40.0,,40.0,,,,,,2.0,3.0,0.0,1,2.0,2.0,2.0,,769.23,1.0,,,,,11348.5309,2858.8877,3.0,1.0,0.0,,0,0,9364,1,,,,,,2.0,2860.9069,7860.0,2320.0,-1,3.0,,,,,,163662.0,2009,592,577,0.0,0.0,1.0,0.0,0.0,18.0,8.0,40.0,2009,MIS4_to_MIS8,True,False,False
903057951139950,5,1.0,1,4,2,8400,84001,1,1,33,17,28100,91,,1.0,,2,1,33,2.0,2,43,1,,1,1,1,1,2,57,57,57,1,0,0,2.0,1.0,,40.0,,40.0,,,,,,2.0,3.0,0.0,1,2.0,2.0,2.0,,865.38,1.0,,,,,10366.2496,2619.9846,11.0,3.0,0.0,,0,0,66839,1,,,,2.0,,,2618.8521,7860.0,2310.0,-1,,,,,,,163563.0,2008,580,577,1.0,1.0,1.0,0.0,1.0,16.0,8.0,40.0,2008,1.0,1,8,2,8400,84001,1,17,28100,91,,1.0,,2,1,34,2.0,2,43,1,,1,1,1,2,57,57,57,1,0,0,1.0,1.0,,40.0,,40.0,,,,,,2.0,3.0,0.0,1,2.0,2.0,2.0,,865.38,1.0,,,,,11289.9493,2875.8625,11.0,3.0,0.0,,0,0,9365,1,,,,2.0,,,2847.3892,7860.0,2310.0,-1,,,,,,,163685.0,2009,592,577,1.0,1.0,1.0,0.0,1.0,16.0,8.0,40.0,2009,MIS4_to_MIS8,True,False,False
337888740859108,6,1.0,1,4,2,8400,84001,1,1,33,17,16980,0,1.0,1.0,,7,1,54,2.0,1,42,4,,1,1,1,1,2,233,233,233,4,0,5,1.0,4.0,,,,,,,,65.0,2.0,11.0,1.0,0.0,2,,,,,,,,,,,12987.9528,3275.6097,0.0,0.0,,,0,0,43953,1,,,3.0,,,,3225.1643,6890.0,20.0,-1,,,,,3.0,,200589.0,2008,581,578,0.0,0.0,0.0,0.0,0.0,14.0,1.0,32.0,2008,2.0,1,8,2,8400,84001,1,17,16980,0,1.0,1.0,,7,1,55,2.0,1,42,4,,1,1,1,2,233,233,233,4,0,5,2.0,4.0,,,,,,,,52.0,2.0,11.0,1.0,0.0,2,,,,,,,,,,,16784.2069,4339.7747,0.0,0.0,,,0,0,56894,1,,,4.0,,,,4381.4872,6870.0,7750.0,-1,,,,,3.0,,201211.0,2009,593,578,0.0,0.0,0.0,0.0,0.0,15.0,21.0,32.0,2009,MIS4_to_MIS8,True,False,False
690877097514608,6,1.0,6,4,2,8400,84001,1,1,33,17,16980,0,1.0,1.0,1.0,7,2,46,,1,43,1,,1,0,0,6,2,231,243,57,3,0,4,1.0,1.0,,40.0,,40.0,,,,,,2.0,1.0,0.0,1,2.0,1.0,1.0,6000.0,1923.07,2.0,2.0,,,,12322.5996,3170.524,,,0.0,0.0,0,0,16511,1,,,,1.0,1.0,,3161.1542,9390.0,430.0,-1,,,,,,,200665.0,2008,581,578,,,,,,18.0,1.0,51.0,2008,1.0,6,8,2,8400,84001,1,17,16980,0,1.0,1.0,1.0,7,2,48,,1,43,1,,0,0,6,2,231,243,57,3,0,4,1.0,1.0,,40.0,,40.0,,,,,,2.0,1.0,0.0,1,2.0,1.0,1.0,6000.0,2788.46,2.0,2.0,,,,12979.0453,3312.3254,,,0.0,0.0,0,0,19310,1,,,,1.0,1.0,,3285.8875,9390.0,430.0,-1,,,,,,,201299.0,2009,593,578,,,,,,18.0,1.0,51.0,2009,MIS4_to_MIS8,True,False,False
788770560960941,6,1.0,6,4,2,8400,84001,1,1,33,17,16980,0,1.0,1.0,1.0,7,2,49,,1,40,2,,1,0,0,7,2,57,57,57,1,0,0,1.0,1.0,,40.0,,40.0,,,,,,2.0,3.0,0.0,1,2.0,2.0,2.0,,1200.0,1.0,,,,,10643.4292,2683.493,,,0.0,,0,0,52088,1,,,3.0,,,,2592.1977,9470.0,1040.0,-1,,,,,,,200706.0,2008,581,578,,,,,,14.0,3.0,51.0,2008,1.0,6,8,2,8400,84001,1,17,16980,0,1.0,1.0,1.0,7,2,50,,1,40,2,,0,0,7,2,57,57,57,1,0,0,1.0,1.0,,40.0,,40.0,,,,,,2.0,3.0,0.0,1,2.0,1.0,1.0,3500.0,1153.84,1.0,,,,,8862.582,2422.3186,,,0.0,0.0,0,0,35986,1,,,3.0,,,,2352.1614,9470.0,1110.0,-1,,,,,,,201334.0,2009,593,578,,,,,,14.0,3.0,51.0,2009,MIS4_to_MIS8,True,False,False
789630313970941,6,3.0,1,4,2,8400,84001,1,1,33,17,16980,0,1.0,1.0,1.0,7,1,45,2.0,1,33,2,,1,1,1,1,2,57,57,57,1,0,0,2.0,1.0,,40.0,,40.0,,,,,,2.0,1.0,0.0,1,2.0,,1.0,980.0,392.0,2.0,2.0,,,,10643.4292,2683.493,10.0,2.0,1.0,1.0,0,42,62737,1,,,,,,,2592.1977,6370.0,5550.0,-1,,,,,,,200710.0,2008,581,578,0.0,0.0,1.0,1.0,0.0,5.5,17.0,23.0,2008,3.0,1,8,2,8400,84001,1,17,16980,0,1.0,1.0,1.0,7,1,44,2.0,1,40,2,,1,1,1,2,57,57,57,1,0,0,2.0,1.0,,40.0,,40.0,,,,,,2.0,1.0,0.0,1,2.0,2.0,2.0,,1346.0,1.0,,,,,13255.4127,3171.5389,10.0,2.0,1.0,,0,0,22892,1,,,3.0,,,,3165.6705,6370.0,5550.0,-1,3.0,,,,,,201336.0,2009,593,578,0.0,0.0,1.0,1.0,0.0,14.0,17.0,23.0,2009,MIS4_to_MIS8,True,False,False
848103570700288,6,2.0,1,4,2,8400,84001,1,1,33,17,16980,0,1.0,1.0,,7,1,37,2.0,1,40,1,,1,1,1,1,2,57,57,57,1,0,0,2.0,1.0,,48.0,,72.0,,,,,,2.0,3.0,0.0,1,1.0,2.0,2.0,,1346.15,1.0,,,,,12059.4174,2980.1223,5.0,2.0,0.0,,0,0,43949,1,,,5.0,,,,2970.196,9470.0,3740.0,-1,,,,,,,200736.0,2008,581,578,1.0,1.0,0.0,0.0,1.0,16.0,12.0,51.0,2008,1.0,1,8,2,8400,84001,1,17,16980,0,1.0,1.0,,7,1,38,2.0,1,40,1,,1,1,1,2,57,57,57,1,0,0,1.0,1.0,,53.0,,53.0,,,,,,2.0,3.0,0.0,1,1.0,1.0,1.0,3000.0,1538.46,1.0,,,,,11167.6332,2794.6155,5.0,2.0,0.0,1.0,0,0,63776,1,,,4.0,,,,2774.8299,9470.0,3740.0,-1,,,,,,,201372.0,2009,593,578,1.0,1.0,0.0,0.0,1.0,15.0,12.0,51.0,2009,MIS4_to_MIS8,True,False,False
191914607055757,6,1.0,1,4,2,8400,84001,1,1,33,17,16980,0,2.0,1.0,,7,1,77,2.0,1,39,1,,1,1,1,1,2,57,57,57,1,0,0,1.0,1.0,,40.0,,40.0,,,,,,2.0,3.0,0.0,1,2.0,2.0,2.0,,300.0,2.0,2.0,,,,11898.4255,3091.9571,0.0,0.0,0.0,,0,0,34026,1,1.0,,,,,,3002.6716,9370.0,10.0,-1,6.0,,,,,,200865.0,2008,581,578,0.0,0.0,0.0,0.0,0.0,12.0,1.0,51.0,2008,1.0,3,8,2,8400,84001,1,17,16980,0,2.0,1.0,,7,1,80,,1,39,1,,1,1,4,2,57,57,57,1,0,0,1.0,1.0,,40.0,,40.0,,,,,,2.0,3.0,0.0,1,2.0,2.0,2.0,,519.23,2.0,2.0,,,,10977.7762,3003.0229,0.0,0.0,0.0,,0,0,23094,1,1.0,,,,,,2927.902,9370.0,10.0,210,6.0,,,,,,201521.0,2009,593,578,0.0,0.0,0.0,0.0,0.0,12.0,1.0,51.0,2009,MIS4_to_MIS8,True,False,False
410709912608892,6,1.0,1,4,2,8400,84001,1,1,33,17,37900,0,2.0,1.0,,3,1,53,2.0,1,42,1,,1,1,1,1,2,57,57,57,1,0,0,1.0,1.0,,42.0,,42.0,,,,,,2.0,1.0,0.0,1,2.0,2.0,2.0,,2134.0,1.0,,,,,12396.7418,3215.8333,0.0,0.0,1.0,,0,0,20415,1,,,3.0,,,,3180.1741,6370.0,430.0,-1,,,,,,,200986.0,2008,581,578,0.0,0.0,0.0,0.0,0.0,14.0,1.0,23.0,2008,2.0,1,8,2,8400,84001,1,17,37900,0,2.0,1.0,,3,1,54,2.0,1,42,1,,1,1,1,2,57,57,57,1,0,0,2.0,1.0,,40.0,,40.0,,,,,,2.0,1.0,0.0,1,2.0,2.0,2.0,,1923.0,2.0,2.0,,,,12211.7082,3139.8384,0.0,0.0,1.0,,0,0,46472,1,,,5.0,,,,3091.6218,6370.0,430.0,-1,,,,,,,201651.0,2009,593,578,0.0,0.0,0.0,0.0,0.0,16.0,1.0,23.0,2009,MIS4_to_MIS8,True,False,False
549193439700905,6,1.0,4,4,2,8400,84001,1,1,33,17,16980,0,2.0,1.0,,7,1,49,,2,44,1,,1,1,1,5,2,57,57,57,1,0,0,1.0,2.0,4.0,40.0,,,,,,,,5.0,2.0,0.0,1,2.0,2.0,2.0,,1923.0,1.0,,,,,12469.3503,3076.6342,3.0,1.0,1.0,,0,0,20184,1,,,,,,3.0,3081.483,7860.0,2310.0,-1,,,,,,,201048.0,2008,581,578,0.0,0.0,1.0,0.0,0.0,18.0,8.0,40.0,2008,1.0,4,8,2,8400,84001,1,17,16980,0,2.0,1.0,,7,1,50,,2,44,1,,1,1,5,2,57,57,57,1,0,0,1.0,2.0,4.0,40.0,,,,,,,,5.0,3.0,0.0,1,2.0,2.0,2.0,,1442.3,1.0,,,,,11965.5581,2954.6335,3.0,1.0,0.0,,0,0,36067,1,,,,,,3.0,2921.3523,7860.0,2310.0,-1,,,,,,,201716.0,2009,593,578,0.0,0.0,1.0,0.0,0.0,18.0,8.0,40.0,2009,MIS4_to_MIS8,True,False,True
571389014802795,6,1.0,4,4,2,8400,84001,1,1,33,17,16980,0,2.0,1.0,,7,1,39,,2,44,2,,1,1,1,7,2,57,57,57,1,0,0,1.0,2.0,11.0,40.0,,,,,,,,5.0,3.0,0.0,1,2.0,2.0,2.0,,1346.0,1.0,,,,,11740.9416,2999.0898,3.0,1.0,1.0,,0,42,55834,1,,,,,,3.0,2990.004,7860.0,10.0,-1,,,,,,,201061.0,2008,581,578,0.0,0.0,1.0,0.0,0.0,18.0,1.0,40.0,2008,1.0,4,8,2,8400,84001,1,17,16980,0,2.0,1.0,,7,1,40,,2,44,2,,1,1,7,2,57,57,57,1,0,0,1.0,2.0,4.0,40.0,,,,,,,,5.0,3.0,0.0,1,2.0,2.0,2.0,,1038.0,1.0,,,,,10681.4207,2789.5889,3.0,1.0,1.0,,0,42,56893,1,,,,,,2.0,2745.1855,7860.0,230.0,-1,,,,,,,201726.0,2009,593,578,0.0,0.0,1.0,0.0,0.0,18.0,1.0,40.0,2009,MIS4_to_MIS8,True,False,False
667639240939103,6,2.0,1,4,2,8400,84001,1,1,33,17,16980,0,2.0,1.0,,7,3,54,1.0,2,44,1,,2,1,2,1,2,57,57,139,1,0,0,1.0,2.0,4.0,55.0,,,,,,,,5.0,3.0,0.0,1,2.0,2.0,2.0,,1730.76,1.0,,,,,12192.175,3049.4778,10.0,2.0,0.0,,0,0,20180,2,,,,,,3.0,3012.9861,7860.0,2310.0,-1,,,,,,,201090.0,2008,581,578,0.0,0.0,1.0,1.0,0.0,18.0,8.0,40.0,2008,1.0,1,8,2,8400,84001,1,17,16980,0,2.0,1.0,,7,3,55,1.0,2,44,1,,1,2,1,2,57,57,139,1,0,0,2.0,2.0,4.0,55.0,,,,,,,,5.0,3.0,0.0,1,2.0,2.0,2.0,,1769.23,1.0,,,,,12478.4795,3151.7109,4.0,2.0,0.0,,0,0,9194,2,,,,,,2.0,3131.6022,7860.0,2310.0,-1,,,,,,,201750.0,2009,593,578,0.0,0.0,0.0,1.0,0.0,18.0,8.0,40.0,2009,MIS4_to_MIS8,True,False,False
671482084909591,6,1.0,1,4,2,8400,84001,1,1,33,17,41180,0,2.0,1.0,,6,1,37,2.0,1,43,1,,1,1,1,1,2,57,57,57,1,0,0,1.0,1.0,,40.0,,45.0,,,,,,2.0,3.0,0.0,1,2.0,2.0,2.0,,1025.64,1.0,,,,,11430.1398,2824.6152,2.0,2.0,0.0,,0,0,52053,1,,,,1.0,1.0,,2815.2069,7860.0,2320.0,2720,,,,,,,201095.0,2008,581,578,0.0,1.0,0.0,0.0,1.0,18.0,8.0,40.0,2008,2.0,1,8,2,8400,84001,1,17,41180,0,2.0,1.0,,6,1,38,2.0,1,43,1,,1,1,1,2,57,57,57,1,0,0,2.0,1.0,,40.0,,40.0,,,,,,2.0,3.0,0.0,1,2.0,2.0,2.0,,750.0,1.0,,,,,10704.792,2678.7931,5.0,2.0,1.0,,0,0,22764,1,,,,1.0,2.0,,2659.8274,7860.0,2310.0,-1,,,,,,,201755.0,2009,593,578,1.0,1.0,0.0,0.0,1.0,17.0,8.0,40.0,2009,MIS4_to_MIS8,True,False,False
710150937580041,6,1.0,1,4,2,8400,84001,1,1,33,17,16980,0,2.0,1.0,,7,1,36,2.0,1,43,1,,1,1,1,1,2,57,57,57,1,0,0,1.0,1.0,,40.0,,40.0,,,,,,2.0,1.0,0.0,1,2.0,2.0,2.0,,1025.0,2.0,2.0,,,,11470.3926,2834.5625,0.0,0.0,1.0,,0,0,52084,1,,,,2.0,,,2825.121,9470.0,2000.0,-1,,,,,,,201109.0,2008,581,578,0.0,0.0,0.0,0.0,0.0,16.0,6.0,51.0,2008,1.0,1,8,2,8400,84001,1,17,16980,0,2.0,1.0,,7,1,37,2.0,1,43,1,,1,1,1,2,57,57,57,1,0,0,1.0,1.0,,40.0,,40.0,,,,,,2.0,1.0,0.0,1,2.0,2.0,2.0,,1250.0,2.0,2.0,,,,10650.2469,2665.1435,0.0,0.0,1.0,,0,0,46279,1,,,,2.0,,,2646.2746,7270.0,2000.0,-1,,,,,,,201771.0,2009,593,578,0.0,0.0,0.0,0.0,0.0,16.0,6.0,36.0,2009,MIS4_to_MIS8,True,False,False
759920028230941,6,1.0,1,4,2,8400,84001,1,1,33,17,16980,0,2.0,1.0,,7,1,39,2.0,1,44,5,,1,1,1,1,2,233,233,233,4,0,5,1.0,2.0,4.0,-4.0,,,,,,,,5.0,3.0,0.0,1,2.0,2.0,2.0,,1615.38,1.0,,,,,13235.7248,3329.3258,5.0,3.0,0.0,,0,0,33959,1,,,,,,2.0,3259.9167,7860.0,2320.0,-1,,,,,,,201130.0,2008,581,578,1.0,1.0,0.0,0.0,1.0,18.0,8.0,40.0,2008,2.0,1,8,2,8400,84001,1,17,16980,0,2.0,1.0,,7,1,40,2.0,1,44,5,,1,1,1,2,233,233,233,4,0,5,2.0,2.0,4.0,40.0,,,,,,,,5.0,3.0,0.0,1,2.0,2.0,2.0,,1790.61,1.0,,,,,10026.1567,2505.1367,8.0,3.0,0.0,,0,0,23018,1,,,,,,2.0,2491.2064,7860.0,2320.0,-1,,,,,,,201787.0,2009,593,578,0.0,1.0,1.0,0.0,1.0,18.0,8.0,40.0,2009,MIS4_to_MIS8,True,False,False
847979240289106,6,1.0,1,4,2,8400,84001,1,1,33,17,41180,163,2.0,1.0,,6,3,57,1.0,2,44,2,,2,1,2,1,2,57,57,57,1,0,0,2.0,2.0,14.0,40.0,,,,,,,,5.0,3.0,0.0,1,2.0,2.0,2.0,,865.38,1.0,,,,,10184.6372,2530.8971,0.0,0.0,0.0,,0,0,34105,2,,,,,,3.0,2547.3476,7860.0,2310.0,-1,,,,,,,201223.0,2008,581,578,0.0,0.0,0.0,0.0,0.0,18.0,8.0,40.0,2008,1.0,1,8,2,8400,84001,1,17,41180,163,2.0,1.0,,6,3,58,1.0,2,44,2,,1,2,1,2,57,57,57,1,0,0,2.0,2.0,14.0,37.0,,,,,,,,5.0,3.0,0.0,1,2.0,2.0,2.0,,851.0,1.0,,,,,9037.4415,2393.1669,0.0,0.0,1.0,,0,42,53655,2,,,,,,3.0,2356.5191,7860.0,2320.0,-1,,,,,,,201883.0,2009,593,578,0.0,0.0,0.0,0.0,0.0,18.0,8.0,40.0,2009,MIS4_to_MIS8,True,False,False
857029840859107,6,1.0,1,4,2,8400,84001,1,1,33,17,16980,0,2.0,1.0,,7,1,68,3.0,1,44,1,,1,1,1,1,2,57,57,57,1,0,0,1.0,1.0,,25.0,,60.0,,,18.0,,,9.0,3.0,0.0,1,2.0,2.0,2.0,,333.33,2.0,2.0,,,,12658.361,3289.436,0.0,0.0,0.0,,0,0,34028,1,,,,,,3.0,3194.4479,7870.0,2200.0,-1,5.0,,,,,,201224.0,2008,581,578,0.0,0.0,0.0,0.0,0.0,18.0,8.0,40.0,2008,1.0,1,8,2,8400,84001,1,17,16980,0,2.0,1.0,,7,1,69,3.0,1,44,1,,1,1,1,2,57,57,57,1,0,0,1.0,2.0,14.0,20.0,,,,,,,,10.0,2.0,0.0,1,2.0,2.0,2.0,,312.5,2.0,2.0,,,,12712.033,3477.437,0.0,0.0,0.0,,0,0,60124,1,,,,,,3.0,3390.4487,7870.0,2200.0,-1,5.0,,,,,,201885.0,2009,593,578,0.0,0.0,0.0,0.0,0.0,18.0,8.0,40.0,2009,MIS4_to_MIS8,True,False,True
857029840859107,6,1.0,1,4,2,8400,84001,1,1,33,17,16980,0,2.0,1.0,,7,3,69,1.0,2,43,1,,3,1,2,1,2,57,57,57,1,0,0,2.0,2.0,14.0,-4.0,,,,,,,,5.0,2.0,0.0,1,2.0,2.0,2.0,,192.3,2.0,2.0,,,,12380.8585,3133.4726,0.0,0.0,0.0,,0,0,34028,3,,,,1.0,1.0,,3064.1404,7860.0,2630.0,-1,,,,,,,201225.0,2008,581,578,0.0,0.0,0.0,0.0,0.0,18.0,9.0,40.0,2008,1.0,1,8,2,8400,84001,1,17,16980,0,2.0,1.0,,7,3,70,1.0,2,43,1,,1,2,1,2,57,57,57,1,0,0,2.0,5.0,,,,,,,,,,1.0,,,2,,,,,,,,,,,12737.5468,3093.9485,0.0,0.0,,,0,0,60124,3,,,,2.0,,,3153.6333,,,-1,,,,,,,201886.0,2009,593,578,0.0,0.0,0.0,0.0,0.0,16.0,,,2009,MIS4_to_MIS8,False,True,True
927087896149240,6,1.0,7,4,2,8400,84001,1,1,33,17,41180,163,2.0,1.0,,6,2,52,,2,40,2,,1,0,0,7,2,57,57,57,1,0,0,1.0,1.0,,38.0,,38.0,,,,,,2.0,3.0,0.0,1,2.0,,1.0,900.0,360.0,2.0,2.0,,,,10675.317,2782.353,,,0.0,0.0,0,0,52202,1,,,1.0,,,,2800.4379,9370.0,560.0,-1,,,,,,,201281.0,2008,581,578,,,,,,12.0,2.0,51.0,2008,1.0,7,8,2,8400,84001,1,17,41180,163,2.0,1.0,,6,2,53,,2,40,2,,0,0,7,2,57,57,57,1,0,0,1.0,1.0,,37.0,,37.0,,,,,,2.0,2.0,0.0,1,2.0,1.0,1.0,1600.0,480.76,2.0,2.0,,,,9882.7922,2630.3746,,,0.0,0.0,0,0,53656,1,,,2.0,,,,2590.0943,9370.0,560.0,-1,,,,,,,201941.0,2009,593,578,,,,,,13.0,2.0,51.0,2009,MIS4_to_MIS8,True,False,True
948190659700979,6,1.0,7,4,2,8400,84001,1,1,33,17,16980,111,2.0,1.0,,7,2,55,,2,44,1,,1,0,0,7,2,57,57,57,1,0,0,1.0,2.0,4.0,49.0,,,,,,,,5.0,3.0,0.0,1,2.0,2.0,2.0,,1153.84,1.0,,,,,12226.416,3037.9049,,,0.0,,0,0,44071,1,,,,,,2.0,3009.1401,7860.0,2330.0,-1,,,,,,,201290.0,2008,581,578,,,,,,18.0,8.0,40.0,2008,1.0,7,8,2,8400,84001,1,17,16980,111,2.0,1.0,,7,2,56,,2,44,1,,0,0,7,2,57,57,57,1,0,0,1.0,1.0,,40.0,4.0,16.0,,,4.0,,,4.0,3.0,0.0,1,2.0,2.0,2.0,,1153.84,1.0,,,,,12478.4795,3151.7109,,,0.0,,0,0,36146,1,,,,,,3.0,3131.6022,7860.0,2330.0,2340,,,,,,,201949.0,2009,593,578,,,,,,18.0,8.0,40.0,2009,MIS4_to_MIS8,True,False,False
971460034909595,6,2.0,1,4,2,8400,84001,1,1,33,17,16980,0,2.0,1.0,,7,1,51,2.0,1,35,1,1.0,1,1,1,1,2,303,303,303,4,10,17,2.0,1.0,,40.0,,40.0,,,,,,2.0,3.0,0.0,1,2.0,,1.0,1000.0,400.0,2.0,2.0,,,,15071.9471,3946.698,0.0,0.0,0.0,0.0,0,0,20231,1,,,,,,,3866.4527,7860.0,4220.0,-1,,,,,,,201315.0,2008,581,578,0.0,0.0,0.0,0.0,0.0,9.0,14.0,40.0,2008,2.0,1,8,2,8400,84001,1,17,16980,0,2.0,1.0,,7,1,52,2.0,1,39,1,1.0,1,1,1,2,303,303,303,4,10,17,2.0,1.0,,40.0,,40.0,,,,,,2.0,3.0,0.0,1,2.0,,1.0,1000.0,400.0,2.0,2.0,,,,14161.2262,3599.3519,0.0,0.0,0.0,0.0,0,0,46363,1,2.0,5.0,,,,,3585.1787,7860.0,4220.0,-1,,,,,,,201962.0,2009,593,578,0.0,0.0,0.0,0.0,0.0,9.0,14.0,40.0,2009,MIS4_to_MIS8,True,False,False
993037663149260,6,2.0,1,4,2,8400,84001,1,1,33,17,16980,0,2.0,1.0,,7,4,20,,2,40,1,,3,1,3,7,2,57,57,57,1,0,0,2.0,1.0,,20.0,,20.0,,,23.0,,,7.0,3.0,0.0,1,2.0,,1.0,850.0,170.0,2.0,2.0,2.0,,,16097.7301,3937.2558,,,0.0,0.0,0,0,20181,3,,,2.0,,,,3937.931,8570.0,3950.0,-1,,,,,2.0,1.0,201324.0,2008,581,578,,,,,,13.0,12.0,44.0,2008,2.0,1,8,2,8400,84001,1,17,16980,0,2.0,1.0,,7,4,21,,2,40,1,,1,3,7,2,57,57,57,1,0,0,2.0,1.0,,12.0,,15.0,,,18.0,,,7.0,4.0,0.0,1,2.0,,1.0,700.0,84.0,2.0,2.0,2.0,,,14537.666,3644.2897,,,0.0,0.0,0,0,23019,3,,,3.0,,,,3615.457,7870.0,5400.0,-1,,,,,2.0,1.0,201970.0,2009,593,578,,,,,,14.0,17.0,40.0,2009,MIS4_to_MIS8,False,True,True
160904005030739,6,1.0,1,4,2,8400,84001,1,1,33,17,0,0,3.0,2.0,,0,1,67,2.0,1,37,1,,1,1,1,1,2,57,57,57,1,0,0,1.0,1.0,,-4.0,,55.0,,,,,,2.0,3.0,0.0,1,2.0,2.0,2.0,,230.76,2.0,2.0,,,,12413.1232,3225.7079,0.0,0.0,0.0,,0,0,33982,1,,,,,,,3132.5601,770.0,10.0,210,,,,,,,201334.0,2008,581,578,0.0,0.0,0.0,0.0,0.0,11.0,1.0,4.0,2008,1.0,1,8,2,8400,84001,1,17,0,0,3.0,2.0,,0,1,70,2.0,1,37,1,,1,1,1,2,57,57,57,1,0,0,1.0,1.0,,-4.0,,40.0,,,,,,2.0,3.0,0.0,1,2.0,2.0,2.0,,259.61,2.0,2.0,,,,10086.0913,2759.0982,0.0,0.0,0.0,,0,0,23060,1,,,,,,,2690.0791,770.0,10.0,-1,,,,,,,201980.0,2009,593,578,0.0,0.0,0.0,0.0,0.0,11.0,1.0,4.0,2009,MIS4_to_MIS8,True,False,False
160904005030739,6,1.0,1,4,2,8400,84001,1,1,33,17,0,0,3.0,2.0,,0,3,64,1.0,2,39,1,,2,1,2,1,2,57,57,57,1,0,0,2.0,1.0,,-4.0,,20.0,,,22.0,,,7.0,3.0,0.0,1,2.0,1.0,1.0,800.0,48.07,2.0,2.0,,,,13098.3989,3220.4401,0.0,0.0,1.0,0.0,0,0,33982,2,1.0,,,,,,3146.7111,770.0,10.0,-1,,,,,,,201335.0,2008,581,578,0.0,0.0,0.0,0.0,0.0,12.0,1.0,4.0,2008,1.0,1,8,2,8400,84001,1,17,0,0,3.0,2.0,,0,3,65,1.0,2,39,1,,1,2,1,2,57,57,57,1,0,0,2.0,2.0,10.0,-4.0,,,,,,,,5.0,3.0,0.0,1,2.0,,1.0,800.0,160.0,2.0,2.0,,,,11298.1279,3052.843,0.0,0.0,0.0,0.0,0,0,23060,2,1.0,,,,,,2937.2138,9370.0,10.0,-1,,,,,,,201981.0,2009,593,578,0.0,0.0,0.0,0.0,0.0,12.0,1.0,51.0,2009,MIS4_to_MIS8,True,False,False
195954200031729,6,1.0,6,4,2,8400,84001,1,1,33,17,0,0,3.0,2.0,,0,2,22,,1,40,1,,1,0,0,7,2,57,57,57,1,0,0,1.0,1.0,,30.0,,30.0,,,14.0,,,6.0,3.0,0.0,1,1.0,,1.0,1400.0,450.0,2.0,2.0,1.0,1.0,2.0,13243.0138,3333.8093,,,0.0,0.0,0,0,33978,1,,,5.0,,,,3337.9283,8180.0,3400.0,-1,,,,,,,201361.0,2008,581,578,,,,,,16.0,10.0,42.0,2008,1.0,6,8,2,8400,84001,1,17,0,0,3.0,2.0,,0,2,23,,1,40,1,,0,0,7,2,57,57,57,1,0,0,1.0,7.0,,,,,,,,,,1.0,,,2,,,,,,,,1.0,1.0,2.0,12986.1333,3472.4839,,,,,0,0,9225,1,,,5.0,,,,3514.6093,,,-1,,,,,,,202011.0,2009,593,578,,,,,,16.0,,,2009,MIS4_to_MIS8,False,True,True
747197229700922,6,1.0,6,4,2,8400,84001,1,1,33,17,0,0,3.0,2.0,,0,2,42,,1,39,1,,1,0,0,7,2,57,57,57,1,0,0,1.0,1.0,,7.0,,7.0,,,19.0,,,7.0,3.0,0.0,1,2.0,,1.0,750.0,52.5,2.0,2.0,,,,11979.3833,2966.3632,,,0.0,0.0,0,0,20336,1,1.0,,,,,,2950.4838,9480.0,4220.0,-1,,,,,,,201415.0,2008,581,578,,,,,,12.0,14.0,51.0,2008,1.0,6,8,2,8400,84001,1,17,0,0,3.0,2.0,,0,2,43,,1,39,1,,0,0,7,2,57,57,57,1,0,0,1.0,6.0,,,,,,,,,,1.0,2.0,0.0,2,,,,,,,,,,,10872.9602,2601.4237,,,,,0,0,23182,1,1.0,,,,,,2654.578,9480.0,4220.0,-1,,,,,,,202059.0,2009,593,578,,,,,,12.0,14.0,51.0,2009,MIS4_to_MIS8,True,False,True
546197469700937,6,3.0,1,4,2,8400,84001,1,1,33,17,19500,115,,1.0,,2,3,59,2.0,2,39,2,,3,1,2,1,2,57,57,57,1,0,0,1.0,1.0,,28.0,,28.0,,,14.0,,,6.0,2.0,0.0,1,2.0,2.0,2.0,,250.0,2.0,2.0,,,,10402.8072,2585.1127,0.0,0.0,0.0,,0,0,775,3,1.0,,,,,,2601.9156,8170.0,3600.0,-1,,,,,,,201547.0,2008,581,578,0.0,0.0,0.0,0.0,0.0,12.0,11.0,42.0,2008,3.0,1,8,2,8400,84001,1,17,19500,115,,1.0,,2,3,60,2.0,2,39,2,,1,2,1,2,57,57,57,1,0,0,1.0,1.0,,25.0,,25.0,,,18.0,,,7.0,2.0,0.0,1,2.0,1.0,1.0,1000.0,179.0,2.0,2.0,,,,9036.7015,2386.5501,0.0,0.0,1.0,1.0,0,0,60129,3,1.0,,,,,,2350.0036,9480.0,4610.0,-1,,,,,,,202200.0,2009,593,578,0.0,0.0,0.0,0.0,0.0,12.0,15.0,51.0,2009,MIS4_to_MIS8,True,False,False
710200477460041,6,1.0,1,4,2,8400,84001,1,1,33,17,14060,113,,1.0,,2,1,36,2.0,1,44,1,,1,1,1,1,2,57,57,57,1,0,0,1.0,1.0,,40.0,,40.0,,,,,,2.0,3.0,0.0,1,2.0,2.0,2.0,,692.3,1.0,,,,,11810.3639,2918.5762,8.0,2.0,0.0,,0,0,20298,1,,,,,,3.0,2908.8549,7860.0,2310.0,-1,,,,,,,201563.0,2008,581,578,0.0,1.0,1.0,0.0,1.0,18.0,8.0,40.0,2008,2.0,1,8,2,8400,84001,1,17,14060,113,,1.0,,2,1,37,2.0,1,44,1,,1,1,1,2,57,57,57,1,0,0,2.0,1.0,,15.0,,15.0,,,23.0,,,7.0,3.0,0.0,1,2.0,1.0,1.0,5000.0,1153.84,1.0,,,,,10798.9754,2702.3617,3.0,2.0,0.0,1.0,0,0,19324,1,,,,,,2.0,2683.2293,7860.0,2320.0,-1,,,,,,,202218.0,2009,593,578,0.0,0.0,1.0,0.0,0.0,18.0,8.0,40.0,2009,MIS4_to_MIS8,True,False,False
83461570992095,7,1.0,6,4,2,8400,84001,1,1,33,17,40420,0,1.0,1.0,,3,13,40,,2,39,1,,2,2,1,6,2,57,57,57,1,0,0,2.0,1.0,,25.0,,25.0,,,14.0,,,6.0,2.0,0.0,1,2.0,,1.0,772.0,193.0,2.0,2.0,,,,12110.6468,3007.5103,10.0,2.0,1.0,1.0,0,0,8503,2,1.0,,,,,,3021.0871,7860.0,9120.0,-1,,,,,,,238943.0,2008,582,579,0.0,0.0,1.0,1.0,0.0,12.0,22.0,40.0,2008,2.0,6,8,2,8400,84001,1,17,40420,0,1.0,1.0,,3,13,41,,2,39,1,,2,1,6,2,57,57,57,1,0,0,1.0,1.0,,25.0,,23.0,,,23.0,,,7.0,2.0,0.0,1,2.0,,1.0,1375.0,481.25,1.0,,,,,11841.514,2983.4317,4.0,1.0,0.0,0.0,0,0,946,2,1.0,,,,,,2971.7932,7860.0,9120.0,-1,,,,,,,239751.0,2009,594,579,0.0,0.0,0.0,1.0,0.0,12.0,22.0,40.0,2009,MIS4_to_MIS8,True,False,False
92311570948393,7,1.0,4,4,2,8400,84001,1,1,33,17,16980,0,1.0,1.0,1.0,7,1,57,,2,44,2,,1,1,1,7,2,57,57,57,1,0,0,1.0,6.0,,,,,,,,,,1.0,3.0,0.0,2,,,,,,,,,,,15031.3896,3872.6585,0.0,0.0,,,0,0,22713,1,,,,,,2.0,3835.3679,7860.0,2310.0,-1,,,,,,,238953.0,2008,582,579,0.0,0.0,0.0,0.0,0.0,18.0,8.0,40.0,2008,1.0,7,8,2,8400,84001,1,17,16980,0,1.0,1.0,1.0,7,2,58,,2,44,2,,0,0,7,2,57,57,57,1,0,0,1.0,5.0,,,,,,,,,,1.0,,,2,,,,,,,,,,,12913.3353,3251.2885,,,,,0,0,33044,1,,,,,,2.0,3227.8311,,,-1,,,,,,,239756.0,2009,594,579,,,,,,18.0,,,2009,MIS4_to_MIS8,False,True,True
193895001096708,7,1.0,6,4,2,8400,84001,1,1,33,17,16980,0,1.0,1.0,1.0,7,18,45,,1,43,2,,3,0,0,7,2,57,57,57,1,0,0,2.0,7.0,,,,,,,,,,1.0,3.0,0.0,2,,,,,,,,,,,12298.2799,3239.6489,,,,,0,0,56844,3,,,,1.0,1.0,,3370.1904,6180.0,9120.0,-1,,,,,,,238978.0,2008,582,579,,,,,,18.0,22.0,23.0,2008,1.0,6,8,2,8400,84001,1,17,16980,0,1.0,1.0,1.0,7,18,46,,1,43,2,,0,0,7,2,57,57,57,1,0,0,,1.0,,40.0,,40.0,,,,,,2.0,4.0,0.0,1,2.0,,1.0,1800.0,720.0,1.0,,,,,12457.6324,3019.5144,,,1.0,1.0,41,41,21942,3,,,,1.0,1.0,,3029.3581,770.0,6220.0,-1,,,,,,,239774.0,2009,594,579,,,,,,18.0,19.0,4.0,2009,MIS4_to_MIS8,False,True,True
193895001096708,7,1.0,6,4,2,8400,84001,1,1,33,17,16980,0,1.0,1.0,1.0,7,18,46,,1,40,2,,4,0,0,7,2,57,57,57,1,0,0,2.0,7.0,,,,,,,,,,1.0,3.0,0.0,2,,,,,,,,,,,12298.2799,3239.6489,,,,,0,0,56844,4,,,3.0,,,,3370.1904,6180.0,7210.0,-1,,,,,,,238979.0,2008,582,579,,,,,,14.0,20.0,23.0,2008,1.0,6,8,2,8400,84001,1,17,16980,0,1.0,1.0,1.0,7,18,47,,1,40,2,,0,0,7,2,57,57,57,1,0,0,,1.0,,40.0,,40.0,,,,,,2.0,4.0,0.0,1,2.0,,1.0,900.0,360.0,2.0,2.0,,,,12457.6324,3019.5144,,,1.0,1.0,41,41,21942,4,,,3.0,,,,3029.3581,5580.0,4760.0,-1,,,,,,,239775.0,2009,594,579,,,,,,14.0,16.0,22.0,2009,MIS4_to_MIS8,False,True,True
195935105097780,7,1.0,4,4,2,8400,84001,1,1,33,17,16980,0,1.0,1.0,1.0,7,1,47,,2,42,2,,1,1,1,7,2,57,57,57,1,0,0,1.0,1.0,,40.0,,51.0,,,,,,2.0,1.0,0.0,1,2.0,2.0,2.0,,615.0,1.0,,,,,13492.1039,3455.8845,4.0,1.0,1.0,,0,0,8280,1,,,3.0,,,,3494.4928,9370.0,3850.0,-1,,,,,,,238984.0,2008,582,579,0.0,0.0,0.0,1.0,0.0,14.0,12.0,51.0,2008,1.0,4,8,2,8400,84001,1,17,16980,0,1.0,1.0,1.0,7,1,48,,2,41,2,,1,1,7,2,57,57,57,1,0,0,1.0,1.0,,40.0,,40.0,,,,,,2.0,1.0,0.0,1,2.0,2.0,2.0,,750.0,1.0,,,,,13204.7072,3280.6205,4.0,1.0,0.0,,0,0,8037,1,,,4.0,,,,3300.6842,9470.0,3850.0,-1,,,,,,,239780.0,2009,594,579,0.0,0.0,0.0,1.0,0.0,15.0,12.0,51.0,2009,MIS4_to_MIS8,True,False,False
257200550570104,7,5.0,1,4,2,8400,84001,1,1,33,17,16980,0,1.0,1.0,3.0,7,3,49,1.0,2,40,1,1.0,2,1,2,1,2,303,303,303,4,0,7,2.0,1.0,,40.0,,40.0,,,,,,2.0,3.0,0.0,1,2.0,1.0,1.0,1900.0,600.0,1.0,,,,,11409.9883,2835.3307,4.0,1.0,0.0,1.0,0,0,23024,2,,,3.0,,,,2783.7387,7860.0,2540.0,-1,,,,,,,239012.0,2008,582,579,0.0,0.0,0.0,1.0,0.0,14.0,8.0,40.0,2008,2.0,1,8,2,8400,84001,1,17,16980,0,1.0,1.0,3.0,7,3,50,1.0,2,40,1,1.0,1,2,1,2,303,303,303,4,0,7,1.0,2.0,4.0,40.0,,,,,,,,5.0,4.0,0.0,1,2.0,,1.0,1000.0,400.0,1.0,,,,,12980.2702,3226.2653,0.0,0.0,0.0,0.0,0,0,8205,2,,,2.0,,,,3249.9945,7860.0,2540.0,-1,,,,,,,239797.0,2009,594,579,0.0,0.0,0.0,0.0,0.0,13.0,8.0,40.0,2009,MIS4_to_MIS8,False,True,True
257200550570104,7,5.0,1,4,2,8400,84001,1,1,33,17,16980,0,1.0,1.0,3.0,7,4,21,,2,40,1,1.0,4,1,3,7,2,57,303,303,1,0,0,2.0,1.0,,35.0,,40.0,,,,,,2.0,3.0,0.0,1,2.0,1.0,1.0,1925.0,600.0,2.0,2.0,2.0,,,14805.0035,3599.5504,,,0.0,1.0,0,0,23024,4,,,3.0,,,,3705.3675,7860.0,2540.0,-1,,,,,2.0,1.0,239015.0,2008,582,579,,,,,,14.0,8.0,40.0,2008,2.0,1,8,2,8400,84001,1,17,16980,0,1.0,1.0,3.0,7,4,22,,2,40,1,1.0,1,3,7,2,57,303,303,1,0,0,2.0,2.0,4.0,40.0,,,,,,,,5.0,3.0,0.0,1,2.0,,1.0,1000.0,400.0,1.0,,2.0,,,13551.9946,3486.9833,,,0.0,0.0,0,0,8205,4,,,3.0,,,,3519.4985,7860.0,2540.0,-1,,,,,2.0,1.0,239800.0,2009,594,579,,,,,,14.0,8.0,40.0,2009,MIS4_to_MIS8,True,False,False
510709963719353,7,4.0,1,4,2,8400,84001,1,1,33,17,16980,0,1.0,1.0,1.0,7,3,53,1.0,2,39,1,1.0,2,1,2,1,2,303,303,303,4,0,16,2.0,2.0,4.0,35.0,,,,,,,,5.0,3.0,0.0,1,2.0,,1.0,750.0,262.5,1.0,,,,,13955.2782,3509.9792,10.0,2.0,1.0,1.0,0,0,8285,2,1.0,,,,,,3404.7229,7860.0,4120.0,-1,,,,,,,239066.0,2008,582,579,0.0,0.0,1.0,1.0,0.0,12.0,13.0,40.0,2008,1.0,1,8,2,8400,84001,1,17,16980,0,1.0,1.0,1.0,7,3,55,1.0,2,39,1,1.0,1,2,1,2,303,303,303,4,0,16,2.0,2.0,4.0,35.0,,,,,,,,5.0,3.0,0.0,1,2.0,,1.0,1200.0,420.0,1.0,,,,,13193.247,3237.7202,4.0,1.0,0.0,0.0,0,0,66415,2,1.0,,,,,,3254.0967,7860.0,4020.0,-1,,,,,,,239847.0,2009,594,579,0.0,0.0,0.0,1.0,0.0,12.0,13.0,40.0,2009,MIS4_to_MIS8,True,False,False
530773095415438,7,2.0,1,4,2,8400,84001,1,1,33,17,16980,0,1.0,1.0,1.0,7,3,44,1.0,2,39,2,,2,1,2,1,2,57,57,57,1,0,0,1.0,1.0,,40.0,,56.0,,,,,,2.0,1.0,0.0,1,2.0,2.0,2.0,,1153.84,2.0,2.0,,,,13271.7485,3295.8416,0.0,0.0,0.0,,0,0,66803,2,1.0,,,,,,3327.865,6370.0,5550.0,-1,,,,,,,239081.0,2008,582,579,0.0,0.0,0.0,0.0,0.0,12.0,17.0,23.0,2008,1.0,1,8,2,8400,84001,1,17,16980,0,1.0,1.0,1.0,7,3,45,1.0,2,39,2,,1,2,1,2,57,57,57,1,0,0,2.0,1.0,,40.0,,40.0,,,,,,2.0,1.0,0.0,1,2.0,,1.0,1550.0,620.0,1.0,,,,,13204.7072,3280.6205,0.0,0.0,0.0,0.0,0,0,52545,2,1.0,,,,,,3300.6842,6370.0,5550.0,-1,,,,,,,239857.0,2009,594,579,0.0,0.0,0.0,0.0,0.0,12.0,17.0,23.0,2009,MIS4_to_MIS8,True,False,False
571212035905293,7,1.0,1,4,2,8400,84001,1,1,33,17,16980,0,1.0,1.0,2.0,7,1,26,2.0,1,43,1,,1,1,1,1,2,57,57,57,1,0,0,1.0,1.0,,40.0,,40.0,,,,,,2.0,2.0,0.0,1,2.0,1.0,1.0,1000.0,1538.0,2.0,2.0,,,,13929.4466,3520.4717,0.0,0.0,1.0,1.0,0,0,8343,1,,,,2.0,,,3529.313,9480.0,3600.0,-1,,,,,,,239086.0,2008,582,579,0.0,0.0,0.0,0.0,0.0,16.0,11.0,51.0,2008,1.0,3,8,2,8400,84001,1,17,16980,0,1.0,1.0,2.0,7,1,26,,1,39,1,1.0,1,1,7,2,303,303,303,5,0,16,1.0,1.0,,35.0,4.0,22.0,,,4.0,,,4.0,4.0,0.0,1,2.0,,1.0,1050.0,367.5,2.0,2.0,,,,15907.0119,4002.1775,0.0,0.0,0.0,0.0,0,0,35451,1,1.0,,,,,,3981.1382,8680.0,4020.0,-1,,,,,,1.0,239862.0,2009,594,579,0.0,0.0,0.0,0.0,0.0,12.0,13.0,46.0,2009,MIS4_to_MIS8,False,True,True
749390133280951,7,1.0,4,4,2,8400,84001,1,1,33,17,16980,0,1.0,1.0,1.0,7,1,67,,2,44,2,,1,1,1,5,2,57,57,57,1,0,0,1.0,1.0,,32.0,4.0,10.0,,,4.0,,,4.0,3.0,0.0,1,2.0,2.0,2.0,,1384.61,1.0,,,,,8862.6126,2845.9114,0.0,0.0,0.0,,0,0,4909,1,,,,,,2.0,2877.7052,7860.0,2310.0,4610,,,,,,,239116.0,2008,582,579,0.0,0.0,0.0,0.0,0.0,18.0,8.0,40.0,2008,1.0,4,8,2,8400,84001,1,17,16980,0,1.0,1.0,1.0,7,1,68,,2,44,2,,1,1,5,2,57,57,57,1,0,0,1.0,2.0,4.0,31.0,,,,,,,,5.0,3.0,0.0,1,2.0,2.0,2.0,,1264.0,1.0,,,,,9729.5232,2709.6349,0.0,0.0,0.0,,0,0,18484,1,,,,,,2.0,2726.2066,7860.0,2000.0,4610,,,,,,,239887.0,2009,594,579,0.0,0.0,0.0,0.0,0.0,18.0,6.0,40.0,2009,MIS4_to_MIS8,True,False,False
799030996100951,7,2.0,4,4,2,8400,84001,1,1,33,17,16980,0,1.0,1.0,1.0,7,6,52,,2,40,3,1.0,2,1,4,6,2,57,57,57,1,0,0,1.0,2.0,4.0,40.0,,,,,,,,5.0,3.0,0.0,1,2.0,2.0,2.0,,615.0,1.0,,,,,21720.774,5380.4269,,,1.0,,0,42,53406,2,,,3.0,,,,5299.3008,7860.0,5260.0,-1,,,,,,,239146.0,2008,582,579,,,,,,14.0,17.0,40.0,2008,2.0,7,8,2,8400,84001,1,17,16980,0,1.0,1.0,1.0,7,2,53,,2,39,3,1.0,0,0,6,2,57,57,57,1,0,0,1.0,2.0,4.0,35.0,,,,,,,,5.0,4.0,0.0,1,2.0,2.0,2.0,,600.0,1.0,,,,,17208.2762,4195.2246,,,1.0,,0,0,35365,2,1.0,,,,,,4308.6009,7860.0,5700.0,-1,,,,,,,239903.0,2009,594,579,,,,,,12.0,17.0,40.0,2009,MIS4_to_MIS8,False,True,True
75881570998378,7,2.0,1,4,2,8400,84001,1,1,33,17,16980,0,2.0,1.0,,7,3,59,1.0,2,43,1,,2,1,2,1,2,57,116,116,1,0,0,1.0,2.0,14.0,40.0,,,,,,,,5.0,3.0,0.0,1,2.0,2.0,2.0,,846.0,2.0,2.0,,,,11770.6217,2845.1075,0.0,0.0,1.0,,0,0,22695,2,,,,2.0,,,2814.3425,7860.0,2320.0,-1,,,,,,,239273.0,2008,582,579,0.0,0.0,0.0,0.0,0.0,16.0,8.0,40.0,2008,1.0,1,8,2,8400,84001,1,17,16980,0,2.0,1.0,,7,3,61,1.0,2,43,1,,1,2,1,2,57,116,116,1,0,0,2.0,2.0,14.0,40.0,,,,,,,,5.0,3.0,0.0,1,2.0,2.0,2.0,,384.61,1.0,,,,,11029.4825,3042.5244,0.0,0.0,1.0,,0,0,8030,2,,,,2.0,,,3012.2688,7860.0,2310.0,-1,,,,,,,240030.0,2009,594,579,0.0,0.0,0.0,0.0,0.0,16.0,8.0,40.0,2009,MIS4_to_MIS8,True,False,False
195965604093758,7,1.0,7,4,2,8400,84001,1,1,33,17,16980,0,2.0,1.0,,7,2,54,,2,43,1,,1,0,0,7,2,57,57,57,1,0,0,1.0,2.0,4.0,38.0,,,,,,,,5.0,2.0,0.0,1,2.0,2.0,2.0,,1078.94,2.0,1.0,,,,10220.0288,2519.3105,,,0.0,,0,0,63779,1,,,,2.0,,,2493.4197,9480.0,2010.0,-1,,,,,,,239381.0,2008,582,579,,,,,,16.0,6.0,51.0,2008,1.0,7,8,2,8400,84001,1,17,16980,0,2.0,1.0,,7,2,55,,2,43,1,,0,0,7,2,57,57,57,1,0,0,1.0,1.0,,38.0,,37.0,,,,,,2.0,2.0,0.0,1,2.0,2.0,2.0,,1192.3,2.0,2.0,,,,13599.0399,3353.829,,,0.0,,0,0,52604,1,,,,2.0,,,3354.185,9480.0,2010.0,-1,,,,,,,240108.0,2009,594,579,,,,,,16.0,6.0,51.0,2009,MIS4_to_MIS8,True,False,False
247838850459106,7,1.0,1,4,2,8400,84001,1,1,33,17,16980,0,2.0,1.0,,7,3,52,1.0,2,43,1,,2,1,2,1,2,57,57,57,1,0,0,2.0,2.0,4.0,35.0,,,,,,,,5.0,3.0,0.0,1,2.0,2.0,2.0,,410.25,1.0,,,,,10220.0288,2519.3105,4.0,1.0,0.0,,0,0,63749,2,,,,2.0,,,2493.4197,7860.0,2540.0,-1,,,,,,,239411.0,2008,582,579,0.0,0.0,0.0,1.0,0.0,16.0,8.0,40.0,2008,1.0,1,8,2,8400,84001,1,17,16980,0,2.0,1.0,,7,3,53,1.0,2,43,1,,1,2,1,2,57,57,57,1,0,0,2.0,2.0,4.0,40.0,,,,,,,,5.0,3.0,0.0,1,2.0,2.0,2.0,,461.53,1.0,,,,,13315.1954,3325.898,4.0,1.0,0.0,,0,0,35354,2,,,,2.0,,,3333.853,7860.0,2310.0,-1,,,,,,,240143.0,2009,594,579,0.0,0.0,0.0,1.0,0.0,16.0,8.0,40.0,2009,MIS4_to_MIS8,True,False,False
417768350399103,7,1.0,1,4,2,8400,84001,1,1,33,17,16980,0,2.0,1.0,,7,1,50,2.0,2,39,1,1.0,1,1,1,1,2,57,303,303,1,0,0,1.0,2.0,4.0,40.0,,,,,,,,5.0,3.0,0.0,1,2.0,2.0,2.0,,615.38,1.0,,,,,12994.109,3268.2295,4.0,1.0,0.0,,0,0,22702,1,1.0,,,,,,3170.2227,7860.0,5700.0,-1,,,,,,,239452.0,2008,582,579,0.0,0.0,0.0,1.0,0.0,12.0,17.0,40.0,2008,1.0,1,8,2,8400,84001,1,17,16980,0,2.0,1.0,,7,1,51,2.0,2,39,1,1.0,1,1,1,2,57,303,303,1,0,0,1.0,1.0,,-4.0,4.0,20.0,,,4.0,,,4.0,3.0,0.0,1,2.0,2.0,2.0,,961.53,1.0,,,,,12303.4665,3058.0447,4.0,1.0,0.0,,0,0,35356,1,1.0,,,,,,3080.5367,7680.0,5700.0,-1,,,,,,,240182.0,2009,594,579,0.0,0.0,0.0,1.0,0.0,12.0,17.0,38.0,2009,MIS4_to_MIS8,True,False,False
450198687700570,7,1.0,7,4,2,8400,84001,1,1,33,17,16980,0,2.0,1.0,,7,2,65,,2,40,2,,1,0,0,5,2,57,57,57,1,0,0,1.0,1.0,,40.0,,40.0,,,,,,2.0,1.0,0.0,1,2.0,2.0,2.0,,1200.0,1.0,,,,,8252.2005,2649.8993,,,1.0,,0,0,22686,1,,,3.0,,,,2679.5034,6370.0,5540.0,-1,,,,,,,239457.0,2008,582,579,,,,,,14.0,17.0,23.0,2008,1.0,7,8,2,8400,84001,1,17,16980,0,2.0,1.0,,7,2,66,,2,40,2,,0,0,5,2,57,57,57,1,0,0,1.0,1.0,,40.0,,40.0,,,,,,2.0,1.0,0.0,1,2.0,2.0,2.0,,1223.0,1.0,,,,,9222.2166,2568.352,,,1.0,,0,0,35349,1,,,3.0,,,,2584.0596,6370.0,5540.0,-1,,,,,,,240186.0,2009,594,579,,,,,,14.0,17.0,23.0,2009,MIS4_to_MIS8,True,False,False
453197438700172,7,1.0,1,4,2,8400,84001,1,1,33,17,16980,0,2.0,1.0,,7,3,48,1.0,2,39,1,,2,1,2,1,2,57,57,57,1,0,0,2.0,1.0,,40.0,,40.0,,,,,,2.0,3.0,0.0,1,2.0,2.0,2.0,,600.0,2.0,2.0,,,,11987.5964,2919.5383,10.0,2.0,0.0,,0,0,36007,2,1.0,,,,,,2924.66,770.0,5700.0,-1,,,,,,,239461.0,2008,582,579,0.0,0.0,1.0,1.0,0.0,12.0,17.0,4.0,2008,1.0,1,8,2,8400,84001,1,17,16980,0,2.0,1.0,,7,3,49,1.0,2,39,1,,1,2,1,2,57,57,57,1,0,0,2.0,1.0,,40.0,,40.0,,,,,,2.0,4.0,0.0,1,2.0,2.0,2.0,,480.0,2.0,2.0,,,,13107.7989,3253.349,3.0,1.0,1.0,,0,42,21936,2,1.0,,,,,,3281.9251,770.0,5700.0,-1,,,,,,,240190.0,2009,594,579,0.0,0.0,1.0,0.0,0.0,12.0,17.0,4.0,2009,MIS4_to_MIS8,False,True,True
456100470700136,7,1.0,7,4,2,8400,84001,1,1,33,17,41180,119,2.0,1.0,,6,2,60,,2,39,1,,1,0,0,5,2,57,57,57,1,0,0,1.0,1.0,,40.0,,40.0,,,,,,2.0,3.0,0.0,1,2.0,1.0,1.0,700.0,490.0,1.0,,,,,10911.4099,2777.703,,,1.0,1.0,0,0,22931,1,1.0,,,,,,2705.1374,9470.0,3850.0,-1,,,,,,,239465.0,2008,582,579,,,,,,12.0,12.0,51.0,2008,1.0,7,8,2,8400,84001,1,17,41180,119,2.0,1.0,,6,2,61,,2,39,1,,0,0,5,2,57,57,57,1,0,0,1.0,2.0,5.0,40.0,,,,,,,,5.0,3.0,0.0,1,2.0,,1.0,2681.0,1072.4,1.0,,,,,11036.8339,3044.5523,,,0.0,0.0,0,0,8162,1,1.0,,,,,,3014.2766,9470.0,3800.0,-1,,,,,,,240193.0,2009,594,579,,,,,,12.0,12.0,51.0,2009,MIS4_to_MIS8,True,False,False
510709748086750,7,1.0,4,4,2,8400,84001,1,1,33,17,16980,0,2.0,1.0,,7,1,65,,2,40,2,,1,1,1,7,2,57,57,57,1,0,0,1.0,1.0,,40.0,,40.0,,,,,,2.0,1.0,0.0,1,2.0,2.0,2.0,,961.0,1.0,,,,,8252.2005,2649.8993,0.0,0.0,1.0,,0,42,22685,1,,,2.0,,,,2679.5034,6370.0,2340.0,-1,,,,,,,239491.0,2008,582,579,0.0,0.0,0.0,0.0,0.0,13.0,8.0,23.0,2008,1.0,4,8,2,8400,84001,1,17,16980,0,2.0,1.0,,7,1,66,,2,40,2,,1,1,7,2,57,57,57,1,0,0,1.0,1.0,,40.0,,40.0,,,,,,2.0,1.0,0.0,1,2.0,2.0,2.0,,673.0,1.0,,,,,9222.2166,2568.352,0.0,0.0,1.0,,0,0,35348,1,,,3.0,,,,2584.0596,6370.0,2340.0,-1,,,,,,,240219.0,2009,594,579,0.0,0.0,0.0,0.0,0.0,14.0,8.0,23.0,2009,MIS4_to_MIS8,True,False,False
655197519700879,7,2.0,1,4,2,8400,84001,1,1,33,17,41180,163,2.0,1.0,,6,1,47,2.0,1,41,2,,1,1,1,1,2,57,57,57,1,0,0,2.0,1.0,,40.0,,40.0,,,,,,2.0,1.0,0.0,1,2.0,1.0,1.0,2000.0,730.76,1.0,,,,,12072.8256,3108.1377,0.0,0.0,0.0,1.0,0,0,22984,1,,,2.0,,,,3015.7132,9480.0,5110.0,-1,2.0,,,,,,239549.0,2008,582,579,0.0,0.0,0.0,0.0,0.0,13.0,17.0,51.0,2008,2.0,1,8,2,8400,84001,1,17,41180,163,2.0,1.0,,6,1,48,2.0,1,40,2,,1,1,1,2,57,57,57,1,0,0,2.0,1.0,,40.0,,40.0,,,,,,2.0,1.0,0.0,1,2.0,1.0,1.0,2200.0,730.76,1.0,,,,,11815.9499,2863.9816,0.0,0.0,0.0,1.0,0,0,22216,1,,,3.0,,,,2873.3183,9480.0,5420.0,-1,2.0,,,,,,240290.0,2009,594,579,0.0,0.0,0.0,0.0,0.0,14.0,17.0,51.0,2009,MIS4_to_MIS8,True,False,False
655197519700879,7,2.0,1,4,2,8400,84001,1,1,33,17,41180,163,2.0,1.0,,6,3,43,1.0,2,39,2,,2,1,2,1,2,57,57,57,1,0,0,1.0,1.0,,40.0,,40.0,,,,,,2.0,1.0,0.0,1,2.0,1.0,1.0,2200.0,884.61,2.0,2.0,,,,12732.9916,3162.0494,0.0,0.0,0.0,0.0,0,0,22984,2,1.0,,,,,,3192.7727,5380.0,4760.0,-1,,,,,,,239550.0,2008,582,579,0.0,0.0,0.0,0.0,0.0,12.0,16.0,22.0,2008,2.0,1,8,2,8400,84001,1,17,41180,163,2.0,1.0,,6,3,44,1.0,2,39,2,,1,2,1,2,57,57,57,1,0,0,1.0,1.0,,40.0,,40.0,,,,,,2.0,1.0,0.0,1,2.0,1.0,1.0,1800.0,865.38,1.0,,,,,14756.1657,3663.6958,0.0,0.0,0.0,0.0,0,0,22216,2,1.0,,,,,,3706.2514,7580.0,3600.0,-1,,,,,,,240291.0,2009,594,579,0.0,0.0,0.0,0.0,0.0,12.0,11.0,38.0,2009,MIS4_to_MIS8,True,False,False
671807045705098,7,1.0,6,4,2,8400,84001,1,1,33,17,16980,0,2.0,1.0,,7,2,38,,1,40,2,,1,0,0,7,2,57,57,57,1,0,0,1.0,1.0,,40.0,,40.0,,,,,,2.0,3.0,0.0,1,2.0,2.0,2.0,,673.0,1.0,,,,,11346.8267,2939.1939,,,1.0,,0,0,22688,1,,,4.0,,,,2930.551,6180.0,7210.0,-1,,,,,,,239555.0,2008,582,579,,,,,,15.0,20.0,23.0,2008,2.0,3,8,2,8400,84001,1,17,16980,0,2.0,1.0,,7,1,39,,1,40,2,,1,1,7,2,57,57,57,1,0,0,2.0,1.0,,40.0,,40.0,,,,,,2.0,4.0,0.0,1,2.0,2.0,2.0,,538.0,1.0,,,,,13698.1883,3322.5566,1.0,1.0,1.0,,0,0,35351,1,,,3.0,,,,3291.5891,6180.0,7210.0,-1,,,,,,,240296.0,2009,594,579,1.0,0.0,0.0,0.0,1.0,14.0,20.0,23.0,2009,MIS4_to_MIS8,False,True,True
671807045705098,7,1.0,6,4,2,8400,84001,1,1,33,17,16980,0,2.0,1.0,,7,14,43,,2,39,2,,2,0,0,7,2,57,57,57,1,0,0,2.0,1.0,,40.0,,40.0,,,,,,2.0,3.0,0.0,1,2.0,2.0,2.0,,554.0,1.0,,,,,12357.6573,3068.8407,,,1.0,,0,0,22688,2,1.0,,,,,,3098.6584,6180.0,7210.0,-1,,,,,,,239556.0,2008,582,579,,,,,,12.0,20.0,23.0,2008,2.0,3,8,2,8400,84001,1,17,16980,0,2.0,1.0,,7,14,44,,2,39,2,,0,0,7,2,57,57,57,1,0,0,1.0,1.0,,40.0,,40.0,,,,,,2.0,4.0,0.0,1,2.0,2.0,2.0,,673.0,1.0,,,,,14746.337,3661.2555,,,1.0,,0,0,35351,2,1.0,,,,,,3703.7828,6180.0,7210.0,-1,,,,,,,240297.0,2009,594,579,,,,,,12.0,20.0,23.0,2009,MIS4_to_MIS8,False,True,True
799800657530951,7,2.0,1,4,2,8400,84001,1,1,33,17,16980,111,2.0,1.0,,7,3,47,1.0,2,39,1,,2,1,2,1,2,57,57,57,1,0,0,1.0,1.0,,15.0,,15.0,,,18.0,,,7.0,3.0,0.0,1,2.0,,1.0,1550.0,232.5,2.0,2.0,,,,11987.5964,2919.5383,4.0,2.0,0.0,0.0,0,0,8426,2,1.0,,,,,,2924.66,9470.0,5220.0,-1,,,,,,,239633.0,2008,582,579,0.0,0.0,0.0,1.0,0.0,12.0,17.0,51.0,2008,2.0,1,8,2,8400,84001,1,17,16980,111,2.0,1.0,,7,3,48,1.0,2,39,1,,1,2,1,2,57,57,57,1,0,0,1.0,1.0,,15.0,,28.0,,,18.0,,,7.0,3.0,0.0,1,2.0,,1.0,1542.0,231.3,2.0,2.0,,,,13107.7989,3253.349,4.0,2.0,0.0,0.0,0,0,52613,2,1.0,,,,,,3281.9251,9470.0,5220.0,-1,,,,,,,240368.0,2009,594,579,0.0,0.0,0.0,1.0,0.0,12.0,17.0,51.0,2009,MIS4_to_MIS8,True,False,False
805908351088877,7,2.0,1,4,2,8400,84001,1,1,33,17,16980,0,2.0,1.0,,7,3,43,1.0,2,44,1,,2,1,2,1,2,57,57,57,1,0,0,1.0,2.0,4.0,40.0,,,,,,,,5.0,2.0,0.0,1,2.0,2.0,2.0,,1153.84,1.0,,,,,11609.2272,2882.9897,5.0,2.0,0.0,,0,0,22696,2,,,,,,3.0,2896.0044,7860.0,2320.0,-1,,,,,,,239654.0,2008,582,579,1.0,1.0,0.0,0.0,1.0,18.0,8.0,40.0,2008,2.0,1,8,2,8400,84001,1,17,16980,0,2.0,1.0,,7,3,44,1.0,2,44,1,,1,2,1,2,57,57,57,1,0,0,1.0,2.0,11.0,40.0,,,,,,,,5.0,3.0,0.0,1,2.0,2.0,2.0,,840.0,1.0,,,,,11786.0601,2969.4602,5.0,2.0,1.0,,0,42,45467,2,,,,,,2.0,2957.8762,7860.0,2320.0,-1,,,,,,,240387.0,2009,594,579,1.0,1.0,0.0,0.0,1.0,18.0,8.0,40.0,2009,MIS4_to_MIS8,True,False,True
856101040700125,7,1.0,1,4,2,8400,84001,1,1,33,17,16980,0,2.0,1.0,,7,1,54,2.0,1,43,1,,1,1,1,1,2,57,57,57,1,0,0,1.0,1.0,,55.0,,40.0,,,,,,2.0,1.0,0.0,1,1.0,2.0,2.0,,2403.84,2.0,2.0,,,,10923.1007,2667.4104,0.0,0.0,0.0,,0,0,22841,1,,,,2.0,,,2678.2099,9380.0,930.0,-1,,,,,,,239663.0,2008,582,579,0.0,0.0,0.0,0.0,0.0,16.0,2.0,51.0,2008,1.0,1,8,2,8400,84001,1,17,16980,0,2.0,1.0,,7,1,55,2.0,1,43,1,,1,1,1,2,57,57,57,1,0,0,1.0,1.0,,40.0,,50.0,,,,,,2.0,1.0,0.0,1,2.0,2.0,2.0,,2692.3,1.0,,,,,12685.4892,3157.3034,0.0,0.0,0.0,,0,0,22109,1,,,,2.0,,,3139.6609,9380.0,930.0,-1,,,,,,,240391.0,2009,594,579,0.0,0.0,0.0,0.0,0.0,16.0,2.0,51.0,2009,MIS4_to_MIS8,True,False,False
856101040700125,7,1.0,1,4,2,8400,84001,1,1,33,17,16980,0,2.0,1.0,,7,3,59,1.0,2,43,1,,2,1,2,1,2,57,57,57,1,0,0,2.0,1.0,,40.0,,40.0,,,,,,2.0,1.0,0.0,1,2.0,2.0,2.0,,1865.38,1.0,,,,,11770.6217,2845.1075,0.0,0.0,0.0,,0,0,22841,2,,,,2.0,,,2814.3425,9380.0,9030.0,-1,,,,,,,239664.0,2008,582,579,0.0,0.0,0.0,0.0,0.0,16.0,22.0,51.0,2008,1.0,1,8,2,8400,84001,1,17,16980,0,2.0,1.0,,7,3,60,1.0,2,43,1,,1,2,1,2,57,57,57,1,0,0,2.0,1.0,,40.0,,40.0,,,,,,2.0,1.0,0.0,1,2.0,2.0,2.0,,1961.53,1.0,,,,,11029.4825,3042.5244,0.0,0.0,0.0,,0,0,22109,2,,,,2.0,,,3012.2688,9380.0,930.0,-1,,,,,,,240392.0,2009,594,579,0.0,0.0,0.0,0.0,0.0,16.0,2.0,51.0,2009,MIS4_to_MIS8,True,False,False
924037927159620,7,1.0,1,4,2,8400,84001,1,1,33,17,37900,0,2.0,1.0,,3,3,59,1.0,2,44,1,,2,1,2,1,2,57,57,57,1,0,0,2.0,2.0,14.0,40.0,,,,,,,,5.0,3.0,0.0,1,2.0,2.0,2.0,,846.0,1.0,,,,,12128.1261,2931.5208,0.0,0.0,1.0,,0,0,23043,2,,,,,,2.0,2899.8214,7860.0,2310.0,-1,,,,,,,239692.0,2008,582,579,0.0,0.0,0.0,0.0,0.0,18.0,8.0,40.0,2008,1.0,1,8,2,8400,84001,1,17,37900,0,2.0,1.0,,3,3,60,1.0,2,44,1,,1,2,1,2,57,57,57,1,0,0,2.0,5.0,,,,,,,,,,1.0,3.0,0.0,2,,,,,,,,,,,12243.3033,3044.5523,0.0,0.0,,,0,0,22264,2,,,,,,2.0,3043.7882,7860.0,2310.0,-1,,,,,,,240418.0,2009,594,579,0.0,0.0,0.0,0.0,0.0,18.0,8.0,40.0,2009,MIS4_to_MIS8,True,False,False
957389050759106,7,1.0,1,4,2,8400,84001,1,1,33,17,16980,111,2.0,1.0,,7,1,38,2.0,2,44,1,,1,1,1,1,2,57,132,57,1,0,0,1.0,2.0,4.0,50.0,,,,,,,,5.0,3.0,0.0,1,2.0,2.0,2.0,,2153.0,1.0,,,,,11690.9783,2926.9815,10.0,2.0,1.0,,0,42,56890,1,,,,,,2.0,2916.3978,7860.0,2320.0,-1,,,,,,,239721.0,2008,582,579,0.0,0.0,1.0,1.0,0.0,18.0,8.0,40.0,2008,1.0,1,8,2,8400,84001,1,17,16980,111,2.0,1.0,,7,1,39,2.0,2,44,1,,1,1,1,2,57,132,57,1,0,0,1.0,2.0,4.0,40.0,,,,,,,,5.0,3.0,0.0,1,2.0,2.0,2.0,,1250.0,1.0,,,,,12390.6794,3111.6477,10.0,2.0,0.0,,0,0,8149,1,,,,,,2.0,3109.6139,7860.0,2320.0,-1,,,,,,,240451.0,2009,594,579,0.0,0.0,1.0,1.0,0.0,18.0,8.0,40.0,2009,MIS4_to_MIS8,True,False,False
957389050759106,7,1.0,1,4,2,8400,84001,1,1,33,17,16980,111,2.0,1.0,,7,3,40,1.0,1,44,1,,2,1,2,1,2,57,57,57,1,0,0,2.0,2.0,4.0,50.0,,,,,,,,5.0,3.0,0.0,1,2.0,2.0,2.0,,2884.61,2.0,2.0,,,,11329.1227,2841.3439,10.0,2.0,1.0,,0,42,56890,2,,,,,,2.0,2827.5481,7860.0,2320.0,-1,,,,,,,239722.0,2008,582,579,0.0,0.0,1.0,1.0,0.0,18.0,8.0,40.0,2008,1.0,1,8,2,8400,84001,1,17,16980,111,2.0,1.0,,7,3,41,1.0,1,44,1,,1,2,1,2,57,57,57,1,0,0,2.0,2.0,4.0,40.0,,,,,,,,5.0,3.0,0.0,1,2.0,2.0,2.0,,1346.15,1.0,,,,,11466.8591,2906.9902,10.0,2.0,0.0,,0,0,8149,2,,,,,,2.0,2916.9587,7860.0,2320.0,-1,,,,,,,240452.0,2009,594,579,0.0,0.0,1.0,1.0,0.0,18.0,8.0,40.0,2009,MIS4_to_MIS8,True,False,False
967469550939101,7,2.0,1,4,2,8400,84001,1,1,33,17,16980,0,2.0,1.0,,7,12,18,,2,39,1,,5,0,0,7,2,57,57,57,1,0,0,2.0,1.0,,-4.0,,35.0,,,,,,2.0,3.0,0.0,1,2.0,2.0,1.0,700.0,245.0,2.0,2.0,1.0,1.0,2.0,9904.0699,2819.4297,,,1.0,1.0,0,42,59974,5,1.0,,,,,,2816.0579,8570.0,4250.0,-1,,,,,,,239733.0,2008,582,579,,,,,,12.0,14.0,44.0,2008,2.0,1,8,2,8400,84001,1,17,16980,0,2.0,1.0,,7,12,19,,2,39,1,,0,0,7,2,57,57,57,1,0,0,2.0,7.0,,,,,,,,,,1.0,,,2,,,,,,,,2.0,,,12085.123,3177.0145,,,,,0,0,35466,5,1.0,,,,,,3173.8309,,,-1,,,,,,,240462.0,2009,594,579,,,,,,12.0,,,2009,MIS4_to_MIS8,False,True,True
799440422910951,7,1.0,1,4,2,8400,84001,1,1,33,17,0,99,3.0,2.0,,0,1,61,2.0,1,39,1,,1,1,1,1,2,57,57,57,1,0,0,1.0,1.0,,45.0,,45.0,,,,,,2.0,3.0,0.0,1,2.0,2.0,2.0,,980.76,2.0,2.0,,,,10466.4183,2668.3939,0.0,0.0,0.0,,0,0,36157,1,1.0,,,,,,2648.2244,9470.0,3710.0,-1,4.0,,,,3.0,,239841.0,2008,582,579,0.0,0.0,0.0,0.0,0.0,12.0,12.0,51.0,2008,1.0,1,8,2,8400,84001,1,17,0,99,3.0,2.0,,0,1,62,2.0,1,42,1,,1,1,1,2,57,57,57,1,0,0,1.0,1.0,,40.0,,40.0,,,,,,2.0,3.0,0.0,1,2.0,2.0,2.0,,1000.0,2.0,2.0,,,,12024.1733,3055.0633,0.0,0.0,0.0,,0,0,45555,1,,,3.0,,,,3061.8712,9470.0,3710.0,-1,4.0,,,,,,240562.0,2009,594,579,0.0,0.0,0.0,0.0,0.0,14.0,12.0,51.0,2009,MIS4_to_MIS8,True,False,False
799740494710651,7,1.0,1,4,2,8400,84001,1,1,33,17,0,0,3.0,2.0,,0,3,43,1.0,2,39,1,,2,1,2,1,2,57,57,57,1,0,0,2.0,4.0,,,,,,,,2.0,5.0,11.0,3.0,0.0,2,,,,,,,,,,,11565.4296,2902.0091,4.0,1.0,,,0,0,22826,2,1.0,,,,,,2853.6401,7860.0,4020.0,-1,,,,,,,239850.0,2008,582,579,0.0,0.0,0.0,1.0,0.0,12.0,13.0,40.0,2008,1.0,1,8,2,8400,84001,1,17,0,0,3.0,2.0,,0,3,44,1.0,2,39,1,,1,2,1,2,57,57,57,1,0,0,2.0,4.0,,,,,,,,35.0,5.0,11.0,3.0,0.0,2,,,,,,,,,,,14076.7042,2960.4558,4.0,1.0,,,0,0,52587,2,2.0,6.0,,,,,3019.0798,7860.0,4020.0,-1,,,,,,,240568.0,2009,594,579,0.0,0.0,0.0,1.0,0.0,10.0,13.0,40.0,2009,MIS4_to_MIS8,True,False,False
799850160230951,7,1.0,1,4,2,8400,84001,1,1,33,17,0,0,3.0,2.0,,0,3,61,1.0,1,39,1,,2,1,2,1,2,57,57,57,1,0,0,2.0,2.0,4.0,40.0,,,,,,,,5.0,3.0,0.0,1,2.0,,1.0,2000.0,800.0,2.0,2.0,,,,10466.4183,2668.3939,0.0,0.0,1.0,1.0,0,0,36221,2,1.0,,,,,,2648.2244,7880.0,2200.0,-1,4.0,,,,,,239860.0,2008,582,579,0.0,0.0,0.0,0.0,0.0,12.0,8.0,40.0,2008,1.0,1,8,2,8400,84001,1,17,0,0,3.0,2.0,,0,3,62,1.0,1,39,1,,1,2,1,2,57,57,57,1,0,0,2.0,2.0,4.0,40.0,,,,,,,,5.0,3.0,0.0,1,2.0,2.0,2.0,,2884.61,2.0,1.0,,,,12024.1733,3055.0633,0.0,0.0,1.0,,0,42,18519,2,1.0,,,,,,3061.8712,7880.0,2200.0,-1,4.0,,,,,,240581.0,2009,594,579,0.0,0.0,0.0,0.0,0.0,12.0,8.0,40.0,2009,MIS4_to_MIS8,True,False,False
908027931159560,7,1.0,4,4,2,8400,84001,1,1,33,17,0,0,3.0,2.0,,0,14,41,,1,39,1,,2,0,0,7,2,57,57,57,1,0,0,2.0,2.0,4.0,20.0,,,,,,,,10.0,3.0,0.0,1,2.0,,1.0,1300.0,260.0,2.0,2.0,,,,11403.8621,2860.0885,,,1.0,1.0,0,0,46452,2,1.0,,,,,,2846.2017,6180.0,9120.0,-1,,,,,,,239862.0,2008,582,579,,,,,,12.0,22.0,23.0,2008,1.0,4,8,2,8400,84001,1,17,0,0,3.0,2.0,,0,14,42,,1,39,1,,0,0,7,2,57,57,57,1,0,0,2.0,3.0,,,,,5.0,,,5.0,1.0,11.0,4.0,0.0,2,,,,,,,,,,,12132.8596,2898.1752,,,,,0,0,22227,2,1.0,,,,,,2903.7525,6180.0,9120.0,-1,,,,,,,240583.0,2009,594,579,,,,,,12.0,22.0,23.0,2009,MIS4_to_MIS8,False,True,True
947239550779109,7,2.0,1,4,2,8400,84001,1,1,33,17,0,0,3.0,2.0,,0,3,31,1.0,1,41,1,,2,1,2,1,2,57,57,57,1,0,0,1.0,1.0,,37.0,4.0,30.0,,,4.0,,,4.0,2.0,0.0,1,2.0,2.0,2.0,,923.07,1.0,,,,,12640.5411,3168.6317,6.0,2.0,0.0,,0,0,66782,2,,,3.0,,,,3202.7422,9470.0,3800.0,-1,,,,,,,239878.0,2008,582,579,1.0,0.0,1.0,0.0,1.0,14.0,12.0,51.0,2008,2.0,1,8,2,8400,84001,1,17,0,0,3.0,2.0,,0,3,32,1.0,1,41,1,,1,2,1,2,57,57,57,1,0,0,1.0,1.0,,40.0,,40.0,,,,,,2.0,2.0,0.0,1,2.0,2.0,2.0,,923.07,1.0,,,,,12864.1933,3203.8653,8.0,2.0,0.0,,0,0,35280,2,,,3.0,,,,3219.5947,9470.0,3800.0,-1,,,,,,,240599.0,2009,594,579,0.0,1.0,1.0,0.0,1.0,14.0,12.0,51.0,2009,MIS4_to_MIS8,True,False,False
799340875970951,7,1.0,4,4,2,8400,84001,1,1,33,17,19340,0,,1.0,,3,4,17,,1,37,1,,2,1,3,7,2,57,57,57,1,0,0,2.0,1.0,,40.0,,40.0,,,,,,2.0,3.0,0.0,1,2.0,,1.0,800.0,320.0,2.0,2.0,2.0,,,13845.917,3476.7638,,,0.0,0.0,0,0,46439,2,,,,,,,3384.4996,9090.0,4250.0,-1,,,,,1.0,,239990.0,2008,582,579,,,,,,11.0,14.0,48.0,2008,1.0,4,8,2,8400,84001,1,17,19340,0,,1.0,,3,4,18,,1,39,1,,1,3,7,2,57,57,57,1,0,0,2.0,1.0,,10.0,,10.0,,,20.0,,,7.0,4.0,0.0,1,2.0,,1.0,800.0,80.0,2.0,2.0,2.0,,,12582.8856,3318.9622,,,0.0,0.0,0,0,52639,2,1.0,,,,,,3309.825,8680.0,4060.0,-1,,,,,1.0,,240696.0,2009,594,579,,,,,,12.0,13.0,46.0,2009,MIS4_to_MIS8,False,True,True
799460936640951,7,1.0,1,4,2,8400,84001,1,1,33,17,44100,0,,1.0,,2,1,29,2.0,1,39,1,,1,1,1,1,2,57,57,57,1,0,0,1.0,1.0,,38.0,4.0,34.0,,,4.0,,,4.0,2.0,0.0,1,2.0,2.0,2.0,,576.92,1.0,,,,,13530.2524,3419.581,0.0,0.0,0.0,,0,0,23002,1,1.0,,,,,,3428.1689,9370.0,2150.0,-1,,,,,,,239993.0,2008,582,579,0.0,0.0,0.0,0.0,0.0,12.0,7.0,51.0,2008,1.0,1,8,2,8400,84001,1,17,44100,0,,1.0,,2,1,30,2.0,1,39,1,,1,1,1,2,57,57,57,1,0,0,1.0,1.0,,38.0,,38.0,,,,,,2.0,2.0,0.0,1,2.0,2.0,2.0,,602.76,1.0,,,,,12964.0314,3228.7302,0.0,0.0,0.0,,0,0,59364,1,1.0,,,,,,3244.5818,9570.0,5220.0,-1,,,,,,,240698.0,2009,594,579,0.0,0.0,0.0,0.0,0.0,12.0,17.0,51.0,2009,MIS4_to_MIS8,True,False,False
799730763250951,7,1.0,1,4,2,8400,84001,1,1,33,17,16580,0,,1.0,,2,1,27,2.0,1,44,1,,1,1,1,1,2,414,414,414,5,0,20,1.0,1.0,,40.0,,40.0,,,,,,2.0,2.0,0.0,1,2.0,2.0,2.0,,415.38,2.0,2.0,,,,13687.1381,3459.2316,1.0,1.0,0.0,,0,0,68487,1,,,,,,2.0,3467.9191,7870.0,2200.0,-1,,,,,,,239997.0,2008,582,579,1.0,0.0,0.0,0.0,1.0,18.0,8.0,40.0,2008,4.0,1,8,2,8400,84001,1,17,16580,0,,1.0,,2,1,28,2.0,1,44,1,,1,1,1,2,414,414,414,5,0,20,2.0,2.0,4.0,40.0,,,,,,,,5.0,2.0,0.0,1,2.0,2.0,2.0,,1000.0,2.0,2.0,,,,14206.8877,3575.4597,2.0,1.0,1.0,,0,0,56099,1,,,,,,2.0,3555.6385,7870.0,2200.0,-1,,,,,,,240703.0,2009,594,579,0.0,1.0,0.0,0.0,1.0,18.0,8.0,40.0,2009,MIS4_to_MIS8,True,False,False
937027957159360,7,1.0,4,4,2,8400,84001,1,1,33,17,16580,0,,1.0,,2,1,50,,2,37,2,,1,1,1,7,2,57,57,57,1,0,0,1.0,1.0,,40.0,,52.0,,,,,,2.0,3.0,0.0,1,2.0,,1.0,1164.0,465.6,1.0,,,,,10524.0287,2695.638,4.0,1.0,0.0,0.0,0,0,46261,1,,,,,,,2725.753,8270.0,4020.0,4020,,,,,,,240013.0,2008,582,579,0.0,0.0,0.0,1.0,0.0,11.0,13.0,42.0,2008,1.0,4,8,2,8400,84001,1,17,16580,0,,1.0,,2,1,51,,2,38,2,,1,1,7,2,57,57,57,1,0,0,1.0,1.0,,40.0,,48.0,,,,,,2.0,3.0,0.0,1,2.0,2.0,2.0,,470.0,1.0,,,,,11172.3303,2775.6902,4.0,1.0,0.0,,0,0,35290,1,,,,,,,2792.6658,8270.0,4020.0,4020,,,,,,,240720.0,2009,594,579,0.0,0.0,0.0,1.0,0.0,12.0,13.0,42.0,2009,MIS4_to_MIS8,True,False,False
947589750969105,7,1.0,3,4,2,8400,84001,1,1,33,17,28100,91,,1.0,,2,1,58,,1,46,1,,1,1,1,6,2,57,57,57,1,0,0,1.0,1.0,,40.0,,40.0,,,,,,2.0,3.0,0.0,1,2.0,2.0,2.0,,500.0,2.0,2.0,,,,13655.8893,3275.8763,1.0,1.0,0.0,,0,0,8382,1,,,,,,,3287.3533,9470.0,2100.0,-1,,,,,,,240021.0,2008,582,579,1.0,0.0,0.0,0.0,1.0,18.0,7.0,51.0,2008,1.0,3,8,2,8400,84001,1,17,28100,91,,1.0,,2,1,59,,1,46,1,,1,1,6,2,57,57,57,1,0,0,1.0,1.0,,24.0,,55.0,,,,,,2.0,3.0,0.0,1,2.0,2.0,2.0,,1250.0,2.0,2.0,,,,13538.4895,3369.6075,2.0,1.0,0.0,,0,0,35500,1,,,,,,,3350.7787,9470.0,2100.0,2100,,,,,,,240728.0,2009,594,579,0.0,1.0,0.0,0.0,1.0,18.0,7.0,51.0,2009,MIS4_to_MIS8,True,False,False
982077978159340,7,1.0,1,4,2,8400,84001,1,1,33,17,16580,0,,1.0,,2,4,23,,1,39,1,,3,1,3,7,2,57,57,57,1,0,0,2.0,4.0,,,,,,,,12.0,4.0,11.0,1.0,0.0,2,,,,,,,,2.0,,,15737.6825,3981.5037,,,,,0,0,19204,3,1.0,,,,,,3785.6639,9890.0,9840.0,-1,1.0,,,,1.0,2.0,240047.0,2008,582,579,,,,,,12.0,23.0,52.0,2008,1.0,1,8,2,8400,84001,1,17,16580,0,,1.0,,2,4,24,,1,39,1,,1,3,7,2,57,57,57,1,0,0,2.0,7.0,,,,,,9.0,,,,1.0,1.0,0.0,2,,,,,,,,2.0,,,18914.5223,3748.4515,,,,,0,0,43957,3,1.0,,,,,,3760.0098,9890.0,9840.0,-1,1.0,,,,1.0,2.0,240751.0,2009,594,579,,,,,,12.0,23.0,52.0,2009,MIS4_to_MIS8,True,False,False
992057963159150,7,1.0,7,4,2,8400,84001,1,1,33,17,19500,115,,1.0,,2,2,62,,2,40,1,,1,0,0,4,2,57,57,57,1,0,0,1.0,1.0,,40.0,4.0,16.0,,,4.0,,,4.0,3.0,0.0,1,2.0,1.0,1.0,1586.0,480.76,1.0,,,,,11175.2526,2844.8691,,,0.0,1.0,0,0,4924,1,,,3.0,,,,2770.5488,9370.0,430.0,-1,,,,,,,240050.0,2008,582,579,,,,,,14.0,1.0,51.0,2008,1.0,4,8,2,8400,84001,1,17,19500,115,,1.0,,2,1,63,,2,40,1,,1,1,4,2,57,57,57,1,0,0,1.0,1.0,,38.0,,38.0,,,,,,2.0,3.0,0.0,1,2.0,1.0,1.0,1530.0,740.0,1.0,,,,,14243.8263,3929.2132,0.0,0.0,1.0,1.0,0,0,920,1,,,3.0,,,,3890.1403,9370.0,5260.0,-1,,,,,,,240754.0,2009,594,579,0.0,0.0,0.0,0.0,0.0,14.0,17.0,51.0,2009,MIS4_to_MIS8,True,False,False
31691670960980,8,1.0,4,4,2,8400,84001,1,1,33,17,16980,0,1.0,1.0,1.0,7,1,51,,2,42,2,,1,1,1,7,2,57,57,57,1,0,0,1.0,5.0,,,,,,,,,,1.0,3.0,0.0,2,,,,,,,,,,,13092.6305,3146.715,3.0,1.0,,,0,0,8306,1,,,3.0,,,,3098.2205,9370.0,5400.0,-1,,,,,,,276907.0,2008,583,580,0.0,0.0,1.0,0.0,0.0,14.0,17.0,51.0,2008,1.0,4,8,2,8400,84001,1,17,16980,0,1.0,1.0,1.0,7,1,52,,2,42,2,,1,1,7,2,57,57,57,1,0,0,1.0,5.0,,,,,,,,,,1.0,3.0,0.0,2,,,,,,,,,,,8692.8861,2170.5254,3.0,1.0,,,0,0,8611,1,,,3.0,,,,2124.4365,9370.0,5700.0,-1,,,,,,,277833.0,2009,595,580,0.0,0.0,1.0,0.0,0.0,14.0,17.0,51.0,2009,MIS4_to_MIS8,True,False,False
33341670964595,8,2.0,1,4,2,8400,84001,1,1,33,17,16980,0,1.0,1.0,1.0,7,3,55,1.0,2,44,1,,2,1,2,1,2,57,57,57,1,0,0,1.0,1.0,,40.0,,40.0,,,,,,2.0,3.0,0.0,1,2.0,2.0,2.0,,442.3,1.0,,,,,12615.0952,3250.6441,0.0,0.0,0.0,,0,0,22030,2,,,,,,3.0,3202.8332,7860.0,2310.0,-1,,,,,,,276911.0,2008,583,580,0.0,0.0,0.0,0.0,0.0,18.0,8.0,40.0,2008,1.0,1,8,2,8400,84001,1,17,16980,0,1.0,1.0,1.0,7,3,56,1.0,2,43,1,,1,2,1,2,57,57,57,1,0,0,2.0,1.0,,40.0,,40.0,,,,,,2.0,3.0,0.0,1,2.0,2.0,2.0,,865.38,1.0,,,,,12375.2955,3104.9855,0.0,0.0,0.0,,0,0,52416,2,,,,2.0,,,3104.3756,7860.0,2310.0,-1,,,,,,,277837.0,2009,595,580,0.0,0.0,0.0,0.0,0.0,16.0,8.0,40.0,2009,MIS4_to_MIS8,True,False,False
193876404073729,8,2.0,1,4,2,8400,84001,1,1,33,17,16980,0,1.0,1.0,1.0,7,3,48,1.0,2,40,2,3.0,2,1,2,1,2,327,327,327,5,0,18,1.0,2.0,4.0,36.0,,,,,,,,5.0,3.0,0.0,1,2.0,2.0,2.0,,536.0,1.0,,,,,12046.8368,3276.5576,0.0,0.0,0.0,,0,0,59286,2,,,2.0,,,,3306.4658,7860.0,4030.0,-1,,,,,,,276967.0,2008,583,580,0.0,0.0,0.0,0.0,0.0,13.0,13.0,40.0,2008,2.0,1,8,2,8400,84001,1,17,16980,0,1.0,1.0,1.0,7,3,49,1.0,2,39,2,3.0,1,2,1,2,327,327,327,5,0,18,1.0,2.0,4.0,7.0,,,,,,,,10.0,3.0,0.0,1,2.0,1.0,1.0,1078.0,288.0,1.0,,,,,10727.4646,2768.4418,0.0,0.0,0.0,0.0,0,0,8613,2,1.0,,,,,,2825.9009,7860.0,4050.0,-1,,,,,,,277901.0,2009,595,580,0.0,0.0,0.0,0.0,0.0,12.0,13.0,40.0,2009,MIS4_to_MIS8,True,False,False
530673095416439,8,1.0,1,4,2,8400,84001,1,1,33,17,16980,0,1.0,1.0,1.0,7,1,55,2.0,1,43,2,,1,1,1,1,2,57,57,57,1,0,0,1.0,4.0,,,,,,,,14.0,2.0,11.0,3.0,0.0,2,,,,,,,,,,,9766.5029,3789.3433,0.0,0.0,,,0,0,18553,1,,,,2.0,,,3604.6245,9480.0,2000.0,-1,4.0,,,,,,277083.0,2008,583,580,0.0,0.0,0.0,0.0,0.0,16.0,6.0,51.0,2008,1.0,1,8,2,8400,84001,1,17,16980,0,1.0,1.0,1.0,7,1,56,2.0,1,43,2,,1,1,1,2,57,57,57,1,0,0,2.0,4.0,,,,,,,,65.0,2.0,11.0,3.0,0.0,2,,,,,,,,,,,10660.1165,2207.9996,0.0,0.0,,,0,0,34991,1,,,,2.0,,,2238.8077,9480.0,2000.0,-1,4.0,,,,,,278004.0,2009,595,580,0.0,0.0,0.0,0.0,0.0,16.0,6.0,51.0,2009,MIS4_to_MIS8,True,False,False
606904881797877,8,2.0,1,4,2,8400,84001,1,1,33,17,16980,0,1.0,1.0,2.0,7,3,46,1.0,2,43,1,,2,1,2,1,2,301,301,301,4,0,7,1.0,2.0,4.0,10.0,,,,,,,,10.0,2.0,0.0,1,2.0,1.0,1.0,700.0,69.44,2.0,2.0,,,,11564.5568,2947.7398,10.0,3.0,0.0,0.0,0,0,34989,2,,,,2.0,,,2914.7127,7860.0,3940.0,-1,,,,,,,277109.0,2008,583,580,0.0,0.0,1.0,1.0,0.0,16.0,12.0,40.0,2008,2.0,1,8,2,8400,84001,1,17,16980,0,1.0,1.0,2.0,7,3,47,1.0,2,43,1,,1,2,1,2,301,301,301,4,0,7,1.0,2.0,4.0,10.0,,,,,,,,10.0,3.0,0.0,1,2.0,2.0,2.0,,100.0,2.0,2.0,,,,11983.2545,2953.3595,10.0,3.0,0.0,,0,0,35032,2,,,,2.0,,,2987.7042,7860.0,3940.0,-1,,,,,,,278032.0,2009,595,580,0.0,0.0,1.0,1.0,0.0,16.0,12.0,40.0,2009,MIS4_to_MIS8,True,False,True
671138006909096,8,1.0,4,4,2,8400,84001,1,1,33,17,40420,0,1.0,1.0,,3,1,23,,2,35,1,4.0,1,1,1,7,2,57,57,57,1,0,0,1.0,1.0,,40.0,,39.0,,,,,,2.0,2.0,0.0,1,2.0,1.0,1.0,800.0,340.0,2.0,2.0,2.0,,,11314.2562,2637.5404,5.0,3.0,0.0,0.0,0,0,43525,1,,,,,,,2754.3528,7580.0,8960.0,-1,,,,,,,277141.0,2008,583,580,1.0,1.0,0.0,0.0,1.0,9.0,21.0,38.0,2008,1.0,4,8,2,8400,84001,1,17,40420,0,1.0,1.0,,3,1,24,,2,35,1,4.0,1,1,3,2,57,57,57,1,0,0,1.0,4.0,,,,,,,,5.0,2.0,11.0,2.0,0.0,2,,,,,,,,2.0,,,8923.7846,2451.2382,5.0,3.0,,,0,0,56043,1,,,,,,,2512.9946,2880.0,8220.0,-1,,,,,,,278062.0,2009,595,580,1.0,1.0,0.0,0.0,1.0,9.0,21.0,6.0,2009,MIS4_to_MIS8,True,False,False
871847086907697,8,1.0,1,4,2,8400,84001,1,1,33,17,16980,0,1.0,1.0,2.0,7,3,54,1.0,2,44,1,,2,1,2,1,2,57,57,57,1,0,0,2.0,2.0,4.0,50.0,,,,,,,,5.0,2.0,0.0,1,2.0,2.0,2.0,,2307.0,1.0,,,,,12324.5321,3139.6105,0.0,0.0,1.0,,0,0,34988,2,,,,,,3.0,3106.2556,7860.0,2310.0,-1,,,,,,,277218.0,2008,583,580,0.0,0.0,0.0,0.0,0.0,18.0,8.0,40.0,2008,1.0,1,8,2,8400,84001,1,17,16980,0,1.0,1.0,2.0,7,3,55,1.0,2,44,1,,1,2,1,2,57,57,57,1,0,0,2.0,2.0,4.0,50.0,,,,,,,,5.0,3.0,0.0,1,2.0,2.0,2.0,,1634.61,1.0,,,,,12375.2955,3104.9855,0.0,0.0,0.0,,0,0,22510,2,,,,,,2.0,3104.3756,7860.0,2310.0,-1,,,,,,,278143.0,2009,595,580,0.0,0.0,0.0,0.0,0.0,18.0,8.0,40.0,2009,MIS4_to_MIS8,True,False,True
106900621991807,8,1.0,1,4,2,8400,84001,1,1,33,17,16980,0,2.0,1.0,,7,3,58,1.0,1,33,1,,2,1,2,1,2,57,57,57,1,0,0,2.0,1.0,,40.0,,40.0,,,,,,2.0,3.0,0.0,1,2.0,,1.0,1502.0,600.8,1.0,,,,,10841.2844,2766.1563,0.0,0.0,1.0,1.0,0,0,22136,2,,,,,,,2773.6554,770.0,7340.0,-1,,,,,,,277353.0,2008,583,580,0.0,0.0,0.0,0.0,0.0,5.5,20.0,4.0,2008,1.0,1,8,2,8400,84001,1,17,16980,0,2.0,1.0,,7,3,59,1.0,1,33,1,,1,2,1,2,57,57,57,1,0,0,2.0,1.0,,40.0,,40.0,,,,,,2.0,3.0,0.0,1,2.0,,1.0,2500.0,1000.0,1.0,,,,,10779.032,2805.6127,0.0,0.0,0.0,0.0,0,0,22552,2,,,,,,,2793.5368,9370.0,4220.0,-1,,,,,,,278291.0,2009,595,580,0.0,0.0,0.0,0.0,0.0,5.5,14.0,51.0,2009,MIS4_to_MIS8,True,False,False
137838960329101,8,1.0,1,4,2,8400,84001,1,1,33,17,16980,0,2.0,1.0,,7,1,37,2.0,1,41,1,,1,1,1,1,2,120,120,120,4,0,5,1.0,1.0,,-4.0,4.0,24.0,,,4.0,,,4.0,3.0,0.0,1,2.0,2.0,2.0,,250.0,2.0,2.0,,,,10996.7694,2755.3989,8.0,2.0,1.0,,0,0,59284,1,,,3.0,,,,2753.8795,9470.0,3740.0,-1,,,,,,,277359.0,2008,583,580,0.0,1.0,1.0,0.0,1.0,14.0,12.0,51.0,2008,1.0,1,8,2,8400,84001,1,17,16980,0,2.0,1.0,,7,1,38,2.0,1,41,1,,1,1,1,2,120,120,120,4,0,5,1.0,1.0,,72.0,,72.0,,,,,,2.0,3.0,0.0,1,2.0,2.0,2.0,,1250.0,2.0,2.0,,,,11396.6992,2793.4945,11.0,3.0,0.0,,0,0,34985,1,,,3.0,,,,2835.2114,9470.0,3740.0,-1,,,,,,,278297.0,2009,595,580,1.0,1.0,1.0,0.0,1.0,14.0,12.0,51.0,2009,MIS4_to_MIS8,True,False,False
147970260280106,8,1.0,1,4,2,8400,84001,1,1,33,17,41180,163,2.0,1.0,,6,1,54,2.0,1,43,1,,1,1,1,1,2,57,57,57,1,0,0,1.0,1.0,,40.0,,50.0,,,,,,2.0,1.0,0.0,1,1.0,2.0,2.0,,1153.84,2.0,2.0,,,,11149.289,2777.6317,10.0,2.0,0.0,,0,0,32502,1,,,,1.0,1.0,,2779.4321,9590.0,800.0,-1,3.0,2.0,,,,,277363.0,2008,583,580,0.0,0.0,1.0,1.0,0.0,18.0,2.0,51.0,2008,1.0,1,8,2,8400,84001,1,17,41180,163,2.0,1.0,,6,1,55,2.0,1,43,1,,1,1,1,2,57,57,57,1,0,0,1.0,1.0,,45.0,,45.0,,,,,,2.0,1.0,0.0,1,2.0,2.0,2.0,,1365.38,1.0,,,,,10737.5305,2794.8105,10.0,2.0,0.0,,0,0,22667,1,,,,1.0,1.0,,2782.7811,9590.0,120.0,-1,3.0,2.0,,,,,278302.0,2009,595,580,0.0,0.0,1.0,1.0,0.0,18.0,1.0,51.0,2009,MIS4_to_MIS8,True,False,False
147970260280106,8,1.0,1,4,2,8400,84001,1,1,33,17,41180,163,2.0,1.0,,6,3,43,1.0,2,43,1,,2,1,2,1,2,57,57,57,1,0,0,2.0,2.0,4.0,40.0,,,,,,,,5.0,2.0,0.0,1,2.0,2.0,2.0,,1153.84,1.0,,,,,11832.4766,2953.3288,10.0,2.0,0.0,,0,0,32502,2,,,,1.0,1.0,,2970.4659,7860.0,2300.0,-1,,,,,,,277364.0,2008,583,580,0.0,0.0,1.0,1.0,0.0,18.0,8.0,40.0,2008,1.0,1,8,2,8400,84001,1,17,41180,163,2.0,1.0,,6,3,44,1.0,2,43,1,,1,2,1,2,57,57,57,1,0,0,2.0,2.0,4.0,45.0,,,,,,,,5.0,3.0,0.0,1,2.0,2.0,2.0,,1250.0,1.0,,,,,11408.1524,2890.2551,10.0,2.0,0.0,,0,0,22667,2,,,,1.0,1.0,,2913.5333,7860.0,2300.0,-1,,,,,,,278303.0,2009,595,580,0.0,0.0,1.0,1.0,0.0,18.0,8.0,40.0,2009,MIS4_to_MIS8,True,False,True
193756503043744,8,1.0,7,4,2,8400,84001,1,1,33,17,16980,0,2.0,1.0,,7,2,57,,2,39,4,,1,0,0,4,2,210,210,210,4,0,9,1.0,1.0,,40.0,,40.0,,,,,,2.0,2.0,0.0,1,2.0,,1.0,1655.0,662.0,1.0,,,,,10654.4562,2706.1226,,,1.0,1.0,0,42,52398,1,1.0,,,,,,2705.0486,8090.0,3600.0,-1,,,,,,,277401.0,2008,583,580,,,,,,12.0,11.0,42.0,2008,1.0,7,8,2,8400,84001,1,17,16980,0,2.0,1.0,,7,2,58,,2,38,4,,0,0,4,2,210,210,210,4,0,9,1.0,1.0,,-4.0,4.0,32.0,,,4.0,,,4.0,2.0,0.0,1,2.0,1.0,1.0,895.0,40.0,1.0,,,,,10633.9574,2626.3106,,,1.0,1.0,0,0,44936,1,,,,,,,2667.5564,8190.0,3600.0,-1,,,,,,,278333.0,2009,595,580,,,,,,12.0,11.0,41.0,2009,MIS4_to_MIS8,True,False,False
197736805088787,8,1.0,1,4,2,8400,84002,2,2,33,17,16980,0,2.0,1.0,,7,1,54,2.0,2,44,2,,1,1,1,1,2,57,57,57,1,0,0,1.0,1.0,,40.0,,40.0,,,,,,2.0,3.0,0.0,1,2.0,2.0,2.0,,1346.0,1.0,,,,,10855.6977,2923.6523,0.0,0.0,1.0,,0,0,52399,1,,,,,,2.0,2979.5367,7860.0,2310.0,-1,,,,,,,277432.0,2008,583,580,0.0,0.0,0.0,0.0,0.0,18.0,8.0,40.0,2008,1.0,1,8,2,8400,84002,2,17,16980,0,2.0,1.0,,7,1,55,2.0,2,44,2,,1,1,1,2,57,57,57,1,0,0,1.0,1.0,,40.0,,40.0,,,,,,2.0,3.0,0.0,1,2.0,2.0,2.0,,1346.0,1.0,,,,,8486.2359,2062.7916,0.0,0.0,1.0,,0,42,22397,1,,,,,,2.0,2094.7772,7860.0,2310.0,-1,,,,,,,278362.0,2009,595,580,0.0,0.0,0.0,0.0,0.0,18.0,8.0,40.0,2009,MIS4_to_MIS8,True,False,False
197766709050762,8,1.0,1,4,2,8400,84001,1,1,33,17,16980,0,2.0,1.0,,7,1,38,2.0,2,39,1,1.0,1,1,1,1,2,57,303,57,1,0,0,1.0,1.0,,32.0,,35.0,,,18.0,,,9.0,3.0,0.0,1,2.0,2.0,2.0,,480.76,1.0,,,,,10038.5868,2523.5115,10.0,3.0,0.0,,0,0,44956,1,1.0,,,,,,2520.1216,9470.0,3850.0,-1,,,,,,,277436.0,2008,583,580,0.0,0.0,1.0,1.0,0.0,12.0,12.0,51.0,2008,1.0,1,8,2,8400,84001,1,17,16980,0,2.0,1.0,,7,1,39,2.0,2,39,1,1.0,1,1,1,2,57,303,57,1,0,0,1.0,1.0,,32.0,,32.0,,,22.0,,,7.0,3.0,0.0,1,2.0,,1.0,728.0,232.96,2.0,2.0,,,,10540.5916,2704.4563,10.0,3.0,1.0,1.0,0,42,44935,1,1.0,,,,,,2691.9666,9470.0,3850.0,-1,,,,,,,278366.0,2009,595,580,0.0,0.0,1.0,1.0,0.0,12.0,12.0,51.0,2009,MIS4_to_MIS8,True,False,False
197766709050762,8,1.0,1,4,2,8400,84001,1,1,33,17,16980,0,2.0,1.0,,7,3,43,1.0,1,39,1,,2,1,2,1,2,57,57,57,1,0,0,2.0,1.0,,40.0,,40.0,,,,,,2.0,3.0,0.0,1,2.0,2.0,2.0,,769.23,1.0,,,,,11241.9889,2827.7784,10.0,3.0,0.0,,0,0,44956,2,1.0,,,,,,2815.2889,9470.0,3800.0,-1,3.0,2.0,,,,,277437.0,2008,583,580,0.0,0.0,1.0,1.0,0.0,12.0,12.0,51.0,2008,1.0,1,8,2,8400,84001,1,17,16980,0,2.0,1.0,,7,3,44,1.0,1,39,1,,1,2,1,2,57,57,57,1,0,0,2.0,1.0,,40.0,,40.0,,,,,,2.0,3.0,0.0,1,2.0,,1.0,1920.0,768.0,2.0,2.0,,,,11978.68,2948.0838,10.0,3.0,1.0,1.0,0,42,44935,2,1.0,,,,,,2979.9935,9470.0,3800.0,-1,3.0,2.0,,,,,278367.0,2009,595,580,0.0,0.0,1.0,1.0,0.0,12.0,12.0,51.0,2009,MIS4_to_MIS8,True,False,False
420879096216339,8,1.0,1,4,2,8400,84002,2,2,33,17,16980,0,2.0,1.0,,7,1,44,2.0,1,46,1,4.0,1,1,1,1,2,329,329,329,4,0,13,1.0,4.0,,,,,,,,50.0,5.0,11.0,3.0,0.0,2,,,,,,,,,,,12103.7889,2664.4337,10.0,2.0,,,0,0,56032,1,,,,,,,2707.6271,7860.0,2310.0,-1,,,,,,,277525.0,2008,583,580,0.0,0.0,1.0,1.0,0.0,18.0,8.0,40.0,2008,2.0,1,8,2,8400,84002,2,17,16980,0,2.0,1.0,,7,1,45,2.0,1,46,1,4.0,1,1,1,2,329,329,329,4,0,13,2.0,4.0,,,,,,,,117.0,2.0,11.0,3.0,0.0,2,,,,,,,,,,,10716.6527,2836.1419,4.0,2.0,,,0,0,52455,1,,,,,,,2835.2658,7860.0,2310.0,-1,,,,,,,278462.0,2009,595,580,0.0,0.0,0.0,1.0,0.0,18.0,8.0,40.0,2009,MIS4_to_MIS8,True,False,False
465198129700978,8,1.0,1,4,2,8400,84001,1,1,33,17,16980,0,2.0,1.0,,7,1,74,2.0,2,36,1,,1,1,1,1,2,57,57,57,1,0,0,1.0,1.0,,20.0,,8.0,,,21.0,,,7.0,3.0,0.0,1,2.0,,1.0,1000.0,200.0,2.0,1.0,,,,11059.1849,2720.4961,0.0,0.0,0.0,0.0,0,0,8357,1,,,,,,,2728.1086,7860.0,4600.0,-1,,,,,,,277537.0,2008,583,580,0.0,0.0,0.0,0.0,0.0,10.0,15.0,40.0,2008,1.0,1,8,2,8400,84001,1,17,16980,0,2.0,1.0,,7,1,75,2.0,2,36,1,,1,1,1,2,57,57,57,1,0,0,1.0,5.0,,,,,,,,,,1.0,5.0,0.0,2,,,,,,,,,,,11689.5972,2990.6592,0.0,0.0,,,0,0,22520,1,,,,,,,2940.3183,7860.0,3950.0,-1,,,,,,,278476.0,2009,595,580,0.0,0.0,0.0,0.0,0.0,10.0,12.0,40.0,2009,MIS4_to_MIS8,False,True,True
610709787835878,8,1.0,1,4,2,8400,84001,1,1,33,17,16980,0,2.0,1.0,,7,3,43,1.0,1,46,2,,2,1,2,1,2,57,57,57,1,0,0,2.0,1.0,,-4.0,,60.0,,,,,,2.0,1.0,0.0,1,2.0,1.0,1.0,6500.0,2500.0,2.0,2.0,,,,9508.4394,2465.6879,10.0,3.0,0.0,0.0,0,0,22014,2,,,,,,,2457.8985,9480.0,2100.0,-1,,,,,,,277584.0,2008,583,580,0.0,0.0,1.0,1.0,0.0,18.0,7.0,51.0,2008,1.0,1,8,2,8400,84001,1,17,16980,0,2.0,1.0,,7,3,44,1.0,1,46,2,,1,2,1,2,57,57,57,1,0,0,2.0,1.0,,60.0,,60.0,,,,,,2.0,1.0,0.0,1,2.0,2.0,2.0,,2500.0,2.0,2.0,,,,10882.7319,2804.5857,10.0,3.0,0.0,,0,0,34982,2,,,,,,,2755.4513,9480.0,2100.0,-1,,,,,,,278525.0,2009,595,580,0.0,0.0,1.0,1.0,0.0,18.0,7.0,51.0,2009,MIS4_to_MIS8,True,False,False
663199839700924,8,2.0,1,4,2,8400,84001,1,1,33,17,37900,179,2.0,1.0,,3,3,38,1.0,2,40,1,,2,1,2,1,2,57,57,57,1,0,0,1.0,1.0,,40.0,,48.0,,,,,,2.0,3.0,0.0,1,2.0,1.0,1.0,1150.0,538.46,2.0,2.0,,,,11036.0336,2778.0881,10.0,2.0,0.0,0.0,0,0,45094,2,,,3.0,,,,2770.5241,9470.0,5520.0,-1,,,,,,,277595.0,2008,583,580,0.0,0.0,1.0,1.0,0.0,14.0,17.0,51.0,2008,1.0,1,8,2,8400,84001,1,17,37900,179,2.0,1.0,,3,3,47,1.0,2,40,1,,1,2,1,2,57,57,57,1,0,0,2.0,4.0,,,,,,,,52.0,5.0,11.0,3.0,0.0,2,,,,,,,,,,,11101.7101,2788.5561,0.0,0.0,,,0,0,59258,2,,,1.0,,,,2814.8909,7860.0,4600.0,-1,,,,,,,278550.0,2009,595,580,0.0,0.0,0.0,0.0,0.0,12.0,15.0,40.0,2009,MIS4_to_MIS8,True,False,False
718390133280961,8,1.0,6,4,2,8400,84001,1,1,33,17,16980,0,2.0,1.0,,7,18,27,,1,43,1,,2,0,0,7,2,57,57,57,1,0,0,2.0,1.0,,40.0,,40.0,,,,,,2.0,3.0,0.0,1,2.0,2.0,2.0,,769.0,2.0,2.0,,,,12438.2451,3161.6569,,,1.0,,0,0,55992,2,,,,2.0,,,3172.8631,9470.0,3850.0,-1,,,,,,,277631.0,2008,583,580,,,,,,16.0,12.0,51.0,2008,1.0,6,8,2,8400,84001,1,17,16980,0,2.0,1.0,,7,18,28,,1,42,1,,0,0,7,2,57,57,57,1,0,0,2.0,1.0,,40.0,,40.0,,,,,,2.0,3.0,0.0,1,2.0,2.0,2.0,,646.0,2.0,2.0,,,,12607.7559,3095.2535,,,1.0,,0,0,66412,2,,,3.0,,,,3109.5611,9470.0,3850.0,-1,,,,,,,278582.0,2009,595,580,,,,,,14.0,12.0,51.0,2009,MIS4_to_MIS8,True,False,False
740873094716237,8,3.0,1,4,2,8400,84001,1,1,33,17,16980,0,2.0,1.0,,7,1,47,3.0,2,43,1,,1,1,1,1,2,57,57,57,1,0,0,2.0,3.0,,,,,3.0,,,3.0,1.0,11.0,3.0,0.0,2,,,,,,,,,,,12760.2474,2738.782,0.0,0.0,,,0,0,55991,1,,,,1.0,1.0,,2758.8454,7860.0,2320.0,-1,,,,,,,277645.0,2008,583,580,0.0,0.0,0.0,0.0,0.0,18.0,8.0,40.0,2008,3.0,1,8,2,8400,84001,1,17,16980,0,2.0,1.0,,7,1,48,3.0,2,43,1,,1,1,1,2,57,57,57,1,0,0,2.0,2.0,4.0,40.0,,,,,,,,5.0,3.0,0.0,1,2.0,2.0,2.0,,1346.15,1.0,,,,,11358.2967,2799.3341,0.0,0.0,0.0,,0,0,52405,1,,,,2.0,,,2831.8877,7860.0,2330.0,-1,,,,,,,278600.0,2009,595,580,0.0,0.0,0.0,0.0,0.0,16.0,8.0,40.0,2009,MIS4_to_MIS8,True,False,False
789000066270961,8,1.0,1,4,2,8400,84001,1,1,33,17,16980,0,2.0,1.0,,7,1,53,2.0,1,44,1,,1,1,1,1,2,57,57,109,1,0,0,1.0,1.0,,60.0,4.0,1.0,,,4.0,,,4.0,2.0,0.0,1,2.0,2.0,2.0,,1700.0,1.0,,,,,10929.3802,2722.8456,0.0,0.0,0.0,,0,0,35029,1,,,,,,1.0,2724.6106,7860.0,2310.0,-1,,,,,,,277683.0,2008,583,580,0.0,0.0,0.0,0.0,0.0,17.0,8.0,40.0,2008,1.0,1,8,2,8400,84001,1,17,16980,0,2.0,1.0,,7,1,54,2.0,1,43,1,,1,1,1,2,57,57,109,1,0,0,1.0,1.0,,60.0,3.0,24.0,,,3.0,,,3.0,3.0,0.0,1,2.0,2.0,2.0,,1350.0,1.0,,,,,11653.2999,2873.1913,0.0,0.0,0.0,,0,0,22551,1,,,,2.0,,,2888.2936,7860.0,2310.0,6420,,,,,,,278626.0,2009,595,580,0.0,0.0,0.0,0.0,0.0,16.0,8.0,40.0,2009,MIS4_to_MIS8,True,False,True
847369960329102,8,1.0,7,4,2,8400,84001,1,1,33,17,16980,0,2.0,1.0,,7,2,73,,2,39,1,,1,0,0,4,2,57,57,57,1,0,0,1.0,1.0,,40.0,,40.0,,,,,,2.0,1.0,0.0,1,2.0,,1.0,921.0,368.4,2.0,2.0,,,,11059.1849,2720.4961,,,1.0,1.0,0,0,22157,1,1.0,,,,,,2728.1086,8190.0,3600.0,-1,,,,,,,277721.0,2008,583,580,,,,,,12.0,11.0,41.0,2008,1.0,4,8,2,8400,84001,1,17,16980,0,2.0,1.0,,7,1,74,,2,39,1,,1,1,4,2,57,57,57,1,0,0,1.0,1.0,,40.0,,40.0,,,,,,2.0,1.0,0.0,1,2.0,2.0,2.0,,576.92,2.0,2.0,,,,11272.4683,2779.4934,0.0,0.0,0.0,,0,0,4942,1,1.0,,,,,,2772.5011,8190.0,3130.0,-1,,,,,,,278656.0,2009,595,580,0.0,0.0,0.0,0.0,0.0,12.0,10.0,41.0,2009,MIS4_to_MIS8,True,False,False
192956000068729,8,1.0,4,4,2,8400,84001,1,1,33,17,0,0,3.0,2.0,,0,1,36,,2,40,1,,1,1,1,5,2,57,57,57,1,0,0,1.0,1.0,,72.0,,84.0,,,,,,2.0,3.0,0.0,1,1.0,2.0,2.0,,784.61,1.0,,,,,10862.108,2734.306,3.0,1.0,0.0,,0,0,43524,1,,,3.0,,,,2726.8612,8180.0,3400.0,3400,,,,,,,277847.0,2008,583,580,0.0,0.0,1.0,0.0,0.0,14.0,10.0,42.0,2008,1.0,4,8,2,8400,84001,1,17,0,0,3.0,2.0,,0,1,37,,2,40,1,,1,1,5,2,57,57,57,1,0,0,1.0,1.0,,60.0,,96.0,,,,,,2.0,3.0,0.0,1,1.0,2.0,2.0,,800.0,1.0,,,,,11839.7346,2987.1283,4.0,1.0,0.0,,0,0,63284,1,,,3.0,,,,3023.7553,8180.0,3400.0,-1,,,,,,,278789.0,2009,595,580,0.0,0.0,0.0,1.0,0.0,14.0,10.0,42.0,2009,MIS4_to_MIS8,True,False,False
267190229700977,8,1.0,4,4,2,8400,84001,1,1,33,17,0,0,3.0,2.0,,0,1,42,,2,42,1,,1,1,1,5,2,57,57,57,1,0,0,1.0,1.0,,38.0,,35.0,,,,,,2.0,2.0,0.0,1,2.0,2.0,2.0,,1288.46,1.0,,,,,11645.9993,2906.785,4.0,1.0,0.0,,0,0,45095,1,,,3.0,,,,2923.652,770.0,5860.0,-1,,,,,,,277867.0,2008,583,580,0.0,0.0,0.0,1.0,0.0,14.0,17.0,4.0,2008,1.0,4,8,2,8400,84001,1,17,0,0,3.0,2.0,,0,1,43,,2,42,1,,1,1,5,2,57,57,57,1,0,0,1.0,1.0,,38.0,8.0,22.0,,,8.0,,,4.0,2.0,0.0,1,2.0,1.0,1.0,800.0,1338.46,1.0,,,,,11768.9435,2981.6615,4.0,1.0,0.0,1.0,0,0,4983,1,,,3.0,,,,3005.6759,770.0,1550.0,-1,,,,,,,278812.0,2009,595,580,0.0,0.0,0.0,1.0,0.0,14.0,4.0,4.0,2009,MIS4_to_MIS8,True,False,False
610706995898298,8,1.0,7,4,2,8400,84001,1,1,33,17,0,0,3.0,2.0,,0,2,52,,2,43,1,,1,0,0,5,2,57,57,57,1,0,0,1.0,1.0,,37.0,4.0,27.0,,,4.0,,,4.0,2.0,0.0,1,2.0,2.0,2.0,,656.76,2.0,2.0,,,,11497.1845,2928.848,,,0.0,,0,0,8363,1,,,,2.0,,,2897.7323,7870.0,620.0,-1,,,,,,,277909.0,2008,583,580,,,,,,16.0,2.0,40.0,2008,1.0,7,8,2,8400,84001,1,17,0,0,3.0,2.0,,0,2,53,,2,43,1,,0,0,5,2,57,57,57,1,0,0,1.0,1.0,,37.0,4.0,29.0,,,4.0,,,4.0,2.0,0.0,1,2.0,2.0,2.0,,676.61,2.0,2.0,,,,11387.6478,2813.471,,,0.0,,0,0,8696,1,,,,2.0,,,2839.2056,7870.0,530.0,-1,,,,,,,278847.0,2009,595,580,,,,,,16.0,2.0,40.0,2009,MIS4_to_MIS8,True,False,False
689087982169590,8,2.0,1,4,2,8400,84001,1,1,33,17,0,0,3.0,2.0,,0,1,38,2.0,1,39,1,,1,1,1,1,2,57,57,57,1,0,0,2.0,1.0,,40.0,,40.0,,,,,,2.0,2.0,0.0,1,2.0,2.0,2.0,,415.0,2.0,2.0,,,,11041.2403,2766.5417,3.0,2.0,1.0,,0,42,35007,1,1.0,,,,,,2765.0161,4870.0,9620.0,-1,,,,,,,277913.0,2008,583,580,0.0,0.0,1.0,0.0,0.0,12.0,22.0,22.0,2008,1.0,1,8,2,8400,84001,1,17,0,0,3.0,2.0,,0,1,39,2.0,1,39,1,,1,1,1,2,57,57,57,1,0,0,1.0,1.0,,40.0,,40.0,,,,,,2.0,2.0,0.0,1,2.0,,1.0,800.0,320.0,1.0,,,,,11711.8609,2870.7451,3.0,2.0,1.0,1.0,0,0,8698,1,1.0,,,,,,2913.6157,770.0,7350.0,-1,,,,,,,278852.0,2009,595,580,0.0,0.0,1.0,0.0,0.0,12.0,20.0,4.0,2009,MIS4_to_MIS8,True,False,False
194936902037799,8,2.0,1,4,2,8400,84001,1,1,33,17,14060,113,,1.0,,2,3,52,1.0,2,45,1,,2,1,2,1,2,57,57,57,1,0,0,1.0,1.0,,40.0,8.0,15.0,,,8.0,,,4.0,2.0,0.0,1,2.0,,1.0,1867.0,746.8,2.0,2.0,,,,11538.6051,2939.3997,4.0,1.0,1.0,1.0,0,42,22190,2,,,,,,,2908.1718,7870.0,230.0,-1,,,,,,,277976.0,2008,583,580,0.0,0.0,0.0,1.0,0.0,18.0,1.0,40.0,2008,2.0,1,8,2,8400,84001,1,17,14060,113,,1.0,,2,3,53,1.0,2,46,1,,1,2,1,2,57,57,57,1,0,0,1.0,1.0,,38.0,4.0,33.0,,,4.0,,,4.0,2.0,0.0,1,2.0,2.0,2.0,,1346.15,2.0,2.0,,,,11067.4703,2734.3669,4.0,1.0,0.0,,0,0,22607,2,,,,,,,2759.3779,7870.0,230.0,-1,,,,,,,278904.0,2009,595,580,0.0,0.0,0.0,1.0,0.0,18.0,1.0,40.0,2009,MIS4_to_MIS8,True,False,False
669191759700918,8,1.0,1,4,2,8400,84001,1,1,33,17,16580,0,,1.0,,2,1,53,2.0,1,46,1,,1,1,1,1,2,57,57,57,1,0,0,1.0,1.0,,50.0,4.0,4.0,,,4.0,,,4.0,2.0,0.0,1,2.0,2.0,2.0,,921.15,2.0,2.0,,,,11278.567,2809.8388,0.0,0.0,0.0,,0,0,44903,1,,,,,,,2811.6601,7870.0,1650.0,-1,,,,,,,278044.0,2008,583,580,0.0,0.0,0.0,0.0,0.0,18.0,5.0,40.0,2008,1.0,1,8,2,8400,84001,1,17,16580,0,,1.0,,2,1,54,2.0,1,46,1,,1,1,1,2,57,57,57,1,0,0,1.0,1.0,,55.0,,52.0,,,,,,2.0,2.0,0.0,1,2.0,2.0,2.0,,1269.23,2.0,2.0,,,,11743.0343,2895.3158,0.0,0.0,0.0,,0,0,34866,1,,,,,,,2910.5344,7870.0,2200.0,-1,,,,,,,278966.0,2009,595,580,0.0,0.0,0.0,0.0,0.0,18.0,8.0,40.0,2009,MIS4_to_MIS8,True,False,False
669191759700918,8,1.0,1,4,2,8400,84001,1,1,33,17,16580,0,,1.0,,2,4,22,,1,40,1,,3,1,3,7,2,57,57,57,1,0,0,2.0,1.0,,20.0,,30.0,,,20.0,,,7.0,2.0,0.0,1,2.0,,1.0,1000.0,150.0,2.0,2.0,1.0,1.0,2.0,14631.706,3552.6053,,,0.0,0.0,0,0,44903,3,,,4.0,,,,3600.6518,5370.0,5620.0,-1,,,,,2.0,1.0,278046.0,2008,583,580,,,,,,15.0,17.0,22.0,2008,1.0,1,8,2,8400,84001,1,17,16580,0,,1.0,,2,4,23,,1,43,1,,1,3,7,2,57,57,57,1,0,0,2.0,1.0,,15.0,,35.0,,,20.0,,,9.0,2.0,0.0,1,2.0,,1.0,875.0,131.25,2.0,2.0,2.0,,,14050.3245,3313.0948,,,0.0,0.0,0,0,34866,3,,,,1.0,2.0,,3385.5404,7870.0,2440.0,-1,,,,,2.0,1.0,278968.0,2009,595,580,,,,,,17.0,8.0,40.0,2009,MIS4_to_MIS8,True,False,False
740870092416679,8,1.0,6,4,2,8400,84001,1,1,33,17,14060,113,,1.0,,2,2,57,,1,44,1,,1,0,0,5,2,57,57,57,1,0,0,1.0,1.0,,40.0,,40.0,,,,,,2.0,2.0,0.0,1,2.0,2.0,2.0,,1700.0,1.0,,,,,11187.6566,2854.5333,,,1.0,,0,42,22188,1,,,,,,2.0,2862.272,7870.0,2200.0,-1,,,,,,,278061.0,2008,583,580,,,,,,18.0,8.0,40.0,2008,1.0,6,8,2,8400,84001,1,17,14060,113,,1.0,,2,2,58,,1,44,1,,0,0,5,2,57,57,57,1,0,0,1.0,1.0,,40.0,,40.0,,,,,,2.0,2.0,0.0,1,2.0,2.0,2.0,,1153.84,1.0,,,,,10862.0342,2827.2168,,,0.0,,0,0,35117,1,,,,,,2.0,2815.0479,7870.0,2200.0,-1,,,,,,,278977.0,2009,595,580,,,,,,18.0,8.0,40.0,2009,MIS4_to_MIS8,True,False,False
789200477460961,8,2.0,1,4,2,8400,84001,1,1,33,17,14060,113,,1.0,,2,1,59,2.0,1,41,1,,1,1,1,1,2,57,57,57,1,0,0,2.0,1.0,,40.0,,48.0,,,,,,2.0,1.0,0.0,1,1.0,1.0,1.0,2300.0,961.53,1.0,,,,,11187.6566,2854.5333,0.0,0.0,0.0,1.0,0,0,22187,1,,,3.0,,,,2862.272,6370.0,5560.0,-1,,,,,,,278065.0,2008,583,580,0.0,0.0,0.0,0.0,0.0,14.0,17.0,23.0,2008,1.0,1,8,2,8400,84001,1,17,14060,113,,1.0,,2,1,60,2.0,1,42,1,,1,1,1,2,57,57,57,1,0,0,1.0,1.0,,40.0,,42.0,,,,,,2.0,1.0,0.0,1,1.0,1.0,1.0,2500.0,1250.0,1.0,,,,,10047.3787,2625.7487,0.0,0.0,0.0,0.0,0,0,22606,1,,,3.0,,,,2656.3368,6370.0,5540.0,-1,,,,,,,278983.0,2009,595,580,0.0,0.0,0.0,0.0,0.0,14.0,17.0,23.0,2009,MIS4_to_MIS8,True,False,False
100974098217569,9,1.0,4,4,2,8400,84001,1,1,33,17,16980,0,1.0,1.0,,7,1,42,,2,40,1,,1,1,1,5,2,57,57,57,1,0,0,1.0,1.0,,60.0,,60.0,,,,,,2.0,3.0,0.0,1,2.0,2.0,2.0,,1307.0,2.0,2.0,,,,12198.4473,3028.1,4.0,1.0,1.0,,0,42,65970,1,,,1.0,,,,3062.0491,9470.0,5520.0,-1,,,,,,,314537.0,2008,584,581,0.0,0.0,0.0,1.0,0.0,12.0,17.0,51.0,2008,3.0,4,8,2,8400,84001,1,17,16980,0,1.0,1.0,,7,1,43,,2,41,1,,1,1,5,2,57,57,57,1,0,0,2.0,1.0,,60.0,,50.0,,,,,,2.0,4.0,0.0,1,2.0,2.0,2.0,,1153.0,1.0,,,,,12061.5383,2972.9846,4.0,1.0,1.0,,0,42,57816,1,,,4.0,,,,3023.8066,8180.0,5520.0,-1,,,,,,,315814.0,2009,596,581,0.0,0.0,0.0,1.0,0.0,15.0,17.0,42.0,2009,MIS4_to_MIS8,False,True,True
571389017906795,9,1.0,1,4,2,8400,84001,1,1,33,17,16980,0,1.0,1.0,1.0,7,3,37,1.0,1,43,4,,2,1,2,1,2,233,233,233,4,0,19,2.0,1.0,,40.0,,52.0,,,,,,2.0,1.0,0.0,1,1.0,1.0,1.0,2050.0,725.0,1.0,,,,,14631.2989,3575.0365,8.0,2.0,0.0,0.0,0,0,17515,2,,,,2.0,,,3616.6259,6370.0,5550.0,9130,,,,,5.0,1.0,314685.0,2008,584,581,0.0,1.0,1.0,0.0,1.0,16.0,17.0,23.0,2008,5.0,1,8,2,8400,84001,1,17,16980,0,1.0,1.0,1.0,7,3,38,1.0,1,43,4,,1,2,1,2,233,233,233,4,0,19,2.0,1.0,,40.0,,44.0,,,,,,2.0,1.0,0.0,1,1.0,,1.0,2100.0,903.0,1.0,,,,,15288.6858,3761.7727,8.0,2.0,0.0,0.0,0,0,17968,2,,,,2.0,,,3808.0929,6370.0,5550.0,-1,,,,,5.0,1.0,315952.0,2009,596,581,0.0,1.0,1.0,0.0,1.0,16.0,17.0,23.0,2009,MIS4_to_MIS8,True,False,False
671807047903098,9,1.0,4,4,2,8400,84001,1,1,33,17,16980,0,1.0,1.0,1.0,7,1,35,,2,38,2,,1,1,1,7,2,57,57,57,1,0,0,1.0,1.0,,30.0,,20.0,,,19.0,,,7.0,2.0,0.0,1,2.0,2.0,2.0,,92.3,2.0,2.0,,,,12883.9326,3331.4716,10.0,5.0,0.0,,0,0,30038,1,,,,,,,3371.2014,8470.0,4600.0,-1,,,,,,,314704.0,2008,584,581,0.0,0.0,1.0,1.0,0.0,12.0,15.0,43.0,2008,2.0,4,8,2,8400,84001,1,17,16980,0,1.0,1.0,1.0,7,1,36,,2,39,2,,1,1,7,2,57,57,57,1,0,0,2.0,1.0,,40.0,,40.0,,,,,,2.0,2.0,0.0,1,2.0,2.0,2.0,,500.0,2.0,2.0,,,,14986.0794,3929.7934,6.0,5.0,0.0,,0,0,53998,1,1.0,,,,,,3924.0158,9480.0,4600.0,-1,,,,,,,315968.0,2009,596,581,1.0,0.0,1.0,0.0,1.0,12.0,15.0,51.0,2009,MIS4_to_MIS8,True,False,False
799240533190971,9,1.0,1,4,2,8400,84001,1,1,33,17,16980,0,1.0,1.0,3.0,7,1,36,2.0,1,39,1,,1,1,1,1,2,57,57,57,1,0,0,1.0,1.0,,40.0,,60.0,,,,,,2.0,3.0,0.0,1,2.0,2.0,2.0,,576.0,1.0,,,,,14324.0236,3522.9025,7.0,5.0,1.0,,0,42,41539,1,1.0,,,,,,3540.6723,9470.0,3820.0,2720,,,,,,,314751.0,2008,584,581,1.0,0.0,0.0,1.0,1.0,12.0,12.0,51.0,2008,1.0,1,8,2,8400,84001,1,17,16980,0,1.0,1.0,3.0,7,1,37,2.0,1,39,1,,1,1,1,2,57,57,57,1,0,0,1.0,1.0,,40.0,,40.0,,,,,,2.0,2.0,0.0,1,2.0,2.0,2.0,,615.0,1.0,,,,,12371.2947,3022.2442,12.0,5.0,1.0,,0,42,18253,1,1.0,,,,,,3081.4316,9470.0,3850.0,-1,,,,,,,316015.0,2009,596,581,1.0,1.0,0.0,1.0,1.0,12.0,12.0,51.0,2009,MIS4_to_MIS8,True,False,True
799840216050971,9,1.0,4,4,2,8400,84001,1,1,33,17,16980,0,1.0,1.0,,7,1,65,,2,39,1,,1,1,1,4,2,57,57,127,1,0,0,1.0,1.0,,10.0,,10.0,,,21.0,,,7.0,3.0,0.0,1,2.0,,1.0,1356.0,135.6,2.0,2.0,,,,10931.8319,2856.1251,0.0,0.0,0.0,0.0,0,0,30086,1,1.0,,,,,,2863.2817,7860.0,4600.0,-1,,,,,,,314759.0,2008,584,581,0.0,0.0,0.0,0.0,0.0,12.0,15.0,40.0,2008,1.0,4,8,2,8400,84001,1,17,16980,0,1.0,1.0,,7,1,66,,2,39,1,,1,1,4,2,57,57,127,1,0,0,1.0,5.0,,,,,,,,,,1.0,3.0,0.0,2,,,,,,,,,,,11755.0689,3003.0596,0.0,0.0,,,0,0,31984,1,1.0,,,,,,2926.8877,7860.0,4600.0,-1,,,,,,,316023.0,2009,596,581,0.0,0.0,0.0,0.0,0.0,12.0,15.0,40.0,2009,MIS4_to_MIS8,True,False,False
947839870459106,9,1.0,7,4,2,8400,84001,1,1,33,17,16980,0,1.0,1.0,1.0,7,2,57,,2,39,1,2.0,1,0,0,4,2,57,73,73,1,0,0,1.0,1.0,,35.0,,35.0,,,,,,2.0,3.0,0.0,1,2.0,2.0,2.0,,788.46,1.0,,,,,10803.7732,2762.4608,,,0.0,,0,0,49221,1,1.0,,,,,,2695.3874,7860.0,5140.0,-1,,,,,,,314822.0,2008,584,581,,,,,,12.0,17.0,40.0,2008,1.0,7,8,2,8400,84001,1,17,16980,0,1.0,1.0,1.0,7,2,58,,2,39,1,2.0,0,0,4,2,57,73,73,1,0,0,1.0,1.0,,35.0,,35.0,,,,,,2.0,3.0,0.0,1,2.0,2.0,2.0,,379.0,1.0,,,,,13017.5778,3274.1137,,,1.0,,0,0,57797,1,1.0,,,,,,3284.3096,7860.0,5140.0,-1,,,,,,,316083.0,2009,596,581,,,,,,12.0,17.0,40.0,2009,MIS4_to_MIS8,True,False,False
968007952179410,9,1.0,1,4,2,8400,84001,1,1,33,17,16980,0,1.0,1.0,,7,1,61,2.0,1,44,1,,1,1,1,1,2,57,57,108,1,0,0,2.0,1.0,,40.0,,45.0,,,,,,2.0,3.0,0.0,1,2.0,2.0,2.0,,2000.0,1.0,,,,,13532.9694,3240.6354,0.0,0.0,0.0,,0,0,41428,1,,,,,,1.0,3276.5949,7870.0,2200.0,2200,,,,,,,314826.0,2008,584,581,0.0,0.0,0.0,0.0,0.0,17.0,8.0,40.0,2008,2.0,1,8,2,8400,84001,1,17,16980,0,1.0,1.0,,7,1,62,2.0,1,44,1,,1,1,1,2,57,57,108,1,0,0,2.0,1.0,,30.0,6.0,29.0,,,6.0,,,4.0,3.0,0.0,1,2.0,2.0,2.0,,2019.23,1.0,,,,,12309.5927,3072.8787,0.0,0.0,0.0,,0,0,29165,1,,,,,,1.0,3144.5597,7870.0,2200.0,2850,,,,,,,316097.0,2009,596,581,0.0,0.0,0.0,0.0,0.0,17.0,8.0,40.0,2009,MIS4_to_MIS8,True,False,False
968007952179410,9,1.0,1,4,2,8400,84001,1,1,33,17,16980,0,1.0,1.0,,7,3,55,1.0,2,44,1,,2,1,2,1,2,57,57,57,1,0,0,1.0,1.0,,45.0,,45.0,,,,,,2.0,3.0,0.0,1,2.0,2.0,2.0,,2019.23,2.0,2.0,,,,11108.0,2784.7568,0.0,0.0,0.0,,0,0,41428,2,,,,,,1.0,2771.2877,6770.0,230.0,-1,,,,,,,314827.0,2008,584,581,0.0,0.0,0.0,0.0,0.0,17.0,1.0,31.0,2008,2.0,1,8,2,8400,84001,1,17,16980,0,1.0,1.0,,7,3,56,1.0,2,44,1,,1,2,1,2,57,57,57,1,0,0,1.0,1.0,,45.0,4.0,27.0,,,4.0,,,4.0,3.0,0.0,1,2.0,2.0,2.0,,2057.69,2.0,2.0,,,,11412.8655,2850.9333,0.0,0.0,0.0,,0,0,29165,2,,,,,,1.0,2879.4438,6770.0,430.0,-1,,,,,,,316098.0,2009,596,581,0.0,0.0,0.0,0.0,0.0,17.0,1.0,31.0,2009,MIS4_to_MIS8,True,False,False
85461770978473,9,1.0,1,4,2,8400,84001,1,1,33,17,16980,0,2.0,1.0,,7,3,60,1.0,2,43,1,,2,1,2,1,2,57,57,57,1,0,0,2.0,1.0,,40.0,,40.0,,,,,,2.0,3.0,0.0,1,2.0,2.0,2.0,,557.0,2.0,2.0,,,,10924.7624,2725.9062,0.0,0.0,1.0,,0,0,17501,2,,,,1.0,1.0,,2684.352,7860.0,5700.0,-1,,,,,,,314891.0,2008,584,581,0.0,0.0,0.0,0.0,0.0,18.0,17.0,40.0,2008,1.0,1,8,2,8400,84001,1,17,16980,0,2.0,1.0,,7,3,61,1.0,2,43,1,,1,2,1,2,57,57,57,1,0,0,2.0,1.0,,38.0,6.0,32.0,,,6.0,,,4.0,3.0,0.0,1,2.0,2.0,2.0,,576.92,1.0,,,,,11760.0398,2843.7711,0.0,0.0,0.0,,0,0,31917,2,,,,2.0,,,2923.2081,7860.0,5700.0,-1,,,,,,,316174.0,2009,596,581,0.0,0.0,0.0,0.0,0.0,16.0,17.0,40.0,2009,MIS4_to_MIS8,True,False,False
193777404073726,9,2.0,3,4,2,8400,84001,1,1,33,17,16980,0,2.0,1.0,,7,6,64,,2,38,2,,2,1,4,7,2,57,57,57,1,0,0,1.0,1.0,,35.0,,35.0,,,,,,2.0,3.0,0.0,1,2.0,1.0,1.0,825.0,200.0,2.0,2.0,,,,10386.937,2501.0103,,,0.0,0.0,0,0,30023,2,,,,,,,2555.4447,7870.0,4130.0,-1,,,,,,,314937.0,2008,584,581,,,,,,12.0,13.0,40.0,2008,2.0,3,8,2,8400,84001,1,17,16980,0,2.0,1.0,,7,6,65,,2,39,2,,1,4,7,2,57,57,57,1,0,0,1.0,1.0,,30.0,,30.0,,,22.0,,,7.0,3.0,0.0,1,1.0,1.0,1.0,825.0,230.76,2.0,2.0,,,,8319.6186,2350.7828,,,0.0,0.0,0,0,17951,2,1.0,,,,,,2426.5253,7870.0,4030.0,-1,,,,,,,316231.0,2009,596,581,,,,,,12.0,13.0,40.0,2009,MIS4_to_MIS8,True,False,False
196997003031758,9,4.0,1,4,0,8400,84002,2,2,33,17,16980,0,2.0,1.0,,7,1,47,2.0,2,43,1,,1,1,1,1,2,57,57,57,1,0,0,1.0,1.0,,40.0,,40.0,,,,,,2.0,2.0,0.0,1,2.0,2.0,2.0,,557.69,2.0,2.0,,,,11505.5081,2821.9006,10.0,3.0,0.0,,0,0,17619,1,,,,1.0,1.0,,2821.319,8470.0,230.0,-1,,,,,,,314959.0,2008,584,581,0.0,0.0,1.0,1.0,0.0,18.0,1.0,43.0,2008,4.0,1,8,2,8400,84002,2,17,16980,0,2.0,1.0,,7,1,48,2.0,2,43,1,,1,1,1,2,57,57,57,1,0,0,1.0,1.0,,40.0,5.0,16.0,,,5.0,,,4.0,5.0,0.0,1,2.0,2.0,2.0,,576.92,2.0,2.0,,,,11868.4037,2938.709,3.0,2.0,0.0,,0,0,31981,1,,,,2.0,,,2978.5819,8370.0,5930.0,-1,,,,,,,316252.0,2009,596,581,0.0,0.0,1.0,0.0,0.0,16.0,17.0,43.0,2009,MIS4_to_MIS8,False,True,True
673191938700037,9,1.0,1,4,2,8400,84001,1,1,33,17,16980,0,2.0,1.0,,7,1,39,2.0,1,43,1,,1,1,1,1,2,57,57,57,1,0,0,1.0,1.0,,-4.0,,48.0,,,,,,2.0,3.0,0.0,1,2.0,1.0,1.0,3900.0,923.0,1.0,,,,,12888.1493,3169.7584,2.0,2.0,1.0,1.0,0,0,41376,1,,,,2.0,,,3185.7469,9470.0,3740.0,-1,,,,,,,315147.0,2008,584,581,0.0,1.0,0.0,0.0,1.0,16.0,12.0,51.0,2008,1.0,1,8,2,8400,84001,1,17,16980,0,2.0,1.0,,7,1,40,2.0,1,43,1,,1,1,1,2,57,57,57,1,0,0,1.0,1.0,,-4.0,,48.0,,,,,,2.0,3.0,0.0,1,2.0,1.0,1.0,4288.0,1423.07,1.0,,,,,12522.721,3064.4684,8.0,2.0,0.0,1.0,0,0,42843,1,,,,2.0,,,3119.1488,9470.0,3400.0,-1,,,,,,,316427.0,2009,596,581,0.0,1.0,1.0,0.0,1.0,16.0,10.0,51.0,2009,MIS4_to_MIS8,True,False,False
710709703091936,9,1.0,1,4,2,8400,84001,1,1,33,17,16980,0,2.0,1.0,,7,3,38,1.0,2,44,4,,2,1,2,1,2,238,238,238,5,0,16,2.0,1.0,,40.0,,40.0,,,,,,2.0,2.0,0.0,1,2.0,2.0,2.0,,961.0,2.0,2.0,,,,16573.2712,4209.7853,0.0,0.0,1.0,,0,0,41371,2,,,,,,2.0,4160.2156,7870.0,230.0,-1,,,,,,,315160.0,2008,584,581,0.0,0.0,0.0,0.0,0.0,18.0,1.0,40.0,2008,2.0,7,8,2,8400,84001,1,17,16980,0,2.0,1.0,,7,2,39,,2,44,4,,0,0,3,2,238,238,238,5,0,16,1.0,1.0,,40.0,,40.0,,,,,,2.0,4.0,0.0,1,2.0,2.0,2.0,,1380.0,2.0,1.0,,,,15554.3293,3778.0231,,,1.0,,0,0,50490,2,,,,,,2.0,3899.4432,7870.0,2430.0,-1,,,,,,,316443.0,2009,596,581,,,,,,18.0,8.0,40.0,2009,MIS4_to_MIS8,False,True,True
710709863719303,9,2.0,1,4,2,8400,84001,1,1,33,17,16980,0,2.0,1.0,,7,3,46,1.0,2,43,1,,2,1,2,1,2,57,57,57,1,0,0,1.0,7.0,,,,,,,,,,1.0,3.0,0.0,2,,,,,,,,,,,11654.0636,2821.9006,0.0,0.0,,,0,0,4699,2,,,,2.0,,,2888.1922,7860.0,5700.0,-1,,,,,,,315163.0,2008,584,581,0.0,0.0,0.0,0.0,0.0,16.0,17.0,40.0,2008,2.0,1,8,2,8400,84001,1,17,16980,0,2.0,1.0,,7,3,47,1.0,2,43,1,,1,2,1,2,57,57,57,1,0,0,1.0,7.0,,,,,,,,,,1.0,,,2,,,,,,,,,,,11517.1039,2938.709,0.0,0.0,,,0,0,7053,2,,,,2.0,,,2873.7225,,,-1,,,,,,,316446.0,2009,596,581,0.0,0.0,0.0,0.0,0.0,16.0,,,2009,MIS4_to_MIS8,False,True,True
710709923161182,9,2.0,1,4,2,8400,84001,1,1,33,17,37900,0,2.0,1.0,,3,1,33,2.0,1,43,1,,1,1,1,1,2,57,57,57,1,0,0,2.0,1.0,,40.0,,40.0,,,,,,2.0,3.0,0.0,1,2.0,2.0,2.0,,1384.61,2.0,2.0,,,,14406.272,3436.2893,5.0,2.0,0.0,,0,0,17731,1,,,,2.0,,,3474.228,8570.0,20.0,-1,,,,,,,315170.0,2008,584,581,1.0,1.0,0.0,0.0,1.0,16.0,1.0,44.0,2008,2.0,1,8,2,8400,84001,1,17,37900,0,2.0,1.0,,3,1,34,2.0,1,43,1,,1,1,1,2,57,57,57,1,0,0,2.0,1.0,,40.0,6.0,32.0,,,6.0,,,4.0,4.0,0.0,1,2.0,2.0,2.0,,1346.15,2.0,2.0,,,,12893.842,3245.4491,5.0,2.0,0.0,,0,0,32055,1,,,,2.0,,,3282.9626,8570.0,20.0,-1,,,,,,,316453.0,2009,596,581,1.0,1.0,0.0,0.0,1.0,16.0,1.0,44.0,2009,MIS4_to_MIS8,False,True,True
779650975000971,9,1.0,6,4,2,8400,84001,1,1,33,17,16980,0,2.0,1.0,,7,2,70,,1,39,1,,1,0,0,4,2,57,57,164,1,0,0,1.0,1.0,,40.0,,40.0,,,,,,2.0,3.0,0.0,1,2.0,,1.0,1600.0,640.0,2.0,1.0,,,,10374.0446,3021.7455,,,1.0,1.0,0,0,53202,1,1.0,,,,,,2920.6272,9470.0,6440.0,-1,5.0,,,,,,315223.0,2008,584,581,,,,,,12.0,19.0,51.0,2008,1.0,6,8,2,8400,84001,1,17,16980,0,2.0,1.0,,7,2,71,,1,39,1,,0,0,4,2,57,57,164,1,0,0,1.0,5.0,,,,,,,,,,1.0,,,2,,,,,,,,,,,11693.7374,2936.6063,,,,,0,0,50544,1,1.0,,,,,,2867.9594,,,-1,5.0,,,,,,316501.0,2009,596,581,,,,,,12.0,,,2009,MIS4_to_MIS8,False,True,True
807903221890927,9,1.0,7,4,2,8400,84001,1,1,33,17,16980,0,2.0,1.0,,7,2,50,,2,44,1,1.0,1,0,0,6,2,303,303,303,4,0,7,1.0,1.0,,35.0,,40.0,,,,,,2.0,3.0,0.0,1,2.0,2.0,2.0,,1634.61,1.0,,,,,10859.8614,2730.8697,,,0.0,,0,0,57049,1,,,,,,3.0,2662.997,7860.0,2310.0,-1,,,,,,,315245.0,2008,584,581,,,,,,18.0,8.0,40.0,2008,1.0,7,8,2,8400,84001,1,17,16980,0,2.0,1.0,,7,2,51,,2,44,1,1.0,0,0,6,2,303,303,303,4,0,7,1.0,1.0,,35.0,,45.0,,,,,,2.0,3.0,0.0,1,2.0,2.0,2.0,,1538.46,1.0,,,,,10095.8754,2502.2567,,,0.0,,0,0,7122,1,,,,,,3.0,2533.7351,7860.0,2310.0,-1,,,,,,,316529.0,2009,596,581,,,,,,18.0,8.0,40.0,2009,MIS4_to_MIS8,True,False,False
915027926179540,9,1.0,7,4,2,8400,84001,1,1,33,17,41180,163,2.0,1.0,,6,2,56,,2,40,1,,1,0,0,5,2,57,57,57,1,0,0,1.0,1.0,,38.0,,38.0,,,,,,2.0,2.0,0.0,1,2.0,,1.0,2000.0,760.0,1.0,,,,,10463.3671,2623.1484,,,0.0,0.0,0,0,17752,1,,,2.0,,,,2610.461,7870.0,5700.0,-1,,,,,,,315273.0,2008,584,581,,,,,,13.0,17.0,40.0,2008,1.0,7,8,2,8400,84001,1,17,41180,163,2.0,1.0,,6,2,57,,2,41,1,,0,0,5,2,57,57,57,1,0,0,1.0,1.0,,40.0,,40.0,,,,,,2.0,5.0,0.0,1,2.0,1.0,1.0,2000.0,769.23,1.0,,,,,10886.4378,2719.4317,,,0.0,0.0,0,0,18230,1,,,3.0,,,,2746.6271,7870.0,5000.0,-1,,,,,,,316568.0,2009,596,581,,,,,,14.0,17.0,40.0,2009,MIS4_to_MIS8,False,True,True
943057786177840,9,1.0,1,4,2,8400,84001,1,1,33,17,16980,0,2.0,1.0,,7,1,52,2.0,1,43,1,,1,1,1,1,2,216,216,216,4,0,7,1.0,1.0,,40.0,,60.0,,,,,,2.0,1.0,0.0,1,2.0,2.0,2.0,,1634.61,2.0,2.0,,,,12146.3211,3025.0389,0.0,0.0,0.0,,0,0,57043,1,,,,1.0,1.0,,3037.8433,9470.0,2860.0,-1,,,,,,,315294.0,2008,584,581,0.0,0.0,0.0,0.0,0.0,18.0,9.0,51.0,2008,1.0,1,8,2,8400,84001,1,17,16980,0,2.0,1.0,,7,1,53,2.0,1,43,1,,1,1,1,2,216,216,216,4,0,7,2.0,2.0,4.0,40.0,,,,,,,,5.0,1.0,0.0,1,2.0,2.0,2.0,,1730.76,2.0,2.0,,,,12068.7409,2975.9594,0.0,0.0,0.0,,0,0,42841,1,,,,1.0,2.0,,3007.3804,9470.0,2860.0,-1,,,,,,,316584.0,2009,596,581,0.0,0.0,0.0,0.0,0.0,17.0,9.0,51.0,2009,MIS4_to_MIS8,True,False,False
943057786177840,9,1.0,1,4,2,8400,84001,1,1,33,17,16980,0,2.0,1.0,,7,3,46,1.0,2,45,1,,2,1,2,1,2,239,239,216,4,0,13,2.0,1.0,,30.0,,65.0,,,,,,2.0,1.0,0.0,1,2.0,,1.0,3500.0,1050.0,2.0,2.0,,,,11505.5081,2821.9006,0.0,0.0,1.0,1.0,0,0,57043,2,,,,,,,2821.319,9470.0,2860.0,2860,,,,,,,315295.0,2008,584,581,0.0,0.0,0.0,0.0,0.0,18.0,9.0,51.0,2008,1.0,1,8,2,8400,84001,1,17,16980,0,2.0,1.0,,7,3,47,1.0,2,46,1,,1,2,1,2,239,239,216,4,0,13,1.0,2.0,4.0,40.0,,,,,,,,5.0,1.0,0.0,1,2.0,,1.0,4000.0,1600.0,2.0,1.0,,,,11868.4037,2938.709,0.0,0.0,0.0,0.0,0,0,42841,2,,,,,,,2978.5819,9470.0,2860.0,-1,,,,,,,316585.0,2009,596,581,0.0,0.0,0.0,0.0,0.0,18.0,9.0,51.0,2009,MIS4_to_MIS8,True,False,False
969057969179580,9,1.0,4,4,2,8400,84001,1,1,33,17,40420,0,2.0,1.0,,3,1,30,,2,40,1,,1,1,1,7,2,57,57,57,1,0,0,1.0,6.0,,,,,,,,,,1.0,2.0,0.0,2,,,,,,,,,,,11234.1785,2832.0259,3.0,1.0,,,0,0,41271,1,,,4.0,,,,2784.1333,8170.0,3600.0,-1,,,,,,,315340.0,2008,584,581,0.0,0.0,1.0,0.0,0.0,15.0,11.0,42.0,2008,1.0,4,8,2,8400,84001,1,17,40420,0,2.0,1.0,,3,1,31,,2,40,1,,1,1,7,2,57,57,57,1,0,0,1.0,1.0,,28.0,,28.0,,,18.0,,,7.0,2.0,0.0,1,2.0,1.0,1.0,1045.0,334.5,1.0,,,,,12191.6626,3011.8469,3.0,1.0,0.0,0.0,0,0,6980,1,,,4.0,,,,3081.4153,9480.0,3600.0,-1,,,,,,,316625.0,2009,596,581,0.0,0.0,1.0,0.0,0.0,15.0,11.0,51.0,2009,MIS4_to_MIS8,True,False,False
100970091717919,9,1.0,1,4,2,8400,84001,1,1,33,17,0,0,3.0,2.0,,0,1,65,2.0,1,40,1,,1,1,1,1,2,57,57,57,1,0,0,2.0,1.0,,-4.0,5.0,20.0,,,5.0,,,4.0,2.0,0.0,1,2.0,1.0,1.0,700.0,961.0,2.0,2.0,,,,9887.4576,2880.0127,0.0,0.0,1.0,1.0,0,0,41494,1,,,1.0,,,,2783.6373,7860.0,9120.0,-1,,,,,,,315401.0,2008,584,581,0.0,0.0,0.0,0.0,0.0,12.0,22.0,40.0,2008,2.0,1,8,2,8400,84001,1,17,0,0,3.0,2.0,,0,1,70,2.0,1,40,1,,1,1,1,2,57,57,57,1,0,0,2.0,1.0,,-4.0,6.0,12.0,,,6.0,,,4.0,3.0,0.0,1,2.0,,1.0,1519.0,182.28,2.0,2.0,,,,11932.1456,3125.8519,0.0,0.0,1.0,1.0,0,0,18177,1,,,2.0,,,,3127.9824,7860.0,9120.0,-1,,,,,,,316676.0,2009,596,581,0.0,0.0,0.0,0.0,0.0,13.0,22.0,40.0,2009,MIS4_to_MIS8,True,False,True
710700069555814,9,2.0,1,4,2,8400,84001,1,1,33,17,0,99,3.0,2.0,,0,1,53,2.0,2,43,1,,1,1,1,1,2,57,57,57,1,0,0,1.0,1.0,,45.0,,45.0,,,,,,2.0,2.0,0.0,1,2.0,2.0,2.0,,923.07,1.0,,,,,10874.7744,2681.1906,0.0,0.0,0.0,,0,0,7656,1,,,,1.0,1.0,,2666.6538,7860.0,2310.0,-1,,,,,,,315432.0,2008,584,581,0.0,0.0,0.0,0.0,0.0,18.0,8.0,40.0,2008,2.0,1,8,2,8400,84001,1,17,0,99,3.0,2.0,,0,1,54,2.0,2,43,1,,1,1,1,2,57,57,57,1,0,0,1.0,1.0,,40.0,6.0,32.0,,,6.0,,,4.0,3.0,0.0,1,2.0,2.0,2.0,,961.53,1.0,,,,,11554.4164,2844.2298,0.0,0.0,0.0,,0,0,525,1,,,,1.0,1.0,,2899.7813,7860.0,2310.0,-1,,,,,,,316700.0,2009,596,581,0.0,0.0,0.0,0.0,0.0,18.0,8.0,40.0,2009,MIS4_to_MIS8,True,False,True
710700069555814,9,2.0,1,4,2,8400,84001,1,1,33,17,0,99,3.0,2.0,,0,3,53,1.0,1,44,1,,2,1,2,1,2,57,57,57,1,0,0,2.0,1.0,,45.0,,45.0,,,,,,2.0,3.0,0.0,1,2.0,2.0,2.0,,1600.0,1.0,,,,,12164.3807,3029.5366,0.0,0.0,0.0,,0,0,7656,2,,,,,,2.0,3042.36,7870.0,2200.0,-1,,,,,,,315433.0,2008,584,581,0.0,0.0,0.0,0.0,0.0,18.0,8.0,40.0,2008,2.0,1,8,2,8400,84001,1,17,0,99,3.0,2.0,,0,3,54,1.0,1,44,1,,1,2,1,2,57,57,57,1,0,0,2.0,1.0,,50.0,,40.0,,,,,,2.0,3.0,0.0,1,1.0,2.0,2.0,,1730.76,1.0,,,,,12388.866,3054.8971,0.0,0.0,0.0,,0,0,525,2,,,,,,2.0,3087.1516,7870.0,2200.0,-1,,,,,,,316701.0,2009,596,581,0.0,0.0,0.0,0.0,0.0,18.0,8.0,40.0,2009,MIS4_to_MIS8,True,False,False
780978063917169,9,5.0,1,4,2,8400,84001,1,1,33,17,0,99,3.0,2.0,,0,1,45,2.0,2,42,1,,1,1,1,1,2,57,57,57,1,0,0,1.0,1.0,,16.0,,24.0,,,15.0,,,6.0,1.0,0.0,1,2.0,,1.0,1800.0,144.0,1.0,,,,,11522.615,2826.0963,10.0,2.0,0.0,0.0,0,0,4805,1,,,3.0,,,,2825.5138,6370.0,5550.0,5860,,,,,,,315439.0,2008,584,581,0.0,0.0,1.0,1.0,0.0,14.0,17.0,23.0,2008,4.0,1,8,2,8400,84001,1,17,0,99,3.0,2.0,,0,1,46,2.0,2,42,1,,1,1,1,2,57,57,57,1,0,0,3.0,1.0,,20.0,,40.0,,,14.0,,,8.0,1.0,0.0,1,2.0,1.0,1.0,825.0,673.0,2.0,2.0,,,,12183.2149,3016.6587,10.0,2.0,1.0,1.0,0,0,18124,1,,,3.0,,,,3057.5892,6370.0,5550.0,-1,,,,,,,316707.0,2009,596,581,0.0,0.0,1.0,1.0,0.0,14.0,17.0,23.0,2009,MIS4_to_MIS8,True,False,False
799110928240971,9,3.0,4,4,2,8400,84001,1,1,33,17,28100,91,,1.0,,2,1,42,,2,40,2,,1,1,1,5,2,57,57,57,1,0,0,2.0,1.0,,40.0,,40.0,,,,,,2.0,3.0,0.0,1,2.0,2.0,2.0,,415.0,2.0,2.0,,,,12541.4118,3223.3468,4.0,1.0,1.0,,0,0,49255,1,,,3.0,,,,3281.5776,8090.0,2010.0,-1,,,,,,,315561.0,2008,584,581,0.0,0.0,0.0,1.0,0.0,14.0,6.0,42.0,2008,1.0,4,8,2,8400,84001,1,17,28100,91,,1.0,,2,1,43,,2,40,2,,1,1,5,2,57,57,57,1,0,0,1.0,1.0,,40.0,,40.0,,,,,,2.0,5.0,0.0,1,2.0,2.0,2.0,,865.0,2.0,2.0,,,,13598.3216,3415.0102,0.0,0.0,1.0,,0,0,18083,1,,,3.0,,,,3560.6397,8370.0,2000.0,-1,,,,,,,316845.0,2009,596,581,0.0,0.0,0.0,0.0,0.0,14.0,6.0,43.0,2009,MIS4_to_MIS8,False,True,True
799610834120971,9,2.0,1,4,2,8400,84001,1,1,33,17,16580,0,,1.0,,2,1,52,2.0,1,40,1,,1,1,1,1,2,57,57,57,1,0,0,2.0,1.0,,38.0,,38.0,,,,,,2.0,2.0,0.0,1,2.0,,1.0,1295.0,492.1,2.0,2.0,,,,12863.5717,3203.67,0.0,0.0,1.0,1.0,0,0,17374,1,,,2.0,,,,3217.2305,7870.0,4250.0,-1,,,,,,,315566.0,2008,584,581,0.0,0.0,0.0,0.0,0.0,13.0,14.0,40.0,2008,2.0,1,8,2,8400,84001,1,17,16580,0,,1.0,,2,1,53,2.0,1,40,1,,1,1,1,2,57,57,57,1,0,0,2.0,1.0,,38.0,6.0,30.0,,,6.0,,,4.0,2.0,0.0,1,2.0,,1.0,1000.0,380.0,2.0,2.0,,,,12231.0509,3015.9824,0.0,0.0,1.0,1.0,0,0,17819,1,,,2.0,,,,3047.8261,7870.0,4250.0,-1,,,,,,,316850.0,2009,596,581,0.0,0.0,0.0,0.0,0.0,13.0,14.0,40.0,2009,MIS4_to_MIS8,True,False,False
937279670159102,9,2.0,1,4,2,8400,84001,1,1,33,17,16580,0,,1.0,,2,3,44,1.0,2,40,1,,2,1,2,1,2,57,57,57,1,0,0,1.0,1.0,,15.0,,15.0,,,18.0,,,7.0,3.0,0.0,1,2.0,1.0,1.0,929.0,100.0,2.0,2.0,,,,11623.7671,2885.4434,3.0,2.0,0.0,0.0,0,0,65988,2,,,2.0,,,,2917.7931,7860.0,4600.0,-1,,,,,,,315589.0,2008,584,581,0.0,0.0,1.0,0.0,0.0,13.0,15.0,40.0,2008,2.0,1,8,2,8400,84001,1,17,16580,0,,1.0,,2,3,45,1.0,2,40,1,,1,2,1,2,57,57,57,1,0,0,1.0,1.0,,40.0,,40.0,,,,,,2.0,4.0,0.0,1,2.0,,1.0,1800.0,720.0,2.0,2.0,,,,12028.0195,2978.2311,10.0,2.0,1.0,1.0,0,0,57827,2,,,1.0,,,,3018.6402,5180.0,5110.0,-1,,,,,,,316867.0,2009,596,581,0.0,0.0,1.0,1.0,0.0,12.0,17.0,22.0,2009,MIS4_to_MIS8,False,True,True
187193559700498,10,1.0,1,4,2,8400,84001,1,1,33,17,16980,0,1.0,1.0,1.0,7,1,61,2.0,2,42,1,,1,1,1,1,2,57,57,138,1,0,0,1.0,1.0,,36.0,,38.0,,,,,,2.0,2.0,0.0,1,2.0,1.0,1.0,2800.0,655.76,1.0,,,,,12229.1292,3057.8517,0.0,0.0,0.0,1.0,0,0,51077,1,,,4.0,,,,3050.2416,7870.0,5700.0,-1,,,,,,,352672.0,2008,585,582,0.0,0.0,0.0,0.0,0.0,15.0,17.0,40.0,2008,1.0,1,8,2,8400,84001,1,17,16980,0,1.0,1.0,1.0,7,1,62,2.0,2,42,1,,1,1,1,2,57,57,138,1,0,0,1.0,1.0,,38.0,,38.0,,,,,,2.0,2.0,0.0,1,2.0,2.0,2.0,,961.0,2.0,2.0,,,,14117.2167,3384.3172,0.0,0.0,1.0,,0,0,31324,1,,,3.0,,,,3441.7134,7870.0,2550.0,-1,,,,,,,354294.0,2009,597,582,0.0,0.0,0.0,0.0,0.0,14.0,8.0,40.0,2009,MIS4_to_MIS8,True,False,False
480198687700970,10,1.0,1,4,2,8400,84001,1,1,33,17,16980,0,1.0,1.0,,7,1,44,2.0,2,43,1,,1,1,1,1,2,57,57,57,1,0,0,1.0,1.0,,-4.0,,28.0,,,18.0,,,7.0,3.0,0.0,1,2.0,2.0,2.0,,350.0,2.0,2.0,,,,11556.9115,2758.5884,4.0,2.0,0.0,,0,0,31462,1,,,,1.0,2.0,,2807.6059,7860.0,2310.0,-1,,,,,,,352760.0,2008,585,582,0.0,0.0,0.0,1.0,0.0,17.0,8.0,40.0,2008,1.0,1,8,2,8400,84001,1,17,16980,0,1.0,1.0,,7,1,45,2.0,2,43,1,,1,1,1,2,57,57,57,1,0,0,1.0,1.0,,-4.0,,15.0,,,15.0,,,6.0,3.0,0.0,1,2.0,2.0,2.0,,300.0,2.0,2.0,,,,13338.4702,3262.7875,4.0,1.0,0.0,,0,0,21407,1,,,,1.0,1.0,,3280.5105,7860.0,2320.0,-1,,,,,,,354395.0,2009,597,582,0.0,0.0,0.0,1.0,0.0,18.0,8.0,40.0,2009,MIS4_to_MIS8,True,False,False
480198687700970,10,1.0,1,4,2,8400,84001,1,1,33,17,16980,0,1.0,1.0,,7,3,51,1.0,1,44,1,,2,1,2,1,2,57,57,57,1,0,0,2.0,1.0,,40.0,,40.0,,,,,,2.0,3.0,0.0,1,2.0,2.0,2.0,,1576.92,1.0,,,,,13915.2939,3474.8604,4.0,2.0,0.0,,0,0,31462,2,,,,,,3.0,3514.4823,7860.0,2310.0,-1,,,,,,,352761.0,2008,585,582,0.0,0.0,0.0,1.0,0.0,18.0,8.0,40.0,2008,1.0,1,8,2,8400,84001,1,17,16980,0,1.0,1.0,,7,3,52,1.0,1,44,1,,1,2,1,2,57,57,57,1,0,0,2.0,1.0,,40.0,6.0,32.0,,,6.0,,,4.0,3.0,0.0,1,2.0,2.0,2.0,,1923.07,1.0,,,,,12834.619,3236.9872,4.0,1.0,0.0,,0,0,21407,2,,,,,,2.0,3249.6161,7860.0,2320.0,-1,,,,,,,354396.0,2009,597,582,0.0,0.0,0.0,1.0,0.0,18.0,8.0,40.0,2009,MIS4_to_MIS8,True,False,False
817768380399103,10,1.0,4,4,2,8400,84001,1,1,33,17,16980,0,1.0,1.0,1.0,7,1,33,,2,44,2,,1,1,1,6,2,57,57,57,1,0,0,1.0,1.0,,35.0,,39.0,,,,,,2.0,3.0,0.0,1,2.0,2.0,2.0,,903.84,1.0,,,,,16054.5737,3895.3583,8.0,3.0,0.0,,0,0,31471,1,,,,,,2.0,3909.108,7860.0,2310.0,-1,,,,,,,352869.0,2008,585,582,0.0,1.0,1.0,0.0,1.0,18.0,8.0,40.0,2008,1.0,4,8,2,8400,84001,1,17,16980,0,1.0,1.0,1.0,7,1,34,,2,44,2,,1,1,6,2,57,57,57,1,0,0,1.0,1.0,,35.0,6.0,28.0,,,6.0,,,4.0,3.0,0.0,1,2.0,1.0,1.0,2308.0,942.3,1.0,,,,,16895.2321,4048.6947,8.0,3.0,0.0,1.0,0,0,44108,1,,,,,,2.0,4043.2835,7860.0,2310.0,-1,,,,,,,354491.0,2009,597,582,0.0,1.0,1.0,0.0,1.0,18.0,8.0,40.0,2009,MIS4_to_MIS8,True,False,False
971319098909999,10,2.0,1,4,2,8400,84001,1,1,33,17,16980,0,1.0,1.0,,7,3,34,1.0,2,43,1,,2,1,2,1,2,57,57,57,1,0,0,1.0,1.0,,40.0,,40.0,,,,,,2.0,3.0,0.0,1,2.0,,1.0,2014.0,805.6,2.0,2.0,,,,12334.6524,2966.4762,2.0,1.0,0.0,0.0,0,0,31555,2,,,,1.0,1.0,,3020.5229,9480.0,1960.0,-1,,,,,,,352916.0,2008,585,582,0.0,1.0,0.0,0.0,1.0,18.0,5.0,51.0,2008,2.0,1,8,2,8400,84001,1,17,16980,0,1.0,1.0,,7,3,35,1.0,2,43,1,,1,2,1,2,57,57,57,1,0,0,1.0,4.0,,,,,,,,3.0,2.0,11.0,3.0,0.0,2,,,,,,,,,,,12250.8465,2983.732,2.0,1.0,,,0,0,21497,2,,,,1.0,1.0,,2939.8798,9480.0,1760.0,-1,,,,,,,354533.0,2009,597,582,0.0,1.0,0.0,0.0,1.0,18.0,5.0,51.0,2009,MIS4_to_MIS8,True,False,False
86071870900884,10,2.0,4,4,2,8400,84001,1,1,33,17,16980,0,2.0,1.0,,7,6,51,3.0,2,43,1,,2,2,1,1,2,57,57,57,1,0,0,1.0,7.0,,,,,,11.0,,,,1.0,3.0,0.0,2,,,,,,,,,,,11435.286,2885.8507,0.0,0.0,,,0,0,63017,2,,,,1.0,1.0,,2952.2186,6770.0,5320.0,-1,,,,,,,352986.0,2008,585,582,0.0,0.0,0.0,0.0,0.0,18.0,17.0,31.0,2008,3.0,4,8,2,8400,84001,1,17,16980,0,2.0,1.0,,7,6,52,3.0,2,43,1,,2,1,1,2,57,57,57,1,0,0,2.0,7.0,,,,,,,,,,1.0,,,2,,,,,,,,,,,12589.0528,3216.9042,0.0,0.0,,,0,0,44098,2,,,,2.0,,,3163.3043,,,-1,,,,,,,354593.0,2009,597,582,0.0,0.0,0.0,0.0,0.0,16.0,,,2009,MIS4_to_MIS8,False,True,True
87048880069107,10,4.0,1,4,2,8400,84001,1,1,33,17,16980,0,2.0,1.0,,7,3,52,1.0,2,44,2,,2,1,2,1,2,57,57,57,1,0,0,2.0,1.0,,40.0,,40.0,,,,,,2.0,3.0,0.0,1,2.0,2.0,2.0,,1442.3,2.0,2.0,,,,9907.6325,2732.1933,0.0,0.0,0.0,,0,0,66099,2,,,,,,2.0,2766.6682,9490.0,430.0,-1,,,,,,,352989.0,2008,585,582,0.0,0.0,0.0,0.0,0.0,18.0,1.0,51.0,2008,1.0,1,8,2,8400,84001,1,17,16980,0,2.0,1.0,,7,3,53,1.0,2,44,2,,1,2,1,2,57,57,57,1,0,0,2.0,1.0,,40.0,,40.0,,,,,,2.0,3.0,0.0,1,2.0,2.0,2.0,,1442.3,2.0,2.0,,,,9848.3974,2484.1732,0.0,0.0,0.0,,0,0,33787,2,,,,,,2.0,2532.3532,9370.0,430.0,-1,,,,,,,354596.0,2009,597,582,0.0,0.0,0.0,0.0,0.0,18.0,1.0,51.0,2009,MIS4_to_MIS8,True,False,False
171757048909292,10,1.0,1,4,2,8400,84001,1,1,33,17,16980,0,2.0,1.0,,7,1,50,2.0,2,39,1,,1,1,1,1,2,57,57,57,1,0,0,1.0,1.0,,15.0,,12.0,,,18.0,,,7.0,3.0,0.0,1,2.0,,1.0,930.0,139.5,2.0,2.0,,,,11579.0265,2885.8507,0.0,0.0,0.0,0.0,0,0,31522,1,2.0,6.0,,,,,2888.0844,8470.0,4110.0,-1,,,,,,,353019.0,2008,585,582,0.0,0.0,0.0,0.0,0.0,10.0,13.0,43.0,2008,1.0,1,8,2,8400,84001,1,17,16980,0,2.0,1.0,,7,1,51,2.0,2,39,1,,1,1,1,2,57,57,57,1,0,0,1.0,1.0,,30.0,,24.0,,,18.0,,,7.0,4.0,0.0,1,2.0,,1.0,1411.0,423.3,2.0,2.0,,,,13234.2977,3216.9042,0.0,0.0,0.0,0.0,0,0,33838,1,1.0,,,,,,3254.8899,7860.0,4020.0,-1,,,,,,,354621.0,2009,597,582,0.0,0.0,0.0,0.0,0.0,12.0,13.0,40.0,2009,MIS4_to_MIS8,False,True,True
192978401072759,10,1.0,1,4,2,8400,84001,1,1,33,17,16980,0,2.0,1.0,,7,1,55,2.0,2,43,1,,1,1,1,1,2,57,57,57,1,0,0,1.0,1.0,,35.0,6.0,27.0,,,6.0,,,4.0,3.0,0.0,1,2.0,1.0,1.0,1500.0,475.0,1.0,,,,,11407.92,2747.8708,0.0,0.0,0.0,0.0,0,0,31521,1,,,,2.0,,,2769.7597,7860.0,2540.0,-1,,,,,,,353047.0,2008,585,582,0.0,0.0,0.0,0.0,0.0,16.0,8.0,40.0,2008,1.0,1,8,2,8400,84001,1,17,16980,0,2.0,1.0,,7,1,56,2.0,2,43,1,,1,1,1,2,57,57,57,1,0,0,1.0,1.0,,35.0,6.0,28.0,,,6.0,,,4.0,3.0,0.0,1,2.0,,1.0,1646.0,576.1,1.0,,,,,12974.6586,3303.4508,0.0,0.0,0.0,0.0,0,0,8203,1,,,,1.0,2.0,,3326.9294,7860.0,2540.0,-1,,,,,,,354648.0,2009,597,582,0.0,0.0,0.0,0.0,0.0,17.0,8.0,40.0,2009,MIS4_to_MIS8,True,False,False
571388088804897,10,1.0,1,4,2,8400,84001,1,1,33,17,16980,0,2.0,1.0,,7,1,53,2.0,2,44,1,,1,1,1,1,2,57,57,57,1,0,0,1.0,1.0,,40.0,6.0,32.0,,,6.0,,,4.0,3.0,0.0,1,2.0,2.0,2.0,,769.0,1.0,,,,,11579.0265,2885.8507,4.0,1.0,1.0,,0,42,31467,1,,,,,,2.0,2888.0844,7860.0,2330.0,-1,,,,,,,353230.0,2008,585,582,0.0,0.0,0.0,1.0,0.0,18.0,8.0,40.0,2008,2.0,1,8,2,8400,84001,1,17,16980,0,2.0,1.0,,7,1,54,2.0,2,44,1,,1,1,1,2,57,57,57,1,0,0,2.0,1.0,,40.0,6.0,32.0,,,6.0,,,4.0,3.0,0.0,1,2.0,2.0,2.0,,653.0,1.0,,,,,13234.2977,3216.9042,4.0,1.0,1.0,,0,0,33791,1,,,,,,1.0,3254.8899,7860.0,2310.0,-1,,,,,,,354835.0,2009,597,582,0.0,0.0,0.0,1.0,0.0,17.0,8.0,40.0,2009,MIS4_to_MIS8,True,False,False
581198579700779,10,2.0,1,4,2,8400,84001,1,1,33,17,16980,0,2.0,1.0,,7,3,25,1.0,2,44,1,,2,1,2,1,2,57,57,57,1,0,0,1.0,1.0,,50.0,,40.0,,,,,,2.0,3.0,0.0,1,2.0,2.0,2.0,,1157.14,2.0,2.0,,,,12210.6758,2919.1927,0.0,0.0,0.0,,0,0,31601,2,,,,,,2.0,2990.1633,7860.0,2310.0,-1,,,,,,,353246.0,2008,585,582,0.0,0.0,0.0,0.0,0.0,18.0,8.0,40.0,2008,2.0,1,8,2,8400,84001,1,17,16980,0,2.0,1.0,,7,3,26,1.0,2,44,1,,1,2,1,2,57,57,57,1,0,0,1.0,1.0,,50.0,,60.0,,,,,,2.0,3.0,0.0,1,2.0,2.0,2.0,,903.84,2.0,2.0,,,,13732.1608,3283.6971,0.0,0.0,0.0,,0,0,51275,2,,,,,,2.0,3375.0675,7860.0,2310.0,-1,,,,,,,354853.0,2009,597,582,0.0,0.0,0.0,0.0,0.0,18.0,8.0,40.0,2009,MIS4_to_MIS8,True,False,False
683191937700737,10,2.0,1,4,2,8400,84001,1,1,33,17,16980,0,2.0,1.0,,7,1,30,2.0,2,40,1,,1,1,1,1,2,57,57,57,1,0,0,2.0,4.0,,,,,,,,65.0,4.0,12.0,3.0,0.0,2,,,,,,,,,,,9527.2555,2676.4721,0.0,0.0,,,0,0,31456,1,,,1.0,,,,2613.4591,6770.0,2430.0,-1,,,,,,,353269.0,2008,585,582,0.0,0.0,0.0,0.0,0.0,12.0,8.0,31.0,2008,2.0,1,8,2,8400,84001,1,17,16980,0,2.0,1.0,,7,1,31,2.0,2,40,1,,1,1,1,2,57,57,57,1,0,0,2.0,4.0,,,,,,,,117.0,5.0,11.0,3.0,0.0,2,,,,,,,,,,,12013.9723,2977.3813,0.0,0.0,,,0,0,21404,1,,,2.0,,,,2883.0362,6770.0,2430.0,-1,,,,,,,354880.0,2009,597,582,0.0,0.0,0.0,0.0,0.0,13.0,8.0,31.0,2009,MIS4_to_MIS8,True,False,False
810709957985771,10,1.0,7,4,2,8400,84001,1,1,33,17,16980,0,2.0,1.0,,7,2,65,,2,43,1,,1,0,0,5,2,57,57,57,1,0,0,1.0,1.0,,40.0,,40.0,,,,,,2.0,3.0,0.0,1,2.0,2.0,2.0,,840.0,2.0,2.0,,,,11408.1891,2612.284,,,0.0,,0,0,31600,1,,,,2.0,,,2626.4884,7870.0,5120.0,-1,,,,,,,353362.0,2008,585,582,,,,,,16.0,17.0,40.0,2008,1.0,7,8,2,8400,84001,1,17,16980,0,2.0,1.0,,7,2,66,,2,43,1,,0,0,5,2,57,57,57,1,0,0,1.0,5.0,,,,,,,,,,1.0,3.0,0.0,2,,,,,,,,,,,13551.5337,3447.0113,,,,,0,0,44156,1,,,,2.0,,,3406.6635,7870.0,5120.0,-1,,,,,,,354976.0,2009,597,582,,,,,,16.0,17.0,40.0,2009,MIS4_to_MIS8,True,False,False
935037144188350,10,2.0,1,4,2,8400,84001,1,1,33,17,16980,0,2.0,1.0,,7,1,59,2.0,1,40,1,,1,1,1,1,2,57,57,57,1,0,0,2.0,1.0,,40.0,,45.0,,,,,,2.0,1.0,0.0,1,2.0,2.0,2.0,,1057.69,1.0,,,,,12466.188,3040.422,0.0,0.0,0.0,,0,0,43561,1,,,2.0,,,,3103.1592,6370.0,5550.0,-1,,,,,,,353459.0,2008,585,582,0.0,0.0,0.0,0.0,0.0,13.0,17.0,23.0,2008,1.0,1,8,2,8400,84001,1,17,16980,0,2.0,1.0,,7,1,60,2.0,1,39,1,,1,1,1,2,57,57,57,1,0,0,1.0,1.0,,42.0,,36.0,,,,,,2.0,1.0,0.0,1,2.0,1.0,1.0,3600.0,1057.69,1.0,,,,,12591.0862,3196.4276,0.0,0.0,0.0,1.0,0,0,44099,1,1.0,,,,,,3240.0031,6370.0,5550.0,-1,,,,,,,355072.0,2009,597,582,0.0,0.0,0.0,0.0,0.0,12.0,17.0,23.0,2009,MIS4_to_MIS8,True,False,False
956077855189110,10,1.0,1,4,2,8400,84001,1,1,33,17,16980,0,2.0,1.0,,7,1,44,2.0,1,39,1,1.0,1,1,1,1,2,303,303,303,4,0,8,2.0,2.0,4.0,40.0,,,,,,,,5.0,3.0,0.0,1,2.0,,1.0,1639.0,655.6,1.0,,,,,10379.2642,2555.3418,0.0,0.0,1.0,1.0,0,42,43619,1,1.0,,,,,,2599.1176,670.0,4250.0,-1,,,,,,,353468.0,2008,585,582,0.0,0.0,0.0,0.0,0.0,12.0,14.0,24.0,2008,1.0,1,8,2,8400,84001,1,17,16980,0,2.0,1.0,,7,1,45,2.0,1,39,1,1.0,1,1,1,2,303,303,303,4,0,8,1.0,6.0,,,,,,,,,,1.0,,,2,,,,,,,,,,,13583.8751,3369.001,0.0,0.0,,,0,0,33881,1,1.0,,,,,,3196.3902,,,-1,,,,,4.0,,355079.0,2009,597,582,0.0,0.0,0.0,0.0,0.0,12.0,,,2009,MIS4_to_MIS8,False,True,True
963027805189850,10,2.0,1,4,2,8400,84001,1,1,33,17,41180,119,2.0,1.0,,6,3,52,1.0,2,44,2,,2,1,2,1,2,57,57,57,1,0,0,1.0,1.0,,40.0,6.0,32.0,,,6.0,,,4.0,2.0,0.0,1,2.0,2.0,2.0,,1050.0,1.0,,,,,10208.8848,2815.2686,4.0,1.0,0.0,,0,0,19922,2,,,,,,2.0,2850.7918,9480.0,2010.0,-1,,,,,,,353476.0,2008,585,582,0.0,0.0,0.0,1.0,0.0,18.0,6.0,51.0,2008,2.0,1,8,2,8400,84001,1,17,41180,119,2.0,1.0,,6,3,53,1.0,2,44,2,,1,2,1,2,57,57,57,1,0,0,1.0,1.0,,38.0,,41.0,,,,,,2.0,2.0,0.0,1,2.0,2.0,2.0,,1500.0,1.0,,,,,9733.1984,2455.1152,0.0,0.0,0.0,,0,0,54813,2,,,,,,2.0,2502.7316,9480.0,4600.0,-1,,,,,,,355088.0,2009,597,582,0.0,0.0,0.0,0.0,0.0,18.0,15.0,51.0,2009,MIS4_to_MIS8,True,False,False
71592088909490,10,1.0,7,4,2,8400,84001,1,1,33,17,0,0,3.0,2.0,,0,2,37,,2,43,1,,1,0,0,7,2,57,57,57,1,0,0,1.0,1.0,,38.0,6.0,30.0,,,6.0,,,4.0,3.0,0.0,1,2.0,1.0,1.0,1483.0,542.3,2.0,2.0,,,,11465.996,2754.608,,,0.0,0.0,0,0,16832,1,,,,2.0,,,2785.5191,9480.0,5700.0,-1,,,,,,,353501.0,2008,585,582,,,,,,16.0,17.0,51.0,2008,1.0,7,8,2,8400,84001,1,17,0,0,3.0,2.0,,0,2,38,,2,43,1,,0,0,7,2,57,57,57,1,0,0,1.0,1.0,,38.0,6.0,30.0,,,6.0,,,4.0,3.0,0.0,1,1.0,1.0,1.0,1511.0,500.0,2.0,2.0,,,,11012.4153,2805.4786,,,0.0,0.0,0,0,8156,1,,,,2.0,,,2850.0017,9480.0,5700.0,-1,,,,,,,355117.0,2009,597,582,,,,,,16.0,17.0,51.0,2009,MIS4_to_MIS8,True,False,False
191928306041789,10,2.0,1,4,2,8400,84001,1,1,33,17,0,0,3.0,2.0,,0,3,36,1.0,2,39,1,,2,1,2,1,2,57,57,57,1,0,0,1.0,1.0,,32.0,,32.0,,,15.0,,,6.0,3.0,0.0,1,2.0,,1.0,880.0,281.6,2.0,2.0,,,,11237.236,2699.6504,0.0,0.0,0.0,0.0,0,0,7837,2,1.0,,,,,,2729.9447,8170.0,3600.0,-1,,,,,,,353517.0,2008,585,582,0.0,0.0,0.0,0.0,0.0,12.0,11.0,42.0,2008,2.0,1,8,2,8400,84001,1,17,0,0,3.0,2.0,,0,3,37,1.0,2,39,1,,1,2,1,2,57,57,57,1,0,0,1.0,1.0,,20.0,,20.0,,,14.0,,,6.0,4.0,0.0,1,2.0,,1.0,965.0,193.0,2.0,2.0,,,,11414.8026,2907.9892,0.0,0.0,0.0,0.0,0,0,8060,2,1.0,,,,,,2954.1392,8170.0,4610.0,-1,,,,,,,355129.0,2009,597,582,0.0,0.0,0.0,0.0,0.0,12.0,15.0,42.0,2009,MIS4_to_MIS8,False,True,True
193928105009789,10,2.0,1,4,2,8400,84001,1,1,33,17,0,0,3.0,2.0,,0,1,37,2.0,2,44,1,,1,1,1,1,2,57,57,57,1,0,0,2.0,1.0,,40.0,6.0,32.0,,,6.0,,,4.0,3.0,0.0,1,2.0,2.0,2.0,,1653.0,2.0,2.0,,,,11237.236,2699.6504,2.0,2.0,1.0,,0,0,31757,1,,,,,,2.0,2729.9447,7860.0,230.0,-1,,,,,,,353521.0,2008,585,582,0.0,1.0,0.0,0.0,1.0,18.0,1.0,40.0,2008,1.0,1,8,2,8400,84001,1,17,0,0,3.0,2.0,,0,1,38,2.0,2,44,1,,1,1,1,2,57,57,57,1,0,0,1.0,1.0,,40.0,,45.0,,,,,,2.0,3.0,0.0,1,2.0,2.0,2.0,,1355.76,2.0,2.0,,,,11414.8026,2907.9892,8.0,2.0,0.0,,0,0,58564,1,,,,,,2.0,2954.1392,7860.0,230.0,-1,,,,,,,355131.0,2009,597,582,0.0,1.0,1.0,0.0,1.0,18.0,1.0,40.0,2009,MIS4_to_MIS8,True,False,False
571280018909993,10,1.0,1,4,2,8400,84001,1,1,33,17,0,0,3.0,2.0,,0,1,30,2.0,2,43,1,,1,1,1,1,2,57,57,57,1,0,0,1.0,7.0,,,,,,,,,,1.0,2.0,0.0,2,,,,,,,,,,,10179.7899,2734.1706,8.0,2.0,,,0,0,31758,1,,,,1.0,1.0,,2628.0904,7870.0,5810.0,-1,2.0,,,,,,353575.0,2008,585,582,0.0,1.0,1.0,0.0,1.0,18.0,17.0,40.0,2008,1.0,1,8,2,8400,84001,1,17,0,0,3.0,2.0,,0,1,31,2.0,2,43,1,,1,1,1,2,57,57,57,1,0,0,1.0,7.0,,,,,,,,,,1.0,,,2,,,,,,,,,,,11844.7734,3085.4396,8.0,2.0,,,0,0,44212,1,,,,1.0,1.0,,2976.2861,,,-1,2.0,,,,,,355187.0,2009,597,582,0.0,1.0,1.0,0.0,1.0,18.0,,,2009,MIS4_to_MIS8,False,True,True
608903841994847,10,1.0,1,4,2,8400,84001,1,1,33,17,0,0,3.0,2.0,,0,1,60,2.0,2,41,1,,1,1,1,1,2,57,128,57,1,0,0,1.0,1.0,,44.0,,42.0,,,,,,2.0,2.0,0.0,1,2.0,,1.0,1704.0,647.52,1.0,,,,,11271.4625,2818.3904,0.0,0.0,0.0,0.0,0,0,43652,1,,,4.0,,,,2811.3763,8290.0,3410.0,-1,,,,,,,353579.0,2008,585,582,0.0,0.0,0.0,0.0,0.0,15.0,10.0,42.0,2008,1.0,1,8,2,8400,84001,1,17,0,0,3.0,2.0,,0,1,61,2.0,2,41,1,,1,1,1,2,57,128,57,1,0,0,1.0,1.0,,38.0,4.0,7.0,,,4.0,,,4.0,2.0,0.0,1,2.0,,1.0,1821.0,691.98,1.0,,,,,13758.8473,3298.4054,0.0,0.0,0.0,0.0,0,0,51294,1,,,3.0,,,,3354.3446,8290.0,3410.0,-1,,,,,,,355193.0,2009,597,582,0.0,0.0,0.0,0.0,0.0,14.0,10.0,42.0,2009,MIS4_to_MIS8,True,False,False
688162659700948,10,1.0,4,4,2,8400,84001,1,1,33,17,0,0,3.0,2.0,,0,1,52,,2,43,1,,1,1,1,5,2,57,57,57,1,0,0,1.0,1.0,,40.0,5.0,32.0,,,5.0,,,4.0,3.0,0.0,1,2.0,2.0,2.0,,653.84,2.0,2.0,,,,11828.6433,2948.0629,0.0,0.0,0.0,,0,0,43595,1,,,,2.0,,,2950.3448,9470.0,5700.0,-1,,,,,,,353596.0,2008,585,582,0.0,0.0,0.0,0.0,0.0,16.0,17.0,51.0,2008,1.0,4,8,2,8400,84001,1,17,0,0,3.0,2.0,,0,1,53,,2,43,1,,1,1,5,2,57,57,57,1,0,0,1.0,2.0,5.0,40.0,,,,,,,,5.0,3.0,0.0,1,2.0,2.0,2.0,,713.42,2.0,2.0,,,,13714.6108,3333.6555,0.0,0.0,0.0,,0,0,33840,1,,,,2.0,,,3373.0198,9470.0,2140.0,-1,,,,,,,355211.0,2009,597,582,0.0,0.0,0.0,0.0,0.0,16.0,7.0,51.0,2009,MIS4_to_MIS8,True,False,False
810709913825099,10,1.0,1,4,2,8400,84001,1,1,33,17,0,0,3.0,2.0,,0,3,56,1.0,2,44,1,,2,1,2,1,2,57,57,57,1,0,0,2.0,1.0,,50.0,,40.0,,,,,,2.0,3.0,0.0,1,2.0,2.0,2.0,,865.38,1.0,,,,,11653.848,2807.1085,0.0,0.0,0.0,,0,0,8098,2,,,,,,3.0,2829.4692,7860.0,2320.0,-1,,,,,,,353616.0,2008,585,582,0.0,0.0,0.0,0.0,0.0,18.0,8.0,40.0,2008,1.0,1,8,2,8400,84001,1,17,0,0,3.0,2.0,,0,3,57,1.0,2,44,1,,1,2,1,2,57,57,57,1,0,0,2.0,1.0,,60.0,,50.0,,,,,,2.0,3.0,0.0,1,2.0,2.0,2.0,,1442.0,1.0,,,,,13445.5486,3423.3431,0.0,0.0,1.0,,0,42,63391,2,,,,,,3.0,3447.6738,7860.0,2320.0,-1,,,,,,,355226.0,2009,597,582,0.0,0.0,0.0,0.0,0.0,18.0,8.0,40.0,2009,MIS4_to_MIS8,True,False,False
98067155180740,10,1.0,1,4,2,8400,84001,1,1,33,17,28100,91,,1.0,,2,3,34,1.0,2,40,1,,2,1,2,1,2,57,57,57,1,0,0,2.0,1.0,,40.0,,40.0,,,,,,2.0,3.0,0.0,1,2.0,2.0,2.0,,500.0,2.0,2.0,,,,11257.8516,2707.5063,3.0,3.0,0.0,,0,0,54722,2,,,3.0,,,,2756.8347,7860.0,5700.0,-1,,,,,,,353647.0,2008,585,582,0.0,0.0,1.0,0.0,0.0,14.0,17.0,40.0,2008,2.0,1,8,2,8400,84001,1,17,28100,91,,1.0,,2,3,35,1.0,2,40,1,,1,2,1,2,57,57,57,1,0,0,1.0,1.0,,40.0,,40.0,,,,,,2.0,3.0,0.0,1,2.0,2.0,2.0,,425.0,2.0,2.0,,,,11142.7547,2838.6834,10.0,3.0,0.0,,0,0,51267,2,,,3.0,,,,2883.7335,7860.0,5700.0,-1,,,,,,,355259.0,2009,597,582,0.0,0.0,1.0,1.0,0.0,14.0,17.0,40.0,2009,MIS4_to_MIS8,True,False,False
196968507046779,10,1.0,3,4,2,8400,84001,1,1,33,17,44100,0,,1.0,,2,6,51,,2,43,1,,3,1,4,5,2,57,57,57,1,0,0,1.0,1.0,,37.0,,37.0,,,,,,2.0,2.0,0.0,1,2.0,2.0,2.0,,826.0,2.0,2.0,,,,11931.0994,2973.5981,,,1.0,,0,0,54737,3,,,,2.0,,,2975.8998,9480.0,430.0,-1,,,,,,,353670.0,2008,585,582,,,,,,16.0,1.0,51.0,2008,3.0,3,8,2,8400,84001,1,17,44100,0,,1.0,,2,6,52,,2,43,1,,1,4,5,2,57,57,57,1,0,0,1.0,1.0,,38.0,6.0,23.0,,,6.0,,,4.0,2.0,0.0,1,2.0,2.0,2.0,,1800.0,2.0,2.0,,,,13079.493,3179.2753,,,1.0,,0,0,51295,3,,,,2.0,,,3216.8167,9480.0,430.0,-1,,,,,,,355280.0,2009,597,582,,,,,,16.0,1.0,51.0,2009,MIS4_to_MIS8,True,False,False
199958303081779,10,2.0,7,4,2,8400,84001,1,1,33,17,19340,0,,1.0,,3,2,68,,2,39,1,,2,0,0,4,2,57,57,57,1,0,0,1.0,1.0,,40.0,,40.0,,,,,,2.0,3.0,0.0,1,1.0,,1.0,1291.0,535.76,1.0,,,,,11755.0675,2691.7133,,,0.0,0.0,0,0,16843,2,1.0,,,,,,2706.3496,9090.0,4350.0,-1,,,,,,,353691.0,2008,585,582,,,,,,12.0,15.0,48.0,2008,2.0,7,8,2,8400,84001,1,17,19340,0,,1.0,,3,2,69,,2,39,1,,0,0,4,2,57,57,57,1,0,0,1.0,1.0,,40.0,,40.0,,,,,,2.0,3.0,0.0,1,2.0,1.0,1.0,1291.0,516.0,1.0,,,,,13710.2796,3406.6908,,,0.0,0.0,0,0,33935,2,1.0,,,,,,3359.4742,9090.0,3900.0,-1,,,,,,,355290.0,2009,597,582,,,,,,12.0,12.0,48.0,2009,MIS4_to_MIS8,True,False,False
460177008518590,10,1.0,6,4,2,8400,84001,1,1,33,17,28100,91,,1.0,,2,2,48,,1,40,1,,1,0,0,5,2,57,57,57,1,0,0,1.0,1.0,,42.0,,42.0,,,,,,2.0,3.0,0.0,1,1.0,,1.0,3700.0,1600.0,1.0,,,,,12047.2557,3007.9001,,,0.0,0.0,0,0,31564,1,,,4.0,,,,3042.6858,9470.0,3850.0,-1,3.0,,,,,,353713.0,2008,585,582,,,,,,15.0,12.0,51.0,2008,1.0,6,8,2,8400,84001,1,17,28100,91,,1.0,,2,2,49,,1,40,1,,0,0,3,2,57,57,57,1,0,0,1.0,1.0,,40.0,4.0,24.0,,,4.0,,,4.0,3.0,0.0,1,1.0,2.0,2.0,,1500.0,1.0,,,,,11527.639,2896.4566,,,0.0,,0,0,66462,1,,,4.0,,,,2918.7,9470.0,3710.0,-1,3.0,,,,,,355314.0,2009,597,582,,,,,,15.0,12.0,51.0,2009,MIS4_to_MIS8,True,False,False
237838910329101,11,1.0,4,4,2,8500,85001,1,1,33,17,16980,0,1.0,1.0,,7,1,43,,2,44,1,,1,1,1,6,2,57,119,57,1,0,0,1.0,1.0,,35.0,,35.0,,,,,,2.0,3.0,0.0,1,2.0,2.0,2.0,,321.15,1.0,,,,,14518.3836,3713.0244,10.0,3.0,0.0,,0,0,31035,1,,,,,,2.0,3687.1561,7860.0,2540.0,-1,,,,,,,390774.0,2008,586,583,0.0,0.0,1.0,1.0,0.0,18.0,8.0,40.0,2008,1.0,4,8,2,8500,85001,1,17,16980,0,1.0,1.0,,7,1,44,,2,44,1,,1,1,6,2,57,119,57,1,0,0,1.0,1.0,,35.0,,35.0,,,,,,2.0,4.0,0.0,1,2.0,2.0,2.0,,307.69,1.0,,,,,14018.1984,3410.5506,10.0,2.0,0.0,,0,0,60072,1,,,,,,2.0,3468.8542,7860.0,2310.0,-1,,,,,,,414503.0,2009,598,583,0.0,0.0,1.0,1.0,0.0,18.0,8.0,40.0,2009,MIS4_to_MIS8,False,True,True
350975091911879,11,1.0,7,4,2,8500,85002,2,2,33,17,16980,0,1.0,1.0,1.0,7,2,39,,2,45,1,,1,0,0,7,2,57,57,57,1,0,0,1.0,1.0,,50.0,,42.0,,,,,,2.0,3.0,0.0,1,2.0,2.0,2.0,,1576.92,2.0,2.0,,,,14055.6421,3571.1802,,,0.0,,0,0,42167,1,,,,,,,3569.6361,7860.0,2100.0,-1,,,,,,,390789.0,2008,586,583,,,,,,18.0,7.0,40.0,2008,1.0,7,8,2,8500,85002,2,17,16980,0,1.0,1.0,1.0,7,2,40,,2,45,1,,0,0,7,2,57,57,57,1,0,0,1.0,1.0,,45.0,6.0,33.0,,,6.0,,,4.0,2.0,0.0,1,2.0,2.0,2.0,,963.0,2.0,2.0,,,,14018.1984,3410.5506,,,1.0,,0,0,23243,1,,,,,,,3468.8542,7860.0,2100.0,-1,,,,,,,395259.0,2009,598,583,,,,,,18.0,7.0,40.0,2009,MIS4_to_MIS8,True,False,True
728390133280911,11,1.0,1,4,2,8500,85001,1,1,33,17,16980,0,1.0,1.0,,7,1,34,2.0,1,43,4,,1,1,1,1,2,233,233,233,5,0,20,2.0,1.0,,40.0,,40.0,,,,,,2.0,2.0,0.0,1,2.0,2.0,2.0,,0.03,1.0,,,,,19697.461,4938.1865,2.0,1.0,0.0,,0,0,31034,1,,,,2.0,,,4923.7449,8090.0,3130.0,-1,,,,,,,390847.0,2008,586,583,0.0,1.0,0.0,0.0,1.0,16.0,10.0,42.0,2008,2.0,1,8,2,8500,85001,1,17,16980,0,1.0,1.0,,7,1,35,2.0,1,43,4,,1,1,1,2,233,233,233,5,0,20,2.0,1.0,,40.0,,40.0,,,,,,2.0,4.0,0.0,1,1.0,2.0,2.0,,769.23,1.0,,,,,15340.7047,3975.4725,6.0,2.0,0.0,,0,0,46269,1,,,,2.0,,,3912.2435,8190.0,3130.0,-1,,,,,,,406963.0,2009,598,583,1.0,0.0,1.0,0.0,1.0,16.0,10.0,41.0,2009,MIS4_to_MIS8,False,True,True
2601170997690,11,1.0,7,4,2,8500,85001,1,1,33,17,16980,0,2.0,1.0,,7,2,61,,2,43,2,,1,0,0,4,2,57,57,57,1,0,0,1.0,1.0,,40.0,6.0,32.0,,,6.0,,,4.0,3.0,0.0,1,2.0,2.0,2.0,,711.53,1.0,,,,,15082.8666,3201.6472,,,0.0,,0,0,62391,1,,,,1.0,1.0,,3224.0279,7860.0,2310.0,-1,,,,,,,390936.0,2008,586,583,,,,,,18.0,8.0,40.0,2008,1.0,7,8,2,8500,85001,1,17,16980,0,2.0,1.0,,7,2,62,,2,43,2,,0,0,4,2,57,57,57,1,0,0,1.0,1.0,,40.0,6.0,28.0,,,6.0,,,4.0,3.0,0.0,1,2.0,2.0,2.0,,750.0,1.0,,,,,16513.2762,3070.9533,,,0.0,,0,0,46387,1,,,,1.0,1.0,,3132.6804,7860.0,2310.0,-1,,,,,,,407009.0,2009,598,583,,,,,,18.0,8.0,40.0,2009,MIS4_to_MIS8,True,False,False
20241170999694,11,1.0,1,4,2,8500,85001,1,1,33,17,16980,0,2.0,1.0,,7,3,48,1.0,2,43,1,,2,1,2,1,2,57,126,57,1,0,0,2.0,1.0,,40.0,,36.0,,,,,,2.0,3.0,0.0,1,2.0,1.0,1.0,1548.0,500.0,1.0,,,,,11014.1755,2836.447,4.0,1.0,0.0,0.0,0,0,18672,2,,,,2.0,,,2804.5067,7860.0,5320.0,-1,,,,,,,390949.0,2008,586,583,0.0,0.0,0.0,1.0,0.0,16.0,17.0,40.0,2008,1.0,1,8,2,8500,85001,1,17,16980,0,2.0,1.0,,7,3,49,1.0,2,43,1,,1,2,1,2,57,126,57,1,0,0,2.0,1.0,,40.0,6.0,32.0,,,6.0,,,4.0,3.0,0.0,1,2.0,2.0,2.0,,384.61,1.0,,,,,13129.8618,3260.6355,4.0,1.0,0.0,,0,0,9840,2,,,,2.0,,,3247.3133,7860.0,5320.0,-1,,,,,,,387882.0,2009,598,583,0.0,0.0,0.0,1.0,0.0,16.0,17.0,40.0,2009,MIS4_to_MIS8,True,False,False
39331170927176,11,1.0,4,4,2,8500,85001,1,1,33,17,16980,0,2.0,1.0,,7,4,40,,2,44,2,,2,2,1,7,2,57,57,57,1,0,0,2.0,1.0,,40.0,,40.0,,,,,,2.0,3.0,0.0,1,2.0,,1.0,1725.0,690.0,2.0,2.0,,,,15908.6164,3923.202,4.0,1.0,1.0,1.0,0,42,49630,2,,,,,,3.0,3993.4263,9470.0,5000.0,-1,,,,,1.0,,390963.0,2008,586,583,0.0,0.0,0.0,1.0,0.0,18.0,17.0,51.0,2008,1.0,4,8,2,8500,85001,1,17,16980,0,2.0,1.0,,7,4,41,,2,44,2,,2,1,7,2,57,57,57,1,0,0,2.0,1.0,,40.0,,40.0,,,,,,2.0,2.0,0.0,1,2.0,,1.0,3600.0,1440.0,2.0,2.0,,,,15411.2713,3522.2655,4.0,1.0,1.0,1.0,0,0,35949,2,,,,,,3.0,3649.4875,9470.0,430.0,-1,,,,,1.0,,401510.0,2009,598,583,0.0,0.0,0.0,1.0,0.0,18.0,1.0,51.0,2009,MIS4_to_MIS8,True,False,True
110700005257415,11,2.0,1,4,2,8500,85001,1,1,33,17,16980,0,2.0,1.0,,7,1,27,2.0,2,43,1,,1,1,1,1,2,57,57,57,1,0,0,2.0,1.0,,40.0,6.0,32.0,,,6.0,,,4.0,3.0,0.0,1,2.0,,1.0,1700.0,680.0,1.0,,,,,13389.6586,3395.2154,0.0,0.0,1.0,1.0,0,42,65836,1,,,,2.0,,,3398.3551,7860.0,2320.0,-1,,,,,,,391026.0,2008,586,583,0.0,0.0,0.0,0.0,0.0,16.0,8.0,40.0,2008,2.0,1,8,2,8500,85001,1,17,16980,0,2.0,1.0,,7,1,28,2.0,2,43,1,,1,1,1,2,57,57,57,1,0,0,2.0,1.0,,40.0,6.0,32.0,,,6.0,,,4.0,3.0,0.0,1,2.0,2.0,2.0,,865.38,1.0,,,,,13147.794,3293.3257,0.0,0.0,0.0,,0,0,67055,1,,,,2.0,,,3338.5161,7860.0,2320.0,-1,,,,,,,417891.0,2009,598,583,0.0,0.0,0.0,0.0,0.0,16.0,8.0,40.0,2009,MIS4_to_MIS8,True,False,False
192981002078778,11,1.0,1,4,2,8500,85001,1,1,33,17,16980,0,2.0,1.0,,7,1,54,2.0,2,44,1,,1,1,1,1,2,57,57,57,1,0,0,1.0,1.0,,50.0,,50.0,,,,,,2.0,3.0,0.0,1,2.0,2.0,2.0,,2500.0,2.0,2.0,,,,11180.2275,2860.7763,0.0,0.0,0.0,,0,0,53611,1,,,,,,2.0,2846.788,7860.0,230.0,-1,,,,,,,391053.0,2008,586,583,0.0,0.0,0.0,0.0,0.0,18.0,1.0,40.0,2008,3.0,1,8,2,8500,85001,1,17,16980,0,2.0,1.0,,7,1,55,2.0,2,44,1,,1,1,1,2,57,57,57,1,0,0,1.0,1.0,,60.0,,60.0,,,,,,2.0,3.0,0.0,1,2.0,2.0,2.0,,2500.0,1.0,,,,,12931.8953,3094.0849,0.0,0.0,0.0,,0,0,5551,1,,,,,,2.0,3123.1061,7860.0,2320.0,-1,,,,,,,384495.0,2009,598,583,0.0,0.0,0.0,0.0,0.0,18.0,8.0,40.0,2009,MIS4_to_MIS8,True,False,False
192981002078778,11,1.0,1,4,2,8500,85001,1,1,33,17,16980,0,2.0,1.0,,7,4,23,,2,43,1,,3,1,3,7,2,57,57,57,1,0,0,2.0,1.0,,28.0,,28.0,,,20.0,,,7.0,3.0,0.0,1,2.0,,1.0,1100.0,308.0,2.0,2.0,1.0,1.0,2.0,13771.0353,3517.2047,,,0.0,0.0,0,0,53611,3,,,,2.0,,,3493.0261,7860.0,2540.0,-1,,,,,1.0,1.0,391055.0,2008,586,583,,,,,,16.0,8.0,40.0,2008,3.0,1,8,2,8500,85001,1,17,16980,0,2.0,1.0,,7,4,24,,2,43,1,,1,3,7,2,57,57,57,1,0,0,2.0,1.0,,35.0,6.0,34.0,,,6.0,,,4.0,3.0,0.0,1,2.0,,1.0,1100.0,385.0,1.0,,2.0,,,13653.4904,3522.7173,,,0.0,0.0,0,0,5551,3,,,,1.0,2.0,,3565.23,7860.0,2540.0,2340,,,,,1.0,1.0,384497.0,2009,598,583,,,,,,17.0,8.0,40.0,2009,MIS4_to_MIS8,True,False,False
401902031896587,11,1.0,1,4,2,8500,85001,1,1,33,17,40420,0,2.0,1.0,,3,3,45,1.0,2,39,1,,2,1,2,1,2,57,57,57,1,0,0,2.0,2.0,5.0,30.0,,,,,,,,10.0,2.0,0.0,1,2.0,,1.0,786.0,235.8,1.0,,,,,11279.3113,2904.7267,4.0,1.0,1.0,1.0,0,0,4501,2,1.0,,,,,,2872.0174,7860.0,4600.0,-1,,,,,,,391145.0,2008,586,583,0.0,0.0,0.0,1.0,0.0,12.0,15.0,40.0,2008,5.0,1,8,2,8500,85001,1,17,40420,0,2.0,1.0,,3,3,46,1.0,2,39,1,,1,2,1,2,57,57,57,1,0,0,2.0,1.0,,30.0,,30.0,,,22.0,,,7.0,2.0,0.0,1,2.0,,1.0,390.0,117.0,1.0,,,,,13137.6012,3262.5575,0.0,0.0,1.0,1.0,0,0,20284,2,1.0,,,,,,3249.2274,7860.0,3940.0,-1,,,,,,,393148.0,2009,598,583,0.0,0.0,0.0,0.0,0.0,12.0,12.0,40.0,2009,MIS4_to_MIS8,True,False,False
514190389700862,11,2.0,1,4,2,8500,85001,1,1,33,17,40420,0,2.0,1.0,,3,3,59,1.0,2,39,1,,2,1,2,1,2,57,57,57,1,0,0,2.0,1.0,,40.0,6.0,24.0,,,6.0,,,4.0,3.0,0.0,1,2.0,,1.0,1620.0,648.0,2.0,2.0,,,,11543.4629,2906.8339,0.0,0.0,0.0,0.0,0,0,15861,2,1.0,,,,,,2883.5553,8570.0,5860.0,-1,,,,,,,391206.0,2008,586,583,0.0,0.0,0.0,0.0,0.0,12.0,17.0,44.0,2008,2.0,1,8,2,8500,85001,1,17,40420,0,2.0,1.0,,3,3,60,1.0,2,39,1,,1,2,1,2,57,57,57,1,0,0,1.0,1.0,,40.0,6.0,32.0,,,6.0,,,4.0,3.0,0.0,1,2.0,,1.0,1650.0,660.0,2.0,2.0,,,,12493.2151,3182.127,0.0,0.0,0.0,0.0,0,0,23614,2,1.0,,,,,,3181.0299,670.0,5860.0,-1,,,,,,,395371.0,2009,598,583,0.0,0.0,0.0,0.0,0.0,12.0,17.0,24.0,2009,MIS4_to_MIS8,True,False,False
730978098511629,11,2.0,1,4,2,8500,85001,1,1,33,17,37900,0,2.0,1.0,,3,1,70,2.0,1,40,1,,1,1,1,1,2,57,57,57,1,0,0,2.0,1.0,,15.0,,12.0,,,21.0,,,7.0,3.0,0.0,1,2.0,,1.0,940.0,141.0,2.0,2.0,,,,11703.4537,2907.8065,0.0,0.0,0.0,0.0,0,0,31306,1,,,3.0,,,,2847.0451,7860.0,4220.0,-1,5.0,,,,,,391277.0,2008,586,583,0.0,0.0,0.0,0.0,0.0,14.0,14.0,40.0,2008,1.0,1,8,2,8500,85001,1,17,37900,0,2.0,1.0,,3,1,76,2.0,1,40,1,,1,1,1,2,57,57,57,1,0,0,2.0,2.0,14.0,8.0,,,,,,,,10.0,3.0,0.0,1,2.0,,1.0,950.0,76.0,2.0,2.0,,,,10929.6702,2960.8475,0.0,0.0,0.0,0.0,0,0,20274,1,,,2.0,,,,2942.1645,7860.0,4220.0,-1,5.0,,,,,,393134.0,2009,598,583,0.0,0.0,0.0,0.0,0.0,13.0,14.0,40.0,2009,MIS4_to_MIS8,True,False,False
767569510349109,11,1.0,1,4,2,8500,85001,1,1,33,17,16980,0,2.0,1.0,,7,3,44,1.0,2,43,1,,2,1,2,1,2,57,57,57,1,0,0,2.0,1.0,,16.0,,16.0,,,18.0,,,7.0,3.0,0.0,1,2.0,,1.0,1000.0,160.0,2.0,2.0,,,,13011.8068,3327.7228,10.0,3.0,0.0,0.0,0,0,49743,2,,,,2.0,,,3304.5389,7860.0,5860.0,-1,,,,,7.0,1.0,391290.0,2008,586,583,0.0,0.0,1.0,1.0,0.0,16.0,17.0,40.0,2008,1.0,1,8,2,8500,85001,1,17,16980,0,2.0,1.0,,7,3,45,1.0,2,43,1,,1,2,1,2,57,57,57,1,0,0,2.0,1.0,,16.0,,16.0,,,18.0,,,7.0,4.0,0.0,1,2.0,1.0,1.0,3700.0,57.69,2.0,2.0,,,,13129.8618,3260.6355,10.0,3.0,0.0,1.0,0,0,36171,2,,,,2.0,,,3247.3133,7860.0,230.0,-1,,,,,7.0,1.0,401646.0,2009,598,583,0.0,0.0,1.0,1.0,0.0,16.0,1.0,40.0,2009,MIS4_to_MIS8,False,True,True
901903991892647,11,2.0,6,4,2,8500,85001,1,1,33,17,16980,0,2.0,1.0,,7,2,29,,1,39,1,,1,0,0,7,2,57,57,57,1,0,0,2.0,2.0,4.0,40.0,,,,,,,,5.0,3.0,0.0,1,2.0,2.0,2.0,,769.23,2.0,2.0,,,,14631.1112,3668.1773,,,0.0,,0,0,57485,1,1.0,,,,,,3657.317,9470.0,3850.0,-1,,,,,,,391362.0,2008,586,583,,,,,,12.0,12.0,51.0,2008,2.0,6,8,2,8500,85001,1,17,16980,0,2.0,1.0,,7,2,30,,1,39,1,,0,0,7,2,57,57,57,1,0,0,2.0,1.0,,40.0,,40.0,,,,,,2.0,3.0,0.0,1,2.0,1.0,1.0,1800.0,769.23,2.0,2.0,,,,13947.5422,3514.7075,,,0.0,0.0,0,0,10020,1,1.0,,,,,,3548.7997,9470.0,3850.0,-1,,,,,,,387941.0,2009,598,583,,,,,,12.0,12.0,51.0,2009,MIS4_to_MIS8,True,False,False
934047927117370,11,3.0,1,4,2,8500,85001,1,1,33,17,16980,0,2.0,1.0,,7,1,47,2.0,2,40,1,,1,1,1,1,2,57,57,57,1,0,0,1.0,1.0,,40.0,,40.0,,,,,,2.0,3.0,0.0,1,1.0,2.0,2.0,,642.85,2.0,2.0,,,,11014.1755,2836.447,4.0,1.0,0.0,,0,0,53535,1,,,3.0,,,,2804.5067,7860.0,5700.0,-1,,,,,,,391384.0,2008,586,583,0.0,0.0,0.0,1.0,0.0,14.0,17.0,40.0,2008,1.0,1,8,2,8500,85001,1,17,16980,0,2.0,1.0,,7,1,48,2.0,2,40,1,,1,1,1,2,57,57,57,1,0,0,1.0,1.0,,40.0,,40.0,,,,,,2.0,3.0,0.0,1,2.0,2.0,2.0,,666.66,2.0,2.0,,,,13129.8618,3260.6355,0.0,0.0,0.0,,0,0,9729,1,,,3.0,,,,3247.3133,7860.0,5700.0,-1,,,,,,,387819.0,2009,598,583,0.0,0.0,0.0,0.0,0.0,14.0,17.0,40.0,2009,MIS4_to_MIS8,True,False,False
977247310349107,11,1.0,4,4,2,8500,85001,1,1,33,17,16980,0,2.0,1.0,,7,1,56,,2,45,1,,1,1,1,7,2,57,57,57,1,0,0,1.0,1.0,,50.0,,45.0,,,,,,2.0,3.0,0.0,1,2.0,2.0,2.0,,2307.69,2.0,2.0,,,,11272.1179,2838.5048,0.0,0.0,0.0,,0,0,31033,1,,,,,,,2815.7733,7860.0,2310.0,-1,,,,,,,391428.0,2008,586,583,0.0,0.0,0.0,0.0,0.0,18.0,8.0,40.0,2008,1.0,4,8,2,8500,85001,1,17,16980,0,2.0,1.0,,7,1,57,,2,45,1,,1,1,5,2,57,57,57,1,0,0,1.0,1.0,,48.0,,45.0,,,,,,2.0,3.0,0.0,1,2.0,2.0,2.0,,2307.69,2.0,2.0,,,,12931.8953,3094.0849,0.0,0.0,0.0,,0,0,56807,1,,,,,,,3123.1061,7860.0,230.0,2310,,,,,,,412712.0,2009,598,583,0.0,0.0,0.0,0.0,0.0,18.0,1.0,40.0,2009,MIS4_to_MIS8,True,False,False
540977092511529,11,1.0,7,4,2,8500,85001,1,1,33,17,0,0,3.0,2.0,,0,2,50,,2,44,1,,1,0,0,5,2,57,57,57,1,0,0,1.0,1.0,,40.0,6.0,32.0,,,6.0,,,4.0,2.0,0.0,1,2.0,2.0,2.0,,1250.0,2.0,2.0,,,,11363.153,2907.583,,,0.0,,0,0,31301,1,,,,,,3.0,2893.3658,7860.0,230.0,-1,,,,,,,391491.0,2008,586,583,,,,,,18.0,1.0,40.0,2008,1.0,7,8,2,8500,85001,1,17,0,0,3.0,2.0,,0,2,51,,2,44,1,,0,0,5,2,57,57,57,1,0,0,1.0,1.0,,40.0,,38.0,,,,,,2.0,2.0,0.0,1,2.0,2.0,2.0,,1346.07,2.0,2.0,,,,13524.1034,3309.768,,,0.0,,0,0,9979,1,,,,,,3.0,3344.8182,7860.0,230.0,-1,,,,,,,387914.0,2009,598,583,,,,,,18.0,1.0,40.0,2009,MIS4_to_MIS8,True,False,False
957529710249105,11,1.0,7,4,2,8500,85001,1,1,33,17,0,0,3.0,2.0,,0,2,61,,2,39,1,,1,0,0,5,2,57,57,57,1,0,0,1.0,1.0,,20.0,,20.0,,,23.0,,,7.0,2.0,0.0,1,2.0,2.0,2.0,,207.69,2.0,2.0,,,,10960.9169,2828.3079,,,0.0,,0,0,4491,1,1.0,,,,,,2798.9755,7860.0,9120.0,-1,,,,,,,391570.0,2008,586,583,,,,,,12.0,22.0,40.0,2008,1.0,7,8,2,8500,85001,1,17,0,0,3.0,2.0,,0,2,62,,2,39,1,,0,0,5,2,57,57,57,1,0,0,1.0,1.0,,25.0,,20.0,,,21.0,,,7.0,2.0,0.0,1,2.0,2.0,2.0,,225.0,2.0,2.0,,,,12817.6335,3264.7591,,,0.0,,0,42,5570,1,1.0,,,,,,3263.6335,6180.0,9120.0,-1,,,,,,,384528.0,2009,598,583,,,,,,12.0,22.0,23.0,2009,MIS4_to_MIS8,True,False,False
12841170991193,11,1.0,7,4,2,8500,85001,1,1,33,17,16580,0,,1.0,,2,2,33,,2,46,1,,1,0,0,7,2,301,301,301,5,0,17,1.0,1.0,,40.0,,40.0,,,,,,2.0,2.0,0.0,1,2.0,2.0,2.0,,1038.46,2.0,2.0,,,,14402.8896,3647.8012,,,0.0,,0,0,31017,1,,,,,,,3655.5177,7870.0,2200.0,-1,,,,,,,391582.0,2008,586,583,,,,,,18.0,8.0,40.0,2008,1.0,7,8,2,8500,85001,1,17,16580,0,,1.0,,2,2,34,,2,46,1,,0,0,7,2,301,301,301,5,0,17,1.0,1.0,,40.0,,35.0,,,,,,2.0,2.0,0.0,1,2.0,2.0,2.0,,1044.23,1.0,,,,,12750.2887,3207.9469,,,0.0,,0,0,53456,1,,,,,,,3237.5807,7870.0,2200.0,-1,,,,,,,410840.0,2009,598,583,,,,,,18.0,8.0,40.0,2009,MIS4_to_MIS8,True,False,False
68401170993295,11,1.0,1,4,2,8500,85001,1,1,33,17,16580,0,,1.0,,2,3,47,1.0,2,43,1,,2,1,2,1,2,57,57,57,1,0,0,2.0,1.0,,45.0,,45.0,,,,,,2.0,2.0,0.0,1,2.0,2.0,2.0,,769.0,2.0,2.0,,,,11410.097,2938.4075,10.0,2.0,1.0,,0,0,49791,2,,,,2.0,,,2905.319,7870.0,1020.0,-1,,,,,,,391599.0,2008,586,583,0.0,0.0,1.0,1.0,0.0,16.0,3.0,40.0,2008,1.0,1,8,2,8500,85001,1,17,16580,0,,1.0,,2,3,48,1.0,2,43,1,,1,2,1,2,57,57,57,1,0,0,2.0,1.0,,45.0,,45.0,,,,,,2.0,2.0,0.0,1,2.0,2.0,2.0,,903.84,2.0,2.0,,,,13289.9341,3300.3874,4.0,2.0,0.0,,0,0,20277,2,,,,2.0,,,3286.9028,7870.0,1020.0,-1,,,,,,,393140.0,2009,598,583,0.0,0.0,0.0,1.0,0.0,16.0,3.0,40.0,2009,MIS4_to_MIS8,True,False,False
120971093411189,11,1.0,6,4,2,8500,85001,1,1,33,17,16580,0,,1.0,,2,2,38,,1,40,2,,1,0,0,7,2,57,57,57,1,0,0,1.0,1.0,,40.0,,59.0,,,,,,2.0,3.0,0.0,1,2.0,,1.0,1290.0,516.0,1.0,,,,,13327.3845,3567.5719,,,1.0,1.0,0,0,49626,1,,,1.0,,,,3590.9396,7860.0,2540.0,3920,,,,,,,391616.0,2008,586,583,,,,,,12.0,8.0,40.0,2008,1.0,6,8,2,8500,85001,1,17,16580,0,,1.0,,2,2,39,,1,40,2,,0,0,7,2,57,57,57,1,0,0,1.0,1.0,,35.0,,38.0,,,,,,2.0,3.0,0.0,1,2.0,2.0,2.0,,230.0,2.0,2.0,,,,16252.9767,4174.2392,,,1.0,,0,42,68438,1,,,1.0,,,,4249.7486,7860.0,2540.0,4030,,,,,,,418424.0,2009,598,583,,,,,,12.0,8.0,40.0,2009,MIS4_to_MIS8,True,False,False
196931406096748,11,2.0,1,4,2,8500,85001,1,1,33,17,44100,0,,1.0,,2,1,50,2.0,1,44,1,,1,1,1,1,2,57,57,57,1,0,0,2.0,1.0,,40.0,6.0,32.0,,,6.0,,,4.0,2.0,0.0,1,2.0,2.0,2.0,,1211.53,1.0,,,,,13262.3363,3302.8146,5.0,3.0,0.0,,0,0,49796,1,,,,,,2.0,3308.1152,9570.0,1110.0,-1,,,,,,,391621.0,2008,586,583,1.0,1.0,0.0,0.0,1.0,18.0,3.0,51.0,2008,2.0,1,8,2,8500,85001,1,17,44100,0,,1.0,,2,1,51,2.0,1,44,1,,1,1,1,2,57,57,57,1,0,0,2.0,1.0,,40.0,6.0,32.0,,,6.0,,,4.0,2.0,0.0,1,2.0,2.0,2.0,,1250.0,1.0,,,,,12404.9224,3072.2503,5.0,3.0,0.0,,0,0,60134,1,,,,,,2.0,3106.4035,9570.0,1040.0,-1,,,,,,,414525.0,2009,598,583,1.0,1.0,0.0,0.0,1.0,18.0,3.0,51.0,2009,MIS4_to_MIS8,True,False,False
196931406096748,11,2.0,1,4,2,8500,85001,1,1,33,17,44100,0,,1.0,,2,3,39,1.0,2,44,1,,2,1,2,1,2,57,57,57,1,0,0,1.0,1.0,,35.0,6.0,28.0,,,6.0,,,4.0,2.0,0.0,1,2.0,2.0,2.0,,1038.46,1.0,,,,,12900.3241,3277.6433,5.0,3.0,0.0,,0,0,49796,2,,,,,,3.0,3276.2262,7860.0,3230.0,-1,,,,,,,391622.0,2008,586,583,1.0,1.0,0.0,0.0,1.0,18.0,10.0,40.0,2008,2.0,1,8,2,8500,85001,1,17,44100,0,,1.0,,2,3,40,1.0,2,44,1,,1,2,1,2,57,57,57,1,0,0,1.0,1.0,,40.0,6.0,32.0,,,6.0,,,4.0,2.0,0.0,1,2.0,2.0,2.0,,1057.69,1.0,,,,,13171.1639,3204.4717,5.0,3.0,0.0,,0,0,60134,2,,,,,,3.0,3259.2525,7860.0,3230.0,-1,,,,,,,414526.0,2009,598,583,1.0,1.0,0.0,0.0,1.0,18.0,10.0,40.0,2009,MIS4_to_MIS8,True,False,False
713196239700875,11,1.0,1,4,2,8500,85001,1,1,33,17,16580,0,,1.0,,2,1,42,2.0,1,39,1,,1,1,1,1,2,57,57,57,1,0,0,1.0,1.0,,40.0,,62.0,,,,,,2.0,3.0,0.0,1,2.0,,1.0,1600.0,640.0,1.0,,,,,12864.4468,3313.0709,3.0,2.0,1.0,1.0,0,0,18495,1,1.0,,,,,,3294.9112,770.0,6320.0,210,,,,,,,391647.0,2008,586,583,0.0,0.0,1.0,0.0,0.0,12.0,19.0,4.0,2008,2.0,1,8,2,8500,85001,1,17,16580,0,,1.0,,2,1,43,2.0,1,39,1,,1,1,1,2,57,57,57,1,0,0,2.0,1.0,,40.0,,66.0,,,,,,2.0,3.0,0.0,1,2.0,,1.0,3620.0,1448.0,1.0,,,,,13536.7321,3423.4914,6.0,3.0,1.0,1.0,0,0,53455,1,1.0,,,,,,3452.1877,770.0,6730.0,210,,,,,,,410835.0,2009,598,583,1.0,0.0,1.0,0.0,1.0,12.0,19.0,4.0,2009,MIS4_to_MIS8,True,False,False
713196239700875,11,1.0,1,4,2,8500,85001,1,1,33,17,16580,0,,1.0,,2,3,33,1.0,2,43,1,,2,1,2,1,2,57,57,57,1,0,0,2.0,1.0,,50.0,,50.0,,,,,,2.0,3.0,0.0,1,2.0,2.0,2.0,,2788.0,1.0,,,,,14482.1614,3667.8783,3.0,2.0,1.0,,0,0,18495,2,,,,1.0,2.0,,3675.6372,7860.0,2310.0,-1,,,,,,,391648.0,2008,586,583,0.0,0.0,1.0,0.0,0.0,17.0,8.0,40.0,2008,2.0,1,8,2,8500,85001,1,17,16580,0,,1.0,,2,3,34,1.0,2,43,1,,1,2,1,2,57,57,57,1,0,0,1.0,2.0,8.0,50.0,,,,,,,,5.0,3.0,0.0,1,2.0,2.0,2.0,,692.3,1.0,,,,,12241.0363,3079.82,6.0,3.0,0.0,,0,0,53455,2,,,,2.0,,,3108.2702,7860.0,2310.0,-1,,,,,,,410836.0,2009,598,583,1.0,0.0,1.0,0.0,1.0,16.0,8.0,40.0,2009,MIS4_to_MIS8,True,False,False
799270365110911,11,1.0,6,4,2,8500,85001,1,1,33,17,19340,0,,1.0,,3,2,65,,1,39,1,,1,0,0,5,2,57,57,57,1,0,0,1.0,1.0,,40.0,6.0,32.0,,,6.0,,,4.0,1.0,0.0,1,2.0,,1.0,2855.0,1142.0,1.0,,,,,12406.9557,3082.5966,,,0.0,0.0,0,0,42342,1,1.0,,,,,,3018.1828,9590.0,7340.0,-1,5.0,,,,,,391663.0,2008,586,583,,,,,,12.0,20.0,51.0,2008,1.0,6,8,2,8500,85001,1,17,19340,0,,1.0,,3,2,66,,1,39,1,,0,0,5,2,57,57,57,1,0,0,1.0,1.0,,40.0,6.0,32.0,,,6.0,,,4.0,4.0,0.0,1,2.0,1.0,1.0,2974.0,1100.0,1.0,,,,,11818.4971,3201.6307,,,0.0,0.0,0,0,9985,1,1.0,,,,,,3181.4283,7690.0,4200.0,-1,5.0,,,,,,387916.0,2009,598,583,,,,,,12.0,14.0,38.0,2009,MIS4_to_MIS8,False,True,True
799560024830911,11,1.0,1,4,2,8500,85001,1,1,33,17,16580,0,,1.0,,2,3,41,1.0,2,40,1,,2,1,2,1,2,57,57,57,1,0,0,2.0,1.0,,40.0,6.0,32.0,,,6.0,,,4.0,1.0,0.0,1,1.0,1.0,1.0,1400.0,769.0,1.0,,,,,13479.5362,3447.3429,10.0,3.0,1.0,1.0,0,0,7134,2,,,3.0,,,,3423.3256,6370.0,5550.0,-1,,,,,,,391671.0,2008,586,583,0.0,0.0,1.0,1.0,0.0,14.0,17.0,23.0,2008,1.0,1,8,2,8500,85001,1,17,16580,0,,1.0,,2,3,42,1.0,2,40,1,,1,2,1,2,57,57,57,1,0,0,2.0,1.0,,40.0,6.0,32.0,,,6.0,,,4.0,1.0,0.0,1,1.0,1.0,1.0,2194.0,490.0,1.0,,,,,13323.886,3241.6282,10.0,3.0,1.0,1.0,0,0,23563,2,,,3.0,,,,3297.0441,6370.0,5550.0,-1,,,,,,,395345.0,2009,598,583,0.0,0.0,1.0,1.0,0.0,14.0,17.0,23.0,2009,MIS4_to_MIS8,True,False,False
957809710809103,11,1.0,1,4,2,8500,85001,1,1,33,17,19500,115,,1.0,,2,4,22,,1,39,1,,5,1,3,7,2,57,57,57,1,0,0,2.0,1.0,,30.0,,22.0,,,22.0,,,7.0,3.0,0.0,1,2.0,2.0,2.0,,57.69,2.0,2.0,2.0,,,19461.3523,4555.9157,,,0.0,,0,0,18754,5,2.0,8.0,,,,,4594.3691,8390.0,9620.0,-1,,,,,1.0,3.0,391724.0,2008,586,583,,,,,,12.0,22.0,43.0,2008,1.0,1,8,2,8500,85001,1,17,19500,115,,1.0,,2,4,23,,1,39,1,,1,3,7,2,57,57,57,1,0,0,2.0,7.0,,,,,,,,,,1.0,5.0,0.0,2,,,,,,,,1.0,1.0,2.0,16908.0491,4080.5419,,,,,0,0,5563,5,2.0,6.0,,,,,4113.0729,9170.0,7750.0,-1,,,,,1.0,3.0,384521.0,2009,598,583,,,,,,10.0,21.0,49.0,2009,MIS4_to_MIS8,False,True,True
987129710659104,11,1.0,1,4,2,8500,85001,1,1,33,17,28100,91,,1.0,,2,1,50,2.0,2,40,2,,1,1,1,1,2,57,57,57,1,0,0,1.0,1.0,,40.0,,40.0,,,,,,2.0,2.0,0.0,1,2.0,2.0,2.0,,576.0,1.0,,,,,11959.0581,2809.811,0.0,0.0,1.0,,0,0,18722,1,,,3.0,,,,2829.4527,8390.0,2010.0,-1,,,,,,,391734.0,2008,586,583,0.0,0.0,0.0,0.0,0.0,14.0,6.0,43.0,2008,1.0,1,8,2,8500,85001,1,17,28100,91,,1.0,,2,1,51,2.0,2,42,2,,1,1,1,2,57,57,57,1,0,0,1.0,2.0,7.0,40.0,,,,,,,,5.0,2.0,0.0,1,2.0,,1.0,1100.0,440.0,2.0,2.0,,,,9777.9442,2501.3804,0.0,0.0,1.0,1.0,0,42,64365,1,,,3.0,,,,2551.6589,8390.0,2010.0,-1,,,,,,,416641.0,2009,598,583,0.0,0.0,0.0,0.0,0.0,14.0,6.0,43.0,2009,MIS4_to_MIS8,True,False,False
987129710659104,11,1.0,1,4,2,8500,85001,1,1,33,17,28100,91,,1.0,,2,3,52,1.0,1,43,2,,2,1,2,1,2,57,57,57,1,0,0,2.0,1.0,,40.0,,40.0,,,,,,2.0,2.0,0.0,1,2.0,2.0,2.0,,1826.0,1.0,,,,,13106.0774,3366.3253,0.0,0.0,1.0,,0,0,18722,2,,,,2.0,,,3298.7712,8090.0,350.0,-1,,,,,,,391735.0,2008,586,583,0.0,0.0,0.0,0.0,0.0,16.0,1.0,42.0,2008,1.0,1,8,2,8500,85001,1,17,28100,91,,1.0,,2,3,53,1.0,1,37,2,,1,2,1,2,57,57,57,1,0,0,2.0,2.0,5.0,40.0,,,,,,,,5.0,2.0,0.0,1,2.0,2.0,2.0,,450.0,2.0,2.0,,,,12659.3528,2996.8861,0.0,0.0,1.0,,0,42,64365,2,,,,,,,3012.14,8090.0,350.0,-1,,,,,,,416642.0,2009,598,583,0.0,0.0,0.0,0.0,0.0,11.0,1.0,42.0,2009,MIS4_to_MIS8,True,False,False
75881270988398,12,1.0,7,4,2,8500,85001,1,1,33,17,16980,0,1.0,1.0,1.0,7,2,26,,2,43,1,,1,0,0,7,2,57,57,57,1,0,0,1.0,1.0,,40.0,,40.0,,,,,,2.0,2.0,0.0,1,2.0,2.0,2.0,,865.38,2.0,2.0,,,,13622.8972,3375.2021,,,0.0,,0,0,17806,1,,,,2.0,,,3380.3757,9490.0,1840.0,-1,,,,,,,428057.0,2008,587,584,,,,,,16.0,5.0,51.0,2008,1.0,7,8,2,8500,85001,1,17,16980,0,1.0,1.0,1.0,7,2,27,,2,43,1,,0,0,7,2,57,57,57,1,0,0,1.0,1.0,,35.0,5.0,28.0,,,5.0,,,4.0,1.0,0.0,1,2.0,2.0,2.0,,384.0,2.0,2.0,,,,14773.3403,3741.4158,,,1.0,,0,0,32909,1,,,,2.0,,,3761.4263,9490.0,1840.0,-1,,,,,,,430332.0,2009,599,584,,,,,,16.0,5.0,51.0,2009,MIS4_to_MIS8,True,False,True
210709967533298,12,1.0,7,4,2,8500,85001,1,1,33,17,40420,0,1.0,1.0,,3,2,59,,2,44,2,,1,0,0,3,2,57,57,57,1,0,0,1.0,1.0,,40.0,,37.0,,,,,,2.0,3.0,0.0,1,2.0,2.0,2.0,,1211.53,1.0,,,,,10150.0257,2699.4316,,,0.0,,0,0,65290,1,,,,,,3.0,2640.6674,7860.0,2320.0,-1,,,,,,,428128.0,2008,587,584,,,,,,18.0,8.0,40.0,2008,1.0,7,8,2,8500,85001,1,17,40420,0,1.0,1.0,,3,2,60,,2,44,2,,0,0,3,2,57,57,57,1,0,0,1.0,1.0,,80.0,,70.0,,,,,,2.0,2.0,0.0,1,2.0,2.0,2.0,,961.0,1.0,,,,,8082.613,2277.0495,,,1.0,,0,42,52433,1,,,,,,2.0,2297.1275,7860.0,2310.0,-1,,,,,,,430413.0,2009,599,584,,,,,,18.0,8.0,40.0,2009,MIS4_to_MIS8,True,False,True
271381032709399,12,1.0,1,4,2,8500,85001,1,1,33,17,16980,0,1.0,1.0,,7,3,38,1.0,1,43,4,,2,1,2,1,2,233,233,233,4,0,13,2.0,1.0,,48.0,,48.0,,,,,,2.0,1.0,0.0,1,1.0,,1.0,2500.0,1732.0,1.0,,,,,12894.7871,3224.3055,3.0,2.0,0.0,0.0,0,0,43395,2,,,,2.0,,,3224.7771,6370.0,5550.0,-1,,,,,,,428131.0,2008,587,584,0.0,0.0,1.0,0.0,0.0,16.0,17.0,23.0,2008,2.0,1,8,2,8500,85001,1,17,16980,0,1.0,1.0,,7,3,39,1.0,1,43,4,,1,2,1,2,233,233,233,4,0,13,1.0,1.0,,40.0,,40.0,,,,,,2.0,1.0,0.0,1,2.0,1.0,1.0,2000.0,769.23,1.0,,,,,16063.1737,4040.1202,3.0,2.0,0.0,0.0,0,0,52304,2,,,,2.0,,,3984.5288,6370.0,5550.0,-1,,,,,,,430416.0,2009,599,584,0.0,0.0,1.0,0.0,0.0,16.0,17.0,23.0,2009,MIS4_to_MIS8,True,False,False
320179093112839,12,3.0,1,4,2,8500,85001,1,1,33,17,16980,0,1.0,1.0,1.0,7,3,59,1.0,1,40,2,,2,1,2,1,2,57,57,57,1,0,0,2.0,1.0,,40.0,,40.0,,,,,,2.0,1.0,0.0,1,2.0,,1.0,2300.0,920.0,1.0,,,,,14689.1341,3745.8042,0.0,0.0,0.0,0.0,0,0,7744,2,,,3.0,,,,3701.049,6370.0,5550.0,-1,,,,,,,428148.0,2008,587,584,0.0,0.0,0.0,0.0,0.0,14.0,17.0,23.0,2008,1.0,1,8,2,8500,85001,1,17,16980,0,1.0,1.0,1.0,7,3,60,1.0,1,42,2,,1,2,1,2,57,57,57,1,0,0,2.0,1.0,,40.0,,40.0,,,,,,2.0,1.0,0.0,1,2.0,,1.0,3000.0,1200.0,1.0,,,,,11108.7595,2420.6013,0.0,0.0,0.0,0.0,0,0,22327,2,,,3.0,,,,2401.1323,6370.0,5560.0,-1,,,,,,,430427.0,2009,599,584,0.0,0.0,0.0,0.0,0.0,14.0,17.0,23.0,2009,MIS4_to_MIS8,True,False,False
450078093612849,12,2.0,1,4,2,8500,85001,1,1,33,17,16980,0,1.0,1.0,1.0,7,1,42,2.0,1,39,2,,1,1,1,1,2,57,57,57,1,0,0,2.0,1.0,,40.0,,40.0,,,,,,2.0,3.0,0.0,1,2.0,,1.0,1700.0,680.0,2.0,2.0,,,,17335.8875,4019.6353,2.0,3.0,1.0,1.0,0,42,43398,1,2.0,8.0,,,,,4185.7594,7860.0,4220.0,-1,,,,,,,428171.0,2008,587,584,0.0,1.0,0.0,0.0,1.0,12.0,14.0,40.0,2008,2.0,1,8,2,8500,85001,1,17,16980,0,1.0,1.0,1.0,7,1,43,2.0,1,39,2,,1,1,1,2,57,57,57,1,0,0,2.0,1.0,,40.0,,40.0,,,,,,2.0,3.0,0.0,1,2.0,1.0,1.0,1000.0,384.0,1.0,,,,,12383.1021,3245.4775,2.0,3.0,1.0,1.0,0,0,52307,1,2.0,8.0,,,,,3202.1857,7860.0,4220.0,-1,,,,,,,430449.0,2009,599,584,0.0,1.0,0.0,0.0,1.0,12.0,14.0,40.0,2009,MIS4_to_MIS8,True,False,False
450078093612849,12,2.0,1,4,2,8500,85001,1,1,33,17,16980,0,1.0,1.0,1.0,7,3,32,1.0,2,44,2,,2,1,2,1,2,57,57,57,1,0,0,1.0,1.0,,40.0,,40.0,,,,,,2.0,3.0,0.0,1,2.0,2.0,2.0,,750.0,1.0,,,,,13449.1848,3285.0166,2.0,3.0,1.0,,0,42,43398,2,,,,,,2.0,3225.1275,7860.0,2310.0,-1,,,,,,,428172.0,2008,587,584,0.0,1.0,0.0,0.0,1.0,18.0,8.0,40.0,2008,2.0,1,8,2,8500,85001,1,17,16980,0,1.0,1.0,1.0,7,3,33,1.0,2,43,2,,1,2,1,2,57,57,57,1,0,0,1.0,1.0,,40.0,,40.0,,,,,,2.0,3.0,0.0,1,2.0,2.0,2.0,,225.0,1.0,,,,,12841.214,3402.1887,2.0,3.0,1.0,,0,42,52307,2,,,,2.0,,,3383.6193,7860.0,2310.0,-1,,,,,,,430450.0,2009,599,584,0.0,1.0,0.0,0.0,1.0,16.0,8.0,40.0,2009,MIS4_to_MIS8,True,False,False
530573095412439,12,1.0,7,4,2,8500,85001,1,1,33,17,16980,0,1.0,1.0,1.0,7,2,71,,2,44,1,,1,0,0,7,2,57,57,128,1,0,0,1.0,1.0,,40.0,,48.0,,,,,,2.0,1.0,0.0,1,1.0,1.0,1.0,2000.0,2282.0,2.0,2.0,,,,11359.7947,2907.5098,,,0.0,1.0,0,0,50747,1,,,,,,2.0,2804.063,8190.0,2010.0,-1,,,,,,,428183.0,2008,587,584,,,,,,18.0,6.0,41.0,2008,1.0,7,8,2,8500,85001,1,17,16980,0,1.0,1.0,1.0,7,2,72,,2,44,1,,0,0,7,2,57,57,128,1,0,0,1.0,1.0,,40.0,,40.0,,,,,,2.0,1.0,0.0,1,1.0,2.0,2.0,,1538.46,2.0,2.0,,,,10645.6005,2662.0971,,,0.0,,0,0,66313,1,,,,,,2.0,2634.5697,8190.0,2010.0,-1,,,,,,,430462.0,2009,599,584,,,,,,18.0,6.0,41.0,2009,MIS4_to_MIS8,True,False,False
2111270980698,12,1.0,1,4,2,8500,85001,1,1,33,17,16980,0,2.0,1.0,,7,1,43,2.0,1,44,1,,1,1,1,1,2,57,57,57,1,0,0,1.0,1.0,,45.0,,45.0,,,,,,2.0,3.0,0.0,1,2.0,2.0,2.0,,1442.3,1.0,,,,,10901.2172,2754.4402,8.0,2.0,0.0,,0,0,65270,1,,,,,,2.0,2726.2176,7860.0,2320.0,-1,,,,,,,428353.0,2008,587,584,0.0,1.0,1.0,0.0,1.0,18.0,8.0,40.0,2008,2.0,1,8,2,8500,85001,1,17,16980,0,2.0,1.0,,7,1,44,2.0,1,44,1,,1,1,1,2,57,57,57,1,0,0,2.0,1.0,,45.0,,55.0,,,,,,2.0,3.0,0.0,1,2.0,2.0,2.0,,1769.23,1.0,,,,,13104.4048,3255.9127,3.0,2.0,0.0,,0,0,55814,1,,,,,,2.0,3250.5954,7860.0,2310.0,-1,,,,,,,430641.0,2009,599,584,0.0,0.0,1.0,0.0,0.0,18.0,8.0,40.0,2009,MIS4_to_MIS8,True,False,False
2111270980698,12,1.0,1,4,2,8500,85001,1,1,33,17,16980,0,2.0,1.0,,7,3,42,1.0,2,44,1,,2,1,2,1,2,57,57,57,1,0,0,2.0,1.0,,12.0,,21.0,,,18.0,,,7.0,3.0,0.0,1,2.0,,1.0,1005.0,120.6,2.0,2.0,,,,10636.7134,2690.1172,8.0,2.0,0.0,0.0,0,0,65270,2,,,,,,2.0,2669.2983,6770.0,5320.0,-1,,,,,,,428354.0,2008,587,584,0.0,1.0,1.0,0.0,1.0,18.0,17.0,31.0,2008,2.0,1,8,2,8500,85001,1,17,16980,0,2.0,1.0,,7,3,43,1.0,2,44,1,,1,2,1,2,57,57,57,1,0,0,1.0,1.0,,12.0,,13.0,,,18.0,,,7.0,3.0,0.0,1,2.0,,1.0,1100.0,132.0,2.0,2.0,,,,13849.2746,3368.5129,3.0,2.0,0.0,0.0,0,0,55814,2,,,,,,2.0,3418.7771,6770.0,5320.0,-1,,,,,,,430642.0,2009,599,584,0.0,0.0,1.0,0.0,0.0,18.0,17.0,31.0,2009,MIS4_to_MIS8,True,False,False
2906691285777,12,1.0,1,4,2,8500,85001,1,1,33,17,16980,0,2.0,1.0,,7,1,40,2.0,1,45,1,,1,1,1,1,2,57,57,57,1,0,0,1.0,1.0,,40.0,,40.0,,,,,,2.0,3.0,0.0,1,2.0,,1.0,7212.0,2884.61,2.0,2.0,,,,10901.2172,2754.4402,8.0,3.0,0.0,0.0,0,0,50741,1,,,,,,,2726.2176,9480.0,3120.0,-1,,,,,,,428357.0,2008,587,584,0.0,1.0,1.0,0.0,1.0,18.0,10.0,51.0,2008,1.0,1,8,2,8500,85001,1,17,16980,0,2.0,1.0,,7,1,41,2.0,1,45,1,,1,1,1,2,57,57,57,1,0,0,1.0,1.0,,40.0,,40.0,,,,,,2.0,3.0,0.0,1,2.0,2.0,2.0,,2884.61,2.0,2.0,,,,13104.4048,3255.9127,8.0,3.0,0.0,,0,0,41621,1,,,,,,,3250.5954,8190.0,3120.0,-1,,,,,,,430645.0,2009,599,584,0.0,1.0,1.0,0.0,1.0,18.0,10.0,41.0,2009,MIS4_to_MIS8,True,False,False
26421270014606,12,2.0,1,4,2,8500,85001,1,1,33,17,37900,179,2.0,1.0,,3,4,23,,2,43,1,,3,1,3,7,2,57,57,57,1,0,0,2.0,1.0,,55.0,,55.0,,,,,,2.0,3.0,0.0,1,2.0,2.0,2.0,,576.92,2.0,2.0,1.0,2.0,2.0,12612.0043,3134.5793,,,0.0,,0,0,17838,3,,,,1.0,2.0,,3110.1663,7860.0,2310.0,-1,,,,,2.0,1.0,428377.0,2008,587,584,,,,,,17.0,8.0,40.0,2008,2.0,1,8,2,8500,85001,1,17,37900,179,2.0,1.0,,3,4,24,,2,43,1,,1,3,7,2,57,57,57,1,0,0,2.0,1.0,,40.0,,60.0,,,,,,2.0,3.0,0.0,1,2.0,2.0,2.0,,784.0,1.0,,1.0,2.0,2.0,14622.8031,3819.1938,,,1.0,,0,0,52415,3,,,,1.0,2.0,,3884.4069,7860.0,2310.0,-1,,,,,2.0,1.0,430665.0,2009,599,584,,,,,,17.0,8.0,40.0,2009,MIS4_to_MIS8,True,False,False
50591270980796,12,1.0,1,4,2,8500,85001,1,1,33,17,16980,0,2.0,1.0,,7,1,50,2.0,1,40,1,,1,1,1,1,2,57,57,57,1,0,0,1.0,1.0,,56.0,,76.0,,,,,,2.0,3.0,0.0,1,2.0,2.0,2.0,,1923.07,1.0,,,,,11349.8818,2878.6149,0.0,0.0,0.0,,0,0,58026,1,,,2.0,,,,2870.5318,9470.0,3740.0,3850,,,,,,,428400.0,2008,587,584,0.0,0.0,0.0,0.0,0.0,13.0,12.0,51.0,2008,1.0,1,8,2,8500,85001,1,17,16980,0,2.0,1.0,,7,1,51,2.0,1,40,1,,1,1,1,2,57,57,57,1,0,0,1.0,1.0,,56.0,,81.0,,,,,,2.0,3.0,0.0,1,2.0,2.0,2.0,,1538.46,2.0,2.0,,,,11473.7043,2826.616,0.0,0.0,0.0,,0,0,35504,1,,,2.0,,,,2837.8012,9470.0,3740.0,3850,,,,,,,430690.0,2009,599,584,0.0,0.0,0.0,0.0,0.0,13.0,12.0,51.0,2009,MIS4_to_MIS8,True,False,False
50591270980796,12,1.0,1,4,2,8500,85001,1,1,33,17,16980,0,2.0,1.0,,7,3,45,1.0,2,40,1,,2,1,2,1,2,57,57,57,1,0,0,2.0,1.0,,56.0,,56.0,,,,,,2.0,3.0,0.0,1,2.0,2.0,2.0,,1923.07,1.0,,,,,11059.5652,2879.0361,0.0,0.0,0.0,,0,0,58026,2,,,2.0,,,,2860.4896,9470.0,3740.0,-1,,,,,,,428401.0,2008,587,584,0.0,0.0,0.0,0.0,0.0,13.0,12.0,51.0,2008,1.0,1,8,2,8500,85001,1,17,16980,0,2.0,1.0,,7,3,46,1.0,2,40,1,,1,2,1,2,57,57,57,1,0,0,2.0,1.0,,56.0,,56.0,,,,,,2.0,3.0,0.0,1,2.0,2.0,2.0,,1730.76,2.0,2.0,,,,10661.3356,2729.8016,0.0,0.0,0.0,,0,0,35504,2,,,2.0,,,,2690.7799,9470.0,3740.0,-1,,,,,,,430691.0,2009,599,584,0.0,0.0,0.0,0.0,0.0,13.0,12.0,51.0,2009,MIS4_to_MIS8,True,False,False
66081270983190,12,1.0,1,4,2,8500,85001,1,1,33,17,40420,0,2.0,1.0,,3,3,53,1.0,2,39,1,,2,1,2,1,2,57,57,57,1,0,0,2.0,1.0,,40.0,5.0,24.0,,,5.0,,,4.0,3.0,0.0,1,2.0,1.0,1.0,1150.0,275.0,1.0,,,,,10391.0977,2691.8808,3.0,2.0,0.0,1.0,0,0,58050,2,2.0,5.0,,,,,2687.5945,8270.0,3600.0,-1,,,,,,,428412.0,2008,587,584,0.0,0.0,1.0,0.0,0.0,9.0,11.0,42.0,2008,1.0,1,8,2,8500,85001,1,17,40420,0,2.0,1.0,,3,3,54,1.0,2,39,1,,1,2,1,2,57,57,57,1,0,0,2.0,1.0,,35.0,,35.0,,,,,,2.0,4.0,0.0,1,2.0,,1.0,1100.0,385.0,1.0,,,,,11694.8632,2931.1352,3.0,2.0,0.0,0.0,0,0,22760,2,2.0,6.0,,,,,2951.6286,8270.0,3600.0,-1,,,,,,,430701.0,2009,599,584,0.0,0.0,1.0,0.0,0.0,10.0,11.0,42.0,2009,MIS4_to_MIS8,False,True,True
102909341997877,12,1.0,1,4,2,8500,85001,1,1,33,17,41180,163,2.0,1.0,,6,1,66,2.0,1,42,1,,1,1,1,1,2,57,57,57,1,0,0,1.0,5.0,,,,,,,,,,1.0,3.0,0.0,2,,,,,,,,,,,10350.0573,2571.9887,0.0,0.0,,,0,0,678,1,,,4.0,,,,2615.7718,9370.0,9140.0,-1,5.0,4.0,3.0,,,,428443.0,2008,587,584,0.0,0.0,0.0,0.0,0.0,15.0,22.0,51.0,2008,1.0,1,8,2,8500,85001,1,17,41180,163,2.0,1.0,,6,1,73,2.0,1,42,1,,1,1,1,2,57,57,57,1,0,0,1.0,5.0,,,,,,,,,,1.0,4.0,0.0,2,,,,,,,,,,,10076.6202,2489.0741,0.0,0.0,,,0,0,5337,1,,,4.0,,,,2509.816,9080.0,4460.0,-1,5.0,4.0,3.0,,,,430734.0,2009,599,584,0.0,0.0,0.0,0.0,0.0,15.0,15.0,48.0,2009,MIS4_to_MIS8,False,True,True
210709969342273,12,1.0,4,4,2,8500,85001,1,1,33,17,16980,0,2.0,1.0,,7,1,58,,2,39,1,,1,1,1,5,2,57,57,57,1,0,0,1.0,1.0,,40.0,,40.0,,,,,,2.0,3.0,0.0,1,2.0,,1.0,1500.0,600.0,2.0,2.0,,,,9942.1948,2632.1661,0.0,0.0,1.0,1.0,0,0,54425,1,1.0,,,,,,2597.7752,9380.0,800.0,-1,,,,,,,428544.0,2008,587,584,0.0,0.0,0.0,0.0,0.0,12.0,2.0,51.0,2008,1.0,4,8,2,8500,85001,1,17,16980,0,2.0,1.0,,7,1,59,,2,39,1,,1,1,5,2,57,57,57,1,0,0,1.0,1.0,,40.0,4.0,32.0,,,4.0,,,4.0,3.0,0.0,1,2.0,2.0,2.0,,800.0,2.0,2.0,,,,9869.1178,2451.0819,0.0,0.0,0.0,,0,0,52373,1,1.0,,,,,,2426.9192,9370.0,800.0,-1,,,,,,,430847.0,2009,599,584,0.0,0.0,0.0,0.0,0.0,12.0,2.0,51.0,2009,MIS4_to_MIS8,True,False,False
210709984815690,12,2.0,1,4,2,8500,85001,1,1,33,17,16980,0,2.0,1.0,,7,3,41,1.0,2,44,1,,2,1,2,1,2,57,57,57,1,0,0,1.0,1.0,,30.0,,30.0,,,22.0,,,7.0,3.0,0.0,1,2.0,2.0,2.0,,1500.0,2.0,2.0,,,,10636.7134,2690.1172,3.0,3.0,1.0,,0,42,21249,2,,,,,,3.0,2669.2983,7860.0,2310.0,-1,,,,,,,428551.0,2008,587,584,0.0,0.0,1.0,0.0,0.0,18.0,8.0,40.0,2008,2.0,1,8,2,8500,85001,1,17,16980,0,2.0,1.0,,7,3,42,1.0,2,44,1,,1,2,1,2,57,57,57,1,0,0,1.0,1.0,,30.0,,35.0,,,17.0,,,9.0,3.0,0.0,1,2.0,2.0,2.0,,192.0,2.0,2.0,,,,13849.2746,3368.5129,3.0,3.0,1.0,,0,0,22595,2,,,,,,3.0,3418.7771,7860.0,2320.0,-1,,,,,,,430854.0,2009,599,584,0.0,0.0,1.0,0.0,0.0,18.0,8.0,40.0,2009,MIS4_to_MIS8,True,False,False
210709989628192,12,2.0,1,4,2,8500,85001,1,1,33,17,16980,0,2.0,1.0,,7,1,53,2.0,1,39,1,,1,1,1,1,2,110,110,110,5,40,3,2.0,1.0,,40.0,,40.0,,,,,,2.0,2.0,0.0,1,2.0,,1.0,2300.0,920.0,1.0,,,,,11349.8818,2878.6149,4.0,1.0,0.0,0.0,0,0,54455,1,2.0,6.0,,,,,2870.5318,3580.0,7360.0,-1,,,,,,,428556.0,2008,587,584,0.0,0.0,0.0,1.0,0.0,10.0,20.0,10.0,2008,2.0,1,8,2,8500,85001,1,17,16980,0,2.0,1.0,,7,1,54,2.0,1,39,1,,1,1,1,2,110,110,110,4,40,3,2.0,1.0,,40.0,,54.0,,,,,,2.0,4.0,0.0,1,2.0,,1.0,2800.0,1120.0,1.0,,,,,11473.7043,2826.616,0.0,0.0,0.0,0.0,0,0,35599,1,1.0,,,,,,2837.8012,3580.0,7360.0,-1,,,,,,,430859.0,2009,599,584,0.0,0.0,0.0,0.0,0.0,12.0,20.0,10.0,2009,MIS4_to_MIS8,False,True,True
602900911479037,12,1.0,7,4,2,8500,85001,1,1,33,17,16980,0,2.0,1.0,,7,2,44,,2,44,1,,1,0,0,5,2,57,57,57,1,0,0,1.0,1.0,,40.0,4.0,32.0,,,4.0,,,4.0,1.0,0.0,1,2.0,2.0,2.0,,512.0,2.0,2.0,,,,10636.7134,2690.1172,,,1.0,,0,0,50736,1,,,,,,3.0,2669.2983,9390.0,1300.0,-1,,,,,,,428662.0,2008,587,584,,,,,,18.0,4.0,51.0,2008,1.0,7,8,2,8500,85001,1,17,16980,0,2.0,1.0,,7,2,45,,2,44,1,,0,0,5,2,57,57,57,1,0,0,1.0,1.0,,40.0,,50.0,,,,,,2.0,1.0,0.0,1,1.0,2.0,2.0,,1684.0,2.0,2.0,,,,10661.3356,2729.8016,,,1.0,,0,42,63556,1,,,,,,3.0,2690.7799,9390.0,1300.0,-1,,,,,,,430957.0,2009,599,584,,,,,,18.0,4.0,51.0,2009,MIS4_to_MIS8,True,False,False
623194299700723,12,1.0,1,4,2,8500,85001,1,1,33,17,16980,0,2.0,1.0,,7,3,53,1.0,2,43,1,,2,1,2,1,2,57,57,57,1,0,0,2.0,1.0,,40.0,,45.0,,,,,,2.0,3.0,0.0,1,2.0,2.0,2.0,,750.0,1.0,,,,,10399.5463,2694.0694,0.0,0.0,0.0,,0,0,21246,2,,,,2.0,,,2689.7797,7860.0,2310.0,-1,,,,,,,428685.0,2008,587,584,0.0,0.0,0.0,0.0,0.0,16.0,8.0,40.0,2008,2.0,1,8,2,8500,85001,1,17,16980,0,2.0,1.0,,7,3,54,1.0,2,43,1,,1,2,1,2,57,57,57,1,0,0,2.0,1.0,,0.0,,20.0,,,18.0,,,7.0,3.0,0.0,1,2.0,2.0,2.0,,200.0,1.0,,,,,11598.1214,2906.8884,0.0,0.0,0.0,,0,0,8880,2,,,,2.0,,,2927.2123,7860.0,2310.0,-1,,,,,,,430979.0,2009,599,584,0.0,0.0,0.0,0.0,0.0,16.0,8.0,40.0,2009,MIS4_to_MIS8,True,False,False
820191549700968,12,2.0,1,4,2,8500,85001,1,1,33,17,16980,0,2.0,1.0,,7,1,67,2.0,1,43,1,,1,1,1,1,2,57,57,57,1,0,0,2.0,5.0,,,,,,,,,,1.0,3.0,0.0,2,,,,,,,,,,,11100.6314,2758.5064,0.0,0.0,,,0,0,21250,1,,,,1.0,2.0,,2805.4646,8590.0,3920.0,-1,,,,,,,428787.0,2008,587,584,0.0,0.0,0.0,0.0,0.0,17.0,12.0,44.0,2008,2.0,1,8,2,8500,85001,1,17,16980,0,2.0,1.0,,7,1,68,2.0,1,43,1,,1,1,1,2,57,57,57,1,0,0,2.0,5.0,,,,,,,,,,1.0,,,2,,,,,,,,,,,10742.6695,2653.5981,0.0,0.0,,,0,0,35506,1,,,,1.0,1.0,,2675.7111,,,-1,,,,,,,431077.0,2009,599,584,0.0,0.0,0.0,0.0,0.0,18.0,,,2009,MIS4_to_MIS8,False,True,True
820191549700968,12,2.0,1,4,2,8500,85001,1,1,33,17,16980,0,2.0,1.0,,7,3,69,1.0,2,39,1,,2,1,2,1,2,57,57,57,1,0,0,1.0,5.0,,,,,,,,,,1.0,3.0,0.0,2,,,,,,,,,,,11208.4189,2769.9748,0.0,0.0,,,0,0,21250,2,1.0,,,,,,2811.8795,7860.0,5100.0,-1,,,,,,,428788.0,2008,587,584,0.0,0.0,0.0,0.0,0.0,12.0,17.0,40.0,2008,2.0,1,8,2,8500,85001,1,17,16980,0,2.0,1.0,,7,3,65,1.0,2,39,1,,1,2,1,2,57,57,57,1,0,0,1.0,5.0,,,,,,,,,,1.0,,,2,,,,,,,,,,,10088.6977,2496.5678,0.0,0.0,,,0,0,35506,2,1.0,,,,,,2520.6394,,,-1,,,,,,,431078.0,2009,599,584,0.0,0.0,0.0,0.0,0.0,12.0,,,2009,MIS4_to_MIS8,False,True,True
860378094712008,12,4.0,4,4,2,8500,85001,1,1,33,17,16980,0,2.0,1.0,,7,6,50,2.0,2,37,1,,3,3,1,1,2,57,57,57,1,0,0,2.0,2.0,5.0,15.0,,,,,,,,10.0,3.0,0.0,1,2.0,,1.0,850.0,127.5,2.0,2.0,,,,10399.5463,2694.0694,4.0,1.0,1.0,1.0,0,0,33571,3,,,,,,,2689.7797,7860.0,4120.0,-1,,,,,,,428803.0,2008,587,584,0.0,0.0,0.0,1.0,0.0,11.0,13.0,40.0,2008,3.0,4,8,2,8500,85001,1,17,16980,0,2.0,1.0,,7,6,51,2.0,2,37,1,,3,1,1,2,57,57,57,1,0,0,1.0,7.0,,,,,,2.0,,,,1.0,,,2,,,,,,,,,,,11378.269,2906.8884,4.0,1.0,,,0,0,35340,3,,,,,,,2855.0309,,,-1,,,,,,,431097.0,2009,599,584,0.0,0.0,0.0,1.0,0.0,11.0,,,2009,MIS4_to_MIS8,False,True,True
902903951993327,12,2.0,3,4,2,8500,85001,1,1,33,17,16980,111,2.0,1.0,,7,12,39,,2,39,1,2.0,2,0,0,5,2,73,73,73,2,0,6,1.0,1.0,,15.0,,9.0,,,14.0,,,6.0,1.0,0.0,1,2.0,,1.0,800.0,136.0,2.0,2.0,,,,12141.2709,2993.8548,,,0.0,0.0,0,0,7922,2,1.0,,,,,,3046.8692,6370.0,5400.0,4720,,,,,,,428842.0,2008,587,584,,,,,,12.0,17.0,23.0,2008,2.0,4,8,2,8500,85001,1,17,16980,111,2.0,1.0,,7,1,40,,2,39,1,2.0,1,1,5,2,73,73,73,2,0,6,1.0,1.0,,20.0,,18.0,,,18.0,,,7.0,4.0,0.0,1,2.0,,1.0,775.0,155.0,2.0,2.0,,,,13438.7457,3335.4429,3.0,1.0,0.0,0.0,0,0,22620,2,1.0,,,,,,3317.4356,5080.0,4720.0,-1,,,,,,,431127.0,2009,599,584,0.0,0.0,1.0,0.0,0.0,12.0,16.0,22.0,2009,MIS4_to_MIS8,False,True,True
160962802002789,12,2.0,1,4,2,8500,85001,1,1,33,17,0,0,3.0,2.0,,0,4,20,,2,40,1,,3,1,3,7,2,57,57,57,1,0,0,2.0,7.0,,,,,,,,,,1.0,3.0,0.0,2,,,,,,,,1.0,1.0,2.0,11865.5047,3099.1561,,,,,0,0,50861,3,,,3.0,,,,3113.7091,7860.0,2720.0,-1,,,,,2.0,1.0,428921.0,2008,587,584,,,,,,14.0,9.0,40.0,2008,2.0,1,8,2,8500,85001,1,17,0,0,3.0,2.0,,0,4,21,,2,40,1,,1,3,7,2,57,57,57,1,0,0,2.0,1.0,,-4.0,,10.0,,,20.0,,,7.0,4.0,0.0,1,2.0,,1.0,1000.0,100.0,2.0,2.0,1.0,1.0,2.0,14850.1397,3878.5697,,,0.0,0.0,0,0,59443,3,,,4.0,,,,3944.7967,4970.0,4050.0,-1,,,,,2.0,1.0,431199.0,2009,599,584,,,,,,15.0,13.0,22.0,2009,MIS4_to_MIS8,False,True,True
271680082909260,12,2.0,1,4,2,8500,85001,1,1,33,17,0,0,3.0,2.0,,0,3,39,1.0,2,39,1,,2,1,2,1,2,57,57,57,1,0,0,1.0,1.0,,38.0,,38.0,,,,,,2.0,2.0,0.0,1,2.0,,1.0,1400.0,532.0,1.0,,,,,10188.3506,2577.5763,3.0,1.0,1.0,1.0,0,42,17829,2,1.0,,,,,,2556.7811,9490.0,5000.0,-1,,,,,,,428981.0,2008,587,584,0.0,0.0,1.0,0.0,0.0,12.0,17.0,51.0,2008,2.0,1,8,2,8500,85001,1,17,0,0,3.0,2.0,,0,3,40,1.0,2,39,1,,1,2,1,2,57,57,57,1,0,0,1.0,1.0,,38.0,,38.0,,,,,,2.0,2.0,0.0,1,2.0,,1.0,1175.0,446.5,1.0,,,,,14181.9004,3449.4164,3.0,1.0,1.0,1.0,0,0,8920,2,1.0,,,,,,3500.8878,9490.0,5700.0,-1,,,,,,,431255.0,2009,599,584,0.0,0.0,1.0,0.0,0.0,12.0,17.0,51.0,2009,MIS4_to_MIS8,True,False,False
724165129700989,12,1.0,6,4,2,8500,85001,1,1,33,17,0,0,3.0,2.0,,0,2,48,,1,37,7,,1,0,0,7,2,57,57,57,1,0,0,1.0,1.0,,40.0,,40.0,,,,,,2.0,3.0,0.0,1,2.0,2.0,2.0,,961.0,1.0,,,,,10761.1546,2717.916,,,1.0,,0,0,7885,1,,,,,,,2721.6351,7860.0,4220.0,-1,,,,,,,429030.0,2008,587,584,,,,,,11.0,14.0,40.0,2008,1.0,6,8,2,8500,85001,1,17,0,0,3.0,2.0,,0,2,49,,1,37,7,,0,0,7,2,57,57,57,1,0,0,1.0,1.0,,40.0,,40.0,,,,,,2.0,3.0,0.0,1,2.0,,1.0,1650.0,660.0,1.0,,,,,9383.82,2322.274,,,0.0,0.0,0,0,22560,1,,,,,,,2320.9083,7860.0,4220.0,-1,,,,,,,431297.0,2009,599,584,,,,,,11.0,14.0,40.0,2009,MIS4_to_MIS8,True,False,False
210709953974399,12,1.0,1,4,2,8500,85001,1,1,33,17,19500,115,,1.0,,2,3,53,2.0,2,43,2,,1,1,2,1,2,57,57,57,1,0,0,1.0,1.0,,40.0,,35.0,,,,,,2.0,2.0,0.0,1,2.0,2.0,2.0,,700.0,1.0,,,,,12835.2231,3178.95,3.0,2.0,1.0,,23,42,65278,1,,,,2.0,,,3109.7471,9370.0,5110.0,-1,,,,,,,429086.0,2008,587,584,0.0,0.0,1.0,0.0,0.0,16.0,17.0,51.0,2008,1.0,1,8,2,8500,85001,1,17,19500,115,,1.0,,2,3,54,2.0,2,43,2,,1,2,1,2,57,57,57,1,0,0,1.0,1.0,,35.0,5.0,28.0,,,5.0,,,4.0,2.0,0.0,1,2.0,,1.0,1200.0,420.0,2.0,2.0,,,,9799.0775,2204.3816,3.0,1.0,1.0,1.0,0,42,55827,1,,,,2.0,,,2223.8188,9370.0,5860.0,-1,,,,,,,431354.0,2009,599,584,0.0,0.0,1.0,0.0,0.0,16.0,17.0,51.0,2009,MIS4_to_MIS8,True,False,False
210709979864095,12,1.0,1,4,2,8500,85001,1,1,33,17,44100,0,,1.0,,2,3,48,1.0,2,46,4,,2,1,2,1,2,207,207,207,4,0,14,2.0,1.0,,35.0,,40.0,,,,,,2.0,2.0,0.0,1,2.0,2.0,2.0,,961.0,2.0,2.0,,,,12548.7653,3211.5909,3.0,1.0,1.0,,0,0,31251,2,,,,,,,3245.6622,7870.0,1610.0,-1,,,,,,,429091.0,2008,587,584,0.0,0.0,1.0,0.0,0.0,18.0,5.0,40.0,2008,1.0,1,8,2,8500,85001,1,17,44100,0,,1.0,,2,3,49,1.0,2,46,4,,1,2,1,2,207,207,207,4,0,14,2.0,1.0,,40.0,,40.0,,,,,,2.0,2.0,0.0,1,2.0,2.0,2.0,,2057.0,2.0,2.0,,,,11201.1584,2822.9114,3.0,1.0,1.0,,0,0,32919,2,,,,,,,2827.024,7870.0,1650.0,-1,,,,,,,431358.0,2009,599,584,0.0,0.0,1.0,0.0,0.0,18.0,5.0,40.0,2009,MIS4_to_MIS8,True,False,False
210709996717695,12,1.0,7,4,2,8500,85001,1,1,33,17,16580,0,,1.0,,2,2,62,,2,40,1,,1,0,0,5,2,57,57,57,1,0,0,1.0,1.0,,20.0,,36.0,,,,,,2.0,2.0,0.0,1,2.0,,1.0,1901.0,380.2,1.0,,,,,10824.0239,2845.3698,,,0.0,0.0,0,0,20994,1,,,2.0,,,,2810.2078,7870.0,5700.0,5320,,,,,,,429095.0,2008,587,584,,,,,,13.0,17.0,40.0,2008,1.0,7,8,2,8500,85001,1,17,16580,0,,1.0,,2,2,63,,2,40,1,,0,0,5,2,57,57,57,1,0,0,1.0,1.0,,20.0,,36.0,,,21.0,,,9.0,2.0,0.0,1,2.0,1.0,1.0,1921.0,346.15,1.0,,,,,10366.3181,2663.3466,,,0.0,0.0,0,0,22269,1,,,2.0,,,,2633.721,7870.0,5700.0,2430,,,,,,,431363.0,2009,599,584,,,,,,13.0,17.0,40.0,2009,MIS4_to_MIS8,True,False,False
39331370997186,1,1.0,3,8,2,8200,82001,1,1,33,17,16980,0,1.0,1.0,1.0,7,6,49,,2,43,2,,2,1,4,5,2,57,57,57,1,0,0,2.0,1.0,,35.0,,35.0,,,,,,2.0,2.0,0.0,1,2.0,2.0,2.0,,1057.69,1.0,,,,,12062.8832,2994.0235,,,0.0,,0,0,54778,2,,,,1.0,1.0,,2967.2858,7860.0,2310.0,-1,,,,,,,10945.0,2008,576,561,,,,,,18.0,8.0,40.0,2008,3.0,4,4,2,8500,85001,1,17,16980,0,1.0,1.0,1.0,7,4,52,,2,39,2,,1,3,5,2,57,57,57,1,0,0,2.0,1.0,,40.0,,40.0,,,,,,2.0,5.0,0.0,1,2.0,,1.0,1488.0,595.2,2.0,2.0,,,,11314.7041,2957.3029,,,1.0,1.0,0,42,7748,2,1.0,,,,,,2912.1042,9170.0,5700.0,-1,,,,,1.0,,10841.0,2009,588,585,,,,,,12.0,17.0,49.0,2009,MIS8_to_MIS4,False,True,True
40421370996694,1,1.0,1,8,2,8200,82001,1,1,33,17,37900,0,1.0,1.0,,3,1,44,2.0,2,43,1,,1,1,1,1,2,57,57,57,1,0,0,1.0,1.0,,40.0,,50.0,,,,,,2.0,2.0,0.0,1,2.0,,1.0,1500.0,600.0,2.0,2.0,,,,12787.9015,3149.9901,3.0,2.0,0.0,0.0,0,0,31913,1,,,,2.0,,,3182.1006,7860.0,2310.0,4950,,,,,,,10946.0,2008,576,561,0.0,0.0,1.0,0.0,0.0,16.0,8.0,40.0,2008,1.0,4,4,2,8500,85001,1,17,37900,0,1.0,1.0,,3,1,24,,2,36,1,,1,1,7,2,57,57,57,1,0,0,1.0,7.0,,,,,,,,,,1.0,,,2,,,,,,,,2.0,,,16832.6494,4158.6756,1.0,2.0,,,0,0,61707,1,,,,,,,4099.4371,,,-1,,,,,,,10843.0,2009,588,585,1.0,0.0,0.0,0.0,1.0,10.0,,,2009,MIS8_to_MIS4,False,True,True
40421370996694,1,1.0,1,8,2,8200,82001,1,1,33,17,37900,0,1.0,1.0,,3,3,44,1.0,1,43,1,,2,1,2,1,2,57,57,57,1,0,0,2.0,1.0,,40.0,,59.0,,,,,,2.0,3.0,0.0,1,2.0,,1.0,3366.0,1346.4,1.0,,,,,14538.9008,3668.6228,3.0,2.0,0.0,0.0,0,0,31913,2,,,,2.0,,,3708.4993,9370.0,430.0,5240,,,,,,,10947.0,2008,576,561,0.0,0.0,1.0,0.0,0.0,16.0,1.0,51.0,2008,1.0,4,4,2,8500,85001,1,17,37900,0,1.0,1.0,,3,14,28,,1,39,1,,0,0,7,2,57,57,57,1,0,0,2.0,1.0,,25.0,,30.0,,,22.0,,,7.0,4.0,0.0,1,2.0,,1.0,1200.0,300.0,2.0,2.0,,,,12155.8527,3141.9654,,,0.0,0.0,0,0,61707,2,1.0,,,,,,3121.8434,6990.0,4810.0,8510,,,,,,,10844.0,2009,588,585,,,,,,12.0,16.0,33.0,2009,MIS8_to_MIS4,False,True,True
803908351698877,1,1.0,6,8,2,8200,82001,1,1,33,17,16980,0,1.0,1.0,1.0,7,2,46,,1,41,1,,1,0,0,5,2,57,57,57,1,0,0,1.0,1.0,,70.0,,76.0,,,,,,2.0,1.0,0.0,1,1.0,,1.0,2700.0,2341.0,1.0,,,,,11476.4375,2833.8796,,,1.0,1.0,0,0,21900,1,,,3.0,,,,2880.3977,6370.0,5550.0,-1,,,,,,,11204.0,2008,576,561,,,,,,14.0,17.0,23.0,2008,1.0,1,4,2,8500,85001,1,17,16980,0,1.0,1.0,1.0,7,1,66,2.0,1,39,1,,1,1,1,2,120,57,120,3,0,3,1.0,5.0,,,,,,,,,,1.0,,,2,,,,,,,,,,,12687.3484,3116.6133,0.0,0.0,,,0,0,42160,1,1.0,,,,,,3159.9864,,,-1,,,,,,,11085.0,2009,588,585,0.0,0.0,0.0,0.0,0.0,12.0,,,2009,MIS8_to_MIS4,False,True,True
108023006022781,1,1.0,7,8,2,8200,82001,1,1,33,17,16980,0,2.0,1.0,,7,2,31,,2,44,1,,1,0,0,7,2,57,57,57,1,0,0,1.0,1.0,,50.0,,50.0,,,,,,2.0,3.0,0.0,1,2.0,2.0,2.0,,1038.46,1.0,,,,,12688.7556,3134.8702,,,0.0,,0,0,22211,1,,,,,,2.0,3155.709,7860.0,2310.0,-1,,,,,,,11348.0,2008,576,561,,,,,,18.0,8.0,40.0,2008,1.0,1,4,2,8500,85001,1,17,16980,0,2.0,1.0,,7,1,32,2.0,2,44,1,,1,1,1,2,57,57,57,1,0,0,1.0,1.0,,40.0,10.0,24.0,,,10.0,,,4.0,3.0,0.0,1,2.0,2.0,2.0,,884.61,1.0,,,,,13854.3545,3418.4938,2.0,1.0,0.0,,0,0,20834,1,,,,,,2.0,3398.1054,7860.0,2310.0,-1,,,,,,,11258.0,2009,588,585,0.0,1.0,0.0,0.0,1.0,18.0,8.0,40.0,2009,MIS8_to_MIS4,True,False,False
671944043908593,1,1.0,1,8,2,8200,82001,1,1,33,17,40420,0,2.0,1.0,,3,3,40,1.0,2,42,1,,2,1,2,1,2,57,57,57,1,0,0,2.0,1.0,,40.0,,40.0,,,,,,2.0,3.0,0.0,1,2.0,2.0,2.0,,400.0,2.0,2.0,,,,12332.7669,3037.8787,10.0,2.0,1.0,,0,42,18419,2,,,4.0,,,,3068.8464,7870.0,5700.0,-1,,,,,,,11576.0,2008,576,561,0.0,0.0,1.0,1.0,0.0,15.0,17.0,40.0,2008,2.0,1,4,2,8500,85001,1,17,40420,0,2.0,1.0,,3,3,62,1.0,2,43,1,,1,2,1,2,57,57,57,1,0,0,1.0,1.0,,45.0,,46.0,,,,,,2.0,1.0,0.0,1,2.0,2.0,2.0,,1315.38,2.0,2.0,,,,10616.3465,2704.1591,0.0,0.0,0.0,,0,0,20859,2,,,,1.0,1.0,,2676.3073,9370.0,5220.0,-1,,,,,,,11510.0,2009,588,585,0.0,0.0,0.0,0.0,0.0,18.0,17.0,51.0,2009,MIS8_to_MIS4,True,False,True
799730367810631,1,2.0,1,8,2,8200,82001,1,1,33,17,41180,0,2.0,1.0,,6,1,61,2.0,1,39,1,,1,1,1,1,2,57,57,57,1,0,0,2.0,1.0,,40.0,,40.0,,,,,,2.0,1.0,0.0,1,2.0,2.0,2.0,,600.0,1.0,,,,,11694.0088,2824.6911,0.0,0.0,1.0,,0,0,43937,1,1.0,,,,,,2881.3992,9590.0,5000.0,-1,4.0,,,,,,11685.0,2008,576,561,0.0,0.0,0.0,0.0,0.0,12.0,17.0,51.0,2008,1.0,1,4,2,8500,85001,1,17,41180,0,2.0,1.0,,6,1,61,2.0,1,39,1,,1,1,1,2,57,57,57,1,0,0,1.0,1.0,,40.0,,40.0,,,,,,2.0,5.0,0.0,1,2.0,,1.0,2512.0,1004.8,2.0,2.0,,,,9162.9507,2500.1242,0.0,0.0,0.0,0.0,0,0,49926,1,1.0,,,,,,2469.3894,8190.0,20.0,-1,4.0,,,,,,11639.0,2009,588,585,0.0,0.0,0.0,0.0,0.0,12.0,1.0,41.0,2009,MIS8_to_MIS4,False,True,True
987369730619104,1,1.0,6,8,2,8200,82001,1,1,33,17,0,99,3.0,2.0,,0,2,57,,1,43,1,,1,0,0,4,2,57,57,57,1,0,0,1.0,1.0,,-4.0,,4.0,,,21.0,,,7.0,3.0,0.0,1,2.0,2.0,2.0,,0.0,2.0,2.0,,,,10512.4425,2607.0272,,,0.0,,0,0,22110,1,,,,1.0,1.0,,2615.8703,7860.0,2310.0,-1,,,,,,,11936.0,2008,576,561,,,,,,18.0,8.0,40.0,2008,1.0,1,4,2,8500,85001,1,17,0,99,3.0,2.0,,0,1,46,2.0,1,39,1,,1,1,1,2,57,57,57,1,0,0,1.0,1.0,,40.0,,48.0,,,,,,2.0,4.0,0.0,1,2.0,,1.0,1275.0,510.0,2.0,2.0,,,,11603.2335,2955.4561,0.0,0.0,0.0,0.0,0,0,42260,1,1.0,,,,,,2950.7468,7070.0,7000.0,-1,,,,,,,11889.0,2009,588,585,0.0,0.0,0.0,0.0,0.0,12.0,20.0,34.0,2009,MIS8_to_MIS4,False,True,True
570975090013879,1,1.0,3,8,2,8200,82001,1,1,33,17,19340,0,,1.0,,3,7,24,,1,39,1,,2,1,4,7,2,57,57,57,1,0,0,2.0,1.0,,40.0,,40.0,,,,,,2.0,1.0,0.0,1,2.0,,1.0,1300.0,520.0,2.0,2.0,2.0,,,15229.7694,3670.0621,,,0.0,0.0,0,0,62263,2,1.0,,,,,,3763.1445,9590.0,5620.0,-1,,,,,,,11991.0,2008,576,561,,,,,,12.0,17.0,51.0,2008,1.0,1,4,2,8500,85001,1,17,19340,0,,1.0,,3,3,59,1.0,1,40,1,,1,2,1,2,57,57,57,1,0,0,2.0,5.0,,,,,,,,,,1.0,,,2,,,,,,,,,,,10223.1198,2364.8231,0.0,0.0,,,0,0,53959,2,,,3.0,,,,2389.8,,,-1,4.0,,,,,,11947.0,2009,588,585,0.0,0.0,0.0,0.0,0.0,14.0,,,2009,MIS8_to_MIS4,False,True,True
640977096413449,1,1.0,7,8,2,8200,82001,1,1,33,17,16580,0,,1.0,,2,2,31,,2,43,1,,1,0,0,5,2,57,57,57,1,0,0,1.0,1.0,,40.0,,40.0,,,,,,2.0,3.0,0.0,1,2.0,2.0,2.0,,461.53,1.0,,,,,13395.1013,3309.3791,,,0.0,,0,0,21834,1,,,,2.0,,,3331.378,7870.0,230.0,-1,,,,,,,11992.0,2008,576,561,,,,,,16.0,1.0,40.0,2008,1.0,7,4,2,8500,85001,1,17,16580,0,,1.0,,2,2,73,,2,39,1,,0,0,5,2,57,57,57,1,0,0,1.0,1.0,,38.0,,38.0,,,,,,2.0,2.0,0.0,1,2.0,2.0,2.0,,807.69,1.0,,,,,9972.5601,2831.563,,,0.0,,0,0,20480,1,1.0,,,,,,2748.0089,9470.0,5700.0,-1,,,,,,,11948.0,2009,588,585,,,,,,12.0,17.0,51.0,2009,MIS8_to_MIS4,True,False,True
957539930059101,1,1.0,1,8,2,8200,82001,1,1,33,17,28100,91,,1.0,,2,3,28,1.0,2,44,1,,2,1,2,1,2,57,57,57,1,0,0,2.0,1.0,,40.0,,40.0,,,,,,2.0,3.0,0.0,1,2.0,2.0,2.0,,830.76,1.0,,,,,14722.2719,3625.2533,0.0,0.0,0.0,,0,0,8238,2,,,,,,3.0,3661.447,7860.0,2310.0,-1,,,,,,,12039.0,2008,576,561,0.0,0.0,0.0,0.0,0.0,18.0,8.0,40.0,2008,2.0,1,4,2,8500,85001,1,17,28100,91,,1.0,,2,3,37,1.0,2,40,1,,1,2,1,2,57,57,57,1,0,0,1.0,1.0,,20.0,,20.0,,,18.0,,,7.0,4.0,0.0,1,2.0,,1.0,5700.0,1140.0,2.0,2.0,,,,13631.9707,3443.2609,3.0,2.0,1.0,1.0,0,42,20729,2,,,2.0,,,,3432.066,7970.0,3500.0,-1,,,,,,,11991.0,2009,588,585,0.0,0.0,1.0,0.0,0.0,13.0,10.0,42.0,2009,MIS8_to_MIS4,False,True,True
690877097514608,2,1.0,7,8,2,8200,82001,1,1,33,17,16980,0,1.0,1.0,1.0,7,2,60,,2,44,2,,1,0,0,5,2,57,57,57,1,0,0,1.0,1.0,,60.0,,60.0,,,,,,2.0,3.0,0.0,1,2.0,2.0,2.0,,1980.76,1.0,,,,,9918.9755,2883.4485,,,0.0,,0,0,61415,1,,,,,,2.0,2838.2739,7860.0,230.0,-1,,,,,,,48985.0,2008,577,562,,,,,,18.0,1.0,40.0,2008,1.0,4,4,2,8500,85001,1,17,16980,0,1.0,1.0,1.0,7,1,32,,2,39,2,,1,1,7,2,57,57,57,1,0,0,1.0,4.0,,,,,,,,35.0,5.0,11.0,4.0,0.0,2,,,,,,,,,,,16447.3126,3185.6726,8.0,5.0,,,0,0,67845,1,1.0,,,,,,3148.4184,4880.0,4720.0,-1,,,,,,,48960.0,2009,589,586,0.0,1.0,1.0,0.0,1.0,12.0,16.0,22.0,2009,MIS8_to_MIS4,False,True,True
2601470017600,2,2.0,1,8,2,8200,82001,1,1,33,17,16980,0,2.0,1.0,,7,3,41,1.0,1,44,1,,2,1,2,1,2,57,57,57,1,0,0,1.0,1.0,,60.0,,72.0,,,,,,2.0,3.0,0.0,1,2.0,2.0,2.0,,1153.84,1.0,,,,,10664.2584,2706.9232,0.0,0.0,0.0,,0,0,49591,2,,,,,,2.0,2706.9524,7860.0,2320.0,2340,,,,,,,49088.0,2008,577,562,0.0,0.0,0.0,0.0,0.0,18.0,8.0,40.0,2008,1.0,1,4,2,8500,85001,1,17,16980,0,2.0,1.0,,7,3,45,1.0,1,44,1,,1,2,1,2,57,57,57,1,0,0,2.0,1.0,,40.0,,40.0,,,,,,2.0,4.0,0.0,1,2.0,2.0,2.0,,1769.0,2.0,2.0,,,,15903.7069,4029.7752,10.0,3.0,1.0,,0,42,62380,2,,,,,,2.0,3994.7921,7680.0,110.0,-1,,,,,,,49052.0,2009,589,586,0.0,0.0,1.0,1.0,0.0,18.0,1.0,38.0,2009,MIS8_to_MIS4,False,True,True
20241470939694,2,1.0,1,8,2,8200,82001,1,1,33,17,16980,0,2.0,1.0,,7,1,27,2.0,1,40,1,,1,1,1,1,2,57,57,57,1,0,0,1.0,1.0,,40.0,,40.0,,,,,,2.0,1.0,0.0,1,2.0,1.0,1.0,2135.0,865.38,1.0,,,,,13807.7218,3413.7676,0.0,0.0,0.0,0.0,0,0,20004,1,,,3.0,,,,3428.8253,6370.0,5550.0,-1,,,,,,,49100.0,2008,577,562,0.0,0.0,0.0,0.0,0.0,14.0,17.0,23.0,2008,1.0,1,4,2,8500,85001,1,17,16980,0,2.0,1.0,,7,1,61,2.0,1,44,1,,1,1,1,2,57,57,57,1,0,0,1.0,1.0,,6.0,,12.0,,,21.0,,,7.0,4.0,0.0,1,2.0,2.0,2.0,,769.0,2.0,2.0,,,,14236.9079,3595.8257,0.0,0.0,1.0,,0,0,7611,1,,,,,,2.0,3575.7757,7870.0,2200.0,2340,,,,,,,49064.0,2009,589,586,0.0,0.0,0.0,0.0,0.0,18.0,8.0,40.0,2009,MIS8_to_MIS4,False,True,True
142190829700986,2,2.0,1,8,2,8200,82001,1,1,33,17,37900,0,2.0,1.0,,3,1,52,2.0,1,40,1,,1,1,1,1,2,57,57,57,1,0,0,2.0,1.0,,40.0,,45.0,,,,,,2.0,3.0,0.0,1,2.0,,1.0,3000.0,1200.0,2.0,2.0,,,,14011.6424,3543.853,0.0,0.0,0.0,0.0,0,0,4153,1,,,1.0,,,,3568.4433,670.0,20.0,-1,,,,,,,49158.0,2008,577,562,0.0,0.0,0.0,0.0,0.0,12.0,1.0,24.0,2008,1.0,1,4,2,8500,85001,1,17,37900,0,2.0,1.0,,3,1,58,2.0,1,40,1,,1,1,1,2,57,57,57,1,0,0,1.0,1.0,,44.0,,42.0,,,,,,2.0,4.0,0.0,1,2.0,1.0,1.0,3400.0,1200.0,2.0,2.0,,,,14892.3919,3712.2484,0.0,0.0,0.0,0.0,0,0,21178,1,,,3.0,,,,3673.7159,6290.0,430.0,-1,4.0,,,,,,49135.0,2009,589,586,0.0,0.0,0.0,0.0,0.0,14.0,1.0,23.0,2009,MIS8_to_MIS4,False,True,True
191944806025789,2,2.0,1,8,2,8200,82001,1,1,33,17,41180,0,2.0,1.0,,6,1,56,2.0,2,43,1,,1,1,1,1,2,57,57,57,1,0,0,2.0,1.0,,37.0,,37.0,,,,,,2.0,3.0,0.0,1,1.0,,1.0,1276.0,544.12,1.0,,,,,15005.1267,3768.0827,0.0,0.0,0.0,0.0,0,0,32306,1,,,,2.0,,,3745.2686,7860.0,5700.0,-1,,,,,,,49179.0,2008,577,562,0.0,0.0,0.0,0.0,0.0,16.0,17.0,40.0,2008,1.0,1,4,2,8500,85001,1,17,41180,0,2.0,1.0,,6,1,53,3.0,2,39,1,,1,1,1,2,57,57,57,1,0,0,1.0,1.0,,20.0,,20.0,,,18.0,,,7.0,4.0,0.0,1,1.0,1.0,1.0,465.0,93.0,2.0,2.0,,,,13293.3153,3374.4865,0.0,0.0,0.0,0.0,0,0,7502,1,1.0,,,,,,3377.4885,8680.0,4110.0,-1,,,,,,,49163.0,2009,589,586,0.0,0.0,0.0,0.0,0.0,12.0,13.0,46.0,2009,MIS8_to_MIS4,False,True,True
404902171497837,2,1.0,4,8,2,8200,82001,1,1,33,17,16980,0,2.0,1.0,,7,1,49,,2,44,1,,1,1,1,5,2,555,555,555,4,21,12,1.0,1.0,,32.0,,32.0,,,22.0,,,7.0,2.0,0.0,1,2.0,2.0,2.0,,1346.15,2.0,2.0,,,,15139.2763,3806.6876,4.0,1.0,0.0,,0,0,42525,1,,,,,,2.0,3812.3903,7860.0,2310.0,-1,,,,,,,49287.0,2008,577,562,0.0,0.0,0.0,1.0,0.0,18.0,8.0,40.0,2008,1.0,7,4,2,8500,85001,1,17,16980,0,2.0,1.0,,7,2,67,,2,43,1,,0,0,3,2,57,57,57,1,0,0,1.0,5.0,,,,,,,,,,1.0,,,2,,,,,,,,,,,14385.2098,3454.1842,,,,,0,0,43849,1,,,,2.0,,,3535.6145,,,-1,,,,,,,49273.0,2009,589,586,,,,,,16.0,,,2009,MIS8_to_MIS4,False,True,True
645191719700755,2,1.0,1,8,2,8200,82001,1,1,33,17,16980,0,2.0,1.0,,7,1,49,2.0,1,39,1,,1,1,1,1,2,57,110,57,1,0,0,1.0,1.0,,40.0,,40.0,,,,,,2.0,3.0,0.0,1,2.0,2.0,2.0,,865.38,2.0,2.0,,,,13548.2333,3433.5,0.0,0.0,0.0,,0,0,42562,1,1.0,,,,,,3450.4236,7860.0,9000.0,-1,,,,,,,49389.0,2008,577,562,0.0,0.0,0.0,0.0,0.0,12.0,22.0,40.0,2008,1.0,1,4,2,8500,85001,1,17,16980,0,2.0,1.0,,7,1,64,2.0,1,40,1,,1,1,1,2,57,57,57,1,0,0,1.0,5.0,,,,,,,,,,1.0,,,2,,,,,,,,,,,17267.4873,4275.3313,0.0,0.0,,,0,0,33929,1,,,3.0,,,,4320.7778,,,-1,,,,,,,49372.0,2009,589,586,0.0,0.0,0.0,0.0,0.0,14.0,,,2009,MIS8_to_MIS4,False,True,True
571033004909060,2,2.0,1,8,2,8200,82001,1,1,33,17,0,0,3.0,2.0,,0,3,45,1.0,2,39,1,,2,1,2,1,2,57,57,57,1,0,0,1.0,1.0,,40.0,,40.0,,,,,,2.0,2.0,0.0,1,2.0,1.0,1.0,875.0,1000.0,1.0,,,,,15713.1676,3950.9894,0.0,0.0,0.0,1.0,0,0,49580,2,1.0,,,,,,3956.9083,9470.0,3800.0,-1,,,,,,,49712.0,2008,577,562,0.0,0.0,0.0,0.0,0.0,12.0,12.0,51.0,2008,1.0,7,4,2,8500,85001,1,17,0,0,3.0,2.0,,0,16,60,,2,40,1,,0,0,4,2,57,57,57,1,0,0,2.0,1.0,,-4.0,,13.0,,,19.0,,,7.0,3.0,0.0,1,2.0,,1.0,1000.0,180.0,2.0,2.0,,,,14979.9016,3758.1934,,,0.0,0.0,0,0,33905,2,,,1.0,,,,3712.5574,9370.0,5930.0,-1,,,,,,,49706.0,2009,589,586,,,,,,12.0,17.0,51.0,2009,MIS8_to_MIS4,True,False,True
410709934475499,2,1.0,1,8,2,8200,82001,1,1,33,17,44100,0,,1.0,,2,3,76,1.0,2,41,1,,2,1,2,1,2,57,57,57,1,0,0,2.0,5.0,,,,,,,,,,1.0,2.0,0.0,2,,,,,,,,,,,17351.018,4323.9306,0.0,0.0,,,0,0,29920,2,,,5.0,,,,4329.3501,8180.0,3130.0,-1,,,,,,,49833.0,2008,577,562,0.0,0.0,0.0,0.0,0.0,16.0,10.0,42.0,2008,1.0,1,4,2,8500,85001,1,17,44100,0,,1.0,,2,3,53,1.0,2,41,1,,1,2,1,2,57,57,57,1,0,0,2.0,1.0,,37.0,,73.0,,,,,,2.0,2.0,0.0,1,2.0,1.0,1.0,1000.0,700.0,1.0,,,,,13213.513,3354.2288,0.0,0.0,1.0,1.0,0,0,62396,2,,,3.0,,,,3357.2128,7870.0,720.0,-1,,,,,,,49830.0,2009,589,586,0.0,0.0,0.0,0.0,0.0,14.0,2.0,40.0,2009,MIS8_to_MIS4,True,False,False
71152085001604,3,1.0,1,8,2,8200,82001,1,1,33,17,16980,0,2.0,1.0,,7,3,57,1.0,2,44,1,,2,1,2,1,2,57,57,57,1,0,0,2.0,1.0,,40.0,,40.0,,,,,,2.0,3.0,0.0,1,2.0,,1.0,1500.0,600.0,2.0,1.0,,,,11347.6929,2856.5309,0.0,0.0,0.0,0.0,0,0,18362,2,,,,,,3.0,2852.3846,7860.0,230.0,-1,,,,,,,87237.0,2008,578,563,0.0,0.0,0.0,0.0,0.0,18.0,1.0,40.0,2008,1.0,1,4,2,8500,85001,1,17,16980,0,2.0,1.0,,7,3,42,1.0,2,43,1,,1,2,1,2,57,57,57,1,0,0,2.0,7.0,,,,,,,,,,1.0,,,2,,,,,,,,,,,11906.1456,2799.8677,3.0,2.0,,,0,0,19106,2,,,,2.0,,,2929.1746,,,-1,,,,,,,87022.0,2009,590,587,0.0,0.0,1.0,0.0,0.0,16.0,,,2009,MIS8_to_MIS4,False,True,True
75881570998378,3,1.0,7,8,2,8200,82001,1,1,33,17,16980,0,2.0,1.0,,7,2,57,,2,40,1,,1,0,0,5,2,57,57,57,1,0,0,1.0,4.0,,,,,,,,22.0,2.0,11.0,1.0,0.0,2,,,,,,,,,,,10862.9357,2856.5309,,,,,0,0,30869,1,,,2.0,,,,2927.9077,9590.0,5400.0,-1,,,,,,,87241.0,2008,578,563,,,,,,13.0,17.0,51.0,2008,2.0,1,4,2,8500,85001,1,17,16980,0,2.0,1.0,,7,1,80,2.0,2,42,1,,1,1,1,2,57,57,57,1,0,0,2.0,5.0,,,,,,,,,,1.0,,,2,,,,,,,,,,,10869.5604,2706.4208,0.0,0.0,,,0,0,18973,1,,,3.0,,,,2747.784,,,-1,,,,,,,87031.0,2009,590,587,0.0,0.0,0.0,0.0,0.0,14.0,,,2009,MIS8_to_MIS4,False,True,True
799670582040951,3,2.0,4,8,2,8200,82001,1,1,33,17,16980,0,2.0,1.0,,7,6,46,3.0,2,42,1,,2,2,1,1,2,57,57,57,1,0,0,1.0,1.0,,40.0,,40.0,,,,,,2.0,3.0,0.0,1,2.0,1.0,1.0,1850.0,946.5,1.0,,,,,11115.5878,2805.8818,0.0,0.0,0.0,1.0,0,0,28414,2,,,3.0,,,,2823.6432,9470.0,5520.0,-1,,,,,,,87601.0,2008,578,563,0.0,0.0,0.0,0.0,0.0,14.0,17.0,51.0,2008,1.0,1,4,2,8500,85001,1,17,16980,0,2.0,1.0,,7,3,55,1.0,2,41,1,,1,2,1,2,57,57,57,1,0,0,2.0,1.0,,38.0,,38.0,,,,,,2.0,5.0,0.0,1,2.0,1.0,1.0,1900.0,0.73,2.0,2.0,,,,10560.775,2749.081,0.0,0.0,0.0,0.0,0,0,42283,2,,,3.0,,,,2736.0322,8190.0,5000.0,-1,,,,,,,87367.0,2009,590,587,0.0,0.0,0.0,0.0,0.0,14.0,17.0,41.0,2009,MIS8_to_MIS4,False,True,True
996037941159560,3,1.0,7,8,2,8200,82001,1,1,33,17,16980,0,2.0,1.0,,7,2,59,,2,43,1,,1,0,0,4,2,57,57,57,1,0,0,1.0,1.0,,48.0,,48.0,,,,,,2.0,3.0,0.0,1,2.0,2.0,2.0,,1284.0,1.0,,,,,11347.6929,2856.5309,,,0.0,,0,0,6651,1,,,,1.0,1.0,,2852.3846,7860.0,2320.0,-1,,,,,,,87737.0,2008,578,563,,,,,,18.0,8.0,40.0,2008,1.0,4,4,2,8500,85001,1,17,16980,0,2.0,1.0,,7,1,60,,2,43,1,,1,1,5,2,57,57,57,1,0,0,1.0,4.0,,,,,,,,14.0,2.0,11.0,4.0,0.0,2,,,,,,,,,,,12629.6629,3097.2271,1.0,1.0,,,0,0,64551,1,,,,2.0,,,3081.827,770.0,6260.0,-1,,,,,,,87500.0,2009,590,587,1.0,0.0,0.0,0.0,1.0,16.0,19.0,4.0,2009,MIS8_to_MIS4,False,True,True
571389016807795,4,1.0,6,8,2,8200,82001,1,1,33,17,16980,0,1.0,1.0,1.0,7,2,55,,1,44,1,,1,0,0,4,2,57,57,57,1,0,0,,7.0,,,,,,11.0,,,,1.0,2.0,0.0,2,,,,,,,,,,,11510.3907,3024.8643,,,,,0,0,68103,1,,,,,,2.0,2936.9655,7870.0,2200.0,-1,4.0,,,,,,124909.0,2008,579,564,,,,,,18.0,8.0,40.0,2008,1.0,6,4,2,8500,85001,1,17,16980,0,1.0,1.0,1.0,7,2,35,,1,43,1,4.0,0,0,7,2,313,313,313,5,0,18,1.0,1.0,,40.0,,56.0,,,,,,2.0,4.0,0.0,1,1.0,1.0,1.0,1000.0,625.0,2.0,2.0,,,,11988.1265,2974.7506,,,0.0,0.0,0,0,63326,1,,,,2.0,,,2998.3172,6890.0,120.0,-1,,,,,,,124598.0,2009,591,588,,,,,,16.0,1.0,32.0,2009,MIS8_to_MIS4,False,True,True
759480780600961,4,2.0,1,8,2,8200,82001,1,1,33,17,16980,0,1.0,1.0,1.0,7,1,66,2.0,1,46,1,,1,1,1,1,2,57,57,57,1,0,0,2.0,1.0,,40.0,,48.0,,,,,,2.0,2.0,0.0,1,2.0,2.0,2.0,,1250.0,2.0,1.0,,,,12030.1353,2997.3512,0.0,0.0,1.0,,42,42,21726,1,,,,,,,2963.0569,7870.0,2200.0,-1,,,,,,,124977.0,2008,579,564,0.0,0.0,0.0,0.0,0.0,18.0,8.0,40.0,2008,1.0,6,4,2,8500,85001,1,17,16980,0,1.0,1.0,1.0,7,2,51,,1,44,1,,0,0,7,2,57,57,57,1,0,0,1.0,4.0,,,,,,,,16.0,3.0,11.0,7.0,0.0,2,,,,,,,,,,,12699.001,3058.7299,,,,,0,0,19060,1,,,,,,2.0,3056.6968,7470.0,2820.0,-1,,,,,,,124671.0,2009,591,588,,,,,,18.0,9.0,36.0,2009,MIS8_to_MIS4,False,True,True
769530453340961,4,2.0,1,8,2,8200,82001,1,1,33,17,16980,0,1.0,1.0,1.0,7,1,37,2.0,1,44,1,,1,1,1,1,2,57,57,57,1,0,0,2.0,1.0,,40.0,,40.0,,,,,,2.0,3.0,0.0,1,2.0,2.0,2.0,,1153.84,1.0,,,,,11824.8737,2945.8875,8.0,2.0,0.0,,0,0,34656,1,,,,,,3.0,2935.988,7860.0,2310.0,-1,,,,,,,124987.0,2008,579,564,0.0,1.0,1.0,0.0,1.0,18.0,8.0,40.0,2008,2.0,1,4,2,8500,85001,1,17,16980,0,1.0,1.0,1.0,7,1,64,2.0,1,40,1,,1,1,1,2,57,57,57,1,0,0,2.0,1.0,,40.0,,40.0,,,,,,2.0,4.0,0.0,1,2.0,2.0,2.0,,288.46,2.0,2.0,,,,11355.8078,2927.7401,0.0,0.0,0.0,,0,0,52725,1,,,2.0,,,,2929.0956,8790.0,7010.0,-1,,,,,,,124678.0,2009,591,588,0.0,0.0,0.0,0.0,0.0,13.0,20.0,47.0,2009,MIS8_to_MIS4,False,True,True
789150937580961,4,1.0,6,8,2,8200,82001,1,1,33,17,16980,0,1.0,1.0,1.0,7,14,31,,2,45,1,,2,0,0,3,2,57,57,57,1,0,0,2.0,1.0,,40.0,,50.0,,,,,,2.0,2.0,0.0,1,2.0,2.0,2.0,,1211.53,2.0,2.0,,,,10895.7087,2742.1462,,,0.0,,0,0,8477,2,,,,,,,2719.016,9470.0,2100.0,-1,,,,,,,124993.0,2008,579,564,,,,,,18.0,7.0,51.0,2008,2.0,7,4,2,8500,85001,1,17,16980,0,1.0,1.0,1.0,7,14,59,,2,44,1,,0,0,5,2,57,57,57,1,0,0,1.0,4.0,,,,,,,,17.0,2.0,11.0,4.0,0.0,2,,,,,,,,,,,11510.7986,3010.6448,,,,,0,0,8763,2,,,,,,3.0,3005.6157,7380.0,2840.0,-1,,,,,,,124686.0,2009,591,588,,,,,,18.0,9.0,36.0,2009,MIS8_to_MIS4,False,True,True
197736805088787,4,1.0,6,8,2,8200,82001,1,1,33,17,16980,0,2.0,1.0,,7,2,54,,1,44,2,,1,0,0,7,2,57,57,57,1,0,0,1.0,1.0,,40.0,,40.0,,,,,,2.0,2.0,0.0,1,2.0,2.0,2.0,,1384.61,2.0,2.0,,,,8669.0963,2239.0942,,,0.0,,0,0,34641,1,,,,,,2.0,2181.2889,9470.0,430.0,-1,,,,,,,125235.0,2008,579,564,,,,,,18.0,1.0,51.0,2008,1.0,1,4,2,8500,85001,1,17,16980,0,2.0,1.0,,7,1,61,2.0,1,43,2,,1,1,1,2,57,57,57,1,0,0,1.0,1.0,,40.0,,40.0,,,,,,2.0,4.0,0.0,1,1.0,2.0,2.0,,1057.0,2.0,2.0,,,,5957.3639,1946.6048,0.0,0.0,1.0,,0,42,35376,1,,,,2.0,,,1907.2439,7070.0,410.0,-1,,,,,,,124946.0,2009,591,588,0.0,0.0,0.0,0.0,0.0,16.0,1.0,34.0,2009,MIS8_to_MIS4,False,True,True
420879096216339,4,1.0,3,8,2,8200,82001,1,1,33,17,16980,0,2.0,1.0,,7,1,41,,1,37,1,2.0,1,1,1,5,2,73,73,73,2,0,10,1.0,1.0,,40.0,,40.0,,,,,,2.0,3.0,0.0,1,2.0,2.0,2.0,,1038.46,2.0,2.0,,,,11369.4645,2809.0895,4.0,1.0,0.0,,0,0,44378,1,,,,,,,2822.9148,7860.0,4220.0,-1,,,,,,,125361.0,2008,579,564,0.0,0.0,0.0,1.0,0.0,11.0,14.0,40.0,2008,4.0,1,4,2,8500,85001,1,17,16980,0,2.0,1.0,,7,1,46,2.0,1,34,1,1.0,1,1,1,2,303,303,303,5,0,10,2.0,1.0,,40.0,,40.0,,,,,,2.0,4.0,0.0,1,2.0,,1.0,1500.0,600.0,1.0,,,,,15641.0492,3911.1035,13.0,5.0,1.0,1.0,0,0,52787,1,,,,,,,3927.4705,770.0,6200.0,-1,,,,,,,125087.0,2009,591,588,1.0,0.0,1.0,1.0,1.0,7.5,19.0,4.0,2009,MIS8_to_MIS4,False,True,True
710720642890061,4,1.0,7,8,2,8200,82001,1,1,33,17,41180,163,2.0,1.0,,6,2,46,,2,41,1,,1,0,0,7,2,57,57,57,1,0,0,1.0,1.0,,40.0,4.0,32.0,,,4.0,,,4.0,1.0,0.0,1,1.0,1.0,1.0,1650.0,1200.0,2.0,1.0,,,,11727.4116,2955.7516,,,0.0,1.0,0,0,58559,1,,,3.0,,,,2992.5332,8190.0,3320.0,-1,,,,,,,125474.0,2008,579,564,,,,,,14.0,10.0,41.0,2008,1.0,1,4,2,8500,85001,1,17,41180,163,2.0,1.0,,6,1,48,2.0,2,44,1,,1,1,1,2,57,57,57,1,0,0,1.0,1.0,,40.0,,44.0,,,,,,2.0,4.0,0.0,1,2.0,2.0,2.0,,865.38,2.0,2.0,,,,10838.9879,2815.5027,3.0,2.0,0.0,,0,0,5372,1,,,,,,2.0,2812.4842,4190.0,7010.0,-1,,,,,,,125200.0,2009,591,588,0.0,0.0,1.0,0.0,0.0,18.0,20.0,21.0,2009,MIS8_to_MIS4,False,True,True
689087982169590,4,1.0,1,8,2,8200,82001,1,1,33,17,0,0,3.0,2.0,,0,1,39,2.0,2,44,1,,1,1,1,1,2,57,57,57,1,0,0,1.0,1.0,,34.0,,39.0,,,,,,2.0,3.0,0.0,1,2.0,2.0,2.0,,961.53,1.0,,,,,10532.8117,2681.3801,8.0,4.0,0.0,,0,0,21836,1,,,,,,2.0,2706.0248,7860.0,3150.0,3150,,,,,,,125756.0,2008,579,564,0.0,1.0,1.0,0.0,1.0,18.0,10.0,40.0,2008,1.0,1,4,2,8500,85001,1,17,0,0,3.0,2.0,,0,1,42,2.0,2,43,1,,1,1,1,2,57,57,57,1,0,0,1.0,1.0,,20.0,,20.0,,,18.0,,,7.0,2.0,0.0,1,2.0,2.0,2.0,,317.3,2.0,2.0,,,,9149.9529,2310.0819,0.0,0.0,0.0,,0,0,8854,1,,,,1.0,1.0,,2275.3702,7870.0,2200.0,5810,,,,,,,125469.0,2009,591,588,0.0,0.0,0.0,0.0,0.0,18.0,8.0,40.0,2009,MIS8_to_MIS4,True,False,True
806608981992957,4,1.0,1,8,2,8200,82001,1,1,33,17,0,0,3.0,2.0,,0,1,53,2.0,2,40,1,,1,1,1,1,2,57,57,57,1,0,0,1.0,4.0,,,,,,,,6.0,5.0,11.0,1.0,0.0,2,,,,,,,,,,,14088.6166,3109.2665,0.0,0.0,,,0,0,21834,1,,,1.0,,,,3054.0712,6370.0,5540.0,-1,,,,,,,125773.0,2008,579,564,0.0,0.0,0.0,0.0,0.0,12.0,17.0,23.0,2008,1.0,1,4,2,8500,85001,1,17,0,0,3.0,2.0,,0,1,40,2.0,2,43,1,,1,1,1,2,57,57,57,1,0,0,1.0,1.0,,50.0,,50.0,,,,,,2.0,5.0,0.0,1,1.0,,1.0,3000.0,1650.0,2.0,2.0,,,,9149.9529,2310.0819,3.0,2.0,0.0,0.0,0,0,52759,1,,,,1.0,1.0,,2275.3702,8190.0,3130.0,-1,,,,,,,125488.0,2009,591,588,0.0,0.0,1.0,0.0,0.0,18.0,10.0,41.0,2009,MIS8_to_MIS4,False,True,True
195916607019789,4,2.0,1,8,2,8200,82001,1,1,33,17,16580,0,,1.0,,2,1,54,2.0,1,46,1,,1,1,1,1,2,57,57,57,1,0,0,2.0,1.0,,50.0,,50.0,,,,,,2.0,2.0,0.0,1,2.0,2.0,2.0,,2884.61,2.0,2.0,,,,12280.7095,3081.7054,0.0,0.0,0.0,,0,0,34550,1,,,,,,,3100.8189,7870.0,2200.0,-1,,,,,,,125807.0,2008,579,564,0.0,0.0,0.0,0.0,0.0,18.0,8.0,40.0,2008,1.0,1,4,2,8500,85001,1,17,16580,0,,1.0,,2,1,64,2.0,1,40,1,,1,1,1,2,57,57,57,1,0,0,1.0,5.0,,,,,,,,,,1.0,,,2,,,,,,,,,,,11274.4077,2788.521,0.0,0.0,,,0,0,35303,1,,,1.0,,,,2783.4539,,,-1,3.0,4.0,5.0,,,,125520.0,2009,591,588,0.0,0.0,0.0,0.0,0.0,12.0,,,2009,MIS8_to_MIS4,False,True,True
706909321993947,4,2.0,1,8,2,8200,82001,1,1,33,17,14060,113,,1.0,,2,1,56,2.0,2,46,1,,1,1,1,1,2,57,57,57,1,0,0,2.0,1.0,,60.0,,70.0,,,,,,2.0,2.0,0.0,1,2.0,2.0,2.0,,1000.0,2.0,2.0,,,,11784.7505,2964.2757,0.0,0.0,0.0,,0,0,795,1,,,,,,,2990.0524,7870.0,2200.0,-1,,,,,,,125885.0,2008,579,564,0.0,0.0,0.0,0.0,0.0,18.0,8.0,40.0,2008,1.0,7,4,2,8500,85001,1,17,14060,113,,1.0,,2,2,20,,2,42,1,,0,0,7,2,57,57,57,1,0,0,1.0,1.0,,8.0,,8.0,,,20.0,,,7.0,2.0,0.0,1,2.0,1.0,1.0,900.0,120.0,2.0,2.0,1.0,1.0,2.0,10212.2134,2568.8846,,,1.0,1.0,0,0,45545,1,,,3.0,,,,2583.9961,7870.0,5260.0,-1,,,,,,,125610.0,2009,591,588,,,,,,14.0,17.0,40.0,2009,MIS8_to_MIS4,True,False,False
906908171991657,4,1.0,1,8,2,8200,82001,1,1,33,17,16580,0,,1.0,,2,1,47,2.0,1,46,1,,1,1,1,1,2,57,207,57,1,0,0,1.0,1.0,,65.0,,85.0,,,,,,2.0,2.0,0.0,1,2.0,2.0,2.0,,1923.07,2.0,2.0,,,,12419.0064,3105.4765,8.0,3.0,0.0,,0,0,8404,1,,,,,,,3135.7382,7870.0,2200.0,2830,,,,,,,125918.0,2008,579,564,0.0,1.0,1.0,0.0,1.0,18.0,8.0,40.0,2008,1.0,1,4,2,8500,85001,1,17,16580,0,,1.0,,2,1,77,2.0,1,40,1,,1,1,1,2,57,110,57,1,0,0,1.0,5.0,,,,,,11.0,,,,1.0,,,2,,,,,,,,,,,11987.0187,2934.6889,0.0,0.0,,,0,0,22349,1,,,2.0,,,,2959.385,,,-1,5.0,6.0,,,,,125646.0,2009,591,588,0.0,0.0,0.0,0.0,0.0,13.0,,,2009,MIS8_to_MIS4,False,True,True
906908171991657,4,1.0,1,8,2,8200,82001,1,1,33,17,16580,0,,1.0,,2,3,44,1.0,2,46,1,,2,1,2,1,2,57,57,57,1,0,0,2.0,1.0,,65.0,,65.0,,,,,,2.0,2.0,0.0,1,2.0,2.0,2.0,,1923.07,2.0,2.0,,,,10362.6975,2664.1413,8.0,3.0,0.0,,0,0,8404,2,,,,,,,2662.3201,7870.0,2200.0,-1,,,,,,,125919.0,2008,579,564,0.0,1.0,1.0,0.0,1.0,18.0,8.0,40.0,2008,1.0,1,4,2,8500,85001,1,17,16580,0,,1.0,,2,3,80,1.0,2,39,1,,1,2,1,2,57,57,110,1,0,0,2.0,5.0,,,,,,,,,,1.0,,,2,,,,,,,,,,,12414.2335,3083.9568,0.0,0.0,,,0,0,22349,2,1.0,,,,,,3106.3339,,,-1,,,,,,,125647.0,2009,591,588,0.0,0.0,0.0,0.0,0.0,12.0,,,2009,MIS8_to_MIS4,False,True,True
779870838580971,5,1.0,1,8,2,8200,82001,1,1,33,17,16980,0,1.0,1.0,1.0,7,1,29,2.0,1,43,1,,1,1,1,1,2,57,57,57,1,0,0,1.0,1.0,,40.0,,40.0,,,,,,2.0,3.0,0.0,1,2.0,2.0,2.0,,2307.0,2.0,2.0,,,,14348.2843,3498.5014,1.0,1.0,1.0,,0,0,34239,1,,,,2.0,,,3550.4939,9470.0,3850.0,-1,,,,,,,162717.0,2008,580,565,1.0,0.0,0.0,0.0,1.0,16.0,12.0,51.0,2008,1.0,1,4,2,8500,85001,1,17,16980,0,1.0,1.0,1.0,7,1,46,2.0,1,39,1,,1,1,1,2,57,57,57,1,0,0,1.0,1.0,,40.0,,40.0,,,,,,2.0,4.0,0.0,1,1.0,1.0,1.0,3087.0,923.07,1.0,,,,,11805.7871,2974.0784,0.0,0.0,0.0,1.0,0,0,36706,1,1.0,,,,,,2976.1788,770.0,6220.0,-1,,,,,,,162807.0,2009,592,589,0.0,0.0,0.0,0.0,0.0,12.0,19.0,4.0,2009,MIS8_to_MIS4,False,True,True
799240533190971,5,2.0,1,8,2,8200,82001,1,1,33,17,16980,0,1.0,1.0,3.0,7,1,39,2.0,1,41,1,2.0,1,1,1,1,2,57,73,57,1,0,0,2.0,1.0,,40.0,,40.0,,,,,,2.0,1.0,0.0,1,2.0,,1.0,4500.0,1800.0,2.0,1.0,,,,14360.4733,3589.0355,10.0,3.0,0.0,0.0,0,0,7956,1,,,3.0,,,,3582.5386,9570.0,1020.0,-1,2.0,3.0,,,,,162723.0,2008,580,565,0.0,0.0,1.0,1.0,0.0,14.0,3.0,51.0,2008,1.0,1,4,2,8500,85001,1,17,16980,0,1.0,1.0,3.0,7,1,47,2.0,1,43,1,,1,1,1,2,57,57,57,1,0,0,1.0,1.0,,60.0,,60.0,,,,,,2.0,4.0,0.0,1,2.0,2.0,2.0,,2019.0,2.0,2.0,,,,11805.7871,2974.0784,10.0,3.0,1.0,,0,0,23701,1,,,,1.0,1.0,,2976.1788,6990.0,860.0,-1,,,,,,,162813.0,2009,592,589,0.0,0.0,1.0,1.0,0.0,18.0,2.0,33.0,2009,MIS8_to_MIS4,False,True,True
799240533190971,5,2.0,1,8,2,8200,82001,1,1,33,17,16980,0,1.0,1.0,3.0,7,3,40,1.0,2,40,1,,2,1,2,1,2,57,57,57,1,0,0,1.0,1.0,,32.0,,32.0,,,18.0,,,7.0,3.0,0.0,1,2.0,,1.0,1103.0,352.96,2.0,2.0,,,,11111.623,2727.043,10.0,3.0,0.0,0.0,0,0,7956,2,,,1.0,,,,2737.0114,8570.0,2300.0,-1,,,,,,,162724.0,2008,580,565,0.0,0.0,1.0,1.0,0.0,12.0,8.0,44.0,2008,1.0,1,4,2,8500,85001,1,17,16980,0,1.0,1.0,3.0,7,3,38,1.0,2,42,1,,1,2,1,2,57,57,57,1,0,0,2.0,7.0,,,,,,,,,,1.0,,,2,,,,,,,,,,,12292.0038,3141.5456,10.0,3.0,,,0,0,23701,2,,,3.0,,,,3164.3396,,,-1,,,,,,,162814.0,2009,592,589,0.0,0.0,1.0,1.0,0.0,14.0,,,2009,MIS8_to_MIS4,False,True,True
307904531384537,5,2.0,1,8,2,8200,82001,1,1,33,17,16980,0,2.0,1.0,,7,3,36,1.0,2,44,1,,2,1,2,1,2,57,57,57,1,0,0,1.0,1.0,,55.0,,55.0,,,,,,2.0,3.0,0.0,1,2.0,2.0,2.0,,1730.76,1.0,,,,,11772.9943,2873.8295,3.0,1.0,0.0,,0,0,34232,2,,,,,,2.0,2899.9201,7860.0,2320.0,-1,,,,,,,163015.0,2008,580,565,0.0,0.0,1.0,0.0,0.0,18.0,8.0,40.0,2008,1.0,1,4,2,8500,85001,1,17,16980,0,2.0,1.0,,7,3,63,1.0,2,40,1,,1,2,1,2,57,57,57,1,0,0,2.0,1.0,,50.0,,40.0,,,,,,2.0,4.0,0.0,1,2.0,2.0,2.0,,663.0,2.0,2.0,,,,9918.795,2443.7998,0.0,0.0,1.0,,0,0,23394,2,,,3.0,,,,2420.5555,6990.0,4710.0,-1,,,,,,,163106.0,2009,592,589,0.0,0.0,0.0,0.0,0.0,14.0,16.0,33.0,2009,MIS8_to_MIS4,False,True,True
497008370619109,5,1.0,1,8,2,8200,82001,1,1,33,17,16980,0,2.0,1.0,,7,1,33,2.0,2,41,1,,1,1,1,1,2,57,249,249,1,0,0,1.0,1.0,,40.0,,40.0,,,,,,2.0,3.0,0.0,1,1.0,1.0,1.0,1200.0,280.0,1.0,,,,,10247.4288,2589.9536,8.0,3.0,0.0,0.0,0,0,21376,1,,,3.0,,,,2588.8341,7860.0,2540.0,-1,,,,,,,163110.0,2008,580,565,0.0,1.0,1.0,0.0,1.0,14.0,8.0,40.0,2008,2.0,1,4,2,8500,85001,1,17,16980,0,2.0,1.0,,7,1,40,2.0,2,39,1,,1,1,1,2,222,222,222,4,0,13,2.0,7.0,,,,,,,,,,1.0,,,2,,,,,,,,,,,11165.1069,2785.8555,8.0,4.0,,,0,0,9275,1,1.0,,,,,,2874.2417,,,-1,,,,,,,163190.0,2009,592,589,0.0,1.0,1.0,0.0,1.0,12.0,,,2009,MIS8_to_MIS4,False,True,True
710709877669510,5,2.0,1,8,2,8200,82001,1,1,33,17,16980,0,2.0,1.0,,7,1,63,2.0,1,44,1,,1,1,1,1,2,57,57,57,1,0,0,1.0,1.0,,12.0,,12.0,,,21.0,,,7.0,3.0,0.0,1,2.0,2.0,2.0,,692.3,2.0,2.0,,,,13343.6453,3239.5491,0.0,0.0,0.0,,0,0,52323,1,,,,,,2.0,3234.9462,7870.0,2200.0,-1,,,,,,,163178.0,2008,580,565,0.0,0.0,0.0,0.0,0.0,18.0,8.0,40.0,2008,3.0,1,4,2,8500,85001,1,17,16980,0,2.0,1.0,,7,1,62,2.0,1,43,1,,1,1,1,2,128,128,128,4,0,6,2.0,1.0,,40.0,,50.0,,,,,,2.0,4.0,0.0,1,2.0,2.0,2.0,,576.92,2.0,2.0,,,,11344.2527,2670.2608,0.0,0.0,0.0,,0,0,36697,1,,,,2.0,,,2666.0035,8190.0,4220.0,-1,,,,,,,163263.0,2009,592,589,0.0,0.0,0.0,0.0,0.0,16.0,14.0,41.0,2009,MIS8_to_MIS4,False,True,True
799150405190971,5,2.0,1,8,2,8200,82001,1,1,33,17,41180,0,2.0,1.0,,6,1,47,2.0,1,39,1,,1,1,1,1,2,57,57,57,1,0,0,2.0,1.0,,35.0,,35.0,,,,,,2.0,3.0,0.0,1,2.0,,1.0,1400.0,560.0,1.0,,,,,12539.4473,3055.978,4.0,1.0,0.0,0.0,0,0,7917,1,1.0,,,,,,3089.2765,770.0,9130.0,-1,,,,,,,163241.0,2008,580,565,0.0,0.0,0.0,1.0,0.0,12.0,22.0,4.0,2008,3.0,3,4,2,8500,85001,1,17,41180,0,2.0,1.0,,6,1,47,,1,39,1,,1,1,7,2,57,57,57,1,0,0,2.0,1.0,,-4.0,,40.0,,,,,,2.0,4.0,1.0,1,2.0,2.0,2.0,,600.0,2.0,2.0,,,,11537.4311,2906.4749,0.0,0.0,1.0,,0,42,9408,1,1.0,,,,,,2908.5276,170.0,6050.0,-1,,,,,3.0,,163335.0,2009,592,589,0.0,0.0,0.0,0.0,0.0,12.0,18.0,1.0,2009,MIS8_to_MIS4,False,True,True
971173067800393,5,2.0,1,8,2,8200,82001,1,1,33,17,16980,0,2.0,1.0,,7,1,85,2.0,1,40,1,,1,1,1,1,2,57,57,57,1,0,0,1.0,1.0,,18.0,,12.0,,,21.0,,,7.0,3.0,0.0,1,2.0,,1.0,2500.0,450.0,2.0,2.0,,,,13585.8005,3106.7211,0.0,0.0,1.0,1.0,0,42,34223,1,,,2.0,,,,3083.2715,8590.0,4430.0,-1,8.0,,,,,,163351.0,2008,580,565,0.0,0.0,0.0,0.0,0.0,13.0,15.0,44.0,2008,1.0,1,4,2,8500,85001,1,17,16980,0,2.0,1.0,,7,1,70,2.0,1,44,1,,1,1,1,2,57,57,57,1,0,0,1.0,5.0,,,,,,,,,,1.0,,,2,,,,,,,,,,,10809.492,2717.3972,0.0,0.0,,,0,0,46788,1,,,,,,2.0,2730.2026,,,-1,5.0,,,,,,163452.0,2009,592,589,0.0,0.0,0.0,0.0,0.0,18.0,,,2009,MIS8_to_MIS4,False,True,True
320879093118839,6,1.0,3,8,2,8200,82001,1,1,33,17,16980,0,1.0,1.0,1.0,7,1,33,,1,43,1,2.0,1,1,1,6,2,73,73,73,2,0,18,1.0,1.0,,40.0,,40.0,,,,,,2.0,3.0,0.0,1,2.0,2.0,2.0,,1000.0,2.0,2.0,,,,13185.5879,3349.2374,8.0,2.0,0.0,,0,0,33943,1,,,,2.0,,,3349.6531,9470.0,2020.0,-1,,,,,,,200584.0,2008,581,566,0.0,1.0,1.0,0.0,1.0,16.0,6.0,51.0,2008,1.0,6,4,2,8500,85001,1,17,16980,0,1.0,1.0,1.0,7,2,58,,1,40,1,,0,0,7,2,57,57,57,1,0,0,1.0,1.0,,-4.0,,5.0,,,14.0,,,6.0,4.0,0.0,1,2.0,1.0,1.0,1350.0,300.0,1.0,,,,,12689.4464,3157.3458,,,1.0,1.0,0,0,9166,1,,,3.0,,,,3107.374,770.0,6230.0,-1,,,,,,,201208.0,2009,593,590,,,,,,14.0,19.0,4.0,2009,MIS8_to_MIS4,False,True,True
170871096518559,6,2.0,1,8,2,8200,82001,1,1,33,17,16980,0,2.0,1.0,,7,3,45,1.0,2,39,1,2.0,2,1,2,1,2,73,73,73,2,0,6,1.0,1.0,,25.0,,25.0,,,18.0,,,7.0,2.0,0.0,1,2.0,,1.0,835.0,208.75,2.0,2.0,,,,14956.5844,3781.164,0.0,0.0,0.0,0.0,0,0,34048,2,1.0,,,,,,3696.1397,8170.0,4610.0,-1,,,,,,,200857.0,2008,581,566,0.0,0.0,0.0,0.0,0.0,12.0,15.0,42.0,2008,1.0,1,4,2,8500,85001,1,17,16980,0,2.0,1.0,,7,3,51,1.0,2,42,1,,1,2,1,2,57,57,57,1,0,0,2.0,1.0,,40.0,,40.0,,,,,,2.0,4.0,0.0,1,2.0,,1.0,1623.0,649.2,1.0,,,,,11965.5581,2954.6335,0.0,0.0,1.0,1.0,0,0,66572,2,,,2.0,,,,2921.3523,570.0,8600.0,-1,,,,,,,201514.0,2009,593,590,0.0,0.0,0.0,0.0,0.0,13.0,21.0,24.0,2009,MIS8_to_MIS4,False,True,True
908903621993517,6,2.0,1,8,2,8200,82001,1,1,33,17,16980,0,2.0,1.0,,7,3,49,1.0,2,39,1,,2,1,2,1,2,57,57,57,1,0,0,1.0,1.0,,40.0,,40.0,,,,,,2.0,2.0,0.0,1,2.0,,1.0,1350.0,540.0,2.0,2.0,,,,12469.3503,3076.6342,3.0,2.0,1.0,1.0,0,42,20252,2,1.0,,,,,,3081.483,8670.0,5700.0,-1,,,,,,,201271.0,2008,581,566,0.0,0.0,1.0,0.0,0.0,12.0,17.0,45.0,2008,2.0,1,4,2,8500,85001,1,17,16980,0,2.0,1.0,,7,3,47,1.0,2,40,1,,1,2,1,2,57,57,57,1,0,0,1.0,1.0,,40.0,,40.0,,,,,,2.0,4.0,0.0,1,2.0,2.0,2.0,,360.0,2.0,2.0,,,,12727.997,3110.6021,4.0,2.0,1.0,,0,42,63794,2,,,2.0,,,,3107.4993,8680.0,4110.0,-1,,,,,,,201923.0,2009,593,590,0.0,0.0,0.0,1.0,0.0,13.0,13.0,46.0,2009,MIS8_to_MIS4,False,True,True
39331170927176,7,1.0,4,8,2,8300,83001,1,1,33,17,16980,0,2.0,1.0,,7,1,56,,2,43,2,,1,1,1,5,2,57,57,57,1,0,0,1.0,1.0,,40.0,,40.0,,,,,,2.0,2.0,0.0,1,2.0,,1.0,1200.0,480.0,2.0,2.0,,,,14905.9189,3605.9293,0.0,0.0,1.0,1.0,0,42,46265,1,,,,2.0,,,3646.2138,9480.0,5400.0,-1,2.0,,,,,1.0,239250.0,2008,582,567,0.0,0.0,0.0,0.0,0.0,16.0,17.0,51.0,2008,2.0,7,4,2,8600,86001,1,17,16980,0,2.0,1.0,,7,2,46,,2,43,2,,0,0,7,2,57,57,57,1,0,0,2.0,2.0,4.0,40.0,,,,,,,,5.0,3.0,0.0,1,2.0,2.0,2.0,,1538.0,2.0,2.0,,,,12516.2011,3109.5658,,,1.0,,0,42,45425,1,,,,2.0,,,3128.5833,9480.0,2010.0,4710,,,,,,,240003.0,2009,594,591,,,,,,16.0,6.0,51.0,2009,MIS8_to_MIS4,True,False,True
100974094011709,7,2.0,1,8,2,8300,83001,1,1,33,17,41180,163,2.0,1.0,,6,1,49,2.0,1,39,1,,1,1,1,1,2,57,57,57,1,0,0,2.0,1.0,,40.0,,40.0,,,,,,2.0,1.0,0.0,1,2.0,1.0,1.0,2400.0,961.53,1.0,,,,,12490.1963,3055.5773,9.0,2.0,0.0,0.0,0,0,19205,1,1.0,,,,,,3062.4425,6370.0,9130.0,-1,,,,,,,239301.0,2008,582,567,0.0,1.0,0.0,1.0,1.0,12.0,22.0,23.0,2008,1.0,6,4,2,8600,86001,1,17,41180,163,2.0,1.0,,6,2,65,,1,43,1,,0,0,7,2,57,57,57,1,0,0,1.0,5.0,,,,,,,,,,1.0,,,2,,,,,,,,,,,12003.0701,3060.7926,,,,,0,0,931,1,,,,1.0,1.0,,3034.262,,,-1,4.0,,,,,,240045.0,2009,594,591,,,,,,18.0,,,2009,MIS8_to_MIS4,False,True,True
110709967480582,7,1.0,7,8,2,8300,83001,1,1,33,17,16980,0,2.0,1.0,,7,2,50,,2,44,1,,1,0,0,7,2,57,57,57,1,0,0,1.0,2.0,4.0,40.0,,,,,,,,5.0,2.0,0.0,1,2.0,2.0,2.0,,1538.46,1.0,,,,,10220.0288,2519.3105,,,0.0,,0,0,53447,1,,,,,,3.0,2493.4197,7860.0,2310.0,-1,,,,,,,239347.0,2008,582,567,,,,,,18.0,8.0,40.0,2008,1.0,1,4,2,8600,86001,1,17,16980,0,2.0,1.0,,7,1,64,2.0,2,41,1,,1,1,1,2,57,57,57,1,0,0,1.0,1.0,,40.0,,40.0,,,,,,2.0,4.0,0.0,1,2.0,,1.0,1800.0,720.0,2.0,2.0,,,,14014.6204,3865.9859,0.0,0.0,1.0,1.0,0,42,35489,1,,,3.0,,,,3827.5417,3570.0,5240.0,-1,,,,,,,240078.0,2009,594,591,0.0,0.0,0.0,0.0,0.0,14.0,17.0,10.0,2009,MIS8_to_MIS4,False,True,True
190991000042788,7,1.0,1,8,2,8300,83001,1,1,33,17,41180,119,2.0,1.0,,6,1,26,2.0,1,42,1,,1,1,1,1,2,57,57,57,1,0,0,1.0,1.0,,40.0,,40.0,,,,,,2.0,3.0,0.0,1,2.0,2.0,2.0,,923.0,2.0,2.0,,,,13363.991,3377.5607,0.0,0.0,1.0,,0,42,66851,1,,,2.0,,,,3386.0431,9470.0,3850.0,-1,,,,,,,239362.0,2008,582,567,0.0,0.0,0.0,0.0,0.0,13.0,12.0,51.0,2008,2.0,1,4,2,8600,86001,1,17,41180,119,2.0,1.0,,6,1,45,2.0,1,40,1,,1,1,1,2,57,57,57,1,0,0,2.0,2.0,4.0,60.0,,,,,,,,5.0,4.0,0.0,1,2.0,2.0,2.0,,1057.69,2.0,2.0,,,,13048.9454,3204.1623,4.0,1.0,0.0,,0,0,22171,1,,,5.0,,,,3226.2476,4790.0,4700.0,-1,,,,,,,240089.0,2009,594,591,0.0,0.0,0.0,1.0,0.0,16.0,16.0,22.0,2009,MIS8_to_MIS4,False,True,True
401908451186387,7,1.0,1,8,2,8300,83001,1,1,33,17,16980,0,2.0,1.0,,7,3,51,1.0,1,39,1,1.0,2,1,2,1,2,57,57,57,1,0,0,2.0,1.0,,-4.0,,48.0,,,,,,2.0,1.0,0.0,1,1.0,,1.0,1500.0,914.4,1.0,,,,,11097.4303,2731.2511,0.0,0.0,1.0,1.0,0,0,35949,2,1.0,,,,,,2720.9534,6370.0,5550.0,-1,3.0,,,,,,239442.0,2008,582,567,0.0,0.0,0.0,0.0,0.0,12.0,17.0,23.0,2008,1.0,1,4,2,8600,86001,1,17,16980,0,2.0,1.0,,7,3,54,1.0,1,40,1,,1,2,1,2,57,57,57,1,0,0,2.0,1.0,,40.0,,49.0,,,,,,2.0,3.0,0.0,1,2.0,2.0,2.0,,1442.0,1.0,,,,,11955.7915,2950.3218,4.0,1.0,1.0,,0,42,35297,2,,,1.0,,,,2955.974,7860.0,8610.0,-1,,,,,,,240171.0,2009,594,591,0.0,0.0,0.0,1.0,0.0,12.0,21.0,40.0,2009,MIS8_to_MIS4,True,False,True
971173061803393,7,1.0,1,8,2,8300,83001,1,1,33,17,16980,0,2.0,1.0,,7,1,62,2.0,2,40,1,,1,1,1,1,2,57,57,57,1,0,0,1.0,1.0,,20.0,,20.0,,,21.0,,,7.0,3.0,0.0,1,2.0,1.0,1.0,1300.0,210.0,2.0,2.0,,,,10589.771,2695.8238,0.0,0.0,1.0,1.0,0,0,35952,1,,,2.0,,,,2625.3973,9370.0,5400.0,-1,,,,,,,239746.0,2008,582,567,0.0,0.0,0.0,0.0,0.0,13.0,17.0,51.0,2008,1.0,7,4,2,8600,86001,1,17,16980,0,1.0,1.0,,7,2,47,,2,40,1,,0,0,5,2,57,57,57,1,0,0,1.0,6.0,,,,,,,,,,1.0,,,2,,,,,,,,,,,13134.4211,3432.3131,,,,,0,0,7979,1,,,3.0,,,,3328.9792,,,-1,,,,,,,239958.0,2009,594,591,,,,,,14.0,,,2009,MIS8_to_MIS4,False,True,True
977247310349107,7,1.0,1,8,2,8300,83001,1,1,33,17,16980,0,2.0,1.0,,7,4,18,,2,39,1,,3,1,3,7,2,57,128,57,1,0,0,2.0,1.0,,-4.0,8.0,8.0,,,8.0,,,4.0,3.0,0.0,1,2.0,,1.0,725.0,58.0,2.0,2.0,2.0,,,9904.0699,2819.4297,,,0.0,0.0,0,0,59932,3,1.0,,,,,,2816.0579,8270.0,2000.0,-1,,,,,1.0,1.0,239751.0,2008,582,567,,,,,,12.0,6.0,42.0,2008,1.0,1,4,2,8600,86001,1,17,16980,0,2.0,1.0,,7,4,29,,2,40,1,,2,1,6,2,57,57,57,1,0,0,2.0,1.0,,40.0,,40.0,,,,,,2.0,4.0,0.0,1,2.0,,1.0,1200.0,480.0,2.0,2.0,,,,14185.121,3564.4463,3.0,1.0,1.0,1.0,0,0,45433,3,,,3.0,,,,3606.211,6870.0,5160.0,-1,,,,,1.0,1.0,240473.0,2009,594,591,0.0,0.0,1.0,0.0,0.0,14.0,17.0,32.0,2009,MIS8_to_MIS4,False,True,True
780978093911169,7,1.0,7,8,2,8300,83001,1,1,33,17,0,99,3.0,2.0,,0,2,53,,2,44,1,,1,0,0,7,2,57,57,57,1,0,0,1.0,2.0,4.0,60.0,,,,,,,,5.0,3.0,0.0,1,2.0,2.0,2.0,,2153.0,1.0,,,,,10287.4514,2535.9307,,,1.0,,0,42,22875,1,,,,,,2.0,2509.8691,7860.0,2310.0,-1,,,,,,,239830.0,2008,582,567,,,,,,18.0,8.0,40.0,2008,1.0,1,4,2,8600,86001,1,17,0,99,3.0,2.0,,0,1,59,2.0,2,40,1,1.0,1,1,1,2,303,303,303,5,0,5,1.0,1.0,,32.0,,8.0,,,14.0,,,6.0,4.0,0.0,1,2.0,,1.0,800.0,256.0,2.0,2.0,,,,12467.4178,3059.5964,0.0,0.0,0.0,0.0,0,0,52609,1,,,1.0,,,,3075.0719,1090.0,6040.0,-1,,,,,,,240552.0,2009,594,591,0.0,0.0,0.0,0.0,0.0,12.0,18.0,14.0,2009,MIS8_to_MIS4,False,True,True
799270552450911,7,2.0,1,8,2,8300,83001,1,1,33,17,0,0,3.0,2.0,,0,1,46,2.0,1,40,1,,1,1,1,1,2,57,57,57,1,0,0,2.0,1.0,,40.0,,50.0,,,,,,2.0,1.0,0.0,1,1.0,,1.0,2000.0,994.4,1.0,,,,,12201.9892,2985.0709,2.0,1.0,1.0,0.0,0,0,4925,1,,,1.0,,,,2991.7777,6370.0,5550.0,-1,3.0,,,,,,239832.0,2008,582,567,0.0,1.0,0.0,0.0,1.0,12.0,17.0,23.0,2008,2.0,3,4,2,8600,86001,1,17,0,0,3.0,2.0,,0,1,43,,1,39,1,,1,1,7,2,57,57,57,1,0,0,2.0,4.0,,,,,,,,21.0,5.0,11.0,4.0,0.0,2,,,,,,,,,,,12132.8596,2898.1752,0.0,0.0,,,0,0,35576,1,2.0,5.0,,,,,2903.7525,770.0,6230.0,-1,,,,,,,240556.0,2009,594,591,0.0,0.0,0.0,0.0,0.0,9.0,19.0,4.0,2009,MIS8_to_MIS4,False,True,True
799270552450911,7,2.0,1,8,2,8300,83001,1,1,33,17,0,0,3.0,2.0,,0,3,39,1.0,2,40,1,,2,1,2,1,2,57,57,57,1,0,0,1.0,1.0,,-4.0,,13.0,,,18.0,,,7.0,2.0,0.0,1,2.0,,1.0,935.0,93.5,1.0,,,,,11768.1049,2946.2911,2.0,1.0,0.0,0.0,0,0,4925,2,,,1.0,,,,2935.6376,9480.0,3600.0,-1,,,,,,,239833.0,2008,582,567,0.0,1.0,0.0,0.0,1.0,12.0,11.0,51.0,2008,2.0,3,4,2,8600,86001,1,17,0,0,3.0,2.0,,0,14,43,,2,43,1,,0,0,7,2,57,57,57,1,0,0,1.0,1.0,,38.0,4.0,10.0,,,4.0,,,4.0,3.0,0.0,1,2.0,2.0,2.0,,615.38,1.0,,,,,11750.3206,2960.4558,,,0.0,,0,0,35576,2,,,,2.0,,,2948.9069,7860.0,2330.0,2910,3.0,,,,,,240558.0,2009,594,591,,,,,,16.0,8.0,40.0,2009,MIS8_to_MIS4,True,False,True
12841170991193,7,2.0,1,8,2,8300,83001,1,1,33,17,16580,0,,1.0,,2,1,33,2.0,1,42,1,,1,1,1,1,2,57,57,57,1,0,0,2.0,1.0,,50.0,,70.0,,,,,,2.0,1.0,0.0,1,1.0,,1.0,1900.0,1144.4,1.0,,,,,13251.9799,3321.9023,2.0,1.0,1.0,1.0,0,0,46258,1,,,3.0,,,,3357.6628,6370.0,5540.0,-1,,,,,,,239908.0,2008,582,567,0.0,1.0,0.0,0.0,1.0,14.0,17.0,23.0,2008,1.0,6,4,2,8600,86001,1,17,16580,0,,1.0,,2,2,59,,1,34,1,,0,0,7,2,57,57,57,1,0,0,1.0,6.0,,,,,,,,,,1.0,,,2,,,,,,,,,,,12238.8492,3208.9404,,,,,0,0,35287,1,,,,,,,3255.8669,,,-1,,,,,,,240620.0,2009,594,591,,,,,,7.5,,,2009,MIS8_to_MIS4,False,True,True
196931406096748,7,1.0,1,8,2,8300,83001,1,1,33,17,44100,0,,1.0,,2,3,44,1.0,1,40,1,,2,1,2,1,2,57,57,57,1,0,0,2.0,1.0,,38.0,,38.0,,,,,,2.0,2.0,0.0,1,2.0,2.0,2.0,,1200.0,1.0,,,,,11673.2177,2927.6429,0.0,0.0,0.0,,0,0,4936,2,,,2.0,,,,2913.4281,9480.0,430.0,-1,,,,,,,239940.0,2008,582,567,0.0,0.0,0.0,0.0,0.0,13.0,1.0,51.0,2008,1.0,6,4,2,8600,86001,1,17,44100,0,,1.0,,2,16,67,,1,44,1,,0,0,7,2,57,57,57,1,0,0,2.0,5.0,,,,,,,,,,1.0,,,2,,,,,,,,,,,12003.0701,3060.7926,,,,,0,0,18515,2,,,,,,2.0,3034.262,,,-1,,,,,,,240655.0,2009,594,591,,,,,,18.0,,,2009,MIS8_to_MIS4,False,True,True
799310418210911,7,1.0,6,8,2,8300,83001,1,1,33,17,16580,0,,1.0,,2,2,49,,1,46,2,,1,0,0,5,2,57,57,57,1,0,0,1.0,1.0,,60.0,,60.0,,,,,,2.0,2.0,0.0,1,2.0,2.0,2.0,,1442.3,2.0,2.0,,,,12223.0236,3146.8061,,,0.0,,0,0,46257,1,,,,,,,3053.2317,7870.0,230.0,-1,,,,,,,239988.0,2008,582,567,,,,,,18.0,1.0,40.0,2008,1.0,3,4,2,8600,86001,1,17,16580,0,,1.0,,2,1,48,,1,39,2,,1,1,5,2,57,57,57,1,0,0,1.0,1.0,,40.0,4.0,25.0,,,4.0,,,4.0,2.0,0.0,1,2.0,2.0,2.0,,1134.61,2.0,2.0,,,,11863.637,2875.5402,0.0,0.0,0.0,,0,0,35285,1,1.0,,,,,,2884.9145,7870.0,4210.0,-1,3.0,,,,,,240693.0,2009,594,591,0.0,0.0,0.0,0.0,0.0,12.0,14.0,40.0,2009,MIS8_to_MIS4,True,False,False
196992003031759,8,1.0,1,8,2,8300,83001,1,1,33,17,16980,0,1.0,1.0,,7,1,59,2.0,1,43,1,,1,1,1,1,2,57,57,57,1,0,0,1.0,1.0,,56.0,,70.0,,,,,,2.0,2.0,0.0,1,2.0,2.0,2.0,,2200.0,1.0,,,,,11668.4298,2977.2027,0.0,0.0,0.0,,0,0,5026,1,,,,2.0,,,2985.274,6080.0,9200.0,-1,,,,,,,276984.0,2008,583,568,0.0,0.0,0.0,0.0,0.0,16.0,22.0,23.0,2008,3.0,1,4,2,8600,86001,1,17,16980,0,1.0,1.0,,7,1,62,2.0,1,39,1,,1,1,1,2,57,57,57,1,0,0,2.0,1.0,,45.0,,40.0,,,,,,2.0,4.0,0.0,1,2.0,,1.0,2350.0,940.0,1.0,,,,,10519.2055,2749.0543,0.0,0.0,0.0,0.0,0,0,35066,1,1.0,,,,,,2781.0789,2870.0,7330.0,-1,4.0,,,,,,277916.0,2009,595,592,0.0,0.0,0.0,0.0,0.0,12.0,20.0,6.0,2009,MIS8_to_MIS4,False,True,True
271381032709399,8,1.0,1,8,2,8300,83001,1,1,33,17,16980,0,1.0,1.0,,7,3,41,1.0,1,44,1,,2,1,2,1,2,57,57,57,1,0,0,2.0,1.0,,-4.0,,35.0,,,,,,2.0,3.0,0.0,1,2.0,2.0,2.0,,1634.61,1.0,,,,,12099.7064,3043.5263,8.0,3.0,0.0,,0,0,44923,2,,,,,,3.0,3030.0838,7860.0,2320.0,-1,,,,,,,277018.0,2008,583,568,0.0,1.0,1.0,0.0,1.0,18.0,8.0,40.0,2008,2.0,1,4,2,8600,86001,1,17,16980,0,1.0,1.0,,7,3,66,1.0,1,42,1,,1,2,1,2,57,57,57,1,0,0,2.0,6.0,,,,,,,,,,1.0,,,2,,,,,,,,,,,11217.2193,2805.301,0.0,0.0,,,0,0,59195,2,,,3.0,,,,2767.196,,,-1,4.0,,,,,,277952.0,2009,595,592,0.0,0.0,0.0,0.0,0.0,14.0,,,2009,MIS8_to_MIS4,False,True,True
739770560960921,8,1.0,1,8,2,8300,83001,1,1,33,17,16980,0,1.0,1.0,1.0,7,1,67,2.0,2,39,2,,1,1,1,1,2,57,57,57,1,0,0,1.0,5.0,,,,,,,,,,1.0,3.0,0.0,2,,,,,,,,,,,9563.2506,2475.2255,0.0,0.0,,,0,0,21949,1,1.0,,,,,,2437.0794,9480.0,3600.0,-1,,,,,,,277170.0,2008,583,568,0.0,0.0,0.0,0.0,0.0,12.0,11.0,51.0,2008,1.0,7,4,2,8600,86001,1,17,16980,0,1.0,1.0,1.0,7,2,58,,2,43,2,,0,0,7,2,57,57,57,1,0,0,1.0,5.0,,,,,,,,,,1.0,4.0,0.0,2,,,,,,,,,,,8715.9764,2176.2908,,,,,0,0,68293,1,,,,2.0,,,2130.0795,6690.0,5240.0,-1,,,,,,,278088.0,2009,595,592,,,,,,16.0,17.0,29.0,2009,MIS8_to_MIS4,False,True,True
210709932395399,8,2.0,1,8,2,8300,83001,1,1,33,17,16980,111,2.0,1.0,,7,1,41,2.0,1,42,1,,1,1,1,1,2,57,57,57,1,0,0,2.0,1.0,,50.0,,50.0,,,,,,2.0,3.0,0.0,1,2.0,2.0,2.0,,1384.61,2.0,2.0,,,,11241.9889,2827.7784,8.0,3.0,0.0,,0,0,52451,1,,,3.0,,,,2815.2889,9470.0,3710.0,-1,,,,,,,277465.0,2008,583,568,0.0,1.0,1.0,0.0,1.0,14.0,12.0,51.0,2008,1.0,1,4,2,8600,86001,1,17,16980,111,2.0,1.0,,7,1,35,2.0,1,39,1,1.0,1,1,1,2,303,303,303,5,0,12,1.0,3.0,,,,,16.0,,,16.0,1.0,11.0,4.0,0.0,2,,,,,,,,,,,12450.802,3329.9857,3.0,2.0,,,0,0,8733,1,1.0,,,,,,3294.0634,770.0,6220.0,-1,,,,,,,278397.0,2009,595,592,0.0,0.0,1.0,0.0,0.0,12.0,19.0,4.0,2009,MIS8_to_MIS4,False,True,True
210709932395399,8,2.0,1,8,2,8300,83001,1,1,33,17,16980,111,2.0,1.0,,7,3,43,1.0,2,43,1,,2,1,2,1,2,57,57,57,1,0,0,1.0,1.0,,32.0,,32.0,,,22.0,,,7.0,3.0,0.0,1,2.0,2.0,2.0,,711.53,1.0,,,,,11599.0927,2895.0773,8.0,3.0,0.0,,0,0,52451,2,,,,2.0,,,2911.8764,7860.0,2310.0,-1,,,,,,,277466.0,2008,583,568,0.0,1.0,1.0,0.0,1.0,16.0,8.0,40.0,2008,1.0,1,4,2,8600,86001,1,17,16980,111,2.0,1.0,,7,3,26,1.0,2,34,1,1.0,1,2,1,2,303,303,303,5,0,15,2.0,7.0,,,,,,,,,,1.0,,,2,,,,,,,,,,,12383.8887,3189.2187,3.0,2.0,,,0,0,8733,2,,,,,,,3073.1677,,,-1,,,,,,,278398.0,2009,595,592,0.0,0.0,1.0,0.0,0.0,7.5,,,2009,MIS8_to_MIS4,False,True,True
210709944710070,8,2.0,1,8,2,8300,83001,1,1,33,17,41180,163,2.0,1.0,,6,1,35,2.0,1,42,1,,1,1,1,1,2,57,57,57,1,0,0,2.0,1.0,,40.0,,40.0,,,,,,2.0,2.0,0.0,1,2.0,1.0,1.0,2659.0,900.92,1.0,,,,,11218.0341,2810.84,11.0,3.0,0.0,1.0,0,0,5039,1,,,3.0,,,,2809.2899,7870.0,4220.0,-1,,,,,,,277472.0,2008,583,568,1.0,1.0,1.0,0.0,1.0,14.0,14.0,40.0,2008,1.0,1,4,2,8600,86001,1,17,41180,163,2.0,1.0,,6,1,62,2.0,1,39,1,,1,1,1,2,57,57,57,1,0,0,2.0,2.0,4.0,40.0,,,,,,,,5.0,2.0,0.0,1,2.0,1.0,1.0,1935.0,1153.84,1.0,,,,,9932.2129,2595.6516,0.0,0.0,0.0,1.0,0,0,4972,1,1.0,,,,,,2625.8891,770.0,6730.0,-1,4.0,,,,,,278402.0,2009,595,592,0.0,0.0,0.0,0.0,0.0,12.0,19.0,4.0,2009,MIS8_to_MIS4,True,False,False
817289320479107,8,1.0,1,8,2,8300,83001,1,1,33,17,16980,0,2.0,1.0,,7,1,57,2.0,2,41,1,,1,1,1,1,2,57,57,57,1,0,0,1.0,2.0,4.0,18.0,,,,,,,,10.0,3.0,0.0,1,2.0,,1.0,1400.0,252.0,2.0,2.0,,,,11720.8431,3020.2142,0.0,0.0,1.0,1.0,0,0,22094,1,,,3.0,,,,2975.7925,7860.0,4600.0,-1,,,,,,,277699.0,2008,583,568,0.0,0.0,0.0,0.0,0.0,14.0,15.0,40.0,2008,1.0,7,4,2,8600,86001,1,17,16980,0,2.0,1.0,,7,2,30,,2,39,1,,0,0,7,2,57,57,57,1,0,0,1.0,4.0,,,,,,,,69.0,2.0,11.0,4.0,0.0,2,,,,,,,,,,,12277.9483,3113.5225,,,,,0,0,8655,1,1.0,,,,,,3113.1316,770.0,5120.0,-1,,,,,,,278641.0,2009,595,592,,,,,,12.0,17.0,4.0,2009,MIS8_to_MIS4,False,True,True
867089020129101,8,1.0,7,8,2,8300,83001,1,1,33,17,16980,0,2.0,1.0,,7,2,50,,2,44,1,,1,0,0,5,2,57,57,57,1,0,0,1.0,1.0,,38.0,,38.0,,,,,,2.0,3.0,0.0,1,2.0,2.0,2.0,,1346.15,2.0,2.0,,,,11450.8772,2917.0515,,,0.0,,0,0,45021,1,,,,,,2.0,2886.0611,9370.0,1000.0,-1,,,,,,,277730.0,2008,583,568,,,,,,18.0,3.0,51.0,2008,1.0,1,4,2,8600,86001,1,17,16980,0,2.0,1.0,,7,1,57,2.0,2,42,1,,1,1,1,2,57,57,57,1,0,0,1.0,2.0,4.0,25.0,,,,,,,,10.0,7.0,0.0,2,,,,,,,,,,,12162.9946,2943.0525,0.0,0.0,,,0,0,35065,1,,,3.0,,,,2942.4744,8990.0,4520.0,-1,,,,,,,278663.0,2009,595,592,0.0,0.0,0.0,0.0,0.0,14.0,15.0,48.0,2009,MIS8_to_MIS4,False,True,True
334194589700868,9,2.0,1,8,2,8300,83001,1,1,33,17,16980,0,1.0,1.0,1.0,7,3,37,1.0,2,44,2,,2,1,2,1,2,57,57,57,1,0,0,1.0,1.0,,35.0,,35.0,,,,,,2.0,3.0,0.0,1,2.0,1.0,1.0,3900.0,1250.0,1.0,,,,,12883.9326,3331.4716,12.0,3.0,0.0,1.0,0,0,14898,2,,,,,,3.0,3371.2014,7860.0,2310.0,-1,,,,,,,314646.0,2008,584,569,1.0,1.0,0.0,1.0,1.0,18.0,8.0,40.0,2008,3.0,1,4,2,8600,86001,1,17,16980,0,1.0,1.0,1.0,7,3,61,1.0,2,40,2,,1,2,1,2,57,57,57,1,0,0,1.0,5.0,,,,,,,,,,1.0,,,2,,,,,,,,,,,11065.4245,2811.124,0.0,0.0,,,0,0,42802,2,,,2.0,,,,2708.5025,,,-1,,,,,,,315911.0,2009,596,593,0.0,0.0,0.0,0.0,0.0,13.0,,,2009,MIS8_to_MIS4,False,True,True
22801370973299,9,1.0,1,8,2,8300,83001,1,1,33,17,16980,0,2.0,1.0,,7,1,50,2.0,2,44,1,,1,1,1,1,2,57,139,57,1,0,0,1.0,1.0,,40.0,,40.0,,,,,,2.0,3.0,0.0,1,2.0,2.0,2.0,,2884.0,1.0,,,,,10858.6294,2677.2101,0.0,0.0,1.0,,0,0,4741,1,,,,,,2.0,2662.6949,7860.0,2310.0,-1,,,,,,,314851.0,2008,584,569,0.0,0.0,0.0,0.0,0.0,18.0,8.0,40.0,2008,1.0,1,4,2,8600,86001,1,17,16980,0,2.0,1.0,,7,1,35,2.0,2,40,1,,1,1,1,2,57,120,120,1,0,0,1.0,1.0,,70.0,4.0,10.0,,,4.0,,,4.0,4.0,0.0,1,2.0,2.0,2.0,,1900.0,2.0,2.0,,,,11382.1005,2793.2737,0.0,0.0,0.0,,0,0,7099,1,,,4.0,,,,2853.4728,3960.0,4850.0,-1,,,,,,,316120.0,2009,596,593,0.0,0.0,0.0,0.0,0.0,15.0,16.0,13.0,2009,MIS8_to_MIS4,False,True,True
86221370018200,9,1.0,4,8,2,8300,83001,1,1,33,17,16980,0,2.0,1.0,,7,1,50,,2,43,1,,1,1,1,5,2,57,57,57,1,0,0,1.0,1.0,,40.0,4.0,32.0,,,4.0,,,4.0,3.0,1.0,1,2.0,2.0,2.0,,961.53,1.0,,,,,10858.6294,2677.2101,3.0,1.0,0.0,,0,0,41524,1,,,,1.0,1.0,,2662.6949,190.0,6000.0,-1,,,,,,,314892.0,2008,584,569,0.0,0.0,1.0,0.0,0.0,18.0,18.0,2.0,2008,1.0,1,4,2,8600,86001,1,17,16980,0,2.0,1.0,,7,1,35,2.0,2,39,1,,1,1,1,2,57,57,57,1,0,0,1.0,1.0,,33.0,,27.0,,,18.0,,,7.0,4.0,0.0,1,2.0,2.0,2.0,,192.3,2.0,2.0,,,,11382.1005,2793.2737,8.0,2.0,0.0,,0,0,32080,1,1.0,,,,,,2853.4728,8990.0,4320.0,-1,,,,,,,316175.0,2009,596,593,0.0,1.0,1.0,0.0,1.0,12.0,15.0,48.0,2009,MIS8_to_MIS4,False,True,True
310709947604386,9,1.0,1,8,2,8300,83001,1,1,33,17,41180,119,2.0,1.0,,6,1,49,2.0,1,43,1,,1,1,1,1,2,57,57,57,1,0,0,1.0,1.0,,40.0,5.0,32.0,,,5.0,,,4.0,2.0,0.0,1,2.0,2.0,2.0,,836.53,2.0,2.0,,,,13445.3101,3348.6547,0.0,0.0,0.0,,0,0,58692,1,,,,2.0,,,3362.7256,8560.0,800.0,-1,,,,,,,315043.0,2008,584,569,0.0,0.0,0.0,0.0,0.0,16.0,2.0,44.0,2008,1.0,6,4,2,8600,86001,1,17,41180,119,2.0,1.0,,6,2,38,,1,39,1,,0,0,5,2,57,57,57,1,0,0,1.0,4.0,,,,,,,,26.0,2.0,11.0,4.0,0.0,2,,,,,,,,,,,11932.2118,2882.8408,,,,,0,0,7182,1,1.0,,,,,,2832.5853,6290.0,430.0,-1,,,,,,,316329.0,2009,596,593,,,,,,12.0,1.0,23.0,2009,MIS8_to_MIS4,False,True,True
371663033908992,9,3.0,1,8,2,8300,83001,1,1,33,17,16980,0,2.0,1.0,,7,1,45,2.0,1,43,1,,1,1,1,1,2,57,57,57,1,0,0,1.0,1.0,,52.0,,99.0,,,,,,2.0,3.0,0.0,1,1.0,2.0,2.0,,1923.07,2.0,2.0,,,,12842.8308,3198.6027,10.0,3.0,0.0,,0,0,30056,1,,,,2.0,,,3212.0431,9470.0,3720.0,9620,,,,,,,315074.0,2008,584,569,0.0,0.0,1.0,1.0,0.0,16.0,12.0,51.0,2008,3.0,1,4,2,8600,86001,1,17,16980,0,2.0,1.0,,7,1,59,2.0,1,42,1,,1,1,1,2,132,132,132,4,0,16,1.0,1.0,,40.0,6.0,32.0,,,6.0,,,4.0,4.0,0.0,1,2.0,,1.0,2000.0,800.0,1.0,,,,,12069.7156,2949.6539,0.0,0.0,0.0,0.0,0,0,18000,1,,,3.0,,,,2976.7538,1880.0,7350.0,-1,,,,,,,316353.0,2009,596,593,0.0,0.0,0.0,0.0,0.0,14.0,20.0,17.0,2009,MIS8_to_MIS4,False,True,True
371663033908992,9,3.0,1,8,2,8300,83001,1,1,33,17,16980,0,2.0,1.0,,7,3,46,1.0,2,43,1,,2,1,2,1,2,57,57,57,1,0,0,2.0,1.0,,30.0,,30.0,,,22.0,,,7.0,3.0,0.0,1,2.0,1.0,1.0,1050.0,300.0,1.0,,,,,11505.5081,2821.9006,10.0,3.0,0.0,0.0,0,0,30056,2,,,,1.0,2.0,,2821.319,7860.0,2540.0,-1,,,,,,,315075.0,2008,584,569,0.0,0.0,1.0,1.0,0.0,17.0,8.0,40.0,2008,3.0,1,4,2,8600,86001,1,17,16980,0,2.0,1.0,,7,3,56,1.0,2,42,1,,1,2,1,2,132,132,132,5,0,16,2.0,1.0,,40.0,,56.0,,,,,,2.0,3.0,0.0,1,2.0,,1.0,800.0,320.0,2.0,2.0,,,,10866.5263,2714.4578,0.0,0.0,0.0,0.0,0,0,18000,2,,,3.0,,,,2741.6035,9390.0,4220.0,8320,,,,,,,316354.0,2009,596,593,0.0,0.0,0.0,0.0,0.0,14.0,14.0,51.0,2009,MIS8_to_MIS4,True,False,False
531194259700862,9,2.0,1,8,2,8300,83001,1,1,33,17,41180,163,2.0,1.0,,6,1,26,2.0,1,43,1,,1,1,1,1,2,57,57,57,1,0,0,2.0,1.0,,40.0,,40.0,,,,,,2.0,2.0,0.0,1,2.0,2.0,2.0,,969.23,2.0,2.0,,,,15101.8004,3627.9542,2.0,1.0,0.0,,0,0,41508,1,,,,1.0,1.0,,3641.9622,7870.0,1110.0,-1,,,,,,,315111.0,2008,584,569,0.0,1.0,0.0,0.0,1.0,18.0,3.0,40.0,2008,1.0,1,4,2,8600,86001,1,17,41180,163,2.0,1.0,,6,1,80,2.0,1,39,1,,1,1,1,2,57,57,57,1,0,0,1.0,5.0,,,,,,,,,,1.0,,,2,,,,,,,,,,,11858.5197,2977.9875,0.0,0.0,,,0,0,7191,1,2.0,6.0,,,,,2908.3733,,,-1,8.0,7.0,6.0,5.0,,,316392.0,2009,596,593,0.0,0.0,0.0,0.0,0.0,10.0,,,2009,MIS8_to_MIS4,False,True,True
779840610580931,9,1.0,7,8,2,8300,83001,1,1,33,17,16980,0,2.0,1.0,,7,2,43,,2,39,1,4.0,1,0,0,5,2,303,303,303,5,21,16,1.0,1.0,,40.0,,40.0,,,,,,2.0,1.0,0.0,1,2.0,,1.0,1900.0,760.0,1.0,,,,,10344.746,2544.7919,,,0.0,0.0,0,0,17641,1,1.0,,,,,,2596.7338,6370.0,5550.0,-1,,,,,,,315224.0,2008,584,569,,,,,,12.0,17.0,23.0,2008,1.0,7,4,2,8600,86001,1,17,16980,0,2.0,1.0,,7,2,80,,2,39,1,,0,0,4,2,110,110,110,4,0,3,1.0,5.0,,,,,,,,,,1.0,,,2,,,,,,,,,,,11609.24,2965.8048,,,,,0,0,32002,1,1.0,,,,,,2890.5779,,,-1,,,,,,,316502.0,2009,596,593,,,,,,12.0,,,2009,MIS8_to_MIS4,False,True,True
900970091913889,9,1.0,1,8,2,8300,83001,1,1,33,17,0,0,3.0,2.0,,0,1,65,2.0,1,39,1,,1,1,1,1,2,57,57,57,1,0,0,2.0,1.0,,35.0,,70.0,,,,,,2.0,3.0,0.0,1,2.0,,1.0,900.0,315.0,2.0,2.0,,,,9887.4576,2880.0127,0.0,0.0,1.0,1.0,0,0,4611,1,1.0,,,,,,2783.6373,7860.0,9120.0,210,,,,,,,315468.0,2008,584,569,0.0,0.0,0.0,0.0,0.0,12.0,22.0,40.0,2008,1.0,1,4,2,8600,86001,1,17,0,0,3.0,2.0,,0,1,27,2.0,1,39,1,,1,1,1,2,57,57,57,1,0,0,1.0,1.0,,38.0,,38.0,,,,,,2.0,2.0,0.0,1,2.0,1.0,1.0,1000.0,859.84,1.0,,,,,13526.0773,3403.9851,2.0,2.0,0.0,1.0,0,0,57072,1,1.0,,,,,,3443.939,9470.0,3800.0,-1,,,,,,,316737.0,2009,596,593,0.0,1.0,0.0,0.0,1.0,12.0,12.0,51.0,2009,MIS8_to_MIS4,True,False,True
108013003051741,9,1.0,6,8,2,8300,83001,1,1,33,17,44100,0,,1.0,,2,2,34,,1,43,1,,1,0,0,7,2,57,57,57,1,0,0,1.0,1.0,,38.0,5.0,18.0,,,5.0,,,4.0,2.0,0.0,1,2.0,2.0,2.0,,865.38,1.0,,,,,14024.244,3345.1652,,,0.0,,0,0,4849,1,,,,1.0,2.0,,3382.0978,9470.0,430.0,-1,,,,,,,315532.0,2008,584,569,,,,,,17.0,1.0,51.0,2008,1.0,6,4,2,8600,86001,1,17,44100,0,,1.0,,2,2,80,,1,39,1,,0,0,4,2,57,57,57,1,0,0,1.0,5.0,,,,,,,,,,1.0,,,2,,,,,,,,,,,11780.8845,2958.4913,,,,,0,0,15031,1,1.0,,,,,,2889.3328,,,-1,6.0,,,,,,316824.0,2009,596,593,,,,,,12.0,,,2009,MIS8_to_MIS4,False,True,True
957539930059101,9,2.0,1,8,2,8300,83001,1,1,33,17,28100,91,,1.0,,2,1,57,2.0,2,44,1,,1,1,1,1,2,57,57,57,1,0,0,1.0,1.0,,40.0,,40.0,,,,,,2.0,3.0,0.0,1,2.0,2.0,2.0,,961.53,1.0,,,,,10110.3957,2534.6591,0.0,0.0,0.0,,0,0,30088,1,,,,,,2.0,2522.3996,7860.0,2310.0,-1,,,,,,,315606.0,2008,584,569,0.0,0.0,0.0,0.0,0.0,18.0,8.0,40.0,2008,1.0,1,4,2,8600,86001,1,17,28100,91,,1.0,,2,1,27,2.0,2,43,1,,1,1,1,2,57,57,57,1,0,0,1.0,1.0,,-4.0,,12.0,,,18.0,,,7.0,7.0,0.0,2,,,,,,,,,,,13836.7936,3449.5615,1.0,1.0,,,0,0,18073,1,,,,2.0,,,3547.8803,5690.0,4900.0,4520,,,,,,,316885.0,2009,596,593,1.0,0.0,0.0,0.0,1.0,16.0,16.0,22.0,2009,MIS8_to_MIS4,False,True,True
199934302013787,10,3.0,1,8,2,8300,83001,1,1,33,17,16980,0,1.0,1.0,1.0,7,3,51,1.0,2,43,1,,3,1,2,1,2,57,119,119,1,0,0,1.0,1.0,,35.0,,35.0,,,,,,2.0,3.0,0.0,1,2.0,2.0,2.0,,865.38,1.0,,,,,12833.6502,3198.5416,4.0,1.0,0.0,,0,0,31391,3,,,,2.0,,,3201.0174,7870.0,5930.0,-1,,,,,,,352698.0,2008,585,570,0.0,0.0,0.0,1.0,0.0,16.0,17.0,40.0,2008,3.0,1,4,2,8600,86001,1,17,16980,0,1.0,1.0,1.0,7,4,28,,2,44,1,2.0,1,3,7,2,57,57,57,1,0,0,1.0,7.0,,,,,,,,,,1.0,,,2,,,,,,,,,,,11519.188,2909.7072,,,,,0,0,21346,3,,,,,,3.0,2894.4749,,,-1,,,,,2.0,1.0,354321.0,2009,597,594,,,,,,18.0,,,2009,MIS8_to_MIS4,False,True,True
771200034909092,10,1.0,7,8,2,8300,83001,1,1,33,17,37900,0,1.0,1.0,,3,2,33,,2,41,1,,1,0,0,7,2,57,57,57,1,0,0,1.0,1.0,,40.0,,58.0,,,,,,2.0,3.0,0.0,1,2.0,,1.0,1850.0,740.0,1.0,,,,,11786.3238,2834.6035,,,0.0,0.0,0,0,31675,1,,,3.0,,,,2886.2476,9470.0,5520.0,-1,,,,,,,352837.0,2008,585,570,,,,,,14.0,17.0,51.0,2008,1.0,7,4,2,8600,86001,1,17,37900,0,1.0,1.0,,3,2,79,,2,39,1,,0,0,7,2,57,57,57,1,0,0,1.0,5.0,,,,,,,,,,1.0,,,2,,,,,,,,,,,12705.1504,3231.7225,,,,,0,0,21594,1,1.0,,,,,,3193.8947,,,-1,,,,,,,354466.0,2009,597,594,,,,,,12.0,,,2009,MIS8_to_MIS4,False,True,True
943057686149840,10,1.0,6,8,2,8300,83001,1,1,33,17,16980,0,1.0,1.0,1.0,7,2,32,,1,43,1,,1,0,0,7,2,57,57,57,1,0,0,1.0,1.0,,40.0,,40.0,,,,,,2.0,3.0,0.0,1,2.0,2.0,2.0,,1346.15,1.0,,,,,13092.1984,3225.4433,,,0.0,,0,0,19769,1,,,,2.0,,,3260.2596,9470.0,3850.0,-1,,,,,,,352909.0,2008,585,570,,,,,,16.0,12.0,51.0,2008,1.0,1,4,2,8600,86001,1,17,16980,0,1.0,1.0,1.0,7,1,57,2.0,1,40,1,,1,1,1,2,57,57,57,1,0,0,1.0,1.0,,40.0,,40.0,,,,,,2.0,4.0,0.0,1,2.0,,1.0,1800.0,720.0,2.0,2.0,,,,12575.2083,3176.8518,0.0,0.0,0.0,0.0,0,0,33723,1,,,3.0,,,,3194.2578,6380.0,5510.0,-1,,,,,,,354522.0,2009,597,594,0.0,0.0,0.0,0.0,0.0,14.0,17.0,23.0,2009,MIS8_to_MIS4,False,True,True
142190829700986,10,1.0,7,8,2,8300,83001,1,1,33,17,37900,0,2.0,1.0,,3,2,28,,2,44,1,,1,0,0,7,2,57,57,57,1,0,0,1.0,1.0,,40.0,,40.0,,,,,,2.0,2.0,0.0,1,2.0,2.0,2.0,,1250.0,1.0,,,,,12581.9547,3007.9539,,,1.0,,0,42,51193,1,,,,,,2.0,3081.0825,7860.0,2300.0,-1,,,,,,,353005.0,2008,585,570,,,,,,18.0,8.0,40.0,2008,1.0,1,4,2,8600,86001,1,17,37900,0,2.0,1.0,,3,1,75,2.0,2,43,1,,1,1,1,2,57,57,57,1,0,0,1.0,1.0,,36.0,,36.0,,,,,,2.0,4.0,0.0,1,2.0,,1.0,1130.0,406.8,2.0,2.0,,,,13031.9039,3238.13,0.0,0.0,0.0,0.0,0,0,44219,1,,,,2.0,,,3193.2496,5380.0,4760.0,-1,,,,,,,354612.0,2009,597,594,0.0,0.0,0.0,0.0,0.0,16.0,16.0,22.0,2009,MIS8_to_MIS4,False,True,True
187920340110105,10,1.0,1,8,2,8300,83001,1,1,33,17,16980,0,2.0,1.0,,7,1,44,2.0,2,40,1,,1,1,1,1,2,57,57,57,1,0,0,1.0,1.0,,40.0,,40.0,,,,,,2.0,3.0,0.0,1,2.0,2.0,2.0,,560.0,2.0,2.0,,,,10427.1024,2488.9075,4.0,2.0,1.0,,0,42,63050,1,,,2.0,,,,2533.133,8570.0,4600.0,-1,,,,,,,353026.0,2008,585,570,0.0,0.0,0.0,1.0,0.0,13.0,15.0,44.0,2008,1.0,4,4,2,8600,86001,1,17,16980,0,2.0,1.0,,7,1,33,,2,39,1,,1,1,6,2,57,57,57,1,0,0,1.0,1.0,,40.0,,40.0,,,,,,2.0,4.0,0.0,1,2.0,,1.0,2063.0,825.2,2.0,2.0,,,,12311.7703,2977.3813,3.0,3.0,0.0,0.0,0,0,8309,1,1.0,,,,,,3025.9663,1990.0,5930.0,-1,,,,,,,354627.0,2009,597,594,0.0,0.0,1.0,0.0,0.0,12.0,17.0,17.0,2009,MIS8_to_MIS4,False,True,True
191974508014729,10,1.0,1,8,2,8300,83001,1,1,33,17,16980,0,2.0,1.0,,7,1,61,2.0,2,44,1,,1,1,1,1,2,57,57,57,1,0,0,1.0,1.0,,-4.0,6.0,30.0,,,6.0,,,4.0,3.0,0.0,1,2.0,2.0,2.0,,553.84,1.0,,,,,11033.6038,2758.9147,0.0,0.0,0.0,,0,0,31584,1,,,,,,2.0,2752.0485,7860.0,2330.0,-1,,,,,,,353037.0,2008,585,570,0.0,0.0,0.0,0.0,0.0,18.0,8.0,40.0,2008,1.0,1,4,2,8600,86001,1,17,16980,0,2.0,1.0,,7,1,61,2.0,2,44,1,,1,1,1,2,57,57,57,1,0,0,1.0,1.0,,40.0,,40.0,,,,,,2.0,3.0,0.0,1,2.0,2.0,2.0,,1192.0,2.0,2.0,,,,13276.985,3182.8887,0.0,0.0,1.0,,0,42,58548,1,,,,,,3.0,3236.8687,7860.0,2310.0,-1,,,,,,,354636.0,2009,597,594,0.0,0.0,0.0,0.0,0.0,18.0,8.0,40.0,2009,MIS8_to_MIS4,True,False,False
193874404073724,10,3.0,1,8,2,8300,83001,1,1,33,17,16980,0,2.0,1.0,,7,3,51,1.0,2,36,1,1.0,2,1,2,1,2,303,303,303,4,0,5,2.0,1.0,,40.0,,40.0,,,,,,2.0,3.0,0.0,1,2.0,,1.0,800.0,320.0,1.0,,,,,8869.3488,2237.5654,4.0,1.0,1.0,1.0,0,0,58181,2,,,,,,,2212.2264,7860.0,4020.0,-1,,,,,,,353057.0,2008,585,570,0.0,0.0,0.0,1.0,0.0,10.0,13.0,40.0,2008,2.0,1,4,2,8600,86001,1,17,16980,0,2.0,1.0,,7,3,66,1.0,2,39,1,,1,2,1,2,57,57,120,1,0,0,1.0,5.0,,,,,,,,,,1.0,,,2,,,,,,,,,,,13551.5337,3447.0113,0.0,0.0,,,0,0,33714,2,1.0,,,,,,3406.6635,,,-1,,,,,,,354655.0,2009,597,594,0.0,0.0,0.0,0.0,0.0,12.0,,,2009,MIS8_to_MIS4,False,True,True
410709969744491,10,1.0,4,8,2,8300,83001,1,1,33,17,41180,163,2.0,1.0,,6,1,34,,2,43,2,,1,1,1,7,2,57,57,57,1,0,0,1.0,1.0,,35.0,,35.0,,,,,,2.0,3.0,0.0,1,2.0,1.0,1.0,1467.0,343.23,1.0,,,,,14925.5054,3621.4098,3.0,1.0,0.0,0.0,0,0,63045,1,,,,1.0,1.0,,3634.1926,7860.0,2540.0,-1,,,,,,,353171.0,2008,585,570,0.0,0.0,1.0,0.0,0.0,18.0,8.0,40.0,2008,1.0,7,4,2,8600,86001,1,17,41180,163,2.0,1.0,,6,2,46,,2,39,2,,0,0,5,2,57,57,57,1,0,0,1.0,1.0,,40.0,,40.0,,,,,,2.0,4.0,0.0,1,2.0,,1.0,900.0,360.0,2.0,2.0,,,,9028.0266,2277.2417,,,1.0,1.0,0,42,51314,1,1.0,,,,,,2321.4083,8180.0,3600.0,-1,,,,,,,354773.0,2009,597,594,,,,,,12.0,11.0,42.0,2009,MIS8_to_MIS4,False,True,True
410709995906798,10,1.0,6,8,2,8300,83001,1,1,33,17,16980,111,2.0,1.0,,7,2,54,,1,44,1,,1,0,0,5,2,102,151,151,4,0,2,1.0,1.0,,75.0,,75.0,,,,,,2.0,3.0,0.0,1,2.0,2.0,2.0,,1400.0,1.0,,,,,12554.9282,3135.1564,,,0.0,,0,0,8034,1,,,,,,2.0,3170.9048,7860.0,2310.0,-1,,,,,,,353176.0,2008,585,570,,,,,,18.0,8.0,40.0,2008,2.0,6,4,2,8600,86001,1,17,16980,111,2.0,1.0,,7,2,38,,1,40,1,,0,0,5,2,57,57,57,1,0,0,2.0,1.0,,40.0,,40.0,,,,,,2.0,4.0,0.0,1,2.0,,1.0,2500.0,1000.0,2.0,2.0,,,,12143.7339,3051.0053,,,1.0,1.0,0,42,54804,1,,,3.0,,,,3070.2869,3170.0,7010.0,-1,,,,,,,354781.0,2009,597,594,,,,,,14.0,20.0,7.0,2009,MIS8_to_MIS4,False,True,True
645191719700755,10,1.0,7,8,2,8300,83001,1,1,33,17,16980,0,2.0,1.0,,7,2,62,,2,39,1,,1,0,0,5,2,57,57,57,1,0,0,1.0,1.0,,60.0,,80.0,,,,,,2.0,2.0,0.0,1,2.0,2.0,2.0,,1201.92,2.0,2.0,,,,11033.6038,2758.9147,,,0.0,,0,0,51114,1,1.0,,,,,,2752.0485,9370.0,430.0,430,,,,,,,353262.0,2008,585,570,,,,,,12.0,1.0,51.0,2008,1.0,1,4,2,8600,86001,1,17,16980,0,2.0,1.0,,7,1,49,2.0,2,40,1,,1,1,1,2,57,57,57,1,0,0,1.0,1.0,,20.0,,20.0,,,21.0,,,7.0,4.0,0.0,1,2.0,,1.0,1000.0,200.0,2.0,2.0,,,,12544.5881,3068.5921,0.0,0.0,1.0,1.0,0,42,66466,1,,,4.0,,,,3085.2603,6290.0,5860.0,-1,,,,,,,354870.0,2009,597,594,0.0,0.0,0.0,0.0,0.0,15.0,17.0,23.0,2009,MIS8_to_MIS4,False,True,True
410709921531098,10,1.0,4,8,2,8300,83001,1,1,33,17,0,0,3.0,2.0,,0,1,42,,2,39,1,,1,1,1,5,2,57,57,57,1,0,0,1.0,1.0,,30.0,,30.0,,,18.0,,,7.0,3.0,0.0,1,2.0,,1.0,1250.0,375.0,2.0,2.0,,,,10651.8863,2542.5625,10.0,2.0,1.0,1.0,0,0,66057,1,1.0,,,,,,2587.7414,7860.0,9120.0,-1,,,,,,,353553.0,2008,585,570,0.0,0.0,1.0,1.0,0.0,12.0,22.0,40.0,2008,1.0,7,4,2,8600,86001,1,17,0,0,3.0,2.0,,0,2,53,,2,39,1,,0,0,3,2,57,57,57,1,0,0,1.0,7.0,,,,,,,,,,1.0,,,2,,,,,,,,,,,13045.9479,3333.6555,,,,,0,0,51178,1,1.0,,,,,,3278.1103,,,-1,,,,,,,355161.0,2009,597,594,,,,,,12.0,,,2009,MIS8_to_MIS4,False,True,True
92311570948393,11,2.0,1,8,2,8300,83001,1,1,33,17,16980,0,1.0,1.0,1.0,7,3,55,1.0,2,39,2,,2,1,2,1,2,57,57,57,1,0,0,1.0,5.0,,,,,,,,,,1.0,3.0,0.0,2,,,,,,,,,,,13156.4935,3572.351,0.0,0.0,,,0,0,57432,2,1.0,,,,,,3563.3084,9480.0,2010.0,-1,,,,,,,390718.0,2008,586,571,0.0,0.0,0.0,0.0,0.0,12.0,6.0,51.0,2008,2.0,1,4,2,8600,86001,1,17,16980,0,1.0,1.0,1.0,7,3,46,1.0,2,40,2,,1,2,1,2,57,57,57,1,0,0,1.0,1.0,,40.0,5.0,32.0,,,5.0,,,4.0,1.0,0.0,1,2.0,2.0,2.0,,2500.0,1.0,,,,,13599.4678,3478.9974,0.0,0.0,0.0,,0,0,36043,2,,,2.0,,,,3548.9263,9480.0,5240.0,-1,,,,,,,401588.0,2009,598,595,0.0,0.0,0.0,0.0,0.0,13.0,17.0,51.0,2009,MIS8_to_MIS4,True,False,True
904067707159880,11,1.0,1,8,2,8300,83001,1,1,33,17,16980,0,1.0,1.0,1.0,7,1,43,2.0,1,39,1,,1,1,1,1,2,57,57,57,1,0,0,2.0,1.0,,40.0,,40.0,,,,,,2.0,3.0,0.0,1,2.0,1.0,1.0,2425.0,961.53,2.0,2.0,,,,13855.8902,3568.4042,3.0,2.0,0.0,1.0,0,0,65790,1,1.0,,,,,,3548.8449,7790.0,9130.0,-1,,,,,,,390903.0,2008,586,571,0.0,0.0,1.0,0.0,0.0,12.0,22.0,39.0,2008,2.0,1,4,2,8600,86001,1,17,16980,0,1.0,1.0,1.0,7,1,54,2.0,1,43,1,,1,1,1,2,57,57,57,1,0,0,2.0,1.0,,40.0,,46.0,,,,,,2.0,4.0,0.0,1,1.0,2.0,2.0,,1800.0,1.0,,,,,13202.68,3269.826,0.0,0.0,0.0,,0,0,9793,1,,,,2.0,,,3306.1756,9080.0,320.0,-1,,,,,,,387863.0,2009,598,595,0.0,0.0,0.0,0.0,0.0,16.0,1.0,48.0,2009,MIS8_to_MIS4,False,True,True
39331570947186,11,2.0,4,8,2,8300,83001,1,1,33,17,16980,0,2.0,1.0,,7,1,32,,2,39,1,,1,1,1,5,2,57,57,57,1,0,0,2.0,1.0,,40.0,,40.0,,,,,,2.0,2.0,0.0,1,2.0,,1.0,1000.0,400.0,2.0,2.0,,,,13979.6417,3540.6058,3.0,2.0,1.0,1.0,0,0,18591,1,1.0,,,,,,3548.0955,6290.0,4720.0,-1,,,,,,1.0,390966.0,2008,586,571,0.0,0.0,1.0,0.0,0.0,12.0,16.0,23.0,2008,1.0,1,4,2,8600,86001,1,17,16980,0,2.0,1.0,,7,1,54,2.0,2,39,1,,1,1,1,2,57,57,57,1,0,0,1.0,7.0,,,,,,,,,,1.0,,,2,,,,,,,,,,,12687.1481,3224.0963,0.0,0.0,,,0,0,23317,1,1.0,,,,,,3167.8249,,,-1,,,,,,,395280.0,2009,598,595,0.0,0.0,0.0,0.0,0.0,12.0,,,2009,MIS8_to_MIS4,False,True,True
104015800026751,11,1.0,1,8,2,8300,83001,1,1,33,17,16980,0,2.0,1.0,,7,1,53,2.0,1,39,1,,1,1,1,1,2,57,57,57,1,0,0,1.0,1.0,,40.0,4.0,24.0,,,4.0,,,4.0,3.0,0.0,1,2.0,,1.0,1600.0,640.0,2.0,2.0,,,,12950.5868,3225.1774,0.0,0.0,1.0,1.0,0,42,53596,1,1.0,,,,,,3230.3534,770.0,6200.0,-1,,,,,,,391017.0,2008,586,571,0.0,0.0,0.0,0.0,0.0,12.0,19.0,4.0,2008,2.0,1,4,2,8600,86001,1,17,16980,0,2.0,1.0,,7,1,42,2.0,1,43,1,,1,1,1,2,57,57,57,1,0,0,2.0,1.0,,50.0,,50.0,,,,,,2.0,4.0,0.0,1,2.0,2.0,2.0,,2884.61,2.0,2.0,,,,13373.6873,3382.2568,4.0,2.0,0.0,,0,0,36150,1,,,,2.0,,,3410.6074,7390.0,10.0,-1,,,,,,,401632.0,2009,598,595,0.0,0.0,0.0,1.0,0.0,16.0,1.0,36.0,2009,MIS8_to_MIS4,False,True,True
104015800026751,11,1.0,1,8,2,8300,83001,1,1,33,17,16980,0,2.0,1.0,,7,3,54,1.0,2,40,1,,2,1,2,1,2,57,57,57,1,0,0,2.0,1.0,,40.0,4.0,24.0,,,4.0,,,4.0,3.0,0.0,1,2.0,2.0,2.0,,400.0,2.0,2.0,,,,11180.2275,2860.7763,0.0,0.0,1.0,,0,42,53596,2,,,3.0,,,,2846.788,9480.0,2020.0,-1,,,,,,,391018.0,2008,586,571,0.0,0.0,0.0,0.0,0.0,14.0,6.0,51.0,2008,2.0,1,4,2,8600,86001,1,17,16980,0,2.0,1.0,,7,3,43,1.0,2,43,1,,1,2,1,2,57,57,57,1,0,0,1.0,7.0,,,,,,,,,,1.0,,,2,,,,,,,,,,,12351.0858,3202.584,4.0,2.0,,,0,0,36150,2,,,,2.0,,,3083.9142,,,-1,,,,,,,401633.0,2009,598,595,0.0,0.0,0.0,1.0,0.0,16.0,,,2009,MIS8_to_MIS4,False,True,True
193955100012748,11,1.0,6,8,2,8300,83001,1,1,33,17,16980,0,2.0,1.0,,7,2,28,,1,43,1,,1,0,0,5,2,57,57,110,1,0,0,1.0,1.0,,40.0,,40.0,,,,,,2.0,3.0,0.0,1,2.0,1.0,1.0,3150.0,1500.0,1.0,,,,,14631.1112,3668.1773,,,0.0,0.0,0,0,31195,1,,,,2.0,,,3657.317,9470.0,3850.0,-1,,,,,,,391076.0,2008,586,571,,,,,,16.0,12.0,51.0,2008,1.0,6,4,2,8600,86001,1,17,16980,0,2.0,1.0,,7,2,28,,1,43,1,,0,0,7,2,57,57,57,1,0,0,1.0,1.0,,40.0,,40.0,,,,,,2.0,4.0,0.0,1,1.0,2.0,2.0,,1923.07,2.0,2.0,,,,15038.9414,3788.3296,,,0.0,,0,0,36125,1,,,,2.0,,,3826.4943,7190.0,4740.0,-1,,,,,,,401614.0,2009,598,595,,,,,,16.0,16.0,35.0,2009,MIS8_to_MIS4,False,True,True
199835302013783,11,1.0,1,8,2,8300,83001,1,1,33,17,16980,0,2.0,1.0,,7,3,61,1.0,2,43,1,,3,1,2,1,2,57,57,57,1,0,0,2.0,1.0,,40.0,,40.0,,,,,,2.0,3.0,0.0,1,2.0,2.0,2.0,,690.0,2.0,2.0,,,,10784.4666,2782.7774,0.0,0.0,1.0,,0,42,42199,3,,,,2.0,,,2753.9173,7860.0,2310.0,-1,,,,,,,391100.0,2008,586,571,0.0,0.0,0.0,0.0,0.0,16.0,8.0,40.0,2008,1.0,1,4,2,8600,86001,1,17,16980,0,2.0,1.0,,7,4,20,,2,39,1,1.0,1,3,7,2,57,57,57,1,0,0,2.0,1.0,,15.0,,15.0,,,20.0,,,7.0,4.0,0.0,1,2.0,,1.0,800.0,120.0,2.0,2.0,1.0,1.0,2.0,10506.4108,2779.9781,,,1.0,1.0,0,42,36036,3,1.0,,,,,,2743.4575,8980.0,4520.0,-1,,,,,2.0,1.0,401569.0,2009,598,595,,,,,,12.0,15.0,48.0,2009,MIS8_to_MIS4,False,True,True
199835302013783,11,1.0,1,8,2,8300,83001,1,1,33,17,16980,0,2.0,1.0,,7,4,32,,2,44,1,,2,1,3,7,2,57,57,57,1,0,0,2.0,1.0,,40.0,,40.0,,,,,,2.0,3.0,0.0,1,2.0,,1.0,1700.0,680.0,2.0,2.0,,,,13979.6417,3540.6058,,,1.0,1.0,0,42,42199,2,,,,,,3.0,3548.0955,7860.0,2310.0,-1,,,,,3.0,1.0,391101.0,2008,586,571,,,,,,18.0,8.0,40.0,2008,1.0,1,4,2,8600,86001,1,17,16980,0,2.0,1.0,,7,3,48,1.0,2,39,1,1.0,1,2,1,2,57,57,57,1,0,0,2.0,1.0,,20.0,,20.0,,,18.0,,,7.0,4.0,0.0,1,2.0,2.0,2.0,,221.15,2.0,2.0,,,,13052.8316,3272.031,0.0,0.0,0.0,,0,0,36036,2,1.0,,,,,,3228.262,8470.0,4020.0,-1,,,,,,,401568.0,2009,598,595,0.0,0.0,0.0,0.0,0.0,12.0,13.0,43.0,2009,MIS8_to_MIS4,False,True,True
353193298700318,11,1.0,1,8,2,8300,83001,1,1,33,17,16980,0,2.0,1.0,,7,1,34,2.0,2,43,1,,1,1,1,1,2,57,57,57,1,0,0,1.0,1.0,,40.0,,40.0,,,,,,2.0,3.0,0.0,1,2.0,,1.0,1700.0,680.0,2.0,2.0,,,,13979.6417,3540.6058,3.0,3.0,1.0,1.0,0,0,31114,1,,,,2.0,,,3548.0955,7860.0,2310.0,-1,,,,,,,391136.0,2008,586,571,0.0,0.0,1.0,0.0,0.0,16.0,8.0,40.0,2008,1.0,1,4,2,8600,86001,1,17,16980,0,2.0,1.0,,7,1,55,2.0,2,43,1,,1,1,1,2,57,57,57,1,0,0,1.0,1.0,,35.0,6.0,32.0,,,6.0,,,4.0,3.0,0.0,1,2.0,,1.0,1400.0,490.0,1.0,,,,,12931.8953,3094.0849,0.0,0.0,0.0,0.0,0,0,9784,1,,,,2.0,,,3123.1061,7860.0,2540.0,2200,,,,,,,387843.0,2009,598,595,0.0,0.0,0.0,0.0,0.0,16.0,8.0,40.0,2009,MIS8_to_MIS4,True,False,False
353193298700318,11,1.0,1,8,2,8300,83001,1,1,33,17,16980,0,2.0,1.0,,7,3,34,1.0,1,40,1,,2,1,2,1,2,57,57,57,1,0,0,2.0,1.0,,40.0,,40.0,,,,,,2.0,3.0,0.0,1,2.0,,1.0,1000.0,400.0,2.0,2.0,,,,14948.4959,3748.5767,3.0,3.0,1.0,1.0,0,0,31114,2,,,3.0,,,,3736.6532,9470.0,3850.0,-1,,,,,,,391137.0,2008,586,571,0.0,0.0,1.0,0.0,0.0,14.0,12.0,51.0,2008,1.0,1,4,2,8600,86001,1,17,16980,0,2.0,1.0,,7,3,59,1.0,1,44,1,,1,2,1,2,57,57,57,1,0,0,2.0,1.0,,50.0,,50.0,,,,,,2.0,4.0,0.0,1,2.0,2.0,2.0,,1442.3,2.0,2.0,,,,11940.7042,2964.0024,0.0,0.0,0.0,,0,0,9784,2,,,,,,2.0,2984.7358,3390.0,150.0,-1,,,,,,,387844.0,2009,598,595,0.0,0.0,0.0,0.0,0.0,18.0,1.0,8.0,2009,MIS8_to_MIS4,False,True,True
505909751897617,11,1.0,7,8,2,8300,83001,1,1,33,17,41180,163,2.0,1.0,,6,2,75,,2,43,1,,1,0,0,6,2,57,57,57,1,0,0,1.0,1.0,,12.0,,12.0,,,23.0,,,7.0,2.0,0.0,1,2.0,1.0,1.0,2010.0,184.61,2.0,2.0,,,,12172.1884,2912.4411,,,0.0,0.0,0,0,15855,1,,,,1.0,1.0,,2848.6502,9480.0,2340.0,-1,,,,,,,391192.0,2008,586,571,,,,,,18.0,8.0,51.0,2008,1.0,7,4,2,8600,86001,1,17,41180,163,2.0,1.0,,6,2,85,,2,44,1,,0,0,4,2,57,57,57,1,0,0,1.0,5.0,,,,,,,,,,1.0,,,2,,,,,,,,,,,12120.9764,3054.8857,,,,,0,0,23580,1,,,,,,3.0,3034.582,,,-1,,,,,,,395355.0,2009,598,595,,,,,,18.0,,,2009,MIS8_to_MIS4,False,True,True
551198429700876,11,2.0,1,8,2,8300,83001,1,1,33,17,37900,179,2.0,1.0,,3,3,58,1.0,2,44,1,,2,1,2,1,2,57,57,57,1,0,0,1.0,1.0,,40.0,,44.0,,,,,,2.0,3.0,0.0,1,2.0,2.0,2.0,,807.69,1.0,,,,,11543.4629,2906.8339,0.0,0.0,0.0,,0,0,49802,2,,,,,,2.0,2883.5553,7860.0,2310.0,-1,,,,,,,391209.0,2008,586,571,0.0,0.0,0.0,0.0,0.0,18.0,8.0,40.0,2008,1.0,1,4,2,8600,86001,1,17,37900,179,2.0,1.0,,3,3,29,1.0,2,45,1,,1,2,1,2,57,57,57,1,0,0,2.0,1.0,,40.0,,47.0,,,,,,2.0,4.0,0.0,1,2.0,2.0,2.0,,1442.0,2.0,2.0,,,,13155.544,3295.267,1.0,1.0,1.0,,0,42,36258,2,,,,,,,3340.4839,7480.0,3250.0,-1,,,,,,,401676.0,2009,598,595,1.0,0.0,0.0,0.0,1.0,18.0,10.0,36.0,2009,MIS8_to_MIS4,False,True,True
571797065908591,11,2.0,1,8,2,8300,83001,1,1,33,17,41180,163,2.0,1.0,,6,1,56,2.0,1,44,1,,1,1,1,1,2,369,57,57,3,0,3,2.0,1.0,,40.0,,40.0,,,,,,2.0,1.0,0.0,1,2.0,,1.0,1200.0,480.0,1.0,,,,,12682.2641,3195.1851,0.0,0.0,1.0,1.0,0,42,15854,1,,,,,,2.0,3199.7994,9590.0,3920.0,-1,4.0,,,,,,391226.0,2008,586,571,0.0,0.0,0.0,0.0,0.0,18.0,12.0,51.0,2008,1.0,6,4,2,8600,86001,1,17,41180,163,2.0,1.0,,6,2,49,,1,41,1,,0,0,7,2,57,57,57,1,0,0,1.0,3.0,,,,,2.0,,,2.0,1.0,12.0,7.0,0.0,2,,,,,,,,,,,12934.3756,3173.6987,,,,,0,0,23579,1,,,5.0,,,,3089.4399,6190.0,9140.0,-1,,,,,,,395354.0,2009,598,595,,,,,,16.0,22.0,23.0,2009,MIS8_to_MIS4,False,True,True
655197519700879,11,2.0,1,8,2,8300,83001,1,1,33,17,41180,163,2.0,1.0,,6,1,43,2.0,1,43,1,,1,1,1,1,2,57,57,57,1,0,0,2.0,2.0,4.0,40.0,,,,,,,,5.0,1.0,0.0,1,2.0,2.0,2.0,,2115.38,2.0,2.0,,,,12716.991,3275.0956,0.0,0.0,0.0,,0,0,15853,1,,,,1.0,2.0,,3257.144,9590.0,1060.0,-1,,,,,,,391260.0,2008,586,571,0.0,0.0,0.0,0.0,0.0,17.0,3.0,51.0,2008,1.0,6,4,2,8600,86001,1,17,41180,163,2.0,1.0,,6,2,52,,1,44,1,,0,0,7,2,57,57,57,1,0,0,1.0,1.0,,40.0,,36.0,,,,,,2.0,4.0,0.0,1,2.0,1.0,1.0,4800.0,1938.77,2.0,1.0,,,,12404.9224,3072.2503,,,0.0,0.0,0,0,33754,1,,,,,,2.0,3106.4035,3590.0,1320.0,-1,,,,,,,400070.0,2009,598,595,,,,,,18.0,4.0,10.0,2009,MIS8_to_MIS4,False,True,True
799640299930951,11,2.0,1,8,2,8300,83001,1,1,33,17,16980,0,2.0,1.0,,7,3,56,1.0,2,39,1,,2,1,2,1,2,57,57,57,1,0,0,1.0,1.0,,40.0,,40.0,,,,,,2.0,3.0,0.0,1,2.0,,1.0,1000.0,400.0,2.0,1.0,,,,11272.1179,2838.5048,0.0,0.0,1.0,1.0,0,42,18832,2,1.0,,,,,,2815.7733,7860.0,5700.0,-1,,,,,,,391325.0,2008,586,571,0.0,0.0,0.0,0.0,0.0,12.0,17.0,40.0,2008,1.0,1,4,2,8600,86001,1,17,16980,0,2.0,1.0,,7,3,44,1.0,2,43,1,,1,2,1,2,57,57,57,1,0,0,2.0,1.0,,40.0,,40.0,,,,,,2.0,4.0,0.0,1,2.0,2.0,2.0,,384.0,2.0,2.0,,,,13163.4048,3202.584,0.0,0.0,1.0,,0,42,46463,2,,,,2.0,,,3257.3324,8770.0,5700.0,-1,,,,,,,407058.0,2009,598,595,0.0,0.0,0.0,0.0,0.0,16.0,17.0,47.0,2009,MIS8_to_MIS4,False,True,True
52011570993698,11,1.0,6,8,2,8300,83001,1,1,33,17,0,0,3.0,2.0,,0,2,65,,1,40,1,,1,0,0,5,2,57,57,57,1,0,0,1.0,1.0,,18.0,,18.0,,,21.0,,,7.0,2.0,0.0,1,2.0,,1.0,750.0,135.0,2.0,2.0,,,,12313.538,3059.3863,,,0.0,0.0,0,0,18808,1,,,2.0,,,,2995.4575,7690.0,4220.0,-1,4.0,5.0,,,,,391455.0,2008,586,571,,,,,,13.0,14.0,38.0,2008,1.0,1,4,2,8600,86001,1,17,0,0,3.0,2.0,,0,1,51,2.0,1,39,1,,1,1,1,2,57,57,57,1,0,0,2.0,1.0,,70.0,,80.0,,,,,,2.0,7.0,0.0,2,,,,,,,,,,,13275.2017,3152.0292,0.0,0.0,,,0,0,5586,1,2.0,6.0,,,,,3187.0693,7770.0,4210.0,-1,,,,,,,384543.0,2009,598,595,0.0,0.0,0.0,0.0,0.0,10.0,14.0,38.0,2009,MIS8_to_MIS4,False,True,True
196965004030778,11,1.0,4,8,2,8300,83001,1,1,33,17,0,0,3.0,2.0,,0,1,57,,2,44,1,,1,1,1,4,2,57,57,57,1,0,0,1.0,1.0,,40.0,6.0,32.0,,,6.0,,,4.0,3.0,0.0,1,2.0,2.0,2.0,,807.0,1.0,,,,,11456.5468,2884.947,4.0,1.0,1.0,,0,0,53645,1,,,,,,2.0,2861.8437,7860.0,2320.0,-1,,,,,,,391477.0,2008,586,571,0.0,0.0,0.0,1.0,0.0,18.0,8.0,40.0,2008,2.0,1,4,2,8600,86001,1,17,0,0,3.0,2.0,,0,1,73,2.0,2,40,1,,1,1,1,2,501,501,501,4,0,3,1.0,5.0,,,,,,,,,,1.0,,,2,,,,,,,,,,,11421.7845,2878.6662,0.0,0.0,,,0,0,5584,1,,,2.0,,,,2859.5338,,,-1,,,,,,,384540.0,2009,598,595,0.0,0.0,0.0,0.0,0.0,13.0,,,2009,MIS8_to_MIS4,False,True,True
799440422910951,11,1.0,1,8,2,8300,83001,1,1,33,17,0,99,3.0,2.0,,0,3,47,1.0,1,42,1,,2,1,2,1,2,57,57,57,1,0,0,2.0,1.0,,40.0,,40.0,,,,,,2.0,1.0,0.0,1,2.0,,1.0,2425.0,970.0,1.0,,,,,13785.9544,3436.2045,3.0,5.0,1.0,1.0,0,42,49767,2,,,3.0,,,,3438.7248,6290.0,9040.0,-1,,,,,,,391515.0,2008,586,571,0.0,0.0,1.0,0.0,0.0,14.0,22.0,23.0,2008,2.0,1,4,2,8600,86001,1,17,0,99,3.0,2.0,,0,3,51,1.0,1,39,1,,1,2,1,2,57,57,57,1,0,0,2.0,1.0,,40.0,,40.0,,,,,,2.0,4.0,0.0,1,2.0,2.0,2.0,,1442.3,2.0,2.0,,,,12727.0481,3152.0292,0.0,0.0,0.0,,0,0,5558,2,1.0,,,,,,3187.0693,2570.0,5600.0,-1,,,,,,,384514.0,2009,598,595,0.0,0.0,0.0,0.0,0.0,12.0,17.0,5.0,2009,MIS8_to_MIS4,False,True,True
964067949159630,11,1.0,6,8,2,8300,83001,1,1,33,17,44100,0,,1.0,,2,2,59,,1,44,1,,1,0,0,5,2,57,57,139,1,0,0,1.0,1.0,,38.0,6.0,30.0,,,6.0,,,4.0,2.0,0.0,1,2.0,,1.0,1375.0,522.5,1.0,,,,,12612.8444,3177.6954,,,0.0,0.0,0,0,42353,1,,,,,,3.0,3182.2845,6990.0,540.0,-1,4.0,,,,,,391725.0,2008,586,571,,,,,,18.0,2.0,33.0,2008,2.0,1,4,2,8600,86001,1,17,44100,0,,1.0,,2,1,21,2.0,1,40,1,,1,1,1,2,57,57,57,1,0,0,2.0,7.0,,,,,,7.0,,,,1.0,5.0,0.0,2,,,,,,,,2.0,,,17409.5915,4201.5827,1.0,2.0,,,0,0,33755,1,,,1.0,,,,4235.0788,7860.0,4220.0,-1,,,,,,,400071.0,2009,598,595,1.0,0.0,0.0,0.0,1.0,12.0,14.0,40.0,2009,MIS8_to_MIS4,False,True,True
967579350329107,11,1.0,7,8,2,8300,83001,1,1,33,17,16580,0,,1.0,,2,2,25,,2,43,2,,1,0,0,7,2,57,57,57,1,0,0,1.0,1.0,,10.0,,10.0,,,20.0,,,7.0,2.0,0.0,1,2.0,2.0,2.0,,166.15,1.0,,,,,14844.1776,3908.6453,,,0.0,,0,0,18501,1,,,,1.0,1.0,,3873.501,7870.0,2200.0,-1,,,,,,,391727.0,2008,586,571,,,,,,18.0,8.0,40.0,2008,1.0,1,4,2,8600,86001,1,17,16580,0,,1.0,,2,1,30,2.0,2,40,2,,1,1,1,2,57,57,57,1,0,0,1.0,7.0,,,,,,8.0,,,,1.0,,,2,,,,,,,,,,,14601.9408,3662.7901,8.0,2.0,,,0,0,53458,1,,,2.0,,,,3790.4809,,,-1,,,,,,,410841.0,2009,598,595,0.0,1.0,1.0,0.0,1.0,13.0,,,2009,MIS8_to_MIS4,False,True,True
971057889169530,12,1.0,1,8,2,8300,83001,1,1,33,17,16980,0,1.0,1.0,1.0,7,3,51,1.0,1,39,1,,2,1,2,1,2,57,128,110,1,0,0,2.0,1.0,,40.0,,42.0,,,,,,2.0,3.0,0.0,1,2.0,1.0,1.0,2900.0,1153.84,1.0,,,,,12634.2559,3204.3644,3.0,1.0,0.0,0.0,0,0,21112,2,2.0,8.0,,,,,3195.3666,9370.0,9130.0,-1,,,,,,,428349.0,2008,587,572,0.0,0.0,1.0,0.0,0.0,12.0,22.0,51.0,2008,2.0,6,4,2,8600,86001,1,17,16980,0,1.0,1.0,1.0,7,14,49,,1,44,1,,0,0,7,2,57,57,57,1,0,0,1.0,1.0,,50.0,,50.0,,,,,,2.0,5.0,0.0,1,2.0,2.0,2.0,,1442.3,2.0,2.0,,,,12583.9554,3119.4028,,,0.0,,0,0,8761,2,,,,,,2.0,3112.4006,8560.0,4960.0,-1,,,,,,,430635.0,2009,599,596,,,,,,18.0,16.0,44.0,2009,MIS8_to_MIS4,False,True,True
506908811997427,12,1.0,1,8,2,8300,83001,1,1,33,17,16980,0,2.0,1.0,,7,1,61,2.0,1,46,1,,1,1,1,1,2,57,57,57,1,0,0,1.0,5.0,,,,,,,,,,1.0,3.0,0.0,2,,,,,,,,,,,11118.6201,2761.3387,3.0,1.0,,,0,0,65269,1,,,,,,,2810.0109,7860.0,230.0,-1,,,,,,,428630.0,2008,587,572,0.0,0.0,1.0,0.0,0.0,18.0,1.0,40.0,2008,2.0,1,4,2,8600,86001,1,17,16980,0,2.0,1.0,,7,1,50,2.0,1,40,1,,1,1,1,2,57,57,57,1,0,0,2.0,1.0,,40.0,,40.0,,,,,,2.0,4.0,0.0,1,2.0,,1.0,2250.0,900.0,2.0,2.0,,,,11473.7043,2826.616,0.0,0.0,1.0,1.0,0,42,22549,1,,,3.0,,,,2837.8012,7380.0,1110.0,-1,3.0,,,,,,430935.0,2009,599,596,0.0,0.0,0.0,0.0,0.0,14.0,3.0,36.0,2009,MIS8_to_MIS4,False,True,True
710330222510061,12,1.0,1,8,2,8300,83001,1,1,33,17,16980,0,2.0,1.0,,7,3,71,1.0,1,41,1,,2,1,2,1,2,57,120,139,1,0,0,2.0,1.0,,40.0,,40.0,,,,,,2.0,2.0,0.0,1,2.0,2.0,2.0,,1200.0,1.0,,,,,10550.6306,2574.0799,0.0,0.0,1.0,,0,0,31244,2,,,4.0,,,,2493.5409,9470.0,2100.0,-1,,,,,,,428724.0,2008,587,572,0.0,0.0,0.0,0.0,0.0,15.0,7.0,51.0,2008,1.0,1,4,2,8600,86001,1,17,16980,0,2.0,1.0,,7,3,35,1.0,1,45,1,,1,2,1,2,57,57,57,1,0,0,2.0,1.0,,-4.0,,40.0,,,,,,2.0,4.0,0.0,1,2.0,2.0,2.0,,2307.0,2.0,2.0,,,,12805.9275,3179.9805,5.0,2.0,1.0,,0,42,35454,2,,,,,,,3176.557,8190.0,3060.0,-1,,,,,,,431016.0,2009,599,596,1.0,1.0,0.0,0.0,1.0,18.0,10.0,41.0,2009,MIS8_to_MIS4,False,True,True
787430773420961,12,1.0,6,8,2,8300,83001,1,1,33,17,16980,0,2.0,1.0,,7,2,56,,1,39,1,,1,0,0,5,2,57,57,57,1,0,0,1.0,1.0,,38.0,,38.0,,,,,,2.0,3.0,0.0,1,2.0,2.0,2.0,,1153.84,1.0,,,,,10411.5056,2659.1298,,,0.0,,0,0,57998,1,1.0,,,,,,2635.7368,7860.0,1000.0,-1,,,,,,,428760.0,2008,587,572,,,,,,12.0,3.0,40.0,2008,1.0,1,4,2,8600,86001,1,17,16980,0,2.0,1.0,,7,1,43,2.0,1,43,1,,1,1,1,2,57,57,57,1,0,0,1.0,1.0,,40.0,,40.0,,,,,,2.0,4.0,0.0,1,2.0,2.0,2.0,,0.0,2.0,2.0,,,,13104.4048,3255.9127,4.0,2.0,1.0,,0,0,66324,1,,,,2.0,,,3250.5954,6990.0,540.0,-1,,,,,,,431049.0,2009,599,596,0.0,0.0,0.0,1.0,0.0,16.0,2.0,33.0,2009,MIS8_to_MIS4,False,True,True
789690243230961,12,1.0,7,8,2,8300,83001,1,1,33,17,16980,0,2.0,1.0,,7,2,80,,2,45,1,,1,0,0,4,2,57,128,163,1,0,0,1.0,2.0,11.0,6.0,,,,,,,,10.0,2.0,0.0,1,2.0,,1.0,1400.0,84.0,2.0,2.0,,,,10320.474,2641.4984,,,0.0,0.0,0,0,33715,1,,,,,,,2547.516,7870.0,2340.0,-1,,,,,,,428768.0,2008,587,572,,,,,,18.0,8.0,40.0,2008,1.0,7,4,2,8600,86001,1,17,16980,0,2.0,1.0,,7,2,75,,2,39,1,,0,0,4,2,57,57,57,1,0,0,1.0,5.0,,,,,,,,,,1.0,,,2,,,,,,,,,,,10832.511,2680.6333,,,,,0,0,52379,1,1.0,,,,,,2706.4795,,,-1,,,,,,,431057.0,2009,599,596,,,,,,12.0,,,2009,MIS8_to_MIS4,False,True,True
877247360349107,12,1.0,1,8,2,8300,83001,1,1,33,17,16980,0,2.0,1.0,,7,3,39,1.0,1,39,1,,2,1,2,1,2,57,57,57,1,0,0,2.0,1.0,,40.0,,40.0,,,,,,2.0,3.0,0.0,1,2.0,2.0,2.0,,961.53,2.0,2.0,,,,11128.1713,2798.8977,14.0,3.0,0.0,,0,0,57999,2,1.0,,,,,,2782.9751,9470.0,3850.0,-1,,,,,,,428835.0,2008,587,572,0.0,1.0,1.0,1.0,1.0,12.0,12.0,51.0,2008,1.0,1,4,2,8600,86001,1,17,16980,0,2.0,1.0,,7,3,52,1.0,1,40,1,1.0,1,2,1,2,57,57,57,1,0,0,2.0,1.0,,-4.0,,47.0,,,,,,2.0,4.0,0.0,1,2.0,2.0,2.0,,1384.61,2.0,2.0,,,,11481.4094,2831.2816,4.0,1.0,0.0,,0,0,22428,2,,,2.0,,,,2839.7069,8180.0,100.0,-1,,,,,,,431124.0,2009,599,596,0.0,0.0,0.0,1.0,0.0,13.0,1.0,42.0,2009,MIS8_to_MIS4,False,True,True
924007894169260,12,1.0,1,8,2,8300,83001,1,1,33,17,16980,0,2.0,1.0,,7,1,48,2.0,1,46,1,,1,1,1,1,2,57,57,57,1,0,0,1.0,1.0,,40.0,,40.0,,,,,,2.0,2.0,0.0,1,2.0,2.0,2.0,,1000.0,2.0,2.0,,,,11446.9676,2915.9572,3.0,2.0,0.0,,0,0,21189,1,,,,,,,2895.086,7860.0,2320.0,-1,,,,,,,428853.0,2008,587,572,0.0,0.0,1.0,0.0,0.0,18.0,8.0,40.0,2008,1.0,6,4,2,8600,86001,1,17,16980,0,2.0,1.0,,7,2,49,,1,43,1,,0,0,7,2,57,57,57,1,0,0,1.0,1.0,,40.0,,48.0,,,,,,2.0,3.0,0.0,1,1.0,1.0,1.0,1864.0,1846.15,1.0,,,,,11891.1255,2947.6591,,,0.0,1.0,0,0,22527,1,,,,2.0,,,2941.0424,9470.0,3850.0,-1,,,,,,,431147.0,2009,599,596,,,,,,16.0,12.0,51.0,2009,MIS8_to_MIS4,True,False,True
192956000068729,12,1.0,1,8,2,8300,83001,1,1,33,17,0,0,3.0,2.0,,0,3,63,1.0,2,39,1,,2,1,2,1,2,57,57,57,1,0,0,2.0,5.0,,,,,,,,,,1.0,3.0,0.0,2,,,,,,,,,,,10122.7878,2506.7287,0.0,0.0,,,0,0,21321,2,1.0,,,,,,2539.525,9470.0,5220.0,-1,,,,,,,428938.0,2008,587,572,0.0,0.0,0.0,0.0,0.0,12.0,17.0,51.0,2008,1.0,4,4,2,8600,86001,1,17,0,0,3.0,2.0,,0,6,61,,2,39,1,,1,4,5,2,57,57,57,1,0,0,2.0,1.0,,40.0,,40.0,,,,,,2.0,4.0,0.0,1,2.0,,1.0,900.0,360.0,2.0,2.0,,,,10145.7744,2606.6839,,,0.0,0.0,0,0,66358,2,1.0,,,,,,2577.6886,8370.0,420.0,-1,,,,,,,431222.0,2009,599,596,,,,,,12.0,1.0,43.0,2009,MIS8_to_MIS4,False,True,True
571622066909464,12,2.0,1,8,2,8300,83001,1,1,33,17,0,99,3.0,2.0,,0,1,40,2.0,2,44,1,,1,1,1,1,2,57,57,57,1,0,0,2.0,1.0,,36.0,,36.0,,,,,,2.0,3.0,0.0,1,2.0,2.0,2.0,,961.53,1.0,,,,,10507.9665,2657.5559,4.0,1.0,0.0,,0,0,21274,1,,,,,,2.0,2636.9891,7860.0,3230.0,-1,,,,,,,428998.0,2008,587,572,0.0,0.0,0.0,1.0,0.0,18.0,10.0,40.0,2008,1.0,1,4,2,8600,86001,1,17,0,99,3.0,2.0,,0,1,80,2.0,2,40,1,,1,1,1,2,57,57,57,1,0,0,1.0,5.0,,,,,,,,,,1.0,,,2,,,,,,,,,,,11092.6815,2745.0155,0.0,0.0,,,0,0,41771,1,,,2.0,,,,2771.4825,,,-1,,,,,,,431274.0,2009,599,596,0.0,0.0,0.0,0.0,0.0,13.0,,,2009,MIS8_to_MIS4,False,True,True
190906407061739,12,1.0,3,8,2,8300,83001,1,1,33,17,16580,0,,1.0,,2,1,56,,1,41,1,,1,1,1,3,2,57,57,57,1,0,0,1.0,1.0,,10.0,,10.0,,,22.0,,,7.0,3.0,0.0,1,2.0,2.0,2.0,,100.0,2.0,2.0,,,,10523.6725,2687.7776,0.0,0.0,1.0,,0,0,50864,1,,,3.0,,,,2664.1325,9080.0,4250.0,-1,,,,,,,429056.0,2008,587,572,0.0,0.0,0.0,0.0,0.0,14.0,14.0,48.0,2008,1.0,6,4,2,8600,86001,1,17,16580,0,,1.0,,2,2,74,,1,39,1,,0,0,5,2,57,57,57,1,0,0,1.0,5.0,,,,,,,,,,1.0,,,2,,,,,,,,,,,10193.4604,2517.9353,,,,,0,0,22702,1,1.0,,,,,,2538.9178,,,-1,5.0,,,,,,431325.0,2009,599,596,,,,,,12.0,,,2009,MIS8_to_MIS4,False,True,True
669191759700918,12,1.0,1,8,2,8300,83001,1,1,33,17,16580,0,,1.0,,2,1,47,2.0,1,46,1,,1,1,1,1,2,301,301,301,5,0,14,1.0,2.0,5.0,60.0,,,,,,,,5.0,2.0,0.0,1,2.0,2.0,2.0,,2769.23,2.0,2.0,,,,11570.2899,2947.3718,0.0,0.0,0.0,,0,0,7727,1,,,,,,,2926.2759,7870.0,2200.0,-1,,,,,,,429126.0,2008,587,572,0.0,0.0,0.0,0.0,0.0,18.0,8.0,40.0,2008,1.0,1,4,2,8600,86001,1,17,16580,0,,1.0,,2,1,61,2.0,1,44,1,,1,1,1,2,57,57,57,1,0,0,1.0,5.0,,,,,,,,,,1.0,,,2,,,,,,,,,,,11044.5479,2632.2135,0.0,0.0,,,0,0,35309,1,,,,,,2.0,2750.9009,,,-1,,,,,,,431393.0,2009,599,596,0.0,0.0,0.0,0.0,0.0,18.0,,,2009,MIS8_to_MIS4,False,True,True
669191759700918,12,1.0,1,8,2,8300,83001,1,1,33,17,16580,0,,1.0,,2,3,51,1.0,2,46,1,,2,1,2,1,2,149,149,149,4,0,12,2.0,1.0,,70.0,,70.0,,,,,,2.0,2.0,0.0,1,2.0,2.0,2.0,,2884.61,2.0,2.0,,,,10511.5844,2723.0936,0.0,0.0,0.0,,0,0,7727,2,,,,,,,2718.7577,7870.0,2200.0,-1,,,,,,,429127.0,2008,587,572,0.0,0.0,0.0,0.0,0.0,18.0,8.0,40.0,2008,1.0,1,4,2,8600,86001,1,17,16580,0,,1.0,,2,3,63,1.0,2,42,1,,1,2,1,2,57,57,57,1,0,0,2.0,5.0,,,,,,,,,,1.0,,,2,,,,,,,,,,,10504.2038,2577.5332,0.0,0.0,,,0,0,35309,2,,,3.0,,,,2624.4527,,,-1,,,,,,,431394.0,2009,599,596,0.0,0.0,0.0,0.0,0.0,14.0,,,2009,MIS8_to_MIS4,False,True,True
771399026909396,12,2.0,1,8,2,8300,83001,1,1,33,17,44100,0,,1.0,,2,1,51,2.0,1,39,1,,1,1,1,1,2,57,57,57,1,0,0,2.0,1.0,,40.0,,43.0,,,,,,2.0,3.0,0.0,1,2.0,,1.0,2300.0,920.0,1.0,,,,,11340.6612,2876.2763,0.0,0.0,0.0,0.0,0,0,58044,1,1.0,,,,,,2868.1998,6290.0,9620.0,-1,,,,,,,429145.0,2008,587,572,0.0,0.0,0.0,0.0,0.0,12.0,22.0,23.0,2008,1.0,6,4,2,8600,86001,1,17,44100,0,,1.0,,2,2,33,,1,39,1,,0,0,7,2,57,57,57,1,0,0,1.0,4.0,,,,,,,,1.0,2.0,11.0,4.0,0.0,2,,,,,,,,,,,11782.7085,3219.6789,,,,,0,0,59450,1,1.0,,,,,,3124.6418,770.0,6230.0,-1,,,,,,,431414.0,2009,599,596,,,,,,12.0,19.0,4.0,2009,MIS8_to_MIS4,False,True,True
