hhid,intmonth,hurespli_t,hrhtype_t,minsamp_x,hrlonglk_t,hrsample_t,hrhhid2_t,serial_t,hhnum,state_t,stfips,cbsafips_t,county_t,centcity_t,smsastat_t,icntcity_t,smsa04_t,relref95_t,age_t,spouse_t,sex_t,grade92_t,race_t,ethnic_t,lineno,famnum_t,pfamrel_t,marital_t,prpertyp_t,penatvty_t,pemntvty_t,pefntvty_t,prcitshp_t,prcitflg_t,peinusyr_t,selfproxy_t,lfsr94_t,absent94_t,uhourse_t,reason94_t,hourslw_t,laydur_t,dwrsn_t,why3594_t,prunedur_t,untype_t,ftpt94_t,class94_t,agri_t,eligible_t,otc_t,ernpdh2_t,paidhre_t,earnhre_t,earnwke_t,unionmme_t,unioncov_t,schenr_t,studftpt_t,schlvl_t,earnwt_t,weight_t,chldpres_t,ownchild_t,i25d_t,i25c_t,i25a_t,i25b_t,qstnum_t,occurnum_t,ged_t,gedhigr_t,yrcoll_t,grprof_t,gr6cor_t,ms123_t,cmpwgt_t,ind02_t,occ2012_t,occ002_t,vet1_t,vet2_t,vet3_t,vet4_t,linedad_t,linemom_t,recnum_t,year_t,ym_file_t,ym_t,ch02_t,ch35_t,ch613_t,ch1417_t,ch05_t,ihigrdc_t,docc00_t,dind02_t,year_file_x,hurespli_t1,hrhtype_t1,minsamp_y,hrlonglk_t1,hrsample_t1,hrhhid2_t1,serial_t1,cbsafips_t1,county_t1,centcity_t1,smsastat_t1,icntcity_t1,smsa04_t1,relref95_t1,age_t1,spouse_t1,sex_t1,grade92_t1,race_t1,ethnic_t1,famnum_t1,pfamrel_t1,marital_t1,prpertyp_t1,penatvty_t1,pemntvty_t1,pefntvty_t1,prcitshp_t1,prcitflg_t1,peinusyr_t1,selfproxy_t1,lfsr94_t1,absent94_t1,uhourse_t1,reason94_t1,hourslw_t1,laydur_t1,dwrsn_t1,why3594_t1,prunedur_t1,untype_t1,ftpt94_t1,class94_t1,agri_t1,eligible_t1,otc_t1,ernpdh2_t1,paidhre_t1,earnhre_t1,earnwke_t1,unionmme_t1,unioncov_t1,schenr_t1,studftpt_t1,schlvl_t1,earnwt_t1,weight_t1,chldpres_t1,ownchild_t1,i25d_t1,i25c_t1,i25a_t1,i25b_t1,qstnum_t1,occurnum_t1,ged_t1,gedhigr_t1,yrcoll_t1,grprof_t1,gr6cor_t1,ms123_t1,cmpwgt_t1,ind02_t1,occ2012_t1,occ002_t1,vet1_t1,vet2_t1,vet3_t1,vet4_t1,linedad_t1,linemom_t1,recnum_t1,year_t1,ym_file_t1,ym_t1,ch02_t1,ch35_t1,ch613_t1,ch1417_t1,ch05_t1,ihigrdc_t1,docc00_t1,dind02_t1,year_file_y,pair_type,state,illinois,pair,stayed_state_local,exited_state_local,moved_to_federal,moved_to_private,analytic_sample
310974092517939,1,1.0,1,4,2,9200,92001,1,1,33.0,17,16980,0,1.0,1.0,3.0,7,1,66,2.0,2,39,1,,1,1,1,1,2,57,57,57,1,0,0,1.0,1.0,,20.0,,20.0,,,18.0,,,7.0,3.0,0.0,1,2.0,,1.0,725.0,145.0,2.0,2.0,,,,11747.5932,2716.6622,0,0,1.0,1.0,0,42,43033,1,1.0,,,,,,2696.9537,7860.0,4130.0,-1,,,,,,,10981.0,2014,648,645,0,0,0,0,0,12.0,13.0,40.0,2014,2.0,1,8,2,9200,92001,1,16980,0,1.0,1.0,3.0,7,1,67,2.0,2,39,1,,1,1,1,2,57,57,57,1,0,0,2.0,6.0,,,,,,,,,,1.0,3.0,0.0,2,,,,,,,,,,,11908.0187,2981.4153,0,0,,,0,0,31029,1,1.0,,,,,,2983.2651,8680.0,4130.0,-1,,,,,,,11752.0,2015,660,645,0,0,0,0,0,12.0,13.0,46.0,2015,MIS4_to_MIS8,illinois,1,2014-2015,1,0,0,0,retention
571389017906795,1,1.0,1,4,2,9200,92001,1,1,33.0,17,16980,0,1.0,1.0,1.0,7,3,66,1.0,1,40,1,,2,1,2,1,2,57,57,57,1,0,0,2.0,1.0,,40.0,,40.0,,,,,,2.0,3.0,0.0,1,2.0,2.0,2.0,,961.0,1.0,,,,,12789.1667,3164.6412,0,0,1.0,,0,0,57804,2,,,2.0,,,,3121.462,9470.0,5220.0,-1,4.0,,,,,,11026.0,2014,648,645,0,0,0,0,0,13.0,17.0,51.0,2014,2.0,1,8,2,9200,92001,1,16980,0,1.0,1.0,1.0,7,3,67,1.0,1,40,1,,1,2,1,2,57,57,57,1,0,0,2.0,1.0,,40.0,,40.0,,,,,,2.0,3.0,0.0,1,2.0,2.0,2.0,,1057.69,1.0,,,,,13478.8012,3331.1727,0,0,0.0,,0,0,6519,2,,,1.0,,,,3197.6378,9470.0,5220.0,-1,4.0,,,,,,11806.0,2015,660,645,0,0,0,0,0,12.0,17.0,51.0,2015,MIS4_to_MIS8,illinois,1,2014-2015,1,0,0,0,retention
799240533190971,1,1.0,1,4,2,9200,92001,1,1,33.0,17,16980,0,1.0,1.0,3.0,7,3,33,1.0,1,43,1,,2,1,2,1,2,57,57,57,1,0,0,2.0,1.0,,40.0,,40.0,,,,,,2.0,3.0,0.0,1,1.0,2.0,2.0,,1923.07,1.0,,2.0,,,10891.514,2717.6051,3,2,0.0,,0,0,43032,2,,,,2.0,,,2751.2827,9470.0,3850.0,-1,,,,,,,11115.0,2014,648,645,0,0,1,0,0,16.0,12.0,51.0,2014,1.0,1,8,2,9200,92001,1,16980,0,1.0,1.0,3.0,7,3,34,1.0,1,43,1,,1,2,1,2,57,57,57,1,0,0,2.0,1.0,,40.0,,40.0,,,,,,2.0,3.0,0.0,1,1.0,,1.0,2300.0,1920.0,1.0,,2.0,,,11740.3289,2896.7324,3,2,1.0,1.0,0,42,41292,2,,,,,,,2912.0884,9470.0,3850.0,-1,,,,,,,11883.0,2015,660,645,0,0,1,0,0,,12.0,51.0,2015,MIS4_to_MIS8,illinois,1,2014-2015,1,0,0,0,retention
904067207178880,1,1.0,1,4,2,9200,92001,1,1,33.0,17,16980,0,1.0,1.0,,7,1,58,2.0,1,43,1,,1,1,1,1,2,57,57,57,1,0,0,1.0,1.0,,30.0,,30.0,,,14.0,,,6.0,3.0,0.0,1,2.0,,1.0,1600.0,480.0,2.0,2.0,,,,15074.8373,3667.8561,0,0,0.0,0.0,0,0,21150,1,,,,2.0,,,3693.6389,7860.0,9120.0,-1,,,,,,,11136.0,2014,648,645,0,0,0,0,0,16.0,22.0,40.0,2014,1.0,1,8,2,9200,92001,1,16980,0,1.0,1.0,,7,1,59,2.0,1,43,1,,1,1,1,2,57,57,57,1,0,0,1.0,1.0,,32.0,,32.0,,,15.0,,,7.0,3.0,0.0,1,2.0,,1.0,2200.0,440.0,2.0,2.0,,,,13596.3028,3452.6756,0,0,0.0,0.0,0,0,3779,1,,,,,,,3441.1994,7860.0,9120.0,-1,,,,,,,11897.0,2015,660,645,0,0,0,0,0,,22.0,40.0,2015,MIS4_to_MIS8,illinois,1,2014-2015,1,0,0,0,retention
904067207178880,1,1.0,1,4,2,9200,92001,1,1,33.0,17,16980,0,1.0,1.0,,7,3,55,1.0,2,43,1,,2,1,2,1,2,57,57,57,1,0,0,2.0,1.0,,35.0,,35.0,,,,,,2.0,3.0,0.0,1,2.0,1.0,1.0,2400.0,961.53,2.0,2.0,,,,10167.2257,2614.6325,0,0,0.0,0.0,0,0,21150,2,,,,2.0,,,2608.4698,9370.0,530.0,-1,,,,,,,11137.0,2014,648,645,0,0,0,0,0,16.0,2.0,51.0,2014,1.0,1,8,2,9200,92001,1,16980,0,1.0,1.0,,7,3,56,1.0,2,43,1,,1,2,1,2,57,57,57,1,0,0,2.0,2.0,4.0,35.0,,,,,,,,5.0,3.0,0.0,1,2.0,1.0,1.0,1759.0,961.53,1.0,,,,,11927.5847,2880.8614,0,0,0.0,1.0,0,0,3779,2,,,,,,,2907.4573,9370.0,530.0,-1,,,,,,,11898.0,2015,660,645,0,0,0,0,0,,2.0,51.0,2015,MIS4_to_MIS8,illinois,1,2014-2015,1,0,0,0,retention
107087001060751,1,2.0,1,4,2,9200,92001,1,1,33.0,17,41180,119,2.0,1.0,,6,3,39,1.0,2,43,1,,2,1,2,1,2,57,57,57,1,0,0,1.0,1.0,,40.0,,40.0,,,,,,2.0,2.0,0.0,1,2.0,2.0,2.0,,923.07,1.0,,2.0,,,10698.0287,2699.3859,3,1,0.0,,0,0,57839,2,,,,2.0,,,2674.4149,7870.0,5700.0,-1,2.0,,,,,,11316.0,2014,648,645,0,0,1,0,0,16.0,17.0,40.0,2014,2.0,1,8,2,9200,92001,1,41180,119,2.0,1.0,,6,3,33,1.0,2,43,1,,1,2,1,2,57,57,57,1,0,0,2.0,1.0,,48.0,,59.0,,,,,,2.0,4.0,0.0,1,1.0,,1.0,2881.0,1886.88,2.0,2.0,2.0,,,11156.0937,2811.6283,1,2,0.0,0.0,0,0,6648,2,,,,,,,2809.7354,8180.0,3255.0,-1,,,,,,,12042.0,2015,660,645,1,0,0,0,1,,10.0,42.0,2015,MIS4_to_MIS8,illinois,1,2014-2015,0,1,0,1,retention
171856007001007,1,1.0,1,4,2,9200,92001,1,1,33.0,17,41180,119,2.0,1.0,,6,3,30,1.0,2,44,1,,2,1,2,1,2,57,57,57,1,0,0,2.0,1.0,,50.0,,50.0,,,,,,2.0,3.0,0.0,1,2.0,2.0,2.0,,961.53,1.0,,2.0,,,11509.8821,2970.5245,5,2,0.0,,0,0,33278,2,,,,,,3.0,2968.3105,7860.0,2330.0,-1,,,,,,,11338.0,2014,648,645,1,1,0,0,1,18.0,8.0,40.0,2014,1.0,1,8,2,9200,92001,1,41180,119,2.0,1.0,,6,3,31,1.0,2,44,1,,1,2,1,2,57,57,57,1,0,0,2.0,1.0,,50.0,,44.0,,,,,,2.0,3.0,0.0,1,2.0,2.0,2.0,,1000.0,1.0,,2.0,,,11156.0937,2811.6283,5,2,0.0,,0,0,30974,2,,,,,,,2809.7354,7860.0,2330.0,-1,,,,,,,12098.0,2015,660,645,1,1,0,0,1,,8.0,40.0,2015,MIS4_to_MIS8,illinois,1,2014-2015,1,0,0,0,retention
193797001096703,1,1.0,7,4,2,9200,92001,1,1,33.0,17,16980,0,2.0,1.0,,7,2,32,,2,44,1,,1,0,0,5,2,57,57,57,1,0,0,1.0,1.0,,44.0,,44.0,,,,,,2.0,2.0,0.0,1,2.0,2.0,2.0,,961.38,2.0,2.0,2.0,,,10820.6346,2792.6402,0,0,0.0,,0,0,53718,1,,,,,,2.0,2790.5588,7870.0,1650.0,-1,,,,,,,11359.0,2014,648,645,0,0,0,0,0,18.0,5.0,40.0,2014,1.0,7,8,2,9200,92001,1,16980,0,2.0,1.0,,7,2,33,,2,44,1,,0,0,5,2,57,57,57,1,0,0,1.0,1.0,,40.0,,42.0,,,,,,2.0,5.0,0.0,1,2.0,2.0,2.0,,961.53,2.0,2.0,2.0,,,11156.0937,2811.6283,0,0,0.0,,0,0,28483,1,,,,,,,2809.7354,7870.0,230.0,2340,,,,,,,12122.0,2015,660,645,0,0,0,0,0,,1.0,40.0,2015,MIS4_to_MIS8,illinois,1,2014-2015,0,1,0,1,retention
196997003031758,1,1.0,1,4,2,9200,92001,1,1,33.0,17,16980,0,2.0,1.0,,7,3,52,1.0,2,39,1,,2,1,2,1,2,57,57,57,1,0,0,2.0,1.0,,40.0,,40.0,,,,,,2.0,2.0,0.0,1,2.0,,1.0,1000.0,400.0,2.0,2.0,2.0,,,10734.6811,2687.0519,0,0,1.0,1.0,0,42,33205,2,1.0,,,,,,2665.6074,9370.0,5700.0,-1,,,,,,,11380.0,2014,648,645,0,0,0,0,0,12.0,17.0,51.0,2014,1.0,1,8,2,9200,92001,1,16980,0,2.0,1.0,,7,3,53,1.0,2,39,1,,1,2,1,2,57,57,57,1,0,0,2.0,1.0,,38.0,,38.0,,,,,,2.0,3.0,0.0,1,2.0,2.0,2.0,,550.0,2.0,2.0,2.0,,,11748.7572,2963.9598,0,0,1.0,,0,42,41231,2,1.0,,,,,,2965.0467,9370.0,6420.0,-1,,,,,,,12130.0,2015,660,645,0,0,0,0,0,12.0,19.0,51.0,2015,MIS4_to_MIS8,illinois,1,2014-2015,1,0,0,0,retention
199927808012768,1,1.0,1,4,2,9200,92001,1,1,33.0,17,16980,0,2.0,1.0,,7,4,19,,2,40,1,,3,1,3,7,2,57,57,57,1,0,0,2.0,1.0,,10.0,,10.0,,,20.0,,,7.0,2.0,0.0,1,2.0,,1.0,1000.0,100.0,1.0,,1.0,1.0,2.0,12841.7626,3079.3013,0,0,1.0,1.0,0,42,53768,3,,,2.0,,,,2974.3866,7870.0,5320.0,-1,,,,,1.0,1.0,11402.0,2014,648,645,0,0,0,0,0,13.0,17.0,40.0,2014,1.0,1,8,2,9200,92001,1,16980,0,2.0,1.0,,7,4,20,,2,40,1,,1,3,7,2,57,57,57,1,0,0,2.0,1.0,,10.0,,20.0,,,20.0,,,7.0,4.0,0.0,1,2.0,,1.0,800.0,80.0,2.0,2.0,1.0,1.0,2.0,11962.0772,3030.0068,0,0,1.0,1.0,0,0,18625,3,,,3.0,,,,3011.2624,6770.0,5400.0,2540,,,,,1.0,1.0,12143.0,2015,660,645,0,0,0,0,0,14.0,17.0,31.0,2015,MIS4_to_MIS8,illinois,1,2014-2015,0,1,0,1,retention
371544057803393,1,2.0,1,4,2,9200,92001,1,1,33.0,17,16980,0,2.0,1.0,,7,1,65,2.0,1,44,1,,1,1,1,1,2,57,57,57,1,0,0,2.0,1.0,,35.0,,35.0,,,,,,2.0,3.0,0.0,1,2.0,2.0,2.0,,1038.0,2.0,2.0,,,,12134.5953,3002.6694,0,0,1.0,,0,0,8190,1,,,,,,2.0,2961.7002,7860.0,2320.0,-1,,,,,,,11493.0,2014,648,645,0,0,0,0,0,18.0,8.0,40.0,2014,1.0,1,8,2,9200,92001,1,16980,0,2.0,1.0,,7,1,65,2.0,1,44,1,,1,1,1,2,57,57,57,1,0,0,2.0,5.0,,,,,,,,,,1.0,3.0,0.0,2,,,,,,,,,,,12853.3161,3216.5003,0,0,,,0,0,15348,1,,,,,,,3243.5868,7860.0,2310.0,-1,,,,,,,12214.0,2015,660,645,0,0,0,0,0,,8.0,40.0,2015,MIS4_to_MIS8,illinois,1,2014-2015,1,0,0,0,retention
710709877669510,1,4.0,1,4,2,9200,92001,1,1,33.0,17,16980,0,2.0,1.0,,7,3,45,1.0,2,43,4,,2,1,2,1,2,210,210,210,4,0,17,2.0,1.0,,40.0,,40.0,,,,,,2.0,3.0,0.0,1,2.0,1.0,1.0,4300.0,1153.0,1.0,,2.0,,,12423.7836,3062.2235,10,2,1.0,1.0,0,0,21149,2,,,,2.0,,,3085.0409,7860.0,2540.0,-1,,,,,3.0,,11595.0,2014,648,645,0,0,1,1,0,16.0,8.0,40.0,2014,2.0,1,8,2,9200,92001,1,16980,0,2.0,1.0,,7,3,46,1.0,2,43,4,,1,2,1,2,210,210,210,4,0,17,1.0,1.0,,40.0,,40.0,,,,,,2.0,3.0,0.0,1,2.0,2.0,2.0,,826.0,1.0,,2.0,,,12086.8508,3058.8487,3,1,1.0,,0,0,6517,2,,,,,,,3050.3717,7860.0,2540.0,-1,,,,,3.0,,12321.0,2015,660,645,0,0,1,0,0,,8.0,40.0,2015,MIS4_to_MIS8,illinois,1,2014-2015,1,0,0,0,retention
710709989628182,1,1.0,1,4,2,9200,92001,1,1,33.0,17,16980,0,2.0,1.0,,7,1,39,2.0,2,44,1,,1,1,1,1,2,57,57,57,1,0,0,1.0,1.0,,40.0,,44.0,,,,,,2.0,3.0,0.0,1,2.0,2.0,2.0,,961.0,1.0,,2.0,,,10057.3975,2537.7383,8,2,1.0,,0,42,33320,1,,,,,,2.0,2514.2626,7860.0,2310.0,-1,,,,,5.0,,11604.0,2014,648,645,0,1,1,0,1,18.0,8.0,40.0,2014,2.0,1,8,2,9200,92001,1,16980,0,2.0,1.0,,7,1,40,2.0,2,44,1,,1,1,1,2,57,57,57,1,0,0,2.0,1.0,,40.0,6.0,32.0,,,6.0,,,4.0,3.0,0.0,1,2.0,2.0,2.0,,1000.0,1.0,,2.0,,,11582.2992,2794.0443,3,2,1.0,,0,42,57575,1,,,,,,,2821.8587,7860.0,2310.0,-1,,,,,,,12330.0,2015,660,645,0,0,1,0,0,,8.0,40.0,2015,MIS4_to_MIS8,illinois,1,2014-2015,1,0,0,0,retention
780970096317439,1,1.0,1,4,2,9200,92001,1,1,33.0,17,16980,111,2.0,1.0,,7,1,57,2.0,2,39,1,,1,1,1,1,2,57,57,57,1,0,0,1.0,1.0,,25.0,,25.0,,,18.0,,,7.0,3.0,0.0,1,2.0,,1.0,1047.0,261.75,2.0,2.0,,,,9646.8498,2480.8111,4,1,0.0,0.0,0,0,42995,1,1.0,,,,,,2474.9639,7860.0,4120.0,-1,,,,,,,11653.0,2014,648,645,0,0,0,1,0,12.0,13.0,40.0,2014,1.0,1,8,2,9200,92001,1,16980,111,2.0,1.0,,7,1,58,2.0,2,39,1,,1,1,1,2,57,57,57,1,0,0,1.0,1.0,,25.0,,15.0,,,23.0,,,7.0,3.0,0.0,1,2.0,,1.0,1200.0,300.0,2.0,2.0,,,,11516.9894,2781.6906,4,1,0.0,0.0,0,0,49112,1,1.0,,,,,,2807.3709,7860.0,4130.0,-1,,,,,,,12374.0,2015,660,645,0,0,0,1,0,12.0,13.0,40.0,2015,MIS4_to_MIS8,illinois,1,2014-2015,1,0,0,0,retention
30977066717369,1,1.0,1,4,2,9200,92001,1,1,33.0,17,0,0,3.0,2.0,,0,3,60,1.0,2,39,1,,2,1,2,1,2,57,57,57,1,0,0,2.0,1.0,,40.0,10.0,8.0,,,10.0,,,4.0,3.0,0.0,1,2.0,,1.0,977.0,390.8,1.0,,,,,12473.4481,3088.2631,0,0,0.0,0.0,0,0,42964,2,1.0,,,,,,3100.6665,6070.0,9415.0,-1,,,,,,,11793.0,2014,648,645,0,0,0,0,0,12.0,22.0,23.0,2014,1.0,1,8,2,9200,92001,1,0,0,3.0,2.0,,0,3,61,1.0,2,39,1,,1,2,1,2,57,57,57,1,0,0,2.0,1.0,,40.0,,40.0,,,,,,2.0,3.0,0.0,1,2.0,,1.0,1000.0,400.0,1.0,,,,,12809.2235,3287.7968,0,0,0.0,0.0,0,0,18506,2,1.0,,,,,,3228.7713,7860.0,3955.0,-1,,,,,,,12490.0,2015,660,645,0,0,0,0,0,12.0,12.0,40.0,2015,MIS4_to_MIS8,illinois,1,2014-2015,1,0,0,0,retention
967499470179107,1,1.0,4,4,2,9200,92001,1,1,33.0,17,0,0,3.0,2.0,,0,1,52,,2,39,1,,1,1,1,5,2,57,57,57,1,0,0,1.0,1.0,,40.0,,40.0,,,,,,2.0,2.0,0.0,1,2.0,,1.0,2500.0,1000.0,1.0,,2.0,,,11615.4373,2907.5184,0,0,0.0,0.0,0,0,4427,1,2.0,7.0,,,,,2884.3145,7860.0,4600.0,-1,,,,,,,11927.0,2014,648,645,0,0,0,0,0,11.0,15.0,40.0,2014,1.0,7,8,2,9200,92001,1,0,0,3.0,2.0,,0,2,53,,2,39,1,,0,0,5,2,57,57,57,1,0,0,1.0,1.0,,40.0,5.0,32.0,,,5.0,,,4.0,2.0,0.0,1,1.0,,1.0,2500.0,1300.0,1.0,,2.0,,,13370.4386,3373.0753,0,0,0.0,0.0,0,0,28511,1,2.0,7.0,,,,,3374.3122,7860.0,4600.0,-1,,,,,,,12576.0,2015,660,645,0,0,0,0,0,11.0,15.0,40.0,2015,MIS4_to_MIS8,illinois,1,2014-2015,1,0,0,0,retention
918659270009101,1,1.0,3,4,2,9200,92001,1,1,32.0,18,43780,141,1.0,1.0,,3,1,28,,1,43,1,1.0,1,1,1,7,2,303,303,303,5,0,16,1.0,1.0,,40.0,,40.0,,,,,,2.0,2.0,0.0,1,2.0,1.0,1.0,2500.0,769.0,1.0,,2.0,,,14798.4543,3716.8838,0,0,1.0,1.0,0,0,65375,1,,,,2.0,,,3738.2068,7860.0,2320.0,-1,,,,,2.0,,12150.0,2014,648,645,0,0,0,0,0,16.0,8.0,40.0,2014,2.0,3,8,2,9200,92001,1,43780,141,1.0,1.0,,3,1,29,,1,43,1,1.0,1,1,7,2,303,303,303,5,0,16,1.0,1.0,,40.0,,40.0,,,,,,2.0,4.0,0.0,1,2.0,2.0,2.0,,1000.0,2.0,2.0,2.0,,,13597.463,3326.625,0,0,0.0,,0,0,18810,1,,,,,,,3372.7346,7860.0,2010.0,-1,,,,,2.0,,12817.0,2015,660,645,0,0,0,0,0,,6.0,40.0,2015,MIS4_to_MIS8,indiana,0,2014-2015,0,1,0,1,retention
281033047001105,1,1.0,1,4,2,9200,92001,1,1,32.0,18,23060,0,2.0,1.0,,3,3,35,1.0,2,44,1,,2,1,2,1,2,57,57,57,1,0,0,2.0,1.0,,20.0,,20.0,,,17.0,,,7.0,3.0,0.0,1,2.0,2.0,2.0,,380.0,2.0,2.0,2.0,,,14418.8597,3624.6461,1,2,1.0,,0,0,21387,2,,,,,,2.0,3604.5906,7860.0,2310.0,-1,,,,,,,12242.0,2014,648,645,1,0,0,0,1,18.0,8.0,40.0,2014,1.0,1,8,2,9200,92001,1,23060,0,2.0,1.0,,3,3,36,1.0,2,44,1,,1,2,1,2,57,57,57,1,0,0,2.0,1.0,,20.0,,20.0,,,17.0,,,7.0,3.0,0.0,1,2.0,,1.0,3200.0,640.0,2.0,2.0,2.0,,,12457.1547,3030.1423,5,2,1.0,1.0,0,42,41314,2,,,,,,,3035.0045,7860.0,2320.0,-1,,,,,,,12918.0,2015,660,645,1,1,0,0,1,,8.0,40.0,2015,MIS4_to_MIS8,indiana,0,2014-2015,1,0,0,0,retention
560980094717439,1,1.0,1,4,2,9200,92001,1,1,32.0,18,26900,57,2.0,1.0,,5,1,42,2.0,2,44,1,,1,1,1,1,2,301,110,301,5,0,17,1.0,1.0,,37.0,,49.0,,,,,,2.0,2.0,0.0,1,2.0,1.0,1.0,2677.0,1009.61,2.0,2.0,2.0,,,14424.8746,3609.9382,3,3,0.0,0.0,0,0,8380,1,,,,,,2.0,3606.0942,9370.0,1220.0,2200,,,,,,,12271.0,2014,648,645,0,0,1,0,0,18.0,3.0,51.0,2014,2.0,1,8,2,9200,92001,1,26900,57,2.0,1.0,,5,1,43,2.0,2,44,1,,1,1,1,2,301,110,301,5,0,17,2.0,1.0,,38.0,,48.0,,,,,,2.0,2.0,0.0,1,2.0,1.0,1.0,2800.0,1057.69,2.0,2.0,2.0,,,12814.8664,3108.9874,3,3,0.0,0.0,0,0,3838,1,,,,,,,3122.1557,9570.0,565.0,2200,,,,,,,12940.0,2015,660,645,0,0,1,0,0,,2.0,51.0,2015,MIS4_to_MIS8,indiana,0,2014-2015,1,0,0,0,retention
581625007001201,1,1.0,1,4,2,9200,92001,1,1,32.0,18,26900,0,2.0,1.0,,5,3,36,1.0,2,45,1,,2,1,2,1,2,57,57,57,1,0,0,2.0,1.0,,50.0,4.0,18.0,,,4.0,,,4.0,2.0,0.0,1,2.0,2.0,2.0,,791.66,2.0,2.0,2.0,,,14103.6083,3545.3975,0,0,0.0,,0,0,4461,2,,,,,,,3525.7804,7870.0,2000.0,-1,,,,,,,12277.0,2014,648,645,0,0,0,0,0,18.0,6.0,40.0,2014,2.0,1,8,2,9200,92001,1,26900,0,2.0,1.0,,5,3,37,1.0,2,45,1,,1,2,1,2,57,57,57,1,0,0,2.0,1.0,,45.0,13.0,15.0,,,13.0,,,4.0,2.0,0.0,1,2.0,2.0,2.0,,817.3,2.0,2.0,1.0,2.0,2.0,12458.7157,3030.522,1,1,0.0,,0,0,18666,2,,,,,,,3035.3848,7870.0,230.0,-1,,,,,,,12954.0,2015,660,645,1,0,0,0,1,18.0,1.0,40.0,2015,MIS4_to_MIS8,indiana,0,2014-2015,1,0,0,0,retention
908439370359103,1,2.0,1,4,2,9200,92001,1,1,32.0,18,26900,81,2.0,1.0,,5,1,51,2.0,2,43,1,,1,1,1,1,2,57,57,57,1,0,0,2.0,1.0,,40.0,,40.0,,,,,,2.0,3.0,0.0,1,2.0,2.0,2.0,,846.15,1.0,,2.0,,,11245.317,2804.3492,3,1,0.0,,0,0,33381,1,,,,2.0,,,2792.4072,7860.0,2430.0,-1,,,,,,,12322.0,2014,648,645,0,0,1,0,0,16.0,8.0,40.0,2014,2.0,1,8,2,9200,92001,1,26900,81,2.0,1.0,,5,1,52,2.0,2,42,1,,1,1,1,2,57,57,57,1,0,0,1.0,1.0,,40.0,,40.0,,,,,,2.0,3.0,0.0,1,1.0,,1.0,1481.0,599.24,2.0,2.0,2.0,,,11464.9237,2908.8272,3,1,0.0,0.0,0,0,47696,1,,,3.0,,,,2893.4153,7860.0,2430.0,-1,,,,,,,13036.0,2015,660,645,0,0,1,0,0,14.0,8.0,40.0,2015,MIS4_to_MIS8,indiana,0,2014-2015,1,0,0,0,retention
908439370359103,1,2.0,1,4,2,9200,92001,1,1,32.0,18,26900,81,2.0,1.0,,5,3,49,1.0,1,39,1,,2,1,2,1,2,57,57,57,1,0,0,1.0,1.0,,35.0,,35.0,,,,,,2.0,3.0,0.0,1,2.0,,1.0,2200.0,770.0,2.0,2.0,2.0,,,12147.0402,2945.158,3,1,0.0,0.0,0,0,33381,2,1.0,,,,,,2957.9866,770.0,6730.0,-1,,,,,,,12323.0,2014,648,645,0,0,1,0,0,12.0,19.0,4.0,2014,2.0,1,8,2,9200,92001,1,26900,81,2.0,1.0,,5,3,50,1.0,1,39,1,,1,2,1,2,57,57,57,1,0,0,2.0,1.0,,40.0,,40.0,,,,,,2.0,3.0,0.0,1,2.0,,1.0,2175.0,870.0,2.0,2.0,2.0,,,11166.3918,2766.2329,3,1,0.0,0.0,0,0,47696,2,1.0,,,,,,2755.9436,770.0,6730.0,-1,,,,,,,13037.0,2015,660,645,0,0,1,0,0,12.0,19.0,4.0,2015,MIS4_to_MIS8,indiana,0,2014-2015,1,0,0,0,retention
580984091317789,1,1.0,1,4,2,9200,92001,1,1,32.0,18,0,0,3.0,2.0,,0,1,62,2.0,2,39,1,,1,1,1,1,2,57,57,57,1,0,0,1.0,2.0,10.0,3.0,,,,,,,,10.0,3.0,0.0,1,2.0,2.0,2.0,,92.3,2.0,2.0,,,,12183.5092,3005.2019,0,0,0.0,,0,0,17671,1,1.0,,,,,,3028.5931,9370.0,5120.0,-1,,,,,,,12420.0,2014,648,645,0,0,0,0,0,12.0,17.0,51.0,2014,2.0,1,8,2,9200,92001,1,0,0,3.0,2.0,,0,1,63,2.0,2,39,1,,1,1,1,2,57,57,57,1,0,0,1.0,1.0,,24.0,,24.0,,,22.0,,,7.0,3.0,0.0,1,2.0,,1.0,2000.0,480.0,2.0,2.0,,,,11993.5872,3095.9764,0,0,1.0,1.0,0,42,18801,1,1.0,,,,,,3023.177,9370.0,5120.0,-1,,,,,,,13148.0,2015,660,645,0,0,0,0,0,12.0,17.0,51.0,2015,MIS4_to_MIS8,indiana,0,2014-2015,1,0,0,0,retention
580984091317789,1,1.0,1,4,2,9200,92001,1,1,32.0,18,0,0,3.0,2.0,,0,3,66,1.0,1,39,1,,2,1,2,1,2,57,57,57,1,0,0,2.0,1.0,,40.0,,99.0,,,,,,2.0,3.0,0.0,1,2.0,2.0,2.0,,820.5,2.0,2.0,,,,10910.3435,2689.6399,0,0,0.0,,0,0,17671,2,1.0,,,,,,2662.8961,770.0,220.0,-1,4.0,,,,,,12421.0,2014,648,645,0,0,0,0,0,12.0,1.0,4.0,2014,2.0,1,8,2,9200,92001,1,0,0,3.0,2.0,,0,3,67,1.0,1,39,1,,1,2,1,2,57,57,57,1,0,0,2.0,1.0,,40.0,,40.0,,,,,,2.0,4.0,0.0,1,2.0,,1.0,800.0,320.0,2.0,2.0,,,,12586.7664,3128.4299,0,0,1.0,1.0,0,42,18801,2,1.0,,,,,,2986.0163,770.0,6200.0,-1,4.0,,,,,,13149.0,2015,660,645,0,0,0,0,0,12.0,19.0,4.0,2015,MIS4_to_MIS8,indiana,0,2014-2015,0,1,0,1,retention
899140358870971,1,1.0,3,4,2,9200,92001,1,1,32.0,18,0,0,3.0,2.0,,0,14,35,,2,39,1,,2,0,0,6,2,57,57,57,1,0,0,2.0,1.0,,35.0,,35.0,,,,,,2.0,3.0,0.0,1,2.0,,1.0,1250.0,500.0,2.0,2.0,2.0,,,14229.1832,3576.9648,3,1,0.0,0.0,0,0,33468,2,1.0,,,,,,3557.1731,9470.0,3800.0,-1,,,,,,,12434.0,2014,648,645,0,0,1,0,0,12.0,12.0,51.0,2014,2.0,3,8,2,9200,92001,1,0,0,3.0,2.0,,0,14,35,,2,39,1,,0,0,6,2,57,57,57,1,0,0,2.0,1.0,,40.0,,40.0,,,,,,2.0,3.0,0.0,1,2.0,,1.0,1860.0,744.0,2.0,2.0,2.0,,,14331.1029,3485.9711,3,1,1.0,1.0,0,42,18800,2,1.0,,,,,,3491.5647,9470.0,3800.0,-1,,,,,,,13172.0,2015,660,645,0,0,1,0,0,12.0,12.0,51.0,2015,MIS4_to_MIS8,indiana,0,2014-2015,1,0,0,0,retention
770986098517479,1,1.0,1,4,2,9200,92001,1,1,32.0,18,14020,0,,1.0,,2,3,32,1.0,2,44,1,,2,1,2,1,2,57,57,57,1,0,0,2.0,1.0,,25.0,,20.0,,,18.0,,,7.0,2.0,0.0,1,2.0,1.0,1.0,3500.0,325.0,2.0,2.0,2.0,,,15537.7416,3995.063,5,2,0.0,0.0,0,0,4496,2,,,,,,2.0,4007.0646,7870.0,2200.0,-1,,,,,,,12536.0,2014,648,645,1,1,0,0,1,18.0,8.0,40.0,2014,2.0,1,8,2,9200,92001,1,14020,0,,1.0,,2,3,33,1.0,2,44,1,,1,2,1,2,57,57,57,1,0,0,2.0,1.0,,25.0,,25.0,,,18.0,,,7.0,4.0,0.0,1,2.0,1.0,1.0,5100.0,422.22,2.0,2.0,2.0,,,10890.8433,2760.4103,6,2,0.0,1.0,0,0,15408,2,,,,,,,2742.9303,7870.0,2200.0,-1,,,,,,,13286.0,2015,660,645,1,0,1,0,1,,8.0,40.0,2015,MIS4_to_MIS8,indiana,0,2014-2015,0,1,0,1,retention
7909903098656,1,1.0,7,4,2,9200,92001,1,1,21.0,36,35620,81,1.0,1.0,,7,2,56,,2,40,1,2.0,1,0,0,7,2,555,555,555,4,0,5,1.0,1.0,,40.0,,40.0,,,,,,2.0,3.0,0.0,1,2.0,2.0,2.0,,615.0,1.0,,,,,9261.5757,2372.0967,0,0,1.0,,0,0,28425,1,,,3.0,,,,2376.1192,7870.0,2200.0,-1,,,,,,,22921.0,2014,648,645,0,0,0,0,0,14.0,8.0,40.0,2014,1.0,4,8,2,9200,92001,1,35620,81,1.0,1.0,,7,1,57,,2,40,1,4.0,1,1,5,2,555,555,555,4,0,10,1.0,1.0,,37.0,,37.0,,,,,,2.0,3.0,0.0,1,2.0,2.0,2.0,,846.15,1.0,,,,,11660.3084,2796.7912,4,1,0.0,,0,0,25312,1,,,3.0,,,,2842.3063,7860.0,2016.0,-1,,,,,,,23723.0,2015,660,645,0,0,0,1,0,14.0,6.0,40.0,2015,MIS4_to_MIS8,new_york,0,2014-2015,1,0,0,0,retention
12773760942692,1,1.0,6,4,2,9200,92001,1,1,21.0,36,35620,5,1.0,1.0,,7,2,33,,1,40,2,2.0,1,0,0,7,2,57,73,73,1,0,0,1.0,1.0,,40.0,,48.0,,,,,,2.0,3.0,0.0,1,1.0,2.0,2.0,,1923.07,1.0,,2.0,,,16570.792,4162.7202,0,0,0.0,,0,0,39148,1,,,2.0,,,,4341.0594,6180.0,9120.0,-1,,,,,,,22926.0,2014,648,645,0,0,0,0,0,13.0,22.0,23.0,2014,1.0,6,8,2,9200,92001,1,35620,5,1.0,1.0,,7,2,34,,1,40,2,2.0,0,0,7,2,57,73,73,1,0,0,1.0,1.0,,40.0,,40.0,,,,,,2.0,3.0,0.0,1,2.0,2.0,2.0,,2115.38,1.0,,2.0,,,20578.5185,4775.9,0,0,0.0,,0,0,58480,1,,,3.0,,,,5203.6284,6180.0,9120.0,-1,,,,,,,23734.0,2015,660,645,0,0,0,0,0,14.0,22.0,23.0,2015,MIS4_to_MIS8,new_york,0,2014-2015,1,0,0,0,retention
50960090337309,1,1.0,1,4,2,9200,92001,1,1,21.0,36,35620,81,1.0,1.0,,7,3,59,1.0,2,40,1,,2,1,2,1,2,57,120,120,1,0,0,2.0,1.0,,40.0,,40.0,,,,,,2.0,3.0,0.0,1,2.0,,1.0,1083.0,433.2,1.0,,,,,10976.2507,2781.0957,0,0,1.0,1.0,0,42,54822,2,,,3.0,,,,2816.0306,7860.0,2000.0,-1,,,,,,,22947.0,2014,648,645,0,0,0,0,0,14.0,6.0,40.0,2014,1.0,1,8,2,9200,92001,1,35620,81,1.0,1.0,,7,3,60,1.0,2,40,1,,1,2,1,2,57,120,120,1,0,0,2.0,1.0,,40.0,,40.0,,,,,,2.0,3.0,0.0,1,2.0,,1.0,1150.0,460.0,1.0,,,,,12142.2447,3123.6918,0,0,1.0,1.0,0,42,11992,2,,,3.0,,,,3060.6486,7860.0,2000.0,-1,,,,,,,23800.0,2015,660,645,0,0,0,0,0,14.0,6.0,40.0,2015,MIS4_to_MIS8,new_york,0,2014-2015,1,0,0,0,retention
50960090337309,1,1.0,1,4,2,9200,92001,1,1,21.0,36,35620,81,1.0,1.0,,7,4,23,,2,43,1,,3,1,3,7,2,57,120,120,1,0,0,2.0,1.0,,-4.0,,35.0,,,,,,2.0,2.0,0.0,1,2.0,2.0,2.0,,276.0,2.0,2.0,1.0,1.0,2.0,17634.5861,4204.3377,0,0,1.0,,0,0,54822,3,,,,1.0,1.0,,4357.6716,7870.0,1550.0,-1,,,,,2.0,1.0,22948.0,2014,648,645,0,0,0,0,0,18.0,4.0,40.0,2014,1.0,1,8,2,9200,92001,1,35620,81,1.0,1.0,,7,4,24,,2,43,1,,1,3,7,2,57,120,120,1,0,0,2.0,1.0,,35.0,,35.0,,,,,,2.0,2.0,0.0,1,2.0,2.0,2.0,,692.0,2.0,2.0,1.0,1.0,2.0,13497.5098,3426.7128,0,0,1.0,,0,42,11992,3,,,,,,,3397.7831,7870.0,1860.0,-1,,,,,2.0,1.0,23801.0,2015,660,645,0,0,0,0,0,,5.0,40.0,2015,MIS4_to_MIS8,new_york,0,2014-2015,1,0,0,0,retention
207905273692316,1,1.0,1,4,2,9200,92001,1,1,21.0,36,35620,47,1.0,1.0,,7,1,53,2.0,1,40,2,,1,1,1,1,2,421,421,421,4,0,7,1.0,1.0,,35.0,,35.0,,,,,,2.0,2.0,0.0,1,2.0,2.0,2.0,,800.0,2.0,2.0,2.0,,,13707.7229,3510.9829,0,0,1.0,,0,0,5211,1,,,2.0,,,,3581.2036,9480.0,1107.0,-1,,,,,,,23032.0,2014,648,645,0,0,0,0,0,13.0,3.0,51.0,2014,2.0,1,8,2,9200,92001,1,35620,47,1.0,1.0,,7,1,54,2.0,1,40,2,,1,1,1,2,421,421,421,4,0,7,1.0,1.0,,40.0,,40.0,,,,,,2.0,3.0,0.0,1,2.0,2.0,2.0,,1057.69,2.0,2.0,2.0,,,16843.0705,4213.2388,0,0,0.0,,0,0,62347,1,,,2.0,,,,4297.2432,9480.0,1107.0,-1,,,,,,,23931.0,2015,660,645,0,0,0,0,0,13.0,3.0,51.0,2015,MIS4_to_MIS8,new_york,0,2014-2015,1,0,0,0,retention
307909823891416,1,1.0,4,4,2,9200,92001,1,1,21.0,36,40380,55,1.0,1.0,,5,1,40,,2,43,2,,1,1,1,7,2,57,57,57,1,0,0,1.0,4.0,,,,,,,,57.0,5.0,12.0,2.0,0.0,2,,,,,,,,1.0,2.0,2.0,14088.3985,3597.4092,0,0,,,0,0,18081,1,,,,1.0,1.0,,3457.3308,8090.0,4640.0,-1,,,,,,,23102.0,2014,648,645,0,0,0,0,0,18.0,15.0,42.0,2014,1.0,7,8,2,9200,92001,1,40380,55,1.0,1.0,,5,2,41,,2,43,2,,0,0,7,2,57,57,57,1,0,0,1.0,6.0,,,,,,,,,,1.0,,,2,,,,,,,,2.0,,,11062.2009,2879.7177,0,0,,,0,0,36935,1,,,,,,,2921.932,,,-1,,,,,,,23982.0,2015,660,645,0,0,0,0,0,,,,2015,MIS4_to_MIS8,new_york,0,2014-2015,0,1,0,0,retention
390987408016698,1,1.0,1,4,2,9200,92001,1,1,21.0,36,35620,81,1.0,1.0,,7,4,28,,2,44,1,,3,1,3,7,2,57,57,57,1,0,0,2.0,1.0,,35.0,,35.0,,,,,,2.0,3.0,0.0,1,2.0,2.0,2.0,,1057.69,1.0,,2.0,,,15326.9383,3865.6369,0,0,0.0,,0,0,1814,3,,,,,,2.0,3952.7001,7860.0,2330.0,-1,,,,,2.0,1.0,23180.0,2014,648,645,0,0,0,0,0,18.0,8.0,40.0,2014,1.0,1,8,2,9200,92001,1,35620,81,1.0,1.0,,7,4,29,,2,44,1,,1,3,7,2,57,57,57,1,0,0,2.0,1.0,,40.0,,40.0,,,,,,2.0,3.0,0.0,1,2.0,2.0,2.0,,1211.53,1.0,,2.0,,,14506.1588,3599.4916,0,0,0.0,,0,0,1596,3,,,,,,,3653.4713,7860.0,2330.0,-1,,,,,2.0,1.0,24019.0,2015,660,645,0,0,0,0,0,,8.0,40.0,2015,MIS4_to_MIS8,new_york,0,2014-2015,1,0,0,0,retention
392997405058611,1,1.0,7,4,2,9200,92001,1,1,21.0,36,35620,47,1.0,1.0,,7,2,39,,2,44,2,,1,0,0,7,2,57,333,333,1,0,0,1.0,1.0,,35.0,,35.0,,,,,,2.0,3.0,0.0,1,2.0,2.0,2.0,,1576.92,1.0,,2.0,,,10095.3597,2711.6308,0,0,0.0,,0,0,13665,1,,,,,,2.0,2694.1693,8170.0,2000.0,-1,,,,,,,23206.0,2014,648,645,0,0,0,0,0,18.0,6.0,42.0,2014,1.0,7,8,2,9200,92001,1,35620,47,1.0,1.0,,7,2,40,,2,44,2,,0,0,7,2,57,333,333,1,0,0,1.0,1.0,,40.0,,40.0,,,,,,2.0,3.0,0.0,1,2.0,2.0,2.0,,1576.92,1.0,,2.0,,,8662.0234,2247.8977,0,0,0.0,,0,0,4357,1,,,,,,,2253.0902,9480.0,150.0,-1,,,,,,,24030.0,2015,660,645,0,0,0,0,0,,1.0,51.0,2015,MIS4_to_MIS8,new_york,0,2014-2015,1,0,0,0,retention
500964099237659,1,1.0,1,4,2,9200,92001,1,1,21.0,36,35620,61,1.0,1.0,,7,1,55,2.0,1,45,1,,1,1,1,1,2,449,449,449,4,21,12,1.0,1.0,,48.0,,45.0,,,,,,2.0,3.0,0.0,1,2.0,2.0,2.0,,1442.0,2.0,2.0,,,,15498.2699,3715.3232,3,2,1.0,,0,0,1732,1,,,,,,,3797.3884,7870.0,2200.0,-1,,,,,,,23310.0,2014,648,645,0,0,1,0,0,18.0,8.0,40.0,2014,1.0,1,8,2,9200,92001,1,35620,61,1.0,1.0,,7,1,56,2.0,1,45,1,,1,1,1,2,449,449,449,4,21,17,1.0,1.0,,48.0,,48.0,,,,,,2.0,4.0,0.0,1,2.0,2.0,2.0,,1730.76,2.0,2.0,,,,15535.9778,3954.2178,3,2,0.0,,0,0,36973,1,,,,,,,3932.1276,7870.0,2200.0,-1,,,,,,,24116.0,2015,660,645,0,0,1,0,0,18.0,8.0,40.0,2015,MIS4_to_MIS8,new_york,0,2014-2015,0,1,0,1,retention
500964099237659,1,1.0,1,4,2,9200,92001,1,1,21.0,36,35620,61,1.0,1.0,,7,3,57,1.0,2,46,1,,2,1,2,1,2,57,57,57,1,0,0,2.0,1.0,,43.0,,45.0,,,,,,2.0,2.0,0.0,1,2.0,2.0,2.0,,1407.0,1.0,,,,,10976.2507,2781.0957,3,2,1.0,,0,0,1732,2,,,,,,,2816.0306,9480.0,1610.0,-1,,,,,,,23311.0,2014,648,645,0,0,1,0,0,18.0,5.0,51.0,2014,1.0,1,8,2,9200,92001,1,35620,61,1.0,1.0,,7,3,59,1.0,2,46,1,,1,2,1,2,57,57,57,1,0,0,2.0,1.0,,35.0,,70.0,,,,,,2.0,2.0,0.0,1,2.0,2.0,2.0,,2300.0,2.0,1.0,,,,12374.5441,2995.6157,3,2,1.0,,0,0,36973,2,,,,,,,3016.4077,9480.0,2540.0,1820,,,,,,,24117.0,2015,660,645,0,0,1,0,0,18.0,8.0,51.0,2015,MIS4_to_MIS8,new_york,0,2014-2015,1,0,0,0,retention
507908283092006,1,2.0,7,4,2,9200,92001,1,1,21.0,36,35620,47,1.0,1.0,,7,2,28,,2,43,2,,1,0,0,7,2,57,57,57,1,0,0,2.0,7.0,,,,,,,,,,1.0,3.0,0.0,2,,,,,,,,2.0,,,10112.227,2580.1071,0,0,,,0,0,61193,1,,,,1.0,1.0,,2407.4685,9370.0,430.0,-1,,,,,,,23316.0,2014,648,645,0,0,0,0,0,18.0,1.0,51.0,2014,2.0,6,8,2,9200,92001,1,35620,47,1.0,1.0,,7,14,29,,2,43,2,,0,0,7,2,57,57,57,1,0,0,2.0,4.0,,,,,,,,86.0,2.0,11.0,4.0,0.0,2,,,,,,,,2.0,,,22180.0137,4497.6372,0,0,,,0,0,25126,1,,,,,,,4606.7807,8270.0,3600.0,-1,,,,,,,24129.0,2015,660,645,0,0,0,0,0,,11.0,42.0,2015,MIS4_to_MIS8,new_york,0,2014-2015,0,1,0,1,retention
630465094037879,1,1.0,4,4,2,9200,92001,1,1,21.0,36,35620,47,1.0,1.0,,7,6,65,,2,39,1,2.0,2,1,4,5,2,73,73,73,2,10,2,2.0,1.0,,40.0,,40.0,,,,,,2.0,3.0,0.0,1,2.0,,1.0,3000.0,1200.0,1.0,,,,,12922.7625,2976.3324,0,0,1.0,1.0,0,42,54728,2,1.0,,,,,,2966.7432,9470.0,4760.0,-1,,,,,,,23377.0,2014,648,645,0,0,0,0,0,12.0,16.0,51.0,2014,1.0,4,8,2,9200,92001,1,35620,47,1.0,1.0,,7,6,50,,2,39,1,2.0,1,4,5,2,73,73,73,2,10,4,2.0,1.0,,40.0,,40.0,,,,,,2.0,3.0,0.0,1,2.0,,1.0,1527.0,610.8,1.0,,2.0,,,10112.5835,2533.5101,0,0,1.0,1.0,0,42,25127,2,1.0,,,,,,2552.1237,9470.0,3800.0,-1,,,,,,,24209.0,2015,660,645,0,0,0,0,0,12.0,12.0,51.0,2015,MIS4_to_MIS8,new_york,0,2014-2015,1,0,0,0,retention
730609908227186,1,1.0,1,4,2,9200,92001,1,1,21.0,36,35620,61,1.0,1.0,,7,3,58,1.0,1,44,1,,2,1,2,1,2,57,138,57,1,0,0,2.0,1.0,,40.0,,40.0,,,,,,2.0,3.0,0.0,1,2.0,2.0,2.0,,1519.23,2.0,2.0,,,,15498.2699,3715.3232,0,0,0.0,,0,0,5248,2,,,,,,2.0,3797.3884,9370.0,820.0,-1,,,,,,,23471.0,2014,648,645,0,0,0,0,0,18.0,2.0,51.0,2014,1.0,1,8,2,9200,92001,1,35620,61,1.0,1.0,,7,3,59,1.0,1,44,1,,1,2,1,2,57,138,57,1,0,0,1.0,1.0,,35.0,,43.0,,,,,,2.0,3.0,0.0,1,2.0,2.0,2.0,,1519.23,2.0,1.0,,,,15535.9778,3954.2178,0,0,0.0,,0,0,28824,2,,,,,,,3932.1276,9380.0,820.0,-1,,,,,,,24306.0,2015,660,645,0,0,0,0,0,,2.0,51.0,2015,MIS4_to_MIS8,new_york,0,2014-2015,1,0,0,0,retention
730609931527262,1,1.0,6,4,2,9200,92001,1,1,21.0,36,35620,47,1.0,1.0,,7,2,33,,1,44,1,,1,0,0,7,2,57,57,57,1,0,0,1.0,1.0,,40.0,,40.0,,,,,,2.0,3.0,0.0,1,1.0,2.0,2.0,,1538.46,1.0,,2.0,,,13297.9443,3269.1611,0,0,0.0,,0,0,5212,1,,,,,,2.0,3359.1661,7860.0,2320.0,-1,,,,,,,23478.0,2014,648,645,0,0,0,0,0,18.0,8.0,40.0,2014,1.0,6,8,2,9200,92001,1,35620,47,1.0,1.0,,7,2,34,,1,44,1,,0,0,7,2,57,57,57,1,0,0,1.0,1.0,,40.0,,40.0,,,,,,2.0,3.0,0.0,1,2.0,2.0,2.0,,1538.46,1.0,,2.0,,,11400.9766,2819.4033,0,0,0.0,,0,0,4360,1,,,,,,,2827.9149,7860.0,2320.0,-1,,,,,,,24314.0,2015,660,645,0,0,0,0,0,,8.0,40.0,2015,MIS4_to_MIS8,new_york,0,2014-2015,1,0,0,0,retention
907006239379890,1,1.0,1,4,2,9200,92001,1,1,21.0,36,35620,47,1.0,1.0,,7,3,40,1.0,1,45,1,,2,1,2,1,2,57,57,57,1,0,0,2.0,1.0,,55.0,,40.0,,,,,,2.0,3.0,0.0,1,2.0,2.0,2.0,,1615.38,2.0,2.0,2.0,,,12213.7662,3032.3353,1,1,0.0,,0,0,18073,2,,,,,,,3069.8329,9470.0,2100.0,-1,,,,,,,23604.0,2014,648,645,1,0,0,0,1,18.0,7.0,51.0,2014,1.0,1,8,2,9200,92001,1,35620,47,1.0,1.0,,7,3,40,1.0,1,45,1,,1,2,1,2,57,57,57,1,0,0,2.0,1.0,,50.0,,45.0,,,,,,2.0,5.0,0.0,1,2.0,2.0,2.0,,1769.23,1.0,,2.0,,,10094.267,2498.8956,1,1,0.0,,0,0,28814,2,,,,,,,2526.3451,7270.0,2100.0,-1,,,,,,,24431.0,2015,660,645,1,0,0,0,1,18.0,7.0,36.0,2015,MIS4_to_MIS8,new_york,0,2014-2015,0,1,0,1,retention
914056930379010,1,1.0,7,4,2,9200,92001,1,1,21.0,36,35620,85,1.0,1.0,,7,2,28,,2,39,2,2.0,1,0,0,7,2,57,57,57,1,0,0,1.0,1.0,,40.0,,40.0,,,,,,2.0,2.0,0.0,1,2.0,,1.0,1240.0,496.0,2.0,2.0,2.0,,,15600.1538,3964.2035,0,0,1.0,1.0,0,42,67050,1,1.0,,,,,,4118.1642,9480.0,4610.0,-1,,,,,,,23614.0,2014,648,645,0,0,0,0,0,12.0,15.0,51.0,2014,1.0,4,8,2,9200,92001,1,35620,85,1.0,1.0,,7,1,29,,2,43,2,2.0,1,1,7,2,57,57,57,1,0,0,1.0,1.0,,40.0,,40.0,,,,,,2.0,2.0,0.0,1,2.0,2.0,2.0,,576.92,2.0,2.0,2.0,,,18307.6274,4396.3907,4,1,0.0,,0,0,58627,1,,,,,,,4307.6091,8190.0,3255.0,-1,,,,,,,24441.0,2015,660,645,0,0,0,1,0,,10.0,41.0,2015,MIS4_to_MIS8,new_york,0,2014-2015,1,0,0,0,retention
960968091537079,1,1.0,1,4,2,9200,92001,1,1,21.0,36,10580,0,1.0,1.0,,4,3,59,1.0,2,44,1,,2,1,2,1,2,57,57,57,1,0,0,2.0,1.0,,38.0,,38.0,,,,,,2.0,3.0,0.0,1,2.0,2.0,2.0,,1923.0,1.0,,,,,12433.8462,3131.0557,0,0,1.0,,0,42,47404,2,,,,,,2.0,3189.9864,9380.0,410.0,-1,,,,,,,23670.0,2014,648,645,0,0,0,0,0,18.0,1.0,51.0,2014,1.0,1,8,2,9200,92001,1,10580,0,1.0,1.0,,4,3,60,1.0,2,44,1,,1,2,1,2,57,57,57,1,0,0,2.0,1.0,,38.0,,38.0,,,,,,2.0,3.0,0.0,1,2.0,2.0,2.0,,673.07,1.0,,,,,12181.666,3164.374,0,0,0.0,,0,0,45541,2,,,,,,,3070.5853,9380.0,410.0,-1,,,,,,,24466.0,2015,660,645,0,0,0,0,0,,1.0,51.0,2015,MIS4_to_MIS8,new_york,0,2014-2015,1,0,0,0,retention
996019870769305,1,1.0,1,4,2,9200,92001,1,1,21.0,36,10580,0,1.0,1.0,,4,3,56,1.0,2,43,1,,2,1,2,1,2,57,57,57,1,0,0,2.0,1.0,,40.0,,38.0,,,,,,2.0,2.0,0.0,1,2.0,2.0,2.0,,634.0,1.0,,,,,12433.8462,3131.0557,0,0,1.0,,0,42,58700,2,,,,2.0,,,3189.9864,8370.0,2010.0,-1,,,,,,,23718.0,2014,648,645,0,0,0,0,0,16.0,6.0,43.0,2014,2.0,1,8,2,9200,92001,1,10580,0,1.0,1.0,,4,3,57,1.0,2,43,1,,1,2,1,2,57,57,57,1,0,0,1.0,1.0,,40.0,,40.0,,,,,,2.0,2.0,0.0,1,2.0,,1.0,1700.0,680.0,1.0,,,,,12414.7195,3034.6298,0,0,1.0,1.0,0,42,61321,2,,,,,,,3026.2008,8370.0,2010.0,-1,,,,,,,24506.0,2015,660,645,0,0,0,0,0,,6.0,43.0,2015,MIS4_to_MIS8,new_york,0,2014-2015,1,0,0,0,retention
9933760978994,1,1.0,1,4,2,9200,92001,1,1,21.0,36,15380,0,2.0,1.0,,5,3,62,1.0,2,41,1,,2,1,2,1,2,57,57,57,1,0,0,2.0,1.0,,34.0,,34.0,,,22.0,,,7.0,3.0,0.0,1,2.0,2.0,2.0,,625.0,1.0,,,,,15020.8337,3641.656,0,0,0.0,,0,0,47438,2,,,3.0,,,,3733.8991,7860.0,2540.0,-1,,,,,,,23731.0,2014,648,645,0,0,0,0,0,14.0,8.0,40.0,2014,2.0,1,8,2,9200,92001,1,15380,0,2.0,1.0,,5,3,63,1.0,2,41,1,,1,2,1,2,57,57,57,1,0,0,1.0,1.0,,33.0,,33.0,,,22.0,,,7.0,3.0,0.0,1,2.0,,1.0,2025.0,668.25,1.0,,,,,12588.7435,3270.1186,0,0,0.0,0.0,0,0,25064,2,,,3.0,,,,3173.1958,7860.0,2540.0,-1,,,,,,,24530.0,2015,660,645,0,0,0,0,0,14.0,8.0,40.0,2015,MIS4_to_MIS8,new_york,0,2014-2015,1,0,0,0,retention
63519047908494,1,1.0,1,4,2,9200,92001,1,1,21.0,36,45060,67,2.0,1.0,,4,1,55,2.0,1,43,1,,1,1,1,1,2,57,119,57,1,0,0,1.0,1.0,,38.0,,38.0,,,,,,2.0,3.0,0.0,1,2.0,,1.0,2700.0,1026.0,1.0,,,,,12548.0535,2989.6003,4,1,1.0,1.0,0,0,5256,1,,,,1.0,1.0,,3074.526,770.0,6660.0,-1,,,,,,,23790.0,2014,648,645,0,0,0,1,0,18.0,19.0,4.0,2014,1.0,1,8,2,9200,92001,1,45060,67,2.0,1.0,,4,1,56,2.0,1,43,1,,1,1,1,2,57,119,57,1,0,0,1.0,1.0,,38.0,,38.0,,,,,,2.0,3.0,0.0,1,2.0,,1.0,1950.0,741.0,1.0,,,,,13606.26,3496.8151,4,1,0.0,0.0,0,0,45719,1,,,,,,,3443.7196,9370.0,6660.0,-1,,,,,,,24579.0,2015,660,645,0,0,0,1,0,,19.0,51.0,2015,MIS4_to_MIS8,new_york,0,2014-2015,1,0,0,0,retention
140767095737479,1,1.0,4,4,2,9200,92002,2,2,21.0,36,10580,0,2.0,1.0,,4,1,35,,2,39,1,,1,1,1,7,2,57,57,57,1,0,0,1.0,1.0,,37.0,,35.0,,,,,,2.0,2.0,0.0,1,2.0,,1.0,1300.0,481.0,1.0,,2.0,,,10132.2055,2503.4696,3,1,0.0,0.0,0,0,18046,1,1.0,,,,,,2532.964,9480.0,5810.0,-1,,,,,,,23825.0,2014,648,645,0,0,1,0,0,12.0,17.0,51.0,2014,1.0,4,8,2,9200,92002,2,10580,0,2.0,1.0,,4,1,36,,2,39,1,,1,1,7,2,57,57,57,1,0,0,1.0,1.0,,38.0,,38.0,,,,,,2.0,2.0,0.0,1,2.0,2.0,2.0,,1634.0,1.0,,2.0,,,12955.9123,3171.3542,3,1,1.0,,0,0,28801,1,1.0,,,,,,3156.5195,9480.0,5110.0,-1,,,,,,,24637.0,2015,660,645,0,0,1,0,0,12.0,17.0,51.0,2015,MIS4_to_MIS8,new_york,0,2014-2015,1,0,0,0,retention
220961091937489,1,2.0,1,4,2,9200,92001,1,1,21.0,36,10580,0,2.0,1.0,,4,3,37,1.0,2,39,1,,2,1,2,1,2,57,57,57,1,0,0,1.0,1.0,,38.0,,38.0,,,,,,2.0,2.0,0.0,1,2.0,2.0,2.0,,817.3,1.0,,2.0,,,10132.2055,2503.4696,5,4,0.0,,0,0,54834,2,1.0,,,,,,2532.964,9480.0,5700.0,-1,,,,,,,23847.0,2014,648,645,1,1,0,0,1,12.0,17.0,51.0,2014,2.0,1,8,2,9200,92001,1,10580,0,2.0,1.0,,4,3,38,1.0,2,39,1,,1,2,1,2,57,57,57,1,0,0,1.0,1.0,,38.0,,38.0,,,,,,2.0,2.0,0.0,1,2.0,2.0,2.0,,625.0,1.0,,2.0,,,12955.9123,3171.3542,14,4,0.0,,0,0,45779,2,1.0,,,,,,3156.5195,8370.0,5700.0,-1,,,,,,,24694.0,2015,660,645,0,1,1,1,1,12.0,17.0,43.0,2015,MIS4_to_MIS8,new_york,0,2014-2015,1,0,0,0,retention
397957502085628,1,1.0,1,4,2,9200,92001,1,1,21.0,36,35620,119,2.0,1.0,,7,3,58,1.0,2,39,1,1.0,2,1,2,1,2,303,303,303,4,0,16,2.0,1.0,,40.0,,40.0,,,,,,2.0,3.0,0.0,1,2.0,2.0,2.0,,596.15,1.0,,,,,11328.7304,2883.7137,0,0,0.0,,0,42,28510,2,1.0,,,,,,2906.4616,7860.0,2540.0,-1,,,,,,,23969.0,2014,648,645,0,0,0,0,0,12.0,8.0,40.0,2014,1.0,1,8,2,9200,92001,1,35620,119,2.0,1.0,,7,3,59,1.0,2,40,1,1.0,1,2,1,2,303,303,303,4,0,16,2.0,1.0,,40.0,,40.0,,,,,,2.0,3.0,0.0,1,2.0,1.0,1.0,1150.0,673.07,1.0,,,,,13450.1518,3257.5351,0,0,0.0,1.0,0,0,1678,2,,,4.0,,,,3278.5969,7860.0,2540.0,-1,,,,,,,24778.0,2015,660,645,0,0,0,0,0,15.0,8.0,40.0,2015,MIS4_to_MIS8,new_york,0,2014-2015,1,0,0,0,retention
730609983842784,1,1.0,1,4,2,9200,92001,1,1,21.0,36,35620,0,2.0,1.0,,7,1,44,2.0,2,44,1,,1,1,1,1,2,57,57,57,1,0,0,1.0,1.0,,30.0,,30.0,,,22.0,,,7.0,3.0,0.0,1,2.0,2.0,2.0,,1615.38,1.0,,1.0,2.0,2.0,11068.7029,2722.6266,10,3,0.0,,0,0,1832,1,,,,,,2.0,2767.0802,7860.0,2310.0,-1,,,,,,,24133.0,2014,648,645,0,0,1,1,0,18.0,8.0,40.0,2014,2.0,1,8,2,9200,92001,1,35620,0,2.0,1.0,,7,1,45,2.0,2,44,1,,1,1,1,2,57,57,57,1,0,0,1.0,1.0,,35.0,5.0,31.0,,,5.0,,,4.0,3.0,0.0,1,2.0,2.0,2.0,,1442.3,1.0,,2.0,,,14258.7851,3619.5592,10,3,0.0,,0,0,1621,1,,,,,,,3598.5051,7860.0,2310.0,-1,,,,,,,24948.0,2015,660,645,0,0,1,1,0,,8.0,40.0,2015,MIS4_to_MIS8,new_york,0,2014-2015,1,0,0,0,retention
730609991563962,1,3.0,3,4,2,9200,92001,1,1,21.0,36,35620,103,2.0,1.0,,7,1,20,,1,40,1,,1,1,1,7,2,57,57,57,1,0,0,2.0,7.0,,,,,,,,,,1.0,3.0,0.0,2,,,,,,,,1.0,1.0,2.0,14639.3118,3793.6188,0,0,,,0,0,64055,1,,,3.0,,,,3714.0088,770.0,6730.0,-1,,,,,3.0,1.0,24138.0,2014,648,645,0,0,0,0,0,14.0,19.0,4.0,2014,3.0,3,8,2,9200,92001,1,35620,103,2.0,1.0,,7,1,21,,1,40,1,,1,1,7,2,57,57,57,1,0,0,2.0,1.0,,35.0,,35.0,,,,,,2.0,4.0,0.0,1,2.0,,1.0,1300.0,455.0,2.0,2.0,2.0,,,16661.2562,4139.1436,0,0,1.0,1.0,0,42,64853,1,,,4.0,,,,4186.5661,5580.0,4760.0,-1,,,,,3.0,1.0,24953.0,2015,660,645,0,0,0,0,0,15.0,16.0,22.0,2015,MIS4_to_MIS8,new_york,0,2014-2015,0,1,0,1,retention
790963098237939,1,1.0,7,4,2,9200,92001,1,1,21.0,36,35620,103,2.0,1.0,,7,2,47,,2,44,1,2.0,1,0,0,7,2,57,57,57,1,0,0,1.0,1.0,,37.0,,37.0,,,,,,2.0,3.0,0.0,1,1.0,2.0,2.0,,1057.69,1.0,,2.0,,,14612.9641,3581.1621,0,0,0.0,,0,0,58878,1,,,,,,1.0,3628.6524,6770.0,2430.0,-1,,,,,,,24168.0,2014,648,645,0,0,0,0,0,17.0,8.0,31.0,2014,1.0,7,8,2,9200,92001,1,35620,103,2.0,1.0,,7,2,49,,2,44,1,2.0,0,0,7,2,57,57,57,1,0,0,1.0,1.0,,35.0,5.0,28.0,,,5.0,,,4.0,3.0,0.0,1,1.0,2.0,2.0,,1000.0,1.0,,2.0,,,12728.8369,3201.5109,0,0,0.0,,0,0,1645,1,,,,,,,3212.3904,6770.0,2430.0,-1,,,,,,,24960.0,2015,660,645,0,0,0,0,0,,8.0,31.0,2015,MIS4_to_MIS8,new_york,0,2014-2015,1,0,0,0,retention
926419170829309,1,1.0,1,4,2,9200,92001,1,1,21.0,36,10580,0,2.0,1.0,,4,1,45,2.0,2,39,1,,1,1,1,1,2,57,57,57,1,0,0,1.0,1.0,,38.0,6.0,31.0,,,6.0,,,4.0,2.0,0.0,1,1.0,2.0,2.0,,1288.46,1.0,,2.0,,,13886.2468,3366.5491,0,0,0.0,,0,0,64047,1,1.0,,,,,,3448.1959,9370.0,1107.0,-1,,,,,,,24217.0,2014,648,645,0,0,0,0,0,12.0,3.0,51.0,2014,2.0,1,8,2,9200,92001,1,10580,0,2.0,1.0,,4,1,47,2.0,2,39,1,,1,1,1,2,57,57,57,1,0,0,1.0,1.0,,38.0,,38.0,,,,,,2.0,2.0,0.0,1,2.0,2.0,2.0,,1201.92,1.0,,2.0,,,13816.2751,3507.2291,0,0,0.0,,0,0,61431,1,1.0,,,,,,3486.8284,9370.0,1006.0,-1,,,,,,,24992.0,2015,660,645,0,0,0,0,0,12.0,3.0,51.0,2015,MIS4_to_MIS8,new_york,0,2014-2015,1,0,0,0,retention
938096992379370,1,4.0,1,4,2,9200,92001,1,1,21.0,36,35620,103,2.0,1.0,,7,4,32,,2,44,1,5.0,3,1,3,7,2,57,312,312,1,0,0,2.0,1.0,,40.0,,40.0,,,,,,2.0,3.0,0.0,1,2.0,2.0,2.0,,869.0,1.0,,2.0,,,10838.4658,2743.8636,0,0,1.0,,0,42,64057,3,,,,,,2.0,2795.1574,9480.0,2010.0,-1,,,,,1.0,1.0,24229.0,2014,648,645,0,0,0,0,0,18.0,6.0,51.0,2014,5.0,1,8,2,9200,92001,1,35620,103,2.0,1.0,,7,4,33,,2,44,1,5.0,1,3,7,2,57,312,312,1,0,0,2.0,1.0,,40.0,,40.0,,,,,,2.0,3.0,0.0,1,2.0,1.0,1.0,4100.0,2115.0,2.0,2.0,2.0,,,14430.6767,3757.1401,0,0,1.0,1.0,0,0,58643,3,,,,,,,3634.4606,9470.0,2010.0,-1,,,,,1.0,1.0,24998.0,2015,660,645,0,0,0,0,0,,6.0,51.0,2015,MIS4_to_MIS8,new_york,0,2014-2015,1,0,0,0,retention
938096992379370,1,4.0,1,4,2,9200,92001,1,1,21.0,36,35620,103,2.0,1.0,,7,4,32,,2,44,1,5.0,5,1,3,7,2,57,312,312,1,0,0,2.0,1.0,,40.0,,40.0,,,,,,2.0,3.0,0.0,1,2.0,2.0,2.0,,869.0,1.0,,2.0,,,10838.4658,2743.8636,0,0,1.0,,0,42,64057,5,,,,,,2.0,2795.1574,7860.0,2320.0,-1,,,,,1.0,1.0,24230.0,2014,648,645,0,0,0,0,0,18.0,8.0,40.0,2014,5.0,1,8,2,9200,92001,1,35620,103,2.0,1.0,,7,4,33,,2,44,1,5.0,1,3,7,2,57,312,312,1,0,0,1.0,1.0,,40.0,,40.0,,,,,,2.0,3.0,0.0,1,2.0,2.0,2.0,,961.53,1.0,,2.0,,,14430.6767,3757.1401,0,0,0.0,,0,0,58643,5,,,,,,,3634.4606,7860.0,2320.0,-1,,,,,1.0,1.0,24999.0,2015,660,645,0,0,0,0,0,,8.0,40.0,2015,MIS4_to_MIS8,new_york,0,2014-2015,1,0,0,0,retention
163471047909261,1,1.0,6,4,2,9200,92001,1,1,21.0,36,0,0,3.0,2.0,,0,2,32,,1,39,1,,1,0,0,7,2,57,57,57,1,0,0,1.0,1.0,,40.0,,40.0,,,,,,2.0,2.0,0.0,1,2.0,2.0,2.0,,1923.0,1.0,,2.0,,,12753.0943,3115.9521,0,0,1.0,,0,42,54710,1,1.0,,,,,,3221.5327,9470.0,3800.0,-1,,,,,,,24339.0,2014,648,645,0,0,0,0,0,12.0,12.0,51.0,2014,1.0,6,8,2,9200,92001,1,0,0,3.0,2.0,,0,2,33,,1,39,1,,0,0,7,2,57,57,57,1,0,0,1.0,1.0,,38.0,,38.0,,,,,,2.0,2.0,0.0,1,2.0,2.0,2.0,,961.53,1.0,,2.0,,,15690.0171,3917.8742,0,0,0.0,,0,0,45596,1,1.0,,,,,,3891.7748,9470.0,3800.0,-1,,,,,,,25086.0,2015,660,645,0,0,0,0,0,12.0,12.0,51.0,2015,MIS4_to_MIS8,new_york,0,2014-2015,1,0,0,0,retention
163471047909261,1,1.0,6,4,2,9200,92001,1,1,21.0,36,0,0,3.0,2.0,,0,14,32,,2,39,1,,2,0,0,7,2,57,57,57,1,0,0,2.0,1.0,,40.0,,40.0,,,,,,2.0,2.0,0.0,1,2.0,,1.0,7000.0,2800.0,1.0,,2.0,,,11285.9331,2852.1794,0,0,1.0,1.0,0,42,54710,2,1.0,,,,,,2910.5557,9470.0,3800.0,-1,,,,,,,24340.0,2014,648,645,0,0,0,0,0,12.0,12.0,51.0,2014,1.0,6,8,2,9200,92001,1,0,0,3.0,2.0,,0,14,33,,2,39,1,,0,0,7,2,57,57,57,1,0,0,2.0,1.0,,38.0,,38.0,,,,,,2.0,2.0,0.0,1,2.0,2.0,2.0,,961.53,1.0,,2.0,,,14232.8141,3630.2412,0,0,0.0,,0,0,45596,2,1.0,,,,,,3584.6276,9470.0,3800.0,-1,,,,,,,25087.0,2015,660,645,0,0,0,0,0,12.0,12.0,51.0,2015,MIS4_to_MIS8,new_york,0,2014-2015,1,0,0,0,retention
699550565050973,1,1.0,1,4,2,9200,92001,1,1,21.0,36,39100,27,,1.0,,4,1,66,2.0,1,46,1,,1,1,1,1,2,57,57,57,1,0,0,1.0,3.0,,,,,4.0,,,4.0,1.0,12.0,2.0,0.0,2,,,,,,,,,,,11320.9403,2755.0929,0,0,,,0,0,18056,1,,,,,,,2642.2743,7870.0,2200.0,-1,,,,,,,24528.0,2014,648,645,0,0,0,0,0,18.0,8.0,40.0,2014,1.0,1,8,2,9200,92001,1,39100,27,,1.0,,4,1,67,2.0,1,46,1,,1,1,1,2,57,57,57,1,0,0,1.0,2.0,4.0,40.0,,,,,,,,5.0,3.0,0.0,1,2.0,1.0,1.0,5200.0,576.92,1.0,,,,,13920.6898,3481.8142,0,0,0.0,0.0,0,0,45577,1,,,,,,,3302.4691,7870.0,2200.0,-1,,,,,,,25265.0,2015,660,645,0,0,0,0,0,18.0,8.0,40.0,2015,MIS4_to_MIS8,new_york,0,2014-2015,1,0,0,0,retention
907906323894706,1,1.0,1,4,2,9200,92001,1,1,21.0,36,46540,0,,1.0,,3,4,22,,1,40,1,,3,1,3,7,2,57,57,57,1,0,0,2.0,7.0,,,,,,8.0,,,,1.0,3.0,0.0,2,,,,,,,,1.0,1.0,2.0,13705.9685,3551.753,0,0,,,0,0,47545,3,,,4.0,,,,3477.2187,770.0,6730.0,-1,,,,,2.0,1.0,24547.0,2014,648,645,0,0,0,0,0,15.0,19.0,4.0,2014,1.0,1,8,2,9200,92001,1,46540,0,,1.0,,3,4,23,,1,40,1,,1,3,7,2,57,57,57,1,0,0,2.0,7.0,,,,,,,,,,1.0,,,2,,,,,,,,1.0,1.0,2.0,15023.3292,4010.6885,0,0,,,0,0,37000,3,,,5.0,,,,3892.5604,,,-1,,,,,2.0,1.0,25293.0,2015,660,645,0,0,0,0,0,16.0,,,2015,MIS4_to_MIS8,new_york,0,2014-2015,0,1,0,0,retention
922036959379890,1,1.0,1,4,2,9200,92001,1,1,21.0,36,39100,71,,1.0,,4,1,41,2.0,2,44,2,,1,1,1,1,2,339,339,339,4,0,7,1.0,1.0,,40.0,,40.0,,,,,,2.0,2.0,0.0,1,2.0,2.0,2.0,,1575.0,1.0,,2.0,,,15086.3917,3884.4964,3,3,0.0,,0,0,1764,1,,,,,,2.0,4026.1363,7860.0,2310.0,-1,,,,,,,24553.0,2014,648,645,0,0,1,0,0,18.0,8.0,40.0,2014,1.0,1,8,2,9200,92001,1,39100,71,,1.0,,4,1,42,2.0,2,44,2,,1,1,1,2,339,339,339,4,0,7,1.0,1.0,,40.0,,40.0,,,,,,2.0,2.0,0.0,1,2.0,2.0,2.0,,1346.15,1.0,,2.0,,,11235.0393,2944.04,10,3,0.0,,0,0,11965,1,,,,,,,2922.3607,7860.0,2310.0,-1,,,,,,,25294.0,2015,660,645,0,0,1,1,0,,8.0,40.0,2015,MIS4_to_MIS8,new_york,0,2014-2015,1,0,0,0,retention
996046974379820,1,1.0,7,4,2,9200,92001,1,1,21.0,36,46540,0,,1.0,,3,2,67,,2,44,1,,1,0,0,5,2,57,57,57,1,0,0,1.0,1.0,,40.0,,40.0,,,,,,2.0,2.0,0.0,1,2.0,2.0,2.0,,769.0,1.0,,,,,14366.5314,3253.2376,0,0,1.0,,0,42,47547,1,,,,,,3.0,3298.1964,7860.0,2320.0,-1,,,,,,,24587.0,2014,648,645,0,0,0,0,0,18.0,8.0,40.0,2014,1.0,7,8,2,9200,92001,1,46540,0,,1.0,,3,2,68,,2,44,1,,0,0,5,2,57,57,57,1,0,0,1.0,1.0,,40.0,,40.0,,,,,,2.0,2.0,0.0,1,2.0,2.0,2.0,,1557.0,1.0,,,,,12507.2754,3140.5509,0,0,1.0,,0,42,11930,1,,,,,,,3016.2928,7860.0,2320.0,-1,,,,,,,25310.0,2015,660,645,0,0,0,0,0,,8.0,40.0,2015,MIS4_to_MIS8,new_york,0,2014-2015,1,0,0,0,retention
902399270269409,1,1.0,3,4,2,9200,92001,1,1,23.0,42,21500,49,1.0,1.0,,3,1,61,,1,38,2,,1,1,1,5,2,57,57,57,1,0,0,1.0,1.0,,40.0,,40.0,,,,,,2.0,3.0,0.0,1,2.0,,1.0,2000.0,1040.0,1.0,,,,,10204.7513,3060.7727,4,1,0.0,0.0,0,0,48075,1,,,,,,,3082.8397,6180.0,9120.0,-1,,,,,,,27876.0,2014,648,645,0,0,0,1,0,12.0,22.0,23.0,2014,1.0,3,8,2,9200,92001,1,21500,49,1.0,1.0,,3,1,63,,1,39,2,,1,1,5,2,57,57,57,1,0,0,1.0,1.0,,40.0,,40.0,,,,,,2.0,3.0,0.0,1,2.0,,1.0,1500.0,600.0,2.0,2.0,,,,12180.9378,3329.299,0,0,1.0,1.0,0,42,26055,1,1.0,,,,,,3394.4741,6180.0,9120.0,-1,,,,,,,29080.0,2015,660,645,0,0,0,0,0,12.0,22.0,23.0,2015,MIS4_to_MIS8,pennsylvania,0,2014-2015,1,0,0,0,retention
7906914593942,1,1.0,1,4,2,9200,92001,1,1,23.0,42,38300,3,2.0,1.0,,5,3,78,1.0,1,39,1,,2,1,2,1,2,57,57,57,1,0,0,2.0,3.0,,,,,7.0,,,7.0,1.0,11.0,3.0,0.0,2,,,,,,,,,,,11199.1094,2695.2366,0,0,,,0,0,48015,2,1.0,,,,,,2613.8393,8590.0,3930.0,-1,,,,,,,27933.0,2014,648,645,0,0,0,0,0,12.0,12.0,44.0,2014,1.0,1,8,2,9200,92001,1,38300,3,2.0,1.0,,5,3,79,1.0,1,39,1,,1,2,1,2,57,57,57,1,0,0,2.0,5.0,,,,,,,,,,1.0,,,2,,,,,,,,,,,10184.5037,2527.9479,0,0,,,0,0,25935,2,1.0,,,,,,2570.1011,,,-1,,,,,,,29112.0,2015,660,645,0,0,0,0,0,12.0,,,2015,MIS4_to_MIS8,pennsylvania,0,2014-2015,0,1,0,0,retention
299940907970974,1,1.0,1,4,2,9200,92001,1,1,23.0,42,37980,29,2.0,1.0,,7,1,63,2.0,1,44,1,,1,1,1,1,2,57,57,57,1,0,0,1.0,7.0,,,,,,2.0,,,,1.0,3.0,0.0,2,,,,,,,,,,,11717.5797,2909.1094,0,0,,,0,0,64245,1,,,,,,2.0,2945.2492,7860.0,2320.0,-1,,,,,,,28112.0,2014,648,645,0,0,0,0,0,18.0,8.0,40.0,2014,2.0,1,8,2,9200,92001,1,37980,29,2.0,1.0,,7,1,65,2.0,1,44,1,,1,1,1,2,57,57,57,1,0,0,2.0,1.0,,40.0,,40.0,,,,,,2.0,4.0,0.0,1,2.0,2.0,2.0,,2884.61,2.0,2.0,,,,11632.5237,2882.4451,0,0,0.0,,0,0,61628,1,,,,,,,2759.6369,770.0,6200.0,-1,,,,,,,29322.0,2015,660,645,0,0,0,0,0,,19.0,4.0,2015,MIS4_to_MIS8,pennsylvania,0,2014-2015,0,1,0,1,retention
670926095447769,1,2.0,1,4,2,9200,92001,1,1,23.0,42,38300,129,2.0,1.0,,5,4,28,,1,43,1,,3,1,3,7,2,57,57,57,1,0,0,2.0,1.0,,40.0,,40.0,,,,,,2.0,3.0,0.0,1,2.0,2.0,2.0,,1097.56,1.0,,2.0,,,13951.0789,3488.8473,0,0,0.0,,0,0,2565,3,,,,2.0,,,3524.1531,7860.0,2340.0,-1,,,,,2.0,1.0,28271.0,2014,648,645,0,0,0,0,0,16.0,8.0,40.0,2014,1.0,1,8,2,9200,92001,1,38300,129,2.0,1.0,,5,4,29,,1,43,1,,1,3,7,2,57,57,57,1,0,0,2.0,1.0,,40.0,,40.0,,,,,,2.0,3.0,0.0,1,2.0,2.0,2.0,,865.38,1.0,,2.0,,,13897.6038,3449.8774,0,0,0.0,,0,0,2219,3,,,,,,,3447.182,7860.0,2320.0,-1,,,,,2.0,1.0,29428.0,2015,660,645,0,0,0,0,0,,8.0,40.0,2015,MIS4_to_MIS8,pennsylvania,0,2014-2015,1,0,0,0,retention
740209945302331,1,1.0,6,4,2,9200,92001,1,1,23.0,42,38300,3,2.0,1.0,,5,2,53,,1,39,2,,1,0,0,5,2,57,57,451,1,0,0,1.0,1.0,,40.0,,40.0,,,,,,2.0,3.0,0.0,1,2.0,,1.0,3400.0,1360.0,2.0,2.0,2.0,,,10428.5914,2705.0138,0,0,1.0,1.0,0,42,28986,1,1.0,,,,,,2724.5159,9470.0,3800.0,-1,,,,,,,28304.0,2014,648,645,0,0,0,0,0,12.0,12.0,51.0,2014,1.0,6,8,2,9200,92001,1,38300,3,2.0,1.0,,5,2,53,,1,39,2,,0,0,5,2,57,57,451,1,0,0,1.0,1.0,,-4.0,,40.0,,,,,,2.0,3.0,0.0,1,2.0,1.0,1.0,2000.0,750.0,2.0,2.0,2.0,,,12034.4452,3011.4458,0,0,0.0,1.0,0,0,25932,1,1.0,,,,,,3070.3985,9470.0,3800.0,-1,,,,,,,29463.0,2015,660,645,0,0,0,0,0,12.0,12.0,51.0,2015,MIS4_to_MIS8,pennsylvania,0,2014-2015,1,0,0,0,retention
918042972479760,1,1.0,7,4,2,9200,92001,1,1,23.0,42,37980,17,2.0,1.0,,7,2,48,,2,45,1,,1,0,0,7,2,57,57,57,1,0,0,1.0,1.0,,45.0,,45.0,,,,,,2.0,3.0,0.0,1,2.0,2.0,2.0,,1442.3,1.0,,2.0,,,12259.2239,3028.4478,0,0,0.0,,0,0,55222,1,,,,,,,3044.1779,7860.0,2330.0,-1,,,,,,,28383.0,2014,648,645,0,0,0,0,0,18.0,8.0,40.0,2014,1.0,7,8,2,9200,92001,1,37980,17,2.0,1.0,,7,2,49,,2,45,1,,0,0,7,2,57,57,57,1,0,0,1.0,1.0,,45.0,,45.0,,,,,,2.0,3.0,0.0,1,2.0,,1.0,3350.0,1507.5,1.0,,2.0,,,12471.2596,3136.3588,0,0,1.0,1.0,0,0,12700,1,,,,,,,3147.3854,7860.0,2310.0,-1,,,,,,,29515.0,2015,660,645,0,0,0,0,0,18.0,8.0,40.0,2015,MIS4_to_MIS8,pennsylvania,0,2014-2015,1,0,0,0,retention
972419570879404,1,2.0,1,4,2,9200,92001,1,1,23.0,42,10900,0,2.0,1.0,,4,4,28,,1,41,1,,3,1,3,7,2,57,57,57,1,0,0,2.0,1.0,,20.0,,20.0,,,15.0,,,6.0,2.0,0.0,1,2.0,,1.0,800.0,160.0,2.0,2.0,2.0,,,13800.916,3451.295,0,0,0.0,0.0,0,0,39987,3,,,3.0,,,,3486.2207,4990.0,4720.0,-1,,,,,2.0,1.0,28428.0,2014,648,645,0,0,0,0,0,14.0,16.0,22.0,2014,2.0,1,8,2,9200,92001,1,10900,0,2.0,1.0,,4,4,29,,1,40,1,,1,3,7,2,57,57,57,1,0,0,2.0,1.0,,40.0,,40.0,,,,,,2.0,4.0,0.0,1,2.0,,1.0,1300.0,520.0,1.0,,2.0,,,13998.8862,3475.0193,0,0,1.0,1.0,0,42,59079,3,,,5.0,,,,3472.3042,1870.0,8255.0,-1,,,,,2.0,1.0,29542.0,2015,660,645,0,0,0,0,0,16.0,21.0,17.0,2015,MIS4_to_MIS8,pennsylvania,0,2014-2015,0,1,0,1,retention
980728095147659,1,1.0,1,4,2,9200,92001,1,1,23.0,42,38300,3,2.0,1.0,,5,1,46,2.0,1,43,1,,1,1,1,1,2,57,57,57,1,0,0,1.0,1.0,,38.0,,68.0,,,,,,2.0,3.0,0.0,1,2.0,2.0,2.0,,1807.69,1.0,,2.0,,,12009.3755,2916.2129,10,3,0.0,,0,0,5572,1,,,,1.0,1.0,,2924.4632,7860.0,2320.0,4760,,,,,,,28442.0,2014,648,645,0,0,1,1,0,18.0,8.0,40.0,2014,1.0,1,8,2,9200,92001,1,38300,3,2.0,1.0,,5,1,48,2.0,1,44,1,,1,1,1,2,57,57,57,1,0,0,1.0,1.0,,40.0,,65.0,,,,,,2.0,5.0,0.0,1,2.0,2.0,2.0,,1851.92,1.0,,2.0,,,11601.3682,2851.4172,4,3,0.0,,0,0,54580,1,,,,,,,2863.2988,7860.0,2320.0,4760,,,,,,,29547.0,2015,660,645,0,0,0,1,0,,8.0,40.0,2015,MIS4_to_MIS8,pennsylvania,0,2014-2015,0,1,0,1,retention
740200038402416,1,2.0,1,4,2,9200,92001,1,1,23.0,42,0,55,3.0,2.0,,0,1,27,2.0,2,44,1,,1,1,1,1,2,57,57,57,1,0,0,2.0,1.0,,40.0,,40.0,,,,,,2.0,2.0,0.0,1,2.0,2.0,2.0,,1442.3,2.0,2.0,2.0,,,14575.2572,3722.7366,1,1,0.0,,0,0,48080,1,,,,,,1.0,3758.8472,7860.0,1820.0,-1,,,,,,,28583.0,2014,648,645,1,0,0,0,1,17.0,5.0,40.0,2014,2.0,1,8,2,9200,92001,1,0,55,3.0,2.0,,0,1,28,2.0,2,44,1,,1,1,1,2,57,57,57,1,0,0,2.0,1.0,,40.0,,40.0,,,,,,2.0,2.0,0.0,1,2.0,2.0,2.0,,1442.3,2.0,2.0,2.0,,,20085.5448,4985.7043,1,1,0.0,,0,0,59059,1,,,,,,,5058.6762,7860.0,1820.0,-1,,,,,,,29674.0,2015,660,645,1,0,0,0,1,,5.0,40.0,2015,MIS4_to_MIS8,pennsylvania,0,2014-2015,1,0,0,0,retention
740200038402416,1,2.0,1,4,2,9200,92001,1,1,23.0,42,0,55,3.0,2.0,,0,3,27,1.0,1,41,1,,2,1,2,1,2,57,57,57,1,0,0,1.0,1.0,,48.0,,48.0,,,,,,2.0,3.0,0.0,1,2.0,2.0,2.0,,1057.69,2.0,2.0,2.0,,,14213.9024,3554.5735,1,1,0.0,,0,0,48080,2,,,2.0,,,,3590.5444,9470.0,3400.0,-1,,,,,,,28584.0,2014,648,645,1,0,0,0,1,13.0,10.0,51.0,2014,2.0,1,8,2,9200,92001,1,0,55,3.0,2.0,,0,3,28,1.0,1,41,1,,1,2,1,2,57,57,57,1,0,0,1.0,1.0,,48.0,,48.0,,,,,,2.0,3.0,0.0,1,2.0,2.0,2.0,,1019.23,1.0,,2.0,,,18058.1095,4482.6622,1,1,0.0,,0,0,59059,2,,,2.0,,,,4479.1599,9470.0,3400.0,-1,,,,,,,29675.0,2015,660,645,1,0,0,0,1,13.0,10.0,51.0,2015,MIS4_to_MIS8,pennsylvania,0,2014-2015,1,0,0,0,retention
740206906593391,1,1.0,1,4,2,9200,92001,1,1,23.0,42,0,89,3.0,2.0,,0,3,58,1.0,1,46,1,,2,1,2,1,2,57,57,57,1,0,0,2.0,1.0,,40.0,,40.0,,,,,,2.0,2.0,0.0,1,2.0,2.0,2.0,,2000.0,2.0,2.0,,,,12839.6908,3117.0831,0,0,0.0,,0,0,64263,2,,,,,,,3145.983,7870.0,2200.0,-1,,,,,,,28587.0,2014,648,645,0,0,0,0,0,18.0,8.0,40.0,2014,2.0,1,8,2,9200,92001,1,0,89,3.0,2.0,,0,3,59,1.0,1,46,1,,1,2,1,2,57,57,57,1,0,0,1.0,1.0,,40.0,,40.0,,,,,,2.0,4.0,0.0,1,2.0,2.0,2.0,,2000.0,1.0,,,,,14254.7655,3629.4118,0,0,0.0,,0,0,2142,2,,,,,,,3607.8551,7870.0,2200.0,-1,,,,,,,29678.0,2015,660,645,0,0,0,0,0,18.0,8.0,40.0,2015,MIS4_to_MIS8,pennsylvania,0,2014-2015,0,1,0,1,retention
930926060347519,1,1.0,1,4,2,9200,92001,1,1,23.0,42,0,89,3.0,2.0,,0,3,66,1.0,1,40,1,8.0,2,1,2,1,2,73,73,73,2,0,4,2.0,1.0,,40.0,,40.0,,,,,,2.0,2.0,0.0,1,2.0,,1.0,1350.0,540.0,1.0,,,,,12779.8713,3164.3461,0,0,0.0,0.0,0,0,39971,2,,,2.0,,,,3119.1933,6180.0,9120.0,-1,,,,,,,28619.0,2014,648,645,0,0,0,0,0,13.0,22.0,23.0,2014,2.0,1,8,2,9200,92001,1,0,89,3.0,2.0,,0,3,67,1.0,1,42,1,8.0,1,2,1,2,73,73,73,2,0,4,1.0,1.0,,40.0,,40.0,,,,,,2.0,3.0,0.0,1,2.0,2.0,2.0,,1050.0,1.0,,,,,13164.8504,3268.0279,0,0,0.0,,0,0,2140,2,,,3.0,,,,3123.1578,6180.0,9120.0,-1,,,,,,,29689.0,2015,660,645,0,0,0,0,0,14.0,22.0,23.0,2015,MIS4_to_MIS8,pennsylvania,0,2014-2015,1,0,0,0,retention
80925098947329,1,2.0,1,4,2,9200,92001,1,1,23.0,42,49620,133,,1.0,,3,3,53,1.0,2,43,1,,2,1,2,1,2,57,57,57,1,0,0,1.0,1.0,,50.0,,50.0,,,,,,2.0,3.0,0.0,1,2.0,2.0,2.0,,600.0,2.0,2.0,2.0,,,12170.7676,3039.7582,0,0,0.0,,0,0,5701,2,,,,1.0,1.0,,3022.2126,7860.0,2015.0,-1,,,,,,,28699.0,2014,648,645,0,0,0,0,0,18.0,6.0,40.0,2014,1.0,1,8,2,9200,92001,1,49620,133,,1.0,,3,3,54,1.0,2,43,1,,1,2,1,2,57,57,57,1,0,0,1.0,1.0,,55.0,,55.0,,,,,,2.0,4.0,0.0,1,2.0,,1.0,1700.0,612.0,2.0,2.0,2.0,,,12186.7038,3082.5338,0,0,0.0,0.0,0,0,56332,2,,,,,,,3075.5717,7860.0,2720.0,-1,,,,,,,29747.0,2015,660,645,0,0,0,0,0,,9.0,40.0,2015,MIS4_to_MIS8,pennsylvania,0,2014-2015,0,1,0,1,retention
80925098947329,1,2.0,1,4,2,9200,92001,1,1,23.0,42,49620,133,,1.0,,3,4,20,,1,40,1,,3,1,3,7,2,57,57,57,1,0,0,2.0,1.0,,10.0,,10.0,,,20.0,,,7.0,2.0,0.0,1,2.0,,1.0,700.0,70.0,2.0,2.0,1.0,1.0,2.0,16534.8848,4148.8496,0,0,0.0,0.0,0,0,5701,3,,,2.0,,,,4136.8838,7870.0,2340.0,-1,,,,,2.0,1.0,28700.0,2014,648,645,0,0,0,0,0,13.0,8.0,40.0,2014,1.0,1,8,2,9200,92001,1,49620,133,,1.0,,3,4,21,,1,40,1,,1,3,7,2,57,57,57,1,0,0,2.0,7.0,,,,,,8.0,,,,1.0,4.0,0.0,2,,,,,,,,1.0,1.0,2.0,14783.4014,3981.9258,0,0,,,0,0,56332,3,,,3.0,,,,3830.3949,8680.0,4030.0,-1,,,,,2.0,1.0,29748.0,2015,660,645,0,0,0,0,0,14.0,13.0,46.0,2015,MIS4_to_MIS8,pennsylvania,0,2014-2015,0,1,0,1,retention
39331870987186,2,1.0,6,4,2,9200,92001,1,1,33.0,17,16980,0,1.0,1.0,1.0,7,2,43,,1,40,2,,1,0,0,7,2,57,57,57,1,0,0,1.0,1.0,,48.0,,48.0,,,,,,2.0,3.0,0.0,1,2.0,2.0,2.0,,2884.61,1.0,,2.0,,,15883.6942,4030.3077,0,0,0.0,,0,0,42439,1,,,2.0,,,,4010.4516,9470.0,3740.0,-1,2.0,,,,,,48668.0,2014,649,646,0,0,0,0,0,13.0,12.0,51.0,2014,1.0,6,8,2,9200,92001,1,16980,0,1.0,1.0,1.0,7,2,44,,1,40,2,,0,0,7,2,57,57,57,1,0,0,1.0,1.0,,80.0,,80.0,,,,,,2.0,3.0,0.0,1,2.0,2.0,2.0,,2884.0,1.0,,2.0,,,16309.7277,3885.7363,0,0,1.0,,0,42,31306,1,,,2.0,,,,3847.2681,9470.0,3740.0,-1,2.0,,,,,,50398.0,2015,661,646,0,0,0,0,0,13.0,12.0,51.0,2015,MIS4_to_MIS8,illinois,1,2014-2015,1,0,0,0,retention
198788406070709,2,2.0,1,4,2,9200,92001,1,1,33.0,17,16980,0,1.0,1.0,,7,3,55,1.0,1,44,1,,2,1,2,1,2,57,57,57,1,0,0,1.0,1.0,,50.0,,50.0,,,,,,2.0,3.0,0.0,1,2.0,2.0,2.0,,2153.84,1.0,,,,,11958.5695,2990.9033,0,0,0.0,,0,0,49568,2,,,,,,3.0,2992.3804,7860.0,2320.0,-1,,,,,,,48724.0,2014,649,646,0,0,0,0,0,18.0,8.0,40.0,2014,2.0,1,8,2,9200,92001,1,16980,0,1.0,1.0,,7,3,56,1.0,1,44,1,,1,2,1,2,57,57,57,1,0,0,1.0,1.0,,50.0,,50.0,,,,,,2.0,4.0,0.0,1,2.0,2.0,2.0,,2307.69,1.0,,,,,12919.7031,3248.6082,0,0,0.0,,0,0,39422,2,,,,,,,3283.4034,7860.0,2320.0,-1,,,,,,,50481.0,2015,661,646,0,0,0,0,0,,8.0,40.0,2015,MIS4_to_MIS8,illinois,1,2014-2015,0,1,0,1,retention
571486038907498,2,1.0,1,4,2,9200,92001,1,1,33.0,17,16980,0,1.0,1.0,1.0,7,1,52,2.0,2,43,2,,1,1,1,1,2,57,57,57,1,0,0,1.0,1.0,,40.0,6.0,32.0,,,6.0,,,4.0,2.0,0.0,1,1.0,2.0,2.0,,961.53,1.0,,2.0,,,15800.6602,3680.7502,0,0,0.0,,0,0,21185,1,,,,1.0,1.0,,3614.796,8290.0,2160.0,-1,,,,,,,48804.0,2014,649,646,0,0,0,0,0,18.0,7.0,42.0,2014,1.0,1,8,2,9200,92001,1,16980,0,1.0,1.0,1.0,7,1,53,2.0,2,43,2,,1,1,1,2,57,57,57,1,0,0,1.0,1.0,,40.0,,40.0,,,,,,2.0,2.0,0.0,1,2.0,2.0,2.0,,769.23,2.0,2.0,2.0,,,15694.4184,3797.578,0,0,0.0,,0,0,56042,1,,,,,,,3782.9826,9470.0,2160.0,-1,,,,,,,50553.0,2015,661,646,0,0,0,0,0,,7.0,51.0,2015,MIS4_to_MIS8,illinois,1,2014-2015,1,0,0,0,retention
571608078909997,2,1.0,1,4,2,9200,92001,1,1,33.0,17,16980,0,1.0,1.0,3.0,7,1,41,2.0,1,40,2,,1,1,1,1,2,57,57,57,1,0,0,1.0,4.0,,,,,,,,119.0,5.0,11.0,3.0,0.0,2,,,,,,,,1.0,2.0,2.0,18925.0323,4030.3077,3,3,,,0,0,8147,1,,,4.0,,,,4111.7759,7870.0,1550.0,-1,2.0,,,,,,48806.0,2014,649,646,0,0,1,0,0,15.0,4.0,40.0,2014,1.0,1,8,2,9200,92001,1,16980,0,1.0,1.0,3.0,7,1,42,2.0,1,40,2,,1,1,1,2,57,57,57,1,0,0,1.0,1.0,,40.0,,40.0,,,,,,2.0,1.0,0.0,1,2.0,2.0,2.0,,519.23,1.0,,2.0,,,16309.7277,3885.7363,3,3,0.0,,0,0,68168,1,,,4.0,,,,3847.2681,8190.0,5250.0,-1,2.0,,,,,,50555.0,2015,661,646,0,0,1,0,0,15.0,17.0,41.0,2015,MIS4_to_MIS8,illinois,1,2014-2015,0,1,1,0,retention
943057686188840,2,1.0,6,4,2,9200,92001,1,1,33.0,17,16980,0,1.0,1.0,1.0,7,2,39,,1,39,2,,1,0,0,7,2,57,57,57,1,0,0,1.0,1.0,,35.0,,35.0,,,,,,2.0,3.0,0.0,1,2.0,,1.0,2000.0,700.0,1.0,,2.0,,,16186.8376,4072.1919,0,0,0.0,0.0,0,0,21175,1,1.0,,,,,,4086.9918,7860.0,310.0,-1,,,,,,,48930.0,2014,649,646,0,0,0,0,0,12.0,1.0,40.0,2014,1.0,6,8,2,9200,92001,1,16980,0,1.0,1.0,1.0,7,2,40,,1,39,2,,0,0,7,2,57,57,57,1,0,0,1.0,1.0,,40.0,,40.0,,,,,,2.0,3.0,0.0,1,2.0,,1.0,1000.0,400.0,2.0,2.0,2.0,,,16309.7277,3885.7363,0,0,1.0,1.0,0,0,19853,1,1.0,,,,,,3847.2681,7860.0,4010.0,-1,,,,,,,50667.0,2015,661,646,0,0,0,0,0,12.0,13.0,40.0,2015,MIS4_to_MIS8,illinois,1,2014-2015,1,0,0,0,retention
108909851797577,2,1.0,6,4,2,9200,92001,1,1,33.0,17,16980,0,2.0,1.0,,7,2,51,,1,45,2,,1,0,0,7,2,57,57,57,1,0,0,1.0,1.0,,40.0,,40.0,,,,,,2.0,2.0,0.0,1,2.0,2.0,2.0,,1730.76,2.0,2.0,2.0,,,12009.1241,2862.5798,0,0,0.0,,0,0,42492,1,,,,,,,2876.4452,9380.0,800.0,-1,,,,,,,49033.0,2014,649,646,0,0,0,0,0,18.0,2.0,51.0,2014,1.0,6,8,2,9200,92001,1,16980,0,2.0,1.0,,7,2,52,,1,45,2,,0,0,7,2,57,57,57,1,0,0,1.0,1.0,,40.0,,40.0,,,,,,2.0,1.0,0.0,1,2.0,2.0,2.0,,1057.0,2.0,2.0,2.0,,,12571.6703,2795.9365,0,0,1.0,,0,42,40934,1,,,,,,,2843.909,9380.0,800.0,-1,,,,,,,50801.0,2015,661,646,0,0,0,0,0,18.0,2.0,51.0,2015,MIS4_to_MIS8,illinois,1,2014-2015,0,1,1,0,retention
220672099018389,2,1.0,1,4,2,9200,92001,1,1,33.0,17,16980,0,2.0,1.0,,7,1,37,2.0,1,44,1,,1,1,1,1,2,57,57,57,1,0,0,1.0,1.0,,35.0,4.0,2.0,,,4.0,,,4.0,2.0,0.0,1,2.0,2.0,2.0,,1634.61,1.0,,2.0,,,11720.0142,2958.6668,2,1,0.0,,0,0,61596,1,,,,,,3.0,2961.7154,7860.0,2310.0,-1,,,,,,,49135.0,2014,649,646,0,1,0,0,1,18.0,8.0,40.0,2014,1.0,1,8,2,9200,92001,1,16980,0,2.0,1.0,,7,1,38,2.0,1,44,1,,1,1,1,2,57,57,57,1,0,0,1.0,1.0,,35.0,,41.0,,,,,,2.0,2.0,0.0,1,2.0,2.0,2.0,,1730.76,1.0,,2.0,,,13302.324,3253.4935,3,1,0.0,,0,0,56074,1,,,,,,,3281.0352,7860.0,2310.0,-1,,,,,,,50885.0,2015,661,646,0,0,1,0,0,,8.0,40.0,2015,MIS4_to_MIS8,illinois,1,2014-2015,1,0,0,0,retention
471063048907697,2,1.0,1,4,2,9200,92001,1,1,33.0,17,41180,119,2.0,1.0,,6,1,33,2.0,1,43,1,,1,1,1,1,2,57,57,57,1,0,0,1.0,1.0,,40.0,5.0,23.0,,,5.0,,,4.0,3.0,0.0,1,2.0,,1.0,1657.0,662.8,1.0,,2.0,,,12190.5737,2999.5194,2,1,0.0,0.0,0,0,18016,1,,,,2.0,,,3050.6964,9370.0,5940.0,3600,,,,,,,49209.0,2014,649,646,0,1,0,0,1,16.0,17.0,51.0,2014,1.0,1,8,2,9200,92001,1,41180,119,2.0,1.0,,6,1,34,2.0,1,43,1,,1,1,1,2,57,57,57,1,0,0,1.0,1.0,,40.0,4.0,32.0,,,4.0,,,4.0,3.0,0.0,1,2.0,,1.0,1741.0,696.4,1.0,,2.0,,,13075.0086,3212.0796,2,1,0.0,0.0,0,0,4541,1,,,,,,,3261.8786,9370.0,5940.0,4650,,,,,,,50933.0,2015,661,646,0,1,0,0,1,,17.0,51.0,2015,MIS4_to_MIS8,illinois,1,2014-2015,1,0,0,0,retention
608906041793477,2,1.0,1,4,2,9200,92001,1,1,33.0,17,41180,119,2.0,1.0,,6,1,49,2.0,1,42,1,,1,1,1,1,2,57,57,57,1,0,0,1.0,1.0,,45.0,,46.0,,,,,,2.0,3.0,0.0,1,1.0,1.0,1.0,3200.0,1442.3,1.0,,2.0,,,11484.9854,2892.001,0,0,0.0,0.0,0,0,18017,1,,,3.0,,,,2892.381,9470.0,3850.0,-1,,,,,,,49273.0,2014,649,646,0,0,0,0,0,14.0,12.0,51.0,2014,1.0,1,8,2,9200,92001,1,41180,119,2.0,1.0,,6,1,50,2.0,1,42,1,,1,1,1,2,57,57,57,1,0,0,1.0,1.0,,42.0,,47.0,,,,,,2.0,3.0,0.0,1,2.0,1.0,1.0,3500.0,1700.0,1.0,,2.0,,,11942.0998,2918.5621,0,0,0.0,0.0,0,0,20067,1,,,3.0,,,,2947.6302,9470.0,3850.0,-1,,,,,,,50975.0,2015,661,646,0,0,0,0,0,14.0,12.0,51.0,2015,MIS4_to_MIS8,illinois,1,2014-2015,1,0,0,0,retention
769920028230981,2,2.0,1,4,2,9200,92001,1,1,33.0,17,16980,0,2.0,1.0,,7,1,32,2.0,1,40,1,,1,1,1,1,2,57,57,57,1,0,0,2.0,1.0,,40.0,4.0,24.0,,,4.0,,,4.0,3.0,0.0,1,2.0,,1.0,1950.0,780.0,2.0,2.0,2.0,,,11882.7083,2923.7684,3,1,0.0,0.0,0,0,21224,1,,,2.0,,,,2973.653,8570.0,4250.0,-1,,,,,,,49334.0,2014,649,646,0,0,1,0,0,13.0,14.0,44.0,2014,1.0,1,8,2,9200,92001,1,16980,0,2.0,1.0,,7,1,33,2.0,1,42,1,,1,1,1,2,57,57,57,1,0,0,1.0,1.0,,40.0,,40.0,,,,,,2.0,3.0,0.0,1,2.0,,1.0,1890.0,756.0,2.0,2.0,2.0,,,13075.0086,3212.0796,3,1,0.0,0.0,0,0,31364,1,,,3.0,,,,3261.8786,8590.0,4250.0,-1,,,,,,,51029.0,2015,661,646,0,0,1,0,0,14.0,14.0,44.0,2015,MIS4_to_MIS8,illinois,1,2014-2015,1,0,0,0,retention
914087845189180,2,2.0,1,4,2,9200,92001,1,1,33.0,17,16980,0,2.0,1.0,,7,3,70,1.0,2,43,1,,2,1,2,1,2,57,57,57,1,0,0,1.0,1.0,,7.0,,35.0,,,21.0,,,9.0,2.0,0.0,1,2.0,2.0,2.0,,112.0,2.0,2.0,,,,11690.485,2761.8378,0,0,0.0,,0,0,28408,2,,,,2.0,,,2738.5849,7860.0,2310.0,-1,,,,,,,49438.0,2014,649,646,0,0,0,0,0,16.0,8.0,40.0,2014,2.0,1,8,2,9200,92001,1,16980,0,2.0,1.0,,7,3,71,1.0,2,43,1,,1,2,1,2,57,57,57,1,0,0,1.0,2.0,14.0,-4.0,,,,,,,,10.0,3.0,0.0,1,2.0,2.0,2.0,,1153.0,2.0,2.0,,,,10236.5084,2581.3819,0,0,1.0,,0,0,19986,2,,,,,,,2515.6491,7860.0,2310.0,-1,,,,,,,51120.0,2015,661,646,0,0,0,0,0,,8.0,40.0,2015,MIS4_to_MIS8,illinois,1,2014-2015,1,0,0,0,retention
971057389188530,2,2.0,6,4,2,9200,92001,1,1,33.0,17,16980,0,2.0,1.0,,7,2,54,,1,40,2,,1,0,0,7,2,57,57,57,1,0,0,2.0,1.0,,40.0,,40.0,,,,,,2.0,3.0,0.0,1,2.0,2.0,2.0,,1150.0,1.0,,2.0,,,12009.1241,2862.5798,0,0,0.0,,0,0,8029,1,,,2.0,,,,2876.4452,6180.0,9120.0,-1,,,,,,,49462.0,2014,649,646,0,0,0,0,0,13.0,22.0,23.0,2014,1.0,6,8,2,9200,92001,1,16980,0,2.0,1.0,,7,2,55,,1,40,2,,0,0,7,2,57,57,57,1,0,0,1.0,1.0,,40.0,,40.0,,,,,,2.0,4.0,0.0,1,2.0,2.0,2.0,,1269.23,1.0,,,,,15797.8875,3336.4212,0,0,0.0,,0,0,31300,1,,,2.0,,,,3393.6672,6180.0,9120.0,-1,,,,,,,51134.0,2015,661,646,0,0,0,0,0,13.0,22.0,23.0,2015,MIS4_to_MIS8,illinois,1,2014-2015,0,1,0,1,retention
971057389188530,2,2.0,6,4,2,9200,92001,1,1,33.0,17,16980,0,2.0,1.0,,7,14,56,,2,44,2,,2,0,0,7,2,57,57,57,1,0,0,1.0,1.0,,30.0,,30.0,,,22.0,,,7.0,3.0,0.0,1,2.0,2.0,2.0,,1350.0,1.0,,,,,12315.3558,2993.7854,0,0,0.0,,0,0,8029,2,,,,,,2.0,2940.1407,7860.0,2310.0,-1,,,,,,,49463.0,2014,649,646,0,0,0,0,0,18.0,8.0,40.0,2014,1.0,6,8,2,9200,92001,1,16980,0,2.0,1.0,,7,14,57,,2,44,2,,0,0,7,2,57,57,57,1,0,0,2.0,1.0,,40.0,,40.0,,,,,,2.0,5.0,0.0,1,2.0,2.0,2.0,,1346.15,1.0,,,,,12498.6645,3123.1359,0,0,0.0,,0,0,31300,2,,,,,,,3111.1327,7860.0,2310.0,-1,,,,,,,51135.0,2015,661,646,0,0,0,0,0,,8.0,40.0,2015,MIS4_to_MIS8,illinois,1,2014-2015,0,1,0,1,retention
671139098909091,2,1.0,1,4,2,9200,92001,1,1,33.0,17,28100,91,,1.0,,2,3,41,1.0,2,43,1,,2,1,2,1,2,57,57,57,1,0,0,2.0,1.0,,40.0,13.0,32.0,,,13.0,,,4.0,2.0,0.0,1,2.0,2.0,2.0,,638.0,1.0,,2.0,,,12929.8893,3227.2645,3,2,0.0,,0,0,42473,2,,,,2.0,,,3222.8537,7860.0,2310.0,-1,,,,,,,49702.0,2014,649,646,0,0,1,0,0,16.0,8.0,40.0,2014,2.0,1,8,2,9200,92001,1,28100,91,,1.0,,2,3,43,1.0,2,43,1,,1,2,1,2,57,57,57,1,0,0,1.0,1.0,,40.0,,35.0,,,,,,2.0,2.0,0.0,1,2.0,2.0,2.0,,865.38,1.0,,2.0,,,12825.9502,3037.9316,3,2,0.0,,0,0,40925,2,,,,,,,3040.2627,7860.0,2310.0,-1,,,,,,,51343.0,2015,661,646,0,0,1,0,0,,8.0,40.0,2015,MIS4_to_MIS8,illinois,1,2014-2015,1,0,0,0,retention
971449048909596,2,1.0,1,4,2,9200,92001,1,1,33.0,17,14060,113,,1.0,,2,1,30,2.0,1,46,4,,1,1,1,1,2,217,217,217,4,0,9,1.0,1.0,,60.0,,40.0,,,,,,2.0,2.0,0.0,1,2.0,2.0,2.0,,1861.11,2.0,2.0,2.0,,,16391.9582,4106.3735,11,3,0.0,,0,0,4290,1,,,,,,,4102.0947,7870.0,2200.0,-1,,,,,,,49743.0,2014,649,646,1,1,1,0,1,18.0,8.0,40.0,2014,1.0,1,8,2,9200,92001,1,14060,113,,1.0,,2,1,31,2.0,1,46,4,,1,1,1,2,217,217,217,4,0,9,1.0,1.0,,60.0,,60.0,,,,,,2.0,5.0,0.0,1,2.0,2.0,2.0,,1384.61,2.0,2.0,1.0,2.0,2.0,21754.6604,5304.4884,11,3,0.0,,0,0,4533,1,,,,,,,5427.2286,7870.0,2200.0,-1,,,,,,,51399.0,2015,661,646,1,1,1,0,1,18.0,8.0,40.0,2015,MIS4_to_MIS8,illinois,1,2014-2015,0,1,0,1,retention
810809967003194,2,2.0,1,4,2,9200,92001,1,1,32.0,18,26900,0,1.0,1.0,,5,3,46,1.0,1,43,1,,2,1,2,1,2,57,57,57,1,0,0,1.0,1.0,,40.0,,40.0,,,,,,2.0,3.0,0.0,1,2.0,2.0,2.0,,865.38,2.0,2.0,2.0,,,12473.7219,3116.8085,0,0,0.0,,0,0,21474,2,,,,2.0,,,3141.3846,6670.0,2710.0,-1,,,,,,,49850.0,2014,649,646,0,0,0,0,0,16.0,9.0,27.0,2014,2.0,1,8,2,9200,92001,1,26900,0,1.0,1.0,,5,3,47,1.0,1,43,1,,1,2,1,2,57,57,57,1,0,0,1.0,1.0,,40.0,,40.0,,,,,,2.0,3.0,0.0,1,2.0,2.0,2.0,,942.3,2.0,2.0,2.0,,,15040.2995,3695.5211,0,0,0.0,,0,0,48408,2,,,,,,,3712.3489,6670.0,2710.0,-1,,,,,,,51499.0,2015,661,646,0,0,0,0,0,,9.0,27.0,2015,MIS4_to_MIS8,indiana,0,2014-2015,1,0,0,0,retention
181370088909593,2,1.0,1,4,2,9200,92001,1,1,32.0,18,21780,0,2.0,1.0,,3,1,71,2.0,1,39,1,,1,1,1,1,2,57,57,57,1,0,0,1.0,1.0,,-4.0,,20.0,,,22.0,,,7.0,2.0,0.0,1,2.0,,1.0,1350.0,270.0,2.0,2.0,,,,10796.8716,2716.6606,0,0,0.0,0.0,0,0,8264,1,1.0,,,,,,2657.1048,7860.0,4220.0,-1,,,,,,,49929.0,2014,649,646,0,0,0,0,0,12.0,14.0,40.0,2014,1.0,1,8,2,9200,92001,1,21780,0,2.0,1.0,,3,1,72,2.0,1,39,1,,1,1,1,2,57,57,57,1,0,0,1.0,1.0,,20.0,,20.0,,,22.0,,,7.0,3.0,0.0,1,2.0,,1.0,1300.0,260.0,2.0,2.0,,,,12666.1064,3162.6075,0,0,0.0,0.0,0,0,8326,1,1.0,,,,,,3035.0374,7860.0,4220.0,-1,,,,,,,51609.0,2015,661,646,0,0,0,0,0,12.0,14.0,40.0,2015,MIS4_to_MIS8,indiana,0,2014-2015,1,0,0,0,retention
281269088909290,2,2.0,1,4,2,9200,92001,1,1,32.0,18,26900,63,2.0,1.0,,5,1,57,2.0,1,43,1,,1,1,1,1,2,57,57,57,1,0,0,2.0,1.0,,38.0,,38.0,,,,,,2.0,2.0,0.0,1,2.0,1.0,1.0,3875.0,961.53,2.0,2.0,,,,12376.3079,3071.5692,0,0,0.0,1.0,0,0,21395,1,,,,2.0,,,3096.9106,9480.0,2100.0,-1,,,,,,,49961.0,2014,649,646,0,0,0,0,0,16.0,7.0,51.0,2014,2.0,1,8,2,9200,92001,1,26900,63,2.0,1.0,,5,1,58,2.0,1,43,1,,1,1,1,2,57,57,57,1,0,0,2.0,1.0,,38.0,,38.0,,,,,,2.0,2.0,0.0,1,2.0,2.0,2.0,,738.0,2.0,2.0,,,,13525.784,3416.7459,0,0,1.0,,0,42,48387,1,,,,,,,3437.4323,9480.0,2100.0,-1,,,,,,,51632.0,2015,661,646,0,0,0,0,0,,7.0,51.0,2015,MIS4_to_MIS8,indiana,0,2014-2015,1,0,0,0,retention
281269088909290,2,2.0,1,4,2,9200,92001,1,1,32.0,18,26900,63,2.0,1.0,,5,3,53,1.0,2,43,1,,2,1,2,1,2,57,57,57,1,0,0,1.0,1.0,,38.0,,38.0,,,,,,2.0,2.0,0.0,1,2.0,1.0,1.0,3504.0,961.53,2.0,2.0,2.0,,,11914.2039,2939.3286,0,0,0.0,1.0,0,0,21395,2,,,,2.0,,,2953.7344,9480.0,2100.0,-1,,,,,,,49962.0,2014,649,646,0,0,0,0,0,16.0,7.0,51.0,2014,2.0,1,8,2,9200,92001,1,26900,63,2.0,1.0,,5,3,54,1.0,2,43,1,,1,2,1,2,57,57,57,1,0,0,1.0,1.0,,38.0,,38.0,,,,,,2.0,2.0,0.0,1,2.0,2.0,2.0,,576.0,2.0,2.0,2.0,,,12522.0581,3116.5079,0,0,1.0,,0,42,48387,2,,,,,,,3109.7198,9480.0,5000.0,-1,,,,,,,51633.0,2015,661,646,0,0,0,0,0,,17.0,51.0,2015,MIS4_to_MIS8,indiana,0,2014-2015,1,0,0,0,retention
8068175180910,2,1.0,4,4,2,9200,92001,1,1,32.0,18,14020,0,,1.0,,2,1,53,,2,43,4,,1,1,1,3,2,217,217,217,5,0,17,1.0,1.0,,35.0,4.0,26.0,,,4.0,,,4.0,3.0,0.0,1,2.0,1.0,1.0,876.0,284.0,2.0,2.0,2.0,,,11680.7768,2879.5773,4,1,0.0,0.0,0,0,18074,1,,,,2.0,,,2895.8639,7860.0,2540.0,-1,,,,,,,50243.0,2014,649,646,0,0,0,1,0,16.0,8.0,40.0,2014,1.0,4,8,2,9200,92001,1,14020,0,,1.0,,2,1,54,,2,43,4,,1,1,3,2,217,217,217,5,0,17,1.0,7.0,,,,,,9.0,,,,1.0,5.0,0.0,2,,,,,,,,2.0,,,9783.7165,2453.616,0,0,,,0,0,39432,1,,,,,,,2479.6656,7860.0,2330.0,-1,,,,,,,51823.0,2015,661,646,0,0,0,0,0,,8.0,40.0,2015,MIS4_to_MIS8,indiana,0,2014-2015,0,1,0,1,retention
8068175180910,2,1.0,4,4,2,9200,92001,1,1,32.0,18,14020,0,,1.0,,2,4,25,,2,43,4,,2,1,3,7,2,217,217,217,4,0,17,2.0,1.0,,10.0,,20.0,,,20.0,,,7.0,2.0,0.0,1,2.0,,1.0,1500.0,150.0,2.0,2.0,1.0,1.0,2.0,11352.0509,2839.1825,0,0,0.0,0.0,0,0,18074,2,,,,1.0,2.0,,2941.2971,7870.0,5940.0,1010,,,,,1.0,,50245.0,2014,649,646,0,0,0,0,0,17.0,17.0,40.0,2014,1.0,4,8,2,9200,92001,1,14020,0,,1.0,,2,4,26,,2,44,4,,1,3,7,2,217,217,217,4,0,17,2.0,1.0,,50.0,,60.0,,,,,,2.0,4.0,0.0,1,2.0,2.0,2.0,,865.38,2.0,1.0,2.0,,,11092.2569,2847.73,0,0,0.0,,0,0,39432,2,,,,,,,2839.5422,7370.0,2630.0,-1,,,,,1.0,,51825.0,2015,661,646,0,0,0,0,0,,9.0,36.0,2015,MIS4_to_MIS8,indiana,0,2014-2015,0,1,0,1,retention
308901491997068,2,1.0,7,4,2,9200,92001,1,1,32.0,18,14020,0,,1.0,,2,2,54,,2,44,1,,1,0,0,5,2,57,57,57,1,0,0,1.0,1.0,,40.0,,40.0,,,,,,2.0,3.0,0.0,1,2.0,2.0,2.0,,1210.0,1.0,,2.0,,,11961.6534,2951.0347,0,0,1.0,,0,42,8235,1,,,,,,2.0,2965.498,7860.0,2310.0,-1,,,,,,,50279.0,2014,649,646,0,0,0,0,0,18.0,8.0,40.0,2014,1.0,7,8,2,9200,92001,1,14020,0,,1.0,,2,2,55,,2,44,1,,0,0,5,2,57,57,57,1,0,0,1.0,1.0,,40.0,,40.0,,,,,,2.0,3.0,0.0,1,2.0,2.0,2.0,,1274.0,2.0,2.0,,,,12311.9914,3004.4114,0,0,1.0,,0,42,8283,1,,,,,,,3011.674,7860.0,2310.0,-1,,,,,,,51926.0,2015,661,646,0,0,0,0,0,,8.0,40.0,2015,MIS4_to_MIS8,indiana,0,2014-2015,1,0,0,0,retention
810890510670081,2,2.0,1,4,2,9200,92001,1,1,32.0,18,14020,0,,1.0,,2,1,53,2.0,1,43,1,,1,1,1,1,2,57,57,57,1,0,0,2.0,1.0,,50.0,,40.0,,,,,,2.0,2.0,0.0,1,2.0,2.0,2.0,,2019.0,2.0,2.0,2.0,,,11558.8291,2909.1197,8,2,1.0,,0,42,28671,1,,,,1.0,2.0,,2910.9778,7870.0,2720.0,-1,,,,,,,50311.0,2014,649,646,0,1,1,0,1,17.0,9.0,40.0,2014,1.0,1,8,2,9200,92001,1,14020,0,,1.0,,2,1,53,2.0,1,43,1,,1,1,1,2,57,57,57,1,0,0,1.0,1.0,,50.0,,50.0,,,,,,2.0,2.0,0.0,1,2.0,2.0,2.0,,1576.0,1.0,,2.0,,,11484.8683,2819.8091,8,2,1.0,,0,42,51784,1,,,,,,,2834.7732,7870.0,2720.0,-1,,,,,,,51963.0,2015,661,646,0,1,1,0,1,,9.0,40.0,2015,MIS4_to_MIS8,indiana,0,2014-2015,1,0,0,0,retention
22243860989091,2,1.0,4,4,2,9200,92001,1,1,21.0,36,15380,0,1.0,1.0,1.0,5,1,56,,2,42,2,,1,1,1,7,2,57,57,57,1,0,0,1.0,1.0,,40.0,,40.0,,,,,,2.0,2.0,0.0,1,2.0,2.0,2.0,,961.53,1.0,,,,,14702.8634,3513.7787,0,0,0.0,,0,0,31054,1,,,2.0,,,,3510.129,8290.0,3255.0,-1,,,,,2.0,,60886.0,2014,649,646,0,0,0,0,0,13.0,10.0,42.0,2014,1.0,4,8,2,9200,92001,1,15380,0,1.0,1.0,1.0,5,1,57,,2,42,2,,1,1,7,2,57,57,57,1,0,0,1.0,1.0,,40.0,,48.0,,,,,,2.0,5.0,0.0,1,1.0,2.0,2.0,,1000.0,1.0,,,,,12154.9984,3058.1557,0,0,0.0,,0,0,26236,1,,,3.0,,,,3025.5883,8270.0,3255.0,-1,,,,,2.0,,62418.0,2015,661,646,0,0,0,0,0,14.0,10.0,42.0,2015,MIS4_to_MIS8,new_york,0,2014-2015,0,1,0,1,retention
24473860903895,2,1.0,4,4,2,9200,92001,1,1,21.0,36,35620,61,1.0,1.0,,7,1,39,,2,43,2,,1,1,1,6,2,57,57,57,1,0,0,1.0,1.0,,40.0,,40.0,,,,,,2.0,3.0,0.0,1,2.0,2.0,2.0,,673.07,1.0,,2.0,,,16270.2004,3939.8449,8,2,0.0,,0,0,13191,1,,,,2.0,,,3976.3505,7860.0,2540.0,-1,,,,,,,60889.0,2014,649,646,0,1,1,0,1,16.0,8.0,40.0,2014,1.0,4,8,2,9200,92001,1,35620,61,1.0,1.0,,7,1,40,,2,43,2,,1,1,6,2,57,57,57,1,0,0,1.0,1.0,,40.0,3.0,2.0,,,3.0,,,3.0,3.0,0.0,1,2.0,1.0,1.0,5000.0,2000.0,1.0,,2.0,,,11060.5082,2793.3134,3,2,1.0,1.0,0,0,62939,1,,,,,,,2784.5163,7860.0,2540.0,-1,,,,,,,62420.0,2015,661,646,0,0,1,0,0,,8.0,40.0,2015,MIS4_to_MIS8,new_york,0,2014-2015,1,0,0,0,retention
62423860013508,2,1.0,7,4,2,9200,92001,1,1,21.0,36,35620,5,1.0,1.0,,7,2,32,,2,42,6,,1,0,0,7,2,57,57,57,1,0,0,1.0,1.0,,35.0,,35.0,,,,,,2.0,3.0,0.0,1,2.0,2.0,2.0,,1538.46,2.0,1.0,2.0,,,16701.1917,4204.707,0,0,0.0,,0,0,12977,1,,,3.0,,,,4327.2504,9380.0,5120.0,-1,,,,,,,60944.0,2014,649,646,0,0,0,0,0,14.0,17.0,51.0,2014,1.0,7,8,2,9200,92001,1,35620,5,1.0,1.0,,7,2,32,,2,42,6,,0,0,7,2,57,57,57,1,0,0,1.0,1.0,,35.0,,35.0,,,,,,2.0,3.0,0.0,1,2.0,2.0,2.0,,2115.38,2.0,2.0,2.0,,,17321.1239,4478.5886,0,0,0.0,,0,0,13361,1,,,3.0,,,,4434.0897,9370.0,5120.0,-1,,,,,,,62506.0,2015,661,646,0,0,0,0,0,14.0,17.0,51.0,2015,MIS4_to_MIS8,new_york,0,2014-2015,1,0,0,0,retention
408903963798736,2,1.0,1,4,2,9200,92001,1,1,21.0,36,35620,5,1.0,1.0,,7,1,59,2.0,1,37,2,,1,1,1,1,2,343,329,343,4,0,7,1.0,1.0,,40.0,,40.0,,,,,,2.0,2.0,0.0,1,2.0,2.0,2.0,,740.5,1.0,,,,,20238.0064,4236.4446,10,2,0.0,,0,0,18459,1,,,,,,,4261.7177,7860.0,2550.0,-1,,,,,,,61149.0,2014,649,646,0,0,1,1,0,11.0,8.0,40.0,2014,1.0,1,8,2,9200,92001,1,35620,5,1.0,1.0,,7,1,60,2.0,1,37,2,,1,1,1,2,343,329,343,4,0,7,1.0,1.0,,40.0,,40.0,,,,,,2.0,3.0,0.0,1,2.0,2.0,2.0,,1500.0,2.0,2.0,,,,17694.7757,3382.6965,4,1,0.0,,0,0,45103,1,,,,,,,3400.633,7860.0,3930.0,-1,,,,,,,62743.0,2015,661,646,0,0,0,1,0,11.0,12.0,40.0,2015,MIS4_to_MIS8,new_york,0,2014-2015,1,0,0,0,retention
508909943999856,2,2.0,1,4,2,9200,92001,1,1,21.0,36,35620,85,1.0,1.0,,7,3,45,1.0,2,44,1,2.0,2,1,2,1,2,73,73,73,2,0,4,1.0,1.0,,42.0,,42.0,,,,,,2.0,3.0,0.0,1,2.0,2.0,2.0,,2038.46,1.0,,2.0,,,13555.2182,3362.6275,0,0,0.0,,0,0,13328,2,,,,,,3.0,3360.5699,7860.0,2550.0,-1,,,,,,,61203.0,2014,649,646,0,0,0,0,0,18.0,8.0,40.0,2014,2.0,1,8,2,9200,92001,1,35620,85,1.0,1.0,,7,3,46,1.0,2,44,1,2.0,1,2,1,2,73,73,73,2,0,4,1.0,1.0,,45.0,,45.0,,,,,,2.0,3.0,0.0,1,2.0,2.0,2.0,,2000.0,1.0,,2.0,,,15929.0409,3924.4109,0,0,0.0,,0,0,45281,2,,,,,,,3955.8077,7860.0,230.0,-1,,,,,,,62788.0,2015,661,646,0,0,0,0,0,,1.0,40.0,2015,MIS4_to_MIS8,new_york,0,2014-2015,1,0,0,0,retention
510162007838940,2,1.0,1,4,2,9200,92001,1,1,21.0,36,35620,81,1.0,1.0,,7,1,55,2.0,2,43,2,,1,1,1,1,2,310,310,310,4,10,3,1.0,1.0,,40.0,,40.0,,,,,,2.0,2.0,0.0,1,2.0,,1.0,2500.0,1000.0,1.0,,,,,12415.2355,3014.6995,0,0,1.0,1.0,0,42,46814,1,,,,2.0,,,2963.9858,8190.0,3255.0,-1,,,,,,,61204.0,2014,649,646,0,0,0,0,0,16.0,10.0,41.0,2014,1.0,1,8,2,9200,92001,1,35620,81,1.0,1.0,,7,1,56,2.0,2,43,2,,1,1,1,2,310,310,310,4,10,9,1.0,1.0,,40.0,,40.0,,,,,,2.0,1.0,0.0,1,2.0,,1.0,1900.0,760.0,2.0,2.0,,,,11883.7116,3004.4919,0,0,1.0,1.0,0,42,37097,1,,,,,,,2958.0603,9380.0,930.0,-1,,,,,,,62790.0,2015,661,646,0,0,0,0,0,,2.0,51.0,2015,MIS4_to_MIS8,new_york,0,2014-2015,0,1,1,0,retention
610150608760083,2,1.0,4,4,2,9200,92001,1,1,21.0,36,35620,47,1.0,1.0,,7,1,46,,2,42,2,,1,1,1,7,2,57,324,324,1,0,0,1.0,1.0,,40.0,,40.0,,,,,,2.0,3.0,0.0,1,2.0,2.0,2.0,,1019.23,2.0,2.0,2.0,,,15430.5941,3590.5346,10,2,0.0,,0,0,13102,1,,,3.0,,,,3530.1341,9470.0,5700.0,-1,,,,,,,61249.0,2014,649,646,0,0,1,1,0,14.0,17.0,51.0,2014,1.0,4,8,2,9200,92001,1,35620,47,1.0,1.0,,7,1,47,,2,42,2,,1,1,7,2,57,324,324,1,0,0,1.0,1.0,,40.0,,40.0,,,,,,2.0,3.0,0.0,1,2.0,,1.0,1326.0,530.4,1.0,,2.0,,,16515.0033,4043.2611,10,2,1.0,1.0,0,0,59670,1,,,5.0,,,,3980.7764,9470.0,5000.0,-1,,,,,,,62838.0,2015,661,646,0,0,1,1,0,16.0,17.0,51.0,2015,MIS4_to_MIS8,new_york,0,2014-2015,1,0,0,0,retention
610720854190083,2,1.0,7,4,2,9200,92001,1,1,21.0,36,35620,81,1.0,1.0,,7,2,60,,2,44,1,,1,0,0,7,2,57,57,57,1,0,0,1.0,1.0,,40.0,10.0,32.0,,,10.0,,,4.0,2.0,0.0,1,2.0,2.0,2.0,,2057.69,1.0,,,,,11930.9407,2934.7372,0,0,0.0,,0,0,57931,1,,,,,,2.0,2931.9271,7860.0,2320.0,-1,,,,,,,61255.0,2014,649,646,0,0,0,0,0,18.0,8.0,40.0,2014,1.0,7,8,2,9200,92001,1,35620,81,1.0,1.0,,7,2,62,,2,44,1,,0,0,7,2,57,57,57,1,0,0,1.0,1.0,,40.0,,40.0,,,,,,2.0,3.0,0.0,1,2.0,2.0,2.0,,2115.38,1.0,,,,,14058.1709,3647.2768,0,0,0.0,,0,0,1877,1,,,,,,,3563.1666,7860.0,2320.0,-1,,,,,,,62842.0,2015,661,646,0,0,0,0,0,,8.0,40.0,2015,MIS4_to_MIS8,new_york,0,2014-2015,1,0,0,0,retention
689000225880983,2,1.0,1,4,2,9200,92001,1,1,21.0,36,35620,47,1.0,1.0,,7,3,40,1.0,2,43,1,,2,1,2,1,2,239,239,239,4,0,18,2.0,1.0,,40.0,,40.0,,,,,,2.0,3.0,0.0,1,2.0,2.0,2.0,,923.07,2.0,2.0,2.0,,,11503.337,2867.9987,3,2,0.0,,0,0,36781,2,,,,2.0,,,2867.2769,7070.0,1060.0,-1,,,,,,,61336.0,2014,649,646,0,0,1,0,0,16.0,3.0,34.0,2014,1.0,1,8,2,9200,92001,1,35620,47,1.0,1.0,,7,3,41,1.0,2,43,1,,1,2,1,2,239,239,239,4,0,18,2.0,1.0,,40.0,,40.0,,,,,,2.0,3.0,0.0,1,2.0,2.0,2.0,,876.0,1.0,,2.0,,,12959.6438,3105.7977,3,2,1.0,,0,42,59673,2,,,,,,,3071.9534,7070.0,1060.0,-1,,,,,,,62914.0,2015,661,646,0,0,1,0,0,,3.0,34.0,2015,MIS4_to_MIS8,new_york,0,2014-2015,1,0,0,0,retention
863453078907192,2,1.0,7,4,2,9200,92001,1,1,21.0,36,35620,47,1.0,1.0,,7,2,61,,2,44,1,,1,0,0,5,2,57,57,57,1,0,0,1.0,1.0,,35.0,,35.0,,,,,,2.0,3.0,0.0,1,2.0,2.0,2.0,,1846.15,1.0,,,,,11930.9407,2934.7372,0,0,0.0,,0,0,53970,1,,,,,,3.0,2931.9271,7860.0,2310.0,-1,,,,,,,61444.0,2014,649,646,0,0,0,0,0,18.0,8.0,40.0,2014,1.0,7,8,2,9200,92001,1,35620,47,1.0,1.0,,7,2,62,,2,44,1,,0,0,5,2,57,57,57,1,0,0,1.0,1.0,,35.0,13.0,21.0,,,13.0,,,4.0,3.0,0.0,1,2.0,2.0,2.0,,1923.07,1.0,,,,,14058.1709,3647.2768,0,0,0.0,,0,0,36990,1,,,,,,,3563.1666,7860.0,2310.0,-1,,,,,,,63014.0,2015,661,646,0,0,0,0,0,,8.0,40.0,2015,MIS4_to_MIS8,new_york,0,2014-2015,1,0,0,0,retention
896148280859305,2,1.0,4,4,2,9200,92001,1,1,21.0,36,35620,47,1.0,1.0,,7,1,36,,2,45,2,,1,1,1,7,2,57,57,57,1,0,0,1.0,1.0,,40.0,,40.0,,,,,,2.0,3.0,0.0,1,2.0,2.0,2.0,,1057.0,1.0,,2.0,,,16270.2004,3939.8449,0,0,1.0,,0,0,13104,1,,,,,,,3976.3505,9470.0,2100.0,-1,,,,,2.0,,61454.0,2014,649,646,0,0,0,0,0,18.0,7.0,51.0,2014,1.0,4,8,2,9200,92001,1,35620,47,1.0,1.0,,7,1,37,,2,45,2,,1,1,7,2,57,57,57,1,0,0,1.0,7.0,,,,,,,,,,1.0,,,2,,,,,,,,2.0,,,12890.0951,3094.687,0,0,,,0,0,57081,1,,,,,,,3283.2625,,,-1,,,,,2.0,,63024.0,2015,661,646,0,0,0,0,0,18.0,,,2015,MIS4_to_MIS8,new_york,0,2014-2015,0,1,0,0,retention
947076014389490,2,1.0,7,4,2,9200,92001,1,1,21.0,36,35620,81,1.0,1.0,,7,2,71,,2,41,2,,1,0,0,4,2,57,57,57,1,0,0,1.0,1.0,,35.0,,35.0,,,,,,2.0,3.0,0.0,1,2.0,,1.0,2600.0,910.0,1.0,,,,,10534.2815,2701.507,0,0,1.0,1.0,0,0,48413,1,,,3.0,,,,2656.0619,9470.0,5260.0,-1,,,,,,,61522.0,2014,649,646,0,0,0,0,0,14.0,17.0,51.0,2014,1.0,7,8,2,9200,92001,1,35620,81,1.0,1.0,,7,2,73,,2,42,2,,0,0,4,2,57,57,57,1,0,0,1.0,1.0,,30.0,,30.0,,,21.0,,,7.0,3.0,0.0,1,2.0,,1.0,1200.0,360.0,2.0,2.0,,,,11397.8711,2955.7754,0,0,0.0,0.0,0,0,57159,1,,,3.0,,,,2910.0967,9470.0,5860.0,-1,,,,,,,63057.0,2015,661,646,0,0,0,0,0,14.0,17.0,51.0,2015,MIS4_to_MIS8,new_york,0,2014-2015,1,0,0,0,retention
20866095838129,2,1.0,1,4,2,9200,92001,1,1,21.0,36,35620,59,2.0,1.0,,7,3,60,1.0,2,39,1,,2,1,2,1,2,249,249,249,5,21,9,2.0,1.0,,40.0,,40.0,,,,,,2.0,3.0,0.0,1,2.0,2.0,2.0,,807.0,2.0,2.0,,,,11802.3151,2857.2296,0,0,1.0,,0,42,38999,2,1.0,,,,,,2900.3184,7860.0,230.0,-1,,,,,,,61605.0,2014,649,646,0,0,0,0,0,12.0,1.0,40.0,2014,2.0,1,8,2,9200,92001,1,35620,59,2.0,1.0,,7,3,61,1.0,2,39,1,,1,2,1,2,249,249,249,5,21,23,1.0,1.0,,40.0,,40.0,,,,,,2.0,4.0,0.0,1,2.0,2.0,2.0,,1250.0,2.0,2.0,,,,12532.8958,3235.7658,0,0,0.0,,0,0,26371,2,1.0,,,,,,3176.5723,7870.0,5700.0,-1,,,,,,,63117.0,2015,661,646,0,0,0,0,0,12.0,17.0,40.0,2015,MIS4_to_MIS8,new_york,0,2014-2015,0,1,0,1,retention
110865092738479,2,1.0,1,4,2,9200,92001,1,1,21.0,36,35620,103,2.0,1.0,,7,1,63,2.0,1,44,1,,1,1,1,1,2,57,57,57,1,0,0,1.0,1.0,,45.0,,45.0,,,,,,2.0,3.0,0.0,1,2.0,2.0,2.0,,2634.61,1.0,,,,,11134.5163,2703.7824,0,0,0.0,,0,0,57973,1,,,,,,2.0,2766.2453,7860.0,230.0,-1,,,,,,,61674.0,2014,649,646,0,0,0,0,0,18.0,1.0,40.0,2014,1.0,1,8,2,9200,92001,1,35620,103,2.0,1.0,,7,1,64,2.0,1,44,1,,1,1,1,2,57,57,57,1,0,0,1.0,1.0,,40.0,,40.0,,,,,,2.0,3.0,0.0,1,2.0,2.0,2.0,,1884.61,2.0,2.0,,,,11165.6474,2887.1279,0,0,0.0,,0,0,1934,1,,,,,,,2885.5202,7860.0,7630.0,-1,,,,,,,63256.0,2015,661,646,0,0,0,0,0,,20.0,40.0,2015,MIS4_to_MIS8,new_york,0,2014-2015,1,0,0,0,retention
110865092738479,2,1.0,1,4,2,9200,92001,1,1,21.0,36,35620,103,2.0,1.0,,7,8,34,3.0,1,39,1,,4,2,2,1,2,57,57,57,1,0,0,2.0,1.0,,40.0,,40.0,,,,,,2.0,2.0,0.0,1,2.0,2.0,2.0,,576.0,1.0,,2.0,,,16966.6767,4104.1488,1,1,1.0,,0,0,57973,4,1.0,,,,,,4245.9183,7860.0,4200.0,-1,1.0,,,,,,61679.0,2014,649,646,1,0,0,0,1,12.0,14.0,40.0,2014,1.0,1,8,2,9200,92001,1,35620,103,2.0,1.0,,7,8,35,3.0,1,39,1,,2,2,1,2,57,57,57,1,0,0,2.0,1.0,,40.0,,40.0,,,,,,2.0,4.0,0.0,1,1.0,,1.0,2500.0,1000.0,2.0,2.0,2.0,,,14631.2879,3603.1504,1,1,1.0,1.0,0,42,1934,4,1.0,,,,,,3608.8259,3095.0,7330.0,-1,1.0,,,,,,63260.0,2015,661,646,1,0,0,0,1,12.0,20.0,7.0,2015,MIS4_to_MIS8,new_york,0,2014-2015,0,1,0,1,retention
163757048909292,2,2.0,1,4,2,9200,92001,1,1,21.0,36,15380,0,2.0,1.0,,5,1,45,2.0,1,44,1,,1,1,1,1,2,57,57,57,1,0,0,2.0,1.0,,40.0,,40.0,,,,,,2.0,3.0,0.0,1,2.0,2.0,2.0,,1275.0,1.0,,2.0,,,11481.7035,2842.3208,3,2,0.0,,0,0,36786,1,,,,,,2.0,2891.5545,7860.0,2310.0,-1,,,,,,,61696.0,2014,649,646,0,0,1,0,0,18.0,8.0,40.0,2014,2.0,1,8,2,9200,92001,1,15380,0,2.0,1.0,,5,1,46,2.0,1,44,1,,1,1,1,2,57,57,57,1,0,0,2.0,1.0,,40.0,,40.0,,,,,,2.0,3.0,0.0,1,2.0,2.0,2.0,,1153.0,1.0,,2.0,,,13618.7434,3353.7308,3,2,1.0,,0,42,17298,1,,,,,,,3361.4708,7860.0,2310.0,-1,,,,,,,63279.0,2015,661,646,0,0,1,0,0,,8.0,40.0,2015,MIS4_to_MIS8,new_york,0,2014-2015,1,0,0,0,retention
163757048909292,2,2.0,1,4,2,9200,92001,1,1,21.0,36,15380,0,2.0,1.0,,5,3,43,1.0,2,44,1,,2,1,2,1,2,57,57,57,1,0,0,1.0,1.0,,40.0,,40.0,,,,,,2.0,3.0,0.0,1,2.0,2.0,2.0,,1475.0,1.0,,2.0,,,14433.5839,3541.7076,3,2,0.0,,0,0,36786,2,,,,,,2.0,3597.6588,7860.0,2310.0,-1,,,,,,,61697.0,2014,649,646,0,0,1,0,0,18.0,8.0,40.0,2014,2.0,1,8,2,9200,92001,1,15380,0,2.0,1.0,,5,3,44,1.0,2,44,1,,1,2,1,2,57,57,57,1,0,0,1.0,1.0,,40.0,,40.0,,,,,,2.0,3.0,0.0,1,2.0,2.0,2.0,,876.0,1.0,,2.0,,,12617.5373,3009.1265,3,2,1.0,,0,42,17298,2,,,,,,,2990.8605,7860.0,2310.0,-1,,,,,,,63280.0,2015,661,646,0,0,1,0,0,,8.0,40.0,2015,MIS4_to_MIS8,new_york,0,2014-2015,1,0,0,0,retention
208905713997426,2,1.0,6,4,2,9200,92001,1,1,21.0,36,15380,0,2.0,1.0,,5,2,57,,1,39,1,,1,0,0,7,2,57,57,57,1,0,0,1.0,1.0,,40.0,,40.0,,,,,,2.0,3.0,0.0,1,2.0,2.0,2.0,,1000.0,2.0,2.0,,,,11864.1591,2917.1507,0,0,0.0,,0,0,31238,1,1.0,,,,,,2968.7562,7070.0,410.0,-1,,,,,,,61709.0,2014,649,646,0,0,0,0,0,12.0,1.0,34.0,2014,1.0,6,8,2,9200,92001,1,15380,0,2.0,1.0,,5,2,58,,1,39,1,,0,0,7,2,57,57,57,1,0,0,1.0,1.0,,40.0,,40.0,,,,,,2.0,3.0,0.0,1,2.0,2.0,2.0,,1000.0,2.0,1.0,,,,13319.9748,3372.2953,0,0,0.0,,0,0,13663,1,1.0,,,,,,3385.1281,7070.0,7340.0,-1,,,,,,,63291.0,2015,661,646,0,0,0,0,0,12.0,20.0,34.0,2015,MIS4_to_MIS8,new_york,0,2014-2015,1,0,0,0,retention
263177098909690,2,2.0,7,4,2,9200,92001,1,1,21.0,36,45060,0,2.0,1.0,,4,2,45,,2,44,1,,1,0,0,7,2,57,57,57,1,0,0,2.0,1.0,,-4.0,,52.0,,,,,,2.0,2.0,0.0,1,2.0,2.0,2.0,,1250.0,1.0,,2.0,,,12629.7245,3079.8494,0,0,0.0,,0,0,57909,1,,,,,,1.0,3131.1242,7860.0,2330.0,-1,,,,,,,61725.0,2014,649,646,0,0,0,0,0,17.0,8.0,40.0,2014,1.0,7,8,2,9200,92001,1,45060,0,2.0,1.0,,4,2,46,,2,44,1,,0,0,7,2,57,57,57,1,0,0,1.0,1.0,,60.0,,60.0,,,,,,2.0,2.0,0.0,1,2.0,2.0,2.0,,2884.61,1.0,,2.0,,,12951.1926,3201.2969,0,0,1.0,,0,42,26458,1,,,,,,,3216.2908,7860.0,2310.0,-1,,,,,,,63309.0,2015,661,646,0,0,0,0,0,,8.0,40.0,2015,MIS4_to_MIS8,new_york,0,2014-2015,1,0,0,0,retention
263177098909690,2,2.0,7,4,2,9200,92001,1,1,21.0,36,45060,0,2.0,1.0,,4,16,50,,2,44,1,,2,0,0,7,2,57,57,57,1,0,0,1.0,1.0,,-4.0,,48.0,,,,,,2.0,2.0,0.0,1,2.0,2.0,2.0,,1700.0,1.0,,2.0,,,12291.9998,3004.4041,0,0,0.0,,0,0,57909,2,,,,,,1.0,3047.3965,7860.0,2320.0,-1,,,,,,,61726.0,2014,649,646,0,0,0,0,0,17.0,8.0,40.0,2014,1.0,7,8,2,9200,92001,1,45060,0,2.0,1.0,,4,16,51,,2,44,1,,0,0,7,2,57,57,57,1,0,0,2.0,1.0,,50.0,,50.0,,,,,,2.0,2.0,0.0,1,2.0,2.0,2.0,,2884.61,1.0,,2.0,,,12137.4132,3027.5451,0,0,1.0,,0,42,26458,2,,,,,,,3014.1974,7860.0,2320.0,-1,,,,,,,63310.0,2015,661,646,0,0,0,0,0,,8.0,40.0,2015,MIS4_to_MIS8,new_york,0,2014-2015,1,0,0,0,retention
391918906090639,2,1.0,1,4,2,9200,92001,1,1,21.0,36,10580,0,2.0,1.0,,4,3,43,1.0,2,43,1,,2,1,2,1,2,57,57,57,1,0,0,2.0,1.0,,20.0,,20.0,,,17.0,,,7.0,3.0,0.0,1,2.0,1.0,1.0,1200.0,288.46,2.0,2.0,2.0,,,14433.5839,3541.7076,3,1,0.0,1.0,0,0,13340,2,,,,2.0,,,3597.6588,8570.0,5860.0,-1,,,,,,,61763.0,2014,649,646,0,0,1,0,0,16.0,17.0,44.0,2014,1.0,1,8,2,9200,92001,1,10580,0,2.0,1.0,,4,3,44,1.0,2,43,1,,1,2,1,2,57,57,57,1,0,0,2.0,1.0,,40.0,,40.0,,,,,,2.0,4.0,0.0,1,2.0,2.0,2.0,,673.07,2.0,2.0,2.0,,,12698.8662,3028.5224,3,1,0.0,,0,0,13764,2,,,,,,,3010.1387,8590.0,4300.0,-1,,,,,,,63402.0,2015,661,646,0,0,1,0,0,,15.0,44.0,2015,MIS4_to_MIS8,new_york,0,2014-2015,0,1,0,1,retention
508903563996486,2,1.0,1,4,2,9200,92001,1,1,21.0,36,35620,0,2.0,1.0,,7,1,51,2.0,1,40,2,,1,1,1,1,2,109,57,57,3,0,3,1.0,1.0,,40.0,,80.0,,,,,,2.0,3.0,0.0,1,2.0,2.0,2.0,,1057.69,1.0,,2.0,,,19691.3731,4614.4616,4,1,0.0,,0,0,54040,1,,,5.0,,,,4716.5101,8590.0,7630.0,2720,,,,,,,61814.0,2014,649,646,0,0,0,1,0,16.0,20.0,44.0,2014,1.0,1,8,2,9200,92001,1,35620,0,2.0,1.0,,7,1,52,2.0,1,40,2,,1,1,1,2,109,57,57,3,0,3,1.0,1.0,,40.0,,40.0,,,,,,2.0,3.0,0.0,1,2.0,1.0,1.0,1500.0,600.0,1.0,,2.0,,,15825.5682,3543.815,4,1,0.0,0.0,0,0,52854,1,,,5.0,,,,3579.9917,8590.0,2720.0,-1,,,,,,,63435.0,2015,661,646,0,0,0,1,0,16.0,9.0,44.0,2015,MIS4_to_MIS8,new_york,0,2014-2015,1,0,0,0,retention
508903563996486,2,1.0,1,4,2,9200,92001,1,1,21.0,36,35620,0,2.0,1.0,,7,4,22,,2,43,6,,3,1,3,7,2,57,57,109,1,0,0,2.0,1.0,,15.0,,8.0,,,20.0,,,7.0,3.0,0.0,1,2.0,,1.0,800.0,120.0,2.0,2.0,2.0,,,30135.7042,7155.6396,0,0,0.0,0.0,0,0,54040,3,,,,2.0,,,7115.5277,6770.0,5400.0,-1,,,,,2.0,1.0,61818.0,2014,649,646,0,0,0,0,0,16.0,17.0,31.0,2014,1.0,1,8,2,9200,92001,1,35620,0,2.0,1.0,,7,4,23,,2,43,6,,1,3,7,2,57,57,109,1,0,0,2.0,1.0,,15.0,,25.0,,,15.0,,,6.0,3.0,0.0,1,2.0,1.0,1.0,1500.0,80.0,2.0,2.0,2.0,,,20566.7866,5170.305,0,0,1.0,1.0,0,0,52854,3,,,,,,,5133.6407,6770.0,5320.0,4720,,,,,2.0,1.0,63439.0,2015,661,646,0,0,0,0,0,,17.0,31.0,2015,MIS4_to_MIS8,new_york,0,2014-2015,1,0,0,0,retention
596849080999303,2,1.0,1,4,2,9200,92001,1,1,21.0,36,15380,0,2.0,1.0,,5,3,37,1.0,1,39,1,,2,1,2,1,2,57,57,57,1,0,0,2.0,1.0,,50.0,,50.0,,,,,,2.0,3.0,0.0,1,2.0,,1.0,2200.0,1100.0,2.0,2.0,2.0,,,16047.5275,3982.6747,3,1,0.0,0.0,0,0,38915,2,1.0,,,,,,4055.303,7790.0,9720.0,-1,,,,,,,61847.0,2014,649,646,0,0,1,0,0,12.0,22.0,39.0,2014,1.0,1,8,2,9200,92001,1,15380,0,2.0,1.0,,5,3,38,1.0,1,39,1,,1,2,1,2,57,57,57,1,0,0,2.0,1.0,,40.0,,40.0,,,,,,2.0,3.0,0.0,1,2.0,1.0,1.0,2100.0,961.53,1.0,,2.0,,,14011.3601,3450.4848,4,1,0.0,0.0,0,0,36941,2,1.0,,,,,,3455.9199,7790.0,9130.0,-1,,,,,,,63469.0,2015,661,646,0,0,0,1,0,12.0,22.0,39.0,2015,MIS4_to_MIS8,new_york,0,2014-2015,1,0,0,0,retention
608902233790566,2,1.0,1,4,2,9200,92001,1,1,21.0,36,40380,55,2.0,1.0,,5,1,57,2.0,2,44,1,,1,1,1,1,2,57,57,57,1,0,0,1.0,1.0,,20.0,,20.0,,,15.0,,,6.0,3.0,0.0,1,2.0,2.0,2.0,,481.39,1.0,,,,,14417.8875,3278.0969,4,1,0.0,,0,0,31151,1,,,,,,2.0,3331.9308,7860.0,2320.0,-1,,,,,,,61851.0,2014,649,646,0,0,0,1,0,18.0,8.0,40.0,2014,1.0,1,8,2,9200,92001,1,40380,55,2.0,1.0,,5,1,58,2.0,2,44,1,,1,1,1,2,57,57,57,1,0,0,1.0,1.0,,12.0,,12.0,,,14.0,,,6.0,3.0,0.0,1,2.0,2.0,2.0,,524.5,1.0,,,,,13399.8566,3277.202,4,1,0.0,,0,0,26341,1,,,,,,,3277.7801,7860.0,2320.0,-1,,,,,,,63473.0,2015,661,646,0,0,0,1,0,,8.0,40.0,2015,MIS4_to_MIS8,new_york,0,2014-2015,1,0,0,0,retention
608902233790566,2,1.0,1,4,2,9200,92001,1,1,21.0,36,40380,55,2.0,1.0,,5,4,16,,2,36,1,,3,1,3,7,2,57,57,57,1,0,0,2.0,1.0,,4.0,,4.0,,,20.0,,,7.0,3.0,0.0,1,2.0,1.0,1.0,725.0,30.0,2.0,2.0,1.0,1.0,1.0,14542.7096,4190.2333,0,0,0.0,1.0,0,0,31151,3,,,,,,,4154.515,7860.0,2830.0,-1,,,,,1.0,1.0,61853.0,2014,649,646,0,0,0,0,0,10.0,9.0,40.0,2014,1.0,1,8,2,9200,92001,1,40380,55,2.0,1.0,,5,4,17,,2,37,1,,1,3,7,2,57,57,57,1,0,0,2.0,1.0,,6.0,,4.0,,,20.0,,,7.0,3.0,0.0,1,2.0,,1.0,750.0,30.0,2.0,2.0,1.0,1.0,1.0,14653.3257,3589.4329,0,0,0.0,0.0,0,0,26341,3,,,,,,,3624.4483,7860.0,2920.0,-1,,,,,1.0,1.0,63475.0,2015,661,646,0,0,0,0,0,11.0,9.0,40.0,2015,MIS4_to_MIS8,new_york,0,2014-2015,1,0,0,0,retention
830609983979273,2,1.0,1,4,2,9200,92001,1,1,21.0,36,35620,103,2.0,1.0,,7,1,52,2.0,2,44,1,,1,1,1,1,2,57,57,57,1,0,0,1.0,1.0,,35.0,10.0,26.0,,,10.0,,,4.0,3.0,0.0,1,2.0,2.0,2.0,,2365.38,1.0,,2.0,,,12818.1072,3132.995,0,0,0.0,,0,0,5149,1,,,,,,2.0,3177.8275,7860.0,3230.0,-1,,,,,,,62019.0,2014,649,646,0,0,0,0,0,18.0,10.0,40.0,2014,1.0,1,8,2,9200,92001,1,35620,103,2.0,1.0,,7,1,53,2.0,2,44,1,,1,1,1,2,57,57,57,1,0,0,1.0,1.0,,35.0,,35.0,,,,,,2.0,3.0,0.0,1,2.0,2.0,2.0,,2884.61,1.0,,2.0,,,12593.2566,3141.2502,0,0,0.0,,0,0,17310,1,,,,,,,3127.4012,8080.0,3230.0,-1,,,,,,,63628.0,2015,661,646,0,0,0,0,0,,10.0,42.0,2015,MIS4_to_MIS8,new_york,0,2014-2015,1,0,0,0,retention
883397939600729,2,1.0,1,4,2,9200,92001,1,1,21.0,36,35620,103,2.0,1.0,,7,1,50,2.0,2,46,1,,1,1,1,1,2,57,57,57,1,0,0,1.0,1.0,,40.0,6.0,32.0,,,6.0,,,4.0,2.0,0.0,1,2.0,2.0,2.0,,2134.61,1.0,,2.0,,,12818.1072,3132.995,4,2,0.0,,0,0,13391,1,,,,,,,3177.8275,9470.0,2100.0,-1,,,,,,,62048.0,2014,649,646,0,0,0,1,0,18.0,7.0,51.0,2014,2.0,1,8,2,9200,92001,1,35620,103,2.0,1.0,,7,1,51,2.0,2,46,1,,1,1,1,2,57,57,57,1,0,0,1.0,1.0,,40.0,,40.0,,,,,,2.0,2.0,0.0,1,2.0,2.0,2.0,,2211.53,1.0,,2.0,,,12593.2566,3141.2502,4,2,0.0,,0,0,71983,1,,,,,,,3127.4012,9470.0,2100.0,-1,,,,,,,63643.0,2015,661,646,0,0,0,1,0,18.0,7.0,51.0,2015,MIS4_to_MIS8,new_york,0,2014-2015,1,0,0,0,retention
44046155380180,2,1.0,1,4,2,9200,92001,1,1,21.0,36,0,0,3.0,2.0,,0,3,48,1.0,1,39,1,,2,1,2,1,2,57,57,57,1,0,0,2.0,1.0,,40.0,,40.0,,,,,,2.0,3.0,0.0,1,2.0,,1.0,1892.0,756.8,2.0,2.0,2.0,,,11669.1024,2888.7118,3,1,1.0,1.0,0,42,63266,2,1.0,,,,,,2938.749,9470.0,5520.0,-1,,,,,,,62161.0,2014,649,646,0,0,1,0,0,12.0,17.0,51.0,2014,1.0,1,8,2,9200,92001,1,0,0,3.0,2.0,,0,3,49,1.0,1,39,1,,1,2,1,2,57,57,57,1,0,0,2.0,1.0,,40.0,,44.0,,,,,,2.0,3.0,0.0,1,2.0,2.0,2.0,,560.0,1.0,,2.0,,,15530.5885,3824.5389,3,1,1.0,,0,42,52733,2,1.0,,,,,,3833.3654,9470.0,5520.0,-1,,,,,,,63718.0,2015,661,646,0,0,1,0,0,12.0,17.0,51.0,2015,MIS4_to_MIS8,new_york,0,2014-2015,1,0,0,0,retention
390988601039609,2,1.0,1,4,2,9200,92001,1,1,21.0,36,0,0,3.0,2.0,,0,3,58,1.0,2,44,1,,2,1,2,1,2,57,57,57,1,0,0,2.0,1.0,,45.0,,45.0,,,,,,2.0,3.0,0.0,1,2.0,2.0,2.0,,1125.0,1.0,,,,,14653.2093,3331.6004,0,0,0.0,,0,0,1765,2,,,,,,3.0,3386.3129,7860.0,2310.0,-1,,,,,,,62190.0,2014,649,646,0,0,0,0,0,18.0,8.0,40.0,2014,2.0,1,8,2,9200,92001,1,0,0,3.0,2.0,,0,3,59,1.0,2,44,1,,1,2,1,2,57,57,57,1,0,0,1.0,1.0,,50.0,,50.0,,,,,,2.0,3.0,0.0,1,2.0,2.0,2.0,,1019.23,1.0,,,,,3828.0643,936.2294,0,0,0.0,,0,0,13858,2,,,,,,,936.3946,7860.0,2320.0,-1,,,,,,,63758.0,2015,661,646,0,0,0,0,0,,8.0,40.0,2015,MIS4_to_MIS8,new_york,0,2014-2015,1,0,0,0,retention
190860096638269,2,1.0,4,4,2,9200,92001,1,1,21.0,36,13780,0,,1.0,,3,7,21,,1,39,1,,4,1,4,7,2,57,57,57,1,0,0,2.0,1.0,,25.0,,25.0,,,20.0,,,7.0,3.0,0.0,1,2.0,1.0,1.0,800.0,200.0,2.0,2.0,1.0,1.0,2.0,20321.2729,5054.1351,0,0,0.0,0.0,0,0,46655,4,1.0,,,,,,5120.3414,7860.0,4030.0,-1,,,,,3.0,1.0,62301.0,2014,649,646,0,0,0,0,0,12.0,13.0,40.0,2014,3.0,4,8,2,9200,92001,1,13780,0,,1.0,,3,7,22,,1,40,1,,1,4,7,2,57,57,57,1,0,0,2.0,1.0,,30.0,,30.0,,,22.0,,,7.0,3.0,0.0,1,2.0,,1.0,800.0,240.0,2.0,2.0,1.0,1.0,2.0,24692.4733,5909.1774,0,0,1.0,1.0,0,42,62852,4,,,3.0,,,,5946.1064,7860.0,4120.0,-1,,,,,3.0,1.0,63841.0,2015,661,646,0,0,0,0,0,14.0,13.0,40.0,2015,MIS4_to_MIS8,new_york,0,2014-2015,1,0,0,0,retention
397988304098639,2,2.0,1,4,2,9200,92001,1,1,21.0,36,13780,0,,1.0,,3,3,48,1.0,2,43,1,,2,1,2,1,2,57,57,57,1,0,0,1.0,1.0,,35.0,,35.0,,,,,,2.0,3.0,0.0,1,2.0,1.0,1.0,985.0,344.5,1.0,,2.0,,,12138.0862,2959.9598,0,0,0.0,0.0,0,0,46656,2,,,,1.0,1.0,,3009.2387,7860.0,2310.0,-1,,,,,,,62328.0,2014,649,646,0,0,0,0,0,18.0,8.0,40.0,2014,2.0,1,8,2,9200,92001,1,13780,0,,1.0,,3,3,50,1.0,2,44,1,,1,2,1,2,57,57,57,1,0,0,1.0,1.0,,40.0,,40.0,,,,,,2.0,2.0,0.0,1,2.0,2.0,2.0,,1650.0,1.0,,2.0,,,16182.3353,4036.5066,0,0,0.0,,0,0,13382,2,,,,,,,4018.7107,7870.0,2200.0,-1,,,,,,,63868.0,2015,661,646,0,0,0,0,0,,8.0,40.0,2015,MIS4_to_MIS8,new_york,0,2014-2015,1,0,0,0,retention
830609961480292,2,1.0,4,4,2,9200,92001,1,1,21.0,36,46540,0,,1.0,,3,1,44,,2,40,1,2.0,1,1,1,7,2,57,57,57,1,0,0,1.0,1.0,,38.0,5.0,30.0,,,5.0,,,4.0,2.0,0.0,1,2.0,2.0,2.0,,589.44,1.0,,1.0,2.0,2.0,12069.0924,2996.9484,3,2,0.0,,0,0,60472,1,,,3.0,,,,3008.2948,9470.0,5820.0,-1,,,,,,,62365.0,2014,649,646,0,0,1,0,0,14.0,17.0,51.0,2014,1.0,4,8,2,9200,92001,1,46540,0,,1.0,,3,1,44,,2,40,1,2.0,1,1,7,2,57,57,57,1,0,0,1.0,1.0,,38.0,,38.0,,,,,,2.0,2.0,0.0,1,2.0,2.0,2.0,,617.94,1.0,,2.0,,,14975.493,3512.6753,10,2,0.0,,0,0,45239,1,,,3.0,,,,3549.7902,9470.0,5820.0,-1,,,,,,,63932.0,2015,661,646,0,0,1,1,0,14.0,17.0,51.0,2015,MIS4_to_MIS8,new_york,0,2014-2015,1,0,0,0,retention
55774820987093,2,2.0,1,4,2,9200,92001,1,1,23.0,42,38300,129,2.0,1.0,,5,1,53,2.0,1,39,1,,1,1,1,1,2,57,57,57,1,0,0,2.0,1.0,,40.0,,40.0,,,,,,2.0,3.0,0.0,1,2.0,1.0,1.0,2163.0,807.69,1.0,,2.0,,,12677.1895,3208.9783,0,0,0.0,0.0,0,0,39727,1,1.0,,,,,,3192.6259,7860.0,4220.0,-1,,,,,,,65834.0,2014,649,646,0,0,0,0,0,12.0,14.0,40.0,2014,2.0,1,8,2,9200,92001,1,38300,129,2.0,1.0,,5,1,54,2.0,1,39,1,,1,1,1,2,57,57,57,1,0,0,2.0,1.0,,40.0,,40.0,,,,,,2.0,3.0,0.0,1,2.0,1.0,1.0,2100.0,821.71,1.0,,2.0,,,12374.195,3036.2002,0,0,0.0,0.0,0,0,63351,1,1.0,,,,,,3054.2829,7860.0,4220.0,-1,,,,,,,67563.0,2015,661,646,0,0,0,0,0,12.0,14.0,40.0,2015,MIS4_to_MIS8,pennsylvania,0,2014-2015,1,0,0,0,retention
88514820956995,2,1.0,1,4,2,9200,92001,1,1,23.0,42,38300,3,2.0,1.0,,5,3,49,1.0,2,43,1,,2,1,2,1,2,57,57,57,1,0,0,2.0,1.0,,40.0,,40.0,,,,,,2.0,3.0,0.0,1,2.0,2.0,2.0,,700.0,1.0,,2.0,,,12719.2685,3148.771,10,2,0.0,,0,0,39587,2,,,,2.0,,,3153.3237,8370.0,3030.0,-1,,,,,,,65852.0,2014,649,646,0,0,1,1,0,16.0,10.0,43.0,2014,2.0,1,8,2,9200,92001,1,38300,3,2.0,1.0,,5,3,50,1.0,2,43,1,,1,2,1,2,57,57,57,1,0,0,1.0,1.0,,35.0,,35.0,,,,,,2.0,3.0,0.0,1,2.0,1.0,1.0,1850.0,721.15,1.0,,2.0,,,12891.364,3206.3516,10,2,0.0,0.0,0,0,45653,2,,,,,,,3201.433,8370.0,3030.0,-1,,,,,,,67594.0,2015,661,646,0,0,1,1,0,,10.0,43.0,2015,MIS4_to_MIS8,pennsylvania,0,2014-2015,1,0,0,0,retention
724099068902692,2,1.0,1,4,2,9200,92001,1,1,23.0,42,38300,3,2.0,1.0,,5,1,59,2.0,1,43,1,,1,1,1,1,2,57,57,57,1,0,0,1.0,1.0,,55.0,,55.0,,,,,,2.0,3.0,0.0,1,2.0,2.0,2.0,,1692.3,2.0,2.0,,,,13110.6136,3272.5649,0,0,0.0,,0,0,2168,1,,,,1.0,1.0,,3280.6552,9470.0,3710.0,-1,,,,,,,66166.0,2014,649,646,0,0,0,0,0,18.0,12.0,51.0,2014,2.0,1,8,2,9200,92001,1,38300,3,2.0,1.0,,5,1,60,2.0,1,43,1,,1,1,1,2,57,57,57,1,0,0,2.0,1.0,,60.0,,60.0,,,,,,2.0,3.0,0.0,1,2.0,2.0,2.0,,1730.76,2.0,2.0,,,,13587.1002,3503.1335,0,0,0.0,,0,0,27056,1,,,,,,,3511.2923,9470.0,3710.0,-1,,,,,,,67880.0,2015,661,646,0,0,0,0,0,,12.0,51.0,2015,MIS4_to_MIS8,pennsylvania,0,2014-2015,1,0,0,0,retention
840209991316970,2,1.0,1,4,2,9200,92001,1,1,23.0,42,37980,91,2.0,1.0,,7,3,61,1.0,2,39,2,,2,1,2,1,2,57,57,57,1,0,0,2.0,1.0,,34.0,,26.0,,,15.0,,,7.0,2.0,0.0,1,1.0,1.0,1.0,900.0,250.0,2.0,2.0,,,,14555.7284,3466.4708,0,0,1.0,1.0,0,0,2337,2,1.0,,,,,,3411.0877,8290.0,4610.0,-1,,,,,,,66213.0,2014,649,646,0,0,0,0,0,12.0,15.0,42.0,2014,2.0,1,8,2,9200,92001,1,37980,91,2.0,1.0,,7,3,62,1.0,2,40,2,,1,2,1,2,57,57,57,1,0,0,1.0,1.0,,36.0,,36.0,,,,,,2.0,4.0,0.0,1,2.0,1.0,1.0,1404.0,1192.3,2.0,2.0,,,,9848.6878,2879.7275,0,0,0.0,0.0,0,0,27243,2,,,1.0,,,,2857.2869,8290.0,4640.0,-1,,,,,,,67920.0,2015,661,646,0,0,0,0,0,12.0,15.0,42.0,2015,MIS4_to_MIS8,pennsylvania,0,2014-2015,0,1,0,1,retention
189460059200944,2,1.0,7,4,2,9200,92001,1,1,23.0,42,0,89,3.0,2.0,,0,2,51,,2,44,1,,1,0,0,7,2,57,57,57,1,0,0,1.0,1.0,,40.0,10.0,34.0,,,10.0,,,4.0,2.0,0.0,1,2.0,2.0,2.0,,2243.84,1.0,,2.0,,,12179.6853,3022.1445,0,0,0.0,,0,0,39679,1,,,,,,3.0,3019.5518,7860.0,230.0,-1,,,,,,,66319.0,2014,649,646,0,0,0,0,0,18.0,1.0,40.0,2014,1.0,7,8,2,9200,92001,1,0,89,3.0,2.0,,0,2,52,,2,44,1,,0,0,7,2,57,57,57,1,0,0,1.0,1.0,,40.0,,47.0,,,,,,2.0,2.0,0.0,1,2.0,2.0,2.0,,2192.3,1.0,,2.0,,,14232.9349,3540.0283,0,0,0.0,,0,0,66869,1,,,,,,,3534.5979,7860.0,230.0,-1,,,,,,,67991.0,2015,661,646,0,0,0,0,0,,1.0,40.0,2015,MIS4_to_MIS8,pennsylvania,0,2014-2015,1,0,0,0,retention
189460059200944,2,1.0,7,4,2,9200,92001,1,1,23.0,42,0,89,3.0,2.0,,0,14,45,,2,44,1,,2,0,0,7,2,57,57,57,1,0,0,2.0,1.0,,40.0,,40.0,,,,,,2.0,2.0,0.0,1,2.0,2.0,2.0,,1698.73,1.0,,2.0,,,12514.3242,3098.0352,0,0,0.0,,0,0,39679,2,,,,,,3.0,3102.5145,7860.0,230.0,-1,,,,,,,66320.0,2014,649,646,0,0,0,0,0,18.0,1.0,40.0,2014,1.0,7,8,2,9200,92001,1,0,89,3.0,2.0,,0,14,46,,2,44,1,,0,0,7,2,57,57,57,1,0,0,2.0,1.0,,40.0,,43.0,,,,,,2.0,2.0,0.0,1,2.0,2.0,2.0,,1711.53,1.0,,2.0,,,15187.2131,3743.1917,0,0,0.0,,0,0,66869,2,,,,,,,3771.5827,7860.0,230.0,-1,,,,,,,67992.0,2015,661,646,0,0,0,0,0,,1.0,40.0,2015,MIS4_to_MIS8,pennsylvania,0,2014-2015,1,0,0,0,retention
224678038909995,2,1.0,7,4,2,9200,92001,1,1,23.0,42,49620,133,,1.0,,3,2,55,,2,43,1,,1,0,0,5,2,57,57,57,1,0,0,1.0,1.0,,38.0,,36.0,,,,,,2.0,3.0,0.0,1,2.0,2.0,2.0,,1384.61,1.0,,,,,14137.7872,3263.2094,0,0,0.0,,0,0,60748,1,,,,1.0,1.0,,3267.2004,7860.0,2330.0,-1,,,,,,,66580.0,2014,649,646,0,0,0,0,0,18.0,8.0,40.0,2014,1.0,7,8,2,9200,92001,1,49620,133,,1.0,,3,2,56,,2,43,1,,0,0,5,2,57,57,57,1,0,0,1.0,1.0,,38.0,11.0,30.0,,,11.0,,,4.0,3.0,0.0,1,2.0,2.0,2.0,,1423.07,1.0,,,,,14323.9644,3493.1247,0,0,0.0,,0,0,57639,1,,,,,,,3503.8289,7870.0,2200.0,-1,,,,,,,68195.0,2015,661,646,0,0,0,0,0,,8.0,40.0,2015,MIS4_to_MIS8,pennsylvania,0,2014-2015,1,0,0,0,retention
495968302089279,2,1.0,1,4,2,9200,92001,1,1,23.0,42,49620,133,,1.0,,3,3,31,1.0,2,44,1,,2,1,2,1,2,57,57,57,1,0,0,2.0,1.0,,40.0,10.0,32.0,,,10.0,,,4.0,3.0,0.0,1,2.0,2.0,2.0,,923.07,1.0,,1.0,2.0,2.0,9967.2708,2570.0635,0,0,0.0,,0,0,18750,2,,,,,,1.0,2582.5029,7860.0,3230.0,-1,,,,,,,66642.0,2014,649,646,0,0,0,0,0,17.0,10.0,40.0,2014,2.0,1,8,2,9200,92001,1,49620,133,,1.0,,3,3,32,1.0,2,44,1,,1,2,1,2,57,57,57,1,0,0,3.0,1.0,,40.0,,35.0,,,,,,2.0,3.0,0.0,1,2.0,2.0,2.0,,980.76,1.0,,2.0,,,14712.1048,3731.9813,0,0,0.0,,0,0,29546,2,,,,,,,3766.1986,7860.0,3230.0,-1,,,,,,,68274.0,2015,661,646,0,0,0,0,0,,10.0,40.0,2015,MIS4_to_MIS8,pennsylvania,0,2014-2015,1,0,0,0,retention
960123003548060,2,1.0,1,4,2,9200,92001,1,1,23.0,42,39740,11,,1.0,,3,3,48,1.0,2,40,1,,2,1,2,1,2,57,57,57,1,0,0,2.0,1.0,,16.0,,10.0,,,18.0,,,7.0,3.0,0.0,1,2.0,1.0,1.0,900.0,305.55,2.0,2.0,2.0,,,12384.3634,3065.8622,4,1,0.0,1.0,0,0,58322,2,,,3.0,,,,3070.295,7860.0,2540.0,-1,,,,,,,66710.0,2014,649,646,0,0,0,1,0,14.0,8.0,40.0,2014,3.0,1,8,2,9200,92001,1,39740,11,,1.0,,3,3,49,1.0,2,40,1,,1,2,1,2,57,57,57,1,0,0,2.0,1.0,,25.0,,25.0,,,18.0,,,7.0,3.0,0.0,1,2.0,,1.0,3800.0,950.0,2.0,2.0,2.0,,,13755.6937,3390.3652,4,1,1.0,1.0,0,0,63232,2,,,3.0,,,,3416.0801,7680.0,2540.0,-1,,,,,,,68337.0,2015,661,646,0,0,0,1,0,14.0,8.0,38.0,2015,MIS4_to_MIS8,pennsylvania,0,2014-2015,1,0,0,0,retention
31691170970980,3,1.0,3,4,2,9300,93001,1,1,33.0,17,16980,0,1.0,1.0,1.0,7,1,46,,1,39,2,,1,1,1,5,2,57,57,57,1,0,0,1.0,1.0,,40.0,,40.0,,,,,,2.0,3.0,0.0,1,2.0,2.0,2.0,,400.0,2.0,2.0,2.0,,,11562.3267,2981.9128,4,1,1.0,,43,42,75037,1,1.0,,,,,,2941.7041,9470.0,3850.0,-1,,,,,,,86499.0,2014,650,647,0,0,0,1,0,12.0,12.0,51.0,2014,1.0,3,8,2,9300,93001,1,16980,0,1.0,1.0,1.0,7,1,47,,1,39,2,,1,1,5,2,57,57,57,1,0,0,1.0,1.0,,40.0,,40.0,,,,,,2.0,3.0,0.0,1,2.0,,1.0,1000.0,400.0,2.0,2.0,2.0,,,13673.5197,3747.3533,4,1,1.0,1.0,43,42,38343,1,1.0,,,,,,3669.329,9470.0,3850.0,-1,,,,,,,88115.0,2015,662,647,0,0,0,1,0,12.0,12.0,51.0,2015,MIS4_to_MIS8,illinois,1,2014-2015,1,0,0,0,retention
92311170928383,3,1.0,1,4,2,9300,93001,1,1,33.0,17,16980,0,1.0,1.0,,7,1,46,2.0,1,44,1,,1,1,1,1,2,57,57,57,1,0,0,1.0,1.0,,40.0,,40.0,,,,,,2.0,3.0,0.0,1,2.0,2.0,2.0,,800.0,1.0,,2.0,,,11239.6723,2717.5457,2,1,0.0,,0,0,18323,1,,,,,,3.0,2718.4182,7870.0,2200.0,-1,,,,,,,86533.0,2014,650,647,0,1,0,0,1,18.0,8.0,40.0,2014,1.0,1,8,2,9300,93001,1,16980,0,1.0,1.0,,7,1,48,2.0,1,44,1,,1,1,1,2,57,57,57,1,0,0,1.0,1.0,,35.0,,35.0,,,,,,2.0,4.0,0.0,1,2.0,2.0,2.0,,769.23,1.0,,2.0,,,11622.2234,2867.2431,3,1,0.0,,0,0,5980,1,,,,,,,2828.9824,7870.0,2200.0,-1,,,,,,,88140.0,2015,662,647,0,0,1,0,0,,8.0,40.0,2015,MIS4_to_MIS8,illinois,1,2014-2015,0,1,0,1,retention
110709987835808,3,1.0,6,4,2,9300,93001,1,1,33.0,17,16980,0,1.0,1.0,1.0,7,2,22,,1,43,1,,1,0,0,7,2,57,57,57,1,0,0,1.0,1.0,,40.0,,40.0,,,,,,2.0,2.0,0.0,1,2.0,2.0,2.0,,192.3,2.0,2.0,1.0,1.0,2.0,13564.1541,3441.3624,0,0,0.0,,0,0,48680,1,,,,1.0,1.0,,3434.2595,7860.0,2540.0,-1,,,,,,,86551.0,2014,650,647,0,0,0,0,0,18.0,8.0,40.0,2014,2.0,6,8,2,9300,93001,1,16980,0,1.0,1.0,1.0,7,2,23,,1,43,1,,0,0,7,2,57,57,57,1,0,0,2.0,1.0,,40.0,,40.0,,,,,,2.0,4.0,0.0,1,2.0,2.0,2.0,,646.0,1.0,,2.0,,,16553.2038,4182.1726,0,0,1.0,,0,0,45849,1,,,,,,,4151.3486,7860.0,2310.0,-1,,,,,,,88159.0,2015,662,647,0,0,0,0,0,,8.0,40.0,2015,MIS4_to_MIS8,illinois,1,2014-2015,0,1,0,1,retention
190473096311739,3,1.0,1,4,2,9300,93001,1,1,33.0,17,16980,0,1.0,1.0,1.0,7,1,33,2.0,2,40,1,,1,1,1,1,2,57,57,57,1,0,0,1.0,1.0,,40.0,,40.0,,,,,,2.0,3.0,0.0,1,2.0,2.0,2.0,,600.0,1.0,,2.0,,,11041.9376,2687.3558,1,1,0.0,,0,0,18327,1,,,4.0,,,,2721.678,7860.0,2540.0,-1,,,,,,,86560.0,2014,650,647,1,0,0,0,1,15.0,8.0,40.0,2014,1.0,1,8,2,9300,93001,1,16980,0,1.0,1.0,1.0,7,1,34,2.0,2,40,1,,1,1,1,2,57,57,57,1,0,0,1.0,1.0,,40.0,,40.0,,,,,,2.0,3.0,0.0,1,2.0,2.0,2.0,,600.0,1.0,,2.0,,,15133.466,3699.0669,1,1,0.0,,0,0,17160,1,,,4.0,,,,3707.5126,7860.0,2540.0,-1,,,,,,,88181.0,2015,662,647,1,0,0,0,1,15.0,8.0,40.0,2015,MIS4_to_MIS8,illinois,1,2014-2015,1,0,0,0,retention
197931805088780,3,1.0,7,4,2,9300,93001,1,1,33.0,17,16980,0,1.0,1.0,1.0,7,2,27,,2,43,1,,1,0,0,7,2,57,57,57,1,0,0,,1.0,,40.0,,40.0,,,,,,2.0,3.0,0.0,1,1.0,,1.0,2500.0,1000.0,1.0,,2.0,,,10855.1774,2643.4542,0,0,1.0,1.0,0,41,75041,1,,,,1.0,1.0,,2675.6443,7860.0,2310.0,-1,,,,,,,86577.0,2014,650,647,0,0,0,0,0,18.0,8.0,40.0,2014,1.0,7,8,2,9300,93001,1,16980,0,1.0,1.0,1.0,7,2,28,,2,43,1,,0,0,7,2,57,57,57,1,0,0,1.0,7.0,,,,,,,,,,1.0,,,2,,,,,,,,2.0,,,12511.8527,3180.9638,0,0,,,0,0,5984,1,,,,,,,3138.0016,,,-1,,,,,,,88191.0,2015,662,647,0,0,0,0,0,,,,2015,MIS4_to_MIS8,illinois,1,2014-2015,0,1,0,0,retention
413197438700072,3,2.0,1,4,2,9300,93001,1,1,33.0,17,16980,0,1.0,1.0,,7,3,39,1.0,2,46,1,,2,1,2,1,2,57,57,57,1,0,0,1.0,1.0,,50.0,,50.0,,,,,,2.0,3.0,0.0,1,2.0,2.0,2.0,,769.23,1.0,,2.0,,,9616.3484,2387.0122,5,2,0.0,,0,0,40784,2,,,,,,,2373.5373,7860.0,2320.0,-1,,,,,,,86644.0,2014,650,647,1,1,0,0,1,18.0,8.0,40.0,2014,1.0,1,8,2,9300,93001,1,16980,0,1.0,1.0,,7,3,41,1.0,2,46,1,,1,2,1,2,57,57,57,1,0,0,2.0,1.0,,40.0,,40.0,,,,,,2.0,3.0,0.0,1,2.0,2.0,2.0,,800.0,1.0,,2.0,,,12306.9984,3154.0637,2,2,1.0,,0,0,38337,2,,,,,,,3112.9863,7860.0,2310.0,-1,,,,,,,88238.0,2015,662,647,0,1,0,0,1,18.0,8.0,40.0,2015,MIS4_to_MIS8,illinois,1,2014-2015,1,0,0,0,retention
818193579700088,3,1.0,1,4,2,9300,93001,1,1,33.0,17,16980,0,1.0,1.0,1.0,7,3,58,1.0,2,44,1,,2,1,2,1,2,57,57,57,1,0,0,2.0,6.0,,,,,,,,,,1.0,3.0,0.0,2,,,,,,,,,,,12937.9156,3237.824,0,0,,,0,0,15330,2,,,,,,2.0,3295.8577,7860.0,2320.0,-1,,,,,,,86745.0,2014,650,647,0,0,0,0,0,18.0,8.0,40.0,2014,1.0,1,8,2,9300,93001,1,16980,0,1.0,1.0,1.0,7,3,58,1.0,2,44,1,,1,2,1,2,57,57,57,1,0,0,2.0,1.0,,40.0,,40.0,,,,,,2.0,3.0,0.0,1,2.0,2.0,2.0,,1000.0,1.0,,,,,11887.1528,3046.7432,0,0,1.0,,0,0,55237,2,,,,,,,3023.1492,7860.0,2320.0,-1,,,,,,,88319.0,2015,662,647,0,0,0,0,0,,8.0,40.0,2015,MIS4_to_MIS8,illinois,1,2014-2015,1,0,0,0,retention
935037744119350,3,1.0,1,4,2,9300,93001,1,1,33.0,17,16980,0,1.0,1.0,1.0,7,1,44,2.0,1,43,1,,1,1,1,1,2,57,57,57,1,0,0,1.0,1.0,,40.0,,40.0,,,,,,2.0,2.0,0.0,1,2.0,2.0,2.0,,1550.0,2.0,2.0,2.0,,,12230.4717,3116.8801,0,0,0.0,,0,0,40797,1,,,,2.0,,,3118.7907,9370.0,2825.0,-1,,,,,,,86762.0,2014,650,647,0,0,0,0,0,16.0,9.0,51.0,2014,2.0,1,8,2,9300,93001,1,16980,0,1.0,1.0,1.0,7,1,45,2.0,1,43,1,,1,1,1,2,57,57,57,1,0,0,2.0,1.0,,40.0,,40.0,,,,,,2.0,3.0,0.0,1,2.0,2.0,2.0,,1923.07,1.0,,2.0,,,11622.2234,2867.2431,0,0,0.0,,0,0,66255,1,,,,,,,2828.9824,9370.0,2825.0,-1,,,,,,,88334.0,2015,662,647,0,0,0,0,0,,9.0,51.0,2015,MIS4_to_MIS8,illinois,1,2014-2015,1,0,0,0,retention
197981600052748,3,1.0,1,4,2,9300,93001,1,1,33.0,17,16980,0,2.0,1.0,,7,1,59,2.0,1,45,1,,1,1,1,1,2,57,57,57,1,0,0,1.0,1.0,,40.0,4.0,32.0,,,4.0,,,4.0,2.0,0.0,1,2.0,2.0,2.0,,2042.0,2.0,2.0,,,,10958.5196,2791.8845,0,0,0.0,,0,0,40915,1,,,,,,,2783.9299,9470.0,2100.0,-1,,,,,,,86973.0,2014,650,647,0,0,0,0,0,18.0,7.0,51.0,2014,2.0,1,8,2,9300,93001,1,16980,0,2.0,1.0,,7,1,60,2.0,1,45,1,,1,1,1,2,57,57,57,1,0,0,2.0,1.0,,40.0,,40.0,,,,,,2.0,2.0,0.0,1,2.0,2.0,2.0,,1923.07,2.0,2.0,,,,11630.4833,2717.1401,0,0,0.0,,0,0,28703,1,,,,,,,2691.0872,9470.0,2100.0,-1,,,,,,,88516.0,2015,662,647,0,0,0,0,0,18.0,7.0,51.0,2015,MIS4_to_MIS8,illinois,1,2014-2015,1,0,0,0,retention
197981600052748,3,1.0,1,4,2,9300,93001,1,1,33.0,17,16980,0,2.0,1.0,,7,3,53,1.0,2,45,1,,2,1,2,1,2,57,57,57,1,0,0,2.0,1.0,,40.0,4.0,32.0,,,4.0,,,4.0,2.0,0.0,1,2.0,2.0,2.0,,2075.0,2.0,2.0,2.0,,,12742.4753,3128.4891,0,0,0.0,,0,0,40915,2,,,,,,,3100.7679,9470.0,2100.0,-1,,,,,,,86974.0,2014,650,647,0,0,0,0,0,18.0,7.0,51.0,2014,2.0,1,8,2,9300,93001,1,16980,0,2.0,1.0,,7,3,54,1.0,2,45,1,,1,2,1,2,57,57,57,1,0,0,1.0,1.0,,40.0,4.0,32.0,,,4.0,,,4.0,2.0,0.0,1,2.0,2.0,2.0,,1923.07,2.0,2.0,2.0,,,11750.9136,2962.0732,0,0,0.0,,0,0,28703,2,,,,,,,2945.6337,9470.0,2100.0,-1,,,,,,,88517.0,2015,662,647,0,0,0,0,0,18.0,7.0,51.0,2015,MIS4_to_MIS8,illinois,1,2014-2015,1,0,0,0,retention
201908901894007,3,2.0,1,4,2,9300,93001,1,1,33.0,17,41180,119,2.0,1.0,,6,1,57,2.0,1,40,1,,1,1,1,1,2,57,57,57,1,0,0,2.0,1.0,,40.0,,40.0,,,,,,2.0,2.0,0.0,1,2.0,,1.0,1702.0,680.8,2.0,2.0,,,,11315.7591,2882.8978,0,0,0.0,0.0,0,0,18579,1,,,1.0,,,,2874.6839,770.0,6260.0,-1,,,,,,,86986.0,2014,650,647,0,0,0,0,0,12.0,19.0,4.0,2014,2.0,1,8,2,9300,93001,1,41180,119,2.0,1.0,,6,1,58,2.0,1,40,1,,1,1,1,2,57,57,57,1,0,0,2.0,1.0,,40.0,,40.0,,,,,,2.0,2.0,0.0,1,2.0,,1.0,1680.0,672.0,2.0,2.0,,,,10545.7821,2682.9607,0,0,0.0,0.0,0,0,28738,1,,,1.0,,,,2668.5252,9370.0,7340.0,-1,,,,,,,88527.0,2015,662,647,0,0,0,0,0,12.0,20.0,51.0,2015,MIS4_to_MIS8,illinois,1,2014-2015,1,0,0,0,retention
350775091911877,3,2.0,1,4,2,9300,93001,1,1,33.0,17,16980,0,2.0,1.0,,7,4,25,,2,43,1,,4,1,3,7,2,57,57,57,1,0,0,2.0,1.0,,40.0,,40.0,,,,,,2.0,3.0,0.0,1,1.0,,1.0,2500.0,1000.0,1.0,,2.0,,,10825.8481,2636.312,0,0,1.0,1.0,0,42,30605,4,,,,2.0,,,2668.4151,7860.0,2310.0,-1,,,,,2.0,1.0,87018.0,2014,650,647,0,0,0,0,0,16.0,8.0,40.0,2014,2.0,1,8,2,9300,93001,1,16980,0,2.0,1.0,,7,4,26,,2,43,1,,1,3,7,2,57,57,57,1,0,0,2.0,1.0,,40.0,,40.0,,,,,,2.0,5.0,0.0,1,2.0,2.0,2.0,,461.0,1.0,,2.0,,,12773.1735,3119.7229,0,0,1.0,,0,42,45841,4,,,,,,,3129.2701,7860.0,2310.0,-1,,,,,2.0,1.0,88586.0,2015,662,647,0,0,0,0,0,,8.0,40.0,2015,MIS4_to_MIS8,illinois,1,2014-2015,0,1,0,1,retention
501002571104057,3,1.0,1,4,2,9300,93001,1,1,33.0,17,16980,0,2.0,1.0,,7,1,44,2.0,2,40,1,,1,1,1,1,2,57,57,57,1,0,0,1.0,1.0,,35.0,,35.0,,,,,,2.0,3.0,0.0,1,2.0,2.0,2.0,,346.15,2.0,2.0,2.0,,,10536.8909,2592.0996,4,1,0.0,,0,0,18643,1,,,3.0,,,,2600.7485,7860.0,2540.0,-1,,,,,,,87067.0,2014,650,647,0,0,0,1,0,14.0,8.0,40.0,2014,1.0,1,8,2,9300,93001,1,16980,0,2.0,1.0,,7,1,45,2.0,2,40,1,,1,1,1,2,57,57,57,1,0,0,1.0,1.0,,35.0,,35.0,,,,,,2.0,5.0,0.0,1,2.0,2.0,2.0,,769.23,1.0,,2.0,,,12335.7891,3099.9855,4,1,0.0,,0,0,38536,1,,,2.0,,,,3092.2461,7860.0,2540.0,-1,,,,,,,88628.0,2015,662,647,0,0,0,1,0,13.0,8.0,40.0,2015,MIS4_to_MIS8,illinois,1,2014-2015,0,1,0,1,retention
748770560960911,3,1.0,4,4,2,9300,93001,1,1,33.0,17,16980,0,2.0,1.0,,7,7,19,,2,40,2,,3,1,4,7,2,57,57,57,1,0,0,2.0,1.0,,30.0,,30.0,,,15.0,,,6.0,3.0,0.0,1,1.0,,1.0,217.0,165.1,2.0,2.0,2.0,,,11950.5347,4054.5984,0,0,1.0,1.0,43,42,40789,3,,,1.0,,,,3298.2223,6770.0,3645.0,-1,,,,,2.0,,87180.0,2014,650,647,0,0,0,0,0,12.0,11.0,31.0,2014,1.0,4,8,2,9300,93001,1,16980,0,2.0,1.0,,7,7,19,,2,39,2,,1,4,7,2,57,57,57,1,0,0,2.0,7.0,,,,,,,,,,1.0,,,2,,,,,,,,1.0,1.0,2.0,16270.7829,4015.449,0,0,,,0,0,77266,3,1.0,,,,,,4070.6225,,,-1,,,,,2.0,,88721.0,2015,662,647,0,0,0,0,0,12.0,,,2015,MIS4_to_MIS8,illinois,1,2014-2015,0,1,0,0,retention
799880572360911,3,2.0,1,4,2,9300,93001,1,1,33.0,17,37900,0,2.0,1.0,,3,3,47,1.0,2,42,1,,2,1,2,1,2,57,57,57,1,0,0,1.0,1.0,,33.0,,33.0,,,23.0,,,7.0,3.0,0.0,1,2.0,,1.0,3500.0,1155.0,2.0,2.0,2.0,,,12742.0382,3111.3091,3,1,1.0,1.0,0,0,4060,2,,,4.0,,,,3100.6615,7860.0,2540.0,-1,,,,,,,87237.0,2014,650,647,0,0,1,0,0,15.0,8.0,40.0,2014,2.0,1,8,2,9300,93001,1,37900,0,2.0,1.0,,3,3,48,1.0,2,42,1,,1,2,1,2,57,57,57,1,0,0,1.0,1.0,,33.0,,33.0,,,22.0,,,7.0,3.0,0.0,1,2.0,,1.0,3100.0,1023.0,2.0,2.0,2.0,,,12385.7149,3112.5318,3,1,1.0,1.0,0,42,44405,2,,,3.0,,,,3104.7611,7860.0,2540.0,-1,,,,,,,88754.0,2015,662,647,0,0,1,0,0,14.0,8.0,40.0,2015,MIS4_to_MIS8,illinois,1,2014-2015,1,0,0,0,retention
75641170991892,3,1.0,7,4,2,9300,93001,1,1,33.0,17,28100,91,,1.0,,2,2,42,,2,44,1,,1,0,0,5,2,57,57,57,1,0,0,1.0,1.0,,47.0,,38.0,,,,,,2.0,2.0,0.0,1,1.0,2.0,2.0,,923.07,1.0,,2.0,,,10687.9455,2629.2594,0,0,0.0,,0,0,63470,1,,,,,,2.0,2638.0323,7860.0,2430.0,-1,,,,,,,87500.0,2014,650,647,0,0,0,0,0,18.0,8.0,40.0,2014,1.0,7,8,2,9300,93001,1,28100,91,,1.0,,2,2,44,,2,44,1,,0,0,5,2,57,57,57,1,0,0,1.0,1.0,,45.0,,45.0,,,,,,2.0,2.0,0.0,1,2.0,2.0,2.0,,974.3,1.0,,2.0,,,12300.474,3152.3916,0,0,0.0,,0,0,28711,1,,,,,,,3111.336,7860.0,2310.0,-1,,,,,,,88991.0,2015,662,647,0,0,0,0,0,,8.0,40.0,2015,MIS4_to_MIS8,illinois,1,2014-2015,1,0,0,0,retention
120971093411189,3,2.0,1,4,2,9300,93001,1,1,33.0,17,16580,0,,1.0,,2,1,27,2.0,2,43,1,,1,1,1,1,2,57,57,57,1,0,0,2.0,1.0,,26.0,,26.0,,,20.0,,,7.0,2.0,0.0,1,2.0,2.0,2.0,,477.0,1.0,,1.0,1.0,2.0,11397.859,2775.6081,0,0,0.0,,0,0,38870,1,,,,1.0,1.0,,2809.4075,7870.0,2200.0,-1,,,,,,,87511.0,2014,650,647,0,0,0,0,0,18.0,8.0,40.0,2014,2.0,1,8,2,9300,93001,1,16580,0,,1.0,,2,1,27,2.0,2,43,1,,1,1,1,2,57,57,57,1,0,0,2.0,1.0,,20.0,,30.0,,,20.0,,,7.0,2.0,0.0,1,2.0,2.0,2.0,,369.23,1.0,,1.0,1.0,2.0,14351.4675,3505.2058,0,0,0.0,,0,0,3754,1,,,,,,,3515.9326,7870.0,2200.0,1860,,,,,,,89013.0,2015,662,647,0,0,0,0,0,,8.0,40.0,2015,MIS4_to_MIS8,illinois,1,2014-2015,1,0,0,0,retention
614106470700144,3,1.0,6,4,2,9300,93001,1,1,33.0,17,16580,0,,1.0,,2,2,65,,1,45,1,,1,0,0,7,2,57,57,57,1,0,0,1.0,1.0,,45.0,,45.0,,,,,,2.0,2.0,0.0,1,2.0,2.0,2.0,,2884.61,2.0,2.0,,,,11356.1745,2754.3664,0,0,0.0,,0,0,18303,1,,,,,,,2688.0454,7870.0,5940.0,-1,,,,,,,87541.0,2014,650,647,0,0,0,0,0,18.0,17.0,40.0,2014,1.0,6,8,2,9300,93001,1,16580,0,,1.0,,2,2,66,,1,46,1,,0,0,7,2,57,57,57,1,0,0,1.0,1.0,,-4.0,,46.0,,,,,,2.0,2.0,0.0,1,2.0,2.0,2.0,,2884.61,2.0,2.0,,,,11417.5553,2819.6419,0,0,0.0,,0,0,14533,1,,,,,,,2701.7558,7870.0,10.0,-1,,,,,,,89071.0,2015,662,647,0,0,0,0,0,18.0,1.0,40.0,2015,MIS4_to_MIS8,illinois,1,2014-2015,1,0,0,0,retention
101071508014821,3,1.0,1,4,2,9300,93001,1,1,32.0,18,26900,0,1.0,1.0,,5,3,64,1.0,2,44,1,,2,1,2,1,2,57,57,57,1,0,0,1.0,5.0,,,,,,,,,,1.0,3.0,0.0,2,,,,,,,,,,,13042.7182,3242.3998,0,0,,,0,0,18775,2,,,,,,1.0,3260.3674,7860.0,2310.0,-1,,,,,,,87647.0,2014,650,647,0,0,0,0,0,17.0,8.0,40.0,2014,1.0,1,8,2,9300,93001,1,26900,0,1.0,1.0,,5,3,65,1.0,2,44,1,,1,2,1,2,57,57,57,1,0,0,2.0,5.0,,,,,,,,,,1.0,,,2,,,,,,,,,,,12197.2719,3104.0382,0,0,,,0,0,3796,2,,,,,,,3078.8604,,,-1,,,,,,,89154.0,2015,662,647,0,0,0,0,0,,,,2015,MIS4_to_MIS8,indiana,0,2014-2015,0,1,0,0,retention
899840610580911,3,1.0,1,4,2,9300,93001,1,1,32.0,18,26900,0,1.0,1.0,,5,1,74,2.0,1,46,1,,1,1,1,1,2,57,57,340,1,0,0,1.0,1.0,,50.0,,50.0,,,,,,2.0,2.0,0.0,1,2.0,2.0,2.0,,1826.92,1.0,,,,,11364.4009,2741.394,0,0,0.0,,0,0,41094,1,,,,,,,2689.9926,7870.0,2200.0,-1,,,,,,,87735.0,2014,650,647,0,0,0,0,0,18.0,8.0,40.0,2014,1.0,1,8,2,9300,93001,1,26900,0,1.0,1.0,,5,1,75,2.0,1,46,1,,1,1,1,2,57,57,340,1,0,0,1.0,1.0,,45.0,,45.0,,,,,,2.0,2.0,0.0,1,2.0,2.0,2.0,,1461.53,1.0,,,,,13171.2457,3225.0338,0,0,0.0,,0,0,55411,1,,,,,,,3116.7346,7870.0,2200.0,-1,,,,,,,89255.0,2015,662,647,0,0,0,0,0,18.0,8.0,40.0,2015,MIS4_to_MIS8,indiana,0,2014-2015,1,0,0,0,retention
899840610580911,3,1.0,1,4,2,9300,93001,1,1,32.0,18,26900,0,1.0,1.0,,5,3,65,1.0,2,43,1,,2,1,2,1,2,57,57,340,1,0,0,2.0,5.0,,,,,,,,,,1.0,2.0,0.0,2,,,,,,,,,,,13715.6783,3453.0859,0,0,,,0,0,41094,2,,,,2.0,,,3428.5913,7870.0,5700.0,-1,,,,,,,87736.0,2014,650,647,0,0,0,0,0,16.0,17.0,40.0,2014,1.0,1,8,2,9300,93001,1,26900,0,1.0,1.0,,5,3,66,1.0,2,43,1,,1,2,1,2,57,57,340,1,0,0,2.0,5.0,,,,,,,,,,1.0,,,2,,,,,,,,,,,12197.2719,3104.0382,0,0,,,0,0,55411,2,,,,,,,3078.8604,,,-1,,,,,,,89256.0,2015,662,647,0,0,0,0,0,,,,2015,MIS4_to_MIS8,indiana,0,2014-2015,0,1,0,0,retention
32371180994992,3,2.0,1,4,2,9300,93001,1,1,32.0,18,21780,0,2.0,1.0,,3,3,68,1.0,1,40,1,,2,1,2,1,2,57,57,57,1,0,0,1.0,1.0,,-4.0,,18.0,,,21.0,,,7.0,2.0,0.0,1,2.0,2.0,1.0,1200.0,216.0,2.0,2.0,,,,12373.4561,2984.8049,0,0,1.0,1.0,0,42,7306,2,,,2.0,,,,2928.8394,7860.0,9120.0,-1,4.0,,,,,,87799.0,2014,650,647,0,0,0,0,0,13.0,22.0,40.0,2014,1.0,1,8,2,9300,93001,1,21780,0,2.0,1.0,,3,3,69,1.0,1,40,1,,1,2,1,2,57,57,57,1,0,0,2.0,1.0,,18.0,,18.0,,,21.0,,,7.0,2.0,0.0,1,1.0,2.0,2.0,,461.53,2.0,2.0,,,,11775.1596,2883.1964,0,0,0.0,,0,0,6239,2,,,2.0,,,,2786.3764,7860.0,9120.0,-1,4.0,,,,,,89289.0,2015,662,647,0,0,0,0,0,13.0,22.0,40.0,2015,MIS4_to_MIS8,indiana,0,2014-2015,1,0,0,0,retention
106021806053851,3,1.0,1,4,2,9300,93001,1,1,32.0,18,26900,57,2.0,1.0,,5,3,43,1.0,2,44,1,,2,1,2,1,2,57,57,57,1,0,0,2.0,1.0,,40.0,,40.0,,,,,,2.0,3.0,0.0,1,2.0,2.0,2.0,,1423.07,2.0,2.0,2.0,,,10309.0898,2522.2887,4,2,0.0,,0,0,27996,2,,,,,,3.0,2544.5219,7860.0,2000.0,-1,,,,,,,87821.0,2014,650,647,0,0,0,1,0,18.0,6.0,40.0,2014,1.0,1,8,2,9300,93001,1,26900,57,2.0,1.0,,5,3,44,1.0,2,44,1,,1,2,1,2,57,57,57,1,0,0,2.0,1.0,,40.0,,40.0,,,,,,2.0,3.0,0.0,1,2.0,2.0,2.0,,1384.61,2.0,2.0,2.0,,,10985.555,2791.4311,4,1,0.0,,0,0,49785,2,,,,,,,2778.7346,7860.0,2000.0,-1,,,,,,,89310.0,2015,662,647,0,0,0,1,0,,6.0,40.0,2015,MIS4_to_MIS8,indiana,0,2014-2015,1,0,0,0,retention
110809994691380,3,1.0,3,4,2,9300,93001,1,1,32.0,18,23060,0,2.0,1.0,,3,14,46,,2,43,1,,2,0,0,5,2,57,57,57,1,0,0,2.0,1.0,,36.0,10.0,20.0,,,10.0,,,4.0,3.0,0.0,1,2.0,2.0,2.0,,711.53,2.0,2.0,2.0,,,14253.1213,3461.3818,0,0,0.0,,0,0,30859,2,,,,2.0,,,3468.3701,7860.0,4010.0,-1,,,,,,,87839.0,2014,650,647,0,0,0,0,0,16.0,13.0,40.0,2014,1.0,3,8,2,9300,93001,1,23060,0,2.0,1.0,,3,14,47,,2,43,1,,0,0,5,2,57,57,57,1,0,0,2.0,1.0,,35.0,,38.0,,,,,,2.0,3.0,0.0,1,2.0,,1.0,2930.0,1172.0,1.0,,2.0,,,11637.3799,2899.5762,0,0,0.0,0.0,0,0,17455,2,,,,,,,2917.174,7860.0,230.0,-1,,,,,,,89327.0,2015,662,647,0,0,0,0,0,,1.0,40.0,2015,MIS4_to_MIS8,indiana,0,2014-2015,1,0,0,0,retention
170986099611759,3,1.0,1,4,2,9300,93001,1,1,32.0,18,31140,0,2.0,1.0,,5,1,34,2.0,1,44,1,,1,1,1,1,2,57,57,57,1,0,0,1.0,1.0,,60.0,,60.0,,,,,,2.0,2.0,0.0,1,2.0,2.0,2.0,,1076.92,1.0,,2.0,,,10693.6775,2597.1704,1,1,0.0,,0,0,4084,1,,,,,,2.0,2657.6357,7860.0,2320.0,-1,,,,,,,87852.0,2014,650,647,1,0,0,0,1,18.0,8.0,40.0,2014,1.0,1,8,2,9300,93001,1,31140,0,2.0,1.0,,5,1,34,2.0,1,44,1,,1,1,1,2,57,57,57,1,0,0,1.0,1.0,,60.0,,60.0,,,,,,2.0,3.0,0.0,1,2.0,2.0,2.0,,1596.15,1.0,,2.0,,,12897.6,3242.0693,5,2,0.0,,0,0,26253,1,,,,,,,3280.4665,7860.0,230.0,-1,,,,,,,89344.0,2015,662,647,1,1,0,0,1,,1.0,40.0,2015,MIS4_to_MIS8,indiana,0,2014-2015,1,0,0,0,retention
170986099611759,3,1.0,1,4,2,9300,93001,1,1,32.0,18,31140,0,2.0,1.0,,5,3,29,1.0,2,44,1,,2,1,2,1,2,57,57,57,1,0,0,2.0,1.0,,40.0,,40.0,,,,,,2.0,2.0,0.0,1,2.0,2.0,2.0,,750.0,1.0,,2.0,,,10591.7999,2565.3103,1,1,0.0,,0,0,4084,2,,,,,,2.0,2610.7256,7860.0,2320.0,-1,,,,,,,87853.0,2014,650,647,1,0,0,0,1,18.0,8.0,40.0,2014,1.0,1,8,2,9300,93001,1,31140,0,2.0,1.0,,5,3,30,1.0,2,44,1,,1,2,1,2,57,57,57,1,0,0,2.0,1.0,,40.0,,40.0,,,,,,2.0,3.0,0.0,1,2.0,2.0,2.0,,769.23,1.0,,2.0,,,13508.5354,3273.7735,5,2,0.0,,0,0,26253,2,,,,,,,3309.4247,7860.0,2320.0,-1,,,,,,,89345.0,2015,662,647,1,1,0,0,1,,8.0,40.0,2015,MIS4_to_MIS8,indiana,0,2014-2015,1,0,0,0,retention
190961802011808,3,1.0,1,4,2,9300,93001,1,1,32.0,18,16980,89,2.0,1.0,,7,1,41,2.0,1,40,1,,1,1,1,1,2,57,57,57,1,0,0,1.0,1.0,,72.0,,52.0,,,,,,2.0,3.0,0.0,1,1.0,1.0,1.0,2000.0,2461.53,2.0,2.0,2.0,,,10652.838,2700.0853,3,2,0.0,0.0,0,0,4101,1,,,2.0,,,,2716.4915,9470.0,3740.0,-1,,,,,,,87856.0,2014,650,647,0,0,1,0,0,13.0,12.0,51.0,2014,2.0,1,8,2,9300,93001,1,16980,89,2.0,1.0,,7,1,42,2.0,1,40,1,,1,1,1,2,57,57,57,1,0,0,2.0,1.0,,48.0,,48.0,,,,,,2.0,3.0,0.0,1,2.0,2.0,2.0,,1000.0,2.0,2.0,2.0,,,12223.4602,3016.4529,3,2,0.0,,0,0,6191,1,,,2.0,,,,3041.6461,9470.0,3740.0,-1,,,,,,,89352.0,2015,662,647,0,0,1,0,0,13.0,12.0,51.0,2015,MIS4_to_MIS8,indiana,0,2014-2015,1,0,0,0,retention
450983092011369,3,2.0,1,4,2,9300,93001,1,1,32.0,18,26900,57,2.0,1.0,,5,1,47,2.0,2,43,1,,1,1,1,1,2,57,57,57,1,0,0,2.0,1.0,,40.0,,50.0,,,,,,2.0,3.0,0.0,1,2.0,2.0,2.0,,769.23,2.0,2.0,2.0,,,13255.1404,3219.0213,4,1,0.0,,0,0,52626,1,,,,1.0,1.0,,3225.5203,7860.0,3150.0,-1,,,,,,,87893.0,2014,650,647,0,0,0,1,0,18.0,10.0,40.0,2014,1.0,1,8,2,9300,93001,1,26900,57,2.0,1.0,,5,1,48,2.0,2,43,1,,1,1,1,2,57,57,57,1,0,0,1.0,1.0,,40.0,1.0,30.0,,,1.0,,,3.0,5.0,0.0,1,2.0,,1.0,3000.0,1200.0,2.0,2.0,2.0,,,13412.6727,3341.9091,0,0,1.0,1.0,0,0,6176,1,,,,,,,3362.1915,8090.0,3150.0,-1,,,,,,,89390.0,2015,662,647,0,0,0,0,0,,10.0,42.0,2015,MIS4_to_MIS8,indiana,0,2014-2015,0,1,0,1,retention
899100015650911,3,2.0,1,4,2,9300,93001,1,1,32.0,18,26900,0,2.0,1.0,,5,1,55,2.0,2,44,1,,1,1,1,1,2,57,57,57,1,0,0,2.0,1.0,,50.0,,50.0,,,,,,2.0,2.0,0.0,1,2.0,2.0,2.0,,750.0,2.0,2.0,,,,14022.7919,3449.7748,0,0,0.0,,0,0,48933,1,,,,,,2.0,3450.3415,7860.0,2310.0,-1,,,,,,,87943.0,2014,650,647,0,0,0,0,0,18.0,8.0,40.0,2014,2.0,1,8,2,9300,93001,1,26900,0,2.0,1.0,,5,1,56,2.0,2,44,1,,1,1,1,2,57,57,57,1,0,0,2.0,1.0,,50.0,,50.0,,,,,,2.0,2.0,0.0,1,2.0,2.0,2.0,,980.76,2.0,2.0,,,,12676.0381,3221.2774,0,0,0.0,,0,0,38635,1,,,,,,,3223.7791,7860.0,2310.0,-1,,,,,,,89458.0,2015,662,647,0,0,0,0,0,,8.0,40.0,2015,MIS4_to_MIS8,indiana,0,2014-2015,1,0,0,0,retention
101905503095236,3,1.0,6,4,2,9300,93001,1,1,21.0,36,35620,81,1.0,1.0,,7,2,27,,1,43,2,,1,0,0,3,2,57,57,57,1,0,0,1.0,1.0,,40.0,,40.0,,,,,,2.0,2.0,0.0,1,2.0,2.0,2.0,,692.3,1.0,,2.0,,,16688.1133,3532.5032,0,0,0.0,,0,0,12411,1,,,,2.0,,,3692.781,9470.0,3800.0,-1,,,,,,,98683.0,2014,650,647,0,0,0,0,0,16.0,12.0,51.0,2014,1.0,6,8,2,9300,93001,1,35620,81,1.0,1.0,,7,2,28,,1,43,2,,0,0,6,2,57,57,57,1,0,0,1.0,1.0,,40.0,,40.0,,,,,,2.0,3.0,0.0,1,2.0,2.0,2.0,,1000.0,1.0,,2.0,,,14843.6292,3864.2466,0,0,0.0,,0,0,11281,1,,,,,,,3864.5613,9470.0,3800.0,-1,,,,,,,100271.0,2015,662,647,0,0,0,0,0,,12.0,51.0,2015,MIS4_to_MIS8,new_york,0,2014-2015,1,0,0,0,retention
130609972951884,3,2.0,1,4,2,9300,93001,1,1,21.0,36,35620,81,1.0,1.0,,7,3,36,1.0,2,43,1,7.0,2,1,2,1,2,364,364,364,4,0,17,1.0,1.0,,35.0,,35.0,,,,,,2.0,3.0,0.0,1,2.0,2.0,2.0,,500.0,1.0,,2.0,,,12568.9012,3123.2029,3,2,0.0,,0,0,12415,2,,,,2.0,,,3102.2956,7870.0,5420.0,-1,,,,,,,98725.0,2014,650,647,0,0,1,0,0,16.0,17.0,40.0,2014,2.0,1,8,2,9300,93001,1,35620,81,1.0,1.0,,7,3,37,1.0,2,43,1,7.0,1,2,1,2,364,364,364,4,0,17,1.0,1.0,,35.0,,35.0,,,,,,2.0,3.0,0.0,1,2.0,1.0,1.0,1125.0,425.0,1.0,,2.0,,,14688.6333,3672.8101,10,2,0.0,0.0,0,0,72255,2,,,,,,,3715.4075,7870.0,740.0,-1,,,,,,,100328.0,2015,662,647,0,0,1,1,0,,2.0,40.0,2015,MIS4_to_MIS8,new_york,0,2014-2015,1,0,0,0,retention
398991700090635,3,1.0,7,4,2,9300,93001,1,1,21.0,36,35620,47,1.0,1.0,,7,2,36,,2,43,1,,1,0,0,7,2,57,57,57,1,0,0,1.0,1.0,,40.0,,45.0,,,,,,2.0,2.0,0.0,1,2.0,2.0,2.0,,1153.0,2.0,2.0,2.0,,,11560.8262,2890.106,0,0,1.0,,0,0,45373,1,,,,2.0,,,2853.4794,8370.0,420.0,-1,,,,,,,98870.0,2014,650,647,0,0,0,0,0,16.0,1.0,43.0,2014,1.0,7,8,2,9300,93001,1,35620,47,1.0,1.0,,7,2,37,,2,43,1,,0,0,7,2,57,57,57,1,0,0,1.0,1.0,,40.0,,40.0,,,,,,2.0,5.0,0.0,1,2.0,2.0,2.0,,1442.3,2.0,2.0,2.0,,,12321.1829,3234.1324,0,0,0.0,,0,0,50982,1,,,,,,,3116.5742,8190.0,360.0,-1,,,,,,,100450.0,2015,662,647,0,0,0,0,0,,1.0,41.0,2015,MIS4_to_MIS8,new_york,0,2014-2015,0,1,0,1,retention
440760090631369,3,1.0,6,4,2,9300,93001,1,1,21.0,36,35620,85,1.0,1.0,,7,2,50,,1,40,1,,1,0,0,7,2,57,57,57,1,0,0,1.0,1.0,,48.0,,48.0,,,,,,2.0,3.0,0.0,1,2.0,,1.0,2700.0,1296.0,1.0,,2.0,,,17216.9632,4199.4789,0,0,1.0,1.0,0,42,25338,1,,,3.0,,,,4164.081,9470.0,3740.0,-1,3.0,,,,,,98899.0,2014,650,647,0,0,0,0,0,14.0,12.0,51.0,2014,1.0,6,8,2,9300,93001,1,35620,85,1.0,1.0,,7,2,51,,1,40,1,,0,0,7,2,57,57,57,1,0,0,1.0,1.0,,40.0,,40.0,,,,,,2.0,3.0,0.0,1,1.0,2.0,2.0,,1923.07,1.0,,2.0,,,16632.7707,4074.5953,0,0,0.0,,0,0,23451,1,,,3.0,,,,4048.607,9470.0,3740.0,-1,3.0,,,,,,100469.0,2015,662,647,0,0,0,0,0,14.0,12.0,51.0,2015,MIS4_to_MIS8,new_york,0,2014-2015,1,0,0,0,retention
601909883191406,3,1.0,6,4,2,9300,93001,1,1,21.0,36,35620,81,1.0,1.0,,7,2,28,,1,42,2,,1,0,0,7,2,57,57,57,1,0,0,1.0,1.0,,40.0,,40.0,,,,,,2.0,3.0,0.0,1,1.0,2.0,2.0,,826.92,1.0,,2.0,,,16688.1133,3532.5032,0,0,0.0,,0,0,12413,1,,,3.0,,,,3692.781,9470.0,3850.0,-1,,,,,,,98986.0,2014,650,647,0,0,0,0,0,14.0,12.0,51.0,2014,1.0,6,8,2,9300,93001,1,35620,81,1.0,1.0,,7,2,29,,1,42,2,,0,0,7,2,57,57,57,1,0,0,1.0,1.0,,40.0,,48.0,,,,,,2.0,3.0,0.0,1,2.0,2.0,2.0,,865.38,1.0,,2.0,,,14843.6292,3864.2466,0,0,0.0,,0,0,23408,1,,,3.0,,,,3864.5613,9470.0,3850.0,-1,,,,,,,100538.0,2015,662,647,0,0,0,0,0,14.0,12.0,51.0,2015,MIS4_to_MIS8,new_york,0,2014-2015,1,0,0,0,retention
919398569600055,3,1.0,1,4,2,9300,93001,1,1,21.0,36,35620,61,1.0,1.0,,7,1,57,2.0,2,40,2,,1,1,1,1,2,341,341,341,4,0,10,1.0,1.0,,35.0,,35.0,,,,,,2.0,2.0,0.0,1,2.0,2.0,2.0,,425.0,1.0,,,,,13622.8164,3952.5753,0,0,1.0,,0,0,58629,1,,,2.0,,,,3843.7092,8190.0,3420.0,-1,,,,,,,99197.0,2014,650,647,0,0,0,0,0,13.0,10.0,41.0,2014,1.0,1,8,2,9300,93001,1,35620,61,1.0,1.0,,7,1,58,2.0,2,40,2,,1,1,1,2,341,341,341,4,0,10,1.0,1.0,,40.0,,40.0,,,,,,2.0,4.0,0.0,1,2.0,2.0,2.0,,550.0,1.0,,,,,14003.9523,3311.8704,0,0,1.0,,0,0,34290,1,,,1.0,,,,3262.8384,8180.0,3600.0,-1,,,,,,,100753.0,2015,662,647,0,0,0,0,0,12.0,11.0,42.0,2015,MIS4_to_MIS8,new_york,0,2014-2015,0,1,0,1,retention
960046736319040,3,1.0,7,4,2,9300,93001,1,1,21.0,36,35620,85,1.0,1.0,,7,2,59,,2,44,1,,1,0,0,5,2,57,57,57,1,0,0,1.0,1.0,,35.0,,46.0,,,,,,2.0,3.0,0.0,1,2.0,2.0,2.0,,1500.0,1.0,,,,,18052.1911,4497.0878,0,0,0.0,,0,0,36635,1,,,,,,2.0,4441.7849,7860.0,2320.0,2320,,,,,,,99267.0,2014,650,647,0,0,0,0,0,18.0,8.0,40.0,2014,1.0,7,8,2,9300,93001,1,35620,85,1.0,1.0,,7,2,59,,2,44,1,,0,0,5,2,57,57,57,1,0,0,1.0,1.0,,35.0,,44.0,,,,,,2.0,3.0,0.0,1,2.0,2.0,2.0,,1675.38,1.0,,,,,14448.4415,3733.636,0,0,0.0,,0,0,23453,1,,,,,,,3674.538,7860.0,2320.0,2340,,,,,,,100795.0,2015,662,647,0,0,0,0,0,,8.0,40.0,2015,MIS4_to_MIS8,new_york,0,2014-2015,1,0,0,0,retention
19394959600508,3,1.0,1,4,2,9300,93001,1,1,21.0,36,15380,0,2.0,1.0,,5,3,66,1.0,2,38,1,,2,1,2,1,2,57,57,57,1,0,0,1.0,1.0,,40.0,5.0,32.0,,,5.0,,,4.0,3.0,0.0,1,2.0,,1.0,2150.0,860.0,1.0,,,,,13833.7406,3370.2299,0,0,0.0,0.0,0,0,4532,2,,,,,,,3265.5474,7860.0,4220.0,-1,,,,,,,99334.0,2014,650,647,0,0,0,0,0,12.0,14.0,40.0,2014,1.0,1,8,2,9300,93001,1,15380,0,2.0,1.0,,5,3,67,1.0,2,39,1,,1,2,1,2,57,57,57,1,0,0,2.0,1.0,,12.0,,12.0,,,18.0,,,7.0,3.0,0.0,1,2.0,,1.0,1100.0,132.0,2.0,2.0,,,,12982.8748,3093.8241,0,0,0.0,0.0,0,0,23149,2,1.0,,,,,,3012.5021,7860.0,4220.0,-1,,,,,,,100842.0,2015,662,647,0,0,0,0,0,12.0,14.0,40.0,2015,MIS4_to_MIS8,new_york,0,2014-2015,1,0,0,0,retention
130609943868587,3,1.0,7,4,2,9300,93001,1,1,21.0,36,40380,0,2.0,1.0,,5,2,53,,2,40,1,,1,0,0,5,2,57,57,57,1,0,0,1.0,1.0,,37.0,,37.0,,,,,,2.0,3.0,0.0,1,1.0,1.0,1.0,2160.0,791.38,1.0,,2.0,,,13594.8033,3351.7061,0,0,0.0,0.0,0,0,28304,1,,,1.0,,,,3308.1743,8270.0,3500.0,-1,,,,,,,99424.0,2014,650,647,0,0,0,0,0,12.0,10.0,42.0,2014,1.0,7,8,2,9300,93001,1,40380,0,2.0,1.0,,5,2,54,,2,41,1,,0,0,5,2,57,57,57,1,0,0,1.0,1.0,,38.0,,38.0,,,,,,2.0,3.0,0.0,1,2.0,,1.0,2235.0,849.3,1.0,,2.0,,,11899.408,2990.4515,0,0,0.0,0.0,0,0,42754,1,,,2.0,,,,2982.8572,8270.0,3255.0,-1,,,,,,,100927.0,2015,662,647,0,0,0,0,0,13.0,10.0,42.0,2015,MIS4_to_MIS8,new_york,0,2014-2015,1,0,0,0,retention
201009023104126,3,1.0,1,4,2,9300,93001,1,1,21.0,36,15380,0,2.0,1.0,,5,1,59,2.0,1,39,1,,1,1,1,1,2,57,57,57,1,0,0,1.0,1.0,,40.0,,40.0,,,,,,2.0,3.0,0.0,1,2.0,,1.0,2020.0,808.0,1.0,,,,,12473.5532,3191.155,0,0,0.0,0.0,0,0,45354,1,1.0,,,,,,3168.8128,7860.0,4220.0,-1,,,,,,,99459.0,2014,650,647,0,0,0,0,0,12.0,14.0,40.0,2014,1.0,1,8,2,9300,93001,1,15380,0,2.0,1.0,,5,1,60,2.0,1,39,1,,1,1,1,2,57,57,57,1,0,0,1.0,1.0,,40.0,,48.0,,,,,,2.0,3.0,0.0,1,2.0,,1.0,2050.0,820.0,1.0,,,,,13627.9764,3174.1899,0,0,0.0,0.0,0,0,10986,1,1.0,,,,,,3153.2716,7860.0,4220.0,3850,,,,,,,100964.0,2015,662,647,0,0,0,0,0,12.0,14.0,40.0,2015,MIS4_to_MIS8,new_york,0,2014-2015,1,0,0,0,retention
390991000042688,3,1.0,1,4,2,9300,93001,1,1,21.0,36,35620,119,2.0,1.0,,7,1,45,2.0,1,44,1,6.0,1,1,1,1,2,57,313,313,1,0,0,1.0,1.0,,40.0,,40.0,,,,,,2.0,2.0,0.0,1,2.0,2.0,2.0,,2884.61,1.0,,2.0,,,13242.3766,3234.3664,5,2,0.0,,0,0,28305,1,,,,,,2.0,3202.7906,7860.0,2320.0,-1,3.0,,,,,,99505.0,2014,650,647,1,1,0,0,1,18.0,8.0,40.0,2014,1.0,1,8,2,9300,93001,1,35620,119,2.0,1.0,,7,1,46,2.0,1,44,1,6.0,1,1,1,2,57,313,313,1,0,0,1.0,1.0,,40.0,,40.0,,,,,,2.0,3.0,0.0,1,2.0,2.0,2.0,,2307.69,1.0,,2.0,,,15116.2334,3681.4196,6,2,0.0,,0,0,34458,1,,,,,,,3679.4644,7860.0,2320.0,-1,3.0,,,,,,101080.0,2015,662,647,1,0,1,0,1,,8.0,40.0,2015,MIS4_to_MIS8,new_york,0,2014-2015,1,0,0,0,retention
563539001906196,3,1.0,1,4,2,9300,93001,1,1,21.0,36,15380,0,2.0,1.0,,5,1,43,2.0,2,44,1,,1,1,1,1,2,57,120,57,1,0,0,1.0,1.0,,40.0,,40.0,,,,,,2.0,3.0,0.0,1,1.0,2.0,2.0,,1860.46,1.0,,2.0,,,15611.1149,3856.4285,9,2,0.0,,0,0,25076,1,,,,,,2.0,3853.1844,7860.0,2320.0,-1,,,,,,,99600.0,2014,650,647,0,1,0,1,1,18.0,8.0,40.0,2014,1.0,1,8,2,9300,93001,1,15380,0,2.0,1.0,,5,1,43,2.0,2,44,1,,1,1,1,2,57,120,57,1,0,0,1.0,1.0,,40.0,,40.0,,,,,,2.0,3.0,0.0,1,2.0,2.0,2.0,,2093.02,1.0,,2.0,,,15621.1673,3991.3431,9,2,0.0,,0,0,23151,1,,,,,,,3951.2868,7860.0,2320.0,-1,,,,,,,101172.0,2015,662,647,0,1,0,1,1,,8.0,40.0,2015,MIS4_to_MIS8,new_york,0,2014-2015,1,0,0,0,retention
563539001906196,3,1.0,1,4,2,9300,93001,1,1,21.0,36,15380,0,2.0,1.0,,5,3,54,1.0,1,44,1,,2,1,2,1,2,57,57,57,1,0,0,2.0,1.0,,40.0,,40.0,,,,,,2.0,3.0,0.0,1,1.0,2.0,2.0,,2209.3,1.0,,2.0,,,13529.0906,3290.3278,9,2,0.0,,0,0,25076,2,,,,,,3.0,3272.135,7860.0,2310.0,-1,,,,,,,99601.0,2014,650,647,0,1,0,1,1,18.0,8.0,40.0,2014,1.0,1,8,2,9300,93001,1,15380,0,2.0,1.0,,5,3,55,1.0,1,44,1,,1,2,1,2,57,57,57,1,0,0,2.0,1.0,,40.0,,40.0,,,,,,2.0,3.0,0.0,1,2.0,2.0,2.0,,2093.02,1.0,,,,,12356.9817,3134.2611,9,2,0.0,,0,0,23151,2,,,,,,,3126.8347,7860.0,2310.0,-1,,,,,,,101173.0,2015,662,647,0,1,0,1,1,,8.0,40.0,2015,MIS4_to_MIS8,new_york,0,2014-2015,1,0,0,0,retention
699660425370913,3,2.0,1,4,2,9300,93001,1,1,21.0,36,15380,0,2.0,1.0,,5,3,51,1.0,2,40,1,,2,1,2,1,2,57,57,57,1,0,0,1.0,1.0,,40.0,5.0,1.0,,,5.0,,,4.0,2.0,0.0,1,2.0,1.0,1.0,2500.0,798.07,2.0,2.0,2.0,,,13594.8033,3351.7061,0,0,0.0,0.0,0,0,25252,2,,,1.0,,,,3308.1743,9480.0,3500.0,-1,,,,,,,99665.0,2014,650,647,0,0,0,0,0,12.0,10.0,51.0,2014,2.0,1,8,2,9300,93001,1,15380,0,2.0,1.0,,5,3,52,1.0,2,40,1,,1,2,1,2,57,57,57,1,0,0,1.0,6.0,,,,,,,,,,1.0,,,2,,,,,,,,2.0,,,11962.9524,2990.4515,0,0,,,0,0,11233,2,,,3.0,,,,3000.3362,,,-1,,,,,,,101250.0,2015,662,647,0,0,0,0,0,14.0,,,2015,MIS4_to_MIS8,new_york,0,2014-2015,0,1,0,0,retention
801904623592596,3,2.0,1,4,2,9300,93001,1,1,21.0,36,35620,119,2.0,1.0,,7,1,42,2.0,2,43,4,,1,1,1,1,2,231,231,231,4,0,19,2.0,1.0,,15.0,,15.0,,,18.0,,,7.0,3.0,0.0,1,2.0,1.0,1.0,1800.0,200.0,2.0,2.0,2.0,,,17013.5131,4278.9227,10,3,0.0,0.0,0,0,45580,1,,,,2.0,,,4199.3287,7860.0,4600.0,-1,,,,,,,99714.0,2014,650,647,0,0,1,1,0,16.0,15.0,40.0,2014,2.0,1,8,2,9300,93001,1,35620,119,2.0,1.0,,7,1,43,2.0,2,43,4,,1,1,1,2,231,231,231,4,0,19,2.0,1.0,,15.0,,15.0,,,18.0,,,7.0,3.0,0.0,1,2.0,,1.0,1500.0,225.0,2.0,2.0,2.0,,,20350.779,5309.6778,10,3,0.0,0.0,0,0,51174,1,,,,,,,5147.6156,7860.0,3955.0,-1,,,,,,,101281.0,2015,662,647,0,0,1,1,0,,12.0,40.0,2015,MIS4_to_MIS8,new_york,0,2014-2015,1,0,0,0,retention
801904623592596,3,2.0,1,4,2,9300,93001,1,1,21.0,36,35620,119,2.0,1.0,,7,3,60,1.0,1,46,4,,2,1,2,1,2,210,210,210,4,0,14,1.0,1.0,,12.0,,12.0,,,22.0,,,7.0,3.0,0.0,1,2.0,2.0,2.0,,2250.0,1.0,,,,,13851.2397,3473.2916,10,3,0.0,,0,0,45580,2,,,,,,,3428.2328,7870.0,2200.0,-1,,,,,,,99715.0,2014,650,647,0,0,1,1,0,18.0,8.0,40.0,2014,2.0,1,8,2,9300,93001,1,35620,119,2.0,1.0,,7,3,61,1.0,1,46,4,,1,2,1,2,210,210,210,4,0,14,1.0,1.0,,20.0,,20.0,,,22.0,,,7.0,3.0,0.0,1,2.0,2.0,2.0,,1538.46,2.0,2.0,,,,14203.0085,3285.6419,10,3,0.0,,0,0,51174,2,,,,,,,3286.3238,7870.0,2200.0,-1,,,,,,,101282.0,2015,662,647,0,0,1,1,0,18.0,8.0,40.0,2015,MIS4_to_MIS8,new_york,0,2014-2015,1,0,0,0,retention
918006771319270,3,4.0,1,4,2,9300,93001,1,1,21.0,36,35620,103,2.0,1.0,,7,3,66,1.0,1,39,1,,2,1,2,1,2,57,57,57,1,0,0,2.0,1.0,,40.0,,40.0,,,,,,2.0,3.0,0.0,1,2.0,,1.0,2525.0,1010.0,1.0,,,,,13151.3395,3203.1096,0,0,1.0,1.0,0,42,25382,2,1.0,,,,,,3112.9671,770.0,6260.0,-1,,,,,,,99761.0,2014,650,647,0,0,0,0,0,12.0,19.0,4.0,2014,1.0,1,8,2,9300,93001,1,35620,103,2.0,1.0,,7,3,67,1.0,1,40,1,,1,2,1,2,57,57,57,1,0,0,2.0,1.0,,40.0,,40.0,,,,,,2.0,3.0,0.0,1,2.0,1.0,1.0,2900.0,1003.0,1.0,,,,,12830.9826,3159.1337,0,0,1.0,1.0,0,0,42736,2,,,4.0,,,,3036.2176,9470.0,4020.0,-1,,,,,,,101336.0,2015,662,647,0,0,0,0,0,15.0,13.0,51.0,2015,MIS4_to_MIS8,new_york,0,2014-2015,1,0,0,0,retention
946199210369307,3,1.0,3,4,2,9300,93001,1,1,21.0,36,0,0,3.0,2.0,,0,1,43,,1,39,1,,1,1,1,4,2,57,57,57,1,0,0,1.0,1.0,,-4.0,,50.0,,,,,,2.0,3.0,0.0,1,2.0,2.0,2.0,,846.15,2.0,2.0,2.0,,,16110.8157,4122.9358,4,1,0.0,,0,0,53812,1,1.0,,,,,,4108.2849,770.0,220.0,-1,,,,,,,99979.0,2014,650,647,0,0,0,1,0,12.0,1.0,4.0,2014,1.0,1,8,2,9300,93001,1,0,0,3.0,2.0,,0,1,44,3.0,1,39,1,,1,1,1,2,57,57,57,1,0,0,1.0,1.0,,40.0,,40.0,,,,,,2.0,3.0,0.0,1,2.0,2.0,2.0,,853.84,2.0,2.0,2.0,,,4620.2682,1146.4899,8,3,0.0,,0,0,34482,1,1.0,,,,,,1149.6925,770.0,6200.0,-1,,,,,,,101435.0,2015,662,647,0,1,1,0,1,12.0,19.0,4.0,2015,MIS4_to_MIS8,new_york,0,2014-2015,1,0,0,0,retention
699390955070913,3,1.0,1,4,2,9300,93001,1,1,21.0,36,39100,71,,1.0,,4,3,49,1.0,2,39,1,,2,1,2,1,2,57,57,57,1,0,0,2.0,1.0,,40.0,,40.0,,,,,,2.0,3.0,0.0,1,2.0,,1.0,2500.0,1000.0,1.0,,2.0,,,14102.2113,3457.83,0,0,1.0,1.0,0,42,45469,2,1.0,,,,,,3431.6475,8370.0,2010.0,-1,,,,,,,100066.0,2014,650,647,0,0,0,0,0,12.0,6.0,43.0,2014,1.0,1,8,2,9300,93001,1,39100,71,,1.0,,4,3,49,1.0,2,39,1,,1,2,1,2,57,57,57,1,0,0,2.0,1.0,,40.0,,40.0,,,,,,2.0,3.0,0.0,1,2.0,,1.0,2800.0,1120.0,1.0,,2.0,,,13460.8144,3372.495,0,0,1.0,1.0,0,42,51087,2,1.0,,,,,,3374.2593,8370.0,2010.0,-1,,,,,,,101540.0,2015,662,647,0,0,0,0,0,12.0,6.0,43.0,2015,MIS4_to_MIS8,new_york,0,2014-2015,1,0,0,0,retention
699790071760913,3,1.0,1,4,2,9300,93001,1,1,21.0,36,13780,0,,1.0,,3,1,45,2.0,1,39,1,,1,1,1,1,2,57,57,57,1,0,0,1.0,1.0,,40.0,,40.0,,,,,,2.0,2.0,0.0,1,1.0,2.0,2.0,,923.07,1.0,,2.0,,,12759.0091,3097.7925,3,1,0.0,,0,0,45570,1,1.0,,,,,,3085.8837,770.0,6230.0,-1,,,,,,,100070.0,2014,650,647,0,0,1,0,0,12.0,19.0,4.0,2014,1.0,1,8,2,9300,93001,1,13780,0,,1.0,,3,1,46,2.0,1,39,1,,1,1,1,2,57,57,57,1,0,0,1.0,1.0,,40.0,,40.0,,,,,,2.0,2.0,0.0,1,1.0,2.0,2.0,,875.0,1.0,,2.0,,,69986.5326,17213.8111,3,1,0.0,,0,42,34442,1,1.0,,,,,,17035.5241,770.0,7220.0,-1,,,,,,,101547.0,2015,662,647,0,0,1,0,0,12.0,20.0,4.0,2015,MIS4_to_MIS8,new_york,0,2014-2015,1,0,0,0,retention
38344120990993,3,3.0,1,4,2,9300,93001,1,1,23.0,42,37980,101,1.0,1.0,,7,3,41,1.0,2,39,2,,2,1,2,1,2,324,324,324,4,0,12,2.0,1.0,,40.0,,40.0,,,,,,2.0,2.0,0.0,1,2.0,,1.0,1900.0,760.0,2.0,2.0,2.0,,,16053.9547,3856.8027,3,1,0.0,0.0,0,0,26058,2,1.0,,,,,,3898.6141,8190.0,4120.0,-1,,,,,,,103367.0,2014,650,647,0,0,1,0,0,12.0,13.0,41.0,2014,3.0,4,8,2,9300,93001,1,37980,101,1.0,1.0,,7,1,42,,2,39,2,,1,1,5,2,324,324,324,4,0,12,2.0,1.0,,40.0,,40.0,,,,,,2.0,5.0,0.0,1,2.0,,1.0,1900.0,760.0,1.0,,2.0,,,15724.5825,3947.2303,4,1,0.0,0.0,0,0,43192,2,1.0,,,,,,4003.5203,8190.0,4010.0,-1,,,,,,,105002.0,2015,662,647,0,0,0,1,0,12.0,13.0,41.0,2015,MIS4_to_MIS8,pennsylvania,0,2014-2015,0,1,0,1,retention
38344120990993,3,3.0,1,4,2,9300,93001,1,1,23.0,42,37980,101,1.0,1.0,,7,4,21,,2,40,2,,3,1,3,7,2,57,324,57,1,0,0,1.0,1.0,,40.0,8.0,10.0,,,8.0,,,4.0,2.0,0.0,1,2.0,,1.0,852.0,340.8,2.0,2.0,1.0,1.0,2.0,15013.2853,3941.1184,0,0,0.0,0.0,0,0,26058,3,,,2.0,,,,3762.0163,5380.0,5240.0,-1,,,,,2.0,1.0,103369.0,2014,650,647,0,0,0,0,0,13.0,17.0,22.0,2014,3.0,4,8,2,9300,93001,1,37980,101,1.0,1.0,,7,4,22,,2,40,2,,1,3,7,2,57,324,57,1,0,0,1.0,1.0,,40.0,1.0,32.0,,,1.0,,,3.0,4.0,0.0,1,2.0,,1.0,900.0,360.0,2.0,2.0,2.0,,,18938.6983,4620.5455,0,0,0.0,0.0,0,0,43192,3,,,3.0,,,,4613.2695,5380.0,5240.0,-1,,,,,2.0,,105004.0,2015,662,647,0,0,0,0,0,14.0,17.0,22.0,2015,MIS4_to_MIS8,pennsylvania,0,2014-2015,0,1,0,1,retention
299240092350914,3,1.0,1,4,2,9300,93001,1,1,23.0,42,38300,3,1.0,1.0,,5,3,68,1.0,2,44,1,,2,1,2,1,2,57,57,57,1,0,0,2.0,1.0,,44.0,,44.0,,,,,,2.0,2.0,0.0,1,2.0,,1.0,1000.0,440.0,2.0,2.0,,,,12617.8454,3048.0918,0,0,0.0,0.0,0,0,13065,2,,,,,,2.0,2978.5272,8290.0,3600.0,-1,,,,,,,103405.0,2014,650,647,0,0,0,0,0,18.0,11.0,42.0,2014,2.0,1,8,2,9300,93001,1,38300,3,1.0,1.0,,5,3,69,1.0,2,44,1,,1,2,1,2,57,57,57,1,0,0,1.0,1.0,,25.0,,25.0,,,18.0,,,7.0,4.0,0.0,1,2.0,1.0,1.0,925.0,300.0,2.0,2.0,,,,12688.1453,3022.6835,0,0,0.0,0.0,0,0,72467,2,,,,,,,2944.114,8370.0,4610.0,-1,,,,,,,105074.0,2015,662,647,0,0,0,0,0,,15.0,43.0,2015,MIS4_to_MIS8,pennsylvania,0,2014-2015,0,1,0,1,retention
299330493800914,3,1.0,3,4,2,9300,93001,1,1,23.0,42,37980,101,1.0,1.0,,7,1,32,,1,44,2,,1,1,1,7,2,57,57,57,1,0,0,1.0,1.0,,40.0,,40.0,,,,,,2.0,3.0,0.0,1,2.0,2.0,2.0,,1596.15,1.0,,2.0,,,19513.7654,4225.958,2,1,0.0,,0,0,66110,1,,,,,,2.0,4318.0473,7860.0,2320.0,-1,,,,,,,103409.0,2014,650,647,0,1,0,0,1,18.0,8.0,40.0,2014,3.0,3,8,2,9300,93001,1,37980,101,1.0,1.0,,7,1,33,,1,44,2,,1,1,7,2,57,57,57,1,0,0,2.0,1.0,,40.0,,40.0,,,,,,2.0,3.0,0.0,1,2.0,2.0,2.0,,1538.46,1.0,,2.0,,,18540.8905,4729.0439,2,1,0.0,,0,0,57158,1,,,,,,,4827.1489,7860.0,2320.0,-1,,,,,5.0,,105078.0,2015,662,647,0,1,0,0,1,,8.0,40.0,2015,MIS4_to_MIS8,pennsylvania,0,2014-2015,1,0,0,0,retention
992529410239400,3,2.0,1,4,2,9300,93001,1,1,23.0,42,38300,3,1.0,1.0,,5,1,33,2.0,2,44,1,,1,1,1,1,2,57,57,57,1,0,0,2.0,1.0,,40.0,,40.0,,,,,,2.0,3.0,0.0,1,2.0,2.0,2.0,,1057.69,1.0,,2.0,,,14042.6626,3403.0196,5,2,0.0,,0,0,45918,1,,,,,,2.0,3461.3134,7860.0,2000.0,-1,,,,,,,103528.0,2014,650,647,1,1,0,0,1,18.0,6.0,40.0,2014,2.0,1,8,2,9300,93001,1,38300,3,1.0,1.0,,5,1,34,2.0,2,44,1,,1,1,1,2,57,57,57,1,0,0,2.0,1.0,,40.0,,40.0,,,,,,2.0,3.0,0.0,1,2.0,2.0,2.0,,1192.3,1.0,,2.0,,,14478.4305,3527.218,2,2,0.0,,0,0,34918,1,,,,,,,3547.037,7860.0,2000.0,-1,,,,,,,105175.0,2015,662,647,0,1,0,0,1,,6.0,40.0,2015,MIS4_to_MIS8,pennsylvania,0,2014-2015,1,0,0,0,retention
85414120996997,3,1.0,1,4,2,9300,93001,1,1,23.0,42,10900,0,2.0,1.0,,4,1,48,2.0,2,42,1,,1,1,1,1,2,57,57,57,1,0,0,1.0,1.0,,-4.0,,55.0,,,,,,2.0,2.0,0.0,1,2.0,2.0,2.0,,152.77,2.0,2.0,2.0,,,11854.4656,2882.1816,4,1,0.0,,0,0,45960,1,,,5.0,,,,2884.6786,7860.0,2540.0,-1,,,,,,,103580.0,2014,650,647,0,0,0,1,0,16.0,8.0,40.0,2014,2.0,1,8,2,9300,93001,1,10900,0,2.0,1.0,,4,1,49,2.0,2,41,1,,1,1,1,2,57,57,57,1,0,0,2.0,1.0,,40.0,,40.0,,,,,,2.0,2.0,0.0,1,2.0,,1.0,875.0,350.0,2.0,2.0,2.0,,,3380.5649,846.7185,0,0,1.0,1.0,0,42,34959,1,,,5.0,,,,847.4155,7860.0,2310.0,-1,,,,,,,105256.0,2015,662,647,0,0,0,0,0,16.0,8.0,40.0,2015,MIS4_to_MIS8,pennsylvania,0,2014-2015,1,0,0,0,retention
117400490200193,3,2.0,1,4,2,9300,93001,1,1,23.0,42,37980,91,2.0,1.0,,7,3,66,1.0,2,39,1,,2,1,2,1,2,57,57,57,1,0,0,1.0,5.0,,,,,,,,,,1.0,3.0,0.0,2,,,,,,,,,,,11853.7265,2967.7526,0,0,,,0,0,28444,2,1.0,,,,,,2963.1479,7860.0,5700.0,-1,,,,,,,103597.0,2014,650,647,0,0,0,0,0,12.0,17.0,40.0,2014,2.0,1,8,2,9300,93001,1,37980,91,2.0,1.0,,7,3,67,1.0,2,39,1,,1,2,1,2,57,57,57,1,0,0,1.0,5.0,,,,,,,,,,1.0,,,2,,,,,,,,,,,11760.5091,2967.3568,0,0,,,0,0,4298,2,1.0,,,,,,2968.6119,,,-1,,,,,,,105276.0,2015,662,647,0,0,0,0,0,12.0,,,2015,MIS4_to_MIS8,pennsylvania,0,2014-2015,0,1,0,0,retention
140209912785166,3,1.0,1,4,2,9300,93001,1,1,23.0,42,37980,45,2.0,1.0,,7,1,43,2.0,1,39,1,,1,1,1,1,2,57,57,57,1,0,0,1.0,1.0,,40.0,,40.0,,,,,,2.0,2.0,0.0,1,2.0,,1.0,2499.0,999.6,2.0,2.0,2.0,,,11420.2807,2897.9358,3,2,0.0,0.0,0,0,25962,1,1.0,,,,,,2912.1906,6290.0,6230.0,-1,,,,,,,103605.0,2014,650,647,0,0,1,0,0,12.0,19.0,23.0,2014,1.0,1,8,2,9300,93001,1,37980,45,2.0,1.0,,7,1,44,2.0,1,39,1,,1,1,1,2,57,57,57,1,0,0,1.0,2.0,5.0,40.0,,,,,,,,5.0,4.0,0.0,1,2.0,,1.0,3200.0,1280.0,1.0,,2.0,,,11333.4659,2811.4838,3,2,0.0,0.0,0,0,26622,1,1.0,,,,,,2820.1828,7380.0,8610.0,-1,,,,,,,105293.0,2015,662,647,0,0,1,0,0,12.0,21.0,36.0,2015,MIS4_to_MIS8,pennsylvania,0,2014-2015,0,1,0,1,retention
140209912785166,3,1.0,1,4,2,9300,93001,1,1,23.0,42,37980,45,2.0,1.0,,7,3,42,1.0,2,44,1,,2,1,2,1,2,57,57,57,1,0,0,2.0,1.0,,40.0,,40.0,,,,,,2.0,3.0,0.0,1,1.0,2.0,2.0,,1730.76,1.0,,2.0,,,13082.5171,3204.5394,3,2,0.0,,0,0,25962,2,,,,,,1.0,3229.0679,7860.0,2310.0,-1,,,,,,,103606.0,2014,650,647,0,0,1,0,0,17.0,8.0,40.0,2014,1.0,1,8,2,9300,93001,1,37980,45,2.0,1.0,,7,3,43,1.0,2,44,1,,1,2,1,2,57,57,57,1,0,0,2.0,1.0,,40.0,,40.0,,,,,,2.0,3.0,0.0,1,2.0,2.0,2.0,,1500.0,1.0,,2.0,,,11558.7885,2952.4849,3,2,0.0,,0,0,26622,2,,,,,,,2923.7308,7860.0,2310.0,-1,,,,,,,105294.0,2015,662,647,0,0,1,0,0,,8.0,40.0,2015,MIS4_to_MIS8,pennsylvania,0,2014-2015,1,0,0,0,retention
201009864104252,3,1.0,1,4,2,9300,93001,1,1,23.0,42,38300,125,2.0,1.0,,5,3,33,1.0,2,43,1,,2,1,2,1,2,57,57,57,1,0,0,2.0,1.0,,40.0,,40.0,,,,,,2.0,3.0,0.0,1,2.0,2.0,2.0,,1038.46,1.0,,2.0,,,14725.6415,3568.5289,6,2,0.0,,0,0,39221,2,,,,2.0,,,3629.6578,7860.0,3230.0,-1,,,,,,,103638.0,2014,650,647,1,0,1,0,1,16.0,10.0,40.0,2014,1.0,1,8,2,9300,93001,1,38300,125,2.0,1.0,,5,3,34,1.0,2,44,1,,1,2,1,2,57,57,57,1,0,0,2.0,1.0,,40.0,,40.0,,,,,,2.0,4.0,0.0,1,2.0,2.0,2.0,,1400.0,1.0,,2.0,,,13916.8462,3390.4055,8,2,1.0,,0,42,60248,2,,,,,,,3409.4558,7860.0,3230.0,-1,,,,,,,105330.0,2015,662,647,0,1,1,0,1,,10.0,40.0,2015,MIS4_to_MIS8,pennsylvania,0,2014-2015,0,1,0,1,retention
492981105016276,3,1.0,1,4,2,9300,93001,1,1,23.0,42,37980,45,2.0,1.0,,7,3,50,1.0,1,42,1,,2,1,2,1,2,57,120,120,1,0,0,2.0,1.0,,40.0,,40.0,,,,,,2.0,2.0,0.0,1,2.0,1.0,1.0,1992.0,923.07,1.0,,2.0,,,13013.7233,3138.3044,0,0,0.0,1.0,0,0,15880,2,,,3.0,,,,3147.4887,6290.0,5620.0,-1,,,,,,,103792.0,2014,650,647,0,0,0,0,0,14.0,17.0,23.0,2014,1.0,1,8,2,9300,93001,1,37980,45,2.0,1.0,,7,3,52,1.0,1,42,1,,1,2,1,2,57,120,120,1,0,0,2.0,2.0,4.0,40.0,,,,,,,,5.0,3.0,0.0,1,2.0,1.0,1.0,1400.0,850.0,1.0,,2.0,,,14005.2997,3391.6917,0,0,0.0,1.0,0,0,44666,2,,,3.0,,,,3409.0505,6290.0,5620.0,-1,,,,,,,105514.0,2015,662,647,0,0,0,0,0,14.0,17.0,23.0,2015,MIS4_to_MIS8,pennsylvania,0,2014-2015,1,0,0,0,retention
924285091903196,3,1.0,6,4,2,9300,93001,1,1,23.0,42,38300,3,2.0,1.0,,5,14,31,,2,44,1,,2,0,0,7,2,57,57,57,1,0,0,2.0,1.0,,40.0,,40.0,,,,,,2.0,3.0,0.0,1,2.0,2.0,2.0,,865.38,2.0,1.0,2.0,,,14725.6415,3568.5289,0,0,0.0,,0,0,62089,2,,,,,,2.0,3629.6578,7860.0,2310.0,-1,,,,,,,103999.0,2014,650,647,0,0,0,0,0,18.0,8.0,40.0,2014,1.0,6,8,2,9300,93001,1,38300,3,2.0,1.0,,5,14,32,,2,44,1,,0,0,7,2,57,57,57,1,0,0,2.0,1.0,,40.0,,40.0,,,,,,2.0,3.0,0.0,1,2.0,2.0,2.0,,961.53,1.0,,2.0,,,13916.8462,3390.4055,0,0,0.0,,0,0,24068,2,,,,,,,3409.4558,7860.0,2310.0,-1,,,,,,,105662.0,2015,662,647,0,0,0,0,0,,8.0,40.0,2015,MIS4_to_MIS8,pennsylvania,0,2014-2015,1,0,0,0,retention
701901184893472,3,1.0,1,4,2,9300,93001,1,1,23.0,42,0,55,3.0,2.0,,0,3,40,1.0,2,44,1,,2,1,2,1,2,57,57,57,1,0,0,2.0,1.0,,40.0,,40.0,,,,,,2.0,3.0,0.0,1,2.0,2.0,2.0,,1192.3,2.0,2.0,2.0,,,13651.0505,3343.8006,10,3,0.0,,0,0,15883,2,,,,,,3.0,3369.3951,7860.0,2310.0,-1,,,,,,,104216.0,2014,650,647,0,0,1,1,0,18.0,8.0,40.0,2014,1.0,1,8,2,9300,93001,1,0,55,3.0,2.0,,0,3,41,1.0,2,44,1,,1,2,1,2,57,57,57,1,0,0,2.0,1.0,,40.0,,40.0,,,,,,2.0,5.0,0.0,1,2.0,2.0,2.0,,1250.0,2.0,2.0,2.0,,,13281.2953,3392.4683,10,3,0.0,,0,0,60203,2,,,,,,,3359.4293,7860.0,2310.0,-1,,,,,,,105807.0,2015,662,647,0,0,1,1,0,,8.0,40.0,2015,MIS4_to_MIS8,pennsylvania,0,2014-2015,0,1,0,1,retention
902369310806406,3,3.0,1,4,2,9300,93001,1,1,23.0,42,0,0,3.0,2.0,,0,4,21,,2,40,1,,3,1,3,7,2,57,57,57,1,0,0,1.0,1.0,,37.0,,37.0,,,,,,2.0,2.0,0.0,1,2.0,1.0,1.0,900.0,311.53,2.0,2.0,2.0,,,15416.3997,3868.8583,0,0,0.0,0.0,0,0,15892,3,,,2.0,,,,3860.2464,6870.0,5160.0,-1,,,,,1.0,1.0,104231.0,2014,650,647,0,0,0,0,0,13.0,17.0,32.0,2014,1.0,1,8,2,9300,93001,1,0,0,3.0,2.0,,0,4,22,,2,40,1,,1,3,7,2,57,57,57,1,0,0,2.0,7.0,,,,,,,,,,1.0,4.0,0.0,2,,,,,,,,2.0,,,17824.8756,4633.8029,0,0,,,0,0,64599,3,,,2.0,,,,4505.7415,6870.0,5160.0,-1,,,,,1.0,1.0,105829.0,2015,662,647,0,0,0,0,0,13.0,17.0,32.0,2015,MIS4_to_MIS8,pennsylvania,0,2014-2015,0,1,0,1,retention
299920028230914,3,1.0,1,4,2,9300,93001,1,1,23.0,42,25420,43,,1.0,,4,1,49,2.0,1,45,4,,1,1,1,1,2,231,231,231,4,0,19,1.0,1.0,,80.0,,80.0,,,,,,2.0,2.0,0.0,1,2.0,2.0,2.0,,1153.0,2.0,2.0,2.0,,,12164.4973,2955.6341,3,2,1.0,,0,0,13176,1,,,,,,,2942.0956,8190.0,3060.0,-1,,,,,,,104370.0,2014,650,647,0,0,1,0,0,18.0,10.0,41.0,2014,1.0,1,8,2,9300,93001,1,25420,43,,1.0,,4,1,50,2.0,1,46,4,,1,1,1,2,231,231,231,4,0,19,1.0,1.0,,-4.0,,35.0,,,,,,2.0,2.0,0.0,1,1.0,2.0,2.0,,2307.69,2.0,2.0,2.0,,,17372.7891,4226.591,10,2,0.0,,0,0,15005,1,,,,,,,4228.736,8190.0,3060.0,-1,,,,,,,105983.0,2015,662,647,0,0,1,1,0,18.0,10.0,41.0,2015,MIS4_to_MIS8,pennsylvania,0,2014-2015,1,0,0,0,retention
902279610089400,3,1.0,1,4,2,9300,93001,1,1,23.0,42,27780,21,,1.0,,2,1,59,2.0,2,39,1,,1,1,1,1,2,57,57,57,1,0,0,1.0,1.0,,35.0,,35.0,,,,,,2.0,3.0,0.0,1,2.0,,1.0,1533.0,536.55,1.0,,,,,13321.3035,3280.9742,0,0,0.0,0.0,0,0,13125,1,1.0,,,,,,3277.7386,9470.0,5000.0,-1,,,,,,,104433.0,2014,650,647,0,0,0,0,0,12.0,17.0,51.0,2014,1.0,1,8,2,9300,93001,1,27780,21,,1.0,,2,1,60,2.0,2,39,1,,1,1,1,2,57,57,57,1,0,0,1.0,1.0,,35.0,,35.0,,,,,,2.0,3.0,0.0,1,2.0,,1.0,1500.0,525.0,1.0,,,,,16127.7891,4068.7956,0,0,0.0,0.0,0,0,4266,1,1.0,,,,,,4023.4809,9370.0,5000.0,-1,,,,,,,106081.0,2015,662,647,0,0,0,0,0,12.0,17.0,51.0,2015,MIS4_to_MIS8,pennsylvania,0,2014-2015,1,0,0,0,retention
922399210829400,3,1.0,4,4,2,9300,93001,1,1,23.0,42,25420,43,,1.0,,4,1,50,,2,39,1,,1,1,1,7,2,57,57,57,1,0,0,1.0,1.0,,38.0,,46.0,,,,,,2.0,2.0,0.0,1,2.0,1.0,1.0,1784.0,596.15,1.0,,2.0,,,12269.1409,2999.3704,4,1,0.0,0.0,0,0,37238,1,1.0,,,,,,2985.5861,9370.0,5400.0,-1,,,,,2.0,,104438.0,2014,650,647,0,0,0,1,0,12.0,17.0,51.0,2014,1.0,4,8,2,9300,93001,1,25420,43,,1.0,,4,1,51,,2,42,1,,1,1,7,2,57,57,57,1,0,0,1.0,1.0,,37.0,,44.0,,,,,,2.0,2.0,0.0,1,1.0,1.0,1.0,1883.0,650.0,1.0,,2.0,,,11229.5868,2821.2721,4,1,0.0,0.0,0,0,24145,1,,,1.0,,,,2814.9513,9380.0,5860.0,1310,,,,,2.0,,106090.0,2015,662,647,0,0,0,1,0,12.0,17.0,51.0,2015,MIS4_to_MIS8,pennsylvania,0,2014-2015,1,0,0,0,retention
210709948086740,4,1.0,7,4,2,9300,93001,1,1,,17,16980,0,1.0,1.0,1.0,7,2,55,,2,45,1,,1,0,0,7,2,57,57,165,1,0,0,1.0,1.0,,40.0,,40.0,,,,,,2.0,3.0,0.0,1,2.0,2.0,2.0,,1923.07,2.0,2.0,,,,11608.9665,2876.4861,0,0,0.0,,0,0,14007,1,,,,,,,2861.9842,7860.0,2100.0,-1,,,,,,,123866.0,2014,651,648,0,0,0,0,0,18.0,7.0,40.0,2014,1.0,7,8,2,9300,93001,1,16980,0,1.0,1.0,1.0,7,2,56,,2,45,1,,0,0,7,2,57,57,165,1,0,0,1.0,1.0,,55.0,,55.0,,,,,,2.0,3.0,0.0,1,2.0,2.0,2.0,,1961.53,2.0,2.0,,,,10866.9296,2710.4492,0,0,0.0,,0,0,58784,1,,,,,,,2677.2028,9370.0,2100.0,-1,,,,,,,125790.0,2015,663,648,0,0,0,0,0,18.0,7.0,51.0,2015,MIS4_to_MIS8,illinois,1,2014-2015,1,0,0,0,retention
690177007512600,4,1.0,4,4,2,9300,93001,1,1,,17,16980,0,1.0,1.0,,7,1,46,,2,40,2,,1,1,1,7,2,57,57,57,1,0,0,1.0,4.0,,,,,,,,104.0,2.0,11.0,2.0,0.0,2,,,,,,,,2.0,,,12971.9811,3082.2976,0,0,,,0,0,63699,1,,,2.0,,,,3146.7801,8290.0,2016.0,-1,,,,,,,123968.0,2014,651,648,0,0,0,0,0,13.0,6.0,42.0,2014,1.0,4,8,2,9300,93001,1,16980,0,1.0,1.0,1.0,7,1,47,,2,40,2,,1,1,7,2,57,57,57,1,0,0,1.0,1.0,,15.0,,10.0,,,15.0,,,6.0,2.0,0.0,1,2.0,,1.0,1300.0,195.0,2.0,2.0,2.0,,,11209.4351,2995.2855,0,0,0.0,0.0,0,0,35297,1,,,2.0,,,,2921.3482,9480.0,4610.0,-1,,,,,,,125887.0,2015,663,648,0,0,0,0,0,13.0,15.0,51.0,2015,MIS4_to_MIS8,illinois,1,2014-2015,1,0,0,0,retention
739770560960921,4,1.0,7,4,2,9300,93001,1,1,,17,16980,0,1.0,1.0,1.0,7,2,85,,2,43,2,,1,0,0,7,2,57,57,57,1,0,0,1.0,1.0,,40.0,,40.0,,,,,,2.0,2.0,0.0,1,2.0,2.0,2.0,,346.0,1.0,,,,,11869.8312,2798.0709,0,0,1.0,,0,0,14005,1,,,,2.0,,,2774.1113,7860.0,2310.0,-1,,,,,,,123995.0,2014,651,648,0,0,0,0,0,16.0,8.0,40.0,2014,1.0,7,8,2,9300,93001,1,16980,0,1.0,1.0,1.0,7,2,85,,2,43,2,,0,0,7,2,57,57,57,1,0,0,1.0,1.0,,40.0,,40.0,,,,,,2.0,2.0,0.0,1,2.0,,1.0,2300.0,920.0,1.0,,,,,12057.1645,2920.9751,0,0,1.0,1.0,0,42,9150,1,,,,,,,2848.8721,9480.0,5860.0,-1,,,,,,,125901.0,2015,663,648,0,0,0,0,0,,17.0,51.0,2015,MIS4_to_MIS8,illinois,1,2014-2015,1,0,0,0,retention
769030996100921,4,1.0,7,4,2,9300,93001,1,1,,17,16980,0,1.0,1.0,1.0,7,2,58,,2,44,2,,1,0,0,5,2,57,57,57,1,0,0,1.0,1.0,,-4.0,,49.0,,,,,,2.0,3.0,0.0,1,2.0,2.0,2.0,,2288.46,1.0,,,,,11579.5921,2994.6972,0,0,0.0,,0,0,34506,1,,,,,,3.0,2969.0538,7860.0,2320.0,-1,,,,,,,124009.0,2014,651,648,0,0,0,0,0,18.0,8.0,40.0,2014,1.0,7,8,2,9300,93001,1,16980,0,1.0,1.0,1.0,7,2,60,,2,44,2,,0,0,5,2,57,57,57,1,0,0,1.0,1.0,,40.0,,40.0,,,,,,2.0,2.0,0.0,1,2.0,,1.0,7212.0,2884.61,1.0,,,,,11525.0946,2997.2446,0,0,0.0,0.0,0,0,35309,1,,,,,,,2923.259,7860.0,2320.0,-1,,,,,,,125919.0,2015,663,648,0,0,0,0,0,,8.0,40.0,2015,MIS4_to_MIS8,illinois,1,2014-2015,1,0,0,0,retention
907097365129760,4,1.0,1,4,2,9300,93001,1,1,,17,16980,0,1.0,1.0,1.0,7,3,57,1.0,2,44,2,,2,1,2,1,2,57,57,57,1,0,0,2.0,1.0,,40.0,,40.0,,,,,,2.0,3.0,0.0,1,2.0,1.0,1.0,4000.0,800.0,1.0,,,,,11579.5921,2994.6972,0,0,0.0,1.0,0,0,58215,2,,,,,,3.0,2969.0538,7860.0,2310.0,-1,,,,,,,124035.0,2014,651,648,0,0,0,0,0,18.0,8.0,40.0,2014,1.0,1,8,2,9300,93001,1,16980,0,1.0,1.0,1.0,7,3,59,1.0,2,44,2,,1,2,1,2,57,57,57,1,0,0,2.0,1.0,,40.0,,40.0,,,,,,2.0,4.0,0.0,1,2.0,1.0,1.0,1300.0,445.0,2.0,2.0,,,,11541.5993,2997.2446,0,0,0.0,1.0,0,0,23206,2,,,,,,,2923.259,9090.0,4150.0,-1,,,,,,,125939.0,2015,663,648,0,0,0,0,0,,13.0,48.0,2015,MIS4_to_MIS8,illinois,1,2014-2015,0,1,0,1,retention
37838920329101,4,2.0,1,4,2,9300,93001,1,1,,17,16980,0,2.0,1.0,,7,1,67,2.0,1,43,1,,1,1,1,1,2,57,57,57,1,0,0,2.0,5.0,,,,,,,,,,1.0,2.0,0.0,2,,,,,,,,,,,9844.9367,2449.9596,0,0,,,0,0,13995,1,,,,2.0,,,2454.8063,7860.0,430.0,-1,,,,,,,124104.0,2014,651,648,0,0,0,0,0,16.0,1.0,40.0,2014,2.0,1,8,2,9300,93001,1,16980,0,2.0,1.0,,7,1,70,2.0,1,39,1,,1,1,1,2,57,57,57,1,0,0,2.0,5.0,,,,,,,,,,1.0,,,2,,,,,,,,,,,11720.811,2861.8519,0,0,,,0,0,23190,1,1.0,,,,,,2943.0396,,,-1,,,,,,,126040.0,2015,663,648,0,0,0,0,0,12.0,,,2015,MIS4_to_MIS8,illinois,1,2014-2015,0,1,0,0,retention
39331270917186,4,1.0,7,4,2,9300,93001,1,1,,17,16980,0,2.0,1.0,,7,2,64,,2,43,1,,1,0,0,5,2,156,156,156,4,0,15,1.0,1.0,,15.0,,25.0,,,22.0,,,7.0,3.0,0.0,1,2.0,1.0,1.0,2000.0,200.0,2.0,2.0,,,,11724.929,2900.1775,0,0,0.0,0.0,0,0,19417,1,,,,2.0,,,2879.2213,8570.0,2720.0,2340,,,,,,,124106.0,2014,651,648,0,0,0,0,0,16.0,9.0,44.0,2014,1.0,7,8,2,9300,93001,1,16980,0,2.0,1.0,,7,2,65,,2,43,1,,0,0,5,2,156,156,156,4,0,15,1.0,1.0,,15.0,,25.0,,,22.0,,,7.0,3.0,0.0,1,2.0,1.0,1.0,2400.0,150.0,2.0,2.0,,,,8899.8094,2475.1593,0,0,0.0,0.0,0,0,5217,1,,,,,,,2361.7941,8570.0,2720.0,2340,,,,,,,126042.0,2015,663,648,0,0,0,0,0,,9.0,44.0,2015,MIS4_to_MIS8,illinois,1,2014-2015,1,0,0,0,retention
71170042907094,4,2.0,1,4,2,9300,93001,1,1,,17,41180,163,2.0,1.0,,6,1,67,2.0,1,42,1,,1,1,1,1,2,57,57,57,1,0,0,2.0,1.0,,12.0,,12.0,,,19.0,,,7.0,3.0,0.0,1,2.0,2.0,2.0,,115.38,2.0,2.0,,,,9600.2257,2515.4459,0,0,0.0,,0,0,9676,1,,,4.0,,,,2454.2493,9370.0,430.0,-1,,,,,,,124123.0,2014,651,648,0,0,0,0,0,15.0,1.0,51.0,2014,2.0,1,8,2,9300,93001,1,41180,163,2.0,1.0,,6,1,68,2.0,1,42,1,,1,1,1,2,57,57,57,1,0,0,2.0,5.0,,,,,,,,,,1.0,3.0,0.0,2,,,,,,,,,,,11319.6326,2763.8968,0,0,,,0,0,19850,1,,,5.0,,,,2842.3056,9370.0,430.0,-1,,,,,,,126064.0,2015,663,648,0,0,0,0,0,16.0,1.0,51.0,2015,MIS4_to_MIS8,illinois,1,2014-2015,1,0,0,0,retention
202906281991897,4,1.0,1,4,2,9300,93001,1,1,,17,16980,0,2.0,1.0,,7,3,35,1.0,2,42,1,,2,1,2,1,2,57,57,57,1,0,0,2.0,1.0,,40.0,,40.0,,,,,,2.0,3.0,0.0,1,2.0,2.0,2.0,,346.15,1.0,,2.0,,,11349.162,2898.9724,2,1,0.0,,0,0,14346,2,,,3.0,,,,2872.8099,7860.0,2540.0,-1,,,,,,,124244.0,2014,651,648,0,1,0,0,1,14.0,8.0,40.0,2014,1.0,1,8,2,9300,93001,1,16980,0,2.0,1.0,,7,3,35,1.0,2,42,1,,1,2,1,2,57,57,57,1,0,0,2.0,1.0,,40.0,,40.0,,,,,,2.0,5.0,0.0,1,2.0,,1.0,1650.0,660.0,2.0,2.0,2.0,,,11399.6712,2874.7336,2,1,0.0,0.0,0,0,23602,2,,,3.0,,,,2839.3667,7860.0,2540.0,-1,,,,,,,126229.0,2015,663,648,0,1,0,0,1,14.0,8.0,40.0,2015,MIS4_to_MIS8,illinois,1,2014-2015,0,1,0,1,retention
620870098112019,4,1.0,1,4,2,9300,93001,1,1,,17,16980,0,2.0,1.0,,7,1,28,2.0,2,43,1,,1,1,1,1,2,57,57,57,1,0,0,1.0,1.0,,27.0,,27.0,,,15.0,,,6.0,3.0,0.0,1,2.0,2.0,2.0,,173.0,1.0,,2.0,,,11986.1388,3069.6633,5,2,1.0,,0,42,34654,1,,,,2.0,,,3074.2045,7860.0,2340.0,-1,,,,,,,124378.0,2014,651,648,1,1,0,0,1,16.0,8.0,40.0,2014,1.0,1,8,2,9300,93001,1,16980,0,2.0,1.0,,7,1,29,2.0,2,43,1,,1,1,1,2,57,57,57,1,0,0,1.0,1.0,,30.0,,50.0,,,,,,2.0,3.0,0.0,1,2.0,,1.0,1110.0,333.0,2.0,2.0,2.0,,,12746.0151,3268.3243,6,2,1.0,1.0,0,42,35430,1,,,,,,,3238.711,7860.0,5120.0,2340,,,,,,,126395.0,2015,663,648,1,0,1,0,1,,17.0,40.0,2015,MIS4_to_MIS8,illinois,1,2014-2015,1,0,0,0,retention
620870098112019,4,1.0,1,4,2,9300,93001,1,1,,17,16980,0,2.0,1.0,,7,3,31,1.0,1,40,1,,2,1,2,1,2,57,57,57,1,0,0,2.0,1.0,,40.0,,46.0,,,,,,2.0,3.0,0.0,1,1.0,,1.0,475.0,390.0,1.0,,2.0,,,12127.1033,2973.6655,5,2,1.0,1.0,0,42,34654,2,,,2.0,,,,3000.1349,7860.0,4250.0,-1,,,,,,,124379.0,2014,651,648,1,1,0,0,1,13.0,14.0,40.0,2014,1.0,1,8,2,9300,93001,1,16980,0,2.0,1.0,,7,3,32,1.0,1,40,1,,1,2,1,2,57,57,57,1,0,0,2.0,1.0,,40.0,,40.0,,,,,,2.0,4.0,0.0,1,2.0,,1.0,825.0,330.0,2.0,2.0,2.0,,,11573.0826,2947.2914,6,2,1.0,1.0,0,42,35430,2,,,2.0,,,,2949.5052,8680.0,4020.0,-1,,,,,,,126396.0,2015,663,648,1,0,1,0,1,13.0,13.0,46.0,2015,MIS4_to_MIS8,illinois,1,2014-2015,0,1,0,1,retention
708390133280921,4,1.0,4,4,2,9300,93001,1,1,,17,16980,0,2.0,1.0,,7,14,26,,1,39,2,,5,0,0,7,2,57,57,57,1,0,0,2.0,7.0,,,,,,,,,,1.0,3.0,0.0,2,,,,,,,,1.0,1.0,2.0,17569.0615,4347.8944,0,0,,,0,0,54423,5,1.0,,,,,,4647.011,9470.0,3850.0,-1,,,,,,,124406.0,2014,651,648,0,0,0,0,0,12.0,12.0,51.0,2014,6.0,4,8,2,9300,93001,1,16980,0,2.0,1.0,,7,14,27,,1,39,2,,0,0,7,2,57,57,57,1,0,0,2.0,7.0,,,,,,,,,,1.0,,,2,,,,,,,,2.0,,,20018.1509,5064.2153,0,0,,,0,0,35305,5,1.0,,,,,,4890.8929,,,-1,,,,,,,126421.0,2015,663,648,0,0,0,0,0,12.0,,,2015,MIS4_to_MIS8,illinois,1,2014-2015,0,1,0,0,retention
720196978700256,4,2.0,1,4,2,9300,93001,1,1,,17,16980,0,2.0,1.0,,7,3,34,1.0,2,44,1,,2,1,2,1,2,57,57,57,1,0,0,1.0,2.0,8.0,40.0,,,,,,,,5.0,2.0,0.0,1,2.0,2.0,2.0,,738.46,1.0,,2.0,,,11352.6615,2863.1916,1,1,0.0,,0,0,9591,2,,,,,,3.0,2911.7302,7860.0,2320.0,-1,,,,,,,124421.0,2014,651,648,1,0,0,0,1,18.0,8.0,40.0,2014,2.0,1,8,2,9300,93001,1,16980,0,2.0,1.0,,7,3,35,1.0,2,44,1,,1,2,1,2,57,57,57,1,0,0,1.0,1.0,,40.0,,40.0,,,,,,2.0,2.0,0.0,1,2.0,2.0,2.0,,1153.84,1.0,,2.0,,,11399.6712,2874.7336,1,1,0.0,,0,0,33332,2,,,,,,,2839.3667,7860.0,2310.0,-1,,,,,,,126432.0,2015,663,648,1,0,0,0,1,,8.0,40.0,2015,MIS4_to_MIS8,illinois,1,2014-2015,1,0,0,0,retention
738480780600921,4,3.0,1,4,2,9300,93001,1,1,,17,16980,0,2.0,1.0,,7,1,28,2.0,2,44,1,1.0,1,1,1,1,2,303,303,303,4,0,11,2.0,1.0,,60.0,,60.0,,,,,,2.0,3.0,0.0,1,2.0,2.0,2.0,,1000.0,1.0,,2.0,,,11363.8389,2928.341,0,0,0.0,,0,0,63704,1,,,,,,3.0,2914.597,7860.0,2310.0,-1,,,,,3.0,1.0,124423.0,2014,651,648,0,0,0,0,0,18.0,8.0,40.0,2014,1.0,1,8,2,9300,93001,1,16980,0,2.0,1.0,,7,1,29,2.0,2,44,1,1.0,1,1,1,2,303,303,303,4,0,11,1.0,1.0,,40.0,,40.0,,,,,,2.0,3.0,0.0,1,2.0,2.0,2.0,,961.53,1.0,,2.0,,,11482.4582,2937.2977,1,1,0.0,,0,0,23192,1,,,,,,,2917.6463,7860.0,2310.0,-1,,,,,3.0,1.0,126443.0,2015,663,648,1,0,0,0,1,,8.0,40.0,2015,MIS4_to_MIS8,illinois,1,2014-2015,1,0,0,0,retention
817289320479107,4,1.0,4,4,2,9300,93001,1,1,,17,16980,0,2.0,1.0,,7,1,52,,2,39,1,1.0,1,1,1,5,2,303,303,303,4,0,11,1.0,1.0,,36.0,,36.0,,,,,,2.0,3.0,0.0,1,2.0,2.0,2.0,,500.0,2.0,2.0,2.0,,,11462.4594,2967.3062,0,0,1.0,,0,42,14150,1,1.0,,,,,,2920.1843,7860.0,2540.0,-1,,,,,,,124470.0,2014,651,648,0,0,0,0,0,12.0,8.0,40.0,2014,1.0,7,8,2,9300,93001,1,16980,0,2.0,1.0,,7,2,53,,2,39,1,1.0,0,0,5,2,303,303,303,4,0,11,1.0,1.0,,35.0,,35.0,,,,,,2.0,3.0,0.0,1,2.0,2.0,2.0,,365.38,2.0,2.0,2.0,,,10419.2097,2607.4868,0,0,0.0,,0,0,35399,1,1.0,,,,,,2561.3353,7860.0,2540.0,-1,,,,,,,126492.0,2015,663,648,0,0,0,0,0,12.0,8.0,40.0,2015,MIS4_to_MIS8,illinois,1,2014-2015,1,0,0,0,retention
271680082909260,4,1.0,1,4,2,9300,93001,1,1,,17,0,0,3.0,2.0,,0,3,50,1.0,1,43,1,,2,1,2,1,2,57,57,57,1,0,0,2.0,1.0,,40.0,,40.0,,,,,,2.0,2.0,0.0,1,2.0,2.0,2.0,,1692.3,2.0,2.0,2.0,,,11993.9479,3022.3061,10,2,0.0,,0,0,2591,2,,,,2.0,,,3011.8067,9470.0,4620.0,-1,,,,,,,124636.0,2014,651,648,0,0,1,1,0,16.0,15.0,51.0,2014,1.0,1,8,2,9300,93001,1,0,0,3.0,2.0,,0,3,50,1.0,1,43,1,,1,2,1,2,57,57,57,1,0,0,2.0,1.0,,40.0,,40.0,,,,,,2.0,2.0,0.0,1,2.0,2.0,2.0,,1692.3,2.0,2.0,2.0,,,13545.2143,3453.0182,4,2,0.0,,0,0,23552,2,,,,,,,3399.9689,9470.0,4620.0,-1,,,,,,,126621.0,2015,663,648,0,0,0,1,0,,15.0,51.0,2015,MIS4_to_MIS8,illinois,1,2014-2015,1,0,0,0,retention
199962704005789,4,2.0,1,4,2,9300,93001,1,1,,17,44100,0,,1.0,,2,1,56,2.0,2,43,1,,1,1,1,1,2,57,57,57,1,0,0,2.0,1.0,,40.0,,42.0,,,,,,2.0,2.0,0.0,1,2.0,2.0,2.0,,1846.15,2.0,1.0,,,,11977.1106,2967.7053,0,0,0.0,,0,0,9678,1,,,,2.0,,,2952.7436,9480.0,420.0,-1,,,,,,,124758.0,2014,651,648,0,0,0,0,0,16.0,1.0,51.0,2014,1.0,1,8,2,9300,93001,1,44100,0,,1.0,,2,1,57,2.0,2,43,1,,1,1,1,2,57,57,57,1,0,0,1.0,1.0,,40.0,,40.0,,,,,,2.0,2.0,0.0,1,2.0,,1.0,1675.0,670.0,1.0,,,,,14897.3609,3715.7267,0,0,1.0,1.0,0,0,35490,1,,,,,,,3670.1495,9480.0,650.0,-1,,,,,,,126719.0,2015,663,648,0,0,0,0,0,,2.0,51.0,2015,MIS4_to_MIS8,illinois,1,2014-2015,1,0,0,0,retention
210709982905699,4,1.0,1,4,2,9300,93001,1,1,,17,19340,0,,1.0,,3,1,44,2.0,2,37,1,,1,1,1,1,2,57,57,57,1,0,0,1.0,1.0,,24.0,,24.0,,,22.0,,,7.0,3.0,0.0,1,2.0,,1.0,1138.0,273.12,1.0,,2.0,,,10709.174,2695.905,0,0,0.0,0.0,0,0,58254,1,,,,,,,2710.81,8370.0,3600.0,-1,,,,,,,124769.0,2014,651,648,0,0,0,0,0,11.0,11.0,43.0,2014,2.0,1,8,2,9300,93001,1,19340,0,,1.0,,3,1,45,2.0,2,37,1,,1,1,1,2,57,57,57,1,0,0,2.0,1.0,,24.0,,24.0,,,22.0,,,7.0,3.0,0.0,1,2.0,,1.0,1165.0,279.6,2.0,2.0,2.0,,,11447.5703,2830.6921,0,0,0.0,0.0,0,0,35418,1,,,,,,,2814.1353,9480.0,3600.0,-1,,,,,,,126729.0,2015,663,648,0,0,0,0,0,11.0,11.0,51.0,2015,MIS4_to_MIS8,illinois,1,2014-2015,1,0,0,0,retention
210709996717695,4,1.0,1,4,2,9300,93001,1,1,,17,16580,0,,1.0,,2,1,27,2.0,1,44,1,,1,1,1,1,2,57,57,57,1,0,0,1.0,1.0,,70.0,,70.0,,,,,,2.0,2.0,0.0,1,2.0,2.0,2.0,,480.76,1.0,,1.0,1.0,2.0,15685.4175,3862.751,0,0,0.0,,0,0,19416,1,,,,,,3.0,3880.4294,7870.0,2200.0,-1,,,,,,,124774.0,2014,651,648,0,0,0,0,0,18.0,8.0,40.0,2014,1.0,1,8,2,9300,93001,1,16580,0,,1.0,,2,1,28,2.0,1,44,1,,1,1,1,2,57,57,57,1,0,0,1.0,1.0,,70.0,,70.0,,,,,,2.0,2.0,0.0,1,2.0,2.0,2.0,,500.0,1.0,,1.0,1.0,2.0,13392.0117,3406.4471,0,0,0.0,,0,0,5207,1,,,,,,,3413.0758,7870.0,1965.0,-1,,,,,,,126732.0,2015,663,648,0,0,0,0,0,,5.0,40.0,2015,MIS4_to_MIS8,illinois,1,2014-2015,1,0,0,0,retention
210709996717695,4,1.0,1,4,2,9300,93001,1,1,,17,16580,0,,1.0,,2,3,30,1.0,2,44,4,,2,1,2,1,2,240,240,240,5,0,21,2.0,1.0,,70.0,,70.0,,,,,,2.0,2.0,0.0,1,2.0,2.0,2.0,,480.76,1.0,,1.0,1.0,2.0,14014.2008,3564.4328,0,0,0.0,,0,0,19416,2,,,,,,2.0,3594.3618,7870.0,2200.0,-1,,,,,,,124775.0,2014,651,648,0,0,0,0,0,18.0,8.0,40.0,2014,1.0,1,8,2,9300,93001,1,16580,0,,1.0,,2,3,31,1.0,2,44,4,,1,2,1,2,240,240,240,5,0,21,2.0,1.0,,70.0,,70.0,,,,,,2.0,2.0,0.0,1,2.0,2.0,2.0,,500.0,1.0,,1.0,1.0,2.0,15367.6812,3845.0912,0,0,0.0,,0,0,5207,2,,,,,,,3904.8658,7870.0,1965.0,-1,,,,,,,126733.0,2015,663,648,0,0,0,0,0,,5.0,40.0,2015,MIS4_to_MIS8,illinois,1,2014-2015,1,0,0,0,retention
502907171996967,4,1.0,7,4,2,9300,93001,1,1,,17,16580,0,,1.0,,2,2,27,,2,45,2,,1,0,0,7,2,57,330,330,1,0,0,1.0,1.0,,45.0,4.0,32.0,,,4.0,,,4.0,2.0,0.0,1,2.0,2.0,2.0,,1015.38,1.0,,2.0,,,13183.9965,3244.0508,0,0,0.0,,0,0,13940,1,,,,,,,3332.1016,7870.0,230.0,-1,,,,,,,124793.0,2014,651,648,0,0,0,0,0,18.0,1.0,40.0,2014,1.0,4,8,2,9300,93001,1,16580,0,,1.0,,2,1,28,,2,45,2,,1,1,7,2,57,330,330,1,0,0,1.0,1.0,,40.0,,40.0,,,,,,2.0,2.0,0.0,1,2.0,2.0,2.0,,850.0,2.0,2.0,2.0,,,12822.2973,3066.0634,0,0,1.0,,0,42,35286,1,,,,,,,3048.6939,7860.0,5860.0,-1,,,,,,,126742.0,2015,663,648,0,0,0,0,0,18.0,17.0,40.0,2015,MIS4_to_MIS8,illinois,1,2014-2015,1,0,0,0,retention
210809975257197,4,1.0,1,4,2,9300,93001,1,1,,18,23060,0,1.0,1.0,,3,1,55,2.0,1,43,2,,1,1,1,1,2,57,57,57,1,0,0,1.0,1.0,,40.0,,40.0,,,,,,2.0,3.0,0.0,1,2.0,2.0,2.0,,769.23,1.0,,,,,9834.3624,2489.7371,0,0,0.0,,0,0,9690,1,,,,1.0,1.0,,2478.8284,7860.0,2310.0,-1,,,,,,,124881.0,2014,651,648,0,0,0,0,0,18.0,8.0,40.0,2014,1.0,1,8,2,9300,93001,1,23060,0,1.0,1.0,,3,1,56,2.0,1,43,2,,1,1,1,2,57,57,57,1,0,0,1.0,1.0,,40.0,,40.0,,,,,,2.0,3.0,0.0,1,2.0,2.0,2.0,,769.23,1.0,,,,,9871.3913,2527.9581,0,0,0.0,,0,0,23653,1,,,,,,,2505.6226,7860.0,2310.0,-1,,,,,,,126834.0,2015,663,648,0,0,0,0,0,,8.0,40.0,2015,MIS4_to_MIS8,indiana,0,2014-2015,1,0,0,0,retention
202904691996968,4,1.0,1,4,2,9300,93001,1,1,,18,26900,57,2.0,1.0,,5,3,34,1.0,2,45,1,,2,1,2,1,2,57,57,57,1,0,0,2.0,1.0,,40.0,,55.0,,,,,,2.0,2.0,0.0,1,2.0,2.0,2.0,,1384.61,2.0,2.0,2.0,,,16267.8709,4058.9588,11,3,0.0,,0,0,34806,2,,,,,,,4172.383,7870.0,2200.0,2200,,,,,,,125019.0,2014,651,648,1,1,1,0,1,18.0,8.0,40.0,2014,2.0,1,8,2,9300,93001,1,26900,57,2.0,1.0,,5,3,35,1.0,2,46,1,,1,2,1,2,57,57,57,1,0,0,1.0,1.0,,40.0,,47.0,,,,,,2.0,2.0,0.0,1,2.0,2.0,2.0,,1153.84,2.0,2.0,2.0,,,14279.3543,3565.0254,11,3,0.0,,0,0,5301,2,,,,,,,3556.6222,7870.0,2200.0,2200,,,,,,,126988.0,2015,663,648,1,1,1,0,1,18.0,8.0,40.0,2015,MIS4_to_MIS8,indiana,0,2014-2015,1,0,0,0,retention
210809906593371,4,1.0,1,4,2,9300,93001,1,1,,18,16980,89,2.0,1.0,,7,3,53,1.0,2,39,1,,2,1,2,1,2,57,57,57,1,0,0,2.0,1.0,,20.0,,25.0,,,23.0,,,7.0,3.0,0.0,1,2.0,1.0,1.0,757.0,125.0,1.0,,2.0,,,11117.1135,2836.8419,0,0,0.0,1.0,0,0,9722,2,1.0,,,,,,2832.2038,7860.0,4600.0,-1,,,,,,,125025.0,2014,651,648,0,0,0,0,0,12.0,15.0,40.0,2014,1.0,1,8,2,9300,93001,1,16980,89,2.0,1.0,,7,3,54,1.0,2,39,1,,1,2,1,2,57,57,57,1,0,0,2.0,1.0,,25.0,,25.0,,,22.0,,,7.0,3.0,0.0,1,2.0,,1.0,1000.0,250.0,2.0,2.0,2.0,,,11236.5919,2773.58,0,0,1.0,1.0,0,42,5305,2,1.0,,,,,,2762.2709,7860.0,5820.0,-1,,,,,,,126996.0,2015,663,648,0,0,0,0,0,12.0,17.0,40.0,2015,MIS4_to_MIS8,indiana,0,2014-2015,1,0,0,0,retention
210809958804399,4,1.0,1,4,2,9300,93001,1,1,,18,43780,141,2.0,1.0,,3,4,45,5.0,2,40,1,,4,2,1,1,2,57,57,57,1,0,0,2.0,1.0,,40.0,,40.0,,,,,,2.0,3.0,0.0,1,2.0,2.0,2.0,,346.0,2.0,2.0,2.0,,,11670.0949,2958.4713,3,1,1.0,,0,42,44404,4,,,3.0,,,,2973.0817,7860.0,2310.0,-1,,,,,1.0,1.0,125036.0,2014,651,648,0,0,1,0,0,14.0,8.0,40.0,2014,1.0,1,8,2,9300,93001,1,43780,141,2.0,1.0,,3,4,46,5.0,2,40,1,,2,1,1,2,57,57,57,1,0,0,2.0,1.0,,30.0,,30.0,,,22.0,,,7.0,4.0,0.0,1,2.0,,1.0,1000.0,300.0,2.0,2.0,2.0,,,10888.9762,2665.7238,3,1,1.0,1.0,0,42,44968,4,,,2.0,,,,2676.8171,8190.0,5400.0,-1,,,,,1.0,1.0,127007.0,2015,663,648,0,0,1,0,0,13.0,17.0,41.0,2015,MIS4_to_MIS8,indiana,0,2014-2015,0,1,0,1,retention
210809939555190,4,2.0,1,4,2,9300,93001,1,1,,18,33140,91,,1.0,,2,3,42,1.0,2,44,1,,2,1,2,1,2,57,57,57,1,0,0,1.0,1.0,,19.0,,12.0,,,23.0,,,7.0,3.0,0.0,1,2.0,2.0,2.0,,553.84,1.0,,2.0,,,14970.0346,3728.2293,3,2,0.0,,0,0,32413,2,,,,,,2.0,3789.3603,7860.0,2310.0,-1,,,,,,,125293.0,2014,651,648,0,0,1,0,0,18.0,8.0,40.0,2014,2.0,1,8,2,9300,93001,1,33140,91,,1.0,,2,3,44,1.0,2,44,1,,1,2,1,2,57,57,57,1,0,0,1.0,1.0,,-4.0,,20.0,,,18.0,,,7.0,3.0,0.0,1,2.0,2.0,2.0,,400.0,1.0,,2.0,,,16797.9649,4229.5368,10,2,1.0,,0,42,44926,2,,,,,,,4183.9437,7860.0,2310.0,-1,,,,,,,127294.0,2015,663,648,0,0,1,1,0,,8.0,40.0,2015,MIS4_to_MIS8,indiana,0,2014-2015,1,0,0,0,retention
50083260919996,4,1.0,3,4,2,9300,93001,1,1,,36,35620,81,1.0,1.0,,7,1,29,,1,39,2,,1,1,1,7,2,57,57,57,1,0,0,1.0,1.0,,40.0,,40.0,,,,,,2.0,3.0,0.0,1,1.0,1.0,1.0,1425.0,580.0,1.0,,2.0,,,16515.0199,4143.3453,0,0,0.0,0.0,0,0,29488,1,2.0,8.0,,,,,4041.678,7860.0,4220.0,-1,,,,,3.0,,135836.0,2014,651,648,0,0,0,0,0,12.0,14.0,40.0,2014,3.0,3,8,2,9300,93001,1,35620,81,1.0,1.0,,7,1,30,,1,39,2,,1,1,7,2,57,57,57,1,0,0,2.0,1.0,,40.0,,40.0,,,,,,2.0,4.0,0.0,1,1.0,,1.0,1600.0,1000.0,2.0,2.0,2.0,,,13621.0592,3124.8877,0,0,1.0,1.0,0,42,30468,1,2.0,8.0,,,,,3133.573,770.0,6230.0,-1,,,,,3.0,,137917.0,2015,663,648,0,0,0,0,0,12.0,19.0,4.0,2015,MIS4_to_MIS8,new_york,0,2014-2015,0,1,0,1,retention
56699420509302,4,1.0,4,4,2,9300,93001,1,1,,36,35620,61,1.0,1.0,,7,1,46,,2,42,2,,1,1,1,7,2,57,57,57,1,0,0,1.0,1.0,,40.0,,40.0,,,,,,2.0,3.0,0.0,1,2.0,2.0,2.0,,865.38,2.0,2.0,2.0,,,11391.9723,2951.7738,4,1,0.0,,0,0,23825,1,,,2.0,,,,2914.2336,8370.0,5700.0,-1,,,,,,,135843.0,2014,651,648,0,0,0,1,0,13.0,17.0,43.0,2014,1.0,4,8,2,9300,93001,1,35620,61,1.0,1.0,,7,1,47,,2,43,2,,1,1,7,2,57,57,57,1,0,0,1.0,1.0,,40.0,,40.0,,,,,,2.0,3.0,0.0,1,2.0,1.0,1.0,2228.0,1000.0,1.0,,2.0,,,12342.5033,3299.6958,0,0,1.0,1.0,0,0,15568,1,,,,,,,3216.6429,8370.0,2010.0,-1,,,,,,,137926.0,2015,663,648,0,0,0,0,0,,6.0,43.0,2015,MIS4_to_MIS8,new_york,0,2014-2015,1,0,0,0,retention
100869096132439,4,1.0,6,4,2,9300,93001,1,1,,36,35620,5,1.0,1.0,,7,2,64,,1,42,1,2.0,1,0,0,5,2,57,57,57,1,0,0,1.0,1.0,,40.0,,40.0,,,,,,2.0,3.0,0.0,1,2.0,2.0,2.0,,2115.38,1.0,,,,,14957.4207,3756.7311,0,0,0.0,,0,0,40473,1,,,3.0,,,,3668.1545,7860.0,2330.0,-1,,,,,,,135876.0,2014,651,648,0,0,0,0,0,14.0,8.0,40.0,2014,1.0,6,8,2,9300,93001,1,35620,5,1.0,1.0,,7,2,65,,1,42,1,2.0,0,0,5,2,57,57,57,1,0,0,1.0,1.0,,35.0,,35.0,,,,,,2.0,3.0,0.0,1,2.0,2.0,2.0,,2115.38,1.0,,,,,13573.2675,3506.2767,0,0,0.0,,0,0,1990,1,,,4.0,,,,3389.3412,7860.0,230.0,-1,,,,,,,137956.0,2015,663,648,0,0,0,0,0,15.0,1.0,40.0,2015,MIS4_to_MIS8,new_york,0,2014-2015,1,0,0,0,retention
230609940988196,4,1.0,4,4,2,9300,93001,1,1,,36,35620,81,1.0,1.0,,7,1,46,,2,44,1,,1,1,1,5,2,116,116,116,4,0,5,1.0,1.0,,35.0,,43.0,,,,,,2.0,3.0,0.0,1,2.0,2.0,2.0,,1538.46,1.0,,2.0,,,11309.1623,2910.1548,4,1,0.0,,0,0,23911,1,,,,,,2.0,2881.1303,7860.0,2310.0,2850,,,,,4.0,,135955.0,2014,651,648,0,0,0,1,0,18.0,8.0,40.0,2014,1.0,4,8,2,9300,93001,1,35620,81,1.0,1.0,,7,1,47,,2,44,1,,1,1,5,2,116,116,116,4,0,5,1.0,1.0,,40.0,,40.0,,,,,,2.0,3.0,0.0,1,2.0,2.0,2.0,,2692.0,1.0,,1.0,2.0,2.0,14656.0695,3625.8763,4,1,1.0,,43,42,30471,1,,,,,,,3602.8748,7860.0,2310.0,-1,,,,,4.0,,138046.0,2015,663,648,0,0,0,1,0,,8.0,40.0,2015,MIS4_to_MIS8,new_york,0,2014-2015,1,0,0,0,retention
230609980037442,4,1.0,1,4,2,9300,93001,1,1,,36,35620,81,1.0,1.0,,7,1,61,2.0,2,40,2,,1,1,1,1,2,57,57,57,1,0,0,1.0,1.0,,40.0,,40.0,,,,,,2.0,3.0,0.0,1,2.0,2.0,2.0,,2096.0,1.0,,,,,10995.3318,2867.8829,0,0,1.0,,0,0,29489,1,,,3.0,,,,2831.4096,7860.0,2540.0,-1,,,,,,,135969.0,2014,651,648,0,0,0,0,0,14.0,8.0,40.0,2014,1.0,1,8,2,9300,93001,1,35620,81,1.0,1.0,,7,1,62,2.0,2,40,2,,1,1,1,2,57,57,57,1,0,0,1.0,1.0,,40.0,,40.0,,,,,,2.0,3.0,0.0,1,2.0,2.0,2.0,,475.0,1.0,,,,,12690.0701,3301.8539,0,0,0.0,,0,0,2292,1,,,3.0,,,,3218.7468,7860.0,2540.0,-1,,,,,,,138060.0,2015,663,648,0,0,0,0,0,14.0,8.0,40.0,2015,MIS4_to_MIS8,new_york,0,2014-2015,1,0,0,0,retention
323390539600234,4,2.0,1,4,2,9300,93001,1,1,,36,35620,81,1.0,1.0,,7,3,59,1.0,1,39,1,5.0,2,1,2,1,2,312,312,312,4,0,10,1.0,1.0,,45.0,,45.0,,,,,,2.0,2.0,0.0,1,2.0,2.0,2.0,,937.0,1.0,,,,,14347.8997,3601.2365,4,1,1.0,,0,0,23907,2,1.0,,,,,,3541.8815,4170.0,9130.0,-1,,,,,,,136013.0,2014,651,648,0,0,0,1,0,12.0,22.0,21.0,2014,1.0,1,8,2,9300,93001,1,35620,81,1.0,1.0,,7,3,60,1.0,1,39,1,5.0,1,2,1,2,312,312,312,4,0,10,2.0,1.0,,40.0,,40.0,,,,,,2.0,1.0,0.0,1,2.0,1.0,1.0,1400.0,830.0,2.0,2.0,,,,13658.046,3622.3456,4,1,1.0,1.0,0,0,56175,2,1.0,,,,,,3550.2583,9480.0,9130.0,-1,,,,,,,138142.0,2015,663,648,0,0,0,1,0,12.0,22.0,51.0,2015,MIS4_to_MIS8,new_york,0,2014-2015,0,1,1,0,retention
390902103071609,4,1.0,1,4,2,9300,93001,1,1,,36,35620,5,1.0,1.0,,7,1,71,2.0,1,39,1,,1,1,1,1,2,57,120,120,1,0,0,1.0,1.0,,40.0,,40.0,,,,,,2.0,2.0,0.0,1,2.0,2.0,2.0,,1346.0,2.0,2.0,,,,13673.5608,3597.8167,0,0,1.0,,0,42,40475,1,1.0,,,,,,3495.5769,770.0,5420.0,-1,4.0,,,,,,136019.0,2014,651,648,0,0,0,0,0,12.0,17.0,4.0,2014,1.0,1,8,2,9300,93001,1,35620,5,1.0,1.0,,7,1,72,2.0,1,39,1,,1,1,1,2,57,120,120,1,0,0,1.0,1.0,,40.0,,40.0,,,,,,2.0,2.0,0.0,1,2.0,2.0,2.0,,576.0,1.0,,,,,13188.6991,3438.7826,0,0,1.0,,0,0,41064,1,1.0,,,,,,3293.3117,8190.0,5310.0,-1,4.0,,,,,,138155.0,2015,663,648,0,0,0,0,0,12.0,17.0,41.0,2015,MIS4_to_MIS8,new_york,0,2014-2015,1,0,0,0,retention
392972806016627,4,1.0,6,4,2,9300,93001,1,1,,36,35620,61,1.0,1.0,,7,2,28,,1,44,1,,1,0,0,7,2,57,57,57,1,0,0,1.0,1.0,,50.0,,50.0,,,,,,2.0,3.0,0.0,1,2.0,2.0,2.0,,1038.46,1.0,,2.0,,,16878.2372,4173.9918,0,0,0.0,,0,0,32573,1,,,,,,2.0,4175.5221,7860.0,2310.0,-1,,,,,,,136055.0,2014,651,648,0,0,0,0,0,18.0,8.0,40.0,2014,1.0,6,8,2,9300,93001,1,35620,61,1.0,1.0,,7,2,29,,1,44,1,,0,0,7,2,57,57,57,1,0,0,1.0,1.0,,50.0,,50.0,,,,,,2.0,3.0,0.0,1,1.0,2.0,2.0,,2307.69,1.0,,2.0,,,13515.0455,3439.4539,0,0,0.0,,0,0,56155,1,,,,,,,3444.4321,7860.0,2310.0,-1,,,,,,,138180.0,2015,663,648,0,0,0,0,0,,8.0,40.0,2015,MIS4_to_MIS8,new_york,0,2014-2015,1,0,0,0,retention
396942702067674,4,1.0,3,4,2,9300,93001,1,1,,36,35620,47,1.0,1.0,,7,1,37,,1,44,2,,1,1,1,7,2,57,57,57,1,0,0,1.0,1.0,,50.0,,45.0,,,,,,2.0,3.0,0.0,1,2.0,2.0,2.0,,1000.0,2.0,2.0,2.0,,,9646.8382,2601.6631,1,1,0.0,,0,0,23723,1,,,,,,3.0,2519.254,8370.0,420.0,-1,,,,,,,136073.0,2014,651,648,1,0,0,0,1,18.0,1.0,43.0,2014,1.0,3,8,2,9300,93001,1,35620,47,1.0,1.0,,7,1,38,,1,44,2,,1,1,3,2,57,57,57,1,0,0,1.0,1.0,,40.0,,40.0,,,,,,2.0,3.0,0.0,1,2.0,,1.0,3100.0,1240.0,2.0,2.0,2.0,,,17114.236,4425.7879,1,1,1.0,1.0,0,0,41124,1,,,,,,,4305.635,8370.0,420.0,-1,,,,,,,138188.0,2015,663,648,1,0,0,0,1,,1.0,43.0,2015,MIS4_to_MIS8,new_york,0,2014-2015,1,0,0,0,retention
396942702067674,4,1.0,3,4,2,9300,93001,1,1,,36,35620,47,1.0,1.0,,7,14,37,,2,44,2,,2,0,0,7,2,57,57,57,1,0,0,2.0,2.0,5.0,50.0,,,,,,,,5.0,3.0,0.0,1,2.0,2.0,2.0,,2076.0,2.0,2.0,2.0,,,10861.8172,2736.5648,0,0,1.0,,0,0,23723,2,,,,,,3.0,2731.1592,8370.0,2010.0,-1,,,,,,,136075.0,2014,651,648,0,0,0,0,0,18.0,6.0,43.0,2014,1.0,3,8,2,9300,93001,1,35620,47,1.0,1.0,,7,14,38,,2,44,2,,0,0,3,2,57,57,57,1,0,0,2.0,1.0,,40.0,,40.0,,,,,,2.0,3.0,0.0,1,2.0,,1.0,2228.0,891.2,2.0,2.0,2.0,,,10509.8405,2547.7456,1,1,1.0,1.0,0,0,41124,2,,,,,,,2495.5687,8370.0,2010.0,-1,,,,,,,138190.0,2015,663,648,1,0,0,0,1,,6.0,43.0,2015,MIS4_to_MIS8,new_york,0,2014-2015,1,0,0,0,retention
402907483990676,4,2.0,1,4,2,9300,93001,1,1,,36,35620,85,1.0,1.0,,7,4,26,,2,40,1,,3,1,3,7,2,164,164,164,5,21,19,2.0,1.0,,20.0,,20.0,,,14.0,,,6.0,3.0,0.0,1,2.0,2.0,2.0,,480.0,1.0,,2.0,,,14587.9308,3751.7078,0,0,1.0,,0,42,4904,3,,,4.0,,,,3741.512,7860.0,2010.0,-1,,,,,2.0,1.0,136105.0,2014,651,648,0,0,0,0,0,15.0,6.0,40.0,2014,2.0,1,8,2,9300,93001,1,35620,85,1.0,1.0,,7,4,26,,2,40,1,,1,3,7,2,164,164,164,5,21,20,2.0,7.0,,,,,,,,,,1.0,,,2,,,,,,,,2.0,,,14441.3467,3594.7403,0,0,,,0,0,15780,3,,,4.0,,,,3680.862,,,-1,,,,,2.0,1.0,138208.0,2015,663,648,0,0,0,0,0,15.0,,,2015,MIS4_to_MIS8,new_york,0,2014-2015,0,1,0,0,retention
500863092532519,4,2.0,1,4,2,9300,93001,1,1,,36,35620,81,1.0,1.0,,7,3,55,1.0,2,43,4,,2,1,2,1,2,207,207,207,4,0,7,1.0,1.0,,35.0,,35.0,,,,,,2.0,3.0,0.0,1,2.0,2.0,2.0,,1423.0,1.0,,,,,10345.6264,2619.6566,0,0,1.0,,0,42,23910,2,,,,2.0,,,2550.5302,7860.0,2540.0,-1,,,,,,,136147.0,2014,651,648,0,0,0,0,0,16.0,8.0,40.0,2014,1.0,1,8,2,9300,93001,1,35620,81,1.0,1.0,,7,3,56,1.0,2,43,4,,1,2,1,2,207,207,207,4,0,7,2.0,1.0,,-4.0,,35.0,,,,,,2.0,3.0,0.0,1,2.0,2.0,2.0,,576.92,1.0,,,,,14648.6049,3677.2497,0,0,0.0,,0,0,15726,2,,,,,,,3608.8654,7860.0,2540.0,-1,,,,,,,138265.0,2015,663,648,0,0,0,0,0,,8.0,40.0,2015,MIS4_to_MIS8,new_york,0,2014-2015,1,0,0,0,retention
602909883991406,4,1.0,1,4,2,9300,93001,1,1,,36,35620,81,1.0,1.0,,7,1,51,2.0,1,46,1,,1,1,1,1,2,57,57,57,1,0,0,1.0,1.0,,35.0,,35.0,,,,,,2.0,2.0,0.0,1,2.0,2.0,2.0,,1923.19,1.0,,2.0,,,14412.372,3646.9989,3,2,0.0,,0,0,19969,1,,,,,,,3619.0985,7870.0,2200.0,-1,,,,,,,136193.0,2014,651,648,0,0,1,0,0,18.0,8.0,40.0,2014,1.0,1,8,2,9300,93001,1,35620,81,1.0,1.0,,7,1,52,2.0,1,46,1,,1,1,1,2,57,57,57,1,0,0,1.0,1.0,,40.0,,40.0,,,,,,2.0,5.0,0.0,1,2.0,2.0,2.0,,2115.38,1.0,,2.0,,,13865.1899,3536.3477,3,2,0.0,,0,0,6128,1,,,,,,,3480.2856,7870.0,2200.0,-1,,,,,,,138329.0,2015,663,648,0,0,1,0,0,18.0,8.0,40.0,2015,MIS4_to_MIS8,new_york,0,2014-2015,0,1,0,1,retention
602909883991406,4,1.0,1,4,2,9300,93001,1,1,,36,35620,81,1.0,1.0,,7,3,46,1.0,2,44,1,,2,1,2,1,2,57,57,57,1,0,0,2.0,1.0,,35.0,,35.0,,,,,,2.0,3.0,0.0,1,2.0,2.0,2.0,,1923.19,2.0,2.0,1.0,2.0,2.0,11309.1623,2910.1548,3,2,0.0,,0,0,19969,2,,,,,,2.0,2881.1303,7860.0,230.0,-1,,,,,,,136194.0,2014,651,648,0,0,1,0,0,18.0,1.0,40.0,2014,1.0,1,8,2,9300,93001,1,35620,81,1.0,1.0,,7,3,47,1.0,2,44,1,,1,2,1,2,57,57,57,1,0,0,2.0,1.0,,40.0,,40.0,,,,,,2.0,3.0,0.0,1,2.0,2.0,2.0,,2115.38,1.0,,1.0,2.0,2.0,14656.0695,3625.8763,3,2,0.0,,0,0,6128,2,,,,,,,3602.8748,7860.0,230.0,-1,,,,,,,138330.0,2015,663,648,0,0,1,0,0,,1.0,40.0,2015,MIS4_to_MIS8,new_york,0,2014-2015,1,0,0,0,retention
863453072809192,4,1.0,7,4,2,9300,93001,1,1,,36,35620,47,1.0,1.0,,7,2,40,,2,43,10,,1,0,0,7,2,57,57,57,1,0,0,1.0,1.0,,40.0,,40.0,,,,,,2.0,2.0,0.0,1,2.0,,1.0,1500.0,600.0,1.0,,2.0,,,12611.2167,3175.2671,0,0,1.0,1.0,0,0,55312,1,,,,1.0,2.0,,3192.2734,7270.0,5700.0,-1,,,,,,,136414.0,2014,651,648,0,0,0,0,0,17.0,17.0,36.0,2014,1.0,7,8,2,9300,93001,1,35620,47,1.0,1.0,,7,2,47,,2,40,10,,0,0,7,2,57,57,57,1,0,0,1.0,7.0,,,,,,,,,,1.0,,,2,,,,,,,,2.0,,,18122.2414,4516.4617,0,0,,,0,0,67839,1,,,3.0,,,,4619.0616,,,-1,,,,,,,138499.0,2015,663,648,0,0,0,0,0,14.0,,,2015,MIS4_to_MIS8,new_york,0,2014-2015,0,1,0,0,retention
945046337329280,4,1.0,3,4,2,9300,93001,1,1,,36,35620,61,1.0,1.0,,7,1,43,,1,43,2,,1,1,1,7,2,57,57,57,1,0,0,1.0,1.0,,35.0,,35.0,,,,,,2.0,3.0,0.0,1,2.0,2.0,2.0,,576.0,1.0,,2.0,,,11295.4739,3026.8493,0,0,1.0,,0,0,23826,1,,,,2.0,,,2949.7922,7860.0,230.0,-1,,,,,2.0,,136468.0,2014,651,648,0,0,0,0,0,16.0,1.0,40.0,2014,2.0,3,8,2,9300,93001,1,35620,61,1.0,1.0,,7,1,44,,1,40,2,,1,1,7,2,57,57,57,1,0,0,2.0,1.0,,35.0,,35.0,,,,,,2.0,3.0,0.0,1,2.0,2.0,2.0,,961.53,1.0,,2.0,,,10358.0247,2709.6638,0,0,0.0,,0,42,41181,1,,,2.0,,,,2605.8933,7860.0,230.0,-1,,,,,2.0,,138547.0,2015,663,648,0,0,0,0,0,13.0,1.0,40.0,2015,MIS4_to_MIS8,new_york,0,2014-2015,1,0,0,0,retention
110363096932259,4,2.0,6,4,2,9300,93001,1,1,,36,35620,59,2.0,1.0,,7,16,30,,2,44,1,,2,0,0,7,2,57,57,57,1,0,0,1.0,1.0,,40.0,,40.0,,,,,,2.0,3.0,0.0,1,2.0,2.0,2.0,,475.0,1.0,,2.0,,,13624.2527,3453.7018,0,0,1.0,,0,0,4776,2,,,,,,2.0,3494.3479,7860.0,2000.0,-1,,,,,,,136637.0,2014,651,648,0,0,0,0,0,18.0,6.0,40.0,2014,1.0,4,8,2,9300,93001,1,35620,59,2.0,1.0,,7,4,16,,2,35,1,,1,3,7,2,57,57,57,1,0,0,2.0,7.0,,,,,,,,,,1.0,,,2,,,,,,,,1.0,1.0,1.0,14289.9991,3807.0357,0,0,,,0,0,59561,2,,,,,,,3743.9748,,,-1,,,,,1.0,,138732.0,2015,663,648,0,0,0,0,0,9.0,,,2015,MIS4_to_MIS8,new_york,0,2014-2015,0,1,0,0,retention
163313002907299,4,2.0,1,4,2,9300,93001,1,1,,36,35620,119,2.0,1.0,,7,3,44,1.0,2,44,1,,2,1,2,1,2,57,57,57,1,0,0,1.0,1.0,,35.0,,35.0,,,,,,2.0,3.0,0.0,1,2.0,2.0,2.0,,1384.61,1.0,,2.0,,,12517.4227,3167.2544,3,1,0.0,,0,0,10558,2,,,,,,2.0,3168.5314,8190.0,2010.0,-1,,,,,,,136656.0,2014,651,648,0,0,1,0,0,18.0,6.0,41.0,2014,2.0,1,8,2,9300,93001,1,35620,119,2.0,1.0,,7,3,45,1.0,2,44,1,,1,2,1,2,57,57,57,1,0,0,1.0,1.0,,35.0,4.0,28.0,,,4.0,,,4.0,3.0,0.0,1,2.0,2.0,2.0,,1423.07,1.0,,2.0,,,12602.7832,3067.1742,3,1,0.0,,0,0,2414,2,,,,,,,3098.1192,8190.0,2010.0,-1,,,,,,,138777.0,2015,663,648,0,0,1,0,0,,6.0,41.0,2015,MIS4_to_MIS8,new_york,0,2014-2015,1,0,0,0,retention
230609925644878,4,1.0,6,4,2,9300,93001,1,1,,36,40380,55,2.0,1.0,,5,2,69,,1,39,1,,1,0,0,4,2,57,57,57,1,0,0,1.0,5.0,,,,,,,,,,1.0,3.0,0.0,2,,,,,,,,,,,10659.9355,2624.7278,0,0,,,0,0,19950,1,1.0,,,,,,2658.0239,9080.0,4250.0,-1,,,,,,,136689.0,2014,651,648,0,0,0,0,0,12.0,14.0,48.0,2014,1.0,6,8,2,9300,93001,1,40380,55,2.0,1.0,,5,2,70,,1,43,1,,0,0,7,2,57,57,57,1,0,0,1.0,5.0,,,,,,4.0,,,,1.0,,,2,,,,,,,,,,,10365.2401,2602.2426,0,0,,,0,0,15504,1,,,,,,,2602.6622,,,-1,4.0,,,,,,138839.0,2015,663,648,0,0,0,0,0,,,,2015,MIS4_to_MIS8,new_york,0,2014-2015,0,1,0,0,retention
463468022907895,4,2.0,1,4,2,9300,93001,1,1,,36,40380,55,2.0,1.0,,5,1,59,2.0,1,44,1,,1,1,1,1,2,57,57,57,1,0,0,2.0,1.0,,40.0,4.0,24.0,,,4.0,,,4.0,3.0,0.0,1,2.0,2.0,2.0,,1307.69,2.0,2.0,,,,11464.9663,2858.8441,0,0,0.0,,0,0,10494,1,,,,,,3.0,2830.2088,8190.0,3255.0,-1,,,,,,,136830.0,2014,651,648,0,0,0,0,0,18.0,10.0,41.0,2014,1.0,1,8,2,9300,93001,1,40380,55,2.0,1.0,,5,1,60,2.0,1,43,1,,1,1,1,2,57,57,57,1,0,0,1.0,1.0,,45.0,,45.0,,,,,,2.0,3.0,0.0,1,1.0,2.0,2.0,,1346.15,2.0,2.0,,,,10039.2063,2643.7366,0,0,0.0,,0,0,49001,1,,,,,,,2609.5809,8190.0,350.0,-1,,,,,,,138948.0,2015,663,648,0,0,0,0,0,,1.0,41.0,2015,MIS4_to_MIS8,new_york,0,2014-2015,1,0,0,0,retention
463468022907895,4,2.0,1,4,2,9300,93001,1,1,,36,40380,55,2.0,1.0,,5,3,60,1.0,2,44,1,,2,1,2,1,2,57,57,57,1,0,0,1.0,1.0,,35.0,,35.0,,,,,,2.0,3.0,0.0,1,2.0,2.0,2.0,,1423.07,1.0,,,,,11831.3674,2941.4991,0,0,0.0,,0,0,10494,2,,,,,,2.0,2905.3587,7870.0,2000.0,-1,,,,,,,136831.0,2014,651,648,0,0,0,0,0,18.0,6.0,40.0,2014,1.0,1,8,2,9300,93001,1,40380,55,2.0,1.0,,5,3,61,1.0,2,44,1,,1,2,1,2,57,57,57,1,0,0,2.0,1.0,,35.0,,35.0,,,,,,2.0,5.0,0.0,1,2.0,2.0,2.0,,1442.3,1.0,,,,,11312.8251,2726.3132,0,0,0.0,,0,0,49001,2,,,,,,,2733.757,7870.0,2000.0,-1,,,,,,,138949.0,2015,663,648,0,0,0,0,0,,6.0,40.0,2015,MIS4_to_MIS8,new_york,0,2014-2015,0,1,0,1,retention
525395279600982,4,1.0,1,4,2,9300,93001,1,1,,36,35620,119,2.0,1.0,,7,3,47,1.0,1,43,1,,2,1,2,1,2,57,57,57,1,0,0,2.0,1.0,,35.0,,35.0,,,,,,2.0,2.0,0.0,1,1.0,2.0,2.0,,1384.61,1.0,,2.0,,,12106.6489,3077.9865,10,2,0.0,,0,0,32586,2,,,,2.0,,,3040.1071,9470.0,3800.0,-1,,,,,,,136843.0,2014,651,648,0,0,1,1,0,16.0,12.0,51.0,2014,1.0,1,8,2,9300,93001,1,35620,119,2.0,1.0,,7,3,48,1.0,1,43,1,,1,2,1,2,57,57,57,1,0,0,2.0,1.0,,35.0,,35.0,,,,,,2.0,2.0,0.0,1,2.0,2.0,2.0,,550.0,1.0,,2.0,,,11345.1315,2852.5547,10,2,1.0,,0,42,67938,2,,,,,,,2847.7286,9470.0,3800.0,-1,,,,,,,138973.0,2015,663,648,0,0,1,1,0,,12.0,51.0,2015,MIS4_to_MIS8,new_york,0,2014-2015,1,0,0,0,retention
630863099932289,4,1.0,1,4,2,9300,93001,1,1,,36,35620,103,2.0,1.0,,7,3,30,1.0,1,44,1,,2,1,2,1,2,57,57,57,1,0,0,2.0,1.0,,40.0,,40.0,,,,,,2.0,3.0,0.0,1,2.0,2.0,2.0,,1115.38,2.0,2.0,2.0,,,14529.7043,3581.0569,0,0,1.0,,0,0,62223,2,,,,,,3.0,3594.5165,7860.0,2320.0,-1,,,,,,,136899.0,2014,651,648,0,0,0,0,0,18.0,8.0,40.0,2014,2.0,1,8,2,9300,93001,1,35620,103,2.0,1.0,,7,3,31,1.0,1,44,1,,1,2,1,2,57,57,57,1,0,0,1.0,1.0,,40.0,,40.0,,,,,,2.0,3.0,0.0,1,2.0,2.0,2.0,,1884.61,1.0,,2.0,,,15463.3242,3875.8731,0,0,0.0,,0,0,59611,2,,,,,,,3940.9686,7860.0,2320.0,-1,,,,,,,139027.0,2015,663,648,0,0,0,0,0,,8.0,40.0,2015,MIS4_to_MIS8,new_york,0,2014-2015,1,0,0,0,retention
666349720409303,4,1.0,1,4,2,9300,93001,1,1,,36,35620,59,2.0,1.0,,7,1,58,2.0,2,44,1,,1,1,1,1,2,57,57,57,1,0,0,1.0,1.0,,60.0,,60.0,,,,,,2.0,3.0,0.0,1,2.0,2.0,2.0,,2884.61,1.0,,,,,12949.7844,3225.1556,4,1,0.0,,0,0,62124,1,,,,,,2.0,3192.539,7860.0,230.0,-1,,,,,,,136926.0,2014,651,648,0,0,0,1,0,18.0,1.0,40.0,2014,1.0,1,8,2,9300,93001,1,35620,59,2.0,1.0,,7,1,59,2.0,2,45,1,,1,1,1,2,57,57,57,1,0,0,1.0,1.0,,60.0,,40.0,,,,,,2.0,4.0,0.0,1,2.0,2.0,2.0,,2884.61,1.0,,,,,12065.1055,2961.8169,0,0,0.0,,0,0,59562,1,,,,,,,2972.3883,7860.0,230.0,-1,,,,,,,139078.0,2015,663,648,0,0,0,0,0,18.0,1.0,40.0,2015,MIS4_to_MIS8,new_york,0,2014-2015,0,1,0,1,retention
876489220099302,4,1.0,7,4,2,9300,93001,1,1,,36,40380,69,2.0,1.0,,5,2,69,,2,41,1,,1,0,0,4,2,57,57,57,1,0,0,1.0,1.0,,12.0,,35.0,,,21.0,,,9.0,3.0,0.0,1,2.0,1.0,1.0,950.0,75.0,2.0,2.0,,,,10430.6021,2800.0085,0,0,0.0,0.0,0,0,4856,1,,,3.0,,,,2703.7548,7860.0,2540.0,-1,,,,,,,137042.0,2014,651,648,0,0,0,0,0,14.0,8.0,40.0,2014,1.0,7,8,2,9300,93001,1,40380,69,2.0,1.0,,5,2,70,,2,41,1,,0,0,4,2,57,57,57,1,0,0,1.0,5.0,,,,,,,,,,1.0,3.0,0.0,2,,,,,,,,,,,11502.9179,2882.8658,0,0,,,0,0,2274,1,,,3.0,,,,2866.5643,7860.0,2540.0,-1,,,,,,,139165.0,2015,663,648,0,0,0,0,0,14.0,8.0,40.0,2015,MIS4_to_MIS8,new_york,0,2014-2015,1,0,0,0,retention
492922604074249,4,1.0,1,4,2,9300,93001,1,1,,42,42540,0,1.0,1.0,,4,1,67,2.0,2,39,1,,1,1,1,1,2,57,57,57,1,0,0,1.0,1.0,,18.0,,18.0,,,14.0,,,6.0,3.0,0.0,1,2.0,,1.0,2200.0,396.0,2.0,2.0,,,,10080.8543,2686.7328,0,0,1.0,1.0,0,42,5875,1,1.0,,,,,,2613.0954,7860.0,2540.0,-1,,,,,,,140704.0,2014,651,648,0,0,0,0,0,12.0,8.0,40.0,2014,1.0,1,8,2,9300,93001,1,42540,0,1.0,1.0,,4,1,68,2.0,2,39,1,,1,1,1,2,57,57,57,1,0,0,1.0,1.0,,30.0,,30.0,,,15.0,,,6.0,4.0,0.0,1,2.0,,1.0,1000.0,300.0,2.0,2.0,,,,10241.0835,2813.6679,0,0,1.0,1.0,0,42,16749,1,1.0,,,,,,2717.7358,7690.0,4220.0,-1,,,,,,,143082.0,2015,663,648,0,0,0,0,0,12.0,14.0,38.0,2015,MIS4_to_MIS8,pennsylvania,0,2014-2015,0,1,0,1,retention
955082861429890,4,2.0,1,4,2,9300,93001,1,1,,42,38300,3,1.0,1.0,,5,1,61,2.0,1,43,1,,1,1,1,1,2,57,57,57,1,0,0,2.0,1.0,,-4.0,4.0,25.0,,,4.0,,,4.0,2.0,0.0,1,2.0,,1.0,1151.0,287.75,1.0,,,,,11561.0081,2864.0503,0,0,0.0,0.0,0,0,30157,1,,,,1.0,2.0,,2835.219,4990.0,5620.0,-1,,,,,,,140805.0,2014,651,648,0,0,0,0,0,17.0,17.0,22.0,2014,1.0,1,8,2,9300,93001,1,38300,3,1.0,1.0,,5,1,62,2.0,1,43,1,,1,1,1,2,57,57,57,1,0,0,1.0,1.0,,25.0,,18.0,,,21.0,,,7.0,2.0,0.0,1,2.0,,1.0,1180.0,295.0,1.0,,,,,12001.8808,3172.3415,0,0,0.0,0.0,0,0,49498,1,,,,,,,3119.7564,4990.0,4720.0,-1,,,,,,,143161.0,2015,663,648,0,0,0,0,0,,16.0,22.0,2015,MIS4_to_MIS8,pennsylvania,0,2014-2015,1,0,0,0,retention
60123000642220,4,1.0,1,4,2,9300,93001,1,1,,42,37980,29,2.0,1.0,,7,1,36,2.0,1,44,1,,1,1,1,1,2,57,57,57,1,0,0,1.0,1.0,,40.0,,40.0,,,,,,2.0,2.0,0.0,1,2.0,2.0,2.0,,1346.15,1.0,,2.0,,,13967.8725,3447.7326,5,3,0.0,,0,0,10841,1,,,,,,2.0,3480.9119,7860.0,2000.0,-1,,,,,,,140875.0,2014,651,648,1,1,0,0,1,18.0,6.0,40.0,2014,2.0,1,8,2,9300,93001,1,37980,29,2.0,1.0,,7,1,37,2.0,1,44,1,,1,1,1,2,57,57,57,1,0,0,2.0,1.0,,40.0,,40.0,,,,,,2.0,3.0,0.0,1,2.0,2.0,2.0,,1346.15,2.0,2.0,2.0,,,12479.9277,3156.2989,11,3,0.0,,0,0,2896,1,,,,,,,3161.5412,7860.0,2000.0,-1,,,,,,,143256.0,2015,663,648,1,1,1,0,1,,6.0,40.0,2015,MIS4_to_MIS8,pennsylvania,0,2014-2015,1,0,0,0,retention
162350320820409,4,2.0,1,4,2,9300,93001,1,1,,42,10900,0,2.0,1.0,,4,1,45,2.0,1,39,1,,1,1,1,1,2,57,57,57,1,0,0,2.0,1.0,,40.0,,40.0,,,,,,2.0,2.0,0.0,1,2.0,1.0,1.0,2800.0,2115.0,2.0,2.0,2.0,,,11567.025,2919.7225,0,0,1.0,0.0,0,0,55863,1,1.0,,,,,,2904.6018,9570.0,430.0,-1,,,,,,,140937.0,2014,651,648,0,0,0,0,0,12.0,1.0,51.0,2014,1.0,1,8,2,9300,93001,1,10900,0,2.0,1.0,,4,1,46,2.0,1,39,1,,1,1,1,2,57,57,57,1,0,0,1.0,1.0,,40.0,,55.0,,,,,,2.0,2.0,0.0,1,2.0,,1.0,3500.0,1400.0,2.0,2.0,2.0,,,3379.8151,852.9611,0,0,0.0,0.0,0,0,43567,1,1.0,,,,,,848.3636,9570.0,430.0,4920,,,,,,,143335.0,2015,663,648,0,0,0,0,0,12.0,1.0,51.0,2015,MIS4_to_MIS8,pennsylvania,0,2014-2015,1,0,0,0,retention
423408540200297,4,1.0,1,4,2,9300,93001,1,1,,42,37980,29,2.0,1.0,,7,1,41,2.0,1,43,1,,1,1,1,1,2,57,57,57,1,0,0,1.0,1.0,,40.0,,40.0,,,,,,2.0,2.0,0.0,1,2.0,2.0,2.0,,1538.46,1.0,,2.0,,,13118.7322,3245.5651,3,1,0.0,,0,0,5810,1,,,,2.0,,,3269.2989,9470.0,3850.0,-1,2.0,,,,,,141087.0,2014,651,648,0,0,1,0,0,16.0,12.0,51.0,2014,1.0,1,8,2,9300,93001,1,37980,29,2.0,1.0,,7,1,42,2.0,1,43,1,,1,1,1,2,57,57,57,1,0,0,1.0,1.0,,40.0,,54.0,,,,,,2.0,2.0,0.0,1,1.0,,1.0,4242.0,1696.8,1.0,,2.0,,,12645.6118,3176.3128,4,1,0.0,0.0,0,0,6491,1,,,,,,,3203.5139,9470.0,3850.0,-1,2.0,,,,,,143517.0,2015,663,648,0,0,0,1,0,,12.0,51.0,2015,MIS4_to_MIS8,pennsylvania,0,2014-2015,1,0,0,0,retention
499902707060299,4,2.0,3,4,2,9300,93001,1,1,,42,42540,0,2.0,1.0,,4,1,45,,1,41,1,,1,1,1,3,2,57,57,57,1,0,0,1.0,1.0,,40.0,,40.0,,,,,,2.0,2.0,0.0,1,2.0,2.0,2.0,,1013.0,1.0,,2.0,,,11567.025,2919.7225,0,0,0.0,,0,0,24909,1,,,1.0,,,,2904.6018,9470.0,3800.0,-1,2.0,3.0,,,,,141146.0,2014,651,648,0,0,0,0,0,12.0,12.0,51.0,2014,1.0,3,8,2,9300,93001,1,42540,0,2.0,1.0,,4,1,46,,1,41,1,,1,1,3,2,57,57,57,1,0,0,1.0,1.0,,40.0,,40.0,,,,,,2.0,2.0,0.0,1,2.0,,1.0,2632.0,1052.8,1.0,,2.0,,,12023.9988,3034.4863,0,0,0.0,0.0,0,0,31317,1,,,3.0,,,,3018.1303,9470.0,3800.0,-1,2.0,3.0,,,,,143550.0,2015,663,648,0,0,0,0,0,14.0,12.0,51.0,2015,MIS4_to_MIS8,pennsylvania,0,2014-2015,1,0,0,0,retention
626491909200962,4,1.0,1,4,2,9300,93001,1,1,,42,38300,7,2.0,1.0,,5,1,50,3.0,2,39,1,,1,1,1,1,2,57,57,57,1,0,0,1.0,1.0,,20.0,,20.0,,,18.0,,,7.0,3.0,0.0,1,2.0,1.0,1.0,1325.0,237.5,2.0,2.0,2.0,,,13273.546,3416.6102,0,0,0.0,0.0,0,0,5769,1,1.0,,,,,,3381.5781,7860.0,3940.0,-1,,,,,,,141215.0,2014,651,648,0,0,0,0,0,12.0,12.0,40.0,2014,1.0,1,8,2,9300,93001,1,38300,7,2.0,1.0,,5,1,51,3.0,2,39,1,,1,1,1,2,57,57,57,1,0,0,1.0,1.0,,20.0,,20.0,,,18.0,,,7.0,3.0,0.0,1,2.0,1.0,1.0,1350.0,184.61,2.0,2.0,2.0,,,12263.7575,3020.5452,0,0,0.0,0.0,0,0,2867,1,1.0,,,,,,3014.7771,9370.0,3940.0,-1,,,,,,,143603.0,2015,663,648,0,0,0,0,0,12.0,12.0,51.0,2015,MIS4_to_MIS8,pennsylvania,0,2014-2015,1,0,0,0,retention
927490199200933,4,2.0,1,4,2,9300,93001,1,1,,42,38300,125,2.0,1.0,,5,1,41,2.0,1,43,1,,1,1,1,1,2,57,57,57,1,0,0,2.0,1.0,,50.0,,50.0,,,,,,2.0,3.0,0.0,1,2.0,2.0,2.0,,692.3,2.0,2.0,2.0,,,13699.5869,3389.2682,3,2,0.0,,0,0,10901,1,,,,1.0,1.0,,3414.0528,7860.0,2320.0,-1,,,,,,,141310.0,2014,651,648,0,0,1,0,0,18.0,8.0,40.0,2014,2.0,1,8,2,9300,93001,1,38300,125,2.0,1.0,,5,1,42,2.0,1,43,1,,1,1,1,2,57,57,57,1,0,0,2.0,1.0,,50.0,,50.0,,,,,,2.0,5.0,0.0,1,2.0,2.0,2.0,,769.23,2.0,2.0,2.0,,,12207.4526,3066.2563,3,2,0.0,,0,0,31396,1,,,,,,,3092.515,7890.0,2340.0,-1,,,,,,,143684.0,2015,663,648,0,0,1,0,0,,8.0,40.0,2015,MIS4_to_MIS8,pennsylvania,0,2014-2015,0,1,0,1,retention
702601184993472,4,4.0,1,4,2,9300,93001,1,1,,42,0,55,3.0,2.0,,0,4,23,,1,39,1,2.0,3,1,3,7,2,57,57,57,1,0,0,2.0,1.0,,40.0,,40.0,,,,,,2.0,3.0,0.0,1,2.0,2.0,2.0,,692.3,2.0,2.0,2.0,,,15669.0912,3571.5632,0,0,0.0,,0,0,30304,3,1.0,,,,,,3626.5143,7860.0,2000.0,-1,,,,,2.0,2.0,141517.0,2014,651,648,0,0,0,0,0,12.0,6.0,40.0,2014,2.0,1,8,2,9300,93001,1,0,55,3.0,2.0,,0,4,24,,1,39,1,2.0,1,3,7,2,57,57,57,1,0,0,2.0,1.0,,40.0,,40.0,,,,,,2.0,4.0,0.0,1,2.0,,1.0,875.0,350.0,2.0,2.0,2.0,,,16257.2665,4083.6295,0,0,0.0,0.0,0,0,41788,3,1.0,,,,,,4094.8705,5390.0,4700.0,-1,,,,,2.0,2.0,143823.0,2015,663,648,0,0,0,0,0,12.0,16.0,22.0,2015,MIS4_to_MIS8,pennsylvania,0,2014-2015,0,1,0,1,retention
102904884995412,4,2.0,1,4,2,9300,93001,1,1,,42,25420,43,,1.0,,4,3,50,1.0,2,39,1,,2,1,2,1,2,57,57,57,1,0,0,2.0,1.0,,38.0,,38.0,,,,,,2.0,2.0,0.0,1,2.0,,1.0,2092.0,794.96,1.0,,2.0,,,13247.2895,3409.8517,3,1,0.0,0.0,0,0,32652,2,1.0,,,,,,3374.8889,9570.0,5700.0,-1,,,,,,,141576.0,2014,651,648,0,0,1,0,0,12.0,17.0,51.0,2014,1.0,1,8,2,9300,93001,1,25420,43,,1.0,,4,3,50,1.0,2,39,1,,1,2,1,2,57,57,57,1,0,0,2.0,1.0,,37.0,4.0,30.0,,,4.0,,,4.0,2.0,0.0,1,2.0,,1.0,2322.0,859.14,1.0,,2.0,,,12268.5461,3021.7246,3,1,0.0,0.0,0,0,2926,2,1.0,,,,,,3015.9543,9370.0,5700.0,-1,,,,,,,143895.0,2015,663,648,0,0,1,0,0,12.0,17.0,51.0,2015,MIS4_to_MIS8,pennsylvania,0,2014-2015,1,0,0,0,retention
202004504101132,4,2.0,1,4,2,9300,93001,1,1,,42,25420,43,,1.0,,4,3,37,1.0,2,44,1,,2,1,2,1,2,57,57,57,1,0,0,1.0,1.0,,50.0,,54.0,,,,,,2.0,2.0,0.0,1,1.0,2.0,2.0,,1923.07,1.0,,1.0,2.0,2.0,13833.901,3526.3184,8,2,0.0,,0,0,5818,2,,,,,,2.0,3501.7712,7870.0,2200.0,3645,,,,,,,141592.0,2014,651,648,0,1,1,0,1,18.0,8.0,40.0,2014,2.0,1,8,2,9300,93001,1,25420,43,,1.0,,4,3,38,1.0,2,44,1,,1,2,1,2,57,57,57,1,0,0,1.0,1.0,,50.0,,59.0,,,,,,2.0,4.0,0.0,1,2.0,2.0,2.0,,2076.92,1.0,,2.0,,,11832.2804,2947.6656,8,2,0.0,,0,0,6506,2,,,,,,,2947.1186,7870.0,2200.0,3110,,,,,,,143935.0,2015,663,648,0,1,1,0,1,,8.0,40.0,2015,MIS4_to_MIS8,pennsylvania,0,2014-2015,0,1,0,1,retention
18351370993090,5,1.0,6,4,2,9300,93001,1,1,,17,40420,0,1.0,1.0,,3,2,45,,1,40,2,,1,0,0,5,2,57,57,57,1,0,0,1.0,2.0,5.0,40.0,,,,,,,,5.0,3.0,0.0,1,2.0,2.0,2.0,,961.0,1.0,,2.0,,,14647.4663,3933.7582,0,0,1.0,,0,42,53086,1,,,1.0,,,,3819.9385,770.0,6730.0,-1,,,,,,,161020.0,2014,652,649,0,0,0,0,0,12.0,19.0,4.0,2014,1.0,6,8,2,9300,93001,1,40420,0,1.0,1.0,,3,2,47,,1,40,2,,0,0,5,2,57,57,57,1,0,0,1.0,1.0,,40.0,,40.0,,,,,,2.0,3.0,0.0,1,2.0,2.0,2.0,,775.0,2.0,2.0,2.0,,,15365.365,4200.073,0,0,1.0,,0,42,7458,1,,,1.0,,,,4157.9313,770.0,6730.0,-1,,,,,,,163962.0,2015,664,649,0,0,0,0,0,12.0,19.0,4.0,2015,MIS4_to_MIS8,illinois,1,2014-2015,1,0,0,0,retention
31691370940990,5,1.0,1,4,2,9300,93001,1,1,,17,16980,0,1.0,1.0,1.0,7,3,53,1.0,1,46,1,,2,1,2,1,2,57,57,57,1,0,0,2.0,1.0,,40.0,,40.0,,,,,,2.0,2.0,0.0,1,2.0,2.0,2.0,,1346.15,2.0,2.0,2.0,,,13773.9681,3446.6335,3,1,0.0,,0,0,23433,2,,,,,,,3420.7424,7870.0,2200.0,-1,,,,,,,161022.0,2014,652,649,0,0,1,0,0,18.0,8.0,40.0,2014,1.0,1,8,2,9300,93001,1,16980,0,1.0,1.0,1.0,7,3,53,1.0,1,46,1,,1,2,1,2,57,57,57,1,0,0,2.0,1.0,,40.0,,40.0,,,,,,2.0,2.0,0.0,1,2.0,2.0,2.0,,1500.0,2.0,1.0,2.0,,,12616.4209,3255.5053,3,1,0.0,,0,0,41025,2,,,,,,,3179.8605,7870.0,2200.0,-1,,,,,,,163964.0,2015,664,649,0,0,1,0,0,18.0,8.0,40.0,2015,MIS4_to_MIS8,illinois,1,2014-2015,1,0,0,0,retention
40421370996694,5,1.0,1,4,2,9300,93001,1,1,,17,37900,0,1.0,1.0,,3,3,44,1.0,2,43,1,,2,1,2,1,2,57,57,57,1,0,0,2.0,1.0,,40.0,,40.0,,,,,,2.0,3.0,0.0,1,2.0,2.0,2.0,,673.07,1.0,,2.0,,,12422.9703,3092.5066,4,2,0.0,,0,42,5022,2,,,,1.0,1.0,,3094.0032,7860.0,2320.0,-1,,,,,,,161028.0,2014,652,649,0,0,0,1,0,18.0,8.0,40.0,2014,2.0,1,8,2,9300,93001,1,37900,0,1.0,1.0,,3,3,45,1.0,2,44,1,,1,2,1,2,57,57,57,1,0,0,2.0,1.0,,50.0,,50.0,,,,,,2.0,3.0,0.0,1,2.0,2.0,2.0,,884.61,1.0,,1.0,2.0,2.0,13865.6068,3542.3779,4,2,0.0,,0,0,63419,2,,,,,,,3516.3773,7860.0,2320.0,-1,,,,,,,163970.0,2015,664,649,0,0,0,1,0,,8.0,40.0,2015,MIS4_to_MIS8,illinois,1,2014-2015,1,0,0,0,retention
92311370998393,5,1.0,1,4,2,9300,93001,1,1,,17,16980,0,1.0,1.0,1.0,7,4,30,,2,43,1,1.0,6,2,1,5,2,57,303,303,1,0,0,2.0,1.0,,35.0,4.0,31.0,,,4.0,,,4.0,3.0,0.0,1,2.0,1.0,1.0,2270.0,1200.0,1.0,,2.0,,,11469.3423,2865.6361,3,1,1.0,1.0,0,0,36312,6,,,,1.0,1.0,,2890.3944,7860.0,2330.0,-1,,,,,1.0,1.0,161043.0,2014,652,649,0,0,1,0,0,18.0,8.0,40.0,2014,1.0,1,8,2,9300,93001,1,16980,0,1.0,1.0,1.0,7,4,31,,2,44,1,1.0,2,1,5,2,57,303,303,1,0,0,2.0,1.0,,-4.0,,40.0,,,,,,2.0,3.0,0.0,1,2.0,,1.0,3900.0,1560.0,1.0,,2.0,,,13753.695,3482.0527,3,1,1.0,1.0,0,0,32582,6,,,,,,,3461.8745,7860.0,2330.0,-1,,,,,1.0,1.0,163978.0,2015,664,649,0,0,1,0,0,,8.0,40.0,2015,MIS4_to_MIS8,illinois,1,2014-2015,1,0,0,0,retention
197933805088786,5,1.0,6,4,2,9300,93001,1,1,,17,16980,0,1.0,1.0,1.0,7,2,42,,1,40,1,,1,0,0,7,2,57,57,57,1,0,0,1.0,2.0,4.0,45.0,,,,,,,,5.0,3.0,0.0,1,2.0,2.0,2.0,,1730.76,1.0,,2.0,,,10550.4671,2698.888,0,0,0.0,,0,0,9238,1,,,4.0,,,,2675.7387,9470.0,3850.0,205,,,,,,,161069.0,2014,652,649,0,0,0,0,0,15.0,12.0,51.0,2014,1.0,6,8,2,9300,93001,1,16980,0,1.0,1.0,1.0,7,2,43,,1,40,1,,0,0,7,2,57,57,57,1,0,0,,1.0,,42.0,4.0,9.0,,,4.0,,,4.0,3.0,0.0,1,1.0,,1.0,1600.0,672.0,1.0,,2.0,,,12490.022,3153.8895,0,0,1.0,1.0,0,41,41026,1,,,2.0,,,,3118.6438,9470.0,3850.0,-1,,,,,,,164024.0,2015,664,649,0,0,0,0,0,13.0,12.0,51.0,2015,MIS4_to_MIS8,illinois,1,2014-2015,1,0,0,0,retention
198943305064788,5,2.0,1,4,2,9300,93001,1,1,,17,16980,0,1.0,1.0,1.0,7,3,35,1.0,1,44,4,,2,1,2,1,2,57,57,57,1,0,0,1.0,1.0,,50.0,,59.0,,,,,,2.0,3.0,0.0,1,2.0,1.0,1.0,1000.0,1980.76,1.0,,1.0,2.0,2.0,10236.8383,2584.4396,8,4,0.0,1.0,0,0,4970,2,,,,,,3.0,2596.1983,7860.0,230.0,-1,,,,,,,161072.0,2014,652,649,0,1,1,0,1,18.0,1.0,40.0,2014,2.0,1,8,2,9300,93001,1,16980,0,1.0,1.0,1.0,7,3,36,1.0,1,43,4,,1,2,1,2,57,57,57,1,0,0,1.0,1.0,,-4.0,,55.0,,,,,,2.0,3.0,0.0,1,2.0,2.0,2.0,,1923.0,2.0,1.0,2.0,,,13465.8435,3308.3816,8,4,1.0,,0,0,54048,2,,,,,,,3362.2975,7860.0,230.0,-1,,,,,,,164027.0,2015,664,649,0,1,1,0,1,,1.0,40.0,2015,MIS4_to_MIS8,illinois,1,2014-2015,1,0,0,0,retention
303904531394537,5,1.0,7,4,2,9300,93001,1,1,,17,16980,0,1.0,1.0,1.0,7,2,59,,2,40,2,,1,0,0,7,2,57,57,57,1,0,0,1.0,1.0,,40.0,,40.0,,,,,,2.0,3.0,0.0,1,2.0,1.0,1.0,2000.0,1661.0,1.0,,,,,15672.7579,3853.6288,0,0,1.0,1.0,0,0,23431,1,,,2.0,,,,3811.0967,6770.0,2430.0,-1,,,,,,,161097.0,2014,652,649,0,0,0,0,0,13.0,8.0,31.0,2014,1.0,7,8,2,9300,93001,1,16980,0,1.0,1.0,1.0,7,2,60,,2,40,2,,0,0,7,2,57,57,57,1,0,0,1.0,7.0,,,,,,,,,,1.0,4.0,0.0,2,,,,,,,,,,,17228.2334,4274.5376,0,0,,,0,0,54046,1,,,2.0,,,,4376.2913,8680.0,4060.0,-1,,,,,,,164043.0,2015,664,649,0,0,0,0,0,13.0,13.0,46.0,2015,MIS4_to_MIS8,illinois,1,2014-2015,0,1,0,1,retention
310709938845684,5,2.0,1,4,2,9300,93001,1,1,,17,16980,0,1.0,1.0,1.0,7,3,55,1.0,1,39,1,,2,1,2,1,2,57,119,57,1,0,0,1.0,1.0,,40.0,,40.0,,,,,,2.0,3.0,0.0,1,2.0,,1.0,1600.0,640.0,2.0,2.0,,,,13737.9365,3415.2525,0,0,1.0,1.0,43,42,45897,2,1.0,,,,,,3372.6549,7680.0,3910.0,-1,,,,,,,161115.0,2014,652,649,0,0,0,0,0,12.0,12.0,38.0,2014,2.0,1,8,2,9300,93001,1,16980,0,1.0,1.0,1.0,7,3,56,1.0,1,39,1,,1,2,1,2,57,119,57,1,0,0,1.0,1.0,,40.0,,40.0,,,,,,2.0,3.0,0.0,1,2.0,,1.0,1350.0,540.0,1.0,,,,,13521.4731,3257.8872,0,0,1.0,1.0,43,42,42797,2,1.0,,,,,,3247.7107,7860.0,4220.0,-1,,,,,,,164054.0,2015,664,649,0,0,0,0,0,12.0,14.0,40.0,2015,MIS4_to_MIS8,illinois,1,2014-2015,1,0,0,0,retention
530273095413438,5,1.0,1,4,2,9300,93001,1,1,,17,16980,0,1.0,1.0,,7,3,49,1.0,2,43,1,,2,1,2,1,2,57,57,128,1,0,0,2.0,1.0,,35.0,,35.0,,,,,,2.0,3.0,0.0,1,2.0,2.0,2.0,,775.0,2.0,2.0,2.0,,,13010.68,3336.2015,3,2,0.0,,0,0,9227,2,,,,2.0,,,3308.3049,7860.0,2310.0,-1,,,,,,,161178.0,2014,652,649,0,0,1,0,0,16.0,8.0,40.0,2014,1.0,1,8,2,9300,93001,1,16980,0,1.0,1.0,,7,3,50,1.0,2,43,1,,1,2,1,2,57,57,128,1,0,0,1.0,1.0,,40.0,,40.0,,,,,,2.0,5.0,0.0,1,2.0,2.0,2.0,,830.0,1.0,,2.0,,,15790.7946,4047.7464,3,2,1.0,,0,0,42792,2,,,,,,,4004.6132,7860.0,2310.0,-1,,,,,,,164098.0,2015,664,649,0,0,1,0,0,,8.0,40.0,2015,MIS4_to_MIS8,illinois,1,2014-2015,0,1,0,1,retention
803908351698877,5,1.0,1,4,2,9300,93001,1,1,,17,16980,0,1.0,1.0,1.0,7,3,38,1.0,2,44,1,,2,1,2,1,2,57,119,119,1,0,0,2.0,1.0,,40.0,,40.0,,,,,,2.0,3.0,0.0,1,2.0,2.0,2.0,,1625.0,1.0,,2.0,,,11804.7886,2958.3954,1,1,0.0,,0,0,19854,2,,,,,,2.0,2940.0419,7860.0,2310.0,-1,,,,,,,161261.0,2014,652,649,1,0,0,0,1,18.0,8.0,40.0,2014,2.0,1,8,2,9300,93001,1,16980,0,1.0,1.0,1.0,7,3,39,1.0,2,44,1,,1,2,1,2,57,119,119,1,0,0,2.0,1.0,,40.0,,40.0,,,,,,2.0,3.0,0.0,1,2.0,2.0,2.0,,1153.84,1.0,,2.0,,,11438.2341,2960.9302,1,1,0.0,,0,0,61110,2,,,,,,,2899.3815,7860.0,2310.0,-1,,,,,,,164157.0,2015,664,649,1,0,0,0,1,,8.0,40.0,2015,MIS4_to_MIS8,illinois,1,2014-2015,1,0,0,0,retention
910473090913069,5,1.0,1,4,2,9300,93001,1,1,,17,16980,0,1.0,1.0,1.0,7,3,39,1.0,1,46,1,,2,1,2,1,2,57,57,57,1,0,0,2.0,1.0,,40.0,,45.0,,,,,,2.0,3.0,0.0,1,2.0,2.0,2.0,,2115.0,2.0,2.0,2.0,,,11565.6957,2931.6695,5,2,1.0,,0,0,9236,2,,,,,,,2933.2142,9490.0,1840.0,-1,,,,,,,161286.0,2014,652,649,1,1,0,0,1,18.0,5.0,51.0,2014,1.0,1,8,2,9300,93001,1,16980,0,1.0,1.0,1.0,7,3,41,1.0,1,46,1,,1,2,1,2,57,57,57,1,0,0,1.0,1.0,,40.0,,52.0,,,,,,2.0,3.0,0.0,1,2.0,2.0,2.0,,1557.69,2.0,2.0,2.0,,,12490.022,3153.8895,5,3,0.0,,0,0,4360,2,,,,,,,3118.6438,9490.0,1840.0,2200,,,,,,,164174.0,2015,664,649,1,1,0,0,1,18.0,5.0,51.0,2015,MIS4_to_MIS8,illinois,1,2014-2015,1,0,0,0,retention
18151370994894,5,1.0,6,4,2,9300,93001,1,1,,17,16980,0,2.0,1.0,,7,2,22,,1,40,1,,1,0,0,7,2,57,57,57,1,0,0,1.0,1.0,,40.0,,62.0,,,,,,2.0,3.0,0.0,1,2.0,1.0,1.0,1390.0,673.07,1.0,,2.0,,,13629.0641,3445.18,0,0,0.0,0.0,0,0,56282,1,,,2.0,,,,3409.217,7860.0,7340.0,430,,,,,,,161369.0,2014,652,649,0,0,0,0,0,13.0,20.0,40.0,2014,1.0,6,8,2,9300,93001,1,16980,0,2.0,1.0,,7,2,23,,1,40,1,,0,0,7,2,57,57,57,1,0,0,1.0,1.0,,40.0,,40.0,,,,,,2.0,3.0,0.0,1,2.0,,1.0,1500.0,780.0,1.0,,2.0,,,15107.0278,3780.2238,0,0,0.0,0.0,0,0,32692,1,,,1.0,,,,3753.6737,7860.0,4220.0,1965,,,,,,,164268.0,2015,664,649,0,0,0,0,0,12.0,14.0,40.0,2015,MIS4_to_MIS8,illinois,1,2014-2015,1,0,0,0,retention
32102680700128,5,2.0,1,4,2,9300,93001,1,1,,17,16980,0,2.0,1.0,,7,3,49,1.0,2,41,1,,2,1,2,1,2,57,57,57,1,0,0,1.0,1.0,,40.0,,42.0,,,,,,2.0,2.0,0.0,1,2.0,1.0,1.0,1350.0,1000.0,1.0,,2.0,,,12645.2463,3242.4969,4,1,0.0,1.0,0,0,23777,2,,,3.0,,,,3215.3839,9480.0,800.0,-1,,,,,,,161375.0,2014,652,649,0,0,0,1,0,14.0,2.0,51.0,2014,2.0,1,8,2,9300,93001,1,16980,0,2.0,1.0,,7,3,50,1.0,2,41,1,,1,2,1,2,57,57,57,1,0,0,1.0,6.0,,,,,,,,,,1.0,1.0,0.0,2,,,,,,,,2.0,,,16102.9115,3918.5494,4,1,,,0,0,20141,2,,,3.0,,,,4026.2946,9370.0,800.0,-1,,,,,,,164275.0,2015,664,649,0,0,0,1,0,14.0,2.0,51.0,2015,MIS4_to_MIS8,illinois,1,2014-2015,0,1,1,0,retention
36199138700390,5,1.0,4,4,2,9300,93001,1,1,,17,16980,0,2.0,1.0,,7,1,30,,2,44,1,1.0,1,1,1,7,2,57,303,303,1,0,0,1.0,1.0,,40.0,,54.0,,,,,,2.0,2.0,0.0,1,1.0,2.0,2.0,,673.0,1.0,,2.0,,,11147.2005,2785.1483,0,0,1.0,,0,0,4964,1,,,,,,3.0,2809.2113,9480.0,2010.0,2000,,,,,2.0,1.0,161381.0,2014,652,649,0,0,0,0,0,18.0,6.0,51.0,2014,2.0,4,8,2,9300,93001,1,16980,0,2.0,1.0,,7,1,31,,2,44,1,1.0,1,1,7,2,57,303,303,1,0,0,1.0,1.0,,40.0,,45.0,,,,,,2.0,2.0,0.0,1,1.0,2.0,2.0,,1384.61,1.0,,2.0,,,13314.701,3370.9117,0,0,0.0,,0,0,41024,1,,,,,,,3351.3775,8370.0,2010.0,-1,,,,,2.0,1.0,164280.0,2015,664,649,0,0,0,0,0,,6.0,43.0,2015,MIS4_to_MIS8,illinois,1,2014-2015,1,0,0,0,retention
55791370948381,5,1.0,1,4,2,9300,93001,1,1,,17,16980,0,2.0,1.0,,7,1,36,2.0,1,44,1,,1,1,1,1,2,57,57,57,1,0,0,1.0,1.0,,50.0,,50.0,,,,,,2.0,3.0,0.0,1,2.0,2.0,2.0,,1307.69,1.0,,1.0,2.0,2.0,11240.8475,2849.3271,5,2,0.0,,0,0,23425,1,,,,,,2.0,2850.8283,7860.0,2320.0,-1,,,,,,,161402.0,2014,652,649,1,1,0,0,1,18.0,8.0,40.0,2014,1.0,1,8,2,9300,93001,1,16980,0,2.0,1.0,,7,1,37,2.0,1,44,1,,1,1,1,2,57,57,57,1,0,0,1.0,1.0,,50.0,,50.0,,,,,,2.0,3.0,0.0,1,2.0,2.0,2.0,,1700.0,1.0,,2.0,,,11512.6589,2913.917,6,2,0.0,,0,0,50350,1,,,,,,,2874.6052,7860.0,2320.0,-1,,,,,,,164301.0,2015,664,649,1,0,1,0,1,,8.0,40.0,2015,MIS4_to_MIS8,illinois,1,2014-2015,1,0,0,0,retention
55791370948381,5,1.0,1,4,2,9300,93001,1,1,,17,16980,0,2.0,1.0,,7,3,36,1.0,2,44,1,,2,1,2,1,2,57,57,57,1,0,0,2.0,1.0,,20.0,,40.0,,,,,,2.0,3.0,0.0,1,2.0,2.0,2.0,,450.0,2.0,2.0,2.0,,,11473.225,2875.3023,5,2,0.0,,0,0,23425,2,,,,,,2.0,2857.4643,7870.0,2200.0,2340,,,,,,,161403.0,2014,652,649,1,1,0,0,1,18.0,8.0,40.0,2014,1.0,1,8,2,9300,93001,1,16980,0,2.0,1.0,,7,3,37,1.0,2,44,1,,1,2,1,2,57,57,57,1,0,0,2.0,1.0,,50.0,,50.0,,,,,,2.0,3.0,0.0,1,2.0,2.0,2.0,,1100.0,1.0,,2.0,,,11073.1456,2866.4225,6,2,0.0,,0,0,50350,2,,,,,,,2806.8383,7860.0,2320.0,-1,,,,,,,164302.0,2015,664,649,1,0,1,0,1,,8.0,40.0,2015,MIS4_to_MIS8,illinois,1,2014-2015,1,0,0,0,retention
86221370018200,5,1.0,6,4,2,9300,93001,1,1,,17,16980,0,2.0,1.0,,7,2,36,,1,44,2,,1,0,0,7,2,57,57,57,1,0,0,1.0,1.0,,40.0,,40.0,,,,,,2.0,3.0,0.0,1,2.0,2.0,2.0,,1923.07,1.0,,2.0,,,10819.7243,2656.2305,0,0,0.0,,0,0,23779,1,,,,,,3.0,2628.3744,9470.0,3710.0,-1,,,,,,,161419.0,2014,652,649,0,0,0,0,0,18.0,12.0,51.0,2014,1.0,6,8,2,9300,93001,1,16980,0,2.0,1.0,,7,2,37,,1,44,2,,0,0,7,2,57,57,57,1,0,0,1.0,1.0,,40.0,,40.0,,,,,,2.0,3.0,0.0,1,2.0,2.0,2.0,,769.23,1.0,,2.0,,,17918.9829,4613.6474,0,0,0.0,,0,0,20142,1,,,,,,,4530.3669,9470.0,3850.0,-1,,,,,,,164318.0,2015,664,649,0,0,0,0,0,,12.0,51.0,2015,MIS4_to_MIS8,illinois,1,2014-2015,1,0,0,0,retention
108023006022781,5,1.0,1,4,2,9300,93001,1,1,,17,16980,0,2.0,1.0,,7,3,61,1.0,2,39,1,,2,1,2,1,2,57,57,57,1,0,0,2.0,1.0,,40.0,,40.0,,,,,,2.0,3.0,0.0,1,2.0,,1.0,2023.0,809.2,2.0,2.0,,,,12418.6979,3111.404,0,0,1.0,1.0,0,42,36504,2,1.0,,,,,,3092.7958,7870.0,5700.0,-1,,,,,,,161437.0,2014,652,649,0,0,0,0,0,12.0,17.0,40.0,2014,2.0,1,8,2,9300,93001,1,16980,0,2.0,1.0,,7,3,62,1.0,2,39,1,,1,2,1,2,57,57,57,1,0,0,1.0,2.0,4.0,40.0,,,,,,,,5.0,4.0,0.0,1,2.0,2.0,2.0,,1000.0,2.0,2.0,,,,13657.0389,3600.4354,0,0,1.0,,0,42,50492,2,1.0,,,,,,3532.3607,7870.0,5700.0,-1,,,,,,,164327.0,2015,664,649,0,0,0,0,0,12.0,17.0,40.0,2015,MIS4_to_MIS8,illinois,1,2014-2015,0,1,0,1,retention
197983505071798,5,1.0,1,4,2,9300,93001,1,1,,17,16980,0,2.0,1.0,,7,1,28,2.0,1,41,1,,1,1,1,1,2,164,164,164,4,0,13,1.0,1.0,,50.0,,50.0,,,,,,2.0,3.0,0.0,1,2.0,1.0,1.0,3000.0,1500.0,1.0,,2.0,,,11803.4213,2990.5319,0,0,0.0,0.0,0,0,4995,1,,,2.0,,,,2966.0251,9470.0,3740.0,-1,,,,,,,161491.0,2014,652,649,0,0,0,0,0,13.0,12.0,51.0,2014,2.0,1,8,2,9300,93001,1,16980,0,2.0,1.0,,7,1,29,2.0,1,40,1,,1,1,1,2,164,164,164,4,0,13,1.0,1.0,,50.0,,50.0,,,,,,2.0,3.0,0.0,1,2.0,1.0,1.0,3000.0,1500.0,1.0,,1.0,2.0,2.0,13921.3925,3529.9745,0,0,0.0,0.0,0,0,16933,1,,,2.0,,,,3530.3807,9470.0,3740.0,-1,,,,,,,164397.0,2015,664,649,0,0,0,0,0,13.0,12.0,51.0,2015,MIS4_to_MIS8,illinois,1,2014-2015,1,0,0,0,retention
271426053908195,5,1.0,1,4,2,9300,93001,1,1,,17,41180,163,2.0,1.0,,6,3,59,1.0,2,39,1,,2,1,2,1,2,57,57,57,1,0,0,2.0,2.0,5.0,35.0,,,,,,,,5.0,3.0,0.0,1,2.0,1.0,1.0,1524.0,384.61,1.0,,,,,12160.9152,3093.7039,0,0,0.0,0.0,0,0,23744,2,1.0,,,,,,3085.2777,7860.0,4020.0,-1,,,,,,,161511.0,2014,652,649,0,0,0,0,0,12.0,13.0,40.0,2014,2.0,1,8,2,9300,93001,1,41180,163,2.0,1.0,,6,3,60,1.0,2,39,1,,1,2,1,2,57,57,57,1,0,0,1.0,1.0,,35.0,,35.0,,,,,,2.0,3.0,0.0,1,2.0,,1.0,1786.0,625.1,1.0,,,,,13657.0389,3600.4354,0,0,1.0,1.0,0,0,20106,2,1.0,,,,,,3532.3607,7860.0,4020.0,-1,,,,,,,164419.0,2015,664,649,0,0,0,0,0,12.0,13.0,40.0,2015,MIS4_to_MIS8,illinois,1,2014-2015,1,0,0,0,retention
300970099313799,5,1.0,1,4,2,9300,93001,1,1,,17,16980,111,2.0,1.0,,7,1,29,2.0,1,44,1,,1,1,1,1,2,57,57,57,1,0,0,1.0,1.0,,60.0,,60.0,,,,,,2.0,3.0,0.0,1,2.0,2.0,2.0,,1057.69,1.0,,2.0,,,11803.4213,2990.5319,5,2,0.0,,0,0,23664,1,,,,,,3.0,2966.0251,7860.0,2330.0,-1,1.0,,,,,,161513.0,2014,652,649,1,1,0,0,1,18.0,8.0,40.0,2014,1.0,1,8,2,9300,93001,1,16980,111,2.0,1.0,,7,1,30,2.0,1,44,1,,1,1,1,2,57,57,57,1,0,0,1.0,1.0,,60.0,,60.0,,,,,,2.0,2.0,0.0,1,2.0,2.0,2.0,,1015.38,1.0,,2.0,,,12654.0099,3218.3423,5,2,0.0,,0,0,7394,1,,,,,,,3208.9802,7860.0,2310.0,-1,1.0,,,,,,164427.0,2015,664,649,1,1,0,0,1,,8.0,40.0,2015,MIS4_to_MIS8,illinois,1,2014-2015,1,0,0,0,retention
300970099313799,5,1.0,1,4,2,9300,93001,1,1,,17,16980,111,2.0,1.0,,7,3,30,1.0,2,44,1,,2,1,2,1,2,57,57,57,1,0,0,2.0,1.0,,60.0,,60.0,,,,,,2.0,3.0,0.0,1,2.0,2.0,2.0,,865.38,1.0,,2.0,,,12303.6429,3075.3007,5,2,0.0,,0,0,23664,2,,,,,,2.0,3100.6469,7860.0,2310.0,-1,,,,,,,161514.0,2014,652,649,1,1,0,0,1,18.0,8.0,40.0,2014,1.0,1,8,2,9300,93001,1,16980,111,2.0,1.0,,7,3,31,1.0,2,44,1,,1,2,1,2,57,57,57,1,0,0,2.0,1.0,,60.0,,60.0,,,,,,2.0,2.0,0.0,1,2.0,2.0,2.0,,923.07,1.0,,2.0,,,12702.1703,3206.3715,5,2,0.0,,0,0,7394,2,,,,,,,3197.2004,7860.0,2310.0,-1,,,,,,,164428.0,2015,664,649,1,1,0,0,1,,8.0,40.0,2015,MIS4_to_MIS8,illinois,1,2014-2015,1,0,0,0,retention
310709763719383,5,1.0,1,4,2,9300,93001,1,1,,17,16980,0,2.0,1.0,,7,1,35,2.0,2,43,1,,1,1,1,1,2,57,57,57,1,0,0,1.0,1.0,,40.0,,40.0,,,,,,2.0,3.0,0.0,1,2.0,2.0,2.0,,1000.0,1.0,,2.0,,,11473.225,2875.3023,0,0,0.0,,0,0,45889,1,,,,2.0,,,2857.4643,7860.0,2310.0,-1,,,,,,,161529.0,2014,652,649,0,0,0,0,0,16.0,8.0,40.0,2014,1.0,1,8,2,9300,93001,1,16980,0,2.0,1.0,,7,1,36,2.0,2,43,1,,1,1,1,2,57,57,57,1,0,0,1.0,1.0,,40.0,,40.0,,,,,,2.0,3.0,0.0,1,2.0,2.0,2.0,,830.76,1.0,,2.0,,,11073.1456,2866.4225,0,0,0.0,,0,0,7268,1,,,,,,,2806.8383,7860.0,2310.0,-1,,,,,,,164444.0,2015,664,649,0,0,0,0,0,,8.0,40.0,2015,MIS4_to_MIS8,illinois,1,2014-2015,1,0,0,0,retention
310709803091936,5,2.0,1,4,2,9300,93001,1,1,,17,16980,0,2.0,1.0,,7,1,57,2.0,1,39,1,1.0,1,1,1,1,2,57,57,303,1,0,0,2.0,1.0,,40.0,,40.0,,,,,,2.0,3.0,0.0,1,2.0,2.0,2.0,,634.61,2.0,2.0,,,,13238.8016,3291.8829,0,0,0.0,,0,0,44563,1,1.0,,,,,,3250.1176,7860.0,4220.0,-1,,,,,,,161531.0,2014,652,649,0,0,0,0,0,12.0,14.0,40.0,2014,2.0,1,8,2,9300,93001,1,16980,0,2.0,1.0,,7,1,58,2.0,1,39,1,1.0,1,1,1,2,57,57,303,1,0,0,1.0,2.0,4.0,40.0,,,,,,,,5.0,2.0,0.0,1,2.0,,1.0,1350.0,540.0,1.0,,,,,14395.0834,3437.3223,0,0,1.0,1.0,0,42,63398,1,1.0,,,,,,3457.5423,7860.0,4200.0,-1,,,,,,,164446.0,2015,664,649,0,0,0,0,0,12.0,14.0,40.0,2015,MIS4_to_MIS8,illinois,1,2014-2015,1,0,0,0,retention
310709803091936,5,2.0,1,4,2,9300,93001,1,1,,17,16980,0,2.0,1.0,,7,3,54,1.0,2,43,1,,2,1,2,1,2,57,57,57,1,0,0,1.0,1.0,,40.0,,40.0,,,,,,2.0,2.0,0.0,1,2.0,2.0,2.0,,1538.46,2.0,2.0,2.0,,,13897.8705,3596.4941,0,0,0.0,,0,0,44563,2,,,,1.0,1.0,,3533.8963,8190.0,5940.0,-1,,,,,,,161532.0,2014,652,649,0,0,0,0,0,18.0,17.0,41.0,2014,2.0,1,8,2,9300,93001,1,16980,0,2.0,1.0,,7,3,55,1.0,2,43,1,,1,2,1,2,57,57,57,1,0,0,2.0,2.0,4.0,40.0,,,,,,,,5.0,2.0,0.0,1,2.0,,1.0,2700.0,1080.0,2.0,2.0,,,,14185.7038,3557.8231,0,0,1.0,1.0,0,42,63398,2,,,,,,,3485.5576,8190.0,3320.0,-1,,,,,,,164447.0,2015,664,649,0,0,0,0,0,,10.0,41.0,2015,MIS4_to_MIS8,illinois,1,2014-2015,1,0,0,0,retention
310709848086710,5,1.0,1,4,2,9300,93001,1,1,,17,16980,0,2.0,1.0,,7,1,56,2.0,1,46,1,1.0,1,1,1,1,2,57,57,57,1,0,0,1.0,1.0,,50.0,,50.0,,,,,,2.0,3.0,0.0,1,2.0,2.0,2.0,,2884.61,2.0,2.0,,,,13238.8016,3291.8829,0,0,1.0,,0,0,23421,1,,,,,,,3250.1176,7860.0,230.0,-1,,,,,,,161533.0,2014,652,649,0,0,0,0,0,18.0,1.0,40.0,2014,2.0,1,8,2,9300,93001,1,16980,0,2.0,1.0,,7,1,57,2.0,1,46,1,1.0,1,1,1,2,57,57,57,1,0,0,1.0,1.0,,-4.0,,45.0,,,,,,2.0,3.0,0.0,1,2.0,2.0,2.0,,1000.0,1.0,,,,,14395.0834,3437.3223,0,0,1.0,,0,42,42789,1,,,,,,,3457.5423,7860.0,2310.0,-1,,,,,,,164448.0,2015,664,649,0,0,0,0,0,18.0,8.0,40.0,2015,MIS4_to_MIS8,illinois,1,2014-2015,1,0,0,0,retention
310709848086710,5,1.0,1,4,2,9300,93001,1,1,,17,16980,0,2.0,1.0,,7,3,61,1.0,2,43,1,,2,1,2,1,2,57,57,57,1,0,0,2.0,1.0,,50.0,,50.0,,,,,,2.0,3.0,0.0,1,2.0,2.0,2.0,,2884.61,2.0,1.0,,,,12418.6979,3111.404,0,0,1.0,,0,0,23421,2,,,,1.0,2.0,,3092.7958,7860.0,2310.0,-1,,,,,,,161534.0,2014,652,649,0,0,0,0,0,17.0,8.0,40.0,2014,2.0,1,8,2,9300,93001,1,16980,0,2.0,1.0,,7,3,62,1.0,2,43,1,,1,2,1,2,57,57,57,1,0,0,2.0,1.0,,40.0,,40.0,,,,,,2.0,3.0,0.0,1,2.0,,1.0,2700.0,1080.0,1.0,,,,,13657.0389,3600.4354,0,0,1.0,1.0,0,42,42789,2,,,,,,,3532.3607,7860.0,2310.0,-1,,,,,,,164449.0,2015,664,649,0,0,0,0,0,,8.0,40.0,2015,MIS4_to_MIS8,illinois,1,2014-2015,1,0,0,0,retention
310975098613919,5,1.0,1,4,2,9300,93001,1,1,,17,41180,163,2.0,1.0,,6,1,47,2.0,2,40,2,,1,1,1,1,2,57,57,57,1,0,0,1.0,1.0,,37.0,,40.0,,,,,,2.0,2.0,0.0,1,1.0,2.0,2.0,,1334.61,1.0,,2.0,,,13960.5982,3665.767,4,1,0.0,,0,0,36485,1,,,5.0,,,,3625.3083,9480.0,430.0,-1,,,,,,,161550.0,2014,652,649,0,0,0,1,0,16.0,1.0,51.0,2014,1.0,1,8,2,9300,93001,1,41180,163,2.0,1.0,,6,1,48,2.0,2,40,2,,1,1,1,2,57,57,57,1,0,0,1.0,1.0,,48.0,11.0,28.0,,,11.0,,,4.0,2.0,0.0,1,2.0,2.0,2.0,,1422.92,1.0,,1.0,2.0,2.0,14568.0403,3915.0626,0,0,0.0,,0,0,41044,1,,,5.0,,,,3850.888,9480.0,5000.0,-1,,,,,,,164465.0,2015,664,649,0,0,0,0,0,16.0,17.0,51.0,2015,MIS4_to_MIS8,illinois,1,2014-2015,1,0,0,0,retention
435199639700844,5,1.0,1,4,2,9300,93001,1,1,,17,40420,0,2.0,1.0,,3,3,56,1.0,1,39,1,,2,1,2,1,2,57,57,57,1,0,0,2.0,1.0,,39.0,,39.0,,,,,,2.0,3.0,0.0,1,2.0,1.0,1.0,1200.0,468.0,1.0,,,,,13077.6758,3251.1116,0,0,0.0,0.0,0,0,5041,2,1.0,,,,,,3210.5613,7860.0,9120.0,-1,,,,,,,161590.0,2014,652,649,0,0,0,0,0,12.0,22.0,40.0,2014,2.0,1,8,2,9300,93001,1,40420,0,2.0,1.0,,3,3,56,1.0,1,39,1,,1,2,1,2,57,57,57,1,0,0,2.0,1.0,,39.0,,39.0,,,,,,2.0,3.0,0.0,1,2.0,,1.0,1256.0,489.84,2.0,2.0,,,,13143.7214,3166.8711,0,0,0.0,0.0,0,0,20160,2,1.0,,,,,,3156.9788,7860.0,9120.0,-1,,,,,,,164501.0,2015,664,649,0,0,0,0,0,12.0,22.0,40.0,2015,MIS4_to_MIS8,illinois,1,2014-2015,1,0,0,0,retention
571897053908197,5,1.0,1,4,2,9300,93001,1,1,,17,16980,0,2.0,1.0,,7,1,54,2.0,2,43,1,,1,1,1,1,2,57,57,57,1,0,0,1.0,1.0,,33.0,,33.0,,,22.0,,,7.0,3.0,0.0,1,2.0,2.0,2.0,,460.15,1.0,,2.0,,,13897.8705,3596.4941,3,2,0.0,,0,0,23638,1,,,,2.0,,,3533.8963,7860.0,2540.0,-1,,,,,,,161629.0,2014,652,649,0,0,1,0,0,16.0,8.0,40.0,2014,1.0,1,8,2,9300,93001,1,16980,0,2.0,1.0,,7,1,55,2.0,2,43,1,,1,1,1,2,57,57,57,1,0,0,1.0,1.0,,20.0,,20.0,,,15.0,,,6.0,4.0,0.0,1,2.0,,1.0,1950.0,390.0,2.0,2.0,,,,14185.7038,3557.8231,10,2,1.0,1.0,0,42,50450,1,,,,,,,3485.5576,8680.0,4130.0,-1,,,,,,,164545.0,2015,664,649,0,0,1,1,0,,13.0,46.0,2015,MIS4_to_MIS8,illinois,1,2014-2015,0,1,0,1,retention
907097965137760,5,1.0,6,4,2,9300,93001,1,1,,17,16980,0,2.0,1.0,,7,2,37,,1,43,2,,1,0,0,7,2,57,57,57,1,0,0,1.0,1.0,,40.0,,40.0,,,,,,2.0,2.0,0.0,1,2.0,2.0,2.0,,961.53,2.0,2.0,2.0,,,10819.7243,2656.2305,0,0,0.0,,0,0,36303,1,,,,1.0,1.0,,2628.3744,7290.0,1010.0,-1,,,,,,,161775.0,2014,652,649,0,0,0,0,0,18.0,3.0,36.0,2014,1.0,6,8,2,9300,93001,1,16980,0,2.0,1.0,,7,2,38,,1,43,2,,0,0,7,2,57,57,57,1,0,0,1.0,1.0,,40.0,,40.0,,,,,,2.0,2.0,0.0,1,2.0,2.0,2.0,,1153.84,2.0,2.0,2.0,,,17918.9829,4613.6474,0,0,0.0,,0,0,19790,1,,,,,,,4530.3669,7590.0,7010.0,-1,,,,,,,164674.0,2015,664,649,0,0,0,0,0,,20.0,38.0,2015,MIS4_to_MIS8,illinois,1,2014-2015,1,0,0,0,retention
956077955139110,5,1.0,1,4,2,9300,93001,1,1,,17,16980,0,2.0,1.0,,7,1,54,2.0,2,42,1,,1,1,1,1,2,57,57,57,1,0,0,1.0,1.0,,40.0,,40.0,,,,,,2.0,3.0,0.0,1,2.0,2.0,2.0,,1538.46,2.0,2.0,2.0,,,13897.8705,3596.4941,0,0,0.0,,0,0,36422,1,,,3.0,,,,3533.8963,770.0,2600.0,-1,,,,,,,161813.0,2014,652,649,0,0,0,0,0,14.0,9.0,4.0,2014,1.0,1,8,2,9300,93001,1,16980,0,2.0,1.0,,7,1,55,2.0,2,42,1,,1,1,1,2,57,57,57,1,0,0,1.0,1.0,,40.0,,40.0,,,,,,2.0,3.0,0.0,1,2.0,2.0,2.0,,1586.53,2.0,2.0,,,,14185.7038,3557.8231,0,0,0.0,,0,0,30241,1,,,2.0,,,,3485.5576,770.0,2630.0,-1,,,,,,,164706.0,2015,664,649,0,0,0,0,0,13.0,9.0,4.0,2015,MIS4_to_MIS8,illinois,1,2014-2015,1,0,0,0,retention
997119230206101,5,1.0,1,4,2,9300,93001,1,1,,17,0,0,3.0,2.0,,0,3,67,1.0,2,40,1,,2,1,2,1,2,57,57,57,1,0,0,2.0,1.0,,-4.0,,11.0,,,21.0,,,7.0,2.0,0.0,1,2.0,,1.0,825.0,115.0,2.0,2.0,,,,12485.3498,3110.3696,0,0,1.0,0.0,42,0,4959,2,,,2.0,,,,3033.1037,7860.0,2540.0,-1,,,,,,,161996.0,2014,652,649,0,0,0,0,0,13.0,8.0,40.0,2014,2.0,1,8,2,9300,93001,1,0,0,3.0,2.0,,0,3,68,1.0,2,40,1,,1,2,1,2,57,57,57,1,0,0,2.0,1.0,,-4.0,,14.0,,,21.0,,,7.0,2.0,0.0,1,2.0,1.0,1.0,1475.0,275.0,1.0,,,,,14171.5106,3763.72,0,0,1.0,1.0,0,0,16913,2,,,3.0,,,,3698.0033,7860.0,4600.0,-1,,,,,,,164808.0,2015,664,649,0,0,0,0,0,14.0,15.0,40.0,2015,MIS4_to_MIS8,illinois,1,2014-2015,1,0,0,0,retention
946047944139760,5,1.0,1,4,2,9300,93001,1,1,,17,16580,0,,1.0,,2,3,26,1.0,2,43,1,1.0,2,1,2,1,2,57,303,303,1,0,0,2.0,1.0,,40.0,,40.0,,,,,,2.0,3.0,0.0,1,2.0,,1.0,1300.0,520.0,2.0,2.0,2.0,,,12786.7822,3223.6974,0,0,0.0,0.0,0,0,36257,2,,,,2.0,,,3222.4031,8380.0,2010.0,-1,,,,,,,162103.0,2014,652,649,0,0,0,0,0,16.0,6.0,43.0,2014,1.0,1,8,2,9300,93001,1,16580,0,,1.0,,2,3,27,1.0,2,43,1,1.0,1,2,1,2,57,303,303,1,0,0,2.0,1.0,,40.0,,40.0,,,,,,2.0,3.0,0.0,1,2.0,2.0,2.0,,0.0,2.0,2.0,2.0,,,15140.2193,3859.9708,0,0,0.0,,0,0,42779,2,,,,,,,3810.8697,7860.0,2310.0,-1,,,,,,,164912.0,2015,664,649,0,0,0,0,0,,8.0,40.0,2015,MIS4_to_MIS8,illinois,1,2014-2015,1,0,0,0,retention
17551380975196,5,1.0,1,4,2,9300,93001,1,1,,18,26900,0,1.0,1.0,,5,4,18,,2,37,4,,3,1,3,7,2,210,210,236,4,0,20,2.0,7.0,,,,,,,,,,1.0,3.0,0.0,2,,,,,,,,1.0,1.0,1.0,16383.9797,4237.711,0,0,,,0,0,9539,3,,,,,,,4290.8477,6770.0,2440.0,-1,,,,,2.0,1.0,162125.0,2014,652,649,0,0,0,0,0,11.0,8.0,31.0,2014,1.0,1,8,2,9300,93001,1,26900,0,1.0,1.0,,5,4,19,,2,38,4,,1,3,7,2,210,210,236,4,0,20,,7.0,,,,,,,,,,1.0,,,2,,,,,,,,1.0,1.0,1.0,9846.7983,2445.3955,0,0,,,0,0,41057,3,,,,,,,2558.7125,,,-1,,,,,2.0,1.0,164932.0,2015,664,649,0,0,0,0,0,12.0,,,2015,MIS4_to_MIS8,indiana,0,2014-2015,0,1,0,0,retention
66621380991791,5,1.0,1,4,2,9300,93001,1,1,,18,43780,141,1.0,1.0,,3,3,58,1.0,2,43,1,,2,1,2,1,2,57,57,57,1,0,0,2.0,1.0,,27.0,,27.0,,,23.0,,,7.0,3.0,0.0,1,2.0,,1.0,1475.0,398.25,2.0,2.0,,,,11049.3996,2759.5962,0,0,0.0,0.0,0,0,24015,2,,,,2.0,,,2803.2813,7860.0,2330.0,-1,,,,,,,162128.0,2014,652,649,0,0,0,0,0,16.0,8.0,40.0,2014,1.0,1,8,2,9300,93001,1,43780,141,1.0,1.0,,3,3,59,1.0,2,43,1,,1,2,1,2,57,57,57,1,0,0,2.0,1.0,,27.0,,27.0,,,18.0,,,7.0,5.0,0.0,1,2.0,1.0,1.0,1600.0,250.0,2.0,2.0,,,,10606.006,2675.4886,0,0,0.0,0.0,0,0,32934,2,,,,,,,2605.993,7860.0,2540.0,-1,,,,,,,164942.0,2015,664,649,0,0,0,0,0,,8.0,40.0,2015,MIS4_to_MIS8,indiana,0,2014-2015,0,1,0,1,retention
310809928055788,5,1.0,7,4,2,9300,93001,1,1,,18,26900,0,1.0,1.0,,5,2,62,,2,43,1,,1,0,0,5,2,57,110,147,1,0,0,1.0,1.0,,37.0,4.0,22.0,,,4.0,,,4.0,3.0,0.0,1,2.0,2.0,2.0,,1346.0,2.0,2.0,,,,10702.3593,2632.4143,0,0,1.0,,0,0,36624,1,,,,2.0,,,2665.3529,9470.0,2160.0,-1,,,,,,,162167.0,2014,652,649,0,0,0,0,0,16.0,7.0,51.0,2014,1.0,7,8,2,9300,93001,1,26900,0,1.0,1.0,,5,2,63,,2,43,1,,0,0,5,2,57,110,147,1,0,0,1.0,1.0,,38.0,,38.0,,,,,,2.0,3.0,0.0,1,2.0,2.0,2.0,,1107.0,2.0,2.0,,,,9999.0897,2651.4089,0,0,1.0,,0,0,16970,1,,,,,,,2586.2408,9470.0,2160.0,-1,,,,,,,164976.0,2015,664,649,0,0,0,0,0,,7.0,51.0,2015,MIS4_to_MIS8,indiana,0,2014-2015,1,0,0,0,retention
928899630199105,5,1.0,1,4,2,9300,93001,1,1,,18,23060,0,1.0,1.0,,3,1,64,2.0,2,44,1,,1,1,1,1,2,57,57,57,1,0,0,1.0,2.0,4.0,27.0,,,,,,,,10.0,2.0,0.0,1,2.0,2.0,2.0,,484.61,2.0,2.0,,,,11433.2253,2812.1823,0,0,0.0,,0,0,36533,1,,,,,,3.0,2847.3703,7870.0,2200.0,-1,,,,,,,162241.0,2014,652,649,0,0,0,0,0,18.0,8.0,40.0,2014,3.0,1,8,2,9300,93001,1,23060,0,1.0,1.0,,3,1,65,2.0,2,44,1,,1,1,1,2,57,57,57,1,0,0,2.0,1.0,,-4.0,,14.0,,,21.0,,,7.0,2.0,0.0,1,2.0,2.0,2.0,,46.0,2.0,2.0,,,,9050.5126,2417.6426,0,0,1.0,,0,0,30259,1,,,,,,,2361.6978,7870.0,2200.0,-1,,,,,,,165011.0,2015,664,649,0,0,0,0,0,,8.0,40.0,2015,MIS4_to_MIS8,indiana,0,2014-2015,1,0,0,0,retention
928899630199105,5,1.0,1,4,2,9300,93001,1,1,,18,23060,0,1.0,1.0,,3,3,66,1.0,1,43,1,,2,1,2,1,2,57,139,57,1,0,0,2.0,1.0,,45.0,,45.0,,,,,,2.0,3.0,0.0,1,2.0,2.0,2.0,,942.3,2.0,2.0,,,,10577.0787,2531.3808,0,0,0.0,,0,0,36533,2,,,,1.0,2.0,,2549.6183,6290.0,110.0,-1,,,,,,,162242.0,2014,652,649,0,0,0,0,0,17.0,1.0,23.0,2014,3.0,1,8,2,9300,93001,1,23060,0,1.0,1.0,,3,3,67,1.0,1,43,1,,1,2,1,2,57,139,57,1,0,0,1.0,5.0,,,,,,,,,,1.0,3.0,0.0,2,,,,,,,,,,,10025.6482,2484.1528,0,0,,,0,0,30259,2,,,,,,,2576.1312,6290.0,110.0,-1,,,,,,,165012.0,2015,664,649,0,0,0,0,0,,1.0,23.0,2015,MIS4_to_MIS8,indiana,0,2014-2015,1,0,0,0,retention
34901380995395,5,1.0,7,4,2,9300,93001,1,1,,18,31140,0,2.0,1.0,,5,2,46,,2,44,1,,1,0,0,7,2,57,57,57,1,0,0,1.0,1.0,,50.0,,50.0,,,,,,2.0,3.0,0.0,1,2.0,2.0,2.0,,1000.0,1.0,,2.0,,,10807.6105,2720.6729,0,0,0.0,,0,0,5051,1,,,,,,2.0,2748.117,7860.0,2320.0,-1,,,,,,,162262.0,2014,652,649,0,0,0,0,0,18.0,8.0,40.0,2014,1.0,7,8,2,9300,93001,1,31140,0,2.0,1.0,,5,2,47,,2,44,1,,0,0,7,2,57,57,57,1,0,0,1.0,1.0,,50.0,,50.0,,,,,,2.0,3.0,0.0,1,2.0,2.0,2.0,,1192.3,1.0,,2.0,,,10608.7904,2726.0866,0,0,0.0,,0,0,63436,1,,,,,,,2690.4347,7860.0,2320.0,-1,,,,,,,165059.0,2015,664,649,0,0,0,0,0,,8.0,40.0,2015,MIS4_to_MIS8,indiana,0,2014-2015,1,0,0,0,retention
47441380991997,5,1.0,1,4,2,9300,93001,1,1,,18,26900,81,2.0,1.0,,5,3,46,1.0,1,39,1,,2,1,2,1,2,57,57,57,1,0,0,2.0,1.0,,40.0,,40.0,,,,,,2.0,3.0,0.0,1,1.0,1.0,1.0,1575.0,865.38,2.0,2.0,2.0,,,10696.8467,2654.2687,0,0,0.0,1.0,0,0,5064,2,2.0,8.0,,,,,2656.5443,670.0,9620.0,-1,,,,,,,162266.0,2014,652,649,0,0,0,0,0,12.0,22.0,24.0,2014,2.0,1,8,2,9300,93001,1,26900,81,2.0,1.0,,5,3,47,1.0,1,39,1,,1,2,1,2,57,57,57,1,0,0,2.0,1.0,,40.0,,40.0,,,,,,2.0,5.0,0.0,1,1.0,,1.0,2000.0,800.0,2.0,2.0,2.0,,,9732.5676,2513.9884,0,0,0.0,0.0,0,0,32861,2,2.0,8.0,,,,,2453.0101,670.0,6600.0,-1,,,,,,,165062.0,2015,664,649,0,0,0,0,0,12.0,19.0,24.0,2015,MIS4_to_MIS8,indiana,0,2014-2015,0,1,0,1,retention
59501380996493,5,1.0,7,4,2,9300,93001,1,1,,18,16980,89,2.0,1.0,,7,16,58,,1,39,1,1.0,2,0,0,5,2,57,57,57,1,0,0,2.0,7.0,,,,,,2.0,,,,1.0,3.0,0.0,2,,,,,,,,,,,10725.3667,2711.2971,0,0,,,0,0,53125,2,1.0,,,,,,2739.4278,770.0,6730.0,-1,,,,,,,162269.0,2014,652,649,0,0,0,0,0,12.0,19.0,4.0,2014,1.0,7,8,2,9300,93001,1,16980,89,2.0,1.0,,7,16,59,,1,39,1,1.0,0,0,5,2,57,57,57,1,0,0,2.0,4.0,,,,,,,,28.0,3.0,11.0,4.0,0.0,2,,,,,,,,,,,9147.5896,2792.9854,0,0,,,0,0,20241,2,1.0,,,,,,2634.7063,5380.0,7200.0,-1,,,,,,,165065.0,2015,664,649,0,0,0,0,0,12.0,20.0,22.0,2015,MIS4_to_MIS8,indiana,0,2014-2015,0,1,0,1,retention
109083108086861,5,1.0,1,4,2,9300,93001,1,1,,18,26900,57,2.0,1.0,,5,3,37,1.0,2,44,1,,2,1,2,1,2,57,57,57,1,0,0,2.0,1.0,,40.0,7.0,32.0,,,7.0,,,4.0,2.0,0.0,1,2.0,2.0,2.0,,1250.0,2.0,2.0,2.0,,,13656.6516,3359.9793,3,2,1.0,,0,0,9506,2,,,,,,2.0,3401.2577,7860.0,2320.0,-1,,,,,,,162294.0,2014,652,649,0,0,1,0,0,18.0,8.0,40.0,2014,1.0,1,8,2,9300,93001,1,26900,57,2.0,1.0,,5,3,38,1.0,2,44,1,,1,2,1,2,57,57,57,1,0,0,2.0,1.0,,40.0,,40.0,,,,,,2.0,3.0,0.0,1,2.0,2.0,2.0,,961.0,1.0,,2.0,,,9372.9534,2440.4135,3,2,1.0,,0,0,43009,2,,,,,,,2375.8709,7860.0,2310.0,-1,,,,,,,165085.0,2015,664,649,0,0,1,0,0,,8.0,40.0,2015,MIS4_to_MIS8,indiana,0,2014-2015,1,0,0,0,retention
310800045951913,5,1.0,1,4,2,9300,93001,1,1,,18,16980,0,2.0,1.0,,7,1,69,2.0,2,39,1,,1,1,1,1,2,57,57,57,1,0,0,1.0,1.0,,-4.0,,25.0,,,18.0,,,7.0,3.0,0.0,1,2.0,1.0,1.0,1035.0,206.0,2.0,2.0,,,,10791.9867,2639.4112,0,0,1.0,1.0,0,0,46168,1,1.0,,,,,,2621.7299,7860.0,4030.0,-1,,,,,,,162316.0,2014,652,649,0,0,0,0,0,12.0,13.0,40.0,2014,1.0,1,8,2,9300,93001,1,16980,0,2.0,1.0,,7,1,69,2.0,2,39,1,,1,1,1,2,57,57,57,1,0,0,1.0,1.0,,25.0,,25.0,,,19.0,,,7.0,3.0,0.0,1,2.0,,1.0,1552.0,388.0,2.0,1.0,,,,9559.7486,2553.6737,0,0,1.0,1.0,0,0,32911,1,1.0,,,,,,2494.5811,7860.0,4030.0,-1,,,,,,,165128.0,2015,664,649,0,0,0,0,0,12.0,13.0,40.0,2015,MIS4_to_MIS8,indiana,0,2014-2015,1,0,0,0,retention
450983097113459,5,1.0,6,4,2,9300,93001,1,1,,18,26900,63,2.0,1.0,,5,2,65,,1,44,1,,1,0,0,7,2,57,57,57,1,0,0,1.0,1.0,,20.0,,8.0,,,23.0,,,7.0,2.0,0.0,1,2.0,,1.0,1720.0,344.0,2.0,2.0,,,,10158.1343,2431.116,0,0,0.0,0.0,0,0,34312,1,,,,,,3.0,2448.6312,7870.0,2000.0,-1,,,,,,,162335.0,2014,652,649,0,0,0,0,0,18.0,6.0,40.0,2014,1.0,6,8,2,9300,93001,1,26900,63,2.0,1.0,,5,2,66,,1,44,1,,0,0,7,2,57,57,57,1,0,0,1.0,1.0,,20.0,,20.0,,,15.0,,,6.0,2.0,0.0,1,2.0,,1.0,1800.0,360.0,2.0,2.0,,,,9945.9119,2623.9261,0,0,0.0,0.0,0,0,16960,1,,,,,,,2490.3368,7870.0,2000.0,-1,,,,,,,165151.0,2015,664,649,0,0,0,0,0,,6.0,40.0,2015,MIS4_to_MIS8,indiana,0,2014-2015,1,0,0,0,retention
430983096513949,5,1.0,1,4,2,9300,93001,1,1,,18,0,0,3.0,2.0,,0,1,60,2.0,1,44,1,,1,1,1,1,2,57,57,57,1,0,0,1.0,1.0,,40.0,,40.0,,,,,,2.0,3.0,0.0,1,2.0,2.0,2.0,,1153.84,1.0,,,,,10664.4038,2674.3408,0,0,0.0,,0,0,56395,1,,,,,,2.0,2669.8153,7860.0,2310.0,-1,,,,,,,162472.0,2014,652,649,0,0,0,0,0,18.0,8.0,40.0,2014,1.0,1,8,2,9300,93001,1,0,0,3.0,2.0,,0,1,61,2.0,1,44,1,,1,1,1,2,57,57,57,1,0,0,1.0,1.0,,40.0,,40.0,,,,,,2.0,2.0,0.0,1,2.0,2.0,2.0,,778.0,2.0,2.0,,,,9682.4212,2392.8435,0,0,1.0,,0,0,54187,1,,,,,,,2315.7493,7860.0,2310.0,-1,,,,,,,165342.0,2015,664,649,0,0,0,0,0,,8.0,40.0,2015,MIS4_to_MIS8,indiana,0,2014-2015,1,0,0,0,retention
430983096513949,5,1.0,1,4,2,9300,93001,1,1,,18,0,0,3.0,2.0,,0,3,55,1.0,2,39,1,,2,1,2,1,2,57,57,57,1,0,0,2.0,1.0,,40.0,,40.0,,,,,,2.0,3.0,0.0,1,2.0,2.0,2.0,,416.66,2.0,2.0,,,,10937.1973,2731.5736,0,0,0.0,,0,0,56395,2,1.0,,,,,,2774.8151,7860.0,230.0,-1,,,,,,,162473.0,2014,652,649,0,0,0,0,0,12.0,1.0,40.0,2014,1.0,1,8,2,9300,93001,1,0,0,3.0,2.0,,0,3,56,1.0,2,39,1,,1,2,1,2,57,57,57,1,0,0,2.0,1.0,,40.0,,40.0,,,,,,2.0,2.0,0.0,1,2.0,2.0,2.0,,1586.0,1.0,,,,,11789.4215,2974.0189,0,0,1.0,,0,0,54187,2,1.0,,,,,,2896.7691,7860.0,2310.0,-1,,,,,,,165343.0,2015,664,649,0,0,0,0,0,12.0,8.0,40.0,2015,MIS4_to_MIS8,indiana,0,2014-2015,1,0,0,0,retention
62058114130780,5,2.0,1,4,2,9300,93001,1,1,,18,33140,91,,1.0,,2,3,38,1.0,2,39,1,,2,1,2,1,2,57,57,57,1,0,0,1.0,1.0,,25.0,,25.0,,,18.0,,,7.0,3.0,0.0,1,2.0,,1.0,735.0,183.75,2.0,2.0,2.0,,,13678.362,3365.3207,10,3,0.0,0.0,0,0,53129,2,1.0,,,,,,3406.6648,7860.0,2540.0,-1,,,,,,,162564.0,2014,652,649,0,0,1,1,0,12.0,8.0,40.0,2014,2.0,1,8,2,9300,93001,1,33140,91,,1.0,,2,3,39,1.0,2,39,1,,1,2,1,2,57,57,57,1,0,0,1.0,1.0,,20.0,,20.0,,,18.0,,,7.0,3.0,0.0,1,2.0,,1.0,780.0,156.0,2.0,2.0,2.0,,,11564.534,3011.0301,10,3,0.0,0.0,0,0,71827,2,1.0,,,,,,2931.3962,7860.0,2310.0,-1,,,,,,,165435.0,2015,664,649,0,0,1,1,0,12.0,8.0,40.0,2015,MIS4_to_MIS8,indiana,0,2014-2015,1,0,0,0,retention
75641380011802,5,2.0,1,4,2,9300,93001,1,1,,18,33140,91,,1.0,,2,3,31,1.0,2,40,1,,2,1,2,1,2,57,57,57,1,0,0,1.0,4.0,,,,,,,,4.0,5.0,11.0,3.0,0.0,2,,,,,,,,1.0,1.0,2.0,14543.8313,3599.4035,6,2,,,0,0,46129,2,,,5.0,,,,3431.0973,7860.0,2310.0,-1,,,,,,,162572.0,2014,652,649,1,0,1,0,1,16.0,8.0,40.0,2014,1.0,1,8,2,9300,93001,1,33140,91,,1.0,,2,3,32,1.0,2,43,1,,1,2,1,2,57,57,57,1,0,0,1.0,1.0,,40.0,,50.0,,,,,,2.0,3.0,0.0,1,2.0,2.0,2.0,,692.3,1.0,,2.0,,,13265.8494,3368.1292,6,2,0.0,,0,0,58022,2,,,,,,,3339.0813,7860.0,2310.0,-1,,,,,,,165443.0,2015,664,649,1,0,1,0,1,,8.0,40.0,2015,MIS4_to_MIS8,indiana,0,2014-2015,1,0,0,0,retention
236108570800141,5,2.0,6,4,2,9300,93001,1,1,,18,33140,91,,1.0,,2,2,43,,1,40,1,,1,0,0,5,2,57,57,57,1,0,0,2.0,1.0,,40.0,4.0,24.0,,,4.0,,,4.0,3.0,0.0,1,2.0,2.0,2.0,,1265.0,2.0,1.0,2.0,,,13713.1046,3443.8429,0,0,1.0,,0,42,46128,1,,,2.0,,,,3477.8256,9470.0,3850.0,-1,2.0,3.0,,,,,162587.0,2014,652,649,0,0,0,0,0,13.0,12.0,51.0,2014,1.0,6,8,2,9300,93001,1,33140,91,,1.0,,2,2,44,,1,40,1,,0,0,5,2,57,57,57,1,0,0,2.0,1.0,,40.0,,40.0,,,,,,2.0,3.0,0.0,1,2.0,2.0,2.0,,1038.46,2.0,2.0,2.0,,,14542.2741,3693.4597,0,0,0.0,,0,0,54166,1,,,2.0,,,,3631.0723,9470.0,3850.0,-1,2.0,3.0,,,,,165482.0,2015,664,649,0,0,0,0,0,13.0,12.0,51.0,2015,MIS4_to_MIS8,indiana,0,2014-2015,1,0,0,0,retention
236108570800141,5,2.0,6,4,2,9300,93001,1,1,,18,33140,91,,1.0,,2,14,43,,2,39,1,,2,0,0,5,2,57,57,57,1,0,0,1.0,1.0,,40.0,4.0,24.0,,,4.0,,,4.0,3.0,0.0,1,2.0,2.0,2.0,,400.0,2.0,2.0,2.0,,,13830.7867,3380.0758,0,0,1.0,,0,42,46128,2,1.0,,,,,,3444.6269,9370.0,5110.0,-1,,,,,,,162588.0,2014,652,649,0,0,0,0,0,12.0,17.0,51.0,2014,1.0,6,8,2,9300,93001,1,33140,91,,1.0,,2,14,44,,2,39,1,,0,0,5,2,57,57,57,1,0,0,1.0,1.0,,40.0,,40.0,,,,,,2.0,3.0,0.0,1,2.0,2.0,2.0,,500.0,2.0,2.0,2.0,,,12840.1869,3336.5357,0,0,0.0,,0,0,54166,2,1.0,,,,,,3254.7507,9370.0,5110.0,-1,,,,,,,165483.0,2015,664,649,0,0,0,0,0,12.0,17.0,51.0,2015,MIS4_to_MIS8,indiana,0,2014-2015,1,0,0,0,retention
57863360946091,5,1.0,1,4,2,9300,93001,1,1,,36,35620,47,1.0,1.0,,7,1,44,2.0,2,44,2,,1,1,1,1,2,368,368,368,4,0,9,1.0,1.0,,40.0,,40.0,,,,,,2.0,3.0,0.0,1,2.0,,1.0,1677.0,670.8,1.0,,2.0,,,12328.0831,3089.6669,3,1,1.0,1.0,0,42,44620,1,,,,,,2.0,3075.3473,7860.0,3245.0,-1,,,,,,,173085.0,2014,652,649,0,0,1,0,0,18.0,10.0,40.0,2014,5.0,1,8,2,9300,93001,1,35620,47,1.0,1.0,,7,1,45,2.0,2,44,2,,1,1,1,2,321,321,321,4,0,8,1.0,1.0,,-4.0,,38.0,,,,,,2.0,3.0,0.0,1,2.0,2.0,2.0,,346.0,1.0,,2.0,,,10335.4292,2783.7732,3,1,1.0,,0,0,30522,1,,,,,,,2732.0477,7860.0,3245.0,-1,,,,,,,176003.0,2015,664,649,0,0,1,0,0,,10.0,40.0,2015,MIS4_to_MIS8,new_york,0,2014-2015,1,0,0,0,retention
70465091633689,5,1.0,1,4,2,9300,93001,1,1,,36,35620,47,1.0,1.0,,7,1,58,2.0,2,40,2,,1,1,1,1,2,57,57,57,1,0,0,1.0,1.0,,35.0,,35.0,,,,,,2.0,3.0,0.0,1,2.0,2.0,2.0,,600.0,2.0,2.0,,,,13730.4335,3373.4113,0,0,0.0,,0,0,65502,1,,,2.0,,,,3338.7876,8370.0,5810.0,-1,,,,,,,173100.0,2014,652,649,0,0,0,0,0,13.0,17.0,43.0,2014,1.0,1,8,2,9300,93001,1,35620,47,1.0,1.0,,7,1,59,2.0,2,40,2,,1,1,1,2,57,57,57,1,0,0,1.0,1.0,,35.0,,35.0,,,,,,2.0,3.0,0.0,1,2.0,2.0,2.0,,501.5,1.0,,,,,11129.5226,2942.3634,0,0,0.0,,0,0,1838,1,,,2.0,,,,2887.6911,8370.0,5810.0,-1,,,,,,,176023.0,2015,664,649,0,0,0,0,0,13.0,17.0,43.0,2015,MIS4_to_MIS8,new_york,0,2014-2015,1,0,0,0,retention
160468095633879,5,1.0,1,4,2,9300,93001,1,1,,36,35620,61,1.0,1.0,,7,1,55,2.0,2,44,1,,1,1,1,1,2,57,57,57,1,0,0,1.0,1.0,,40.0,,40.0,,,,,,2.0,3.0,0.0,1,2.0,2.0,2.0,,673.0,1.0,,,,,13215.5303,3359.3687,3,1,1.0,,0,42,42294,1,,,,,,2.0,3352.8382,7870.0,2200.0,-1,,,,,,,173142.0,2014,652,649,0,0,1,0,0,18.0,8.0,40.0,2014,1.0,1,8,2,9300,93001,1,35620,61,1.0,1.0,,7,1,56,2.0,2,44,1,,1,1,1,2,57,57,57,1,0,0,1.0,1.0,,-4.0,4.0,15.0,,,4.0,,,4.0,3.0,0.0,1,2.0,2.0,2.0,,1615.0,2.0,2.0,,,,11068.9774,2782.3305,3,1,1.0,,0,42,38564,1,,,,,,,2719.7494,7870.0,2200.0,-1,,,,,,,176096.0,2015,664,649,0,0,1,0,0,,8.0,40.0,2015,MIS4_to_MIS8,new_york,0,2014-2015,1,0,0,0,retention
303901213394716,5,1.0,4,4,2,9300,93001,1,1,,36,35620,81,1.0,1.0,,7,1,48,,2,44,2,,1,1,1,7,2,57,333,333,1,0,0,1.0,1.0,,45.0,,45.0,,,,,,2.0,3.0,0.0,1,2.0,2.0,2.0,,2350.0,1.0,,1.0,2.0,2.0,12847.9486,3370.9725,10,2,0.0,,0,0,1992,1,,,,,,2.0,3336.3738,7860.0,230.0,-1,,,,,,,173193.0,2014,652,649,0,0,1,1,0,18.0,1.0,40.0,2014,3.0,4,8,2,9300,93001,1,35620,81,1.0,1.0,,7,1,49,,2,44,2,,1,1,7,2,57,333,333,1,0,0,1.0,1.0,,40.0,,40.0,,,,,,2.0,3.0,0.0,1,2.0,2.0,2.0,,2400.0,1.0,,1.0,2.0,2.0,10335.4292,2783.7732,10,2,0.0,,0,0,27177,1,,,,,,,2732.0477,7860.0,230.0,-1,,,,,,,176190.0,2015,664,649,0,0,1,1,0,,1.0,40.0,2015,MIS4_to_MIS8,new_york,0,2014-2015,1,0,0,0,retention
330609913127554,5,1.0,3,4,2,9300,93001,1,1,,36,35620,5,1.0,1.0,,7,6,62,2.0,2,43,2,2.0,3,2,1,1,2,73,73,73,2,0,5,2.0,1.0,,40.0,,40.0,,,,,,2.0,3.0,0.0,1,1.0,2.0,2.0,,2376.0,2.0,2.0,,,,19041.2119,5278.4157,0,0,1.0,,0,42,42141,3,,,,2.0,,,5233.4831,9480.0,2010.0,-1,,,,,,,173235.0,2014,652,649,0,0,0,0,0,16.0,6.0,51.0,2014,3.0,3,8,2,9300,93001,1,35620,5,1.0,1.0,,7,6,63,2.0,2,43,2,2.0,2,1,1,2,73,73,73,2,0,5,1.0,5.0,,,,,,,,,,1.0,1.0,0.0,2,,,,,,,,,,,21935.8885,5387.9851,0,0,,,0,0,1758,3,,,,,,,5572.1231,6990.0,5840.0,-1,,,,,,,176247.0,2015,664,649,0,0,0,0,0,,17.0,33.0,2015,MIS4_to_MIS8,new_york,0,2014-2015,0,1,1,0,retention
330609933405303,5,1.0,7,4,2,9300,93001,1,1,,36,35620,81,1.0,1.0,,7,2,54,,2,44,2,,1,0,0,3,2,440,440,440,4,0,20,1.0,1.0,,40.0,,40.0,,,,,,2.0,3.0,0.0,1,2.0,2.0,2.0,,769.0,1.0,,2.0,,,13978.159,3667.5108,0,0,1.0,,0,42,16030,1,,,,,,2.0,3629.8685,9370.0,2010.0,-1,,,,,,,173242.0,2014,652,649,0,0,0,0,0,18.0,6.0,51.0,2014,1.0,7,8,2,9300,93001,1,35620,81,1.0,1.0,,7,2,56,,2,44,2,,0,0,3,2,440,440,440,4,0,20,1.0,1.0,,35.0,,35.0,,,,,,2.0,5.0,0.0,1,2.0,1.0,1.0,1200.0,1800.0,2.0,2.0,,,,11129.5226,2942.3634,0,0,1.0,1.0,0,0,13152,1,,,,,,,2887.6911,8290.0,2010.0,-1,,,,,,,176254.0,2015,664,649,0,0,0,0,0,,6.0,42.0,2015,MIS4_to_MIS8,new_york,0,2014-2015,0,1,0,1,retention
393903305033640,5,2.0,1,4,2,9300,93001,1,1,,36,35620,81,1.0,1.0,,7,3,50,1.0,2,40,1,4.0,2,1,2,1,2,329,329,329,4,0,7,1.0,1.0,,40.0,,40.0,,,,,,2.0,3.0,0.0,1,2.0,,1.0,1365.0,546.0,1.0,,2.0,,,12397.504,3200.0606,0,0,1.0,1.0,0,42,1989,2,,,3.0,,,,3152.3889,7870.0,2550.0,-1,,,,,,,173318.0,2014,652,649,0,0,0,0,0,14.0,8.0,40.0,2014,1.0,1,8,2,9300,93001,1,35620,81,1.0,1.0,,7,3,51,1.0,2,40,1,4.0,1,2,1,2,329,329,329,4,0,23,2.0,1.0,,20.0,,20.0,,,18.0,,,7.0,4.0,0.0,1,2.0,1.0,1.0,1000.0,0.0,2.0,2.0,2.0,,,10467.4835,2732.2734,0,0,1.0,1.0,0,0,13153,2,,,2.0,,,,2654.5987,7280.0,5120.0,-1,,,,,,,176309.0,2015,664,649,0,0,0,0,0,13.0,17.0,36.0,2015,MIS4_to_MIS8,new_york,0,2014-2015,0,1,0,1,retention
431304790600199,5,1.0,1,4,2,9300,93001,1,1,,36,35620,61,1.0,1.0,,7,1,66,2.0,1,46,1,,1,1,1,1,2,301,301,301,4,0,2,1.0,1.0,,50.0,,50.0,,,,,,2.0,2.0,0.0,1,2.0,2.0,2.0,,1442.3,2.0,2.0,,,,13128.8487,3198.0453,0,0,0.0,,0,0,1890,1,,,,,,,3164.7257,7870.0,2200.0,-1,,,,,,,173387.0,2014,652,649,0,0,0,0,0,18.0,8.0,40.0,2014,1.0,1,8,2,9300,93001,1,35620,61,1.0,1.0,,7,1,67,2.0,1,46,1,,1,1,1,2,301,301,301,4,0,2,1.0,1.0,,50.0,,50.0,,,,,,2.0,2.0,0.0,1,2.0,2.0,2.0,,2100.0,2.0,2.0,,,,11892.9136,3126.405,0,0,0.0,,0,0,4967,1,,,,,,,2977.8426,7870.0,2200.0,-1,,,,,,,176362.0,2015,664,649,0,0,0,0,0,18.0,8.0,40.0,2015,MIS4_to_MIS8,new_york,0,2014-2015,1,0,0,0,retention
563043033900393,5,1.0,4,4,2,9300,93001,1,1,,36,35620,81,1.0,1.0,,7,1,52,,2,43,2,,1,1,1,5,2,340,340,328,4,0,5,1.0,1.0,,40.0,,40.0,,,,,,2.0,3.0,0.0,1,2.0,2.0,2.0,,2633.0,1.0,,2.0,,,13978.159,3667.5108,0,0,1.0,,0,42,1990,1,,,,1.0,1.0,,3629.8685,8190.0,350.0,-1,,,,,2.0,,173432.0,2014,652,649,0,0,0,0,0,18.0,1.0,41.0,2014,1.0,4,8,2,9300,93001,1,35620,81,1.0,1.0,,7,1,53,,2,43,2,,1,1,5,2,340,340,328,4,0,5,1.0,1.0,,35.0,,35.0,,,,,,2.0,3.0,0.0,1,2.0,2.0,2.0,,1653.0,1.0,,2.0,,,9502.0902,2559.3193,0,0,1.0,,0,0,2046,1,,,,,,,2511.7644,8190.0,5940.0,-1,,,,,2.0,,176405.0,2015,664,649,0,0,0,0,0,,17.0,41.0,2015,MIS4_to_MIS8,new_york,0,2014-2015,1,0,0,0,retention
649150608760933,5,2.0,4,4,2,9300,93001,1,1,,36,35620,47,1.0,1.0,,7,4,34,,2,44,2,,2,1,3,7,2,57,57,57,1,0,0,3.0,1.0,,44.0,,44.0,,,,,,2.0,3.0,0.0,1,2.0,2.0,2.0,,1365.0,1.0,,2.0,,,10449.1685,2666.4879,0,0,1.0,,0,42,5863,2,,,,,,2.0,2585.9926,7860.0,2320.0,-1,,,,,1.0,,173482.0,2014,652,649,0,0,0,0,0,18.0,8.0,40.0,2014,1.0,4,8,2,9300,93001,1,35620,47,1.0,1.0,,7,4,35,,2,44,2,,1,3,7,2,57,57,57,1,0,0,2.0,1.0,,40.0,,40.0,,,,,,2.0,5.0,0.0,1,2.0,2.0,2.0,,1200.0,1.0,,2.0,,,9690.5005,2487.2636,0,0,1.0,,0,0,4957,2,,,,,,,2414.4239,7860.0,2000.0,-1,,,,,1.0,,176498.0,2015,664,649,0,0,0,0,0,,6.0,40.0,2015,MIS4_to_MIS8,new_york,0,2014-2015,0,1,0,1,retention
698330303540933,5,1.0,4,4,2,9300,93001,1,1,,36,35620,81,1.0,1.0,,7,1,48,,2,43,2,,1,1,1,6,2,57,57,57,1,0,0,1.0,1.0,,35.0,,35.0,,,,,,2.0,3.0,0.0,1,2.0,2.0,2.0,,865.0,1.0,,2.0,,,12847.9486,3370.9725,4,1,1.0,,0,42,5924,1,,,,2.0,,,3336.3738,9480.0,1107.0,-1,,,,,,,173520.0,2014,652,649,0,0,0,1,0,16.0,3.0,51.0,2014,2.0,4,8,2,9300,93001,1,35620,81,1.0,1.0,,7,1,49,,2,43,2,,1,1,6,2,57,57,57,1,0,0,1.0,7.0,,,,,,,,,,1.0,,,2,,,,,,,,2.0,,,11724.7528,2783.7732,4,1,,,0,0,27175,1,,,,,,,2843.7845,,,-1,,,,,,,176539.0,2015,664,649,0,0,0,1,0,,,,2015,MIS4_to_MIS8,new_york,0,2014-2015,0,1,0,0,retention
746089930559300,5,2.0,1,4,2,9300,93001,1,1,,36,35620,47,1.0,1.0,,7,4,27,,1,39,1,,5,1,3,7,2,57,117,57,1,0,0,2.0,1.0,,-4.0,,40.0,,,,,,2.0,3.0,0.0,1,2.0,,1.0,1000.0,400.0,1.0,,2.0,,,13920.0952,3524.0603,0,0,1.0,1.0,0,42,57206,5,1.0,,,,,,3497.9139,9470.0,3850.0,-1,,,,,1.0,1.0,173622.0,2014,652,649,0,0,0,0,0,12.0,12.0,51.0,2014,1.0,1,8,2,9300,93001,1,35620,47,1.0,1.0,,7,4,28,,1,39,1,,1,3,7,2,57,117,57,1,0,0,2.0,1.0,,50.0,,50.0,,,,,,2.0,3.0,0.0,1,2.0,,1.0,3000.0,1500.0,1.0,,2.0,,,15453.3192,3927.1584,0,0,1.0,1.0,0,42,38501,5,2.0,6.0,,,,,3918.868,9470.0,3850.0,-1,,,,,1.0,1.0,176576.0,2015,664,649,0,0,0,0,0,10.0,12.0,51.0,2015,MIS4_to_MIS8,new_york,0,2014-2015,1,0,0,0,retention
746089930559300,5,2.0,1,4,2,9300,93001,1,1,,36,35620,47,1.0,1.0,,7,4,30,,1,39,1,,4,1,3,7,2,57,117,57,1,0,0,2.0,1.0,,-4.0,,40.0,,,,,,2.0,3.0,0.0,1,2.0,,1.0,1000.0,400.0,1.0,,2.0,,,13655.6372,3444.293,0,0,1.0,1.0,0,42,57206,4,1.0,,,,,,3431.4595,9470.0,3850.0,-1,,,,,1.0,1.0,173623.0,2014,652,649,0,0,0,0,0,12.0,12.0,51.0,2014,1.0,1,8,2,9300,93001,1,35620,47,1.0,1.0,,7,4,30,,1,39,1,,1,3,7,2,57,117,57,1,0,0,2.0,1.0,,50.0,,50.0,,,,,,2.0,3.0,0.0,1,2.0,,1.0,3000.0,1500.0,1.0,,2.0,,,14046.4724,3580.4621,0,0,1.0,1.0,0,42,38501,4,1.0,,,,,,3562.1002,9470.0,3850.0,-1,,,,,1.0,1.0,176577.0,2015,664,649,0,0,0,0,0,12.0,12.0,51.0,2015,MIS4_to_MIS8,new_york,0,2014-2015,1,0,0,0,retention
12313360979894,5,1.0,1,4,2,9300,93001,1,1,,36,40380,55,2.0,1.0,,5,3,40,1.0,2,44,1,,2,1,2,1,2,57,57,57,1,0,0,2.0,1.0,,40.0,,36.0,,,,,,2.0,2.0,0.0,1,2.0,2.0,2.0,,1153.84,1.0,,2.0,,,11261.3923,2833.47,3,2,0.0,,0,0,5882,2,,,,,,2.0,2804.7063,7860.0,2310.0,-1,,,,,,,173820.0,2014,652,649,0,0,1,0,0,18.0,8.0,40.0,2014,1.0,1,8,2,9300,93001,1,40380,55,2.0,1.0,,5,3,41,1.0,2,44,1,,1,2,1,2,57,57,57,1,0,0,2.0,1.0,,40.0,,40.0,,,,,,2.0,3.0,0.0,1,2.0,2.0,2.0,,1250.0,1.0,,2.0,,,13934.3556,3569.3381,3,2,0.0,,0,0,1907,2,,,,,,,3532.1023,7860.0,2310.0,-1,,,,,,,176705.0,2015,664,649,0,0,1,0,0,,8.0,40.0,2015,MIS4_to_MIS8,new_york,0,2014-2015,1,0,0,0,retention
50183360999998,5,1.0,6,4,2,9300,93001,1,1,,36,10580,0,2.0,1.0,,4,2,29,,1,42,1,,1,0,0,7,2,57,57,57,1,0,0,1.0,1.0,,40.0,,55.0,,,,,,2.0,2.0,0.0,1,1.0,2.0,2.0,,798.0,1.0,,2.0,,,13021.8142,3334.6739,0,0,1.0,,0,0,66715,1,,,4.0,,,,3272.1892,9370.0,740.0,5240,,,,,,,173864.0,2014,652,649,0,0,0,0,0,15.0,2.0,51.0,2014,1.0,6,8,2,9300,93001,1,10580,0,2.0,1.0,,4,2,30,,1,42,1,,0,0,7,2,57,57,57,1,0,0,1.0,1.0,,40.0,,62.0,,,,,,2.0,2.0,0.0,1,1.0,2.0,2.0,,817.3,1.0,,2.0,,,15613.459,3937.2892,0,0,0.0,,0,0,13224,1,,,3.0,,,,3959.4785,9470.0,3750.0,3400,,,,,,,176783.0,2015,664,649,0,0,0,0,0,14.0,12.0,51.0,2015,MIS4_to_MIS8,new_york,0,2014-2015,1,0,0,0,retention
70969097633909,5,1.0,1,4,2,9300,93001,1,1,,36,35620,0,2.0,1.0,,7,3,76,1.0,2,41,1,,2,1,2,1,2,57,57,57,1,0,0,2.0,5.0,,,,,,,,,,1.0,3.0,0.0,2,,,,,,,,,,,13728.8388,3366.3934,0,0,,,0,0,31611,2,,,3.0,,,,3462.5896,9370.0,2025.0,-1,,,,,,,173882.0,2014,652,649,0,0,0,0,0,14.0,6.0,51.0,2014,2.0,1,8,2,9300,93001,1,35620,0,2.0,1.0,,7,3,77,1.0,2,42,1,,1,2,1,2,57,57,57,1,0,0,2.0,5.0,,,,,,,,,,1.0,,,2,,,,,,,,,,,12837.5788,3174.5625,0,0,,,0,0,27171,2,,,3.0,,,,3192.785,,,-1,,,,,,,176806.0,2015,664,649,0,0,0,0,0,14.0,,,2015,MIS4_to_MIS8,new_york,0,2014-2015,0,1,0,0,retention
330609906877584,5,1.0,7,4,2,9300,93001,1,1,,36,35620,59,2.0,1.0,,7,2,33,,2,44,1,,1,0,0,7,2,57,116,116,1,0,0,1.0,1.0,,40.0,,49.0,,,,,,2.0,3.0,0.0,1,2.0,2.0,2.0,,1921.15,1.0,,1.0,2.0,2.0,12554.4144,3171.6968,0,0,0.0,,0,0,5886,1,,,,,,2.0,3163.844,7860.0,2310.0,-1,,,,,,,173978.0,2014,652,649,0,0,0,0,0,18.0,8.0,40.0,2014,1.0,7,8,2,9300,93001,1,35620,59,2.0,1.0,,7,2,34,,2,44,1,,0,0,7,2,57,116,116,1,0,0,1.0,1.0,,40.0,,40.0,,,,,,2.0,3.0,0.0,1,2.0,2.0,2.0,,934.0,1.0,,2.0,,,14824.7221,3710.3647,0,0,1.0,,0,0,1918,1,,,,,,,3731.4574,7860.0,2310.0,-1,,,,,,,176927.0,2015,664,649,0,0,0,0,0,,8.0,40.0,2015,MIS4_to_MIS8,new_york,0,2014-2015,1,0,0,0,retention
393973809023698,5,1.0,1,4,2,9300,93001,1,1,,36,35620,103,2.0,1.0,,7,4,28,,1,45,1,,3,1,3,7,2,57,57,57,1,0,0,2.0,1.0,,40.0,,40.0,,,,,,2.0,3.0,0.0,1,2.0,2.0,2.0,,0.0,2.0,2.0,2.0,,,13688.0143,3505.2768,0,0,0.0,,0,0,16124,3,,,,,,,3439.5954,9370.0,2100.0,-1,,,,,1.0,1.0,174047.0,2014,652,649,0,0,0,0,0,18.0,7.0,51.0,2014,2.0,1,8,2,9300,93001,1,35620,103,2.0,1.0,,7,4,29,,1,45,1,,1,3,7,2,57,57,57,1,0,0,2.0,1.0,,70.0,,70.0,,,,,,2.0,4.0,0.0,1,2.0,2.0,2.0,,1153.84,2.0,2.0,2.0,,,18017.9777,4529.9047,0,0,0.0,,0,0,27257,3,,,,,,,4569.2498,7270.0,2100.0,-1,,,,,1.0,1.0,176977.0,2015,664,649,0,0,0,0,0,18.0,7.0,36.0,2015,MIS4_to_MIS8,new_york,0,2014-2015,0,1,0,1,retention
394933704067606,5,1.0,1,4,2,9300,93001,1,1,,36,35620,59,2.0,1.0,,7,3,34,1.0,2,45,2,,2,1,2,1,2,333,333,333,4,10,10,2.0,1.0,,40.0,,40.0,,,,,,2.0,3.0,0.0,1,2.0,2.0,2.0,,692.0,2.0,2.0,2.0,,,12408.7141,3203.0625,1,1,1.0,,0,0,31516,2,,,,,,,3070.947,9470.0,2100.0,-1,,,,,,,174063.0,2014,652,649,1,0,0,0,1,18.0,7.0,51.0,2014,1.0,1,8,2,9300,93001,1,35620,59,2.0,1.0,,7,3,35,1.0,2,45,2,,1,2,1,2,333,333,333,4,10,17,2.0,1.0,,40.0,,40.0,,,,,,2.0,3.0,0.0,1,2.0,2.0,2.0,,1009.61,2.0,2.0,2.0,,,13072.886,3319.5061,2,1,0.0,,0,0,27072,2,,,,,,,3257.1578,9470.0,2100.0,-1,,,,,,,176980.0,2015,664,649,0,1,0,0,1,18.0,7.0,51.0,2015,MIS4_to_MIS8,new_york,0,2014-2015,1,0,0,0,retention
396923503006628,5,1.0,7,4,2,9300,93001,1,1,,36,40380,55,2.0,1.0,,5,2,45,,2,44,1,,1,0,0,7,2,57,57,57,1,0,0,1.0,1.0,,40.0,4.0,32.0,,,4.0,,,4.0,3.0,0.0,1,2.0,2.0,2.0,,1346.15,1.0,,2.0,,,12718.2414,3296.2541,0,0,0.0,,0,0,42249,1,,,,,,3.0,3233.9448,7860.0,3230.0,-1,,,,,,,174071.0,2014,652,649,0,0,0,0,0,18.0,10.0,40.0,2014,1.0,7,8,2,9300,93001,1,40380,55,2.0,1.0,,5,2,46,,2,44,1,,0,0,7,2,57,57,57,1,0,0,1.0,1.0,,38.0,,38.0,,,,,,2.0,3.0,0.0,1,2.0,2.0,2.0,,1384.61,1.0,,2.0,,,13069.0807,3310.5121,0,0,0.0,,0,0,12983,1,,,,,,,3314.3749,7860.0,3230.0,-1,,,,,,,176982.0,2015,664,649,0,0,0,0,0,,10.0,40.0,2015,MIS4_to_MIS8,new_york,0,2014-2015,1,0,0,0,retention
463306073906794,5,1.0,1,4,2,9300,93001,1,1,,36,35620,59,2.0,1.0,,7,1,37,2.0,1,39,2,,1,1,1,1,2,332,332,332,4,10,13,1.0,1.0,,40.0,,40.0,,,,,,2.0,3.0,0.0,1,2.0,2.0,2.0,,384.0,2.0,2.0,2.0,,,13522.3097,3355.3805,3,2,1.0,,0,0,66649,1,1.0,,,,,,3284.8982,9470.0,3850.0,-1,,,,,,,174099.0,2014,652,649,0,0,1,0,0,12.0,12.0,51.0,2014,2.0,1,8,2,9300,93001,1,35620,59,2.0,1.0,,7,1,37,2.0,1,39,2,,1,1,1,2,332,332,332,4,10,13,2.0,1.0,,40.0,,40.0,,,,,,2.0,2.0,0.0,1,2.0,2.0,2.0,,375.0,1.0,,2.0,,,15845.077,4045.0094,3,2,1.0,,0,42,38541,1,1.0,,,,,,4006.0317,9470.0,3850.0,-1,,,,,,,177010.0,2015,664,649,0,0,1,0,0,12.0,12.0,51.0,2015,MIS4_to_MIS8,new_york,0,2014-2015,1,0,0,0,retention
463306073906794,5,1.0,1,4,2,9300,93001,1,1,,36,35620,59,2.0,1.0,,7,3,36,1.0,2,43,2,,2,1,2,1,2,57,332,368,1,0,0,2.0,1.0,,40.0,,40.0,,,,,,2.0,3.0,0.0,1,2.0,2.0,2.0,,769.0,2.0,2.0,2.0,,,13098.5012,3315.1625,3,2,1.0,,0,0,66649,2,,,,2.0,,,3267.5348,8370.0,2010.0,-1,,,,,,,174100.0,2014,652,649,0,0,1,0,0,16.0,6.0,43.0,2014,2.0,1,8,2,9300,93001,1,35620,59,2.0,1.0,,7,3,37,1.0,2,43,2,,1,2,1,2,57,332,368,1,0,0,1.0,1.0,,40.0,,40.0,,,,,,2.0,4.0,0.0,1,2.0,2.0,2.0,,1009.0,2.0,2.0,2.0,,,13072.886,3319.5061,3,2,1.0,,0,0,38541,2,,,,,,,3257.1578,8370.0,2010.0,-1,,,,,,,177011.0,2015,664,649,0,0,1,0,0,,6.0,43.0,2015,MIS4_to_MIS8,new_york,0,2014-2015,0,1,0,1,retention
900965098833919,5,1.0,1,4,2,9300,93001,1,1,,36,10580,0,2.0,1.0,,4,1,43,3.0,2,43,1,,1,1,1,1,2,57,57,57,1,0,0,1.0,1.0,,40.0,,40.0,,,,,,2.0,2.0,0.0,1,2.0,2.0,2.0,,1423.07,1.0,,2.0,,,11261.3923,2833.47,3,1,0.0,,0,0,66714,1,,,,2.0,,,2804.7063,7770.0,1300.0,-1,,,,,,,174296.0,2014,652,649,0,0,1,0,0,16.0,4.0,38.0,2014,3.0,1,8,2,9300,93001,1,10580,0,2.0,1.0,,4,1,44,3.0,2,43,1,,1,1,1,2,57,57,57,1,0,0,1.0,1.0,,38.0,,38.0,,,,,,2.0,2.0,0.0,1,2.0,2.0,2.0,,1557.69,1.0,,2.0,,,13679.5066,3504.0575,3,1,0.0,,0,0,47334,1,,,,,,,3467.5028,9570.0,1300.0,-1,,,,,,,177187.0,2015,664,649,0,0,1,0,0,,4.0,51.0,2015,MIS4_to_MIS8,new_york,0,2014-2015,1,0,0,0,retention
906159630229308,5,1.0,1,4,2,9300,93001,1,1,,36,35620,59,2.0,1.0,,7,1,66,2.0,2,36,1,,1,1,1,1,2,109,109,109,4,41,1,1.0,1.0,,40.0,,40.0,,,,,,2.0,3.0,0.0,1,2.0,,1.0,800.0,320.0,1.0,,,,,13349.5841,3361.4012,0,0,1.0,1.0,0,42,61870,1,,,,,,,3243.0548,7860.0,2540.0,-1,,,,,,,174311.0,2014,652,649,0,0,0,0,0,10.0,8.0,40.0,2014,1.0,1,8,2,9300,93001,1,35620,59,2.0,1.0,,7,1,67,2.0,2,39,1,,1,1,1,2,165,165,165,4,21,12,1.0,1.0,,38.0,,38.0,,,,,,2.0,3.0,0.0,1,2.0,2.0,2.0,,500.0,1.0,,,,,12127.2296,3193.4263,0,0,0.0,,0,0,58724,1,1.0,,,,,,3164.5558,7860.0,2540.0,-1,,,,,,,177197.0,2015,664,649,0,0,0,0,0,12.0,8.0,40.0,2015,MIS4_to_MIS8,new_york,0,2014-2015,1,0,0,0,retention
916429530719307,5,1.0,7,4,2,9300,93001,1,1,,36,35620,103,2.0,1.0,,7,2,33,,2,40,1,,1,0,0,7,2,57,57,57,1,0,0,1.0,1.0,,40.0,,40.0,,,,,,2.0,3.0,0.0,1,2.0,,1.0,850.0,340.0,2.0,2.0,2.0,,,12554.4144,3171.6968,0,0,1.0,1.0,0,42,57343,1,,,2.0,,,,3163.844,7790.0,9620.0,-1,,,,,,,174325.0,2014,652,649,0,0,0,0,0,13.0,22.0,39.0,2014,1.0,7,8,2,9300,93001,1,35620,103,2.0,1.0,,7,2,34,,2,39,1,,0,0,7,2,57,57,57,1,0,0,1.0,2.0,4.0,40.0,,,,,,,,5.0,3.0,0.0,1,2.0,,1.0,999.0,399.6,2.0,2.0,2.0,,,14824.7221,3710.3647,0,0,1.0,1.0,0,42,58777,1,1.0,,,,,,3731.4574,7790.0,5400.0,-1,,,,,,,177208.0,2015,664,649,0,0,0,0,0,12.0,17.0,39.0,2015,MIS4_to_MIS8,new_york,0,2014-2015,1,0,0,0,retention
925026918339600,5,1.0,1,4,2,9300,93001,1,1,,36,35620,59,2.0,1.0,,7,1,45,2.0,2,44,1,3.0,1,1,1,1,2,57,327,327,1,0,0,1.0,1.0,,45.0,,45.0,,,,,,2.0,3.0,0.0,1,2.0,2.0,2.0,,2500.0,1.0,,2.0,,,12476.6393,3227.9255,0,0,0.0,,0,0,50401,1,,,,,,2.0,3172.5111,7860.0,2310.0,-1,,,,,,,174328.0,2014,652,649,0,0,0,0,0,18.0,8.0,40.0,2014,1.0,1,8,2,9300,93001,1,35620,59,2.0,1.0,,7,1,45,2.0,2,44,1,3.0,1,1,1,2,57,327,327,1,0,0,1.0,1.0,,45.0,,45.0,,,,,,2.0,3.0,0.0,1,2.0,2.0,2.0,,0.3,1.0,,2.0,,,15340.144,3948.0657,0,0,0.0,,0,0,60593,1,,,,,,,3890.3263,7860.0,2310.0,-1,,,,,,,177210.0,2015,664,649,0,0,0,0,0,,8.0,40.0,2015,MIS4_to_MIS8,new_york,0,2014-2015,1,0,0,0,retention
925026918339600,5,1.0,1,4,2,9300,93001,1,1,,36,35620,59,2.0,1.0,,7,3,49,1.0,1,43,1,7.0,2,1,2,1,2,364,364,364,4,0,8,2.0,1.0,,35.0,,38.0,,,,,,2.0,3.0,0.0,1,2.0,2.0,2.0,,1923.07,2.0,2.0,2.0,,,14531.7897,3713.2107,0,0,0.0,,0,0,50401,2,,,,2.0,,,3608.9461,9380.0,1010.0,-1,,,,,,,174329.0,2014,652,649,0,0,0,0,0,16.0,3.0,51.0,2014,1.0,1,8,2,9300,93001,1,35620,59,2.0,1.0,,7,3,50,1.0,1,44,1,7.0,1,2,1,2,364,364,364,4,0,8,2.0,1.0,,35.0,,35.0,,,,,,2.0,1.0,0.0,1,2.0,2.0,2.0,,250.0,2.0,2.0,2.0,,,18164.2946,4605.629,0,0,0.0,,0,0,60593,2,,,,,,,4578.1544,9380.0,5800.0,-1,,,,,,,177211.0,2015,664,649,0,0,0,0,0,,17.0,51.0,2015,MIS4_to_MIS8,new_york,0,2014-2015,0,1,1,0,retention
963792083908393,5,1.0,1,4,2,9300,93001,1,1,,36,35620,103,2.0,1.0,,7,1,52,2.0,1,44,1,,1,1,1,1,2,57,57,57,1,0,0,1.0,1.0,,40.0,,40.0,,,,,,2.0,2.0,0.0,1,2.0,2.0,2.0,,2211.53,1.0,,2.0,,,12560.998,3176.8852,3,1,0.0,,0,0,42443,1,,,,,,2.0,3119.5032,7860.0,2320.0,-1,,,,,,,174374.0,2014,652,649,0,0,1,0,0,18.0,8.0,40.0,2014,1.0,1,8,2,9300,93001,1,35620,103,2.0,1.0,,7,1,53,2.0,1,44,1,,1,1,1,2,57,57,57,1,0,0,1.0,1.0,,40.0,,40.0,,,,,,2.0,3.0,0.0,1,2.0,2.0,2.0,,2884.61,2.0,2.0,2.0,,,12555.6672,3212.3005,3,1,1.0,,0,0,13260,1,,,,,,,3164.5481,7860.0,2550.0,-1,,,,,,,177233.0,2015,664,649,0,0,1,0,0,,8.0,40.0,2015,MIS4_to_MIS8,new_york,0,2014-2015,1,0,0,0,retention
996749730499301,5,1.0,3,4,2,9300,93001,1,1,,36,45060,0,2.0,1.0,,4,6,56,4.0,1,39,1,,3,2,2,1,2,57,57,57,1,0,0,2.0,4.0,,,,,,,,22.0,2.0,11.0,3.0,0.0,2,,,,,,,,,,,11452.5455,2994.7479,0,0,,,0,0,1967,3,1.0,,,,,,3013.0587,9370.0,4250.0,-1,,,,,,,174424.0,2014,652,649,0,0,0,0,0,12.0,14.0,51.0,2014,3.0,3,8,2,9300,93001,1,45060,0,2.0,1.0,,4,6,57,4.0,1,39,1,,2,2,1,2,57,57,57,1,0,0,1.0,4.0,,,,,,,,61.0,2.0,11.0,4.0,0.0,2,,,,,,,,,,,9692.7813,3064.6536,0,0,,,0,0,13144,3,1.0,,,,,,2791.7335,770.0,6600.0,-1,,,,,,,177247.0,2015,664,649,0,0,0,0,0,12.0,19.0,4.0,2015,MIS4_to_MIS8,new_york,0,2014-2015,0,1,0,1,retention
927076908339480,5,1.0,1,4,2,9300,93001,1,1,,36,0,0,3.0,2.0,,0,3,43,1.0,2,44,1,,2,1,2,1,2,57,57,57,1,0,0,2.0,1.0,,40.0,,40.0,,,,,,2.0,3.0,0.0,1,2.0,2.0,2.0,,865.38,1.0,,2.0,,,11605.7374,2920.1103,3,2,0.0,,0,0,50322,2,,,,,,2.0,2890.4672,7860.0,2320.0,-1,,,,,,,174538.0,2014,652,649,0,0,1,0,0,18.0,8.0,40.0,2014,2.0,1,8,2,9300,93001,1,0,0,3.0,2.0,,0,3,44,1.0,2,44,1,,1,2,1,2,57,57,57,1,0,0,1.0,1.0,,45.0,,45.0,,,,,,2.0,3.0,0.0,1,2.0,2.0,2.0,,1442.86,1.0,,2.0,,,17359.4305,4446.684,3,2,0.0,,0,0,1782,2,,,,,,,4400.2957,7860.0,2320.0,-1,,,,,,,177345.0,2015,664,649,0,0,1,0,0,,8.0,40.0,2015,MIS4_to_MIS8,new_york,0,2014-2015,1,0,0,0,retention
966016934339780,5,1.0,1,4,2,9300,93001,1,1,,36,0,0,3.0,2.0,,0,1,47,2.0,1,39,1,,1,1,1,1,2,57,57,57,1,0,0,1.0,1.0,,40.0,,40.0,,,,,,2.0,3.0,0.0,1,2.0,1.0,1.0,1000.0,711.53,1.0,,2.0,,,11729.159,2996.4219,10,2,0.0,1.0,0,0,16101,1,1.0,,,,,,2912.9174,7860.0,4220.0,-1,,,,,,,174557.0,2014,652,649,0,0,1,1,0,12.0,14.0,40.0,2014,2.0,1,8,2,9300,93001,1,0,0,3.0,2.0,,0,1,48,2.0,1,39,1,,1,1,1,2,57,57,57,1,0,0,2.0,1.0,,40.0,4.0,32.0,,,4.0,,,4.0,4.0,0.0,1,2.0,1.0,1.0,1665.0,665.0,2.0,2.0,2.0,,,27376.4528,6970.9086,4,2,0.0,0.0,0,0,38675,1,1.0,,,,,,6899.9997,8190.0,7340.0,-1,,,,,,,177350.0,2015,664,649,0,0,0,1,0,12.0,20.0,41.0,2015,MIS4_to_MIS8,new_york,0,2014-2015,0,1,0,1,retention
986079430279308,5,1.0,1,4,2,9300,93001,1,1,,36,0,0,3.0,2.0,,0,3,60,1.0,2,39,1,,2,1,2,1,2,57,57,57,1,0,0,2.0,1.0,,35.0,5.0,34.0,,,5.0,,,4.0,3.0,0.0,1,2.0,1.0,1.0,2334.0,753.69,1.0,,,,,12872.3098,3259.704,0,0,0.0,0.0,0,0,5842,2,1.0,,,,,,3205.7649,6990.0,540.0,-1,,,,,,,174572.0,2014,652,649,0,0,0,0,0,12.0,2.0,33.0,2014,2.0,1,8,2,9300,93001,1,0,0,3.0,2.0,,0,3,61,1.0,2,39,1,,1,2,1,2,57,57,57,1,0,0,1.0,1.0,,35.0,,35.0,,,,,,2.0,3.0,0.0,1,2.0,1.0,1.0,2334.0,769.23,1.0,,,,,16552.3089,4326.6443,0,0,0.0,0.0,0,0,12807,2,1.0,,,,,,4281.2154,6990.0,540.0,-1,,,,,,,177361.0,2015,664,649,0,0,0,0,0,12.0,2.0,33.0,2015,MIS4_to_MIS8,new_york,0,2014-2015,1,0,0,0,retention
9663360992196,5,1.0,1,4,2,9300,93001,1,1,,36,13780,0,,1.0,,3,1,37,2.0,1,42,1,,1,1,1,1,2,57,57,57,1,0,0,1.0,1.0,,35.0,,35.0,,,,,,2.0,2.0,0.0,1,2.0,1.0,1.0,825.0,1346.15,1.0,,2.0,,,12447.523,3189.0955,3,2,0.0,1.0,0,0,44618,1,,,3.0,,,,3156.8573,9470.0,3800.0,-1,,,,,,,174595.0,2014,652,649,0,0,1,0,0,14.0,12.0,51.0,2014,1.0,1,8,2,9300,93001,1,13780,0,,1.0,,3,1,38,2.0,1,42,1,,1,1,1,2,57,57,57,1,0,0,2.0,1.0,,40.0,,40.0,,,,,,2.0,2.0,0.0,1,2.0,1.0,1.0,1400.0,1384.61,1.0,,2.0,,,18999.8475,4768.1048,3,2,0.0,1.0,0,0,47155,1,,,3.0,,,,4744.0875,9470.0,3800.0,-1,,,,,,,177365.0,2015,664,649,0,0,1,0,0,14.0,12.0,51.0,2015,MIS4_to_MIS8,new_york,0,2014-2015,1,0,0,0,retention
83463360997790,5,1.0,3,4,2,9300,93001,1,1,,36,39100,71,,1.0,,4,1,66,,1,40,2,,1,1,1,5,2,57,57,57,1,0,0,1.0,1.0,,40.0,,68.0,,,,,,2.0,2.0,0.0,1,1.0,,1.0,2200.0,880.0,1.0,,,,,11059.073,2860.7714,0,0,1.0,0.0,0,0,20397,1,,,2.0,,,,2748.4671,8090.0,3930.0,-1,,,,,,,174601.0,2014,652,649,0,0,0,0,0,13.0,12.0,42.0,2014,2.0,3,8,2,9300,93001,1,39100,71,,1.0,,4,1,67,,1,40,2,,1,1,5,2,57,57,57,1,0,0,1.0,2.0,5.0,40.0,,,,,,,,5.0,1.0,0.0,1,2.0,1.0,1.0,2300.0,1076.92,1.0,,,,,18000.1296,4799.0524,0,0,0.0,0.0,0,0,49225,1,,,3.0,,,,4791.6141,8190.0,7130.0,-1,,,,,,,177386.0,2015,664,649,0,0,0,0,0,14.0,20.0,41.0,2015,MIS4_to_MIS8,new_york,0,2014-2015,0,1,1,0,retention
916269030699306,5,1.0,1,4,2,9300,93001,1,1,,36,13780,0,,1.0,,3,1,53,2.0,1,44,1,,1,1,1,1,2,57,57,57,1,0,0,1.0,1.0,,40.0,,40.0,,,,,,2.0,2.0,0.0,1,2.0,1.0,1.0,2500.0,1000.0,1.0,,2.0,,,11994.316,3033.5619,0,0,0.0,0.0,0,0,60316,1,,,,,,2.0,2978.7687,9480.0,2010.0,-1,,,,,,,174679.0,2014,652,649,0,0,0,0,0,18.0,6.0,51.0,2014,1.0,1,8,2,9300,93001,1,13780,0,,1.0,,3,1,55,2.0,1,45,1,,1,1,1,2,57,57,57,1,0,0,1.0,1.0,,40.0,4.0,24.0,,,4.0,,,4.0,2.0,0.0,1,2.0,1.0,1.0,3200.0,1307.69,1.0,,,,,17158.4773,4099.0661,0,0,0.0,0.0,0,0,55109,1,,,,,,,4121.2795,9480.0,2010.0,-1,,,,,,,177502.0,2015,664,649,0,0,0,0,0,18.0,6.0,51.0,2015,MIS4_to_MIS8,new_york,0,2014-2015,1,0,0,0,retention
966096926339010,5,1.0,1,4,2,9300,93002,2,2,,36,13780,0,,1.0,,3,1,41,2.0,2,44,1,,1,1,1,1,2,57,57,57,1,0,0,1.0,1.0,,30.0,,30.0,,,22.0,,,7.0,3.0,0.0,1,2.0,2.0,2.0,,1019.23,1.0,,2.0,,,11303.4856,2844.061,0,0,0.0,,0,0,42151,1,,,,,,2.0,2815.1899,7860.0,2310.0,-1,,,,,,,174707.0,2014,652,649,0,0,0,0,0,18.0,8.0,40.0,2014,1.0,1,8,2,9300,93002,2,13780,0,,1.0,,3,1,42,2.0,2,44,1,,1,1,1,2,57,57,57,1,0,0,1.0,1.0,,35.0,,35.0,,,,,,2.0,3.0,0.0,1,2.0,2.0,2.0,,1038.46,1.0,,2.0,,,18296.7501,4686.7819,0,0,0.0,,0,0,26904,1,,,,,,,4637.8889,7860.0,2310.0,-1,,,,,,,177513.0,2015,664,649,0,0,0,0,0,,8.0,40.0,2015,MIS4_to_MIS8,new_york,0,2014-2015,1,0,0,0,retention
5594320978897,5,1.0,7,4,2,9300,93001,1,1,,42,37980,101,1.0,1.0,,7,2,58,,2,44,1,,1,0,0,6,2,57,57,57,1,0,0,1.0,1.0,,38.0,,42.0,,,,,,2.0,3.0,0.0,1,2.0,2.0,2.0,,1060.25,1.0,,,,,12668.3285,3167.2978,0,0,0.0,,0,0,2805,1,,,,,,2.0,3214.0107,6770.0,2430.0,-1,,,,,,,177927.0,2014,652,649,0,0,0,0,0,18.0,8.0,31.0,2014,1.0,7,8,2,9300,93001,1,37980,101,1.0,1.0,,7,2,59,,2,44,1,,0,0,7,2,57,57,57,1,0,0,1.0,1.0,,37.0,5.0,32.0,,,5.0,,,4.0,3.0,0.0,1,2.0,2.0,2.0,,1826.0,2.0,2.0,,,,14718.4193,3630.8064,0,0,1.0,,0,0,59082,1,,,,,,,3616.4508,6770.0,2430.0,-1,,,,,,,180878.0,2015,664,649,0,0,0,0,0,,8.0,31.0,2015,MIS4_to_MIS8,pennsylvania,0,2014-2015,1,0,0,0,retention
340209933098453,5,1.0,1,4,2,9300,93001,1,1,,42,37980,101,1.0,1.0,,7,4,22,,2,39,2,,4,1,3,7,2,57,57,57,1,0,0,2.0,1.0,,40.0,,40.0,,,,,,2.0,3.0,0.0,1,2.0,2.0,2.0,,403.0,1.0,,1.0,1.0,2.0,16760.8157,4034.6045,0,0,1.0,,0,42,17184,4,1.0,,,,,,4008.1603,9470.0,3850.0,-1,,,,,1.0,1.0,177992.0,2014,652,649,0,0,0,0,0,12.0,12.0,51.0,2014,1.0,1,8,2,9300,93001,1,37980,101,1.0,1.0,,7,4,23,,2,39,2,,1,3,7,2,57,57,57,1,0,0,2.0,1.0,,40.0,,48.0,,,,,,2.0,3.0,0.0,1,2.0,,1.0,900.0,360.0,1.0,,1.0,2.0,2.0,17630.2626,4397.0944,0,0,1.0,1.0,0,42,60774,4,1.0,,,,,,4230.6423,9470.0,3850.0,-1,,,,,1.0,1.0,180965.0,2015,664,649,0,0,0,0,0,12.0,12.0,51.0,2015,MIS4_to_MIS8,pennsylvania,0,2014-2015,1,0,0,0,retention
493993308043205,5,1.0,6,4,2,9300,93001,1,1,,42,37980,101,1.0,1.0,,7,2,40,,1,43,2,,1,0,0,7,2,57,57,57,1,0,0,1.0,1.0,,40.0,,40.0,,,,,,2.0,3.0,0.0,1,2.0,2.0,2.0,,1923.0,1.0,,2.0,,,12841.1542,3122.0373,0,0,1.0,,0,42,2803,1,,,,2.0,,,3119.429,7270.0,3930.0,-1,,,,,,,178016.0,2014,652,649,0,0,0,0,0,16.0,12.0,36.0,2014,1.0,6,8,2,9300,93001,1,37980,101,1.0,1.0,,7,2,41,,1,43,2,,0,0,7,2,57,57,57,1,0,0,1.0,1.0,,40.0,,40.0,,,,,,2.0,3.0,0.0,1,2.0,2.0,2.0,,700.0,1.0,,2.0,,,13752.4833,3517.8413,0,0,1.0,,0,42,28134,1,,,,,,,3476.9716,9470.0,3800.0,-1,,,,,,,180984.0,2015,664,649,0,0,0,0,0,,12.0,51.0,2015,MIS4_to_MIS8,pennsylvania,0,2014-2015,1,0,0,0,retention
560227092443899,5,1.0,4,4,2,9300,93001,1,1,,42,37980,101,1.0,1.0,,7,1,40,,2,40,2,,1,1,1,4,2,57,57,57,1,0,0,1.0,1.0,,37.0,,37.0,,,,,,2.0,2.0,0.0,1,2.0,,1.0,1970.0,728.9,1.0,,2.0,,,14230.1327,3507.6929,4,2,1.0,1.0,0,42,2801,1,,,3.0,,,,3549.83,9480.0,5700.0,-1,,,,,,,178037.0,2014,652,649,0,0,0,1,0,14.0,17.0,51.0,2014,1.0,4,8,2,9300,93001,1,37980,101,1.0,1.0,,7,1,41,,2,40,2,,1,1,5,2,57,57,57,1,0,0,1.0,1.0,,37.0,,37.0,,,,,,2.0,2.0,0.0,1,2.0,2.0,2.0,,865.0,2.0,1.0,2.0,,,12060.448,2988.8476,4,2,1.0,,0,42,55684,1,,,3.0,,,,3004.9051,9480.0,5700.0,-1,,,,,,,180995.0,2015,664,649,0,0,0,1,0,14.0,17.0,51.0,2015,MIS4_to_MIS8,pennsylvania,0,2014-2015,1,0,0,0,retention
782879030559409,5,1.0,7,4,2,9300,93001,1,1,,42,37980,101,1.0,1.0,,7,14,59,,1,39,1,,2,0,0,5,2,57,57,57,1,0,0,2.0,1.0,,40.0,,40.0,,,,,,2.0,3.0,0.0,1,2.0,2.0,2.0,,723.0,1.0,,,,,14026.7881,3427.02,0,0,1.0,,0,0,72328,2,1.0,,,,,,3443.5678,9470.0,8730.0,-1,4.0,,,,,,178067.0,2014,652,649,0,0,0,0,0,12.0,21.0,51.0,2014,1.0,1,8,2,9300,93001,1,37980,101,1.0,1.0,,7,3,59,1.0,1,40,1,,1,2,1,2,57,57,57,1,0,0,2.0,2.0,4.0,40.0,,,,,,,,5.0,3.0,0.0,1,2.0,,1.0,2300.0,920.0,1.0,,,,,15762.3334,3735.4334,0,0,1.0,1.0,0,42,41365,2,,,1.0,,,,3785.9409,9470.0,3740.0,-1,4.0,,,,,,181015.0,2015,664,649,0,0,0,0,0,12.0,12.0,51.0,2015,MIS4_to_MIS8,pennsylvania,0,2014-2015,1,0,0,0,retention
203905934590242,5,1.0,4,4,2,9300,93001,1,1,,42,38300,3,2.0,1.0,,5,1,40,,2,46,1,,1,1,1,5,2,57,57,57,1,0,0,1.0,1.0,,50.0,,40.0,,,,,,2.0,2.0,0.0,1,2.0,2.0,2.0,,1250.0,2.0,2.0,1.0,2.0,2.0,13400.3824,3278.3814,4,1,1.0,,0,42,42892,1,,,,,,,3337.4325,7860.0,230.0,710,,,,,,,178223.0,2014,652,649,0,0,0,1,0,18.0,1.0,40.0,2014,1.0,4,8,2,9300,93001,1,38300,3,2.0,1.0,,5,1,41,,2,46,1,,1,1,5,2,57,57,57,1,0,0,1.0,1.0,,70.0,,70.0,,,,,,2.0,3.0,0.0,1,2.0,2.0,2.0,,2000.0,2.0,2.0,2.0,,,13371.7787,3397.8507,4,1,1.0,,0,42,27866,1,,,,,,,3389.4995,7860.0,10.0,-1,,,,,,,181203.0,2015,664,649,0,0,0,1,0,18.0,1.0,40.0,2015,MIS4_to_MIS8,pennsylvania,0,2014-2015,1,0,0,0,retention
236408570200141,5,1.0,1,4,2,9300,93001,1,1,,42,37980,91,2.0,1.0,,7,1,34,2.0,2,44,1,,1,1,1,1,2,57,57,57,1,0,0,1.0,1.0,,40.0,4.0,30.0,,,4.0,,,4.0,3.0,0.0,1,2.0,2.0,2.0,,1826.92,2.0,1.0,2.0,,,12755.7129,3133.399,6,3,0.0,,0,0,6327,1,,,,,,3.0,3214.5733,7860.0,230.0,-1,,,,,,,178250.0,2014,652,649,1,0,1,0,1,18.0,1.0,40.0,2014,1.0,1,8,2,9300,93001,1,37980,91,2.0,1.0,,7,1,35,2.0,2,44,1,,1,1,1,2,57,57,57,1,0,0,1.0,1.0,,40.0,,40.0,,,,,,2.0,3.0,0.0,1,2.0,2.0,2.0,,1942.3,2.0,2.0,1.0,2.0,2.0,11725.2764,2985.3876,8,3,0.0,,0,0,28092,1,,,,,,,2972.1415,7860.0,230.0,-1,,,,,,,181225.0,2015,664,649,0,1,1,0,1,,1.0,40.0,2015,MIS4_to_MIS8,pennsylvania,0,2014-2015,1,0,0,0,retention
340209965427489,5,1.0,7,4,2,9300,93001,1,1,,42,10900,0,2.0,1.0,,4,2,73,,2,42,1,,1,0,0,4,2,57,57,57,1,0,0,1.0,5.0,,,,,,,,,,1.0,2.0,0.0,2,,,,,,,,,,,11452.2369,2937.3656,0,0,,,0,0,57674,1,,,3.0,,,,2888.4013,9470.0,5820.0,-1,,,,,,,178330.0,2014,652,649,0,0,0,0,0,14.0,17.0,51.0,2014,1.0,7,8,2,9300,93001,1,10900,0,2.0,1.0,,4,2,74,,2,42,1,,0,0,4,2,57,57,57,1,0,0,1.0,5.0,,,,,,4.0,,,,1.0,,,2,,,,,,,,,,,13105.7567,3303.6196,0,0,,,0,0,28053,1,,,3.0,,,,3259.4825,,,-1,,,,,,,181282.0,2015,664,649,0,0,0,0,0,14.0,,,2015,MIS4_to_MIS8,pennsylvania,0,2014-2015,0,1,0,0,retention
340209983714081,5,1.0,1,4,2,9300,93001,1,1,,42,37980,45,2.0,1.0,,7,3,52,1.0,1,36,2,,2,1,2,1,2,57,57,57,1,0,0,2.0,1.0,,40.0,,40.0,,,,,,2.0,3.0,0.0,1,2.0,2.0,2.0,,711.53,2.0,2.0,2.0,,,12795.6168,3377.252,0,0,0.0,,0,0,34528,2,,,,,,,3336.9914,7860.0,4220.0,-1,,,,,,,178333.0,2014,652,649,0,0,0,0,0,10.0,14.0,40.0,2014,2.0,1,8,2,9300,93001,1,37980,45,2.0,1.0,,7,3,53,1.0,1,36,2,,1,2,1,2,57,57,57,1,0,0,1.0,1.0,,40.0,,40.0,,,,,,2.0,3.0,0.0,1,2.0,2.0,2.0,,769.23,2.0,2.0,2.0,,,13522.9819,3635.7572,0,0,0.0,,0,0,47777,2,,,,,,,3659.3748,7860.0,4220.0,-1,,,,,,,181288.0,2015,664,649,0,0,0,0,0,10.0,14.0,40.0,2015,MIS4_to_MIS8,pennsylvania,0,2014-2015,1,0,0,0,retention
340209991316980,5,1.0,1,4,2,9300,93001,1,1,,42,37980,91,2.0,1.0,,7,3,56,1.0,2,43,1,,2,1,2,1,2,57,57,57,1,0,0,2.0,1.0,,40.0,,40.0,,,,,,2.0,3.0,0.0,1,2.0,,1.0,1700.0,680.0,2.0,2.0,,,,11960.8952,2990.4275,0,0,1.0,1.0,0,42,17133,2,,,,1.0,1.0,,3034.5318,9480.0,3255.0,-1,,,,,,,178339.0,2014,652,649,0,0,0,0,0,18.0,10.0,51.0,2014,1.0,1,8,2,9300,93001,1,37980,91,2.0,1.0,,7,3,57,1.0,2,43,1,,1,2,1,2,57,57,57,1,0,0,2.0,1.0,,37.0,,37.0,,,,,,2.0,3.0,0.0,1,2.0,2.0,2.0,,1826.0,2.0,2.0,,,,14220.7338,3508.0351,0,0,1.0,,0,42,41364,2,,,,,,,3494.1648,9480.0,3255.0,-1,,,,,,,181294.0,2015,664,649,0,0,0,0,0,,10.0,51.0,2015,MIS4_to_MIS8,pennsylvania,0,2014-2015,1,0,0,0,retention
498923501077246,5,2.0,1,4,2,9300,93001,1,1,,42,37980,45,2.0,1.0,,7,1,43,2.0,1,44,1,,1,1,1,1,2,57,57,57,1,0,0,2.0,1.0,,40.0,,53.0,,,,,,2.0,3.0,0.0,1,2.0,2.0,2.0,,1346.15,1.0,,2.0,,,9889.3077,2486.2006,3,1,0.0,,0,0,32375,1,,,,,,3.0,2508.0599,7860.0,2310.0,2320,,,,,,,178407.0,2014,652,649,0,0,1,0,0,18.0,8.0,40.0,2014,2.0,1,8,2,9300,93001,1,37980,45,2.0,1.0,,7,1,44,2.0,1,44,1,,1,1,1,2,57,57,57,1,0,0,2.0,1.0,,40.0,,55.0,,,,,,2.0,3.0,0.0,1,2.0,2.0,2.0,,1538.46,1.0,,2.0,,,12935.3584,3212.7001,3,1,0.0,,0,0,27967,1,,,,,,,3229.8403,7860.0,2310.0,2720,,,,,,,181358.0,2015,664,649,0,0,1,0,0,,8.0,40.0,2015,MIS4_to_MIS8,pennsylvania,0,2014-2015,1,0,0,0,retention
733490599200828,5,1.0,1,4,2,9300,93001,1,1,,42,42540,0,2.0,1.0,,4,1,31,2.0,1,43,1,,1,1,1,1,2,57,57,57,1,0,0,1.0,1.0,,46.0,,46.0,,,,,,2.0,2.0,0.0,1,1.0,1.0,1.0,4200.0,1200.0,1.0,,2.0,,,11625.9774,2884.1251,6,2,0.0,0.0,0,0,20634,1,,,,1.0,1.0,,2921.436,9470.0,3850.0,-1,1.0,,,,,,178467.0,2014,652,649,1,0,1,0,1,18.0,12.0,51.0,2014,1.0,1,8,2,9300,93001,1,42540,0,2.0,1.0,,4,1,33,2.0,1,43,1,,1,1,1,2,57,57,57,1,0,0,1.0,1.0,,48.0,,48.0,,,,,,2.0,2.0,0.0,1,2.0,2.0,2.0,,2250.0,1.0,,2.0,,,13263.6414,3317.9916,8,2,0.0,,0,0,39268,1,,,,,,,3363.579,9470.0,3820.0,-1,1.0,,,,,,181436.0,2015,664,649,0,1,1,0,1,,12.0,51.0,2015,MIS4_to_MIS8,pennsylvania,0,2014-2015,1,0,0,0,retention
340200042960412,5,1.0,1,4,2,9300,93001,1,1,,42,25420,43,,1.0,,4,1,32,2.0,1,43,1,,1,1,1,1,2,57,57,57,1,0,0,1.0,1.0,,40.0,4.0,32.0,,,4.0,,,4.0,3.0,0.0,1,2.0,1.0,1.0,3700.0,1200.0,1.0,,2.0,,,11625.9774,2884.1251,1,1,0.0,0.0,0,0,20608,1,,,,2.0,,,2921.436,9470.0,3850.0,-1,,,,,,,178886.0,2014,652,649,1,0,0,0,1,16.0,12.0,51.0,2014,1.0,1,8,2,9300,93001,1,25420,43,,1.0,,4,1,33,2.0,1,43,1,,1,1,1,2,57,57,57,1,0,0,1.0,1.0,,40.0,,40.0,,,,,,2.0,3.0,0.0,1,2.0,,1.0,1500.0,600.0,2.0,2.0,2.0,,,13263.6414,3317.9916,1,1,1.0,1.0,0,42,39218,1,,,,,,,3363.579,9470.0,3850.0,-1,,,,,,,181785.0,2015,664,649,1,0,0,0,1,,12.0,51.0,2015,MIS4_to_MIS8,pennsylvania,0,2014-2015,1,0,0,0,retention
942139530679402,5,1.0,1,4,2,9300,93001,1,1,,42,39740,11,,1.0,,3,3,40,1.0,1,44,1,,2,1,2,1,2,57,57,57,1,0,0,2.0,1.0,,40.0,,48.0,,,,,,2.0,3.0,0.0,1,2.0,2.0,2.0,,1346.15,1.0,,2.0,,,10295.5792,2588.3384,3,2,0.0,,0,0,57634,2,,,,,,3.0,2611.0957,7860.0,2310.0,4250,,,,,,,179000.0,2014,652,649,0,0,1,0,0,18.0,8.0,40.0,2014,1.0,1,8,2,9300,93001,1,39740,11,,1.0,,3,3,42,1.0,1,44,1,,1,2,1,2,57,57,57,1,0,0,2.0,1.0,,40.0,,45.0,,,,,,2.0,3.0,0.0,1,2.0,2.0,2.0,,1875.0,1.0,,2.0,,,13286.2175,3299.8415,3,2,0.0,,0,0,62767,2,,,,,,,3317.4465,7860.0,2310.0,4250,,,,,,,181942.0,2015,664,649,0,0,1,0,0,,8.0,40.0,2015,MIS4_to_MIS8,pennsylvania,0,2014-2015,1,0,0,0,retention
450678093614849,6,1.0,6,4,2,9300,93001,1,1,,17,16980,0,1.0,1.0,1.0,7,2,58,,1,40,1,,1,0,0,3,2,57,57,57,1,0,0,1.0,6.0,,,,,,,,,,1.0,3.0,0.0,2,,,,,,,,,,,15394.978,3770.3168,0,0,,,0,0,20500,1,,,3.0,,,,4100.5293,9470.0,3740.0,-1,3.0,,,,,,199041.0,2014,653,650,0,0,0,0,0,14.0,12.0,51.0,2014,1.0,6,8,2,9300,93001,1,16980,0,1.0,1.0,1.0,7,2,59,,1,40,1,,0,0,3,2,57,57,57,1,0,0,1.0,5.0,,,,,,,,,,1.0,3.0,0.0,2,,,,,,,,,,,12916.9601,3308.4586,0,0,,,0,0,20307,1,,,3.0,,,,3335.0667,9470.0,3740.0,-1,3.0,,,,,,201887.0,2015,665,650,0,0,0,0,0,14.0,12.0,51.0,2015,MIS4_to_MIS8,illinois,1,2014-2015,1,0,0,0,retention
604900911299037,6,1.0,4,4,2,9300,93001,1,1,,17,16980,0,1.0,1.0,1.0,7,4,32,,1,40,1,2.0,2,1,3,7,2,57,57,57,1,0,0,2.0,1.0,,40.0,,40.0,,,,,,2.0,3.0,0.0,1,2.0,,1.0,1074.0,429.6,1.0,,2.0,,,16230.0957,4040.7155,0,0,1.0,1.0,0,0,6956,2,,,3.0,,,,4026.7565,7860.0,5120.0,-1,,,,,1.0,,199056.0,2014,653,650,0,0,0,0,0,14.0,17.0,40.0,2014,1.0,4,8,2,9300,93001,1,16980,0,1.0,1.0,1.0,7,4,33,,1,40,1,2.0,1,3,7,2,57,57,57,1,0,0,2.0,1.0,,40.0,,40.0,,,,,,2.0,3.0,0.0,1,2.0,,1.0,1200.0,480.0,2.0,1.0,2.0,,,12612.127,3146.4121,0,0,1.0,1.0,0,42,7583,2,,,2.0,,,,3105.5678,7860.0,2310.0,-1,,,,,1.0,,201905.0,2015,665,650,0,0,0,0,0,13.0,8.0,40.0,2015,MIS4_to_MIS8,illinois,1,2014-2015,1,0,0,0,retention
746192039700913,6,1.0,7,4,2,9300,93001,1,1,,17,40420,0,1.0,1.0,,3,2,38,,2,43,1,,1,0,0,5,2,57,57,57,1,0,0,1.0,1.0,,42.0,,42.0,,,,,,2.0,3.0,0.0,1,2.0,2.0,2.0,,1384.61,1.0,,2.0,,,13354.3609,3487.471,0,0,0.0,,0,0,20904,1,,,,2.0,,,3438.8074,9470.0,3850.0,-1,,,,,,,199080.0,2014,653,650,0,0,0,0,0,16.0,12.0,51.0,2014,1.0,7,8,2,9300,93001,1,40420,0,1.0,1.0,,3,2,39,,2,43,1,,0,0,5,2,57,57,57,1,0,0,1.0,1.0,,42.0,,42.0,,,,,,2.0,3.0,0.0,1,1.0,2.0,2.0,,1423.07,1.0,,2.0,,,12334.7083,3176.8232,0,0,0.0,,0,0,49956,1,,,,,,,3120.3948,9470.0,3850.0,-1,,,,,,,201929.0,2015,665,650,0,0,0,0,0,,12.0,51.0,2015,MIS4_to_MIS8,illinois,1,2014-2015,1,0,0,0,retention
904067007149880,6,3.0,4,4,2,9300,93001,1,1,,17,16980,0,1.0,1.0,1.0,7,1,40,,2,39,2,,1,1,1,5,2,57,57,57,1,0,0,2.0,1.0,,40.0,,40.0,,,,,,2.0,3.0,0.0,1,2.0,,1.0,2000.0,800.0,1.0,,2.0,,,12359.8854,3170.0866,0,0,0.0,0.0,0,0,20494,1,1.0,,,,,,3143.1008,6180.0,9120.0,-1,,,,,,,199124.0,2014,653,650,0,0,0,0,0,12.0,22.0,23.0,2014,4.0,4,8,2,9300,93001,1,16980,0,1.0,1.0,1.0,7,1,41,,2,39,2,,1,1,5,2,57,57,57,1,0,0,2.0,1.0,,40.0,,40.0,,,,,,2.0,3.0,0.0,1,2.0,,1.0,1470.0,588.0,1.0,,2.0,,,25151.0035,6308.5429,0,0,1.0,1.0,0,0,20303,1,1.0,,,,,,6070.365,6180.0,9120.0,-1,,,,,,,201956.0,2015,665,650,0,0,0,0,0,12.0,22.0,23.0,2015,MIS4_to_MIS8,illinois,1,2014-2015,1,0,0,0,retention
410709981846295,6,1.0,6,4,2,9300,93001,1,1,,17,41180,0,2.0,1.0,,6,2,48,,1,39,1,,1,0,0,5,2,57,57,57,1,0,0,1.0,1.0,,40.0,,40.0,,,,,,2.0,3.0,0.0,1,2.0,1.0,1.0,1547.0,405.5,1.0,,2.0,,,15300.2917,3961.991,0,0,0.0,0.0,0,0,60061,1,2.0,7.0,,,,,3876.2963,770.0,6730.0,-1,,,,,,,199382.0,2014,653,650,0,0,0,0,0,11.0,19.0,4.0,2014,1.0,6,8,2,9300,93001,1,41180,0,2.0,1.0,,6,2,49,,1,39,1,,0,0,5,2,57,57,57,1,0,0,1.0,1.0,,40.0,,40.0,,,,,,2.0,3.0,0.0,1,2.0,,1.0,1597.0,638.8,2.0,1.0,2.0,,,12078.1297,3036.2174,0,0,0.0,0.0,0,0,20260,1,2.0,7.0,,,,,2986.1702,770.0,6730.0,-1,,,,,,,202325.0,2015,665,650,0,0,0,0,0,11.0,19.0,4.0,2015,MIS4_to_MIS8,illinois,1,2014-2015,1,0,0,0,retention
845194619700928,6,2.0,1,4,2,9300,93001,1,1,,17,41180,0,2.0,1.0,,6,3,40,1.0,2,43,1,1.0,2,1,2,1,2,57,57,303,1,0,0,1.0,1.0,,18.0,,14.0,,,18.0,,,7.0,3.0,0.0,1,2.0,,1.0,876.0,157.68,2.0,2.0,2.0,,,12103.6193,3145.743,3,2,0.0,0.0,0,0,56243,2,,,,2.0,,,3116.7359,6770.0,2430.0,-1,,,,,,,199554.0,2014,653,650,0,0,1,0,0,16.0,8.0,31.0,2014,2.0,1,8,2,9300,93001,1,41180,0,2.0,1.0,,6,3,41,1.0,2,43,1,1.0,1,2,1,2,57,57,303,1,0,0,1.0,1.0,,40.0,,40.0,,,,,,2.0,3.0,0.0,1,2.0,2.0,2.0,,500.0,2.0,2.0,2.0,,,13766.5129,3485.6619,10,2,0.0,,0,0,42213,2,,,,,,,3482.6081,6770.0,2430.0,-1,,,,,,,202469.0,2015,665,650,0,0,1,1,0,,8.0,31.0,2015,MIS4_to_MIS8,illinois,1,2014-2015,1,0,0,0,retention
848103570700288,6,1.0,1,4,2,9300,93001,1,1,,17,16980,0,2.0,1.0,,7,3,41,1.0,2,44,1,,2,1,2,1,2,57,301,57,1,0,0,2.0,2.0,4.0,40.0,,,,,,,,5.0,3.0,0.0,1,2.0,,1.0,2400.0,960.0,2.0,2.0,2.0,,,14177.0742,3698.8141,10,3,0.0,0.0,0,0,20479,2,,,,,,2.0,3650.6597,7860.0,2320.0,-1,,,,,,,199560.0,2014,653,650,0,0,1,1,0,18.0,8.0,40.0,2014,1.0,1,8,2,9300,93001,1,16980,0,2.0,1.0,,7,3,42,1.0,2,44,1,,1,2,1,2,57,301,57,1,0,0,2.0,1.0,,15.0,,10.0,,,18.0,,,7.0,3.0,0.0,1,2.0,,1.0,2400.0,360.0,2.0,2.0,2.0,,,13086.7666,3377.5088,10,3,0.0,0.0,0,0,66353,2,,,,,,,3310.648,7860.0,2320.0,-1,,,,,,,202475.0,2015,665,650,0,0,1,1,0,,8.0,40.0,2015,MIS4_to_MIS8,illinois,1,2014-2015,1,0,0,0,retention
997057808149760,6,1.0,7,4,2,9300,93001,1,1,,17,16980,0,2.0,1.0,,7,2,25,,2,40,1,,1,0,0,7,2,57,57,57,1,0,0,1.0,1.0,,40.0,,40.0,,,,,,2.0,3.0,0.0,1,2.0,2.0,2.0,,480.76,2.0,2.0,2.0,,,14245.9335,3672.4054,0,0,0.0,,0,0,20869,1,,,1.0,,,,3619.0452,9470.0,5700.0,-1,,,,,,,199644.0,2014,653,650,0,0,0,0,0,12.0,17.0,51.0,2014,1.0,7,8,2,9300,93001,1,16980,0,2.0,1.0,,7,2,26,,2,41,1,,0,0,7,2,57,57,57,1,0,0,1.0,1.0,,40.0,,40.0,,,,,,2.0,3.0,0.0,1,2.0,2.0,2.0,,480.76,1.0,,2.0,,,14424.2687,3640.1144,0,0,0.0,,0,0,7737,1,,,2.0,,,,3565.6664,9470.0,5700.0,-1,,,,,,,202546.0,2015,665,650,0,0,0,0,0,13.0,17.0,51.0,2015,MIS4_to_MIS8,illinois,1,2014-2015,1,0,0,0,retention
999077817149590,6,1.0,7,4,2,9300,93001,1,1,,17,40420,0,2.0,1.0,,3,2,61,,2,40,1,,1,0,0,5,2,57,57,57,1,0,0,1.0,2.0,4.0,35.0,,,,,,,,5.0,3.0,0.0,1,2.0,,1.0,1593.0,637.2,1.0,,,,,12756.1143,3168.9876,0,0,0.0,0.0,0,0,45379,1,,,3.0,,,,3109.6145,7860.0,2540.0,-1,,,,,,,199646.0,2014,653,650,0,0,0,0,0,14.0,8.0,40.0,2014,1.0,7,8,2,9300,93001,1,40420,0,2.0,1.0,,3,2,62,,2,39,1,,0,0,5,2,57,57,57,1,0,0,1.0,5.0,,,,,,,,,,1.0,3.0,0.0,2,,,,,,,,,,,12929.104,3095.4369,0,0,,,0,0,20627,1,1.0,,,,,,3193.5337,7860.0,2540.0,-1,,,,,,,202547.0,2015,665,650,0,0,0,0,0,12.0,8.0,40.0,2015,MIS4_to_MIS8,illinois,1,2014-2015,1,0,0,0,retention
999077817149590,6,1.0,7,4,2,9300,93001,1,1,,17,40420,0,2.0,1.0,,3,14,61,,1,39,1,,2,0,0,7,2,57,57,57,1,0,0,2.0,1.0,,40.0,,40.0,,,,,,2.0,3.0,0.0,1,2.0,,1.0,900.0,360.0,2.0,2.0,,,,13654.958,3644.1996,0,0,1.0,1.0,0,42,45379,2,1.0,,,,,,3534.2266,8570.0,4220.0,-1,,,,,,,199647.0,2014,653,650,0,0,0,0,0,12.0,14.0,44.0,2014,1.0,7,8,2,9300,93001,1,40420,0,2.0,1.0,,3,14,62,,1,40,1,,0,0,7,2,57,57,57,1,0,0,2.0,1.0,,40.0,,40.0,,,,,,2.0,3.0,0.0,1,2.0,2.0,2.0,,961.0,2.0,2.0,,,,13281.0398,3534.2497,0,0,1.0,,0,42,20627,2,,,2.0,,,,3415.293,8570.0,5000.0,-1,,,,,,,202548.0,2015,665,650,0,0,0,0,0,13.0,17.0,44.0,2015,MIS4_to_MIS8,illinois,1,2014-2015,1,0,0,0,retention
147190499700993,6,1.0,6,4,2,9300,93001,1,1,,17,28100,91,,1.0,,2,2,29,,1,39,1,,1,0,0,7,2,57,57,57,1,0,0,1.0,1.0,,40.0,,55.0,,,,,,2.0,2.0,0.0,1,2.0,1.0,1.0,1100.0,450.0,2.0,2.0,2.0,,,13640.6657,3446.4525,0,0,0.0,0.0,0,0,20667,1,1.0,,,,,,3384.3078,7860.0,4220.0,4220,,,,,,,199801.0,2014,653,650,0,0,0,0,0,12.0,14.0,40.0,2014,1.0,6,8,2,9300,93001,1,28100,91,,1.0,,2,2,30,,1,39,1,,0,0,7,2,57,57,57,1,0,0,1.0,1.0,,40.0,,55.0,,,,,,2.0,2.0,0.0,1,2.0,1.0,1.0,1100.0,500.0,2.0,2.0,2.0,,,12101.5665,3008.974,0,0,0.0,0.0,0,0,4258,1,1.0,,,,,,2979.8491,7860.0,4220.0,4220,,,,,,,202653.0,2015,665,650,0,0,0,0,0,12.0,14.0,40.0,2015,MIS4_to_MIS8,illinois,1,2014-2015,1,0,0,0,retention
177620040740104,6,1.0,1,4,2,9300,93001,1,1,,17,14060,113,,1.0,,2,1,47,2.0,1,43,1,,1,1,1,1,2,57,57,57,1,0,0,1.0,2.0,4.0,10.0,,,,,,,,10.0,2.0,0.0,1,2.0,1.0,1.0,911.0,83.07,2.0,2.0,2.0,,,16254.4101,4209.0588,3,3,0.0,0.0,0,0,35190,1,,,,1.0,2.0,,4118.0201,7890.0,230.0,-1,,,,,,,199803.0,2014,653,650,0,0,1,0,0,17.0,1.0,40.0,2014,1.0,1,8,2,9300,93001,1,14060,113,,1.0,,2,1,48,2.0,1,43,1,,1,1,1,2,57,57,57,1,0,0,1.0,7.0,,,,,,,,,,1.0,,,2,,,,,,,,2.0,,,13459.5347,3249.3278,3,3,,,0,0,20547,1,,,,,,,3475.1556,,,-1,,,,,,,202657.0,2015,665,650,0,0,1,0,0,,,,2015,MIS4_to_MIS8,illinois,1,2014-2015,0,1,0,0,retention
346190879700918,6,1.0,4,4,2,9300,93001,1,1,,17,16580,0,,1.0,,2,1,46,,2,39,2,,1,1,1,5,2,429,429,429,4,0,17,1.0,1.0,,40.0,,42.0,,,,,,2.0,3.0,0.0,1,1.0,,1.0,1290.0,544.8,1.0,,2.0,,,13691.8935,3370.7387,10,2,0.0,0.0,0,0,60064,1,1.0,,,,,,3314.7405,8270.0,3600.0,-1,,,,,,,199839.0,2014,653,650,0,0,1,1,0,12.0,11.0,42.0,2014,1.0,4,8,2,9300,93001,1,16580,0,,1.0,,2,1,47,,2,39,2,,1,1,5,2,429,429,429,4,0,17,1.0,1.0,,20.0,,23.0,,,18.0,,,7.0,3.0,0.0,1,2.0,,1.0,1342.0,268.4,1.0,,2.0,,,10240.8887,2631.8969,0,0,0.0,0.0,0,0,53642,1,1.0,,,,,,2610.5324,8270.0,3500.0,-1,,,,,,,202673.0,2015,665,650,0,0,0,0,0,12.0,10.0,42.0,2015,MIS4_to_MIS8,illinois,1,2014-2015,1,0,0,0,retention
410709919304997,6,1.0,1,4,2,9300,93001,1,1,,17,28100,91,,1.0,,2,3,45,1.0,2,43,1,,2,1,2,1,2,57,57,57,1,0,0,2.0,1.0,,40.0,,40.0,,,,,,2.0,3.0,0.0,1,2.0,2.0,2.0,,711.53,2.0,2.0,2.0,,,13319.1173,3251.2427,0,0,0.0,,0,0,67747,2,,,,2.0,,,3231.0497,8590.0,50.0,-1,,,,,,,199851.0,2014,653,650,0,0,0,0,0,16.0,1.0,44.0,2014,1.0,1,8,2,9300,93001,1,28100,91,,1.0,,2,3,46,1.0,2,43,1,,1,2,1,2,57,57,57,1,0,0,2.0,1.0,,40.0,,40.0,,,,,,2.0,3.0,0.0,1,2.0,,1.0,2000.0,800.0,2.0,2.0,2.0,,,10467.334,2641.7549,0,0,1.0,1.0,0,42,49898,2,,,,,,,2620.2582,8570.0,50.0,-1,,,,,,,202682.0,2015,665,650,0,0,0,0,0,,1.0,44.0,2015,MIS4_to_MIS8,illinois,1,2014-2015,1,0,0,0,retention
410709934475499,6,1.0,7,4,2,9300,93001,1,1,,17,44100,0,,1.0,,2,2,54,,2,43,1,,1,0,0,3,2,57,57,57,1,0,0,1.0,1.0,,38.0,13.0,34.0,,,13.0,,,4.0,2.0,0.0,1,2.0,2.0,2.0,,1307.69,2.0,2.0,2.0,,,12568.019,3089.5696,0,0,0.0,,0,0,20825,1,,,,2.0,,,3048.8428,9380.0,800.0,-1,,,,,,,199852.0,2014,653,650,0,0,0,0,0,16.0,2.0,51.0,2014,1.0,7,8,2,9300,93001,1,44100,0,,1.0,,2,2,55,,2,40,1,,0,0,3,2,57,57,57,1,0,0,1.0,1.0,,40.0,,40.0,,,,,,2.0,2.0,0.0,1,2.0,1.0,1.0,1000.0,1480.0,1.0,,,,,14597.4752,3735.1976,0,0,1.0,1.0,0,0,20585,1,,,2.0,,,,3653.297,9380.0,800.0,-1,,,,,,,202683.0,2015,665,650,0,0,0,0,0,13.0,2.0,51.0,2015,MIS4_to_MIS8,illinois,1,2014-2015,1,0,0,0,retention
45061480018108,6,1.0,1,4,2,9300,93001,1,1,,18,26900,0,1.0,1.0,,5,3,43,1.0,2,43,2,,2,1,2,1,2,429,429,120,4,0,11,2.0,1.0,,37.0,,37.0,,,,,,2.0,2.0,0.0,1,2.0,2.0,2.0,,2884.61,2.0,2.0,2.0,,,10921.4598,2738.2422,4,2,1.0,,0,42,45455,2,,,,2.0,,,2777.3112,6970.0,120.0,-1,,,,,,,199944.0,2014,653,650,0,0,0,1,0,16.0,1.0,32.0,2014,1.0,1,8,2,9300,93001,1,26900,0,1.0,1.0,,5,3,44,1.0,2,43,2,,1,2,1,2,429,429,120,4,0,11,2.0,1.0,,40.0,,40.0,,,,,,2.0,2.0,0.0,1,2.0,2.0,2.0,,943.0,2.0,2.0,2.0,,,16785.4359,4272.4941,4,1,1.0,,0,42,66561,2,,,,,,,4051.2786,9380.0,800.0,-1,,,,,,,202763.0,2015,665,650,0,0,0,1,0,,2.0,51.0,2015,MIS4_to_MIS8,indiana,0,2014-2015,1,0,0,0,retention
946038801149700,6,1.0,4,4,2,9300,93001,1,1,,18,26900,0,1.0,1.0,,5,1,48,,2,44,1,,1,1,1,4,2,57,57,57,1,0,0,1.0,1.0,,50.0,,66.0,,,,,,2.0,2.0,0.0,1,2.0,2.0,2.0,,1961.53,1.0,,1.0,1.0,2.0,14232.786,3396.2398,0,0,0.0,,0,0,21064,1,,,,,,3.0,3452.6943,7870.0,230.0,2200,,,,,,,200051.0,2014,653,650,0,0,0,0,0,18.0,1.0,40.0,2014,1.0,4,8,2,9300,93001,1,26900,0,1.0,1.0,,5,1,48,,2,46,1,,1,1,4,2,57,57,57,1,0,0,1.0,2.0,4.0,40.0,,,,,,,,5.0,2.0,0.0,1,2.0,2.0,2.0,,2019.23,2.0,2.0,2.0,,,11614.1743,2974.5405,0,0,0.0,,0,0,42534,1,,,,,,,2907.3435,7870.0,230.0,2200,,,,,,,202888.0,2015,665,650,0,0,0,0,0,18.0,1.0,40.0,2015,MIS4_to_MIS8,indiana,0,2014-2015,1,0,0,0,retention
981805054909396,6,1.0,1,4,2,9300,93001,1,1,,18,26900,57,2.0,1.0,,5,1,46,2.0,2,44,1,,1,1,1,1,2,57,57,57,1,0,0,1.0,1.0,,60.0,,60.0,,,,,,2.0,3.0,0.0,1,2.0,2.0,2.0,,903.84,2.0,2.0,2.0,,,14324.9438,3418.2306,3,1,0.0,,0,0,3427,1,,,,,,3.0,3475.0506,7860.0,2310.0,-1,,,,,,,200237.0,2014,653,650,0,0,1,0,0,18.0,8.0,40.0,2014,1.0,1,8,2,9300,93001,1,26900,57,2.0,1.0,,5,1,47,2.0,2,44,1,,1,1,1,2,57,57,57,1,0,0,1.0,2.0,4.0,60.0,,,,,,,,5.0,2.0,0.0,1,2.0,2.0,2.0,,900.0,2.0,1.0,2.0,,,12598.7451,3226.7018,3,1,0.0,,0,0,4313,1,,,,,,,3153.8083,7860.0,2310.0,-1,,,,,,,203028.0,2015,665,650,0,0,1,0,0,,8.0,40.0,2015,MIS4_to_MIS8,indiana,0,2014-2015,1,0,0,0,retention
981805054909396,6,1.0,1,4,2,9300,93001,1,1,,18,26900,57,2.0,1.0,,5,3,56,1.0,1,46,1,,2,1,2,1,2,57,57,57,1,0,0,2.0,1.0,,70.0,,70.0,,,,,,2.0,3.0,0.0,1,2.0,2.0,2.0,,2500.0,2.0,2.0,,,,14625.1376,3544.098,3,1,0.0,,0,0,3427,2,,,,,,,3515.8525,7860.0,10.0,-1,,,,,,,200238.0,2014,653,650,0,0,1,0,0,18.0,1.0,40.0,2014,1.0,1,8,2,9300,93001,1,26900,57,2.0,1.0,,5,3,57,1.0,1,46,1,,1,2,1,2,57,57,57,1,0,0,2.0,1.0,,70.0,,70.0,,,,,,2.0,2.0,0.0,1,2.0,2.0,2.0,,2000.0,2.0,2.0,,,,15992.4731,4236.666,3,1,0.0,,0,0,4313,2,,,,,,,4138.0559,7860.0,10.0,-1,,,,,,,203029.0,2015,665,650,0,0,1,0,0,18.0,1.0,40.0,2015,MIS4_to_MIS8,indiana,0,2014-2015,1,0,0,0,retention
192944502048849,6,1.0,4,4,2,9300,93001,1,1,,18,0,0,3.0,2.0,,0,14,30,,1,40,1,,2,0,0,7,2,57,57,57,1,0,0,2.0,1.0,,40.0,,40.0,,,,,,2.0,3.0,0.0,1,2.0,,1.0,1100.0,440.0,2.0,2.0,2.0,,,14765.2435,3631.2727,3,2,1.0,1.0,0,42,67849,2,,,2.0,,,,3663.3204,9470.0,3850.0,-1,,,,,,,200277.0,2014,653,650,0,0,1,0,0,13.0,12.0,51.0,2014,1.0,4,8,2,9300,93001,1,0,0,3.0,2.0,,0,14,31,,1,42,1,,0,0,7,2,57,57,57,1,0,0,2.0,1.0,,40.0,,40.0,,,,,,2.0,3.0,0.0,1,1.0,2.0,2.0,,1538.0,2.0,2.0,2.0,,,12235.5916,3087.2864,3,2,1.0,,0,42,42559,2,,,3.0,,,,3012.851,9470.0,3820.0,-1,,,,,,,203105.0,2015,665,650,0,0,1,0,0,14.0,12.0,51.0,2015,MIS4_to_MIS8,indiana,0,2014-2015,1,0,0,0,retention
19333460938298,6,1.0,7,4,2,9300,93001,1,1,,36,35620,81,1.0,1.0,,7,2,56,,2,39,1,4.0,1,0,0,5,2,329,329,329,4,0,14,1.0,1.0,,37.0,,37.0,,,,,,2.0,3.0,0.0,1,2.0,1.0,1.0,1500.0,1076.92,1.0,,,,,11157.9275,2905.0152,0,0,0.0,0.0,0,0,12631,1,1.0,,,,,,2860.7137,8190.0,2000.0,-1,,,,,,,210848.0,2014,653,650,0,0,0,0,0,12.0,6.0,41.0,2014,1.0,7,8,2,9300,93001,1,35620,81,1.0,1.0,,7,2,58,,2,39,1,4.0,0,0,5,2,329,329,329,4,0,14,1.0,1.0,,40.0,,40.0,,,,,,2.0,3.0,0.0,1,2.0,2.0,2.0,,1107.0,1.0,,,,,13263.3053,3401.1112,0,0,1.0,,0,0,27363,1,1.0,,,,,,3319.3955,8190.0,2000.0,-1,,,,,,,213576.0,2015,665,650,0,0,0,0,0,12.0,6.0,41.0,2015,MIS4_to_MIS8,new_york,0,2014-2015,1,0,0,0,retention
45392809600728,6,2.0,1,4,2,9300,93001,1,1,,36,35620,47,1.0,1.0,,7,3,52,1.0,2,39,1,,2,1,2,1,2,57,57,120,1,0,0,1.0,1.0,,35.0,,35.0,,,,,,2.0,3.0,0.0,1,2.0,2.0,2.0,,969.23,1.0,,2.0,,,12319.3559,2998.5021,0,0,0.0,,0,0,57272,2,1.0,,,,,,2988.5203,7860.0,5700.0,-1,,,,,,,210882.0,2014,653,650,0,0,0,0,0,12.0,17.0,40.0,2014,2.0,1,8,2,9300,93001,1,35620,47,1.0,1.0,,7,3,53,1.0,2,39,1,,1,2,1,2,57,57,120,1,0,0,1.0,1.0,,40.0,,40.0,,,,,,2.0,3.0,0.0,1,2.0,,1.0,1500.0,600.0,1.0,,2.0,,,12546.9174,3152.3384,0,0,1.0,1.0,0,42,54741,2,1.0,,,,,,3140.8344,7860.0,5700.0,-1,,,,,,,213646.0,2015,665,650,0,0,0,0,0,12.0,17.0,40.0,2015,MIS4_to_MIS8,new_york,0,2014-2015,1,0,0,0,retention
45392809600728,6,2.0,1,4,2,9300,93001,1,1,,36,35620,47,1.0,1.0,,7,4,25,,2,44,1,,3,1,3,7,2,57,57,120,1,0,0,2.0,1.0,,35.0,,35.0,,,,,,2.0,3.0,0.0,1,2.0,2.0,2.0,,1061.53,1.0,,2.0,,,11360.0309,2899.5087,0,0,0.0,,0,0,57272,3,,,,,,3.0,2885.9088,7860.0,2310.0,-1,,,,,2.0,1.0,210884.0,2014,653,650,0,0,0,0,0,18.0,8.0,40.0,2014,2.0,1,8,2,9300,93001,1,35620,47,1.0,1.0,,7,4,26,,2,44,1,,1,3,7,2,57,57,120,1,0,0,2.0,1.0,,35.0,,35.0,,,,,,2.0,3.0,0.0,1,2.0,2.0,2.0,,1730.0,1.0,,2.0,,,12840.0329,3199.2526,0,0,1.0,,0,42,54741,3,,,,,,,3174.0447,7860.0,2310.0,-1,,,,,2.0,1.0,213648.0,2015,665,650,0,0,0,0,0,,8.0,40.0,2015,MIS4_to_MIS8,new_york,0,2014-2015,1,0,0,0,retention
353904305033649,6,1.0,6,4,2,9300,93001,1,1,,36,35620,81,1.0,1.0,,7,2,55,,1,39,1,2.0,1,0,0,7,2,73,73,73,2,0,4,1.0,4.0,,,,,,,,119.0,5.0,11.0,3.0,0.0,2,,,,,,,,,,,14789.2926,3335.9633,0,0,,,0,0,41548,1,2.0,8.0,,,,,3366.7266,9370.0,4250.0,-1,,,,,,,211045.0,2014,653,650,0,0,0,0,0,12.0,14.0,51.0,2014,1.0,6,8,2,9300,93001,1,35620,81,1.0,1.0,,7,2,49,,1,43,1,,0,0,5,2,73,73,73,2,0,4,1.0,1.0,,25.0,,40.0,,,,,,2.0,4.0,0.0,1,2.0,2.0,2.0,,346.0,2.0,2.0,2.0,,,12688.6199,3149.2615,0,0,1.0,,0,42,27359,1,,,,,,,3137.1064,5570.0,4760.0,9130,3.0,,,,,,213885.0,2015,665,650,0,0,0,0,0,,16.0,22.0,2015,MIS4_to_MIS8,new_york,0,2014-2015,0,1,0,1,retention
395904107068662,6,1.0,3,4,2,9300,93001,1,1,,36,35620,47,1.0,1.0,,7,8,40,,1,39,2,,2,1,4,7,2,57,57,57,1,0,0,2.0,1.0,,35.0,,35.0,,,,,,2.0,3.0,0.0,1,1.0,1.0,1.0,750.0,1500.0,1.0,,2.0,,,11140.589,2830.2564,0,0,1.0,1.0,0,0,12385,2,1.0,,,,,,2804.5774,9480.0,430.0,-1,,,,,,,211093.0,2014,653,650,0,0,0,0,0,12.0,1.0,51.0,2014,1.0,3,8,2,9300,93001,1,35620,47,1.0,1.0,,7,8,42,,1,39,2,,1,4,7,2,57,57,57,1,0,0,2.0,1.0,,40.0,,40.0,,,,,,2.0,3.0,0.0,1,2.0,2.0,2.0,,1576.0,1.0,,2.0,,,12668.5034,3379.4309,0,0,1.0,,0,0,1746,2,1.0,,,,,,3318.0698,9480.0,430.0,-1,,,,,,,213908.0,2015,665,650,0,0,0,0,0,12.0,1.0,51.0,2015,MIS4_to_MIS8,new_york,0,2014-2015,1,0,0,0,retention
404909513298726,6,1.0,1,4,2,9300,93001,1,1,,36,35620,81,1.0,1.0,,7,3,49,1.0,2,44,2,,2,1,2,1,2,333,333,333,4,0,20,2.0,1.0,,40.0,,40.0,,,,,,2.0,3.0,0.0,1,2.0,1.0,1.0,4000.0,1300.0,1.0,,2.0,,,14180.4294,3456.4968,0,0,0.0,1.0,0,0,50055,2,,,,,,3.0,3433.0126,7860.0,2310.0,-1,,,,,,,211124.0,2014,653,650,0,0,0,0,0,18.0,8.0,40.0,2014,1.0,1,8,2,9300,93001,1,35620,81,1.0,1.0,,7,3,50,1.0,2,44,2,,1,2,1,2,333,333,333,4,0,20,2.0,1.0,,35.0,,35.0,,,,,,2.0,3.0,0.0,1,2.0,2.0,2.0,,1750.0,1.0,,2.0,,,15296.4205,3881.3446,0,0,0.0,,0,0,13547,2,,,,,,,3899.2515,7860.0,2310.0,-1,,,,,,,213928.0,2015,665,650,0,0,0,0,0,,8.0,40.0,2015,MIS4_to_MIS8,new_york,0,2014-2015,1,0,0,0,retention
430609999495398,6,1.0,3,4,2,9300,93001,1,1,,36,10580,0,1.0,1.0,,4,13,29,,2,44,1,,2,2,1,7,2,57,57,57,1,0,0,2.0,1.0,,40.0,,40.0,,,,,,2.0,3.0,0.0,1,2.0,2.0,2.0,,961.53,1.0,,2.0,,,13631.7688,3537.4813,11,3,0.0,,0,0,41607,2,,,,,,1.0,3463.0224,7860.0,2310.0,-1,,,,,,,211169.0,2014,653,650,1,1,1,0,1,17.0,8.0,40.0,2014,1.0,3,8,2,9300,93001,1,10580,0,1.0,1.0,,4,13,30,,2,44,1,,2,1,7,2,57,57,57,1,0,0,2.0,1.0,,40.0,,40.0,,,,,,2.0,3.0,0.0,1,2.0,2.0,2.0,,961.53,1.0,,2.0,,,14951.0524,3694.5751,11,3,0.0,,0,0,38287,2,,,,,,,3695.8869,7860.0,2310.0,-1,,,,,,,213978.0,2015,665,650,1,1,1,0,1,,8.0,40.0,2015,MIS4_to_MIS8,new_york,0,2014-2015,1,0,0,0,retention
648392959600966,6,1.0,1,4,2,9300,93001,1,1,,36,35620,85,1.0,1.0,,7,3,50,1.0,1,42,1,,2,1,2,1,2,163,163,163,4,40,12,2.0,1.0,,40.0,,40.0,,,,,,2.0,3.0,0.0,1,2.0,,1.0,850.0,340.0,1.0,,2.0,,,13780.1327,3512.2752,2,1,1.0,1.0,0,42,41586,2,,,3.0,,,,3491.1672,9470.0,3850.0,-1,,,,,,,211285.0,2014,653,650,0,1,0,0,1,14.0,12.0,51.0,2014,1.0,1,8,2,9300,93001,1,35620,85,1.0,1.0,,7,3,50,1.0,1,42,1,,1,2,1,2,163,163,163,4,40,12,2.0,1.0,,40.0,,40.0,,,,,,2.0,3.0,0.0,1,2.0,,1.0,2100.0,840.0,1.0,,2.0,,,14457.9932,3619.605,3,1,1.0,1.0,0,42,54828,2,,,2.0,,,,3574.5624,9470.0,3940.0,-1,,,,,,,214074.0,2015,665,650,0,0,1,0,0,13.0,12.0,51.0,2015,MIS4_to_MIS8,new_york,0,2014-2015,1,0,0,0,retention
659400186890943,6,1.0,4,4,2,9300,93001,1,1,,36,35620,81,1.0,1.0,,7,1,59,,2,39,2,,1,1,1,4,2,57,57,57,1,0,0,1.0,1.0,,35.0,,35.0,,,,,,2.0,3.0,0.0,1,2.0,1.0,1.0,2200.0,865.38,1.0,,,,,14801.2402,3517.6247,0,0,0.0,0.0,0,0,50058,1,1.0,,,,,,3493.7252,9390.0,5140.0,-1,,,,,,,211294.0,2014,653,650,0,0,0,0,0,12.0,17.0,51.0,2014,1.0,4,8,2,9300,93001,1,35620,81,1.0,1.0,,7,1,60,,2,43,2,,1,1,4,2,57,57,57,1,0,0,1.0,1.0,,35.0,,35.0,,,,,,2.0,3.0,0.0,1,2.0,1.0,1.0,2300.0,884.61,1.0,,,,,14895.3522,3623.3384,0,0,0.0,0.0,0,0,1943,1,,,,,,,3640.0549,9490.0,5700.0,-1,,,,,,,214086.0,2015,665,650,0,0,0,0,0,,17.0,51.0,2015,MIS4_to_MIS8,new_york,0,2014-2015,1,0,0,0,retention
689850995490943,6,2.0,1,4,2,9300,93001,1,1,,36,35620,85,1.0,1.0,,7,1,64,2.0,1,44,1,,1,1,1,1,2,57,57,57,1,0,0,2.0,1.0,,38.0,,38.0,,,,,,2.0,3.0,0.0,1,2.0,2.0,2.0,,1538.46,1.0,,,,,13396.6846,3539.9271,4,2,0.0,,0,0,29476,1,,,,,,3.0,3467.3793,7860.0,2310.0,-1,,,,,,,211349.0,2014,653,650,0,0,0,1,0,18.0,8.0,40.0,2014,2.0,1,8,2,9300,93001,1,35620,85,1.0,1.0,,7,1,65,2.0,1,44,1,,1,1,1,2,57,57,57,1,0,0,2.0,1.0,,20.0,,20.0,,,21.0,,,7.0,3.0,0.0,1,2.0,2.0,2.0,,769.0,1.0,,,,,12057.4493,3206.7252,4,2,1.0,,0,0,13599,1,,,,,,,3068.4124,7860.0,2850.0,-1,,,,,,,214128.0,2015,665,650,0,0,0,1,0,,9.0,40.0,2015,MIS4_to_MIS8,new_york,0,2014-2015,1,0,0,0,retention
984056815349290,6,1.0,1,4,2,9300,93001,1,1,,36,35620,47,1.0,1.0,,7,3,37,1.0,1,40,1,,2,1,2,1,2,57,57,57,1,0,0,2.0,1.0,,70.0,,50.0,,,,,,2.0,3.0,0.0,1,2.0,2.0,2.0,,1923.07,1.0,,2.0,,,13278.3828,3297.7864,11,3,0.0,,0,0,12389,2,,,3.0,,,,3315.2924,9470.0,3850.0,3930,,,,,,,211567.0,2014,653,650,1,1,1,0,1,14.0,12.0,51.0,2014,2.0,1,8,2,9300,93001,1,35620,47,1.0,1.0,,7,3,38,1.0,1,40,1,,1,2,1,2,57,57,57,1,0,0,1.0,1.0,,50.0,,80.0,,,,,,2.0,1.0,0.0,1,2.0,,1.0,1500.0,750.0,2.0,2.0,2.0,,,10828.8747,2699.5965,8,3,1.0,1.0,0,42,54742,2,,,4.0,,,,2683.1415,9470.0,3740.0,3930,,,,,,,214268.0,2015,665,650,0,1,1,0,1,15.0,12.0,51.0,2015,MIS4_to_MIS8,new_york,0,2014-2015,0,1,1,0,retention
46923460950194,6,1.0,1,4,2,9300,93001,1,1,,36,15380,0,2.0,1.0,,5,3,44,1.0,1,40,1,,2,1,2,1,2,57,57,57,1,0,0,2.0,1.0,,35.0,,35.0,,,,,,2.0,3.0,0.0,1,2.0,,1.0,2300.0,805.0,1.0,,2.0,,,12938.2394,3320.2808,0,0,0.0,0.0,0,0,60773,2,,,1.0,,,,3230.3668,7380.0,110.0,-1,,,,,,,211611.0,2014,653,650,0,0,0,0,0,12.0,1.0,36.0,2014,1.0,1,8,2,9300,93001,1,15380,0,2.0,1.0,,5,3,45,1.0,1,40,1,,1,2,1,2,57,57,57,1,0,0,2.0,1.0,,38.0,4.0,31.0,,,4.0,,,4.0,3.0,0.0,1,2.0,2.0,2.0,,900.0,1.0,,2.0,,,12957.5034,3229.6301,0,0,0.0,,0,0,13230,2,,,1.0,,,,3203.5846,9370.0,110.0,-1,,,,,,,214377.0,2015,665,650,0,0,0,0,0,12.0,1.0,51.0,2015,MIS4_to_MIS8,new_york,0,2014-2015,1,0,0,0,retention
82046168340540,6,1.0,1,4,2,9300,93001,1,1,,36,40380,55,2.0,1.0,,5,1,59,2.0,2,40,1,,1,1,1,1,2,57,57,57,1,0,0,1.0,1.0,,35.0,,35.0,,,,,,2.0,3.0,0.0,1,2.0,2.0,2.0,,455.0,2.0,2.0,,,,12374.3033,3233.5514,0,0,0.0,,0,0,57291,1,,,3.0,,,,3172.5729,9480.0,4650.0,-1,,,,,,,211655.0,2014,653,650,0,0,0,0,0,14.0,15.0,51.0,2014,1.0,1,8,2,9300,93001,1,40380,55,2.0,1.0,,5,1,59,2.0,2,40,1,,1,1,1,2,57,57,57,1,0,0,1.0,1.0,,35.0,5.0,28.0,,,5.0,,,4.0,3.0,0.0,1,2.0,2.0,2.0,,477.27,1.0,,,,,14959.9604,3795.4611,0,0,0.0,,0,0,5011,1,,,3.0,,,,3744.0158,7860.0,2540.0,-1,,,,,,,214406.0,2015,665,650,0,0,0,0,0,14.0,8.0,40.0,2015,MIS4_to_MIS8,new_york,0,2014-2015,1,0,0,0,retention
82046168340540,6,1.0,1,4,2,9300,93001,1,1,,36,40380,55,2.0,1.0,,5,3,61,1.0,1,44,1,,2,1,2,1,2,57,57,57,1,0,0,2.0,1.0,,50.0,,50.0,,,,,,2.0,3.0,0.0,1,2.0,2.0,2.0,,2884.61,1.0,,,,,12071.9114,3243.1726,0,0,1.0,,0,0,57291,2,,,,,,2.0,3124.4966,7860.0,2320.0,-1,4.0,,,,,,211656.0,2014,653,650,0,0,0,0,0,18.0,8.0,40.0,2014,1.0,1,8,2,9300,93001,1,40380,55,2.0,1.0,,5,3,61,1.0,1,44,1,,1,2,1,2,57,57,57,1,0,0,2.0,1.0,,50.0,,65.0,,,,,,2.0,3.0,0.0,1,1.0,2.0,2.0,,2307.69,1.0,,,,,13959.2892,3683.2121,0,0,0.0,,0,0,5011,2,,,,,,,3589.7086,7860.0,2320.0,-1,4.0,,,,,,214407.0,2015,665,650,0,0,0,0,0,,8.0,40.0,2015,MIS4_to_MIS8,new_york,0,2014-2015,1,0,0,0,retention
82046168340540,6,1.0,1,4,2,9300,93001,1,1,,36,40380,55,2.0,1.0,,5,7,60,,2,44,1,,3,1,4,3,2,57,57,57,1,0,0,2.0,1.0,,40.0,,40.0,,,,,,2.0,3.0,0.0,1,2.0,2.0,2.0,,1461.0,1.0,,,,,13409.6906,3353.5372,0,0,1.0,,0,0,57291,3,,,,,,2.0,3268.9397,7860.0,2330.0,-1,,,,,,,211657.0,2014,653,650,0,0,0,0,0,18.0,8.0,40.0,2014,1.0,1,8,2,9300,93001,1,40380,55,2.0,1.0,,5,7,61,,2,44,1,,1,4,3,2,57,57,57,1,0,0,2.0,1.0,,50.0,,50.0,,,,,,2.0,5.0,0.0,1,2.0,2.0,2.0,,1115.38,2.0,2.0,,,,15629.3248,4014.1845,0,0,0.0,,0,0,5011,3,,,,,,,3961.2498,7860.0,2330.0,-1,,,,,,,214408.0,2015,665,650,0,0,0,0,0,,8.0,40.0,2015,MIS4_to_MIS8,new_york,0,2014-2015,0,1,0,1,retention
304906583791576,6,2.0,4,4,2,9300,93001,1,1,,36,40380,55,2.0,1.0,,5,1,24,,2,39,2,,1,1,1,7,2,57,57,57,1,0,0,2.0,1.0,,40.0,,40.0,,,,,,2.0,3.0,0.0,1,2.0,,1.0,1150.0,460.0,2.0,2.0,2.0,,,20203.1323,4996.9176,0,0,0.0,0.0,0,0,29282,1,1.0,,,,,,4827.6895,7860.0,5260.0,-1,,,,,2.0,,211745.0,2014,653,650,0,0,0,0,0,12.0,17.0,40.0,2014,2.0,4,8,2,9300,93001,1,40380,55,2.0,1.0,,5,1,25,,2,39,2,,1,1,7,2,57,57,57,1,0,0,2.0,1.0,,40.0,,40.0,,,,,,2.0,4.0,0.0,1,1.0,2.0,2.0,,865.38,2.0,2.0,2.0,,,19629.1529,4869.4015,0,0,0.0,,0,0,27235,1,1.0,,,,,,4721.4553,8370.0,4610.0,-1,,,,,2.0,,214552.0,2015,665,650,0,0,0,0,0,12.0,15.0,43.0,2015,MIS4_to_MIS8,new_york,0,2014-2015,0,1,0,1,retention
363629094904893,6,1.0,1,4,2,9300,93001,1,1,,36,35620,103,2.0,1.0,,7,3,56,1.0,2,44,1,,2,1,2,1,2,57,120,57,1,0,0,2.0,1.0,,40.0,,40.0,,,,,,2.0,2.0,0.0,1,2.0,2.0,2.0,,2307.69,1.0,,,,,12944.7057,3382.6043,0,0,0.0,,0,0,12706,2,,,,,,3.0,3318.8149,7860.0,2320.0,-1,,,,,,,211761.0,2014,653,650,0,0,0,0,0,18.0,8.0,40.0,2014,1.0,1,8,2,9300,93001,1,35620,103,2.0,1.0,,7,3,57,1.0,2,44,1,,1,2,1,2,57,120,57,1,0,0,2.0,1.0,,40.0,,40.0,,,,,,2.0,3.0,0.0,1,2.0,2.0,2.0,,2307.69,1.0,,,,,14907.6707,3782.1948,0,0,0.0,,0,0,13625,2,,,,,,,3730.9293,7860.0,2310.0,-1,,,,,,,214588.0,2015,665,650,0,0,0,0,0,,8.0,40.0,2015,MIS4_to_MIS8,new_york,0,2014-2015,1,0,0,0,retention
395914201077647,6,1.0,1,4,2,9300,93001,1,1,,36,35620,103,2.0,1.0,,7,1,46,2.0,2,44,1,,1,1,1,1,2,57,57,57,1,0,0,1.0,1.0,,40.0,,40.0,,,,,,2.0,2.0,0.0,1,1.0,2.0,2.0,,2500.0,1.0,,2.0,,,14769.2323,3629.2267,2,1,0.0,,0,0,41628,1,,,,,,2.0,3582.8294,7860.0,2330.0,-1,,,,,,,211779.0,2014,653,650,0,1,0,0,1,18.0,8.0,40.0,2014,1.0,1,8,2,9300,93001,1,35620,103,2.0,1.0,,7,1,47,2.0,2,44,1,,1,1,1,2,57,57,57,1,0,0,1.0,1.0,,40.0,,40.0,,,,,,2.0,3.0,0.0,1,2.0,2.0,2.0,,2500.0,1.0,,2.0,,,14890.2895,3726.1287,3,1,0.0,,0,0,47063,1,,,,,,,3727.4441,7860.0,2330.0,-1,,,,,,,214597.0,2015,665,650,0,0,1,0,0,,8.0,40.0,2015,MIS4_to_MIS8,new_york,0,2014-2015,1,0,0,0,retention
630565092334059,6,1.0,1,4,2,9300,93001,1,1,,36,35620,59,2.0,1.0,,7,3,44,1.0,2,43,4,,2,1,2,1,2,210,210,210,4,0,15,,1.0,,-4.0,,10.0,,,20.0,,,7.0,2.0,0.0,1,2.0,,1.0,800.0,80.0,2.0,2.0,2.0,,,14474.917,3816.5959,4,1,1.0,1.0,21,41,43874,2,,,,2.0,,,3727.3556,9470.0,3850.0,-1,,,,,,,211883.0,2014,653,650,0,0,0,1,0,16.0,12.0,51.0,2014,1.0,1,8,2,9300,93001,1,35620,59,2.0,1.0,,7,3,45,1.0,2,43,4,,1,2,1,2,210,210,210,4,0,15,2.0,1.0,,50.0,,50.0,,,,,,2.0,4.0,0.0,1,2.0,2.0,2.0,,1259.0,2.0,2.0,2.0,,,15019.5314,3814.473,4,1,1.0,,0,42,13403,2,,,,,,,3759.7969,5580.0,4760.0,-1,,,,,,,214696.0,2015,665,650,0,0,0,1,0,,16.0,22.0,2015,MIS4_to_MIS8,new_york,0,2014-2015,0,1,0,1,retention
669830273990943,6,1.0,4,4,2,9300,93001,1,1,,36,35620,103,2.0,1.0,,7,1,43,,2,40,6,,1,1,1,7,2,57,57,57,1,0,0,1.0,1.0,,40.0,4.0,24.0,,,4.0,,,4.0,2.0,0.0,1,1.0,1.0,1.0,550.0,961.53,1.0,,2.0,,,18773.1817,4949.9177,4,1,0.0,1.0,0,0,41627,1,,,2.0,,,,4834.1779,8190.0,3655.0,-1,,,,,,,211939.0,2014,653,650,0,0,0,1,0,13.0,11.0,41.0,2014,3.0,4,8,2,9300,93001,1,35620,103,2.0,1.0,,7,1,44,,2,40,6,,1,1,7,2,57,57,57,1,0,0,2.0,1.0,,40.0,,40.0,,,,,,2.0,4.0,0.0,1,2.0,,1.0,925.0,370.0,2.0,2.0,2.0,,,18221.3177,4641.8905,0,0,1.0,1.0,0,42,38297,1,,,2.0,,,,4609.5702,8190.0,3600.0,-1,,,,,,,214730.0,2015,665,650,0,0,0,0,0,13.0,11.0,41.0,2015,MIS4_to_MIS8,new_york,0,2014-2015,0,1,0,1,retention
669830273990943,6,1.0,4,4,2,9300,93001,1,1,,36,35620,103,2.0,1.0,,7,16,56,,2,43,1,,3,0,0,3,2,57,57,57,1,0,0,2.0,1.0,,40.0,,40.0,,,,,,2.0,2.0,0.0,1,2.0,,1.0,1900.0,760.0,1.0,,,,,12944.7057,3382.6043,0,0,1.0,1.0,0,42,41627,3,,,,2.0,,,3318.8149,8190.0,3655.0,-1,,,,,,,211941.0,2014,653,650,0,0,0,0,0,16.0,11.0,41.0,2014,3.0,4,8,2,9300,93001,1,35620,103,2.0,1.0,,7,16,53,,2,41,1,,0,0,3,2,57,57,57,1,0,0,1.0,1.0,,40.0,,40.0,,,,,,2.0,4.0,0.0,1,2.0,,1.0,925.0,370.0,2.0,2.0,2.0,,,14094.9179,3556.276,0,0,1.0,1.0,0,42,38297,3,,,3.0,,,,3528.341,8190.0,3600.0,-1,,,,,,,214732.0,2015,665,650,0,0,0,0,0,14.0,11.0,41.0,2015,MIS4_to_MIS8,new_york,0,2014-2015,0,1,0,1,retention
704904113797256,6,2.0,1,4,2,9300,93001,1,1,,36,35620,103,2.0,1.0,,7,1,23,2.0,1,39,1,,1,1,1,1,2,57,57,57,1,0,0,2.0,1.0,,35.0,,35.0,,,,,,2.0,2.0,0.0,1,2.0,2.0,2.0,,769.23,2.0,2.0,2.0,,,16845.2283,4372.5489,0,0,0.0,,0,0,29542,1,1.0,,,,,,4264.0426,9370.0,5820.0,-1,,,,,,,211989.0,2014,653,650,0,0,0,0,0,12.0,17.0,51.0,2014,1.0,1,8,2,9300,93001,1,35620,103,2.0,1.0,,7,1,24,2.0,1,39,1,,1,1,1,2,57,57,57,1,0,0,1.0,1.0,,35.0,,35.0,,,,,,2.0,4.0,0.0,1,2.0,2.0,2.0,,769.23,2.0,2.0,2.0,,,17897.6681,4546.4288,0,0,0.0,,0,0,54848,1,1.0,,,,,,4547.166,6870.0,120.0,-1,,,,,,,214775.0,2015,665,650,0,0,0,0,0,12.0,1.0,32.0,2015,MIS4_to_MIS8,new_york,0,2014-2015,0,1,0,1,retention
770666090534849,6,2.0,1,4,2,9300,93001,1,1,,36,35620,59,2.0,1.0,,7,1,52,2.0,1,43,1,,1,1,1,1,2,57,57,57,1,0,0,2.0,2.0,4.0,48.0,,,,,,,,5.0,3.0,0.0,1,2.0,2.0,2.0,,2884.61,1.0,,2.0,,,13472.0808,3491.1367,3,2,0.0,,0,0,41457,1,,,,2.0,,,3413.1229,9470.0,3720.0,-1,,,,,,,211995.0,2014,653,650,0,0,1,0,0,16.0,12.0,51.0,2014,2.0,1,8,2,9300,93001,1,35620,59,2.0,1.0,,7,1,53,2.0,1,43,1,,1,1,1,2,57,57,57,1,0,0,2.0,2.0,4.0,48.0,,,,,,,,5.0,3.0,0.0,1,2.0,2.0,2.0,,2884.61,1.0,,2.0,,,14712.7654,3699.0022,10,2,0.0,,0,0,27250,1,,,,,,,3637.5517,9470.0,3740.0,-1,,,,,,,214788.0,2015,665,650,0,0,1,1,0,,12.0,51.0,2015,MIS4_to_MIS8,new_york,0,2014-2015,1,0,0,0,retention
770666090534849,6,2.0,1,4,2,9300,93001,1,1,,36,35620,59,2.0,1.0,,7,3,44,1.0,2,44,2,,2,1,2,1,2,57,462,120,1,0,0,1.0,1.0,,30.0,,30.0,,,15.0,,,6.0,3.0,0.0,1,2.0,,1.0,1900.0,133.0,2.0,2.0,2.0,,,13060.0166,3371.9617,3,2,0.0,0.0,0,0,41457,2,,,,,,2.0,3321.1431,7860.0,2310.0,-1,,,,,,,211996.0,2014,653,650,0,0,1,0,0,18.0,8.0,40.0,2014,2.0,1,8,2,9300,93001,1,35620,59,2.0,1.0,,7,3,45,1.0,2,44,2,,1,2,1,2,57,462,120,1,0,0,1.0,1.0,,24.0,,24.0,,,15.0,,,6.0,3.0,0.0,1,1.0,2.0,2.0,,325.0,2.0,2.0,2.0,,,16524.9282,4210.8433,10,2,0.0,,0,0,27250,2,,,,,,,4212.4137,7860.0,2310.0,-1,,,,,,,214789.0,2015,665,650,0,0,1,1,0,,8.0,40.0,2015,MIS4_to_MIS8,new_york,0,2014-2015,1,0,0,0,retention
846329340859300,6,2.0,1,4,2,9300,93001,1,1,,36,35620,119,2.0,1.0,,7,3,35,1.0,2,43,1,,2,1,2,1,2,57,57,57,1,0,0,1.0,1.0,,17.0,,31.0,,,18.0,,,7.0,3.0,0.0,1,2.0,2.0,2.0,,307.0,2.0,2.0,2.0,,,11840.9455,3112.835,1,2,1.0,,0,42,57446,2,,,,2.0,,,3049.0962,7860.0,5700.0,5820,,,,,,,212050.0,2014,653,650,1,0,0,0,1,16.0,17.0,40.0,2014,1.0,1,8,2,9300,93001,1,35620,119,2.0,1.0,,7,3,35,1.0,2,43,1,,1,2,1,2,57,57,57,1,0,0,2.0,1.0,,14.0,,14.0,,,15.0,,,6.0,3.0,0.0,1,2.0,1.0,1.0,2700.0,336.53,1.0,,2.0,,,14334.5796,3660.5588,5,2,0.0,0.0,0,0,13688,2,,,,,,,3626.3158,7860.0,5700.0,-1,,,,,,,214813.0,2015,665,650,1,1,0,0,1,,17.0,40.0,2015,MIS4_to_MIS8,new_york,0,2014-2015,1,0,0,0,retention
982056830349340,6,2.0,1,4,2,9300,93001,1,1,,36,35620,119,2.0,1.0,,7,3,59,1.0,1,40,1,,2,1,2,1,2,57,57,57,1,0,0,1.0,1.0,,35.0,,35.0,,,,,,2.0,2.0,0.0,1,1.0,,1.0,1300.0,547.31,1.0,,,,,13740.8059,3428.986,0,0,1.0,1.0,0,42,12783,2,,,1.0,,,,3303.261,9470.0,430.0,-1,,,,,,,212138.0,2014,653,650,0,0,0,0,0,12.0,1.0,51.0,2014,1.0,1,8,2,9300,93001,1,35620,119,2.0,1.0,,7,3,60,1.0,1,40,1,,1,2,1,2,57,57,57,1,0,0,2.0,1.0,,35.0,,35.0,,,,,,2.0,2.0,0.0,1,2.0,2.0,2.0,,2211.53,1.0,,,,,13910.4971,3670.3382,0,0,0.0,,0,42,2018,2,,,1.0,,,,3577.1615,9470.0,430.0,-1,,,,,,,214866.0,2015,665,650,0,0,0,0,0,12.0,1.0,51.0,2015,MIS4_to_MIS8,new_york,0,2014-2015,1,0,0,0,retention
994066502349410,6,1.0,1,4,2,9300,93001,1,1,,36,15380,0,2.0,1.0,,5,3,58,1.0,2,40,1,,2,1,2,1,2,57,57,57,1,0,0,2.0,1.0,,38.0,,38.0,,,,,,2.0,2.0,0.0,1,2.0,2.0,2.0,,769.5,1.0,,,,,12374.3033,3233.5514,0,0,0.0,,0,0,29174,2,,,2.0,,,,3172.5729,7870.0,3640.0,-1,,,,,,,212156.0,2014,653,650,0,0,0,0,0,13.0,11.0,40.0,2014,1.0,1,8,2,9300,93001,1,15380,0,2.0,1.0,,5,3,59,1.0,2,40,1,,1,2,1,2,57,57,57,1,0,0,2.0,1.0,,38.0,,38.0,,,,,,2.0,2.0,0.0,1,2.0,,1.0,1158.0,440.04,1.0,,,,,14959.9604,3795.4611,0,0,1.0,1.0,0,42,1707,2,,,2.0,,,,3744.0158,7980.0,3640.0,-1,,,,,,,214871.0,2015,665,650,0,0,0,0,0,13.0,11.0,42.0,2015,MIS4_to_MIS8,new_york,0,2014-2015,1,0,0,0,retention
995026833349160,6,2.0,1,4,2,9300,93001,1,1,,36,10580,0,2.0,1.0,,4,1,29,2.0,1,42,1,,1,1,1,1,2,57,57,57,1,0,0,2.0,1.0,,40.0,4.0,16.0,,,4.0,,,4.0,3.0,0.0,1,1.0,1.0,1.0,2533.0,1013.0,1.0,,2.0,,,14187.4993,3608.4842,0,0,0.0,0.0,0,0,65993,1,,,3.0,,,,3519.9795,770.0,6320.0,-1,,,,,,,212163.0,2014,653,650,0,0,0,0,0,14.0,19.0,4.0,2014,2.0,1,8,2,9300,93001,1,10580,0,2.0,1.0,,4,1,30,2.0,1,42,1,,1,1,1,2,57,57,57,1,0,0,2.0,1.0,,40.0,,40.0,,,,,,2.0,3.0,0.0,1,2.0,,1.0,2600.0,1040.0,1.0,,2.0,,,14606.0302,3600.8689,0,0,0.0,0.0,0,0,54840,1,,,3.0,,,,3596.5398,9370.0,6320.0,-1,,,,,,,214877.0,2015,665,650,0,0,0,0,0,14.0,19.0,51.0,2015,MIS4_to_MIS8,new_york,0,2014-2015,1,0,0,0,retention
995026833349160,6,2.0,1,4,2,9300,93001,1,1,,36,10580,0,2.0,1.0,,4,3,28,1.0,2,44,1,,2,1,2,1,2,57,57,57,1,0,0,1.0,1.0,,38.0,4.0,14.0,,,4.0,,,4.0,2.0,0.0,1,2.0,2.0,2.0,,1000.0,1.0,,2.0,,,12934.9561,3356.6565,0,0,0.0,,0,0,65993,2,,,,,,1.0,3286.0037,9570.0,800.0,-1,,,,,,,212164.0,2014,653,650,0,0,0,0,0,17.0,2.0,51.0,2014,2.0,1,8,2,9300,93001,1,10580,0,2.0,1.0,,4,3,29,1.0,2,44,1,,1,2,1,2,57,57,57,1,0,0,1.0,1.0,,38.0,,38.0,,,,,,2.0,2.0,0.0,1,2.0,2.0,2.0,,1301.92,1.0,,2.0,,,15811.5426,3956.3412,0,0,0.0,,0,0,54840,2,,,,,,,3908.5993,7280.0,800.0,-1,,,,,,,214878.0,2015,665,650,0,0,0,0,0,,2.0,36.0,2015,MIS4_to_MIS8,new_york,0,2014-2015,1,0,0,0,retention
845392339600931,6,1.0,1,4,2,9300,93001,1,1,,36,0,0,3.0,2.0,,0,1,61,2.0,2,44,1,,1,1,1,1,2,57,57,57,1,0,0,1.0,5.0,,,,,,,,,,1.0,2.0,0.0,2,,,,,,,,,,,14130.0407,3430.1403,0,0,,,0,0,17269,1,,,,,,3.0,3555.5278,7860.0,2000.0,-1,,,,,,,212282.0,2014,653,650,0,0,0,0,0,18.0,6.0,40.0,2014,2.0,1,8,2,9300,93001,1,0,0,3.0,2.0,,0,1,62,2.0,2,44,1,,1,1,1,2,57,57,57,1,0,0,2.0,5.0,,,,,,,,,,1.0,,,2,,,,,,,,,,,18401.0708,4474.7276,0,0,,,0,0,27093,1,,,,,,,4545.1285,,,-1,,,,,,,214957.0,2015,665,650,0,0,0,0,0,,,,2015,MIS4_to_MIS8,new_york,0,2014-2015,0,1,0,0,retention
196460040020303,6,1.0,1,4,2,9300,93001,1,1,,36,39100,27,,1.0,,4,1,44,2.0,2,43,1,,1,1,1,1,2,57,57,57,1,0,0,1.0,1.0,,40.0,4.0,28.0,,,4.0,,,4.0,3.0,0.0,1,1.0,2.0,2.0,,520.0,1.0,,2.0,,,13465.7978,3536.6347,10,2,0.0,,0,0,12302,1,,,,2.0,,,3467.5029,7860.0,5700.0,-1,,,,,,,212319.0,2014,653,650,0,0,1,1,0,16.0,17.0,40.0,2014,1.0,1,8,2,9300,93001,1,39100,27,,1.0,,4,1,45,2.0,2,43,1,,1,1,1,2,57,57,57,1,0,0,1.0,1.0,,35.0,,35.0,,,,,,2.0,3.0,0.0,1,2.0,2.0,2.0,,692.3,1.0,,2.0,,,14890.2895,3726.1287,10,2,0.0,,0,0,17671,1,,,,,,,3727.4441,7860.0,5700.0,-1,,,,,,,215020.0,2015,665,650,0,0,1,1,0,,17.0,40.0,2015,MIS4_to_MIS8,new_york,0,2014-2015,1,0,0,0,retention
196460040020303,6,1.0,1,4,2,9300,93001,1,1,,36,39100,27,,1.0,,4,3,48,1.0,1,40,4,,2,1,2,1,2,210,205,205,4,0,8,2.0,1.0,,40.0,,55.0,,,,,,2.0,3.0,0.0,1,1.0,2.0,2.0,,1200.0,1.0,,2.0,,,12802.8133,3342.3184,10,2,0.0,,0,0,12302,2,,,1.0,,,,3243.5654,770.0,7000.0,7200,,,,,,,212320.0,2014,653,650,0,0,1,1,0,12.0,20.0,4.0,2014,1.0,1,8,2,9300,93001,1,39100,27,,1.0,,4,3,49,1.0,1,40,4,,1,2,1,2,210,205,205,4,0,8,2.0,1.0,,40.0,,63.0,,,,,,2.0,3.0,0.0,1,1.0,2.0,2.0,,2307.69,1.0,,2.0,,,15569.5206,3948.3249,10,2,0.0,,0,0,17671,2,,,3.0,,,,3849.374,770.0,7000.0,7200,,,,,,,215021.0,2015,665,650,0,0,1,1,0,14.0,20.0,4.0,2015,MIS4_to_MIS8,new_york,0,2014-2015,1,0,0,0,retention
440623095444549,6,1.0,1,4,2,9300,93001,1,1,,42,37980,101,1.0,1.0,,7,1,65,2.0,2,44,1,,1,1,1,1,2,57,57,57,1,0,0,1.0,5.0,,,,,,,,,,1.0,2.0,0.0,2,,,,,,,,,,,12659.8296,3212.5791,0,0,,,0,0,4691,1,,,,,,2.0,3185.58,7870.0,2825.0,-1,,,,,,,215761.0,2014,653,650,0,0,0,0,0,18.0,9.0,40.0,2014,1.0,1,8,2,9300,93001,1,37980,101,1.0,1.0,,7,1,66,2.0,2,44,1,,1,1,1,2,57,57,57,1,0,0,1.0,5.0,,,,,,,,,,1.0,,,2,,,,,,,,,,,12042.7674,2956.6569,0,0,,,0,0,5333,1,,,,,,,2974.6054,,,-1,,,,,,,218936.0,2015,665,650,0,0,0,0,0,,,,2015,MIS4_to_MIS8,pennsylvania,0,2014-2015,0,1,0,0,retention
850520097944859,6,1.0,6,4,2,9300,93001,1,1,,42,37980,101,1.0,1.0,,7,2,42,,1,40,2,,1,0,0,7,2,57,57,57,1,0,0,1.0,1.0,,40.0,,40.0,,,,,,2.0,3.0,0.0,1,2.0,,1.0,2004.0,801.6,1.0,,2.0,,,12666.4534,3176.4825,0,0,1.0,1.0,0,42,42324,1,,,3.0,,,,3188.7047,9470.0,3740.0,-1,,,,,,,215819.0,2014,653,650,0,0,0,0,0,14.0,12.0,51.0,2014,1.0,6,8,2,9300,93001,1,37980,101,1.0,1.0,,7,2,44,,1,40,2,,0,0,5,2,57,57,57,1,0,0,1.0,1.0,,40.0,,40.0,,,,,,2.0,3.0,0.0,1,2.0,,1.0,2200.0,880.0,1.0,,2.0,,,13433.6416,3593.4144,0,0,1.0,1.0,0,42,55345,1,,,3.0,,,,3518.4709,9470.0,3740.0,-1,,,,,,,218971.0,2015,665,650,0,0,0,0,0,14.0,12.0,51.0,2015,MIS4_to_MIS8,pennsylvania,0,2014-2015,1,0,0,0,retention
23014420981092,6,1.0,1,4,2,9300,93001,1,1,,42,37980,17,2.0,1.0,,7,3,29,1.0,2,43,1,,2,1,2,1,2,57,57,57,1,0,0,2.0,1.0,,40.0,,40.0,,,,,,2.0,3.0,0.0,1,2.0,2.0,2.0,,600.0,1.0,,2.0,,,15446.9322,3891.8936,5,2,0.0,,0,0,4622,2,,,,2.0,,,3924.1476,9370.0,5140.0,-1,,,,,,,215881.0,2014,653,650,1,1,0,0,1,16.0,17.0,51.0,2014,2.0,1,8,2,9300,93001,1,37980,17,2.0,1.0,,7,3,30,1.0,2,43,1,,1,2,1,2,57,57,57,1,0,0,1.0,1.0,,40.0,,40.0,,,,,,2.0,4.0,0.0,1,1.0,,1.0,1753.0,776.2,2.0,2.0,2.0,,,13911.7046,3432.6637,5,2,1.0,1.0,0,42,64416,2,,,,,,,3438.961,6970.0,5000.0,-1,,,,,,,219017.0,2015,665,650,1,1,0,0,1,,17.0,32.0,2015,MIS4_to_MIS8,pennsylvania,0,2014-2015,0,1,0,1,retention
160621099944309,6,1.0,1,4,2,9300,93001,1,1,,42,37980,91,2.0,1.0,,7,3,37,1.0,2,44,1,,2,1,2,1,2,57,57,57,1,0,0,2.0,1.0,,40.0,4.0,32.0,,,4.0,,,4.0,3.0,0.0,1,2.0,2.0,2.0,,1384.61,1.0,,2.0,,,13517.3711,3450.156,6,2,0.0,,0,0,13796,2,,,,,,2.0,3480.7833,7860.0,2310.0,-1,,,,,,,215984.0,2014,653,650,1,0,1,0,1,18.0,8.0,40.0,2014,1.0,1,8,2,9300,93001,1,37980,91,2.0,1.0,,7,3,38,1.0,2,44,1,,1,2,1,2,57,57,57,1,0,0,2.0,1.0,,40.0,,40.0,,,,,,2.0,3.0,0.0,1,2.0,2.0,2.0,,1500.0,1.0,,2.0,,,12950.6141,3302.2578,8,2,0.0,,0,0,5325,2,,,,,,,3276.2046,7860.0,2310.0,-1,,,,,,,219138.0,2015,665,650,0,1,1,0,1,,8.0,40.0,2015,MIS4_to_MIS8,pennsylvania,0,2014-2015,1,0,0,0,retention
224639054909893,6,1.0,1,4,2,9300,93001,1,1,,42,10900,0,2.0,1.0,,4,1,61,2.0,2,39,1,,1,1,1,1,2,57,57,57,1,0,0,1.0,1.0,,40.0,4.0,32.0,,,4.0,,,4.0,3.0,0.0,1,2.0,1.0,1.0,1300.0,599.0,1.0,,,,,12933.3374,3140.3045,0,0,0.0,0.0,0,0,4630,1,1.0,,,,,,3152.8169,7860.0,4220.0,-1,,,,,,,216005.0,2014,653,650,0,0,0,0,0,12.0,14.0,40.0,2014,2.0,1,8,2,9300,93001,1,10900,0,2.0,1.0,,4,1,62,2.0,2,39,1,,1,1,1,2,57,57,57,1,0,0,2.0,1.0,,40.0,,40.0,,,,,,2.0,2.0,0.0,1,2.0,2.0,2.0,,692.0,1.0,,,,,3527.1113,904.5539,0,0,1.0,,0,0,14421,1,1.0,,,,,,893.9458,7860.0,4220.0,-1,,,,,,,219157.0,2015,665,650,0,0,0,0,0,12.0,14.0,40.0,2015,MIS4_to_MIS8,pennsylvania,0,2014-2015,1,0,0,0,retention
239240092350944,6,1.0,1,4,2,9300,93001,1,1,,42,38300,3,2.0,1.0,,5,3,49,1.0,1,39,1,,2,1,2,1,2,57,57,57,1,0,0,2.0,1.0,,20.0,,20.0,,,15.0,,,7.0,3.0,0.0,1,2.0,,1.0,740.0,148.0,2.0,2.0,2.0,,,13634.9924,3450.8627,4,1,1.0,1.0,0,42,61127,2,1.0,,,,,,3454.3962,7860.0,4600.0,-1,,,,,,,216008.0,2014,653,650,0,0,0,1,0,12.0,15.0,40.0,2014,1.0,1,8,2,9300,93001,1,38300,3,2.0,1.0,,5,3,50,1.0,1,39,1,,1,2,1,2,57,57,57,1,0,0,2.0,1.0,,20.0,,20.0,,,22.0,,,7.0,3.0,0.0,1,2.0,2.0,2.0,,100.0,2.0,1.0,2.0,,,15022.0675,3771.1878,4,1,1.0,,0,42,59072,2,1.0,,,,,,3714.0229,7860.0,4600.0,-1,,,,,,,219165.0,2015,665,650,0,0,0,1,0,12.0,15.0,40.0,2015,MIS4_to_MIS8,pennsylvania,0,2014-2015,1,0,0,0,retention
289800461530944,6,1.0,1,4,2,9300,93001,1,1,,42,38300,129,2.0,1.0,,5,1,32,2.0,1,43,1,,1,1,1,1,2,57,57,57,1,0,0,1.0,1.0,,38.0,,38.0,,,,,,2.0,2.0,0.0,1,2.0,,1.0,2007.0,762.66,1.0,,2.0,,,16387.175,4029.4601,0,0,0.0,0.0,0,0,13902,1,,,,2.0,,,4065.7285,9480.0,2010.0,-1,,,,,,,216050.0,2014,653,650,0,0,0,0,0,16.0,6.0,51.0,2014,1.0,6,8,2,9300,93001,1,38300,129,2.0,1.0,,5,2,32,,1,43,1,,0,0,6,2,57,57,57,1,0,0,1.0,1.0,,38.0,4.0,29.0,,,4.0,,,4.0,2.0,0.0,1,2.0,2.0,2.0,,788.46,1.0,,2.0,,,14006.9937,3448.0871,0,0,0.0,,0,0,2546,1,,,,,,,3449.0351,9480.0,2010.0,-1,,,,,,,219186.0,2015,665,650,0,0,0,0,0,,6.0,51.0,2015,MIS4_to_MIS8,pennsylvania,0,2014-2015,1,0,0,0,retention
440209952955992,6,1.0,1,4,2,9300,93001,1,1,,42,38300,19,2.0,1.0,,5,1,36,2.0,2,44,1,,1,1,1,1,2,57,57,57,1,0,0,1.0,2.0,4.0,50.0,,,,,,,,5.0,3.0,0.0,1,2.0,2.0,2.0,,903.84,1.0,,1.0,2.0,2.0,14619.0095,3731.3368,5,2,0.0,,0,0,50552,1,,,,,,1.0,3764.46,7860.0,2310.0,-1,,,,,,,216111.0,2014,653,650,1,1,0,0,1,17.0,8.0,40.0,2014,1.0,1,8,2,9300,93001,1,38300,19,2.0,1.0,,5,1,37,2.0,2,44,1,,1,1,1,2,57,57,57,1,0,0,1.0,1.0,,50.0,4.0,20.0,,,4.0,,,4.0,2.0,0.0,1,2.0,2.0,2.0,,923.07,1.0,,2.0,,,13881.7345,3539.6828,2,2,0.0,,0,0,2392,1,,,,,,,3511.7565,7860.0,2320.0,-1,,,,,,,219279.0,2015,665,650,0,1,0,0,1,,8.0,40.0,2015,MIS4_to_MIS8,pennsylvania,0,2014-2015,1,0,0,0,retention
910052839449650,6,2.0,3,4,2,9300,93001,1,1,,42,37980,29,2.0,1.0,,7,6,63,3.0,2,44,1,,2,2,1,1,2,57,109,360,1,0,0,1.0,1.0,,50.0,,45.0,,,,,,2.0,2.0,0.0,1,2.0,2.0,2.0,,2884.61,1.0,,,,,12633.063,3067.3957,0,0,0.0,,0,0,17526,2,,,,,,2.0,3079.6177,7860.0,2310.0,-1,,,,,,,216316.0,2014,653,650,0,0,0,0,0,18.0,8.0,40.0,2014,3.0,3,8,2,9300,93001,1,37980,29,2.0,1.0,,7,6,64,3.0,2,44,1,,2,1,1,2,57,109,360,1,0,0,2.0,1.0,,40.0,8.0,8.0,,,8.0,,,4.0,2.0,0.0,1,2.0,2.0,2.0,,1750.0,1.0,,,,,11285.6221,2894.2816,0,0,0.0,,0,0,5291,2,,,,,,,2860.339,7860.0,2310.0,-1,,,,,,,219447.0,2015,665,650,0,0,0,0,0,,8.0,40.0,2015,MIS4_to_MIS8,pennsylvania,0,2014-2015,1,0,0,0,retention
499944007010299,6,2.0,7,4,2,9300,93001,1,1,,42,0,89,3.0,2.0,,0,2,37,,2,44,1,2.0,1,0,0,7,2,73,73,73,2,0,6,2.0,1.0,,40.0,,40.0,,,,,,2.0,2.0,0.0,1,2.0,2.0,2.0,,1269.0,2.0,2.0,2.0,,,13473.8293,3425.8603,0,0,1.0,,0,42,66322,1,,,,,,2.0,3469.571,9480.0,2010.0,-1,,,,,,,216486.0,2014,653,650,0,0,0,0,0,18.0,6.0,51.0,2014,1.0,7,8,2,9300,93001,1,0,89,3.0,2.0,,0,2,39,,2,44,1,2.0,0,0,7,2,73,73,73,2,0,19,1.0,1.0,,40.0,,40.0,,,,,,2.0,2.0,0.0,1,2.0,2.0,2.0,,1750.0,2.0,2.0,2.0,,,15900.8044,3977.7445,0,0,0.0,,0,0,59132,1,,,,,,,4022.5343,9480.0,2010.0,-1,,,,,,,219583.0,2015,665,650,0,0,0,0,0,,6.0,51.0,2015,MIS4_to_MIS8,pennsylvania,0,2014-2015,1,0,0,0,retention
499944007010299,6,2.0,7,4,2,9300,93001,1,1,,42,0,89,3.0,2.0,,0,14,46,,2,44,1,,2,0,0,7,2,368,368,368,4,0,8,1.0,1.0,,40.0,,40.0,,,,,,2.0,2.0,0.0,1,2.0,2.0,2.0,,1269.0,2.0,2.0,2.0,,,13648.9209,3256.3514,0,0,1.0,,0,42,66322,2,,,,,,3.0,3311.0559,9480.0,2010.0,-1,,,,,,,216487.0,2014,653,650,0,0,0,0,0,18.0,6.0,51.0,2014,1.0,7,8,2,9300,93001,1,0,89,3.0,2.0,,0,14,47,,2,44,1,,0,0,7,2,368,368,368,4,0,8,2.0,1.0,,40.0,,40.0,,,,,,2.0,2.0,0.0,1,2.0,2.0,2.0,,1750.0,2.0,2.0,2.0,,,14318.1714,3577.6714,0,0,0.0,,0,0,59132,2,,,,,,,3584.2274,8470.0,4600.0,-1,,,,,,,219584.0,2015,665,650,0,0,0,0,0,,15.0,43.0,2015,MIS4_to_MIS8,pennsylvania,0,2014-2015,1,0,0,0,retention
142495039200914,6,1.0,6,4,2,9300,93001,1,1,,42,25420,43,,1.0,,4,2,67,,1,40,2,,1,0,0,4,2,57,57,57,1,0,0,1.0,1.0,,40.0,,40.0,,,,,,2.0,3.0,0.0,1,2.0,,1.0,1600.0,640.0,1.0,,,,,11281.158,2850.2222,0,0,0.0,0.0,0,0,42218,1,,,3.0,,,,2808.6966,9470.0,3850.0,-1,4.0,,,,,,216583.0,2014,653,650,0,0,0,0,0,14.0,12.0,51.0,2014,1.0,6,8,2,9300,93001,1,25420,43,,1.0,,4,2,68,,1,40,2,,0,0,4,2,57,57,57,1,0,0,1.0,1.0,,40.0,,40.0,,,,,,2.0,3.0,0.0,1,2.0,,1.0,1400.0,560.0,2.0,2.0,,,,10823.9565,3079.9321,0,0,1.0,1.0,0,42,47526,1,,,3.0,,,,3089.6715,9470.0,3850.0,-1,4.0,,,,,,219680.0,2015,665,650,0,0,0,0,0,14.0,12.0,51.0,2015,MIS4_to_MIS8,pennsylvania,0,2014-2015,1,0,0,0,retention
289740812110944,6,1.0,1,4,2,9300,93001,1,1,,42,29540,71,,1.0,,3,3,33,1.0,2,43,1,,2,1,2,1,2,57,57,57,1,0,0,2.0,1.0,,40.0,4.0,32.0,,,4.0,,,4.0,3.0,0.0,1,2.0,2.0,2.0,,865.38,2.0,2.0,2.0,,,15657.2207,3864.3395,8,2,0.0,,0,0,17546,2,,,,2.0,,,3977.5694,9470.0,5000.0,-1,,,,,,,216607.0,2014,653,650,0,1,1,0,1,16.0,17.0,51.0,2014,1.0,1,8,2,9300,93001,1,29540,71,,1.0,,3,3,35,1.0,2,43,1,,1,2,1,2,57,57,57,1,0,0,2.0,1.0,,40.0,,40.0,,,,,,2.0,3.0,0.0,1,2.0,2.0,2.0,,923.07,2.0,2.0,2.0,,,13097.4649,3339.703,3,2,0.0,,0,0,5314,2,,,,,,,3313.3545,9470.0,5000.0,-1,,,,,,,219714.0,2015,665,650,0,0,1,0,0,,17.0,51.0,2015,MIS4_to_MIS8,pennsylvania,0,2014-2015,1,0,0,0,retention
927012818449410,6,1.0,1,4,2,9300,93001,1,1,,42,29540,71,,1.0,,3,1,46,2.0,2,44,1,,1,1,1,1,2,57,301,57,1,0,0,1.0,1.0,,40.0,,40.0,,,,,,2.0,3.0,0.0,1,2.0,2.0,2.0,,1269.23,1.0,,2.0,,,13616.9031,3248.7126,10,3,0.0,,0,0,4676,1,,,,,,3.0,3303.2888,7860.0,2310.0,-1,,,,,,,216696.0,2014,653,650,0,0,1,1,0,18.0,8.0,40.0,2014,1.0,1,8,2,9300,93001,1,29540,71,,1.0,,3,1,47,2.0,2,44,1,,1,1,1,2,57,301,57,1,0,0,1.0,1.0,,40.0,,40.0,,,,,,2.0,2.0,0.0,1,2.0,2.0,2.0,,1300.0,1.0,,2.0,,,11996.615,2997.5857,10,3,0.0,,0,0,40998,1,,,,,,,3003.0788,7860.0,2310.0,-1,,,,,,,219841.0,2015,665,650,0,0,1,1,0,,8.0,40.0,2015,MIS4_to_MIS8,pennsylvania,0,2014-2015,1,0,0,0,retention
927012818449410,6,1.0,1,4,2,9300,93001,1,1,,42,29540,71,,1.0,,3,3,49,1.0,1,43,1,,2,1,2,1,2,57,57,57,1,0,0,2.0,1.0,,40.0,,40.0,,,,,,2.0,3.0,0.0,1,2.0,2.0,2.0,,1730.76,2.0,2.0,2.0,,,12730.1573,3221.8592,10,3,0.0,,0,0,4676,2,,,,2.0,,,3225.1582,9370.0,10.0,-1,,,,,,,216697.0,2014,653,650,0,0,1,1,0,16.0,1.0,51.0,2014,1.0,1,8,2,9300,93001,1,29540,71,,1.0,,3,3,49,1.0,1,43,1,,1,2,1,2,57,57,57,1,0,0,2.0,1.0,,40.0,,40.0,,,,,,2.0,3.0,0.0,1,2.0,2.0,2.0,,2115.38,2.0,2.0,2.0,,,12438.8316,3095.7738,10,3,0.0,,0,0,40998,2,,,,,,,3075.3493,9370.0,430.0,-1,,,,,,,219842.0,2015,665,650,0,0,1,1,0,,1.0,51.0,2015,MIS4_to_MIS8,pennsylvania,0,2014-2015,1,0,0,0,retention
10710077065849,7,1.0,1,4,2,201,2011,1,1,,17,16980,0,1.0,1.0,3.0,7,3,35,1.0,2,44,1,,2,1,2,1,2,57,57,57,1,0,0,2.0,2.0,4.0,40.0,,,,,,,,5.0,3.0,0.0,1,2.0,2.0,2.0,,1153.84,1.0,,2.0,,,10690.0027,2655.1922,1,2,0.0,,0,0,30468,2,,,,,,2.0,2653.2915,7860.0,2310.0,-1,,,,,,,236264.0,2014,654,651,1,0,0,0,1,18.0,8.0,40.0,2014,1.0,1,8,2,201,2011,1,16980,0,1.0,1.0,3.0,7,3,36,1.0,2,44,1,,1,2,1,2,57,57,57,1,0,0,2.0,2.0,4.0,40.0,,,,,,,,5.0,3.0,0.0,1,2.0,2.0,2.0,,1153.84,1.0,,2.0,,,11739.5965,2973.3779,5,2,0.0,,0,0,33493,2,,,,,,,2978.2052,7860.0,2310.0,-1,,,,,,,239204.0,2015,666,651,1,1,0,0,1,,8.0,40.0,2015,MIS4_to_MIS8,illinois,1,2014-2015,1,0,0,0,retention
107060715089704,7,1.0,1,4,2,201,2011,1,1,,17,16980,0,1.0,1.0,3.0,7,1,36,2.0,1,44,1,,1,1,1,1,2,57,57,57,1,0,0,1.0,1.0,,40.0,,40.0,,,,,,2.0,3.0,0.0,1,2.0,2.0,2.0,,1923.07,1.0,,2.0,,,10150.1561,2495.3669,0,0,0.0,,0,0,17753,1,,,,,,2.0,2491.9213,7870.0,2200.0,-1,,,,,,,236305.0,2014,654,651,0,0,0,0,0,18.0,8.0,40.0,2014,1.0,1,8,2,201,2011,1,16980,0,1.0,1.0,3.0,7,1,37,2.0,1,44,1,,1,1,1,2,57,57,57,1,0,0,1.0,1.0,,40.0,,40.0,,,,,,2.0,4.0,0.0,1,2.0,2.0,2.0,,1923.07,2.0,1.0,2.0,,,11449.2694,2855.4487,0,0,0.0,,0,0,20903,1,,,,,,,2809.6015,7870.0,2200.0,-1,,,,,,,239245.0,2015,666,651,0,0,0,0,0,,8.0,40.0,2015,MIS4_to_MIS8,illinois,1,2014-2015,0,1,0,1,retention
107060715089704,7,1.0,1,4,2,201,2011,1,1,,17,16980,0,1.0,1.0,3.0,7,3,27,1.0,2,46,1,,2,1,2,1,2,57,57,57,1,0,0,2.0,1.0,,40.0,,40.0,,,,,,2.0,3.0,0.0,1,2.0,2.0,2.0,,961.53,2.0,2.0,2.0,,,10637.2165,2743.8361,0,0,0.0,,0,0,17753,2,,,,,,,2720.3328,9470.0,2100.0,-1,,,,,,,236306.0,2014,654,651,0,0,0,0,0,18.0,7.0,51.0,2014,1.0,1,8,2,201,2011,1,16980,0,1.0,1.0,3.0,7,3,27,1.0,2,46,1,,1,2,1,2,57,57,57,1,0,0,2.0,1.0,,40.0,,40.0,,,,,,2.0,3.0,0.0,1,2.0,2.0,2.0,,961.53,2.0,2.0,2.0,,,11997.269,3051.7368,0,0,0.0,,0,0,20903,2,,,,,,,3024.2278,9470.0,2100.0,-1,,,,,,,239246.0,2015,666,651,0,0,0,0,0,18.0,7.0,51.0,2015,MIS4_to_MIS8,illinois,1,2014-2015,1,0,0,0,retention
149921070083906,7,1.0,3,4,2,201,2011,1,1,,17,16980,0,1.0,1.0,3.0,7,4,50,,2,43,1,,3,1,3,5,2,57,57,57,1,0,0,2.0,2.0,4.0,40.0,,,,,,,,5.0,3.0,0.0,1,2.0,2.0,2.0,,1153.0,1.0,,2.0,,,12828.3679,3206.0733,0,0,1.0,,0,0,52249,3,,,,2.0,,,3163.0676,7860.0,2310.0,-1,,,,,,1.0,236333.0,2014,654,651,0,0,0,0,0,16.0,8.0,40.0,2014,3.0,3,8,2,201,2011,1,16980,0,1.0,1.0,3.0,7,4,51,,2,44,1,,1,3,7,2,57,57,57,1,0,0,1.0,2.0,4.0,45.0,,,,,,,,5.0,3.0,0.0,1,2.0,2.0,2.0,,1538.0,1.0,,2.0,,,10981.5295,2822.3204,0,0,1.0,,0,0,20909,3,,,,,,,2751.0351,7860.0,2310.0,-1,,,,,,1.0,239259.0,2015,666,651,0,0,0,0,0,,8.0,40.0,2015,MIS4_to_MIS8,illinois,1,2014-2015,1,0,0,0,retention
304104587710168,7,2.0,1,4,2,201,2011,1,1,,17,16980,0,1.0,1.0,1.0,7,1,46,2.0,1,40,1,,1,1,1,1,2,57,57,57,1,0,0,2.0,1.0,,40.0,,40.0,,,,,,2.0,3.0,0.0,1,2.0,,1.0,2500.0,1000.0,1.0,,2.0,,,11138.1612,2847.3351,4,1,0.0,0.0,0,0,30265,1,,,2.0,,,,2795.0364,9370.0,6230.0,-1,,,,,,,236373.0,2014,654,651,0,0,0,1,0,13.0,19.0,51.0,2014,1.0,1,8,2,201,2011,1,16980,0,1.0,1.0,1.0,7,1,47,2.0,1,40,1,,1,1,1,2,57,57,57,1,0,0,1.0,1.0,,40.0,,37.0,,,,,,2.0,3.0,0.0,1,2.0,,1.0,4685.0,1874.0,1.0,,2.0,,,11021.3527,2805.6724,4,1,0.0,0.0,0,0,3407,1,,,3.0,,,,2785.47,9370.0,6230.0,-1,,,,,,,239310.0,2015,666,651,0,0,0,1,0,14.0,19.0,51.0,2015,MIS4_to_MIS8,illinois,1,2014-2015,1,0,0,0,retention
337880701851108,7,1.0,7,4,2,201,2011,1,1,,17,16980,0,1.0,1.0,1.0,7,2,55,,2,39,1,,1,0,0,7,2,57,57,57,1,0,0,1.0,2.0,14.0,20.0,,,,,,,,10.0,3.0,0.0,1,2.0,1.0,1.0,920.0,357.14,1.0,,,,,12332.1442,3120.9038,0,0,0.0,1.0,0,0,30292,1,1.0,,,,,,3087.6459,9370.0,3940.0,-1,,,,,,,236387.0,2014,654,651,0,0,0,0,0,12.0,12.0,51.0,2014,1.0,7,8,2,201,2011,1,16980,0,1.0,1.0,1.0,7,2,56,,2,39,1,,0,0,7,2,57,57,57,1,0,0,1.0,2.0,4.0,20.0,,,,,,,,10.0,3.0,0.0,1,2.0,,1.0,1000.0,200.0,1.0,,,,,11123.2788,2885.9279,0,0,1.0,1.0,0,0,33285,1,1.0,,,,,,2823.8373,9470.0,3940.0,-1,,,,,,,239327.0,2015,666,651,0,0,0,0,0,12.0,12.0,51.0,2015,MIS4_to_MIS8,illinois,1,2014-2015,1,0,0,0,retention
571608170004907,7,1.0,1,4,2,201,2011,1,1,,17,16980,0,1.0,1.0,3.0,7,3,39,1.0,2,44,1,,2,1,2,1,2,57,57,57,1,0,0,2.0,2.0,4.0,40.0,,,,,,,,5.0,3.0,0.0,1,2.0,2.0,2.0,,769.0,1.0,,2.0,,,10690.0027,2655.1922,3,2,1.0,,0,0,30467,2,,,,,,2.0,2653.2915,7860.0,2310.0,-1,,,,,,,236432.0,2014,654,651,0,0,1,0,0,18.0,8.0,40.0,2014,1.0,1,8,2,201,2011,1,16980,0,1.0,1.0,3.0,7,3,40,1.0,2,44,1,,1,2,1,2,57,57,57,1,0,0,2.0,2.0,4.0,40.0,,,,,,,,5.0,3.0,0.0,1,2.0,2.0,2.0,,1250.0,1.0,,2.0,,,11974.3913,3094.3947,3,2,1.0,,0,42,33492,2,,,,,,,3037.7701,7860.0,2310.0,-1,,,,,,,239367.0,2015,666,651,0,0,1,0,0,,8.0,40.0,2015,MIS4_to_MIS8,illinois,1,2014-2015,1,0,0,0,retention
104790710719,7,1.0,3,4,2,201,2011,1,1,,17,16980,0,2.0,1.0,,7,1,25,,1,43,1,,1,1,1,7,2,57,57,57,1,0,0,1.0,2.0,4.0,40.0,,,,,,,,5.0,3.0,0.0,1,2.0,2.0,2.0,,1153.84,1.0,,2.0,,,10864.6769,2793.782,1,1,0.0,,0,0,30368,1,,,,1.0,2.0,,2728.9318,7860.0,2310.0,-1,,,,,,,236543.0,2014,654,651,1,0,0,0,1,17.0,8.0,40.0,2014,1.0,3,8,2,201,2011,1,16980,0,2.0,1.0,,7,1,26,,1,43,1,,1,1,7,2,57,57,57,1,0,0,1.0,2.0,4.0,40.0,,,,,,,,5.0,3.0,0.0,1,2.0,2.0,2.0,,807.69,1.0,,2.0,,,12268.3525,3076.2163,1,2,0.0,,0,0,43408,1,,,,,,,3058.7896,7860.0,2310.0,-1,,,,,,,239464.0,2015,666,651,1,0,0,0,1,,8.0,40.0,2015,MIS4_to_MIS8,illinois,1,2014-2015,1,0,0,0,retention
35037744108351,7,2.0,1,4,2,201,2011,1,1,,17,16980,0,2.0,1.0,,7,3,32,1.0,2,44,1,,2,1,2,1,2,57,57,57,1,0,0,1.0,7.0,,,,,,,,,,1.0,3.0,0.0,2,,,,,,,,2.0,,,10359.6887,2563.1459,1,1,,,0,0,30281,2,,,,,,2.0,2547.1648,7860.0,2430.0,-1,,,,,,,236618.0,2014,654,651,1,0,0,0,1,18.0,8.0,40.0,2014,1.0,1,8,2,201,2011,1,16980,0,2.0,1.0,,7,3,33,1.0,2,44,1,,1,2,1,2,57,57,57,1,0,0,2.0,1.0,,5.0,,1.0,,,17.0,,,7.0,3.0,0.0,1,2.0,2.0,2.0,,1538.46,1.0,,2.0,,,11003.4616,2811.4706,1,1,0.0,,0,0,33272,2,,,,,,,2773.7125,7860.0,2430.0,-1,,,,,,,239555.0,2015,666,651,1,0,0,0,1,,8.0,40.0,2015,MIS4_to_MIS8,illinois,1,2014-2015,1,0,0,0,retention
46037601100701,7,1.0,1,4,2,201,2011,1,1,,17,16980,0,2.0,1.0,,7,3,39,1.0,2,43,4,,2,1,2,1,2,210,210,210,5,0,15,2.0,1.0,,16.0,,16.0,,,22.0,,,7.0,3.0,0.0,1,2.0,,1.0,1150.0,184.0,2.0,2.0,2.0,,,12155.488,3038.6362,3,1,0.0,0.0,0,0,17647,2,,,,2.0,,,3017.0295,6770.0,5320.0,-1,,,,,,,236626.0,2014,654,651,0,0,1,0,0,16.0,17.0,31.0,2014,1.0,1,8,2,201,2011,1,16980,0,2.0,1.0,,7,3,40,1.0,2,43,4,,1,2,1,2,210,210,210,5,0,15,2.0,1.0,,16.0,,21.0,,,18.0,,,7.0,3.0,0.0,1,2.0,,1.0,1200.0,192.0,2.0,2.0,2.0,,,12958.9869,3336.2712,3,1,0.0,0.0,0,0,3423,2,,,,,,,3287.551,6770.0,5620.0,10,,,,,,,239566.0,2015,666,651,0,0,1,0,0,,17.0,31.0,2015,MIS4_to_MIS8,illinois,1,2014-2015,1,0,0,0,retention
109040017010797,7,1.0,1,4,2,201,2011,1,1,,17,16980,0,2.0,1.0,,7,3,41,1.0,2,44,1,,2,1,2,1,2,57,57,57,1,0,0,2.0,1.0,,40.0,4.0,8.0,,,4.0,,,4.0,3.0,0.0,1,2.0,,1.0,3000.0,1200.0,1.0,,2.0,,,9783.3585,2464.1681,8,3,1.0,1.0,0,42,52150,2,,,,,,2.0,2428.2596,7860.0,2010.0,-1,,,,,,,236684.0,2014,654,651,0,1,1,0,1,18.0,6.0,40.0,2014,2.0,1,8,2,201,2011,1,16980,0,2.0,1.0,,7,3,42,1.0,2,44,1,,1,2,1,2,57,57,57,1,0,0,1.0,2.0,4.0,40.0,,,,,,,,5.0,3.0,0.0,1,2.0,2.0,2.0,,1519.23,1.0,,2.0,,,11974.3913,3094.3947,8,3,0.0,,0,0,33425,2,,,,,,,3037.7701,7860.0,2000.0,-1,,,,,,,239625.0,2015,666,651,0,1,1,0,1,,6.0,40.0,2015,MIS4_to_MIS8,illinois,1,2014-2015,1,0,0,0,retention
113310619033771,7,1.0,7,4,2,201,2011,1,1,,17,16980,0,2.0,1.0,,7,2,63,,2,37,2,,1,0,0,5,2,57,57,57,1,0,0,1.0,2.0,14.0,28.0,,,,,,,,10.0,2.0,0.0,1,2.0,1.0,1.0,1300.0,300.0,1.0,,,,,11453.3287,3346.9557,0,0,0.0,0.0,0,0,40485,1,,,,,,,3250.6458,9480.0,4610.0,-1,,,,,,,236717.0,2014,654,651,0,0,0,0,0,11.0,15.0,51.0,2014,2.0,7,8,2,201,2011,1,16980,0,2.0,1.0,,7,2,64,,2,37,2,,0,0,5,2,57,57,57,1,0,0,2.0,7.0,,,,,,,,,,1.0,2.0,0.0,2,,,,,,,,,,,14494.7145,3433.0464,0,0,,,0,0,33302,1,,,,,,,3529.7055,9480.0,4610.0,-1,,,,,,,239642.0,2015,666,651,0,0,0,0,0,11.0,15.0,51.0,2015,MIS4_to_MIS8,illinois,1,2014-2015,1,0,0,0,retention
134371070172724,7,1.0,1,4,2,201,2011,1,1,,17,16980,0,2.0,1.0,,7,1,67,2.0,2,43,2,,1,1,1,1,2,57,57,57,1,0,0,1.0,1.0,,40.0,,40.0,,,,,,2.0,2.0,0.0,1,2.0,2.0,2.0,,769.23,2.0,2.0,,,,10768.4838,3192.5886,0,0,0.0,,0,0,30310,1,,,,2.0,,,3100.7208,8370.0,4610.0,-1,,,,,,,236728.0,2014,654,651,0,0,0,0,0,16.0,15.0,43.0,2014,1.0,1,8,2,201,2011,1,16980,0,2.0,1.0,,7,1,69,2.0,2,39,2,,1,1,1,2,57,57,57,1,0,0,1.0,1.0,,40.0,,40.0,,,,,,2.0,2.0,0.0,1,2.0,,1.0,900.0,360.0,1.0,,,,,13929.9748,3269.9594,0,0,1.0,1.0,0,42,58269,1,2.0,6.0,,,,,3230.8635,8370.0,4610.0,-1,,,,,,,239664.0,2015,666,651,0,0,0,0,0,10.0,15.0,43.0,2015,MIS4_to_MIS8,illinois,1,2014-2015,1,0,0,0,retention
134371070172724,7,1.0,1,4,2,201,2011,1,1,,17,16980,0,2.0,1.0,,7,3,65,1.0,1,43,2,,2,1,2,1,2,57,57,57,1,0,0,2.0,1.0,,40.0,,40.0,,,,,,2.0,2.0,0.0,1,2.0,2.0,2.0,,1076.0,2.0,2.0,,,,10969.2699,3229.4762,0,0,1.0,,0,0,30310,2,,,,2.0,,,3143.0492,6890.0,5330.0,-1,,,,,,,236729.0,2014,654,651,0,0,0,0,0,16.0,17.0,32.0,2014,1.0,1,8,2,201,2011,1,16980,0,2.0,1.0,,7,3,36,1.0,1,44,2,,1,2,1,2,57,57,57,1,0,0,2.0,1.0,,40.0,,40.0,,,,,,2.0,2.0,0.0,1,2.0,,1.0,1300.0,520.0,2.0,2.0,2.0,,,20364.2742,5176.0256,0,0,1.0,1.0,0,42,58269,2,,,,,,,5148.1213,6890.0,5330.0,-1,,,,,,,239665.0,2015,666,651,0,0,0,0,0,,17.0,32.0,2015,MIS4_to_MIS8,illinois,1,2014-2015,1,0,0,0,retention
155791070058351,7,1.0,1,4,2,201,2011,1,1,,17,16980,0,2.0,1.0,,7,3,43,1.0,2,44,1,,2,1,2,1,2,57,57,57,1,0,0,2.0,1.0,,40.0,,40.0,,,,,,2.0,2.0,0.0,1,2.0,2.0,2.0,,846.0,1.0,,2.0,,,9783.3585,2464.1681,3,1,1.0,,0,0,52063,2,,,,,,2.0,2428.2596,7870.0,2200.0,-1,,,,,,,236733.0,2014,654,651,0,0,1,0,0,18.0,8.0,40.0,2014,1.0,1,8,2,201,2011,1,16980,0,2.0,1.0,,7,3,44,1.0,2,44,1,,1,2,1,2,57,57,57,1,0,0,2.0,1.0,,40.0,,40.0,,,,,,2.0,5.0,0.0,1,2.0,2.0,2.0,,692.3,1.0,,2.0,,,11974.3913,3094.3947,3,1,0.0,,0,0,20596,2,,,,,,,3037.7701,7870.0,2200.0,-1,,,,,,,239676.0,2015,666,651,0,0,1,0,0,,8.0,40.0,2015,MIS4_to_MIS8,illinois,1,2014-2015,0,1,0,1,retention
607060701430101,7,1.0,1,4,2,201,2011,1,1,,17,16980,0,2.0,1.0,,7,1,39,2.0,1,44,1,,1,1,1,1,2,57,57,57,1,0,0,1.0,2.0,4.0,40.0,,,,,,,,5.0,3.0,0.0,1,2.0,2.0,2.0,,1538.46,1.0,,2.0,,,10150.1561,2495.3669,3,1,0.0,,0,0,17646,1,,,,,,2.0,2491.9213,7860.0,2310.0,-1,,,,,,,236920.0,2014,654,651,0,0,1,0,0,18.0,8.0,40.0,2014,1.0,1,8,2,201,2011,1,16980,0,2.0,1.0,,7,1,40,2.0,1,44,1,,1,1,1,2,57,57,57,1,0,0,1.0,1.0,,35.0,8.0,29.0,,,8.0,,,4.0,3.0,0.0,1,2.0,2.0,2.0,,1634.61,1.0,,2.0,,,11592.4778,2884.1528,3,1,0.0,,0,0,3422,1,,,,,,,2844.7442,7860.0,2310.0,-1,,,,,,,239879.0,2015,666,651,0,0,1,0,0,,8.0,40.0,2015,MIS4_to_MIS8,illinois,1,2014-2015,1,0,0,0,retention
722420462091001,7,1.0,1,4,2,201,2011,1,1,,17,16980,0,2.0,1.0,,7,3,69,1.0,1,43,1,,2,1,2,1,2,100,100,100,4,0,16,2.0,1.0,,40.0,,40.0,,,,,,2.0,2.0,0.0,1,1.0,1.0,1.0,1500.0,653.84,1.0,,,,,8505.8693,2411.1107,0,0,0.0,0.0,0,0,5888,2,,,,2.0,,,2350.626,7690.0,4220.0,-1,,,,,,,236969.0,2014,654,651,0,0,0,0,0,16.0,14.0,38.0,2014,1.0,1,8,2,201,2011,1,16980,0,2.0,1.0,,7,3,70,1.0,1,43,1,,1,2,1,2,100,100,100,4,0,16,2.0,1.0,,40.0,,40.0,,,,,,2.0,4.0,0.0,1,2.0,1.0,1.0,1350.0,538.46,1.0,,,,,9521.5866,2553.256,0,0,0.0,0.0,0,0,54236,2,,,,,,,2493.4131,7870.0,4220.0,-1,,,,,,,239938.0,2015,666,651,0,0,0,0,0,,14.0,40.0,2015,MIS4_to_MIS8,illinois,1,2014-2015,0,1,0,1,retention
741320369361001,7,2.0,1,4,2,201,2011,1,1,,17,16980,0,2.0,1.0,,7,1,48,2.0,2,44,1,,1,1,1,1,2,57,57,57,1,0,0,2.0,1.0,,24.0,,24.0,,,18.0,,,7.0,3.0,0.0,1,2.0,,1.0,2599.0,415.84,2.0,2.0,2.0,,,12673.0524,3197.4227,3,2,0.0,0.0,0,0,30344,1,,,,,,3.0,3124.7717,6770.0,2430.0,-1,,,,,,,236982.0,2014,654,651,0,0,1,0,0,18.0,8.0,31.0,2014,2.0,1,8,2,201,2011,1,16980,0,2.0,1.0,,7,1,49,2.0,2,44,1,,1,1,1,2,57,57,57,1,0,0,2.0,1.0,,16.0,,16.0,,,18.0,,,7.0,3.0,0.0,1,2.0,1.0,1.0,2000.0,400.0,2.0,2.0,2.0,,,11779.3602,2965.419,3,2,0.0,1.0,0,0,6648,1,,,,,,,2950.9034,6770.0,2430.0,-1,,,,,,,239953.0,2015,666,651,0,0,1,0,0,,8.0,31.0,2015,MIS4_to_MIS8,illinois,1,2014-2015,1,0,0,0,retention
771491100007009,7,1.0,1,4,2,201,2011,1,1,,17,16980,0,2.0,1.0,,7,1,27,2.0,2,43,1,1.0,1,1,1,1,2,303,303,303,4,0,13,1.0,1.0,,40.0,7.0,31.0,,,7.0,,,4.0,3.0,0.0,1,2.0,2.0,2.0,,673.07,2.0,2.0,2.0,,,9534.2294,2468.9775,1,1,0.0,,0,0,42688,1,,,,2.0,,,2438.2578,9370.0,2010.0,-1,,,,,,,237020.0,2014,654,651,1,0,0,0,1,16.0,6.0,51.0,2014,1.0,1,8,2,201,2011,1,16980,0,2.0,1.0,,7,1,28,2.0,2,43,1,1.0,1,1,1,2,303,303,303,4,0,20,1.0,1.0,,40.0,,40.0,,,,,,2.0,3.0,0.0,1,2.0,2.0,2.0,,692.3,2.0,2.0,2.0,,,11205.8153,2918.4292,1,1,0.0,,0,0,50593,1,,,,,,,2824.7211,8370.0,2010.0,-1,,,,,,,239981.0,2015,666,651,1,0,0,0,1,,6.0,43.0,2015,MIS4_to_MIS8,illinois,1,2014-2015,1,0,0,0,retention
777242301341107,7,1.0,1,4,2,201,2011,1,1,,17,16980,0,2.0,1.0,,7,3,50,1.0,2,39,2,,2,1,2,1,2,57,57,57,1,0,0,2.0,1.0,,40.0,,40.0,,,,,,2.0,2.0,0.0,1,2.0,2.0,2.0,,480.76,1.0,,2.0,,,12223.0542,3268.6711,0,0,0.0,,0,0,17559,2,1.0,,,,,,3174.614,9370.0,3600.0,-1,,,,,,,237028.0,2014,654,651,0,0,0,0,0,12.0,11.0,51.0,2014,1.0,1,8,2,201,2011,1,16980,0,2.0,1.0,,7,3,51,1.0,2,39,2,,1,2,1,2,57,57,57,1,0,0,2.0,1.0,,40.0,,40.0,,,,,,2.0,2.0,0.0,1,2.0,2.0,2.0,,288.0,1.0,,2.0,,,14750.4553,3707.4386,0,0,1.0,,0,0,33300,2,1.0,,,,,,3663.1122,8180.0,3600.0,-1,,,,,,,239989.0,2015,666,651,0,0,0,0,0,12.0,11.0,42.0,2015,MIS4_to_MIS8,illinois,1,2014-2015,1,0,0,0,retention
871016160004904,7,2.0,1,4,2,201,2011,1,1,,17,16980,111,2.0,1.0,,7,1,63,2.0,1,43,1,,1,1,1,1,2,57,57,57,1,0,0,2.0,2.0,4.0,38.0,,,,,,,,5.0,3.0,0.0,1,2.0,2.0,2.0,,576.0,2.0,1.0,,,,9294.012,2356.6317,0,0,1.0,,0,0,67873,1,,,,2.0,,,2342.5314,7860.0,2540.0,-1,,,,,,,237082.0,2014,654,651,0,0,0,0,0,16.0,8.0,40.0,2014,1.0,1,8,2,201,2011,1,16980,111,2.0,1.0,,7,1,64,2.0,1,43,1,,1,1,1,2,57,57,57,1,0,0,1.0,1.0,,35.0,,35.0,,,,,,2.0,3.0,0.0,1,2.0,2.0,2.0,,2307.0,1.0,,,,,9240.9372,2314.4251,0,0,1.0,,0,0,3428,1,,,,,,,2284.4429,7860.0,230.0,-1,,,,,,,240015.0,2015,666,651,0,0,0,0,0,,1.0,40.0,2015,MIS4_to_MIS8,illinois,1,2014-2015,1,0,0,0,retention
871016160004904,7,2.0,1,4,2,201,2011,1,1,,17,16980,111,2.0,1.0,,7,3,61,1.0,2,44,1,,2,1,2,1,2,57,57,57,1,0,0,1.0,2.0,4.0,40.0,,,,,,,,5.0,3.0,0.0,1,2.0,2.0,2.0,,600.0,2.0,2.0,,,,11540.3266,2944.9549,0,0,1.0,,0,0,67873,2,,,,,,1.0,2884.5466,6770.0,2430.0,-1,,,,,,,237083.0,2014,654,651,0,0,0,0,0,17.0,8.0,31.0,2014,1.0,1,8,2,201,2011,1,16980,111,2.0,1.0,,7,3,62,1.0,2,44,1,,1,2,1,2,57,57,57,1,0,0,2.0,1.0,,40.0,,40.0,,,,,,2.0,3.0,0.0,1,2.0,1.0,1.0,1520.0,576.0,2.0,2.0,,,,9774.4985,2548.6063,0,0,1.0,1.0,0,0,3428,2,,,,,,,2513.9117,6770.0,2430.0,-1,,,,,,,240016.0,2015,666,651,0,0,0,0,0,,8.0,31.0,2015,MIS4_to_MIS8,illinois,1,2014-2015,1,0,0,0,retention
910001081406647,7,2.0,1,4,2,201,2011,1,1,,17,16980,111,2.0,1.0,,7,1,44,2.0,2,39,1,,1,1,1,1,2,57,57,57,1,0,0,1.0,1.0,,30.0,,30.0,,,18.0,,,7.0,3.0,0.0,1,2.0,,1.0,1760.0,528.0,2.0,2.0,2.0,,,9783.3585,2464.1681,0,0,0.0,0.0,0,0,17656,1,1.0,,,,,,2428.2596,670.0,1920.0,-1,,,,,,,237095.0,2014,654,651,0,0,0,0,0,12.0,5.0,24.0,2014,2.0,1,8,2,201,2011,1,16980,111,2.0,1.0,,7,1,45,2.0,2,39,1,,1,1,1,2,57,57,57,1,0,0,2.0,1.0,,40.0,,40.0,,,,,,2.0,3.0,0.0,1,2.0,2.0,2.0,,415.0,2.0,2.0,2.0,,,11779.3602,2965.419,0,0,1.0,,0,42,54262,1,1.0,,,,,,2950.9034,7790.0,1965.0,-1,,,,,,,240024.0,2015,666,651,0,0,0,0,0,12.0,5.0,39.0,2015,MIS4_to_MIS8,illinois,1,2014-2015,1,0,0,0,retention
35087361100751,7,1.0,3,4,2,201,2011,1,1,,17,0,0,3.0,2.0,,0,1,45,,1,42,4,,1,1,1,5,2,110,242,57,3,0,5,1.0,1.0,,40.0,,56.0,,,,,,2.0,3.0,0.0,1,2.0,,1.0,2125.0,850.0,1.0,,2.0,,,10615.7993,2719.7711,3,1,0.0,0.0,0,0,5889,1,,,5.0,,,,2663.9536,9470.0,3850.0,-1,2.0,,,,,,237144.0,2014,654,651,0,0,1,0,0,16.0,12.0,51.0,2014,1.0,3,8,2,201,2011,1,0,0,3.0,2.0,,0,1,46,,1,42,4,,1,1,5,2,110,242,57,3,0,5,1.0,1.0,,40.0,,48.0,,,,,,2.0,3.0,0.0,1,2.0,,1.0,2200.0,880.0,1.0,,2.0,,,11531.1477,3001.6895,3,1,0.0,0.0,0,0,33391,1,,,5.0,,,,2914.3125,9470.0,3850.0,-1,2.0,,,,,,240059.0,2015,666,651,0,0,1,0,0,16.0,12.0,51.0,2015,MIS4_to_MIS8,illinois,1,2014-2015,1,0,0,0,retention
581377005110630,7,1.0,1,4,2,201,2011,1,1,,17,0,0,3.0,2.0,,0,1,66,2.0,2,40,1,,1,1,1,1,2,57,57,57,1,0,0,1.0,1.0,,35.0,8.0,28.0,,,8.0,,,4.0,3.0,0.0,1,2.0,,1.0,1836.0,734.4,2.0,2.0,,,,11748.8579,3349.6298,0,0,0.0,0.0,0,0,30357,1,,,3.0,,,,3215.4207,9380.0,20.0,-1,,,,,,,237180.0,2014,654,651,0,0,0,0,0,14.0,1.0,51.0,2014,1.0,1,8,2,201,2011,1,0,0,3.0,2.0,,0,1,67,2.0,2,40,1,,1,1,1,2,57,57,57,1,0,0,1.0,1.0,,35.0,,35.0,,,,,,2.0,3.0,0.0,1,2.0,,1.0,1800.0,720.0,2.0,2.0,,,,12169.5967,3094.3332,0,0,0.0,0.0,0,0,20780,1,,,3.0,,,,3073.7157,9380.0,20.0,-1,,,,,,,240100.0,2015,666,651,0,0,0,0,0,14.0,1.0,51.0,2015,MIS4_to_MIS8,illinois,1,2014-2015,1,0,0,0,retention
111741070067604,7,1.0,1,4,2,201,2011,1,1,,17,14060,113,,1.0,,2,1,45,2.0,2,36,1,,1,1,1,1,2,57,57,57,1,0,0,1.0,1.0,,40.0,,48.0,,,,,,2.0,3.0,0.0,1,2.0,1.0,1.0,1100.0,400.0,2.0,2.0,2.0,,,12557.2159,3168.197,0,0,1.0,1.0,0,0,57562,1,,,,,,,3096.2102,8270.0,3600.0,-1,,,,,,,237307.0,2014,654,651,0,0,0,0,0,10.0,11.0,42.0,2014,2.0,1,8,2,201,2011,1,14060,113,,1.0,,2,1,46,2.0,2,36,1,,1,1,1,2,57,57,57,1,0,0,2.0,1.0,,40.0,,40.0,,,,,,2.0,4.0,0.0,1,2.0,,1.0,1000.0,400.0,2.0,2.0,2.0,,,11968.856,3013.124,0,0,1.0,1.0,0,42,6689,1,,,,,,,2998.3749,8270.0,4610.0,-1,,,,,,,240200.0,2015,666,651,0,0,0,0,0,10.0,15.0,42.0,2015,MIS4_to_MIS8,illinois,1,2014-2015,0,1,0,1,retention
111741070067604,7,1.0,1,4,2,201,2011,1,1,,17,14060,113,,1.0,,2,3,51,1.0,1,36,1,,2,1,2,1,2,57,57,57,1,0,0,2.0,1.0,,40.0,,50.0,,,,,,2.0,3.0,0.0,1,2.0,1.0,1.0,1415.0,500.0,2.0,2.0,2.0,,,10683.4459,2716.6279,0,0,0.0,1.0,0,0,57562,2,,,,,,,2680.929,8270.0,4220.0,-1,,,,,,,237308.0,2014,654,651,0,0,0,0,0,10.0,14.0,42.0,2014,2.0,1,8,2,201,2011,1,14060,113,,1.0,,2,3,52,1.0,1,36,1,,1,2,1,2,57,57,57,1,0,0,1.0,1.0,,40.0,,40.0,,,,,,2.0,4.0,0.0,1,1.0,,1.0,1175.0,510.0,1.0,,2.0,,,10754.9075,2773.9647,0,0,1.0,1.0,0,42,6689,2,,,,,,,2718.1303,8270.0,4610.0,-1,,,,,,,240201.0,2015,666,651,0,0,0,0,0,10.0,15.0,42.0,2015,MIS4_to_MIS8,illinois,1,2014-2015,0,1,0,1,retention
157701070038500,7,1.0,6,4,2,201,2011,1,1,,17,19340,0,,1.0,,3,2,69,,1,39,1,,1,0,0,4,2,57,57,57,1,0,0,1.0,1.0,,40.0,,40.0,,,,,,2.0,3.0,0.0,1,2.0,1.0,1.0,2635.0,1057.69,1.0,,,,,8953.0093,2537.859,0,0,0.0,0.0,0,0,40501,1,1.0,,,,,,2474.1946,770.0,6730.0,-1,,,,,,,237313.0,2014,654,651,0,0,0,0,0,12.0,19.0,4.0,2014,1.0,6,8,2,201,2011,1,19340,0,,1.0,,3,2,70,,1,39,1,,0,0,4,2,57,57,57,1,0,0,1.0,1.0,,40.0,,40.0,,,,,,2.0,3.0,0.0,1,2.0,,1.0,2285.0,914.0,1.0,,,,,9467.3388,2538.7092,0,0,1.0,1.0,0,42,43449,1,1.0,,,,,,2479.2072,6170.0,9130.0,-1,,,,,,,240214.0,2015,666,651,0,0,0,0,0,12.0,22.0,23.0,2015,MIS4_to_MIS8,illinois,1,2014-2015,1,0,0,0,retention
971267190002409,7,1.0,7,4,2,201,2011,1,1,,17,44100,0,,1.0,,2,2,45,,2,40,1,,1,0,0,7,2,57,57,57,1,0,0,1.0,1.0,,38.0,,38.0,,,,,,2.0,2.0,0.0,1,2.0,2.0,2.0,,846.15,1.0,,2.0,,,10205.1414,2574.7665,0,0,0.0,,0,0,3641,1,,,1.0,,,,2516.2634,9480.0,5920.0,-1,,,,,,,237414.0,2014,654,651,0,0,0,0,0,12.0,17.0,51.0,2014,1.0,7,8,2,201,2011,1,44100,0,,1.0,,2,2,46,,2,40,1,,0,0,7,2,57,57,57,1,0,0,1.0,1.0,,38.0,,38.0,,,,,,2.0,2.0,0.0,1,2.0,2.0,2.0,,769.23,1.0,,2.0,,,12771.4864,3215.1838,0,0,0.0,,0,0,3448,1,,,1.0,,,,3199.4457,9480.0,5810.0,-1,,,,,,,240295.0,2015,666,651,0,0,0,0,0,12.0,17.0,51.0,2015,MIS4_to_MIS8,illinois,1,2014-2015,1,0,0,0,retention
10810184815610,7,1.0,1,4,2,201,2011,1,1,,18,26900,0,1.0,1.0,,5,1,59,2.0,2,39,1,,1,1,1,1,2,57,57,57,1,0,0,1.0,3.0,,,,,4.0,,,4.0,1.0,11.0,3.0,0.0,2,,,,,,,,,,,10002.8685,2327.6133,0,0,,,0,0,30594,1,1.0,,,,,,2176.0168,7860.0,5420.0,-1,,,,,,,237442.0,2014,654,651,0,0,0,0,0,12.0,17.0,40.0,2014,1.0,1,8,2,201,2011,1,26900,0,1.0,1.0,,5,1,60,2.0,2,39,1,,1,1,1,2,57,57,57,1,0,0,1.0,1.0,,40.0,,40.0,,,,,,2.0,5.0,0.0,1,2.0,2.0,2.0,,553.0,2.0,2.0,,,,8967.2309,2383.616,0,0,1.0,,0,42,33621,1,1.0,,,,,,2306.2899,7860.0,5420.0,-1,,,,,,,240305.0,2015,666,651,0,0,0,0,0,12.0,17.0,40.0,2015,MIS4_to_MIS8,indiana,0,2014-2015,0,1,0,1,retention
10810184815610,7,1.0,1,4,2,201,2011,1,1,,18,26900,0,1.0,1.0,,5,3,61,1.0,1,39,1,,2,1,2,1,2,57,57,57,1,0,0,2.0,1.0,,40.0,,40.0,,,,,,2.0,3.0,0.0,1,2.0,,1.0,1800.0,720.0,2.0,2.0,,,,10383.4912,2579.6059,0,0,0.0,0.0,0,0,30594,2,1.0,,,,,,2617.1318,7860.0,4220.0,-1,,,,,,,237443.0,2014,654,651,0,0,0,0,0,12.0,14.0,40.0,2014,1.0,1,8,2,201,2011,1,26900,0,1.0,1.0,,5,3,62,1.0,1,39,1,,1,2,1,2,57,57,57,1,0,0,2.0,1.0,,40.0,,40.0,,,,,,2.0,5.0,0.0,1,2.0,2.0,2.0,,230.0,2.0,2.0,,,,10966.4935,2800.0422,0,0,1.0,,0,42,33621,2,1.0,,,,,,2711.016,7860.0,4200.0,-1,,,,,,,240306.0,2015,666,651,0,0,0,0,0,12.0,14.0,40.0,2015,MIS4_to_MIS8,indiana,0,2014-2015,0,1,0,1,retention
6038343100831,7,2.0,1,4,2,201,2011,1,1,,18,16980,0,2.0,1.0,,7,1,38,2.0,1,43,1,,1,1,1,1,2,57,57,57,1,0,0,2.0,2.0,4.0,40.0,,,,,,,,5.0,3.0,0.0,1,2.0,2.0,2.0,,2000.0,1.0,,2.0,,,10003.7669,2409.6099,1,1,1.0,,0,0,17908,1,,,,2.0,,,2455.9819,7860.0,2320.0,-1,,,,,,,237580.0,2014,654,651,1,0,0,0,1,16.0,8.0,40.0,2014,2.0,1,8,2,201,2011,1,16980,0,2.0,1.0,,7,1,39,2.0,1,43,1,,1,1,1,2,57,57,57,1,0,0,2.0,2.0,4.0,40.0,,,,,,,,5.0,3.0,0.0,1,2.0,2.0,2.0,,1150.0,1.0,,2.0,,,11457.8824,2913.2022,2,1,1.0,,0,42,58412,1,,,,,,,2811.7151,7860.0,2320.0,-1,,,,,,,240409.0,2015,666,651,0,1,0,0,1,,8.0,40.0,2015,MIS4_to_MIS8,indiana,0,2014-2015,1,0,0,0,retention
6038343100831,7,2.0,1,4,2,201,2011,1,1,,18,16980,0,2.0,1.0,,7,3,38,1.0,2,43,1,,2,1,2,1,2,57,57,57,1,0,0,1.0,2.0,4.0,40.0,,,,,,,,5.0,3.0,0.0,1,2.0,2.0,2.0,,2307.0,2.0,2.0,2.0,,,10399.8051,2530.8408,1,1,1.0,,0,0,17908,2,,,,1.0,2.0,,2581.2636,7860.0,2320.0,-1,,,,,,,237581.0,2014,654,651,1,0,0,0,1,17.0,8.0,40.0,2014,2.0,1,8,2,201,2011,1,16980,0,2.0,1.0,,7,3,39,1.0,2,43,1,,1,2,1,2,57,57,57,1,0,0,1.0,2.0,4.0,40.0,,,,,,,,5.0,3.0,0.0,1,2.0,2.0,2.0,,961.0,2.0,2.0,2.0,,,11937.0302,3082.2148,2,1,1.0,,0,42,58412,2,,,,,,,3028.2919,7860.0,2320.0,-1,,,,,,,240410.0,2015,666,651,0,1,0,0,1,,8.0,40.0,2015,MIS4_to_MIS8,indiana,0,2014-2015,1,0,0,0,retention
830370106881001,7,2.0,1,4,2,201,2011,1,1,,18,31140,0,2.0,1.0,,5,3,48,1.0,2,43,1,1.0,2,1,2,1,2,303,303,303,5,0,19,1.0,2.0,4.0,30.0,,,,,,,,10.0,3.0,0.0,1,2.0,,1.0,1050.0,315.0,2.0,2.0,1.0,2.0,2.0,9862.8165,2440.6652,0,0,0.0,0.0,0,0,71844,2,,,,1.0,2.0,,2431.8569,7860.0,2310.0,-1,,,,,,,237759.0,2014,654,651,0,0,0,0,0,17.0,8.0,40.0,2014,2.0,1,8,2,201,2011,1,31140,0,2.0,1.0,,5,3,49,1.0,2,43,1,1.0,1,2,1,2,303,303,303,5,0,19,1.0,2.0,4.0,25.0,,,,,,,,10.0,3.0,0.0,1,2.0,,1.0,1000.0,250.0,2.0,2.0,2.0,,,11488.7612,2880.0317,0,0,0.0,0.0,0,0,50673,2,,,,,,,2878.1041,7860.0,2310.0,-1,,,,,,,240556.0,2015,666,651,0,0,0,0,0,,8.0,40.0,2015,MIS4_to_MIS8,indiana,0,2014-2015,1,0,0,0,retention
10006573402556,7,1.0,6,4,2,201,2011,1,1,,36,10580,0,1.0,1.0,,4,2,48,,1,39,1,,1,0,0,7,2,57,57,57,1,0,0,1.0,1.0,,38.0,,38.0,,,,,,2.0,2.0,0.0,1,2.0,2.0,2.0,,575.0,1.0,,2.0,,,15236.0843,3862.2522,0,0,0.0,,0,0,63568,1,1.0,,,,,,3823.3788,6990.0,5810.0,-1,,,,,,,248545.0,2014,654,651,0,0,0,0,0,12.0,17.0,33.0,2014,1.0,6,8,2,201,2011,1,10580,0,1.0,1.0,,4,2,49,,1,39,1,,0,0,7,2,57,57,57,1,0,0,1.0,1.0,,38.0,,36.0,,,,,,2.0,2.0,0.0,1,2.0,1.0,1.0,1025.0,615.38,1.0,,2.0,,,14646.4519,3680.4111,0,0,0.0,1.0,0,0,61109,1,1.0,,,,,,3701.6556,9480.0,5810.0,-1,,,,,,,250749.0,2015,666,651,0,0,0,0,0,12.0,17.0,51.0,2015,MIS4_to_MIS8,new_york,0,2014-2015,1,0,0,0,retention
30610298315960,7,1.0,7,4,2,201,2011,1,1,,36,35620,5,1.0,1.0,,7,2,61,,2,39,2,,1,0,0,7,2,57,57,57,1,0,0,1.0,1.0,,40.0,,50.0,,,,,,2.0,3.0,0.0,1,2.0,,1.0,2400.0,960.0,1.0,,,,,10568.3192,3045.7707,0,0,1.0,1.0,43,42,74203,1,1.0,,,,,,2999.4654,8680.0,4050.0,430,,,,,,,248580.0,2014,654,651,0,0,0,0,0,12.0,13.0,46.0,2014,1.0,7,8,2,201,2011,1,35620,5,1.0,1.0,,7,2,62,,2,39,2,,0,0,7,2,57,57,57,1,0,0,1.0,5.0,,,,,,,,,,1.0,,,2,,,,,,,,,,,13887.115,3451.618,0,0,,,0,0,47671,1,1.0,,,,,,3381.7449,,,-1,,,,,,,250769.0,2015,666,651,0,0,0,0,0,12.0,,,2015,MIS4_to_MIS8,new_york,0,2014-2015,0,1,0,0,retention
30610589045075,7,1.0,1,4,2,201,2011,1,1,,36,35620,47,1.0,1.0,,7,3,60,1.0,2,40,2,,2,1,2,1,2,57,57,57,1,0,0,2.0,1.0,,20.0,,20.0,,,14.0,,,6.0,3.0,0.0,1,2.0,2.0,2.0,,72.0,1.0,,,,,10568.3192,3045.7707,0,0,1.0,,0,42,58734,2,,,3.0,,,,2999.4654,7860.0,4600.0,-1,,,,,,,248598.0,2014,654,651,0,0,0,0,0,14.0,15.0,40.0,2014,1.0,1,8,2,201,2011,1,35620,47,1.0,1.0,,7,3,61,1.0,2,40,2,,1,2,1,2,57,57,57,1,0,0,2.0,1.0,,20.0,,20.0,,,14.0,,,6.0,3.0,0.0,1,2.0,,1.0,940.0,188.0,1.0,,,,,12587.7309,3451.618,0,0,1.0,1.0,22,42,27802,2,,,3.0,,,,3497.0184,7860.0,4020.0,-1,,,,,,,250786.0,2015,666,651,0,0,0,0,0,14.0,13.0,40.0,2015,MIS4_to_MIS8,new_york,0,2014-2015,1,0,0,0,retention
126806001580302,7,5.0,4,4,2,201,2011,1,1,,36,35620,47,1.0,1.0,,7,1,46,,2,40,2,,1,1,1,7,2,57,57,316,1,0,0,2.0,1.0,,40.0,,40.0,,,,,,2.0,2.0,0.0,1,2.0,,1.0,1475.0,590.0,2.0,2.0,2.0,,,14119.4821,3723.7739,3,2,1.0,1.0,0,42,58735,1,,,3.0,,,,3667.1608,9470.0,3800.0,-1,,,,,,,248694.0,2014,654,651,0,0,1,0,0,14.0,12.0,51.0,2014,1.0,4,8,2,201,2011,1,35620,47,1.0,1.0,,7,1,47,,2,40,2,,1,1,7,2,57,57,316,1,0,0,1.0,1.0,,40.0,,40.0,,,,,,2.0,4.0,0.0,1,2.0,,1.0,1500.0,600.0,2.0,2.0,2.0,,,14866.7024,3644.0493,10,2,1.0,1.0,0,42,63718,1,,,3.0,,,,3691.9809,7580.0,5860.0,-1,,,,,,,250910.0,2015,666,651,0,0,1,1,0,14.0,17.0,38.0,2015,MIS4_to_MIS8,new_york,0,2014-2015,0,1,0,1,retention
147533060080201,7,1.0,4,4,2,201,2011,1,1,,36,10580,0,1.0,1.0,,4,1,40,,2,43,2,,1,1,1,7,2,57,57,57,1,0,0,1.0,1.0,,38.0,,38.0,,,,,,2.0,2.0,0.0,1,2.0,2.0,2.0,,2884.61,1.0,,2.0,,,16316.3334,4043.8195,3,1,1.0,,0,42,47942,1,,,,2.0,,,4128.1902,9380.0,800.0,-1,,,,,,,248748.0,2014,654,651,0,0,1,0,0,16.0,2.0,51.0,2014,1.0,4,8,2,201,2011,1,10580,0,1.0,1.0,,4,1,42,,2,43,2,,1,1,7,2,57,57,57,1,0,0,1.0,1.0,,38.0,,38.0,,,,,,2.0,2.0,0.0,1,2.0,2.0,2.0,,1346.15,1.0,,2.0,,,15328.5279,3898.6177,4,1,0.0,,0,0,27679,1,,,,,,,3771.3399,9380.0,800.0,-1,,,,,,,250924.0,2015,666,651,0,0,0,1,0,,2.0,51.0,2015,MIS4_to_MIS8,new_york,0,2014-2015,1,0,0,0,retention
150083060089946,7,1.0,4,4,2,201,2011,1,1,,36,35620,81,1.0,1.0,,7,1,56,,2,40,2,,1,1,1,5,2,332,327,332,4,0,8,1.0,1.0,,40.0,,40.0,,,,,,2.0,2.0,0.0,1,2.0,2.0,2.0,,461.0,2.0,2.0,,,,12120.2036,3045.7707,4,4,1.0,,0,42,37531,1,,,2.0,,,,2999.4654,6990.0,860.0,-1,,,,,,,248752.0,2014,654,651,0,0,0,1,0,13.0,2.0,33.0,2014,2.0,4,8,2,201,2011,1,35620,81,1.0,1.0,,7,1,57,,2,39,2,,1,1,5,2,332,327,332,4,0,8,2.0,1.0,,40.0,,40.0,,,,,,2.0,4.0,0.0,1,2.0,,1.0,1415.0,566.0,2.0,2.0,,,,12627.02,3451.618,4,2,1.0,1.0,0,42,55356,1,1.0,,,,,,3497.0184,6990.0,5840.0,-1,,,,,,,250927.0,2015,666,651,0,0,0,1,0,12.0,17.0,33.0,2015,MIS4_to_MIS8,new_york,0,2014-2015,0,1,0,1,retention
410008043819616,7,5.0,4,4,2,201,2012,2,2,,36,35620,5,1.0,1.0,,7,8,33,,2,41,2,6.0,2,1,4,7,2,314,314,314,5,0,19,,1.0,,35.0,,50.0,,,,,,2.0,2.0,0.0,1,2.0,,1.0,850.0,297.5,1.0,,1.0,2.0,2.0,21241.2524,5405.2392,0,0,1.0,1.0,41,41,24617,2,,,5.0,,,,5224.3259,8190.0,3255.0,-1,,,,,,,248943.0,2014,654,651,0,0,0,0,0,16.0,10.0,41.0,2014,5.0,6,8,2,201,2012,2,35620,5,1.0,1.0,,7,15,35,,2,42,2,6.0,2,1,7,2,314,314,314,5,0,19,2.0,1.0,,40.0,,40.0,,,,,,2.0,4.0,0.0,1,2.0,,1.0,1100.0,440.0,2.0,2.0,2.0,,,33692.8214,7894.6283,3,1,0.0,0.0,0,0,47665,2,,,2.0,,,,8289.5814,8170.0,3600.0,-1,,,,,,,251150.0,2015,666,651,0,0,1,0,0,13.0,11.0,42.0,2015,MIS4_to_MIS8,new_york,0,2014-2015,0,1,0,1,retention
510009943409856,7,2.0,1,4,2,201,2011,1,1,,36,35620,85,1.0,1.0,,7,1,43,2.0,1,40,1,4.0,1,1,1,1,2,57,329,329,1,0,0,2.0,1.0,,40.0,,40.0,,,,,,2.0,3.0,0.0,1,1.0,,1.0,540.0,896.0,1.0,,2.0,,,13100.3464,3246.9804,2,1,1.0,1.0,0,42,37545,1,,,2.0,,,,3216.2099,9470.0,3850.0,-1,,,,,,,249000.0,2014,654,651,0,1,0,0,1,13.0,12.0,51.0,2014,2.0,1,8,2,201,2011,1,35620,85,1.0,1.0,,7,1,45,2.0,1,40,1,4.0,1,1,1,2,57,329,329,1,0,0,2.0,1.0,,40.0,,40.0,,,,,,2.0,3.0,0.0,1,2.0,2.0,2.0,,2211.53,1.0,,2.0,,,14149.7559,3512.2993,2,1,0.0,,0,0,12946,1,,,2.0,,,,3576.1237,9470.0,3850.0,-1,,,,,,,251195.0,2015,666,651,0,1,0,0,1,13.0,12.0,51.0,2015,MIS4_to_MIS8,new_york,0,2014-2015,1,0,0,0,retention
511262007830943,7,1.0,4,4,2,201,2011,1,1,,36,35620,81,1.0,1.0,,7,4,61,,1,40,1,,2,1,3,7,2,57,57,57,1,0,0,2.0,1.0,,40.0,,40.0,,,,,,2.0,3.0,0.0,1,2.0,1.0,1.0,975.0,1192.0,1.0,,,,,13386.3035,3347.5124,0,0,1.0,1.0,0,0,37521,2,,,3.0,,,,3373.9827,6180.0,8965.0,-1,,,,,1.0,,249004.0,2014,654,651,0,0,0,0,0,14.0,21.0,23.0,2014,1.0,4,8,2,201,2011,1,35620,81,1.0,1.0,,7,4,63,,1,40,1,,1,3,7,2,57,57,57,1,0,0,2.0,1.0,,40.0,,40.0,,,,,,2.0,3.0,0.0,1,2.0,1.0,1.0,4250.0,1200.0,1.0,,,,,13432.313,3280.7942,0,0,1.0,1.0,0,0,39401,2,,,2.0,,,,3320.5888,6180.0,6740.0,-1,,,,,1.0,,251202.0,2015,666,651,0,0,0,0,0,13.0,19.0,23.0,2015,MIS4_to_MIS8,new_york,0,2014-2015,1,0,0,0,retention
604300411610898,7,1.0,6,4,2,201,2011,1,1,,36,35620,5,1.0,1.0,,7,2,52,,1,39,1,2.0,1,0,0,6,2,57,73,73,1,0,0,1.0,1.0,,35.0,,35.0,,,,,,2.0,3.0,0.0,1,2.0,1.0,1.0,2100.0,650.0,1.0,,2.0,,,14209.8761,3551.8312,0,0,0.0,0.0,0,0,63456,1,1.0,,,,,,3565.8597,9480.0,5860.0,-1,,,,,,,249022.0,2014,654,651,0,0,0,0,0,12.0,17.0,51.0,2014,1.0,6,8,2,201,2011,1,35620,5,1.0,1.0,,7,2,53,,1,39,1,2.0,0,0,5,2,57,73,73,1,0,0,1.0,1.0,,37.0,,37.0,,,,,,2.0,3.0,0.0,1,1.0,2.0,2.0,,650.0,1.0,,2.0,,,16109.9774,4051.6292,0,0,0.0,,0,0,47666,1,1.0,,,,,,4071.5382,8190.0,5860.0,-1,,,,,,,251219.0,2015,666,651,0,0,0,0,0,12.0,17.0,41.0,2015,MIS4_to_MIS8,new_york,0,2014-2015,1,0,0,0,retention
763562150004005,7,2.0,1,4,2,201,2011,1,1,,36,10580,0,1.0,1.0,,4,1,41,2.0,1,43,1,,1,1,1,1,2,57,57,57,1,0,0,2.0,1.0,,40.0,,40.0,,,,,,2.0,3.0,0.0,1,2.0,1.0,1.0,3250.0,700.0,1.0,,2.0,,,14983.1793,3712.9167,1,1,1.0,1.0,0,0,48171,1,,,,2.0,,,3678.4561,6180.0,9120.0,-1,,,,,,,249143.0,2014,654,651,1,0,0,0,1,16.0,22.0,23.0,2014,1.0,6,8,2,201,2011,1,10580,0,1.0,1.0,,4,2,41,,1,43,1,,0,0,3,2,57,57,57,1,0,0,1.0,1.0,,65.0,,65.0,,,,,,2.0,3.0,0.0,1,2.0,,1.0,2500.0,1625.0,1.0,,2.0,,,13534.9231,3323.9894,0,0,1.0,1.0,0,42,63810,1,,,,,,,3321.4119,6180.0,9120.0,-1,,,,,,,251315.0,2015,666,651,0,0,0,0,0,,22.0,23.0,2015,MIS4_to_MIS8,new_york,0,2014-2015,1,0,0,0,retention
763914170208404,7,2.0,1,4,2,201,2011,1,1,,36,35620,81,1.0,1.0,,7,3,54,1.0,2,43,1,,2,1,2,1,2,57,57,57,1,0,0,1.0,1.0,,40.0,,40.0,,,,,,2.0,3.0,0.0,1,2.0,2.0,2.0,,1538.46,1.0,,2.0,,,14768.0127,3639.9644,0,0,0.0,,0,0,37517,2,,,,2.0,,,3641.3223,7860.0,2550.0,-1,,,,,,,249148.0,2014,654,651,0,0,0,0,0,16.0,8.0,40.0,2014,1.0,1,8,2,201,2011,1,35620,81,1.0,1.0,,7,3,54,1.0,2,43,1,,1,2,1,2,57,57,57,1,0,0,2.0,1.0,,40.0,,40.0,,,,,,2.0,3.0,0.0,1,2.0,2.0,2.0,,1153.0,1.0,,2.0,,,14701.0068,3684.6109,0,0,1.0,,0,42,1857,2,,,,,,,3682.819,7860.0,2550.0,-1,,,,,,,251318.0,2015,666,651,0,0,0,0,0,,8.0,40.0,2015,MIS4_to_MIS8,new_york,0,2014-2015,1,0,0,0,retention
804305261610023,7,1.0,4,4,2,201,2011,1,1,,36,35620,5,1.0,1.0,,7,14,41,,1,43,3,6.0,2,0,0,5,2,314,314,314,4,41,11,2.0,1.0,,35.0,,35.0,,,,,,2.0,3.0,0.0,1,2.0,2.0,2.0,,796.0,2.0,2.0,1.0,2.0,2.0,22358.1637,5491.9676,3,2,1.0,,43,0,69756,2,,,,1.0,2.0,,5489.0569,770.0,6260.0,-1,,,,,,,249166.0,2014,654,651,0,0,1,0,0,17.0,19.0,4.0,2014,5.0,4,8,2,201,2011,1,35620,5,1.0,1.0,,7,14,41,,1,35,3,6.0,0,0,7,2,314,314,314,4,41,11,2.0,1.0,,40.0,,40.0,,,,,,2.0,4.0,0.0,1,2.0,,1.0,1100.0,440.0,2.0,2.0,2.0,,,23171.5382,5549.3262,10,2,1.0,1.0,0,42,59054,2,,,,,,,5686.1959,770.0,6600.0,-1,,,,,,,251329.0,2015,666,651,0,0,1,1,0,9.0,19.0,4.0,2015,MIS4_to_MIS8,new_york,0,2014-2015,0,1,0,1,retention
30610079935745,7,1.0,1,4,2,201,2011,1,1,,36,10580,0,2.0,1.0,,4,1,55,2.0,1,43,1,,1,1,1,1,2,57,120,120,1,0,0,1.0,1.0,,38.0,,38.0,,,,,,2.0,2.0,0.0,1,2.0,,1.0,1080.0,410.4,1.0,,,,,14341.6816,3667.6944,0,0,1.0,1.0,0,42,37288,1,,,,2.0,,,3598.947,9590.0,3730.0,-1,,,,,,,249305.0,2014,654,651,0,0,0,0,0,16.0,12.0,51.0,2014,1.0,1,8,2,201,2011,1,10580,0,2.0,1.0,,4,1,56,2.0,1,43,1,,1,1,1,2,57,120,120,1,0,0,1.0,2.0,4.0,40.0,,,,,,,,5.0,2.0,0.0,1,2.0,,1.0,2600.0,1040.0,1.0,,,,,13262.0363,3283.4834,0,0,1.0,1.0,0,42,12494,1,,,,,,,3325.1954,9470.0,3720.0,-1,,,,,,,251421.0,2015,666,651,0,0,0,0,0,,12.0,51.0,2015,MIS4_to_MIS8,new_york,0,2014-2015,1,0,0,0,retention
30610079935745,7,1.0,1,4,2,201,2011,1,1,,36,10580,0,2.0,1.0,,4,3,49,1.0,2,39,1,,2,1,2,1,2,57,57,57,1,0,0,2.0,1.0,,40.0,,40.0,,,,,,2.0,3.0,0.0,1,2.0,2.0,2.0,,1634.0,1.0,,2.0,,,14249.4386,3564.9936,0,0,1.0,,0,42,37288,2,1.0,,,,,,3513.4584,9380.0,120.0,-1,,,,,,,249306.0,2014,654,651,0,0,0,0,0,12.0,1.0,51.0,2014,1.0,1,8,2,201,2011,1,10580,0,2.0,1.0,,4,3,50,1.0,2,39,1,,1,2,1,2,57,57,57,1,0,0,2.0,2.0,4.0,40.0,,,,,,,,5.0,3.0,0.0,1,2.0,2.0,2.0,,692.0,1.0,,2.0,,,12637.4102,3205.9992,0,0,1.0,,0,42,12494,2,1.0,,,,,,3165.8576,9380.0,120.0,-1,,,,,,,251422.0,2015,666,651,0,0,0,0,0,12.0,1.0,51.0,2015,MIS4_to_MIS8,new_york,0,2014-2015,1,0,0,0,retention
63771180200102,7,1.0,1,4,2,201,2011,1,1,,36,35620,103,2.0,1.0,,7,1,25,2.0,2,40,1,,1,1,1,1,2,57,57,57,1,0,0,1.0,1.0,,40.0,,40.0,,,,,,2.0,3.0,0.0,1,2.0,1.0,1.0,950.0,687.0,1.0,,2.0,,,15653.806,4003.9837,0,0,1.0,1.0,0,0,25034,1,,,2.0,,,,4003.2617,8370.0,5820.0,-1,,,,,,,249350.0,2014,654,651,0,0,0,0,0,13.0,17.0,43.0,2014,1.0,1,8,2,201,2011,1,35620,103,2.0,1.0,,7,1,27,2.0,2,40,1,,1,1,1,2,57,57,57,1,0,0,1.0,1.0,,40.0,,40.0,,,,,,2.0,3.0,0.0,1,2.0,2.0,2.0,,440.0,1.0,,2.0,,,16737.3173,4202.545,0,0,1.0,,0,42,1932,1,,,3.0,,,,4219.0819,9370.0,5700.0,-1,,,,,,,251490.0,2015,666,651,0,0,0,0,0,14.0,17.0,51.0,2015,MIS4_to_MIS8,new_york,0,2014-2015,1,0,0,0,retention
100243060088900,7,1.0,1,4,2,201,2011,1,1,,36,35620,119,2.0,1.0,,7,1,57,2.0,2,39,1,,1,1,1,1,2,120,120,120,4,0,3,1.0,2.0,4.0,35.0,,,,,,,,5.0,3.0,0.0,1,2.0,,1.0,2500.0,875.0,1.0,,,,,13803.0596,3463.852,0,0,0.0,0.0,0,0,37621,1,1.0,,,,,,3455.9246,7860.0,2540.0,-1,,,,,,,249384.0,2014,654,651,0,0,0,0,0,12.0,8.0,40.0,2014,1.0,1,8,2,201,2011,1,35620,119,2.0,1.0,,7,1,58,2.0,2,39,1,,1,1,1,2,120,120,120,4,0,3,1.0,2.0,4.0,35.0,,,,,,,,5.0,3.0,0.0,1,2.0,,1.0,2220.0,777.0,2.0,1.0,,,,13443.5577,3442.9342,0,0,1.0,1.0,0,42,39479,1,1.0,,,,,,3412.8804,7860.0,2540.0,-1,,,,,,,251522.0,2015,666,651,0,0,0,0,0,12.0,8.0,40.0,2015,MIS4_to_MIS8,new_york,0,2014-2015,1,0,0,0,retention
208304531610603,7,1.0,1,4,2,201,2011,1,1,,36,35620,119,2.0,1.0,,7,3,38,1.0,2,44,2,,2,1,2,1,2,57,57,57,1,0,0,2.0,2.0,11.0,40.0,,,,,,,,5.0,3.0,0.0,1,1.0,2.0,2.0,,2411.76,1.0,,1.0,1.0,2.0,15949.7413,4028.752,2,1,0.0,,0,0,66114,2,,,,,,2.0,4035.4389,7860.0,10.0,-1,,,,,,,249477.0,2014,654,651,0,1,0,0,1,18.0,1.0,40.0,2014,1.0,1,8,2,201,2011,1,35620,119,2.0,1.0,,7,3,39,1.0,2,44,2,,1,2,1,2,57,57,57,1,0,0,2.0,2.0,14.0,40.0,,,,,,,,5.0,3.0,0.0,1,2.0,2.0,2.0,,2307.69,1.0,,1.0,1.0,2.0,19129.2153,4626.6886,3,1,0.0,,0,0,55409,2,,,,,,,4706.4384,7860.0,230.0,-1,,,,,,,251615.0,2015,666,651,0,0,1,0,0,,1.0,40.0,2015,MIS4_to_MIS8,new_york,0,2014-2015,1,0,0,0,retention
307050716027669,7,2.0,1,4,2,201,2011,1,1,,36,15380,0,2.0,1.0,,5,1,54,2.0,2,43,1,,1,1,1,1,2,110,110,110,5,0,8,1.0,4.0,,,,,,,,48.0,5.0,12.0,2.0,0.0,2,,,,,,,,2.0,,,16698.6662,3574.6386,0,0,,,0,0,63477,1,,,,2.0,,,3825.286,7460.0,1965.0,-1,,,,,,,249528.0,2014,654,651,0,0,0,0,0,16.0,5.0,36.0,2014,1.0,1,8,2,201,2011,1,15380,0,2.0,1.0,,5,1,55,2.0,2,43,1,,1,1,1,2,110,110,110,5,0,8,1.0,7.0,,,,,,11.0,,,,1.0,,,2,,,,,,,,,,,13939.4915,3384.2818,0,0,,,0,0,27720,1,,,,,,,3450.5255,,,-1,,,,,,,251680.0,2015,666,651,0,0,0,0,0,,,,2015,MIS4_to_MIS8,new_york,0,2014-2015,0,1,0,0,retention
307050716027669,7,2.0,1,4,2,201,2011,1,1,,36,15380,0,2.0,1.0,,5,3,57,1.0,1,46,1,,2,1,2,1,2,57,57,57,1,0,0,2.0,1.0,,50.0,,50.0,,,,,,2.0,2.0,0.0,1,2.0,2.0,2.0,,1394.0,1.0,,,,,14341.6816,3667.6944,0,0,1.0,,0,0,63477,2,,,,,,,3598.947,7870.0,2200.0,-1,,,,,,,249529.0,2014,654,651,0,0,0,0,0,18.0,8.0,40.0,2014,1.0,1,8,2,201,2011,1,15380,0,2.0,1.0,,5,3,58,1.0,1,46,1,,1,2,1,2,57,57,57,1,0,0,2.0,1.0,,-4.0,,50.0,,,,,,2.0,5.0,0.0,1,2.0,2.0,2.0,,1519.0,1.0,,,,,14227.7447,3522.5785,0,0,1.0,,0,0,27720,2,,,,,,,3567.3278,7870.0,2200.0,-1,,,,,,,251681.0,2015,666,651,0,0,0,0,0,18.0,8.0,40.0,2015,MIS4_to_MIS8,new_york,0,2014-2015,0,1,0,1,retention
308130516072606,7,1.0,3,4,2,201,2011,1,1,,36,35620,103,2.0,1.0,,7,6,57,2.0,2,40,1,,3,2,1,1,2,57,57,57,1,0,0,2.0,1.0,,36.0,,36.0,,,,,,2.0,3.0,0.0,1,2.0,2.0,2.0,,192.0,2.0,2.0,,,,13803.0596,3463.852,0,0,1.0,,0,42,74388,3,,,1.0,,,,3455.9246,6770.0,1050.0,-1,,,,,,,249531.0,2014,654,651,0,0,0,0,0,12.0,3.0,31.0,2014,2.0,3,8,2,201,2011,1,35620,103,2.0,1.0,,7,6,58,2.0,2,42,1,,2,1,1,2,57,57,57,1,0,0,2.0,1.0,,40.0,,40.0,,,,,,2.0,4.0,0.0,1,2.0,2.0,2.0,,281.0,2.0,2.0,,,,13443.5577,3442.9342,0,0,1.0,,0,42,1928,3,,,3.0,,,,3412.8804,6770.0,1050.0,-1,,,,,,,251685.0,2015,666,651,0,0,0,0,0,14.0,3.0,31.0,2015,MIS4_to_MIS8,new_york,0,2014-2015,0,1,0,1,retention
563879140201304,7,1.0,4,4,2,201,2011,1,1,,36,15380,0,2.0,1.0,,5,1,55,,2,40,1,,1,1,1,4,2,57,57,57,1,0,0,1.0,1.0,,20.0,,20.0,,,18.0,,,7.0,3.0,0.0,1,2.0,1.0,1.0,1958.0,770.0,1.0,,,,,13518.9545,3392.5564,0,0,0.0,0.0,0,0,63478,1,,,1.0,,,,3384.7921,7860.0,3500.0,-1,,,,,,,249617.0,2014,654,651,0,0,0,0,0,12.0,10.0,40.0,2014,1.0,4,8,2,201,2011,1,15380,0,2.0,1.0,,5,1,56,,2,40,1,,1,1,4,2,57,57,57,1,0,0,1.0,1.0,,37.0,1.0,24.0,,,1.0,,,3.0,3.0,0.0,1,2.0,1.0,1.0,2220.0,680.0,1.0,,,,,13214.5389,3384.2818,0,0,0.0,0.0,0,0,39221,1,,,3.0,,,,3354.74,7860.0,3255.0,-1,,,,,,,251791.0,2015,666,651,0,0,0,0,0,14.0,10.0,40.0,2015,MIS4_to_MIS8,new_york,0,2014-2015,1,0,0,0,retention
621930968321003,7,1.0,1,4,2,201,2011,1,1,,36,35620,103,2.0,1.0,,7,1,47,2.0,2,44,1,,1,1,1,1,2,57,57,57,1,0,0,1.0,1.0,,40.0,,40.0,,,,,,2.0,2.0,0.0,1,2.0,2.0,2.0,,2884.61,1.0,,2.0,,,14548.895,3639.9131,3,2,1.0,,0,0,48216,1,,,,,,2.0,3587.2949,7860.0,230.0,-1,,,,,,,249637.0,2014,654,651,0,0,1,0,0,18.0,1.0,40.0,2014,1.0,1,8,2,201,2011,1,35620,103,2.0,1.0,,7,1,48,2.0,2,44,1,,1,1,1,2,57,57,57,1,0,0,1.0,1.0,,35.0,,35.0,,,,,,2.0,2.0,0.0,1,2.0,2.0,2.0,,250.0,2.0,2.0,2.0,,,14794.6605,3676.4716,3,2,1.0,,0,0,59187,1,,,,,,,3706.2806,7860.0,230.0,-1,,,,,,,251817.0,2015,666,651,0,0,1,0,0,,1.0,40.0,2015,MIS4_to_MIS8,new_york,0,2014-2015,1,0,0,0,retention
663139190004001,7,1.0,6,4,2,201,2011,1,1,,36,10580,0,2.0,1.0,,4,2,42,,1,39,1,,1,0,0,7,2,57,57,57,1,0,0,1.0,1.0,,40.0,,59.0,,,,,,2.0,3.0,0.0,1,2.0,1.0,1.0,4400.0,1100.0,1.0,,2.0,,,15348.2904,3803.3933,0,0,0.0,1.0,0,0,28171,1,1.0,,,,,,3768.0929,770.0,6200.0,6320,,,,,,,249663.0,2014,654,651,0,0,0,0,0,12.0,19.0,4.0,2014,1.0,6,8,2,201,2011,1,10580,0,2.0,1.0,,4,2,43,,1,39,1,,0,0,7,2,57,57,57,1,0,0,1.0,1.0,,40.0,,89.0,,,,,,2.0,3.0,0.0,1,1.0,2.0,2.0,,1346.15,1.0,,2.0,,,13049.8587,3204.8643,0,0,0.0,,0,0,61114,1,1.0,,,,,,3202.3792,770.0,6200.0,9520,,,,,,,251849.0,2015,666,651,0,0,0,0,0,12.0,19.0,4.0,2015,MIS4_to_MIS8,new_york,0,2014-2015,1,0,0,0,retention
663142160004603,7,1.0,6,4,2,201,2011,1,1,,36,45060,0,2.0,1.0,,4,2,37,,1,43,1,,1,0,0,7,2,57,57,57,1,0,0,1.0,1.0,,40.0,,58.0,,,,,,2.0,3.0,0.0,1,2.0,,1.0,1500.0,600.0,1.0,,2.0,,,14522.563,3540.3577,0,0,1.0,1.0,0,0,24750,1,,,,2.0,,,3565.3722,8370.0,2010.0,4720,,,,,,,249664.0,2014,654,651,0,0,0,0,0,16.0,6.0,43.0,2014,1.0,6,8,2,201,2011,1,45060,0,2.0,1.0,,4,2,38,,1,43,1,,0,0,7,2,57,57,57,1,0,0,1.0,1.0,,40.0,,48.0,,,,,,2.0,3.0,0.0,1,2.0,2.0,2.0,,692.0,1.0,,2.0,,,12888.6464,3172.9684,0,0,1.0,,0,0,59114,1,,,,,,,3162.8184,8370.0,2010.0,4720,,,,,,,251850.0,2015,666,651,0,0,0,0,0,,6.0,43.0,2015,MIS4_to_MIS8,new_york,0,2014-2015,1,0,0,0,retention
707305670610926,7,1.0,1,4,2,201,2011,1,1,,36,15380,0,2.0,1.0,,5,3,62,1.0,2,44,1,,2,1,2,1,2,57,57,57,1,0,0,2.0,1.0,,40.0,,40.0,,,,,,2.0,3.0,0.0,1,2.0,2.0,2.0,,2115.38,1.0,,,,,12975.8144,3283.5025,0,0,0.0,,0,0,37326,2,,,,,,3.0,3243.352,7860.0,120.0,-1,,,,,,,249697.0,2014,654,651,0,0,0,0,0,18.0,1.0,40.0,2014,2.0,1,8,2,201,2011,1,15380,0,2.0,1.0,,5,3,63,1.0,2,44,1,,1,2,1,2,57,57,57,1,0,0,1.0,5.0,,,,,,,,,,1.0,3.0,0.0,2,,,,,,,,,,,15310.2749,3793.6417,0,0,,,0,0,12577,2,,,,,,,3798.5054,7860.0,230.0,-1,,,,,,,251876.0,2015,666,651,0,0,0,0,0,,1.0,40.0,2015,MIS4_to_MIS8,new_york,0,2014-2015,1,0,0,0,retention
114453060085804,7,1.0,1,4,2,201,2011,1,1,,36,0,0,3.0,2.0,,0,3,43,1.0,1,39,1,,2,1,2,1,2,57,57,57,1,0,0,2.0,1.0,,40.0,,40.0,,,,,,2.0,3.0,0.0,1,2.0,2.0,2.0,,769.23,2.0,2.0,2.0,,,13094.5525,3244.9043,8,2,0.0,,0,0,48013,2,1.0,,,,,,3214.7874,7860.0,7210.0,-1,,,,,,,249816.0,2014,654,651,0,1,1,0,1,12.0,20.0,40.0,2014,1.0,1,8,2,201,2011,1,0,0,3.0,2.0,,0,3,44,1.0,1,39,1,,1,2,1,2,57,57,57,1,0,0,2.0,1.0,,40.0,,40.0,,,,,,2.0,3.0,0.0,1,2.0,,1.0,1700.0,680.0,1.0,,2.0,,,12417.3593,3049.5313,3,2,0.0,0.0,0,0,39241,2,1.0,,,,,,3047.1666,7860.0,7210.0,-1,,,,,,,251983.0,2015,666,651,0,0,1,0,0,12.0,20.0,40.0,2015,MIS4_to_MIS8,new_york,0,2014-2015,1,0,0,0,retention
886540101440305,7,1.0,7,4,2,201,2011,1,1,,36,0,0,3.0,2.0,,0,2,53,,2,43,1,,1,0,0,7,2,57,57,57,1,0,0,1.0,1.0,,40.0,,40.0,,,,,,2.0,2.0,0.0,1,2.0,2.0,2.0,,1038.0,2.0,2.0,2.0,,,12306.0474,3049.7399,0,0,1.0,,0,0,48014,1,,,,2.0,,,3034.28,9480.0,5110.0,-1,,,,,,,249927.0,2014,654,651,0,0,0,0,0,16.0,17.0,51.0,2014,1.0,7,8,2,201,2011,1,0,0,3.0,2.0,,0,2,54,,2,43,1,,0,0,7,2,57,57,57,1,0,0,1.0,1.0,,40.0,,40.0,,,,,,2.0,2.0,0.0,1,2.0,2.0,2.0,,769.23,1.0,,2.0,,,12024.9013,3050.6112,0,0,0.0,,0,0,39242,1,,,,,,,3012.4151,9480.0,5120.0,-1,,,,,,,252046.0,2015,666,651,0,0,0,0,0,,17.0,51.0,2015,MIS4_to_MIS8,new_york,0,2014-2015,1,0,0,0,retention
30610031194349,7,2.0,1,4,2,201,2011,1,1,,36,13780,0,,1.0,,3,3,35,1.0,2,43,1,,2,1,2,1,2,57,57,57,1,0,0,3.0,1.0,,40.0,,40.0,,,,,,2.0,3.0,0.0,1,2.0,2.0,2.0,,1200.0,1.0,,2.0,,,2887.0358,711.0702,0,0,1.0,,0,0,74391,2,,,,1.0,2.0,,716.5712,7860.0,2320.0,-1,,,,,,,249981.0,2014,654,651,0,0,0,0,0,17.0,8.0,40.0,2014,2.0,6,8,2,201,2011,1,13780,0,,1.0,,3,14,35,,2,41,1,,0,0,7,2,57,57,57,1,0,0,1.0,1.0,,50.0,,50.0,,,,,,2.0,4.0,0.0,1,2.0,,1.0,3800.0,1900.0,2.0,2.0,2.0,,,14742.9806,3685.9045,0,0,0.0,0.0,0,0,59195,2,,,3.0,,,,3740.1304,8290.0,3620.0,-1,,,,,,,252058.0,2015,666,651,0,0,0,0,0,14.0,11.0,42.0,2015,MIS4_to_MIS8,new_york,0,2014-2015,0,1,0,1,retention
30610037384948,7,2.0,1,4,2,201,2011,1,1,,36,13780,0,,1.0,,3,4,24,,2,43,1,,4,1,3,7,2,57,57,57,1,0,0,2.0,1.0,,20.0,,20.0,,,22.0,,,7.0,2.0,0.0,1,2.0,1.0,1.0,1250.0,138.0,2.0,2.0,1.0,1.0,2.0,13137.832,3237.9496,0,0,1.0,1.0,0,0,63462,4,,,,1.0,1.0,,3223.5807,7870.0,2200.0,-1,,,,,2.0,1.0,249985.0,2014,654,651,0,0,0,0,0,18.0,8.0,40.0,2014,2.0,1,8,2,201,2011,1,13780,0,,1.0,,3,4,25,,2,43,1,,1,3,7,2,57,57,57,1,0,0,2.0,1.0,,20.0,,20.0,,,20.0,,,7.0,2.0,0.0,1,2.0,1.0,1.0,3200.0,850.0,2.0,2.0,1.0,1.0,2.0,15066.5745,3783.041,0,0,1.0,1.0,0,0,27705,4,,,,,,,3797.9271,7870.0,1965.0,-1,,,,,2.0,1.0,252062.0,2015,666,651,0,0,0,0,0,,5.0,40.0,2015,MIS4_to_MIS8,new_york,0,2014-2015,1,0,0,0,retention
310006193401776,7,1.0,1,4,2,201,2011,1,1,,36,39100,27,,1.0,,4,1,65,2.0,1,43,1,,1,1,1,1,2,57,57,57,1,0,0,1.0,1.0,,25.0,,25.0,,,21.0,,,7.0,3.0,0.0,1,2.0,,1.0,2950.0,737.5,2.0,2.0,,,,12481.8476,3508.484,0,0,0.0,0.0,0,0,58671,1,,,,2.0,,,3449.4011,9370.0,800.0,-1,,,,,,,250028.0,2014,654,651,0,0,0,0,0,16.0,2.0,51.0,2014,2.0,1,8,2,201,2011,1,39100,27,,1.0,,4,1,66,2.0,1,43,1,,1,1,1,2,57,57,57,1,0,0,2.0,1.0,,25.0,,17.0,,,21.0,,,7.0,3.0,0.0,1,2.0,,1.0,3000.0,750.0,2.0,2.0,,,,13793.6061,3651.1082,0,0,0.0,0.0,0,0,63672,1,,,,,,,3612.1247,9370.0,800.0,-1,,,,,,,252123.0,2015,666,651,0,0,0,0,0,,2.0,51.0,2015,MIS4_to_MIS8,new_york,0,2014-2015,1,0,0,0,retention
463839130004807,7,2.0,3,4,2,201,2011,1,1,,36,13780,0,,1.0,,3,1,58,,1,39,1,,1,1,1,7,2,57,57,57,1,0,0,2.0,1.0,,40.0,,43.0,,,,,,2.0,3.0,0.0,1,2.0,1.0,1.0,1650.0,615.38,1.0,,,,,10364.4774,2650.5773,4,2,0.0,1.0,0,0,47964,1,2.0,6.0,,,,,2600.8948,7860.0,4220.0,-1,,,,,,,250032.0,2014,654,651,0,0,0,1,0,10.0,14.0,40.0,2014,2.0,3,8,2,201,2011,1,13780,0,,1.0,,3,1,59,,1,35,1,,1,1,7,2,57,57,57,1,0,0,2.0,1.0,,40.0,,40.0,,,,,,2.0,3.0,0.0,1,2.0,,1.0,1300.0,520.0,1.0,,,,,13029.4757,3225.9048,4,1,0.0,0.0,0,0,4057,1,,,,,,,3266.8854,7860.0,4220.0,-1,,,,,,,252129.0,2015,666,651,0,0,0,1,0,9.0,14.0,40.0,2015,MIS4_to_MIS8,new_york,0,2014-2015,1,0,0,0,retention
463839130004807,7,2.0,3,4,2,201,2011,1,1,,36,13780,0,,1.0,,3,14,47,,2,43,1,,2,0,0,7,2,57,57,57,1,0,0,1.0,4.0,,,,,,,,14.0,3.0,11.0,3.0,0.0,2,,,,,,,,2.0,,,11807.4372,2576.3572,4,2,,,0,0,47964,2,,,,1.0,1.0,,2704.8163,7860.0,2320.0,-1,,,,,,,250036.0,2014,654,651,0,0,0,1,0,18.0,8.0,40.0,2014,2.0,3,8,2,201,2011,1,13780,0,,1.0,,3,14,48,,2,43,1,,0,0,7,2,57,57,57,1,0,0,1.0,4.0,,,,,,,,4.0,3.0,11.0,3.0,0.0,2,,,,,,,,2.0,,,13922.1374,3309.481,4,1,,,0,0,4057,2,,,,,,,3140.1563,7860.0,2310.0,-1,,,,,,,252134.0,2015,666,651,0,0,0,1,0,,8.0,40.0,2015,MIS4_to_MIS8,new_york,0,2014-2015,1,0,0,0,retention
963161170004307,7,2.0,1,4,2,201,2011,1,1,,36,39100,27,,1.0,,4,3,37,1.0,1,44,1,,2,1,2,1,2,57,57,57,1,0,0,1.0,2.0,4.0,-4.0,,,,,,,,5.0,3.0,0.0,1,2.0,2.0,2.0,,2884.61,1.0,,2.0,,,14827.7593,3614.7594,1,1,0.0,,0,0,67061,2,,,,,,2.0,3640.2996,7860.0,2320.0,-1,,,,,,,250092.0,2014,654,651,1,0,0,0,1,18.0,8.0,40.0,2014,1.0,1,8,2,201,2011,1,39100,27,,1.0,,4,3,37,1.0,1,44,1,,1,2,1,2,57,57,57,1,0,0,2.0,7.0,,,,,,11.0,,,,1.0,3.0,0.0,2,,,,,,,,2.0,,,14848.5323,3463.0104,2,1,,,0,0,59076,2,,,,,,,3714.5661,7860.0,2320.0,-1,,,,,,,252175.0,2015,666,651,0,1,0,0,1,,8.0,40.0,2015,MIS4_to_MIS8,new_york,0,2014-2015,1,0,0,0,retention
116524020038408,7,1.0,6,4,2,201,2011,1,1,,42,38300,0,2.0,1.0,,5,2,46,,1,39,1,,1,0,0,7,2,57,57,57,1,0,0,1.0,1.0,,40.0,4.0,28.0,,,4.0,,,4.0,3.0,0.0,1,2.0,,1.0,1150.0,460.0,2.0,2.0,2.0,,,14259.218,3579.4718,0,0,0.0,0.0,0,0,66277,1,1.0,,,,,,3578.2417,680.0,9620.0,-1,,,,,,,253662.0,2014,654,651,0,0,0,0,0,12.0,22.0,24.0,2014,1.0,6,8,2,201,2011,1,38300,0,2.0,1.0,,5,2,46,,1,39,1,,0,0,7,2,57,57,57,1,0,0,1.0,1.0,,40.0,,40.0,,,,,,2.0,3.0,0.0,1,2.0,,1.0,1200.0,480.0,2.0,2.0,2.0,,,13393.0436,3373.3162,0,0,0.0,0.0,0,0,61240,1,1.0,,,,,,3384.8768,680.0,9620.0,-1,,,,,,,255922.0,2015,666,651,0,0,0,0,0,12.0,22.0,24.0,2015,MIS4_to_MIS8,pennsylvania,0,2014-2015,1,0,0,0,retention
324514180007002,7,1.0,4,4,2,201,2011,1,1,,42,38300,129,2.0,1.0,,5,1,53,,2,37,1,,1,1,1,6,2,57,57,57,1,0,0,1.0,1.0,,-4.0,,40.0,,,,,,2.0,3.0,0.0,1,2.0,2.0,1.0,900.0,360.0,1.0,,2.0,,,13589.6394,3335.0943,4,1,1.0,1.0,0,42,2345,1,,,,,,,3350.773,9480.0,3600.0,-1,,,,,,,253797.0,2014,654,651,0,0,0,1,0,11.0,11.0,51.0,2014,1.0,4,8,2,201,2011,1,38300,129,2.0,1.0,,5,1,53,,2,40,1,,1,1,5,2,57,57,57,1,0,0,1.0,1.0,,40.0,,40.0,,,,,,2.0,4.0,0.0,1,2.0,,1.0,875.0,350.0,2.0,2.0,2.0,,,11552.156,2937.5296,0,0,1.0,1.0,0,42,14354,1,,,3.0,,,,2893.9854,8680.0,4030.0,-1,,,,,,,256053.0,2015,666,651,0,0,0,0,0,14.0,13.0,46.0,2015,MIS4_to_MIS8,pennsylvania,0,2014-2015,0,1,0,1,retention
505409882210316,7,1.0,1,4,2,201,2011,1,1,,42,38300,3,2.0,1.0,,5,3,34,1.0,1,42,1,,2,1,2,1,2,57,57,57,1,0,0,2.0,1.0,,40.0,,40.0,,,,,,2.0,2.0,0.0,1,2.0,2.0,2.0,,1203.84,2.0,2.0,2.0,,,11392.6814,2846.2595,1,1,0.0,,0,0,38222,2,,,2.0,,,,2861.5531,4990.0,4700.0,-1,,,,,,,253887.0,2014,654,651,1,0,0,0,1,13.0,16.0,22.0,2014,1.0,1,8,2,201,2011,1,38300,3,2.0,1.0,,5,3,35,1.0,1,42,1,,1,2,1,2,57,57,57,1,0,0,2.0,1.0,,40.0,,40.0,,,,,,2.0,2.0,0.0,1,2.0,2.0,2.0,,1346.15,2.0,2.0,2.0,,,12736.8758,3142.9337,1,1,0.0,,0,0,31328,2,,,3.0,,,,3125.5746,4990.0,4700.0,-1,,,,,,,256142.0,2015,666,651,1,0,0,0,1,14.0,16.0,22.0,2015,MIS4_to_MIS8,pennsylvania,0,2014-2015,1,0,0,0,retention
624102140101904,7,1.0,1,4,2,201,2011,1,1,,42,37980,29,2.0,1.0,,7,3,29,1.0,2,43,1,,2,1,2,1,2,57,57,57,1,0,0,2.0,2.0,4.0,50.0,,,,,,,,5.0,2.0,0.0,1,2.0,2.0,2.0,,634.0,1.0,,2.0,,,12012.3476,3042.6796,0,0,1.0,,22,42,70234,2,,,,1.0,1.0,,3072.005,7860.0,2300.0,-1,,,,,,,253925.0,2014,654,651,0,0,0,0,0,18.0,8.0,40.0,2014,2.0,1,8,2,201,2011,1,37980,29,2.0,1.0,,7,3,29,1.0,2,44,1,,1,2,1,2,57,57,57,1,0,0,1.0,2.0,4.0,40.0,,,,,,,,5.0,3.0,0.0,1,2.0,2.0,2.0,,711.0,1.0,,2.0,,,13528.0099,3404.6644,0,0,1.0,,0,0,40012,2,,,,,,,3410.0914,7860.0,2310.0,-1,,,,,,,256189.0,2015,666,651,0,0,0,0,0,,8.0,40.0,2015,MIS4_to_MIS8,pennsylvania,0,2014-2015,1,0,0,0,retention
61325009740980,7,1.0,1,4,2,201,2011,1,1,,42,0,0,3.0,2.0,,0,1,56,2.0,2,44,1,,1,1,1,1,2,57,57,57,1,0,0,1.0,2.0,4.0,40.0,,,,,,,,5.0,3.0,0.0,1,2.0,2.0,2.0,,1192.3,1.0,,,,,9068.5323,2253.6006,0,0,0.0,,0,0,48894,1,,,,,,2.0,2270.523,7860.0,2310.0,-1,,,,,,,254063.0,2014,654,651,0,0,0,0,0,18.0,8.0,40.0,2014,1.0,1,8,2,201,2011,1,0,0,3.0,2.0,,0,1,58,2.0,2,44,1,,1,1,1,2,57,57,57,1,0,0,1.0,2.0,4.0,40.0,,,,,,,,5.0,3.0,0.0,1,2.0,2.0,2.0,,1346.0,1.0,,,,,11353.2801,2914.4038,0,0,1.0,,0,42,28879,1,,,,,,,2882.2271,7860.0,2320.0,-1,,,,,,,256278.0,2015,666,651,0,0,0,0,0,,8.0,40.0,2015,MIS4_to_MIS8,pennsylvania,0,2014-2015,1,0,0,0,retention
624259170004508,7,2.0,1,4,2,201,2011,1,1,,42,0,55,3.0,2.0,,0,1,55,2.0,2,39,1,,1,1,1,1,2,57,57,57,1,0,0,1.0,1.0,,40.0,,40.0,,,,,,2.0,2.0,0.0,1,2.0,2.0,2.0,,423.0,2.0,1.0,,,,10903.4644,2709.5954,0,0,1.0,,0,0,15279,1,1.0,,,,,,2729.9419,7860.0,2540.0,-1,,,,,,,254184.0,2014,654,651,0,0,0,0,0,12.0,8.0,40.0,2014,1.0,1,8,2,201,2011,1,0,55,3.0,2.0,,0,1,55,2.0,2,39,1,,1,1,1,2,57,57,57,1,0,0,1.0,1.0,,40.0,,40.0,,,,,,2.0,5.0,0.0,1,2.0,,1.0,1700.0,680.0,2.0,2.0,,,,11353.2801,2914.4038,0,0,1.0,1.0,0,42,55760,1,1.0,,,,,,2882.2271,7860.0,2540.0,-1,,,,,,,256358.0,2015,666,651,0,0,0,0,0,12.0,8.0,40.0,2015,MIS4_to_MIS8,pennsylvania,0,2014-2015,0,1,0,1,retention
48072827400311,7,1.0,7,4,2,201,2011,1,1,,42,25420,43,,1.0,,4,2,61,,2,40,1,,1,0,0,5,2,57,57,57,1,0,0,1.0,1.0,,37.0,,37.0,,,,,,2.0,2.0,0.0,1,2.0,,1.0,1800.0,666.0,1.0,,,,,12300.0432,3082.2321,0,0,0.0,0.0,0,0,4160,1,,,2.0,,,,3074.4405,9380.0,5240.0,-1,,,,,,,254289.0,2014,654,651,0,0,0,0,0,13.0,17.0,51.0,2014,1.0,7,8,2,201,2011,1,25420,43,,1.0,,4,2,62,,2,40,1,,0,0,5,2,57,57,57,1,0,0,1.0,1.0,,38.0,,38.0,,,,,,2.0,2.0,0.0,1,2.0,2.0,2.0,,730.76,1.0,,,,,10232.2,2639.6904,0,0,0.0,,0,0,14063,1,,,2.0,,,,2631.6284,9380.0,5240.0,-1,,,,,,,256468.0,2015,666,651,0,0,0,0,0,13.0,17.0,51.0,2015,MIS4_to_MIS8,pennsylvania,0,2014-2015,1,0,0,0,retention
94002392400971,7,1.0,7,4,2,201,2011,1,1,,42,25420,0,,1.0,,4,2,42,,2,44,1,,1,0,0,5,2,57,57,57,1,0,0,2.0,1.0,,45.0,4.0,8.0,,,4.0,,,4.0,2.0,0.0,1,2.0,2.0,2.0,,1153.84,1.0,,1.0,2.0,2.0,11413.6157,2822.9538,0,0,0.0,,0,0,15271,1,,,,,,2.0,2832.8945,7860.0,2310.0,2340,,,,,,,254301.0,2014,654,651,0,0,0,0,0,18.0,8.0,40.0,2014,2.0,7,8,2,201,2011,1,25420,0,,1.0,,4,2,43,,2,44,1,,0,0,5,2,57,57,57,1,0,0,2.0,1.0,,40.0,2.0,30.0,,,2.0,,,3.0,3.0,0.0,1,2.0,2.0,2.0,,1076.92,1.0,,1.0,2.0,2.0,13776.2921,3522.3323,0,0,0.0,,0,0,31336,1,,,,,,,3494.8923,7860.0,2320.0,-1,,,,,,,256479.0,2015,666,651,0,0,0,0,0,,8.0,40.0,2015,MIS4_to_MIS8,pennsylvania,0,2014-2015,1,0,0,0,retention
94002392400971,7,1.0,7,4,2,201,2011,1,1,,42,25420,0,,1.0,,4,14,52,,2,44,1,,2,0,0,7,2,57,57,57,1,0,0,1.0,1.0,,60.0,,35.0,,,,,,2.0,2.0,0.0,1,2.0,2.0,2.0,,2038.46,2.0,2.0,2.0,,,13672.8781,3355.5223,0,0,0.0,,0,0,15271,2,,,,,,2.0,3371.297,7860.0,230.0,-1,,,,,,,254302.0,2014,654,651,0,0,0,0,0,18.0,1.0,40.0,2014,2.0,7,8,2,201,2011,1,25420,0,,1.0,,4,14,53,,2,44,1,,0,0,4,2,57,57,57,1,0,0,1.0,1.0,,60.0,,45.0,,,,,,2.0,3.0,0.0,1,2.0,2.0,2.0,,2038.46,2.0,2.0,2.0,,,11495.7516,2923.1868,0,0,0.0,,0,0,31336,2,,,,,,,2879.8553,7860.0,230.0,-1,,,,,,,256480.0,2015,666,651,0,0,0,0,0,,1.0,40.0,2015,MIS4_to_MIS8,pennsylvania,0,2014-2015,1,0,0,0,retention
224677190004605,7,1.0,1,4,2,201,2011,1,1,,42,27780,21,,1.0,,2,1,54,2.0,2,44,1,,1,1,1,1,2,57,57,57,1,0,0,1.0,1.0,,35.0,4.0,18.0,,,4.0,,,4.0,3.0,0.0,1,2.0,2.0,2.0,,750.0,1.0,,2.0,,,9675.6874,2374.5538,0,0,0.0,,0,0,48697,1,,,,,,2.0,2385.7168,7860.0,2000.0,1860,,,,,,,254346.0,2014,654,651,0,0,0,0,0,18.0,6.0,40.0,2014,1.0,1,8,2,201,2011,1,27780,21,,1.0,,2,1,55,2.0,2,44,1,,1,1,1,2,57,57,57,1,0,0,1.0,1.0,,35.0,,55.0,,,,,,2.0,3.0,0.0,1,2.0,2.0,2.0,,769.23,1.0,,,,,11353.2801,2914.4038,0,0,0.0,,0,0,40001,1,,,,,,,2882.2271,7860.0,2000.0,2000,,,,,,,256539.0,2015,666,651,0,0,0,0,0,,6.0,40.0,2015,MIS4_to_MIS8,pennsylvania,0,2014-2015,1,0,0,0,retention
405060912076274,7,1.0,4,4,2,201,2011,1,1,,42,27780,21,,1.0,,2,6,53,2.0,2,42,1,,3,2,1,1,2,57,57,57,1,0,0,2.0,1.0,,40.0,,40.0,,,,,,2.0,3.0,0.0,1,2.0,1.0,1.0,2571.0,576.92,2.0,2.0,2.0,,,9675.6874,2374.5538,0,0,0.0,1.0,0,0,63928,3,,,3.0,,,,2385.7168,9480.0,640.0,-1,,,,,,,254394.0,2014,654,651,0,0,0,0,0,14.0,2.0,51.0,2014,3.0,1,8,2,201,2011,1,27780,21,,1.0,,2,3,54,2.0,2,42,1,,1,2,1,2,57,57,57,1,0,0,1.0,1.0,,40.0,,60.0,,,,,,2.0,3.0,0.0,1,2.0,2.0,2.0,,673.07,2.0,2.0,2.0,,,11648.0513,2961.9142,0,0,0.0,,0,0,40000,3,,,4.0,,,,2918.0086,9480.0,640.0,8750,,,,,,,256587.0,2015,666,651,0,0,0,0,0,15.0,2.0,51.0,2015,MIS4_to_MIS8,pennsylvania,0,2014-2015,1,0,0,0,retention
507408020210795,7,1.0,7,4,2,201,2011,1,1,,42,25420,0,,1.0,,4,2,21,,2,40,1,,1,0,0,7,2,57,57,57,1,0,0,1.0,3.0,,,,,1.0,,,1.0,1.0,12.0,2.0,0.0,2,,,,,,,,1.0,1.0,2.0,11905.1673,3591.3218,0,0,,,0,0,25770,1,,,4.0,,,,3470.3884,7870.0,4010.0,-1,,,,,,,254414.0,2014,654,651,0,0,0,0,0,15.0,13.0,40.0,2014,1.0,7,8,2,201,2011,1,25420,0,,1.0,,4,2,22,,2,40,1,,0,0,7,2,57,57,57,1,0,0,1.0,1.0,,-4.0,2.0,20.0,,,2.0,,,3.0,5.0,0.0,1,2.0,,1.0,950.0,285.0,2.0,2.0,1.0,1.0,2.0,15540.4065,3837.0439,0,0,0.0,0.0,0,0,40022,1,,,5.0,,,,3860.584,7870.0,4010.0,-1,,,,,,,256616.0,2015,666,651,0,0,0,0,0,16.0,13.0,40.0,2015,MIS4_to_MIS8,pennsylvania,0,2014-2015,0,1,0,1,retention
35037344105351,8,1.0,6,4,2,201,2011,1,1,,17,16980,0,1.0,1.0,1.0,7,2,50,,1,40,2,,1,0,0,5,2,57,57,57,1,0,0,1.0,1.0,,40.0,,40.0,,,,,,2.0,3.0,0.0,1,2.0,,1.0,3500.0,1400.0,1.0,,2.0,,,15315.6121,3732.88,0,0,1.0,1.0,0,42,23291,1,,,3.0,,,,3648.057,9370.0,6420.0,-1,,,,,,,274272.0,2014,655,652,0,0,0,0,0,14.0,19.0,51.0,2014,1.0,6,8,2,201,2011,1,16980,0,1.0,1.0,1.0,7,2,51,,1,40,2,,0,0,5,2,57,57,57,1,0,0,1.0,1.0,,40.0,,40.0,,,,,,2.0,3.0,0.0,1,2.0,,1.0,1100.0,440.0,1.0,,2.0,,,16768.2428,3974.2712,0,0,1.0,1.0,0,0,23812,1,,,2.0,,,,4031.4905,9370.0,6420.0,-1,,,,,,,276170.0,2015,667,652,0,0,0,0,0,13.0,19.0,51.0,2015,MIS4_to_MIS8,illinois,1,2014-2015,1,0,0,0,retention
103570414073727,8,1.0,1,4,2,201,2011,1,1,,17,16980,0,1.0,1.0,1.0,7,3,43,1.0,1,40,1,,2,1,2,1,2,57,57,57,1,0,0,2.0,1.0,,40.0,,40.0,,,,,,2.0,3.0,0.0,1,2.0,,1.0,1365.0,546.0,1.0,,2.0,,,10580.5269,2696.7339,3,1,1.0,1.0,0,0,68859,2,,,3.0,,,,2631.9902,9370.0,9620.0,-1,,,,,,,274298.0,2014,655,652,0,0,1,0,0,14.0,22.0,51.0,2014,2.0,1,8,2,201,2011,1,16980,0,1.0,1.0,1.0,7,3,44,1.0,1,40,1,,1,2,1,2,57,57,57,1,0,0,1.0,1.0,,40.0,,40.0,,,,,,2.0,3.0,0.0,1,1.0,1.0,1.0,3500.0,923.07,1.0,,2.0,,,12989.6919,3314.8114,3,1,0.0,0.0,0,0,64325,2,,,2.0,,,,3300.9285,7790.0,9720.0,-1,,,,,,,276186.0,2015,667,652,0,0,1,0,0,13.0,22.0,39.0,2015,MIS4_to_MIS8,illinois,1,2014-2015,1,0,0,0,retention
133341070054565,8,1.0,7,4,2,201,2011,1,1,,17,16980,0,1.0,1.0,1.0,7,2,26,,2,44,1,1.0,1,0,0,7,2,57,57,57,1,0,0,1.0,1.0,,40.0,,40.0,,,,,,2.0,3.0,0.0,1,2.0,2.0,2.0,,538.0,1.0,,2.0,,,11346.9031,2886.744,0,0,1.0,,0,42,23302,1,,,,,,3.0,2838.0795,5790.0,4760.0,-1,,,,,,,274328.0,2014,655,652,0,0,0,0,0,18.0,16.0,22.0,2014,1.0,7,8,2,201,2011,1,16980,0,1.0,1.0,1.0,7,2,26,,2,44,1,1.0,0,0,7,2,57,57,57,1,0,0,1.0,1.0,,40.0,,40.0,,,,,,2.0,4.0,0.0,1,2.0,,1.0,1500.0,600.0,2.0,2.0,2.0,,,13619.5907,3416.1315,0,0,1.0,1.0,0,42,36963,1,,,,,,,3375.8117,5790.0,4760.0,-1,,,,,,,276220.0,2015,667,652,0,0,0,0,0,,16.0,22.0,2015,MIS4_to_MIS8,illinois,1,2014-2015,0,1,0,1,retention
410008451396387,8,1.0,4,4,2,201,2011,1,1,,17,16980,0,1.0,1.0,1.0,7,4,25,,1,34,1,,2,1,3,7,2,57,57,57,1,0,0,2.0,1.0,,40.0,,40.0,,,,,,2.0,2.0,0.0,1,2.0,,1.0,725.0,290.0,1.0,,2.0,,,13061.4186,3355.1629,0,0,1.0,1.0,0,0,9320,2,,,,,,,3283.1015,9480.0,3600.0,-1,,,,,1.0,,274461.0,2014,655,652,0,0,0,0,0,7.5,11.0,51.0,2014,1.0,4,8,2,201,2011,1,16980,0,1.0,1.0,1.0,7,4,26,,1,36,1,,1,3,7,2,57,57,57,1,0,0,2.0,1.0,,40.0,,64.0,,,,,,2.0,2.0,0.0,1,2.0,,1.0,1010.0,404.0,1.0,,2.0,,,15594.0691,3874.7312,0,0,1.0,1.0,0,0,35033,2,,,,,,,3904.6358,9480.0,4610.0,6260,,,,,1.0,,276335.0,2015,667,652,0,0,0,0,0,10.0,15.0,51.0,2015,MIS4_to_MIS8,illinois,1,2014-2015,1,0,0,0,retention
10710047236621,8,1.0,4,4,2,201,2011,1,1,,17,16980,0,2.0,1.0,,7,1,66,,2,44,1,,1,1,1,4,2,57,57,57,1,0,0,1.0,5.0,,,,,,,,,,1.0,3.0,0.0,2,,,,,,,,,,,12724.1958,3090.8227,0,0,,,0,0,5527,1,,,,,,3.0,3184.6006,7860.0,2430.0,-1,,,,,,,274623.0,2014,655,652,0,0,0,0,0,18.0,8.0,40.0,2014,1.0,4,8,2,201,2011,1,16980,0,2.0,1.0,,7,1,66,,2,45,1,,1,1,4,2,57,57,57,1,0,0,1.0,1.0,,12.0,,16.0,,,21.0,,,7.0,3.0,0.0,1,2.0,,1.0,1650.0,198.0,2.0,2.0,,,,12893.7907,3236.7153,0,0,0.0,0.0,0,0,24069,1,,,,,,,3196.1438,6770.0,2430.0,-1,,,,,,,276472.0,2015,667,652,0,0,0,0,0,18.0,8.0,31.0,2015,MIS4_to_MIS8,illinois,1,2014-2015,1,0,0,0,retention
10710047236621,8,1.0,4,4,2,201,2011,1,1,,17,16980,0,2.0,1.0,,7,4,38,,1,44,1,,2,1,3,7,2,57,57,57,1,0,0,2.0,1.0,,40.0,,40.0,,,,,,2.0,3.0,0.0,1,2.0,2.0,2.0,,1153.84,1.0,,2.0,,,11086.5893,2764.8979,0,0,0.0,,0,0,5527,2,,,,,,3.0,2757.8773,7860.0,2310.0,-1,,,,,1.0,,274624.0,2014,655,652,0,0,0,0,0,18.0,8.0,40.0,2014,1.0,4,8,2,201,2011,1,16980,0,2.0,1.0,,7,4,39,,1,44,1,,1,3,7,2,57,57,57,1,0,0,2.0,1.0,,40.0,,40.0,,,,,,2.0,3.0,0.0,1,2.0,2.0,2.0,,961.53,1.0,,2.0,,,12297.1313,3138.203,0,0,0.0,,0,0,24069,2,,,,,,,3124.9357,7860.0,2310.0,-1,,,,,1.0,,276473.0,2015,667,652,0,0,0,0,0,,8.0,40.0,2015,MIS4_to_MIS8,illinois,1,2014-2015,1,0,0,0,retention
31170001710010,8,2.0,1,4,2,201,2011,1,1,,17,41180,0,2.0,1.0,,6,3,41,1.0,2,43,1,,2,1,2,1,2,57,57,57,1,0,0,1.0,1.0,,35.0,,35.0,,,,,,2.0,3.0,0.0,1,2.0,,1.0,1375.0,481.25,1.0,,2.0,,,10946.0648,2811.8015,4,2,0.0,0.0,0,0,47268,2,,,,2.0,,,2774.9084,7860.0,2300.0,-1,,,,,,,274647.0,2014,655,652,0,0,0,1,0,16.0,8.0,40.0,2014,3.0,1,8,2,201,2011,1,41180,0,2.0,1.0,,6,3,42,1.0,2,43,1,,1,2,1,2,57,57,57,1,0,0,2.0,2.0,4.0,40.0,,,,,,,,5.0,2.0,0.0,1,2.0,2.0,2.0,,615.38,1.0,,2.0,,,13246.6478,3366.6745,4,1,0.0,,0,0,23769,2,,,,,,,3364.2289,7860.0,2310.0,-1,,,,,,,276518.0,2015,667,652,0,0,0,1,0,,8.0,40.0,2015,MIS4_to_MIS8,illinois,1,2014-2015,1,0,0,0,retention
68087847100781,8,1.0,1,4,2,201,2011,1,1,,17,16980,0,2.0,1.0,,7,3,64,1.0,2,44,1,,2,1,2,1,2,57,57,57,1,0,0,2.0,2.0,4.0,18.0,,,,,,,,10.0,3.0,0.0,1,1.0,1.0,1.0,6250.0,1000.0,2.0,2.0,,,,13675.1645,3449.4237,0,0,0.0,0.0,0,0,37118,2,,,,,,2.0,3364.6613,7860.0,2010.0,-1,,,,,,,274681.0,2014,655,652,0,0,0,0,0,18.0,6.0,40.0,2014,1.0,1,8,2,201,2011,1,16980,0,2.0,1.0,,7,3,65,1.0,2,44,1,,1,2,1,2,57,57,57,1,0,0,2.0,4.0,,,,,,,,8.0,2.0,11.0,3.0,0.0,2,,,,,,,,,,,16121.7708,3236.7153,0,0,,,0,0,53451,2,,,,,,,3217.0598,7860.0,2010.0,-1,,,,,,,276534.0,2015,667,652,0,0,0,0,0,,6.0,40.0,2015,MIS4_to_MIS8,illinois,1,2014-2015,1,0,0,0,retention
70017681100211,8,1.0,4,4,2,201,2011,1,1,,17,16980,0,2.0,1.0,,7,1,68,,2,42,1,,1,1,1,5,2,139,139,57,3,0,1,1.0,1.0,,15.0,,15.0,,,21.0,,,7.0,3.0,0.0,1,2.0,,1.0,1100.0,165.0,2.0,2.0,,,,11172.322,3090.8227,0,0,0.0,0.0,0,0,9484,1,,,3.0,,,,2991.7859,8570.0,5700.0,-1,,,,,3.0,,274683.0,2014,655,652,0,0,0,0,0,14.0,17.0,44.0,2014,1.0,4,8,2,201,2011,1,16980,0,2.0,1.0,,7,1,69,,2,42,1,,1,1,5,2,139,139,57,3,0,1,1.0,1.0,,15.0,,10.0,,,21.0,,,7.0,4.0,0.0,1,2.0,,1.0,1100.0,165.0,2.0,2.0,,,,12893.7907,3236.7153,0,0,0.0,0.0,0,0,9274,1,,,3.0,,,,3196.1438,8570.0,5700.0,-1,,,,,3.0,,276536.0,2015,667,652,0,0,0,0,0,14.0,17.0,44.0,2015,MIS4_to_MIS8,illinois,1,2014-2015,0,1,0,1,retention
103250110012740,8,1.0,7,4,2,201,2011,1,1,,17,16980,0,2.0,1.0,,7,2,61,,2,40,1,,1,0,0,4,2,57,57,57,1,0,0,1.0,2.0,4.0,38.0,,,,,,,,5.0,3.0,0.0,1,2.0,2.0,2.0,,385.34,1.0,,,,,12174.6035,3070.9222,0,0,0.0,,0,0,9365,1,,,1.0,,,,2995.4607,7860.0,2540.0,-1,,,,,,,274729.0,2014,655,652,0,0,0,0,0,12.0,8.0,40.0,2014,1.0,7,8,2,201,2011,1,16980,0,2.0,1.0,,7,2,62,,2,40,1,,0,0,4,2,57,57,57,1,0,0,1.0,2.0,4.0,38.0,,,,,,,,5.0,3.0,0.0,1,2.0,2.0,2.0,,396.9,1.0,,,,,14247.4345,3549.72,0,0,0.0,,0,0,24002,1,,,1.0,,,,3545.1071,7860.0,2540.0,-1,,,,,,,276560.0,2015,667,652,0,0,0,0,0,12.0,8.0,40.0,2015,MIS4_to_MIS8,illinois,1,2014-2015,1,0,0,0,retention
121711070068100,8,1.0,1,4,2,201,2011,1,1,,17,16980,0,2.0,1.0,,7,1,33,2.0,1,43,1,,1,1,1,1,2,57,57,57,1,0,0,1.0,1.0,,40.0,,40.0,,,,,,2.0,3.0,0.0,1,1.0,2.0,2.0,,1923.07,1.0,,2.0,,,11235.5311,2887.6176,1,1,0.0,,0,0,23609,1,,,,1.0,1.0,,2824.1487,9470.0,3710.0,-1,1.0,,,,,,274756.0,2014,655,652,1,0,0,0,1,18.0,12.0,51.0,2014,1.0,1,8,2,201,2011,1,16980,0,2.0,1.0,,7,1,34,2.0,1,43,1,,1,1,1,2,57,57,57,1,0,0,1.0,1.0,,40.0,,55.0,,,,,,2.0,3.0,0.0,1,2.0,,1.0,4700.0,1880.0,1.0,,2.0,,,13055.3081,3260.5374,1,1,0.0,0.0,0,0,24168,1,,,,,,,3268.9495,9470.0,3710.0,-1,1.0,,,,,,276595.0,2015,667,652,1,0,0,0,1,,12.0,51.0,2015,MIS4_to_MIS8,illinois,1,2014-2015,1,0,0,0,retention
122871070087800,8,2.0,1,4,2,201,2011,1,1,,17,16980,97,2.0,1.0,,7,1,62,2.0,2,44,1,,1,1,1,1,2,57,57,57,1,0,0,2.0,2.0,4.0,-4.0,,,,,,,,5.0,3.0,0.0,1,2.0,2.0,2.0,,1846.15,1.0,,,,,12174.6035,3070.9222,0,0,0.0,,0,0,19791,1,,,,,,3.0,2995.4607,7860.0,2310.0,-1,,,,,,,274759.0,2014,655,652,0,0,0,0,0,18.0,8.0,40.0,2014,1.0,1,8,2,201,2011,1,16980,97,2.0,1.0,,7,1,63,2.0,2,44,1,,1,1,1,2,57,57,57,1,0,0,1.0,2.0,4.0,60.0,,,,,,,,5.0,3.0,0.0,1,2.0,2.0,2.0,,2019.0,1.0,,,,,13955.1639,3476.9013,0,0,1.0,,0,0,5085,1,,,,,,,3472.3831,7860.0,2320.0,-1,,,,,,,276598.0,2015,667,652,0,0,0,0,0,,8.0,40.0,2015,MIS4_to_MIS8,illinois,1,2014-2015,1,0,0,0,retention
671326140002107,8,1.0,1,4,2,201,2011,1,1,,17,16980,0,2.0,1.0,,7,1,47,2.0,2,43,1,,1,1,1,1,2,57,57,57,1,0,0,1.0,1.0,,40.0,,40.0,,,,,,2.0,3.0,0.0,1,2.0,,1.0,4100.0,1640.0,1.0,,2.0,,,11831.3838,3113.3658,0,0,0.0,0.0,0,0,9384,1,,,,2.0,,,3029.1374,9470.0,3850.0,-1,,,,,,,274917.0,2014,655,652,0,0,0,0,0,16.0,12.0,51.0,2014,1.0,1,8,2,201,2011,1,16980,0,2.0,1.0,,7,1,48,2.0,2,43,1,,1,1,1,2,57,57,57,1,0,0,1.0,1.0,,40.0,,40.0,,,,,,2.0,3.0,0.0,1,2.0,1.0,1.0,1697.0,1730.76,1.0,,2.0,,,12423.8166,3135.7472,0,0,0.0,1.0,0,0,46426,1,,,,,,,3125.4766,9470.0,3850.0,-1,,,,,,,276778.0,2015,667,652,0,0,0,0,0,,12.0,51.0,2015,MIS4_to_MIS8,illinois,1,2014-2015,1,0,0,0,retention
710100701301001,8,1.0,1,4,2,201,2011,1,1,,17,41180,0,2.0,1.0,,6,3,36,1.0,2,44,1,,2,1,2,1,2,57,57,57,1,0,0,1.0,1.0,,40.0,13.0,15.0,,,13.0,,,4.0,3.0,0.0,1,2.0,2.0,2.0,,1076.92,1.0,,2.0,,,11302.7528,2882.2972,2,1,0.0,,0,0,23162,2,,,,,,3.0,2865.3315,7860.0,2300.0,-1,,,,,,,274940.0,2014,655,652,0,1,0,0,1,18.0,8.0,40.0,2014,1.0,1,8,2,201,2011,1,41180,0,2.0,1.0,,6,3,37,1.0,2,44,1,,1,2,1,2,57,57,57,1,0,0,2.0,2.0,4.0,40.0,,,,,,,,5.0,2.0,0.0,1,2.0,2.0,2.0,,615.38,1.0,,2.0,,,11597.9555,2895.3774,6,2,0.0,,0,0,23768,2,,,,,,,2945.5133,7860.0,2310.0,-1,,,,,,,276799.0,2015,667,652,1,0,1,0,1,,8.0,40.0,2015,MIS4_to_MIS8,illinois,1,2014-2015,1,0,0,0,retention
710530472981001,8,1.0,1,4,2,201,2011,1,1,,17,37900,0,2.0,1.0,,3,1,32,2.0,1,43,1,,1,1,1,1,2,57,57,57,1,0,0,1.0,1.0,,40.0,,41.0,,,,,,2.0,3.0,0.0,1,2.0,1.0,1.0,1550.0,600.0,1.0,,2.0,,,11787.2498,3029.4136,0,0,0.0,0.0,0,0,5582,1,,,,2.0,,,2962.828,9470.0,2015.0,-1,,,,,,,274942.0,2014,655,652,0,0,0,0,0,16.0,6.0,51.0,2014,1.0,1,8,2,201,2011,1,37900,0,2.0,1.0,,3,1,33,2.0,1,43,1,,1,1,1,2,57,57,57,1,0,0,1.0,1.0,,40.0,,40.0,,,,,,2.0,3.0,0.0,1,2.0,,1.0,1530.0,612.0,1.0,,2.0,,,13897.4585,3470.8628,0,0,0.0,0.0,0,0,5120,1,,,,,,,3479.8175,9470.0,2015.0,-1,,,,,,,276805.0,2015,667,652,0,0,0,0,0,,6.0,51.0,2015,MIS4_to_MIS8,illinois,1,2014-2015,1,0,0,0,retention
750320020701001,8,1.0,4,4,2,201,2011,1,1,,17,37900,0,2.0,1.0,,3,1,60,,2,40,1,,1,1,1,4,2,57,57,57,1,0,0,1.0,5.0,,,,,,,,,,1.0,2.0,0.0,2,,,,,,,,,,,13345.4936,3221.7193,0,0,,,0,0,5563,1,,,2.0,,,,3340.0984,9470.0,5000.0,-1,,,,,,,274957.0,2014,655,652,0,0,0,0,0,13.0,17.0,51.0,2014,1.0,4,8,2,201,2011,1,37900,0,2.0,1.0,,3,1,61,,2,39,1,,1,1,4,2,57,57,57,1,0,0,1.0,5.0,,,,,,,,,,1.0,,,2,,,,,,,,,,,15120.1709,3778.6995,0,0,,,0,0,9255,1,1.0,,,,,,3787.7755,,,-1,,,,,,,276821.0,2015,667,652,0,0,0,0,0,12.0,,,2015,MIS4_to_MIS8,illinois,1,2014-2015,0,1,0,0,retention
110004671207947,8,1.0,1,4,2,201,2011,1,1,,17,0,0,3.0,2.0,,0,1,62,2.0,2,40,1,,1,1,1,1,2,57,57,57,1,0,0,1.0,1.0,,40.0,,40.0,,,,,,2.0,3.0,0.0,1,2.0,,1.0,1450.0,580.0,2.0,2.0,,,,11093.4755,2798.2185,0,0,0.0,0.0,0,0,59841,1,,,1.0,,,,2729.458,9490.0,5700.0,-1,,,,,,,275093.0,2014,655,652,0,0,0,0,0,12.0,17.0,51.0,2014,1.0,1,8,2,201,2011,1,0,0,3.0,2.0,,0,1,64,2.0,2,40,1,,1,1,1,2,57,57,57,1,0,0,1.0,1.0,,40.0,,40.0,,,,,,2.0,3.0,0.0,1,2.0,,1.0,1450.0,580.0,2.0,2.0,,,,14904.0971,3713.3261,0,0,0.0,0.0,0,0,37150,1,,,1.0,,,,3708.5007,9490.0,5700.0,-1,,,,,,,276941.0,2015,667,652,0,0,0,0,0,12.0,17.0,51.0,2015,MIS4_to_MIS8,illinois,1,2014-2015,1,0,0,0,retention
110004671207947,8,1.0,1,4,2,201,2011,1,1,,17,0,0,3.0,2.0,,0,4,40,,1,40,1,,3,1,3,6,2,57,57,57,1,0,0,2.0,6.0,,,,,,,,,,1.0,2.0,0.0,2,,,,,,,,2.0,,,10970.3721,2410.019,0,0,,,0,0,59841,3,,,2.0,,,,2652.1187,9470.0,3800.0,-1,2.0,,,,1.0,1.0,275095.0,2014,655,652,0,0,0,0,0,13.0,12.0,51.0,2014,1.0,1,8,2,201,2011,1,0,0,3.0,2.0,,0,4,41,,1,40,1,,2,1,5,2,57,57,57,1,0,0,2.0,6.0,,,,,,,,,,1.0,,,2,,,,,,,,2.0,,,14379.8748,3346.2188,4,1,,,0,0,37150,3,,,1.0,,,,3397.5835,,,-1,2.0,,,,1.0,1.0,276943.0,2015,667,652,0,0,0,1,0,12.0,,,2015,MIS4_to_MIS8,illinois,1,2014-2015,0,1,0,0,retention
11017626100001,8,1.0,1,4,2,201,2011,1,1,,17,16580,0,,1.0,,2,3,26,1.0,2,43,1,,2,1,2,1,2,57,57,57,1,0,0,2.0,1.0,,40.0,,40.0,,,,,,2.0,3.0,0.0,1,2.0,2.0,2.0,,691.38,1.0,,2.0,,,13150.7309,3308.1646,0,0,0.0,,0,0,36932,2,,,,2.0,,,3289.2517,7860.0,2320.0,-1,,,,,,,275217.0,2014,655,652,0,0,0,0,0,16.0,8.0,40.0,2014,2.0,1,8,2,201,2011,1,16580,0,,1.0,,2,3,27,1.0,2,43,1,,1,2,1,2,57,57,57,1,0,0,1.0,1.0,,40.0,3.0,20.0,,,3.0,,,3.0,3.0,0.0,1,2.0,2.0,2.0,,730.76,1.0,,2.0,,,14162.0363,3519.8222,0,0,0.0,,0,0,68333,2,,,,,,,3510.2646,7860.0,2320.0,-1,,,,,,,277006.0,2015,667,652,0,0,0,0,0,,8.0,40.0,2015,MIS4_to_MIS8,illinois,1,2014-2015,1,0,0,0,retention
410002311208617,8,2.0,4,4,2,201,2011,1,1,,17,16580,0,,1.0,,2,4,55,,1,43,1,,2,1,3,5,2,57,57,57,1,0,0,1.0,1.0,,60.0,4.0,25.0,,,4.0,,,4.0,2.0,0.0,1,2.0,2.0,2.0,,1192.3,1.0,,,,,12662.2122,3282.8871,0,0,0.0,,0,0,5489,2,,,,1.0,1.0,,3204.0156,7860.0,2320.0,-1,,,,,1.0,,275282.0,2014,655,652,0,0,0,0,0,18.0,8.0,40.0,2014,1.0,4,8,2,201,2011,1,16580,0,,1.0,,2,4,56,,1,44,1,,1,3,5,2,57,57,57,1,0,0,2.0,2.0,4.0,40.0,,,,,,,,5.0,5.0,0.0,1,2.0,2.0,2.0,,1666.0,2.0,2.0,,,,14765.474,3613.5517,0,0,1.0,,42,42,5042,2,,,,,,,3645.7159,7860.0,2310.0,-1,,,,,1.0,,277058.0,2015,667,652,0,0,0,0,0,,8.0,40.0,2015,MIS4_to_MIS8,illinois,1,2014-2015,0,1,0,1,retention
410002311208617,8,2.0,4,4,2,201,2011,1,1,,17,16580,0,,1.0,,2,12,56,,2,39,1,,3,0,0,5,2,57,57,57,1,0,0,2.0,1.0,,60.0,,60.0,,,,,,2.0,2.0,0.0,1,1.0,1.0,1.0,1328.0,403.84,2.0,2.0,,,,12764.4882,3287.211,0,0,0.0,0.0,0,0,5489,3,1.0,,,,,,3223.7765,8680.0,310.0,-1,,,,,,,275283.0,2014,655,652,0,0,0,0,0,12.0,1.0,46.0,2014,1.0,4,8,2,201,2011,1,16580,0,,1.0,,2,12,57,,2,40,1,,0,0,5,2,57,57,57,1,0,0,2.0,2.0,4.0,40.0,,,,,,,,5.0,5.0,0.0,1,2.0,1.0,1.0,1500.0,307.0,2.0,2.0,,,,13567.7788,3586.1615,0,0,1.0,1.0,42,0,5042,3,,,2.0,,,,3540.2973,7860.0,4020.0,-1,,,,,,,277059.0,2015,667,652,0,0,0,0,0,13.0,13.0,40.0,2015,MIS4_to_MIS8,illinois,1,2014-2015,0,1,0,1,retention
291386009510810,8,1.0,1,4,2,201,2011,1,1,,18,23060,0,1.0,1.0,,3,1,63,2.0,2,44,1,,1,1,1,1,2,57,57,57,1,0,0,1.0,5.0,,,,,,,,,,1.0,3.0,0.0,2,,,,,,,,,,,15441.9313,3889.2954,0,0,,,0,0,23641,1,,,,,,2.0,3864.793,7860.0,2310.0,-1,,,,,,,275414.0,2014,655,652,0,0,0,0,0,18.0,8.0,40.0,2014,1.0,1,8,2,201,2011,1,23060,0,1.0,1.0,,3,1,65,2.0,2,44,1,,1,1,1,2,57,57,57,1,0,0,1.0,5.0,,,,,,,,,,1.0,,,2,,,,,,,,,,,9886.3385,2428.2054,0,0,,,0,0,20336,1,,,,,,,2476.6407,,,-1,,,,,,,277227.0,2015,667,652,0,0,0,0,0,,,,2015,MIS4_to_MIS8,indiana,0,2014-2015,0,1,0,0,retention
800101540810968,8,1.0,4,4,2,201,2011,1,1,,18,26900,0,1.0,1.0,1.0,5,14,44,,1,44,1,,2,0,0,5,2,57,57,57,1,0,0,2.0,1.0,,40.0,,40.0,,,,,,2.0,2.0,0.0,1,2.0,2.0,2.0,,961.53,2.0,2.0,2.0,,,14060.7458,3493.4387,1,1,0.0,,0,0,9596,2,,,,,,2.0,3497.7223,9480.0,5940.0,-1,2.0,,,,,,275452.0,2014,655,652,1,0,0,0,1,18.0,17.0,51.0,2014,2.0,4,8,2,201,2011,1,26900,0,1.0,1.0,1.0,5,14,45,,1,44,1,,0,0,5,2,57,57,57,1,0,0,2.0,1.0,,40.0,,40.0,,,,,,2.0,2.0,0.0,1,2.0,,1.0,1700.0,680.0,2.0,2.0,2.0,,,9025.7112,2337.0624,1,1,1.0,1.0,0,0,56745,2,,,,,,,2319.7435,9480.0,2016.0,-1,2.0,,,,,,277269.0,2015,667,652,1,0,0,0,1,,6.0,51.0,2015,MIS4_to_MIS8,indiana,0,2014-2015,1,0,0,0,retention
830960521981001,8,1.0,7,4,2,201,2011,1,1,,18,23060,0,1.0,1.0,,3,2,79,,2,39,1,,1,0,0,4,2,57,57,57,1,0,0,1.0,1.0,,-4.0,,3.0,,,21.0,,,7.0,3.0,0.0,1,2.0,,1.0,1250.0,187.5,2.0,2.0,,,,14408.6994,3885.7013,0,0,0.0,0.0,0,0,23640,1,1.0,,,,,,3858.4409,7070.0,4150.0,-1,,,,,,,275459.0,2014,655,652,0,0,0,0,0,12.0,13.0,34.0,2014,1.0,7,8,2,201,2011,1,23060,0,1.0,1.0,,3,2,79,,2,39,1,,0,0,4,2,57,57,57,1,0,0,1.0,1.0,,10.0,,9.0,,,21.0,,,7.0,3.0,0.0,1,2.0,,1.0,1175.0,117.5,2.0,2.0,,,,9899.9879,2503.8731,0,0,0.0,0.0,0,0,24216,1,1.0,,,,,,2454.0328,7070.0,4150.0,-1,,,,,,,277277.0,2015,667,652,0,0,0,0,0,12.0,13.0,34.0,2015,MIS4_to_MIS8,indiana,0,2014-2015,1,0,0,0,retention
138790001900103,8,1.0,4,4,2,211,2111,1,1,,18,16980,0,2.0,1.0,,7,14,49,,1,38,1,,2,0,0,7,2,57,57,57,1,0,0,2.0,1.0,,20.0,,20.0,,,22.0,,,7.0,3.0,0.0,1,2.0,,1.0,1000.0,200.0,2.0,2.0,2.0,,,14348.7256,3637.0733,0,0,1.0,1.0,0,42,58349,2,,,,,,,3696.1456,9370.0,4250.0,-1,,,,,,,275535.0,2014,655,652,0,0,0,0,0,12.0,14.0,51.0,2014,1.0,4,8,2,211,2111,1,16980,0,2.0,1.0,,7,14,50,,1,38,1,,0,0,7,2,57,57,57,1,0,0,2.0,1.0,,30.0,,30.0,,,22.0,,,7.0,3.0,0.0,1,2.0,1.0,1.0,1000.0,300.0,2.0,2.0,2.0,,,10532.8242,2752.4329,0,0,0.0,0.0,0,0,65178,2,,,,,,,2707.0942,9370.0,4250.0,-1,,,,,,,277359.0,2015,667,652,0,0,0,0,0,12.0,14.0,51.0,2015,MIS4_to_MIS8,indiana,0,2014-2015,1,0,0,0,retention
810670464441001,8,1.0,1,4,2,201,2011,1,1,,18,31140,19,2.0,1.0,,5,1,53,2.0,1,44,1,,1,1,1,1,2,57,57,57,1,0,0,1.0,1.0,,40.0,,56.0,,,,,,2.0,3.0,0.0,1,2.0,2.0,2.0,,1800.0,2.0,2.0,2.0,,,13374.1452,3429.1501,0,0,0.0,,0,0,37281,1,,,,,,2.0,3445.0996,7860.0,2320.0,2340,,,,,,,275618.0,2014,655,652,0,0,0,0,0,18.0,8.0,40.0,2014,1.0,1,8,2,201,2011,1,31140,19,2.0,1.0,,5,1,54,2.0,1,44,1,,1,1,1,2,57,57,57,1,0,0,1.0,1.0,,40.0,,52.0,,,,,,2.0,3.0,0.0,1,2.0,2.0,2.0,,1538.46,2.0,1.0,2.0,,,10532.8242,2752.4329,0,0,0.0,,0,0,5132,1,,,,,,,2707.0942,7860.0,2320.0,2340,,,,,,,277412.0,2015,667,652,0,0,0,0,0,,8.0,40.0,2015,MIS4_to_MIS8,indiana,0,2014-2015,1,0,0,0,retention
810670464441001,8,1.0,1,4,2,201,2011,1,1,,18,31140,19,2.0,1.0,,5,3,51,1.0,2,44,1,,2,1,2,1,2,57,57,57,1,0,0,2.0,1.0,,40.0,,40.0,,,,,,2.0,3.0,0.0,1,2.0,2.0,2.0,,1375.0,2.0,2.0,2.0,,,13947.1174,3530.0869,0,0,0.0,,0,0,37281,2,,,,,,2.0,3570.8195,7860.0,2320.0,-1,,,,,,,275619.0,2014,655,652,0,0,0,0,0,18.0,8.0,40.0,2014,1.0,1,8,2,201,2011,1,31140,19,2.0,1.0,,5,3,52,1.0,2,44,1,,1,2,1,2,57,57,57,1,0,0,2.0,1.0,,40.0,,52.0,,,,,,2.0,3.0,0.0,1,2.0,2.0,2.0,,1346.15,2.0,1.0,2.0,,,10250.3472,2630.4928,0,0,0.0,,0,0,5132,2,,,,,,,2578.694,7860.0,2000.0,2340,,,,,,,277413.0,2015,667,652,0,0,0,0,0,,6.0,40.0,2015,MIS4_to_MIS8,indiana,0,2014-2015,1,0,0,0,retention
7006139305891,8,1.0,3,4,2,201,2011,1,1,,36,35620,47,1.0,1.0,1.0,7,6,60,2.0,1,43,2,,3,2,1,1,2,324,324,324,4,0,5,2.0,1.0,,40.0,,40.0,,,,,,2.0,2.0,0.0,1,2.0,2.0,2.0,,1923.0,2.0,2.0,,,,21082.7751,5021.5427,0,0,1.0,,0,0,52624,3,,,,1.0,1.0,,5024.8026,8190.0,3255.0,-1,,,,,,,286445.0,2014,655,652,0,0,0,0,0,18.0,10.0,41.0,2014,1.0,3,8,2,201,2011,1,35620,47,1.0,1.0,1.0,7,6,62,2.0,1,43,2,,2,1,1,2,324,324,324,4,0,5,2.0,1.0,,50.0,,50.0,,,,,,2.0,3.0,0.0,1,2.0,2.0,2.0,,1538.46,1.0,,,,,16829.409,3777.4692,0,0,0.0,,0,42,2068,3,,,,,,,3854.7664,8190.0,3255.0,-1,,,,,,,288131.0,2015,667,652,0,0,0,0,0,,10.0,41.0,2015,MIS4_to_MIS8,new_york,0,2014-2015,1,0,0,0,retention
7006139305891,8,1.0,3,4,2,201,2011,1,1,,36,35620,47,1.0,1.0,1.0,7,6,63,3.0,2,43,2,,2,2,2,1,2,330,330,330,4,0,5,2.0,1.0,,40.0,,40.0,,,,,,2.0,2.0,0.0,1,2.0,2.0,2.0,,769.0,1.0,,,,,14883.0749,3166.257,0,0,1.0,,0,0,52624,2,,,,1.0,1.0,,3195.0936,8190.0,3255.0,-1,,,,,,,286446.0,2014,655,652,0,0,0,0,0,18.0,10.0,41.0,2014,1.0,3,8,2,201,2011,1,35620,47,1.0,1.0,1.0,7,6,64,3.0,2,43,2,,2,2,1,2,330,330,330,4,0,5,2.0,5.0,,,,,,,,,,1.0,,,2,,,,,,,,,,,11503.4702,2784.8055,0,0,,,0,0,2068,2,,,,,,,2761.2316,,,-1,,,,,,,288132.0,2015,667,652,0,0,0,0,0,,,,2015,MIS4_to_MIS8,new_york,0,2014-2015,0,1,0,0,retention
30610508227176,8,2.0,4,4,2,201,2011,1,1,,36,35620,61,1.0,1.0,1.0,7,1,50,,2,44,2,,1,1,1,7,2,57,57,57,1,0,0,2.0,1.0,,40.0,,40.0,,,,,,2.0,3.0,0.0,1,2.0,,1.0,1325.0,530.0,1.0,,2.0,,,10553.2878,2688.6451,0,0,1.0,1.0,0,42,15825,1,,,,,,2.0,2713.1318,8370.0,2010.0,-1,,,,,,,286516.0,2014,655,652,0,0,0,0,0,18.0,6.0,43.0,2014,2.0,4,8,2,201,2011,1,35620,61,1.0,1.0,1.0,7,1,51,,2,43,2,,1,1,7,2,57,57,57,1,0,0,2.0,1.0,,40.0,,40.0,,,,,,2.0,3.0,0.0,1,2.0,2.0,2.0,,961.53,1.0,,2.0,,,10382.3765,2555.781,0,0,0.0,,0,0,2169,1,,,,,,,2579.8717,8370.0,4600.0,-1,,,,,,,288208.0,2015,667,652,0,0,0,0,0,,15.0,43.0,2015,MIS4_to_MIS8,new_york,0,2014-2015,1,0,0,0,retention
117223060055253,8,2.0,1,4,2,201,2011,1,1,,36,35620,47,1.0,1.0,1.0,7,1,44,2.0,1,39,2,,1,1,1,1,2,330,330,330,5,0,7,1.0,1.0,,40.0,,40.0,,,,,,2.0,3.0,0.0,1,2.0,2.0,2.0,,1250.0,1.0,,2.0,,,15265.138,3904.9764,0,0,0.0,,0,0,60849,1,1.0,,,,,,3919.7391,9470.0,3400.0,-1,,,,,,,286603.0,2014,655,652,0,0,0,0,0,12.0,10.0,51.0,2014,1.0,1,8,2,201,2011,1,35620,47,1.0,1.0,1.0,7,1,45,2.0,1,39,2,,1,1,1,2,330,330,330,5,0,7,1.0,1.0,,54.0,,60.0,,,,,,2.0,3.0,0.0,1,2.0,1.0,1.0,1675.0,1230.76,1.0,,1.0,2.0,2.0,17436.2634,4108.0373,0,0,0.0,1.0,0,0,63288,1,1.0,,,,,,4192.0988,9470.0,3400.0,-1,,,,,,,288305.0,2015,667,652,0,0,0,0,0,12.0,10.0,51.0,2015,MIS4_to_MIS8,new_york,0,2014-2015,1,0,0,0,retention
180093060013957,8,3.0,4,4,2,201,2011,1,1,,36,35620,47,1.0,1.0,1.0,7,1,60,,2,44,2,,1,1,1,7,2,57,324,57,1,0,0,2.0,1.0,,40.0,,40.0,,,,,,2.0,3.0,0.0,1,2.0,1.0,1.0,5100.0,769.0,1.0,,,,,14883.0749,3166.257,0,0,1.0,1.0,0,0,2093,1,,,,,,3.0,3195.0936,7860.0,3150.0,-1,,,,,,,286644.0,2014,655,652,0,0,0,0,0,18.0,10.0,40.0,2014,3.0,4,8,2,201,2011,1,35620,47,1.0,1.0,1.0,7,1,61,,2,44,2,,1,1,7,2,57,324,57,1,0,0,2.0,1.0,,40.0,,40.0,,,,,,2.0,3.0,0.0,1,2.0,,1.0,7212.0,2884.61,1.0,,,,,12578.51,2784.8055,0,0,1.0,1.0,0,0,2069,1,,,,,,,2811.055,7860.0,3150.0,-1,,,,,,,288353.0,2015,667,652,0,0,0,0,0,,10.0,40.0,2015,MIS4_to_MIS8,new_york,0,2014-2015,1,0,0,0,retention
305220219064603,8,1.0,3,4,2,201,2011,1,1,,36,35620,47,1.0,1.0,1.0,7,1,27,,1,43,4,,1,1,1,7,2,207,207,207,4,0,19,1.0,1.0,,-4.0,4.0,1.0,,,4.0,,,4.0,2.0,0.0,1,2.0,2.0,2.0,,80.73,2.0,2.0,2.0,,,17220.9754,4309.4678,0,0,0.0,,0,0,2072,1,,,,2.0,,,4328.6423,6190.0,9140.0,-1,,,,,2.0,,286746.0,2014,655,652,0,0,0,0,0,16.0,22.0,23.0,2014,1.0,5,8,2,201,2011,1,35620,47,1.0,1.0,1.0,7,1,28,,1,43,4,,1,1,7,3,207,207,207,4,0,19,,,,-1.0,,,,,,,,,,,2,,,,,,,,,,,0.0,0.0,0,0,,,0,0,15765,1,,,,,,,0.0,,,-1,,,,,2.0,,288412.0,2015,667,652,0,0,0,0,0,,,,2015,MIS4_to_MIS8,new_york,0,2014-2015,0,1,0,0,retention
405305061610644,8,1.0,4,4,2,201,2011,1,1,,36,35620,5,1.0,1.0,1.0,7,1,33,,2,41,2,,1,1,1,6,2,332,332,332,4,0,16,1.0,1.0,,-4.0,,49.0,,,,,,2.0,2.0,0.0,1,1.0,1.0,1.0,1975.0,700.0,1.0,,2.0,,,11758.0301,2971.4087,1,1,0.0,0.0,0,0,52569,1,,,5.0,,,,2938.3594,8190.0,3255.0,-1,,,,,,,286822.0,2014,655,652,1,0,0,0,1,16.0,10.0,41.0,2014,1.0,4,8,2,201,2011,1,35620,5,1.0,1.0,1.0,7,1,34,,2,44,2,,1,1,5,2,332,332,332,4,0,16,1.0,1.0,,35.0,,51.0,,,,,,2.0,4.0,0.0,1,1.0,,1.0,1950.0,1110.0,1.0,,2.0,,,14295.3483,3698.6145,1,1,0.0,0.0,0,0,50668,1,,,,,,,3598.7394,8190.0,3110.0,-1,,,,,,,288506.0,2015,667,652,1,0,0,0,1,,10.0,41.0,2015,MIS4_to_MIS8,new_york,0,2014-2015,0,1,0,1,retention
563130140002100,8,1.0,1,4,2,201,2011,1,1,,36,35620,85,1.0,1.0,1.0,7,4,19,,2,40,1,,3,1,3,7,2,57,57,57,1,0,0,2.0,2.0,4.0,20.0,,,,,,,,10.0,3.0,0.0,1,2.0,,1.0,900.0,180.0,2.0,2.0,1.0,1.0,2.0,13707.6715,3420.5031,0,0,1.0,1.0,0,42,15985,3,,,3.0,,,,3480.6,7860.0,2540.0,-1,,,,,1.0,1.0,286885.0,2014,655,652,0,0,0,0,0,14.0,8.0,40.0,2014,1.0,4,8,2,201,2011,1,35620,85,1.0,1.0,1.0,7,4,20,,2,40,1,,1,3,7,2,57,57,57,1,0,0,2.0,1.0,,25.0,,15.0,,,20.0,,,7.0,3.0,0.0,1,2.0,1.0,1.0,1200.0,125.0,2.0,2.0,1.0,1.0,2.0,14680.8192,3748.835,0,0,1.0,1.0,0,0,2274,3,,,3.0,,,,3805.5195,7860.0,2540.0,-1,,,,,1.0,,288598.0,2015,667,652,0,0,0,0,0,14.0,8.0,40.0,2015,MIS4_to_MIS8,new_york,0,2014-2015,1,0,0,0,retention
610002273751086,8,2.0,4,4,2,201,2011,1,1,,36,35620,61,1.0,1.0,1.0,7,4,26,,2,37,2,4.0,2,2,1,7,2,57,329,329,1,0,0,1.0,1.0,,15.0,,20.0,,,18.0,,,7.0,3.0,0.0,1,2.0,,1.0,1000.0,30.0,2.0,1.0,2.0,,,15372.0628,3901.4076,1,1,0.0,0.0,0,0,6378,2,,,,,,,3841.5146,7860.0,4600.0,-1,,,,,1.0,,286913.0,2014,655,652,1,0,0,0,1,11.0,15.0,40.0,2014,2.0,4,8,2,201,2011,1,35620,61,1.0,1.0,1.0,7,4,26,,2,37,2,4.0,2,1,7,2,57,329,329,1,0,0,1.0,1.0,,25.0,,25.0,,,18.0,,,7.0,4.0,0.0,1,2.0,1.0,1.0,850.0,62.0,2.0,2.0,2.0,,,17496.9865,4545.6729,1,1,1.0,1.0,0,0,31943,2,,,,,,,4404.7262,8470.0,4600.0,-1,,,,,1.0,,288633.0,2015,667,652,1,0,0,0,1,11.0,15.0,43.0,2015,MIS4_to_MIS8,new_york,0,2014-2015,0,1,0,1,retention
622810323981003,8,2.0,1,4,2,201,2011,1,1,,36,35620,81,1.0,1.0,1.0,7,4,20,,1,38,1,7.0,3,1,3,7,2,57,57,364,1,0,0,2.0,7.0,,,,,,,,,,1.0,3.0,0.0,2,,,,,,,,1.0,1.0,1.0,14020.32,3370.5093,0,0,,,0,0,64170,3,,,,,,,3403.8528,7860.0,5860.0,-1,,,,,2.0,1.0,286939.0,2014,655,652,0,0,0,0,0,12.0,17.0,40.0,2014,2.0,1,8,2,201,2011,1,35620,81,1.0,1.0,1.0,7,4,21,,1,39,1,7.0,1,3,7,2,57,57,364,1,0,0,2.0,1.0,,-4.0,,28.0,,,14.0,,,6.0,4.0,0.0,1,2.0,2.0,1.0,800.0,224.0,2.0,2.0,2.0,,,13721.7995,3253.5129,0,0,1.0,1.0,0,42,63326,3,1.0,,,,,,3262.7238,8680.0,4060.0,-1,,,,,2.0,1.0,288659.0,2015,667,652,0,0,0,0,0,12.0,13.0,46.0,2015,MIS4_to_MIS8,new_york,0,2014-2015,0,1,0,1,retention
635490941791003,8,2.0,4,4,2,201,2011,1,1,,36,35620,61,1.0,1.0,1.0,7,1,46,,2,40,1,7.0,2,1,1,6,2,369,369,369,4,0,19,1.0,1.0,,48.0,,48.0,,,,,,2.0,3.0,0.0,1,2.0,,1.0,1000.0,480.0,1.0,,2.0,,,11427.3632,2930.0604,4,1,0.0,0.0,0,0,15822,2,,,3.0,,,,2925.6978,8370.0,3600.0,-1,,,,,,,286952.0,2014,655,652,0,0,0,1,0,14.0,11.0,43.0,2014,2.0,1,8,2,201,2011,1,35620,61,1.0,1.0,1.0,7,1,47,5.0,2,40,1,7.0,1,1,1,2,369,369,369,4,0,19,1.0,2.0,4.0,38.0,,,,,,,,5.0,3.0,0.0,1,2.0,,1.0,1000.0,480.0,1.0,,2.0,,,11585.2742,2801.4246,4,1,0.0,0.0,0,0,31942,2,,,4.0,,,,2914.5234,8170.0,3600.0,-1,,,,,,,288680.0,2015,667,652,0,0,0,1,0,15.0,11.0,42.0,2015,MIS4_to_MIS8,new_york,0,2014-2015,1,0,0,0,retention
655310222751003,8,1.0,4,4,2,201,2011,1,1,,36,35620,47,1.0,1.0,1.0,7,1,50,,2,43,2,,1,1,1,7,2,57,57,57,1,0,0,1.0,1.0,,40.0,,40.0,,,,,,2.0,3.0,0.0,1,2.0,2.0,2.0,,1153.84,1.0,,2.0,,,10553.2878,2688.6451,0,0,0.0,,0,0,2095,1,,,,2.0,,,2713.1318,9470.0,3850.0,-1,,,,,2.0,,286971.0,2014,655,652,0,0,0,0,0,16.0,12.0,51.0,2014,1.0,4,8,2,201,2011,1,35620,47,1.0,1.0,1.0,7,1,51,,2,43,2,,1,1,7,2,57,57,57,1,0,0,1.0,1.0,,40.0,,40.0,,,,,,2.0,3.0,0.0,1,2.0,2.0,2.0,,1384.61,1.0,,2.0,,,10382.3765,2555.781,0,0,0.0,,0,0,15783,1,,,,,,,2579.8717,9470.0,3850.0,-1,,,,,2.0,,288712.0,2015,667,652,0,0,0,0,0,,12.0,51.0,2015,MIS4_to_MIS8,new_york,0,2014-2015,1,0,0,0,retention
2309001610048,8,1.0,1,4,2,201,2011,1,1,,36,35620,119,2.0,1.0,,7,1,46,2.0,1,39,1,,1,1,1,1,2,57,57,57,1,0,0,1.0,2.0,4.0,35.0,,,,,,,,5.0,2.0,0.0,1,2.0,1.0,1.0,1000.0,1384.61,1.0,,2.0,,,12460.116,3197.0871,8,2,0.0,1.0,0,0,31504,1,1.0,,,,,,3209.6511,9470.0,3800.0,-1,,,,,,,287152.0,2014,655,652,0,1,1,0,1,12.0,12.0,51.0,2014,2.0,1,8,2,201,2011,1,35620,119,2.0,1.0,,7,1,47,2.0,1,39,1,,1,1,1,2,57,57,57,1,0,0,2.0,1.0,,40.0,,40.0,,,,,,2.0,2.0,0.0,1,2.0,2.0,2.0,,1384.61,1.0,,2.0,,,11710.4002,3010.876,8,2,0.0,,0,42,32149,1,1.0,,,,,,3009.7489,9470.0,3800.0,-1,,,,,,,288861.0,2015,667,652,0,1,1,0,1,12.0,12.0,51.0,2015,MIS4_to_MIS8,new_york,0,2014-2015,1,0,0,0,retention
2309001610048,8,1.0,1,4,2,201,2011,1,1,,36,35620,119,2.0,1.0,,7,3,46,1.0,2,45,1,,2,1,2,1,2,57,120,57,1,0,0,2.0,1.0,,40.0,,40.0,,,,,,2.0,3.0,0.0,1,2.0,2.0,2.0,,2519.23,2.0,2.0,2.0,,,10511.9976,2729.5277,8,2,0.0,,0,0,31504,2,,,,,,,2691.3408,9470.0,5000.0,-1,,,,,,,287153.0,2014,655,652,0,1,1,0,1,18.0,17.0,51.0,2014,2.0,1,8,2,201,2011,1,35620,119,2.0,1.0,,7,3,48,1.0,2,45,1,,1,2,1,2,57,120,57,1,0,0,1.0,1.0,,50.0,,50.0,,,,,,2.0,3.0,0.0,1,2.0,2.0,2.0,,2692.3,2.0,2.0,2.0,,,11232.3112,2836.2282,8,2,0.0,,0,0,32149,2,,,,,,,2825.728,9470.0,430.0,-1,,,,,,,288862.0,2015,667,652,0,1,1,0,1,18.0,1.0,51.0,2015,MIS4_to_MIS8,new_york,0,2014-2015,1,0,0,0,retention
5305510610298,8,1.0,6,4,2,201,2011,1,1,,36,10580,0,2.0,1.0,,4,14,26,,2,42,1,,2,0,0,7,2,57,57,57,1,0,0,2.0,1.0,,40.0,,40.0,,,,,,2.0,3.0,0.0,1,2.0,,1.0,2768.0,1107.2,1.0,,1.0,2.0,2.0,17157.148,4258.8266,0,0,1.0,1.0,0,0,44256,2,,,3.0,,,,4291.334,8270.0,3030.0,-1,,,,,,,287167.0,2014,655,652,0,0,0,0,0,14.0,10.0,42.0,2014,2.0,1,8,2,201,2011,1,10580,0,2.0,1.0,,4,3,27,1.0,2,42,1,,1,2,1,2,57,57,57,1,0,0,1.0,7.0,,,,,,,,,,1.0,4.0,0.0,2,,,,,,,,2.0,,,13572.4135,3389.1499,0,0,,,0,0,50878,2,,,3.0,,,,3412.2787,8470.0,2300.0,-1,,,,,,,288868.0,2015,667,652,0,0,0,0,0,14.0,8.0,43.0,2015,MIS4_to_MIS8,new_york,0,2014-2015,0,1,0,1,retention
30610001855925,8,2.0,1,4,2,201,2011,1,1,,36,10580,0,2.0,1.0,,4,3,42,1.0,2,39,1,,2,1,2,1,2,57,57,57,1,0,0,1.0,2.0,4.0,30.0,,,,,,,,10.0,2.0,0.0,1,2.0,,1.0,4200.0,1260.0,1.0,,2.0,,,13861.9246,3513.6445,4,1,1.0,1.0,0,42,20289,2,1.0,,,,,,3514.1005,7860.0,2540.0,-1,,,,,,,287197.0,2014,655,652,0,0,0,1,0,12.0,8.0,40.0,2014,1.0,1,8,2,201,2011,1,10580,0,2.0,1.0,,4,3,43,1.0,2,39,1,,1,2,1,2,57,57,57,1,0,0,2.0,2.0,4.0,30.0,,,,,,,,10.0,3.0,0.0,1,2.0,2.0,2.0,,0.0,1.0,,2.0,,,13313.2372,3385.048,4,1,1.0,,0,42,20869,2,1.0,,,,,,3381.1405,7860.0,2540.0,-1,,,,,,,288890.0,2015,667,652,0,0,0,1,0,12.0,8.0,40.0,2015,MIS4_to_MIS8,new_york,0,2014-2015,1,0,0,0,retention
30610085954549,8,1.0,1,4,2,201,2011,1,1,,36,35620,71,2.0,1.0,,7,1,52,2.0,2,44,1,,1,1,1,1,2,57,57,57,1,0,0,1.0,1.0,,60.0,13.0,1.0,,,13.0,,,4.0,3.0,0.0,1,2.0,2.0,2.0,,1659.09,1.0,,2.0,,,11032.4351,2826.6107,0,0,0.0,,0,0,6388,1,,,,,,2.0,2824.5861,7860.0,2330.0,-1,,,,,,,287219.0,2014,655,652,0,0,0,0,0,18.0,8.0,40.0,2014,1.0,1,8,2,201,2011,1,35620,71,2.0,1.0,,7,1,53,2.0,2,44,1,,1,1,1,2,57,57,57,1,0,0,1.0,7.0,,,,,,,,,,1.0,3.0,0.0,2,,,,,,,,2.0,,,11901.6894,2928.8405,0,0,,,0,0,50850,1,,,,,,,2992.2372,7860.0,2330.0,-1,,,,,,,288909.0,2015,667,652,0,0,0,0,0,,8.0,40.0,2015,MIS4_to_MIS8,new_york,0,2014-2015,1,0,0,0,retention
30610145806083,8,1.0,4,4,2,201,2011,1,1,,36,35620,103,2.0,1.0,,7,1,48,,2,43,1,,1,1,1,5,2,57,57,57,1,0,0,1.0,1.0,,40.0,,48.0,,,,,,2.0,3.0,0.0,1,2.0,,1.0,1075.0,430.0,1.0,,2.0,,,10511.9976,2729.5277,0,0,1.0,1.0,0,42,16065,1,,,,2.0,,,2691.3408,9470.0,3820.0,-1,,,,,,,287234.0,2014,655,652,0,0,0,0,0,16.0,12.0,51.0,2014,1.0,4,8,2,201,2011,1,35620,103,2.0,1.0,,7,1,49,,2,43,1,,1,1,5,2,57,57,57,1,0,0,1.0,2.0,4.0,36.0,,,,,,,,5.0,3.0,0.0,1,1.0,2.0,2.0,,480.0,1.0,,2.0,,,11232.3112,2836.2282,0,0,1.0,,0,0,5985,1,,,,,,,2825.728,9470.0,3820.0,-1,,,,,,,288925.0,2015,667,652,0,0,0,0,0,,12.0,51.0,2015,MIS4_to_MIS8,new_york,0,2014-2015,1,0,0,0,retention
63036160200004,8,1.0,1,4,2,201,2011,1,1,,36,35620,59,2.0,1.0,,7,1,53,2.0,2,44,1,,1,1,1,1,2,57,57,57,1,0,0,1.0,2.0,4.0,35.0,,,,,,,,5.0,3.0,0.0,1,2.0,2.0,2.0,,1153.84,1.0,,2.0,,,11032.4351,2826.6107,10,2,0.0,,0,0,34943,1,,,,,,2.0,2824.5861,7860.0,2310.0,-1,,,,,,,287285.0,2014,655,652,0,0,1,1,0,18.0,8.0,40.0,2014,1.0,1,8,2,201,2011,1,35620,59,2.0,1.0,,7,1,54,2.0,2,44,1,,1,1,1,2,57,57,57,1,0,0,1.0,2.0,4.0,40.0,,,,,,,,5.0,3.0,0.0,1,2.0,2.0,2.0,,923.07,1.0,,2.0,,,11493.8342,2928.8405,10,2,0.0,,0,0,61088,1,,,,,,,2891.5197,7860.0,2310.0,-1,,,,,,,289021.0,2015,667,652,0,0,1,1,0,,8.0,40.0,2015,MIS4_to_MIS8,new_york,0,2014-2015,1,0,0,0,retention
136263060092010,8,3.0,4,4,2,201,2011,1,1,,36,15380,0,2.0,1.0,,5,6,55,,2,39,1,,3,1,4,3,2,57,57,57,1,0,0,1.0,4.0,,,,,,,,17.0,2.0,11.0,3.0,0.0,2,,,,,,,,,,,10061.414,2618.0914,0,0,,,0,0,15615,3,1.0,,,,,,2671.0745,770.0,4220.0,-1,,,,,,,287336.0,2014,655,652,0,0,0,0,0,12.0,14.0,4.0,2014,3.0,4,8,2,201,2011,1,15380,0,2.0,1.0,,5,6,55,,2,39,1,,1,4,3,2,57,57,57,1,0,0,1.0,1.0,,40.0,5.0,24.0,,,5.0,,,4.0,4.0,0.0,1,2.0,,1.0,1300.0,520.0,2.0,2.0,,,,10454.2531,2764.3952,0,0,0.0,0.0,0,0,1984,3,1.0,,,,,,2727.872,2280.0,4220.0,-1,,,,,,,289075.0,2015,667,652,0,0,0,0,0,12.0,14.0,19.0,2015,MIS4_to_MIS8,new_york,0,2014-2015,0,1,0,1,retention
195483060062204,8,1.0,1,4,2,201,2011,1,1,,36,45060,67,2.0,1.0,,4,4,23,,2,43,1,,3,1,3,7,2,57,57,57,1,0,0,2.0,1.0,,40.0,,35.0,,,,,,2.0,3.0,0.0,1,2.0,,1.0,1550.0,542.5,2.0,2.0,2.0,,,16337.4627,4165.1869,0,0,0.0,0.0,0,0,2203,3,,,,2.0,,,4086.1299,7860.0,2540.0,-1,,,,,2.0,1.0,287369.0,2014,655,652,0,0,0,0,0,16.0,8.0,40.0,2014,1.0,1,8,2,201,2011,1,45060,67,2.0,1.0,,4,4,24,,2,43,1,,1,3,7,2,57,57,57,1,0,0,2.0,1.0,,-4.0,1.0,32.0,,,1.0,,,3.0,3.0,0.0,1,2.0,,1.0,1530.0,535.5,1.0,,2.0,,,13688.8714,3517.9421,0,0,0.0,0.0,0,0,2214,3,,,,,,,3548.3897,7860.0,2540.0,-1,,,,,2.0,1.0,289118.0,2015,667,652,0,0,0,0,0,,8.0,40.0,2015,MIS4_to_MIS8,new_york,0,2014-2015,1,0,0,0,retention
305050814059694,8,1.0,1,4,2,201,2011,1,1,,36,35620,71,2.0,1.0,,7,3,39,1.0,2,44,1,,2,1,2,1,2,57,57,57,1,0,0,2.0,2.0,4.0,40.0,,,,,,,,5.0,3.0,0.0,1,2.0,2.0,2.0,,1750.0,1.0,,2.0,,,14971.7497,3767.3392,8,2,0.0,,0,0,52709,2,,,,,,2.0,3795.4494,7860.0,2310.0,-1,,,,,,,287447.0,2014,655,652,0,1,1,0,1,18.0,8.0,40.0,2014,1.0,1,8,2,201,2011,1,35620,71,2.0,1.0,,7,3,41,1.0,2,44,1,,1,2,1,2,57,57,57,1,0,0,2.0,2.0,4.0,37.0,,,,,,,,5.0,3.0,0.0,1,2.0,2.0,2.0,,1173.0,1.0,,2.0,,,14481.1798,3682.0113,8,2,1.0,,0,0,15970,2,,,,,,,3677.7609,7860.0,2310.0,-1,,,,,,,289169.0,2015,667,652,0,1,1,0,1,,8.0,40.0,2015,MIS4_to_MIS8,new_york,0,2014-2015,1,0,0,0,retention
305300416003680,8,2.0,1,4,2,201,2011,1,1,,36,35620,103,2.0,1.0,,7,3,56,1.0,1,40,2,,2,1,2,1,2,57,57,57,1,0,0,1.0,1.0,,40.0,,40.0,,,,,,2.0,3.0,0.0,1,2.0,,1.0,1500.0,600.0,1.0,,,,,17514.7449,4615.3801,10,2,1.0,1.0,0,42,16075,2,,,3.0,,,,4571.0652,9470.0,3820.0,-1,,,,,,,287453.0,2014,655,652,0,0,1,1,0,14.0,12.0,51.0,2014,2.0,1,8,2,201,2011,1,35620,103,2.0,1.0,,7,3,57,1.0,1,40,2,,1,2,1,2,57,57,57,1,0,0,1.0,2.0,4.0,40.0,,,,,,,,5.0,4.0,0.0,1,1.0,1.0,1.0,1400.0,1307.0,1.0,,,,,17289.342,4215.0707,4,2,1.0,1.0,0,0,35218,2,,,3.0,,,,4273.9258,3990.0,3930.0,-1,,,,,,,289175.0,2015,667,652,0,0,0,1,0,14.0,12.0,13.0,2015,MIS4_to_MIS8,new_york,0,2014-2015,0,1,0,1,retention
403300651610808,8,2.0,1,4,2,201,2011,1,1,,36,35620,103,2.0,1.0,,7,1,60,2.0,2,44,1,,1,1,1,1,2,57,57,57,1,0,0,1.0,1.0,,40.0,,40.0,,,,,,2.0,3.0,0.0,1,2.0,2.0,2.0,,1520.0,2.0,2.0,,,,10816.943,2692.3169,0,0,1.0,,0,0,70337,1,,,,,,2.0,2661.4195,7860.0,230.0,-1,,,,,,,287496.0,2014,655,652,0,0,0,0,0,18.0,1.0,40.0,2014,2.0,1,8,2,201,2011,1,35620,103,2.0,1.0,,7,1,61,2.0,2,44,1,,1,1,1,2,57,57,57,1,0,0,2.0,1.0,,40.0,,40.0,,,,,,2.0,5.0,0.0,1,2.0,2.0,2.0,,576.0,2.0,2.0,,,,12881.0352,3210.6592,0,0,1.0,,0,0,61168,1,,,,,,,3205.1138,7860.0,230.0,-1,,,,,,,289245.0,2015,667,652,0,0,0,0,0,,1.0,40.0,2015,MIS4_to_MIS8,new_york,0,2014-2015,0,1,0,1,retention
403300653610008,8,1.0,1,4,2,201,2011,1,1,,36,35620,103,2.0,1.0,,7,3,40,1.0,2,44,2,7.0,2,1,2,1,2,370,370,370,4,0,13,2.0,2.0,4.0,40.0,,,,,,,,5.0,3.0,0.0,1,2.0,2.0,2.0,,1480.76,1.0,,2.0,,,21144.6517,5437.2465,10,2,0.0,,0,0,16074,2,,,,,,2.0,5431.8143,7860.0,2310.0,-1,,,,,,,287501.0,2014,655,652,0,0,1,1,0,18.0,8.0,40.0,2014,7.0,1,8,2,201,2011,1,35620,103,2.0,1.0,,7,3,41,1.0,2,44,2,7.0,1,2,1,2,370,370,370,4,0,13,2.0,7.0,,,,,,,,,,1.0,2.0,0.0,2,,,,,,,,2.0,,,28898.4756,6204.5473,10,3,,,0,0,66559,2,,,,,,,7140.1456,7860.0,2330.0,-1,,,,,,,289250.0,2015,667,652,0,0,1,1,0,,8.0,40.0,2015,MIS4_to_MIS8,new_york,0,2014-2015,1,0,0,0,retention
510005603205556,8,1.0,1,4,2,201,2011,1,1,,36,35620,0,2.0,1.0,,7,1,50,2.0,2,44,1,,1,1,1,1,2,57,57,110,1,0,0,1.0,2.0,4.0,42.0,,,,,,,,5.0,2.0,0.0,1,2.0,2.0,2.0,,1307.69,1.0,,2.0,,,11032.4351,2826.6107,4,1,0.0,,0,0,52587,1,,,,,,2.0,2824.5861,7860.0,2310.0,-1,,,,,,,287541.0,2014,655,652,0,0,0,1,0,18.0,8.0,40.0,2014,2.0,1,8,2,201,2011,1,35620,0,2.0,1.0,,7,1,51,2.0,2,44,1,,1,1,1,2,57,57,110,1,0,0,2.0,2.0,4.0,40.0,,,,,,,,5.0,3.0,0.0,1,2.0,2.0,2.0,,1100.0,1.0,,2.0,,,11493.8342,2928.8405,0,0,1.0,,0,42,5893,1,,,,,,,2891.5197,7860.0,2310.0,-1,,,,,,,289300.0,2015,667,652,0,0,0,0,0,,8.0,40.0,2015,MIS4_to_MIS8,new_york,0,2014-2015,1,0,0,0,retention
563589100002501,8,1.0,7,4,2,201,2011,1,1,,36,10580,0,2.0,1.0,,4,2,47,,2,40,1,,1,0,0,5,2,57,57,57,1,0,0,1.0,1.0,,40.0,,40.0,,,,,,2.0,2.0,0.0,1,2.0,2.0,2.0,,538.0,1.0,,2.0,,,10049.9163,2609.5444,0,0,1.0,,0,0,70315,1,,,2.0,,,,2573.0361,9490.0,5120.0,-1,,,,,,,287551.0,2014,655,652,0,0,0,0,0,13.0,17.0,51.0,2014,1.0,7,8,2,201,2011,1,10580,0,2.0,1.0,,4,2,48,,2,42,1,,0,0,5,2,57,57,57,1,0,0,1.0,1.0,,38.0,,38.0,,,,,,2.0,2.0,0.0,1,2.0,,1.0,1930.0,733.4,2.0,2.0,2.0,,,10326.3978,2607.4794,0,0,0.0,0.0,0,0,42899,1,,,3.0,,,,2597.8261,9490.0,800.0,-1,,,,,,,289309.0,2015,667,652,0,0,0,0,0,14.0,2.0,51.0,2015,MIS4_to_MIS8,new_york,0,2014-2015,1,0,0,0,retention
601867004330340,8,1.0,1,4,2,201,2011,1,1,,36,35620,59,2.0,1.0,,7,3,47,1.0,2,42,1,7.0,2,1,2,1,2,363,363,363,5,0,10,2.0,1.0,,40.0,,40.0,,,,,,2.0,3.0,0.0,1,2.0,,1.0,875.0,350.0,1.0,,2.0,,,9682.2572,2508.2976,3,1,1.0,1.0,0,42,31261,2,,,3.0,,,,2478.906,7860.0,2540.0,-1,,,,,,,287567.0,2014,655,652,0,0,1,0,0,14.0,8.0,40.0,2014,1.0,1,8,2,201,2011,1,35620,59,2.0,1.0,,7,3,48,1.0,2,40,1,7.0,1,2,1,2,363,363,363,5,0,10,2.0,1.0,,40.0,,40.0,,,,,,2.0,3.0,0.0,1,2.0,2.0,2.0,,1403.0,2.0,2.0,2.0,,,11811.0548,2874.3279,3,1,1.0,,0,42,31894,2,,,3.0,,,,2971.3233,7860.0,2540.0,-1,,,,,,,289317.0,2015,667,652,0,0,1,0,0,14.0,8.0,40.0,2015,MIS4_to_MIS8,new_york,0,2014-2015,1,0,0,0,retention
660490824521003,8,1.0,7,4,2,201,2011,1,1,,36,45060,67,2.0,1.0,,4,2,29,,2,44,1,,1,0,0,7,2,57,57,57,1,0,0,1.0,1.0,,-4.0,,38.0,,,,,,2.0,3.0,0.0,1,2.0,2.0,2.0,,448.0,1.0,,2.0,,,17157.148,4258.8266,0,0,1.0,,0,42,60887,1,,,,,,2.0,4291.334,7860.0,2310.0,-1,,,,,,,287611.0,2014,655,652,0,0,0,0,0,18.0,8.0,40.0,2014,2.0,7,8,2,201,2011,1,45060,67,2.0,1.0,,4,2,30,,2,44,1,,0,0,7,2,57,57,57,1,0,0,2.0,1.0,,30.0,,30.0,,,22.0,,,7.0,2.0,0.0,1,2.0,2.0,2.0,,1300.0,1.0,,1.0,2.0,2.0,11794.3033,2950.3347,0,0,0.0,,0,0,57613,1,,,,,,,2923.3879,7860.0,2320.0,-1,,,,,,,289365.0,2015,667,652,0,0,0,0,0,,8.0,40.0,2015,MIS4_to_MIS8,new_york,0,2014-2015,1,0,0,0,retention
660830720701003,8,1.0,7,4,2,201,2011,1,1,,36,10580,91,2.0,1.0,,4,2,77,,2,39,1,,1,0,0,4,2,57,57,57,1,0,0,1.0,5.0,,,,,,,,,,1.0,3.0,0.0,2,,,,,,,,,,,11584.6157,2888.5479,0,0,,,0,0,20293,1,1.0,,,,,,2899.3875,7860.0,5700.0,-1,,,,,,,287614.0,2014,655,652,0,0,0,0,0,12.0,17.0,40.0,2014,1.0,7,8,2,201,2011,1,10580,91,2.0,1.0,,4,2,78,,2,39,1,,0,0,4,2,57,57,57,1,0,0,1.0,5.0,,,,,,,,,,1.0,,,2,,,,,,,,,,,11145.5422,2775.3083,0,0,,,0,0,57657,1,1.0,,,,,,2792.0856,,,-1,,,,,,,289368.0,2015,667,652,0,0,0,0,0,12.0,,,2015,MIS4_to_MIS8,new_york,0,2014-2015,0,1,0,0,retention
807308520610245,8,2.0,1,4,2,201,2011,1,1,,36,40380,69,2.0,1.0,,5,4,21,,2,39,1,,4,1,3,7,2,57,57,57,1,0,0,2.0,1.0,,30.0,,30.0,,,20.0,,,7.0,3.0,0.0,1,2.0,2.0,2.0,,200.0,2.0,2.0,1.0,1.0,2.0,16337.4627,4165.1869,0,0,0.0,,0,0,52706,4,1.0,,,,,,4086.1299,9370.0,725.0,-1,,,,,2.0,1.0,287675.0,2014,655,652,0,0,0,0,0,12.0,2.0,51.0,2014,2.0,1,8,2,201,2011,1,40380,69,2.0,1.0,,5,4,22,,2,43,1,,1,3,7,2,57,57,57,1,0,0,2.0,1.0,,30.0,,30.0,,,20.0,,,7.0,4.0,0.0,1,2.0,,1.0,1500.0,450.0,2.0,2.0,1.0,1.0,2.0,13804.4365,3547.6415,0,0,1.0,1.0,0,42,61119,4,,,,,,,3578.3462,7870.0,50.0,-1,,,,,2.0,1.0,289430.0,2015,667,652,0,0,0,0,0,,1.0,40.0,2015,MIS4_to_MIS8,new_york,0,2014-2015,0,1,0,1,retention
810004223209116,8,1.0,1,4,2,201,2011,1,1,,36,10580,91,2.0,1.0,,4,1,31,2.0,2,44,1,,1,1,1,1,2,57,57,57,1,0,0,1.0,1.0,,40.0,,40.0,,,,,,2.0,2.0,0.0,1,2.0,2.0,2.0,,1769.23,2.0,2.0,2.0,,,13135.2952,3247.8647,0,0,0.0,,0,0,6399,1,,,,,,2.0,3285.3909,7460.0,10.0,-1,,,,,,,287677.0,2014,655,652,0,0,0,0,0,18.0,1.0,36.0,2014,1.0,1,8,2,201,2011,1,10580,91,2.0,1.0,,4,1,32,2.0,2,44,1,,1,1,1,2,57,57,57,1,0,0,1.0,1.0,,40.0,,40.0,,,,,,2.0,2.0,0.0,1,2.0,2.0,2.0,,1826.92,2.0,2.0,2.0,,,11794.3033,2950.3347,1,1,0.0,,0,0,5980,1,,,,,,,2923.3879,7460.0,10.0,-1,,,,,,,289431.0,2015,667,652,1,0,0,0,1,,1.0,36.0,2015,MIS4_to_MIS8,new_york,0,2014-2015,1,0,0,0,retention
30610032997725,8,1.0,1,4,2,201,2011,1,1,,36,13780,0,,1.0,,3,1,41,2.0,1,44,1,,1,1,1,1,2,57,57,57,1,0,0,1.0,1.0,,40.0,,36.0,,,,,,2.0,3.0,0.0,1,2.0,2.0,2.0,,961.53,1.0,,2.0,,,2658.3484,668.5753,8,3,0.0,,0,0,60943,1,,,,,,1.0,661.2853,7860.0,230.0,-1,,,,,,,287919.0,2014,655,652,0,1,1,0,1,17.0,1.0,40.0,2014,1.0,1,8,2,201,2011,1,13780,0,,1.0,,3,1,42,2.0,1,44,1,,1,1,1,2,57,57,57,1,0,0,1.0,1.0,,40.0,,40.0,,,,,,2.0,2.0,0.0,1,2.0,2.0,2.0,,1865.38,2.0,2.0,2.0,,,11493.6515,2934.2967,8,3,0.0,,0,0,57680,1,,,,,,,2920.7561,7860.0,230.0,-1,,,,,,,289599.0,2015,667,652,0,1,1,0,1,,1.0,40.0,2015,MIS4_to_MIS8,new_york,0,2014-2015,1,0,0,0,retention
30610032997725,8,1.0,1,4,2,201,2011,1,1,,36,13780,0,,1.0,,3,3,35,1.0,2,44,1,,2,1,2,1,2,57,57,57,1,0,0,2.0,2.0,4.0,40.0,,,,,,,,5.0,3.0,0.0,1,2.0,2.0,2.0,,923.07,1.0,,2.0,,,2682.0348,674.88,8,3,0.0,,0,0,60943,2,,,,,,2.0,679.9157,7860.0,2320.0,-1,,,,,,,287920.0,2014,655,652,0,1,1,0,1,18.0,8.0,40.0,2014,1.0,1,8,2,201,2011,1,13780,0,,1.0,,3,3,37,1.0,2,44,1,,1,2,1,2,57,57,57,1,0,0,2.0,2.0,4.0,38.0,,,,,,,,5.0,2.0,0.0,1,2.0,2.0,2.0,,1190.47,1.0,,2.0,,,11451.8552,2860.129,8,3,0.0,,0,0,57680,2,,,,,,,2908.4084,7860.0,2320.0,-1,,,,,,,289600.0,2015,667,652,0,1,1,0,1,,8.0,40.0,2015,MIS4_to_MIS8,new_york,0,2014-2015,1,0,0,0,retention
900409142210136,8,1.0,6,4,2,201,2011,1,1,,42,38300,3,1.0,1.0,,5,2,24,,1,46,1,,1,0,0,7,2,57,57,57,1,0,0,1.0,1.0,,40.0,,40.0,,,,,,2.0,2.0,0.0,1,2.0,2.0,2.0,,384.61,2.0,2.0,1.0,1.0,2.0,13078.5288,3226.3297,0,0,0.0,,0,0,32249,1,,,,,,,3278.8877,7870.0,2200.0,-1,,,,,,,291618.0,2014,655,652,0,0,0,0,0,18.0,8.0,40.0,2014,2.0,1,8,2,201,2011,1,38300,3,1.0,1.0,,5,1,24,2.0,1,46,1,,1,1,1,2,57,57,57,1,0,0,2.0,1.0,,20.0,,20.0,,,20.0,,,7.0,2.0,0.0,1,2.0,2.0,2.0,,392.3,2.0,2.0,1.0,1.0,2.0,16849.6845,4027.6554,0,0,0.0,,0,0,16934,1,,,,,,,4006.4619,7870.0,2540.0,-1,,,,,,,293546.0,2015,667,652,0,0,0,0,0,18.0,8.0,40.0,2015,MIS4_to_MIS8,pennsylvania,0,2014-2015,1,0,0,0,retention
40210158214006,8,1.0,6,4,2,201,2011,1,1,,42,37980,91,2.0,1.0,,7,2,44,,1,43,1,,1,0,0,7,2,57,57,57,1,0,0,1.0,1.0,,25.0,,21.0,,,22.0,,,7.0,3.0,0.0,1,2.0,2.0,2.0,,132.0,1.0,,2.0,,,10887.2448,2704.15,0,0,1.0,,0,41,17004,1,,,,2.0,,,2708.2887,7860.0,2320.0,-1,,,,,,,291712.0,2014,655,652,0,0,0,0,0,16.0,8.0,40.0,2014,1.0,6,8,2,201,2011,1,37980,91,2.0,1.0,,7,2,45,,1,43,1,,0,0,7,2,57,57,57,1,0,0,1.0,1.0,,25.0,,25.0,,,22.0,,,7.0,7.0,0.0,2,,,,,,,,2.0,,,12767.5666,3109.5262,0,0,,,0,0,32934,1,,,,,,,3135.5243,7890.0,2720.0,-1,,,,,,,293610.0,2015,667,652,0,0,0,0,0,,9.0,40.0,2015,MIS4_to_MIS8,pennsylvania,0,2014-2015,0,1,0,1,retention
98062655400741,8,2.0,1,4,2,201,2011,1,1,,42,37980,91,2.0,1.0,,7,3,55,1.0,1,40,1,,2,1,2,1,2,57,57,57,1,0,0,1.0,1.0,,40.0,,40.0,,,,,,2.0,3.0,0.0,1,1.0,1.0,1.0,824.0,1923.0,1.0,,,,,13213.5819,3338.4811,3,1,1.0,1.0,0,0,53515,2,,,3.0,,,,3343.5329,9470.0,3850.0,-1,,,,,,,291748.0,2014,655,652,0,0,1,0,0,14.0,12.0,51.0,2014,4.0,1,8,2,201,2011,1,37980,91,2.0,1.0,,7,3,56,1.0,1,39,1,,1,2,1,2,57,57,57,1,0,0,2.0,1.0,,50.0,,50.0,,,,,,2.0,3.0,0.0,1,2.0,2.0,2.0,,1230.0,1.0,,,,,14296.6469,3469.9924,4,1,1.0,,0,42,63534,2,1.0,,,,,,3529.9587,9470.0,3850.0,-1,,,,,,,293670.0,2015,667,652,0,0,0,1,0,12.0,12.0,51.0,2015,MIS4_to_MIS8,pennsylvania,0,2014-2015,1,0,0,0,retention
185094020013109,8,1.0,4,4,2,201,2011,1,1,,42,38300,0,2.0,1.0,,5,1,39,,2,39,1,,1,1,1,5,2,57,57,57,1,0,0,1.0,7.0,,,,,,,,,,1.0,2.0,0.0,2,,,,,,,,2.0,,,11234.7869,2927.488,8,3,,,0,0,16736,1,1.0,,,,,,2831.5123,8470.0,4600.0,-1,,,,,,,291804.0,2014,655,652,0,1,1,0,1,12.0,15.0,43.0,2014,1.0,4,8,2,201,2011,1,38300,0,2.0,1.0,,5,1,40,,2,39,1,,1,1,5,2,57,57,57,1,0,0,1.0,1.0,,12.0,,20.0,,,18.0,,,7.0,4.0,0.0,1,2.0,,1.0,725.0,87.0,2.0,2.0,2.0,,,13779.1887,3473.1717,8,3,0.0,0.0,0,0,32747,1,2.0,8.0,,,,,3499.4774,5390.0,4720.0,-1,,,,,,,293753.0,2015,667,652,0,1,1,0,1,12.0,16.0,22.0,2015,MIS4_to_MIS8,pennsylvania,0,2014-2015,0,1,0,1,retention
202409340210905,8,1.0,1,4,2,201,2011,1,1,,42,38300,3,2.0,1.0,,5,1,43,2.0,2,43,1,,1,1,1,1,2,57,57,57,1,0,0,1.0,2.0,4.0,40.0,,,,,,,,5.0,3.0,0.0,1,2.0,2.0,2.0,,903.0,1.0,,2.0,,,11408.6007,2855.8871,10,3,1.0,,0,0,16720,1,,,,2.0,,,2892.1647,7860.0,2310.0,-1,,,,,,,291810.0,2014,655,652,0,0,1,1,0,16.0,8.0,40.0,2014,1.0,1,8,2,201,2011,1,38300,3,2.0,1.0,,5,1,45,2.0,2,43,1,,1,1,1,2,57,57,57,1,0,0,1.0,2.0,4.0,40.0,,,,,,,,5.0,3.0,0.0,1,2.0,2.0,2.0,,1000.0,1.0,,2.0,,,14031.9132,3512.4518,10,2,1.0,,0,42,66856,1,,,,,,,3530.0277,7860.0,2310.0,-1,,,,,,,293761.0,2015,667,652,0,0,1,1,0,,8.0,40.0,2015,MIS4_to_MIS8,pennsylvania,0,2014-2015,1,0,0,0,retention
202409340210905,8,1.0,1,4,2,201,2011,1,1,,42,38300,3,2.0,1.0,,5,3,41,1.0,1,44,1,,2,1,2,1,2,57,57,57,1,0,0,2.0,2.0,4.0,40.0,,,,,,,,5.0,3.0,0.0,1,2.0,2.0,2.0,,1038.0,1.0,,2.0,,,11273.1141,2799.9914,10,3,1.0,,0,42,16720,2,,,,,,2.0,2804.2768,7860.0,2310.0,-1,,,,,,,291811.0,2014,655,652,0,0,1,1,0,18.0,8.0,40.0,2014,1.0,1,8,2,201,2011,1,38300,3,2.0,1.0,,5,3,44,1.0,1,44,1,,1,2,1,2,57,57,57,1,0,0,2.0,2.0,4.0,40.0,,,,,,,,5.0,3.0,0.0,1,2.0,2.0,2.0,,2884.61,1.0,,2.0,,,13293.7582,3364.4588,10,2,1.0,,0,42,66856,2,,,,,,,3378.1976,7860.0,2310.0,-1,,,,,,,293762.0,2015,667,652,0,0,1,1,0,,8.0,40.0,2015,MIS4_to_MIS8,pennsylvania,0,2014-2015,1,0,0,0,retention
592890501880402,8,1.0,3,4,2,201,2011,1,1,,42,10900,0,2.0,1.0,,4,4,44,,2,44,1,,4,1,3,7,2,57,57,57,1,0,0,2.0,1.0,,40.0,,40.0,,,,,,2.0,3.0,0.0,1,2.0,2.0,2.0,,1442.0,1.0,,2.0,,,11816.1156,2957.8993,0,0,1.0,,0,0,53468,4,,,,,,3.0,2995.4728,7860.0,2310.0,-1,,,,,,1.0,292050.0,2014,655,652,0,0,0,0,0,18.0,8.0,40.0,2014,1.0,3,8,2,201,2011,1,10900,0,2.0,1.0,,4,4,45,,2,44,1,,1,3,7,2,57,57,57,1,0,0,2.0,2.0,4.0,40.0,,,,,,,,5.0,3.0,0.0,1,2.0,2.0,2.0,,807.0,1.0,,1.0,2.0,2.0,12952.5865,3242.276,0,0,1.0,,0,0,17173,4,,,,,,,3258.5,7860.0,2310.0,-1,,,,,,1.0,293968.0,2015,667,652,0,0,0,0,0,,8.0,40.0,2015,MIS4_to_MIS8,pennsylvania,0,2014-2015,1,0,0,0,retention
703400590210228,8,1.0,7,4,2,201,2011,1,1,,42,42540,0,2.0,1.0,,4,2,49,,2,39,1,,1,0,0,4,2,57,57,57,1,0,0,1.0,1.0,,40.0,,40.0,,,,,,2.0,3.0,0.0,1,2.0,,1.0,1200.0,480.0,2.0,2.0,2.0,,,13943.3263,3575.5512,0,0,0.0,0.0,0,0,53483,1,1.0,,,,,,3569.8489,7790.0,9720.0,-1,,,,,,,292089.0,2014,655,652,0,0,0,0,0,12.0,22.0,39.0,2014,1.0,7,8,2,201,2011,1,42540,0,2.0,1.0,,4,2,50,,2,39,1,,0,0,4,2,57,57,57,1,0,0,1.0,1.0,,40.0,,40.0,,,,,,2.0,3.0,0.0,1,2.0,,1.0,1327.0,530.8,2.0,2.0,2.0,,,13254.1628,3348.1471,0,0,0.0,0.0,0,0,32900,1,1.0,,,,,,3334.368,7790.0,9720.0,-1,,,,,,,293998.0,2015,667,652,0,0,0,0,0,12.0,22.0,39.0,2015,MIS4_to_MIS8,pennsylvania,0,2014-2015,1,0,0,0,retention
1409360210935,8,1.0,7,4,2,201,2011,1,1,,42,20700,89,,1.0,,2,2,70,,2,43,1,,1,0,0,4,2,57,57,57,1,0,0,1.0,2.0,4.0,40.0,,,,,,,,5.0,2.0,0.0,1,2.0,2.0,2.0,,1923.0,1.0,,,,,11929.9059,3216.249,0,0,1.0,,0,42,53503,1,,,,1.0,1.0,,3194.6559,7860.0,2330.0,-1,,,,,,,292381.0,2014,655,652,0,0,0,0,0,18.0,8.0,40.0,2014,2.0,1,8,2,201,2011,1,20700,89,,1.0,,2,1,70,2.0,2,43,1,,1,1,1,2,57,57,57,1,0,0,2.0,2.0,4.0,40.0,,,,,,,,5.0,2.0,0.0,1,2.0,,1.0,1000.0,400.0,1.0,,,,,14582.9661,3630.59,0,0,1.0,1.0,0,42,43457,1,,,,,,,3614.8607,7860.0,2310.0,-1,,,,,,,294195.0,2015,667,652,0,0,0,0,0,,8.0,40.0,2015,MIS4_to_MIS8,pennsylvania,0,2014-2015,1,0,0,0,retention
40210006593391,8,1.0,1,4,2,201,2011,1,1,,42,20700,89,,1.0,,2,3,55,1.0,2,44,1,,2,1,2,1,2,57,57,57,1,0,0,2.0,2.0,4.0,40.0,,,,,,,,5.0,2.0,0.0,1,2.0,2.0,2.0,,576.0,1.0,,,,,12140.7235,3046.8477,0,0,1.0,,0,42,6770,2,,,,,,2.0,3066.2396,7860.0,2310.0,-1,,,,,,,292413.0,2014,655,652,0,0,0,0,0,18.0,8.0,40.0,2014,1.0,1,8,2,201,2011,1,20700,89,,1.0,,2,3,56,1.0,2,44,1,,1,2,1,2,57,57,57,1,0,0,2.0,2.0,4.0,40.0,,,,,,,,5.0,2.0,0.0,1,2.0,2.0,2.0,,1442.3,1.0,,,,,13175.452,3453.7753,0,0,0.0,,0,0,61503,2,,,,,,,3437.9258,7860.0,2310.0,-1,,,,,,,294212.0,2015,667,652,0,0,0,0,0,,8.0,40.0,2015,MIS4_to_MIS8,pennsylvania,0,2014-2015,1,0,0,0,retention
61525001640050,8,2.0,7,4,2,201,2011,1,1,,42,25420,0,,1.0,,4,12,53,,1,43,1,,2,0,0,7,2,57,57,57,1,0,0,1.0,3.0,,,,,10.0,,,10.0,1.0,11.0,2.0,0.0,2,,,,,,,,2.0,,,15012.3217,3196.6652,0,0,,,0,0,6741,2,,,,1.0,1.0,,3383.2437,7860.0,2310.0,-1,,,,,,,292429.0,2014,655,652,0,0,0,0,0,18.0,8.0,40.0,2014,2.0,7,8,2,201,2011,1,25420,0,,1.0,,4,12,54,,1,43,1,,0,0,7,2,57,57,57,1,0,0,1.0,1.0,,40.0,,40.0,,,,,,2.0,3.0,0.0,1,2.0,2.0,2.0,,1423.07,1.0,,2.0,,,13634.473,3507.2276,0,0,0.0,,0,0,2813,2,,,,,,,3504.2645,7860.0,2310.0,-1,,,,,,,294248.0,2015,667,652,0,0,0,0,0,,8.0,40.0,2015,MIS4_to_MIS8,pennsylvania,0,2014-2015,1,0,0,0,retention
110005934903062,8,2.0,1,4,2,201,2011,1,1,,42,20700,89,,1.0,,2,1,57,2.0,1,43,1,,1,1,1,1,2,57,57,57,1,0,0,2.0,1.0,,40.0,,40.0,,,,,,2.0,3.0,0.0,1,2.0,2.0,2.0,,750.0,1.0,,,,,12035.8414,3040.9187,3,1,1.0,,0,42,53502,1,,,,2.0,,,3045.5203,9470.0,3850.0,-1,,,,,,,292448.0,2014,655,652,0,0,1,0,0,16.0,12.0,51.0,2014,2.0,1,8,2,201,2011,1,20700,89,,1.0,,2,1,58,2.0,1,43,1,,1,1,1,2,57,57,57,1,0,0,2.0,1.0,,40.0,,40.0,,,,,,2.0,2.0,0.0,1,2.0,2.0,2.0,,1269.0,1.0,,,,,14743.9935,3578.5696,3,1,1.0,,0,42,51396,1,,,,,,,3640.4122,9470.0,3850.0,-1,,,,,,,294284.0,2015,667,652,0,0,1,0,0,,12.0,51.0,2015,MIS4_to_MIS8,pennsylvania,0,2014-2015,1,0,0,0,retention
250140725451004,8,1.0,7,4,2,201,2011,1,1,,42,39740,11,,1.0,,3,2,53,,2,45,1,,1,0,0,7,2,57,57,57,1,0,0,1.0,2.0,14.0,60.0,,,,,,,,5.0,2.0,0.0,1,2.0,2.0,2.0,,2884.61,1.0,,2.0,,,14633.645,3702.7252,0,0,0.0,,0,0,20476,1,,,,,,,3746.5881,7870.0,2200.0,-1,,,,,,,292501.0,2014,655,652,0,0,0,0,0,18.0,8.0,40.0,2014,1.0,7,8,2,201,2011,1,39740,11,,1.0,,3,2,54,,2,46,1,,0,0,7,2,57,57,57,1,0,0,1.0,2.0,14.0,50.0,,,,,,,,5.0,2.0,0.0,1,2.0,2.0,2.0,,2650.0,1.0,,2.0,,,14358.6196,3627.145,0,0,0.0,,0,0,6254,1,,,,,,,3612.2177,7870.0,2200.0,-1,,,,,,,294343.0,2015,667,652,0,0,0,0,0,18.0,8.0,40.0,2015,MIS4_to_MIS8,pennsylvania,0,2014-2015,1,0,0,0,retention
522510401540407,8,2.0,1,4,2,201,2011,1,1,,42,39740,11,,1.0,,3,1,37,2.0,2,44,1,,1,1,1,1,2,57,57,57,1,0,0,2.0,2.0,4.0,40.0,,,,,,,,5.0,3.0,0.0,1,2.0,2.0,2.0,,1576.92,1.0,,2.0,,,12201.155,3032.0578,8,3,0.0,,0,0,53315,1,,,,,,2.0,3093.0831,7860.0,2300.0,-1,,,,,,,292541.0,2014,655,652,0,1,1,0,1,18.0,8.0,40.0,2014,1.0,1,8,2,201,2011,1,39740,11,,1.0,,3,1,38,2.0,2,44,1,,1,1,1,2,57,57,57,1,0,0,1.0,2.0,4.0,40.0,,,,,,,,5.0,3.0,0.0,1,2.0,2.0,2.0,,2125.0,1.0,,2.0,,,12064.2158,2986.9662,8,3,0.0,,0,0,32751,1,,,,,,,3063.9286,7860.0,2300.0,-1,,,,,,,294399.0,2015,667,652,0,1,1,0,1,,8.0,40.0,2015,MIS4_to_MIS8,pennsylvania,0,2014-2015,1,0,0,0,retention
524212130002203,8,2.0,1,4,2,201,2011,1,1,,42,25420,43,,1.0,,4,4,17,,2,37,1,,4,1,3,7,2,57,57,57,1,0,0,2.0,7.0,,,,,,,,,,1.0,2.0,0.0,2,,,,,,,,1.0,1.0,1.0,13224.4228,3367.159,0,0,,,0,0,16860,4,,,,,,,3318.5536,7860.0,2540.0,-1,,,,,2.0,1.0,292548.0,2014,655,652,0,0,0,0,0,11.0,8.0,40.0,2014,2.0,1,8,2,201,2011,1,25420,43,,1.0,,4,4,18,,2,36,1,,1,3,7,2,57,57,57,1,0,0,2.0,1.0,,25.0,,25.0,,,20.0,,,7.0,4.0,0.0,1,2.0,,1.0,900.0,270.0,2.0,2.0,2.0,,,12181.5963,3246.9835,0,0,0.0,0.0,0,0,17054,4,,,,,,,3102.8167,8680.0,4030.0,-1,,,,,2.0,1.0,294406.0,2015,667,652,0,0,0,0,0,10.0,13.0,46.0,2015,MIS4_to_MIS8,pennsylvania,0,2014-2015,0,1,0,1,retention
824231160002708,8,1.0,1,4,2,201,2011,1,1,,42,27780,21,,1.0,,2,1,63,2.0,1,39,1,,1,1,1,1,2,57,57,57,1,0,0,1.0,2.0,4.0,40.0,,,,,,,,5.0,3.0,0.0,1,2.0,1.0,1.0,1765.0,730.76,1.0,,,,,9491.959,2382.6164,0,0,0.0,0.0,0,0,53346,1,1.0,,,,,,2413.4899,770.0,6730.0,-1,,,,,,,292585.0,2014,655,652,0,0,0,0,0,12.0,19.0,4.0,2014,1.0,1,8,2,201,2011,1,27780,21,,1.0,,2,1,64,2.0,1,39,1,,1,1,1,2,57,57,57,1,0,0,1.0,2.0,4.0,40.0,,,,,,,,5.0,3.0,0.0,1,2.0,,1.0,1600.0,640.0,1.0,,,,,13078.5599,3398.5255,0,0,0.0,0.0,0,0,32785,1,1.0,,,,,,3431.0332,770.0,6730.0,-1,,,,,,,294452.0,2015,667,652,0,0,0,0,0,12.0,19.0,4.0,2015,MIS4_to_MIS8,pennsylvania,0,2014-2015,1,0,0,0,retention
10710648086740,9,2.0,1,4,2,201,2011,1,1,,17,16980,0,1.0,1.0,,7,3,55,1.0,2,43,1,,2,1,2,1,2,57,57,57,1,0,0,1.0,1.0,,40.0,,40.0,,,,,,2.0,3.0,0.0,1,2.0,2.0,2.0,,450.0,1.0,,,,,12439.5886,3214.2378,4,2,1.0,,0,0,7860,2,,,,2.0,,,3182.1983,7860.0,4600.0,-1,,,,,,,311904.0,2014,656,653,0,0,0,1,0,16.0,15.0,40.0,2014,2.0,1,8,2,201,2011,1,16980,0,1.0,1.0,,7,3,56,1.0,2,43,1,,1,2,1,2,57,57,57,1,0,0,1.0,1.0,,40.0,6.0,32.0,,,6.0,,,4.0,3.0,0.0,1,2.0,2.0,2.0,,576.92,1.0,,,,,11796.6217,2874.3716,4,2,0.0,,0,0,8581,2,,,,,,,2876.7386,7860.0,2310.0,-1,,,,,,,314168.0,2015,668,653,0,0,0,1,0,,8.0,40.0,2015,MIS4_to_MIS8,illinois,1,2014-2015,1,0,0,0,retention
175881070068358,9,4.0,1,4,2,201,2011,1,1,,17,16980,0,1.0,1.0,1.0,7,3,47,1.0,2,40,1,1.0,2,1,2,1,2,303,303,303,4,0,12,2.0,1.0,,25.0,,25.0,,,18.0,,,7.0,3.0,0.0,1,2.0,,1.0,900.0,225.0,2.0,2.0,2.0,,,15094.4489,3864.7207,4,1,1.0,1.0,0,0,35694,2,,,2.0,,,,3810.5103,7860.0,4600.0,-1,,,,,,,311981.0,2014,656,653,0,0,0,1,0,13.0,15.0,40.0,2014,4.0,1,8,2,201,2011,1,16980,0,1.0,1.0,1.0,7,3,48,1.0,2,39,1,1.0,1,2,1,2,303,303,303,4,0,12,2.0,1.0,,28.0,,28.0,,,18.0,,,7.0,3.0,0.0,1,2.0,2.0,2.0,,0.0,1.0,,2.0,,,12353.7846,3017.4773,4,1,0.0,,0,0,21959,2,1.0,,,,,,3049.4272,6070.0,9415.0,-1,,,,,,,314265.0,2015,668,653,0,0,0,1,0,12.0,22.0,23.0,2015,MIS4_to_MIS8,illinois,1,2014-2015,1,0,0,0,retention
175881070068358,9,4.0,1,4,2,201,2011,1,1,,17,16980,0,1.0,1.0,1.0,7,4,16,,2,36,1,1.0,3,1,3,7,2,57,303,303,1,0,0,2.0,4.0,,,,,,,,3.0,5.0,12.0,3.0,0.0,2,,,,,,,,1.0,1.0,1.0,16042.8769,2800.4581,0,0,,,0,0,35694,3,,,,,,,2855.6634,8570.0,4430.0,-1,,,,,2.0,1.0,311982.0,2014,656,653,0,0,0,0,0,10.0,15.0,44.0,2014,4.0,1,8,2,201,2011,1,16980,0,1.0,1.0,1.0,7,4,16,,2,38,1,1.0,1,3,7,2,57,303,303,1,0,0,2.0,1.0,,20.0,,20.0,,,20.0,,,7.0,4.0,0.0,1,2.0,1.0,1.0,1025.0,0.0,1.0,,1.0,1.0,1.0,11495.4548,2544.4309,0,0,0.0,0.0,0,0,21959,3,,,,,,,2357.279,1190.0,7800.0,-1,,,,,2.0,1.0,314266.0,2015,668,653,0,0,0,0,0,12.0,21.0,14.0,2015,MIS4_to_MIS8,illinois,1,2014-2015,0,1,0,1,retention
400108686710470,9,2.0,1,4,2,201,2011,1,1,,17,16980,0,1.0,1.0,,7,1,44,2.0,1,43,1,,1,1,1,1,2,57,57,57,1,0,0,1.0,1.0,,40.0,,40.0,,,,,,2.0,3.0,0.0,1,2.0,2.0,2.0,,1173.0,1.0,,2.0,,,14329.9025,3610.0052,10,2,1.0,,0,0,21914,1,,,,2.0,,,3553.518,9470.0,3710.0,-1,,,,,,,312064.0,2014,656,653,0,0,1,1,0,16.0,12.0,51.0,2014,2.0,1,8,2,201,2011,1,16980,0,1.0,1.0,,7,1,45,2.0,1,43,1,,1,1,1,2,57,57,57,1,0,0,1.0,1.0,,40.0,,40.0,,,,,,2.0,3.0,0.0,1,2.0,2.0,2.0,,700.0,1.0,,2.0,,,12599.9201,3093.3873,4,2,1.0,,0,0,21962,1,,,,,,,3093.0927,9470.0,3710.0,-1,,,,,,,314330.0,2015,668,653,0,0,0,1,0,,12.0,51.0,2015,MIS4_to_MIS8,illinois,1,2014-2015,1,0,0,0,retention
10710023345048,9,2.0,1,4,2,201,2011,1,1,,17,41180,119,2.0,1.0,,6,3,52,1.0,2,44,1,,2,1,2,1,2,57,57,57,1,0,0,1.0,1.0,,40.0,,40.0,,,,,,2.0,3.0,0.0,1,2.0,2.0,2.0,,1153.0,1.0,,2.0,,,11206.0427,2848.2019,0,0,1.0,,0,42,22147,2,,,,,,2.0,2828.9037,7860.0,2310.0,-1,,,,,,,312195.0,2014,656,653,0,0,0,0,0,18.0,8.0,40.0,2014,2.0,1,8,2,201,2011,1,41180,119,2.0,1.0,,6,3,53,1.0,2,44,1,,1,2,1,2,57,57,57,1,0,0,1.0,1.0,,40.0,,40.0,,,,,,2.0,3.0,0.0,1,2.0,,1.0,2700.0,810.0,1.0,,2.0,,,11147.8529,2786.1159,0,0,0.0,0.0,0,0,32220,2,,,,,,,2751.7532,7860.0,2310.0,-1,,,,,,,314450.0,2015,668,653,0,0,0,0,0,,8.0,40.0,2015,MIS4_to_MIS8,illinois,1,2014-2015,1,0,0,0,retention
10710065564973,9,1.0,1,4,2,201,2011,1,1,,17,16980,97,2.0,1.0,,7,3,56,1.0,2,43,1,,2,1,2,1,2,57,57,57,1,0,0,2.0,1.0,,35.0,,35.0,,,,,,2.0,2.0,0.0,1,2.0,,1.0,2000.0,700.0,1.0,,,,,12040.6148,3111.1479,0,0,1.0,1.0,0,42,35846,2,,,,1.0,1.0,,3080.1359,7860.0,2330.0,-1,,,,,,,312198.0,2014,656,653,0,0,0,0,0,18.0,8.0,40.0,2014,1.0,1,8,2,201,2011,1,16980,97,2.0,1.0,,7,3,57,1.0,2,43,1,,1,2,1,2,57,57,57,1,0,0,2.0,1.0,,35.0,6.0,28.0,,,6.0,,,4.0,3.0,0.0,1,2.0,,1.0,2100.0,735.0,1.0,,,,,11314.0077,2756.7776,0,0,0.0,0.0,0,0,44391,2,,,,,,,2759.0477,7860.0,2000.0,-1,,,,,,,314455.0,2015,668,653,0,0,0,0,0,,6.0,40.0,2015,MIS4_to_MIS8,illinois,1,2014-2015,1,0,0,0,retention
10711043274743,9,1.0,1,4,2,201,2011,1,1,,17,16980,0,2.0,1.0,,7,3,66,1.0,2,39,1,,2,1,2,1,2,57,57,57,1,0,0,2.0,5.0,,,,,,,,,,1.0,2.0,0.0,2,,,,,,,,,,,11179.567,2768.1244,0,0,,,0,0,21942,2,1.0,,,,,,2832.191,9370.0,5240.0,-1,,,,,,,312219.0,2014,656,653,0,0,0,0,0,12.0,17.0,51.0,2014,1.0,1,8,2,201,2011,1,16980,0,2.0,1.0,,7,3,67,1.0,2,39,1,,1,2,1,2,57,57,57,1,0,0,2.0,5.0,,,,,,,,,,1.0,,,2,,,,,,,,,,,10067.5999,2491.8118,0,0,,,0,0,42780,2,1.0,,,,,,2531.9372,,,-1,,,,,,,314495.0,2015,668,653,0,0,0,0,0,12.0,,,2015,MIS4_to_MIS8,illinois,1,2014-2015,0,1,0,0,retention
61171008210380,9,3.0,1,4,2,201,2011,1,1,,17,37900,179,2.0,1.0,,3,1,37,2.0,2,42,1,,1,1,1,1,2,57,57,57,1,0,0,2.0,1.0,,40.0,,40.0,,,,,,2.0,2.0,0.0,1,2.0,1.0,1.0,1200.0,500.0,2.0,2.0,2.0,,,11288.7406,2802.1573,10,2,0.0,0.0,0,0,61876,1,,,3.0,,,,2804.9397,7860.0,2310.0,-1,,,,,,,312282.0,2014,656,653,0,0,1,1,0,14.0,8.0,40.0,2014,1.0,1,8,2,201,2011,1,37900,179,2.0,1.0,,3,1,38,2.0,2,39,1,,1,1,1,2,57,57,57,1,0,0,1.0,7.0,,,,,,,,,,1.0,,,2,,,,,,,,2.0,,,9973.1903,2719.106,10,2,,,0,0,51659,1,1.0,,,,,,2622.5582,,,-1,,,,,,,314526.0,2015,668,653,0,0,1,1,0,12.0,,,2015,MIS4_to_MIS8,illinois,1,2014-2015,0,1,0,0,retention
88057888106731,9,2.0,1,4,2,201,2011,1,1,,17,16980,0,2.0,1.0,,7,1,41,2.0,1,40,1,,1,1,1,1,2,57,57,57,1,0,0,2.0,1.0,,56.0,,56.0,,,,,,2.0,3.0,0.0,1,1.0,2.0,2.0,,2884.61,1.0,,2.0,,,13870.3008,3494.2218,12,3,0.0,,0,0,57416,1,,,3.0,,,,3439.5463,9470.0,3740.0,-1,,,,,,,312311.0,2014,656,653,1,1,0,1,1,14.0,12.0,51.0,2014,1.0,1,8,2,201,2011,1,16980,0,2.0,1.0,,7,1,42,2.0,1,40,1,,1,1,1,2,57,57,57,1,0,0,1.0,1.0,,-4.0,,68.0,,,,,,2.0,3.0,0.0,1,2.0,2.0,2.0,,2884.61,1.0,,2.0,,,12404.2998,3093.6172,13,3,0.0,,0,0,59046,1,,,3.0,,,,3082.4967,9470.0,3740.0,3750,,,,,,,314552.0,2015,668,653,1,0,1,1,1,14.0,12.0,51.0,2015,MIS4_to_MIS8,illinois,1,2014-2015,1,0,0,0,retention
102040718062794,9,1.0,7,4,2,201,2012,2,2,,17,41180,163,2.0,1.0,,6,2,60,,2,44,1,,1,0,0,7,2,57,57,57,1,0,0,1.0,1.0,,40.0,,40.0,,,,,,2.0,3.0,0.0,1,2.0,2.0,2.0,,833.33,2.0,1.0,,,,10817.4594,2707.2717,0,0,0.0,,0,0,18467,1,,,,,,3.0,2623.9741,7860.0,2010.0,-1,,,,,,,312322.0,2014,656,653,0,0,0,0,0,18.0,6.0,40.0,2014,1.0,7,8,2,201,2012,2,41180,163,2.0,1.0,,6,2,61,,2,44,1,,0,0,7,2,57,57,57,1,0,0,1.0,1.0,,40.0,,40.0,,,,,,2.0,2.0,0.0,1,2.0,2.0,2.0,,900.0,1.0,,,,,10315.3426,2677.4946,0,0,0.0,,0,0,34758,1,,,,,,,2635.7602,7860.0,2010.0,-1,,,,,,,314580.0,2015,668,653,0,0,0,0,0,,6.0,40.0,2015,MIS4_to_MIS8,illinois,1,2014-2015,1,0,0,0,retention
109030919099714,9,2.0,1,4,2,201,2011,1,1,,17,16980,0,2.0,1.0,,7,4,26,,2,44,1,,3,1,3,7,2,57,57,57,1,0,0,2.0,1.0,,40.0,,40.0,,,,,,2.0,3.0,0.0,1,2.0,2.0,2.0,,980.76,1.0,,2.0,,,12159.6659,2978.9675,0,0,0.0,,0,0,22084,3,,,,,,2.0,2973.8524,7860.0,2330.0,-1,,,,,2.0,1.0,312355.0,2014,656,653,0,0,0,0,0,18.0,8.0,40.0,2014,2.0,1,8,2,201,2011,1,16980,0,2.0,1.0,,7,4,27,,2,44,1,,1,3,7,2,57,57,57,1,0,0,2.0,1.0,,40.0,6.0,32.0,,,6.0,,,4.0,3.0,0.0,1,2.0,2.0,2.0,,961.53,1.0,,2.0,,,12208.0331,2938.4282,0,0,0.0,,0,0,22153,3,,,,,,,2931.3812,7860.0,2330.0,-1,,,,,2.0,1.0,314628.0,2015,668,653,0,0,0,0,0,,8.0,40.0,2015,MIS4_to_MIS8,illinois,1,2014-2015,1,0,0,0,retention
210009481406727,9,2.0,1,4,2,201,2011,1,1,,17,41180,163,2.0,1.0,,6,3,42,1.0,2,44,1,,2,1,2,1,2,57,57,57,1,0,0,2.0,1.0,,-4.0,,13.0,,,15.0,,,6.0,3.0,0.0,1,2.0,2.0,2.0,,40.0,2.0,1.0,2.0,,,11632.5019,2903.3826,0,0,0.0,,0,0,4654,2,,,,,,2.0,2890.3549,7860.0,2310.0,2310,,,,,,,312448.0,2014,656,653,0,0,0,0,0,18.0,8.0,40.0,2014,1.0,1,8,2,201,2011,1,41180,163,2.0,1.0,,6,3,44,1.0,2,44,1,,1,2,1,2,57,57,57,1,0,0,2.0,1.0,,20.0,,20.0,,,18.0,,,7.0,5.0,0.0,1,2.0,,1.0,1500.0,300.0,2.0,2.0,2.0,,,10759.7284,2669.0641,0,0,0.0,0.0,0,0,34760,2,,,,,,,2643.051,7860.0,2550.0,-1,,,,,,,314727.0,2015,668,653,0,0,0,0,0,,8.0,40.0,2015,MIS4_to_MIS8,illinois,1,2014-2015,0,1,0,1,retention
210009601114427,9,1.0,4,4,2,201,2011,1,1,,17,16980,0,2.0,1.0,,7,1,57,,2,44,1,,1,1,1,5,2,57,57,57,1,0,0,1.0,1.0,,45.0,,45.0,,,,,,2.0,3.0,0.0,1,2.0,2.0,2.0,,1538.46,1.0,,,,,12040.6148,3111.1479,0,0,0.0,,0,0,35794,1,,,,,,1.0,3080.1359,7860.0,2330.0,-1,,,,,,,312449.0,2014,656,653,0,0,0,0,0,17.0,8.0,40.0,2014,1.0,4,8,2,201,2011,1,16980,0,2.0,1.0,,7,1,58,,2,44,1,,1,1,5,2,57,57,57,1,0,0,1.0,1.0,,50.0,6.0,32.0,,,6.0,,,4.0,2.0,0.0,1,2.0,2.0,2.0,,1634.61,1.0,,,,,11314.0077,2756.7776,0,0,0.0,,0,0,34687,1,,,,,,,2759.0477,7860.0,2330.0,-1,,,,,,,314729.0,2015,668,653,0,0,0,0,0,,8.0,40.0,2015,MIS4_to_MIS8,illinois,1,2014-2015,1,0,0,0,retention
210009601114427,9,1.0,4,4,2,201,2011,1,1,,17,16980,0,2.0,1.0,,7,4,26,,2,44,1,,2,1,3,7,2,57,57,57,1,0,0,2.0,1.0,,35.0,,40.0,,,,,,2.0,3.0,0.0,1,2.0,2.0,2.0,,2884.61,2.0,2.0,1.0,1.0,2.0,12159.6659,2978.9675,0,0,0.0,,0,0,35794,2,,,,,,1.0,2973.8524,7860.0,1820.0,-1,,,,,1.0,,312450.0,2014,656,653,0,0,0,0,0,17.0,5.0,40.0,2014,1.0,4,8,2,201,2011,1,16980,0,2.0,1.0,,7,4,27,,2,44,1,,1,3,7,2,57,57,57,1,0,0,2.0,1.0,,50.0,,36.0,,,,,,2.0,3.0,0.0,1,2.0,2.0,2.0,,961.53,1.0,,2.0,,,12208.0331,2938.4282,0,0,0.0,,0,0,34687,2,,,,,,,2931.3812,7860.0,1820.0,-1,,,,,1.0,,314731.0,2015,668,653,0,0,0,0,0,,5.0,40.0,2015,MIS4_to_MIS8,illinois,1,2014-2015,1,0,0,0,retention
271432160101309,9,2.0,1,4,2,201,2011,1,1,,17,16980,97,2.0,1.0,,7,3,48,1.0,2,44,1,,2,1,2,1,2,57,57,57,1,0,0,1.0,1.0,,40.0,,40.0,,,,,,2.0,2.0,0.0,1,2.0,2.0,2.0,,769.23,1.0,,2.0,,,11905.7605,3067.8254,10,2,0.0,,0,0,61856,2,,,,,,2.0,3005.5436,7860.0,2310.0,-1,,,,,,,312469.0,2014,656,653,0,0,1,1,0,18.0,8.0,40.0,2014,2.0,1,8,2,201,2011,1,16980,97,2.0,1.0,,7,3,49,1.0,2,44,1,,1,2,1,2,57,57,57,1,0,0,1.0,1.0,,40.0,4.0,32.0,,,4.0,,,4.0,3.0,0.0,1,2.0,,1.0,2900.0,1160.0,1.0,,2.0,,,11915.1832,2969.3096,4,2,0.0,0.0,0,0,51628,2,,,,,,,2941.1622,7860.0,2540.0,-1,,,,,,,314754.0,2015,668,653,0,0,0,1,0,,8.0,40.0,2015,MIS4_to_MIS8,illinois,1,2014-2015,1,0,0,0,retention
321279003110837,9,2.0,1,4,2,201,2011,1,1,,17,16980,0,2.0,1.0,,7,3,62,1.0,2,44,1,,2,1,2,1,2,57,57,57,1,0,0,2.0,1.0,,16.0,,32.0,,,21.0,,,7.0,3.0,0.0,1,2.0,2.0,2.0,,200.0,2.0,2.0,,,,10972.4027,2746.0492,0,0,0.0,,0,0,18431,2,,,,,,2.0,2661.5585,7860.0,2310.0,-1,,,,,,,312522.0,2014,656,653,0,0,0,0,0,18.0,8.0,40.0,2014,1.0,1,8,2,201,2011,1,16980,0,2.0,1.0,,7,3,63,1.0,2,44,1,,1,2,1,2,57,57,57,1,0,0,2.0,1.0,,-4.0,6.0,16.0,,,6.0,,,4.0,3.0,0.0,1,2.0,2.0,2.0,,961.0,2.0,2.0,,,,8758.4645,2273.3846,0,0,1.0,,0,0,21965,2,,,,,,,2237.9491,7860.0,2310.0,-1,,,,,,,314780.0,2015,668,653,0,0,0,0,0,,8.0,40.0,2015,MIS4_to_MIS8,illinois,1,2014-2015,1,0,0,0,retention
567100501880106,9,1.0,1,4,2,201,2011,1,1,,17,16980,0,2.0,1.0,,7,1,41,2.0,2,39,1,,1,1,1,1,2,57,57,57,1,0,0,1.0,1.0,,25.0,,28.0,,,18.0,,,7.0,3.0,0.0,1,2.0,,1.0,1697.0,424.25,2.0,2.0,2.0,,,11799.1194,2944.969,3,2,1.0,1.0,23,42,35923,1,1.0,,,,,,2931.7547,7860.0,4120.0,-1,,,,,,,312576.0,2014,656,653,0,0,1,0,0,12.0,13.0,40.0,2014,1.0,1,8,2,201,2011,1,16980,0,2.0,1.0,,7,1,42,2.0,2,39,1,,1,1,1,2,57,57,57,1,0,0,1.0,1.0,,36.0,6.0,25.0,,,6.0,,,4.0,4.0,0.0,1,2.0,,1.0,1030.0,370.8,2.0,2.0,2.0,,,10759.7284,2669.0641,10,2,0.0,0.0,0,0,34792,1,1.0,,,,,,2643.051,8680.0,4020.0,-1,,,,,,,314845.0,2015,668,653,0,0,1,1,0,12.0,13.0,46.0,2015,MIS4_to_MIS8,illinois,1,2014-2015,0,1,0,1,retention
871496170004202,9,1.0,1,4,2,201,2011,1,1,,17,41180,163,2.0,1.0,,6,1,69,2.0,2,40,2,,1,1,1,1,2,57,57,57,1,0,0,1.0,4.0,,,,,,,,2.0,5.0,12.0,2.0,0.0,2,,,,,,,,,,,5149.5372,2172.6509,0,0,,,0,0,33520,1,,,2.0,,,,2194.5506,9470.0,5120.0,-1,,,,,,,312716.0,2014,656,653,0,0,0,0,0,13.0,17.0,51.0,2014,1.0,1,8,2,201,2011,1,41180,163,2.0,1.0,,6,1,70,2.0,2,40,2,,1,1,1,2,57,57,57,1,0,0,1.0,5.0,,,,,,,,,,1.0,,,2,,,,,,,,,,,13579.1729,3341.264,0,0,,,0,0,34759,1,,,3.0,,,,3368.3767,,,-1,,,,,,,315012.0,2015,668,653,0,0,0,0,0,14.0,,,2015,MIS4_to_MIS8,illinois,1,2014-2015,0,1,0,0,retention
187170601260108,9,2.0,1,4,2,201,2011,1,1,,17,0,0,3.0,2.0,,0,1,52,2.0,1,41,1,,1,1,1,1,2,57,57,57,1,0,0,1.0,1.0,,38.0,,38.0,,,,,,2.0,2.0,0.0,1,2.0,2.0,2.0,,1884.61,1.0,,2.0,,,11103.5075,2826.5565,0,0,0.0,,0,0,4608,1,,,4.0,,,,2778.5276,9480.0,1010.0,4840,,,,,,,312811.0,2014,656,653,0,0,0,0,0,15.0,3.0,51.0,2014,2.0,1,8,2,201,2011,1,0,0,3.0,2.0,,0,1,53,2.0,1,42,1,,1,1,1,2,57,57,57,1,0,0,1.0,1.0,,38.0,,36.0,,,,,,2.0,2.0,0.0,1,2.0,1.0,1.0,5300.0,2038.46,1.0,,2.0,,,13207.7169,3273.647,0,0,0.0,0.0,0,0,5038,1,,,4.0,,,,3242.2977,9480.0,1010.0,4965,,,,,,,315090.0,2015,668,653,0,0,0,0,0,15.0,3.0,51.0,2015,MIS4_to_MIS8,illinois,1,2014-2015,1,0,0,0,retention
167470801640103,9,1.0,1,4,2,201,2011,1,1,,17,16060,0,,1.0,,2,3,66,1.0,1,43,1,,2,1,2,1,2,57,57,57,1,0,0,2.0,4.0,,,,,,,,7.0,5.0,12.0,2.0,0.0,2,,,,,,,,,,,9645.8208,2624.4492,0,0,,,0,0,4662,2,,,,2.0,,,2649.3117,7870.0,800.0,-1,4.0,,,,,,312947.0,2014,656,653,0,0,0,0,0,16.0,2.0,40.0,2014,1.0,1,8,2,201,2011,1,16060,0,,1.0,,2,3,67,1.0,1,43,1,,1,2,1,2,57,57,57,1,0,0,2.0,5.0,,,,,,,,,,1.0,,,2,,,,,,,,,,,11390.3999,2775.9988,0,0,,,0,0,22278,2,,,,,,,2808.7895,,,-1,4.0,,,,,,315195.0,2015,668,653,0,0,0,0,0,,,,2015,MIS4_to_MIS8,illinois,1,2014-2015,0,1,0,0,retention
577430401950104,9,1.0,1,4,2,201,2011,1,1,,17,44100,0,,1.0,,2,1,52,2.0,2,40,1,,1,1,1,1,2,57,57,57,1,0,0,1.0,1.0,,40.0,,40.0,,,,,,2.0,2.0,0.0,1,2.0,2.0,2.0,,961.0,2.0,2.0,2.0,,,8804.795,2237.8849,4,2,1.0,,0,0,18470,1,,,1.0,,,,2222.7219,7870.0,2540.0,-1,,,,,,,312976.0,2014,656,653,0,0,0,1,0,12.0,8.0,40.0,2014,2.0,1,8,2,201,2011,1,44100,0,,1.0,,2,1,54,2.0,2,40,1,,1,1,1,2,57,57,57,1,0,0,2.0,1.0,,37.0,13.0,30.0,,,13.0,,,4.0,3.0,0.0,1,2.0,,1.0,1100.0,407.0,2.0,2.0,2.0,,,11192.3295,2797.2317,4,2,1.0,1.0,0,42,44422,1,,,2.0,,,,2762.7318,7870.0,230.0,-1,,,,,,,315242.0,2015,668,653,0,0,0,1,0,13.0,1.0,40.0,2015,MIS4_to_MIS8,illinois,1,2014-2015,1,0,0,0,retention
750340479541001,9,1.0,7,4,2,201,2011,1,1,,17,44100,0,,1.0,,2,2,50,,2,40,1,,1,0,0,7,2,57,57,57,1,0,0,1.0,1.0,,38.0,3.0,6.0,,,3.0,,,3.0,2.0,0.0,1,2.0,2.0,2.0,,777.23,2.0,2.0,2.0,,,8804.795,2237.8849,0,0,0.0,,0,0,18471,1,,,3.0,,,,2222.7219,9370.0,5400.0,-1,3.0,,,,,,312995.0,2014,656,653,0,0,0,0,0,14.0,17.0,51.0,2014,1.0,7,8,2,201,2011,1,44100,0,,1.0,,2,2,51,,2,40,1,,0,0,7,2,57,57,57,1,0,0,1.0,1.0,,40.0,,38.0,,,,,,2.0,2.0,0.0,1,1.0,,1.0,1155.0,513.99,1.0,,2.0,,,11192.3295,2797.2317,0,0,1.0,1.0,0,42,22243,1,,,4.0,,,,2762.7318,8370.0,5400.0,-1,3.0,,,,,,315273.0,2015,668,653,0,0,0,0,0,15.0,17.0,43.0,2015,MIS4_to_MIS8,illinois,1,2014-2015,1,0,0,0,retention
860450301231001,9,2.0,7,4,2,201,2011,1,1,,18,23060,0,1.0,1.0,,3,2,43,,2,44,1,,1,0,0,7,2,57,57,57,1,0,0,1.0,1.0,,40.0,,40.0,,,,,,2.0,3.0,0.0,1,2.0,2.0,2.0,,1384.61,1.0,,2.0,,,13206.8415,3209.7251,0,0,0.0,,0,0,61891,1,,,,,,3.0,3281.5347,7860.0,1820.0,-1,,,,,,,313160.0,2014,656,653,0,0,0,0,0,18.0,5.0,40.0,2014,2.0,7,8,2,201,2011,1,23060,0,1.0,1.0,,3,2,44,,2,44,1,,0,0,7,2,57,57,57,1,0,0,1.0,1.0,,45.0,,47.0,,,,,,2.0,3.0,0.0,1,2.0,2.0,2.0,,1153.84,2.0,2.0,2.0,,,15242.9339,3748.918,0,0,0.0,,0,0,8816,1,,,,,,,3744.3186,7860.0,1820.0,-1,,,,,,,315430.0,2015,668,653,0,0,0,0,0,,5.0,40.0,2015,MIS4_to_MIS8,indiana,0,2014-2015,1,0,0,0,retention
860450301231001,9,2.0,7,4,2,201,2011,1,1,,18,23060,0,1.0,1.0,,3,12,42,,2,44,1,,2,0,0,7,2,57,57,57,1,0,0,2.0,1.0,,40.0,,40.0,,,,,,2.0,2.0,0.0,1,2.0,2.0,2.0,,730.76,2.0,2.0,2.0,,,13206.8415,3209.7251,0,0,0.0,,0,0,61891,2,,,,,,2.0,3281.5347,9480.0,3030.0,-1,,,,,,,313161.0,2014,656,653,0,0,0,0,0,18.0,10.0,51.0,2014,2.0,7,8,2,201,2011,1,23060,0,1.0,1.0,,3,12,43,,2,44,1,,0,0,7,2,57,57,57,1,0,0,2.0,1.0,,40.0,6.0,32.0,,,6.0,,,4.0,2.0,0.0,1,2.0,,1.0,1923.0,769.2,2.0,2.0,2.0,,,15242.9339,3748.918,0,0,0.0,0.0,0,0,8816,2,,,,,,,3744.3186,8370.0,3030.0,-1,,,,,,,315431.0,2015,668,653,0,0,0,0,0,,10.0,43.0,2015,MIS4_to_MIS8,indiana,0,2014-2015,1,0,0,0,retention
168790901880106,9,2.0,1,4,2,201,2011,1,1,,18,23060,0,2.0,1.0,,3,3,45,1.0,2,39,1,,3,1,2,1,2,57,57,57,1,0,0,2.0,1.0,,25.0,,25.0,,,22.0,,,7.0,3.0,0.0,1,2.0,,1.0,1892.0,473.0,1.0,,2.0,,,11919.0204,2990.555,0,0,0.0,0.0,0,0,53880,3,1.0,,,,,,3008.8909,7860.0,9120.0,-1,,,,,,,313235.0,2014,656,653,0,0,0,0,0,12.0,22.0,40.0,2014,4.0,1,8,2,201,2011,1,23060,0,2.0,1.0,,3,3,46,1.0,2,39,1,,1,2,1,2,57,57,57,1,0,0,2.0,1.0,,25.0,,20.0,,,22.0,,,7.0,3.0,0.0,1,2.0,2.0,2.0,,653.84,2.0,2.0,2.0,,,15166.3601,3747.2771,0,0,0.0,,0,0,42795,3,1.0,,,,,,3743.6877,7860.0,9120.0,-1,,,,,,,315478.0,2015,668,653,0,0,0,0,0,12.0,22.0,40.0,2015,MIS4_to_MIS8,indiana,0,2014-2015,1,0,0,0,retention
50076576300871,9,1.0,1,4,2,201,2011,1,1,,36,45060,67,1.0,1.0,,4,1,63,2.0,1,45,1,,1,1,1,1,2,57,57,57,1,0,0,1.0,2.0,5.0,40.0,,,,,,,,5.0,2.0,0.0,1,2.0,2.0,2.0,,2250.0,2.0,2.0,,,,14004.4624,3496.0208,0,0,0.0,,0,0,18926,1,,,,,,,3487.5942,9470.0,2100.0,-1,,,,,,,323763.0,2014,656,653,0,0,0,0,0,18.0,7.0,51.0,2014,1.0,1,8,2,201,2011,1,45060,67,1.0,1.0,,4,1,64,2.0,1,42,1,,1,1,1,2,57,57,57,1,0,0,1.0,1.0,,40.0,6.0,32.0,,,6.0,,,4.0,2.0,0.0,1,2.0,2.0,2.0,,2346.15,2.0,2.0,,,,13658.4241,3526.9778,0,0,0.0,,0,0,65884,1,,,5.0,,,,3554.6004,9470.0,2100.0,-1,,,,,,,325631.0,2015,668,653,0,0,0,0,0,16.0,7.0,51.0,2015,MIS4_to_MIS8,new_york,0,2014-2015,1,0,0,0,retention
81066887304791,9,2.0,1,4,2,201,2011,1,1,,36,35620,61,1.0,1.0,1.0,7,1,29,1.0,2,44,1,,2,1,1,1,2,57,57,120,1,0,0,2.0,1.0,,55.0,,55.0,,,,,,2.0,3.0,0.0,1,2.0,2.0,2.0,,1250.0,1.0,,2.0,,,17902.7053,4302.2336,0,0,0.0,,0,0,62760,2,,,,,,2.0,4378.4099,7860.0,2320.0,-1,,,,,,,323812.0,2014,656,653,0,0,0,0,0,18.0,8.0,40.0,2014,4.0,1,8,2,201,2011,1,35620,61,1.0,1.0,1.0,7,1,30,4.0,2,44,1,,1,1,1,2,57,57,120,1,0,0,2.0,1.0,,50.0,,50.0,,,,,,2.0,4.0,0.0,1,2.0,1.0,1.0,2400.0,2884.61,1.0,,2.0,,,17288.6773,4193.0048,3,1,1.0,1.0,0,0,29198,2,,,,,,,4151.3406,7860.0,2310.0,-1,,,,,,,325654.0,2015,668,653,0,0,1,0,0,,8.0,40.0,2015,MIS4_to_MIS8,new_york,0,2014-2015,0,1,0,1,retention
147443060071917,9,1.0,1,4,2,201,2011,1,1,,36,35620,81,1.0,1.0,1.0,7,1,33,2.0,1,44,1,2.0,1,1,1,1,2,57,73,73,1,0,0,1.0,1.0,,40.0,,40.0,,,,,,2.0,3.0,0.0,1,2.0,2.0,2.0,,1442.0,2.0,1.0,2.0,,,15864.603,3968.9945,3,2,1.0,,0,42,50751,1,,,,,,3.0,3988.7891,7860.0,2540.0,-1,,,,,,,323852.0,2014,656,653,0,0,1,0,0,18.0,8.0,40.0,2014,1.0,1,8,2,201,2011,1,35620,81,1.0,1.0,1.0,7,1,34,2.0,1,44,1,2.0,1,1,1,2,57,73,73,1,0,0,1.0,1.0,,40.0,,40.0,,,,,,2.0,3.0,0.0,1,2.0,2.0,2.0,,1750.0,2.0,2.0,2.0,,,17534.192,4468.5824,3,2,1.0,,0,42,14739,1,,,,,,,4442.3514,7860.0,2540.0,-1,,,,,,,325731.0,2015,668,653,0,0,1,0,0,,8.0,40.0,2015,MIS4_to_MIS8,new_york,0,2014-2015,1,0,0,0,retention
163598170201402,9,1.0,4,4,2,201,2011,1,1,,36,35620,81,1.0,1.0,1.0,7,4,38,,1,39,1,,2,1,3,7,2,57,365,365,1,0,0,2.0,1.0,,35.0,,35.0,,,,,,2.0,3.0,0.0,1,2.0,1.0,1.0,900.0,420.0,1.0,,2.0,,,15180.0165,3702.9656,0,0,1.0,1.0,0,0,42255,2,1.0,,,,,,3764.3286,8190.0,9110.0,-1,,,,,1.0,,323871.0,2014,656,653,0,0,0,0,0,12.0,22.0,41.0,2014,3.0,4,8,2,201,2011,1,35620,81,1.0,1.0,1.0,7,4,39,,1,39,1,,1,3,7,2,57,365,365,1,0,0,2.0,1.0,,40.0,,40.0,,,,,,2.0,4.0,0.0,1,2.0,2.0,2.0,,1057.0,1.0,,2.0,,,14927.4247,3704.6448,0,0,1.0,,0,0,2339,2,1.0,,,,,,3709.499,8190.0,3600.0,-1,,,,,1.0,,325750.0,2015,668,653,0,0,0,0,0,12.0,11.0,41.0,2015,MIS4_to_MIS8,new_york,0,2014-2015,0,1,0,1,retention
291565006630680,9,1.0,1,4,2,201,2011,1,1,,36,35620,85,1.0,1.0,1.0,7,3,66,1.0,1,44,1,,2,1,2,1,2,57,57,57,1,0,0,2.0,1.0,,35.0,,35.0,,,,,,2.0,3.0,0.0,1,2.0,2.0,2.0,,2500.0,1.0,,,,,10734.1211,2895.8195,0,0,0.0,,0,0,14066,2,,,,,,2.0,2836.251,7860.0,2310.0,-1,,,,,,,323912.0,2014,656,653,0,0,0,0,0,18.0,8.0,40.0,2014,1.0,1,8,2,201,2011,1,35620,85,1.0,1.0,1.0,7,3,67,1.0,1,44,1,,1,2,1,2,57,57,57,1,0,0,2.0,1.0,,35.0,3.0,28.0,,,3.0,,,3.0,3.0,0.0,1,1.0,2.0,2.0,,2692.3,1.0,,,,,13053.367,3347.4314,0,0,0.0,,0,0,14806,2,,,,,,,3336.9678,7860.0,2320.0,-1,,,,,,,325821.0,2015,668,653,0,0,0,0,0,,8.0,40.0,2015,MIS4_to_MIS8,new_york,0,2014-2015,1,0,0,0,retention
291565006630680,9,1.0,1,4,2,201,2011,1,1,,36,35620,85,1.0,1.0,1.0,7,4,33,,2,46,1,,3,1,3,7,2,57,57,57,1,0,0,2.0,1.0,,35.0,,35.0,,,,,,2.0,3.0,0.0,1,2.0,2.0,2.0,,2250.0,1.0,,2.0,,,19220.493,4655.4427,0,0,0.0,,0,0,14066,3,,,,,,,4700.6973,7860.0,3160.0,-1,,,,,1.0,1.0,323913.0,2014,656,653,0,0,0,0,0,18.0,10.0,40.0,2014,1.0,1,8,2,201,2011,1,35620,85,1.0,1.0,1.0,7,4,35,,2,46,1,,1,3,7,2,57,57,57,1,0,0,2.0,1.0,,35.0,3.0,28.0,,,3.0,,,3.0,3.0,0.0,1,2.0,2.0,2.0,,692.0,1.0,,2.0,,,15765.7407,3800.803,0,0,1.0,,0,0,14806,3,,,,,,,3872.7424,7860.0,3160.0,-1,,,,,1.0,1.0,325822.0,2015,668,653,0,0,0,0,0,18.0,10.0,40.0,2015,MIS4_to_MIS8,new_york,0,2014-2015,1,0,0,0,retention
302390415058618,9,1.0,1,4,2,201,2011,1,1,,36,35620,47,1.0,1.0,1.0,7,1,28,2.0,2,44,1,,1,1,1,1,2,164,164,164,4,0,12,1.0,1.0,,35.0,,35.0,,,,,,2.0,3.0,0.0,1,2.0,,1.0,4500.0,1575.0,2.0,2.0,2.0,,,17902.7053,4302.2336,0,0,1.0,1.0,0,0,62727,1,,,,,,2.0,4378.4099,7860.0,3150.0,-1,,,,,,,323931.0,2014,656,653,0,0,0,0,0,18.0,10.0,40.0,2014,1.0,1,8,2,201,2011,1,35620,47,1.0,1.0,1.0,7,1,29,2.0,2,44,1,,1,1,1,2,164,164,164,4,0,12,1.0,1.0,,40.0,,40.0,,,,,,2.0,3.0,0.0,1,2.0,2.0,2.0,,519.0,1.0,,2.0,,,17667.8888,4226.5737,0,0,1.0,,0,42,48749,1,,,,,,,4242.3965,7860.0,3150.0,-1,,,,,,,325839.0,2015,668,653,0,0,0,0,0,,10.0,40.0,2015,MIS4_to_MIS8,new_york,0,2014-2015,1,0,0,0,retention
303120117054611,9,2.0,1,4,2,201,2011,1,1,,36,35620,5,1.0,1.0,1.0,7,3,48,1.0,1,41,4,,2,1,2,1,2,247,247,247,4,10,12,1.0,1.0,,40.0,,40.0,,,,,,2.0,3.0,0.0,1,2.0,2.0,2.0,,1153.0,2.0,1.0,2.0,,,11516.8015,2834.9346,3,1,1.0,,0,0,50520,2,,,5.0,,,,2881.9498,7870.0,4220.0,-1,,,,,,,323938.0,2014,656,653,0,0,1,0,0,16.0,14.0,40.0,2014,1.0,1,8,2,201,2011,1,35620,5,1.0,1.0,1.0,7,3,50,1.0,1,38,4,,1,2,1,2,247,247,247,4,10,12,,1.0,,40.0,,35.0,,,,,,2.0,4.0,0.0,1,2.0,,1.0,1700.0,680.0,2.0,2.0,2.0,,,14114.4992,3495.2393,3,1,1.0,1.0,21,41,72638,2,,,,,,,3464.8992,7070.0,7330.0,-1,,,,,,,325850.0,2015,668,653,0,0,1,0,0,12.0,20.0,34.0,2015,MIS4_to_MIS8,new_york,0,2014-2015,0,1,0,1,retention
310004053943336,9,1.0,3,4,2,201,2011,1,1,,36,35620,81,1.0,1.0,1.0,7,7,53,,1,39,2,,2,1,4,7,2,368,368,368,4,0,5,2.0,1.0,,40.0,,40.0,,,,,,2.0,3.0,0.0,1,2.0,1.0,1.0,900.0,2115.0,1.0,,2.0,,,11433.2251,3146.4946,0,0,1.0,1.0,0,0,30415,2,1.0,,,,,,3146.1014,9470.0,3850.0,-1,,,,,3.0,,323969.0,2014,656,653,0,0,0,0,0,12.0,12.0,51.0,2014,2.0,3,8,2,201,2011,1,35620,81,1.0,1.0,1.0,7,7,54,,1,39,2,,1,4,7,2,368,368,368,4,0,5,2.0,1.0,,40.0,,40.0,,,,,,2.0,3.0,0.0,1,2.0,2.0,2.0,,615.0,1.0,,2.0,,,14558.6545,3813.6867,0,0,1.0,,0,42,2356,2,1.0,,,,,,3847.8974,9470.0,3850.0,-1,,,,,3.0,,325884.0,2015,668,653,0,0,0,0,0,12.0,12.0,51.0,2015,MIS4_to_MIS8,new_york,0,2014-2015,1,0,0,0,retention
605420598511003,9,1.0,4,4,2,201,2011,1,1,,36,35620,47,1.0,1.0,1.0,7,1,51,,2,39,2,,1,1,1,5,2,341,341,341,4,0,11,2.0,1.0,,35.0,,35.0,,,,,,2.0,2.0,0.0,1,2.0,2.0,2.0,,1250.0,2.0,2.0,2.0,,,9867.6982,2483.973,0,0,1.0,,0,42,13796,1,1.0,,,,,,2510.461,9470.0,5220.0,-1,,,,,,,324187.0,2014,656,653,0,0,0,0,0,12.0,17.0,51.0,2014,1.0,4,8,2,201,2011,1,35620,47,1.0,1.0,1.0,7,1,52,,2,39,2,,1,1,5,2,341,341,341,4,0,11,1.0,1.0,,35.0,,35.0,,,,,,2.0,3.0,0.0,1,2.0,1.0,1.0,4600.0,961.0,1.0,,2.0,,,13266.7091,3524.0991,0,0,1.0,1.0,0,0,29104,1,1.0,,,,,,3548.8387,9470.0,5220.0,-1,,,,,,,326049.0,2015,668,653,0,0,0,0,0,12.0,17.0,51.0,2015,MIS4_to_MIS8,new_york,0,2014-2015,1,0,0,0,retention
622310222751003,9,1.0,6,4,2,201,2011,1,1,,36,35620,47,1.0,1.0,1.0,7,2,28,,1,45,1,,1,0,0,7,2,57,162,162,1,0,0,1.0,1.0,,50.0,,85.0,,,,,,2.0,3.0,0.0,1,2.0,1.0,1.0,2200.0,1366.71,2.0,2.0,2.0,,,16859.7077,4205.6375,0,0,0.0,1.0,0,0,65160,1,,,,,,,4238.9853,9470.0,2100.0,2100,,,,,,,324196.0,2014,656,653,0,0,0,0,0,18.0,7.0,51.0,2014,1.0,6,8,2,201,2011,1,35620,47,1.0,1.0,1.0,7,2,29,,1,45,1,,0,0,7,2,57,162,162,1,0,0,1.0,1.0,,50.0,,50.0,,,,,,2.0,3.0,0.0,1,2.0,2.0,2.0,,553.0,2.0,2.0,2.0,,,16237.4265,4068.0586,0,0,1.0,,0,42,65806,1,,,,,,,4113.8111,9370.0,2100.0,-1,,,,,,,326076.0,2015,668,653,0,0,0,0,0,18.0,7.0,51.0,2015,MIS4_to_MIS8,new_york,0,2014-2015,1,0,0,0,retention
863891140103600,9,2.0,1,4,2,201,2011,1,1,,36,35620,81,1.0,1.0,1.0,7,1,32,2.0,2,44,1,,1,1,1,1,2,57,57,57,1,0,0,1.0,1.0,,35.0,,35.0,,,,,,2.0,3.0,0.0,1,2.0,1.0,1.0,6000.0,1538.46,1.0,,2.0,,,19220.493,4655.4427,3,3,0.0,1.0,0,0,14033,1,,,,,,2.0,4700.6973,7680.0,1820.0,-1,,,,,,,324369.0,2014,656,653,0,0,1,0,0,18.0,5.0,38.0,2014,1.0,1,8,2,201,2011,1,35620,81,1.0,1.0,1.0,7,1,24,2.0,2,43,1,,1,1,1,2,57,57,57,1,0,0,1.0,7.0,,,,,,,,,,1.0,,,2,,,,,,,,1.0,1.0,2.0,18408.0889,4450.9478,1,2,,,0,0,62286,1,,,,,,,4421.7136,,,-1,,,,,,,326218.0,2015,668,653,1,0,0,0,1,,,,2015,MIS4_to_MIS8,new_york,0,2014-2015,0,1,0,0,retention
16566300851,9,1.0,7,4,2,201,2011,1,1,,36,35620,0,2.0,1.0,,7,2,67,,2,40,1,,1,0,0,4,2,57,57,57,1,0,0,1.0,1.0,,10.0,,12.0,,,21.0,,,7.0,3.0,0.0,1,2.0,1.0,1.0,1600.0,250.0,2.0,2.0,,,,12649.0913,3139.6258,0,0,0.0,0.0,0,0,18893,1,,,4.0,,,,3053.3418,9370.0,5120.0,-1,,,,,,,324451.0,2014,656,653,0,0,0,0,0,15.0,17.0,51.0,2014,1.0,7,8,2,201,2011,1,35620,0,2.0,1.0,,7,2,68,,2,40,1,,0,0,4,2,57,57,57,1,0,0,1.0,5.0,,,,,,1.0,,,,1.0,3.0,0.0,2,,,,,,,,,,,13328.9255,3345.6188,0,0,,,0,0,48720,1,,,3.0,,,,3352.1397,9370.0,5700.0,-1,,,,,,,326259.0,2015,668,653,0,0,0,0,0,14.0,17.0,51.0,2015,MIS4_to_MIS8,new_york,0,2014-2015,1,0,0,0,retention
165193060063500,9,1.0,1,4,2,201,2011,1,1,,36,15380,0,2.0,1.0,,5,1,60,2.0,1,44,1,,1,1,1,1,2,57,57,57,1,0,0,1.0,1.0,,40.0,,40.0,,,,,,2.0,3.0,0.0,1,2.0,2.0,2.0,,2139.53,1.0,,,,,13184.8492,3291.4156,0,0,0.0,,0,0,30171,1,,,,,,2.0,3283.4822,7860.0,2320.0,-1,,,,,,,324600.0,2014,656,653,0,0,0,0,0,18.0,8.0,40.0,2014,1.0,1,8,2,201,2011,1,15380,0,2.0,1.0,,5,1,61,2.0,1,44,1,,1,1,1,2,57,57,57,1,0,0,1.0,1.0,,40.0,,40.0,,,,,,2.0,3.0,0.0,1,2.0,2.0,2.0,,2162.79,1.0,,,,,12556.3817,3242.4004,0,0,0.0,,0,0,29028,1,,,,,,,3267.7942,7860.0,2320.0,-1,,,,,,,326464.0,2015,668,653,0,0,0,0,0,,8.0,40.0,2015,MIS4_to_MIS8,new_york,0,2014-2015,1,0,0,0,retention
192823060074615,9,4.0,1,4,2,201,2011,1,1,,36,35620,119,2.0,1.0,,7,3,37,1.0,1,43,1,4.0,4,1,2,1,2,57,329,329,1,0,0,2.0,1.0,,40.0,,40.0,,,,,,2.0,2.0,0.0,1,1.0,1.0,1.0,2358.0,1153.84,1.0,,2.0,,,14435.7817,3573.8761,5,2,0.0,1.0,0,0,30542,4,,,,2.0,,,3579.7738,9470.0,3850.0,-1,,,,,,,324608.0,2014,656,653,1,1,0,0,1,16.0,12.0,51.0,2014,4.0,1,8,2,201,2011,1,35620,119,2.0,1.0,,7,3,38,1.0,1,43,1,4.0,1,2,1,2,57,329,329,1,0,0,2.0,1.0,,40.0,,40.0,,,,,,2.0,3.0,0.0,1,1.0,2.0,2.0,,692.0,1.0,,2.0,,,15218.9113,3774.9402,2,2,1.0,,0,42,32486,4,,,,,,,3781.9341,9470.0,3850.0,-1,,,,,,,326480.0,2015,668,653,0,1,0,0,1,,12.0,51.0,2015,MIS4_to_MIS8,new_york,0,2014-2015,1,0,0,0,retention
303280118059681,9,1.0,6,4,2,201,2011,1,1,,36,35620,103,2.0,1.0,,7,2,55,,1,43,1,,1,0,0,3,2,57,57,57,1,0,0,1.0,1.0,,40.0,,40.0,,,,,,2.0,3.0,0.0,1,2.0,2.0,2.0,,2500.0,1.0,,,,,13026.9299,3369.5978,0,0,0.0,,0,0,2057,1,,,,2.0,,,3349.2367,7860.0,300.0,-1,,,,,,,324658.0,2014,656,653,0,0,0,0,0,16.0,1.0,40.0,2014,1.0,1,8,2,201,2011,1,35620,103,2.0,1.0,,7,1,57,2.0,1,43,1,,1,1,1,2,57,57,57,1,0,0,1.0,1.0,,40.0,,40.0,,,,,,2.0,3.0,0.0,1,1.0,2.0,2.0,,2403.84,2.0,1.0,,,,14344.1178,3479.8317,0,0,0.0,,0,0,2425,1,,,,,,,3492.3226,7860.0,4200.0,-1,,,,,,,326535.0,2015,668,653,0,0,0,0,0,,14.0,40.0,2015,MIS4_to_MIS8,new_york,0,2014-2015,1,0,0,0,retention
306300281610044,9,1.0,7,4,2,201,2011,1,1,,36,40380,55,2.0,1.0,,5,2,63,,2,42,1,,1,0,0,7,2,57,57,57,1,0,0,1.0,1.0,,25.0,,31.0,,,18.0,,,7.0,3.0,0.0,1,2.0,1.0,1.0,800.0,215.0,2.0,2.0,,,,12533.2531,3108.1464,0,0,0.0,0.0,0,0,5299,1,,,4.0,,,,3040.1715,7860.0,2540.0,5940,,,,,,,324669.0,2014,656,653,0,0,0,0,0,15.0,8.0,40.0,2014,1.0,7,8,2,201,2011,1,40380,55,2.0,1.0,,5,2,64,,2,42,1,,0,0,7,2,57,57,57,1,0,0,1.0,1.0,,35.0,,53.0,,,,,,2.0,4.0,0.0,1,2.0,,1.0,875.0,306.25,2.0,2.0,,,,11267.559,2911.4596,0,0,0.0,0.0,0,0,5769,1,,,4.0,,,,2879.069,7860.0,2540.0,5420,,,,,,,326548.0,2015,668,653,0,0,0,0,0,15.0,8.0,40.0,2015,MIS4_to_MIS8,new_york,0,2014-2015,0,1,0,1,retention
307010617059627,9,1.0,1,4,2,201,2011,1,1,,36,35620,71,2.0,1.0,,7,3,54,1.0,1,44,1,,2,1,2,1,2,57,57,57,1,0,0,2.0,1.0,,40.0,,40.0,,,,,,2.0,3.0,0.0,1,2.0,2.0,2.0,,1538.46,1.0,,2.0,,,14150.6234,3569.4734,10,2,0.0,,0,0,62774,2,,,,,,2.0,3541.034,7860.0,2300.0,-1,,,,,,,324672.0,2014,656,653,0,0,1,1,0,18.0,8.0,40.0,2014,2.0,1,8,2,201,2011,1,35620,71,2.0,1.0,,7,3,55,1.0,1,44,1,,1,2,1,2,57,57,57,1,0,0,1.0,1.0,,40.0,6.0,32.0,,,6.0,,,4.0,4.0,0.0,1,2.0,2.0,2.0,,1769.23,1.0,,,,,14344.1178,3479.8317,10,2,0.0,,0,0,14718,2,,,,,,,3492.3226,7860.0,2330.0,-1,,,,,,,326551.0,2015,668,653,0,0,1,1,0,,8.0,40.0,2015,MIS4_to_MIS8,new_york,0,2014-2015,0,1,0,1,retention
310007853019446,9,1.0,1,4,2,201,2011,1,1,,36,15380,0,2.0,1.0,,5,1,51,2.0,2,44,1,,1,1,1,1,2,57,57,57,1,0,0,1.0,1.0,,40.0,,41.0,,,,,,2.0,3.0,0.0,1,2.0,,1.0,2297.0,918.8,1.0,,2.0,,,13046.0568,3285.7072,4,1,0.0,0.0,0,0,42094,1,,,,,,3.0,3293.4051,9370.0,2010.0,-1,,,,,,,324680.0,2014,656,653,0,0,0,1,0,18.0,6.0,51.0,2014,1.0,1,8,2,201,2011,1,15380,0,2.0,1.0,,5,1,52,2.0,2,44,1,,1,1,1,2,57,57,57,1,0,0,1.0,1.0,,40.0,6.0,32.0,,,6.0,,,4.0,3.0,0.0,1,2.0,,1.0,2370.0,948.0,1.0,,2.0,,,14341.4512,3568.1002,0,0,0.0,0.0,0,0,29030,1,,,,,,,3540.0659,8370.0,2010.0,-1,,,,,,,326570.0,2015,668,653,0,0,0,0,0,,6.0,43.0,2015,MIS4_to_MIS8,new_york,0,2014-2015,1,0,0,0,retention
506310901740309,9,1.0,1,4,2,201,2011,1,1,,36,10580,91,2.0,1.0,,4,1,59,2.0,1,35,1,,1,1,1,1,2,57,57,57,1,0,0,1.0,1.0,,40.0,,40.0,,,,,,2.0,3.0,0.0,1,1.0,1.0,1.0,2500.0,1057.69,2.0,2.0,,,,13062.6536,3378.8382,0,0,0.0,0.0,0,0,50792,1,,,,,,,3358.4213,770.0,9130.0,-1,,,,,,,324780.0,2014,656,653,0,0,0,0,0,9.0,22.0,4.0,2014,1.0,1,8,2,201,2011,1,10580,91,2.0,1.0,,4,1,61,2.0,1,35,1,,1,1,1,2,57,57,57,1,0,0,1.0,1.0,,40.0,,40.0,,,,,,2.0,3.0,0.0,1,2.0,2.0,2.0,,923.07,1.0,,,,,12072.1446,3117.3571,0,0,0.0,,0,0,59990,1,,,,,,,3141.7717,9370.0,9130.0,-1,,,,,,,326639.0,2015,668,653,0,0,0,0,0,9.0,22.0,51.0,2015,MIS4_to_MIS8,new_york,0,2014-2015,1,0,0,0,retention
506310901740309,9,1.0,1,4,2,201,2011,1,1,,36,10580,91,2.0,1.0,,4,3,59,1.0,2,40,1,,2,1,2,1,2,57,57,57,1,0,0,2.0,1.0,,37.0,,37.0,,,,,,2.0,3.0,0.0,1,2.0,1.0,1.0,2600.0,1057.69,1.0,,,,,13819.7183,3538.3621,0,0,0.0,0.0,0,0,50792,2,,,3.0,,,,3535.2523,770.0,5700.0,-1,,,,,,,324781.0,2014,656,653,0,0,0,0,0,14.0,17.0,4.0,2014,1.0,1,8,2,201,2011,1,10580,91,2.0,1.0,,4,3,60,1.0,2,40,1,,1,2,1,2,57,57,57,1,0,0,2.0,1.0,,40.0,,40.0,,,,,,2.0,3.0,0.0,1,2.0,2.0,2.0,,884.61,1.0,,,,,12758.6711,3296.7527,0,0,0.0,,0,0,59990,2,,,3.0,,,,3260.0756,9370.0,5000.0,-1,,,,,,,326640.0,2015,668,653,0,0,0,0,0,14.0,17.0,51.0,2015,MIS4_to_MIS8,new_york,0,2014-2015,1,0,0,0,retention
556600801010306,9,1.0,1,4,2,201,2011,1,1,,36,35620,0,2.0,1.0,,7,1,45,2.0,2,45,2,,1,1,1,1,2,57,57,421,1,0,0,1.0,1.0,,40.0,,40.0,,,,,,2.0,2.0,0.0,1,2.0,2.0,2.0,,1192.0,2.0,2.0,2.0,,,19081.738,4852.3131,3,2,1.0,,0,42,58548,1,,,,,,,4854.6234,9480.0,430.0,-1,,,,,,,324793.0,2014,656,653,0,0,1,0,0,18.0,1.0,51.0,2014,1.0,1,8,2,201,2011,1,35620,0,2.0,1.0,,7,1,46,2.0,2,41,2,,1,1,1,2,57,57,421,1,0,0,1.0,1.0,,40.0,6.0,32.0,,,6.0,,,4.0,2.0,0.0,1,2.0,2.0,2.0,,2269.23,2.0,2.0,2.0,,,15026.6663,3998.0583,10,2,0.0,,0,0,48719,1,,,5.0,,,,4019.6265,8370.0,710.0,-1,,,,,,,326657.0,2015,668,653,0,0,1,1,0,16.0,2.0,43.0,2015,MIS4_to_MIS8,new_york,0,2014-2015,1,0,0,0,retention
626570801560309,9,1.0,4,4,2,201,2011,1,1,,36,40380,55,2.0,1.0,,5,1,45,,2,44,1,,1,1,1,5,2,57,57,57,1,0,0,1.0,1.0,,40.0,,40.0,,,,,,2.0,3.0,0.0,1,2.0,2.0,2.0,,984.61,1.0,,2.0,,,13664.9382,3489.0907,3,2,0.0,,0,0,30258,1,,,,,,3.0,3449.6383,7860.0,1820.0,-1,,,,,,,324825.0,2014,656,653,0,0,1,0,0,18.0,5.0,40.0,2014,1.0,4,8,2,201,2011,1,40380,55,2.0,1.0,,5,1,46,,2,44,1,,1,1,5,2,57,57,57,1,0,0,1.0,1.0,,45.0,,35.0,,,,,,2.0,5.0,0.0,1,2.0,2.0,2.0,,1384.61,1.0,,2.0,,,15328.6036,3802.7111,3,2,0.0,,0,0,59930,1,,,,,,,3783.7361,7860.0,1820.0,-1,,,,,,,326688.0,2015,668,653,0,0,1,0,0,,5.0,40.0,2015,MIS4_to_MIS8,new_york,0,2014-2015,0,1,0,1,retention
641520493801003,9,1.0,7,4,2,201,2011,1,1,,36,15380,0,2.0,1.0,,5,2,64,,2,44,1,,1,0,0,5,2,57,57,57,1,0,0,1.0,1.0,,38.0,,51.0,,,,,,2.0,3.0,0.0,1,2.0,2.0,2.0,,807.69,2.0,2.0,,,,12533.2531,3108.1464,0,0,0.0,,0,0,42095,1,,,,,,2.0,3040.1715,6770.0,2430.0,4760,,,,,,,324843.0,2014,656,653,0,0,0,0,0,18.0,8.0,31.0,2014,1.0,7,8,2,201,2011,1,15380,0,2.0,1.0,,5,2,66,,2,44,1,,0,0,5,2,57,57,57,1,0,0,1.0,1.0,,38.0,6.0,33.0,,,6.0,,,4.0,3.0,0.0,1,2.0,2.0,2.0,,1288.0,2.0,2.0,,,,12951.788,3191.1932,0,0,1.0,,0,42,29036,1,,,,,,,3122.2339,6770.0,2430.0,4760,,,,,,,326702.0,2015,668,653,0,0,0,0,0,,8.0,31.0,2015,MIS4_to_MIS8,new_york,0,2014-2015,1,0,0,0,retention
656300601150309,9,1.0,1,4,2,201,2011,1,1,,36,15380,0,2.0,1.0,,5,3,50,1.0,2,44,1,,2,1,2,1,2,57,57,57,1,0,0,2.0,1.0,,40.0,,40.0,,,,,,2.0,2.0,0.0,1,2.0,2.0,2.0,,1346.15,1.0,,2.0,,,13046.0568,3285.7072,0,0,0.0,,0,0,13713,2,,,,,,2.0,3293.4051,9480.0,2550.0,-1,,,,,,,324863.0,2014,656,653,0,0,0,0,0,18.0,8.0,51.0,2014,1.0,1,8,2,201,2011,1,15380,0,2.0,1.0,,5,3,50,1.0,2,44,1,,1,2,1,2,57,57,57,1,0,0,2.0,1.0,,40.0,,40.0,,,,,,2.0,2.0,0.0,1,2.0,2.0,2.0,,1346.15,1.0,,2.0,,,14341.4512,3568.1002,0,0,0.0,,0,0,29029,2,,,,,,,3540.0659,7860.0,2550.0,-1,,,,,,,326722.0,2015,668,653,0,0,0,0,0,,8.0,40.0,2015,MIS4_to_MIS8,new_york,0,2014-2015,1,0,0,0,retention
656300601150309,9,1.0,1,4,2,201,2011,1,1,,36,15380,0,2.0,1.0,,5,4,23,,1,43,1,,3,1,3,7,2,57,57,57,1,0,0,2.0,1.0,,40.0,,40.0,,,,,,2.0,2.0,0.0,1,2.0,,1.0,2500.0,1000.0,1.0,,2.0,,,16020.7456,4088.3235,0,0,0.0,0.0,0,0,13713,3,,,,2.0,,,4127.2902,9470.0,3800.0,-1,,,,,2.0,1.0,324865.0,2014,656,653,0,0,0,0,0,16.0,12.0,51.0,2014,1.0,1,8,2,201,2011,1,15380,0,2.0,1.0,,5,4,24,,1,43,1,,1,3,7,2,57,57,57,1,0,0,2.0,1.0,,40.0,,40.0,,,,,,2.0,2.0,0.0,1,2.0,,1.0,2000.0,800.0,1.0,,2.0,,,17326.3015,4351.6768,0,0,0.0,0.0,0,0,29029,3,,,,,,,4291.7926,9470.0,3800.0,-1,,,,,2.0,1.0,326724.0,2015,668,653,0,0,0,0,0,,12.0,51.0,2015,MIS4_to_MIS8,new_york,0,2014-2015,1,0,0,0,retention
663154150103904,9,1.0,1,4,2,201,2011,1,1,,36,35620,103,2.0,1.0,,7,3,43,1.0,1,43,1,,2,1,2,1,2,57,57,57,1,0,0,2.0,1.0,,40.0,,40.0,,,,,,2.0,3.0,0.0,1,2.0,2.0,2.0,,2692.0,1.0,,2.0,,,13828.2543,3451.9384,0,0,1.0,,0,42,65222,2,,,,2.0,,,3429.1197,9570.0,565.0,-1,,,,,,,324870.0,2014,656,653,0,0,0,0,0,16.0,2.0,51.0,2014,1.0,1,8,2,201,2011,1,35620,103,2.0,1.0,,7,3,44,1.0,1,43,1,,1,2,1,2,57,57,57,1,0,0,2.0,1.0,,40.0,,40.0,,,,,,2.0,3.0,0.0,1,2.0,2.0,2.0,,2307.0,2.0,2.0,2.0,,,14746.3942,3661.1385,0,0,1.0,,0,42,40675,2,,,,,,,3664.5125,9570.0,430.0,-1,,,,,,,326730.0,2015,668,653,0,0,0,0,0,,1.0,51.0,2015,MIS4_to_MIS8,new_york,0,2014-2015,1,0,0,0,retention
671564002430010,9,1.0,7,4,2,201,2011,1,1,,36,10580,0,2.0,1.0,,4,2,51,,2,39,1,,1,0,0,5,2,57,57,57,1,0,0,1.0,1.0,,40.0,,46.0,,,,,,2.0,2.0,0.0,1,2.0,2.0,2.0,,903.84,1.0,,2.0,,,13046.0568,3285.7072,0,0,0.0,,0,0,42048,1,1.0,,,,,,3293.4051,9380.0,940.0,-1,,,,,,,324878.0,2014,656,653,0,0,0,0,0,12.0,2.0,51.0,2014,1.0,7,8,2,201,2011,1,10580,0,2.0,1.0,,4,2,52,,2,39,1,,0,0,5,2,57,57,57,1,0,0,1.0,1.0,,40.0,,40.0,,,,,,2.0,2.0,0.0,1,2.0,2.0,2.0,,865.38,1.0,,2.0,,,13788.3728,3430.4963,0,0,0.0,,0,0,5733,1,1.0,,,,,,3403.5432,9380.0,5240.0,-1,,,,,,,326736.0,2015,668,653,0,0,0,0,0,12.0,17.0,51.0,2015,MIS4_to_MIS8,new_york,0,2014-2015,1,0,0,0,retention
731368000630740,9,3.0,1,4,2,201,2011,1,1,,36,35620,71,2.0,1.0,,7,1,46,2.0,1,44,1,,1,1,1,1,2,57,57,57,1,0,0,1.0,1.0,,40.0,,40.0,,,,,,2.0,3.0,0.0,1,2.0,2.0,2.0,,2115.38,1.0,,2.0,,,13320.638,3306.5491,4,1,0.0,,0,0,5315,1,,,,,,2.0,3333.3395,7860.0,2310.0,-1,,,,,,,324914.0,2014,656,653,0,0,0,1,0,18.0,8.0,40.0,2014,2.0,1,8,2,201,2011,1,35620,71,2.0,1.0,,7,1,47,2.0,1,44,1,,1,1,1,2,57,57,57,1,0,0,1.0,1.0,,40.0,5.0,32.0,,,5.0,,,4.0,4.0,0.0,1,2.0,2.0,2.0,,2115.38,1.0,,2.0,,,14981.7217,3661.5437,4,1,0.0,,0,0,19243,1,,,,,,,3677.7895,7860.0,2320.0,-1,,,,,,,326777.0,2015,668,653,0,0,0,1,0,,8.0,40.0,2015,MIS4_to_MIS8,new_york,0,2014-2015,0,1,0,1,retention
731368000630740,9,3.0,1,4,2,201,2011,1,1,,36,35620,71,2.0,1.0,,7,3,46,1.0,2,44,1,,2,1,2,1,2,57,57,57,1,0,0,2.0,1.0,,40.0,,40.0,,,,,,2.0,3.0,0.0,1,2.0,2.0,2.0,,2211.53,1.0,,2.0,,,13627.5674,3479.5488,4,1,0.0,,0,0,5315,2,,,,,,2.0,3440.2042,7860.0,2310.0,-1,,,,,,,324915.0,2014,656,653,0,0,0,1,0,18.0,8.0,40.0,2014,2.0,1,8,2,201,2011,1,35620,71,2.0,1.0,,7,3,47,1.0,2,44,1,,1,2,1,2,57,57,57,1,0,0,2.0,1.0,,40.0,,40.0,,,,,,2.0,4.0,0.0,1,2.0,2.0,2.0,,2250.0,1.0,,2.0,,,16070.373,3986.7289,4,1,0.0,,0,0,19243,2,,,,,,,3966.8356,7860.0,2320.0,-1,,,,,,,326778.0,2015,668,653,0,0,0,1,0,,8.0,40.0,2015,MIS4_to_MIS8,new_york,0,2014-2015,0,1,0,1,retention
301040411012679,9,1.0,1,4,2,201,2011,1,1,,36,0,0,3.0,2.0,,0,1,53,2.0,2,40,1,,1,1,1,1,2,57,57,57,1,0,0,1.0,1.0,,35.0,,35.0,,,,,,2.0,3.0,0.0,1,2.0,,1.0,2367.0,828.45,1.0,,2.0,,,11557.0371,2910.691,0,0,0.0,0.0,0,0,50574,1,,,3.0,,,,2917.5102,8370.0,2016.0,-1,,,,,,,325073.0,2014,656,653,0,0,0,0,0,14.0,6.0,43.0,2014,1.0,1,8,2,201,2011,1,0,0,3.0,2.0,,0,1,54,2.0,2,40,1,,1,1,1,2,57,57,57,1,0,0,1.0,1.0,,35.0,6.0,28.0,,,6.0,,,4.0,3.0,0.0,1,2.0,1.0,1.0,2475.0,866.0,1.0,,2.0,,,14311.105,3560.5502,0,0,0.0,0.0,0,0,59909,1,,,3.0,,,,3532.5752,8370.0,5250.0,-1,,,,,,,326865.0,2015,668,653,0,0,0,0,0,14.0,17.0,43.0,2015,MIS4_to_MIS8,new_york,0,2014-2015,1,0,0,0,retention
301040411012679,9,1.0,1,4,2,201,2011,1,1,,36,0,0,3.0,2.0,,0,3,54,1.0,1,39,7,,2,1,2,1,2,57,57,57,1,0,0,2.0,1.0,,40.0,,40.0,,,,,,2.0,2.0,0.0,1,2.0,,1.0,2800.0,1120.0,1.0,,2.0,,,15639.8884,3889.0604,0,0,0.0,0.0,0,0,50574,2,1.0,,,,,,3913.7058,6290.0,7220.0,-1,,,,,,,325074.0,2014,656,653,0,0,0,0,0,12.0,20.0,23.0,2014,1.0,1,8,2,201,2011,1,0,0,3.0,2.0,,0,3,55,1.0,1,39,7,,1,2,1,2,57,57,57,1,0,0,2.0,1.0,,40.0,6.0,32.0,,,6.0,,,4.0,2.0,0.0,1,2.0,1.0,1.0,2739.0,1095.5,1.0,,,,,12954.8716,3186.8492,0,0,0.0,0.0,0,0,59909,2,1.0,,,,,,3154.0867,770.0,7220.0,-1,,,,,,,326866.0,2015,668,653,0,0,0,0,0,12.0,20.0,4.0,2015,MIS4_to_MIS8,new_york,0,2014-2015,1,0,0,0,retention
1026540300811,9,2.0,1,4,2,201,2011,1,1,,36,13780,0,,1.0,,3,3,61,1.0,2,43,1,,2,1,2,1,2,57,57,57,1,0,0,1.0,1.0,,35.0,,35.0,,,,,,2.0,3.0,0.0,1,2.0,2.0,2.0,,2500.0,1.0,,,,,9101.2197,2257.0296,0,0,1.0,,0,42,42068,2,,,,2.0,,,2207.6686,7860.0,2310.0,-1,,,,,,,325216.0,2014,656,653,0,0,0,0,0,16.0,8.0,40.0,2014,3.0,1,8,2,201,2011,1,13780,0,,1.0,,3,3,51,1.0,2,39,1,,1,2,1,2,57,57,57,1,0,0,2.0,1.0,,40.0,,40.0,,,,,,2.0,5.0,0.0,1,2.0,2.0,2.0,,865.0,2.0,2.0,2.0,,,13546.5824,3370.3398,0,0,1.0,,0,42,65764,2,1.0,,,,,,3343.8593,8270.0,5110.0,-1,,,,,,,326955.0,2015,668,653,0,0,0,0,0,12.0,17.0,42.0,2015,MIS4_to_MIS8,new_york,0,2014-2015,0,1,0,1,retention
536750701040300,9,2.0,1,4,2,201,2011,1,1,,36,46540,0,,1.0,,3,1,54,2.0,1,40,1,,1,1,1,1,2,57,57,57,1,0,0,2.0,1.0,,40.0,,40.0,,,,,,2.0,2.0,0.0,1,2.0,,1.0,1500.0,600.0,1.0,,2.0,,,14189.4286,3579.2619,0,0,1.0,1.0,0,42,30342,1,,,1.0,,,,3550.7446,9470.0,3800.0,-1,,,,,,,325256.0,2014,656,653,0,0,0,0,0,12.0,12.0,51.0,2014,2.0,1,8,2,201,2011,1,46540,0,,1.0,,3,1,55,2.0,1,40,1,,1,1,1,2,57,57,57,1,0,0,2.0,1.0,,40.0,,40.0,,,,,,2.0,2.0,0.0,1,1.0,,1.0,200.0,600.0,2.0,2.0,,,,13154.3804,3191.2057,0,0,1.0,1.0,0,42,29239,1,,,3.0,,,,3202.6605,9470.0,3800.0,-1,,,,,,,327040.0,2015,668,653,0,0,0,0,0,14.0,12.0,51.0,2015,MIS4_to_MIS8,new_york,0,2014-2015,1,0,0,0,retention
650850806011003,9,1.0,6,4,2,201,2011,1,1,,36,13780,0,,1.0,,3,2,53,,1,41,1,,1,0,0,7,2,57,57,57,1,0,0,1.0,1.0,,38.0,,38.0,,,,,,2.0,3.0,0.0,1,2.0,2.0,2.0,,846.0,1.0,,2.0,,,2658.7627,670.6689,0,0,1.0,,0,42,30514,1,,,4.0,,,,665.3254,7860.0,820.0,-1,,,,,,,325263.0,2014,656,653,0,0,0,0,0,15.0,2.0,40.0,2014,1.0,6,8,2,201,2011,1,13780,0,,1.0,,3,2,54,,1,40,1,,0,0,7,2,57,57,57,1,0,0,1.0,1.0,,38.0,6.0,32.0,,,6.0,,,4.0,2.0,0.0,1,2.0,2.0,2.0,,788.46,1.0,,2.0,,,13650.1804,3368.0496,0,0,0.0,,0,0,40699,1,,,4.0,,,,3350.9159,7860.0,800.0,-1,,,,,,,327059.0,2015,668,653,0,0,0,0,0,15.0,2.0,40.0,2015,MIS4_to_MIS8,new_york,0,2014-2015,1,0,0,0,retention
650850806011003,9,1.0,6,4,2,201,2011,1,1,,36,13780,0,,1.0,,3,12,51,,1,41,1,,2,0,0,5,2,57,57,57,1,0,0,2.0,1.0,,38.0,,38.0,,,,,,2.0,2.0,0.0,1,2.0,,1.0,3157.0,1199.66,2.0,2.0,2.0,,,2658.7627,670.6689,0,0,1.0,1.0,0,42,30514,2,,,3.0,,,,665.3254,7870.0,3420.0,-1,,,,,,,325264.0,2014,656,653,0,0,0,0,0,14.0,10.0,40.0,2014,1.0,6,8,2,201,2011,1,13780,0,,1.0,,3,12,52,,1,42,1,,0,0,5,2,57,57,57,1,0,0,2.0,5.0,,,,,,,,,,1.0,,,2,,,,,,,,2.0,,,13825.6159,3368.0496,0,0,,,0,0,40699,2,,,3.0,,,,3463.4,,,-1,,,,,,,327060.0,2015,668,653,0,0,0,0,0,14.0,,,2015,MIS4_to_MIS8,new_york,0,2014-2015,0,1,0,0,retention
40210133098413,9,1.0,1,4,2,201,2011,1,1,,42,37980,101,1.0,1.0,,7,3,53,1.0,1,40,2,,2,1,2,1,2,57,57,57,1,0,0,2.0,1.0,,40.0,,70.0,,,,,,2.0,3.0,0.0,1,1.0,2.0,2.0,,2403.84,1.0,,2.0,,,12204.069,3398.4764,3,3,0.0,,0,0,43017,2,,,5.0,,,,3358.2159,9470.0,3710.0,-1,,,,,,,328719.0,2014,656,653,0,0,1,0,0,16.0,12.0,51.0,2014,1.0,1,8,2,201,2011,1,37980,101,1.0,1.0,,7,3,54,1.0,1,40,2,,1,2,1,2,57,57,57,1,0,0,,1.0,,40.0,6.0,32.0,,,6.0,,,4.0,2.0,0.0,1,2.0,2.0,2.0,,615.0,1.0,,2.0,,,14234.8991,3726.1956,10,3,1.0,,41,41,15899,2,,,4.0,,,,3762.3279,9470.0,3850.0,-1,,,,,,,330520.0,2015,668,653,0,0,1,1,0,15.0,12.0,51.0,2015,MIS4_to_MIS8,pennsylvania,0,2014-2015,1,0,0,0,retention
148274020087904,9,1.0,6,4,2,201,2011,1,1,,42,10900,0,1.0,1.0,,4,2,26,,1,43,1,,1,0,0,7,2,57,57,57,1,0,0,1.0,1.0,,40.0,,40.0,,,,,,2.0,3.0,0.0,1,1.0,1.0,1.0,2024.0,923.07,1.0,,2.0,,,14670.7761,3703.0216,0,0,0.0,0.0,0,0,42955,1,,,,2.0,,,3688.6288,9470.0,3800.0,-1,,,,,,,328763.0,2014,656,653,0,0,0,0,0,16.0,12.0,51.0,2014,1.0,6,8,2,201,2011,1,10900,0,1.0,1.0,,4,2,26,,1,43,1,,0,0,7,2,57,57,57,1,0,0,1.0,1.0,,40.0,,40.0,,,,,,2.0,3.0,0.0,1,1.0,,1.0,3133.0,1409.2,2.0,2.0,2.0,,,12196.5438,3053.4743,0,0,1.0,1.0,0,42,49343,1,,,,,,,3090.0388,6290.0,3930.0,-1,,,,,,,330568.0,2015,668,653,0,0,0,0,0,,12.0,23.0,2015,MIS4_to_MIS8,pennsylvania,0,2014-2015,1,0,0,0,retention
260190072761004,9,1.0,6,4,2,201,2011,1,1,,42,21500,49,1.0,1.0,,3,2,60,,1,44,1,,1,0,0,7,2,57,57,57,1,0,0,1.0,1.0,,40.0,,45.0,,,,,,2.0,2.0,0.0,1,2.0,,1.0,3211.0,1284.4,1.0,,,,,12124.46,3031.7365,0,0,0.0,0.0,0,0,5588,1,,,,,,3.0,3019.4088,8590.0,565.0,-1,,,,,,,328786.0,2014,656,653,0,0,0,0,0,18.0,2.0,44.0,2014,1.0,6,8,2,201,2011,1,21500,49,1.0,1.0,,3,2,61,,1,44,1,,0,0,7,2,57,57,57,1,0,0,1.0,1.0,,40.0,,42.0,,,,,,2.0,2.0,0.0,1,1.0,1.0,1.0,3182.0,2884.61,1.0,,,,,10840.6344,2792.8186,0,0,0.0,0.0,0,0,2981,1,,,,,,,2821.2716,9570.0,565.0,-1,,,,,,,330598.0,2015,668,653,0,0,0,0,0,,2.0,51.0,2015,MIS4_to_MIS8,pennsylvania,0,2014-2015,1,0,0,0,retention
824904130101303,9,1.0,1,4,2,201,2011,1,1,,42,37980,101,1.0,1.0,,7,1,49,2.0,2,43,1,,1,1,1,1,2,57,57,57,1,0,0,1.0,1.0,,40.0,,40.0,,,,,,2.0,3.0,0.0,1,2.0,2.0,2.0,,1750.0,2.0,2.0,2.0,,,12593.5751,3220.8842,0,0,0.0,,0,0,31374,1,,,,2.0,,,3179.1786,7860.0,800.0,-1,,,,,,,328884.0,2014,656,653,0,0,0,0,0,16.0,2.0,40.0,2014,1.0,1,8,2,201,2011,1,37980,101,1.0,1.0,,7,1,50,2.0,2,43,1,,1,1,1,2,57,57,57,1,0,0,1.0,1.0,,40.0,6.0,32.0,,,6.0,,,4.0,3.0,0.0,1,2.0,2.0,2.0,,1750.0,2.0,2.0,2.0,,,13259.0419,3291.1069,0,0,0.0,,0,0,62495,1,,,,,,,3272.8823,7860.0,800.0,-1,,,,,,,330661.0,2015,668,653,0,0,0,0,0,,2.0,40.0,2015,MIS4_to_MIS8,pennsylvania,0,2014-2015,1,0,0,0,retention
55082261401891,9,2.0,1,4,2,201,2011,1,1,,42,38300,3,2.0,1.0,,5,3,38,1.0,1,44,2,,2,1,2,1,2,57,57,57,1,0,0,1.0,1.0,,50.0,,72.0,,,,,,2.0,3.0,0.0,1,2.0,2.0,2.0,,1480.76,2.0,1.0,2.0,,,21617.2878,5541.7384,10,4,0.0,,0,0,51179,2,,,,,,2.0,5424.3037,7860.0,230.0,230,,,,,,,328997.0,2014,656,653,0,0,1,1,0,18.0,1.0,40.0,2014,1.0,1,8,2,201,2011,1,38300,3,2.0,1.0,,5,3,39,1.0,1,39,2,,1,2,1,2,57,57,57,1,0,0,2.0,1.0,,40.0,,40.0,,,,,,2.0,3.0,0.0,1,2.0,2.0,2.0,,1111.0,2.0,2.0,2.0,,,14410.2003,3441.0009,10,4,1.0,,0,0,56445,2,1.0,,,,,,3415.9981,7860.0,230.0,-1,,,,,,,330794.0,2015,668,653,0,0,1,1,0,12.0,1.0,40.0,2015,MIS4_to_MIS8,pennsylvania,0,2014-2015,1,0,0,0,retention
56092586400831,9,1.0,1,4,2,201,2011,1,1,,42,37980,17,2.0,1.0,,7,4,21,,1,41,1,,3,1,3,7,2,57,57,57,1,0,0,2.0,1.0,,40.0,,44.0,,,,,,2.0,2.0,0.0,1,2.0,,1.0,2250.0,900.0,1.0,,2.0,,,15009.0024,3836.5057,0,0,0.0,0.0,0,0,68924,3,,,3.0,,,,3866.6433,6290.0,6355.0,-1,,,,,1.0,1.0,329010.0,2014,656,653,0,0,0,0,0,14.0,19.0,23.0,2014,2.0,1,8,2,201,2011,1,37980,17,2.0,1.0,,7,4,22,,1,41,1,,1,3,7,2,57,57,57,1,0,0,2.0,1.0,,40.0,,40.0,,,,,,2.0,2.0,0.0,1,2.0,,1.0,2010.0,804.0,1.0,,2.0,,,14219.2779,3562.9868,0,0,0.0,0.0,0,0,2924,3,,,2.0,,,,3522.1707,6180.0,6355.0,-1,,,,,1.0,1.0,330801.0,2015,668,653,0,0,0,0,0,13.0,19.0,23.0,2015,MIS4_to_MIS8,pennsylvania,0,2014-2015,1,0,0,0,retention
124652160002605,9,1.0,1,4,2,201,2011,1,1,,42,42540,0,2.0,1.0,,4,1,49,2.0,2,43,1,,1,1,1,1,2,57,57,57,1,0,0,1.0,1.0,,37.0,,37.0,,,,,,2.0,3.0,0.0,1,2.0,2.0,2.0,,769.23,1.0,,2.0,,,12357.3007,3160.4555,4,1,0.0,,0,0,68952,1,,,,1.0,2.0,,3119.5324,7860.0,3255.0,-1,,,,,,,329071.0,2014,656,653,0,0,0,1,0,17.0,10.0,40.0,2014,1.0,1,8,2,201,2011,1,42540,0,2.0,1.0,,4,1,50,2.0,2,43,1,,1,1,1,2,57,57,57,1,0,0,1.0,1.0,,37.0,,37.0,,,,,,2.0,3.0,0.0,1,2.0,2.0,2.0,,807.69,1.0,,2.0,,,12180.385,3023.3669,4,1,0.0,,0,0,30063,1,,,,,,,3006.625,7860.0,3255.0,-1,,,,,,,330861.0,2015,668,653,0,0,0,1,0,,10.0,40.0,2015,MIS4_to_MIS8,pennsylvania,0,2014-2015,1,0,0,0,retention
156244020039802,9,4.0,1,4,2,201,2011,1,1,,42,38300,125,2.0,1.0,,5,1,45,2.0,2,41,1,,1,1,1,1,2,57,57,57,1,0,0,1.0,1.0,,35.0,,35.0,,,,,,2.0,3.0,0.0,1,2.0,1.0,1.0,1075.0,276.92,1.0,,2.0,,,12143.1676,3105.6897,10,2,0.0,0.0,0,0,69011,1,,,2.0,,,,3065.4757,7860.0,5860.0,-1,,,,,,,329085.0,2014,656,653,0,0,1,1,0,13.0,17.0,40.0,2014,1.0,1,8,2,201,2011,1,38300,125,2.0,1.0,,5,1,46,2.0,2,42,1,,1,1,1,2,57,57,57,1,0,0,1.0,1.0,,35.0,,35.0,,,,,,2.0,3.0,0.0,1,2.0,,1.0,1075.0,376.25,1.0,,2.0,,,13430.9604,3324.1737,10,2,0.0,0.0,0,0,30168,1,,,2.0,,,,3315.3189,7860.0,5260.0,-1,,,,,,,330876.0,2015,668,653,0,0,1,1,0,13.0,17.0,40.0,2015,MIS4_to_MIS8,pennsylvania,0,2014-2015,1,0,0,0,retention
400060815041234,9,2.0,1,4,2,201,2011,1,1,,42,38300,129,2.0,1.0,,5,1,35,2.0,2,43,1,,1,1,1,1,2,57,57,57,1,0,0,1.0,1.0,,40.0,,40.0,,,,,,2.0,3.0,0.0,1,2.0,2.0,2.0,,700.0,1.0,,2.0,,,13590.1896,3348.3058,6,2,0.0,,0,0,5617,1,,,,1.0,1.0,,3376.7861,7860.0,2310.0,-1,,,,,,,329202.0,2014,656,653,1,0,1,0,1,18.0,8.0,40.0,2014,2.0,1,8,2,201,2011,1,38300,129,2.0,1.0,,5,1,36,2.0,2,43,1,,1,1,1,2,57,57,57,1,0,0,1.0,1.0,,40.0,6.0,32.0,,,6.0,,,4.0,3.0,0.0,1,2.0,2.0,2.0,,1000.0,1.0,,2.0,,,13058.4403,3145.8628,6,2,0.0,,0,0,19457,1,,,,,,,3207.7133,7860.0,2310.0,-1,,,,,,,331023.0,2015,668,653,1,0,1,0,1,,8.0,40.0,2015,MIS4_to_MIS8,pennsylvania,0,2014-2015,1,0,0,0,retention
400060815041234,9,2.0,1,4,2,201,2011,1,1,,42,38300,129,2.0,1.0,,5,3,38,1.0,1,43,1,,2,1,2,1,2,57,57,57,1,0,0,2.0,1.0,,40.0,,44.0,,,,,,2.0,3.0,0.0,1,2.0,2.0,2.0,,700.0,1.0,,2.0,,,12678.7461,3129.5011,6,2,0.0,,0,0,5617,2,,,,1.0,1.0,,3144.0655,7860.0,2320.0,4250,,,,,,,329203.0,2014,656,653,1,0,1,0,1,18.0,8.0,40.0,2014,2.0,1,8,2,201,2011,1,38300,129,2.0,1.0,,5,3,39,1.0,1,43,1,,1,2,1,2,57,57,57,1,0,0,2.0,1.0,,40.0,6.0,32.0,,,6.0,,,4.0,3.0,0.0,1,2.0,2.0,2.0,,961.53,1.0,,2.0,,,12137.4741,3010.0762,6,2,0.0,,0,0,19457,2,,,,,,,3016.19,7860.0,2320.0,-1,,,,,,,331024.0,2015,668,653,1,0,1,0,1,,8.0,40.0,2015,MIS4_to_MIS8,pennsylvania,0,2014-2015,1,0,0,0,retention
424170180002103,9,1.0,1,4,2,201,2011,1,1,,42,37980,45,2.0,1.0,,7,3,34,1.0,2,43,1,,2,1,2,1,2,57,57,57,1,0,0,2.0,1.0,,15.0,,15.0,,,15.0,,,6.0,2.0,0.0,1,2.0,,1.0,1600.0,240.0,1.0,,2.0,,,14931.7133,3659.5482,10,2,1.0,1.0,0,42,51252,2,,,,1.0,1.0,,3651.8035,7860.0,2320.0,-1,,,,,,,329244.0,2014,656,653,0,0,1,1,0,18.0,8.0,40.0,2014,1.0,1,8,2,201,2011,1,37980,45,2.0,1.0,,7,3,36,1.0,2,43,1,,1,2,1,2,57,57,57,1,0,0,2.0,1.0,,30.0,,30.0,,,15.0,,,6.0,2.0,0.0,1,2.0,2.0,2.0,,384.61,1.0,,1.0,2.0,2.0,12313.0676,2966.2977,10,2,0.0,,0,0,41237,2,,,,,,,3024.6178,7860.0,2320.0,-1,,,,,,,331100.0,2015,668,653,0,0,1,1,0,,8.0,40.0,2015,MIS4_to_MIS8,pennsylvania,0,2014-2015,1,0,0,0,retention
424839130002807,9,2.0,1,4,2,201,2011,1,1,,42,38300,7,2.0,1.0,,5,1,58,2.0,2,40,1,,1,1,1,1,2,57,57,57,1,0,0,1.0,1.0,,35.0,,35.0,,,,,,2.0,3.0,0.0,1,2.0,2.0,2.0,,400.0,1.0,,,,,12280.7109,3149.5468,0,0,0.0,,0,0,51200,1,,,2.0,,,,3141.5554,9470.0,5700.0,-1,,,,,,,329250.0,2014,656,653,0,0,0,0,0,13.0,17.0,51.0,2014,2.0,1,8,2,201,2011,1,38300,7,2.0,1.0,,5,1,59,2.0,2,40,1,,1,1,1,2,57,57,57,1,0,0,1.0,1.0,,35.0,,35.0,,,,,,2.0,3.0,0.0,1,2.0,,1.0,1485.0,519.75,1.0,,,,,12753.3071,3086.2419,0,0,0.0,0.0,0,0,50529,1,,,1.0,,,,3110.037,9470.0,430.0,-1,,,,,5.0,1.0,331105.0,2015,668,653,0,0,0,0,0,12.0,1.0,51.0,2015,MIS4_to_MIS8,pennsylvania,0,2014-2015,1,0,0,0,retention
424839130002807,9,2.0,1,4,2,201,2011,1,1,,42,38300,7,2.0,1.0,,5,3,58,1.0,1,39,1,,2,1,2,1,2,57,57,57,1,0,0,2.0,1.0,,20.0,,20.0,,,21.0,,,7.0,3.0,0.0,1,2.0,2.0,2.0,,400.0,2.0,2.0,,,,11529.744,2987.2883,0,0,0.0,,0,0,51200,2,1.0,,,,,,2964.3087,8180.0,3655.0,-1,,,,,,,329251.0,2014,656,653,0,0,0,0,0,12.0,11.0,42.0,2014,2.0,1,8,2,201,2011,1,38300,7,2.0,1.0,,5,3,60,1.0,1,39,1,,1,2,1,2,57,57,57,1,0,0,2.0,1.0,,28.0,,28.0,,,21.0,,,7.0,3.0,0.0,1,2.0,,1.0,1700.0,476.0,1.0,,,,,11289.2488,2908.3929,0,0,0.0,0.0,0,0,50529,2,1.0,,,,,,2938.0233,8180.0,3655.0,-1,,,,,,,331106.0,2015,668,653,0,0,0,0,0,12.0,11.0,42.0,2015,MIS4_to_MIS8,pennsylvania,0,2014-2015,1,0,0,0,retention
610005614202652,9,1.0,1,4,2,201,2011,1,1,,42,42540,0,2.0,1.0,,4,1,57,2.0,2,42,1,,1,1,1,1,2,57,57,57,1,0,0,1.0,1.0,,40.0,,40.0,,,,,,2.0,3.0,0.0,1,2.0,,1.0,1105.0,442.0,1.0,,,,,12497.2695,3205.0861,0,0,0.0,0.0,0,0,63199,1,,,3.0,,,,3196.9538,7860.0,5700.0,-1,,,,,,,329336.0,2014,656,653,0,0,0,0,0,14.0,17.0,40.0,2014,1.0,1,8,2,201,2011,1,42540,0,2.0,1.0,,4,1,58,2.0,2,41,1,,1,1,1,2,57,57,57,1,0,0,1.0,1.0,,40.0,6.0,32.0,,,6.0,,,4.0,3.0,0.0,1,2.0,,1.0,1105.0,442.0,2.0,1.0,,,,12361.9294,2991.5303,0,0,0.0,0.0,0,0,41253,1,,,3.0,,,,3014.5952,7860.0,5700.0,-1,,,,,,,331171.0,2015,668,653,0,0,0,0,0,14.0,17.0,40.0,2015,MIS4_to_MIS8,pennsylvania,0,2014-2015,1,0,0,0,retention
48052878400351,9,2.0,1,4,2,201,2011,1,1,,42,49620,133,,1.0,,3,3,69,1.0,2,39,1,,2,1,2,1,2,57,57,57,1,0,0,1.0,1.0,,40.0,,40.0,,,,,,2.0,3.0,0.0,1,2.0,,1.0,1280.0,512.0,2.0,2.0,,,,11742.808,2919.5237,0,0,0.0,0.0,0,0,63243,2,1.0,,,,,,2834.5757,9390.0,5810.0,-1,,,,,,,329681.0,2014,656,653,0,0,0,0,0,12.0,17.0,51.0,2014,2.0,1,8,2,201,2011,1,49620,133,,1.0,,3,3,70,1.0,2,39,1,,1,2,1,2,57,57,57,1,0,0,1.0,1.0,,40.0,,40.0,,,,,,2.0,3.0,0.0,1,2.0,,1.0,1224.0,489.6,2.0,2.0,,,,11850.4819,2913.0322,0,0,0.0,0.0,0,0,56558,2,1.0,,,,,,2856.7466,9470.0,5810.0,-1,,,,,,,331392.0,2015,668,653,0,0,0,0,0,12.0,17.0,51.0,2015,MIS4_to_MIS8,pennsylvania,0,2014-2015,1,0,0,0,retention
210080857961004,9,2.0,1,4,2,201,2011,1,1,,42,27780,21,,1.0,,2,1,47,2.0,2,44,1,,1,1,1,1,2,57,57,57,1,0,0,1.0,1.0,,40.0,,40.0,,,,,,2.0,3.0,0.0,1,2.0,2.0,2.0,,0.23,1.0,,2.0,,,8645.8139,2211.22,0,0,0.0,,0,0,59107,1,,,,,,2.0,2182.588,7860.0,2300.0,-1,,,,,,,329710.0,2014,656,653,0,0,0,0,0,18.0,8.0,40.0,2014,3.0,1,8,2,201,2011,1,27780,21,,1.0,,2,1,48,2.0,2,44,1,,1,1,1,2,57,57,57,1,0,0,1.0,1.0,,40.0,,42.0,,,,,,2.0,3.0,0.0,1,2.0,1.0,1.0,2800.0,757.69,1.0,,2.0,,,13191.2641,3264.8487,0,0,0.0,0.0,0,0,6055,1,,,,,,,3256.1519,7860.0,2310.0,-1,,,,,,,331462.0,2015,668,653,0,0,0,0,0,,8.0,40.0,2015,MIS4_to_MIS8,pennsylvania,0,2014-2015,1,0,0,0,retention
210080857961004,9,2.0,1,4,2,201,2011,1,1,,42,27780,21,,1.0,,2,3,54,1.0,1,39,1,,2,1,2,1,2,57,57,57,1,0,0,2.0,1.0,,8.0,,8.0,,,15.0,,,6.0,3.0,0.0,1,2.0,,1.0,1100.0,88.0,2.0,2.0,2.0,,,8917.1702,2253.0826,0,0,0.0,0.0,0,0,59107,2,1.0,,,,,,2231.4213,9470.0,3850.0,-1,,,,,,,329711.0,2014,656,653,0,0,0,0,0,12.0,12.0,51.0,2014,3.0,1,8,2,201,2011,1,27780,21,,1.0,,2,3,55,1.0,1,39,1,,1,2,1,2,57,57,57,1,0,0,2.0,1.0,,40.0,,40.0,,,,,,2.0,3.0,0.0,1,1.0,1.0,1.0,1800.0,730.76,2.0,2.0,,,,12081.7643,2924.1568,0,0,0.0,0.0,0,0,6055,2,1.0,,,,,,2941.5136,9470.0,3710.0,3850,,,,,,,331463.0,2015,668,653,0,0,0,0,0,12.0,12.0,51.0,2015,MIS4_to_MIS8,pennsylvania,0,2014-2015,1,0,0,0,retention
105730115097788,10,1.0,1,4,2,201,2011,1,1,,17,16980,0,1.0,1.0,1.0,7,1,52,2.0,1,44,1,,1,1,1,1,2,57,57,57,1,0,0,1.0,1.0,,50.0,,50.0,,,,,,2.0,3.0,0.0,1,1.0,2.0,2.0,,1346.15,1.0,,2.0,,,13408.9591,3410.6907,10,3,0.0,,0,0,70500,1,,,,,,2.0,3418.9381,9470.0,3710.0,-1,,,,,,,350050.0,2014,657,654,0,0,1,1,0,18.0,12.0,51.0,2014,1.0,1,8,2,201,2011,1,16980,0,1.0,1.0,1.0,7,1,52,2.0,1,44,1,,1,1,1,2,57,57,57,1,0,0,1.0,1.0,,40.0,,40.0,,,,,,2.0,3.0,0.0,1,2.0,2.0,2.0,,1250.0,1.0,,2.0,,,11951.364,3043.8333,10,2,0.0,,0,0,51245,1,,,,,,,2997.5485,9470.0,3710.0,-1,,,,,,,351516.0,2015,669,654,0,0,1,1,0,,12.0,51.0,2015,MIS4_to_MIS8,illinois,1,2014-2015,1,0,0,0,retention
749390133281001,10,1.0,1,4,2,201,2011,1,1,,17,16980,0,1.0,1.0,1.0,7,1,37,2.0,2,45,1,,1,1,1,1,2,57,57,57,1,0,0,1.0,1.0,,65.0,,63.0,,,,,,2.0,3.0,0.0,1,2.0,2.0,2.0,,2884.61,2.0,2.0,2.0,,,13243.1178,3224.0203,0,0,0.0,,0,0,5247,1,,,,,,,3270.7148,9370.0,5940.0,-1,,,,,,,350216.0,2014,657,654,0,0,0,0,0,18.0,17.0,51.0,2014,1.0,1,8,2,201,2011,1,16980,0,1.0,1.0,1.0,7,1,37,2.0,2,45,1,,1,1,1,2,57,57,57,1,0,0,1.0,1.0,,60.0,,65.0,,,,,,2.0,3.0,0.0,1,2.0,2.0,2.0,,2884.61,2.0,2.0,2.0,,,12230.6821,2972.9872,0,0,0.0,,0,0,4901,1,,,,,,,2997.5685,9370.0,10.0,-1,,,,,,,351696.0,2015,669,654,0,0,0,0,0,18.0,1.0,51.0,2015,MIS4_to_MIS8,illinois,1,2014-2015,1,0,0,0,retention
764030996101101,10,1.0,1,4,2,201,2011,1,1,,17,16980,0,1.0,1.0,1.0,7,3,32,1.0,2,44,1,1.0,2,1,2,1,2,57,303,303,1,0,0,2.0,1.0,,30.0,,30.0,,,17.0,,,7.0,3.0,0.0,1,2.0,,1.0,3650.0,1095.0,2.0,2.0,2.0,,,11857.4758,2975.434,2,1,1.0,1.0,0,42,36611,2,,,,,,2.0,2932.735,7860.0,2310.0,-1,,,,,,,350225.0,2014,657,654,0,1,0,0,1,18.0,8.0,40.0,2014,1.0,1,8,2,201,2011,1,16980,0,1.0,1.0,1.0,7,3,32,1.0,2,44,1,1.0,1,2,1,2,57,303,303,1,0,0,2.0,2.0,4.0,20.0,,,,,,,,10.0,3.0,0.0,1,2.0,2.0,2.0,,200.0,2.0,2.0,2.0,,,11715.7325,3042.1543,2,1,0.0,,0,0,4906,2,,,,,,,2942.583,7860.0,2310.0,-1,,,,,,,351701.0,2015,669,654,0,1,0,0,1,,8.0,40.0,2015,MIS4_to_MIS8,illinois,1,2014-2015,1,0,0,0,retention
808113572710688,10,1.0,1,4,2,201,2011,1,1,,17,16980,0,1.0,1.0,1.0,7,3,28,1.0,2,44,1,,2,1,2,1,2,57,57,57,1,0,0,2.0,1.0,,40.0,,40.0,,,,,,2.0,3.0,0.0,1,2.0,2.0,2.0,,961.53,1.0,,1.0,2.0,2.0,15504.3005,3779.6097,0,0,0.0,,0,0,9332,2,,,,,,2.0,3834.712,7860.0,2310.0,-1,,,,,,,350241.0,2014,657,654,0,0,0,0,0,18.0,8.0,40.0,2014,1.0,1,8,2,201,2011,1,16980,0,1.0,1.0,1.0,7,3,29,1.0,2,44,1,,1,2,1,2,57,57,57,1,0,0,2.0,1.0,,45.0,,36.0,,,,,,2.0,3.0,0.0,1,2.0,2.0,2.0,,1211.53,1.0,,1.0,1.0,2.0,13262.3139,3350.1267,0,0,0.0,,0,0,4904,2,,,,,,,3331.0303,7860.0,2310.0,-1,,,,,,,351711.0,2015,669,654,0,0,0,0,0,,8.0,40.0,2015,MIS4_to_MIS8,illinois,1,2014-2015,1,0,0,0,retention
50077324100551,10,1.0,1,4,2,201,2011,1,1,,17,16980,0,2.0,1.0,,7,1,51,2.0,1,40,1,,1,1,1,1,2,57,57,57,1,0,0,1.0,1.0,,45.0,,45.0,,,,,,2.0,3.0,0.0,1,1.0,,1.0,2756.0,1302.4,1.0,,2.0,,,13134.2409,3340.8136,4,1,0.0,0.0,0,0,9494,1,,,4.0,,,,3348.8921,680.0,8620.0,-1,,,,,,,350348.0,2014,657,654,0,0,0,1,0,15.0,21.0,24.0,2014,1.0,1,8,2,201,2011,1,16980,0,2.0,1.0,,7,1,52,2.0,1,40,1,,1,1,1,2,57,57,57,1,0,0,1.0,1.0,,40.0,,50.0,,,,,,2.0,3.0,0.0,1,1.0,,1.0,2857.0,1271.8,1.0,,2.0,,,11825.7035,3011.8294,4,1,0.0,0.0,0,0,58741,1,,,4.0,,,,2966.0314,680.0,8620.0,-1,,,,,,,351838.0,2015,669,654,0,0,0,1,0,15.0,21.0,24.0,2015,MIS4_to_MIS8,illinois,1,2014-2015,1,0,0,0,retention
109040612023739,10,1.0,1,4,2,201,2011,1,1,,17,16980,97,2.0,1.0,,7,1,42,2.0,2,44,1,,1,1,1,1,2,57,57,57,1,0,0,1.0,1.0,,40.0,,40.0,,,,,,2.0,3.0,0.0,1,2.0,2.0,2.0,,1846.0,1.0,,2.0,,,13567.7049,3323.1264,3,1,1.0,,0,42,61769,1,,,,,,3.0,3350.8796,7860.0,2310.0,-1,,,,,,,350409.0,2014,657,654,0,0,1,0,0,18.0,8.0,40.0,2014,1.0,1,8,2,201,2011,1,16980,97,2.0,1.0,,7,1,43,2.0,2,44,1,,1,1,1,2,57,57,57,1,0,0,1.0,1.0,,40.0,6.0,32.0,,,6.0,,,4.0,3.0,0.0,1,2.0,2.0,2.0,,1923.0,1.0,,2.0,,,12269.9856,3031.5491,3,1,1.0,,0,42,51363,1,,,,,,,3007.2013,7860.0,2310.0,-1,,,,,,,351919.0,2015,669,654,0,0,1,0,0,,8.0,40.0,2015,MIS4_to_MIS8,illinois,1,2014-2015,1,0,0,0,retention
149311070065707,10,1.0,1,4,2,201,2011,1,1,,17,16980,0,2.0,1.0,,7,1,48,2.0,2,44,1,,1,1,1,1,2,57,57,57,1,0,0,1.0,1.0,,40.0,,40.0,,,,,,2.0,3.0,0.0,1,2.0,2.0,2.0,,1019.23,1.0,,2.0,,,11990.1133,3011.9273,3,3,0.0,,0,0,46519,1,,,,,,2.0,3020.8736,7860.0,2310.0,-1,,,,,,,350438.0,2014,657,654,0,0,1,0,0,18.0,8.0,40.0,2014,1.0,1,8,2,201,2011,1,16980,0,2.0,1.0,,7,1,49,2.0,2,44,1,,1,1,1,2,57,57,57,1,0,0,1.0,1.0,,40.0,6.0,32.0,,,6.0,,,4.0,3.0,0.0,1,2.0,2.0,2.0,,865.38,1.0,,2.0,,,11895.071,3012.647,10,3,0.0,,0,0,21051,1,,,,,,,2981.9323,7860.0,2310.0,-1,,,,,,,351952.0,2015,669,654,0,0,1,1,0,,8.0,40.0,2015,MIS4_to_MIS8,illinois,1,2014-2015,1,0,0,0,retention
301370009310790,10,2.0,3,4,2,201,2011,1,1,,17,16980,111,2.0,1.0,,7,1,46,,1,42,1,,1,1,1,5,2,57,57,57,1,0,0,2.0,1.0,,40.0,,36.0,,,,,,2.0,3.0,0.0,1,2.0,2.0,2.0,,884.61,1.0,,2.0,,,13583.1074,3408.8811,10,2,0.0,,0,0,19819,1,,,2.0,,,,3463.3415,770.0,6200.0,-1,,,,,,,350526.0,2014,657,654,0,0,1,1,0,13.0,19.0,4.0,2014,2.0,3,8,2,201,2011,1,16980,111,2.0,1.0,,7,1,47,,1,42,1,,1,1,5,2,57,57,57,1,0,0,2.0,1.0,,40.0,,40.0,,,,,,2.0,3.0,0.0,1,1.0,1.0,1.0,2600.0,884.61,1.0,,2.0,,,12346.5288,3082.1904,4,2,0.0,0.0,0,0,32488,1,,,3.0,,,,3096.6607,6290.0,9620.0,-1,,,,,,,352039.0,2015,669,654,0,0,0,1,0,14.0,22.0,23.0,2015,MIS4_to_MIS8,illinois,1,2014-2015,1,0,0,0,retention
577250101480101,10,1.0,1,4,2,201,2011,1,1,,17,16980,97,2.0,1.0,,7,1,46,2.0,2,44,1,,1,1,1,1,2,57,57,57,1,0,0,1.0,1.0,,40.0,6.0,32.0,,,6.0,,,4.0,2.0,0.0,1,2.0,2.0,2.0,,1846.15,1.0,,2.0,,,11990.1133,3011.9273,10,2,0.0,,0,0,61768,1,,,,,,2.0,3020.8736,7860.0,2310.0,-1,,,,,,,350639.0,2014,657,654,0,0,1,1,0,18.0,8.0,40.0,2014,1.0,1,8,2,201,2011,1,16980,97,2.0,1.0,,7,1,47,2.0,2,44,1,,1,1,1,2,57,57,57,1,0,0,1.0,1.0,,40.0,6.0,32.0,,,6.0,,,4.0,3.0,0.0,1,2.0,2.0,2.0,,1923.07,1.0,,2.0,,,11895.071,3012.647,4,2,0.0,,0,0,58715,1,,,,,,,2981.9323,7860.0,2310.0,-1,,,,,,,352115.0,2015,669,654,0,0,0,1,0,,8.0,40.0,2015,MIS4_to_MIS8,illinois,1,2014-2015,1,0,0,0,retention
764430773421001,10,1.0,1,4,2,201,2011,1,1,,17,16980,0,2.0,1.0,,7,1,54,2.0,2,44,1,,1,1,1,1,2,57,57,57,1,0,0,1.0,1.0,,40.0,6.0,32.0,,,6.0,,,4.0,3.0,0.0,1,2.0,,1.0,2400.0,960.0,1.0,,2.0,,,12430.7544,3128.811,0,0,1.0,1.0,0,42,54141,1,,,,,,2.0,3131.8919,7860.0,2330.0,-1,,,,,,,350740.0,2014,657,654,0,0,0,0,0,18.0,8.0,40.0,2014,2.0,1,8,2,201,2011,1,16980,0,2.0,1.0,,7,1,55,2.0,2,44,1,,1,1,1,2,57,57,57,1,0,0,2.0,1.0,,40.0,,40.0,,,,,,2.0,3.0,0.0,1,2.0,2.0,2.0,,1057.0,1.0,,,,,13375.1502,3363.69,0,0,1.0,,0,42,44012,1,,,,,,,3335.8957,7860.0,2330.0,-1,,,,,,,352229.0,2015,669,654,0,0,0,0,0,,8.0,40.0,2015,MIS4_to_MIS8,illinois,1,2014-2015,1,0,0,0,retention
785380644581001,10,1.0,1,4,2,201,2011,1,1,,17,16980,0,2.0,1.0,,7,1,32,2.0,1,43,1,,1,1,1,1,2,57,57,57,1,0,0,1.0,1.0,,-4.0,,80.0,,,,,,2.0,3.0,0.0,1,1.0,2.0,1.0,495.0,268.0,2.0,1.0,2.0,,,11235.7997,2814.3459,0,0,1.0,1.0,0,42,9322,1,,,,2.0,,,2819.7545,9470.0,3740.0,6260,,,,,,,350755.0,2014,657,654,0,0,0,0,0,16.0,12.0,51.0,2014,1.0,1,8,2,201,2011,1,16980,0,2.0,1.0,,7,1,32,2.0,1,43,1,,1,1,1,2,57,57,57,1,0,0,1.0,1.0,,-4.0,,80.0,,,,,,2.0,3.0,0.0,1,1.0,2.0,1.0,900.0,387.0,2.0,2.0,2.0,,,11824.8492,3026.0458,0,0,1.0,1.0,0,42,8827,1,,,,,,,3041.1266,9470.0,3740.0,6260,,,,,,,352248.0,2015,669,654,0,0,0,0,0,,12.0,51.0,2015,MIS4_to_MIS8,illinois,1,2014-2015,1,0,0,0,retention
22057396100871,10,1.0,1,4,2,201,2011,1,1,,17,16060,0,,1.0,,2,3,36,1.0,1,43,1,,2,1,2,1,2,57,57,57,1,0,0,2.0,1.0,,45.0,,47.0,,,,,,2.0,3.0,0.0,1,1.0,,1.0,2300.0,977.5,1.0,,2.0,,,11071.639,2819.787,10,2,0.0,0.0,0,0,36813,2,,,,2.0,,,2839.2582,9470.0,3850.0,-1,,,,,,,350951.0,2014,657,654,0,0,1,1,0,16.0,12.0,51.0,2014,1.0,1,8,2,201,2011,1,16060,0,,1.0,,2,3,37,1.0,1,43,1,,1,2,1,2,57,57,57,1,0,0,2.0,1.0,,40.0,6.0,32.0,,,6.0,,,4.0,3.0,0.0,1,2.0,,1.0,2450.0,980.0,1.0,,2.0,,,11743.727,2993.6811,10,2,0.0,0.0,0,0,34721,2,,,,,,,2966.243,9470.0,3850.0,-1,,,,,,,352392.0,2015,669,654,0,0,1,1,0,,12.0,51.0,2015,MIS4_to_MIS8,illinois,1,2014-2015,1,0,0,0,retention
22057396100871,10,1.0,1,4,2,201,2011,1,1,,17,16060,0,,1.0,,2,4,18,,1,37,1,,4,1,3,7,2,57,57,57,1,0,0,2.0,7.0,,,,,,,,,,1.0,3.0,0.0,2,,,,,,,,1.0,1.0,1.0,12352.333,3003.0705,0,0,,,0,0,36813,4,,,,,,,2992.291,7860.0,4220.0,-1,,,,,1.0,2.0,350954.0,2014,657,654,0,0,0,0,0,11.0,14.0,40.0,2014,1.0,1,8,2,201,2011,1,16060,0,,1.0,,2,4,19,,1,40,1,,1,3,7,2,57,57,57,1,0,0,2.0,1.0,,20.0,,20.0,,,20.0,,,7.0,4.0,0.0,1,2.0,2.0,2.0,,28.84,2.0,2.0,1.0,1.0,2.0,12174.3845,3105.6818,0,0,0.0,,0,0,34721,4,,,1.0,,,,3152.4143,8680.0,4110.0,-1,,,,,1.0,2.0,352395.0,2015,669,654,0,0,0,0,0,12.0,13.0,46.0,2015,MIS4_to_MIS8,illinois,1,2014-2015,0,1,0,1,retention
201577008410340,10,1.0,6,4,2,201,2011,1,1,,17,14010,0,,1.0,,2,2,31,,1,44,1,,1,0,0,7,2,57,57,57,1,0,0,1.0,1.0,,55.0,,55.0,,,,,,2.0,2.0,0.0,1,2.0,2.0,2.0,,1384.0,1.0,,2.0,,,10471.9745,2623.0228,0,0,1.0,,0,42,54192,1,,,,,,2.0,2628.0637,7860.0,2320.0,-1,,,,,,,350990.0,2014,657,654,0,0,0,0,0,18.0,8.0,40.0,2014,1.0,6,8,2,201,2011,1,14010,0,,1.0,,2,2,32,,1,44,1,,0,0,7,2,57,57,57,1,0,0,1.0,1.0,,50.0,,65.0,,,,,,2.0,2.0,0.0,1,2.0,2.0,2.0,,1038.0,1.0,,2.0,,,11742.3549,3004.9351,0,0,1.0,,0,0,54841,1,,,,,,,3019.9107,7860.0,2310.0,-1,,,,,,,352422.0,2015,669,654,0,0,0,0,0,,8.0,40.0,2015,MIS4_to_MIS8,illinois,1,2014-2015,1,0,0,0,retention
831374001910930,10,1.0,7,4,2,201,2011,1,1,,17,44100,0,,1.0,,2,2,51,,2,44,1,,1,0,0,7,2,57,57,57,1,0,0,1.0,1.0,,40.0,,40.0,,,,,,2.0,2.0,0.0,1,1.0,1.0,1.0,2471.0,2884.61,1.0,,2.0,,,9518.4866,2395.7955,0,0,1.0,1.0,0,0,36787,1,,,,,,2.0,2398.1546,7860.0,230.0,-1,,,,,,,351057.0,2014,657,654,0,0,0,0,0,18.0,1.0,40.0,2014,1.0,7,8,2,201,2011,1,44100,0,,1.0,,2,2,52,,2,44,1,,0,0,7,2,57,57,57,1,0,0,1.0,1.0,,40.0,,40.0,,,,,,2.0,4.0,0.0,1,2.0,2.0,2.0,,1923.0,2.0,2.0,2.0,,,12617.5867,3214.7168,0,0,1.0,,0,0,58735,1,,,,,,,3163.0571,7860.0,2310.0,-1,,,,,,,352488.0,2015,669,654,0,0,0,0,0,,8.0,40.0,2015,MIS4_to_MIS8,illinois,1,2014-2015,0,1,0,1,retention
10810027349220,10,1.0,1,4,2,201,2011,1,1,,18,26900,0,2.0,1.0,,5,1,41,2.0,1,39,1,,1,1,1,1,2,57,57,57,1,0,0,1.0,1.0,,56.0,,56.0,,,,,,2.0,3.0,0.0,1,2.0,2.0,2.0,,1150.0,1.0,,2.0,,,13602.8746,3454.0385,4,1,0.0,,0,0,57856,1,1.0,,,,,,3488.379,9470.0,3740.0,-1,,,,,,,351224.0,2014,657,654,0,0,0,1,0,12.0,12.0,51.0,2014,1.0,1,8,2,201,2011,1,26900,0,2.0,1.0,,5,1,43,2.0,1,39,1,,1,1,1,2,57,57,57,1,0,0,1.0,1.0,,56.0,,56.0,,,,,,2.0,3.0,0.0,1,2.0,2.0,2.0,,2100.0,1.0,,2.0,,,12826.5925,3192.1697,4,1,0.0,,0,0,54903,1,1.0,,,,,,3239.7544,9470.0,3740.0,-1,,,,,,,352624.0,2015,669,654,0,0,0,1,0,12.0,12.0,51.0,2015,MIS4_to_MIS8,indiana,0,2014-2015,1,0,0,0,retention
700109710810298,10,1.0,6,4,2,201,2011,1,1,,18,0,0,3.0,2.0,,0,2,22,,1,43,1,,1,0,0,7,2,57,57,57,1,0,0,1.0,1.0,,40.0,,40.0,,,,,,2.0,3.0,0.0,1,2.0,1.0,1.0,1100.0,800.0,1.0,,2.0,,,14061.0928,3550.6547,0,0,0.0,1.0,0,0,19875,1,,,,2.0,,,3703.7516,7860.0,2310.0,-1,,,,,,,351477.0,2014,657,654,0,0,0,0,0,16.0,8.0,40.0,2014,1.0,1,8,2,201,2011,1,0,0,3.0,2.0,,0,1,23,2.0,1,43,1,,1,1,1,2,57,57,57,1,0,0,1.0,1.0,,40.0,,40.0,,,,,,2.0,2.0,0.0,1,2.0,2.0,2.0,,721.15,2.0,2.0,2.0,,,14283.195,3676.014,0,0,0.0,,0,42,51509,1,,,,,,,3686.0105,7860.0,2320.0,-1,,,,,,,352863.0,2015,669,654,0,0,0,0,0,,8.0,40.0,2015,MIS4_to_MIS8,indiana,0,2014-2015,1,0,0,0,retention
810150409041001,10,2.0,1,4,2,211,2111,1,1,,18,16980,89,,1.0,,7,1,62,2.0,1,39,1,,1,1,1,1,2,57,57,57,1,0,0,2.0,1.0,,40.0,,40.0,,,,,,2.0,3.0,0.0,1,1.0,,1.0,2097.0,1011.3,2.0,1.0,,,,10875.4354,2653.8177,0,0,1.0,1.0,0,42,21136,1,1.0,,,,,,2710.5611,9470.0,5420.0,-1,4.0,,,,,,351608.0,2014,657,654,0,0,0,0,0,12.0,17.0,51.0,2014,2.0,1,8,2,211,2111,1,16980,89,,1.0,,7,1,63,2.0,1,39,1,,1,1,1,2,57,57,57,1,0,0,2.0,1.0,,40.0,,40.0,,,,,,2.0,3.0,0.0,1,2.0,2.0,2.0,,800.0,2.0,1.0,,,,10758.1109,2639.311,0,0,0.0,,0,0,11439,1,1.0,,,,,,2741.5765,9470.0,3850.0,-1,4.0,,,,,,353049.0,2015,669,654,0,0,0,0,0,12.0,12.0,51.0,2015,MIS4_to_MIS8,indiana,0,2014-2015,1,0,0,0,retention
860870549651001,10,1.0,6,4,2,201,2011,1,1,,18,0,0,,1.0,,0,2,46,,1,42,1,1.0,1,0,0,5,2,57,57,57,1,0,0,1.0,1.0,,40.0,,47.0,,,,,,2.0,3.0,0.0,1,1.0,2.0,2.0,,692.3,2.0,2.0,2.0,,,10248.3745,2565.4116,0,0,0.0,,0,0,36917,1,,,3.0,,,,2613.0707,9470.0,3800.0,-1,,,,,,,351629.0,2014,657,654,0,0,0,0,0,14.0,12.0,51.0,2014,1.0,6,8,2,201,2011,1,0,0,,1.0,,0,2,47,,1,42,1,1.0,0,0,5,2,57,57,57,1,0,0,1.0,1.0,,40.0,,43.0,,,,,,2.0,3.0,0.0,1,2.0,,1.0,1200.0,480.0,2.0,2.0,2.0,,,13064.5278,3250.1293,0,0,1.0,1.0,0,42,44266,1,,,3.0,,,,3276.7437,9470.0,3800.0,-1,,,,,,,353069.0,2015,669,654,0,0,0,0,0,14.0,12.0,51.0,2015,MIS4_to_MIS8,indiana,0,2014-2015,1,0,0,0,retention
10003903829786,10,1.0,1,4,2,201,2011,1,1,,36,35620,47,1.0,1.0,1.0,7,1,29,2.0,2,44,4,4.0,1,1,1,1,2,57,329,368,1,0,0,1.0,1.0,,40.0,,40.0,,,,,,2.0,3.0,0.0,1,2.0,2.0,2.0,,1346.15,1.0,,2.0,,,19804.86,4956.2818,3,1,0.0,,0,0,1989,1,,,,,,2.0,4898.3786,7860.0,2310.0,-1,,,,,,,362064.0,2014,657,654,0,0,1,0,0,18.0,8.0,40.0,2014,1.0,1,8,2,201,2011,1,35620,47,1.0,1.0,1.0,7,1,29,2.0,2,44,4,4.0,1,1,1,2,57,329,368,1,0,0,1.0,1.0,,35.0,,35.0,,,,,,2.0,3.0,0.0,1,2.0,2.0,2.0,,1538.46,1.0,,2.0,,,21568.9975,5717.9123,3,1,0.0,,0,0,40397,1,,,,,,,5417.3792,7860.0,2310.0,-1,,,,,,,363145.0,2015,669,654,0,0,1,0,0,,8.0,40.0,2015,MIS4_to_MIS8,new_york,0,2014-2015,1,0,0,0,retention
17086053306241,10,2.0,7,4,2,201,2011,1,1,,36,35620,47,1.0,1.0,1.0,7,2,61,,2,39,2,,2,0,0,7,2,57,57,57,1,0,0,1.0,1.0,,35.0,,35.0,,,,,,2.0,3.0,0.0,1,2.0,,1.0,1369.0,479.15,2.0,2.0,,,,10508.1987,2568.0258,0,0,1.0,1.0,0,0,42667,2,1.0,,,,,,2592.8442,7860.0,4600.0,-1,,,,,,,362070.0,2014,657,654,0,0,0,0,0,12.0,15.0,40.0,2014,2.0,4,8,2,201,2011,1,35620,47,1.0,1.0,1.0,7,1,62,,2,40,2,,1,1,7,2,57,57,57,1,0,0,1.0,6.0,,,,,,,,,,1.0,,,2,,,,,,,,,,,11283.7988,2840.9074,0,0,,,0,0,14031,2,,,3.0,,,,2828.7053,,,-1,,,,,,,363151.0,2015,669,654,0,0,0,0,0,14.0,,,2015,MIS4_to_MIS8,new_york,0,2014-2015,0,1,0,0,retention
30610273396854,10,1.0,4,4,2,201,2011,1,1,,36,35620,5,1.0,1.0,1.0,7,1,32,,2,43,2,,1,1,1,7,2,57,57,57,1,0,0,1.0,1.0,,40.0,,40.0,,,,,,2.0,2.0,0.0,1,2.0,2.0,2.0,,1000.0,1.0,,2.0,,,15331.3017,3982.6557,3,1,0.0,,0,0,62460,1,,,,2.0,,,3852.4527,9480.0,2010.0,-1,,,,,,,362107.0,2014,657,654,0,0,1,0,0,16.0,6.0,51.0,2014,1.0,4,8,2,201,2011,1,35620,5,1.0,1.0,1.0,7,1,33,,2,43,2,,1,1,7,2,57,57,57,1,0,0,1.0,1.0,,40.0,,40.0,,,,,,2.0,2.0,0.0,1,2.0,2.0,2.0,,875.0,1.0,,2.0,,,17601.8538,4190.9167,3,1,0.0,,0,0,28508,1,,,,,,,4293.621,8470.0,230.0,-1,,,,,,,363169.0,2015,669,654,0,0,1,0,0,,1.0,43.0,2015,MIS4_to_MIS8,new_york,0,2014-2015,1,0,0,0,retention
42096606305521,10,1.0,6,4,2,201,2011,1,1,,36,35620,47,1.0,1.0,1.0,7,2,55,,1,41,2,,1,0,0,5,2,368,368,324,4,0,9,1.0,1.0,,40.0,4.0,32.0,,,4.0,,,4.0,2.0,0.0,1,2.0,1.0,1.0,4130.0,1634.61,1.0,,,,,15752.807,3342.3423,0,0,0.0,0.0,0,0,6216,1,,,3.0,,,,3411.8704,770.0,6530.0,-1,,,,,,,362141.0,2014,657,654,0,0,0,0,0,14.0,19.0,4.0,2014,1.0,6,8,2,201,2011,1,35620,47,1.0,1.0,1.0,7,2,56,,1,41,2,,0,0,5,2,368,368,324,4,0,9,1.0,1.0,,40.0,,40.0,,,,,,2.0,2.0,0.0,1,1.0,1.0,1.0,4286.0,1711.53,1.0,,,,,12885.4755,3176.9061,0,0,0.0,0.0,0,0,32644,1,,,3.0,,,,3196.4898,9570.0,6200.0,-1,,,,,,,363231.0,2015,669,654,0,0,0,0,0,14.0,19.0,51.0,2015,MIS4_to_MIS8,new_york,0,2014-2015,1,0,0,0,retention
163214170301301,10,2.0,4,4,2,201,2011,1,1,,36,35620,81,1.0,1.0,1.0,7,1,61,,2,44,2,,1,1,1,6,2,57,57,57,1,0,0,2.0,1.0,,40.0,6.0,32.0,,,6.0,,,4.0,3.0,0.0,1,2.0,2.0,2.0,,1423.07,1.0,,,,,10508.1987,2568.0258,0,0,0.0,,0,0,64947,1,,,,,,3.0,2592.8442,7870.0,5700.0,-1,,,,,,,362274.0,2014,657,654,0,0,0,0,0,18.0,17.0,40.0,2014,2.0,4,8,2,201,2011,1,35620,81,1.0,1.0,1.0,7,1,62,,2,44,2,,1,1,6,2,57,57,57,1,0,0,2.0,1.0,,40.0,6.0,32.0,,,6.0,,,4.0,3.0,0.0,1,2.0,2.0,2.0,,1442.3,2.0,2.0,,,,9964.1019,2840.9074,0,0,0.0,,0,0,29076,1,,,,,,,2867.8998,7870.0,5700.0,-1,,,,,,,363338.0,2015,669,654,0,0,0,0,0,,17.0,40.0,2015,MIS4_to_MIS8,new_york,0,2014-2015,1,0,0,0,retention
163214170301301,10,2.0,4,4,2,201,2011,1,1,,36,35620,81,1.0,1.0,1.0,7,4,23,,2,43,2,,2,1,3,7,2,57,57,57,1,0,0,1.0,1.0,,40.0,6.0,32.0,,,6.0,,,4.0,3.0,0.0,1,2.0,2.0,2.0,,923.07,1.0,,2.0,,,18267.3187,4560.3016,0,0,0.0,,0,0,64947,2,,,,2.0,,,4723.9848,7870.0,5700.0,-1,,,,,1.0,,362275.0,2014,657,654,0,0,0,0,0,16.0,17.0,40.0,2014,2.0,4,8,2,201,2011,1,35620,81,1.0,1.0,1.0,7,4,25,,2,43,2,,1,3,7,2,57,57,57,1,0,0,1.0,1.0,,40.0,6.0,32.0,,,6.0,,,4.0,3.0,0.0,1,2.0,2.0,2.0,,961.53,2.0,2.0,2.0,,,15399.7304,3848.8762,0,0,0.0,,0,0,29076,2,,,,,,,3756.4569,7870.0,5700.0,-1,,,,,1.0,,363339.0,2015,669,654,0,0,0,0,0,,17.0,40.0,2015,MIS4_to_MIS8,new_york,0,2014-2015,1,0,0,0,retention
206613501870306,10,4.0,1,4,2,201,2011,1,1,,36,35620,47,1.0,1.0,1.0,7,3,30,1.0,1,43,1,,2,1,2,1,2,57,57,57,1,0,0,2.0,1.0,,40.0,,40.0,,,,,,2.0,3.0,0.0,1,2.0,,1.0,1600.0,640.0,1.0,,2.0,,,15511.386,3848.0325,2,1,0.0,0.0,0,0,51304,2,,,,2.0,,,3892.7626,9470.0,3850.0,-1,,,,,,,362289.0,2014,657,654,0,1,0,0,1,16.0,12.0,51.0,2014,4.0,1,8,2,201,2011,1,35620,47,1.0,1.0,1.0,7,3,31,1.0,1,43,1,,1,2,1,2,57,57,57,1,0,0,2.0,1.0,,40.0,,40.0,,,,,,2.0,1.0,0.0,1,2.0,2.0,2.0,,576.92,2.0,2.0,2.0,,,15428.3316,3916.8176,2,1,1.0,,0,0,48431,2,,,,,,,3967.8739,9470.0,3850.0,-1,,,,,,,363372.0,2015,669,654,0,1,0,0,1,,12.0,51.0,2015,MIS4_to_MIS8,new_york,0,2014-2015,0,1,1,0,retention
300100113071603,10,1.0,7,4,2,201,2012,2,2,,36,35620,5,1.0,1.0,1.0,7,16,26,,2,43,2,,2,0,0,7,2,57,57,341,1,0,0,2.0,1.0,,40.0,,40.0,,,,,,2.0,3.0,0.0,1,2.0,2.0,2.0,,865.0,1.0,,2.0,,,13396.5872,3390.7065,0,0,1.0,,0,42,42591,2,,,,1.0,1.0,,3366.2973,9470.0,3850.0,-1,,,,,,,362323.0,2014,657,654,0,0,0,0,0,18.0,12.0,51.0,2014,2.0,7,8,2,201,2012,2,35620,5,1.0,1.0,1.0,7,2,28,,2,43,2,,0,0,7,2,57,57,341,1,0,0,1.0,1.0,,40.0,4.0,32.0,,,4.0,,,4.0,3.0,0.0,1,1.0,2.0,2.0,,1250.0,1.0,,2.0,,,15399.7304,3848.8762,0,0,0.0,,0,0,28505,2,,,,,,,3756.4569,9470.0,3800.0,-1,,,,,,,363408.0,2015,669,654,0,0,0,0,0,,12.0,51.0,2015,MIS4_to_MIS8,new_york,0,2014-2015,1,0,0,0,retention
303290716084635,10,1.0,4,4,2,201,2011,1,1,,36,35620,5,1.0,1.0,1.0,7,1,37,,2,44,1,2.0,1,1,1,6,2,57,57,57,1,0,0,1.0,1.0,,36.0,,36.0,,,,,,2.0,3.0,0.0,1,2.0,2.0,2.0,,1250.0,1.0,,2.0,,,14489.0271,3526.5347,13,4,0.0,,0,0,30968,1,,,,,,3.0,3578.4229,7860.0,2310.0,-1,,,,,,,362345.0,2014,657,654,1,0,1,1,1,18.0,8.0,40.0,2014,1.0,4,8,2,201,2011,1,35620,5,1.0,1.0,1.0,7,1,38,,2,44,1,2.0,1,1,6,2,57,57,57,1,0,0,1.0,1.0,,40.0,,40.0,,,,,,2.0,2.0,0.0,1,2.0,2.0,2.0,,1083.0,1.0,,2.0,,,17708.9466,4236.8766,13,4,0.0,,0,0,1833,1,,,,,,,4340.2143,7860.0,2310.0,-1,,,,,,,363437.0,2015,669,654,1,0,1,1,1,,8.0,40.0,2015,MIS4_to_MIS8,new_york,0,2014-2015,1,0,0,0,retention
306540712067672,10,1.0,1,4,2,201,2011,1,1,,36,35620,47,1.0,1.0,1.0,7,1,42,2.0,2,44,1,,1,1,1,1,2,57,57,57,1,0,0,1.0,1.0,,40.0,6.0,32.0,,,6.0,,,4.0,3.0,0.0,1,2.0,2.0,2.0,,1076.0,1.0,,2.0,,,18767.4294,4552.6043,8,3,1.0,,0,0,1995,1,,,,,,2.0,4635.0799,7860.0,2010.0,-1,,,,,,,362363.0,2014,657,654,0,1,1,0,1,18.0,6.0,40.0,2014,1.0,1,8,2,201,2011,1,35620,47,1.0,1.0,1.0,7,1,43,2.0,2,44,1,,1,1,1,2,57,57,57,1,0,0,1.0,1.0,,35.0,6.0,28.0,,,6.0,,,4.0,3.0,0.0,1,2.0,2.0,2.0,,1634.61,1.0,,2.0,,,18164.9086,4452.3394,3,3,0.0,,0,0,55779,1,,,,,,,4451.9641,7860.0,2010.0,-1,,,,,,,363453.0,2015,669,654,0,0,1,0,0,,6.0,40.0,2015,MIS4_to_MIS8,new_york,0,2014-2015,1,0,0,0,retention
663186150504708,10,1.0,1,4,2,201,2011,1,1,,36,35620,61,1.0,1.0,1.0,7,3,50,1.0,2,39,2,,2,1,2,1,2,57,57,57,1,0,0,2.0,2.0,5.0,30.0,,,,,,,,10.0,3.0,0.0,1,2.0,1.0,1.0,2000.0,516.0,1.0,,2.0,,,11564.5261,2988.9474,3,1,1.0,1.0,0,0,6228,2,1.0,,,,,,3017.8338,7860.0,4020.0,-1,,,,,,,362540.0,2014,657,654,0,0,1,0,0,12.0,13.0,40.0,2014,1.0,1,8,2,201,2011,1,35620,61,1.0,1.0,1.0,7,3,51,1.0,2,39,2,,1,2,1,2,57,57,57,1,0,0,2.0,1.0,,-4.0,,24.0,,,15.0,,,6.0,3.0,0.0,1,2.0,2.0,2.0,,100.0,2.0,2.0,2.0,,,10074.1918,2481.0231,3,1,1.0,,0,0,2009,2,1.0,,,,,,2504.5961,7860.0,4130.0,-1,,,,,,,363649.0,2015,669,654,0,0,1,0,0,12.0,13.0,40.0,2015,MIS4_to_MIS8,new_york,0,2014-2015,1,0,0,0,retention
685940255061003,10,2.0,4,4,2,201,2011,1,1,,36,35620,61,1.0,1.0,1.0,7,1,52,,2,39,2,,1,1,1,7,2,57,57,57,1,0,0,2.0,1.0,,40.0,,40.0,,,,,,2.0,3.0,0.0,1,2.0,2.0,2.0,,538.0,1.0,,2.0,,,11564.5261,2988.9474,0,0,1.0,,0,42,31193,1,2.0,7.0,,,,,3017.8338,9480.0,5700.0,-1,,,,,,,362564.0,2014,657,654,0,0,0,0,0,11.0,17.0,51.0,2014,3.0,4,8,2,201,2011,1,35620,61,1.0,1.0,1.0,7,1,53,,2,39,2,,1,1,7,2,57,57,57,1,0,0,2.0,1.0,,-4.0,6.0,24.0,,,6.0,,,4.0,3.0,0.0,1,2.0,,1.0,1339.0,321.36,2.0,2.0,2.0,,,10074.1918,2481.0231,0,0,1.0,1.0,42,42,72358,1,2.0,7.0,,,,,2504.5961,7860.0,4130.0,-1,,,,,,,363673.0,2015,669,654,0,0,0,0,0,11.0,13.0,40.0,2015,MIS4_to_MIS8,new_york,0,2014-2015,1,0,0,0,retention
691710423111003,10,1.0,1,4,2,201,2011,1,1,,36,35620,81,1.0,1.0,1.0,7,3,54,1.0,1,41,2,,2,1,2,1,2,333,333,333,4,0,8,2.0,1.0,,40.0,,40.0,,,,,,2.0,3.0,0.0,1,2.0,2.0,2.0,,961.53,1.0,,2.0,,,14254.7054,3587.5204,4,1,0.0,,0,0,51398,2,,,3.0,,,,3662.1488,6180.0,7210.0,-1,,,,,,,362582.0,2014,657,654,0,0,0,1,0,14.0,20.0,23.0,2014,5.0,1,8,2,201,2011,1,35620,81,1.0,1.0,1.0,7,3,55,1.0,1,41,2,,1,2,1,2,333,333,333,4,0,8,2.0,5.0,,,,,,,,,,1.0,,,2,,,,,,,,,,,12147.0687,3176.9061,4,1,,,0,0,59560,2,,,3.0,,,,3159.6803,,,-1,,,,,,,363680.0,2015,669,654,0,0,0,1,0,14.0,,,2015,MIS4_to_MIS8,new_york,0,2014-2015,0,1,0,0,retention
704309632610583,10,1.0,4,4,2,201,2011,1,1,,36,35620,5,1.0,1.0,1.0,7,1,35,,2,41,10,8.0,1,1,1,7,2,329,329,329,4,41,11,1.0,1.0,,40.0,,40.0,,,,,,2.0,2.0,0.0,1,2.0,2.0,2.0,,161.0,2.0,2.0,2.0,,,23507.8515,5861.5679,3,3,1.0,,0,42,68252,1,,,3.0,,,,5805.8442,7690.0,4220.0,-1,,,,,,,362601.0,2014,657,654,0,0,1,0,0,14.0,14.0,38.0,2014,1.0,4,8,2,201,2011,1,35620,5,1.0,1.0,1.0,7,1,35,,2,41,10,8.0,1,1,7,2,314,314,314,4,21,17,1.0,7.0,,,,,,,,,,1.0,,,2,,,,,,,,2.0,,,26765.0692,6764.5677,3,3,,,0,0,1832,1,,,4.0,,,,6782.222,,,-1,,,,,,,363711.0,2015,669,654,0,0,1,0,0,15.0,,,2015,MIS4_to_MIS8,new_york,0,2014-2015,0,1,0,0,retention
863891140305600,10,1.0,4,4,2,201,2011,1,1,,36,35620,81,1.0,1.0,1.0,7,1,60,,2,44,1,,1,1,1,4,2,57,57,57,1,0,0,1.0,1.0,,40.0,6.0,32.0,,,6.0,,,4.0,3.0,0.0,1,2.0,,1.0,2950.0,1180.0,1.0,,,,,11994.47,3082.0289,4,1,1.0,1.0,43,42,51399,1,,,,,,3.0,3042.4616,7860.0,2310.0,-1,,,,,,,362661.0,2014,657,654,0,0,0,1,0,18.0,8.0,40.0,2014,1.0,4,8,2,201,2011,1,35620,81,1.0,1.0,1.0,7,1,61,,2,40,1,,1,1,4,2,57,57,57,1,0,0,1.0,1.0,,38.0,,38.0,,,,,,2.0,2.0,0.0,1,2.0,2.0,2.0,,859.0,2.0,1.0,,,,12614.0691,3234.6248,0,0,1.0,,0,0,48554,1,,,5.0,,,,3216.5619,7860.0,2310.0,-1,,,,,,,363781.0,2015,669,654,0,0,0,0,0,16.0,8.0,40.0,2015,MIS4_to_MIS8,new_york,0,2014-2015,1,0,0,0,retention
30610083516591,10,1.0,1,4,2,201,2011,1,1,,36,35620,59,2.0,1.0,,7,1,50,2.0,1,43,1,,1,1,1,1,2,57,57,57,1,0,0,1.0,1.0,,50.0,,50.0,,,,,,2.0,2.0,0.0,1,2.0,2.0,2.0,,1826.92,2.0,2.0,2.0,,,13038.9707,3334.1971,4,1,0.0,,0,0,15472,1,,,,2.0,,,3324.6006,9570.0,20.0,-1,,,,,,,362788.0,2014,657,654,0,0,0,1,0,16.0,1.0,51.0,2014,1.0,1,8,2,201,2011,1,35620,59,2.0,1.0,,7,1,51,2.0,1,43,1,,1,1,1,2,57,57,57,1,0,0,1.0,1.0,,50.0,,50.0,,,,,,2.0,4.0,0.0,1,2.0,2.0,2.0,,1923.07,2.0,2.0,2.0,,,11972.8355,3034.8234,4,1,0.0,,0,0,28841,1,,,,,,,3002.9339,6180.0,20.0,-1,,,,,,,363869.0,2015,669,654,0,0,0,1,0,,1.0,23.0,2015,MIS4_to_MIS8,new_york,0,2014-2015,0,1,0,1,retention
41006542300291,10,2.0,1,4,2,201,2011,1,1,,36,35620,71,2.0,1.0,,7,3,33,1.0,2,44,1,,2,1,2,1,2,57,57,57,1,0,0,1.0,1.0,,35.0,6.0,28.0,,,6.0,,,4.0,2.0,0.0,1,2.0,2.0,2.0,,1900.0,1.0,,2.0,,,13615.0439,3407.1869,1,1,0.0,,0,0,15617,2,,,,,,2.0,3367.4381,7860.0,2310.0,-1,,,,,,,362834.0,2014,657,654,1,0,0,0,1,18.0,8.0,40.0,2014,1.0,1,8,2,201,2011,1,35620,71,2.0,1.0,,7,3,34,1.0,2,44,1,,1,2,1,2,57,57,57,1,0,0,2.0,1.0,,40.0,,40.0,,,,,,2.0,3.0,0.0,1,2.0,2.0,2.0,,1057.0,1.0,,2.0,,,13062.5543,3298.7769,1,1,1.0,,0,42,65439,2,,,,,,,3280.8576,7860.0,2310.0,-1,,,,,,,363938.0,2015,669,654,1,0,0,0,1,,8.0,40.0,2015,MIS4_to_MIS8,new_york,0,2014-2015,1,0,0,0,retention
263789180101804,10,1.0,1,4,2,201,2011,1,1,,36,45060,67,2.0,1.0,,4,1,33,2.0,1,44,1,,1,1,1,1,2,57,57,57,1,0,0,1.0,1.0,,40.0,,40.0,,,,,,2.0,2.0,0.0,1,2.0,1.0,1.0,3467.0,1375.0,1.0,,2.0,,,14700.3732,3701.7114,1,1,0.0,0.0,0,0,15595,1,,,,,,2.0,3689.2295,9590.0,1005.0,-1,1.0,,,,,,362999.0,2014,657,654,1,0,0,0,1,18.0,3.0,51.0,2014,1.0,1,8,2,201,2011,1,45060,67,2.0,1.0,,4,1,34,2.0,1,44,1,,1,1,1,2,57,57,57,1,0,0,1.0,1.0,,40.0,6.0,30.0,,,6.0,,,4.0,2.0,0.0,1,2.0,1.0,1.0,3087.0,1500.0,1.0,,2.0,,,12873.5141,3278.763,1,1,0.0,0.0,0,0,40486,1,,,,,,,3310.8233,8870.0,7340.0,-1,1.0,,,,,,364148.0,2015,669,654,1,0,0,0,1,,20.0,47.0,2015,MIS4_to_MIS8,new_york,0,2014-2015,1,0,0,0,retention
301160913092651,10,1.0,6,4,2,201,2011,1,1,,36,35620,103,2.0,1.0,,7,2,50,,1,40,1,3.0,1,0,0,5,2,57,57,57,1,0,0,1.0,1.0,,40.0,,46.0,,,,,,2.0,3.0,0.0,1,1.0,2.0,2.0,,880.0,1.0,,2.0,,,13005.5509,3351.5177,0,0,1.0,,0,0,31356,1,,,3.0,,,,3316.0795,9470.0,3820.0,-1,,,,,,,363004.0,2014,657,654,0,0,0,0,0,14.0,12.0,51.0,2014,1.0,6,8,2,201,2011,1,35620,103,2.0,1.0,,7,2,51,,1,40,1,3.0,0,0,5,2,57,57,57,1,0,0,1.0,1.0,,40.0,,40.0,,,,,,2.0,3.0,0.0,1,2.0,1.0,1.0,6500.0,2800.0,1.0,,2.0,,,11126.0454,2849.5359,0,0,0.0,0.0,0,0,5840,1,,,2.0,,,,2790.5486,9470.0,3820.0,-1,,,,,,,364154.0,2015,669,654,0,0,0,0,0,13.0,12.0,51.0,2015,MIS4_to_MIS8,new_york,0,2014-2015,1,0,0,0,retention
305080113013697,10,1.0,1,4,2,201,2011,1,1,,36,10580,0,2.0,1.0,,4,3,36,1.0,2,39,1,,2,1,2,1,2,57,57,57,1,0,0,2.0,1.0,,42.0,,42.0,,,,,,2.0,2.0,0.0,1,2.0,2.0,2.0,,923.07,1.0,,2.0,,,14468.1515,3540.9621,4,1,0.0,,0,0,30942,2,1.0,,,,,,3573.2671,9570.0,5140.0,-1,,,,,,,363024.0,2014,657,654,0,0,0,1,0,12.0,17.0,51.0,2014,1.0,1,8,2,201,2011,1,10580,0,2.0,1.0,,4,3,48,1.0,2,42,1,,1,2,1,2,57,57,57,1,0,0,2.0,1.0,,40.0,,40.0,,,,,,2.0,2.0,0.0,1,2.0,2.0,2.0,,942.3,1.0,,2.0,,,10450.4999,2634.2155,4,1,0.0,,0,0,1823,2,,,3.0,,,,2619.798,9570.0,5000.0,-1,,,,,,,364182.0,2015,669,654,0,0,0,1,0,14.0,17.0,51.0,2015,MIS4_to_MIS8,new_york,0,2014-2015,1,0,0,0,retention
630090951221003,10,1.0,1,4,2,201,2011,1,1,,36,40380,0,2.0,1.0,,5,3,32,1.0,2,44,1,,2,1,2,1,2,57,57,57,1,0,0,2.0,2.0,8.0,40.0,,,,,,,,5.0,3.0,0.0,1,2.0,2.0,2.0,,1538.46,1.0,,2.0,,,13579.4275,3398.2739,13,3,0.0,,0,0,64895,2,,,,,,2.0,3358.629,7860.0,2310.0,-1,,,,,,,363175.0,2014,657,654,1,0,1,1,1,18.0,8.0,40.0,2014,1.0,1,8,2,201,2011,1,40380,0,2.0,1.0,,5,3,33,1.0,2,44,1,,1,2,1,2,57,57,57,1,0,0,2.0,1.0,,40.0,,40.0,,,,,,2.0,2.0,0.0,1,2.0,2.0,2.0,,1057.69,1.0,,2.0,,,12245.1139,3092.3431,7,3,0.0,,0,0,40422,2,,,,,,,3075.5452,7860.0,2310.0,-1,,,,,,,364332.0,2015,669,654,1,0,0,1,1,,8.0,40.0,2015,MIS4_to_MIS8,new_york,0,2014-2015,1,0,0,0,retention
630650582701003,10,1.0,1,4,2,201,2011,1,1,,36,10580,0,2.0,1.0,,4,1,58,2.0,2,43,1,,1,1,1,1,2,57,57,57,1,0,0,1.0,1.0,,38.0,6.0,31.0,,,6.0,,,4.0,2.0,0.0,1,2.0,2.0,2.0,,1192.3,1.0,,,,,12850.4892,3229.4175,0,0,0.0,,0,0,6251,1,,,,2.0,,,3227.9137,8370.0,2025.0,-1,,,,,,,363193.0,2014,657,654,0,0,0,0,0,16.0,6.0,43.0,2014,2.0,1,8,2,201,2011,1,10580,0,2.0,1.0,,4,1,59,2.0,2,43,1,,1,1,1,2,57,57,57,1,0,0,2.0,1.0,,38.0,,35.0,,,,,,2.0,2.0,0.0,1,2.0,2.0,2.0,,1125.0,1.0,,,,,11750.8342,2941.1624,0,0,0.0,,0,0,32655,1,,,,,,,2930.7751,9480.0,2010.0,-1,,,,,,,364343.0,2015,669,654,0,0,0,0,0,,6.0,51.0,2015,MIS4_to_MIS8,new_york,0,2014-2015,1,0,0,0,retention
630650582701003,10,1.0,1,4,2,201,2011,1,1,,36,10580,0,2.0,1.0,,4,3,62,1.0,1,44,1,,2,1,2,1,2,57,57,57,1,0,0,2.0,5.0,,,,,,,,,,1.0,2.0,0.0,2,,,,,,,,,,,11863.0432,3023.881,0,0,,,0,0,6251,2,,,,,,1.0,3002.8087,9470.0,3700.0,-1,,,,,,,363194.0,2014,657,654,0,0,0,0,0,17.0,12.0,51.0,2014,2.0,1,8,2,201,2011,1,10580,0,2.0,1.0,,4,3,63,1.0,1,44,1,,1,2,1,2,57,57,57,1,0,0,1.0,5.0,,,,,,,,,,1.0,,,2,,,,,,,,,,,9677.5622,2525.5557,0,0,,,0,0,32655,2,,,,,,,2418.5175,,,-1,,,,,,,364344.0,2015,669,654,0,0,0,0,0,,,,2015,MIS4_to_MIS8,new_york,0,2014-2015,0,1,0,0,retention
672580732601003,10,1.0,4,4,2,201,2011,1,1,,36,35620,103,2.0,1.0,,7,6,45,2.0,2,43,2,,3,2,1,2,2,57,341,341,1,0,0,2.0,1.0,,40.0,,40.0,,,,,,2.0,3.0,0.0,1,2.0,,1.0,3500.0,1400.0,1.0,,2.0,,,15267.1558,4005.2961,4,1,1.0,1.0,0,42,42875,3,,,,1.0,1.0,,3984.0576,8190.0,3255.0,-1,,,,,,,363235.0,2014,657,654,0,0,0,1,0,18.0,10.0,41.0,2014,1.0,4,8,2,201,2011,1,35620,103,2.0,1.0,,7,6,46,2.0,2,43,2,,2,1,2,2,57,341,341,1,0,0,2.0,1.0,,40.0,6.0,32.0,,,6.0,,,4.0,3.0,0.0,1,2.0,2.0,2.0,,1730.0,2.0,2.0,1.0,2.0,2.0,16913.3715,4178.7781,4,1,1.0,,0,42,48601,3,,,,,,,4204.9194,8190.0,350.0,-1,,,,,,,364395.0,2015,669,654,0,0,0,1,0,,1.0,41.0,2015,MIS4_to_MIS8,new_york,0,2014-2015,1,0,0,0,retention
672580732601003,10,1.0,4,4,2,201,2011,1,1,,36,35620,103,2.0,1.0,,7,8,62,,2,39,2,,5,1,4,3,2,341,341,341,5,0,17,2.0,1.0,,40.0,,56.0,,,,,,2.0,2.0,0.0,1,2.0,2.0,2.0,,480.0,1.0,,,,,12058.0108,2991.1131,0,0,1.0,,0,42,42875,5,2.0,7.0,,,,,2975.2524,8290.0,4610.0,-1,,,,,,,363237.0,2014,657,654,0,0,0,0,0,11.0,15.0,42.0,2014,1.0,4,8,2,201,2011,1,35620,103,2.0,1.0,,7,8,62,,2,39,2,,1,4,3,2,341,341,341,5,0,17,2.0,1.0,,40.0,,40.0,,,,,,2.0,2.0,0.0,1,2.0,,1.0,1250.0,500.0,1.0,,,,,12756.8405,3648.8883,0,0,1.0,1.0,0,42,48601,5,2.0,7.0,,,,,3671.7147,8290.0,4610.0,-1,,,,,,,364397.0,2015,669,654,0,0,0,0,0,11.0,15.0,42.0,2015,MIS4_to_MIS8,new_york,0,2014-2015,1,0,0,0,retention
691820171071003,10,2.0,1,4,2,201,2011,1,1,,36,35620,103,2.0,1.0,,7,1,36,2.0,1,42,1,2.0,1,1,1,1,2,57,57,57,1,0,0,2.0,1.0,,40.0,,40.0,,,,,,2.0,3.0,0.0,1,2.0,2.0,2.0,,1730.76,2.0,2.0,2.0,,,15511.2616,3960.3904,1,1,0.0,,0,0,2198,1,,,1.0,,,,3977.7739,6180.0,1006.0,-1,,,,,,,363253.0,2014,657,654,1,0,0,0,1,12.0,3.0,23.0,2014,2.0,1,8,2,201,2011,1,35620,103,2.0,1.0,,7,1,37,2.0,1,43,1,2.0,1,1,1,2,57,57,57,1,0,0,2.0,1.0,,40.0,,40.0,,,,,,2.0,3.0,0.0,1,2.0,2.0,2.0,,1923.07,2.0,2.0,2.0,,,15797.2547,3989.5055,2,1,0.0,,0,0,2191,1,,,,,,,3990.0874,6180.0,110.0,-1,,,,,,,364406.0,2015,669,654,0,1,0,0,1,,1.0,23.0,2015,MIS4_to_MIS8,new_york,0,2014-2015,1,0,0,0,retention
721364005530520,10,1.0,1,4,2,201,2011,1,1,,36,10580,0,2.0,1.0,,4,3,68,1.0,2,39,2,,2,1,2,1,2,57,57,57,1,0,0,2.0,1.0,,37.0,,37.0,,,,,,2.0,2.0,0.0,1,2.0,1.0,1.0,2600.0,770.0,1.0,,,,,10647.3059,2852.5743,3,1,0.0,1.0,0,0,58731,2,1.0,,,,,,2837.4482,9380.0,5860.0,-1,,,,,,,363271.0,2014,657,654,0,0,1,0,0,12.0,17.0,51.0,2014,1.0,1,8,2,201,2011,1,10580,0,2.0,1.0,,4,3,69,1.0,2,39,2,,1,2,1,2,57,57,57,1,0,0,2.0,5.0,,,,,,,,,,1.0,2.0,0.0,2,,,,,,,,,,,12949.2096,3271.3393,3,1,,,0,0,48352,2,1.0,,,,,,3246.2027,9380.0,930.0,-1,,,,,,,364446.0,2015,669,654,0,0,1,0,0,12.0,2.0,51.0,2015,MIS4_to_MIS8,new_york,0,2014-2015,1,0,0,0,retention
721364005530520,10,1.0,1,4,2,201,2011,1,1,,36,10580,0,2.0,1.0,,4,4,40,,2,41,2,,3,1,3,7,2,57,57,57,1,0,0,2.0,1.0,,37.0,,37.0,,,,,,2.0,2.0,0.0,1,2.0,2.0,2.0,,269.0,1.0,,2.0,,,16861.9762,4131.2662,0,0,1.0,,0,42,58731,3,,,3.0,,,,4030.032,9380.0,5820.0,-1,,,,,2.0,1.0,363273.0,2014,657,654,0,0,0,0,0,14.0,17.0,51.0,2014,1.0,1,8,2,201,2011,1,10580,0,2.0,1.0,,4,4,41,,2,41,2,,1,3,7,2,57,57,57,1,0,0,2.0,1.0,,40.0,6.0,32.0,,,6.0,,,4.0,2.0,0.0,1,2.0,1.0,1.0,1000.0,480.76,1.0,,2.0,,,19751.1663,5053.82,0,0,0.0,1.0,0,0,48352,3,,,3.0,,,,4968.2894,9380.0,5860.0,-1,,,,,2.0,1.0,364448.0,2015,669,654,0,0,0,0,0,14.0,17.0,51.0,2015,MIS4_to_MIS8,new_york,0,2014-2015,1,0,0,0,retention
149573060069502,10,1.0,1,4,2,201,2011,1,1,,36,0,0,3.0,2.0,,0,1,80,2.0,1,40,1,,1,1,1,1,2,57,57,57,1,0,0,1.0,1.0,,45.0,,40.0,,,,,,2.0,3.0,0.0,1,2.0,2.0,2.0,,1538.46,2.0,1.0,,,,10119.5196,2744.2693,0,0,0.0,,0,0,42608,1,,,5.0,,,,2675.7122,9470.0,3850.0,-1,,,,,,,363397.0,2014,657,654,0,0,0,0,0,16.0,12.0,51.0,2014,2.0,1,8,2,201,2011,1,0,0,3.0,2.0,,0,1,80,2.0,1,40,1,,1,1,1,2,57,57,57,1,0,0,2.0,2.0,5.0,60.0,,,,,,,,5.0,3.0,0.0,1,1.0,,1.0,1500.0,965.0,2.0,2.0,,,,10809.0827,2812.1602,0,0,1.0,1.0,0,42,28555,1,,,5.0,,,,2796.9423,9470.0,3850.0,-1,,,,,,,364561.0,2015,669,654,0,0,0,0,0,16.0,12.0,51.0,2015,MIS4_to_MIS8,new_york,0,2014-2015,1,0,0,0,retention
78086367300511,10,1.0,1,4,2,201,2011,1,1,,36,13780,0,,1.0,,3,3,69,1.0,2,44,1,,2,1,2,1,2,57,57,57,1,0,0,2.0,7.0,,,,,,,,,,1.0,3.0,0.0,2,,,,,,,,,,,2151.2804,535.8188,0,0,,,0,0,2217,2,,,,,,3.0,540.7738,8570.0,430.0,-1,,,,,,,363538.0,2014,657,654,0,0,0,0,0,18.0,1.0,44.0,2014,2.0,1,8,2,201,2011,1,13780,0,,1.0,,3,3,71,1.0,2,44,1,,1,2,1,2,57,57,57,1,0,0,1.0,5.0,,,,,,,,,,1.0,,,2,,,,,,,,,,,12327.5326,3107.7631,0,0,,,0,0,29225,2,,,,,,,3112.5896,,,-1,,,,,,,364666.0,2015,669,654,0,0,0,0,0,,,,2015,MIS4_to_MIS8,new_york,0,2014-2015,0,1,0,0,retention
14052548400191,10,1.0,4,4,2,201,2011,1,1,,42,38300,125,2.0,1.0,,5,1,50,,2,44,1,,1,1,1,4,2,57,57,57,1,0,0,1.0,1.0,,38.0,,43.0,,,,,,2.0,3.0,0.0,1,2.0,2.0,2.0,,692.0,1.0,,2.0,,,13097.5918,3354.6777,0,0,1.0,,0,0,32202,1,,,,,,2.0,3299.8996,7860.0,2310.0,735,,,,,6.0,1.0,367267.0,2014,657,654,0,0,0,0,0,18.0,8.0,40.0,2014,1.0,4,8,2,201,2011,1,38300,125,2.0,1.0,,5,1,51,,2,44,1,,1,1,4,2,57,57,57,1,0,0,1.0,1.0,,38.0,5.0,16.0,,,5.0,,,4.0,3.0,0.0,1,2.0,2.0,2.0,,500.0,1.0,,2.0,,,13574.9168,3424.2465,0,0,1.0,,0,0,49148,1,,,,,,,3403.0468,7860.0,2320.0,-1,,,,,,,368446.0,2015,669,654,0,0,0,0,0,,8.0,40.0,2015,MIS4_to_MIS8,pennsylvania,0,2014-2015,1,0,0,0,retention
24544140002506,10,2.0,4,4,2,201,2011,1,1,,42,38300,0,2.0,1.0,,5,1,57,,2,43,1,,2,1,1,6,2,57,57,57,1,0,0,1.0,1.0,,35.0,,35.0,,,,,,2.0,3.0,0.0,1,2.0,2.0,2.0,,240.0,1.0,,,,,12968.7433,3298.9766,4,1,1.0,,0,42,16571,2,,,,2.0,,,3257.618,7860.0,2540.0,-1,3.0,,,,,,367286.0,2014,657,654,0,0,0,1,0,16.0,8.0,40.0,2014,2.0,4,8,2,201,2011,1,38300,0,2.0,1.0,,5,1,58,,2,43,1,,1,1,6,2,57,57,57,1,0,0,1.0,1.0,,35.0,,35.0,,,,,,2.0,3.0,0.0,1,2.0,,1.0,1350.0,472.5,1.0,,,,,14289.5695,3557.9337,0,0,0.0,0.0,0,0,62071,2,,,,,,,3563.9609,7860.0,2540.0,-1,3.0,,,,,,368456.0,2015,669,654,0,0,0,0,0,,8.0,40.0,2015,MIS4_to_MIS8,pennsylvania,0,2014-2015,1,0,0,0,retention
62052914401781,10,1.0,6,4,2,201,2011,1,1,,42,37980,91,2.0,1.0,,7,2,72,,1,39,2,,1,0,0,5,2,57,57,57,1,0,0,1.0,1.0,,32.0,,32.0,,,22.0,,,7.0,2.0,0.0,1,2.0,,1.0,1150.0,368.0,2.0,2.0,,,,13482.2637,2993.8081,0,0,0.0,0.0,0,0,16805,1,1.0,,,,,,2974.4227,6290.0,5410.0,-1,,,,,,,367346.0,2014,657,654,0,0,0,0,0,12.0,17.0,23.0,2014,1.0,6,8,2,201,2011,1,37980,91,2.0,1.0,,7,2,73,,1,39,2,,0,0,5,2,57,57,57,1,0,0,1.0,1.0,,32.0,,32.0,,,22.0,,,7.0,5.0,0.0,1,2.0,2.0,2.0,,300.0,2.0,2.0,,,,10321.8806,2448.5151,0,0,0.0,,0,0,30027,1,1.0,,,,,,2468.5663,6180.0,4720.0,-1,,,,,,,368514.0,2015,669,654,0,0,0,0,0,12.0,16.0,23.0,2015,MIS4_to_MIS8,pennsylvania,0,2014-2015,0,1,0,1,retention
110003024813452,10,1.0,6,4,2,201,2011,1,1,,42,38300,3,2.0,1.0,,5,2,59,,1,40,1,,1,0,0,4,2,57,57,57,1,0,0,1.0,1.0,,40.0,,53.0,,,,,,2.0,3.0,0.0,1,2.0,,1.0,2800.0,1120.0,1.0,,,,,13234.1523,3181.8391,0,0,0.0,0.0,0,0,6571,1,,,3.0,,,,3149.1494,680.0,8965.0,6440,,,,,,,367376.0,2014,657,654,0,0,0,0,0,14.0,21.0,24.0,2014,1.0,6,8,2,201,2011,1,38300,3,2.0,1.0,,5,2,60,,1,40,1,,0,0,4,2,57,57,57,1,0,0,1.0,1.0,,40.0,,40.0,,,,,,2.0,3.0,0.0,1,2.0,1.0,1.0,2858.0,1250.0,1.0,,,,,12768.1323,3144.4733,0,0,0.0,0.0,0,0,6126,1,,,3.0,,,,3253.8066,680.0,6260.0,-1,,,,,,,368547.0,2015,669,654,0,0,0,0,0,14.0,19.0,24.0,2015,MIS4_to_MIS8,pennsylvania,0,2014-2015,1,0,0,0,retention
924983140100900,10,3.0,4,4,2,201,2012,2,2,,42,37980,29,2.0,1.0,,7,1,45,,2,43,1,7.0,1,1,1,5,2,365,365,365,5,0,22,2.0,4.0,,,,,,,,16.0,5.0,11.0,2.0,0.0,2,,,,,,,,2.0,,,13233.9024,3231.8274,3,1,,,0,0,2814,1,,,,2.0,,,3098.0295,7870.0,2200.0,-1,,,,,,,367750.0,2014,657,654,0,0,1,0,0,16.0,8.0,40.0,2014,1.0,4,8,2,201,2012,2,37980,29,2.0,1.0,,7,1,46,,2,44,1,7.0,1,1,5,2,365,365,365,5,0,22,1.0,1.0,,40.0,,40.0,,,,,,2.0,5.0,0.0,1,2.0,,1.0,1116.0,446.4,2.0,2.0,2.0,,,14992.2457,3672.0448,3,1,0.0,0.0,0,0,32719,1,,,,,,,3758.3518,7860.0,2310.0,-1,,,,,,,368897.0,2015,669,654,0,0,1,0,0,,8.0,40.0,2015,MIS4_to_MIS8,pennsylvania,0,2014-2015,0,1,0,1,retention
40210039750975,10,2.0,1,4,2,201,2011,1,1,,42,29540,71,,1.0,,4,1,39,2.0,1,40,1,,1,1,1,1,2,57,57,57,1,0,0,2.0,1.0,,40.0,,36.0,,,,,,2.0,3.0,0.0,1,2.0,1.0,1.0,2404.0,750.0,2.0,2.0,2.0,,,13463.4765,3489.3064,3,2,0.0,1.0,0,0,6630,1,,,2.0,,,,3452.6312,680.0,1920.0,-1,2.0,,,,,,368002.0,2014,657,654,0,0,1,0,0,13.0,5.0,24.0,2014,1.0,1,8,2,201,2011,1,29540,71,,1.0,,4,1,40,2.0,1,40,1,,1,1,1,2,57,57,57,1,0,0,1.0,1.0,,40.0,,40.0,,,,,,2.0,3.0,0.0,1,1.0,,1.0,2500.0,1039.0,2.0,2.0,2.0,,,17238.3867,4306.6272,10,2,0.0,0.0,0,0,6177,1,,,2.0,,,,4354.09,7790.0,1965.0,-1,2.0,,,,,,369031.0,2015,669,654,0,0,1,1,0,13.0,5.0,39.0,2015,MIS4_to_MIS8,pennsylvania,0,2014-2015,1,0,0,0,retention
173964020069605,10,1.0,4,4,2,201,2011,1,1,,42,25420,0,,1.0,,4,5,39,,1,40,1,,2,1,4,5,2,57,57,57,1,0,0,2.0,6.0,,,,,,,,,,1.0,2.0,0.0,2,,,,,,,,2.0,,,13914.5334,3489.3064,0,0,,,0,0,6598,2,,,4.0,,,,3479.2561,9470.0,3800.0,-1,,,,,,,368057.0,2014,657,654,0,0,0,0,0,15.0,12.0,51.0,2014,1.0,4,8,2,201,2011,1,25420,0,,1.0,,4,5,40,,1,40,1,,1,4,5,2,57,57,57,1,0,0,2.0,2.0,14.0,40.0,,,,,,,,5.0,2.0,0.0,1,2.0,,1.0,1800.0,720.0,2.0,2.0,2.0,,,17238.3867,4306.6272,0,0,1.0,1.0,0,42,18196,2,,,4.0,,,,4354.09,9470.0,3700.0,-1,,,,,,,369101.0,2015,669,654,0,0,0,0,0,15.0,12.0,51.0,2015,MIS4_to_MIS8,pennsylvania,0,2014-2015,1,0,0,0,retention
260570669391004,10,1.0,1,4,2,201,2011,1,1,,42,25420,0,,1.0,,4,3,41,1.0,1,43,1,,2,1,2,1,2,57,57,57,1,0,0,2.0,1.0,,40.0,6.0,32.0,,,6.0,,,4.0,2.0,0.0,1,2.0,2.0,2.0,,750.0,2.0,2.0,2.0,,,14126.7714,3688.0122,0,0,0.0,,0,0,6599,2,,,,1.0,2.0,,3622.7293,9570.0,565.0,-1,,,,,,,368080.0,2014,657,654,0,0,0,0,0,17.0,2.0,51.0,2014,2.0,1,8,2,201,2011,1,25420,0,,1.0,,4,3,42,1.0,1,43,1,,1,2,1,2,57,57,57,1,0,0,1.0,1.0,,40.0,,40.0,,,,,,2.0,2.0,0.0,1,2.0,2.0,2.0,,2884.0,2.0,2.0,2.0,,,17238.3867,4306.6272,0,0,1.0,,0,42,29908,2,,,,,,,4354.09,6990.0,540.0,-1,,,,,,,369137.0,2015,669,654,0,0,0,0,0,,2.0,33.0,2015,MIS4_to_MIS8,pennsylvania,0,2014-2015,1,0,0,0,retention
405040214088267,10,1.0,6,4,2,201,2011,1,1,,42,16540,55,,1.0,,2,2,55,,1,39,3,,1,0,0,7,2,57,57,57,1,0,0,,1.0,,40.0,,40.0,,,,,,2.0,3.0,0.0,1,2.0,,1.0,1088.0,435.2,2.0,2.0,,,,8462.4979,2034.2506,0,0,1.0,1.0,0,41,34715,1,1.0,,,,,,2013.7044,8590.0,4220.0,-1,,,,,,,368104.0,2014,657,654,0,0,0,0,0,12.0,14.0,44.0,2014,1.0,6,8,2,201,2011,1,16540,55,,1.0,,2,2,56,,1,39,3,,0,0,7,2,57,57,57,1,0,0,1.0,1.0,,40.0,,40.0,,,,,,2.0,4.0,0.0,1,2.0,,1.0,1200.0,480.0,2.0,2.0,,,,12908.1985,3378.0471,0,0,1.0,1.0,0,42,59879,1,1.0,,,,,,3355.3472,7690.0,4200.0,-1,,,,,,,369175.0,2015,669,654,0,0,0,0,0,12.0,14.0,38.0,2015,MIS4_to_MIS8,pennsylvania,0,2014-2015,0,1,0,1,retention
901322001240440,10,1.0,1,4,2,201,2011,1,1,,42,29540,71,,1.0,,4,3,27,1.0,1,46,1,,2,1,2,1,2,57,57,57,1,0,0,2.0,1.0,,45.0,,37.0,,,,,,2.0,3.0,0.0,1,2.0,2.0,2.0,,923.07,2.0,2.0,2.0,,,14438.2925,3679.2043,0,0,0.0,,0,0,34722,2,,,,,,,3623.4573,9470.0,2105.0,-1,,,,,,,368187.0,2014,657,654,0,0,0,0,0,18.0,7.0,51.0,2014,1.0,1,8,2,201,2011,1,29540,71,,1.0,,4,3,28,1.0,1,46,1,,1,2,1,2,57,57,57,1,0,0,2.0,1.0,,45.0,,45.0,,,,,,2.0,4.0,0.0,1,1.0,2.0,2.0,,1096.15,2.0,2.0,2.0,,,18521.9647,4675.9478,1,1,0.0,,0,0,49070,2,,,,,,,4763.4976,6970.0,2100.0,-1,,,,,,,369250.0,2015,669,654,1,0,0,0,1,18.0,7.0,32.0,2015,MIS4_to_MIS8,pennsylvania,0,2014-2015,0,1,0,1,retention
10710177065869,11,2.0,1,4,2,301,3011,1,1,,17,16980,0,1.0,1.0,2.0,7,3,47,1.0,2,44,1,,2,1,2,1,2,57,57,57,1,0,0,1.0,1.0,,40.0,6.0,32.0,,,6.0,,,4.0,2.0,0.0,1,2.0,2.0,2.0,,1500.0,1.0,,2.0,,,14462.2024,3524.6019,3,1,0.0,,0,0,37351,2,,,,,,2.0,3539.248,8370.0,2010.0,-1,,,,,,,388506.0,2014,658,655,0,0,1,0,0,18.0,6.0,43.0,2014,2.0,1,8,2,301,3011,1,16980,0,1.0,1.0,2.0,7,3,48,1.0,2,44,1,,1,2,1,2,57,57,57,1,0,0,1.0,1.0,,40.0,13.0,32.0,,,13.0,,,4.0,4.0,0.0,1,2.0,2.0,2.0,,1961.53,2.0,2.0,2.0,,,13264.3888,3214.7332,3,1,0.0,,0,0,45355,2,,,,,,,3226.3537,8370.0,2010.0,-1,,,,,,,388973.0,2015,670,655,0,0,1,0,0,,6.0,43.0,2015,MIS4_to_MIS8,illinois,1,2014-2015,0,1,0,1,retention
10712743274753,11,2.0,1,4,2,301,3011,1,1,,17,16980,0,1.0,1.0,1.0,7,1,46,2.0,1,43,2,,1,1,1,1,2,57,57,57,1,0,0,2.0,1.0,,-4.0,,40.0,,,,,,2.0,2.0,0.0,1,2.0,2.0,1.0,593.0,237.2,1.0,,2.0,,,22070.1923,5486.2825,7,2,1.0,1.0,23,42,37194,1,,,,2.0,,,5558.0636,7870.0,7340.0,-1,,,,,,,388514.0,2014,658,655,1,0,0,1,1,16.0,20.0,40.0,2014,1.0,1,8,2,301,3011,1,16980,0,1.0,1.0,1.0,7,1,47,2.0,1,43,2,,1,1,1,2,57,57,57,1,0,0,1.0,1.0,,40.0,,40.0,,,,,,2.0,4.0,0.0,1,2.0,,1.0,1900.0,760.0,2.0,2.0,2.0,,,16454.3522,3983.0212,2,1,1.0,1.0,0,42,63507,1,,,,,,,4016.9503,6890.0,5120.0,-1,,,,,,,388988.0,2015,670,655,0,1,0,0,1,,17.0,32.0,2015,MIS4_to_MIS8,illinois,1,2014-2015,0,1,0,1,retention
10712743274753,11,2.0,1,4,2,301,3011,1,1,,17,16980,0,1.0,1.0,1.0,7,3,41,1.0,2,43,2,,2,1,2,1,2,57,57,57,1,0,0,1.0,1.0,,-4.0,,40.0,,,,,,2.0,3.0,0.0,1,2.0,2.0,2.0,,1019.0,2.0,2.0,2.0,,,16655.7956,4474.4448,7,2,1.0,,23,42,37194,2,,,,2.0,,,4335.6448,8370.0,2010.0,-1,,,,,,,388515.0,2014,658,655,1,0,0,1,1,16.0,6.0,43.0,2014,1.0,1,8,2,301,3011,1,16980,0,1.0,1.0,1.0,7,3,42,1.0,2,43,2,,1,2,1,2,57,57,57,1,0,0,2.0,1.0,,40.0,,40.0,,,,,,2.0,4.0,0.0,1,2.0,2.0,2.0,,2884.0,2.0,2.0,2.0,,,18018.691,4600.4356,2,1,1.0,,0,42,63507,2,,,,,,,4542.3527,7870.0,3255.0,-1,,,,,,,388989.0,2015,670,655,0,1,0,0,1,,10.0,40.0,2015,MIS4_to_MIS8,illinois,1,2014-2015,0,1,0,1,retention
107113554710798,11,1.0,1,4,2,301,3011,1,1,,17,16980,0,1.0,1.0,1.0,7,1,33,2.0,1,44,1,,1,1,1,1,2,57,57,57,1,0,0,1.0,1.0,,60.0,,52.0,,,,,,2.0,3.0,0.0,1,2.0,2.0,2.0,,1057.69,1.0,,2.0,,,13729.1551,3401.1937,0,0,0.0,,0,0,20958,1,,,,,,2.0,3399.445,7860.0,2330.0,-1,,,,,,,388541.0,2014,658,655,0,0,0,0,0,18.0,8.0,40.0,2014,1.0,1,8,2,301,3011,1,16980,0,1.0,1.0,1.0,7,1,34,2.0,1,44,1,,1,1,1,2,57,57,57,1,0,0,1.0,1.0,,50.0,,50.0,,,,,,2.0,3.0,0.0,1,2.0,2.0,2.0,,1423.0,1.0,,2.0,,,13797.1631,3306.742,0,0,1.0,,0,0,48827,1,,,,,,,3367.976,7860.0,2330.0,-1,,,,,,,389039.0,2015,670,655,0,0,0,0,0,,8.0,40.0,2015,MIS4_to_MIS8,illinois,1,2014-2015,1,0,0,0,retention
107160715089706,11,2.0,1,4,2,301,3011,1,1,,17,16980,0,1.0,1.0,2.0,7,4,19,,1,40,1,,3,1,3,7,2,57,57,57,1,0,0,2.0,1.0,,15.0,,15.0,,,20.0,,,7.0,2.0,0.0,1,2.0,,1.0,800.0,120.0,2.0,2.0,1.0,1.0,2.0,13627.7004,3525.0036,0,0,0.0,0.0,0,0,24893,3,,,2.0,,,,3513.7837,7860.0,4250.0,-1,,,,,2.0,1.0,388548.0,2014,658,655,0,0,0,0,0,13.0,14.0,40.0,2014,2.0,1,8,2,301,3011,1,16980,0,1.0,1.0,2.0,7,4,20,,1,40,1,,1,3,7,2,57,57,57,1,0,0,2.0,1.0,,10.0,,10.0,,,20.0,,,7.0,2.0,0.0,1,2.0,,1.0,935.0,93.5,2.0,2.0,1.0,1.0,2.0,14062.9156,3504.0611,0,0,0.0,0.0,0,0,23475,3,,,3.0,,,,3577.7847,7870.0,4250.0,-1,,,,,2.0,1.0,389047.0,2015,670,655,0,0,0,0,0,14.0,14.0,40.0,2015,MIS4_to_MIS8,illinois,1,2014-2015,1,0,0,0,retention
131691070090990,11,1.0,1,4,2,301,3011,1,1,,17,16980,0,1.0,1.0,,7,3,56,1.0,1,41,1,,2,1,2,1,2,57,57,57,1,0,0,2.0,1.0,,60.0,,60.0,,,,,,2.0,2.0,0.0,1,2.0,2.0,2.0,,875.0,2.0,2.0,,,,11456.612,2827.7423,0,0,0.0,,0,0,37131,2,,,3.0,,,,2836.5028,9370.0,5000.0,-1,,,,,,,388565.0,2014,658,655,0,0,0,0,0,14.0,17.0,51.0,2014,1.0,1,8,2,301,3011,1,16980,0,1.0,1.0,,7,3,57,1.0,1,41,1,,1,2,1,2,57,57,57,1,0,0,2.0,1.0,,50.0,,50.0,,,,,,2.0,2.0,0.0,1,2.0,2.0,2.0,,576.92,2.0,2.0,,,,11288.4779,2682.7241,0,0,0.0,,0,0,48808,2,,,3.0,,,,2746.8476,9370.0,5700.0,-1,,,,,,,389073.0,2015,670,655,0,0,0,0,0,14.0,17.0,51.0,2015,MIS4_to_MIS8,illinois,1,2014-2015,1,0,0,0,retention
171909100509623,11,1.0,7,4,2,301,3011,1,1,,17,16980,0,1.0,1.0,1.0,7,2,56,,2,43,2,,1,0,0,7,2,57,57,57,1,0,0,1.0,1.0,,40.0,,40.0,,,,,,2.0,2.0,0.0,1,2.0,2.0,2.0,,865.0,2.0,2.0,,,,14943.5371,3489.2027,0,0,1.0,,0,42,56901,1,,,,1.0,1.0,,3544.8472,8470.0,4600.0,-1,,,,,,,388586.0,2014,658,655,0,0,0,0,0,18.0,15.0,43.0,2014,1.0,7,8,2,301,3011,1,16980,0,1.0,1.0,1.0,7,2,57,,2,43,2,,0,0,7,2,57,57,57,1,0,0,1.0,4.0,,,,,,,,60.0,5.0,11.0,2.0,0.0,2,,,,,,,,,,,20121.1957,4003.6711,0,0,,,0,0,23218,1,,,,,,,3854.3672,8170.0,3600.0,-1,,,,,,,389112.0,2015,670,655,0,0,0,0,0,,11.0,42.0,2015,MIS4_to_MIS8,illinois,1,2014-2015,1,0,0,0,retention
198211070046228,11,2.0,1,4,2,301,3011,1,1,,17,16980,0,1.0,1.0,3.0,7,3,37,1.0,1,39,1,,2,1,2,1,2,57,57,57,1,0,0,1.0,1.0,,40.0,6.0,32.0,,,6.0,,,4.0,3.0,0.0,1,2.0,,1.0,2700.0,1080.0,1.0,,2.0,,,13022.0949,3180.9479,10,2,1.0,1.0,0,42,24897,2,1.0,,,,,,3234.3412,8570.0,4710.0,-1,,,,,,,388609.0,2014,658,655,0,0,1,1,0,12.0,16.0,44.0,2014,2.0,1,8,2,301,3011,1,16980,0,1.0,1.0,3.0,7,3,38,1.0,1,39,1,,1,2,1,2,57,57,57,1,0,0,1.0,1.0,,40.0,6.0,32.0,,,6.0,,,4.0,3.0,0.0,1,2.0,2.0,2.0,,1057.69,1.0,,2.0,,,11973.3942,2943.1185,10,2,0.0,,0,0,23481,2,1.0,,,,,,2978.0777,8570.0,4710.0,-1,,,,,,,389140.0,2015,670,655,0,0,1,1,0,12.0,16.0,44.0,2015,MIS4_to_MIS8,illinois,1,2014-2015,1,0,0,0,retention
710108351179157,11,3.0,7,4,2,301,3011,1,1,,17,16980,0,1.0,1.0,1.0,7,2,34,,2,43,1,2.0,3,0,0,7,2,57,57,57,1,0,0,1.0,1.0,,40.0,,40.0,,,,,,2.0,2.0,0.0,1,2.0,2.0,2.0,,1250.0,2.0,2.0,2.0,,,10140.9926,2542.2975,0,0,0.0,,0,0,69179,3,,,,1.0,1.0,,2495.4863,9480.0,430.0,-1,,,,,,,388703.0,2014,658,655,0,0,0,0,0,18.0,1.0,51.0,2014,3.0,7,8,2,301,3011,1,16980,0,1.0,1.0,1.0,7,2,48,,2,44,1,2.0,0,0,7,2,57,57,57,1,0,0,1.0,1.0,,40.0,6.0,32.0,,,6.0,,,4.0,2.0,0.0,1,2.0,2.0,2.0,,1346.15,2.0,2.0,2.0,,,14908.6619,3583.3694,0,0,0.0,,0,0,45172,3,,,,,,,3626.2973,9480.0,136.0,-1,,,,,,,389236.0,2015,670,655,0,0,0,0,0,,1.0,51.0,2015,MIS4_to_MIS8,illinois,1,2014-2015,1,0,0,0,retention
910000651618777,11,1.0,4,4,2,301,3011,1,1,,17,16980,0,1.0,1.0,2.0,7,1,61,,2,43,1,,1,1,1,4,2,57,57,57,1,0,0,1.0,1.0,,-4.0,6.0,32.0,,,6.0,,,4.0,3.0,0.0,1,2.0,2.0,2.0,,1405.0,2.0,2.0,,,,13942.7817,3565.0592,0,0,1.0,,0,0,10145,1,,,,1.0,2.0,,3491.9871,7860.0,2310.0,-1,,,,,,,388759.0,2014,658,655,0,0,0,0,0,17.0,8.0,40.0,2014,1.0,4,8,2,301,3011,1,16980,0,1.0,1.0,2.0,7,1,62,,2,43,1,,1,1,4,2,57,57,57,1,0,0,1.0,1.0,,-4.0,1.0,10.0,,,1.0,,,3.0,3.0,0.0,1,2.0,2.0,2.0,,300.0,2.0,2.0,,,,12417.16,2931.6681,0,0,0.0,,0,0,9594,1,,,,,,,2896.5258,7860.0,2310.0,-1,,,,,,,389309.0,2015,670,655,0,0,0,0,0,,8.0,40.0,2015,MIS4_to_MIS8,illinois,1,2014-2015,1,0,0,0,retention
971173160607323,11,1.0,1,4,2,301,3011,1,1,,17,16980,0,1.0,1.0,1.0,7,3,42,1.0,2,43,2,,2,1,2,1,2,57,57,57,1,0,0,2.0,1.0,,40.0,,40.0,,,,,,2.0,3.0,0.0,1,2.0,2.0,2.0,,961.0,2.0,2.0,2.0,,,16655.7956,4474.4448,3,1,1.0,,0,42,71429,2,,,,2.0,,,4335.6448,8370.0,2010.0,-1,,,,,,,388800.0,2014,658,655,0,0,1,0,0,16.0,6.0,43.0,2014,1.0,1,8,2,301,3011,1,16980,0,1.0,1.0,1.0,7,3,43,1.0,2,43,2,,1,2,1,2,57,57,57,1,0,0,2.0,1.0,,40.0,,40.0,,,,,,2.0,3.0,0.0,1,2.0,1.0,1.0,3800.0,2884.0,2.0,2.0,2.0,,,18018.691,4600.4356,3,1,1.0,1.0,0,0,9420,2,,,,,,,4542.3527,8370.0,2010.0,-1,,,,,,,389334.0,2015,670,655,0,0,1,0,0,,6.0,43.0,2015,MIS4_to_MIS8,illinois,1,2014-2015,1,0,0,0,retention
10710058972028,11,2.0,1,4,2,301,3011,1,1,,17,37900,0,2.0,1.0,,3,3,53,1.0,2,44,1,,2,1,2,1,2,57,57,57,1,0,0,1.0,1.0,,50.0,,50.0,,,,,,2.0,3.0,0.0,1,2.0,2.0,2.0,,1061.0,1.0,,2.0,,,13949.5099,3411.989,0,0,1.0,,0,42,60910,2,,,,,,2.0,3413.7798,7860.0,2310.0,-1,,,,,,,388824.0,2014,658,655,0,0,0,0,0,18.0,8.0,40.0,2014,2.0,1,8,2,301,3011,1,37900,0,2.0,1.0,,3,3,54,1.0,2,43,1,,1,2,1,2,57,57,57,1,0,0,1.0,1.0,,40.0,,40.0,,,,,,2.0,3.0,0.0,1,2.0,,1.0,1310.0,524.0,1.0,,2.0,,,12529.6026,3035.2171,0,0,1.0,1.0,0,0,58210,2,,,,,,,3047.6286,7860.0,2310.0,-1,,,,,,,389366.0,2015,670,655,0,0,0,0,0,,8.0,40.0,2015,MIS4_to_MIS8,illinois,1,2014-2015,1,0,0,0,retention
10712348086750,11,1.0,7,4,2,301,3011,1,1,,17,16980,0,2.0,1.0,,7,2,80,,2,40,2,,1,0,0,4,2,57,57,57,1,0,0,1.0,5.0,,,,,,9.0,,,,1.0,2.0,0.0,2,,,,,,,,,,,12147.4541,3183.353,0,0,,,0,0,5439,1,,,2.0,,,,3121.5127,9390.0,5940.0,-1,,,,,,,388843.0,2014,658,655,0,0,0,0,0,13.0,17.0,51.0,2014,1.0,7,8,2,301,3011,1,16980,0,2.0,1.0,,7,2,80,,2,40,2,,0,0,4,2,57,57,57,1,0,0,1.0,5.0,,,,,,,,,,1.0,,,2,,,,,,,,,,,13451.6851,3549.1589,0,0,,,0,0,35543,1,,,3.0,,,,3484.6749,,,-1,,,,,,,389398.0,2015,670,655,0,0,0,0,0,14.0,,,2015,MIS4_to_MIS8,illinois,1,2014-2015,0,1,0,0,retention
89057543100991,11,1.0,3,4,2,301,3011,1,1,,17,16980,0,2.0,1.0,,7,1,44,,1,44,1,,1,1,1,5,2,57,57,57,1,0,0,1.0,1.0,,38.0,6.0,32.0,,,6.0,,,4.0,2.0,0.0,1,2.0,2.0,2.0,,1850.0,1.0,,2.0,,,13423.9853,3332.6849,10,3,0.0,,0,0,5449,1,,,,,,1.0,3334.1601,9470.0,430.0,-1,,,,,,,388903.0,2014,658,655,0,0,1,1,0,17.0,1.0,51.0,2014,1.0,3,8,2,301,3011,1,16980,0,2.0,1.0,,7,1,45,,1,44,1,,1,1,5,2,57,57,57,1,0,0,1.0,1.0,,38.0,6.0,30.0,,,6.0,,,4.0,2.0,0.0,1,2.0,2.0,2.0,,1730.76,2.0,2.0,2.0,,,11854.0866,2868.8087,10,3,0.0,,0,0,23380,1,,,,,,,2928.7081,9390.0,430.0,-1,,,,,,,389425.0,2015,670,655,0,0,1,1,0,,1.0,51.0,2015,MIS4_to_MIS8,illinois,1,2014-2015,1,0,0,0,retention
103120315022716,11,1.0,1,4,2,301,3011,1,1,,17,16980,0,2.0,1.0,,7,1,53,2.0,2,43,1,,1,1,1,1,2,57,148,57,1,0,0,1.0,1.0,,35.0,,35.0,,,,,,2.0,3.0,0.0,1,2.0,1.0,1.0,1575.0,400.0,1.0,,2.0,,,13632.3799,3334.4204,0,0,0.0,0.0,0,0,46725,1,,,,2.0,,,3336.1705,7860.0,1050.0,-1,,,,,,,388913.0,2014,658,655,0,0,0,0,0,16.0,3.0,40.0,2014,1.0,1,8,2,301,3011,1,16980,0,2.0,1.0,,7,1,55,2.0,2,43,1,,1,1,1,2,57,148,57,1,0,0,1.0,1.0,,30.0,,32.0,,,22.0,,,7.0,3.0,0.0,1,2.0,1.0,1.0,1575.0,475.0,1.0,,,,,13021.465,3253.972,0,0,0.0,0.0,0,0,23290,1,,,,,,,3294.9776,7860.0,1050.0,-1,,,,,,,389450.0,2015,670,655,0,0,0,0,0,,3.0,40.0,2015,MIS4_to_MIS8,illinois,1,2014-2015,1,0,0,0,retention
151474008610802,11,1.0,3,4,2,301,3011,1,1,,17,16980,97,2.0,1.0,,7,1,24,,1,40,1,,1,1,1,7,2,57,57,57,1,0,0,1.0,1.0,,40.0,,40.0,,,,,,2.0,3.0,0.0,1,2.0,2.0,2.0,,1107.0,2.0,2.0,2.0,,,14599.4434,3607.7961,0,0,1.0,,0,0,56925,1,,,3.0,,,,3769.7999,7860.0,2720.0,-1,,,,,2.0,,388961.0,2014,658,655,0,0,0,0,0,14.0,9.0,40.0,2014,1.0,3,8,2,301,3011,1,16980,97,2.0,1.0,,7,1,25,,1,39,1,,1,1,7,2,57,57,57,1,0,0,1.0,1.0,,40.0,,40.0,,,,,,2.0,3.0,0.0,1,1.0,2.0,2.0,,923.0,2.0,2.0,2.0,,,14972.7427,3578.8225,0,0,1.0,,0,42,9507,1,1.0,,,,,,3654.9426,7860.0,2320.0,-1,,,,,2.0,,389506.0,2015,670,655,0,0,0,0,0,12.0,8.0,40.0,2015,MIS4_to_MIS8,illinois,1,2014-2015,1,0,0,0,retention
170251070084806,11,1.0,1,4,2,301,3011,1,1,,17,16980,0,2.0,1.0,,7,3,54,1.0,2,43,3,,2,1,2,1,2,57,57,301,1,0,0,2.0,1.0,,18.0,,4.0,,,18.0,,,7.0,3.0,0.0,1,2.0,,1.0,900.0,162.0,2.0,2.0,2.0,,,13967.8801,3406.8231,0,0,0.0,0.0,0,0,37250,2,,,,2.0,,,3418.2754,9370.0,5860.0,-1,,,,,,,388968.0,2014,658,655,0,0,0,0,0,16.0,17.0,51.0,2014,2.0,1,8,2,301,3011,1,16980,0,2.0,1.0,,7,3,56,1.0,2,43,3,,1,2,1,2,57,57,301,1,0,0,1.0,7.0,,,,,,,,,,1.0,,,2,,,,,,,,,,,10999.9653,2848.8124,0,0,,,0,0,48900,2,,,,,,,2808.6944,,,-1,,,,,,,389518.0,2015,670,655,0,0,0,0,0,,,,2015,MIS4_to_MIS8,illinois,1,2014-2015,0,1,0,0,retention
271057789102531,11,3.0,4,4,2,301,3011,1,1,,17,16980,0,2.0,1.0,,7,1,42,,2,40,2,,1,1,1,5,2,57,57,57,1,0,0,2.0,1.0,,40.0,,40.0,,,,,,2.0,3.0,0.0,1,1.0,2.0,2.0,,1057.0,1.0,,2.0,,,16300.4852,4378.9936,4,1,1.0,,0,42,60846,1,,,2.0,,,,4243.1545,9470.0,5860.0,-1,,,,,,,389029.0,2014,658,655,0,0,0,1,0,13.0,17.0,51.0,2014,1.0,4,8,2,301,3011,1,16980,0,2.0,1.0,,7,1,44,,2,40,2,,1,1,5,2,57,57,57,1,0,0,1.0,1.0,,40.0,,50.0,,,,,,2.0,3.0,0.0,1,1.0,1.0,1.0,2700.0,1250.0,1.0,,2.0,,,17437.251,4451.9855,0,0,0.0,0.0,0,0,70111,1,,,2.0,,,,4395.7768,9470.0,5700.0,-1,,,,,,,389559.0,2015,670,655,0,0,0,0,0,13.0,17.0,51.0,2015,MIS4_to_MIS8,illinois,1,2014-2015,1,0,0,0,retention
351775021910872,11,1.0,1,4,2,301,3011,1,1,,17,16980,0,2.0,1.0,,7,3,57,1.0,1,43,2,,2,1,2,1,2,57,57,57,1,0,0,2.0,1.0,,40.0,,40.0,,,,,,2.0,2.0,0.0,1,2.0,,1.0,1200.0,480.0,1.0,,,,,13303.5672,3977.5069,4,1,1.0,1.0,0,42,37178,2,,,,2.0,,,4029.5475,7870.0,7340.0,-1,,,,,,,389059.0,2014,658,655,0,0,0,1,0,16.0,20.0,40.0,2014,2.0,1,8,2,301,3011,1,16980,0,2.0,1.0,,7,3,58,1.0,1,43,2,,1,2,1,2,57,57,57,1,0,0,1.0,4.0,,,,,,,,26.0,5.0,12.0,2.0,0.0,2,,,,,,,,,,,22626.5624,3978.7152,4,1,,,0,0,23209,2,,,,,,,3778.1337,7870.0,7000.0,-1,,,,,,,389597.0,2015,670,655,0,0,0,1,0,,20.0,40.0,2015,MIS4_to_MIS8,illinois,1,2014-2015,1,0,0,0,retention
471400100004605,11,1.0,4,4,2,301,3011,1,1,,17,37900,179,2.0,1.0,,3,1,50,,2,39,1,1.0,1,1,1,6,2,303,303,303,4,0,6,1.0,1.0,,38.0,,38.0,,,,,,2.0,2.0,0.0,1,2.0,2.0,2.0,,1057.69,2.0,2.0,2.0,,,14405.5253,3499.737,3,2,0.0,,0,0,65218,1,1.0,,,,,,3525.3777,7580.0,630.0,-1,,,,,,,389097.0,2014,658,655,0,0,1,0,0,12.0,2.0,38.0,2014,1.0,4,8,2,301,3011,1,37900,179,2.0,1.0,,3,1,51,,2,42,1,1.0,1,1,6,2,303,303,303,4,0,6,1.0,1.0,,38.0,,36.0,,,,,,2.0,2.0,0.0,1,2.0,2.0,2.0,,1153.84,1.0,,2.0,,,11808.6024,2836.9141,3,2,0.0,,0,0,9580,1,,,2.0,,,,2872.2566,9470.0,2100.0,-1,,,,,,,389637.0,2015,670,655,0,0,1,0,0,13.0,7.0,51.0,2015,MIS4_to_MIS8,illinois,1,2014-2015,1,0,0,0,retention
801877006510420,11,2.0,1,4,2,301,3011,1,1,,17,16980,0,2.0,1.0,,7,1,54,2.0,1,43,1,,1,1,1,1,2,57,57,57,1,0,0,2.0,1.0,,40.0,,40.0,,,,,,2.0,3.0,0.0,1,2.0,2.0,2.0,,1800.0,2.0,2.0,2.0,,,10945.0779,2678.7318,0,0,1.0,,0,0,53665,1,,,,2.0,,,2696.3175,8590.0,2340.0,-1,,,,,,,389231.0,2014,658,655,0,0,0,0,0,16.0,8.0,44.0,2014,2.0,1,8,2,301,3011,1,16980,0,2.0,1.0,,7,1,55,2.0,1,39,1,,1,1,1,2,57,57,57,1,0,0,2.0,1.0,,40.0,,40.0,,,,,,2.0,4.0,0.0,1,2.0,,1.0,1400.0,560.0,2.0,2.0,,,,10924.2132,2596.156,0,0,1.0,1.0,0,42,48899,1,1.0,,,,,,2658.2104,8590.0,2340.0,-1,,,,,,,389759.0,2015,670,655,0,0,0,0,0,12.0,8.0,44.0,2015,MIS4_to_MIS8,illinois,1,2014-2015,0,1,0,1,retention
801877006510420,11,2.0,1,4,2,301,3011,1,1,,17,16980,0,2.0,1.0,,7,3,52,1.0,2,39,1,,2,1,2,1,2,57,57,57,1,0,0,1.0,1.0,,40.0,,60.0,,,,,,2.0,3.0,0.0,1,2.0,,1.0,2546.0,1018.4,2.0,2.0,2.0,,,13632.3799,3334.4204,0,0,1.0,1.0,0,0,53665,2,1.0,,,,,,3336.1705,7860.0,5700.0,5600,,,,,,,389232.0,2014,658,655,0,0,0,0,0,12.0,17.0,40.0,2014,2.0,1,8,2,301,3011,1,16980,0,2.0,1.0,,7,3,53,1.0,2,43,1,,1,2,1,2,57,57,57,1,0,0,1.0,1.0,,40.0,,60.0,,,,,,2.0,2.0,0.0,1,2.0,2.0,2.0,,826.0,1.0,,2.0,,,12736.8709,3085.4265,0,0,1.0,,0,42,48899,2,,,,,,,3098.0433,7860.0,5700.0,5600,,,,,,,389760.0,2015,670,655,0,0,0,0,0,,17.0,40.0,2015,MIS4_to_MIS8,illinois,1,2014-2015,1,0,0,0,retention
971173160301313,11,1.0,1,4,2,301,3011,1,1,,17,16980,0,2.0,1.0,,7,3,53,1.0,1,43,1,,2,1,2,1,2,57,57,57,1,0,0,2.0,1.0,,40.0,,80.0,,,,,,2.0,3.0,0.0,1,2.0,,1.0,3000.0,1200.0,1.0,,2.0,,,10945.0779,2678.7318,0,0,1.0,1.0,0,0,24617,2,,,,2.0,,,2696.3175,9470.0,3850.0,3930,,,,,,,389313.0,2014,658,655,0,0,0,0,0,16.0,12.0,51.0,2014,1.0,1,8,2,301,3011,1,16980,0,2.0,1.0,,7,3,54,1.0,1,43,1,,1,2,1,2,57,57,57,1,0,0,2.0,1.0,,40.0,,50.0,,,,,,2.0,3.0,0.0,1,2.0,2.0,2.0,,923.0,1.0,,2.0,,,11378.0687,2810.3549,0,0,1.0,,0,42,48818,2,,,,,,,2811.1016,9470.0,3850.0,3930,,,,,,,389804.0,2015,670,655,0,0,0,0,0,,12.0,51.0,2015,MIS4_to_MIS8,illinois,1,2014-2015,1,0,0,0,retention
997009301610109,11,2.0,3,4,2,301,3011,1,1,,17,16980,0,2.0,1.0,,7,8,41,2.0,1,42,1,,3,2,2,1,2,57,57,57,1,0,0,2.0,1.0,,40.0,,40.0,,,,,,2.0,2.0,0.0,1,2.0,2.0,2.0,,938.0,2.0,2.0,2.0,,,13423.9853,3332.6849,1,1,1.0,,0,0,37132,3,,,3.0,,,,3334.1601,9370.0,5000.0,-1,,,,,,,389335.0,2014,658,655,1,0,0,0,1,14.0,17.0,51.0,2014,2.0,1,8,2,301,3011,1,16980,0,2.0,1.0,,7,3,43,2.0,1,39,1,,1,2,1,2,57,57,57,1,0,0,2.0,2.0,4.0,40.0,,,,,,,,5.0,4.0,0.0,1,2.0,2.0,2.0,,500.0,1.0,,2.0,,,12627.4192,3077.9113,2,1,1.0,,0,0,35499,3,1.0,,,,,,3140.7498,6170.0,9130.0,-1,,,,,,,389807.0,2015,670,655,0,1,0,0,1,12.0,22.0,23.0,2015,MIS4_to_MIS8,illinois,1,2014-2015,0,1,0,1,retention
10710043754172,11,1.0,1,4,2,301,3011,1,1,,17,0,0,3.0,2.0,,0,1,49,2.0,1,40,1,,1,1,1,1,2,57,57,57,1,0,0,1.0,1.0,,40.0,6.0,32.0,,,6.0,,,4.0,2.0,0.0,1,2.0,2.0,2.0,,840.23,1.0,,2.0,,,12393.0997,2997.1092,0,0,0.0,,0,0,5466,1,,,4.0,,,,3053.0373,9480.0,4230.0,-1,,,,,,,389348.0,2014,658,655,0,0,0,0,0,15.0,14.0,51.0,2014,2.0,1,8,2,301,3011,1,0,0,3.0,2.0,,0,1,50,2.0,1,41,1,,1,1,1,2,57,57,57,1,0,0,2.0,1.0,,40.0,,40.0,,,,,,2.0,2.0,0.0,1,2.0,2.0,2.0,,992.3,1.0,,2.0,,,11761.3928,2905.035,0,0,0.0,,0,0,48921,1,,,3.0,,,,2905.8069,7860.0,4140.0,-1,,,,,,,389814.0,2015,670,655,0,0,0,0,0,14.0,13.0,40.0,2015,MIS4_to_MIS8,illinois,1,2014-2015,1,0,0,0,retention
10710043754172,11,1.0,1,4,2,301,3011,1,1,,17,0,0,3.0,2.0,,0,3,54,1.0,2,40,1,,2,1,2,1,2,57,57,57,1,0,0,2.0,1.0,,40.0,,40.0,,,,,,2.0,2.0,0.0,1,2.0,2.0,2.0,,192.0,1.0,,2.0,,,13954.7759,3413.2771,0,0,1.0,,0,0,5466,2,,,2.0,,,,3415.0685,7860.0,4010.0,-1,,,,,,,389349.0,2014,658,655,0,0,0,0,0,13.0,13.0,40.0,2014,2.0,1,8,2,301,3011,1,0,0,3.0,2.0,,0,3,55,1.0,2,39,1,,1,2,1,2,57,57,57,1,0,0,1.0,1.0,,40.0,,40.0,,,,,,2.0,2.0,0.0,1,2.0,2.0,2.0,,1292.3,1.0,,,,,13460.1546,3363.5975,0,0,0.0,,0,0,48921,2,2.0,6.0,,,,,3405.9846,7860.0,3030.0,-1,,,,,,,389815.0,2015,670,655,0,0,0,0,0,10.0,10.0,40.0,2015,MIS4_to_MIS8,illinois,1,2014-2015,1,0,0,0,retention
10710105457714,11,1.0,4,4,2,301,3011,1,1,,17,0,0,3.0,2.0,,0,1,45,,2,39,1,,1,1,1,5,2,57,57,57,1,0,0,1.0,1.0,,5.0,,5.0,,,18.0,,,7.0,2.0,0.0,1,2.0,,1.0,1225.0,61.25,1.0,,2.0,,,14488.4115,3530.9894,4,2,0.0,0.0,0,0,5406,1,1.0,,,,,,3545.6619,9480.0,4610.0,-1,,,,,,,389362.0,2014,658,655,0,0,0,1,0,12.0,15.0,51.0,2014,1.0,7,8,2,301,3011,1,0,0,3.0,2.0,,0,2,46,,2,39,1,,0,0,5,2,57,57,57,1,0,0,1.0,1.0,,45.0,,45.0,,,,,,2.0,5.0,0.0,1,2.0,,1.0,1300.0,585.0,1.0,,2.0,,,13268.8176,3215.8066,0,0,0.0,0.0,0,0,20157,1,1.0,,,,,,3227.431,8170.0,3600.0,-1,,,,,,,389816.0,2015,670,655,0,0,0,0,0,12.0,11.0,42.0,2015,MIS4_to_MIS8,illinois,1,2014-2015,0,1,0,1,retention
291174007210560,11,2.0,1,4,2,301,3011,1,1,,17,0,0,3.0,2.0,,0,1,51,2.0,2,39,1,,1,1,1,1,2,57,57,57,1,0,0,2.0,1.0,,40.0,6.0,32.0,,,6.0,,,4.0,3.0,0.0,1,2.0,,1.0,1250.0,500.0,2.0,2.0,2.0,,,13954.7759,3413.2771,0,0,0.0,0.0,0,0,46712,1,1.0,,,,,,3415.0685,7860.0,4220.0,-1,,,,,,,389404.0,2014,658,655,0,0,0,0,0,12.0,14.0,40.0,2014,2.0,1,8,2,301,3011,1,0,0,3.0,2.0,,0,1,52,2.0,2,39,1,,1,1,1,2,57,57,57,1,0,0,2.0,1.0,,40.0,,40.0,,,,,,2.0,3.0,0.0,1,2.0,1.0,1.0,1900.0,423.0,1.0,,2.0,,,13165.9726,3189.3737,0,0,1.0,1.0,0,0,54975,1,1.0,,,,,,3202.4156,7860.0,4220.0,-1,,,,,,,389854.0,2015,670,655,0,0,0,0,0,12.0,14.0,40.0,2015,MIS4_to_MIS8,illinois,1,2014-2015,1,0,0,0,retention
402105430710717,11,1.0,4,4,2,301,3011,1,1,,17,0,0,3.0,2.0,,0,4,62,,1,40,1,,2,1,3,5,2,57,57,57,1,0,0,2.0,1.0,,50.0,,50.0,,,,,,2.0,2.0,0.0,1,1.0,2.0,2.0,,1000.0,1.0,,,,,11877.3227,2913.0955,0,0,1.0,,43,42,10102,2,,,1.0,,,,2939.708,9480.0,4230.0,-1,4.0,,,,1.0,,389410.0,2014,658,655,0,0,0,0,0,12.0,14.0,51.0,2014,1.0,4,8,2,301,3011,1,0,0,3.0,2.0,,0,4,63,,1,40,1,,1,3,5,2,57,57,57,1,0,0,2.0,1.0,,8.0,,8.0,,,21.0,,,7.0,1.0,0.0,1,2.0,,1.0,1000.0,80.0,2.0,2.0,,,,11722.5597,2800.6437,0,0,1.0,1.0,0,0,9557,2,,,2.0,,,,2860.2806,6370.0,5550.0,-1,4.0,,,,1.0,,389862.0,2015,670,655,0,0,0,0,0,13.0,17.0,23.0,2015,MIS4_to_MIS8,illinois,1,2014-2015,0,1,1,0,retention
10710091316940,11,4.0,1,4,2,301,3011,1,1,,17,0,0,,1.0,,0,3,54,1.0,2,44,1,,2,1,2,1,2,57,57,57,1,0,0,2.0,1.0,,45.0,,45.0,,,,,,2.0,3.0,0.0,1,2.0,2.0,2.0,,1084.0,1.0,,2.0,,,13931.0555,3407.4752,4,1,1.0,,0,42,46749,2,,,,,,2.0,3409.2636,7860.0,2310.0,-1,,,,,,,389458.0,2014,658,655,0,0,0,1,0,18.0,8.0,40.0,2014,2.0,1,8,2,301,3011,1,0,0,,1.0,,0,3,55,1.0,2,44,1,,1,2,1,2,57,57,57,1,0,0,1.0,1.0,,45.0,,45.0,,,,,,2.0,2.0,0.0,1,2.0,2.0,2.0,,1442.0,1.0,,,,,13090.2138,3271.1519,4,1,1.0,,0,0,45305,2,,,,,,,3312.374,7860.0,2310.0,-1,,,,,,,389913.0,2015,670,655,0,0,0,1,0,,8.0,40.0,2015,MIS4_to_MIS8,illinois,1,2014-2015,1,0,0,0,retention
101010916090734,11,2.0,1,4,2,301,3011,1,1,,17,0,0,,1.0,,0,1,37,2.0,2,44,1,,1,1,1,1,2,57,57,57,1,0,0,2.0,1.0,,60.0,,60.0,,,,,,2.0,3.0,0.0,1,2.0,2.0,2.0,,1061.0,1.0,,2.0,,,10886.2017,2760.8954,0,0,1.0,,0,0,10065,1,,,,,,2.0,2826.2363,7860.0,2310.0,-1,,,,,,,389491.0,2014,658,655,0,0,0,0,0,18.0,8.0,40.0,2014,2.0,1,8,2,301,3011,1,0,0,,1.0,,0,1,38,2.0,2,44,1,,1,1,1,2,57,57,57,1,0,0,2.0,1.0,,65.0,,70.0,,,,,,2.0,2.0,0.0,1,2.0,2.0,2.0,,1084.0,1.0,,2.0,,,11528.5889,2768.8054,0,0,1.0,,0,0,9498,1,,,,,,,2823.7921,7860.0,2310.0,-1,,,,,,,389940.0,2015,670,655,0,0,0,0,0,,8.0,40.0,2015,MIS4_to_MIS8,illinois,1,2014-2015,1,0,0,0,retention
101010916090734,11,2.0,1,4,2,301,3011,1,1,,17,0,0,,1.0,,0,3,39,1.0,1,44,1,,2,1,2,1,2,57,57,57,1,0,0,1.0,1.0,,55.0,,55.0,,,,,,2.0,3.0,0.0,1,2.0,2.0,2.0,,1192.3,1.0,,2.0,,,13307.3996,3250.6401,0,0,0.0,,0,0,10065,2,,,,,,2.0,3305.2033,7860.0,2320.0,-1,,,,,,,389492.0,2014,658,655,0,0,0,0,0,18.0,8.0,40.0,2014,2.0,1,8,2,301,3011,1,0,0,,1.0,,0,3,40,1.0,1,44,1,,1,2,1,2,57,57,57,1,0,0,1.0,1.0,,55.0,,55.0,,,,,,2.0,2.0,0.0,1,2.0,2.0,2.0,,1923.0,1.0,,2.0,,,12694.0876,3094.1616,0,0,1.0,,0,0,9498,2,,,,,,,3157.3319,7860.0,2310.0,-1,,,,,,,389941.0,2015,670,655,0,0,0,0,0,,8.0,40.0,2015,MIS4_to_MIS8,illinois,1,2014-2015,1,0,0,0,retention
141278005010261,11,1.0,1,4,2,301,3011,1,1,,17,0,0,,1.0,,0,3,34,1.0,2,44,1,,2,1,2,1,2,57,57,57,1,0,0,2.0,1.0,,40.0,,40.0,,,,,,2.0,3.0,0.0,1,2.0,2.0,2.0,,900.0,1.0,,2.0,,,11153.9572,2783.7751,1,1,0.0,,0,0,45367,2,,,,,,2.0,2744.7557,7860.0,2320.0,-1,,,,,,,389505.0,2014,658,655,1,0,0,0,1,18.0,8.0,40.0,2014,1.0,1,8,2,301,3011,1,0,0,,1.0,,0,3,35,1.0,2,44,1,,1,2,1,2,57,57,57,1,0,0,2.0,1.0,,40.0,,40.0,,,,,,2.0,2.0,0.0,1,2.0,2.0,2.0,,923.07,1.0,,2.0,,,11528.5889,2768.8054,1,1,0.0,,0,0,23372,2,,,,,,,2823.7921,7860.0,2310.0,-1,,,,,,,389955.0,2015,670,655,1,0,0,0,1,,8.0,40.0,2015,MIS4_to_MIS8,illinois,1,2014-2015,1,0,0,0,retention
166691070084304,11,1.0,1,4,2,301,3011,1,1,,17,44100,0,,1.0,,2,1,54,2.0,1,44,2,,1,1,1,1,2,57,57,57,1,0,0,1.0,1.0,,38.0,,35.0,,,,,,2.0,2.0,0.0,1,2.0,2.0,2.0,,1634.61,1.0,,2.0,,,9584.4838,2382.5432,1,1,0.0,,0,0,45369,1,,,,,,1.0,2413.7157,9570.0,1360.0,-1,,,,,,,389509.0,2014,658,655,1,0,0,0,1,17.0,4.0,51.0,2014,2.0,1,8,2,301,3011,1,44100,0,,1.0,,2,1,55,2.0,1,44,2,,1,1,1,2,57,57,57,1,0,0,2.0,1.0,,38.0,6.0,31.0,,,6.0,,,4.0,2.0,0.0,1,2.0,2.0,2.0,,1692.3,1.0,,,,,16439.0162,3011.3374,1,1,0.0,,0,0,48928,1,,,,,,,3036.9892,9570.0,1360.0,-1,,,,,,,389968.0,2015,670,655,1,0,0,0,1,,4.0,51.0,2015,MIS4_to_MIS8,illinois,1,2014-2015,1,0,0,0,retention
310005981617487,11,1.0,6,4,2,301,3011,1,1,,17,44100,0,,1.0,,2,2,69,,1,43,1,,1,0,0,5,2,57,57,116,1,0,0,1.0,1.0,,38.0,,38.0,,,,,,2.0,2.0,0.0,1,2.0,1.0,1.0,4900.0,2125.0,2.0,2.0,,,,10473.5404,2716.4164,0,0,0.0,0.0,0,0,5476,1,,,,2.0,,,2640.96,9570.0,160.0,-1,4.0,,,,,,389521.0,2014,658,655,0,0,0,0,0,16.0,1.0,51.0,2014,1.0,6,8,2,301,3011,1,44100,0,,1.0,,2,2,71,,1,43,1,,0,0,5,2,57,57,116,1,0,0,1.0,5.0,,,,,,,,,,1.0,,,2,,,,,,,,,,,10166.6431,2638.3737,0,0,,,0,0,35713,1,,,,,,,2603.0805,,,-1,4.0,,,,,,389986.0,2015,670,655,0,0,0,0,0,,,,2015,MIS4_to_MIS8,illinois,1,2014-2015,0,1,0,0,retention
602101760710978,11,2.0,1,4,2,301,3011,1,1,,17,0,0,,1.0,,0,3,48,1.0,2,40,1,,2,1,2,1,2,57,57,57,1,0,0,1.0,1.0,,37.0,6.0,30.0,,,6.0,,,4.0,3.0,0.0,1,2.0,,1.0,1080.0,399.6,1.0,,2.0,,,14800.255,3606.9892,4,1,0.0,0.0,0,0,35055,2,,,5.0,,,,3621.9775,7860.0,2540.0,-1,,,,,,,389530.0,2014,658,655,0,0,0,1,0,16.0,8.0,40.0,2014,2.0,1,8,2,301,3011,1,0,0,,1.0,,0,3,49,1.0,2,40,1,,1,2,1,2,57,57,57,1,0,0,1.0,1.0,,40.0,,40.0,,,,,,2.0,4.0,0.0,1,2.0,1.0,1.0,1220.0,300.0,2.0,2.0,2.0,,,12904.1355,3127.4229,4,1,0.0,0.0,0,0,45351,2,,,5.0,,,,3138.7278,7860.0,2310.0,-1,,,,,,,389996.0,2015,670,655,0,0,0,1,0,16.0,8.0,40.0,2015,MIS4_to_MIS8,illinois,1,2014-2015,0,1,0,1,retention
837440601660109,11,1.0,1,4,2,301,3011,1,1,,17,44100,0,,1.0,,2,1,47,2.0,2,44,1,,1,1,1,1,2,57,57,57,1,0,0,1.0,1.0,,40.0,6.0,32.0,,,6.0,,,4.0,2.0,0.0,1,2.0,2.0,2.0,,300.0,1.0,,2.0,,,14800.255,3606.9892,0,0,1.0,,0,0,10114,1,,,,,,3.0,3621.9775,7860.0,5700.0,-1,,,,,,,389559.0,2014,658,655,0,0,0,0,0,18.0,17.0,40.0,2014,1.0,1,8,2,301,3011,1,44100,0,,1.0,,2,1,48,2.0,2,44,1,,1,1,1,2,57,57,57,1,0,0,1.0,1.0,,40.0,,40.0,,,,,,2.0,3.0,0.0,1,2.0,2.0,2.0,,1250.0,1.0,,2.0,,,12904.1355,3127.4229,0,0,0.0,,0,0,43850,1,,,,,,,3138.7278,7860.0,2300.0,-1,,,,,,,390029.0,2015,670,655,0,0,0,0,0,,8.0,40.0,2015,MIS4_to_MIS8,illinois,1,2014-2015,1,0,0,0,retention
837440601660109,11,1.0,1,4,2,301,3011,1,1,,17,44100,0,,1.0,,2,3,46,1.0,1,42,1,,2,1,2,1,2,57,57,57,1,0,0,2.0,1.0,,60.0,,40.0,,,,,,2.0,2.0,0.0,1,1.0,1.0,1.0,4500.0,2076.0,1.0,,2.0,,,12659.8445,3061.6179,0,0,1.0,1.0,0,0,10114,2,,,4.0,,,,3118.7498,9470.0,3800.0,-1,,,,,,,389560.0,2014,658,655,0,0,0,0,0,15.0,12.0,51.0,2014,1.0,1,8,2,301,3011,1,44100,0,,1.0,,2,3,46,1.0,1,42,1,,1,2,1,2,57,57,57,1,0,0,2.0,1.0,,40.0,,48.0,,,,,,2.0,2.0,0.0,1,1.0,1.0,1.0,1374.0,1730.76,1.0,,2.0,,,11916.6721,2883.9551,0,0,0.0,1.0,0,0,43850,2,,,3.0,,,,2944.1707,9470.0,3800.0,-1,,,,,,,390030.0,2015,670,655,0,0,0,0,0,14.0,12.0,51.0,2015,MIS4_to_MIS8,illinois,1,2014-2015,1,0,0,0,retention
9018863100491,11,2.0,1,4,2,301,3011,1,1,,18,23060,0,1.0,1.0,,3,3,48,1.0,2,44,1,,2,1,2,1,2,57,57,57,1,0,0,1.0,1.0,,40.0,4.0,32.0,,,4.0,,,4.0,3.0,0.0,1,2.0,2.0,2.0,,1050.0,2.0,2.0,2.0,,,10530.8066,2594.6572,8,2,0.0,,0,0,5489,2,,,,,,3.0,2577.1411,7070.0,120.0,-1,,,,,,,389592.0,2014,658,655,0,1,1,0,1,18.0,1.0,34.0,2014,1.0,1,8,2,301,3011,1,23060,0,1.0,1.0,,3,3,50,1.0,2,44,1,,1,2,1,2,57,57,57,1,0,0,2.0,1.0,,50.0,,40.0,,,,,,2.0,3.0,0.0,1,2.0,2.0,2.0,,1250.0,2.0,2.0,2.0,,,13633.7434,3360.3738,8,2,0.0,,0,0,5393,2,,,,,,,3316.1934,9490.0,800.0,-1,,,,,,,390040.0,2015,670,655,0,1,1,0,1,,2.0,51.0,2015,MIS4_to_MIS8,indiana,0,2014-2015,1,0,0,0,retention
107030814071899,11,1.0,6,4,2,301,3011,1,1,,18,21780,0,1.0,1.0,,3,2,38,,1,39,1,,1,0,0,5,2,57,57,57,1,0,0,1.0,1.0,,-4.0,,38.0,,,,,,2.0,2.0,0.0,1,2.0,,1.0,1200.0,480.0,2.0,2.0,2.0,,,10500.7841,2593.2246,0,0,0.0,0.0,0,0,10287,1,1.0,,,,,,2608.1148,8190.0,3600.0,-1,,,,,,,389627.0,2014,658,655,0,0,0,0,0,12.0,11.0,41.0,2014,1.0,6,8,2,301,3011,1,21780,0,1.0,1.0,,3,2,39,,1,39,1,,0,0,5,2,57,57,57,1,0,0,1.0,1.0,,38.0,,43.0,,,,,,2.0,2.0,0.0,1,1.0,,1.0,1200.0,588.32,2.0,2.0,2.0,,,11352.9693,2839.3566,0,0,1.0,0.0,0,0,9750,1,1.0,,,,,,2823.7628,8190.0,3420.0,-1,,,,,,,390079.0,2015,670,655,0,0,0,0,0,12.0,10.0,41.0,2015,MIS4_to_MIS8,indiana,0,2014-2015,1,0,0,0,retention
781881005110244,11,1.0,1,4,2,301,3011,1,1,,18,26900,0,1.0,1.0,1.0,5,1,41,2.0,2,41,2,,1,1,1,1,2,57,57,57,1,0,0,1.0,4.0,,,,,,,,8.0,2.0,11.0,3.0,0.0,2,,,,,,,,1.0,1.0,2.0,23604.3896,5152.5224,10,4,,,0,0,10239,1,,,5.0,,,,4840.1429,7860.0,5400.0,-1,,,,,,,389681.0,2014,658,655,0,0,1,1,0,16.0,17.0,40.0,2014,1.0,1,8,2,301,3011,1,26900,0,1.0,1.0,1.0,5,1,42,2.0,2,41,2,,1,1,1,2,57,57,57,1,0,0,1.0,1.0,,38.0,,38.0,,,,,,2.0,3.0,0.0,1,2.0,2.0,2.0,,200.0,2.0,2.0,1.0,1.0,2.0,16057.2145,4171.2473,10,3,0.0,,0,0,45462,1,,,5.0,,,,4047.8818,7860.0,2540.0,-1,,,,,,,390135.0,2015,670,655,0,0,1,1,0,16.0,8.0,40.0,2015,MIS4_to_MIS8,indiana,0,2014-2015,1,0,0,0,retention
911884009310600,11,1.0,1,4,2,301,3011,1,1,,18,23060,0,1.0,1.0,,3,1,31,2.0,2,45,1,,1,1,1,1,2,57,57,57,1,0,0,1.0,1.0,,45.0,,45.0,,,,,,2.0,3.0,0.0,1,2.0,2.0,2.0,,865.38,2.0,2.0,2.0,,,9355.0097,2360.4354,0,0,0.0,,0,0,24919,1,,,,,,,2302.0723,7860.0,1820.0,-1,,,,,,,389723.0,2014,658,655,0,0,0,0,0,18.0,5.0,40.0,2014,1.0,1,8,2,301,3011,1,23060,0,1.0,1.0,,3,3,32,2.0,2,46,1,,1,2,1,2,57,57,57,1,0,0,1.0,1.0,,45.0,,50.0,,,,,,2.0,3.0,0.0,1,2.0,2.0,2.0,,865.38,1.0,,2.0,,,14411.8881,3633.7232,0,0,0.0,,0,0,48938,1,,,,,,,3637.4129,7860.0,1820.0,-1,,,,,,,390164.0,2015,670,655,0,0,0,0,0,18.0,5.0,40.0,2015,MIS4_to_MIS8,indiana,0,2014-2015,1,0,0,0,retention
6038343100831,11,1.0,1,4,2,301,3011,1,1,,18,16980,0,2.0,1.0,,7,4,51,,2,40,1,,3,1,3,5,2,57,57,57,1,0,0,2.0,1.0,,37.0,,37.0,,,,,,2.0,2.0,0.0,1,2.0,1.0,1.0,2335.0,932.0,2.0,2.0,2.0,,,10394.918,2570.4695,0,0,1.0,1.0,0,0,65247,3,,,1.0,,,,2543.8859,9570.0,5860.0,-1,,,,,1.0,1.0,389740.0,2014,658,655,0,0,0,0,0,12.0,17.0,51.0,2014,3.0,1,8,2,301,3011,1,16980,0,2.0,1.0,,7,4,52,,2,40,1,,1,3,5,2,57,57,57,1,0,0,1.0,1.0,,38.0,6.0,28.0,,,6.0,,,4.0,2.0,0.0,1,2.0,,1.0,1200.0,456.0,2.0,2.0,2.0,,,13599.9662,3352.0486,0,0,0.0,0.0,0,0,5442,3,,,1.0,,,,3307.9777,9570.0,5220.0,-1,,,,,1.0,1.0,390170.0,2015,670,655,0,0,0,0,0,12.0,17.0,51.0,2015,MIS4_to_MIS8,indiana,0,2014-2015,1,0,0,0,retention
56018329100311,11,1.0,6,4,2,301,3011,1,1,,18,26900,0,2.0,1.0,,5,2,55,,1,40,1,,1,0,0,5,2,57,57,57,1,0,0,1.0,1.0,,37.0,,37.0,,,,,,2.0,2.0,0.0,1,2.0,,1.0,1000.0,370.0,2.0,2.0,,,,12464.4009,3110.2676,0,0,1.0,1.0,0,42,46844,1,,,2.0,,,,3086.0177,9490.0,5120.0,-1,,,,,,,389764.0,2014,658,655,0,0,0,0,0,13.0,17.0,51.0,2014,1.0,6,8,2,301,3011,1,26900,0,2.0,1.0,,5,2,55,,1,40,1,,0,0,5,2,57,57,57,1,0,0,1.0,1.0,,40.0,6.0,32.0,,,6.0,,,4.0,2.0,0.0,1,2.0,,1.0,2400.0,960.0,2.0,2.0,,,,12983.8841,3139.5345,0,0,1.0,1.0,0,42,35777,1,,,2.0,,,,3159.3941,9490.0,4430.0,-1,,,,,,,390201.0,2015,670,655,0,0,0,0,0,13.0,15.0,51.0,2015,MIS4_to_MIS8,indiana,0,2014-2015,1,0,0,0,retention
130151080085502,11,1.0,1,4,2,301,3012,2,2,,18,26900,81,2.0,1.0,,5,4,23,,1,43,1,,3,1,3,7,2,57,57,57,1,0,0,2.0,1.0,,40.0,,40.0,,,,,,2.0,3.0,0.0,1,2.0,,1.0,1330.0,532.0,2.0,2.0,2.0,,,12065.1997,3014.2753,0,0,0.0,0.0,0,0,10210,3,,,,2.0,,,3115.4193,9470.0,430.0,-1,,,,,1.0,1.0,389804.0,2014,658,655,0,0,0,0,0,16.0,1.0,51.0,2014,1.0,1,8,2,301,3012,2,26900,81,2.0,1.0,,5,4,24,,1,43,1,,1,3,7,2,57,57,57,1,0,0,2.0,1.0,,40.0,,40.0,,,,,,2.0,3.0,0.0,1,2.0,,1.0,2000.0,800.0,2.0,2.0,2.0,,,12871.9709,3263.3328,0,0,1.0,1.0,0,0,35787,3,,,,,,,3274.7932,9470.0,3800.0,-1,,,,,1.0,1.0,390250.0,2015,670,655,0,0,0,0,0,,12.0,51.0,2015,MIS4_to_MIS8,indiana,0,2014-2015,1,0,0,0,retention
281269180004200,11,2.0,1,4,2,301,3011,1,1,,18,26900,63,2.0,1.0,,5,1,36,2.0,1,43,1,,1,1,1,1,2,57,57,57,1,0,0,2.0,1.0,,40.0,4.0,24.0,,,4.0,,,4.0,2.0,0.0,1,2.0,2.0,2.0,,1375.0,2.0,2.0,2.0,,,10761.6551,2657.6481,4,1,0.0,,0,0,37407,1,,,,2.0,,,2672.9082,9570.0,430.0,205,,,,,,,389829.0,2014,658,655,0,0,0,1,0,16.0,1.0,51.0,2014,1.0,1,8,2,301,3011,1,26900,63,2.0,1.0,,5,1,37,2.0,1,43,1,,1,1,1,2,57,57,57,1,0,0,1.0,1.0,,40.0,6.0,34.0,,,6.0,,,4.0,2.0,0.0,1,2.0,,1.0,2900.0,1160.0,2.0,2.0,2.0,,,11324.8427,2832.3222,4,1,0.0,0.0,0,0,23562,1,,,,,,,2816.767,770.0,6200.0,205,,,,,,,390283.0,2015,670,655,0,0,0,1,0,,19.0,4.0,2015,MIS4_to_MIS8,indiana,0,2014-2015,1,0,0,0,retention
30610122486257,11,1.0,1,4,2,301,3011,1,1,,36,35620,85,1.0,1.0,1.0,7,6,78,3.0,1,39,1,,2,2,2,1,2,163,163,163,4,41,3,2.0,1.0,,40.0,,40.0,,,,,,2.0,3.0,0.0,1,2.0,,1.0,2900.0,1160.0,1.0,,,,,11813.5136,3111.2768,0,0,1.0,1.0,0,42,73670,2,1.0,,,,,,2978.8415,7290.0,6440.0,-1,,,,,,,400760.0,2014,658,655,0,0,0,0,0,12.0,19.0,36.0,2014,1.0,1,8,2,301,3011,1,35620,85,1.0,1.0,1.0,7,6,79,3.0,1,39,1,,2,2,1,2,163,163,163,4,21,2,2.0,7.0,,,,,,10.0,,,,1.0,,,2,,,,,,,,,,,12713.1865,3243.1405,0,0,,,0,0,2256,2,1.0,,,,,,3255.1007,,,-1,,,,,,,400872.0,2015,670,655,0,0,0,0,0,12.0,,,2015,MIS4_to_MIS8,new_york,0,2014-2015,0,1,0,0,retention
47076314306491,11,1.0,3,4,2,301,3011,1,1,,36,35620,81,1.0,1.0,1.0,7,1,28,,1,41,1,2.0,1,1,1,7,2,57,57,57,1,0,0,1.0,1.0,,40.0,,40.0,,,,,,2.0,3.0,0.0,1,1.0,2.0,2.0,,1500.0,1.0,,2.0,,,17090.965,4233.5593,0,0,0.0,,0,0,2198,1,,,3.0,,,,4231.8552,9470.0,3800.0,-1,,,,,2.0,,400802.0,2014,658,655,0,0,0,0,0,14.0,12.0,51.0,2014,3.0,3,8,2,301,3011,1,35620,81,1.0,1.0,1.0,7,1,29,,1,39,1,2.0,1,1,7,2,57,57,57,1,0,0,2.0,1.0,,40.0,,40.0,,,,,,2.0,3.0,0.0,1,2.0,2.0,2.0,,300.0,2.0,1.0,2.0,,,15078.1861,3710.4558,0,0,1.0,,0,42,65923,1,1.0,,,,,,3680.682,9470.0,3800.0,-1,,,,,2.0,,400946.0,2015,670,655,0,0,0,0,0,12.0,12.0,51.0,2015,MIS4_to_MIS8,new_york,0,2014-2015,1,0,0,0,retention
63939170906008,11,1.0,6,4,2,301,3011,1,1,,36,35620,47,1.0,1.0,1.0,7,2,59,,1,44,2,,1,0,0,7,2,57,57,57,1,0,0,1.0,1.0,,40.0,,40.0,,,,,,2.0,3.0,0.0,1,2.0,2.0,2.0,,1695.53,1.0,,,,,12300.2322,3734.3316,0,0,0.0,,0,0,6463,1,,,,,,2.0,3725.6451,7870.0,230.0,-1,,,,,,,400827.0,2014,658,655,0,0,0,0,0,18.0,1.0,40.0,2014,1.0,6,8,2,301,3011,1,35620,47,1.0,1.0,1.0,7,2,60,,1,44,2,,0,0,7,2,57,57,57,1,0,0,1.0,1.0,,35.0,,35.0,,,,,,2.0,2.0,0.0,1,2.0,2.0,2.0,,1848.5,1.0,,,,,13251.4888,3840.3836,0,0,0.0,,0,0,15920,1,,,,,,,3835.6624,7870.0,230.0,-1,,,,,,,400971.0,2015,670,655,0,0,0,0,0,,1.0,40.0,2015,MIS4_to_MIS8,new_york,0,2014-2015,1,0,0,0,retention
147443060031967,11,1.0,1,4,2,301,3011,1,1,,36,35620,81,1.0,1.0,1.0,7,1,61,2.0,2,39,1,2.0,1,1,1,1,2,73,73,73,2,0,6,1.0,1.0,,40.0,,40.0,,,,,,2.0,3.0,0.0,1,2.0,2.0,2.0,,400.0,2.0,2.0,,,,12408.8889,3200.1076,0,0,1.0,,0,42,51009,1,2.0,7.0,,,,,3107.8217,8170.0,3600.0,-1,,,,,,,400892.0,2014,658,655,0,0,0,0,0,11.0,11.0,42.0,2014,1.0,1,8,2,301,3011,1,35620,81,1.0,1.0,1.0,7,1,61,2.0,2,39,1,2.0,1,1,1,2,73,73,73,2,0,6,1.0,2.0,4.0,40.0,,,,,,,,5.0,4.0,0.0,1,2.0,,1.0,1000.0,400.0,2.0,2.0,,,,15050.5742,3558.4336,0,0,1.0,1.0,0,42,41622,1,2.0,7.0,,,,,3510.817,8170.0,3600.0,-1,,,,,,,401048.0,2015,670,655,0,0,0,0,0,11.0,11.0,42.0,2015,MIS4_to_MIS8,new_york,0,2014-2015,0,1,0,1,retention
168066421301271,11,1.0,7,4,2,301,3011,1,1,,36,35620,61,1.0,1.0,1.0,7,2,53,,2,43,2,,1,0,0,7,2,57,57,57,1,0,0,1.0,1.0,,37.0,6.0,30.0,,,6.0,,,4.0,3.0,0.0,1,2.0,2.0,2.0,,692.0,1.0,,2.0,,,14898.1597,3505.9906,0,0,1.0,,0,0,2117,1,,,,1.0,1.0,,3507.7232,7860.0,2540.0,-1,,,,,,,400921.0,2014,658,655,0,0,0,0,0,18.0,8.0,40.0,2014,1.0,7,8,2,301,3011,1,35620,61,1.0,1.0,1.0,7,2,54,,2,43,2,,0,0,7,2,57,57,57,1,0,0,1.0,1.0,,37.0,,37.0,,,,,,2.0,3.0,0.0,1,2.0,2.0,2.0,,1442.0,1.0,,2.0,,,11606.9849,2952.6035,0,0,1.0,,0,0,16047,1,,,,,,,2967.8635,7860.0,2540.0,-1,,,,,,,401094.0,2015,670,655,0,0,0,0,0,,8.0,40.0,2015,MIS4_to_MIS8,new_york,0,2014-2015,1,0,0,0,retention
207308621610524,11,1.0,4,4,2,301,3011,1,1,,36,35620,85,1.0,1.0,1.0,7,1,48,,2,40,1,2.0,1,1,1,5,2,73,73,73,2,0,4,1.0,1.0,,40.0,,43.0,,,,,,2.0,3.0,0.0,1,2.0,2.0,2.0,,2884.61,2.0,2.0,2.0,,,15999.6613,3932.7904,0,0,0.0,,0,0,32223,1,,,3.0,,,,3915.501,9470.0,3710.0,-1,,,,,,,400942.0,2014,658,655,0,0,0,0,0,14.0,12.0,51.0,2014,2.0,4,8,2,301,3011,1,35620,85,1.0,1.0,1.0,7,1,48,,2,40,1,2.0,1,1,5,2,73,73,73,2,0,13,2.0,1.0,,40.0,,40.0,,,,,,2.0,3.0,0.0,1,2.0,2.0,2.0,,769.0,2.0,2.0,2.0,,,15883.2294,3854.8704,0,0,1.0,,0,0,55780,1,,,3.0,,,,3863.3455,9470.0,3850.0,-1,,,,,,,401123.0,2015,670,655,0,0,0,0,0,14.0,12.0,51.0,2015,MIS4_to_MIS8,new_york,0,2014-2015,1,0,0,0,retention
207308621610524,11,1.0,4,4,2,301,3011,1,1,,36,35620,85,1.0,1.0,1.0,7,4,22,,1,40,1,2.0,2,1,3,7,2,57,57,57,1,0,0,2.0,1.0,,-4.0,,24.0,,,22.0,,,7.0,2.0,0.0,1,2.0,2.0,2.0,,666.66,2.0,2.0,2.0,,,16749.0317,4428.9561,0,0,0.0,,0,0,32223,2,,,4.0,,,,4324.8565,9590.0,3945.0,-1,1.0,,,,1.0,,400943.0,2014,658,655,0,0,0,0,0,15.0,12.0,51.0,2014,2.0,4,8,2,301,3011,1,35620,85,1.0,1.0,1.0,7,4,23,,1,40,1,2.0,1,3,7,2,57,57,57,1,0,0,1.0,1.0,,40.0,,40.0,,,,,,2.0,1.0,0.0,1,2.0,2.0,2.0,,400.0,2.0,2.0,2.0,,,14565.8784,3795.0881,0,0,1.0,,0,0,55780,2,,,3.0,,,,3705.7448,9590.0,3945.0,-1,1.0,,,,1.0,,401124.0,2015,670,655,0,0,0,0,0,14.0,12.0,51.0,2015,MIS4_to_MIS8,new_york,0,2014-2015,0,1,1,0,retention
406012001130307,11,3.0,1,4,2,301,3011,1,1,,36,35620,5,1.0,1.0,1.0,7,1,56,2.0,1,39,2,,1,1,1,1,2,333,333,333,4,0,8,2.0,1.0,,80.0,,80.0,,,,,,2.0,2.0,0.0,1,1.0,,1.0,1425.0,1228.0,1.0,,,,,12300.2322,3734.3316,3,1,1.0,1.0,0,0,63811,1,1.0,,,,,,3725.6451,770.0,9130.0,-1,,,,,,,401084.0,2014,658,655,0,0,1,0,0,12.0,22.0,4.0,2014,1.0,1,8,2,301,3011,1,35620,5,1.0,1.0,1.0,7,1,57,2.0,1,32,2,,1,1,1,2,333,333,333,4,0,8,1.0,1.0,,40.0,,40.0,,,,,,2.0,4.0,0.0,1,1.0,2.0,2.0,,520.0,2.0,2.0,,,,20762.18,3840.3836,3,1,1.0,,0,0,59159,1,,,,,,,3835.6624,6190.0,9140.0,-1,,,,,,,401278.0,2015,670,655,0,0,1,0,0,2.5,22.0,23.0,2015,MIS4_to_MIS8,new_york,0,2014-2015,0,1,0,1,retention
621450067381103,11,1.0,7,4,2,301,3011,1,1,,36,35620,47,1.0,1.0,1.0,7,2,63,,2,40,2,,1,0,0,7,2,57,57,57,1,0,0,1.0,2.0,5.0,40.0,,,,,,,,5.0,2.0,0.0,1,2.0,2.0,2.0,,826.0,2.0,2.0,,,,15014.1489,3986.5095,0,0,1.0,,0,42,16561,1,,,3.0,,,,3988.4796,6990.0,5860.0,-1,,,,,,,401203.0,2014,658,655,0,0,0,0,0,14.0,17.0,33.0,2014,1.0,7,8,2,301,3011,1,35620,47,1.0,1.0,1.0,7,2,64,,2,40,2,,0,0,7,2,57,57,57,1,0,0,1.0,5.0,,,,,,,,,,1.0,4.0,0.0,2,,,,,,,,,,,12267.1602,3181.5987,0,0,,,0,0,15923,1,,,3.0,,,,3177.8224,5090.0,4720.0,-1,,,,,,,401370.0,2015,670,655,0,0,0,0,0,14.0,16.0,22.0,2015,MIS4_to_MIS8,new_york,0,2014-2015,0,1,0,1,retention
631265014030871,11,1.0,7,4,2,301,3011,1,1,,36,35620,47,1.0,1.0,1.0,7,2,63,,2,40,2,,1,0,0,7,2,57,57,57,1,0,0,1.0,1.0,,40.0,,40.0,,,,,,2.0,2.0,0.0,1,2.0,2.0,2.0,,826.0,2.0,2.0,,,,15014.1489,3986.5095,0,0,1.0,,0,0,63856,1,,,3.0,,,,3988.4796,6990.0,5860.0,-1,,,,,,,401210.0,2014,658,655,0,0,0,0,0,14.0,17.0,33.0,2014,1.0,7,8,2,301,3011,1,35620,47,1.0,1.0,1.0,7,2,65,,2,40,2,,0,0,7,2,57,57,57,1,0,0,1.0,1.0,,40.0,,40.0,,,,,,2.0,4.0,0.0,1,2.0,,1.0,2500.0,1000.0,2.0,2.0,,,,11825.6579,2914.4571,0,0,1.0,1.0,0,42,2028,1,,,3.0,,,,2929.52,7870.0,5700.0,-1,,,,,,,401381.0,2015,670,655,0,0,0,0,0,14.0,17.0,40.0,2015,MIS4_to_MIS8,new_york,0,2014-2015,0,1,0,1,retention
30610184872918,11,1.0,4,4,2,301,3011,1,1,,36,45060,67,2.0,1.0,,4,4,53,,1,41,1,,2,1,3,7,2,57,57,57,1,0,0,2.0,1.0,,40.0,,60.0,,,,,,2.0,2.0,0.0,1,1.0,1.0,1.0,2110.0,2692.0,2.0,2.0,2.0,,,12163.452,2989.5909,0,0,1.0,1.0,0,0,21526,2,,,2.0,,,,2996.4637,7860.0,7340.0,-1,,,,,1.0,,401481.0,2014,658,655,0,0,0,0,0,13.0,20.0,40.0,2014,2.0,4,8,2,301,3011,1,45060,67,2.0,1.0,,4,4,53,,1,41,1,,1,3,7,2,57,57,57,1,0,0,1.0,1.0,,40.0,6.0,32.0,,,6.0,,,4.0,2.0,0.0,1,2.0,,1.0,3430.0,1372.0,1.0,,2.0,,,13754.6203,3423.0898,0,0,0.0,0.0,0,0,2181,2,,,3.0,,,,3398.26,7860.0,7210.0,-1,,,,,1.0,,401578.0,2015,670,655,0,0,0,0,0,14.0,20.0,40.0,2015,MIS4_to_MIS8,new_york,0,2014-2015,1,0,0,0,retention
30610354516459,11,1.0,1,4,2,301,3011,1,1,,36,35620,103,2.0,1.0,,7,1,40,2.0,1,44,1,,1,1,1,1,2,57,57,102,1,0,0,1.0,1.0,,40.0,6.0,32.0,,,6.0,,,4.0,3.0,0.0,1,1.0,2.0,2.0,,1800.0,1.0,,2.0,,,15136.9946,3773.9572,3,3,1.0,,0,0,51049,1,,,,,,2.0,3759.6259,7860.0,2310.0,-1,,,,,,,401490.0,2014,658,655,0,0,1,0,0,18.0,8.0,40.0,2014,1.0,1,8,2,301,3011,1,35620,103,2.0,1.0,,7,1,40,2.0,1,44,1,,1,1,1,2,57,57,102,1,0,0,1.0,1.0,,40.0,6.0,32.0,,,6.0,,,4.0,3.0,0.0,1,2.0,2.0,2.0,,2211.53,1.0,,2.0,,,12543.6454,3080.6499,3,3,0.0,,0,0,16254,1,,,,,,,3119.9132,7860.0,2310.0,-1,,,,,,,401591.0,2015,670,655,0,0,1,0,0,,8.0,40.0,2015,MIS4_to_MIS8,new_york,0,2014-2015,1,0,0,0,retention
30610354516459,11,1.0,1,4,2,301,3011,1,1,,36,35620,103,2.0,1.0,,7,3,41,1.0,2,44,1,,2,1,2,1,2,57,57,57,1,0,0,2.0,1.0,,40.0,6.0,32.0,,,6.0,,,4.0,3.0,0.0,1,2.0,2.0,2.0,,1346.0,1.0,,2.0,,,12626.7687,3284.2735,3,3,1.0,,0,0,51049,2,,,,,,2.0,3278.1161,7860.0,2310.0,-1,,,,,,,401491.0,2014,658,655,0,0,1,0,0,18.0,8.0,40.0,2014,1.0,1,8,2,301,3011,1,35620,103,2.0,1.0,,7,3,42,1.0,2,44,1,,1,2,1,2,57,57,57,1,0,0,2.0,1.0,,40.0,6.0,32.0,,,6.0,,,4.0,3.0,0.0,1,2.0,2.0,2.0,,2269.23,1.0,,2.0,,,13473.0611,3279.3142,3,3,0.0,,0,0,16254,2,,,,,,,3300.0677,7860.0,2310.0,-1,,,,,,,401592.0,2015,670,655,0,0,1,0,0,,8.0,40.0,2015,MIS4_to_MIS8,new_york,0,2014-2015,1,0,0,0,retention
147033060014754,11,1.0,1,4,2,301,3011,1,1,,36,35620,103,2.0,1.0,,7,3,63,1.0,2,40,1,,2,1,2,1,2,57,57,57,1,0,0,2.0,1.0,,30.0,,46.0,,,,,,2.0,3.0,0.0,1,2.0,2.0,2.0,,349.0,1.0,,,,,12470.362,3202.1444,0,0,1.0,,0,0,16901,2,,,2.0,,,,3123.2178,7860.0,2540.0,4720,,,,,,,401608.0,2014,658,655,0,0,0,0,0,13.0,8.0,40.0,2014,1.0,1,8,2,301,3011,1,35620,103,2.0,1.0,,7,3,65,1.0,2,43,1,,1,2,1,2,57,57,57,1,0,0,2.0,1.0,,30.0,,46.0,,,,,,2.0,3.0,0.0,1,2.0,2.0,2.0,,450.0,2.0,2.0,,,,14101.0698,3364.9347,0,0,0.0,,0,0,2289,2,,,,,,,3237.8678,7860.0,2540.0,4720,,,,,,,401763.0,2015,670,655,0,0,0,0,0,,8.0,40.0,2015,MIS4_to_MIS8,new_york,0,2014-2015,1,0,0,0,retention
147533060080201,11,1.0,1,4,2,301,3011,1,1,,36,10580,0,2.0,1.0,,4,3,44,1.0,1,44,1,,2,1,2,1,2,57,57,57,1,0,0,2.0,1.0,,38.0,6.0,31.0,,,6.0,,,4.0,2.0,0.0,1,2.0,2.0,2.0,,1230.76,1.0,,2.0,,,14584.1736,3636.1278,3,1,0.0,,0,0,16366,2,,,,,,3.0,3622.3199,9480.0,1760.0,-1,,,,,,,401611.0,2014,658,655,0,0,1,0,0,18.0,5.0,51.0,2014,1.0,1,8,2,301,3011,1,10580,0,2.0,1.0,,4,3,46,1.0,1,44,1,,1,2,1,2,57,57,57,1,0,0,2.0,1.0,,38.0,6.0,30.0,,,6.0,,,4.0,2.0,0.0,1,2.0,2.0,2.0,,1730.76,1.0,,2.0,,,14330.0648,3494.2882,4,1,0.0,,0,0,49719,2,,,,,,,3540.4311,9480.0,1650.0,-1,,,,,,,401765.0,2015,670,655,0,0,0,1,0,,5.0,51.0,2015,MIS4_to_MIS8,new_york,0,2014-2015,1,0,0,0,retention
148893060087800,11,1.0,4,4,2,301,3011,1,1,,36,45060,0,2.0,1.0,,4,1,58,,2,40,1,,1,1,1,4,2,57,57,57,1,0,0,1.0,1.0,,37.0,6.0,34.0,,,6.0,,,4.0,2.0,0.0,1,2.0,2.0,2.0,,826.92,1.0,,,,,12440.9804,2983.4203,0,0,0.0,,0,0,16770,1,,,2.0,,,,3025.9122,7870.0,5120.0,-1,,,,,,,401615.0,2014,658,655,0,0,0,0,0,13.0,17.0,40.0,2014,1.0,7,8,2,301,3011,1,45060,0,2.0,1.0,,4,2,59,,2,40,1,,0,0,5,2,57,57,57,1,0,0,1.0,1.0,,38.0,5.0,30.0,,,5.0,,,4.0,2.0,0.0,1,2.0,2.0,2.0,,826.92,1.0,,,,,13542.0696,3409.6993,0,0,0.0,,0,0,6267,1,,,2.0,,,,3426.7125,7860.0,5120.0,-1,,,,,,,401769.0,2015,670,655,0,0,0,0,0,13.0,17.0,40.0,2015,MIS4_to_MIS8,new_york,0,2014-2015,1,0,0,0,retention
180623060081209,11,1.0,6,4,2,301,3011,1,1,,36,10580,0,2.0,1.0,,4,2,33,,1,40,1,,1,0,0,7,2,57,57,57,1,0,0,1.0,1.0,,48.0,,36.0,,,,,,2.0,3.0,0.0,1,1.0,2.0,2.0,,1346.15,1.0,,2.0,,,14597.5281,3631.7121,0,0,0.0,,0,0,43079,1,,,4.0,,,,3614.4609,9470.0,3740.0,3400,,,,,,,401643.0,2014,658,655,0,0,0,0,0,15.0,12.0,51.0,2014,1.0,6,8,2,301,3011,1,10580,0,2.0,1.0,,4,2,33,,1,40,1,,0,0,7,2,57,57,57,1,0,0,1.0,1.0,,48.0,,72.0,,,,,,2.0,3.0,0.0,1,2.0,2.0,2.0,,1538.46,1.0,,2.0,,,12808.9169,3093.143,0,0,0.0,,0,0,41657,1,,,4.0,,,,3126.7388,9470.0,3740.0,3400,,,,,,,401814.0,2015,670,655,0,0,0,0,0,15.0,12.0,51.0,2015,MIS4_to_MIS8,new_york,0,2014-2015,1,0,0,0,retention
192823060004645,11,4.0,1,4,2,301,3011,1,1,,36,35620,119,2.0,1.0,,7,3,54,1.0,2,43,1,,4,1,2,1,2,57,57,555,1,0,0,1.0,1.0,,40.0,4.0,32.0,,,4.0,,,4.0,3.0,0.0,1,2.0,2.0,2.0,,2000.0,1.0,,2.0,,,12590.6347,3092.7217,0,0,1.0,,0,0,43136,4,,,,2.0,,,3081.2304,7860.0,2310.0,-1,,,,,,,401652.0,2014,658,655,0,0,0,0,0,16.0,8.0,40.0,2014,4.0,1,8,2,301,3011,1,35620,119,2.0,1.0,,7,3,55,1.0,2,44,1,,1,2,1,2,57,57,555,1,0,0,1.0,1.0,,50.0,,40.0,,,,,,2.0,3.0,0.0,1,1.0,2.0,2.0,,1692.0,1.0,,,,,14022.5301,3530.6724,0,0,1.0,,0,42,16308,4,,,,,,,3548.2892,7860.0,2310.0,-1,,,,,,,401826.0,2015,670,655,0,0,0,0,0,,8.0,40.0,2015,MIS4_to_MIS8,new_york,0,2014-2015,1,0,0,0,retention
195943060031803,11,2.0,1,4,2,301,3011,1,1,,36,45060,0,2.0,1.0,,4,1,45,2.0,1,43,1,,1,1,1,1,2,57,57,57,1,0,0,2.0,1.0,,38.0,,38.0,,,,,,2.0,3.0,0.0,1,2.0,2.0,2.0,,1538.46,2.0,2.0,2.0,,,13454.4747,3267.6377,0,0,0.0,,0,0,50911,1,,,,2.0,,,3314.5068,9470.0,20.0,-1,,,,,,,401654.0,2014,658,655,0,0,0,0,0,16.0,1.0,51.0,2014,2.0,1,8,2,301,3011,1,45060,0,2.0,1.0,,4,1,46,2.0,1,43,1,,1,1,1,2,57,57,57,1,0,0,2.0,1.0,,-4.0,,40.0,,,,,,2.0,3.0,0.0,1,2.0,2.0,2.0,,1692.3,2.0,2.0,2.0,,,14330.0648,3494.2882,0,0,0.0,,0,0,49786,1,,,,,,,3540.4311,770.0,220.0,-1,,,,,,,401831.0,2015,670,655,0,0,0,0,0,,1.0,4.0,2015,MIS4_to_MIS8,new_york,0,2014-2015,1,0,0,0,retention
281867007730470,11,1.0,1,4,2,301,3011,1,1,,36,35620,87,2.0,1.0,,7,1,64,2.0,2,43,4,,1,1,1,1,2,210,210,210,4,0,7,1.0,1.0,,35.0,6.0,28.0,,,6.0,,,4.0,3.0,0.0,1,2.0,2.0,2.0,,600.0,1.0,,,,,17770.693,4454.6607,0,0,0.0,,0,0,16845,1,,,,1.0,2.0,,4450.6923,9480.0,5860.0,-1,,,,,,,401694.0,2014,658,655,0,0,0,0,0,17.0,17.0,51.0,2014,2.0,1,8,2,301,3011,1,35620,87,2.0,1.0,,7,1,65,2.0,2,44,4,,1,1,1,2,210,210,210,4,0,7,2.0,1.0,,35.0,,35.0,,,,,,2.0,3.0,0.0,1,2.0,1.0,1.0,2050.0,1923.07,1.0,,,,,14597.9616,3352.5385,0,0,0.0,1.0,0,0,20698,1,,,,,,,3351.9634,9480.0,800.0,-1,,,,,,,401883.0,2015,670,655,0,0,0,0,0,,2.0,51.0,2015,MIS4_to_MIS8,new_york,0,2014-2015,1,0,0,0,retention
301190910010606,11,2.0,1,4,2,301,3011,1,1,,36,35620,59,2.0,1.0,,7,1,60,2.0,2,44,1,,1,1,1,1,2,57,57,57,1,0,0,2.0,1.0,,40.0,,40.0,,,,,,2.0,3.0,0.0,1,2.0,2.0,2.0,,1250.0,1.0,,,,,12602.6107,3236.1032,0,0,1.0,,0,42,32062,1,,,,,,2.0,3156.3396,7860.0,2310.0,-1,,,,,,,401710.0,2014,658,655,0,0,0,0,0,18.0,8.0,40.0,2014,1.0,1,8,2,301,3011,1,35620,59,2.0,1.0,,7,1,61,2.0,2,44,1,,1,1,1,2,57,57,57,1,0,0,1.0,5.0,,,,,,,,,,1.0,,,2,,,,,,,,,,,12271.4917,3078.3159,0,0,,,0,0,30301,1,,,,,,,3127.9164,,,-1,,,,,,,401901.0,2015,670,655,0,0,0,0,0,,,,2015,MIS4_to_MIS8,new_york,0,2014-2015,0,1,0,0,retention
509301643610545,11,1.0,1,4,2,301,3011,1,1,,36,35620,103,2.0,1.0,,7,1,44,2.0,1,44,1,,1,1,1,1,2,57,57,57,1,0,0,1.0,1.0,,40.0,,40.0,,,,,,2.0,3.0,0.0,1,2.0,2.0,2.0,,2115.38,1.0,,2.0,,,15136.9946,3773.9572,1,1,0.0,,0,0,21535,1,,,,,,2.0,3759.6259,7860.0,2320.0,-1,,,,,,,401777.0,2014,658,655,1,0,0,0,1,18.0,8.0,40.0,2014,1.0,1,8,2,301,3011,1,35620,103,2.0,1.0,,7,1,45,2.0,1,44,1,,1,1,1,2,57,57,57,1,0,0,1.0,1.0,,40.0,,40.0,,,,,,2.0,3.0,0.0,1,2.0,2.0,2.0,,2211.0,1.0,,2.0,,,14838.4826,3618.2624,1,1,1.0,,0,0,30503,1,,,,,,,3666.0424,7860.0,2310.0,-1,,,,,,,401992.0,2015,670,655,1,0,0,0,1,,8.0,40.0,2015,MIS4_to_MIS8,new_york,0,2014-2015,1,0,0,0,retention
509301643610545,11,1.0,1,4,2,301,3011,1,1,,36,35620,103,2.0,1.0,,7,3,38,1.0,2,44,1,,2,1,2,1,2,57,57,57,1,0,0,2.0,1.0,,40.0,,40.0,,,,,,2.0,3.0,0.0,1,2.0,2.0,2.0,,2000.0,1.0,,2.0,,,13195.0793,3360.7028,1,1,0.0,,0,0,21535,2,,,,,,2.0,3425.6588,7860.0,2320.0,-1,,,,,,,401778.0,2014,658,655,1,0,0,0,1,18.0,8.0,40.0,2014,1.0,1,8,2,301,3011,1,35620,103,2.0,1.0,,7,3,39,1.0,2,44,1,,1,2,1,2,57,57,57,1,0,0,2.0,1.0,,40.0,,40.0,,,,,,2.0,3.0,0.0,1,2.0,1.0,1.0,1900.0,2269.0,1.0,,2.0,,,13324.2138,3224.2963,1,1,1.0,1.0,0,0,30503,2,,,,,,,3263.6093,7860.0,2310.0,-1,,,,,,,401993.0,2015,670,655,1,0,0,0,1,,8.0,40.0,2015,MIS4_to_MIS8,new_york,0,2014-2015,1,0,0,0,retention
521369000930210,11,2.0,1,4,2,301,3011,1,1,,36,40380,0,2.0,1.0,,5,3,35,1.0,1,43,1,,2,1,2,1,2,57,57,57,1,0,0,1.0,1.0,,40.0,6.0,32.0,,,6.0,,,4.0,2.0,0.0,1,2.0,2.0,2.0,,669.23,1.0,,2.0,,,14147.5492,3470.5751,8,2,0.0,,0,0,2048,2,,,,2.0,,,3513.8741,7860.0,2310.0,-1,,,,,,,401785.0,2014,658,655,0,1,1,0,1,16.0,8.0,40.0,2014,1.0,1,8,2,301,3011,1,40380,0,2.0,1.0,,5,3,36,1.0,1,44,1,,1,2,1,2,57,57,57,1,0,0,2.0,1.0,,40.0,,40.0,,,,,,2.0,2.0,0.0,1,2.0,2.0,2.0,,576.92,1.0,,2.0,,,10967.1656,2716.2012,8,2,0.0,,0,0,65860,2,,,,,,,2727.8039,7860.0,2310.0,-1,,,,,,,402006.0,2015,670,655,0,1,1,0,1,,8.0,40.0,2015,MIS4_to_MIS8,new_york,0,2014-2015,1,0,0,0,retention
631465002330052,11,1.0,7,4,2,301,3011,1,1,,36,35620,59,2.0,1.0,,7,2,55,,2,45,1,,1,0,0,7,2,57,57,57,1,0,0,1.0,1.0,,55.0,,45.0,,,,,,2.0,3.0,0.0,1,2.0,2.0,2.0,,1307.0,2.0,2.0,,,,12912.5624,3096.5084,0,0,1.0,,0,42,16603,1,,,,,,,3140.611,9470.0,2100.0,-1,,,,,,,401824.0,2014,658,655,0,0,0,0,0,18.0,7.0,51.0,2014,1.0,7,8,2,301,3011,1,35620,59,2.0,1.0,,7,2,56,,2,45,1,,0,0,5,2,57,57,57,1,0,0,1.0,1.0,,60.0,,50.0,,,,,,2.0,3.0,0.0,1,2.0,2.0,2.0,,1307.0,2.0,2.0,,,,14022.5301,3530.6724,0,0,1.0,,0,42,49809,1,,,,,,,3548.2892,9470.0,2100.0,-1,,,,,,,402046.0,2015,670,655,0,0,0,0,0,18.0,7.0,51.0,2015,MIS4_to_MIS8,new_york,0,2014-2015,1,0,0,0,retention
691820171071003,11,1.0,1,4,2,301,3011,1,1,,36,35620,103,2.0,1.0,,7,1,35,2.0,1,44,1,,1,1,1,1,2,57,57,57,1,0,0,1.0,1.0,,40.0,,40.0,,,,,,2.0,3.0,0.0,1,2.0,2.0,2.0,,1480.76,1.0,,2.0,,,14683.8197,3602.1291,1,1,0.0,,0,0,16892,1,,,,,,2.0,3647.0694,7860.0,2310.0,-1,,,,,,,401862.0,2014,658,655,1,0,0,0,1,18.0,8.0,40.0,2014,1.0,1,8,2,301,3011,1,35620,103,2.0,1.0,,7,1,36,2.0,1,44,1,,1,1,1,2,57,57,57,1,0,0,1.0,1.0,,37.0,6.0,28.0,,,6.0,,,4.0,3.0,0.0,1,2.0,2.0,2.0,,1884.61,1.0,,2.0,,,11893.9593,2945.7371,1,1,0.0,,0,0,16245,1,,,,,,,2958.3203,7860.0,2310.0,-1,,,,,,,402096.0,2015,670,655,1,0,0,0,1,,8.0,40.0,2015,MIS4_to_MIS8,new_york,0,2014-2015,1,0,0,0,retention
826190801600302,11,1.0,1,4,2,301,3011,1,1,,36,10580,0,2.0,1.0,,4,3,54,1.0,2,43,1,,2,1,2,1,2,57,57,57,1,0,0,2.0,1.0,,50.0,,55.0,,,,,,2.0,2.0,0.0,1,2.0,2.0,2.0,,1923.07,1.0,,2.0,,,12130.8098,2979.7718,0,0,0.0,,0,0,32244,2,,,,2.0,,,2968.7002,9480.0,2025.0,-1,,,,,,,401939.0,2014,658,655,0,0,0,0,0,16.0,6.0,51.0,2014,2.0,1,8,2,301,3011,1,10580,0,2.0,1.0,,4,3,55,1.0,2,43,1,,1,2,1,2,57,57,57,1,0,0,1.0,1.0,,50.0,6.0,34.0,,,6.0,,,4.0,2.0,0.0,1,2.0,2.0,2.0,,1923.07,1.0,,,,,13542.0696,3409.6993,0,0,0.0,,0,0,41658,2,,,,,,,3426.7125,9480.0,2010.0,-1,,,,,,,402154.0,2015,670,655,0,0,0,0,0,,6.0,51.0,2015,MIS4_to_MIS8,new_york,0,2014-2015,1,0,0,0,retention
826470701780307,11,1.0,1,4,2,301,3011,1,1,,36,35620,87,2.0,1.0,,7,3,57,1.0,2,39,1,,2,1,2,1,2,57,57,57,1,0,0,2.0,1.0,,40.0,6.0,32.0,,,6.0,,,4.0,3.0,0.0,1,2.0,2.0,2.0,,961.53,1.0,,,,,12912.5624,3096.5084,0,0,0.0,,0,0,16846,2,1.0,,,,,,3140.611,7860.0,5700.0,-1,,,,,,,401941.0,2014,658,655,0,0,0,0,0,12.0,17.0,40.0,2014,1.0,1,8,2,301,3011,1,35620,87,2.0,1.0,,7,3,58,1.0,2,39,1,,1,2,1,2,57,57,57,1,0,0,2.0,1.0,,40.0,4.0,32.0,,,4.0,,,4.0,3.0,0.0,1,2.0,2.0,2.0,,1000.0,1.0,,,,,14022.5301,3530.6724,0,0,0.0,,0,0,20699,2,1.0,,,,,,3548.2892,7860.0,5700.0,-1,,,,,,,402157.0,2015,670,655,0,0,0,0,0,12.0,17.0,40.0,2015,MIS4_to_MIS8,new_york,0,2014-2015,1,0,0,0,retention
881363001530894,11,1.0,1,4,2,301,3011,1,1,,36,35620,103,2.0,1.0,,7,3,40,1.0,1,43,1,,2,1,2,1,2,57,57,57,1,0,0,2.0,1.0,,40.0,,40.0,,,,,,2.0,2.0,0.0,1,1.0,1.0,1.0,2700.0,1100.0,1.0,,1.0,2.0,2.0,15136.9946,3773.9572,4,1,0.0,0.0,0,0,32273,2,,,,1.0,1.0,,3759.6259,9480.0,3255.0,-1,2.0,,,,,,401952.0,2014,658,655,0,0,0,1,0,18.0,10.0,51.0,2014,2.0,1,8,2,301,3011,1,35620,103,2.0,1.0,,7,3,41,1.0,1,43,1,,1,2,1,2,57,57,57,1,0,0,1.0,1.0,,40.0,,40.0,,,,,,2.0,2.0,0.0,1,2.0,1.0,1.0,3125.0,2211.0,2.0,2.0,2.0,,,12543.6454,3080.6499,4,1,1.0,1.0,0,0,41668,2,,,,,,,3119.9132,8190.0,3255.0,-1,2.0,,,,,,402177.0,2015,670,655,0,0,0,1,0,,10.0,41.0,2015,MIS4_to_MIS8,new_york,0,2014-2015,1,0,0,0,retention
900309011610610,11,1.0,1,4,2,301,3011,1,1,,36,35620,59,2.0,1.0,,7,3,58,1.0,2,44,1,,2,1,2,1,2,57,57,57,1,0,0,2.0,1.0,,40.0,5.0,16.0,,,5.0,,,4.0,3.0,0.0,1,2.0,2.0,2.0,,1250.0,1.0,,,,,12912.5624,3096.5084,0,0,0.0,,0,0,21518,2,,,,,,2.0,3140.611,7860.0,2320.0,-1,,,,,,,401966.0,2014,658,655,0,0,0,0,0,18.0,8.0,40.0,2014,2.0,1,8,2,301,3011,1,35620,59,2.0,1.0,,7,3,59,1.0,2,44,1,,1,2,1,2,57,57,57,1,0,0,1.0,1.0,,40.0,6.0,32.0,,,6.0,,,4.0,3.0,0.0,1,2.0,2.0,2.0,,2076.92,1.0,,,,,14022.5301,3530.6724,0,0,0.0,,0,0,33540,2,,,,,,,3548.2892,7860.0,3230.0,-1,,,,,,,402190.0,2015,670,655,0,0,0,0,0,,10.0,40.0,2015,MIS4_to_MIS8,new_york,0,2014-2015,1,0,0,0,retention
901260000430823,11,2.0,3,4,2,301,3011,1,1,,36,35620,119,2.0,1.0,,7,1,41,,1,39,1,,1,1,1,7,2,57,57,57,1,0,0,2.0,1.0,,45.0,,45.0,,,,,,2.0,3.0,0.0,1,2.0,2.0,2.0,,1125.0,1.0,,2.0,,,15136.9946,3773.9572,0,0,1.0,,42,42,67309,1,1.0,,,,,,3759.6259,9470.0,3740.0,-1,,,,,,,401968.0,2014,658,655,0,0,0,0,0,12.0,12.0,51.0,2014,5.0,3,8,2,301,3011,1,35620,119,2.0,1.0,,7,1,42,,1,39,1,6.0,1,1,7,2,57,57,57,1,0,0,2.0,1.0,,40.0,,40.0,,,,,,2.0,2.0,0.0,1,1.0,,1.0,1500.0,644.0,2.0,2.0,2.0,,,14943.7109,3671.2786,0,0,1.0,1.0,42,42,16302,1,1.0,,,,,,3716.8686,9470.0,3800.0,-1,,,,,,,402193.0,2015,670,655,0,0,0,0,0,12.0,12.0,51.0,2015,MIS4_to_MIS8,new_york,0,2014-2015,1,0,0,0,retention
910005163534546,11,2.0,1,4,2,301,3011,1,1,,36,35620,103,2.0,1.0,,7,3,35,1.0,2,44,1,,2,1,2,1,2,57,57,57,1,0,0,1.0,1.0,,40.0,,40.0,,,,,,2.0,3.0,0.0,1,2.0,2.0,2.0,,1346.15,1.0,,2.0,,,13195.0793,3360.7028,3,3,0.0,,0,0,43100,2,,,,,,2.0,3425.6588,7860.0,2310.0,-1,,,,,,,401980.0,2014,658,655,0,0,1,0,0,18.0,8.0,40.0,2014,2.0,1,8,2,301,3011,1,35620,103,2.0,1.0,,7,3,36,1.0,2,44,1,,1,2,1,2,57,57,57,1,0,0,1.0,1.0,,40.0,,40.0,,,,,,2.0,3.0,0.0,1,2.0,1.0,1.0,1900.0,788.0,1.0,,2.0,,,13324.2138,3224.2963,3,3,1.0,1.0,0,0,30502,2,,,,,,,3263.6093,7860.0,2310.0,-1,,,,,,,402200.0,2015,670,655,0,0,1,0,0,,8.0,40.0,2015,MIS4_to_MIS8,new_york,0,2014-2015,1,0,0,0,retention
826140401290304,11,1.0,1,4,2,301,3011,1,1,,36,0,0,3.0,2.0,,0,3,52,1.0,1,39,1,,2,1,2,1,2,57,57,57,1,0,0,2.0,1.0,,40.0,,52.0,,,,,,2.0,3.0,0.0,1,2.0,,1.0,2000.0,800.0,2.0,2.0,2.0,,,12616.0219,3100.8256,0,0,0.0,0.0,0,0,67277,2,1.0,,,,,,3107.9541,770.0,6230.0,205,,,,,,,402143.0,2014,658,655,0,0,0,0,0,12.0,19.0,4.0,2014,1.0,1,8,2,301,3011,1,0,0,3.0,2.0,,0,3,53,1.0,1,39,1,,1,2,1,2,57,57,57,1,0,0,2.0,1.0,,40.0,,52.0,,,,,,2.0,3.0,0.0,1,2.0,2.0,2.0,,700.0,2.0,2.0,2.0,,,13303.2681,3310.7625,0,0,1.0,,0,42,16239,2,1.0,,,,,,3286.7475,770.0,6320.0,205,,,,,,,402306.0,2015,670,655,0,0,0,0,0,12.0,19.0,4.0,2015,MIS4_to_MIS8,new_york,0,2014-2015,1,0,0,0,retention
763229180007603,11,1.0,1,4,2,301,3011,1,1,,36,13780,0,,1.0,,3,1,65,2.0,2,43,1,,1,1,1,1,2,57,57,57,1,0,0,1.0,1.0,,21.0,,21.0,,,22.0,,,7.0,3.0,0.0,1,2.0,,1.0,1365.0,286.65,2.0,2.0,,,,11480.3377,2716.7211,0,0,0.0,0.0,0,0,16907,1,,,,2.0,,,2593.7549,6770.0,5320.0,-1,,,,,,,402239.0,2014,658,655,0,0,0,0,0,16.0,17.0,31.0,2014,1.0,1,8,2,301,3011,1,13780,0,,1.0,,3,1,66,2.0,2,43,1,,1,1,1,2,57,57,57,1,0,0,1.0,1.0,,23.0,,23.0,,,23.0,,,7.0,3.0,0.0,1,2.0,,1.0,2200.0,506.0,2.0,2.0,,,,13379.117,3192.6553,0,0,0.0,0.0,0,0,6289,1,,,,,,,3072.094,6770.0,5320.0,-1,,,,,,,402395.0,2015,670,655,0,0,0,0,0,,17.0,31.0,2015,MIS4_to_MIS8,new_york,0,2014-2015,1,0,0,0,retention
222457901940403,11,1.0,7,4,2,301,3011,1,1,,42,37980,101,1.0,1.0,,7,2,35,,2,42,2,,1,0,0,7,2,57,57,57,1,0,0,1.0,1.0,,-4.0,,20.0,,,19.0,,,7.0,3.0,0.0,1,2.0,,1.0,1100.0,220.0,1.0,,2.0,,,13089.3221,3364.0397,0,0,0.0,0.0,0,0,43758,1,,,4.0,,,,3407.2615,7860.0,4220.0,-1,,,,,,,405799.0,2014,658,655,0,0,0,0,0,15.0,14.0,40.0,2014,1.0,7,8,2,301,3011,1,37980,101,1.0,1.0,,7,2,36,,2,42,2,,0,0,7,2,57,57,57,1,0,0,1.0,1.0,,20.0,,20.0,,,19.0,,,7.0,3.0,0.0,1,2.0,1.0,1.0,1100.0,267.0,2.0,2.0,2.0,,,16747.3894,4202.955,0,0,0.0,0.0,0,0,31374,1,,,4.0,,,,4221.8688,7860.0,4600.0,-1,,,,,,,406132.0,2015,670,655,0,0,0,0,0,15.0,15.0,40.0,2015,MIS4_to_MIS8,pennsylvania,0,2014-2015,1,0,0,0,retention
710002574751752,11,1.0,7,4,2,301,3011,1,1,,42,38300,3,1.0,1.0,,5,2,63,,2,42,1,,1,0,0,5,2,57,57,57,1,0,0,1.0,1.0,,40.0,4.0,24.0,,,4.0,,,4.0,3.0,0.0,1,2.0,1.0,1.0,2014.0,809.0,2.0,2.0,,,,12889.1049,3341.9587,0,0,1.0,1.0,0,0,67602,1,,,3.0,,,,3228.0924,9570.0,5150.0,-1,,,,,,,405866.0,2014,658,655,0,0,0,0,0,14.0,17.0,51.0,2014,1.0,7,8,2,301,3011,1,38300,3,1.0,1.0,,5,2,64,,2,42,1,,0,0,5,2,57,57,57,1,0,0,1.0,1.0,,40.0,6.0,20.0,,,6.0,,,4.0,1.0,0.0,1,2.0,,1.0,1500.0,600.0,2.0,2.0,,,,13301.8997,3181.7062,0,0,1.0,1.0,0,42,31148,1,,,3.0,,,,3102.9073,9570.0,5700.0,-1,,,,,,,406189.0,2015,670,655,0,0,0,0,0,14.0,17.0,51.0,2015,MIS4_to_MIS8,pennsylvania,0,2014-2015,0,1,1,0,retention
24373140100303,11,1.0,6,4,2,301,3011,1,1,,42,38300,129,2.0,1.0,,5,2,50,,1,39,1,,1,0,0,7,2,57,57,57,1,0,0,1.0,1.0,,40.0,6.0,24.0,,,6.0,,,4.0,3.0,0.0,1,2.0,,1.0,4000.0,1600.0,2.0,2.0,2.0,,,13121.2951,3256.4775,0,0,1.0,1.0,0,0,3002,1,1.0,,,,,,3232.4281,9370.0,6320.0,-1,,,,,,,405929.0,2014,658,655,0,0,0,0,0,12.0,19.0,51.0,2014,1.0,6,8,2,301,3011,1,38300,129,2.0,1.0,,5,2,51,,1,39,1,,0,0,7,2,57,57,57,1,0,0,1.0,1.0,,40.0,4.0,8.0,,,4.0,,,4.0,3.0,0.0,1,2.0,,1.0,2500.0,1000.0,2.0,2.0,2.0,,,14536.798,3637.6026,0,0,1.0,1.0,0,0,3035,1,1.0,,,,,,3591.5072,9370.0,6320.0,-1,,,,,,,406231.0,2015,670,655,0,0,0,0,0,12.0,19.0,51.0,2015,MIS4_to_MIS8,pennsylvania,0,2014-2015,1,0,0,0,retention
105734020089207,11,1.0,1,4,2,301,3011,1,1,,42,21500,49,2.0,1.0,,3,3,44,1.0,1,39,1,,2,1,2,1,2,57,57,57,1,0,0,2.0,1.0,,42.0,,42.0,,,,,,2.0,3.0,0.0,1,2.0,,1.0,2500.0,1050.0,1.0,,2.0,,,15219.1746,3831.4652,4,2,0.0,0.0,0,0,17751,2,1.0,,,,,,3780.0372,9470.0,3740.0,-1,,,,,,,406005.0,2014,658,655,0,0,0,1,0,12.0,12.0,51.0,2014,1.0,1,8,2,301,3011,1,21500,49,2.0,1.0,,3,3,45,1.0,1,39,1,,1,2,1,2,57,57,57,1,0,0,2.0,1.0,,40.0,,40.0,,,,,,2.0,3.0,0.0,1,2.0,,1.0,1500.0,600.0,1.0,,2.0,,,15144.9659,3713.2628,4,2,1.0,1.0,0,42,52354,2,1.0,,,,,,3741.7631,9470.0,3740.0,-1,,,,,,,406346.0,2015,670,655,0,0,0,1,0,12.0,12.0,51.0,2015,MIS4_to_MIS8,pennsylvania,0,2014-2015,1,0,0,0,retention
405260719066205,11,1.0,6,4,2,301,3011,1,1,,42,38300,3,2.0,1.0,,5,2,63,,1,45,1,,1,0,0,5,2,57,57,57,1,0,0,1.0,4.0,,,,,,,,2.0,4.0,12.0,3.0,0.0,2,,,,,,,,,,,15162.0083,3523.8472,0,0,,,0,0,17616,1,,,,,,,3590.6713,9370.0,2100.0,-1,,,,,,,406141.0,2014,658,655,0,0,0,0,0,18.0,7.0,51.0,2014,1.0,6,8,2,301,3011,1,38300,3,2.0,1.0,,5,2,64,,1,45,1,,0,0,5,2,57,57,57,1,0,0,1.0,5.0,,,,,,,,,,1.0,,,2,,,,,,,,,,,13611.3807,3506.8868,0,0,,,0,0,31136,1,,,,,,,3485.0755,,,-1,,,,,,,406507.0,2015,670,655,0,0,0,0,0,18.0,,,2015,MIS4_to_MIS8,pennsylvania,0,2014-2015,0,1,0,0,retention
812860501970401,11,2.0,1,4,2,301,3011,1,1,,42,38300,19,2.0,1.0,,5,3,58,1.0,1,43,1,,2,1,2,1,2,57,57,57,1,0,0,1.0,1.0,,40.0,,40.0,,,,,,2.0,3.0,0.0,1,2.0,,1.0,4000.0,1600.0,2.0,2.0,,,,13441.5453,3364.2932,0,0,0.0,0.0,0,0,17685,2,,,,1.0,1.0,,3327.9455,9490.0,1840.0,-1,,,,,,,406302.0,2014,658,655,0,0,0,0,0,18.0,5.0,51.0,2014,2.0,1,8,2,301,3011,1,38300,19,2.0,1.0,,5,3,59,1.0,1,43,1,,1,2,1,2,57,57,57,1,0,0,1.0,1.0,,40.0,6.0,32.0,,,6.0,,,4.0,3.0,0.0,1,2.0,2.0,2.0,,1653.84,2.0,2.0,,,,13956.9451,3360.3528,0,0,0.0,,0,0,31189,2,,,,,,,3396.171,9490.0,1840.0,-1,,,,,,,406632.0,2015,670,655,0,0,0,0,0,,5.0,51.0,2015,MIS4_to_MIS8,pennsylvania,0,2014-2015,1,0,0,0,retention
822970001750403,11,1.0,1,4,2,301,3011,1,1,,42,21500,49,2.0,1.0,,3,3,48,1.0,1,44,1,,2,1,2,1,2,57,57,57,1,0,0,2.0,1.0,,40.0,,40.0,,,,,,2.0,3.0,0.0,1,2.0,1.0,1.0,5600.0,1923.07,1.0,,2.0,,,14726.9026,3611.5617,14,4,0.0,1.0,0,0,17752,2,,,,,,2.0,3627.9691,9470.0,2015.0,-1,3.0,,,,,,406305.0,2014,658,655,0,1,1,1,1,18.0,6.0,51.0,2014,2.0,3,8,2,301,3011,1,21500,49,2.0,1.0,,3,1,49,,1,44,1,,1,1,6,2,57,57,57,1,0,0,1.0,1.0,,40.0,,40.0,,,,,,2.0,3.0,0.0,1,2.0,,1.0,2800.0,1120.0,2.0,2.0,2.0,,,15144.9659,3713.2628,0,0,0.0,0.0,0,0,33603,2,,,,,,,3741.7631,9470.0,2015.0,-1,3.0,,,,,,406634.0,2015,670,655,0,0,0,0,0,,6.0,51.0,2015,MIS4_to_MIS8,pennsylvania,0,2014-2015,1,0,0,0,retention
910001994013232,11,2.0,1,4,2,301,3011,1,1,,42,0,0,3.0,2.0,,0,1,37,2.0,1,39,1,,1,1,1,1,2,57,57,57,1,0,0,2.0,1.0,,38.0,4.0,15.0,,,4.0,,,4.0,2.0,0.0,1,2.0,,1.0,2350.0,893.0,1.0,,2.0,,,13999.5163,3467.7656,3,1,0.0,0.0,0,0,21773,1,1.0,,,,,,3477.1066,9480.0,4610.0,-1,2.0,,,,,,406518.0,2014,658,655,0,0,1,0,0,12.0,15.0,51.0,2014,1.0,1,8,2,301,3011,1,0,0,3.0,2.0,,0,1,38,2.0,1,39,1,,1,1,1,2,57,57,57,1,0,0,1.0,1.0,,38.0,6.0,26.0,,,6.0,,,4.0,2.0,0.0,1,2.0,,1.0,3330.0,1265.4,1.0,,2.0,,,13617.9063,3391.2101,3,1,1.0,1.0,0,0,3020,1,1.0,,,,,,3387.1083,9480.0,2010.0,-1,2.0,,,,,,406799.0,2015,670,655,0,0,1,0,0,12.0,6.0,51.0,2015,MIS4_to_MIS8,pennsylvania,0,2014-2015,1,0,0,0,retention
910001994013232,11,2.0,1,4,2,301,3011,1,1,,42,0,0,3.0,2.0,,0,3,38,1.0,2,41,1,,2,1,2,1,2,57,57,57,1,0,0,1.0,1.0,,38.0,6.0,32.0,,,6.0,,,4.0,2.0,0.0,1,2.0,,1.0,2350.0,893.0,1.0,,2.0,,,13904.6726,3575.9821,3,1,0.0,0.0,0,0,21773,2,,,3.0,,,,3609.8808,9480.0,4610.0,-1,,,,,,,406519.0,2014,658,655,0,0,1,0,0,14.0,15.0,51.0,2014,1.0,1,8,2,301,3011,1,0,0,3.0,2.0,,0,3,39,1.0,2,42,1,,1,2,1,2,57,57,57,1,0,0,2.0,1.0,,38.0,6.0,30.0,,,6.0,,,4.0,2.0,0.0,1,2.0,,1.0,1254.0,476.52,1.0,,2.0,,,14574.3709,3546.1735,3,1,1.0,1.0,0,0,3020,2,,,3.0,,,,3569.8206,9480.0,5000.0,-1,,,,,,,406800.0,2015,670,655,0,0,1,0,0,14.0,17.0,51.0,2015,MIS4_to_MIS8,pennsylvania,0,2014-2015,1,0,0,0,retention
27052534400621,11,2.0,1,4,2,301,3011,1,1,,42,0,0,,1.0,,0,3,59,1.0,2,43,1,,2,1,2,1,2,57,57,57,1,0,0,1.0,1.0,,38.0,,38.0,,,,,,2.0,3.0,0.0,1,2.0,2.0,2.0,,750.0,1.0,,,,,12708.361,3077.2717,0,0,0.0,,0,0,43630,2,,,,2.0,,,3090.9448,7860.0,2310.0,-1,,,,,,,406564.0,2014,658,655,0,0,0,0,0,16.0,8.0,40.0,2014,2.0,1,8,2,301,3011,1,0,0,,1.0,,0,3,60,1.0,2,39,1,,1,2,1,2,57,57,57,1,0,0,1.0,1.0,,38.0,4.0,22.0,,,4.0,,,4.0,2.0,0.0,1,2.0,2.0,2.0,,423.0,1.0,,,,,13202.1681,3157.8512,0,0,1.0,,0,0,42158,2,1.0,,,,,,3079.6431,7860.0,2310.0,-1,,,,,,,406833.0,2015,670,655,0,0,0,0,0,12.0,8.0,40.0,2015,MIS4_to_MIS8,pennsylvania,0,2014-2015,1,0,0,0,retention
40210192322018,11,2.0,1,4,2,301,3011,1,1,,42,25420,43,,1.0,,4,1,34,2.0,1,46,4,,1,1,1,1,2,226,226,226,5,0,21,2.0,1.0,,40.0,,40.0,,,,,,2.0,2.0,0.0,1,2.0,2.0,2.0,,1538.0,2.0,2.0,2.0,,,15441.1539,3802.4708,2,1,1.0,,0,0,21721,1,,,,,,,3823.3492,7870.0,1760.0,-1,,,,,,,406590.0,2014,658,655,0,1,0,0,1,18.0,5.0,40.0,2014,2.0,1,8,2,301,3011,1,25420,43,,1.0,,4,1,62,2.0,1,45,4,,1,1,1,2,57,57,57,1,0,0,1.0,1.0,,40.0,,40.0,,,,,,2.0,4.0,0.0,1,2.0,2.0,2.0,,1653.0,2.0,2.0,,,,15471.5058,3804.0446,2,1,1.0,,0,42,52350,1,,,,,,,3775.0158,8190.0,1107.0,-1,,,,,,,406853.0,2015,670,655,0,1,0,0,1,18.0,3.0,41.0,2015,MIS4_to_MIS8,pennsylvania,0,2014-2015,0,1,0,1,retention
824032150105908,11,1.0,6,4,2,301,3011,1,1,,42,16540,55,,1.0,,2,2,42,,1,43,1,,1,0,0,6,2,57,57,57,1,0,0,1.0,1.0,,40.0,,60.0,,,,,,2.0,3.0,0.0,1,2.0,2.0,2.0,,1057.69,2.0,2.0,2.0,,,14431.5721,3633.1843,0,0,0.0,,0,0,62007,1,,,,2.0,,,3584.4178,9470.0,2015.0,3930,,,,,,,406758.0,2014,658,655,0,0,0,0,0,16.0,6.0,51.0,2014,1.0,6,8,2,301,3011,1,16540,55,,1.0,,2,2,43,,1,43,1,,0,0,6,2,57,57,57,1,0,0,1.0,1.0,,-4.0,,48.0,,,,,,2.0,4.0,0.0,1,2.0,2.0,2.0,,1653.84,2.0,2.0,2.0,,,15060.0749,3718.9686,0,0,0.0,,0,0,31246,1,,,,,,,3745.8111,2280.0,700.0,-1,,,,,,,407052.0,2015,670,655,0,0,0,0,0,,2.0,19.0,2015,MIS4_to_MIS8,pennsylvania,0,2014-2015,0,1,0,1,retention
931228002940521,11,1.0,1,4,2,301,3011,1,1,,42,29540,71,,1.0,,4,1,33,2.0,2,44,1,,1,1,1,1,2,57,57,57,1,0,0,1.0,1.0,,45.0,,50.0,,,,,,2.0,3.0,0.0,1,2.0,2.0,2.0,,900.0,1.0,,1.0,2.0,2.0,15024.1815,3802.393,1,1,0.0,,0,0,51484,1,,,,,,2.0,3697.137,7860.0,2310.0,-1,,,,,,,406779.0,2014,658,655,1,0,0,0,1,18.0,8.0,40.0,2014,1.0,1,8,2,301,3011,1,29540,71,,1.0,,4,1,35,2.0,2,44,1,,1,1,1,2,57,57,57,1,0,0,1.0,1.0,,50.0,,50.0,,,,,,2.0,2.0,0.0,1,2.0,2.0,2.0,,1300.0,1.0,,2.0,,,15083.1963,3669.9788,2,1,0.0,,0,42,6638,1,,,,,,,3694.4514,7860.0,2310.0,-1,,,,,,,407068.0,2015,670,655,0,1,0,0,1,,8.0,40.0,2015,MIS4_to_MIS8,pennsylvania,0,2014-2015,1,0,0,0,retention
931228002940521,11,1.0,1,4,2,301,3011,1,1,,42,29540,71,,1.0,,4,3,37,1.0,1,44,1,,2,1,2,1,2,57,57,57,1,0,0,2.0,1.0,,45.0,,45.0,,,,,,2.0,3.0,0.0,1,2.0,2.0,2.0,,1000.0,1.0,,2.0,,,14763.5394,3657.0188,1,1,0.0,,0,0,51484,2,,,,,,2.0,3666.8696,7860.0,2320.0,-1,,,,,,,406780.0,2014,658,655,1,0,0,0,1,18.0,8.0,40.0,2014,1.0,1,8,2,301,3011,1,29540,71,,1.0,,4,3,38,1.0,1,44,1,,1,2,1,2,57,57,57,1,0,0,2.0,1.0,,50.0,,50.0,,,,,,2.0,2.0,0.0,1,2.0,1.0,1.0,3000.0,1400.0,1.0,,2.0,,,14093.3393,3509.6052,2,1,0.0,0.0,0,0,6638,2,,,,,,,3505.3602,7860.0,2320.0,-1,,,,,,,407069.0,2015,670,655,0,1,0,0,1,,8.0,40.0,2015,MIS4_to_MIS8,pennsylvania,0,2014-2015,1,0,0,0,retention
57450301331104,12,1.0,1,4,2,301,3011,1,1,,17,16980,0,1.0,1.0,1.0,7,3,55,1.0,1,39,1,,2,1,2,1,2,57,57,57,1,0,0,2.0,1.0,,40.0,,40.0,,,,,,2.0,3.0,0.0,1,2.0,,1.0,3600.0,1440.0,1.0,,,,,12116.2634,2997.2206,0,0,0.0,0.0,0,0,23817,2,1.0,,,,,,3009.2768,9370.0,430.0,-1,,,,,,,426675.0,2014,659,656,0,0,0,0,0,12.0,1.0,51.0,2014,1.0,1,8,2,301,3011,1,16980,0,1.0,1.0,1.0,7,3,55,1.0,1,39,1,,1,2,1,2,57,57,57,1,0,0,2.0,1.0,,40.0,,40.0,,,,,,2.0,3.0,0.0,1,1.0,1.0,1.0,2564.0,1461.53,1.0,,,,,14033.2162,3357.5173,0,0,0.0,1.0,0,0,4857,2,1.0,,,,,,3368.2182,9370.0,430.0,-1,,,,,,,426785.0,2015,671,656,0,0,0,0,0,12.0,1.0,51.0,2015,MIS4_to_MIS8,illinois,1,2014-2015,1,0,0,0,retention
133341070104505,12,2.0,1,4,2,301,3011,1,1,,17,16980,0,1.0,1.0,1.0,7,3,54,1.0,2,46,1,,2,1,2,1,2,57,57,57,1,0,0,1.0,1.0,,40.0,,54.0,,,,,,2.0,3.0,0.0,1,2.0,2.0,2.0,,615.38,1.0,,2.0,,,12470.1538,3114.7828,0,0,0.0,,0,0,36291,2,,,,,,,3144.6136,7860.0,2310.0,4760,,,,,,,426710.0,2014,659,656,0,0,0,0,0,18.0,8.0,40.0,2014,1.0,1,8,2,301,3011,1,16980,0,1.0,1.0,1.0,7,3,56,1.0,2,46,1,,1,2,1,2,57,57,57,1,0,0,2.0,1.0,,40.0,,60.0,,,,,,2.0,4.0,0.0,1,2.0,2.0,2.0,,1634.61,1.0,,,,,12963.6994,3217.4624,0,0,0.0,,0,0,42666,2,,,,,,,3253.529,7860.0,2310.0,4760,,,,,,,426815.0,2015,671,656,0,0,0,0,0,18.0,8.0,40.0,2015,MIS4_to_MIS8,illinois,1,2014-2015,0,1,0,1,retention
531073025410436,12,1.0,6,4,2,301,3011,1,1,,17,16980,0,1.0,1.0,1.0,7,2,58,,1,42,2,,1,0,0,7,2,57,57,57,1,0,0,1.0,1.0,,40.0,,40.0,,,,,,2.0,3.0,0.0,1,2.0,2.0,2.0,,1057.69,1.0,,,,,13662.4793,3793.8792,0,0,0.0,,0,0,9749,1,,,3.0,,,,3888.6985,9470.0,3740.0,-1,,,,,,,426839.0,2014,659,656,0,0,0,0,0,14.0,12.0,51.0,2014,1.0,6,8,2,301,3011,1,16980,0,1.0,1.0,1.0,7,2,58,,1,42,2,,0,0,7,2,57,57,57,1,0,0,1.0,1.0,,40.0,,40.0,,,,,,2.0,3.0,0.0,1,2.0,2.0,2.0,,956.0,1.0,,,,,13794.5016,4067.9086,0,0,1.0,,0,0,51113,1,,,4.0,,,,4018.2611,9470.0,3740.0,-1,,,,,,,426942.0,2015,671,656,0,0,0,0,0,15.0,12.0,51.0,2015,MIS4_to_MIS8,illinois,1,2014-2015,1,0,0,0,retention
10710043496425,12,1.0,1,4,2,301,3011,1,1,,17,40420,0,2.0,1.0,,3,1,58,2.0,2,44,1,,1,1,1,1,2,57,57,57,1,0,0,1.0,1.0,,40.0,,51.0,,,,,,2.0,3.0,0.0,1,2.0,,1.0,2850.0,1140.0,2.0,2.0,,,,12533.104,3152.1041,0,0,0.0,0.0,0,0,24086,1,,,,,,3.0,3179.3721,9480.0,3255.0,3255,,,,,,,426996.0,2014,659,656,0,0,0,0,0,18.0,10.0,51.0,2014,1.0,1,8,2,301,3011,1,40420,0,2.0,1.0,,3,1,59,2.0,2,44,1,,1,1,1,2,57,57,57,1,0,0,1.0,1.0,,40.0,,76.0,,,,,,2.0,3.0,0.0,1,2.0,,1.0,2700.0,1080.0,2.0,2.0,,,,12685.445,3148.4024,0,0,0.0,0.0,0,0,22552,1,,,,,,,3183.6949,9480.0,3255.0,3255,,,,,,,427072.0,2015,671,656,0,0,0,0,0,,10.0,51.0,2015,MIS4_to_MIS8,illinois,1,2014-2015,1,0,0,0,retention
10710069342293,12,1.0,4,4,2,301,3011,1,1,,17,16980,97,2.0,1.0,,7,1,45,,2,43,1,,1,1,1,5,2,57,57,57,1,0,0,1.0,1.0,,35.0,,51.0,,,,,,2.0,3.0,0.0,1,2.0,1.0,1.0,1237.0,275.0,1.0,,2.0,,,13528.7586,3370.6864,10,3,0.0,0.0,0,0,56632,1,,,,2.0,,,3411.5632,7860.0,2540.0,4030,,,,,,,426998.0,2014,659,656,0,0,1,1,0,16.0,8.0,40.0,2014,1.0,4,8,2,301,3011,1,16980,97,2.0,1.0,,7,1,45,,2,43,1,,1,1,5,2,57,57,57,1,0,0,1.0,1.0,,33.0,,52.0,,,,,,2.0,3.0,0.0,1,2.0,,1.0,1250.0,412.5,1.0,,2.0,,,13367.2922,3391.0767,10,2,0.0,0.0,0,0,51190,1,,,,,,,3388.8424,7860.0,2540.0,4720,,,,,,,427074.0,2015,671,656,0,0,1,1,0,,8.0,40.0,2015,MIS4_to_MIS8,illinois,1,2014-2015,1,0,0,0,retention
117694301520100,12,1.0,7,4,2,301,3011,1,1,,17,16980,0,2.0,1.0,,7,2,30,,2,44,2,,1,0,0,7,2,461,461,461,4,0,21,1.0,1.0,,40.0,,40.0,,,,,,2.0,2.0,0.0,1,2.0,2.0,2.0,,1230.0,1.0,,2.0,,,18049.8809,4434.1487,0,0,1.0,,0,42,23918,1,,,,,,2.0,4527.6946,9380.0,930.0,-1,,,,,,,427107.0,2014,659,656,0,0,0,0,0,18.0,2.0,51.0,2014,1.0,7,8,2,301,3011,1,16980,0,2.0,1.0,,7,2,31,,2,44,2,,0,0,7,2,461,461,461,4,0,21,1.0,1.0,,40.0,5.0,32.0,,,5.0,,,4.0,2.0,0.0,1,2.0,1.0,1.0,2800.0,1153.84,2.0,2.0,2.0,,,16968.8068,4578.4972,0,0,0.0,0.0,0,0,54748,1,,,,,,,4641.1884,9380.0,800.0,-1,,,,,,,427217.0,2015,671,656,0,0,0,0,0,,2.0,51.0,2015,MIS4_to_MIS8,illinois,1,2014-2015,1,0,0,0,retention
471727140106313,12,2.0,1,4,2,301,3011,1,1,,17,16980,0,2.0,1.0,,7,1,59,2.0,1,43,4,,1,1,1,1,2,207,207,207,4,0,7,2.0,1.0,,40.0,,40.0,,,,,,2.0,3.0,0.0,1,2.0,2.0,2.0,,2307.0,2.0,2.0,,,,12290.834,3048.7005,0,0,1.0,,0,42,23824,1,,,,2.0,,,3052.6344,7890.0,1107.0,-1,,,,,,,427274.0,2014,659,656,0,0,0,0,0,16.0,3.0,40.0,2014,2.0,1,8,2,301,3011,1,16980,0,2.0,1.0,,7,1,60,2.0,1,43,4,,1,1,1,2,207,207,207,4,0,7,2.0,1.0,,40.0,,40.0,,,,,,2.0,5.0,0.0,1,2.0,2.0,2.0,,1923.0,2.0,2.0,,,,18849.6528,4798.8586,0,0,1.0,,0,0,8674,1,,,,,,,4814.5146,7870.0,1107.0,-1,,,,,,,427367.0,2015,671,656,0,0,0,0,0,,3.0,40.0,2015,MIS4_to_MIS8,illinois,1,2014-2015,0,1,0,1,retention
567460201460102,12,1.0,7,4,2,301,3011,1,1,,17,37900,179,2.0,1.0,,3,2,42,,2,44,1,,1,0,0,7,2,57,57,57,1,0,0,1.0,1.0,,50.0,,50.0,,,,,,2.0,3.0,0.0,1,2.0,2.0,2.0,,1625.0,1.0,,2.0,,,10876.6779,2714.6691,0,0,0.0,,0,0,5342,1,,,,,,2.0,2769.4925,7860.0,2310.0,-1,,,,,,,427296.0,2014,659,656,0,0,0,0,0,18.0,8.0,40.0,2014,1.0,7,8,2,301,3011,1,37900,179,2.0,1.0,,3,2,43,,2,44,1,,0,0,7,2,57,57,57,1,0,0,1.0,1.0,,60.0,,60.0,,,,,,2.0,3.0,0.0,1,2.0,2.0,2.0,,1153.84,1.0,,2.0,,,10966.9954,2753.3876,0,0,0.0,,0,0,8885,1,,,,,,,2806.2462,7860.0,2310.0,-1,,,,,,,427394.0,2015,671,656,0,0,0,0,0,,8.0,40.0,2015,MIS4_to_MIS8,illinois,1,2014-2015,1,0,0,0,retention
571430120004803,12,1.0,4,4,2,301,3011,1,1,,17,41180,119,2.0,1.0,,6,1,51,,2,43,1,,1,1,1,4,2,57,57,57,1,0,0,1.0,1.0,,60.0,,60.0,,,,,,2.0,2.0,0.0,1,2.0,2.0,2.0,,1350.0,1.0,,2.0,,,12164.8095,3038.5142,0,0,0.0,,0,0,60550,1,,,,1.0,1.0,,3067.6145,7860.0,2320.0,-1,,,,,,,427297.0,2014,659,656,0,0,0,0,0,18.0,8.0,40.0,2014,1.0,7,8,2,301,3011,1,41180,119,2.0,1.0,,6,2,52,,2,43,1,,0,0,4,2,57,57,57,1,0,0,1.0,1.0,,60.0,,60.0,,,,,,2.0,2.0,0.0,1,2.0,2.0,2.0,,1130.76,1.0,,2.0,,,12276.1842,3110.705,0,0,0.0,,0,0,54780,1,,,,,,,3112.2274,7860.0,2320.0,-1,,,,,,,427409.0,2015,671,656,0,0,0,0,0,,8.0,40.0,2015,MIS4_to_MIS8,illinois,1,2014-2015,1,0,0,0,retention
104000919097774,12,1.0,4,4,2,301,3011,1,1,,17,0,0,3.0,2.0,,0,1,56,,2,43,1,,1,1,1,4,2,57,57,57,1,0,0,1.0,1.0,,35.0,,35.0,,,,,,2.0,3.0,0.0,1,2.0,2.0,2.0,,884.61,2.0,2.0,,,,12628.5498,3176.1089,0,0,0.0,,0,0,20063,1,,,,2.0,,,3203.5846,9480.0,3255.0,-1,,,,,,,427518.0,2014,659,656,0,0,0,0,0,16.0,10.0,51.0,2014,1.0,4,8,2,301,3011,1,0,0,3.0,2.0,,0,1,57,,2,43,1,,1,1,4,2,57,57,57,1,0,0,1.0,2.0,4.0,35.0,,,,,,,,5.0,3.0,0.0,1,2.0,1.0,1.0,2600.0,890.38,2.0,2.0,,,,12959.5711,3216.4378,0,0,0.0,0.0,0,0,4849,1,,,,,,,3252.4929,9480.0,3255.0,-1,,,,,,,427574.0,2015,671,656,0,0,0,0,0,,10.0,51.0,2015,MIS4_to_MIS8,illinois,1,2014-2015,1,0,0,0,retention
371220150002606,12,1.0,1,4,2,301,3011,1,1,,17,0,0,3.0,2.0,,0,1,28,2.0,1,41,1,,1,1,1,1,2,110,57,57,3,0,11,1.0,1.0,,40.0,,40.0,,,,,,2.0,3.0,0.0,1,2.0,2.0,2.0,,807.69,1.0,,2.0,,,11726.1948,2949.981,0,0,0.0,,0,0,36365,1,,,3.0,,,,2964.1027,9470.0,3850.0,-1,,,,,,,427546.0,2014,659,656,0,0,0,0,0,14.0,12.0,51.0,2014,2.0,1,8,2,301,3011,1,0,0,3.0,2.0,,0,1,30,2.0,1,41,1,,1,1,1,2,110,57,57,3,0,11,2.0,1.0,,40.0,,50.0,,,,,,2.0,3.0,0.0,1,2.0,,1.0,2000.0,800.0,1.0,,2.0,,,13240.4479,3266.7168,1,1,0.0,0.0,0,0,44130,1,,,3.0,,,,3289.6087,9470.0,3850.0,-1,,,,,,,427595.0,2015,671,656,1,0,0,0,1,14.0,12.0,51.0,2015,MIS4_to_MIS8,illinois,1,2014-2015,1,0,0,0,retention
610002231200567,12,2.0,2,4,2,301,3011,1,1,,17,0,0,3.0,2.0,,0,3,25,1.0,2,41,1,,2,1,2,2,2,57,57,57,1,0,0,3.0,1.0,,40.0,,40.0,,,,,,2.0,2.0,0.0,1,1.0,1.0,1.0,1300.0,800.0,1.0,,1.0,2.0,2.0,12834.5925,3136.507,3,3,0.0,1.0,0,0,20088,2,,,3.0,,,,3203.5073,9470.0,3800.0,-1,,,,,,,427566.0,2014,659,656,0,0,1,0,0,14.0,12.0,51.0,2014,1.0,2,8,2,301,3011,1,0,0,3.0,2.0,,0,3,26,1.0,2,41,1,,1,2,2,2,57,57,57,1,0,0,2.0,1.0,,40.0,,44.0,,,,,,2.0,2.0,0.0,1,2.0,1.0,1.0,1684.0,1057.69,1.0,,2.0,,,13947.2266,3359.7728,3,3,0.0,1.0,0,0,34648,2,,,3.0,,,,3365.4348,9470.0,3800.0,-1,,,,,,,427604.0,2015,671,656,0,0,1,0,0,14.0,12.0,51.0,2015,MIS4_to_MIS8,illinois,1,2014-2015,1,0,0,0,retention
971079190004704,12,2.0,1,4,2,301,3011,1,1,,17,0,0,3.0,2.0,,0,1,53,2.0,2,44,1,,1,1,1,1,2,57,57,57,1,0,0,2.0,1.0,,60.0,,75.0,,,,,,2.0,3.0,0.0,1,2.0,2.0,2.0,,961.53,1.0,,2.0,,,12257.4505,3061.654,0,0,0.0,,0,0,5245,1,,,,,,3.0,3090.9759,7860.0,2330.0,4720,,,,,,,427600.0,2014,659,656,0,0,0,0,0,18.0,8.0,40.0,2014,1.0,1,8,2,301,3011,1,0,0,3.0,2.0,,0,1,54,2.0,2,44,1,,1,1,1,2,57,57,57,1,0,0,1.0,1.0,,40.0,,40.0,,,,,,2.0,3.0,0.0,1,2.0,2.0,2.0,,1019.23,1.0,,2.0,,,12582.9584,3188.4395,0,0,0.0,,0,0,67361,1,,,,,,,3190.0001,7860.0,2310.0,-1,,,,,,,427634.0,2015,671,656,0,0,0,0,0,,8.0,40.0,2015,MIS4_to_MIS8,illinois,1,2014-2015,1,0,0,0,retention
109010515001789,12,1.0,6,4,2,301,3011,1,1,,17,44100,0,,1.0,,2,2,26,,1,40,1,,1,0,0,5,2,57,57,57,1,0,0,1.0,1.0,,40.0,,40.0,,,,,,2.0,2.0,0.0,1,2.0,2.0,2.0,,1057.0,2.0,2.0,2.0,,,12985.4956,3266.7857,0,0,1.0,,0,42,53222,1,,,2.0,,,,3282.4239,9480.0,5400.0,-1,,,,,,,427639.0,2014,659,656,0,0,0,0,0,13.0,17.0,51.0,2014,1.0,6,8,2,301,3011,1,44100,0,,1.0,,2,2,26,,1,40,1,,0,0,5,2,57,57,57,1,0,0,1.0,1.0,,35.0,,35.0,,,,,,2.0,5.0,0.0,1,2.0,,1.0,1000.0,370.0,2.0,2.0,2.0,,,13653.5811,3341.8697,0,0,0.0,0.0,0,0,34730,1,,,2.0,,,,3392.2522,9170.0,5400.0,-1,,,,,,,427698.0,2015,671,656,0,0,0,0,0,13.0,17.0,49.0,2015,MIS4_to_MIS8,illinois,1,2014-2015,0,1,0,1,retention
502105520710799,12,1.0,1,4,2,301,3011,1,1,,17,16580,0,,1.0,,2,1,45,2.0,2,43,1,,1,1,1,1,2,57,57,57,1,0,0,1.0,1.0,,40.0,,40.0,,,,,,2.0,2.0,0.0,1,2.0,2.0,2.0,,992.3,2.0,2.0,2.0,,,15471.8303,3854.8022,0,0,0.0,,0,0,23722,1,,,,2.0,,,3901.5499,7870.0,230.0,-1,,,,,,,427681.0,2014,659,656,0,0,0,0,0,16.0,1.0,40.0,2014,1.0,1,8,2,301,3011,1,16580,0,,1.0,,2,1,46,2.0,2,43,1,,1,1,1,2,57,57,57,1,0,0,1.0,1.0,,40.0,,40.0,,,,,,2.0,2.0,0.0,1,2.0,2.0,2.0,,1057.69,2.0,2.0,2.0,,,13653.8633,3463.7754,0,0,0.0,,0,0,44002,1,,,,,,,3461.4932,7870.0,230.0,-1,,,,,,,427754.0,2015,671,656,0,0,0,0,0,,1.0,40.0,2015,MIS4_to_MIS8,illinois,1,2014-2015,1,0,0,0,retention
502105520710799,12,1.0,1,4,2,301,3011,1,1,,17,16580,0,,1.0,,2,3,46,1.0,1,39,1,,2,1,2,1,2,57,57,57,1,0,0,2.0,1.0,,40.0,4.0,32.0,,,4.0,,,4.0,2.0,0.0,1,1.0,1.0,1.0,3029.0,1200.0,1.0,,2.0,,,14169.151,3507.219,0,0,0.0,0.0,0,0,23722,2,1.0,,,,,,3568.9469,7870.0,8310.0,-1,,,,,,,427682.0,2014,659,656,0,0,0,0,0,12.0,21.0,40.0,2014,1.0,1,8,2,301,3011,1,16580,0,,1.0,,2,3,47,1.0,1,39,1,,1,2,1,2,57,57,57,1,0,0,2.0,1.0,,40.0,4.0,24.0,,,4.0,,,4.0,2.0,0.0,1,1.0,,1.0,3029.0,1302.52,1.0,,2.0,,,11735.3492,2945.1987,0,0,0.0,0.0,0,0,44002,2,1.0,,,,,,2976.3961,7870.0,8310.0,-1,,,,,,,427755.0,2015,671,656,0,0,0,0,0,12.0,21.0,40.0,2015,MIS4_to_MIS8,illinois,1,2014-2015,1,0,0,0,retention
571599150007202,12,1.0,6,4,2,301,3011,1,1,,17,16580,0,,1.0,,2,2,23,,1,43,1,,1,0,0,7,2,57,57,57,1,0,0,1.0,1.0,,40.0,,40.0,,,,,,2.0,3.0,0.0,1,2.0,2.0,2.0,,875.0,2.0,2.0,2.0,,,15944.8604,3788.9476,0,0,0.0,,0,0,20060,1,,,,2.0,,,3956.1327,7870.0,2550.0,-1,,,,,,,427696.0,2014,659,656,0,0,0,0,0,16.0,8.0,40.0,2014,1.0,6,8,2,301,3011,1,16580,0,,1.0,,2,2,24,,1,43,1,,0,0,7,2,57,57,57,1,0,0,1.0,1.0,,40.0,,40.0,,,,,,2.0,2.0,0.0,1,2.0,2.0,2.0,,903.84,2.0,2.0,2.0,,,14713.6279,3376.0119,0,0,0.0,,0,0,51079,1,,,,,,,3470.5284,7870.0,1020.0,-1,,,,,,,427768.0,2015,671,656,0,0,0,0,0,,3.0,40.0,2015,MIS4_to_MIS8,illinois,1,2014-2015,1,0,0,0,retention
571599150007202,12,1.0,6,4,2,301,3011,1,1,,17,16580,0,,1.0,,2,18,23,,2,43,1,,2,0,0,7,2,57,57,57,1,0,0,2.0,1.0,,40.0,,40.0,,,,,,2.0,3.0,0.0,1,2.0,,1.0,1700.0,680.0,2.0,2.0,2.0,,,15245.1303,3821.4823,0,0,0.0,0.0,0,0,20060,2,,,,2.0,,,3812.1784,7870.0,2550.0,-1,,,,,,,427697.0,2014,659,656,0,0,0,0,0,16.0,8.0,40.0,2014,1.0,6,8,2,301,3011,1,16580,0,,1.0,,2,18,24,,2,43,1,,0,0,7,2,57,57,57,1,0,0,2.0,1.0,,40.0,,40.0,,,,,,2.0,2.0,0.0,1,2.0,2.0,2.0,,903.84,2.0,2.0,2.0,,,16015.3645,3790.7615,0,0,0.0,,0,0,51079,2,,,,,,,3804.4372,7870.0,1020.0,-1,,,,,,,427769.0,2015,671,656,0,0,0,0,0,,3.0,40.0,2015,MIS4_to_MIS8,illinois,1,2014-2015,1,0,0,0,retention
768561501340109,12,1.0,3,4,2,301,3011,1,1,,18,26900,0,1.0,1.0,1.0,5,14,36,,2,41,1,,2,0,0,7,2,57,57,57,1,0,0,2.0,1.0,,37.0,,37.0,,,,,,2.0,3.0,0.0,1,2.0,,1.0,1473.0,545.01,2.0,2.0,2.0,,,11717.7229,2957.6621,14,3,0.0,0.0,0,0,36622,2,,,3.0,,,,2983.645,7860.0,4010.0,-1,,,,,,,427814.0,2014,659,656,0,1,1,1,1,14.0,13.0,40.0,2014,1.0,3,8,2,301,3011,1,26900,0,1.0,1.0,1.0,5,14,38,,2,41,1,,0,0,7,2,57,57,57,1,0,0,2.0,1.0,,33.0,,33.0,,,22.0,,,7.0,3.0,0.0,1,2.0,,1.0,1400.0,462.0,2.0,2.0,2.0,,,11202.3433,2892.7632,10,3,0.0,0.0,0,0,4963,2,,,3.0,,,,2866.4673,7860.0,4010.0,-1,,,,,,,427880.0,2015,671,656,0,0,1,1,0,14.0,13.0,40.0,2015,MIS4_to_MIS8,indiana,0,2014-2015,1,0,0,0,retention
157191080016200,12,1.0,7,4,2,301,3011,1,1,,18,26900,0,2.0,1.0,,5,2,60,,2,40,1,,1,0,0,7,2,57,57,57,1,0,0,1.0,5.0,,,,,,,,,,1.0,2.0,0.0,2,,,,,,,,,,,9962.7855,2454.8052,0,0,,,0,0,20167,1,,,1.0,,,,2498.3363,7580.0,5140.0,-1,,,,,,,427911.0,2014,659,656,0,0,0,0,0,12.0,17.0,38.0,2014,1.0,7,8,2,301,3011,1,26900,0,2.0,1.0,,5,2,62,,2,40,1,,0,0,7,2,57,57,57,1,0,0,1.0,5.0,,,,,,,,,,1.0,,,2,,,,,,,,,,,10757.5585,2536.2231,0,0,,,0,0,19057,1,,,1.0,,,,2683.6768,,,-1,,,,,,,428011.0,2015,671,656,0,0,0,0,0,12.0,,,2015,MIS4_to_MIS8,indiana,0,2014-2015,0,1,0,0,retention
202109340810905,12,4.0,1,4,2,301,3011,1,1,,18,23060,0,2.0,1.0,,3,3,41,1.0,1,40,1,,4,1,2,1,2,57,57,57,1,0,0,1.0,1.0,,40.0,,40.0,,,,,,2.0,3.0,0.0,1,2.0,1.0,1.0,1092.0,769.23,2.0,2.0,2.0,,,13130.6974,3392.4583,3,2,0.0,1.0,0,0,5352,4,,,3.0,,,,3397.5814,9370.0,4220.0,-1,,,,,,,427937.0,2014,659,656,0,0,1,0,0,14.0,14.0,51.0,2014,1.0,1,8,2,301,3011,1,23060,0,2.0,1.0,,3,3,42,1.0,1,40,1,,1,2,1,2,57,57,57,1,0,0,2.0,1.0,,40.0,,40.0,,,,,,2.0,3.0,0.0,1,2.0,,1.0,2300.0,920.0,2.0,2.0,2.0,,,11422.8233,2892.4524,10,2,0.0,0.0,0,0,42677,4,,,3.0,,,,2887.3337,9470.0,4220.0,-1,,,,,,,428028.0,2015,671,656,0,0,1,1,0,14.0,14.0,51.0,2015,MIS4_to_MIS8,indiana,0,2014-2015,1,0,0,0,retention
208105582810570,12,2.0,1,4,2,301,3011,1,1,,18,26900,0,2.0,1.0,,5,1,47,2.0,2,32,1,,1,1,1,1,2,303,303,303,4,0,6,2.0,1.0,,40.0,,40.0,,,,,,2.0,3.0,0.0,1,2.0,,1.0,1300.0,520.0,2.0,2.0,2.0,,,11022.3711,2767.3996,10,2,0.0,0.0,0,0,53291,1,,,,,,,2779.5245,9470.0,5240.0,-1,,,,,,,427941.0,2014,659,656,0,0,1,1,0,2.5,17.0,51.0,2014,2.0,1,8,2,301,3011,1,26900,0,2.0,1.0,,5,1,48,2.0,2,32,1,,1,1,1,2,303,303,303,4,0,6,2.0,1.0,,38.0,,38.0,,,,,,2.0,3.0,0.0,1,2.0,,1.0,1500.0,570.0,2.0,2.0,2.0,,,10086.2666,2604.0519,4,2,0.0,0.0,0,0,34849,1,,,,,,,2557.045,9370.0,5240.0,-1,,,,,,,428035.0,2015,671,656,0,0,0,1,0,2.5,17.0,51.0,2015,MIS4_to_MIS8,indiana,0,2014-2015,1,0,0,0,retention
850520432851001,12,2.0,1,4,2,301,3011,1,1,,18,26900,63,2.0,1.0,,5,1,37,2.0,2,39,1,,1,1,1,1,2,132,132,132,4,0,19,2.0,1.0,,25.0,,25.0,,,18.0,,,7.0,2.0,0.0,1,1.0,,1.0,700.0,475.0,2.0,2.0,2.0,,,11875.1711,2997.4035,9,2,1.0,1.0,0,42,60581,1,1.0,,,,,,3023.7356,7860.0,4010.0,-1,,,,,,,428027.0,2014,659,656,0,1,0,1,1,12.0,13.0,40.0,2014,2.0,1,8,2,301,3011,1,26900,63,2.0,1.0,,5,1,38,2.0,2,39,1,,1,1,1,2,132,132,132,4,0,19,2.0,1.0,,40.0,,40.0,,,,,,2.0,2.0,0.0,1,2.0,,1.0,1287.0,514.8,2.0,2.0,2.0,,,11252.2646,2905.6543,9,2,1.0,1.0,0,42,54818,1,1.0,,,,,,2879.2412,7860.0,4010.0,-1,,,,,,,428120.0,2015,671,656,0,1,0,1,1,12.0,13.0,40.0,2015,MIS4_to_MIS8,indiana,0,2014-2015,1,0,0,0,retention
871650963451001,12,1.0,1,4,2,301,3011,1,1,,18,26900,0,2.0,1.0,,5,1,34,2.0,1,42,1,,1,1,1,1,2,57,57,57,1,0,0,1.0,1.0,,-4.0,,50.0,,,,,,2.0,3.0,0.0,1,1.0,2.0,2.0,,1442.3,1.0,,2.0,,,14345.3452,3628.2262,8,2,0.0,,0,0,46038,1,,,3.0,,,,3626.1615,9470.0,3850.0,-1,,,,,,,428034.0,2014,659,656,0,1,1,0,1,14.0,12.0,51.0,2014,1.0,1,8,2,301,3011,1,26900,0,2.0,1.0,,5,1,34,2.0,1,42,1,,1,1,1,2,57,57,57,1,0,0,1.0,1.0,,40.0,,52.0,,,,,,2.0,3.0,0.0,1,1.0,1.0,1.0,3100.0,1442.3,1.0,,2.0,,,13129.6169,3296.749,3,2,0.0,0.0,0,0,32508,1,,,3.0,,,,3262.0726,9470.0,3850.0,3930,,,,,,,428124.0,2015,671,656,0,0,1,0,0,14.0,12.0,51.0,2015,MIS4_to_MIS8,indiana,0,2014-2015,1,0,0,0,retention
125141080012908,12,1.0,1,4,2,301,3011,1,1,,18,0,0,3.0,2.0,,0,1,35,2.0,2,41,1,,1,1,1,1,2,57,57,57,1,0,0,1.0,1.0,,30.0,,30.0,,,18.0,,,7.0,3.0,0.0,1,2.0,1.0,1.0,1025.0,287.5,2.0,2.0,2.0,,,11553.058,2916.0992,3,1,0.0,0.0,0,0,5432,1,,,3.0,,,,2941.717,7860.0,2540.0,-1,,,,,,,428086.0,2014,659,656,0,0,1,0,0,14.0,8.0,40.0,2014,1.0,1,8,2,301,3011,1,0,0,3.0,2.0,,0,1,36,2.0,2,40,1,,1,1,1,2,57,57,57,1,0,0,1.0,7.0,,,,,,7.0,,,,1.0,4.0,0.0,2,,,,,,,,2.0,,,11313.9762,2761.5346,3,1,,,0,0,67484,1,,,3.0,,,,2820.1893,7860.0,2540.0,-1,,,,,,,428175.0,2015,671,656,0,0,1,0,0,14.0,8.0,40.0,2015,MIS4_to_MIS8,indiana,0,2014-2015,0,1,0,1,retention
181826190007809,12,2.0,1,4,2,301,3011,1,1,,18,0,0,3.0,2.0,,0,3,49,1.0,2,44,1,,2,1,2,1,2,57,57,57,1,0,0,1.0,1.0,,35.0,,35.0,,,,,,2.0,3.0,0.0,1,2.0,,1.0,1350.0,472.5,2.0,2.0,2.0,,,10723.3901,2692.3341,10,4,0.0,0.0,0,0,46081,2,,,,,,2.0,2704.1301,7860.0,5700.0,-1,,,,,,,428104.0,2014,659,656,0,0,1,1,0,18.0,17.0,40.0,2014,2.0,1,8,2,301,3011,1,0,0,3.0,2.0,,0,3,50,1.0,2,44,1,,1,2,1,2,57,57,57,1,0,0,1.0,1.0,,28.0,,28.0,,,18.0,,,7.0,2.0,0.0,1,2.0,,1.0,1230.0,344.4,2.0,2.0,2.0,,,8803.5321,2270.2694,10,3,0.0,0.0,0,0,44358,2,,,,,,,2231.8494,7860.0,5700.0,-1,,,,,,,428185.0,2015,671,656,0,0,1,1,0,,17.0,40.0,2015,MIS4_to_MIS8,indiana,0,2014-2015,1,0,0,0,retention
908108190810762,12,2.0,1,4,2,301,3011,1,1,,18,0,0,3.0,2.0,,0,1,32,2.0,1,40,1,,1,1,1,1,2,57,57,57,1,0,0,2.0,1.0,,-4.0,,40.0,,,,,,2.0,3.0,0.0,1,1.0,1.0,1.0,1600.0,600.0,2.0,2.0,2.0,,,13956.2288,3529.8109,0,0,0.0,0.0,0,0,36676,1,,,2.0,,,,3527.8022,9470.0,3850.0,-1,,,,,,,428190.0,2014,659,656,0,0,0,0,0,13.0,12.0,51.0,2014,1.0,1,8,2,301,3011,1,0,0,3.0,2.0,,0,1,33,2.0,1,40,1,,1,1,1,2,57,57,57,1,0,0,1.0,1.0,,-4.0,,48.0,,,,,,2.0,3.0,0.0,1,2.0,2.0,2.0,,923.07,2.0,2.0,2.0,,,12478.3915,3133.2311,0,0,0.0,,0,0,44357,1,,,2.0,,,,3100.2746,9470.0,3850.0,-1,,,,,,,428235.0,2015,671,656,0,0,0,0,0,13.0,12.0,51.0,2015,MIS4_to_MIS8,indiana,0,2014-2015,1,0,0,0,retention
908108190810762,12,2.0,1,4,2,301,3011,1,1,,18,0,0,3.0,2.0,,0,3,41,1.0,2,40,1,,2,1,2,1,2,57,57,57,1,0,0,1.0,1.0,,-4.0,,52.0,,,,,,2.0,3.0,0.0,1,1.0,1.0,1.0,1814.0,650.0,2.0,2.0,2.0,,,11927.977,3000.018,0,0,0.0,0.0,0,0,36676,2,,,2.0,,,,3037.1814,8180.0,3400.0,565,,,,,,,428191.0,2014,659,656,0,0,0,0,0,13.0,10.0,42.0,2014,1.0,1,8,2,301,3011,1,0,0,3.0,2.0,,0,3,42,1.0,2,40,1,,1,2,1,2,57,57,57,1,0,0,2.0,1.0,,-4.0,13.0,32.0,,,13.0,,,4.0,3.0,0.0,1,2.0,2.0,2.0,,884.61,2.0,2.0,2.0,,,10491.7109,2680.7174,0,0,0.0,,0,0,44357,2,,,1.0,,,,2684.6299,8180.0,3400.0,565,,,,,,,428236.0,2015,671,656,0,0,0,0,0,12.0,10.0,42.0,2015,MIS4_to_MIS8,indiana,0,2014-2015,1,0,0,0,retention
981603140004405,12,1.0,6,4,2,301,3011,1,1,,18,0,0,3.0,2.0,,0,2,32,,1,43,1,,1,0,0,7,2,215,233,57,3,0,8,1.0,1.0,,40.0,,40.0,,,,,,2.0,3.0,0.0,1,2.0,2.0,2.0,,650.0,2.0,2.0,2.0,,,13956.2288,3529.8109,0,0,0.0,,0,0,46007,1,,,,2.0,,,3527.8022,9470.0,3850.0,-1,1.0,,,,,,428198.0,2014,659,656,0,0,0,0,0,16.0,12.0,51.0,2014,1.0,6,8,2,301,3011,1,0,0,3.0,2.0,,0,2,33,,1,43,1,,0,0,7,2,215,233,57,3,0,8,1.0,1.0,,40.0,,44.0,,,,,,2.0,3.0,0.0,1,2.0,2.0,2.0,,750.0,2.0,2.0,2.0,,,12478.3915,3133.2311,0,0,0.0,,0,0,22624,1,,,,,,,3100.2746,9470.0,3850.0,-1,1.0,,,,,,428246.0,2015,671,656,0,0,0,0,0,,12.0,51.0,2015,MIS4_to_MIS8,indiana,0,2014-2015,1,0,0,0,retention
10810006593391,12,2.0,1,4,2,301,3011,1,1,,18,16980,89,,1.0,,7,3,61,1.0,2,40,1,,2,1,2,1,2,57,57,57,1,0,0,1.0,1.0,,17.0,,17.0,,,23.0,,,7.0,3.0,0.0,1,2.0,,1.0,1050.0,178.5,2.0,2.0,,,,9808.8276,2454.8052,0,0,0.0,0.0,0,0,5389,2,,,1.0,,,,2427.778,7860.0,4600.0,-1,,,,,,,428204.0,2014,659,656,0,0,0,0,0,12.0,15.0,40.0,2014,2.0,1,8,2,301,3011,1,16980,89,,1.0,,7,3,62,1.0,2,40,1,,1,2,1,2,57,57,57,1,0,0,1.0,5.0,,,,,,,,,,1.0,3.0,0.0,2,,,,,,,,,,,10757.5585,2536.2231,0,0,,,0,0,44283,2,,,4.0,,,,2683.6768,7860.0,4020.0,-1,,,,,,,428254.0,2015,671,656,0,0,0,0,0,15.0,13.0,40.0,2015,MIS4_to_MIS8,indiana,0,2014-2015,1,0,0,0,retention
206105130810902,12,1.0,7,4,2,301,3011,1,1,,18,0,0,,1.0,,0,2,68,,2,40,1,,1,0,0,5,2,57,57,57,1,0,0,1.0,1.0,,40.0,,55.0,,,,,,2.0,3.0,0.0,1,2.0,,1.0,1700.0,680.0,2.0,2.0,,,,9185.5144,2485.3587,0,0,1.0,1.0,0,42,68653,1,,,3.0,,,,2351.8005,6770.0,5700.0,4720,,,,,,,428251.0,2014,659,656,0,0,0,0,0,14.0,17.0,31.0,2014,1.0,7,8,2,301,3011,1,0,0,,1.0,,0,2,69,,2,40,1,,0,0,5,2,57,57,57,1,0,0,1.0,1.0,,40.0,,60.0,,,,,,2.0,5.0,0.0,1,2.0,1.0,1.0,2100.0,650.0,2.0,2.0,,,,8126.8649,2216.021,0,0,0.0,0.0,0,0,4960,1,,,3.0,,,,2098.7731,6770.0,5700.0,4220,,,,,,,428317.0,2015,671,656,0,0,0,0,0,14.0,17.0,31.0,2015,MIS4_to_MIS8,indiana,0,2014-2015,0,1,0,1,retention
310009371019268,12,1.0,1,4,2,301,3011,1,1,,18,45460,0,,1.0,,2,1,51,2.0,1,39,1,,1,1,1,1,2,57,57,57,1,0,0,1.0,1.0,,40.0,,48.0,,,,,,2.0,3.0,0.0,1,2.0,2.0,2.0,,1015.38,1.0,,2.0,,,11281.8154,2838.1172,0,0,0.0,,0,0,5428,1,1.0,,,,,,2841.6805,9470.0,3850.0,3930,,,,,,,428254.0,2014,659,656,0,0,0,0,0,12.0,12.0,51.0,2014,1.0,1,8,2,301,3011,1,45460,0,,1.0,,2,1,51,2.0,1,39,1,,1,1,1,2,57,57,57,1,0,0,1.0,1.0,,40.0,,48.0,,,,,,2.0,3.0,0.0,1,2.0,2.0,2.0,,1730.0,2.0,2.0,2.0,,,11801.0962,3044.8834,0,0,1.0,,0,42,51323,1,1.0,,,,,,2993.0712,9470.0,3850.0,410,,,,,,,428322.0,2015,671,656,0,0,0,0,0,12.0,12.0,51.0,2015,MIS4_to_MIS8,indiana,0,2014-2015,1,0,0,0,retention
30610510003771,12,3.0,1,4,2,301,3011,1,1,,36,35620,5,1.0,1.0,1.0,7,1,45,3.0,1,39,2,,1,1,1,1,2,333,333,333,5,0,18,2.0,4.0,,,,,,,,111.0,2.0,11.0,3.0,0.0,2,,,,,,,,2.0,,,15052.3585,4073.5846,3,1,,,0,0,6344,1,1.0,,,,,,3987.3607,6080.0,9130.0,-1,,,,,,,438658.0,2014,659,656,0,0,1,0,0,12.0,22.0,23.0,2014,1.0,1,8,2,301,3011,1,35620,5,1.0,1.0,1.0,7,1,46,3.0,1,39,2,,1,1,1,2,333,333,333,5,0,18,1.0,4.0,,,,,,,,63.0,2.0,11.0,2.0,0.0,2,,,,,,,,2.0,,,28052.739,5236.1687,3,1,,,0,0,5790,1,1.0,,,,,,4838.6622,6080.0,9130.0,-1,,,,,,,438647.0,2015,671,656,0,0,1,0,0,12.0,22.0,23.0,2015,MIS4_to_MIS8,new_york,0,2014-2015,1,0,0,0,retention
30610742195538,12,1.0,1,4,2,301,3012,2,2,,36,35620,47,1.0,1.0,1.0,7,1,51,2.0,1,39,2,,1,1,1,1,2,343,343,343,4,0,14,1.0,1.0,,40.0,,40.0,,,,,,2.0,3.0,0.0,1,2.0,,1.0,2222.0,888.8,1.0,,2.0,,,13032.9408,3348.092,0,0,0.0,0.0,0,0,15939,1,1.0,,,,,,3383.5957,6180.0,9120.0,-1,,,,,,,438667.0,2014,659,656,0,0,0,0,0,12.0,22.0,23.0,2014,1.0,1,8,2,301,3012,2,35620,47,1.0,1.0,1.0,7,1,52,2.0,1,40,2,,1,1,1,2,343,343,343,4,0,4,1.0,1.0,,40.0,,40.0,,,,,,2.0,4.0,0.0,1,2.0,1.0,1.0,800.0,784.0,2.0,2.0,2.0,,,21100.4112,5156.1212,0,0,1.0,1.0,0,0,40248,1,,,3.0,,,,5071.456,6180.0,9120.0,-1,,,,,,,438655.0,2015,671,656,0,0,0,0,0,14.0,22.0,23.0,2015,MIS4_to_MIS8,new_york,0,2014-2015,0,1,0,1,retention
121483060029537,12,1.0,1,4,2,301,3011,1,1,,36,35620,81,1.0,1.0,1.0,7,1,25,2.0,2,44,1,4.0,1,1,1,1,2,57,329,329,1,0,0,1.0,1.0,,40.0,,40.0,,,,,,2.0,2.0,0.0,1,2.0,2.0,2.0,,1538.0,2.0,2.0,2.0,,,16674.811,4163.0964,0,0,1.0,,0,0,2067,1,,,,,,3.0,4162.0237,7860.0,3230.0,-1,,,,,,,438776.0,2014,659,656,0,0,0,0,0,18.0,10.0,40.0,2014,1.0,1,8,2,301,3011,1,35620,81,1.0,1.0,1.0,7,1,26,2.0,2,44,1,4.0,1,1,1,2,57,329,329,1,0,0,1.0,1.0,,35.0,,35.0,,,,,,2.0,3.0,0.0,1,2.0,2.0,2.0,,1100.0,1.0,,2.0,,,14334.8476,3460.0248,0,0,1.0,,0,0,62142,1,,,,,,,3458.9668,7860.0,3245.0,-1,,,,,,,438790.0,2015,671,656,0,0,0,0,0,,10.0,40.0,2015,MIS4_to_MIS8,new_york,0,2014-2015,1,0,0,0,retention
162763060077497,12,1.0,7,4,2,301,3011,1,1,,36,35620,47,1.0,1.0,1.0,7,2,26,,2,40,2,,1,0,0,7,2,57,332,57,1,0,0,1.0,1.0,,40.0,,47.0,,,,,,2.0,3.0,0.0,1,2.0,2.0,2.0,,1153.0,2.0,2.0,2.0,,,12762.6326,3301.3717,0,0,1.0,,0,0,50389,1,,,2.0,,,,3201.4229,5080.0,20.0,5110,,,,,,,438801.0,2014,659,656,0,0,0,0,0,13.0,1.0,22.0,2014,1.0,7,8,2,301,3011,1,35620,47,1.0,1.0,1.0,7,2,27,,2,42,2,,0,0,7,2,57,332,57,1,0,0,1.0,1.0,,40.0,,40.0,,,,,,2.0,4.0,0.0,1,2.0,1.0,1.0,2564.0,400.0,2.0,2.0,2.0,,,22374.7146,6124.7111,0,0,0.0,1.0,0,0,62080,1,,,1.0,,,,6119.7742,5570.0,50.0,-1,,,,,,,438841.0,2015,671,656,0,0,0,0,0,12.0,1.0,22.0,2015,MIS4_to_MIS8,new_york,0,2014-2015,0,1,0,1,retention
300630817042604,12,1.0,6,4,2,301,3011,1,1,,36,35620,81,1.0,1.0,1.0,7,2,31,,1,40,1,7.0,1,0,0,7,2,57,364,364,1,0,0,1.0,1.0,,50.0,,50.0,,,,,,2.0,3.0,0.0,1,1.0,2.0,2.0,,2500.0,1.0,,2.0,,,16821.1951,4232.9887,0,0,0.0,,0,0,50468,1,,,4.0,,,,4251.9974,9470.0,3740.0,-1,,,,,,,438842.0,2014,659,656,0,0,0,0,0,15.0,12.0,51.0,2014,1.0,6,8,2,301,3011,1,35620,81,1.0,1.0,1.0,7,2,32,,1,40,1,7.0,0,0,7,2,57,364,364,1,0,0,1.0,1.0,,50.0,,50.0,,,,,,2.0,3.0,0.0,1,2.0,2.0,2.0,,2884.61,1.0,,2.0,,,16731.4742,4183.4683,0,0,0.0,,0,0,48540,1,,,2.0,,,,4156.9593,9470.0,3740.0,-1,,,,,,,438901.0,2015,671,656,0,0,0,0,0,13.0,12.0,51.0,2015,MIS4_to_MIS8,new_york,0,2014-2015,1,0,0,0,retention
302490415058619,12,1.0,1,4,2,301,3011,1,1,,36,35620,47,1.0,1.0,1.0,7,3,25,1.0,2,44,1,,2,1,2,1,2,57,57,57,1,0,0,2.0,1.0,,40.0,,40.0,,,,,,2.0,3.0,0.0,1,2.0,2.0,2.0,,1596.0,1.0,,2.0,,,16006.9241,3967.4527,0,0,1.0,,0,0,1901,2,,,,,,3.0,3995.3195,7860.0,2310.0,-1,,,,,,,438854.0,2014,659,656,0,0,0,0,0,18.0,8.0,40.0,2014,2.0,1,8,2,301,3011,1,35620,47,1.0,1.0,1.0,7,3,26,1.0,2,44,1,,1,2,1,2,57,57,57,1,0,0,1.0,1.0,,40.0,,40.0,,,,,,2.0,3.0,0.0,1,2.0,2.0,2.0,,1346.15,1.0,,2.0,,,16360.5138,3958.0057,0,0,0.0,,0,0,29339,2,,,,,,,3947.7556,7860.0,2310.0,-1,,,,,,,438914.0,2015,671,656,0,0,0,0,0,,8.0,40.0,2015,MIS4_to_MIS8,new_york,0,2014-2015,1,0,0,0,retention
310000983524526,12,1.0,6,4,2,301,3011,1,1,,36,15380,0,1.0,1.0,1.0,5,2,27,,1,41,1,,1,0,0,7,2,57,57,57,1,0,0,1.0,1.0,,40.0,,56.0,,,,,,2.0,3.0,0.0,1,2.0,2.0,2.0,,384.0,1.0,,2.0,,,11710.6949,3005.174,0,0,1.0,,0,42,50337,1,,,4.0,,,,2960.1847,680.0,8620.0,-1,,,,,,,438885.0,2014,659,656,0,0,0,0,0,15.0,21.0,24.0,2014,2.0,6,8,2,301,3011,1,15380,0,1.0,1.0,1.0,5,2,28,,1,42,1,,0,0,7,2,57,57,57,1,0,0,2.0,1.0,,40.0,,40.0,,,,,,2.0,3.0,0.0,1,2.0,1.0,1.0,2300.0,1500.0,2.0,2.0,2.0,,,14490.704,3593.9482,0,0,1.0,1.0,0,0,55706,1,,,3.0,,,,3600.2366,670.0,1420.0,-1,,,,,,,438947.0,2015,671,656,0,0,0,0,0,14.0,4.0,24.0,2015,MIS4_to_MIS8,new_york,0,2014-2015,1,0,0,0,retention
563855190105916,12,2.0,4,4,2,301,3011,1,1,,36,35620,61,1.0,1.0,1.0,7,1,59,,2,40,2,,1,1,1,5,2,57,57,57,1,0,0,2.0,1.0,,40.0,,40.0,,,,,,2.0,2.0,0.0,1,1.0,1.0,1.0,1800.0,826.92,1.0,,,,,11367.884,2934.4342,0,0,0.0,0.0,0,0,16070,1,,,3.0,,,,2919.5898,9490.0,4250.0,-1,,,,,,,439026.0,2014,659,656,0,0,0,0,0,14.0,14.0,51.0,2014,2.0,4,8,2,301,3011,1,35620,61,1.0,1.0,1.0,7,1,59,,2,40,2,,1,1,5,2,57,57,57,1,0,0,2.0,1.0,,40.0,,40.0,,,,,,2.0,3.0,0.0,1,2.0,,1.0,840.0,336.0,1.0,,,,,11246.495,2957.6858,0,0,1.0,1.0,0,42,1924,1,,,1.0,,,,2987.4978,7070.0,4220.0,-1,,,,,,,439071.0,2015,671,656,0,0,0,0,0,12.0,14.0,34.0,2015,MIS4_to_MIS8,new_york,0,2014-2015,1,0,0,0,retention
656525301100305,12,0.0,3,4,2,301,3011,1,1,,36,35620,81,1.0,1.0,1.0,7,6,47,2.0,1,39,1,7.0,3,2,1,1,2,365,365,365,4,0,12,2.0,1.0,,40.0,,40.0,,,,,,2.0,3.0,0.0,1,2.0,2.0,2.0,,576.92,1.0,,2.0,,,19960.3903,5012.0369,0,0,0.0,,0,0,16176,3,1.0,,,,,,5027.6529,8290.0,4220.0,-1,,,,,,,439109.0,2014,659,656,0,0,0,0,0,12.0,14.0,42.0,2014,1.0,3,8,2,301,3011,1,35620,81,1.0,1.0,1.0,7,6,48,2.0,1,39,1,7.0,2,1,1,2,365,365,365,4,0,12,2.0,1.0,,40.0,,40.0,,,,,,2.0,4.0,0.0,1,2.0,2.0,2.0,,576.92,2.0,2.0,2.0,,,21679.0987,5484.2615,0,0,0.0,,0,0,29507,3,1.0,,,,,,5498.3949,8290.0,7630.0,-1,,,,,,,439119.0,2015,671,656,0,0,0,0,0,12.0,20.0,42.0,2015,MIS4_to_MIS8,new_york,0,2014-2015,0,1,0,1,retention
671240461701003,12,1.0,7,4,2,301,3011,1,1,,36,10580,0,1.0,1.0,,4,2,48,,2,39,1,2.0,1,0,0,6,2,73,73,73,2,0,14,1.0,1.0,,40.0,,40.0,,,,,,2.0,2.0,0.0,1,2.0,,1.0,1700.0,680.0,1.0,,2.0,,,15045.3095,3831.4222,0,0,1.0,1.0,0,0,30866,1,2.0,6.0,,,,,3793.9937,7870.0,4220.0,-1,,,,,,,439148.0,2014,659,656,0,0,0,0,0,10.0,14.0,40.0,2014,1.0,7,8,2,301,3011,1,10580,0,1.0,1.0,,4,2,48,,2,39,1,2.0,0,0,6,2,73,73,73,2,0,14,1.0,1.0,,40.0,,43.0,,,,,,2.0,2.0,0.0,1,2.0,1.0,1.0,900.0,461.0,1.0,,2.0,,,13158.4578,3358.0723,0,0,1.0,1.0,0,0,5781,1,2.0,6.0,,,,,3335.8992,7870.0,4220.0,-1,,,,,,,439137.0,2015,671,656,0,0,0,0,0,10.0,14.0,40.0,2015,MIS4_to_MIS8,new_york,0,2014-2015,1,0,0,0,retention
710006563332776,12,1.0,4,4,2,301,3011,1,1,,36,15380,0,1.0,1.0,1.0,5,1,51,,2,39,1,,1,1,1,5,2,57,57,57,1,0,0,1.0,1.0,,40.0,,40.0,,,,,,2.0,3.0,0.0,1,2.0,,1.0,1600.0,640.0,1.0,,2.0,,,13011.6924,3315.237,3,1,0.0,0.0,0,0,1829,1,1.0,,,,,,3281.174,8190.0,5700.0,-1,3.0,,,,,,439168.0,2014,659,656,0,0,1,0,0,12.0,17.0,41.0,2014,1.0,4,8,2,301,3011,1,15380,0,1.0,1.0,1.0,5,1,53,,2,39,1,,1,1,5,2,57,57,57,1,0,0,1.0,1.0,,40.0,,40.0,,,,,,2.0,5.0,0.0,1,2.0,,1.0,1600.0,640.0,1.0,,2.0,,,14488.5664,3720.1481,3,1,0.0,0.0,0,0,14600,1,1.0,,,,,,3673.105,8190.0,5700.0,-1,3.0,,,,,,439169.0,2015,671,656,0,0,1,0,0,12.0,17.0,41.0,2015,MIS4_to_MIS8,new_york,0,2014-2015,0,1,0,1,retention
810001953945426,12,1.0,1,4,2,301,3011,1,1,,36,35620,47,1.0,1.0,1.0,7,3,33,1.0,2,44,8,,2,1,2,1,2,57,57,57,1,0,0,2.0,2.0,14.0,-4.0,,,,,,,,10.0,3.0,0.0,1,2.0,2.0,2.0,,48.07,1.0,,2.0,,,23275.9743,6024.7771,5,2,1.0,,0,0,1899,2,,,,,,3.0,5809.6705,7860.0,2310.0,-1,,,,,,,439206.0,2014,659,656,1,1,0,0,1,18.0,8.0,40.0,2014,1.0,1,8,2,301,3011,1,35620,47,1.0,1.0,1.0,7,3,34,1.0,2,44,8,,1,2,1,2,57,57,57,1,0,0,2.0,7.0,,,,,,11.0,,,,1.0,3.0,0.0,2,,,,,,,,2.0,,,18945.5933,4460.0276,8,2,,,0,0,14678,2,,,,,,,4722.4918,7860.0,2310.0,-1,,,,,,,439199.0,2015,671,656,0,1,1,0,1,,8.0,40.0,2015,MIS4_to_MIS8,new_york,0,2014-2015,1,0,0,0,retention
881460004130962,12,1.0,4,4,2,301,3011,1,1,,36,35620,81,1.0,1.0,1.0,7,8,29,,1,43,2,,5,1,4,7,2,57,57,57,1,0,0,2.0,1.0,,-4.0,4.0,24.0,,,4.0,,,4.0,3.0,0.0,1,2.0,,1.0,1300.0,312.0,2.0,2.0,2.0,,,13954.2723,3573.1681,0,0,1.0,1.0,0,0,31171,5,,,,2.0,,,3558.5188,7860.0,2330.0,-1,,,,,,,439242.0,2014,659,656,0,0,0,0,0,16.0,8.0,40.0,2014,4.0,4,8,2,301,3011,1,35620,81,1.0,1.0,1.0,7,8,30,,1,43,2,,1,4,7,2,57,57,57,1,0,0,2.0,1.0,,-4.0,4.0,16.0,,,4.0,,,4.0,3.0,0.0,1,2.0,,1.0,2500.0,400.0,1.0,,2.0,,,17629.633,4681.9468,0,0,1.0,1.0,0,0,48532,5,,,,,,,4609.0146,7860.0,2310.0,-1,,,,,,,439222.0,2015,671,656,0,0,0,0,0,,8.0,40.0,2015,MIS4_to_MIS8,new_york,0,2014-2015,1,0,0,0,retention
4307762610558,12,1.0,1,4,2,301,3011,1,1,,36,35620,59,2.0,1.0,,7,4,24,,1,40,1,,3,1,3,7,2,57,57,57,1,0,0,2.0,1.0,,40.0,,60.0,,,,,,2.0,3.0,0.0,1,2.0,,1.0,910.0,364.0,1.0,,2.0,,,14284.5268,3462.4903,0,0,1.0,1.0,0,42,6401,3,,,5.0,,,,3544.1817,9470.0,3850.0,-1,,,,,1.0,1.0,439343.0,2014,659,656,0,0,0,0,0,16.0,12.0,51.0,2014,1.0,1,8,2,301,3011,1,35620,59,2.0,1.0,,7,4,25,,1,42,1,,1,3,7,2,57,57,57,1,0,0,2.0,1.0,,40.0,,46.0,,,,,,2.0,3.0,0.0,1,2.0,1.0,1.0,1313.0,961.53,1.0,,2.0,,,14520.5967,3601.3622,0,0,0.0,1.0,0,0,19519,3,,,3.0,,,,3607.6635,9470.0,3850.0,-1,,,,,1.0,1.0,439277.0,2015,671,656,0,0,0,0,0,14.0,12.0,51.0,2015,MIS4_to_MIS8,new_york,0,2014-2015,1,0,0,0,retention
30610039750995,12,1.0,7,4,2,301,3011,1,1,,36,35620,71,2.0,1.0,,7,2,31,,2,44,1,,1,0,0,5,2,57,57,57,1,0,0,1.0,1.0,,40.0,,40.0,,,,,,2.0,2.0,0.0,1,2.0,2.0,2.0,,1538.46,1.0,,2.0,,,14258.5364,3621.1106,0,0,0.0,,0,0,6419,1,,,,,,2.0,3558.9229,7860.0,2310.0,-1,,,,,,,439371.0,2014,659,656,0,0,0,0,0,18.0,8.0,40.0,2014,1.0,7,8,2,301,3011,1,35620,71,2.0,1.0,,7,2,31,,2,44,1,,0,0,3,2,57,57,57,1,0,0,1.0,1.0,,40.0,,40.0,,,,,,2.0,4.0,0.0,1,2.0,2.0,2.0,,1423.07,1.0,,2.0,,,16495.7891,3982.5015,0,0,0.0,,0,0,19536,1,,,,,,,3980.3972,7860.0,2310.0,-1,,,,,,,439296.0,2015,671,656,0,0,0,0,0,,8.0,40.0,2015,MIS4_to_MIS8,new_york,0,2014-2015,0,1,0,1,retention
38096092306371,12,2.0,3,4,2,301,3011,1,1,,36,35620,103,2.0,1.0,,7,14,57,,2,39,1,,2,0,0,7,2,57,57,57,1,0,0,1.0,1.0,,40.0,,40.0,,,,,,2.0,3.0,0.0,1,2.0,2.0,2.0,,673.0,2.0,2.0,,,,13317.0527,3416.4483,11,3,1.0,,0,42,66759,2,1.0,,,,,,3378.2426,8980.0,4510.0,-1,,,,,,,439412.0,2014,659,656,1,1,1,0,1,12.0,15.0,48.0,2014,2.0,3,8,2,301,3011,1,35620,103,2.0,1.0,,7,14,38,,2,39,1,,0,0,7,2,57,57,57,1,0,0,1.0,1.0,,40.0,,40.0,,,,,,2.0,3.0,0.0,1,2.0,2.0,2.0,,600.0,2.0,2.0,2.0,,,14640.9236,3764.3227,8,3,1.0,,0,42,40403,2,1.0,,,,,,3746.3348,7870.0,5860.0,-1,,,,,,,439347.0,2015,671,656,0,1,1,0,1,12.0,17.0,40.0,2015,MIS4_to_MIS8,new_york,0,2014-2015,1,0,0,0,retention
81768005230391,12,1.0,1,4,2,301,3011,1,1,,36,40380,55,2.0,1.0,,5,3,47,1.0,2,43,2,,2,1,2,1,2,333,333,333,4,21,6,2.0,1.0,,40.0,,40.0,,,,,,2.0,3.0,0.0,1,2.0,2.0,2.0,,769.0,2.0,2.0,2.0,,,12768.8796,3122.7714,0,0,1.0,,0,0,42190,2,,,,2.0,,,3089.2461,8980.0,4510.0,-1,,,,,,,439436.0,2014,659,656,0,0,0,0,0,16.0,15.0,48.0,2014,1.0,1,8,2,301,3011,1,40380,55,2.0,1.0,,5,3,48,1.0,2,43,2,,1,2,1,2,333,333,333,4,21,16,2.0,1.0,,35.0,,35.0,,,,,,2.0,5.0,0.0,1,2.0,,1.0,1500.0,525.0,1.0,,1.0,1.0,2.0,15721.8966,4072.366,0,0,1.0,1.0,0,42,14731,2,,,,,,,4076.8092,9190.0,5700.0,-1,,,,,,,439364.0,2015,671,656,0,0,0,0,0,,17.0,49.0,2015,MIS4_to_MIS8,new_york,0,2014-2015,0,1,0,1,retention
110000613904586,12,1.0,4,4,2,301,3011,1,1,,36,35620,87,2.0,1.0,,7,14,68,,1,44,1,,2,0,0,5,2,57,57,57,1,0,0,2.0,5.0,,,,,,,,,,1.0,3.0,0.0,2,,,,,,,,,,,11715.7123,2851.8036,0,0,,,0,0,50495,2,,,,,,2.0,2927.476,7860.0,230.0,-1,,,,,,,439452.0,2014,659,656,0,0,0,0,0,18.0,1.0,40.0,2014,1.0,1,8,2,301,3011,1,35620,87,2.0,1.0,,7,3,69,1.0,1,44,1,,1,2,1,2,57,57,57,1,0,0,2.0,5.0,,,,,,,,,,1.0,,,2,,,,,,,,,,,13295.6341,3299.28,0,0,,,0,0,55808,2,,,,,,,3341.9442,,,-1,,,,,,,439389.0,2015,671,656,0,0,0,0,0,,,,2015,MIS4_to_MIS8,new_york,0,2014-2015,0,1,0,0,retention
171063060015840,12,1.0,6,4,2,301,3012,2,2,,36,35620,119,2.0,1.0,,7,14,27,,2,44,1,,2,0,0,7,2,57,57,57,1,0,0,2.0,1.0,,40.0,,40.0,,,,,,2.0,3.0,0.0,1,2.0,2.0,2.0,,1538.0,1.0,,2.0,,,16236.5533,4047.4627,0,0,1.0,,0,42,31265,2,,,,,,2.0,4052.6349,7860.0,2320.0,-1,,,,,,,439497.0,2014,659,656,0,0,0,0,0,18.0,8.0,40.0,2014,1.0,6,8,2,301,3012,2,35620,119,2.0,1.0,,7,14,28,,2,44,1,,0,0,7,2,57,57,57,1,0,0,2.0,1.0,,40.0,,40.0,,,,,,2.0,3.0,0.0,1,2.0,2.0,2.0,,1153.0,1.0,,2.0,,,18201.4342,4442.9052,0,0,1.0,,0,42,15073,2,,,,,,,4391.9656,7860.0,2320.0,-1,,,,,,,439449.0,2015,671,656,0,0,0,0,0,,8.0,40.0,2015,MIS4_to_MIS8,new_york,0,2014-2015,1,0,0,0,retention
208304450610986,12,1.0,1,4,2,301,3011,1,1,,36,40380,55,2.0,1.0,,5,1,46,2.0,2,43,1,,1,1,1,1,2,57,57,57,1,0,0,1.0,1.0,,28.0,,28.0,,,17.0,,,7.0,3.0,0.0,1,2.0,,1.0,4300.0,1204.0,1.0,,2.0,,,14235.532,3617.9198,4,1,1.0,1.0,0,0,20751,1,,,,2.0,,,3589.7911,9470.0,5260.0,-1,,,,,,,439518.0,2014,659,656,0,0,0,1,0,16.0,17.0,51.0,2014,1.0,1,8,2,301,3011,1,40380,55,2.0,1.0,,5,1,47,2.0,2,43,1,,1,1,1,2,57,57,57,1,0,0,1.0,1.0,,28.0,,28.0,,,18.0,,,7.0,3.0,0.0,1,2.0,,1.0,1000.0,280.0,1.0,,2.0,,,15345.7567,3944.7717,4,1,1.0,1.0,0,0,29376,1,,,,,,,3890.4177,9470.0,5860.0,-1,,,,,,,439476.0,2015,671,656,0,0,0,1,0,,17.0,51.0,2015,MIS4_to_MIS8,new_york,0,2014-2015,1,0,0,0,retention
305050017074649,12,1.0,7,4,2,301,3011,1,1,,36,10580,0,2.0,1.0,,4,2,54,,2,45,1,,1,0,0,5,2,57,57,57,1,0,0,1.0,1.0,,38.0,,43.0,,,,,,2.0,2.0,0.0,1,2.0,2.0,2.0,,2070.0,2.0,2.0,2.0,,,12489.1701,3182.104,0,0,0.0,,0,0,6337,1,,,,,,,3149.4089,9570.0,2100.0,-1,,,,,,,439552.0,2014,659,656,0,0,0,0,0,18.0,7.0,51.0,2014,1.0,7,8,2,301,3011,1,10580,0,2.0,1.0,,4,2,55,,2,45,1,,0,0,5,2,57,57,57,1,0,0,1.0,1.0,,50.0,,45.0,,,,,,2.0,2.0,0.0,1,2.0,2.0,2.0,,2115.38,2.0,2.0,,,,13923.223,3501.5772,0,0,0.0,,0,0,32665,1,,,,,,,3494.3428,9570.0,2100.0,-1,,,,,,,439529.0,2015,671,656,0,0,0,0,0,18.0,7.0,51.0,2015,MIS4_to_MIS8,new_york,0,2014-2015,1,0,0,0,retention
663080140502305,12,1.0,7,4,2,301,3011,1,1,,36,35620,103,2.0,1.0,,7,2,74,,2,38,1,,1,0,0,4,2,57,57,57,1,0,0,1.0,1.0,,15.0,,15.0,,,22.0,,,7.0,3.0,0.0,1,2.0,1.0,1.0,1400.0,250.0,2.0,2.0,,,,12512.0033,3426.8954,0,0,0.0,0.0,0,0,16259,1,,,,,,,3203.4936,7860.0,2540.0,-1,,,,,,,439751.0,2014,659,656,0,0,0,0,0,12.0,8.0,40.0,2014,1.0,7,8,2,301,3011,1,35620,103,2.0,1.0,,7,2,75,,2,38,1,,0,0,4,2,57,57,57,1,0,0,1.0,1.0,,10.0,,10.0,,,22.0,,,7.0,3.0,0.0,1,2.0,,1.0,1075.0,107.5,2.0,2.0,,,,13096.7232,3555.7225,0,0,1.0,1.0,0,0,2067,1,,,,,,,3382.2452,7860.0,2540.0,-1,,,,,,,439689.0,2015,671,656,0,0,0,0,0,12.0,8.0,40.0,2015,MIS4_to_MIS8,new_york,0,2014-2015,1,0,0,0,retention
706351801980302,12,1.0,1,4,2,301,3011,1,1,,36,40380,55,2.0,1.0,,5,1,30,2.0,2,44,1,,1,1,1,1,2,57,57,57,1,0,0,1.0,1.0,,35.0,,35.0,,,,,,2.0,2.0,0.0,1,2.0,2.0,2.0,,961.53,1.0,,2.0,,,13776.971,3498.8118,5,2,0.0,,0,0,31024,1,,,,,,3.0,3438.7245,7860.0,2310.0,-1,,,,,,,439804.0,2014,659,656,1,1,0,0,1,18.0,8.0,40.0,2014,1.0,1,8,2,301,3011,1,40380,55,2.0,1.0,,5,1,31,2.0,2,44,1,,1,1,1,2,57,57,57,1,0,0,1.0,1.0,,35.0,,35.0,,,,,,2.0,2.0,0.0,1,2.0,,1.0,3300.0,1155.0,1.0,,2.0,,,16012.5672,3865.8395,5,2,1.0,1.0,0,42,48459,1,,,,,,,3863.7969,7860.0,2320.0,-1,,,,,,,439725.0,2015,671,656,1,1,0,0,1,,8.0,40.0,2015,MIS4_to_MIS8,new_york,0,2014-2015,1,0,0,0,retention
766451901820302,12,1.0,1,4,2,301,3011,1,1,,36,35620,119,2.0,1.0,,7,6,74,,2,43,1,,6,1,4,5,2,57,57,57,1,0,0,2.0,1.0,,30.0,,30.0,,,21.0,,,7.0,3.0,0.0,1,2.0,2.0,2.0,,365.0,2.0,2.0,,,,12512.0033,3426.8954,0,0,0.0,,0,0,6452,6,,,,2.0,,,3203.4936,7860.0,3255.0,-1,,,,,,,439833.0,2014,659,656,0,0,0,0,0,16.0,10.0,40.0,2014,1.0,1,8,2,301,3011,1,35620,119,2.0,1.0,,7,6,75,,2,43,1,,1,4,5,2,57,57,57,1,0,0,2.0,7.0,,,,,,,,,,1.0,4.0,0.0,2,,,,,,,,,,,14483.8261,3555.7225,0,0,,,0,0,5902,6,,,,,,,3613.2648,3960.0,3255.0,-1,,,,,,,439739.0,2015,671,656,0,0,0,0,0,,10.0,13.0,2015,MIS4_to_MIS8,new_york,0,2014-2015,0,1,0,1,retention
811167000630504,12,1.0,4,4,2,301,3011,1,1,,36,35620,119,2.0,1.0,,7,1,47,,2,44,11,,1,1,1,7,2,300,333,333,5,0,5,1.0,1.0,,35.0,,35.0,,,,,,2.0,3.0,0.0,1,2.0,2.0,2.0,,1807.69,1.0,,2.0,,,16441.9068,4158.9302,0,0,0.0,,0,0,31264,1,,,,,,2.0,4146.1753,8090.0,2100.0,-1,,,,,,,439848.0,2014,659,656,0,0,0,0,0,18.0,7.0,42.0,2014,1.0,4,8,2,301,3011,1,35620,119,2.0,1.0,,7,1,48,,2,44,11,,1,1,7,2,300,333,333,5,0,5,1.0,1.0,,35.0,4.0,33.0,,,4.0,,,4.0,3.0,0.0,1,2.0,1.0,1.0,1316.0,1807.69,1.0,,2.0,,,19535.5244,4955.7037,0,0,0.0,1.0,0,0,19559,1,,,,,,,4952.5971,9480.0,430.0,-1,,,,,,,439761.0,2015,671,656,0,0,0,0,0,,1.0,51.0,2015,MIS4_to_MIS8,new_york,0,2014-2015,1,0,0,0,retention
30610239832163,12,1.0,4,4,2,301,3011,1,1,,36,0,0,3.0,2.0,,0,12,35,,1,39,1,,2,0,0,7,2,57,57,57,1,0,0,,1.0,,40.0,,40.0,,,,,,2.0,3.0,0.0,1,2.0,,1.0,3230.0,1292.0,2.0,2.0,2.0,,,11968.3531,3111.0497,0,0,1.0,1.0,41,41,15872,2,1.0,,,,,,3096.8236,770.0,6320.0,-1,,,,,,,439928.0,2014,659,656,0,0,0,0,0,12.0,19.0,4.0,2014,6.0,4,8,2,301,3011,1,0,0,3.0,2.0,,0,12,27,,1,45,1,,0,0,7,2,57,57,57,1,0,0,,1.0,,40.0,,40.0,,,,,,2.0,5.0,0.0,1,2.0,,1.0,1900.0,760.0,2.0,2.0,2.0,,,13568.7931,3365.2982,0,0,1.0,1.0,41,41,14636,2,,,,,,,3371.1865,8190.0,3060.0,-1,,,,,,,439806.0,2015,671,656,0,0,0,0,0,18.0,10.0,41.0,2015,MIS4_to_MIS8,new_york,0,2014-2015,0,1,0,1,retention
38096231301171,12,1.0,1,4,2,301,3011,1,1,,36,0,0,3.0,2.0,,0,1,38,2.0,2,39,1,,1,1,1,1,2,57,57,57,1,0,0,1.0,1.0,,35.0,,99.0,,,,,,2.0,3.0,0.0,1,2.0,,1.0,1200.0,420.0,1.0,,2.0,,,12559.7853,3209.0461,3,2,0.0,0.0,0,0,1843,1,1.0,,,,,,3198.0566,7860.0,2540.0,3400,,,,,,,439930.0,2014,659,656,0,0,1,0,0,12.0,8.0,40.0,2014,1.0,1,8,2,301,3011,1,0,0,3.0,2.0,,0,1,39,2.0,2,39,1,,1,1,1,2,57,57,57,1,0,0,1.0,1.0,,-4.0,,99.0,,,,,,2.0,3.0,0.0,1,2.0,2.0,2.0,,125.0,2.0,2.0,2.0,,,13681.2328,3517.577,10,2,0.0,,0,0,1773,1,1.0,,,,,,3500.7681,9470.0,3400.0,2540,,,,,,,439813.0,2015,671,656,0,0,1,1,0,12.0,10.0,51.0,2015,MIS4_to_MIS8,new_york,0,2014-2015,1,0,0,0,retention
663807140108008,12,2.0,1,4,2,301,3011,1,1,,36,0,0,3.0,2.0,,0,3,62,1.0,2,43,1,,2,1,2,1,2,57,57,57,1,0,0,,5.0,,,,,,,,,,1.0,3.0,0.0,2,,,,,,,,,,,13743.5495,3335.8188,0,0,,,0,0,34480,2,,,,1.0,1.0,,3446.4265,7860.0,5700.0,-1,,,,,,,439997.0,2014,659,656,0,0,0,0,0,18.0,17.0,40.0,2014,2.0,1,8,2,301,3011,1,0,0,3.0,2.0,,0,3,63,1.0,2,43,1,,1,2,1,2,57,57,57,1,0,0,1.0,1.0,,21.0,,21.0,,,22.0,,,7.0,4.0,0.0,1,1.0,1.0,1.0,1150.0,180.0,2.0,2.0,,,,12682.9422,3289.4084,0,0,0.0,1.0,0,0,48408,2,,,,,,,3162.4973,5570.0,4760.0,-1,,,,,,,439863.0,2015,671,656,0,0,0,0,0,,16.0,22.0,2015,MIS4_to_MIS8,new_york,0,2014-2015,0,1,0,1,retention
710002473019356,12,2.0,1,4,2,301,3011,1,1,,36,0,0,3.0,2.0,,0,1,52,2.0,2,37,1,,1,1,1,1,2,57,57,57,1,0,0,2.0,1.0,,40.0,,40.0,,,,,,2.0,2.0,0.0,1,2.0,1.0,1.0,1300.0,673.07,1.0,,2.0,,,12981.7107,3307.5979,0,0,0.0,1.0,0,0,15806,1,,,,,,,3273.6135,8290.0,4610.0,-1,,,,,,,440003.0,2014,659,656,0,0,0,0,0,11.0,15.0,42.0,2014,2.0,1,8,2,301,3011,1,0,0,3.0,2.0,,0,1,53,2.0,2,37,1,,1,1,1,2,57,57,57,1,0,0,2.0,1.0,,40.0,,40.0,,,,,,2.0,2.0,0.0,1,2.0,,1.0,1500.0,600.0,1.0,,2.0,,,13566.7914,3483.4691,0,0,0.0,0.0,0,0,69931,1,,,,,,,3439.4189,9480.0,350.0,-1,,,,,,,439870.0,2015,671,656,0,0,0,0,0,11.0,1.0,51.0,2015,MIS4_to_MIS8,new_york,0,2014-2015,1,0,0,0,retention
9026810300611,12,1.0,1,4,2,301,3011,1,1,,36,13780,0,,1.0,,3,3,70,1.0,1,43,1,,2,1,2,1,2,57,57,57,1,0,0,2.0,1.0,,12.0,,10.0,,,15.0,,,7.0,3.0,0.0,1,2.0,1.0,1.0,825.0,184.0,2.0,2.0,,,,11475.9011,2770.2751,0,0,1.0,1.0,0,0,20781,2,,,,1.0,1.0,,2656.2416,6770.0,4220.0,-1,4.0,,,,,,440024.0,2014,659,656,0,0,0,0,0,18.0,14.0,31.0,2014,2.0,1,8,2,301,3011,1,13780,0,,1.0,,3,3,71,1.0,1,42,1,,1,2,1,2,57,57,57,1,0,0,1.0,1.0,,6.0,,6.0,,,21.0,,,7.0,3.0,0.0,1,2.0,1.0,1.0,1200.0,60.0,1.0,,,,,12638.4336,3172.1914,0,0,0.0,0.0,0,0,15046,2,,,3.0,,,,3106.9151,6770.0,4220.0,-1,4.0,,,,,,439883.0,2015,671,656,0,0,0,0,0,14.0,14.0,31.0,2015,MIS4_to_MIS8,new_york,0,2014-2015,1,0,0,0,retention
121866009030100,12,2.0,1,4,2,301,3011,1,1,,36,13780,0,,1.0,,3,3,52,1.0,2,44,1,,2,1,2,1,2,57,57,57,1,0,0,1.0,1.0,,38.0,,35.0,,,,,,2.0,3.0,0.0,1,2.0,2.0,2.0,,1234.92,1.0,,2.0,,,12270.1623,3126.3032,4,1,0.0,,0,0,16265,2,,,,,,2.0,3094.1815,7860.0,2310.0,-1,,,,,,,440041.0,2014,659,656,0,0,0,1,0,18.0,8.0,40.0,2014,2.0,1,8,2,301,3011,1,13780,0,,1.0,,3,3,53,1.0,2,44,1,,1,2,1,2,57,57,57,1,0,0,2.0,1.0,,45.0,,42.0,,,,,,2.0,5.0,0.0,1,2.0,2.0,2.0,,951.92,1.0,,2.0,,,13281.5463,3410.2283,0,0,0.0,,0,0,32698,2,,,,,,,3367.1043,7860.0,2310.0,-1,,,,,,,439921.0,2015,671,656,0,0,0,0,0,,8.0,40.0,2015,MIS4_to_MIS8,new_york,0,2014-2015,0,1,0,1,retention
610009883409046,12,1.0,1,4,2,301,3011,1,1,,36,24020,0,,1.0,,2,3,42,1.0,1,39,1,,2,1,2,1,2,57,57,57,1,0,0,2.0,1.0,,40.0,,40.0,,,,,,2.0,3.0,0.0,1,1.0,,1.0,1950.0,984.75,1.0,,2.0,,,10527.54,2753.227,4,1,0.0,0.0,0,0,20786,2,1.0,,,,,,2724.0118,9470.0,3850.0,-1,,,,,,,440108.0,2014,659,656,0,0,0,1,0,12.0,12.0,51.0,2014,1.0,1,8,2,301,3011,1,24020,0,,1.0,,2,3,43,1.0,1,39,1,,1,2,1,2,57,57,57,1,0,0,2.0,1.0,,40.0,,48.0,,,,,,2.0,3.0,0.0,1,1.0,,1.0,2900.0,1060.0,1.0,,2.0,,,11659.4584,2939.5815,4,1,0.0,0.0,0,0,48604,2,1.0,,,,,,2947.1477,9470.0,3850.0,-1,,,,,,,439969.0,2015,671,656,0,0,0,1,0,12.0,12.0,51.0,2015,MIS4_to_MIS8,new_york,0,2014-2015,1,0,0,0,retention
707306800610723,12,1.0,1,4,2,301,3011,1,1,,36,46540,0,,1.0,,3,3,33,1.0,2,44,1,,2,1,2,1,2,57,57,57,1,0,0,2.0,2.0,8.0,40.0,,,,,,,,5.0,3.0,0.0,1,2.0,2.0,2.0,,750.0,1.0,,2.0,,,13776.971,3498.8118,5,3,1.0,,0,0,16111,2,,,,,,2.0,3438.7245,7860.0,2310.0,-1,,,,,,,440134.0,2014,659,656,1,1,0,0,1,18.0,8.0,40.0,2014,1.0,1,8,2,301,3011,1,46540,0,,1.0,,3,3,34,1.0,2,44,1,,1,2,1,2,57,57,57,1,0,0,2.0,2.0,8.0,40.0,,,,,,,,5.0,3.0,0.0,1,2.0,2.0,2.0,,1634.0,1.0,,2.0,,,15359.7665,3708.2369,5,3,1.0,,0,0,59661,2,,,,,,,3706.2775,7860.0,2320.0,-1,,,,,,,439994.0,2015,671,656,1,1,0,0,1,,8.0,40.0,2015,MIS4_to_MIS8,new_york,0,2014-2015,1,0,0,0,retention
40210570885975,12,1.0,6,4,2,301,3011,1,1,,42,37980,101,1.0,1.0,,7,2,33,,1,39,1,,1,0,0,7,2,57,57,57,1,0,0,1.0,1.0,,40.0,,50.0,,,,,,2.0,3.0,0.0,1,1.0,1.0,1.0,2163.0,1153.84,1.0,,2.0,,,12712.8307,3244.1376,0,0,0.0,0.0,0,0,2863,1,1.0,,,,,,3213.5007,9470.0,3740.0,-1,1.0,2.0,,,,,443629.0,2014,659,656,0,0,0,0,0,12.0,12.0,51.0,2014,1.0,6,8,2,301,3011,1,37980,101,1.0,1.0,,7,2,34,,1,39,1,,0,0,7,2,57,57,57,1,0,0,1.0,1.0,,40.0,,48.0,,,,,,2.0,3.0,0.0,1,1.0,1.0,1.0,2309.0,923.07,1.0,,2.0,,,15454.724,3848.8185,0,0,0.0,0.0,0,0,16224,1,1.0,,,,,,3839.7488,9470.0,3740.0,-1,1.0,2.0,,,,,443553.0,2015,671,656,0,0,0,0,0,12.0,12.0,51.0,2015,MIS4_to_MIS8,pennsylvania,0,2014-2015,1,0,0,0,retention
40210090399092,12,1.0,1,4,2,301,3011,1,1,,42,38300,125,2.0,1.0,,5,1,37,2.0,2,44,1,,1,1,1,1,2,57,57,57,1,0,0,1.0,1.0,,38.0,,38.0,,,,,,2.0,2.0,0.0,1,2.0,2.0,2.0,,978.84,1.0,,2.0,,,10482.1865,2669.5058,1,2,0.0,,0,0,17353,1,,,,,,2.0,2669.0445,7860.0,3230.0,-1,,,,,,,443854.0,2014,659,656,1,0,0,0,1,18.0,10.0,40.0,2014,1.0,1,8,2,301,3011,1,38300,125,2.0,1.0,,5,1,38,2.0,2,44,1,,1,1,1,2,57,57,57,1,0,0,1.0,1.0,,38.0,,38.0,,,,,,2.0,2.0,0.0,1,2.0,2.0,2.0,,1038.46,1.0,,2.0,,,12625.3671,3233.5558,5,2,0.0,,0,0,16284,1,,,,,,,3230.5921,7860.0,3230.0,-1,,,,,,,443763.0,2015,671,656,1,1,0,0,1,,10.0,40.0,2015,MIS4_to_MIS8,pennsylvania,0,2014-2015,1,0,0,0,retention
40210090399092,12,1.0,1,4,2,301,3011,1,1,,42,38300,125,2.0,1.0,,5,3,37,1.0,1,43,1,,2,1,2,1,2,57,57,57,1,0,0,2.0,1.0,,40.0,,40.0,,,,,,2.0,3.0,0.0,1,2.0,,1.0,2100.0,840.0,1.0,,2.0,,,11589.7671,3002.8422,1,2,0.0,0.0,0,0,17353,2,,,,2.0,,,2998.8641,9470.0,3800.0,-1,,,,,,,443855.0,2014,659,656,1,0,0,0,1,16.0,12.0,51.0,2014,1.0,1,8,2,301,3011,1,38300,125,2.0,1.0,,5,3,38,1.0,1,43,1,,1,2,1,2,57,57,57,1,0,0,2.0,1.0,,40.0,,40.0,,,,,,2.0,3.0,0.0,1,2.0,,1.0,2000.0,800.0,1.0,,2.0,,,13674.3644,3458.0698,5,2,0.0,0.0,0,0,16284,2,,,,,,,3456.4531,9470.0,3800.0,-1,,,,,,,443764.0,2015,671,656,1,1,0,0,1,,12.0,51.0,2015,MIS4_to_MIS8,pennsylvania,0,2014-2015,1,0,0,0,retention
40210105722351,12,1.0,1,4,2,301,3011,1,1,,42,37980,17,2.0,1.0,,7,3,62,1.0,1,43,1,,2,1,2,1,2,57,57,57,1,0,0,2.0,1.0,,40.0,,40.0,,,,,,2.0,3.0,0.0,1,2.0,2.0,2.0,,846.15,1.0,,,,,11506.9448,2947.0253,0,0,0.0,,0,0,50885,2,,,,2.0,,,2930.1835,7860.0,2320.0,-1,,,,,,,443859.0,2014,659,656,0,0,0,0,0,16.0,8.0,40.0,2014,1.0,1,8,2,301,3011,1,37980,17,2.0,1.0,,7,3,63,1.0,1,43,1,,1,2,1,2,57,57,57,1,0,0,2.0,1.0,,40.0,,40.0,,,,,,2.0,3.0,0.0,1,2.0,2.0,2.0,,1250.0,1.0,,,,,13728.3792,3506.0363,0,0,0.0,,0,0,65841,2,,,,,,,3506.4562,7860.0,2320.0,-1,,,,,,,443771.0,2015,671,656,0,0,0,0,0,,8.0,40.0,2015,MIS4_to_MIS8,pennsylvania,0,2014-2015,1,0,0,0,retention
40210327185416,12,1.0,1,4,2,301,3011,1,1,,42,37980,91,2.0,1.0,,7,1,36,2.0,1,44,2,,1,1,1,1,2,57,57,57,1,0,0,1.0,1.0,,45.0,,45.0,,,,,,2.0,3.0,0.0,1,2.0,2.0,2.0,,865.0,1.0,,2.0,,,19666.6347,4823.2234,8,2,1.0,,0,42,17246,1,,,,,,2.0,4821.1706,7860.0,2320.0,-1,,,,,,,443884.0,2014,659,656,0,1,1,0,1,18.0,8.0,40.0,2014,1.0,1,8,2,301,3011,1,37980,91,2.0,1.0,,7,1,37,2.0,1,44,2,,1,1,1,2,57,57,57,1,0,0,1.0,1.0,,40.0,,40.0,,,,,,2.0,3.0,0.0,1,2.0,2.0,2.0,,1038.46,1.0,,2.0,,,17076.7141,4480.5612,8,2,0.0,,0,0,16163,1,,,,,,,4428.8956,7860.0,2320.0,2320,,,,,,,443796.0,2015,671,656,0,1,1,0,1,,8.0,40.0,2015,MIS4_to_MIS8,pennsylvania,0,2014-2015,1,0,0,0,retention
108402212210394,12,1.0,1,4,2,301,3011,1,1,,42,37980,91,2.0,1.0,,7,1,56,2.0,1,39,1,,1,1,1,1,2,57,57,57,1,0,0,1.0,1.0,,40.0,,40.0,,,,,,2.0,3.0,0.0,1,1.0,1.0,1.0,3500.0,1442.3,1.0,,,,,11896.4315,2992.1047,3,1,0.0,0.0,0,0,6832,1,1.0,,,,,,2954.6779,670.0,8620.0,-1,,,,,,,443925.0,2014,659,656,0,0,1,0,0,12.0,21.0,24.0,2014,2.0,1,8,2,301,3011,1,37980,91,2.0,1.0,,7,1,57,2.0,1,39,1,,1,1,1,2,57,57,57,1,0,0,2.0,1.0,,40.0,,40.0,,,,,,2.0,3.0,0.0,1,2.0,2.0,2.0,,1346.15,2.0,1.0,,,,17285.1005,4174.364,4,1,0.0,,0,0,30317,1,1.0,,,,,,4148.7275,680.0,8620.0,-1,,,,,,,443852.0,2015,671,656,0,0,0,1,0,12.0,21.0,24.0,2015,MIS4_to_MIS8,pennsylvania,0,2014-2015,1,0,0,0,retention
110008294625962,12,2.0,1,4,2,301,3011,1,1,,42,38300,3,2.0,1.0,,5,1,47,2.0,1,41,1,,1,1,1,1,2,57,57,57,1,0,0,2.0,1.0,,40.0,,40.0,,,,,,2.0,3.0,0.0,1,1.0,,1.0,1500.0,1560.0,2.0,2.0,2.0,,,13248.8767,3334.327,3,1,1.0,1.0,0,42,42777,1,,,1.0,,,,3337.1468,9470.0,3720.0,-1,,,,,,,443934.0,2014,659,656,0,0,1,0,0,12.0,12.0,51.0,2014,2.0,1,8,2,301,3011,1,38300,3,2.0,1.0,,5,1,48,2.0,1,40,1,,1,1,1,2,57,57,57,1,0,0,2.0,1.0,,40.0,,40.0,,,,,,2.0,3.0,0.0,1,2.0,,1.0,1200.0,480.0,1.0,,2.0,,,13681.572,3465.8675,3,1,1.0,1.0,0,0,60029,1,,,3.0,,,,3470.0098,9470.0,3740.0,-1,,,,,,,443864.0,2015,671,656,0,0,1,0,0,14.0,12.0,51.0,2015,MIS4_to_MIS8,pennsylvania,0,2014-2015,1,0,0,0,retention
116524020038408,12,2.0,1,4,2,301,3011,1,1,,42,38300,0,2.0,1.0,,5,3,28,1.0,2,43,1,,2,1,2,1,2,57,57,57,1,0,0,1.0,1.0,,45.0,,45.0,,,,,,2.0,3.0,0.0,1,2.0,2.0,2.0,,1019.23,1.0,,2.0,,,12673.9707,3149.1037,0,0,0.0,,0,0,2641,2,,,,2.0,,,3163.4162,7860.0,2330.0,-1,,,,,,,443939.0,2014,659,656,0,0,0,0,0,16.0,8.0,40.0,2014,2.0,1,8,2,301,3011,1,38300,0,2.0,1.0,,5,3,29,1.0,2,43,1,,1,2,1,2,57,57,57,1,0,0,1.0,1.0,,40.0,,40.0,,,,,,2.0,3.0,0.0,1,2.0,2.0,2.0,,1038.46,1.0,,2.0,,,15472.7093,3762.2338,1,1,0.0,,0,0,48909,2,,,,,,,3733.5304,7860.0,2330.0,-1,,,,,,,443872.0,2015,671,656,1,0,0,0,1,,8.0,40.0,2015,MIS4_to_MIS8,pennsylvania,0,2014-2015,1,0,0,0,retention
230810245681004,12,1.0,6,4,2,301,3011,1,1,,42,38300,0,2.0,1.0,,5,2,41,,1,40,1,,1,0,0,7,2,57,57,57,1,0,0,1.0,1.0,,40.0,,48.0,,,,,,2.0,3.0,0.0,1,2.0,2.0,2.0,,769.23,2.0,2.0,2.0,,,10785.7124,2811.572,0,0,0.0,,0,0,42790,1,,,1.0,,,,2790.8141,9470.0,3850.0,3850,2.0,,,,,,444007.0,2014,659,656,0,0,0,0,0,12.0,12.0,51.0,2014,1.0,6,8,2,301,3011,1,38300,0,2.0,1.0,,5,2,43,,1,40,1,,0,0,7,2,57,57,57,1,0,0,1.0,1.0,,40.0,,50.0,,,,,,2.0,3.0,0.0,1,2.0,2.0,2.0,,769.23,2.0,2.0,2.0,,,13335.5517,3349.1615,0,0,0.0,,0,0,30130,1,,,2.0,,,,3370.8118,9470.0,3850.0,3850,2.0,,,,,,443949.0,2015,671,656,0,0,0,0,0,13.0,12.0,51.0,2015,MIS4_to_MIS8,pennsylvania,0,2014-2015,1,0,0,0,retention
524814120301607,12,2.0,1,4,2,301,3011,1,1,,42,37980,91,2.0,1.0,,7,1,58,2.0,1,41,2,,1,1,1,1,2,333,333,333,4,0,10,2.0,1.0,,40.0,,40.0,,,,,,2.0,3.0,0.0,1,2.0,,1.0,2200.0,880.0,2.0,2.0,,,,12351.1921,3487.1685,8,4,1.0,1.0,0,42,2819,1,,,3.0,,,,3515.4719,6180.0,9120.0,-1,,,,,,,444174.0,2014,659,656,0,1,1,0,1,14.0,22.0,23.0,2014,2.0,1,8,2,301,3011,1,37980,91,2.0,1.0,,7,1,59,2.0,1,41,2,,1,1,1,2,333,333,333,4,0,10,2.0,1.0,,40.0,,40.0,,,,,,2.0,3.0,0.0,1,2.0,,1.0,2131.0,852.4,2.0,1.0,,,,11838.472,3523.8564,8,4,1.0,1.0,0,42,41042,1,,,3.0,,,,3448.4807,6180.0,9120.0,-1,,,,,,,444103.0,2015,671,656,0,1,1,0,1,14.0,22.0,23.0,2015,MIS4_to_MIS8,pennsylvania,0,2014-2015,1,0,0,0,retention
607400870210707,12,1.0,1,4,2,301,3011,1,1,,42,42540,0,2.0,1.0,,4,1,55,2.0,2,39,1,,1,1,1,1,2,57,57,57,1,0,0,1.0,1.0,,40.0,,40.0,,,,,,2.0,2.0,0.0,1,2.0,,1.0,1950.0,780.0,1.0,,,,,13673.6557,3496.5249,0,0,0.0,0.0,0,0,2787,1,1.0,,,,,,3468.705,9480.0,4610.0,-1,,,,,,,444208.0,2014,659,656,0,0,0,0,0,12.0,15.0,51.0,2014,2.0,1,8,2,301,3011,1,42540,0,2.0,1.0,,4,1,56,2.0,2,37,1,,1,1,1,2,57,57,57,1,0,0,2.0,1.0,,40.0,,40.0,,,,,,2.0,2.0,0.0,1,2.0,,1.0,2100.0,840.0,1.0,,,,,12728.9626,3188.856,0,0,0.0,0.0,0,0,60093,1,,,,,,,3194.6166,9480.0,3600.0,-1,,,,,,,444125.0,2015,671,656,0,0,0,0,0,11.0,11.0,51.0,2015,MIS4_to_MIS8,pennsylvania,0,2014-2015,1,0,0,0,retention
624287130101006,12,2.0,1,4,2,301,3011,1,1,,42,38300,129,2.0,1.0,,5,3,53,1.0,1,39,1,,2,1,2,1,2,57,57,57,1,0,0,1.0,1.0,,35.0,4.0,28.0,,,4.0,,,4.0,3.0,0.0,1,2.0,2.0,2.0,,932.69,2.0,2.0,2.0,,,12715.9175,3227.5478,0,0,0.0,,0,0,61775,2,1.0,,,,,,3202.9043,9380.0,120.0,-1,,,,,,,444216.0,2014,659,656,0,0,0,0,0,12.0,1.0,51.0,2014,2.0,1,8,2,301,3011,1,38300,129,2.0,1.0,,5,3,54,1.0,1,39,1,,1,2,1,2,57,57,57,1,0,0,1.0,1.0,,35.0,4.0,21.0,,,4.0,,,4.0,3.0,0.0,1,2.0,2.0,2.0,,980.5,2.0,2.0,2.0,,,15275.9616,3909.2121,0,0,0.0,,0,0,41106,2,1.0,,,,,,3874.3893,9380.0,120.0,-1,,,,,,,444136.0,2015,671,656,0,0,0,0,0,12.0,1.0,51.0,2015,MIS4_to_MIS8,pennsylvania,0,2014-2015,1,0,0,0,retention
902409900210903,12,1.0,1,4,2,301,3011,1,1,,42,38300,125,2.0,1.0,,5,1,45,2.0,1,40,1,,1,1,1,1,2,57,57,57,1,0,0,1.0,1.0,,50.0,4.0,16.0,,,4.0,,,4.0,2.0,0.0,1,1.0,,1.0,2437.0,1124.8,1.0,,2.0,,,13248.8767,3334.327,3,1,1.0,0.0,0,0,32137,1,,,2.0,,,,3337.1468,9470.0,3800.0,-1,1.0,,,,,,444296.0,2014,659,656,0,0,1,0,0,13.0,12.0,51.0,2014,2.0,1,8,2,301,3011,1,38300,125,2.0,1.0,,5,1,46,2.0,1,39,1,,1,1,1,2,57,57,57,1,0,0,2.0,1.0,,40.0,,40.0,,,,,,2.0,2.0,0.0,1,2.0,1.0,1.0,2500.0,1153.84,1.0,,2.0,,,13681.572,3465.8675,3,1,0.0,0.0,0,0,16285,1,1.0,,,,,,3470.0098,9470.0,3800.0,-1,1.0,,,,,,444198.0,2015,671,656,0,0,1,0,0,12.0,12.0,51.0,2015,MIS4_to_MIS8,pennsylvania,0,2014-2015,1,0,0,0,retention
401010211093259,12,1.0,1,4,2,301,3011,1,1,,42,0,107,3.0,2.0,,0,3,46,1.0,1,39,1,,2,1,2,1,2,57,57,57,1,0,0,2.0,1.0,,40.0,4.0,32.0,,,4.0,,,4.0,3.0,0.0,1,2.0,,1.0,2100.0,840.0,1.0,,2.0,,,12424.7195,3126.9125,0,0,0.0,0.0,0,0,2878,2,1.0,,,,,,3129.5569,9470.0,3850.0,-1,,,,,,,444396.0,2014,659,656,0,0,0,0,0,12.0,12.0,51.0,2014,1.0,1,8,2,301,3011,1,0,107,3.0,2.0,,0,3,47,1.0,1,39,1,,1,2,1,2,57,57,57,1,0,0,2.0,1.0,,40.0,,40.0,,,,,,2.0,3.0,0.0,1,2.0,,1.0,2025.0,810.0,1.0,,2.0,,,13306.1305,3370.7592,0,0,0.0,0.0,0,0,2754,2,1.0,,,,,,3374.7879,9470.0,3850.0,-1,,,,,,,444315.0,2015,671,656,0,0,0,0,0,12.0,12.0,51.0,2015,MIS4_to_MIS8,pennsylvania,0,2014-2015,1,0,0,0,retention
51012294401501,12,1.0,1,4,2,301,3011,1,1,,42,49620,133,,1.0,,3,1,42,2.0,1,41,1,,1,1,1,1,2,57,57,57,1,0,0,1.0,1.0,,38.0,,38.0,,,,,,2.0,2.0,0.0,1,2.0,2.0,2.0,,1350.0,2.0,2.0,2.0,,,10611.0969,2766.054,14,3,0.0,,0,0,2916,1,,,3.0,,,,2745.6322,9380.0,1010.0,-1,,,,,,,444496.0,2014,659,656,0,1,1,1,1,14.0,3.0,51.0,2014,1.0,1,8,2,301,3011,1,49620,133,,1.0,,3,1,43,2.0,1,42,1,,1,1,1,2,57,57,57,1,0,0,1.0,1.0,,40.0,,40.0,,,,,,2.0,1.0,0.0,1,2.0,2.0,2.0,,1153.84,2.0,2.0,2.0,,,13335.5517,3349.1615,10,3,0.0,,0,0,16303,1,,,3.0,,,,3370.8118,9380.0,1010.0,-1,,,,,,,444388.0,2015,671,656,0,0,1,1,0,14.0,3.0,51.0,2015,MIS4_to_MIS8,pennsylvania,0,2014-2015,0,1,1,0,retention
74082813400711,12,1.0,4,4,2,301,3011,1,1,,42,16540,55,,1.0,,2,1,51,,2,45,1,,1,1,1,3,2,57,57,57,1,0,0,1.0,1.0,,40.0,,40.0,,,,,,2.0,2.0,0.0,1,2.0,2.0,2.0,,2884.61,1.0,,2.0,,,12651.0741,3212.8721,0,0,0.0,,0,0,63810,1,,,,,,,3190.2365,7870.0,2200.0,-1,,,,,,,444503.0,2014,659,656,0,0,0,0,0,18.0,8.0,40.0,2014,1.0,7,8,2,301,3011,1,16540,55,,1.0,,2,2,52,,2,45,1,,0,0,3,2,57,57,57,1,0,0,1.0,1.0,,-4.0,,40.0,,,,,,2.0,2.0,0.0,1,2.0,2.0,2.0,,2884.61,1.0,,2.0,,,12522.7885,3202.9771,0,0,0.0,,0,0,16050,1,,,,,,,3174.7459,7870.0,2200.0,-1,,,,,,,444399.0,2015,671,656,0,0,0,0,0,18.0,8.0,40.0,2015,MIS4_to_MIS8,pennsylvania,0,2014-2015,1,0,0,0,retention
93032263401261,12,1.0,1,4,2,301,3011,1,1,,42,25420,43,,1.0,,4,1,41,2.0,1,40,1,,1,1,1,1,2,57,57,57,1,0,0,1.0,1.0,,48.0,,39.0,,,,,,2.0,3.0,0.0,1,2.0,1.0,1.0,3000.0,1173.07,1.0,,2.0,,,10724.0361,2795.4945,2,2,0.0,0.0,0,0,20983,1,,,1.0,,,,2774.8553,9470.0,3740.0,-1,,,,,,,444514.0,2014,659,656,0,1,0,0,1,12.0,12.0,51.0,2014,1.0,1,8,2,301,3011,1,25420,43,,1.0,,4,1,42,2.0,1,42,1,,1,1,1,2,57,57,57,1,0,0,1.0,7.0,,,,,,,,,,1.0,2.0,0.0,2,,,,,,,,2.0,,,13327.8861,3522.408,8,2,,,0,0,30208,1,,,3.0,,,,3322.2258,9470.0,3740.0,-1,,,,,,,444404.0,2015,671,656,0,1,1,0,1,14.0,12.0,51.0,2015,MIS4_to_MIS8,pennsylvania,0,2014-2015,1,0,0,0,retention
181827004340170,12,1.0,1,4,2,301,3011,1,1,,42,16540,55,,1.0,,2,1,33,2.0,1,44,1,,1,1,1,1,2,57,57,57,1,0,0,1.0,1.0,,40.0,,45.0,,,,,,2.0,2.0,0.0,1,2.0,2.0,2.0,,846.15,1.0,,2.0,,,11906.6138,3038.4022,0,0,0.0,,0,0,6804,1,,,,,,2.0,3009.7083,7870.0,7010.0,-1,,,,,,,444566.0,2014,659,656,0,0,0,0,0,18.0,20.0,40.0,2014,1.0,1,8,2,301,3011,1,16540,55,,1.0,,2,1,34,2.0,1,44,1,,1,1,1,2,57,57,57,1,0,0,1.0,1.0,,37.0,,37.0,,,,,,2.0,2.0,0.0,1,2.0,2.0,2.0,,865.38,2.0,2.0,2.0,,,15169.5893,3777.809,0,0,1.0,,0,0,19723,1,,,,,,,3768.9067,7870.0,1050.0,-1,,,,,,,444473.0,2015,671,656,0,0,0,0,0,,3.0,40.0,2015,MIS4_to_MIS8,pennsylvania,0,2014-2015,1,0,0,0,retention
181827004340170,12,1.0,1,4,2,301,3011,1,1,,42,16540,55,,1.0,,2,3,32,1.0,2,44,1,,2,1,2,1,2,57,57,57,1,0,0,2.0,1.0,,40.0,,37.0,,,,,,2.0,2.0,0.0,1,2.0,2.0,2.0,,834.61,1.0,,2.0,,,11208.0301,2837.144,0,0,0.0,,0,0,6804,2,,,,,,2.0,2797.5182,7870.0,230.0,-1,,,,,,,444567.0,2014,659,656,0,0,0,0,0,18.0,1.0,40.0,2014,1.0,1,8,2,301,3011,1,16540,55,,1.0,,2,3,33,1.0,2,44,1,,1,2,1,2,57,57,57,1,0,0,2.0,1.0,,45.0,,45.0,,,,,,2.0,2.0,0.0,1,2.0,2.0,2.0,,836.53,2.0,2.0,2.0,,,14646.0675,3522.2637,0,0,1.0,,0,0,19723,2,,,,,,,3534.0635,7870.0,230.0,-1,,,,,,,444474.0,2015,671,656,0,0,0,0,0,,1.0,40.0,2015,MIS4_to_MIS8,pennsylvania,0,2014-2015,1,0,0,0,retention
190924020039704,12,2.0,1,4,2,301,3011,1,1,,42,25420,0,,1.0,,4,3,45,1.0,1,43,4,,2,1,2,1,2,210,210,210,4,0,20,1.0,1.0,,38.0,,38.0,,,,,,2.0,2.0,0.0,1,2.0,2.0,2.0,,1250.0,1.0,,2.0,,,10030.0548,2565.3676,3,2,0.0,,0,0,67010,2,,,,2.0,,,2526.3852,9490.0,1360.0,-1,,,,,,,444569.0,2014,659,656,0,0,1,0,0,16.0,4.0,51.0,2014,2.0,1,8,2,301,3011,1,25420,0,,1.0,,4,3,47,1.0,1,43,4,,1,2,1,2,210,210,210,4,0,20,1.0,1.0,,38.0,,38.0,,,,,,2.0,2.0,0.0,1,2.0,2.0,2.0,,1230.76,1.0,,2.0,,,16444.5066,4196.221,3,2,0.0,,0,0,2612,2,,,,,,,4170.7634,9490.0,1350.0,-1,,,,,,,444476.0,2015,671,656,0,0,1,0,0,,4.0,51.0,2015,MIS4_to_MIS8,pennsylvania,0,2014-2015,1,0,0,0,retention
221150405191004,12,1.0,1,4,2,301,3011,1,1,,42,49620,133,,1.0,,3,1,35,2.0,1,43,1,,1,1,1,1,2,57,57,57,1,0,0,1.0,1.0,,-4.0,,50.0,,,,,,2.0,2.0,0.0,1,2.0,2.0,2.0,,1615.38,2.0,2.0,2.0,,,11402.1344,2954.2276,5,2,0.0,,0,0,21030,1,,,,1.0,1.0,,2950.3139,9370.0,430.0,-1,,,,,,,444590.0,2014,659,656,1,1,0,0,1,18.0,1.0,51.0,2014,2.0,1,8,2,301,3011,1,49620,133,,1.0,,3,1,36,2.0,1,43,1,,1,1,1,2,57,57,57,1,0,0,2.0,1.0,,60.0,,60.0,,,,,,2.0,2.0,0.0,1,2.0,2.0,2.0,,1653.84,2.0,2.0,2.0,,,13674.3644,3458.0698,8,2,0.0,,0,0,41111,1,,,,,,,3456.4531,9370.0,430.0,-1,,,,,,,444501.0,2015,671,656,0,1,1,0,1,,1.0,51.0,2015,MIS4_to_MIS8,pennsylvania,0,2014-2015,1,0,0,0,retention
260830557641004,12,1.0,1,4,2,301,3011,1,1,,42,0,0,,1.0,,0,1,47,2.0,1,43,1,,1,1,1,1,2,57,57,57,1,0,0,1.0,1.0,,38.0,1.0,29.0,,,1.0,,,3.0,3.0,0.0,1,2.0,2.0,2.0,,1100.0,1.0,,2.0,,,12122.0325,3050.7357,2,2,0.0,,0,0,17038,1,,,,2.0,,,3053.3156,7860.0,2320.0,-1,,,,,,,444619.0,2014,659,656,0,1,0,0,1,16.0,8.0,40.0,2014,1.0,1,8,2,301,3011,1,0,0,,1.0,,0,1,48,2.0,1,43,1,,1,1,1,2,57,57,57,1,0,0,1.0,1.0,,38.0,,38.0,,,,,,2.0,3.0,0.0,1,2.0,2.0,2.0,,2788.0,1.0,,2.0,,,14086.6719,3568.4889,8,2,1.0,,0,0,30194,1,,,,,,,3572.7539,7860.0,2320.0,-1,,,,,,,444524.0,2015,671,656,0,1,1,0,1,,8.0,40.0,2015,MIS4_to_MIS8,pennsylvania,0,2014-2015,1,0,0,0,retention
260830557641004,12,1.0,1,4,2,301,3011,1,1,,42,0,0,,1.0,,0,3,39,1.0,2,44,1,,2,1,2,1,2,57,57,57,1,0,0,2.0,1.0,,38.0,1.0,30.0,,,1.0,,,3.0,2.0,0.0,1,2.0,2.0,2.0,,950.0,2.0,1.0,2.0,,,9590.655,2442.4588,2,2,0.0,,0,0,17038,2,,,,,,2.0,2442.0368,7890.0,1820.0,-1,,,,,,,444620.0,2014,659,656,0,1,0,0,1,18.0,5.0,40.0,2014,1.0,1,8,2,301,3011,1,0,0,,1.0,,0,3,40,1.0,2,44,1,,1,2,1,2,57,57,57,1,0,0,2.0,1.0,,39.0,,39.0,,,,,,2.0,4.0,0.0,1,2.0,2.0,2.0,,1096.0,1.0,,2.0,,,12753.1139,3231.8657,8,2,1.0,,0,0,30194,2,,,,,,,3263.2801,8370.0,2000.0,-1,,,,,,,444525.0,2015,671,656,0,1,1,0,1,,6.0,43.0,2015,MIS4_to_MIS8,pennsylvania,0,2014-2015,0,1,0,1,retention
402891701900401,12,1.0,1,4,2,301,3011,1,1,,42,0,0,,1.0,,0,1,37,2.0,1,43,1,,1,1,1,1,2,57,57,57,1,0,0,1.0,1.0,,50.0,,50.0,,,,,,2.0,3.0,0.0,1,2.0,2.0,2.0,,865.0,1.0,,2.0,,,10604.0337,2747.4443,8,2,1.0,,0,0,63804,1,,,,1.0,1.0,,2743.8046,7860.0,2320.0,-1,,,,,,,444666.0,2014,659,656,0,1,1,0,1,18.0,8.0,40.0,2014,1.0,3,8,2,301,3011,1,0,0,,1.0,,0,1,38,,1,43,1,,1,1,6,2,57,57,57,1,0,0,1.0,1.0,,50.0,,50.0,,,,,,2.0,3.0,0.0,1,2.0,2.0,2.0,,903.0,1.0,,2.0,,,14079.2509,3560.4603,8,2,1.0,,0,0,48941,1,,,,,,,3558.7958,7860.0,2320.0,-1,,,,,,,444543.0,2015,671,656,0,1,1,0,1,,8.0,40.0,2015,MIS4_to_MIS8,pennsylvania,0,2014-2015,1,0,0,0,retention
403010912005264,12,1.0,7,4,2,301,3011,1,1,,42,25420,43,,1.0,,4,2,61,,2,39,1,,1,0,0,7,2,57,57,57,1,0,0,1.0,1.0,,37.0,4.0,30.0,,,4.0,,,4.0,2.0,0.0,1,2.0,,1.0,1634.0,604.58,1.0,,,,,13462.1215,3399.2811,0,0,0.0,0.0,0,0,42841,1,1.0,,,,,,3332.0029,9570.0,5820.0,-1,3.0,,,,,,444670.0,2014,659,656,0,0,0,0,0,12.0,17.0,51.0,2014,1.0,7,8,2,301,3011,1,25420,43,,1.0,,4,2,62,,2,39,1,,0,0,7,2,57,57,57,1,0,0,1.0,1.0,,38.0,,37.0,,,,,,2.0,2.0,0.0,1,2.0,2.0,2.0,,617.51,1.0,,,,,12990.8866,3356.2519,0,0,0.0,,0,0,30203,1,1.0,,,,,,3239.2833,6970.0,5820.0,-1,3.0,,,,,,444546.0,2015,671,656,0,0,0,0,0,12.0,17.0,32.0,2015,MIS4_to_MIS8,pennsylvania,0,2014-2015,1,0,0,0,retention
404180311040251,12,2.0,1,4,2,301,3011,1,1,,42,25420,0,,1.0,,4,1,41,2.0,1,39,1,,1,1,1,1,2,57,57,57,1,0,0,2.0,1.0,,40.0,,40.0,,,,,,2.0,2.0,0.0,1,2.0,2.0,2.0,,884.61,2.0,2.0,2.0,,,10611.0969,2766.054,0,0,0.0,,0,0,2708,1,1.0,,,,,,2745.6322,9570.0,565.0,-1,2.0,,,,,,444671.0,2014,659,656,0,0,0,0,0,12.0,2.0,51.0,2014,2.0,1,8,2,301,3011,1,25420,0,,1.0,,4,1,42,2.0,1,39,1,,1,1,1,2,57,57,57,1,0,0,2.0,1.0,,40.0,,40.0,,,,,,2.0,2.0,0.0,1,2.0,2.0,2.0,,1057.69,2.0,2.0,2.0,,,13550.8795,3403.2401,0,0,0.0,,0,0,30200,1,1.0,,,,,,3425.24,9570.0,565.0,-1,2.0,,,,,,444548.0,2015,671,656,0,0,0,0,0,12.0,2.0,51.0,2015,MIS4_to_MIS8,pennsylvania,0,2014-2015,1,0,0,0,retention
510006124400932,12,3.0,6,4,2,301,3011,1,1,,42,25420,43,,1.0,,4,13,49,,2,39,1,,2,0,0,5,2,57,57,57,1,0,0,2.0,1.0,,40.0,,40.0,,,,,,2.0,3.0,0.0,1,1.0,1.0,1.0,1220.0,1923.0,2.0,2.0,2.0,,,15127.6487,3832.1448,0,0,1.0,1.0,0,0,42842,2,2.0,7.0,,,,,3814.7572,7860.0,4220.0,-1,,,,,,,444719.0,2014,659,656,0,0,0,0,0,11.0,14.0,40.0,2014,3.0,6,8,2,301,3011,1,25420,43,,1.0,,4,13,50,,2,39,1,,0,0,5,2,57,57,57,1,0,0,2.0,1.0,,40.0,,40.0,,,,,,2.0,4.0,0.0,1,2.0,2.0,2.0,,500.0,2.0,2.0,2.0,,,12359.0515,3161.0978,0,0,1.0,,0,0,30204,2,2.0,7.0,,,,,3133.2357,7860.0,4220.0,-1,,,,,,,444581.0,2015,671,656,0,0,0,0,0,11.0,14.0,40.0,2015,MIS4_to_MIS8,pennsylvania,0,2014-2015,0,1,0,1,retention
512260701970405,12,1.0,1,4,0,301,3012,2,2,,42,29540,71,,1.0,,4,1,52,2.0,1,43,1,,1,1,1,1,2,57,57,57,1,0,0,1.0,1.0,,45.0,,45.0,,,,,,2.0,3.0,0.0,1,2.0,2.0,2.0,,1750.0,2.0,2.0,2.0,,,12510.0529,3175.2954,0,0,0.0,,0,0,67031,1,,,,2.0,,,3151.0508,680.0,120.0,-1,,,,,,,444720.0,2014,659,656,0,0,0,0,0,16.0,1.0,24.0,2014,2.0,1,8,2,301,3012,2,29540,71,,1.0,,4,1,53,2.0,1,43,1,,1,1,1,2,57,57,57,1,0,0,1.0,1.0,,-4.0,,47.0,,,,,,2.0,4.0,0.0,1,2.0,2.0,2.0,,1788.46,2.0,2.0,2.0,,,15522.621,3972.3337,0,0,0.0,,0,0,48964,1,,,,,,,3936.9487,680.0,120.0,-1,,,,,,,444589.0,2015,671,656,0,0,0,0,0,,1.0,24.0,2015,MIS4_to_MIS8,pennsylvania,0,2014-2015,0,1,0,1,retention
652480301760405,12,1.0,7,4,2,301,3011,1,1,,42,0,0,,1.0,,0,2,50,,2,39,1,,1,0,0,7,2,57,57,57,1,0,0,1.0,1.0,,76.0,,76.0,,,,,,2.0,2.0,0.0,1,2.0,,1.0,1090.0,828.4,2.0,2.0,2.0,,,12342.8728,3134.6011,0,0,0.0,0.0,0,0,42831,1,1.0,,,,,,3112.517,8370.0,4610.0,-1,,,,,,,444737.0,2014,659,656,0,0,0,0,0,12.0,15.0,43.0,2014,1.0,7,8,2,301,3011,1,0,0,,1.0,,0,2,52,,2,39,1,,0,0,7,2,57,57,57,1,0,0,1.0,1.0,,80.0,,80.0,,,,,,2.0,4.0,0.0,1,1.0,,1.0,1000.0,825.0,2.0,2.0,2.0,,,12522.7885,3202.9771,0,0,1.0,1.0,0,42,60063,1,1.0,,,,,,3174.7459,8170.0,3600.0,-1,,,,,,,444607.0,2015,671,656,0,0,0,0,0,12.0,11.0,42.0,2015,MIS4_to_MIS8,pennsylvania,0,2014-2015,0,1,0,1,retention
711821009940720,12,1.0,1,4,2,301,3011,1,1,,42,27780,21,,1.0,,2,1,59,2.0,2,39,1,,1,1,1,1,2,57,57,57,1,0,0,1.0,1.0,,40.0,,40.0,,,,,,2.0,3.0,0.0,1,2.0,2.0,2.0,,673.07,1.0,,,,,14082.8029,3601.149,0,0,0.0,,0,0,31940,1,1.0,,,,,,3572.4966,7860.0,5700.0,-1,,,,,,,444746.0,2014,659,656,0,0,0,0,0,12.0,17.0,40.0,2014,1.0,1,8,2,301,3011,1,27780,21,,1.0,,2,1,60,2.0,2,39,1,,1,1,1,2,57,57,57,1,0,0,1.0,1.0,,40.0,,40.0,,,,,,2.0,3.0,0.0,1,2.0,,1.0,1375.0,550.0,1.0,,,,,13162.9944,3400.7167,0,0,0.0,0.0,0,0,30173,1,1.0,,,,,,3282.1985,7860.0,5700.0,-1,,,,,,,444615.0,2015,671,656,0,0,0,0,0,12.0,17.0,40.0,2015,MIS4_to_MIS8,pennsylvania,0,2014-2015,1,0,0,0,retention
