hhid,intmonth,hurespli_t,hrhtype_t,minsamp_x,hrlonglk_t,hrsample_t,hrhhid2_t,serial_t,hhnum,stfips_t,cbsafips_t,county_t,centcity_t,smsastat_t,icntcity_t,smsa04_t,relref95_t,age_t,spouse_t,sex_t,grade92_t,race_t,ethnic_t,lineno,famnum_t,pfamrel_t,marital_t,prpertyp_t,penatvty_t,pemntvty_t,pefntvty_t,prcitshp_t,prcitflg_t,peinusyr_t,selfproxy_t,lfsr94_t,absent94_t,uhourse_t,reason94_t,hourslw_t,laydur_t,dwrsn_t,why3594_t,prunedur_t,untype_t,ftpt94_t,class94_t,agri_t,eligible_t,otc_t,ernpdh2_t,paidhre_t,earnhre_t,earnwke_t,unionmme_t,unioncov_t,schenr_t,studftpt_t,schlvl_t,earnwt_t,weight_t,chldpres_t,ownchild_t,i25d_t,i25c_t,i25a_t,i25b_t,qstnum_t,occurnum_t,ged_t,gedhigr_t,yrcoll_t,grprof_t,gr6cor_t,ms123_t,cmpwgt_t,ind02_t,occ2012_t,occ002_t,vet1_t,vet2_t,vet3_t,vet4_t,linedad_t,linemom_t,recnum_t,year_t,ym_file_t,ym_t,ch02_t,ch35_t,ch613_t,ch1417_t,ch05_t,ihigrdc_t,docc00_t,dind02_t,year_file_x,hurespli_t1,hrhtype_t1,minsamp_y,hrlonglk_t1,hrsample_t1,hrhhid2_t1,serial_t1,stfips_t1,cbsafips_t1,county_t1,centcity_t1,smsastat_t1,icntcity_t1,smsa04_t1,relref95_t1,age_t1,spouse_t1,sex_t1,grade92_t1,race_t1,ethnic_t1,famnum_t1,pfamrel_t1,marital_t1,prpertyp_t1,penatvty_t1,pemntvty_t1,pefntvty_t1,prcitshp_t1,prcitflg_t1,peinusyr_t1,selfproxy_t1,lfsr94_t1,absent94_t1,uhourse_t1,reason94_t1,hourslw_t1,laydur_t1,dwrsn_t1,why3594_t1,prunedur_t1,untype_t1,ftpt94_t1,class94_t1,agri_t1,eligible_t1,otc_t1,ernpdh2_t1,paidhre_t1,earnhre_t1,earnwke_t1,unionmme_t1,unioncov_t1,schenr_t1,studftpt_t1,schlvl_t1,earnwt_t1,weight_t1,chldpres_t1,ownchild_t1,i25d_t1,i25c_t1,i25a_t1,i25b_t1,qstnum_t1,occurnum_t1,ged_t1,gedhigr_t1,yrcoll_t1,grprof_t1,gr6cor_t1,ms123_t1,cmpwgt_t1,ind02_t1,occ2012_t1,occ002_t1,vet1_t1,vet2_t1,vet3_t1,vet4_t1,linedad_t1,linemom_t1,recnum_t1,year_t1,ym_file_t1,ym_t1,ch02_t1,ch35_t1,ch613_t1,ch1417_t1,ch05_t1,ihigrdc_t1,docc00_t1,dind02_t1,year_file_y,pair_type,pair,stayed_public,moved_private,moved_self_employed,not_employed_t1,retired_t1,exited_public,switched_class94,analytic_sample
10710123981511,1,2.0,1,4,2,301,3011,1,1,17,16980,0,1.0,1.0,2.0,7,1,47,2.0,2,40,1,,1,1,1,1,2,57,57,57,1,0,0,2.0,1.0,,-4.0,6.0,30.0,,,6.0,,,4.0,3.0,0.0,1,2.0,2.0,1.0,1000.0,300.0,2.0,2.0,2.0,,,12401.5553,3110.6443,4,1,1.0,1.0,0,42,31032,1,,,2.0,,,,3129.794,7860.0,4020.0,-1,,,,,,,11587.0,2015,660,657,0,0,0,1,0,13.0,13.0,40.0,2015,1.0,1,8,2,301,3011,1,17,16980,0,1.0,1.0,2.0,7,1,48,2.0,2,40,1,,1,1,1,2,57,57,57,1,0,0,1.0,1.0,,30.0,,30.0,,,18.0,,,7.0,3.0,0.0,1,2.0,,1.0,1350.0,405.0,2.0,2.0,2.0,,,11572.7889,2945.4926,0,0,1.0,1.0,0,42,50742,1,,,3.0,,,,2950.9751,7860.0,4600.0,-1,,,,,,,11415.0,2016,672,657,0,0,0,0,0,14.0,15.0,40.0,2016,MIS4_to_MIS8,2015-2016,True,False,False,False,False,False,False,1
71694140101202,1,2.0,1,4,2,301,3011,1,1,17,16980,0,1.0,1.0,2.0,7,1,61,2.0,1,44,1,,1,1,1,1,2,57,57,57,1,0,0,2.0,1.0,,40.0,,40.0,,,,,,2.0,3.0,0.0,1,2.0,2.0,2.0,,673.0,1.0,,,,,14864.7792,3719.9593,0,0,1.0,,0,42,30900,1,,,,,,,3755.7323,7860.0,2310.0,4430,,,,,,,11611.0,2015,660,657,0,0,0,0,0,,8.0,40.0,2015,1.0,1,8,2,301,3011,1,17,16980,0,1.0,1.0,2.0,7,1,62,2.0,1,44,1,,1,1,1,2,57,57,57,1,0,0,1.0,4.0,,,,,,,,15.0,3.0,12.0,4.0,0.0,2,,,,,,,,,,,13671.0105,3254.2194,0,0,,,0,0,33120,1,,,,,,,3320.1953,7280.0,5240.0,-1,,,,,,,11455.0,2016,672,657,0,0,0,0,0,,17.0,36.0,2016,MIS4_to_MIS8,2015-2016,False,True,False,False,False,True,True,1
110009811115237,1,2.0,1,4,2,301,3011,1,1,17,16980,0,1.0,1.0,2.0,7,3,44,1.0,2,44,4,,2,1,2,1,2,210,210,210,3,10,5,1.0,2.0,14.0,-4.0,,,,,,,,5.0,3.0,0.0,1,2.0,2.0,1.0,1600.0,1403.0,2.0,2.0,2.0,,,14721.817,3567.7999,0,0,1.0,1.0,0,42,31031,2,,,,,,,3586.7565,7860.0,2310.0,-1,,,,,,,11650.0,2015,660,657,0,0,0,0,0,,8.0,40.0,2015,2.0,1,8,2,301,3011,1,17,16980,0,1.0,1.0,2.0,7,3,45,1.0,2,44,4,,1,2,1,2,210,210,210,3,10,23,1.0,7.0,,,,,,11.0,,,,1.0,3.0,0.0,2,,,,,,,,2.0,,,12805.321,3345.7557,0,0,,,0,0,21007,2,,,,,,,3248.8669,7860.0,2310.0,-1,,,,,,,11486.0,2016,672,657,0,0,0,0,0,,8.0,40.0,2016,MIS4_to_MIS8,2015-2016,True,False,False,False,False,False,False,1
236097273102311,1,1.0,1,4,2,301,3011,1,1,17,16980,0,1.0,1.0,1.0,7,3,55,1.0,2,44,1,,2,1,2,1,2,57,57,57,1,0,0,,1.0,,50.0,,40.0,,,,,,2.0,3.0,0.0,1,2.0,2.0,2.0,,961.0,1.0,,,,,12414.8074,2998.54,0,0,1.0,,41,41,6570,2,,,,,,,3026.2222,7870.0,2430.0,-1,,,,,,,11719.0,2015,660,657,0,0,0,0,0,,8.0,40.0,2015,2.0,1,8,2,301,3011,1,17,16980,0,1.0,1.0,1.0,7,3,56,1.0,2,44,1,,1,2,1,2,57,57,57,1,0,0,,1.0,,40.0,,40.0,,,,,,2.0,3.0,0.0,1,2.0,2.0,2.0,,830.0,1.0,,,,,11961.0926,2924.9647,0,0,1.0,,41,41,43061,2,,,,,,,2944.4233,7860.0,2320.0,-1,,,,,,,11567.0,2016,672,657,0,0,0,0,0,,8.0,40.0,2016,MIS4_to_MIS8,2015-2016,True,False,False,False,False,False,False,1
271381130504329,1,1.0,7,4,2,301,3011,1,1,17,16980,0,1.0,1.0,1.0,7,2,26,,2,44,4,,1,0,0,7,2,57,217,57,1,0,0,1.0,1.0,,40.0,,40.0,,,,,,2.0,1.0,0.0,1,2.0,2.0,2.0,,346.15,2.0,2.0,2.0,,,16825.5205,4317.2339,0,0,0.0,,0,0,49060,1,,,,,,,4237.6177,8370.0,5360.0,-1,,,,,,,11728.0,2015,660,657,0,0,0,0,0,,17.0,43.0,2015,1.0,7,8,2,301,3011,1,17,16980,0,1.0,1.0,1.0,7,2,27,,2,44,4,,0,0,7,2,57,217,57,1,0,0,1.0,1.0,,40.0,,40.0,,,,,,2.0,5.0,0.0,1,2.0,2.0,2.0,,346.15,2.0,2.0,2.0,,,14494.6668,3652.787,0,0,0.0,,0,0,31043,1,,,,,,,3580.839,7580.0,630.0,-1,,,,,,,11578.0,2016,672,657,0,0,0,0,0,,2.0,38.0,2016,MIS4_to_MIS8,2015-2016,False,True,False,False,False,True,True,1
271572003010000,1,1.0,1,4,2,301,3011,1,1,17,37900,0,1.0,1.0,,3,3,43,1.0,2,44,1,,2,1,2,1,2,57,57,57,1,0,0,2.0,1.0,,40.0,,80.0,,,,,,2.0,3.0,0.0,1,2.0,2.0,2.0,,1250.0,2.0,2.0,2.0,,,12857.5871,3101.687,3,2,0.0,,0,0,49123,2,,,,,,,3132.564,8570.0,2400.0,2550,,,,,,,11731.0,2015,660,657,0,0,1,0,0,,8.0,44.0,2015,1.0,1,8,2,301,3011,1,17,37900,0,1.0,1.0,,3,3,44,1.0,2,44,1,,1,2,1,2,57,57,57,1,0,0,2.0,1.0,,45.0,,45.0,,,,,,2.0,3.0,0.0,1,2.0,2.0,2.0,,1269.23,2.0,2.0,2.0,,,11870.6376,2942.5784,3,2,0.0,,0,0,33214,2,,,,,,,2980.9732,8570.0,2400.0,-1,,,,,,,11582.0,2016,672,657,0,0,1,0,0,,8.0,44.0,2016,MIS4_to_MIS8,2015-2016,True,False,False,False,False,False,False,1
671807140700028,1,1.0,7,4,2,301,3011,1,1,17,16980,0,1.0,1.0,1.0,7,2,34,,2,43,1,1.0,1,0,0,7,2,57,57,57,1,0,0,1.0,1.0,,40.0,,50.0,,,,,,2.0,1.0,0.0,1,1.0,1.0,1.0,1100.0,1615.38,2.0,2.0,2.0,,,13100.327,3370.186,0,0,0.0,1.0,0,0,6581,1,,,,,,,3299.4033,9590.0,3850.0,-1,1.0,,,,,,11818.0,2015,660,657,0,0,0,0,0,,12.0,51.0,2015,1.0,7,8,2,301,3011,1,17,16980,0,1.0,1.0,1.0,7,2,35,,2,43,1,1.0,0,0,7,2,57,57,57,1,0,0,1.0,1.0,,-4.0,,40.0,,,,,,2.0,1.0,0.0,1,1.0,1.0,1.0,4040.0,2777.77,1.0,,2.0,,,11903.3872,2989.6029,0,0,0.0,0.0,0,0,4782,1,,,,,,,2989.1973,9470.0,3850.0,-1,1.0,,,,,,11665.0,2016,672,657,0,0,0,0,0,,12.0,51.0,2016,MIS4_to_MIS8,2015-2016,True,False,False,False,False,False,False,1
749390133281001,1,1.0,1,4,2,301,3011,1,1,17,16980,0,1.0,1.0,,7,3,61,1.0,2,43,1,,2,1,2,1,2,57,57,57,1,0,0,1.0,1.0,,-4.0,,16.0,,,21.0,,,7.0,3.0,0.0,1,2.0,2.0,2.0,,57.69,1.0,,,,,12181.7522,3126.7411,0,0,0.0,,0,0,18398,2,,,,,,,3070.607,7860.0,2550.0,-1,,,,,,,11854.0,2015,660,657,0,0,0,0,0,,8.0,40.0,2015,2.0,1,8,2,301,3011,1,17,16980,0,1.0,1.0,,7,3,63,1.0,2,43,1,,1,2,1,2,57,57,57,1,0,0,1.0,5.0,,,,,,,,,,1.0,3.0,0.0,2,,,,,,,,,,,12317.7469,3001.7764,0,0,,,0,0,43039,2,,,,,,,3083.1635,7860.0,230.0,-1,,,,,,,11690.0,2016,672,657,0,0,0,0,0,,1.0,40.0,2016,MIS4_to_MIS8,2015-2016,True,False,False,False,True,False,False,1
750320020701001,1,1.0,7,4,2,301,3011,1,1,17,37900,0,1.0,1.0,,3,14,59,,2,43,1,,2,0,0,3,2,57,57,57,1,0,0,2.0,1.0,,40.0,8.0,20.0,,,8.0,,,4.0,2.0,0.0,1,2.0,2.0,2.0,,2307.69,2.0,2.0,,,,12785.0862,3087.9732,0,0,0.0,,0,0,52986,2,,,,,,,3116.4811,9470.0,3820.0,-1,,,,,,,11857.0,2015,660,657,0,0,0,0,0,,12.0,51.0,2015,1.0,7,8,2,301,3011,1,17,37900,0,1.0,1.0,,3,14,60,,2,43,1,,0,0,4,2,57,57,57,1,0,0,2.0,3.0,,,,,26.0,,,26.0,1.0,11.0,2.0,0.0,2,,,,,,,,,,,11604.2227,2774.6635,0,0,,,0,0,43159,2,,,,,,,2597.7659,9470.0,3820.0,-1,,,,,,,11693.0,2016,672,657,0,0,0,0,0,,12.0,51.0,2016,MIS4_to_MIS8,2015-2016,True,False,False,False,False,False,False,1
808113572710688,1,1.0,6,4,2,301,3011,1,1,17,16980,0,1.0,1.0,1.0,7,2,69,,1,44,1,,1,0,0,4,2,57,57,57,1,0,0,1.0,7.0,,,,,,11.0,,,,1.0,3.0,0.0,2,,,,,,,,,,,13855.3087,3467.2457,0,0,,,0,0,15354,1,,,,,,,3496.4437,9470.0,3820.0,-1,4.0,,,,,,11891.0,2015,660,657,0,0,0,0,0,,12.0,51.0,2015,1.0,6,8,2,301,3011,1,17,16980,0,1.0,1.0,1.0,7,2,70,,1,44,1,,0,0,4,2,57,57,57,1,0,0,1.0,5.0,,,,,,,,,,1.0,,,2,,,,,,,,,,,14658.8073,3636.7912,0,0,,,0,0,8566,1,,,,,,,3651.9383,,,-1,4.0,,,,,,11704.0,2016,672,657,0,0,0,0,0,,,,2016,MIS4_to_MIS8,2015-2016,False,False,False,True,True,True,True,1
10710097800149,1,2.0,7,4,2,301,3011,1,1,17,16980,0,2.0,1.0,,7,2,56,,2,44,1,,1,0,0,7,2,57,57,57,1,0,0,1.0,1.0,,40.0,,40.0,,,,,,2.0,3.0,0.0,1,2.0,2.0,2.0,,653.0,1.0,,,,,11987.4399,2895.3182,0,0,1.0,,0,0,57518,1,,,,,,,2922.0475,7860.0,2310.0,-1,,,,,,,11956.0,2015,660,657,0,0,0,0,0,,8.0,40.0,2015,1.0,7,8,2,301,3011,1,17,16980,0,2.0,1.0,,7,2,57,,2,44,1,,0,0,7,2,57,57,57,1,0,0,1.0,1.0,,40.0,,40.0,,,,,,2.0,3.0,0.0,1,2.0,2.0,2.0,,1730.0,1.0,,,,,11603.5896,2837.541,0,0,1.0,,0,42,20877,1,,,,,,,2856.418,7860.0,2310.0,-1,,,,,,,11750.0,2016,672,657,0,0,0,0,0,,8.0,40.0,2016,MIS4_to_MIS8,2015-2016,True,False,False,False,False,False,False,1
10710169342213,1,2.0,1,4,2,301,3011,1,1,17,16980,97,2.0,1.0,,7,1,33,2.0,1,46,1,,1,1,1,1,2,57,362,57,1,0,0,2.0,1.0,,50.0,,45.0,,,,,,2.0,3.0,0.0,1,2.0,2.0,2.0,,1692.0,1.0,,2.0,,,11799.2443,2911.2688,1,1,1.0,,0,0,57546,1,,,,,,,2926.7018,9470.0,2100.0,-1,1.0,2.0,,,,,11966.0,2015,660,657,1,0,0,0,1,18.0,7.0,51.0,2015,1.0,1,8,2,301,3011,1,17,16980,97,2.0,1.0,,7,1,34,2.0,1,46,1,,1,1,1,2,57,362,57,1,0,0,1.0,1.0,,50.0,,50.0,,,,,,2.0,3.0,0.0,1,2.0,2.0,2.0,,1153.84,2.0,2.0,2.0,,,10807.2426,2680.9016,1,2,0.0,,0,0,50700,1,,,,,,,2688.2351,7270.0,2100.0,-1,1.0,2.0,,,,,11756.0,2016,672,657,1,0,0,0,1,18.0,7.0,36.0,2016,MIS4_to_MIS8,2015-2016,True,False,False,False,False,False,False,1
21007941101351,1,1.0,3,4,2,301,3011,1,1,17,16980,0,2.0,1.0,,7,4,20,,2,40,4,,2,1,3,7,2,57,233,233,1,0,0,2.0,7.0,,,,,,,,,,1.0,2.0,0.0,2,,,,,,,,1.0,1.0,2.0,19368.8214,4498.2949,0,0,,,0,0,18488,2,,,4.0,,,,4563.7601,7870.0,3620.0,-1,,,,,,1.0,11988.0,2015,660,657,0,0,0,0,0,15.0,11.0,40.0,2015,1.0,3,8,2,301,3011,1,17,16980,0,2.0,1.0,,7,4,21,,2,43,4,,1,3,7,2,57,233,233,1,0,0,2.0,1.0,,32.0,,32.0,,,18.0,,,7.0,4.0,0.0,1,2.0,,1.0,735.0,235.2,2.0,2.0,2.0,,,13267.4003,3463.8279,0,0,1.0,1.0,0,0,33124,2,,,,,,,3337.0031,8190.0,3620.0,-1,,,,,,1.0,11819.0,2016,672,657,0,0,0,0,0,,11.0,41.0,2016,MIS4_to_MIS8,2015-2016,False,True,False,False,False,True,True,1
107097665106761,1,1.0,7,4,2,301,3011,1,1,17,16980,0,2.0,1.0,,7,2,32,,2,44,1,,1,0,0,7,2,57,57,57,1,0,0,1.0,1.0,,40.0,,40.0,,,,,,2.0,3.0,0.0,1,2.0,2.0,2.0,,1250.0,1.0,,2.0,,,11611.8021,2926.4788,0,0,1.0,,0,42,18427,1,,,,,,,2924.5085,7860.0,2310.0,-1,,,,,,,12045.0,2015,660,657,0,0,0,0,0,,8.0,40.0,2015,1.0,1,8,2,301,3011,1,17,16980,0,2.0,1.0,,7,1,34,2.0,2,44,1,,1,1,1,2,57,57,57,1,0,0,1.0,1.0,,40.0,,40.0,,,,,,2.0,3.0,0.0,1,2.0,2.0,2.0,,1395.34,1.0,,2.0,,,10831.7577,2649.232,0,0,0.0,,0,0,20749,1,,,,,,,2675.9346,7860.0,2310.0,-1,,,,,,,11894.0,2016,672,657,0,0,0,0,0,,8.0,40.0,2016,MIS4_to_MIS8,2015-2016,True,False,False,False,False,False,False,1
117160719050760,1,4.0,1,4,2,301,3011,1,1,17,16980,0,2.0,1.0,,7,1,54,2.0,1,39,1,,1,1,1,1,2,57,57,57,1,0,0,2.0,6.0,,,,,,,,,,1.0,3.0,0.0,2,,,,,,,,2.0,,,13250.6913,3405.1773,0,0,,,0,0,6543,1,1.0,,,,,,3424.1583,6290.0,9130.0,-1,,,,,,,12065.0,2015,660,657,0,0,0,0,0,12.0,22.0,23.0,2015,1.0,1,8,2,301,3011,1,17,16980,0,2.0,1.0,,7,1,55,2.0,1,39,1,,1,1,1,2,57,57,57,1,0,0,1.0,2.0,5.0,50.0,,,,,,,,5.0,3.0,0.0,1,1.0,2.0,2.0,,2596.15,1.0,,,,,12134.0403,3170.9328,0,0,0.0,,0,0,20730,1,1.0,,,,,,3155.1834,6180.0,7410.0,-1,,,,,,,11922.0,2016,672,657,0,0,0,0,0,12.0,20.0,23.0,2016,MIS4_to_MIS8,2015-2016,True,False,False,False,False,False,False,1
154391070095616,1,1.0,1,4,2,301,3011,1,1,17,16980,97,2.0,1.0,,7,4,17,,1,36,1,,3,1,3,7,2,57,128,128,1,0,0,2.0,7.0,,,,,,,,,,1.0,3.0,0.0,2,,,,,,,,1.0,1.0,1.0,11889.2419,2815.9946,0,0,,,0,0,47692,3,,,,,,,2803.1654,8590.0,3955.0,-1,,,,,1.0,1.0,12085.0,2015,660,657,0,0,0,0,0,10.0,12.0,44.0,2015,1.0,1,8,2,301,3011,1,17,16980,97,2.0,1.0,,7,4,18,,1,37,1,,1,3,7,2,57,128,128,1,0,0,2.0,7.0,,,,,,,,,,1.0,,,2,,,,,,,,1.0,1.0,1.0,10720.7983,2669.8345,0,0,,,0,0,33173,3,,,,,,,2613.2596,,,-1,,,,,1.0,1.0,11949.0,2016,672,657,0,0,0,0,0,11.0,,,2016,MIS4_to_MIS8,2015-2016,False,False,False,True,False,True,True,1
310003421112697,1,1.0,4,4,2,301,3011,1,1,17,16980,97,2.0,1.0,,7,6,59,,1,39,1,,2,1,4,5,2,57,57,57,1,0,0,2.0,1.0,,50.0,,50.0,,,,,,2.0,3.0,0.0,1,1.0,,1.0,4200.0,2340.0,1.0,,,,,13664.5319,3470.0019,0,0,1.0,1.0,0,42,52975,2,1.0,,,,,,3458.4681,7860.0,7210.0,-1,3.0,4.0,,,,,12197.0,2015,660,657,0,0,0,0,0,12.0,20.0,40.0,2015,1.0,4,8,2,301,3011,1,17,16980,97,2.0,1.0,,7,6,60,,1,39,1,,1,4,5,2,57,57,57,1,0,0,2.0,1.0,,40.0,,40.0,,,,,,2.0,3.0,0.0,1,2.0,2.0,2.0,,1730.0,2.0,2.0,,,,12567.3377,3156.9546,0,0,1.0,,0,0,65569,2,1.0,,,,,,3143.7592,7860.0,7210.0,-1,3.0,4.0,,,,,12060.0,2016,672,657,0,0,0,0,0,12.0,20.0,40.0,2016,MIS4_to_MIS8,2015-2016,True,False,False,False,False,False,False,1
505106050710255,1,1.0,1,4,2,301,3011,1,1,17,41180,0,2.0,1.0,,6,3,47,1.0,2,43,1,,2,1,2,1,2,57,57,57,1,0,0,2.0,2.0,4.0,50.0,,,,,,,,5.0,1.0,0.0,1,2.0,2.0,2.0,,1346.15,2.0,2.0,2.0,,,11974.644,3003.5635,4,2,0.0,,0,0,39499,2,,,,,,,3022.054,6670.0,160.0,-1,,,,,,,12237.0,2015,660,657,0,0,0,1,0,,1.0,27.0,2015,1.0,1,8,2,301,3011,1,17,41180,0,2.0,1.0,,6,3,48,1.0,2,43,1,,1,2,1,2,57,57,57,1,0,0,2.0,1.0,,40.0,,40.0,,,,,,2.0,1.0,0.0,1,2.0,2.0,2.0,,1384.61,2.0,2.0,2.0,,,11226.8919,2857.4553,4,1,0.0,,0,0,20690,2,,,,,,,2862.7739,6670.0,5110.0,-1,,,,,,,12095.0,2016,672,657,0,0,0,1,0,,17.0,27.0,2016,MIS4_to_MIS8,2015-2016,True,False,False,False,False,False,False,1
772280758501001,1,1.0,1,4,2,301,3011,1,1,17,16980,97,2.0,1.0,,7,3,46,1.0,2,43,2,,2,1,2,1,2,332,332,332,4,0,7,2.0,1.0,,60.0,,60.0,,,,,,2.0,1.0,0.0,1,2.0,2.0,2.0,,1057.69,1.0,,2.0,,,16761.127,4053.0455,10,2,0.0,,0,0,57547,2,,,,,,,4056.3816,8370.0,2010.0,-1,,,,,,,12362.0,2015,660,657,0,0,1,1,0,,6.0,43.0,2015,1.0,1,8,2,301,3011,1,17,16980,97,2.0,1.0,,7,3,47,1.0,2,43,2,,1,2,1,2,332,332,332,4,0,7,2.0,1.0,,60.0,,60.0,,,,,,2.0,2.0,0.0,1,2.0,2.0,2.0,,1153.84,2.0,2.0,2.0,,,13010.3694,3361.2135,10,2,0.0,,0,0,50708,2,,,,,,,3431.2589,9480.0,2010.0,-1,,,,,,,12221.0,2016,672,657,0,0,1,1,0,,6.0,51.0,2016,MIS4_to_MIS8,2015-2016,True,False,False,False,False,False,True,1
791650963451001,1,2.0,1,4,2,301,3011,1,1,17,16980,97,2.0,1.0,,7,3,48,1.0,2,39,1,1.0,2,1,2,1,2,57,57,57,1,0,0,1.0,1.0,,40.0,,40.0,,,,,,2.0,3.0,0.0,1,2.0,,1.0,3280.0,1312.0,1.0,,2.0,,,10689.7811,2656.6609,3,2,0.0,0.0,0,0,15364,2,1.0,,,,,,2697.7917,9470.0,5520.0,-1,,,,,,,12380.0,2015,660,657,0,0,1,0,0,12.0,17.0,51.0,2015,1.0,1,8,2,301,3011,1,17,16980,97,2.0,1.0,,7,3,49,1.0,2,39,1,,1,2,1,2,57,57,57,1,0,0,2.0,1.0,,40.0,,40.0,,,,,,2.0,3.0,0.0,1,2.0,,1.0,3100.0,1612.0,1.0,,2.0,,,11226.8919,2857.4553,3,2,0.0,0.0,0,0,33172,2,1.0,,,,,,2862.7739,9470.0,5520.0,-1,,,,,,,12234.0,2016,672,657,0,0,1,0,0,12.0,17.0,51.0,2016,MIS4_to_MIS8,2015-2016,True,False,False,False,False,False,False,1
165191070063500,1,2.0,4,4,2,301,3011,1,1,17,0,0,3.0,2.0,,0,7,26,,2,44,1,,2,1,4,7,2,57,57,57,1,0,0,2.0,1.0,,40.0,10.0,32.0,,,10.0,,,4.0,3.0,0.0,1,2.0,2.0,2.0,,738.46,2.0,1.0,2.0,,,13544.0985,3353.1408,0,0,0.0,,0,0,15340,2,,,,,,,3411.1701,7860.0,3230.0,-1,,,,,,,12507.0,2015,660,657,0,0,0,0,0,,10.0,40.0,2015,1.0,4,8,2,301,3011,1,17,0,0,3.0,2.0,,0,7,27,,2,44,1,,1,4,7,2,57,57,57,1,0,0,2.0,1.0,,40.0,,40.0,,,,,,2.0,3.0,0.0,1,2.0,2.0,2.0,,846.15,2.0,2.0,2.0,,,12192.666,3034.0953,0,0,0.0,,0,0,58204,2,,,,,,,3012.1405,7860.0,3230.0,-1,,,,,,,12315.0,2016,672,657,0,0,0,0,0,,10.0,40.0,2016,MIS4_to_MIS8,2015-2016,True,False,False,False,False,False,False,1
271680180100200,1,1.0,7,4,2,301,3011,1,1,17,0,0,3.0,2.0,,0,2,25,,2,43,1,,1,0,0,7,2,57,57,57,1,0,0,2.0,1.0,,40.0,,40.0,,,,,,2.0,2.0,0.0,1,2.0,2.0,2.0,,576.92,1.0,,2.0,,,13544.0985,3353.1408,0,0,0.0,,0,0,57561,1,,,,,,,3411.1701,7860.0,2320.0,-1,,,,,,,12520.0,2015,660,657,0,0,0,0,0,,8.0,40.0,2015,1.0,7,8,2,301,3011,1,17,0,0,3.0,2.0,,0,2,26,,2,43,1,,0,0,7,2,57,57,57,1,0,0,1.0,1.0,,50.0,,50.0,,,,,,2.0,2.0,0.0,1,2.0,2.0,2.0,,653.84,1.0,,2.0,,,12192.666,3034.0953,0,0,0.0,,0,0,8770,1,,,,,,,3012.1405,7860.0,2320.0,-1,,,,,,,12334.0,2016,672,657,0,0,0,0,0,,8.0,40.0,2016,MIS4_to_MIS8,2015-2016,True,False,False,False,False,False,False,1
802106201710008,1,2.0,1,4,2,301,3011,1,1,17,0,0,3.0,2.0,,0,1,40,2.0,1,43,1,,1,1,1,1,2,57,57,57,1,0,0,1.0,1.0,,40.0,,37.0,,,,,,2.0,3.0,0.0,1,2.0,2.0,2.0,,905.0,2.0,2.0,2.0,,,10574.1187,2611.7431,3,2,0.0,,0,0,30989,1,,,,,,,2646.4401,9470.0,2015.0,-1,,,,,,,12566.0,2015,660,657,0,0,1,0,0,,6.0,51.0,2015,1.0,1,8,2,301,3011,1,17,0,0,3.0,2.0,,0,1,41,2.0,1,43,1,,1,1,1,2,57,57,57,1,0,0,1.0,1.0,,40.0,,40.0,,,,,,2.0,3.0,0.0,1,2.0,2.0,2.0,,623.07,2.0,2.0,2.0,,,10231.794,2522.4571,3,2,0.0,,0,0,20965,1,,,,,,,2538.9659,9470.0,2015.0,-1,,,,,,,12360.0,2016,672,657,0,0,1,0,0,,6.0,51.0,2016,MIS4_to_MIS8,2015-2016,True,False,False,False,False,False,False,1
802106201710008,1,2.0,1,4,2,301,3011,1,1,17,0,0,3.0,2.0,,0,3,39,1.0,2,44,1,,2,1,2,1,2,57,57,57,1,0,0,2.0,1.0,,40.0,,40.0,,,,,,2.0,2.0,0.0,1,2.0,2.0,2.0,,900.0,1.0,,2.0,,,11863.1139,2869.3035,3,2,0.0,,0,0,30989,2,,,,,,,2890.2751,7860.0,2310.0,-1,,,,,,,12567.0,2015,660,657,0,0,1,0,0,,8.0,40.0,2015,1.0,1,8,2,301,3011,1,17,0,0,3.0,2.0,,0,3,40,1.0,2,44,1,,1,2,1,2,57,57,57,1,0,0,2.0,1.0,,40.0,,40.0,,,,,,2.0,2.0,0.0,1,2.0,2.0,2.0,,623.07,1.0,,2.0,,,11677.9596,2894.816,3,2,0.0,,0,0,20965,2,,,,,,,2932.5876,7860.0,2310.0,-1,,,,,,,12361.0,2016,672,657,0,0,1,0,0,,8.0,40.0,2016,MIS4_to_MIS8,2015-2016,True,False,False,False,False,False,False,1
10710159815011,1,2.0,7,4,2,301,3011,1,1,17,44100,0,,1.0,,2,2,29,,2,44,1,,1,0,0,7,2,57,57,57,1,0,0,1.0,1.0,,42.0,,42.0,,,,,,2.0,2.0,0.0,1,2.0,2.0,2.0,,961.53,1.0,,1.0,2.0,2.0,14584.1933,3610.6393,0,0,0.0,,0,0,62251,1,,,,,,,3673.1248,7860.0,2310.0,-1,,,,,,,12589.0,2015,660,657,0,0,0,0,0,,8.0,40.0,2015,1.0,7,8,2,301,3011,1,17,44100,0,,1.0,,2,2,30,,2,44,1,,0,0,7,2,57,57,57,1,0,0,1.0,1.0,,40.0,,40.0,,,,,,2.0,4.0,0.0,1,2.0,,1.0,3300.0,1320.0,1.0,,2.0,,,11098.6947,2714.5194,0,0,1.0,1.0,0,0,50740,1,,,,,,,2741.8801,7860.0,2310.0,-1,,,,,,,12375.0,2016,672,657,0,0,0,0,0,,8.0,40.0,2016,MIS4_to_MIS8,2015-2016,False,True,False,False,False,True,True,1
10710159815011,1,2.0,7,4,2,301,3011,1,1,17,44100,0,,1.0,,2,16,33,,1,43,1,,2,0,0,7,2,57,57,57,1,0,0,2.0,1.0,,40.0,,40.0,,,,,,2.0,2.0,0.0,1,2.0,2.0,2.0,,769.23,2.0,2.0,2.0,,,12860.0825,3173.0131,0,0,0.0,,0,0,62251,2,,,,,,,3189.8337,9380.0,930.0,-1,1.0,,,,,,12590.0,2015,660,657,0,0,0,0,0,,2.0,51.0,2015,1.0,7,8,2,301,3011,1,17,44100,0,,1.0,,2,16,34,,1,43,1,,0,0,7,2,57,57,57,1,0,0,2.0,1.0,,40.0,,40.0,,,,,,2.0,1.0,0.0,1,1.0,,1.0,3100.0,1490.0,2.0,2.0,2.0,,,11073.5755,2746.9696,0,0,1.0,1.0,0,42,50740,2,,,,,,,2754.4837,9380.0,940.0,-1,1.0,,,,,,12376.0,2016,672,657,0,0,0,0,0,,2.0,51.0,2016,MIS4_to_MIS8,2015-2016,True,False,False,False,False,False,True,1
101010312048719,1,2.0,1,4,2,301,3011,1,1,17,16580,0,,1.0,,2,1,28,2.0,1,43,1,,1,1,1,1,2,57,57,57,1,0,0,2.0,1.0,,40.0,,40.0,,,,,,2.0,3.0,0.0,1,1.0,,1.0,2300.0,1920.0,1.0,,2.0,,,11759.6675,2911.5051,0,0,0.0,0.0,0,0,41130,1,,,,,,,2916.8851,9470.0,3850.0,-1,,,,,,,12602.0,2015,660,657,0,0,0,0,0,,12.0,51.0,2015,1.0,1,8,2,301,3011,1,17,16580,0,,1.0,,2,1,30,2.0,1,43,1,,1,1,1,2,57,57,57,1,0,0,1.0,1.0,,40.0,4.0,24.0,,,4.0,,,4.0,3.0,0.0,1,2.0,,1.0,2472.0,988.8,1.0,,2.0,,,11054.8701,2742.3294,1,1,0.0,0.0,0,0,50599,1,,,,,,,2749.8309,9470.0,3850.0,-1,,,,,,,12398.0,2016,672,657,1,0,0,0,1,,12.0,51.0,2016,MIS4_to_MIS8,2015-2016,True,False,False,False,False,False,False,1
308101210710941,1,2.0,3,4,2,301,3011,1,1,17,16580,0,,1.0,,2,1,64,,1,43,1,,1,1,1,5,2,57,57,57,1,0,0,1.0,1.0,,35.0,,35.0,,,,,,2.0,2.0,0.0,1,2.0,2.0,2.0,,925.0,2.0,2.0,,,,13057.7733,3267.7502,0,0,0.0,,0,0,47689,1,,,,,,,3299.1746,7860.0,2330.0,-1,,,,,,,12621.0,2015,660,657,0,0,0,0,0,,8.0,40.0,2015,1.0,3,8,2,301,3011,1,17,16580,0,,1.0,,2,1,65,,1,43,1,,1,1,5,2,57,57,57,1,0,0,1.0,1.0,,24.0,,24.0,,,21.0,,,7.0,2.0,0.0,1,2.0,2.0,2.0,,233.33,2.0,2.0,,,,12216.5925,3224.0642,0,0,0.0,,0,0,32983,1,,,,,,,3154.0764,7860.0,2310.0,-1,,,,,,,12440.0,2016,672,657,0,0,0,0,0,,8.0,40.0,2016,MIS4_to_MIS8,2015-2016,True,False,False,False,False,False,False,1
571180150101109,1,2.0,1,4,2,301,3011,1,1,17,44100,0,,1.0,,2,3,51,1.0,2,40,1,,2,1,2,1,2,57,57,57,1,0,0,2.0,1.0,,40.0,,40.0,,,,,,2.0,2.0,0.0,1,1.0,2.0,2.0,,1753.84,1.0,,2.0,,,13328.1222,3362.3998,0,0,0.0,,0,0,3817,2,,,4.0,,,,3363.6327,9390.0,1006.0,-1,3.0,,,,,,12633.0,2015,660,657,0,0,0,0,0,15.0,3.0,51.0,2015,1.0,1,8,2,301,3011,1,17,44100,0,,1.0,,2,3,52,1.0,2,40,1,,1,2,1,2,57,57,57,1,0,0,2.0,1.0,,37.0,,37.0,,,,,,2.0,4.0,0.0,1,2.0,2.0,2.0,,200.0,1.0,,2.0,,,12319.9496,3146.7369,0,0,1.0,,0,0,4843,2,,,2.0,,,,3141.4955,7390.0,430.0,-1,3.0,,,,,,12456.0,2016,672,657,0,0,0,0,0,13.0,1.0,36.0,2016,MIS4_to_MIS8,2015-2016,False,True,False,False,False,True,True,1
871970150007909,1,2.0,1,4,2,301,3011,1,1,17,0,0,,1.0,,0,1,63,2.0,1,42,1,,1,1,1,1,2,57,57,57,1,0,0,1.0,1.0,,40.0,4.0,32.0,,,4.0,,,4.0,2.0,0.0,1,1.0,1.0,1.0,3575.0,1500.0,1.0,,,,,13057.7733,3267.7502,0,0,0.0,0.0,0,0,28504,1,,,3.0,,,,3299.1746,7890.0,9130.0,-1,,,,,,,12666.0,2015,660,657,0,0,0,0,0,14.0,22.0,40.0,2015,1.0,1,8,2,301,3011,1,17,0,0,,1.0,,0,1,64,2.0,1,42,1,,1,1,1,2,57,57,57,1,0,0,1.0,1.0,,40.0,,36.0,,,,,,2.0,2.0,0.0,1,2.0,2.0,2.0,,1410.0,1.0,,,,,13519.2749,3396.0843,0,0,0.0,,0,0,20925,1,,,3.0,,,,3381.8893,8190.0,9130.0,-1,,,,,,,12500.0,2016,672,657,0,0,0,0,0,14.0,22.0,41.0,2016,MIS4_to_MIS8,2015-2016,True,False,False,False,False,False,False,1
871970150007909,1,2.0,1,4,2,301,3011,1,1,17,0,0,,1.0,,0,3,61,1.0,2,43,1,,2,1,2,1,2,57,57,57,1,0,0,2.0,1.0,,40.0,4.0,32.0,,,4.0,,,4.0,3.0,0.0,1,2.0,2.0,2.0,,1153.84,2.0,2.0,,,,11961.5627,3070.2241,0,0,0.0,,0,0,28504,2,,,,,,,3015.1047,7870.0,230.0,-1,,,,,,,12667.0,2015,660,657,0,0,0,0,0,,1.0,40.0,2015,1.0,1,8,2,301,3011,1,17,0,0,,1.0,,0,3,62,1.0,2,43,1,,1,2,1,2,57,57,57,1,0,0,2.0,1.0,,40.0,4.0,32.0,,,4.0,,,4.0,3.0,0.0,1,2.0,2.0,2.0,,1250.0,2.0,2.0,,,,11015.7798,2830.6648,0,0,0.0,,0,0,20925,2,,,,,,,2762.8981,7870.0,230.0,-1,,,,,,,12501.0,2016,672,657,0,0,0,0,0,,1.0,40.0,2016,MIS4_to_MIS8,2015-2016,True,False,False,False,False,False,False,1
10711148086710,2,1.0,6,4,2,301,3011,1,1,17,16980,0,1.0,1.0,,7,2,44,,1,44,1,,1,0,0,7,2,57,57,57,1,0,0,1.0,1.0,,70.0,,70.0,,,,,,2.0,3.0,0.0,1,2.0,2.0,2.0,,1730.76,1.0,,2.0,,,13580.3462,3306.0214,0,0,0.0,,0,0,48244,1,,,,,,,3349.6097,7860.0,2320.0,-1,,,,,,,50373.0,2015,661,658,0,0,0,0,0,,8.0,40.0,2015,1.0,6,8,2,301,3011,1,17,16980,0,1.0,1.0,,7,2,45,,1,44,1,,0,0,7,2,57,57,57,1,0,0,1.0,1.0,,50.0,,70.0,,,,,,2.0,3.0,0.0,1,2.0,2.0,2.0,,2461.0,1.0,,2.0,,,14640.8618,3663.4072,0,0,1.0,,0,0,65025,1,,,,,,,3662.8793,7860.0,2310.0,-1,,,,,,,49438.0,2016,673,658,0,0,0,0,0,,8.0,40.0,2016,MIS4_to_MIS8,2015-2016,True,False,False,False,False,False,False,1
117530815088789,2,1.0,1,4,2,301,3011,1,1,17,16980,0,1.0,1.0,,7,3,65,1.0,1,45,2,,2,1,2,1,2,57,57,57,1,0,0,2.0,1.0,,40.0,4.0,24.0,,,4.0,,,4.0,3.0,0.0,1,2.0,2.0,2.0,,2884.61,2.0,2.0,,,,10769.5127,2978.2203,0,0,0.0,,0,0,4511,2,,,,,,,3029.3204,9470.0,2100.0,-1,,,,,,,50428.0,2015,661,658,0,0,0,0,0,18.0,7.0,51.0,2015,2.0,1,8,2,301,3011,1,17,16980,0,1.0,1.0,,7,3,66,1.0,1,46,2,,1,2,1,2,57,57,57,1,0,0,2.0,5.0,,,,,,,,,,1.0,2.0,0.0,2,,,,,,,,,,,16800.9792,4211.6644,0,0,,,0,0,47994,2,,,,,,,4328.4714,9470.0,2100.0,-1,,,,,,,49496.0,2016,673,658,0,0,0,0,0,18.0,7.0,51.0,2016,MIS4_to_MIS8,2015-2016,True,False,False,False,True,False,True,1
177851070060309,2,1.0,7,4,2,301,3011,1,1,17,37900,0,1.0,1.0,,3,2,66,,2,40,2,,1,0,0,5,2,57,57,57,1,0,0,1.0,1.0,,29.0,,29.0,,,22.0,,,7.0,2.0,0.0,1,2.0,2.0,2.0,,193.84,2.0,2.0,,,,13388.7544,3431.5965,0,0,0.0,,0,0,8210,1,,,3.0,,,,3418.4077,7860.0,4610.0,-1,,,,,,,50451.0,2015,661,658,0,0,0,0,0,14.0,15.0,40.0,2015,1.0,7,8,2,301,3011,1,17,37900,0,1.0,1.0,,3,2,67,,2,40,2,,0,0,5,2,57,57,57,1,0,0,1.0,1.0,,40.0,,40.0,,,,,,2.0,2.0,0.0,1,2.0,,1.0,1000.0,400.0,2.0,2.0,,,,11602.771,3610.6606,0,0,1.0,1.0,0,0,31004,1,,,3.0,,,,3698.1485,9480.0,9120.0,-1,,,,,,,49553.0,2016,673,658,0,0,0,0,0,14.0,22.0,51.0,2016,MIS4_to_MIS8,2015-2016,True,False,False,False,False,False,False,1
179051070196697,2,1.0,1,4,2,301,3011,1,1,17,16980,0,1.0,1.0,1.0,7,1,42,2.0,2,43,1,,1,1,1,1,2,57,151,151,1,0,0,1.0,1.0,,40.0,,40.0,,,,,,2.0,2.0,0.0,1,2.0,,1.0,5200.0,1820.0,1.0,,1.0,2.0,2.0,13687.6889,3242.0415,3,1,0.0,0.0,0,0,48259,1,,,,,,,3244.5292,7860.0,2320.0,-1,,,,,,,50452.0,2015,661,658,0,0,1,0,0,,8.0,40.0,2015,1.0,1,8,2,301,3011,1,17,16980,0,1.0,1.0,1.0,7,1,43,2.0,2,43,1,,1,1,1,2,57,151,151,1,0,0,1.0,1.0,,40.0,,40.0,,,,,,2.0,3.0,0.0,1,2.0,,1.0,5000.0,2000.0,1.0,,1.0,2.0,2.0,11534.6334,2796.0839,3,1,0.0,0.0,0,0,49039,1,,,,,,,2836.459,7860.0,2320.0,-1,,,,,,,49554.0,2016,673,658,0,0,1,0,0,,8.0,40.0,2016,MIS4_to_MIS8,2015-2016,True,False,False,False,False,False,True,1
310108321571397,2,2.0,1,4,2,301,3011,1,1,17,16980,0,1.0,1.0,1.0,7,3,39,1.0,1,44,1,,2,1,2,1,2,57,116,100,1,0,0,1.0,2.0,4.0,40.0,,,,,,,,5.0,3.0,0.0,1,2.0,,1.0,3600.0,1440.0,1.0,,2.0,,,14238.3976,3482.4392,3,3,0.0,0.0,0,0,64509,2,,,,,,,3511.919,9470.0,3850.0,-1,,,,,,,50514.0,2015,661,658,0,0,1,0,0,,12.0,51.0,2015,1.0,1,8,2,301,3011,1,17,16980,0,1.0,1.0,1.0,7,3,40,1.0,1,44,1,,1,2,1,2,57,116,100,1,0,0,2.0,1.0,,40.0,,45.0,,,,,,2.0,3.0,0.0,1,2.0,2.0,2.0,,1461.53,1.0,,2.0,,,14709.1769,3593.3605,10,3,0.0,,0,0,30804,2,,,,,,,3608.3575,9470.0,3850.0,-1,,,,,,,49592.0,2016,673,658,0,0,1,1,0,,12.0,51.0,2016,MIS4_to_MIS8,2015-2016,True,False,False,False,False,False,False,1
400118681710170,2,1.0,4,4,2,301,3011,1,1,17,16980,0,1.0,1.0,,7,6,52,,2,43,4,,2,1,4,6,2,217,217,217,4,0,7,2.0,1.0,,30.0,,30.0,,,22.0,,,7.0,3.0,0.0,1,2.0,2.0,2.0,,326.92,1.0,,2.0,,,10202.1978,2556.4478,0,0,0.0,,0,0,56043,2,,,,,,,2533.6072,7860.0,2310.0,-1,,,,,,1.0,50534.0,2015,661,658,0,0,0,0,0,,8.0,40.0,2015,2.0,4,8,2,301,3011,1,17,16980,0,1.0,1.0,,7,6,53,,2,43,4,,1,4,5,2,217,217,217,4,0,7,1.0,1.0,,40.0,,46.0,,,,,,2.0,3.0,0.0,1,2.0,2.0,2.0,,480.76,2.0,2.0,2.0,,,12408.0631,3074.6848,0,0,0.0,,0,0,57309,2,,,,,,,3105.2872,7860.0,2310.0,-1,,,,,,1.0,49616.0,2016,673,658,0,0,0,0,0,,8.0,40.0,2016,MIS4_to_MIS8,2015-2016,True,False,False,False,False,False,False,1
102360313039766,2,1.0,3,4,2,301,3011,1,1,17,16980,0,2.0,1.0,,7,1,38,,1,40,1,,1,1,1,7,2,57,57,57,1,0,0,1.0,1.0,,38.0,,38.0,,,,,,2.0,3.0,0.0,1,1.0,2.0,2.0,,1673.0,2.0,2.0,2.0,,,13845.7025,3386.3935,0,0,1.0,,0,42,68137,1,,,2.0,,,,3415.0602,6770.0,1106.0,-1,,,,,2.0,,50778.0,2015,661,658,0,0,0,0,0,13.0,3.0,31.0,2015,1.0,3,8,2,301,3011,1,17,16980,0,2.0,1.0,,7,1,38,,1,40,1,,1,1,7,2,57,57,57,1,0,0,1.0,1.0,,38.0,,38.0,,,,,,2.0,3.0,0.0,1,2.0,,1.0,7500.0,2850.0,2.0,2.0,2.0,,,15454.8251,3761.904,0,0,1.0,1.0,0,42,49093,1,,,1.0,,,,3791.2749,6770.0,1107.0,-1,,,,,2.0,,49834.0,2016,673,658,0,0,0,0,0,12.0,3.0,31.0,2016,MIS4_to_MIS8,2015-2016,True,False,False,False,False,False,False,1
105260018068718,2,1.0,7,4,2,301,3011,1,1,17,16980,0,2.0,1.0,,7,14,27,,1,39,1,,2,0,0,7,2,57,57,57,1,0,0,2.0,1.0,,40.0,,40.0,,,,,,2.0,2.0,0.0,1,1.0,,1.0,1500.0,655.5,2.0,2.0,2.0,,,15898.9733,3951.8537,0,0,1.0,1.0,0,42,31482,2,1.0,,,,,,3966.3852,9470.0,3800.0,-1,,,,,,,50786.0,2015,661,658,0,0,0,0,0,12.0,12.0,51.0,2015,1.0,7,8,2,301,3011,1,17,16980,0,2.0,1.0,,7,14,28,,1,39,1,,0,0,7,2,57,57,57,1,0,0,2.0,1.0,,40.0,,40.0,,,,,,2.0,3.0,0.0,1,2.0,2.0,2.0,,1230.76,1.0,,2.0,,,16442.8848,4114.0384,0,0,0.0,,0,0,18617,2,1.0,,,,,,4140.9335,9470.0,3800.0,-1,,,,,,,49849.0,2016,673,658,0,0,0,0,0,12.0,12.0,51.0,2016,MIS4_to_MIS8,2015-2016,True,False,False,False,False,False,True,1
105260614093750,2,1.0,1,4,2,301,3011,1,1,17,16980,97,2.0,1.0,,7,4,20,,2,40,1,,4,1,3,7,2,57,57,57,1,0,0,2.0,1.0,,20.0,,20.0,,,20.0,,,7.0,2.0,0.0,1,2.0,2.0,2.0,,34.0,2.0,2.0,1.0,1.0,2.0,15502.9361,3814.8762,0,0,0.0,,0,0,4527,4,,,3.0,,,,3869.6616,7870.0,4640.0,-1,,,,,1.0,1.0,50789.0,2015,661,658,0,0,0,0,0,14.0,15.0,40.0,2015,1.0,1,8,2,301,3011,1,17,16980,97,2.0,1.0,,7,4,20,,2,40,1,,1,3,7,2,57,57,57,1,0,0,2.0,1.0,,20.0,,20.0,,,20.0,,,7.0,2.0,0.0,1,2.0,1.0,1.0,750.0,150.0,2.0,2.0,1.0,1.0,2.0,13381.5627,3407.0242,0,0,0.0,0.0,0,0,18557,4,,,3.0,,,,3420.1588,7870.0,5420.0,-1,,,,,1.0,1.0,49852.0,2016,673,658,0,0,0,0,0,14.0,17.0,40.0,2016,MIS4_to_MIS8,2015-2016,True,False,False,False,False,False,False,1
172251070066909,2,2.0,1,4,2,301,3011,1,1,17,41180,163,2.0,1.0,,6,3,59,1.0,2,42,2,,2,1,2,1,2,57,57,57,1,0,0,1.0,1.0,,40.0,,40.0,,,,,,2.0,1.0,0.0,1,2.0,2.0,2.0,,2307.69,2.0,2.0,,,,13009.2148,3250.711,0,0,0.0,,0,0,16832,2,,,3.0,,,,3238.2175,9490.0,150.0,-1,,,,,,,50841.0,2015,661,658,0,0,0,0,0,14.0,1.0,51.0,2015,1.0,1,8,2,301,3011,1,17,41180,163,2.0,1.0,,6,3,60,1.0,2,43,2,,1,2,1,2,57,57,57,1,0,0,2.0,1.0,,-4.0,,50.0,,,,,,2.0,1.0,0.0,1,2.0,2.0,2.0,,1192.3,2.0,2.0,,,,12267.737,3705.204,0,0,0.0,,0,0,31008,2,,,,,,,3794.9827,7070.0,150.0,-1,,,,,,,49912.0,2016,673,658,0,0,0,0,0,,1.0,34.0,2016,MIS4_to_MIS8,2015-2016,True,False,False,False,False,False,False,1
310005641029657,2,1.0,1,4,2,301,3011,1,1,17,16980,97,2.0,1.0,,7,3,46,1.0,1,44,1,,2,1,2,1,2,57,57,57,1,0,0,2.0,1.0,,40.0,1.0,32.0,,,1.0,,,3.0,2.0,0.0,1,2.0,2.0,2.0,,2115.38,2.0,2.0,2.0,,,13369.8804,3269.9513,10,2,0.0,,0,0,31415,2,,,,,,,3300.0447,9470.0,3710.0,-1,2.0,,,,,,50899.0,2015,661,658,0,0,1,1,0,,12.0,51.0,2015,1.0,1,8,2,301,3011,1,17,16980,97,2.0,1.0,,7,3,47,1.0,1,44,1,,1,2,1,2,57,57,57,1,0,0,2.0,1.0,,40.0,,40.0,,,,,,2.0,2.0,0.0,1,2.0,2.0,2.0,,2192.3,2.0,2.0,2.0,,,14482.8719,3623.8753,10,2,0.0,,0,0,52857,2,,,,,,,3623.3531,9470.0,3710.0,-1,2.0,,,,,,49962.0,2016,673,658,0,0,1,1,0,,12.0,51.0,2016,MIS4_to_MIS8,2015-2016,True,False,False,False,False,False,False,1
371352160103807,2,1.0,7,4,2,301,3011,1,1,17,40420,0,2.0,1.0,,3,2,62,,2,41,1,,1,0,0,5,2,57,57,57,1,0,0,1.0,1.0,,20.0,,20.0,,,21.0,,,7.0,1.0,0.0,1,2.0,,1.0,825.0,165.0,2.0,2.0,,,,11141.4023,2856.8544,0,0,0.0,0.0,0,0,20147,1,,,3.0,,,,2823.886,8380.0,5810.0,-1,,,,,,,50918.0,2015,661,658,0,0,0,0,0,14.0,17.0,43.0,2015,1.0,7,8,2,301,3011,1,17,40420,0,2.0,1.0,,3,2,63,,2,41,1,,0,0,5,2,57,57,57,1,0,0,1.0,1.0,,20.0,,20.0,,,23.0,,,7.0,5.0,0.0,1,2.0,,1.0,825.0,165.0,2.0,2.0,,,,11341.9095,3033.8623,0,0,0.0,0.0,0,0,31052,1,,,3.0,,,,2946.6768,8380.0,5810.0,-1,,,,,,,49981.0,2016,673,658,0,0,0,0,0,14.0,17.0,43.0,2016,MIS4_to_MIS8,2015-2016,False,True,False,False,False,True,True,1
871616100208805,2,1.0,1,4,2,301,3011,1,1,17,16980,0,2.0,1.0,,7,1,40,2.0,1,43,2,,1,1,1,1,2,57,57,57,1,0,0,1.0,1.0,,40.0,,40.0,,,,,,2.0,3.0,0.0,1,2.0,2.0,2.0,,1057.0,2.0,2.0,2.0,,,16507.7568,3932.9161,0,0,1.0,,0,42,31483,1,,,,,,,3893.9808,9370.0,430.0,-1,,,,,,,51082.0,2015,661,658,0,0,0,0,0,,1.0,51.0,2015,1.0,1,8,2,301,3011,1,17,16980,0,2.0,1.0,,7,1,40,2.0,1,43,2,,1,1,1,2,57,57,57,1,0,0,1.0,1.0,,40.0,,40.0,,,,,,2.0,4.0,0.0,1,2.0,2.0,2.0,,865.0,2.0,2.0,2.0,,,18880.5792,4888.6215,1,1,1.0,,0,42,52879,1,,,,,,,4866.2465,6990.0,540.0,-1,,,,,,,50136.0,2016,673,658,1,0,0,0,1,,2.0,33.0,2016,MIS4_to_MIS8,2015-2016,False,True,False,False,False,True,True,1
871721150208401,2,1.0,7,4,2,301,3011,1,1,17,16980,97,2.0,1.0,,7,2,65,,2,44,1,,1,0,0,5,2,57,57,57,1,0,0,1.0,1.0,,15.0,,15.0,,,23.0,,,7.0,3.0,0.0,1,2.0,2.0,2.0,,550.0,2.0,2.0,,,,12062.9728,3041.9688,0,0,0.0,,0,0,31420,1,,,,,,,2964.5076,7860.0,2320.0,-1,,,,,,,51084.0,2015,661,658,0,0,0,0,0,,8.0,40.0,2015,1.0,7,8,2,301,3011,1,17,16980,97,2.0,1.0,,7,2,66,,2,44,1,,0,0,5,2,57,57,57,1,0,0,1.0,1.0,,18.0,,18.0,,,21.0,,,7.0,4.0,0.0,1,2.0,2.0,2.0,,403.84,2.0,2.0,,,,10827.6532,2860.3234,0,0,0.0,,0,0,30966,1,,,,,,,2807.5579,7870.0,2200.0,-1,,,,,,,50139.0,2016,673,658,0,0,0,0,0,,8.0,40.0,2016,MIS4_to_MIS8,2015-2016,False,True,False,False,False,True,True,1
74037558100401,2,2.0,1,4,2,301,3011,1,1,17,0,0,3.0,2.0,,0,1,55,2.0,1,41,1,,1,1,1,1,2,57,57,57,1,0,0,2.0,1.0,,60.0,,60.0,,,,,,2.0,3.0,0.0,1,2.0,2.0,2.0,,1250.0,1.0,,,,,13157.6361,3308.4355,0,0,1.0,,0,0,19963,1,,,3.0,,,,3343.8715,7870.0,2200.0,-1,,,,,,,51151.0,2015,661,658,0,0,0,0,0,14.0,8.0,40.0,2015,1.0,1,8,2,301,3011,1,17,0,0,3.0,2.0,,0,1,56,2.0,1,41,1,,1,1,1,2,57,57,57,1,0,0,1.0,4.0,,,,,,,,34.0,4.0,11.0,3.0,0.0,2,,,,,,,,,,,12858.1801,3595.9648,0,0,,,0,0,30882,1,,,5.0,,,,3410.6615,7870.0,2200.0,-1,,,,,,,50178.0,2016,673,658,0,0,0,0,0,16.0,8.0,40.0,2016,MIS4_to_MIS8,2015-2016,True,False,False,False,False,False,False,1
74037558100401,2,2.0,1,4,2,301,3011,1,1,17,0,0,3.0,2.0,,0,3,64,1.0,2,44,1,,2,1,2,1,2,57,57,57,1,0,0,1.0,5.0,,,,,,,,,,1.0,3.0,0.0,2,,,,,,,,,,,10874.8197,2704.1661,0,0,,,0,0,19963,2,,,,,,,2726.0585,7870.0,5700.0,-1,,,,,,,51152.0,2015,661,658,0,0,0,0,0,,17.0,40.0,2015,1.0,1,8,2,301,3011,1,17,0,0,3.0,2.0,,0,3,65,1.0,2,44,1,,1,2,1,2,57,57,57,1,0,0,2.0,5.0,,,,,,,,,,1.0,,,2,,,,,,,,,,,11631.48,2877.7268,0,0,,,0,0,30882,2,,,,,,,2883.1213,,,-1,,,,,,,50179.0,2016,673,658,0,0,0,0,0,,,,2016,MIS4_to_MIS8,2015-2016,False,False,False,True,True,True,True,1
13027404101121,2,2.0,1,4,2,301,3011,1,1,17,0,0,,1.0,,0,3,55,1.0,2,39,1,,2,1,2,1,2,57,57,57,1,0,0,1.0,7.0,,,,,,11.0,,,,1.0,3.0,0.0,2,,,,,,,,,,,12084.5908,3087.6555,0,0,,,0,0,48340,2,1.0,,,,,,3062.8181,7860.0,9120.0,-1,,,,,,,51242.0,2015,661,658,0,0,0,0,0,12.0,22.0,40.0,2015,2.0,1,8,2,301,3011,1,17,0,0,,1.0,,0,3,56,1.0,2,39,1,,1,2,1,2,57,57,57,1,0,0,1.0,1.0,,32.0,,32.0,,,15.0,,,6.0,4.0,0.0,1,2.0,,1.0,950.0,304.0,2.0,2.0,,,,13152.1798,3294.2331,0,0,0.0,0.0,0,0,18602,2,1.0,,,,,,3288.678,5090.0,4020.0,-1,,,,,,,50266.0,2016,673,658,0,0,0,0,0,12.0,13.0,22.0,2016,MIS4_to_MIS8,2015-2016,False,True,False,False,False,True,True,1
32077299101631,2,1.0,1,4,2,301,3011,1,1,17,44100,0,,1.0,,2,1,51,2.0,2,43,1,,1,1,1,1,2,57,57,57,1,0,0,1.0,1.0,,40.0,,40.0,,,,,,2.0,3.0,0.0,1,2.0,2.0,2.0,,865.0,1.0,,2.0,,,11440.3371,2834.17,0,0,1.0,,0,0,20112,1,,,,,,,2841.0859,7860.0,2310.0,-1,,,,,,,51244.0,2015,661,658,0,0,0,0,0,,8.0,40.0,2015,1.0,1,8,2,301,3011,1,17,44100,0,,1.0,,2,1,52,2.0,2,43,1,,1,1,1,2,57,57,57,1,0,0,1.0,1.0,,60.0,,60.0,,,,,,2.0,4.0,0.0,1,2.0,2.0,2.0,,1115.38,1.0,,2.0,,,12312.892,3085.249,0,0,0.0,,0,0,49159,1,,,,,,,3081.4693,7860.0,2310.0,-1,,,,,,,50268.0,2016,673,658,0,0,0,0,0,,8.0,40.0,2016,MIS4_to_MIS8,2015-2016,False,True,False,False,False,True,True,1
81037666100061,2,2.0,1,4,2,301,3011,1,1,17,0,0,,1.0,,0,1,43,2.0,1,43,1,,1,1,1,1,2,57,57,57,1,0,0,2.0,1.0,,36.0,,36.0,,,,,,2.0,2.0,0.0,1,2.0,2.0,2.0,,1596.15,2.0,2.0,2.0,,,13269.3266,3230.3063,3,1,0.0,,0,0,60993,1,,,,,,,3272.8964,9470.0,2000.0,-1,,,,,,,51254.0,2015,661,658,0,0,1,0,0,,6.0,51.0,2015,2.0,1,8,2,301,3011,1,17,0,0,,1.0,,0,1,44,2.0,1,43,1,,1,1,1,2,57,57,57,1,0,0,2.0,1.0,,37.0,,37.0,,,,,,2.0,3.0,0.0,1,2.0,2.0,2.0,,1500.0,2.0,2.0,2.0,,,14373.3866,3511.329,3,1,0.0,,0,0,57398,1,,,,,,,3525.9836,9470.0,2010.0,-1,,,,,,,50275.0,2016,673,658,0,0,1,0,0,,6.0,51.0,2016,MIS4_to_MIS8,2015-2016,True,False,False,False,False,False,True,1
237921601370109,2,1.0,1,4,2,301,3011,1,1,17,44100,0,,1.0,,2,1,28,2.0,1,40,1,,1,1,1,1,2,57,57,57,1,0,0,1.0,1.0,,40.0,,40.0,,,,,,2.0,3.0,0.0,1,1.0,,1.0,950.0,484.0,1.0,,2.0,,,15975.4552,3970.8641,2,1,1.0,1.0,0,0,29285,1,,,2.0,,,,3985.4654,9370.0,8630.0,-1,1.0,,,,,,51297.0,2015,661,658,0,1,0,0,1,13.0,21.0,51.0,2015,1.0,1,8,2,301,3011,1,17,44100,0,,1.0,,2,1,29,2.0,1,40,1,,1,1,1,2,57,57,57,1,0,0,1.0,1.0,,40.0,,40.0,,,,,,2.0,3.0,0.0,1,2.0,,1.0,4300.0,1720.0,1.0,,2.0,,,16242.7927,4063.975,2,1,0.0,0.0,0,0,28574,1,,,1.0,,,,4090.5428,570.0,7340.0,-1,1.0,,,,,,50316.0,2016,673,658,0,1,0,0,1,12.0,20.0,24.0,2016,MIS4_to_MIS8,2015-2016,True,False,False,False,False,False,False,1
271657170100303,2,1.0,1,4,2,301,3011,1,1,17,16580,0,,1.0,,2,1,34,2.0,1,44,4,,1,1,1,1,2,220,220,220,5,0,21,1.0,1.0,,40.0,,40.0,,,,,,2.0,2.0,0.0,1,2.0,2.0,2.0,,461.53,2.0,2.0,1.0,1.0,2.0,21071.4693,5137.9044,0,0,0.0,,0,0,16790,1,,,,,,,5256.79,7870.0,2200.0,-1,,,,,,,51307.0,2015,661,658,0,0,0,0,0,,8.0,40.0,2015,1.0,1,8,2,301,3011,1,17,16580,0,,1.0,,2,1,35,2.0,1,44,4,,1,1,1,2,220,220,220,5,0,21,1.0,1.0,,20.0,,20.0,,,20.0,,,7.0,2.0,0.0,1,2.0,2.0,2.0,,423.07,2.0,1.0,1.0,1.0,2.0,17058.947,4171.6777,0,0,0.0,,0,0,4563,1,,,,,,,4184.7874,7870.0,2200.0,-1,,,,,,,50325.0,2016,673,658,0,0,0,0,0,,8.0,40.0,2016,MIS4_to_MIS8,2015-2016,True,False,False,False,False,False,False,1
510004491409467,2,1.0,1,4,2,301,3011,1,1,17,14010,0,,1.0,,2,1,75,2.0,1,43,1,,1,1,1,1,2,57,57,57,1,0,0,1.0,5.0,,,,,,,,,,1.0,3.0,0.0,2,,,,,,,,,,,12373.3,3116.9307,0,0,,,0,0,4536,1,,,,,,,3125.9047,8570.0,5240.0,-1,5.0,,,,,,51332.0,2015,661,658,0,0,0,0,0,,17.0,44.0,2015,1.0,1,8,2,301,3011,1,17,14010,0,,1.0,,2,1,76,2.0,1,43,1,,1,1,1,2,57,57,57,1,0,0,1.0,5.0,,,,,,,,,,1.0,,,2,,,,,,,,,,,12516.4689,3125.9691,0,0,,,0,0,4624,1,,,,,,,3155.8449,,,-1,5.0,,,,,,50347.0,2016,673,658,0,0,0,0,0,,,,2016,MIS4_to_MIS8,2015-2016,False,False,False,True,True,True,True,1
667610001830106,2,2.0,7,4,2,301,3011,1,1,17,0,0,,1.0,,0,2,50,,2,40,1,,1,0,0,7,2,57,57,57,1,0,0,2.0,1.0,,37.0,,37.0,,,,,,2.0,2.0,0.0,1,2.0,,1.0,2060.0,762.2,2.0,2.0,2.0,,,11440.3371,2834.17,0,0,0.0,0.0,0,0,4560,1,,,1.0,,,,2841.0859,7870.0,4010.0,-1,,,,,,,51340.0,2015,661,658,0,0,0,0,0,12.0,13.0,40.0,2015,2.0,7,8,2,301,3011,1,17,0,0,,1.0,,0,2,51,,2,40,1,,0,0,7,2,57,57,57,1,0,0,2.0,1.0,,40.0,,40.0,,,,,,2.0,2.0,0.0,1,2.0,,1.0,2058.0,823.2,2.0,2.0,2.0,,,12312.892,3085.249,0,0,0.0,0.0,0,0,41715,1,,,2.0,,,,3081.4693,7870.0,4010.0,-1,,,,,,,50360.0,2016,673,658,0,0,0,0,0,13.0,13.0,40.0,2016,MIS4_to_MIS8,2015-2016,True,False,False,False,False,False,False,1
667610001830106,2,2.0,7,4,2,301,3011,1,1,17,0,0,,1.0,,0,14,46,,2,39,1,,2,0,0,5,2,57,57,57,1,0,0,1.0,1.0,,37.0,,49.0,,,,,,2.0,2.0,0.0,1,2.0,,1.0,2312.0,855.44,2.0,2.0,2.0,,,12207.3795,2996.8239,0,0,0.0,0.0,0,0,4560,2,1.0,,,,,,3031.5728,7870.0,4010.0,-1,,,,,,,51341.0,2015,661,658,0,0,0,0,0,12.0,13.0,40.0,2015,2.0,7,8,2,301,3011,1,17,0,0,,1.0,,0,14,47,,2,40,1,,0,0,5,2,57,57,57,1,0,0,1.0,1.0,,55.0,,55.0,,,,,,2.0,2.0,0.0,1,2.0,,1.0,2460.0,1353.0,2.0,2.0,2.0,,,12792.9777,3196.0782,0,0,0.0,0.0,0,0,41715,2,,,2.0,,,,3201.6173,7870.0,630.0,-1,,,,,,,50361.0,2016,673,658,0,0,0,0,0,13.0,2.0,40.0,2016,MIS4_to_MIS8,2015-2016,True,False,False,False,False,False,False,1
721260933791001,2,1.0,1,4,2,301,3011,1,1,17,44100,0,,1.0,,2,3,51,1.0,1,42,1,,2,1,2,1,2,57,57,57,1,0,0,,1.0,,40.0,,40.0,,,,,,2.0,2.0,0.0,1,2.0,,1.0,1250.0,500.0,1.0,,2.0,,,12489.7094,3052.3939,0,0,1.0,1.0,41,41,4557,2,,,3.0,,,,3082.7949,9480.0,5400.0,-1,,,,,,,51355.0,2015,661,658,0,0,0,0,0,14.0,17.0,51.0,2015,2.0,1,8,2,301,3011,1,17,44100,0,,1.0,,2,3,53,1.0,1,41,1,,1,2,1,2,57,57,57,1,0,0,,1.0,,40.0,,35.0,,,,,,2.0,3.0,0.0,1,2.0,,1.0,3200.0,1280.0,1.0,,2.0,,,13127.503,3295.2583,0,0,1.0,1.0,41,41,4648,2,,,4.0,,,,3284.2642,570.0,7340.0,-1,,,,,,,50369.0,2016,673,658,0,0,0,0,0,15.0,20.0,24.0,2016,MIS4_to_MIS8,2015-2016,True,False,False,False,False,False,True,1
721260933791001,2,1.0,1,4,2,301,3011,1,1,17,44100,0,,1.0,,2,4,20,,2,36,1,,3,1,3,7,2,57,57,57,1,0,0,,1.0,,24.0,,24.0,,,23.0,,,7.0,3.0,0.0,1,1.0,,1.0,1000.0,915.0,2.0,2.0,2.0,,,15577.5129,3833.2277,0,0,1.0,1.0,41,41,4557,3,,,,,,,3888.2765,7860.0,4130.0,-1,,,,,1.0,2.0,51357.0,2015,661,658,0,0,0,0,0,10.0,13.0,40.0,2015,2.0,1,8,2,301,3011,1,17,44100,0,,1.0,,2,4,22,,2,37,1,,1,3,7,2,57,57,57,1,0,0,,1.0,,25.0,,25.0,,,20.0,,,7.0,4.0,0.0,1,2.0,,1.0,900.0,225.0,2.0,2.0,2.0,,,13218.7236,3365.5644,0,0,1.0,1.0,41,41,4648,3,,,,,,,3378.5391,4970.0,5240.0,-1,,,,,1.0,2.0,50371.0,2016,673,658,0,0,0,0,0,11.0,17.0,22.0,2016,MIS4_to_MIS8,2015-2016,False,True,False,False,False,True,True,1
771244160004905,2,1.0,1,4,2,301,3011,1,1,17,16060,0,,1.0,,2,1,52,2.0,1,40,1,,1,1,1,1,2,57,57,57,1,0,0,1.0,1.0,,35.0,,70.0,,,,,,2.0,3.0,0.0,1,2.0,2.0,2.0,,1192.0,2.0,2.0,2.0,,,12489.7094,3052.3939,0,0,0.0,,0,0,8167,1,,,3.0,,,,3082.7949,9370.0,430.0,410,,,,,,,51370.0,2015,661,658,0,0,0,0,0,14.0,1.0,51.0,2015,1.0,1,8,2,301,3011,1,17,16060,0,,1.0,,2,1,53,2.0,1,40,1,,1,1,1,2,57,57,57,1,0,0,1.0,1.0,,35.0,,48.0,,,,,,2.0,3.0,0.0,1,2.0,2.0,2.0,,1346.15,2.0,2.0,2.0,,,13127.503,3295.2583,0,0,0.0,,0,0,30919,1,,,4.0,,,,3284.2642,9370.0,430.0,410,,,,,,,50388.0,2016,673,658,0,0,0,0,0,15.0,1.0,51.0,2016,MIS4_to_MIS8,2015-2016,True,False,False,False,False,False,False,1
910004271404657,2,1.0,1,4,2,301,3011,1,1,17,16060,0,,1.0,,2,3,55,1.0,2,44,1,,2,1,2,1,2,57,57,57,1,0,0,2.0,1.0,,40.0,,40.0,,,,,,2.0,3.0,0.0,1,2.0,,1.0,5200.0,2080.0,2.0,2.0,,,,12711.6868,3087.6555,0,0,1.0,1.0,0,42,19998,2,,,,,,,3109.4447,7860.0,2330.0,-1,,,,,,,51398.0,2015,661,658,0,0,0,0,0,,8.0,40.0,2015,2.0,1,8,2,301,3011,1,17,16060,0,,1.0,,2,3,55,1.0,2,44,1,,1,2,1,2,57,57,57,1,0,0,1.0,1.0,,40.0,10.0,32.0,,,10.0,,,4.0,3.0,0.0,1,2.0,2.0,2.0,,1212.92,1.0,,,,,13152.1798,3294.2331,0,0,0.0,,0,0,30920,2,,,,,,,3288.678,7860.0,2330.0,-1,,,,,,,50409.0,2016,673,658,0,0,0,0,0,,8.0,40.0,2016,MIS4_to_MIS8,2015-2016,True,False,False,False,False,False,False,1
10100861447487,3,1.0,4,4,2,301,3011,1,1,17,16980,0,1.0,1.0,1.0,7,1,43,,2,42,1,2.0,1,1,1,5,2,57,73,73,1,0,0,1.0,1.0,,36.0,,36.0,,,,,,2.0,3.0,0.0,1,2.0,2.0,2.0,,500.0,1.0,,2.0,,,11891.0721,2903.0267,3,1,0.0,,0,0,28600,1,,,3.0,,,,3007.7801,7860.0,2540.0,-1,,,,,,,88100.0,2015,662,659,0,0,1,0,0,14.0,8.0,40.0,2015,1.0,4,8,2,301,3011,1,17,16980,0,1.0,1.0,1.0,7,1,44,,2,42,1,2.0,1,1,5,2,57,73,73,1,0,0,1.0,1.0,,40.0,,40.0,,,,,,2.0,3.0,0.0,1,2.0,,1.0,1400.0,560.0,1.0,,2.0,,,13602.7755,3345.5854,4,1,0.0,0.0,0,0,48941,1,,,3.0,,,,3368.9483,7860.0,2540.0,-1,,,,,,,87184.0,2016,674,659,0,0,0,1,0,14.0,8.0,40.0,2016,MIS4_to_MIS8,2015-2016,True,False,False,False,False,False,False,1
10710977669560,3,2.0,1,4,2,301,3011,1,1,17,16980,0,1.0,1.0,,7,3,59,1.0,2,43,4,,2,1,2,1,2,233,233,233,5,0,6,2.0,1.0,,40.0,,40.0,,,,,,2.0,2.0,0.0,1,2.0,2.0,2.0,,1153.84,2.0,1.0,,,,12361.335,3198.9797,0,0,0.0,,0,0,61728,2,,,,,,,3143.7436,9370.0,3255.0,-1,,,,,,,88105.0,2015,662,659,0,0,0,0,0,,10.0,51.0,2015,1.0,1,8,2,301,3011,1,17,16980,0,1.0,1.0,,7,3,60,1.0,2,43,4,,1,2,1,2,233,233,233,5,0,6,2.0,1.0,,38.0,,38.0,,,,,,2.0,2.0,0.0,1,2.0,2.0,2.0,,1730.76,2.0,2.0,,,,17133.6608,4204.3522,0,0,0.0,,0,0,57773,2,,,,,,,4243.9644,8190.0,3255.0,-1,,,,,,,87193.0,2016,674,659,0,0,0,0,0,,10.0,41.0,2016,MIS4_to_MIS8,2015-2016,True,False,False,False,False,False,False,1
114931070065601,3,2.0,1,4,2,301,3011,1,1,17,40420,0,1.0,1.0,,3,1,41,2.0,1,40,2,,1,1,1,1,2,57,57,57,1,0,0,2.0,1.0,,37.0,,37.0,,,,,,2.0,2.0,0.0,1,2.0,,1.0,1300.0,481.0,1.0,,2.0,,,24302.9925,5866.1784,0,0,0.0,0.0,0,0,28803,1,,,3.0,,,,5648.4657,9480.0,4610.0,-1,,,,,,,88161.0,2015,662,659,0,0,0,0,0,14.0,15.0,51.0,2015,1.0,1,8,2,301,3011,1,17,40420,0,1.0,1.0,,3,1,42,2.0,1,40,2,,1,1,1,2,57,57,57,1,0,0,1.0,7.0,,,,,,2.0,,,,1.0,4.0,0.0,2,,,,,,,,2.0,,,25550.1232,5981.3879,0,0,,,0,0,67807,1,,,2.0,,,,6787.687,770.0,6440.0,-1,,,,,,,87230.0,2016,674,659,0,0,0,0,0,13.0,19.0,4.0,2016,MIS4_to_MIS8,2015-2016,False,True,False,False,False,True,True,1
114931070065601,3,2.0,1,4,2,301,3011,1,1,17,40420,0,1.0,1.0,,3,3,42,1.0,2,40,2,,2,1,2,1,2,57,57,57,1,0,0,1.0,1.0,,32.0,,32.0,,,14.0,,,6.0,2.0,0.0,1,2.0,,1.0,1300.0,416.0,1.0,,2.0,,,18233.4351,4592.2423,0,0,0.0,0.0,0,0,28803,2,,,2.0,,,,4642.2808,9480.0,4610.0,-1,,,,,,,88162.0,2015,662,659,0,0,0,0,0,13.0,15.0,51.0,2015,1.0,1,8,2,301,3011,1,17,40420,0,1.0,1.0,,3,3,42,1.0,2,39,2,,1,2,1,2,57,57,57,1,0,0,2.0,1.0,,32.0,,32.0,,,15.0,,,6.0,2.0,0.0,1,2.0,,1.0,725.0,232.0,1.0,,2.0,,,16904.6091,4322.8339,0,0,1.0,1.0,0,42,67807,2,1.0,,,,,,4282.6902,9480.0,4610.0,-1,,,,,,,87231.0,2016,674,659,0,0,0,0,0,12.0,15.0,51.0,2016,MIS4_to_MIS8,2015-2016,True,False,False,False,False,False,False,1
171328140007602,3,1.0,1,4,2,301,3011,1,1,17,37900,0,1.0,1.0,,3,1,51,2.0,2,46,1,,1,1,1,1,2,57,57,57,1,0,0,1.0,1.0,,50.0,,50.0,,,,,,2.0,3.0,0.0,1,2.0,2.0,2.0,,1346.15,1.0,,1.0,2.0,2.0,13335.09,3361.3993,0,0,0.0,,0,0,17407,1,,,,,,,3342.7436,7860.0,2330.0,-1,,,,,,,88175.0,2015,662,659,0,0,0,0,0,18.0,8.0,40.0,2015,1.0,1,8,2,301,3011,1,17,37900,0,1.0,1.0,,3,1,52,2.0,2,46,1,,1,1,1,2,57,57,57,1,0,0,1.0,1.0,,55.0,,55.0,,,,,,2.0,3.0,0.0,1,2.0,2.0,2.0,,1480.76,1.0,,2.0,,,16355.716,4081.4696,0,0,0.0,,0,0,30958,1,,,,,,,4038.3676,7860.0,2330.0,-1,,,,,,,87267.0,2016,674,659,0,0,0,0,0,18.0,8.0,40.0,2016,MIS4_to_MIS8,2015-2016,True,False,False,False,False,False,False,1
671807140404018,3,1.0,1,4,2,301,3011,1,1,17,16980,0,1.0,1.0,1.0,7,1,43,6.0,1,43,2,,1,1,1,1,2,57,57,57,1,0,0,1.0,1.0,,40.0,5.0,32.0,,,5.0,,,4.0,3.0,0.0,1,2.0,2.0,2.0,,1750.0,1.0,,2.0,,,22728.2298,5486.0672,3,4,0.0,,0,0,55288,1,,,,,,,5282.4617,7860.0,2320.0,-1,,,,,,,88268.0,2015,662,659,0,0,1,0,0,,8.0,40.0,2015,1.0,1,8,2,301,3011,1,17,16980,0,1.0,1.0,1.0,7,1,45,6.0,1,43,2,,1,1,1,2,57,57,57,1,0,0,1.0,3.0,,,,,3.0,,,3.0,1.0,11.0,4.0,0.0,2,,,,,,,,2.0,,,18461.8115,4045.3184,10,4,,,0,0,63443,1,,,,,,,4239.7963,770.0,6230.0,-1,,,,,,,87357.0,2016,674,659,0,0,1,1,0,,19.0,4.0,2016,MIS4_to_MIS8,2015-2016,False,True,False,False,False,True,True,1
784030996101201,3,1.0,7,4,2,301,3011,1,1,17,16980,0,1.0,1.0,1.0,7,2,30,,2,43,1,,1,0,0,7,2,57,57,57,1,0,0,1.0,1.0,,40.0,,40.0,,,,,,2.0,3.0,0.0,1,2.0,2.0,2.0,,461.0,1.0,,2.0,,,15751.6437,3850.1678,0,0,1.0,,0,42,38423,1,,,,,,,3858.9586,8570.0,2340.0,-1,,,,,,,88310.0,2015,662,659,0,0,0,0,0,,8.0,44.0,2015,1.0,7,8,2,301,3011,1,17,16980,0,1.0,1.0,1.0,7,2,31,,2,43,1,,0,0,7,2,57,57,57,1,0,0,1.0,1.0,,40.0,,40.0,,,,,,2.0,3.0,0.0,1,2.0,2.0,2.0,,1250.0,1.0,,2.0,,,14682.4916,3687.8097,0,0,1.0,,0,42,57800,1,,,,,,,3628.2638,8570.0,2300.0,-1,,,,,,,87399.0,2016,674,659,0,0,0,0,0,,8.0,44.0,2016,MIS4_to_MIS8,2015-2016,True,False,False,False,False,False,False,1
107280818076741,3,2.0,1,4,2,301,3011,1,1,17,16980,0,2.0,1.0,,7,1,31,2.0,1,44,1,,1,1,1,1,2,57,57,57,1,0,0,2.0,1.0,,40.0,,40.0,,,,,,2.0,3.0,0.0,1,2.0,2.0,2.0,,1057.69,1.0,,2.0,,,15492.5195,3927.7954,0,0,0.0,,0,0,38452,1,,,,,,,3940.4766,7860.0,2320.0,-1,,,,,,,88462.0,2015,662,659,0,0,0,0,0,,8.0,40.0,2015,2.0,1,8,2,301,3011,1,17,16980,0,2.0,1.0,,7,1,31,2.0,1,44,1,,1,1,1,2,57,57,57,1,0,0,2.0,1.0,,50.0,,50.0,,,,,,2.0,3.0,0.0,1,2.0,2.0,2.0,,1115.38,1.0,,2.0,,,13630.381,3504.7698,1,1,0.0,,0,0,30900,1,,,,,,,3463.6175,7860.0,2320.0,-1,,,,,,,87579.0,2016,674,659,1,0,0,0,1,,8.0,40.0,2016,MIS4_to_MIS8,2015-2016,True,False,False,False,False,False,False,1
210006281311897,3,1.0,1,4,2,301,3011,1,1,17,16980,0,2.0,1.0,,7,1,56,2.0,2,39,1,,1,1,1,1,2,57,57,57,1,0,0,1.0,2.0,7.0,40.0,,,,,,,,5.0,3.0,0.0,1,2.0,2.0,2.0,,711.53,1.0,,,,,12134.5205,3110.1449,0,0,0.0,,0,0,17435,1,1.0,,,,,,3086.06,9370.0,430.0,-1,,,,,,,88533.0,2015,662,659,0,0,0,0,0,12.0,1.0,51.0,2015,1.0,4,8,2,301,3011,1,17,16980,0,2.0,1.0,,7,1,56,,2,39,1,,1,1,4,2,57,57,57,1,0,0,1.0,1.0,,40.0,,48.0,,,,,,2.0,3.0,0.0,1,2.0,2.0,2.0,,885.0,1.0,,,,,14475.3361,3604.1011,0,0,0.0,,0,0,19003,1,1.0,,,,,,3543.8914,9370.0,5860.0,-1,,,,,,,87661.0,2016,674,659,0,0,0,0,0,12.0,17.0,51.0,2016,MIS4_to_MIS8,2015-2016,True,False,False,False,False,False,False,1
210006281311897,3,1.0,1,4,2,301,3011,1,1,17,16980,0,2.0,1.0,,7,4,18,,1,36,1,,3,1,3,7,2,57,57,57,1,0,0,2.0,4.0,,,,,,,,9.0,5.0,12.0,3.0,0.0,2,,,,,,,,1.0,1.0,1.0,18043.4562,3789.5219,0,0,,,0,0,17435,3,,,,,,,3761.8512,9370.0,5700.0,-1,,,,,1.0,3.0,88535.0,2015,662,659,0,0,0,0,0,10.0,17.0,51.0,2015,1.0,4,8,2,301,3011,1,17,16980,0,2.0,1.0,,7,4,18,,1,37,1,,1,3,7,2,57,57,57,1,0,0,2.0,7.0,,,,,,8.0,,,,1.0,,,2,,,,,,,,1.0,1.0,1.0,13649.5527,3420.7519,0,0,,,0,0,19003,3,,,,,,,3434.07,,,-1,,,,,1.0,,87662.0,2016,674,659,0,0,0,0,0,11.0,,,2016,MIS4_to_MIS8,2015-2016,False,False,False,True,False,True,True,1
10710079805243,3,1.0,1,4,2,301,3011,1,1,17,0,0,3.0,2.0,,0,3,61,1.0,2,39,1,,2,1,2,1,2,57,57,57,1,0,0,1.0,1.0,,35.0,,35.0,,,,,,2.0,3.0,0.0,1,2.0,,1.0,1300.0,455.0,2.0,2.0,,,,12756.8565,3229.0715,0,0,0.0,0.0,0,0,28701,2,2.0,5.0,,,,,3182.5173,7860.0,4020.0,-1,,,,,,,88877.0,2015,662,659,0,0,0,0,0,9.0,13.0,40.0,2015,1.0,1,8,2,301,3011,1,17,0,0,3.0,2.0,,0,3,62,1.0,2,39,1,,1,2,1,2,57,57,57,1,0,0,2.0,1.0,,30.0,,30.0,,,18.0,,,7.0,3.0,0.0,1,2.0,,1.0,900.0,270.0,2.0,1.0,,,,13756.6728,3466.3701,0,0,1.0,1.0,0,0,30914,2,2.0,5.0,,,,,3407.493,7860.0,4020.0,-1,,,,,,,87955.0,2016,674,659,0,0,0,0,0,9.0,13.0,40.0,2016,MIS4_to_MIS8,2015-2016,True,False,False,False,False,False,False,1
10710097384427,3,1.0,1,4,2,301,3011,1,1,17,0,0,3.0,2.0,,0,1,38,2.0,1,42,1,,1,1,1,1,2,57,57,57,1,0,0,,1.0,,45.0,,47.0,,,,,,2.0,2.0,0.0,1,1.0,,1.0,3000.0,1351.0,2.0,2.0,2.0,,,15118.6763,3758.7702,8,3,1.0,1.0,0,41,53634,1,,,5.0,,,,3762.0823,9470.0,3850.0,430,,,,,,,88878.0,2015,662,659,0,1,1,0,1,16.0,12.0,51.0,2015,1.0,1,8,2,301,3011,1,17,0,0,3.0,2.0,,0,1,39,2.0,1,43,1,,1,1,1,2,57,57,57,1,0,0,1.0,1.0,,45.0,,45.0,,,,,,2.0,2.0,0.0,1,2.0,,1.0,4000.0,2025.0,1.0,,2.0,,,12761.5689,3189.4756,8,3,0.0,0.0,0,0,18636,1,,,,,,,3186.1857,9470.0,3710.0,-1,,,,,,,87956.0,2016,674,659,0,1,1,0,1,,12.0,51.0,2016,MIS4_to_MIS8,2015-2016,True,False,False,False,False,False,False,1
10710097384427,3,1.0,1,4,2,301,3011,1,1,17,0,0,3.0,2.0,,0,3,37,1.0,2,42,1,,2,1,2,1,2,57,57,57,1,0,0,,2.0,5.0,2.0,,,,,,,,10.0,2.0,0.0,1,2.0,,1.0,300.0,6.0,1.0,,1.0,2.0,2.0,11926.5593,3105.0428,8,3,1.0,1.0,21,41,53634,2,,,3.0,,,,3016.7564,7860.0,9120.0,-1,,,,,,,88879.0,2015,662,659,0,1,1,0,1,14.0,22.0,40.0,2015,1.0,1,8,2,301,3011,1,17,0,0,3.0,2.0,,0,3,38,1.0,2,42,1,,1,2,1,2,57,57,57,1,0,0,2.0,7.0,,,,,,,,,,1.0,,,2,,,,,,,,2.0,,,13296.593,3369.1096,8,3,,,0,0,18636,2,,,3.0,,,,3450.7404,,,-1,,,,,,,87957.0,2016,674,659,0,1,1,0,1,14.0,,,2016,MIS4_to_MIS8,2015-2016,False,False,False,True,False,True,True,1
91007695100551,3,2.0,1,4,2,301,3011,1,1,17,0,0,3.0,2.0,,0,3,50,1.0,2,43,1,,2,1,2,1,2,57,57,57,1,0,0,1.0,1.0,,50.0,,50.0,,,,,,2.0,3.0,0.0,1,2.0,2.0,2.0,,865.38,1.0,,2.0,,,12612.1507,3179.1667,10,2,0.0,,0,0,6056,2,,,,,,,3161.5224,7860.0,2330.0,-1,,,,,,,88899.0,2015,662,659,0,0,1,1,0,,8.0,40.0,2015,2.0,1,8,2,301,3011,1,17,0,0,3.0,2.0,,0,3,51,1.0,2,43,1,,1,2,1,2,57,57,57,1,0,0,1.0,1.0,,50.0,,38.0,,,,,,2.0,3.0,0.0,1,2.0,2.0,2.0,,826.92,1.0,,2.0,,,15228.0148,3800.0586,4,2,0.0,,0,0,6882,2,,,,,,,3759.9285,7860.0,2330.0,-1,,,,,,,87970.0,2016,674,659,0,0,0,1,0,,8.0,40.0,2016,MIS4_to_MIS8,2015-2016,True,False,False,False,False,False,False,1
710003841204977,3,1.0,4,4,2,301,3011,1,1,17,0,0,3.0,2.0,,0,1,37,,2,42,1,,1,1,1,5,2,57,57,57,1,0,0,1.0,1.0,,20.0,,39.0,,,15.0,,,8.0,2.0,0.0,1,2.0,1.0,1.0,300.0,329.0,1.0,,1.0,2.0,2.0,11926.5593,3105.0428,3,1,1.0,1.0,0,0,44393,1,,,5.0,,,,3016.7564,7860.0,9120.0,-1,,,,,,,88934.0,2015,662,659,0,0,1,0,0,16.0,22.0,40.0,2015,1.0,4,8,2,301,3011,1,17,0,0,3.0,2.0,,0,1,38,,2,42,1,,1,1,5,2,57,57,57,1,0,0,1.0,1.0,,60.0,,60.0,,,,,,2.0,7.0,0.0,2,,,,,,,,2.0,,,13525.9039,3369.1096,3,1,,,0,0,30781,1,,,4.0,,,,3341.8054,8470.0,4600.0,-1,,,,,,,88013.0,2016,674,659,0,0,1,0,0,15.0,15.0,43.0,2016,MIS4_to_MIS8,2015-2016,False,False,True,False,False,True,True,1
109160714005783,3,1.0,3,4,2,301,3011,1,1,17,44100,0,,1.0,,2,1,45,,1,44,1,,1,1,1,7,2,57,57,57,1,0,0,1.0,1.0,,40.0,,40.0,,,,,,2.0,2.0,0.0,1,1.0,2.0,2.0,,1538.0,1.0,,2.0,,,12173.08,3003.1413,0,0,1.0,,0,0,28766,1,,,,,,,2963.0672,9490.0,430.0,-1,,,,,2.0,,89006.0,2015,662,659,0,0,0,0,0,,1.0,51.0,2015,1.0,3,8,2,301,3011,1,17,44100,0,,1.0,,2,1,46,,1,44,1,,1,1,7,2,57,57,57,1,0,0,1.0,1.0,,40.0,,40.0,,,,,,2.0,2.0,0.0,1,2.0,2.0,2.0,,2884.0,1.0,,2.0,,,12576.7328,3131.8908,0,0,1.0,,0,0,49102,1,,,,,,,3080.4012,9490.0,20.0,-1,,,,,2.0,,88086.0,2016,674,659,0,0,0,0,0,,1.0,51.0,2016,MIS4_to_MIS8,2015-2016,True,False,False,False,False,False,False,1
201577008410340,3,1.0,1,4,2,301,3011,1,1,17,14010,0,,1.0,,2,3,40,1.0,2,44,1,,2,1,2,1,2,57,57,57,1,0,0,2.0,1.0,,50.0,,42.0,,,,,,2.0,2.0,0.0,1,2.0,2.0,2.0,,865.0,1.0,,2.0,,,12890.3112,3303.5564,3,2,1.0,,0,41,44401,2,,,,,,,3260.532,7860.0,2320.0,-1,,,,,,,89021.0,2015,662,659,0,0,1,0,0,,8.0,40.0,2015,1.0,1,8,2,301,3011,1,17,14010,0,,1.0,,2,3,41,1.0,2,44,1,,1,2,1,2,57,57,57,1,0,0,2.0,1.0,,50.0,,52.0,,,,,,2.0,2.0,0.0,1,2.0,2.0,2.0,,1442.3,1.0,,2.0,,,13370.5715,3324.0811,3,2,0.0,,0,0,30938,2,,,,,,,3311.4392,7860.0,2320.0,-1,,,,,,,88096.0,2016,674,659,0,0,1,0,0,,8.0,40.0,2016,MIS4_to_MIS8,2015-2016,True,False,False,False,False,False,False,1
503107681710350,3,1.0,7,4,2,301,3011,1,1,17,14010,0,,1.0,,2,2,61,,2,40,1,,1,0,0,5,2,57,57,57,1,0,0,1.0,1.0,,38.0,5.0,30.0,,,5.0,,,4.0,3.0,0.0,1,2.0,,1.0,1950.0,741.0,2.0,2.0,,,,13783.6047,3488.9666,0,0,0.0,0.0,0,0,6116,1,,,1.0,,,,3438.6654,9470.0,630.0,-1,,,,,,,89052.0,2015,662,659,0,0,0,0,0,12.0,2.0,51.0,2015,1.0,7,8,2,301,3011,1,17,14010,0,,1.0,,2,2,62,,2,40,1,,0,0,5,2,57,57,57,1,0,0,1.0,1.0,,37.0,,35.0,,,,,,2.0,3.0,0.0,1,2.0,1.0,1.0,2000.0,653.84,2.0,2.0,,,,15099.1334,3804.6397,0,0,0.0,0.0,0,0,41166,1,,,1.0,,,,3740.0171,9470.0,5220.0,-1,,,,,,,88131.0,2016,674,659,0,0,0,0,0,12.0,17.0,51.0,2016,MIS4_to_MIS8,2015-2016,True,False,False,False,False,False,False,1
730280672591001,3,1.0,1,4,2,301,3011,1,1,17,16060,0,,1.0,,2,3,56,1.0,1,43,1,,2,1,2,1,2,57,57,57,1,0,0,2.0,1.0,,37.0,,37.0,,,,,,2.0,2.0,0.0,1,2.0,2.0,2.0,,2115.38,1.0,,,,,11262.4468,2865.2879,0,0,0.0,,0,0,28794,2,,,,,,,2849.8714,770.0,1360.0,-1,,,,,,,89080.0,2015,662,659,0,0,0,0,0,,4.0,4.0,2015,1.0,1,8,2,301,3011,1,17,16060,0,,1.0,,2,3,57,1.0,1,43,1,,1,2,1,2,57,57,57,1,0,0,2.0,1.0,,38.0,,38.0,,,,,,2.0,2.0,0.0,1,2.0,2.0,2.0,,1923.07,1.0,,,,,11446.1318,2926.5767,0,0,0.0,,0,0,19027,2,,,,,,,2870.9021,770.0,220.0,-1,,,,,,,88171.0,2016,674,659,0,0,0,0,0,,1.0,4.0,2016,MIS4_to_MIS8,2015-2016,True,False,False,False,False,False,False,1
908106891710567,3,1.0,1,4,2,301,3011,1,1,17,0,0,,1.0,,0,1,58,2.0,1,44,1,,1,1,1,1,2,57,57,57,1,0,0,1.0,5.0,,,,,,,,,,1.0,3.0,0.0,2,,,,,,,,,,,12864.8127,3111.365,10,2,,,0,0,14561,1,,,,,,,3148.0641,7860.0,2320.0,-1,,,,,,,89106.0,2015,662,659,0,0,1,1,0,,8.0,40.0,2015,1.0,1,8,2,301,3011,1,17,0,0,,1.0,,0,1,59,2.0,1,44,1,,1,1,1,2,57,57,57,1,0,0,1.0,5.0,,,,,,,,,,1.0,,,2,,,,,,,,,,,13558.7233,3201.2885,3,1,,,0,0,4175,1,,,,,,,3363.5769,,,-1,,,,,,,88188.0,2016,674,659,0,0,1,0,0,,,,2016,MIS4_to_MIS8,2015-2016,False,False,False,True,True,True,True,1
93037463101261,4,1.0,1,4,2,301,3011,1,1,17,16980,0,1.0,1.0,2.0,7,1,45,2.0,2,44,1,,1,1,1,1,2,57,57,57,1,0,0,1.0,1.0,,40.0,,40.0,,,,,,2.0,3.0,0.0,1,2.0,2.0,2.0,,1442.3,1.0,,2.0,,,11580.9316,2863.669,4,1,0.0,,0,0,55196,1,,,,,,,2846.9193,7860.0,2310.0,-1,,,,,,,125712.0,2015,663,660,0,0,0,1,0,,8.0,40.0,2015,1.0,1,8,2,301,3011,1,17,16980,0,1.0,1.0,2.0,7,1,46,2.0,2,44,1,,1,1,1,2,57,57,57,1,0,0,1.0,1.0,,40.0,,40.0,,,,,,2.0,3.0,0.0,1,2.0,2.0,2.0,,1442.3,1.0,,2.0,,,10574.8879,2699.3417,0,0,0.0,,0,0,57361,1,,,,,,,2652.36,7860.0,2310.0,-1,,,,,,,124493.0,2016,675,660,0,0,0,0,0,,8.0,40.0,2016,MIS4_to_MIS8,2015-2016,True,False,False,False,False,False,False,1
310207191903637,4,1.0,1,4,2,301,3011,1,1,17,16980,0,1.0,1.0,,7,1,39,2.0,1,44,1,,1,1,1,1,2,57,165,57,1,0,0,1.0,1.0,,70.0,,50.0,,,,,,2.0,3.0,0.0,1,2.0,2.0,2.0,,2115.38,1.0,,2.0,,,11203.5548,2868.2527,4,1,0.0,,0,0,5240,1,,,,,,,2838.1975,7860.0,2320.0,-1,,,,,,,125824.0,2015,663,660,0,0,0,1,0,,8.0,40.0,2015,2.0,1,8,2,301,3011,1,17,16980,0,1.0,1.0,,7,1,39,2.0,1,44,1,,1,1,1,2,57,165,57,1,0,0,1.0,1.0,,70.0,,70.0,,,,,,2.0,3.0,0.0,1,2.0,2.0,2.0,,1923.07,1.0,,2.0,,,11038.6195,2891.3571,0,0,0.0,,0,0,31022,1,,,,,,,2894.3462,7860.0,2310.0,-1,,,,,,,124594.0,2016,675,660,0,0,0,0,0,,8.0,40.0,2016,MIS4_to_MIS8,2015-2016,True,False,False,False,False,False,False,1
310207191903637,4,1.0,1,4,2,301,3011,1,1,17,16980,0,1.0,1.0,,7,3,49,1.0,2,44,1,,2,1,2,1,2,57,57,57,1,0,0,2.0,1.0,,70.0,,50.0,,,,,,2.0,3.0,0.0,1,2.0,2.0,2.0,,2153.84,1.0,,2.0,,,11580.9316,2863.669,4,1,0.0,,0,0,5240,2,,,,,,,2846.9193,7860.0,2320.0,-1,,,,,,,125825.0,2015,663,660,0,0,0,1,0,,8.0,40.0,2015,2.0,1,8,2,301,3011,1,17,16980,0,1.0,1.0,,7,3,50,1.0,2,44,1,,1,2,1,2,57,57,57,1,0,0,2.0,1.0,,70.0,,70.0,,,,,,2.0,3.0,0.0,1,2.0,2.0,2.0,,1923.07,1.0,,2.0,,,10915.4295,2748.1012,0,0,0.0,,0,0,31022,2,,,,,,,2737.7736,7860.0,2320.0,-1,,,,,,,124595.0,2016,675,660,0,0,0,0,0,,8.0,40.0,2016,MIS4_to_MIS8,2015-2016,True,False,False,False,False,False,False,1
321979013110832,4,1.0,1,4,2,301,3011,1,1,17,16980,0,1.0,1.0,1.0,7,3,58,1.0,2,40,2,1.0,2,1,2,1,2,57,57,57,1,0,0,2.0,1.0,,16.0,,16.0,,,18.0,,,7.0,2.0,0.0,1,2.0,,1.0,1100.0,176.0,1.0,,,,,20306.3279,5293.1918,0,0,0.0,0.0,0,0,51737,2,,,2.0,,,,5143.1915,8170.0,3600.0,-1,,,,,,,125829.0,2015,663,660,0,0,0,0,0,13.0,11.0,42.0,2015,4.0,1,8,2,301,3011,1,17,16980,0,1.0,1.0,1.0,7,3,59,1.0,2,40,2,1.0,1,2,1,2,57,57,57,1,0,0,1.0,1.0,,20.0,,20.0,,,23.0,,,7.0,2.0,0.0,1,2.0,,1.0,1300.0,260.0,1.0,,,,,21151.2267,5632.3624,0,0,0.0,0.0,0,0,69227,2,,,2.0,,,,5523.7351,9480.0,4610.0,-1,,,,,,,124600.0,2016,675,660,0,0,0,0,0,13.0,15.0,51.0,2016,MIS4_to_MIS8,2015-2016,True,False,False,False,False,False,False,1
547836801452106,4,1.0,4,4,2,301,3011,1,1,17,16980,0,1.0,1.0,1.0,7,1,29,,2,43,2,,1,1,1,6,2,57,57,57,1,0,0,1.0,4.0,,,,,,,,16.0,5.0,11.0,3.0,0.0,2,,,,,,,,2.0,,,11398.5199,3930.9823,2,1,,,0,0,23376,1,,,,,,,3842.9875,9470.0,2015.0,-1,,,,,,,125863.0,2015,663,660,0,1,0,0,1,,6.0,51.0,2015,1.0,4,8,2,301,3011,1,17,16980,0,1.0,1.0,1.0,7,1,31,,2,43,2,,1,1,6,2,57,57,57,1,0,0,1.0,7.0,,,,,,,,,,1.0,,,2,,,,,,,,2.0,,,13499.5121,3469.515,6,2,,,0,0,61810,1,,,,,,,3587.422,,,-1,,,,,,,124627.0,2016,675,660,1,0,1,0,1,,,,2016,MIS4_to_MIS8,2015-2016,False,False,False,True,False,True,True,1
603121930710937,4,1.0,1,4,2,301,3011,1,1,17,16980,0,1.0,1.0,,7,3,48,1.0,1,45,1,,2,1,2,1,2,57,57,57,1,0,0,2.0,1.0,,50.0,,50.0,,,,,,2.0,3.0,0.0,1,2.0,2.0,2.0,,1461.53,1.0,,2.0,,,12361.0956,3157.83,4,1,0.0,,0,0,62841,2,,,,,,,3102.7446,7860.0,2320.0,-1,,,,,,,125871.0,2015,663,660,0,0,0,1,0,18.0,8.0,40.0,2015,1.0,1,8,2,301,3011,1,17,16980,0,1.0,1.0,,7,3,49,1.0,1,46,1,,1,2,1,2,57,57,57,1,0,0,2.0,1.0,,50.0,,52.0,,,,,,2.0,3.0,0.0,1,2.0,2.0,2.0,,1523.5,1.0,,2.0,,,12891.8214,3197.6626,4,1,0.0,,0,0,43001,2,,,,,,,3158.5764,7860.0,2320.0,2340,,,,,,,124636.0,2016,675,660,0,0,0,1,0,18.0,8.0,40.0,2016,MIS4_to_MIS8,2015-2016,True,False,False,False,False,False,False,1
750380644581101,4,2.0,1,4,2,301,3011,1,1,17,16980,0,1.0,1.0,1.0,7,3,62,1.0,1,40,1,,2,1,2,1,2,57,57,57,1,0,0,1.0,1.0,,40.0,,38.0,,,,,,2.0,3.0,0.0,1,2.0,,1.0,4615.0,1846.0,1.0,,,,,11209.4832,2999.2435,0,0,0.0,0.0,0,0,5231,2,,,3.0,,,,2913.7814,570.0,7410.0,-1,,,,,,,125910.0,2015,663,660,0,0,0,0,0,14.0,20.0,24.0,2015,2.0,1,8,2,301,3011,1,17,16980,0,1.0,1.0,1.0,7,3,63,1.0,1,40,1,,1,2,1,2,57,57,57,1,0,0,1.0,5.0,,,,,,,,,,1.0,3.0,0.0,2,,,,,,,,,,,14294.4464,3434.6417,0,0,,,0,0,32944,2,,,3.0,,,,3517.0789,770.0,6200.0,-1,,,,,,,124680.0,2016,675,660,0,0,0,0,0,14.0,19.0,4.0,2016,MIS4_to_MIS8,2015-2016,True,False,False,False,True,False,False,1
15057497101781,4,1.0,1,4,2,301,3011,1,1,17,16980,97,2.0,1.0,,7,3,44,1.0,2,43,1,,2,1,2,1,2,57,57,57,1,0,0,2.0,1.0,,50.0,,50.0,,,,,,2.0,2.0,0.0,1,2.0,2.0,2.0,,2153.0,1.0,,2.0,,,11358.9374,2888.8505,3,1,1.0,,0,0,5249,2,,,,,,,2829.221,7860.0,2310.0,-1,,,,,,,126009.0,2015,663,660,0,0,1,0,0,,8.0,40.0,2015,2.0,1,8,2,301,3011,1,17,16980,97,2.0,1.0,,7,3,45,1.0,2,43,1,,1,2,1,2,57,57,57,1,0,0,1.0,1.0,,40.0,4.0,32.0,,,4.0,,,4.0,2.0,0.0,1,1.0,2.0,2.0,,730.76,1.0,,2.0,,,10742.8033,2742.2037,3,1,0.0,,0,0,8148,2,,,,,,,2694.4761,7860.0,2310.0,-1,,,,,,,124797.0,2016,675,660,0,0,1,0,0,,8.0,40.0,2016,MIS4_to_MIS8,2015-2016,True,False,False,False,False,False,False,1
106150917071771,4,2.0,1,4,2,301,3011,1,1,17,16980,111,2.0,1.0,,7,1,36,2.0,1,39,1,,1,1,1,1,2,57,57,57,1,0,0,2.0,1.0,,40.0,,40.0,,,,,,2.0,3.0,0.0,1,2.0,1.0,1.0,1900.0,1250.0,1.0,,2.0,,,11080.592,2836.7727,10,2,0.0,1.0,0,0,43461,1,1.0,,,,,,2807.0473,9470.0,3850.0,-1,,,,,,,126108.0,2015,663,660,0,0,1,1,0,12.0,12.0,51.0,2015,2.0,1,8,2,301,3011,1,17,16980,111,2.0,1.0,,7,1,37,2.0,1,42,1,,1,1,1,2,57,57,57,1,0,0,2.0,1.0,,-4.0,,50.0,,,,,,2.0,3.0,0.0,1,2.0,2.0,1.0,1350.0,675.0,1.0,,2.0,,,11213.8984,2937.2681,3,1,1.0,1.0,0,42,8162,1,,,3.0,,,,2940.3046,9470.0,3850.0,-1,,,,,,,124868.0,2016,675,660,0,0,1,0,0,14.0,12.0,51.0,2016,MIS4_to_MIS8,2015-2016,True,False,False,False,False,False,False,1
128580416070707,4,2.0,3,4,2,301,3011,1,1,17,16980,0,2.0,1.0,,7,1,17,,1,36,1,,1,1,1,7,2,128,128,128,4,0,18,2.0,1.0,,15.0,,15.0,,,20.0,,,7.0,3.0,0.0,1,2.0,,1.0,900.0,135.0,2.0,2.0,1.0,1.0,1.0,12936.9761,2826.6146,0,0,1.0,1.0,0,0,55182,1,,,,,,,2762.6819,8570.0,3955.0,-1,,,,,2.0,1.0,126141.0,2015,663,660,0,0,0,0,0,10.0,12.0,44.0,2015,2.0,3,8,2,301,3011,1,17,16980,0,2.0,1.0,,7,1,18,,1,38,1,,1,1,7,2,128,128,128,4,0,18,2.0,1.0,,15.0,,14.0,,,20.0,,,7.0,4.0,0.0,1,2.0,,1.0,900.0,135.0,2.0,2.0,1.0,1.0,2.0,12608.9165,3074.0299,0,0,0.0,0.0,0,0,8035,1,,,,,,,3093.408,5275.0,5240.0,-1,,,,,2.0,1.0,124909.0,2016,675,660,0,0,0,0,0,12.0,17.0,22.0,2016,MIS4_to_MIS8,2015-2016,False,True,False,False,False,True,True,1
188057788103731,4,1.0,1,4,2,301,3011,1,1,17,16980,0,2.0,1.0,,7,1,76,2.0,1,45,1,,1,1,1,1,2,57,57,57,1,0,0,1.0,1.0,,50.0,,50.0,,,,,,2.0,2.0,0.0,1,2.0,2.0,2.0,,2884.61,2.0,2.0,,,,12298.5057,3205.0806,0,0,0.0,,0,0,23326,1,,,,,,,3071.0241,9470.0,2100.0,-1,,,,,,,126200.0,2015,663,660,0,0,0,0,0,18.0,7.0,51.0,2015,1.0,1,8,2,301,3011,1,17,16980,0,2.0,1.0,,7,1,77,2.0,1,45,1,,1,1,1,2,57,57,57,1,0,0,1.0,1.0,,55.0,,55.0,,,,,,2.0,3.0,0.0,1,2.0,2.0,2.0,,2884.61,2.0,2.0,,,,11161.4876,2976.2606,0,0,0.0,,0,0,32950,1,,,,,,,2871.1621,9470.0,2100.0,-1,,,,,,,125003.0,2016,675,660,0,0,0,0,0,18.0,7.0,51.0,2016,MIS4_to_MIS8,2015-2016,True,False,False,False,False,False,True,1
271160190300503,4,2.0,1,4,2,301,3011,1,1,17,16980,0,2.0,1.0,,7,4,17,,1,37,1,,3,1,3,7,2,57,57,57,1,0,0,2.0,7.0,,,,,,,,,,1.0,3.0,1.0,2,,,,,,,,1.0,1.0,1.0,11451.0645,2826.6146,0,0,,,0,0,23449,3,,,,,,,2894.6895,290.0,4250.0,-1,,,,,2.0,1.0,126274.0,2015,663,660,0,0,0,0,0,11.0,14.0,1.0,2015,1.0,1,8,2,301,3011,1,17,16980,0,2.0,1.0,,7,4,19,,1,40,1,,1,3,7,2,57,57,57,1,0,0,2.0,1.0,,3.0,,3.0,,,20.0,,,7.0,4.0,0.0,1,2.0,,1.0,800.0,24.0,2.0,2.0,1.0,1.0,2.0,12608.9165,3074.0299,0,0,0.0,0.0,0,0,50047,3,,,3.0,,,,3093.408,8680.0,4720.0,-1,,,,,2.0,1.0,125030.0,2016,675,660,0,0,0,0,0,14.0,16.0,46.0,2016,MIS4_to_MIS8,2015-2016,False,True,False,False,False,True,True,1
410000031031677,4,1.0,3,4,2,301,3011,1,1,17,16980,97,2.0,1.0,,7,1,49,,1,44,1,,1,1,1,5,2,57,57,57,1,0,0,1.0,1.0,,0.0,,7.0,,,15.0,,,6.0,3.0,0.0,1,2.0,2.0,2.0,,100.0,2.0,2.0,2.0,,,12225.4283,3123.1717,10,3,0.0,,0,0,19838,1,,,,,,,3068.6909,7860.0,2310.0,-1,,,,,,,126315.0,2015,663,660,0,0,1,1,0,,8.0,40.0,2015,1.0,3,8,2,301,3011,1,17,16980,97,2.0,1.0,,7,1,50,,1,44,1,,1,1,5,2,57,57,57,1,0,0,1.0,1.0,,35.0,,35.0,,,,,,2.0,3.0,0.0,1,2.0,,1.0,1600.0,560.0,1.0,,2.0,,,11296.0441,2782.1328,4,3,0.0,0.0,0,0,61834,1,,,,,,,2767.6011,7860.0,2540.0,-1,,,,,,,125089.0,2016,675,660,0,0,0,1,0,,8.0,40.0,2016,MIS4_to_MIS8,2015-2016,True,False,False,False,False,False,False,1
741840216051001,4,2.0,4,4,2,301,3011,1,1,17,16980,0,2.0,1.0,,7,5,17,,1,37,1,1.0,3,2,3,7,2,57,57,303,1,0,0,2.0,7.0,,,,,,,,,,1.0,3.0,1.0,2,,,,,,,,1.0,1.0,1.0,11257.1263,2832.1174,0,0,,,0,0,9273,3,,,,,,,2845.6643,290.0,4250.0,-1,,,,,2.0,,126459.0,2015,663,660,0,0,0,0,0,11.0,14.0,1.0,2015,2.0,4,8,2,301,3011,1,17,16980,0,2.0,1.0,,7,5,19,,1,40,1,1.0,1,4,7,2,57,57,303,1,0,0,2.0,1.0,,24.0,,25.0,,,20.0,,,7.0,4.0,0.0,1,2.0,,1.0,1250.0,320.0,2.0,2.0,1.0,1.0,2.0,12952.3625,3011.8175,0,0,0.0,0.0,0,0,8137,3,,,1.0,,,,3177.6673,4880.0,9600.0,-1,,,,,2.0,,125259.0,2016,675,660,0,0,0,0,0,12.0,22.0,22.0,2016,MIS4_to_MIS8,2015-2016,False,True,False,False,False,True,True,1
760740173951001,4,1.0,4,4,2,301,3011,1,1,17,16980,0,2.0,1.0,,7,1,64,,2,44,1,,1,1,1,5,2,158,158,158,4,0,21,1.0,1.0,,8.0,,8.0,,,15.0,,,6.0,3.0,0.0,1,2.0,,1.0,1200.0,96.0,2.0,2.0,,,,11326.7587,2773.4329,0,0,0.0,0.0,0,0,23480,1,,,,,,,2737.1241,7860.0,2340.0,-1,,,,,,,126460.0,2015,663,660,0,0,0,0,0,,8.0,40.0,2015,1.0,4,8,2,301,3011,1,17,16980,0,2.0,1.0,,7,1,65,,2,43,1,,1,1,5,2,158,158,158,4,0,21,3.0,1.0,,35.0,,35.0,,,,,,2.0,3.0,0.0,1,2.0,,1.0,1200.0,420.0,2.0,2.0,,,,9829.103,2630.56,0,0,0.0,0.0,0,0,65301,1,,,,,,,2532.8183,7860.0,2540.0,-1,,,,,,,125272.0,2016,675,660,0,0,0,0,0,,8.0,40.0,2016,MIS4_to_MIS8,2015-2016,True,False,False,False,False,False,False,1
787049801060107,4,1.0,1,4,2,301,3011,1,1,17,16980,0,2.0,1.0,,7,3,49,1.0,2,44,1,,2,1,2,1,2,57,57,57,1,0,0,2.0,1.0,,40.0,,40.0,,,,,,2.0,1.0,0.0,1,2.0,1.0,1.0,1500.0,576.0,2.0,2.0,2.0,,,11453.8269,2832.2392,10,2,1.0,1.0,0,0,44733,2,,,,,,,2815.6733,6870.0,5000.0,-1,,,,,,,126477.0,2015,663,660,0,0,1,1,0,,17.0,32.0,2015,1.0,1,8,2,301,3011,1,17,16980,0,2.0,1.0,,7,3,50,1.0,2,44,1,,1,2,1,2,57,57,57,1,0,0,2.0,1.0,,50.0,,50.0,,,,,,2.0,5.0,0.0,1,2.0,2.0,2.0,,2884.61,2.0,2.0,2.0,,,11088.7523,2791.7375,10,2,0.0,,0,0,17700,2,,,,,,,2781.2459,6870.0,120.0,-1,,,,,,,125285.0,2016,675,660,0,0,1,1,0,,1.0,32.0,2016,MIS4_to_MIS8,2015-2016,False,True,False,False,False,True,True,1
807680601990109,4,1.0,6,4,2,301,3011,1,1,17,37900,0,2.0,1.0,,3,2,69,,1,37,2,,1,0,0,5,2,57,57,57,1,0,0,1.0,1.0,,40.0,,50.0,,,,,,2.0,3.0,0.0,1,2.0,,1.0,1250.0,500.0,2.0,2.0,,,,16683.9398,3154.7955,0,0,0.0,0.0,0,0,35478,1,,,,,,,3095.7492,8560.0,4720.0,-1,4.0,,,,,,126484.0,2015,663,660,0,0,0,0,0,11.0,16.0,44.0,2015,1.0,6,8,2,301,3011,1,17,37900,0,2.0,1.0,,3,2,70,,1,39,2,,0,0,5,2,57,57,57,1,0,0,1.0,1.0,,-4.0,,40.0,,,,,,2.0,4.0,0.0,1,2.0,,1.0,1360.0,544.0,2.0,2.0,,,,11831.0961,3742.0436,0,0,0.0,0.0,0,0,33130,1,1.0,,,,,,3655.4822,8560.0,9350.0,-1,4.0,,,,,,125302.0,2016,675,660,0,0,0,0,0,12.0,22.0,44.0,2016,MIS4_to_MIS8,2015-2016,False,True,False,False,False,True,True,1
4105750710974,4,1.0,1,4,2,301,3011,1,1,17,0,0,3.0,2.0,,0,3,48,1.0,2,43,1,,2,1,2,1,2,57,57,57,1,0,0,2.0,1.0,,20.0,,20.0,,,14.0,,,6.0,2.0,0.0,1,2.0,,1.0,950.0,190.0,2.0,2.0,2.0,,,12193.8765,3015.2346,3,1,0.0,0.0,0,0,5204,2,,,,,,,2997.5984,7870.0,4760.0,-1,,,,,,,126567.0,2015,663,660,0,0,1,0,0,,16.0,40.0,2015,1.0,3,8,2,301,3011,1,17,0,0,3.0,2.0,,0,4,49,,2,43,1,,1,3,3,2,57,57,57,1,0,0,2.0,1.0,,20.0,,20.0,,,18.0,,,7.0,2.0,0.0,1,2.0,,1.0,1000.0,200.0,2.0,2.0,2.0,,,10543.1982,2691.2525,3,1,0.0,0.0,0,0,57309,2,,,,,,,2644.4117,5370.0,4760.0,-1,,,,,,2.0,125355.0,2016,675,660,0,0,1,0,0,,16.0,22.0,2016,MIS4_to_MIS8,2015-2016,True,False,False,False,False,False,False,1
77027522100271,4,1.0,1,4,2,301,3011,1,1,17,0,0,3.0,2.0,,0,1,49,2.0,1,43,1,,1,1,1,1,2,57,57,57,1,0,0,1.0,1.0,,38.0,4.0,34.0,,,4.0,,,4.0,2.0,0.0,1,2.0,1.0,1.0,5100.0,1942.3,1.0,,2.0,,,13015.3323,3324.9647,10,3,0.0,0.0,0,0,23555,1,,,,,,,3266.9638,9380.0,800.0,-1,,,,,,,126581.0,2015,663,660,0,0,1,1,0,,2.0,51.0,2015,1.0,1,8,2,301,3011,1,17,0,0,3.0,2.0,,0,1,50,2.0,1,43,1,,1,1,1,2,57,57,57,1,0,0,1.0,1.0,,40.0,5.0,34.0,,,5.0,,,4.0,2.0,0.0,1,2.0,1.0,1.0,5000.0,2104.5,1.0,,2.0,,,11086.1595,2730.4398,10,2,0.0,0.0,0,0,20926,1,,,,,,,2716.1781,9380.0,800.0,-1,,,,,,,125362.0,2016,675,660,0,0,1,1,0,,2.0,51.0,2016,MIS4_to_MIS8,2015-2016,True,False,False,False,False,False,False,1
177721070033007,4,1.0,1,4,2,301,3011,1,1,17,0,0,3.0,2.0,,0,3,55,1.0,2,43,1,,2,1,2,1,2,57,57,57,1,0,0,2.0,1.0,,40.0,,40.0,,,,,,2.0,2.0,0.0,1,2.0,2.0,2.0,,1223.07,1.0,,,,,11673.6442,2911.6614,0,0,0.0,,0,0,9133,2,,,,,,,2875.947,7860.0,2320.0,-1,,,,,,,126612.0,2015,663,660,0,0,0,0,0,,8.0,40.0,2015,1.0,1,8,2,301,3011,1,17,0,0,3.0,2.0,,0,3,56,1.0,2,43,1,,1,2,1,2,57,57,57,1,0,0,2.0,1.0,,40.0,,40.0,,,,,,2.0,2.0,0.0,1,2.0,2.0,2.0,,1250.0,1.0,,,,,11754.4995,2885.7856,0,0,0.0,,0,0,4805,2,,,,,,,2847.6103,7860.0,2320.0,-1,,,,,,,125395.0,2016,675,660,0,0,0,0,0,,8.0,40.0,2016,MIS4_to_MIS8,2015-2016,True,False,False,False,False,False,False,1
760820563451001,4,1.0,1,4,2,301,3011,1,1,17,44100,0,,1.0,,2,1,45,2.0,1,44,1,,1,1,1,1,2,57,57,57,1,0,0,1.0,1.0,,37.0,,37.0,,,,,,2.0,2.0,0.0,1,2.0,1.0,1.0,5500.0,2884.61,1.0,,2.0,,,13217.4142,3376.5896,3,2,0.0,0.0,0,0,55210,1,,,,,,,3317.6882,9370.0,110.0,-1,2.0,3.0,,,,,126762.0,2015,663,660,0,0,1,0,0,,1.0,51.0,2015,1.0,1,8,2,301,3011,1,17,44100,0,,1.0,,2,1,46,2.0,1,44,1,,1,1,1,2,57,57,57,1,0,0,1.0,1.0,,38.0,8.0,30.0,,,8.0,,,4.0,2.0,0.0,1,2.0,1.0,1.0,6000.0,2173.07,1.0,,2.0,,,12695.4422,3148.9531,3,2,0.0,0.0,0,0,20941,1,,,,,,,3110.4623,7380.0,110.0,-1,2.0,3.0,,,,,125553.0,2016,675,660,0,0,1,0,0,,1.0,36.0,2016,MIS4_to_MIS8,2015-2016,True,False,False,False,False,False,False,1
6119138710190,5,2.0,7,4,2,301,3011,1,1,17,16980,0,1.0,1.0,1.0,7,2,28,,2,44,1,,1,0,0,7,2,57,57,57,1,0,0,1.0,1.0,,50.0,,50.0,,,,,,2.0,3.0,0.0,1,2.0,2.0,2.0,,961.53,2.0,2.0,2.0,,,14541.9755,3696.5383,0,0,0.0,,0,0,50396,1,,,,,,,3660.2887,7860.0,2310.0,-1,,,,,,,163940.0,2015,664,661,0,0,0,0,0,,8.0,40.0,2015,2.0,1,8,2,301,3011,1,17,16980,0,1.0,1.0,1.0,7,1,29,2.0,2,44,1,,1,1,1,2,57,57,57,1,0,0,2.0,1.0,,65.0,,65.0,,,,,,2.0,4.0,0.0,1,2.0,2.0,2.0,,1057.69,2.0,2.0,2.0,,,12752.762,3232.3513,0,0,0.0,,0,0,22791,1,,,,,,,3231.8651,7860.0,2320.0,-1,,,,,,,162086.0,2016,676,661,0,0,0,0,0,,8.0,40.0,2016,MIS4_to_MIS8,2015-2016,False,True,False,False,False,True,True,1
10711348086730,5,2.0,1,4,2,301,3011,1,1,17,16980,0,1.0,1.0,,7,1,41,2.0,2,44,1,,1,1,1,1,2,57,57,57,1,0,0,1.0,1.0,,34.0,,34.0,,,17.0,,,7.0,2.0,0.0,1,1.0,2.0,2.0,,1615.38,1.0,,2.0,,,12956.971,3347.4195,1,1,0.0,,0,0,41029,1,,,,,,,3284.3533,7860.0,2310.0,-1,,,,,,,163952.0,2015,664,661,1,0,0,0,1,,8.0,40.0,2015,1.0,1,8,2,301,3011,1,17,16980,0,1.0,1.0,,7,1,43,2.0,2,44,1,,1,1,1,2,57,57,57,1,0,0,1.0,1.0,,34.0,,34.0,,,18.0,,,7.0,3.0,0.0,1,2.0,2.0,2.0,,1576.92,1.0,,2.0,,,11327.2907,2767.6837,1,1,0.0,,0,0,5244,1,,,,,,,2783.8623,7860.0,2320.0,-1,,,,,,,162107.0,2016,676,661,1,0,0,0,1,,8.0,40.0,2016,MIS4_to_MIS8,2015-2016,True,False,False,False,False,False,True,1
106080818057794,5,2.0,1,4,2,301,3011,1,1,17,37900,0,1.0,1.0,,3,3,72,1.0,2,43,2,,2,1,2,1,2,57,57,57,1,0,0,2.0,1.0,,40.0,,40.0,,,,,,2.0,2.0,0.0,1,2.0,2.0,2.0,,923.07,2.0,2.0,,,,14534.9844,3666.2206,0,0,0.0,,0,0,61115,2,,,,,,,3606.125,7860.0,2000.0,-1,,,,,,,163982.0,2015,664,661,0,0,0,0,0,,6.0,40.0,2015,1.0,1,8,2,301,3011,1,17,37900,0,1.0,1.0,,3,3,73,1.0,2,43,2,,1,2,1,2,57,57,57,1,0,0,2.0,5.0,,,,,,,,,,1.0,,,2,,,,,,,,,,,16440.8875,4182.0132,0,0,,,0,0,23050,2,,,,,,,4118.693,,,-1,,,,,,,162140.0,2016,676,661,0,0,0,0,0,,,,2016,MIS4_to_MIS8,2015-2016,False,False,False,True,True,True,True,1
108110916041721,5,1.0,6,4,2,301,3011,1,1,17,40420,0,1.0,1.0,,3,2,64,,1,40,2,,1,0,0,5,2,57,57,57,1,0,0,1.0,1.0,,20.0,,20.0,,,21.0,,,7.0,2.0,0.0,1,2.0,,1.0,1010.0,202.0,2.0,2.0,,,,12371.1647,3372.4919,0,0,0.0,0.0,0,0,50502,1,,,4.0,,,,3338.6538,9370.0,2160.0,-1,3.0,2.0,,,,,163983.0,2015,664,661,0,0,0,0,0,15.0,7.0,51.0,2015,1.0,6,8,2,301,3011,1,17,40420,0,1.0,1.0,,3,2,65,,1,40,2,,0,0,5,2,57,57,57,1,0,0,1.0,1.0,,20.0,,16.0,,,18.0,,,7.0,3.0,0.0,1,2.0,,1.0,2200.0,440.0,2.0,2.0,,,,11174.0485,3475.1085,0,0,1.0,1.0,0,42,45545,1,,,4.0,,,,3406.3202,9370.0,430.0,-1,3.0,2.0,,,,,162150.0,2016,676,661,0,0,0,0,0,15.0,1.0,51.0,2016,MIS4_to_MIS8,2015-2016,True,False,False,False,False,False,True,1
118380416070703,5,3.0,1,4,2,301,3011,1,1,17,16980,0,1.0,1.0,,7,4,19,,1,39,8,,3,1,3,7,2,57,57,57,1,0,0,2.0,7.0,,,,,,8.0,,,,1.0,3.0,0.0,2,,,,,,,,1.0,1.0,2.0,12532.4491,3014.1294,0,0,,,0,0,4368,3,1.0,,,,,,3106.3264,8570.0,3955.0,-1,,,,,2.0,1.0,163992.0,2015,664,661,0,0,0,0,0,12.0,12.0,44.0,2015,1.0,1,8,2,301,3011,1,17,16980,0,1.0,1.0,,7,4,20,,1,40,8,,1,3,7,2,57,57,57,1,0,0,2.0,4.0,,,,,,,,30.0,5.0,12.0,3.0,0.0,2,,,,,,,,1.0,1.0,2.0,20425.4634,4807.1593,0,0,,,0,0,5245,3,,,1.0,,,,4965.9909,9370.0,3955.0,-1,,,,,2.0,1.0,162167.0,2016,676,661,0,0,0,0,0,12.0,12.0,51.0,2016,MIS4_to_MIS8,2015-2016,True,False,False,False,False,False,False,1
567674701092105,5,1.0,1,4,2,301,3011,1,1,17,16980,0,1.0,1.0,1.0,7,3,61,1.0,2,43,1,,2,1,2,1,2,57,57,57,1,0,0,2.0,1.0,,35.0,,35.0,,,,,,2.0,3.0,0.0,1,2.0,2.0,2.0,,769.23,2.0,2.0,,,,14392.8175,3794.4104,0,0,0.0,,0,0,19917,2,,,,,,,3722.6681,9470.0,430.0,-1,,,,,,,164108.0,2015,664,661,0,0,0,0,0,,1.0,51.0,2015,1.0,1,8,2,301,3011,1,17,16980,0,1.0,1.0,1.0,7,3,62,1.0,2,43,1,,1,2,1,2,57,57,57,1,0,0,2.0,1.0,,35.0,,35.0,,,,,,2.0,3.0,0.0,1,2.0,2.0,2.0,,769.23,2.0,2.0,,,,16452.7658,3930.8802,0,0,0.0,,0,0,22805,2,,,,,,,3931.9201,9470.0,430.0,-1,,,,,,,162299.0,2016,676,661,0,0,0,0,0,,1.0,51.0,2016,MIS4_to_MIS8,2015-2016,True,False,False,False,False,False,False,1
10710102811187,5,1.0,3,4,2,301,3011,1,1,17,16980,0,2.0,1.0,,7,4,22,,1,40,1,,2,1,3,7,2,57,57,57,1,0,0,2.0,1.0,,12.0,,12.0,,,20.0,,,7.0,3.0,0.0,1,2.0,,1.0,1000.0,120.0,2.0,2.0,1.0,1.0,2.0,15412.757,3856.7262,0,0,1.0,1.0,0,42,67363,2,,,4.0,,,,3829.6389,9370.0,50.0,-1,,,,,,1.0,164228.0,2015,664,661,0,0,0,0,0,15.0,1.0,51.0,2015,1.0,3,8,2,301,3011,1,17,16980,0,2.0,1.0,,7,4,23,,1,40,1,,1,3,7,2,57,57,57,1,0,0,2.0,1.0,,-4.0,5.0,12.0,,,5.0,,,4.0,4.0,0.0,1,2.0,2.0,2.0,,865.0,2.0,2.0,1.0,1.0,2.0,15249.8014,3943.6662,0,0,1.0,,0,42,45530,2,,,4.0,,,,3955.4703,7390.0,50.0,-1,,,,,,1.0,162407.0,2016,676,661,0,0,0,0,0,15.0,1.0,36.0,2016,MIS4_to_MIS8,2015-2016,False,True,False,False,False,True,True,1
10710187488706,5,1.0,1,4,2,301,3011,1,1,17,16980,0,2.0,1.0,,7,3,63,1.0,2,39,1,,2,1,2,1,2,57,57,57,1,0,0,2.0,1.0,,25.0,,25.0,,,18.0,,,7.0,3.0,0.0,1,2.0,,1.0,2300.0,575.0,1.0,,,,,13169.0779,3471.7932,0,0,1.0,1.0,0,42,20004,2,1.0,,,,,,3406.1507,7890.0,2540.0,-1,,,,,,,164237.0,2015,664,661,0,0,0,0,0,12.0,8.0,40.0,2015,2.0,4,8,2,301,3011,1,17,16980,0,2.0,1.0,,7,1,63,,2,39,1,,1,1,3,2,57,57,57,1,0,0,1.0,5.0,,,,,,,,,,1.0,3.0,0.0,2,,,,,,,,,,,14033.8552,3558.7278,0,0,,,0,0,22944,2,1.0,,,,,,3531.2821,7860.0,2540.0,-1,,,,,,,162415.0,2016,676,661,0,0,0,0,0,12.0,8.0,40.0,2016,MIS4_to_MIS8,2015-2016,True,False,False,False,True,False,False,1
171971070010201,5,2.0,1,4,2,301,3011,1,1,17,37900,0,2.0,1.0,,3,3,47,1.0,2,43,1,,2,1,2,1,2,57,57,57,1,0,0,1.0,1.0,,50.0,,50.0,,,,,,2.0,3.0,0.0,1,2.0,2.0,2.0,,865.38,1.0,,2.0,,,13761.7987,3515.857,0,0,0.0,,0,0,42967,2,,,,,,,3490.0511,7860.0,2310.0,-1,,,,,,,164368.0,2015,664,661,0,0,0,0,0,,8.0,40.0,2015,1.0,1,8,2,301,3011,1,17,37900,0,2.0,1.0,,3,3,48,1.0,2,43,1,,1,2,1,2,57,57,57,1,0,0,2.0,1.0,,50.0,,50.0,,,,,,2.0,3.0,0.0,1,2.0,2.0,2.0,,692.0,1.0,,2.0,,,13759.7681,3454.8108,0,0,1.0,,0,42,52496,2,,,,,,,3429.1958,7860.0,2310.0,-1,,,,,,,162568.0,2016,676,661,0,0,0,0,0,,8.0,40.0,2016,MIS4_to_MIS8,2015-2016,True,False,False,False,False,False,False,1
461571002610940,5,2.0,1,4,2,301,3011,1,1,17,16980,0,2.0,1.0,,7,3,54,1.0,1,41,1,,2,1,2,1,2,57,57,57,1,0,0,2.0,1.0,,37.0,,43.0,,,,,,2.0,2.0,0.0,1,2.0,1.0,1.0,1888.0,653.53,2.0,2.0,2.0,,,12460.9026,3215.3758,10,3,0.0,0.0,0,0,32688,2,,,3.0,,,,3140.6635,7870.0,5800.0,4220,,,,,,,164505.0,2015,664,661,0,0,1,1,0,14.0,17.0,40.0,2015,1.0,1,8,2,301,3011,1,17,16980,0,2.0,1.0,,7,3,55,1.0,1,41,1,,1,2,1,2,57,57,57,1,0,0,2.0,1.0,,38.0,,38.0,,,,,,2.0,4.0,0.0,1,2.0,,1.0,1835.0,697.3,2.0,2.0,,,,13507.0111,3220.6749,10,3,0.0,0.0,0,0,22940,2,,,3.0,,,,3191.9613,7870.0,1007.0,1107,,,,,,,162671.0,2016,676,661,0,0,1,1,0,14.0,3.0,40.0,2016,MIS4_to_MIS8,2015-2016,False,True,False,False,False,True,True,1
610004881017877,5,2.0,1,4,2,301,3011,1,1,17,16980,0,2.0,1.0,,7,3,34,1.0,2,44,1,,2,1,2,1,2,57,57,57,1,0,0,2.0,1.0,,40.0,,40.0,,,,,,2.0,3.0,0.0,1,2.0,2.0,2.0,,1500.0,1.0,,1.0,2.0,2.0,12959.2311,3271.2606,5,2,0.0,,0,0,42894,2,,,,,,,3261.9039,7860.0,2310.0,-1,,,,,,,164566.0,2015,664,661,1,1,0,0,1,,8.0,40.0,2015,1.0,1,8,2,301,3011,1,17,16980,0,2.0,1.0,,7,3,35,1.0,2,44,1,,1,2,1,2,57,57,57,1,0,0,2.0,1.0,,40.0,4.0,32.0,,,4.0,,,4.0,3.0,0.0,1,2.0,2.0,2.0,,1596.15,1.0,,2.0,,,10625.5029,2606.2774,5,2,0.0,,0,0,35627,2,,,,,,,2611.3867,7860.0,2310.0,-1,,,,,,,162740.0,2016,676,661,1,1,0,0,1,,8.0,40.0,2016,MIS4_to_MIS8,2015-2016,True,False,False,False,False,False,False,1
621579005210480,5,1.0,1,4,2,301,3011,1,1,17,41180,119,2.0,1.0,,6,1,60,2.0,2,43,1,,1,1,1,1,2,57,57,57,1,0,0,1.0,1.0,,39.0,,39.0,,,,,,2.0,3.0,0.0,1,2.0,,1.0,3202.0,1248.78,2.0,1.0,,,,13933.4239,3673.2994,0,0,1.0,1.0,0,0,50467,1,,,,,,,3603.847,7860.0,2540.0,-1,,,,,,,164570.0,2015,664,661,0,0,0,0,0,,8.0,40.0,2015,2.0,1,8,2,301,3011,1,17,41180,119,2.0,1.0,,6,1,61,2.0,2,43,1,,1,1,1,2,57,57,57,1,0,0,2.0,1.0,,30.0,,30.0,,,15.0,,,6.0,3.0,0.0,1,2.0,2.0,2.0,,752.0,1.0,,,,,15682.2952,3746.8,0,0,1.0,,0,42,8917,1,,,,,,,3747.7913,7860.0,2540.0,-1,,,,,,,162744.0,2016,676,661,0,0,0,0,0,,8.0,40.0,2016,MIS4_to_MIS8,2015-2016,True,False,False,False,False,False,False,1
730010503831001,5,1.0,1,4,2,301,3011,1,1,17,40420,0,2.0,1.0,,3,3,64,1.0,2,39,1,,2,1,2,1,2,57,57,57,1,0,0,1.0,1.0,,22.0,,22.0,,,21.0,,,7.0,3.0,0.0,1,2.0,1.0,1.0,1700.0,288.46,2.0,2.0,,,,13223.2337,3486.0704,0,0,0.0,0.0,0,0,41048,2,2.0,6.0,,,,,3420.158,7860.0,4020.0,-1,,,,,,,164606.0,2015,664,661,0,0,0,0,0,10.0,13.0,40.0,2015,2.0,1,8,2,301,3011,1,17,40420,0,2.0,1.0,,3,3,65,1.0,2,36,1,,1,2,1,2,57,57,57,1,0,0,1.0,5.0,,,,,,,,,,1.0,,,2,,,,,,,,,,,13283.7014,3350.378,0,0,,,0,0,5293,2,,,,,,,3342.5239,,,-1,,,,,,,162783.0,2016,676,661,0,0,0,0,0,10.0,,,2016,MIS4_to_MIS8,2015-2016,False,False,False,True,True,True,True,1
771524100206505,5,1.0,1,4,2,301,3011,1,1,17,16980,0,2.0,1.0,,7,1,56,2.0,1,39,1,,1,1,1,1,2,57,57,57,1,0,0,1.0,2.0,4.0,40.0,,,,,,,,5.0,3.0,0.0,1,2.0,,1.0,2418.0,967.2,1.0,,,,,13354.7985,3217.7284,0,0,0.0,0.0,0,0,32801,1,1.0,,,,,,3207.6772,770.0,4250.0,-1,,,,,,,164629.0,2015,664,661,0,0,0,0,0,12.0,14.0,4.0,2015,1.0,1,8,2,301,3011,1,17,16980,0,2.0,1.0,,7,1,57,2.0,1,39,1,,1,1,1,2,57,57,57,1,0,0,1.0,1.0,,40.0,,40.0,,,,,,2.0,3.0,0.0,1,2.0,2.0,2.0,,961.53,2.0,2.0,,,,13507.0111,3220.6749,0,0,0.0,,0,0,8949,1,1.0,,,,,,3191.9613,6290.0,6730.0,-1,,,,,,,162821.0,2016,676,661,0,0,0,0,0,12.0,19.0,23.0,2016,MIS4_to_MIS8,2015-2016,True,False,False,False,False,False,False,1
810007821017027,5,2.0,1,4,2,301,3011,1,1,17,16980,97,2.0,1.0,,7,1,51,2.0,2,39,1,,1,1,1,1,2,57,57,57,1,0,0,1.0,1.0,,28.0,,28.0,,,22.0,,,7.0,3.0,0.0,1,2.0,,1.0,2114.0,591.92,1.0,,2.0,,,15596.1469,3997.8513,4,1,0.0,0.0,0,0,7388,1,1.0,,,,,,3955.2497,7860.0,9120.0,-1,,,,,,,164654.0,2015,664,661,0,0,0,1,0,12.0,22.0,40.0,2015,1.0,1,8,2,301,3011,1,17,16980,97,2.0,1.0,,7,1,52,2.0,2,39,1,,1,1,1,2,57,57,57,1,0,0,1.0,1.0,,24.0,,34.0,,,18.0,,,7.0,2.0,0.0,1,2.0,,1.0,2200.0,528.0,1.0,,2.0,,,15422.7117,3836.0196,0,0,0.0,0.0,0,0,68101,1,1.0,,,,,,3843.6329,7860.0,9120.0,-1,,,,,,,162849.0,2016,676,661,0,0,0,0,0,12.0,22.0,40.0,2016,MIS4_to_MIS8,2015-2016,True,False,False,False,False,False,True,1
510000371010297,5,1.0,1,4,2,301,3011,1,1,17,14010,0,,1.0,,2,1,30,2.0,1,44,1,,1,1,1,1,2,57,57,57,1,0,0,1.0,1.0,,63.0,,53.0,,,,,,2.0,3.0,0.0,1,2.0,2.0,2.0,,1076.0,1.0,,2.0,,,13617.2405,3463.3243,5,2,0.0,,0,0,30248,1,,,,,,,3453.2496,7860.0,2320.0,-1,,,,,,,164862.0,2015,664,661,1,1,0,0,1,,8.0,40.0,2015,1.0,1,8,2,301,3011,1,17,14010,0,,1.0,,2,1,31,2.0,1,44,1,,1,1,1,2,57,57,57,1,0,0,1.0,1.0,,60.0,,58.0,,,,,,2.0,3.0,0.0,1,2.0,2.0,2.0,,884.61,1.0,,2.0,,,14322.6325,3545.2299,5,2,0.0,,0,0,19737,1,,,,,,,3543.1311,7860.0,2320.0,-1,,,,,,,163021.0,2016,676,661,1,1,0,0,1,,8.0,40.0,2016,MIS4_to_MIS8,2015-2016,True,False,False,False,False,False,False,1
10710953453483,6,2.0,1,4,2,301,3011,1,1,17,16980,0,1.0,1.0,,7,3,51,1.0,2,44,1,7.0,2,1,2,1,2,364,364,364,4,0,10,1.0,2.0,4.0,40.0,,,,,,,,5.0,3.0,0.0,1,2.0,2.0,2.0,,769.23,1.0,,2.0,,,12583.8648,3250.2797,10,2,0.0,,0,0,20387,2,,,,,,,3150.0834,7860.0,2310.0,-1,,,,,,,201728.0,2015,665,662,0,0,1,1,0,,8.0,40.0,2015,2.0,1,8,2,301,3011,1,17,16980,0,1.0,1.0,,7,3,52,1.0,2,44,1,7.0,1,2,1,2,364,364,364,4,0,10,1.0,2.0,14.0,40.0,,,,,,,,5.0,3.0,0.0,1,2.0,2.0,2.0,,1250.0,1.0,,2.0,,,11459.9637,2994.9,4,2,1.0,,0,0,51711,2,,,,,,,2889.4851,7860.0,2310.0,-1,,,,,,,199595.0,2016,677,662,0,0,0,1,0,,8.0,40.0,2016,MIS4_to_MIS8,2015-2016,True,False,False,False,False,False,False,1
113790011096700,6,1.0,1,4,2,301,3011,1,1,17,16980,0,1.0,1.0,1.0,7,3,56,1.0,2,39,1,,2,1,2,1,2,57,57,57,1,0,0,2.0,1.0,,40.0,,40.0,,,,,,2.0,3.0,0.0,1,2.0,2.0,2.0,,1211.53,1.0,,,,,11565.1531,2959.2879,0,0,0.0,,0,0,32487,2,1.0,,,,,,2894.4005,9370.0,5700.0,-1,,,,,,,201777.0,2015,665,662,0,0,0,0,0,12.0,17.0,51.0,2015,2.0,1,8,2,301,3011,1,17,16980,0,1.0,1.0,1.0,7,3,57,1.0,2,39,1,,1,2,1,2,57,57,57,1,0,0,1.0,1.0,,40.0,,40.0,,,,,,2.0,3.0,0.0,1,2.0,,1.0,1200.0,480.0,1.0,,,,,11935.5395,3010.0207,0,0,1.0,1.0,0,42,44314,2,1.0,,,,,,2974.5833,9370.0,5700.0,-1,,,,,,,199657.0,2016,677,662,0,0,0,0,0,12.0,17.0,51.0,2016,MIS4_to_MIS8,2015-2016,True,False,False,False,False,False,False,1
113790011096700,6,1.0,1,4,2,301,3011,1,1,17,16980,0,1.0,1.0,1.0,7,4,23,,1,43,1,,3,1,3,7,2,57,57,57,1,0,0,2.0,1.0,,40.0,,40.0,,,,,,2.0,1.0,0.0,1,2.0,2.0,2.0,,1673.0,1.0,,2.0,,,15525.6338,3977.6357,0,0,1.0,,0,0,32487,3,,,,,,,3944.5158,6290.0,9040.0,-1,,,,,2.0,1.0,201778.0,2015,665,662,0,0,0,0,0,,22.0,23.0,2015,2.0,1,8,2,301,3011,1,17,16980,0,1.0,1.0,1.0,7,4,24,,1,43,1,,1,3,7,2,57,57,57,1,0,0,2.0,1.0,,40.0,,40.0,,,,,,2.0,1.0,0.0,1,2.0,,1.0,1100.0,440.0,1.0,,2.0,,,16324.7455,3862.1012,0,0,1.0,1.0,0,42,44314,3,,,,,,,3892.7083,6290.0,9040.0,-1,,,,,2.0,1.0,199658.0,2016,677,662,0,0,0,0,0,,22.0,23.0,2016,MIS4_to_MIS8,2015-2016,True,False,False,False,False,False,False,1
113790011096700,6,1.0,1,4,2,301,3011,1,1,17,16980,0,1.0,1.0,1.0,7,4,23,,2,43,1,,4,1,3,7,2,57,57,57,1,0,0,2.0,1.0,,40.0,,40.0,,,,,,2.0,3.0,0.0,1,2.0,,1.0,3600.0,1440.0,2.0,2.0,2.0,,,16548.2981,4034.7538,0,0,0.0,0.0,0,0,32487,4,,,,,,,4070.9391,8190.0,3255.0,-1,,,,,2.0,1.0,201779.0,2015,665,662,0,0,0,0,0,,10.0,41.0,2015,2.0,1,8,2,301,3011,1,17,16980,0,1.0,1.0,1.0,7,4,24,,2,43,1,,1,3,7,2,57,57,57,1,0,0,2.0,1.0,,40.0,,40.0,,,,,,2.0,4.0,0.0,1,2.0,,1.0,1800.0,720.0,1.0,,2.0,,,15007.3984,3914.5259,0,0,1.0,1.0,0,42,44314,4,,,,,,,3867.3121,8190.0,3255.0,-1,,,,,2.0,1.0,199659.0,2016,677,662,0,0,0,0,0,,10.0,41.0,2016,MIS4_to_MIS8,2015-2016,False,True,False,False,False,True,True,1
235037844105351,6,1.0,7,4,2,301,3011,1,1,17,16980,0,1.0,1.0,1.0,7,2,53,,2,44,1,,1,0,0,7,2,57,57,57,1,0,0,1.0,1.0,,45.0,,40.0,,,,,,2.0,3.0,0.0,1,2.0,2.0,2.0,,1884.61,1.0,,2.0,,,10934.6314,2782.5231,0,0,0.0,,0,0,20406,1,,,,,,,2737.2354,7860.0,2300.0,-1,,,,,,,201818.0,2015,665,662,0,0,0,0,0,,8.0,40.0,2015,1.0,7,8,2,301,3011,1,17,16980,0,1.0,1.0,1.0,7,2,54,,2,44,1,,0,0,7,2,57,57,57,1,0,0,1.0,1.0,,40.0,,45.0,,,,,,2.0,3.0,0.0,1,2.0,2.0,2.0,,1884.61,1.0,,2.0,,,12021.6901,3016.4164,0,0,0.0,,0,0,20336,1,,,,,,,3031.1173,7860.0,2320.0,-1,,,,,,,199722.0,2016,677,662,0,0,0,0,0,,8.0,40.0,2016,MIS4_to_MIS8,2015-2016,True,False,False,False,False,False,False,1
637836901322101,6,1.0,6,4,2,301,3011,1,1,17,16980,0,1.0,1.0,1.0,7,2,46,,1,40,2,,1,0,0,7,2,57,57,57,1,0,0,1.0,1.0,,40.0,,40.0,,,,,,2.0,3.0,0.0,1,2.0,2.0,2.0,,1250.0,1.0,,2.0,,,18674.1727,4400.4812,0,0,1.0,,0,42,42293,1,,,3.0,,,,4370.4664,6180.0,7210.0,-1,,,,,,,201911.0,2015,665,662,0,0,0,0,0,14.0,20.0,23.0,2015,1.0,6,8,2,301,3011,1,17,16980,0,1.0,1.0,1.0,7,2,46,,1,40,2,,0,0,7,2,57,57,57,1,0,0,1.0,1.0,,40.0,,40.0,,,,,,2.0,4.0,0.0,1,2.0,2.0,2.0,,800.0,2.0,2.0,2.0,,,20667.9562,5676.5288,0,0,1.0,,0,0,33762,1,,,1.0,,,,5611.3749,6990.0,100.0,-1,,,,,,,199837.0,2016,677,662,0,0,0,0,0,12.0,1.0,33.0,2016,MIS4_to_MIS8,2015-2016,False,True,False,False,False,True,True,1
760390133281101,6,1.0,1,4,2,301,3011,1,1,17,16980,0,1.0,1.0,,7,3,59,1.0,2,45,1,,2,1,2,1,2,57,57,57,1,0,0,2.0,1.0,,-4.0,,40.0,,,,,,2.0,3.0,0.0,1,2.0,2.0,2.0,,1615.0,2.0,2.0,,,,11565.1531,2959.2879,4,1,1.0,,0,0,49830,2,,,,,,,2894.4005,9470.0,2100.0,-1,,,,,,,201936.0,2015,665,662,0,0,0,1,0,18.0,7.0,51.0,2015,1.0,1,8,2,301,3011,1,17,16980,0,1.0,1.0,,7,3,60,1.0,2,45,1,,1,2,1,2,57,57,57,1,0,0,2.0,1.0,,40.0,,40.0,,,,,,2.0,3.0,0.0,1,2.0,2.0,2.0,,961.0,2.0,2.0,,,,12001.4751,3010.8324,0,0,1.0,,0,0,44313,2,,,,,,,2990.1052,9470.0,2100.0,-1,,,,,,,199858.0,2016,677,662,0,0,0,0,0,18.0,7.0,51.0,2016,MIS4_to_MIS8,2015-2016,True,False,False,False,False,False,False,1
857455301332104,6,2.0,4,4,2,301,3011,1,1,17,16980,0,1.0,1.0,1.0,7,1,55,,2,44,1,,1,1,1,7,2,57,57,57,1,0,0,2.0,1.0,,40.0,,40.0,,,,,,2.0,3.0,0.0,1,2.0,2.0,2.0,,1057.0,1.0,,,,,11565.1531,2959.2879,4,1,1.0,,0,0,42292,1,,,,,,,2894.4005,7860.0,2320.0,-1,,,,,,,201951.0,2015,665,662,0,0,0,1,0,,8.0,40.0,2015,1.0,4,8,2,301,3011,1,17,16980,0,1.0,1.0,1.0,7,1,56,,2,42,1,,1,1,5,2,301,301,301,4,21,18,1.0,1.0,,40.0,,40.0,,,,,,2.0,4.0,0.0,1,2.0,2.0,2.0,,400.0,2.0,2.0,,,,11935.5395,3010.0207,4,1,1.0,,0,0,20335,1,,,3.0,,,,2974.5833,8190.0,3150.0,-1,,,,,,,199872.0,2016,677,662,0,0,0,1,0,14.0,10.0,41.0,2016,MIS4_to_MIS8,2015-2016,False,True,False,False,False,True,True,1
10710051362349,6,1.0,1,4,2,301,3011,1,1,17,16980,0,2.0,1.0,,7,3,63,1.0,1,40,1,,2,1,2,1,2,57,57,57,1,0,0,2.0,1.0,,50.0,,50.0,,,,,,2.0,3.0,0.0,1,2.0,2.0,2.0,,1942.3,2.0,2.0,,,,11918.632,3171.6961,0,0,0.0,,0,0,42378,2,,,1.0,,,,3064.9423,7860.0,7340.0,-1,,,,,,,201997.0,2015,665,662,0,0,0,0,0,12.0,20.0,40.0,2015,1.0,1,8,2,301,3011,1,17,16980,0,2.0,1.0,,7,3,64,1.0,1,40,1,,1,2,1,2,57,57,57,1,0,0,2.0,5.0,,,,,,,,,,1.0,,,2,,,,,,,,,,,12716.5468,3152.4017,0,0,,,0,0,33908,2,,,2.0,,,,3181.4655,,,-1,,,,,,,199917.0,2016,677,662,0,0,0,0,0,13.0,,,2016,MIS4_to_MIS8,2015-2016,False,False,False,True,True,True,True,1
36057388100841,6,1.0,1,4,2,301,3011,1,1,17,37900,179,2.0,1.0,,3,1,49,2.0,1,40,1,,1,1,1,1,2,57,57,57,1,0,0,1.0,1.0,,40.0,4.0,24.0,,,4.0,,,4.0,1.0,0.0,1,2.0,2.0,2.0,,1442.3,2.0,2.0,2.0,,,12577.4155,3161.7286,10,3,0.0,,0,0,49939,1,,,4.0,,,,3109.6125,9570.0,1107.0,-1,3.0,,,,,,202074.0,2015,665,662,0,0,1,1,0,15.0,3.0,51.0,2015,1.0,1,8,2,301,3011,1,17,37900,179,2.0,1.0,,3,1,50,2.0,1,40,1,,1,1,1,2,57,57,57,1,0,0,1.0,1.0,,40.0,,46.0,,,,,,2.0,1.0,0.0,1,2.0,,1.0,2250.0,900.0,2.0,2.0,2.0,,,13110.3202,3286.0395,10,3,1.0,1.0,0,42,20656,1,,,4.0,,,,3279.7422,9570.0,1010.0,-1,3.0,,,,,,199989.0,2016,677,662,0,0,1,1,0,15.0,3.0,51.0,2016,MIS4_to_MIS8,2015-2016,True,False,False,False,False,False,False,1
123290011096706,6,1.0,1,4,2,301,3011,1,1,17,16980,0,2.0,1.0,,7,1,51,2.0,1,41,2,,1,1,1,1,2,57,57,57,1,0,0,1.0,1.0,,40.0,,40.0,,,,,,2.0,3.0,0.0,1,2.0,2.0,2.0,,1250.0,1.0,,2.0,,,19495.567,4594.039,3,2,1.0,,0,0,49835,1,,,3.0,,,,4562.7039,6180.0,7210.0,-1,,,,,,,202177.0,2015,665,662,0,0,1,0,0,14.0,20.0,23.0,2015,2.0,1,8,2,301,3011,1,17,16980,0,2.0,1.0,,7,1,52,2.0,1,41,2,,1,1,1,2,57,57,57,1,0,0,2.0,1.0,,40.0,,40.0,,,,,,2.0,4.0,0.0,1,2.0,2.0,2.0,,900.0,1.0,,2.0,,,22066.718,6060.7038,3,2,0.0,,0,0,33760,1,,,3.0,,,,5991.1404,1090.0,8620.0,-1,,,,,,,200105.0,2016,677,662,0,0,1,0,0,14.0,21.0,14.0,2016,MIS4_to_MIS8,2015-2016,False,True,False,False,False,True,True,1
277261401970105,6,2.0,1,4,2,301,3011,1,1,17,16980,111,2.0,1.0,,7,1,43,2.0,1,40,1,,1,1,1,1,2,57,57,57,1,0,0,2.0,1.0,,40.0,,40.0,,,,,,2.0,3.0,0.0,1,2.0,2.0,2.0,,1615.38,1.0,,2.0,,,11716.7375,2944.085,10,2,0.0,,0,0,17243,1,,,3.0,,,,2903.1331,9470.0,3400.0,-1,2.0,,,,,,202265.0,2015,665,662,0,0,1,1,0,14.0,10.0,51.0,2015,2.0,1,8,2,301,3011,1,17,16980,111,2.0,1.0,,7,1,44,2.0,1,40,1,,1,1,1,2,57,57,57,1,0,0,2.0,1.0,,48.0,,48.0,,,,,,2.0,3.0,0.0,1,2.0,2.0,2.0,,1730.76,1.0,,2.0,,,11848.0152,2936.4296,10,2,0.0,,0,0,3798,1,,,2.0,,,,2934.1506,9470.0,3740.0,-1,2.0,,,,,,200182.0,2016,677,662,0,0,1,1,0,13.0,12.0,51.0,2016,MIS4_to_MIS8,2015-2016,True,False,False,False,False,False,False,1
277261401970105,6,2.0,1,4,2,301,3011,1,1,17,16980,111,2.0,1.0,,7,3,43,1.0,2,40,1,,2,1,2,1,2,57,57,57,1,0,0,1.0,1.0,,30.0,,30.0,,,18.0,,,7.0,2.0,0.0,1,2.0,,1.0,1300.0,390.0,1.0,,2.0,,,13351.6106,3445.8613,10,2,0.0,0.0,0,0,17243,2,,,2.0,,,,3377.6474,9480.0,4610.0,-1,,,,,,,202266.0,2015,665,662,0,0,1,1,0,13.0,15.0,51.0,2015,2.0,1,8,2,301,3011,1,17,16980,111,2.0,1.0,,7,3,44,1.0,2,40,1,,1,2,1,2,57,57,57,1,0,0,1.0,1.0,,30.0,,30.0,,,18.0,,,7.0,2.0,0.0,1,2.0,,1.0,1300.0,390.0,2.0,2.0,2.0,,,13116.702,3264.9825,10,2,0.0,0.0,0,0,3798,2,,,2.0,,,,3250.1412,8170.0,3600.0,-1,,,,,,,200183.0,2016,677,662,0,0,1,1,0,13.0,11.0,42.0,2016,MIS4_to_MIS8,2015-2016,True,False,False,False,False,False,False,1
401108811710554,6,1.0,1,4,2,301,3011,1,1,17,16980,0,2.0,1.0,,7,1,33,2.0,2,46,1,,1,1,1,1,2,57,57,57,1,0,0,1.0,1.0,,40.0,,44.0,,,,,,2.0,1.0,0.0,1,2.0,1.0,1.0,6850.0,2596.15,1.0,,2.0,,,13596.6102,3388.6374,5,2,0.0,0.0,0,0,53707,1,,,,,,,3361.0699,9480.0,3050.0,-1,,,,,,,202293.0,2015,665,662,1,1,0,0,1,18.0,10.0,51.0,2015,1.0,1,8,2,301,3011,1,17,16980,0,2.0,1.0,,7,1,35,2.0,2,46,1,,1,1,1,2,57,57,57,1,0,0,1.0,1.0,,40.0,,40.0,,,,,,2.0,1.0,0.0,1,2.0,2.0,2.0,,2400.0,1.0,,2.0,,,11895.502,2944.3806,5,2,0.0,,0,0,51796,1,,,,,,,2947.5444,8190.0,3050.0,-1,,,,,,,200231.0,2016,677,662,1,1,0,0,1,18.0,10.0,41.0,2016,MIS4_to_MIS8,2015-2016,True,False,False,False,False,False,False,1
871845140105101,6,1.0,1,4,2,301,3011,1,1,17,16980,0,2.0,1.0,,7,1,53,2.0,2,44,1,,1,1,1,1,2,57,57,57,1,0,0,1.0,1.0,,40.0,,36.0,,,,,,2.0,3.0,0.0,1,2.0,2.0,2.0,,2115.38,2.0,2.0,2.0,,,10809.7833,2750.7531,0,0,0.0,,0,0,42338,1,,,,,,,2705.9825,9370.0,430.0,-1,,,,,,,202496.0,2015,665,662,0,0,0,0,0,,1.0,51.0,2015,1.0,1,8,2,301,3011,1,17,16980,0,2.0,1.0,,7,1,54,2.0,2,44,1,,1,1,1,2,57,57,57,1,0,0,1.0,1.0,,45.0,,50.0,,,,,,2.0,3.0,0.0,1,2.0,2.0,2.0,,2153.84,2.0,2.0,2.0,,,11258.9471,2825.0331,0,0,0.0,,0,0,33876,1,,,,,,,2838.8013,9370.0,430.0,-1,,,,,,,200369.0,2016,677,662,0,0,0,0,0,,1.0,51.0,2016,MIS4_to_MIS8,2015-2016,True,False,False,False,False,False,False,1
107060814021774,6,1.0,6,4,2,301,3011,1,1,17,0,0,3.0,2.0,,0,2,18,,1,39,1,,1,0,0,7,2,57,57,57,1,0,0,1.0,1.0,,32.0,,52.0,,,,,,2.0,3.0,0.0,1,2.0,,1.0,825.0,264.0,2.0,1.0,2.0,,,13660.461,3491.7959,0,0,0.0,0.0,0,0,42218,1,1.0,,,,,,3441.0244,770.0,6730.0,6050,,,,,,,202574.0,2015,665,662,0,0,0,0,0,12.0,19.0,4.0,2015,1.0,6,8,2,301,3011,1,17,0,0,3.0,2.0,,0,2,19,,1,39,1,,0,0,7,2,57,57,57,1,0,0,1.0,1.0,,32.0,,66.0,,,,,,2.0,3.0,0.0,1,2.0,,1.0,825.0,264.0,2.0,2.0,2.0,,,12510.2785,3047.8916,0,0,0.0,0.0,0,0,68024,1,1.0,,,,,,3135.9929,9370.0,4250.0,6050,,,,,,,200414.0,2016,677,662,0,0,0,0,0,12.0,14.0,51.0,2016,MIS4_to_MIS8,2015-2016,True,False,False,False,False,False,False,1
63087581100701,6,1.0,1,4,2,301,3011,1,1,17,16580,0,,1.0,,2,3,49,1.0,2,44,1,,2,1,2,1,2,57,57,57,1,0,0,1.0,2.0,4.0,40.0,,,,,,,,5.0,2.0,0.0,1,1.0,2.0,2.0,,1250.0,1.0,,2.0,,,11911.3323,3006.1924,4,1,0.0,,0,0,4232,2,,,,,,,2981.7302,7860.0,2310.0,-1,,,,,,,202631.0,2015,665,662,0,0,0,1,0,,8.0,40.0,2015,1.0,1,8,2,301,3011,1,17,16580,0,,1.0,,2,3,50,1.0,2,44,1,,1,2,1,2,57,57,57,1,0,0,2.0,1.0,,40.0,,40.0,,,,,,2.0,2.0,0.0,1,2.0,2.0,2.0,,1250.0,1.0,,2.0,,,11755.3108,2949.5779,4,1,0.0,,0,0,17019,2,,,,,,,2963.9531,7860.0,2310.0,-1,,,,,,,200500.0,2016,677,662,0,0,0,1,0,,8.0,40.0,2016,MIS4_to_MIS8,2015-2016,True,False,False,False,False,False,False,1
750370106881001,6,2.0,1,4,2,301,3011,1,1,17,16580,0,,1.0,,2,3,66,1.0,1,46,2,,2,1,2,1,2,440,440,440,4,0,6,1.0,1.0,,40.0,,50.0,,,,,,2.0,2.0,0.0,1,2.0,2.0,2.0,,2884.61,2.0,2.0,,,,10082.9071,2897.9068,0,0,0.0,,0,0,4233,2,,,,,,,2878.1408,7870.0,230.0,-1,,,,,,,202713.0,2015,665,662,0,0,0,0,0,18.0,1.0,40.0,2015,2.0,1,8,2,301,3011,1,17,16580,0,,1.0,,2,3,67,1.0,1,46,2,,1,2,1,2,440,440,440,4,0,6,1.0,1.0,,40.0,,40.0,,,,,,2.0,2.0,0.0,1,2.0,2.0,2.0,,2884.61,2.0,2.0,,,,11751.4788,3441.1415,0,0,0.0,,0,0,3759,2,,,,,,,3401.6448,7870.0,2200.0,-1,,,,,,,200577.0,2016,677,662,0,0,0,0,0,18.0,8.0,40.0,2016,MIS4_to_MIS8,2015-2016,True,False,False,False,False,False,False,1
897690501330108,6,1.0,4,4,2,301,3011,1,1,17,0,0,,1.0,,0,1,48,,2,41,1,,1,1,1,5,2,57,57,57,1,0,0,1.0,1.0,,40.0,,40.0,,,,,,2.0,3.0,0.0,1,2.0,2.0,2.0,,730.76,2.0,2.0,2.0,,,11911.3323,3006.1924,4,1,0.0,,0,0,49945,1,,,3.0,,,,2981.7302,9370.0,5700.0,-1,,,,,,,202726.0,2015,665,662,0,0,0,1,0,14.0,17.0,51.0,2015,1.0,4,8,2,301,3011,1,17,0,0,,1.0,,0,1,49,,2,42,1,,1,1,5,2,57,57,57,1,0,0,1.0,1.0,,40.0,,40.0,,,,,,2.0,3.0,0.0,1,2.0,2.0,2.0,,730.76,2.0,2.0,2.0,,,11573.4554,2937.0342,4,1,0.0,,0,0,68093,1,,,3.0,,,,2918.1006,9470.0,2145.0,-1,,,,,,,200590.0,2016,677,662,0,0,0,1,0,14.0,7.0,51.0,2016,MIS4_to_MIS8,2015-2016,True,False,False,False,False,False,False,1
905101761710367,6,2.0,1,4,2,301,3011,1,1,17,16580,0,,1.0,,2,1,56,2.0,2,40,1,,1,1,1,1,2,57,57,57,1,0,0,2.0,1.0,,37.0,,37.0,,,,,,2.0,2.0,0.0,1,2.0,2.0,2.0,,673.07,1.0,,,,,11616.2539,2972.3636,0,0,0.0,,0,0,66346,1,,,2.0,,,,2907.1894,7870.0,5700.0,-1,,,,,,,202728.0,2015,665,662,0,0,0,0,0,13.0,17.0,40.0,2015,2.0,1,8,2,301,3011,1,17,16580,0,,1.0,,2,1,57,2.0,2,40,1,,1,1,1,2,57,57,57,1,0,0,2.0,5.0,,,,,,,,,,1.0,2.0,0.0,2,,,,,,,,,,,12585.9803,3054.2097,0,0,,,0,0,20287,1,,,2.0,,,,3124.3885,7860.0,5860.0,-1,,,,,,,200592.0,2016,677,662,0,0,0,0,0,13.0,17.0,40.0,2016,MIS4_to_MIS8,2015-2016,True,False,False,False,True,False,False,1
166081070043130,7,1.0,6,4,2,401,4011,1,1,17,40420,0,1.0,1.0,,3,2,36,,1,43,7,1.0,1,0,0,5,2,57,57,57,1,0,0,1.0,1.0,,-4.0,,6.0,,,14.0,,,6.0,3.0,0.0,1,2.0,2.0,2.0,,163.46,2.0,2.0,2.0,,,25295.2137,6211.8746,0,0,0.0,,0,0,6751,1,,,,,,,6207.3367,9370.0,10.0,-1,,,,,,,239276.0,2015,666,663,0,0,0,0,0,,1.0,51.0,2015,1.0,6,8,2,401,4011,1,17,40420,0,1.0,1.0,,3,2,37,,1,43,7,1.0,0,0,5,2,57,57,57,1,0,0,1.0,1.0,,12.0,,17.0,,,15.0,,,6.0,3.0,0.0,1,2.0,,1.0,1090.0,130.8,2.0,2.0,2.0,,,18878.8002,4739.896,0,0,0.0,0.0,0,0,46915,1,,,,,,,4684.0497,9370.0,10.0,5610,,,,,,,236799.0,2016,678,663,0,0,0,0,0,,1.0,51.0,2016,MIS4_to_MIS8,2015-2016,True,False,False,False,False,False,False,1
531573065410433,7,1.0,1,4,2,401,4011,1,1,17,16980,0,1.0,1.0,1.0,7,3,55,1.0,1,43,1,,2,1,2,1,2,57,57,57,1,0,0,2.0,1.0,,40.0,,40.0,,,,,,2.0,3.0,0.0,1,1.0,1.0,1.0,3500.0,784.61,1.0,,,,,10350.5319,2596.124,0,0,0.0,0.0,0,0,43355,2,,,,,,,2595.1928,670.0,5520.0,-1,,,,,,,239354.0,2015,666,663,0,0,0,0,0,,17.0,24.0,2015,1.0,1,8,2,401,4011,1,17,16980,0,1.0,1.0,1.0,7,3,56,1.0,1,43,1,,1,2,1,2,57,57,57,1,0,0,2.0,1.0,,40.0,,40.0,,,,,,2.0,3.0,0.0,1,2.0,2.0,2.0,,692.3,1.0,,,,,13704.1508,3467.5444,0,0,0.0,,0,0,46742,2,,,,,,,3439.8245,680.0,8620.0,-1,,,,,,,236899.0,2016,678,663,0,0,0,0,0,,21.0,24.0,2016,MIS4_to_MIS8,2015-2016,True,False,False,False,False,False,False,1
557453301336104,7,1.0,1,4,2,401,4011,1,1,17,16980,0,1.0,1.0,1.0,7,1,64,2.0,1,40,1,,1,1,1,1,2,57,57,57,1,0,0,1.0,1.0,,45.0,,45.0,,,,,,2.0,3.0,0.0,1,2.0,2.0,2.0,,1555.38,1.0,,,,,9603.2433,2405.166,0,0,0.0,,0,0,43356,1,,,1.0,,,,2374.0083,9470.0,3740.0,-1,,,,,,,239358.0,2015,666,663,0,0,0,0,0,12.0,12.0,51.0,2015,2.0,1,8,2,401,4011,1,17,16980,0,1.0,1.0,1.0,7,1,64,2.0,1,43,1,,1,1,1,2,57,57,57,1,0,0,2.0,5.0,,,,,,,,,,1.0,,,2,,,,,,,,,,,11477.2556,2797.1333,0,0,,,0,0,53576,1,,,,,,,2871.2491,,,-1,,,,,,,236907.0,2016,678,663,0,0,0,0,0,,,,2016,MIS4_to_MIS8,2015-2016,False,False,False,True,True,True,True,1
557453301336104,7,1.0,1,4,2,401,4011,1,1,17,16980,0,1.0,1.0,1.0,7,3,59,1.0,2,39,1,,2,1,2,1,2,57,57,57,1,0,0,2.0,1.0,,40.0,,40.0,,,,,,2.0,3.0,0.0,1,2.0,2.0,2.0,,1384.61,2.0,2.0,,,,11123.2788,2885.9279,0,0,0.0,,0,0,43356,2,1.0,,,,,,2823.8373,9380.0,5940.0,-1,,,,,,,239359.0,2015,666,663,0,0,0,0,0,12.0,17.0,51.0,2015,2.0,1,8,2,401,4011,1,17,16980,0,1.0,1.0,1.0,7,3,60,1.0,2,43,1,,1,2,1,2,57,57,57,1,0,0,1.0,1.0,,40.0,,40.0,,,,,,2.0,3.0,0.0,1,2.0,2.0,2.0,,1615.38,1.0,,,,,11647.7232,2927.6625,0,0,0.0,,0,0,53576,2,,,,,,,2917.0911,9370.0,120.0,-1,,,,,,,236908.0,2016,678,663,0,0,0,0,0,,1.0,51.0,2016,MIS4_to_MIS8,2015-2016,True,False,False,False,False,False,False,1
707097165107761,7,2.0,3,4,2,401,4011,1,1,17,16980,0,1.0,1.0,1.0,7,4,46,,1,40,2,,2,1,3,7,2,57,57,57,1,0,0,1.0,1.0,,14.0,,14.0,,,18.0,,,7.0,1.0,0.0,1,2.0,1.0,1.0,1700.0,350.0,2.0,2.0,2.0,,,14021.7671,3405.069,0,0,0.0,0.0,0,0,17474,2,,,1.0,,,,3384.2591,6370.0,5560.0,-1,,,,,,1.0,239400.0,2015,666,663,0,0,0,0,0,12.0,17.0,23.0,2015,2.0,6,8,2,401,4011,1,17,16980,0,1.0,1.0,1.0,7,2,47,,1,40,2,,0,0,7,2,57,57,57,1,0,0,1.0,1.0,,20.0,,22.0,,,15.0,,,6.0,1.0,0.0,1,2.0,1.0,1.0,1000.0,300.0,2.0,2.0,2.0,,,15545.221,4089.9758,0,0,0.0,0.0,0,0,35277,2,,,3.0,,,,4099.1192,6370.0,5560.0,-1,,,,,,,236941.0,2016,678,663,0,0,0,0,0,14.0,17.0,23.0,2016,MIS4_to_MIS8,2015-2016,True,False,False,False,False,False,False,1
733027381102931,7,1.0,6,4,2,401,4011,1,1,17,16980,0,1.0,1.0,1.0,7,2,54,,1,44,1,,1,0,0,7,2,57,57,57,1,0,0,1.0,2.0,4.0,50.0,,,,,,,,5.0,3.0,0.0,1,2.0,2.0,2.0,,923.0,1.0,,2.0,,,10999.6193,2837.0821,0,0,1.0,,0,42,72216,1,,,,,,,2779.9772,7860.0,2310.0,-1,,,,,,,239415.0,2015,666,663,0,0,0,0,0,,8.0,40.0,2015,2.0,6,8,2,401,4011,1,17,16980,0,1.0,1.0,1.0,7,2,55,,1,43,1,,0,0,7,2,57,57,57,1,0,0,2.0,2.0,4.0,36.0,,,,,,,,5.0,3.0,0.0,1,2.0,2.0,2.0,,2250.0,1.0,,,,,13704.1508,3467.5444,0,0,0.0,,0,0,23595,1,,,,,,,3439.8245,7860.0,2330.0,-1,,,,,,,236959.0,2016,678,663,0,0,0,0,0,,8.0,40.0,2016,MIS4_to_MIS8,2015-2016,True,False,False,False,False,False,False,1
733027381102931,7,1.0,6,4,2,401,4011,1,1,17,16980,0,1.0,1.0,1.0,7,14,61,,1,43,1,,2,0,0,7,2,57,57,57,1,0,0,2.0,2.0,4.0,50.0,,,,,,,,5.0,3.0,0.0,1,2.0,2.0,2.0,,2884.61,1.0,,,,,10026.0827,2511.0676,0,0,1.0,,0,42,72216,2,,,,,,,2478.538,7860.0,2320.0,-1,,,,,,,239416.0,2015,666,663,0,0,0,0,0,,8.0,40.0,2015,2.0,6,8,2,401,4011,1,17,16980,0,1.0,1.0,1.0,7,14,62,,1,43,1,,0,0,7,2,57,57,57,1,0,0,1.0,2.0,4.0,36.0,,,,,,,,5.0,3.0,0.0,1,2.0,2.0,2.0,,1500.0,1.0,,,,,12007.2553,3002.2733,0,0,0.0,,0,0,23595,2,,,,,,,2954.9425,7860.0,2310.0,-1,,,,,,,236960.0,2016,678,663,0,0,0,0,0,,8.0,40.0,2016,MIS4_to_MIS8,2015-2016,True,False,False,False,False,False,False,1
10716015835937,7,1.0,1,4,2,401,4011,1,1,17,16980,0,2.0,1.0,,7,3,36,1.0,2,44,1,,2,1,2,1,2,57,57,57,1,0,0,2.0,2.0,14.0,20.0,,,,,,,,10.0,3.0,0.0,1,2.0,2.0,2.0,,480.76,2.0,1.0,2.0,,,11739.5965,2973.3779,1,1,0.0,,0,0,30981,2,,,,,,,2978.2052,7860.0,2310.0,-1,,,,,,,239542.0,2015,666,663,1,0,0,0,1,,8.0,40.0,2015,1.0,1,8,2,401,4011,1,17,16980,0,2.0,1.0,,7,3,37,1.0,2,44,1,,1,2,1,2,57,57,57,1,0,0,2.0,2.0,4.0,38.0,,,,,,,,5.0,3.0,0.0,1,2.0,2.0,2.0,,480.76,1.0,,2.0,,,13124.6857,3299.9987,1,1,0.0,,0,0,20261,2,,,,,,,3305.5507,7860.0,2310.0,-1,,,,,,,237049.0,2016,678,663,1,0,0,0,1,,8.0,40.0,2016,MIS4_to_MIS8,2015-2016,True,False,False,False,False,False,False,1
75057283102151,7,1.0,1,4,2,401,4011,1,1,17,16980,0,2.0,1.0,,7,3,35,1.0,1,44,1,,2,1,2,1,2,57,57,57,1,0,0,2.0,2.0,14.0,40.0,,,,,,,,5.0,3.0,0.0,1,2.0,2.0,2.0,,1153.84,1.0,,2.0,,,11449.2694,2855.4487,5,2,0.0,,0,0,54253,2,,,,,,,2809.6015,7860.0,2320.0,-1,,,,,,,239575.0,2015,666,663,1,1,0,0,1,,8.0,40.0,2015,1.0,1,8,2,401,4011,1,17,16980,0,2.0,1.0,,7,3,36,1.0,1,44,1,,1,2,1,2,57,57,57,1,0,0,2.0,2.0,4.0,40.0,,,,,,,,5.0,3.0,0.0,1,2.0,2.0,2.0,,1769.0,1.0,,2.0,,,12482.4099,3118.2536,8,2,1.0,,0,42,9180,2,,,,,,,3097.031,7860.0,2320.0,-1,,,,,,,237088.0,2016,678,663,0,1,1,0,1,,8.0,40.0,2016,MIS4_to_MIS8,2015-2016,True,False,False,False,False,False,False,1
102960410042790,7,1.0,6,4,2,401,4011,1,1,17,16980,0,2.0,1.0,,7,2,43,,1,42,1,,1,0,0,7,2,57,57,57,1,0,0,1.0,2.0,5.0,40.0,,,,,,,,5.0,3.0,0.0,1,2.0,2.0,2.0,,576.0,1.0,,2.0,,,11592.4778,2884.1528,0,0,1.0,,0,0,66180,1,,,3.0,,,,2844.7442,9470.0,3850.0,-1,,,,,,,239594.0,2015,666,663,0,0,0,0,0,14.0,12.0,51.0,2015,1.0,6,8,2,401,4011,1,17,16980,0,2.0,1.0,,7,2,44,,1,42,1,,0,0,7,2,57,57,57,1,0,0,1.0,6.0,,,,,,,,,,1.0,,,2,,,,,,,,2.0,,,10743.2478,2720.753,0,0,,,0,0,46812,1,,,3.0,,,,2696.2363,,,-1,,,,,,,237100.0,2016,678,663,0,0,0,0,0,14.0,,,2016,MIS4_to_MIS8,2015-2016,False,False,False,True,False,True,True,1
106590013031757,7,1.0,1,4,2,401,4011,1,1,17,16980,0,2.0,1.0,,7,3,36,1.0,1,44,1,,2,1,2,1,2,57,57,57,1,0,0,2.0,3.0,,,,,5.0,,,5.0,1.0,11.0,3.0,0.0,2,,,,,,,,2.0,,,13078.8736,2855.4487,11,3,,,0,0,6665,2,,,,,,,2726.3762,7860.0,2320.0,-1,,,,,,,239613.0,2015,666,663,1,1,1,0,1,,8.0,40.0,2015,1.0,1,8,2,401,4011,1,17,16980,0,2.0,1.0,,7,3,37,1.0,1,44,1,,1,2,1,2,57,57,57,1,0,0,2.0,2.0,4.0,40.0,,,,,,,,5.0,3.0,0.0,1,2.0,2.0,2.0,,1769.0,1.0,,2.0,,,12482.4099,3118.2536,8,3,1.0,,0,0,56873,2,,,,,,,3097.031,7860.0,2320.0,-1,,,,,,,237112.0,2016,678,663,0,1,1,0,1,,8.0,40.0,2016,MIS4_to_MIS8,2015-2016,True,False,False,False,False,False,False,1
110007571337967,7,1.0,1,4,2,401,4011,1,1,17,16980,111,2.0,1.0,,7,1,47,2.0,1,44,1,,1,1,1,1,2,57,57,57,1,0,0,1.0,1.0,,60.0,,60.0,,,,,,2.0,3.0,0.0,1,2.0,2.0,2.0,,1923.07,2.0,2.0,2.0,,,10605.5449,2699.8214,10,2,0.0,,0,0,54263,1,,,,,,,2680.3812,9470.0,3720.0,3740,,,,,,,239635.0,2015,666,663,0,0,1,1,0,,12.0,51.0,2015,2.0,1,8,2,401,4011,1,17,16980,111,2.0,1.0,,7,1,48,2.0,1,44,1,,1,1,1,2,57,57,57,1,0,0,2.0,1.0,,40.0,4.0,24.0,,,4.0,,,4.0,3.0,0.0,1,2.0,2.0,2.0,,1250.0,2.0,2.0,2.0,,,13692.9581,3376.5214,3,1,0.0,,0,0,23830,1,,,,,,,3376.6427,9470.0,3720.0,-1,,,,,,,237130.0,2016,678,663,0,0,1,0,0,,12.0,51.0,2016,MIS4_to_MIS8,2015-2016,True,False,False,False,False,False,False,1
118411070032765,7,1.0,1,4,2,401,4011,1,1,17,16980,97,2.0,1.0,,7,3,46,1.0,2,39,1,,2,1,2,1,2,57,57,57,1,0,0,2.0,1.0,,40.0,,40.0,,,,,,2.0,2.0,0.0,1,2.0,,1.0,1100.0,440.0,1.0,,2.0,,,11779.3602,2965.419,0,0,1.0,1.0,0,42,33451,2,1.0,,,,,,2950.9034,7860.0,5120.0,-1,,,,,,,239651.0,2015,666,663,0,0,0,0,0,12.0,17.0,40.0,2015,1.0,1,8,2,401,4011,1,17,16980,97,2.0,1.0,,7,3,47,1.0,2,39,1,,1,2,1,2,57,57,57,1,0,0,2.0,1.0,,40.0,4.0,1.0,,,4.0,,,4.0,3.0,0.0,1,2.0,2.0,2.0,,807.69,2.0,2.0,2.0,,,12975.3765,3168.0623,0,0,0.0,,0,0,56885,2,1.0,,,,,,3172.2744,7860.0,5120.0,-1,,,,,,,237143.0,2016,678,663,0,0,0,0,0,12.0,17.0,40.0,2016,MIS4_to_MIS8,2015-2016,True,False,False,False,False,False,True,1
134901070045375,7,2.0,1,4,2,401,4011,1,1,17,16980,0,2.0,1.0,,7,1,35,2.0,2,44,1,,1,1,1,1,2,57,57,57,1,0,0,2.0,4.0,,,,,,,,37.0,5.0,12.0,3.0,0.0,2,,,,,,,,2.0,,,12486.4919,2973.3779,11,3,,,0,0,20766,1,,,,,,,2816.3446,7860.0,2320.0,-1,,,,,,,239666.0,2015,666,663,1,1,1,0,1,,8.0,40.0,2015,2.0,1,8,2,401,4011,1,17,16980,0,2.0,1.0,,7,1,36,2.0,2,44,1,,1,1,1,2,57,57,57,1,0,0,2.0,7.0,,,,,,,,,,1.0,,,2,,,,,,,,2.0,,,13180.6377,3299.9987,11,3,,,0,0,37378,1,,,,,,,3249.7963,,,-1,,,,,,,237150.0,2016,678,663,1,1,1,0,1,,,,2016,MIS4_to_MIS8,2015-2016,False,False,False,True,False,True,True,1
167230815088787,7,1.0,3,4,2,401,4011,1,1,17,16980,0,2.0,1.0,,7,6,55,2.0,1,42,2,,3,2,1,1,2,57,57,57,1,0,0,2.0,1.0,,40.0,,40.0,,,,,,2.0,3.0,0.0,1,2.0,2.0,2.0,,1153.84,1.0,,,,,10595.4339,3022.9478,0,0,0.0,,0,0,20671,3,,,5.0,,,,3004.4732,9470.0,3800.0,-1,3.0,,,,,,239693.0,2015,666,663,0,0,0,0,0,16.0,12.0,51.0,2015,2.0,3,8,2,401,4011,1,17,16980,0,2.0,1.0,,7,6,56,2.0,1,40,2,,2,1,1,2,57,57,57,1,0,0,2.0,1.0,,40.0,,48.0,,,,,,2.0,2.0,0.0,1,1.0,1.0,1.0,2000.0,600.0,1.0,,,,,13481.7848,3469.4131,0,0,0.0,1.0,0,0,23562,3,,,3.0,,,,3477.1692,9470.0,3800.0,-1,3.0,,,,,,237172.0,2016,678,663,0,0,0,0,0,14.0,12.0,51.0,2016,MIS4_to_MIS8,2015-2016,True,False,False,False,False,False,True,1
277682801230105,7,1.0,1,4,2,401,4011,1,1,17,37900,0,2.0,1.0,,3,1,47,2.0,2,40,1,,1,1,1,1,2,57,57,57,1,0,0,1.0,1.0,,43.0,,43.0,,,,,,2.0,1.0,0.0,1,2.0,2.0,2.0,,550.0,1.0,,2.0,,,12497.6714,3146.2517,0,0,1.0,,0,0,30991,1,,,2.0,,,,3130.851,6370.0,5550.0,-1,,,,,,,239762.0,2015,666,663,0,0,0,0,0,13.0,17.0,23.0,2015,1.0,1,8,2,401,4011,1,17,37900,0,2.0,1.0,,3,1,48,2.0,2,40,1,,1,1,1,2,57,57,57,1,0,0,1.0,1.0,,42.0,,42.0,,,,,,2.0,1.0,0.0,1,2.0,1.0,1.0,1200.0,1365.0,1.0,,2.0,,,12995.8908,3173.0711,0,0,1.0,1.0,0,0,37473,1,,,2.0,,,,3177.2899,6370.0,5550.0,-1,,,,,,,237240.0,2016,678,663,0,0,0,0,0,13.0,17.0,23.0,2016,MIS4_to_MIS8,2015-2016,True,False,False,False,False,False,False,1
277682801230105,7,1.0,1,4,2,401,4011,1,1,17,37900,0,2.0,1.0,,3,4,19,,1,40,1,,3,1,3,7,2,57,57,57,1,0,0,2.0,1.0,,-4.0,1.0,20.0,,,1.0,,,3.0,3.0,0.0,1,2.0,2.0,2.0,,346.0,2.0,2.0,1.0,2.0,2.0,14221.7435,3092.608,0,0,1.0,,0,0,30991,3,,,2.0,,,,3013.2038,9470.0,3740.0,-1,,,,,1.0,1.0,239764.0,2015,666,663,0,0,0,0,0,13.0,12.0,51.0,2015,1.0,1,8,2,401,4011,1,17,37900,0,2.0,1.0,,3,4,20,,1,40,1,,1,3,7,2,57,57,57,1,0,0,2.0,1.0,,15.0,,15.0,,,22.0,,,7.0,3.0,0.0,1,2.0,2.0,2.0,,333.0,2.0,2.0,1.0,2.0,2.0,13436.7494,3250.9585,0,0,1.0,,0,0,37473,3,,,3.0,,,,3222.3417,9470.0,3740.0,-1,,,,,1.0,1.0,237242.0,2016,678,663,0,0,0,0,0,14.0,12.0,51.0,2016,MIS4_to_MIS8,2015-2016,True,False,False,False,False,False,False,1
341473005010597,7,2.0,1,4,2,401,4011,1,1,17,16980,0,2.0,1.0,,7,4,19,,1,40,1,,3,1,3,7,2,57,57,57,1,0,0,2.0,1.0,,40.0,,40.0,,,,,,2.0,3.0,0.0,1,2.0,,1.0,1000.0,400.0,2.0,2.0,2.0,,,13404.3402,2914.8585,0,0,0.0,0.0,0,0,33382,3,,,2.0,,,,2840.0181,8570.0,4140.0,-1,,,,,2.0,1.0,239779.0,2015,666,663,0,0,0,0,0,13.0,13.0,44.0,2015,2.0,1,8,2,401,4011,1,17,16980,0,2.0,1.0,,7,4,20,,1,40,1,,1,3,7,2,57,57,57,1,0,0,2.0,7.0,,,,,,11.0,,,,1.0,5.0,0.0,2,,,,,,,,2.0,,,11695.1986,3245.8268,0,0,,,0,0,56869,3,,,3.0,,,,3333.6722,7870.0,9620.0,-1,,,,,2.0,1.0,237270.0,2016,678,663,0,0,0,0,0,14.0,22.0,40.0,2016,MIS4_to_MIS8,2015-2016,False,True,False,False,False,True,True,1
377256101480101,7,1.0,1,4,2,401,4011,1,1,17,16980,97,2.0,1.0,,7,1,53,2.0,1,43,1,,1,1,1,1,2,57,57,57,1,0,0,1.0,1.0,,20.0,,20.0,,,21.0,,,7.0,3.0,0.0,1,2.0,,1.0,4400.0,880.0,2.0,2.0,2.0,,,10584.6314,2730.0462,0,0,1.0,1.0,0,0,20837,1,,,,,,,2675.0957,8570.0,3750.0,-1,,,,,,,239790.0,2015,666,663,0,0,0,0,0,,12.0,44.0,2015,5.0,1,8,2,401,4011,1,17,16980,97,2.0,1.0,,7,1,54,2.0,1,43,1,,1,1,1,2,57,57,57,1,0,0,2.0,5.0,,,,,,,,,,1.0,,,2,,,,,,,,2.0,,,13253.6716,3168.7313,0,0,,,0,0,60710,1,,,,,,,3326.2781,,,-1,,,,,,,237286.0,2016,678,663,0,0,0,0,0,,,,2016,MIS4_to_MIS8,2015-2016,False,False,False,True,True,True,True,1
437557301940100,7,2.0,1,4,2,401,4011,1,1,17,16980,0,2.0,1.0,,7,3,56,1.0,2,44,1,,2,1,2,1,2,57,57,57,1,0,0,1.0,2.0,4.0,40.0,,,,,,,,5.0,3.0,0.0,1,2.0,,1.0,1520.0,577.6,2.0,1.0,,,,10703.6256,2777.0492,0,0,0.0,0.0,0,0,58301,2,,,,,,,2717.3011,7860.0,2320.0,-1,,,,,,,239806.0,2015,666,663,0,0,0,0,0,,8.0,40.0,2015,2.0,1,8,2,401,4011,1,17,16980,0,2.0,1.0,,7,3,58,1.0,2,44,1,,1,2,1,2,57,57,57,1,0,0,1.0,4.0,,,,,,,,43.0,4.0,11.0,3.0,0.0,2,,,,,,,,,,,14964.6196,3075.5046,0,0,,,0,0,23729,2,,,,,,,3295.1353,7860.0,2310.0,-1,,,,,,,237303.0,2016,678,663,0,0,0,0,0,,8.0,40.0,2016,MIS4_to_MIS8,2015-2016,True,False,False,False,False,False,False,1
571897150701107,7,1.0,1,4,2,401,4011,1,1,17,16980,97,2.0,1.0,,7,4,21,,1,40,1,,3,1,3,7,2,57,57,57,1,0,0,2.0,7.0,,,,,,,,,,1.0,3.0,0.0,2,,,,,,,,1.0,1.0,2.0,12517.4712,3407.1772,0,0,,,0,0,66195,3,,,3.0,,,,3538.8579,7870.0,1965.0,-1,,,,,2.0,1.0,239864.0,2015,666,663,0,0,0,0,0,14.0,5.0,40.0,2015,1.0,1,8,2,401,4011,1,17,16980,97,2.0,1.0,,7,4,22,,1,43,1,,1,3,7,2,57,57,57,1,0,0,2.0,7.0,,,,,,,,,,1.0,,,2,,,,,,,,1.0,1.0,2.0,11695.1986,3245.8268,0,0,,,0,0,56886,3,,,,,,,3333.6722,,,-1,,,,,2.0,1.0,237349.0,2016,678,663,0,0,0,0,0,,,,2016,MIS4_to_MIS8,2015-2016,False,False,False,True,False,True,True,1
588057188107731,7,1.0,1,4,2,401,4011,1,1,17,16980,0,2.0,1.0,,7,4,20,,2,40,1,,5,1,3,7,2,57,57,57,1,0,0,2.0,1.0,,40.0,,40.0,,,,,,2.0,3.0,0.0,1,2.0,2.0,2.0,,393.0,2.0,2.0,2.0,,,13507.7644,3370.8712,0,0,1.0,,0,42,30979,5,,,3.0,,,,3355.6303,8570.0,3955.0,-1,,,,,2.0,1.0,239868.0,2015,666,663,0,0,0,0,0,14.0,12.0,44.0,2015,2.0,1,8,2,401,4011,1,17,16980,0,2.0,1.0,,7,4,21,,2,40,1,,1,3,7,2,57,57,57,1,0,0,2.0,1.0,,32.0,,30.0,,,23.0,,,7.0,4.0,0.0,1,2.0,,1.0,2000.0,640.0,2.0,2.0,1.0,1.0,2.0,15437.9898,3820.5253,0,0,0.0,0.0,0,0,9055,5,,,3.0,,,,3791.1022,7280.0,5120.0,-1,,,,,2.0,1.0,237356.0,2016,678,663,0,0,0,0,0,14.0,17.0,36.0,2016,MIS4_to_MIS8,2015-2016,False,True,False,False,False,True,True,1
10710233345754,7,2.0,1,4,2,401,4011,1,1,17,44100,0,,1.0,,2,1,43,2.0,1,43,1,,1,1,1,1,2,57,57,57,1,0,0,2.0,1.0,,40.0,,40.0,,,,,,2.0,2.0,0.0,1,1.0,2.0,2.0,,1250.0,1.0,,2.0,,,12568.8637,3127.073,10,3,1.0,,0,0,33483,1,,,,,,,3084.3451,9470.0,3850.0,-1,,,,,,,240157.0,2015,666,663,0,0,1,1,0,,12.0,51.0,2015,2.0,1,8,2,401,4011,1,17,44100,0,,1.0,,2,1,44,2.0,1,43,1,,1,1,1,2,57,57,57,1,0,0,2.0,1.0,,40.0,,40.0,,,,,,2.0,2.0,0.0,1,1.0,2.0,2.0,,1615.38,1.0,,2.0,,,11193.7395,2784.7586,10,2,0.0,,0,0,46884,1,,,,,,,2777.2969,9470.0,3850.0,-1,,,,,,,237602.0,2016,678,663,0,0,1,1,0,,12.0,51.0,2016,MIS4_to_MIS8,2015-2016,True,False,False,False,False,False,False,1
10710233345754,7,2.0,1,4,2,401,4011,1,1,17,44100,0,,1.0,,2,3,43,1.0,2,43,1,,2,1,2,1,2,110,57,57,3,0,5,1.0,7.0,,,,,,,,,,1.0,3.0,0.0,2,,,,,,,,2.0,,,14099.8488,3355.0226,10,3,,,0,0,33483,2,,,,,,,3490.2197,7860.0,2310.0,-1,,,,,,,240158.0,2015,666,663,0,0,1,1,0,,8.0,40.0,2015,2.0,1,8,2,401,4011,1,17,44100,0,,1.0,,2,3,44,1.0,2,43,1,,1,2,1,2,110,57,57,3,0,5,1.0,1.0,,25.0,,25.0,,,18.0,,,7.0,3.0,0.0,1,2.0,2.0,2.0,,380.0,2.0,2.0,2.0,,,12629.5727,3208.7508,10,2,0.0,,0,0,46884,2,,,,,,,3180.8528,7860.0,2310.0,-1,,,,,,,237603.0,2016,678,663,0,0,1,1,0,,8.0,40.0,2016,MIS4_to_MIS8,2015-2016,True,False,False,False,False,False,False,1
83087455101151,7,1.0,1,4,2,401,4011,1,1,17,16060,0,,1.0,,2,3,37,1.0,2,40,1,,2,1,2,1,2,57,57,57,1,0,0,2.0,2.0,4.0,40.0,,,,,,,,5.0,3.0,0.0,1,2.0,1.0,1.0,1100.0,403.84,1.0,,2.0,,,12728.3736,3223.8131,3,1,0.0,1.0,0,0,43477,2,,,3.0,,,,3229.047,7860.0,5700.0,-1,,,,,,,240176.0,2015,666,663,0,0,1,0,0,14.0,17.0,40.0,2015,1.0,1,8,2,401,4011,1,17,16060,0,,1.0,,2,3,38,1.0,2,40,1,,1,2,1,2,57,57,57,1,0,0,2.0,2.0,4.0,40.0,,,,,,,,5.0,3.0,0.0,1,2.0,,1.0,1300.0,520.0,1.0,,2.0,,,13433.4431,3377.631,3,1,0.0,0.0,0,0,23940,2,,,3.0,,,,3383.3136,7860.0,5700.0,-1,,,,,,,237623.0,2016,678,663,0,0,1,0,0,14.0,17.0,40.0,2016,MIS4_to_MIS8,2015-2016,True,False,False,False,False,False,False,1
101360411047770,7,1.0,1,4,2,401,4011,1,1,17,14010,0,,1.0,,2,1,46,2.0,2,43,1,,1,1,1,1,2,57,57,57,1,0,0,1.0,1.0,,40.0,,40.0,,,,,,2.0,2.0,0.0,1,2.0,2.0,2.0,,1134.61,2.0,2.0,2.0,,,12771.4864,3215.1838,10,2,0.0,,0,0,30986,1,,,,,,,3199.4457,7870.0,5000.0,-1,,,,,,,240184.0,2015,666,663,0,0,1,1,0,,17.0,40.0,2015,1.0,1,8,2,401,4011,1,17,14010,0,,1.0,,2,1,47,2.0,2,43,1,,1,1,1,2,57,57,57,1,0,0,1.0,1.0,,40.0,,45.0,,,,,,2.0,5.0,0.0,1,2.0,2.0,2.0,,1153.84,2.0,2.0,2.0,,,13280.6214,3242.5908,10,2,0.0,,0,0,37456,1,,,,,,,3246.902,7870.0,800.0,-1,,,,,,,237629.0,2016,678,663,0,0,1,1,0,,2.0,40.0,2016,MIS4_to_MIS8,2015-2016,False,True,False,False,False,True,True,1
118851070045513,7,1.0,1,4,2,401,4011,1,1,17,16060,0,,1.0,,2,3,50,1.0,1,40,1,,2,1,2,1,2,57,57,57,1,0,0,2.0,1.0,,37.0,,37.0,,,,,,2.0,2.0,0.0,1,2.0,,1.0,2000.0,740.0,1.0,,2.0,,,11476.1306,2959.9866,0,0,0.0,0.0,0,0,20932,2,,,4.0,,,,2900.4078,7870.0,4020.0,-1,3.0,,,,,,240203.0,2015,666,663,0,0,0,0,0,15.0,13.0,40.0,2015,2.0,1,8,2,401,4011,1,17,16060,0,,1.0,,2,3,51,1.0,1,40,1,,1,2,1,2,57,57,57,1,0,0,1.0,6.0,,,,,,,,,,1.0,,,2,,,,,,,,2.0,,,13565.4634,3243.2755,0,0,,,0,0,23938,2,,,5.0,,,,3404.5286,,,-1,3.0,,,,,,237648.0,2016,678,663,0,0,0,0,0,16.0,,,2016,MIS4_to_MIS8,2015-2016,False,False,False,True,False,True,True,1
118851070045513,7,1.0,1,4,2,401,4011,1,1,17,16060,0,,1.0,,2,4,20,,1,40,1,,3,1,3,7,2,57,57,57,1,0,0,2.0,1.0,,37.0,,37.0,,,,,,2.0,2.0,0.0,1,2.0,,1.0,1500.0,555.0,2.0,2.0,1.0,2.0,2.0,15106.9862,3694.1495,0,0,0.0,0.0,0,0,20932,3,,,3.0,,,,3649.2843,7870.0,4220.0,-1,,,,,1.0,1.0,240204.0,2015,666,663,0,0,0,0,0,14.0,14.0,40.0,2015,2.0,1,8,2,401,4011,1,17,16060,0,,1.0,,2,4,20,,1,40,1,,1,3,7,2,57,57,57,1,0,0,2.0,1.0,,30.0,,30.0,,,20.0,,,7.0,4.0,0.0,1,2.0,,1.0,1450.0,435.0,2.0,2.0,1.0,1.0,2.0,13731.1389,3322.1847,0,0,0.0,0.0,0,0,23938,3,,,4.0,,,,3292.9409,8680.0,4030.0,-1,,,,,1.0,1.0,237649.0,2016,678,663,0,0,0,0,0,15.0,13.0,46.0,2016,MIS4_to_MIS8,2015-2016,False,True,False,False,False,True,True,1
141478005010263,7,1.0,4,4,0,401,4012,2,2,17,0,0,,1.0,,0,1,25,,2,40,1,,1,1,1,7,2,57,57,57,1,0,0,1.0,1.0,,40.0,,40.0,,,,,,2.0,2.0,0.0,1,1.0,1.0,1.0,2800.0,1057.69,1.0,,2.0,,,13007.7488,3308.7719,2,1,0.0,0.0,0,0,54249,1,,,5.0,,,,3278.9459,6080.0,5410.0,-1,,,,,,,240205.0,2015,666,663,0,1,0,0,1,16.0,17.0,23.0,2015,1.0,4,8,2,401,4012,2,17,0,0,,1.0,,0,1,26,,2,40,1,,1,1,7,2,57,57,57,1,0,0,1.0,1.0,,40.0,,40.0,,,,,,2.0,4.0,0.0,1,2.0,,1.0,3200.0,1280.0,1.0,,2.0,,,15368.1237,3870.774,3,1,0.0,0.0,0,0,53642,1,,,2.0,,,,3897.0465,6080.0,6355.0,-1,,,,,,,237650.0,2016,678,663,0,0,1,0,0,13.0,19.0,23.0,2016,MIS4_to_MIS8,2015-2016,False,True,False,False,False,True,True,1
407106113710047,7,1.0,1,4,2,401,4011,1,1,17,14010,0,,1.0,,2,3,53,1.0,2,39,1,,2,1,2,1,2,57,57,57,1,0,0,2.0,5.0,,,,,,,,,,1.0,3.0,0.0,2,,,,,,,,2.0,,,13172.4589,3060.0327,0,0,,,0,0,3434,2,1.0,,,,,,3260.6573,8270.0,4020.0,-1,,,,,,,240237.0,2015,666,663,0,0,0,0,0,12.0,13.0,42.0,2015,1.0,1,8,2,401,4011,1,17,14010,0,,1.0,,2,3,55,1.0,2,39,1,,1,2,1,2,57,57,57,1,0,0,2.0,5.0,,,,,,,,,,1.0,,,2,,,,,,,,,,,12909.3352,3147.8557,0,0,,,0,0,5331,2,1.0,,,,,,3182.9044,,,-1,,,,,,,237685.0,2016,678,663,0,0,0,0,0,12.0,,,2016,MIS4_to_MIS8,2015-2016,False,False,False,True,True,True,True,1
417253801640100,7,1.0,4,4,2,401,4011,1,1,17,0,0,,1.0,,0,1,68,,2,39,1,,1,1,1,6,2,110,110,57,3,0,1,1.0,3.0,,,,,4.0,,,4.0,1.0,12.0,3.0,0.0,2,,,,,,,,,,,12369.4421,3094.3332,0,0,,,0,0,33438,1,1.0,,,,,,3201.387,7860.0,9120.0,-1,,,,,,,240241.0,2015,666,663,0,0,0,0,0,12.0,22.0,40.0,2015,1.0,4,8,2,401,4011,1,17,0,0,,1.0,,0,1,69,,2,39,1,,1,1,6,2,110,110,57,3,0,1,1.0,1.0,,20.0,,20.0,,,22.0,,,7.0,4.0,0.0,1,2.0,2.0,2.0,,469.23,2.0,2.0,,,,11649.871,3051.1783,0,0,0.0,,0,0,23787,1,1.0,,,,,,3005.3333,7860.0,9120.0,-1,,,,,,,237688.0,2016,678,663,0,0,0,0,0,12.0,22.0,40.0,2016,MIS4_to_MIS8,2015-2016,False,True,False,False,False,True,True,1
406102348710089,8,1.0,7,4,2,401,4011,1,1,17,16980,0,1.0,1.0,2.0,7,2,59,,2,44,1,,1,0,0,7,2,57,57,57,1,0,0,1.0,5.0,,,,,,,,,,1.0,2.0,0.0,2,,,,,,,,,,,14175.0614,3487.743,0,0,,,0,0,9291,1,,,,,,,3563.7921,8470.0,230.0,-1,,,,,,,276333.0,2015,667,664,0,0,0,0,0,,1.0,43.0,2015,1.0,7,8,2,401,4011,1,17,16980,0,1.0,1.0,2.0,7,2,61,,2,44,1,,0,0,7,2,57,57,57,1,0,0,1.0,5.0,,,,,,,,,,1.0,,,2,,,,,,,,,,,13962.5134,3453.6799,0,0,,,0,0,22819,1,,,,,,,3469.9914,,,-1,,,,,,,273870.0,2016,679,664,0,0,0,0,0,,,,2016,MIS4_to_MIS8,2015-2016,False,False,False,True,True,True,True,1
643057486106841,8,1.0,1,4,2,401,4011,1,1,17,16980,0,1.0,1.0,1.0,7,1,56,2.0,2,40,1,2.0,1,1,1,1,2,57,73,73,1,0,0,1.0,5.0,,,,,,,,,,1.0,1.0,0.0,2,,,,,,,,,,,13223.8797,3370.3168,0,0,,,0,0,35036,1,,,1.0,,,,3324.6528,9470.0,5940.0,-1,,,,,,,276376.0,2015,667,664,0,0,0,0,0,12.0,17.0,51.0,2015,1.0,1,8,2,401,4011,1,17,16980,0,1.0,1.0,1.0,7,1,57,2.0,2,40,1,2.0,1,1,1,2,57,73,73,1,0,0,1.0,5.0,,,,,,,,,,1.0,,,2,,,,,,,,,,,13605.5768,3417.6977,0,0,,,0,0,22562,1,,,2.0,,,,3528.9297,,,-1,,,,,,,273910.0,2016,679,664,0,0,0,0,0,13.0,,,2016,MIS4_to_MIS8,2015-2016,False,False,False,True,True,True,True,1
7101126710418,8,1.0,1,4,2,401,4011,1,1,17,16980,0,2.0,1.0,,7,3,42,1.0,2,44,1,,2,1,2,1,2,57,57,57,1,0,0,2.0,1.0,,-4.0,4.0,15.0,,,4.0,,,4.0,3.0,0.0,1,1.0,2.0,1.0,800.0,180.0,1.0,,2.0,,,13246.6478,3366.6745,5,2,1.0,1.0,0,42,68470,2,,,,,,,3364.2289,7860.0,4600.0,-1,,,,,,,276463.0,2015,667,664,1,1,0,0,1,,15.0,40.0,2015,1.0,1,8,2,401,4011,1,17,16980,0,2.0,1.0,,7,3,43,1.0,2,44,1,,1,2,1,2,57,57,57,1,0,0,2.0,1.0,,-4.0,8.0,8.0,,,8.0,,,4.0,4.0,0.0,1,2.0,2.0,2.0,,673.0,2.0,2.0,2.0,,,13940.4671,3550.8043,2,2,1.0,,0,42,22811,2,,,,,,,3520.5787,7860.0,4600.0,-1,,,,,,,273998.0,2016,679,664,0,1,0,0,1,,15.0,40.0,2016,MIS4_to_MIS8,2015-2016,False,True,False,False,False,True,True,1
10005811036077,8,1.0,4,4,2,401,4011,1,1,17,41180,119,2.0,1.0,,6,1,29,,2,43,1,,1,1,1,7,2,57,57,57,1,0,0,1.0,1.0,,37.0,,37.0,,,,,,2.0,1.0,0.0,1,2.0,,1.0,1388.0,513.56,2.0,2.0,2.0,,,13562.2593,3370.7541,0,0,0.0,0.0,0,0,5106,1,,,,,,,3361.6013,9590.0,4600.0,-1,,,,,,,276467.0,2015,667,664,0,0,0,0,0,,15.0,51.0,2015,3.0,4,8,2,401,4011,1,17,41180,119,2.0,1.0,,6,1,29,,2,43,1,,1,1,7,2,57,57,57,1,0,0,2.0,1.0,,40.0,,40.0,,,,,,2.0,1.0,0.0,1,2.0,,1.0,850.0,340.0,2.0,2.0,2.0,,,14232.6649,3421.4245,0,0,1.0,1.0,0,0,8653,1,,,,,,,3459.0346,9590.0,4600.0,-1,,,,,,,274002.0,2016,679,664,0,0,0,0,0,,15.0,51.0,2016,MIS4_to_MIS8,2015-2016,True,False,False,False,False,False,False,1
10715603091986,8,1.0,1,4,2,401,4011,1,1,17,16980,0,2.0,1.0,,7,3,52,1.0,2,44,1,,2,1,2,1,2,57,57,57,1,0,0,2.0,1.0,,40.0,,40.0,,,,,,2.0,3.0,0.0,1,1.0,2.0,2.0,,2403.0,1.0,,2.0,,,12713.0815,3238.1398,0,0,1.0,,0,42,46335,2,,,,,,,3198.2474,7860.0,230.0,-1,,,,,,,276506.0,2015,667,664,0,0,0,0,0,,1.0,40.0,2015,2.0,1,8,2,401,4011,1,17,16980,0,2.0,1.0,,7,3,53,1.0,2,44,1,,1,2,1,2,57,57,57,1,0,0,1.0,1.0,,40.0,,40.0,,,,,,2.0,3.0,0.0,1,2.0,2.0,2.0,,1730.76,2.0,1.0,2.0,,,12796.5621,3158.2735,0,0,0.0,,0,0,4781,2,,,,,,,3160.1584,7860.0,230.0,-1,,,,,,,274041.0,2016,679,664,0,0,0,0,0,,1.0,40.0,2016,MIS4_to_MIS8,2015-2016,True,False,False,False,False,False,False,1
109630919099712,8,1.0,1,4,2,401,4011,1,1,17,16980,0,2.0,1.0,,7,1,45,2.0,1,44,1,7.0,1,1,1,1,2,364,364,364,5,0,17,1.0,1.0,,40.0,,40.0,,,,,,2.0,3.0,0.0,1,2.0,2.0,2.0,,1460.46,1.0,,2.0,,,13087.5142,3352.5453,3,2,0.0,,0,0,46416,1,,,,,,,3363.6879,7860.0,2320.0,-1,,,,,,,276588.0,2015,667,664,0,0,1,0,0,,8.0,40.0,2015,2.0,1,8,2,401,4011,1,17,16980,0,2.0,1.0,,7,1,46,2.0,1,44,1,7.0,1,1,1,2,364,364,364,5,0,17,2.0,2.0,4.0,50.0,,,,,,,,5.0,2.0,0.0,1,2.0,2.0,2.0,,1730.0,1.0,,2.0,,,13568.0088,3463.9436,10,2,1.0,,0,0,36277,1,,,,,,,3446.5385,7860.0,2310.0,-1,,,,,,,274118.0,2016,679,664,0,0,1,1,0,,8.0,40.0,2016,MIS4_to_MIS8,2015-2016,True,False,False,False,False,False,True,1
109630919099712,8,1.0,1,4,2,401,4011,1,1,17,16980,0,2.0,1.0,,7,3,42,1.0,2,44,1,7.0,2,1,2,1,2,364,364,364,4,0,17,2.0,1.0,,40.0,,40.0,,,,,,2.0,3.0,0.0,1,2.0,2.0,2.0,,1637.59,1.0,,2.0,,,13537.1994,3444.8541,3,2,0.0,,0,0,46416,2,,,,,,,3438.0198,7860.0,2310.0,-1,,,,,,,276589.0,2015,667,664,0,0,1,0,0,,8.0,40.0,2015,2.0,1,8,2,401,4011,1,17,16980,0,2.0,1.0,,7,3,43,1.0,2,44,1,7.0,1,2,1,2,364,364,364,4,0,17,1.0,2.0,4.0,50.0,,,,,,,,5.0,2.0,0.0,1,2.0,2.0,2.0,,1923.0,1.0,,2.0,,,13626.5149,3516.1704,10,2,1.0,,0,0,36277,2,,,,,,,3441.292,7860.0,2310.0,-1,,,,,,,274119.0,2016,679,664,0,0,1,1,0,,8.0,40.0,2016,MIS4_to_MIS8,2015-2016,True,False,False,False,False,False,True,1
175171070009865,8,1.0,1,4,2,401,4011,1,1,17,16980,97,2.0,1.0,,7,3,45,1.0,2,44,1,,2,1,2,1,2,57,57,57,1,0,0,2.0,2.0,4.0,40.0,,,,,,,,5.0,3.0,0.0,1,2.0,2.0,2.0,,1442.3,1.0,,2.0,,,12423.8166,3135.7472,8,3,0.0,,0,0,46442,2,,,,,,,3125.4766,7860.0,2310.0,-1,,,,,,,276631.0,2015,667,664,0,1,1,0,1,,8.0,40.0,2015,1.0,1,8,2,401,4011,1,17,16980,97,2.0,1.0,,7,3,46,1.0,2,44,1,,1,2,1,2,57,57,57,1,0,0,2.0,2.0,4.0,40.0,,,,,,,,5.0,3.0,0.0,1,2.0,2.0,2.0,,1634.61,1.0,,2.0,,,12816.9173,3220.591,8,3,0.0,,0,0,36288,2,,,,,,,3165.1852,7860.0,2310.0,-1,,,,,,,274183.0,2016,679,664,0,1,1,0,1,,8.0,40.0,2016,MIS4_to_MIS8,2015-2016,True,False,False,False,False,False,False,1
191231070021320,8,1.0,1,4,2,401,4011,1,1,17,41180,119,2.0,1.0,,6,1,40,2.0,2,45,1,,1,1,1,1,2,57,57,57,1,0,0,1.0,1.0,,50.0,,50.0,,,,,,2.0,2.0,0.0,1,2.0,2.0,2.0,,1538.46,2.0,2.0,2.0,,,13246.6478,3366.6745,8,2,0.0,,0,0,5102,1,,,,,,,3364.2289,7860.0,230.0,-1,,,,,,,276648.0,2015,667,664,0,1,1,0,1,18.0,1.0,40.0,2015,1.0,1,8,2,401,4011,1,17,41180,119,2.0,1.0,,6,1,41,2.0,2,45,1,,1,1,1,2,57,57,57,1,0,0,1.0,1.0,,50.0,,50.0,,,,,,2.0,3.0,0.0,1,2.0,2.0,2.0,,1500.0,2.0,2.0,2.0,,,13940.4671,3550.8043,8,2,0.0,,0,0,4827,1,,,,,,,3520.5787,7860.0,230.0,-1,,,,,,,274206.0,2016,679,664,0,1,1,0,1,18.0,1.0,40.0,2016,MIS4_to_MIS8,2015-2016,True,False,False,False,False,False,True,1
571486130804458,8,1.0,1,4,2,401,4011,1,1,17,16980,0,2.0,1.0,,7,1,59,2.0,1,38,1,,1,1,1,1,2,57,57,57,1,0,0,1.0,5.0,,,,,,11.0,,,,1.0,2.0,0.0,2,,,,,,,,,,,13760.6416,3321.8014,0,0,,,0,0,45025,1,,,,,,,3251.2751,770.0,9130.0,-1,,,,,,,276740.0,2015,667,664,0,0,0,0,0,12.0,22.0,4.0,2015,1.0,1,8,2,401,4011,1,17,16980,0,2.0,1.0,,7,1,60,2.0,1,38,1,,1,1,1,2,57,57,57,1,0,0,1.0,3.0,,,,,15.0,,,15.0,1.0,11.0,2.0,0.0,2,,,,,,,,,,,11982.2672,3092.6448,0,0,,,0,0,22542,1,,,,,,,2975.4845,770.0,6730.0,-1,,,,,,,274310.0,2016,679,664,0,0,0,0,0,12.0,19.0,4.0,2016,MIS4_to_MIS8,2015-2016,True,False,False,False,False,False,False,1
710508351299157,8,1.0,1,4,2,401,4011,1,1,17,16980,0,2.0,1.0,,7,1,45,2.0,2,44,1,,1,1,1,1,2,57,57,57,1,0,0,1.0,2.0,4.0,40.0,,,,,,,,5.0,3.0,0.0,1,2.0,2.0,2.0,,865.0,1.0,,2.0,,,12423.8166,3135.7472,4,1,1.0,,0,0,5064,1,,,,,,,3125.4766,7860.0,2310.0,-1,,,,,,,276802.0,2015,667,664,0,0,0,1,0,,8.0,40.0,2015,2.0,1,8,2,401,4011,1,17,16980,0,2.0,1.0,,7,1,46,2.0,2,44,1,,1,1,1,2,57,57,57,1,0,0,3.0,2.0,4.0,55.0,,,,,,,,5.0,3.0,0.0,1,2.0,2.0,2.0,,1923.07,1.0,,1.0,2.0,2.0,12816.9173,3220.591,4,1,0.0,,0,0,4783,1,,,,,,,3165.1852,7860.0,2310.0,-1,,,,,,,274362.0,2016,679,664,0,0,0,1,0,,8.0,40.0,2016,MIS4_to_MIS8,2015-2016,True,False,False,False,False,False,False,1
722090332111001,8,2.0,1,4,2,401,4011,1,1,17,41180,119,2.0,1.0,,6,1,41,2.0,1,43,1,,1,1,1,1,2,57,57,57,1,0,0,2.0,2.0,4.0,48.0,,,,,,,,5.0,3.0,0.0,1,2.0,,1.0,3400.0,1632.0,1.0,,2.0,,,12277.8867,3133.1674,3,2,0.0,0.0,0,0,35045,1,,,,,,,3120.0453,9470.0,3740.0,3400,,,,,,,276811.0,2015,667,664,0,0,1,0,0,,12.0,51.0,2015,2.0,1,8,2,401,4011,1,17,41180,119,2.0,1.0,,6,1,42,2.0,1,43,1,,1,1,1,2,57,57,57,1,0,0,2.0,1.0,,48.0,,53.0,,,,,,2.0,2.0,0.0,1,1.0,1.0,1.0,3000.0,1500.0,1.0,,2.0,,,12978.0268,3315.9144,3,2,0.0,0.0,0,0,19330,1,,,,,,,3299.5448,9470.0,3740.0,3400,,,,,,,274371.0,2016,679,664,0,0,1,0,0,,12.0,51.0,2016,MIS4_to_MIS8,2015-2016,True,False,False,False,False,False,True,1
722090332111001,8,2.0,1,4,2,401,4011,1,1,17,41180,119,2.0,1.0,,6,3,36,1.0,2,44,1,,2,1,2,1,2,57,57,57,1,0,0,1.0,2.0,4.0,35.0,,,,,,,,5.0,2.0,0.0,1,2.0,2.0,2.0,,807.69,1.0,,2.0,,,11597.9555,2895.3774,3,2,0.0,,0,0,35045,2,,,,,,,2945.5133,7860.0,2010.0,-1,,,,,,,276812.0,2015,667,664,0,0,1,0,0,,6.0,40.0,2015,2.0,1,8,2,401,4011,1,17,41180,119,2.0,1.0,,6,3,37,1.0,2,44,1,,1,2,1,2,57,57,57,1,0,0,1.0,1.0,,36.0,4.0,20.0,,,4.0,,,4.0,3.0,0.0,1,2.0,2.0,2.0,,826.92,2.0,1.0,2.0,,,12185.4381,3095.6028,3,2,0.0,,0,0,19330,2,,,,,,,3077.357,7860.0,2010.0,-1,,,,,,,274372.0,2016,679,664,0,0,1,0,0,,6.0,40.0,2016,MIS4_to_MIS8,2015-2016,True,False,False,False,False,False,True,1
917287301470107,8,2.0,1,4,2,401,4011,1,1,17,16980,0,2.0,1.0,,7,1,50,2.0,1,44,1,1.0,1,1,1,1,2,303,303,303,4,0,11,2.0,2.0,4.0,50.0,,,,,,,,5.0,3.0,0.0,1,2.0,2.0,2.0,,2038.46,1.0,,2.0,,,10881.6236,2813.1586,4,1,0.0,,0,0,37088,1,,,,,,,2796.7408,7860.0,2320.0,-1,,,,,,,276911.0,2015,667,664,0,0,0,1,0,,8.0,40.0,2015,2.0,1,8,2,401,4011,1,17,16980,0,2.0,1.0,,7,1,51,2.0,1,44,1,1.0,1,1,1,2,303,303,303,4,0,11,2.0,1.0,,50.0,4.0,10.0,,,4.0,,,4.0,3.0,0.0,1,2.0,2.0,2.0,,1730.76,1.0,,2.0,,,12449.5384,3173.318,4,1,0.0,,0,0,8595,1,,,,,,,3162.4252,7860.0,2320.0,-1,,,,,,,274479.0,2016,679,664,0,0,0,1,0,,8.0,40.0,2016,MIS4_to_MIS8,2015-2016,True,False,False,False,False,False,False,1
917287301470107,8,2.0,1,4,2,401,4011,1,1,17,16980,0,2.0,1.0,,7,3,51,1.0,2,44,1,,2,1,2,1,2,57,57,57,1,0,0,1.0,2.0,4.0,40.0,,,,,,,,5.0,3.0,0.0,1,2.0,2.0,2.0,,2173.07,1.0,,2.0,,,12713.0815,3238.1398,4,1,0.0,,0,0,37088,2,,,,,,,3198.2474,7860.0,2320.0,-1,,,,,,,276912.0,2015,667,664,0,0,0,1,0,,8.0,40.0,2015,2.0,1,8,2,401,4011,1,17,16980,0,2.0,1.0,,7,3,52,1.0,2,44,1,,1,2,1,2,57,57,57,1,0,0,1.0,1.0,,45.0,4.0,10.0,,,4.0,,,4.0,3.0,0.0,1,2.0,2.0,2.0,,2192.3,1.0,,2.0,,,12796.5621,3158.2735,4,1,0.0,,0,0,8595,2,,,,,,,3160.1584,7860.0,2320.0,-1,,,,,,,274480.0,2016,679,664,0,0,0,1,0,,8.0,40.0,2016,MIS4_to_MIS8,2015-2016,True,False,False,False,False,False,False,1
971319190602909,8,2.0,1,4,2,401,4011,1,1,17,16980,0,2.0,1.0,,7,1,54,2.0,2,43,1,2.0,1,1,1,1,2,73,73,73,2,0,15,3.0,1.0,,40.0,,40.0,,,,,,2.0,3.0,0.0,1,2.0,2.0,2.0,,923.07,2.0,2.0,2.0,,,14396.825,3534.1671,0,0,0.0,,0,0,64376,1,,,,,,,3621.8291,9480.0,430.0,-1,,,,,,,276915.0,2015,667,664,0,0,0,0,0,,1.0,51.0,2015,1.0,1,8,2,401,4011,1,17,16980,0,2.0,1.0,,7,1,55,2.0,2,43,1,2.0,1,1,1,2,73,73,73,2,0,15,1.0,1.0,,35.0,,35.0,,,,,,2.0,3.0,0.0,1,2.0,2.0,2.0,,1115.38,2.0,2.0,,,,12814.6032,3300.7191,0,0,0.0,,0,0,46376,1,,,,,,,3219.1672,9480.0,430.0,-1,,,,,,,274489.0,2016,679,664,0,0,0,0,0,,1.0,51.0,2016,MIS4_to_MIS8,2015-2016,True,False,False,False,False,False,False,1
971319190602909,8,2.0,1,4,2,401,4011,1,1,17,16980,0,2.0,1.0,,7,3,56,1.0,1,44,1,2.0,2,1,2,1,2,57,73,73,1,0,0,1.0,1.0,,40.0,,50.0,,,,,,2.0,3.0,0.0,1,2.0,2.0,2.0,,1576.92,1.0,,,,,12402.8443,3025.4539,0,0,0.0,,0,0,64376,2,,,,,,,3062.3634,7860.0,2310.0,2720,3.0,,,,,,276916.0,2015,667,664,0,0,0,0,0,,8.0,40.0,2015,1.0,1,8,2,401,4011,1,17,16980,0,2.0,1.0,,7,3,57,1.0,1,44,1,2.0,1,2,1,2,57,73,73,1,0,0,2.0,4.0,,,,,,,,12.0,4.0,11.0,3.0,0.0,2,,,,,,,,,,,12239.1894,2927.0472,0,0,,,0,0,46376,2,,,,,,,3039.2845,7860.0,2310.0,-1,3.0,,,,,,274490.0,2016,679,664,0,0,0,0,0,,8.0,40.0,2016,MIS4_to_MIS8,2015-2016,True,False,False,False,False,False,False,1
28027280103061,8,2.0,1,4,2,401,4011,1,1,17,0,0,3.0,2.0,,0,1,34,2.0,2,44,1,,1,1,1,1,2,57,57,57,1,0,0,2.0,3.0,,,,,11.0,,,11.0,1.0,11.0,2.0,0.0,2,,,,,,,,2.0,,,13273.2506,3133.8507,2,1,,,0,0,46460,1,,,,,,,3064.7307,7860.0,2330.0,-1,,,,,,,276927.0,2015,667,664,0,1,0,0,1,,8.0,40.0,2015,1.0,1,8,2,401,4011,1,17,0,0,3.0,2.0,,0,1,35,2.0,2,44,1,,1,1,1,2,57,57,57,1,0,0,1.0,1.0,,40.0,,40.0,,,,,,2.0,2.0,0.0,1,2.0,2.0,2.0,,1000.0,1.0,,2.0,,,12632.8744,3209.27,2,1,0.0,,0,0,22774,1,,,,,,,3190.3542,7860.0,2330.0,-1,,,,,,,274496.0,2016,679,664,0,1,0,0,1,,8.0,40.0,2016,MIS4_to_MIS8,2015-2016,True,False,False,False,False,False,False,1
102201070028638,8,2.0,1,4,2,401,4011,1,1,17,0,0,3.0,2.0,,0,3,57,1.0,2,42,1,,2,1,2,1,2,57,57,57,1,0,0,1.0,1.0,,50.0,,78.0,,,,,,2.0,2.0,0.0,1,2.0,2.0,2.0,,1500.0,2.0,2.0,,,,13320.4495,3520.7888,0,0,0.0,,0,0,9250,2,,,3.0,,,,3475.7606,9570.0,430.0,-1,,,,,,,276936.0,2015,667,664,0,0,0,0,0,14.0,1.0,51.0,2015,2.0,1,8,2,401,4011,1,17,0,0,3.0,2.0,,0,3,59,1.0,2,42,1,,1,2,1,2,57,57,57,1,0,0,1.0,1.0,,52.0,,46.0,,,,,,2.0,3.0,0.0,1,2.0,2.0,2.0,,1644.23,2.0,2.0,,,,12274.764,3132.7767,0,0,0.0,,0,0,8660,2,,,3.0,,,,3083.5537,6180.0,430.0,-1,,,,,,,274511.0,2016,679,664,0,0,0,0,0,14.0,1.0,23.0,2016,MIS4_to_MIS8,2015-2016,True,False,False,False,False,False,True,1
119501070033066,8,1.0,1,4,2,401,4011,1,1,17,0,0,3.0,2.0,,0,1,45,2.0,1,41,1,,1,1,1,1,2,57,57,57,1,0,0,1.0,1.0,,50.0,,50.0,,,,,,2.0,3.0,0.0,1,2.0,2.0,2.0,,1250.0,2.0,2.0,2.0,,,12370.1504,3179.1432,10,2,0.0,,0,0,60388,1,,,3.0,,,,3179.3146,9380.0,120.0,-1,,,,,,,276945.0,2015,667,664,0,0,1,1,0,14.0,1.0,51.0,2015,1.0,1,8,2,401,4011,1,17,0,0,3.0,2.0,,0,1,47,2.0,1,41,1,,1,1,1,2,57,57,57,1,0,0,1.0,1.0,,50.0,,60.0,,,,,,2.0,3.0,0.0,1,2.0,2.0,2.0,,1000.0,2.0,2.0,2.0,,,12060.9606,3094.0244,10,2,0.0,,0,0,68787,1,,,3.0,,,,3063.7189,9380.0,120.0,-1,,,,,,,274521.0,2016,679,664,0,0,1,1,0,14.0,1.0,51.0,2016,MIS4_to_MIS8,2015-2016,True,False,False,False,False,False,False,1
119501070033066,8,1.0,1,4,2,401,4011,1,1,17,0,0,3.0,2.0,,0,3,47,1.0,2,41,1,,2,1,2,1,2,57,57,57,1,0,0,1.0,1.0,,35.0,,35.0,,,,,,2.0,3.0,0.0,1,2.0,2.0,2.0,,692.3,2.0,2.0,2.0,,,13268.6201,3348.974,10,2,0.0,,0,0,60388,2,,,3.0,,,,3338.005,9480.0,3255.0,-1,,,,,,,276946.0,2015,667,664,0,0,1,1,0,14.0,10.0,51.0,2015,1.0,1,8,2,401,4011,1,17,0,0,3.0,2.0,,0,3,48,1.0,2,41,1,,1,2,1,2,57,57,57,1,0,0,2.0,1.0,,35.0,,35.0,,,,,,2.0,3.0,0.0,1,2.0,2.0,2.0,,692.3,2.0,2.0,2.0,,,13287.5408,3338.8477,10,2,0.0,,0,0,68787,2,,,3.0,,,,3281.4074,9480.0,3255.0,-1,,,,,,,274522.0,2016,679,664,0,0,1,1,0,14.0,10.0,51.0,2016,MIS4_to_MIS8,2015-2016,True,False,False,False,False,False,False,1
147141070090632,8,2.0,1,4,2,401,4011,1,1,17,0,0,3.0,2.0,,0,1,65,2.0,1,43,1,,1,1,1,1,2,57,57,57,1,0,0,2.0,5.0,,,,,,,,,,1.0,2.0,0.0,2,,,,,,,,,,,13765.6593,3371.7634,0,0,,,0,0,46298,1,,,,,,,3394.055,9570.0,5700.0,-1,,,,,,,276949.0,2015,667,664,0,0,0,0,0,,17.0,51.0,2015,2.0,1,8,2,401,4011,1,17,0,0,3.0,2.0,,0,1,66,2.0,1,43,1,,1,1,1,2,57,57,57,1,0,0,2.0,5.0,,,,,,,,,,1.0,,,2,,,,,,,,,,,11922.1108,2919.8745,0,0,,,0,0,8465,1,,,,,,,2964.1979,,,-1,,,,,,,274525.0,2016,679,664,0,0,0,0,0,,,,2016,MIS4_to_MIS8,2015-2016,False,False,False,True,True,True,True,1
147141070090632,8,2.0,1,4,2,401,4011,1,1,17,0,0,3.0,2.0,,0,3,60,1.0,2,44,1,,2,1,2,1,2,57,57,57,1,0,0,1.0,1.0,,40.0,,40.0,,,,,,2.0,2.0,0.0,1,2.0,2.0,2.0,,830.76,1.0,,,,,15216.2417,3791.0963,0,0,0.0,,0,0,46298,2,,,,,,,3786.1698,7860.0,2000.0,-1,,,,,,,276950.0,2015,667,664,0,0,0,0,0,,6.0,40.0,2015,2.0,1,8,2,401,4011,1,17,0,0,3.0,2.0,,0,3,61,1.0,2,44,1,,1,2,1,2,57,57,57,1,0,0,1.0,5.0,,,,,,,,,,1.0,2.0,0.0,2,,,,,,,,,,,13979.7545,3457.9446,0,0,,,0,0,8465,2,,,,,,,3474.2762,7860.0,2000.0,-1,,,,,,,274526.0,2016,679,664,0,0,0,0,0,,6.0,40.0,2016,MIS4_to_MIS8,2015-2016,True,False,False,False,True,False,False,1
621270008010823,8,1.0,1,4,2,401,4011,1,1,17,0,0,3.0,2.0,,0,1,49,2.0,2,43,1,,1,1,1,1,2,57,57,57,1,0,0,1.0,1.0,,35.0,4.0,28.0,,,4.0,,,4.0,2.0,0.0,1,2.0,2.0,2.0,,1250.0,2.0,2.0,2.0,,,13268.6201,3348.974,0,0,0.0,,0,0,35046,1,,,,,,,3338.005,9380.0,800.0,-1,,,,,,,276966.0,2015,667,664,0,0,0,0,0,,2.0,51.0,2015,2.0,1,8,2,401,4011,1,17,0,0,3.0,2.0,,0,1,50,2.0,2,43,1,,1,1,1,2,57,57,57,1,0,0,2.0,1.0,,40.0,,36.0,,,,,,2.0,2.0,0.0,1,2.0,1.0,1.0,2500.0,807.69,2.0,2.0,2.0,,,13266.4381,3274.2419,0,0,0.0,1.0,0,0,57230,1,,,,,,,3276.196,6970.0,800.0,-1,,,,,,,274540.0,2016,679,664,0,0,0,0,0,,2.0,32.0,2016,MIS4_to_MIS8,2015-2016,True,False,False,False,False,False,False,1
967023401170104,8,1.0,4,4,2,401,4011,1,1,17,0,0,3.0,2.0,,0,4,21,,1,39,1,,2,1,3,7,2,57,57,57,1,0,0,2.0,7.0,,,,,,11.0,,,,1.0,2.0,0.0,2,,,,,,,,2.0,,,15067.3858,3891.1788,0,0,,,0,0,64307,2,1.0,,,,,,4063.4225,7860.0,4220.0,-1,,,,,1.0,,276987.0,2015,667,664,0,0,0,0,0,12.0,14.0,40.0,2015,1.0,4,8,2,401,4011,1,17,0,0,3.0,2.0,,0,4,22,,1,39,1,,1,3,7,2,57,57,57,1,0,0,2.0,7.0,,,,,,8.0,,,,1.0,,,2,,,,,,,,1.0,1.0,2.0,18946.1601,4173.6746,0,0,,,0,0,8466,2,1.0,,,,,,4483.5724,,,-1,,,,,1.0,,274570.0,2016,679,664,0,0,0,0,0,12.0,,,2016,MIS4_to_MIS8,2015-2016,False,False,False,True,False,True,True,1
102360814053750,8,1.0,4,4,2,401,4011,1,1,17,44100,0,,1.0,,2,1,56,,2,43,1,,1,1,1,5,2,57,57,57,1,0,0,1.0,1.0,,40.0,,40.0,,,,,,2.0,2.0,0.0,1,2.0,2.0,2.0,,830.0,1.0,,,,,13567.7788,3586.1615,0,0,1.0,,0,42,53498,1,,,,,,,3540.2973,9480.0,2010.0,-1,,,,,,,277018.0,2015,667,664,0,0,0,0,0,,6.0,51.0,2015,2.0,4,8,2,401,4011,1,17,44100,0,,1.0,,2,1,57,,2,43,1,,1,1,5,2,57,57,57,1,0,0,2.0,1.0,,40.0,,40.0,,,,,,2.0,2.0,0.0,1,2.0,,1.0,5000.0,2000.0,1.0,,,,,12005.1244,3063.959,0,0,1.0,1.0,0,0,22785,1,,,,,,,3015.8173,9480.0,2010.0,-1,,,,,,,274596.0,2016,679,664,0,0,0,0,0,,6.0,51.0,2016,MIS4_to_MIS8,2015-2016,True,False,False,False,False,False,False,1
102360814053750,8,1.0,4,4,2,401,4011,1,1,17,44100,0,,1.0,,2,4,26,,1,39,1,,2,1,3,7,2,57,57,57,1,0,0,2.0,1.0,,40.0,,40.0,,,,,,2.0,2.0,0.0,1,1.0,,1.0,3050.0,1287.5,2.0,1.0,2.0,,,16034.109,3984.0699,0,0,1.0,1.0,0,42,53498,2,2.0,6.0,,,,,4014.8185,9480.0,2010.0,-1,,,,,1.0,,277019.0,2015,667,664,0,0,0,0,0,10.0,6.0,51.0,2015,2.0,4,8,2,401,4011,1,17,44100,0,,1.0,,2,4,27,,1,39,1,,1,3,7,2,57,57,57,1,0,0,1.0,1.0,,40.0,,40.0,,,,,,2.0,2.0,0.0,1,2.0,,1.0,1325.0,530.0,1.0,,2.0,,,15208.0927,3915.0843,0,0,1.0,1.0,0,0,22785,2,2.0,6.0,,,,,3888.9092,9470.0,2016.0,-1,,,,,1.0,,274597.0,2016,679,664,0,0,0,0,0,10.0,6.0,51.0,2016,MIS4_to_MIS8,2015-2016,True,False,False,False,False,False,False,1
171981070064653,8,1.0,1,4,2,401,4011,1,1,17,0,0,,1.0,,0,1,58,2.0,2,39,1,,1,1,1,1,2,57,57,57,1,0,0,1.0,1.0,,40.0,,40.0,,,,,,2.0,2.0,0.0,1,2.0,,1.0,2700.0,1080.0,1.0,,,,,13023.9227,3442.4125,0,0,0.0,0.0,0,0,24165,1,1.0,,,,,,3398.3867,9470.0,5700.0,-1,,,,,,,277035.0,2015,667,664,0,0,0,0,0,12.0,17.0,51.0,2015,2.0,1,8,2,401,4011,1,17,0,0,,1.0,,0,1,59,2.0,2,40,1,,1,1,1,2,57,57,57,1,0,0,2.0,1.0,,40.0,,40.0,,,,,,2.0,2.0,0.0,1,2.0,2.0,2.0,,923.07,1.0,,,,,11936.1777,3046.3624,0,0,0.0,,0,0,46457,1,,,3.0,,,,2998.4972,9470.0,3600.0,-1,,,,,,,274609.0,2016,679,664,0,0,0,0,0,14.0,11.0,51.0,2016,MIS4_to_MIS8,2015-2016,True,False,False,False,False,False,False,1
179051070646647,9,3.0,1,4,2,401,4011,1,1,17,16980,0,1.0,1.0,1.0,7,4,20,,1,40,4,,4,1,3,7,2,57,207,207,1,0,0,2.0,7.0,,,,,,,,,,1.0,2.0,0.0,2,,,,,,,,1.0,1.0,2.0,11589.5418,2869.0561,0,0,,,0,0,59065,4,,,3.0,,,,3000.5271,7870.0,1965.0,-1,,,,,2.0,1.0,314280.0,2015,668,665,0,0,0,0,0,14.0,5.0,40.0,2015,3.0,1,8,2,401,4011,1,17,16980,0,1.0,1.0,1.0,7,4,21,,1,40,4,,1,3,7,2,57,207,207,1,0,0,2.0,1.0,,20.0,,20.0,,,20.0,,,7.0,4.0,0.0,1,2.0,,1.0,1100.0,220.0,2.0,2.0,1.0,1.0,2.0,13599.8592,3541.9731,0,0,1.0,1.0,0,42,37492,4,,,4.0,,,,3593.7193,8190.0,3646.0,-1,,,,,2.0,1.0,312503.0,2016,680,665,0,0,0,0,0,15.0,11.0,41.0,2016,MIS4_to_MIS8,2015-2016,False,True,False,False,False,True,True,1
192311070568393,9,1.0,3,4,2,401,4011,1,1,17,16980,0,1.0,1.0,1.0,7,1,48,,1,39,7,,1,1,1,7,2,57,57,57,1,0,0,1.0,1.0,,40.0,,40.0,,,,,,2.0,2.0,0.0,1,2.0,2.0,2.0,,310.0,2.0,2.0,2.0,,,14007.0453,3489.9851,4,1,1.0,,0,0,34623,1,1.0,,,,,,3438.5209,6290.0,6230.0,-1,,,,,,,314295.0,2015,668,665,0,0,0,1,0,12.0,19.0,23.0,2015,1.0,3,8,2,401,4011,1,17,16980,0,1.0,1.0,1.0,7,1,49,,1,42,7,,1,1,7,2,57,57,57,1,0,0,,1.0,,40.0,,40.0,,,,,,2.0,4.0,0.0,1,2.0,,1.0,1900.0,760.0,2.0,2.0,2.0,,,14850.68,3571.2785,4,1,1.0,1.0,21,41,68819,1,,,3.0,,,,3646.2956,2370.0,8000.0,-1,,,,,,,312530.0,2016,680,665,0,0,0,1,0,14.0,21.0,20.0,2016,MIS4_to_MIS8,2015-2016,False,True,False,False,False,True,True,1
610700911049037,9,1.0,4,4,2,401,4011,1,1,17,16980,0,1.0,1.0,1.0,7,4,37,,2,41,2,,4,1,3,7,2,57,57,57,1,0,0,2.0,1.0,,25.0,,63.0,,,,,,2.0,2.0,0.0,1,2.0,1.0,1.0,1200.0,269.23,1.0,,2.0,,,14721.1709,3488.8096,0,0,0.0,0.0,0,0,22081,4,,,2.0,,,,3486.5875,7860.0,4020.0,4020,,,,,1.0,,314368.0,2015,668,665,0,0,0,0,0,13.0,13.0,40.0,2015,1.0,4,8,2,401,4011,1,17,16980,0,1.0,1.0,1.0,7,4,39,,2,41,2,,1,3,7,2,57,57,57,1,0,0,2.0,1.0,,35.0,,35.0,,,,,,2.0,4.0,0.0,1,2.0,1.0,1.0,1500.0,288.46,2.0,2.0,2.0,,,13242.5804,3301.3005,0,0,0.0,0.0,0,0,61100,4,,,3.0,,,,3315.8825,7860.0,4020.0,-1,,,,,1.0,,312613.0,2016,680,665,0,0,0,0,0,14.0,13.0,40.0,2016,MIS4_to_MIS8,2015-2016,False,True,False,False,False,True,True,1
173370414073722,9,2.0,1,4,2,401,4011,1,1,17,16980,0,2.0,1.0,,7,3,26,1.0,2,43,1,,2,1,2,1,2,57,57,57,1,0,0,1.0,1.0,,40.0,,40.0,,,,,,2.0,3.0,0.0,1,2.0,2.0,2.0,,576.0,2.0,2.0,2.0,,,12208.0331,2938.4282,0,0,1.0,,0,42,51589,2,,,,,,,2931.3812,7860.0,725.0,-1,,,,,,,314687.0,2015,668,665,0,0,0,0,0,,2.0,40.0,2015,1.0,1,8,2,401,4011,1,17,16980,0,2.0,1.0,,7,3,28,1.0,2,43,1,,1,2,1,2,57,57,57,1,0,0,2.0,1.0,,45.0,,45.0,,,,,,2.0,5.0,0.0,1,2.0,2.0,2.0,,800.0,2.0,2.0,2.0,,,12519.8138,3133.7011,0,0,0.0,,0,0,24383,2,,,,,,,3157.955,7860.0,725.0,-1,,,,,,,312908.0,2016,680,665,0,0,0,0,0,,2.0,40.0,2016,MIS4_to_MIS8,2015-2016,False,True,False,False,False,True,True,1
179811070024925,9,1.0,4,4,2,401,4011,1,1,17,16980,0,2.0,1.0,,7,1,59,,2,44,1,,1,1,1,5,2,57,57,57,1,0,0,1.0,1.0,,30.0,,30.0,,,18.0,,,7.0,2.0,0.0,1,2.0,2.0,2.0,,1076.92,2.0,2.0,,,,11314.0077,2756.7776,8,2,0.0,,0,0,18811,1,,,,,,,2759.0477,7860.0,2320.0,-1,,,,,,,314698.0,2015,668,665,0,1,1,0,1,,8.0,40.0,2015,1.0,4,8,2,401,4011,1,17,16980,0,2.0,1.0,,7,1,60,,2,44,1,,1,1,7,2,57,57,57,1,0,0,1.0,1.0,,25.0,,25.0,,,21.0,,,7.0,3.0,0.0,1,2.0,2.0,2.0,,736.84,2.0,1.0,,,,10437.3636,2597.8061,3,2,0.0,,0,0,65023,1,,,,,,,2607.4173,7860.0,2320.0,-1,,,,,,,312917.0,2016,680,665,0,0,1,0,0,,8.0,40.0,2016,MIS4_to_MIS8,2015-2016,True,False,False,False,False,False,True,1
209101110710753,9,2.0,1,4,2,401,4011,1,1,17,37900,0,2.0,1.0,,3,1,66,2.0,2,43,1,,1,1,1,1,2,57,57,57,1,0,0,1.0,1.0,,-4.0,,7.0,,,21.0,,,7.0,3.0,0.0,1,2.0,2.0,2.0,,673.0,2.0,2.0,,,,10359.8149,2564.1261,0,0,1.0,,0,0,22296,1,,,,,,,2497.3977,7860.0,2310.0,-1,,,,,,,314717.0,2015,668,665,0,0,0,0,0,,8.0,40.0,2015,1.0,1,8,2,401,4011,1,17,37900,0,2.0,1.0,,3,1,67,2.0,2,43,1,,1,1,1,2,57,57,57,1,0,0,1.0,5.0,,,,,,,,,,1.0,,,2,,,,,,,,,,,9873.6125,2468.2575,0,0,,,0,0,54287,1,,,,,,,2470.6978,,,-1,,,,,,,312949.0,2016,680,665,0,0,0,0,0,,,,2016,MIS4_to_MIS8,2015-2016,False,False,False,True,True,True,True,1
210009601764427,9,1.0,6,4,2,401,4011,1,1,17,16980,0,2.0,1.0,,7,2,31,,1,39,1,1.0,1,0,0,7,2,57,303,303,1,0,0,1.0,1.0,,40.0,,65.0,,,,,,2.0,3.0,0.0,1,2.0,1.0,1.0,840.0,769.0,1.0,,2.0,,,14445.8215,3704.178,0,0,1.0,1.0,0,0,44360,1,1.0,,,,,,3659.9015,770.0,4250.0,5620,,,,,,,314732.0,2015,668,665,0,0,0,0,0,12.0,14.0,4.0,2015,1.0,6,8,2,401,4011,1,17,16980,0,2.0,1.0,,7,2,32,,1,39,1,1.0,0,0,7,2,57,303,303,1,0,0,1.0,1.0,,40.0,,65.0,,,,,,2.0,3.0,0.0,1,2.0,2.0,2.0,,1000.0,1.0,,2.0,,,14112.6731,3574.1214,0,0,0.0,,0,0,54202,1,1.0,,,,,,3544.9269,770.0,4250.0,4250,,,,,,,312955.0,2016,680,665,0,0,0,0,0,12.0,14.0,4.0,2016,MIS4_to_MIS8,2015-2016,True,False,False,False,False,False,False,1
297452701890101,9,2.0,4,4,2,401,4011,1,1,17,16980,0,2.0,1.0,,7,1,19,,2,41,3,1.0,1,1,1,7,2,57,303,303,1,0,0,2.0,1.0,,20.0,,20.0,,,20.0,,,7.0,3.0,0.0,1,2.0,,1.0,1150.0,230.0,2.0,2.0,1.0,1.0,2.0,17330.5395,4236.9038,0,0,0.0,0.0,0,0,44354,1,,,3.0,,,,3942.325,8270.0,3600.0,-1,,,,,3.0,1.0,314760.0,2015,668,665,0,0,0,0,0,14.0,11.0,42.0,2015,2.0,4,8,2,401,4011,1,17,16980,0,2.0,1.0,,7,1,20,,2,41,3,1.0,1,1,7,2,57,303,303,1,0,0,2.0,1.0,,20.0,,20.0,,,20.0,,,7.0,4.0,0.0,1,2.0,,1.0,900.0,180.0,2.0,2.0,1.0,1.0,1.0,20534.3028,5100.0606,0,0,1.0,1.0,0,0,47233,1,,,3.0,,,,5105.0385,8270.0,3600.0,-1,,,,,3.0,1.0,312976.0,2016,680,665,0,0,0,0,0,14.0,11.0,42.0,2016,MIS4_to_MIS8,2015-2016,False,True,False,False,False,True,True,1
437880701856108,9,1.0,1,4,2,401,4011,1,1,17,16980,0,2.0,1.0,,7,1,36,2.0,2,44,1,,1,1,1,1,2,57,57,57,1,0,0,1.0,1.0,,50.0,,42.0,,,,,,2.0,3.0,0.0,1,2.0,2.0,2.0,,961.0,1.0,,2.0,,,10893.7002,2642.4209,4,1,1.0,,0,42,22031,1,,,,,,,2675.9602,7860.0,2310.0,-1,,,,,,,314809.0,2015,668,665,0,0,0,1,0,,8.0,40.0,2015,1.0,1,8,2,401,4011,1,17,16980,0,2.0,1.0,,7,1,36,2.0,2,44,1,,1,1,1,2,57,57,57,1,0,0,1.0,1.0,,40.0,,40.0,,,,,,2.0,4.0,0.0,1,2.0,2.0,2.0,,2884.61,2.0,2.0,2.0,,,12448.2632,2970.2422,0,0,1.0,,0,42,54131,1,,,,,,,2966.9599,7860.0,2310.0,-1,,,,,,,313020.0,2016,680,665,0,0,0,0,0,,8.0,40.0,2016,MIS4_to_MIS8,2015-2016,False,True,False,False,False,True,True,1
637837901326101,9,2.0,1,4,2,401,4011,1,1,17,16980,0,2.0,1.0,,7,3,58,1.0,2,43,1,,2,1,2,1,2,360,57,57,3,0,2,1.0,1.0,,35.0,6.0,28.0,,,6.0,,,4.0,3.0,0.0,1,2.0,2.0,2.0,,1753.0,1.0,,,,,11314.0077,2756.7776,0,0,1.0,,0,0,59071,2,,,,,,,2759.0477,7860.0,2540.0,-1,,,,,,,314876.0,2015,668,665,0,0,0,0,0,,8.0,40.0,2015,2.0,1,8,2,401,4011,1,17,16980,0,2.0,1.0,,7,1,59,1.0,2,43,1,,1,1,1,2,360,57,57,3,0,2,1.0,1.0,,35.0,,35.0,,,,,,2.0,3.0,0.0,1,1.0,,1.0,1650.0,594.0,2.0,2.0,,,,10997.9258,2689.9815,0,0,0.0,0.0,0,0,21017,2,,,,,,,2672.6904,7860.0,2330.0,-1,,,,,,,313077.0,2016,680,665,0,0,0,0,0,,8.0,40.0,2016,MIS4_to_MIS8,2015-2016,True,False,False,False,False,False,False,1
701675006910055,9,1.0,1,4,2,401,4011,1,1,17,16980,97,2.0,1.0,,7,1,42,2.0,2,44,6,,1,1,1,1,2,57,57,57,1,0,0,1.0,1.0,,55.0,,47.0,,,,,,2.0,3.0,0.0,1,2.0,2.0,2.0,,2096.15,2.0,2.0,2.0,,,12175.4306,3008.8186,0,0,0.0,,0,0,34731,1,,,,,,,2990.8082,7860.0,230.0,-1,,,,,,,314894.0,2015,668,665,0,0,0,0,0,,1.0,40.0,2015,1.0,1,8,2,401,4011,1,17,16980,97,2.0,1.0,,7,1,43,2.0,2,44,6,,1,1,1,2,57,57,57,1,0,0,1.0,1.0,,50.0,,50.0,,,,,,2.0,3.0,0.0,1,2.0,2.0,2.0,,2307.69,2.0,2.0,2.0,,,11612.42,2767.6486,0,0,0.0,,0,0,5513,1,,,,,,,2767.7423,7860.0,230.0,-1,,,,,,,313096.0,2016,680,665,0,0,0,0,0,,1.0,40.0,2016,MIS4_to_MIS8,2015-2016,True,False,False,False,False,False,False,1
743640579721001,9,1.0,1,4,2,401,4011,1,1,17,16980,111,2.0,1.0,,7,3,50,1.0,2,43,1,,2,1,2,1,2,57,57,57,1,0,0,1.0,1.0,,20.0,,16.0,,,18.0,,,7.0,3.0,0.0,1,2.0,,1.0,1500.0,300.0,2.0,2.0,2.0,,,11147.8529,2786.1159,4,2,1.0,1.0,0,42,44400,2,,,,,,,2751.7532,6770.0,2430.0,-1,,,,,,,314943.0,2015,668,665,0,0,0,1,0,,8.0,31.0,2015,1.0,1,8,2,401,4011,1,17,16980,111,2.0,1.0,,7,3,51,1.0,2,43,1,,1,2,1,2,57,57,57,1,0,0,2.0,1.0,,20.0,,20.0,,,18.0,,,7.0,5.0,0.0,1,2.0,1.0,1.0,2550.0,600.0,2.0,2.0,2.0,,,11754.7002,2942.1885,4,2,1.0,1.0,0,0,57477,2,,,,,,,2947.3898,6770.0,2430.0,-1,,,,,,,313126.0,2016,680,665,0,0,0,1,0,,8.0,31.0,2016,MIS4_to_MIS8,2015-2016,False,True,False,False,False,True,True,1
772950799711001,9,2.0,1,4,2,401,4011,1,1,17,40420,0,2.0,1.0,,3,3,63,1.0,2,45,1,,2,1,2,1,2,57,105,57,1,0,0,1.0,1.0,,45.0,,45.0,,,,,,2.0,3.0,0.0,1,2.0,2.0,2.0,,1730.76,2.0,2.0,,,,9012.6418,2339.36,0,0,0.0,,0,0,8810,2,,,,,,,2302.8961,9470.0,2100.0,-1,,,,,,,314970.0,2015,668,665,0,0,0,0,0,18.0,7.0,51.0,2015,2.0,1,8,2,401,4011,1,17,40420,0,2.0,1.0,,3,3,64,1.0,2,45,1,,1,2,1,2,57,105,57,1,0,0,1.0,1.0,,40.0,,50.0,,,,,,2.0,3.0,0.0,1,2.0,2.0,2.0,,807.0,2.0,2.0,,,,10195.3013,2537.5581,0,0,1.0,,0,42,68913,2,,,,,,,2546.9463,9470.0,2100.0,-1,,,,,,,313159.0,2016,680,665,0,0,0,0,0,18.0,7.0,51.0,2016,MIS4_to_MIS8,2015-2016,True,False,False,False,False,False,False,1
785840216051001,9,1.0,1,4,2,401,4011,1,1,17,16980,0,2.0,1.0,,7,1,48,2.0,1,42,1,,1,1,1,1,2,57,57,57,1,0,0,1.0,1.0,,40.0,6.0,33.0,,,6.0,,,4.0,3.0,0.0,1,1.0,,1.0,2600.0,1196.0,1.0,,2.0,,,12084.4423,2966.8331,4,1,0.0,0.0,0,0,50479,1,,,3.0,,,,2966.5505,9470.0,3850.0,-1,,,,,,,314971.0,2015,668,665,0,0,0,1,0,14.0,12.0,51.0,2015,1.0,1,8,2,401,4011,1,17,16980,0,2.0,1.0,,7,1,49,2.0,1,42,1,,1,1,1,2,57,57,57,1,0,0,1.0,1.0,,40.0,,40.0,,,,,,2.0,3.0,0.0,1,2.0,,1.0,3900.0,1560.0,1.0,,2.0,,,14776.0743,3632.6107,4,1,0.0,0.0,0,0,47247,1,,,5.0,,,,3627.9776,9470.0,3850.0,-1,,,,,,,313162.0,2016,680,665,0,0,0,1,0,16.0,12.0,51.0,2016,MIS4_to_MIS8,2015-2016,True,False,False,False,False,False,False,1
905101237710506,9,4.0,1,4,2,401,4011,1,1,17,16980,0,2.0,1.0,,7,1,52,1.0,1,39,1,,2,1,1,1,2,100,100,100,4,0,15,2.0,1.0,,40.0,,50.0,,,,,,2.0,3.0,0.0,1,1.0,,1.0,1500.0,830.0,1.0,,2.0,,,12220.5287,3028.9639,0,0,0.0,0.0,0,0,54975,2,1.0,,,,,,2999.9577,7860.0,4220.0,-1,,,,,,,315025.0,2015,668,665,0,0,0,0,0,12.0,14.0,40.0,2015,1.0,1,8,2,401,4011,1,17,16980,0,2.0,1.0,,7,1,53,1.0,1,39,1,,1,1,1,2,100,100,100,4,0,15,2.0,1.0,,40.0,5.0,32.0,,,5.0,,,4.0,4.0,0.0,1,2.0,,1.0,1500.0,600.0,1.0,,2.0,,,13085.8684,3220.0699,0,0,0.0,0.0,0,0,9546,2,1.0,,,,,,3212.9804,7860.0,4220.0,-1,,,,,,,313213.0,2016,680,665,0,0,0,0,0,12.0,14.0,40.0,2016,MIS4_to_MIS8,2015-2016,False,True,False,False,False,True,True,1
987489701680107,9,1.0,6,4,2,401,4011,1,1,17,16980,0,2.0,1.0,,7,2,78,,1,45,1,,1,0,0,4,2,57,57,57,1,0,0,1.0,1.0,,20.0,,20.0,,,21.0,,,7.0,3.0,0.0,1,1.0,,1.0,1700.0,380.25,2.0,2.0,,,,9272.4519,2392.4855,0,0,0.0,0.0,0,0,22136,1,,,,,,,2370.4132,6770.0,1050.0,-1,,,,,,,315038.0,2015,668,665,0,0,0,0,0,18.0,3.0,31.0,2015,1.0,6,8,2,401,4011,1,17,16980,0,2.0,1.0,,7,2,79,,1,45,1,,0,0,4,2,57,57,57,1,0,0,1.0,1.0,,15.0,,13.0,,,21.0,,,7.0,5.0,0.0,1,2.0,,1.0,1800.0,270.0,2.0,2.0,,,,10108.0782,2724.7782,0,0,0.0,0.0,0,0,54210,1,,,,,,,2709.0109,6770.0,1107.0,-1,,,,,,,313229.0,2016,680,665,0,0,0,0,0,18.0,3.0,31.0,2016,MIS4_to_MIS8,2015-2016,False,True,False,False,False,True,True,1
122241070089041,9,1.0,1,4,2,401,4011,1,1,17,0,0,3.0,2.0,,0,1,28,2.0,1,42,1,,1,1,1,1,2,57,57,57,1,0,0,1.0,1.0,,40.0,,52.0,,,,,,2.0,3.0,0.0,1,1.0,2.0,2.0,,1057.69,1.0,,2.0,,,14458.1072,3644.5762,1,1,0.0,,0,0,51515,1,,,3.0,,,,3663.0141,9470.0,3850.0,-1,,,,,,,315070.0,2015,668,665,1,0,0,0,1,14.0,12.0,51.0,2015,2.0,1,8,2,401,4011,1,17,0,0,3.0,2.0,,0,1,29,2.0,1,42,1,,1,1,1,2,57,57,57,1,0,0,2.0,1.0,,40.0,,40.0,,,,,,2.0,3.0,0.0,1,1.0,1.0,1.0,1610.0,2884.61,1.0,,2.0,,,13487.6621,3373.8364,1,1,0.0,1.0,0,0,9422,1,,,2.0,,,,3387.932,9470.0,3850.0,-1,,,,,,,313276.0,2016,680,665,1,0,0,0,1,13.0,12.0,51.0,2016,MIS4_to_MIS8,2015-2016,True,False,False,False,False,False,False,1
271703140301306,9,4.0,1,4,2,401,4011,1,1,17,14010,0,,1.0,,2,3,47,1.0,2,40,1,,2,1,2,1,2,57,57,57,1,0,0,2.0,1.0,,40.0,6.0,32.0,,,6.0,,,4.0,2.0,0.0,1,1.0,,1.0,1155.0,513.99,1.0,,2.0,,,12529.6,3122.4246,4,2,1.0,1.0,0,0,34741,2,,,2.0,,,,3092.8257,7860.0,5700.0,-1,,,,,,,315220.0,2015,668,665,0,0,0,1,0,13.0,17.0,40.0,2015,1.0,1,8,2,401,4011,1,17,14010,0,,1.0,,2,3,48,1.0,2,40,1,,1,2,1,2,57,57,57,1,0,0,2.0,1.0,,40.0,,50.0,,,,,,2.0,3.0,0.0,1,2.0,,1.0,1200.0,480.0,1.0,,2.0,,,11787.8656,2973.4511,4,1,0.0,0.0,0,0,54252,2,,,2.0,,,,2955.7057,7860.0,5700.0,-1,,,,,,,313401.0,2016,680,665,0,0,0,1,0,13.0,17.0,40.0,2016,MIS4_to_MIS8,2015-2016,True,False,False,False,False,False,True,1
310009831629147,9,2.0,1,4,2,401,4011,1,1,17,44100,0,,1.0,,2,1,48,2.0,1,40,1,,1,1,1,1,2,57,57,57,1,0,0,1.0,1.0,,51.0,,48.0,,,,,,2.0,3.0,0.0,1,2.0,1.0,1.0,2814.0,1546.15,1.0,,2.0,,,12707.5871,3119.8204,0,0,0.0,1.0,0,0,58044,1,,,3.0,,,,3119.5233,9470.0,3740.0,-1,,,,,,,315223.0,2015,668,665,0,0,0,0,0,14.0,12.0,51.0,2015,1.0,1,8,2,401,4011,1,17,44100,0,,1.0,,2,1,49,2.0,1,40,1,,1,1,1,2,57,57,57,1,0,0,1.0,1.0,,40.0,,40.0,,,,,,2.0,2.0,0.0,1,2.0,,1.0,3900.0,1560.0,1.0,,2.0,,,14900.3733,3663.1689,0,0,1.0,1.0,0,0,24612,1,,,3.0,,,,3658.4968,9470.0,3740.0,-1,,,,,,,313405.0,2016,680,665,0,0,0,0,0,14.0,12.0,51.0,2016,MIS4_to_MIS8,2015-2016,True,False,False,False,False,False,True,1
310009831629147,9,2.0,1,4,2,401,4011,1,1,17,44100,0,,1.0,,2,3,46,1.0,2,40,1,,2,1,2,1,2,57,57,57,1,0,0,2.0,1.0,,40.0,6.0,32.0,,,6.0,,,4.0,2.0,0.0,1,2.0,1.0,1.0,975.0,2884.61,1.0,,2.0,,,12529.6,3122.4246,0,0,1.0,1.0,0,0,58044,2,,,2.0,,,,3092.8257,9570.0,5810.0,-1,,,,,,,315224.0,2015,668,665,0,0,0,0,0,13.0,17.0,51.0,2015,1.0,1,8,2,401,4011,1,17,44100,0,,1.0,,2,3,47,1.0,2,40,1,,1,2,1,2,57,57,57,1,0,0,2.0,1.0,,40.0,,40.0,,,,,,2.0,2.0,0.0,1,2.0,,1.0,1200.0,480.0,1.0,,2.0,,,11787.8656,2973.4511,0,0,1.0,1.0,0,0,24612,2,,,4.0,,,,2955.7057,9570.0,5810.0,-1,,,,,,,313406.0,2016,680,665,0,0,0,0,0,15.0,17.0,51.0,2016,MIS4_to_MIS8,2015-2016,True,False,False,False,False,False,False,1
743260933791001,9,1.0,6,4,2,401,4011,1,1,17,44100,0,,1.0,,2,14,21,,2,40,1,,2,0,0,7,2,57,57,57,1,0,0,1.0,1.0,,40.0,,40.0,,,,,,2.0,2.0,0.0,1,2.0,,1.0,950.0,380.0,2.0,2.0,2.0,,,12139.5055,3106.7649,0,0,1.0,1.0,0,42,34776,2,,,3.0,,,,3115.68,9370.0,5400.0,-1,,,,,,,315269.0,2015,668,665,0,0,0,0,0,14.0,17.0,51.0,2015,1.0,6,8,2,401,4011,1,17,44100,0,,1.0,,2,14,22,,2,40,1,,0,0,7,2,57,57,57,1,0,0,2.0,1.0,,40.0,,40.0,,,,,,2.0,2.0,0.0,1,2.0,,1.0,1923.0,769.2,1.0,,2.0,,,13651.2904,3383.7541,0,0,1.0,1.0,0,0,24623,2,,,3.0,,,,3393.851,9370.0,5820.0,-1,,,,,,,313461.0,2016,680,665,0,0,0,0,0,14.0,17.0,51.0,2016,MIS4_to_MIS8,2015-2016,True,False,False,False,False,False,False,1
754650119781001,9,2.0,6,4,2,401,4011,1,1,17,16580,0,,1.0,,2,2,30,,1,39,1,,1,0,0,7,2,57,57,57,1,0,0,1.0,2.0,5.0,40.0,,,,,,,,5.0,2.0,0.0,1,2.0,,1.0,1857.0,742.8,1.0,,2.0,,,13018.4818,3290.5102,0,0,0.0,0.0,0,0,5043,1,1.0,,,,,,3298.2798,7870.0,5360.0,-1,1.0,,,,,,315277.0,2015,668,665,0,0,0,0,0,12.0,17.0,40.0,2015,1.0,1,8,2,401,4011,1,17,16580,0,,1.0,,2,1,31,2.0,1,39,1,,1,1,1,2,57,57,57,1,0,0,1.0,2.0,5.0,40.0,,,,,,,,5.0,2.0,0.0,1,2.0,2.0,2.0,,961.53,1.0,,2.0,,,13084.563,3281.6902,0,0,0.0,,0,0,24295,1,1.0,,,,,,3286.6785,7870.0,4220.0,-1,1.0,,,,,,313462.0,2016,680,665,0,0,0,0,0,12.0,14.0,40.0,2016,MIS4_to_MIS8,2015-2016,True,False,False,False,False,False,False,1
793870424031001,9,1.0,7,4,2,401,4011,1,1,17,14010,0,,1.0,,2,2,54,,2,44,1,,1,0,0,7,2,57,57,57,1,0,0,1.0,1.0,,40.0,6.0,32.0,,,6.0,,,4.0,3.0,0.0,1,2.0,2.0,2.0,,1346.15,1.0,,2.0,,,11192.3295,2797.2317,0,0,0.0,,0,0,5088,1,,,,,,,2762.7318,7860.0,2310.0,-1,,,,,,,315282.0,2015,668,665,0,0,0,0,0,,8.0,40.0,2015,1.0,7,8,2,401,4011,1,17,14010,0,,1.0,,2,2,55,,2,44,1,,0,0,7,2,57,57,57,1,0,0,1.0,1.0,,40.0,,40.0,,,,,,2.0,3.0,0.0,1,2.0,2.0,2.0,,1346.15,1.0,,,,,11258.4596,2753.7054,0,0,0.0,,0,0,5525,1,,,,,,,2736.0047,7860.0,2310.0,-1,,,,,,,313468.0,2016,680,665,0,0,0,0,0,,8.0,40.0,2016,MIS4_to_MIS8,2015-2016,True,False,False,False,False,False,False,1
810006631256107,9,1.0,1,4,2,401,4011,1,1,17,0,0,,1.0,,0,3,42,1.0,2,43,1,,2,1,2,1,2,57,57,57,1,0,0,2.0,1.0,,50.0,,58.0,,,,,,2.0,2.0,0.0,1,2.0,2.0,2.0,,1019.23,2.0,2.0,2.0,,,11314.5631,2806.6967,10,2,0.0,,0,0,61630,2,,,,,,,2779.3422,7870.0,2000.0,-1,,,,,,,315284.0,2015,668,665,0,0,1,1,0,,6.0,40.0,2015,1.0,1,8,2,401,4011,1,17,0,0,,1.0,,0,3,43,1.0,2,43,1,,1,2,1,2,57,57,57,1,0,0,2.0,1.0,,40.0,,40.0,,,,,,2.0,2.0,0.0,1,2.0,2.0,2.0,,1000.0,2.0,2.0,2.0,,,11589.3671,2770.052,10,2,0.0,,0,0,57496,2,,,,,,,2762.2478,7870.0,2000.0,-1,,,,,,,313473.0,2016,680,665,0,0,1,1,0,,6.0,40.0,2016,MIS4_to_MIS8,2015-2016,True,False,False,False,False,False,False,1
10500861777487,10,3.0,1,4,2,401,4011,1,1,17,16980,0,1.0,1.0,,7,4,27,,2,43,1,1.0,3,1,3,7,2,303,303,303,5,0,17,1.0,1.0,,33.0,,27.0,,,15.0,,,6.0,3.0,0.0,1,2.0,,1.0,2900.0,957.0,2.0,2.0,1.0,2.0,2.0,10591.0907,2737.8055,0,0,1.0,1.0,0,0,44062,3,,,,,,,2660.1123,7860.0,2540.0,-1,,,,,2.0,1.0,351474.0,2015,669,666,0,0,0,0,0,,8.0,40.0,2015,2.0,1,8,2,401,4011,1,17,16980,0,1.0,1.0,,7,4,28,,2,43,1,1.0,1,3,7,2,303,303,303,5,0,17,2.0,1.0,,40.0,6.0,32.0,,,6.0,,,4.0,3.0,0.0,1,2.0,1.0,1.0,1950.0,615.0,2.0,2.0,2.0,,,11505.5541,2922.7253,0,0,1.0,1.0,0,0,46820,3,,,,,,,2900.0025,7860.0,2540.0,-1,,,,,2.0,1.0,350482.0,2016,681,666,0,0,0,0,0,,8.0,40.0,2016,MIS4_to_MIS8,2015-2016,True,False,False,False,False,False,False,1
71152180701604,10,1.0,4,4,2,401,4011,1,1,17,16980,0,1.0,1.0,4.0,7,4,32,4.0,2,40,1,,2,2,2,1,2,57,57,57,1,0,0,2.0,1.0,,20.0,,16.0,,,18.0,,,7.0,3.0,0.0,1,2.0,,1.0,1450.0,290.0,2.0,2.0,2.0,,,11849.7153,3006.7668,0,0,0.0,0.0,0,0,54822,2,,,4.0,,,,2976.2348,7860.0,1050.0,-1,,,,,1.0,,351511.0,2015,669,666,0,0,0,0,0,15.0,3.0,40.0,2015,1.0,4,8,2,401,4011,1,17,16980,0,1.0,1.0,4.0,7,4,33,4.0,2,40,1,,2,2,1,2,57,57,57,1,0,0,2.0,1.0,,20.0,,20.0,,,18.0,,,7.0,4.0,0.0,1,2.0,,1.0,1600.0,320.0,2.0,2.0,2.0,,,12534.0559,3167.501,0,0,0.0,0.0,0,0,24025,2,,,2.0,,,,3159.2389,7860.0,7010.0,-1,,,,,1.0,,350534.0,2016,681,666,0,0,0,0,0,13.0,20.0,40.0,2016,MIS4_to_MIS8,2015-2016,False,True,False,False,False,True,True,1
317761301397103,10,1.0,1,4,2,401,4011,1,1,17,16980,0,1.0,1.0,1.0,7,1,52,2.0,1,42,4,,1,1,1,1,2,233,233,233,4,0,9,1.0,1.0,,40.0,,40.0,,,,,,2.0,1.0,0.0,1,2.0,2.0,2.0,,865.0,2.0,2.0,2.0,,,11423.4866,2913.4948,0,0,1.0,,0,0,20964,1,,,3.0,,,,2865.1504,6870.0,5110.0,-1,,,,,,,351610.0,2015,669,666,0,0,0,0,0,14.0,17.0,32.0,2015,1.0,1,8,2,401,4011,1,17,16980,0,1.0,1.0,1.0,7,1,54,2.0,1,41,4,,1,1,1,2,233,233,233,4,0,9,1.0,1.0,,40.0,,42.0,,,,,,2.0,1.0,0.0,1,2.0,,1.0,2500.0,1000.0,2.0,2.0,2.0,,,15748.7771,3933.7247,0,0,0.0,0.0,0,0,70896,1,,,5.0,,,,3955.1089,6870.0,5160.0,-1,,,,,,,350627.0,2016,681,666,0,0,0,0,0,16.0,17.0,32.0,2016,MIS4_to_MIS8,2015-2016,True,False,False,False,False,False,False,1
10710060812376,10,1.0,6,4,2,401,4011,1,1,17,41180,0,2.0,1.0,,6,14,61,,2,43,1,,2,0,0,5,2,57,57,57,1,0,0,2.0,1.0,,36.0,,36.0,,,,,,2.0,2.0,0.0,1,2.0,1.0,1.0,1500.0,400.0,1.0,,,,,12267.1958,3170.8778,0,0,0.0,1.0,0,0,17432,2,,,,,,,3128.1099,7870.0,3600.0,-1,,,,,,,351757.0,2015,669,666,0,0,0,0,0,,11.0,40.0,2015,1.0,6,8,2,401,4011,1,17,41180,0,2.0,1.0,,6,14,61,,2,43,1,,0,0,5,2,57,57,57,1,0,0,2.0,1.0,,36.0,,36.0,,,,,,2.0,2.0,0.0,1,2.0,,1.0,1300.0,468.0,1.0,,,,,12178.8842,2982.296,0,0,1.0,1.0,0,42,5430,2,,,,,,,2929.0943,7970.0,3500.0,-1,,,,,,,350767.0,2016,681,666,0,0,0,0,0,,10.0,42.0,2016,MIS4_to_MIS8,2015-2016,True,False,False,False,False,False,False,1
10710684815690,10,1.0,1,4,2,401,4011,1,1,17,16980,97,2.0,1.0,,7,1,51,2.0,2,39,1,1.0,1,1,1,1,2,57,57,57,1,0,0,1.0,1.0,,35.0,,35.0,,,,,,2.0,2.0,0.0,1,2.0,,1.0,1576.0,551.6,1.0,,2.0,,,12164.7166,3027.3809,0,0,0.0,0.0,0,0,21098,1,1.0,,,,,,3049.5288,7680.0,2540.0,-1,,,,,,,351779.0,2015,669,666,0,0,0,0,0,12.0,8.0,38.0,2015,1.0,1,8,2,401,4011,1,17,16980,97,2.0,1.0,,7,1,52,2.0,2,39,1,1.0,1,1,1,2,57,57,57,1,0,0,1.0,1.0,,35.0,6.0,28.0,,,6.0,,,4.0,3.0,0.0,1,2.0,,1.0,1500.0,525.0,1.0,,2.0,,,12596.9269,3331.783,0,0,0.0,0.0,0,0,37131,1,1.0,,,,,,3273.0725,7860.0,2540.0,-1,,,,,,,350796.0,2016,681,666,0,0,0,0,0,12.0,8.0,40.0,2016,MIS4_to_MIS8,2015-2016,True,False,False,False,False,False,True,1
100010612036787,10,1.0,1,4,2,401,4011,1,1,17,41180,0,2.0,1.0,,6,3,42,1.0,2,39,1,,2,1,2,1,2,57,57,57,1,0,0,2.0,1.0,,35.0,6.0,28.0,,,6.0,,,4.0,2.0,0.0,1,2.0,1.0,1.0,1800.0,200.0,2.0,2.0,2.0,,,12269.9856,3031.5491,4,1,0.0,1.0,0,0,17434,2,1.0,,,,,,3007.2013,7860.0,4020.0,-1,,,,,,,351856.0,2015,669,666,0,0,0,1,0,12.0,13.0,40.0,2015,1.0,1,8,2,401,4011,1,17,41180,0,2.0,1.0,,6,3,43,1.0,2,39,1,,1,2,1,2,57,57,57,1,0,0,2.0,1.0,,35.0,,35.0,,,,,,2.0,4.0,0.0,1,2.0,,1.0,850.0,297.5,2.0,2.0,2.0,,,11699.2803,2979.6694,0,0,0.0,0.0,0,0,20654,2,1.0,,,,,,2935.3315,8680.0,4110.0,-1,,,,,,,350870.0,2016,681,666,0,0,0,0,0,12.0,13.0,46.0,2016,MIS4_to_MIS8,2015-2016,False,True,False,False,False,True,True,1
118151070024874,10,2.0,1,4,2,401,4011,1,1,17,16980,0,2.0,1.0,,7,1,57,2.0,1,40,1,,1,1,1,1,2,57,57,108,1,0,0,2.0,1.0,,48.0,,42.0,,,,,,2.0,3.0,0.0,1,1.0,1.0,1.0,1250.0,480.0,1.0,,,,,12249.0132,3184.3435,0,0,1.0,1.0,0,0,21025,1,,,5.0,,,,3183.9991,9470.0,3720.0,800,3.0,,,,,,351937.0,2015,669,666,0,0,0,0,0,16.0,12.0,51.0,2015,2.0,1,8,2,401,4011,1,17,16980,0,2.0,1.0,,7,1,58,2.0,1,40,1,,1,1,1,2,57,57,108,1,0,0,3.0,1.0,,53.0,,83.0,,,,,,2.0,3.0,0.0,1,1.0,2.0,2.0,,2307.69,1.0,,,,,12637.22,3345.1851,0,0,0.0,,0,0,9315,1,,,5.0,,,,3299.4723,9470.0,3720.0,800,3.0,,,,,,350954.0,2016,681,666,0,0,0,0,0,16.0,12.0,51.0,2016,MIS4_to_MIS8,2015-2016,True,False,False,False,False,False,False,1
347636501590100,10,1.0,1,4,2,401,4011,1,1,17,16980,0,2.0,1.0,,7,1,52,2.0,2,43,1,,1,1,1,1,2,57,57,57,1,0,0,1.0,1.0,,25.0,,25.0,,,18.0,,,7.0,3.0,0.0,1,2.0,1.0,1.0,2125.0,500.0,2.0,2.0,2.0,,,12706.2297,3237.3013,0,0,0.0,0.0,0,0,44130,1,,,,,,,3185.2787,9370.0,5700.0,-1,,,,,,,352059.0,2015,669,666,0,0,0,0,0,,17.0,51.0,2015,1.0,1,8,2,401,4011,1,17,16980,0,2.0,1.0,,7,1,54,2.0,2,43,1,,1,1,1,2,57,57,57,1,0,0,1.0,1.0,,25.0,,20.0,,,23.0,,,7.0,3.0,0.0,1,2.0,,1.0,2280.0,570.0,2.0,2.0,2.0,,,10614.5117,2791.0945,0,0,0.0,0.0,0,0,9352,1,,,,,,,2757.9795,9370.0,740.0,-1,,,,,,,351074.0,2016,681,666,0,0,0,0,0,,2.0,51.0,2016,MIS4_to_MIS8,2015-2016,True,False,False,False,False,False,False,1
347636501590100,10,1.0,1,4,2,401,4011,1,1,17,16980,0,2.0,1.0,,7,3,55,1.0,1,40,1,,2,1,2,1,2,57,57,57,1,0,0,2.0,5.0,,,,,,,,,,1.0,3.0,0.0,2,,,,,,,,,,,13072.0874,3184.3435,0,0,,,0,0,44130,2,,,2.0,,,,3165.2287,680.0,50.0,-1,3.0,,,,,,352060.0,2015,669,666,0,0,0,0,0,13.0,1.0,24.0,2015,1.0,1,8,2,401,4011,1,17,16980,0,2.0,1.0,,7,3,56,1.0,1,40,1,,1,2,1,2,57,57,57,1,0,0,2.0,5.0,,,,,,,,,,1.0,,,2,,,,,,,,,,,13745.6551,3345.1851,0,0,,,0,0,9352,2,,,2.0,,,,3511.7146,,,-1,3.0,,,,,,351075.0,2016,681,666,0,0,0,0,0,13.0,,,2016,MIS4_to_MIS8,2015-2016,False,False,False,True,True,True,True,1
347636501590100,10,1.0,1,4,2,401,4011,1,1,17,16980,0,2.0,1.0,,7,4,23,,2,43,1,,3,1,3,7,2,57,57,57,1,0,0,2.0,1.0,,20.0,,20.0,,,20.0,,,7.0,2.0,0.0,1,2.0,2.0,2.0,,230.76,2.0,2.0,1.0,1.0,2.0,14238.6616,3581.4642,0,0,0.0,,0,0,44130,3,,,,,,,3584.9167,7870.0,4540.0,-1,,,,,1.0,1.0,352062.0,2015,669,666,0,0,0,0,0,,15.0,40.0,2015,1.0,1,8,2,401,4011,1,17,16980,0,2.0,1.0,,7,4,24,,2,44,1,,1,3,7,2,57,57,57,1,0,0,2.0,1.0,,15.0,,15.0,,,14.0,,,6.0,4.0,0.0,1,2.0,2.0,2.0,,153.0,2.0,2.0,2.0,,,14466.659,3758.8552,0,0,1.0,,0,0,9352,3,,,,,,,3731.6682,8370.0,3245.0,-1,,,,,1.0,1.0,351077.0,2016,681,666,0,0,0,0,0,,10.0,43.0,2016,MIS4_to_MIS8,2015-2016,False,True,False,False,False,True,True,1
403167431710772,10,1.0,6,4,2,401,4011,1,1,17,16980,0,2.0,1.0,,7,2,25,,1,43,1,,1,0,0,7,2,57,57,57,1,0,0,1.0,1.0,,40.0,,40.0,,,,,,2.0,2.0,0.0,1,2.0,2.0,2.0,,903.84,1.0,,2.0,,,12215.8842,3114.9142,0,0,0.0,,0,0,20907,1,,,,,,,3141.6934,7860.0,2310.0,-1,,,,,,,352078.0,2015,669,666,0,0,0,0,0,,8.0,40.0,2015,1.0,6,8,2,401,4011,1,17,16980,0,2.0,1.0,,7,2,26,,1,43,1,,0,0,7,2,57,57,57,1,0,0,1.0,1.0,,40.0,,40.0,,,,,,2.0,2.0,0.0,1,2.0,2.0,2.0,,865.38,1.0,,2.0,,,13031.1048,3261.1171,0,0,0.0,,0,0,9207,1,,,,,,,3260.4343,7860.0,2310.0,-1,,,,,,,351104.0,2016,681,666,0,0,0,0,0,,8.0,40.0,2016,MIS4_to_MIS8,2015-2016,True,False,False,False,False,False,False,1
641375006910535,10,1.0,1,4,2,401,4011,1,1,17,16980,97,2.0,1.0,,7,1,29,2.0,2,44,1,,1,1,1,1,2,57,57,57,1,0,0,1.0,1.0,,45.0,,45.0,,,,,,2.0,3.0,0.0,1,2.0,2.0,2.0,,1057.69,1.0,,2.0,,,13122.8697,3314.9024,0,0,0.0,,0,0,21086,1,,,,,,,3296.0068,7860.0,2310.0,-1,,,,,,,352145.0,2015,669,666,0,0,0,0,0,,8.0,40.0,2015,1.0,1,8,2,401,4011,1,17,16980,97,2.0,1.0,,7,1,29,2.0,2,44,1,,1,1,1,2,57,57,57,1,0,0,1.0,1.0,,40.0,,40.0,,,,,,2.0,4.0,0.0,1,2.0,2.0,2.0,,1057.69,1.0,,2.0,,,12573.5285,3143.5831,1,1,0.0,,0,0,24046,1,,,,,,,3169.188,7860.0,2310.0,-1,,,,,,,351191.0,2016,681,666,1,0,0,0,1,,8.0,40.0,2016,MIS4_to_MIS8,2015-2016,False,True,False,False,False,True,True,1
641375006910535,10,1.0,1,4,2,401,4011,1,1,17,16980,97,2.0,1.0,,7,3,28,1.0,1,44,1,,2,1,2,1,2,57,57,57,1,0,0,2.0,1.0,,45.0,,45.0,,,,,,2.0,3.0,0.0,1,2.0,2.0,2.0,,961.53,1.0,,2.0,,,12215.8842,3114.9142,0,0,0.0,,0,0,21086,2,,,,,,,3141.6934,7860.0,2320.0,-1,,,,,,,352146.0,2015,669,666,0,0,0,0,0,,8.0,40.0,2015,1.0,1,8,2,401,4011,1,17,16980,97,2.0,1.0,,7,3,29,1.0,1,44,1,,1,2,1,2,57,57,57,1,0,0,2.0,1.0,,40.0,6.0,32.0,,,6.0,,,4.0,4.0,0.0,1,2.0,2.0,2.0,,961.53,1.0,,2.0,,,13031.1048,3261.1171,1,1,0.0,,0,0,24046,2,,,,,,,3260.4343,7860.0,2320.0,-1,,,,,,,351192.0,2016,681,666,1,0,0,0,1,,8.0,40.0,2016,MIS4_to_MIS8,2015-2016,False,True,False,False,False,True,True,1
710001641024157,10,2.0,1,4,2,401,4011,1,1,17,16980,0,2.0,1.0,,7,1,30,2.0,2,43,1,,1,1,1,1,2,57,57,57,1,0,0,2.0,1.0,,40.0,6.0,32.0,,,6.0,,,4.0,3.0,0.0,1,2.0,2.0,2.0,,861.0,1.0,,2.0,,,11725.1236,2975.1527,5,2,1.0,,0,42,8938,1,,,,,,,2944.9418,7860.0,2330.0,-1,,,,,,,352175.0,2015,669,666,1,1,0,0,1,,8.0,40.0,2015,1.0,1,8,2,401,4011,1,17,16980,0,2.0,1.0,,7,3,31,2.0,2,43,1,,1,2,1,2,57,57,57,1,0,0,1.0,1.0,,40.0,6.0,32.0,,,6.0,,,4.0,2.0,0.0,1,2.0,1.0,1.0,4200.0,116.66,2.0,1.0,1.0,2.0,2.0,12316.253,3112.4597,2,2,0.0,0.0,0,0,53747,1,,,,,,,3104.3411,7860.0,2330.0,-1,,,,,,,351207.0,2016,681,666,0,1,0,0,1,,8.0,40.0,2016,MIS4_to_MIS8,2015-2016,True,False,False,False,False,False,True,1
771127180800403,10,2.0,1,4,2,401,4011,1,1,17,16980,0,2.0,1.0,,7,3,50,1.0,2,40,1,,2,1,2,1,2,57,57,57,1,0,0,1.0,1.0,,40.0,,40.0,,,,,,2.0,3.0,0.0,1,2.0,,1.0,2100.0,840.0,2.0,2.0,2.0,,,12706.2297,3237.3013,0,0,0.0,0.0,0,0,8922,2,,,2.0,,,,3185.2787,7870.0,5000.0,-1,,,,,,,352234.0,2015,669,666,0,0,0,0,0,13.0,17.0,40.0,2015,2.0,1,8,2,401,4011,1,17,16980,0,2.0,1.0,,7,3,51,1.0,2,40,1,,1,2,1,2,57,57,57,1,0,0,1.0,1.0,,40.0,4.0,32.0,,,4.0,,,4.0,4.0,0.0,1,2.0,,1.0,2175.0,870.0,2.0,2.0,2.0,,,10614.5117,2791.0945,0,0,0.0,0.0,0,0,60725,2,,,2.0,,,,2757.9795,7870.0,2016.0,-1,,,,,,,351258.0,2016,681,666,0,0,0,0,0,13.0,6.0,40.0,2016,MIS4_to_MIS8,2015-2016,False,True,False,False,False,True,True,1
775530453341601,10,1.0,1,4,2,401,4011,1,1,17,16980,0,2.0,1.0,,7,3,42,1.0,2,44,1,,2,1,2,1,2,57,57,57,1,0,0,2.0,4.0,,,,,,,,4.0,3.0,11.0,3.0,0.0,2,,,,,,,,2.0,,,12389.1411,3031.5491,8,2,,,0,0,4925,2,,,,,,,2954.5643,7860.0,2310.0,-1,,,,,,,352240.0,2015,669,666,0,1,1,0,1,,8.0,40.0,2015,1.0,1,8,2,401,4011,1,17,16980,0,2.0,1.0,,7,3,43,1.0,2,44,1,,1,2,1,2,57,57,57,1,0,0,2.0,7.0,,,,,,,,,,1.0,,,2,,,,,,,,2.0,,,12700.3592,2979.6694,8,2,,,0,0,9217,2,,,,,,,3119.7815,,,-1,,,,,,,351267.0,2016,681,666,0,1,1,0,1,,,,2016,MIS4_to_MIS8,2015-2016,False,False,False,True,False,True,True,1
937884701856108,10,1.0,1,4,2,401,4011,1,1,17,16980,0,2.0,1.0,,7,1,30,2.0,2,42,1,1.0,1,1,1,1,2,57,303,303,1,0,0,1.0,1.0,,32.0,,24.0,,,17.0,,,7.0,1.0,0.0,1,2.0,,1.0,3500.0,1120.0,2.0,2.0,2.0,,,11592.5495,3010.1681,5,2,1.0,1.0,0,0,58685,1,,,3.0,,,,2911.6438,8190.0,3420.0,-1,,,,,,,352291.0,2015,669,666,1,1,0,0,1,14.0,10.0,41.0,2015,1.0,1,8,2,401,4011,1,17,16980,0,2.0,1.0,,7,1,31,2.0,2,42,1,1.0,1,1,1,2,57,303,303,1,0,0,1.0,1.0,,32.0,,24.0,,,15.0,,,6.0,1.0,0.0,1,2.0,,1.0,1900.0,608.0,2.0,2.0,2.0,,,12461.5827,3199.713,2,2,0.0,0.0,0,0,23838,1,,,3.0,,,,3140.9718,8190.0,3420.0,-1,,,,,,,351314.0,2016,681,666,0,1,0,0,1,14.0,10.0,41.0,2016,MIS4_to_MIS8,2015-2016,True,False,False,False,False,False,False,1
571599150402202,10,1.0,6,4,2,401,4011,1,1,17,16580,0,,1.0,,2,2,19,,1,43,1,,1,0,0,4,2,57,57,57,1,0,0,1.0,5.0,,,,,,,,,,1.0,2.0,0.0,2,,,,,,,,1.0,1.0,2.0,12298.5841,3105.6818,0,0,,,0,0,51228,1,,,,,,,3108.3742,7870.0,4420.0,-1,,,,,,,352466.0,2015,669,666,0,0,0,0,0,,15.0,40.0,2015,1.0,6,8,2,401,4011,1,17,16580,0,,1.0,,2,2,20,,1,43,1,,0,0,4,2,57,57,57,1,0,0,1.0,5.0,,,,,,,,,,1.0,,,2,,,,,,,,2.0,,,14556.9374,3699.3583,0,0,,,0,0,23772,1,,,,,,,3741.071,,,-1,,,,,,,351493.0,2016,681,666,0,0,0,0,0,,,,2016,MIS4_to_MIS8,2015-2016,False,False,False,True,True,True,True,1
1175001410496,11,1.0,4,4,2,401,4011,1,1,17,16980,0,2.0,1.0,,7,1,39,,2,40,2,,1,1,1,7,2,57,57,57,1,0,0,1.0,1.0,,40.0,,38.0,,,,,,2.0,1.0,0.0,1,2.0,,1.0,1562.0,624.8,1.0,,2.0,,,18584.5261,4603.6811,10,2,0.0,0.0,0,0,45298,1,,,5.0,,,,4684.9947,6370.0,5550.0,-1,,,,,,,389342.0,2015,670,667,0,0,1,1,0,16.0,17.0,23.0,2015,1.0,4,8,2,401,4011,1,17,16980,0,2.0,1.0,,7,1,40,,2,40,2,,1,1,7,2,57,57,57,1,0,0,1.0,1.0,,40.0,,44.0,,,,,,2.0,1.0,0.0,1,1.0,1.0,1.0,1720.0,961.53,1.0,,2.0,,,16065.8524,3999.4356,4,1,0.0,1.0,0,0,35283,1,,,5.0,,,,4003.8639,6370.0,5550.0,-1,,,,,,,388652.0,2016,682,667,0,0,0,1,0,16.0,17.0,23.0,2016,MIS4_to_MIS8,2015-2016,True,False,False,False,False,False,False,1
10710669342273,11,1.0,1,4,2,401,4011,1,1,17,16980,97,2.0,1.0,,7,1,42,2.0,1,43,4,,1,1,1,1,2,220,220,220,4,0,13,1.0,4.0,,,,,,,,8.0,3.0,11.0,2.0,0.0,2,,,,,,,,2.0,,,14573.2628,3978.6631,8,2,,,0,0,23393,1,,,,,,,3508.2414,9570.0,1050.0,-1,,,,,,,389385.0,2015,670,667,0,1,1,0,1,,3.0,51.0,2015,2.0,1,8,2,401,4011,1,17,16980,97,2.0,1.0,,7,1,42,2.0,1,43,4,,1,1,1,2,220,220,220,4,0,13,2.0,1.0,,40.0,4.0,32.0,,,4.0,,,4.0,7.0,0.0,2,,,,,,,,2.0,,,13101.8619,3198.5057,3,2,,,0,0,46866,1,,,,,,,3181.6042,7390.0,710.0,-1,,,,,,,388693.0,2016,682,667,0,0,1,0,0,,2.0,36.0,2016,MIS4_to_MIS8,2015-2016,False,False,True,False,False,True,True,1
91007144106501,11,1.0,1,4,2,401,4011,1,1,17,16980,0,2.0,1.0,,7,3,37,1.0,1,40,1,,2,1,2,1,2,57,57,57,1,0,0,2.0,1.0,,48.0,,60.0,,,,,,2.0,3.0,0.0,1,2.0,2.0,2.0,,1538.46,1.0,,2.0,,,11973.3942,2943.1185,5,2,0.0,,0,0,45297,2,,,2.0,,,,2978.0777,9470.0,3740.0,3740,2.0,,,,,,389432.0,2015,670,667,1,1,0,0,1,13.0,12.0,51.0,2015,1.0,1,8,2,401,4011,1,17,16980,0,2.0,1.0,,7,3,38,1.0,1,40,1,,1,2,1,2,57,57,57,1,0,0,2.0,1.0,,42.0,,48.0,,,,,,2.0,3.0,0.0,1,2.0,1.0,1.0,3300.0,850.0,1.0,,2.0,,,13925.2912,3424.4376,5,2,1.0,1.0,0,0,37289,2,,,1.0,,,,3496.1403,9470.0,3740.0,-1,2.0,,,,,,388760.0,2016,682,667,1,1,0,0,1,12.0,12.0,51.0,2016,MIS4_to_MIS8,2015-2016,True,False,False,False,False,False,False,1
134371070532784,11,2.0,1,4,2,401,4011,1,1,17,16980,0,2.0,1.0,,7,3,58,1.0,2,41,1,,2,1,2,1,2,57,57,57,1,0,0,1.0,1.0,,40.0,,40.0,,,,,,2.0,3.0,0.0,1,2.0,,1.0,2000.0,800.0,1.0,,,,,13021.465,3253.972,0,0,0.0,0.0,0,0,48853,2,,,3.0,,,,3294.9776,7860.0,310.0,-1,,,,,,,389496.0,2015,670,667,0,0,0,0,0,14.0,1.0,40.0,2015,1.0,1,8,2,401,4011,1,17,16980,0,2.0,1.0,,7,3,59,1.0,2,41,1,,1,2,1,2,57,57,57,1,0,0,2.0,1.0,,40.0,,40.0,,,,,,2.0,3.0,0.0,1,1.0,,1.0,2500.0,1187.5,1.0,,,,,13606.3628,3379.3019,0,0,0.0,0.0,0,0,24118,2,,,3.0,,,,3400.3547,7860.0,4010.0,-1,,,,,,,388805.0,2016,682,667,0,0,0,0,0,14.0,13.0,40.0,2016,MIS4_to_MIS8,2015-2016,True,False,False,False,False,False,False,1
203103147710159,11,1.0,1,4,2,401,4011,1,1,17,16980,0,2.0,1.0,,7,3,29,1.0,1,40,1,1.0,2,1,2,1,2,57,57,57,1,0,0,2.0,2.0,4.0,40.0,,,,,,,,5.0,3.0,0.0,1,2.0,,1.0,1200.0,480.0,1.0,,2.0,,,15700.13,3826.162,8,2,1.0,1.0,0,42,45362,2,,,4.0,,,,3832.5025,9470.0,3850.0,-1,,,,,,,389536.0,2015,670,667,0,1,1,0,1,15.0,12.0,51.0,2015,1.0,1,8,2,401,4011,1,17,16980,0,2.0,1.0,,7,3,30,1.0,1,40,1,1.0,1,2,1,2,57,57,57,1,0,0,2.0,1.0,,40.0,,40.0,,,,,,2.0,3.0,0.0,1,2.0,2.0,2.0,,1288.46,1.0,,2.0,,,12111.5064,3013.6727,8,2,0.0,,0,0,37362,2,,,4.0,,,,3046.8601,9470.0,3700.0,-1,,,,,,,388871.0,2016,682,667,0,1,1,0,1,15.0,12.0,51.0,2016,MIS4_to_MIS8,2015-2016,True,False,False,False,False,False,False,1
367106501880106,11,1.0,1,4,2,401,4011,1,1,17,16980,0,2.0,1.0,,7,3,50,1.0,2,44,1,,2,1,2,1,2,110,110,57,3,0,4,2.0,1.0,,40.0,,40.0,,,,,,2.0,3.0,0.0,1,2.0,2.0,2.0,,1961.0,1.0,,2.0,,,12736.8709,3085.4265,3,1,1.0,,0,0,35737,2,,,,,,,3098.0433,7860.0,2310.0,-1,,,,,,,389600.0,2015,670,667,0,0,1,0,0,,8.0,40.0,2015,1.0,1,8,2,401,4011,1,17,16980,0,2.0,1.0,,7,3,51,1.0,2,44,1,,1,2,1,2,110,110,57,3,0,4,2.0,1.0,,40.0,,50.0,,,,,,2.0,3.0,0.0,1,2.0,2.0,2.0,,1769.0,1.0,,2.0,,,13088.9294,3245.4537,4,1,1.0,,0,0,24446,2,,,,,,,3281.8918,7860.0,2310.0,-1,,,,,,,388918.0,2016,682,667,0,0,0,1,0,,8.0,40.0,2016,MIS4_to_MIS8,2015-2016,True,False,False,False,False,False,False,1
367106501880106,11,1.0,1,4,2,401,4011,1,1,17,16980,0,2.0,1.0,,7,4,19,,1,40,1,,3,1,3,7,2,57,57,57,1,0,0,2.0,1.0,,20.0,,20.0,,,20.0,,,7.0,2.0,0.0,1,2.0,,1.0,1000.0,200.0,2.0,2.0,1.0,1.0,2.0,13405.4455,2976.7197,0,0,0.0,0.0,0,0,35737,3,,,3.0,,,,3000.7661,7870.0,4020.0,-1,,,,,2.0,1.0,389602.0,2015,670,667,0,0,0,0,0,14.0,13.0,40.0,2015,1.0,1,8,2,401,4011,1,17,16980,0,2.0,1.0,,7,4,20,,1,40,1,,1,3,7,2,57,57,57,1,0,0,2.0,7.0,,,,,,,,,,1.0,4.0,0.0,2,,,,,,,,1.0,1.0,2.0,15122.4067,3873.9653,0,0,,,0,0,24446,3,,,4.0,,,,4011.1069,7870.0,4030.0,-1,,,,,2.0,1.0,388920.0,2016,682,667,0,0,0,0,0,15.0,13.0,40.0,2016,MIS4_to_MIS8,2015-2016,False,True,False,False,False,True,True,1
471727140403373,11,1.0,7,4,2,401,4011,1,1,17,16980,0,2.0,1.0,,7,2,28,,2,43,1,,1,0,0,7,2,57,57,57,1,0,0,1.0,1.0,,50.0,,68.0,,,,,,2.0,3.0,0.0,1,2.0,2.0,2.0,,1192.3,1.0,,2.0,,,11676.0007,2939.2594,0,0,0.0,,0,0,5349,1,,,,,,,2946.9029,7860.0,2310.0,2310,,,,,,,389641.0,2015,670,667,0,0,0,0,0,,8.0,40.0,2015,1.0,4,8,2,401,4011,1,17,16980,0,2.0,1.0,,7,1,29,,2,43,1,,1,1,7,2,57,57,57,1,0,0,1.0,1.0,,50.0,,50.0,,,,,,2.0,3.0,0.0,1,2.0,2.0,2.0,,1346.15,1.0,,1.0,2.0,2.0,12560.5684,3170.7898,0,0,0.0,,0,0,24187,1,,,,,,,3192.4058,7860.0,2320.0,-1,,,,,,,388954.0,2016,682,667,0,0,0,0,0,,8.0,40.0,2016,MIS4_to_MIS8,2015-2016,True,False,False,False,False,False,False,1
109330715075798,11,2.0,1,4,2,401,4011,1,1,17,0,0,3.0,2.0,,0,3,48,1.0,1,43,1,,2,1,2,1,2,57,57,57,1,0,0,1.0,1.0,,40.0,,40.0,,,,,,2.0,2.0,0.0,1,2.0,2.0,2.0,,807.0,2.0,2.0,2.0,,,12253.4476,2965.4581,0,0,1.0,,0,42,63494,2,,,,,,,3027.3755,7860.0,2310.0,-1,,,,,,,389838.0,2015,670,667,0,0,0,0,0,,8.0,40.0,2015,2.0,1,8,2,401,4011,1,17,0,0,3.0,2.0,,0,3,49,1.0,1,44,1,,1,2,1,2,57,57,57,1,0,0,1.0,1.0,,40.0,,40.0,,,,,,2.0,5.0,0.0,1,2.0,2.0,2.0,,1153.84,1.0,,2.0,,,14052.322,3504.317,0,0,0.0,,0,0,37126,2,,,,,,,3543.9483,7860.0,2310.0,-1,,,,,,,389202.0,2016,682,667,0,0,0,0,0,,8.0,40.0,2016,MIS4_to_MIS8,2015-2016,False,True,False,False,False,True,True,1
10000271037837,11,1.0,1,4,2,401,4011,1,1,17,0,0,,1.0,,0,1,60,2.0,1,42,1,,1,1,1,1,2,57,57,57,1,0,0,1.0,1.0,,42.0,,46.0,,,,,,2.0,3.0,0.0,1,1.0,,1.0,4600.0,2139.0,2.0,2.0,,,,11852.974,2831.801,0,0,0.0,0.0,0,0,23375,1,,,3.0,,,,2892.1014,9470.0,3710.0,-1,3.0,4.0,,,,,389906.0,2015,670,667,0,0,0,0,0,14.0,12.0,51.0,2015,1.0,1,8,2,401,4011,1,17,0,0,,1.0,,0,1,61,2.0,1,41,1,,1,1,1,2,57,57,57,1,0,0,1.0,1.0,,42.0,,42.0,,,,,,2.0,3.0,0.0,1,2.0,1.0,1.0,4786.0,1892.3,2.0,2.0,,,,12287.1623,3061.6153,0,0,0.0,0.0,0,0,24339,1,,,5.0,,,,3122.4849,9470.0,3710.0,-1,3.0,4.0,,,,,389263.0,2016,682,667,0,0,0,0,0,16.0,12.0,51.0,2016,MIS4_to_MIS8,2015-2016,True,False,False,False,False,False,False,1
641972008510532,11,1.0,1,4,2,401,4011,1,1,17,44100,0,,1.0,,2,1,42,2.0,1,43,1,,1,1,1,1,2,57,57,57,1,0,0,1.0,1.0,,40.0,,38.0,,,,,,2.0,2.0,0.0,1,2.0,2.0,2.0,,1461.53,2.0,2.0,2.0,,,13009.9706,3171.1575,3,1,0.0,,0,0,5383,1,,,,,,,3235.8998,9570.0,110.0,-1,2.0,,,,,,390004.0,2015,670,667,0,0,1,0,0,,1.0,51.0,2015,1.0,1,8,2,401,4011,1,17,44100,0,,1.0,,2,1,43,2.0,1,43,1,,1,1,1,2,57,57,57,1,0,0,1.0,1.0,,40.0,6.0,34.0,,,6.0,,,4.0,2.0,0.0,1,2.0,1.0,1.0,1300.0,1708.33,2.0,2.0,2.0,,,13293.9142,3304.1116,3,1,0.0,1.0,0,0,20963,1,,,,,,,3337.6242,9570.0,110.0,-1,2.0,,,,,,389360.0,2016,682,667,0,0,1,0,0,,1.0,51.0,2016,MIS4_to_MIS8,2015-2016,True,False,False,False,False,False,False,1
641972008510532,11,1.0,1,4,2,401,4011,1,1,17,44100,0,,1.0,,2,3,52,1.0,2,43,7,,2,1,2,1,2,57,57,57,1,0,0,2.0,1.0,,40.0,,40.0,,,,,,2.0,2.0,0.0,1,2.0,2.0,2.0,,1596.15,2.0,2.0,2.0,,,12652.9978,3055.0309,3,1,0.0,,0,0,5383,2,,,,,,,3077.6425,9480.0,10.0,-1,,,,,,,390005.0,2015,670,667,0,0,1,0,0,,1.0,51.0,2015,1.0,1,8,2,401,4011,1,17,44100,0,,1.0,,2,3,53,1.0,2,43,7,,1,2,1,2,57,57,57,1,0,0,2.0,1.0,,40.0,6.0,34.0,,,6.0,,,4.0,2.0,0.0,1,2.0,1.0,1.0,4200.0,1770.83,2.0,2.0,2.0,,,14007.5914,3506.992,3,1,0.0,1.0,0,0,20963,2,,,,,,,3512.2352,9480.0,430.0,-1,,,,,,,389361.0,2016,682,667,0,0,1,0,0,,1.0,51.0,2016,MIS4_to_MIS8,2015-2016,True,False,False,False,False,False,False,1
671139190308001,11,1.0,7,4,2,401,4011,1,1,17,0,0,,1.0,,0,14,50,,1,41,2,,2,0,0,7,2,57,57,57,1,0,0,2.0,7.0,,,,,,11.0,,,,1.0,2.0,0.0,2,,,,,,,,2.0,,,9611.7962,2700.3776,0,0,,,0,0,45311,2,,,3.0,,,,2671.6577,7860.0,2310.0,-1,2.0,,,,,,390009.0,2015,670,667,0,0,0,0,0,14.0,8.0,40.0,2015,1.0,7,8,2,401,4011,1,17,0,0,,1.0,,0,14,52,,1,42,2,,0,0,7,2,57,57,57,1,0,0,2.0,7.0,,,,,,2.0,,,,1.0,2.0,0.0,2,,,,,,,,2.0,,,8977.2006,2518.6018,0,0,,,0,0,53754,2,,,5.0,,,,2442.7657,7860.0,2310.0,-1,2.0,,,,,,389365.0,2016,682,667,0,0,0,0,0,16.0,8.0,40.0,2016,MIS4_to_MIS8,2015-2016,True,False,False,False,False,False,False,1
800102733710070,11,2.0,1,4,2,401,4011,1,1,17,0,0,,1.0,,0,1,60,2.0,1,44,1,,1,1,1,1,2,57,57,57,1,0,0,2.0,1.0,,40.0,,40.0,,,,,,2.0,2.0,0.0,1,2.0,2.0,2.0,,1476.92,2.0,2.0,,,,11852.974,2831.801,0,0,0.0,,0,0,23373,1,,,,,,,2892.1014,7860.0,230.0,-1,3.0,,,,,,390024.0,2015,670,667,0,0,0,0,0,,1.0,40.0,2015,2.0,1,8,2,401,4011,1,17,0,0,,1.0,,0,1,60,2.0,1,44,1,,1,1,1,2,57,57,57,1,0,0,2.0,1.0,,60.0,,60.0,,,,,,2.0,2.0,0.0,1,2.0,2.0,2.0,,2788.0,2.0,2.0,,,,12287.1623,3061.6153,0,0,1.0,,0,0,46859,1,,,,,,,3122.4849,7860.0,230.0,-1,3.0,,,,,,389388.0,2016,682,667,0,0,0,0,0,,1.0,40.0,2016,MIS4_to_MIS8,2015-2016,True,False,False,False,False,False,False,1
10710186988567,12,1.0,1,4,2,401,4011,1,1,17,37900,0,1.0,1.0,,3,1,35,2.0,1,43,1,,1,1,1,1,2,57,57,57,1,0,0,1.0,1.0,,40.0,,45.0,,,,,,2.0,3.0,0.0,1,1.0,2.0,2.0,,956.0,1.0,,2.0,,,12025.3039,3012.7653,2,1,1.0,,0,42,22500,1,,,,,,,3039.622,9470.0,3850.0,-1,,,,,3.0,,426752.0,2015,671,668,0,1,0,0,1,,12.0,51.0,2015,1.0,1,8,2,401,4011,1,17,37900,0,1.0,1.0,,3,1,36,2.0,1,43,1,,1,1,1,2,57,57,57,1,0,0,1.0,1.0,,40.0,5.0,32.0,,,5.0,,,4.0,4.0,0.0,1,2.0,2.0,2.0,,2500.0,2.0,2.0,2.0,,,12869.7101,3179.8753,11,3,1.0,,0,0,45144,1,,,,,,,3219.5629,6990.0,860.0,-1,,,,,,,426603.0,2016,683,668,1,1,1,0,1,,2.0,33.0,2016,MIS4_to_MIS8,2015-2016,False,True,False,False,False,True,True,1
106180818057796,12,1.0,1,4,2,401,4011,1,1,17,37900,0,1.0,1.0,,3,1,47,2.0,1,41,1,,1,1,1,1,2,57,57,57,1,0,0,1.0,1.0,,35.0,,55.0,,,,,,2.0,2.0,0.0,1,2.0,,1.0,3330.0,1165.5,2.0,2.0,2.0,,,11483.7486,2882.055,4,1,1.0,1.0,0,42,44176,1,,,3.0,,,,2912.5834,7880.0,2340.0,5240,1.0,,,,,,426790.0,2015,671,668,0,0,0,1,0,14.0,8.0,40.0,2015,1.0,1,8,2,401,4011,1,17,37900,0,1.0,1.0,,3,1,48,2.0,1,41,1,,1,1,1,2,57,57,57,1,0,0,1.0,4.0,,,,,,,,19.0,2.0,11.0,3.0,0.0,2,,,,,,,,2.0,,,10623.2309,2690.6255,4,1,,,0,0,35520,1,,,5.0,,,,2550.7769,7860.0,2310.0,-1,1.0,,,,,,426645.0,2016,683,668,0,0,0,1,0,16.0,8.0,40.0,2016,MIS4_to_MIS8,2015-2016,True,False,False,False,False,False,True,1
403167430710572,12,4.0,1,4,2,401,4011,1,1,17,16980,0,1.0,1.0,1.0,7,3,49,1.0,2,39,1,1.0,2,1,2,1,2,303,303,303,4,0,17,2.0,1.0,,-4.0,,11.0,,,15.0,,,6.0,3.0,0.0,1,2.0,2.0,1.0,1100.0,121.0,2.0,2.0,2.0,,,12261.3349,3088.0435,4,1,1.0,1.0,0,42,58696,2,2.0,4.0,,,,,3108.4629,7860.0,4120.0,-1,,,,,,,426911.0,2015,671,668,0,0,0,1,0,7.5,13.0,40.0,2015,4.0,1,8,2,401,4011,1,17,16980,0,1.0,1.0,1.0,7,3,51,1.0,2,39,1,1.0,1,2,1,2,303,303,303,4,0,17,2.0,1.0,,-4.0,,21.0,,,17.0,,,7.0,3.0,0.0,1,2.0,2.0,1.0,1100.0,231.0,2.0,2.0,2.0,,,12414.3033,3024.927,4,1,1.0,1.0,0,42,45018,2,2.0,4.0,,,,,3079.5782,7860.0,3930.0,-1,,,,,,,426764.0,2016,683,668,0,0,0,1,0,7.5,12.0,40.0,2016,MIS4_to_MIS8,2015-2016,True,False,False,False,False,False,False,1
471727140005363,12,2.0,1,4,2,401,4011,1,1,17,16980,0,1.0,1.0,1.0,7,4,25,,2,43,1,1.0,3,1,3,7,2,57,57,57,1,0,0,2.0,7.0,,,,,,,,,,1.0,2.0,0.0,2,,,,,,,,2.0,,,11783.0848,2948.2091,0,0,,,0,0,63364,3,,,,,,,2937.1221,7860.0,2320.0,-1,,,,,2.0,2.0,426936.0,2015,671,668,0,0,0,0,0,,8.0,40.0,2015,1.0,1,8,2,401,4011,1,17,16980,0,1.0,1.0,1.0,7,4,27,,2,43,1,1.0,1,3,7,2,57,303,303,1,0,0,2.0,1.0,,45.0,,45.0,,,,,,2.0,3.0,0.0,1,2.0,2.0,2.0,,0.0,1.0,,2.0,,,13319.9592,3316.0545,0,0,0.0,,0,0,5300,3,,,,,,,3332.0632,7860.0,2320.0,-1,,,,,2.0,2.0,426778.0,2016,683,668,0,0,0,0,0,,8.0,40.0,2016,MIS4_to_MIS8,2015-2016,True,False,False,False,False,False,True,1
10710273320186,12,2.0,1,4,2,401,4011,1,1,17,40420,0,2.0,1.0,,3,3,57,1.0,2,39,1,,2,1,2,1,2,57,57,57,1,0,0,,1.0,,40.0,,40.0,,,,,,2.0,2.0,0.0,1,2.0,2.0,2.0,,640.0,2.0,2.0,,,,12685.445,3148.4024,0,0,1.0,,0,41,19030,2,1.0,,,,,,3183.6949,9370.0,640.0,-1,,,,,,,427090.0,2015,671,668,0,0,0,0,0,12.0,2.0,51.0,2015,2.0,1,8,2,401,4011,1,17,40420,0,2.0,1.0,,3,3,58,1.0,2,40,1,,1,2,1,2,57,57,57,1,0,0,1.0,1.0,,40.0,4.0,32.0,,,4.0,,,4.0,2.0,0.0,1,2.0,,1.0,1000.0,400.0,2.0,2.0,,,,10240.0363,2537.7123,0,0,1.0,1.0,0,0,35568,2,,,2.0,,,,2529.687,9480.0,5250.0,-1,,,,,,,426920.0,2016,683,668,0,0,0,0,0,13.0,17.0,51.0,2016,MIS4_to_MIS8,2015-2016,True,False,False,False,False,False,False,1
10710689628192,12,2.0,1,4,2,401,4011,1,1,17,16980,0,2.0,1.0,,7,1,55,2.0,1,41,1,,1,1,1,1,2,57,57,57,1,0,0,2.0,1.0,,56.0,,56.0,,,,,,2.0,3.0,0.0,1,1.0,2.0,2.0,,2500.0,1.0,,,,,13686.7245,3274.6174,0,0,1.0,,0,0,58761,1,,,3.0,,,,3285.0541,9470.0,3720.0,-1,,,,,,,427106.0,2015,671,668,0,0,0,0,0,14.0,12.0,51.0,2015,1.0,1,8,2,401,4011,1,17,16980,0,2.0,1.0,,7,1,56,2.0,1,42,1,,1,1,1,2,57,57,57,1,0,0,1.0,1.0,,56.0,,56.0,,,,,,2.0,3.0,0.0,1,2.0,,1.0,4500.0,2520.0,1.0,,,,,13741.4363,3343.5149,0,0,1.0,1.0,0,42,35550,1,,,3.0,,,,3361.728,9470.0,3720.0,-1,,,,,,,426938.0,2016,683,668,0,0,0,0,0,14.0,12.0,51.0,2016,MIS4_to_MIS8,2015-2016,True,False,False,False,False,False,False,1
23057412108321,12,1.0,7,4,2,401,4011,1,1,17,16980,0,2.0,1.0,,7,2,46,,2,43,1,,1,0,0,7,2,57,57,57,1,0,0,1.0,1.0,,35.0,,70.0,,,,,,2.0,3.0,0.0,1,2.0,,1.0,1300.0,455.0,2.0,2.0,2.0,,,13367.2922,3391.0767,0,0,0.0,0.0,0,0,22400,1,,,,,,,3388.8424,7860.0,2540.0,4720,,,,,,,427127.0,2015,671,668,0,0,0,0,0,,8.0,40.0,2015,1.0,7,8,2,401,4011,1,17,16980,0,2.0,1.0,,7,2,47,,2,43,1,,0,0,7,2,57,57,57,1,0,0,1.0,1.0,,35.0,,73.0,,,,,,2.0,3.0,0.0,1,2.0,2.0,2.0,,395.83,2.0,2.0,2.0,,,10233.3857,2516.9142,0,0,0.0,,0,0,5424,1,,,,,,,2538.5647,7860.0,2540.0,4720,,,,,,,426974.0,2016,683,668,0,0,0,0,0,,8.0,40.0,2016,MIS4_to_MIS8,2015-2016,True,False,False,False,False,False,False,1
716050455721001,12,1.0,1,4,2,401,4011,1,1,17,16980,0,2.0,1.0,,7,1,34,2.0,2,44,1,1.0,1,1,1,1,2,303,303,303,4,10,8,1.0,1.0,,40.0,,40.0,,,,,,2.0,3.0,0.0,1,2.0,2.0,2.0,,1192.3,1.0,,2.0,,,11910.6747,2831.3039,3,2,0.0,,0,0,34752,1,,,,,,,2874.0193,7860.0,2310.0,-1,,,,,,,427467.0,2015,671,668,0,0,1,0,0,,8.0,40.0,2015,1.0,1,8,2,401,4011,1,17,16980,0,2.0,1.0,,7,1,34,2.0,2,44,1,1.0,1,1,1,2,303,303,303,4,10,8,1.0,1.0,,40.0,,40.0,,,,,,2.0,3.0,0.0,1,2.0,2.0,2.0,,1192.3,1.0,,1.0,2.0,2.0,14047.3332,3446.8596,3,2,0.0,,0,0,5576,1,,,,,,,3514.0199,7860.0,2310.0,-1,,,,,,,427340.0,2016,683,668,0,0,1,0,0,,8.0,40.0,2016,MIS4_to_MIS8,2015-2016,True,False,False,False,False,False,False,1
797367401990102,12,1.0,4,4,2,401,4011,1,1,17,16980,0,2.0,1.0,,7,12,21,,1,39,1,,2,0,0,7,2,57,57,57,1,0,0,2.0,1.0,,40.0,,40.0,,,,,,2.0,1.0,0.0,1,2.0,,1.0,1301.0,520.4,1.0,,2.0,,,14404.8141,3305.1552,0,0,1.0,1.0,0,42,44205,2,1.0,,,,,,3397.688,7460.0,4220.0,-1,,,,,,,427524.0,2015,671,668,0,0,0,0,0,12.0,14.0,36.0,2015,3.0,4,8,2,401,4011,1,17,16980,0,2.0,1.0,,7,12,22,,1,39,1,,0,0,7,2,57,57,57,1,0,0,2.0,1.0,,40.0,,40.0,,,,,,2.0,1.0,0.0,1,2.0,,1.0,1500.0,600.0,1.0,,2.0,,,15144.573,3802.2329,0,0,1.0,1.0,0,42,18985,2,1.0,,,,,,3759.5547,7460.0,4220.0,-1,,,,,,,427392.0,2016,683,668,0,0,0,0,0,12.0,14.0,36.0,2016,MIS4_to_MIS8,2015-2016,True,False,False,False,False,False,False,1
771808170105204,12,1.0,1,4,2,401,4011,1,1,17,0,0,3.0,2.0,,0,1,43,2.0,1,42,1,,1,1,1,1,2,57,57,57,1,0,0,1.0,1.0,,40.0,,40.0,,,,,,2.0,2.0,0.0,1,2.0,2.0,2.0,,1730.76,1.0,,2.0,,,12025.9528,2992.1767,3,2,0.0,,0,0,51078,1,,,3.0,,,,3039.786,9470.0,3820.0,-1,,,,,,,427627.0,2015,671,668,0,0,1,0,0,14.0,12.0,51.0,2015,1.0,1,8,2,401,4011,1,17,0,0,3.0,2.0,,0,1,44,2.0,1,42,1,,1,1,1,2,57,57,57,1,0,0,1.0,1.0,,40.0,,40.0,,,,,,2.0,2.0,0.0,1,1.0,2.0,2.0,,1538.0,1.0,,2.0,,,12202.8293,3029.1427,10,2,1.0,,0,0,45010,1,,,3.0,,,,3052.7321,9470.0,3820.0,-1,,,,,,,427529.0,2016,683,668,0,0,1,1,0,14.0,12.0,51.0,2016,MIS4_to_MIS8,2015-2016,True,False,False,False,False,False,False,1
771808170105204,12,1.0,1,4,2,401,4011,1,1,17,0,0,3.0,2.0,,0,3,44,1.0,2,39,1,,2,1,2,1,2,57,57,57,1,0,0,2.0,1.0,,40.0,,40.0,,,,,,2.0,3.0,0.0,1,2.0,2.0,2.0,,673.07,2.0,2.0,2.0,,,11203.9867,2812.887,3,2,0.0,,0,0,51078,2,1.0,,,,,,2866.8878,9370.0,430.0,-1,,,,,,,427628.0,2015,671,668,0,0,1,0,0,12.0,1.0,51.0,2015,1.0,1,8,2,401,4011,1,17,0,0,3.0,2.0,,0,3,45,1.0,2,40,1,,1,2,1,2,57,57,57,1,0,0,2.0,1.0,,40.0,,40.0,,,,,,2.0,3.0,0.0,1,2.0,2.0,2.0,,692.0,2.0,2.0,2.0,,,9809.6846,2412.7043,10,2,1.0,,0,0,45010,2,,,1.0,,,,2433.4584,9370.0,5110.0,-1,,,,,,,427530.0,2016,683,668,0,0,1,1,0,12.0,17.0,51.0,2016,MIS4_to_MIS8,2015-2016,True,False,False,False,False,False,False,1
10710105857057,12,2.0,1,4,2,401,4011,1,1,17,19340,0,,1.0,,3,3,66,1.0,2,44,1,,2,1,2,1,2,57,57,57,1,0,0,1.0,5.0,,,,,,,,,,1.0,2.0,0.0,2,,,,,,,,,,,11607.5767,2908.9765,0,0,,,0,0,4919,2,,,,,,,2895.7299,7860.0,2310.0,-1,,,,,,,427649.0,2015,671,668,0,0,0,0,0,,8.0,40.0,2015,2.0,1,8,2,401,4011,1,17,19340,0,,1.0,,3,3,67,1.0,2,44,1,,1,2,1,2,57,57,57,1,0,0,1.0,5.0,,,,,,,,,,1.0,,,2,,,,,,,,,,,9198.591,2331.7603,0,0,,,0,0,45151,2,,,,,,,2316.6374,,,-1,,,,,,,427545.0,2016,683,668,0,0,0,0,0,,,,2016,MIS4_to_MIS8,2015-2016,False,False,False,True,True,True,True,1
10710379864055,12,1.0,4,4,2,401,4011,1,1,17,44100,0,,1.0,,2,14,61,,2,40,1,,2,0,0,4,2,57,57,57,1,0,0,2.0,1.0,,40.0,,40.0,,,,,,2.0,2.0,0.0,1,2.0,,1.0,4500.0,1800.0,1.0,,,,,13180.4172,3373.553,0,0,1.0,1.0,0,42,34733,2,,,1.0,,,,3286.5429,9370.0,1107.0,-1,,,,,,,427656.0,2015,671,668,0,0,0,0,0,12.0,3.0,51.0,2015,1.0,4,8,2,401,4011,1,17,44100,0,,1.0,,2,14,63,,2,40,1,,0,0,4,2,57,57,57,1,0,0,2.0,1.0,,40.0,,40.0,,,,,,2.0,2.0,0.0,1,1.0,,1.0,1200.0,486.0,1.0,,,,,9986.818,2452.7105,0,0,1.0,1.0,0,42,18959,2,,,3.0,,,,2380.447,9370.0,1050.0,-1,,,,,,,427559.0,2016,683,668,0,0,0,0,0,14.0,3.0,51.0,2016,MIS4_to_MIS8,2015-2016,True,False,False,False,False,False,False,1
371279002010053,12,1.0,1,4,2,401,4011,1,1,17,14010,0,,1.0,,2,3,60,1.0,1,44,2,,2,1,2,1,2,57,57,57,1,0,0,2.0,1.0,,55.0,,55.0,,,,,,2.0,2.0,0.0,1,2.0,2.0,2.0,,2019.23,1.0,,,,,12828.2084,3051.0918,0,0,0.0,,0,0,4900,2,,,,,,,3013.8543,7860.0,2320.0,-1,,,,,,,427744.0,2015,671,668,0,0,0,0,0,,8.0,40.0,2015,1.0,1,8,2,401,4011,1,17,14010,0,,1.0,,2,3,61,1.0,1,44,2,,1,2,1,2,57,57,57,1,0,0,2.0,1.0,,15.0,,15.0,,,21.0,,,7.0,4.0,0.0,1,2.0,,1.0,2000.0,300.0,2.0,2.0,,,,11129.2515,2427.9113,0,0,0.0,0.0,0,0,2388,2,,,,,,,2456.2912,7860.0,2310.0,-1,,,,,,,427641.0,2016,683,668,0,0,0,0,0,,8.0,40.0,2016,MIS4_to_MIS8,2015-2016,False,True,False,False,False,True,True,1
441379007410285,12,2.0,1,4,2,401,4011,1,1,17,0,0,,1.0,,0,3,58,1.0,2,44,1,,2,1,2,1,2,57,57,57,1,0,0,1.0,1.0,,40.0,,40.0,,,,,,2.0,3.0,0.0,1,2.0,2.0,2.0,,826.92,1.0,,,,,12963.3739,3217.3816,0,0,0.0,,0,0,22526,2,,,,,,,3253.4473,7860.0,2310.0,-1,,,,,,,427749.0,2015,671,668,0,0,0,0,0,,8.0,40.0,2015,2.0,1,8,2,401,4011,1,17,0,0,,1.0,,0,3,59,1.0,2,44,1,,1,2,1,2,57,57,57,1,0,0,1.0,1.0,,60.0,,60.0,,,,,,2.0,3.0,0.0,1,2.0,2.0,2.0,,1057.69,1.0,,,,,10464.3881,2593.3118,0,0,0.0,,0,0,18966,2,,,,,,,2585.1106,7860.0,2310.0,-1,,,,,,,427651.0,2016,683,668,0,0,0,0,0,,8.0,40.0,2016,MIS4_to_MIS8,2015-2016,True,False,False,False,False,False,False,1
735790448421001,12,2.0,1,4,2,401,4011,1,1,17,0,0,,1.0,,0,3,43,1.0,2,42,1,,2,1,2,1,2,57,57,57,1,0,0,1.0,1.0,,37.0,,37.0,,,,,,2.0,2.0,0.0,1,2.0,1.0,1.0,2700.0,1038.46,2.0,2.0,2.0,,,11207.2744,2813.7124,0,0,0.0,0.0,0,0,19028,2,,,3.0,,,,2867.7291,7870.0,5860.0,-1,,,,,,,427785.0,2015,671,668,0,0,0,0,0,14.0,17.0,40.0,2015,2.0,1,8,2,401,4011,1,17,0,0,,1.0,,0,3,43,1.0,2,42,1,,1,2,1,2,57,57,57,1,0,0,1.0,1.0,,37.0,,37.0,,,,,,2.0,2.0,0.0,1,2.0,,1.0,2900.0,1073.0,2.0,2.0,2.0,,,12435.5864,3143.2193,0,0,0.0,0.0,0,0,35543,2,,,4.0,,,,3171.3702,7870.0,740.0,-1,,,,,,,427679.0,2016,683,668,0,0,0,0,0,15.0,2.0,40.0,2016,MIS4_to_MIS8,2015-2016,True,False,False,False,False,False,False,1
