pair,pair_code,dv,term,term_group,coef,coef_pct_points,std_err,std_err_pct_points,p_value,ci_low,ci_high,ci_low_pct_points,ci_high_pct_points,nobs,r_squared,weight_var,controls,file
2008-2009,0809,stayed_state_local,Intercept,intercept,-0.2535841404515087,-25.358414045150866,0.30037380592732305,30.037380592732305,0.39854170769642805,-0.8423059819682857,0.3351377010652683,-84.23059819682857,33.51377010652683,693,0.22212089943418367,earnwt_t,"age_t, I(age_t**2), np.log(earnwke_t), C(sex_t), C(race_t), C(ethnic_t), C(grade92_t), C(docc00_t), C(ind02_t), C(unionmme_t), C(unioncov_t)",analytic_sample_0809_retention.csv
2008-2009,0809,stayed_state_local,C(sex_t)[T.2],sex,0.028065272735869062,2.806527273586906,0.040318394412558335,4.031839441255833,0.4863718230176788,-0.05095732822722622,0.10708787369896434,-5.095732822722622,10.708787369896434,693,0.22212089943418367,earnwt_t,"age_t, I(age_t**2), np.log(earnwke_t), C(sex_t), C(race_t), C(ethnic_t), C(grade92_t), C(docc00_t), C(ind02_t), C(unionmme_t), C(unioncov_t)",analytic_sample_0809_retention.csv
2008-2009,0809,stayed_state_local,C(race_t)[T.10],race,-0.22238616305699546,-22.238616305699548,0.307341467591183,30.734146759118303,0.4693235757554841,-0.8247643704913984,0.3799920443774075,-82.47643704913983,37.99920443774075,693,0.22212089943418367,earnwt_t,"age_t, I(age_t**2), np.log(earnwke_t), C(sex_t), C(race_t), C(ethnic_t), C(grade92_t), C(docc00_t), C(ind02_t), C(unionmme_t), C(unioncov_t)",analytic_sample_0809_retention.csv
2008-2009,0809,stayed_state_local,C(race_t)[T.2],race,-0.022038635375975016,-2.2038635375975018,0.047399047388241695,4.73990473882417,0.641960490023133,-0.11493906115843605,0.07086179040648602,-11.493906115843606,7.086179040648602,693,0.22212089943418367,earnwt_t,"age_t, I(age_t**2), np.log(earnwke_t), C(sex_t), C(race_t), C(ethnic_t), C(grade92_t), C(docc00_t), C(ind02_t), C(unionmme_t), C(unioncov_t)",analytic_sample_0809_retention.csv
2008-2009,0809,stayed_state_local,C(race_t)[T.3],race,-0.4280848119634356,-42.808481196343564,0.3183021165969429,31.830211659694292,0.17865723056085836,-1.0519454966963127,0.19577587276944142,-105.19454966963127,19.577587276944143,693,0.22212089943418367,earnwt_t,"age_t, I(age_t**2), np.log(earnwke_t), C(sex_t), C(race_t), C(ethnic_t), C(grade92_t), C(docc00_t), C(ind02_t), C(unionmme_t), C(unioncov_t)",analytic_sample_0809_retention.csv
2008-2009,0809,stayed_state_local,C(race_t)[T.4],race,-0.21859903308766113,-21.859903308766114,0.19993563629435596,19.993563629435595,0.2742414634384226,-0.6104656794506981,0.1732676132753758,-61.04656794506981,17.32676132753758,693,0.22212089943418367,earnwt_t,"age_t, I(age_t**2), np.log(earnwke_t), C(sex_t), C(race_t), C(ethnic_t), C(grade92_t), C(docc00_t), C(ind02_t), C(unionmme_t), C(unioncov_t)",analytic_sample_0809_retention.csv
2008-2009,0809,stayed_state_local,C(race_t)[T.5],race,0.08143197466856311,8.14319746685631,0.04990006464550142,4.990006464550142,0.1027003041934534,-0.016370354862840122,0.17923430419996633,-1.6370354862840122,17.923430419996635,693,0.22212089943418367,earnwt_t,"age_t, I(age_t**2), np.log(earnwke_t), C(sex_t), C(race_t), C(ethnic_t), C(grade92_t), C(docc00_t), C(ind02_t), C(unionmme_t), C(unioncov_t)",analytic_sample_0809_retention.csv
2008-2009,0809,stayed_state_local,C(race_t)[T.7],race,0.23539744490973918,23.53974449097392,0.21774365641324173,21.774365641324174,0.27966330045729204,-0.1913722795222786,0.662167169341757,-19.13722795222786,66.21671693417571,693,0.22212089943418367,earnwt_t,"age_t, I(age_t**2), np.log(earnwke_t), C(sex_t), C(race_t), C(ethnic_t), C(grade92_t), C(docc00_t), C(ind02_t), C(unionmme_t), C(unioncov_t)",analytic_sample_0809_retention.csv
2008-2009,0809,stayed_state_local,C(ethnic_t)[T.2.0],ethnicity_hispanic,-0.006362054311063431,-0.6362054311063431,0.20170339949440572,20.17033994944057,0.9748375914655106,-0.4016934528793932,0.38896934425726637,-40.169345287939315,38.896934425726634,693,0.22212089943418367,earnwt_t,"age_t, I(age_t**2), np.log(earnwke_t), C(sex_t), C(race_t), C(ethnic_t), C(grade92_t), C(docc00_t), C(ind02_t), C(unionmme_t), C(unioncov_t)",analytic_sample_0809_retention.csv
2008-2009,0809,stayed_state_local,C(ethnic_t)[T.3.0],ethnicity_hispanic,0.16623642512886416,16.623642512886416,0.16333145433330107,16.333145433330106,0.308779790226166,-0.1538873429069545,0.4863601931646828,-15.38873429069545,48.63601931646828,693,0.22212089943418367,earnwt_t,"age_t, I(age_t**2), np.log(earnwke_t), C(sex_t), C(race_t), C(ethnic_t), C(grade92_t), C(docc00_t), C(ind02_t), C(unionmme_t), C(unioncov_t)",analytic_sample_0809_retention.csv
2008-2009,0809,stayed_state_local,C(ethnic_t)[T.4.0],ethnicity_hispanic,-0.11217666536088186,-11.217666536088187,0.29262104498328884,29.262104498328885,0.701459288528253,-0.685703374646603,0.46135004392483925,-68.5703374646603,46.13500439248392,693,0.22212089943418367,earnwt_t,"age_t, I(age_t**2), np.log(earnwke_t), C(sex_t), C(race_t), C(ethnic_t), C(grade92_t), C(docc00_t), C(ind02_t), C(unionmme_t), C(unioncov_t)",analytic_sample_0809_retention.csv
2008-2009,0809,stayed_state_local,C(ethnic_t)[T.5.0],ethnicity_hispanic,0.22528162273565489,22.52816227356549,0.16870613535358403,16.8706135353584,0.181762044369136,-0.10537632652830936,0.5559395719996192,-10.537632652830936,55.59395719996192,693,0.22212089943418367,earnwt_t,"age_t, I(age_t**2), np.log(earnwke_t), C(sex_t), C(race_t), C(ethnic_t), C(grade92_t), C(docc00_t), C(ind02_t), C(unionmme_t), C(unioncov_t)",analytic_sample_0809_retention.csv
2008-2009,0809,stayed_state_local,C(ethnic_t)[T.MISSING],ethnicity_hispanic,0.061004786273907013,6.100478627390701,0.12965335995557437,12.965335995557437,0.6379819656072299,-0.1931111297136264,0.3151207022614404,-19.31111297136264,31.51207022614404,693,0.22212089943418367,earnwt_t,"age_t, I(age_t**2), np.log(earnwke_t), C(sex_t), C(race_t), C(ethnic_t), C(grade92_t), C(docc00_t), C(ind02_t), C(unionmme_t), C(unioncov_t)",analytic_sample_0809_retention.csv
2008-2009,0809,stayed_state_local,C(grade92_t)[T.33],education,-0.06866671580429218,-6.866671580429218,0.2858319415212846,28.58319415212846,0.810148409189069,-0.6288870268171689,0.49155359520858455,-62.88870268171689,49.155359520858454,693,0.22212089943418367,earnwt_t,"age_t, I(age_t**2), np.log(earnwke_t), C(sex_t), C(race_t), C(ethnic_t), C(grade92_t), C(docc00_t), C(ind02_t), C(unionmme_t), C(unioncov_t)",analytic_sample_0809_retention.csv
2008-2009,0809,stayed_state_local,C(grade92_t)[T.35],education,-0.36869024183803856,-36.86902418380386,0.3693878186819997,36.938781868199975,0.3182252784422498,-1.0926770627825697,0.3552965791064926,-109.26770627825697,35.52965791064926,693,0.22212089943418367,earnwt_t,"age_t, I(age_t**2), np.log(earnwke_t), C(sex_t), C(race_t), C(ethnic_t), C(grade92_t), C(docc00_t), C(ind02_t), C(unionmme_t), C(unioncov_t)",analytic_sample_0809_retention.csv
2008-2009,0809,stayed_state_local,C(grade92_t)[T.36],education,-0.29649520460269024,-29.649520460269024,0.3930910518588104,39.30910518588104,0.45068953019181157,-1.0669395088909253,0.4739490996855447,-106.69395088909252,47.39490996855447,693,0.22212089943418367,earnwt_t,"age_t, I(age_t**2), np.log(earnwke_t), C(sex_t), C(race_t), C(ethnic_t), C(grade92_t), C(docc00_t), C(ind02_t), C(unionmme_t), C(unioncov_t)",analytic_sample_0809_retention.csv
2008-2009,0809,stayed_state_local,C(grade92_t)[T.37],education,-0.27750049520297193,-27.750049520297193,0.327516913848514,32.7516913848514,0.3968357292636987,-0.919421850673767,0.36442086026782317,-91.9421850673767,36.44208602678232,693,0.22212089943418367,earnwt_t,"age_t, I(age_t**2), np.log(earnwke_t), C(sex_t), C(race_t), C(ethnic_t), C(grade92_t), C(docc00_t), C(ind02_t), C(unionmme_t), C(unioncov_t)",analytic_sample_0809_retention.csv
2008-2009,0809,stayed_state_local,C(grade92_t)[T.38],education,0.3510390728270645,35.103907282706444,0.3533666725789184,35.33666725789184,0.32050869231579493,-0.34154687876437306,1.043625024418502,-34.15468787643731,104.3625024418502,693,0.22212089943418367,earnwt_t,"age_t, I(age_t**2), np.log(earnwke_t), C(sex_t), C(race_t), C(ethnic_t), C(grade92_t), C(docc00_t), C(ind02_t), C(unionmme_t), C(unioncov_t)",analytic_sample_0809_retention.csv
2008-2009,0809,stayed_state_local,C(grade92_t)[T.39],education,-0.1733104911703396,-17.33104911703396,0.26984009726976566,26.984009726976566,0.520697187219579,-0.7021873634038652,0.35556638106318605,-70.21873634038653,35.55663810631861,693,0.22212089943418367,earnwt_t,"age_t, I(age_t**2), np.log(earnwke_t), C(sex_t), C(race_t), C(ethnic_t), C(grade92_t), C(docc00_t), C(ind02_t), C(unionmme_t), C(unioncov_t)",analytic_sample_0809_retention.csv
2008-2009,0809,stayed_state_local,C(grade92_t)[T.40],education,-0.20523950716244388,-20.52395071624439,0.27519164316450884,27.519164316450883,0.4557847718392416,-0.7446052166112793,0.33412620228639156,-74.46052166112793,33.412620228639156,693,0.22212089943418367,earnwt_t,"age_t, I(age_t**2), np.log(earnwke_t), C(sex_t), C(race_t), C(ethnic_t), C(grade92_t), C(docc00_t), C(ind02_t), C(unionmme_t), C(unioncov_t)",analytic_sample_0809_retention.csv
2008-2009,0809,stayed_state_local,C(grade92_t)[T.41],education,-0.2580236691274153,-25.80236691274153,0.2891955598317577,28.91955598317577,0.3722794590843833,-0.8248365508865587,0.30878921263172815,-82.48365508865587,30.878921263172813,693,0.22212089943418367,earnwt_t,"age_t, I(age_t**2), np.log(earnwke_t), C(sex_t), C(race_t), C(ethnic_t), C(grade92_t), C(docc00_t), C(ind02_t), C(unionmme_t), C(unioncov_t)",analytic_sample_0809_retention.csv
2008-2009,0809,stayed_state_local,C(grade92_t)[T.42],education,-0.062439338231220054,-6.243933823122005,0.2808047062752984,28.08047062752984,0.8240347461628671,-0.6128064492201535,0.4879277727577134,-61.28064492201535,48.792777275771336,693,0.22212089943418367,earnwt_t,"age_t, I(age_t**2), np.log(earnwke_t), C(sex_t), C(race_t), C(ethnic_t), C(grade92_t), C(docc00_t), C(ind02_t), C(unionmme_t), C(unioncov_t)",analytic_sample_0809_retention.csv
2008-2009,0809,stayed_state_local,C(grade92_t)[T.43],education,-0.19011827934903314,-19.011827934903312,0.2732572081349981,27.32572081349981,0.4865863769392902,-0.7256925658095948,0.3454560071115286,-72.56925658095949,34.54560071115286,693,0.22212089943418367,earnwt_t,"age_t, I(age_t**2), np.log(earnwke_t), C(sex_t), C(race_t), C(ethnic_t), C(grade92_t), C(docc00_t), C(ind02_t), C(unionmme_t), C(unioncov_t)",analytic_sample_0809_retention.csv
2008-2009,0809,stayed_state_local,C(grade92_t)[T.44],education,-0.1828678448613269,-18.28678448613269,0.27497610901254693,27.497610901254692,0.5060301814531847,-0.7218111151348786,0.3560754254122248,-72.18111151348786,35.60754254122248,693,0.22212089943418367,earnwt_t,"age_t, I(age_t**2), np.log(earnwke_t), C(sex_t), C(race_t), C(ethnic_t), C(grade92_t), C(docc00_t), C(ind02_t), C(unionmme_t), C(unioncov_t)",analytic_sample_0809_retention.csv
2008-2009,0809,stayed_state_local,C(grade92_t)[T.45],education,-0.04493362826890468,-4.493362826890468,0.2840847254950507,28.40847254950507,0.8743229890282238,-0.6017294587971518,0.5118622022593424,-60.17294587971518,51.18622022593424,693,0.22212089943418367,earnwt_t,"age_t, I(age_t**2), np.log(earnwke_t), C(sex_t), C(race_t), C(ethnic_t), C(grade92_t), C(docc00_t), C(ind02_t), C(unionmme_t), C(unioncov_t)",analytic_sample_0809_retention.csv
2008-2009,0809,stayed_state_local,C(grade92_t)[T.46],education,-0.052602816841074373,-5.260281684107437,0.3051637817387117,30.51637817387117,0.8631421842170428,-0.6507128384349912,0.5455072047528424,-65.07128384349912,54.550720475284244,693,0.22212089943418367,earnwt_t,"age_t, I(age_t**2), np.log(earnwke_t), C(sex_t), C(race_t), C(ethnic_t), C(grade92_t), C(docc00_t), C(ind02_t), C(unionmme_t), C(unioncov_t)",analytic_sample_0809_retention.csv
2008-2009,0809,stayed_state_local,C(docc00_t)[T.10.0],occupation,0.05427546928979336,5.4275469289793365,0.1040165825449109,10.40165825449109,0.6018121568792005,-0.14959328629316965,0.2581442248727564,-14.959328629316964,25.81442248727564,693,0.22212089943418367,earnwt_t,"age_t, I(age_t**2), np.log(earnwke_t), C(sex_t), C(race_t), C(ethnic_t), C(grade92_t), C(docc00_t), C(ind02_t), C(unionmme_t), C(unioncov_t)",analytic_sample_0809_retention.csv
2008-2009,0809,stayed_state_local,C(docc00_t)[T.11.0],occupation,-0.023043083037591297,-2.3043083037591297,0.22733065727776994,22.733065727776992,0.9192617285499649,-0.4686029838838387,0.42251681780865613,-46.86029838838387,42.25168178086561,693,0.22212089943418367,earnwt_t,"age_t, I(age_t**2), np.log(earnwke_t), C(sex_t), C(race_t), C(ethnic_t), C(grade92_t), C(docc00_t), C(ind02_t), C(unionmme_t), C(unioncov_t)",analytic_sample_0809_retention.csv
2008-2009,0809,stayed_state_local,C(docc00_t)[T.12.0],occupation,0.052910826787823044,5.291082678782304,0.0954031052581003,9.54031052581003,0.5791663914717746,-0.13407582353133737,0.23989747710698348,-13.407582353133737,23.989747710698346,693,0.22212089943418367,earnwt_t,"age_t, I(age_t**2), np.log(earnwke_t), C(sex_t), C(race_t), C(ethnic_t), C(grade92_t), C(docc00_t), C(ind02_t), C(unionmme_t), C(unioncov_t)",analytic_sample_0809_retention.csv
2008-2009,0809,stayed_state_local,C(docc00_t)[T.13.0],occupation,0.10468192750316449,10.46819275031645,0.12974349714285685,12.974349714285685,0.41976007267115245,-0.14961065412511035,0.35897450913143936,-14.961065412511035,35.897450913143935,693,0.22212089943418367,earnwt_t,"age_t, I(age_t**2), np.log(earnwke_t), C(sex_t), C(race_t), C(ethnic_t), C(grade92_t), C(docc00_t), C(ind02_t), C(unionmme_t), C(unioncov_t)",analytic_sample_0809_retention.csv
2008-2009,0809,stayed_state_local,C(docc00_t)[T.14.0],occupation,0.015343901391941445,1.5343901391941444,0.12181089663220812,12.181089663220812,0.8997596830997151,-0.22340106893171782,0.2540888717156007,-22.340106893171782,25.408887171560067,693,0.22212089943418367,earnwt_t,"age_t, I(age_t**2), np.log(earnwke_t), C(sex_t), C(race_t), C(ethnic_t), C(grade92_t), C(docc00_t), C(ind02_t), C(unionmme_t), C(unioncov_t)",analytic_sample_0809_retention.csv
2008-2009,0809,stayed_state_local,C(docc00_t)[T.15.0],occupation,0.05001185413175153,5.001185413175153,0.16050143772116265,16.050143772116265,0.75534639942173,-0.26456518326862577,0.3645888915321288,-26.45651832686258,36.45888915321288,693,0.22212089943418367,earnwt_t,"age_t, I(age_t**2), np.log(earnwke_t), C(sex_t), C(race_t), C(ethnic_t), C(grade92_t), C(docc00_t), C(ind02_t), C(unionmme_t), C(unioncov_t)",analytic_sample_0809_retention.csv
2008-2009,0809,stayed_state_local,C(docc00_t)[T.16.0],occupation,0.11182228238400693,11.182228238400693,0.20058121664791523,20.05812166479152,0.5771918044494195,-0.28130967822113284,0.5049542429891467,-28.130967822113284,50.49542429891467,693,0.22212089943418367,earnwt_t,"age_t, I(age_t**2), np.log(earnwke_t), C(sex_t), C(race_t), C(ethnic_t), C(grade92_t), C(docc00_t), C(ind02_t), C(unionmme_t), C(unioncov_t)",analytic_sample_0809_retention.csv
2008-2009,0809,stayed_state_local,C(docc00_t)[T.17.0],occupation,-0.018883181999745036,-1.8883181999745036,0.08369409837262395,8.369409837262396,0.8214958733210418,-0.18292060052864034,0.14515423652915027,-18.292060052864034,14.515423652915027,693,0.22212089943418367,earnwt_t,"age_t, I(age_t**2), np.log(earnwke_t), C(sex_t), C(race_t), C(ethnic_t), C(grade92_t), C(docc00_t), C(ind02_t), C(unionmme_t), C(unioncov_t)",analytic_sample_0809_retention.csv
2008-2009,0809,stayed_state_local,C(docc00_t)[T.19.0],occupation,0.028153107024675356,2.8153107024675355,0.13475740982519613,13.475740982519612,0.834513072086252,-0.23596656288261306,0.29227277693196374,-23.596656288261304,29.227277693196374,693,0.22212089943418367,earnwt_t,"age_t, I(age_t**2), np.log(earnwke_t), C(sex_t), C(race_t), C(ethnic_t), C(grade92_t), C(docc00_t), C(ind02_t), C(unionmme_t), C(unioncov_t)",analytic_sample_0809_retention.csv
2008-2009,0809,stayed_state_local,C(docc00_t)[T.2.0],occupation,0.17254120727506056,17.254120727506056,0.10413186168790607,10.413186168790608,0.09752974149873354,-0.03155349127634163,0.3766359058264628,-3.1553491276341634,37.66359058264628,693,0.22212089943418367,earnwt_t,"age_t, I(age_t**2), np.log(earnwke_t), C(sex_t), C(race_t), C(ethnic_t), C(grade92_t), C(docc00_t), C(ind02_t), C(unionmme_t), C(unioncov_t)",analytic_sample_0809_retention.csv
2008-2009,0809,stayed_state_local,C(docc00_t)[T.20.0],occupation,-0.07402131709861107,-7.402131709861107,0.1411740686887868,14.117406868878678,0.6000514103534211,-0.35071740727961687,0.20267477308239476,-35.07174072796169,20.267477308239474,693,0.22212089943418367,earnwt_t,"age_t, I(age_t**2), np.log(earnwke_t), C(sex_t), C(race_t), C(ethnic_t), C(grade92_t), C(docc00_t), C(ind02_t), C(unionmme_t), C(unioncov_t)",analytic_sample_0809_retention.csv
2008-2009,0809,stayed_state_local,C(docc00_t)[T.21.0],occupation,0.5483930268398186,54.83930268398186,0.29898100200987765,29.898100200987766,0.0666232826296057,-0.03759896916123906,1.1343850228408763,-3.759896916123906,113.43850228408763,693,0.22212089943418367,earnwt_t,"age_t, I(age_t**2), np.log(earnwke_t), C(sex_t), C(race_t), C(ethnic_t), C(grade92_t), C(docc00_t), C(ind02_t), C(unionmme_t), C(unioncov_t)",analytic_sample_0809_retention.csv
2008-2009,0809,stayed_state_local,C(docc00_t)[T.22.0],occupation,0.03925035416890381,3.9250354168903807,0.12409692212828236,12.409692212828235,0.7517839989635129,-0.2039751437948013,0.2824758521326089,-20.397514379480132,28.24758521326089,693,0.22212089943418367,earnwt_t,"age_t, I(age_t**2), np.log(earnwke_t), C(sex_t), C(race_t), C(ethnic_t), C(grade92_t), C(docc00_t), C(ind02_t), C(unionmme_t), C(unioncov_t)",analytic_sample_0809_retention.csv
2008-2009,0809,stayed_state_local,C(docc00_t)[T.3.0],occupation,0.11685603883099524,11.685603883099525,0.1053932838842533,10.53932838842533,0.2675329878219149,-0.08971100179454691,0.32342307945653737,-8.971100179454691,32.34230794565374,693,0.22212089943418367,earnwt_t,"age_t, I(age_t**2), np.log(earnwke_t), C(sex_t), C(race_t), C(ethnic_t), C(grade92_t), C(docc00_t), C(ind02_t), C(unionmme_t), C(unioncov_t)",analytic_sample_0809_retention.csv
2008-2009,0809,stayed_state_local,C(docc00_t)[T.4.0],occupation,-0.3754704239572657,-37.54704239572657,0.3459077912857473,34.59077912857473,0.2777162392933299,-1.0534372368491285,0.30249638893459696,-105.34372368491285,30.249638893459696,693,0.22212089943418367,earnwt_t,"age_t, I(age_t**2), np.log(earnwke_t), C(sex_t), C(race_t), C(ethnic_t), C(grade92_t), C(docc00_t), C(ind02_t), C(unionmme_t), C(unioncov_t)",analytic_sample_0809_retention.csv
2008-2009,0809,stayed_state_local,C(docc00_t)[T.5.0],occupation,-0.10067106695479634,-10.067106695479634,0.1528613006848547,15.28613006848547,0.5101668895462538,-0.40027371092705943,0.19893157701746678,-40.02737109270594,19.893157701746677,693,0.22212089943418367,earnwt_t,"age_t, I(age_t**2), np.log(earnwke_t), C(sex_t), C(race_t), C(ethnic_t), C(grade92_t), C(docc00_t), C(ind02_t), C(unionmme_t), C(unioncov_t)",analytic_sample_0809_retention.csv
2008-2009,0809,stayed_state_local,C(docc00_t)[T.6.0],occupation,-0.011303663719233026,-1.1303663719233026,0.10651301005046158,10.65130100504616,0.9154833955544234,-0.22006532730309053,0.19745799986462448,-22.006532730309054,19.745799986462448,693,0.22212089943418367,earnwt_t,"age_t, I(age_t**2), np.log(earnwke_t), C(sex_t), C(race_t), C(ethnic_t), C(grade92_t), C(docc00_t), C(ind02_t), C(unionmme_t), C(unioncov_t)",analytic_sample_0809_retention.csv
2008-2009,0809,stayed_state_local,C(docc00_t)[T.7.0],occupation,-0.12721689987295143,-12.721689987295143,0.12721808219213138,12.721808219213138,0.3173150054618882,-0.3765597591517853,0.12212595940588247,-37.65597591517853,12.212595940588248,693,0.22212089943418367,earnwt_t,"age_t, I(age_t**2), np.log(earnwke_t), C(sex_t), C(race_t), C(ethnic_t), C(grade92_t), C(docc00_t), C(ind02_t), C(unionmme_t), C(unioncov_t)",analytic_sample_0809_retention.csv
2008-2009,0809,stayed_state_local,C(docc00_t)[T.8.0],occupation,0.046460315942404004,4.646031594240401,0.07444619816463781,7.4446198164637805,0.5325756424408656,-0.09945155124621798,0.192372183131026,-9.945155124621797,19.2372183131026,693,0.22212089943418367,earnwt_t,"age_t, I(age_t**2), np.log(earnwke_t), C(sex_t), C(race_t), C(ethnic_t), C(grade92_t), C(docc00_t), C(ind02_t), C(unionmme_t), C(unioncov_t)",analytic_sample_0809_retention.csv
2008-2009,0809,stayed_state_local,C(docc00_t)[T.9.0],occupation,-0.3597224855747864,-35.97224855747864,0.26769622822131456,26.769622822131456,0.17902238072047472,-0.8843974516857778,0.16495248053620487,-88.43974516857777,16.495248053620486,693,0.22212089943418367,earnwt_t,"age_t, I(age_t**2), np.log(earnwke_t), C(sex_t), C(race_t), C(ethnic_t), C(grade92_t), C(docc00_t), C(ind02_t), C(unionmme_t), C(unioncov_t)",analytic_sample_0809_retention.csv
2008-2009,0809,stayed_state_local,C(ind02_t)[T.3580.0],industry,-0.082793100326924,-8.2793100326924,0.20350214072224435,20.350214072224436,0.6841244615480715,-0.4816499669193248,0.31606376626547683,-48.16499669193248,31.606376626547682,693,0.22212089943418367,earnwt_t,"age_t, I(age_t**2), np.log(earnwke_t), C(sex_t), C(race_t), C(ethnic_t), C(grade92_t), C(docc00_t), C(ind02_t), C(unionmme_t), C(unioncov_t)",analytic_sample_0809_retention.csv
2008-2009,0809,stayed_state_local,C(ind02_t)[T.3870.0],industry,-0.5345438712591171,-53.45438712591171,0.33208001206793825,33.208001206793824,0.10746686681912318,-1.1854087348979025,0.11632099237966842,-118.54087348979026,11.632099237966841,693,0.22212089943418367,earnwt_t,"age_t, I(age_t**2), np.log(earnwke_t), C(sex_t), C(race_t), C(ethnic_t), C(grade92_t), C(docc00_t), C(ind02_t), C(unionmme_t), C(unioncov_t)",analytic_sample_0809_retention.csv
2008-2009,0809,stayed_state_local,C(ind02_t)[T.4870.0],industry,0.92647940676431,92.64794067643099,0.18015029235947902,18.015029235947903,2.7065386207735315e-07,0.5733913219353698,1.2795674915932502,57.339132193536976,127.95674915932503,693,0.22212089943418367,earnwt_t,"age_t, I(age_t**2), np.log(earnwke_t), C(sex_t), C(race_t), C(ethnic_t), C(grade92_t), C(docc00_t), C(ind02_t), C(unionmme_t), C(unioncov_t)",analytic_sample_0809_retention.csv
2008-2009,0809,stayed_state_local,C(ind02_t)[T.5370.0],industry,1.1153993795344084,111.53993795344084,0.1749772055196388,17.49772055196388,1.8351165877829021e-10,0.7724503586004532,1.4583484004683636,77.24503586004532,145.83484004683635,693,0.22212089943418367,earnwt_t,"age_t, I(age_t**2), np.log(earnwke_t), C(sex_t), C(race_t), C(ethnic_t), C(grade92_t), C(docc00_t), C(ind02_t), C(unionmme_t), C(unioncov_t)",analytic_sample_0809_retention.csv
2008-2009,0809,stayed_state_local,C(ind02_t)[T.6180.0],industry,0.343148494883468,34.3148494883468,0.2599919739278084,25.999197392780836,0.18688755976834148,-0.1664264102845131,0.8527234000514491,-16.64264102845131,85.27234000514491,693,0.22212089943418367,earnwt_t,"age_t, I(age_t**2), np.log(earnwke_t), C(sex_t), C(race_t), C(ethnic_t), C(grade92_t), C(docc00_t), C(ind02_t), C(unionmme_t), C(unioncov_t)",analytic_sample_0809_retention.csv
2008-2009,0809,stayed_state_local,C(ind02_t)[T.6290.0],industry,0.925660633032994,92.5660633032994,0.22204983803909686,22.204983803909688,3.0633296879853156e-05,0.490450947703412,1.3608703183625759,49.0450947703412,136.08703183625758,693,0.22212089943418367,earnwt_t,"age_t, I(age_t**2), np.log(earnwke_t), C(sex_t), C(race_t), C(ethnic_t), C(grade92_t), C(docc00_t), C(ind02_t), C(unionmme_t), C(unioncov_t)",analytic_sample_0809_retention.csv
2008-2009,0809,stayed_state_local,C(ind02_t)[T.670.0],industry,0.2140033501282625,21.40033501282625,0.2319540923087758,23.19540923087758,0.3562100666476167,-0.24061831686361723,0.6686250171201422,-24.061831686361725,66.86250171201422,693,0.22212089943418367,earnwt_t,"age_t, I(age_t**2), np.log(earnwke_t), C(sex_t), C(race_t), C(ethnic_t), C(grade92_t), C(docc00_t), C(ind02_t), C(unionmme_t), C(unioncov_t)",analytic_sample_0809_retention.csv
2008-2009,0809,stayed_state_local,C(ind02_t)[T.6770.0],industry,0.7285743165108467,72.85743165108467,0.2445969685144039,24.45969685144039,0.002894998194193959,0.24917306749493745,1.207975565526756,24.917306749493743,120.79755655267559,693,0.22212089943418367,earnwt_t,"age_t, I(age_t**2), np.log(earnwke_t), C(sex_t), C(race_t), C(ethnic_t), C(grade92_t), C(docc00_t), C(ind02_t), C(unionmme_t), C(unioncov_t)",analytic_sample_0809_retention.csv
2008-2009,0809,stayed_state_local,C(ind02_t)[T.680.0],industry,0.7013510220280033,70.13510220280033,0.2624230915405249,26.24230915405249,0.007526673480483632,0.18701121389691677,1.2156908301590899,18.70112138969168,121.56908301590899,693,0.22212089943418367,earnwt_t,"age_t, I(age_t**2), np.log(earnwke_t), C(sex_t), C(race_t), C(ethnic_t), C(grade92_t), C(docc00_t), C(ind02_t), C(unionmme_t), C(unioncov_t)",analytic_sample_0809_retention.csv
2008-2009,0809,stayed_state_local,C(ind02_t)[T.6890.0],industry,0.5109996223287367,51.09996223287367,0.4325467515852542,43.254675158525416,0.23745405694443755,-0.336776432408155,1.3587756770656285,-33.6776432408155,135.87756770656284,693,0.22212089943418367,earnwt_t,"age_t, I(age_t**2), np.log(earnwke_t), C(sex_t), C(race_t), C(ethnic_t), C(grade92_t), C(docc00_t), C(ind02_t), C(unionmme_t), C(unioncov_t)",analytic_sample_0809_retention.csv
2008-2009,0809,stayed_state_local,C(ind02_t)[T.7070.0],industry,0.5840357309289557,58.40357309289557,0.41575872775975536,41.57587277597553,0.16009659201415227,-0.23083640173835807,1.3989078635962695,-23.083640173835807,139.89078635962696,693,0.22212089943418367,earnwt_t,"age_t, I(age_t**2), np.log(earnwke_t), C(sex_t), C(race_t), C(ethnic_t), C(grade92_t), C(docc00_t), C(ind02_t), C(unionmme_t), C(unioncov_t)",analytic_sample_0809_retention.csv
2008-2009,0809,stayed_state_local,C(ind02_t)[T.7290.0],industry,1.1646260681633196,116.46260681633196,0.26107460753068046,26.107460753068047,8.16185751713879e-06,0.6529292401252563,1.6763228962013828,65.29292401252563,167.63228962013827,693,0.22212089943418367,earnwt_t,"age_t, I(age_t**2), np.log(earnwke_t), C(sex_t), C(race_t), C(ethnic_t), C(grade92_t), C(docc00_t), C(ind02_t), C(unionmme_t), C(unioncov_t)",analytic_sample_0809_retention.csv
2008-2009,0809,stayed_state_local,C(ind02_t)[T.7580.0],industry,0.446869287159811,44.6869287159811,0.3210897945285095,32.10897945285095,0.16400512949640156,-0.18245514591943368,1.0761937202390557,-18.24551459194337,107.61937202390557,693,0.22212089943418367,earnwt_t,"age_t, I(age_t**2), np.log(earnwke_t), C(sex_t), C(race_t), C(ethnic_t), C(grade92_t), C(docc00_t), C(ind02_t), C(unionmme_t), C(unioncov_t)",analytic_sample_0809_retention.csv
2008-2009,0809,stayed_state_local,C(ind02_t)[T.770.0],industry,0.8346507408639579,83.46507408639579,0.1992342374295556,19.92342374295556,2.7982401010430812e-05,0.4441588110147269,1.225142670713189,44.415881101472685,122.5142670713189,693,0.22212089943418367,earnwt_t,"age_t, I(age_t**2), np.log(earnwke_t), C(sex_t), C(race_t), C(ethnic_t), C(grade92_t), C(docc00_t), C(ind02_t), C(unionmme_t), C(unioncov_t)",analytic_sample_0809_retention.csv
2008-2009,0809,stayed_state_local,C(ind02_t)[T.7780.0],industry,0.026425177709298725,2.6425177709298726,0.1939077778099844,19.390777780998437,0.8916022751202322,-0.35362708312046576,0.40647743853906315,-35.36270831204658,40.64774385390631,693,0.22212089943418367,earnwt_t,"age_t, I(age_t**2), np.log(earnwke_t), C(sex_t), C(race_t), C(ethnic_t), C(grade92_t), C(docc00_t), C(ind02_t), C(unionmme_t), C(unioncov_t)",analytic_sample_0809_retention.csv
2008-2009,0809,stayed_state_local,C(ind02_t)[T.7790.0],industry,1.0051939514060901,100.51939514060902,0.17700607199309704,17.700607199309704,1.3558980667203607e-08,0.658268425254716,1.3521194775574643,65.82684252547159,135.21194775574642,693,0.22212089943418367,earnwt_t,"age_t, I(age_t**2), np.log(earnwke_t), C(sex_t), C(race_t), C(ethnic_t), C(grade92_t), C(docc00_t), C(ind02_t), C(unionmme_t), C(unioncov_t)",analytic_sample_0809_retention.csv
2008-2009,0809,stayed_state_local,C(ind02_t)[T.7860.0],industry,0.6927054245217621,69.27054245217622,0.1512376245069779,15.12376245069779,4.644308090567803e-06,0.39628512738069316,0.9891257216628311,39.62851273806932,98.91257216628311,693,0.22212089943418367,earnwt_t,"age_t, I(age_t**2), np.log(earnwke_t), C(sex_t), C(race_t), C(ethnic_t), C(grade92_t), C(docc00_t), C(ind02_t), C(unionmme_t), C(unioncov_t)",analytic_sample_0809_retention.csv
2008-2009,0809,stayed_state_local,C(ind02_t)[T.7870.0],industry,0.6103861077094146,61.03861077094146,0.15632384847702685,15.632384847702685,9.437135298181699e-05,0.3039969947697454,0.9167752206490838,30.39969947697454,91.67752206490837,693,0.22212089943418367,earnwt_t,"age_t, I(age_t**2), np.log(earnwke_t), C(sex_t), C(race_t), C(ethnic_t), C(grade92_t), C(docc00_t), C(ind02_t), C(unionmme_t), C(unioncov_t)",analytic_sample_0809_retention.csv
2008-2009,0809,stayed_state_local,C(ind02_t)[T.7880.0],industry,0.8797550938853269,87.97550938853269,0.1559675399030061,15.596753990300611,1.6942966409874962e-08,0.5740643329181212,1.1854458548525326,57.40643329181212,118.54458548525326,693,0.22212089943418367,earnwt_t,"age_t, I(age_t**2), np.log(earnwke_t), C(sex_t), C(race_t), C(ethnic_t), C(grade92_t), C(docc00_t), C(ind02_t), C(unionmme_t), C(unioncov_t)",analytic_sample_0809_retention.csv
2008-2009,0809,stayed_state_local,C(ind02_t)[T.7890.0],industry,0.7045285773685176,70.45285773685175,0.35622254242277746,35.62225424227775,0.04795392436576551,0.006345223738582262,1.402711930998453,0.6345223738582262,140.2711930998453,693,0.22212089943418367,earnwt_t,"age_t, I(age_t**2), np.log(earnwke_t), C(sex_t), C(race_t), C(ethnic_t), C(grade92_t), C(docc00_t), C(ind02_t), C(unionmme_t), C(unioncov_t)",analytic_sample_0809_retention.csv
2008-2009,0809,stayed_state_local,C(ind02_t)[T.8080.0],industry,-0.19145625628994656,-19.145625628994654,0.17108578980255534,17.108578980255533,0.2631120686205469,-0.5267782425695451,0.14386572998965197,-52.67782425695451,14.386572998965196,693,0.22212089943418367,earnwt_t,"age_t, I(age_t**2), np.log(earnwke_t), C(sex_t), C(race_t), C(ethnic_t), C(grade92_t), C(docc00_t), C(ind02_t), C(unionmme_t), C(unioncov_t)",analytic_sample_0809_retention.csv
2008-2009,0809,stayed_state_local,C(ind02_t)[T.8090.0],industry,0.6469584396189602,64.69584396189602,0.3044894137803527,30.448941378035272,0.033608971157516675,0.05017015493575483,1.2437467243021656,5.017015493575483,124.37467243021656,693,0.22212089943418367,earnwt_t,"age_t, I(age_t**2), np.log(earnwke_t), C(sex_t), C(race_t), C(ethnic_t), C(grade92_t), C(docc00_t), C(ind02_t), C(unionmme_t), C(unioncov_t)",analytic_sample_0809_retention.csv
2008-2009,0809,stayed_state_local,C(ind02_t)[T.8170.0],industry,0.3931499787367305,39.31499787367305,0.3674582445107541,36.74582445107541,0.2846564790331352,-0.32705494632666054,1.1133549038001216,-32.70549463266605,111.33549038001216,693,0.22212089943418367,earnwt_t,"age_t, I(age_t**2), np.log(earnwke_t), C(sex_t), C(race_t), C(ethnic_t), C(grade92_t), C(docc00_t), C(ind02_t), C(unionmme_t), C(unioncov_t)",analytic_sample_0809_retention.csv
2008-2009,0809,stayed_state_local,C(ind02_t)[T.8180.0],industry,0.5932360717571638,59.323607175716376,0.27894251312604157,27.89425131260416,0.033442326428269026,0.04651879227303102,1.1399533512412965,4.651879227303102,113.99533512412965,693,0.22212089943418367,earnwt_t,"age_t, I(age_t**2), np.log(earnwke_t), C(sex_t), C(race_t), C(ethnic_t), C(grade92_t), C(docc00_t), C(ind02_t), C(unionmme_t), C(unioncov_t)",analytic_sample_0809_retention.csv
2008-2009,0809,stayed_state_local,C(ind02_t)[T.8190.0],industry,0.4856960228047974,48.56960228047974,0.24235558309779118,24.23555830977912,0.045063238938916624,0.010687808480922434,0.9607042371286724,1.0687808480922434,96.07042371286724,693,0.22212089943418367,earnwt_t,"age_t, I(age_t**2), np.log(earnwke_t), C(sex_t), C(race_t), C(ethnic_t), C(grade92_t), C(docc00_t), C(ind02_t), C(unionmme_t), C(unioncov_t)",analytic_sample_0809_retention.csv
2008-2009,0809,stayed_state_local,C(ind02_t)[T.8270.0],industry,0.7904417495303246,79.04417495303247,0.187580328476196,18.7580328476196,2.5101621473571114e-05,0.42279106150878737,1.158092437551862,42.27910615087874,115.8092437551862,693,0.22212089943418367,earnwt_t,"age_t, I(age_t**2), np.log(earnwke_t), C(sex_t), C(race_t), C(ethnic_t), C(grade92_t), C(docc00_t), C(ind02_t), C(unionmme_t), C(unioncov_t)",analytic_sample_0809_retention.csv
2008-2009,0809,stayed_state_local,C(ind02_t)[T.8290.0],industry,0.5923551414012892,59.23551414012892,0.3552894988330091,35.52894988330091,0.09546541786391326,-0.10399948039669416,1.2887097631992726,-10.399948039669415,128.87097631992725,693,0.22212089943418367,earnwt_t,"age_t, I(age_t**2), np.log(earnwke_t), C(sex_t), C(race_t), C(ethnic_t), C(grade92_t), C(docc00_t), C(ind02_t), C(unionmme_t), C(unioncov_t)",analytic_sample_0809_retention.csv
2008-2009,0809,stayed_state_local,C(ind02_t)[T.8370.0],industry,0.9805215729882266,98.05215729882266,0.1642162364100388,16.42162364100388,2.3592326418318722e-09,0.6586636639478355,1.3023794820286176,65.86636639478355,130.23794820286176,693,0.22212089943418367,earnwt_t,"age_t, I(age_t**2), np.log(earnwke_t), C(sex_t), C(race_t), C(ethnic_t), C(grade92_t), C(docc00_t), C(ind02_t), C(unionmme_t), C(unioncov_t)",analytic_sample_0809_retention.csv
2008-2009,0809,stayed_state_local,C(ind02_t)[T.8390.0],industry,0.3998045452317599,39.98045452317599,0.34634209894231993,34.634209894231994,0.2483513293616897,-0.2790134950251951,1.078622585488715,-27.901349502519512,107.86225854887151,693,0.22212089943418367,earnwt_t,"age_t, I(age_t**2), np.log(earnwke_t), C(sex_t), C(race_t), C(ethnic_t), C(grade92_t), C(docc00_t), C(ind02_t), C(unionmme_t), C(unioncov_t)",analytic_sample_0809_retention.csv
2008-2009,0809,stayed_state_local,C(ind02_t)[T.8470.0],industry,0.3040588042557511,30.40588042557511,0.2913763822181327,29.137638221813273,0.2967047873978238,-0.2670284108373661,0.8751460193488683,-26.70284108373661,87.51460193488683,693,0.22212089943418367,earnwt_t,"age_t, I(age_t**2), np.log(earnwke_t), C(sex_t), C(race_t), C(ethnic_t), C(grade92_t), C(docc00_t), C(ind02_t), C(unionmme_t), C(unioncov_t)",analytic_sample_0809_retention.csv
2008-2009,0809,stayed_state_local,C(ind02_t)[T.8560.0],industry,-0.0797721363036534,-7.97721363036534,0.1550994557888267,15.50994557888267,0.6070220423265207,-0.3837614836715161,0.2242172110642093,-38.37614836715161,22.42172110642093,693,0.22212089943418367,earnwt_t,"age_t, I(age_t**2), np.log(earnwke_t), C(sex_t), C(race_t), C(ethnic_t), C(grade92_t), C(docc00_t), C(ind02_t), C(unionmme_t), C(unioncov_t)",analytic_sample_0809_retention.csv
2008-2009,0809,stayed_state_local,C(ind02_t)[T.8570.0],industry,0.3782594374787817,37.82594374787817,0.22350232120698582,22.350232120698582,0.09056622938513033,-0.05979706254801326,0.8163159375055766,-5.979706254801326,81.63159375055767,693,0.22212089943418367,earnwt_t,"age_t, I(age_t**2), np.log(earnwke_t), C(sex_t), C(race_t), C(ethnic_t), C(grade92_t), C(docc00_t), C(ind02_t), C(unionmme_t), C(unioncov_t)",analytic_sample_0809_retention.csv
2008-2009,0809,stayed_state_local,C(ind02_t)[T.8590.0],industry,-0.06105372303936926,-6.105372303936926,0.1544068524768912,15.440685247689121,0.692541718428395,-0.36368559286026525,0.24157814678152675,-36.368559286026525,24.157814678152675,693,0.22212089943418367,earnwt_t,"age_t, I(age_t**2), np.log(earnwke_t), C(sex_t), C(race_t), C(ethnic_t), C(grade92_t), C(docc00_t), C(ind02_t), C(unionmme_t), C(unioncov_t)",analytic_sample_0809_retention.csv
2008-2009,0809,stayed_state_local,C(ind02_t)[T.9090.0],industry,0.4999921800776433,49.99921800776433,0.2571488357151398,25.71488357151398,0.051850990206647,-0.0040102765904379,1.0039946367457244,-0.40102765904379,100.39946367457244,693,0.22212089943418367,earnwt_t,"age_t, I(age_t**2), np.log(earnwke_t), C(sex_t), C(race_t), C(ethnic_t), C(grade92_t), C(docc00_t), C(ind02_t), C(unionmme_t), C(unioncov_t)",analytic_sample_0809_retention.csv
2008-2009,0809,stayed_state_local,C(ind02_t)[T.9370.0],industry,0.9397627883827913,93.97627883827913,0.15295331438271761,15.295331438271761,8.041045467795535e-10,0.6399798008766324,1.23954577588895,63.997980087663244,123.954577588895,693,0.22212089943418367,earnwt_t,"age_t, I(age_t**2), np.log(earnwke_t), C(sex_t), C(race_t), C(ethnic_t), C(grade92_t), C(docc00_t), C(ind02_t), C(unionmme_t), C(unioncov_t)",analytic_sample_0809_retention.csv
2008-2009,0809,stayed_state_local,C(ind02_t)[T.9380.0],industry,0.523669897091754,52.36698970917541,0.24416886504309399,24.4168865043094,0.03197653544875173,0.04510771546126885,1.0022320787222392,4.510771546126885,100.22320787222392,693,0.22212089943418367,earnwt_t,"age_t, I(age_t**2), np.log(earnwke_t), C(sex_t), C(race_t), C(ethnic_t), C(grade92_t), C(docc00_t), C(ind02_t), C(unionmme_t), C(unioncov_t)",analytic_sample_0809_retention.csv
2008-2009,0809,stayed_state_local,C(ind02_t)[T.9390.0],industry,0.950696361328907,95.06963613289071,0.17883840707311774,17.883840707311773,1.0610120480018606e-07,0.600179524413083,1.301213198244731,60.017952441308296,130.1213198244731,693,0.22212089943418367,earnwt_t,"age_t, I(age_t**2), np.log(earnwke_t), C(sex_t), C(race_t), C(ethnic_t), C(grade92_t), C(docc00_t), C(ind02_t), C(unionmme_t), C(unioncov_t)",analytic_sample_0809_retention.csv
2008-2009,0809,stayed_state_local,C(ind02_t)[T.9470.0],industry,0.8257770038438517,82.57770038438517,0.15981406010151475,15.981406010151474,2.3773995877475906e-07,0.5125472018217632,1.1390068058659402,51.254720182176314,113.90068058659402,693,0.22212089943418367,earnwt_t,"age_t, I(age_t**2), np.log(earnwke_t), C(sex_t), C(race_t), C(ethnic_t), C(grade92_t), C(docc00_t), C(ind02_t), C(unionmme_t), C(unioncov_t)",analytic_sample_0809_retention.csv
2008-2009,0809,stayed_state_local,C(ind02_t)[T.9480.0],industry,0.721907317975913,72.1907317975913,0.16422935941028402,16.422935941028403,1.1040296423590285e-05,0.4000236883276721,1.0437909476241538,40.00236883276721,104.37909476241538,693,0.22212089943418367,earnwt_t,"age_t, I(age_t**2), np.log(earnwke_t), C(sex_t), C(race_t), C(ethnic_t), C(grade92_t), C(docc00_t), C(ind02_t), C(unionmme_t), C(unioncov_t)",analytic_sample_0809_retention.csv
2008-2009,0809,stayed_state_local,C(ind02_t)[T.9490.0],industry,0.7826982039450586,78.26982039450586,0.16317700470181304,16.317700470181304,1.6136471356151692e-06,0.46287715162438203,1.1025192562657353,46.287715162438204,110.25192562657354,693,0.22212089943418367,earnwt_t,"age_t, I(age_t**2), np.log(earnwke_t), C(sex_t), C(race_t), C(ethnic_t), C(grade92_t), C(docc00_t), C(ind02_t), C(unionmme_t), C(unioncov_t)",analytic_sample_0809_retention.csv
2008-2009,0809,stayed_state_local,C(ind02_t)[T.9570.0],industry,0.7607359539055103,76.07359539055103,0.1765807341701344,17.65807341701344,1.6462714452782034e-05,0.41464407456840563,1.106827833242615,41.46440745684056,110.6827833242615,693,0.22212089943418367,earnwt_t,"age_t, I(age_t**2), np.log(earnwke_t), C(sex_t), C(race_t), C(ethnic_t), C(grade92_t), C(docc00_t), C(ind02_t), C(unionmme_t), C(unioncov_t)",analytic_sample_0809_retention.csv
2008-2009,0809,stayed_state_local,C(unionmme_t)[T.2.0],union,-0.15252743904708366,-15.252743904708366,0.15831097407144862,15.831097407144862,0.33531309105614104,-0.4628112465845773,0.15775636849040997,-46.28112465845773,15.775636849040996,693,0.22212089943418367,earnwt_t,"age_t, I(age_t**2), np.log(earnwke_t), C(sex_t), C(race_t), C(ethnic_t), C(grade92_t), C(docc00_t), C(ind02_t), C(unionmme_t), C(unioncov_t)",analytic_sample_0809_retention.csv
2008-2009,0809,stayed_state_local,C(unioncov_t)[T.2.0],union,-0.014886539374588975,-1.4886539374588974,0.08529409398352825,8.529409398352824,0.861447471259225,-0.18205989167627884,0.1522868129271009,-18.205989167627884,15.228681292710089,693,0.22212089943418367,earnwt_t,"age_t, I(age_t**2), np.log(earnwke_t), C(sex_t), C(race_t), C(ethnic_t), C(grade92_t), C(docc00_t), C(ind02_t), C(unionmme_t), C(unioncov_t)",analytic_sample_0809_retention.csv
2008-2009,0809,stayed_state_local,C(unioncov_t)[T.MISSING],union,-0.1010567014044364,-10.10567014044364,0.15345479722207905,15.345479722207905,0.5101887782287022,-0.40182257721460846,0.19970917440573566,-40.18225772146084,19.970917440573565,693,0.22212089943418367,earnwt_t,"age_t, I(age_t**2), np.log(earnwke_t), C(sex_t), C(race_t), C(ethnic_t), C(grade92_t), C(docc00_t), C(ind02_t), C(unionmme_t), C(unioncov_t)",analytic_sample_0809_retention.csv
2008-2009,0809,stayed_state_local,illinois,treatment,0.053690084777064946,5.369008477706495,0.03436168719456563,3.436168719456563,0.11817059842184834,-0.013657584572314856,0.12103775412644474,-1.3657584572314856,12.103775412644474,693,0.22212089943418367,earnwt_t,"age_t, I(age_t**2), np.log(earnwke_t), C(sex_t), C(race_t), C(ethnic_t), C(grade92_t), C(docc00_t), C(ind02_t), C(unionmme_t), C(unioncov_t)",analytic_sample_0809_retention.csv
2008-2009,0809,stayed_state_local,age_t,age,0.0054987974996253425,0.5498797499625343,0.008819539745226857,0.8819539745226858,0.5329698219416503,-0.011787182761238862,0.022784777760489545,-1.1787182761238861,2.2784777760489545,693,0.22212089943418367,earnwt_t,"age_t, I(age_t**2), np.log(earnwke_t), C(sex_t), C(race_t), C(ethnic_t), C(grade92_t), C(docc00_t), C(ind02_t), C(unionmme_t), C(unioncov_t)",analytic_sample_0809_retention.csv
2008-2009,0809,stayed_state_local,I(age_t ** 2),age,-5.668382365987029e-05,-0.0056683823659870285,9.361749619233083e-05,0.009361749619233082,0.5448579663665927,-0.00024017074451965437,0.0001268030971999138,-0.024017074451965437,0.01268030971999138,693,0.22212089943418367,earnwt_t,"age_t, I(age_t**2), np.log(earnwke_t), C(sex_t), C(race_t), C(ethnic_t), C(grade92_t), C(docc00_t), C(ind02_t), C(unionmme_t), C(unioncov_t)",analytic_sample_0809_retention.csv
2008-2009,0809,stayed_state_local,np.log(earnwke_t),earnings,0.06416112214090461,6.416112214090461,0.02315156030424685,2.315156030424685,0.005582404927312253,0.018784897758673605,0.10953734652313561,1.8784897758673604,10.95373465231356,693,0.22212089943418367,earnwt_t,"age_t, I(age_t**2), np.log(earnwke_t), C(sex_t), C(race_t), C(ethnic_t), C(grade92_t), C(docc00_t), C(ind02_t), C(unionmme_t), C(unioncov_t)",analytic_sample_0809_retention.csv
2009-2010,0910,stayed_state_local,Intercept,intercept,0.11603336042364093,11.603336042364093,0.3223255294316128,32.23255294316128,0.7188560198902083,-0.5157130685601254,0.7477797894074072,-51.57130685601254,74.77797894074072,689,0.1630276505269368,earnwt_t,"age_t, I(age_t**2), np.log(earnwke_t), C(sex_t), C(race_t), C(ethnic_t), C(grade92_t), C(docc00_t), C(ind02_t), C(unionmme_t), C(unioncov_t)",analytic_sample_0910_retention.csv
2009-2010,0910,stayed_state_local,C(sex_t)[T.2],sex,0.009571413320081889,0.9571413320081888,0.040984285370377106,4.0984285370377105,0.8153431864789467,-0.07075630993796907,0.08989913657813285,-7.075630993796906,8.989913657813284,689,0.1630276505269368,earnwt_t,"age_t, I(age_t**2), np.log(earnwke_t), C(sex_t), C(race_t), C(ethnic_t), C(grade92_t), C(docc00_t), C(ind02_t), C(unionmme_t), C(unioncov_t)",analytic_sample_0910_retention.csv
2009-2010,0910,stayed_state_local,C(race_t)[T.15],race,-0.48368166736665325,-48.36816673666532,0.13452058755356758,13.452058755356758,0.000323649923346031,-0.7473371741508128,-0.22002616058249375,-74.73371741508129,-22.002616058249373,689,0.1630276505269368,earnwt_t,"age_t, I(age_t**2), np.log(earnwke_t), C(sex_t), C(race_t), C(ethnic_t), C(grade92_t), C(docc00_t), C(ind02_t), C(unionmme_t), C(unioncov_t)",analytic_sample_0910_retention.csv
2009-2010,0910,stayed_state_local,C(race_t)[T.2],race,-0.09220578277310701,-9.2205782773107,0.06934224439975749,6.934224439975749,0.18361047831374822,-0.22811408440380596,0.04370251885759194,-22.811408440380596,4.370251885759194,689,0.1630276505269368,earnwt_t,"age_t, I(age_t**2), np.log(earnwke_t), C(sex_t), C(race_t), C(ethnic_t), C(grade92_t), C(docc00_t), C(ind02_t), C(unionmme_t), C(unioncov_t)",analytic_sample_0910_retention.csv
2009-2010,0910,stayed_state_local,C(race_t)[T.3],race,0.19784704780620638,19.784704780620636,0.09001272213417028,9.001272213417028,0.02794983069207437,0.021425354272821273,0.3742687413395915,2.1425354272821275,37.426874133959146,689,0.1630276505269368,earnwt_t,"age_t, I(age_t**2), np.log(earnwke_t), C(sex_t), C(race_t), C(ethnic_t), C(grade92_t), C(docc00_t), C(ind02_t), C(unionmme_t), C(unioncov_t)",analytic_sample_0910_retention.csv
2009-2010,0910,stayed_state_local,C(race_t)[T.4],race,-0.12623866417984722,-12.623866417984722,0.1566904136564871,15.66904136564871,0.42044088677638725,-0.4333462316692449,0.1808689033095505,-43.33462316692449,18.08689033095505,689,0.1630276505269368,earnwt_t,"age_t, I(age_t**2), np.log(earnwke_t), C(sex_t), C(race_t), C(ethnic_t), C(grade92_t), C(docc00_t), C(ind02_t), C(unionmme_t), C(unioncov_t)",analytic_sample_0910_retention.csv
2009-2010,0910,stayed_state_local,C(race_t)[T.6],race,0.10023358592028958,10.023358592028957,0.08092398605285356,8.092398605285355,0.21548846323686766,-0.05837451222872503,0.2588416840693042,-5.837451222872502,25.88416840693042,689,0.1630276505269368,earnwt_t,"age_t, I(age_t**2), np.log(earnwke_t), C(sex_t), C(race_t), C(ethnic_t), C(grade92_t), C(docc00_t), C(ind02_t), C(unionmme_t), C(unioncov_t)",analytic_sample_0910_retention.csv
2009-2010,0910,stayed_state_local,C(race_t)[T.7],race,0.13187055844319318,13.187055844319318,0.07562501568561072,7.562501568561072,0.0812039904868616,-0.016351748630880514,0.28009286551726686,-1.6351748630880514,28.009286551726685,689,0.1630276505269368,earnwt_t,"age_t, I(age_t**2), np.log(earnwke_t), C(sex_t), C(race_t), C(ethnic_t), C(grade92_t), C(docc00_t), C(ind02_t), C(unionmme_t), C(unioncov_t)",analytic_sample_0910_retention.csv
2009-2010,0910,stayed_state_local,C(ethnic_t)[T.2.0],ethnicity_hispanic,-0.011756501003543932,-1.175650100354393,0.14498964936138722,14.498964936138723,0.9353742708324353,-0.29593099188295374,0.2724179898758659,-29.593099188295373,27.24179898758659,689,0.1630276505269368,earnwt_t,"age_t, I(age_t**2), np.log(earnwke_t), C(sex_t), C(race_t), C(ethnic_t), C(grade92_t), C(docc00_t), C(ind02_t), C(unionmme_t), C(unioncov_t)",analytic_sample_0910_retention.csv
2009-2010,0910,stayed_state_local,C(ethnic_t)[T.4.0],ethnicity_hispanic,0.11602248053195807,11.602248053195808,0.12193286551650809,12.193286551650809,0.34133664107651507,-0.12296154441216367,0.3550065054760798,-12.296154441216366,35.50065054760798,689,0.1630276505269368,earnwt_t,"age_t, I(age_t**2), np.log(earnwke_t), C(sex_t), C(race_t), C(ethnic_t), C(grade92_t), C(docc00_t), C(ind02_t), C(unionmme_t), C(unioncov_t)",analytic_sample_0910_retention.csv
2009-2010,0910,stayed_state_local,C(ethnic_t)[T.MISSING],ethnicity_hispanic,0.08142560853989354,8.142560853989353,0.08543945060360808,8.543945060360809,0.34057932467827623,-0.08603263750206729,0.24888385458185436,-8.603263750206729,24.888385458185436,689,0.1630276505269368,earnwt_t,"age_t, I(age_t**2), np.log(earnwke_t), C(sex_t), C(race_t), C(ethnic_t), C(grade92_t), C(docc00_t), C(ind02_t), C(unionmme_t), C(unioncov_t)",analytic_sample_0910_retention.csv
2009-2010,0910,stayed_state_local,C(grade92_t)[T.33],education,-0.3740589261819014,-37.40589261819014,0.505067327308577,50.50673273085769,0.4589287266194859,-1.3639726974746156,0.6158548451108128,-136.39726974746156,61.585484511081276,689,0.1630276505269368,earnwt_t,"age_t, I(age_t**2), np.log(earnwke_t), C(sex_t), C(race_t), C(ethnic_t), C(grade92_t), C(docc00_t), C(ind02_t), C(unionmme_t), C(unioncov_t)",analytic_sample_0910_retention.csv
2009-2010,0910,stayed_state_local,C(grade92_t)[T.34],education,0.08534618219300949,8.534618219300949,0.2985213553651037,29.85213553651037,0.7749574675877133,-0.4997449229386767,0.6704372873246957,-49.97449229386767,67.04372873246956,689,0.1630276505269368,earnwt_t,"age_t, I(age_t**2), np.log(earnwke_t), C(sex_t), C(race_t), C(ethnic_t), C(grade92_t), C(docc00_t), C(ind02_t), C(unionmme_t), C(unioncov_t)",analytic_sample_0910_retention.csv
2009-2010,0910,stayed_state_local,C(grade92_t)[T.35],education,0.03389171855512718,3.389171855512718,0.28709789565493876,28.709789565493875,0.9060285594755101,-0.5288098169657912,0.5965932540760456,-52.88098169657912,59.659325407604555,689,0.1630276505269368,earnwt_t,"age_t, I(age_t**2), np.log(earnwke_t), C(sex_t), C(race_t), C(ethnic_t), C(grade92_t), C(docc00_t), C(ind02_t), C(unionmme_t), C(unioncov_t)",analytic_sample_0910_retention.csv
2009-2010,0910,stayed_state_local,C(grade92_t)[T.36],education,-0.21478755849871153,-21.478755849871153,0.42638592600127045,42.63859260012705,0.6144442405066319,-1.0504886169759622,0.6209134999785391,-105.04886169759622,62.091349997853904,689,0.1630276505269368,earnwt_t,"age_t, I(age_t**2), np.log(earnwke_t), C(sex_t), C(race_t), C(ethnic_t), C(grade92_t), C(docc00_t), C(ind02_t), C(unionmme_t), C(unioncov_t)",analytic_sample_0910_retention.csv
2009-2010,0910,stayed_state_local,C(grade92_t)[T.37],education,0.04321983108058089,4.321983108058089,0.3039822310394178,30.39822310394178,0.8869387709636603,-0.5525743936968117,0.6390140558579736,-55.25743936968117,63.901405585797356,689,0.1630276505269368,earnwt_t,"age_t, I(age_t**2), np.log(earnwke_t), C(sex_t), C(race_t), C(ethnic_t), C(grade92_t), C(docc00_t), C(ind02_t), C(unionmme_t), C(unioncov_t)",analytic_sample_0910_retention.csv
2009-2010,0910,stayed_state_local,C(grade92_t)[T.39],education,-0.10930043092103116,-10.930043092103116,0.2584412217975174,25.84412217975174,0.6723523050229807,-0.6158359177646932,0.39723505592263086,-61.58359177646931,39.72350559226309,689,0.1630276505269368,earnwt_t,"age_t, I(age_t**2), np.log(earnwke_t), C(sex_t), C(race_t), C(ethnic_t), C(grade92_t), C(docc00_t), C(ind02_t), C(unionmme_t), C(unioncov_t)",analytic_sample_0910_retention.csv
2009-2010,0910,stayed_state_local,C(grade92_t)[T.40],education,-0.20752920951247675,-20.752920951247674,0.263062366273682,26.3062366273682,0.4301719916332488,-0.7231219730967777,0.3080635540718242,-72.31219730967777,30.806355407182416,689,0.1630276505269368,earnwt_t,"age_t, I(age_t**2), np.log(earnwke_t), C(sex_t), C(race_t), C(ethnic_t), C(grade92_t), C(docc00_t), C(ind02_t), C(unionmme_t), C(unioncov_t)",analytic_sample_0910_retention.csv
2009-2010,0910,stayed_state_local,C(grade92_t)[T.41],education,-0.14693345792899537,-14.693345792899537,0.27217229509812163,27.217229509812164,0.5892973286308045,-0.6803813539109212,0.3865144380529305,-68.03813539109213,38.65144380529305,689,0.1630276505269368,earnwt_t,"age_t, I(age_t**2), np.log(earnwke_t), C(sex_t), C(race_t), C(ethnic_t), C(grade92_t), C(docc00_t), C(ind02_t), C(unionmme_t), C(unioncov_t)",analytic_sample_0910_retention.csv
2009-2010,0910,stayed_state_local,C(grade92_t)[T.42],education,-0.18375254307326128,-18.375254307326127,0.2671872729582065,26.71872729582065,0.4916232019354314,-0.7074299751988187,0.3399248890522961,-70.74299751988187,33.992488905229614,689,0.1630276505269368,earnwt_t,"age_t, I(age_t**2), np.log(earnwke_t), C(sex_t), C(race_t), C(ethnic_t), C(grade92_t), C(docc00_t), C(ind02_t), C(unionmme_t), C(unioncov_t)",analytic_sample_0910_retention.csv
2009-2010,0910,stayed_state_local,C(grade92_t)[T.43],education,-0.1720372009551215,-17.20372009551215,0.2654300375534891,26.54300375534891,0.5168910510153966,-0.6922705149750742,0.3481961130648311,-69.22705149750742,34.81961130648311,689,0.1630276505269368,earnwt_t,"age_t, I(age_t**2), np.log(earnwke_t), C(sex_t), C(race_t), C(ethnic_t), C(grade92_t), C(docc00_t), C(ind02_t), C(unionmme_t), C(unioncov_t)",analytic_sample_0910_retention.csv
2009-2010,0910,stayed_state_local,C(grade92_t)[T.44],education,-0.1549284915974845,-15.49284915974845,0.2678788103958342,26.78788103958342,0.5630258742030729,-0.6799613121947534,0.37010432899978435,-67.99613121947534,37.01043289997843,689,0.1630276505269368,earnwt_t,"age_t, I(age_t**2), np.log(earnwke_t), C(sex_t), C(race_t), C(ethnic_t), C(grade92_t), C(docc00_t), C(ind02_t), C(unionmme_t), C(unioncov_t)",analytic_sample_0910_retention.csv
2009-2010,0910,stayed_state_local,C(grade92_t)[T.45],education,-0.11141328703254272,-11.141328703254272,0.33854575577273105,33.8545755772731,0.7420848399457844,-0.7749507754659887,0.5521242014009032,-77.49507754659886,55.21242014009032,689,0.1630276505269368,earnwt_t,"age_t, I(age_t**2), np.log(earnwke_t), C(sex_t), C(race_t), C(ethnic_t), C(grade92_t), C(docc00_t), C(ind02_t), C(unionmme_t), C(unioncov_t)",analytic_sample_0910_retention.csv
2009-2010,0910,stayed_state_local,C(grade92_t)[T.46],education,-0.16872527828084918,-16.87252782808492,0.2914329957821042,29.143299578210417,0.5626225746131451,-0.7399234539203868,0.4024728973586885,-73.99234539203869,40.247289735868854,689,0.1630276505269368,earnwt_t,"age_t, I(age_t**2), np.log(earnwke_t), C(sex_t), C(race_t), C(ethnic_t), C(grade92_t), C(docc00_t), C(ind02_t), C(unionmme_t), C(unioncov_t)",analytic_sample_0910_retention.csv
2009-2010,0910,stayed_state_local,C(docc00_t)[T.10.0],occupation,0.08610811684049745,8.610811684049745,0.0964607165475835,9.64607165475835,0.37203098280929014,-0.10295141351569302,0.2751676471966879,-10.295141351569303,27.51676471966879,689,0.1630276505269368,earnwt_t,"age_t, I(age_t**2), np.log(earnwke_t), C(sex_t), C(race_t), C(ethnic_t), C(grade92_t), C(docc00_t), C(ind02_t), C(unionmme_t), C(unioncov_t)",analytic_sample_0910_retention.csv
2009-2010,0910,stayed_state_local,C(docc00_t)[T.11.0],occupation,0.07399408393564624,7.399408393564625,0.2534896870302666,25.34896870302666,0.7703617433632709,-0.4228365730960063,0.5708247409672988,-42.28365730960063,57.08247409672988,689,0.1630276505269368,earnwt_t,"age_t, I(age_t**2), np.log(earnwke_t), C(sex_t), C(race_t), C(ethnic_t), C(grade92_t), C(docc00_t), C(ind02_t), C(unionmme_t), C(unioncov_t)",analytic_sample_0910_retention.csv
2009-2010,0910,stayed_state_local,C(docc00_t)[T.12.0],occupation,-0.020796560659507142,-2.079656065950714,0.09288986282845582,9.288986282845583,0.8228475105186555,-0.20285734633214647,0.1612642250131322,-20.28573463321465,16.126422501313222,689,0.1630276505269368,earnwt_t,"age_t, I(age_t**2), np.log(earnwke_t), C(sex_t), C(race_t), C(ethnic_t), C(grade92_t), C(docc00_t), C(ind02_t), C(unionmme_t), C(unioncov_t)",analytic_sample_0910_retention.csv
2009-2010,0910,stayed_state_local,C(docc00_t)[T.13.0],occupation,-0.1600551774422236,-16.00551774422236,0.17030000035388917,17.030000035388916,0.3472983570444155,-0.4938370447030048,0.17372668981855763,-49.38370447030048,17.372668981855764,689,0.1630276505269368,earnwt_t,"age_t, I(age_t**2), np.log(earnwke_t), C(sex_t), C(race_t), C(ethnic_t), C(grade92_t), C(docc00_t), C(ind02_t), C(unionmme_t), C(unioncov_t)",analytic_sample_0910_retention.csv
2009-2010,0910,stayed_state_local,C(docc00_t)[T.14.0],occupation,-0.04513520935646001,-4.513520935646001,0.12087772417619927,12.087772417619927,0.7088540398748355,-0.28205119527497713,0.19178077656205714,-28.205119527497715,19.178077656205712,689,0.1630276505269368,earnwt_t,"age_t, I(age_t**2), np.log(earnwke_t), C(sex_t), C(race_t), C(ethnic_t), C(grade92_t), C(docc00_t), C(ind02_t), C(unionmme_t), C(unioncov_t)",analytic_sample_0910_retention.csv
2009-2010,0910,stayed_state_local,C(docc00_t)[T.15.0],occupation,-0.10241035988639194,-10.241035988639194,0.1802354786396158,18.023547863961582,0.5698970584832228,-0.4556654067563771,0.2508446869835933,-45.56654067563771,25.08446869835933,689,0.1630276505269368,earnwt_t,"age_t, I(age_t**2), np.log(earnwke_t), C(sex_t), C(race_t), C(ethnic_t), C(grade92_t), C(docc00_t), C(ind02_t), C(unionmme_t), C(unioncov_t)",analytic_sample_0910_retention.csv
2009-2010,0910,stayed_state_local,C(docc00_t)[T.16.0],occupation,0.23431247619069295,23.431247619069296,0.0876456016986035,8.76456016986035,0.007508480834852424,0.06253025345808752,0.4060946989232984,6.253025345808752,40.60946989232984,689,0.1630276505269368,earnwt_t,"age_t, I(age_t**2), np.log(earnwke_t), C(sex_t), C(race_t), C(ethnic_t), C(grade92_t), C(docc00_t), C(ind02_t), C(unionmme_t), C(unioncov_t)",analytic_sample_0910_retention.csv
2009-2010,0910,stayed_state_local,C(docc00_t)[T.17.0],occupation,-0.11489898571046242,-11.489898571046242,0.08474070130525685,8.474070130525686,0.17513448433663126,-0.2809877082934322,0.05118973687250736,-28.098770829343223,5.118973687250736,689,0.1630276505269368,earnwt_t,"age_t, I(age_t**2), np.log(earnwke_t), C(sex_t), C(race_t), C(ethnic_t), C(grade92_t), C(docc00_t), C(ind02_t), C(unionmme_t), C(unioncov_t)",analytic_sample_0910_retention.csv
2009-2010,0910,stayed_state_local,C(docc00_t)[T.19.0],occupation,0.028363422203117272,2.8363422203117272,0.11672141430041856,11.672141430041856,0.8080046107886754,-0.20040634605028154,0.25713319045651606,-20.040634605028153,25.713319045651605,689,0.1630276505269368,earnwt_t,"age_t, I(age_t**2), np.log(earnwke_t), C(sex_t), C(race_t), C(ethnic_t), C(grade92_t), C(docc00_t), C(ind02_t), C(unionmme_t), C(unioncov_t)",analytic_sample_0910_retention.csv
2009-2010,0910,stayed_state_local,C(docc00_t)[T.2.0],occupation,-0.06758906794055008,-6.758906794055008,0.12695080028494085,12.695080028494084,0.594446465924546,-0.3164080643075714,0.1812299284264712,-31.64080643075714,18.122992842647122,689,0.1630276505269368,earnwt_t,"age_t, I(age_t**2), np.log(earnwke_t), C(sex_t), C(race_t), C(ethnic_t), C(grade92_t), C(docc00_t), C(ind02_t), C(unionmme_t), C(unioncov_t)",analytic_sample_0910_retention.csv
2009-2010,0910,stayed_state_local,C(docc00_t)[T.20.0],occupation,-0.020996272223231627,-2.099627222323163,0.13983409862800059,13.983409862800059,0.8806452441792372,-0.29506606934473456,0.2530735248982713,-29.506606934473457,25.307352489827128,689,0.1630276505269368,earnwt_t,"age_t, I(age_t**2), np.log(earnwke_t), C(sex_t), C(race_t), C(ethnic_t), C(grade92_t), C(docc00_t), C(ind02_t), C(unionmme_t), C(unioncov_t)",analytic_sample_0910_retention.csv
2009-2010,0910,stayed_state_local,C(docc00_t)[T.21.0],occupation,0.09300166503259133,9.300166503259133,0.07455739442722985,7.455739442722985,0.2122569066603519,-0.05312814282592651,0.23913147289110917,-5.312814282592651,23.913147289110917,689,0.1630276505269368,earnwt_t,"age_t, I(age_t**2), np.log(earnwke_t), C(sex_t), C(race_t), C(ethnic_t), C(grade92_t), C(docc00_t), C(ind02_t), C(unionmme_t), C(unioncov_t)",analytic_sample_0910_retention.csv
2009-2010,0910,stayed_state_local,C(docc00_t)[T.22.0],occupation,-0.1398553888807906,-13.985538888079061,0.11241379079995956,11.241379079995955,0.2134582050981011,-0.3601823702143314,0.0804715924527502,-36.018237021433144,8.04715924527502,689,0.1630276505269368,earnwt_t,"age_t, I(age_t**2), np.log(earnwke_t), C(sex_t), C(race_t), C(ethnic_t), C(grade92_t), C(docc00_t), C(ind02_t), C(unionmme_t), C(unioncov_t)",analytic_sample_0910_retention.csv
2009-2010,0910,stayed_state_local,C(docc00_t)[T.3.0],occupation,-0.01481263224790516,-1.4812632247905162,0.1505792426650468,15.05792426650468,0.9216376933494543,-0.30994252469071404,0.28031726019490366,-30.994252469071405,28.031726019490367,689,0.1630276505269368,earnwt_t,"age_t, I(age_t**2), np.log(earnwke_t), C(sex_t), C(race_t), C(ethnic_t), C(grade92_t), C(docc00_t), C(ind02_t), C(unionmme_t), C(unioncov_t)",analytic_sample_0910_retention.csv
2009-2010,0910,stayed_state_local,C(docc00_t)[T.4.0],occupation,-0.07581991632541579,-7.5819916325415795,0.19193337613791697,19.193337613791698,0.6928189224916963,-0.45200242098691246,0.30036258833608087,-45.20024209869125,30.036258833608088,689,0.1630276505269368,earnwt_t,"age_t, I(age_t**2), np.log(earnwke_t), C(sex_t), C(race_t), C(ethnic_t), C(grade92_t), C(docc00_t), C(ind02_t), C(unionmme_t), C(unioncov_t)",analytic_sample_0910_retention.csv
2009-2010,0910,stayed_state_local,C(docc00_t)[T.5.0],occupation,-0.042445570429097884,-4.244557042909788,0.15496051767527502,15.496051767527502,0.784152124945055,-0.34616260409831934,0.2612714632401236,-34.61626040983193,26.12714632401236,689,0.1630276505269368,earnwt_t,"age_t, I(age_t**2), np.log(earnwke_t), C(sex_t), C(race_t), C(ethnic_t), C(grade92_t), C(docc00_t), C(ind02_t), C(unionmme_t), C(unioncov_t)",analytic_sample_0910_retention.csv
2009-2010,0910,stayed_state_local,C(docc00_t)[T.6.0],occupation,-0.07945561723837846,-7.945561723837846,0.12259227456592699,12.259227456592699,0.5169014716333434,-0.31973206017044103,0.1608208256936841,-31.973206017044102,16.08208256936841,689,0.1630276505269368,earnwt_t,"age_t, I(age_t**2), np.log(earnwke_t), C(sex_t), C(race_t), C(ethnic_t), C(grade92_t), C(docc00_t), C(ind02_t), C(unionmme_t), C(unioncov_t)",analytic_sample_0910_retention.csv
2009-2010,0910,stayed_state_local,C(docc00_t)[T.7.0],occupation,-0.06373750452933286,-6.373750452933286,0.22110106251670927,22.110106251670928,0.7731376418550817,-0.49708762400562195,0.36961261494695624,-49.70876240056219,36.96126149469563,689,0.1630276505269368,earnwt_t,"age_t, I(age_t**2), np.log(earnwke_t), C(sex_t), C(race_t), C(ethnic_t), C(grade92_t), C(docc00_t), C(ind02_t), C(unionmme_t), C(unioncov_t)",analytic_sample_0910_retention.csv
2009-2010,0910,stayed_state_local,C(docc00_t)[T.8.0],occupation,-0.023935179922067583,-2.393517992206758,0.08096816611386366,8.096816611386366,0.7675262347655606,-0.1826298693994968,0.13475950955536162,-18.26298693994968,13.475950955536161,689,0.1630276505269368,earnwt_t,"age_t, I(age_t**2), np.log(earnwke_t), C(sex_t), C(race_t), C(ethnic_t), C(grade92_t), C(docc00_t), C(ind02_t), C(unionmme_t), C(unioncov_t)",analytic_sample_0910_retention.csv
2009-2010,0910,stayed_state_local,C(docc00_t)[T.9.0],occupation,-0.09932400132796591,-9.932400132796591,0.134815325868759,13.4815325868759,0.46127976334431964,-0.3635571845947646,0.16490918193883275,-36.35571845947646,16.490918193883275,689,0.1630276505269368,earnwt_t,"age_t, I(age_t**2), np.log(earnwke_t), C(sex_t), C(race_t), C(ethnic_t), C(grade92_t), C(docc00_t), C(ind02_t), C(unionmme_t), C(unioncov_t)",analytic_sample_0910_retention.csv
2009-2010,0910,stayed_state_local,C(ind02_t)[T.3990.0],industry,0.32529252750987503,32.5292527509875,0.3695530287604466,36.95530287604466,0.3787334569840296,-0.3990180992382951,1.0496031542580453,-39.90180992382951,104.96031542580452,689,0.1630276505269368,earnwt_t,"age_t, I(age_t**2), np.log(earnwke_t), C(sex_t), C(race_t), C(ethnic_t), C(grade92_t), C(docc00_t), C(ind02_t), C(unionmme_t), C(unioncov_t)",analytic_sample_0910_retention.csv
2009-2010,0910,stayed_state_local,C(ind02_t)[T.4990.0],industry,0.15880042478903125,15.880042478903125,0.39231032381158404,39.23103238115841,0.6856372601175942,-0.6101136806449199,0.9277145302229823,-61.01136806449199,92.77145302229823,689,0.1630276505269368,earnwt_t,"age_t, I(age_t**2), np.log(earnwke_t), C(sex_t), C(race_t), C(ethnic_t), C(grade92_t), C(docc00_t), C(ind02_t), C(unionmme_t), C(unioncov_t)",analytic_sample_0910_retention.csv
2009-2010,0910,stayed_state_local,C(ind02_t)[T.5370.0],industry,0.6070835669709307,60.708356697093066,0.3872255673716129,38.72255673716129,0.11693304650694478,-0.15186459897051885,1.3660317329123801,-15.186459897051884,136.60317329123802,689,0.1630276505269368,earnwt_t,"age_t, I(age_t**2), np.log(earnwke_t), C(sex_t), C(race_t), C(ethnic_t), C(grade92_t), C(docc00_t), C(ind02_t), C(unionmme_t), C(unioncov_t)",analytic_sample_0910_retention.csv
2009-2010,0910,stayed_state_local,C(ind02_t)[T.570.0],industry,0.5152907852480249,51.529078524802486,0.3920957803448935,39.209578034489354,0.188780186379226,-0.25320282271809447,1.2837843932141442,-25.320282271809447,128.37843932141442,689,0.1630276505269368,earnwt_t,"age_t, I(age_t**2), np.log(earnwke_t), C(sex_t), C(race_t), C(ethnic_t), C(grade92_t), C(docc00_t), C(ind02_t), C(unionmme_t), C(unioncov_t)",analytic_sample_0910_retention.csv
2009-2010,0910,stayed_state_local,C(ind02_t)[T.6070.0],industry,0.7456399407477015,74.56399407477015,0.4290631543909448,42.90631543909448,0.0822403131277399,-0.09530838895169902,1.586588270447102,-9.530838895169902,158.6588270447102,689,0.1630276505269368,earnwt_t,"age_t, I(age_t**2), np.log(earnwke_t), C(sex_t), C(race_t), C(ethnic_t), C(grade92_t), C(docc00_t), C(ind02_t), C(unionmme_t), C(unioncov_t)",analytic_sample_0910_retention.csv
2009-2010,0910,stayed_state_local,C(ind02_t)[T.6180.0],industry,0.3979961601849392,39.79961601849392,0.43762823857559335,43.76282385755933,0.36311847641224304,-0.4597394260409261,1.2557317464108047,-45.97394260409261,125.57317464108047,689,0.1630276505269368,earnwt_t,"age_t, I(age_t**2), np.log(earnwke_t), C(sex_t), C(race_t), C(ethnic_t), C(grade92_t), C(docc00_t), C(ind02_t), C(unionmme_t), C(unioncov_t)",analytic_sample_0910_retention.csv
2009-2010,0910,stayed_state_local,C(ind02_t)[T.6290.0],industry,0.5315670823179361,53.156708231793615,0.4055482693828392,40.554826938283924,0.18994666664643867,-0.2632929196649766,1.3264270843008488,-26.32929196649766,132.64270843008487,689,0.1630276505269368,earnwt_t,"age_t, I(age_t**2), np.log(earnwke_t), C(sex_t), C(race_t), C(ethnic_t), C(grade92_t), C(docc00_t), C(ind02_t), C(unionmme_t), C(unioncov_t)",analytic_sample_0910_retention.csv
2009-2010,0910,stayed_state_local,C(ind02_t)[T.670.0],industry,0.4549641762816683,45.49641762816683,0.41771453417978543,41.77145341797854,0.2760767755776915,-0.36374126652963656,1.2736696190929733,-36.37412665296365,127.36696190929733,689,0.1630276505269368,earnwt_t,"age_t, I(age_t**2), np.log(earnwke_t), C(sex_t), C(race_t), C(ethnic_t), C(grade92_t), C(docc00_t), C(ind02_t), C(unionmme_t), C(unioncov_t)",analytic_sample_0910_retention.csv
2009-2010,0910,stayed_state_local,C(ind02_t)[T.6770.0],industry,0.5324842464333381,53.24842464333381,0.37715853030047325,37.71585303004733,0.15799961786177286,-0.2067328894176481,1.2717013822843244,-20.67328894176481,127.17013822843244,689,0.1630276505269368,earnwt_t,"age_t, I(age_t**2), np.log(earnwke_t), C(sex_t), C(race_t), C(ethnic_t), C(grade92_t), C(docc00_t), C(ind02_t), C(unionmme_t), C(unioncov_t)",analytic_sample_0910_retention.csv
2009-2010,0910,stayed_state_local,C(ind02_t)[T.680.0],industry,0.5166768594678819,51.66768594678819,0.38090340404138784,38.090340404138786,0.1749556689301237,-0.22988009404194676,1.2632338129777105,-22.988009404194678,126.32338129777105,689,0.1630276505269368,earnwt_t,"age_t, I(age_t**2), np.log(earnwke_t), C(sex_t), C(race_t), C(ethnic_t), C(grade92_t), C(docc00_t), C(ind02_t), C(unionmme_t), C(unioncov_t)",analytic_sample_0910_retention.csv
2009-2010,0910,stayed_state_local,C(ind02_t)[T.7070.0],industry,0.5185534523458122,51.85534523458122,0.39909706344218737,39.90970634421874,0.19383528881548406,-0.2636624183365721,1.3007693230281965,-26.366241833657213,130.07693230281964,689,0.1630276505269368,earnwt_t,"age_t, I(age_t**2), np.log(earnwke_t), C(sex_t), C(race_t), C(ethnic_t), C(grade92_t), C(docc00_t), C(ind02_t), C(unionmme_t), C(unioncov_t)",analytic_sample_0910_retention.csv
2009-2010,0910,stayed_state_local,C(ind02_t)[T.7290.0],industry,-0.014355879729438525,-1.4355879729438525,0.5400768837349145,54.00768837349145,0.9787937858106207,-1.072887120732497,1.04417536127362,-107.2887120732497,104.417536127362,689,0.1630276505269368,earnwt_t,"age_t, I(age_t**2), np.log(earnwke_t), C(sex_t), C(race_t), C(ethnic_t), C(grade92_t), C(docc00_t), C(ind02_t), C(unionmme_t), C(unioncov_t)",analytic_sample_0910_retention.csv
2009-2010,0910,stayed_state_local,C(ind02_t)[T.7390.0],industry,0.6547177507078923,65.47177507078923,0.3866491066942101,38.66491066942101,0.0903960073245798,-0.10310057306734421,1.4125360744831288,-10.310057306734421,141.2536074483129,689,0.1630276505269368,earnwt_t,"age_t, I(age_t**2), np.log(earnwke_t), C(sex_t), C(race_t), C(ethnic_t), C(grade92_t), C(docc00_t), C(ind02_t), C(unionmme_t), C(unioncov_t)",analytic_sample_0910_retention.csv
2009-2010,0910,stayed_state_local,C(ind02_t)[T.7580.0],industry,0.11469777020452189,11.46977702045219,0.5012651279113726,50.12651279113726,0.819011482818133,-0.8677638272076318,1.0971593676166755,-86.77638272076318,109.71593676166755,689,0.1630276505269368,earnwt_t,"age_t, I(age_t**2), np.log(earnwke_t), C(sex_t), C(race_t), C(ethnic_t), C(grade92_t), C(docc00_t), C(ind02_t), C(unionmme_t), C(unioncov_t)",analytic_sample_0910_retention.csv
2009-2010,0910,stayed_state_local,C(ind02_t)[T.770.0],industry,0.2964016356375133,29.640163563751333,0.39275661599637884,39.275661599637886,0.4504470108232974,-0.47338718640521726,1.066190457680244,-47.338718640521726,106.61904576802439,689,0.1630276505269368,earnwt_t,"age_t, I(age_t**2), np.log(earnwke_t), C(sex_t), C(race_t), C(ethnic_t), C(grade92_t), C(docc00_t), C(ind02_t), C(unionmme_t), C(unioncov_t)",analytic_sample_0910_retention.csv
2009-2010,0910,stayed_state_local,C(ind02_t)[T.7860.0],industry,0.2710778707644671,27.10778707644671,0.3763267639696763,37.63267639696763,0.4713244339257836,-0.4665090330346041,1.0086647745635382,-46.65090330346041,100.86647745635382,689,0.1630276505269368,earnwt_t,"age_t, I(age_t**2), np.log(earnwke_t), C(sex_t), C(race_t), C(ethnic_t), C(grade92_t), C(docc00_t), C(ind02_t), C(unionmme_t), C(unioncov_t)",analytic_sample_0910_retention.csv
2009-2010,0910,stayed_state_local,C(ind02_t)[T.7870.0],industry,0.25812101267875853,25.812101267875853,0.37965401492236095,37.9654014922361,0.4965773756230224,-0.48598718315510114,1.002229208512618,-48.59871831551011,100.2229208512618,689,0.1630276505269368,earnwt_t,"age_t, I(age_t**2), np.log(earnwke_t), C(sex_t), C(race_t), C(ethnic_t), C(grade92_t), C(docc00_t), C(ind02_t), C(unionmme_t), C(unioncov_t)",analytic_sample_0910_retention.csv
2009-2010,0910,stayed_state_local,C(ind02_t)[T.7890.0],industry,0.5094938139490425,50.94938139490425,0.3780867652120663,37.80867652120663,0.17780061342059117,-0.23154262889785893,1.250530256795944,-23.154262889785894,125.0530256795944,689,0.1630276505269368,earnwt_t,"age_t, I(age_t**2), np.log(earnwke_t), C(sex_t), C(race_t), C(ethnic_t), C(grade92_t), C(docc00_t), C(ind02_t), C(unionmme_t), C(unioncov_t)",analytic_sample_0910_retention.csv
2009-2010,0910,stayed_state_local,C(ind02_t)[T.8090.0],industry,0.485050188059684,48.5050188059684,0.37653465202530867,37.65346520253087,0.19767797006576338,-0.25294416884124277,1.2230445449606107,-25.294416884124278,122.30445449606107,689,0.1630276505269368,earnwt_t,"age_t, I(age_t**2), np.log(earnwke_t), C(sex_t), C(race_t), C(ethnic_t), C(grade92_t), C(docc00_t), C(ind02_t), C(unionmme_t), C(unioncov_t)",analytic_sample_0910_retention.csv
2009-2010,0910,stayed_state_local,C(ind02_t)[T.8170.0],industry,-0.2887231978300404,-28.87231978300404,0.5296262087876585,52.962620878765854,0.585653641672885,-1.3267714923223421,0.7493250966622613,-132.67714923223423,74.93250966622614,689,0.1630276505269368,earnwt_t,"age_t, I(age_t**2), np.log(earnwke_t), C(sex_t), C(race_t), C(ethnic_t), C(grade92_t), C(docc00_t), C(ind02_t), C(unionmme_t), C(unioncov_t)",analytic_sample_0910_retention.csv
2009-2010,0910,stayed_state_local,C(ind02_t)[T.8190.0],industry,-0.0677065603151763,-6.77065603151763,0.42184019843875953,42.18401984387595,0.8724849651406195,-0.8944981564863745,0.7590850358560219,-89.44981564863745,75.90850358560219,689,0.1630276505269368,earnwt_t,"age_t, I(age_t**2), np.log(earnwke_t), C(sex_t), C(race_t), C(ethnic_t), C(grade92_t), C(docc00_t), C(ind02_t), C(unionmme_t), C(unioncov_t)",analytic_sample_0910_retention.csv
2009-2010,0910,stayed_state_local,C(ind02_t)[T.8270.0],industry,-0.0245040162084883,-2.45040162084883,0.43416069755424874,43.41606975542487,0.9549913172140003,-0.875443346917603,0.8264353145006264,-87.5443346917603,82.64353145006264,689,0.1630276505269368,earnwt_t,"age_t, I(age_t**2), np.log(earnwke_t), C(sex_t), C(race_t), C(ethnic_t), C(grade92_t), C(docc00_t), C(ind02_t), C(unionmme_t), C(unioncov_t)",analytic_sample_0910_retention.csv
2009-2010,0910,stayed_state_local,C(ind02_t)[T.8290.0],industry,-0.24851251132612517,-24.851251132612518,0.5016265984727298,50.162659847272984,0.6203083762625428,-1.2316825780200107,0.7346575553677602,-123.16825780200107,73.46575553677603,689,0.1630276505269368,earnwt_t,"age_t, I(age_t**2), np.log(earnwke_t), C(sex_t), C(race_t), C(ethnic_t), C(grade92_t), C(docc00_t), C(ind02_t), C(unionmme_t), C(unioncov_t)",analytic_sample_0910_retention.csv
2009-2010,0910,stayed_state_local,C(ind02_t)[T.8370.0],industry,0.13700464582992444,13.700464582992444,0.40852896216235407,40.85289621623541,0.7373528491575883,-0.663697406649816,0.9377066983096649,-66.3697406649816,93.7706698309665,689,0.1630276505269368,earnwt_t,"age_t, I(age_t**2), np.log(earnwke_t), C(sex_t), C(race_t), C(ethnic_t), C(grade92_t), C(docc00_t), C(ind02_t), C(unionmme_t), C(unioncov_t)",analytic_sample_0910_retention.csv
2009-2010,0910,stayed_state_local,C(ind02_t)[T.8390.0],industry,0.3035327643004548,30.35327643004548,0.44783471975795053,44.78347197579505,0.4979121171204537,-0.5742071574517165,1.181272686052626,-57.42071574517165,118.12726860526259,689,0.1630276505269368,earnwt_t,"age_t, I(age_t**2), np.log(earnwke_t), C(sex_t), C(race_t), C(ethnic_t), C(grade92_t), C(docc00_t), C(ind02_t), C(unionmme_t), C(unioncov_t)",analytic_sample_0910_retention.csv
2009-2010,0910,stayed_state_local,C(ind02_t)[T.8470.0],industry,-0.7029861759702327,-70.29861759702327,0.4572558351458297,45.725583514582965,0.12419482172443627,-1.5991911445768432,0.19321879263637776,-159.91911445768432,19.321879263637776,689,0.1630276505269368,earnwt_t,"age_t, I(age_t**2), np.log(earnwke_t), C(sex_t), C(race_t), C(ethnic_t), C(grade92_t), C(docc00_t), C(ind02_t), C(unionmme_t), C(unioncov_t)",analytic_sample_0910_retention.csv
2009-2010,0910,stayed_state_local,C(ind02_t)[T.8570.0],industry,0.1941870101983173,19.41870101983173,0.4010645357084247,40.10645357084247,0.6282588668069766,-0.5918850352664736,0.9802590556631082,-59.18850352664736,98.02590556631083,689,0.1630276505269368,earnwt_t,"age_t, I(age_t**2), np.log(earnwke_t), C(sex_t), C(race_t), C(ethnic_t), C(grade92_t), C(docc00_t), C(ind02_t), C(unionmme_t), C(unioncov_t)",analytic_sample_0910_retention.csv
2009-2010,0910,stayed_state_local,C(ind02_t)[T.8590.0],industry,-0.08563135682076023,-8.563135682076023,0.43213535019964583,43.21353501996458,0.8429209398749921,-0.9326010796586697,0.7613383660171493,-93.26010796586696,76.13383660171493,689,0.1630276505269368,earnwt_t,"age_t, I(age_t**2), np.log(earnwke_t), C(sex_t), C(race_t), C(ethnic_t), C(grade92_t), C(docc00_t), C(ind02_t), C(unionmme_t), C(unioncov_t)",analytic_sample_0910_retention.csv
2009-2010,0910,stayed_state_local,C(ind02_t)[T.8680.0],industry,0.18037704544853705,18.037704544853707,0.6166235986434889,61.66235986434889,0.7698862061623404,-1.0281829999101824,1.3889370908072567,-102.81829999101824,138.89370908072567,689,0.1630276505269368,earnwt_t,"age_t, I(age_t**2), np.log(earnwke_t), C(sex_t), C(race_t), C(ethnic_t), C(grade92_t), C(docc00_t), C(ind02_t), C(unionmme_t), C(unioncov_t)",analytic_sample_0910_retention.csv
2009-2010,0910,stayed_state_local,C(ind02_t)[T.9370.0],industry,0.3979777679623152,39.797776796231524,0.3779138196536734,37.791381965367336,0.2922991348592747,-0.34271970781884986,1.1386752437434802,-34.27197078188499,113.86752437434802,689,0.1630276505269368,earnwt_t,"age_t, I(age_t**2), np.log(earnwke_t), C(sex_t), C(race_t), C(ethnic_t), C(grade92_t), C(docc00_t), C(ind02_t), C(unionmme_t), C(unioncov_t)",analytic_sample_0910_retention.csv
2009-2010,0910,stayed_state_local,C(ind02_t)[T.9380.0],industry,0.504251512630745,50.4251512630745,0.3783881398606662,37.83881398606662,0.1826531459838373,-0.23737561367326565,1.2458786389347556,-23.737561367326563,124.58786389347556,689,0.1630276505269368,earnwt_t,"age_t, I(age_t**2), np.log(earnwke_t), C(sex_t), C(race_t), C(ethnic_t), C(grade92_t), C(docc00_t), C(ind02_t), C(unionmme_t), C(unioncov_t)",analytic_sample_0910_retention.csv
2009-2010,0910,stayed_state_local,C(ind02_t)[T.9390.0],industry,0.48660023374584693,48.660023374584696,0.38650870729069553,38.65087072906955,0.20804362909991803,-0.2709429122550501,1.244143379746744,-27.094291225505007,124.41433797467441,689,0.1630276505269368,earnwt_t,"age_t, I(age_t**2), np.log(earnwke_t), C(sex_t), C(race_t), C(ethnic_t), C(grade92_t), C(docc00_t), C(ind02_t), C(unionmme_t), C(unioncov_t)",analytic_sample_0910_retention.csv
2009-2010,0910,stayed_state_local,C(ind02_t)[T.9470.0],industry,0.41009353606652044,41.00935360665204,0.3782330193766527,37.82330193766527,0.2782605485731797,-0.33122955967555934,1.1514166318086003,-33.12295596755593,115.14166318086004,689,0.1630276505269368,earnwt_t,"age_t, I(age_t**2), np.log(earnwke_t), C(sex_t), C(race_t), C(ethnic_t), C(grade92_t), C(docc00_t), C(ind02_t), C(unionmme_t), C(unioncov_t)",analytic_sample_0910_retention.csv
2009-2010,0910,stayed_state_local,C(ind02_t)[T.9480.0],industry,0.3907388723686509,39.07388723686509,0.3878638266615072,38.78638266615072,0.31373658056335196,-0.36946025879378963,1.1509380035310914,-36.946025879378965,115.09380035310915,689,0.1630276505269368,earnwt_t,"age_t, I(age_t**2), np.log(earnwke_t), C(sex_t), C(race_t), C(ethnic_t), C(grade92_t), C(docc00_t), C(ind02_t), C(unionmme_t), C(unioncov_t)",analytic_sample_0910_retention.csv
2009-2010,0910,stayed_state_local,C(ind02_t)[T.9490.0],industry,0.3997157072291406,39.971570722914066,0.3927544272659297,39.27544272659297,0.30880901674865346,-0.3700688249807378,1.169500239439019,-37.00688249807378,116.9500239439019,689,0.1630276505269368,earnwt_t,"age_t, I(age_t**2), np.log(earnwke_t), C(sex_t), C(race_t), C(ethnic_t), C(grade92_t), C(docc00_t), C(ind02_t), C(unionmme_t), C(unioncov_t)",analytic_sample_0910_retention.csv
2009-2010,0910,stayed_state_local,C(ind02_t)[T.9570.0],industry,0.10968968895602071,10.968968895602071,0.4039894660347058,40.398946603470584,0.7859940335394878,-0.6821151146055702,0.9014944925176116,-68.21151146055702,90.14944925176115,689,0.1630276505269368,earnwt_t,"age_t, I(age_t**2), np.log(earnwke_t), C(sex_t), C(race_t), C(ethnic_t), C(grade92_t), C(docc00_t), C(ind02_t), C(unionmme_t), C(unioncov_t)",analytic_sample_0910_retention.csv
2009-2010,0910,stayed_state_local,C(unionmme_t)[T.2.0],union,0.0048843678595246465,0.48843678595246465,0.1753636829242401,17.536368292424008,0.9777795618261266,-0.3388221348682876,0.34859087058733695,-33.88221348682876,34.85908705873369,689,0.1630276505269368,earnwt_t,"age_t, I(age_t**2), np.log(earnwke_t), C(sex_t), C(race_t), C(ethnic_t), C(grade92_t), C(docc00_t), C(ind02_t), C(unionmme_t), C(unioncov_t)",analytic_sample_0910_retention.csv
2009-2010,0910,stayed_state_local,C(unioncov_t)[T.2.0],union,0.02229330359959919,2.229330359959919,0.11437722500487732,11.437722500487732,0.8454631407573621,-0.20188193806159446,0.24646854526079284,-20.188193806159447,24.646854526079284,689,0.1630276505269368,earnwt_t,"age_t, I(age_t**2), np.log(earnwke_t), C(sex_t), C(race_t), C(ethnic_t), C(grade92_t), C(docc00_t), C(ind02_t), C(unionmme_t), C(unioncov_t)",analytic_sample_0910_retention.csv
2009-2010,0910,stayed_state_local,C(unioncov_t)[T.MISSING],union,0.11114899256412114,11.114899256412114,0.16641675317924276,16.641675317924275,0.5042003307949967,-0.21502185009128622,0.4373198352195285,-21.50218500912862,43.73198352195285,689,0.1630276505269368,earnwt_t,"age_t, I(age_t**2), np.log(earnwke_t), C(sex_t), C(race_t), C(ethnic_t), C(grade92_t), C(docc00_t), C(ind02_t), C(unionmme_t), C(unioncov_t)",analytic_sample_0910_retention.csv
2009-2010,0910,stayed_state_local,illinois,treatment,0.047814175518598935,4.781417551859893,0.0323836704553171,3.23836704553171,0.13981231557221163,-0.0156566522610364,0.11128500329823426,-1.5656652261036401,11.128500329823426,689,0.1630276505269368,earnwt_t,"age_t, I(age_t**2), np.log(earnwke_t), C(sex_t), C(race_t), C(ethnic_t), C(grade92_t), C(docc00_t), C(ind02_t), C(unionmme_t), C(unioncov_t)",analytic_sample_0910_retention.csv
2009-2010,0910,stayed_state_local,age_t,age,0.009245453741847025,0.9245453741847025,0.009453249625044347,0.9453249625044347,0.32806513646899793,-0.009282575060106664,0.027773482543800715,-0.9282575060106664,2.7773482543800716,689,0.1630276505269368,earnwt_t,"age_t, I(age_t**2), np.log(earnwke_t), C(sex_t), C(race_t), C(ethnic_t), C(grade92_t), C(docc00_t), C(ind02_t), C(unionmme_t), C(unioncov_t)",analytic_sample_0910_retention.csv
2009-2010,0910,stayed_state_local,I(age_t ** 2),age,-9.846411171244965e-05,-0.009846411171244964,0.00010388336050143462,0.010388336050143462,0.3432143088756159,-0.0003020717568882523,0.00010514353346335302,-0.030207175688825232,0.010514353346335301,689,0.1630276505269368,earnwt_t,"age_t, I(age_t**2), np.log(earnwke_t), C(sex_t), C(race_t), C(ethnic_t), C(grade92_t), C(docc00_t), C(ind02_t), C(unionmme_t), C(unioncov_t)",analytic_sample_0910_retention.csv
2009-2010,0910,stayed_state_local,np.log(earnwke_t),earnings,0.03541163369957536,3.5411633699575362,0.024781292170991405,2.4781292170991405,0.1530138928404431,-0.013158806445932203,0.08398207384508292,-1.3158806445932203,8.398207384508293,689,0.1630276505269368,earnwt_t,"age_t, I(age_t**2), np.log(earnwke_t), C(sex_t), C(race_t), C(ethnic_t), C(grade92_t), C(docc00_t), C(ind02_t), C(unionmme_t), C(unioncov_t)",analytic_sample_0910_retention.csv
2010-2011,1011,stayed_state_local,Intercept,intercept,-0.42303213025678293,-42.303213025678296,0.21143335936741237,21.143335936741238,0.045415852014624176,-0.8374338997472257,-0.008630360766340217,-83.74338997472258,-0.8630360766340217,645,0.2760742112635699,earnwt_t,"age_t, I(age_t**2), np.log(earnwke_t), C(sex_t), C(race_t), C(ethnic_t), C(grade92_t), C(docc00_t), C(ind02_t), C(unionmme_t), C(unioncov_t)",analytic_sample_1011_retention.csv
2010-2011,1011,stayed_state_local,C(sex_t)[T.2],sex,0.029115602276400657,2.9115602276400656,0.042939031477050894,4.293903147705089,0.49772829732578616,-0.05504335294965082,0.11327455750245213,-5.504335294965082,11.327455750245214,645,0.2760742112635699,earnwt_t,"age_t, I(age_t**2), np.log(earnwke_t), C(sex_t), C(race_t), C(ethnic_t), C(grade92_t), C(docc00_t), C(ind02_t), C(unionmme_t), C(unioncov_t)",analytic_sample_1011_retention.csv
2010-2011,1011,stayed_state_local,C(race_t)[T.10],race,0.303230912740074,30.323091274007403,0.12401622027305827,12.401622027305827,0.014481569884798961,0.06016358750609371,0.5462982379740543,6.016358750609371,54.62982379740543,645,0.2760742112635699,earnwt_t,"age_t, I(age_t**2), np.log(earnwke_t), C(sex_t), C(race_t), C(ethnic_t), C(grade92_t), C(docc00_t), C(ind02_t), C(unionmme_t), C(unioncov_t)",analytic_sample_1011_retention.csv
2010-2011,1011,stayed_state_local,C(race_t)[T.2],race,-0.1537800389645313,-15.37800389645313,0.061648266554093965,6.164826655409397,0.012614373174645957,-0.27460842111988065,-0.03295165680918194,-27.460842111988065,-3.2951656809181937,645,0.2760742112635699,earnwt_t,"age_t, I(age_t**2), np.log(earnwke_t), C(sex_t), C(race_t), C(ethnic_t), C(grade92_t), C(docc00_t), C(ind02_t), C(unionmme_t), C(unioncov_t)",analytic_sample_1011_retention.csv
2010-2011,1011,stayed_state_local,C(race_t)[T.3],race,-0.4048376952646632,-40.48376952646632,0.2627113015187982,26.271130151879817,0.12331717542843405,-0.9197423845731504,0.11006699404382403,-91.97423845731504,11.006699404382402,645,0.2760742112635699,earnwt_t,"age_t, I(age_t**2), np.log(earnwke_t), C(sex_t), C(race_t), C(ethnic_t), C(grade92_t), C(docc00_t), C(ind02_t), C(unionmme_t), C(unioncov_t)",analytic_sample_1011_retention.csv
2010-2011,1011,stayed_state_local,C(race_t)[T.4],race,-0.47606582826294774,-47.606582826294776,0.14081241366651748,14.081241366651748,0.0007226164393670453,-0.7520530876254776,-0.2000785689004178,-75.20530876254776,-20.00785689004178,645,0.2760742112635699,earnwt_t,"age_t, I(age_t**2), np.log(earnwke_t), C(sex_t), C(race_t), C(ethnic_t), C(grade92_t), C(docc00_t), C(ind02_t), C(unionmme_t), C(unioncov_t)",analytic_sample_1011_retention.csv
2010-2011,1011,stayed_state_local,C(race_t)[T.6],race,-0.23578807241594849,-23.57880724159485,0.29751435680110866,29.751435680110866,0.4280536277516388,-0.8189054966297207,0.34732935179782376,-81.89054966297206,34.73293517978237,645,0.2760742112635699,earnwt_t,"age_t, I(age_t**2), np.log(earnwke_t), C(sex_t), C(race_t), C(ethnic_t), C(grade92_t), C(docc00_t), C(ind02_t), C(unionmme_t), C(unioncov_t)",analytic_sample_1011_retention.csv
2010-2011,1011,stayed_state_local,C(ethnic_t)[T.2.0],ethnicity_hispanic,-0.04488359119109751,-4.488359119109751,0.2670930929232141,26.70930929232141,0.8665480766741873,-0.5683764338400071,0.4786092514578121,-56.837643384000714,47.86092514578121,645,0.2760742112635699,earnwt_t,"age_t, I(age_t**2), np.log(earnwke_t), C(sex_t), C(race_t), C(ethnic_t), C(grade92_t), C(docc00_t), C(ind02_t), C(unionmme_t), C(unioncov_t)",analytic_sample_1011_retention.csv
2010-2011,1011,stayed_state_local,C(ethnic_t)[T.4.0],ethnicity_hispanic,-0.7400011498065673,-74.00011498065673,0.19744606984415655,19.744606984415654,0.00017834642908774644,-1.1269883355900943,-0.3530139640230404,-112.69883355900943,-35.30139640230404,645,0.2760742112635699,earnwt_t,"age_t, I(age_t**2), np.log(earnwke_t), C(sex_t), C(race_t), C(ethnic_t), C(grade92_t), C(docc00_t), C(ind02_t), C(unionmme_t), C(unioncov_t)",analytic_sample_1011_retention.csv
2010-2011,1011,stayed_state_local,C(ethnic_t)[T.MISSING],ethnicity_hispanic,0.17151901888426474,17.151901888426472,0.14305485333873622,14.305485333873621,0.23053813939329915,-0.10886334147331772,0.4519013792418472,-10.886334147331771,45.19013792418472,645,0.2760742112635699,earnwt_t,"age_t, I(age_t**2), np.log(earnwke_t), C(sex_t), C(race_t), C(ethnic_t), C(grade92_t), C(docc00_t), C(ind02_t), C(unionmme_t), C(unioncov_t)",analytic_sample_1011_retention.csv
2010-2011,1011,stayed_state_local,C(grade92_t)[T.34],education,0.5199792548898696,51.997925488986965,0.38252929713548156,38.252929713548156,0.17404559770926975,-0.22976439052709507,1.2697229003068342,-22.97643905270951,126.97229003068342,645,0.2760742112635699,earnwt_t,"age_t, I(age_t**2), np.log(earnwke_t), C(sex_t), C(race_t), C(ethnic_t), C(grade92_t), C(docc00_t), C(ind02_t), C(unionmme_t), C(unioncov_t)",analytic_sample_1011_retention.csv
2010-2011,1011,stayed_state_local,C(grade92_t)[T.35],education,0.9776097770419011,97.76097770419011,0.2449339069540677,24.49339069540677,6.570635106827377e-05,0.49754814081924376,1.4576714132645585,49.75481408192437,145.76714132645586,645,0.2760742112635699,earnwt_t,"age_t, I(age_t**2), np.log(earnwke_t), C(sex_t), C(race_t), C(ethnic_t), C(grade92_t), C(docc00_t), C(ind02_t), C(unionmme_t), C(unioncov_t)",analytic_sample_1011_retention.csv
2010-2011,1011,stayed_state_local,C(grade92_t)[T.36],education,0.672352845431628,67.2352845431628,0.3098050063635545,30.98050063635545,0.02998827132543815,0.06514619072885885,1.2795595001343971,6.5146190728858855,127.95595001343972,645,0.2760742112635699,earnwt_t,"age_t, I(age_t**2), np.log(earnwke_t), C(sex_t), C(race_t), C(ethnic_t), C(grade92_t), C(docc00_t), C(ind02_t), C(unionmme_t), C(unioncov_t)",analytic_sample_1011_retention.csv
2010-2011,1011,stayed_state_local,C(grade92_t)[T.37],education,0.6850777416326103,68.50777416326103,0.34343034017683166,34.343034017683166,0.046063776345182356,0.011966643687681078,1.3581888395775394,1.1966643687681078,135.81888395775394,645,0.2760742112635699,earnwt_t,"age_t, I(age_t**2), np.log(earnwke_t), C(sex_t), C(race_t), C(ethnic_t), C(grade92_t), C(docc00_t), C(ind02_t), C(unionmme_t), C(unioncov_t)",analytic_sample_1011_retention.csv
2010-2011,1011,stayed_state_local,C(grade92_t)[T.39],education,0.9749450020639975,97.49450020639975,0.2120295847485566,21.20295847485566,4.262478065182452e-06,0.5593746522998434,1.3905153518281517,55.93746522998434,139.05153518281517,645,0.2760742112635699,earnwt_t,"age_t, I(age_t**2), np.log(earnwke_t), C(sex_t), C(race_t), C(ethnic_t), C(grade92_t), C(docc00_t), C(ind02_t), C(unionmme_t), C(unioncov_t)",analytic_sample_1011_retention.csv
2010-2011,1011,stayed_state_local,C(grade92_t)[T.40],education,0.9000848331635964,90.00848331635964,0.20243738404880732,20.24373840488073,8.738704229429742e-06,0.5033148513034309,1.296854815023762,50.33148513034309,129.6854815023762,645,0.2760742112635699,earnwt_t,"age_t, I(age_t**2), np.log(earnwke_t), C(sex_t), C(race_t), C(ethnic_t), C(grade92_t), C(docc00_t), C(ind02_t), C(unionmme_t), C(unioncov_t)",analytic_sample_1011_retention.csv
2010-2011,1011,stayed_state_local,C(grade92_t)[T.41],education,0.8949064179832805,89.49064179832806,0.2372180592725203,23.721805927252028,0.00016161644454004101,0.4299675653266529,1.3598452706399082,42.996756532665295,135.9845270639908,645,0.2760742112635699,earnwt_t,"age_t, I(age_t**2), np.log(earnwke_t), C(sex_t), C(race_t), C(ethnic_t), C(grade92_t), C(docc00_t), C(ind02_t), C(unionmme_t), C(unioncov_t)",analytic_sample_1011_retention.csv
2010-2011,1011,stayed_state_local,C(grade92_t)[T.42],education,0.9230557140288345,92.30557140288344,0.21983487410387603,21.983487410387603,2.682628881358504e-05,0.49218727823934044,1.3539241498183285,49.218727823934046,135.39241498183284,645,0.2760742112635699,earnwt_t,"age_t, I(age_t**2), np.log(earnwke_t), C(sex_t), C(race_t), C(ethnic_t), C(grade92_t), C(docc00_t), C(ind02_t), C(unionmme_t), C(unioncov_t)",analytic_sample_1011_retention.csv
2010-2011,1011,stayed_state_local,C(grade92_t)[T.43],education,1.0622924690677282,106.22924690677283,0.21757223645546703,21.757223645546702,1.0475894911343365e-06,0.6358587215791802,1.4887262165562762,63.58587215791802,148.87262165562763,645,0.2760742112635699,earnwt_t,"age_t, I(age_t**2), np.log(earnwke_t), C(sex_t), C(race_t), C(ethnic_t), C(grade92_t), C(docc00_t), C(ind02_t), C(unionmme_t), C(unioncov_t)",analytic_sample_1011_retention.csv
2010-2011,1011,stayed_state_local,C(grade92_t)[T.44],education,1.1524435894838332,115.24435894838332,0.21915737599194712,21.915737599194713,1.45218872817741e-07,0.7229030255933138,1.5819841533743526,72.29030255933138,158.19841533743525,645,0.2760742112635699,earnwt_t,"age_t, I(age_t**2), np.log(earnwke_t), C(sex_t), C(race_t), C(ethnic_t), C(grade92_t), C(docc00_t), C(ind02_t), C(unionmme_t), C(unioncov_t)",analytic_sample_1011_retention.csv
2010-2011,1011,stayed_state_local,C(grade92_t)[T.45],education,1.0255930831910092,102.55930831910092,0.24277343254879954,24.277343254879955,2.3948622902718997e-05,0.549765898992198,1.5014202673898205,54.976589899219796,150.14202673898205,645,0.2760742112635699,earnwt_t,"age_t, I(age_t**2), np.log(earnwke_t), C(sex_t), C(race_t), C(ethnic_t), C(grade92_t), C(docc00_t), C(ind02_t), C(unionmme_t), C(unioncov_t)",analytic_sample_1011_retention.csv
2010-2011,1011,stayed_state_local,C(grade92_t)[T.46],education,1.0790169834567778,107.90169834567777,0.2391705078565977,23.91705078565977,6.437175136437244e-06,0.6102514018936922,1.5477825650198633,61.02514018936922,154.77825650198633,645,0.2760742112635699,earnwt_t,"age_t, I(age_t**2), np.log(earnwke_t), C(sex_t), C(race_t), C(ethnic_t), C(grade92_t), C(docc00_t), C(ind02_t), C(unionmme_t), C(unioncov_t)",analytic_sample_1011_retention.csv
2010-2011,1011,stayed_state_local,C(docc00_t)[T.10.0],occupation,-0.09040773971002655,-9.040773971002656,0.11351801287731582,11.351801287731583,0.42578937057080357,-0.31289895654611966,0.13208347712606652,-31.289895654611964,13.208347712606653,645,0.2760742112635699,earnwt_t,"age_t, I(age_t**2), np.log(earnwke_t), C(sex_t), C(race_t), C(ethnic_t), C(grade92_t), C(docc00_t), C(ind02_t), C(unionmme_t), C(unioncov_t)",analytic_sample_1011_retention.csv
2010-2011,1011,stayed_state_local,C(docc00_t)[T.11.0],occupation,0.006616179797213961,0.6616179797213961,0.26178900629008267,26.178900629008268,0.9798372518498627,-0.5064808440798777,0.5197132036743056,-50.64808440798777,51.971320367430565,645,0.2760742112635699,earnwt_t,"age_t, I(age_t**2), np.log(earnwke_t), C(sex_t), C(race_t), C(ethnic_t), C(grade92_t), C(docc00_t), C(ind02_t), C(unionmme_t), C(unioncov_t)",analytic_sample_1011_retention.csv
2010-2011,1011,stayed_state_local,C(docc00_t)[T.12.0],occupation,0.07797649648701348,7.797649648701348,0.09305168413906582,9.305168413906582,0.4020356215104085,-0.10440145312635253,0.2603544461003795,-10.440145312635254,26.03544461003795,645,0.2760742112635699,earnwt_t,"age_t, I(age_t**2), np.log(earnwke_t), C(sex_t), C(race_t), C(ethnic_t), C(grade92_t), C(docc00_t), C(ind02_t), C(unionmme_t), C(unioncov_t)",analytic_sample_1011_retention.csv
2010-2011,1011,stayed_state_local,C(docc00_t)[T.13.0],occupation,-0.06014196652548123,-6.014196652548123,0.17309706051606893,17.309706051606895,0.7282559103072803,-0.3994059709667266,0.27912203791576407,-39.94059709667266,27.912203791576406,645,0.2760742112635699,earnwt_t,"age_t, I(age_t**2), np.log(earnwke_t), C(sex_t), C(race_t), C(ethnic_t), C(grade92_t), C(docc00_t), C(ind02_t), C(unionmme_t), C(unioncov_t)",analytic_sample_1011_retention.csv
2010-2011,1011,stayed_state_local,C(docc00_t)[T.14.0],occupation,0.09731055723173895,9.731055723173895,0.11328937913814598,11.328937913814597,0.3903649607927404,-0.1247325457099305,0.3193536601734084,-12.473254570993051,31.93536601734084,645,0.2760742112635699,earnwt_t,"age_t, I(age_t**2), np.log(earnwke_t), C(sex_t), C(race_t), C(ethnic_t), C(grade92_t), C(docc00_t), C(ind02_t), C(unionmme_t), C(unioncov_t)",analytic_sample_1011_retention.csv
2010-2011,1011,stayed_state_local,C(docc00_t)[T.15.0],occupation,0.40370836375761665,40.37083637576166,0.13098510329674784,13.098510329674784,0.002055501128646853,0.1469822787847322,0.6604344487305012,14.698227878473219,66.04344487305012,645,0.2760742112635699,earnwt_t,"age_t, I(age_t**2), np.log(earnwke_t), C(sex_t), C(race_t), C(ethnic_t), C(grade92_t), C(docc00_t), C(ind02_t), C(unionmme_t), C(unioncov_t)",analytic_sample_1011_retention.csv
2010-2011,1011,stayed_state_local,C(docc00_t)[T.16.0],occupation,0.38767665349864344,38.767665349864345,0.1374826744749732,13.74826744749732,0.004805031328105129,0.1182155630294518,0.6571377439678351,11.82155630294518,65.7137743967835,645,0.2760742112635699,earnwt_t,"age_t, I(age_t**2), np.log(earnwke_t), C(sex_t), C(race_t), C(ethnic_t), C(grade92_t), C(docc00_t), C(ind02_t), C(unionmme_t), C(unioncov_t)",analytic_sample_1011_retention.csv
2010-2011,1011,stayed_state_local,C(docc00_t)[T.17.0],occupation,0.19064670101890455,19.064670101890453,0.08453284438095361,8.453284438095361,0.024114670045838386,0.02496537052150638,0.3563280315163027,2.496537052150638,35.63280315163027,645,0.2760742112635699,earnwt_t,"age_t, I(age_t**2), np.log(earnwke_t), C(sex_t), C(race_t), C(ethnic_t), C(grade92_t), C(docc00_t), C(ind02_t), C(unionmme_t), C(unioncov_t)",analytic_sample_1011_retention.csv
2010-2011,1011,stayed_state_local,C(docc00_t)[T.19.0],occupation,0.32720485954382345,32.72048595438235,0.10077661422600055,10.077661422600055,0.0011669674926936297,0.1296863251769755,0.5247233939106714,12.96863251769755,52.47233939106714,645,0.2760742112635699,earnwt_t,"age_t, I(age_t**2), np.log(earnwke_t), C(sex_t), C(race_t), C(ethnic_t), C(grade92_t), C(docc00_t), C(ind02_t), C(unionmme_t), C(unioncov_t)",analytic_sample_1011_retention.csv
2010-2011,1011,stayed_state_local,C(docc00_t)[T.2.0],occupation,0.19217648562187442,19.217648562187442,0.13519701402428438,13.519701402428439,0.15518449667748097,-0.07280479268307957,0.4571577639268284,-7.280479268307957,45.71577639268284,645,0.2760742112635699,earnwt_t,"age_t, I(age_t**2), np.log(earnwke_t), C(sex_t), C(race_t), C(ethnic_t), C(grade92_t), C(docc00_t), C(ind02_t), C(unionmme_t), C(unioncov_t)",analytic_sample_1011_retention.csv
2010-2011,1011,stayed_state_local,C(docc00_t)[T.20.0],occupation,0.14436634497130402,14.436634497130402,0.12481361242114207,12.481361242114207,0.2474131580749065,-0.10026384015447556,0.38899653009708357,-10.026384015447556,38.89965300970836,645,0.2760742112635699,earnwt_t,"age_t, I(age_t**2), np.log(earnwke_t), C(sex_t), C(race_t), C(ethnic_t), C(grade92_t), C(docc00_t), C(ind02_t), C(unionmme_t), C(unioncov_t)",analytic_sample_1011_retention.csv
2010-2011,1011,stayed_state_local,C(docc00_t)[T.21.0],occupation,0.1730083625914311,17.30083625914311,0.10265067302343316,10.265067302343315,0.0919096989017859,-0.0281832595232952,0.3741999847061574,-2.81832595232952,37.41999847061574,645,0.2760742112635699,earnwt_t,"age_t, I(age_t**2), np.log(earnwke_t), C(sex_t), C(race_t), C(ethnic_t), C(grade92_t), C(docc00_t), C(ind02_t), C(unionmme_t), C(unioncov_t)",analytic_sample_1011_retention.csv
2010-2011,1011,stayed_state_local,C(docc00_t)[T.22.0],occupation,0.2235140455935401,22.35140455935401,0.11073765348011917,11.073765348011918,0.04354852386871761,0.0064722330400299455,0.4405558581470502,0.6472233040029945,44.055585814705026,645,0.2760742112635699,earnwt_t,"age_t, I(age_t**2), np.log(earnwke_t), C(sex_t), C(race_t), C(ethnic_t), C(grade92_t), C(docc00_t), C(ind02_t), C(unionmme_t), C(unioncov_t)",analytic_sample_1011_retention.csv
2010-2011,1011,stayed_state_local,C(docc00_t)[T.3.0],occupation,0.12749734051354364,12.749734051354364,0.15213285473632449,15.213285473632448,0.4019937570555029,-0.17067757563491612,0.42567225666200337,-17.06775756349161,42.567225666200336,645,0.2760742112635699,earnwt_t,"age_t, I(age_t**2), np.log(earnwke_t), C(sex_t), C(race_t), C(ethnic_t), C(grade92_t), C(docc00_t), C(ind02_t), C(unionmme_t), C(unioncov_t)",analytic_sample_1011_retention.csv
2010-2011,1011,stayed_state_local,C(docc00_t)[T.4.0],occupation,0.4917255413086037,49.17255413086037,0.12917268864515533,12.917268864515533,0.0001408163676669226,0.23855172377789324,0.7448993588393141,23.855172377789323,74.48993588393141,645,0.2760742112635699,earnwt_t,"age_t, I(age_t**2), np.log(earnwke_t), C(sex_t), C(race_t), C(ethnic_t), C(grade92_t), C(docc00_t), C(ind02_t), C(unionmme_t), C(unioncov_t)",analytic_sample_1011_retention.csv
2010-2011,1011,stayed_state_local,C(docc00_t)[T.5.0],occupation,0.17606028707903337,17.606028707903338,0.1462689315462357,14.626893154623568,0.2287151369608732,-0.11062155080874314,0.4627421249668099,-11.062155080874314,46.27421249668099,645,0.2760742112635699,earnwt_t,"age_t, I(age_t**2), np.log(earnwke_t), C(sex_t), C(race_t), C(ethnic_t), C(grade92_t), C(docc00_t), C(ind02_t), C(unionmme_t), C(unioncov_t)",analytic_sample_1011_retention.csv
2010-2011,1011,stayed_state_local,C(docc00_t)[T.6.0],occupation,0.09981872441827097,9.981872441827097,0.102127648039818,10.2127648039818,0.328375227456115,-0.10034778756555496,0.2999852364020969,-10.034778756555497,29.99852364020969,645,0.2760742112635699,earnwt_t,"age_t, I(age_t**2), np.log(earnwke_t), C(sex_t), C(race_t), C(ethnic_t), C(grade92_t), C(docc00_t), C(ind02_t), C(unionmme_t), C(unioncov_t)",analytic_sample_1011_retention.csv
2010-2011,1011,stayed_state_local,C(docc00_t)[T.7.0],occupation,0.02843432927096548,2.843432927096548,0.1254735677419377,12.547356774193771,0.8207222800603298,-0.21748934451497914,0.2743580030569101,-21.748934451497913,27.43580030569101,645,0.2760742112635699,earnwt_t,"age_t, I(age_t**2), np.log(earnwke_t), C(sex_t), C(race_t), C(ethnic_t), C(grade92_t), C(docc00_t), C(ind02_t), C(unionmme_t), C(unioncov_t)",analytic_sample_1011_retention.csv
2010-2011,1011,stayed_state_local,C(docc00_t)[T.8.0],occupation,-0.025426711436395334,-2.5426711436395335,0.07592061866333322,7.592061866333322,0.7376916167330372,-0.1742283897005279,0.12337496682773724,-17.42283897005279,12.337496682773724,645,0.2760742112635699,earnwt_t,"age_t, I(age_t**2), np.log(earnwke_t), C(sex_t), C(race_t), C(ethnic_t), C(grade92_t), C(docc00_t), C(ind02_t), C(unionmme_t), C(unioncov_t)",analytic_sample_1011_retention.csv
2010-2011,1011,stayed_state_local,C(docc00_t)[T.9.0],occupation,-0.02628569713183798,-2.628569713183798,0.25128439113030354,25.128439113030353,0.91668895210933,-0.5187940536243092,0.4662226593606332,-51.879405362430916,46.622265936063314,645,0.2760742112635699,earnwt_t,"age_t, I(age_t**2), np.log(earnwke_t), C(sex_t), C(race_t), C(ethnic_t), C(grade92_t), C(docc00_t), C(ind02_t), C(unionmme_t), C(unioncov_t)",analytic_sample_1011_retention.csv
2010-2011,1011,stayed_state_local,C(ind02_t)[T.280.0],industry,0.14652416680406932,14.652416680406933,0.18545203341939054,18.545203341939054,0.42947404531365674,-0.2169551395576546,0.5100034731657932,-21.69551395576546,51.00034731657932,645,0.2760742112635699,earnwt_t,"age_t, I(age_t**2), np.log(earnwke_t), C(sex_t), C(race_t), C(ethnic_t), C(grade92_t), C(docc00_t), C(ind02_t), C(unionmme_t), C(unioncov_t)",analytic_sample_1011_retention.csv
2010-2011,1011,stayed_state_local,C(ind02_t)[T.3990.0],industry,-0.9254010520072773,-92.54010520072772,0.12191921222148623,12.191921222148624,3.192130392644374e-14,-1.164358316984886,-0.6864437870296687,-116.43583169848858,-68.64437870296686,645,0.2760742112635699,earnwt_t,"age_t, I(age_t**2), np.log(earnwke_t), C(sex_t), C(race_t), C(ethnic_t), C(grade92_t), C(docc00_t), C(ind02_t), C(unionmme_t), C(unioncov_t)",analytic_sample_1011_retention.csv
2010-2011,1011,stayed_state_local,C(ind02_t)[T.4990.0],industry,-0.13815643941437103,-13.815643941437102,0.15438487844334692,15.438487844334691,0.3708495097473037,-0.44074524092092515,0.16443236209218307,-44.07452409209252,16.443236209218306,645,0.2760742112635699,earnwt_t,"age_t, I(age_t**2), np.log(earnwke_t), C(sex_t), C(race_t), C(ethnic_t), C(grade92_t), C(docc00_t), C(ind02_t), C(unionmme_t), C(unioncov_t)",analytic_sample_1011_retention.csv
2010-2011,1011,stayed_state_local,C(ind02_t)[T.570.0],industry,0.1847445017178635,18.47445017178635,0.09063769915637074,9.063769915637074,0.04152249873787248,0.007097875729800418,0.3623911277059266,0.7097875729800418,36.239112770592655,645,0.2760742112635699,earnwt_t,"age_t, I(age_t**2), np.log(earnwke_t), C(sex_t), C(race_t), C(ethnic_t), C(grade92_t), C(docc00_t), C(ind02_t), C(unionmme_t), C(unioncov_t)",analytic_sample_1011_retention.csv
2010-2011,1011,stayed_state_local,C(ind02_t)[T.590.0],industry,0.12172775197736835,12.172775197736835,0.09512731170030303,9.512731170030303,0.2006753304185528,-0.06471835290134129,0.308173856856078,-6.471835290134129,30.8173856856078,645,0.2760742112635699,earnwt_t,"age_t, I(age_t**2), np.log(earnwke_t), C(sex_t), C(race_t), C(ethnic_t), C(grade92_t), C(docc00_t), C(ind02_t), C(unionmme_t), C(unioncov_t)",analytic_sample_1011_retention.csv
2010-2011,1011,stayed_state_local,C(ind02_t)[T.6070.0],industry,-0.04359439422586786,-4.359439422586786,0.13792916998764257,13.792916998764257,0.7519542113777417,-0.3139305998191502,0.2267418113674145,-31.393059981915023,22.67418113674145,645,0.2760742112635699,earnwt_t,"age_t, I(age_t**2), np.log(earnwke_t), C(sex_t), C(race_t), C(ethnic_t), C(grade92_t), C(docc00_t), C(ind02_t), C(unionmme_t), C(unioncov_t)",analytic_sample_1011_retention.csv
2010-2011,1011,stayed_state_local,C(ind02_t)[T.6180.0],industry,0.05172339916154556,5.172339916154556,0.11463411248271486,11.463411248271486,0.651842344228299,-0.172955332704289,0.2764021310273801,-17.2955332704289,27.64021310273801,645,0.2760742112635699,earnwt_t,"age_t, I(age_t**2), np.log(earnwke_t), C(sex_t), C(race_t), C(ethnic_t), C(grade92_t), C(docc00_t), C(ind02_t), C(unionmme_t), C(unioncov_t)",analytic_sample_1011_retention.csv
2010-2011,1011,stayed_state_local,C(ind02_t)[T.6290.0],industry,-0.16530113011686215,-16.530113011686215,0.18128496353900833,18.128496353900832,0.36185803570969344,-0.5206131295919754,0.190010869358251,-52.06131295919754,19.0010869358251,645,0.2760742112635699,earnwt_t,"age_t, I(age_t**2), np.log(earnwke_t), C(sex_t), C(race_t), C(ethnic_t), C(grade92_t), C(docc00_t), C(ind02_t), C(unionmme_t), C(unioncov_t)",analytic_sample_1011_retention.csv
2010-2011,1011,stayed_state_local,C(ind02_t)[T.6670.0],industry,-0.603186802781696,-60.3186802781696,0.1209573808300922,12.09573808300922,6.139665034991229e-07,-0.8402589128729723,-0.36611469269041974,-84.02589128729723,-36.611469269041976,645,0.2760742112635699,earnwt_t,"age_t, I(age_t**2), np.log(earnwke_t), C(sex_t), C(race_t), C(ethnic_t), C(grade92_t), C(docc00_t), C(ind02_t), C(unionmme_t), C(unioncov_t)",analytic_sample_1011_retention.csv
2010-2011,1011,stayed_state_local,C(ind02_t)[T.670.0],industry,0.039818927538622484,3.9818927538622484,0.08647695962109439,8.64769596210944,0.6451881782899587,-0.12967279881124705,0.20931065388849202,-12.967279881124705,20.931065388849202,645,0.2760742112635699,earnwt_t,"age_t, I(age_t**2), np.log(earnwke_t), C(sex_t), C(race_t), C(ethnic_t), C(grade92_t), C(docc00_t), C(ind02_t), C(unionmme_t), C(unioncov_t)",analytic_sample_1011_retention.csv
2010-2011,1011,stayed_state_local,C(ind02_t)[T.6770.0],industry,-0.1733673213231539,-17.33673213231539,0.15193552984465275,15.193552984465274,0.2538455972640862,-0.47115548779068384,0.12442084514437601,-47.115548779068384,12.442084514437601,645,0.2760742112635699,earnwt_t,"age_t, I(age_t**2), np.log(earnwke_t), C(sex_t), C(race_t), C(ethnic_t), C(grade92_t), C(docc00_t), C(ind02_t), C(unionmme_t), C(unioncov_t)",analytic_sample_1011_retention.csv
2010-2011,1011,stayed_state_local,C(ind02_t)[T.680.0],industry,0.0013394046494384915,0.13394046494384915,0.12717650693674487,12.717650693674488,0.9915969500971158,-0.24792196862618981,0.2506007779250668,-24.792196862618983,25.06007779250668,645,0.2760742112635699,earnwt_t,"age_t, I(age_t**2), np.log(earnwke_t), C(sex_t), C(race_t), C(ethnic_t), C(grade92_t), C(docc00_t), C(ind02_t), C(unionmme_t), C(unioncov_t)",analytic_sample_1011_retention.csv
2010-2011,1011,stayed_state_local,C(ind02_t)[T.7070.0],industry,-0.17587313195781878,-17.587313195781878,0.16361342801673295,16.361342801673295,0.2824056595000677,-0.49654955825775204,0.14480329434211447,-49.654955825775204,14.480329434211448,645,0.2760742112635699,earnwt_t,"age_t, I(age_t**2), np.log(earnwke_t), C(sex_t), C(race_t), C(ethnic_t), C(grade92_t), C(docc00_t), C(ind02_t), C(unionmme_t), C(unioncov_t)",analytic_sample_1011_retention.csv
2010-2011,1011,stayed_state_local,C(ind02_t)[T.7270.0],industry,0.15749139772017895,15.749139772017895,0.12127657344671294,12.127657344671295,0.1940765963959047,-0.08020631840380507,0.395189113844163,-8.020631840380506,39.5189113844163,645,0.2760742112635699,earnwt_t,"age_t, I(age_t**2), np.log(earnwke_t), C(sex_t), C(race_t), C(ethnic_t), C(grade92_t), C(docc00_t), C(ind02_t), C(unionmme_t), C(unioncov_t)",analytic_sample_1011_retention.csv
2010-2011,1011,stayed_state_local,C(ind02_t)[T.7290.0],industry,-0.5173137555449947,-51.73137555449947,0.3926338726904452,39.26338726904452,0.18765518880449994,-1.2868620051287518,0.2522344940387625,-128.6862005128752,25.223449403876252,645,0.2760742112635699,earnwt_t,"age_t, I(age_t**2), np.log(earnwke_t), C(sex_t), C(race_t), C(ethnic_t), C(grade92_t), C(docc00_t), C(ind02_t), C(unionmme_t), C(unioncov_t)",analytic_sample_1011_retention.csv
2010-2011,1011,stayed_state_local,C(ind02_t)[T.7690.0],industry,-0.39156858917773074,-39.15685891777307,0.27922539357707904,27.922539357707905,0.16081411442895865,-0.9388403041578274,0.1557031258023659,-93.88403041578273,15.570312580236589,645,0.2760742112635699,earnwt_t,"age_t, I(age_t**2), np.log(earnwke_t), C(sex_t), C(race_t), C(ethnic_t), C(grade92_t), C(docc00_t), C(ind02_t), C(unionmme_t), C(unioncov_t)",analytic_sample_1011_retention.csv
2010-2011,1011,stayed_state_local,C(ind02_t)[T.770.0],industry,-0.11673127010984485,-11.673127010984485,0.11509278839192352,11.509278839192353,0.3104700682824635,-0.3423089902383045,0.10884645001861484,-34.23089902383045,10.884645001861484,645,0.2760742112635699,earnwt_t,"age_t, I(age_t**2), np.log(earnwke_t), C(sex_t), C(race_t), C(ethnic_t), C(grade92_t), C(docc00_t), C(ind02_t), C(unionmme_t), C(unioncov_t)",analytic_sample_1011_retention.csv
2010-2011,1011,stayed_state_local,C(ind02_t)[T.7790.0],industry,-0.5938419630482392,-59.384196304823924,0.23091079830709688,23.09107983070969,0.010118957829120697,-1.0464188113715416,-0.14126511472493686,-104.64188113715416,-14.126511472493686,645,0.2760742112635699,earnwt_t,"age_t, I(age_t**2), np.log(earnwke_t), C(sex_t), C(race_t), C(ethnic_t), C(grade92_t), C(docc00_t), C(ind02_t), C(unionmme_t), C(unioncov_t)",analytic_sample_1011_retention.csv
2010-2011,1011,stayed_state_local,C(ind02_t)[T.7860.0],industry,-0.06687755223044989,-6.687755223044989,0.07944280804005446,7.944280804005446,0.3998816150088311,-0.22258259481968568,0.0888274903587859,-22.25825948196857,8.88274903587859,645,0.2760742112635699,earnwt_t,"age_t, I(age_t**2), np.log(earnwke_t), C(sex_t), C(race_t), C(ethnic_t), C(grade92_t), C(docc00_t), C(ind02_t), C(unionmme_t), C(unioncov_t)",analytic_sample_1011_retention.csv
2010-2011,1011,stayed_state_local,C(ind02_t)[T.7870.0],industry,-0.24689157317669702,-24.689157317669704,0.11733588411213908,11.733588411213908,0.035365905059867864,-0.4768656801306551,-0.016917466222738903,-47.68656801306551,-1.6917466222738904,645,0.2760742112635699,earnwt_t,"age_t, I(age_t**2), np.log(earnwke_t), C(sex_t), C(race_t), C(ethnic_t), C(grade92_t), C(docc00_t), C(ind02_t), C(unionmme_t), C(unioncov_t)",analytic_sample_1011_retention.csv
2010-2011,1011,stayed_state_local,C(ind02_t)[T.8090.0],industry,-0.18918697073564167,-18.918697073564168,0.32366784691774014,32.366784691774015,0.5588774938150782,-0.8235642936480359,0.44519035217675257,-82.35642936480359,44.51903521767526,645,0.2760742112635699,earnwt_t,"age_t, I(age_t**2), np.log(earnwke_t), C(sex_t), C(race_t), C(ethnic_t), C(grade92_t), C(docc00_t), C(ind02_t), C(unionmme_t), C(unioncov_t)",analytic_sample_1011_retention.csv
2010-2011,1011,stayed_state_local,C(ind02_t)[T.8180.0],industry,-0.39677475321099553,-39.67747532109955,0.265343697446378,26.534369744637797,0.13482994950686508,-0.9168388437305891,0.12328933730859803,-91.68388437305892,12.328933730859804,645,0.2760742112635699,earnwt_t,"age_t, I(age_t**2), np.log(earnwke_t), C(sex_t), C(race_t), C(ethnic_t), C(grade92_t), C(docc00_t), C(ind02_t), C(unionmme_t), C(unioncov_t)",analytic_sample_1011_retention.csv
2010-2011,1011,stayed_state_local,C(ind02_t)[T.8190.0],industry,-0.44360053822010914,-44.36005382201091,0.2592912368405071,25.929123684050708,0.08711441442367598,-0.9518020239343483,0.06460094749413003,-95.18020239343483,6.460094749413003,645,0.2760742112635699,earnwt_t,"age_t, I(age_t**2), np.log(earnwke_t), C(sex_t), C(race_t), C(ethnic_t), C(grade92_t), C(docc00_t), C(ind02_t), C(unionmme_t), C(unioncov_t)",analytic_sample_1011_retention.csv
2010-2011,1011,stayed_state_local,C(ind02_t)[T.8270.0],industry,-0.07492737364600272,-7.492737364600272,0.21436175977188415,21.436175977188416,0.7266861730695937,-0.4950687024615226,0.3452139551695172,-49.50687024615226,34.52139551695172,645,0.2760742112635699,earnwt_t,"age_t, I(age_t**2), np.log(earnwke_t), C(sex_t), C(race_t), C(ethnic_t), C(grade92_t), C(docc00_t), C(ind02_t), C(unionmme_t), C(unioncov_t)",analytic_sample_1011_retention.csv
2010-2011,1011,stayed_state_local,C(ind02_t)[T.8290.0],industry,-0.07363202615633635,-7.363202615633635,0.1166815945864091,11.66815945864091,0.5280072388982464,-0.30232374920440197,0.15505969689172924,-30.232374920440197,15.505969689172924,645,0.2760742112635699,earnwt_t,"age_t, I(age_t**2), np.log(earnwke_t), C(sex_t), C(race_t), C(ethnic_t), C(grade92_t), C(docc00_t), C(ind02_t), C(unionmme_t), C(unioncov_t)",analytic_sample_1011_retention.csv
2010-2011,1011,stayed_state_local,C(ind02_t)[T.8370.0],industry,-0.08766865124307571,-8.766865124307571,0.1334046419916483,13.340464199164831,0.5110758413453929,-0.3491369449171661,0.1737996424310147,-34.91369449171661,17.37996424310147,645,0.2760742112635699,earnwt_t,"age_t, I(age_t**2), np.log(earnwke_t), C(sex_t), C(race_t), C(ethnic_t), C(grade92_t), C(docc00_t), C(ind02_t), C(unionmme_t), C(unioncov_t)",analytic_sample_1011_retention.csv
2010-2011,1011,stayed_state_local,C(ind02_t)[T.8470.0],industry,0.0348620457086668,3.48620457086668,0.13623719422972763,13.623719422972764,0.7980340189624455,-0.23215794833638742,0.301882039753721,-23.215794833638743,30.1882039753721,645,0.2760742112635699,earnwt_t,"age_t, I(age_t**2), np.log(earnwke_t), C(sex_t), C(race_t), C(ethnic_t), C(grade92_t), C(docc00_t), C(ind02_t), C(unionmme_t), C(unioncov_t)",analytic_sample_1011_retention.csv
2010-2011,1011,stayed_state_local,C(ind02_t)[T.8570.0],industry,-0.25093780037398816,-25.093780037398815,0.19253400820355762,19.25340082035576,0.19245777823475707,-0.6282975222521003,0.12642192150412407,-62.829752225210036,12.642192150412408,645,0.2760742112635699,earnwt_t,"age_t, I(age_t**2), np.log(earnwke_t), C(sex_t), C(race_t), C(ethnic_t), C(grade92_t), C(docc00_t), C(ind02_t), C(unionmme_t), C(unioncov_t)",analytic_sample_1011_retention.csv
2010-2011,1011,stayed_state_local,C(ind02_t)[T.8590.0],industry,0.295402598931795,29.5402598931795,0.09673829410311746,9.673829410311747,0.002260935292717364,0.10579902656384127,0.4850061712997487,10.579902656384126,48.50061712997487,645,0.2760742112635699,earnwt_t,"age_t, I(age_t**2), np.log(earnwke_t), C(sex_t), C(race_t), C(ethnic_t), C(grade92_t), C(docc00_t), C(ind02_t), C(unionmme_t), C(unioncov_t)",analytic_sample_1011_retention.csv
2010-2011,1011,stayed_state_local,C(ind02_t)[T.8660.0],industry,-0.20767029011017807,-20.767029011017808,0.294899668960691,29.4899668960691,0.4813041279961592,-0.785663020325917,0.37032244010556076,-78.5663020325917,37.03224401055608,645,0.2760742112635699,earnwt_t,"age_t, I(age_t**2), np.log(earnwke_t), C(sex_t), C(race_t), C(ethnic_t), C(grade92_t), C(docc00_t), C(ind02_t), C(unionmme_t), C(unioncov_t)",analytic_sample_1011_retention.csv
2010-2011,1011,stayed_state_local,C(ind02_t)[T.9080.0],industry,0.2788340547825727,27.883405478257274,0.11931462179594222,11.931462179594222,0.019441021621566898,0.04498169323350823,0.5126864163316373,4.498169323350823,51.268641633163725,645,0.2760742112635699,earnwt_t,"age_t, I(age_t**2), np.log(earnwke_t), C(sex_t), C(race_t), C(ethnic_t), C(grade92_t), C(docc00_t), C(ind02_t), C(unionmme_t), C(unioncov_t)",analytic_sample_1011_retention.csv
2010-2011,1011,stayed_state_local,C(ind02_t)[T.9370.0],industry,-0.016674190898069208,-1.6674190898069208,0.0959788074164369,9.59788074164369,0.8620793570610832,-0.20478919671339135,0.17144081491725294,-20.478919671339135,17.144081491725295,645,0.2760742112635699,earnwt_t,"age_t, I(age_t**2), np.log(earnwke_t), C(sex_t), C(race_t), C(ethnic_t), C(grade92_t), C(docc00_t), C(ind02_t), C(unionmme_t), C(unioncov_t)",analytic_sample_1011_retention.csv
2010-2011,1011,stayed_state_local,C(ind02_t)[T.9380.0],industry,-0.029879442375011167,-2.9879442375011167,0.17617150278131302,17.6171502781313,0.8653213497182581,-0.37516924292868264,0.3154103581786603,-37.51692429286827,31.54103581786603,645,0.2760742112635699,earnwt_t,"age_t, I(age_t**2), np.log(earnwke_t), C(sex_t), C(race_t), C(ethnic_t), C(grade92_t), C(docc00_t), C(ind02_t), C(unionmme_t), C(unioncov_t)",analytic_sample_1011_retention.csv
2010-2011,1011,stayed_state_local,C(ind02_t)[T.9390.0],industry,0.14714561562633577,14.714561562633577,0.18163124239099618,18.163124239099616,0.417863257752787,-0.20884507792728146,0.503136309179953,-20.884507792728147,50.3136309179953,645,0.2760742112635699,earnwt_t,"age_t, I(age_t**2), np.log(earnwke_t), C(sex_t), C(race_t), C(ethnic_t), C(grade92_t), C(docc00_t), C(ind02_t), C(unionmme_t), C(unioncov_t)",analytic_sample_1011_retention.csv
2010-2011,1011,stayed_state_local,C(ind02_t)[T.9470.0],industry,0.051073081410683674,5.107308141068367,0.05709079676526094,5.709079676526094,0.3710041868986005,-0.06082282409792358,0.16296898691929093,-6.0822824097923585,16.296898691929094,645,0.2760742112635699,earnwt_t,"age_t, I(age_t**2), np.log(earnwke_t), C(sex_t), C(race_t), C(ethnic_t), C(grade92_t), C(docc00_t), C(ind02_t), C(unionmme_t), C(unioncov_t)",analytic_sample_1011_retention.csv
2010-2011,1011,stayed_state_local,C(ind02_t)[T.9480.0],industry,-0.039306872845510044,-3.9306872845510044,0.0965155408761589,9.65155408761589,0.6838173904943434,-0.2284738569111849,0.14986011122016482,-22.84738569111849,14.986011122016482,645,0.2760742112635699,earnwt_t,"age_t, I(age_t**2), np.log(earnwke_t), C(sex_t), C(race_t), C(ethnic_t), C(grade92_t), C(docc00_t), C(ind02_t), C(unionmme_t), C(unioncov_t)",analytic_sample_1011_retention.csv
2010-2011,1011,stayed_state_local,C(ind02_t)[T.9490.0],industry,-0.11549655490204735,-11.549655490204735,0.1436170255906235,14.361702559062351,0.4212825124346187,-0.39698075262643673,0.16598764282234202,-39.69807526264367,16.598764282234203,645,0.2760742112635699,earnwt_t,"age_t, I(age_t**2), np.log(earnwke_t), C(sex_t), C(race_t), C(ethnic_t), C(grade92_t), C(docc00_t), C(ind02_t), C(unionmme_t), C(unioncov_t)",analytic_sample_1011_retention.csv
2010-2011,1011,stayed_state_local,C(ind02_t)[T.9570.0],industry,-0.059671264535866575,-5.9671264535866575,0.12026196995817962,12.026196995817962,0.6197692958793264,-0.29538039436373653,0.1760378652920034,-29.53803943637365,17.60378652920034,645,0.2760742112635699,earnwt_t,"age_t, I(age_t**2), np.log(earnwke_t), C(sex_t), C(race_t), C(ethnic_t), C(grade92_t), C(docc00_t), C(ind02_t), C(unionmme_t), C(unioncov_t)",analytic_sample_1011_retention.csv
2010-2011,1011,stayed_state_local,C(unionmme_t)[T.2.0],union,-0.17556996682513532,-17.55699668251353,0.11554795556440968,11.554795556440968,0.12864790233745454,-0.4020397982186128,0.050899864568342196,-40.20397982186128,5.08998645683422,645,0.2760742112635699,earnwt_t,"age_t, I(age_t**2), np.log(earnwke_t), C(sex_t), C(race_t), C(ethnic_t), C(grade92_t), C(docc00_t), C(ind02_t), C(unionmme_t), C(unioncov_t)",analytic_sample_1011_retention.csv
2010-2011,1011,stayed_state_local,C(unioncov_t)[T.2.0],union,-0.17383588853037585,-17.383588853037583,0.06899826851234411,6.899826851234411,0.011754703806636279,-0.3090700098101944,-0.038601767250557334,-30.90700098101944,-3.8601767250557333,645,0.2760742112635699,earnwt_t,"age_t, I(age_t**2), np.log(earnwke_t), C(sex_t), C(race_t), C(ethnic_t), C(grade92_t), C(docc00_t), C(ind02_t), C(unionmme_t), C(unioncov_t)",analytic_sample_1011_retention.csv
2010-2011,1011,stayed_state_local,C(unioncov_t)[T.MISSING],union,-0.24746216343165092,-24.74621634316509,0.10665146799971405,10.665146799971405,0.020325281521744405,-0.45649519960941654,-0.03842912725388531,-45.64951996094165,-3.8429127253885307,645,0.2760742112635699,earnwt_t,"age_t, I(age_t**2), np.log(earnwke_t), C(sex_t), C(race_t), C(ethnic_t), C(grade92_t), C(docc00_t), C(ind02_t), C(unionmme_t), C(unioncov_t)",analytic_sample_1011_retention.csv
2010-2011,1011,stayed_state_local,illinois,treatment,0.06366269720790659,6.366269720790658,0.03320962250455171,3.3209622504551706,0.05523850215579448,-0.001426966841185623,0.1287523612569988,-0.1426966841185623,12.87523612569988,645,0.2760742112635699,earnwt_t,"age_t, I(age_t**2), np.log(earnwke_t), C(sex_t), C(race_t), C(ethnic_t), C(grade92_t), C(docc00_t), C(ind02_t), C(unionmme_t), C(unioncov_t)",analytic_sample_1011_retention.csv
2010-2011,1011,stayed_state_local,age_t,age,0.004508856529435636,0.45088565294356364,0.010225567085223673,1.0225567085223672,0.6592567901107609,-0.01553288667910098,0.024550599737972252,-1.553288667910098,2.4550599737972254,645,0.2760742112635699,earnwt_t,"age_t, I(age_t**2), np.log(earnwke_t), C(sex_t), C(race_t), C(ethnic_t), C(grade92_t), C(docc00_t), C(ind02_t), C(unionmme_t), C(unioncov_t)",analytic_sample_1011_retention.csv
2010-2011,1011,stayed_state_local,I(age_t ** 2),age,-3.1763057161684674e-05,-0.0031763057161684673,0.00011330286792677962,0.011330286792677962,0.7792184852179922,-0.00025383259764327114,0.0001903064833199018,-0.025383259764327114,0.01903064833199018,645,0.2760742112635699,earnwt_t,"age_t, I(age_t**2), np.log(earnwke_t), C(sex_t), C(race_t), C(ethnic_t), C(grade92_t), C(docc00_t), C(ind02_t), C(unionmme_t), C(unioncov_t)",analytic_sample_1011_retention.csv
2010-2011,1011,stayed_state_local,np.log(earnwke_t),earnings,0.02769841828328024,2.769841828328024,0.027762357353067268,2.776235735306727,0.31842634963269556,-0.026714802254662353,0.08211163882122283,-2.6714802254662353,8.211163882122282,645,0.2760742112635699,earnwt_t,"age_t, I(age_t**2), np.log(earnwke_t), C(sex_t), C(race_t), C(ethnic_t), C(grade92_t), C(docc00_t), C(ind02_t), C(unionmme_t), C(unioncov_t)",analytic_sample_1011_retention.csv
2011-2012,1112,stayed_state_local,Intercept,intercept,0.6280965572903751,62.80965572903751,0.21345508878936625,21.345508878936627,0.0032554936033651837,0.20973227094641778,1.0464608436343323,20.97322709464178,104.64608436343323,593,0.2482346265518156,earnwt_t,"age_t, I(age_t**2), np.log(earnwke_t), C(sex_t), C(race_t), C(ethnic_t), C(grade92_t), C(docc00_t), C(ind02_t), C(unionmme_t), C(unioncov_t)",analytic_sample_1112_retention.csv
2011-2012,1112,stayed_state_local,C(sex_t)[T.2],sex,-0.009185491742943506,-0.9185491742943506,0.040504634534915374,4.050463453491537,0.8205976821402455,-0.08857311663833492,0.07020213315244792,-8.857311663833492,7.020213315244791,593,0.2482346265518156,earnwt_t,"age_t, I(age_t**2), np.log(earnwke_t), C(sex_t), C(race_t), C(ethnic_t), C(grade92_t), C(docc00_t), C(ind02_t), C(unionmme_t), C(unioncov_t)",analytic_sample_1112_retention.csv
2011-2012,1112,stayed_state_local,C(race_t)[T.10],race,0.10466977132054323,10.466977132054323,0.09983554369072391,9.98355436907239,0.29444426368919085,-0.09100429869025065,0.30034384133133707,-9.100429869025065,30.034384133133706,593,0.2482346265518156,earnwt_t,"age_t, I(age_t**2), np.log(earnwke_t), C(sex_t), C(race_t), C(ethnic_t), C(grade92_t), C(docc00_t), C(ind02_t), C(unionmme_t), C(unioncov_t)",analytic_sample_1112_retention.csv
2011-2012,1112,stayed_state_local,C(race_t)[T.2],race,-0.0843785081245038,-8.43785081245038,0.06727118395251931,6.727118395251932,0.2097315683648594,-0.2162276058688105,0.0474705896198029,-21.62276058688105,4.74705896198029,593,0.2482346265518156,earnwt_t,"age_t, I(age_t**2), np.log(earnwke_t), C(sex_t), C(race_t), C(ethnic_t), C(grade92_t), C(docc00_t), C(ind02_t), C(unionmme_t), C(unioncov_t)",analytic_sample_1112_retention.csv
2011-2012,1112,stayed_state_local,C(race_t)[T.3],race,0.4050352534443172,40.503525344431715,0.30558862087063415,30.558862087063414,0.18502973546925594,-0.19390743754739087,1.0039779444360253,-19.390743754739088,100.39779444360252,593,0.2482346265518156,earnwt_t,"age_t, I(age_t**2), np.log(earnwke_t), C(sex_t), C(race_t), C(ethnic_t), C(grade92_t), C(docc00_t), C(ind02_t), C(unionmme_t), C(unioncov_t)",analytic_sample_1112_retention.csv
2011-2012,1112,stayed_state_local,C(race_t)[T.4],race,0.1856957904007719,18.569579040077187,0.08664914555289653,8.664914555289654,0.03210691643253968,0.015866585825925705,0.35552499497561807,1.5866585825925705,35.552499497561804,593,0.2482346265518156,earnwt_t,"age_t, I(age_t**2), np.log(earnwke_t), C(sex_t), C(race_t), C(ethnic_t), C(grade92_t), C(docc00_t), C(ind02_t), C(unionmme_t), C(unioncov_t)",analytic_sample_1112_retention.csv
2011-2012,1112,stayed_state_local,C(race_t)[T.5],race,0.03276517355014086,3.276517355014086,0.1500572146783483,15.005721467834828,0.8271554814708135,-0.26134156283981697,0.3268719099400987,-26.134156283981696,32.68719099400987,593,0.2482346265518156,earnwt_t,"age_t, I(age_t**2), np.log(earnwke_t), C(sex_t), C(race_t), C(ethnic_t), C(grade92_t), C(docc00_t), C(ind02_t), C(unionmme_t), C(unioncov_t)",analytic_sample_1112_retention.csv
2011-2012,1112,stayed_state_local,C(race_t)[T.6],race,-0.7716381262868199,-77.163812628682,0.27154737354427894,27.154737354427894,0.004488304933141882,-1.3038611985300514,-0.23941505404358854,-130.38611985300514,-23.941505404358853,593,0.2482346265518156,earnwt_t,"age_t, I(age_t**2), np.log(earnwke_t), C(sex_t), C(race_t), C(ethnic_t), C(grade92_t), C(docc00_t), C(ind02_t), C(unionmme_t), C(unioncov_t)",analytic_sample_1112_retention.csv
2011-2012,1112,stayed_state_local,C(race_t)[T.7],race,0.1168849639086128,11.68849639086128,0.14372000734504095,14.372000734504095,0.41605611995849634,-0.1648010743454995,0.3985710021627251,-16.48010743454995,39.857100216272514,593,0.2482346265518156,earnwt_t,"age_t, I(age_t**2), np.log(earnwke_t), C(sex_t), C(race_t), C(ethnic_t), C(grade92_t), C(docc00_t), C(ind02_t), C(unionmme_t), C(unioncov_t)",analytic_sample_1112_retention.csv
2011-2012,1112,stayed_state_local,C(race_t)[T.8],race,0.04422688817663212,4.422688817663212,0.12462156771124323,12.462156771124324,0.7226723609793089,-0.20002689623432432,0.2884806725875886,-20.00268962343243,28.84806725875886,593,0.2482346265518156,earnwt_t,"age_t, I(age_t**2), np.log(earnwke_t), C(sex_t), C(race_t), C(ethnic_t), C(grade92_t), C(docc00_t), C(ind02_t), C(unionmme_t), C(unioncov_t)",analytic_sample_1112_retention.csv
2011-2012,1112,stayed_state_local,C(ethnic_t)[T.2.0],ethnicity_hispanic,0.2578728606079642,25.787286060796422,0.208634989806222,20.8634989806222,0.2164585401355228,-0.1510442053271122,0.6667899265430406,-15.104420532711222,66.67899265430405,593,0.2482346265518156,earnwt_t,"age_t, I(age_t**2), np.log(earnwke_t), C(sex_t), C(race_t), C(ethnic_t), C(grade92_t), C(docc00_t), C(ind02_t), C(unionmme_t), C(unioncov_t)",analytic_sample_1112_retention.csv
2011-2012,1112,stayed_state_local,C(ethnic_t)[T.3.0],ethnicity_hispanic,-0.5987844184177784,-59.87844184177784,0.22520579216676037,22.520579216676037,0.00784119986349143,-1.0401796601744413,-0.15738917666111546,-104.01796601744412,-15.738917666111545,593,0.2482346265518156,earnwt_t,"age_t, I(age_t**2), np.log(earnwke_t), C(sex_t), C(race_t), C(ethnic_t), C(grade92_t), C(docc00_t), C(ind02_t), C(unionmme_t), C(unioncov_t)",analytic_sample_1112_retention.csv
2011-2012,1112,stayed_state_local,C(ethnic_t)[T.4.0],ethnicity_hispanic,0.3492169687595472,34.92169687595472,0.2031424243291148,20.31424243291148,0.08560080085132421,-0.04893486665767105,0.7473688041767654,-4.893486665767105,74.73688041767655,593,0.2482346265518156,earnwt_t,"age_t, I(age_t**2), np.log(earnwke_t), C(sex_t), C(race_t), C(ethnic_t), C(grade92_t), C(docc00_t), C(ind02_t), C(unionmme_t), C(unioncov_t)",analytic_sample_1112_retention.csv
2011-2012,1112,stayed_state_local,C(ethnic_t)[T.5.0],ethnicity_hispanic,0.3114521121027931,31.14521121027931,0.20137884150196803,20.137884150196804,0.12196021398962013,-0.08324316448946412,0.7061473886950503,-8.324316448946412,70.61473886950503,593,0.2482346265518156,earnwt_t,"age_t, I(age_t**2), np.log(earnwke_t), C(sex_t), C(race_t), C(ethnic_t), C(grade92_t), C(docc00_t), C(ind02_t), C(unionmme_t), C(unioncov_t)",analytic_sample_1112_retention.csv
2011-2012,1112,stayed_state_local,C(ethnic_t)[T.MISSING],ethnicity_hispanic,0.17205642899871967,17.205642899871968,0.19738383640647833,19.738383640647832,0.3833805232035712,-0.2148087814883238,0.5589216394857631,-21.48087814883238,55.89216394857631,593,0.2482346265518156,earnwt_t,"age_t, I(age_t**2), np.log(earnwke_t), C(sex_t), C(race_t), C(ethnic_t), C(grade92_t), C(docc00_t), C(ind02_t), C(unionmme_t), C(unioncov_t)",analytic_sample_1112_retention.csv
2011-2012,1112,stayed_state_local,C(grade92_t)[T.35],education,-0.46413032464594806,-46.41303246459481,0.3064314044258327,30.643140442583274,0.1298660258195153,-1.064724841052608,0.13646419176071178,-106.4724841052608,13.646419176071179,593,0.2482346265518156,earnwt_t,"age_t, I(age_t**2), np.log(earnwke_t), C(sex_t), C(race_t), C(ethnic_t), C(grade92_t), C(docc00_t), C(ind02_t), C(unionmme_t), C(unioncov_t)",analytic_sample_1112_retention.csv
2011-2012,1112,stayed_state_local,C(grade92_t)[T.36],education,-0.8216292481353877,-82.16292481353878,0.3411536835486938,34.11536835486938,0.016023294897764506,-1.4902781810840025,-0.15298031518677313,-149.02781810840025,-15.298031518677313,593,0.2482346265518156,earnwt_t,"age_t, I(age_t**2), np.log(earnwke_t), C(sex_t), C(race_t), C(ethnic_t), C(grade92_t), C(docc00_t), C(ind02_t), C(unionmme_t), C(unioncov_t)",analytic_sample_1112_retention.csv
2011-2012,1112,stayed_state_local,C(grade92_t)[T.37],education,0.06900003347598826,6.900003347598826,0.2921055845548047,29.210558455480466,0.813265009555864,-0.5035163919344484,0.641516458886425,-50.35163919344484,64.15164588864249,593,0.2482346265518156,earnwt_t,"age_t, I(age_t**2), np.log(earnwke_t), C(sex_t), C(race_t), C(ethnic_t), C(grade92_t), C(docc00_t), C(ind02_t), C(unionmme_t), C(unioncov_t)",analytic_sample_1112_retention.csv
2011-2012,1112,stayed_state_local,C(grade92_t)[T.38],education,-0.9434770293532009,-94.34770293532009,0.30063677995141186,30.063677995141187,0.0016995279997819822,-1.5327142904860616,-0.3542397682203402,-153.27142904860617,-35.42397682203402,593,0.2482346265518156,earnwt_t,"age_t, I(age_t**2), np.log(earnwke_t), C(sex_t), C(race_t), C(ethnic_t), C(grade92_t), C(docc00_t), C(ind02_t), C(unionmme_t), C(unioncov_t)",analytic_sample_1112_retention.csv
2011-2012,1112,stayed_state_local,C(grade92_t)[T.39],education,-0.30500222419106404,-30.500222419106404,0.26369528262356173,26.369528262356173,0.24741681829647566,-0.8218354810263557,0.21183103264422765,-82.18354810263557,21.183103264422765,593,0.2482346265518156,earnwt_t,"age_t, I(age_t**2), np.log(earnwke_t), C(sex_t), C(race_t), C(ethnic_t), C(grade92_t), C(docc00_t), C(ind02_t), C(unionmme_t), C(unioncov_t)",analytic_sample_1112_retention.csv
2011-2012,1112,stayed_state_local,C(grade92_t)[T.40],education,-0.254523405323579,-25.452340532357898,0.26321017520577933,26.321017520577932,0.333545617842944,-0.770405869091384,0.261359058444226,-77.0405869091384,26.135905844422602,593,0.2482346265518156,earnwt_t,"age_t, I(age_t**2), np.log(earnwke_t), C(sex_t), C(race_t), C(ethnic_t), C(grade92_t), C(docc00_t), C(ind02_t), C(unionmme_t), C(unioncov_t)",analytic_sample_1112_retention.csv
2011-2012,1112,stayed_state_local,C(grade92_t)[T.41],education,-0.42553337204919817,-42.55333720491981,0.2806658795799461,28.06658795799461,0.12947980757448802,-0.9756283877151483,0.12456164361675193,-97.56283877151482,12.456164361675192,593,0.2482346265518156,earnwt_t,"age_t, I(age_t**2), np.log(earnwke_t), C(sex_t), C(race_t), C(ethnic_t), C(grade92_t), C(docc00_t), C(ind02_t), C(unionmme_t), C(unioncov_t)",analytic_sample_1112_retention.csv
2011-2012,1112,stayed_state_local,C(grade92_t)[T.42],education,-0.35806788727197886,-35.80678872719788,0.2723128464764085,27.23128464764085,0.1885389143647539,-0.8917912588933246,0.1756554843493668,-89.17912588933245,17.56554843493668,593,0.2482346265518156,earnwt_t,"age_t, I(age_t**2), np.log(earnwke_t), C(sex_t), C(race_t), C(ethnic_t), C(grade92_t), C(docc00_t), C(ind02_t), C(unionmme_t), C(unioncov_t)",analytic_sample_1112_retention.csv
2011-2012,1112,stayed_state_local,C(grade92_t)[T.43],education,-0.25512432431007476,-25.512432431007475,0.2693058989344626,26.93058989344626,0.343465414379886,-0.7829541870458052,0.27270553842565565,-78.29541870458053,27.270553842565565,593,0.2482346265518156,earnwt_t,"age_t, I(age_t**2), np.log(earnwke_t), C(sex_t), C(race_t), C(ethnic_t), C(grade92_t), C(docc00_t), C(ind02_t), C(unionmme_t), C(unioncov_t)",analytic_sample_1112_retention.csv
2011-2012,1112,stayed_state_local,C(grade92_t)[T.44],education,-0.2905898240750645,-29.058982407506452,0.27275614835031015,27.275614835031014,0.28670254627062863,-0.8251820514035365,0.2440024032534075,-82.51820514035366,24.40024032534075,593,0.2482346265518156,earnwt_t,"age_t, I(age_t**2), np.log(earnwke_t), C(sex_t), C(race_t), C(ethnic_t), C(grade92_t), C(docc00_t), C(ind02_t), C(unionmme_t), C(unioncov_t)",analytic_sample_1112_retention.csv
2011-2012,1112,stayed_state_local,C(grade92_t)[T.45],education,-0.35027617587212756,-35.02761758721276,0.35259830221321564,35.259830221321565,0.32050812282710406,-1.0413561492199999,0.34080379747574474,-104.13561492199999,34.080379747574476,593,0.2482346265518156,earnwt_t,"age_t, I(age_t**2), np.log(earnwke_t), C(sex_t), C(race_t), C(ethnic_t), C(grade92_t), C(docc00_t), C(ind02_t), C(unionmme_t), C(unioncov_t)",analytic_sample_1112_retention.csv
2011-2012,1112,stayed_state_local,C(grade92_t)[T.46],education,-0.2968143353097221,-29.681433530972214,0.2839177797005818,28.39177797005818,0.29582725359851103,-0.8532829580934397,0.25965428747399544,-85.32829580934397,25.965428747399542,593,0.2482346265518156,earnwt_t,"age_t, I(age_t**2), np.log(earnwke_t), C(sex_t), C(race_t), C(ethnic_t), C(grade92_t), C(docc00_t), C(ind02_t), C(unionmme_t), C(unioncov_t)",analytic_sample_1112_retention.csv
2011-2012,1112,stayed_state_local,C(docc00_t)[T.10.0],occupation,-0.11281950783816241,-11.281950783816242,0.1334455958315796,13.344559583157961,0.39786830039951926,-0.3743680695635468,0.14872905388722196,-37.43680695635468,14.872905388722197,593,0.2482346265518156,earnwt_t,"age_t, I(age_t**2), np.log(earnwke_t), C(sex_t), C(race_t), C(ethnic_t), C(grade92_t), C(docc00_t), C(ind02_t), C(unionmme_t), C(unioncov_t)",analytic_sample_1112_retention.csv
2011-2012,1112,stayed_state_local,C(docc00_t)[T.11.0],occupation,-0.3985944476453005,-39.85944476453005,0.24943615514873022,24.94361551487302,0.1100470173811626,-0.887480328178957,0.0902914328883559,-88.74803281789569,9.02914328883559,593,0.2482346265518156,earnwt_t,"age_t, I(age_t**2), np.log(earnwke_t), C(sex_t), C(race_t), C(ethnic_t), C(grade92_t), C(docc00_t), C(ind02_t), C(unionmme_t), C(unioncov_t)",analytic_sample_1112_retention.csv
2011-2012,1112,stayed_state_local,C(docc00_t)[T.12.0],occupation,-0.10367543562699384,-10.367543562699383,0.10262778223302338,10.262778223302337,0.3123955119327594,-0.3048221926169393,0.09747132136295163,-30.48221926169393,9.747132136295162,593,0.2482346265518156,earnwt_t,"age_t, I(age_t**2), np.log(earnwke_t), C(sex_t), C(race_t), C(ethnic_t), C(grade92_t), C(docc00_t), C(ind02_t), C(unionmme_t), C(unioncov_t)",analytic_sample_1112_retention.csv
2011-2012,1112,stayed_state_local,C(docc00_t)[T.13.0],occupation,-0.10854415137518286,-10.854415137518286,0.18444358405073571,18.444358405073572,0.5562000002622249,-0.4700469332941112,0.25295863054374546,-47.00469332941112,25.295863054374546,593,0.2482346265518156,earnwt_t,"age_t, I(age_t**2), np.log(earnwke_t), C(sex_t), C(race_t), C(ethnic_t), C(grade92_t), C(docc00_t), C(ind02_t), C(unionmme_t), C(unioncov_t)",analytic_sample_1112_retention.csv
2011-2012,1112,stayed_state_local,C(docc00_t)[T.14.0],occupation,-0.03179438081283256,-3.1794380812832563,0.1252740229189876,12.52740229189876,0.7996510984657834,-0.2773269539324935,0.21373819230682842,-27.73269539324935,21.37381923068284,593,0.2482346265518156,earnwt_t,"age_t, I(age_t**2), np.log(earnwke_t), C(sex_t), C(race_t), C(ethnic_t), C(grade92_t), C(docc00_t), C(ind02_t), C(unionmme_t), C(unioncov_t)",analytic_sample_1112_retention.csv
2011-2012,1112,stayed_state_local,C(docc00_t)[T.15.0],occupation,-0.11750184669634478,-11.750184669634478,0.1528008362112566,15.280083621125659,0.441901066586721,-0.41698598247801144,0.18198228908532188,-41.698598247801144,18.198228908532187,593,0.2482346265518156,earnwt_t,"age_t, I(age_t**2), np.log(earnwke_t), C(sex_t), C(race_t), C(ethnic_t), C(grade92_t), C(docc00_t), C(ind02_t), C(unionmme_t), C(unioncov_t)",analytic_sample_1112_retention.csv
2011-2012,1112,stayed_state_local,C(docc00_t)[T.16.0],occupation,0.21302465307580926,21.302465307580924,0.24464627739787656,24.464627739787655,0.3838931111648193,-0.26647323957582425,0.6925225457274428,-26.647323957582426,69.25225457274428,593,0.2482346265518156,earnwt_t,"age_t, I(age_t**2), np.log(earnwke_t), C(sex_t), C(race_t), C(ethnic_t), C(grade92_t), C(docc00_t), C(ind02_t), C(unionmme_t), C(unioncov_t)",analytic_sample_1112_retention.csv
2011-2012,1112,stayed_state_local,C(docc00_t)[T.17.0],occupation,-0.028103104858470535,-2.8103104858470536,0.07874104311837316,7.874104311837316,0.7211626139376671,-0.1824327134755974,0.12622650375865632,-18.243271347559737,12.622650375865632,593,0.2482346265518156,earnwt_t,"age_t, I(age_t**2), np.log(earnwke_t), C(sex_t), C(race_t), C(ethnic_t), C(grade92_t), C(docc00_t), C(ind02_t), C(unionmme_t), C(unioncov_t)",analytic_sample_1112_retention.csv
2011-2012,1112,stayed_state_local,C(docc00_t)[T.18.0],occupation,0.8800772024325236,88.00772024325236,0.24616856493866082,24.61685649386608,0.0003500942416695732,0.3975956810268389,1.3625587238382084,39.75956810268389,136.25587238382084,593,0.2482346265518156,earnwt_t,"age_t, I(age_t**2), np.log(earnwke_t), C(sex_t), C(race_t), C(ethnic_t), C(grade92_t), C(docc00_t), C(ind02_t), C(unionmme_t), C(unioncov_t)",analytic_sample_1112_retention.csv
2011-2012,1112,stayed_state_local,C(docc00_t)[T.19.0],occupation,-0.001956974844441517,-0.1956974844441517,0.09379894018008124,9.379894018008123,0.9833545374836011,-0.1857995193854277,0.18188556969654468,-18.57995193854277,18.188556969654467,593,0.2482346265518156,earnwt_t,"age_t, I(age_t**2), np.log(earnwke_t), C(sex_t), C(race_t), C(ethnic_t), C(grade92_t), C(docc00_t), C(ind02_t), C(unionmme_t), C(unioncov_t)",analytic_sample_1112_retention.csv
2011-2012,1112,stayed_state_local,C(docc00_t)[T.2.0],occupation,0.05510035261089401,5.510035261089401,0.07851678011153355,7.851678011153355,0.4828255353120632,-0.09878970858976256,0.2089904138115506,-9.878970858976256,20.899041381155058,593,0.2482346265518156,earnwt_t,"age_t, I(age_t**2), np.log(earnwke_t), C(sex_t), C(race_t), C(ethnic_t), C(grade92_t), C(docc00_t), C(ind02_t), C(unionmme_t), C(unioncov_t)",analytic_sample_1112_retention.csv
2011-2012,1112,stayed_state_local,C(docc00_t)[T.20.0],occupation,-0.05559390597373197,-5.559390597373197,0.13919753582474126,13.919753582474126,0.6896069083351971,-0.3284160629269488,0.21722825097948484,-32.84160629269488,21.722825097948483,593,0.2482346265518156,earnwt_t,"age_t, I(age_t**2), np.log(earnwke_t), C(sex_t), C(race_t), C(ethnic_t), C(grade92_t), C(docc00_t), C(ind02_t), C(unionmme_t), C(unioncov_t)",analytic_sample_1112_retention.csv
2011-2012,1112,stayed_state_local,C(docc00_t)[T.21.0],occupation,0.10299496087128693,10.299496087128693,0.09919843481310153,9.919843481310153,0.29914342381522163,-0.09143039868513636,0.2974203204277102,-9.143039868513636,29.742032042771022,593,0.2482346265518156,earnwt_t,"age_t, I(age_t**2), np.log(earnwke_t), C(sex_t), C(race_t), C(ethnic_t), C(grade92_t), C(docc00_t), C(ind02_t), C(unionmme_t), C(unioncov_t)",analytic_sample_1112_retention.csv
2011-2012,1112,stayed_state_local,C(docc00_t)[T.22.0],occupation,0.09120743801304054,9.120743801304055,0.1209257238885366,12.092572388853661,0.4507030376601536,-0.14580262561292606,0.32821750163900715,-14.580262561292606,32.82175016390072,593,0.2482346265518156,earnwt_t,"age_t, I(age_t**2), np.log(earnwke_t), C(sex_t), C(race_t), C(ethnic_t), C(grade92_t), C(docc00_t), C(ind02_t), C(unionmme_t), C(unioncov_t)",analytic_sample_1112_retention.csv
2011-2012,1112,stayed_state_local,C(docc00_t)[T.3.0],occupation,-0.4589276256586462,-45.89276256586462,0.1805799049161328,18.05799049161328,0.011040628001214815,-0.8128577356259339,-0.10499751569135846,-81.28577356259339,-10.499751569135846,593,0.2482346265518156,earnwt_t,"age_t, I(age_t**2), np.log(earnwke_t), C(sex_t), C(race_t), C(ethnic_t), C(grade92_t), C(docc00_t), C(ind02_t), C(unionmme_t), C(unioncov_t)",analytic_sample_1112_retention.csv
2011-2012,1112,stayed_state_local,C(docc00_t)[T.4.0],occupation,0.1540352394220484,15.403523942204838,0.09989906686116201,9.989906686116202,0.12309578368409185,-0.04176333371498797,0.34983381255908474,-4.176333371498798,34.983381255908476,593,0.2482346265518156,earnwt_t,"age_t, I(age_t**2), np.log(earnwke_t), C(sex_t), C(race_t), C(ethnic_t), C(grade92_t), C(docc00_t), C(ind02_t), C(unionmme_t), C(unioncov_t)",analytic_sample_1112_retention.csv
2011-2012,1112,stayed_state_local,C(docc00_t)[T.5.0],occupation,-0.0656926921559178,-6.56926921559178,0.13661657494596086,13.661657494596085,0.6306199265564301,-0.3334562587412182,0.20207087442938257,-33.34562587412182,20.207087442938256,593,0.2482346265518156,earnwt_t,"age_t, I(age_t**2), np.log(earnwke_t), C(sex_t), C(race_t), C(ethnic_t), C(grade92_t), C(docc00_t), C(ind02_t), C(unionmme_t), C(unioncov_t)",analytic_sample_1112_retention.csv
2011-2012,1112,stayed_state_local,C(docc00_t)[T.6.0],occupation,-0.12651636476795944,-12.651636476795943,0.11461547303687757,11.461547303687757,0.26966549868998435,-0.3511585639912611,0.09812583445534223,-35.11585639912611,9.812583445534223,593,0.2482346265518156,earnwt_t,"age_t, I(age_t**2), np.log(earnwke_t), C(sex_t), C(race_t), C(ethnic_t), C(grade92_t), C(docc00_t), C(ind02_t), C(unionmme_t), C(unioncov_t)",analytic_sample_1112_retention.csv
2011-2012,1112,stayed_state_local,C(docc00_t)[T.7.0],occupation,0.11841610608892039,11.84161060889204,0.14115865822564583,14.115865822564583,0.4015329510703103,-0.1582497801393441,0.3950819923171849,-15.824978013934409,39.508199231718486,593,0.2482346265518156,earnwt_t,"age_t, I(age_t**2), np.log(earnwke_t), C(sex_t), C(race_t), C(ethnic_t), C(grade92_t), C(docc00_t), C(ind02_t), C(unionmme_t), C(unioncov_t)",analytic_sample_1112_retention.csv
2011-2012,1112,stayed_state_local,C(docc00_t)[T.8.0],occupation,-0.054441548276579606,-5.444154827657961,0.07725978849601678,7.7259788496016775,0.4810245429587602,-0.20586795118195447,0.09698485462879528,-20.586795118195447,9.698485462879528,593,0.2482346265518156,earnwt_t,"age_t, I(age_t**2), np.log(earnwke_t), C(sex_t), C(race_t), C(ethnic_t), C(grade92_t), C(docc00_t), C(ind02_t), C(unionmme_t), C(unioncov_t)",analytic_sample_1112_retention.csv
2011-2012,1112,stayed_state_local,C(docc00_t)[T.9.0],occupation,0.1338461900699447,13.38461900699447,0.10526449683030129,10.526449683030128,0.20354278120283165,-0.0724684325681765,0.34016081270806586,-7.246843256817651,34.01608127080659,593,0.2482346265518156,earnwt_t,"age_t, I(age_t**2), np.log(earnwke_t), C(sex_t), C(race_t), C(ethnic_t), C(grade92_t), C(docc00_t), C(ind02_t), C(unionmme_t), C(unioncov_t)",analytic_sample_1112_retention.csv
2011-2012,1112,stayed_state_local,C(ind02_t)[T.4990.0],industry,-0.22981655062968737,-22.981655062968738,0.2719997273607323,27.19997273607323,0.39815850211459514,-0.7629262200614366,0.30329311880206183,-76.29262200614366,30.329311880206184,593,0.2482346265518156,earnwt_t,"age_t, I(age_t**2), np.log(earnwke_t), C(sex_t), C(race_t), C(ethnic_t), C(grade92_t), C(docc00_t), C(ind02_t), C(unionmme_t), C(unioncov_t)",analytic_sample_1112_retention.csv
2011-2012,1112,stayed_state_local,C(ind02_t)[T.5270.0],industry,0.3746986189027477,37.46986189027477,0.28130196533902724,28.130196533902723,0.1828550474486148,-0.17664310194208033,0.9260403397475757,-17.66431019420803,92.60403397475757,593,0.2482346265518156,earnwt_t,"age_t, I(age_t**2), np.log(earnwke_t), C(sex_t), C(race_t), C(ethnic_t), C(grade92_t), C(docc00_t), C(ind02_t), C(unionmme_t), C(unioncov_t)",analytic_sample_1112_retention.csv
2011-2012,1112,stayed_state_local,C(ind02_t)[T.580.0],industry,-0.011919987909914803,-1.1919987909914802,0.14210058462746375,14.210058462746375,0.9331485351518131,-0.29043201596182977,0.2665920401420002,-29.04320159618298,26.65920401420002,593,0.2482346265518156,earnwt_t,"age_t, I(age_t**2), np.log(earnwke_t), C(sex_t), C(race_t), C(ethnic_t), C(grade92_t), C(docc00_t), C(ind02_t), C(unionmme_t), C(unioncov_t)",analytic_sample_1112_retention.csv
2011-2012,1112,stayed_state_local,C(ind02_t)[T.6180.0],industry,-0.010191429089489168,-1.0191429089489168,0.15803564936871803,15.803564936871803,0.9485815301707169,-0.31993561012557664,0.2995527519465983,-31.993561012557663,29.95527519465983,593,0.2482346265518156,earnwt_t,"age_t, I(age_t**2), np.log(earnwke_t), C(sex_t), C(race_t), C(ethnic_t), C(grade92_t), C(docc00_t), C(ind02_t), C(unionmme_t), C(unioncov_t)",analytic_sample_1112_retention.csv
2011-2012,1112,stayed_state_local,C(ind02_t)[T.6290.0],industry,-0.4485666477100252,-44.85666477100252,0.3185861350084714,31.858613500847138,0.15913351481881566,-1.0729839983004443,0.17585070288039395,-107.29839983004443,17.585070288039397,593,0.2482346265518156,earnwt_t,"age_t, I(age_t**2), np.log(earnwke_t), C(sex_t), C(race_t), C(ethnic_t), C(grade92_t), C(docc00_t), C(ind02_t), C(unionmme_t), C(unioncov_t)",analytic_sample_1112_retention.csv
2011-2012,1112,stayed_state_local,C(ind02_t)[T.670.0],industry,-0.13861884076919684,-13.861884076919683,0.18823876389613392,18.823876389613392,0.46148790246399374,-0.5075600384999579,0.23032235696156428,-50.75600384999579,23.032235696156427,593,0.2482346265518156,earnwt_t,"age_t, I(age_t**2), np.log(earnwke_t), C(sex_t), C(race_t), C(ethnic_t), C(grade92_t), C(docc00_t), C(ind02_t), C(unionmme_t), C(unioncov_t)",analytic_sample_1112_retention.csv
2011-2012,1112,stayed_state_local,C(ind02_t)[T.6770.0],industry,-0.03886575770062917,-3.8865757700629167,0.20574823566917497,20.574823566917498,0.850171513630206,-0.4421248894948714,0.36439337409361305,-44.21248894948714,36.43933740936131,593,0.2482346265518156,earnwt_t,"age_t, I(age_t**2), np.log(earnwke_t), C(sex_t), C(race_t), C(ethnic_t), C(grade92_t), C(docc00_t), C(ind02_t), C(unionmme_t), C(unioncov_t)",analytic_sample_1112_retention.csv
2011-2012,1112,stayed_state_local,C(ind02_t)[T.680.0],industry,-0.010797296152493474,-1.0797296152493474,0.09946890682348651,9.94689068234865,0.9135598486149985,-0.20575277110809748,0.18415817880311053,-20.575277110809747,18.415817880311053,593,0.2482346265518156,earnwt_t,"age_t, I(age_t**2), np.log(earnwke_t), C(sex_t), C(race_t), C(ethnic_t), C(grade92_t), C(docc00_t), C(ind02_t), C(unionmme_t), C(unioncov_t)",analytic_sample_1112_retention.csv
2011-2012,1112,stayed_state_local,C(ind02_t)[T.6870.0],industry,0.14525670867496987,14.525670867496988,0.11522013077460011,11.522013077460011,0.2074210524526312,-0.08057059793724147,0.3710840152871812,-8.057059793724147,37.10840152871812,593,0.2482346265518156,earnwt_t,"age_t, I(age_t**2), np.log(earnwke_t), C(sex_t), C(race_t), C(ethnic_t), C(grade92_t), C(docc00_t), C(ind02_t), C(unionmme_t), C(unioncov_t)",analytic_sample_1112_retention.csv
2011-2012,1112,stayed_state_local,C(ind02_t)[T.7070.0],industry,-0.7138437324935666,-71.38437324935666,0.27607906507112107,27.607906507112105,0.009719567528329838,-1.2549487569184539,-0.1727387080686793,-125.49487569184538,-17.27387080686793,593,0.2482346265518156,earnwt_t,"age_t, I(age_t**2), np.log(earnwke_t), C(sex_t), C(race_t), C(ethnic_t), C(grade92_t), C(docc00_t), C(ind02_t), C(unionmme_t), C(unioncov_t)",analytic_sample_1112_retention.csv
2011-2012,1112,stayed_state_local,C(ind02_t)[T.7460.0],industry,-0.9158411593359359,-91.5841159335936,0.0900106080487671,9.00106080487671,2.5689134785849288e-24,-1.0922587093380705,-0.7394236093338014,-109.22587093380704,-73.94236093338013,593,0.2482346265518156,earnwt_t,"age_t, I(age_t**2), np.log(earnwke_t), C(sex_t), C(race_t), C(ethnic_t), C(grade92_t), C(docc00_t), C(ind02_t), C(unionmme_t), C(unioncov_t)",analytic_sample_1112_retention.csv
2011-2012,1112,stayed_state_local,C(ind02_t)[T.7580.0],industry,0.011636758301916572,1.1636758301916572,0.1298412143752501,12.984121437525008,0.9285868118252019,-0.24284734558251792,0.26612086218635106,-24.28473455825179,26.612086218635106,593,0.2482346265518156,earnwt_t,"age_t, I(age_t**2), np.log(earnwke_t), C(sex_t), C(race_t), C(ethnic_t), C(grade92_t), C(docc00_t), C(ind02_t), C(unionmme_t), C(unioncov_t)",analytic_sample_1112_retention.csv
2011-2012,1112,stayed_state_local,C(ind02_t)[T.770.0],industry,-0.15335225023675475,-15.335225023675475,0.11245335252611782,11.245335252611783,0.17266308652000184,-0.37375677112873196,0.06705227065522248,-37.3756771128732,6.705227065522249,593,0.2482346265518156,earnwt_t,"age_t, I(age_t**2), np.log(earnwke_t), C(sex_t), C(race_t), C(ethnic_t), C(grade92_t), C(docc00_t), C(ind02_t), C(unionmme_t), C(unioncov_t)",analytic_sample_1112_retention.csv
2011-2012,1112,stayed_state_local,C(ind02_t)[T.7790.0],industry,-0.08074405355003311,-8.07440535500331,0.16706219967693844,16.706219967693844,0.6288704485728622,-0.4081799480948715,0.2466918409948053,-40.81799480948715,24.66918409948053,593,0.2482346265518156,earnwt_t,"age_t, I(age_t**2), np.log(earnwke_t), C(sex_t), C(race_t), C(ethnic_t), C(grade92_t), C(docc00_t), C(ind02_t), C(unionmme_t), C(unioncov_t)",analytic_sample_1112_retention.csv
2011-2012,1112,stayed_state_local,C(ind02_t)[T.7860.0],industry,-0.18591052683448928,-18.59105268344893,0.10038715713856539,10.038715713856538,0.06403510438367646,-0.38266573933644044,0.010844685667461856,-38.26657393364405,1.0844685667461857,593,0.2482346265518156,earnwt_t,"age_t, I(age_t**2), np.log(earnwke_t), C(sex_t), C(race_t), C(ethnic_t), C(grade92_t), C(docc00_t), C(ind02_t), C(unionmme_t), C(unioncov_t)",analytic_sample_1112_retention.csv
2011-2012,1112,stayed_state_local,C(ind02_t)[T.7870.0],industry,-0.042766427035142884,-4.276642703514288,0.09858192200752948,9.858192200752947,0.6644219738165443,-0.2359834436966372,0.15045058962635144,-23.59834436966372,15.045058962635144,593,0.2482346265518156,earnwt_t,"age_t, I(age_t**2), np.log(earnwke_t), C(sex_t), C(race_t), C(ethnic_t), C(grade92_t), C(docc00_t), C(ind02_t), C(unionmme_t), C(unioncov_t)",analytic_sample_1112_retention.csv
2011-2012,1112,stayed_state_local,C(ind02_t)[T.7890.0],industry,-1.0689292432646982,-106.89292432646982,0.14357128118627435,14.357128118627434,9.67346545525685e-14,-1.350323783604069,-0.7875347029253275,-135.03237836040688,-78.75347029253274,593,0.2482346265518156,earnwt_t,"age_t, I(age_t**2), np.log(earnwke_t), C(sex_t), C(race_t), C(ethnic_t), C(grade92_t), C(docc00_t), C(ind02_t), C(unionmme_t), C(unioncov_t)",analytic_sample_1112_retention.csv
2011-2012,1112,stayed_state_local,C(ind02_t)[T.8090.0],industry,-0.49775154870795896,-49.775154870795895,0.25821029424560477,25.821029424560475,0.053892662021037256,-1.0038344258668344,0.008331328450916387,-100.38344258668343,0.8331328450916387,593,0.2482346265518156,earnwt_t,"age_t, I(age_t**2), np.log(earnwke_t), C(sex_t), C(race_t), C(ethnic_t), C(grade92_t), C(docc00_t), C(ind02_t), C(unionmme_t), C(unioncov_t)",analytic_sample_1112_retention.csv
2011-2012,1112,stayed_state_local,C(ind02_t)[T.8170.0],industry,-0.5009258535992509,-50.09258535992509,0.30747251132728043,30.747251132728042,0.10327644235544042,-1.1035609020368042,0.10170919483830254,-110.35609020368042,10.170919483830254,593,0.2482346265518156,earnwt_t,"age_t, I(age_t**2), np.log(earnwke_t), C(sex_t), C(race_t), C(ethnic_t), C(grade92_t), C(docc00_t), C(ind02_t), C(unionmme_t), C(unioncov_t)",analytic_sample_1112_retention.csv
2011-2012,1112,stayed_state_local,C(ind02_t)[T.8190.0],industry,-0.28378067654184097,-28.378067654184097,0.21305830007798793,21.305830007798793,0.18288020731580068,-0.7013672713020247,0.13380591821834276,-70.13672713020247,13.380591821834276,593,0.2482346265518156,earnwt_t,"age_t, I(age_t**2), np.log(earnwke_t), C(sex_t), C(race_t), C(ethnic_t), C(grade92_t), C(docc00_t), C(ind02_t), C(unionmme_t), C(unioncov_t)",analytic_sample_1112_retention.csv
2011-2012,1112,stayed_state_local,C(ind02_t)[T.8270.0],industry,-0.054942201642793065,-5.494220164279307,0.2056643780288118,20.56643780288118,0.7893575534793852,-0.458036975482095,0.34815257219650886,-45.8036975482095,34.81525721965089,593,0.2482346265518156,earnwt_t,"age_t, I(age_t**2), np.log(earnwke_t), C(sex_t), C(race_t), C(ethnic_t), C(grade92_t), C(docc00_t), C(ind02_t), C(unionmme_t), C(unioncov_t)",analytic_sample_1112_retention.csv
2011-2012,1112,stayed_state_local,C(ind02_t)[T.8290.0],industry,-0.08728180301099409,-8.728180301099409,0.23854412441611203,23.854412441611203,0.7144443640415845,-0.5548196955902154,0.38025608956822726,-55.481969559021536,38.02560895682273,593,0.2482346265518156,earnwt_t,"age_t, I(age_t**2), np.log(earnwke_t), C(sex_t), C(race_t), C(ethnic_t), C(grade92_t), C(docc00_t), C(ind02_t), C(unionmme_t), C(unioncov_t)",analytic_sample_1112_retention.csv
2011-2012,1112,stayed_state_local,C(ind02_t)[T.8370.0],industry,-0.004682629475025402,-0.46826294750254016,0.14144483874973324,14.144483874973323,0.9735903025050218,-0.281909419223578,0.2725441602735272,-28.190941922357798,27.25441602735272,593,0.2482346265518156,earnwt_t,"age_t, I(age_t**2), np.log(earnwke_t), C(sex_t), C(race_t), C(ethnic_t), C(grade92_t), C(docc00_t), C(ind02_t), C(unionmme_t), C(unioncov_t)",analytic_sample_1112_retention.csv
2011-2012,1112,stayed_state_local,C(ind02_t)[T.8390.0],industry,-0.7877435412278488,-78.77435412278489,0.20028930425363517,20.028930425363516,8.388228890200327e-05,-1.1803033640535587,-0.39518371840213884,-118.03033640535587,-39.51837184021388,593,0.2482346265518156,earnwt_t,"age_t, I(age_t**2), np.log(earnwke_t), C(sex_t), C(race_t), C(ethnic_t), C(grade92_t), C(docc00_t), C(ind02_t), C(unionmme_t), C(unioncov_t)",analytic_sample_1112_retention.csv
2011-2012,1112,stayed_state_local,C(ind02_t)[T.8470.0],industry,-0.8795898952741374,-87.95898952741375,0.10966661391487621,10.966661391487621,1.0524666257380657e-15,-1.0945325088537539,-0.6646472816945209,-109.45325088537538,-66.46472816945209,593,0.2482346265518156,earnwt_t,"age_t, I(age_t**2), np.log(earnwke_t), C(sex_t), C(race_t), C(ethnic_t), C(grade92_t), C(docc00_t), C(ind02_t), C(unionmme_t), C(unioncov_t)",analytic_sample_1112_retention.csv
2011-2012,1112,stayed_state_local,C(ind02_t)[T.8570.0],industry,0.1437268987029744,14.372689870297439,0.13744706156708872,13.744706156708872,0.2957045814696886,-0.12566439174937893,0.4131181891553277,-12.566439174937894,41.31181891553277,593,0.2482346265518156,earnwt_t,"age_t, I(age_t**2), np.log(earnwke_t), C(sex_t), C(race_t), C(ethnic_t), C(grade92_t), C(docc00_t), C(ind02_t), C(unionmme_t), C(unioncov_t)",analytic_sample_1112_retention.csv
2011-2012,1112,stayed_state_local,C(ind02_t)[T.8590.0],industry,-0.8006457720331273,-80.06457720331272,0.17633017885165742,17.633017885165742,5.6092913766728e-06,-1.1462465719698822,-0.4550449720963724,-114.62465719698822,-45.50449720963724,593,0.2482346265518156,earnwt_t,"age_t, I(age_t**2), np.log(earnwke_t), C(sex_t), C(race_t), C(ethnic_t), C(grade92_t), C(docc00_t), C(ind02_t), C(unionmme_t), C(unioncov_t)",analytic_sample_1112_retention.csv
2011-2012,1112,stayed_state_local,C(ind02_t)[T.9090.0],industry,-0.0708512881955572,-7.085128819555719,0.15299459168359503,15.299459168359503,0.6432950662241721,-0.3707151777248147,0.22901260133370033,-37.07151777248147,22.901260133370034,593,0.2482346265518156,earnwt_t,"age_t, I(age_t**2), np.log(earnwke_t), C(sex_t), C(race_t), C(ethnic_t), C(grade92_t), C(docc00_t), C(ind02_t), C(unionmme_t), C(unioncov_t)",analytic_sample_1112_retention.csv
2011-2012,1112,stayed_state_local,C(ind02_t)[T.9370.0],industry,-0.11639979072350515,-11.639979072350515,0.09525432048086245,9.525432048086245,0.22171155298223566,-0.3030948282378316,0.0702952467908213,-30.309482823783163,7.02952467908213,593,0.2482346265518156,earnwt_t,"age_t, I(age_t**2), np.log(earnwke_t), C(sex_t), C(race_t), C(ethnic_t), C(grade92_t), C(docc00_t), C(ind02_t), C(unionmme_t), C(unioncov_t)",analytic_sample_1112_retention.csv
2011-2012,1112,stayed_state_local,C(ind02_t)[T.9380.0],industry,-0.01620664052484344,-1.620664052484344,0.09638416271261256,9.638416271261256,0.8664681841954072,-0.20511612812161245,0.17270284707192557,-20.511612812161246,17.270284707192555,593,0.2482346265518156,earnwt_t,"age_t, I(age_t**2), np.log(earnwke_t), C(sex_t), C(race_t), C(ethnic_t), C(grade92_t), C(docc00_t), C(ind02_t), C(unionmme_t), C(unioncov_t)",analytic_sample_1112_retention.csv
2011-2012,1112,stayed_state_local,C(ind02_t)[T.9390.0],industry,-0.3706247316332394,-37.062473163323936,0.2779358334101453,27.793583341014532,0.1823709639748925,-0.9153689551302485,0.17411949186376974,-91.53689551302485,17.411949186376972,593,0.2482346265518156,earnwt_t,"age_t, I(age_t**2), np.log(earnwke_t), C(sex_t), C(race_t), C(ethnic_t), C(grade92_t), C(docc00_t), C(ind02_t), C(unionmme_t), C(unioncov_t)",analytic_sample_1112_retention.csv
2011-2012,1112,stayed_state_local,C(ind02_t)[T.9470.0],industry,0.0052911054530793145,0.5291105453079314,0.10689914629531116,10.689914629531117,0.9605238361667676,-0.2042273712638089,0.21480958216996754,-20.42273712638089,21.480958216996754,593,0.2482346265518156,earnwt_t,"age_t, I(age_t**2), np.log(earnwke_t), C(sex_t), C(race_t), C(ethnic_t), C(grade92_t), C(docc00_t), C(ind02_t), C(unionmme_t), C(unioncov_t)",analytic_sample_1112_retention.csv
2011-2012,1112,stayed_state_local,C(ind02_t)[T.9480.0],industry,-0.07968007008020361,-7.968007008020361,0.100136480721387,10.0136480721387,0.42619787859426617,-0.27594396583271164,0.11658382567230438,-27.594396583271163,11.658382567230438,593,0.2482346265518156,earnwt_t,"age_t, I(age_t**2), np.log(earnwke_t), C(sex_t), C(race_t), C(ethnic_t), C(grade92_t), C(docc00_t), C(ind02_t), C(unionmme_t), C(unioncov_t)",analytic_sample_1112_retention.csv
2011-2012,1112,stayed_state_local,C(ind02_t)[T.9490.0],industry,-0.13588850081311016,-13.588850081311016,0.16965308592801268,16.965308592801268,0.42314400220699766,-0.46840243909809404,0.19662543747187372,-46.8402439098094,19.66254374718737,593,0.2482346265518156,earnwt_t,"age_t, I(age_t**2), np.log(earnwke_t), C(sex_t), C(race_t), C(ethnic_t), C(grade92_t), C(docc00_t), C(ind02_t), C(unionmme_t), C(unioncov_t)",analytic_sample_1112_retention.csv
2011-2012,1112,stayed_state_local,C(ind02_t)[T.9570.0],industry,-0.11105762716437007,-11.105762716437006,0.12131291869359488,12.131291869359488,0.3599480181301953,-0.3488265786632519,0.12671132433451177,-34.88265786632519,12.671132433451177,593,0.2482346265518156,earnwt_t,"age_t, I(age_t**2), np.log(earnwke_t), C(sex_t), C(race_t), C(ethnic_t), C(grade92_t), C(docc00_t), C(ind02_t), C(unionmme_t), C(unioncov_t)",analytic_sample_1112_retention.csv
2011-2012,1112,stayed_state_local,C(unionmme_t)[T.2.0],union,0.3360929508756144,33.60929508756144,0.11609087868420272,11.609087868420271,0.003790559861790782,0.10855900972096844,0.5636268920302604,10.855900972096844,56.36268920302604,593,0.2482346265518156,earnwt_t,"age_t, I(age_t**2), np.log(earnwke_t), C(sex_t), C(race_t), C(ethnic_t), C(grade92_t), C(docc00_t), C(ind02_t), C(unionmme_t), C(unioncov_t)",analytic_sample_1112_retention.csv
2011-2012,1112,stayed_state_local,C(unioncov_t)[T.2.0],union,-0.18055413484660454,-18.055413484660455,0.08406125839960432,8.406125839960431,0.03172268540972207,-0.34531117380494414,-0.015797095888264973,-34.531117380494415,-1.5797095888264971,593,0.2482346265518156,earnwt_t,"age_t, I(age_t**2), np.log(earnwke_t), C(sex_t), C(race_t), C(ethnic_t), C(grade92_t), C(docc00_t), C(ind02_t), C(unionmme_t), C(unioncov_t)",analytic_sample_1112_retention.csv
2011-2012,1112,stayed_state_local,C(unioncov_t)[T.MISSING],union,0.29200360641475653,29.200360641475655,0.11386175265226439,11.38617526522644,0.010331113488926678,0.06883867199971036,0.5151685408298027,6.883867199971036,51.51685408298027,593,0.2482346265518156,earnwt_t,"age_t, I(age_t**2), np.log(earnwke_t), C(sex_t), C(race_t), C(ethnic_t), C(grade92_t), C(docc00_t), C(ind02_t), C(unionmme_t), C(unioncov_t)",analytic_sample_1112_retention.csv
2011-2012,1112,stayed_state_local,illinois,treatment,0.028439439271421323,2.8439439271421323,0.035246456422505214,3.5246456422505212,0.41973924327099665,-0.04064234589934937,0.09752122444219202,-4.064234589934937,9.752122444219202,593,0.2482346265518156,earnwt_t,"age_t, I(age_t**2), np.log(earnwke_t), C(sex_t), C(race_t), C(ethnic_t), C(grade92_t), C(docc00_t), C(ind02_t), C(unionmme_t), C(unioncov_t)",analytic_sample_1112_retention.csv
2011-2012,1112,stayed_state_local,age_t,age,0.010159476321267263,1.0159476321267262,0.011028956716477252,1.1028956716477252,0.35696488443763985,-0.011456881630079283,0.03177583427261381,-1.1456881630079283,3.1775834272613808,593,0.2482346265518156,earnwt_t,"age_t, I(age_t**2), np.log(earnwke_t), C(sex_t), C(race_t), C(ethnic_t), C(grade92_t), C(docc00_t), C(ind02_t), C(unionmme_t), C(unioncov_t)",analytic_sample_1112_retention.csv
2011-2012,1112,stayed_state_local,I(age_t ** 2),age,-0.00012268966739100218,-0.012268966739100218,0.00011750005349887528,0.011750005349887528,0.29640817506851524,-0.0003529855404303273,0.00010760620564832291,-0.035298554043032726,0.01076062056483229,593,0.2482346265518156,earnwt_t,"age_t, I(age_t**2), np.log(earnwke_t), C(sex_t), C(race_t), C(ethnic_t), C(grade92_t), C(docc00_t), C(ind02_t), C(unionmme_t), C(unioncov_t)",analytic_sample_1112_retention.csv
2011-2012,1112,stayed_state_local,np.log(earnwke_t),earnings,0.010009214527313435,1.0009214527313435,0.032871744284467166,3.2871744284467166,0.7607523598000747,-0.05441822037925259,0.07443664943387945,-5.4418220379252595,7.443664943387946,593,0.2482346265518156,earnwt_t,"age_t, I(age_t**2), np.log(earnwke_t), C(sex_t), C(race_t), C(ethnic_t), C(grade92_t), C(docc00_t), C(ind02_t), C(unionmme_t), C(unioncov_t)",analytic_sample_1112_retention.csv
2012-2013,1213,stayed_state_local,Intercept,intercept,-1.522003863977408,-152.2003863977408,0.22539955627338293,22.539955627338294,1.4534858068765302e-11,-1.9637788764045478,-1.0802288515502683,-196.3778876404548,-108.02288515502683,584,0.23065544692819695,earnwt_t,"age_t, I(age_t**2), np.log(earnwke_t), C(sex_t), C(race_t), C(ethnic_t), C(grade92_t), C(docc00_t), C(ind02_t), C(unionmme_t), C(unioncov_t)",analytic_sample_1213_retention.csv
2012-2013,1213,stayed_state_local,C(sex_t)[T.2],sex,0.05612333075645555,5.612333075645555,0.04401510534803916,4.401510534803916,0.20227650336008296,-0.03014469050143752,0.1423913520143486,-3.014469050143752,14.239135201434861,584,0.23065544692819695,earnwt_t,"age_t, I(age_t**2), np.log(earnwke_t), C(sex_t), C(race_t), C(ethnic_t), C(grade92_t), C(docc00_t), C(ind02_t), C(unionmme_t), C(unioncov_t)",analytic_sample_1213_retention.csv
2012-2013,1213,stayed_state_local,C(race_t)[T.2],race,-0.10891214524110349,-10.89121452411035,0.05231712932702558,5.231712932702558,0.0373636318388661,-0.21145183449659785,-0.006372455985609121,-21.145183449659786,-0.6372455985609121,584,0.23065544692819695,earnwt_t,"age_t, I(age_t**2), np.log(earnwke_t), C(sex_t), C(race_t), C(ethnic_t), C(grade92_t), C(docc00_t), C(ind02_t), C(unionmme_t), C(unioncov_t)",analytic_sample_1213_retention.csv
2012-2013,1213,stayed_state_local,C(race_t)[T.4],race,-0.2623975149759975,-26.23975149759975,0.17961547167220968,17.961547167220967,0.14404705473387908,-0.6144373705197028,0.08964234056770776,-61.44373705197028,8.964234056770776,584,0.23065544692819695,earnwt_t,"age_t, I(age_t**2), np.log(earnwke_t), C(sex_t), C(race_t), C(ethnic_t), C(grade92_t), C(docc00_t), C(ind02_t), C(unionmme_t), C(unioncov_t)",analytic_sample_1213_retention.csv
2012-2013,1213,stayed_state_local,C(race_t)[T.7],race,0.007988840080216386,0.7988840080216386,0.058495967876333974,5.849596787633398,0.8913700726015448,-0.10666115019821015,0.12263883035864293,-10.666115019821016,12.263883035864293,584,0.23065544692819695,earnwt_t,"age_t, I(age_t**2), np.log(earnwke_t), C(sex_t), C(race_t), C(ethnic_t), C(grade92_t), C(docc00_t), C(ind02_t), C(unionmme_t), C(unioncov_t)",analytic_sample_1213_retention.csv
2012-2013,1213,stayed_state_local,C(race_t)[T.8],race,0.19101724663624825,19.101724663624825,0.0529783057261492,5.29783057261492,0.0003114627005786428,0.0871816754510437,0.2948528178214528,8.71816754510437,29.48528178214528,584,0.23065544692819695,earnwt_t,"age_t, I(age_t**2), np.log(earnwke_t), C(sex_t), C(race_t), C(ethnic_t), C(grade92_t), C(docc00_t), C(ind02_t), C(unionmme_t), C(unioncov_t)",analytic_sample_1213_retention.csv
2012-2013,1213,stayed_state_local,C(ethnic_t)[T.2.0],ethnicity_hispanic,-0.04954965030344172,-4.954965030344171,0.1720896572983026,17.20896572983026,0.7734008769979214,-0.3868391807199553,0.2877398801130719,-38.683918071995535,28.77398801130719,584,0.23065544692819695,earnwt_t,"age_t, I(age_t**2), np.log(earnwke_t), C(sex_t), C(race_t), C(ethnic_t), C(grade92_t), C(docc00_t), C(ind02_t), C(unionmme_t), C(unioncov_t)",analytic_sample_1213_retention.csv
2012-2013,1213,stayed_state_local,C(ethnic_t)[T.4.0],ethnicity_hispanic,0.1371920092085691,13.719200920856911,0.1650142639662258,16.50142639662258,0.4057506075500146,-0.18623000510061904,0.46061402351775727,-18.623000510061903,46.061402351775726,584,0.23065544692819695,earnwt_t,"age_t, I(age_t**2), np.log(earnwke_t), C(sex_t), C(race_t), C(ethnic_t), C(grade92_t), C(docc00_t), C(ind02_t), C(unionmme_t), C(unioncov_t)",analytic_sample_1213_retention.csv
2012-2013,1213,stayed_state_local,C(ethnic_t)[T.5.0],ethnicity_hispanic,0.09996423935650095,9.996423935650094,0.15641690613049838,15.641690613049839,0.5227653879603459,-0.20660726323245826,0.40653574194546016,-20.660726323245825,40.65357419454602,584,0.23065544692819695,earnwt_t,"age_t, I(age_t**2), np.log(earnwke_t), C(sex_t), C(race_t), C(ethnic_t), C(grade92_t), C(docc00_t), C(ind02_t), C(unionmme_t), C(unioncov_t)",analytic_sample_1213_retention.csv
2012-2013,1213,stayed_state_local,C(ethnic_t)[T.MISSING],ethnicity_hispanic,0.02311377162276168,2.311377162276168,0.11620689867386391,11.62068986738639,0.8423394920889392,-0.20464756453310695,0.2508751077786303,-20.464756453310695,25.08751077786303,584,0.23065544692819695,earnwt_t,"age_t, I(age_t**2), np.log(earnwke_t), C(sex_t), C(race_t), C(ethnic_t), C(grade92_t), C(docc00_t), C(ind02_t), C(unionmme_t), C(unioncov_t)",analytic_sample_1213_retention.csv
2012-2013,1213,stayed_state_local,C(grade92_t)[T.35],education,1.5177807003066508,151.77807003066508,0.19030697951372347,19.030697951372346,1.518466359930724e-15,1.144785874453151,1.8907755261601507,114.4785874453151,189.07755261601505,584,0.23065544692819695,earnwt_t,"age_t, I(age_t**2), np.log(earnwke_t), C(sex_t), C(race_t), C(ethnic_t), C(grade92_t), C(docc00_t), C(ind02_t), C(unionmme_t), C(unioncov_t)",analytic_sample_1213_retention.csv
2012-2013,1213,stayed_state_local,C(grade92_t)[T.36],education,1.3851731062932582,138.5173106293258,0.24898566877656253,24.898566877656254,2.6477425945578682e-08,0.8971701628245765,1.8731760497619399,89.71701628245765,187.317604976194,584,0.23065544692819695,earnwt_t,"age_t, I(age_t**2), np.log(earnwke_t), C(sex_t), C(race_t), C(ethnic_t), C(grade92_t), C(docc00_t), C(ind02_t), C(unionmme_t), C(unioncov_t)",analytic_sample_1213_retention.csv
2012-2013,1213,stayed_state_local,C(grade92_t)[T.37],education,1.1188395989585462,111.88395989585462,0.3630026500508722,36.30026500508722,0.002054903645475354,0.4073674785662399,1.8303117193508527,40.73674785662399,183.03117193508527,584,0.23065544692819695,earnwt_t,"age_t, I(age_t**2), np.log(earnwke_t), C(sex_t), C(race_t), C(ethnic_t), C(grade92_t), C(docc00_t), C(ind02_t), C(unionmme_t), C(unioncov_t)",analytic_sample_1213_retention.csv
2012-2013,1213,stayed_state_local,C(grade92_t)[T.38],education,0.8805633070948935,88.05633070948934,0.08298576147983128,8.298576147983127,2.648510401028595e-26,0.7179142033647928,1.043212410824994,71.79142033647928,104.3212410824994,584,0.23065544692819695,earnwt_t,"age_t, I(age_t**2), np.log(earnwke_t), C(sex_t), C(race_t), C(ethnic_t), C(grade92_t), C(docc00_t), C(ind02_t), C(unionmme_t), C(unioncov_t)",analytic_sample_1213_retention.csv
2012-2013,1213,stayed_state_local,C(grade92_t)[T.39],education,1.0161758715100455,101.61758715100456,0.06760184160340023,6.760184160340023,4.5463744715999364e-51,0.8836786966787996,1.1486730463412913,88.36786966787996,114.86730463412913,584,0.23065544692819695,earnwt_t,"age_t, I(age_t**2), np.log(earnwke_t), C(sex_t), C(race_t), C(ethnic_t), C(grade92_t), C(docc00_t), C(ind02_t), C(unionmme_t), C(unioncov_t)",analytic_sample_1213_retention.csv
2012-2013,1213,stayed_state_local,C(grade92_t)[T.40],education,0.9993876308068991,99.93876308068991,0.06254196061349698,6.254196061349698,1.7763865908357833e-57,0.8768076404819224,1.1219676211318756,87.68076404819224,112.19676211318756,584,0.23065544692819695,earnwt_t,"age_t, I(age_t**2), np.log(earnwke_t), C(sex_t), C(race_t), C(ethnic_t), C(grade92_t), C(docc00_t), C(ind02_t), C(unionmme_t), C(unioncov_t)",analytic_sample_1213_retention.csv
2012-2013,1213,stayed_state_local,C(grade92_t)[T.41],education,0.917331664283138,91.7331664283138,0.1039073053801835,10.39073053801835,1.062165222458752e-18,0.7136770880073733,1.1209862405589026,71.36770880073733,112.09862405589026,584,0.23065544692819695,earnwt_t,"age_t, I(age_t**2), np.log(earnwke_t), C(sex_t), C(race_t), C(ethnic_t), C(grade92_t), C(docc00_t), C(ind02_t), C(unionmme_t), C(unioncov_t)",analytic_sample_1213_retention.csv
2012-2013,1213,stayed_state_local,C(grade92_t)[T.42],education,0.9868729798921756,98.68729798921756,0.06158950332155135,6.158950332155135,8.772592480345364e-58,0.8661597715562249,1.1075861882281264,86.61597715562249,110.75861882281264,584,0.23065544692819695,earnwt_t,"age_t, I(age_t**2), np.log(earnwke_t), C(sex_t), C(race_t), C(ethnic_t), C(grade92_t), C(docc00_t), C(ind02_t), C(unionmme_t), C(unioncov_t)",analytic_sample_1213_retention.csv
2012-2013,1213,stayed_state_local,C(grade92_t)[T.43],education,0.8964935816808013,89.64935816808013,0.04879624223763637,4.879624223763638,2.1939947462590476e-75,0.8008547043141419,0.9921324590474607,80.08547043141418,99.21324590474607,584,0.23065544692819695,earnwt_t,"age_t, I(age_t**2), np.log(earnwke_t), C(sex_t), C(race_t), C(ethnic_t), C(grade92_t), C(docc00_t), C(ind02_t), C(unionmme_t), C(unioncov_t)",analytic_sample_1213_retention.csv
2012-2013,1213,stayed_state_local,C(grade92_t)[T.44],education,0.8390632763236194,83.90632763236195,0.04908801328607885,4.908801328607884,1.6723011538529347e-65,0.7428525382102812,0.9352740144369577,74.28525382102812,93.52740144369577,584,0.23065544692819695,earnwt_t,"age_t, I(age_t**2), np.log(earnwke_t), C(sex_t), C(race_t), C(ethnic_t), C(grade92_t), C(docc00_t), C(ind02_t), C(unionmme_t), C(unioncov_t)",analytic_sample_1213_retention.csv
2012-2013,1213,stayed_state_local,C(grade92_t)[T.45],education,0.7637698282795456,76.37698282795456,0.1648125942303637,16.48125942303637,3.5836979846631323e-06,0.44074307938941887,1.0867965771696724,44.074307938941885,108.67965771696724,584,0.23065544692819695,earnwt_t,"age_t, I(age_t**2), np.log(earnwke_t), C(sex_t), C(race_t), C(ethnic_t), C(grade92_t), C(docc00_t), C(ind02_t), C(unionmme_t), C(unioncov_t)",analytic_sample_1213_retention.csv
2012-2013,1213,stayed_state_local,C(grade92_t)[T.46],education,0.8820661554466372,88.20661554466372,0.17009844255792558,17.009844255792558,2.1529557170090216e-07,0.548679334206748,1.2154529766865265,54.867933420674795,121.54529766865265,584,0.23065544692819695,earnwt_t,"age_t, I(age_t**2), np.log(earnwke_t), C(sex_t), C(race_t), C(ethnic_t), C(grade92_t), C(docc00_t), C(ind02_t), C(unionmme_t), C(unioncov_t)",analytic_sample_1213_retention.csv
2012-2013,1213,stayed_state_local,C(docc00_t)[T.10.0],occupation,-0.05216528153516799,-5.216528153516799,0.1721701882191423,17.21701882191423,0.7618999780265467,-0.38961264965616915,0.2852820865858332,-38.96126496561691,28.52820865858332,584,0.23065544692819695,earnwt_t,"age_t, I(age_t**2), np.log(earnwke_t), C(sex_t), C(race_t), C(ethnic_t), C(grade92_t), C(docc00_t), C(ind02_t), C(unionmme_t), C(unioncov_t)",analytic_sample_1213_retention.csv
2012-2013,1213,stayed_state_local,C(docc00_t)[T.11.0],occupation,-0.49991777761636735,-49.99177776163673,0.24676792286828889,24.67679228682889,0.04277892002178193,-0.9835740189779716,-0.01626153625476312,-98.35740189779716,-1.626153625476312,584,0.23065544692819695,earnwt_t,"age_t, I(age_t**2), np.log(earnwke_t), C(sex_t), C(race_t), C(ethnic_t), C(grade92_t), C(docc00_t), C(ind02_t), C(unionmme_t), C(unioncov_t)",analytic_sample_1213_retention.csv
2012-2013,1213,stayed_state_local,C(docc00_t)[T.12.0],occupation,0.027131554425736712,2.713155442573671,0.0855332499354033,8.55332499354033,0.7510882347131915,-0.14051053492831667,0.19477364377979006,-14.051053492831667,19.477364377979008,584,0.23065544692819695,earnwt_t,"age_t, I(age_t**2), np.log(earnwke_t), C(sex_t), C(race_t), C(ethnic_t), C(grade92_t), C(docc00_t), C(ind02_t), C(unionmme_t), C(unioncov_t)",analytic_sample_1213_retention.csv
2012-2013,1213,stayed_state_local,C(docc00_t)[T.13.0],occupation,-0.1351479678648495,-13.51479678648495,0.1546719631643296,15.46719631643296,0.3822426526362368,-0.43829944508504143,0.16800350935534242,-43.82994450850414,16.80035093553424,584,0.23065544692819695,earnwt_t,"age_t, I(age_t**2), np.log(earnwke_t), C(sex_t), C(race_t), C(ethnic_t), C(grade92_t), C(docc00_t), C(ind02_t), C(unionmme_t), C(unioncov_t)",analytic_sample_1213_retention.csv
2012-2013,1213,stayed_state_local,C(docc00_t)[T.14.0],occupation,-0.11685501726668468,-11.685501726668468,0.13184602938234405,13.184602938234406,0.3754563735490809,-0.37526848636068877,0.1415584518273194,-37.52684863606888,14.155845182731941,584,0.23065544692819695,earnwt_t,"age_t, I(age_t**2), np.log(earnwke_t), C(sex_t), C(race_t), C(ethnic_t), C(grade92_t), C(docc00_t), C(ind02_t), C(unionmme_t), C(unioncov_t)",analytic_sample_1213_retention.csv
2012-2013,1213,stayed_state_local,C(docc00_t)[T.15.0],occupation,-0.09394628175950379,-9.394628175950379,0.1684296349843013,16.84296349843013,0.5769962434660088,-0.4240623002579619,0.23616973673895428,-42.40623002579619,23.616973673895426,584,0.23065544692819695,earnwt_t,"age_t, I(age_t**2), np.log(earnwke_t), C(sex_t), C(race_t), C(ethnic_t), C(grade92_t), C(docc00_t), C(ind02_t), C(unionmme_t), C(unioncov_t)",analytic_sample_1213_retention.csv
2012-2013,1213,stayed_state_local,C(docc00_t)[T.16.0],occupation,0.014476654629066,1.4476654629066,0.18978955706178438,18.97895570617844,0.9391984028342564,-0.3575040418538409,0.3864573511119729,-35.750404185384085,38.64573511119729,584,0.23065544692819695,earnwt_t,"age_t, I(age_t**2), np.log(earnwke_t), C(sex_t), C(race_t), C(ethnic_t), C(grade92_t), C(docc00_t), C(ind02_t), C(unionmme_t), C(unioncov_t)",analytic_sample_1213_retention.csv
2012-2013,1213,stayed_state_local,C(docc00_t)[T.17.0],occupation,-0.028109368737296803,-2.8109368737296805,0.08448635585837398,8.448635585837398,0.7393539751886318,-0.1936995834047444,0.1374808459301508,-19.36995834047444,13.748084593015081,584,0.23065544692819695,earnwt_t,"age_t, I(age_t**2), np.log(earnwke_t), C(sex_t), C(race_t), C(ethnic_t), C(grade92_t), C(docc00_t), C(ind02_t), C(unionmme_t), C(unioncov_t)",analytic_sample_1213_retention.csv
2012-2013,1213,stayed_state_local,C(docc00_t)[T.18.0],occupation,-0.8190727288331229,-81.90727288331229,0.109202986591262,10.9202986591262,6.359383522434646e-14,-1.033106649556207,-0.6050388081100389,-103.3106649556207,-60.50388081100388,584,0.23065544692819695,earnwt_t,"age_t, I(age_t**2), np.log(earnwke_t), C(sex_t), C(race_t), C(ethnic_t), C(grade92_t), C(docc00_t), C(ind02_t), C(unionmme_t), C(unioncov_t)",analytic_sample_1213_retention.csv
2012-2013,1213,stayed_state_local,C(docc00_t)[T.19.0],occupation,0.06910271805467588,6.9102718054675885,0.08998058774292744,8.998058774292744,0.44250285512745846,-0.10725599322920815,0.2454614293385599,-10.725599322920814,24.54614293385599,584,0.23065544692819695,earnwt_t,"age_t, I(age_t**2), np.log(earnwke_t), C(sex_t), C(race_t), C(ethnic_t), C(grade92_t), C(docc00_t), C(ind02_t), C(unionmme_t), C(unioncov_t)",analytic_sample_1213_retention.csv
2012-2013,1213,stayed_state_local,C(docc00_t)[T.2.0],occupation,0.039801077975074844,3.9801077975074843,0.1150142197064637,11.50142197064637,0.7293024777805222,-0.18562265035957096,0.2652248063097207,-18.562265035957097,26.52248063097207,584,0.23065544692819695,earnwt_t,"age_t, I(age_t**2), np.log(earnwke_t), C(sex_t), C(race_t), C(ethnic_t), C(grade92_t), C(docc00_t), C(ind02_t), C(unionmme_t), C(unioncov_t)",analytic_sample_1213_retention.csv
2012-2013,1213,stayed_state_local,C(docc00_t)[T.20.0],occupation,0.10234841954071205,10.234841954071205,0.08369155910192798,8.369155910192799,0.2213583878330161,-0.061684022109072145,0.26638086119049625,-6.168402210907215,26.638086119049625,584,0.23065544692819695,earnwt_t,"age_t, I(age_t**2), np.log(earnwke_t), C(sex_t), C(race_t), C(ethnic_t), C(grade92_t), C(docc00_t), C(ind02_t), C(unionmme_t), C(unioncov_t)",analytic_sample_1213_retention.csv
2012-2013,1213,stayed_state_local,C(docc00_t)[T.21.0],occupation,-0.050091554942199856,-5.009155494219986,0.22859038364573248,22.859038364573248,0.8265469276509179,-0.4981204741000293,0.3979373642156296,-49.81204741000293,39.79373642156296,584,0.23065544692819695,earnwt_t,"age_t, I(age_t**2), np.log(earnwke_t), C(sex_t), C(race_t), C(ethnic_t), C(grade92_t), C(docc00_t), C(ind02_t), C(unionmme_t), C(unioncov_t)",analytic_sample_1213_retention.csv
2012-2013,1213,stayed_state_local,C(docc00_t)[T.22.0],occupation,-0.15490141414039868,-15.490141414039869,0.1670908209642189,16.70908209642189,0.35390098300883177,-0.482393405377498,0.1725905770967006,-48.2393405377498,17.25905770967006,584,0.23065544692819695,earnwt_t,"age_t, I(age_t**2), np.log(earnwke_t), C(sex_t), C(race_t), C(ethnic_t), C(grade92_t), C(docc00_t), C(ind02_t), C(unionmme_t), C(unioncov_t)",analytic_sample_1213_retention.csv
2012-2013,1213,stayed_state_local,C(docc00_t)[T.3.0],occupation,0.02190251142496885,2.1902511424968854,0.1645849044964945,16.45849044964945,0.8941322632204932,-0.30067797378712474,0.34448299663706244,-30.067797378712473,34.448299663706244,584,0.23065544692819695,earnwt_t,"age_t, I(age_t**2), np.log(earnwke_t), C(sex_t), C(race_t), C(ethnic_t), C(grade92_t), C(docc00_t), C(ind02_t), C(unionmme_t), C(unioncov_t)",analytic_sample_1213_retention.csv
2012-2013,1213,stayed_state_local,C(docc00_t)[T.4.0],occupation,-0.11677295682773026,-11.677295682773025,0.21919194730802016,21.919194730802015,0.5942115550505482,-0.546381279252651,0.3128353655971905,-54.6381279252651,31.28353655971905,584,0.23065544692819695,earnwt_t,"age_t, I(age_t**2), np.log(earnwke_t), C(sex_t), C(race_t), C(ethnic_t), C(grade92_t), C(docc00_t), C(ind02_t), C(unionmme_t), C(unioncov_t)",analytic_sample_1213_retention.csv
2012-2013,1213,stayed_state_local,C(docc00_t)[T.5.0],occupation,0.09821000417568485,9.821000417568484,0.1305185515118719,13.051855151187189,0.4517744073600162,-0.15760165610191987,0.35402166445328953,-15.760165610191986,35.40216644532895,584,0.23065544692819695,earnwt_t,"age_t, I(age_t**2), np.log(earnwke_t), C(sex_t), C(race_t), C(ethnic_t), C(grade92_t), C(docc00_t), C(ind02_t), C(unionmme_t), C(unioncov_t)",analytic_sample_1213_retention.csv
2012-2013,1213,stayed_state_local,C(docc00_t)[T.6.0],occupation,-0.09777478184023469,-9.777478184023469,0.11144770153437104,11.144770153437104,0.3803153645433892,-0.31620826300737126,0.12065869932690187,-31.620826300737125,12.065869932690187,584,0.23065544692819695,earnwt_t,"age_t, I(age_t**2), np.log(earnwke_t), C(sex_t), C(race_t), C(ethnic_t), C(grade92_t), C(docc00_t), C(ind02_t), C(unionmme_t), C(unioncov_t)",analytic_sample_1213_retention.csv
2012-2013,1213,stayed_state_local,C(docc00_t)[T.7.0],occupation,0.16356962928824623,16.356962928824622,0.10849820504750624,10.849820504750623,0.13166227814319384,-0.049082944992107885,0.37622220356860037,-4.908294499210789,37.62222035686003,584,0.23065544692819695,earnwt_t,"age_t, I(age_t**2), np.log(earnwke_t), C(sex_t), C(race_t), C(ethnic_t), C(grade92_t), C(docc00_t), C(ind02_t), C(unionmme_t), C(unioncov_t)",analytic_sample_1213_retention.csv
2012-2013,1213,stayed_state_local,C(docc00_t)[T.8.0],occupation,0.05115124833606141,5.115124833606141,0.08794618139417831,8.794618139417832,0.5608227425394315,-0.12122009977435469,0.2235225964464775,-12.12200997743547,22.352259644647752,584,0.23065544692819695,earnwt_t,"age_t, I(age_t**2), np.log(earnwke_t), C(sex_t), C(race_t), C(ethnic_t), C(grade92_t), C(docc00_t), C(ind02_t), C(unionmme_t), C(unioncov_t)",analytic_sample_1213_retention.csv
2012-2013,1213,stayed_state_local,C(docc00_t)[T.9.0],occupation,-0.1440459290810156,-14.40459290810156,0.277856176036556,27.7856176036556,0.6041659405683766,-0.6886340269946865,0.4005421688326553,-68.86340269946865,40.05421688326553,584,0.23065544692819695,earnwt_t,"age_t, I(age_t**2), np.log(earnwke_t), C(sex_t), C(race_t), C(ethnic_t), C(grade92_t), C(docc00_t), C(ind02_t), C(unionmme_t), C(unioncov_t)",analytic_sample_1213_retention.csv
2012-2013,1213,stayed_state_local,C(ind02_t)[T.4990.0],industry,0.4854329063399657,48.54329063399657,0.4415335387554361,44.15335387554361,0.2715828343211306,-0.3799569275872092,1.3508227402671407,-37.99569275872092,135.08227402671406,584,0.23065544692819695,earnwt_t,"age_t, I(age_t**2), np.log(earnwke_t), C(sex_t), C(race_t), C(ethnic_t), C(grade92_t), C(docc00_t), C(ind02_t), C(unionmme_t), C(unioncov_t)",analytic_sample_1213_retention.csv
2012-2013,1213,stayed_state_local,C(ind02_t)[T.590.0],industry,1.0738198315027039,107.38198315027039,0.1433324811543622,14.33324811543622,6.792979529604959e-14,0.7928933306253879,1.35474633238002,79.28933306253879,135.47463323800199,584,0.23065544692819695,earnwt_t,"age_t, I(age_t**2), np.log(earnwke_t), C(sex_t), C(race_t), C(ethnic_t), C(grade92_t), C(docc00_t), C(ind02_t), C(unionmme_t), C(unioncov_t)",analytic_sample_1213_retention.csv
2012-2013,1213,stayed_state_local,C(ind02_t)[T.6180.0],industry,0.6404712365982116,64.04712365982115,0.26901774422690516,26.901774422690515,0.017276170535271574,0.11320614671126938,1.1677363264851537,11.320614671126938,116.77363264851537,584,0.23065544692819695,earnwt_t,"age_t, I(age_t**2), np.log(earnwke_t), C(sex_t), C(race_t), C(ethnic_t), C(grade92_t), C(docc00_t), C(ind02_t), C(unionmme_t), C(unioncov_t)",analytic_sample_1213_retention.csv
2012-2013,1213,stayed_state_local,C(ind02_t)[T.6290.0],industry,1.302740174723634,130.2740174723634,0.19555590455226696,19.555590455226696,2.706272084770414e-11,0.9194576448370384,1.6860227046102296,91.94576448370384,168.60227046102295,584,0.23065544692819695,earnwt_t,"age_t, I(age_t**2), np.log(earnwke_t), C(sex_t), C(race_t), C(ethnic_t), C(grade92_t), C(docc00_t), C(ind02_t), C(unionmme_t), C(unioncov_t)",analytic_sample_1213_retention.csv
2012-2013,1213,stayed_state_local,C(ind02_t)[T.670.0],industry,0.8644656251104863,86.44656251104863,0.22827663484195232,22.82766348419523,0.0001525254517779969,0.41705164230825853,1.3118796079127142,41.70516423082585,131.18796079127142,584,0.23065544692819695,earnwt_t,"age_t, I(age_t**2), np.log(earnwke_t), C(sex_t), C(race_t), C(ethnic_t), C(grade92_t), C(docc00_t), C(ind02_t), C(unionmme_t), C(unioncov_t)",analytic_sample_1213_retention.csv
2012-2013,1213,stayed_state_local,C(ind02_t)[T.6770.0],industry,1.0526020125697382,105.26020125697382,0.15407524668790798,15.407524668790797,8.389084528962202e-12,0.7506200781523142,1.3545839469871621,75.06200781523142,135.4583946987162,584,0.23065544692819695,earnwt_t,"age_t, I(age_t**2), np.log(earnwke_t), C(sex_t), C(race_t), C(ethnic_t), C(grade92_t), C(docc00_t), C(ind02_t), C(unionmme_t), C(unioncov_t)",analytic_sample_1213_retention.csv
2012-2013,1213,stayed_state_local,C(ind02_t)[T.680.0],industry,0.6134543069752765,61.34543069752765,0.24814448067268066,24.814448067268067,0.013429720251399274,0.12710006189442685,1.099808552056126,12.710006189442685,109.9808552056126,584,0.23065544692819695,earnwt_t,"age_t, I(age_t**2), np.log(earnwke_t), C(sex_t), C(race_t), C(ethnic_t), C(grade92_t), C(docc00_t), C(ind02_t), C(unionmme_t), C(unioncov_t)",analytic_sample_1213_retention.csv
2012-2013,1213,stayed_state_local,C(ind02_t)[T.7070.0],industry,1.2441365306288916,124.41365306288917,0.11402564718473049,11.402564718473048,1.0210014117010676e-27,1.020650368832949,1.4676226924248343,102.0650368832949,146.76226924248343,584,0.23065544692819695,earnwt_t,"age_t, I(age_t**2), np.log(earnwke_t), C(sex_t), C(race_t), C(ethnic_t), C(grade92_t), C(docc00_t), C(ind02_t), C(unionmme_t), C(unioncov_t)",analytic_sample_1213_retention.csv
2012-2013,1213,stayed_state_local,C(ind02_t)[T.7270.0],industry,1.0843933683265277,108.43933683265277,0.09274621627270721,9.27462162727072,1.3996730605961326e-31,0.9026141247296589,1.2661726119233965,90.26141247296589,126.61726119233964,584,0.23065544692819695,earnwt_t,"age_t, I(age_t**2), np.log(earnwke_t), C(sex_t), C(race_t), C(ethnic_t), C(grade92_t), C(docc00_t), C(ind02_t), C(unionmme_t), C(unioncov_t)",analytic_sample_1213_retention.csv
2012-2013,1213,stayed_state_local,C(ind02_t)[T.7290.0],industry,1.1476262468579987,114.76262468579988,0.1476388105319854,14.76388105319854,7.652676336509644e-15,0.8582594954949745,1.436992998221023,85.82594954949745,143.6992998221023,584,0.23065544692819695,earnwt_t,"age_t, I(age_t**2), np.log(earnwke_t), C(sex_t), C(race_t), C(ethnic_t), C(grade92_t), C(docc00_t), C(ind02_t), C(unionmme_t), C(unioncov_t)",analytic_sample_1213_retention.csv
2012-2013,1213,stayed_state_local,C(ind02_t)[T.7370.0],industry,1.2586978411279799,125.86978411279799,0.2874929760220962,28.749297602209623,1.1967097397477295e-05,0.695221962316434,1.8221737199395258,69.52219623164339,182.21737199395258,584,0.23065544692819695,earnwt_t,"age_t, I(age_t**2), np.log(earnwke_t), C(sex_t), C(race_t), C(ethnic_t), C(grade92_t), C(docc00_t), C(ind02_t), C(unionmme_t), C(unioncov_t)",analytic_sample_1213_retention.csv
2012-2013,1213,stayed_state_local,C(ind02_t)[T.7380.0],industry,1.1251590456106895,112.51590456106895,0.18588101468127172,18.58810146812717,1.4207190088466294e-09,0.7608389514256358,1.4894791397957432,76.08389514256359,148.9479139795743,584,0.23065544692819695,earnwt_t,"age_t, I(age_t**2), np.log(earnwke_t), C(sex_t), C(race_t), C(ethnic_t), C(grade92_t), C(docc00_t), C(ind02_t), C(unionmme_t), C(unioncov_t)",analytic_sample_1213_retention.csv
2012-2013,1213,stayed_state_local,C(ind02_t)[T.7460.0],industry,1.1313422472572694,113.13422472572694,0.08772024565585192,8.772024565585191,4.669783733338258e-38,0.9594137250567936,1.3032707694577452,95.94137250567935,130.32707694577454,584,0.23065544692819695,earnwt_t,"age_t, I(age_t**2), np.log(earnwke_t), C(sex_t), C(race_t), C(ethnic_t), C(grade92_t), C(docc00_t), C(ind02_t), C(unionmme_t), C(unioncov_t)",analytic_sample_1213_retention.csv
2012-2013,1213,stayed_state_local,C(ind02_t)[T.7580.0],industry,0.07097333738819368,7.097333738819368,0.11704078811780924,11.704078811780924,0.5442502832146184,-0.15842239204489594,0.3003690668212833,-15.842239204489594,30.03690668212833,584,0.23065544692819695,earnwt_t,"age_t, I(age_t**2), np.log(earnwke_t), C(sex_t), C(race_t), C(ethnic_t), C(grade92_t), C(docc00_t), C(ind02_t), C(unionmme_t), C(unioncov_t)",analytic_sample_1213_retention.csv
2012-2013,1213,stayed_state_local,C(ind02_t)[T.770.0],industry,1.154670463022464,115.4670463022464,0.12050693785645039,12.05069378564504,9.539047280857044e-22,0.9184812049366148,1.3908597211083131,91.84812049366148,139.0859721108313,584,0.23065544692819695,earnwt_t,"age_t, I(age_t**2), np.log(earnwke_t), C(sex_t), C(race_t), C(ethnic_t), C(grade92_t), C(docc00_t), C(ind02_t), C(unionmme_t), C(unioncov_t)",analytic_sample_1213_retention.csv
2012-2013,1213,stayed_state_local,C(ind02_t)[T.7790.0],industry,0.7749744539711121,77.4974453971112,0.2854889290924922,28.54889290924922,0.006636554329417396,0.2154264349649182,1.334522472977306,21.54264349649182,133.4522472977306,584,0.23065544692819695,earnwt_t,"age_t, I(age_t**2), np.log(earnwke_t), C(sex_t), C(race_t), C(ethnic_t), C(grade92_t), C(docc00_t), C(ind02_t), C(unionmme_t), C(unioncov_t)",analytic_sample_1213_retention.csv
2012-2013,1213,stayed_state_local,C(ind02_t)[T.7860.0],industry,0.9466224513257621,94.6622451325762,0.1025418546295129,10.25418546295129,2.666902828779122e-20,0.745644109343975,1.1476007933075492,74.5644109343975,114.76007933075492,584,0.23065544692819695,earnwt_t,"age_t, I(age_t**2), np.log(earnwke_t), C(sex_t), C(race_t), C(ethnic_t), C(grade92_t), C(docc00_t), C(ind02_t), C(unionmme_t), C(unioncov_t)",analytic_sample_1213_retention.csv
2012-2013,1213,stayed_state_local,C(ind02_t)[T.7870.0],industry,1.0076502171680162,100.76502171680161,0.09567989291568799,9.567989291568798,6.185876640587889e-26,0.8201210730086187,1.1951793613274138,82.01210730086187,119.51793613274137,584,0.23065544692819695,earnwt_t,"age_t, I(age_t**2), np.log(earnwke_t), C(sex_t), C(race_t), C(ethnic_t), C(grade92_t), C(docc00_t), C(ind02_t), C(unionmme_t), C(unioncov_t)",analytic_sample_1213_retention.csv
2012-2013,1213,stayed_state_local,C(ind02_t)[T.8090.0],industry,0.690499974619329,69.0499974619329,0.26885572178591755,26.885572178591755,0.010220105301508154,0.1635524428814098,1.217447506357248,16.35524428814098,121.74475063572481,584,0.23065544692819695,earnwt_t,"age_t, I(age_t**2), np.log(earnwke_t), C(sex_t), C(race_t), C(ethnic_t), C(grade92_t), C(docc00_t), C(ind02_t), C(unionmme_t), C(unioncov_t)",analytic_sample_1213_retention.csv
2012-2013,1213,stayed_state_local,C(ind02_t)[T.8180.0],industry,1.3805209548901667,138.05209548901666,0.14460877959317878,14.460877959317878,1.3403350414484954e-21,1.0970929550392454,1.663948954741088,109.70929550392454,166.3948954741088,584,0.23065544692819695,earnwt_t,"age_t, I(age_t**2), np.log(earnwke_t), C(sex_t), C(race_t), C(ethnic_t), C(grade92_t), C(docc00_t), C(ind02_t), C(unionmme_t), C(unioncov_t)",analytic_sample_1213_retention.csv
2012-2013,1213,stayed_state_local,C(ind02_t)[T.8190.0],industry,0.8289640793806226,82.89640793806225,0.3527625218247038,35.27625218247038,0.01877739286780942,0.13756224150867835,1.5203659172525668,13.756224150867835,152.03659172525667,584,0.23065544692819695,earnwt_t,"age_t, I(age_t**2), np.log(earnwke_t), C(sex_t), C(race_t), C(ethnic_t), C(grade92_t), C(docc00_t), C(ind02_t), C(unionmme_t), C(unioncov_t)",analytic_sample_1213_retention.csv
2012-2013,1213,stayed_state_local,C(ind02_t)[T.8270.0],industry,0.8995122165339807,89.95122165339808,0.3048166941878305,30.481669418783046,0.0031675313439721497,0.30208247403927335,1.496941959028688,30.208247403927334,149.6941959028688,584,0.23065544692819695,earnwt_t,"age_t, I(age_t**2), np.log(earnwke_t), C(sex_t), C(race_t), C(ethnic_t), C(grade92_t), C(docc00_t), C(ind02_t), C(unionmme_t), C(unioncov_t)",analytic_sample_1213_retention.csv
2012-2013,1213,stayed_state_local,C(ind02_t)[T.8290.0],industry,1.389253423181526,138.9253423181526,0.18849421571863223,18.849421571863225,1.7028172458209496e-13,1.019811549078883,1.7586952972841687,101.98115490788831,175.86952972841686,584,0.23065544692819695,earnwt_t,"age_t, I(age_t**2), np.log(earnwke_t), C(sex_t), C(race_t), C(ethnic_t), C(grade92_t), C(docc00_t), C(ind02_t), C(unionmme_t), C(unioncov_t)",analytic_sample_1213_retention.csv
2012-2013,1213,stayed_state_local,C(ind02_t)[T.8370.0],industry,1.023777517585982,102.37775175859821,0.17179865164720098,17.1798651647201,2.53520935355138e-09,0.6870583477649252,1.3604966874070388,68.70583477649252,136.04966874070388,584,0.23065544692819695,earnwt_t,"age_t, I(age_t**2), np.log(earnwke_t), C(sex_t), C(race_t), C(ethnic_t), C(grade92_t), C(docc00_t), C(ind02_t), C(unionmme_t), C(unioncov_t)",analytic_sample_1213_retention.csv
2012-2013,1213,stayed_state_local,C(ind02_t)[T.8390.0],industry,1.398039501874027,139.8039501874027,0.12725638020802096,12.725638020802096,4.462333643906634e-28,1.14862157986337,1.647457423884684,114.86215798633701,164.7457423884684,584,0.23065544692819695,earnwt_t,"age_t, I(age_t**2), np.log(earnwke_t), C(sex_t), C(race_t), C(ethnic_t), C(grade92_t), C(docc00_t), C(ind02_t), C(unionmme_t), C(unioncov_t)",analytic_sample_1213_retention.csv
2012-2013,1213,stayed_state_local,C(ind02_t)[T.8470.0],industry,0.6443391814209557,64.43391814209556,0.29412757944850404,29.412757944850405,0.028475012616146374,0.06785971884194442,1.220818643999967,6.785971884194442,122.0818643999967,584,0.23065544692819695,earnwt_t,"age_t, I(age_t**2), np.log(earnwke_t), C(sex_t), C(race_t), C(ethnic_t), C(grade92_t), C(docc00_t), C(ind02_t), C(unionmme_t), C(unioncov_t)",analytic_sample_1213_retention.csv
2012-2013,1213,stayed_state_local,C(ind02_t)[T.8570.0],industry,1.113493186651166,111.3493186651166,0.17109837136193612,17.10983713619361,7.620240718444726e-11,0.7781465409683117,1.4488398323340201,77.81465409683118,144.883983233402,584,0.23065544692819695,earnwt_t,"age_t, I(age_t**2), np.log(earnwke_t), C(sex_t), C(race_t), C(ethnic_t), C(grade92_t), C(docc00_t), C(ind02_t), C(unionmme_t), C(unioncov_t)",analytic_sample_1213_retention.csv
2012-2013,1213,stayed_state_local,C(ind02_t)[T.8590.0],industry,0.8374974778914965,83.74974778914965,0.4583534114044624,45.83534114044624,0.0676716305327064,-0.06085870065232024,1.7358536564353133,-6.085870065232024,173.58536564353133,584,0.23065544692819695,earnwt_t,"age_t, I(age_t**2), np.log(earnwke_t), C(sex_t), C(race_t), C(ethnic_t), C(grade92_t), C(docc00_t), C(ind02_t), C(unionmme_t), C(unioncov_t)",analytic_sample_1213_retention.csv
2012-2013,1213,stayed_state_local,C(ind02_t)[T.8670.0],industry,1.238220486851512,123.8220486851512,0.15027807144657182,15.027807144657181,1.7289029545091152e-16,0.9436808791500942,1.53276009455293,94.36808791500943,153.276009455293,584,0.23065544692819695,earnwt_t,"age_t, I(age_t**2), np.log(earnwke_t), C(sex_t), C(race_t), C(ethnic_t), C(grade92_t), C(docc00_t), C(ind02_t), C(unionmme_t), C(unioncov_t)",analytic_sample_1213_retention.csv
2012-2013,1213,stayed_state_local,C(ind02_t)[T.8680.0],industry,0.5185114048247711,51.851140482477106,0.18976410241676991,18.97641024167699,0.0062874783725988224,0.1465805985293318,0.8904422111202104,14.658059852933182,89.04422111202103,584,0.23065544692819695,earnwt_t,"age_t, I(age_t**2), np.log(earnwke_t), C(sex_t), C(race_t), C(ethnic_t), C(grade92_t), C(docc00_t), C(ind02_t), C(unionmme_t), C(unioncov_t)",analytic_sample_1213_retention.csv
2012-2013,1213,stayed_state_local,C(ind02_t)[T.9080.0],industry,1.2249155433411643,122.49155433411643,0.13121781520221282,13.121781520221282,1.0101131657711578e-20,0.9677333514147948,1.4820977352675337,96.77333514147948,148.20977352675337,584,0.23065544692819695,earnwt_t,"age_t, I(age_t**2), np.log(earnwke_t), C(sex_t), C(race_t), C(ethnic_t), C(grade92_t), C(docc00_t), C(ind02_t), C(unionmme_t), C(unioncov_t)",analytic_sample_1213_retention.csv
2012-2013,1213,stayed_state_local,C(ind02_t)[T.9370.0],industry,0.9617698497728171,96.1769849772817,0.10651521023201377,10.651521023201378,1.7259472646072504e-19,0.7530038739123579,1.1705358256332763,75.30038739123579,117.05358256332762,584,0.23065544692819695,earnwt_t,"age_t, I(age_t**2), np.log(earnwke_t), C(sex_t), C(race_t), C(ethnic_t), C(grade92_t), C(docc00_t), C(ind02_t), C(unionmme_t), C(unioncov_t)",analytic_sample_1213_retention.csv
2012-2013,1213,stayed_state_local,C(ind02_t)[T.9380.0],industry,1.0155448572852213,101.55448572852212,0.11774845945131099,11.7748459451311,6.4262224604106545e-18,0.7847621175255768,1.2463275970448657,78.47621175255767,124.63275970448657,584,0.23065544692819695,earnwt_t,"age_t, I(age_t**2), np.log(earnwke_t), C(sex_t), C(race_t), C(ethnic_t), C(grade92_t), C(docc00_t), C(ind02_t), C(unionmme_t), C(unioncov_t)",analytic_sample_1213_retention.csv
2012-2013,1213,stayed_state_local,C(ind02_t)[T.9390.0],industry,1.188623431964927,118.86234319649269,0.1677958562380679,16.77958562380679,1.4030773114808234e-12,0.8597495969832534,1.5174972669466005,85.97495969832534,151.74972669466004,584,0.23065544692819695,earnwt_t,"age_t, I(age_t**2), np.log(earnwke_t), C(sex_t), C(race_t), C(ethnic_t), C(grade92_t), C(docc00_t), C(ind02_t), C(unionmme_t), C(unioncov_t)",analytic_sample_1213_retention.csv
2012-2013,1213,stayed_state_local,C(ind02_t)[T.9470.0],industry,1.1185110891364318,111.85110891364319,0.09225179348680243,9.225179348680243,7.829312387538857e-34,0.9377008963930723,1.2993212818797912,93.77008963930723,129.93212818797912,584,0.23065544692819695,earnwt_t,"age_t, I(age_t**2), np.log(earnwke_t), C(sex_t), C(race_t), C(ethnic_t), C(grade92_t), C(docc00_t), C(ind02_t), C(unionmme_t), C(unioncov_t)",analytic_sample_1213_retention.csv
2012-2013,1213,stayed_state_local,C(ind02_t)[T.9480.0],industry,1.0749815652398333,107.49815652398334,0.10366631261240332,10.366631261240332,3.408329626449843e-25,0.8717993261094525,1.2781638043702142,87.17993261094526,127.81638043702142,584,0.23065544692819695,earnwt_t,"age_t, I(age_t**2), np.log(earnwke_t), C(sex_t), C(race_t), C(ethnic_t), C(grade92_t), C(docc00_t), C(ind02_t), C(unionmme_t), C(unioncov_t)",analytic_sample_1213_retention.csv
2012-2013,1213,stayed_state_local,C(ind02_t)[T.9490.0],industry,1.0485600011382035,104.85600011382034,0.18247655680845726,18.247655680845725,9.123229372363425e-09,0.6909125217707501,1.4062074805056568,69.091252177075,140.62074805056568,584,0.23065544692819695,earnwt_t,"age_t, I(age_t**2), np.log(earnwke_t), C(sex_t), C(race_t), C(ethnic_t), C(grade92_t), C(docc00_t), C(ind02_t), C(unionmme_t), C(unioncov_t)",analytic_sample_1213_retention.csv
2012-2013,1213,stayed_state_local,C(ind02_t)[T.9570.0],industry,1.0132343274499607,101.32343274499607,0.20735982690198296,20.735982690198295,1.0271840419762399e-06,0.6068165348816142,1.419652120018307,60.68165348816142,141.9652120018307,584,0.23065544692819695,earnwt_t,"age_t, I(age_t**2), np.log(earnwke_t), C(sex_t), C(race_t), C(ethnic_t), C(grade92_t), C(docc00_t), C(ind02_t), C(unionmme_t), C(unioncov_t)",analytic_sample_1213_retention.csv
2012-2013,1213,stayed_state_local,C(unionmme_t)[T.2.0],union,-0.7409072204793081,-74.09072204793081,0.1213164223073839,12.13164223073839,1.0137548617274791e-09,-0.9786830389350322,-0.5031314020235841,-97.86830389350321,-50.31314020235841,584,0.23065544692819695,earnwt_t,"age_t, I(age_t**2), np.log(earnwke_t), C(sex_t), C(race_t), C(ethnic_t), C(grade92_t), C(docc00_t), C(ind02_t), C(unionmme_t), C(unioncov_t)",analytic_sample_1213_retention.csv
2012-2013,1213,stayed_state_local,C(unioncov_t)[T.2.0],union,-0.05410732635872552,-5.410732635872552,0.09341630109970037,9.341630109970037,0.5624498631185962,-0.23719991208308766,0.12898525936563665,-23.719991208308766,12.898525936563665,584,0.23065544692819695,earnwt_t,"age_t, I(age_t**2), np.log(earnwke_t), C(sex_t), C(race_t), C(ethnic_t), C(grade92_t), C(docc00_t), C(ind02_t), C(unionmme_t), C(unioncov_t)",analytic_sample_1213_retention.csv
2012-2013,1213,stayed_state_local,C(unioncov_t)[T.MISSING],union,-0.7810966434980725,-78.10966434980725,0.12112715708684291,12.112715708684291,1.1291230451257166e-10,-1.01850150893801,-0.5436917780581348,-101.850150893801,-54.369177805813486,584,0.23065544692819695,earnwt_t,"age_t, I(age_t**2), np.log(earnwke_t), C(sex_t), C(race_t), C(ethnic_t), C(grade92_t), C(docc00_t), C(ind02_t), C(unionmme_t), C(unioncov_t)",analytic_sample_1213_retention.csv
2012-2013,1213,stayed_state_local,illinois,treatment,0.06360139556153697,6.3601395561536975,0.034956514802221346,3.4956514802221346,0.06884383051010762,-0.004912114475858154,0.1321149055989321,-0.49121144758581536,13.21149055989321,584,0.23065544692819695,earnwt_t,"age_t, I(age_t**2), np.log(earnwke_t), C(sex_t), C(race_t), C(ethnic_t), C(grade92_t), C(docc00_t), C(ind02_t), C(unionmme_t), C(unioncov_t)",analytic_sample_1213_retention.csv
2012-2013,1213,stayed_state_local,age_t,age,0.022071126168645313,2.2071126168645314,0.009659040666218767,0.9659040666218767,0.02231150290860285,0.003139754337648761,0.04100249799964187,0.31397543376487613,4.100249799964187,584,0.23065544692819695,earnwt_t,"age_t, I(age_t**2), np.log(earnwke_t), C(sex_t), C(race_t), C(ethnic_t), C(grade92_t), C(docc00_t), C(ind02_t), C(unionmme_t), C(unioncov_t)",analytic_sample_1213_retention.csv
2012-2013,1213,stayed_state_local,I(age_t ** 2),age,-0.0002379342740173457,-0.02379342740173457,0.00010390543510150043,0.010390543510150042,0.022026434470855453,-0.0004415851846142505,-3.428336342044093e-05,-0.04415851846142505,-0.003428336342044093,584,0.23065544692819695,earnwt_t,"age_t, I(age_t**2), np.log(earnwke_t), C(sex_t), C(race_t), C(ethnic_t), C(grade92_t), C(docc00_t), C(ind02_t), C(unionmme_t), C(unioncov_t)",analytic_sample_1213_retention.csv
2012-2013,1213,stayed_state_local,np.log(earnwke_t),earnings,0.1009774827320794,10.09774827320794,0.03261757145303331,3.261757145303331,0.0019628260253072194,0.03704821742097232,0.1649067480431865,3.704821742097232,16.49067480431865,584,0.23065544692819695,earnwt_t,"age_t, I(age_t**2), np.log(earnwke_t), C(sex_t), C(race_t), C(ethnic_t), C(grade92_t), C(docc00_t), C(ind02_t), C(unionmme_t), C(unioncov_t)",analytic_sample_1213_retention.csv
2013-2014,1314,stayed_state_local,Intercept,intercept,0.3049039576983136,30.49039576983136,0.2395182141675108,23.95182141675108,0.20302208486704,-0.16454311571135888,0.774351031107986,-16.45431157113589,77.4351031107986,562,0.2706871679615602,earnwt_t,"age_t, I(age_t**2), np.log(earnwke_t), C(sex_t), C(race_t), C(ethnic_t), C(grade92_t), C(docc00_t), C(ind02_t), C(unionmme_t), C(unioncov_t)",analytic_sample_1314_retention.csv
2013-2014,1314,stayed_state_local,C(sex_t)[T.2],sex,-0.10827470787173424,-10.827470787173423,0.05023064223788073,5.023064223788073,0.031118747256470396,-0.2067249575782969,-0.009824458165171593,-20.67249575782969,-0.9824458165171592,562,0.2706871679615602,earnwt_t,"age_t, I(age_t**2), np.log(earnwke_t), C(sex_t), C(race_t), C(ethnic_t), C(grade92_t), C(docc00_t), C(ind02_t), C(unionmme_t), C(unioncov_t)",analytic_sample_1314_retention.csv
2013-2014,1314,stayed_state_local,C(race_t)[T.2],race,-0.13512002493570605,-13.512002493570604,0.06288460778839151,6.288460778839151,0.0316583549748837,-0.2583715913828804,-0.0118684584885317,-25.83715913828804,-1.18684584885317,562,0.2706871679615602,earnwt_t,"age_t, I(age_t**2), np.log(earnwke_t), C(sex_t), C(race_t), C(ethnic_t), C(grade92_t), C(docc00_t), C(ind02_t), C(unionmme_t), C(unioncov_t)",analytic_sample_1314_retention.csv
2013-2014,1314,stayed_state_local,C(race_t)[T.4],race,0.02433022098780252,2.4330220987802518,0.17925417534018034,17.925417534018035,0.892034502293123,-0.3270015067573788,0.37566194873298386,-32.70015067573788,37.566194873298386,562,0.2706871679615602,earnwt_t,"age_t, I(age_t**2), np.log(earnwke_t), C(sex_t), C(race_t), C(ethnic_t), C(grade92_t), C(docc00_t), C(ind02_t), C(unionmme_t), C(unioncov_t)",analytic_sample_1314_retention.csv
2013-2014,1314,stayed_state_local,C(race_t)[T.6],race,-0.03801920947344756,-3.8019209473447555,0.11999450621687918,11.999450621687918,0.7513640616926774,-0.27320412000119837,0.19716570105430326,-27.320412000119838,19.716570105430325,562,0.2706871679615602,earnwt_t,"age_t, I(age_t**2), np.log(earnwke_t), C(sex_t), C(race_t), C(ethnic_t), C(grade92_t), C(docc00_t), C(ind02_t), C(unionmme_t), C(unioncov_t)",analytic_sample_1314_retention.csv
2013-2014,1314,stayed_state_local,C(race_t)[T.9],race,-0.09695491729410688,-9.695491729410687,0.06604948797260082,6.604948797260082,0.1421277937393971,-0.22640953491771595,0.032499700329502196,-22.640953491771594,3.2499700329502197,562,0.2706871679615602,earnwt_t,"age_t, I(age_t**2), np.log(earnwke_t), C(sex_t), C(race_t), C(ethnic_t), C(grade92_t), C(docc00_t), C(ind02_t), C(unionmme_t), C(unioncov_t)",analytic_sample_1314_retention.csv
2013-2014,1314,stayed_state_local,C(ethnic_t)[T.2.0],ethnicity_hispanic,0.12110975050554806,12.110975050554806,0.1411121402846254,14.111214028462541,0.3907534301987664,-0.1554649622336814,0.3976844632447775,-15.54649622336814,39.76844632447775,562,0.2706871679615602,earnwt_t,"age_t, I(age_t**2), np.log(earnwke_t), C(sex_t), C(race_t), C(ethnic_t), C(grade92_t), C(docc00_t), C(ind02_t), C(unionmme_t), C(unioncov_t)",analytic_sample_1314_retention.csv
2013-2014,1314,stayed_state_local,C(ethnic_t)[T.4.0],ethnicity_hispanic,0.15839009455278238,15.839009455278239,0.14024553378135995,14.024553378135995,0.25873878794844885,-0.11648610065127865,0.43326628975684345,-11.648610065127865,43.32662897568434,562,0.2706871679615602,earnwt_t,"age_t, I(age_t**2), np.log(earnwke_t), C(sex_t), C(race_t), C(ethnic_t), C(grade92_t), C(docc00_t), C(ind02_t), C(unionmme_t), C(unioncov_t)",analytic_sample_1314_retention.csv
2013-2014,1314,stayed_state_local,C(ethnic_t)[T.5.0],ethnicity_hispanic,-0.43540082268118424,-43.540082268118425,0.1688822455029254,16.88822455029254,0.009933587116366323,-0.7664039414951695,-0.10439770386719893,-76.64039414951695,-10.439770386719893,562,0.2706871679615602,earnwt_t,"age_t, I(age_t**2), np.log(earnwke_t), C(sex_t), C(race_t), C(ethnic_t), C(grade92_t), C(docc00_t), C(ind02_t), C(unionmme_t), C(unioncov_t)",analytic_sample_1314_retention.csv
2013-2014,1314,stayed_state_local,C(ethnic_t)[T.MISSING],ethnicity_hispanic,-0.0562668506758261,-5.62668506758261,0.10430072672495423,10.430072672495424,0.589564327094997,-0.26069251861809073,0.1481588172664385,-26.06925186180907,14.81588172664385,562,0.2706871679615602,earnwt_t,"age_t, I(age_t**2), np.log(earnwke_t), C(sex_t), C(race_t), C(ethnic_t), C(grade92_t), C(docc00_t), C(ind02_t), C(unionmme_t), C(unioncov_t)",analytic_sample_1314_retention.csv
2013-2014,1314,stayed_state_local,C(grade92_t)[T.35],education,0.3766875211474514,37.66875211474514,0.27675954668508795,27.675954668508794,0.17349339031437105,-0.16575122273295273,0.9191262650278555,-16.57512227329527,91.91262650278556,562,0.2706871679615602,earnwt_t,"age_t, I(age_t**2), np.log(earnwke_t), C(sex_t), C(race_t), C(ethnic_t), C(grade92_t), C(docc00_t), C(ind02_t), C(unionmme_t), C(unioncov_t)",analytic_sample_1314_retention.csv
2013-2014,1314,stayed_state_local,C(grade92_t)[T.36],education,-0.5762533930160814,-57.625339301608136,0.24425103497791284,24.425103497791284,0.01831107848140938,-1.0549766247594234,-0.09753016127273922,-105.49766247594235,-9.753016127273922,562,0.2706871679615602,earnwt_t,"age_t, I(age_t**2), np.log(earnwke_t), C(sex_t), C(race_t), C(ethnic_t), C(grade92_t), C(docc00_t), C(ind02_t), C(unionmme_t), C(unioncov_t)",analytic_sample_1314_retention.csv
2013-2014,1314,stayed_state_local,C(grade92_t)[T.37],education,-0.3261668440543235,-32.61668440543235,0.2390881989679744,23.90881989679744,0.17250104468614924,-0.7947711031600999,0.14243741505145285,-79.47711031601,14.243741505145286,562,0.2706871679615602,earnwt_t,"age_t, I(age_t**2), np.log(earnwke_t), C(sex_t), C(race_t), C(ethnic_t), C(grade92_t), C(docc00_t), C(ind02_t), C(unionmme_t), C(unioncov_t)",analytic_sample_1314_retention.csv
2013-2014,1314,stayed_state_local,C(grade92_t)[T.38],education,-0.5585481191193218,-55.85481191193218,0.2763415473955809,27.63415473955809,0.043256600582472375,-1.1001675994467288,-0.016928638791914752,-110.01675994467288,-1.6928638791914752,562,0.2706871679615602,earnwt_t,"age_t, I(age_t**2), np.log(earnwke_t), C(sex_t), C(race_t), C(ethnic_t), C(grade92_t), C(docc00_t), C(ind02_t), C(unionmme_t), C(unioncov_t)",analytic_sample_1314_retention.csv
2013-2014,1314,stayed_state_local,C(grade92_t)[T.39],education,-0.21175949809737987,-21.175949809737986,0.20759786715648929,20.75978671564893,0.30770636163012866,-0.6186438409914294,0.1951248447966697,-61.864384099142946,19.51248447966697,562,0.2706871679615602,earnwt_t,"age_t, I(age_t**2), np.log(earnwke_t), C(sex_t), C(race_t), C(ethnic_t), C(grade92_t), C(docc00_t), C(ind02_t), C(unionmme_t), C(unioncov_t)",analytic_sample_1314_retention.csv
2013-2014,1314,stayed_state_local,C(grade92_t)[T.40],education,-0.19326680930565054,-19.326680930565054,0.2006476429759598,20.06476429759598,0.33543966435936334,-0.5865289631213829,0.19999534451008183,-58.65289631213829,19.999534451008184,562,0.2706871679615602,earnwt_t,"age_t, I(age_t**2), np.log(earnwke_t), C(sex_t), C(race_t), C(ethnic_t), C(grade92_t), C(docc00_t), C(ind02_t), C(unionmme_t), C(unioncov_t)",analytic_sample_1314_retention.csv
2013-2014,1314,stayed_state_local,C(grade92_t)[T.41],education,-0.28643490254797266,-28.643490254797264,0.22486778853181824,22.486778853181825,0.20273696383182294,-0.7271676693535054,0.1542978642575601,-72.71676693535053,15.42978642575601,562,0.2706871679615602,earnwt_t,"age_t, I(age_t**2), np.log(earnwke_t), C(sex_t), C(race_t), C(ethnic_t), C(grade92_t), C(docc00_t), C(ind02_t), C(unionmme_t), C(unioncov_t)",analytic_sample_1314_retention.csv
2013-2014,1314,stayed_state_local,C(grade92_t)[T.42],education,-0.17511358975567926,-17.511358975567926,0.20591080541145898,20.5910805411459,0.3950837322708408,-0.5786913523897741,0.22846417287841564,-57.86913523897741,22.846417287841565,562,0.2706871679615602,earnwt_t,"age_t, I(age_t**2), np.log(earnwke_t), C(sex_t), C(race_t), C(ethnic_t), C(grade92_t), C(docc00_t), C(ind02_t), C(unionmme_t), C(unioncov_t)",analytic_sample_1314_retention.csv
2013-2014,1314,stayed_state_local,C(grade92_t)[T.43],education,-0.20120499716922102,-20.1204997169221,0.2016025637210002,20.16025637210002,0.3182657965151613,-0.5963387612533226,0.19392876691488065,-59.633876125332264,19.392876691488066,562,0.2706871679615602,earnwt_t,"age_t, I(age_t**2), np.log(earnwke_t), C(sex_t), C(race_t), C(ethnic_t), C(grade92_t), C(docc00_t), C(ind02_t), C(unionmme_t), C(unioncov_t)",analytic_sample_1314_retention.csv
2013-2014,1314,stayed_state_local,C(grade92_t)[T.44],education,-0.17808182164607878,-17.808182164607878,0.20701508975341787,20.70150897534179,0.3896589934519967,-0.5838239418191046,0.22766029852694702,-58.382394181910456,22.766029852694704,562,0.2706871679615602,earnwt_t,"age_t, I(age_t**2), np.log(earnwke_t), C(sex_t), C(race_t), C(ethnic_t), C(grade92_t), C(docc00_t), C(ind02_t), C(unionmme_t), C(unioncov_t)",analytic_sample_1314_retention.csv
2013-2014,1314,stayed_state_local,C(grade92_t)[T.45],education,-0.14573142717302523,-14.573142717302524,0.32722470279160804,32.7224702791608,0.6560626314196136,-0.7870800594964003,0.4956172051503498,-78.70800594964003,49.56172051503498,562,0.2706871679615602,earnwt_t,"age_t, I(age_t**2), np.log(earnwke_t), C(sex_t), C(race_t), C(ethnic_t), C(grade92_t), C(docc00_t), C(ind02_t), C(unionmme_t), C(unioncov_t)",analytic_sample_1314_retention.csv
2013-2014,1314,stayed_state_local,C(grade92_t)[T.46],education,-0.16345990738549332,-16.345990738549332,0.2523031470985892,25.23031470985892,0.5170683499689723,-0.6579649888848396,0.3310451741138529,-65.79649888848395,33.104517411385295,562,0.2706871679615602,earnwt_t,"age_t, I(age_t**2), np.log(earnwke_t), C(sex_t), C(race_t), C(ethnic_t), C(grade92_t), C(docc00_t), C(ind02_t), C(unionmme_t), C(unioncov_t)",analytic_sample_1314_retention.csv
2013-2014,1314,stayed_state_local,C(docc00_t)[T.10.0],occupation,0.0928473210101152,9.28473210101152,0.15181849319163898,15.181849319163899,0.5408236643095017,-0.20471145783263658,0.390406099852867,-20.47114578326366,39.0406099852867,562,0.2706871679615602,earnwt_t,"age_t, I(age_t**2), np.log(earnwke_t), C(sex_t), C(race_t), C(ethnic_t), C(grade92_t), C(docc00_t), C(ind02_t), C(unionmme_t), C(unioncov_t)",analytic_sample_1314_retention.csv
2013-2014,1314,stayed_state_local,C(docc00_t)[T.11.0],occupation,0.05020608652042571,5.020608652042571,0.2861678415888902,28.61678415888902,0.8607317149503433,-0.5106725765273625,0.6110847495682139,-51.06725765273625,61.10847495682139,562,0.2706871679615602,earnwt_t,"age_t, I(age_t**2), np.log(earnwke_t), C(sex_t), C(race_t), C(ethnic_t), C(grade92_t), C(docc00_t), C(ind02_t), C(unionmme_t), C(unioncov_t)",analytic_sample_1314_retention.csv
2013-2014,1314,stayed_state_local,C(docc00_t)[T.12.0],occupation,0.06561731391666777,6.561731391666776,0.11888503439391947,11.888503439391947,0.5809899919078553,-0.16739307179621998,0.29862769962955554,-16.739307179622,29.862769962955554,562,0.2706871679615602,earnwt_t,"age_t, I(age_t**2), np.log(earnwke_t), C(sex_t), C(race_t), C(ethnic_t), C(grade92_t), C(docc00_t), C(ind02_t), C(unionmme_t), C(unioncov_t)",analytic_sample_1314_retention.csv
2013-2014,1314,stayed_state_local,C(docc00_t)[T.13.0],occupation,0.11192523148126511,11.192523148126512,0.16172505265313233,16.172505265313234,0.4888926936583742,-0.2050500471167182,0.4289005100792484,-20.50500471167182,42.89005100792484,562,0.2706871679615602,earnwt_t,"age_t, I(age_t**2), np.log(earnwke_t), C(sex_t), C(race_t), C(ethnic_t), C(grade92_t), C(docc00_t), C(ind02_t), C(unionmme_t), C(unioncov_t)",analytic_sample_1314_retention.csv
2013-2014,1314,stayed_state_local,C(docc00_t)[T.14.0],occupation,0.12189838750658924,12.189838750658923,0.13801110042030174,13.801110042030174,0.3771008870119835,-0.1485983987839429,0.3923951737971214,-14.85983987839429,39.23951737971214,562,0.2706871679615602,earnwt_t,"age_t, I(age_t**2), np.log(earnwke_t), C(sex_t), C(race_t), C(ethnic_t), C(grade92_t), C(docc00_t), C(ind02_t), C(unionmme_t), C(unioncov_t)",analytic_sample_1314_retention.csv
2013-2014,1314,stayed_state_local,C(docc00_t)[T.15.0],occupation,0.07213329213725889,7.213329213725888,0.17911111287961504,17.911111287961504,0.6871473808001256,-0.2789180383376748,0.4231846226121926,-27.891803833767483,42.31846226121926,562,0.2706871679615602,earnwt_t,"age_t, I(age_t**2), np.log(earnwke_t), C(sex_t), C(race_t), C(ethnic_t), C(grade92_t), C(docc00_t), C(ind02_t), C(unionmme_t), C(unioncov_t)",analytic_sample_1314_retention.csv
2013-2014,1314,stayed_state_local,C(docc00_t)[T.16.0],occupation,-0.42705216933268275,-42.705216933268275,0.041684329527555686,4.168432952755569,1.2474200631739332e-24,-0.5087519539263914,-0.34535238473897406,-50.87519539263914,-34.53523847389741,562,0.2706871679615602,earnwt_t,"age_t, I(age_t**2), np.log(earnwke_t), C(sex_t), C(race_t), C(ethnic_t), C(grade92_t), C(docc00_t), C(ind02_t), C(unionmme_t), C(unioncov_t)",analytic_sample_1314_retention.csv
2013-2014,1314,stayed_state_local,C(docc00_t)[T.17.0],occupation,0.19650271941713593,19.650271941713594,0.10548279034903382,10.548279034903382,0.06247789864721285,-0.01023975065575955,0.4032451894900314,-1.023975065575955,40.32451894900314,562,0.2706871679615602,earnwt_t,"age_t, I(age_t**2), np.log(earnwke_t), C(sex_t), C(race_t), C(ethnic_t), C(grade92_t), C(docc00_t), C(ind02_t), C(unionmme_t), C(unioncov_t)",analytic_sample_1314_retention.csv
2013-2014,1314,stayed_state_local,C(docc00_t)[T.19.0],occupation,0.05491825939714792,5.491825939714793,0.14613322655900046,14.613322655900046,0.7070585013356665,-0.23149760160312507,0.34133412039742095,-23.149760160312507,34.1334120397421,562,0.2706871679615602,earnwt_t,"age_t, I(age_t**2), np.log(earnwke_t), C(sex_t), C(race_t), C(ethnic_t), C(grade92_t), C(docc00_t), C(ind02_t), C(unionmme_t), C(unioncov_t)",analytic_sample_1314_retention.csv
2013-2014,1314,stayed_state_local,C(docc00_t)[T.2.0],occupation,0.25711969417475,25.711969417475,0.1295245691381591,12.95245691381591,0.047132941472579314,0.003256203550889958,0.51098318479861,0.3256203550889958,51.09831847986101,562,0.2706871679615602,earnwt_t,"age_t, I(age_t**2), np.log(earnwke_t), C(sex_t), C(race_t), C(ethnic_t), C(grade92_t), C(docc00_t), C(ind02_t), C(unionmme_t), C(unioncov_t)",analytic_sample_1314_retention.csv
2013-2014,1314,stayed_state_local,C(docc00_t)[T.20.0],occupation,0.016318365821277547,1.6318365821277547,0.12080637478416395,12.080637478416396,0.8925496653893328,-0.22045777785853155,0.25309450950108664,-22.045777785853154,25.309450950108666,562,0.2706871679615602,earnwt_t,"age_t, I(age_t**2), np.log(earnwke_t), C(sex_t), C(race_t), C(ethnic_t), C(grade92_t), C(docc00_t), C(ind02_t), C(unionmme_t), C(unioncov_t)",analytic_sample_1314_retention.csv
2013-2014,1314,stayed_state_local,C(docc00_t)[T.21.0],occupation,0.28866461756957956,28.866461756957957,0.12708913759402127,12.708913759402126,0.02312546316326095,0.03957448505904246,0.5377547500801166,3.957448505904246,53.77547500801166,562,0.2706871679615602,earnwt_t,"age_t, I(age_t**2), np.log(earnwke_t), C(sex_t), C(race_t), C(ethnic_t), C(grade92_t), C(docc00_t), C(ind02_t), C(unionmme_t), C(unioncov_t)",analytic_sample_1314_retention.csv
2013-2014,1314,stayed_state_local,C(docc00_t)[T.22.0],occupation,0.05122777149472371,5.1227771494723715,0.16367442301876656,16.367442301876657,0.7542914446362992,-0.2695682028124323,0.3720237458018798,-26.956820281243232,37.20237458018798,562,0.2706871679615602,earnwt_t,"age_t, I(age_t**2), np.log(earnwke_t), C(sex_t), C(race_t), C(ethnic_t), C(grade92_t), C(docc00_t), C(ind02_t), C(unionmme_t), C(unioncov_t)",analytic_sample_1314_retention.csv
2013-2014,1314,stayed_state_local,C(docc00_t)[T.3.0],occupation,0.009160594122038256,0.9160594122038256,0.20257773282592256,20.257773282592257,0.9639318385844873,-0.38788446628654744,0.4062056545306239,-38.78844662865475,40.62056545306239,562,0.2706871679615602,earnwt_t,"age_t, I(age_t**2), np.log(earnwke_t), C(sex_t), C(race_t), C(ethnic_t), C(grade92_t), C(docc00_t), C(ind02_t), C(unionmme_t), C(unioncov_t)",analytic_sample_1314_retention.csv
2013-2014,1314,stayed_state_local,C(docc00_t)[T.4.0],occupation,-0.5469421846777842,-54.69421846777842,0.057423613721491,5.7423613721491,1.655334242647145e-21,-0.6594903994340466,-0.4343939699215218,-65.94903994340467,-43.43939699215218,562,0.2706871679615602,earnwt_t,"age_t, I(age_t**2), np.log(earnwke_t), C(sex_t), C(race_t), C(ethnic_t), C(grade92_t), C(docc00_t), C(ind02_t), C(unionmme_t), C(unioncov_t)",analytic_sample_1314_retention.csv
2013-2014,1314,stayed_state_local,C(docc00_t)[T.5.0],occupation,0.12049235936535871,12.04923593653587,0.146652305997216,14.665230599721598,0.4112936232851718,-0.166940878638932,0.4079255973696494,-16.694087863893202,40.79255973696494,562,0.2706871679615602,earnwt_t,"age_t, I(age_t**2), np.log(earnwke_t), C(sex_t), C(race_t), C(ethnic_t), C(grade92_t), C(docc00_t), C(ind02_t), C(unionmme_t), C(unioncov_t)",analytic_sample_1314_retention.csv
2013-2014,1314,stayed_state_local,C(docc00_t)[T.6.0],occupation,0.16736515951106598,16.736515951106597,0.13658719301782107,13.658719301782106,0.2204487744717143,-0.10034081955328408,0.435071138575416,-10.034081955328409,43.507113857541604,562,0.2706871679615602,earnwt_t,"age_t, I(age_t**2), np.log(earnwke_t), C(sex_t), C(race_t), C(ethnic_t), C(grade92_t), C(docc00_t), C(ind02_t), C(unionmme_t), C(unioncov_t)",analytic_sample_1314_retention.csv
2013-2014,1314,stayed_state_local,C(docc00_t)[T.7.0],occupation,-0.026139819131476734,-2.6139819131476734,0.2548023523223856,25.480235232238556,0.9182894830999698,-0.5255432528594383,0.4732636145964848,-52.554325285943825,47.32636145964848,562,0.2706871679615602,earnwt_t,"age_t, I(age_t**2), np.log(earnwke_t), C(sex_t), C(race_t), C(ethnic_t), C(grade92_t), C(docc00_t), C(ind02_t), C(unionmme_t), C(unioncov_t)",analytic_sample_1314_retention.csv
2013-2014,1314,stayed_state_local,C(docc00_t)[T.8.0],occupation,0.08486038069555406,8.486038069555406,0.1069180563878616,10.69180563878616,0.4273727180344751,-0.12469515912167735,0.2944159205127855,-12.469515912167735,29.441592051278548,562,0.2706871679615602,earnwt_t,"age_t, I(age_t**2), np.log(earnwke_t), C(sex_t), C(race_t), C(ethnic_t), C(grade92_t), C(docc00_t), C(ind02_t), C(unionmme_t), C(unioncov_t)",analytic_sample_1314_retention.csv
2013-2014,1314,stayed_state_local,C(docc00_t)[T.9.0],occupation,-0.10740707889201656,-10.740707889201657,0.18125084865837227,18.125084865837227,0.5534569082525025,-0.4626522144297462,0.24783805664571307,-46.26522144297462,24.783805664571307,562,0.2706871679615602,earnwt_t,"age_t, I(age_t**2), np.log(earnwke_t), C(sex_t), C(race_t), C(ethnic_t), C(grade92_t), C(docc00_t), C(ind02_t), C(unionmme_t), C(unioncov_t)",analytic_sample_1314_retention.csv
2013-2014,1314,stayed_state_local,C(ind02_t)[T.5370.0],industry,-0.4270521693326833,-42.70521693326833,0.04168432952755577,4.168432952755577,1.2474200631740136e-24,-0.5087519539263922,-0.34535238473897445,-50.87519539263921,-34.535238473897444,562,0.2706871679615602,earnwt_t,"age_t, I(age_t**2), np.log(earnwke_t), C(sex_t), C(race_t), C(ethnic_t), C(grade92_t), C(docc00_t), C(ind02_t), C(unionmme_t), C(unioncov_t)",analytic_sample_1314_retention.csv
2013-2014,1314,stayed_state_local,C(ind02_t)[T.570.0],industry,-0.16009873327571122,-16.00987332757112,0.14522739008232308,14.522739008232307,0.27028763664947475,-0.44473918740581386,0.12454172085439141,-44.47391874058139,12.454172085439142,562,0.2706871679615602,earnwt_t,"age_t, I(age_t**2), np.log(earnwke_t), C(sex_t), C(race_t), C(ethnic_t), C(grade92_t), C(docc00_t), C(ind02_t), C(unionmme_t), C(unioncov_t)",analytic_sample_1314_retention.csv
2013-2014,1314,stayed_state_local,C(ind02_t)[T.6070.0],industry,-0.2267152038365443,-22.671520383654432,0.18007858458193948,18.007858458193947,0.2080378218355341,-0.5796627440040956,0.12623233633100694,-57.96627440040956,12.623233633100694,562,0.2706871679615602,earnwt_t,"age_t, I(age_t**2), np.log(earnwke_t), C(sex_t), C(race_t), C(ethnic_t), C(grade92_t), C(docc00_t), C(ind02_t), C(unionmme_t), C(unioncov_t)",analytic_sample_1314_retention.csv
2013-2014,1314,stayed_state_local,C(ind02_t)[T.6180.0],industry,-0.7080234537162188,-70.80234537162188,0.2972581351941132,29.72581351941132,0.0172260440079324,-1.290638692808219,-0.12540821462421858,-129.0638692808219,-12.540821462421858,562,0.2706871679615602,earnwt_t,"age_t, I(age_t**2), np.log(earnwke_t), C(sex_t), C(race_t), C(ethnic_t), C(grade92_t), C(docc00_t), C(ind02_t), C(unionmme_t), C(unioncov_t)",analytic_sample_1314_retention.csv
2013-2014,1314,stayed_state_local,C(ind02_t)[T.6290.0],industry,-0.02896265895286032,-2.896265895286032,0.19170003207634267,19.170003207634267,0.8799100656251402,-0.4046878176576651,0.34676249975194445,-40.46878176576651,34.676249975194445,562,0.2706871679615602,earnwt_t,"age_t, I(age_t**2), np.log(earnwke_t), C(sex_t), C(race_t), C(ethnic_t), C(grade92_t), C(docc00_t), C(ind02_t), C(unionmme_t), C(unioncov_t)",analytic_sample_1314_retention.csv
2013-2014,1314,stayed_state_local,C(ind02_t)[T.670.0],industry,-0.2767678347639311,-27.67678347639311,0.13696837205475693,13.696837205475692,0.04331397183872753,-0.545220911012337,-0.0083147585155251,-54.522091101233706,-0.83147585155251,562,0.2706871679615602,earnwt_t,"age_t, I(age_t**2), np.log(earnwke_t), C(sex_t), C(race_t), C(ethnic_t), C(grade92_t), C(docc00_t), C(ind02_t), C(unionmme_t), C(unioncov_t)",analytic_sample_1314_retention.csv
2013-2014,1314,stayed_state_local,C(ind02_t)[T.6770.0],industry,-0.4032528628134642,-40.325286281346415,0.2561790940262428,25.617909402624278,0.11546311366257114,-0.9053546606970001,0.09884893507007175,-90.5354660697,9.884893507007176,562,0.2706871679615602,earnwt_t,"age_t, I(age_t**2), np.log(earnwke_t), C(sex_t), C(race_t), C(ethnic_t), C(grade92_t), C(docc00_t), C(ind02_t), C(unionmme_t), C(unioncov_t)",analytic_sample_1314_retention.csv
2013-2014,1314,stayed_state_local,C(ind02_t)[T.680.0],industry,-0.08038344768766481,-8.038344768766482,0.1352070418602301,13.52070418602301,0.5521635923289321,-0.3453843801899153,0.18461748481458568,-34.53843801899153,18.461748481458567,562,0.2706871679615602,earnwt_t,"age_t, I(age_t**2), np.log(earnwke_t), C(sex_t), C(race_t), C(ethnic_t), C(grade92_t), C(docc00_t), C(ind02_t), C(unionmme_t), C(unioncov_t)",analytic_sample_1314_retention.csv
2013-2014,1314,stayed_state_local,C(ind02_t)[T.690.0],industry,-0.0018551541555302808,-0.18551541555302808,0.08243609034649342,8.243609034649342,0.9820458014927638,-0.1634269222609474,0.15971661394988684,-16.34269222609474,15.971661394988685,562,0.2706871679615602,earnwt_t,"age_t, I(age_t**2), np.log(earnwke_t), C(sex_t), C(race_t), C(ethnic_t), C(grade92_t), C(docc00_t), C(ind02_t), C(unionmme_t), C(unioncov_t)",analytic_sample_1314_retention.csv
2013-2014,1314,stayed_state_local,C(ind02_t)[T.7070.0],industry,0.11019231142324393,11.019231142324394,0.2317252667198474,23.172526671984738,0.6344092698585514,-0.34398086565559494,0.5643654885020828,-34.398086565559495,56.43654885020828,562,0.2706871679615602,earnwt_t,"age_t, I(age_t**2), np.log(earnwke_t), C(sex_t), C(race_t), C(ethnic_t), C(grade92_t), C(docc00_t), C(ind02_t), C(unionmme_t), C(unioncov_t)",analytic_sample_1314_retention.csv
2013-2014,1314,stayed_state_local,C(ind02_t)[T.7290.0],industry,-0.3119881895147627,-31.19881895147627,0.15400073904103706,15.400073904103706,0.042776302961718006,-0.6138240916277468,-0.010152287401778648,-61.38240916277468,-1.0152287401778648,562,0.2706871679615602,earnwt_t,"age_t, I(age_t**2), np.log(earnwke_t), C(sex_t), C(race_t), C(ethnic_t), C(grade92_t), C(docc00_t), C(ind02_t), C(unionmme_t), C(unioncov_t)",analytic_sample_1314_retention.csv
2013-2014,1314,stayed_state_local,C(ind02_t)[T.7380.0],industry,-0.9190820673926698,-91.90820673926699,0.11729661136421336,11.729661136421337,4.668390599106338e-15,-1.1489792011751196,-0.68918493361022,-114.89792011751196,-68.918493361022,562,0.2706871679615602,earnwt_t,"age_t, I(age_t**2), np.log(earnwke_t), C(sex_t), C(race_t), C(ethnic_t), C(grade92_t), C(docc00_t), C(ind02_t), C(unionmme_t), C(unioncov_t)",analytic_sample_1314_retention.csv
2013-2014,1314,stayed_state_local,C(ind02_t)[T.7470.0],industry,-0.2503619436723338,-25.036194367233378,0.1478402074477245,14.78402074477245,0.09036734302257965,-0.540123425736804,0.0393995383921365,-54.01234257368041,3.93995383921365,562,0.2706871679615602,earnwt_t,"age_t, I(age_t**2), np.log(earnwke_t), C(sex_t), C(race_t), C(ethnic_t), C(grade92_t), C(docc00_t), C(ind02_t), C(unionmme_t), C(unioncov_t)",analytic_sample_1314_retention.csv
2013-2014,1314,stayed_state_local,C(ind02_t)[T.7580.0],industry,-0.050302420840284245,-5.0302420840284245,0.15073602801947403,15.073602801947402,0.7385968962236065,-0.3457396069310738,0.24513476525050532,-34.57396069310738,24.51347652505053,562,0.2706871679615602,earnwt_t,"age_t, I(age_t**2), np.log(earnwke_t), C(sex_t), C(race_t), C(ethnic_t), C(grade92_t), C(docc00_t), C(ind02_t), C(unionmme_t), C(unioncov_t)",analytic_sample_1314_retention.csv
2013-2014,1314,stayed_state_local,C(ind02_t)[T.7670.0],industry,-0.5469421846777826,-54.694218467778256,0.05742361372149073,5.742361372149072,1.6553342426468953e-21,-0.6594903994340444,-0.4343939699215207,-65.94903994340444,-43.43939699215207,562,0.2706871679615602,earnwt_t,"age_t, I(age_t**2), np.log(earnwke_t), C(sex_t), C(race_t), C(ethnic_t), C(grade92_t), C(docc00_t), C(ind02_t), C(unionmme_t), C(unioncov_t)",analytic_sample_1314_retention.csv
2013-2014,1314,stayed_state_local,C(ind02_t)[T.770.0],industry,-0.18277624935651243,-18.277624935651243,0.1530652530878652,15.30652530878652,0.2324362196694425,-0.4827786326932365,0.11722613398021164,-48.27786326932365,11.722613398021164,562,0.2706871679615602,earnwt_t,"age_t, I(age_t**2), np.log(earnwke_t), C(sex_t), C(race_t), C(ethnic_t), C(grade92_t), C(docc00_t), C(ind02_t), C(unionmme_t), C(unioncov_t)",analytic_sample_1314_retention.csv
2013-2014,1314,stayed_state_local,C(ind02_t)[T.7770.0],industry,-1.090857446086731,-109.08574460867311,0.16205418178164516,16.205418178164514,1.6799606387995417e-11,-1.4084778059228626,-0.7732370862505996,-140.84778059228626,-77.32370862505996,562,0.2706871679615602,earnwt_t,"age_t, I(age_t**2), np.log(earnwke_t), C(sex_t), C(race_t), C(ethnic_t), C(grade92_t), C(docc00_t), C(ind02_t), C(unionmme_t), C(unioncov_t)",analytic_sample_1314_retention.csv
2013-2014,1314,stayed_state_local,C(ind02_t)[T.7780.0],industry,-1.047407461423795,-104.74074614237949,0.11956672590112227,11.956672590112227,1.9520775182341512e-18,-1.281753937939367,-0.8130609849082229,-128.1753937939367,-81.3060984908223,562,0.2706871679615602,earnwt_t,"age_t, I(age_t**2), np.log(earnwke_t), C(sex_t), C(race_t), C(ethnic_t), C(grade92_t), C(docc00_t), C(ind02_t), C(unionmme_t), C(unioncov_t)",analytic_sample_1314_retention.csv
2013-2014,1314,stayed_state_local,C(ind02_t)[T.7790.0],industry,-0.8580647772338656,-85.80647772338656,0.18257827893261042,18.25782789326104,2.605324924859097e-06,-1.2159116283010902,-0.5002179261666411,-121.59116283010903,-50.02179261666411,562,0.2706871679615602,earnwt_t,"age_t, I(age_t**2), np.log(earnwke_t), C(sex_t), C(race_t), C(ethnic_t), C(grade92_t), C(docc00_t), C(ind02_t), C(unionmme_t), C(unioncov_t)",analytic_sample_1314_retention.csv
2013-2014,1314,stayed_state_local,C(ind02_t)[T.7860.0],industry,-0.33603881135026825,-33.603881135026825,0.11000479200492375,11.000479200492375,0.0022523677579097618,-0.5516442418067384,-0.12043338089379801,-55.16442418067384,-12.043338089379802,562,0.2706871679615602,earnwt_t,"age_t, I(age_t**2), np.log(earnwke_t), C(sex_t), C(race_t), C(ethnic_t), C(grade92_t), C(docc00_t), C(ind02_t), C(unionmme_t), C(unioncov_t)",analytic_sample_1314_retention.csv
2013-2014,1314,stayed_state_local,C(ind02_t)[T.7870.0],industry,-0.45039323577002616,-45.03932357700261,0.12879485839553825,12.879485839553825,0.00047055448156176045,-0.7028265196192174,-0.197959951920835,-70.28265196192174,-19.7959951920835,562,0.2706871679615602,earnwt_t,"age_t, I(age_t**2), np.log(earnwke_t), C(sex_t), C(race_t), C(ethnic_t), C(grade92_t), C(docc00_t), C(ind02_t), C(unionmme_t), C(unioncov_t)",analytic_sample_1314_retention.csv
2013-2014,1314,stayed_state_local,C(ind02_t)[T.7880.0],industry,-1.0991655444510495,-109.91655444510495,0.1192669695356773,11.92669695356773,3.0836238072311707e-20,-1.3329245092862128,-0.8654065796158862,-133.29245092862126,-86.54065796158862,562,0.2706871679615602,earnwt_t,"age_t, I(age_t**2), np.log(earnwke_t), C(sex_t), C(race_t), C(ethnic_t), C(grade92_t), C(docc00_t), C(ind02_t), C(unionmme_t), C(unioncov_t)",analytic_sample_1314_retention.csv
2013-2014,1314,stayed_state_local,C(ind02_t)[T.7890.0],industry,-0.20333693701802,-20.333693701801998,0.13473052599214738,13.473052599214737,0.1312445947934145,-0.46740391558076655,0.060730041544726526,-46.74039155807665,6.0730041544726525,562,0.2706871679615602,earnwt_t,"age_t, I(age_t**2), np.log(earnwke_t), C(sex_t), C(race_t), C(ethnic_t), C(grade92_t), C(docc00_t), C(ind02_t), C(unionmme_t), C(unioncov_t)",analytic_sample_1314_retention.csv
2013-2014,1314,stayed_state_local,C(ind02_t)[T.8080.0],industry,-0.0948881281412422,-9.48881281412422,0.18963769642035178,18.963769642035178,0.6168178624157327,-0.466571183236272,0.2767949269537876,-46.6571183236272,27.67949269537876,562,0.2706871679615602,earnwt_t,"age_t, I(age_t**2), np.log(earnwke_t), C(sex_t), C(race_t), C(ethnic_t), C(grade92_t), C(docc00_t), C(ind02_t), C(unionmme_t), C(unioncov_t)",analytic_sample_1314_retention.csv
2013-2014,1314,stayed_state_local,C(ind02_t)[T.8090.0],industry,-1.0249422024198647,-102.49422024198647,0.17190719393280865,17.190719393280865,2.4888970572495716e-09,-1.3618741112115123,-0.6880102936282172,-136.18741112115123,-68.80102936282172,562,0.2706871679615602,earnwt_t,"age_t, I(age_t**2), np.log(earnwke_t), C(sex_t), C(race_t), C(ethnic_t), C(grade92_t), C(docc00_t), C(ind02_t), C(unionmme_t), C(unioncov_t)",analytic_sample_1314_retention.csv
2013-2014,1314,stayed_state_local,C(ind02_t)[T.8170.0],industry,-0.4354008226811877,-43.540082268118766,0.16888224550292597,16.8882245502926,0.00993358711636598,-0.7664039414951741,-0.10439770386720126,-76.6403941495174,-10.439770386720127,562,0.2706871679615602,earnwt_t,"age_t, I(age_t**2), np.log(earnwke_t), C(sex_t), C(race_t), C(ethnic_t), C(grade92_t), C(docc00_t), C(ind02_t), C(unionmme_t), C(unioncov_t)",analytic_sample_1314_retention.csv
2013-2014,1314,stayed_state_local,C(ind02_t)[T.8180.0],industry,-0.8168010942207359,-81.68010942207358,0.32973314025049744,32.973314025049746,0.013243325232081438,-1.4630661736210053,-0.17053601482046643,-146.30661736210052,-17.053601482046645,562,0.2706871679615602,earnwt_t,"age_t, I(age_t**2), np.log(earnwke_t), C(sex_t), C(race_t), C(ethnic_t), C(grade92_t), C(docc00_t), C(ind02_t), C(unionmme_t), C(unioncov_t)",analytic_sample_1314_retention.csv
2013-2014,1314,stayed_state_local,C(ind02_t)[T.8190.0],industry,-0.11530189145797687,-11.530189145797687,0.2222884031151533,22.22884031151533,0.6039671480032567,-0.5509791557445984,0.32037537282864476,-55.09791557445985,32.03753728286448,562,0.2706871679615602,earnwt_t,"age_t, I(age_t**2), np.log(earnwke_t), C(sex_t), C(race_t), C(ethnic_t), C(grade92_t), C(docc00_t), C(ind02_t), C(unionmme_t), C(unioncov_t)",analytic_sample_1314_retention.csv
2013-2014,1314,stayed_state_local,C(ind02_t)[T.8270.0],industry,-0.28469057427507666,-28.469057427507664,0.16978264786168265,16.978264786168264,0.09358271493643087,-0.6174584492838211,0.04807730073366778,-61.74584492838211,4.807730073366779,562,0.2706871679615602,earnwt_t,"age_t, I(age_t**2), np.log(earnwke_t), C(sex_t), C(race_t), C(ethnic_t), C(grade92_t), C(docc00_t), C(ind02_t), C(unionmme_t), C(unioncov_t)",analytic_sample_1314_retention.csv
2013-2014,1314,stayed_state_local,C(ind02_t)[T.8290.0],industry,-0.45346324923485004,-45.34632492348501,0.3589341320080429,35.89341320080429,0.2064596080458838,-1.1569612207927595,0.25003472232305946,-115.69612207927595,25.003472232305946,562,0.2706871679615602,earnwt_t,"age_t, I(age_t**2), np.log(earnwke_t), C(sex_t), C(race_t), C(ethnic_t), C(grade92_t), C(docc00_t), C(ind02_t), C(unionmme_t), C(unioncov_t)",analytic_sample_1314_retention.csv
2013-2014,1314,stayed_state_local,C(ind02_t)[T.8370.0],industry,-0.4540252497803685,-45.40252497803685,0.21213731268337077,21.213731268337078,0.032335190408416675,-0.8698067424168872,-0.03824375714384981,-86.98067424168872,-3.8243757143849813,562,0.2706871679615602,earnwt_t,"age_t, I(age_t**2), np.log(earnwke_t), C(sex_t), C(race_t), C(ethnic_t), C(grade92_t), C(docc00_t), C(ind02_t), C(unionmme_t), C(unioncov_t)",analytic_sample_1314_retention.csv
2013-2014,1314,stayed_state_local,C(ind02_t)[T.8390.0],industry,-0.0022551227240799054,-0.22551227240799054,0.18604051448096495,18.604051448096495,0.9903285392097939,-0.3668878307720736,0.3623775853239138,-36.68878307720736,36.23775853239138,562,0.2706871679615602,earnwt_t,"age_t, I(age_t**2), np.log(earnwke_t), C(sex_t), C(race_t), C(ethnic_t), C(grade92_t), C(docc00_t), C(ind02_t), C(unionmme_t), C(unioncov_t)",analytic_sample_1314_retention.csv
2013-2014,1314,stayed_state_local,C(ind02_t)[T.8470.0],industry,-1.0976224489578266,-109.76224489578266,0.11365465766034331,11.365465766034331,4.567753578589473e-22,-1.3203814846473287,-0.8748634132683243,-132.03814846473287,-87.48634132683243,562,0.2706871679615602,earnwt_t,"age_t, I(age_t**2), np.log(earnwke_t), C(sex_t), C(race_t), C(ethnic_t), C(grade92_t), C(docc00_t), C(ind02_t), C(unionmme_t), C(unioncov_t)",analytic_sample_1314_retention.csv
2013-2014,1314,stayed_state_local,C(ind02_t)[T.8560.0],industry,-0.17688288105430255,-17.688288105430257,0.15742079905203799,15.742079905203799,0.26116962304424496,-0.48542197761381406,0.13165621550520895,-48.54219776138141,13.165621550520894,562,0.2706871679615602,earnwt_t,"age_t, I(age_t**2), np.log(earnwke_t), C(sex_t), C(race_t), C(ethnic_t), C(grade92_t), C(docc00_t), C(ind02_t), C(unionmme_t), C(unioncov_t)",analytic_sample_1314_retention.csv
2013-2014,1314,stayed_state_local,C(ind02_t)[T.8570.0],industry,-0.3112454436282261,-31.124544362822608,0.1884731108308138,18.84731108308138,0.09865589802193156,-0.6806459529108471,0.05815506565439493,-68.0645952910847,5.8155065654394935,562,0.2706871679615602,earnwt_t,"age_t, I(age_t**2), np.log(earnwke_t), C(sex_t), C(race_t), C(ethnic_t), C(grade92_t), C(docc00_t), C(ind02_t), C(unionmme_t), C(unioncov_t)",analytic_sample_1314_retention.csv
2013-2014,1314,stayed_state_local,C(ind02_t)[T.8590.0],industry,-0.10086862643668298,-10.086862643668299,0.19968425996633887,19.968425996633886,0.6134600887353485,-0.49224258425024053,0.29050533137687456,-49.224258425024054,29.050533137687456,562,0.2706871679615602,earnwt_t,"age_t, I(age_t**2), np.log(earnwke_t), C(sex_t), C(race_t), C(ethnic_t), C(grade92_t), C(docc00_t), C(ind02_t), C(unionmme_t), C(unioncov_t)",analytic_sample_1314_retention.csv
2013-2014,1314,stayed_state_local,C(ind02_t)[T.8660.0],industry,-1.0290648038715626,-102.90648038715626,0.17309336165810368,17.309336165810368,2.7621545442912207e-09,-1.3683215586844122,-0.6898080490587131,-136.83215586844122,-68.98080490587131,562,0.2706871679615602,earnwt_t,"age_t, I(age_t**2), np.log(earnwke_t), C(sex_t), C(race_t), C(ethnic_t), C(grade92_t), C(docc00_t), C(ind02_t), C(unionmme_t), C(unioncov_t)",analytic_sample_1314_retention.csv
2013-2014,1314,stayed_state_local,C(ind02_t)[T.8680.0],industry,-0.5526420973886758,-55.26420973886758,0.21612522617147076,21.612522617147075,0.010556532371288951,-0.9762397568353319,-0.12904443794201959,-97.62397568353319,-12.904443794201958,562,0.2706871679615602,earnwt_t,"age_t, I(age_t**2), np.log(earnwke_t), C(sex_t), C(race_t), C(ethnic_t), C(grade92_t), C(docc00_t), C(ind02_t), C(unionmme_t), C(unioncov_t)",analytic_sample_1314_retention.csv
2013-2014,1314,stayed_state_local,C(ind02_t)[T.9090.0],industry,-0.44061702691573645,-44.06170269157364,0.4427682355323113,44.27682355323113,0.3196674701210439,-1.3084268220574145,0.42719276822594154,-130.84268220574145,42.71927682259415,562,0.2706871679615602,earnwt_t,"age_t, I(age_t**2), np.log(earnwke_t), C(sex_t), C(race_t), C(ethnic_t), C(grade92_t), C(docc00_t), C(ind02_t), C(unionmme_t), C(unioncov_t)",analytic_sample_1314_retention.csv
2013-2014,1314,stayed_state_local,C(ind02_t)[T.9370.0],industry,-0.26506761508525495,-26.506761508525496,0.12182027522755041,12.18202752275504,0.029563427531668157,-0.5038309671180107,-0.026304263052499194,-50.383096711801066,-2.6304263052499195,562,0.2706871679615602,earnwt_t,"age_t, I(age_t**2), np.log(earnwke_t), C(sex_t), C(race_t), C(ethnic_t), C(grade92_t), C(docc00_t), C(ind02_t), C(unionmme_t), C(unioncov_t)",analytic_sample_1314_retention.csv
2013-2014,1314,stayed_state_local,C(ind02_t)[T.9380.0],industry,-0.3312575033557802,-33.12575033557802,0.1907143207122918,19.07143207122918,0.08239945488493612,-0.7050507032878934,0.04253569657633299,-70.50507032878934,4.2535696576332995,562,0.2706871679615602,earnwt_t,"age_t, I(age_t**2), np.log(earnwke_t), C(sex_t), C(race_t), C(ethnic_t), C(grade92_t), C(docc00_t), C(ind02_t), C(unionmme_t), C(unioncov_t)",analytic_sample_1314_retention.csv
2013-2014,1314,stayed_state_local,C(ind02_t)[T.9390.0],industry,-0.14060538325946265,-14.060538325946265,0.13128396501325248,13.128396501325248,0.2841685503624761,-0.39791722643305405,0.11670645991412876,-39.791722643305405,11.670645991412876,562,0.2706871679615602,earnwt_t,"age_t, I(age_t**2), np.log(earnwke_t), C(sex_t), C(race_t), C(ethnic_t), C(grade92_t), C(docc00_t), C(ind02_t), C(unionmme_t), C(unioncov_t)",analytic_sample_1314_retention.csv
2013-2014,1314,stayed_state_local,C(ind02_t)[T.9470.0],industry,-0.22495330151103632,-22.49533015110363,0.13681355937003029,13.681355937003028,0.10012818497571391,-0.4931029504730281,0.04319634745095546,-49.31029504730281,4.319634745095547,562,0.2706871679615602,earnwt_t,"age_t, I(age_t**2), np.log(earnwke_t), C(sex_t), C(race_t), C(ethnic_t), C(grade92_t), C(docc00_t), C(ind02_t), C(unionmme_t), C(unioncov_t)",analytic_sample_1314_retention.csv
2013-2014,1314,stayed_state_local,C(ind02_t)[T.9480.0],industry,-0.42198262853828683,-42.19826285382868,0.13718090784691905,13.718090784691906,0.0020972524796838434,-0.6908522672847562,-0.15311298979181742,-69.08522672847562,-15.311298979181743,562,0.2706871679615602,earnwt_t,"age_t, I(age_t**2), np.log(earnwke_t), C(sex_t), C(race_t), C(ethnic_t), C(grade92_t), C(docc00_t), C(ind02_t), C(unionmme_t), C(unioncov_t)",analytic_sample_1314_retention.csv
2013-2014,1314,stayed_state_local,C(ind02_t)[T.9490.0],industry,-0.1336037066732333,-13.360370667323329,0.12468106817540563,12.468106817540562,0.28391604527598024,-0.37797410985101143,0.11076669650454485,-37.797410985101145,11.076669650454484,562,0.2706871679615602,earnwt_t,"age_t, I(age_t**2), np.log(earnwke_t), C(sex_t), C(race_t), C(ethnic_t), C(grade92_t), C(docc00_t), C(ind02_t), C(unionmme_t), C(unioncov_t)",analytic_sample_1314_retention.csv
2013-2014,1314,stayed_state_local,C(ind02_t)[T.9570.0],industry,-0.23143271830140588,-23.143271830140588,0.1426960786425335,14.26960786425335,0.10483384389979705,-0.5111118931758667,0.048246456573054985,-51.11118931758667,4.824645657305498,562,0.2706871679615602,earnwt_t,"age_t, I(age_t**2), np.log(earnwke_t), C(sex_t), C(race_t), C(ethnic_t), C(grade92_t), C(docc00_t), C(ind02_t), C(unionmme_t), C(unioncov_t)",analytic_sample_1314_retention.csv
2013-2014,1314,stayed_state_local,C(ind02_t)[T.9590.0],industry,-0.05767203415322847,-5.767203415322847,0.31066842054458327,31.066842054458327,0.8527282229035118,-0.6665709495545551,0.551226881248098,-66.6570949554555,55.122688124809805,562,0.2706871679615602,earnwt_t,"age_t, I(age_t**2), np.log(earnwke_t), C(sex_t), C(race_t), C(ethnic_t), C(grade92_t), C(docc00_t), C(ind02_t), C(unionmme_t), C(unioncov_t)",analytic_sample_1314_retention.csv
2013-2014,1314,stayed_state_local,C(unionmme_t)[T.2.0],union,0.24544652242460127,24.544652242460128,0.12363764004286679,12.36376400428668,0.04712125338637249,0.0031212008070551356,0.4877718440421474,0.31212008070551356,48.77718440421474,562,0.2706871679615602,earnwt_t,"age_t, I(age_t**2), np.log(earnwke_t), C(sex_t), C(race_t), C(ethnic_t), C(grade92_t), C(docc00_t), C(ind02_t), C(unionmme_t), C(unioncov_t)",analytic_sample_1314_retention.csv
2013-2014,1314,stayed_state_local,C(unioncov_t)[T.2.0],union,-0.2752289225989122,-27.52289225989122,0.05432136476921215,5.432136476921215,4.048159031444631e-07,-0.3816968411376309,-0.16876100406019343,-38.16968411376309,-16.876100406019344,562,0.2706871679615602,earnwt_t,"age_t, I(age_t**2), np.log(earnwke_t), C(sex_t), C(race_t), C(ethnic_t), C(grade92_t), C(docc00_t), C(ind02_t), C(unionmme_t), C(unioncov_t)",analytic_sample_1314_retention.csv
2013-2014,1314,stayed_state_local,C(unioncov_t)[T.MISSING],union,0.05945743527371343,5.945743527371343,0.12059958409908923,12.059958409908923,0.6220018051538787,-0.17691340611101086,0.2958282766584377,-17.691340611101086,29.58282766584377,562,0.2706871679615602,earnwt_t,"age_t, I(age_t**2), np.log(earnwke_t), C(sex_t), C(race_t), C(ethnic_t), C(grade92_t), C(docc00_t), C(ind02_t), C(unionmme_t), C(unioncov_t)",analytic_sample_1314_retention.csv
2013-2014,1314,stayed_state_local,illinois,treatment,0.04886303219760038,4.8863032197600385,0.038873735439004964,3.8873735439004964,0.2087653097725085,-0.02732808920738769,0.12505415360258845,-2.732808920738769,12.505415360258846,562,0.2706871679615602,earnwt_t,"age_t, I(age_t**2), np.log(earnwke_t), C(sex_t), C(race_t), C(ethnic_t), C(grade92_t), C(docc00_t), C(ind02_t), C(unionmme_t), C(unioncov_t)",analytic_sample_1314_retention.csv
2013-2014,1314,stayed_state_local,age_t,age,0.026033593948032663,2.6033593948032663,0.012055044876307295,1.2055044876307295,0.030806739853539183,0.002406140158456256,0.04966104773760907,0.2406140158456256,4.966104773760907,562,0.2706871679615602,earnwt_t,"age_t, I(age_t**2), np.log(earnwke_t), C(sex_t), C(race_t), C(ethnic_t), C(grade92_t), C(docc00_t), C(ind02_t), C(unionmme_t), C(unioncov_t)",analytic_sample_1314_retention.csv
2013-2014,1314,stayed_state_local,I(age_t ** 2),age,-0.00029259266734705115,-0.029259266734705115,0.0001307720037798644,0.01307720037798644,0.025258517787670697,-0.0005489010849417212,-3.628424975238114e-05,-0.05489010849417211,-0.0036284249752381137,562,0.2706871679615602,earnwt_t,"age_t, I(age_t**2), np.log(earnwke_t), C(sex_t), C(race_t), C(ethnic_t), C(grade92_t), C(docc00_t), C(ind02_t), C(unionmme_t), C(unioncov_t)",analytic_sample_1314_retention.csv
2013-2014,1314,stayed_state_local,np.log(earnwke_t),earnings,0.06519347490061536,6.519347490061536,0.03379114395862362,3.379114395862362,0.05369281881614086,-0.0010359502546951616,0.13142290005592588,-0.10359502546951616,13.142290005592589,562,0.2706871679615602,earnwt_t,"age_t, I(age_t**2), np.log(earnwke_t), C(sex_t), C(race_t), C(ethnic_t), C(grade92_t), C(docc00_t), C(ind02_t), C(unionmme_t), C(unioncov_t)",analytic_sample_1314_retention.csv
2014-2015,1415,stayed_state_local,Intercept,intercept,0.6914637043152312,69.14637043152312,0.285879143700108,28.587914370010797,0.015574909241604176,0.13115087873186893,1.2517765298985934,13.115087873186893,125.17765298985934,496,0.27029537842605966,earnwt_t,"age_t, I(age_t**2), np.log(earnwke_t), C(sex_t), C(race_t), C(ethnic_t), C(grade92_t), C(docc00_t), C(ind02_t), C(unionmme_t), C(unioncov_t)",analytic_sample_1415_retention.csv
2014-2015,1415,stayed_state_local,C(sex_t)[T.2],sex,0.05054685229919613,5.054685229919613,0.04665700013229339,4.665700013229339,0.2786436738848874,-0.04089918758677945,0.1419928921851717,-4.089918758677944,14.199289218517169,496,0.27029537842605966,earnwt_t,"age_t, I(age_t**2), np.log(earnwke_t), C(sex_t), C(race_t), C(ethnic_t), C(grade92_t), C(docc00_t), C(ind02_t), C(unionmme_t), C(unioncov_t)",analytic_sample_1415_retention.csv
2014-2015,1415,stayed_state_local,C(race_t)[T.2],race,-0.055296928209673815,-5.529692820967382,0.06923894203750242,6.923894203750241,0.4244996932188694,-0.1910027609308349,0.08040890451148726,-19.10027609308349,8.040890451148726,496,0.27029537842605966,earnwt_t,"age_t, I(age_t**2), np.log(earnwke_t), C(sex_t), C(race_t), C(ethnic_t), C(grade92_t), C(docc00_t), C(ind02_t), C(unionmme_t), C(unioncov_t)",analytic_sample_1415_retention.csv
2014-2015,1415,stayed_state_local,C(race_t)[T.3],race,-0.7405922064813997,-74.05922064813997,0.14076815322313488,14.076815322313488,1.4321341260581193e-07,-1.01649271696896,-0.46469169599383936,-101.649271696896,-46.46916959938394,496,0.27029537842605966,earnwt_t,"age_t, I(age_t**2), np.log(earnwke_t), C(sex_t), C(race_t), C(ethnic_t), C(grade92_t), C(docc00_t), C(ind02_t), C(unionmme_t), C(unioncov_t)",analytic_sample_1415_retention.csv
2014-2015,1415,stayed_state_local,C(race_t)[T.4],race,-0.07187424128898197,-7.187424128898197,0.134821393944956,13.482139394495599,0.5939594499208115,-0.3361193177665822,0.1923708351886183,-33.611931776658224,19.23708351886183,496,0.27029537842605966,earnwt_t,"age_t, I(age_t**2), np.log(earnwke_t), C(sex_t), C(race_t), C(ethnic_t), C(grade92_t), C(docc00_t), C(ind02_t), C(unionmme_t), C(unioncov_t)",analytic_sample_1415_retention.csv
2014-2015,1415,stayed_state_local,C(ethnic_t)[T.2.0],ethnicity_hispanic,-0.1978049584259746,-19.78049584259746,0.2680518578841064,26.80518578841064,0.4605536981000631,-0.7231769458678721,0.32756702901592294,-72.31769458678721,32.75670290159229,496,0.27029537842605966,earnwt_t,"age_t, I(age_t**2), np.log(earnwke_t), C(sex_t), C(race_t), C(ethnic_t), C(grade92_t), C(docc00_t), C(ind02_t), C(unionmme_t), C(unioncov_t)",analytic_sample_1415_retention.csv
2014-2015,1415,stayed_state_local,C(ethnic_t)[T.8.0],ethnicity_hispanic,0.04986385133213522,4.986385133213522,0.32405495757052327,32.40549575705233,0.8777085525532251,-0.5852721945177457,0.6849998971820161,-58.52721945177457,68.49998971820162,496,0.27029537842605966,earnwt_t,"age_t, I(age_t**2), np.log(earnwke_t), C(sex_t), C(race_t), C(ethnic_t), C(grade92_t), C(docc00_t), C(ind02_t), C(unionmme_t), C(unioncov_t)",analytic_sample_1415_retention.csv
2014-2015,1415,stayed_state_local,C(ethnic_t)[T.MISSING],ethnicity_hispanic,-0.14951300267096723,-14.951300267096723,0.11568239276079889,11.56823927607989,0.1962034625993797,-0.37624632612755016,0.07722032078561566,-37.624632612755015,7.722032078561567,496,0.27029537842605966,earnwt_t,"age_t, I(age_t**2), np.log(earnwke_t), C(sex_t), C(race_t), C(ethnic_t), C(grade92_t), C(docc00_t), C(ind02_t), C(unionmme_t), C(unioncov_t)",analytic_sample_1415_retention.csv
2014-2015,1415,stayed_state_local,C(grade92_t)[T.34],education,0.14751564047072713,14.751564047072712,0.23823880898326383,23.823880898326383,0.5357896716895377,-0.31942384485618747,0.6144551257976417,-31.942384485618746,61.44551257976417,496,0.27029537842605966,earnwt_t,"age_t, I(age_t**2), np.log(earnwke_t), C(sex_t), C(race_t), C(ethnic_t), C(grade92_t), C(docc00_t), C(ind02_t), C(unionmme_t), C(unioncov_t)",analytic_sample_1415_retention.csv
2014-2015,1415,stayed_state_local,C(grade92_t)[T.36],education,-0.4145490553699705,-41.45490553699705,0.4345271343054097,43.45271343054097,0.340071796216483,-1.2662065889139724,0.4371084781740315,-126.62065889139724,43.71084781740315,496,0.27029537842605966,earnwt_t,"age_t, I(age_t**2), np.log(earnwke_t), C(sex_t), C(race_t), C(ethnic_t), C(grade92_t), C(docc00_t), C(ind02_t), C(unionmme_t), C(unioncov_t)",analytic_sample_1415_retention.csv
2014-2015,1415,stayed_state_local,C(grade92_t)[T.37],education,-0.2937906801738006,-29.37906801738006,0.36351987685615994,36.351987685615995,0.41898509133154016,-1.0062765464763097,0.4186951861287084,-100.62765464763098,41.869518612870834,496,0.27029537842605966,earnwt_t,"age_t, I(age_t**2), np.log(earnwke_t), C(sex_t), C(race_t), C(ethnic_t), C(grade92_t), C(docc00_t), C(ind02_t), C(unionmme_t), C(unioncov_t)",analytic_sample_1415_retention.csv
2014-2015,1415,stayed_state_local,C(grade92_t)[T.38],education,0.03381162440043439,3.3811624400434392,0.17670637346878715,17.670637346878713,0.8482564451928868,-0.31252650343707256,0.38014975223794134,-31.252650343707256,38.01497522379413,496,0.27029537842605966,earnwt_t,"age_t, I(age_t**2), np.log(earnwke_t), C(sex_t), C(race_t), C(ethnic_t), C(grade92_t), C(docc00_t), C(ind02_t), C(unionmme_t), C(unioncov_t)",analytic_sample_1415_retention.csv
2014-2015,1415,stayed_state_local,C(grade92_t)[T.39],education,-0.20854978977822575,-20.854978977822576,0.0936042621636028,9.360426216360281,0.02588087571178375,-0.3920107724183325,-0.02508880713811898,-39.20107724183325,-2.508880713811898,496,0.27029537842605966,earnwt_t,"age_t, I(age_t**2), np.log(earnwke_t), C(sex_t), C(race_t), C(ethnic_t), C(grade92_t), C(docc00_t), C(ind02_t), C(unionmme_t), C(unioncov_t)",analytic_sample_1415_retention.csv
2014-2015,1415,stayed_state_local,C(grade92_t)[T.40],education,-0.21626030121139395,-21.626030121139394,0.08948871376447073,8.948871376447073,0.0156653204414399,-0.3916549572125704,-0.040865645210217516,-39.16549572125704,-4.086564521021751,496,0.27029537842605966,earnwt_t,"age_t, I(age_t**2), np.log(earnwke_t), C(sex_t), C(race_t), C(ethnic_t), C(grade92_t), C(docc00_t), C(ind02_t), C(unionmme_t), C(unioncov_t)",analytic_sample_1415_retention.csv
2014-2015,1415,stayed_state_local,C(grade92_t)[T.41],education,-0.248958453029811,-24.8958453029811,0.1311516800202799,13.11516800202799,0.05766338154178884,-0.5060110223814811,0.008094116321859024,-50.60110223814811,0.8094116321859024,496,0.27029537842605966,earnwt_t,"age_t, I(age_t**2), np.log(earnwke_t), C(sex_t), C(race_t), C(ethnic_t), C(grade92_t), C(docc00_t), C(ind02_t), C(unionmme_t), C(unioncov_t)",analytic_sample_1415_retention.csv
2014-2015,1415,stayed_state_local,C(grade92_t)[T.42],education,-0.2668164550526213,-26.681645505262132,0.13250713791901134,13.250713791901134,0.04405148130959124,-0.5265256730683652,-0.0071072370368773785,-52.65256730683652,-0.7107237036877379,496,0.27029537842605966,earnwt_t,"age_t, I(age_t**2), np.log(earnwke_t), C(sex_t), C(race_t), C(ethnic_t), C(grade92_t), C(docc00_t), C(ind02_t), C(unionmme_t), C(unioncov_t)",analytic_sample_1415_retention.csv
2014-2015,1415,stayed_state_local,C(grade92_t)[T.43],education,-0.14792489332189462,-14.792489332189461,0.09581015792814063,9.581015792814062,0.12260348039470484,-0.335709352214145,0.03985956557035572,-33.5709352214145,3.985956557035572,496,0.27029537842605966,earnwt_t,"age_t, I(age_t**2), np.log(earnwke_t), C(sex_t), C(race_t), C(ethnic_t), C(grade92_t), C(docc00_t), C(ind02_t), C(unionmme_t), C(unioncov_t)",analytic_sample_1415_retention.csv
2014-2015,1415,stayed_state_local,C(grade92_t)[T.44],education,-0.01518541099982429,-1.518541099982429,0.1000168559801744,10.00168559801744,0.8793221889179174,-0.21121484656789563,0.18084402456824705,-21.121484656789562,18.084402456824705,496,0.27029537842605966,earnwt_t,"age_t, I(age_t**2), np.log(earnwke_t), C(sex_t), C(race_t), C(ethnic_t), C(grade92_t), C(docc00_t), C(ind02_t), C(unionmme_t), C(unioncov_t)",analytic_sample_1415_retention.csv
2014-2015,1415,stayed_state_local,C(grade92_t)[T.45],education,0.07804360592355208,7.804360592355208,0.1347316589003571,13.473165890035709,0.5624190329998964,-0.18602559309848327,0.34211280494558743,-18.602559309848328,34.21128049455874,496,0.27029537842605966,earnwt_t,"age_t, I(age_t**2), np.log(earnwke_t), C(sex_t), C(race_t), C(ethnic_t), C(grade92_t), C(docc00_t), C(ind02_t), C(unionmme_t), C(unioncov_t)",analytic_sample_1415_retention.csv
2014-2015,1415,stayed_state_local,C(grade92_t)[T.46],education,-0.21127438019351957,-21.127438019351956,0.18064599607832654,18.064599607832655,0.24218243082349145,-0.5653340264584035,0.14278526607136427,-56.53340264584035,14.278526607136428,496,0.27029537842605966,earnwt_t,"age_t, I(age_t**2), np.log(earnwke_t), C(sex_t), C(race_t), C(ethnic_t), C(grade92_t), C(docc00_t), C(ind02_t), C(unionmme_t), C(unioncov_t)",analytic_sample_1415_retention.csv
2014-2015,1415,stayed_state_local,C(docc00_t)[T.10.0],occupation,-0.14867642758002442,-14.867642758002441,0.15953768266897722,15.953768266897722,0.35137764291086293,-0.46136453978819975,0.1640116846281509,-46.13645397881997,16.40116846281509,496,0.27029537842605966,earnwt_t,"age_t, I(age_t**2), np.log(earnwke_t), C(sex_t), C(race_t), C(ethnic_t), C(grade92_t), C(docc00_t), C(ind02_t), C(unionmme_t), C(unioncov_t)",analytic_sample_1415_retention.csv
2014-2015,1415,stayed_state_local,C(docc00_t)[T.11.0],occupation,-0.1972065212018075,-19.720652120180752,0.19683259951555315,19.683259951555314,0.3163920404823838,-0.5829913272356878,0.18857828483207276,-58.29913272356878,18.857828483207275,496,0.27029537842605966,earnwt_t,"age_t, I(age_t**2), np.log(earnwke_t), C(sex_t), C(race_t), C(ethnic_t), C(grade92_t), C(docc00_t), C(ind02_t), C(unionmme_t), C(unioncov_t)",analytic_sample_1415_retention.csv
2014-2015,1415,stayed_state_local,C(docc00_t)[T.12.0],occupation,0.07451139996753733,7.451139996753733,0.08859744067838785,8.859744067838784,0.40034191252867213,-0.09913639288452678,0.24815919281960144,-9.913639288452677,24.815919281960145,496,0.27029537842605966,earnwt_t,"age_t, I(age_t**2), np.log(earnwke_t), C(sex_t), C(race_t), C(ethnic_t), C(grade92_t), C(docc00_t), C(ind02_t), C(unionmme_t), C(unioncov_t)",analytic_sample_1415_retention.csv
2014-2015,1415,stayed_state_local,C(docc00_t)[T.13.0],occupation,-0.05747155960709052,-5.747155960709052,0.14296258509381982,14.296258509381982,0.687680935511969,-0.33767307752772013,0.22272995831353912,-33.76730775277201,22.27299583135391,496,0.27029537842605966,earnwt_t,"age_t, I(age_t**2), np.log(earnwke_t), C(sex_t), C(race_t), C(ethnic_t), C(grade92_t), C(docc00_t), C(ind02_t), C(unionmme_t), C(unioncov_t)",analytic_sample_1415_retention.csv
2014-2015,1415,stayed_state_local,C(docc00_t)[T.14.0],occupation,-0.06172325636599896,-6.172325636599895,0.1442067745490569,14.42067745490569,0.6686372019898378,-0.34436334080883774,0.22091682807683982,-34.436334080883775,22.09168280768398,496,0.27029537842605966,earnwt_t,"age_t, I(age_t**2), np.log(earnwke_t), C(sex_t), C(race_t), C(ethnic_t), C(grade92_t), C(docc00_t), C(ind02_t), C(unionmme_t), C(unioncov_t)",analytic_sample_1415_retention.csv
2014-2015,1415,stayed_state_local,C(docc00_t)[T.15.0],occupation,-0.038915056571179774,-3.8915056571179774,0.11872169829812984,11.872169829812984,0.7430750913513873,-0.27160530941894445,0.19377519627658493,-27.160530941894446,19.377519627658494,496,0.27029537842605966,earnwt_t,"age_t, I(age_t**2), np.log(earnwke_t), C(sex_t), C(race_t), C(ethnic_t), C(grade92_t), C(docc00_t), C(ind02_t), C(unionmme_t), C(unioncov_t)",analytic_sample_1415_retention.csv
2014-2015,1415,stayed_state_local,C(docc00_t)[T.16.0],occupation,-0.07825889364093125,-7.825889364093125,0.28561674901456063,28.561674901456062,0.784084878852354,-0.6380574350908861,0.48153964780902353,-63.80574350908861,48.153964780902356,496,0.27029537842605966,earnwt_t,"age_t, I(age_t**2), np.log(earnwke_t), C(sex_t), C(race_t), C(ethnic_t), C(grade92_t), C(docc00_t), C(ind02_t), C(unionmme_t), C(unioncov_t)",analytic_sample_1415_retention.csv
2014-2015,1415,stayed_state_local,C(docc00_t)[T.17.0],occupation,-0.09559129580489223,-9.559129580489223,0.09219023047900729,9.219023047900729,0.29978627691128623,-0.2762808272701933,0.08509823566040883,-27.628082727019333,8.509823566040883,496,0.27029537842605966,earnwt_t,"age_t, I(age_t**2), np.log(earnwke_t), C(sex_t), C(race_t), C(ethnic_t), C(grade92_t), C(docc00_t), C(ind02_t), C(unionmme_t), C(unioncov_t)",analytic_sample_1415_retention.csv
2014-2015,1415,stayed_state_local,C(docc00_t)[T.19.0],occupation,0.17132977341290656,17.132977341290655,0.1799907207295096,17.999072072950963,0.3411572626994225,-0.18144555676833918,0.5241051035941523,-18.144555676833917,52.41051035941523,496,0.27029537842605966,earnwt_t,"age_t, I(age_t**2), np.log(earnwke_t), C(sex_t), C(race_t), C(ethnic_t), C(grade92_t), C(docc00_t), C(ind02_t), C(unionmme_t), C(unioncov_t)",analytic_sample_1415_retention.csv
2014-2015,1415,stayed_state_local,C(docc00_t)[T.2.0],occupation,-0.07962297322436634,-7.962297322436634,0.16026970072290272,16.026970072290272,0.6193257568355107,-0.39374581445426876,0.23449986800553607,-39.37458144542688,23.449986800553607,496,0.27029537842605966,earnwt_t,"age_t, I(age_t**2), np.log(earnwke_t), C(sex_t), C(race_t), C(ethnic_t), C(grade92_t), C(docc00_t), C(ind02_t), C(unionmme_t), C(unioncov_t)",analytic_sample_1415_retention.csv
2014-2015,1415,stayed_state_local,C(docc00_t)[T.20.0],occupation,-0.12977208949446734,-12.977208949446734,0.26095393446554477,26.09539344655448,0.61897832805458,-0.6412324026709606,0.3816882236820259,-64.12324026709607,38.16882236820259,496,0.27029537842605966,earnwt_t,"age_t, I(age_t**2), np.log(earnwke_t), C(sex_t), C(race_t), C(ethnic_t), C(grade92_t), C(docc00_t), C(ind02_t), C(unionmme_t), C(unioncov_t)",analytic_sample_1415_retention.csv
2014-2015,1415,stayed_state_local,C(docc00_t)[T.21.0],occupation,0.21765718239747106,21.765718239747105,0.16968237910251838,16.968237910251837,0.1995856442177495,-0.11491416945453686,0.550228534249479,-11.491416945453686,55.022853424947904,496,0.27029537842605966,earnwt_t,"age_t, I(age_t**2), np.log(earnwke_t), C(sex_t), C(race_t), C(ethnic_t), C(grade92_t), C(docc00_t), C(ind02_t), C(unionmme_t), C(unioncov_t)",analytic_sample_1415_retention.csv
2014-2015,1415,stayed_state_local,C(docc00_t)[T.22.0],occupation,0.07895200187580009,7.895200187580009,0.12106978893115682,12.10697889311568,0.5143239167985296,-0.15834042404513335,0.31624442779673356,-15.834042404513335,31.624442779673355,496,0.27029537842605966,earnwt_t,"age_t, I(age_t**2), np.log(earnwke_t), C(sex_t), C(race_t), C(ethnic_t), C(grade92_t), C(docc00_t), C(ind02_t), C(unionmme_t), C(unioncov_t)",analytic_sample_1415_retention.csv
2014-2015,1415,stayed_state_local,C(docc00_t)[T.3.0],occupation,-0.09847171814078884,-9.847171814078884,0.13375126767288745,13.375126767288744,0.46159063633963615,-0.36061938566622465,0.16367594938464694,-36.061938566622466,16.367594938464695,496,0.27029537842605966,earnwt_t,"age_t, I(age_t**2), np.log(earnwke_t), C(sex_t), C(race_t), C(ethnic_t), C(grade92_t), C(docc00_t), C(ind02_t), C(unionmme_t), C(unioncov_t)",analytic_sample_1415_retention.csv
2014-2015,1415,stayed_state_local,C(docc00_t)[T.4.0],occupation,-0.08263758760974949,-8.263758760974948,0.1477704503382061,14.77704503382061,0.5760051369974978,-0.3722623482518981,0.2069871730323991,-37.226234825189806,20.69871730323991,496,0.27029537842605966,earnwt_t,"age_t, I(age_t**2), np.log(earnwke_t), C(sex_t), C(race_t), C(ethnic_t), C(grade92_t), C(docc00_t), C(ind02_t), C(unionmme_t), C(unioncov_t)",analytic_sample_1415_retention.csv
2014-2015,1415,stayed_state_local,C(docc00_t)[T.5.0],occupation,-0.06337186188256652,-6.337186188256652,0.13947262328273152,13.947262328273153,0.6495641610522283,-0.33673318034604294,0.20998945658090987,-33.67331803460429,20.998945658090985,496,0.27029537842605966,earnwt_t,"age_t, I(age_t**2), np.log(earnwke_t), C(sex_t), C(race_t), C(ethnic_t), C(grade92_t), C(docc00_t), C(ind02_t), C(unionmme_t), C(unioncov_t)",analytic_sample_1415_retention.csv
2014-2015,1415,stayed_state_local,C(docc00_t)[T.6.0],occupation,-0.2158644448721933,-21.58644448721933,0.10835232129098517,10.835232129098516,0.04634410759029808,-0.4282310922438367,-0.0034977975005498763,-42.82310922438367,-0.3497797500549876,496,0.27029537842605966,earnwt_t,"age_t, I(age_t**2), np.log(earnwke_t), C(sex_t), C(race_t), C(ethnic_t), C(grade92_t), C(docc00_t), C(ind02_t), C(unionmme_t), C(unioncov_t)",analytic_sample_1415_retention.csv
2014-2015,1415,stayed_state_local,C(docc00_t)[T.7.0],occupation,-0.041596609433681014,-4.1596609433681015,0.16728247253944997,16.728247253944996,0.803623099668887,-0.3694642308558136,0.2862710119884515,-36.94642308558136,28.62710119884515,496,0.27029537842605966,earnwt_t,"age_t, I(age_t**2), np.log(earnwke_t), C(sex_t), C(race_t), C(ethnic_t), C(grade92_t), C(docc00_t), C(ind02_t), C(unionmme_t), C(unioncov_t)",analytic_sample_1415_retention.csv
2014-2015,1415,stayed_state_local,C(docc00_t)[T.8.0],occupation,-0.19507974356669955,-19.507974356669955,0.07526439875301148,7.526439875301148,0.009544032930804674,-0.3425952544406634,-0.047564232692735686,-34.25952544406634,-4.756423269273569,496,0.27029537842605966,earnwt_t,"age_t, I(age_t**2), np.log(earnwke_t), C(sex_t), C(race_t), C(ethnic_t), C(grade92_t), C(docc00_t), C(ind02_t), C(unionmme_t), C(unioncov_t)",analytic_sample_1415_retention.csv
2014-2015,1415,stayed_state_local,C(docc00_t)[T.9.0],occupation,0.21642919251924625,21.642919251924624,0.11006239363001699,11.006239363001699,0.049249799983451255,0.0007108649521422872,0.4321475200863502,0.07108649521422872,43.214752008635024,496,0.27029537842605966,earnwt_t,"age_t, I(age_t**2), np.log(earnwke_t), C(sex_t), C(race_t), C(ethnic_t), C(grade92_t), C(docc00_t), C(ind02_t), C(unionmme_t), C(unioncov_t)",analytic_sample_1415_retention.csv
2014-2015,1415,stayed_state_local,C(ind02_t)[T.5380.0],industry,-0.5684725581398652,-56.84725581398652,0.270434980154136,27.043498015413597,0.03554737127290281,-1.0985153794017761,-0.03842973687795437,-109.85153794017761,-3.842973687795437,496,0.27029537842605966,earnwt_t,"age_t, I(age_t**2), np.log(earnwke_t), C(sex_t), C(race_t), C(ethnic_t), C(grade92_t), C(docc00_t), C(ind02_t), C(unionmme_t), C(unioncov_t)",analytic_sample_1415_retention.csv
2014-2015,1415,stayed_state_local,C(ind02_t)[T.5790.0],industry,-1.0836758529348405,-108.36758529348404,0.3635454049640422,36.35454049640422,0.0028744559618521562,-1.7962117534093922,-0.37113995246028875,-179.62117534093923,-37.11399524602888,496,0.27029537842605966,earnwt_t,"age_t, I(age_t**2), np.log(earnwke_t), C(sex_t), C(race_t), C(ethnic_t), C(grade92_t), C(docc00_t), C(ind02_t), C(unionmme_t), C(unioncov_t)",analytic_sample_1415_retention.csv
2014-2015,1415,stayed_state_local,C(ind02_t)[T.6070.0],industry,0.06741733768974822,6.7417337689748225,0.27720943468377657,27.720943468377655,0.8078504579904905,-0.4759031704651624,0.6107378458446588,-47.59031704651624,61.07378458446588,496,0.27029537842605966,earnwt_t,"age_t, I(age_t**2), np.log(earnwke_t), C(sex_t), C(race_t), C(ethnic_t), C(grade92_t), C(docc00_t), C(ind02_t), C(unionmme_t), C(unioncov_t)",analytic_sample_1415_retention.csv
2014-2015,1415,stayed_state_local,C(ind02_t)[T.6180.0],industry,-0.11719650833925743,-11.719650833925744,0.3949984168970907,39.49984168970907,0.7666946329808199,-0.8913791794078927,0.6569861627293778,-89.13791794078927,65.69861627293778,496,0.27029537842605966,earnwt_t,"age_t, I(age_t**2), np.log(earnwke_t), C(sex_t), C(race_t), C(ethnic_t), C(grade92_t), C(docc00_t), C(ind02_t), C(unionmme_t), C(unioncov_t)",analytic_sample_1415_retention.csv
2014-2015,1415,stayed_state_local,C(ind02_t)[T.6290.0],industry,-0.1658345550231352,-16.58345550231352,0.33628706308531775,33.628706308531775,0.621917970537248,-0.8249450871371071,0.49327597709083665,-82.49450871371072,49.32759770908366,496,0.27029537842605966,earnwt_t,"age_t, I(age_t**2), np.log(earnwke_t), C(sex_t), C(race_t), C(ethnic_t), C(grade92_t), C(docc00_t), C(ind02_t), C(unionmme_t), C(unioncov_t)",analytic_sample_1415_retention.csv
2014-2015,1415,stayed_state_local,C(ind02_t)[T.6670.0],industry,0.024028682228801834,2.4028682228801834,0.24908065061802306,24.908065061802308,0.9231477078620267,-0.4641604222283277,0.5122177866859314,-46.41604222283277,51.221778668593146,496,0.27029537842605966,earnwt_t,"age_t, I(age_t**2), np.log(earnwke_t), C(sex_t), C(race_t), C(ethnic_t), C(grade92_t), C(docc00_t), C(ind02_t), C(unionmme_t), C(unioncov_t)",analytic_sample_1415_retention.csv
2014-2015,1415,stayed_state_local,C(ind02_t)[T.670.0],industry,-0.17165983017223468,-17.165983017223468,0.3958400726729291,39.58400726729291,0.6645356799537026,-0.9474921162488934,0.6041724559044239,-94.74921162488934,60.41724559044239,496,0.27029537842605966,earnwt_t,"age_t, I(age_t**2), np.log(earnwke_t), C(sex_t), C(race_t), C(ethnic_t), C(grade92_t), C(docc00_t), C(ind02_t), C(unionmme_t), C(unioncov_t)",analytic_sample_1415_retention.csv
2014-2015,1415,stayed_state_local,C(ind02_t)[T.6770.0],industry,-0.049223911544326204,-4.922391154432621,0.30017396801400864,30.017396801400864,0.8697432580153373,-0.6375540779482614,0.5391062548596088,-63.755407794826134,53.910625485960885,496,0.27029537842605966,earnwt_t,"age_t, I(age_t**2), np.log(earnwke_t), C(sex_t), C(race_t), C(ethnic_t), C(grade92_t), C(docc00_t), C(ind02_t), C(unionmme_t), C(unioncov_t)",analytic_sample_1415_retention.csv
2014-2015,1415,stayed_state_local,C(ind02_t)[T.680.0],industry,-0.03128318706489297,-3.128318706489297,0.3506981757258804,35.06981757258804,0.928920903705229,-0.7186389809315176,0.6560726068017316,-71.86389809315176,65.60726068017317,496,0.27029537842605966,earnwt_t,"age_t, I(age_t**2), np.log(earnwke_t), C(sex_t), C(race_t), C(ethnic_t), C(grade92_t), C(docc00_t), C(ind02_t), C(unionmme_t), C(unioncov_t)",analytic_sample_1415_retention.csv
2014-2015,1415,stayed_state_local,C(ind02_t)[T.6870.0],industry,-0.622450936157727,-62.245093615772696,0.26557737628475925,26.557737628475923,0.019090199826078205,-1.142973028784497,-0.10192884353095699,-114.2973028784497,-10.1928843530957,496,0.27029537842605966,earnwt_t,"age_t, I(age_t**2), np.log(earnwke_t), C(sex_t), C(race_t), C(ethnic_t), C(grade92_t), C(docc00_t), C(ind02_t), C(unionmme_t), C(unioncov_t)",analytic_sample_1415_retention.csv
2014-2015,1415,stayed_state_local,C(ind02_t)[T.6970.0],industry,0.23137653555146231,23.13765355514623,0.2738660894925064,27.38660894925064,0.3981930242775926,-0.3053911364406736,0.7681442075435982,-30.539113644067363,76.81442075435983,496,0.27029537842605966,earnwt_t,"age_t, I(age_t**2), np.log(earnwke_t), C(sex_t), C(race_t), C(ethnic_t), C(grade92_t), C(docc00_t), C(ind02_t), C(unionmme_t), C(unioncov_t)",analytic_sample_1415_retention.csv
2014-2015,1415,stayed_state_local,C(ind02_t)[T.7070.0],industry,0.15902227095466165,15.902227095466165,0.2791348896761098,27.913488967610977,0.5688833182230437,-0.3880720596390748,0.7061166015483982,-38.807205963907485,70.61166015483981,496,0.27029537842605966,earnwt_t,"age_t, I(age_t**2), np.log(earnwke_t), C(sex_t), C(race_t), C(ethnic_t), C(grade92_t), C(docc00_t), C(ind02_t), C(unionmme_t), C(unioncov_t)",analytic_sample_1415_retention.csv
2014-2015,1415,stayed_state_local,C(ind02_t)[T.7270.0],industry,0.10703443136246218,10.703443136246218,0.26150735471858155,26.150735471858155,0.6823209996523267,-0.40551056557829823,0.6195794283032225,-40.551056557829824,61.95794283032225,496,0.27029537842605966,earnwt_t,"age_t, I(age_t**2), np.log(earnwke_t), C(sex_t), C(race_t), C(ethnic_t), C(grade92_t), C(docc00_t), C(ind02_t), C(unionmme_t), C(unioncov_t)",analytic_sample_1415_retention.csv
2014-2015,1415,stayed_state_local,C(ind02_t)[T.7290.0],industry,0.42355686849208124,42.355686849208126,0.2857830001667576,28.57830001667576,0.13831565869946474,-0.13656751922856797,0.9836812562127304,-13.656751922856797,98.36812562127304,496,0.27029537842605966,earnwt_t,"age_t, I(age_t**2), np.log(earnwke_t), C(sex_t), C(race_t), C(ethnic_t), C(grade92_t), C(docc00_t), C(ind02_t), C(unionmme_t), C(unioncov_t)",analytic_sample_1415_retention.csv
2014-2015,1415,stayed_state_local,C(ind02_t)[T.7580.0],industry,0.19301102529309078,19.301102529309077,0.3296039600136491,32.96039600136491,0.558154654437238,-0.4530008654954416,0.8390229160816232,-45.30008654954416,83.90229160816232,496,0.27029537842605966,earnwt_t,"age_t, I(age_t**2), np.log(earnwke_t), C(sex_t), C(race_t), C(ethnic_t), C(grade92_t), C(docc00_t), C(ind02_t), C(unionmme_t), C(unioncov_t)",analytic_sample_1415_retention.csv
2014-2015,1415,stayed_state_local,C(ind02_t)[T.7680.0],industry,0.23650583685078863,23.650583685078864,0.26656631352784205,26.656631352784206,0.37495466689764456,-0.285954537155394,0.7589662108569712,-28.5954537155394,75.89662108569712,496,0.27029537842605966,earnwt_t,"age_t, I(age_t**2), np.log(earnwke_t), C(sex_t), C(race_t), C(ethnic_t), C(grade92_t), C(docc00_t), C(ind02_t), C(unionmme_t), C(unioncov_t)",analytic_sample_1415_retention.csv
2014-2015,1415,stayed_state_local,C(ind02_t)[T.7690.0],industry,-0.8363639641353126,-83.63639641353126,0.2682459489456736,26.824594894567362,0.0018214477815363685,-1.362116363067603,-0.31061156520302224,-136.21163630676028,-31.061156520302223,496,0.27029537842605966,earnwt_t,"age_t, I(age_t**2), np.log(earnwke_t), C(sex_t), C(race_t), C(ethnic_t), C(grade92_t), C(docc00_t), C(ind02_t), C(unionmme_t), C(unioncov_t)",analytic_sample_1415_retention.csv
2014-2015,1415,stayed_state_local,C(ind02_t)[T.770.0],industry,-0.002721799695163063,-0.2721799695163063,0.3145916862272081,31.459168622720814,0.9930969095612152,-0.6193101745362163,0.6138665751458902,-61.93101745362163,61.38665751458902,496,0.27029537842605966,earnwt_t,"age_t, I(age_t**2), np.log(earnwke_t), C(sex_t), C(race_t), C(ethnic_t), C(grade92_t), C(docc00_t), C(ind02_t), C(unionmme_t), C(unioncov_t)",analytic_sample_1415_retention.csv
2014-2015,1415,stayed_state_local,C(ind02_t)[T.7790.0],industry,0.17562708941124794,17.562708941124793,0.2798148844871354,27.981488448713538,0.530230255834421,-0.3728000065217729,0.7240541853442688,-37.28000065217729,72.40541853442689,496,0.27029537842605966,earnwt_t,"age_t, I(age_t**2), np.log(earnwke_t), C(sex_t), C(race_t), C(ethnic_t), C(grade92_t), C(docc00_t), C(ind02_t), C(unionmme_t), C(unioncov_t)",analytic_sample_1415_retention.csv
2014-2015,1415,stayed_state_local,C(ind02_t)[T.7860.0],industry,0.09252699226010452,9.252699226010453,0.25116396131297547,25.11639613129755,0.7125803733677457,-0.3997453261277389,0.5847993106479479,-39.97453261277389,58.47993106479479,496,0.27029537842605966,earnwt_t,"age_t, I(age_t**2), np.log(earnwke_t), C(sex_t), C(race_t), C(ethnic_t), C(grade92_t), C(docc00_t), C(ind02_t), C(unionmme_t), C(unioncov_t)",analytic_sample_1415_retention.csv
2014-2015,1415,stayed_state_local,C(ind02_t)[T.7870.0],industry,-0.09525123247183709,-9.525123247183709,0.2634995396100041,26.34995396100041,0.7177366286505537,-0.6117008400503305,0.42119837510665636,-61.170084005033054,42.11983751066563,496,0.27029537842605966,earnwt_t,"age_t, I(age_t**2), np.log(earnwke_t), C(sex_t), C(race_t), C(ethnic_t), C(grade92_t), C(docc00_t), C(ind02_t), C(unionmme_t), C(unioncov_t)",analytic_sample_1415_retention.csv
2014-2015,1415,stayed_state_local,C(ind02_t)[T.7890.0],industry,-0.7157219379242913,-71.57219379242913,0.262233426586619,26.223342658661903,0.006346288229406897,-1.2296900095765928,-0.20175386627198977,-122.96900095765928,-20.175386627198975,496,0.27029537842605966,earnwt_t,"age_t, I(age_t**2), np.log(earnwke_t), C(sex_t), C(race_t), C(ethnic_t), C(grade92_t), C(docc00_t), C(ind02_t), C(unionmme_t), C(unioncov_t)",analytic_sample_1415_retention.csv
2014-2015,1415,stayed_state_local,C(ind02_t)[T.8180.0],industry,0.45126250983351146,45.12625098335115,0.2847195854464334,28.47195854464334,0.1129807253077443,-0.10677762333467256,1.0093026430016954,-10.677762333467255,100.93026430016954,496,0.27029537842605966,earnwt_t,"age_t, I(age_t**2), np.log(earnwke_t), C(sex_t), C(race_t), C(ethnic_t), C(grade92_t), C(docc00_t), C(ind02_t), C(unionmme_t), C(unioncov_t)",analytic_sample_1415_retention.csv
2014-2015,1415,stayed_state_local,C(ind02_t)[T.8190.0],industry,0.03852003255986419,3.8520032559864195,0.3593557162887816,35.93557162887816,0.9146367179685682,-0.6658042290047415,0.7428442941244697,-66.58042290047415,74.28442941244697,496,0.27029537842605966,earnwt_t,"age_t, I(age_t**2), np.log(earnwke_t), C(sex_t), C(race_t), C(ethnic_t), C(grade92_t), C(docc00_t), C(ind02_t), C(unionmme_t), C(unioncov_t)",analytic_sample_1415_retention.csv
2014-2015,1415,stayed_state_local,C(ind02_t)[T.8270.0],industry,-0.06808325106364005,-6.808325106364005,0.5051566240752532,50.51566240752532,0.89278857198388,-1.0581720408029756,0.9220055386756953,-105.81720408029756,92.20055386756954,496,0.27029537842605966,earnwt_t,"age_t, I(age_t**2), np.log(earnwke_t), C(sex_t), C(race_t), C(ethnic_t), C(grade92_t), C(docc00_t), C(ind02_t), C(unionmme_t), C(unioncov_t)",analytic_sample_1415_retention.csv
2014-2015,1415,stayed_state_local,C(ind02_t)[T.8290.0],industry,-0.3883725228334311,-38.83725228334311,0.38539452898288773,38.53945289828877,0.31358547666960346,-1.143731919478669,0.3669868738118069,-114.3731919478669,36.69868738118069,496,0.27029537842605966,earnwt_t,"age_t, I(age_t**2), np.log(earnwke_t), C(sex_t), C(race_t), C(ethnic_t), C(grade92_t), C(docc00_t), C(ind02_t), C(unionmme_t), C(unioncov_t)",analytic_sample_1415_retention.csv
2014-2015,1415,stayed_state_local,C(ind02_t)[T.8370.0],industry,-0.11193084877601822,-11.193084877601823,0.3450016737737734,34.50016737737734,0.7456082190585456,-0.788121703978651,0.5642600064266146,-78.8121703978651,56.42600064266146,496,0.27029537842605966,earnwt_t,"age_t, I(age_t**2), np.log(earnwke_t), C(sex_t), C(race_t), C(ethnic_t), C(grade92_t), C(docc00_t), C(ind02_t), C(unionmme_t), C(unioncov_t)",analytic_sample_1415_retention.csv
2014-2015,1415,stayed_state_local,C(ind02_t)[T.8380.0],industry,0.29658317016860436,29.658317016860437,0.2803151306579658,28.03151306579658,0.29003956591248714,-0.25282439024264813,0.8459907305798569,-25.282439024264814,84.59907305798569,496,0.27029537842605966,earnwt_t,"age_t, I(age_t**2), np.log(earnwke_t), C(sex_t), C(race_t), C(ethnic_t), C(grade92_t), C(docc00_t), C(ind02_t), C(unionmme_t), C(unioncov_t)",analytic_sample_1415_retention.csv
2014-2015,1415,stayed_state_local,C(ind02_t)[T.8470.0],industry,0.28741789282653407,28.741789282653407,0.2814251306789195,28.14251306789195,0.3071150076670093,-0.2641652276486264,0.8390010133016945,-26.416522764862638,83.90010133016945,496,0.27029537842605966,earnwt_t,"age_t, I(age_t**2), np.log(earnwke_t), C(sex_t), C(race_t), C(ethnic_t), C(grade92_t), C(docc00_t), C(ind02_t), C(unionmme_t), C(unioncov_t)",analytic_sample_1415_retention.csv
2014-2015,1415,stayed_state_local,C(ind02_t)[T.8570.0],industry,0.10924286556067897,10.924286556067898,0.2873140580257945,28.731405802579452,0.7037813020061534,-0.45388234042192954,0.6723680715432875,-45.388234042192956,67.23680715432874,496,0.27029537842605966,earnwt_t,"age_t, I(age_t**2), np.log(earnwke_t), C(sex_t), C(race_t), C(ethnic_t), C(grade92_t), C(docc00_t), C(ind02_t), C(unionmme_t), C(unioncov_t)",analytic_sample_1415_retention.csv
2014-2015,1415,stayed_state_local,C(ind02_t)[T.8590.0],industry,-0.04414253932895451,-4.414253932895451,0.31591774586517835,31.591774586517836,0.888874941304296,-0.6633299433017816,0.5750448646438726,-66.33299433017817,57.50448646438726,496,0.27029537842605966,earnwt_t,"age_t, I(age_t**2), np.log(earnwke_t), C(sex_t), C(race_t), C(ethnic_t), C(grade92_t), C(docc00_t), C(ind02_t), C(unionmme_t), C(unioncov_t)",analytic_sample_1415_retention.csv
2014-2015,1415,stayed_state_local,C(ind02_t)[T.8680.0],industry,-0.7349848732454861,-73.4984873245486,0.27661265716235134,27.661265716235135,0.007881827298702803,-1.2771357189516201,-0.19283402753935208,-127.71357189516202,-19.283402753935206,496,0.27029537842605966,earnwt_t,"age_t, I(age_t**2), np.log(earnwke_t), C(sex_t), C(race_t), C(ethnic_t), C(grade92_t), C(docc00_t), C(ind02_t), C(unionmme_t), C(unioncov_t)",analytic_sample_1415_retention.csv
2014-2015,1415,stayed_state_local,C(ind02_t)[T.9370.0],industry,0.14406665444557737,14.406665444557737,0.26236149038788814,26.236149038788813,0.5829264673992971,-0.37015241764493495,0.6582857265360897,-37.015241764493496,65.82857265360897,496,0.27029537842605966,earnwt_t,"age_t, I(age_t**2), np.log(earnwke_t), C(sex_t), C(race_t), C(ethnic_t), C(grade92_t), C(docc00_t), C(ind02_t), C(unionmme_t), C(unioncov_t)",analytic_sample_1415_retention.csv
2014-2015,1415,stayed_state_local,C(ind02_t)[T.9380.0],industry,-0.01779476735964189,-1.779476735964189,0.3047317255906344,30.47317255906344,0.9534341065448766,-0.615057974464028,0.5794684397447442,-61.5057974464028,57.94684397447442,496,0.27029537842605966,earnwt_t,"age_t, I(age_t**2), np.log(earnwke_t), C(sex_t), C(race_t), C(ethnic_t), C(grade92_t), C(docc00_t), C(ind02_t), C(unionmme_t), C(unioncov_t)",analytic_sample_1415_retention.csv
2014-2015,1415,stayed_state_local,C(ind02_t)[T.9390.0],industry,0.2989578112941558,29.895781129415578,0.25740833889153303,25.740833889153304,0.24547332123247423,-0.20555326225352988,0.8034688848418414,-20.55532622535299,80.34688848418415,496,0.27029537842605966,earnwt_t,"age_t, I(age_t**2), np.log(earnwke_t), C(sex_t), C(race_t), C(ethnic_t), C(grade92_t), C(docc00_t), C(ind02_t), C(unionmme_t), C(unioncov_t)",analytic_sample_1415_retention.csv
2014-2015,1415,stayed_state_local,C(ind02_t)[T.9470.0],industry,0.14360409864943463,14.360409864943463,0.2540562348194916,25.405623481949156,0.5719069125841177,-0.3543369716446197,0.641545168943489,-35.43369716446197,64.1545168943489,496,0.27029537842605966,earnwt_t,"age_t, I(age_t**2), np.log(earnwke_t), C(sex_t), C(race_t), C(ethnic_t), C(grade92_t), C(docc00_t), C(ind02_t), C(unionmme_t), C(unioncov_t)",analytic_sample_1415_retention.csv
2014-2015,1415,stayed_state_local,C(ind02_t)[T.9480.0],industry,0.08137367325287787,8.137367325287787,0.26509817623474546,26.509817623474547,0.758876296362893,-0.43820920453447537,0.600956551040231,-43.820920453447535,60.0956551040231,496,0.27029537842605966,earnwt_t,"age_t, I(age_t**2), np.log(earnwke_t), C(sex_t), C(race_t), C(ethnic_t), C(grade92_t), C(docc00_t), C(ind02_t), C(unionmme_t), C(unioncov_t)",analytic_sample_1415_retention.csv
2014-2015,1415,stayed_state_local,C(ind02_t)[T.9490.0],industry,0.33734088930019646,33.734088930019645,0.2557787959052561,25.577879590525608,0.1872100819000032,-0.16397633868312655,0.8386581172835195,-16.397633868312656,83.86581172835194,496,0.27029537842605966,earnwt_t,"age_t, I(age_t**2), np.log(earnwke_t), C(sex_t), C(race_t), C(ethnic_t), C(grade92_t), C(docc00_t), C(ind02_t), C(unionmme_t), C(unioncov_t)",analytic_sample_1415_retention.csv
2014-2015,1415,stayed_state_local,C(ind02_t)[T.9570.0],industry,0.07612328690142554,7.612328690142554,0.298510867450283,29.851086745028297,0.7987152964806815,-0.508947262294939,0.6611938360977901,-50.894726229493905,66.11938360977902,496,0.27029537842605966,earnwt_t,"age_t, I(age_t**2), np.log(earnwke_t), C(sex_t), C(race_t), C(ethnic_t), C(grade92_t), C(docc00_t), C(ind02_t), C(unionmme_t), C(unioncov_t)",analytic_sample_1415_retention.csv
2014-2015,1415,stayed_state_local,C(unionmme_t)[T.2.0],union,0.2908592696868557,29.08592696868557,0.15496903025959152,15.496903025959153,0.06053366137052733,-0.012874448341041511,0.5945929877147529,-1.2874448341041511,59.45929877147529,496,0.27029537842605966,earnwt_t,"age_t, I(age_t**2), np.log(earnwke_t), C(sex_t), C(race_t), C(ethnic_t), C(grade92_t), C(docc00_t), C(ind02_t), C(unionmme_t), C(unioncov_t)",analytic_sample_1415_retention.csv
2014-2015,1415,stayed_state_local,C(unioncov_t)[T.2.0],union,0.00033083970023597975,0.033083970023597975,0.10174350100595063,10.174350100595063,0.997405520538197,-0.199082757932442,0.19974443733291397,-19.9082757932442,19.974443733291398,496,0.27029537842605966,earnwt_t,"age_t, I(age_t**2), np.log(earnwke_t), C(sex_t), C(race_t), C(ethnic_t), C(grade92_t), C(docc00_t), C(ind02_t), C(unionmme_t), C(unioncov_t)",analytic_sample_1415_retention.csv
2014-2015,1415,stayed_state_local,C(unioncov_t)[T.MISSING],union,0.400604434628374,40.0604434628374,0.14683186738484774,14.683186738484775,0.0063657671326975964,0.11281926277131099,0.6883896064854369,11.281926277131099,68.83896064854369,496,0.27029537842605966,earnwt_t,"age_t, I(age_t**2), np.log(earnwke_t), C(sex_t), C(race_t), C(ethnic_t), C(grade92_t), C(docc00_t), C(ind02_t), C(unionmme_t), C(unioncov_t)",analytic_sample_1415_retention.csv
2014-2015,1415,stayed_state_local,illinois,treatment,-0.02162922516989247,-2.162922516989247,0.03811072580480941,3.8110725804809413,0.5703497848436563,-0.0963248751720002,0.05306642483221525,-9.632487517200019,5.306642483221525,496,0.27029537842605966,earnwt_t,"age_t, I(age_t**2), np.log(earnwke_t), C(sex_t), C(race_t), C(ethnic_t), C(grade92_t), C(docc00_t), C(ind02_t), C(unionmme_t), C(unioncov_t)",analytic_sample_1415_retention.csv
2014-2015,1415,stayed_state_local,age_t,age,-0.002495620049007226,-0.24956200490072258,0.0109253065414096,1.09253065414096,0.8193153648539537,-0.023908827390229904,0.018917587292215453,-2.3908827390229903,1.8917587292215452,496,0.27029537842605966,earnwt_t,"age_t, I(age_t**2), np.log(earnwke_t), C(sex_t), C(race_t), C(ethnic_t), C(grade92_t), C(docc00_t), C(ind02_t), C(unionmme_t), C(unioncov_t)",analytic_sample_1415_retention.csv
2014-2015,1415,stayed_state_local,I(age_t ** 2),age,4.244802848307066e-05,0.004244802848307066,0.00011511138118105871,0.011511138118105871,0.7123095000872915,-0.00018316613284246615,0.0002680621898086075,-0.018316613284246615,0.026806218980860747,496,0.27029537842605966,earnwt_t,"age_t, I(age_t**2), np.log(earnwke_t), C(sex_t), C(race_t), C(ethnic_t), C(grade92_t), C(docc00_t), C(ind02_t), C(unionmme_t), C(unioncov_t)",analytic_sample_1415_retention.csv
2014-2015,1415,stayed_state_local,np.log(earnwke_t),earnings,0.014683161944553463,1.4683161944553462,0.029662275205515256,2.9662275205515254,0.6205921313275982,-0.04345382915777187,0.0728201530468788,-4.345382915777187,7.282015304687881,496,0.27029537842605966,earnwt_t,"age_t, I(age_t**2), np.log(earnwke_t), C(sex_t), C(race_t), C(ethnic_t), C(grade92_t), C(docc00_t), C(ind02_t), C(unionmme_t), C(unioncov_t)",analytic_sample_1415_retention.csv
2015-2016,1516,stayed_state_local,Intercept,intercept,0.20123434858033162,20.123434858033164,0.1890414136225512,18.90414136225512,0.28710282017078537,-0.16928001370640827,0.5717487108670716,-16.92800137064083,57.17487108670716,556,0.28771101246076036,earnwt_t,"age_t, I(age_t**2), np.log(earnwke_t), C(sex_t), C(race_t), C(ethnic_t), C(grade92_t), C(docc00_t), C(ind02_t), C(unionmme_t), C(unioncov_t)",analytic_sample_1516_retention.csv
2015-2016,1516,stayed_state_local,C(sex_t)[T.2],sex,0.03583541061193023,3.5835410611930225,0.050378516973580735,5.037851697358073,0.47688394490952235,-0.06290466825082781,0.13457548947468828,-6.290466825082781,13.457548947468828,556,0.28771101246076036,earnwt_t,"age_t, I(age_t**2), np.log(earnwke_t), C(sex_t), C(race_t), C(ethnic_t), C(grade92_t), C(docc00_t), C(ind02_t), C(unionmme_t), C(unioncov_t)",analytic_sample_1516_retention.csv
2015-2016,1516,stayed_state_local,C(race_t)[T.2],race,-0.3020897822976393,-30.20897822976393,0.10451733578183078,10.45173357818308,0.003848353730379529,-0.5069399961901071,-0.09723956840517145,-50.69399961901071,-9.723956840517145,556,0.28771101246076036,earnwt_t,"age_t, I(age_t**2), np.log(earnwke_t), C(sex_t), C(race_t), C(ethnic_t), C(grade92_t), C(docc00_t), C(ind02_t), C(unionmme_t), C(unioncov_t)",analytic_sample_1516_retention.csv
2015-2016,1516,stayed_state_local,C(race_t)[T.3],race,0.0011932275712826512,0.11932275712826512,0.17513739844982973,17.51373984498297,0.9945639794832398,-0.3420697657364247,0.34445622087899,-34.20697657364247,34.445622087899004,556,0.28771101246076036,earnwt_t,"age_t, I(age_t**2), np.log(earnwke_t), C(sex_t), C(race_t), C(ethnic_t), C(grade92_t), C(docc00_t), C(ind02_t), C(unionmme_t), C(unioncov_t)",analytic_sample_1516_retention.csv
2015-2016,1516,stayed_state_local,C(race_t)[T.4],race,-0.045742359006131925,-4.574235900613193,0.1499526863995811,14.995268639958109,0.7603316673101859,-0.33964422373434006,0.24815950572207618,-33.964422373434004,24.81595057220762,556,0.28771101246076036,earnwt_t,"age_t, I(age_t**2), np.log(earnwke_t), C(sex_t), C(race_t), C(ethnic_t), C(grade92_t), C(docc00_t), C(ind02_t), C(unionmme_t), C(unioncov_t)",analytic_sample_1516_retention.csv
2015-2016,1516,stayed_state_local,C(race_t)[T.6],race,0.17563865472615714,17.563865472615714,0.04710930598279171,4.710930598279171,0.000192759102711993,0.08330611166320809,0.26797119778910616,8.330611166320809,26.797119778910616,556,0.28771101246076036,earnwt_t,"age_t, I(age_t**2), np.log(earnwke_t), C(sex_t), C(race_t), C(ethnic_t), C(grade92_t), C(docc00_t), C(ind02_t), C(unionmme_t), C(unioncov_t)",analytic_sample_1516_retention.csv
2015-2016,1516,stayed_state_local,C(race_t)[T.7],race,0.035540680094029276,3.5540680094029273,0.11958413055391708,11.958413055391707,0.7663120567647208,-0.19883990891418404,0.26992126910224257,-19.883990891418403,26.992126910224258,556,0.28771101246076036,earnwt_t,"age_t, I(age_t**2), np.log(earnwke_t), C(sex_t), C(race_t), C(ethnic_t), C(grade92_t), C(docc00_t), C(ind02_t), C(unionmme_t), C(unioncov_t)",analytic_sample_1516_retention.csv
2015-2016,1516,stayed_state_local,C(ethnic_t)[T.2.0],ethnicity_hispanic,-0.010105421163169148,-1.0105421163169148,0.08675141674671098,8.675141674671098,0.9072665073289049,-0.18013507359454758,0.1599242312682093,-18.01350735945476,15.99242312682093,556,0.28771101246076036,earnwt_t,"age_t, I(age_t**2), np.log(earnwke_t), C(sex_t), C(race_t), C(ethnic_t), C(grade92_t), C(docc00_t), C(ind02_t), C(unionmme_t), C(unioncov_t)",analytic_sample_1516_retention.csv
2015-2016,1516,stayed_state_local,C(ethnic_t)[T.7.0],ethnicity_hispanic,-0.028584151707428507,-2.858415170742851,0.07353648102272661,7.353648102272661,0.6974928353667529,-0.17271300606178583,0.11554470264692882,-17.27130060617858,11.554470264692881,556,0.28771101246076036,earnwt_t,"age_t, I(age_t**2), np.log(earnwke_t), C(sex_t), C(race_t), C(ethnic_t), C(grade92_t), C(docc00_t), C(ind02_t), C(unionmme_t), C(unioncov_t)",analytic_sample_1516_retention.csv
2015-2016,1516,stayed_state_local,C(ethnic_t)[T.MISSING],ethnicity_hispanic,-0.2307435046619451,-23.07435046619451,0.06811203435732906,6.811203435732906,0.0007047992972057818,-0.36424063891606484,-0.09724637040782538,-36.42406389160649,-9.724637040782538,556,0.28771101246076036,earnwt_t,"age_t, I(age_t**2), np.log(earnwke_t), C(sex_t), C(race_t), C(ethnic_t), C(grade92_t), C(docc00_t), C(ind02_t), C(unionmme_t), C(unioncov_t)",analytic_sample_1516_retention.csv
2015-2016,1516,stayed_state_local,C(grade92_t)[T.34],education,0.7827935536519026,78.27935536519026,0.17157844775948694,17.157844775948693,5.059459420790724e-06,0.4465059755200211,1.119081131783784,44.65059755200211,111.90811317837841,556,0.28771101246076036,earnwt_t,"age_t, I(age_t**2), np.log(earnwke_t), C(sex_t), C(race_t), C(ethnic_t), C(grade92_t), C(docc00_t), C(ind02_t), C(unionmme_t), C(unioncov_t)",analytic_sample_1516_retention.csv
2015-2016,1516,stayed_state_local,C(grade92_t)[T.36],education,0.5168469666543818,51.68469666543818,0.24336312385771575,24.336312385771574,0.033689495869111734,0.03986400872809853,0.993829924580665,3.9864008728098534,99.3829924580665,556,0.28771101246076036,earnwt_t,"age_t, I(age_t**2), np.log(earnwke_t), C(sex_t), C(race_t), C(ethnic_t), C(grade92_t), C(docc00_t), C(ind02_t), C(unionmme_t), C(unioncov_t)",analytic_sample_1516_retention.csv
2015-2016,1516,stayed_state_local,C(grade92_t)[T.37],education,0.8540880102327357,85.40880102327357,0.1270777123496696,12.70777123496696,1.8049421391650575e-11,0.6050202707896425,1.103155749675829,60.50202707896425,110.3155749675829,556,0.28771101246076036,earnwt_t,"age_t, I(age_t**2), np.log(earnwke_t), C(sex_t), C(race_t), C(ethnic_t), C(grade92_t), C(docc00_t), C(ind02_t), C(unionmme_t), C(unioncov_t)",analytic_sample_1516_retention.csv
2015-2016,1516,stayed_state_local,C(grade92_t)[T.39],education,0.7457765587199507,74.57765587199508,0.10238356082033614,10.238356082033615,3.2372007181382443e-13,0.5451084669031258,0.9464446505367757,54.510846690312576,94.64446505367758,556,0.28771101246076036,earnwt_t,"age_t, I(age_t**2), np.log(earnwke_t), C(sex_t), C(race_t), C(ethnic_t), C(grade92_t), C(docc00_t), C(ind02_t), C(unionmme_t), C(unioncov_t)",analytic_sample_1516_retention.csv
2015-2016,1516,stayed_state_local,C(grade92_t)[T.40],education,0.7258163972230494,72.58163972230494,0.11049227028987679,11.04922702898768,5.067684253733525e-11,0.5092555268848258,0.9423772675612729,50.925552688482576,94.23772675612729,556,0.28771101246076036,earnwt_t,"age_t, I(age_t**2), np.log(earnwke_t), C(sex_t), C(race_t), C(ethnic_t), C(grade92_t), C(docc00_t), C(ind02_t), C(unionmme_t), C(unioncov_t)",analytic_sample_1516_retention.csv
2015-2016,1516,stayed_state_local,C(grade92_t)[T.41],education,0.6775371932566008,67.75371932566007,0.12952968133436416,12.952968133436416,1.6882501509928248e-07,0.42366368291229695,0.9314107036009046,42.3663682912297,93.14107036009047,556,0.28771101246076036,earnwt_t,"age_t, I(age_t**2), np.log(earnwke_t), C(sex_t), C(race_t), C(ethnic_t), C(grade92_t), C(docc00_t), C(ind02_t), C(unionmme_t), C(unioncov_t)",analytic_sample_1516_retention.csv
2015-2016,1516,stayed_state_local,C(grade92_t)[T.42],education,0.6940749674716358,69.40749674716358,0.10962928087694358,10.962928087694358,2.4340472545611294e-10,0.4792055253018007,0.9089444096414708,47.920552530180075,90.89444096414708,556,0.28771101246076036,earnwt_t,"age_t, I(age_t**2), np.log(earnwke_t), C(sex_t), C(race_t), C(ethnic_t), C(grade92_t), C(docc00_t), C(ind02_t), C(unionmme_t), C(unioncov_t)",analytic_sample_1516_retention.csv
2015-2016,1516,stayed_state_local,C(grade92_t)[T.43],education,0.5988739581877098,59.88739581877098,0.1004157037024485,10.04157037024485,2.462162804728269e-09,0.4020627954486654,0.7956851209267543,40.20627954486654,79.56851209267542,556,0.28771101246076036,earnwt_t,"age_t, I(age_t**2), np.log(earnwke_t), C(sex_t), C(race_t), C(ethnic_t), C(grade92_t), C(docc00_t), C(ind02_t), C(unionmme_t), C(unioncov_t)",analytic_sample_1516_retention.csv
2015-2016,1516,stayed_state_local,C(grade92_t)[T.44],education,0.6425976793009205,64.25976793009205,0.1088707927441717,10.88707927441717,3.582769656867835e-09,0.4292148465540193,0.8559805120478217,42.92148465540193,85.59805120478217,556,0.28771101246076036,earnwt_t,"age_t, I(age_t**2), np.log(earnwke_t), C(sex_t), C(race_t), C(ethnic_t), C(grade92_t), C(docc00_t), C(ind02_t), C(unionmme_t), C(unioncov_t)",analytic_sample_1516_retention.csv
2015-2016,1516,stayed_state_local,C(grade92_t)[T.45],education,0.5501170533444267,55.011705334442674,0.17754318036677705,17.754318036677706,0.0019450478553635555,0.2021388141248449,0.8980952925640086,20.21388141248449,89.80952925640085,556,0.28771101246076036,earnwt_t,"age_t, I(age_t**2), np.log(earnwke_t), C(sex_t), C(race_t), C(ethnic_t), C(grade92_t), C(docc00_t), C(ind02_t), C(unionmme_t), C(unioncov_t)",analytic_sample_1516_retention.csv
2015-2016,1516,stayed_state_local,C(grade92_t)[T.46],education,0.5137216046180957,51.37216046180957,0.167905297167881,16.7905297167881,0.002216391405367936,0.1846332693555538,0.8428099398806376,18.46332693555538,84.28099398806376,556,0.28771101246076036,earnwt_t,"age_t, I(age_t**2), np.log(earnwke_t), C(sex_t), C(race_t), C(ethnic_t), C(grade92_t), C(docc00_t), C(ind02_t), C(unionmme_t), C(unioncov_t)",analytic_sample_1516_retention.csv
2015-2016,1516,stayed_state_local,C(docc00_t)[T.10.0],occupation,-0.008866730503818893,-0.8866730503818893,0.11962827013503104,11.962827013503103,0.9409156787401307,-0.24333383150130827,0.2256003704936705,-24.333383150130828,22.56003704936705,556,0.28771101246076036,earnwt_t,"age_t, I(age_t**2), np.log(earnwke_t), C(sex_t), C(race_t), C(ethnic_t), C(grade92_t), C(docc00_t), C(ind02_t), C(unionmme_t), C(unioncov_t)",analytic_sample_1516_retention.csv
2015-2016,1516,stayed_state_local,C(docc00_t)[T.11.0],occupation,0.2724895060783319,27.248950607833187,0.13052382636503052,13.05238263650305,0.03682842231113148,0.016667507278512517,0.5283115048781513,1.6667507278512517,52.83115048781512,556,0.28771101246076036,earnwt_t,"age_t, I(age_t**2), np.log(earnwke_t), C(sex_t), C(race_t), C(ethnic_t), C(grade92_t), C(docc00_t), C(ind02_t), C(unionmme_t), C(unioncov_t)",analytic_sample_1516_retention.csv
2015-2016,1516,stayed_state_local,C(docc00_t)[T.12.0],occupation,-0.1572221744776653,-15.722217447766528,0.09886722673885265,9.886722673885265,0.11178172962937788,-0.35099837813717194,0.036554029181841335,-35.099837813717194,3.6554029181841337,556,0.28771101246076036,earnwt_t,"age_t, I(age_t**2), np.log(earnwke_t), C(sex_t), C(race_t), C(ethnic_t), C(grade92_t), C(docc00_t), C(ind02_t), C(unionmme_t), C(unioncov_t)",analytic_sample_1516_retention.csv
2015-2016,1516,stayed_state_local,C(docc00_t)[T.13.0],occupation,-0.18248231346791402,-18.248231346791403,0.13643585245110348,13.643585245110348,0.18106101048878487,-0.44989167047209766,0.08492704353626965,-44.98916704720977,8.492704353626964,556,0.28771101246076036,earnwt_t,"age_t, I(age_t**2), np.log(earnwke_t), C(sex_t), C(race_t), C(ethnic_t), C(grade92_t), C(docc00_t), C(ind02_t), C(unionmme_t), C(unioncov_t)",analytic_sample_1516_retention.csv
2015-2016,1516,stayed_state_local,C(docc00_t)[T.14.0],occupation,-0.11426853589545413,-11.426853589545413,0.12754556512221696,12.754556512221695,0.37030423061467377,-0.3642532499228074,0.13571617813189915,-36.425324992280736,13.571617813189915,556,0.28771101246076036,earnwt_t,"age_t, I(age_t**2), np.log(earnwke_t), C(sex_t), C(race_t), C(ethnic_t), C(grade92_t), C(docc00_t), C(ind02_t), C(unionmme_t), C(unioncov_t)",analytic_sample_1516_retention.csv
2015-2016,1516,stayed_state_local,C(docc00_t)[T.15.0],occupation,0.001944486854054961,0.1944486854054961,0.21046889755371812,21.04688975537181,0.9926285831942595,-0.4105669722170828,0.41445594592519275,-41.05669722170828,41.44559459251928,556,0.28771101246076036,earnwt_t,"age_t, I(age_t**2), np.log(earnwke_t), C(sex_t), C(race_t), C(ethnic_t), C(grade92_t), C(docc00_t), C(ind02_t), C(unionmme_t), C(unioncov_t)",analytic_sample_1516_retention.csv
2015-2016,1516,stayed_state_local,C(docc00_t)[T.16.0],occupation,-0.1408330947161396,-14.083309471613962,0.3557912502695121,35.57912502695121,0.6922299375793304,-0.8381711312588601,0.556504941826581,-83.81711312588601,55.65049418265809,556,0.28771101246076036,earnwt_t,"age_t, I(age_t**2), np.log(earnwke_t), C(sex_t), C(race_t), C(ethnic_t), C(grade92_t), C(docc00_t), C(ind02_t), C(unionmme_t), C(unioncov_t)",analytic_sample_1516_retention.csv
2015-2016,1516,stayed_state_local,C(docc00_t)[T.17.0],occupation,-0.07922514624661556,-7.922514624661556,0.0802812335844073,8.028123358440729,0.32371855536226213,-0.23657347270650128,0.07812318021327017,-23.657347270650128,7.812318021327017,556,0.28771101246076036,earnwt_t,"age_t, I(age_t**2), np.log(earnwke_t), C(sex_t), C(race_t), C(ethnic_t), C(grade92_t), C(docc00_t), C(ind02_t), C(unionmme_t), C(unioncov_t)",analytic_sample_1516_retention.csv
2015-2016,1516,stayed_state_local,C(docc00_t)[T.19.0],occupation,-0.15754783037952141,-15.75478303795214,0.11847458773535537,11.847458773535537,0.18358327575229993,-0.3897537554240488,0.07465809466500592,-38.975375542404876,7.465809466500592,556,0.28771101246076036,earnwt_t,"age_t, I(age_t**2), np.log(earnwke_t), C(sex_t), C(race_t), C(ethnic_t), C(grade92_t), C(docc00_t), C(ind02_t), C(unionmme_t), C(unioncov_t)",analytic_sample_1516_retention.csv
2015-2016,1516,stayed_state_local,C(docc00_t)[T.2.0],occupation,-0.2302172039735363,-23.02172039735363,0.11803244320013473,11.803244320013473,0.051121674849893765,-0.46155654165307,0.0011221337059973968,-46.155654165307,0.11221337059973968,556,0.28771101246076036,earnwt_t,"age_t, I(age_t**2), np.log(earnwke_t), C(sex_t), C(race_t), C(ethnic_t), C(grade92_t), C(docc00_t), C(ind02_t), C(unionmme_t), C(unioncov_t)",analytic_sample_1516_retention.csv
2015-2016,1516,stayed_state_local,C(docc00_t)[T.20.0],occupation,-0.03954159582444006,-3.9541595824440057,0.18414595370224995,18.414595370224994,0.8299781059305388,-0.4004610329796302,0.3213778413307501,-40.04610329796302,32.13778413307501,556,0.28771101246076036,earnwt_t,"age_t, I(age_t**2), np.log(earnwke_t), C(sex_t), C(race_t), C(ethnic_t), C(grade92_t), C(docc00_t), C(ind02_t), C(unionmme_t), C(unioncov_t)",analytic_sample_1516_retention.csv
2015-2016,1516,stayed_state_local,C(docc00_t)[T.21.0],occupation,0.14325761580869528,14.325761580869528,0.09213176446080629,9.21317644608063,0.11996488404176923,-0.037317324366612364,0.32383255598400296,-3.7317324366612366,32.3832555984003,556,0.28771101246076036,earnwt_t,"age_t, I(age_t**2), np.log(earnwke_t), C(sex_t), C(race_t), C(ethnic_t), C(grade92_t), C(docc00_t), C(ind02_t), C(unionmme_t), C(unioncov_t)",analytic_sample_1516_retention.csv
2015-2016,1516,stayed_state_local,C(docc00_t)[T.22.0],occupation,-0.08390925567318494,-8.390925567318494,0.14595303623100245,14.595303623100245,0.5653549671855157,-0.36997195012021933,0.20215343877384948,-36.99719501202193,20.215343877384946,556,0.28771101246076036,earnwt_t,"age_t, I(age_t**2), np.log(earnwke_t), C(sex_t), C(race_t), C(ethnic_t), C(grade92_t), C(docc00_t), C(ind02_t), C(unionmme_t), C(unioncov_t)",analytic_sample_1516_retention.csv
2015-2016,1516,stayed_state_local,C(docc00_t)[T.3.0],occupation,-0.17771859733524867,-17.771859733524867,0.16971870526768396,16.971870526768395,0.2950367730139922,-0.5103611471626776,0.15492395249218024,-51.036114716267754,15.492395249218024,556,0.28771101246076036,earnwt_t,"age_t, I(age_t**2), np.log(earnwke_t), C(sex_t), C(race_t), C(ethnic_t), C(grade92_t), C(docc00_t), C(ind02_t), C(unionmme_t), C(unioncov_t)",analytic_sample_1516_retention.csv
2015-2016,1516,stayed_state_local,C(docc00_t)[T.4.0],occupation,-0.0037836105188765734,-0.37836105188765734,0.12511330177414182,12.511330177414182,0.9758744730925363,-0.24900117598308577,0.24143395494533262,-24.900117598308576,24.143395494533262,556,0.28771101246076036,earnwt_t,"age_t, I(age_t**2), np.log(earnwke_t), C(sex_t), C(race_t), C(ethnic_t), C(grade92_t), C(docc00_t), C(ind02_t), C(unionmme_t), C(unioncov_t)",analytic_sample_1516_retention.csv
2015-2016,1516,stayed_state_local,C(docc00_t)[T.5.0],occupation,-0.36322108109531454,-36.322108109531456,0.18185647127387666,18.185647127387668,0.04579311020063881,-0.7196532151476558,-0.006788947042973337,-71.96532151476558,-0.6788947042973337,556,0.28771101246076036,earnwt_t,"age_t, I(age_t**2), np.log(earnwke_t), C(sex_t), C(race_t), C(ethnic_t), C(grade92_t), C(docc00_t), C(ind02_t), C(unionmme_t), C(unioncov_t)",analytic_sample_1516_retention.csv
2015-2016,1516,stayed_state_local,C(docc00_t)[T.6.0],occupation,-0.06682684351349888,-6.682684351349888,0.11002962624090751,11.00296262409075,0.5436165522525873,-0.28248094817808084,0.14882726115108308,-28.248094817808084,14.882726115108309,556,0.28771101246076036,earnwt_t,"age_t, I(age_t**2), np.log(earnwke_t), C(sex_t), C(race_t), C(ethnic_t), C(grade92_t), C(docc00_t), C(ind02_t), C(unionmme_t), C(unioncov_t)",analytic_sample_1516_retention.csv
2015-2016,1516,stayed_state_local,C(docc00_t)[T.7.0],occupation,0.13488928940050288,13.488928940050288,0.10292458486158214,10.292458486158214,0.19000499762106238,-0.06683919005193459,0.33661776885294037,-6.6839190051934585,33.66177688529404,556,0.28771101246076036,earnwt_t,"age_t, I(age_t**2), np.log(earnwke_t), C(sex_t), C(race_t), C(ethnic_t), C(grade92_t), C(docc00_t), C(ind02_t), C(unionmme_t), C(unioncov_t)",analytic_sample_1516_retention.csv
2015-2016,1516,stayed_state_local,C(docc00_t)[T.8.0],occupation,-0.014773805629674674,-1.4773805629674674,0.07454335258138832,7.454335258138832,0.8428957963099016,-0.16087609197606664,0.1313284807167173,-16.087609197606664,13.132848071671729,556,0.28771101246076036,earnwt_t,"age_t, I(age_t**2), np.log(earnwke_t), C(sex_t), C(race_t), C(ethnic_t), C(grade92_t), C(docc00_t), C(ind02_t), C(unionmme_t), C(unioncov_t)",analytic_sample_1516_retention.csv
2015-2016,1516,stayed_state_local,C(ind02_t)[T.4870.0],industry,-0.211234602804099,-21.1234602804099,0.43583843391574356,43.583843391574355,0.6279156771651502,-1.0654622363572968,0.6429930307490987,-106.54622363572967,64.29930307490987,556,0.28771101246076036,earnwt_t,"age_t, I(age_t**2), np.log(earnwke_t), C(sex_t), C(race_t), C(ethnic_t), C(grade92_t), C(docc00_t), C(ind02_t), C(unionmme_t), C(unioncov_t)",analytic_sample_1516_retention.csv
2015-2016,1516,stayed_state_local,C(ind02_t)[T.4990.0],industry,-0.1604632815275937,-16.046328152759372,0.39886536921313376,39.88653692131338,0.687463727873094,-0.9422250398656071,0.6212984768104197,-94.22250398656071,62.12984768104197,556,0.28771101246076036,earnwt_t,"age_t, I(age_t**2), np.log(earnwke_t), C(sex_t), C(race_t), C(ethnic_t), C(grade92_t), C(docc00_t), C(ind02_t), C(unionmme_t), C(unioncov_t)",analytic_sample_1516_retention.csv
2015-2016,1516,stayed_state_local,C(ind02_t)[T.570.0],industry,-0.38981009593487004,-38.981009593487,0.2850510542383902,28.505105423839023,0.17146558328230388,-0.9484998959972883,0.16887970412754827,-94.84998959972883,16.887970412754825,556,0.28771101246076036,earnwt_t,"age_t, I(age_t**2), np.log(earnwke_t), C(sex_t), C(race_t), C(ethnic_t), C(grade92_t), C(docc00_t), C(ind02_t), C(unionmme_t), C(unioncov_t)",analytic_sample_1516_retention.csv
2015-2016,1516,stayed_state_local,C(ind02_t)[T.6080.0],industry,-1.2898647327253407,-128.98647327253408,0.20959684616281732,20.95968461628173,7.553962810850205e-10,-1.700667002477645,-0.8790624629730366,-170.0667002477645,-87.90624629730365,556,0.28771101246076036,earnwt_t,"age_t, I(age_t**2), np.log(earnwke_t), C(sex_t), C(race_t), C(ethnic_t), C(grade92_t), C(docc00_t), C(ind02_t), C(unionmme_t), C(unioncov_t)",analytic_sample_1516_retention.csv
2015-2016,1516,stayed_state_local,C(ind02_t)[T.6180.0],industry,-1.0129203378029674,-101.29203378029675,0.28177703243248137,28.177703243248136,0.0003246928180029626,-1.5651931730412056,-0.4606475025647292,-156.51931730412056,-46.06475025647292,556,0.28771101246076036,earnwt_t,"age_t, I(age_t**2), np.log(earnwke_t), C(sex_t), C(race_t), C(ethnic_t), C(grade92_t), C(docc00_t), C(ind02_t), C(unionmme_t), C(unioncov_t)",analytic_sample_1516_retention.csv
2015-2016,1516,stayed_state_local,C(ind02_t)[T.6290.0],industry,-0.6632561690446612,-66.32561690446612,0.42209167546193876,42.209167546193875,0.11610004499979118,-1.49054065112423,0.1640283130349076,-149.05406511242302,16.40283130349076,556,0.28771101246076036,earnwt_t,"age_t, I(age_t**2), np.log(earnwke_t), C(sex_t), C(race_t), C(ethnic_t), C(grade92_t), C(docc00_t), C(ind02_t), C(unionmme_t), C(unioncov_t)",analytic_sample_1516_retention.csv
2015-2016,1516,stayed_state_local,C(ind02_t)[T.670.0],industry,-0.25430590476497805,-25.430590476497805,0.21467059486246778,21.46705948624678,0.23616252093902468,-0.675052539235204,0.16644072970524798,-67.5052539235204,16.6440729705248,556,0.28771101246076036,earnwt_t,"age_t, I(age_t**2), np.log(earnwke_t), C(sex_t), C(race_t), C(ethnic_t), C(grade92_t), C(docc00_t), C(ind02_t), C(unionmme_t), C(unioncov_t)",analytic_sample_1516_retention.csv
2015-2016,1516,stayed_state_local,C(ind02_t)[T.6770.0],industry,-0.47610834850900496,-47.610834850900495,0.2574077283936108,25.74077283936108,0.06436729264348755,-0.9806182255027505,0.028401528484740535,-98.06182255027505,2.8401528484740535,556,0.28771101246076036,earnwt_t,"age_t, I(age_t**2), np.log(earnwke_t), C(sex_t), C(race_t), C(ethnic_t), C(grade92_t), C(docc00_t), C(ind02_t), C(unionmme_t), C(unioncov_t)",analytic_sample_1516_retention.csv
2015-2016,1516,stayed_state_local,C(ind02_t)[T.680.0],industry,-0.5728795377477653,-57.28795377477653,0.20075139479702703,20.075139479702703,0.004321651397923411,-0.9663450413961199,-0.17941403409941076,-96.63450413961199,-17.941403409941074,556,0.28771101246076036,earnwt_t,"age_t, I(age_t**2), np.log(earnwke_t), C(sex_t), C(race_t), C(ethnic_t), C(grade92_t), C(docc00_t), C(ind02_t), C(unionmme_t), C(unioncov_t)",analytic_sample_1516_retention.csv
2015-2016,1516,stayed_state_local,C(ind02_t)[T.6870.0],industry,-1.0738890284965024,-107.38890284965024,0.221429546330089,22.142954633008898,1.2358598044472615e-06,-1.5078829644165201,-0.6398950925764846,-150.78829644165202,-63.98950925764846,556,0.28771101246076036,earnwt_t,"age_t, I(age_t**2), np.log(earnwke_t), C(sex_t), C(race_t), C(ethnic_t), C(grade92_t), C(docc00_t), C(ind02_t), C(unionmme_t), C(unioncov_t)",analytic_sample_1516_retention.csv
2015-2016,1516,stayed_state_local,C(ind02_t)[T.6990.0],industry,-0.23637345777643515,-23.637345777643514,0.19152027333689994,19.152027333689993,0.21713006724268724,-0.6117462958260258,0.13899938027315556,-61.17462958260258,13.899938027315557,556,0.28771101246076036,earnwt_t,"age_t, I(age_t**2), np.log(earnwke_t), C(sex_t), C(race_t), C(ethnic_t), C(grade92_t), C(docc00_t), C(ind02_t), C(unionmme_t), C(unioncov_t)",analytic_sample_1516_retention.csv
2015-2016,1516,stayed_state_local,C(ind02_t)[T.7070.0],industry,-0.3987536999671024,-39.87536999671024,0.19833039364991203,19.833039364991205,0.04437272894751515,-0.7874741285605815,-0.010033271373623365,-78.74741285605815,-1.0033271373623365,556,0.28771101246076036,earnwt_t,"age_t, I(age_t**2), np.log(earnwke_t), C(sex_t), C(race_t), C(ethnic_t), C(grade92_t), C(docc00_t), C(ind02_t), C(unionmme_t), C(unioncov_t)",analytic_sample_1516_retention.csv
2015-2016,1516,stayed_state_local,C(ind02_t)[T.7390.0],industry,-1.3903238946629992,-139.03238946629992,0.2098691483664405,20.98691483664405,3.4791205709742687e-11,-1.8016598669273156,-0.9789879223986827,-180.16598669273156,-97.89879223986827,556,0.28771101246076036,earnwt_t,"age_t, I(age_t**2), np.log(earnwke_t), C(sex_t), C(race_t), C(ethnic_t), C(grade92_t), C(docc00_t), C(ind02_t), C(unionmme_t), C(unioncov_t)",analytic_sample_1516_retention.csv
2015-2016,1516,stayed_state_local,C(ind02_t)[T.7680.0],industry,-0.581813406272707,-58.18134062727069,0.21108379625343027,21.108379625343026,0.00584566938968313,-0.9955300446494211,-0.16809676789599282,-99.5530044649421,-16.80967678959928,556,0.28771101246076036,earnwt_t,"age_t, I(age_t**2), np.log(earnwke_t), C(sex_t), C(race_t), C(ethnic_t), C(grade92_t), C(docc00_t), C(ind02_t), C(unionmme_t), C(unioncov_t)",analytic_sample_1516_retention.csv
2015-2016,1516,stayed_state_local,C(ind02_t)[T.770.0],industry,-0.3355657885385821,-33.55657885385821,0.20962029908742558,20.962029908742558,0.10941529029061811,-0.7464140251784506,0.07528244810128637,-74.64140251784505,7.528244810128637,556,0.28771101246076036,earnwt_t,"age_t, I(age_t**2), np.log(earnwke_t), C(sex_t), C(race_t), C(ethnic_t), C(grade92_t), C(docc00_t), C(ind02_t), C(unionmme_t), C(unioncov_t)",analytic_sample_1516_retention.csv
2015-2016,1516,stayed_state_local,C(ind02_t)[T.7790.0],industry,-0.11380060949882509,-11.380060949882509,0.2769358253328753,27.693582533287532,0.6811255298375135,-0.6565848531801358,0.42898363418248564,-65.65848531801358,42.898363418248564,556,0.28771101246076036,earnwt_t,"age_t, I(age_t**2), np.log(earnwke_t), C(sex_t), C(race_t), C(ethnic_t), C(grade92_t), C(docc00_t), C(ind02_t), C(unionmme_t), C(unioncov_t)",analytic_sample_1516_retention.csv
2015-2016,1516,stayed_state_local,C(ind02_t)[T.7860.0],industry,-0.5029837549061527,-50.298375490615264,0.19162380147942912,19.162380147942912,0.00866871212907869,-0.8785595043864869,-0.12740800542581848,-87.85595043864869,-12.740800542581848,556,0.28771101246076036,earnwt_t,"age_t, I(age_t**2), np.log(earnwke_t), C(sex_t), C(race_t), C(ethnic_t), C(grade92_t), C(docc00_t), C(ind02_t), C(unionmme_t), C(unioncov_t)",analytic_sample_1516_retention.csv
2015-2016,1516,stayed_state_local,C(ind02_t)[T.7870.0],industry,-0.5642156026108072,-56.421560261080714,0.20560516618694658,20.560516618694656,0.006066404706233551,-0.967194323372595,-0.16123688184901935,-96.7194323372595,-16.123688184901937,556,0.28771101246076036,earnwt_t,"age_t, I(age_t**2), np.log(earnwke_t), C(sex_t), C(race_t), C(ethnic_t), C(grade92_t), C(docc00_t), C(ind02_t), C(unionmme_t), C(unioncov_t)",analytic_sample_1516_retention.csv
2015-2016,1516,stayed_state_local,C(ind02_t)[T.7880.0],industry,-0.27181897954444323,-27.181897954444324,0.21070075370219335,21.070075370219335,0.1970259294184621,-0.6847848683161867,0.14114690922730022,-68.47848683161867,14.114690922730022,556,0.28771101246076036,earnwt_t,"age_t, I(age_t**2), np.log(earnwke_t), C(sex_t), C(race_t), C(ethnic_t), C(grade92_t), C(docc00_t), C(ind02_t), C(unionmme_t), C(unioncov_t)",analytic_sample_1516_retention.csv
2015-2016,1516,stayed_state_local,C(ind02_t)[T.7890.0],industry,-0.41143806308086395,-41.1438063080864,0.2979917959350267,29.79917959350267,0.1673704053965882,-0.9954912508019256,0.17261512464019768,-99.54912508019255,17.261512464019766,556,0.28771101246076036,earnwt_t,"age_t, I(age_t**2), np.log(earnwke_t), C(sex_t), C(race_t), C(ethnic_t), C(grade92_t), C(docc00_t), C(ind02_t), C(unionmme_t), C(unioncov_t)",analytic_sample_1516_retention.csv
2015-2016,1516,stayed_state_local,C(ind02_t)[T.8090.0],industry,-1.2873220078986087,-128.73220078986088,0.19121562765691708,19.121562765691706,1.6699562623314946e-11,-1.6620977513873874,-0.9125462644098301,-166.20977513873873,-91.25462644098302,556,0.28771101246076036,earnwt_t,"age_t, I(age_t**2), np.log(earnwke_t), C(sex_t), C(race_t), C(ethnic_t), C(grade92_t), C(docc00_t), C(ind02_t), C(unionmme_t), C(unioncov_t)",analytic_sample_1516_retention.csv
2015-2016,1516,stayed_state_local,C(ind02_t)[T.8170.0],industry,-0.454490246065992,-45.449024606599195,0.24736807579658396,24.736807579658397,0.06616509478363922,-0.9393227655522708,0.030342273420286836,-93.93227655522708,3.0342273420286836,556,0.28771101246076036,earnwt_t,"age_t, I(age_t**2), np.log(earnwke_t), C(sex_t), C(race_t), C(ethnic_t), C(grade92_t), C(docc00_t), C(ind02_t), C(unionmme_t), C(unioncov_t)",analytic_sample_1516_retention.csv
2015-2016,1516,stayed_state_local,C(ind02_t)[T.8190.0],industry,-1.221353299106269,-122.1353299106269,0.2344000759572162,23.44000759572162,1.88281700534843e-07,-1.6807690059558658,-0.7619375922566722,-168.07690059558658,-76.19375922566722,556,0.28771101246076036,earnwt_t,"age_t, I(age_t**2), np.log(earnwke_t), C(sex_t), C(race_t), C(ethnic_t), C(grade92_t), C(docc00_t), C(ind02_t), C(unionmme_t), C(unioncov_t)",analytic_sample_1516_retention.csv
2015-2016,1516,stayed_state_local,C(ind02_t)[T.8270.0],industry,-1.6456578444796668,-164.56578444796668,0.20660365991952517,20.660365991952517,1.6483817457063069e-15,-2.0505935769960977,-1.240722111963236,-205.05935769960976,-124.0722111963236,556,0.28771101246076036,earnwt_t,"age_t, I(age_t**2), np.log(earnwke_t), C(sex_t), C(race_t), C(ethnic_t), C(grade92_t), C(docc00_t), C(ind02_t), C(unionmme_t), C(unioncov_t)",analytic_sample_1516_retention.csv
2015-2016,1516,stayed_state_local,C(ind02_t)[T.8290.0],industry,-0.3383692701235014,-33.83692701235014,0.260590589408342,26.059058940834202,0.19412560526137146,-0.8491174400739165,0.1723788998269138,-84.91174400739166,17.237889982691378,556,0.28771101246076036,earnwt_t,"age_t, I(age_t**2), np.log(earnwke_t), C(sex_t), C(race_t), C(ethnic_t), C(grade92_t), C(docc00_t), C(ind02_t), C(unionmme_t), C(unioncov_t)",analytic_sample_1516_retention.csv
2015-2016,1516,stayed_state_local,C(ind02_t)[T.8370.0],industry,-0.8053677984846748,-80.53677984846748,0.18276592107467324,18.276592107467323,1.0502840442229774e-05,-1.1635824213923245,-0.44715317557702516,-116.35824213923244,-44.71531755770252,556,0.28771101246076036,earnwt_t,"age_t, I(age_t**2), np.log(earnwke_t), C(sex_t), C(race_t), C(ethnic_t), C(grade92_t), C(docc00_t), C(ind02_t), C(unionmme_t), C(unioncov_t)",analytic_sample_1516_retention.csv
2015-2016,1516,stayed_state_local,C(ind02_t)[T.8390.0],industry,-0.8660978169389816,-86.60978169389816,0.3901359837334078,39.01359837334078,0.02641947524960447,-1.6307502941295653,-0.10144533974839787,-163.07502941295652,-10.144533974839787,556,0.28771101246076036,earnwt_t,"age_t, I(age_t**2), np.log(earnwke_t), C(sex_t), C(race_t), C(ethnic_t), C(grade92_t), C(docc00_t), C(ind02_t), C(unionmme_t), C(unioncov_t)",analytic_sample_1516_retention.csv
2015-2016,1516,stayed_state_local,C(ind02_t)[T.8470.0],industry,-0.8204552362153161,-82.04552362153161,0.40661166672750354,40.661166672750355,0.04361357722748462,-1.6173994586950264,-0.023511013735605824,-161.73994586950263,-2.3511013735605824,556,0.28771101246076036,earnwt_t,"age_t, I(age_t**2), np.log(earnwke_t), C(sex_t), C(race_t), C(ethnic_t), C(grade92_t), C(docc00_t), C(ind02_t), C(unionmme_t), C(unioncov_t)",analytic_sample_1516_retention.csv
2015-2016,1516,stayed_state_local,C(ind02_t)[T.8560.0],industry,-0.9707822926350851,-97.0782292635085,0.4294197744192549,42.94197744192549,0.02377884936660644,-1.812429584746139,-0.12913500052403115,-181.24295847461389,-12.913500052403116,556,0.28771101246076036,earnwt_t,"age_t, I(age_t**2), np.log(earnwke_t), C(sex_t), C(race_t), C(ethnic_t), C(grade92_t), C(docc00_t), C(ind02_t), C(unionmme_t), C(unioncov_t)",analytic_sample_1516_retention.csv
2015-2016,1516,stayed_state_local,C(ind02_t)[T.8570.0],industry,-0.4658665772604633,-46.58665772604633,0.22203418569837496,22.203418569837496,0.03588968931614722,-0.9010455845659566,-0.030687569954970018,-90.10455845659567,-3.0687569954970018,556,0.28771101246076036,earnwt_t,"age_t, I(age_t**2), np.log(earnwke_t), C(sex_t), C(race_t), C(ethnic_t), C(grade92_t), C(docc00_t), C(ind02_t), C(unionmme_t), C(unioncov_t)",analytic_sample_1516_retention.csv
2015-2016,1516,stayed_state_local,C(ind02_t)[T.8590.0],industry,-1.0162091350637388,-101.62091350637388,0.22676737738442382,22.67673773844238,7.419512423365313e-06,-1.4606650276058122,-0.5717532425216654,-146.06650276058122,-57.17532425216654,556,0.28771101246076036,earnwt_t,"age_t, I(age_t**2), np.log(earnwke_t), C(sex_t), C(race_t), C(ethnic_t), C(grade92_t), C(docc00_t), C(ind02_t), C(unionmme_t), C(unioncov_t)",analytic_sample_1516_retention.csv
2015-2016,1516,stayed_state_local,C(ind02_t)[T.9090.0],industry,-0.013726659757306248,-1.3726659757306248,0.2534138298615333,25.34138298615333,0.9568021347799085,-0.5104086394702725,0.48295531995565993,-51.04086394702725,48.295531995565995,556,0.28771101246076036,earnwt_t,"age_t, I(age_t**2), np.log(earnwke_t), C(sex_t), C(race_t), C(ethnic_t), C(grade92_t), C(docc00_t), C(ind02_t), C(unionmme_t), C(unioncov_t)",analytic_sample_1516_retention.csv
2015-2016,1516,stayed_state_local,C(ind02_t)[T.9370.0],industry,-0.3357671272846775,-33.57671272846775,0.19484635943642212,19.48463594364221,0.0848450524123202,-0.717658974298811,0.046124719729455976,-71.7658974298811,4.612471972945597,556,0.28771101246076036,earnwt_t,"age_t, I(age_t**2), np.log(earnwke_t), C(sex_t), C(race_t), C(ethnic_t), C(grade92_t), C(docc00_t), C(ind02_t), C(unionmme_t), C(unioncov_t)",analytic_sample_1516_retention.csv
2015-2016,1516,stayed_state_local,C(ind02_t)[T.9380.0],industry,-0.21554373556420336,-21.554373556420337,0.19133526277693336,19.133526277693335,0.2599438541310698,-0.5905539595795,0.15946648845109324,-59.05539595795,15.946648845109323,556,0.28771101246076036,earnwt_t,"age_t, I(age_t**2), np.log(earnwke_t), C(sex_t), C(race_t), C(ethnic_t), C(grade92_t), C(docc00_t), C(ind02_t), C(unionmme_t), C(unioncov_t)",analytic_sample_1516_retention.csv
2015-2016,1516,stayed_state_local,C(ind02_t)[T.9390.0],industry,-0.5918039573081112,-59.18039573081112,0.3699251116505081,36.992511165050814,0.10964430036876355,-1.3168438531200655,0.13323593850384308,-131.68438531200655,13.323593850384308,556,0.28771101246076036,earnwt_t,"age_t, I(age_t**2), np.log(earnwke_t), C(sex_t), C(race_t), C(ethnic_t), C(grade92_t), C(docc00_t), C(ind02_t), C(unionmme_t), C(unioncov_t)",analytic_sample_1516_retention.csv
2015-2016,1516,stayed_state_local,C(ind02_t)[T.9470.0],industry,-0.3343256196830191,-33.43256196830191,0.1875947445514898,18.75947445514898,0.07472160571518285,-0.7020045626929307,0.03335332332689245,-70.20045626929307,3.335332332689245,556,0.28771101246076036,earnwt_t,"age_t, I(age_t**2), np.log(earnwke_t), C(sex_t), C(race_t), C(ethnic_t), C(grade92_t), C(docc00_t), C(ind02_t), C(unionmme_t), C(unioncov_t)",analytic_sample_1516_retention.csv
2015-2016,1516,stayed_state_local,C(ind02_t)[T.9480.0],industry,-0.47538608936538707,-47.53860893653871,0.21743069155088135,21.743069155088136,0.028787824347620013,-0.901542413938752,-0.04922976479202218,-90.1542413938752,-4.922976479202218,556,0.28771101246076036,earnwt_t,"age_t, I(age_t**2), np.log(earnwke_t), C(sex_t), C(race_t), C(ethnic_t), C(grade92_t), C(docc00_t), C(ind02_t), C(unionmme_t), C(unioncov_t)",analytic_sample_1516_retention.csv
2015-2016,1516,stayed_state_local,C(ind02_t)[T.9490.0],industry,-0.16185091484973735,-16.185091484973736,0.19824689672698853,19.824689672698852,0.4142652006715649,-0.5504076924814664,0.22670586278199167,-55.04076924814664,22.670586278199167,556,0.28771101246076036,earnwt_t,"age_t, I(age_t**2), np.log(earnwke_t), C(sex_t), C(race_t), C(ethnic_t), C(grade92_t), C(docc00_t), C(ind02_t), C(unionmme_t), C(unioncov_t)",analytic_sample_1516_retention.csv
2015-2016,1516,stayed_state_local,C(ind02_t)[T.9570.0],industry,-0.3973873868190889,-39.73873868190889,0.2061281205185251,20.61281205185251,0.05387180081116026,-0.8013910792363299,0.006616305598152017,-80.13910792363299,0.6616305598152017,556,0.28771101246076036,earnwt_t,"age_t, I(age_t**2), np.log(earnwke_t), C(sex_t), C(race_t), C(ethnic_t), C(grade92_t), C(docc00_t), C(ind02_t), C(unionmme_t), C(unioncov_t)",analytic_sample_1516_retention.csv
2015-2016,1516,stayed_state_local,C(ind02_t)[T.9590.0],industry,-0.2557795312737361,-25.57795312737361,0.19102993690785802,19.1029936907858,0.18058695543059056,-0.6301913275820966,0.11863226503462443,-63.019132758209665,11.863226503462442,556,0.28771101246076036,earnwt_t,"age_t, I(age_t**2), np.log(earnwke_t), C(sex_t), C(race_t), C(ethnic_t), C(grade92_t), C(docc00_t), C(ind02_t), C(unionmme_t), C(unioncov_t)",analytic_sample_1516_retention.csv
2015-2016,1516,stayed_state_local,C(unionmme_t)[T.2.0],union,0.14172879907248348,14.172879907248348,0.10212900880473681,10.212900880473681,0.1652153708704771,-0.05844037996157475,0.3418979781065417,-5.844037996157475,34.18979781065417,556,0.28771101246076036,earnwt_t,"age_t, I(age_t**2), np.log(earnwke_t), C(sex_t), C(race_t), C(ethnic_t), C(grade92_t), C(docc00_t), C(ind02_t), C(unionmme_t), C(unioncov_t)",analytic_sample_1516_retention.csv
2015-2016,1516,stayed_state_local,C(unioncov_t)[T.2.0],union,-0.11849843153506656,-11.849843153506656,0.07293156146419465,7.293156146419465,0.10420743007443703,-0.26144166534115737,0.024444802271024246,-26.144166534115737,2.4444802271024244,556,0.28771101246076036,earnwt_t,"age_t, I(age_t**2), np.log(earnwke_t), C(sex_t), C(race_t), C(ethnic_t), C(grade92_t), C(docc00_t), C(ind02_t), C(unionmme_t), C(unioncov_t)",analytic_sample_1516_retention.csv
2015-2016,1516,stayed_state_local,C(unioncov_t)[T.MISSING],union,0.059505549507848476,5.950554950784848,0.10025015901156131,10.02501590115613,0.5527993332904442,-0.13698115159922525,0.2559922506149222,-13.698115159922525,25.59922506149222,556,0.28771101246076036,earnwt_t,"age_t, I(age_t**2), np.log(earnwke_t), C(sex_t), C(race_t), C(ethnic_t), C(grade92_t), C(docc00_t), C(ind02_t), C(unionmme_t), C(unioncov_t)",analytic_sample_1516_retention.csv
2015-2016,1516,stayed_state_local,illinois,treatment,-0.07517747747951997,-7.517747747951997,0.039903856348997735,3.9903856348997735,0.05956968022823537,-0.1533875987678155,0.003032643808775562,-15.338759876781548,0.3032643808775562,556,0.28771101246076036,earnwt_t,"age_t, I(age_t**2), np.log(earnwke_t), C(sex_t), C(race_t), C(ethnic_t), C(grade92_t), C(docc00_t), C(ind02_t), C(unionmme_t), C(unioncov_t)",analytic_sample_1516_retention.csv
2015-2016,1516,stayed_state_local,age_t,age,0.0016393293996167062,0.16393293996167063,0.010727289747524717,1.0727289747524718,0.8785413294466028,-0.019385772157257508,0.02266443095649092,-1.9385772157257508,2.266443095649092,556,0.28771101246076036,earnwt_t,"age_t, I(age_t**2), np.log(earnwke_t), C(sex_t), C(race_t), C(ethnic_t), C(grade92_t), C(docc00_t), C(ind02_t), C(unionmme_t), C(unioncov_t)",analytic_sample_1516_retention.csv
2015-2016,1516,stayed_state_local,I(age_t ** 2),age,-4.251665668043809e-06,-0.0004251665668043809,0.00011656957811022599,0.011656957811022599,0.9709050468872255,-0.00023272384045711542,0.0002242205091210278,-0.023272384045711542,0.02242205091210278,556,0.28771101246076036,earnwt_t,"age_t, I(age_t**2), np.log(earnwke_t), C(sex_t), C(race_t), C(ethnic_t), C(grade92_t), C(docc00_t), C(ind02_t), C(unionmme_t), C(unioncov_t)",analytic_sample_1516_retention.csv
2015-2016,1516,stayed_state_local,np.log(earnwke_t),earnings,0.08821181777327225,8.821181777327226,0.03037837829243379,3.037837829243379,0.0036869913011598797,0.028671290411368636,0.14775234513517588,2.8671290411368635,14.775234513517589,556,0.28771101246076036,earnwt_t,"age_t, I(age_t**2), np.log(earnwke_t), C(sex_t), C(race_t), C(ethnic_t), C(grade92_t), C(docc00_t), C(ind02_t), C(unionmme_t), C(unioncov_t)",analytic_sample_1516_retention.csv
2016-2017,1617,stayed_state_local,Intercept,intercept,0.49170323772911567,49.170323772911566,0.19496836889283597,19.496836889283596,0.011670159943286249,0.10957225657463776,0.8738342188835936,10.957225657463777,87.38342188835936,518,0.25589670961737687,earnwt_t,"age_t, I(age_t**2), np.log(earnwke_t), C(sex_t), C(race_t), C(ethnic_t), C(grade92_t), C(docc00_t), C(ind02_t), C(unionmme_t), C(unioncov_t)",analytic_sample_1617_retention.csv
2016-2017,1617,stayed_state_local,C(sex_t)[T.2],sex,0.0033338004052713213,0.3333800405271321,0.04937979549850005,4.937979549850005,0.9461729540844284,-0.09344882033574187,0.1001164211462845,-9.344882033574187,10.011642114628449,518,0.25589670961737687,earnwt_t,"age_t, I(age_t**2), np.log(earnwke_t), C(sex_t), C(race_t), C(ethnic_t), C(grade92_t), C(docc00_t), C(ind02_t), C(unionmme_t), C(unioncov_t)",analytic_sample_1617_retention.csv
2016-2017,1617,stayed_state_local,C(race_t)[T.2],race,-0.007381391884206404,-0.7381391884206403,0.07510066579828006,7.510066579828006,0.9217046888640769,-0.15457599206381434,0.13981320829540156,-15.457599206381435,13.981320829540156,518,0.25589670961737687,earnwt_t,"age_t, I(age_t**2), np.log(earnwke_t), C(sex_t), C(race_t), C(ethnic_t), C(grade92_t), C(docc00_t), C(ind02_t), C(unionmme_t), C(unioncov_t)",analytic_sample_1617_retention.csv
2016-2017,1617,stayed_state_local,C(race_t)[T.4],race,0.027103689171980083,2.710368917198008,0.14712169976048414,14.712169976048415,0.8538359133611275,-0.26124954370288395,0.3154569220468441,-26.124954370288396,31.54569220468441,518,0.25589670961737687,earnwt_t,"age_t, I(age_t**2), np.log(earnwke_t), C(sex_t), C(race_t), C(ethnic_t), C(grade92_t), C(docc00_t), C(ind02_t), C(unionmme_t), C(unioncov_t)",analytic_sample_1617_retention.csv
2016-2017,1617,stayed_state_local,C(race_t)[T.5],race,0.13461865889782654,13.461865889782654,0.059498884573750646,5.9498884573750646,0.02366400584297017,0.01800298801296947,0.2512343297826836,1.800298801296947,25.12343297826836,518,0.25589670961737687,earnwt_t,"age_t, I(age_t**2), np.log(earnwke_t), C(sex_t), C(race_t), C(ethnic_t), C(grade92_t), C(docc00_t), C(ind02_t), C(unionmme_t), C(unioncov_t)",analytic_sample_1617_retention.csv
2016-2017,1617,stayed_state_local,C(race_t)[T.6],race,0.11804357573904901,11.804357573904902,0.0768229628665511,7.68229628665511,0.12439955062954851,-0.032526664665049096,0.2686138161431471,-3.2526664665049094,26.861381614314713,518,0.25589670961737687,earnwt_t,"age_t, I(age_t**2), np.log(earnwke_t), C(sex_t), C(race_t), C(ethnic_t), C(grade92_t), C(docc00_t), C(ind02_t), C(unionmme_t), C(unioncov_t)",analytic_sample_1617_retention.csv
2016-2017,1617,stayed_state_local,C(race_t)[T.7],race,0.012536254134352443,1.2536254134352443,0.1945172066595112,19.451720665951118,0.9486134733080154,-0.36871046529162427,0.39378297356032915,-36.87104652916243,39.37829735603292,518,0.25589670961737687,earnwt_t,"age_t, I(age_t**2), np.log(earnwke_t), C(sex_t), C(race_t), C(ethnic_t), C(grade92_t), C(docc00_t), C(ind02_t), C(unionmme_t), C(unioncov_t)",analytic_sample_1617_retention.csv
2016-2017,1617,stayed_state_local,C(ethnic_t)[T.2.0],ethnicity_hispanic,-0.011323341983906665,-1.1323341983906665,0.2995862011464897,29.95862011464897,0.9698498494589819,-0.5985015064961987,0.5758548225283855,-59.85015064961987,57.585482252838545,518,0.25589670961737687,earnwt_t,"age_t, I(age_t**2), np.log(earnwke_t), C(sex_t), C(race_t), C(ethnic_t), C(grade92_t), C(docc00_t), C(ind02_t), C(unionmme_t), C(unioncov_t)",analytic_sample_1617_retention.csv
2016-2017,1617,stayed_state_local,C(ethnic_t)[T.3.0],ethnicity_hispanic,0.7041888587620483,70.41888587620483,0.1508684741071536,15.08684741071536,3.0478592396514252e-06,0.40849208310951357,0.999885634414583,40.849208310951354,99.9885634414583,518,0.25589670961737687,earnwt_t,"age_t, I(age_t**2), np.log(earnwke_t), C(sex_t), C(race_t), C(ethnic_t), C(grade92_t), C(docc00_t), C(ind02_t), C(unionmme_t), C(unioncov_t)",analytic_sample_1617_retention.csv
2016-2017,1617,stayed_state_local,C(ethnic_t)[T.7.0],ethnicity_hispanic,0.21658024015187224,21.658024015187223,0.17895343119553175,17.895343119553175,0.2261790115860578,-0.13416203990123657,0.5673225202049811,-13.416203990123657,56.73225202049811,518,0.25589670961737687,earnwt_t,"age_t, I(age_t**2), np.log(earnwke_t), C(sex_t), C(race_t), C(ethnic_t), C(grade92_t), C(docc00_t), C(ind02_t), C(unionmme_t), C(unioncov_t)",analytic_sample_1617_retention.csv
2016-2017,1617,stayed_state_local,C(ethnic_t)[T.8.0],ethnicity_hispanic,0.5143496915044401,51.43496915044401,0.14110779846026708,14.110779846026707,0.0002673051188896554,0.23778348858458015,0.7909158944243,23.778348858458013,79.09158944243,518,0.25589670961737687,earnwt_t,"age_t, I(age_t**2), np.log(earnwke_t), C(sex_t), C(race_t), C(ethnic_t), C(grade92_t), C(docc00_t), C(ind02_t), C(unionmme_t), C(unioncov_t)",analytic_sample_1617_retention.csv
2016-2017,1617,stayed_state_local,C(ethnic_t)[T.MISSING],ethnicity_hispanic,0.22370948692326853,22.370948692326852,0.1331513818106008,13.31513818106008,0.092935157620059,-0.03726242591725065,0.4846813997637877,-3.7262425917250654,48.46813997637877,518,0.25589670961737687,earnwt_t,"age_t, I(age_t**2), np.log(earnwke_t), C(sex_t), C(race_t), C(ethnic_t), C(grade92_t), C(docc00_t), C(ind02_t), C(unionmme_t), C(unioncov_t)",analytic_sample_1617_retention.csv
2016-2017,1617,stayed_state_local,C(grade92_t)[T.34],education,-0.4187558470953071,-41.87558470953071,0.21140660800326663,21.140660800326664,0.04761283760266217,-0.8331051848754869,-0.0044065093151273715,-83.31051848754869,-0.44065093151273715,518,0.25589670961737687,earnwt_t,"age_t, I(age_t**2), np.log(earnwke_t), C(sex_t), C(race_t), C(ethnic_t), C(grade92_t), C(docc00_t), C(ind02_t), C(unionmme_t), C(unioncov_t)",analytic_sample_1617_retention.csv
2016-2017,1617,stayed_state_local,C(grade92_t)[T.35],education,-0.5074639572473598,-50.74639572473598,0.3090865854511799,30.90865854511799,0.10062770228290098,-1.1132625328361343,0.09833461834141466,-111.32625328361343,9.833461834141467,518,0.25589670961737687,earnwt_t,"age_t, I(age_t**2), np.log(earnwke_t), C(sex_t), C(race_t), C(ethnic_t), C(grade92_t), C(docc00_t), C(ind02_t), C(unionmme_t), C(unioncov_t)",analytic_sample_1617_retention.csv
2016-2017,1617,stayed_state_local,C(grade92_t)[T.36],education,-0.4101832838599672,-41.018328385996725,0.3087637773408956,30.876377734089562,0.18402302840801243,-1.015349167178667,0.1949825994587326,-101.5349167178667,19.498259945873258,518,0.25589670961737687,earnwt_t,"age_t, I(age_t**2), np.log(earnwke_t), C(sex_t), C(race_t), C(ethnic_t), C(grade92_t), C(docc00_t), C(ind02_t), C(unionmme_t), C(unioncov_t)",analytic_sample_1617_retention.csv
2016-2017,1617,stayed_state_local,C(grade92_t)[T.37],education,-1.3072683451315266,-130.72683451315265,0.21762242536172915,21.762242536172916,1.8893164946683056e-09,-1.7338004610687716,-0.8807362291942814,-173.38004610687716,-88.07362291942815,518,0.25589670961737687,earnwt_t,"age_t, I(age_t**2), np.log(earnwke_t), C(sex_t), C(race_t), C(ethnic_t), C(grade92_t), C(docc00_t), C(ind02_t), C(unionmme_t), C(unioncov_t)",analytic_sample_1617_retention.csv
2016-2017,1617,stayed_state_local,C(grade92_t)[T.38],education,-1.0524456961616493,-105.24456961616492,0.34755171398893187,34.75517139889319,0.0024603958223621348,-1.7336345383451213,-0.3712568539781772,-173.36345383451211,-37.12568539781772,518,0.25589670961737687,earnwt_t,"age_t, I(age_t**2), np.log(earnwke_t), C(sex_t), C(race_t), C(ethnic_t), C(grade92_t), C(docc00_t), C(ind02_t), C(unionmme_t), C(unioncov_t)",analytic_sample_1617_retention.csv
2016-2017,1617,stayed_state_local,C(grade92_t)[T.39],education,-0.5798733520729373,-57.98733520729373,0.14903604313996555,14.903604313996555,9.990344415966129e-05,-0.8719786290256276,-0.28776807512024705,-87.19786290256276,-28.776807512024703,518,0.25589670961737687,earnwt_t,"age_t, I(age_t**2), np.log(earnwke_t), C(sex_t), C(race_t), C(ethnic_t), C(grade92_t), C(docc00_t), C(ind02_t), C(unionmme_t), C(unioncov_t)",analytic_sample_1617_retention.csv
2016-2017,1617,stayed_state_local,C(grade92_t)[T.40],education,-0.5710410343278827,-57.104103432788264,0.15240627786917155,15.240627786917155,0.00017908045898531685,-0.8697518499692628,-0.27233021868650253,-86.97518499692627,-27.233021868650255,518,0.25589670961737687,earnwt_t,"age_t, I(age_t**2), np.log(earnwke_t), C(sex_t), C(race_t), C(ethnic_t), C(grade92_t), C(docc00_t), C(ind02_t), C(unionmme_t), C(unioncov_t)",analytic_sample_1617_retention.csv
2016-2017,1617,stayed_state_local,C(grade92_t)[T.41],education,-0.42580183331319954,-42.58018333131995,0.1775841187777156,17.75841187777156,0.016496243350366115,-0.7738603103438053,-0.07774335628259382,-77.38603103438054,-7.774335628259382,518,0.25589670961737687,earnwt_t,"age_t, I(age_t**2), np.log(earnwke_t), C(sex_t), C(race_t), C(ethnic_t), C(grade92_t), C(docc00_t), C(ind02_t), C(unionmme_t), C(unioncov_t)",analytic_sample_1617_retention.csv
2016-2017,1617,stayed_state_local,C(grade92_t)[T.42],education,-0.5896120492653594,-58.961204926535935,0.15397569257896648,15.397569257896649,0.0001285322510267952,-0.891398861214745,-0.2878252373159738,-89.1398861214745,-28.782523731597383,518,0.25589670961737687,earnwt_t,"age_t, I(age_t**2), np.log(earnwke_t), C(sex_t), C(race_t), C(ethnic_t), C(grade92_t), C(docc00_t), C(ind02_t), C(unionmme_t), C(unioncov_t)",analytic_sample_1617_retention.csv
2016-2017,1617,stayed_state_local,C(grade92_t)[T.43],education,-0.47863017699379323,-47.86301769937932,0.13841325580330072,13.841325580330071,0.0005442431469222846,-0.7499151733511923,-0.20734518063639418,-74.99151733511923,-20.734518063639417,518,0.25589670961737687,earnwt_t,"age_t, I(age_t**2), np.log(earnwke_t), C(sex_t), C(race_t), C(ethnic_t), C(grade92_t), C(docc00_t), C(ind02_t), C(unionmme_t), C(unioncov_t)",analytic_sample_1617_retention.csv
2016-2017,1617,stayed_state_local,C(grade92_t)[T.44],education,-0.4125400376982036,-41.25400376982036,0.1367465897708568,13.674658977085679,0.002554402694430342,-0.6805584286577563,-0.14452164673865087,-68.05584286577563,-14.452164673865086,518,0.25589670961737687,earnwt_t,"age_t, I(age_t**2), np.log(earnwke_t), C(sex_t), C(race_t), C(ethnic_t), C(grade92_t), C(docc00_t), C(ind02_t), C(unionmme_t), C(unioncov_t)",analytic_sample_1617_retention.csv
2016-2017,1617,stayed_state_local,C(grade92_t)[T.45],education,-0.457931406291219,-45.7931406291219,0.24793544900239892,24.79354490023989,0.0647502782380157,-0.9438759568266881,0.028013144244250165,-94.38759568266882,2.8013144244250165,518,0.25589670961737687,earnwt_t,"age_t, I(age_t**2), np.log(earnwke_t), C(sex_t), C(race_t), C(ethnic_t), C(grade92_t), C(docc00_t), C(ind02_t), C(unionmme_t), C(unioncov_t)",analytic_sample_1617_retention.csv
2016-2017,1617,stayed_state_local,C(grade92_t)[T.46],education,-0.5010560806414941,-50.10560806414941,0.1736766707314464,17.36766707314464,0.003914216396764345,-0.8414561002299508,-0.16065606105303742,-84.14561002299507,-16.065606105303743,518,0.25589670961737687,earnwt_t,"age_t, I(age_t**2), np.log(earnwke_t), C(sex_t), C(race_t), C(ethnic_t), C(grade92_t), C(docc00_t), C(ind02_t), C(unionmme_t), C(unioncov_t)",analytic_sample_1617_retention.csv
2016-2017,1617,stayed_state_local,C(docc00_t)[T.10.0],occupation,-0.18289266296580814,-18.289266296580813,0.20594308980587656,20.594308980587655,0.37450105321337934,-0.5865337018502241,0.22074837591860785,-58.65337018502241,22.074837591860785,518,0.25589670961737687,earnwt_t,"age_t, I(age_t**2), np.log(earnwke_t), C(sex_t), C(race_t), C(ethnic_t), C(grade92_t), C(docc00_t), C(ind02_t), C(unionmme_t), C(unioncov_t)",analytic_sample_1617_retention.csv
2016-2017,1617,stayed_state_local,C(docc00_t)[T.11.0],occupation,-0.4823633549991814,-48.23633549991814,0.2893738198498737,28.937381984987372,0.0955300748136739,-1.0495256199737157,0.08479890997535283,-104.95256199737157,8.479890997535284,518,0.25589670961737687,earnwt_t,"age_t, I(age_t**2), np.log(earnwke_t), C(sex_t), C(race_t), C(ethnic_t), C(grade92_t), C(docc00_t), C(ind02_t), C(unionmme_t), C(unioncov_t)",analytic_sample_1617_retention.csv
2016-2017,1617,stayed_state_local,C(docc00_t)[T.12.0],occupation,-0.034702963650572446,-3.4702963650572447,0.13836429484718699,13.836429484718698,0.801962044334771,-0.30589199829733993,0.236486070996195,-30.589199829733992,23.6486070996195,518,0.25589670961737687,earnwt_t,"age_t, I(age_t**2), np.log(earnwke_t), C(sex_t), C(race_t), C(ethnic_t), C(grade92_t), C(docc00_t), C(ind02_t), C(unionmme_t), C(unioncov_t)",analytic_sample_1617_retention.csv
2016-2017,1617,stayed_state_local,C(docc00_t)[T.13.0],occupation,-0.246388435736941,-24.6388435736941,0.1955944275016255,19.55944275016255,0.2077810456455067,-0.6297464692168576,0.13696959774297565,-62.97464692168576,13.696959774297564,518,0.25589670961737687,earnwt_t,"age_t, I(age_t**2), np.log(earnwke_t), C(sex_t), C(race_t), C(ethnic_t), C(grade92_t), C(docc00_t), C(ind02_t), C(unionmme_t), C(unioncov_t)",analytic_sample_1617_retention.csv
2016-2017,1617,stayed_state_local,C(docc00_t)[T.14.0],occupation,-0.023625681468639637,-2.3625681468639637,0.122768037805539,12.2768037805539,0.8473962847023482,-0.2642466140201478,0.21699525108286857,-26.42466140201478,21.699525108286856,518,0.25589670961737687,earnwt_t,"age_t, I(age_t**2), np.log(earnwke_t), C(sex_t), C(race_t), C(ethnic_t), C(grade92_t), C(docc00_t), C(ind02_t), C(unionmme_t), C(unioncov_t)",analytic_sample_1617_retention.csv
2016-2017,1617,stayed_state_local,C(docc00_t)[T.15.0],occupation,-0.19328130356228596,-19.328130356228595,0.15961291403299613,15.961291403299613,0.22591926191679346,-0.5061168665344462,0.11955425940987424,-50.61168665344462,11.955425940987425,518,0.25589670961737687,earnwt_t,"age_t, I(age_t**2), np.log(earnwke_t), C(sex_t), C(race_t), C(ethnic_t), C(grade92_t), C(docc00_t), C(ind02_t), C(unionmme_t), C(unioncov_t)",analytic_sample_1617_retention.csv
2016-2017,1617,stayed_state_local,C(docc00_t)[T.16.0],occupation,-0.2914700098260353,-29.147000982603533,0.45153742666552077,45.15374266655208,0.5185994867098095,-1.1764671037623518,0.5935270841102812,-117.64671037623518,59.35270841102812,518,0.25589670961737687,earnwt_t,"age_t, I(age_t**2), np.log(earnwke_t), C(sex_t), C(race_t), C(ethnic_t), C(grade92_t), C(docc00_t), C(ind02_t), C(unionmme_t), C(unioncov_t)",analytic_sample_1617_retention.csv
2016-2017,1617,stayed_state_local,C(docc00_t)[T.17.0],occupation,-0.040745029837541094,-4.074502983754109,0.10602815634963729,10.60281563496373,0.7007672259362898,-0.24855639763001203,0.16706633795492987,-24.855639763001204,16.706633795492987,518,0.25589670961737687,earnwt_t,"age_t, I(age_t**2), np.log(earnwke_t), C(sex_t), C(race_t), C(ethnic_t), C(grade92_t), C(docc00_t), C(ind02_t), C(unionmme_t), C(unioncov_t)",analytic_sample_1617_retention.csv
2016-2017,1617,stayed_state_local,C(docc00_t)[T.19.0],occupation,-0.10511899470339686,-10.511899470339687,0.18821841285060562,18.82184128506056,0.5765065911461742,-0.47402030511787474,0.263782315711081,-47.40203051178747,26.378231571108103,518,0.25589670961737687,earnwt_t,"age_t, I(age_t**2), np.log(earnwke_t), C(sex_t), C(race_t), C(ethnic_t), C(grade92_t), C(docc00_t), C(ind02_t), C(unionmme_t), C(unioncov_t)",analytic_sample_1617_retention.csv
2016-2017,1617,stayed_state_local,C(docc00_t)[T.2.0],occupation,-0.12201405706441507,-12.201405706441507,0.1587427474711438,15.87427474711438,0.4421144157923822,-0.4331441249147937,0.18911601078596355,-43.314412491479374,18.911601078596355,518,0.25589670961737687,earnwt_t,"age_t, I(age_t**2), np.log(earnwke_t), C(sex_t), C(race_t), C(ethnic_t), C(grade92_t), C(docc00_t), C(ind02_t), C(unionmme_t), C(unioncov_t)",analytic_sample_1617_retention.csv
2016-2017,1617,stayed_state_local,C(docc00_t)[T.20.0],occupation,0.017719648180476083,1.7719648180476084,0.18282094707330968,18.282094707330966,0.9227871371699159,-0.34060282370271433,0.37604212006366644,-34.06028237027143,37.604212006366645,518,0.25589670961737687,earnwt_t,"age_t, I(age_t**2), np.log(earnwke_t), C(sex_t), C(race_t), C(ethnic_t), C(grade92_t), C(docc00_t), C(ind02_t), C(unionmme_t), C(unioncov_t)",analytic_sample_1617_retention.csv
2016-2017,1617,stayed_state_local,C(docc00_t)[T.21.0],occupation,-0.8766167972246155,-87.66167972246154,0.279717563632668,27.9717563632668,0.0017247877556313869,-1.4248531477879356,-0.3283804466612954,-142.48531477879357,-32.83804466612954,518,0.25589670961737687,earnwt_t,"age_t, I(age_t**2), np.log(earnwke_t), C(sex_t), C(race_t), C(ethnic_t), C(grade92_t), C(docc00_t), C(ind02_t), C(unionmme_t), C(unioncov_t)",analytic_sample_1617_retention.csv
2016-2017,1617,stayed_state_local,C(docc00_t)[T.22.0],occupation,0.025684509854891194,2.5684509854891195,0.12863658576037368,12.863658576037368,0.8417408498076941,-0.22643856532963919,0.27780758503942155,-22.64385653296392,27.780758503942156,518,0.25589670961737687,earnwt_t,"age_t, I(age_t**2), np.log(earnwke_t), C(sex_t), C(race_t), C(ethnic_t), C(grade92_t), C(docc00_t), C(ind02_t), C(unionmme_t), C(unioncov_t)",analytic_sample_1617_retention.csv
2016-2017,1617,stayed_state_local,C(docc00_t)[T.3.0],occupation,-0.07027459342488973,-7.027459342488973,0.18422114768293893,18.42211476829389,0.7028555257152707,-0.43134140807408444,0.290792221224305,-43.13414080740844,29.079222122430497,518,0.25589670961737687,earnwt_t,"age_t, I(age_t**2), np.log(earnwke_t), C(sex_t), C(race_t), C(ethnic_t), C(grade92_t), C(docc00_t), C(ind02_t), C(unionmme_t), C(unioncov_t)",analytic_sample_1617_retention.csv
2016-2017,1617,stayed_state_local,C(docc00_t)[T.4.0],occupation,-0.06305343461930607,-6.305343461930607,0.1922115376480407,19.22115376480407,0.742879995651079,-0.43978112582253054,0.3136742565839184,-43.978112582253054,31.36742565839184,518,0.25589670961737687,earnwt_t,"age_t, I(age_t**2), np.log(earnwke_t), C(sex_t), C(race_t), C(ethnic_t), C(grade92_t), C(docc00_t), C(ind02_t), C(unionmme_t), C(unioncov_t)",analytic_sample_1617_retention.csv
2016-2017,1617,stayed_state_local,C(docc00_t)[T.5.0],occupation,-0.41535844555845863,-41.53584455584586,0.1890781702493021,18.90781702493021,0.0280379372799127,-0.7859448495098235,-0.044772041607093804,-78.59448495098235,-4.47720416070938,518,0.25589670961737687,earnwt_t,"age_t, I(age_t**2), np.log(earnwke_t), C(sex_t), C(race_t), C(ethnic_t), C(grade92_t), C(docc00_t), C(ind02_t), C(unionmme_t), C(unioncov_t)",analytic_sample_1617_retention.csv
2016-2017,1617,stayed_state_local,C(docc00_t)[T.6.0],occupation,-0.18995023928606028,-18.995023928606027,0.12220306298419048,12.220306298419048,0.12009332844007037,-0.42946384153555345,0.04956336296343289,-42.94638415355534,4.956336296343289,518,0.25589670961737687,earnwt_t,"age_t, I(age_t**2), np.log(earnwke_t), C(sex_t), C(race_t), C(ethnic_t), C(grade92_t), C(docc00_t), C(ind02_t), C(unionmme_t), C(unioncov_t)",analytic_sample_1617_retention.csv
2016-2017,1617,stayed_state_local,C(docc00_t)[T.7.0],occupation,-0.13271059692612833,-13.271059692612832,0.22649059721905968,22.649059721905967,0.5579137695693595,-0.576624010312453,0.3112028164601963,-57.6624010312453,31.12028164601963,518,0.25589670961737687,earnwt_t,"age_t, I(age_t**2), np.log(earnwke_t), C(sex_t), C(race_t), C(ethnic_t), C(grade92_t), C(docc00_t), C(ind02_t), C(unionmme_t), C(unioncov_t)",analytic_sample_1617_retention.csv
2016-2017,1617,stayed_state_local,C(docc00_t)[T.8.0],occupation,-0.16868351046504448,-16.868351046504447,0.08435372906000915,8.435372906000914,0.0455309281993864,-0.33401378138431215,-0.0033532395457767927,-33.40137813843121,-0.3353239545776793,518,0.25589670961737687,earnwt_t,"age_t, I(age_t**2), np.log(earnwke_t), C(sex_t), C(race_t), C(ethnic_t), C(grade92_t), C(docc00_t), C(ind02_t), C(unionmme_t), C(unioncov_t)",analytic_sample_1617_retention.csv
2016-2017,1617,stayed_state_local,C(docc00_t)[T.9.0],occupation,0.17010405617165586,17.010405617165585,0.109510217823278,10.9510217823278,0.12034747940077284,-0.044532026701105315,0.38474013904441706,-4.453202670110532,38.474013904441705,518,0.25589670961737687,earnwt_t,"age_t, I(age_t**2), np.log(earnwke_t), C(sex_t), C(race_t), C(ethnic_t), C(grade92_t), C(docc00_t), C(ind02_t), C(unionmme_t), C(unioncov_t)",analytic_sample_1617_retention.csv
2016-2017,1617,stayed_state_local,C(ind02_t)[T.570.0],industry,-0.028190570671423415,-2.8190570671423414,0.17977223130912293,17.977223130912293,0.8753924561026517,-0.3805376694577083,0.3241565281148614,-38.05376694577083,32.41565281148614,518,0.25589670961737687,earnwt_t,"age_t, I(age_t**2), np.log(earnwke_t), C(sex_t), C(race_t), C(ethnic_t), C(grade92_t), C(docc00_t), C(ind02_t), C(unionmme_t), C(unioncov_t)",analytic_sample_1617_retention.csv
2016-2017,1617,stayed_state_local,C(ind02_t)[T.580.0],industry,0.06601043961426818,6.601043961426818,0.2948757647183233,29.487576471832327,0.8228674262708601,-0.5119354391473522,0.6439563183758886,-51.193543914735216,64.39563183758887,518,0.25589670961737687,earnwt_t,"age_t, I(age_t**2), np.log(earnwke_t), C(sex_t), C(race_t), C(ethnic_t), C(grade92_t), C(docc00_t), C(ind02_t), C(unionmme_t), C(unioncov_t)",analytic_sample_1617_retention.csv
2016-2017,1617,stayed_state_local,C(ind02_t)[T.590.0],industry,0.0928789630435754,9.28789630435754,0.20270438752172315,20.270438752172314,0.6468094237367189,-0.3044143360072523,0.4901722620944031,-30.441433600725233,49.01722620944031,518,0.25589670961737687,earnwt_t,"age_t, I(age_t**2), np.log(earnwke_t), C(sex_t), C(race_t), C(ethnic_t), C(grade92_t), C(docc00_t), C(ind02_t), C(unionmme_t), C(unioncov_t)",analytic_sample_1617_retention.csv
2016-2017,1617,stayed_state_local,C(ind02_t)[T.6180.0],industry,0.0840479107706704,8.40479107706704,0.12076091664834214,12.076091664834214,0.4864375795255734,-0.15263913660012363,0.3207349581414644,-15.263913660012363,32.07349581414644,518,0.25589670961737687,earnwt_t,"age_t, I(age_t**2), np.log(earnwke_t), C(sex_t), C(race_t), C(ethnic_t), C(grade92_t), C(docc00_t), C(ind02_t), C(unionmme_t), C(unioncov_t)",analytic_sample_1617_retention.csv
2016-2017,1617,stayed_state_local,C(ind02_t)[T.6290.0],industry,0.23301313417971137,23.301313417971137,0.16768322305324043,16.768322305324045,0.16464942011029038,-0.09563994381623642,0.5616662121756592,-9.563994381623642,56.16662121756592,518,0.25589670961737687,earnwt_t,"age_t, I(age_t**2), np.log(earnwke_t), C(sex_t), C(race_t), C(ethnic_t), C(grade92_t), C(docc00_t), C(ind02_t), C(unionmme_t), C(unioncov_t)",analytic_sample_1617_retention.csv
2016-2017,1617,stayed_state_local,C(ind02_t)[T.6670.0],industry,0.16262342471670915,16.262342471670916,0.10530892293265512,10.530892293265511,0.12252750320976497,-0.04377827148199906,0.3690251209154174,-4.377827148199906,36.90251209154174,518,0.25589670961737687,earnwt_t,"age_t, I(age_t**2), np.log(earnwke_t), C(sex_t), C(race_t), C(ethnic_t), C(grade92_t), C(docc00_t), C(ind02_t), C(unionmme_t), C(unioncov_t)",analytic_sample_1617_retention.csv
2016-2017,1617,stayed_state_local,C(ind02_t)[T.670.0],industry,-0.005790944469345555,-0.5790944469345555,0.28668699988773294,28.668699988773295,0.9838841977666725,-0.5676871390851407,0.5561052501464495,-56.768713908514066,55.61052501464495,518,0.25589670961737687,earnwt_t,"age_t, I(age_t**2), np.log(earnwke_t), C(sex_t), C(race_t), C(ethnic_t), C(grade92_t), C(docc00_t), C(ind02_t), C(unionmme_t), C(unioncov_t)",analytic_sample_1617_retention.csv
2016-2017,1617,stayed_state_local,C(ind02_t)[T.6770.0],industry,-0.2486750919882827,-24.86750919882827,0.2237451204967099,22.37451204967099,0.266387049540997,-0.6872074698784087,0.1898572859018433,-68.72074698784087,18.98572859018433,518,0.25589670961737687,earnwt_t,"age_t, I(age_t**2), np.log(earnwke_t), C(sex_t), C(race_t), C(ethnic_t), C(grade92_t), C(docc00_t), C(ind02_t), C(unionmme_t), C(unioncov_t)",analytic_sample_1617_retention.csv
2016-2017,1617,stayed_state_local,C(ind02_t)[T.680.0],industry,1.1868269018576458,118.68269018576459,0.28874879530073827,28.874879530073827,3.952477792504219e-05,0.6208896624888705,1.7527641412264212,62.08896624888705,175.2764141226421,518,0.25589670961737687,earnwt_t,"age_t, I(age_t**2), np.log(earnwke_t), C(sex_t), C(race_t), C(ethnic_t), C(grade92_t), C(docc00_t), C(ind02_t), C(unionmme_t), C(unioncov_t)",analytic_sample_1617_retention.csv
2016-2017,1617,stayed_state_local,C(ind02_t)[T.6970.0],industry,0.10882662115546593,10.882662115546593,0.17672723225949752,17.672723225949753,0.5380340290991976,-0.2375523891605944,0.45520563147152626,-23.75523891605944,45.52056314715263,518,0.25589670961737687,earnwt_t,"age_t, I(age_t**2), np.log(earnwke_t), C(sex_t), C(race_t), C(ethnic_t), C(grade92_t), C(docc00_t), C(ind02_t), C(unionmme_t), C(unioncov_t)",analytic_sample_1617_retention.csv
2016-2017,1617,stayed_state_local,C(ind02_t)[T.6990.0],industry,0.18966355394253676,18.966355394253675,0.08426004679622034,8.426004679622034,0.02438990602757212,0.024516896886285305,0.3548102109987882,2.4516896886285307,35.48102109987882,518,0.25589670961737687,earnwt_t,"age_t, I(age_t**2), np.log(earnwke_t), C(sex_t), C(race_t), C(ethnic_t), C(grade92_t), C(docc00_t), C(ind02_t), C(unionmme_t), C(unioncov_t)",analytic_sample_1617_retention.csv
2016-2017,1617,stayed_state_local,C(ind02_t)[T.7070.0],industry,0.2568157307760303,25.68157307760303,0.1164225726240807,11.642257262408071,0.027391496811860976,0.02863168144533329,0.48499978010672734,2.8631681445333292,48.499978010672734,518,0.25589670961737687,earnwt_t,"age_t, I(age_t**2), np.log(earnwke_t), C(sex_t), C(race_t), C(ethnic_t), C(grade92_t), C(docc00_t), C(ind02_t), C(unionmme_t), C(unioncov_t)",analytic_sample_1617_retention.csv
2016-2017,1617,stayed_state_local,C(ind02_t)[T.7290.0],industry,0.09502820148387948,9.502820148387949,0.16846763270402265,16.846763270402263,0.5727038120145227,-0.2351622911767271,0.42521869414448604,-23.51622911767271,42.5218694144486,518,0.25589670961737687,earnwt_t,"age_t, I(age_t**2), np.log(earnwke_t), C(sex_t), C(race_t), C(ethnic_t), C(grade92_t), C(docc00_t), C(ind02_t), C(unionmme_t), C(unioncov_t)",analytic_sample_1617_retention.csv
2016-2017,1617,stayed_state_local,C(ind02_t)[T.7380.0],industry,0.33024853995358316,33.02485399535831,0.09186366800955036,9.186366800955035,0.0003244098414956268,0.15019905916712015,0.5102980207400462,15.019905916712014,51.029802074004614,518,0.25589670961737687,earnwt_t,"age_t, I(age_t**2), np.log(earnwke_t), C(sex_t), C(race_t), C(ethnic_t), C(grade92_t), C(docc00_t), C(ind02_t), C(unionmme_t), C(unioncov_t)",analytic_sample_1617_retention.csv
2016-2017,1617,stayed_state_local,C(ind02_t)[T.770.0],industry,0.13687882686794994,13.687882686794994,0.14054816512884352,14.054816512884353,0.33010983691263474,-0.1385905148777717,0.4123481686136716,-13.859051487777169,41.23481686136716,518,0.25589670961737687,earnwt_t,"age_t, I(age_t**2), np.log(earnwke_t), C(sex_t), C(race_t), C(ethnic_t), C(grade92_t), C(docc00_t), C(ind02_t), C(unionmme_t), C(unioncov_t)",analytic_sample_1617_retention.csv
2016-2017,1617,stayed_state_local,C(ind02_t)[T.7790.0],industry,0.3287271738090473,32.87271738090473,0.13753423246341634,13.753423246341633,0.016841583490667323,0.05916503153939179,0.5982893160787028,5.916503153939178,59.82893160787028,518,0.25589670961737687,earnwt_t,"age_t, I(age_t**2), np.log(earnwke_t), C(sex_t), C(race_t), C(ethnic_t), C(grade92_t), C(docc00_t), C(ind02_t), C(unionmme_t), C(unioncov_t)",analytic_sample_1617_retention.csv
2016-2017,1617,stayed_state_local,C(ind02_t)[T.7860.0],industry,0.08604912989208567,8.604912989208566,0.058905627813745545,5.8905627813745545,0.1440713201667932,-0.029403779109576478,0.20150203889374782,-2.9403779109576478,20.150203889374783,518,0.25589670961737687,earnwt_t,"age_t, I(age_t**2), np.log(earnwke_t), C(sex_t), C(race_t), C(ethnic_t), C(grade92_t), C(docc00_t), C(ind02_t), C(unionmme_t), C(unioncov_t)",analytic_sample_1617_retention.csv
2016-2017,1617,stayed_state_local,C(ind02_t)[T.7870.0],industry,0.04048727432901349,4.048727432901349,0.07510750470631425,7.510750470631425,0.589847082222394,-0.10672072986403504,0.18769527852206203,-10.672072986403505,18.769527852206203,518,0.25589670961737687,earnwt_t,"age_t, I(age_t**2), np.log(earnwke_t), C(sex_t), C(race_t), C(ethnic_t), C(grade92_t), C(docc00_t), C(ind02_t), C(unionmme_t), C(unioncov_t)",analytic_sample_1617_retention.csv
2016-2017,1617,stayed_state_local,C(ind02_t)[T.7880.0],industry,0.17469311860182204,17.469311860182206,0.07561800692741769,7.561800692741769,0.02087679206786506,0.026484548441383066,0.322901688762261,2.6484548441383065,32.2901688762261,518,0.25589670961737687,earnwt_t,"age_t, I(age_t**2), np.log(earnwke_t), C(sex_t), C(race_t), C(ethnic_t), C(grade92_t), C(docc00_t), C(ind02_t), C(unionmme_t), C(unioncov_t)",analytic_sample_1617_retention.csv
2016-2017,1617,stayed_state_local,C(ind02_t)[T.7890.0],industry,-0.07465006977016458,-7.465006977016459,0.2297686828288629,22.97686828288629,0.7452626047203348,-0.5249884128899426,0.3756882733496134,-52.49884128899426,37.56882733496134,518,0.25589670961737687,earnwt_t,"age_t, I(age_t**2), np.log(earnwke_t), C(sex_t), C(race_t), C(ethnic_t), C(grade92_t), C(docc00_t), C(ind02_t), C(unionmme_t), C(unioncov_t)",analytic_sample_1617_retention.csv
2016-2017,1617,stayed_state_local,C(ind02_t)[T.8090.0],industry,0.2768566674451042,27.685666744510417,0.1544277722290393,15.442777222903931,0.07300640377394378,-0.025816204336567616,0.579529539226776,-2.5816204336567616,57.952953922677594,518,0.25589670961737687,earnwt_t,"age_t, I(age_t**2), np.log(earnwke_t), C(sex_t), C(race_t), C(ethnic_t), C(grade92_t), C(docc00_t), C(ind02_t), C(unionmme_t), C(unioncov_t)",analytic_sample_1617_retention.csv
2016-2017,1617,stayed_state_local,C(ind02_t)[T.8170.0],industry,-0.38204543280658254,-38.20454328065826,0.38221329738717946,38.22132973871795,0.3175230971896664,-1.1311697300977515,0.3670788644845864,-113.11697300977515,36.70788644845864,518,0.25589670961737687,earnwt_t,"age_t, I(age_t**2), np.log(earnwke_t), C(sex_t), C(race_t), C(ethnic_t), C(grade92_t), C(docc00_t), C(ind02_t), C(unionmme_t), C(unioncov_t)",analytic_sample_1617_retention.csv
2016-2017,1617,stayed_state_local,C(ind02_t)[T.8180.0],industry,-0.41539403911236183,-41.539403911236185,0.21765904118936616,21.765904118936614,0.05633151225409117,-0.8419979207530397,0.011209842528316027,-84.19979207530398,1.1209842528316027,518,0.25589670961737687,earnwt_t,"age_t, I(age_t**2), np.log(earnwke_t), C(sex_t), C(race_t), C(ethnic_t), C(grade92_t), C(docc00_t), C(ind02_t), C(unionmme_t), C(unioncov_t)",analytic_sample_1617_retention.csv
2016-2017,1617,stayed_state_local,C(ind02_t)[T.8190.0],industry,-0.4802648521217838,-48.026485212178386,0.28752496377671216,28.752496377671218,0.09485183545260122,-1.0438034257803233,0.08327372153675561,-104.38034257803233,8.327372153675562,518,0.25589670961737687,earnwt_t,"age_t, I(age_t**2), np.log(earnwke_t), C(sex_t), C(race_t), C(ethnic_t), C(grade92_t), C(docc00_t), C(ind02_t), C(unionmme_t), C(unioncov_t)",analytic_sample_1617_retention.csv
2016-2017,1617,stayed_state_local,C(ind02_t)[T.8270.0],industry,0.43588178544072137,43.588178544072136,0.188367641967535,18.8367641967535,0.02066799531234645,0.06668799133161718,0.8050755795498256,6.668799133161718,80.50755795498256,518,0.25589670961737687,earnwt_t,"age_t, I(age_t**2), np.log(earnwke_t), C(sex_t), C(race_t), C(ethnic_t), C(grade92_t), C(docc00_t), C(ind02_t), C(unionmme_t), C(unioncov_t)",analytic_sample_1617_retention.csv
2016-2017,1617,stayed_state_local,C(ind02_t)[T.8290.0],industry,-0.01688342184967931,-1.6883421849679308,0.17811382695860906,17.811382695860907,0.9244815755779987,-0.3659801078371524,0.33221326413779384,-36.59801078371524,33.22132641377939,518,0.25589670961737687,earnwt_t,"age_t, I(age_t**2), np.log(earnwke_t), C(sex_t), C(race_t), C(ethnic_t), C(grade92_t), C(docc00_t), C(ind02_t), C(unionmme_t), C(unioncov_t)",analytic_sample_1617_retention.csv
2016-2017,1617,stayed_state_local,C(ind02_t)[T.8370.0],industry,0.2373813135600883,23.73813135600883,0.12331882846990833,12.331882846990833,0.05423689754574001,-0.004319148856604699,0.47908177597678125,-0.43191488566046987,47.908177597678126,518,0.25589670961737687,earnwt_t,"age_t, I(age_t**2), np.log(earnwke_t), C(sex_t), C(race_t), C(ethnic_t), C(grade92_t), C(docc00_t), C(ind02_t), C(unionmme_t), C(unioncov_t)",analytic_sample_1617_retention.csv
2016-2017,1617,stayed_state_local,C(ind02_t)[T.8380.0],industry,-0.8286404319911032,-82.86404319911031,0.09979355987876914,9.979355987876914,1.0104908104078878e-16,-1.024232215242532,-0.6330486487396743,-102.42322152425321,-63.304864873967425,518,0.25589670961737687,earnwt_t,"age_t, I(age_t**2), np.log(earnwke_t), C(sex_t), C(race_t), C(ethnic_t), C(grade92_t), C(docc00_t), C(ind02_t), C(unionmme_t), C(unioncov_t)",analytic_sample_1617_retention.csv
2016-2017,1617,stayed_state_local,C(ind02_t)[T.8470.0],industry,0.4997672323642328,49.97672323642328,0.20422205107339952,20.422205107339952,0.014398064823292069,0.09949936741147025,0.9000350973169954,9.949936741147026,90.00350973169954,518,0.25589670961737687,earnwt_t,"age_t, I(age_t**2), np.log(earnwke_t), C(sex_t), C(race_t), C(ethnic_t), C(grade92_t), C(docc00_t), C(ind02_t), C(unionmme_t), C(unioncov_t)",analytic_sample_1617_retention.csv
2016-2017,1617,stayed_state_local,C(ind02_t)[T.8570.0],industry,0.29153939921999694,29.153939921999694,0.16900070472915105,16.900070472915104,0.0845134150726429,-0.03969589541102708,0.622774693851021,-3.9695895411027085,62.2774693851021,518,0.25589670961737687,earnwt_t,"age_t, I(age_t**2), np.log(earnwke_t), C(sex_t), C(race_t), C(ethnic_t), C(grade92_t), C(docc00_t), C(ind02_t), C(unionmme_t), C(unioncov_t)",analytic_sample_1617_retention.csv
2016-2017,1617,stayed_state_local,C(ind02_t)[T.8590.0],industry,0.09078837669034401,9.078837669034401,0.2833964339038416,28.33964339038416,0.7486967946410877,-0.46465842710827143,0.6462351804889594,-46.46584271082715,64.62351804889595,518,0.25589670961737687,earnwt_t,"age_t, I(age_t**2), np.log(earnwke_t), C(sex_t), C(race_t), C(ethnic_t), C(grade92_t), C(docc00_t), C(ind02_t), C(unionmme_t), C(unioncov_t)",analytic_sample_1617_retention.csv
2016-2017,1617,stayed_state_local,C(ind02_t)[T.9090.0],industry,-0.9015216832430428,-90.15216832430428,0.1112798415258142,11.127984152581421,5.433360514011927e-16,-1.1196261648389634,-0.6834172016471223,-111.96261648389634,-68.34172016471223,518,0.25589670961737687,earnwt_t,"age_t, I(age_t**2), np.log(earnwke_t), C(sex_t), C(race_t), C(ethnic_t), C(grade92_t), C(docc00_t), C(ind02_t), C(unionmme_t), C(unioncov_t)",analytic_sample_1617_retention.csv
2016-2017,1617,stayed_state_local,C(ind02_t)[T.9370.0],industry,0.11078067755023661,11.078067755023662,0.09680750440072053,9.680750440072053,0.25248275506469287,-0.0789585445083784,0.3005198996088516,-7.89585445083784,30.051989960885162,518,0.25589670961737687,earnwt_t,"age_t, I(age_t**2), np.log(earnwke_t), C(sex_t), C(race_t), C(ethnic_t), C(grade92_t), C(docc00_t), C(ind02_t), C(unionmme_t), C(unioncov_t)",analytic_sample_1617_retention.csv
2016-2017,1617,stayed_state_local,C(ind02_t)[T.9380.0],industry,0.1797601048570502,17.97601048570502,0.1775164598897713,17.75164598897713,0.3112325854675756,-0.1681657631899506,0.5276859729040511,-16.81657631899506,52.768597290405104,518,0.25589670961737687,earnwt_t,"age_t, I(age_t**2), np.log(earnwke_t), C(sex_t), C(race_t), C(ethnic_t), C(grade92_t), C(docc00_t), C(ind02_t), C(unionmme_t), C(unioncov_t)",analytic_sample_1617_retention.csv
2016-2017,1617,stayed_state_local,C(ind02_t)[T.9470.0],industry,0.16840168654172263,16.840168654172263,0.10937595722908783,10.937595722908783,0.1236434743021931,-0.04597125040188288,0.38277462348532815,-4.597125040188288,38.277462348532815,518,0.25589670961737687,earnwt_t,"age_t, I(age_t**2), np.log(earnwke_t), C(sex_t), C(race_t), C(ethnic_t), C(grade92_t), C(docc00_t), C(ind02_t), C(unionmme_t), C(unioncov_t)",analytic_sample_1617_retention.csv
2016-2017,1617,stayed_state_local,C(ind02_t)[T.9480.0],industry,0.06159425248502386,6.159425248502386,0.10173988089448208,10.173988089448208,0.5449071880663601,-0.13781224985955573,0.26100075482960344,-13.781224985955573,26.100075482960346,518,0.25589670961737687,earnwt_t,"age_t, I(age_t**2), np.log(earnwke_t), C(sex_t), C(race_t), C(ethnic_t), C(grade92_t), C(docc00_t), C(ind02_t), C(unionmme_t), C(unioncov_t)",analytic_sample_1617_retention.csv
2016-2017,1617,stayed_state_local,C(ind02_t)[T.9490.0],industry,0.1358485135777299,13.58485135777299,0.171515587243745,17.1515587243745,0.4283329071899109,-0.20031586020724781,0.47201288736270763,-20.03158602072478,47.20128873627076,518,0.25589670961737687,earnwt_t,"age_t, I(age_t**2), np.log(earnwke_t), C(sex_t), C(race_t), C(ethnic_t), C(grade92_t), C(docc00_t), C(ind02_t), C(unionmme_t), C(unioncov_t)",analytic_sample_1617_retention.csv
2016-2017,1617,stayed_state_local,C(ind02_t)[T.9570.0],industry,-0.05820504027684171,-5.820504027684171,0.22570985731401744,22.570985731401745,0.7965030006369858,-0.5005882315679904,0.38417815101430697,-50.058823156799036,38.4178151014307,518,0.25589670961737687,earnwt_t,"age_t, I(age_t**2), np.log(earnwke_t), C(sex_t), C(race_t), C(ethnic_t), C(grade92_t), C(docc00_t), C(ind02_t), C(unionmme_t), C(unioncov_t)",analytic_sample_1617_retention.csv
2016-2017,1617,stayed_state_local,C(unionmme_t)[T.2.0],union,0.2436509517148335,24.36509517148335,0.12673545267647401,12.673545267647402,0.054540846255287316,-0.004745971095435952,0.49204787452510296,-0.47459710954359524,49.204787452510296,518,0.25589670961737687,earnwt_t,"age_t, I(age_t**2), np.log(earnwke_t), C(sex_t), C(race_t), C(ethnic_t), C(grade92_t), C(docc00_t), C(ind02_t), C(unionmme_t), C(unioncov_t)",analytic_sample_1617_retention.csv
2016-2017,1617,stayed_state_local,C(unioncov_t)[T.2.0],union,-0.17410878350102155,-17.410878350102156,0.13539060405671097,13.539060405671096,0.1984521697007391,-0.43946949129729757,0.09125192429525447,-43.94694912972976,9.125192429525447,518,0.25589670961737687,earnwt_t,"age_t, I(age_t**2), np.log(earnwke_t), C(sex_t), C(race_t), C(ethnic_t), C(grade92_t), C(docc00_t), C(ind02_t), C(unionmme_t), C(unioncov_t)",analytic_sample_1617_retention.csv
2016-2017,1617,stayed_state_local,C(unioncov_t)[T.MISSING],union,0.24805228601428803,24.8052286014288,0.10837959547927213,10.837959547927213,0.022094693760766768,0.03563218221589459,0.46047238981268146,3.5632182215894592,46.047238981268144,518,0.25589670961737687,earnwt_t,"age_t, I(age_t**2), np.log(earnwke_t), C(sex_t), C(race_t), C(ethnic_t), C(grade92_t), C(docc00_t), C(ind02_t), C(unionmme_t), C(unioncov_t)",analytic_sample_1617_retention.csv
2016-2017,1617,stayed_state_local,illinois,treatment,-0.023522534173967508,-2.3522534173967506,0.04146230533932515,4.146230533932515,0.5704945122654734,-0.10478715935504758,0.05774209100711257,-10.478715935504757,5.774209100711257,518,0.25589670961737687,earnwt_t,"age_t, I(age_t**2), np.log(earnwke_t), C(sex_t), C(race_t), C(ethnic_t), C(grade92_t), C(docc00_t), C(ind02_t), C(unionmme_t), C(unioncov_t)",analytic_sample_1617_retention.csv
2016-2017,1617,stayed_state_local,age_t,age,0.02238950160917972,2.238950160917972,0.011463675444618621,1.1463675444618622,0.050809843891944664,-7.888939272896953e-05,0.04485789261108841,-0.007888939272896953,4.485789261108842,518,0.25589670961737687,earnwt_t,"age_t, I(age_t**2), np.log(earnwke_t), C(sex_t), C(race_t), C(ethnic_t), C(grade92_t), C(docc00_t), C(ind02_t), C(unionmme_t), C(unioncov_t)",analytic_sample_1617_retention.csv
2016-2017,1617,stayed_state_local,I(age_t ** 2),age,-0.0002125676169618955,-0.02125676169618955,0.00012678380989314403,0.012678380989314402,0.0936178232289455,-0.0004610593181752308,3.592408425143976e-05,-0.04610593181752308,0.0035924084251439756,518,0.25589670961737687,earnwt_t,"age_t, I(age_t**2), np.log(earnwke_t), C(sex_t), C(race_t), C(ethnic_t), C(grade92_t), C(docc00_t), C(ind02_t), C(unionmme_t), C(unioncov_t)",analytic_sample_1617_retention.csv
2016-2017,1617,stayed_state_local,np.log(earnwke_t),earnings,-0.014625148580130788,-1.462514858013079,0.03586467671355407,3.5864676713554067,0.6834300655672165,-0.0849186232558691,0.05566832609560753,-8.49186232558691,5.566832609560754,518,0.25589670961737687,earnwt_t,"age_t, I(age_t**2), np.log(earnwke_t), C(sex_t), C(race_t), C(ethnic_t), C(grade92_t), C(docc00_t), C(ind02_t), C(unionmme_t), C(unioncov_t)",analytic_sample_1617_retention.csv
