hhid,intmonth,hurespli_t,hrhtype_t,minsamp_x,hrlonglk_t,hrsample_t,hrhhid2_t,serial_t,hhnum,state_t,stfips_t,cbsafips_t,county_t,centcity_t,smsastat_t,icntcity_t,smsa04_t,relref95_t,age_t,spouse_t,sex_t,grade92_t,race_t,ethnic_t,lineno,famnum_t,pfamrel_t,marital_t,prpertyp_t,penatvty_t,pemntvty_t,pefntvty_t,prcitshp_t,prcitflg_t,peinusyr_t,selfproxy_t,lfsr94_t,absent94_t,uhourse_t,reason94_t,hourslw_t,laydur_t,dwrsn_t,why3594_t,prunedur_t,untype_t,ftpt94_t,class94_t,agri_t,eligible_t,otc_t,ernpdh2_t,paidhre_t,earnhre_t,earnwke_t,unionmme_t,unioncov_t,schenr_t,studftpt_t,schlvl_t,earnwt_t,weight_t,chldpres_t,ownchild_t,i25d_t,i25c_t,i25a_t,i25b_t,qstnum_t,occurnum_t,ged_t,gedhigr_t,yrcoll_t,grprof_t,gr6cor_t,ms123_t,cmpwgt_t,ind02_t,occ2012_t,occ002_t,vet1_t,vet2_t,vet3_t,vet4_t,linedad_t,linemom_t,recnum_t,year_t,ym_file_t,ym_t,ch02_t,ch35_t,ch613_t,ch1417_t,ch05_t,ihigrdc_t,docc00_t,dind02_t,year_file_x,hurespli_t1,hrhtype_t1,minsamp_y,hrlonglk_t1,hrsample_t1,hrhhid2_t1,serial_t1,stfips_t1,cbsafips_t1,county_t1,centcity_t1,smsastat_t1,icntcity_t1,smsa04_t1,relref95_t1,age_t1,spouse_t1,sex_t1,grade92_t1,race_t1,ethnic_t1,famnum_t1,pfamrel_t1,marital_t1,prpertyp_t1,penatvty_t1,pemntvty_t1,pefntvty_t1,prcitshp_t1,prcitflg_t1,peinusyr_t1,selfproxy_t1,lfsr94_t1,absent94_t1,uhourse_t1,reason94_t1,hourslw_t1,laydur_t1,dwrsn_t1,why3594_t1,prunedur_t1,untype_t1,ftpt94_t1,class94_t1,agri_t1,eligible_t1,otc_t1,ernpdh2_t1,paidhre_t1,earnhre_t1,earnwke_t1,unionmme_t1,unioncov_t1,schenr_t1,studftpt_t1,schlvl_t1,earnwt_t1,weight_t1,chldpres_t1,ownchild_t1,i25d_t1,i25c_t1,i25a_t1,i25b_t1,qstnum_t1,occurnum_t1,ged_t1,gedhigr_t1,yrcoll_t1,grprof_t1,gr6cor_t1,ms123_t1,cmpwgt_t1,ind02_t1,occ2012_t1,occ002_t1,vet1_t1,vet2_t1,vet3_t1,vet4_t1,linedad_t1,linemom_t1,recnum_t1,year_t1,ym_file_t1,ym_t1,ch02_t1,ch35_t1,ch613_t1,ch1417_t1,ch05_t1,ihigrdc_t1,docc00_t1,dind02_t1,year_file_y,pair_type,pair,stayed_public,moved_private,moved_self_employed,not_employed_t1,retired_t1,exited_public,switched_class94,analytic_sample
310974092517939,1,1.0,1,4,2,9200,92001,1,1,33.0,17,16980,0,1.0,1.0,3.0,7,1,66,2.0,2,39,1,,1,1,1,1,2,57,57,57,1,0,0,1.0,1.0,,20.0,,20.0,,,18.0,,,7.0,3.0,0.0,1,2.0,,1.0,725.0,145.0,2.0,2.0,,,,11747.5932,2716.6622,0,0,1.0,1.0,0,42,43033,1,1.0,,,,,,2696.9537,7860.0,4130.0,-1,,,,,,,10981.0,2014,648,645,0,0,0,0,0,12.0,13.0,40.0,2014,2.0,1,8,2,9200,92001,1,17,16980,0,1.0,1.0,3.0,7,1,67,2.0,2,39,1,,1,1,1,2,57,57,57,1,0,0,2.0,6.0,,,,,,,,,,1.0,3.0,0.0,2,,,,,,,,,,,11908.0187,2981.4153,0,0,,,0,0,31029,1,1.0,,,,,,2983.2651,8680.0,4130.0,-1,,,,,,,11752.0,2015,660,645,0,0,0,0,0,12.0,13.0,46.0,2015,MIS4_to_MIS8,2014-2015,True,False,False,False,False,False,False,1
310974092517939,1,1.0,1,4,2,9200,92001,1,1,33.0,17,16980,0,1.0,1.0,3.0,7,3,70,1.0,1,43,1,,2,1,2,1,2,57,57,57,1,0,0,2.0,1.0,,40.0,,40.0,,,,,,2.0,1.0,0.0,1,2.0,,1.0,1000.0,400.0,2.0,2.0,,,,12313.5871,3046.9604,0,0,1.0,1.0,0,42,43033,2,,,,2.0,,,3005.3869,9490.0,565.0,-1,,,,,,,10982.0,2014,648,645,0,0,0,0,0,16.0,2.0,51.0,2014,2.0,1,8,2,9200,92001,1,17,16980,0,1.0,1.0,3.0,7,3,71,1.0,1,43,1,,1,2,1,2,57,57,57,1,0,0,1.0,1.0,,40.0,8.0,32.0,,,8.0,,,4.0,1.0,0.0,1,1.0,2.0,2.0,,1538.0,2.0,2.0,,,,13598.27,3360.6984,0,0,1.0,,0,42,31029,2,,,,,,,3225.9799,9490.0,565.0,-1,,,,,,,11753.0,2015,660,645,0,0,0,0,0,,2.0,51.0,2015,MIS4_to_MIS8,2014-2015,True,False,False,False,False,False,False,1
571389017906795,1,1.0,1,4,2,9200,92001,1,1,33.0,17,16980,0,1.0,1.0,1.0,7,3,66,1.0,1,40,1,,2,1,2,1,2,57,57,57,1,0,0,2.0,1.0,,40.0,,40.0,,,,,,2.0,3.0,0.0,1,2.0,2.0,2.0,,961.0,1.0,,,,,12789.1667,3164.6412,0,0,1.0,,0,0,57804,2,,,2.0,,,,3121.462,9470.0,5220.0,-1,4.0,,,,,,11026.0,2014,648,645,0,0,0,0,0,13.0,17.0,51.0,2014,2.0,1,8,2,9200,92001,1,17,16980,0,1.0,1.0,1.0,7,3,67,1.0,1,40,1,,1,2,1,2,57,57,57,1,0,0,2.0,1.0,,40.0,,40.0,,,,,,2.0,3.0,0.0,1,2.0,2.0,2.0,,1057.69,1.0,,,,,13478.8012,3331.1727,0,0,0.0,,0,0,6519,2,,,1.0,,,,3197.6378,9470.0,5220.0,-1,4.0,,,,,,11806.0,2015,660,645,0,0,0,0,0,12.0,17.0,51.0,2015,MIS4_to_MIS8,2014-2015,True,False,False,False,False,False,False,1
799240533190971,1,1.0,1,4,2,9200,92001,1,1,33.0,17,16980,0,1.0,1.0,3.0,7,3,33,1.0,1,43,1,,2,1,2,1,2,57,57,57,1,0,0,2.0,1.0,,40.0,,40.0,,,,,,2.0,3.0,0.0,1,1.0,2.0,2.0,,1923.07,1.0,,2.0,,,10891.514,2717.6051,3,2,0.0,,0,0,43032,2,,,,2.0,,,2751.2827,9470.0,3850.0,-1,,,,,,,11115.0,2014,648,645,0,0,1,0,0,16.0,12.0,51.0,2014,1.0,1,8,2,9200,92001,1,17,16980,0,1.0,1.0,3.0,7,3,34,1.0,1,43,1,,1,2,1,2,57,57,57,1,0,0,2.0,1.0,,40.0,,40.0,,,,,,2.0,3.0,0.0,1,1.0,,1.0,2300.0,1920.0,1.0,,2.0,,,11740.3289,2896.7324,3,2,1.0,1.0,0,42,41292,2,,,,,,,2912.0884,9470.0,3850.0,-1,,,,,,,11883.0,2015,660,645,0,0,1,0,0,,12.0,51.0,2015,MIS4_to_MIS8,2014-2015,True,False,False,False,False,False,False,1
904067207178880,1,1.0,1,4,2,9200,92001,1,1,33.0,17,16980,0,1.0,1.0,,7,1,58,2.0,1,43,1,,1,1,1,1,2,57,57,57,1,0,0,1.0,1.0,,30.0,,30.0,,,14.0,,,6.0,3.0,0.0,1,2.0,,1.0,1600.0,480.0,2.0,2.0,,,,15074.8373,3667.8561,0,0,0.0,0.0,0,0,21150,1,,,,2.0,,,3693.6389,7860.0,9120.0,-1,,,,,,,11136.0,2014,648,645,0,0,0,0,0,16.0,22.0,40.0,2014,1.0,1,8,2,9200,92001,1,17,16980,0,1.0,1.0,,7,1,59,2.0,1,43,1,,1,1,1,2,57,57,57,1,0,0,1.0,1.0,,32.0,,32.0,,,15.0,,,7.0,3.0,0.0,1,2.0,,1.0,2200.0,440.0,2.0,2.0,,,,13596.3028,3452.6756,0,0,0.0,0.0,0,0,3779,1,,,,,,,3441.1994,7860.0,9120.0,-1,,,,,,,11897.0,2015,660,645,0,0,0,0,0,,22.0,40.0,2015,MIS4_to_MIS8,2014-2015,True,False,False,False,False,False,False,1
904067207178880,1,1.0,1,4,2,9200,92001,1,1,33.0,17,16980,0,1.0,1.0,,7,3,55,1.0,2,43,1,,2,1,2,1,2,57,57,57,1,0,0,2.0,1.0,,35.0,,35.0,,,,,,2.0,3.0,0.0,1,2.0,1.0,1.0,2400.0,961.53,2.0,2.0,,,,10167.2257,2614.6325,0,0,0.0,0.0,0,0,21150,2,,,,2.0,,,2608.4698,9370.0,530.0,-1,,,,,,,11137.0,2014,648,645,0,0,0,0,0,16.0,2.0,51.0,2014,1.0,1,8,2,9200,92001,1,17,16980,0,1.0,1.0,,7,3,56,1.0,2,43,1,,1,2,1,2,57,57,57,1,0,0,2.0,2.0,4.0,35.0,,,,,,,,5.0,3.0,0.0,1,2.0,1.0,1.0,1759.0,961.53,1.0,,,,,11927.5847,2880.8614,0,0,0.0,1.0,0,0,3779,2,,,,,,,2907.4573,9370.0,530.0,-1,,,,,,,11898.0,2015,660,645,0,0,0,0,0,,2.0,51.0,2015,MIS4_to_MIS8,2014-2015,True,False,False,False,False,False,False,1
171856007001007,1,1.0,1,4,2,9200,92001,1,1,33.0,17,41180,119,2.0,1.0,,6,3,30,1.0,2,44,1,,2,1,2,1,2,57,57,57,1,0,0,2.0,1.0,,50.0,,50.0,,,,,,2.0,3.0,0.0,1,2.0,2.0,2.0,,961.53,1.0,,2.0,,,11509.8821,2970.5245,5,2,0.0,,0,0,33278,2,,,,,,3.0,2968.3105,7860.0,2330.0,-1,,,,,,,11338.0,2014,648,645,1,1,0,0,1,18.0,8.0,40.0,2014,1.0,1,8,2,9200,92001,1,17,41180,119,2.0,1.0,,6,3,31,1.0,2,44,1,,1,2,1,2,57,57,57,1,0,0,2.0,1.0,,50.0,,44.0,,,,,,2.0,3.0,0.0,1,2.0,2.0,2.0,,1000.0,1.0,,2.0,,,11156.0937,2811.6283,5,2,0.0,,0,0,30974,2,,,,,,,2809.7354,7860.0,2330.0,-1,,,,,,,12098.0,2015,660,645,1,1,0,0,1,,8.0,40.0,2015,MIS4_to_MIS8,2014-2015,True,False,False,False,False,False,False,1
193797001096703,1,1.0,7,4,2,9200,92001,1,1,33.0,17,16980,0,2.0,1.0,,7,2,32,,2,44,1,,1,0,0,5,2,57,57,57,1,0,0,1.0,1.0,,44.0,,44.0,,,,,,2.0,2.0,0.0,1,2.0,2.0,2.0,,961.38,2.0,2.0,2.0,,,10820.6346,2792.6402,0,0,0.0,,0,0,53718,1,,,,,,2.0,2790.5588,7870.0,1650.0,-1,,,,,,,11359.0,2014,648,645,0,0,0,0,0,18.0,5.0,40.0,2014,1.0,7,8,2,9200,92001,1,17,16980,0,2.0,1.0,,7,2,33,,2,44,1,,0,0,5,2,57,57,57,1,0,0,1.0,1.0,,40.0,,42.0,,,,,,2.0,5.0,0.0,1,2.0,2.0,2.0,,961.53,2.0,2.0,2.0,,,11156.0937,2811.6283,0,0,0.0,,0,0,28483,1,,,,,,,2809.7354,7870.0,230.0,2340,,,,,,,12122.0,2015,660,645,0,0,0,0,0,,1.0,40.0,2015,MIS4_to_MIS8,2014-2015,False,True,False,False,False,True,True,1
196997003031758,1,1.0,1,4,2,9200,92001,1,1,33.0,17,16980,0,2.0,1.0,,7,3,52,1.0,2,39,1,,2,1,2,1,2,57,57,57,1,0,0,2.0,1.0,,40.0,,40.0,,,,,,2.0,2.0,0.0,1,2.0,,1.0,1000.0,400.0,2.0,2.0,2.0,,,10734.6811,2687.0519,0,0,1.0,1.0,0,42,33205,2,1.0,,,,,,2665.6074,9370.0,5700.0,-1,,,,,,,11380.0,2014,648,645,0,0,0,0,0,12.0,17.0,51.0,2014,1.0,1,8,2,9200,92001,1,17,16980,0,2.0,1.0,,7,3,53,1.0,2,39,1,,1,2,1,2,57,57,57,1,0,0,2.0,1.0,,38.0,,38.0,,,,,,2.0,3.0,0.0,1,2.0,2.0,2.0,,550.0,2.0,2.0,2.0,,,11748.7572,2963.9598,0,0,1.0,,0,42,41231,2,1.0,,,,,,2965.0467,9370.0,6420.0,-1,,,,,,,12130.0,2015,660,645,0,0,0,0,0,12.0,19.0,51.0,2015,MIS4_to_MIS8,2014-2015,True,False,False,False,False,False,True,1
199927808012768,1,1.0,1,4,2,9200,92001,1,1,33.0,17,16980,0,2.0,1.0,,7,4,19,,2,40,1,,3,1,3,7,2,57,57,57,1,0,0,2.0,1.0,,10.0,,10.0,,,20.0,,,7.0,2.0,0.0,1,2.0,,1.0,1000.0,100.0,1.0,,1.0,1.0,2.0,12841.7626,3079.3013,0,0,1.0,1.0,0,42,53768,3,,,2.0,,,,2974.3866,7870.0,5320.0,-1,,,,,1.0,1.0,11402.0,2014,648,645,0,0,0,0,0,13.0,17.0,40.0,2014,1.0,1,8,2,9200,92001,1,17,16980,0,2.0,1.0,,7,4,20,,2,40,1,,1,3,7,2,57,57,57,1,0,0,2.0,1.0,,10.0,,20.0,,,20.0,,,7.0,4.0,0.0,1,2.0,,1.0,800.0,80.0,2.0,2.0,1.0,1.0,2.0,11962.0772,3030.0068,0,0,1.0,1.0,0,0,18625,3,,,3.0,,,,3011.2624,6770.0,5400.0,2540,,,,,1.0,1.0,12143.0,2015,660,645,0,0,0,0,0,14.0,17.0,31.0,2015,MIS4_to_MIS8,2014-2015,False,True,False,False,False,True,True,1
207906281891897,1,2.0,1,4,2,9200,92001,1,1,33.0,17,16980,0,2.0,1.0,,7,3,56,1.0,2,40,1,,2,1,2,1,2,57,57,57,1,0,0,1.0,1.0,,40.0,,40.0,,,,,,2.0,1.0,0.0,1,2.0,2.0,2.0,,961.0,2.0,2.0,,,,9646.8498,2480.8111,0,0,1.0,,0,0,21362,2,,,3.0,,,,2474.9639,9470.0,430.0,-1,,,,,,,11408.0,2014,648,645,0,0,0,0,0,14.0,1.0,51.0,2014,2.0,1,8,2,9200,92001,1,17,16980,0,2.0,1.0,,7,3,57,1.0,2,40,1,,1,2,1,2,57,57,57,1,0,0,1.0,1.0,,40.0,,40.0,,,,,,2.0,1.0,0.0,1,2.0,2.0,2.0,,1538.46,2.0,2.0,,,,11516.9894,2781.6906,0,0,0.0,,0,0,18626,2,,,4.0,,,,2807.3709,9470.0,5220.0,-1,,,,,,,12148.0,2015,660,645,0,0,0,0,0,15.0,17.0,51.0,2015,MIS4_to_MIS8,2014-2015,True,False,False,False,False,False,False,1
371544057803393,1,2.0,1,4,2,9200,92001,1,1,33.0,17,16980,0,2.0,1.0,,7,1,65,2.0,1,44,1,,1,1,1,1,2,57,57,57,1,0,0,2.0,1.0,,35.0,,35.0,,,,,,2.0,3.0,0.0,1,2.0,2.0,2.0,,1038.0,2.0,2.0,,,,12134.5953,3002.6694,0,0,1.0,,0,0,8190,1,,,,,,2.0,2961.7002,7860.0,2320.0,-1,,,,,,,11493.0,2014,648,645,0,0,0,0,0,18.0,8.0,40.0,2014,1.0,1,8,2,9200,92001,1,17,16980,0,2.0,1.0,,7,1,65,2.0,1,44,1,,1,1,1,2,57,57,57,1,0,0,2.0,5.0,,,,,,,,,,1.0,3.0,0.0,2,,,,,,,,,,,12853.3161,3216.5003,0,0,,,0,0,15348,1,,,,,,,3243.5868,7860.0,2310.0,-1,,,,,,,12214.0,2015,660,645,0,0,0,0,0,,8.0,40.0,2015,MIS4_to_MIS8,2014-2015,True,False,False,False,True,False,False,1
710709877669510,1,4.0,1,4,2,9200,92001,1,1,33.0,17,16980,0,2.0,1.0,,7,3,45,1.0,2,43,4,,2,1,2,1,2,210,210,210,4,0,17,2.0,1.0,,40.0,,40.0,,,,,,2.0,3.0,0.0,1,2.0,1.0,1.0,4300.0,1153.0,1.0,,2.0,,,12423.7836,3062.2235,10,2,1.0,1.0,0,0,21149,2,,,,2.0,,,3085.0409,7860.0,2540.0,-1,,,,,3.0,,11595.0,2014,648,645,0,0,1,1,0,16.0,8.0,40.0,2014,2.0,1,8,2,9200,92001,1,17,16980,0,2.0,1.0,,7,3,46,1.0,2,43,4,,1,2,1,2,210,210,210,4,0,17,1.0,1.0,,40.0,,40.0,,,,,,2.0,3.0,0.0,1,2.0,2.0,2.0,,826.0,1.0,,2.0,,,12086.8508,3058.8487,3,1,1.0,,0,0,6517,2,,,,,,,3050.3717,7860.0,2540.0,-1,,,,,3.0,,12321.0,2015,660,645,0,0,1,0,0,,8.0,40.0,2015,MIS4_to_MIS8,2014-2015,True,False,False,False,False,False,False,1
710709989628182,1,1.0,1,4,2,9200,92001,1,1,33.0,17,16980,0,2.0,1.0,,7,1,39,2.0,2,44,1,,1,1,1,1,2,57,57,57,1,0,0,1.0,1.0,,40.0,,44.0,,,,,,2.0,3.0,0.0,1,2.0,2.0,2.0,,961.0,1.0,,2.0,,,10057.3975,2537.7383,8,2,1.0,,0,42,33320,1,,,,,,2.0,2514.2626,7860.0,2310.0,-1,,,,,5.0,,11604.0,2014,648,645,0,1,1,0,1,18.0,8.0,40.0,2014,2.0,1,8,2,9200,92001,1,17,16980,0,2.0,1.0,,7,1,40,2.0,2,44,1,,1,1,1,2,57,57,57,1,0,0,2.0,1.0,,40.0,6.0,32.0,,,6.0,,,4.0,3.0,0.0,1,2.0,2.0,2.0,,1000.0,1.0,,2.0,,,11582.2992,2794.0443,3,2,1.0,,0,42,57575,1,,,,,,,2821.8587,7860.0,2310.0,-1,,,,,,,12330.0,2015,660,645,0,0,1,0,0,,8.0,40.0,2015,MIS4_to_MIS8,2014-2015,True,False,False,False,False,False,False,1
780970096317439,1,1.0,1,4,2,9200,92001,1,1,33.0,17,16980,111,2.0,1.0,,7,1,57,2.0,2,39,1,,1,1,1,1,2,57,57,57,1,0,0,1.0,1.0,,25.0,,25.0,,,18.0,,,7.0,3.0,0.0,1,2.0,,1.0,1047.0,261.75,2.0,2.0,,,,9646.8498,2480.8111,4,1,0.0,0.0,0,0,42995,1,1.0,,,,,,2474.9639,7860.0,4120.0,-1,,,,,,,11653.0,2014,648,645,0,0,0,1,0,12.0,13.0,40.0,2014,1.0,1,8,2,9200,92001,1,17,16980,111,2.0,1.0,,7,1,58,2.0,2,39,1,,1,1,1,2,57,57,57,1,0,0,1.0,1.0,,25.0,,15.0,,,23.0,,,7.0,3.0,0.0,1,2.0,,1.0,1200.0,300.0,2.0,2.0,,,,11516.9894,2781.6906,4,1,0.0,0.0,0,0,49112,1,1.0,,,,,,2807.3709,7860.0,4130.0,-1,,,,,,,12374.0,2015,660,645,0,0,0,1,0,12.0,13.0,40.0,2015,MIS4_to_MIS8,2014-2015,True,False,False,False,False,False,False,1
971057489177530,1,1.0,6,4,2,9200,92001,1,1,33.0,17,16980,0,2.0,1.0,,7,2,64,,1,43,1,,1,0,0,7,2,57,57,57,1,0,0,1.0,1.0,,40.0,,40.0,,,,,,2.0,1.0,0.0,1,2.0,1.0,1.0,3918.0,1550.0,1.0,,,,,12550.8644,3296.9262,0,0,0.0,0.0,0,0,8176,1,,,,2.0,,,3255.0079,9370.0,5800.0,-1,,,,,,,11762.0,2014,648,645,0,0,0,0,0,16.0,17.0,51.0,2014,1.0,6,8,2,9200,92001,1,17,16980,0,2.0,1.0,,7,2,65,,1,42,1,,0,0,7,2,57,57,57,1,0,0,1.0,1.0,,40.0,,40.0,,,,,,2.0,1.0,0.0,1,2.0,1.0,1.0,3900.0,1583.0,2.0,2.0,,,,13014.8067,3216.5003,0,0,0.0,0.0,0,0,6506,1,,,5.0,,,,3087.5623,9480.0,5800.0,-1,,,,,,,12456.0,2015,660,645,0,0,0,0,0,16.0,17.0,51.0,2015,MIS4_to_MIS8,2014-2015,True,False,False,False,False,False,False,1
30977066717369,1,1.0,1,4,2,9200,92001,1,1,33.0,17,0,0,3.0,2.0,,0,3,60,1.0,2,39,1,,2,1,2,1,2,57,57,57,1,0,0,2.0,1.0,,40.0,10.0,8.0,,,10.0,,,4.0,3.0,0.0,1,2.0,,1.0,977.0,390.8,1.0,,,,,12473.4481,3088.2631,0,0,0.0,0.0,0,0,42964,2,1.0,,,,,,3100.6665,6070.0,9415.0,-1,,,,,,,11793.0,2014,648,645,0,0,0,0,0,12.0,22.0,23.0,2014,1.0,1,8,2,9200,92001,1,17,0,0,3.0,2.0,,0,3,61,1.0,2,39,1,,1,2,1,2,57,57,57,1,0,0,2.0,1.0,,40.0,,40.0,,,,,,2.0,3.0,0.0,1,2.0,,1.0,1000.0,400.0,1.0,,,,,12809.2235,3287.7968,0,0,0.0,0.0,0,0,18506,2,1.0,,,,,,3228.7713,7860.0,3955.0,-1,,,,,,,12490.0,2015,660,645,0,0,0,0,0,12.0,12.0,40.0,2015,MIS4_to_MIS8,2014-2015,True,False,False,False,False,False,False,1
967499470179107,1,1.0,4,4,2,9200,92001,1,1,33.0,17,0,0,3.0,2.0,,0,1,52,,2,39,1,,1,1,1,5,2,57,57,57,1,0,0,1.0,1.0,,40.0,,40.0,,,,,,2.0,2.0,0.0,1,2.0,,1.0,2500.0,1000.0,1.0,,2.0,,,11615.4373,2907.5184,0,0,0.0,0.0,0,0,4427,1,2.0,7.0,,,,,2884.3145,7860.0,4600.0,-1,,,,,,,11927.0,2014,648,645,0,0,0,0,0,11.0,15.0,40.0,2014,1.0,7,8,2,9200,92001,1,17,0,0,3.0,2.0,,0,2,53,,2,39,1,,0,0,5,2,57,57,57,1,0,0,1.0,1.0,,40.0,5.0,32.0,,,5.0,,,4.0,2.0,0.0,1,1.0,,1.0,2500.0,1300.0,1.0,,2.0,,,13370.4386,3373.0753,0,0,0.0,0.0,0,0,28511,1,2.0,7.0,,,,,3374.3122,7860.0,4600.0,-1,,,,,,,12576.0,2015,660,645,0,0,0,0,0,11.0,15.0,40.0,2015,MIS4_to_MIS8,2014-2015,True,False,False,False,False,False,False,1
39331870987186,2,1.0,6,4,2,9200,92001,1,1,33.0,17,16980,0,1.0,1.0,1.0,7,2,43,,1,40,2,,1,0,0,7,2,57,57,57,1,0,0,1.0,1.0,,48.0,,48.0,,,,,,2.0,3.0,0.0,1,2.0,2.0,2.0,,2884.61,1.0,,2.0,,,15883.6942,4030.3077,0,0,0.0,,0,0,42439,1,,,2.0,,,,4010.4516,9470.0,3740.0,-1,2.0,,,,,,48668.0,2014,649,646,0,0,0,0,0,13.0,12.0,51.0,2014,1.0,6,8,2,9200,92001,1,17,16980,0,1.0,1.0,1.0,7,2,44,,1,40,2,,0,0,7,2,57,57,57,1,0,0,1.0,1.0,,80.0,,80.0,,,,,,2.0,3.0,0.0,1,2.0,2.0,2.0,,2884.0,1.0,,2.0,,,16309.7277,3885.7363,0,0,1.0,,0,42,31306,1,,,2.0,,,,3847.2681,9470.0,3740.0,-1,2.0,,,,,,50398.0,2015,661,646,0,0,0,0,0,13.0,12.0,51.0,2015,MIS4_to_MIS8,2014-2015,True,False,False,False,False,False,False,1
198788406070709,2,2.0,1,4,2,9200,92001,1,1,33.0,17,16980,0,1.0,1.0,,7,3,55,1.0,1,44,1,,2,1,2,1,2,57,57,57,1,0,0,1.0,1.0,,50.0,,50.0,,,,,,2.0,3.0,0.0,1,2.0,2.0,2.0,,2153.84,1.0,,,,,11958.5695,2990.9033,0,0,0.0,,0,0,49568,2,,,,,,3.0,2992.3804,7860.0,2320.0,-1,,,,,,,48724.0,2014,649,646,0,0,0,0,0,18.0,8.0,40.0,2014,2.0,1,8,2,9200,92001,1,17,16980,0,1.0,1.0,,7,3,56,1.0,1,44,1,,1,2,1,2,57,57,57,1,0,0,1.0,1.0,,50.0,,50.0,,,,,,2.0,4.0,0.0,1,2.0,2.0,2.0,,2307.69,1.0,,,,,12919.7031,3248.6082,0,0,0.0,,0,0,39422,2,,,,,,,3283.4034,7860.0,2320.0,-1,,,,,,,50481.0,2015,661,646,0,0,0,0,0,,8.0,40.0,2015,MIS4_to_MIS8,2014-2015,False,True,False,False,False,True,True,1
571486038907498,2,1.0,1,4,2,9200,92001,1,1,33.0,17,16980,0,1.0,1.0,1.0,7,1,52,2.0,2,43,2,,1,1,1,1,2,57,57,57,1,0,0,1.0,1.0,,40.0,6.0,32.0,,,6.0,,,4.0,2.0,0.0,1,1.0,2.0,2.0,,961.53,1.0,,2.0,,,15800.6602,3680.7502,0,0,0.0,,0,0,21185,1,,,,1.0,1.0,,3614.796,8290.0,2160.0,-1,,,,,,,48804.0,2014,649,646,0,0,0,0,0,18.0,7.0,42.0,2014,1.0,1,8,2,9200,92001,1,17,16980,0,1.0,1.0,1.0,7,1,53,2.0,2,43,2,,1,1,1,2,57,57,57,1,0,0,1.0,1.0,,40.0,,40.0,,,,,,2.0,2.0,0.0,1,2.0,2.0,2.0,,769.23,2.0,2.0,2.0,,,15694.4184,3797.578,0,0,0.0,,0,0,56042,1,,,,,,,3782.9826,9470.0,2160.0,-1,,,,,,,50553.0,2015,661,646,0,0,0,0,0,,7.0,51.0,2015,MIS4_to_MIS8,2014-2015,True,False,False,False,False,False,False,1
571608078909997,2,1.0,1,4,2,9200,92001,1,1,33.0,17,16980,0,1.0,1.0,3.0,7,1,41,2.0,1,40,2,,1,1,1,1,2,57,57,57,1,0,0,1.0,4.0,,,,,,,,119.0,5.0,11.0,3.0,0.0,2,,,,,,,,1.0,2.0,2.0,18925.0323,4030.3077,3,3,,,0,0,8147,1,,,4.0,,,,4111.7759,7870.0,1550.0,-1,2.0,,,,,,48806.0,2014,649,646,0,0,1,0,0,15.0,4.0,40.0,2014,1.0,1,8,2,9200,92001,1,17,16980,0,1.0,1.0,3.0,7,1,42,2.0,1,40,2,,1,1,1,2,57,57,57,1,0,0,1.0,1.0,,40.0,,40.0,,,,,,2.0,1.0,0.0,1,2.0,2.0,2.0,,519.23,1.0,,2.0,,,16309.7277,3885.7363,3,3,0.0,,0,0,68168,1,,,4.0,,,,3847.2681,8190.0,5250.0,-1,2.0,,,,,,50555.0,2015,661,646,0,0,1,0,0,15.0,17.0,41.0,2015,MIS4_to_MIS8,2014-2015,True,False,False,False,False,False,True,1
943057686188840,2,1.0,6,4,2,9200,92001,1,1,33.0,17,16980,0,1.0,1.0,1.0,7,2,39,,1,39,2,,1,0,0,7,2,57,57,57,1,0,0,1.0,1.0,,35.0,,35.0,,,,,,2.0,3.0,0.0,1,2.0,,1.0,2000.0,700.0,1.0,,2.0,,,16186.8376,4072.1919,0,0,0.0,0.0,0,0,21175,1,1.0,,,,,,4086.9918,7860.0,310.0,-1,,,,,,,48930.0,2014,649,646,0,0,0,0,0,12.0,1.0,40.0,2014,1.0,6,8,2,9200,92001,1,17,16980,0,1.0,1.0,1.0,7,2,40,,1,39,2,,0,0,7,2,57,57,57,1,0,0,1.0,1.0,,40.0,,40.0,,,,,,2.0,3.0,0.0,1,2.0,,1.0,1000.0,400.0,2.0,2.0,2.0,,,16309.7277,3885.7363,0,0,1.0,1.0,0,0,19853,1,1.0,,,,,,3847.2681,7860.0,4010.0,-1,,,,,,,50667.0,2015,661,646,0,0,0,0,0,12.0,13.0,40.0,2015,MIS4_to_MIS8,2014-2015,True,False,False,False,False,False,False,1
108909851797577,2,1.0,6,4,2,9200,92001,1,1,33.0,17,16980,0,2.0,1.0,,7,2,51,,1,45,2,,1,0,0,7,2,57,57,57,1,0,0,1.0,1.0,,40.0,,40.0,,,,,,2.0,2.0,0.0,1,2.0,2.0,2.0,,1730.76,2.0,2.0,2.0,,,12009.1241,2862.5798,0,0,0.0,,0,0,42492,1,,,,,,,2876.4452,9380.0,800.0,-1,,,,,,,49033.0,2014,649,646,0,0,0,0,0,18.0,2.0,51.0,2014,1.0,6,8,2,9200,92001,1,17,16980,0,2.0,1.0,,7,2,52,,1,45,2,,0,0,7,2,57,57,57,1,0,0,1.0,1.0,,40.0,,40.0,,,,,,2.0,1.0,0.0,1,2.0,2.0,2.0,,1057.0,2.0,2.0,2.0,,,12571.6703,2795.9365,0,0,1.0,,0,42,40934,1,,,,,,,2843.909,9380.0,800.0,-1,,,,,,,50801.0,2015,661,646,0,0,0,0,0,18.0,2.0,51.0,2015,MIS4_to_MIS8,2014-2015,True,False,False,False,False,False,True,1
171909008802693,2,4.0,1,4,2,9200,92001,1,1,33.0,17,16980,0,2.0,1.0,,7,4,33,4.0,1,39,1,,3,2,1,1,2,150,150,150,4,0,14,2.0,1.0,,40.0,,40.0,,,,,,2.0,1.0,0.0,1,2.0,,1.0,1500.0,600.0,2.0,2.0,2.0,,,11882.7083,2923.7684,6,2,0.0,0.0,0,0,49570,3,1.0,,,,,,2973.653,6370.0,5550.0,-1,,,,,1.0,1.0,49058.0,2014,649,646,1,0,1,0,1,12.0,17.0,23.0,2014,3.0,1,8,2,9200,92001,1,17,16980,0,2.0,1.0,,7,4,34,4.0,1,40,1,,2,1,1,2,150,150,150,4,0,14,1.0,1.0,,45.0,,45.0,,,,,,2.0,1.0,0.0,1,1.0,,1.0,2013.0,956.2,2.0,1.0,2.0,,,13075.0086,3212.0796,6,2,0.0,0.0,0,0,31299,3,,,2.0,,,,3261.8786,6370.0,5550.0,-1,,,,,1.0,1.0,50836.0,2015,661,646,1,0,1,0,1,13.0,17.0,23.0,2015,MIS4_to_MIS8,2014-2015,True,False,False,False,False,False,False,1
220672099018389,2,1.0,1,4,2,9200,92001,1,1,33.0,17,16980,0,2.0,1.0,,7,1,37,2.0,1,44,1,,1,1,1,1,2,57,57,57,1,0,0,1.0,1.0,,35.0,4.0,2.0,,,4.0,,,4.0,2.0,0.0,1,2.0,2.0,2.0,,1634.61,1.0,,2.0,,,11720.0142,2958.6668,2,1,0.0,,0,0,61596,1,,,,,,3.0,2961.7154,7860.0,2310.0,-1,,,,,,,49135.0,2014,649,646,0,1,0,0,1,18.0,8.0,40.0,2014,1.0,1,8,2,9200,92001,1,17,16980,0,2.0,1.0,,7,1,38,2.0,1,44,1,,1,1,1,2,57,57,57,1,0,0,1.0,1.0,,35.0,,41.0,,,,,,2.0,2.0,0.0,1,2.0,2.0,2.0,,1730.76,1.0,,2.0,,,13302.324,3253.4935,3,1,0.0,,0,0,56074,1,,,,,,,3281.0352,7860.0,2310.0,-1,,,,,,,50885.0,2015,661,646,0,0,1,0,0,,8.0,40.0,2015,MIS4_to_MIS8,2014-2015,True,False,False,False,False,False,False,1
471063048907697,2,1.0,1,4,2,9200,92001,1,1,33.0,17,41180,119,2.0,1.0,,6,1,33,2.0,1,43,1,,1,1,1,1,2,57,57,57,1,0,0,1.0,1.0,,40.0,5.0,23.0,,,5.0,,,4.0,3.0,0.0,1,2.0,,1.0,1657.0,662.8,1.0,,2.0,,,12190.5737,2999.5194,2,1,0.0,0.0,0,0,18016,1,,,,2.0,,,3050.6964,9370.0,5940.0,3600,,,,,,,49209.0,2014,649,646,0,1,0,0,1,16.0,17.0,51.0,2014,1.0,1,8,2,9200,92001,1,17,41180,119,2.0,1.0,,6,1,34,2.0,1,43,1,,1,1,1,2,57,57,57,1,0,0,1.0,1.0,,40.0,4.0,32.0,,,4.0,,,4.0,3.0,0.0,1,2.0,,1.0,1741.0,696.4,1.0,,2.0,,,13075.0086,3212.0796,2,1,0.0,0.0,0,0,4541,1,,,,,,,3261.8786,9370.0,5940.0,4650,,,,,,,50933.0,2015,661,646,0,1,0,0,1,,17.0,51.0,2015,MIS4_to_MIS8,2014-2015,True,False,False,False,False,False,False,1
486190479700736,2,2.0,1,4,2,9200,92001,1,1,33.0,17,41180,119,2.0,1.0,,6,3,53,1.0,2,39,1,,2,1,2,1,2,57,57,57,1,0,0,1.0,1.0,,48.0,,48.0,,,,,,2.0,1.0,0.0,1,2.0,2.0,2.0,,1076.92,2.0,1.0,2.0,,,11764.4563,2924.8857,4,1,0.0,,0,0,68010,2,1.0,,,,,,2916.6095,6370.0,430.0,-1,,,,,,,49224.0,2014,649,646,0,0,0,1,0,12.0,1.0,23.0,2014,2.0,1,8,2,9200,92001,1,17,41180,119,2.0,1.0,,6,3,54,1.0,2,39,1,,1,2,1,2,57,57,57,1,0,0,1.0,1.0,,48.0,,48.0,,,,,,2.0,1.0,0.0,1,2.0,2.0,2.0,,1115.38,2.0,2.0,2.0,,,10938.7371,2709.9062,4,1,0.0,,0,0,20069,2,1.0,,,,,,2716.5189,6370.0,430.0,-1,,,,,,,50944.0,2015,661,646,0,0,0,1,0,12.0,1.0,23.0,2015,MIS4_to_MIS8,2014-2015,True,False,False,False,False,False,False,1
608906041793477,2,1.0,1,4,2,9200,92001,1,1,33.0,17,41180,119,2.0,1.0,,6,1,49,2.0,1,42,1,,1,1,1,1,2,57,57,57,1,0,0,1.0,1.0,,45.0,,46.0,,,,,,2.0,3.0,0.0,1,1.0,1.0,1.0,3200.0,1442.3,1.0,,2.0,,,11484.9854,2892.001,0,0,0.0,0.0,0,0,18017,1,,,3.0,,,,2892.381,9470.0,3850.0,-1,,,,,,,49273.0,2014,649,646,0,0,0,0,0,14.0,12.0,51.0,2014,1.0,1,8,2,9200,92001,1,17,41180,119,2.0,1.0,,6,1,50,2.0,1,42,1,,1,1,1,2,57,57,57,1,0,0,1.0,1.0,,42.0,,47.0,,,,,,2.0,3.0,0.0,1,2.0,1.0,1.0,3500.0,1700.0,1.0,,2.0,,,11942.0998,2918.5621,0,0,0.0,0.0,0,0,20067,1,,,3.0,,,,2947.6302,9470.0,3850.0,-1,,,,,,,50975.0,2015,661,646,0,0,0,0,0,14.0,12.0,51.0,2015,MIS4_to_MIS8,2014-2015,True,False,False,False,False,False,False,1
769920028230981,2,2.0,1,4,2,9200,92001,1,1,33.0,17,16980,0,2.0,1.0,,7,1,32,2.0,1,40,1,,1,1,1,1,2,57,57,57,1,0,0,2.0,1.0,,40.0,4.0,24.0,,,4.0,,,4.0,3.0,0.0,1,2.0,,1.0,1950.0,780.0,2.0,2.0,2.0,,,11882.7083,2923.7684,3,1,0.0,0.0,0,0,21224,1,,,2.0,,,,2973.653,8570.0,4250.0,-1,,,,,,,49334.0,2014,649,646,0,0,1,0,0,13.0,14.0,44.0,2014,1.0,1,8,2,9200,92001,1,17,16980,0,2.0,1.0,,7,1,33,2.0,1,42,1,,1,1,1,2,57,57,57,1,0,0,1.0,1.0,,40.0,,40.0,,,,,,2.0,3.0,0.0,1,2.0,,1.0,1890.0,756.0,2.0,2.0,2.0,,,13075.0086,3212.0796,3,1,0.0,0.0,0,0,31364,1,,,3.0,,,,3261.8786,8590.0,4250.0,-1,,,,,,,51029.0,2015,661,646,0,0,1,0,0,14.0,14.0,44.0,2015,MIS4_to_MIS8,2014-2015,True,False,False,False,False,False,False,1
914087845189180,2,2.0,1,4,2,9200,92001,1,1,33.0,17,16980,0,2.0,1.0,,7,3,70,1.0,2,43,1,,2,1,2,1,2,57,57,57,1,0,0,1.0,1.0,,7.0,,35.0,,,21.0,,,9.0,2.0,0.0,1,2.0,2.0,2.0,,112.0,2.0,2.0,,,,11690.485,2761.8378,0,0,0.0,,0,0,28408,2,,,,2.0,,,2738.5849,7860.0,2310.0,-1,,,,,,,49438.0,2014,649,646,0,0,0,0,0,16.0,8.0,40.0,2014,2.0,1,8,2,9200,92001,1,17,16980,0,2.0,1.0,,7,3,71,1.0,2,43,1,,1,2,1,2,57,57,57,1,0,0,1.0,2.0,14.0,-4.0,,,,,,,,10.0,3.0,0.0,1,2.0,2.0,2.0,,1153.0,2.0,2.0,,,,10236.5084,2581.3819,0,0,1.0,,0,0,19986,2,,,,,,,2515.6491,7860.0,2310.0,-1,,,,,,,51120.0,2015,661,646,0,0,0,0,0,,8.0,40.0,2015,MIS4_to_MIS8,2014-2015,True,False,False,False,False,False,True,1
971057389188530,2,2.0,6,4,2,9200,92001,1,1,33.0,17,16980,0,2.0,1.0,,7,2,54,,1,40,2,,1,0,0,7,2,57,57,57,1,0,0,2.0,1.0,,40.0,,40.0,,,,,,2.0,3.0,0.0,1,2.0,2.0,2.0,,1150.0,1.0,,2.0,,,12009.1241,2862.5798,0,0,0.0,,0,0,8029,1,,,2.0,,,,2876.4452,6180.0,9120.0,-1,,,,,,,49462.0,2014,649,646,0,0,0,0,0,13.0,22.0,23.0,2014,1.0,6,8,2,9200,92001,1,17,16980,0,2.0,1.0,,7,2,55,,1,40,2,,0,0,7,2,57,57,57,1,0,0,1.0,1.0,,40.0,,40.0,,,,,,2.0,4.0,0.0,1,2.0,2.0,2.0,,1269.23,1.0,,,,,15797.8875,3336.4212,0,0,0.0,,0,0,31300,1,,,2.0,,,,3393.6672,6180.0,9120.0,-1,,,,,,,51134.0,2015,661,646,0,0,0,0,0,13.0,22.0,23.0,2015,MIS4_to_MIS8,2014-2015,False,True,False,False,False,True,True,1
971057389188530,2,2.0,6,4,2,9200,92001,1,1,33.0,17,16980,0,2.0,1.0,,7,14,56,,2,44,2,,2,0,0,7,2,57,57,57,1,0,0,1.0,1.0,,30.0,,30.0,,,22.0,,,7.0,3.0,0.0,1,2.0,2.0,2.0,,1350.0,1.0,,,,,12315.3558,2993.7854,0,0,0.0,,0,0,8029,2,,,,,,2.0,2940.1407,7860.0,2310.0,-1,,,,,,,49463.0,2014,649,646,0,0,0,0,0,18.0,8.0,40.0,2014,1.0,6,8,2,9200,92001,1,17,16980,0,2.0,1.0,,7,14,57,,2,44,2,,0,0,7,2,57,57,57,1,0,0,2.0,1.0,,40.0,,40.0,,,,,,2.0,5.0,0.0,1,2.0,2.0,2.0,,1346.15,1.0,,,,,12498.6645,3123.1359,0,0,0.0,,0,0,31300,2,,,,,,,3111.1327,7860.0,2310.0,-1,,,,,,,51135.0,2015,661,646,0,0,0,0,0,,8.0,40.0,2015,MIS4_to_MIS8,2014-2015,False,True,False,False,False,True,True,1
671139098909091,2,1.0,1,4,2,9200,92001,1,1,33.0,17,28100,91,,1.0,,2,3,41,1.0,2,43,1,,2,1,2,1,2,57,57,57,1,0,0,2.0,1.0,,40.0,13.0,32.0,,,13.0,,,4.0,2.0,0.0,1,2.0,2.0,2.0,,638.0,1.0,,2.0,,,12929.8893,3227.2645,3,2,0.0,,0,0,42473,2,,,,2.0,,,3222.8537,7860.0,2310.0,-1,,,,,,,49702.0,2014,649,646,0,0,1,0,0,16.0,8.0,40.0,2014,2.0,1,8,2,9200,92001,1,17,28100,91,,1.0,,2,3,43,1.0,2,43,1,,1,2,1,2,57,57,57,1,0,0,1.0,1.0,,40.0,,35.0,,,,,,2.0,2.0,0.0,1,2.0,2.0,2.0,,865.38,1.0,,2.0,,,12825.9502,3037.9316,3,2,0.0,,0,0,40925,2,,,,,,,3040.2627,7860.0,2310.0,-1,,,,,,,51343.0,2015,661,646,0,0,1,0,0,,8.0,40.0,2015,MIS4_to_MIS8,2014-2015,True,False,False,False,False,False,False,1
971449048909596,2,1.0,1,4,2,9200,92001,1,1,33.0,17,14060,113,,1.0,,2,1,30,2.0,1,46,4,,1,1,1,1,2,217,217,217,4,0,9,1.0,1.0,,60.0,,40.0,,,,,,2.0,2.0,0.0,1,2.0,2.0,2.0,,1861.11,2.0,2.0,2.0,,,16391.9582,4106.3735,11,3,0.0,,0,0,4290,1,,,,,,,4102.0947,7870.0,2200.0,-1,,,,,,,49743.0,2014,649,646,1,1,1,0,1,18.0,8.0,40.0,2014,1.0,1,8,2,9200,92001,1,17,14060,113,,1.0,,2,1,31,2.0,1,46,4,,1,1,1,2,217,217,217,4,0,9,1.0,1.0,,60.0,,60.0,,,,,,2.0,5.0,0.0,1,2.0,2.0,2.0,,1384.61,2.0,2.0,1.0,2.0,2.0,21754.6604,5304.4884,11,3,0.0,,0,0,4533,1,,,,,,,5427.2286,7870.0,2200.0,-1,,,,,,,51399.0,2015,661,646,1,1,1,0,1,18.0,8.0,40.0,2015,MIS4_to_MIS8,2014-2015,False,True,False,False,False,True,True,1
31691170970980,3,1.0,3,4,2,9300,93001,1,1,33.0,17,16980,0,1.0,1.0,1.0,7,1,46,,1,39,2,,1,1,1,5,2,57,57,57,1,0,0,1.0,1.0,,40.0,,40.0,,,,,,2.0,3.0,0.0,1,2.0,2.0,2.0,,400.0,2.0,2.0,2.0,,,11562.3267,2981.9128,4,1,1.0,,43,42,75037,1,1.0,,,,,,2941.7041,9470.0,3850.0,-1,,,,,,,86499.0,2014,650,647,0,0,0,1,0,12.0,12.0,51.0,2014,1.0,3,8,2,9300,93001,1,17,16980,0,1.0,1.0,1.0,7,1,47,,1,39,2,,1,1,5,2,57,57,57,1,0,0,1.0,1.0,,40.0,,40.0,,,,,,2.0,3.0,0.0,1,2.0,,1.0,1000.0,400.0,2.0,2.0,2.0,,,13673.5197,3747.3533,4,1,1.0,1.0,43,42,38343,1,1.0,,,,,,3669.329,9470.0,3850.0,-1,,,,,,,88115.0,2015,662,647,0,0,0,1,0,12.0,12.0,51.0,2015,MIS4_to_MIS8,2014-2015,True,False,False,False,False,False,False,1
92311170928383,3,1.0,1,4,2,9300,93001,1,1,33.0,17,16980,0,1.0,1.0,,7,1,46,2.0,1,44,1,,1,1,1,1,2,57,57,57,1,0,0,1.0,1.0,,40.0,,40.0,,,,,,2.0,3.0,0.0,1,2.0,2.0,2.0,,800.0,1.0,,2.0,,,11239.6723,2717.5457,2,1,0.0,,0,0,18323,1,,,,,,3.0,2718.4182,7870.0,2200.0,-1,,,,,,,86533.0,2014,650,647,0,1,0,0,1,18.0,8.0,40.0,2014,1.0,1,8,2,9300,93001,1,17,16980,0,1.0,1.0,,7,1,48,2.0,1,44,1,,1,1,1,2,57,57,57,1,0,0,1.0,1.0,,35.0,,35.0,,,,,,2.0,4.0,0.0,1,2.0,2.0,2.0,,769.23,1.0,,2.0,,,11622.2234,2867.2431,3,1,0.0,,0,0,5980,1,,,,,,,2828.9824,7870.0,2200.0,-1,,,,,,,88140.0,2015,662,647,0,0,1,0,0,,8.0,40.0,2015,MIS4_to_MIS8,2014-2015,False,True,False,False,False,True,True,1
110709987835808,3,1.0,6,4,2,9300,93001,1,1,33.0,17,16980,0,1.0,1.0,1.0,7,2,22,,1,43,1,,1,0,0,7,2,57,57,57,1,0,0,1.0,1.0,,40.0,,40.0,,,,,,2.0,2.0,0.0,1,2.0,2.0,2.0,,192.3,2.0,2.0,1.0,1.0,2.0,13564.1541,3441.3624,0,0,0.0,,0,0,48680,1,,,,1.0,1.0,,3434.2595,7860.0,2540.0,-1,,,,,,,86551.0,2014,650,647,0,0,0,0,0,18.0,8.0,40.0,2014,2.0,6,8,2,9300,93001,1,17,16980,0,1.0,1.0,1.0,7,2,23,,1,43,1,,0,0,7,2,57,57,57,1,0,0,2.0,1.0,,40.0,,40.0,,,,,,2.0,4.0,0.0,1,2.0,2.0,2.0,,646.0,1.0,,2.0,,,16553.2038,4182.1726,0,0,1.0,,0,0,45849,1,,,,,,,4151.3486,7860.0,2310.0,-1,,,,,,,88159.0,2015,662,647,0,0,0,0,0,,8.0,40.0,2015,MIS4_to_MIS8,2014-2015,False,True,False,False,False,True,True,1
190473096311739,3,1.0,1,4,2,9300,93001,1,1,33.0,17,16980,0,1.0,1.0,1.0,7,1,33,2.0,2,40,1,,1,1,1,1,2,57,57,57,1,0,0,1.0,1.0,,40.0,,40.0,,,,,,2.0,3.0,0.0,1,2.0,2.0,2.0,,600.0,1.0,,2.0,,,11041.9376,2687.3558,1,1,0.0,,0,0,18327,1,,,4.0,,,,2721.678,7860.0,2540.0,-1,,,,,,,86560.0,2014,650,647,1,0,0,0,1,15.0,8.0,40.0,2014,1.0,1,8,2,9300,93001,1,17,16980,0,1.0,1.0,1.0,7,1,34,2.0,2,40,1,,1,1,1,2,57,57,57,1,0,0,1.0,1.0,,40.0,,40.0,,,,,,2.0,3.0,0.0,1,2.0,2.0,2.0,,600.0,1.0,,2.0,,,15133.466,3699.0669,1,1,0.0,,0,0,17160,1,,,4.0,,,,3707.5126,7860.0,2540.0,-1,,,,,,,88181.0,2015,662,647,1,0,0,0,1,15.0,8.0,40.0,2015,MIS4_to_MIS8,2014-2015,True,False,False,False,False,False,False,1
197931805088780,3,1.0,7,4,2,9300,93001,1,1,33.0,17,16980,0,1.0,1.0,1.0,7,2,27,,2,43,1,,1,0,0,7,2,57,57,57,1,0,0,,1.0,,40.0,,40.0,,,,,,2.0,3.0,0.0,1,1.0,,1.0,2500.0,1000.0,1.0,,2.0,,,10855.1774,2643.4542,0,0,1.0,1.0,0,41,75041,1,,,,1.0,1.0,,2675.6443,7860.0,2310.0,-1,,,,,,,86577.0,2014,650,647,0,0,0,0,0,18.0,8.0,40.0,2014,1.0,7,8,2,9300,93001,1,17,16980,0,1.0,1.0,1.0,7,2,28,,2,43,1,,0,0,7,2,57,57,57,1,0,0,1.0,7.0,,,,,,,,,,1.0,,,2,,,,,,,,2.0,,,12511.8527,3180.9638,0,0,,,0,0,5984,1,,,,,,,3138.0016,,,-1,,,,,,,88191.0,2015,662,647,0,0,0,0,0,,,,2015,MIS4_to_MIS8,2014-2015,False,False,False,True,False,True,True,1
413197438700072,3,2.0,1,4,2,9300,93001,1,1,33.0,17,16980,0,1.0,1.0,,7,3,39,1.0,2,46,1,,2,1,2,1,2,57,57,57,1,0,0,1.0,1.0,,50.0,,50.0,,,,,,2.0,3.0,0.0,1,2.0,2.0,2.0,,769.23,1.0,,2.0,,,9616.3484,2387.0122,5,2,0.0,,0,0,40784,2,,,,,,,2373.5373,7860.0,2320.0,-1,,,,,,,86644.0,2014,650,647,1,1,0,0,1,18.0,8.0,40.0,2014,1.0,1,8,2,9300,93001,1,17,16980,0,1.0,1.0,,7,3,41,1.0,2,46,1,,1,2,1,2,57,57,57,1,0,0,2.0,1.0,,40.0,,40.0,,,,,,2.0,3.0,0.0,1,2.0,2.0,2.0,,800.0,1.0,,2.0,,,12306.9984,3154.0637,2,2,1.0,,0,0,38337,2,,,,,,,3112.9863,7860.0,2310.0,-1,,,,,,,88238.0,2015,662,647,0,1,0,0,1,18.0,8.0,40.0,2015,MIS4_to_MIS8,2014-2015,True,False,False,False,False,False,False,1
818193579700088,3,1.0,1,4,2,9300,93001,1,1,33.0,17,16980,0,1.0,1.0,1.0,7,3,58,1.0,2,44,1,,2,1,2,1,2,57,57,57,1,0,0,2.0,6.0,,,,,,,,,,1.0,3.0,0.0,2,,,,,,,,,,,12937.9156,3237.824,0,0,,,0,0,15330,2,,,,,,2.0,3295.8577,7860.0,2320.0,-1,,,,,,,86745.0,2014,650,647,0,0,0,0,0,18.0,8.0,40.0,2014,1.0,1,8,2,9300,93001,1,17,16980,0,1.0,1.0,1.0,7,3,58,1.0,2,44,1,,1,2,1,2,57,57,57,1,0,0,2.0,1.0,,40.0,,40.0,,,,,,2.0,3.0,0.0,1,2.0,2.0,2.0,,1000.0,1.0,,,,,11887.1528,3046.7432,0,0,1.0,,0,0,55237,2,,,,,,,3023.1492,7860.0,2320.0,-1,,,,,,,88319.0,2015,662,647,0,0,0,0,0,,8.0,40.0,2015,MIS4_to_MIS8,2014-2015,True,False,False,False,False,False,False,1
935037744119350,3,1.0,1,4,2,9300,93001,1,1,33.0,17,16980,0,1.0,1.0,1.0,7,1,44,2.0,1,43,1,,1,1,1,1,2,57,57,57,1,0,0,1.0,1.0,,40.0,,40.0,,,,,,2.0,2.0,0.0,1,2.0,2.0,2.0,,1550.0,2.0,2.0,2.0,,,12230.4717,3116.8801,0,0,0.0,,0,0,40797,1,,,,2.0,,,3118.7907,9370.0,2825.0,-1,,,,,,,86762.0,2014,650,647,0,0,0,0,0,16.0,9.0,51.0,2014,2.0,1,8,2,9300,93001,1,17,16980,0,1.0,1.0,1.0,7,1,45,2.0,1,43,1,,1,1,1,2,57,57,57,1,0,0,2.0,1.0,,40.0,,40.0,,,,,,2.0,3.0,0.0,1,2.0,2.0,2.0,,1923.07,1.0,,2.0,,,11622.2234,2867.2431,0,0,0.0,,0,0,66255,1,,,,,,,2828.9824,9370.0,2825.0,-1,,,,,,,88334.0,2015,662,647,0,0,0,0,0,,9.0,51.0,2015,MIS4_to_MIS8,2014-2015,True,False,False,False,False,False,True,1
197981600052748,3,1.0,1,4,2,9300,93001,1,1,33.0,17,16980,0,2.0,1.0,,7,1,59,2.0,1,45,1,,1,1,1,1,2,57,57,57,1,0,0,1.0,1.0,,40.0,4.0,32.0,,,4.0,,,4.0,2.0,0.0,1,2.0,2.0,2.0,,2042.0,2.0,2.0,,,,10958.5196,2791.8845,0,0,0.0,,0,0,40915,1,,,,,,,2783.9299,9470.0,2100.0,-1,,,,,,,86973.0,2014,650,647,0,0,0,0,0,18.0,7.0,51.0,2014,2.0,1,8,2,9300,93001,1,17,16980,0,2.0,1.0,,7,1,60,2.0,1,45,1,,1,1,1,2,57,57,57,1,0,0,2.0,1.0,,40.0,,40.0,,,,,,2.0,2.0,0.0,1,2.0,2.0,2.0,,1923.07,2.0,2.0,,,,11630.4833,2717.1401,0,0,0.0,,0,0,28703,1,,,,,,,2691.0872,9470.0,2100.0,-1,,,,,,,88516.0,2015,662,647,0,0,0,0,0,18.0,7.0,51.0,2015,MIS4_to_MIS8,2014-2015,True,False,False,False,False,False,False,1
197981600052748,3,1.0,1,4,2,9300,93001,1,1,33.0,17,16980,0,2.0,1.0,,7,3,53,1.0,2,45,1,,2,1,2,1,2,57,57,57,1,0,0,2.0,1.0,,40.0,4.0,32.0,,,4.0,,,4.0,2.0,0.0,1,2.0,2.0,2.0,,2075.0,2.0,2.0,2.0,,,12742.4753,3128.4891,0,0,0.0,,0,0,40915,2,,,,,,,3100.7679,9470.0,2100.0,-1,,,,,,,86974.0,2014,650,647,0,0,0,0,0,18.0,7.0,51.0,2014,2.0,1,8,2,9300,93001,1,17,16980,0,2.0,1.0,,7,3,54,1.0,2,45,1,,1,2,1,2,57,57,57,1,0,0,1.0,1.0,,40.0,4.0,32.0,,,4.0,,,4.0,2.0,0.0,1,2.0,2.0,2.0,,1923.07,2.0,2.0,2.0,,,11750.9136,2962.0732,0,0,0.0,,0,0,28703,2,,,,,,,2945.6337,9470.0,2100.0,-1,,,,,,,88517.0,2015,662,647,0,0,0,0,0,18.0,7.0,51.0,2015,MIS4_to_MIS8,2014-2015,True,False,False,False,False,False,False,1
201908901894007,3,2.0,1,4,2,9300,93001,1,1,33.0,17,41180,119,2.0,1.0,,6,1,57,2.0,1,40,1,,1,1,1,1,2,57,57,57,1,0,0,2.0,1.0,,40.0,,40.0,,,,,,2.0,2.0,0.0,1,2.0,,1.0,1702.0,680.8,2.0,2.0,,,,11315.7591,2882.8978,0,0,0.0,0.0,0,0,18579,1,,,1.0,,,,2874.6839,770.0,6260.0,-1,,,,,,,86986.0,2014,650,647,0,0,0,0,0,12.0,19.0,4.0,2014,2.0,1,8,2,9300,93001,1,17,41180,119,2.0,1.0,,6,1,58,2.0,1,40,1,,1,1,1,2,57,57,57,1,0,0,2.0,1.0,,40.0,,40.0,,,,,,2.0,2.0,0.0,1,2.0,,1.0,1680.0,672.0,2.0,2.0,,,,10545.7821,2682.9607,0,0,0.0,0.0,0,0,28738,1,,,1.0,,,,2668.5252,9370.0,7340.0,-1,,,,,,,88527.0,2015,662,647,0,0,0,0,0,12.0,20.0,51.0,2015,MIS4_to_MIS8,2014-2015,True,False,False,False,False,False,False,1
350775091911877,3,2.0,1,4,2,9300,93001,1,1,33.0,17,16980,0,2.0,1.0,,7,4,25,,2,43,1,,4,1,3,7,2,57,57,57,1,0,0,2.0,1.0,,40.0,,40.0,,,,,,2.0,3.0,0.0,1,1.0,,1.0,2500.0,1000.0,1.0,,2.0,,,10825.8481,2636.312,0,0,1.0,1.0,0,42,30605,4,,,,2.0,,,2668.4151,7860.0,2310.0,-1,,,,,2.0,1.0,87018.0,2014,650,647,0,0,0,0,0,16.0,8.0,40.0,2014,2.0,1,8,2,9300,93001,1,17,16980,0,2.0,1.0,,7,4,26,,2,43,1,,1,3,7,2,57,57,57,1,0,0,2.0,1.0,,40.0,,40.0,,,,,,2.0,5.0,0.0,1,2.0,2.0,2.0,,461.0,1.0,,2.0,,,12773.1735,3119.7229,0,0,1.0,,0,42,45841,4,,,,,,,3129.2701,7860.0,2310.0,-1,,,,,2.0,1.0,88586.0,2015,662,647,0,0,0,0,0,,8.0,40.0,2015,MIS4_to_MIS8,2014-2015,False,True,False,False,False,True,True,1
501002571104057,3,1.0,1,4,2,9300,93001,1,1,33.0,17,16980,0,2.0,1.0,,7,1,44,2.0,2,40,1,,1,1,1,1,2,57,57,57,1,0,0,1.0,1.0,,35.0,,35.0,,,,,,2.0,3.0,0.0,1,2.0,2.0,2.0,,346.15,2.0,2.0,2.0,,,10536.8909,2592.0996,4,1,0.0,,0,0,18643,1,,,3.0,,,,2600.7485,7860.0,2540.0,-1,,,,,,,87067.0,2014,650,647,0,0,0,1,0,14.0,8.0,40.0,2014,1.0,1,8,2,9300,93001,1,17,16980,0,2.0,1.0,,7,1,45,2.0,2,40,1,,1,1,1,2,57,57,57,1,0,0,1.0,1.0,,35.0,,35.0,,,,,,2.0,5.0,0.0,1,2.0,2.0,2.0,,769.23,1.0,,2.0,,,12335.7891,3099.9855,4,1,0.0,,0,0,38536,1,,,2.0,,,,3092.2461,7860.0,2540.0,-1,,,,,,,88628.0,2015,662,647,0,0,0,1,0,13.0,8.0,40.0,2015,MIS4_to_MIS8,2014-2015,False,True,False,False,False,True,True,1
748770560960911,3,1.0,4,4,2,9300,93001,1,1,33.0,17,16980,0,2.0,1.0,,7,7,19,,2,40,2,,3,1,4,7,2,57,57,57,1,0,0,2.0,1.0,,30.0,,30.0,,,15.0,,,6.0,3.0,0.0,1,1.0,,1.0,217.0,165.1,2.0,2.0,2.0,,,11950.5347,4054.5984,0,0,1.0,1.0,43,42,40789,3,,,1.0,,,,3298.2223,6770.0,3645.0,-1,,,,,2.0,,87180.0,2014,650,647,0,0,0,0,0,12.0,11.0,31.0,2014,1.0,4,8,2,9300,93001,1,17,16980,0,2.0,1.0,,7,7,19,,2,39,2,,1,4,7,2,57,57,57,1,0,0,2.0,7.0,,,,,,,,,,1.0,,,2,,,,,,,,1.0,1.0,2.0,16270.7829,4015.449,0,0,,,0,0,77266,3,1.0,,,,,,4070.6225,,,-1,,,,,2.0,,88721.0,2015,662,647,0,0,0,0,0,12.0,,,2015,MIS4_to_MIS8,2014-2015,False,False,False,True,False,True,True,1
799690243230911,3,4.0,4,4,2,9300,93001,1,1,33.0,17,16980,0,2.0,1.0,,7,1,57,,2,43,2,,1,1,1,7,2,57,57,57,1,0,0,2.0,1.0,,40.0,,40.0,,,,,,2.0,1.0,0.0,1,2.0,2.0,2.0,,2307.0,2.0,2.0,,,,13436.3251,3870.912,4,2,1.0,,0,42,75137,1,,,,2.0,,,3791.0902,9470.0,565.0,-1,,,,,,1.0,87225.0,2014,650,647,0,0,0,1,0,16.0,2.0,51.0,2014,1.0,4,8,2,9300,93001,1,17,16980,0,2.0,1.0,,7,1,58,,2,43,2,,1,1,7,2,57,57,57,1,0,0,1.0,1.0,,40.0,,40.0,,,,,,2.0,1.0,0.0,1,2.0,1.0,1.0,5400.0,2400.0,1.0,,,,,16321.2042,3828.4409,4,1,0.0,0.0,0,0,49732,1,,,,,,,3802.7444,9470.0,425.0,-1,,,,,,1.0,88749.0,2015,662,647,0,0,0,1,0,,1.0,51.0,2015,MIS4_to_MIS8,2014-2015,True,False,False,False,False,False,False,1
799880572360911,3,2.0,1,4,2,9300,93001,1,1,33.0,17,37900,0,2.0,1.0,,3,3,47,1.0,2,42,1,,2,1,2,1,2,57,57,57,1,0,0,1.0,1.0,,33.0,,33.0,,,23.0,,,7.0,3.0,0.0,1,2.0,,1.0,3500.0,1155.0,2.0,2.0,2.0,,,12742.0382,3111.3091,3,1,1.0,1.0,0,0,4060,2,,,4.0,,,,3100.6615,7860.0,2540.0,-1,,,,,,,87237.0,2014,650,647,0,0,1,0,0,15.0,8.0,40.0,2014,2.0,1,8,2,9300,93001,1,17,37900,0,2.0,1.0,,3,3,48,1.0,2,42,1,,1,2,1,2,57,57,57,1,0,0,1.0,1.0,,33.0,,33.0,,,22.0,,,7.0,3.0,0.0,1,2.0,,1.0,3100.0,1023.0,2.0,2.0,2.0,,,12385.7149,3112.5318,3,1,1.0,1.0,0,42,44405,2,,,3.0,,,,3104.7611,7860.0,2540.0,-1,,,,,,,88754.0,2015,662,647,0,0,1,0,0,14.0,8.0,40.0,2015,MIS4_to_MIS8,2014-2015,True,False,False,False,False,False,False,1
75641170991892,3,1.0,7,4,2,9300,93001,1,1,33.0,17,28100,91,,1.0,,2,2,42,,2,44,1,,1,0,0,5,2,57,57,57,1,0,0,1.0,1.0,,47.0,,38.0,,,,,,2.0,2.0,0.0,1,1.0,2.0,2.0,,923.07,1.0,,2.0,,,10687.9455,2629.2594,0,0,0.0,,0,0,63470,1,,,,,,2.0,2638.0323,7860.0,2430.0,-1,,,,,,,87500.0,2014,650,647,0,0,0,0,0,18.0,8.0,40.0,2014,1.0,7,8,2,9300,93001,1,17,28100,91,,1.0,,2,2,44,,2,44,1,,0,0,5,2,57,57,57,1,0,0,1.0,1.0,,45.0,,45.0,,,,,,2.0,2.0,0.0,1,2.0,2.0,2.0,,974.3,1.0,,2.0,,,12300.474,3152.3916,0,0,0.0,,0,0,28711,1,,,,,,,3111.336,7860.0,2310.0,-1,,,,,,,88991.0,2015,662,647,0,0,0,0,0,,8.0,40.0,2015,MIS4_to_MIS8,2014-2015,True,False,False,False,False,False,False,1
120971093411189,3,2.0,1,4,2,9300,93001,1,1,33.0,17,16580,0,,1.0,,2,1,27,2.0,2,43,1,,1,1,1,1,2,57,57,57,1,0,0,2.0,1.0,,26.0,,26.0,,,20.0,,,7.0,2.0,0.0,1,2.0,2.0,2.0,,477.0,1.0,,1.0,1.0,2.0,11397.859,2775.6081,0,0,0.0,,0,0,38870,1,,,,1.0,1.0,,2809.4075,7870.0,2200.0,-1,,,,,,,87511.0,2014,650,647,0,0,0,0,0,18.0,8.0,40.0,2014,2.0,1,8,2,9300,93001,1,17,16580,0,,1.0,,2,1,27,2.0,2,43,1,,1,1,1,2,57,57,57,1,0,0,2.0,1.0,,20.0,,30.0,,,20.0,,,7.0,2.0,0.0,1,2.0,2.0,2.0,,369.23,1.0,,1.0,1.0,2.0,14351.4675,3505.2058,0,0,0.0,,0,0,3754,1,,,,,,,3515.9326,7870.0,2200.0,1860,,,,,,,89013.0,2015,662,647,0,0,0,0,0,,8.0,40.0,2015,MIS4_to_MIS8,2014-2015,True,False,False,False,False,False,False,1
614106470700144,3,1.0,6,4,2,9300,93001,1,1,33.0,17,16580,0,,1.0,,2,2,65,,1,45,1,,1,0,0,7,2,57,57,57,1,0,0,1.0,1.0,,45.0,,45.0,,,,,,2.0,2.0,0.0,1,2.0,2.0,2.0,,2884.61,2.0,2.0,,,,11356.1745,2754.3664,0,0,0.0,,0,0,18303,1,,,,,,,2688.0454,7870.0,5940.0,-1,,,,,,,87541.0,2014,650,647,0,0,0,0,0,18.0,17.0,40.0,2014,1.0,6,8,2,9300,93001,1,17,16580,0,,1.0,,2,2,66,,1,46,1,,0,0,7,2,57,57,57,1,0,0,1.0,1.0,,-4.0,,46.0,,,,,,2.0,2.0,0.0,1,2.0,2.0,2.0,,2884.61,2.0,2.0,,,,11417.5553,2819.6419,0,0,0.0,,0,0,14533,1,,,,,,,2701.7558,7870.0,10.0,-1,,,,,,,89071.0,2015,662,647,0,0,0,0,0,18.0,1.0,40.0,2015,MIS4_to_MIS8,2014-2015,True,False,False,False,False,False,False,1
31691270950980,4,1.0,7,4,2,9300,93001,1,1,,17,16980,0,1.0,1.0,1.0,7,2,53,,2,41,2,,1,0,0,7,2,57,57,57,1,0,0,1.0,1.0,,40.0,,40.0,,,,,,2.0,1.0,0.0,1,2.0,1.0,1.0,1827.0,730.76,1.0,,2.0,,,11628.923,3000.5424,0,0,0.0,0.0,0,0,51079,1,,,5.0,,,,2974.8491,9480.0,4110.0,-1,,,,,,,123744.0,2014,651,648,0,0,0,0,0,16.0,13.0,51.0,2014,1.0,7,8,2,9300,93001,1,17,16980,0,1.0,1.0,1.0,7,2,54,,2,41,2,,0,0,7,2,57,57,57,1,0,0,1.0,1.0,,40.0,,40.0,,,,,,2.0,2.0,0.0,1,2.0,1.0,1.0,1500.0,807.0,1.0,,2.0,,,12723.5475,3399.8731,0,0,1.0,1.0,0,0,9144,1,,,5.0,,,,3315.9488,9370.0,2000.0,-1,,,,,,,125694.0,2015,663,648,0,0,0,0,0,16.0,6.0,51.0,2015,MIS4_to_MIS8,2014-2015,True,False,False,False,False,False,True,1
210709948086740,4,1.0,7,4,2,9300,93001,1,1,,17,16980,0,1.0,1.0,1.0,7,2,55,,2,45,1,,1,0,0,7,2,57,57,165,1,0,0,1.0,1.0,,40.0,,40.0,,,,,,2.0,3.0,0.0,1,2.0,2.0,2.0,,1923.07,2.0,2.0,,,,11608.9665,2876.4861,0,0,0.0,,0,0,14007,1,,,,,,,2861.9842,7860.0,2100.0,-1,,,,,,,123866.0,2014,651,648,0,0,0,0,0,18.0,7.0,40.0,2014,1.0,7,8,2,9300,93001,1,17,16980,0,1.0,1.0,1.0,7,2,56,,2,45,1,,0,0,7,2,57,57,165,1,0,0,1.0,1.0,,55.0,,55.0,,,,,,2.0,3.0,0.0,1,2.0,2.0,2.0,,1961.53,2.0,2.0,,,,10866.9296,2710.4492,0,0,0.0,,0,0,58784,1,,,,,,,2677.2028,9370.0,2100.0,-1,,,,,,,125790.0,2015,663,648,0,0,0,0,0,18.0,7.0,51.0,2015,MIS4_to_MIS8,2014-2015,True,False,False,False,False,False,False,1
690177007512600,4,1.0,4,4,2,9300,93001,1,1,,17,16980,0,1.0,1.0,,7,1,46,,2,40,2,,1,1,1,7,2,57,57,57,1,0,0,1.0,4.0,,,,,,,,104.0,2.0,11.0,2.0,0.0,2,,,,,,,,2.0,,,12971.9811,3082.2976,0,0,,,0,0,63699,1,,,2.0,,,,3146.7801,8290.0,2016.0,-1,,,,,,,123968.0,2014,651,648,0,0,0,0,0,13.0,6.0,42.0,2014,1.0,4,8,2,9300,93001,1,17,16980,0,1.0,1.0,1.0,7,1,47,,2,40,2,,1,1,7,2,57,57,57,1,0,0,1.0,1.0,,15.0,,10.0,,,15.0,,,6.0,2.0,0.0,1,2.0,,1.0,1300.0,195.0,2.0,2.0,2.0,,,11209.4351,2995.2855,0,0,0.0,0.0,0,0,35297,1,,,2.0,,,,2921.3482,9480.0,4610.0,-1,,,,,,,125887.0,2015,663,648,0,0,0,0,0,13.0,15.0,51.0,2015,MIS4_to_MIS8,2014-2015,True,False,False,False,False,False,False,1
739770560960921,4,1.0,7,4,2,9300,93001,1,1,,17,16980,0,1.0,1.0,1.0,7,2,85,,2,43,2,,1,0,0,7,2,57,57,57,1,0,0,1.0,1.0,,40.0,,40.0,,,,,,2.0,2.0,0.0,1,2.0,2.0,2.0,,346.0,1.0,,,,,11869.8312,2798.0709,0,0,1.0,,0,0,14005,1,,,,2.0,,,2774.1113,7860.0,2310.0,-1,,,,,,,123995.0,2014,651,648,0,0,0,0,0,16.0,8.0,40.0,2014,1.0,7,8,2,9300,93001,1,17,16980,0,1.0,1.0,1.0,7,2,85,,2,43,2,,0,0,7,2,57,57,57,1,0,0,1.0,1.0,,40.0,,40.0,,,,,,2.0,2.0,0.0,1,2.0,,1.0,2300.0,920.0,1.0,,,,,12057.1645,2920.9751,0,0,1.0,1.0,0,42,9150,1,,,,,,,2848.8721,9480.0,5860.0,-1,,,,,,,125901.0,2015,663,648,0,0,0,0,0,,17.0,51.0,2015,MIS4_to_MIS8,2014-2015,True,False,False,False,False,False,False,1
769030996100921,4,1.0,7,4,2,9300,93001,1,1,,17,16980,0,1.0,1.0,1.0,7,2,58,,2,44,2,,1,0,0,5,2,57,57,57,1,0,0,1.0,1.0,,-4.0,,49.0,,,,,,2.0,3.0,0.0,1,2.0,2.0,2.0,,2288.46,1.0,,,,,11579.5921,2994.6972,0,0,0.0,,0,0,34506,1,,,,,,3.0,2969.0538,7860.0,2320.0,-1,,,,,,,124009.0,2014,651,648,0,0,0,0,0,18.0,8.0,40.0,2014,1.0,7,8,2,9300,93001,1,17,16980,0,1.0,1.0,1.0,7,2,60,,2,44,2,,0,0,5,2,57,57,57,1,0,0,1.0,1.0,,40.0,,40.0,,,,,,2.0,2.0,0.0,1,2.0,,1.0,7212.0,2884.61,1.0,,,,,11525.0946,2997.2446,0,0,0.0,0.0,0,0,35309,1,,,,,,,2923.259,7860.0,2320.0,-1,,,,,,,125919.0,2015,663,648,0,0,0,0,0,,8.0,40.0,2015,MIS4_to_MIS8,2014-2015,True,False,False,False,False,False,True,1
907097365129760,4,1.0,1,4,2,9300,93001,1,1,,17,16980,0,1.0,1.0,1.0,7,3,57,1.0,2,44,2,,2,1,2,1,2,57,57,57,1,0,0,2.0,1.0,,40.0,,40.0,,,,,,2.0,3.0,0.0,1,2.0,1.0,1.0,4000.0,800.0,1.0,,,,,11579.5921,2994.6972,0,0,0.0,1.0,0,0,58215,2,,,,,,3.0,2969.0538,7860.0,2310.0,-1,,,,,,,124035.0,2014,651,648,0,0,0,0,0,18.0,8.0,40.0,2014,1.0,1,8,2,9300,93001,1,17,16980,0,1.0,1.0,1.0,7,3,59,1.0,2,44,2,,1,2,1,2,57,57,57,1,0,0,2.0,1.0,,40.0,,40.0,,,,,,2.0,4.0,0.0,1,2.0,1.0,1.0,1300.0,445.0,2.0,2.0,,,,11541.5993,2997.2446,0,0,0.0,1.0,0,0,23206,2,,,,,,,2923.259,9090.0,4150.0,-1,,,,,,,125939.0,2015,663,648,0,0,0,0,0,,13.0,48.0,2015,MIS4_to_MIS8,2014-2015,False,True,False,False,False,True,True,1
37838920329101,4,2.0,1,4,2,9300,93001,1,1,,17,16980,0,2.0,1.0,,7,1,67,2.0,1,43,1,,1,1,1,1,2,57,57,57,1,0,0,2.0,5.0,,,,,,,,,,1.0,2.0,0.0,2,,,,,,,,,,,9844.9367,2449.9596,0,0,,,0,0,13995,1,,,,2.0,,,2454.8063,7860.0,430.0,-1,,,,,,,124104.0,2014,651,648,0,0,0,0,0,16.0,1.0,40.0,2014,2.0,1,8,2,9300,93001,1,17,16980,0,2.0,1.0,,7,1,70,2.0,1,39,1,,1,1,1,2,57,57,57,1,0,0,2.0,5.0,,,,,,,,,,1.0,,,2,,,,,,,,,,,11720.811,2861.8519,0,0,,,0,0,23190,1,1.0,,,,,,2943.0396,,,-1,,,,,,,126040.0,2015,663,648,0,0,0,0,0,12.0,,,2015,MIS4_to_MIS8,2014-2015,False,False,False,True,True,True,True,1
39331270917186,4,1.0,7,4,2,9300,93001,1,1,,17,16980,0,2.0,1.0,,7,2,64,,2,43,1,,1,0,0,5,2,156,156,156,4,0,15,1.0,1.0,,15.0,,25.0,,,22.0,,,7.0,3.0,0.0,1,2.0,1.0,1.0,2000.0,200.0,2.0,2.0,,,,11724.929,2900.1775,0,0,0.0,0.0,0,0,19417,1,,,,2.0,,,2879.2213,8570.0,2720.0,2340,,,,,,,124106.0,2014,651,648,0,0,0,0,0,16.0,9.0,44.0,2014,1.0,7,8,2,9300,93001,1,17,16980,0,2.0,1.0,,7,2,65,,2,43,1,,0,0,5,2,156,156,156,4,0,15,1.0,1.0,,15.0,,25.0,,,22.0,,,7.0,3.0,0.0,1,2.0,1.0,1.0,2400.0,150.0,2.0,2.0,,,,8899.8094,2475.1593,0,0,0.0,0.0,0,0,5217,1,,,,,,,2361.7941,8570.0,2720.0,2340,,,,,,,126042.0,2015,663,648,0,0,0,0,0,,9.0,44.0,2015,MIS4_to_MIS8,2014-2015,True,False,False,False,False,False,False,1
71170042907094,4,2.0,1,4,2,9300,93001,1,1,,17,41180,163,2.0,1.0,,6,1,67,2.0,1,42,1,,1,1,1,1,2,57,57,57,1,0,0,2.0,1.0,,12.0,,12.0,,,19.0,,,7.0,3.0,0.0,1,2.0,2.0,2.0,,115.38,2.0,2.0,,,,9600.2257,2515.4459,0,0,0.0,,0,0,9676,1,,,4.0,,,,2454.2493,9370.0,430.0,-1,,,,,,,124123.0,2014,651,648,0,0,0,0,0,15.0,1.0,51.0,2014,2.0,1,8,2,9300,93001,1,17,41180,163,2.0,1.0,,6,1,68,2.0,1,42,1,,1,1,1,2,57,57,57,1,0,0,2.0,5.0,,,,,,,,,,1.0,3.0,0.0,2,,,,,,,,,,,11319.6326,2763.8968,0,0,,,0,0,19850,1,,,5.0,,,,2842.3056,9370.0,430.0,-1,,,,,,,126064.0,2015,663,648,0,0,0,0,0,16.0,1.0,51.0,2015,MIS4_to_MIS8,2014-2015,True,False,False,False,True,False,False,1
202906281991897,4,1.0,1,4,2,9300,93001,1,1,,17,16980,0,2.0,1.0,,7,3,35,1.0,2,42,1,,2,1,2,1,2,57,57,57,1,0,0,2.0,1.0,,40.0,,40.0,,,,,,2.0,3.0,0.0,1,2.0,2.0,2.0,,346.15,1.0,,2.0,,,11349.162,2898.9724,2,1,0.0,,0,0,14346,2,,,3.0,,,,2872.8099,7860.0,2540.0,-1,,,,,,,124244.0,2014,651,648,0,1,0,0,1,14.0,8.0,40.0,2014,1.0,1,8,2,9300,93001,1,17,16980,0,2.0,1.0,,7,3,35,1.0,2,42,1,,1,2,1,2,57,57,57,1,0,0,2.0,1.0,,40.0,,40.0,,,,,,2.0,5.0,0.0,1,2.0,,1.0,1650.0,660.0,2.0,2.0,2.0,,,11399.6712,2874.7336,2,1,0.0,0.0,0,0,23602,2,,,3.0,,,,2839.3667,7860.0,2540.0,-1,,,,,,,126229.0,2015,663,648,0,1,0,0,1,14.0,8.0,40.0,2015,MIS4_to_MIS8,2014-2015,False,True,False,False,False,True,True,1
620870098112019,4,1.0,1,4,2,9300,93001,1,1,,17,16980,0,2.0,1.0,,7,1,28,2.0,2,43,1,,1,1,1,1,2,57,57,57,1,0,0,1.0,1.0,,27.0,,27.0,,,15.0,,,6.0,3.0,0.0,1,2.0,2.0,2.0,,173.0,1.0,,2.0,,,11986.1388,3069.6633,5,2,1.0,,0,42,34654,1,,,,2.0,,,3074.2045,7860.0,2340.0,-1,,,,,,,124378.0,2014,651,648,1,1,0,0,1,16.0,8.0,40.0,2014,1.0,1,8,2,9300,93001,1,17,16980,0,2.0,1.0,,7,1,29,2.0,2,43,1,,1,1,1,2,57,57,57,1,0,0,1.0,1.0,,30.0,,50.0,,,,,,2.0,3.0,0.0,1,2.0,,1.0,1110.0,333.0,2.0,2.0,2.0,,,12746.0151,3268.3243,6,2,1.0,1.0,0,42,35430,1,,,,,,,3238.711,7860.0,5120.0,2340,,,,,,,126395.0,2015,663,648,1,0,1,0,1,,17.0,40.0,2015,MIS4_to_MIS8,2014-2015,True,False,False,False,False,False,False,1
620870098112019,4,1.0,1,4,2,9300,93001,1,1,,17,16980,0,2.0,1.0,,7,3,31,1.0,1,40,1,,2,1,2,1,2,57,57,57,1,0,0,2.0,1.0,,40.0,,46.0,,,,,,2.0,3.0,0.0,1,1.0,,1.0,475.0,390.0,1.0,,2.0,,,12127.1033,2973.6655,5,2,1.0,1.0,0,42,34654,2,,,2.0,,,,3000.1349,7860.0,4250.0,-1,,,,,,,124379.0,2014,651,648,1,1,0,0,1,13.0,14.0,40.0,2014,1.0,1,8,2,9300,93001,1,17,16980,0,2.0,1.0,,7,3,32,1.0,1,40,1,,1,2,1,2,57,57,57,1,0,0,2.0,1.0,,40.0,,40.0,,,,,,2.0,4.0,0.0,1,2.0,,1.0,825.0,330.0,2.0,2.0,2.0,,,11573.0826,2947.2914,6,2,1.0,1.0,0,42,35430,2,,,2.0,,,,2949.5052,8680.0,4020.0,-1,,,,,,,126396.0,2015,663,648,1,0,1,0,1,13.0,13.0,46.0,2015,MIS4_to_MIS8,2014-2015,False,True,False,False,False,True,True,1
708390133280921,4,1.0,4,4,2,9300,93001,1,1,,17,16980,0,2.0,1.0,,7,14,26,,1,39,2,,5,0,0,7,2,57,57,57,1,0,0,2.0,7.0,,,,,,,,,,1.0,3.0,0.0,2,,,,,,,,1.0,1.0,2.0,17569.0615,4347.8944,0,0,,,0,0,54423,5,1.0,,,,,,4647.011,9470.0,3850.0,-1,,,,,,,124406.0,2014,651,648,0,0,0,0,0,12.0,12.0,51.0,2014,6.0,4,8,2,9300,93001,1,17,16980,0,2.0,1.0,,7,14,27,,1,39,2,,0,0,7,2,57,57,57,1,0,0,2.0,7.0,,,,,,,,,,1.0,,,2,,,,,,,,2.0,,,20018.1509,5064.2153,0,0,,,0,0,35305,5,1.0,,,,,,4890.8929,,,-1,,,,,,,126421.0,2015,663,648,0,0,0,0,0,12.0,,,2015,MIS4_to_MIS8,2014-2015,False,False,False,True,False,True,True,1
720196978700256,4,2.0,1,4,2,9300,93001,1,1,,17,16980,0,2.0,1.0,,7,3,34,1.0,2,44,1,,2,1,2,1,2,57,57,57,1,0,0,1.0,2.0,8.0,40.0,,,,,,,,5.0,2.0,0.0,1,2.0,2.0,2.0,,738.46,1.0,,2.0,,,11352.6615,2863.1916,1,1,0.0,,0,0,9591,2,,,,,,3.0,2911.7302,7860.0,2320.0,-1,,,,,,,124421.0,2014,651,648,1,0,0,0,1,18.0,8.0,40.0,2014,2.0,1,8,2,9300,93001,1,17,16980,0,2.0,1.0,,7,3,35,1.0,2,44,1,,1,2,1,2,57,57,57,1,0,0,1.0,1.0,,40.0,,40.0,,,,,,2.0,2.0,0.0,1,2.0,2.0,2.0,,1153.84,1.0,,2.0,,,11399.6712,2874.7336,1,1,0.0,,0,0,33332,2,,,,,,,2839.3667,7860.0,2310.0,-1,,,,,,,126432.0,2015,663,648,1,0,0,0,1,,8.0,40.0,2015,MIS4_to_MIS8,2014-2015,True,False,False,False,False,False,False,1
738480780600921,4,3.0,1,4,2,9300,93001,1,1,,17,16980,0,2.0,1.0,,7,1,28,2.0,2,44,1,1.0,1,1,1,1,2,303,303,303,4,0,11,2.0,1.0,,60.0,,60.0,,,,,,2.0,3.0,0.0,1,2.0,2.0,2.0,,1000.0,1.0,,2.0,,,11363.8389,2928.341,0,0,0.0,,0,0,63704,1,,,,,,3.0,2914.597,7860.0,2310.0,-1,,,,,3.0,1.0,124423.0,2014,651,648,0,0,0,0,0,18.0,8.0,40.0,2014,1.0,1,8,2,9300,93001,1,17,16980,0,2.0,1.0,,7,1,29,2.0,2,44,1,1.0,1,1,1,2,303,303,303,4,0,11,1.0,1.0,,40.0,,40.0,,,,,,2.0,3.0,0.0,1,2.0,2.0,2.0,,961.53,1.0,,2.0,,,11482.4582,2937.2977,1,1,0.0,,0,0,23192,1,,,,,,,2917.6463,7860.0,2310.0,-1,,,,,3.0,1.0,126443.0,2015,663,648,1,0,0,0,1,,8.0,40.0,2015,MIS4_to_MIS8,2014-2015,True,False,False,False,False,False,False,1
817289320479107,4,1.0,4,4,2,9300,93001,1,1,,17,16980,0,2.0,1.0,,7,1,52,,2,39,1,1.0,1,1,1,5,2,303,303,303,4,0,11,1.0,1.0,,36.0,,36.0,,,,,,2.0,3.0,0.0,1,2.0,2.0,2.0,,500.0,2.0,2.0,2.0,,,11462.4594,2967.3062,0,0,1.0,,0,42,14150,1,1.0,,,,,,2920.1843,7860.0,2540.0,-1,,,,,,,124470.0,2014,651,648,0,0,0,0,0,12.0,8.0,40.0,2014,1.0,7,8,2,9300,93001,1,17,16980,0,2.0,1.0,,7,2,53,,2,39,1,1.0,0,0,5,2,303,303,303,4,0,11,1.0,1.0,,35.0,,35.0,,,,,,2.0,3.0,0.0,1,2.0,2.0,2.0,,365.38,2.0,2.0,2.0,,,10419.2097,2607.4868,0,0,0.0,,0,0,35399,1,1.0,,,,,,2561.3353,7860.0,2540.0,-1,,,,,,,126492.0,2015,663,648,0,0,0,0,0,12.0,8.0,40.0,2015,MIS4_to_MIS8,2014-2015,True,False,False,False,False,False,False,1
271680082909260,4,1.0,1,4,2,9300,93001,1,1,,17,0,0,3.0,2.0,,0,3,50,1.0,1,43,1,,2,1,2,1,2,57,57,57,1,0,0,2.0,1.0,,40.0,,40.0,,,,,,2.0,2.0,0.0,1,2.0,2.0,2.0,,1692.3,2.0,2.0,2.0,,,11993.9479,3022.3061,10,2,0.0,,0,0,2591,2,,,,2.0,,,3011.8067,9470.0,4620.0,-1,,,,,,,124636.0,2014,651,648,0,0,1,1,0,16.0,15.0,51.0,2014,1.0,1,8,2,9300,93001,1,17,0,0,3.0,2.0,,0,3,50,1.0,1,43,1,,1,2,1,2,57,57,57,1,0,0,2.0,1.0,,40.0,,40.0,,,,,,2.0,2.0,0.0,1,2.0,2.0,2.0,,1692.3,2.0,2.0,2.0,,,13545.2143,3453.0182,4,2,0.0,,0,0,23552,2,,,,,,,3399.9689,9470.0,4620.0,-1,,,,,,,126621.0,2015,663,648,0,0,0,1,0,,15.0,51.0,2015,MIS4_to_MIS8,2014-2015,True,False,False,False,False,False,False,1
199962704005789,4,2.0,1,4,2,9300,93001,1,1,,17,44100,0,,1.0,,2,1,56,2.0,2,43,1,,1,1,1,1,2,57,57,57,1,0,0,2.0,1.0,,40.0,,42.0,,,,,,2.0,2.0,0.0,1,2.0,2.0,2.0,,1846.15,2.0,1.0,,,,11977.1106,2967.7053,0,0,0.0,,0,0,9678,1,,,,2.0,,,2952.7436,9480.0,420.0,-1,,,,,,,124758.0,2014,651,648,0,0,0,0,0,16.0,1.0,51.0,2014,1.0,1,8,2,9300,93001,1,17,44100,0,,1.0,,2,1,57,2.0,2,43,1,,1,1,1,2,57,57,57,1,0,0,1.0,1.0,,40.0,,40.0,,,,,,2.0,2.0,0.0,1,2.0,,1.0,1675.0,670.0,1.0,,,,,14897.3609,3715.7267,0,0,1.0,1.0,0,0,35490,1,,,,,,,3670.1495,9480.0,650.0,-1,,,,,,,126719.0,2015,663,648,0,0,0,0,0,,2.0,51.0,2015,MIS4_to_MIS8,2014-2015,True,False,False,False,False,False,False,1
210709982905699,4,1.0,1,4,2,9300,93001,1,1,,17,19340,0,,1.0,,3,1,44,2.0,2,37,1,,1,1,1,1,2,57,57,57,1,0,0,1.0,1.0,,24.0,,24.0,,,22.0,,,7.0,3.0,0.0,1,2.0,,1.0,1138.0,273.12,1.0,,2.0,,,10709.174,2695.905,0,0,0.0,0.0,0,0,58254,1,,,,,,,2710.81,8370.0,3600.0,-1,,,,,,,124769.0,2014,651,648,0,0,0,0,0,11.0,11.0,43.0,2014,2.0,1,8,2,9300,93001,1,17,19340,0,,1.0,,3,1,45,2.0,2,37,1,,1,1,1,2,57,57,57,1,0,0,2.0,1.0,,24.0,,24.0,,,22.0,,,7.0,3.0,0.0,1,2.0,,1.0,1165.0,279.6,2.0,2.0,2.0,,,11447.5703,2830.6921,0,0,0.0,0.0,0,0,35418,1,,,,,,,2814.1353,9480.0,3600.0,-1,,,,,,,126729.0,2015,663,648,0,0,0,0,0,11.0,11.0,51.0,2015,MIS4_to_MIS8,2014-2015,True,False,False,False,False,False,False,1
210709996717695,4,1.0,1,4,2,9300,93001,1,1,,17,16580,0,,1.0,,2,1,27,2.0,1,44,1,,1,1,1,1,2,57,57,57,1,0,0,1.0,1.0,,70.0,,70.0,,,,,,2.0,2.0,0.0,1,2.0,2.0,2.0,,480.76,1.0,,1.0,1.0,2.0,15685.4175,3862.751,0,0,0.0,,0,0,19416,1,,,,,,3.0,3880.4294,7870.0,2200.0,-1,,,,,,,124774.0,2014,651,648,0,0,0,0,0,18.0,8.0,40.0,2014,1.0,1,8,2,9300,93001,1,17,16580,0,,1.0,,2,1,28,2.0,1,44,1,,1,1,1,2,57,57,57,1,0,0,1.0,1.0,,70.0,,70.0,,,,,,2.0,2.0,0.0,1,2.0,2.0,2.0,,500.0,1.0,,1.0,1.0,2.0,13392.0117,3406.4471,0,0,0.0,,0,0,5207,1,,,,,,,3413.0758,7870.0,1965.0,-1,,,,,,,126732.0,2015,663,648,0,0,0,0,0,,5.0,40.0,2015,MIS4_to_MIS8,2014-2015,True,False,False,False,False,False,False,1
210709996717695,4,1.0,1,4,2,9300,93001,1,1,,17,16580,0,,1.0,,2,3,30,1.0,2,44,4,,2,1,2,1,2,240,240,240,5,0,21,2.0,1.0,,70.0,,70.0,,,,,,2.0,2.0,0.0,1,2.0,2.0,2.0,,480.76,1.0,,1.0,1.0,2.0,14014.2008,3564.4328,0,0,0.0,,0,0,19416,2,,,,,,2.0,3594.3618,7870.0,2200.0,-1,,,,,,,124775.0,2014,651,648,0,0,0,0,0,18.0,8.0,40.0,2014,1.0,1,8,2,9300,93001,1,17,16580,0,,1.0,,2,3,31,1.0,2,44,4,,1,2,1,2,240,240,240,5,0,21,2.0,1.0,,70.0,,70.0,,,,,,2.0,2.0,0.0,1,2.0,2.0,2.0,,500.0,1.0,,1.0,1.0,2.0,15367.6812,3845.0912,0,0,0.0,,0,0,5207,2,,,,,,,3904.8658,7870.0,1965.0,-1,,,,,,,126733.0,2015,663,648,0,0,0,0,0,,5.0,40.0,2015,MIS4_to_MIS8,2014-2015,True,False,False,False,False,False,False,1
502907171996967,4,1.0,7,4,2,9300,93001,1,1,,17,16580,0,,1.0,,2,2,27,,2,45,2,,1,0,0,7,2,57,330,330,1,0,0,1.0,1.0,,45.0,4.0,32.0,,,4.0,,,4.0,2.0,0.0,1,2.0,2.0,2.0,,1015.38,1.0,,2.0,,,13183.9965,3244.0508,0,0,0.0,,0,0,13940,1,,,,,,,3332.1016,7870.0,230.0,-1,,,,,,,124793.0,2014,651,648,0,0,0,0,0,18.0,1.0,40.0,2014,1.0,4,8,2,9300,93001,1,17,16580,0,,1.0,,2,1,28,,2,45,2,,1,1,7,2,57,330,330,1,0,0,1.0,1.0,,40.0,,40.0,,,,,,2.0,2.0,0.0,1,2.0,2.0,2.0,,850.0,2.0,2.0,2.0,,,12822.2973,3066.0634,0,0,1.0,,0,42,35286,1,,,,,,,3048.6939,7860.0,5860.0,-1,,,,,,,126742.0,2015,663,648,0,0,0,0,0,18.0,17.0,40.0,2015,MIS4_to_MIS8,2014-2015,True,False,False,False,False,False,False,1
18351370993090,5,1.0,6,4,2,9300,93001,1,1,,17,40420,0,1.0,1.0,,3,2,45,,1,40,2,,1,0,0,5,2,57,57,57,1,0,0,1.0,2.0,5.0,40.0,,,,,,,,5.0,3.0,0.0,1,2.0,2.0,2.0,,961.0,1.0,,2.0,,,14647.4663,3933.7582,0,0,1.0,,0,42,53086,1,,,1.0,,,,3819.9385,770.0,6730.0,-1,,,,,,,161020.0,2014,652,649,0,0,0,0,0,12.0,19.0,4.0,2014,1.0,6,8,2,9300,93001,1,17,40420,0,1.0,1.0,,3,2,47,,1,40,2,,0,0,5,2,57,57,57,1,0,0,1.0,1.0,,40.0,,40.0,,,,,,2.0,3.0,0.0,1,2.0,2.0,2.0,,775.0,2.0,2.0,2.0,,,15365.365,4200.073,0,0,1.0,,0,42,7458,1,,,1.0,,,,4157.9313,770.0,6730.0,-1,,,,,,,163962.0,2015,664,649,0,0,0,0,0,12.0,19.0,4.0,2015,MIS4_to_MIS8,2014-2015,True,False,False,False,False,False,False,1
31691370940990,5,1.0,1,4,2,9300,93001,1,1,,17,16980,0,1.0,1.0,1.0,7,3,53,1.0,1,46,1,,2,1,2,1,2,57,57,57,1,0,0,2.0,1.0,,40.0,,40.0,,,,,,2.0,2.0,0.0,1,2.0,2.0,2.0,,1346.15,2.0,2.0,2.0,,,13773.9681,3446.6335,3,1,0.0,,0,0,23433,2,,,,,,,3420.7424,7870.0,2200.0,-1,,,,,,,161022.0,2014,652,649,0,0,1,0,0,18.0,8.0,40.0,2014,1.0,1,8,2,9300,93001,1,17,16980,0,1.0,1.0,1.0,7,3,53,1.0,1,46,1,,1,2,1,2,57,57,57,1,0,0,2.0,1.0,,40.0,,40.0,,,,,,2.0,2.0,0.0,1,2.0,2.0,2.0,,1500.0,2.0,1.0,2.0,,,12616.4209,3255.5053,3,1,0.0,,0,0,41025,2,,,,,,,3179.8605,7870.0,2200.0,-1,,,,,,,163964.0,2015,664,649,0,0,1,0,0,18.0,8.0,40.0,2015,MIS4_to_MIS8,2014-2015,True,False,False,False,False,False,False,1
40421370996694,5,1.0,1,4,2,9300,93001,1,1,,17,37900,0,1.0,1.0,,3,3,44,1.0,2,43,1,,2,1,2,1,2,57,57,57,1,0,0,2.0,1.0,,40.0,,40.0,,,,,,2.0,3.0,0.0,1,2.0,2.0,2.0,,673.07,1.0,,2.0,,,12422.9703,3092.5066,4,2,0.0,,0,42,5022,2,,,,1.0,1.0,,3094.0032,7860.0,2320.0,-1,,,,,,,161028.0,2014,652,649,0,0,0,1,0,18.0,8.0,40.0,2014,2.0,1,8,2,9300,93001,1,17,37900,0,1.0,1.0,,3,3,45,1.0,2,44,1,,1,2,1,2,57,57,57,1,0,0,2.0,1.0,,50.0,,50.0,,,,,,2.0,3.0,0.0,1,2.0,2.0,2.0,,884.61,1.0,,1.0,2.0,2.0,13865.6068,3542.3779,4,2,0.0,,0,0,63419,2,,,,,,,3516.3773,7860.0,2320.0,-1,,,,,,,163970.0,2015,664,649,0,0,0,1,0,,8.0,40.0,2015,MIS4_to_MIS8,2014-2015,True,False,False,False,False,False,False,1
92311370998393,5,1.0,1,4,2,9300,93001,1,1,,17,16980,0,1.0,1.0,1.0,7,4,30,,2,43,1,1.0,6,2,1,5,2,57,303,303,1,0,0,2.0,1.0,,35.0,4.0,31.0,,,4.0,,,4.0,3.0,0.0,1,2.0,1.0,1.0,2270.0,1200.0,1.0,,2.0,,,11469.3423,2865.6361,3,1,1.0,1.0,0,0,36312,6,,,,1.0,1.0,,2890.3944,7860.0,2330.0,-1,,,,,1.0,1.0,161043.0,2014,652,649,0,0,1,0,0,18.0,8.0,40.0,2014,1.0,1,8,2,9300,93001,1,17,16980,0,1.0,1.0,1.0,7,4,31,,2,44,1,1.0,2,1,5,2,57,303,303,1,0,0,2.0,1.0,,-4.0,,40.0,,,,,,2.0,3.0,0.0,1,2.0,,1.0,3900.0,1560.0,1.0,,2.0,,,13753.695,3482.0527,3,1,1.0,1.0,0,0,32582,6,,,,,,,3461.8745,7860.0,2330.0,-1,,,,,1.0,1.0,163978.0,2015,664,649,0,0,1,0,0,,8.0,40.0,2015,MIS4_to_MIS8,2014-2015,True,False,False,False,False,False,False,1
197933805088786,5,1.0,6,4,2,9300,93001,1,1,,17,16980,0,1.0,1.0,1.0,7,2,42,,1,40,1,,1,0,0,7,2,57,57,57,1,0,0,1.0,2.0,4.0,45.0,,,,,,,,5.0,3.0,0.0,1,2.0,2.0,2.0,,1730.76,1.0,,2.0,,,10550.4671,2698.888,0,0,0.0,,0,0,9238,1,,,4.0,,,,2675.7387,9470.0,3850.0,205,,,,,,,161069.0,2014,652,649,0,0,0,0,0,15.0,12.0,51.0,2014,1.0,6,8,2,9300,93001,1,17,16980,0,1.0,1.0,1.0,7,2,43,,1,40,1,,0,0,7,2,57,57,57,1,0,0,,1.0,,42.0,4.0,9.0,,,4.0,,,4.0,3.0,0.0,1,1.0,,1.0,1600.0,672.0,1.0,,2.0,,,12490.022,3153.8895,0,0,1.0,1.0,0,41,41026,1,,,2.0,,,,3118.6438,9470.0,3850.0,-1,,,,,,,164024.0,2015,664,649,0,0,0,0,0,13.0,12.0,51.0,2015,MIS4_to_MIS8,2014-2015,True,False,False,False,False,False,False,1
198943305064788,5,2.0,1,4,2,9300,93001,1,1,,17,16980,0,1.0,1.0,1.0,7,3,35,1.0,1,44,4,,2,1,2,1,2,57,57,57,1,0,0,1.0,1.0,,50.0,,59.0,,,,,,2.0,3.0,0.0,1,2.0,1.0,1.0,1000.0,1980.76,1.0,,1.0,2.0,2.0,10236.8383,2584.4396,8,4,0.0,1.0,0,0,4970,2,,,,,,3.0,2596.1983,7860.0,230.0,-1,,,,,,,161072.0,2014,652,649,0,1,1,0,1,18.0,1.0,40.0,2014,2.0,1,8,2,9300,93001,1,17,16980,0,1.0,1.0,1.0,7,3,36,1.0,1,43,4,,1,2,1,2,57,57,57,1,0,0,1.0,1.0,,-4.0,,55.0,,,,,,2.0,3.0,0.0,1,2.0,2.0,2.0,,1923.0,2.0,1.0,2.0,,,13465.8435,3308.3816,8,4,1.0,,0,0,54048,2,,,,,,,3362.2975,7860.0,230.0,-1,,,,,,,164027.0,2015,664,649,0,1,1,0,1,,1.0,40.0,2015,MIS4_to_MIS8,2014-2015,True,False,False,False,False,False,False,1
303904531394537,5,1.0,7,4,2,9300,93001,1,1,,17,16980,0,1.0,1.0,1.0,7,2,59,,2,40,2,,1,0,0,7,2,57,57,57,1,0,0,1.0,1.0,,40.0,,40.0,,,,,,2.0,3.0,0.0,1,2.0,1.0,1.0,2000.0,1661.0,1.0,,,,,15672.7579,3853.6288,0,0,1.0,1.0,0,0,23431,1,,,2.0,,,,3811.0967,6770.0,2430.0,-1,,,,,,,161097.0,2014,652,649,0,0,0,0,0,13.0,8.0,31.0,2014,1.0,7,8,2,9300,93001,1,17,16980,0,1.0,1.0,1.0,7,2,60,,2,40,2,,0,0,7,2,57,57,57,1,0,0,1.0,7.0,,,,,,,,,,1.0,4.0,0.0,2,,,,,,,,,,,17228.2334,4274.5376,0,0,,,0,0,54046,1,,,2.0,,,,4376.2913,8680.0,4060.0,-1,,,,,,,164043.0,2015,664,649,0,0,0,0,0,13.0,13.0,46.0,2015,MIS4_to_MIS8,2014-2015,False,True,False,False,False,True,True,1
310709938845684,5,2.0,1,4,2,9300,93001,1,1,,17,16980,0,1.0,1.0,1.0,7,3,55,1.0,1,39,1,,2,1,2,1,2,57,119,57,1,0,0,1.0,1.0,,40.0,,40.0,,,,,,2.0,3.0,0.0,1,2.0,,1.0,1600.0,640.0,2.0,2.0,,,,13737.9365,3415.2525,0,0,1.0,1.0,43,42,45897,2,1.0,,,,,,3372.6549,7680.0,3910.0,-1,,,,,,,161115.0,2014,652,649,0,0,0,0,0,12.0,12.0,38.0,2014,2.0,1,8,2,9300,93001,1,17,16980,0,1.0,1.0,1.0,7,3,56,1.0,1,39,1,,1,2,1,2,57,119,57,1,0,0,1.0,1.0,,40.0,,40.0,,,,,,2.0,3.0,0.0,1,2.0,,1.0,1350.0,540.0,1.0,,,,,13521.4731,3257.8872,0,0,1.0,1.0,43,42,42797,2,1.0,,,,,,3247.7107,7860.0,4220.0,-1,,,,,,,164054.0,2015,664,649,0,0,0,0,0,12.0,14.0,40.0,2015,MIS4_to_MIS8,2014-2015,True,False,False,False,False,False,False,1
530273095413438,5,1.0,1,4,2,9300,93001,1,1,,17,16980,0,1.0,1.0,,7,3,49,1.0,2,43,1,,2,1,2,1,2,57,57,128,1,0,0,2.0,1.0,,35.0,,35.0,,,,,,2.0,3.0,0.0,1,2.0,2.0,2.0,,775.0,2.0,2.0,2.0,,,13010.68,3336.2015,3,2,0.0,,0,0,9227,2,,,,2.0,,,3308.3049,7860.0,2310.0,-1,,,,,,,161178.0,2014,652,649,0,0,1,0,0,16.0,8.0,40.0,2014,1.0,1,8,2,9300,93001,1,17,16980,0,1.0,1.0,,7,3,50,1.0,2,43,1,,1,2,1,2,57,57,128,1,0,0,1.0,1.0,,40.0,,40.0,,,,,,2.0,5.0,0.0,1,2.0,2.0,2.0,,830.0,1.0,,2.0,,,15790.7946,4047.7464,3,2,1.0,,0,0,42792,2,,,,,,,4004.6132,7860.0,2310.0,-1,,,,,,,164098.0,2015,664,649,0,0,1,0,0,,8.0,40.0,2015,MIS4_to_MIS8,2014-2015,False,True,False,False,False,True,True,1
803908351698877,5,1.0,1,4,2,9300,93001,1,1,,17,16980,0,1.0,1.0,1.0,7,3,38,1.0,2,44,1,,2,1,2,1,2,57,119,119,1,0,0,2.0,1.0,,40.0,,40.0,,,,,,2.0,3.0,0.0,1,2.0,2.0,2.0,,1625.0,1.0,,2.0,,,11804.7886,2958.3954,1,1,0.0,,0,0,19854,2,,,,,,2.0,2940.0419,7860.0,2310.0,-1,,,,,,,161261.0,2014,652,649,1,0,0,0,1,18.0,8.0,40.0,2014,2.0,1,8,2,9300,93001,1,17,16980,0,1.0,1.0,1.0,7,3,39,1.0,2,44,1,,1,2,1,2,57,119,119,1,0,0,2.0,1.0,,40.0,,40.0,,,,,,2.0,3.0,0.0,1,2.0,2.0,2.0,,1153.84,1.0,,2.0,,,11438.2341,2960.9302,1,1,0.0,,0,0,61110,2,,,,,,,2899.3815,7860.0,2310.0,-1,,,,,,,164157.0,2015,664,649,1,0,0,0,1,,8.0,40.0,2015,MIS4_to_MIS8,2014-2015,True,False,False,False,False,False,False,1
910473090913069,5,1.0,1,4,2,9300,93001,1,1,,17,16980,0,1.0,1.0,1.0,7,3,39,1.0,1,46,1,,2,1,2,1,2,57,57,57,1,0,0,2.0,1.0,,40.0,,45.0,,,,,,2.0,3.0,0.0,1,2.0,2.0,2.0,,2115.0,2.0,2.0,2.0,,,11565.6957,2931.6695,5,2,1.0,,0,0,9236,2,,,,,,,2933.2142,9490.0,1840.0,-1,,,,,,,161286.0,2014,652,649,1,1,0,0,1,18.0,5.0,51.0,2014,1.0,1,8,2,9300,93001,1,17,16980,0,1.0,1.0,1.0,7,3,41,1.0,1,46,1,,1,2,1,2,57,57,57,1,0,0,1.0,1.0,,40.0,,52.0,,,,,,2.0,3.0,0.0,1,2.0,2.0,2.0,,1557.69,2.0,2.0,2.0,,,12490.022,3153.8895,5,3,0.0,,0,0,4360,2,,,,,,,3118.6438,9490.0,1840.0,2200,,,,,,,164174.0,2015,664,649,1,1,0,0,1,18.0,5.0,51.0,2015,MIS4_to_MIS8,2014-2015,True,False,False,False,False,False,False,1
18151370994894,5,1.0,6,4,2,9300,93001,1,1,,17,16980,0,2.0,1.0,,7,2,22,,1,40,1,,1,0,0,7,2,57,57,57,1,0,0,1.0,1.0,,40.0,,62.0,,,,,,2.0,3.0,0.0,1,2.0,1.0,1.0,1390.0,673.07,1.0,,2.0,,,13629.0641,3445.18,0,0,0.0,0.0,0,0,56282,1,,,2.0,,,,3409.217,7860.0,7340.0,430,,,,,,,161369.0,2014,652,649,0,0,0,0,0,13.0,20.0,40.0,2014,1.0,6,8,2,9300,93001,1,17,16980,0,2.0,1.0,,7,2,23,,1,40,1,,0,0,7,2,57,57,57,1,0,0,1.0,1.0,,40.0,,40.0,,,,,,2.0,3.0,0.0,1,2.0,,1.0,1500.0,780.0,1.0,,2.0,,,15107.0278,3780.2238,0,0,0.0,0.0,0,0,32692,1,,,1.0,,,,3753.6737,7860.0,4220.0,1965,,,,,,,164268.0,2015,664,649,0,0,0,0,0,12.0,14.0,40.0,2015,MIS4_to_MIS8,2014-2015,True,False,False,False,False,False,False,1
32102680700128,5,2.0,1,4,2,9300,93001,1,1,,17,16980,0,2.0,1.0,,7,3,49,1.0,2,41,1,,2,1,2,1,2,57,57,57,1,0,0,1.0,1.0,,40.0,,42.0,,,,,,2.0,2.0,0.0,1,2.0,1.0,1.0,1350.0,1000.0,1.0,,2.0,,,12645.2463,3242.4969,4,1,0.0,1.0,0,0,23777,2,,,3.0,,,,3215.3839,9480.0,800.0,-1,,,,,,,161375.0,2014,652,649,0,0,0,1,0,14.0,2.0,51.0,2014,2.0,1,8,2,9300,93001,1,17,16980,0,2.0,1.0,,7,3,50,1.0,2,41,1,,1,2,1,2,57,57,57,1,0,0,1.0,6.0,,,,,,,,,,1.0,1.0,0.0,2,,,,,,,,2.0,,,16102.9115,3918.5494,4,1,,,0,0,20141,2,,,3.0,,,,4026.2946,9370.0,800.0,-1,,,,,,,164275.0,2015,664,649,0,0,0,1,0,14.0,2.0,51.0,2015,MIS4_to_MIS8,2014-2015,True,False,False,False,False,False,True,1
36199138700390,5,1.0,4,4,2,9300,93001,1,1,,17,16980,0,2.0,1.0,,7,1,30,,2,44,1,1.0,1,1,1,7,2,57,303,303,1,0,0,1.0,1.0,,40.0,,54.0,,,,,,2.0,2.0,0.0,1,1.0,2.0,2.0,,673.0,1.0,,2.0,,,11147.2005,2785.1483,0,0,1.0,,0,0,4964,1,,,,,,3.0,2809.2113,9480.0,2010.0,2000,,,,,2.0,1.0,161381.0,2014,652,649,0,0,0,0,0,18.0,6.0,51.0,2014,2.0,4,8,2,9300,93001,1,17,16980,0,2.0,1.0,,7,1,31,,2,44,1,1.0,1,1,7,2,57,303,303,1,0,0,1.0,1.0,,40.0,,45.0,,,,,,2.0,2.0,0.0,1,1.0,2.0,2.0,,1384.61,1.0,,2.0,,,13314.701,3370.9117,0,0,0.0,,0,0,41024,1,,,,,,,3351.3775,8370.0,2010.0,-1,,,,,2.0,1.0,164280.0,2015,664,649,0,0,0,0,0,,6.0,43.0,2015,MIS4_to_MIS8,2014-2015,True,False,False,False,False,False,False,1
55791370948381,5,1.0,1,4,2,9300,93001,1,1,,17,16980,0,2.0,1.0,,7,1,36,2.0,1,44,1,,1,1,1,1,2,57,57,57,1,0,0,1.0,1.0,,50.0,,50.0,,,,,,2.0,3.0,0.0,1,2.0,2.0,2.0,,1307.69,1.0,,1.0,2.0,2.0,11240.8475,2849.3271,5,2,0.0,,0,0,23425,1,,,,,,2.0,2850.8283,7860.0,2320.0,-1,,,,,,,161402.0,2014,652,649,1,1,0,0,1,18.0,8.0,40.0,2014,1.0,1,8,2,9300,93001,1,17,16980,0,2.0,1.0,,7,1,37,2.0,1,44,1,,1,1,1,2,57,57,57,1,0,0,1.0,1.0,,50.0,,50.0,,,,,,2.0,3.0,0.0,1,2.0,2.0,2.0,,1700.0,1.0,,2.0,,,11512.6589,2913.917,6,2,0.0,,0,0,50350,1,,,,,,,2874.6052,7860.0,2320.0,-1,,,,,,,164301.0,2015,664,649,1,0,1,0,1,,8.0,40.0,2015,MIS4_to_MIS8,2014-2015,True,False,False,False,False,False,False,1
55791370948381,5,1.0,1,4,2,9300,93001,1,1,,17,16980,0,2.0,1.0,,7,3,36,1.0,2,44,1,,2,1,2,1,2,57,57,57,1,0,0,2.0,1.0,,20.0,,40.0,,,,,,2.0,3.0,0.0,1,2.0,2.0,2.0,,450.0,2.0,2.0,2.0,,,11473.225,2875.3023,5,2,0.0,,0,0,23425,2,,,,,,2.0,2857.4643,7870.0,2200.0,2340,,,,,,,161403.0,2014,652,649,1,1,0,0,1,18.0,8.0,40.0,2014,1.0,1,8,2,9300,93001,1,17,16980,0,2.0,1.0,,7,3,37,1.0,2,44,1,,1,2,1,2,57,57,57,1,0,0,2.0,1.0,,50.0,,50.0,,,,,,2.0,3.0,0.0,1,2.0,2.0,2.0,,1100.0,1.0,,2.0,,,11073.1456,2866.4225,6,2,0.0,,0,0,50350,2,,,,,,,2806.8383,7860.0,2320.0,-1,,,,,,,164302.0,2015,664,649,1,0,1,0,1,,8.0,40.0,2015,MIS4_to_MIS8,2014-2015,True,False,False,False,False,False,False,1
86221370018200,5,1.0,6,4,2,9300,93001,1,1,,17,16980,0,2.0,1.0,,7,2,36,,1,44,2,,1,0,0,7,2,57,57,57,1,0,0,1.0,1.0,,40.0,,40.0,,,,,,2.0,3.0,0.0,1,2.0,2.0,2.0,,1923.07,1.0,,2.0,,,10819.7243,2656.2305,0,0,0.0,,0,0,23779,1,,,,,,3.0,2628.3744,9470.0,3710.0,-1,,,,,,,161419.0,2014,652,649,0,0,0,0,0,18.0,12.0,51.0,2014,1.0,6,8,2,9300,93001,1,17,16980,0,2.0,1.0,,7,2,37,,1,44,2,,0,0,7,2,57,57,57,1,0,0,1.0,1.0,,40.0,,40.0,,,,,,2.0,3.0,0.0,1,2.0,2.0,2.0,,769.23,1.0,,2.0,,,17918.9829,4613.6474,0,0,0.0,,0,0,20142,1,,,,,,,4530.3669,9470.0,3850.0,-1,,,,,,,164318.0,2015,664,649,0,0,0,0,0,,12.0,51.0,2015,MIS4_to_MIS8,2014-2015,True,False,False,False,False,False,False,1
108023006022781,5,1.0,1,4,2,9300,93001,1,1,,17,16980,0,2.0,1.0,,7,3,61,1.0,2,39,1,,2,1,2,1,2,57,57,57,1,0,0,2.0,1.0,,40.0,,40.0,,,,,,2.0,3.0,0.0,1,2.0,,1.0,2023.0,809.2,2.0,2.0,,,,12418.6979,3111.404,0,0,1.0,1.0,0,42,36504,2,1.0,,,,,,3092.7958,7870.0,5700.0,-1,,,,,,,161437.0,2014,652,649,0,0,0,0,0,12.0,17.0,40.0,2014,2.0,1,8,2,9300,93001,1,17,16980,0,2.0,1.0,,7,3,62,1.0,2,39,1,,1,2,1,2,57,57,57,1,0,0,1.0,2.0,4.0,40.0,,,,,,,,5.0,4.0,0.0,1,2.0,2.0,2.0,,1000.0,2.0,2.0,,,,13657.0389,3600.4354,0,0,1.0,,0,42,50492,2,1.0,,,,,,3532.3607,7870.0,5700.0,-1,,,,,,,164327.0,2015,664,649,0,0,0,0,0,12.0,17.0,40.0,2015,MIS4_to_MIS8,2014-2015,False,True,False,False,False,True,True,1
197983505071798,5,1.0,1,4,2,9300,93001,1,1,,17,16980,0,2.0,1.0,,7,1,28,2.0,1,41,1,,1,1,1,1,2,164,164,164,4,0,13,1.0,1.0,,50.0,,50.0,,,,,,2.0,3.0,0.0,1,2.0,1.0,1.0,3000.0,1500.0,1.0,,2.0,,,11803.4213,2990.5319,0,0,0.0,0.0,0,0,4995,1,,,2.0,,,,2966.0251,9470.0,3740.0,-1,,,,,,,161491.0,2014,652,649,0,0,0,0,0,13.0,12.0,51.0,2014,2.0,1,8,2,9300,93001,1,17,16980,0,2.0,1.0,,7,1,29,2.0,1,40,1,,1,1,1,2,164,164,164,4,0,13,1.0,1.0,,50.0,,50.0,,,,,,2.0,3.0,0.0,1,2.0,1.0,1.0,3000.0,1500.0,1.0,,1.0,2.0,2.0,13921.3925,3529.9745,0,0,0.0,0.0,0,0,16933,1,,,2.0,,,,3530.3807,9470.0,3740.0,-1,,,,,,,164397.0,2015,664,649,0,0,0,0,0,13.0,12.0,51.0,2015,MIS4_to_MIS8,2014-2015,True,False,False,False,False,False,False,1
271426053908195,5,1.0,1,4,2,9300,93001,1,1,,17,41180,163,2.0,1.0,,6,3,59,1.0,2,39,1,,2,1,2,1,2,57,57,57,1,0,0,2.0,2.0,5.0,35.0,,,,,,,,5.0,3.0,0.0,1,2.0,1.0,1.0,1524.0,384.61,1.0,,,,,12160.9152,3093.7039,0,0,0.0,0.0,0,0,23744,2,1.0,,,,,,3085.2777,7860.0,4020.0,-1,,,,,,,161511.0,2014,652,649,0,0,0,0,0,12.0,13.0,40.0,2014,2.0,1,8,2,9300,93001,1,17,41180,163,2.0,1.0,,6,3,60,1.0,2,39,1,,1,2,1,2,57,57,57,1,0,0,1.0,1.0,,35.0,,35.0,,,,,,2.0,3.0,0.0,1,2.0,,1.0,1786.0,625.1,1.0,,,,,13657.0389,3600.4354,0,0,1.0,1.0,0,0,20106,2,1.0,,,,,,3532.3607,7860.0,4020.0,-1,,,,,,,164419.0,2015,664,649,0,0,0,0,0,12.0,13.0,40.0,2015,MIS4_to_MIS8,2014-2015,True,False,False,False,False,False,False,1
300970099313799,5,1.0,1,4,2,9300,93001,1,1,,17,16980,111,2.0,1.0,,7,1,29,2.0,1,44,1,,1,1,1,1,2,57,57,57,1,0,0,1.0,1.0,,60.0,,60.0,,,,,,2.0,3.0,0.0,1,2.0,2.0,2.0,,1057.69,1.0,,2.0,,,11803.4213,2990.5319,5,2,0.0,,0,0,23664,1,,,,,,3.0,2966.0251,7860.0,2330.0,-1,1.0,,,,,,161513.0,2014,652,649,1,1,0,0,1,18.0,8.0,40.0,2014,1.0,1,8,2,9300,93001,1,17,16980,111,2.0,1.0,,7,1,30,2.0,1,44,1,,1,1,1,2,57,57,57,1,0,0,1.0,1.0,,60.0,,60.0,,,,,,2.0,2.0,0.0,1,2.0,2.0,2.0,,1015.38,1.0,,2.0,,,12654.0099,3218.3423,5,2,0.0,,0,0,7394,1,,,,,,,3208.9802,7860.0,2310.0,-1,1.0,,,,,,164427.0,2015,664,649,1,1,0,0,1,,8.0,40.0,2015,MIS4_to_MIS8,2014-2015,True,False,False,False,False,False,True,1
300970099313799,5,1.0,1,4,2,9300,93001,1,1,,17,16980,111,2.0,1.0,,7,3,30,1.0,2,44,1,,2,1,2,1,2,57,57,57,1,0,0,2.0,1.0,,60.0,,60.0,,,,,,2.0,3.0,0.0,1,2.0,2.0,2.0,,865.38,1.0,,2.0,,,12303.6429,3075.3007,5,2,0.0,,0,0,23664,2,,,,,,2.0,3100.6469,7860.0,2310.0,-1,,,,,,,161514.0,2014,652,649,1,1,0,0,1,18.0,8.0,40.0,2014,1.0,1,8,2,9300,93001,1,17,16980,111,2.0,1.0,,7,3,31,1.0,2,44,1,,1,2,1,2,57,57,57,1,0,0,2.0,1.0,,60.0,,60.0,,,,,,2.0,2.0,0.0,1,2.0,2.0,2.0,,923.07,1.0,,2.0,,,12702.1703,3206.3715,5,2,0.0,,0,0,7394,2,,,,,,,3197.2004,7860.0,2310.0,-1,,,,,,,164428.0,2015,664,649,1,1,0,0,1,,8.0,40.0,2015,MIS4_to_MIS8,2014-2015,True,False,False,False,False,False,True,1
310709763719383,5,1.0,1,4,2,9300,93001,1,1,,17,16980,0,2.0,1.0,,7,1,35,2.0,2,43,1,,1,1,1,1,2,57,57,57,1,0,0,1.0,1.0,,40.0,,40.0,,,,,,2.0,3.0,0.0,1,2.0,2.0,2.0,,1000.0,1.0,,2.0,,,11473.225,2875.3023,0,0,0.0,,0,0,45889,1,,,,2.0,,,2857.4643,7860.0,2310.0,-1,,,,,,,161529.0,2014,652,649,0,0,0,0,0,16.0,8.0,40.0,2014,1.0,1,8,2,9300,93001,1,17,16980,0,2.0,1.0,,7,1,36,2.0,2,43,1,,1,1,1,2,57,57,57,1,0,0,1.0,1.0,,40.0,,40.0,,,,,,2.0,3.0,0.0,1,2.0,2.0,2.0,,830.76,1.0,,2.0,,,11073.1456,2866.4225,0,0,0.0,,0,0,7268,1,,,,,,,2806.8383,7860.0,2310.0,-1,,,,,,,164444.0,2015,664,649,0,0,0,0,0,,8.0,40.0,2015,MIS4_to_MIS8,2014-2015,True,False,False,False,False,False,False,1
310709763719383,5,1.0,1,4,2,9300,93001,1,1,,17,16980,0,2.0,1.0,,7,3,35,1.0,1,32,1,,2,1,2,1,2,57,57,57,1,0,0,2.0,1.0,,40.0,,40.0,,,,,,2.0,1.0,0.0,1,2.0,1.0,1.0,1000.0,788.46,1.0,,2.0,,,11240.8475,2849.3271,0,0,0.0,1.0,0,0,45889,2,,,,,,,2850.8283,9590.0,3945.0,-1,,,,,,,161530.0,2014,652,649,0,0,0,0,0,2.5,12.0,51.0,2014,1.0,1,8,2,9300,93001,1,17,16980,0,2.0,1.0,,7,3,35,1.0,1,41,1,,1,2,1,2,57,57,57,1,0,0,2.0,1.0,,40.0,,40.0,,,,,,2.0,1.0,0.0,1,2.0,1.0,1.0,1450.0,700.0,1.0,,2.0,,,11512.6589,2913.917,0,0,0.0,0.0,0,0,7268,2,,,1.0,,,,2874.6052,9590.0,3945.0,-1,,,,,,,164445.0,2015,664,649,0,0,0,0,0,12.0,12.0,51.0,2015,MIS4_to_MIS8,2014-2015,True,False,False,False,False,False,False,1
310709803091936,5,2.0,1,4,2,9300,93001,1,1,,17,16980,0,2.0,1.0,,7,1,57,2.0,1,39,1,1.0,1,1,1,1,2,57,57,303,1,0,0,2.0,1.0,,40.0,,40.0,,,,,,2.0,3.0,0.0,1,2.0,2.0,2.0,,634.61,2.0,2.0,,,,13238.8016,3291.8829,0,0,0.0,,0,0,44563,1,1.0,,,,,,3250.1176,7860.0,4220.0,-1,,,,,,,161531.0,2014,652,649,0,0,0,0,0,12.0,14.0,40.0,2014,2.0,1,8,2,9300,93001,1,17,16980,0,2.0,1.0,,7,1,58,2.0,1,39,1,1.0,1,1,1,2,57,57,303,1,0,0,1.0,2.0,4.0,40.0,,,,,,,,5.0,2.0,0.0,1,2.0,,1.0,1350.0,540.0,1.0,,,,,14395.0834,3437.3223,0,0,1.0,1.0,0,42,63398,1,1.0,,,,,,3457.5423,7860.0,4200.0,-1,,,,,,,164446.0,2015,664,649,0,0,0,0,0,12.0,14.0,40.0,2015,MIS4_to_MIS8,2014-2015,True,False,False,False,False,False,True,1
310709803091936,5,2.0,1,4,2,9300,93001,1,1,,17,16980,0,2.0,1.0,,7,3,54,1.0,2,43,1,,2,1,2,1,2,57,57,57,1,0,0,1.0,1.0,,40.0,,40.0,,,,,,2.0,2.0,0.0,1,2.0,2.0,2.0,,1538.46,2.0,2.0,2.0,,,13897.8705,3596.4941,0,0,0.0,,0,0,44563,2,,,,1.0,1.0,,3533.8963,8190.0,5940.0,-1,,,,,,,161532.0,2014,652,649,0,0,0,0,0,18.0,17.0,41.0,2014,2.0,1,8,2,9300,93001,1,17,16980,0,2.0,1.0,,7,3,55,1.0,2,43,1,,1,2,1,2,57,57,57,1,0,0,2.0,2.0,4.0,40.0,,,,,,,,5.0,2.0,0.0,1,2.0,,1.0,2700.0,1080.0,2.0,2.0,,,,14185.7038,3557.8231,0,0,1.0,1.0,0,42,63398,2,,,,,,,3485.5576,8190.0,3320.0,-1,,,,,,,164447.0,2015,664,649,0,0,0,0,0,,10.0,41.0,2015,MIS4_to_MIS8,2014-2015,True,False,False,False,False,False,False,1
310709848086710,5,1.0,1,4,2,9300,93001,1,1,,17,16980,0,2.0,1.0,,7,1,56,2.0,1,46,1,1.0,1,1,1,1,2,57,57,57,1,0,0,1.0,1.0,,50.0,,50.0,,,,,,2.0,3.0,0.0,1,2.0,2.0,2.0,,2884.61,2.0,2.0,,,,13238.8016,3291.8829,0,0,1.0,,0,0,23421,1,,,,,,,3250.1176,7860.0,230.0,-1,,,,,,,161533.0,2014,652,649,0,0,0,0,0,18.0,1.0,40.0,2014,2.0,1,8,2,9300,93001,1,17,16980,0,2.0,1.0,,7,1,57,2.0,1,46,1,1.0,1,1,1,2,57,57,57,1,0,0,1.0,1.0,,-4.0,,45.0,,,,,,2.0,3.0,0.0,1,2.0,2.0,2.0,,1000.0,1.0,,,,,14395.0834,3437.3223,0,0,1.0,,0,42,42789,1,,,,,,,3457.5423,7860.0,2310.0,-1,,,,,,,164448.0,2015,664,649,0,0,0,0,0,18.0,8.0,40.0,2015,MIS4_to_MIS8,2014-2015,True,False,False,False,False,False,False,1
310709848086710,5,1.0,1,4,2,9300,93001,1,1,,17,16980,0,2.0,1.0,,7,3,61,1.0,2,43,1,,2,1,2,1,2,57,57,57,1,0,0,2.0,1.0,,50.0,,50.0,,,,,,2.0,3.0,0.0,1,2.0,2.0,2.0,,2884.61,2.0,1.0,,,,12418.6979,3111.404,0,0,1.0,,0,0,23421,2,,,,1.0,2.0,,3092.7958,7860.0,2310.0,-1,,,,,,,161534.0,2014,652,649,0,0,0,0,0,17.0,8.0,40.0,2014,2.0,1,8,2,9300,93001,1,17,16980,0,2.0,1.0,,7,3,62,1.0,2,43,1,,1,2,1,2,57,57,57,1,0,0,2.0,1.0,,40.0,,40.0,,,,,,2.0,3.0,0.0,1,2.0,,1.0,2700.0,1080.0,1.0,,,,,13657.0389,3600.4354,0,0,1.0,1.0,0,42,42789,2,,,,,,,3532.3607,7860.0,2310.0,-1,,,,,,,164449.0,2015,664,649,0,0,0,0,0,,8.0,40.0,2015,MIS4_to_MIS8,2014-2015,True,False,False,False,False,False,False,1
310975098613919,5,1.0,1,4,2,9300,93001,1,1,,17,41180,163,2.0,1.0,,6,1,47,2.0,2,40,2,,1,1,1,1,2,57,57,57,1,0,0,1.0,1.0,,37.0,,40.0,,,,,,2.0,2.0,0.0,1,1.0,2.0,2.0,,1334.61,1.0,,2.0,,,13960.5982,3665.767,4,1,0.0,,0,0,36485,1,,,5.0,,,,3625.3083,9480.0,430.0,-1,,,,,,,161550.0,2014,652,649,0,0,0,1,0,16.0,1.0,51.0,2014,1.0,1,8,2,9300,93001,1,17,41180,163,2.0,1.0,,6,1,48,2.0,2,40,2,,1,1,1,2,57,57,57,1,0,0,1.0,1.0,,48.0,11.0,28.0,,,11.0,,,4.0,2.0,0.0,1,2.0,2.0,2.0,,1422.92,1.0,,1.0,2.0,2.0,14568.0403,3915.0626,0,0,0.0,,0,0,41044,1,,,5.0,,,,3850.888,9480.0,5000.0,-1,,,,,,,164465.0,2015,664,649,0,0,0,0,0,16.0,17.0,51.0,2015,MIS4_to_MIS8,2014-2015,True,False,False,False,False,False,False,1
435199639700844,5,1.0,1,4,2,9300,93001,1,1,,17,40420,0,2.0,1.0,,3,3,56,1.0,1,39,1,,2,1,2,1,2,57,57,57,1,0,0,2.0,1.0,,39.0,,39.0,,,,,,2.0,3.0,0.0,1,2.0,1.0,1.0,1200.0,468.0,1.0,,,,,13077.6758,3251.1116,0,0,0.0,0.0,0,0,5041,2,1.0,,,,,,3210.5613,7860.0,9120.0,-1,,,,,,,161590.0,2014,652,649,0,0,0,0,0,12.0,22.0,40.0,2014,2.0,1,8,2,9300,93001,1,17,40420,0,2.0,1.0,,3,3,56,1.0,1,39,1,,1,2,1,2,57,57,57,1,0,0,2.0,1.0,,39.0,,39.0,,,,,,2.0,3.0,0.0,1,2.0,,1.0,1256.0,489.84,2.0,2.0,,,,13143.7214,3166.8711,0,0,0.0,0.0,0,0,20160,2,1.0,,,,,,3156.9788,7860.0,9120.0,-1,,,,,,,164501.0,2015,664,649,0,0,0,0,0,12.0,22.0,40.0,2015,MIS4_to_MIS8,2014-2015,True,False,False,False,False,False,False,1
571897053908197,5,1.0,1,4,2,9300,93001,1,1,,17,16980,0,2.0,1.0,,7,1,54,2.0,2,43,1,,1,1,1,1,2,57,57,57,1,0,0,1.0,1.0,,33.0,,33.0,,,22.0,,,7.0,3.0,0.0,1,2.0,2.0,2.0,,460.15,1.0,,2.0,,,13897.8705,3596.4941,3,2,0.0,,0,0,23638,1,,,,2.0,,,3533.8963,7860.0,2540.0,-1,,,,,,,161629.0,2014,652,649,0,0,1,0,0,16.0,8.0,40.0,2014,1.0,1,8,2,9300,93001,1,17,16980,0,2.0,1.0,,7,1,55,2.0,2,43,1,,1,1,1,2,57,57,57,1,0,0,1.0,1.0,,20.0,,20.0,,,15.0,,,6.0,4.0,0.0,1,2.0,,1.0,1950.0,390.0,2.0,2.0,,,,14185.7038,3557.8231,10,2,1.0,1.0,0,42,50450,1,,,,,,,3485.5576,8680.0,4130.0,-1,,,,,,,164545.0,2015,664,649,0,0,1,1,0,,13.0,46.0,2015,MIS4_to_MIS8,2014-2015,False,True,False,False,False,True,True,1
907097965137760,5,1.0,6,4,2,9300,93001,1,1,,17,16980,0,2.0,1.0,,7,2,37,,1,43,2,,1,0,0,7,2,57,57,57,1,0,0,1.0,1.0,,40.0,,40.0,,,,,,2.0,2.0,0.0,1,2.0,2.0,2.0,,961.53,2.0,2.0,2.0,,,10819.7243,2656.2305,0,0,0.0,,0,0,36303,1,,,,1.0,1.0,,2628.3744,7290.0,1010.0,-1,,,,,,,161775.0,2014,652,649,0,0,0,0,0,18.0,3.0,36.0,2014,1.0,6,8,2,9300,93001,1,17,16980,0,2.0,1.0,,7,2,38,,1,43,2,,0,0,7,2,57,57,57,1,0,0,1.0,1.0,,40.0,,40.0,,,,,,2.0,2.0,0.0,1,2.0,2.0,2.0,,1153.84,2.0,2.0,2.0,,,17918.9829,4613.6474,0,0,0.0,,0,0,19790,1,,,,,,,4530.3669,7590.0,7010.0,-1,,,,,,,164674.0,2015,664,649,0,0,0,0,0,,20.0,38.0,2015,MIS4_to_MIS8,2014-2015,True,False,False,False,False,False,False,1
956077955139110,5,1.0,1,4,2,9300,93001,1,1,,17,16980,0,2.0,1.0,,7,1,54,2.0,2,42,1,,1,1,1,1,2,57,57,57,1,0,0,1.0,1.0,,40.0,,40.0,,,,,,2.0,3.0,0.0,1,2.0,2.0,2.0,,1538.46,2.0,2.0,2.0,,,13897.8705,3596.4941,0,0,0.0,,0,0,36422,1,,,3.0,,,,3533.8963,770.0,2600.0,-1,,,,,,,161813.0,2014,652,649,0,0,0,0,0,14.0,9.0,4.0,2014,1.0,1,8,2,9300,93001,1,17,16980,0,2.0,1.0,,7,1,55,2.0,2,42,1,,1,1,1,2,57,57,57,1,0,0,1.0,1.0,,40.0,,40.0,,,,,,2.0,3.0,0.0,1,2.0,2.0,2.0,,1586.53,2.0,2.0,,,,14185.7038,3557.8231,0,0,0.0,,0,0,30241,1,,,2.0,,,,3485.5576,770.0,2630.0,-1,,,,,,,164706.0,2015,664,649,0,0,0,0,0,13.0,9.0,4.0,2015,MIS4_to_MIS8,2014-2015,True,False,False,False,False,False,False,1
997119230206101,5,1.0,1,4,2,9300,93001,1,1,,17,0,0,3.0,2.0,,0,3,67,1.0,2,40,1,,2,1,2,1,2,57,57,57,1,0,0,2.0,1.0,,-4.0,,11.0,,,21.0,,,7.0,2.0,0.0,1,2.0,,1.0,825.0,115.0,2.0,2.0,,,,12485.3498,3110.3696,0,0,1.0,0.0,42,0,4959,2,,,2.0,,,,3033.1037,7860.0,2540.0,-1,,,,,,,161996.0,2014,652,649,0,0,0,0,0,13.0,8.0,40.0,2014,2.0,1,8,2,9300,93001,1,17,0,0,3.0,2.0,,0,3,68,1.0,2,40,1,,1,2,1,2,57,57,57,1,0,0,2.0,1.0,,-4.0,,14.0,,,21.0,,,7.0,2.0,0.0,1,2.0,1.0,1.0,1475.0,275.0,1.0,,,,,14171.5106,3763.72,0,0,1.0,1.0,0,0,16913,2,,,3.0,,,,3698.0033,7860.0,4600.0,-1,,,,,,,164808.0,2015,664,649,0,0,0,0,0,14.0,15.0,40.0,2015,MIS4_to_MIS8,2014-2015,True,False,False,False,False,False,False,1
946047944139760,5,1.0,1,4,2,9300,93001,1,1,,17,16580,0,,1.0,,2,3,26,1.0,2,43,1,1.0,2,1,2,1,2,57,303,303,1,0,0,2.0,1.0,,40.0,,40.0,,,,,,2.0,3.0,0.0,1,2.0,,1.0,1300.0,520.0,2.0,2.0,2.0,,,12786.7822,3223.6974,0,0,0.0,0.0,0,0,36257,2,,,,2.0,,,3222.4031,8380.0,2010.0,-1,,,,,,,162103.0,2014,652,649,0,0,0,0,0,16.0,6.0,43.0,2014,1.0,1,8,2,9300,93001,1,17,16580,0,,1.0,,2,3,27,1.0,2,43,1,1.0,1,2,1,2,57,303,303,1,0,0,2.0,1.0,,40.0,,40.0,,,,,,2.0,3.0,0.0,1,2.0,2.0,2.0,,0.0,2.0,2.0,2.0,,,15140.2193,3859.9708,0,0,0.0,,0,0,42779,2,,,,,,,3810.8697,7860.0,2310.0,-1,,,,,,,164912.0,2015,664,649,0,0,0,0,0,,8.0,40.0,2015,MIS4_to_MIS8,2014-2015,True,False,False,False,False,False,False,1
450678093614849,6,1.0,6,4,2,9300,93001,1,1,,17,16980,0,1.0,1.0,1.0,7,2,58,,1,40,1,,1,0,0,3,2,57,57,57,1,0,0,1.0,6.0,,,,,,,,,,1.0,3.0,0.0,2,,,,,,,,,,,15394.978,3770.3168,0,0,,,0,0,20500,1,,,3.0,,,,4100.5293,9470.0,3740.0,-1,3.0,,,,,,199041.0,2014,653,650,0,0,0,0,0,14.0,12.0,51.0,2014,1.0,6,8,2,9300,93001,1,17,16980,0,1.0,1.0,1.0,7,2,59,,1,40,1,,0,0,3,2,57,57,57,1,0,0,1.0,5.0,,,,,,,,,,1.0,3.0,0.0,2,,,,,,,,,,,12916.9601,3308.4586,0,0,,,0,0,20307,1,,,3.0,,,,3335.0667,9470.0,3740.0,-1,3.0,,,,,,201887.0,2015,665,650,0,0,0,0,0,14.0,12.0,51.0,2015,MIS4_to_MIS8,2014-2015,True,False,False,False,True,False,False,1
604900911299037,6,1.0,4,4,2,9300,93001,1,1,,17,16980,0,1.0,1.0,1.0,7,4,32,,1,40,1,2.0,2,1,3,7,2,57,57,57,1,0,0,2.0,1.0,,40.0,,40.0,,,,,,2.0,3.0,0.0,1,2.0,,1.0,1074.0,429.6,1.0,,2.0,,,16230.0957,4040.7155,0,0,1.0,1.0,0,0,6956,2,,,3.0,,,,4026.7565,7860.0,5120.0,-1,,,,,1.0,,199056.0,2014,653,650,0,0,0,0,0,14.0,17.0,40.0,2014,1.0,4,8,2,9300,93001,1,17,16980,0,1.0,1.0,1.0,7,4,33,,1,40,1,2.0,1,3,7,2,57,57,57,1,0,0,2.0,1.0,,40.0,,40.0,,,,,,2.0,3.0,0.0,1,2.0,,1.0,1200.0,480.0,2.0,1.0,2.0,,,12612.127,3146.4121,0,0,1.0,1.0,0,42,7583,2,,,2.0,,,,3105.5678,7860.0,2310.0,-1,,,,,1.0,,201905.0,2015,665,650,0,0,0,0,0,13.0,8.0,40.0,2015,MIS4_to_MIS8,2014-2015,True,False,False,False,False,False,False,1
746192039700913,6,1.0,7,4,2,9300,93001,1,1,,17,40420,0,1.0,1.0,,3,2,38,,2,43,1,,1,0,0,5,2,57,57,57,1,0,0,1.0,1.0,,42.0,,42.0,,,,,,2.0,3.0,0.0,1,2.0,2.0,2.0,,1384.61,1.0,,2.0,,,13354.3609,3487.471,0,0,0.0,,0,0,20904,1,,,,2.0,,,3438.8074,9470.0,3850.0,-1,,,,,,,199080.0,2014,653,650,0,0,0,0,0,16.0,12.0,51.0,2014,1.0,7,8,2,9300,93001,1,17,40420,0,1.0,1.0,,3,2,39,,2,43,1,,0,0,5,2,57,57,57,1,0,0,1.0,1.0,,42.0,,42.0,,,,,,2.0,3.0,0.0,1,1.0,2.0,2.0,,1423.07,1.0,,2.0,,,12334.7083,3176.8232,0,0,0.0,,0,0,49956,1,,,,,,,3120.3948,9470.0,3850.0,-1,,,,,,,201929.0,2015,665,650,0,0,0,0,0,,12.0,51.0,2015,MIS4_to_MIS8,2014-2015,True,False,False,False,False,False,False,1
904067007149880,6,3.0,4,4,2,9300,93001,1,1,,17,16980,0,1.0,1.0,1.0,7,1,40,,2,39,2,,1,1,1,5,2,57,57,57,1,0,0,2.0,1.0,,40.0,,40.0,,,,,,2.0,3.0,0.0,1,2.0,,1.0,2000.0,800.0,1.0,,2.0,,,12359.8854,3170.0866,0,0,0.0,0.0,0,0,20494,1,1.0,,,,,,3143.1008,6180.0,9120.0,-1,,,,,,,199124.0,2014,653,650,0,0,0,0,0,12.0,22.0,23.0,2014,4.0,4,8,2,9300,93001,1,17,16980,0,1.0,1.0,1.0,7,1,41,,2,39,2,,1,1,5,2,57,57,57,1,0,0,2.0,1.0,,40.0,,40.0,,,,,,2.0,3.0,0.0,1,2.0,,1.0,1470.0,588.0,1.0,,2.0,,,25151.0035,6308.5429,0,0,1.0,1.0,0,0,20303,1,1.0,,,,,,6070.365,6180.0,9120.0,-1,,,,,,,201956.0,2015,665,650,0,0,0,0,0,12.0,22.0,23.0,2015,MIS4_to_MIS8,2014-2015,True,False,False,False,False,False,False,1
193754503043749,6,1.0,3,4,2,9300,93001,1,1,,17,16980,0,2.0,1.0,,7,1,23,,1,39,2,,1,1,1,6,2,57,57,57,1,0,0,1.0,1.0,,40.0,,40.0,,,,,,2.0,1.0,0.0,1,2.0,1.0,1.0,1200.0,1000.0,1.0,,2.0,,,13951.4588,3707.9342,1,1,1.0,1.0,0,0,16727,1,1.0,,,,,,3652.0012,6370.0,5540.0,-1,,,,,,,199292.0,2014,653,650,1,0,0,0,1,12.0,17.0,23.0,2014,2.0,3,8,2,9300,93001,1,17,16980,0,2.0,1.0,,7,1,24,,1,39,2,,1,1,6,2,57,57,57,1,0,0,2.0,1.0,,40.0,,40.0,,,,,,2.0,1.0,0.0,1,2.0,2.0,2.0,,615.38,2.0,2.0,2.0,,,22205.3741,6084.7369,2,1,0.0,,0,0,7574,1,1.0,,,,,,5970.0982,6370.0,5540.0,-1,,,,,,,202233.0,2015,665,650,0,1,0,0,1,12.0,17.0,23.0,2015,MIS4_to_MIS8,2014-2015,True,False,False,False,False,False,False,1
193754503043749,6,1.0,3,4,2,9300,93001,1,1,,17,16980,0,2.0,1.0,,7,14,23,,2,39,2,,2,0,0,6,2,57,57,57,1,0,0,2.0,1.0,,40.0,5.0,24.0,,,5.0,,,4.0,1.0,0.0,1,2.0,1.0,1.0,1589.0,550.0,1.0,,2.0,,,19155.4313,4706.4472,1,1,0.0,0.0,0,0,16727,2,1.0,,,,,,4577.3335,6370.0,5540.0,-1,,,,,,,199294.0,2014,653,650,1,0,0,0,1,12.0,17.0,23.0,2014,2.0,3,8,2,9300,93001,1,17,16980,0,2.0,1.0,,7,14,24,,2,39,2,,0,0,6,2,57,57,57,1,0,0,1.0,1.0,,40.0,,40.0,,,,,,2.0,1.0,0.0,1,2.0,2.0,2.0,,615.38,2.0,2.0,2.0,,,29696.3933,9075.8468,2,1,0.0,,0,0,7574,2,1.0,,,,,,8643.0818,6370.0,5540.0,-1,,,,,,,202235.0,2015,665,650,0,1,0,0,1,12.0,17.0,23.0,2015,MIS4_to_MIS8,2014-2015,True,False,False,False,False,False,False,1
410709981846295,6,1.0,6,4,2,9300,93001,1,1,,17,41180,0,2.0,1.0,,6,2,48,,1,39,1,,1,0,0,5,2,57,57,57,1,0,0,1.0,1.0,,40.0,,40.0,,,,,,2.0,3.0,0.0,1,2.0,1.0,1.0,1547.0,405.5,1.0,,2.0,,,15300.2917,3961.991,0,0,0.0,0.0,0,0,60061,1,2.0,7.0,,,,,3876.2963,770.0,6730.0,-1,,,,,,,199382.0,2014,653,650,0,0,0,0,0,11.0,19.0,4.0,2014,1.0,6,8,2,9300,93001,1,17,41180,0,2.0,1.0,,6,2,49,,1,39,1,,0,0,5,2,57,57,57,1,0,0,1.0,1.0,,40.0,,40.0,,,,,,2.0,3.0,0.0,1,2.0,,1.0,1597.0,638.8,2.0,1.0,2.0,,,12078.1297,3036.2174,0,0,0.0,0.0,0,0,20260,1,2.0,7.0,,,,,2986.1702,770.0,6730.0,-1,,,,,,,202325.0,2015,665,650,0,0,0,0,0,11.0,19.0,4.0,2015,MIS4_to_MIS8,2014-2015,True,False,False,False,False,False,False,1
845194619700928,6,2.0,1,4,2,9300,93001,1,1,,17,41180,0,2.0,1.0,,6,3,40,1.0,2,43,1,1.0,2,1,2,1,2,57,57,303,1,0,0,1.0,1.0,,18.0,,14.0,,,18.0,,,7.0,3.0,0.0,1,2.0,,1.0,876.0,157.68,2.0,2.0,2.0,,,12103.6193,3145.743,3,2,0.0,0.0,0,0,56243,2,,,,2.0,,,3116.7359,6770.0,2430.0,-1,,,,,,,199554.0,2014,653,650,0,0,1,0,0,16.0,8.0,31.0,2014,2.0,1,8,2,9300,93001,1,17,41180,0,2.0,1.0,,6,3,41,1.0,2,43,1,1.0,1,2,1,2,57,57,303,1,0,0,1.0,1.0,,40.0,,40.0,,,,,,2.0,3.0,0.0,1,2.0,2.0,2.0,,500.0,2.0,2.0,2.0,,,13766.5129,3485.6619,10,2,0.0,,0,0,42213,2,,,,,,,3482.6081,6770.0,2430.0,-1,,,,,,,202469.0,2015,665,650,0,0,1,1,0,,8.0,31.0,2015,MIS4_to_MIS8,2014-2015,True,False,False,False,False,False,False,1
848103570700288,6,1.0,1,4,2,9300,93001,1,1,,17,16980,0,2.0,1.0,,7,3,41,1.0,2,44,1,,2,1,2,1,2,57,301,57,1,0,0,2.0,2.0,4.0,40.0,,,,,,,,5.0,3.0,0.0,1,2.0,,1.0,2400.0,960.0,2.0,2.0,2.0,,,14177.0742,3698.8141,10,3,0.0,0.0,0,0,20479,2,,,,,,2.0,3650.6597,7860.0,2320.0,-1,,,,,,,199560.0,2014,653,650,0,0,1,1,0,18.0,8.0,40.0,2014,1.0,1,8,2,9300,93001,1,17,16980,0,2.0,1.0,,7,3,42,1.0,2,44,1,,1,2,1,2,57,301,57,1,0,0,2.0,1.0,,15.0,,10.0,,,18.0,,,7.0,3.0,0.0,1,2.0,,1.0,2400.0,360.0,2.0,2.0,2.0,,,13086.7666,3377.5088,10,3,0.0,0.0,0,0,66353,2,,,,,,,3310.648,7860.0,2320.0,-1,,,,,,,202475.0,2015,665,650,0,0,1,1,0,,8.0,40.0,2015,MIS4_to_MIS8,2014-2015,True,False,False,False,False,False,False,1
948199599700934,6,1.0,1,4,2,9300,93001,1,1,,17,16980,0,2.0,1.0,,7,1,58,2.0,2,39,1,,1,1,1,1,2,57,57,57,1,0,0,1.0,1.0,,40.0,,40.0,,,,,,2.0,1.0,0.0,1,2.0,1.0,1.0,1400.0,1307.69,1.0,,,,,11539.924,2995.5718,0,0,0.0,1.0,0,0,67750,1,1.0,,,,,,2958.6514,9570.0,5700.0,-1,,,,,,,199612.0,2014,653,650,0,0,0,0,0,12.0,17.0,51.0,2014,1.0,1,8,2,9300,93001,1,17,16980,0,2.0,1.0,,7,1,59,2.0,2,39,1,,1,1,1,2,57,57,57,1,0,0,1.0,1.0,,40.0,,40.0,,,,,,2.0,1.0,0.0,1,2.0,1.0,1.0,2200.0,634.61,2.0,2.0,,,,11206.3175,2867.4692,0,0,0.0,1.0,0,0,57820,1,1.0,,,,,,2804.595,9570.0,5700.0,-1,,,,,,,202525.0,2015,665,650,0,0,0,0,0,12.0,17.0,51.0,2015,MIS4_to_MIS8,2014-2015,True,False,False,False,False,False,False,1
997057808149760,6,1.0,7,4,2,9300,93001,1,1,,17,16980,0,2.0,1.0,,7,2,25,,2,40,1,,1,0,0,7,2,57,57,57,1,0,0,1.0,1.0,,40.0,,40.0,,,,,,2.0,3.0,0.0,1,2.0,2.0,2.0,,480.76,2.0,2.0,2.0,,,14245.9335,3672.4054,0,0,0.0,,0,0,20869,1,,,1.0,,,,3619.0452,9470.0,5700.0,-1,,,,,,,199644.0,2014,653,650,0,0,0,0,0,12.0,17.0,51.0,2014,1.0,7,8,2,9300,93001,1,17,16980,0,2.0,1.0,,7,2,26,,2,41,1,,0,0,7,2,57,57,57,1,0,0,1.0,1.0,,40.0,,40.0,,,,,,2.0,3.0,0.0,1,2.0,2.0,2.0,,480.76,1.0,,2.0,,,14424.2687,3640.1144,0,0,0.0,,0,0,7737,1,,,2.0,,,,3565.6664,9470.0,5700.0,-1,,,,,,,202546.0,2015,665,650,0,0,0,0,0,13.0,17.0,51.0,2015,MIS4_to_MIS8,2014-2015,True,False,False,False,False,False,False,1
999077817149590,6,1.0,7,4,2,9300,93001,1,1,,17,40420,0,2.0,1.0,,3,2,61,,2,40,1,,1,0,0,5,2,57,57,57,1,0,0,1.0,2.0,4.0,35.0,,,,,,,,5.0,3.0,0.0,1,2.0,,1.0,1593.0,637.2,1.0,,,,,12756.1143,3168.9876,0,0,0.0,0.0,0,0,45379,1,,,3.0,,,,3109.6145,7860.0,2540.0,-1,,,,,,,199646.0,2014,653,650,0,0,0,0,0,14.0,8.0,40.0,2014,1.0,7,8,2,9300,93001,1,17,40420,0,2.0,1.0,,3,2,62,,2,39,1,,0,0,5,2,57,57,57,1,0,0,1.0,5.0,,,,,,,,,,1.0,3.0,0.0,2,,,,,,,,,,,12929.104,3095.4369,0,0,,,0,0,20627,1,1.0,,,,,,3193.5337,7860.0,2540.0,-1,,,,,,,202547.0,2015,665,650,0,0,0,0,0,12.0,8.0,40.0,2015,MIS4_to_MIS8,2014-2015,True,False,False,False,True,False,False,1
999077817149590,6,1.0,7,4,2,9300,93001,1,1,,17,40420,0,2.0,1.0,,3,14,61,,1,39,1,,2,0,0,7,2,57,57,57,1,0,0,2.0,1.0,,40.0,,40.0,,,,,,2.0,3.0,0.0,1,2.0,,1.0,900.0,360.0,2.0,2.0,,,,13654.958,3644.1996,0,0,1.0,1.0,0,42,45379,2,1.0,,,,,,3534.2266,8570.0,4220.0,-1,,,,,,,199647.0,2014,653,650,0,0,0,0,0,12.0,14.0,44.0,2014,1.0,7,8,2,9300,93001,1,17,40420,0,2.0,1.0,,3,14,62,,1,40,1,,0,0,7,2,57,57,57,1,0,0,2.0,1.0,,40.0,,40.0,,,,,,2.0,3.0,0.0,1,2.0,2.0,2.0,,961.0,2.0,2.0,,,,13281.0398,3534.2497,0,0,1.0,,0,42,20627,2,,,2.0,,,,3415.293,8570.0,5000.0,-1,,,,,,,202548.0,2015,665,650,0,0,0,0,0,13.0,17.0,44.0,2015,MIS4_to_MIS8,2014-2015,True,False,False,False,False,False,False,1
147190499700993,6,1.0,6,4,2,9300,93001,1,1,,17,28100,91,,1.0,,2,2,29,,1,39,1,,1,0,0,7,2,57,57,57,1,0,0,1.0,1.0,,40.0,,55.0,,,,,,2.0,2.0,0.0,1,2.0,1.0,1.0,1100.0,450.0,2.0,2.0,2.0,,,13640.6657,3446.4525,0,0,0.0,0.0,0,0,20667,1,1.0,,,,,,3384.3078,7860.0,4220.0,4220,,,,,,,199801.0,2014,653,650,0,0,0,0,0,12.0,14.0,40.0,2014,1.0,6,8,2,9300,93001,1,17,28100,91,,1.0,,2,2,30,,1,39,1,,0,0,7,2,57,57,57,1,0,0,1.0,1.0,,40.0,,55.0,,,,,,2.0,2.0,0.0,1,2.0,1.0,1.0,1100.0,500.0,2.0,2.0,2.0,,,12101.5665,3008.974,0,0,0.0,0.0,0,0,4258,1,1.0,,,,,,2979.8491,7860.0,4220.0,4220,,,,,,,202653.0,2015,665,650,0,0,0,0,0,12.0,14.0,40.0,2015,MIS4_to_MIS8,2014-2015,True,False,False,False,False,False,False,1
177620040740104,6,1.0,1,4,2,9300,93001,1,1,,17,14060,113,,1.0,,2,1,47,2.0,1,43,1,,1,1,1,1,2,57,57,57,1,0,0,1.0,2.0,4.0,10.0,,,,,,,,10.0,2.0,0.0,1,2.0,1.0,1.0,911.0,83.07,2.0,2.0,2.0,,,16254.4101,4209.0588,3,3,0.0,0.0,0,0,35190,1,,,,1.0,2.0,,4118.0201,7890.0,230.0,-1,,,,,,,199803.0,2014,653,650,0,0,1,0,0,17.0,1.0,40.0,2014,1.0,1,8,2,9300,93001,1,17,14060,113,,1.0,,2,1,48,2.0,1,43,1,,1,1,1,2,57,57,57,1,0,0,1.0,7.0,,,,,,,,,,1.0,,,2,,,,,,,,2.0,,,13459.5347,3249.3278,3,3,,,0,0,20547,1,,,,,,,3475.1556,,,-1,,,,,,,202657.0,2015,665,650,0,0,1,0,0,,,,2015,MIS4_to_MIS8,2014-2015,False,False,False,True,False,True,True,1
346190879700918,6,1.0,4,4,2,9300,93001,1,1,,17,16580,0,,1.0,,2,1,46,,2,39,2,,1,1,1,5,2,429,429,429,4,0,17,1.0,1.0,,40.0,,42.0,,,,,,2.0,3.0,0.0,1,1.0,,1.0,1290.0,544.8,1.0,,2.0,,,13691.8935,3370.7387,10,2,0.0,0.0,0,0,60064,1,1.0,,,,,,3314.7405,8270.0,3600.0,-1,,,,,,,199839.0,2014,653,650,0,0,1,1,0,12.0,11.0,42.0,2014,1.0,4,8,2,9300,93001,1,17,16580,0,,1.0,,2,1,47,,2,39,2,,1,1,5,2,429,429,429,4,0,17,1.0,1.0,,20.0,,23.0,,,18.0,,,7.0,3.0,0.0,1,2.0,,1.0,1342.0,268.4,1.0,,2.0,,,10240.8887,2631.8969,0,0,0.0,0.0,0,0,53642,1,1.0,,,,,,2610.5324,8270.0,3500.0,-1,,,,,,,202673.0,2015,665,650,0,0,0,0,0,12.0,10.0,42.0,2015,MIS4_to_MIS8,2014-2015,True,False,False,False,False,False,False,1
410709919304997,6,1.0,1,4,2,9300,93001,1,1,,17,28100,91,,1.0,,2,3,45,1.0,2,43,1,,2,1,2,1,2,57,57,57,1,0,0,2.0,1.0,,40.0,,40.0,,,,,,2.0,3.0,0.0,1,2.0,2.0,2.0,,711.53,2.0,2.0,2.0,,,13319.1173,3251.2427,0,0,0.0,,0,0,67747,2,,,,2.0,,,3231.0497,8590.0,50.0,-1,,,,,,,199851.0,2014,653,650,0,0,0,0,0,16.0,1.0,44.0,2014,1.0,1,8,2,9300,93001,1,17,28100,91,,1.0,,2,3,46,1.0,2,43,1,,1,2,1,2,57,57,57,1,0,0,2.0,1.0,,40.0,,40.0,,,,,,2.0,3.0,0.0,1,2.0,,1.0,2000.0,800.0,2.0,2.0,2.0,,,10467.334,2641.7549,0,0,1.0,1.0,0,42,49898,2,,,,,,,2620.2582,8570.0,50.0,-1,,,,,,,202682.0,2015,665,650,0,0,0,0,0,,1.0,44.0,2015,MIS4_to_MIS8,2014-2015,True,False,False,False,False,False,False,1
410709934475499,6,1.0,7,4,2,9300,93001,1,1,,17,44100,0,,1.0,,2,2,54,,2,43,1,,1,0,0,3,2,57,57,57,1,0,0,1.0,1.0,,38.0,13.0,34.0,,,13.0,,,4.0,2.0,0.0,1,2.0,2.0,2.0,,1307.69,2.0,2.0,2.0,,,12568.019,3089.5696,0,0,0.0,,0,0,20825,1,,,,2.0,,,3048.8428,9380.0,800.0,-1,,,,,,,199852.0,2014,653,650,0,0,0,0,0,16.0,2.0,51.0,2014,1.0,7,8,2,9300,93001,1,17,44100,0,,1.0,,2,2,55,,2,40,1,,0,0,3,2,57,57,57,1,0,0,1.0,1.0,,40.0,,40.0,,,,,,2.0,2.0,0.0,1,2.0,1.0,1.0,1000.0,1480.0,1.0,,,,,14597.4752,3735.1976,0,0,1.0,1.0,0,0,20585,1,,,2.0,,,,3653.297,9380.0,800.0,-1,,,,,,,202683.0,2015,665,650,0,0,0,0,0,13.0,2.0,51.0,2015,MIS4_to_MIS8,2014-2015,True,False,False,False,False,False,False,1
7097365106761,7,3.0,1,4,2,201,2011,1,1,,17,16980,0,1.0,1.0,,7,3,57,1.0,2,43,1,,2,1,2,1,2,57,57,57,1,0,0,2.0,1.0,,40.0,,40.0,,,,,,2.0,1.0,0.0,1,2.0,2.0,2.0,,600.0,1.0,,,,,12332.1442,3120.9038,0,0,0.0,,0,0,62676,2,,,,2.0,,,3087.6459,7860.0,2540.0,-1,,,,,,,236258.0,2014,654,651,0,0,0,0,0,16.0,8.0,40.0,2014,1.0,1,8,2,201,2011,1,17,16980,0,1.0,1.0,,7,3,58,1.0,2,43,1,,1,2,1,2,57,57,57,1,0,0,2.0,2.0,4.0,40.0,,,,,,,,5.0,4.0,0.0,1,2.0,2.0,2.0,,576.92,1.0,,,,,11123.2788,2885.9279,0,0,0.0,,0,0,54187,2,,,,,,,2823.8373,7860.0,2540.0,-1,,,,,,,239198.0,2015,666,651,0,0,0,0,0,,8.0,40.0,2015,MIS4_to_MIS8,2014-2015,False,True,False,False,False,True,True,1
10710077065849,7,1.0,1,4,2,201,2011,1,1,,17,16980,0,1.0,1.0,3.0,7,3,35,1.0,2,44,1,,2,1,2,1,2,57,57,57,1,0,0,2.0,2.0,4.0,40.0,,,,,,,,5.0,3.0,0.0,1,2.0,2.0,2.0,,1153.84,1.0,,2.0,,,10690.0027,2655.1922,1,2,0.0,,0,0,30468,2,,,,,,2.0,2653.2915,7860.0,2310.0,-1,,,,,,,236264.0,2014,654,651,1,0,0,0,1,18.0,8.0,40.0,2014,1.0,1,8,2,201,2011,1,17,16980,0,1.0,1.0,3.0,7,3,36,1.0,2,44,1,,1,2,1,2,57,57,57,1,0,0,2.0,2.0,4.0,40.0,,,,,,,,5.0,3.0,0.0,1,2.0,2.0,2.0,,1153.84,1.0,,2.0,,,11739.5965,2973.3779,5,2,0.0,,0,0,33493,2,,,,,,,2978.2052,7860.0,2310.0,-1,,,,,,,239204.0,2015,666,651,1,1,0,0,1,,8.0,40.0,2015,MIS4_to_MIS8,2014-2015,True,False,False,False,False,False,False,1
107060715089704,7,1.0,1,4,2,201,2011,1,1,,17,16980,0,1.0,1.0,3.0,7,1,36,2.0,1,44,1,,1,1,1,1,2,57,57,57,1,0,0,1.0,1.0,,40.0,,40.0,,,,,,2.0,3.0,0.0,1,2.0,2.0,2.0,,1923.07,1.0,,2.0,,,10150.1561,2495.3669,0,0,0.0,,0,0,17753,1,,,,,,2.0,2491.9213,7870.0,2200.0,-1,,,,,,,236305.0,2014,654,651,0,0,0,0,0,18.0,8.0,40.0,2014,1.0,1,8,2,201,2011,1,17,16980,0,1.0,1.0,3.0,7,1,37,2.0,1,44,1,,1,1,1,2,57,57,57,1,0,0,1.0,1.0,,40.0,,40.0,,,,,,2.0,4.0,0.0,1,2.0,2.0,2.0,,1923.07,2.0,1.0,2.0,,,11449.2694,2855.4487,0,0,0.0,,0,0,20903,1,,,,,,,2809.6015,7870.0,2200.0,-1,,,,,,,239245.0,2015,666,651,0,0,0,0,0,,8.0,40.0,2015,MIS4_to_MIS8,2014-2015,False,True,False,False,False,True,True,1
107060715089704,7,1.0,1,4,2,201,2011,1,1,,17,16980,0,1.0,1.0,3.0,7,3,27,1.0,2,46,1,,2,1,2,1,2,57,57,57,1,0,0,2.0,1.0,,40.0,,40.0,,,,,,2.0,3.0,0.0,1,2.0,2.0,2.0,,961.53,2.0,2.0,2.0,,,10637.2165,2743.8361,0,0,0.0,,0,0,17753,2,,,,,,,2720.3328,9470.0,2100.0,-1,,,,,,,236306.0,2014,654,651,0,0,0,0,0,18.0,7.0,51.0,2014,1.0,1,8,2,201,2011,1,17,16980,0,1.0,1.0,3.0,7,3,27,1.0,2,46,1,,1,2,1,2,57,57,57,1,0,0,2.0,1.0,,40.0,,40.0,,,,,,2.0,3.0,0.0,1,2.0,2.0,2.0,,961.53,2.0,2.0,2.0,,,11997.269,3051.7368,0,0,0.0,,0,0,20903,2,,,,,,,3024.2278,9470.0,2100.0,-1,,,,,,,239246.0,2015,666,651,0,0,0,0,0,18.0,7.0,51.0,2015,MIS4_to_MIS8,2014-2015,True,False,False,False,False,False,False,1
149921070083906,7,1.0,3,4,2,201,2011,1,1,,17,16980,0,1.0,1.0,3.0,7,4,50,,2,43,1,,3,1,3,5,2,57,57,57,1,0,0,2.0,2.0,4.0,40.0,,,,,,,,5.0,3.0,0.0,1,2.0,2.0,2.0,,1153.0,1.0,,2.0,,,12828.3679,3206.0733,0,0,1.0,,0,0,52249,3,,,,2.0,,,3163.0676,7860.0,2310.0,-1,,,,,,1.0,236333.0,2014,654,651,0,0,0,0,0,16.0,8.0,40.0,2014,3.0,3,8,2,201,2011,1,17,16980,0,1.0,1.0,3.0,7,4,51,,2,44,1,,1,3,7,2,57,57,57,1,0,0,1.0,2.0,4.0,45.0,,,,,,,,5.0,3.0,0.0,1,2.0,2.0,2.0,,1538.0,1.0,,2.0,,,10981.5295,2822.3204,0,0,1.0,,0,0,20909,3,,,,,,,2751.0351,7860.0,2310.0,-1,,,,,,1.0,239259.0,2015,666,651,0,0,0,0,0,,8.0,40.0,2015,MIS4_to_MIS8,2014-2015,True,False,False,False,False,False,False,1
304104587710168,7,2.0,1,4,2,201,2011,1,1,,17,16980,0,1.0,1.0,1.0,7,1,46,2.0,1,40,1,,1,1,1,1,2,57,57,57,1,0,0,2.0,1.0,,40.0,,40.0,,,,,,2.0,3.0,0.0,1,2.0,,1.0,2500.0,1000.0,1.0,,2.0,,,11138.1612,2847.3351,4,1,0.0,0.0,0,0,30265,1,,,2.0,,,,2795.0364,9370.0,6230.0,-1,,,,,,,236373.0,2014,654,651,0,0,0,1,0,13.0,19.0,51.0,2014,1.0,1,8,2,201,2011,1,17,16980,0,1.0,1.0,1.0,7,1,47,2.0,1,40,1,,1,1,1,2,57,57,57,1,0,0,1.0,1.0,,40.0,,37.0,,,,,,2.0,3.0,0.0,1,2.0,,1.0,4685.0,1874.0,1.0,,2.0,,,11021.3527,2805.6724,4,1,0.0,0.0,0,0,3407,1,,,3.0,,,,2785.47,9370.0,6230.0,-1,,,,,,,239310.0,2015,666,651,0,0,0,1,0,14.0,19.0,51.0,2015,MIS4_to_MIS8,2014-2015,True,False,False,False,False,False,False,1
337880701851108,7,1.0,7,4,2,201,2011,1,1,,17,16980,0,1.0,1.0,1.0,7,2,55,,2,39,1,,1,0,0,7,2,57,57,57,1,0,0,1.0,2.0,14.0,20.0,,,,,,,,10.0,3.0,0.0,1,2.0,1.0,1.0,920.0,357.14,1.0,,,,,12332.1442,3120.9038,0,0,0.0,1.0,0,0,30292,1,1.0,,,,,,3087.6459,9370.0,3940.0,-1,,,,,,,236387.0,2014,654,651,0,0,0,0,0,12.0,12.0,51.0,2014,1.0,7,8,2,201,2011,1,17,16980,0,1.0,1.0,1.0,7,2,56,,2,39,1,,0,0,7,2,57,57,57,1,0,0,1.0,2.0,4.0,20.0,,,,,,,,10.0,3.0,0.0,1,2.0,,1.0,1000.0,200.0,1.0,,,,,11123.2788,2885.9279,0,0,1.0,1.0,0,0,33285,1,1.0,,,,,,2823.8373,9470.0,3940.0,-1,,,,,,,239327.0,2015,666,651,0,0,0,0,0,12.0,12.0,51.0,2015,MIS4_to_MIS8,2014-2015,True,False,False,False,False,False,False,1
571608170004907,7,1.0,1,4,2,201,2011,1,1,,17,16980,0,1.0,1.0,3.0,7,3,39,1.0,2,44,1,,2,1,2,1,2,57,57,57,1,0,0,2.0,2.0,4.0,40.0,,,,,,,,5.0,3.0,0.0,1,2.0,2.0,2.0,,769.0,1.0,,2.0,,,10690.0027,2655.1922,3,2,1.0,,0,0,30467,2,,,,,,2.0,2653.2915,7860.0,2310.0,-1,,,,,,,236432.0,2014,654,651,0,0,1,0,0,18.0,8.0,40.0,2014,1.0,1,8,2,201,2011,1,17,16980,0,1.0,1.0,3.0,7,3,40,1.0,2,44,1,,1,2,1,2,57,57,57,1,0,0,2.0,2.0,4.0,40.0,,,,,,,,5.0,3.0,0.0,1,2.0,2.0,2.0,,1250.0,1.0,,2.0,,,11974.3913,3094.3947,3,2,1.0,,0,42,33492,2,,,,,,,3037.7701,7860.0,2310.0,-1,,,,,,,239367.0,2015,666,651,0,0,1,0,0,,8.0,40.0,2015,MIS4_to_MIS8,2014-2015,True,False,False,False,False,False,False,1
808113571710588,7,1.0,6,4,2,201,2011,1,1,,17,16980,0,1.0,1.0,1.0,7,2,63,,1,43,1,,1,0,0,7,2,57,57,57,1,0,0,1.0,5.0,,,,,,,,,,1.0,1.0,0.0,2,,,,,,,,,,,9991.8308,2417.1507,0,0,,,0,0,42630,1,,,,2.0,,,2461.2021,6370.0,5550.0,-1,,,,,,,236492.0,2014,654,651,0,0,0,0,0,16.0,17.0,23.0,2014,1.0,6,8,2,201,2011,1,17,16980,0,1.0,1.0,1.0,7,2,63,,1,43,1,,0,0,7,2,57,57,57,1,0,0,1.0,5.0,,,,,,,,,,1.0,,,2,,,,,,,,,,,9843.9787,2405.166,0,0,,,0,0,33291,1,,,,,,,2463.944,,,-1,,,,,,,239436.0,2015,666,651,0,0,0,0,0,,,,2015,MIS4_to_MIS8,2014-2015,False,False,False,True,True,True,True,1
104790710719,7,1.0,3,4,2,201,2011,1,1,,17,16980,0,2.0,1.0,,7,1,25,,1,43,1,,1,1,1,7,2,57,57,57,1,0,0,1.0,2.0,4.0,40.0,,,,,,,,5.0,3.0,0.0,1,2.0,2.0,2.0,,1153.84,1.0,,2.0,,,10864.6769,2793.782,1,1,0.0,,0,0,30368,1,,,,1.0,2.0,,2728.9318,7860.0,2310.0,-1,,,,,,,236543.0,2014,654,651,1,0,0,0,1,17.0,8.0,40.0,2014,1.0,3,8,2,201,2011,1,17,16980,0,2.0,1.0,,7,1,26,,1,43,1,,1,1,7,2,57,57,57,1,0,0,1.0,2.0,4.0,40.0,,,,,,,,5.0,3.0,0.0,1,2.0,2.0,2.0,,807.69,1.0,,2.0,,,12268.3525,3076.2163,1,2,0.0,,0,0,43408,1,,,,,,,3058.7896,7860.0,2310.0,-1,,,,,,,239464.0,2015,666,651,1,0,0,0,1,,8.0,40.0,2015,MIS4_to_MIS8,2014-2015,True,False,False,False,False,False,False,1
35037744108351,7,2.0,1,4,2,201,2011,1,1,,17,16980,0,2.0,1.0,,7,3,32,1.0,2,44,1,,2,1,2,1,2,57,57,57,1,0,0,1.0,7.0,,,,,,,,,,1.0,3.0,0.0,2,,,,,,,,2.0,,,10359.6887,2563.1459,1,1,,,0,0,30281,2,,,,,,2.0,2547.1648,7860.0,2430.0,-1,,,,,,,236618.0,2014,654,651,1,0,0,0,1,18.0,8.0,40.0,2014,1.0,1,8,2,201,2011,1,17,16980,0,2.0,1.0,,7,3,33,1.0,2,44,1,,1,2,1,2,57,57,57,1,0,0,2.0,1.0,,5.0,,1.0,,,17.0,,,7.0,3.0,0.0,1,2.0,2.0,2.0,,1538.46,1.0,,2.0,,,11003.4616,2811.4706,1,1,0.0,,0,0,33272,2,,,,,,,2773.7125,7860.0,2430.0,-1,,,,,,,239555.0,2015,666,651,1,0,0,0,1,,8.0,40.0,2015,MIS4_to_MIS8,2014-2015,True,False,False,False,False,False,False,1
46037601100701,7,1.0,1,4,2,201,2011,1,1,,17,16980,0,2.0,1.0,,7,3,39,1.0,2,43,4,,2,1,2,1,2,210,210,210,5,0,15,2.0,1.0,,16.0,,16.0,,,22.0,,,7.0,3.0,0.0,1,2.0,,1.0,1150.0,184.0,2.0,2.0,2.0,,,12155.488,3038.6362,3,1,0.0,0.0,0,0,17647,2,,,,2.0,,,3017.0295,6770.0,5320.0,-1,,,,,,,236626.0,2014,654,651,0,0,1,0,0,16.0,17.0,31.0,2014,1.0,1,8,2,201,2011,1,17,16980,0,2.0,1.0,,7,3,40,1.0,2,43,4,,1,2,1,2,210,210,210,5,0,15,2.0,1.0,,16.0,,21.0,,,18.0,,,7.0,3.0,0.0,1,2.0,,1.0,1200.0,192.0,2.0,2.0,2.0,,,12958.9869,3336.2712,3,1,0.0,0.0,0,0,3423,2,,,,,,,3287.551,6770.0,5620.0,10,,,,,,,239566.0,2015,666,651,0,0,1,0,0,,17.0,31.0,2015,MIS4_to_MIS8,2014-2015,True,False,False,False,False,False,False,1
109040017010797,7,1.0,1,4,2,201,2011,1,1,,17,16980,0,2.0,1.0,,7,3,41,1.0,2,44,1,,2,1,2,1,2,57,57,57,1,0,0,2.0,1.0,,40.0,4.0,8.0,,,4.0,,,4.0,3.0,0.0,1,2.0,,1.0,3000.0,1200.0,1.0,,2.0,,,9783.3585,2464.1681,8,3,1.0,1.0,0,42,52150,2,,,,,,2.0,2428.2596,7860.0,2010.0,-1,,,,,,,236684.0,2014,654,651,0,1,1,0,1,18.0,6.0,40.0,2014,2.0,1,8,2,201,2011,1,17,16980,0,2.0,1.0,,7,3,42,1.0,2,44,1,,1,2,1,2,57,57,57,1,0,0,1.0,2.0,4.0,40.0,,,,,,,,5.0,3.0,0.0,1,2.0,2.0,2.0,,1519.23,1.0,,2.0,,,11974.3913,3094.3947,8,3,0.0,,0,0,33425,2,,,,,,,3037.7701,7860.0,2000.0,-1,,,,,,,239625.0,2015,666,651,0,1,1,0,1,,6.0,40.0,2015,MIS4_to_MIS8,2014-2015,True,False,False,False,False,False,False,1
113310619033771,7,1.0,7,4,2,201,2011,1,1,,17,16980,0,2.0,1.0,,7,2,63,,2,37,2,,1,0,0,5,2,57,57,57,1,0,0,1.0,2.0,14.0,28.0,,,,,,,,10.0,2.0,0.0,1,2.0,1.0,1.0,1300.0,300.0,1.0,,,,,11453.3287,3346.9557,0,0,0.0,0.0,0,0,40485,1,,,,,,,3250.6458,9480.0,4610.0,-1,,,,,,,236717.0,2014,654,651,0,0,0,0,0,11.0,15.0,51.0,2014,2.0,7,8,2,201,2011,1,17,16980,0,2.0,1.0,,7,2,64,,2,37,2,,0,0,5,2,57,57,57,1,0,0,2.0,7.0,,,,,,,,,,1.0,2.0,0.0,2,,,,,,,,,,,14494.7145,3433.0464,0,0,,,0,0,33302,1,,,,,,,3529.7055,9480.0,4610.0,-1,,,,,,,239642.0,2015,666,651,0,0,0,0,0,11.0,15.0,51.0,2015,MIS4_to_MIS8,2014-2015,True,False,False,False,False,False,False,1
123931070046613,7,2.0,1,4,2,201,2011,1,1,,17,16980,0,2.0,1.0,,7,1,59,2.0,1,44,1,,1,1,1,1,2,57,57,57,1,0,0,2.0,1.0,,40.0,,40.0,,,,,,2.0,1.0,0.0,1,2.0,2.0,2.0,,2500.0,2.0,2.0,,,,9978.6586,2573.4933,0,0,1.0,,0,0,67850,1,,,,,,2.0,2504.0762,7390.0,430.0,-1,,,,,,,236721.0,2014,654,651,0,0,0,0,0,18.0,1.0,36.0,2014,2.0,1,8,2,201,2011,1,17,16980,0,2.0,1.0,,7,1,60,2.0,1,44,1,,1,1,1,2,57,57,57,1,0,0,2.0,1.0,,40.0,,40.0,,,,,,2.0,1.0,0.0,1,2.0,2.0,2.0,,1923.07,2.0,2.0,,,,9647.8239,2416.3313,0,0,0.0,,0,0,6647,1,,,,,,,2385.029,9480.0,430.0,-1,,,,,,,239657.0,2015,666,651,0,0,0,0,0,,1.0,51.0,2015,MIS4_to_MIS8,2014-2015,True,False,False,False,False,False,False,1
134371070172724,7,1.0,1,4,2,201,2011,1,1,,17,16980,0,2.0,1.0,,7,1,67,2.0,2,43,2,,1,1,1,1,2,57,57,57,1,0,0,1.0,1.0,,40.0,,40.0,,,,,,2.0,2.0,0.0,1,2.0,2.0,2.0,,769.23,2.0,2.0,,,,10768.4838,3192.5886,0,0,0.0,,0,0,30310,1,,,,2.0,,,3100.7208,8370.0,4610.0,-1,,,,,,,236728.0,2014,654,651,0,0,0,0,0,16.0,15.0,43.0,2014,1.0,1,8,2,201,2011,1,17,16980,0,2.0,1.0,,7,1,69,2.0,2,39,2,,1,1,1,2,57,57,57,1,0,0,1.0,1.0,,40.0,,40.0,,,,,,2.0,2.0,0.0,1,2.0,,1.0,900.0,360.0,1.0,,,,,13929.9748,3269.9594,0,0,1.0,1.0,0,42,58269,1,2.0,6.0,,,,,3230.8635,8370.0,4610.0,-1,,,,,,,239664.0,2015,666,651,0,0,0,0,0,10.0,15.0,43.0,2015,MIS4_to_MIS8,2014-2015,True,False,False,False,False,False,False,1
155791070058351,7,1.0,1,4,2,201,2011,1,1,,17,16980,0,2.0,1.0,,7,3,43,1.0,2,44,1,,2,1,2,1,2,57,57,57,1,0,0,2.0,1.0,,40.0,,40.0,,,,,,2.0,2.0,0.0,1,2.0,2.0,2.0,,846.0,1.0,,2.0,,,9783.3585,2464.1681,3,1,1.0,,0,0,52063,2,,,,,,2.0,2428.2596,7870.0,2200.0,-1,,,,,,,236733.0,2014,654,651,0,0,1,0,0,18.0,8.0,40.0,2014,1.0,1,8,2,201,2011,1,17,16980,0,2.0,1.0,,7,3,44,1.0,2,44,1,,1,2,1,2,57,57,57,1,0,0,2.0,1.0,,40.0,,40.0,,,,,,2.0,5.0,0.0,1,2.0,2.0,2.0,,692.3,1.0,,2.0,,,11974.3913,3094.3947,3,1,0.0,,0,0,20596,2,,,,,,,3037.7701,7870.0,2200.0,-1,,,,,,,239676.0,2015,666,651,0,0,1,0,0,,8.0,40.0,2015,MIS4_to_MIS8,2014-2015,False,True,False,False,False,True,True,1
571388180901807,7,1.0,1,4,2,201,2011,1,1,,17,16980,0,2.0,1.0,,7,3,64,1.0,2,44,1,,2,1,2,1,2,57,57,57,1,0,0,2.0,1.0,,40.0,,40.0,,,,,,2.0,1.0,0.0,1,2.0,,1.0,2350.0,940.0,1.0,,,,,13312.2392,3397.1261,0,0,0.0,0.0,0,0,30286,2,,,,,,1.0,3327.4426,9490.0,1300.0,-1,,,,,,,236893.0,2014,654,651,0,0,0,0,0,17.0,4.0,51.0,2014,1.0,1,8,2,201,2011,1,17,16980,0,2.0,1.0,,7,3,65,1.0,2,44,1,,1,2,1,2,57,57,57,1,0,0,2.0,5.0,,,,,,,,,,1.0,,,2,,,,,,,,,,,11781.9901,2853.9564,0,0,,,0,0,33275,2,,,,,,,2923.1319,,,-1,,,,,,,239847.0,2015,666,651,0,0,0,0,0,,,,2015,MIS4_to_MIS8,2014-2015,False,False,False,True,True,True,True,1
607060701430101,7,1.0,1,4,2,201,2011,1,1,,17,16980,0,2.0,1.0,,7,1,39,2.0,1,44,1,,1,1,1,1,2,57,57,57,1,0,0,1.0,2.0,4.0,40.0,,,,,,,,5.0,3.0,0.0,1,2.0,2.0,2.0,,1538.46,1.0,,2.0,,,10150.1561,2495.3669,3,1,0.0,,0,0,17646,1,,,,,,2.0,2491.9213,7860.0,2310.0,-1,,,,,,,236920.0,2014,654,651,0,0,1,0,0,18.0,8.0,40.0,2014,1.0,1,8,2,201,2011,1,17,16980,0,2.0,1.0,,7,1,40,2.0,1,44,1,,1,1,1,2,57,57,57,1,0,0,1.0,1.0,,35.0,8.0,29.0,,,8.0,,,4.0,3.0,0.0,1,2.0,2.0,2.0,,1634.61,1.0,,2.0,,,11592.4778,2884.1528,3,1,0.0,,0,0,3422,1,,,,,,,2844.7442,7860.0,2310.0,-1,,,,,,,239879.0,2015,666,651,0,0,1,0,0,,8.0,40.0,2015,MIS4_to_MIS8,2014-2015,True,False,False,False,False,False,False,1
721440826391001,7,2.0,1,4,2,201,2011,1,1,,17,16980,0,2.0,1.0,,7,1,41,2.0,2,42,1,,1,1,1,1,2,57,57,57,1,0,0,1.0,1.0,,40.0,,48.0,,,,,,2.0,1.0,0.0,1,2.0,2.0,2.0,,1153.84,1.0,,2.0,,,9783.3585,2464.1681,8,2,0.0,,0,0,17763,1,,,3.0,,,,2428.2596,9470.0,3800.0,-1,,,,,,,236964.0,2014,654,651,0,1,1,0,1,14.0,12.0,51.0,2014,1.0,1,8,2,201,2011,1,17,16980,0,2.0,1.0,,7,1,42,2.0,2,42,1,,1,1,1,2,57,57,57,1,0,0,1.0,1.0,,40.0,,43.0,,,,,,2.0,3.0,0.0,1,2.0,2.0,2.0,,1346.15,1.0,,2.0,,,11974.3913,3094.3947,8,2,0.0,,0,0,20917,1,,,3.0,,,,3037.7701,9470.0,3800.0,-1,,,,,,,239933.0,2015,666,651,0,1,1,0,1,14.0,12.0,51.0,2015,MIS4_to_MIS8,2014-2015,True,False,False,False,False,False,True,1
721440826391001,7,2.0,1,4,2,201,2011,1,1,,17,16980,0,2.0,1.0,,7,3,41,1.0,1,40,1,,2,1,2,1,2,57,57,57,1,0,0,2.0,1.0,,40.0,,40.0,,,,,,2.0,1.0,0.0,1,2.0,2.0,2.0,,1153.84,1.0,,2.0,,,10727.2761,2680.7635,8,2,0.0,,0,0,17763,2,,,3.0,,,,2633.6075,9470.0,3800.0,-1,,,,,,,236965.0,2014,654,651,0,1,1,0,1,14.0,12.0,51.0,2014,1.0,1,8,2,201,2011,1,17,16980,0,2.0,1.0,,7,3,42,1.0,1,40,1,,1,2,1,2,57,57,57,1,0,0,2.0,1.0,,40.0,,40.0,,,,,,2.0,3.0,0.0,1,2.0,2.0,2.0,,1346.15,1.0,,2.0,,,11592.4778,2884.1528,8,2,0.0,,0,0,20917,2,,,1.0,,,,2844.7442,9470.0,3800.0,-1,,,,,,,239934.0,2015,666,651,0,1,1,0,1,12.0,12.0,51.0,2015,MIS4_to_MIS8,2014-2015,True,False,False,False,False,False,True,1
722420462091001,7,1.0,1,4,2,201,2011,1,1,,17,16980,0,2.0,1.0,,7,3,69,1.0,1,43,1,,2,1,2,1,2,100,100,100,4,0,16,2.0,1.0,,40.0,,40.0,,,,,,2.0,2.0,0.0,1,1.0,1.0,1.0,1500.0,653.84,1.0,,,,,8505.8693,2411.1107,0,0,0.0,0.0,0,0,5888,2,,,,2.0,,,2350.626,7690.0,4220.0,-1,,,,,,,236969.0,2014,654,651,0,0,0,0,0,16.0,14.0,38.0,2014,1.0,1,8,2,201,2011,1,17,16980,0,2.0,1.0,,7,3,70,1.0,1,43,1,,1,2,1,2,100,100,100,4,0,16,2.0,1.0,,40.0,,40.0,,,,,,2.0,4.0,0.0,1,2.0,1.0,1.0,1350.0,538.46,1.0,,,,,9521.5866,2553.256,0,0,0.0,0.0,0,0,54236,2,,,,,,,2493.4131,7870.0,4220.0,-1,,,,,,,239938.0,2015,666,651,0,0,0,0,0,,14.0,40.0,2015,MIS4_to_MIS8,2014-2015,False,True,False,False,False,True,True,1
741320369361001,7,2.0,1,4,2,201,2011,1,1,,17,16980,0,2.0,1.0,,7,1,48,2.0,2,44,1,,1,1,1,1,2,57,57,57,1,0,0,2.0,1.0,,24.0,,24.0,,,18.0,,,7.0,3.0,0.0,1,2.0,,1.0,2599.0,415.84,2.0,2.0,2.0,,,12673.0524,3197.4227,3,2,0.0,0.0,0,0,30344,1,,,,,,3.0,3124.7717,6770.0,2430.0,-1,,,,,,,236982.0,2014,654,651,0,0,1,0,0,18.0,8.0,31.0,2014,2.0,1,8,2,201,2011,1,17,16980,0,2.0,1.0,,7,1,49,2.0,2,44,1,,1,1,1,2,57,57,57,1,0,0,2.0,1.0,,16.0,,16.0,,,18.0,,,7.0,3.0,0.0,1,2.0,1.0,1.0,2000.0,400.0,2.0,2.0,2.0,,,11779.3602,2965.419,3,2,0.0,1.0,0,0,6648,1,,,,,,,2950.9034,6770.0,2430.0,-1,,,,,,,239953.0,2015,666,651,0,0,1,0,0,,8.0,31.0,2015,MIS4_to_MIS8,2014-2015,True,False,False,False,False,False,False,1
771491100007009,7,1.0,1,4,2,201,2011,1,1,,17,16980,0,2.0,1.0,,7,1,27,2.0,2,43,1,1.0,1,1,1,1,2,303,303,303,4,0,13,1.0,1.0,,40.0,7.0,31.0,,,7.0,,,4.0,3.0,0.0,1,2.0,2.0,2.0,,673.07,2.0,2.0,2.0,,,9534.2294,2468.9775,1,1,0.0,,0,0,42688,1,,,,2.0,,,2438.2578,9370.0,2010.0,-1,,,,,,,237020.0,2014,654,651,1,0,0,0,1,16.0,6.0,51.0,2014,1.0,1,8,2,201,2011,1,17,16980,0,2.0,1.0,,7,1,28,2.0,2,43,1,1.0,1,1,1,2,303,303,303,4,0,20,1.0,1.0,,40.0,,40.0,,,,,,2.0,3.0,0.0,1,2.0,2.0,2.0,,692.3,2.0,2.0,2.0,,,11205.8153,2918.4292,1,1,0.0,,0,0,50593,1,,,,,,,2824.7211,8370.0,2010.0,-1,,,,,,,239981.0,2015,666,651,1,0,0,0,1,,6.0,43.0,2015,MIS4_to_MIS8,2014-2015,True,False,False,False,False,False,False,1
777242301341107,7,1.0,1,4,2,201,2011,1,1,,17,16980,0,2.0,1.0,,7,3,50,1.0,2,39,2,,2,1,2,1,2,57,57,57,1,0,0,2.0,1.0,,40.0,,40.0,,,,,,2.0,2.0,0.0,1,2.0,2.0,2.0,,480.76,1.0,,2.0,,,12223.0542,3268.6711,0,0,0.0,,0,0,17559,2,1.0,,,,,,3174.614,9370.0,3600.0,-1,,,,,,,237028.0,2014,654,651,0,0,0,0,0,12.0,11.0,51.0,2014,1.0,1,8,2,201,2011,1,17,16980,0,2.0,1.0,,7,3,51,1.0,2,39,2,,1,2,1,2,57,57,57,1,0,0,2.0,1.0,,40.0,,40.0,,,,,,2.0,2.0,0.0,1,2.0,2.0,2.0,,288.0,1.0,,2.0,,,14750.4553,3707.4386,0,0,1.0,,0,0,33300,2,1.0,,,,,,3663.1122,8180.0,3600.0,-1,,,,,,,239989.0,2015,666,651,0,0,0,0,0,12.0,11.0,42.0,2015,MIS4_to_MIS8,2014-2015,True,False,False,False,False,False,False,1
791630313971101,7,1.0,1,4,2,201,2011,1,1,,17,16980,0,2.0,1.0,,7,3,49,1.0,1,43,1,,2,1,2,1,2,57,57,57,1,0,0,2.0,1.0,,40.0,,40.0,,,,,,2.0,1.0,0.0,1,2.0,,1.0,2000.0,800.0,1.0,,2.0,,,10859.2914,2776.0455,0,0,0.0,0.0,0,0,30305,2,,,,2.0,,,2725.0561,6370.0,5550.0,-1,,,,,,,237031.0,2014,654,651,0,0,0,0,0,16.0,17.0,23.0,2014,1.0,1,8,2,201,2011,1,17,16980,0,2.0,1.0,,7,3,50,1.0,1,43,1,,1,2,1,2,57,57,57,1,0,0,2.0,1.0,,40.0,,40.0,,,,,,2.0,1.0,0.0,1,2.0,,1.0,2000.0,800.0,1.0,,2.0,,,10584.6314,2730.0462,0,0,0.0,0.0,0,0,33293,2,,,,,,,2675.0957,6370.0,5550.0,-1,,,,,,,239995.0,2015,666,651,0,0,0,0,0,,17.0,23.0,2015,MIS4_to_MIS8,2014-2015,True,False,False,False,False,False,False,1
871016160004904,7,2.0,1,4,2,201,2011,1,1,,17,16980,111,2.0,1.0,,7,1,63,2.0,1,43,1,,1,1,1,1,2,57,57,57,1,0,0,2.0,2.0,4.0,38.0,,,,,,,,5.0,3.0,0.0,1,2.0,2.0,2.0,,576.0,2.0,1.0,,,,9294.012,2356.6317,0,0,1.0,,0,0,67873,1,,,,2.0,,,2342.5314,7860.0,2540.0,-1,,,,,,,237082.0,2014,654,651,0,0,0,0,0,16.0,8.0,40.0,2014,1.0,1,8,2,201,2011,1,17,16980,111,2.0,1.0,,7,1,64,2.0,1,43,1,,1,1,1,2,57,57,57,1,0,0,1.0,1.0,,35.0,,35.0,,,,,,2.0,3.0,0.0,1,2.0,2.0,2.0,,2307.0,1.0,,,,,9240.9372,2314.4251,0,0,1.0,,0,0,3428,1,,,,,,,2284.4429,7860.0,230.0,-1,,,,,,,240015.0,2015,666,651,0,0,0,0,0,,1.0,40.0,2015,MIS4_to_MIS8,2014-2015,True,False,False,False,False,False,False,1
871016160004904,7,2.0,1,4,2,201,2011,1,1,,17,16980,111,2.0,1.0,,7,3,61,1.0,2,44,1,,2,1,2,1,2,57,57,57,1,0,0,1.0,2.0,4.0,40.0,,,,,,,,5.0,3.0,0.0,1,2.0,2.0,2.0,,600.0,2.0,2.0,,,,11540.3266,2944.9549,0,0,1.0,,0,0,67873,2,,,,,,1.0,2884.5466,6770.0,2430.0,-1,,,,,,,237083.0,2014,654,651,0,0,0,0,0,17.0,8.0,31.0,2014,1.0,1,8,2,201,2011,1,17,16980,111,2.0,1.0,,7,3,62,1.0,2,44,1,,1,2,1,2,57,57,57,1,0,0,2.0,1.0,,40.0,,40.0,,,,,,2.0,3.0,0.0,1,2.0,1.0,1.0,1520.0,576.0,2.0,2.0,,,,9774.4985,2548.6063,0,0,1.0,1.0,0,0,3428,2,,,,,,,2513.9117,6770.0,2430.0,-1,,,,,,,240016.0,2015,666,651,0,0,0,0,0,,8.0,31.0,2015,MIS4_to_MIS8,2014-2015,True,False,False,False,False,False,False,1
910001081406647,7,2.0,1,4,2,201,2011,1,1,,17,16980,111,2.0,1.0,,7,1,44,2.0,2,39,1,,1,1,1,1,2,57,57,57,1,0,0,1.0,1.0,,30.0,,30.0,,,18.0,,,7.0,3.0,0.0,1,2.0,,1.0,1760.0,528.0,2.0,2.0,2.0,,,9783.3585,2464.1681,0,0,0.0,0.0,0,0,17656,1,1.0,,,,,,2428.2596,670.0,1920.0,-1,,,,,,,237095.0,2014,654,651,0,0,0,0,0,12.0,5.0,24.0,2014,2.0,1,8,2,201,2011,1,17,16980,111,2.0,1.0,,7,1,45,2.0,2,39,1,,1,1,1,2,57,57,57,1,0,0,2.0,1.0,,40.0,,40.0,,,,,,2.0,3.0,0.0,1,2.0,2.0,2.0,,415.0,2.0,2.0,2.0,,,11779.3602,2965.419,0,0,1.0,,0,42,54262,1,1.0,,,,,,2950.9034,7790.0,1965.0,-1,,,,,,,240024.0,2015,666,651,0,0,0,0,0,12.0,5.0,39.0,2015,MIS4_to_MIS8,2014-2015,True,False,False,False,False,False,False,1
35087361100751,7,1.0,3,4,2,201,2011,1,1,,17,0,0,3.0,2.0,,0,1,45,,1,42,4,,1,1,1,5,2,110,242,57,3,0,5,1.0,1.0,,40.0,,56.0,,,,,,2.0,3.0,0.0,1,2.0,,1.0,2125.0,850.0,1.0,,2.0,,,10615.7993,2719.7711,3,1,0.0,0.0,0,0,5889,1,,,5.0,,,,2663.9536,9470.0,3850.0,-1,2.0,,,,,,237144.0,2014,654,651,0,0,1,0,0,16.0,12.0,51.0,2014,1.0,3,8,2,201,2011,1,17,0,0,3.0,2.0,,0,1,46,,1,42,4,,1,1,5,2,110,242,57,3,0,5,1.0,1.0,,40.0,,48.0,,,,,,2.0,3.0,0.0,1,2.0,,1.0,2200.0,880.0,1.0,,2.0,,,11531.1477,3001.6895,3,1,0.0,0.0,0,0,33391,1,,,5.0,,,,2914.3125,9470.0,3850.0,-1,2.0,,,,,,240059.0,2015,666,651,0,0,1,0,0,16.0,12.0,51.0,2015,MIS4_to_MIS8,2014-2015,True,False,False,False,False,False,False,1
581377005110630,7,1.0,1,4,2,201,2011,1,1,,17,0,0,3.0,2.0,,0,1,66,2.0,2,40,1,,1,1,1,1,2,57,57,57,1,0,0,1.0,1.0,,35.0,8.0,28.0,,,8.0,,,4.0,3.0,0.0,1,2.0,,1.0,1836.0,734.4,2.0,2.0,,,,11748.8579,3349.6298,0,0,0.0,0.0,0,0,30357,1,,,3.0,,,,3215.4207,9380.0,20.0,-1,,,,,,,237180.0,2014,654,651,0,0,0,0,0,14.0,1.0,51.0,2014,1.0,1,8,2,201,2011,1,17,0,0,3.0,2.0,,0,1,67,2.0,2,40,1,,1,1,1,2,57,57,57,1,0,0,1.0,1.0,,35.0,,35.0,,,,,,2.0,3.0,0.0,1,2.0,,1.0,1800.0,720.0,2.0,2.0,,,,12169.5967,3094.3332,0,0,0.0,0.0,0,0,20780,1,,,3.0,,,,3073.7157,9380.0,20.0,-1,,,,,,,240100.0,2015,666,651,0,0,0,0,0,14.0,1.0,51.0,2015,MIS4_to_MIS8,2014-2015,True,False,False,False,False,False,False,1
111741070067604,7,1.0,1,4,2,201,2011,1,1,,17,14060,113,,1.0,,2,1,45,2.0,2,36,1,,1,1,1,1,2,57,57,57,1,0,0,1.0,1.0,,40.0,,48.0,,,,,,2.0,3.0,0.0,1,2.0,1.0,1.0,1100.0,400.0,2.0,2.0,2.0,,,12557.2159,3168.197,0,0,1.0,1.0,0,0,57562,1,,,,,,,3096.2102,8270.0,3600.0,-1,,,,,,,237307.0,2014,654,651,0,0,0,0,0,10.0,11.0,42.0,2014,2.0,1,8,2,201,2011,1,17,14060,113,,1.0,,2,1,46,2.0,2,36,1,,1,1,1,2,57,57,57,1,0,0,2.0,1.0,,40.0,,40.0,,,,,,2.0,4.0,0.0,1,2.0,,1.0,1000.0,400.0,2.0,2.0,2.0,,,11968.856,3013.124,0,0,1.0,1.0,0,42,6689,1,,,,,,,2998.3749,8270.0,4610.0,-1,,,,,,,240200.0,2015,666,651,0,0,0,0,0,10.0,15.0,42.0,2015,MIS4_to_MIS8,2014-2015,False,True,False,False,False,True,True,1
111741070067604,7,1.0,1,4,2,201,2011,1,1,,17,14060,113,,1.0,,2,3,51,1.0,1,36,1,,2,1,2,1,2,57,57,57,1,0,0,2.0,1.0,,40.0,,50.0,,,,,,2.0,3.0,0.0,1,2.0,1.0,1.0,1415.0,500.0,2.0,2.0,2.0,,,10683.4459,2716.6279,0,0,0.0,1.0,0,0,57562,2,,,,,,,2680.929,8270.0,4220.0,-1,,,,,,,237308.0,2014,654,651,0,0,0,0,0,10.0,14.0,42.0,2014,2.0,1,8,2,201,2011,1,17,14060,113,,1.0,,2,3,52,1.0,1,36,1,,1,2,1,2,57,57,57,1,0,0,1.0,1.0,,40.0,,40.0,,,,,,2.0,4.0,0.0,1,1.0,,1.0,1175.0,510.0,1.0,,2.0,,,10754.9075,2773.9647,0,0,1.0,1.0,0,42,6689,2,,,,,,,2718.1303,8270.0,4610.0,-1,,,,,,,240201.0,2015,666,651,0,0,0,0,0,10.0,15.0,42.0,2015,MIS4_to_MIS8,2014-2015,False,True,False,False,False,True,True,1
157701070038500,7,1.0,6,4,2,201,2011,1,1,,17,19340,0,,1.0,,3,2,69,,1,39,1,,1,0,0,4,2,57,57,57,1,0,0,1.0,1.0,,40.0,,40.0,,,,,,2.0,3.0,0.0,1,2.0,1.0,1.0,2635.0,1057.69,1.0,,,,,8953.0093,2537.859,0,0,0.0,0.0,0,0,40501,1,1.0,,,,,,2474.1946,770.0,6730.0,-1,,,,,,,237313.0,2014,654,651,0,0,0,0,0,12.0,19.0,4.0,2014,1.0,6,8,2,201,2011,1,17,19340,0,,1.0,,3,2,70,,1,39,1,,0,0,4,2,57,57,57,1,0,0,1.0,1.0,,40.0,,40.0,,,,,,2.0,3.0,0.0,1,2.0,,1.0,2285.0,914.0,1.0,,,,,9467.3388,2538.7092,0,0,1.0,1.0,0,42,43449,1,1.0,,,,,,2479.2072,6170.0,9130.0,-1,,,,,,,240214.0,2015,666,651,0,0,0,0,0,12.0,22.0,23.0,2015,MIS4_to_MIS8,2014-2015,True,False,False,False,False,False,False,1
710990448991001,7,1.0,1,4,2,201,2011,1,1,,17,19340,0,,1.0,,3,1,31,2.0,2,40,1,,1,1,1,1,2,57,57,57,1,0,0,1.0,1.0,,13.0,,13.0,,,15.0,,,6.0,1.0,0.0,1,2.0,,1.0,1188.0,154.44,2.0,2.0,2.0,,,10489.7026,2668.723,8,4,0.0,0.0,0,0,17696,1,,,2.0,,,,2682.608,6370.0,430.0,-1,,,,,,,237359.0,2014,654,651,0,1,1,0,1,13.0,1.0,23.0,2014,1.0,1,8,2,201,2011,1,17,19340,0,,1.0,,3,1,32,2.0,2,40,1,,1,1,1,2,57,57,57,1,0,0,1.0,1.0,,25.0,,25.0,,,22.0,,,7.0,1.0,0.0,1,2.0,,1.0,1563.0,390.75,1.0,,2.0,,,11674.4582,2982.9155,8,4,0.0,0.0,0,0,33472,1,,,4.0,,,,2942.8548,6370.0,5560.0,-1,,,,,,,240264.0,2015,666,651,0,1,1,0,1,15.0,17.0,23.0,2015,MIS4_to_MIS8,2014-2015,True,False,False,False,False,False,False,1
971267190002409,7,1.0,7,4,2,201,2011,1,1,,17,44100,0,,1.0,,2,2,45,,2,40,1,,1,0,0,7,2,57,57,57,1,0,0,1.0,1.0,,38.0,,38.0,,,,,,2.0,2.0,0.0,1,2.0,2.0,2.0,,846.15,1.0,,2.0,,,10205.1414,2574.7665,0,0,0.0,,0,0,3641,1,,,1.0,,,,2516.2634,9480.0,5920.0,-1,,,,,,,237414.0,2014,654,651,0,0,0,0,0,12.0,17.0,51.0,2014,1.0,7,8,2,201,2011,1,17,44100,0,,1.0,,2,2,46,,2,40,1,,0,0,7,2,57,57,57,1,0,0,1.0,1.0,,38.0,,38.0,,,,,,2.0,2.0,0.0,1,2.0,2.0,2.0,,769.23,1.0,,2.0,,,12771.4864,3215.1838,0,0,0.0,,0,0,3448,1,,,1.0,,,,3199.4457,9480.0,5810.0,-1,,,,,,,240295.0,2015,666,651,0,0,0,0,0,12.0,17.0,51.0,2015,MIS4_to_MIS8,2014-2015,True,False,False,False,False,False,False,1
35037344105351,8,1.0,6,4,2,201,2011,1,1,,17,16980,0,1.0,1.0,1.0,7,2,50,,1,40,2,,1,0,0,5,2,57,57,57,1,0,0,1.0,1.0,,40.0,,40.0,,,,,,2.0,3.0,0.0,1,2.0,,1.0,3500.0,1400.0,1.0,,2.0,,,15315.6121,3732.88,0,0,1.0,1.0,0,42,23291,1,,,3.0,,,,3648.057,9370.0,6420.0,-1,,,,,,,274272.0,2014,655,652,0,0,0,0,0,14.0,19.0,51.0,2014,1.0,6,8,2,201,2011,1,17,16980,0,1.0,1.0,1.0,7,2,51,,1,40,2,,0,0,5,2,57,57,57,1,0,0,1.0,1.0,,40.0,,40.0,,,,,,2.0,3.0,0.0,1,2.0,,1.0,1100.0,440.0,1.0,,2.0,,,16768.2428,3974.2712,0,0,1.0,1.0,0,0,23812,1,,,2.0,,,,4031.4905,9370.0,6420.0,-1,,,,,,,276170.0,2015,667,652,0,0,0,0,0,13.0,19.0,51.0,2015,MIS4_to_MIS8,2014-2015,True,False,False,False,False,False,False,1
103570414073727,8,1.0,1,4,2,201,2011,1,1,,17,16980,0,1.0,1.0,1.0,7,3,43,1.0,1,40,1,,2,1,2,1,2,57,57,57,1,0,0,2.0,1.0,,40.0,,40.0,,,,,,2.0,3.0,0.0,1,2.0,,1.0,1365.0,546.0,1.0,,2.0,,,10580.5269,2696.7339,3,1,1.0,1.0,0,0,68859,2,,,3.0,,,,2631.9902,9370.0,9620.0,-1,,,,,,,274298.0,2014,655,652,0,0,1,0,0,14.0,22.0,51.0,2014,2.0,1,8,2,201,2011,1,17,16980,0,1.0,1.0,1.0,7,3,44,1.0,1,40,1,,1,2,1,2,57,57,57,1,0,0,1.0,1.0,,40.0,,40.0,,,,,,2.0,3.0,0.0,1,1.0,1.0,1.0,3500.0,923.07,1.0,,2.0,,,12989.6919,3314.8114,3,1,0.0,0.0,0,0,64325,2,,,2.0,,,,3300.9285,7790.0,9720.0,-1,,,,,,,276186.0,2015,667,652,0,0,1,0,0,13.0,22.0,39.0,2015,MIS4_to_MIS8,2014-2015,True,False,False,False,False,False,False,1
133341070054565,8,1.0,7,4,2,201,2011,1,1,,17,16980,0,1.0,1.0,1.0,7,2,26,,2,44,1,1.0,1,0,0,7,2,57,57,57,1,0,0,1.0,1.0,,40.0,,40.0,,,,,,2.0,3.0,0.0,1,2.0,2.0,2.0,,538.0,1.0,,2.0,,,11346.9031,2886.744,0,0,1.0,,0,42,23302,1,,,,,,3.0,2838.0795,5790.0,4760.0,-1,,,,,,,274328.0,2014,655,652,0,0,0,0,0,18.0,16.0,22.0,2014,1.0,7,8,2,201,2011,1,17,16980,0,1.0,1.0,1.0,7,2,26,,2,44,1,1.0,0,0,7,2,57,57,57,1,0,0,1.0,1.0,,40.0,,40.0,,,,,,2.0,4.0,0.0,1,2.0,,1.0,1500.0,600.0,2.0,2.0,2.0,,,13619.5907,3416.1315,0,0,1.0,1.0,0,42,36963,1,,,,,,,3375.8117,5790.0,4760.0,-1,,,,,,,276220.0,2015,667,652,0,0,0,0,0,,16.0,22.0,2015,MIS4_to_MIS8,2014-2015,False,True,False,False,False,True,True,1
175881070178338,8,1.0,7,4,2,201,2011,1,1,,17,16980,0,1.0,1.0,1.0,7,2,38,,2,44,1,,1,0,0,7,2,57,57,57,1,0,0,1.0,1.0,,40.0,,40.0,,,,,,2.0,1.0,0.0,1,2.0,2.0,2.0,,1923.0,1.0,,2.0,,,10984.8915,2801.2399,0,0,1.0,,0,0,56240,1,,,,,,2.0,2784.7513,9370.0,930.0,-1,,,,,,,274352.0,2014,655,652,0,0,0,0,0,18.0,2.0,51.0,2014,1.0,7,8,2,201,2011,1,17,16980,0,1.0,1.0,1.0,7,2,38,,2,44,1,,0,0,7,2,57,57,57,1,0,0,1.0,1.0,,40.0,,40.0,,,,,,2.0,1.0,0.0,1,2.0,2.0,2.0,,692.0,1.0,,2.0,,,12270.3419,3063.2357,0,0,1.0,,0,0,36995,1,,,,,,,3116.2781,9380.0,930.0,-1,,,,,,,276246.0,2015,667,652,0,0,0,0,0,,2.0,51.0,2015,MIS4_to_MIS8,2014-2015,True,False,False,False,False,False,False,1
410008451396387,8,1.0,4,4,2,201,2011,1,1,,17,16980,0,1.0,1.0,1.0,7,4,25,,1,34,1,,2,1,3,7,2,57,57,57,1,0,0,2.0,1.0,,40.0,,40.0,,,,,,2.0,2.0,0.0,1,2.0,,1.0,725.0,290.0,1.0,,2.0,,,13061.4186,3355.1629,0,0,1.0,1.0,0,0,9320,2,,,,,,,3283.1015,9480.0,3600.0,-1,,,,,1.0,,274461.0,2014,655,652,0,0,0,0,0,7.5,11.0,51.0,2014,1.0,4,8,2,201,2011,1,17,16980,0,1.0,1.0,1.0,7,4,26,,1,36,1,,1,3,7,2,57,57,57,1,0,0,2.0,1.0,,40.0,,64.0,,,,,,2.0,2.0,0.0,1,2.0,,1.0,1010.0,404.0,1.0,,2.0,,,15594.0691,3874.7312,0,0,1.0,1.0,0,0,35033,2,,,,,,,3904.6358,9480.0,4610.0,6260,,,,,1.0,,276335.0,2015,667,652,0,0,0,0,0,10.0,15.0,51.0,2015,MIS4_to_MIS8,2014-2015,True,False,False,False,False,False,False,1
10710047236621,8,1.0,4,4,2,201,2011,1,1,,17,16980,0,2.0,1.0,,7,1,66,,2,44,1,,1,1,1,4,2,57,57,57,1,0,0,1.0,5.0,,,,,,,,,,1.0,3.0,0.0,2,,,,,,,,,,,12724.1958,3090.8227,0,0,,,0,0,5527,1,,,,,,3.0,3184.6006,7860.0,2430.0,-1,,,,,,,274623.0,2014,655,652,0,0,0,0,0,18.0,8.0,40.0,2014,1.0,4,8,2,201,2011,1,17,16980,0,2.0,1.0,,7,1,66,,2,45,1,,1,1,4,2,57,57,57,1,0,0,1.0,1.0,,12.0,,16.0,,,21.0,,,7.0,3.0,0.0,1,2.0,,1.0,1650.0,198.0,2.0,2.0,,,,12893.7907,3236.7153,0,0,0.0,0.0,0,0,24069,1,,,,,,,3196.1438,6770.0,2430.0,-1,,,,,,,276472.0,2015,667,652,0,0,0,0,0,18.0,8.0,31.0,2015,MIS4_to_MIS8,2014-2015,True,False,False,False,False,False,False,1
10710047236621,8,1.0,4,4,2,201,2011,1,1,,17,16980,0,2.0,1.0,,7,4,38,,1,44,1,,2,1,3,7,2,57,57,57,1,0,0,2.0,1.0,,40.0,,40.0,,,,,,2.0,3.0,0.0,1,2.0,2.0,2.0,,1153.84,1.0,,2.0,,,11086.5893,2764.8979,0,0,0.0,,0,0,5527,2,,,,,,3.0,2757.8773,7860.0,2310.0,-1,,,,,1.0,,274624.0,2014,655,652,0,0,0,0,0,18.0,8.0,40.0,2014,1.0,4,8,2,201,2011,1,17,16980,0,2.0,1.0,,7,4,39,,1,44,1,,1,3,7,2,57,57,57,1,0,0,2.0,1.0,,40.0,,40.0,,,,,,2.0,3.0,0.0,1,2.0,2.0,2.0,,961.53,1.0,,2.0,,,12297.1313,3138.203,0,0,0.0,,0,0,24069,2,,,,,,,3124.9357,7860.0,2310.0,-1,,,,,1.0,,276473.0,2015,667,652,0,0,0,0,0,,8.0,40.0,2015,MIS4_to_MIS8,2014-2015,True,False,False,False,False,False,False,1
31170001710010,8,2.0,1,4,2,201,2011,1,1,,17,41180,0,2.0,1.0,,6,1,44,2.0,1,44,1,,1,1,1,1,2,57,57,57,1,0,0,2.0,1.0,,60.0,,48.0,,,,,,2.0,1.0,0.0,1,2.0,2.0,2.0,,2884.61,2.0,2.0,2.0,,,10886.6874,2774.7672,4,2,0.0,,0,0,47268,1,,,,,,2.0,2708.1501,6870.0,10.0,-1,,,,,,,274646.0,2014,655,652,0,0,0,1,0,18.0,1.0,32.0,2014,3.0,1,8,2,201,2011,1,17,41180,0,2.0,1.0,,6,1,45,2.0,1,44,1,,1,1,1,2,57,57,57,1,0,0,2.0,1.0,,50.0,,50.0,,,,,,2.0,1.0,0.0,1,2.0,2.0,2.0,,2884.61,2.0,2.0,2.0,,,11582.5518,2976.7295,4,1,0.0,,0,0,23769,1,,,,,,,2976.8899,6870.0,120.0,-1,,,,,,,276517.0,2015,667,652,0,0,0,1,0,,1.0,32.0,2015,MIS4_to_MIS8,2014-2015,True,False,False,False,False,False,False,1
31170001710010,8,2.0,1,4,2,201,2011,1,1,,17,41180,0,2.0,1.0,,6,3,41,1.0,2,43,1,,2,1,2,1,2,57,57,57,1,0,0,1.0,1.0,,35.0,,35.0,,,,,,2.0,3.0,0.0,1,2.0,,1.0,1375.0,481.25,1.0,,2.0,,,10946.0648,2811.8015,4,2,0.0,0.0,0,0,47268,2,,,,2.0,,,2774.9084,7860.0,2300.0,-1,,,,,,,274647.0,2014,655,652,0,0,0,1,0,16.0,8.0,40.0,2014,3.0,1,8,2,201,2011,1,17,41180,0,2.0,1.0,,6,3,42,1.0,2,43,1,,1,2,1,2,57,57,57,1,0,0,2.0,2.0,4.0,40.0,,,,,,,,5.0,2.0,0.0,1,2.0,2.0,2.0,,615.38,1.0,,2.0,,,13246.6478,3366.6745,4,1,0.0,,0,0,23769,2,,,,,,,3364.2289,7860.0,2310.0,-1,,,,,,,276518.0,2015,667,652,0,0,0,1,0,,8.0,40.0,2015,MIS4_to_MIS8,2014-2015,True,False,False,False,False,False,True,1
68087847100781,8,1.0,1,4,2,201,2011,1,1,,17,16980,0,2.0,1.0,,7,3,64,1.0,2,44,1,,2,1,2,1,2,57,57,57,1,0,0,2.0,2.0,4.0,18.0,,,,,,,,10.0,3.0,0.0,1,1.0,1.0,1.0,6250.0,1000.0,2.0,2.0,,,,13675.1645,3449.4237,0,0,0.0,0.0,0,0,37118,2,,,,,,2.0,3364.6613,7860.0,2010.0,-1,,,,,,,274681.0,2014,655,652,0,0,0,0,0,18.0,6.0,40.0,2014,1.0,1,8,2,201,2011,1,17,16980,0,2.0,1.0,,7,3,65,1.0,2,44,1,,1,2,1,2,57,57,57,1,0,0,2.0,4.0,,,,,,,,8.0,2.0,11.0,3.0,0.0,2,,,,,,,,,,,16121.7708,3236.7153,0,0,,,0,0,53451,2,,,,,,,3217.0598,7860.0,2010.0,-1,,,,,,,276534.0,2015,667,652,0,0,0,0,0,,6.0,40.0,2015,MIS4_to_MIS8,2014-2015,True,False,False,False,False,False,False,1
70017681100211,8,1.0,4,4,2,201,2011,1,1,,17,16980,0,2.0,1.0,,7,1,68,,2,42,1,,1,1,1,5,2,139,139,57,3,0,1,1.0,1.0,,15.0,,15.0,,,21.0,,,7.0,3.0,0.0,1,2.0,,1.0,1100.0,165.0,2.0,2.0,,,,11172.322,3090.8227,0,0,0.0,0.0,0,0,9484,1,,,3.0,,,,2991.7859,8570.0,5700.0,-1,,,,,3.0,,274683.0,2014,655,652,0,0,0,0,0,14.0,17.0,44.0,2014,1.0,4,8,2,201,2011,1,17,16980,0,2.0,1.0,,7,1,69,,2,42,1,,1,1,5,2,139,139,57,3,0,1,1.0,1.0,,15.0,,10.0,,,21.0,,,7.0,4.0,0.0,1,2.0,,1.0,1100.0,165.0,2.0,2.0,,,,12893.7907,3236.7153,0,0,0.0,0.0,0,0,9274,1,,,3.0,,,,3196.1438,8570.0,5700.0,-1,,,,,3.0,,276536.0,2015,667,652,0,0,0,0,0,14.0,17.0,44.0,2015,MIS4_to_MIS8,2014-2015,False,True,False,False,False,True,True,1
103250110012740,8,1.0,7,4,2,201,2011,1,1,,17,16980,0,2.0,1.0,,7,2,61,,2,40,1,,1,0,0,4,2,57,57,57,1,0,0,1.0,2.0,4.0,38.0,,,,,,,,5.0,3.0,0.0,1,2.0,2.0,2.0,,385.34,1.0,,,,,12174.6035,3070.9222,0,0,0.0,,0,0,9365,1,,,1.0,,,,2995.4607,7860.0,2540.0,-1,,,,,,,274729.0,2014,655,652,0,0,0,0,0,12.0,8.0,40.0,2014,1.0,7,8,2,201,2011,1,17,16980,0,2.0,1.0,,7,2,62,,2,40,1,,0,0,4,2,57,57,57,1,0,0,1.0,2.0,4.0,38.0,,,,,,,,5.0,3.0,0.0,1,2.0,2.0,2.0,,396.9,1.0,,,,,14247.4345,3549.72,0,0,0.0,,0,0,24002,1,,,1.0,,,,3545.1071,7860.0,2540.0,-1,,,,,,,276560.0,2015,667,652,0,0,0,0,0,12.0,8.0,40.0,2015,MIS4_to_MIS8,2014-2015,True,False,False,False,False,False,False,1
121711070068100,8,1.0,1,4,2,201,2011,1,1,,17,16980,0,2.0,1.0,,7,1,33,2.0,1,43,1,,1,1,1,1,2,57,57,57,1,0,0,1.0,1.0,,40.0,,40.0,,,,,,2.0,3.0,0.0,1,1.0,2.0,2.0,,1923.07,1.0,,2.0,,,11235.5311,2887.6176,1,1,0.0,,0,0,23609,1,,,,1.0,1.0,,2824.1487,9470.0,3710.0,-1,1.0,,,,,,274756.0,2014,655,652,1,0,0,0,1,18.0,12.0,51.0,2014,1.0,1,8,2,201,2011,1,17,16980,0,2.0,1.0,,7,1,34,2.0,1,43,1,,1,1,1,2,57,57,57,1,0,0,1.0,1.0,,40.0,,55.0,,,,,,2.0,3.0,0.0,1,2.0,,1.0,4700.0,1880.0,1.0,,2.0,,,13055.3081,3260.5374,1,1,0.0,0.0,0,0,24168,1,,,,,,,3268.9495,9470.0,3710.0,-1,1.0,,,,,,276595.0,2015,667,652,1,0,0,0,1,,12.0,51.0,2015,MIS4_to_MIS8,2014-2015,True,False,False,False,False,False,False,1
122871070087800,8,2.0,1,4,2,201,2011,1,1,,17,16980,97,2.0,1.0,,7,1,62,2.0,2,44,1,,1,1,1,1,2,57,57,57,1,0,0,2.0,2.0,4.0,-4.0,,,,,,,,5.0,3.0,0.0,1,2.0,2.0,2.0,,1846.15,1.0,,,,,12174.6035,3070.9222,0,0,0.0,,0,0,19791,1,,,,,,3.0,2995.4607,7860.0,2310.0,-1,,,,,,,274759.0,2014,655,652,0,0,0,0,0,18.0,8.0,40.0,2014,1.0,1,8,2,201,2011,1,17,16980,97,2.0,1.0,,7,1,63,2.0,2,44,1,,1,1,1,2,57,57,57,1,0,0,1.0,2.0,4.0,60.0,,,,,,,,5.0,3.0,0.0,1,2.0,2.0,2.0,,2019.0,1.0,,,,,13955.1639,3476.9013,0,0,1.0,,0,0,5085,1,,,,,,,3472.3831,7860.0,2320.0,-1,,,,,,,276598.0,2015,667,652,0,0,0,0,0,,8.0,40.0,2015,MIS4_to_MIS8,2014-2015,True,False,False,False,False,False,False,1
185461070178413,8,1.0,7,4,2,201,2011,1,1,,17,16980,0,2.0,1.0,,7,2,42,,2,39,2,,1,0,0,7,2,57,57,57,1,0,0,1.0,1.0,,40.0,,40.0,,,,,,2.0,1.0,0.0,1,1.0,,1.0,2365.0,977.21,2.0,2.0,2.0,,,10904.1137,2838.3081,0,0,1.0,1.0,0,42,37054,1,1.0,,,,,,2801.1396,6370.0,5000.0,-1,,,,,,,274779.0,2014,655,652,0,0,0,0,0,12.0,17.0,23.0,2014,1.0,7,8,2,201,2011,1,17,16980,0,2.0,1.0,,7,2,42,,2,39,2,,0,0,7,2,57,57,57,1,0,0,1.0,1.0,,40.0,,40.0,,,,,,2.0,2.0,0.0,1,2.0,1.0,1.0,1050.0,290.0,1.0,,1.0,2.0,2.0,17272.9054,4578.8942,0,0,0.0,0.0,0,0,23849,1,1.0,,,,,,4406.6558,9480.0,3500.0,-1,,,,,,,276647.0,2015,667,652,0,0,0,0,0,12.0,10.0,51.0,2015,MIS4_to_MIS8,2014-2015,True,False,False,False,False,False,True,1
403107438710172,8,1.0,7,4,2,201,2011,1,1,,17,16980,0,2.0,1.0,,7,14,46,,2,39,1,,2,0,0,4,2,57,57,57,1,0,0,2.0,1.0,,40.0,,40.0,,,,,,2.0,1.0,0.0,1,2.0,,1.0,1213.0,485.2,1.0,,2.0,,,11831.3838,3113.3658,0,0,1.0,1.0,0,42,5508,2,1.0,,,,,,3029.1374,6080.0,5520.0,-1,,,,,,,274860.0,2014,655,652,0,0,0,0,0,12.0,17.0,23.0,2014,1.0,7,8,2,201,2011,1,17,16980,0,2.0,1.0,,7,14,47,,2,39,1,,0,0,4,2,57,57,57,1,0,0,2.0,1.0,,40.0,,40.0,,,,,,2.0,3.0,0.0,1,2.0,2.0,2.0,,1442.3,2.0,2.0,2.0,,,12423.8166,3135.7472,0,0,0.0,,0,0,36971,2,1.0,,,,,,3125.4766,770.0,6200.0,-1,,,,,,,276702.0,2015,667,652,0,0,0,0,0,12.0,19.0,4.0,2015,MIS4_to_MIS8,2014-2015,True,False,False,False,False,False,True,1
451778013610841,8,1.0,4,4,2,201,2011,1,1,,17,16980,0,2.0,1.0,,7,1,50,,2,39,2,,1,1,1,7,2,57,57,57,1,0,0,1.0,1.0,,40.0,,40.0,,,,,,2.0,1.0,0.0,1,1.0,1.0,1.0,2365.0,622.5,1.0,,2.0,,,10207.178,2662.6595,0,0,0.0,0.0,0,0,37053,1,1.0,,,,,,2624.1509,6370.0,5000.0,-1,,,,,,,274868.0,2014,655,652,0,0,0,0,0,12.0,17.0,23.0,2014,1.0,4,8,2,201,2011,1,17,16980,0,2.0,1.0,,7,1,51,,2,39,2,,1,1,7,2,57,57,57,1,0,0,1.0,1.0,,40.0,,40.0,,,,,,2.0,1.0,0.0,1,2.0,2.0,2.0,,1009.0,1.0,,2.0,,,13871.5417,3435.1094,0,0,1.0,,0,0,23848,1,1.0,,,,,,3446.8793,6370.0,5000.0,-1,,,,,,,276716.0,2015,667,652,0,0,0,0,0,12.0,17.0,23.0,2015,MIS4_to_MIS8,2014-2015,True,False,False,False,False,False,False,1
671326140002107,8,1.0,1,4,2,201,2011,1,1,,17,16980,0,2.0,1.0,,7,1,47,2.0,2,43,1,,1,1,1,1,2,57,57,57,1,0,0,1.0,1.0,,40.0,,40.0,,,,,,2.0,3.0,0.0,1,2.0,,1.0,4100.0,1640.0,1.0,,2.0,,,11831.3838,3113.3658,0,0,0.0,0.0,0,0,9384,1,,,,2.0,,,3029.1374,9470.0,3850.0,-1,,,,,,,274917.0,2014,655,652,0,0,0,0,0,16.0,12.0,51.0,2014,1.0,1,8,2,201,2011,1,17,16980,0,2.0,1.0,,7,1,48,2.0,2,43,1,,1,1,1,2,57,57,57,1,0,0,1.0,1.0,,40.0,,40.0,,,,,,2.0,3.0,0.0,1,2.0,1.0,1.0,1697.0,1730.76,1.0,,2.0,,,12423.8166,3135.7472,0,0,0.0,1.0,0,0,46426,1,,,,,,,3125.4766,9470.0,3850.0,-1,,,,,,,276778.0,2015,667,652,0,0,0,0,0,,12.0,51.0,2015,MIS4_to_MIS8,2014-2015,True,False,False,False,False,False,False,1
710100701301001,8,1.0,1,4,2,201,2011,1,1,,17,41180,0,2.0,1.0,,6,1,33,2.0,1,41,1,,1,1,1,1,2,57,57,57,1,0,0,2.0,1.0,,40.0,,39.0,,,,,,2.0,1.0,0.0,1,1.0,,1.0,2400.0,960.0,2.0,2.0,2.0,,,11787.2498,3029.4136,2,1,0.0,0.0,0,0,23162,1,,,4.0,,,,2962.828,9470.0,3800.0,-1,1.0,2.0,,,,,274939.0,2014,655,652,0,1,0,0,1,15.0,12.0,51.0,2014,1.0,1,8,2,201,2011,1,17,41180,0,2.0,1.0,,6,1,34,2.0,1,40,1,,1,1,1,2,57,57,57,1,0,0,1.0,1.0,,40.0,,40.0,,,,,,2.0,1.0,0.0,1,1.0,1.0,1.0,2300.0,2000.0,2.0,2.0,2.0,,,13055.3081,3260.5374,6,2,0.0,0.0,0,0,23768,1,,,3.0,,,,3268.9495,770.0,4220.0,-1,1.0,2.0,,,,,276798.0,2015,667,652,1,0,1,0,1,14.0,14.0,4.0,2015,MIS4_to_MIS8,2014-2015,True,False,False,False,False,False,False,1
710100701301001,8,1.0,1,4,2,201,2011,1,1,,17,41180,0,2.0,1.0,,6,3,36,1.0,2,44,1,,2,1,2,1,2,57,57,57,1,0,0,1.0,1.0,,40.0,13.0,15.0,,,13.0,,,4.0,3.0,0.0,1,2.0,2.0,2.0,,1076.92,1.0,,2.0,,,11302.7528,2882.2972,2,1,0.0,,0,0,23162,2,,,,,,3.0,2865.3315,7860.0,2300.0,-1,,,,,,,274940.0,2014,655,652,0,1,0,0,1,18.0,8.0,40.0,2014,1.0,1,8,2,201,2011,1,17,41180,0,2.0,1.0,,6,3,37,1.0,2,44,1,,1,2,1,2,57,57,57,1,0,0,2.0,2.0,4.0,40.0,,,,,,,,5.0,2.0,0.0,1,2.0,2.0,2.0,,615.38,1.0,,2.0,,,11597.9555,2895.3774,6,2,0.0,,0,0,23768,2,,,,,,,2945.5133,7860.0,2310.0,-1,,,,,,,276799.0,2015,667,652,1,0,1,0,1,,8.0,40.0,2015,MIS4_to_MIS8,2014-2015,True,False,False,False,False,False,True,1
710530472981001,8,1.0,1,4,2,201,2011,1,1,,17,37900,0,2.0,1.0,,3,1,32,2.0,1,43,1,,1,1,1,1,2,57,57,57,1,0,0,1.0,1.0,,40.0,,41.0,,,,,,2.0,3.0,0.0,1,2.0,1.0,1.0,1550.0,600.0,1.0,,2.0,,,11787.2498,3029.4136,0,0,0.0,0.0,0,0,5582,1,,,,2.0,,,2962.828,9470.0,2015.0,-1,,,,,,,274942.0,2014,655,652,0,0,0,0,0,16.0,6.0,51.0,2014,1.0,1,8,2,201,2011,1,17,37900,0,2.0,1.0,,3,1,33,2.0,1,43,1,,1,1,1,2,57,57,57,1,0,0,1.0,1.0,,40.0,,40.0,,,,,,2.0,3.0,0.0,1,2.0,,1.0,1530.0,612.0,1.0,,2.0,,,13897.4585,3470.8628,0,0,0.0,0.0,0,0,5120,1,,,,,,,3479.8175,9470.0,2015.0,-1,,,,,,,276805.0,2015,667,652,0,0,0,0,0,,6.0,51.0,2015,MIS4_to_MIS8,2014-2015,True,False,False,False,False,False,False,1
721830714721001,8,1.0,1,4,2,201,2011,1,1,,17,16980,0,2.0,1.0,,7,1,54,2.0,2,43,1,,1,1,1,1,2,57,57,57,1,0,0,1.0,1.0,,40.0,,40.0,,,,,,2.0,1.0,0.0,1,2.0,1.0,1.0,5000.0,1923.07,2.0,2.0,2.0,,,12417.1426,3224.101,0,0,0.0,0.0,0,0,23409,1,,,,2.0,,,3179.1067,9570.0,430.0,-1,,,,,,,274950.0,2014,655,652,0,0,0,0,0,16.0,1.0,51.0,2014,2.0,1,8,2,201,2011,1,17,16980,0,2.0,1.0,,7,1,55,2.0,2,43,1,,1,1,1,2,57,57,57,1,0,0,2.0,1.0,,40.0,4.0,32.0,,,4.0,,,4.0,1.0,0.0,1,2.0,2.0,2.0,,2289.69,2.0,2.0,,,,12472.346,3296.6227,0,0,0.0,,0,0,9182,1,,,,,,,3254.4615,9570.0,430.0,-1,,,,,,,276809.0,2015,667,652,0,0,0,0,0,,1.0,51.0,2015,MIS4_to_MIS8,2014-2015,True,False,False,False,False,False,False,1
750320020701001,8,1.0,4,4,2,201,2011,1,1,,17,37900,0,2.0,1.0,,3,1,60,,2,40,1,,1,1,1,4,2,57,57,57,1,0,0,1.0,5.0,,,,,,,,,,1.0,2.0,0.0,2,,,,,,,,,,,13345.4936,3221.7193,0,0,,,0,0,5563,1,,,2.0,,,,3340.0984,9470.0,5000.0,-1,,,,,,,274957.0,2014,655,652,0,0,0,0,0,13.0,17.0,51.0,2014,1.0,4,8,2,201,2011,1,17,37900,0,2.0,1.0,,3,1,61,,2,39,1,,1,1,4,2,57,57,57,1,0,0,1.0,5.0,,,,,,,,,,1.0,,,2,,,,,,,,,,,15120.1709,3778.6995,0,0,,,0,0,9255,1,1.0,,,,,,3787.7755,,,-1,,,,,,,276821.0,2015,667,652,0,0,0,0,0,12.0,,,2015,MIS4_to_MIS8,2014-2015,False,False,False,True,True,True,True,1
110004671207947,8,1.0,1,4,2,201,2011,1,1,,17,0,0,3.0,2.0,,0,1,62,2.0,2,40,1,,1,1,1,1,2,57,57,57,1,0,0,1.0,1.0,,40.0,,40.0,,,,,,2.0,3.0,0.0,1,2.0,,1.0,1450.0,580.0,2.0,2.0,,,,11093.4755,2798.2185,0,0,0.0,0.0,0,0,59841,1,,,1.0,,,,2729.458,9490.0,5700.0,-1,,,,,,,275093.0,2014,655,652,0,0,0,0,0,12.0,17.0,51.0,2014,1.0,1,8,2,201,2011,1,17,0,0,3.0,2.0,,0,1,64,2.0,2,40,1,,1,1,1,2,57,57,57,1,0,0,1.0,1.0,,40.0,,40.0,,,,,,2.0,3.0,0.0,1,2.0,,1.0,1450.0,580.0,2.0,2.0,,,,14904.0971,3713.3261,0,0,0.0,0.0,0,0,37150,1,,,1.0,,,,3708.5007,9490.0,5700.0,-1,,,,,,,276941.0,2015,667,652,0,0,0,0,0,12.0,17.0,51.0,2015,MIS4_to_MIS8,2014-2015,True,False,False,False,False,False,False,1
110004671207947,8,1.0,1,4,2,201,2011,1,1,,17,0,0,3.0,2.0,,0,4,40,,1,40,1,,3,1,3,6,2,57,57,57,1,0,0,2.0,6.0,,,,,,,,,,1.0,2.0,0.0,2,,,,,,,,2.0,,,10970.3721,2410.019,0,0,,,0,0,59841,3,,,2.0,,,,2652.1187,9470.0,3800.0,-1,2.0,,,,1.0,1.0,275095.0,2014,655,652,0,0,0,0,0,13.0,12.0,51.0,2014,1.0,1,8,2,201,2011,1,17,0,0,3.0,2.0,,0,4,41,,1,40,1,,2,1,5,2,57,57,57,1,0,0,2.0,6.0,,,,,,,,,,1.0,,,2,,,,,,,,2.0,,,14379.8748,3346.2188,4,1,,,0,0,37150,3,,,1.0,,,,3397.5835,,,-1,2.0,,,,1.0,1.0,276943.0,2015,667,652,0,0,0,1,0,12.0,,,2015,MIS4_to_MIS8,2014-2015,False,False,False,True,False,True,True,1
11017626100001,8,1.0,1,4,2,201,2011,1,1,,17,16580,0,,1.0,,2,3,26,1.0,2,43,1,,2,1,2,1,2,57,57,57,1,0,0,2.0,1.0,,40.0,,40.0,,,,,,2.0,3.0,0.0,1,2.0,2.0,2.0,,691.38,1.0,,2.0,,,13150.7309,3308.1646,0,0,0.0,,0,0,36932,2,,,,2.0,,,3289.2517,7860.0,2320.0,-1,,,,,,,275217.0,2014,655,652,0,0,0,0,0,16.0,8.0,40.0,2014,2.0,1,8,2,201,2011,1,17,16580,0,,1.0,,2,3,27,1.0,2,43,1,,1,2,1,2,57,57,57,1,0,0,1.0,1.0,,40.0,3.0,20.0,,,3.0,,,3.0,3.0,0.0,1,2.0,2.0,2.0,,730.76,1.0,,2.0,,,14162.0363,3519.8222,0,0,0.0,,0,0,68333,2,,,,,,,3510.2646,7860.0,2320.0,-1,,,,,,,277006.0,2015,667,652,0,0,0,0,0,,8.0,40.0,2015,MIS4_to_MIS8,2014-2015,True,False,False,False,False,False,False,1
410002311208617,8,2.0,4,4,2,201,2011,1,1,,17,16580,0,,1.0,,2,4,55,,1,43,1,,2,1,3,5,2,57,57,57,1,0,0,1.0,1.0,,60.0,4.0,25.0,,,4.0,,,4.0,2.0,0.0,1,2.0,2.0,2.0,,1192.3,1.0,,,,,12662.2122,3282.8871,0,0,0.0,,0,0,5489,2,,,,1.0,1.0,,3204.0156,7860.0,2320.0,-1,,,,,1.0,,275282.0,2014,655,652,0,0,0,0,0,18.0,8.0,40.0,2014,1.0,4,8,2,201,2011,1,17,16580,0,,1.0,,2,4,56,,1,44,1,,1,3,5,2,57,57,57,1,0,0,2.0,2.0,4.0,40.0,,,,,,,,5.0,5.0,0.0,1,2.0,2.0,2.0,,1666.0,2.0,2.0,,,,14765.474,3613.5517,0,0,1.0,,42,42,5042,2,,,,,,,3645.7159,7860.0,2310.0,-1,,,,,1.0,,277058.0,2015,667,652,0,0,0,0,0,,8.0,40.0,2015,MIS4_to_MIS8,2014-2015,False,True,False,False,False,True,True,1
410002311208617,8,2.0,4,4,2,201,2011,1,1,,17,16580,0,,1.0,,2,12,56,,2,39,1,,3,0,0,5,2,57,57,57,1,0,0,2.0,1.0,,60.0,,60.0,,,,,,2.0,2.0,0.0,1,1.0,1.0,1.0,1328.0,403.84,2.0,2.0,,,,12764.4882,3287.211,0,0,0.0,0.0,0,0,5489,3,1.0,,,,,,3223.7765,8680.0,310.0,-1,,,,,,,275283.0,2014,655,652,0,0,0,0,0,12.0,1.0,46.0,2014,1.0,4,8,2,201,2011,1,17,16580,0,,1.0,,2,12,57,,2,40,1,,0,0,5,2,57,57,57,1,0,0,2.0,2.0,4.0,40.0,,,,,,,,5.0,5.0,0.0,1,2.0,1.0,1.0,1500.0,307.0,2.0,2.0,,,,13567.7788,3586.1615,0,0,1.0,1.0,42,0,5042,3,,,2.0,,,,3540.2973,7860.0,4020.0,-1,,,,,,,277059.0,2015,667,652,0,0,0,0,0,13.0,13.0,40.0,2015,MIS4_to_MIS8,2014-2015,False,True,False,False,False,True,True,1
10710648086740,9,2.0,1,4,2,201,2011,1,1,,17,16980,0,1.0,1.0,,7,3,55,1.0,2,43,1,,2,1,2,1,2,57,57,57,1,0,0,1.0,1.0,,40.0,,40.0,,,,,,2.0,3.0,0.0,1,2.0,2.0,2.0,,450.0,1.0,,,,,12439.5886,3214.2378,4,2,1.0,,0,0,7860,2,,,,2.0,,,3182.1983,7860.0,4600.0,-1,,,,,,,311904.0,2014,656,653,0,0,0,1,0,16.0,15.0,40.0,2014,2.0,1,8,2,201,2011,1,17,16980,0,1.0,1.0,,7,3,56,1.0,2,43,1,,1,2,1,2,57,57,57,1,0,0,1.0,1.0,,40.0,6.0,32.0,,,6.0,,,4.0,3.0,0.0,1,2.0,2.0,2.0,,576.92,1.0,,,,,11796.6217,2874.3716,4,2,0.0,,0,0,8581,2,,,,,,,2876.7386,7860.0,2310.0,-1,,,,,,,314168.0,2015,668,653,0,0,0,1,0,,8.0,40.0,2015,MIS4_to_MIS8,2014-2015,True,False,False,False,False,False,False,1
175881070068358,9,4.0,1,4,2,201,2011,1,1,,17,16980,0,1.0,1.0,1.0,7,3,47,1.0,2,40,1,1.0,2,1,2,1,2,303,303,303,4,0,12,2.0,1.0,,25.0,,25.0,,,18.0,,,7.0,3.0,0.0,1,2.0,,1.0,900.0,225.0,2.0,2.0,2.0,,,15094.4489,3864.7207,4,1,1.0,1.0,0,0,35694,2,,,2.0,,,,3810.5103,7860.0,4600.0,-1,,,,,,,311981.0,2014,656,653,0,0,0,1,0,13.0,15.0,40.0,2014,4.0,1,8,2,201,2011,1,17,16980,0,1.0,1.0,1.0,7,3,48,1.0,2,39,1,1.0,1,2,1,2,303,303,303,4,0,12,2.0,1.0,,28.0,,28.0,,,18.0,,,7.0,3.0,0.0,1,2.0,2.0,2.0,,0.0,1.0,,2.0,,,12353.7846,3017.4773,4,1,0.0,,0,0,21959,2,1.0,,,,,,3049.4272,6070.0,9415.0,-1,,,,,,,314265.0,2015,668,653,0,0,0,1,0,12.0,22.0,23.0,2015,MIS4_to_MIS8,2014-2015,True,False,False,False,False,False,False,1
175881070068358,9,4.0,1,4,2,201,2011,1,1,,17,16980,0,1.0,1.0,1.0,7,4,16,,2,36,1,1.0,3,1,3,7,2,57,303,303,1,0,0,2.0,4.0,,,,,,,,3.0,5.0,12.0,3.0,0.0,2,,,,,,,,1.0,1.0,1.0,16042.8769,2800.4581,0,0,,,0,0,35694,3,,,,,,,2855.6634,8570.0,4430.0,-1,,,,,2.0,1.0,311982.0,2014,656,653,0,0,0,0,0,10.0,15.0,44.0,2014,4.0,1,8,2,201,2011,1,17,16980,0,1.0,1.0,1.0,7,4,16,,2,38,1,1.0,1,3,7,2,57,303,303,1,0,0,2.0,1.0,,20.0,,20.0,,,20.0,,,7.0,4.0,0.0,1,2.0,1.0,1.0,1025.0,0.0,1.0,,1.0,1.0,1.0,11495.4548,2544.4309,0,0,0.0,0.0,0,0,21959,3,,,,,,,2357.279,1190.0,7800.0,-1,,,,,2.0,1.0,314266.0,2015,668,653,0,0,0,0,0,12.0,21.0,14.0,2015,MIS4_to_MIS8,2014-2015,False,True,False,False,False,True,True,1
400108686710470,9,2.0,1,4,2,201,2011,1,1,,17,16980,0,1.0,1.0,,7,1,44,2.0,1,43,1,,1,1,1,1,2,57,57,57,1,0,0,1.0,1.0,,40.0,,40.0,,,,,,2.0,3.0,0.0,1,2.0,2.0,2.0,,1173.0,1.0,,2.0,,,14329.9025,3610.0052,10,2,1.0,,0,0,21914,1,,,,2.0,,,3553.518,9470.0,3710.0,-1,,,,,,,312064.0,2014,656,653,0,0,1,1,0,16.0,12.0,51.0,2014,2.0,1,8,2,201,2011,1,17,16980,0,1.0,1.0,,7,1,45,2.0,1,43,1,,1,1,1,2,57,57,57,1,0,0,1.0,1.0,,40.0,,40.0,,,,,,2.0,3.0,0.0,1,2.0,2.0,2.0,,700.0,1.0,,2.0,,,12599.9201,3093.3873,4,2,1.0,,0,0,21962,1,,,,,,,3093.0927,9470.0,3710.0,-1,,,,,,,314330.0,2015,668,653,0,0,0,1,0,,12.0,51.0,2015,MIS4_to_MIS8,2014-2015,True,False,False,False,False,False,False,1
571486130208418,9,1.0,7,4,2,201,2011,1,1,,17,16980,0,1.0,1.0,1.0,7,2,63,,2,40,2,,1,0,0,5,2,57,57,57,1,0,0,1.0,1.0,,40.0,,40.0,,,,,,2.0,1.0,0.0,1,2.0,1.0,1.0,2500.0,1000.0,2.0,2.0,,,,13866.7247,3222.2312,0,0,0.0,0.0,0,0,57424,1,,,4.0,,,,3194.4384,6370.0,5560.0,-1,,,,,,,312097.0,2014,656,653,0,0,0,0,0,15.0,17.0,23.0,2014,1.0,7,8,2,201,2011,1,17,16980,0,1.0,1.0,1.0,7,2,64,,2,40,2,,0,0,5,2,57,57,57,1,0,0,3.0,1.0,,40.0,6.0,32.0,,,6.0,,,4.0,1.0,0.0,1,2.0,1.0,1.0,2500.0,1057.69,2.0,2.0,,,,15911.1128,3790.0505,0,0,0.0,0.0,0,0,44279,1,,,3.0,,,,3793.3032,6370.0,5560.0,-1,,,,,,,314359.0,2015,668,653,0,0,0,0,0,14.0,17.0,23.0,2015,MIS4_to_MIS8,2014-2015,True,False,False,False,False,False,False,1
671807140604008,9,1.0,1,4,2,201,2011,1,1,,17,16980,0,1.0,1.0,,7,1,52,2.0,1,43,4,,1,1,1,1,2,210,210,210,4,0,6,1.0,1.0,,40.0,,40.0,,,,,,2.0,1.0,0.0,1,2.0,,1.0,1325.0,530.0,2.0,2.0,2.0,,,13738.4201,3447.599,4,1,1.0,1.0,0,0,21915,1,,,,2.0,,,3437.8848,6370.0,5540.0,-1,,,,,,,312113.0,2014,656,653,0,0,0,1,0,16.0,17.0,23.0,2014,4.0,1,8,2,201,2011,1,17,16980,0,1.0,1.0,,7,1,54,2.0,1,43,4,,1,1,1,2,210,210,210,4,0,12,2.0,1.0,,-4.0,6.0,32.0,,,6.0,,,4.0,1.0,0.0,1,2.0,2.0,2.0,,1153.84,2.0,2.0,2.0,,,11534.8561,2874.0162,4,1,0.0,,0,0,21963,1,,,,,,,2831.6353,6370.0,5550.0,-1,,,,,,,314377.0,2015,668,653,0,0,0,1,0,,17.0,23.0,2015,MIS4_to_MIS8,2014-2015,True,False,False,False,False,False,False,1
10710023345048,9,2.0,1,4,2,201,2011,1,1,,17,41180,119,2.0,1.0,,6,3,52,1.0,2,44,1,,2,1,2,1,2,57,57,57,1,0,0,1.0,1.0,,40.0,,40.0,,,,,,2.0,3.0,0.0,1,2.0,2.0,2.0,,1153.0,1.0,,2.0,,,11206.0427,2848.2019,0,0,1.0,,0,42,22147,2,,,,,,2.0,2828.9037,7860.0,2310.0,-1,,,,,,,312195.0,2014,656,653,0,0,0,0,0,18.0,8.0,40.0,2014,2.0,1,8,2,201,2011,1,17,41180,119,2.0,1.0,,6,3,53,1.0,2,44,1,,1,2,1,2,57,57,57,1,0,0,1.0,1.0,,40.0,,40.0,,,,,,2.0,3.0,0.0,1,2.0,,1.0,2700.0,810.0,1.0,,2.0,,,11147.8529,2786.1159,0,0,0.0,0.0,0,0,32220,2,,,,,,,2751.7532,7860.0,2310.0,-1,,,,,,,314450.0,2015,668,653,0,0,0,0,0,,8.0,40.0,2015,MIS4_to_MIS8,2014-2015,True,False,False,False,False,False,False,1
10710065564973,9,1.0,1,4,2,201,2011,1,1,,17,16980,97,2.0,1.0,,7,3,56,1.0,2,43,1,,2,1,2,1,2,57,57,57,1,0,0,2.0,1.0,,35.0,,35.0,,,,,,2.0,2.0,0.0,1,2.0,,1.0,2000.0,700.0,1.0,,,,,12040.6148,3111.1479,0,0,1.0,1.0,0,42,35846,2,,,,1.0,1.0,,3080.1359,7860.0,2330.0,-1,,,,,,,312198.0,2014,656,653,0,0,0,0,0,18.0,8.0,40.0,2014,1.0,1,8,2,201,2011,1,17,16980,97,2.0,1.0,,7,3,57,1.0,2,43,1,,1,2,1,2,57,57,57,1,0,0,2.0,1.0,,35.0,6.0,28.0,,,6.0,,,4.0,3.0,0.0,1,2.0,,1.0,2100.0,735.0,1.0,,,,,11314.0077,2756.7776,0,0,0.0,0.0,0,0,44391,2,,,,,,,2759.0477,7860.0,2000.0,-1,,,,,,,314455.0,2015,668,653,0,0,0,0,0,,6.0,40.0,2015,MIS4_to_MIS8,2014-2015,True,False,False,False,False,False,True,1
10711043274743,9,1.0,1,4,2,201,2011,1,1,,17,16980,0,2.0,1.0,,7,3,66,1.0,2,39,1,,2,1,2,1,2,57,57,57,1,0,0,2.0,5.0,,,,,,,,,,1.0,2.0,0.0,2,,,,,,,,,,,11179.567,2768.1244,0,0,,,0,0,21942,2,1.0,,,,,,2832.191,9370.0,5240.0,-1,,,,,,,312219.0,2014,656,653,0,0,0,0,0,12.0,17.0,51.0,2014,1.0,1,8,2,201,2011,1,17,16980,0,2.0,1.0,,7,3,67,1.0,2,39,1,,1,2,1,2,57,57,57,1,0,0,2.0,5.0,,,,,,,,,,1.0,,,2,,,,,,,,,,,10067.5999,2491.8118,0,0,,,0,0,42780,2,1.0,,,,,,2531.9372,,,-1,,,,,,,314495.0,2015,668,653,0,0,0,0,0,12.0,,,2015,MIS4_to_MIS8,2014-2015,False,False,False,True,True,True,True,1
61171008210380,9,3.0,1,4,2,201,2011,1,1,,17,37900,179,2.0,1.0,,3,1,37,2.0,2,42,1,,1,1,1,1,2,57,57,57,1,0,0,2.0,1.0,,40.0,,40.0,,,,,,2.0,2.0,0.0,1,2.0,1.0,1.0,1200.0,500.0,2.0,2.0,2.0,,,11288.7406,2802.1573,10,2,0.0,0.0,0,0,61876,1,,,3.0,,,,2804.9397,7860.0,2310.0,-1,,,,,,,312282.0,2014,656,653,0,0,1,1,0,14.0,8.0,40.0,2014,1.0,1,8,2,201,2011,1,17,37900,179,2.0,1.0,,3,1,38,2.0,2,39,1,,1,1,1,2,57,57,57,1,0,0,1.0,7.0,,,,,,,,,,1.0,,,2,,,,,,,,2.0,,,9973.1903,2719.106,10,2,,,0,0,51659,1,1.0,,,,,,2622.5582,,,-1,,,,,,,314526.0,2015,668,653,0,0,1,1,0,12.0,,,2015,MIS4_to_MIS8,2014-2015,False,False,False,True,False,True,True,1
88057888106731,9,2.0,1,4,2,201,2011,1,1,,17,16980,0,2.0,1.0,,7,1,41,2.0,1,40,1,,1,1,1,1,2,57,57,57,1,0,0,2.0,1.0,,56.0,,56.0,,,,,,2.0,3.0,0.0,1,1.0,2.0,2.0,,2884.61,1.0,,2.0,,,13870.3008,3494.2218,12,3,0.0,,0,0,57416,1,,,3.0,,,,3439.5463,9470.0,3740.0,-1,,,,,,,312311.0,2014,656,653,1,1,0,1,1,14.0,12.0,51.0,2014,1.0,1,8,2,201,2011,1,17,16980,0,2.0,1.0,,7,1,42,2.0,1,40,1,,1,1,1,2,57,57,57,1,0,0,1.0,1.0,,-4.0,,68.0,,,,,,2.0,3.0,0.0,1,2.0,2.0,2.0,,2884.61,1.0,,2.0,,,12404.2998,3093.6172,13,3,0.0,,0,0,59046,1,,,3.0,,,,3082.4967,9470.0,3740.0,3750,,,,,,,314552.0,2015,668,653,1,0,1,1,1,14.0,12.0,51.0,2015,MIS4_to_MIS8,2014-2015,True,False,False,False,False,False,False,1
102040718062794,9,1.0,7,4,2,201,2012,2,2,,17,41180,163,2.0,1.0,,6,2,60,,2,44,1,,1,0,0,7,2,57,57,57,1,0,0,1.0,1.0,,40.0,,40.0,,,,,,2.0,3.0,0.0,1,2.0,2.0,2.0,,833.33,2.0,1.0,,,,10817.4594,2707.2717,0,0,0.0,,0,0,18467,1,,,,,,3.0,2623.9741,7860.0,2010.0,-1,,,,,,,312322.0,2014,656,653,0,0,0,0,0,18.0,6.0,40.0,2014,1.0,7,8,2,201,2012,2,17,41180,163,2.0,1.0,,6,2,61,,2,44,1,,0,0,7,2,57,57,57,1,0,0,1.0,1.0,,40.0,,40.0,,,,,,2.0,2.0,0.0,1,2.0,2.0,2.0,,900.0,1.0,,,,,10315.3426,2677.4946,0,0,0.0,,0,0,34758,1,,,,,,,2635.7602,7860.0,2010.0,-1,,,,,,,314580.0,2015,668,653,0,0,0,0,0,,6.0,40.0,2015,MIS4_to_MIS8,2014-2015,True,False,False,False,False,False,True,1
109030919099714,9,2.0,1,4,2,201,2011,1,1,,17,16980,0,2.0,1.0,,7,4,26,,2,44,1,,3,1,3,7,2,57,57,57,1,0,0,2.0,1.0,,40.0,,40.0,,,,,,2.0,3.0,0.0,1,2.0,2.0,2.0,,980.76,1.0,,2.0,,,12159.6659,2978.9675,0,0,0.0,,0,0,22084,3,,,,,,2.0,2973.8524,7860.0,2330.0,-1,,,,,2.0,1.0,312355.0,2014,656,653,0,0,0,0,0,18.0,8.0,40.0,2014,2.0,1,8,2,201,2011,1,17,16980,0,2.0,1.0,,7,4,27,,2,44,1,,1,3,7,2,57,57,57,1,0,0,2.0,1.0,,40.0,6.0,32.0,,,6.0,,,4.0,3.0,0.0,1,2.0,2.0,2.0,,961.53,1.0,,2.0,,,12208.0331,2938.4282,0,0,0.0,,0,0,22153,3,,,,,,,2931.3812,7860.0,2330.0,-1,,,,,2.0,1.0,314628.0,2015,668,653,0,0,0,0,0,,8.0,40.0,2015,MIS4_to_MIS8,2014-2015,True,False,False,False,False,False,False,1
210009481406727,9,2.0,1,4,2,201,2011,1,1,,17,41180,163,2.0,1.0,,6,3,42,1.0,2,44,1,,2,1,2,1,2,57,57,57,1,0,0,2.0,1.0,,-4.0,,13.0,,,15.0,,,6.0,3.0,0.0,1,2.0,2.0,2.0,,40.0,2.0,1.0,2.0,,,11632.5019,2903.3826,0,0,0.0,,0,0,4654,2,,,,,,2.0,2890.3549,7860.0,2310.0,2310,,,,,,,312448.0,2014,656,653,0,0,0,0,0,18.0,8.0,40.0,2014,1.0,1,8,2,201,2011,1,17,41180,163,2.0,1.0,,6,3,44,1.0,2,44,1,,1,2,1,2,57,57,57,1,0,0,2.0,1.0,,20.0,,20.0,,,18.0,,,7.0,5.0,0.0,1,2.0,,1.0,1500.0,300.0,2.0,2.0,2.0,,,10759.7284,2669.0641,0,0,0.0,0.0,0,0,34760,2,,,,,,,2643.051,7860.0,2550.0,-1,,,,,,,314727.0,2015,668,653,0,0,0,0,0,,8.0,40.0,2015,MIS4_to_MIS8,2014-2015,False,True,False,False,False,True,True,1
210009601114427,9,1.0,4,4,2,201,2011,1,1,,17,16980,0,2.0,1.0,,7,1,57,,2,44,1,,1,1,1,5,2,57,57,57,1,0,0,1.0,1.0,,45.0,,45.0,,,,,,2.0,3.0,0.0,1,2.0,2.0,2.0,,1538.46,1.0,,,,,12040.6148,3111.1479,0,0,0.0,,0,0,35794,1,,,,,,1.0,3080.1359,7860.0,2330.0,-1,,,,,,,312449.0,2014,656,653,0,0,0,0,0,17.0,8.0,40.0,2014,1.0,4,8,2,201,2011,1,17,16980,0,2.0,1.0,,7,1,58,,2,44,1,,1,1,5,2,57,57,57,1,0,0,1.0,1.0,,50.0,6.0,32.0,,,6.0,,,4.0,2.0,0.0,1,2.0,2.0,2.0,,1634.61,1.0,,,,,11314.0077,2756.7776,0,0,0.0,,0,0,34687,1,,,,,,,2759.0477,7860.0,2330.0,-1,,,,,,,314729.0,2015,668,653,0,0,0,0,0,,8.0,40.0,2015,MIS4_to_MIS8,2014-2015,True,False,False,False,False,False,True,1
210009601114427,9,1.0,4,4,2,201,2011,1,1,,17,16980,0,2.0,1.0,,7,4,26,,2,44,1,,2,1,3,7,2,57,57,57,1,0,0,2.0,1.0,,35.0,,40.0,,,,,,2.0,3.0,0.0,1,2.0,2.0,2.0,,2884.61,2.0,2.0,1.0,1.0,2.0,12159.6659,2978.9675,0,0,0.0,,0,0,35794,2,,,,,,1.0,2973.8524,7860.0,1820.0,-1,,,,,1.0,,312450.0,2014,656,653,0,0,0,0,0,17.0,5.0,40.0,2014,1.0,4,8,2,201,2011,1,17,16980,0,2.0,1.0,,7,4,27,,2,44,1,,1,3,7,2,57,57,57,1,0,0,2.0,1.0,,50.0,,36.0,,,,,,2.0,3.0,0.0,1,2.0,2.0,2.0,,961.53,1.0,,2.0,,,12208.0331,2938.4282,0,0,0.0,,0,0,34687,2,,,,,,,2931.3812,7860.0,1820.0,-1,,,,,1.0,,314731.0,2015,668,653,0,0,0,0,0,,5.0,40.0,2015,MIS4_to_MIS8,2014-2015,True,False,False,False,False,False,False,1
271432160101309,9,2.0,1,4,2,201,2011,1,1,,17,16980,97,2.0,1.0,,7,3,48,1.0,2,44,1,,2,1,2,1,2,57,57,57,1,0,0,1.0,1.0,,40.0,,40.0,,,,,,2.0,2.0,0.0,1,2.0,2.0,2.0,,769.23,1.0,,2.0,,,11905.7605,3067.8254,10,2,0.0,,0,0,61856,2,,,,,,2.0,3005.5436,7860.0,2310.0,-1,,,,,,,312469.0,2014,656,653,0,0,1,1,0,18.0,8.0,40.0,2014,2.0,1,8,2,201,2011,1,17,16980,97,2.0,1.0,,7,3,49,1.0,2,44,1,,1,2,1,2,57,57,57,1,0,0,1.0,1.0,,40.0,4.0,32.0,,,4.0,,,4.0,3.0,0.0,1,2.0,,1.0,2900.0,1160.0,1.0,,2.0,,,11915.1832,2969.3096,4,2,0.0,0.0,0,0,51628,2,,,,,,,2941.1622,7860.0,2540.0,-1,,,,,,,314754.0,2015,668,653,0,0,0,1,0,,8.0,40.0,2015,MIS4_to_MIS8,2014-2015,True,False,False,False,False,False,True,1
321279003110837,9,2.0,1,4,2,201,2011,1,1,,17,16980,0,2.0,1.0,,7,3,62,1.0,2,44,1,,2,1,2,1,2,57,57,57,1,0,0,2.0,1.0,,16.0,,32.0,,,21.0,,,7.0,3.0,0.0,1,2.0,2.0,2.0,,200.0,2.0,2.0,,,,10972.4027,2746.0492,0,0,0.0,,0,0,18431,2,,,,,,2.0,2661.5585,7860.0,2310.0,-1,,,,,,,312522.0,2014,656,653,0,0,0,0,0,18.0,8.0,40.0,2014,1.0,1,8,2,201,2011,1,17,16980,0,2.0,1.0,,7,3,63,1.0,2,44,1,,1,2,1,2,57,57,57,1,0,0,2.0,1.0,,-4.0,6.0,16.0,,,6.0,,,4.0,3.0,0.0,1,2.0,2.0,2.0,,961.0,2.0,2.0,,,,8758.4645,2273.3846,0,0,1.0,,0,0,21965,2,,,,,,,2237.9491,7860.0,2310.0,-1,,,,,,,314780.0,2015,668,653,0,0,0,0,0,,8.0,40.0,2015,MIS4_to_MIS8,2014-2015,True,False,False,False,False,False,False,1
567100501880106,9,1.0,1,4,2,201,2011,1,1,,17,16980,0,2.0,1.0,,7,1,41,2.0,2,39,1,,1,1,1,1,2,57,57,57,1,0,0,1.0,1.0,,25.0,,28.0,,,18.0,,,7.0,3.0,0.0,1,2.0,,1.0,1697.0,424.25,2.0,2.0,2.0,,,11799.1194,2944.969,3,2,1.0,1.0,23,42,35923,1,1.0,,,,,,2931.7547,7860.0,4120.0,-1,,,,,,,312576.0,2014,656,653,0,0,1,0,0,12.0,13.0,40.0,2014,1.0,1,8,2,201,2011,1,17,16980,0,2.0,1.0,,7,1,42,2.0,2,39,1,,1,1,1,2,57,57,57,1,0,0,1.0,1.0,,36.0,6.0,25.0,,,6.0,,,4.0,4.0,0.0,1,2.0,,1.0,1030.0,370.8,2.0,2.0,2.0,,,10759.7284,2669.0641,10,2,0.0,0.0,0,0,34792,1,1.0,,,,,,2643.051,8680.0,4020.0,-1,,,,,,,314845.0,2015,668,653,0,0,1,1,0,12.0,13.0,46.0,2015,MIS4_to_MIS8,2014-2015,False,True,False,False,False,True,True,1
871496170004202,9,1.0,1,4,2,201,2011,1,1,,17,41180,163,2.0,1.0,,6,1,69,2.0,2,40,2,,1,1,1,1,2,57,57,57,1,0,0,1.0,4.0,,,,,,,,2.0,5.0,12.0,2.0,0.0,2,,,,,,,,,,,5149.5372,2172.6509,0,0,,,0,0,33520,1,,,2.0,,,,2194.5506,9470.0,5120.0,-1,,,,,,,312716.0,2014,656,653,0,0,0,0,0,13.0,17.0,51.0,2014,1.0,1,8,2,201,2011,1,17,41180,163,2.0,1.0,,6,1,70,2.0,2,40,2,,1,1,1,2,57,57,57,1,0,0,1.0,5.0,,,,,,,,,,1.0,,,2,,,,,,,,,,,13579.1729,3341.264,0,0,,,0,0,34759,1,,,3.0,,,,3368.3767,,,-1,,,,,,,315012.0,2015,668,653,0,0,0,0,0,14.0,,,2015,MIS4_to_MIS8,2014-2015,False,False,False,True,True,True,True,1
187170601260108,9,2.0,1,4,2,201,2011,1,1,,17,0,0,3.0,2.0,,0,1,52,2.0,1,41,1,,1,1,1,1,2,57,57,57,1,0,0,1.0,1.0,,38.0,,38.0,,,,,,2.0,2.0,0.0,1,2.0,2.0,2.0,,1884.61,1.0,,2.0,,,11103.5075,2826.5565,0,0,0.0,,0,0,4608,1,,,4.0,,,,2778.5276,9480.0,1010.0,4840,,,,,,,312811.0,2014,656,653,0,0,0,0,0,15.0,3.0,51.0,2014,2.0,1,8,2,201,2011,1,17,0,0,3.0,2.0,,0,1,53,2.0,1,42,1,,1,1,1,2,57,57,57,1,0,0,1.0,1.0,,38.0,,36.0,,,,,,2.0,2.0,0.0,1,2.0,1.0,1.0,5300.0,2038.46,1.0,,2.0,,,13207.7169,3273.647,0,0,0.0,0.0,0,0,5038,1,,,4.0,,,,3242.2977,9480.0,1010.0,4965,,,,,,,315090.0,2015,668,653,0,0,0,0,0,15.0,3.0,51.0,2015,MIS4_to_MIS8,2014-2015,True,False,False,False,False,False,False,1
167470801640103,9,1.0,1,4,2,201,2011,1,1,,17,16060,0,,1.0,,2,3,66,1.0,1,43,1,,2,1,2,1,2,57,57,57,1,0,0,2.0,4.0,,,,,,,,7.0,5.0,12.0,2.0,0.0,2,,,,,,,,,,,9645.8208,2624.4492,0,0,,,0,0,4662,2,,,,2.0,,,2649.3117,7870.0,800.0,-1,4.0,,,,,,312947.0,2014,656,653,0,0,0,0,0,16.0,2.0,40.0,2014,1.0,1,8,2,201,2011,1,17,16060,0,,1.0,,2,3,67,1.0,1,43,1,,1,2,1,2,57,57,57,1,0,0,2.0,5.0,,,,,,,,,,1.0,,,2,,,,,,,,,,,11390.3999,2775.9988,0,0,,,0,0,22278,2,,,,,,,2808.7895,,,-1,4.0,,,,,,315195.0,2015,668,653,0,0,0,0,0,,,,2015,MIS4_to_MIS8,2014-2015,False,False,False,True,True,True,True,1
577430401950104,9,1.0,1,4,2,201,2011,1,1,,17,44100,0,,1.0,,2,1,52,2.0,2,40,1,,1,1,1,1,2,57,57,57,1,0,0,1.0,1.0,,40.0,,40.0,,,,,,2.0,2.0,0.0,1,2.0,2.0,2.0,,961.0,2.0,2.0,2.0,,,8804.795,2237.8849,4,2,1.0,,0,0,18470,1,,,1.0,,,,2222.7219,7870.0,2540.0,-1,,,,,,,312976.0,2014,656,653,0,0,0,1,0,12.0,8.0,40.0,2014,2.0,1,8,2,201,2011,1,17,44100,0,,1.0,,2,1,54,2.0,2,40,1,,1,1,1,2,57,57,57,1,0,0,2.0,1.0,,37.0,13.0,30.0,,,13.0,,,4.0,3.0,0.0,1,2.0,,1.0,1100.0,407.0,2.0,2.0,2.0,,,11192.3295,2797.2317,4,2,1.0,1.0,0,42,44422,1,,,2.0,,,,2762.7318,7870.0,230.0,-1,,,,,,,315242.0,2015,668,653,0,0,0,1,0,13.0,1.0,40.0,2015,MIS4_to_MIS8,2014-2015,True,False,False,False,False,False,True,1
750340479541001,9,1.0,7,4,2,201,2011,1,1,,17,44100,0,,1.0,,2,2,50,,2,40,1,,1,0,0,7,2,57,57,57,1,0,0,1.0,1.0,,38.0,3.0,6.0,,,3.0,,,3.0,2.0,0.0,1,2.0,2.0,2.0,,777.23,2.0,2.0,2.0,,,8804.795,2237.8849,0,0,0.0,,0,0,18471,1,,,3.0,,,,2222.7219,9370.0,5400.0,-1,3.0,,,,,,312995.0,2014,656,653,0,0,0,0,0,14.0,17.0,51.0,2014,1.0,7,8,2,201,2011,1,17,44100,0,,1.0,,2,2,51,,2,40,1,,0,0,7,2,57,57,57,1,0,0,1.0,1.0,,40.0,,38.0,,,,,,2.0,2.0,0.0,1,1.0,,1.0,1155.0,513.99,1.0,,2.0,,,11192.3295,2797.2317,0,0,1.0,1.0,0,42,22243,1,,,4.0,,,,2762.7318,8370.0,5400.0,-1,3.0,,,,,,315273.0,2015,668,653,0,0,0,0,0,15.0,17.0,43.0,2015,MIS4_to_MIS8,2014-2015,True,False,False,False,False,False,False,1
105730115097788,10,1.0,1,4,2,201,2011,1,1,,17,16980,0,1.0,1.0,1.0,7,1,52,2.0,1,44,1,,1,1,1,1,2,57,57,57,1,0,0,1.0,1.0,,50.0,,50.0,,,,,,2.0,3.0,0.0,1,1.0,2.0,2.0,,1346.15,1.0,,2.0,,,13408.9591,3410.6907,10,3,0.0,,0,0,70500,1,,,,,,2.0,3418.9381,9470.0,3710.0,-1,,,,,,,350050.0,2014,657,654,0,0,1,1,0,18.0,12.0,51.0,2014,1.0,1,8,2,201,2011,1,17,16980,0,1.0,1.0,1.0,7,1,52,2.0,1,44,1,,1,1,1,2,57,57,57,1,0,0,1.0,1.0,,40.0,,40.0,,,,,,2.0,3.0,0.0,1,2.0,2.0,2.0,,1250.0,1.0,,2.0,,,11951.364,3043.8333,10,2,0.0,,0,0,51245,1,,,,,,,2997.5485,9470.0,3710.0,-1,,,,,,,351516.0,2015,669,654,0,0,1,1,0,,12.0,51.0,2015,MIS4_to_MIS8,2014-2015,True,False,False,False,False,False,False,1
749390133281001,10,1.0,1,4,2,201,2011,1,1,,17,16980,0,1.0,1.0,1.0,7,1,37,2.0,2,45,1,,1,1,1,1,2,57,57,57,1,0,0,1.0,1.0,,65.0,,63.0,,,,,,2.0,3.0,0.0,1,2.0,2.0,2.0,,2884.61,2.0,2.0,2.0,,,13243.1178,3224.0203,0,0,0.0,,0,0,5247,1,,,,,,,3270.7148,9370.0,5940.0,-1,,,,,,,350216.0,2014,657,654,0,0,0,0,0,18.0,17.0,51.0,2014,1.0,1,8,2,201,2011,1,17,16980,0,1.0,1.0,1.0,7,1,37,2.0,2,45,1,,1,1,1,2,57,57,57,1,0,0,1.0,1.0,,60.0,,65.0,,,,,,2.0,3.0,0.0,1,2.0,2.0,2.0,,2884.61,2.0,2.0,2.0,,,12230.6821,2972.9872,0,0,0.0,,0,0,4901,1,,,,,,,2997.5685,9370.0,10.0,-1,,,,,,,351696.0,2015,669,654,0,0,0,0,0,18.0,1.0,51.0,2015,MIS4_to_MIS8,2014-2015,True,False,False,False,False,False,False,1
764030996101101,10,1.0,1,4,2,201,2011,1,1,,17,16980,0,1.0,1.0,1.0,7,3,32,1.0,2,44,1,1.0,2,1,2,1,2,57,303,303,1,0,0,2.0,1.0,,30.0,,30.0,,,17.0,,,7.0,3.0,0.0,1,2.0,,1.0,3650.0,1095.0,2.0,2.0,2.0,,,11857.4758,2975.434,2,1,1.0,1.0,0,42,36611,2,,,,,,2.0,2932.735,7860.0,2310.0,-1,,,,,,,350225.0,2014,657,654,0,1,0,0,1,18.0,8.0,40.0,2014,1.0,1,8,2,201,2011,1,17,16980,0,1.0,1.0,1.0,7,3,32,1.0,2,44,1,1.0,1,2,1,2,57,303,303,1,0,0,2.0,2.0,4.0,20.0,,,,,,,,10.0,3.0,0.0,1,2.0,2.0,2.0,,200.0,2.0,2.0,2.0,,,11715.7325,3042.1543,2,1,0.0,,0,0,4906,2,,,,,,,2942.583,7860.0,2310.0,-1,,,,,,,351701.0,2015,669,654,0,1,0,0,1,,8.0,40.0,2015,MIS4_to_MIS8,2014-2015,True,False,False,False,False,False,False,1
808113572710688,10,1.0,1,4,2,201,2011,1,1,,17,16980,0,1.0,1.0,1.0,7,3,28,1.0,2,44,1,,2,1,2,1,2,57,57,57,1,0,0,2.0,1.0,,40.0,,40.0,,,,,,2.0,3.0,0.0,1,2.0,2.0,2.0,,961.53,1.0,,1.0,2.0,2.0,15504.3005,3779.6097,0,0,0.0,,0,0,9332,2,,,,,,2.0,3834.712,7860.0,2310.0,-1,,,,,,,350241.0,2014,657,654,0,0,0,0,0,18.0,8.0,40.0,2014,1.0,1,8,2,201,2011,1,17,16980,0,1.0,1.0,1.0,7,3,29,1.0,2,44,1,,1,2,1,2,57,57,57,1,0,0,2.0,1.0,,45.0,,36.0,,,,,,2.0,3.0,0.0,1,2.0,2.0,2.0,,1211.53,1.0,,1.0,1.0,2.0,13262.3139,3350.1267,0,0,0.0,,0,0,4904,2,,,,,,,3331.0303,7860.0,2310.0,-1,,,,,,,351711.0,2015,669,654,0,0,0,0,0,,8.0,40.0,2015,MIS4_to_MIS8,2014-2015,True,False,False,False,False,False,False,1
50077324100551,10,1.0,1,4,2,201,2011,1,1,,17,16980,0,2.0,1.0,,7,1,51,2.0,1,40,1,,1,1,1,1,2,57,57,57,1,0,0,1.0,1.0,,45.0,,45.0,,,,,,2.0,3.0,0.0,1,1.0,,1.0,2756.0,1302.4,1.0,,2.0,,,13134.2409,3340.8136,4,1,0.0,0.0,0,0,9494,1,,,4.0,,,,3348.8921,680.0,8620.0,-1,,,,,,,350348.0,2014,657,654,0,0,0,1,0,15.0,21.0,24.0,2014,1.0,1,8,2,201,2011,1,17,16980,0,2.0,1.0,,7,1,52,2.0,1,40,1,,1,1,1,2,57,57,57,1,0,0,1.0,1.0,,40.0,,50.0,,,,,,2.0,3.0,0.0,1,1.0,,1.0,2857.0,1271.8,1.0,,2.0,,,11825.7035,3011.8294,4,1,0.0,0.0,0,0,58741,1,,,4.0,,,,2966.0314,680.0,8620.0,-1,,,,,,,351838.0,2015,669,654,0,0,0,1,0,15.0,21.0,24.0,2015,MIS4_to_MIS8,2014-2015,True,False,False,False,False,False,False,1
50077324100551,10,1.0,1,4,2,201,2011,1,1,,17,16980,0,2.0,1.0,,7,3,52,1.0,2,40,1,,2,1,2,1,2,57,57,57,1,0,0,2.0,1.0,,44.0,,36.0,,,,,,2.0,1.0,0.0,1,1.0,2.0,2.0,,1173.07,1.0,,2.0,,,12430.7544,3128.811,4,1,0.0,,0,0,9494,2,,,2.0,,,,3131.8919,6370.0,5000.0,-1,,,,,,,350349.0,2014,657,654,0,0,0,1,0,13.0,17.0,23.0,2014,1.0,1,8,2,201,2011,1,17,16980,0,2.0,1.0,,7,3,53,1.0,2,40,1,,1,2,1,2,57,57,57,1,0,0,2.0,1.0,,40.0,5.0,32.0,,,5.0,,,4.0,1.0,0.0,1,2.0,,1.0,2600.0,1040.0,1.0,,2.0,,,12706.2297,3237.3013,4,1,0.0,0.0,0,0,58741,2,,,1.0,,,,3185.2787,6370.0,5000.0,-1,,,,,,,351839.0,2015,669,654,0,0,0,1,0,12.0,17.0,23.0,2015,MIS4_to_MIS8,2014-2015,True,False,False,False,False,False,False,1
109040612023739,10,1.0,1,4,2,201,2011,1,1,,17,16980,97,2.0,1.0,,7,1,42,2.0,2,44,1,,1,1,1,1,2,57,57,57,1,0,0,1.0,1.0,,40.0,,40.0,,,,,,2.0,3.0,0.0,1,2.0,2.0,2.0,,1846.0,1.0,,2.0,,,13567.7049,3323.1264,3,1,1.0,,0,42,61769,1,,,,,,3.0,3350.8796,7860.0,2310.0,-1,,,,,,,350409.0,2014,657,654,0,0,1,0,0,18.0,8.0,40.0,2014,1.0,1,8,2,201,2011,1,17,16980,97,2.0,1.0,,7,1,43,2.0,2,44,1,,1,1,1,2,57,57,57,1,0,0,1.0,1.0,,40.0,6.0,32.0,,,6.0,,,4.0,3.0,0.0,1,2.0,2.0,2.0,,1923.0,1.0,,2.0,,,12269.9856,3031.5491,3,1,1.0,,0,42,51363,1,,,,,,,3007.2013,7860.0,2310.0,-1,,,,,,,351919.0,2015,669,654,0,0,1,0,0,,8.0,40.0,2015,MIS4_to_MIS8,2014-2015,True,False,False,False,False,False,False,1
149311070065707,10,1.0,1,4,2,201,2011,1,1,,17,16980,0,2.0,1.0,,7,1,48,2.0,2,44,1,,1,1,1,1,2,57,57,57,1,0,0,1.0,1.0,,40.0,,40.0,,,,,,2.0,3.0,0.0,1,2.0,2.0,2.0,,1019.23,1.0,,2.0,,,11990.1133,3011.9273,3,3,0.0,,0,0,46519,1,,,,,,2.0,3020.8736,7860.0,2310.0,-1,,,,,,,350438.0,2014,657,654,0,0,1,0,0,18.0,8.0,40.0,2014,1.0,1,8,2,201,2011,1,17,16980,0,2.0,1.0,,7,1,49,2.0,2,44,1,,1,1,1,2,57,57,57,1,0,0,1.0,1.0,,40.0,6.0,32.0,,,6.0,,,4.0,3.0,0.0,1,2.0,2.0,2.0,,865.38,1.0,,2.0,,,11895.071,3012.647,10,3,0.0,,0,0,21051,1,,,,,,,2981.9323,7860.0,2310.0,-1,,,,,,,351952.0,2015,669,654,0,0,1,1,0,,8.0,40.0,2015,MIS4_to_MIS8,2014-2015,True,False,False,False,False,False,False,1
149311070065707,10,1.0,1,4,2,201,2011,1,1,,17,16980,0,2.0,1.0,,7,3,44,1.0,1,42,1,,2,1,2,1,2,57,57,57,1,0,0,2.0,1.0,,50.0,,50.0,,,,,,2.0,1.0,0.0,1,2.0,,1.0,2000.0,1000.0,1.0,,2.0,,,11917.9709,3057.5547,3,3,0.0,0.0,0,0,46519,2,,,3.0,,,,3056.2951,6370.0,9130.0,-1,,,,,,,350439.0,2014,657,654,0,0,1,0,0,14.0,22.0,23.0,2014,1.0,1,8,2,201,2011,1,17,16980,0,2.0,1.0,,7,3,45,1.0,1,42,1,,1,2,1,2,57,57,57,1,0,0,2.0,1.0,,48.0,,48.0,,,,,,2.0,1.0,0.0,1,1.0,1.0,1.0,3500.0,1250.0,1.0,,2.0,,,12346.5288,3082.1904,10,3,0.0,1.0,0,0,21051,2,,,3.0,,,,3096.6607,6370.0,9130.0,-1,,,,,,,351953.0,2015,669,654,0,0,1,1,0,14.0,22.0,23.0,2015,MIS4_to_MIS8,2014-2015,True,False,False,False,False,False,False,1
157541070032500,10,2.0,1,4,2,201,2011,1,1,,17,16980,0,2.0,1.0,,7,1,51,2.0,1,43,1,,1,1,1,1,2,57,57,57,1,0,0,2.0,1.0,,40.0,6.0,32.0,,,6.0,,,4.0,1.0,0.0,1,2.0,2.0,2.0,,2769.0,2.0,2.0,2.0,,,13134.2409,3340.8136,10,3,1.0,,0,0,36802,1,,,,2.0,,,3348.8921,9570.0,800.0,-1,,,,,,,350445.0,2014,657,654,0,0,1,1,0,16.0,2.0,51.0,2014,2.0,1,8,2,201,2011,1,17,16980,0,2.0,1.0,,7,1,53,2.0,1,43,1,,1,1,1,2,57,57,57,1,0,0,2.0,1.0,,40.0,6.0,24.0,,,6.0,,,4.0,1.0,0.0,1,2.0,2.0,2.0,,1923.07,2.0,2.0,2.0,,,11825.7035,3011.8294,10,3,0.0,,0,0,21183,1,,,,,,,2966.0314,9570.0,800.0,-1,,,,,,,351965.0,2015,669,654,0,0,1,1,0,,2.0,51.0,2015,MIS4_to_MIS8,2014-2015,True,False,False,False,False,False,False,1
301370009310790,10,2.0,3,4,2,201,2011,1,1,,17,16980,111,2.0,1.0,,7,1,46,,1,42,1,,1,1,1,5,2,57,57,57,1,0,0,2.0,1.0,,40.0,,36.0,,,,,,2.0,3.0,0.0,1,2.0,2.0,2.0,,884.61,1.0,,2.0,,,13583.1074,3408.8811,10,2,0.0,,0,0,19819,1,,,2.0,,,,3463.3415,770.0,6200.0,-1,,,,,,,350526.0,2014,657,654,0,0,1,1,0,13.0,19.0,4.0,2014,2.0,3,8,2,201,2011,1,17,16980,111,2.0,1.0,,7,1,47,,1,42,1,,1,1,5,2,57,57,57,1,0,0,2.0,1.0,,40.0,,40.0,,,,,,2.0,3.0,0.0,1,1.0,1.0,1.0,2600.0,884.61,1.0,,2.0,,,12346.5288,3082.1904,4,2,0.0,0.0,0,0,32488,1,,,3.0,,,,3096.6607,6290.0,9620.0,-1,,,,,,,352039.0,2015,669,654,0,0,0,1,0,14.0,22.0,23.0,2015,MIS4_to_MIS8,2014-2015,True,False,False,False,False,False,False,1
310007191263637,10,1.0,4,4,2,201,2011,1,1,,17,16980,0,2.0,1.0,,7,7,67,,2,43,1,,2,1,4,7,2,149,102,166,4,0,2,2.0,1.0,,40.0,,40.0,,,,,,2.0,1.0,0.0,1,2.0,2.0,2.0,,961.0,2.0,2.0,,,,11330.0296,2724.5,0,0,1.0,,0,42,23307,2,,,,1.0,1.0,,2655.0604,9480.0,3255.0,-1,,,,,,,350542.0,2014,657,654,0,0,0,0,0,18.0,10.0,51.0,2014,1.0,4,8,2,201,2011,1,17,16980,0,2.0,1.0,,7,7,68,,2,43,1,,1,4,7,2,149,102,166,4,0,2,2.0,5.0,,,,,,,,,,1.0,,,2,,,,,,,,,,,11452.3298,2849.2817,0,0,,,0,0,67504,2,,,,,,,2891.6089,,,-1,,,,,,,352049.0,2015,669,654,0,0,0,0,0,,,,2015,MIS4_to_MIS8,2014-2015,False,False,False,True,True,True,True,1
577250101480101,10,1.0,1,4,2,201,2011,1,1,,17,16980,97,2.0,1.0,,7,1,46,2.0,2,44,1,,1,1,1,1,2,57,57,57,1,0,0,1.0,1.0,,40.0,6.0,32.0,,,6.0,,,4.0,2.0,0.0,1,2.0,2.0,2.0,,1846.15,1.0,,2.0,,,11990.1133,3011.9273,10,2,0.0,,0,0,61768,1,,,,,,2.0,3020.8736,7860.0,2310.0,-1,,,,,,,350639.0,2014,657,654,0,0,1,1,0,18.0,8.0,40.0,2014,1.0,1,8,2,201,2011,1,17,16980,97,2.0,1.0,,7,1,47,2.0,2,44,1,,1,1,1,2,57,57,57,1,0,0,1.0,1.0,,40.0,6.0,32.0,,,6.0,,,4.0,3.0,0.0,1,2.0,2.0,2.0,,1923.07,1.0,,2.0,,,11895.071,3012.647,4,2,0.0,,0,0,58715,1,,,,,,,2981.9323,7860.0,2310.0,-1,,,,,,,352115.0,2015,669,654,0,0,0,1,0,,8.0,40.0,2015,MIS4_to_MIS8,2014-2015,True,False,False,False,False,False,True,1
764430773421001,10,1.0,1,4,2,201,2011,1,1,,17,16980,0,2.0,1.0,,7,1,54,2.0,2,44,1,,1,1,1,1,2,57,57,57,1,0,0,1.0,1.0,,40.0,6.0,32.0,,,6.0,,,4.0,3.0,0.0,1,2.0,,1.0,2400.0,960.0,1.0,,2.0,,,12430.7544,3128.811,0,0,1.0,1.0,0,42,54141,1,,,,,,2.0,3131.8919,7860.0,2330.0,-1,,,,,,,350740.0,2014,657,654,0,0,0,0,0,18.0,8.0,40.0,2014,2.0,1,8,2,201,2011,1,17,16980,0,2.0,1.0,,7,1,55,2.0,2,44,1,,1,1,1,2,57,57,57,1,0,0,2.0,1.0,,40.0,,40.0,,,,,,2.0,3.0,0.0,1,2.0,2.0,2.0,,1057.0,1.0,,,,,13375.1502,3363.69,0,0,1.0,,0,42,44012,1,,,,,,,3335.8957,7860.0,2330.0,-1,,,,,,,352229.0,2015,669,654,0,0,0,0,0,,8.0,40.0,2015,MIS4_to_MIS8,2014-2015,True,False,False,False,False,False,False,1
785380644581001,10,1.0,1,4,2,201,2011,1,1,,17,16980,0,2.0,1.0,,7,1,32,2.0,1,43,1,,1,1,1,1,2,57,57,57,1,0,0,1.0,1.0,,-4.0,,80.0,,,,,,2.0,3.0,0.0,1,1.0,2.0,1.0,495.0,268.0,2.0,1.0,2.0,,,11235.7997,2814.3459,0,0,1.0,1.0,0,42,9322,1,,,,2.0,,,2819.7545,9470.0,3740.0,6260,,,,,,,350755.0,2014,657,654,0,0,0,0,0,16.0,12.0,51.0,2014,1.0,1,8,2,201,2011,1,17,16980,0,2.0,1.0,,7,1,32,2.0,1,43,1,,1,1,1,2,57,57,57,1,0,0,1.0,1.0,,-4.0,,80.0,,,,,,2.0,3.0,0.0,1,1.0,2.0,1.0,900.0,387.0,2.0,2.0,2.0,,,11824.8492,3026.0458,0,0,1.0,1.0,0,42,8827,1,,,,,,,3041.1266,9470.0,3740.0,6260,,,,,,,352248.0,2015,669,654,0,0,0,0,0,,12.0,51.0,2015,MIS4_to_MIS8,2014-2015,True,False,False,False,False,False,False,1
22057396100871,10,1.0,1,4,2,201,2011,1,1,,17,16060,0,,1.0,,2,3,36,1.0,1,43,1,,2,1,2,1,2,57,57,57,1,0,0,2.0,1.0,,45.0,,47.0,,,,,,2.0,3.0,0.0,1,1.0,,1.0,2300.0,977.5,1.0,,2.0,,,11071.639,2819.787,10,2,0.0,0.0,0,0,36813,2,,,,2.0,,,2839.2582,9470.0,3850.0,-1,,,,,,,350951.0,2014,657,654,0,0,1,1,0,16.0,12.0,51.0,2014,1.0,1,8,2,201,2011,1,17,16060,0,,1.0,,2,3,37,1.0,1,43,1,,1,2,1,2,57,57,57,1,0,0,2.0,1.0,,40.0,6.0,32.0,,,6.0,,,4.0,3.0,0.0,1,2.0,,1.0,2450.0,980.0,1.0,,2.0,,,11743.727,2993.6811,10,2,0.0,0.0,0,0,34721,2,,,,,,,2966.243,9470.0,3850.0,-1,,,,,,,352392.0,2015,669,654,0,0,1,1,0,,12.0,51.0,2015,MIS4_to_MIS8,2014-2015,True,False,False,False,False,False,False,1
22057396100871,10,1.0,1,4,2,201,2011,1,1,,17,16060,0,,1.0,,2,4,18,,1,37,1,,4,1,3,7,2,57,57,57,1,0,0,2.0,7.0,,,,,,,,,,1.0,3.0,0.0,2,,,,,,,,1.0,1.0,1.0,12352.333,3003.0705,0,0,,,0,0,36813,4,,,,,,,2992.291,7860.0,4220.0,-1,,,,,1.0,2.0,350954.0,2014,657,654,0,0,0,0,0,11.0,14.0,40.0,2014,1.0,1,8,2,201,2011,1,17,16060,0,,1.0,,2,4,19,,1,40,1,,1,3,7,2,57,57,57,1,0,0,2.0,1.0,,20.0,,20.0,,,20.0,,,7.0,4.0,0.0,1,2.0,2.0,2.0,,28.84,2.0,2.0,1.0,1.0,2.0,12174.3845,3105.6818,0,0,0.0,,0,0,34721,4,,,1.0,,,,3152.4143,8680.0,4110.0,-1,,,,,1.0,2.0,352395.0,2015,669,654,0,0,0,0,0,12.0,13.0,46.0,2015,MIS4_to_MIS8,2014-2015,False,True,False,False,False,True,True,1
201577008410340,10,1.0,6,4,2,201,2011,1,1,,17,14010,0,,1.0,,2,2,31,,1,44,1,,1,0,0,7,2,57,57,57,1,0,0,1.0,1.0,,55.0,,55.0,,,,,,2.0,2.0,0.0,1,2.0,2.0,2.0,,1384.0,1.0,,2.0,,,10471.9745,2623.0228,0,0,1.0,,0,42,54192,1,,,,,,2.0,2628.0637,7860.0,2320.0,-1,,,,,,,350990.0,2014,657,654,0,0,0,0,0,18.0,8.0,40.0,2014,1.0,6,8,2,201,2011,1,17,14010,0,,1.0,,2,2,32,,1,44,1,,0,0,7,2,57,57,57,1,0,0,1.0,1.0,,50.0,,65.0,,,,,,2.0,2.0,0.0,1,2.0,2.0,2.0,,1038.0,1.0,,2.0,,,11742.3549,3004.9351,0,0,1.0,,0,0,54841,1,,,,,,,3019.9107,7860.0,2310.0,-1,,,,,,,352422.0,2015,669,654,0,0,0,0,0,,8.0,40.0,2015,MIS4_to_MIS8,2014-2015,True,False,False,False,False,False,False,1
831374001910930,10,1.0,7,4,2,201,2011,1,1,,17,44100,0,,1.0,,2,2,51,,2,44,1,,1,0,0,7,2,57,57,57,1,0,0,1.0,1.0,,40.0,,40.0,,,,,,2.0,2.0,0.0,1,1.0,1.0,1.0,2471.0,2884.61,1.0,,2.0,,,9518.4866,2395.7955,0,0,1.0,1.0,0,0,36787,1,,,,,,2.0,2398.1546,7860.0,230.0,-1,,,,,,,351057.0,2014,657,654,0,0,0,0,0,18.0,1.0,40.0,2014,1.0,7,8,2,201,2011,1,17,44100,0,,1.0,,2,2,52,,2,44,1,,0,0,7,2,57,57,57,1,0,0,1.0,1.0,,40.0,,40.0,,,,,,2.0,4.0,0.0,1,2.0,2.0,2.0,,1923.0,2.0,2.0,2.0,,,12617.5867,3214.7168,0,0,1.0,,0,0,58735,1,,,,,,,3163.0571,7860.0,2310.0,-1,,,,,,,352488.0,2015,669,654,0,0,0,0,0,,8.0,40.0,2015,MIS4_to_MIS8,2014-2015,False,True,False,False,False,True,True,1
10710177065869,11,2.0,1,4,2,301,3011,1,1,,17,16980,0,1.0,1.0,2.0,7,3,47,1.0,2,44,1,,2,1,2,1,2,57,57,57,1,0,0,1.0,1.0,,40.0,6.0,32.0,,,6.0,,,4.0,2.0,0.0,1,2.0,2.0,2.0,,1500.0,1.0,,2.0,,,14462.2024,3524.6019,3,1,0.0,,0,0,37351,2,,,,,,2.0,3539.248,8370.0,2010.0,-1,,,,,,,388506.0,2014,658,655,0,0,1,0,0,18.0,6.0,43.0,2014,2.0,1,8,2,301,3011,1,17,16980,0,1.0,1.0,2.0,7,3,48,1.0,2,44,1,,1,2,1,2,57,57,57,1,0,0,1.0,1.0,,40.0,13.0,32.0,,,13.0,,,4.0,4.0,0.0,1,2.0,2.0,2.0,,1961.53,2.0,2.0,2.0,,,13264.3888,3214.7332,3,1,0.0,,0,0,45355,2,,,,,,,3226.3537,8370.0,2010.0,-1,,,,,,,388973.0,2015,670,655,0,0,1,0,0,,6.0,43.0,2015,MIS4_to_MIS8,2014-2015,False,True,False,False,False,True,True,1
10712743274753,11,2.0,1,4,2,301,3011,1,1,,17,16980,0,1.0,1.0,1.0,7,1,46,2.0,1,43,2,,1,1,1,1,2,57,57,57,1,0,0,2.0,1.0,,-4.0,,40.0,,,,,,2.0,2.0,0.0,1,2.0,2.0,1.0,593.0,237.2,1.0,,2.0,,,22070.1923,5486.2825,7,2,1.0,1.0,23,42,37194,1,,,,2.0,,,5558.0636,7870.0,7340.0,-1,,,,,,,388514.0,2014,658,655,1,0,0,1,1,16.0,20.0,40.0,2014,1.0,1,8,2,301,3011,1,17,16980,0,1.0,1.0,1.0,7,1,47,2.0,1,43,2,,1,1,1,2,57,57,57,1,0,0,1.0,1.0,,40.0,,40.0,,,,,,2.0,4.0,0.0,1,2.0,,1.0,1900.0,760.0,2.0,2.0,2.0,,,16454.3522,3983.0212,2,1,1.0,1.0,0,42,63507,1,,,,,,,4016.9503,6890.0,5120.0,-1,,,,,,,388988.0,2015,670,655,0,1,0,0,1,,17.0,32.0,2015,MIS4_to_MIS8,2014-2015,False,True,False,False,False,True,True,1
10712743274753,11,2.0,1,4,2,301,3011,1,1,,17,16980,0,1.0,1.0,1.0,7,3,41,1.0,2,43,2,,2,1,2,1,2,57,57,57,1,0,0,1.0,1.0,,-4.0,,40.0,,,,,,2.0,3.0,0.0,1,2.0,2.0,2.0,,1019.0,2.0,2.0,2.0,,,16655.7956,4474.4448,7,2,1.0,,23,42,37194,2,,,,2.0,,,4335.6448,8370.0,2010.0,-1,,,,,,,388515.0,2014,658,655,1,0,0,1,1,16.0,6.0,43.0,2014,1.0,1,8,2,301,3011,1,17,16980,0,1.0,1.0,1.0,7,3,42,1.0,2,43,2,,1,2,1,2,57,57,57,1,0,0,2.0,1.0,,40.0,,40.0,,,,,,2.0,4.0,0.0,1,2.0,2.0,2.0,,2884.0,2.0,2.0,2.0,,,18018.691,4600.4356,2,1,1.0,,0,42,63507,2,,,,,,,4542.3527,7870.0,3255.0,-1,,,,,,,388989.0,2015,670,655,0,1,0,0,1,,10.0,40.0,2015,MIS4_to_MIS8,2014-2015,False,True,False,False,False,True,True,1
107113554710798,11,1.0,1,4,2,301,3011,1,1,,17,16980,0,1.0,1.0,1.0,7,1,33,2.0,1,44,1,,1,1,1,1,2,57,57,57,1,0,0,1.0,1.0,,60.0,,52.0,,,,,,2.0,3.0,0.0,1,2.0,2.0,2.0,,1057.69,1.0,,2.0,,,13729.1551,3401.1937,0,0,0.0,,0,0,20958,1,,,,,,2.0,3399.445,7860.0,2330.0,-1,,,,,,,388541.0,2014,658,655,0,0,0,0,0,18.0,8.0,40.0,2014,1.0,1,8,2,301,3011,1,17,16980,0,1.0,1.0,1.0,7,1,34,2.0,1,44,1,,1,1,1,2,57,57,57,1,0,0,1.0,1.0,,50.0,,50.0,,,,,,2.0,3.0,0.0,1,2.0,2.0,2.0,,1423.0,1.0,,2.0,,,13797.1631,3306.742,0,0,1.0,,0,0,48827,1,,,,,,,3367.976,7860.0,2330.0,-1,,,,,,,389039.0,2015,670,655,0,0,0,0,0,,8.0,40.0,2015,MIS4_to_MIS8,2014-2015,True,False,False,False,False,False,False,1
107160715089706,11,2.0,1,4,2,301,3011,1,1,,17,16980,0,1.0,1.0,2.0,7,4,19,,1,40,1,,3,1,3,7,2,57,57,57,1,0,0,2.0,1.0,,15.0,,15.0,,,20.0,,,7.0,2.0,0.0,1,2.0,,1.0,800.0,120.0,2.0,2.0,1.0,1.0,2.0,13627.7004,3525.0036,0,0,0.0,0.0,0,0,24893,3,,,2.0,,,,3513.7837,7860.0,4250.0,-1,,,,,2.0,1.0,388548.0,2014,658,655,0,0,0,0,0,13.0,14.0,40.0,2014,2.0,1,8,2,301,3011,1,17,16980,0,1.0,1.0,2.0,7,4,20,,1,40,1,,1,3,7,2,57,57,57,1,0,0,2.0,1.0,,10.0,,10.0,,,20.0,,,7.0,2.0,0.0,1,2.0,,1.0,935.0,93.5,2.0,2.0,1.0,1.0,2.0,14062.9156,3504.0611,0,0,0.0,0.0,0,0,23475,3,,,3.0,,,,3577.7847,7870.0,4250.0,-1,,,,,2.0,1.0,389047.0,2015,670,655,0,0,0,0,0,14.0,14.0,40.0,2015,MIS4_to_MIS8,2014-2015,True,False,False,False,False,False,False,1
113010619033777,11,2.0,1,4,2,301,3011,1,1,,17,16980,0,1.0,1.0,1.0,7,3,59,1.0,2,40,1,,2,1,2,1,2,57,57,57,1,0,0,1.0,1.0,,40.0,,40.0,,,,,,2.0,1.0,0.0,1,2.0,2.0,2.0,,1153.84,1.0,,,,,14285.6939,3411.2743,0,0,0.0,,0,0,37134,2,,,3.0,,,,3474.5859,9590.0,3850.0,-1,,,,,,,388551.0,2014,658,655,0,0,0,0,0,14.0,12.0,51.0,2014,1.0,1,8,2,301,3011,1,17,16980,0,1.0,1.0,1.0,7,3,60,1.0,2,39,1,,1,2,1,2,57,57,57,1,0,0,2.0,1.0,,40.0,,40.0,,,,,,2.0,3.0,0.0,1,2.0,1.0,1.0,4400.0,1769.23,1.0,,,,,12417.16,2931.6681,0,0,0.0,0.0,0,0,5307,2,1.0,,,,,,2896.5258,9470.0,3850.0,-1,,,,,,,389059.0,2015,670,655,0,0,0,0,0,12.0,12.0,51.0,2015,MIS4_to_MIS8,2014-2015,True,False,False,False,False,False,True,1
131691070090990,11,1.0,1,4,2,301,3011,1,1,,17,16980,0,1.0,1.0,,7,3,56,1.0,1,41,1,,2,1,2,1,2,57,57,57,1,0,0,2.0,1.0,,60.0,,60.0,,,,,,2.0,2.0,0.0,1,2.0,2.0,2.0,,875.0,2.0,2.0,,,,11456.612,2827.7423,0,0,0.0,,0,0,37131,2,,,3.0,,,,2836.5028,9370.0,5000.0,-1,,,,,,,388565.0,2014,658,655,0,0,0,0,0,14.0,17.0,51.0,2014,1.0,1,8,2,301,3011,1,17,16980,0,1.0,1.0,,7,3,57,1.0,1,41,1,,1,2,1,2,57,57,57,1,0,0,2.0,1.0,,50.0,,50.0,,,,,,2.0,2.0,0.0,1,2.0,2.0,2.0,,576.92,2.0,2.0,,,,11288.4779,2682.7241,0,0,0.0,,0,0,48808,2,,,3.0,,,,2746.8476,9370.0,5700.0,-1,,,,,,,389073.0,2015,670,655,0,0,0,0,0,14.0,17.0,51.0,2015,MIS4_to_MIS8,2014-2015,True,False,False,False,False,False,False,1
171909100509623,11,1.0,7,4,2,301,3011,1,1,,17,16980,0,1.0,1.0,1.0,7,2,56,,2,43,2,,1,0,0,7,2,57,57,57,1,0,0,1.0,1.0,,40.0,,40.0,,,,,,2.0,2.0,0.0,1,2.0,2.0,2.0,,865.0,2.0,2.0,,,,14943.5371,3489.2027,0,0,1.0,,0,42,56901,1,,,,1.0,1.0,,3544.8472,8470.0,4600.0,-1,,,,,,,388586.0,2014,658,655,0,0,0,0,0,18.0,15.0,43.0,2014,1.0,7,8,2,301,3011,1,17,16980,0,1.0,1.0,1.0,7,2,57,,2,43,2,,0,0,7,2,57,57,57,1,0,0,1.0,4.0,,,,,,,,60.0,5.0,11.0,2.0,0.0,2,,,,,,,,,,,20121.1957,4003.6711,0,0,,,0,0,23218,1,,,,,,,3854.3672,8170.0,3600.0,-1,,,,,,,389112.0,2015,670,655,0,0,0,0,0,,11.0,42.0,2015,MIS4_to_MIS8,2014-2015,True,False,False,False,False,False,False,1
198211070046228,11,2.0,1,4,2,301,3011,1,1,,17,16980,0,1.0,1.0,3.0,7,3,37,1.0,1,39,1,,2,1,2,1,2,57,57,57,1,0,0,1.0,1.0,,40.0,6.0,32.0,,,6.0,,,4.0,3.0,0.0,1,2.0,,1.0,2700.0,1080.0,1.0,,2.0,,,13022.0949,3180.9479,10,2,1.0,1.0,0,42,24897,2,1.0,,,,,,3234.3412,8570.0,4710.0,-1,,,,,,,388609.0,2014,658,655,0,0,1,1,0,12.0,16.0,44.0,2014,2.0,1,8,2,301,3011,1,17,16980,0,1.0,1.0,3.0,7,3,38,1.0,1,39,1,,1,2,1,2,57,57,57,1,0,0,1.0,1.0,,40.0,6.0,32.0,,,6.0,,,4.0,3.0,0.0,1,2.0,2.0,2.0,,1057.69,1.0,,2.0,,,11973.3942,2943.1185,10,2,0.0,,0,0,23481,2,1.0,,,,,,2978.0777,8570.0,4710.0,-1,,,,,,,389140.0,2015,670,655,0,0,1,1,0,12.0,16.0,44.0,2015,MIS4_to_MIS8,2014-2015,True,False,False,False,False,False,False,1
910000651618777,11,1.0,4,4,2,301,3011,1,1,,17,16980,0,1.0,1.0,2.0,7,1,61,,2,43,1,,1,1,1,4,2,57,57,57,1,0,0,1.0,1.0,,-4.0,6.0,32.0,,,6.0,,,4.0,3.0,0.0,1,2.0,2.0,2.0,,1405.0,2.0,2.0,,,,13942.7817,3565.0592,0,0,1.0,,0,0,10145,1,,,,1.0,2.0,,3491.9871,7860.0,2310.0,-1,,,,,,,388759.0,2014,658,655,0,0,0,0,0,17.0,8.0,40.0,2014,1.0,4,8,2,301,3011,1,17,16980,0,1.0,1.0,2.0,7,1,62,,2,43,1,,1,1,4,2,57,57,57,1,0,0,1.0,1.0,,-4.0,1.0,10.0,,,1.0,,,3.0,3.0,0.0,1,2.0,2.0,2.0,,300.0,2.0,2.0,,,,12417.16,2931.6681,0,0,0.0,,0,0,9594,1,,,,,,,2896.5258,7860.0,2310.0,-1,,,,,,,389309.0,2015,670,655,0,0,0,0,0,,8.0,40.0,2015,MIS4_to_MIS8,2014-2015,True,False,False,False,False,False,False,1
971173160607323,11,1.0,1,4,2,301,3011,1,1,,17,16980,0,1.0,1.0,1.0,7,3,42,1.0,2,43,2,,2,1,2,1,2,57,57,57,1,0,0,2.0,1.0,,40.0,,40.0,,,,,,2.0,3.0,0.0,1,2.0,2.0,2.0,,961.0,2.0,2.0,2.0,,,16655.7956,4474.4448,3,1,1.0,,0,42,71429,2,,,,2.0,,,4335.6448,8370.0,2010.0,-1,,,,,,,388800.0,2014,658,655,0,0,1,0,0,16.0,6.0,43.0,2014,1.0,1,8,2,301,3011,1,17,16980,0,1.0,1.0,1.0,7,3,43,1.0,2,43,2,,1,2,1,2,57,57,57,1,0,0,2.0,1.0,,40.0,,40.0,,,,,,2.0,3.0,0.0,1,2.0,1.0,1.0,3800.0,2884.0,2.0,2.0,2.0,,,18018.691,4600.4356,3,1,1.0,1.0,0,0,9420,2,,,,,,,4542.3527,8370.0,2010.0,-1,,,,,,,389334.0,2015,670,655,0,0,1,0,0,,6.0,43.0,2015,MIS4_to_MIS8,2014-2015,True,False,False,False,False,False,False,1
10710058972028,11,2.0,1,4,2,301,3011,1,1,,17,37900,0,2.0,1.0,,3,3,53,1.0,2,44,1,,2,1,2,1,2,57,57,57,1,0,0,1.0,1.0,,50.0,,50.0,,,,,,2.0,3.0,0.0,1,2.0,2.0,2.0,,1061.0,1.0,,2.0,,,13949.5099,3411.989,0,0,1.0,,0,42,60910,2,,,,,,2.0,3413.7798,7860.0,2310.0,-1,,,,,,,388824.0,2014,658,655,0,0,0,0,0,18.0,8.0,40.0,2014,2.0,1,8,2,301,3011,1,17,37900,0,2.0,1.0,,3,3,54,1.0,2,43,1,,1,2,1,2,57,57,57,1,0,0,1.0,1.0,,40.0,,40.0,,,,,,2.0,3.0,0.0,1,2.0,,1.0,1310.0,524.0,1.0,,2.0,,,12529.6026,3035.2171,0,0,1.0,1.0,0,0,58210,2,,,,,,,3047.6286,7860.0,2310.0,-1,,,,,,,389366.0,2015,670,655,0,0,0,0,0,,8.0,40.0,2015,MIS4_to_MIS8,2014-2015,True,False,False,False,False,False,False,1
10712348086750,11,1.0,7,4,2,301,3011,1,1,,17,16980,0,2.0,1.0,,7,2,80,,2,40,2,,1,0,0,4,2,57,57,57,1,0,0,1.0,5.0,,,,,,9.0,,,,1.0,2.0,0.0,2,,,,,,,,,,,12147.4541,3183.353,0,0,,,0,0,5439,1,,,2.0,,,,3121.5127,9390.0,5940.0,-1,,,,,,,388843.0,2014,658,655,0,0,0,0,0,13.0,17.0,51.0,2014,1.0,7,8,2,301,3011,1,17,16980,0,2.0,1.0,,7,2,80,,2,40,2,,0,0,4,2,57,57,57,1,0,0,1.0,5.0,,,,,,,,,,1.0,,,2,,,,,,,,,,,13451.6851,3549.1589,0,0,,,0,0,35543,1,,,3.0,,,,3484.6749,,,-1,,,,,,,389398.0,2015,670,655,0,0,0,0,0,14.0,,,2015,MIS4_to_MIS8,2014-2015,False,False,False,True,True,True,True,1
89057543100991,11,1.0,3,4,2,301,3011,1,1,,17,16980,0,2.0,1.0,,7,1,44,,1,44,1,,1,1,1,5,2,57,57,57,1,0,0,1.0,1.0,,38.0,6.0,32.0,,,6.0,,,4.0,2.0,0.0,1,2.0,2.0,2.0,,1850.0,1.0,,2.0,,,13423.9853,3332.6849,10,3,0.0,,0,0,5449,1,,,,,,1.0,3334.1601,9470.0,430.0,-1,,,,,,,388903.0,2014,658,655,0,0,1,1,0,17.0,1.0,51.0,2014,1.0,3,8,2,301,3011,1,17,16980,0,2.0,1.0,,7,1,45,,1,44,1,,1,1,5,2,57,57,57,1,0,0,1.0,1.0,,38.0,6.0,30.0,,,6.0,,,4.0,2.0,0.0,1,2.0,2.0,2.0,,1730.76,2.0,2.0,2.0,,,11854.0866,2868.8087,10,3,0.0,,0,0,23380,1,,,,,,,2928.7081,9390.0,430.0,-1,,,,,,,389425.0,2015,670,655,0,0,1,1,0,,1.0,51.0,2015,MIS4_to_MIS8,2014-2015,True,False,False,False,False,False,False,1
103120315022716,11,1.0,1,4,2,301,3011,1,1,,17,16980,0,2.0,1.0,,7,1,53,2.0,2,43,1,,1,1,1,1,2,57,148,57,1,0,0,1.0,1.0,,35.0,,35.0,,,,,,2.0,3.0,0.0,1,2.0,1.0,1.0,1575.0,400.0,1.0,,2.0,,,13632.3799,3334.4204,0,0,0.0,0.0,0,0,46725,1,,,,2.0,,,3336.1705,7860.0,1050.0,-1,,,,,,,388913.0,2014,658,655,0,0,0,0,0,16.0,3.0,40.0,2014,1.0,1,8,2,301,3011,1,17,16980,0,2.0,1.0,,7,1,55,2.0,2,43,1,,1,1,1,2,57,148,57,1,0,0,1.0,1.0,,30.0,,32.0,,,22.0,,,7.0,3.0,0.0,1,2.0,1.0,1.0,1575.0,475.0,1.0,,,,,13021.465,3253.972,0,0,0.0,0.0,0,0,23290,1,,,,,,,3294.9776,7860.0,1050.0,-1,,,,,,,389450.0,2015,670,655,0,0,0,0,0,,3.0,40.0,2015,MIS4_to_MIS8,2014-2015,True,False,False,False,False,False,False,1
151474008610802,11,1.0,3,4,2,301,3011,1,1,,17,16980,97,2.0,1.0,,7,1,24,,1,40,1,,1,1,1,7,2,57,57,57,1,0,0,1.0,1.0,,40.0,,40.0,,,,,,2.0,3.0,0.0,1,2.0,2.0,2.0,,1107.0,2.0,2.0,2.0,,,14599.4434,3607.7961,0,0,1.0,,0,0,56925,1,,,3.0,,,,3769.7999,7860.0,2720.0,-1,,,,,2.0,,388961.0,2014,658,655,0,0,0,0,0,14.0,9.0,40.0,2014,1.0,3,8,2,301,3011,1,17,16980,97,2.0,1.0,,7,1,25,,1,39,1,,1,1,7,2,57,57,57,1,0,0,1.0,1.0,,40.0,,40.0,,,,,,2.0,3.0,0.0,1,1.0,2.0,2.0,,923.0,2.0,2.0,2.0,,,14972.7427,3578.8225,0,0,1.0,,0,42,9507,1,1.0,,,,,,3654.9426,7860.0,2320.0,-1,,,,,2.0,,389506.0,2015,670,655,0,0,0,0,0,12.0,8.0,40.0,2015,MIS4_to_MIS8,2014-2015,True,False,False,False,False,False,False,1
170251070084806,11,1.0,1,4,2,301,3011,1,1,,17,16980,0,2.0,1.0,,7,3,54,1.0,2,43,3,,2,1,2,1,2,57,57,301,1,0,0,2.0,1.0,,18.0,,4.0,,,18.0,,,7.0,3.0,0.0,1,2.0,,1.0,900.0,162.0,2.0,2.0,2.0,,,13967.8801,3406.8231,0,0,0.0,0.0,0,0,37250,2,,,,2.0,,,3418.2754,9370.0,5860.0,-1,,,,,,,388968.0,2014,658,655,0,0,0,0,0,16.0,17.0,51.0,2014,2.0,1,8,2,301,3011,1,17,16980,0,2.0,1.0,,7,3,56,1.0,2,43,3,,1,2,1,2,57,57,301,1,0,0,1.0,7.0,,,,,,,,,,1.0,,,2,,,,,,,,,,,10999.9653,2848.8124,0,0,,,0,0,48900,2,,,,,,,2808.6944,,,-1,,,,,,,389518.0,2015,670,655,0,0,0,0,0,,,,2015,MIS4_to_MIS8,2014-2015,False,False,False,True,False,True,True,1
271057789102531,11,3.0,4,4,2,301,3011,1,1,,17,16980,0,2.0,1.0,,7,1,42,,2,40,2,,1,1,1,5,2,57,57,57,1,0,0,2.0,1.0,,40.0,,40.0,,,,,,2.0,3.0,0.0,1,1.0,2.0,2.0,,1057.0,1.0,,2.0,,,16300.4852,4378.9936,4,1,1.0,,0,42,60846,1,,,2.0,,,,4243.1545,9470.0,5860.0,-1,,,,,,,389029.0,2014,658,655,0,0,0,1,0,13.0,17.0,51.0,2014,1.0,4,8,2,301,3011,1,17,16980,0,2.0,1.0,,7,1,44,,2,40,2,,1,1,5,2,57,57,57,1,0,0,1.0,1.0,,40.0,,50.0,,,,,,2.0,3.0,0.0,1,1.0,1.0,1.0,2700.0,1250.0,1.0,,2.0,,,17437.251,4451.9855,0,0,0.0,0.0,0,0,70111,1,,,2.0,,,,4395.7768,9470.0,5700.0,-1,,,,,,,389559.0,2015,670,655,0,0,0,0,0,13.0,17.0,51.0,2015,MIS4_to_MIS8,2014-2015,True,False,False,False,False,False,False,1
351775021910872,11,1.0,1,4,2,301,3011,1,1,,17,16980,0,2.0,1.0,,7,3,57,1.0,1,43,2,,2,1,2,1,2,57,57,57,1,0,0,2.0,1.0,,40.0,,40.0,,,,,,2.0,2.0,0.0,1,2.0,,1.0,1200.0,480.0,1.0,,,,,13303.5672,3977.5069,4,1,1.0,1.0,0,42,37178,2,,,,2.0,,,4029.5475,7870.0,7340.0,-1,,,,,,,389059.0,2014,658,655,0,0,0,1,0,16.0,20.0,40.0,2014,2.0,1,8,2,301,3011,1,17,16980,0,2.0,1.0,,7,3,58,1.0,1,43,2,,1,2,1,2,57,57,57,1,0,0,1.0,4.0,,,,,,,,26.0,5.0,12.0,2.0,0.0,2,,,,,,,,,,,22626.5624,3978.7152,4,1,,,0,0,23209,2,,,,,,,3778.1337,7870.0,7000.0,-1,,,,,,,389597.0,2015,670,655,0,0,0,1,0,,20.0,40.0,2015,MIS4_to_MIS8,2014-2015,True,False,False,False,False,False,False,1
471400100004605,11,1.0,4,4,2,301,3011,1,1,,17,37900,179,2.0,1.0,,3,1,50,,2,39,1,1.0,1,1,1,6,2,303,303,303,4,0,6,1.0,1.0,,38.0,,38.0,,,,,,2.0,2.0,0.0,1,2.0,2.0,2.0,,1057.69,2.0,2.0,2.0,,,14405.5253,3499.737,3,2,0.0,,0,0,65218,1,1.0,,,,,,3525.3777,7580.0,630.0,-1,,,,,,,389097.0,2014,658,655,0,0,1,0,0,12.0,2.0,38.0,2014,1.0,4,8,2,301,3011,1,17,37900,179,2.0,1.0,,3,1,51,,2,42,1,1.0,1,1,6,2,303,303,303,4,0,6,1.0,1.0,,38.0,,36.0,,,,,,2.0,2.0,0.0,1,2.0,2.0,2.0,,1153.84,1.0,,2.0,,,11808.6024,2836.9141,3,2,0.0,,0,0,9580,1,,,2.0,,,,2872.2566,9470.0,2100.0,-1,,,,,,,389637.0,2015,670,655,0,0,1,0,0,13.0,7.0,51.0,2015,MIS4_to_MIS8,2014-2015,True,False,False,False,False,False,False,1
801877006510420,11,2.0,1,4,2,301,3011,1,1,,17,16980,0,2.0,1.0,,7,1,54,2.0,1,43,1,,1,1,1,1,2,57,57,57,1,0,0,2.0,1.0,,40.0,,40.0,,,,,,2.0,3.0,0.0,1,2.0,2.0,2.0,,1800.0,2.0,2.0,2.0,,,10945.0779,2678.7318,0,0,1.0,,0,0,53665,1,,,,2.0,,,2696.3175,8590.0,2340.0,-1,,,,,,,389231.0,2014,658,655,0,0,0,0,0,16.0,8.0,44.0,2014,2.0,1,8,2,301,3011,1,17,16980,0,2.0,1.0,,7,1,55,2.0,1,39,1,,1,1,1,2,57,57,57,1,0,0,2.0,1.0,,40.0,,40.0,,,,,,2.0,4.0,0.0,1,2.0,,1.0,1400.0,560.0,2.0,2.0,,,,10924.2132,2596.156,0,0,1.0,1.0,0,42,48899,1,1.0,,,,,,2658.2104,8590.0,2340.0,-1,,,,,,,389759.0,2015,670,655,0,0,0,0,0,12.0,8.0,44.0,2015,MIS4_to_MIS8,2014-2015,False,True,False,False,False,True,True,1
801877006510420,11,2.0,1,4,2,301,3011,1,1,,17,16980,0,2.0,1.0,,7,3,52,1.0,2,39,1,,2,1,2,1,2,57,57,57,1,0,0,1.0,1.0,,40.0,,60.0,,,,,,2.0,3.0,0.0,1,2.0,,1.0,2546.0,1018.4,2.0,2.0,2.0,,,13632.3799,3334.4204,0,0,1.0,1.0,0,0,53665,2,1.0,,,,,,3336.1705,7860.0,5700.0,5600,,,,,,,389232.0,2014,658,655,0,0,0,0,0,12.0,17.0,40.0,2014,2.0,1,8,2,301,3011,1,17,16980,0,2.0,1.0,,7,3,53,1.0,2,43,1,,1,2,1,2,57,57,57,1,0,0,1.0,1.0,,40.0,,60.0,,,,,,2.0,2.0,0.0,1,2.0,2.0,2.0,,826.0,1.0,,2.0,,,12736.8709,3085.4265,0,0,1.0,,0,42,48899,2,,,,,,,3098.0433,7860.0,5700.0,5600,,,,,,,389760.0,2015,670,655,0,0,0,0,0,,17.0,40.0,2015,MIS4_to_MIS8,2014-2015,True,False,False,False,False,False,True,1
947831801452106,11,1.0,4,4,2,301,3011,1,1,,17,16980,0,2.0,1.0,,7,1,44,,2,36,1,,1,1,1,5,2,57,57,57,1,0,0,1.0,1.0,,40.0,,40.0,,,,,,2.0,1.0,0.0,1,2.0,,1.0,1000.0,400.0,1.0,,2.0,,,10193.9912,2640.2607,3,1,1.0,1.0,0,42,60845,1,,,,,,,2646.5272,6370.0,5550.0,-1,,,,,,,389290.0,2014,658,655,0,0,1,0,0,10.0,17.0,23.0,2014,1.0,4,8,2,301,3011,1,17,16980,0,2.0,1.0,,7,1,45,,2,36,1,,1,1,5,2,57,57,57,1,0,0,1.0,1.0,,55.0,,47.0,,,,,,2.0,1.0,0.0,1,1.0,1.0,1.0,2700.0,1153.84,1.0,,2.0,,,12836.364,3110.9979,3,1,0.0,0.0,0,0,45180,1,,,,,,,3122.2434,6370.0,9130.0,-1,,,,,,,389799.0,2015,670,655,0,0,1,0,0,10.0,22.0,23.0,2015,MIS4_to_MIS8,2014-2015,True,False,False,False,False,False,False,1
971173160301313,11,1.0,1,4,2,301,3011,1,1,,17,16980,0,2.0,1.0,,7,3,53,1.0,1,43,1,,2,1,2,1,2,57,57,57,1,0,0,2.0,1.0,,40.0,,80.0,,,,,,2.0,3.0,0.0,1,2.0,,1.0,3000.0,1200.0,1.0,,2.0,,,10945.0779,2678.7318,0,0,1.0,1.0,0,0,24617,2,,,,2.0,,,2696.3175,9470.0,3850.0,3930,,,,,,,389313.0,2014,658,655,0,0,0,0,0,16.0,12.0,51.0,2014,1.0,1,8,2,301,3011,1,17,16980,0,2.0,1.0,,7,3,54,1.0,1,43,1,,1,2,1,2,57,57,57,1,0,0,2.0,1.0,,40.0,,50.0,,,,,,2.0,3.0,0.0,1,2.0,2.0,2.0,,923.0,1.0,,2.0,,,11378.0687,2810.3549,0,0,1.0,,0,42,48818,2,,,,,,,2811.1016,9470.0,3850.0,3930,,,,,,,389804.0,2015,670,655,0,0,0,0,0,,12.0,51.0,2015,MIS4_to_MIS8,2014-2015,True,False,False,False,False,False,False,1
997009301610109,11,2.0,3,4,2,301,3011,1,1,,17,16980,0,2.0,1.0,,7,8,41,2.0,1,42,1,,3,2,2,1,2,57,57,57,1,0,0,2.0,1.0,,40.0,,40.0,,,,,,2.0,2.0,0.0,1,2.0,2.0,2.0,,938.0,2.0,2.0,2.0,,,13423.9853,3332.6849,1,1,1.0,,0,0,37132,3,,,3.0,,,,3334.1601,9370.0,5000.0,-1,,,,,,,389335.0,2014,658,655,1,0,0,0,1,14.0,17.0,51.0,2014,2.0,1,8,2,301,3011,1,17,16980,0,2.0,1.0,,7,3,43,2.0,1,39,1,,1,2,1,2,57,57,57,1,0,0,2.0,2.0,4.0,40.0,,,,,,,,5.0,4.0,0.0,1,2.0,2.0,2.0,,500.0,1.0,,2.0,,,12627.4192,3077.9113,2,1,1.0,,0,0,35499,3,1.0,,,,,,3140.7498,6170.0,9130.0,-1,,,,,,,389807.0,2015,670,655,0,1,0,0,1,12.0,22.0,23.0,2015,MIS4_to_MIS8,2014-2015,False,True,False,False,False,True,True,1
10710043754172,11,1.0,1,4,2,301,3011,1,1,,17,0,0,3.0,2.0,,0,1,49,2.0,1,40,1,,1,1,1,1,2,57,57,57,1,0,0,1.0,1.0,,40.0,6.0,32.0,,,6.0,,,4.0,2.0,0.0,1,2.0,2.0,2.0,,840.23,1.0,,2.0,,,12393.0997,2997.1092,0,0,0.0,,0,0,5466,1,,,4.0,,,,3053.0373,9480.0,4230.0,-1,,,,,,,389348.0,2014,658,655,0,0,0,0,0,15.0,14.0,51.0,2014,2.0,1,8,2,301,3011,1,17,0,0,3.0,2.0,,0,1,50,2.0,1,41,1,,1,1,1,2,57,57,57,1,0,0,2.0,1.0,,40.0,,40.0,,,,,,2.0,2.0,0.0,1,2.0,2.0,2.0,,992.3,1.0,,2.0,,,11761.3928,2905.035,0,0,0.0,,0,0,48921,1,,,3.0,,,,2905.8069,7860.0,4140.0,-1,,,,,,,389814.0,2015,670,655,0,0,0,0,0,14.0,13.0,40.0,2015,MIS4_to_MIS8,2014-2015,True,False,False,False,False,False,False,1
10710043754172,11,1.0,1,4,2,301,3011,1,1,,17,0,0,3.0,2.0,,0,3,54,1.0,2,40,1,,2,1,2,1,2,57,57,57,1,0,0,2.0,1.0,,40.0,,40.0,,,,,,2.0,2.0,0.0,1,2.0,2.0,2.0,,192.0,1.0,,2.0,,,13954.7759,3413.2771,0,0,1.0,,0,0,5466,2,,,2.0,,,,3415.0685,7860.0,4010.0,-1,,,,,,,389349.0,2014,658,655,0,0,0,0,0,13.0,13.0,40.0,2014,2.0,1,8,2,301,3011,1,17,0,0,3.0,2.0,,0,3,55,1.0,2,39,1,,1,2,1,2,57,57,57,1,0,0,1.0,1.0,,40.0,,40.0,,,,,,2.0,2.0,0.0,1,2.0,2.0,2.0,,1292.3,1.0,,,,,13460.1546,3363.5975,0,0,0.0,,0,0,48921,2,2.0,6.0,,,,,3405.9846,7860.0,3030.0,-1,,,,,,,389815.0,2015,670,655,0,0,0,0,0,10.0,10.0,40.0,2015,MIS4_to_MIS8,2014-2015,True,False,False,False,False,False,False,1
10710105457714,11,1.0,4,4,2,301,3011,1,1,,17,0,0,3.0,2.0,,0,1,45,,2,39,1,,1,1,1,5,2,57,57,57,1,0,0,1.0,1.0,,5.0,,5.0,,,18.0,,,7.0,2.0,0.0,1,2.0,,1.0,1225.0,61.25,1.0,,2.0,,,14488.4115,3530.9894,4,2,0.0,0.0,0,0,5406,1,1.0,,,,,,3545.6619,9480.0,4610.0,-1,,,,,,,389362.0,2014,658,655,0,0,0,1,0,12.0,15.0,51.0,2014,1.0,7,8,2,301,3011,1,17,0,0,3.0,2.0,,0,2,46,,2,39,1,,0,0,5,2,57,57,57,1,0,0,1.0,1.0,,45.0,,45.0,,,,,,2.0,5.0,0.0,1,2.0,,1.0,1300.0,585.0,1.0,,2.0,,,13268.8176,3215.8066,0,0,0.0,0.0,0,0,20157,1,1.0,,,,,,3227.431,8170.0,3600.0,-1,,,,,,,389816.0,2015,670,655,0,0,0,0,0,12.0,11.0,42.0,2015,MIS4_to_MIS8,2014-2015,False,True,False,False,False,True,True,1
21372001410920,11,2.0,1,4,2,301,3011,1,1,,17,0,0,3.0,2.0,,0,1,55,2.0,1,40,1,,1,1,1,1,2,57,57,57,1,0,0,2.0,1.0,,40.0,,46.0,,,,,,2.0,1.0,0.0,1,1.0,2.0,2.0,,1153.0,1.0,,,,,11477.3742,2832.8669,0,0,1.0,,0,42,53567,1,,,2.0,,,,2841.6432,6370.0,5550.0,-1,,,,,,,389374.0,2014,658,655,0,0,0,0,0,13.0,17.0,23.0,2014,2.0,1,8,2,301,3011,1,17,0,0,3.0,2.0,,0,1,56,2.0,1,40,1,,1,1,1,2,57,57,57,1,0,0,2.0,1.0,,40.0,,40.0,,,,,,2.0,1.0,0.0,1,2.0,1.0,1.0,1500.0,1980.0,1.0,,,,,11292.247,2683.6198,0,0,1.0,1.0,0,0,48796,1,,,1.0,,,,2747.7647,6370.0,5550.0,-1,,,,,,,389822.0,2015,670,655,0,0,0,0,0,12.0,17.0,23.0,2015,MIS4_to_MIS8,2014-2015,True,False,False,False,False,False,False,1
291174007210560,11,2.0,1,4,2,301,3011,1,1,,17,0,0,3.0,2.0,,0,1,51,2.0,2,39,1,,1,1,1,1,2,57,57,57,1,0,0,2.0,1.0,,40.0,6.0,32.0,,,6.0,,,4.0,3.0,0.0,1,2.0,,1.0,1250.0,500.0,2.0,2.0,2.0,,,13954.7759,3413.2771,0,0,0.0,0.0,0,0,46712,1,1.0,,,,,,3415.0685,7860.0,4220.0,-1,,,,,,,389404.0,2014,658,655,0,0,0,0,0,12.0,14.0,40.0,2014,2.0,1,8,2,301,3011,1,17,0,0,3.0,2.0,,0,1,52,2.0,2,39,1,,1,1,1,2,57,57,57,1,0,0,2.0,1.0,,40.0,,40.0,,,,,,2.0,3.0,0.0,1,2.0,1.0,1.0,1900.0,423.0,1.0,,2.0,,,13165.9726,3189.3737,0,0,1.0,1.0,0,0,54975,1,1.0,,,,,,3202.4156,7860.0,4220.0,-1,,,,,,,389854.0,2015,670,655,0,0,0,0,0,12.0,14.0,40.0,2015,MIS4_to_MIS8,2014-2015,True,False,False,False,False,False,False,1
402105430710717,11,1.0,4,4,2,301,3011,1,1,,17,0,0,3.0,2.0,,0,4,62,,1,40,1,,2,1,3,5,2,57,57,57,1,0,0,2.0,1.0,,50.0,,50.0,,,,,,2.0,2.0,0.0,1,1.0,2.0,2.0,,1000.0,1.0,,,,,11877.3227,2913.0955,0,0,1.0,,43,42,10102,2,,,1.0,,,,2939.708,9480.0,4230.0,-1,4.0,,,,1.0,,389410.0,2014,658,655,0,0,0,0,0,12.0,14.0,51.0,2014,1.0,4,8,2,301,3011,1,17,0,0,3.0,2.0,,0,4,63,,1,40,1,,1,3,5,2,57,57,57,1,0,0,2.0,1.0,,8.0,,8.0,,,21.0,,,7.0,1.0,0.0,1,2.0,,1.0,1000.0,80.0,2.0,2.0,,,,11722.5597,2800.6437,0,0,1.0,1.0,0,0,9557,2,,,2.0,,,,2860.2806,6370.0,5550.0,-1,4.0,,,,1.0,,389862.0,2015,670,655,0,0,0,0,0,13.0,17.0,23.0,2015,MIS4_to_MIS8,2014-2015,True,False,False,False,False,False,True,1
10710091316940,11,4.0,1,4,2,301,3011,1,1,,17,0,0,,1.0,,0,3,54,1.0,2,44,1,,2,1,2,1,2,57,57,57,1,0,0,2.0,1.0,,45.0,,45.0,,,,,,2.0,3.0,0.0,1,2.0,2.0,2.0,,1084.0,1.0,,2.0,,,13931.0555,3407.4752,4,1,1.0,,0,42,46749,2,,,,,,2.0,3409.2636,7860.0,2310.0,-1,,,,,,,389458.0,2014,658,655,0,0,0,1,0,18.0,8.0,40.0,2014,2.0,1,8,2,301,3011,1,17,0,0,,1.0,,0,3,55,1.0,2,44,1,,1,2,1,2,57,57,57,1,0,0,1.0,1.0,,45.0,,45.0,,,,,,2.0,2.0,0.0,1,2.0,2.0,2.0,,1442.0,1.0,,,,,13090.2138,3271.1519,4,1,1.0,,0,0,45305,2,,,,,,,3312.374,7860.0,2310.0,-1,,,,,,,389913.0,2015,670,655,0,0,0,1,0,,8.0,40.0,2015,MIS4_to_MIS8,2014-2015,True,False,False,False,False,False,True,1
101010916090734,11,2.0,1,4,2,301,3011,1,1,,17,0,0,,1.0,,0,1,37,2.0,2,44,1,,1,1,1,1,2,57,57,57,1,0,0,2.0,1.0,,60.0,,60.0,,,,,,2.0,3.0,0.0,1,2.0,2.0,2.0,,1061.0,1.0,,2.0,,,10886.2017,2760.8954,0,0,1.0,,0,0,10065,1,,,,,,2.0,2826.2363,7860.0,2310.0,-1,,,,,,,389491.0,2014,658,655,0,0,0,0,0,18.0,8.0,40.0,2014,2.0,1,8,2,301,3011,1,17,0,0,,1.0,,0,1,38,2.0,2,44,1,,1,1,1,2,57,57,57,1,0,0,2.0,1.0,,65.0,,70.0,,,,,,2.0,2.0,0.0,1,2.0,2.0,2.0,,1084.0,1.0,,2.0,,,11528.5889,2768.8054,0,0,1.0,,0,0,9498,1,,,,,,,2823.7921,7860.0,2310.0,-1,,,,,,,389940.0,2015,670,655,0,0,0,0,0,,8.0,40.0,2015,MIS4_to_MIS8,2014-2015,True,False,False,False,False,False,True,1
101010916090734,11,2.0,1,4,2,301,3011,1,1,,17,0,0,,1.0,,0,3,39,1.0,1,44,1,,2,1,2,1,2,57,57,57,1,0,0,1.0,1.0,,55.0,,55.0,,,,,,2.0,3.0,0.0,1,2.0,2.0,2.0,,1192.3,1.0,,2.0,,,13307.3996,3250.6401,0,0,0.0,,0,0,10065,2,,,,,,2.0,3305.2033,7860.0,2320.0,-1,,,,,,,389492.0,2014,658,655,0,0,0,0,0,18.0,8.0,40.0,2014,2.0,1,8,2,301,3011,1,17,0,0,,1.0,,0,3,40,1.0,1,44,1,,1,2,1,2,57,57,57,1,0,0,1.0,1.0,,55.0,,55.0,,,,,,2.0,2.0,0.0,1,2.0,2.0,2.0,,1923.0,1.0,,2.0,,,12694.0876,3094.1616,0,0,1.0,,0,0,9498,2,,,,,,,3157.3319,7860.0,2310.0,-1,,,,,,,389941.0,2015,670,655,0,0,0,0,0,,8.0,40.0,2015,MIS4_to_MIS8,2014-2015,True,False,False,False,False,False,True,1
141278005010261,11,1.0,1,4,2,301,3011,1,1,,17,0,0,,1.0,,0,3,34,1.0,2,44,1,,2,1,2,1,2,57,57,57,1,0,0,2.0,1.0,,40.0,,40.0,,,,,,2.0,3.0,0.0,1,2.0,2.0,2.0,,900.0,1.0,,2.0,,,11153.9572,2783.7751,1,1,0.0,,0,0,45367,2,,,,,,2.0,2744.7557,7860.0,2320.0,-1,,,,,,,389505.0,2014,658,655,1,0,0,0,1,18.0,8.0,40.0,2014,1.0,1,8,2,301,3011,1,17,0,0,,1.0,,0,3,35,1.0,2,44,1,,1,2,1,2,57,57,57,1,0,0,2.0,1.0,,40.0,,40.0,,,,,,2.0,2.0,0.0,1,2.0,2.0,2.0,,923.07,1.0,,2.0,,,11528.5889,2768.8054,1,1,0.0,,0,0,23372,2,,,,,,,2823.7921,7860.0,2310.0,-1,,,,,,,389955.0,2015,670,655,1,0,0,0,1,,8.0,40.0,2015,MIS4_to_MIS8,2014-2015,True,False,False,False,False,False,True,1
166691070084304,11,1.0,1,4,2,301,3011,1,1,,17,44100,0,,1.0,,2,1,54,2.0,1,44,2,,1,1,1,1,2,57,57,57,1,0,0,1.0,1.0,,38.0,,35.0,,,,,,2.0,2.0,0.0,1,2.0,2.0,2.0,,1634.61,1.0,,2.0,,,9584.4838,2382.5432,1,1,0.0,,0,0,45369,1,,,,,,1.0,2413.7157,9570.0,1360.0,-1,,,,,,,389509.0,2014,658,655,1,0,0,0,1,17.0,4.0,51.0,2014,2.0,1,8,2,301,3011,1,17,44100,0,,1.0,,2,1,55,2.0,1,44,2,,1,1,1,2,57,57,57,1,0,0,2.0,1.0,,38.0,6.0,31.0,,,6.0,,,4.0,2.0,0.0,1,2.0,2.0,2.0,,1692.3,1.0,,,,,16439.0162,3011.3374,1,1,0.0,,0,0,48928,1,,,,,,,3036.9892,9570.0,1360.0,-1,,,,,,,389968.0,2015,670,655,1,0,0,0,1,,4.0,51.0,2015,MIS4_to_MIS8,2014-2015,True,False,False,False,False,False,False,1
310005981617487,11,1.0,6,4,2,301,3011,1,1,,17,44100,0,,1.0,,2,2,69,,1,43,1,,1,0,0,5,2,57,57,116,1,0,0,1.0,1.0,,38.0,,38.0,,,,,,2.0,2.0,0.0,1,2.0,1.0,1.0,4900.0,2125.0,2.0,2.0,,,,10473.5404,2716.4164,0,0,0.0,0.0,0,0,5476,1,,,,2.0,,,2640.96,9570.0,160.0,-1,4.0,,,,,,389521.0,2014,658,655,0,0,0,0,0,16.0,1.0,51.0,2014,1.0,6,8,2,301,3011,1,17,44100,0,,1.0,,2,2,71,,1,43,1,,0,0,5,2,57,57,116,1,0,0,1.0,5.0,,,,,,,,,,1.0,,,2,,,,,,,,,,,10166.6431,2638.3737,0,0,,,0,0,35713,1,,,,,,,2603.0805,,,-1,4.0,,,,,,389986.0,2015,670,655,0,0,0,0,0,,,,2015,MIS4_to_MIS8,2014-2015,False,False,False,True,True,True,True,1
602101760710978,11,2.0,1,4,2,301,3011,1,1,,17,0,0,,1.0,,0,3,48,1.0,2,40,1,,2,1,2,1,2,57,57,57,1,0,0,1.0,1.0,,37.0,6.0,30.0,,,6.0,,,4.0,3.0,0.0,1,2.0,,1.0,1080.0,399.6,1.0,,2.0,,,14800.255,3606.9892,4,1,0.0,0.0,0,0,35055,2,,,5.0,,,,3621.9775,7860.0,2540.0,-1,,,,,,,389530.0,2014,658,655,0,0,0,1,0,16.0,8.0,40.0,2014,2.0,1,8,2,301,3011,1,17,0,0,,1.0,,0,3,49,1.0,2,40,1,,1,2,1,2,57,57,57,1,0,0,1.0,1.0,,40.0,,40.0,,,,,,2.0,4.0,0.0,1,2.0,1.0,1.0,1220.0,300.0,2.0,2.0,2.0,,,12904.1355,3127.4229,4,1,0.0,0.0,0,0,45351,2,,,5.0,,,,3138.7278,7860.0,2310.0,-1,,,,,,,389996.0,2015,670,655,0,0,0,1,0,16.0,8.0,40.0,2015,MIS4_to_MIS8,2014-2015,False,True,False,False,False,True,True,1
837440601660109,11,1.0,1,4,2,301,3011,1,1,,17,44100,0,,1.0,,2,1,47,2.0,2,44,1,,1,1,1,1,2,57,57,57,1,0,0,1.0,1.0,,40.0,6.0,32.0,,,6.0,,,4.0,2.0,0.0,1,2.0,2.0,2.0,,300.0,1.0,,2.0,,,14800.255,3606.9892,0,0,1.0,,0,0,10114,1,,,,,,3.0,3621.9775,7860.0,5700.0,-1,,,,,,,389559.0,2014,658,655,0,0,0,0,0,18.0,17.0,40.0,2014,1.0,1,8,2,301,3011,1,17,44100,0,,1.0,,2,1,48,2.0,2,44,1,,1,1,1,2,57,57,57,1,0,0,1.0,1.0,,40.0,,40.0,,,,,,2.0,3.0,0.0,1,2.0,2.0,2.0,,1250.0,1.0,,2.0,,,12904.1355,3127.4229,0,0,0.0,,0,0,43850,1,,,,,,,3138.7278,7860.0,2300.0,-1,,,,,,,390029.0,2015,670,655,0,0,0,0,0,,8.0,40.0,2015,MIS4_to_MIS8,2014-2015,True,False,False,False,False,False,True,1
837440601660109,11,1.0,1,4,2,301,3011,1,1,,17,44100,0,,1.0,,2,3,46,1.0,1,42,1,,2,1,2,1,2,57,57,57,1,0,0,2.0,1.0,,60.0,,40.0,,,,,,2.0,2.0,0.0,1,1.0,1.0,1.0,4500.0,2076.0,1.0,,2.0,,,12659.8445,3061.6179,0,0,1.0,1.0,0,0,10114,2,,,4.0,,,,3118.7498,9470.0,3800.0,-1,,,,,,,389560.0,2014,658,655,0,0,0,0,0,15.0,12.0,51.0,2014,1.0,1,8,2,301,3011,1,17,44100,0,,1.0,,2,3,46,1.0,1,42,1,,1,2,1,2,57,57,57,1,0,0,2.0,1.0,,40.0,,48.0,,,,,,2.0,2.0,0.0,1,1.0,1.0,1.0,1374.0,1730.76,1.0,,2.0,,,11916.6721,2883.9551,0,0,0.0,1.0,0,0,43850,2,,,3.0,,,,2944.1707,9470.0,3800.0,-1,,,,,,,390030.0,2015,670,655,0,0,0,0,0,14.0,12.0,51.0,2015,MIS4_to_MIS8,2014-2015,True,False,False,False,False,False,False,1
57450301331104,12,1.0,1,4,2,301,3011,1,1,,17,16980,0,1.0,1.0,1.0,7,3,55,1.0,1,39,1,,2,1,2,1,2,57,57,57,1,0,0,2.0,1.0,,40.0,,40.0,,,,,,2.0,3.0,0.0,1,2.0,,1.0,3600.0,1440.0,1.0,,,,,12116.2634,2997.2206,0,0,0.0,0.0,0,0,23817,2,1.0,,,,,,3009.2768,9370.0,430.0,-1,,,,,,,426675.0,2014,659,656,0,0,0,0,0,12.0,1.0,51.0,2014,1.0,1,8,2,301,3011,1,17,16980,0,1.0,1.0,1.0,7,3,55,1.0,1,39,1,,1,2,1,2,57,57,57,1,0,0,2.0,1.0,,40.0,,40.0,,,,,,2.0,3.0,0.0,1,1.0,1.0,1.0,2564.0,1461.53,1.0,,,,,14033.2162,3357.5173,0,0,0.0,1.0,0,0,4857,2,1.0,,,,,,3368.2182,9370.0,430.0,-1,,,,,,,426785.0,2015,671,656,0,0,0,0,0,12.0,1.0,51.0,2015,MIS4_to_MIS8,2014-2015,True,False,False,False,False,False,False,1
133341070104505,12,2.0,1,4,2,301,3011,1,1,,17,16980,0,1.0,1.0,1.0,7,3,54,1.0,2,46,1,,2,1,2,1,2,57,57,57,1,0,0,1.0,1.0,,40.0,,54.0,,,,,,2.0,3.0,0.0,1,2.0,2.0,2.0,,615.38,1.0,,2.0,,,12470.1538,3114.7828,0,0,0.0,,0,0,36291,2,,,,,,,3144.6136,7860.0,2310.0,4760,,,,,,,426710.0,2014,659,656,0,0,0,0,0,18.0,8.0,40.0,2014,1.0,1,8,2,301,3011,1,17,16980,0,1.0,1.0,1.0,7,3,56,1.0,2,46,1,,1,2,1,2,57,57,57,1,0,0,2.0,1.0,,40.0,,60.0,,,,,,2.0,4.0,0.0,1,2.0,2.0,2.0,,1634.61,1.0,,,,,12963.6994,3217.4624,0,0,0.0,,0,0,42666,2,,,,,,,3253.529,7860.0,2310.0,4760,,,,,,,426815.0,2015,671,656,0,0,0,0,0,18.0,8.0,40.0,2015,MIS4_to_MIS8,2014-2015,False,True,False,False,False,True,True,1
531073025410436,12,1.0,6,4,2,301,3011,1,1,,17,16980,0,1.0,1.0,1.0,7,2,58,,1,42,2,,1,0,0,7,2,57,57,57,1,0,0,1.0,1.0,,40.0,,40.0,,,,,,2.0,3.0,0.0,1,2.0,2.0,2.0,,1057.69,1.0,,,,,13662.4793,3793.8792,0,0,0.0,,0,0,9749,1,,,3.0,,,,3888.6985,9470.0,3740.0,-1,,,,,,,426839.0,2014,659,656,0,0,0,0,0,14.0,12.0,51.0,2014,1.0,6,8,2,301,3011,1,17,16980,0,1.0,1.0,1.0,7,2,58,,1,42,2,,0,0,7,2,57,57,57,1,0,0,1.0,1.0,,40.0,,40.0,,,,,,2.0,3.0,0.0,1,2.0,2.0,2.0,,956.0,1.0,,,,,13794.5016,4067.9086,0,0,1.0,,0,0,51113,1,,,4.0,,,,4018.2611,9470.0,3740.0,-1,,,,,,,426942.0,2015,671,656,0,0,0,0,0,15.0,12.0,51.0,2015,MIS4_to_MIS8,2014-2015,True,False,False,False,False,False,False,1
10710043496425,12,1.0,1,4,2,301,3011,1,1,,17,40420,0,2.0,1.0,,3,1,58,2.0,2,44,1,,1,1,1,1,2,57,57,57,1,0,0,1.0,1.0,,40.0,,51.0,,,,,,2.0,3.0,0.0,1,2.0,,1.0,2850.0,1140.0,2.0,2.0,,,,12533.104,3152.1041,0,0,0.0,0.0,0,0,24086,1,,,,,,3.0,3179.3721,9480.0,3255.0,3255,,,,,,,426996.0,2014,659,656,0,0,0,0,0,18.0,10.0,51.0,2014,1.0,1,8,2,301,3011,1,17,40420,0,2.0,1.0,,3,1,59,2.0,2,44,1,,1,1,1,2,57,57,57,1,0,0,1.0,1.0,,40.0,,76.0,,,,,,2.0,3.0,0.0,1,2.0,,1.0,2700.0,1080.0,2.0,2.0,,,,12685.445,3148.4024,0,0,0.0,0.0,0,0,22552,1,,,,,,,3183.6949,9480.0,3255.0,3255,,,,,,,427072.0,2015,671,656,0,0,0,0,0,,10.0,51.0,2015,MIS4_to_MIS8,2014-2015,True,False,False,False,False,False,False,1
10710069342293,12,1.0,4,4,2,301,3011,1,1,,17,16980,97,2.0,1.0,,7,1,45,,2,43,1,,1,1,1,5,2,57,57,57,1,0,0,1.0,1.0,,35.0,,51.0,,,,,,2.0,3.0,0.0,1,2.0,1.0,1.0,1237.0,275.0,1.0,,2.0,,,13528.7586,3370.6864,10,3,0.0,0.0,0,0,56632,1,,,,2.0,,,3411.5632,7860.0,2540.0,4030,,,,,,,426998.0,2014,659,656,0,0,1,1,0,16.0,8.0,40.0,2014,1.0,4,8,2,301,3011,1,17,16980,97,2.0,1.0,,7,1,45,,2,43,1,,1,1,5,2,57,57,57,1,0,0,1.0,1.0,,33.0,,52.0,,,,,,2.0,3.0,0.0,1,2.0,,1.0,1250.0,412.5,1.0,,2.0,,,13367.2922,3391.0767,10,2,0.0,0.0,0,0,51190,1,,,,,,,3388.8424,7860.0,2540.0,4720,,,,,,,427074.0,2015,671,656,0,0,1,1,0,,8.0,40.0,2015,MIS4_to_MIS8,2014-2015,True,False,False,False,False,False,False,1
117694301520100,12,1.0,7,4,2,301,3011,1,1,,17,16980,0,2.0,1.0,,7,2,30,,2,44,2,,1,0,0,7,2,461,461,461,4,0,21,1.0,1.0,,40.0,,40.0,,,,,,2.0,2.0,0.0,1,2.0,2.0,2.0,,1230.0,1.0,,2.0,,,18049.8809,4434.1487,0,0,1.0,,0,42,23918,1,,,,,,2.0,4527.6946,9380.0,930.0,-1,,,,,,,427107.0,2014,659,656,0,0,0,0,0,18.0,2.0,51.0,2014,1.0,7,8,2,301,3011,1,17,16980,0,2.0,1.0,,7,2,31,,2,44,2,,0,0,7,2,461,461,461,4,0,21,1.0,1.0,,40.0,5.0,32.0,,,5.0,,,4.0,2.0,0.0,1,2.0,1.0,1.0,2800.0,1153.84,2.0,2.0,2.0,,,16968.8068,4578.4972,0,0,0.0,0.0,0,0,54748,1,,,,,,,4641.1884,9380.0,800.0,-1,,,,,,,427217.0,2015,671,656,0,0,0,0,0,,2.0,51.0,2015,MIS4_to_MIS8,2014-2015,True,False,False,False,False,False,False,1
471727140106313,12,2.0,1,4,2,301,3011,1,1,,17,16980,0,2.0,1.0,,7,1,59,2.0,1,43,4,,1,1,1,1,2,207,207,207,4,0,7,2.0,1.0,,40.0,,40.0,,,,,,2.0,3.0,0.0,1,2.0,2.0,2.0,,2307.0,2.0,2.0,,,,12290.834,3048.7005,0,0,1.0,,0,42,23824,1,,,,2.0,,,3052.6344,7890.0,1107.0,-1,,,,,,,427274.0,2014,659,656,0,0,0,0,0,16.0,3.0,40.0,2014,2.0,1,8,2,301,3011,1,17,16980,0,2.0,1.0,,7,1,60,2.0,1,43,4,,1,1,1,2,207,207,207,4,0,7,2.0,1.0,,40.0,,40.0,,,,,,2.0,5.0,0.0,1,2.0,2.0,2.0,,1923.0,2.0,2.0,,,,18849.6528,4798.8586,0,0,1.0,,0,0,8674,1,,,,,,,4814.5146,7870.0,1107.0,-1,,,,,,,427367.0,2015,671,656,0,0,0,0,0,,3.0,40.0,2015,MIS4_to_MIS8,2014-2015,False,True,False,False,False,True,True,1
567460201460102,12,1.0,7,4,2,301,3011,1,1,,17,37900,179,2.0,1.0,,3,2,42,,2,44,1,,1,0,0,7,2,57,57,57,1,0,0,1.0,1.0,,50.0,,50.0,,,,,,2.0,3.0,0.0,1,2.0,2.0,2.0,,1625.0,1.0,,2.0,,,10876.6779,2714.6691,0,0,0.0,,0,0,5342,1,,,,,,2.0,2769.4925,7860.0,2310.0,-1,,,,,,,427296.0,2014,659,656,0,0,0,0,0,18.0,8.0,40.0,2014,1.0,7,8,2,301,3011,1,17,37900,179,2.0,1.0,,3,2,43,,2,44,1,,0,0,7,2,57,57,57,1,0,0,1.0,1.0,,60.0,,60.0,,,,,,2.0,3.0,0.0,1,2.0,2.0,2.0,,1153.84,1.0,,2.0,,,10966.9954,2753.3876,0,0,0.0,,0,0,8885,1,,,,,,,2806.2462,7860.0,2310.0,-1,,,,,,,427394.0,2015,671,656,0,0,0,0,0,,8.0,40.0,2015,MIS4_to_MIS8,2014-2015,True,False,False,False,False,False,False,1
571430120004803,12,1.0,4,4,2,301,3011,1,1,,17,41180,119,2.0,1.0,,6,1,51,,2,43,1,,1,1,1,4,2,57,57,57,1,0,0,1.0,1.0,,60.0,,60.0,,,,,,2.0,2.0,0.0,1,2.0,2.0,2.0,,1350.0,1.0,,2.0,,,12164.8095,3038.5142,0,0,0.0,,0,0,60550,1,,,,1.0,1.0,,3067.6145,7860.0,2320.0,-1,,,,,,,427297.0,2014,659,656,0,0,0,0,0,18.0,8.0,40.0,2014,1.0,7,8,2,301,3011,1,17,41180,119,2.0,1.0,,6,2,52,,2,43,1,,0,0,4,2,57,57,57,1,0,0,1.0,1.0,,60.0,,60.0,,,,,,2.0,2.0,0.0,1,2.0,2.0,2.0,,1130.76,1.0,,2.0,,,12276.1842,3110.705,0,0,0.0,,0,0,54780,1,,,,,,,3112.2274,7860.0,2320.0,-1,,,,,,,427409.0,2015,671,656,0,0,0,0,0,,8.0,40.0,2015,MIS4_to_MIS8,2014-2015,True,False,False,False,False,False,False,1
104000919097774,12,1.0,4,4,2,301,3011,1,1,,17,0,0,3.0,2.0,,0,1,56,,2,43,1,,1,1,1,4,2,57,57,57,1,0,0,1.0,1.0,,35.0,,35.0,,,,,,2.0,3.0,0.0,1,2.0,2.0,2.0,,884.61,2.0,2.0,,,,12628.5498,3176.1089,0,0,0.0,,0,0,20063,1,,,,2.0,,,3203.5846,9480.0,3255.0,-1,,,,,,,427518.0,2014,659,656,0,0,0,0,0,16.0,10.0,51.0,2014,1.0,4,8,2,301,3011,1,17,0,0,3.0,2.0,,0,1,57,,2,43,1,,1,1,4,2,57,57,57,1,0,0,1.0,2.0,4.0,35.0,,,,,,,,5.0,3.0,0.0,1,2.0,1.0,1.0,2600.0,890.38,2.0,2.0,,,,12959.5711,3216.4378,0,0,0.0,0.0,0,0,4849,1,,,,,,,3252.4929,9480.0,3255.0,-1,,,,,,,427574.0,2015,671,656,0,0,0,0,0,,10.0,51.0,2015,MIS4_to_MIS8,2014-2015,True,False,False,False,False,False,False,1
371220150002606,12,1.0,1,4,2,301,3011,1,1,,17,0,0,3.0,2.0,,0,1,28,2.0,1,41,1,,1,1,1,1,2,110,57,57,3,0,11,1.0,1.0,,40.0,,40.0,,,,,,2.0,3.0,0.0,1,2.0,2.0,2.0,,807.69,1.0,,2.0,,,11726.1948,2949.981,0,0,0.0,,0,0,36365,1,,,3.0,,,,2964.1027,9470.0,3850.0,-1,,,,,,,427546.0,2014,659,656,0,0,0,0,0,14.0,12.0,51.0,2014,2.0,1,8,2,301,3011,1,17,0,0,3.0,2.0,,0,1,30,2.0,1,41,1,,1,1,1,2,110,57,57,3,0,11,2.0,1.0,,40.0,,50.0,,,,,,2.0,3.0,0.0,1,2.0,,1.0,2000.0,800.0,1.0,,2.0,,,13240.4479,3266.7168,1,1,0.0,0.0,0,0,44130,1,,,3.0,,,,3289.6087,9470.0,3850.0,-1,,,,,,,427595.0,2015,671,656,1,0,0,0,1,14.0,12.0,51.0,2015,MIS4_to_MIS8,2014-2015,True,False,False,False,False,False,False,1
610002231200567,12,2.0,2,4,2,301,3011,1,1,,17,0,0,3.0,2.0,,0,3,25,1.0,2,41,1,,2,1,2,2,2,57,57,57,1,0,0,3.0,1.0,,40.0,,40.0,,,,,,2.0,2.0,0.0,1,1.0,1.0,1.0,1300.0,800.0,1.0,,1.0,2.0,2.0,12834.5925,3136.507,3,3,0.0,1.0,0,0,20088,2,,,3.0,,,,3203.5073,9470.0,3800.0,-1,,,,,,,427566.0,2014,659,656,0,0,1,0,0,14.0,12.0,51.0,2014,1.0,2,8,2,301,3011,1,17,0,0,3.0,2.0,,0,3,26,1.0,2,41,1,,1,2,2,2,57,57,57,1,0,0,2.0,1.0,,40.0,,44.0,,,,,,2.0,2.0,0.0,1,2.0,1.0,1.0,1684.0,1057.69,1.0,,2.0,,,13947.2266,3359.7728,3,3,0.0,1.0,0,0,34648,2,,,3.0,,,,3365.4348,9470.0,3800.0,-1,,,,,,,427604.0,2015,671,656,0,0,1,0,0,14.0,12.0,51.0,2015,MIS4_to_MIS8,2014-2015,True,False,False,False,False,False,False,1
971079190004704,12,2.0,1,4,2,301,3011,1,1,,17,0,0,3.0,2.0,,0,1,53,2.0,2,44,1,,1,1,1,1,2,57,57,57,1,0,0,2.0,1.0,,60.0,,75.0,,,,,,2.0,3.0,0.0,1,2.0,2.0,2.0,,961.53,1.0,,2.0,,,12257.4505,3061.654,0,0,0.0,,0,0,5245,1,,,,,,3.0,3090.9759,7860.0,2330.0,4720,,,,,,,427600.0,2014,659,656,0,0,0,0,0,18.0,8.0,40.0,2014,1.0,1,8,2,301,3011,1,17,0,0,3.0,2.0,,0,1,54,2.0,2,44,1,,1,1,1,2,57,57,57,1,0,0,1.0,1.0,,40.0,,40.0,,,,,,2.0,3.0,0.0,1,2.0,2.0,2.0,,1019.23,1.0,,2.0,,,12582.9584,3188.4395,0,0,0.0,,0,0,67361,1,,,,,,,3190.0001,7860.0,2310.0,-1,,,,,,,427634.0,2015,671,656,0,0,0,0,0,,8.0,40.0,2015,MIS4_to_MIS8,2014-2015,True,False,False,False,False,False,False,1
109010515001789,12,1.0,6,4,2,301,3011,1,1,,17,44100,0,,1.0,,2,2,26,,1,40,1,,1,0,0,5,2,57,57,57,1,0,0,1.0,1.0,,40.0,,40.0,,,,,,2.0,2.0,0.0,1,2.0,2.0,2.0,,1057.0,2.0,2.0,2.0,,,12985.4956,3266.7857,0,0,1.0,,0,42,53222,1,,,2.0,,,,3282.4239,9480.0,5400.0,-1,,,,,,,427639.0,2014,659,656,0,0,0,0,0,13.0,17.0,51.0,2014,1.0,6,8,2,301,3011,1,17,44100,0,,1.0,,2,2,26,,1,40,1,,0,0,5,2,57,57,57,1,0,0,1.0,1.0,,35.0,,35.0,,,,,,2.0,5.0,0.0,1,2.0,,1.0,1000.0,370.0,2.0,2.0,2.0,,,13653.5811,3341.8697,0,0,0.0,0.0,0,0,34730,1,,,2.0,,,,3392.2522,9170.0,5400.0,-1,,,,,,,427698.0,2015,671,656,0,0,0,0,0,13.0,17.0,49.0,2015,MIS4_to_MIS8,2014-2015,False,True,False,False,False,True,True,1
502105520710799,12,1.0,1,4,2,301,3011,1,1,,17,16580,0,,1.0,,2,1,45,2.0,2,43,1,,1,1,1,1,2,57,57,57,1,0,0,1.0,1.0,,40.0,,40.0,,,,,,2.0,2.0,0.0,1,2.0,2.0,2.0,,992.3,2.0,2.0,2.0,,,15471.8303,3854.8022,0,0,0.0,,0,0,23722,1,,,,2.0,,,3901.5499,7870.0,230.0,-1,,,,,,,427681.0,2014,659,656,0,0,0,0,0,16.0,1.0,40.0,2014,1.0,1,8,2,301,3011,1,17,16580,0,,1.0,,2,1,46,2.0,2,43,1,,1,1,1,2,57,57,57,1,0,0,1.0,1.0,,40.0,,40.0,,,,,,2.0,2.0,0.0,1,2.0,2.0,2.0,,1057.69,2.0,2.0,2.0,,,13653.8633,3463.7754,0,0,0.0,,0,0,44002,1,,,,,,,3461.4932,7870.0,230.0,-1,,,,,,,427754.0,2015,671,656,0,0,0,0,0,,1.0,40.0,2015,MIS4_to_MIS8,2014-2015,True,False,False,False,False,False,False,1
502105520710799,12,1.0,1,4,2,301,3011,1,1,,17,16580,0,,1.0,,2,3,46,1.0,1,39,1,,2,1,2,1,2,57,57,57,1,0,0,2.0,1.0,,40.0,4.0,32.0,,,4.0,,,4.0,2.0,0.0,1,1.0,1.0,1.0,3029.0,1200.0,1.0,,2.0,,,14169.151,3507.219,0,0,0.0,0.0,0,0,23722,2,1.0,,,,,,3568.9469,7870.0,8310.0,-1,,,,,,,427682.0,2014,659,656,0,0,0,0,0,12.0,21.0,40.0,2014,1.0,1,8,2,301,3011,1,17,16580,0,,1.0,,2,3,47,1.0,1,39,1,,1,2,1,2,57,57,57,1,0,0,2.0,1.0,,40.0,4.0,24.0,,,4.0,,,4.0,2.0,0.0,1,1.0,,1.0,3029.0,1302.52,1.0,,2.0,,,11735.3492,2945.1987,0,0,0.0,0.0,0,0,44002,2,1.0,,,,,,2976.3961,7870.0,8310.0,-1,,,,,,,427755.0,2015,671,656,0,0,0,0,0,12.0,21.0,40.0,2015,MIS4_to_MIS8,2014-2015,True,False,False,False,False,False,False,1
571599150007202,12,1.0,6,4,2,301,3011,1,1,,17,16580,0,,1.0,,2,2,23,,1,43,1,,1,0,0,7,2,57,57,57,1,0,0,1.0,1.0,,40.0,,40.0,,,,,,2.0,3.0,0.0,1,2.0,2.0,2.0,,875.0,2.0,2.0,2.0,,,15944.8604,3788.9476,0,0,0.0,,0,0,20060,1,,,,2.0,,,3956.1327,7870.0,2550.0,-1,,,,,,,427696.0,2014,659,656,0,0,0,0,0,16.0,8.0,40.0,2014,1.0,6,8,2,301,3011,1,17,16580,0,,1.0,,2,2,24,,1,43,1,,0,0,7,2,57,57,57,1,0,0,1.0,1.0,,40.0,,40.0,,,,,,2.0,2.0,0.0,1,2.0,2.0,2.0,,903.84,2.0,2.0,2.0,,,14713.6279,3376.0119,0,0,0.0,,0,0,51079,1,,,,,,,3470.5284,7870.0,1020.0,-1,,,,,,,427768.0,2015,671,656,0,0,0,0,0,,3.0,40.0,2015,MIS4_to_MIS8,2014-2015,True,False,False,False,False,False,True,1
571599150007202,12,1.0,6,4,2,301,3011,1,1,,17,16580,0,,1.0,,2,18,23,,2,43,1,,2,0,0,7,2,57,57,57,1,0,0,2.0,1.0,,40.0,,40.0,,,,,,2.0,3.0,0.0,1,2.0,,1.0,1700.0,680.0,2.0,2.0,2.0,,,15245.1303,3821.4823,0,0,0.0,0.0,0,0,20060,2,,,,2.0,,,3812.1784,7870.0,2550.0,-1,,,,,,,427697.0,2014,659,656,0,0,0,0,0,16.0,8.0,40.0,2014,1.0,6,8,2,301,3011,1,17,16580,0,,1.0,,2,18,24,,2,43,1,,0,0,7,2,57,57,57,1,0,0,2.0,1.0,,40.0,,40.0,,,,,,2.0,2.0,0.0,1,2.0,2.0,2.0,,903.84,2.0,2.0,2.0,,,16015.3645,3790.7615,0,0,0.0,,0,0,51079,2,,,,,,,3804.4372,7870.0,1020.0,-1,,,,,,,427769.0,2015,671,656,0,0,0,0,0,,3.0,40.0,2015,MIS4_to_MIS8,2014-2015,True,False,False,False,False,False,True,1
