hhid,intmonth,hurespli_t,hrhtype_t,minsamp_x,hrlonglk_t,hrsample_t,hrhhid2_t,serial_t,hhnum,state,stfips_t,cbsafips_t,county_t,centcity_t,smsastat_t,icntcity_t,smsa04_t,relref95_t,age_t,spouse_t,sex_t,grade92_t,race_t,ethnic_t,lineno,famnum_t,pfamrel_t,marital_t,prpertyp_t,penatvty_t,pemntvty_t,pefntvty_t,prcitshp_t,prcitflg_t,peinusyr_t,selfproxy_t,lfsr94_t,absent94_t,uhourse_t,reason94_t,hourslw_t,laydur_t,dwrsn_t,why3594_t,prunedur_t,untype_t,ftpt94_t,class94_t,agri_t,eligible_t,otc_t,ernpdh2_t,paidhre_t,earnhre_t,earnwke_t,unionmme_t,unioncov_t,schenr_t,studftpt_t,schlvl_t,earnwt_t,weight_t,chldpres_t,ownchild_t,i25d_t,i25c_t,i25a_t,i25b_t,qstnum_t,occurnum_t,ged_t,gedhigr_t,yrcoll_t,grprof_t,gr6cor_t,ms123_t,cmpwgt_t,ind02_t,occ2011_t,occ002_t,vet1_t,vet2_t,vet3_t,vet4_t,linedad_t,linemom_t,recnum_t,year_t,ym_file_t,ym_t,ch02_t,ch35_t,ch613_t,ch1417_t,ch05_t,ihigrdc_t,race21_t,race26_t,occ2012_t,docc00_t,dind02_t,year_file_x,hurespli_t1,hrhtype_t1,minsamp_y,hrlonglk_t1,hrsample_t1,hrhhid2_t1,serial_t1,stfips_t1,cbsafips_t1,county_t1,centcity_t1,smsastat_t1,icntcity_t1,smsa04_t1,relref95_t1,age_t1,spouse_t1,sex_t1,grade92_t1,race_t1,ethnic_t1,famnum_t1,pfamrel_t1,marital_t1,prpertyp_t1,penatvty_t1,pemntvty_t1,pefntvty_t1,prcitshp_t1,prcitflg_t1,peinusyr_t1,selfproxy_t1,lfsr94_t1,absent94_t1,uhourse_t1,reason94_t1,hourslw_t1,laydur_t1,dwrsn_t1,why3594_t1,prunedur_t1,untype_t1,ftpt94_t1,class94_t1,agri_t1,eligible_t1,otc_t1,ernpdh2_t1,paidhre_t1,earnhre_t1,earnwke_t1,unionmme_t1,unioncov_t1,schenr_t1,studftpt_t1,schlvl_t1,earnwt_t1,weight_t1,chldpres_t1,ownchild_t1,i25d_t1,i25c_t1,i25a_t1,i25b_t1,qstnum_t1,occurnum_t1,ged_t1,gedhigr_t1,yrcoll_t1,grprof_t1,gr6cor_t1,ms123_t1,cmpwgt_t1,ind02_t1,occ2012_t1,occ002_t1,vet1_t1,vet2_t1,vet3_t1,vet4_t1,linedad_t1,linemom_t1,recnum_t1,year_t1,ym_file_t1,ym_t1,ch02_t1,ch35_t1,ch613_t1,ch1417_t1,ch05_t1,ihigrdc_t1,docc00_t1,dind02_t1,year_file_y,pair_type,pair,stayed_public,exited_public,switched_class94,analytic_sample
76199139700590,1,1.0,1,4,2,8900,89001,1,1,33,17,16980,0,1.0,1.0,1.0,7,3,41,1.0,2,44,1,,2,1,2,1,2,57,57,57,1,0,0,2.0,1.0,,40.0,,40.0,,,,,,2.0,3.0,0.0,1,2.0,1.0,1.0,6041.0,1888.0,1.0,,,,,11756.3109,2920.6538,3,1,0.0,0.0,0,0,8670,2,,,,,,2.0,2914.8256,7860.0,2310.0,-1,,,,,,,11054.0,2012,624,621,0,0,1,0,0,18.0,1.0,,,8.0,40.0,2012,1.0,1,8,2,8900,89001,1,17,16980,0,1.0,1.0,1.0,7,3,42,1.0,2,44,1,,1,2,1,2,57,57,57,1,0,0,2.0,1.0,,35.0,,35.0,,,,,,2.0,3.0,0.0,1,2.0,1.0,1.0,6645.0,1650.0,1.0,,2.0,,,10247.4531,2616.5375,3,1,0.0,0.0,0,0,5553,2,,,,,,2.0,2627.8984,7860.0,2310.0,-1,,,,,,,11137.0,2013,636,621,0,0,1,0,0,18.0,8.0,40.0,2013,MIS4_to_MIS8,2012-2013,True,False,False,1
307907191193637,1,1.0,4,4,2,8900,89001,1,1,33,17,16980,0,1.0,1.0,1.0,7,1,39,,2,43,1,,1,1,1,3,2,57,57,57,1,0,0,1.0,1.0,,40.0,,40.0,,,,,,2.0,3.0,0.0,1,2.0,2.0,2.0,,923.07,1.0,,,,,10480.0134,2599.6422,10,2,0.0,,0,0,21640,1,,,,2.0,,,2598.3842,7860.0,2310.0,-1,,,,,,,11135.0,2012,624,621,0,0,1,1,0,16.0,1.0,,,8.0,40.0,2012,1.0,4,8,2,8900,89001,1,17,16980,0,1.0,1.0,1.0,7,1,40,,2,43,1,,1,1,6,2,57,57,57,1,0,0,1.0,1.0,,40.0,,40.0,,,,,,2.0,3.0,0.0,1,2.0,2.0,2.0,,1282.05,1.0,,2.0,,,10247.4531,2616.5375,3,2,0.0,,0,0,52231,1,,,,2.0,,,2627.8984,7860.0,2320.0,-1,,,,,,,11212.0,2013,636,621,0,0,1,0,0,16.0,8.0,40.0,2013,MIS4_to_MIS8,2012-2013,True,False,False,1
530473095417439,1,1.0,7,4,2,8900,89001,1,1,33,17,16980,0,1.0,1.0,1.0,7,2,26,,2,44,1,,1,0,0,7,2,57,57,57,1,0,0,1.0,1.0,,40.0,12.0,32.0,,,12.0,,,4.0,2.0,0.0,1,2.0,2.0,2.0,,1063.46,2.0,2.0,,,,11118.0363,2785.1558,0,0,0.0,,0,0,44604,1,,,,,,1.0,2787.113,6180.0,2630.0,-1,,,,,,,11190.0,2012,624,621,0,0,0,0,0,17.0,1.0,,,9.0,23.0,2012,1.0,7,8,2,8900,89001,1,17,16980,0,1.0,1.0,1.0,7,2,27,,2,44,1,,0,0,7,2,57,57,57,1,0,0,1.0,1.0,,40.0,,40.0,,,,,,2.0,2.0,0.0,1,2.0,2.0,2.0,,1057.69,2.0,2.0,2.0,,,12292.3652,3009.0822,0,0,0.0,,0,0,52232,1,,,,,,1.0,3049.8999,6180.0,1840.0,-1,,,,,,,11276.0,2013,636,621,0,0,0,0,0,17.0,5.0,23.0,2013,MIS4_to_MIS8,2012-2013,True,False,False,1
707908351699157,1,1.0,1,4,2,8900,89001,1,1,33,17,16980,0,1.0,1.0,1.0,7,3,41,1.0,2,34,1,,2,1,2,1,2,57,57,57,1,0,0,2.0,1.0,,40.0,,40.0,,,,,,2.0,3.0,0.0,1,2.0,2.0,2.0,,673.0,1.0,,,,,11756.3109,2920.6538,0,0,1.0,,0,42,55128,2,,,,,,,2914.8256,7860.0,2310.0,-1,,,,,,,11220.0,2012,624,621,0,0,0,0,0,7.5,1.0,,,8.0,40.0,2012,1.0,1,8,2,8900,89001,1,17,16980,0,1.0,1.0,1.0,7,3,43,1.0,2,34,1,,1,2,1,2,57,57,57,1,0,0,2.0,1.0,,40.0,,40.0,,,,,,2.0,4.0,0.0,1,2.0,,1.0,1200.0,480.0,2.0,2.0,2.0,,,10247.4531,2616.5375,0,0,1.0,1.0,0,42,52233,2,,,,,,,2627.8984,8660.0,4230.0,-1,,,,,,,11303.0,2013,636,621,0,0,0,0,0,7.5,14.0,45.0,2013,MIS4_to_MIS8,2012-2013,False,True,True,1
943057986179840,1,1.0,1,4,2,8900,89001,1,1,33,17,16980,0,1.0,1.0,1.0,7,3,50,1.0,1,40,1,1.0,2,1,2,1,2,57,57,57,1,0,0,2.0,1.0,,45.0,5.0,16.0,,,5.0,,,4.0,3.0,0.0,1,1.0,2.0,2.0,,1160.0,2.0,1.0,,,,17028.7872,4330.1925,4,1,1.0,,0,0,51747,2,,,2.0,,,,4326.2799,9380.0,5140.0,-1,,,,,,,11350.0,2012,624,621,0,0,0,1,0,13.0,1.0,,,17.0,51.0,2012,1.0,1,8,2,8900,89001,1,17,16980,0,1.0,1.0,1.0,7,3,51,1.0,1,40,1,1.0,1,2,1,2,57,57,57,1,0,0,2.0,1.0,,40.0,,40.0,,,,,,2.0,3.0,0.0,1,1.0,1.0,1.0,1972.0,615.0,1.0,,2.0,,,12657.6711,3150.5043,0,0,1.0,1.0,0,0,35854,2,,,3.0,,,,3166.076,9370.0,5140.0,-1,,,,,,,11435.0,2013,636,621,0,0,0,0,0,14.0,17.0,51.0,2013,MIS4_to_MIS8,2012-2013,True,False,False,1
102007305043771,1,1.0,1,4,2,8900,89001,1,1,33,17,40420,0,2.0,1.0,,3,3,38,1.0,2,43,1,1.0,2,1,2,1,2,303,303,303,5,0,9,2.0,1.0,,65.0,,65.0,,,,,,2.0,2.0,0.0,1,2.0,2.0,2.0,,576.92,1.0,,,,,10308.7089,2584.5508,10,3,0.0,,0,0,34599,2,,,,1.0,1.0,,2555.9114,7860.0,2310.0,-1,,,,,,,11461.0,2012,624,621,0,0,1,1,0,18.0,1.0,,,8.0,40.0,2012,1.0,1,8,2,8900,89001,1,17,40420,0,2.0,1.0,,3,3,39,1.0,2,43,1,1.0,1,2,1,2,303,303,303,5,0,9,2.0,1.0,,65.0,,65.0,,,,,,2.0,3.0,0.0,1,2.0,2.0,2.0,,692.3,1.0,,2.0,,,10321.2633,2603.1342,10,3,0.0,,0,0,59222,2,,,,1.0,1.0,,2646.8266,7860.0,2310.0,-1,,,,,,,11548.0,2013,636,621,0,0,1,1,0,18.0,8.0,40.0,2013,MIS4_to_MIS8,2012-2013,True,False,True,1
171909007703693,1,1.0,4,4,2,8900,89001,1,1,33,17,16980,0,2.0,1.0,,7,1,60,,2,39,2,,1,1,1,4,2,57,57,57,1,0,0,1.0,1.0,,40.0,,40.0,,,,,,2.0,2.0,0.0,1,2.0,,1.0,1500.0,600.0,1.0,,,,,12721.7417,2732.3331,0,0,1.0,1.0,0,42,51739,1,1.0,,,,,,2706.6556,9470.0,5860.0,-1,,,,,,,11492.0,2012,624,621,0,0,0,0,0,12.0,2.0,,,17.0,51.0,2012,1.0,4,8,2,8900,89001,1,17,16980,0,2.0,1.0,,7,1,61,,2,39,2,,1,1,4,2,57,57,57,1,0,0,1.0,1.0,,40.0,,40.0,,,,,,2.0,2.0,0.0,1,2.0,2.0,2.0,,576.92,2.0,2.0,,,,9918.4575,2354.007,0,0,0.0,,0,0,52224,1,1.0,,,,,,2384.4498,9470.0,5940.0,-1,,,,,,,11582.0,2013,636,621,0,0,0,0,0,12.0,17.0,51.0,2013,MIS4_to_MIS8,2012-2013,True,False,False,1
197867709050761,1,1.0,1,4,2,8900,89001,1,1,33,17,16980,0,2.0,1.0,,7,1,58,2.0,2,44,1,,1,1,1,1,2,57,57,57,1,0,0,1.0,1.0,,40.0,,46.0,,,,,,2.0,3.0,0.0,1,2.0,2.0,2.0,,1153.84,1.0,,,,,11054.8566,2693.9319,0,0,0.0,,0,0,34731,1,,,,,,2.0,2713.7,7860.0,2310.0,-1,,,,,,,11557.0,2012,624,621,0,0,0,0,0,18.0,1.0,,,8.0,40.0,2012,2.0,1,8,2,8900,89001,1,17,16980,0,2.0,1.0,,7,1,59,2.0,2,44,1,,1,1,1,2,57,57,57,1,0,0,2.0,1.0,,40.0,,40.0,,,,,,2.0,3.0,0.0,1,2.0,2.0,2.0,,1115.38,1.0,,,,,10801.8208,2692.5126,0,0,0.0,,0,0,9635,1,,,,,,3.0,2706.9783,7860.0,2320.0,-1,,,,,,,11636.0,2013,636,621,0,0,0,0,0,18.0,8.0,40.0,2013,MIS4_to_MIS8,2012-2013,True,False,False,1
197867709050761,1,1.0,1,4,2,8900,89001,1,1,33,17,16980,0,2.0,1.0,,7,3,58,1.0,1,43,1,,2,1,2,1,2,57,57,57,1,0,0,2.0,1.0,,-4.0,,60.0,,,,,,2.0,3.0,0.0,1,2.0,2.0,2.0,,96.0,2.0,2.0,,,,11562.8966,2793.0843,0,0,1.0,,0,0,34731,2,,,,2.0,,,2828.8937,770.0,6200.0,-1,,,,,,,11558.0,2012,624,621,0,0,0,0,0,16.0,1.0,,,19.0,4.0,2012,2.0,1,8,2,8900,89001,1,17,16980,0,2.0,1.0,,7,3,59,1.0,1,43,1,,1,2,1,2,57,57,57,1,0,0,1.0,1.0,,40.0,,40.0,,,,,,2.0,3.0,0.0,1,2.0,2.0,2.0,,2500.0,2.0,2.0,,,,12710.3852,3171.3395,0,0,0.0,,0,0,9635,2,,,,2.0,,,3189.2378,7790.0,20.0,-1,,,,,,,11637.0,2013,636,621,0,0,0,0,0,16.0,1.0,39.0,2013,MIS4_to_MIS8,2012-2013,True,False,False,1
307007051104327,1,1.0,6,4,2,8900,89001,1,1,33,17,40420,0,2.0,1.0,,3,2,27,,1,43,1,,1,0,0,7,2,57,57,57,1,0,0,1.0,1.0,,80.0,,80.0,,,,,,2.0,3.0,0.0,1,2.0,1.0,1.0,1250.0,961.53,1.0,,,,,13141.2106,3314.6433,0,0,0.0,1.0,0,0,4592,1,,,,2.0,,,3298.2127,7860.0,2310.0,-1,,,,,,,11602.0,2012,624,621,0,0,0,0,0,16.0,1.0,,,8.0,40.0,2012,1.0,6,8,2,8900,89001,1,17,40420,0,2.0,1.0,,3,2,28,,1,43,1,,0,0,7,2,57,57,57,1,0,0,1.0,1.0,,75.0,,75.0,,,,,,2.0,4.0,0.0,1,2.0,2.0,2.0,,865.38,1.0,,2.0,,,11719.8665,2873.6496,0,0,0.0,,0,0,9525,1,,,,2.0,,,2920.922,7860.0,2310.0,-1,,,,,,,11686.0,2013,636,621,0,0,0,0,0,16.0,8.0,40.0,2013,MIS4_to_MIS8,2012-2013,False,True,True,1
371001067001407,1,2.0,1,4,2,8900,89001,1,1,33,17,16980,0,2.0,1.0,,7,3,45,1.0,2,39,1,1.0,2,1,2,1,2,57,57,57,1,0,0,1.0,1.0,,40.0,,44.0,,,,,,2.0,3.0,0.0,1,2.0,,1.0,1800.0,720.0,1.0,,,,,12295.7237,3016.2528,0,0,0.0,0.0,0,0,4625,2,1.0,,,,,,3031.0663,7860.0,5700.0,-1,,,,,,,11649.0,2012,624,621,0,0,0,0,0,12.0,1.0,,,17.0,40.0,2012,2.0,1,8,2,8900,89001,1,17,16980,0,2.0,1.0,,7,3,47,1.0,2,39,1,1.0,1,2,1,2,57,57,57,1,0,0,1.0,1.0,,40.0,,40.0,,,,,,2.0,4.0,0.0,1,2.0,,1.0,1900.0,760.0,1.0,,2.0,,,10914.7383,2742.5716,0,0,0.0,0.0,0,0,52283,2,1.0,,,,,,2745.3627,7860.0,5700.0,-1,,,,,,,11743.0,2013,636,621,0,0,0,0,0,12.0,17.0,40.0,2013,MIS4_to_MIS8,2012-2013,False,True,True,1
371544057803393,1,1.0,1,4,2,8900,89001,1,1,33,17,16980,0,2.0,1.0,,7,4,21,,2,40,1,,3,1,3,7,2,57,57,57,1,0,0,2.0,1.0,,20.0,,20.0,,,20.0,,,7.0,2.0,0.0,1,2.0,,1.0,800.0,160.0,2.0,2.0,1.0,1.0,2.0,13116.3802,3210.3078,0,0,1.0,1.0,0,0,51741,3,,,4.0,,,,3225.777,7870.0,1965.0,-1,,,,,1.0,1.0,11655.0,2012,624,621,0,0,0,0,0,15.0,1.0,,,5.0,40.0,2012,1.0,1,8,2,8900,89001,1,17,16980,0,2.0,1.0,,7,4,22,,2,40,1,,1,3,7,2,57,57,57,1,0,0,2.0,4.0,,,,,,,,1.0,5.0,11.0,2.0,0.0,2,,,,,,,,2.0,,,11866.9167,2978.2344,0,0,,,0,0,5552,3,,,5.0,,,,2902.9158,7870.0,2200.0,-1,,,,,1.0,1.0,11750.0,2013,636,621,0,0,0,0,0,16.0,8.0,40.0,2013,MIS4_to_MIS8,2012-2013,True,False,False,1
407000031101677,1,2.0,2,4,2,8900,89001,1,1,33,17,16980,0,2.0,1.0,,7,3,29,1.0,1,40,2,,2,1,2,2,2,110,57,57,3,0,21,1.0,1.0,,40.0,,42.0,,,,,,2.0,1.0,0.0,1,2.0,1.0,1.0,2200.0,850.0,2.0,2.0,,,,9560.8813,2330.9195,6,3,0.0,0.0,0,0,51791,2,,,2.0,,,,2367.0815,9590.0,3930.0,-1,1.0,,,,,,11662.0,2012,624,621,1,0,1,0,1,13.0,2.0,,,12.0,51.0,2012,2.0,2,8,2,8900,89001,1,17,16980,0,2.0,1.0,,7,3,30,1.0,1,40,2,,1,2,2,2,110,57,57,3,0,14,1.0,1.0,,40.0,,40.0,,,,,,2.0,1.0,0.0,1,2.0,1.0,1.0,2400.0,928.0,2.0,2.0,1.0,1.0,2.0,10097.7708,2471.2565,8,3,0.0,0.0,0,0,33663,2,,,4.0,,,,2469.7084,9590.0,3820.0,-1,1.0,,,,,,11760.0,2013,636,621,0,1,1,0,1,15.0,12.0,51.0,2013,MIS4_to_MIS8,2012-2013,True,False,False,1
471727047706393,1,2.0,1,4,2,8900,89001,1,1,33,17,16980,0,2.0,1.0,,7,1,32,2.0,1,42,1,,1,1,1,1,2,57,57,57,1,0,0,2.0,1.0,,40.0,,40.0,,,,,,2.0,3.0,0.0,1,1.0,2.0,2.0,,1346.15,1.0,,,,,10975.1876,2742.8417,11,4,0.0,,0,0,21625,1,,,3.0,,,,2754.579,9470.0,3850.0,-1,,,,,,,11685.0,2012,624,621,1,1,1,0,1,14.0,1.0,,,12.0,51.0,2012,1.0,1,8,2,8900,89001,1,17,16980,0,2.0,1.0,,7,1,33,2.0,1,41,1,,1,1,1,2,57,57,57,1,0,0,1.0,1.0,,40.0,,40.0,,,,,,2.0,3.0,0.0,1,2.0,2.0,2.0,,1346.15,1.0,,2.0,,,10342.5584,2574.9754,11,4,0.0,,0,0,45485,1,,,3.0,,,,2577.6579,9470.0,3850.0,-1,,,,,,,11776.0,2013,636,621,1,1,1,0,1,14.0,12.0,51.0,2013,MIS4_to_MIS8,2012-2013,True,False,False,1
710700067003114,1,2.0,1,4,2,8900,89001,1,1,33,17,16980,0,2.0,1.0,,7,1,44,2.0,1,44,2,,1,1,1,1,2,57,57,57,1,0,0,2.0,1.0,,40.0,,40.0,,,,,,2.0,3.0,0.0,1,2.0,2.0,2.0,,2638.88,2.0,2.0,,,,13729.0645,3261.7335,3,2,0.0,,0,0,18217,1,,,,,,3.0,3273.6699,7860.0,230.0,-1,,,,,,,11766.0,2012,624,621,0,0,1,0,0,18.0,2.0,,,1.0,40.0,2012,1.0,1,8,2,8900,89001,1,17,16980,0,2.0,1.0,,7,1,45,2.0,1,44,2,,1,1,1,2,57,57,57,1,0,0,1.0,1.0,,45.0,,43.0,,,,,,2.0,3.0,0.0,1,2.0,2.0,2.0,,1818.18,2.0,2.0,2.0,,,13326.2631,3406.7394,3,2,0.0,,0,0,19737,1,,,,,,3.0,3384.1899,7860.0,230.0,-1,,,,,,,11858.0,2013,636,621,0,0,1,0,0,18.0,1.0,40.0,2013,MIS4_to_MIS8,2012-2013,True,False,False,1
710709906593381,1,2.0,1,4,2,8900,89001,1,1,33,17,16980,0,2.0,1.0,,7,3,45,1.0,2,42,1,,2,1,2,1,2,57,57,57,1,0,0,1.0,1.0,,-4.0,,10.0,,,15.0,,,6.0,3.0,0.0,1,2.0,,1.0,1131.0,79.17,2.0,2.0,,,,11889.7902,2892.21,3,2,0.0,0.0,0,0,21746,2,,,3.0,,,,2930.9981,7860.0,2310.0,4200,,,,,,,11780.0,2012,624,621,0,0,1,0,0,14.0,1.0,,,8.0,40.0,2012,2.0,1,8,2,8900,89001,1,17,16980,0,2.0,1.0,,7,3,46,1.0,2,42,1,,1,2,1,2,57,57,57,1,0,0,1.0,1.0,,30.0,1.0,29.0,,,1.0,,,3.0,3.0,0.0,1,2.0,,1.0,1212.0,363.6,1.0,,2.0,,,12225.0179,3041.9353,3,2,0.0,0.0,0,0,5560,2,,,3.0,,,,3074.9347,7860.0,2540.0,4220,,,,,,,11872.0,2013,636,621,0,0,1,0,0,14.0,8.0,40.0,2013,MIS4_to_MIS8,2012-2013,True,False,False,1
771005017001105,1,1.0,1,4,2,8900,89001,1,1,33,17,16980,0,2.0,1.0,,7,3,27,1.0,2,43,1,,2,1,2,1,2,57,57,57,1,0,0,2.0,1.0,,40.0,,40.0,,,,,,2.0,3.0,0.0,1,2.0,2.0,2.0,,1057.69,1.0,,,,,10525.454,2636.7093,3,1,0.0,,0,0,21763,2,,,,2.0,,,2638.5622,7860.0,2310.0,-1,,,,,,,11819.0,2012,624,621,0,0,1,0,0,16.0,1.0,,,8.0,40.0,2012,1.0,1,8,2,8900,89001,1,17,16980,0,2.0,1.0,,7,3,28,1.0,2,43,1,,1,2,1,2,57,57,57,1,0,0,2.0,1.0,,40.0,,40.0,,,,,,2.0,4.0,0.0,1,2.0,2.0,2.0,,826.0,1.0,,2.0,,,11740.7773,2874.0575,3,1,1.0,,0,42,9754,2,,,,2.0,,,2913.0435,7860.0,2310.0,-1,,,,,,,11907.0,2013,636,621,0,0,1,0,0,16.0,8.0,40.0,2013,MIS4_to_MIS8,2012-2013,False,True,True,1
951017994179500,1,2.0,1,4,2,8900,89001,1,1,33,17,41180,0,2.0,1.0,,6,1,37,2.0,1,44,1,,1,1,1,1,2,57,120,57,1,0,0,2.0,1.0,,40.0,5.0,8.0,,,5.0,,,4.0,3.0,0.0,1,2.0,2.0,2.0,,576.92,1.0,,,,,11914.5504,2894.7533,3,1,0.0,,0,0,32567,1,,,,,,2.0,2913.2604,7860.0,2310.0,-1,,,,,,,11904.0,2012,624,621,0,0,1,0,0,18.0,1.0,,,8.0,40.0,2012,2.0,1,8,2,8900,89001,1,17,41180,0,2.0,1.0,,6,1,38,2.0,1,44,1,,1,1,1,2,57,120,57,1,0,0,2.0,2.0,5.0,40.0,,,,,,,,5.0,3.0,0.0,1,2.0,2.0,2.0,,1125.0,1.0,,2.0,,,9676.0443,2385.2542,6,2,1.0,,0,0,23279,1,,,,,,2.0,2393.3525,7860.0,2320.0,-1,,,,,,,12004.0,2013,636,621,1,0,1,0,1,18.0,8.0,40.0,2013,MIS4_to_MIS8,2012-2013,True,False,False,1
979057970179950,1,1.0,7,4,2,8900,89001,1,1,33,17,16980,0,2.0,1.0,,7,2,26,,2,43,1,,1,0,0,7,2,57,57,57,1,0,0,1.0,1.0,,38.0,,38.0,,,,,,2.0,3.0,0.0,1,2.0,,1.0,1800.0,684.0,1.0,,,,,10525.454,2636.7093,0,0,0.0,0.0,0,0,8727,1,,,,2.0,,,2638.5622,9480.0,3540.0,-1,,,,,,,11958.0,2012,624,621,0,0,0,0,0,16.0,1.0,,,10.0,51.0,2012,1.0,7,8,2,8900,89001,1,17,16980,0,2.0,1.0,,7,2,27,,2,43,1,,0,0,7,2,57,57,57,1,0,0,1.0,1.0,,38.0,,38.0,,,,,,2.0,3.0,0.0,1,2.0,,1.0,1900.0,722.0,1.0,,2.0,,,11740.7773,2874.0575,0,0,0.0,0.0,0,0,35904,1,,,,1.0,2.0,,2913.0435,9480.0,3540.0,-1,,,,,,,12060.0,2013,636,621,0,0,0,0,0,17.0,10.0,51.0,2013,MIS4_to_MIS8,2012-2013,True,False,False,1
100970091717919,1,1.0,1,4,2,8900,89001,1,1,33,17,0,0,3.0,2.0,,0,1,41,2.0,1,43,1,,1,1,1,1,2,57,57,57,1,0,0,1.0,1.0,,50.0,,50.0,,,,,,2.0,3.0,0.0,1,2.0,2.0,2.0,,692.3,1.0,,,,,10975.5153,2676.5634,0,0,0.0,,0,0,21847,1,,,,1.0,1.0,,2683.6543,7860.0,2320.0,-1,,,,,,,12001.0,2012,624,621,0,0,0,0,0,18.0,1.0,,,8.0,40.0,2012,2.0,1,8,2,8900,89001,1,17,0,0,3.0,2.0,,0,1,42,2.0,1,44,1,,1,1,1,2,57,57,57,1,0,0,2.0,1.0,,40.0,,40.0,,,,,,2.0,3.0,0.0,1,2.0,2.0,2.0,,1125.0,1.0,,2.0,,,9837.1988,2422.9874,1,1,0.0,,0,0,52301,1,,,,,,3.0,2433.2138,7860.0,2320.0,-1,,,,,,,12102.0,2013,636,621,1,0,0,0,1,18.0,8.0,40.0,2013,MIS4_to_MIS8,2012-2013,True,False,False,1
100970091717919,1,1.0,1,4,2,8900,89001,1,1,33,17,0,0,3.0,2.0,,0,3,36,1.0,2,43,1,,2,1,2,1,2,57,57,57,1,0,0,2.0,1.0,,50.0,,50.0,,,,,,2.0,3.0,0.0,1,2.0,2.0,2.0,,692.3,1.0,,,,,9925.2239,2462.0227,0,0,0.0,,0,0,21847,2,,,,1.0,1.0,,2460.8312,7860.0,2320.0,-1,,,,,,,12002.0,2012,624,621,0,0,0,0,0,18.0,1.0,,,8.0,40.0,2012,2.0,1,8,2,8900,89001,1,17,0,0,3.0,2.0,,0,3,37,1.0,2,43,1,,1,2,1,2,57,57,57,1,0,0,1.0,2.0,8.0,40.0,,,,,,,,5.0,3.0,0.0,1,2.0,2.0,2.0,,1125.0,1.0,,2.0,,,9694.2315,2464.7721,1,1,0.0,,0,0,52301,2,,,,1.0,1.0,,2486.028,7860.0,2320.0,-1,,,,,,,12103.0,2013,636,621,1,0,0,0,1,18.0,8.0,40.0,2013,MIS4_to_MIS8,2012-2013,True,False,False,1
571558067001409,1,2.0,1,4,2,8900,89001,1,1,33,17,0,99,3.0,2.0,,0,1,47,2.0,2,41,1,,1,1,1,1,2,57,57,57,1,0,0,2.0,1.0,,40.0,,40.0,,,,,,2.0,3.0,0.0,1,2.0,2.0,2.0,,211.0,2.0,2.0,,,,11894.3281,2893.3138,0,0,1.0,,0,0,18220,1,,,3.0,,,,2932.1168,7870.0,1010.0,-1,,,,,,,12025.0,2012,624,621,0,0,0,0,0,14.0,1.0,,,3.0,40.0,2012,2.0,1,8,2,8900,89001,1,17,0,99,3.0,2.0,,0,1,48,2.0,2,41,1,,1,1,1,2,57,57,57,1,0,0,2.0,1.0,,40.0,,40.0,,,,,,2.0,3.0,0.0,1,2.0,2.0,2.0,,333.0,2.0,2.0,2.0,,,12354.5914,3074.1769,0,0,1.0,,0,0,9778,1,,,3.0,,,,3107.5261,7870.0,1010.0,-1,,,,,,,12126.0,2013,636,621,0,0,0,0,0,14.0,3.0,40.0,2013,MIS4_to_MIS8,2012-2013,True,False,False,1
571558067001409,1,2.0,1,4,2,8900,89001,1,1,33,17,0,99,3.0,2.0,,0,3,46,1.0,1,40,1,,2,1,2,1,2,57,57,57,1,0,0,1.0,1.0,,50.0,,50.0,,,,,,2.0,3.0,0.0,1,2.0,2.0,2.0,,1019.23,2.0,2.0,,,,11893.0358,3018.6841,0,0,0.0,,0,0,18220,2,,,3.0,,,,3021.5071,7870.0,230.0,-1,,,,,,,12026.0,2012,624,621,0,0,0,0,0,14.0,1.0,,,1.0,40.0,2012,2.0,1,8,2,8900,89001,1,17,0,99,3.0,2.0,,0,3,47,1.0,1,40,1,,1,2,1,2,57,57,57,1,0,0,1.0,1.0,,45.0,,45.0,,,,,,2.0,3.0,0.0,1,2.0,2.0,2.0,,576.0,2.0,2.0,2.0,,,12282.8746,3070.4972,0,0,1.0,,0,0,9778,2,,,1.0,,,,3072.3278,7870.0,4200.0,-1,,,,,,,12127.0,2013,636,621,0,0,0,0,0,12.0,14.0,40.0,2013,MIS4_to_MIS8,2012-2013,True,False,False,1
780978063917169,1,1.0,1,4,2,8900,89001,1,1,33,17,0,99,3.0,2.0,,0,4,49,,1,44,1,,3,1,3,5,2,57,57,57,1,0,0,2.0,1.0,,15.0,,15.0,,,20.0,,,7.0,2.0,0.0,1,2.0,1.0,1.0,925.0,192.0,2.0,2.0,,,,11893.0358,3018.6841,0,0,1.0,1.0,0,0,8760,3,,,,,,3.0,3021.5071,7870.0,1107.0,-1,,,,,2.0,2.0,12043.0,2012,624,621,0,0,0,0,0,18.0,1.0,,,3.0,40.0,2012,1.0,3,8,2,8900,89001,1,17,0,99,3.0,2.0,,0,4,51,,1,44,1,,1,3,5,2,57,57,57,1,0,0,2.0,1.0,,27.0,,27.0,,,20.0,,,7.0,2.0,0.0,1,2.0,,1.0,1700.0,459.0,2.0,2.0,1.0,1.0,2.0,11333.0428,2824.578,0,0,0.0,0.0,0,0,9779,3,,,,,,3.0,2834.7454,7870.0,5800.0,-1,,,,,,2.0,12150.0,2013,636,621,0,0,0,0,0,18.0,17.0,40.0,2013,MIS4_to_MIS8,2012-2013,True,False,False,1
799100711090971,1,1.0,3,4,2,8900,89001,1,1,33,17,0,0,3.0,2.0,,0,1,57,,1,44,1,,1,1,1,3,2,57,57,57,1,0,0,1.0,1.0,,50.0,,42.0,,,,,,2.0,3.0,0.0,1,2.0,2.0,2.0,,1403.84,2.0,2.0,,,,11567.3097,2794.1503,0,0,0.0,,0,0,44675,1,,,,,,2.0,2829.9734,9470.0,3710.0,2200,3.0,,,,,,12047.0,2012,624,621,0,0,0,0,0,18.0,1.0,,,12.0,51.0,2012,1.0,3,8,2,8900,89001,1,17,0,0,3.0,2.0,,0,1,57,,1,44,1,,1,1,3,2,57,57,57,1,0,0,1.0,1.0,,55.0,,55.0,,,,,,2.0,3.0,0.0,1,2.0,2.0,2.0,,1500.0,2.0,2.0,,,,12845.1031,3204.9527,0,0,0.0,,0,0,52300,1,,,,,,2.0,3223.0407,9470.0,3710.0,2540,3.0,,,,,,12155.0,2013,636,621,0,0,0,0,0,18.0,12.0,51.0,2013,MIS4_to_MIS8,2012-2013,True,False,False,1
799100711090971,1,1.0,3,4,2,8900,89001,1,1,33,17,0,0,3.0,2.0,,0,4,24,,1,40,1,,2,1,3,7,2,57,57,57,1,0,0,2.0,7.0,,,,,,,,,,1.0,3.0,0.0,2,,,,,,,,1.0,1.0,2.0,13262.2177,3335.102,0,0,,,0,0,44675,2,,,4.0,,,,3323.1561,9370.0,4250.0,-1,,,,,,1.0,12048.0,2012,624,621,0,0,0,0,0,15.0,1.0,,,14.0,51.0,2012,1.0,3,8,2,8900,89001,1,17,0,0,3.0,2.0,,0,4,25,,1,43,1,,1,3,7,2,57,57,57,1,0,0,2.0,1.0,,20.0,,20.0,,,20.0,,,7.0,4.0,0.0,1,1.0,,1.0,214.0,217.8,2.0,2.0,1.0,1.0,2.0,11863.2443,2908.8051,0,0,1.0,1.0,0,0,52300,2,,,,1.0,1.0,,2956.6558,8680.0,4110.0,-1,,,,,,1.0,12156.0,2013,636,621,0,0,0,0,0,18.0,13.0,46.0,2013,MIS4_to_MIS8,2012-2013,False,True,True,1
799280230480971,1,1.0,1,4,2,8900,89001,1,1,33,17,0,0,3.0,2.0,,0,3,72,1.0,1,43,1,4.0,2,1,2,1,2,57,57,57,1,0,0,2.0,1.0,,40.0,,40.0,,,,,,2.0,1.0,0.0,1,1.0,,1.0,740.0,356.0,2.0,2.0,,,,11999.6202,2941.6573,1,1,1.0,1.0,0,42,21911,2,,,,2.0,,,2886.067,9590.0,7200.0,-1,,,,,,,12054.0,2012,624,621,1,0,0,0,1,16.0,1.0,,,20.0,51.0,2012,2.0,1,8,2,8900,89001,1,17,0,0,3.0,2.0,,0,3,73,1.0,1,43,1,,1,2,1,2,57,57,57,1,0,0,1.0,1.0,,40.0,,40.0,,,,,,2.0,1.0,0.0,1,2.0,,1.0,2000.0,800.0,2.0,2.0,,,,12291.8847,2805.0687,2,1,1.0,1.0,0,42,55546,2,,,,2.0,,,2801.6509,7290.0,9300.0,-1,,,,,,,12164.0,2013,636,621,0,1,0,0,1,16.0,22.0,36.0,2013,MIS4_to_MIS8,2012-2013,True,False,False,1
927109970389105,1,1.0,1,4,2,8900,89001,1,1,33,17,0,0,3.0,2.0,,0,6,67,,2,44,1,,5,1,4,5,2,57,57,57,1,0,0,2.0,1.0,,40.0,,40.0,,,,,,2.0,2.0,0.0,1,2.0,2.0,2.0,,711.53,2.0,2.0,,,,10319.6237,2684.7275,0,0,0.0,,0,0,34802,5,,,,,,2.0,2638.2664,7870.0,2000.0,-1,,,,,,,12082.0,2012,624,621,0,0,0,0,0,18.0,1.0,,,6.0,40.0,2012,6.0,4,8,2,8900,89001,1,17,0,0,3.0,2.0,,0,6,68,,2,44,1,,1,4,5,2,57,57,57,1,0,0,2.0,1.0,,40.0,6.0,3.0,,,6.0,,,4.0,2.0,0.0,1,2.0,2.0,2.0,,719.23,2.0,2.0,,,,10459.1788,2643.8437,0,0,0.0,,0,0,9717,5,,,,,,2.0,2593.9806,7870.0,2000.0,2340,,,,,,,12193.0,2013,636,621,0,0,0,0,0,18.0,6.0,40.0,2013,MIS4_to_MIS8,2012-2013,True,False,False,1
957409570476107,1,1.0,1,4,2,8900,89001,1,1,33,17,0,0,3.0,2.0,,0,3,58,1.0,1,39,1,,2,1,2,1,2,57,57,57,1,0,0,2.0,1.0,,15.0,,15.0,,,21.0,,,7.0,3.0,0.0,1,2.0,,1.0,1050.0,157.5,2.0,2.0,,,,11567.3097,2794.1503,0,0,1.0,1.0,0,0,8587,2,1.0,,,,,,2829.9734,7860.0,4220.0,-1,,,,,,,12106.0,2012,624,621,0,0,0,0,0,12.0,1.0,,,14.0,40.0,2012,1.0,1,8,2,8900,89001,1,17,0,0,3.0,2.0,,0,3,59,1.0,1,39,1,,1,2,1,2,57,57,57,1,0,0,2.0,1.0,,15.0,,15.0,,,21.0,,,7.0,5.0,0.0,1,2.0,,1.0,800.0,120.0,2.0,2.0,,,,12845.1031,3204.9527,0,0,1.0,1.0,0,42,35722,2,1.0,,,,,,3223.0407,7860.0,4220.0,-1,,,,,,,12217.0,2013,636,621,0,0,0,0,0,12.0,14.0,40.0,2013,MIS4_to_MIS8,2012-2013,False,True,True,1
310971096817249,1,2.0,1,4,2,8900,89001,1,1,33,17,16580,0,,1.0,,2,3,41,1.0,2,43,1,,2,1,2,1,2,57,57,57,1,0,0,1.0,1.0,,38.0,,38.0,,,,,,2.0,2.0,0.0,1,2.0,,1.0,1685.0,640.3,2.0,2.0,,,,11185.4078,2778.8227,3,1,1.0,1.0,0,42,51688,2,,,,2.0,,,2773.2776,7870.0,5700.0,-1,,,,,,,12163.0,2012,624,621,0,0,1,0,0,16.0,1.0,,,17.0,40.0,2012,2.0,1,8,2,8900,89001,1,17,16580,0,,1.0,,2,3,42,1.0,2,43,1,,1,2,1,2,57,57,57,1,0,0,1.0,1.0,,38.0,,38.0,,,,,,2.0,2.0,0.0,1,2.0,2.0,2.0,,1868.0,2.0,2.0,2.0,,,9885.1249,2524.0223,4,1,1.0,,0,0,35736,2,,,,2.0,,,2534.9815,7870.0,5000.0,-1,,,,,,,12264.0,2013,636,621,0,0,0,1,0,16.0,17.0,40.0,2013,MIS4_to_MIS8,2012-2013,True,False,False,1
799110928240971,1,1.0,4,4,2,8900,89001,1,1,33,17,28100,91,,1.0,,2,1,32,,2,43,2,,1,1,1,7,2,57,57,57,1,0,0,1.0,1.0,,40.0,,40.0,,,,,,2.0,2.0,0.0,1,2.0,2.0,2.0,,461.0,1.0,,,,,12925.4792,2981.1574,2,1,1.0,,0,0,21759,1,,,,2.0,,,3059.7492,8090.0,3420.0,-1,,,,,,,12181.0,2012,624,621,0,1,0,0,1,16.0,2.0,,,10.0,42.0,2012,2.0,7,8,2,8900,89001,1,17,28100,91,,1.0,,2,2,22,,2,40,2,,0,0,7,2,57,57,57,1,0,0,2.0,7.0,,,,,,,,,,1.0,,,2,,,,,,,,1.0,1.0,2.0,10410.9201,3250.7122,0,0,,,0,0,9750,1,,,2.0,,,,3352.8529,,,-1,,,,,,,12277.0,2013,636,621,0,0,0,0,0,13.0,,,2013,MIS4_to_MIS8,2012-2013,False,True,True,1
799330744530971,1,2.0,1,4,2,8900,89001,1,1,33,17,44100,0,,1.0,,2,1,55,2.0,2,43,1,,1,1,1,1,2,57,57,57,1,0,0,2.0,1.0,,40.0,5.0,8.0,,,5.0,,,4.0,2.0,0.0,1,2.0,,1.0,3200.0,1280.0,1.0,,,,,10982.8327,2676.3806,0,0,0.0,0.0,0,0,34910,1,,,,1.0,2.0,,2696.0199,7860.0,6355.0,-1,,,,,,,12183.0,2012,624,621,0,0,0,0,0,17.0,1.0,,,19.0,40.0,2012,2.0,1,8,2,8900,89001,1,17,44100,0,,1.0,,2,1,56,2.0,2,43,1,,1,1,1,2,57,57,57,1,0,0,2.0,1.0,,40.0,,40.0,,,,,,2.0,2.0,0.0,1,2.0,,1.0,4500.0,1800.0,1.0,,,,,10784.3766,2688.1644,0,0,0.0,0.0,0,0,23325,1,,,,1.0,1.0,,2702.6068,7860.0,6355.0,-1,,,,,,,12279.0,2013,636,621,0,0,0,0,0,18.0,19.0,40.0,2013,MIS4_to_MIS8,2012-2013,True,False,False,1
917037946179590,1,1.0,4,4,2,8900,89001,1,1,33,17,19500,115,,1.0,,2,1,33,,2,40,2,,1,1,1,7,2,57,57,57,1,0,0,1.0,4.0,,,,,,,,13.0,5.0,12.0,3.0,0.0,2,,,,,,,,,,,16230.5773,2926.2115,3,1,,,0,0,8779,1,,,2.0,,,,2701.2424,9370.0,5120.0,-1,,,,,,,12201.0,2012,624,621,0,0,1,0,0,13.0,2.0,,,17.0,51.0,2012,1.0,4,8,2,8900,89001,1,17,19500,115,,1.0,,2,1,34,,2,40,2,,1,1,7,2,57,57,57,1,0,0,1.0,7.0,,,,,,,,,,1.0,,,2,,,,,,,,2.0,,,14131.1968,3723.2908,3,1,,,0,0,45562,1,,,2.0,,,,3633.2317,,,-1,,,,,,,12302.0,2013,636,621,0,0,1,0,0,13.0,,,2013,MIS4_to_MIS8,2012-2013,False,True,True,1
383193298700718,2,1.0,6,4,2,8900,89001,1,1,33,17,16980,0,1.0,1.0,1.0,7,14,41,,1,46,1,,2,0,0,5,2,57,57,57,1,0,0,2.0,1.0,,40.0,,40.0,,,,,,2.0,1.0,0.0,1,2.0,2.0,2.0,,1346.15,2.0,2.0,,,,12365.5454,3206.4471,0,0,0.0,,0,0,44390,2,,,,,,,3151.8362,8190.0,1820.0,-1,,,,,,,49169.0,2012,625,622,0,0,0,0,0,18.0,1.0,,,5.0,41.0,2012,1.0,6,8,2,8900,89001,1,17,16980,0,1.0,1.0,1.0,7,14,42,,1,46,1,,0,0,5,2,57,57,57,1,0,0,2.0,1.0,,40.0,,40.0,,,,,,2.0,4.0,0.0,1,2.0,2.0,2.0,,1730.76,2.0,2.0,1.0,2.0,2.0,12562.3534,3177.7747,0,0,0.0,,0,0,43586,2,,,,,,,3167.8341,8190.0,3150.0,-1,,,,,,,49200.0,2013,637,622,0,0,0,0,0,18.0,10.0,41.0,2013,MIS4_to_MIS8,2012-2013,False,True,True,1
384194589700768,2,1.0,4,4,2,8900,89001,1,1,33,17,16980,0,1.0,1.0,1.0,7,1,59,,2,43,2,,1,1,1,4,2,57,57,57,1,0,0,1.0,1.0,,40.0,,40.0,,,,,,2.0,3.0,0.0,1,2.0,2.0,2.0,,576.92,1.0,,,,,13492.305,2946.6449,0,0,0.0,,0,0,22137,1,,,,2.0,,,2916.6233,9470.0,3850.0,-1,,,,,,,49170.0,2012,625,622,0,0,0,0,0,16.0,2.0,,,12.0,51.0,2012,1.0,4,8,2,8900,89001,1,17,16980,0,1.0,1.0,1.0,7,1,60,,2,43,2,,1,1,4,2,57,57,57,1,0,0,1.0,1.0,,40.0,,40.0,,,,,,2.0,3.0,0.0,1,2.0,2.0,2.0,,730.76,1.0,,,,,11397.9935,3001.4916,0,0,0.0,,0,0,8594,1,,,,2.0,,,3039.3944,9370.0,5860.0,-1,,,,,,,49201.0,2013,637,622,0,0,0,0,0,16.0,17.0,51.0,2013,MIS4_to_MIS8,2012-2013,True,False,False,1
408908451796387,2,1.0,7,4,2,8900,89001,1,1,33,17,16980,0,1.0,1.0,1.0,7,2,70,,2,44,2,,1,0,0,5,2,57,57,57,1,0,0,1.0,4.0,,,,,,,,116.0,5.0,11.0,2.0,0.0,2,,,,,,,,,,,9157.5437,2972.4139,0,0,,,0,0,22135,1,,,,,,2.0,2864.9286,9480.0,230.0,-1,,,,,,,49173.0,2012,625,622,0,0,0,0,0,18.0,2.0,,,1.0,51.0,2012,1.0,7,8,2,8900,89001,1,17,16980,0,1.0,1.0,1.0,7,2,71,,2,44,2,,0,0,5,2,57,57,57,1,0,0,1.0,6.0,,,,,,,,,,1.0,,,2,,,,,,,,,,,11465.9917,2967.9038,0,0,,,0,0,8593,1,,,,,,2.0,2950.1289,,,-1,,,,,,,49205.0,2013,637,622,0,0,0,0,0,18.0,,,2013,MIS4_to_MIS8,2012-2013,False,True,True,1
677249380349107,2,1.0,1,4,2,8900,89001,1,1,33,17,16980,0,1.0,1.0,1.0,7,1,45,2.0,2,43,2,,1,1,1,1,2,57,57,57,1,0,0,1.0,1.0,,36.0,5.0,28.0,,,5.0,,,4.0,1.0,0.0,1,2.0,2.0,2.0,,1538.46,1.0,,,,,12168.539,3328.9485,10,2,0.0,,0,0,51471,1,,,,2.0,,,3295.0317,9490.0,430.0,-1,,,,,,,49213.0,2012,625,622,0,0,1,1,0,16.0,2.0,,,1.0,51.0,2012,1.0,1,8,2,8900,89001,1,17,16980,0,1.0,1.0,1.0,7,1,46,2.0,2,43,2,,1,1,1,2,57,57,57,1,0,0,1.0,1.0,,40.0,,40.0,,,,,,2.0,1.0,0.0,1,2.0,2.0,2.0,,1250.0,1.0,,2.0,,,12016.7348,3099.8945,3,1,0.0,,0,0,70197,1,,,,2.0,,,3139.04,7070.0,430.0,-1,,,,,,,49245.0,2013,637,622,0,0,1,0,0,16.0,1.0,34.0,2013,MIS4_to_MIS8,2012-2013,True,False,False,1
758430773420981,2,1.0,7,4,2,8900,89001,1,1,33,17,16980,0,1.0,1.0,1.0,7,2,45,,2,39,2,,1,0,0,7,2,57,57,57,1,0,0,1.0,1.0,,37.0,6.0,30.0,,,6.0,,,4.0,2.0,0.0,1,2.0,2.0,2.0,,461.53,1.0,,,,,12168.539,3328.9485,0,0,0.0,,0,0,4964,1,2.0,7.0,,,,,3295.0317,9480.0,5400.0,-1,,,,,,,49237.0,2012,625,622,0,0,0,0,0,11.0,2.0,,,17.0,51.0,2012,1.0,7,8,2,8900,89001,1,17,16980,0,1.0,1.0,1.0,7,2,46,,2,39,2,,0,0,7,2,57,57,57,1,0,0,1.0,1.0,,38.0,6.0,30.0,,,6.0,,,4.0,2.0,0.0,1,2.0,2.0,2.0,,952.5,1.0,,2.0,,,12016.7348,3099.8945,0,0,0.0,,0,0,18217,1,2.0,7.0,,,,,3139.04,9480.0,5860.0,-1,,,,,,,49264.0,2013,637,622,0,0,0,0,0,11.0,17.0,51.0,2013,MIS4_to_MIS8,2012-2013,True,False,False,1
810709915835947,2,1.0,1,4,2,8900,89001,1,1,33,17,16980,0,1.0,1.0,1.0,7,3,49,1.0,1,39,1,2.0,2,1,2,1,2,73,73,73,2,0,12,2.0,1.0,,40.0,,40.0,,,,,,2.0,3.0,0.0,1,2.0,2.0,2.0,,1250.0,1.0,,,,,12175.7019,3063.7956,0,0,0.0,,0,0,22131,2,1.0,,,,,,3016.8709,9370.0,9620.0,-1,,,,,,,49263.0,2012,625,622,0,0,0,0,0,12.0,1.0,,,22.0,51.0,2012,1.0,1,8,2,8900,89001,1,17,16980,0,1.0,1.0,1.0,7,3,51,1.0,1,39,1,2.0,1,2,1,2,73,73,73,2,0,12,2.0,1.0,,40.0,,40.0,,,,,,2.0,3.0,0.0,1,2.0,,1.0,3500.0,1400.0,1.0,,2.0,,,13351.1802,3355.1177,0,0,0.0,0.0,0,0,8591,2,1.0,,,,,,3329.7387,9370.0,6260.0,-1,,,,,,,49296.0,2013,637,622,0,0,0,0,0,12.0,19.0,51.0,2013,MIS4_to_MIS8,2012-2013,True,False,False,1
33341870914585,2,1.0,7,4,2,8900,89001,1,1,33,17,16980,0,2.0,1.0,,7,2,67,,2,40,1,,1,0,0,5,2,57,57,140,1,0,0,1.0,1.0,,38.0,,38.0,,,,,,2.0,3.0,0.0,1,2.0,1.0,1.0,6285.0,675.0,1.0,,,,,10700.4856,2949.4149,0,0,0.0,1.0,0,0,22127,1,,,2.0,,,,2869.7069,7860.0,2540.0,-1,,,,,,,49339.0,2012,625,622,0,0,0,0,0,13.0,1.0,,,8.0,40.0,2012,1.0,7,8,2,8900,89001,1,17,16980,0,2.0,1.0,,7,2,67,,2,40,1,,0,0,5,2,57,57,140,1,0,0,1.0,1.0,,38.0,,38.0,,,,,,2.0,3.0,0.0,1,2.0,2.0,2.0,,2884.61,1.0,,,,,10921.7611,2718.8917,0,0,0.0,,0,0,33728,1,,,3.0,,,,2672.9792,7860.0,2540.0,-1,,,,,,,49386.0,2013,637,622,0,0,0,0,0,14.0,8.0,40.0,2013,MIS4_to_MIS8,2012-2013,True,False,False,1
171909008802693,2,1.0,1,4,2,8900,89001,1,1,33,17,16980,0,2.0,1.0,,7,1,57,2.0,1,40,1,,1,1,1,1,2,57,57,57,1,0,0,3.0,1.0,,40.0,,50.0,,,,,,2.0,3.0,0.0,1,1.0,2.0,2.0,,1384.61,1.0,,,,,12276.026,2955.1252,0,0,0.0,,0,0,44388,1,,,3.0,,,,2923.3394,9470.0,3850.0,3940,,,,,,,49405.0,2012,625,622,0,0,0,0,0,14.0,1.0,,,12.0,51.0,2012,2.0,1,8,2,8900,89001,1,17,16980,0,2.0,1.0,,7,1,58,2.0,1,40,1,,1,1,1,2,57,57,57,1,0,0,2.0,1.0,,40.0,,50.0,,,,,,2.0,3.0,0.0,1,2.0,2.0,2.0,,1615.38,1.0,,,,,11887.0168,2950.0485,0,0,0.0,,0,0,21299,1,,,3.0,,,,2952.498,9470.0,3850.0,3930,,,,,,,49463.0,2013,637,622,0,0,0,0,0,14.0,12.0,51.0,2013,MIS4_to_MIS8,2012-2013,True,False,False,1
171909008802693,2,1.0,1,4,2,8900,89001,1,1,33,17,16980,0,2.0,1.0,,7,3,56,1.0,2,43,1,,2,1,2,1,2,57,57,57,1,0,0,2.0,1.0,,16.0,,16.0,,,14.0,,,6.0,3.0,0.0,1,2.0,,1.0,1000.0,160.0,1.0,,,,,11225.4162,3022.1412,0,0,0.0,0.0,0,0,44388,2,,,,2.0,,,2995.8298,7860.0,4020.0,-1,,,,,,,49406.0,2012,625,622,0,0,0,0,0,16.0,1.0,,,13.0,40.0,2012,2.0,1,8,2,8900,89001,1,17,16980,0,2.0,1.0,,7,3,57,1.0,2,43,1,,1,2,1,2,57,57,57,1,0,0,1.0,1.0,,16.0,,11.0,,,19.0,,,7.0,3.0,0.0,1,2.0,,1.0,1500.0,240.0,1.0,,,,,12098.0664,2918.3162,0,0,0.0,0.0,0,0,21299,2,,,,2.0,,,2930.3498,7860.0,4030.0,-1,,,,,,,49464.0,2013,637,622,0,0,0,0,0,16.0,13.0,40.0,2013,MIS4_to_MIS8,2012-2013,True,False,False,1
195998907079719,2,1.0,3,4,2,8900,89001,1,1,33,17,40420,0,2.0,1.0,,3,14,34,,2,43,1,,2,0,0,7,2,57,57,57,1,0,0,2.0,1.0,,37.0,,37.0,,,,,,2.0,3.0,0.0,1,2.0,,1.0,875.0,323.75,2.0,2.0,,,,13329.4439,3451.2182,3,1,0.0,0.0,0,0,62554,2,,,,2.0,,,3382.0655,7860.0,2540.0,-1,,,,,,,49456.0,2012,625,622,0,0,1,0,0,16.0,1.0,,,8.0,40.0,2012,2.0,3,8,2,8900,89001,1,17,40420,0,2.0,1.0,,3,14,35,,2,43,1,,0,0,7,2,57,57,57,1,0,0,1.0,1.0,,40.0,,40.0,,,,,,2.0,3.0,0.0,1,2.0,2.0,2.0,,961.0,1.0,,2.0,,,11475.464,2885.2498,3,1,1.0,,0,42,68860,2,,,,2.0,,,2881.1925,7860.0,2540.0,-1,,,,,,,49523.0,2013,637,622,0,0,1,0,0,16.0,8.0,40.0,2013,MIS4_to_MIS8,2012-2013,True,False,False,1
271633058909991,2,2.0,1,4,2,8900,89001,1,1,33,17,16980,0,2.0,1.0,,7,1,51,2.0,1,43,1,1.0,1,1,1,1,2,57,303,303,1,0,0,2.0,1.0,,40.0,,40.0,,,,,,2.0,3.0,0.0,1,2.0,2.0,2.0,,961.53,2.0,2.0,,,,11926.1234,2991.8582,4,1,0.0,,0,0,44444,1,,,,2.0,,,2955.0309,7860.0,2310.0,-1,,,,,5.0,,49486.0,2012,625,622,0,0,0,1,0,16.0,1.0,,,8.0,40.0,2012,1.0,1,8,2,8900,89001,1,17,16980,0,2.0,1.0,,7,1,52,2.0,1,43,1,1.0,1,1,1,2,57,303,303,1,0,0,1.0,1.0,,40.0,,40.0,,,,,,2.0,4.0,0.0,1,2.0,2.0,2.0,,1346.15,1.0,,2.0,,,12597.1602,3165.6344,0,0,0.0,,0,0,50446,1,,,,2.0,,,3141.6887,7860.0,6200.0,-1,,,,,5.0,,49556.0,2013,637,622,0,0,0,0,0,16.0,19.0,40.0,2013,MIS4_to_MIS8,2012-2013,False,True,True,1
350375091918878,2,1.0,6,4,2,8900,89001,1,1,33,17,16980,0,2.0,1.0,,7,14,29,,2,41,1,,2,0,0,7,2,57,57,57,1,0,0,2.0,1.0,,40.0,,40.0,,,,,,2.0,3.0,0.0,1,2.0,,1.0,800.0,320.0,2.0,2.0,,,,12059.8064,3090.7969,0,0,1.0,1.0,0,42,22128,2,,,5.0,,,,3059.9217,7860.0,2540.0,-1,,,,,,,49505.0,2012,625,622,0,0,0,0,0,16.0,1.0,,,8.0,40.0,2012,1.0,1,8,2,8900,89001,1,17,16980,0,2.0,1.0,,7,3,30,1.0,2,42,1,,1,2,1,2,57,57,57,1,0,0,2.0,1.0,,40.0,,40.0,,,,,,2.0,3.0,0.0,1,2.0,,1.0,825.0,330.0,2.0,2.0,2.0,,,11529.9807,2915.7196,0,0,1.0,1.0,0,42,65561,2,,,5.0,,,,2899.0429,7860.0,2540.0,-1,,,,,,,49575.0,2013,637,622,0,0,0,0,0,16.0,8.0,40.0,2013,MIS4_to_MIS8,2012-2013,True,False,False,1
571507028909898,2,1.0,7,4,2,8900,89001,1,1,33,17,16980,0,2.0,1.0,,7,2,57,,2,40,2,,1,0,0,7,2,57,57,57,1,0,0,1.0,1.0,,40.0,,40.0,,,,,,2.0,1.0,0.0,1,2.0,1.0,1.0,1300.0,495.5,2.0,2.0,,,,13087.7658,2858.2958,0,0,0.0,1.0,0,0,9098,1,,,3.0,,,,2829.1743,8190.0,630.0,-1,,,,,,,49599.0,2012,625,622,0,0,0,0,0,14.0,2.0,,,2.0,41.0,2012,1.0,7,8,2,8900,89001,1,17,16980,0,2.0,1.0,,7,2,58,,2,40,2,,0,0,7,2,57,57,57,1,0,0,1.0,1.0,,40.0,,40.0,,,,,,2.0,1.0,0.0,1,2.0,2.0,2.0,,893.59,2.0,2.0,,,,12972.7696,2831.9797,0,0,0.0,,0,0,8676,1,,,2.0,,,,2867.7419,8190.0,5360.0,-1,,,,,,,49676.0,2013,637,622,0,0,0,0,0,13.0,17.0,41.0,2013,MIS4_to_MIS8,2012-2013,True,False,False,1
690877097518607,2,1.0,1,4,2,8900,89001,1,1,33,17,16980,0,2.0,1.0,,7,3,46,1.0,2,39,1,,2,1,2,1,2,57,57,57,1,0,0,2.0,4.0,,,,,,,,24.0,2.0,11.0,3.0,0.0,2,,,,,,,,,,,11734.7186,3136.7768,3,2,,,0,0,44386,2,1.0,,,,,,2909.5104,9370.0,5700.0,-1,,,,,,,49639.0,2012,625,622,0,0,1,0,0,12.0,1.0,,,17.0,51.0,2012,1.0,1,8,2,8900,89001,1,17,16980,0,2.0,1.0,,7,3,47,1.0,2,39,1,,1,2,1,2,57,57,57,1,0,0,2.0,4.0,,,,,,,,73.0,2.0,11.0,3.0,0.0,2,,,,,,,,2.0,,,10446.9057,2696.081,10,2,,,0,0,8584,2,1.0,,,,,,2646.6168,9370.0,5700.0,-1,,,,,,,49718.0,2013,637,622,0,0,1,1,0,12.0,17.0,51.0,2013,MIS4_to_MIS8,2012-2013,True,False,False,1
810709905044096,2,1.0,4,4,2,8900,89001,1,1,33,17,37900,179,2.0,1.0,,3,1,49,,2,42,1,,1,1,1,4,2,57,57,57,1,0,0,1.0,1.0,,22.0,,22.0,,,14.0,,,6.0,3.0,0.0,1,2.0,2.0,2.0,,216.92,2.0,2.0,,,,12854.0272,3154.6088,4,1,0.0,,0,0,44489,1,,,2.0,,,,3158.0002,6770.0,2430.0,-1,,,,,,,49714.0,2012,625,622,0,0,0,1,0,13.0,1.0,,,8.0,31.0,2012,1.0,4,8,2,8900,89001,1,17,37900,179,2.0,1.0,,3,1,50,,2,43,1,,1,1,4,2,57,57,57,1,0,0,1.0,1.0,,40.0,,40.0,,,,,,2.0,3.0,0.0,1,2.0,,1.0,1000.0,400.0,2.0,2.0,2.0,,,11467.0583,2818.5242,0,0,1.0,1.0,0,42,50489,1,,,,2.0,,,2817.9063,6770.0,5320.0,-1,,,,,,,49805.0,2013,637,622,0,0,0,0,0,16.0,17.0,31.0,2013,MIS4_to_MIS8,2012-2013,True,False,False,1
880177008718460,2,1.0,1,4,2,8900,89001,1,1,33,17,16980,0,2.0,1.0,,7,1,46,2.0,1,46,4,,1,1,1,1,2,207,207,207,4,0,12,1.0,1.0,,40.0,,40.0,,,,,,2.0,2.0,0.0,1,2.0,2.0,2.0,,1346.15,2.0,2.0,,,,14592.1457,3708.0107,3,1,0.0,,0,0,34590,1,,,,,,,3615.6125,7870.0,2200.0,-1,,,,,,,49777.0,2012,625,622,0,0,1,0,0,18.0,4.0,,,8.0,40.0,2012,2.0,1,8,2,8900,89001,1,17,16980,0,2.0,1.0,,7,1,47,2.0,1,45,4,,1,1,1,2,207,207,207,4,0,12,2.0,2.0,4.0,40.0,,,,,,,,5.0,5.0,0.0,1,2.0,2.0,2.0,,961.53,2.0,2.0,2.0,,,10015.5861,2552.8722,3,1,0.0,,0,0,21350,1,,,,,,,2497.853,7870.0,2200.0,-1,,,,,,,49869.0,2013,637,622,0,0,1,0,0,18.0,8.0,40.0,2013,MIS4_to_MIS8,2012-2013,False,True,True,1
908903621993517,2,3.0,1,4,2,8900,89001,1,1,33,17,16980,0,2.0,1.0,,7,3,63,1.0,1,44,1,,2,1,2,1,2,57,57,57,1,0,0,2.0,1.0,,40.0,,40.0,,,,,,2.0,2.0,0.0,1,2.0,2.0,2.0,,2884.61,2.0,2.0,,,,13356.1892,3236.4126,0,0,1.0,,0,0,44445,2,,,,,,2.0,3219.4418,9470.0,2010.0,-1,4.0,,,,,,49792.0,2012,625,622,0,0,0,0,0,18.0,1.0,,,6.0,51.0,2012,1.0,1,8,2,8900,89001,1,17,16980,0,2.0,1.0,,7,3,64,1.0,1,44,1,,1,2,1,2,57,57,57,1,0,0,2.0,1.0,,40.0,,40.0,,,,,,2.0,2.0,0.0,1,2.0,2.0,2.0,,1153.84,2.0,2.0,,,,11944.8284,3056.2141,0,0,0.0,,0,0,50447,2,,,,,,2.0,3078.1658,9470.0,2010.0,-1,4.0,,,,,,49882.0,2013,637,622,0,0,0,0,0,18.0,6.0,51.0,2013,MIS4_to_MIS8,2012-2013,True,False,False,1
971057389188530,2,2.0,1,4,2,8900,89001,1,1,33,17,16980,0,2.0,1.0,,7,1,35,2.0,2,40,1,1.0,1,1,1,1,2,303,303,303,4,0,16,3.0,1.0,,-4.0,6.0,20.0,,,6.0,,,4.0,3.0,0.0,1,2.0,2.0,1.0,2400.0,480.0,2.0,2.0,,,,12780.4956,3280.505,0,0,1.0,1.0,23,42,51467,1,,,2.0,,,,3218.4853,7860.0,2540.0,-1,,,,,,1.0,49821.0,2012,625,622,0,0,0,0,0,13.0,1.0,,,8.0,40.0,2012,1.0,1,8,2,8900,89001,1,17,16980,0,2.0,1.0,,7,1,35,2.0,2,40,1,1.0,1,1,1,2,303,303,303,4,0,16,1.0,1.0,,30.0,,30.0,,,15.0,,,7.0,3.0,0.0,1,2.0,1.0,1.0,850.0,173.07,2.0,2.0,2.0,,,11822.4903,2908.8825,3,3,0.0,0.0,0,0,33729,1,,,3.0,,,,2968.3218,7860.0,2330.0,-1,,,,,,,49913.0,2013,637,622,0,0,1,0,0,14.0,8.0,40.0,2013,MIS4_to_MIS8,2012-2013,True,False,False,1
108908261994317,2,1.0,6,4,2,8900,89001,1,1,33,17,0,0,3.0,2.0,,0,2,49,,1,39,1,,1,0,0,7,2,57,57,57,1,0,0,1.0,1.0,,-4.0,1.0,10.0,,,1.0,,,3.0,3.0,0.0,1,2.0,2.0,2.0,,365.38,2.0,2.0,,,,12496.5397,3139.3434,0,0,0.0,,0,0,21925,1,1.0,,,,,,3096.3675,9080.0,4250.0,-1,,,,,,,49844.0,2012,625,622,0,0,0,0,0,12.0,1.0,,,14.0,48.0,2012,1.0,6,8,2,8900,89001,1,17,0,0,3.0,2.0,,0,2,50,,1,39,1,,0,0,7,2,57,57,57,1,0,0,1.0,1.0,,30.0,,30.0,,,22.0,,,7.0,3.0,0.0,1,2.0,2.0,2.0,,384.61,2.0,2.0,2.0,,,12711.0716,3174.6903,0,0,0.0,,0,0,21170,1,1.0,,,,,,3170.0978,9080.0,4250.0,-1,,,,,,,49943.0,2013,637,622,0,0,0,0,0,12.0,14.0,48.0,2013,MIS4_to_MIS8,2012-2013,True,False,False,1
671284038909191,2,1.0,1,4,2,8900,89001,1,1,33,17,0,0,3.0,2.0,,0,1,46,2.0,2,40,1,,1,1,1,1,2,57,57,57,1,0,0,1.0,1.0,,40.0,,40.0,,,,,,2.0,3.0,0.0,1,2.0,,1.0,1675.0,670.0,2.0,2.0,,,,12668.3588,3109.0424,10,2,1.0,1.0,0,42,54784,1,,,1.0,,,,3112.3849,8470.0,2000.0,-1,,,,,,,49919.0,2012,625,622,0,0,1,1,0,12.0,1.0,,,6.0,43.0,2012,1.0,1,8,2,8900,89001,1,17,0,0,3.0,2.0,,0,1,47,2.0,2,40,1,,1,1,1,2,57,57,57,1,0,0,1.0,1.0,,40.0,,64.0,,,,,,2.0,4.0,0.0,1,2.0,,1.0,1000.0,400.0,2.0,2.0,2.0,,,11672.4593,2847.319,3,1,1.0,1.0,0,42,57651,1,,,3.0,,,,2868.3814,6070.0,9050.0,340,,,,,,,50019.0,2013,637,622,0,0,1,0,0,14.0,22.0,23.0,2013,MIS4_to_MIS8,2012-2013,False,True,True,1
810709931826491,2,1.0,1,4,2,8900,89001,1,1,33,17,0,0,3.0,2.0,,0,1,38,2.0,2,39,1,,1,1,1,1,2,57,57,57,1,0,0,1.0,1.0,,33.0,,33.0,,,14.0,,,6.0,3.0,0.0,1,2.0,,1.0,1150.0,379.5,1.0,,,,,12192.7397,3107.7738,10,2,0.0,0.0,0,0,54785,1,1.0,,,,,,3070.4719,7860.0,4600.0,-1,,,,,,,49936.0,2012,625,622,0,0,1,1,0,12.0,1.0,,,15.0,40.0,2012,1.0,1,8,2,8900,89001,1,17,0,0,3.0,2.0,,0,1,39,2.0,2,39,1,,1,1,1,2,57,57,57,1,0,0,1.0,1.0,,32.0,,32.0,,,14.0,,,6.0,3.0,0.0,1,2.0,,1.0,1100.0,352.0,1.0,,2.0,,,11959.1648,3006.8656,10,2,0.0,0.0,0,0,21171,1,1.0,,,,,,3002.6372,7860.0,2540.0,-1,,,,,,,50039.0,2013,637,622,0,0,1,1,0,12.0,8.0,40.0,2013,MIS4_to_MIS8,2012-2013,True,False,False,1
810709984384496,2,1.0,4,4,2,8900,89001,1,1,33,17,0,0,3.0,2.0,,0,1,25,,2,40,1,,1,1,1,7,2,57,57,57,1,0,0,1.0,1.0,,35.0,8.0,34.0,,,8.0,,,4.0,3.0,0.0,1,2.0,2.0,2.0,,635.41,2.0,2.0,,,,11953.1775,3063.4691,2,1,0.0,,0,0,34713,1,,,3.0,,,,3032.8669,7860.0,2540.0,-1,,,,,,,49943.0,2012,625,622,0,1,0,0,1,14.0,1.0,,,8.0,40.0,2012,1.0,4,8,2,8900,89001,1,17,0,0,3.0,2.0,,0,1,25,,2,40,1,,1,1,7,2,57,57,57,1,0,0,1.0,1.0,,35.0,,35.0,,,,,,2.0,3.0,0.0,1,2.0,2.0,2.0,,327.0,2.0,2.0,2.0,,,13100.7681,3255.2634,5,2,0.0,,0,0,21470,1,,,4.0,,,,3293.9942,7860.0,2540.0,-1,,,,,,,50046.0,2013,637,622,1,1,0,0,1,15.0,8.0,40.0,2013,MIS4_to_MIS8,2012-2013,True,False,False,1
196968507046779,2,2.0,1,4,2,8900,89001,1,1,33,17,44100,0,,1.0,,2,1,49,2.0,1,43,1,,1,1,1,1,2,57,57,57,1,0,0,2.0,1.0,,40.0,5.0,32.0,,,5.0,,,4.0,2.0,0.0,1,2.0,2.0,2.0,,2057.0,1.0,,,,,12679.6899,3185.3538,4,1,0.0,,0,0,18689,1,,,,1.0,2.0,,3141.7481,9370.0,110.0,-1,,,,,,,50008.0,2012,625,622,0,0,0,1,0,17.0,1.0,,,1.0,51.0,2012,1.0,1,8,2,8900,89001,1,17,44100,0,,1.0,,2,1,50,2.0,1,43,1,,1,1,1,2,57,57,57,1,0,0,1.0,1.0,,38.0,4.0,30.0,,,4.0,,,4.0,2.0,0.0,1,2.0,2.0,2.0,,2096.15,1.0,,2.0,,,12196.9592,3046.2866,0,0,0.0,,0,0,31360,1,,,,1.0,2.0,,3041.88,9370.0,110.0,-1,,,,,,,50100.0,2013,637,622,0,0,0,0,0,17.0,1.0,51.0,2013,MIS4_to_MIS8,2012-2013,True,False,False,1
271657078011303,2,1.0,7,4,2,8900,89001,1,1,33,17,16580,0,,1.0,,2,2,59,,2,40,1,,1,0,0,5,2,57,57,57,1,0,0,1.0,1.0,,38.0,,38.0,,,,,,2.0,2.0,0.0,1,2.0,1.0,1.0,2000.0,755.76,2.0,1.0,,,,12181.8541,3279.6364,0,0,0.0,0.0,0,0,34440,1,,,2.0,,,,3251.0832,7870.0,5700.0,-1,,,,,,,50022.0,2012,625,622,0,0,0,0,0,13.0,1.0,,,17.0,40.0,2012,1.0,7,8,2,8900,89001,1,17,16580,0,,1.0,,2,2,60,,2,40,1,,0,0,5,2,57,57,57,1,0,0,1.0,1.0,,38.0,,38.0,,,,,,2.0,2.0,0.0,1,2.0,,1.0,2878.0,1093.64,2.0,2.0,,,,11565.3986,2964.4239,0,0,1.0,1.0,0,0,43484,1,,,2.0,,,,2888.0652,7870.0,5700.0,-1,,,,,,,50117.0,2013,637,622,0,0,0,0,0,13.0,17.0,40.0,2013,MIS4_to_MIS8,2012-2013,True,False,False,1
371600028909690,2,1.0,4,4,2,8900,89001,1,1,33,17,16580,0,,1.0,,2,1,43,,2,39,1,,1,1,1,4,2,57,57,57,1,0,0,1.0,1.0,,37.0,,37.0,,,,,,2.0,3.0,0.0,1,2.0,,1.0,1255.0,464.35,2.0,2.0,,,,12381.3223,3173.4851,3,1,1.0,1.0,0,0,58469,1,2.0,7.0,,,,,3117.9623,7860.0,2540.0,-1,,,,,,,50030.0,2012,625,622,0,0,1,0,0,11.0,1.0,,,8.0,40.0,2012,1.0,4,8,2,8900,89001,1,17,16580,0,,1.0,,2,1,44,,2,39,1,,1,1,4,2,57,57,57,1,0,0,1.0,4.0,,,,,,,,8.0,2.0,11.0,3.0,0.0,2,,,,,,,,2.0,,,11038.7061,2938.5981,3,1,,,0,0,4764,1,2.0,7.0,,,,,2796.5434,7860.0,2540.0,-1,,,,,,,50125.0,2013,637,622,0,0,1,0,0,11.0,8.0,40.0,2013,MIS4_to_MIS8,2012-2013,True,False,False,1
810706956910894,2,2.0,1,4,2,8900,89001,1,1,33,17,16580,0,,1.0,,2,1,64,2.0,2,39,1,,1,1,1,1,2,57,57,57,1,0,0,2.0,1.0,,3.0,,3.0,,,21.0,,,7.0,3.0,0.0,1,2.0,1.0,1.0,1701.0,461.0,2.0,2.0,,,,12937.1067,3278.8914,0,0,1.0,1.0,0,0,51535,1,1.0,,,,,,3214.7167,6770.0,2430.0,-1,,,,,,,50077.0,2012,625,622,0,0,0,0,0,12.0,1.0,,,8.0,31.0,2012,1.0,1,8,2,8900,89001,1,17,16580,0,,1.0,,2,1,64,2.0,2,39,1,,1,1,1,2,57,57,57,1,0,0,1.0,1.0,,3.0,,3.0,,,21.0,,,7.0,3.0,0.0,1,2.0,,1.0,2500.0,75.0,2.0,2.0,,,,12736.1776,3264.5161,0,0,1.0,1.0,0,42,53751,1,1.0,,,,,,3180.4275,6770.0,2430.0,-1,,,,,,,50172.0,2013,637,622,0,0,0,0,0,12.0,8.0,31.0,2013,MIS4_to_MIS8,2012-2013,True,False,False,1
810709920063096,2,1.0,6,4,2,8900,89001,1,1,33,17,16580,0,,1.0,,2,2,70,,1,39,1,,1,0,0,5,2,57,57,57,1,0,0,1.0,5.0,,,,,,,,,,1.0,3.0,0.0,2,,,,,,,,,,,11559.4986,2820.2061,0,0,,,0,0,21940,1,1.0,,,,,,2911.0489,9390.0,4250.0,-1,,,,,,,50084.0,2012,625,622,0,0,0,0,0,12.0,1.0,,,14.0,51.0,2012,1.0,6,8,2,8900,89001,1,17,16580,0,,1.0,,2,2,71,,1,39,1,,0,0,5,2,57,57,57,1,0,0,1.0,5.0,,,,,,,,,,1.0,,,2,,,,,,,,,,,12460.8962,3036.877,0,0,,,0,0,50355,1,1.0,,,,,,3064.9059,,,-1,,,,,,,50178.0,2013,637,622,0,0,0,0,0,12.0,,,2013,MIS4_to_MIS8,2012-2013,False,True,True,1
971449048909596,2,2.0,1,4,2,8900,89001,1,1,33,17,14060,113,,1.0,,2,3,47,1.0,2,43,1,,2,1,2,1,2,57,57,57,1,0,0,1.0,1.0,,20.0,,20.0,,,18.0,,,7.0,3.0,0.0,1,2.0,1.0,1.0,1450.0,250.0,1.0,,,,,13305.5248,3265.4144,4,1,0.0,0.0,0,0,22243,2,,,,2.0,,,3268.9249,6770.0,5320.0,-1,,,,,,,50101.0,2012,625,622,0,0,0,1,0,16.0,1.0,,,17.0,31.0,2012,2.0,1,8,2,8900,89001,1,17,14060,113,,1.0,,2,3,48,1.0,2,43,1,,1,2,1,2,57,57,57,1,0,0,1.0,1.0,,19.0,,22.0,,,15.0,,,6.0,3.0,0.0,1,2.0,2.0,2.0,,576.0,1.0,,2.0,,,11963.7932,2918.3855,4,1,1.0,,0,0,33821,2,,,,2.0,,,2939.9736,6770.0,5320.0,-1,,,,,,,50192.0,2013,637,622,0,0,0,1,0,16.0,17.0,31.0,2013,MIS4_to_MIS8,2012-2013,True,False,False,1
197931805088780,3,1.0,7,4,2,9000,90001,1,1,33,17,16980,0,1.0,1.0,1.0,7,2,60,,2,39,2,,1,0,0,6,2,57,57,57,1,0,0,1.0,1.0,,-4.0,,8.0,,,20.0,,,7.0,2.0,0.0,1,2.0,,1.0,1000.0,80.0,2.0,2.0,,,,10930.662,2762.6227,0,0,1.0,1.0,0,0,64447,1,1.0,,,,,,2760.2284,9480.0,4610.0,-1,,,,,,,86869.0,2012,626,623,0,0,0,0,0,12.0,2.0,,,15.0,51.0,2012,1.0,7,8,2,9000,90001,1,17,16980,0,1.0,1.0,1.0,7,2,61,,2,40,2,,0,0,6,2,57,57,57,1,0,0,1.0,7.0,,,,,,,,,,1.0,,,2,,,,,,,,,,,15860.1318,3824.6062,0,0,,,0,0,18943,1,,,3.0,,,,3844.5421,,,-1,,,,,,,86878.0,2013,638,623,0,0,0,0,0,14.0,,,2013,MIS4_to_MIS8,2012-2013,False,True,True,1
198981406070706,3,1.0,4,4,2,9000,90001,1,1,33,17,16980,0,1.0,1.0,1.0,7,1,62,,2,39,2,,1,1,1,5,2,57,57,57,1,0,0,1.0,1.0,,35.0,,35.0,,,,,,2.0,3.0,0.0,1,2.0,2.0,2.0,,1096.15,2.0,2.0,,,,10930.662,2762.6227,0,0,0.0,,0,0,41566,1,1.0,,,,,,2760.2284,9470.0,1050.0,-1,,,,,,,86876.0,2012,626,623,0,0,0,0,0,12.0,2.0,,,3.0,51.0,2012,1.0,4,8,2,9000,90001,1,17,16980,0,1.0,1.0,1.0,7,1,63,,2,39,2,,1,1,5,2,57,57,57,1,0,0,1.0,1.0,,40.0,,40.0,,,,,,2.0,3.0,0.0,1,2.0,2.0,2.0,,623.07,1.0,,,,,16860.8837,3824.6062,0,0,0.0,,0,0,6924,1,1.0,,,,,,3823.9132,9370.0,1107.0,-1,,,,,,,86883.0,2013,638,623,0,0,0,0,0,12.0,3.0,51.0,2013,MIS4_to_MIS8,2012-2013,True,False,False,1
198981406070706,3,1.0,4,4,2,9000,90001,1,1,33,17,16980,0,1.0,1.0,1.0,7,4,42,,1,39,2,,2,1,3,7,2,57,57,57,1,0,0,2.0,1.0,,35.0,,35.0,,,,,,2.0,2.0,0.0,1,2.0,2.0,2.0,,480.76,1.0,,,,,13251.6205,3559.7623,0,0,0.0,,0,0,41566,2,1.0,,,,,,3524.131,7860.0,2540.0,-1,,,,,1.0,,86878.0,2012,626,623,0,0,0,0,0,12.0,2.0,,,8.0,40.0,2012,1.0,4,8,2,9000,90001,1,17,16980,0,1.0,1.0,1.0,7,4,43,,1,39,2,,1,3,7,2,57,57,57,1,0,0,2.0,1.0,,20.0,,35.0,,,14.0,,,8.0,3.0,0.0,1,2.0,,1.0,1200.0,240.0,1.0,,2.0,,,14834.7042,3409.3469,0,0,1.0,1.0,0,42,6924,2,1.0,,,,,,3471.2113,7860.0,2330.0,-1,,,,,1.0,,86885.0,2013,638,623,0,0,0,0,0,12.0,8.0,40.0,2013,MIS4_to_MIS8,2012-2013,True,False,True,1
350975091911879,3,2.0,1,4,2,9000,90001,1,1,33,17,16980,0,1.0,1.0,1.0,7,1,49,2.0,1,45,1,,1,1,1,1,2,57,57,57,1,0,0,2.0,1.0,,40.0,,40.0,,,,,,2.0,1.0,0.0,1,2.0,2.0,2.0,,1846.0,2.0,2.0,,,,12863.1907,3213.4404,0,0,1.0,,0,0,50063,1,,,,,,,3231.9769,9570.0,2100.0,-1,1.0,,,,,,86907.0,2012,626,623,0,0,0,0,0,18.0,1.0,,,7.0,51.0,2012,2.0,1,8,2,9000,90001,1,17,16980,0,1.0,1.0,1.0,7,1,50,2.0,1,45,1,,1,1,1,2,57,57,57,1,0,0,2.0,1.0,,40.0,,40.0,,,,,,2.0,4.0,0.0,1,2.0,2.0,2.0,,2019.23,2.0,2.0,2.0,,,13055.289,3213.8656,0,0,0.0,,0,0,6927,1,,,,,,,3213.4261,7270.0,2100.0,-1,1.0,,,,,,86915.0,2013,638,623,0,0,0,0,0,18.0,7.0,36.0,2013,MIS4_to_MIS8,2012-2013,False,True,True,1
410198689700670,3,1.0,1,4,2,9000,90001,1,1,33,17,16980,0,1.0,1.0,1.0,7,3,40,1.0,1,39,1,,2,1,2,1,2,57,57,57,1,0,0,2.0,1.0,,-4.0,,40.0,,,,,,2.0,3.0,0.0,1,2.0,2.0,2.0,,1153.84,2.0,2.0,,,,12089.1478,3033.1805,4,2,0.0,,0,0,15069,2,1.0,,,,,,3043.0512,3490.0,160.0,-1,,,,,,,86923.0,2012,626,623,0,0,0,1,0,12.0,1.0,,,1.0,9.0,2012,1.0,1,8,2,9000,90001,1,17,16980,0,1.0,1.0,1.0,7,3,40,1.0,1,39,1,,1,2,1,2,57,57,57,1,0,0,2.0,1.0,,40.0,,40.0,,,,,,2.0,4.0,0.0,1,2.0,2.0,2.0,,961.0,1.0,,2.0,,,10424.8719,2637.8802,4,1,1.0,,0,0,6923,2,1.0,,,,,,2641.7569,4190.0,160.0,-1,,,,,,,86929.0,2013,638,623,0,0,0,1,0,12.0,1.0,21.0,2013,MIS4_to_MIS8,2012-2013,False,True,True,1
757459310339104,3,1.0,1,4,2,9000,90001,1,1,33,17,16980,0,1.0,1.0,1.0,7,1,62,2.0,2,39,4,,1,1,1,1,2,57,57,57,1,0,0,1.0,1.0,,40.0,,40.0,,,,,,2.0,3.0,0.0,1,2.0,2.0,2.0,,230.0,2.0,2.0,,,,14921.595,4078.8066,0,0,1.0,,0,0,30833,1,1.0,,,,,,4019.5263,9470.0,1050.0,-1,,,,,,,86977.0,2012,626,623,0,0,0,0,0,12.0,4.0,,,3.0,51.0,2012,1.0,1,8,2,9000,90001,1,17,16980,0,1.0,1.0,1.0,7,1,63,2.0,2,39,4,,1,1,1,2,57,57,57,1,0,0,1.0,1.0,,40.0,,40.0,,,,,,2.0,3.0,0.0,1,2.0,2.0,2.0,,961.53,2.0,2.0,,,,16217.228,4372.9152,0,0,0.0,,0,0,26671,1,1.0,,,,,,4358.5033,9370.0,1107.0,-1,,,,,,,87002.0,2013,638,623,0,0,0,0,0,12.0,3.0,51.0,2013,MIS4_to_MIS8,2012-2013,True,False,False,1
801908351098877,3,1.0,6,4,2,9000,90001,1,1,33,17,16980,0,1.0,1.0,1.0,7,2,29,,1,42,1,1.0,1,0,0,7,2,57,57,57,1,0,0,1.0,1.0,,40.0,,40.0,,,,,,2.0,1.0,0.0,1,2.0,1.0,1.0,1700.0,1442.3,2.0,2.0,,,,15719.4631,3948.5049,0,0,0.0,1.0,0,0,30831,1,,,3.0,,,,3979.888,9590.0,1020.0,-1,,,,,,,87001.0,2012,626,623,0,0,0,0,0,14.0,1.0,,,3.0,51.0,2012,1.0,6,8,2,9000,90001,1,17,16980,0,1.0,1.0,1.0,7,2,30,,1,42,1,1.0,0,0,7,2,57,57,57,1,0,0,1.0,1.0,,40.0,,40.0,,,,,,2.0,1.0,0.0,1,2.0,1.0,1.0,5000.0,1711.53,2.0,2.0,2.0,,,12351.1179,3106.9686,0,0,0.0,0.0,0,0,6919,1,,,3.0,,,,3078.3758,9590.0,1020.0,-1,,,,,,,87030.0,2013,638,623,0,0,0,0,0,14.0,3.0,51.0,2013,MIS4_to_MIS8,2012-2013,True,False,False,1
960017709118390,3,1.0,7,4,2,9000,90001,1,1,33,17,16980,0,1.0,1.0,1.0,7,2,50,,2,44,2,,1,0,0,5,2,57,57,57,1,0,0,1.0,1.0,,31.0,,31.0,,,22.0,,,7.0,3.0,0.0,1,2.0,1.0,1.0,5900.0,2000.0,1.0,,,,,12854.6072,3129.9792,0,0,0.0,0.0,0,0,58852,1,,,,,,2.0,3127.2665,7860.0,2000.0,-1,,,,,,,87038.0,2012,626,623,0,0,0,0,0,18.0,2.0,,,6.0,40.0,2012,1.0,7,8,2,9000,90001,1,17,16980,0,1.0,1.0,1.0,7,2,51,,2,44,2,,0,0,4,2,57,57,57,1,0,0,1.0,1.0,,45.0,,45.0,,,,,,2.0,5.0,0.0,1,2.0,2.0,2.0,,2000.0,1.0,,2.0,,,14357.332,3533.6787,0,0,0.0,,0,0,26665,1,,,,,,2.0,3533.0385,7860.0,2000.0,-1,,,,,,,87061.0,2013,638,623,0,0,0,0,0,18.0,6.0,40.0,2013,MIS4_to_MIS8,2012-2013,False,True,True,1
39331170927176,3,1.0,4,4,2,9000,90001,1,1,33,17,16980,0,2.0,1.0,,7,4,33,,1,43,2,,2,1,3,7,2,57,57,57,1,0,0,2.0,1.0,,40.0,,40.0,,,,,,2.0,3.0,0.0,1,2.0,2.0,2.0,,865.0,2.0,2.0,,,,14371.3536,3632.6836,0,0,1.0,,0,0,50054,2,,,,1.0,2.0,,3535.8076,8370.0,2000.0,-1,,,,,1.0,,87098.0,2012,626,623,0,0,0,0,0,17.0,2.0,,,6.0,43.0,2012,1.0,4,8,2,9000,90001,1,17,16980,0,2.0,1.0,,7,4,34,,1,43,2,,1,3,7,2,57,57,57,1,0,0,2.0,1.0,,40.0,,40.0,,,,,,2.0,2.0,0.0,1,2.0,2.0,2.0,,1153.0,1.0,,2.0,,,15139.9019,3731.316,0,0,1.0,,0,0,18931,2,,,,1.0,1.0,,3687.9905,9480.0,2010.0,-1,,,,,1.0,,87129.0,2013,638,623,0,0,0,0,0,18.0,6.0,51.0,2013,MIS4_to_MIS8,2012-2013,True,False,True,1
79051170946687,3,1.0,1,4,2,9000,90001,1,1,33,17,16980,0,2.0,1.0,,7,1,29,2.0,1,42,1,,1,1,1,1,2,164,164,164,4,0,14,1.0,1.0,,50.0,,45.0,,,,,,2.0,2.0,0.0,1,2.0,2.0,2.0,,1538.0,2.0,2.0,,,,11243.268,2846.5273,0,0,1.0,,0,42,58851,1,,,5.0,,,,2846.5951,8190.0,3420.0,-1,,,,,,,87124.0,2012,626,623,0,0,0,0,0,16.0,1.0,,,10.0,41.0,2012,1.0,1,8,2,9000,90001,1,17,16980,0,2.0,1.0,,7,1,30,2.0,1,42,1,,1,1,1,2,164,164,164,4,0,14,1.0,1.0,,40.0,,40.0,,,,,,2.0,4.0,0.0,1,2.0,,1.0,1425.0,570.0,2.0,2.0,2.0,,,10786.8321,2691.1517,0,0,1.0,1.0,0,42,42506,1,,,5.0,,,,2688.4953,8090.0,3110.0,-1,,,,,,,87169.0,2013,638,623,0,0,0,0,0,16.0,10.0,42.0,2013,MIS4_to_MIS8,2012-2013,False,True,True,1
83251170996798,3,1.0,1,4,2,9000,90001,1,1,33,17,37900,0,2.0,1.0,,3,1,44,2.0,1,44,1,,1,1,1,1,2,57,57,57,1,0,0,1.0,1.0,,55.0,,51.0,,,,,,2.0,3.0,0.0,1,2.0,2.0,2.0,,1538.46,2.0,2.0,,,,11695.3698,2934.3812,10,2,0.0,,0,0,15082,1,,,,,,2.0,2943.9304,9470.0,2100.0,-1,,,,,,,87126.0,2012,626,623,0,0,1,1,0,18.0,1.0,,,7.0,51.0,2012,1.0,1,8,2,9000,90001,1,17,37900,0,2.0,1.0,,3,1,44,2.0,1,44,1,,1,1,1,2,57,57,57,1,0,0,1.0,4.0,,,,,,,,17.0,2.0,11.0,3.0,0.0,2,,,,,,,,2.0,,,9999.1467,2556.0809,10,2,,,0,0,64907,1,,,,,,2.0,2507.7897,9470.0,2100.0,-1,,,,,,,87171.0,2013,638,623,0,0,1,1,0,18.0,7.0,51.0,2013,MIS4_to_MIS8,2012-2013,True,False,False,1
83251170996798,3,1.0,1,4,2,9000,90001,1,1,33,17,37900,0,2.0,1.0,,3,3,41,1.0,2,42,1,,2,1,2,1,2,57,57,57,1,0,0,2.0,1.0,,20.0,,56.0,,,18.0,,,9.0,3.0,0.0,1,2.0,,1.0,1800.0,360.0,2.0,2.0,,,,12982.015,3229.433,10,2,0.0,0.0,0,0,15082,2,,,3.0,,,,3201.4984,7860.0,2750.0,2750,,,,,,,87127.0,2012,626,623,0,0,1,1,0,14.0,1.0,,,9.0,40.0,2012,1.0,1,8,2,9000,90001,1,17,37900,0,2.0,1.0,,3,3,42,1.0,2,42,1,,1,2,1,2,57,57,57,1,0,0,2.0,2.0,7.0,30.0,,,,,,,,5.0,2.0,0.0,1,2.0,,1.0,1821.0,546.3,2.0,2.0,2.0,,,11871.4863,2903.1689,10,2,0.0,0.0,0,0,64907,2,,,3.0,,,,2906.3578,7860.0,2750.0,2750,,,,,,,87172.0,2013,638,623,0,0,1,1,0,14.0,9.0,40.0,2013,MIS4_to_MIS8,2012-2013,True,False,True,1
92321170993496,3,1.0,6,4,2,9000,90001,1,1,33,17,16980,0,2.0,1.0,,7,2,54,,1,43,2,,1,0,0,6,2,57,57,57,1,0,0,1.0,1.0,,40.0,,40.0,,,,,,2.0,1.0,0.0,1,1.0,2.0,2.0,,1250.0,2.0,2.0,,,,16106.7765,4074.4997,0,0,0.0,,0,0,28119,1,,,,2.0,,,4037.1129,9480.0,3420.0,-1,3.0,,,,,,87142.0,2012,626,623,0,0,0,0,0,16.0,2.0,,,10.0,51.0,2012,1.0,6,8,2,9000,90001,1,17,16980,0,2.0,1.0,,7,2,55,,1,43,2,,0,0,5,2,57,57,57,1,0,0,1.0,1.0,,40.0,,40.0,,,,,,2.0,1.0,0.0,1,2.0,2.0,2.0,,1192.3,2.0,2.0,,,,13742.3623,3735.4132,0,0,0.0,,0,0,4289,1,,,,1.0,1.0,,3672.0465,9480.0,3110.0,-1,3.0,,,,,,87185.0,2013,638,623,0,0,0,0,0,18.0,10.0,51.0,2013,MIS4_to_MIS8,2012-2013,True,False,False,1
105051007045721,3,1.0,4,4,2,9000,90001,1,1,33,17,16980,0,2.0,1.0,,7,4,40,,2,40,1,,2,2,1,5,2,57,57,57,1,0,0,2.0,1.0,,40.0,,40.0,,,,,,2.0,3.0,0.0,1,2.0,,1.0,1200.0,480.0,2.0,2.0,,,,12940.4798,3219.1006,4,1,1.0,1.0,0,42,64513,2,,,3.0,,,,3191.2553,9470.0,3710.0,-1,,,,,1.0,,87149.0,2012,626,623,0,0,0,1,0,14.0,1.0,,,12.0,51.0,2012,1.0,4,8,2,9000,90001,1,17,16980,0,2.0,1.0,,7,4,41,,2,40,1,,2,1,5,2,57,57,57,1,0,0,2.0,1.0,,40.0,,40.0,,,,,,2.0,3.0,0.0,1,2.0,2.0,2.0,,553.0,1.0,,2.0,,,11757.3609,2875.2595,4,1,1.0,,0,42,51016,2,,,2.0,,,,2878.4178,9470.0,3710.0,-1,,,,,1.0,,87190.0,2013,638,623,0,0,0,1,0,13.0,12.0,51.0,2013,MIS4_to_MIS8,2012-2013,True,False,False,1
197981600052748,3,1.0,6,4,2,9000,90001,1,1,33,17,16980,0,2.0,1.0,,7,2,60,,1,44,1,,1,0,0,7,2,57,57,57,1,0,0,1.0,1.0,,37.0,,37.0,,,,,,2.0,3.0,0.0,1,2.0,2.0,2.0,,1384.61,2.0,2.0,,,,11371.6199,2824.6219,0,0,0.0,,0,0,41725,1,,,,,,1.0,2799.547,6770.0,2430.0,-1,4.0,,,,,,87235.0,2012,626,623,0,0,0,0,0,17.0,1.0,,,8.0,31.0,2012,1.0,6,8,2,9000,90001,1,17,16980,0,2.0,1.0,,7,2,61,,1,44,1,,0,0,7,2,57,57,57,1,0,0,1.0,1.0,,38.0,5.0,32.0,,,5.0,,,4.0,3.0,0.0,1,2.0,2.0,2.0,,1480.76,2.0,2.0,,,,12195.2822,3100.6064,0,0,0.0,,0,0,42621,1,,,,,,1.0,3134.6319,6770.0,1020.0,-1,4.0,,,,,,87279.0,2013,638,623,0,0,0,0,0,17.0,3.0,31.0,2013,MIS4_to_MIS8,2012-2013,True,False,False,1
201904801895677,3,1.0,1,4,2,9000,90001,1,1,33,17,16980,0,2.0,1.0,,7,3,63,1.0,2,43,1,,2,1,2,1,2,57,57,57,1,0,0,2.0,1.0,,40.0,,40.0,,,,,,2.0,2.0,0.0,1,2.0,2.0,2.0,,437.0,1.0,,,,,11204.439,3053.4987,0,0,1.0,,0,42,54156,2,,,,2.0,,,3018.212,9470.0,5220.0,-1,,,,,,,87245.0,2012,626,623,0,0,0,0,0,16.0,1.0,,,17.0,51.0,2012,2.0,1,8,2,9000,90001,1,17,16980,0,2.0,1.0,,7,3,63,1.0,2,43,1,,1,2,1,2,57,57,57,1,0,0,1.0,1.0,,40.0,,40.0,,,,,,2.0,3.0,0.0,1,2.0,1.0,1.0,2100.0,815.38,1.0,,,,,12411.194,3421.6338,0,0,0.0,1.0,0,0,42620,2,,,,2.0,,,3335.6027,9470.0,5940.0,-1,,,,,,,87285.0,2013,638,623,0,0,0,0,0,16.0,17.0,51.0,2013,MIS4_to_MIS8,2012-2013,True,False,True,1
201908901894007,3,2.0,1,4,2,9000,90001,1,1,33,17,41180,119,2.0,1.0,,6,1,68,2.0,1,41,1,,1,1,1,1,2,57,57,57,1,0,0,2.0,3.0,,,,,7.0,,,7.0,1.0,12.0,3.0,0.0,2,,,,,,,,,,,11198.1113,2826.5759,0,0,,,0,0,41783,1,,,2.0,,,,2671.2892,9570.0,6660.0,-1,,,,,,,87246.0,2012,626,623,0,0,0,0,0,13.0,1.0,,,19.0,51.0,2012,1.0,1,8,2,9000,90001,1,17,41180,119,2.0,1.0,,6,1,69,2.0,1,41,1,,1,1,1,2,57,57,57,1,0,0,1.0,3.0,,,,,4.0,,,4.0,1.0,12.0,3.0,0.0,2,,,,,,,,,,,11972.4891,3027.6636,0,0,,,0,0,19197,1,,,3.0,,,,3057.9946,9570.0,6660.0,-1,,,,,,,87286.0,2013,638,623,0,0,0,0,0,14.0,19.0,51.0,2013,MIS4_to_MIS8,2012-2013,True,False,False,1
612198079700854,3,1.0,1,4,2,9000,90001,1,1,33,17,16980,0,2.0,1.0,,7,4,30,,2,43,1,,3,1,3,7,2,57,57,57,1,0,0,2.0,1.0,,50.0,,50.0,,,,,,2.0,3.0,0.0,1,2.0,2.0,2.0,,692.3,1.0,,,,,12249.8122,3059.375,0,0,0.0,,0,0,30987,3,,,,1.0,2.0,,3058.1014,7860.0,2310.0,-1,,,,,1.0,1.0,87397.0,2012,626,623,0,0,0,0,0,17.0,1.0,,,8.0,40.0,2012,1.0,1,8,2,9000,90001,1,17,16980,0,2.0,1.0,,7,4,31,,2,43,1,,1,3,7,2,57,57,57,1,0,0,2.0,1.0,,45.0,,45.0,,,,,,2.0,3.0,0.0,1,2.0,,1.0,3400.0,1530.0,1.0,,2.0,,,11049.0301,2819.639,0,0,1.0,1.0,0,42,54806,3,,,,1.0,1.0,,2803.7865,7860.0,2310.0,-1,,,,,1.0,1.0,87427.0,2013,638,623,0,0,0,0,0,18.0,8.0,40.0,2013,MIS4_to_MIS8,2012-2013,True,False,False,1
748770560960911,3,2.0,1,4,2,9000,90001,1,1,33,17,16980,0,2.0,1.0,,7,1,70,2.0,2,43,1,1.0,1,1,1,1,2,57,303,57,1,0,0,2.0,1.0,,44.0,,44.0,,,,,,2.0,1.0,0.0,1,2.0,2.0,2.0,,420.0,2.0,2.0,,,,18988.1515,4386.8067,0,0,1.0,,0,42,30827,1,,,,2.0,,,4449.1318,9480.0,5240.0,-1,,,,,,,87429.0,2012,626,623,0,0,0,0,0,16.0,1.0,,,17.0,51.0,2012,1.0,1,8,2,9000,90001,1,17,16980,0,2.0,1.0,,7,1,71,2.0,2,43,1,1.0,1,1,1,2,57,57,57,1,0,0,1.0,1.0,,44.0,,40.0,,,,,,2.0,1.0,0.0,1,2.0,,1.0,1800.0,792.0,2.0,2.0,,,,13056.5076,3510.709,0,0,1.0,1.0,23,42,42505,1,,,,2.0,,,3393.8491,9480.0,5240.0,-1,,,,,,,87465.0,2013,638,623,0,0,0,0,0,16.0,17.0,51.0,2013,MIS4_to_MIS8,2012-2013,True,False,False,1
799000066270911,3,2.0,1,4,2,9000,90001,1,1,33,17,16980,0,2.0,1.0,,7,3,31,1.0,2,39,1,1.0,2,1,2,1,2,57,57,303,1,0,0,1.0,1.0,,40.0,,40.0,,,,,,2.0,3.0,0.0,1,2.0,1.0,1.0,1412.0,547.5,1.0,,,,,13873.3252,3477.942,10,3,0.0,0.0,0,0,41726,2,1.0,,,,,,3463.4029,7860.0,2540.0,-1,,,,,,,87458.0,2012,626,623,0,0,1,1,0,12.0,1.0,,,8.0,40.0,2012,2.0,1,8,2,9000,90001,1,17,16980,0,2.0,1.0,,7,3,32,1.0,2,39,1,1.0,1,2,1,2,57,57,303,1,0,0,1.0,1.0,,40.0,,40.0,,,,,,2.0,3.0,0.0,1,1.0,2.0,2.0,,300.0,1.0,,2.0,,,12422.3142,3101.4498,4,3,1.0,,0,42,68550,2,1.0,,,,,,3152.2692,7860.0,4600.0,-1,,,,,,,87490.0,2013,638,623,0,0,0,1,0,12.0,15.0,40.0,2013,MIS4_to_MIS8,2012-2013,True,False,False,1
799690243230911,3,1.0,3,4,2,9000,90001,1,1,33,17,16980,0,2.0,1.0,,7,1,39,,1,39,2,,1,1,1,5,2,57,57,57,1,0,0,1.0,1.0,,40.0,,40.0,,,,,,2.0,2.0,0.0,1,2.0,2.0,2.0,,1200.0,1.0,,,,,14660.1102,3699.0875,4,2,0.0,,0,0,41751,1,1.0,,,,,,3898.7042,8290.0,4230.0,-1,,,,,,,87481.0,2012,626,623,0,0,0,1,0,12.0,2.0,,,14.0,42.0,2012,1.0,6,8,2,9000,90001,1,17,16980,0,2.0,1.0,,7,2,40,,1,39,2,,0,0,5,2,57,57,57,1,0,0,1.0,1.0,,40.0,,40.0,,,,,,2.0,2.0,0.0,1,2.0,2.0,2.0,,830.76,1.0,,2.0,,,14236.4981,3271.8657,0,0,0.0,,0,0,7069,1,1.0,,,,,,3331.2355,8270.0,4220.0,-1,,,,,,,87508.0,2013,638,623,0,0,0,0,0,12.0,14.0,42.0,2013,MIS4_to_MIS8,2012-2013,True,False,False,1
971057789117530,3,1.0,1,4,2,9000,90001,1,1,33,17,16980,0,2.0,1.0,,7,3,66,1.0,1,40,2,,2,1,2,1,2,57,57,57,1,0,0,2.0,1.0,,-4.0,,60.0,,,,,,2.0,3.0,0.0,1,2.0,2.0,2.0,,2000.0,2.0,2.0,,,,13137.5155,2811.5522,0,0,1.0,,0,0,71364,2,,,4.0,,,,2785.754,7070.0,410.0,-1,4.0,,,,,,87582.0,2012,626,623,0,0,0,0,0,15.0,2.0,,,1.0,34.0,2012,1.0,1,8,2,9000,90001,1,17,16980,0,2.0,1.0,,7,3,67,1.0,1,40,2,,1,2,1,2,57,57,57,1,0,0,2.0,1.0,,50.0,,50.0,,,,,,2.0,3.0,0.0,1,2.0,2.0,2.0,,1632.65,2.0,2.0,,,,9674.5175,2882.191,0,0,0.0,,0,0,59090,2,,,1.0,,,,2833.2981,7070.0,410.0,-1,4.0,,,,,,87597.0,2013,638,623,0,0,0,0,0,12.0,1.0,34.0,2013,MIS4_to_MIS8,2012-2013,True,False,False,1
11211170997494,3,1.0,7,4,2,9000,90001,1,1,33,17,0,0,3.0,2.0,,0,2,61,,2,40,1,,1,0,0,5,2,57,57,57,1,0,0,1.0,1.0,,20.0,,4.0,,,14.0,,,6.0,2.0,0.0,1,2.0,,1.0,825.0,165.0,2.0,2.0,,,,12887.489,3512.1733,0,0,0.0,0.0,0,0,6418,1,,,5.0,,,,3471.586,9480.0,2016.0,-1,,,,,,,87622.0,2012,626,623,0,0,0,0,0,16.0,1.0,,,6.0,51.0,2012,1.0,7,8,2,9000,90001,1,17,0,0,3.0,2.0,,0,2,62,,2,40,1,,0,0,5,2,57,57,57,1,0,0,1.0,1.0,,20.0,,20.0,,,19.0,,,7.0,3.0,0.0,1,2.0,,1.0,842.0,168.4,2.0,2.0,,,,13148.2043,3624.8196,0,0,0.0,0.0,0,0,42595,1,,,4.0,,,,3533.6798,9480.0,2000.0,-1,,,,,,,87636.0,2013,638,623,0,0,0,0,0,15.0,6.0,51.0,2013,MIS4_to_MIS8,2012-2013,True,False,True,1
57471170994590,3,1.0,6,4,2,9000,90001,1,1,33,17,0,0,3.0,2.0,,0,2,61,,1,40,2,,1,0,0,5,2,57,57,57,1,0,0,1.0,1.0,,40.0,,44.0,,,,,,2.0,2.0,0.0,1,2.0,2.0,2.0,,830.76,1.0,,,,,11668.0553,3527.7028,0,0,0.0,,0,0,54097,1,,,2.0,,,,3495.3333,8290.0,3600.0,-1,4.0,,,,,,87639.0,2012,626,623,0,0,0,0,0,13.0,2.0,,,11.0,42.0,2012,1.0,6,8,2,9000,90001,1,17,0,0,3.0,2.0,,0,2,62,,1,40,2,,0,0,5,2,57,57,57,1,0,0,1.0,1.0,,40.0,,40.0,,,,,,2.0,2.0,0.0,1,2.0,2.0,2.0,,865.38,1.0,,,,,15113.5848,3828.284,0,0,0.0,,0,0,42479,1,,,2.0,,,,3763.3419,9480.0,3600.0,-1,4.0,,,,,,87645.0,2013,638,623,0,0,0,0,0,13.0,11.0,51.0,2013,MIS4_to_MIS8,2012-2013,True,False,False,1
95101170998195,3,1.0,4,4,2,9000,90001,1,1,33,17,44100,0,,1.0,,2,1,27,,2,37,2,,1,1,1,7,2,57,57,57,1,0,0,1.0,4.0,,,,,,,,35.0,5.0,11.0,2.0,0.0,2,,,,,,,,,,,14937.88,3783.8079,2,1,,,0,0,48464,1,,,,,,,3835.4783,8270.0,4030.0,-1,,,,,,,87780.0,2012,626,623,0,1,0,0,1,11.0,2.0,,,13.0,42.0,2012,1.0,4,8,2,9000,90001,1,17,44100,0,,1.0,,2,1,28,,2,37,2,,1,1,7,2,57,57,57,1,0,0,1.0,4.0,,,,,,,,26.0,2.0,11.0,4.0,0.0,2,,,,,,,,2.0,,,15964.286,3973.2448,3,1,,,0,0,40404,1,,,,,,,3996.871,8690.0,4040.0,-1,,,,,,,87770.0,2013,638,623,0,0,1,0,0,11.0,13.0,46.0,2013,MIS4_to_MIS8,2012-2013,False,True,True,1
120971093411189,3,1.0,4,4,2,9000,90001,1,1,33,17,16580,0,,1.0,,2,1,41,,2,44,1,,1,1,1,5,2,57,57,57,1,0,0,1.0,1.0,,12.0,,10.0,,,20.0,,,7.0,2.0,0.0,1,2.0,2.0,2.0,,375.0,1.0,,,,,14087.0298,3504.3187,8,2,0.0,,0,0,17997,1,,,,,,2.0,3474.0064,7870.0,2200.0,-1,,,,,,,87792.0,2012,626,623,0,1,1,0,1,18.0,1.0,,,8.0,40.0,2012,1.0,4,8,2,9000,90001,1,17,16580,0,,1.0,,2,1,42,,2,44,1,,1,1,5,2,57,57,57,1,0,0,1.0,1.0,,20.0,,10.0,,,20.0,,,7.0,2.0,0.0,1,2.0,2.0,2.0,,415.38,2.0,1.0,1.0,1.0,2.0,12136.2988,2967.9287,3,2,0.0,,0,0,4278,1,,,,,,2.0,2971.1888,7870.0,2200.0,-1,,,,,,,87782.0,2013,638,623,0,0,1,0,0,18.0,8.0,40.0,2013,MIS4_to_MIS8,2012-2013,True,False,False,1
799200477460911,3,1.0,3,4,2,9000,90001,1,1,33,17,14060,113,,1.0,,2,1,55,,1,39,1,,1,1,1,7,2,57,57,57,1,0,0,1.0,1.0,,40.0,,40.0,,,,,,2.0,3.0,0.0,1,2.0,1.0,1.0,1927.0,884.61,1.0,,,,,11880.2104,3077.9068,0,0,0.0,0.0,0,0,15075,1,1.0,,,,,,3079.3479,7860.0,4220.0,-1,,,,,,,87817.0,2012,626,623,0,0,0,0,0,12.0,1.0,,,14.0,40.0,2012,1.0,3,8,2,9000,90001,1,17,14060,113,,1.0,,2,1,56,,1,39,1,,1,1,7,2,57,57,57,1,0,0,1.0,1.0,,40.0,,40.0,,,,,,2.0,3.0,0.0,1,2.0,1.0,1.0,2000.0,876.92,1.0,,,,,11961.7481,2999.8415,0,0,0.0,0.0,0,0,26914,1,1.0,,,,,,2993.8673,7860.0,4220.0,-1,,,,,,,87822.0,2013,638,623,0,0,0,0,0,12.0,14.0,40.0,2013,MIS4_to_MIS8,2012-2013,True,False,False,1
917139110829104,3,2.0,1,4,2,9000,90001,1,1,33,17,16580,0,,1.0,,2,3,35,1.0,1,43,1,,2,1,2,1,2,57,57,57,1,0,0,1.0,1.0,,23.0,,20.0,,,18.0,,,7.0,2.0,0.0,1,2.0,,1.0,1275.0,255.0,2.0,2.0,,,,12634.39,3175.6121,1,1,0.0,0.0,0,0,50047,2,,,,2.0,,,3180.2983,8590.0,4430.0,-1,,,,,,,87851.0,2012,626,623,1,0,0,0,1,16.0,1.0,,,15.0,44.0,2012,2.0,1,8,2,9000,90001,1,17,16580,0,,1.0,,2,3,36,1.0,1,43,1,,1,2,1,2,57,57,57,1,0,0,1.0,1.0,,25.0,,25.0,,,18.0,,,7.0,2.0,0.0,1,2.0,,1.0,1275.0,318.75,2.0,2.0,2.0,,,11165.4065,2830.8407,1,1,0.0,0.0,0,0,18927,2,,,,2.0,,,2829.415,7870.0,4430.0,-1,,,,,,,87851.0,2013,638,623,1,0,0,0,1,16.0,15.0,40.0,2013,MIS4_to_MIS8,2012-2013,True,False,False,1
79051270016607,4,1.0,1,4,2,9000,90001,1,1,33,17,16980,0,1.0,1.0,1.0,7,3,30,1.0,2,44,1,,2,1,2,1,2,57,57,57,1,0,0,2.0,1.0,,40.0,,40.0,,,,,,2.0,3.0,0.0,1,2.0,2.0,2.0,,884.61,1.0,,,,,12068.6242,2991.5679,0,0,0.0,,0,0,34927,2,,,,,,1.0,3036.7209,7860.0,2320.0,-1,,,,,,,123923.0,2012,627,624,0,0,0,0,0,17.0,1.0,,,8.0,40.0,2012,1.0,1,8,2,9000,90001,1,17,16980,0,1.0,1.0,1.0,7,3,30,1.0,2,44,1,,1,2,1,2,57,57,57,1,0,0,2.0,7.0,,,,,,,,,,1.0,,,2,,,,,,,,2.0,,,12059.1053,3061.588,0,0,,,0,0,22938,2,,,,,,1.0,3109.4674,,,-1,,,,,,,123952.0,2013,639,624,0,0,0,0,0,17.0,,,2013,MIS4_to_MIS8,2012-2013,False,True,True,1
210709948086740,4,2.0,1,4,2,9000,90001,1,1,33,17,16980,0,1.0,1.0,1.0,7,3,30,1.0,1,43,1,,2,1,2,1,2,57,57,57,1,0,0,1.0,1.0,,40.0,,40.0,,,,,,2.0,3.0,0.0,1,1.0,,1.0,3800.0,1520.0,1.0,,,,,11419.4071,2863.4393,0,0,0.0,0.0,0,0,51781,2,,,,1.0,1.0,,2884.7603,9470.0,3850.0,-1,,,,,,,124010.0,2012,627,624,0,0,0,0,0,18.0,1.0,,,12.0,51.0,2012,1.0,1,8,2,9000,90001,1,17,16980,0,1.0,1.0,1.0,7,3,31,1.0,1,43,1,,1,2,1,2,57,57,57,1,0,0,2.0,1.0,,40.0,,40.0,,,,,,2.0,3.0,0.0,1,1.0,1.0,1.0,800.0,1500.0,1.0,,2.0,,,11772.5693,2896.9261,1,1,0.0,1.0,0,0,22969,2,,,,2.0,,,2893.1352,9470.0,3850.0,-1,,,,,,,124039.0,2013,639,624,1,0,0,0,1,16.0,12.0,51.0,2013,MIS4_to_MIS8,2012-2013,True,False,False,1
271381032709399,4,1.0,4,4,2,9000,90001,1,1,33,17,16980,0,1.0,1.0,,7,1,56,,2,43,1,,1,1,1,5,2,57,57,57,1,0,0,1.0,1.0,,40.0,,40.0,,,,,,2.0,3.0,0.0,1,1.0,2.0,2.0,,1590.9,1.0,,,,,12007.7591,3038.2714,0,0,0.0,,0,0,34930,1,,,,2.0,,,3072.815,7860.0,2300.0,-1,,,,,,,124015.0,2012,627,624,0,0,0,0,0,16.0,1.0,,,8.0,40.0,2012,1.0,4,8,2,9000,90001,1,17,16980,0,1.0,1.0,,7,1,57,,2,43,1,,1,1,5,2,57,57,57,1,0,0,1.0,1.0,,40.0,,40.0,,,,,,2.0,3.0,0.0,1,2.0,1.0,1.0,2000.0,807.69,1.0,,,,,11727.9057,2823.5734,0,0,0.0,0.0,0,0,35797,1,,,,2.0,,,2801.318,7860.0,2540.0,-1,,,,,,,124049.0,2013,639,624,0,0,0,0,0,16.0,8.0,40.0,2013,MIS4_to_MIS8,2012-2013,True,False,False,1
769030996100921,4,2.0,4,4,2,9000,90001,1,1,33,17,16980,0,1.0,1.0,1.0,7,1,52,,2,44,2,,1,1,1,7,2,57,57,57,1,0,0,2.0,1.0,,40.0,,72.0,,,,,,2.0,2.0,0.0,1,2.0,2.0,2.0,,961.53,2.0,2.0,,,,14952.5897,3736.4743,0,0,0.0,,0,0,62828,1,,,,,,3.0,3763.882,9470.0,2160.0,4010,,,,,4.0,1.0,124128.0,2012,627,624,0,0,0,0,0,18.0,2.0,,,7.0,51.0,2012,2.0,4,8,2,9000,90001,1,17,16980,0,1.0,1.0,1.0,7,1,53,,2,43,2,,1,1,7,2,57,57,57,1,0,0,2.0,1.0,,40.0,,40.0,,,,,,2.0,2.0,0.0,1,2.0,2.0,2.0,,1192.3,1.0,,2.0,,,13591.3438,3313.7724,0,0,0.0,,0,0,9273,1,,,,2.0,,,3307.7655,9470.0,2100.0,-1,,,,,4.0,1.0,124176.0,2013,639,624,0,0,0,0,0,16.0,7.0,51.0,2013,MIS4_to_MIS8,2012-2013,True,False,False,1
769030996100921,4,2.0,4,4,2,9000,90001,1,1,33,17,16980,0,1.0,1.0,1.0,7,7,54,,1,44,2,,2,2,1,4,2,57,57,57,1,0,0,1.0,2.0,4.0,30.0,,,,,,,,10.0,3.0,0.0,1,1.0,1.0,1.0,6700.0,2288.46,1.0,,,,,14457.3952,3513.6335,3,1,0.0,0.0,0,0,62828,2,,,,,,2.0,3571.8059,7860.0,2330.0,-1,,,,,4.0,1.0,124131.0,2012,627,624,0,0,1,0,0,18.0,2.0,,,8.0,40.0,2012,2.0,4,8,2,9000,90001,1,17,16980,0,1.0,1.0,1.0,7,7,55,,1,44,2,,2,1,4,2,57,57,57,1,0,0,1.0,1.0,,40.0,,40.0,,,,,,2.0,3.0,0.0,1,2.0,,1.0,1700.0,680.0,1.0,,,,,12091.953,3519.5183,4,1,0.0,0.0,0,0,9273,2,,,,,,3.0,3485.6579,7860.0,2310.0,-1,,,,,4.0,1.0,124179.0,2013,639,624,0,0,0,1,0,18.0,8.0,40.0,2013,MIS4_to_MIS8,2012-2013,True,False,False,1
960017609129390,4,1.0,7,4,2,9000,90001,1,1,33,17,16980,0,1.0,1.0,1.0,7,2,66,,2,42,2,,1,0,0,5,2,57,57,57,1,0,0,1.0,1.0,,40.0,,40.0,,,,,,2.0,1.0,0.0,1,2.0,2.0,2.0,,1250.0,2.0,2.0,,,,9404.1143,3308.0035,0,0,0.0,,0,0,8775,1,,,3.0,,,,3332.2683,9380.0,430.0,-1,,,,,,,124206.0,2012,627,624,0,0,0,0,0,14.0,2.0,,,1.0,51.0,2012,1.0,7,8,2,9000,90001,1,17,16980,0,1.0,1.0,1.0,7,2,67,,2,42,2,,0,0,5,2,57,57,57,1,0,0,1.0,1.0,,40.0,,40.0,,,,,,2.0,1.0,0.0,1,2.0,2.0,2.0,,1538.46,2.0,2.0,,,,13675.6435,3106.521,0,0,0.0,,0,0,22972,1,,,3.0,,,,3100.8898,6970.0,5700.0,-1,,,,,,,124237.0,2013,639,624,0,0,0,0,0,14.0,17.0,32.0,2013,MIS4_to_MIS8,2012-2013,True,False,False,1
2111270980698,4,2.0,1,4,2,9000,90001,1,1,33,17,16980,0,2.0,1.0,,7,1,76,2.0,1,40,1,,1,1,1,1,2,57,57,57,1,0,0,2.0,1.0,,40.0,,40.0,,,,,,2.0,3.0,0.0,1,2.0,,1.0,2150.0,860.0,1.0,,,,,10432.0447,2822.7745,4,6,0.0,0.0,0,0,22347,1,,,2.0,,,,2746.9846,9370.0,4220.0,-1,,,,,,,124215.0,2012,627,624,0,0,0,1,0,13.0,1.0,,,14.0,51.0,2012,2.0,1,8,2,9000,90001,1,17,16980,0,2.0,1.0,,7,1,77,2.0,1,40,1,,1,1,1,2,57,57,57,1,0,0,2.0,1.0,,40.0,8.0,16.0,,,8.0,,,4.0,3.0,0.0,1,2.0,,1.0,2300.0,920.0,1.0,,,,,9826.4197,2733.6543,4,6,0.0,0.0,0,0,23141,1,,,2.0,,,,2658.3145,9370.0,7340.0,-1,,,,,,,124254.0,2013,639,624,0,0,0,1,0,13.0,20.0,51.0,2013,MIS4_to_MIS8,2012-2013,True,False,False,1
71170042907094,4,1.0,1,4,2,9000,90001,1,1,33,17,41180,163,2.0,1.0,,6,1,57,2.0,2,39,1,,1,1,1,1,2,57,57,57,1,0,0,1.0,1.0,,40.0,,40.0,,,,,,2.0,3.0,0.0,1,2.0,2.0,2.0,,900.0,2.0,2.0,,,,11571.3383,2927.8457,0,0,0.0,,0,0,5067,1,1.0,,,,,,2961.1339,9370.0,430.0,-1,,,,,,,124271.0,2012,627,624,0,0,0,0,0,12.0,1.0,,,1.0,51.0,2012,1.0,1,8,2,9000,90001,1,17,41180,163,2.0,1.0,,6,1,58,2.0,2,39,1,,1,1,1,2,57,57,57,1,0,0,1.0,1.0,,40.0,,38.0,,,,,,2.0,3.0,0.0,1,2.0,2.0,2.0,,800.0,2.0,2.0,,,,11779.0906,2835.8966,0,0,0.0,,0,0,19644,1,1.0,,,,,,2813.544,9370.0,430.0,-1,,,,,,,124305.0,2013,639,624,0,0,0,0,0,12.0,1.0,51.0,2013,MIS4_to_MIS8,2012-2013,True,False,False,1
190173096312738,4,1.0,7,4,2,9000,90001,1,1,33,17,16980,0,2.0,1.0,,7,2,57,,2,43,1,,1,0,0,5,2,57,57,57,1,0,0,1.0,1.0,,35.0,,35.0,,,,,,2.0,3.0,0.0,1,2.0,1.0,1.0,1579.0,552.41,1.0,,,,,11550.465,2922.5642,0,0,0.0,0.0,0,0,8767,1,,,,2.0,,,2955.7923,7860.0,2540.0,-1,,,,,,,124327.0,2012,627,624,0,0,0,0,0,16.0,1.0,,,8.0,40.0,2012,1.0,7,8,2,9000,90001,1,17,16980,0,2.0,1.0,,7,2,58,,2,43,1,,0,0,5,2,57,57,57,1,0,0,1.0,1.0,,37.0,,37.0,,,,,,2.0,3.0,0.0,1,2.0,1.0,1.0,1550.0,573.5,1.0,,,,,11834.9779,2849.3518,0,0,0.0,0.0,0,0,22952,1,,,,1.0,2.0,,2826.8932,7860.0,2540.0,-1,,,,,,,124357.0,2013,639,624,0,0,0,0,0,17.0,8.0,40.0,2013,MIS4_to_MIS8,2012-2013,True,False,False,1
302904531484537,4,1.0,1,4,2,9000,90001,1,1,33,17,16980,0,2.0,1.0,,7,1,57,2.0,2,40,1,,1,1,1,1,2,57,57,57,1,0,0,1.0,1.0,,35.0,,35.0,,,,,,2.0,3.0,0.0,1,2.0,,1.0,1400.0,490.0,1.0,,,,,11550.465,2922.5642,0,0,1.0,1.0,0,42,8768,1,,,3.0,,,,2955.7923,7860.0,4020.0,-1,,,,,,,124424.0,2012,627,624,0,0,0,0,0,14.0,1.0,,,13.0,40.0,2012,2.0,1,8,2,9000,90001,1,17,16980,0,2.0,1.0,,7,1,58,2.0,2,40,1,,1,1,1,2,57,57,57,1,0,0,2.0,1.0,,36.0,,36.0,,,,,,2.0,2.0,0.0,1,2.0,,1.0,1250.0,437.5,1.0,,,,,11834.9779,2849.3518,0,0,0.0,0.0,0,0,45223,1,,,2.0,,,,2826.8932,7860.0,4020.0,-1,,,,,,,124454.0,2013,639,624,0,0,0,0,0,13.0,13.0,40.0,2013,MIS4_to_MIS8,2012-2013,True,False,True,1
387048820069107,4,1.0,1,4,2,9000,90001,1,1,33,17,16980,0,2.0,1.0,,7,4,22,,2,43,1,,4,1,3,7,2,57,57,57,1,0,0,2.0,1.0,,-4.0,,40.0,,,,,,2.0,3.0,0.0,1,2.0,,1.0,1775.0,710.0,2.0,2.0,1.0,1.0,2.0,14063.4497,3357.7762,0,0,1.0,1.0,0,0,44713,4,,,,1.0,1.0,,3383.2419,7860.0,2320.0,-1,,,,,2.0,1.0,124460.0,2012,627,624,0,0,0,0,0,18.0,1.0,,,8.0,40.0,2012,2.0,1,8,2,9000,90001,1,17,16980,0,2.0,1.0,,7,4,24,,2,43,1,,1,3,7,2,57,57,57,1,0,0,2.0,1.0,,-4.0,,40.0,,,,,,2.0,3.0,0.0,1,2.0,1.0,1.0,2777.0,800.0,2.0,2.0,1.0,1.0,2.0,13061.4182,3239.5674,0,0,1.0,1.0,0,0,19618,4,,,,1.0,1.0,,3236.9206,7860.0,2320.0,2320,,,,,2.0,1.0,124496.0,2013,639,624,0,0,0,0,0,18.0,8.0,40.0,2013,MIS4_to_MIS8,2012-2013,True,False,False,1
450878093612847,4,1.0,4,4,2,9000,90001,1,1,33,17,16980,0,2.0,1.0,,7,1,37,,2,40,2,,1,1,1,5,2,57,57,57,1,0,0,1.0,1.0,,40.0,,40.0,,,,,,2.0,1.0,0.0,1,2.0,1.0,1.0,1725.0,865.38,1.0,,,,,10251.4007,2649.3376,7,2,0.0,0.0,0,0,22130,1,,,3.0,,,,2606.5298,6290.0,3945.0,-1,,,,,,,124478.0,2012,627,624,1,0,0,1,1,14.0,2.0,,,12.0,23.0,2012,1.0,4,8,2,9000,90001,1,17,16980,0,2.0,1.0,,7,1,38,,2,40,2,,1,1,4,2,57,57,57,1,0,0,1.0,1.0,,40.0,,40.0,,,,,,2.0,1.0,0.0,1,2.0,2.0,2.0,,673.07,1.0,,2.0,,,11350.0781,2902.1027,9,2,0.0,,0,0,9260,1,,,3.0,,,,2875.0257,9590.0,3930.0,-1,,,,,,,124510.0,2013,639,624,0,1,0,1,1,14.0,12.0,51.0,2013,MIS4_to_MIS8,2012-2013,True,False,False,1
847837820459106,4,1.0,1,4,2,9000,90001,1,1,33,17,16980,0,2.0,1.0,,7,1,62,2.0,2,39,2,,1,1,1,1,2,57,57,57,1,0,0,1.0,1.0,,40.0,,40.0,,,,,,2.0,3.0,0.0,1,2.0,2.0,2.0,,769.23,1.0,,,,,9669.4154,2823.1794,0,0,0.0,,0,0,22128,1,1.0,,,,,,2843.888,7860.0,5700.0,-1,,,,,,,124663.0,2012,627,624,0,0,0,0,0,12.0,2.0,,,17.0,40.0,2012,1.0,1,8,2,9000,90001,1,17,16980,0,2.0,1.0,,7,1,64,2.0,2,39,2,,1,1,1,2,57,57,57,1,0,0,1.0,1.0,,40.0,,40.0,,,,,,2.0,5.0,0.0,1,2.0,2.0,2.0,,769.23,1.0,,,,,10284.8198,2725.7373,0,0,0.0,,0,0,52106,1,1.0,,,,,,2720.7964,7860.0,5700.0,-1,,,,,,,124672.0,2013,639,624,0,0,0,0,0,12.0,17.0,40.0,2013,MIS4_to_MIS8,2012-2013,False,True,True,1
160962802002789,4,1.0,1,4,2,9000,90001,1,1,33,17,0,0,3.0,2.0,,0,1,47,2.0,1,39,1,,1,1,1,1,2,57,57,57,1,0,0,1.0,1.0,,40.0,,44.0,,,,,,2.0,2.0,0.0,1,2.0,,1.0,2200.0,880.0,2.0,2.0,,,,12470.1794,3092.1964,0,0,1.0,1.0,0,41,18863,1,1.0,,,,,,3124.998,9480.0,9130.0,4220,,,,,,,124772.0,2012,627,624,0,0,0,0,0,12.0,1.0,,,22.0,51.0,2012,1.0,1,8,2,9000,90001,1,17,0,0,3.0,2.0,,0,1,49,2.0,1,39,1,,1,1,1,2,57,57,57,1,0,0,1.0,1.0,,50.0,,42.0,,,,,,2.0,2.0,0.0,1,1.0,,1.0,3450.0,1897.5,1.0,,2.0,,,11835.7315,2973.0082,0,0,0.0,0.0,0,0,5417,1,1.0,,,,,,2941.2201,8190.0,9130.0,-1,,,,,,,124774.0,2013,639,624,0,0,0,0,0,12.0,22.0,41.0,2013,MIS4_to_MIS8,2012-2013,True,False,False,1
160962802002789,4,1.0,1,4,2,9000,90001,1,1,33,17,0,0,3.0,2.0,,0,3,45,1.0,2,42,1,,2,1,2,1,2,57,57,57,1,0,0,2.0,1.0,,37.0,,37.0,,,,,,2.0,2.0,0.0,1,2.0,,1.0,4200.0,1554.0,1.0,,,,,12559.1414,3141.3952,0,0,0.0,0.0,0,0,18863,2,,,3.0,,,,3179.6502,7860.0,3255.0,-1,,,,,,,124773.0,2012,627,624,0,0,0,0,0,14.0,1.0,,,10.0,40.0,2012,1.0,1,8,2,9000,90001,1,17,0,0,3.0,2.0,,0,3,46,1.0,2,42,1,,1,2,1,2,57,57,57,1,0,0,2.0,1.0,,37.0,,37.0,,,,,,2.0,2.0,0.0,1,2.0,,1.0,4800.0,1776.0,1.0,,2.0,,,13262.1562,3403.5393,0,0,0.0,0.0,0,0,5417,2,,,3.0,,,,3363.0079,7860.0,3255.0,-1,,,,,,,124775.0,2013,639,624,0,0,0,0,0,14.0,10.0,40.0,2013,MIS4_to_MIS8,2012-2013,True,False,False,1
202608621990807,4,2.0,1,4,2,9000,90001,1,1,33,17,0,0,3.0,2.0,,0,1,43,2.0,1,43,1,,1,1,1,1,2,57,57,57,1,0,0,2.0,1.0,,40.0,,46.0,,,,,,2.0,2.0,0.0,1,2.0,2.0,2.0,,1014.92,1.0,,,,,10929.2677,2706.8635,3,1,0.0,,0,0,22484,1,,,,2.0,,,2720.9617,9480.0,430.0,-1,,,,,,,124803.0,2012,627,624,0,0,1,0,0,16.0,1.0,,,1.0,51.0,2012,2.0,1,8,2,9000,90001,1,17,0,0,3.0,2.0,,0,1,44,2.0,1,43,1,,1,1,1,2,57,57,57,1,0,0,2.0,1.0,,38.0,,38.0,,,,,,2.0,2.0,0.0,1,2.0,2.0,2.0,,1000.0,1.0,,2.0,,,11871.5677,2961.3866,3,1,0.0,,0,0,55390,1,,,,2.0,,,2960.2235,9480.0,5000.0,-1,,,,,,,124809.0,2013,639,624,0,0,1,0,0,16.0,17.0,51.0,2013,MIS4_to_MIS8,2012-2013,True,False,False,1
822166209700908,4,1.0,1,4,2,9000,90001,1,1,33,17,0,0,3.0,2.0,,0,3,50,1.0,2,39,1,,2,1,2,1,2,57,57,57,1,0,0,2.0,1.0,,25.0,,17.0,,,15.0,,,6.0,3.0,0.0,1,2.0,,1.0,880.0,220.0,2.0,2.0,,,,12041.0043,3040.053,4,1,0.0,0.0,0,0,5060,2,1.0,,,,,,3048.4713,7860.0,4020.0,-1,,,,,,,124877.0,2012,627,624,0,0,0,1,0,12.0,1.0,,,13.0,40.0,2012,1.0,1,8,2,9000,90001,1,17,0,0,3.0,2.0,,0,3,52,1.0,2,39,1,,1,2,1,2,57,57,57,1,0,0,2.0,2.0,4.0,15.0,,,,,,,,10.0,2.0,0.0,1,2.0,,1.0,865.0,129.75,2.0,2.0,2.0,,,12253.1709,3128.2468,4,1,0.0,0.0,0,0,5416,2,1.0,,,,,,3107.1502,7860.0,4220.0,-1,,,,,,,124896.0,2013,639,624,0,0,0,1,0,12.0,14.0,40.0,2013,MIS4_to_MIS8,2012-2013,True,False,True,1
84751270981696,4,1.0,1,4,2,9000,90001,1,1,33,17,19500,115,,1.0,,2,1,49,2.0,2,39,1,,1,1,1,1,2,57,57,57,1,0,0,1.0,1.0,,15.0,,12.0,,,18.0,,,7.0,3.0,0.0,1,2.0,2.0,2.0,,196.15,2.0,2.0,,,,12617.8458,3156.0789,0,0,0.0,,0,0,35118,1,1.0,,,,,,3194.5126,7860.0,9120.0,-1,,,,,,,124886.0,2012,627,624,0,0,0,0,0,12.0,1.0,,,22.0,40.0,2012,2.0,1,8,2,9000,90001,1,17,19500,115,,1.0,,2,1,50,2.0,2,39,1,,1,1,1,2,57,57,57,1,0,0,2.0,1.0,,35.0,,35.0,,,,,,2.0,3.0,0.0,1,2.0,,1.0,1580.0,553.0,2.0,2.0,2.0,,,11865.5454,3029.2856,0,0,1.0,1.0,0,42,45350,1,1.0,,,,,,3008.8564,7860.0,6120.0,-1,,,,,,,124914.0,2013,639,624,0,0,0,0,0,12.0,18.0,40.0,2013,MIS4_to_MIS8,2012-2013,True,False,False,1
193972504039799,4,1.0,1,4,2,9000,90001,1,1,33,17,19500,115,,1.0,,2,1,64,2.0,2,39,1,,1,1,1,1,2,57,57,57,1,0,0,3.0,1.0,,35.0,8.0,9.0,,,8.0,,,4.0,3.0,0.0,1,2.0,1.0,1.0,900.0,400.0,1.0,,,,,12135.1476,2850.095,0,0,0.0,0.0,0,0,43404,1,1.0,,,,,,2845.5949,9370.0,5810.0,-1,,,,,,,124896.0,2012,627,624,0,0,0,0,0,12.0,1.0,,,17.0,51.0,2012,1.0,1,8,2,9000,90001,1,17,19500,115,,1.0,,2,1,65,2.0,2,39,1,,1,1,1,2,57,57,57,1,0,0,1.0,1.0,,35.0,,35.0,,,,,,2.0,3.0,0.0,1,2.0,1.0,1.0,1200.0,230.76,1.0,,,,,12237.6534,3006.6866,0,0,0.0,1.0,0,0,43875,1,1.0,,,,,,2954.8444,9470.0,5860.0,-1,,,,,,,124922.0,2013,639,624,0,0,0,0,0,12.0,17.0,51.0,2013,MIS4_to_MIS8,2012-2013,True,False,False,1
196912907065779,4,1.0,7,4,2,9000,90001,1,1,33,17,16580,0,,1.0,,2,2,26,,2,43,1,,1,0,0,7,2,57,57,57,1,0,0,1.0,1.0,,10.0,,10.0,,,20.0,,,7.0,2.0,0.0,1,2.0,2.0,2.0,,173.07,2.0,2.0,,,,11808.7176,2949.5205,0,0,0.0,,0,0,22092,1,,,,1.0,1.0,,2971.3229,7870.0,2200.0,-1,,,,,,,124900.0,2012,627,624,0,0,0,0,0,18.0,1.0,,,8.0,40.0,2012,1.0,7,8,2,9000,90001,1,17,16580,0,,1.0,,2,2,27,,2,43,1,,0,0,7,2,57,57,57,1,0,0,1.0,1.0,,10.0,,10.0,,,20.0,,,7.0,2.0,0.0,1,2.0,2.0,2.0,,193.84,2.0,2.0,1.0,1.0,2.0,12995.0037,3187.7372,0,0,0.0,,0,0,22911,1,,,,1.0,1.0,,3234.1423,7870.0,2200.0,-1,,,,,,,124930.0,2013,639,624,0,0,0,0,0,18.0,8.0,40.0,2013,MIS4_to_MIS8,2012-2013,True,False,False,1
210709953974399,4,1.0,4,4,2,9000,90001,1,1,33,17,19500,115,,1.0,,2,1,44,,2,42,1,,1,1,1,5,2,57,57,57,1,0,0,1.0,1.0,,30.0,,30.0,,,14.0,,,6.0,3.0,0.0,1,2.0,,1.0,1000.0,300.0,2.0,2.0,,,,10944.5523,2762.6925,10,2,0.0,0.0,0,0,62853,1,,,5.0,,,,2748.0578,7860.0,2540.0,-1,,,,,,,124916.0,2012,627,624,0,0,1,1,0,16.0,1.0,,,8.0,40.0,2012,1.0,4,8,2,9000,90001,1,17,19500,115,,1.0,,2,1,44,,2,42,1,,1,1,5,2,57,57,57,1,0,0,1.0,1.0,,30.0,,30.0,,,22.0,,,7.0,3.0,0.0,1,2.0,,1.0,1986.0,595.8,1.0,,2.0,,,12008.3785,2946.4812,10,2,0.0,0.0,0,0,36003,1,,,5.0,,,,2947.9149,7860.0,2540.0,-1,,,,,,,124943.0,2013,639,624,0,0,1,1,0,16.0,8.0,40.0,2013,MIS4_to_MIS8,2012-2013,True,False,False,1
18351370993090,5,1.0,7,4,2,9000,90001,1,1,33,17,40420,0,1.0,1.0,,3,2,55,,2,42,1,,1,0,0,5,2,57,57,57,1,0,0,1.0,1.0,,47.0,,47.0,,,,,,2.0,2.0,0.0,1,2.0,,1.0,3000.0,1410.0,1.0,,,,,11775.6878,2769.0705,0,0,1.0,1.0,0,0,50945,1,,,3.0,,,,2787.527,7870.0,,-1,,,,,,,161246.0,2012,628,625,0,0,0,0,0,14.0,,1.0,5860.0,17.0,40.0,2012,1.0,7,8,2,9000,90001,1,17,40420,0,1.0,1.0,,3,2,56,,2,42,1,,0,0,5,2,57,57,57,1,0,0,1.0,1.0,,40.0,,50.0,,,,,,2.0,2.0,0.0,1,2.0,2.0,2.0,,769.0,1.0,,,,,10251.2143,2749.0085,0,0,1.0,,0,42,23712,1,,,4.0,,,,2705.7768,7870.0,5810.0,-1,,,,,,,161575.0,2013,640,625,0,0,0,0,0,15.0,17.0,40.0,2013,MIS4_to_MIS8,2012-2013,True,False,False,1
31691370940990,5,1.0,7,4,2,9000,90001,1,1,33,17,16980,0,1.0,1.0,1.0,7,2,60,,2,44,1,,1,0,0,4,2,57,57,117,1,0,0,1.0,1.0,,45.0,,60.0,,,,,,2.0,3.0,0.0,1,2.0,2.0,2.0,,2375.0,1.0,,,,,10031.8997,2582.0931,0,0,0.0,,0,0,50812,1,,,,,,2.0,2514.2423,7860.0,,-1,,,,,,,161247.0,2012,628,625,0,0,0,0,0,18.0,,1.0,2320.0,8.0,40.0,2012,1.0,7,8,2,9000,90001,1,17,16980,0,1.0,1.0,1.0,7,2,61,,2,44,1,,0,0,4,2,57,57,117,1,0,0,1.0,1.0,,45.0,,48.0,,,,,,2.0,3.0,0.0,1,2.0,2.0,2.0,,2115.38,1.0,,,,,11469.1743,2843.6506,0,0,0.0,,0,0,9286,1,,,,,,2.0,2765.4903,7860.0,2320.0,-1,,,,,,,161576.0,2013,640,625,0,0,0,0,0,18.0,8.0,40.0,2013,MIS4_to_MIS8,2012-2013,True,False,False,1
198943305064788,5,1.0,1,4,2,9000,90001,1,1,33,17,16980,0,1.0,1.0,1.0,7,1,61,2.0,2,43,2,,1,1,1,1,2,57,57,57,1,0,0,1.0,1.0,,40.0,,40.0,,,,,,2.0,3.0,0.0,1,2.0,1.0,1.0,3200.0,1285.0,1.0,,,,,13147.018,2962.8033,0,0,0.0,0.0,0,0,42864,1,,,,2.0,,,2974.3974,9470.0,,-1,,,,,,,161297.0,2012,628,625,0,0,0,0,0,16.0,,2.0,5520.0,17.0,51.0,2012,1.0,1,8,2,9000,90001,1,17,16980,0,1.0,1.0,1.0,7,1,61,2.0,2,43,2,,1,1,1,2,57,57,57,1,0,0,1.0,2.0,4.0,40.0,,,,,,,,5.0,3.0,0.0,1,2.0,1.0,1.0,2200.0,1242.0,1.0,,,,,13480.3112,3159.5981,0,0,0.0,1.0,0,0,35355,1,,,,2.0,,,3087.1936,9470.0,5520.0,-1,,,,,,,161625.0,2013,640,625,0,0,0,0,0,16.0,17.0,51.0,2013,MIS4_to_MIS8,2012-2013,True,False,False,1
257458330339104,5,2.0,4,4,2,9000,90001,1,1,33,17,16980,0,1.0,1.0,,7,1,61,,2,44,4,,1,1,1,5,2,210,210,210,4,0,12,2.0,1.0,,32.0,,40.0,,,,,,2.0,3.0,0.0,1,2.0,1.0,1.0,1375.0,2884.61,1.0,,,,,12002.2618,3043.7185,0,0,1.0,1.0,0,0,32083,1,,,,,,3.0,3008.0638,7860.0,,2200,,,,,,,161310.0,2012,628,625,0,0,0,0,0,18.0,,4.0,2320.0,8.0,40.0,2012,1.0,4,8,2,9000,90001,1,17,16980,0,1.0,1.0,,7,1,62,,2,44,4,,1,1,5,2,210,210,210,4,0,12,1.0,1.0,,30.0,,30.0,,,22.0,,,7.0,4.0,0.0,1,2.0,,1.0,5000.0,1500.0,1.0,,,,,11760.7174,2865.79,0,0,0.0,0.0,0,0,23356,1,,,,,,3.0,2835.7883,7860.0,2320.0,-1,,,,,,,161634.0,2013,640,625,0,0,0,0,0,18.0,8.0,40.0,2013,MIS4_to_MIS8,2012-2013,False,True,True,1
310709963719303,5,2.0,1,4,2,9000,90001,1,1,33,17,16980,0,1.0,1.0,1.0,7,3,54,1.0,1,43,2,,2,1,2,1,2,57,57,57,1,0,0,1.0,1.0,,40.0,,52.0,,,,,,2.0,1.0,0.0,1,2.0,2.0,2.0,,2884.61,2.0,2.0,,,,11796.8649,2990.7674,0,0,0.0,,0,0,18274,2,,,,1.0,2.0,,3011.241,7070.0,,-1,,,,,,,161343.0,2012,628,625,0,0,0,0,0,17.0,,2.0,740.0,2.0,34.0,2012,2.0,1,8,2,9000,90001,1,17,16980,0,1.0,1.0,1.0,7,3,56,1.0,1,43,2,,1,2,1,2,57,57,57,1,0,0,1.0,1.0,,40.0,,38.0,,,,,,2.0,3.0,0.0,1,2.0,2.0,2.0,,2867.3,2.0,2.0,,,,14367.6264,3745.0007,0,0,0.0,,0,0,45988,2,,,,1.0,1.0,,3737.675,7070.0,410.0,-1,,,,,,,161673.0,2013,640,625,0,0,0,0,0,18.0,1.0,34.0,2013,MIS4_to_MIS8,2012-2013,True,False,True,1
310709963719303,5,2.0,1,4,2,9000,90001,1,1,33,17,16980,0,1.0,1.0,1.0,7,4,19,,1,39,2,,4,1,3,7,2,57,57,57,1,0,0,2.0,4.0,,,,,,,,104.0,5.0,12.0,3.0,0.0,2,,,,,,,,1.0,1.0,2.0,19899.6172,3191.4797,0,0,,,0,0,18274,4,1.0,,,,,,3726.9353,6480.0,,-1,,,,,1.0,1.0,161344.0,2012,628,625,0,0,0,0,0,12.0,,2.0,4800.0,16.0,25.0,2012,2.0,1,8,2,9000,90001,1,17,16980,0,1.0,1.0,1.0,7,4,21,,1,40,2,,1,3,7,2,57,57,57,1,0,0,2.0,4.0,,,,,,,,25.0,5.0,12.0,3.0,0.0,2,,,,,,,,2.0,,,13163.7998,4258.7869,0,0,,,0,0,45988,4,,,3.0,,,,4282.253,6480.0,4800.0,-1,,,,,1.0,1.0,161674.0,2013,640,625,0,0,0,0,0,14.0,16.0,25.0,2013,MIS4_to_MIS8,2012-2013,True,False,False,1
403908451676387,5,1.0,7,4,2,9000,90001,1,1,33,17,16980,0,1.0,1.0,,7,2,73,,2,44,1,,1,0,0,7,2,57,57,128,1,0,0,1.0,4.0,,,,,,,,104.0,5.0,12.0,3.0,0.0,2,,,,,,,,,,,9708.1716,2499.9758,0,0,,,0,0,42850,1,,,,,,1.0,2493.6143,7860.0,,-1,,,,,,,161369.0,2012,628,625,0,0,0,0,0,17.0,,1.0,2540.0,8.0,40.0,2012,1.0,7,8,2,9000,90001,1,17,16980,0,1.0,1.0,,7,2,74,,2,44,1,,0,0,7,2,57,57,128,1,0,0,1.0,5.0,,,,,,,,,,1.0,,,2,,,,,,,,,,,10126.9447,2479.4115,0,0,,,0,0,23352,1,,,,,,1.0,2537.0805,,,-1,,,,,,,161710.0,2013,640,625,0,0,0,0,0,17.0,,,2013,MIS4_to_MIS8,2012-2013,False,True,True,1
729480780600931,5,1.0,1,4,2,9000,90001,1,1,33,17,16980,0,1.0,1.0,1.0,7,1,60,2.0,1,40,1,,1,1,1,1,2,57,57,57,1,0,0,1.0,1.0,,40.0,,40.0,,,,,,2.0,3.0,0.0,1,2.0,,1.0,4394.0,1757.6,1.0,,,,,12334.1988,3293.0345,0,0,0.0,0.0,0,0,54530,1,,,1.0,,,,3251.4925,7290.0,,-1,,,,,,,161443.0,2012,628,625,0,0,0,0,0,12.0,,1.0,9360.0,22.0,36.0,2012,1.0,1,8,2,9000,90001,1,17,16980,0,1.0,1.0,1.0,7,1,61,2.0,1,39,1,,1,1,1,2,57,57,57,1,0,0,1.0,1.0,,40.0,,40.0,,,,,,2.0,3.0,0.0,1,2.0,1.0,1.0,4504.0,1538.46,1.0,,,,,14542.7052,3550.8861,0,0,0.0,0.0,0,0,4985,1,1.0,,,,,,3533.4363,670.0,1420.0,-1,,,,,,,161774.0,2013,640,625,0,0,0,0,0,12.0,4.0,24.0,2013,MIS4_to_MIS8,2012-2013,True,False,False,1
778380644580931,5,1.0,1,4,2,9000,90001,1,1,33,17,16980,0,1.0,1.0,1.0,7,1,59,2.0,2,46,2,,1,1,1,1,2,57,57,57,1,0,0,1.0,1.0,,40.0,,40.0,,,,,,2.0,3.0,0.0,1,2.0,,1.0,4500.0,1710.0,1.0,,,,,10425.3135,2962.8033,0,0,0.0,0.0,0,0,50811,1,,,,,,,2974.3974,7860.0,,-1,,,,,,,161464.0,2012,628,625,0,0,0,0,0,18.0,,2.0,2310.0,8.0,40.0,2012,1.0,1,8,2,9000,90001,1,17,16980,0,1.0,1.0,1.0,7,1,60,2.0,2,46,2,,1,1,1,2,57,57,57,1,0,0,1.0,5.0,,,,,,,,,,1.0,,,2,,,,,,,,,,,12816.1164,3159.5981,0,0,,,0,0,9281,1,,,,,,,3242.5842,,,-1,,,,,,,161791.0,2013,640,625,0,0,0,0,0,18.0,,,2013,MIS4_to_MIS8,2012-2013,False,True,True,1
838193579700688,5,1.0,1,4,2,9000,90001,1,1,33,17,16980,0,1.0,1.0,1.0,7,3,54,1.0,1,40,1,,2,1,2,1,2,57,57,57,1,0,0,2.0,1.0,,40.0,,40.0,,,,,,2.0,3.0,0.0,1,2.0,2.0,2.0,,1442.3,1.0,,,,,12031.3606,3026.906,2,2,0.0,,0,0,54531,2,,,3.0,,,,3016.13,9470.0,,-1,,,,,,,161503.0,2012,628,625,0,1,0,0,1,14.0,,1.0,3850.0,12.0,51.0,2012,1.0,1,8,2,9000,90001,1,17,16980,0,1.0,1.0,1.0,7,3,55,1.0,1,40,1,,1,2,1,2,57,57,57,1,0,0,2.0,1.0,,40.0,,56.0,,,,,,2.0,3.0,0.0,1,2.0,2.0,2.0,,865.0,1.0,,,,,11583.2296,2983.5264,2,2,1.0,,0,0,45991,2,,,2.0,,,,2956.6705,9470.0,3850.0,-1,,,,,,,161823.0,2013,640,625,0,1,0,0,1,13.0,12.0,51.0,2013,MIS4_to_MIS8,2012-2013,True,False,False,1
937839930329101,5,1.0,4,4,2,9000,90001,1,1,33,17,16980,0,1.0,1.0,1.0,7,4,36,,2,39,1,,3,2,1,7,2,57,57,57,1,0,0,2.0,1.0,,35.0,,35.0,,,,,,2.0,2.0,0.0,1,2.0,,1.0,1000.0,350.0,2.0,2.0,,,,12400.8097,2993.5737,3,3,1.0,1.0,0,42,18285,3,1.0,,,,,,2973.4131,9480.0,,-1,,,,,1.0,,161540.0,2012,628,625,0,0,1,0,0,12.0,,1.0,4610.0,15.0,51.0,2012,4.0,4,8,2,9000,90001,1,17,16980,0,1.0,1.0,1.0,7,1,37,,2,39,1,,1,1,7,2,57,57,57,1,0,0,2.0,1.0,,40.0,,40.0,,,,,,2.0,2.0,0.0,1,2.0,,1.0,1550.0,620.0,2.0,2.0,2.0,,,11013.2369,2752.7048,10,3,1.0,1.0,0,42,69567,3,1.0,,,,,,2686.7274,9480.0,4610.0,-1,,,,,,,161861.0,2013,640,625,0,0,1,1,0,12.0,15.0,51.0,2013,MIS4_to_MIS8,2012-2013,True,False,False,1
32195969700884,5,2.0,1,4,2,9000,90001,1,1,33,17,37900,0,2.0,1.0,,3,1,48,2.0,1,40,1,,1,1,1,1,2,57,57,57,1,0,0,2.0,1.0,,40.0,,40.0,,,,,,2.0,3.0,0.0,1,2.0,2.0,2.0,,1346.15,1.0,,,,,12251.0449,3056.86,10,3,0.0,,0,0,32326,1,,,3.0,,,,3071.2024,9370.0,,-1,,,,,,,161596.0,2012,628,625,0,0,1,1,0,14.0,,1.0,7315.0,20.0,51.0,2012,2.0,1,8,2,9000,90001,1,17,37900,0,2.0,1.0,,3,1,49,2.0,1,40,1,,1,1,1,2,57,57,57,1,0,0,2.0,1.0,,40.0,,40.0,,,,,,2.0,3.0,0.0,1,1.0,,1.0,2000.0,1040.0,2.0,2.0,2.0,,,11240.6451,2838.7329,4,2,1.0,1.0,0,42,35583,1,,,3.0,,,,2789.8615,9390.0,7315.0,-1,,,,,,,161936.0,2013,640,625,0,0,0,1,0,14.0,20.0,51.0,2013,MIS4_to_MIS8,2012-2013,True,False,False,1
60017209130390,5,1.0,6,4,2,9000,90001,1,1,33,17,16980,0,2.0,1.0,,7,2,56,,1,41,1,1.0,1,0,0,5,2,303,303,303,5,0,2,1.0,1.0,,48.0,,48.0,,,,,,2.0,1.0,0.0,1,1.0,1.0,1.0,2314.0,1211.53,1.0,,,,,13860.2975,3474.4809,0,0,0.0,1.0,0,0,42846,1,,,3.0,,,,3520.5154,6370.0,,-1,,,,,,,161623.0,2012,628,625,0,0,0,0,0,14.0,,1.0,9130.0,22.0,23.0,2012,1.0,6,8,2,9000,90001,1,17,16980,0,2.0,1.0,,7,2,57,,1,41,1,1.0,0,0,5,2,303,303,303,5,0,2,1.0,1.0,,48.0,,48.0,,,,,,2.0,1.0,0.0,1,2.0,1.0,1.0,2728.0,1211.53,1.0,,,,,12078.7969,3104.9337,0,0,0.0,1.0,0,0,53078,1,,,3.0,,,,3083.1662,6370.0,9130.0,-1,,,,,,,161962.0,2013,640,625,0,0,0,0,0,14.0,22.0,23.0,2013,MIS4_to_MIS8,2012-2013,True,False,False,1
193713609033778,5,2.0,1,4,2,9000,90001,1,1,33,17,16980,0,2.0,1.0,,7,3,45,1.0,2,44,1,,2,1,2,1,2,57,57,57,1,0,0,1.0,1.0,,-4.0,,24.0,,,18.0,,,7.0,3.0,0.0,1,2.0,2.0,2.0,,90.0,2.0,2.0,,,,9932.4091,2465.6986,10,4,0.0,,0,0,42852,2,,,,,,2.0,2480.3522,7860.0,,-1,,,,,,,161690.0,2012,628,625,0,0,1,1,0,18.0,,1.0,2310.0,8.0,40.0,2012,2.0,1,8,2,9000,90001,1,17,16980,0,2.0,1.0,,7,3,46,1.0,2,44,1,,1,2,1,2,57,57,57,1,0,0,1.0,2.0,4.0,-4.0,,,,,,,,5.0,3.0,0.0,1,2.0,2.0,2.0,,450.0,2.0,2.0,2.0,,,10373.6511,2611.8195,10,3,0.0,,0,0,62618,2,,,,,,2.0,2582.8624,7860.0,2310.0,-1,,,,,,,162043.0,2013,640,625,0,0,1,1,0,18.0,8.0,40.0,2013,MIS4_to_MIS8,2012-2013,True,False,False,1
193993406045748,5,1.0,4,4,2,9000,90001,1,1,33,17,40420,0,2.0,1.0,,3,1,65,,2,40,1,,1,1,1,4,2,57,57,57,1,0,0,1.0,1.0,,35.0,,35.0,,,,,,2.0,2.0,0.0,1,2.0,,1.0,1100.0,385.0,2.0,2.0,,,,10415.961,2690.3474,0,0,0.0,0.0,0,0,43073,1,,,3.0,,,,2601.2018,7860.0,,-1,,,,,,,161704.0,2012,628,625,0,0,0,0,0,14.0,,1.0,2540.0,8.0,40.0,2012,1.0,4,8,2,9000,90001,1,17,40420,0,2.0,1.0,,3,1,65,,2,40,1,,1,1,4,2,57,57,57,1,0,0,1.0,1.0,,65.0,,70.0,,,,,,2.0,2.0,0.0,1,2.0,2.0,2.0,,1153.0,2.0,2.0,,,,9808.2711,2604.5297,0,0,1.0,,0,42,23711,1,,,3.0,,,,2480.3192,7860.0,2540.0,-1,,,,,,,162059.0,2013,640,625,0,0,0,0,0,14.0,8.0,40.0,2013,MIS4_to_MIS8,2012-2013,True,False,False,1
310709763719383,5,1.0,1,4,2,9000,90001,1,1,33,17,16980,0,2.0,1.0,,7,3,47,1.0,2,44,1,,2,1,2,1,2,57,57,57,1,0,0,2.0,1.0,,40.0,,40.0,,,,,,2.0,3.0,0.0,1,2.0,2.0,2.0,,2884.61,1.0,,,,,9932.4091,2465.6986,0,0,0.0,,0,0,66276,2,,,,,,3.0,2480.3522,7860.0,,-1,,,,,,,161780.0,2012,628,625,0,0,0,0,0,18.0,,1.0,2310.0,8.0,40.0,2012,1.0,1,8,2,9000,90001,1,17,16980,0,2.0,1.0,,7,3,48,1.0,2,44,1,,1,2,1,2,57,57,57,1,0,0,2.0,1.0,,40.0,,40.0,,,,,,2.0,3.0,0.0,1,2.0,2.0,2.0,,865.0,2.0,2.0,2.0,,,10373.6511,2611.8195,0,0,1.0,,0,0,67689,2,,,,,,2.0,2582.8624,7860.0,2310.0,-1,,,,,,,162133.0,2013,640,625,0,0,0,0,0,18.0,8.0,40.0,2013,MIS4_to_MIS8,2012-2013,True,False,False,1
471063043908697,5,5.0,4,4,2,9000,90001,1,1,33,17,41180,119,2.0,1.0,,6,1,58,,2,40,2,,1,1,1,7,2,57,57,57,1,0,0,2.0,1.0,,40.0,,60.0,,,,,,2.0,3.0,0.0,1,2.0,2.0,2.0,,600.0,2.0,2.0,,,,10305.3569,2928.7124,0,0,1.0,,0,0,50908,1,,,3.0,,,,2940.1732,9480.0,,3600,,,,,2.0,,161855.0,2012,628,625,0,0,0,0,0,14.0,,2.0,3600.0,11.0,51.0,2012,5.0,4,8,2,9000,90001,1,17,41180,119,2.0,1.0,,6,1,59,,2,40,2,,1,1,7,2,57,57,57,1,0,0,2.0,1.0,,40.0,,60.0,,,,,,2.0,4.0,0.0,1,2.0,,1.0,1900.0,760.0,2.0,2.0,,,,11890.8901,3059.4036,0,0,1.0,1.0,0,42,46108,1,,,3.0,,,,2989.2952,8180.0,3300.0,3600,,,,,2.0,,162213.0,2013,640,625,0,0,0,0,0,14.0,10.0,42.0,2013,MIS4_to_MIS8,2012-2013,False,True,True,1
603900911389037,5,1.0,1,4,2,9000,90001,1,1,33,17,16980,0,2.0,1.0,,7,3,66,1.0,2,40,1,,2,1,2,1,2,57,57,57,1,0,0,2.0,1.0,,27.0,,27.0,,,21.0,,,7.0,3.0,0.0,1,2.0,,1.0,1180.0,318.6,1.0,,,,,10076.6717,2602.712,0,0,1.0,1.0,0,42,32084,2,,,4.0,,,,2516.4703,7860.0,,-1,,,,,,,161897.0,2012,628,625,0,0,0,0,0,15.0,,1.0,2540.0,8.0,40.0,2012,2.0,1,8,2,9000,90001,1,17,16980,0,2.0,1.0,,7,3,67,1.0,2,40,1,,1,2,1,2,57,57,57,1,0,0,1.0,1.0,,27.0,,27.0,,,21.0,,,7.0,3.0,0.0,1,2.0,,1.0,800.0,216.0,2.0,2.0,,,,10066.5777,2673.1216,0,0,1.0,1.0,0,0,35346,2,,,3.0,,,,2545.6399,7860.0,2540.0,-1,,,,,,,162249.0,2013,640,625,0,0,0,0,0,14.0,8.0,40.0,2013,MIS4_to_MIS8,2012-2013,True,False,False,1
917569130579105,5,1.0,1,4,2,9000,90001,1,1,33,17,16980,0,2.0,1.0,,7,1,47,2.0,2,44,1,,1,1,1,1,2,57,57,57,1,0,0,1.0,1.0,,40.0,,40.0,,,,,,2.0,3.0,0.0,1,2.0,2.0,2.0,,869.23,2.0,2.0,,,,9932.4091,2465.6986,4,2,0.0,,0,0,32266,1,,,,,,2.0,2480.3522,6770.0,,-1,,,,,,,162053.0,2012,628,625,0,0,0,1,0,18.0,,1.0,2430.0,8.0,31.0,2012,1.0,1,8,2,9000,90001,1,17,16980,0,2.0,1.0,,7,1,48,2.0,2,44,1,,1,1,1,2,57,57,57,1,0,0,1.0,1.0,,40.0,,40.0,,,,,,2.0,3.0,0.0,1,2.0,2.0,2.0,,923.07,2.0,2.0,2.0,,,10373.6511,2611.8195,4,2,0.0,,0,0,46079,1,,,,,,2.0,2582.8624,6770.0,2430.0,-1,,,,,,,162417.0,2013,640,625,0,0,0,1,0,18.0,8.0,31.0,2013,MIS4_to_MIS8,2012-2013,True,False,False,1
925027955139470,5,1.0,4,4,2,9000,90001,1,1,33,17,0,0,3.0,2.0,,0,1,29,,2,39,2,,1,1,1,7,2,57,57,57,1,0,0,1.0,1.0,,30.0,,30.0,,,14.0,,,6.0,2.0,0.0,1,2.0,,1.0,1015.0,304.5,2.0,2.0,,,,10769.9574,2848.1305,6,3,0.0,0.0,0,0,42799,1,1.0,,,,,,2904.6101,8370.0,,-1,,,,,,,162261.0,2012,628,625,1,0,1,0,1,12.0,,2.0,4610.0,15.0,43.0,2012,1.0,4,8,2,9000,90001,1,17,0,0,3.0,2.0,,0,1,30,,2,39,2,,1,1,7,2,57,57,57,1,0,0,1.0,1.0,,40.0,,60.0,,,,,,2.0,4.0,0.0,1,2.0,,1.0,900.0,360.0,2.0,2.0,2.0,,,16845.4496,4245.0849,6,3,1.0,1.0,0,0,56374,1,1.0,,,,,,4214.8333,5380.0,4720.0,3600,,,,,,,162614.0,2013,640,625,1,0,1,0,1,12.0,16.0,22.0,2013,MIS4_to_MIS8,2012-2013,False,True,True,1
31101380700154,5,2.0,1,4,2,9000,90001,1,1,33,17,44100,0,,1.0,,2,1,42,2.0,2,44,1,,1,1,1,1,2,57,57,57,1,0,0,2.0,1.0,,-4.0,,45.0,,,,,,2.0,3.0,0.0,1,2.0,2.0,2.0,,1057.69,1.0,,,,,11692.383,2810.6483,8,2,0.0,,0,0,63094,1,,,,,,2.0,2803.5496,7870.0,,-1,,,,,,,162301.0,2012,628,625,0,1,1,0,1,18.0,,1.0,2200.0,8.0,40.0,2012,1.0,1,8,2,9000,90001,1,17,44100,0,,1.0,,2,1,43,2.0,2,44,1,,1,1,1,2,57,57,57,1,0,0,1.0,1.0,,35.0,13.0,15.0,,,13.0,,,4.0,2.0,0.0,1,2.0,2.0,2.0,,1107.69,1.0,,2.0,,,10988.9808,2741.5756,3,2,0.0,,0,0,46129,1,,,,,,2.0,2680.81,7870.0,2200.0,-1,,,,,,,162649.0,2013,640,625,0,0,1,0,0,18.0,8.0,40.0,2013,MIS4_to_MIS8,2012-2013,True,False,True,1
65051370996391,5,2.0,1,4,2,9000,90001,1,1,33,17,19340,0,,1.0,,3,3,46,1.0,2,44,1,,2,1,2,1,2,57,57,57,1,0,0,1.0,1.0,,40.0,,40.0,,,,,,2.0,3.0,0.0,1,2.0,2.0,2.0,,1250.0,1.0,,,,,10266.841,2548.7206,3,1,0.0,,0,0,3007,2,,,,,,2.0,2563.8676,7860.0,,-1,,,,,,,162309.0,2012,628,625,0,0,1,0,0,18.0,,1.0,2310.0,8.0,40.0,2012,2.0,1,8,2,9000,90001,1,17,19340,0,,1.0,,3,3,47,1.0,2,44,1,,1,2,1,2,57,57,57,1,0,0,1.0,1.0,,40.0,,40.0,,,,,,2.0,5.0,0.0,1,2.0,2.0,2.0,,1500.0,1.0,,2.0,,,10107.4651,2544.8007,3,1,0.0,,0,0,5004,2,,,,,,2.0,2516.5866,7860.0,2310.0,-1,,,,,,,162658.0,2013,640,625,0,0,1,0,0,18.0,8.0,40.0,2013,MIS4_to_MIS8,2012-2013,False,True,True,1
74441370994696,5,1.0,7,4,2,9000,90001,1,1,33,17,16580,0,,1.0,,2,2,40,,2,40,1,,1,0,0,7,2,57,57,57,1,0,0,1.0,2.0,5.0,40.0,,,,,,,,5.0,3.0,0.0,1,2.0,,1.0,2100.0,840.0,2.0,2.0,,,,11827.9583,2843.2382,0,0,0.0,0.0,0,0,63042,1,,,4.0,,,,2836.0572,6180.0,,-1,,,,,,,162312.0,2012,628,625,0,0,0,0,0,15.0,,1.0,9610.0,22.0,23.0,2012,1.0,7,8,2,9000,90001,1,17,16580,0,,1.0,,2,2,41,,2,40,1,,0,0,7,2,57,57,57,1,0,0,1.0,1.0,,40.0,,40.0,,,,,,2.0,4.0,0.0,1,2.0,,1.0,2200.0,880.0,2.0,2.0,2.0,,,11116.4,2773.3646,0,0,0.0,0.0,0,0,23298,1,,,4.0,,,,2711.8945,6180.0,9610.0,-1,,,,,,,162661.0,2013,640,625,0,0,0,0,0,15.0,22.0,23.0,2013,MIS4_to_MIS8,2012-2013,False,True,True,1
371145003001108,5,1.0,1,4,2,9000,90001,1,1,33,17,44100,0,,1.0,,2,1,43,2.0,2,43,1,,1,1,1,1,2,57,57,57,1,0,0,1.0,1.0,,38.0,,38.0,,,,,,2.0,2.0,0.0,1,2.0,2.0,2.0,,1000.0,1.0,,,,,11692.383,2810.6483,0,0,1.0,,0,0,63095,1,,,,1.0,2.0,,2803.5496,9370.0,,-1,,,,,,,162331.0,2012,628,625,0,0,0,0,0,17.0,,1.0,430.0,1.0,51.0,2012,1.0,1,8,2,9000,90001,1,17,44100,0,,1.0,,2,1,44,2.0,2,43,1,,1,1,1,2,57,57,57,1,0,0,1.0,1.0,,38.0,,36.0,,,,,,2.0,2.0,0.0,1,2.0,2.0,2.0,,2153.84,1.0,,2.0,,,10988.9808,2741.5756,0,0,0.0,,0,0,33319,1,,,,1.0,2.0,,2680.81,9490.0,430.0,-1,,,,,,,162684.0,2013,640,625,0,0,0,0,0,17.0,1.0,51.0,2013,MIS4_to_MIS8,2012-2013,True,False,False,1
946047944139760,5,1.0,7,4,2,9000,90001,1,1,33,17,16580,0,,1.0,,2,2,28,,2,44,1,,1,0,0,7,2,147,147,147,5,0,21,1.0,1.0,,20.0,,20.0,,,23.0,,,7.0,2.0,0.0,1,2.0,2.0,2.0,,450.0,2.0,2.0,,,,12711.6184,3137.9387,0,0,0.0,,0,0,18188,1,,,,,,2.0,3142.2099,7870.0,,-1,,,,,,,162389.0,2012,628,625,0,0,0,0,0,18.0,,1.0,2200.0,8.0,40.0,2012,1.0,7,8,2,9000,90001,1,17,16580,0,,1.0,,2,2,29,,2,44,1,,0,0,7,2,147,147,147,5,0,21,1.0,1.0,,20.0,,20.0,,,20.0,,,7.0,2.0,0.0,1,2.0,2.0,2.0,,395.83,2.0,2.0,1.0,1.0,2.0,12330.999,3101.4282,0,0,0.0,,0,0,56376,1,,,,,,2.0,3095.0759,7870.0,1240.0,-1,,,,,,,162753.0,2013,640,625,0,0,0,0,0,18.0,3.0,40.0,2013,MIS4_to_MIS8,2012-2013,True,False,False,1
957539930059101,5,1.0,4,4,2,9000,90001,1,1,33,17,28100,91,,1.0,,2,8,27,,2,39,1,,2,1,4,7,2,57,57,57,1,0,0,2.0,1.0,,20.0,,20.0,,,19.0,,,7.0,3.0,0.0,1,2.0,,1.0,415.0,83.0,2.0,2.0,,,,12516.387,3089.7446,0,0,0.0,0.0,0,0,32247,2,1.0,,,,,,3093.9502,8390.0,,-1,,,,,,,162394.0,2012,628,625,0,0,0,0,0,12.0,,1.0,4230.0,14.0,43.0,2012,1.0,4,8,2,9000,90001,1,17,28100,91,,1.0,,2,8,28,,2,39,1,,1,4,7,2,57,57,57,1,0,0,2.0,1.0,,20.0,,20.0,,,19.0,,,7.0,3.0,0.0,1,2.0,,1.0,1200.0,240.0,2.0,2.0,2.0,,,12442.3649,3129.4384,0,0,1.0,1.0,0,0,46066,2,1.0,,,,,,3123.0287,8390.0,4230.0,-1,,,,,,,162760.0,2013,640,625,0,0,0,0,0,12.0,14.0,43.0,2013,MIS4_to_MIS8,2012-2013,True,False,False,1
987919430339109,5,1.0,7,4,2,9000,90001,1,1,33,17,44100,0,,1.0,,2,2,53,,2,43,1,,1,0,0,5,2,57,57,57,1,0,0,1.0,1.0,,38.0,,38.0,,,,,,2.0,2.0,0.0,1,2.0,2.0,2.0,,843.69,1.0,,,,,10160.0104,2553.9394,0,0,0.0,,0,0,41430,1,,,,2.0,,,2537.1895,9480.0,,-1,,,,,,,162399.0,2012,628,625,0,0,0,0,0,16.0,,1.0,5810.0,17.0,51.0,2012,1.0,7,8,2,9000,90001,1,17,44100,0,,1.0,,2,2,54,,2,43,1,,0,0,5,2,57,57,57,1,0,0,1.0,1.0,,38.0,,66.0,,,,,,2.0,2.0,0.0,1,2.0,2.0,2.0,,843.69,1.0,,2.0,,,10215.764,2586.2712,0,0,0.0,,0,0,46132,1,,,,2.0,,,2543.5512,8180.0,1240.0,5810,,,,,,,162765.0,2013,640,625,0,0,0,0,0,16.0,3.0,42.0,2013,MIS4_to_MIS8,2012-2013,True,False,False,1
4900861987487,6,2.0,1,4,2,9000,90001,1,1,33,17,16980,0,1.0,1.0,1.0,7,1,39,2.0,1,40,2,,1,1,1,1,2,57,57,57,1,0,0,3.0,1.0,,40.0,,40.0,,,,,,2.0,3.0,0.0,1,2.0,2.0,2.0,,711.53,1.0,,,,,11859.884,3006.5584,12,3,0.0,,0,0,66835,1,,,4.0,,,,3052.4049,9470.0,,-1,,,,,,,199148.0,2012,629,626,1,1,0,1,1,15.0,,2.0,5260.0,17.0,51.0,2012,1.0,1,8,2,9000,90001,1,17,16980,0,1.0,1.0,1.0,7,1,40,2.0,1,40,2,,1,1,1,2,57,57,57,1,0,0,1.0,1.0,,40.0,,40.0,,,,,,2.0,3.0,0.0,1,2.0,2.0,2.0,,903.84,1.0,,2.0,,,15154.2651,3982.8393,8,2,0.0,,0,0,54155,1,,,2.0,,,,3902.4113,9470.0,5260.0,-1,,,,,,,199558.0,2013,641,626,0,1,1,0,1,13.0,17.0,51.0,2013,MIS4_to_MIS8,2012-2013,True,False,False,1
46199139700290,6,1.0,7,4,2,9000,90001,1,1,33,17,16980,0,1.0,1.0,1.0,7,2,60,,2,46,1,,1,0,0,7,2,57,57,138,1,0,0,1.0,1.0,,40.0,,40.0,,,,,,2.0,1.0,0.0,1,2.0,1.0,1.0,1811.0,2230.76,1.0,,,,,11983.2827,2993.1679,0,0,0.0,1.0,0,0,44796,1,,,,,,,2940.2413,9490.0,,-1,,,,,,,199173.0,2012,629,626,0,0,0,0,0,18.0,,1.0,565.0,2.0,51.0,2012,1.0,7,8,2,9000,90001,1,17,16980,0,1.0,1.0,1.0,7,2,61,,2,46,1,,0,0,7,2,57,57,138,1,0,0,1.0,1.0,,40.0,,40.0,,,,,,2.0,1.0,0.0,1,2.0,1.0,1.0,1900.0,653.0,1.0,,,,,12296.6562,2958.2305,0,0,1.0,1.0,0,0,6177,1,,,,,,,2877.5423,9370.0,5860.0,-1,,,,,,,199582.0,2013,641,626,0,0,0,0,0,18.0,17.0,51.0,2013,MIS4_to_MIS8,2012-2013,True,False,False,1
71231074909693,6,2.0,4,4,2,9000,90001,1,1,33,17,40420,0,1.0,1.0,,3,1,44,,2,40,1,,2,1,1,7,2,57,57,57,1,0,0,1.0,1.0,,40.0,,36.0,,,,,,2.0,3.0,0.0,1,2.0,,1.0,1500.0,600.0,1.0,,,,,9541.5453,2502.5301,4,1,0.0,0.0,0,0,44942,2,,,4.0,,,,2475.9709,9380.0,,-1,,,,,,,199175.0,2012,629,626,0,0,0,1,0,15.0,,1.0,5860.0,17.0,51.0,2012,2.0,4,8,2,9000,90001,1,17,40420,0,1.0,1.0,,3,1,45,,2,40,1,,1,1,7,2,57,57,57,1,0,0,1.0,1.0,,40.0,,40.0,,,,,,2.0,3.0,0.0,1,2.0,2.0,2.0,,576.92,1.0,,2.0,,,13508.1963,3386.3978,4,1,0.0,,0,0,18486,2,,,3.0,,,,3338.1999,9380.0,5700.0,-1,,,,,,,199585.0,2013,641,626,0,0,0,1,0,14.0,17.0,51.0,2013,MIS4_to_MIS8,2012-2013,True,False,False,1
85461470958483,6,1.0,1,4,2,9000,90001,1,1,33,17,16980,0,1.0,1.0,,7,1,51,2.0,1,42,1,,1,1,1,1,2,57,57,57,1,0,0,1.0,4.0,,,,,,,,56.0,2.0,11.0,1.0,0.0,2,,,,,,,,,,,14640.744,3283.2714,0,0,,,0,0,34107,1,,,3.0,,,,3416.7781,9590.0,,-1,1.0,,,,,,199185.0,2012,629,626,0,0,0,0,0,14.0,,1.0,1006.0,3.0,51.0,2012,2.0,1,8,2,9000,90001,1,17,16980,0,1.0,1.0,,7,1,52,2.0,1,42,1,,1,1,1,2,57,57,57,1,0,0,2.0,4.0,,,,,,,,65.0,2.0,11.0,1.0,0.0,2,,,,,,,,2.0,,,13821.3415,3151.945,0,0,,,0,0,6171,1,,,3.0,,,,3254.7699,9890.0,9840.0,-1,1.0,,,,,,199593.0,2013,641,626,0,0,0,0,0,14.0,23.0,52.0,2013,MIS4_to_MIS8,2012-2013,True,False,False,1
709480780600941,6,1.0,1,4,2,9000,90001,1,1,33,17,16980,0,1.0,1.0,1.0,7,1,53,2.0,2,44,2,,1,1,1,1,2,57,57,57,1,0,0,1.0,1.0,,40.0,,40.0,,,,,,2.0,2.0,0.0,1,2.0,2.0,2.0,,730.76,2.0,1.0,,,,15373.7369,3566.2225,0,0,0.0,,0,0,52237,1,,,,,,3.0,3588.9298,9370.0,,-1,,,,,,,199329.0,2012,629,626,0,0,0,0,0,18.0,,2.0,2010.0,6.0,51.0,2012,1.0,1,8,2,9000,90001,1,17,16980,0,1.0,1.0,1.0,7,1,54,2.0,2,44,2,,1,1,1,2,57,57,57,1,0,0,1.0,6.0,,,,,,,,,,1.0,2.0,0.0,2,,,,,,,,2.0,,,10703.4842,2969.3229,0,0,,,0,0,18141,1,,,,,,3.0,3039.1704,8470.0,2010.0,-1,,,,,,,199724.0,2013,641,626,0,0,0,0,0,18.0,6.0,43.0,2013,MIS4_to_MIS8,2012-2013,True,False,False,1
740196979700956,6,1.0,3,4,2,9000,90001,1,1,33,17,16980,0,1.0,1.0,1.0,7,8,30,2.0,2,39,1,2.0,5,2,2,1,2,57,57,57,1,0,0,2.0,1.0,,30.0,,30.0,,,14.0,,,6.0,3.0,0.0,1,2.0,1.0,1.0,1094.0,300.0,2.0,2.0,,,,13961.0224,3435.2748,1,2,1.0,1.0,0,0,52239,5,1.0,,,,,,3384.0309,7860.0,,-1,,,,,,,199344.0,2012,629,626,1,0,0,0,1,12.0,,1.0,2540.0,8.0,40.0,2012,1.0,3,8,2,9000,90001,1,17,16980,0,1.0,1.0,1.0,7,8,31,2.0,2,39,1,2.0,2,2,1,2,57,57,57,1,0,0,2.0,1.0,,35.0,,35.0,,,,,,2.0,3.0,0.0,1,2.0,,1.0,973.0,340.55,2.0,2.0,2.0,,,13856.8307,3506.5952,5,2,1.0,1.0,0,0,31430,5,1.0,,,,,,3458.2508,7860.0,4600.0,-1,,,,,,,199738.0,2013,641,626,1,1,0,0,1,12.0,15.0,40.0,2013,MIS4_to_MIS8,2012-2013,True,False,False,1
137810540750109,6,1.0,1,4,2,9000,90001,1,1,33,17,16980,0,2.0,1.0,,7,3,28,1.0,2,44,1,1.0,2,1,2,1,2,57,303,303,1,0,0,2.0,2.0,4.0,50.0,,,,,,,,5.0,3.0,0.0,1,2.0,2.0,2.0,,865.38,1.0,,,,,9762.0172,2400.4931,1,1,0.0,,0,0,55657,2,,,,,,2.0,2366.2284,7860.0,,-1,,,,,,,199555.0,2012,629,626,1,0,0,0,1,18.0,,1.0,2310.0,8.0,40.0,2012,1.0,1,8,2,9000,90001,1,17,16980,0,2.0,1.0,,7,3,29,1.0,2,44,1,1.0,1,2,1,2,57,303,303,1,0,0,2.0,2.0,14.0,40.0,,,,,,,,5.0,3.0,0.0,1,2.0,2.0,2.0,,961.53,1.0,,2.0,,,12393.5231,3120.8969,1,1,0.0,,0,0,14684,2,,,,,,2.0,3093.053,7860.0,2310.0,-1,,,,,,,199913.0,2013,641,626,1,0,0,0,1,18.0,8.0,40.0,2013,MIS4_to_MIS8,2012-2013,True,False,False,1
192904108082769,6,1.0,1,4,2,9000,90001,1,1,33,17,37900,0,2.0,1.0,,3,1,54,2.0,1,41,1,,1,1,1,1,2,57,57,57,1,0,0,1.0,1.0,,20.0,,20.0,,,14.0,,,6.0,3.0,0.0,1,2.0,,1.0,1050.0,210.0,2.0,2.0,,,,12374.1525,3059.5251,4,1,0.0,0.0,0,0,44948,1,,,5.0,,,,3021.2804,8570.0,,-1,,,,,,,199582.0,2012,629,626,0,0,0,1,0,16.0,,1.0,4250.0,14.0,44.0,2012,2.0,1,8,2,9000,90001,1,17,37900,0,2.0,1.0,,3,1,55,2.0,1,41,1,,1,1,1,2,57,57,57,1,0,0,2.0,1.0,,-4.0,,26.0,,,15.0,,,6.0,3.0,0.0,1,2.0,1.0,1.0,1500.0,192.3,2.0,2.0,,,,12629.242,3163.5533,4,1,0.0,1.0,0,0,42770,1,,,3.0,,,,3133.8124,8570.0,4250.0,-1,,,,,,,199942.0,2013,641,626,0,0,0,1,0,14.0,14.0,44.0,2013,MIS4_to_MIS8,2012-2013,True,False,False,1
193934504009759,6,1.0,1,4,2,9000,90001,1,1,33,17,16980,0,2.0,1.0,,7,3,62,1.0,2,44,1,,2,1,2,1,2,57,57,57,1,0,0,2.0,2.0,4.0,20.0,,,,,,,,10.0,3.0,0.0,1,2.0,2.0,2.0,,708.33,1.0,,,,,11388.4039,2844.5798,0,0,0.0,,0,0,7348,2,,,,,,2.0,2794.2807,7860.0,,-1,,,,,,,199599.0,2012,629,626,0,0,0,0,0,18.0,,1.0,2310.0,8.0,40.0,2012,2.0,1,8,2,9000,90001,1,17,16980,0,2.0,1.0,,7,3,63,1.0,2,44,1,,1,2,1,2,57,57,57,1,0,0,1.0,2.0,11.0,20.0,,,,,,,,10.0,3.0,0.0,1,2.0,1.0,1.0,6000.0,349.42,1.0,,,,,12407.5879,2984.9176,0,0,0.0,0.0,0,0,50368,2,,,,,,2.0,2903.5015,7870.0,2200.0,-1,,,,,,,199959.0,2013,641,626,0,0,0,0,0,18.0,8.0,40.0,2013,MIS4_to_MIS8,2012-2013,True,False,False,1
195904906078799,6,1.0,7,4,2,9000,90001,1,1,33,17,16980,111,2.0,1.0,,7,2,85,,2,39,1,,1,0,0,4,2,57,110,110,1,0,0,1.0,3.0,,,,,2.0,,,2.0,1.0,12.0,3.0,0.0,2,,,,,,,,,,,13183.049,3187.7542,0,0,,,0,0,7402,1,1.0,,,,,,3262.9008,7860.0,,-1,,,,,,,199610.0,2012,629,626,0,0,0,0,0,12.0,,1.0,4020.0,13.0,40.0,2012,1.0,7,8,2,9000,90001,1,17,16980,111,2.0,1.0,,7,2,85,,2,39,1,,0,0,4,2,57,110,110,1,0,0,1.0,2.0,4.0,20.0,,,,,,,,10.0,3.0,0.0,1,2.0,,1.0,1400.0,280.0,2.0,2.0,,,,13534.7469,3143.9111,0,0,0.0,0.0,0,0,6262,1,1.0,,,,,,2979.0452,7860.0,4020.0,-1,,,,,,,199965.0,2013,641,626,0,0,0,0,0,12.0,13.0,40.0,2013,MIS4_to_MIS8,2012-2013,True,False,False,1
410709753453493,6,1.0,1,4,2,9000,90001,1,1,33,17,16980,0,2.0,1.0,,7,3,36,1.0,1,39,2,,2,1,2,1,2,57,57,57,1,0,0,2.0,1.0,,40.0,,40.0,,,,,,2.0,3.0,0.0,1,2.0,,1.0,1550.0,620.0,2.0,2.0,,,,11271.131,2857.3057,8,4,1.0,1.0,0,0,59531,2,1.0,,,,,,2900.8762,9470.0,,-1,,,,,,,199681.0,2012,629,626,0,1,1,0,1,12.0,,2.0,5220.0,17.0,51.0,2012,1.0,1,8,2,9000,90001,1,17,16980,0,2.0,1.0,,7,3,37,1.0,1,39,2,,1,2,1,2,57,57,57,1,0,0,2.0,1.0,,40.0,,40.0,,,,,,2.0,2.0,0.0,1,2.0,,1.0,1500.0,600.0,2.0,2.0,2.0,,,15880.2812,3990.6602,8,4,1.0,1.0,0,42,18132,2,1.0,,,,,,4089.3695,9470.0,3800.0,-1,,,,,,,200031.0,2013,641,626,0,1,1,0,1,12.0,12.0,51.0,2013,MIS4_to_MIS8,2012-2013,True,False,True,1
410709953534099,6,1.0,1,4,2,9000,90001,1,1,33,17,16980,0,2.0,1.0,,7,3,36,1.0,2,44,4,,2,1,2,1,2,207,207,207,5,0,17,2.0,1.0,,40.0,,40.0,,,,,,2.0,2.0,0.0,1,2.0,2.0,2.0,,1538.46,2.0,2.0,,,,9064.8877,2376.0803,2,1,0.0,,0,0,20465,2,,,,,,2.0,2352.2813,7870.0,,-1,,,,,,,199704.0,2012,629,626,0,1,0,0,1,18.0,,4.0,230.0,1.0,40.0,2012,1.0,1,8,2,9000,90001,1,17,16980,0,2.0,1.0,,7,3,37,1.0,2,44,4,,1,2,1,2,207,207,207,5,0,17,2.0,1.0,,40.0,,40.0,,,,,,2.0,2.0,0.0,1,2.0,2.0,2.0,,1634.61,2.0,2.0,2.0,,,13589.967,3480.0273,2,1,0.0,,0,0,50367,2,,,,,,2.0,3425.7033,7870.0,230.0,-1,,,,,,,200056.0,2013,641,626,0,1,0,0,1,18.0,1.0,40.0,2013,MIS4_to_MIS8,2012-2013,True,False,False,1
667639240939103,6,2.0,1,4,2,9000,90001,1,1,33,17,16980,0,2.0,1.0,,7,1,48,2.0,2,43,1,,1,1,1,1,2,57,132,110,1,0,0,2.0,1.0,,40.0,,40.0,,,,,,2.0,2.0,0.0,1,2.0,2.0,2.0,,2884.61,2.0,2.0,,,,13027.1841,3292.1439,10,2,1.0,,0,42,66865,1,,,,2.0,,,3271.264,9370.0,,-1,,,,,,,199809.0,2012,629,626,0,0,1,1,0,16.0,,1.0,1310.0,4.0,51.0,2012,1.0,1,8,2,9000,90001,1,17,16980,0,2.0,1.0,,7,1,49,2.0,2,43,1,,1,1,1,2,57,132,110,1,0,0,1.0,1.0,,40.0,,40.0,,,,,,2.0,2.0,0.0,1,2.0,2.0,2.0,,1057.0,2.0,2.0,2.0,,,13049.0214,3271.2863,3,1,1.0,,0,0,62546,1,,,,2.0,,,3224.7268,9570.0,1300.0,-1,,,,,,,200149.0,2013,641,626,0,0,1,0,0,16.0,4.0,51.0,2013,MIS4_to_MIS8,2012-2013,True,False,False,1
845194619700928,6,1.0,1,4,2,9000,90001,1,1,33,17,41180,0,2.0,1.0,,6,3,43,1.0,2,44,1,,2,1,2,1,2,57,57,57,1,0,0,2.0,2.0,4.0,40.0,,,,,,,,5.0,3.0,0.0,1,2.0,2.0,2.0,,1057.69,2.0,1.0,,,,9334.3961,2448.1996,4,3,0.0,,0,0,52200,2,,,,,,2.0,2422.217,7860.0,,-1,,,,,,,199922.0,2012,629,626,0,0,0,1,0,18.0,,1.0,2310.0,8.0,40.0,2012,1.0,1,8,2,9000,90001,1,17,41180,0,2.0,1.0,,6,3,44,1.0,2,44,1,,1,2,1,2,57,57,57,1,0,0,2.0,3.0,,,,,3.0,,,3.0,1.0,11.0,3.0,0.0,2,,,,,,,,2.0,,,12199.1822,3087.9575,4,2,,,0,0,18034,2,,,,,,2.0,3176.5378,7860.0,2310.0,-1,,,,,,,200252.0,2013,641,626,0,0,0,1,0,18.0,8.0,40.0,2013,MIS4_to_MIS8,2012-2013,True,False,False,1
871068014909292,6,1.0,1,4,2,9000,90001,1,1,33,17,37900,0,2.0,1.0,,3,3,26,1.0,2,43,1,,2,1,2,1,2,57,57,57,1,0,0,2.0,1.0,,40.0,,40.0,,,,,,2.0,3.0,0.0,1,2.0,2.0,2.0,,519.0,2.0,2.0,,,,11156.4296,2722.6208,0,0,1.0,,0,42,44949,2,,,,1.0,1.0,,2704.2219,8470.0,,-1,,,,,,,199940.0,2012,629,626,0,0,0,0,0,18.0,,1.0,2300.0,8.0,43.0,2012,1.0,1,8,2,9000,90001,1,17,37900,0,2.0,1.0,,3,3,27,1.0,2,43,1,,1,2,1,2,57,57,57,1,0,0,2.0,2.0,4.0,40.0,,,,,,,,5.0,3.0,0.0,1,2.0,2.0,2.0,,788.46,1.0,,2.0,,,13756.9297,3457.9101,0,0,0.0,,0,0,14717,2,,,,1.0,1.0,,3433.3185,8470.0,2300.0,-1,,,,,,,200277.0,2013,641,626,0,0,0,0,0,18.0,8.0,43.0,2013,MIS4_to_MIS8,2012-2013,True,False,False,1
871845044907191,6,1.0,7,4,2,9000,90001,1,1,33,17,16980,0,2.0,1.0,,7,2,65,,2,39,1,,1,0,0,5,2,57,57,57,1,0,0,1.0,2.0,4.0,40.0,,,,,,,,5.0,3.0,0.0,1,2.0,2.0,2.0,,727.0,2.0,2.0,,,,12368.7765,3146.8219,0,0,0.0,,0,0,20464,1,1.0,,,,,,3018.2036,7860.0,,-1,,,,,,,199947.0,2012,629,626,0,0,0,0,0,12.0,,1.0,530.0,2.0,40.0,2012,1.0,7,8,2,9000,90001,1,17,16980,0,2.0,1.0,,7,2,66,,2,39,1,,0,0,5,2,57,57,57,1,0,0,1.0,1.0,,25.0,,25.0,,,22.0,,,7.0,3.0,0.0,1,2.0,2.0,2.0,,730.76,2.0,2.0,,,,13633.2211,3166.7852,0,0,0.0,,0,0,6229,1,1.0,,,,,,3000.7198,7860.0,530.0,-1,,,,,,,200283.0,2013,641,626,0,0,0,0,0,12.0,2.0,40.0,2013,MIS4_to_MIS8,2012-2013,True,False,False,1
410709936019690,6,1.0,6,4,2,9000,90001,1,1,33,17,0,99,3.0,2.0,,0,2,67,,1,39,1,,1,0,0,5,2,57,57,57,1,0,0,1.0,1.0,,25.0,,30.0,,,18.0,,,7.0,3.0,0.0,1,2.0,,1.0,1500.0,450.0,2.0,2.0,,,,13730.2286,3305.9422,0,0,0.0,0.0,0,0,7395,1,2.0,7.0,,,,,3233.6223,9370.0,,-1,4.0,,,,,,200077.0,2012,629,626,0,0,0,0,0,11.0,,1.0,9130.0,22.0,51.0,2012,1.0,6,8,2,9000,90001,1,17,0,99,3.0,2.0,,0,2,68,,1,39,1,,0,0,5,2,57,57,57,1,0,0,1.0,1.0,,25.0,,25.0,,,21.0,,,7.0,3.0,0.0,1,2.0,,1.0,1500.0,375.0,2.0,2.0,,,,12318.6709,3008.2073,0,0,0.0,0.0,0,0,3411,1,2.0,7.0,,,,,2923.3815,9370.0,9130.0,-1,4.0,,,,,,200414.0,2013,641,626,0,0,0,0,0,11.0,22.0,51.0,2013,MIS4_to_MIS8,2012-2013,True,False,False,1
147190499700993,6,1.0,7,4,2,9000,90001,1,1,33,17,28100,91,,1.0,,2,2,58,,2,44,1,,1,0,0,5,2,57,57,57,1,0,0,1.0,2.0,4.0,42.0,,,,,,,,5.0,3.0,0.0,1,2.0,2.0,2.0,,1230.76,1.0,,,,,13152.3368,3338.9337,0,0,0.0,,0,0,20522,1,,,,,,3.0,3281.1528,7860.0,,-1,,,,,,,200158.0,2012,629,626,0,0,0,0,0,18.0,,1.0,2310.0,8.0,40.0,2012,1.0,7,8,2,9000,90001,1,17,28100,91,,1.0,,2,2,59,,2,44,1,,0,0,5,2,57,57,57,1,0,0,1.0,2.0,4.0,40.0,,,,,,,,5.0,3.0,0.0,1,2.0,2.0,2.0,,1288.46,1.0,,,,,11568.9061,3093.7277,0,0,0.0,,0,0,6255,1,,,,,,3.0,3066.9353,7860.0,2310.0,-1,,,,,,,200499.0,2013,641,626,0,0,0,0,0,18.0,8.0,40.0,2013,MIS4_to_MIS8,2012-2013,True,False,False,1
410709937808196,6,1.0,1,4,2,9000,90001,1,1,33,17,16580,0,,1.0,,2,3,38,1.0,1,44,1,,2,1,2,1,2,57,57,57,1,0,0,2.0,1.0,,50.0,,48.0,,,,,,2.0,2.0,0.0,1,2.0,2.0,2.0,,784.0,2.0,1.0,,,,13038.5575,3281.2213,3,1,1.0,,0,0,34038,2,,,,,,2.0,3255.3179,7870.0,,430,,,,,,,200210.0,2012,629,626,0,0,1,0,0,18.0,,1.0,110.0,1.0,40.0,2012,1.0,1,8,2,9000,90001,1,17,16580,0,,1.0,,2,3,39,1.0,1,44,1,,1,2,1,2,57,57,57,1,0,0,2.0,1.0,,50.0,,75.0,,,,,,2.0,2.0,0.0,1,2.0,2.0,2.0,,2000.0,2.0,2.0,2.0,,,13261.6,3358.4029,4,1,1.0,,0,0,42519,2,,,,,,2.0,3319.7613,7870.0,230.0,430,,,,,,,200552.0,2013,641,626,0,0,0,1,0,18.0,1.0,40.0,2013,MIS4_to_MIS8,2012-2013,True,False,False,1
371544055908393,7,1.0,1,4,2,9000,90001,1,1,33,17,16980,0,1.0,1.0,1.0,7,1,30,2.0,1,44,1,,1,1,1,1,2,57,57,57,1,0,0,1.0,2.0,4.0,60.0,,,,,,,,5.0,3.0,0.0,1,2.0,2.0,2.0,,1153.84,1.0,,,,,13927.2363,3525.2517,1,1,0.0,,0,0,19531,1,,,,,,2.0,3495.9791,7860.0,,-1,,,,,,,237273.0,2012,630,627,1,0,0,0,1,18.0,,1.0,2310.0,8.0,40.0,2012,1.0,1,8,2,9000,90001,1,17,16980,0,1.0,1.0,1.0,7,1,31,2.0,1,44,1,,1,1,1,2,57,57,57,1,0,0,1.0,1.0,,50.0,4.0,5.0,,,4.0,,,4.0,3.0,0.0,1,2.0,2.0,2.0,,1050.0,2.0,2.0,2.0,,,12423.3557,3132.3351,1,1,0.0,,0,0,4286,1,,,,,,2.0,3088.699,7860.0,2320.0,-1,,,,,,,237403.0,2013,642,627,1,0,0,0,1,18.0,8.0,40.0,2013,MIS4_to_MIS8,2012-2013,True,False,False,1
705908351099157,7,1.0,1,4,2,9000,90001,1,1,33,17,16980,0,1.0,1.0,1.0,7,3,45,1.0,2,39,1,2.0,4,1,2,1,2,73,73,73,2,0,5,2.0,1.0,,28.0,,28.0,,,14.0,,,6.0,1.0,0.0,1,2.0,1.0,1.0,1250.0,240.0,2.0,2.0,,,,16594.1427,4173.2444,0,0,0.0,0.0,0,0,19520,4,1.0,,,,,,4095.1988,1180.0,,-1,,,,,,,237324.0,2012,630,627,0,0,0,0,0,12.0,,1.0,8800.0,21.0,14.0,2012,1.0,1,8,2,9000,90001,1,17,16980,0,1.0,1.0,1.0,7,3,46,1.0,2,39,1,2.0,1,2,1,2,73,73,73,2,0,5,2.0,1.0,,30.0,,20.0,,,14.0,,,6.0,1.0,0.0,1,2.0,1.0,1.0,900.0,507.0,2.0,2.0,2.0,,,13047.4326,3276.3054,0,0,1.0,1.0,0,0,20172,4,1.0,,,,,,3214.5932,8390.0,4120.0,-1,,,,,,,237456.0,2013,642,627,0,0,0,0,0,12.0,13.0,43.0,2013,MIS4_to_MIS8,2012-2013,True,False,False,1
904067707159880,7,1.0,1,4,2,9000,90001,1,1,33,17,16980,0,1.0,1.0,1.0,7,3,34,1.0,1,44,1,,2,1,2,1,2,57,57,57,1,0,0,2.0,1.0,,40.0,,40.0,,,,,,2.0,3.0,0.0,1,2.0,2.0,2.0,,1000.0,2.0,1.0,,,,13927.2363,3525.2517,0,0,0.0,,0,0,32529,2,,,,,,3.0,3495.9791,7860.0,,-1,,,,,,,237374.0,2012,630,627,0,0,0,0,0,18.0,,1.0,2310.0,8.0,40.0,2012,1.0,1,8,2,9000,90001,1,17,16980,0,1.0,1.0,1.0,7,3,35,1.0,1,44,1,,1,2,1,2,57,57,57,1,0,0,2.0,1.0,,40.0,,40.0,,,,,,2.0,3.0,0.0,1,2.0,2.0,2.0,,1211.0,1.0,,2.0,,,11510.0384,2958.7859,1,2,1.0,,0,0,33156,2,,,,,,3.0,2914.3285,7860.0,2550.0,-1,,,,,,,237504.0,2013,642,627,1,0,0,0,1,18.0,8.0,40.0,2013,MIS4_to_MIS8,2012-2013,True,False,False,1
907259850439106,7,3.0,1,4,2,9000,90001,1,1,33,17,40420,0,1.0,1.0,,3,1,35,3.0,2,42,1,,1,1,1,1,2,57,57,57,1,0,0,1.0,1.0,,50.0,,50.0,,,,,,2.0,2.0,0.0,1,2.0,1.0,1.0,1120.0,538.46,2.0,1.0,,,,11188.2346,2866.2188,2,1,0.0,0.0,0,0,50323,1,,,4.0,,,,2818.7979,9480.0,,-1,,,,,,,237375.0,2012,630,627,0,1,0,0,1,15.0,,1.0,4610.0,15.0,51.0,2012,1.0,1,8,2,9000,90001,1,17,40420,0,1.0,1.0,,3,1,36,3.0,2,42,1,,1,1,1,2,57,57,57,1,0,0,1.0,1.0,,50.0,,60.0,,,,,,2.0,2.0,0.0,1,2.0,,1.0,1130.0,565.0,1.0,,2.0,,,11336.6235,2857.9143,5,2,0.0,0.0,0,0,43261,1,,,5.0,,,,2809.1649,8290.0,4610.0,-1,,,,,,,237507.0,2013,642,627,1,1,0,0,1,16.0,15.0,42.0,2013,MIS4_to_MIS8,2012-2013,True,False,False,1
6481570996197,7,1.0,6,4,2,9000,90001,1,1,33,17,37900,179,2.0,1.0,,3,2,24,,1,41,1,,1,0,0,7,2,57,57,57,1,0,0,1.0,1.0,,40.0,,40.0,,,,,,2.0,3.0,0.0,1,2.0,,1.0,2006.0,802.4,1.0,,2.0,,,17328.9473,4262.4808,0,0,0.0,0.0,0,0,42838,1,,,1.0,,,,4206.7862,7860.0,,-1,,,,,,,237449.0,2012,630,627,0,0,0,0,0,12.0,,1.0,4220.0,14.0,40.0,2012,1.0,6,8,2,9000,90001,1,17,37900,179,2.0,1.0,,3,2,25,,1,41,1,,0,0,7,2,57,57,57,1,0,0,1.0,1.0,,40.0,,40.0,,,,,,2.0,4.0,0.0,1,2.0,1.0,1.0,1500.0,650.0,2.0,2.0,2.0,,,13743.6512,3510.5959,0,0,0.0,0.0,0,0,20437,1,,,3.0,,,,3416.9513,8770.0,7210.0,-1,,,,,,,237558.0,2013,642,627,0,0,0,0,0,14.0,20.0,47.0,2013,MIS4_to_MIS8,2012-2013,False,True,True,1
85461570928483,7,4.0,1,4,2,9000,90001,1,1,33,17,16980,0,2.0,1.0,,7,4,16,,1,36,1,,3,1,3,7,2,57,57,57,1,0,0,2.0,1.0,,25.0,,25.0,,,20.0,,,7.0,3.0,0.0,1,2.0,,1.0,787.0,196.75,2.0,2.0,1.0,1.0,1.0,13726.5325,3390.3394,0,0,0.0,0.0,0,0,32524,3,,,,,,,3186.7379,8570.0,,-1,,,,,2.0,1.0,237517.0,2012,630,627,0,0,0,0,0,10.0,,1.0,4620.0,15.0,44.0,2012,1.0,1,8,2,9000,90001,1,17,16980,0,2.0,1.0,,7,4,17,,1,37,1,,1,3,7,2,57,57,57,1,0,0,2.0,1.0,,25.0,,25.0,,,20.0,,,7.0,3.0,0.0,1,2.0,,1.0,825.0,206.25,2.0,2.0,1.0,1.0,1.0,9897.6779,2991.9663,0,0,0.0,0.0,0,0,33149,3,,,,,,,2861.9687,8670.0,4620.0,-1,,,,,2.0,1.0,237613.0,2013,642,627,0,0,0,0,0,11.0,15.0,45.0,2013,MIS4_to_MIS8,2012-2013,True,False,False,1
104015800026751,7,1.0,1,4,2,9000,90001,1,1,33,17,16980,0,2.0,1.0,,7,1,41,2.0,2,44,1,,1,1,1,1,2,57,57,57,1,0,0,1.0,2.0,4.0,20.0,,,,,,,,10.0,3.0,0.0,1,2.0,2.0,2.0,,615.38,1.0,,,,,11499.3246,2938.0642,3,2,0.0,,0,0,62532,1,,,,,,3.0,2897.1749,7860.0,,-1,,,,,,,237527.0,2012,630,627,0,0,1,0,0,18.0,,1.0,2330.0,8.0,40.0,2012,1.0,1,8,2,9000,90001,1,17,16980,0,2.0,1.0,,7,1,42,2.0,2,44,1,,1,1,1,2,57,57,57,1,0,0,1.0,2.0,4.0,25.0,,,,,,,,10.0,3.0,0.0,1,2.0,2.0,2.0,,692.3,1.0,,2.0,,,10999.4025,2802.4089,3,2,0.0,,0,0,20315,1,,,,,,3.0,2725.603,7860.0,2330.0,-1,,,,,,,237627.0,2013,642,627,0,0,1,0,0,18.0,8.0,40.0,2013,MIS4_to_MIS8,2012-2013,True,False,False,1
551108570700179,7,1.0,1,4,2,9000,90001,1,1,33,17,16980,0,2.0,1.0,,7,3,39,1.0,1,43,1,,2,1,2,1,2,57,57,57,1,0,0,2.0,1.0,,40.0,,50.0,,,,,,2.0,3.0,0.0,1,2.0,2.0,2.0,,1769.23,2.0,2.0,,,,12625.4378,3175.7086,4,1,0.0,,0,0,50279,2,,,,1.0,1.0,,3146.3682,7860.0,,-1,,,,,,,237722.0,2012,630,627,0,0,0,1,0,18.0,,1.0,1105.0,3.0,40.0,2012,1.0,1,8,2,9000,90001,1,17,16980,0,2.0,1.0,,7,3,40,1.0,1,43,1,,1,2,1,2,57,57,57,1,0,0,2.0,1.0,,35.0,5.0,15.0,,,5.0,,,4.0,4.0,0.0,1,2.0,2.0,2.0,,1769.23,2.0,2.0,2.0,,,11583.3276,2976.4049,4,1,0.0,,0,0,43190,2,,,,1.0,1.0,,2932.8852,7860.0,1105.0,-1,,,,,,,237815.0,2013,642,627,0,0,0,1,0,18.0,3.0,40.0,2013,MIS4_to_MIS8,2012-2013,False,True,True,1
571486035001408,7,2.0,1,4,2,9000,90001,1,1,33,17,16980,0,2.0,1.0,,7,1,53,2.0,2,43,1,,1,1,1,1,2,57,57,57,1,0,0,2.0,1.0,,50.0,4.0,30.0,,,4.0,,,4.0,1.0,0.0,1,2.0,2.0,2.0,,1250.0,2.0,2.0,,,,13623.8737,3436.7233,4,1,1.0,,0,42,32518,1,,,,1.0,1.0,,3362.1786,8190.0,,-1,,,,,,,237731.0,2012,630,627,0,0,0,1,0,18.0,,1.0,3230.0,10.0,41.0,2012,1.0,1,8,2,9000,90001,1,17,16980,0,2.0,1.0,,7,1,53,2.0,2,43,1,,1,1,1,2,57,57,57,1,0,0,1.0,1.0,,50.0,,55.0,,,,,,2.0,5.0,0.0,1,2.0,2.0,2.0,,1250.0,2.0,2.0,2.0,,,13525.6311,3415.8822,4,1,1.0,,0,0,62576,1,,,,1.0,1.0,,3332.4105,8190.0,3230.0,-1,,,,,5.0,,237828.0,2013,642,627,0,0,0,1,0,18.0,10.0,41.0,2013,MIS4_to_MIS8,2012-2013,False,True,True,1
605006041103477,7,1.0,6,4,2,9000,90001,1,1,33,17,41180,119,2.0,1.0,,6,2,46,,1,43,2,,1,0,0,5,2,57,57,57,1,0,0,1.0,1.0,,40.0,,60.0,,,,,,2.0,1.0,0.0,1,1.0,2.0,2.0,,2115.38,1.0,,,,,18022.6761,4286.1764,0,0,0.0,,0,0,50294,1,,,,1.0,1.0,,4330.4077,9590.0,,-1,2.0,,,,,,237743.0,2012,630,627,0,0,0,0,0,18.0,,2.0,5000.0,17.0,51.0,2012,1.0,6,8,2,9000,90001,1,17,41180,119,2.0,1.0,,6,2,47,,1,43,2,,0,0,5,2,57,57,57,1,0,0,1.0,1.0,,40.0,,58.0,,,,,,2.0,1.0,0.0,1,1.0,2.0,2.0,,2211.53,2.0,2.0,2.0,,,16666.5973,4408.6165,0,0,0.0,,0,0,70867,1,,,,2.0,,,4376.6992,9590.0,5000.0,-1,2.0,,,,,,237843.0,2013,642,627,0,0,0,0,0,16.0,17.0,51.0,2013,MIS4_to_MIS8,2012-2013,True,False,False,1
717699350529100,7,3.0,1,4,2,9000,90001,1,1,33,17,16980,0,2.0,1.0,,7,3,51,1.0,2,43,1,,2,1,2,1,2,57,57,57,1,0,0,1.0,2.0,4.0,40.0,,,,,,,,5.0,3.0,0.0,1,2.0,2.0,2.0,,1115.0,2.0,2.0,,,,13623.8737,3436.7233,0,0,1.0,,0,0,19620,2,,,,2.0,,,3362.1786,7860.0,,-1,,,,,,,237785.0,2012,630,627,0,0,0,0,0,16.0,,1.0,5700.0,17.0,40.0,2012,1.0,1,8,2,9000,90001,1,17,16980,0,2.0,1.0,,7,3,53,1.0,2,43,1,,1,2,1,2,57,57,57,1,0,0,2.0,2.0,14.0,40.0,,,,,,,,5.0,3.0,0.0,1,2.0,2.0,2.0,,1865.0,1.0,,2.0,,,13525.6311,3415.8822,0,0,1.0,,0,42,20267,2,,,,2.0,,,3332.4105,7860.0,740.0,-1,,,,,,,237877.0,2013,642,627,0,0,0,0,0,16.0,2.0,40.0,2013,MIS4_to_MIS8,2012-2013,True,False,False,1
957389050759106,7,1.0,1,4,2,9000,90001,1,1,33,17,16980,111,2.0,1.0,,7,1,39,2.0,2,44,1,,1,1,1,1,2,57,57,57,1,0,0,1.0,1.0,,25.0,,50.0,,,,,,2.0,3.0,0.0,1,2.0,2.0,2.0,,961.53,1.0,,,,,11095.7401,2842.5234,2,2,0.0,,0,0,53883,1,,,,,,2.0,2795.4946,7860.0,,3230,,,,,,,237922.0,2012,630,627,0,1,0,0,1,18.0,,1.0,3230.0,10.0,40.0,2012,1.0,1,8,2,9000,90001,1,17,16980,111,2.0,1.0,,7,1,40,2.0,2,44,1,,1,1,1,2,57,57,57,1,0,0,1.0,1.0,,25.0,,50.0,,,,,,2.0,3.0,0.0,1,2.0,2.0,2.0,,625.0,1.0,,2.0,,,10999.4025,2802.4089,8,2,0.0,,0,0,43207,1,,,,,,2.0,2725.603,7860.0,2310.0,3230,,,,,,,238025.0,2013,642,627,0,1,1,0,1,18.0,8.0,40.0,2013,MIS4_to_MIS8,2012-2013,True,False,False,1
959027760159310,7,2.0,1,4,2,9000,90001,1,1,33,17,16980,0,2.0,1.0,,7,1,57,2.0,1,42,1,,1,1,1,1,2,57,57,57,1,0,0,2.0,1.0,,72.0,,87.0,,,,,,2.0,3.0,0.0,1,2.0,2.0,2.0,,1000.0,1.0,,,,,13289.2215,3277.4732,0,0,1.0,,0,0,32582,1,,,5.0,,,,3223.2923,9470.0,,3750,,,,,,,237928.0,2012,630,627,0,0,0,0,0,16.0,,1.0,3720.0,12.0,51.0,2012,2.0,1,8,2,9000,90001,1,17,16980,0,2.0,1.0,,7,1,58,2.0,1,42,1,,1,1,1,2,57,57,57,1,0,0,2.0,1.0,,40.0,,63.0,,,,,,2.0,3.0,0.0,1,2.0,2.0,2.0,,1923.07,2.0,2.0,,,,13174.1443,3364.3504,0,0,0.0,,0,0,20268,1,,,5.0,,,,3316.8243,9470.0,3720.0,3750,,,,,,,238032.0,2013,642,627,0,0,0,0,0,16.0,12.0,51.0,2013,MIS4_to_MIS8,2012-2013,True,False,False,1
959027760159310,7,2.0,1,4,2,9000,90001,1,1,33,17,16980,0,2.0,1.0,,7,3,55,1.0,2,44,1,,2,1,2,1,2,57,57,57,1,0,0,1.0,2.0,4.0,40.0,,,,,,,,5.0,3.0,0.0,1,2.0,2.0,2.0,,1538.0,1.0,,,,,12215.4124,3154.4916,0,0,1.0,,0,0,32582,2,,,,,,2.0,3095.7071,7860.0,,-1,,,,,,,237929.0,2012,630,627,0,0,0,0,0,18.0,,1.0,2330.0,8.0,40.0,2012,2.0,1,8,2,9000,90001,1,17,16980,0,2.0,1.0,,7,3,56,1.0,2,44,1,,1,2,1,2,57,57,57,1,0,0,1.0,2.0,14.0,40.0,,,,,,,,5.0,3.0,0.0,1,2.0,2.0,2.0,,1923.07,1.0,,,,,13091.2802,3274.9193,0,0,0.0,,0,0,20268,2,,,,,,2.0,3242.0811,7860.0,2310.0,-1,,,,,,,238033.0,2013,642,627,0,0,0,0,0,18.0,8.0,40.0,2013,MIS4_to_MIS8,2012-2013,True,False,False,1
968087947159780,7,1.0,7,4,2,9000,90001,1,1,33,17,16980,0,2.0,1.0,,7,2,41,,2,44,1,,1,0,0,7,2,57,57,57,1,0,0,1.0,1.0,,40.0,,40.0,,,,,,2.0,3.0,0.0,1,2.0,2.0,2.0,,1730.76,1.0,,,,,11499.3246,2938.0642,0,0,0.0,,0,0,7074,1,,,,,,2.0,2897.1749,7860.0,,-1,,,,,,,237938.0,2012,630,627,0,0,0,0,0,18.0,,1.0,2310.0,8.0,40.0,2012,1.0,7,8,2,9000,90001,1,17,16980,0,2.0,1.0,,7,2,42,,2,44,1,,0,0,7,2,57,57,57,1,0,0,1.0,2.0,4.0,60.0,,,,,,,,5.0,3.0,0.0,1,2.0,2.0,2.0,,1538.46,1.0,,1.0,2.0,2.0,10999.4025,2802.4089,0,0,0.0,,0,0,20274,1,,,,,,2.0,2725.603,7860.0,2310.0,-1,,,,,,,238044.0,2013,642,627,0,0,0,0,0,18.0,8.0,40.0,2013,MIS4_to_MIS8,2012-2013,True,False,False,1
978057936159050,7,3.0,1,4,2,9000,90001,1,1,33,17,16980,111,2.0,1.0,,7,3,59,1.0,2,39,1,,2,1,2,1,2,57,57,57,1,0,0,1.0,1.0,,33.0,,18.0,,,22.0,,,7.0,3.0,0.0,1,2.0,1.0,1.0,1400.0,625.0,1.0,,,,,12215.4124,3154.4916,0,0,0.0,0.0,0,0,19727,2,1.0,,,,,,3095.7071,7860.0,,-1,,,,,,,237947.0,2012,630,627,0,0,0,0,0,12.0,,1.0,2540.0,8.0,40.0,2012,2.0,1,8,2,9000,90001,1,17,16980,111,2.0,1.0,,7,3,59,1.0,2,39,1,,1,2,1,2,57,57,57,1,0,0,1.0,1.0,,33.0,,18.0,,,15.0,,,7.0,3.0,0.0,1,2.0,,1.0,1448.0,477.84,1.0,,,,,13091.2802,3274.9193,0,0,0.0,0.0,0,0,4306,2,1.0,,,,,,3242.0811,7860.0,2540.0,-1,,,,,,,238049.0,2013,642,627,0,0,0,0,0,12.0,8.0,40.0,2013,MIS4_to_MIS8,2012-2013,True,False,False,1
471673005908096,7,1.0,6,4,2,9000,90001,1,1,33,17,0,0,3.0,2.0,,0,2,35,,1,42,1,,1,0,0,5,2,57,57,57,1,0,0,1.0,1.0,,36.0,,51.0,,,,,,2.0,2.0,0.0,1,2.0,2.0,2.0,,553.0,1.0,,,,,12609.0778,3171.5935,0,0,1.0,,0,42,7180,1,,,3.0,,,,3142.2911,9470.0,,-1,2.0,,,,,,238015.0,2012,630,627,0,0,0,0,0,14.0,,1.0,3800.0,12.0,51.0,2012,1.0,6,8,2,9000,90001,1,17,0,0,3.0,2.0,,0,2,35,,1,42,1,,0,0,5,2,57,57,57,1,0,0,1.0,1.0,,40.0,,40.0,,,,,,2.0,2.0,0.0,1,2.0,,1.0,1800.0,720.0,1.0,,2.0,,,11360.3242,2920.3001,0,0,1.0,1.0,0,0,20444,1,,,3.0,,,,2876.421,9470.0,3800.0,-1,2.0,,,,,,238108.0,2013,642,627,0,0,0,0,0,14.0,12.0,51.0,2013,MIS4_to_MIS8,2012-2013,True,False,False,1
799800062280951,7,4.0,4,4,2,9000,90001,1,1,33,17,0,0,3.0,2.0,,0,1,44,,2,40,1,,2,1,1,6,2,57,57,57,1,0,0,1.0,1.0,,-4.0,,25.0,,,15.0,,,6.0,3.0,0.0,1,2.0,,1.0,945.0,120.0,2.0,2.0,,,,11484.4238,2934.2571,4,1,0.0,0.0,22,0,30022,2,,,2.0,,,,2893.4207,7860.0,,5620,,,,,,,238047.0,2012,630,627,0,0,0,1,0,13.0,,1.0,4220.0,14.0,40.0,2012,2.0,4,8,2,9000,90001,1,17,0,0,3.0,2.0,,0,1,46,,2,40,1,,1,1,6,2,57,57,57,1,0,0,2.0,1.0,,30.0,,30.0,,,23.0,,,7.0,5.0,0.0,1,2.0,,1.0,955.0,286.5,2.0,2.0,1.0,2.0,2.0,13439.4272,3391.3631,0,0,0.0,0.0,0,0,4316,2,,,2.0,,,,3311.1718,7860.0,4220.0,-1,,,,,,,238143.0,2013,642,627,0,0,0,0,0,13.0,14.0,40.0,2013,MIS4_to_MIS8,2012-2013,False,True,True,1
927149450299104,7,1.0,1,4,2,9000,90001,1,1,33,17,0,99,3.0,2.0,,0,3,58,1.0,1,42,1,,2,1,2,1,2,57,57,57,1,0,0,2.0,1.0,,40.0,,40.0,,,,,,2.0,1.0,0.0,1,2.0,2.0,2.0,,807.0,1.0,,,,,13272.0013,3273.2263,4,1,1.0,,0,42,50283,2,,,3.0,,,,3219.1155,6370.0,,-1,,,,,,,238063.0,2012,630,627,0,0,0,1,0,14.0,,1.0,5550.0,17.0,23.0,2012,1.0,1,8,2,9000,90001,1,17,0,99,3.0,2.0,,0,3,59,1.0,1,42,1,,1,2,1,2,57,57,57,1,0,0,2.0,1.0,,40.0,,40.0,,,,,,2.0,1.0,0.0,1,2.0,1.0,1.0,2548.0,1019.0,1.0,,,,,13488.4089,3444.6058,4,1,1.0,1.0,0,0,4301,2,,,3.0,,,,3395.946,6370.0,5540.0,-1,,,,,,,238152.0,2013,642,627,0,0,0,1,0,14.0,17.0,23.0,2013,MIS4_to_MIS8,2012-2013,True,False,False,1
32371570995697,7,2.0,7,4,2,9000,90001,1,1,33,17,16580,0,,1.0,,2,16,23,,1,43,1,,2,0,0,7,2,57,57,57,1,0,0,2.0,1.0,,40.0,,40.0,,,,,,2.0,2.0,0.0,1,2.0,2.0,2.0,,576.92,2.0,2.0,1.0,1.0,2.0,17732.2847,4361.6916,0,0,0.0,,0,0,19395,2,,,,1.0,1.0,,4304.7007,7870.0,,-1,,,,,,,238087.0,2012,630,627,0,0,0,0,0,18.0,,1.0,2200.0,8.0,40.0,2012,1.0,7,8,2,9000,90001,1,17,16580,0,,1.0,,2,16,25,,1,43,1,,0,0,7,2,57,57,57,1,0,0,2.0,1.0,,40.0,,40.0,,,,,,2.0,2.0,0.0,1,2.0,2.0,2.0,,576.92,2.0,1.0,1.0,1.0,2.0,14388.0036,3675.1854,0,0,0.0,,0,0,41485,2,,,,1.0,1.0,,3577.1504,7870.0,2200.0,-1,,,,,,,238185.0,2013,642,627,0,0,0,0,0,18.0,8.0,40.0,2013,MIS4_to_MIS8,2012-2013,True,False,False,1
76951570995498,7,1.0,4,4,2,9000,90001,1,1,33,17,28100,91,,1.0,,2,1,61,,2,43,1,,1,1,1,5,2,57,57,57,1,0,0,1.0,2.0,4.0,40.0,,,,,,,,5.0,3.0,0.0,1,2.0,2.0,2.0,,846.15,1.0,,,,,14514.467,3759.2221,0,0,0.0,,0,0,19671,1,,,,1.0,2.0,,3703.408,7580.0,,-1,,,,,,,238098.0,2012,630,627,0,0,0,0,0,17.0,,1.0,2340.0,8.0,38.0,2012,1.0,7,8,2,9000,90001,1,17,28100,91,,1.0,,2,2,62,,2,43,1,,0,0,5,2,57,57,57,1,0,0,1.0,1.0,,40.0,4.0,10.0,,,4.0,,,4.0,4.0,0.0,1,2.0,2.0,2.0,,1150.0,1.0,,,,,12998.1485,3404.0666,0,0,0.0,,0,0,16776,1,,,,2.0,,,3255.8494,7460.0,2340.0,-1,,,,,,,238202.0,2013,642,627,0,0,0,0,0,16.0,8.0,36.0,2013,MIS4_to_MIS8,2012-2013,False,True,True,1
799210359560951,7,1.0,7,4,2,9000,90001,1,1,33,17,19500,115,,1.0,,2,2,29,,2,44,1,,1,0,0,7,2,57,57,57,1,0,0,1.0,2.0,4.0,45.0,,,,,,,,5.0,3.0,0.0,1,2.0,2.0,2.0,,961.53,1.0,,,,,12001.0163,3160.5401,0,0,0.0,,0,0,42809,1,,,,,,2.0,3093.8516,7860.0,,-1,,,,,,,238151.0,2012,630,627,0,0,0,0,0,18.0,,1.0,2310.0,8.0,40.0,2012,1.0,1,8,2,9000,90001,1,17,19500,115,,1.0,,2,1,30,2.0,2,44,1,,1,1,1,2,57,57,57,1,0,0,1.0,3.0,,,,,8.0,,,8.0,1.0,11.0,3.0,0.0,2,,,,,,,,2.0,,,12700.4217,3332.4415,0,0,,,0,0,43218,1,,,,,,2.0,3311.458,7860.0,2310.0,-1,,,,,,,238240.0,2013,642,627,0,0,0,0,0,18.0,8.0,40.0,2013,MIS4_to_MIS8,2012-2013,True,False,False,1
799460936640951,7,1.0,6,4,2,9000,90001,1,1,33,17,44100,0,,1.0,,2,2,65,,1,42,1,,1,0,0,3,2,57,57,57,1,0,0,1.0,1.0,,44.0,,44.0,,,,,,2.0,2.0,0.0,1,2.0,1.0,1.0,1750.0,850.0,2.0,2.0,,,,13704.2717,3415.8234,0,0,1.0,1.0,0,0,42837,1,,,5.0,,,,3311.3103,9480.0,,-1,4.0,,,,,,238163.0,2012,630,627,0,0,0,0,0,16.0,,1.0,430.0,1.0,51.0,2012,1.0,6,8,2,9000,90001,1,17,44100,0,,1.0,,2,2,66,,1,42,1,,0,0,3,2,57,57,57,1,0,0,1.0,1.0,,38.0,,38.0,,,,,,2.0,2.0,0.0,1,2.0,2.0,2.0,,192.0,2.0,2.0,,,,12971.1672,3393.4357,0,0,1.0,,0,0,33345,1,,,5.0,,,,3281.727,9480.0,430.0,-1,4.0,,,,,,238249.0,2013,642,627,0,0,0,0,0,16.0,1.0,51.0,2013,MIS4_to_MIS8,2012-2013,True,False,False,1
799730763250951,7,2.0,1,4,2,9000,90001,1,1,33,17,16580,0,,1.0,,2,3,27,1.0,1,44,1,,2,1,2,1,2,57,57,57,1,0,0,1.0,1.0,,40.0,11.0,30.0,,,11.0,,,4.0,2.0,0.0,1,2.0,2.0,2.0,,480.76,2.0,2.0,,,,13358.7117,3428.0203,1,1,0.0,,0,0,19397,2,,,,,,2.0,3353.2696,7870.0,,-1,,,,,,,238168.0,2012,630,627,1,0,0,0,1,18.0,,1.0,2200.0,8.0,40.0,2012,2.0,7,8,2,9000,90001,1,17,16580,0,,1.0,,2,14,27,,1,43,1,,0,0,7,2,57,57,57,1,0,0,1.0,4.0,,,,,,,,16.0,5.0,11.0,4.0,0.0,2,,,,,,,,2.0,,,14470.3313,3675.1854,0,0,,,0,0,33080,2,,,,2.0,,,3868.9153,5380.0,9620.0,-1,,,,,,,238253.0,2013,642,627,0,0,0,0,0,16.0,22.0,22.0,2013,MIS4_to_MIS8,2012-2013,False,True,True,1
33341670954585,8,1.0,4,4,2,9000,90001,1,1,33,17,16980,0,1.0,1.0,1.0,7,1,63,,2,44,2,,1,1,1,5,2,57,57,57,1,0,0,1.0,1.0,,31.0,,31.0,,,22.0,,,7.0,3.0,0.0,1,2.0,1.0,1.0,980.0,1602.96,1.0,,,,,8251.0772,2542.2735,0,0,0.0,1.0,0,0,18823,1,,,,,,3.0,2518.9622,7860.0,,-1,,,,,,,274480.0,2012,631,628,0,0,0,0,0,18.0,,2.0,2330.0,8.0,40.0,2012,1.0,4,8,2,9000,90001,1,17,16980,0,1.0,1.0,1.0,7,1,64,,2,44,2,,1,1,5,2,57,57,57,1,0,0,1.0,2.0,4.0,31.0,,,,,,,,10.0,3.0,0.0,1,2.0,2.0,2.0,,1641.19,1.0,,,,,8461.4449,2591.1123,0,0,0.0,,0,0,18537,1,,,,,,2.0,2533.4335,7860.0,2330.0,-1,,,,,,,274685.0,2013,643,628,0,0,0,0,0,18.0,8.0,40.0,2013,MIS4_to_MIS8,2012-2013,True,False,False,1
33341670964595,8,2.0,1,4,2,9000,90001,1,1,33,17,16980,0,1.0,1.0,1.0,7,3,52,1.0,2,44,1,,2,1,2,1,2,57,57,57,1,0,0,1.0,1.0,,40.0,,40.0,,,,,,2.0,3.0,0.0,1,2.0,2.0,2.0,,807.69,1.0,,,,,10953.0249,2741.7598,0,0,0.0,,0,0,8800,2,,,,,,3.0,2739.1595,7860.0,,-1,,,,,,,274483.0,2012,631,628,0,0,0,0,0,18.0,,1.0,2430.0,8.0,40.0,2012,1.0,1,8,2,9000,90001,1,17,16980,0,1.0,1.0,1.0,7,3,54,1.0,2,44,1,,1,2,1,2,57,57,57,1,0,0,2.0,1.0,,50.0,1.0,30.0,,,1.0,,,3.0,3.0,0.0,1,2.0,2.0,2.0,,1538.46,1.0,,2.0,,,11488.4701,2948.215,0,0,0.0,,0,0,49203,2,,,,,,3.0,2917.5511,7860.0,2430.0,-1,,,,,,,274688.0,2013,643,628,0,0,0,0,0,18.0,8.0,40.0,2013,MIS4_to_MIS8,2012-2013,True,False,False,1
190373096316739,8,2.0,1,4,2,9000,90001,1,1,33,17,16980,0,1.0,1.0,1.0,7,3,52,1.0,2,39,1,2.0,2,1,2,1,2,57,73,73,1,0,0,1.0,5.0,,,,,,,,,,1.0,3.0,0.0,2,,,,,,,,,,,10489.3831,2598.3668,0,0,,,0,0,55840,2,1.0,,,,,,2632.5211,9480.0,,-1,,,,,,,274540.0,2012,631,628,0,0,0,0,0,12.0,,1.0,5700.0,17.0,51.0,2012,1.0,1,8,2,9000,90001,1,17,16980,0,1.0,1.0,1.0,7,3,53,1.0,2,39,1,2.0,1,2,1,2,57,73,73,1,0,0,2.0,5.0,,,,,,,,,,1.0,3.0,0.0,2,,,,,,,,2.0,,,11424.938,2813.3159,0,0,,,0,0,22178,2,1.0,,,,,,2785.6462,9480.0,5700.0,-1,,,,,,,274752.0,2013,643,628,0,0,0,0,0,12.0,17.0,51.0,2013,MIS4_to_MIS8,2012-2013,True,False,False,1
789150937580961,8,1.0,7,4,2,9000,90001,1,1,33,17,16980,0,1.0,1.0,1.0,7,2,52,,2,44,1,,1,0,0,7,2,57,57,57,1,0,0,1.0,1.0,,40.0,,40.0,,,,,,2.0,3.0,0.0,1,2.0,2.0,2.0,,1350.0,1.0,,,,,10953.0249,2741.7598,0,0,0.0,,0,0,8801,1,,,,,,2.0,2739.1595,7860.0,,-1,,,,,,,274734.0,2012,631,628,0,0,0,0,0,18.0,,1.0,2320.0,8.0,40.0,2012,2.0,7,8,2,9000,90001,1,17,16980,0,1.0,1.0,1.0,7,2,53,,2,44,1,,0,0,7,2,57,57,57,1,0,0,2.0,2.0,14.0,40.0,,,,,,,,5.0,3.0,0.0,1,2.0,2.0,2.0,,1384.61,1.0,,2.0,,,11488.4701,2948.215,0,0,0.0,,0,0,8534,1,,,,,,2.0,2917.5511,7860.0,2310.0,-1,,,,,,,274967.0,2013,643,628,0,0,0,0,0,18.0,8.0,40.0,2013,MIS4_to_MIS8,2012-2013,True,False,False,1
810873092516919,8,1.0,1,4,2,9000,90001,1,1,33,17,16980,0,1.0,1.0,2.0,7,1,53,2.0,1,39,1,,1,1,1,1,2,57,57,57,1,0,0,1.0,1.0,,40.0,,40.0,,,,,,2.0,3.0,0.0,1,2.0,,1.0,1300.0,520.0,2.0,2.0,,,,11674.5734,2869.272,4,1,1.0,1.0,0,0,33287,1,1.0,,,,,,2882.9795,9370.0,,-1,,,,,,,274749.0,2012,631,628,0,0,0,1,0,12.0,,1.0,565.0,2.0,51.0,2012,1.0,1,8,2,9000,90001,1,17,16980,0,1.0,1.0,2.0,7,1,54,2.0,1,39,1,,1,1,1,2,57,57,57,1,0,0,1.0,1.0,,40.0,,40.0,,,,,,2.0,3.0,0.0,1,2.0,,1.0,4300.0,1720.0,1.0,,2.0,,,10042.3835,2570.7807,0,0,1.0,1.0,0,42,34953,1,1.0,,,,,,2536.669,9490.0,565.0,-1,,,,,,,274978.0,2013,643,628,0,0,0,0,0,12.0,2.0,51.0,2013,MIS4_to_MIS8,2012-2013,True,False,False,1
924007894169260,8,2.0,1,4,2,9000,90001,1,1,33,17,16980,0,1.0,1.0,2.0,7,4,17,,1,36,1,,4,1,3,7,2,57,57,57,1,0,0,2.0,7.0,,,,,,,,,,1.0,3.0,0.0,2,,,,,,,,2.0,,,14113.2604,3258.1406,0,0,,,0,0,8870,4,,,,,,,3325.1947,8570.0,,-1,,,,,2.0,1.0,274780.0,2012,631,628,0,0,0,0,0,10.0,,1.0,2720.0,9.0,44.0,2012,2.0,4,8,2,9000,90001,1,17,16980,0,1.0,1.0,2.0,7,4,18,,1,37,1,,1,3,7,2,57,57,57,1,0,0,2.0,2.0,4.0,8.0,,,,,,,,10.0,3.0,0.0,1,2.0,,1.0,800.0,64.0,2.0,2.0,2.0,,,9709.1793,2696.4922,0,0,0.0,0.0,0,0,8591,4,,,,,,,2582.6572,8570.0,2720.0,-1,,,,,2.0,,275007.0,2013,643,628,0,0,0,0,0,11.0,9.0,44.0,2013,MIS4_to_MIS8,2012-2013,True,False,False,1
55791670968371,8,1.0,6,4,2,9000,90001,1,1,33,17,16980,0,2.0,1.0,,7,12,32,,2,43,1,,2,0,0,5,2,57,57,57,1,0,0,2.0,1.0,,40.0,,40.0,,,,,,2.0,1.0,0.0,1,2.0,2.0,2.0,,942.0,2.0,2.0,,,,11225.7867,2877.7224,0,0,1.0,,0,0,45379,2,,,,2.0,,,2871.5784,6180.0,,-1,,,,,,,274867.0,2012,631,628,0,0,0,0,0,16.0,,1.0,5600.0,17.0,23.0,2012,1.0,6,8,2,9000,90001,1,17,16980,0,2.0,1.0,,7,14,33,,2,43,1,,0,0,7,2,57,57,57,1,0,0,2.0,1.0,,40.0,,40.0,,,,,,2.0,3.0,0.0,1,2.0,2.0,2.0,,1634.0,2.0,2.0,2.0,,,9516.2332,2412.8032,0,0,1.0,,0,0,34769,2,,,,2.0,,,2371.4672,6180.0,735.0,-1,,,,,,,275083.0,2013,643,628,0,0,0,0,0,16.0,2.0,23.0,2013,MIS4_to_MIS8,2012-2013,True,False,True,1
71709066909595,8,1.0,1,4,2,9000,90001,1,1,33,17,16980,0,2.0,1.0,,7,1,58,2.0,2,43,1,,1,1,1,1,2,57,57,57,1,0,0,1.0,1.0,,40.0,,40.0,,,,,,2.0,3.0,0.0,1,2.0,2.0,2.0,,1076.92,1.0,,,,,11812.3061,2935.4936,0,0,0.0,,0,0,35468,1,,,,1.0,1.0,,2915.4915,7860.0,,-1,,,,,,,274881.0,2012,631,628,0,0,0,0,0,18.0,,1.0,2330.0,8.0,40.0,2012,1.0,1,8,2,9000,90001,1,17,16980,0,2.0,1.0,,7,1,60,2.0,2,43,1,,1,1,1,2,57,57,57,1,0,0,1.0,1.0,,40.0,4.0,32.0,,,4.0,,,4.0,3.0,0.0,1,2.0,2.0,2.0,,1076.92,1.0,,,,,11386.3281,3098.7592,0,0,0.0,,0,0,49260,1,,,,1.0,1.0,,3019.398,7860.0,2320.0,-1,,,,,,,275103.0,2013,643,628,0,0,0,0,0,18.0,8.0,40.0,2013,MIS4_to_MIS8,2012-2013,True,False,False,1
71709066909595,8,1.0,1,4,2,9000,90001,1,1,33,17,16980,0,2.0,1.0,,7,3,55,1.0,1,44,1,,2,1,2,1,2,57,57,57,1,0,0,2.0,1.0,,60.0,,60.0,,,,,,2.0,3.0,0.0,1,2.0,2.0,2.0,,2884.61,2.0,2.0,,,,10353.2241,2635.281,0,0,0.0,,0,0,35468,2,,,,,,3.0,2621.6335,7860.0,,-1,,,,,,,274882.0,2012,631,628,0,0,0,0,0,18.0,,1.0,230.0,1.0,40.0,2012,1.0,1,8,2,9000,90001,1,17,16980,0,2.0,1.0,,7,3,56,1.0,1,44,1,,1,2,1,2,57,57,57,1,0,0,2.0,1.0,,60.0,,60.0,,,,,,2.0,4.0,0.0,1,2.0,2.0,2.0,,2500.0,2.0,2.0,,,,10875.2565,2759.591,0,0,0.0,,0,0,49260,2,,,,,,3.0,2739.9501,7860.0,230.0,-1,,,,,,,275104.0,2013,643,628,0,0,0,0,0,18.0,1.0,40.0,2013,MIS4_to_MIS8,2012-2013,False,True,True,1
99077117160590,8,1.0,1,4,2,9000,90001,1,1,33,17,40420,0,2.0,1.0,,3,1,49,2.0,2,43,1,,1,1,1,1,2,57,57,57,1,0,0,1.0,1.0,,40.0,,40.0,,,,,,2.0,3.0,0.0,1,1.0,2.0,2.0,,884.0,1.0,,,,,10445.0682,2618.4335,0,0,1.0,,0,42,55885,1,,,,1.0,1.0,,2612.1284,7860.0,,-1,,,,,,,274911.0,2012,631,628,0,0,0,0,0,18.0,,1.0,2330.0,8.0,40.0,2012,1.0,1,8,2,9000,90001,1,17,40420,0,2.0,1.0,,3,1,51,2.0,2,43,1,,1,1,1,2,57,57,57,1,0,0,1.0,1.0,,50.0,13.0,20.0,,,13.0,,,4.0,3.0,0.0,1,2.0,2.0,2.0,,1153.84,1.0,,2.0,,,11488.9364,2948.3346,0,0,0.0,,0,0,49307,1,,,,1.0,1.0,,2917.6695,7860.0,2320.0,-1,,,,,,,275134.0,2013,643,628,0,0,0,0,0,18.0,8.0,40.0,2013,MIS4_to_MIS8,2012-2013,True,False,False,1
99077117160590,8,1.0,1,4,2,9000,90001,1,1,33,17,40420,0,2.0,1.0,,3,3,50,1.0,1,43,7,,2,1,2,1,2,57,57,57,1,0,0,2.0,1.0,,60.0,,60.0,,,,,,2.0,3.0,0.0,1,2.0,2.0,2.0,,673.0,1.0,,,,,11440.6569,2826.3968,0,0,1.0,,0,42,55885,2,,,,2.0,,,2825.2149,9470.0,,-1,,,,,,,274912.0,2012,631,628,0,0,0,0,0,16.0,,7.0,3820.0,12.0,51.0,2012,1.0,1,8,2,9000,90001,1,17,40420,0,2.0,1.0,,3,3,51,1.0,1,43,7,,1,2,1,2,57,57,57,1,0,0,2.0,1.0,,40.0,,60.0,,,,,,2.0,3.0,0.0,1,1.0,1.0,1.0,4300.0,1538.46,1.0,,2.0,,,11379.8697,2932.4057,0,0,0.0,1.0,0,0,49307,2,,,,2.0,,,2874.5131,9470.0,3710.0,-1,,,,,,,275135.0,2013,643,628,0,0,0,0,0,16.0,12.0,51.0,2013,MIS4_to_MIS8,2012-2013,True,False,False,1
157020860850107,8,1.0,1,4,2,9000,90001,1,1,33,17,16980,0,2.0,1.0,,7,1,38,2.0,2,44,1,,1,1,1,1,2,57,57,57,1,0,0,1.0,2.0,4.0,38.0,,,,,,,,5.0,3.0,0.0,1,2.0,2.0,2.0,,1346.15,1.0,,,,,10669.3651,2668.4838,3,3,0.0,,0,0,45469,1,,,,,,2.0,2655.3947,7860.0,,-1,,,,,,,274935.0,2012,631,628,0,0,1,0,0,18.0,,1.0,2010.0,6.0,40.0,2012,1.0,1,8,2,9000,90001,1,17,16980,0,2.0,1.0,,7,1,39,2.0,2,44,1,,1,1,1,2,57,57,57,1,0,0,1.0,2.0,4.0,37.0,,,,,,,,5.0,3.0,0.0,1,2.0,2.0,2.0,,1442.3,1.0,,2.0,,,10179.4436,2605.3975,3,3,0.0,,0,0,22315,1,,,,,,2.0,2595.6308,7860.0,2010.0,-1,,,,,,,275162.0,2013,643,628,0,0,1,0,0,18.0,6.0,40.0,2013,MIS4_to_MIS8,2012-2013,True,False,False,1
197190560970107,8,1.0,1,4,2,9000,90001,1,1,33,17,40420,0,2.0,1.0,,3,1,31,2.0,2,42,1,1.0,1,1,1,1,2,57,57,303,1,0,0,1.0,1.0,,40.0,,54.0,,,,,,2.0,3.0,0.0,1,2.0,,1.0,2900.0,1160.0,1.0,,,,,12000.298,3019.055,0,0,0.0,0.0,0,0,45523,1,,,3.0,,,,3069.6999,9470.0,,-1,,,,,,,274993.0,2012,631,628,0,0,0,0,0,14.0,,1.0,3800.0,12.0,51.0,2012,1.0,1,8,2,9000,90001,1,17,40420,0,2.0,1.0,,3,1,32,2.0,2,42,1,1.0,1,1,1,2,57,57,303,1,0,0,1.0,1.0,,40.0,,57.0,,,,,,2.0,3.0,0.0,1,1.0,1.0,1.0,3142.0,1153.84,1.0,,2.0,,,10598.9654,2715.824,0,0,0.0,0.0,0,0,22471,1,,,3.0,,,,2641.2866,9470.0,3850.0,-1,,,,,,,275208.0,2013,643,628,0,0,0,0,0,14.0,12.0,51.0,2013,MIS4_to_MIS8,2012-2013,True,False,False,1
197190560970107,8,1.0,1,4,2,9000,90001,1,1,33,17,40420,0,2.0,1.0,,3,3,45,1.0,1,43,1,,2,1,2,1,2,57,57,57,1,0,0,2.0,1.0,,40.0,,40.0,,,,,,2.0,3.0,0.0,1,2.0,,1.0,4200.0,1680.0,1.0,,,,,11004.0635,2718.8032,0,0,0.0,0.0,0,0,45523,2,,,,1.0,1.0,,2717.4003,9470.0,,-1,,,,,,,274994.0,2012,631,628,0,0,0,0,0,18.0,,1.0,3710.0,12.0,51.0,2012,1.0,1,8,2,9000,90001,1,17,40420,0,2.0,1.0,,3,3,46,1.0,1,43,1,,1,2,1,2,57,57,57,1,0,0,2.0,1.0,,40.0,,40.0,,,,,,2.0,3.0,0.0,1,1.0,1.0,1.0,4300.0,1923.07,1.0,,2.0,,,10643.7288,2701.3582,0,0,0.0,0.0,0,0,22471,2,,,,1.0,1.0,,2688.5666,9470.0,3710.0,-1,,,,,,,275209.0,2013,643,628,0,0,0,0,0,18.0,12.0,51.0,2013,MIS4_to_MIS8,2012-2013,True,False,False,1
271601086909190,8,2.0,1,4,2,9000,90001,1,1,33,17,16980,0,2.0,1.0,,7,1,56,2.0,1,42,1,,1,1,1,1,2,57,57,57,1,0,0,2.0,5.0,,,,,,,,,,1.0,3.0,0.0,2,,,,,,,,,,,10557.3326,2635.281,0,0,,,0,0,8907,1,,,3.0,,,,2686.189,7860.0,,-1,,,,,,,275055.0,2012,631,628,0,0,0,0,0,14.0,,1.0,230.0,1.0,40.0,2012,2.0,1,8,2,9000,90001,1,17,16980,0,2.0,1.0,,7,1,57,2.0,1,42,1,,1,1,1,2,57,57,57,1,0,0,2.0,5.0,,,,,,,,,,1.0,3.0,0.0,2,,,,,,,,,,,10925.3057,2759.591,0,0,,,0,0,22295,1,,,3.0,,,,2778.2899,7860.0,230.0,-1,,,,,,,275264.0,2013,643,628,0,0,0,0,0,14.0,1.0,40.0,2013,MIS4_to_MIS8,2012-2013,True,False,False,1
710950799710061,8,1.0,1,4,2,9000,90001,1,1,33,17,40420,0,2.0,1.0,,3,3,28,1.0,2,44,1,,2,1,2,1,2,57,57,57,1,0,0,1.0,2.0,4.0,50.0,,,,,,,,5.0,3.0,0.0,1,2.0,1.0,1.0,3900.0,1038.46,1.0,,,,,10918.3734,2807.1953,1,1,0.0,1.0,0,0,9027,2,,,,,,2.0,2792.9414,7860.0,,-1,,,,,,,275202.0,2012,631,628,1,0,0,0,1,18.0,,1.0,2310.0,8.0,40.0,2012,1.0,1,8,2,9000,90001,1,17,40420,0,2.0,1.0,,3,3,29,1.0,2,44,1,,1,2,1,2,57,57,57,1,0,0,2.0,2.0,4.0,40.0,,,,,,,,5.0,3.0,0.0,1,2.0,2.0,2.0,,1038.46,1.0,,2.0,,,10415.501,2615.0283,1,2,0.0,,0,0,4878,2,,,,,,2.0,2595.5668,7860.0,2310.0,-1,,,,,,,275405.0,2013,643,628,1,0,0,0,1,18.0,8.0,40.0,2013,MIS4_to_MIS8,2012-2013,True,False,False,1
757030996100961,8,1.0,4,4,2,9000,90001,1,1,33,17,16980,0,2.0,1.0,,7,1,44,,2,43,1,,1,1,1,5,2,57,57,57,1,0,0,1.0,1.0,,40.0,,40.0,,,,,,2.0,1.0,0.0,1,2.0,2.0,2.0,,1730.76,2.0,2.0,,,,11090.2316,2768.0026,4,1,0.0,,0,0,8787,1,,,,2.0,,,2760.14,9590.0,,-1,,,,,,,275217.0,2012,631,628,0,0,0,1,0,16.0,,1.0,565.0,2.0,51.0,2012,1.0,4,8,2,9000,90001,1,17,16980,0,2.0,1.0,,7,1,45,,2,43,1,,1,1,5,2,57,57,57,1,0,0,1.0,1.0,,40.0,,40.0,,,,,,2.0,1.0,0.0,1,2.0,2.0,2.0,,1730.76,2.0,2.0,2.0,,,11167.1284,2885.6591,4,1,0.0,,0,0,62978,1,,,,2.0,,,2835.9449,9590.0,640.0,-1,,,,,,,275416.0,2013,643,628,0,0,0,1,0,16.0,2.0,51.0,2013,MIS4_to_MIS8,2012-2013,True,False,False,1
867709060629100,8,1.0,1,4,2,9000,90001,1,1,33,17,16980,0,2.0,1.0,,7,3,55,1.0,1,44,1,,2,1,2,1,2,57,57,57,1,0,0,2.0,1.0,,50.0,,60.0,,,,,,2.0,3.0,0.0,1,2.0,2.0,2.0,,1153.84,1.0,,,,,10353.2241,2635.281,0,0,0.0,,0,0,35446,2,,,,,,2.0,2621.6335,7860.0,,-1,,,,,,,275284.0,2012,631,628,0,0,0,0,0,18.0,,1.0,2310.0,8.0,40.0,2012,1.0,1,8,2,9000,90001,1,17,16980,0,2.0,1.0,,7,3,57,1.0,1,44,1,,1,2,1,2,57,57,57,1,0,0,2.0,1.0,,50.0,,50.0,,,,,,2.0,3.0,0.0,1,2.0,2.0,2.0,,961.53,1.0,,,,,10875.2565,2759.591,0,0,0.0,,0,0,22294,2,,,,,,2.0,2739.9501,7860.0,2310.0,-1,,,,,,,275492.0,2013,643,628,0,0,0,0,0,18.0,8.0,40.0,2013,MIS4_to_MIS8,2012-2013,True,False,False,1
867949260209104,8,1.0,1,4,2,9000,90001,1,1,33,17,16980,0,2.0,1.0,,7,1,73,2.0,1,43,1,,1,1,1,1,2,57,57,57,1,0,0,1.0,1.0,,-4.0,,8.0,,,21.0,,,7.0,1.0,0.0,1,2.0,1.0,1.0,1500.0,250.0,2.0,2.0,,,,9587.2968,2558.798,0,0,0.0,1.0,0,0,22617,1,,,,1.0,1.0,,2513.41,7460.0,,-1,,,,,,,275285.0,2012,631,628,0,0,0,0,0,18.0,,1.0,1460.0,4.0,36.0,2012,1.0,1,8,2,9000,90001,1,17,16980,0,2.0,1.0,,7,1,74,2.0,1,43,1,,1,1,1,2,57,57,57,1,0,0,1.0,5.0,,,,,,,,,,1.0,,,2,,,,,,,,,,,10052.1132,2493.6156,0,0,,,0,0,34821,1,,,,2.0,,,2540.2779,,,-1,,,,,,,275493.0,2013,643,628,0,0,0,0,0,16.0,,,2013,MIS4_to_MIS8,2012-2013,False,True,True,1
868193577700788,8,1.0,1,4,2,9000,90001,1,1,33,17,16980,0,2.0,1.0,,7,1,45,2.0,1,43,2,,1,1,1,1,2,57,57,57,1,0,0,1.0,1.0,,40.0,,40.0,,,,,,2.0,2.0,0.0,1,2.0,2.0,2.0,,1057.0,2.0,2.0,,,,14509.092,3486.4289,0,0,1.0,,0,42,35365,1,,,,1.0,1.0,,3490.2846,8370.0,,-1,,,,,,,275287.0,2012,631,628,0,0,0,0,0,18.0,,2.0,2010.0,6.0,43.0,2012,1.0,1,8,2,9000,90001,1,17,16980,0,2.0,1.0,,7,1,46,2.0,1,43,2,,1,1,1,2,57,57,57,1,0,0,1.0,1.0,,40.0,,40.0,,,,,,2.0,2.0,0.0,1,2.0,,1.0,2500.0,1000.0,2.0,2.0,2.0,,,13539.3296,3466.0607,0,0,1.0,1.0,0,42,8525,1,,,,1.0,1.0,,3452.0824,9480.0,430.0,-1,,,,,,,275495.0,2013,643,628,0,0,0,0,0,18.0,1.0,51.0,2013,MIS4_to_MIS8,2012-2013,True,False,False,1
69192929700988,8,1.0,4,4,2,9000,90001,1,1,33,17,0,99,3.0,2.0,,0,1,31,,2,39,1,,1,1,1,7,2,57,57,57,1,0,0,1.0,1.0,,40.0,,40.0,,,,,,2.0,3.0,0.0,1,2.0,,1.0,1200.0,480.0,1.0,,,,,10896.9978,2793.4376,10,2,0.0,0.0,0,0,52578,1,2.0,6.0,,,,,2787.4735,8270.0,,-1,,,,,,,275387.0,2012,631,628,0,0,1,1,0,10.0,,1.0,3600.0,11.0,42.0,2012,1.0,4,8,2,9000,90001,1,17,0,99,3.0,2.0,,0,1,33,,2,39,1,,1,1,7,2,57,57,57,1,0,0,1.0,1.0,,40.0,,62.0,,,,,,2.0,4.0,0.0,1,1.0,,1.0,1200.0,576.0,1.0,,2.0,,,9636.6188,2443.3265,10,2,0.0,0.0,0,0,34883,1,2.0,6.0,,,,,2401.4676,8270.0,3600.0,-1,,,,,,,275597.0,2013,643,628,0,0,1,1,0,10.0,11.0,42.0,2013,MIS4_to_MIS8,2012-2013,False,True,True,1
610706964265294,8,1.0,1,4,2,9000,90001,1,1,33,17,0,99,3.0,2.0,,0,1,45,2.0,2,42,1,,1,1,1,1,2,57,57,57,1,0,0,1.0,1.0,,20.0,,1.0,,,18.0,,,7.0,3.0,0.0,1,1.0,2.0,2.0,,692.0,1.0,,,,,10294.119,2580.5926,4,1,1.0,,0,41,33282,1,,,5.0,,,,2574.3787,7860.0,,-1,,,,,,,275469.0,2012,631,628,0,0,0,1,0,16.0,,1.0,630.0,2.0,40.0,2012,1.0,1,8,2,9000,90001,1,17,0,99,3.0,2.0,,0,1,45,2.0,2,43,1,,1,1,1,2,57,57,57,1,0,0,1.0,1.0,,25.0,,20.0,,,18.0,,,7.0,3.0,0.0,1,2.0,2.0,2.0,,575.0,2.0,2.0,2.0,,,11308.3988,2922.1643,4,1,1.0,,0,42,54872,1,,,,2.0,,,2871.8211,7860.0,5860.0,-1,,,,,,,275685.0,2013,643,628,0,0,0,1,0,16.0,17.0,40.0,2013,MIS4_to_MIS8,2012-2013,True,False,False,1
664166549700922,8,1.0,1,4,2,9000,90001,1,1,33,17,0,99,3.0,2.0,,0,1,42,2.0,2,44,1,,1,1,1,1,2,57,139,57,1,0,0,1.0,1.0,,50.0,,40.0,,,,,,2.0,3.0,0.0,1,2.0,2.0,2.0,,865.0,1.0,,,,,10765.4129,2686.9314,3,2,1.0,,0,42,45474,1,,,,,,3.0,2679.2991,7860.0,,-1,,,,,,,275481.0,2012,631,628,0,0,1,0,0,18.0,,1.0,2320.0,8.0,40.0,2012,1.0,1,8,2,9000,90001,1,17,0,99,3.0,2.0,,0,1,42,2.0,2,44,1,,1,1,1,2,57,139,57,1,0,0,1.0,1.0,,40.0,4.0,24.0,,,4.0,,,4.0,5.0,0.0,1,2.0,2.0,2.0,,1019.23,1.0,,2.0,,,9975.0271,2578.108,3,2,0.0,,0,0,22325,1,,,,,,3.0,2543.5071,7860.0,2320.0,-1,,,,,,,275691.0,2013,643,628,0,0,1,0,0,18.0,8.0,40.0,2013,MIS4_to_MIS8,2012-2013,False,True,True,1
806902501996027,8,2.0,1,4,2,9000,90001,1,1,33,17,0,0,3.0,2.0,,0,1,65,2.0,1,39,1,,1,1,1,1,2,57,57,57,1,0,0,2.0,5.0,,,,,,,,,,1.0,2.0,0.0,2,,,,,,,,,,,9987.2967,2451.217,0,0,,,0,0,4865,1,1.0,,,,,,2469.763,9480.0,,-1,,,,,,,275495.0,2012,631,628,0,0,0,0,0,12.0,,1.0,6660.0,19.0,51.0,2012,2.0,1,8,2,9000,90001,1,17,0,0,3.0,2.0,,0,1,66,2.0,1,39,1,,1,1,1,2,57,57,57,1,0,0,2.0,5.0,,,,,,,,,,1.0,,,2,,,,,,,,,,,10446.5941,2591.474,0,0,,,0,0,4863,1,1.0,,,,,,2639.9674,,,-1,,,,,,,275711.0,2013,643,628,0,0,0,0,0,12.0,,,2013,MIS4_to_MIS8,2012-2013,False,True,True,1
667196489700951,8,1.0,7,4,2,9000,90001,1,1,33,17,19500,115,,1.0,,2,2,61,,2,43,1,,1,0,0,7,2,57,57,57,1,0,0,1.0,5.0,,,,,,,,,,1.0,2.0,0.0,2,,,,,,,,,,,10263.0667,2575.3739,0,0,,,0,0,22745,1,,,,2.0,,,2561.0971,8370.0,,-1,,,,,,,275583.0,2012,631,628,0,0,0,0,0,16.0,,1.0,5860.0,17.0,43.0,2012,1.0,7,8,2,9000,90001,1,17,19500,115,,1.0,,2,2,62,,2,43,1,,0,0,7,2,57,57,57,1,0,0,1.0,5.0,,,,,,,,,,1.0,,,2,,,,,,,,,,,14398.597,3463.5613,0,0,,,0,0,4857,1,,,,2.0,,,3582.5364,,,-1,,,,,,,275813.0,2013,643,628,0,0,0,0,0,16.0,,,2013,MIS4_to_MIS8,2012-2013,False,True,True,1
669191759700918,8,2.0,1,4,2,9000,90001,1,1,33,17,16580,0,,1.0,,2,1,57,2.0,1,46,1,,1,1,1,1,2,57,57,57,1,0,0,2.0,1.0,,50.0,,40.0,,,,,,2.0,2.0,0.0,1,2.0,2.0,2.0,,1346.15,2.0,2.0,,,,10315.6011,2625.7046,0,0,0.0,,0,0,22388,1,,,,,,,2612.1067,7870.0,,-1,,,,,,,275584.0,2012,631,628,0,0,0,0,0,18.0,,1.0,2200.0,8.0,40.0,2012,1.0,1,8,2,9000,90001,1,17,16580,0,,1.0,,2,1,58,2.0,1,46,1,,1,1,1,2,57,57,57,1,0,0,1.0,1.0,,50.0,4.0,15.0,,,4.0,,,4.0,2.0,0.0,1,2.0,2.0,2.0,,2884.61,1.0,,,,,11003.0841,2792.0272,0,0,1.0,,0,0,22024,1,,,,,,,2772.1554,7870.0,2200.0,-1,,,,,,,275814.0,2013,643,628,0,0,0,0,0,18.0,8.0,40.0,2013,MIS4_to_MIS8,2012-2013,True,False,False,1
906908171991657,8,1.0,7,4,2,9000,90001,1,1,33,17,16580,0,,1.0,,2,2,61,,2,43,1,,1,0,0,5,2,57,57,57,1,0,0,1.0,1.0,,45.0,,42.0,,,,,,2.0,2.0,0.0,1,2.0,2.0,2.0,,1538.46,2.0,2.0,,,,9569.0819,2527.2619,0,0,0.0,,0,0,4824,1,,,,1.0,1.0,,2549.4702,7870.0,,-1,,,,,,,275608.0,2012,631,628,0,0,0,0,0,18.0,,1.0,230.0,1.0,40.0,2012,1.0,7,8,2,9000,90001,1,17,16580,0,,1.0,,2,2,62,,2,43,1,,0,0,5,2,57,57,57,1,0,0,1.0,1.0,,20.0,,20.0,,,21.0,,,7.0,4.0,0.0,1,2.0,1.0,1.0,2000.0,426.92,2.0,2.0,,,,11520.1628,3135.1819,0,0,0.0,0.0,0,0,18529,1,,,,1.0,1.0,,3054.888,770.0,5120.0,-1,,,,,,,275853.0,2013,643,628,0,0,0,0,0,18.0,17.0,4.0,2013,MIS4_to_MIS8,2012-2013,False,True,True,1
307908321871397,9,1.0,1,4,2,9000,90001,1,1,33,17,16980,0,1.0,1.0,,7,3,62,1.0,1,44,1,,2,1,2,1,2,57,57,57,1,0,0,2.0,1.0,,40.0,,40.0,,,,,,2.0,1.0,0.0,1,2.0,1.0,1.0,1800.0,750.0,2.0,2.0,,,,11258.0063,2881.0079,0,0,0.0,0.0,0,0,7497,2,,,,,,3.0,2849.3405,8190.0,,-1,4.0,,,,,,312641.0,2012,632,629,0,0,0,0,0,18.0,,1.0,1760.0,5.0,41.0,2012,2.0,1,8,2,9000,90001,1,17,16980,0,1.0,1.0,,7,3,63,1.0,1,43,1,,1,2,1,2,57,57,57,1,0,0,,1.0,,40.0,5.0,32.0,,,5.0,,,4.0,1.0,0.0,1,2.0,,1.0,5400.0,2160.0,2.0,2.0,,,,11479.0391,3034.5704,0,0,1.0,1.0,0,41,17020,2,,,,1.0,1.0,,2967.8479,8190.0,3300.0,-1,4.0,,,,,,312268.0,2013,644,629,0,0,0,0,0,18.0,10.0,41.0,2013,MIS4_to_MIS8,2012-2013,True,False,False,1
310974092517939,9,2.0,1,4,2,9000,90001,1,1,33,17,16980,0,1.0,1.0,3.0,7,3,52,1.0,2,39,1,,2,1,2,1,2,57,57,57,1,0,0,1.0,2.0,14.0,-4.0,,,,,,,,10.0,3.0,0.0,1,2.0,,1.0,3600.0,80.0,2.0,1.0,,,,12031.1375,2938.0741,4,1,1.0,1.0,0,0,20195,2,1.0,,,,,,2943.7065,7860.0,,-1,,,,,,,312658.0,2012,632,629,0,0,0,1,0,12.0,,1.0,2310.0,8.0,40.0,2012,2.0,1,8,2,9000,90001,1,17,16980,0,1.0,1.0,3.0,7,3,53,1.0,2,39,1,,1,2,1,2,57,57,57,1,0,0,1.0,7.0,,,,,,,,,,1.0,4.0,0.0,2,,,,,,,,2.0,,,11641.7259,2969.1544,0,0,,,0,0,4463,2,1.0,,,,,,3002.703,8680.0,4720.0,-1,,,,,,,312279.0,2013,644,629,0,0,0,0,0,12.0,16.0,46.0,2013,MIS4_to_MIS8,2012-2013,False,True,True,1
707908351699157,9,1.0,1,4,2,9000,90001,1,1,33,17,16980,0,1.0,1.0,1.0,7,3,57,1.0,1,39,1,4.0,2,1,2,1,2,57,73,73,1,0,0,1.0,1.0,,48.0,,48.0,,,,,,2.0,3.0,0.0,1,2.0,2.0,2.0,,1500.0,1.0,,,,,13416.8105,3322.9209,0,0,0.0,,0,0,62342,2,1.0,,,,,,3283.3496,9470.0,,-1,,,,,,,312737.0,2012,632,629,0,0,0,0,0,12.0,,1.0,3740.0,12.0,51.0,2012,1.0,1,8,2,9000,90001,1,17,16980,0,1.0,1.0,1.0,7,3,58,1.0,1,38,1,4.0,1,2,1,2,57,73,73,1,0,0,2.0,1.0,,-4.0,,40.0,,,,,,2.0,3.0,0.0,1,2.0,2.0,2.0,,200.0,1.0,,,,,12068.2279,3055.0237,0,0,1.0,,0,42,33081,2,,,,,,,3077.459,9470.0,3740.0,-1,,,,,,,312352.0,2013,644,629,0,0,0,0,0,12.0,12.0,51.0,2013,MIS4_to_MIS8,2012-2013,True,False,False,1
710709903091956,9,3.0,1,4,2,9000,90001,1,1,33,17,16980,0,1.0,1.0,1.0,7,3,58,1.0,2,44,1,,2,1,2,1,2,57,57,57,1,0,0,2.0,1.0,,38.0,,38.0,,,,,,2.0,3.0,0.0,1,2.0,2.0,2.0,,1846.15,2.0,2.0,,,,11148.3859,2904.3007,4,1,0.0,,0,0,19944,2,,,,,,2.0,2865.3094,6770.0,,-1,,,,,,,312743.0,2012,632,629,0,0,0,1,0,18.0,,1.0,2430.0,8.0,31.0,2012,1.0,1,8,2,9000,90001,1,17,16980,0,1.0,1.0,1.0,7,3,58,1.0,2,44,1,,1,2,1,2,57,57,57,1,0,0,2.0,5.0,,,,,,,,,,1.0,,,2,,,,,,,,,,,11254.7838,2859.6209,0,0,,,0,0,20428,2,,,,,,1.0,2902.9006,,,-1,,,,,,,312361.0,2013,644,629,0,0,0,0,0,17.0,,,2013,MIS4_to_MIS8,2012-2013,False,True,True,1
728480780600971,9,3.0,1,4,2,9000,90001,1,1,33,17,16980,0,1.0,1.0,,7,3,55,1.0,2,39,1,,2,1,2,1,2,57,57,57,1,0,0,2.0,1.0,,40.0,,40.0,,,,,,2.0,3.0,0.0,1,2.0,,1.0,1600.0,640.0,2.0,2.0,,,,11148.3859,2904.3007,0,0,0.0,0.0,0,0,42776,2,1.0,,,,,,2865.3094,6770.0,,-1,,,,,,,312754.0,2012,632,629,0,0,0,0,0,12.0,,1.0,5700.0,17.0,31.0,2012,2.0,1,8,2,9000,90001,1,17,16980,0,1.0,1.0,,7,3,56,1.0,2,39,1,,1,2,1,2,57,57,57,1,0,0,2.0,1.0,,40.0,,40.0,,,,,,2.0,3.0,0.0,1,2.0,1.0,1.0,1780.0,673.07,2.0,2.0,,,,11545.2736,2859.6209,0,0,0.0,1.0,0,0,49519,2,1.0,,,,,,2835.0737,6770.0,100.0,-1,,,,,,,312372.0,2013,644,629,0,0,0,0,0,12.0,1.0,31.0,2013,MIS4_to_MIS8,2012-2013,True,False,False,1
932017995179430,9,2.0,1,4,2,9000,90001,1,1,33,17,16980,0,1.0,1.0,3.0,7,1,34,2.0,1,41,1,,1,1,1,1,2,57,57,57,1,0,0,2.0,2.0,4.0,40.0,,,,,,,,5.0,3.0,0.0,1,2.0,2.0,2.0,,752.0,2.0,2.0,,,,11249.0661,2859.2143,2,3,1.0,,0,0,42901,1,,,3.0,,,,2845.5632,9470.0,,-1,,,,,,,312824.0,2012,632,629,0,1,0,0,1,14.0,,1.0,3850.0,12.0,51.0,2012,2.0,1,8,2,9000,90001,1,17,16980,0,1.0,1.0,3.0,7,1,35,2.0,1,41,1,,1,1,1,2,57,57,57,1,0,0,2.0,1.0,,50.0,4.0,24.0,,,4.0,,,4.0,3.0,0.0,1,2.0,2.0,2.0,,1250.0,1.0,,2.0,,,13209.8674,3342.9727,8,3,1.0,,0,42,50732,1,,,2.0,,,,3329.1013,9470.0,3820.0,-1,,,,,,,312431.0,2013,644,629,0,1,1,0,1,13.0,12.0,51.0,2013,MIS4_to_MIS8,2012-2013,True,False,False,1
10975091417959,9,1.0,1,4,2,9000,90001,1,1,33,17,41180,0,2.0,1.0,,6,1,45,2.0,1,42,1,,1,1,1,1,2,57,57,57,1,0,0,1.0,1.0,,40.0,,53.0,,,,,,2.0,3.0,0.0,1,2.0,1.0,1.0,2500.0,1153.84,1.0,,,,,11114.8962,2829.205,3,2,0.0,0.0,0,0,7651,1,,,4.0,,,,2814.8648,680.0,,4250,3.0,,,,,,312882.0,2012,632,629,0,0,1,0,0,15.0,,1.0,8620.0,21.0,24.0,2012,1.0,1,8,2,9000,90001,1,17,41180,0,2.0,1.0,,6,1,47,2.0,1,42,1,,1,1,1,2,57,57,57,1,0,0,1.0,1.0,,40.0,,49.0,,,,,,2.0,3.0,0.0,1,2.0,1.0,1.0,2800.0,1076.92,1.0,,2.0,,,11720.0921,2927.6248,3,2,0.0,1.0,0,0,7621,1,,,4.0,,,,2928.2931,680.0,8620.0,4210,3.0,,,,,,312490.0,2013,644,629,0,0,1,0,0,15.0,21.0,24.0,2013,MIS4_to_MIS8,2012-2013,True,False,False,1
76109130700390,9,1.0,1,4,2,9000,90001,1,1,33,17,16980,0,2.0,1.0,,7,3,35,1.0,2,43,1,,2,1,2,1,2,57,57,57,1,0,0,2.0,1.0,,40.0,,40.0,,,,,,2.0,3.0,0.0,1,2.0,2.0,2.0,,875.0,1.0,,,,,11610.6137,2904.0872,5,3,0.0,,0,0,42773,2,,,,1.0,1.0,,2855.6628,7860.0,,-1,,,,,,,312934.0,2012,632,629,1,1,0,0,1,18.0,,1.0,2310.0,8.0,40.0,2012,1.0,1,8,2,9000,90001,1,17,16980,0,2.0,1.0,,7,3,35,1.0,2,43,1,,1,2,1,2,57,57,57,1,0,0,2.0,7.0,,,,,,,,,,1.0,,,2,,,,,,,,2.0,,,12539.7697,3246.2367,11,3,,,0,0,50626,2,,,,1.0,1.0,,3234.3318,,,-1,,,,,,,312549.0,2013,644,629,1,1,1,0,1,18.0,,,2013,MIS4_to_MIS8,2012-2013,False,True,True,1
102007305043771,9,2.0,6,4,2,9000,90001,1,1,33,17,40420,0,2.0,1.0,,3,2,27,,1,43,1,,1,0,0,7,2,57,57,57,1,0,0,2.0,1.0,,-4.0,,60.0,,,,,,2.0,3.0,0.0,1,2.0,2.0,2.0,,807.69,1.0,,,,,12158.2407,3105.8841,0,0,0.0,,0,0,63110,1,,,,2.0,,,3075.5479,9470.0,,-1,,,,,,,312948.0,2012,632,629,0,0,0,0,0,16.0,,1.0,3850.0,12.0,51.0,2012,1.0,1,8,2,9000,90001,1,17,40420,0,2.0,1.0,,3,1,28,2.0,1,43,1,,1,1,1,2,57,57,57,1,0,0,1.0,1.0,,40.0,,40.0,,,,,,2.0,3.0,0.0,1,2.0,2.0,2.0,,1134.61,1.0,,2.0,,,13577.9601,3463.0337,0,0,0.0,,0,0,62947,1,,,,2.0,,,3418.0119,9470.0,3850.0,-1,,,,,,,312565.0,2013,644,629,0,0,0,0,0,16.0,12.0,51.0,2013,MIS4_to_MIS8,2012-2013,True,False,False,1
105007107051701,9,2.0,1,4,2,9000,90001,1,1,33,17,16980,0,2.0,1.0,,7,3,37,1.0,2,43,1,1.0,2,1,2,1,2,57,57,57,1,0,0,2.0,1.0,,40.0,,40.0,,,,,,2.0,3.0,0.0,1,2.0,2.0,2.0,,961.53,1.0,,,,,11899.9253,2935.1168,3,2,0.0,,0,0,32669,2,,,,2.0,,,2926.8198,7860.0,,-1,,,,,,,312951.0,2012,632,629,0,0,1,0,0,16.0,,1.0,2310.0,8.0,40.0,2012,2.0,1,8,2,9000,90001,1,17,16980,0,2.0,1.0,,7,3,38,1.0,2,44,1,1.0,1,2,1,2,57,57,57,1,0,0,1.0,1.0,,40.0,,40.0,,,,,,2.0,3.0,0.0,1,2.0,2.0,2.0,,850.0,1.0,,2.0,,,12489.9689,3092.6637,3,2,0.0,,0,0,7601,2,,,,,,2.0,3072.9683,7860.0,2310.0,-1,,,,,,,312568.0,2013,644,629,0,0,1,0,0,18.0,8.0,40.0,2013,MIS4_to_MIS8,2012-2013,True,False,False,1
190973096317737,9,1.0,7,4,2,9000,90001,1,1,33,17,16980,0,2.0,1.0,,7,2,60,,2,40,2,,1,0,0,7,2,57,57,57,1,0,0,1.0,1.0,,40.0,,40.0,,,,,,2.0,1.0,0.0,1,2.0,,1.0,1250.0,500.0,2.0,2.0,,,,14767.2532,2591.8852,0,0,1.0,1.0,0,42,50327,1,,,1.0,,,,2533.9754,6370.0,,-1,,,,,,,312977.0,2012,632,629,0,0,0,0,0,12.0,,2.0,5550.0,17.0,23.0,2012,1.0,7,8,2,9000,90001,1,17,16980,0,2.0,1.0,,7,2,61,,2,40,2,,0,0,7,2,57,57,57,1,0,0,1.0,1.0,,40.0,,40.0,,,,,,2.0,1.0,0.0,1,2.0,2.0,2.0,,384.0,1.0,,,,,9414.9578,2589.2302,0,0,1.0,,0,42,33065,1,,,3.0,,,,2600.2913,6370.0,5550.0,-1,,,,,,,312592.0,2013,644,629,0,0,0,0,0,14.0,17.0,23.0,2013,MIS4_to_MIS8,2012-2013,True,False,False,1
197937804071798,9,1.0,4,4,2,9000,90001,1,1,33,17,41180,163,2.0,1.0,,6,1,43,,2,43,1,,1,1,1,4,2,57,57,57,1,0,0,1.0,1.0,,40.0,,40.0,,,,,,2.0,3.0,0.0,1,2.0,2.0,2.0,,700.0,2.0,2.0,,,,11952.5437,2947.0923,4,1,1.0,,0,42,20156,1,,,,2.0,,,2939.7614,7860.0,,-1,,,,,,,313033.0,2012,632,629,0,0,0,1,0,16.0,,1.0,5700.0,17.0,40.0,2012,1.0,4,8,2,9000,90001,1,17,41180,163,2.0,1.0,,6,1,44,,2,43,1,,1,1,4,2,57,57,57,1,0,0,1.0,7.0,,,,,,,,,,1.0,,,2,,,,,,,,1.0,2.0,2.0,12838.5823,3320.9645,0,0,,,0,0,50715,1,,,,2.0,,,3311.4033,,,-1,,,,,,,312635.0,2013,644,629,0,0,0,0,0,16.0,,,2013,MIS4_to_MIS8,2012-2013,False,True,True,1
307007051104327,9,3.0,1,4,2,9000,90001,1,1,33,17,40420,0,2.0,1.0,,3,1,37,2.0,2,44,1,2.0,1,1,1,1,2,73,73,73,2,0,15,1.0,1.0,,40.0,,40.0,,,,,,2.0,3.0,0.0,1,2.0,2.0,2.0,,2833.33,1.0,,,,,12148.5892,2996.4498,4,1,0.0,,0,0,60814,1,,,,,,2.0,2987.9794,7860.0,,-1,,,,,,,313072.0,2012,632,629,0,0,0,1,0,18.0,,1.0,2310.0,8.0,40.0,2012,1.0,1,8,2,9000,90001,1,17,40420,0,2.0,1.0,,3,1,38,2.0,2,44,1,2.0,1,1,1,2,73,73,73,2,0,15,1.0,1.0,,50.0,,50.0,,,,,,2.0,3.0,0.0,1,2.0,,1.0,2550.0,1020.0,1.0,,2.0,,,12682.9675,3140.4524,4,1,0.0,0.0,0,0,62948,1,,,,,,2.0,3120.4527,7860.0,2300.0,-1,,,,,,,312677.0,2013,644,629,0,0,0,1,0,18.0,8.0,40.0,2013,MIS4_to_MIS8,2012-2013,True,False,False,1
307904531384537,9,2.0,1,4,2,9000,90001,1,1,33,17,16980,0,2.0,1.0,,7,3,47,1.0,1,42,1,,2,1,2,1,2,57,57,57,1,0,0,2.0,1.0,,40.0,,40.0,,,,,,2.0,3.0,0.0,1,2.0,,1.0,1500.0,600.0,2.0,2.0,,,,10887.3905,2771.2953,0,0,0.0,0.0,0,0,19936,2,,,3.0,,,,2757.2486,7860.0,,-1,,,,,,,313076.0,2012,632,629,0,0,0,0,0,14.0,,1.0,4220.0,14.0,40.0,2012,2.0,1,8,2,9000,90001,1,17,16980,0,2.0,1.0,,7,3,48,1.0,1,39,1,,1,2,1,2,57,57,57,1,0,0,2.0,1.0,,40.0,,40.0,,,,,,2.0,3.0,0.0,1,2.0,,1.0,1500.0,600.0,1.0,,2.0,,,11541.7456,2883.0747,0,0,0.0,0.0,0,0,33070,2,1.0,,,,,,2883.7328,7860.0,4220.0,-1,,,,,,,312681.0,2013,644,629,0,0,0,0,0,12.0,14.0,40.0,2013,MIS4_to_MIS8,2012-2013,True,False,False,1
471727047706393,9,1.0,1,4,2,9000,90001,1,1,33,17,16980,0,2.0,1.0,,7,1,49,2.0,1,39,2,,1,1,1,1,2,57,57,57,1,0,0,1.0,1.0,,37.0,,37.0,,,,,,2.0,2.0,0.0,1,2.0,,1.0,975.0,360.75,2.0,2.0,,,,12584.2022,3294.7489,0,0,1.0,1.0,0,0,50326,1,1.0,,,,,,3260.7152,7870.0,,-1,,,,,,,313171.0,2012,632,629,0,0,0,0,0,12.0,,2.0,4220.0,14.0,40.0,2012,2.0,1,8,2,9000,90001,1,17,16980,0,2.0,1.0,,7,1,50,2.0,1,39,2,,1,1,1,2,57,57,57,1,0,0,2.0,1.0,,40.0,,40.0,,,,,,2.0,2.0,0.0,1,2.0,,1.0,1244.0,497.6,2.0,2.0,2.0,,,12603.5333,3219.7048,0,0,1.0,1.0,22,42,4419,1,1.0,,,,,,3222.1583,7870.0,4220.0,-1,,,,,,,312749.0,2013,644,629,0,0,0,0,0,12.0,14.0,40.0,2013,MIS4_to_MIS8,2012-2013,True,False,False,1
710700032705413,9,1.0,1,4,2,9000,90001,1,1,33,17,40420,0,2.0,1.0,,3,1,38,2.0,1,43,1,,1,1,1,1,2,57,57,57,1,0,0,1.0,1.0,,65.0,,65.0,,,,,,2.0,3.0,0.0,1,2.0,2.0,2.0,,750.0,1.0,,,,,11488.8474,2891.7587,4,1,0.0,,0,0,42696,1,,,,1.0,1.0,,2896.2814,7860.0,,-1,,,,,,,313246.0,2012,632,629,0,0,0,1,0,18.0,,1.0,2320.0,8.0,40.0,2012,1.0,1,8,2,9000,90001,1,17,40420,0,2.0,1.0,,3,1,39,2.0,1,43,1,,1,1,1,2,57,57,57,1,0,0,1.0,1.0,,50.0,,50.0,,,,,,2.0,3.0,0.0,1,2.0,2.0,2.0,,2403.0,1.0,,2.0,,,12834.6419,3248.0157,4,1,1.0,,0,42,58161,1,,,,1.0,1.0,,3234.5384,7860.0,230.0,-1,,,,,,,312820.0,2013,644,629,0,0,0,1,0,18.0,1.0,40.0,2013,MIS4_to_MIS8,2012-2013,True,False,False,1
710700032705413,9,1.0,1,4,2,9000,90001,1,1,33,17,40420,0,2.0,1.0,,3,3,39,1.0,2,43,1,,2,1,2,1,2,57,57,57,1,0,0,2.0,1.0,,50.0,,50.0,,,,,,2.0,3.0,0.0,1,2.0,2.0,2.0,,615.38,1.0,,,,,11853.2321,2964.7718,4,1,0.0,,0,0,42696,2,,,,2.0,,,2915.3355,7860.0,,-1,,,,,,,313247.0,2012,632,629,0,0,0,1,0,16.0,,1.0,2300.0,8.0,40.0,2012,1.0,1,8,2,9000,90001,1,17,40420,0,2.0,1.0,,3,3,41,1.0,2,43,1,,1,2,1,2,57,57,57,1,0,0,2.0,1.0,,50.0,,50.0,,,,,,2.0,3.0,0.0,1,2.0,,1.0,2550.0,1275.0,1.0,,2.0,,,13465.072,3320.9645,4,1,1.0,1.0,0,42,58161,2,,,,2.0,,,3312.8777,7860.0,2310.0,-1,,,,,,,312821.0,2013,644,629,0,0,0,1,0,16.0,8.0,40.0,2013,MIS4_to_MIS8,2012-2013,True,False,False,1
710709992322088,9,1.0,1,4,2,9000,90001,1,1,33,17,16980,0,2.0,1.0,,7,3,43,1.0,2,43,1,,2,1,2,1,2,57,57,57,1,0,0,2.0,1.0,,40.0,,40.0,,,,,,2.0,3.0,0.0,1,2.0,2.0,2.0,,2833.0,1.0,,,,,11707.8925,2886.7696,1,1,1.0,,0,0,32635,2,,,,2.0,,,2879.5888,7860.0,,-1,,,,,,,313276.0,2012,632,629,1,0,0,0,1,16.0,,1.0,2310.0,8.0,40.0,2012,1.0,1,8,2,9000,90001,1,17,16980,0,2.0,1.0,,7,3,44,1.0,2,43,1,,1,2,1,2,57,57,57,1,0,0,2.0,1.0,,40.0,,40.0,,,,,,2.0,3.0,0.0,1,2.0,2.0,2.0,,1400.0,1.0,,2.0,,,13260.1719,3270.4289,1,1,1.0,,0,0,20478,2,,,,2.0,,,3262.4651,7860.0,2310.0,-1,,,,,,,312849.0,2013,644,629,1,0,0,0,1,16.0,8.0,40.0,2013,MIS4_to_MIS8,2012-2013,True,False,False,1
799600373840971,9,2.0,1,4,2,9000,90001,1,1,33,17,16980,111,2.0,1.0,,7,3,59,1.0,2,40,1,,2,1,2,1,2,57,57,57,1,0,0,2.0,1.0,,40.0,,40.0,,,,,,2.0,3.0,0.0,1,2.0,1.0,1.0,1600.0,641.02,2.0,2.0,,,,10722.1717,2793.2663,0,0,0.0,1.0,0,0,54052,2,,,3.0,,,,2755.7657,7860.0,,-1,,,,,,,313327.0,2012,632,629,0,0,0,0,0,14.0,,1.0,3930.0,12.0,40.0,2012,3.0,1,8,2,9000,90001,1,17,16980,111,2.0,1.0,,7,3,60,1.0,2,40,1,,1,2,1,2,57,57,57,1,0,0,1.0,1.0,,37.0,,37.0,,,,,,2.0,3.0,0.0,1,2.0,1.0,1.0,2987.0,321.42,2.0,2.0,,,,10847.4799,2825.704,0,0,0.0,1.0,0,0,58231,2,,,4.0,,,,2775.9131,7860.0,4600.0,-1,,,,,,,312912.0,2013,644,629,0,0,0,0,0,15.0,15.0,40.0,2013,MIS4_to_MIS8,2012-2013,True,False,False,1
971173067800393,9,2.0,1,4,2,9000,90001,1,1,33,17,16980,0,2.0,1.0,,7,1,61,2.0,1,45,1,,1,1,1,1,2,57,57,57,1,0,0,2.0,1.0,,60.0,,60.0,,,,,,2.0,1.0,0.0,1,2.0,2.0,2.0,,2884.61,2.0,2.0,,,,10827.6012,2770.864,0,0,0.0,,0,0,7501,1,,,,,,,2740.4073,9470.0,,-1,,,,,,,313437.0,2012,632,629,0,0,0,0,0,18.0,,1.0,2100.0,7.0,51.0,2012,1.0,1,8,2,9000,90001,1,17,16980,0,2.0,1.0,,7,1,63,2.0,1,45,1,,1,1,1,2,57,57,57,1,0,0,2.0,1.0,,60.0,,60.0,,,,,,2.0,1.0,0.0,1,2.0,2.0,2.0,,2884.61,2.0,2.0,,,,10983.2611,2903.5078,0,0,0.0,,0,0,4420,1,,,,,,,2839.667,9470.0,2100.0,-1,,,,,,,313016.0,2013,644,629,0,0,0,0,0,18.0,7.0,51.0,2013,MIS4_to_MIS8,2012-2013,True,False,False,1
570975060717449,9,1.0,1,4,2,9000,90001,1,1,33,17,0,0,3.0,2.0,,0,1,52,2.0,1,40,1,,1,1,1,1,2,57,57,57,1,0,0,1.0,1.0,,40.0,,40.0,,,,,,2.0,3.0,0.0,1,2.0,1.0,1.0,950.0,1450.0,1.0,,,,,10237.3998,2599.3459,0,0,1.0,1.0,0,0,32471,1,,,2.0,,,,2592.6375,7790.0,,-1,,,,,,,313490.0,2012,632,629,0,0,0,0,0,13.0,,1.0,9720.0,22.0,39.0,2012,3.0,1,8,2,9000,90001,1,17,0,0,3.0,2.0,,0,1,54,2.0,1,40,1,,1,1,1,2,57,57,57,1,0,0,1.0,1.0,,40.0,,40.0,,,,,,2.0,3.0,0.0,1,2.0,,1.0,1725.0,690.0,2.0,2.0,2.0,,,11767.291,2977.3821,0,0,1.0,1.0,0,0,20249,1,,,2.0,,,,2940.0859,7790.0,9130.0,-1,,,,,,,313068.0,2013,644,629,0,0,0,0,0,13.0,22.0,39.0,2013,MIS4_to_MIS8,2012-2013,True,False,False,1
570975060717449,9,1.0,1,4,2,9000,90001,1,1,33,17,0,0,3.0,2.0,,0,3,46,1.0,2,40,1,,2,1,2,1,2,57,57,57,1,0,0,2.0,1.0,,33.0,,33.0,,,22.0,,,7.0,3.0,0.0,1,2.0,1.0,1.0,1379.0,326.0,2.0,2.0,,,,10643.1833,2629.7818,0,0,1.0,1.0,0,0,32471,2,,,3.0,,,,2604.1102,9480.0,,-1,,,,,,,313491.0,2012,632,629,0,0,0,0,0,14.0,,1.0,5700.0,17.0,51.0,2012,3.0,1,8,2,9000,90001,1,17,0,0,3.0,2.0,,0,3,47,1.0,2,40,1,,1,2,1,2,57,57,57,1,0,0,2.0,1.0,,35.0,,35.0,,,,,,2.0,3.0,0.0,1,2.0,,1.0,3000.0,1050.0,2.0,2.0,2.0,,,11570.5399,2914.5942,0,0,1.0,1.0,0,0,20249,2,,,2.0,,,,2876.7324,9370.0,5140.0,-1,,,,,,,313069.0,2013,644,629,0,0,0,0,0,13.0,17.0,51.0,2013,MIS4_to_MIS8,2012-2013,True,False,False,1
571558067001409,9,1.0,1,4,2,9000,90001,1,1,33,17,0,99,3.0,2.0,,0,1,45,2.0,1,40,1,,1,1,1,1,2,57,57,57,1,0,0,2.0,1.0,,45.0,,51.0,,,,,,2.0,2.0,0.0,1,1.0,1.0,1.0,1350.0,2115.38,1.0,,,,,10680.8782,2718.7293,4,2,0.0,1.0,0,0,41377,1,,,1.0,,,,2704.9491,9470.0,,-1,,,,,,,313493.0,2012,632,629,0,0,0,1,0,12.0,,1.0,3700.0,12.0,51.0,2012,3.0,1,8,2,9000,90001,1,17,0,99,3.0,2.0,,0,1,46,2.0,1,40,1,,1,1,1,2,57,57,57,1,0,0,2.0,1.0,,40.0,,48.0,,,,,,2.0,2.0,0.0,1,2.0,2.0,2.0,,2307.69,1.0,,2.0,,,11842.5088,2958.204,4,1,0.0,,0,0,43257,1,,,2.0,,,,2958.8793,9470.0,3700.0,-1,,,,,,,313071.0,2013,644,629,0,0,0,1,0,13.0,12.0,51.0,2013,MIS4_to_MIS8,2012-2013,True,False,False,1
799050754740671,9,2.0,1,4,2,9000,90001,1,1,33,17,0,0,3.0,2.0,,0,1,41,2.0,1,40,1,,1,1,1,1,2,57,57,57,1,0,0,2.0,1.0,,40.0,,40.0,,,,,,2.0,3.0,0.0,1,2.0,1.0,1.0,6300.0,2884.61,1.0,,,,,11331.663,2866.8227,3,2,1.0,1.0,0,0,19794,1,,,4.0,,,,2856.656,680.0,,-1,,,,,,,313509.0,2012,632,629,0,0,1,0,0,15.0,,1.0,1420.0,4.0,24.0,2012,1.0,1,8,2,9000,90001,1,17,0,0,3.0,2.0,,0,1,42,2.0,1,40,1,,1,1,1,2,57,57,57,1,0,0,2.0,1.0,,66.0,,66.0,,,,,,2.0,6.0,0.0,2,,,,,,,,2.0,,,12382.3024,3167.5381,3,2,,,0,0,20248,1,,,2.0,,,,3154.8224,770.0,220.0,-1,,,,,,,313092.0,2013,644,629,0,0,1,0,0,13.0,1.0,4.0,2013,MIS4_to_MIS8,2012-2013,False,True,True,1
799050754740671,9,2.0,1,4,2,9000,90001,1,1,33,17,0,0,3.0,2.0,,0,3,36,1.0,2,43,1,,2,1,2,1,2,57,57,57,1,0,0,1.0,1.0,,33.0,,33.0,,,18.0,,,7.0,3.0,0.0,1,2.0,1.0,1.0,2400.0,600.0,2.0,2.0,,,,11390.3833,2849.0024,3,2,1.0,1.0,0,0,19794,2,,,,2.0,,,2801.4965,9370.0,,-1,,,,,,,313510.0,2012,632,629,0,0,1,0,0,16.0,,1.0,800.0,2.0,51.0,2012,1.0,1,8,2,9000,90001,1,17,0,0,3.0,2.0,,0,3,37,1.0,2,43,1,,1,2,1,2,57,57,57,1,0,0,1.0,1.0,,33.0,,33.0,,,18.0,,,7.0,3.0,0.0,1,2.0,,1.0,3000.0,990.0,2.0,2.0,2.0,,,13485.2526,3330.8295,3,2,1.0,1.0,0,0,20248,2,,,,2.0,,,3317.8428,9370.0,800.0,-1,,,,,,,313093.0,2013,644,629,0,0,1,0,0,16.0,2.0,51.0,2013,MIS4_to_MIS8,2012-2013,True,False,False,1
927109970389105,9,2.0,7,4,2,9000,90001,1,1,33,17,0,0,3.0,2.0,,0,2,31,,2,43,1,,2,0,0,7,2,57,57,57,1,0,0,1.0,1.0,,37.0,,37.0,,,,,,2.0,2.0,0.0,1,2.0,2.0,2.0,,961.53,1.0,,,,,10672.0749,2714.3638,0,0,0.0,,0,0,42802,2,,,,2.0,,,2685.4628,7370.0,,-1,,,,,,,313552.0,2012,632,629,0,0,0,0,0,16.0,,1.0,2630.0,9.0,36.0,2012,2.0,7,8,2,9000,90001,1,17,0,0,3.0,2.0,,0,2,32,,2,43,1,,0,0,7,2,57,57,57,1,0,0,1.0,1.0,,38.0,,38.0,,,,,,2.0,2.0,0.0,1,2.0,2.0,2.0,,1000.0,1.0,,2.0,,,12838.5563,3268.2468,0,0,0.0,,0,0,50668,2,,,,2.0,,,3232.9934,7370.0,2600.0,-1,,,,,,,313130.0,2013,644,629,0,0,0,0,0,16.0,9.0,36.0,2013,MIS4_to_MIS8,2012-2013,True,False,False,1
957409570476107,9,2.0,3,4,2,9000,90001,1,1,33,17,0,0,3.0,2.0,,0,1,44,,1,39,1,,1,1,1,5,2,57,57,57,1,0,0,1.0,1.0,,56.0,,56.0,,,,,,2.0,3.0,0.0,1,1.0,1.0,1.0,1600.0,1288.46,1.0,,,,,11331.663,2866.8227,3,1,0.0,0.0,0,0,41370,1,1.0,,,,,,2856.656,9470.0,,-1,3.0,,,,,,313566.0,2012,632,629,0,0,1,0,0,12.0,,1.0,3740.0,12.0,51.0,2012,2.0,3,8,2,9000,90001,1,17,0,0,3.0,2.0,,0,1,45,,1,39,1,,1,1,5,2,57,57,57,1,0,0,1.0,1.0,,56.0,,56.0,,,,,,2.0,3.0,0.0,1,2.0,2.0,2.0,,1250.0,1.0,,2.0,,,11842.5088,2958.204,3,1,0.0,,0,0,43110,1,1.0,,,,,,2958.8793,9470.0,3740.0,-1,3.0,,,,,,313144.0,2013,644,629,0,0,1,0,0,12.0,12.0,51.0,2013,MIS4_to_MIS8,2012-2013,True,False,False,1
799330744530971,9,2.0,1,4,2,9000,90001,1,1,33,17,44100,0,,1.0,,2,3,67,1.0,2,39,1,,2,1,2,1,2,57,57,57,1,0,0,2.0,1.0,,29.0,,29.0,,,22.0,,,7.0,2.0,0.0,1,2.0,,1.0,2600.0,754.0,2.0,2.0,,,,11345.4771,2933.3723,0,0,1.0,1.0,0,0,7682,2,2.0,6.0,,,,,2840.8137,7860.0,,-1,,,,,,,313640.0,2012,632,629,0,0,0,0,0,10.0,,1.0,2330.0,8.0,40.0,2012,1.0,1,8,2,9000,90001,1,17,44100,0,,1.0,,2,3,68,1.0,2,39,1,,1,2,1,2,57,57,57,1,0,0,2.0,1.0,,25.0,,25.0,,,18.0,,,7.0,3.0,0.0,1,2.0,,1.0,946.0,236.5,1.0,,,,,11364.8245,2902.1999,0,0,0.0,0.0,0,0,20637,2,2.0,6.0,,,,,2807.81,7860.0,2540.0,-1,,,,,,,313219.0,2013,644,629,0,0,0,0,0,10.0,8.0,40.0,2013,MIS4_to_MIS8,2012-2013,True,False,True,1
943057937179340,9,3.0,1,4,2,9000,90001,1,1,33,17,44100,0,,1.0,,2,1,44,2.0,1,43,1,,1,1,1,1,2,57,57,57,1,0,0,2.0,1.0,,37.0,,37.0,,,,,,2.0,3.0,0.0,1,2.0,2.0,2.0,,907.5,2.0,2.0,,,,11792.1258,2983.3162,10,3,0.0,,0,0,7681,1,,,,2.0,,,2972.7364,9470.0,,-1,,,,,,,313672.0,2012,632,629,0,0,1,1,0,16.0,,1.0,1107.0,3.0,51.0,2012,2.0,1,8,2,9000,90001,1,17,44100,0,,1.0,,2,1,45,2.0,1,43,1,,1,1,1,2,57,57,57,1,0,0,2.0,1.0,,38.0,,38.0,,,,,,2.0,3.0,0.0,1,2.0,2.0,2.0,,946.15,2.0,2.0,2.0,,,11720.0921,2927.6248,10,3,0.0,,0,0,54203,1,,,,2.0,,,2928.2931,9470.0,1107.0,-1,,,,,,,313249.0,2013,644,629,0,0,1,1,0,16.0,3.0,51.0,2013,MIS4_to_MIS8,2012-2013,True,False,False,1
31691870010900,10,1.0,1,4,2,9000,90001,1,1,33,17,16980,0,1.0,1.0,1.0,7,1,39,2.0,1,43,2,,1,1,1,1,2,57,57,57,1,0,0,1.0,1.0,,40.0,4.0,32.0,,,4.0,,,4.0,1.0,0.0,1,2.0,2.0,2.0,,1682.69,1.0,,,,,12353.0993,2970.9299,0,0,0.0,,0,0,54735,1,,,,1.0,2.0,,2905.243,9490.0,,-1,,,,,,,350886.0,2012,633,630,0,0,0,0,0,17.0,,2.0,1740.0,5.0,51.0,2012,1.0,1,8,2,9000,90001,1,17,16980,0,1.0,1.0,1.0,7,1,40,2.0,1,43,2,,1,1,1,2,57,57,57,1,0,0,1.0,1.0,,40.0,13.0,20.0,,,13.0,,,4.0,1.0,0.0,1,2.0,1.0,1.0,3000.0,1730.76,1.0,,2.0,,,14682.6917,3470.1926,0,0,0.0,1.0,0,0,54383,1,,,,1.0,2.0,,3509.8129,9490.0,1740.0,-1,,,,,,,350165.0,2013,645,630,0,0,0,0,0,17.0,5.0,51.0,2013,MIS4_to_MIS8,2012-2013,True,False,False,1
60017109180390,10,1.0,1,4,2,9000,90001,1,1,33,17,16980,0,1.0,1.0,1.0,7,1,38,2.0,2,44,1,1.0,1,1,1,1,2,57,365,303,1,0,0,1.0,1.0,,40.0,,40.0,,,,,,2.0,3.0,0.0,1,2.0,2.0,2.0,,865.0,1.0,,,,,12847.9237,3210.2655,6,2,1.0,,0,42,21206,1,,,,,,3.0,3213.1762,7860.0,,-1,,,,,,,350904.0,2012,633,630,1,0,1,0,1,18.0,,1.0,2300.0,8.0,40.0,2012,1.0,1,8,2,9000,90001,1,17,16980,0,1.0,1.0,1.0,7,1,39,2.0,2,44,1,1.0,1,1,1,2,57,365,303,1,0,0,1.0,1.0,,40.0,,40.0,,,,,,2.0,3.0,0.0,1,2.0,,1.0,2200.0,880.0,1.0,,2.0,,,10456.6739,2563.844,8,2,1.0,1.0,0,42,35070,1,,,,,,3.0,2560.4609,7860.0,2300.0,-1,,,,,,,350185.0,2013,645,630,0,1,1,0,1,18.0,8.0,40.0,2013,MIS4_to_MIS8,2012-2013,True,False,False,1
571608078909997,10,1.0,7,4,2,9000,90001,1,1,33,17,16980,0,1.0,1.0,3.0,7,2,63,,2,44,1,,1,0,0,6,2,57,57,57,1,0,0,1.0,5.0,,,,,,,,,,1.0,2.0,0.0,2,,,,,,,,,,,11549.8495,2956.3799,0,0,,,0,0,34165,1,,,,,,3.0,2952.0601,9470.0,,-1,,,,,,,351027.0,2012,633,630,0,0,0,0,0,18.0,,1.0,3255.0,10.0,51.0,2012,1.0,7,8,2,9000,90001,1,17,16980,0,1.0,1.0,3.0,7,2,64,,2,44,1,,0,0,6,2,57,57,57,1,0,0,1.0,5.0,,,,,,,,,,1.0,,,2,,,,,,,,,,,12464.0871,3089.8673,0,0,,,0,0,9091,1,,,,,,3.0,3110.0613,,,-1,,,,,,,350316.0,2013,645,630,0,0,0,0,0,18.0,,,2013,MIS4_to_MIS8,2012-2013,False,True,True,1
710030996100081,10,1.0,4,4,0,9000,90002,2,2,33,17,16980,0,1.0,1.0,1.0,7,4,38,,1,40,2,,2,2,1,7,2,57,57,57,1,0,0,2.0,1.0,,-4.0,,20.0,,,20.0,,,7.0,3.0,0.0,1,1.0,,1.0,800.0,224.0,1.0,,,,,12353.0993,2970.9299,4,1,1.0,1.0,0,42,51276,2,,,2.0,,,,2905.243,9470.0,,-1,,,,,1.0,,351045.0,2012,633,630,0,0,0,1,0,13.0,,2.0,3740.0,12.0,51.0,2012,1.0,4,8,2,9000,90002,2,17,16980,0,1.0,1.0,1.0,7,4,39,,1,40,2,,2,1,7,2,57,57,57,1,0,0,2.0,1.0,,72.0,,72.0,,,,,,2.0,3.0,0.0,1,2.0,2.0,2.0,,1153.0,1.0,,2.0,,,13130.7576,3065.0121,4,1,1.0,,0,0,8920,2,,,1.0,,,,3138.832,9470.0,3740.0,-1,,,,,1.0,,350335.0,2013,645,630,0,0,0,1,0,12.0,12.0,51.0,2013,MIS4_to_MIS8,2012-2013,True,False,False,1
810709999139999,10,1.0,3,4,2,9000,90001,1,1,33,17,16980,0,1.0,1.0,,7,6,44,2.0,2,35,1,1.0,3,2,1,1,2,303,303,303,4,0,16,2.0,1.0,,8.0,,8.0,,,18.0,,,7.0,3.0,0.0,1,2.0,,1.0,1000.0,80.0,2.0,2.0,,,,13529.5651,3336.5209,4,1,0.0,0.0,0,0,44152,3,,,,,,,3383.65,7860.0,,-1,,,,,,,351097.0,2012,633,630,0,0,0,1,0,9.0,,1.0,4600.0,15.0,40.0,2012,1.0,3,8,2,9000,90001,1,17,16980,0,1.0,1.0,,7,6,45,2.0,2,35,1,1.0,2,1,1,2,303,303,303,4,0,16,2.0,1.0,,8.0,,8.0,,,18.0,,,7.0,3.0,0.0,1,2.0,,1.0,1000.0,80.0,2.0,2.0,2.0,,,12588.301,3075.5398,4,1,0.0,0.0,0,0,35123,3,,,,,,,3108.9371,7860.0,4600.0,-1,,,,,,,350393.0,2013,645,630,0,0,0,1,0,9.0,15.0,40.0,2013,MIS4_to_MIS8,2012-2013,True,False,False,1
904067107189880,10,1.0,1,4,2,9000,90001,1,1,33,17,16980,0,1.0,1.0,,7,3,58,1.0,2,43,1,,2,1,2,1,2,110,109,57,3,0,5,2.0,1.0,,40.0,6.0,32.0,,,6.0,,,4.0,1.0,0.0,1,2.0,2.0,2.0,,1750.0,2.0,2.0,,,,12105.948,2998.4879,0,0,0.0,,0,0,8481,2,,,,1.0,1.0,,2995.7595,9480.0,,-1,,,,,,,351106.0,2012,633,630,0,0,0,0,0,18.0,,1.0,5700.0,17.0,51.0,2012,1.0,1,8,2,9000,90001,1,17,16980,0,1.0,1.0,,7,3,59,1.0,2,43,1,,1,2,1,2,110,109,57,3,0,5,2.0,1.0,,40.0,,40.0,,,,,,2.0,3.0,0.0,1,2.0,2.0,2.0,,1538.46,1.0,,,,,13009.9631,3253.7636,0,0,0.0,,0,0,22606,2,,,,1.0,1.0,,3233.8187,8370.0,5000.0,-1,,,,,,,350403.0,2013,645,630,0,0,0,0,0,18.0,17.0,43.0,2013,MIS4_to_MIS8,2012-2013,True,False,True,1
960017309189390,10,1.0,6,4,2,9000,90001,1,1,33,17,16980,0,1.0,1.0,1.0,7,2,34,,1,44,2,4.0,1,0,0,7,2,57,57,329,1,0,0,1.0,1.0,,32.0,,32.0,,,22.0,,,7.0,3.0,0.0,1,2.0,2.0,2.0,,1574.46,1.0,,,,,22155.6006,5137.1459,0,0,0.0,,0,0,8484,1,,,,,,1.0,5148.4291,7860.0,,-1,,,,,,,351130.0,2012,633,630,0,0,0,0,0,17.0,,2.0,2320.0,8.0,40.0,2012,1.0,6,8,2,9000,90001,1,17,16980,0,1.0,1.0,1.0,7,2,35,,1,44,2,4.0,0,0,7,2,57,57,329,1,0,0,1.0,1.0,,31.0,,31.0,,,22.0,,,7.0,3.0,0.0,1,2.0,2.0,2.0,,1787.23,1.0,,2.0,,,21701.7782,5102.5008,0,0,0.0,,0,0,4971,1,,,,,,2.0,5187.6852,7860.0,2320.0,-1,,,,,,,350423.0,2013,645,630,0,0,0,0,0,18.0,8.0,40.0,2013,MIS4_to_MIS8,2012-2013,True,False,False,1
33341870914585,10,1.0,1,4,2,9000,90001,1,1,33,17,16980,0,2.0,1.0,,7,1,30,2.0,1,44,1,,1,1,1,1,2,57,57,57,1,0,0,1.0,1.0,,50.0,,50.0,,,,,,2.0,3.0,0.0,1,2.0,2.0,2.0,,961.53,1.0,,,,,13352.8846,3401.2665,0,0,0.0,,0,0,44104,1,,,,,,2.0,3377.5869,7860.0,,-1,,,,,,,351157.0,2012,633,630,0,0,0,0,0,18.0,,1.0,2320.0,8.0,40.0,2012,1.0,1,8,2,9000,90001,1,17,16980,0,2.0,1.0,,7,1,31,2.0,1,44,1,,1,1,1,2,57,57,57,1,0,0,1.0,1.0,,50.0,,50.0,,,,,,2.0,3.0,0.0,1,2.0,2.0,2.0,,961.53,1.0,,2.0,,,12872.7546,3287.6032,0,0,0.0,,0,0,35075,1,,,,,,2.0,3293.9411,7860.0,2310.0,-1,,,,,,,350455.0,2013,645,630,0,0,0,0,0,18.0,8.0,40.0,2013,MIS4_to_MIS8,2012-2013,True,False,False,1
33341870914585,10,1.0,1,4,2,9000,90001,1,1,33,17,16980,0,2.0,1.0,,7,3,28,1.0,2,44,1,,2,1,2,1,2,57,57,57,1,0,0,2.0,1.0,,50.0,,50.0,,,,,,2.0,3.0,0.0,1,2.0,2.0,2.0,,865.38,1.0,,,,,14354.5249,3628.8671,0,0,0.0,,0,0,44104,2,,,,,,2.0,3617.3694,7860.0,,-1,,,,,,,351158.0,2012,633,630,0,0,0,0,0,18.0,,1.0,2320.0,8.0,40.0,2012,1.0,1,8,2,9000,90001,1,17,16980,0,2.0,1.0,,7,3,29,1.0,2,44,1,,1,2,1,2,57,57,57,1,0,0,2.0,1.0,,50.0,,50.0,,,,,,2.0,3.0,0.0,1,2.0,2.0,2.0,,673.07,1.0,,2.0,,,13273.8927,3402.0555,0,0,0.0,,0,0,35075,2,,,,,,2.0,3393.088,7860.0,2310.0,-1,,,,,,,350456.0,2013,645,630,0,0,0,0,0,18.0,8.0,40.0,2013,MIS4_to_MIS8,2012-2013,True,False,False,1
68087147180780,10,2.0,1,4,2,9000,90001,1,1,33,17,16980,0,2.0,1.0,,7,3,38,1.0,2,44,2,,2,1,2,1,2,57,57,57,1,0,0,1.0,1.0,,35.0,,35.0,,,,,,2.0,3.0,0.0,1,2.0,1.0,1.0,2619.0,1476.92,1.0,,,,,14239.0259,3519.0861,8,2,0.0,1.0,0,0,58712,2,,,,,,3.0,3491.4249,7860.0,,-1,,,,,,,351168.0,2012,633,630,0,1,1,0,1,18.0,,2.0,2430.0,8.0,40.0,2012,2.0,1,8,2,9000,90001,1,17,16980,0,2.0,1.0,,7,3,39,1.0,2,44,2,,1,2,1,2,57,57,57,1,0,0,1.0,1.0,,40.0,,40.0,,,,,,2.0,3.0,0.0,1,2.0,2.0,2.0,,1346.15,1.0,,2.0,,,11258.7147,2878.3912,3,2,0.0,,0,0,35098,2,,,,,,3.0,2889.7812,7860.0,2430.0,-1,,,,,,,350470.0,2013,645,630,0,0,1,0,0,18.0,8.0,40.0,2013,MIS4_to_MIS8,2012-2013,True,False,False,1
192978401072759,10,1.0,1,4,2,9000,90001,1,1,33,17,16980,0,2.0,1.0,,7,3,52,1.0,2,43,1,,2,1,2,1,2,139,139,139,5,0,12,2.0,1.0,,40.0,,40.0,,,,,,2.0,3.0,0.0,1,2.0,2.0,2.0,,2019.23,2.0,2.0,,,,11542.6365,2951.9545,4,1,0.0,,0,0,21265,2,,,,1.0,1.0,,2946.8249,8190.0,,-1,,,,,,,351230.0,2012,633,630,0,0,0,1,0,18.0,,1.0,350.0,1.0,41.0,2012,1.0,1,8,2,9000,90001,1,17,16980,0,2.0,1.0,,7,3,53,1.0,2,43,1,,1,2,1,2,139,139,139,5,0,12,2.0,1.0,,56.0,,56.0,,,,,,2.0,5.0,0.0,1,1.0,2.0,2.0,,2211.53,2.0,2.0,2.0,,,12099.7365,2985.9976,0,0,0.0,,0,0,4983,2,,,,1.0,1.0,,2988.2762,8190.0,350.0,-1,,,,,,,350544.0,2013,645,630,0,0,0,0,0,18.0,1.0,41.0,2013,MIS4_to_MIS8,2012-2013,False,True,True,1
271633058909991,10,1.0,1,4,2,9000,90001,1,1,33,17,16980,0,2.0,1.0,,7,3,49,1.0,2,40,1,,2,1,2,1,2,57,57,57,1,0,0,2.0,1.0,,20.0,,20.0,,,14.0,,,6.0,1.0,0.0,1,2.0,,1.0,1250.0,250.0,1.0,,,,,11372.42,2939.0516,4,1,1.0,1.0,0,42,21305,2,,,2.0,,,,2903.3688,6370.0,,-1,,,,,,,351284.0,2012,633,630,0,0,0,1,0,13.0,,1.0,5540.0,17.0,23.0,2012,2.0,1,8,2,9000,90001,1,17,16980,0,2.0,1.0,,7,3,51,1.0,2,40,1,,1,2,1,2,57,57,57,1,0,0,1.0,1.0,,21.0,,21.0,,,14.0,,,6.0,1.0,0.0,1,2.0,,1.0,970.0,203.7,1.0,,2.0,,,12099.7365,2985.9976,4,1,1.0,1.0,0,42,9013,2,,,2.0,,,,2988.2762,6370.0,4840.0,-1,,,,,,,350605.0,2013,645,630,0,0,0,1,0,13.0,16.0,23.0,2013,MIS4_to_MIS8,2012-2013,True,False,False,1
389196329700736,10,2.0,1,4,2,9000,90001,1,1,33,17,16980,0,2.0,1.0,,7,4,16,,1,36,1,,4,1,3,7,2,57,57,57,1,0,0,2.0,7.0,,,,,,,,,,1.0,3.0,0.0,2,,,,,,,,1.0,1.0,1.0,14699.5595,3524.3587,0,0,,,0,0,44133,4,,,,,,,3598.5872,8590.0,,-1,,,,,2.0,1.0,351311.0,2012,633,630,0,0,0,0,0,10.0,,1.0,3955.0,12.0,44.0,2012,2.0,1,8,2,9000,90001,1,17,16980,0,2.0,1.0,,7,4,17,,1,37,1,,1,3,7,2,57,57,57,1,0,0,2.0,7.0,,,,,,,,,,1.0,3.0,0.0,2,,,,,,,,1.0,1.0,1.0,13112.3495,3265.811,0,0,,,0,0,44473,4,,,,,,,3293.6606,8570.0,3955.0,-1,,,,,2.0,1.0,350631.0,2013,645,630,0,0,0,0,0,11.0,12.0,44.0,2013,MIS4_to_MIS8,2012-2013,True,False,False,1
389196329700736,10,2.0,1,4,2,9000,90001,1,1,33,17,16980,0,2.0,1.0,,7,4,18,,1,37,1,,3,1,3,7,2,57,57,57,1,0,0,2.0,7.0,,,,,,,,,,1.0,3.0,0.0,2,,,,,,,,1.0,1.0,1.0,14699.5595,3524.3587,0,0,,,0,0,44133,3,,,,,,,3598.5872,8570.0,,-1,,,,,2.0,1.0,351312.0,2012,633,630,0,0,0,0,0,11.0,,1.0,3955.0,12.0,44.0,2012,2.0,1,8,2,9000,90001,1,17,16980,0,2.0,1.0,,7,4,19,,1,39,1,,1,3,7,2,57,57,57,1,0,0,2.0,7.0,,,,,,,,,,1.0,3.0,0.0,2,,,,,,,,1.0,1.0,2.0,13112.3495,3265.811,0,0,,,0,0,44473,3,1.0,,,,,,3293.6606,8570.0,3955.0,-1,,,,,2.0,1.0,350632.0,2013,645,630,0,0,0,0,0,12.0,12.0,44.0,2013,MIS4_to_MIS8,2012-2013,True,False,False,1
486190479700736,10,1.0,4,4,2,9000,90001,1,1,33,17,41180,119,2.0,1.0,,6,1,47,,2,42,1,,1,1,1,4,2,57,57,57,1,0,0,1.0,1.0,,40.0,,50.0,,,,,,2.0,3.0,0.0,1,1.0,2.0,2.0,,1153.0,2.0,2.0,,,,11484.2139,2967.9433,0,0,1.0,,0,42,54761,1,,,3.0,,,,2931.9097,9370.0,,4040,,,,,,,351365.0,2012,633,630,0,0,0,0,0,14.0,,1.0,2145.0,7.0,51.0,2012,3.0,4,8,2,9000,90001,1,17,41180,119,2.0,1.0,,6,1,48,,2,42,1,,1,1,4,2,57,57,57,1,0,0,2.0,1.0,,40.0,,70.0,,,,,,2.0,3.0,0.0,1,2.0,2.0,2.0,,2884.61,2.0,2.0,2.0,,,12026.9676,2971.6964,0,0,1.0,,0,42,65308,1,,,3.0,,,,2970.3044,9470.0,2145.0,4040,,,,,,,350696.0,2013,645,630,0,0,0,0,0,14.0,7.0,51.0,2013,MIS4_to_MIS8,2012-2013,True,False,False,1
530173095418438,10,1.0,4,4,2,9000,90001,1,1,33,17,16980,0,2.0,1.0,,7,4,20,,1,40,4,,5,1,3,7,2,57,233,233,1,0,0,2.0,1.0,,7.0,,7.0,,,20.0,,,7.0,2.0,0.0,1,2.0,,1.0,1000.0,70.0,2.0,2.0,1.0,1.0,2.0,13977.1233,3586.119,0,0,0.0,0.0,0,0,44103,5,,,3.0,,,,3576.2246,7870.0,,-1,,,,,1.0,,351380.0,2012,633,630,0,0,0,0,0,14.0,,4.0,4720.0,16.0,40.0,2012,1.0,4,8,2,9000,90001,1,17,16980,0,2.0,1.0,,7,4,21,,1,40,4,,1,3,7,2,57,233,233,1,0,0,2.0,7.0,,,,,,,,,,1.0,,,2,,,,,,,,1.0,1.0,2.0,15077.4267,3701.2578,0,0,,,0,0,8927,5,,,4.0,,,,3777.518,,,-1,,,,,1.0,,350707.0,2013,645,630,0,0,0,0,0,15.0,,,2013,MIS4_to_MIS8,2012-2013,False,True,True,1
627399280829100,10,1.0,1,4,2,9000,90001,1,1,33,17,16980,0,2.0,1.0,,7,3,60,1.0,2,43,1,,2,1,2,1,2,57,57,57,1,0,0,2.0,1.0,,40.0,6.0,32.0,,,6.0,,,4.0,3.0,0.0,1,2.0,,1.0,1500.0,600.0,2.0,2.0,,,,12944.7075,2964.2187,0,0,0.0,0.0,0,0,21259,2,,,,2.0,,,2983.0928,7860.0,,-1,,,,,,,351412.0,2012,633,630,0,0,0,0,0,16.0,,1.0,5700.0,17.0,40.0,2012,2.0,1,8,2,9000,90001,1,17,16980,0,2.0,1.0,,7,3,61,1.0,2,43,1,,1,2,1,2,57,57,57,1,0,0,1.0,5.0,,,,,,,,,,1.0,3.0,0.0,2,,,,,,,,,,,12329.5301,3056.5104,0,0,,,0,0,44472,2,,,,2.0,,,3076.4864,7860.0,5700.0,-1,,,,,,,350736.0,2013,645,630,0,0,0,0,0,16.0,17.0,40.0,2013,MIS4_to_MIS8,2012-2013,True,False,False,1
708480780600981,10,1.0,1,4,2,9000,90001,1,1,33,17,16980,0,2.0,1.0,,7,3,57,1.0,2,44,1,,2,1,2,1,2,57,57,57,1,0,0,2.0,1.0,,40.0,,40.0,,,,,,2.0,3.0,0.0,1,2.0,2.0,2.0,,230.0,1.0,,,,,11727.4253,2904.7327,0,0,1.0,,0,0,8478,2,,,,,,3.0,2902.0896,7860.0,,-1,,,,,,,351439.0,2012,633,630,0,0,0,0,0,18.0,,1.0,2310.0,8.0,40.0,2012,1.0,1,8,2,9000,90001,1,17,16980,0,2.0,1.0,,7,3,57,1.0,2,44,1,,1,2,1,2,57,57,57,1,0,0,2.0,1.0,,40.0,,48.0,,,,,,2.0,2.0,0.0,1,1.0,2.0,2.0,,1153.0,1.0,,,,,12897.4537,3225.6252,0,0,1.0,,0,0,44452,2,,,,,,3.0,3205.8528,7860.0,2320.0,2200,,,,,,,350759.0,2013,645,630,0,0,0,0,0,18.0,8.0,40.0,2013,MIS4_to_MIS8,2012-2013,True,False,True,1
710280138760081,10,2.0,1,4,2,9000,90001,1,1,33,17,41180,0,2.0,1.0,,6,3,29,1.0,2,44,1,,2,1,2,1,2,57,57,57,1,0,0,1.0,1.0,,40.0,,40.0,,,,,,2.0,3.0,0.0,1,2.0,2.0,2.0,,865.38,2.0,1.0,,,,14495.6337,3664.5399,0,0,0.0,,0,0,61721,2,,,,,,3.0,3652.9291,7860.0,,-1,,,,,,,351444.0,2012,633,630,0,0,0,0,0,18.0,,1.0,2310.0,8.0,40.0,2012,2.0,1,8,2,9000,90001,1,17,41180,0,2.0,1.0,,6,3,30,1.0,2,44,1,,1,2,1,2,57,57,57,1,0,0,1.0,1.0,,40.0,,40.0,,,,,,2.0,3.0,0.0,1,2.0,2.0,2.0,,942.3,1.0,,2.0,,,12580.6359,3229.217,1,2,0.0,,0,0,4984,2,,,,,,3.0,3215.8769,7860.0,2320.0,-1,,,,,,,350768.0,2013,645,630,1,0,0,0,1,18.0,8.0,40.0,2013,MIS4_to_MIS8,2012-2013,True,False,False,1
789410581840981,10,1.0,1,4,2,9000,90001,1,1,33,17,16980,0,2.0,1.0,,7,3,32,1.0,2,44,1,,2,1,2,1,2,57,57,57,1,0,0,2.0,1.0,,40.0,,50.0,,,,,,2.0,3.0,0.0,1,2.0,2.0,2.0,,1038.46,1.0,,,,,13882.6638,3545.7399,8,2,0.0,,0,0,21260,2,,,,,,2.0,3498.4595,7860.0,,2720,,,,,,,351483.0,2012,633,630,0,1,1,0,1,18.0,,1.0,2330.0,8.0,40.0,2012,1.0,1,8,2,9000,90001,1,17,16980,0,2.0,1.0,,7,3,35,1.0,2,44,1,,1,2,1,2,57,57,57,1,0,0,2.0,1.0,,40.0,,60.0,,,,,,2.0,3.0,0.0,1,2.0,2.0,2.0,,1038.46,1.0,,2.0,,,13241.9621,3238.3481,8,2,0.0,,0,0,8981,2,,,,,,2.0,3242.4771,7860.0,2330.0,10,,,,,,,350814.0,2013,645,630,0,1,1,0,1,18.0,8.0,40.0,2013,MIS4_to_MIS8,2012-2013,True,False,False,1
808903451990237,10,2.0,1,4,2,9000,90001,1,1,33,17,41180,119,2.0,1.0,,6,3,54,1.0,2,44,2,,2,1,2,1,2,57,57,57,1,0,0,1.0,2.0,4.0,40.0,,,,,,,,5.0,3.0,0.0,1,2.0,2.0,2.0,,1307.0,2.0,2.0,,,,14080.4276,3758.2267,0,0,1.0,,0,42,21371,2,,,,,,2.0,3706.5588,9380.0,,-1,,,,,,,351496.0,2012,633,630,0,0,0,0,0,18.0,,2.0,120.0,1.0,51.0,2012,2.0,1,8,2,9000,90001,1,17,41180,119,2.0,1.0,,6,3,55,1.0,2,44,2,,1,2,1,2,57,57,57,1,0,0,1.0,4.0,,,,,,,,21.0,4.0,11.0,3.0,0.0,2,,,,,,,,,,,12672.353,2818.8857,0,0,,,0,0,22712,2,,,,,,2.0,3035.26,7670.0,5240.0,-1,,,,,,,350827.0,2013,645,630,0,0,0,0,0,18.0,17.0,38.0,2013,MIS4_to_MIS8,2012-2013,True,False,False,1
908901971997957,10,1.0,7,4,2,9000,90001,1,1,33,17,40420,0,2.0,1.0,,3,2,77,,2,39,1,,1,0,0,4,2,57,57,57,1,0,0,1.0,1.0,,40.0,,40.0,,,,,,2.0,3.0,0.0,1,2.0,,1.0,1388.0,555.2,1.0,,,,,12896.9517,3043.5968,0,0,0.0,0.0,0,0,34174,1,1.0,,,,,,2888.8432,7860.0,,-1,,,,,,,351577.0,2012,633,630,0,0,0,0,0,12.0,,1.0,5700.0,17.0,40.0,2012,1.0,7,8,2,9000,90001,1,17,40420,0,2.0,1.0,,3,2,78,,2,39,1,,0,0,4,2,57,57,57,1,0,0,1.0,1.0,,40.0,,40.0,,,,,,2.0,3.0,0.0,1,2.0,,1.0,1398.0,559.2,1.0,,,,,12102.7898,3038.6018,0,0,0.0,0.0,0,0,9095,1,1.0,,,,,,3004.4134,7860.0,5700.0,-1,,,,,,,350893.0,2013,645,630,0,0,0,0,0,12.0,17.0,40.0,2013,MIS4_to_MIS8,2012-2013,True,False,False,1
908903621993517,10,1.0,1,4,2,9000,90001,1,1,33,17,16980,0,2.0,1.0,,7,3,39,1.0,2,43,1,,2,1,2,1,2,57,57,57,1,0,0,2.0,4.0,,,,,,,,19.0,2.0,11.0,3.0,0.0,2,,,,,,,,,,,14226.3312,3505.4487,0,0,,,0,0,21306,2,,,,2.0,,,3383.4089,7860.0,,-1,,,,,,,351579.0,2012,633,630,0,0,0,0,0,16.0,,1.0,2310.0,8.0,40.0,2012,2.0,1,8,2,9000,90001,1,17,16980,0,2.0,1.0,,7,3,40,1.0,2,43,1,,1,2,1,2,57,57,57,1,0,0,1.0,7.0,,,,,,,,,,1.0,,,2,,,,,,,,2.0,,,13017.1521,3237.9427,4,1,,,0,0,9014,2,,,,2.0,,,3274.4439,,,-1,,,,,,,350895.0,2013,645,630,0,0,0,1,0,16.0,,,2013,MIS4_to_MIS8,2012-2013,False,True,True,1
810709980950294,10,1.0,1,4,2,9000,90001,1,1,33,17,0,0,3.0,2.0,,0,1,79,2.0,1,39,1,,1,1,1,1,2,57,57,57,1,0,0,1.0,1.0,,10.0,,8.0,,,21.0,,,7.0,3.0,0.0,1,2.0,,1.0,1350.0,135.0,2.0,2.0,,,,14762.15,3483.6133,0,0,0.0,0.0,0,0,21226,1,2.0,4.0,,,,,3413.5785,7860.0,,-1,6.0,,,,,,351736.0,2012,633,630,0,0,0,0,0,7.5,,1.0,3940.0,12.0,40.0,2012,1.0,1,8,2,9000,90001,1,17,0,0,3.0,2.0,,0,1,80,2.0,1,39,1,,1,1,1,2,57,57,57,1,0,0,1.0,5.0,,,,,,,,,,1.0,,,2,,,,,,,,,,,14897.1864,3742.164,0,0,,,0,0,22610,1,2.0,4.0,,,,,3718.3008,,,-1,6.0,,,,,,351060.0,2013,645,630,0,0,0,0,0,7.5,,,2013,MIS4_to_MIS8,2012-2013,False,True,True,1
810709980950294,10,1.0,1,4,2,9000,90001,1,1,33,17,0,0,3.0,2.0,,0,3,85,1.0,2,39,1,,2,1,2,1,2,57,57,57,1,0,0,2.0,1.0,,10.0,,8.0,,,21.0,,,7.0,3.0,0.0,1,2.0,,1.0,2000.0,200.0,2.0,2.0,,,,13046.4942,3078.8879,0,0,1.0,1.0,0,0,21226,2,1.0,,,,,,2922.3399,7860.0,,-1,,,,,,,351737.0,2012,633,630,0,0,0,0,0,12.0,,1.0,3940.0,12.0,40.0,2012,1.0,1,8,2,9000,90001,1,17,0,0,3.0,2.0,,0,3,85,1.0,2,39,1,,1,2,1,2,57,57,57,1,0,0,2.0,5.0,,,,,,,,,,1.0,,,2,,,,,,,,,,,12250.9799,3073.8349,0,0,,,0,0,22610,2,1.0,,,,,,3056.8865,,,-1,,,,,,,351061.0,2013,645,630,0,0,0,0,0,12.0,,,2013,MIS4_to_MIS8,2012-2013,False,True,True,1
371600028909690,10,1.0,4,4,2,9000,90001,1,1,33,17,16580,0,,1.0,,2,14,31,,1,39,1,,2,0,0,5,2,57,57,57,1,0,0,2.0,1.0,,40.0,,40.0,,,,,,2.0,2.0,0.0,1,2.0,,1.0,2000.0,800.0,1.0,,,,,13640.4981,3474.5278,1,1,1.0,1.0,0,0,63344,2,1.0,,,,,,3450.3382,7870.0,,-1,,,,,,,351815.0,2012,633,630,1,0,0,0,1,12.0,,1.0,6440.0,19.0,40.0,2012,1.0,4,8,2,9000,90001,1,17,16580,0,,1.0,,2,14,32,,1,41,1,,0,0,5,2,57,57,57,1,0,0,2.0,1.0,,40.0,,53.0,,,,,,2.0,2.0,0.0,1,1.0,1.0,1.0,3200.0,784.0,1.0,,2.0,,,13132.2082,3353.8657,1,1,1.0,1.0,0,0,62167,2,,,1.0,,,,3360.3313,7870.0,6440.0,-1,,,,,,,351149.0,2013,645,630,1,0,0,0,1,12.0,19.0,40.0,2013,MIS4_to_MIS8,2012-2013,True,False,False,1
671139098909091,10,1.0,4,4,2,9000,90001,1,1,33,17,28100,91,,1.0,,2,1,25,,2,41,2,,1,1,1,7,2,57,57,57,1,0,0,1.0,1.0,,40.0,,40.0,,,,,,2.0,2.0,0.0,1,2.0,,1.0,2514.0,1005.6,2.0,2.0,,,,11754.3983,3051.2484,6,2,1.0,1.0,0,0,34069,1,,,3.0,,,,3066.8323,8290.0,,-1,,,,,,,351840.0,2012,633,630,1,0,1,0,1,14.0,,2.0,3420.0,10.0,42.0,2012,1.0,4,8,2,9000,90001,1,17,28100,91,,1.0,,2,1,26,,2,42,2,,1,1,7,2,57,57,57,1,0,0,1.0,1.0,,40.0,,40.0,,,,,,2.0,2.0,0.0,1,1.0,2.0,2.0,,1153.84,1.0,,1.0,1.0,2.0,13593.3762,3392.6363,6,2,0.0,,0,0,54400,1,,,3.0,,,,3422.2812,8190.0,3420.0,-1,,,,,,,351186.0,2013,645,630,1,0,1,0,1,14.0,10.0,41.0,2013,MIS4_to_MIS8,2012-2013,True,False,False,1
710870549650081,10,1.0,1,4,2,9000,90001,1,1,33,17,28100,91,,1.0,,2,3,48,1.0,2,40,1,,2,1,2,1,2,57,57,57,1,0,0,2.0,1.0,,40.0,6.0,32.0,,,6.0,,,4.0,3.0,0.0,1,1.0,,1.0,2200.0,1045.0,1.0,,,,,11504.2853,2973.1305,0,0,0.0,0.0,0,0,21298,2,,,2.0,,,,2937.0339,7860.0,,-1,3.0,,,,,,351849.0,2012,633,630,0,0,0,0,0,13.0,,1.0,5700.0,17.0,40.0,2012,1.0,1,8,2,9000,90001,1,17,28100,91,,1.0,,2,3,49,1.0,2,40,1,,1,2,1,2,57,57,57,1,0,0,2.0,1.0,,40.0,,46.0,,,,,,2.0,2.0,0.0,1,1.0,,1.0,2400.0,1032.0,1.0,,2.0,,,12064.3346,2980.9293,0,0,0.0,0.0,0,0,22662,2,,,4.0,,,,2979.533,7860.0,5700.0,-1,3.0,,,,,,351195.0,2013,645,630,0,0,0,0,0,15.0,17.0,40.0,2013,MIS4_to_MIS8,2012-2013,True,False,True,1
810709956767496,10,1.0,7,4,2,9000,90001,1,1,33,17,44100,0,,1.0,,2,2,54,,2,40,1,,1,0,0,5,2,57,57,57,1,0,0,1.0,5.0,,,,,,,,,,1.0,2.0,0.0,2,,,,,,,,,,,12033.4733,2980.973,0,0,,,0,0,4718,1,,,2.0,,,,2990.619,9390.0,,-1,,,,,,,351865.0,2012,633,630,0,0,0,0,0,13.0,,1.0,1007.0,3.0,51.0,2012,1.0,7,8,2,9000,90001,1,17,44100,0,,1.0,,2,2,55,,2,40,1,,0,0,5,2,57,57,57,1,0,0,1.0,5.0,,,,,,,,,,1.0,,,2,,,,,,,,,,,13148.015,3252.9203,0,0,,,0,0,5011,1,,,2.0,,,,3307.3622,,,-1,,,,,,,351212.0,2013,645,630,0,0,0,0,0,13.0,,,2013,MIS4_to_MIS8,2012-2013,False,True,True,1
75881170998388,11,1.0,1,4,2,9100,91001,1,1,33,17,16980,0,1.0,1.0,1.0,7,3,33,1.0,1,39,1,1.0,2,1,2,1,2,57,303,303,1,0,0,2.0,1.0,,40.0,,40.0,,,,,,2.0,1.0,0.0,1,2.0,1.0,1.0,900.0,961.53,2.0,2.0,,,,14297.6939,3609.9561,2,1,0.0,1.0,0,0,22617,2,1.0,,,,,,3632.1843,9470.0,,-1,,,,,,,388386.0,2012,634,631,0,1,0,0,1,12.0,,1.0,3850.0,12.0,51.0,2012,2.0,1,8,2,9100,91001,1,17,16980,0,1.0,1.0,1.0,7,3,33,1.0,1,39,1,1.0,1,2,1,2,57,303,303,1,0,0,2.0,1.0,,40.0,,40.0,,,,,,2.0,3.0,0.0,1,2.0,2.0,2.0,,1153.0,1.0,,2.0,,,12070.4874,2942.3343,2,1,1.0,,0,0,49943,2,1.0,,,,,,3001.942,9470.0,3800.0,-1,,,,,,,387684.0,2013,646,631,0,1,0,0,1,12.0,12.0,51.0,2013,MIS4_to_MIS8,2012-2013,True,False,True,1
110709943274713,11,1.0,7,4,2,9100,91001,1,1,33,17,16980,0,1.0,1.0,1.0,7,2,58,,2,43,1,,1,0,0,6,2,57,57,57,1,0,0,1.0,1.0,,40.0,4.0,32.0,,,4.0,,,4.0,1.0,0.0,1,2.0,2.0,2.0,,615.0,2.0,2.0,,,,13978.5175,3494.0233,0,0,1.0,,0,42,8734,1,,,,2.0,,,3516.7957,9570.0,,-1,,,,,,,388406.0,2012,634,631,0,0,0,0,0,16.0,,1.0,20.0,1.0,51.0,2012,1.0,7,8,2,9100,91001,1,17,16980,0,1.0,1.0,1.0,7,2,58,,2,43,1,,0,0,7,2,57,57,57,1,0,0,1.0,1.0,,40.0,,40.0,,,,,,2.0,1.0,0.0,1,2.0,2.0,2.0,,298.07,2.0,2.0,,,,13431.4199,3443.3465,0,0,0.0,,0,0,16822,1,,,,2.0,,,3455.4036,9570.0,20.0,-1,,,,,,,387702.0,2013,646,631,0,0,0,0,0,16.0,1.0,51.0,2013,MIS4_to_MIS8,2012-2013,True,False,False,1
301904531684537,11,1.0,1,4,2,9100,91001,1,1,33,17,16980,0,1.0,1.0,1.0,7,1,54,2.0,2,44,2,,1,1,1,1,2,57,57,57,1,0,0,1.0,1.0,,30.0,,30.0,,,22.0,,,7.0,3.0,0.0,1,2.0,2.0,2.0,,1096.15,1.0,,,,,13272.2847,3603.1594,0,0,0.0,,0,0,52151,1,,,,,,1.0,3544.4054,7870.0,,-1,,,,,,,388447.0,2012,634,631,0,0,0,0,0,17.0,,2.0,2200.0,8.0,40.0,2012,1.0,1,8,2,9100,91001,1,17,16980,0,1.0,1.0,1.0,7,1,55,2.0,2,44,2,,1,1,1,2,57,57,57,1,0,0,1.0,1.0,,40.0,,40.0,,,,,,2.0,3.0,0.0,1,2.0,2.0,2.0,,1361.0,1.0,,,,,11877.2868,3036.0571,0,0,1.0,,0,0,42485,1,,,,,,1.0,3091.5926,7870.0,2200.0,-1,,,,,,,387741.0,2013,646,631,0,0,0,0,0,17.0,8.0,40.0,2013,MIS4_to_MIS8,2012-2013,True,False,False,1
530773095411439,11,1.0,1,4,2,9100,91001,1,1,33,17,16980,0,1.0,1.0,1.0,7,3,57,1.0,2,43,1,,2,1,2,1,2,57,57,57,1,0,0,2.0,1.0,,-4.0,,40.0,,,,,,2.0,3.0,0.0,1,2.0,,1.0,1747.0,698.8,2.0,2.0,,,,13978.5175,3494.0233,0,0,1.0,1.0,0,0,4880,2,,,,1.0,1.0,,3516.7957,7460.0,,-1,,,,,,,388504.0,2012,634,631,0,0,0,0,0,18.0,,1.0,430.0,1.0,36.0,2012,1.0,1,8,2,9100,91001,1,17,16980,0,1.0,1.0,1.0,7,3,58,1.0,2,43,1,,1,2,1,2,57,57,57,1,0,0,1.0,1.0,,40.0,,40.0,,,,,,2.0,3.0,0.0,1,2.0,2.0,2.0,,1442.3,2.0,2.0,,,,13431.4199,3443.3465,0,0,0.0,,0,0,32247,2,,,,1.0,1.0,,3455.4036,9480.0,1650.0,-1,,,,,,,387787.0,2013,646,631,0,0,0,0,0,18.0,5.0,51.0,2013,MIS4_to_MIS8,2012-2013,True,False,False,1
54391170975696,11,1.0,7,4,2,9100,91001,1,1,33,17,16980,0,2.0,1.0,,7,2,38,,2,44,1,,1,0,0,7,2,57,132,214,1,0,0,1.0,1.0,,40.0,,68.0,,,,,,2.0,3.0,0.0,1,2.0,2.0,2.0,,1061.0,1.0,,,,,11151.8312,2873.5209,0,0,1.0,,0,0,22843,1,,,,,,2.0,2873.3613,7860.0,,2340,,,,,,,388657.0,2012,634,631,0,0,0,0,0,18.0,,1.0,2310.0,8.0,40.0,2012,1.0,7,8,2,9100,91001,1,17,16980,0,2.0,1.0,,7,2,49,,2,37,1,,0,0,5,2,164,164,164,4,0,18,1.0,1.0,,60.0,,60.0,,,,,,2.0,4.0,0.0,1,2.0,,1.0,1100.0,660.0,2.0,2.0,2.0,,,13243.9216,3272.0034,0,0,0.0,0.0,0,0,66525,1,,,,,,,3287.2742,6170.0,5700.0,-1,,,,,,,387950.0,2013,646,631,0,0,0,0,0,11.0,17.0,23.0,2013,MIS4_to_MIS8,2012-2013,False,True,True,1
110709902782788,11,1.0,1,4,2,9100,91001,1,1,33,17,16980,0,2.0,1.0,,7,1,36,2.0,2,46,4,,1,1,1,1,2,57,210,210,1,0,0,1.0,1.0,,40.0,,40.0,,,,,,2.0,1.0,0.0,1,2.0,2.0,2.0,,1061.0,2.0,2.0,,,,11682.6055,2996.8037,8,2,1.0,,0,0,67373,1,,,,,,,3010.1197,8190.0,,-1,,,,,,,388719.0,2012,634,631,0,1,1,0,1,18.0,,4.0,3060.0,10.0,41.0,2012,1.0,1,8,2,9100,91001,1,17,16980,0,2.0,1.0,,7,1,37,2.0,2,46,4,,1,1,1,2,57,210,210,1,0,0,1.0,1.0,,40.0,,40.0,,,,,,2.0,7.0,0.0,2,,,,,,,,2.0,,,11002.5945,2737.6562,8,2,,,0,0,50057,1,,,,,,,2758.4218,7970.0,3535.0,-1,,,,,,,388010.0,2013,646,631,0,1,1,0,1,18.0,10.0,42.0,2013,MIS4_to_MIS8,2012-2013,False,True,True,1
217767310399103,11,1.0,6,4,2,9100,91001,1,1,33,17,16980,0,2.0,1.0,,7,2,38,,1,40,2,,1,0,0,7,2,57,57,57,1,0,0,1.0,1.0,,40.0,,40.0,,,,,,2.0,1.0,0.0,1,2.0,,1.0,2554.0,1021.6,1.0,,,,,13067.3559,3379.2803,0,0,0.0,0.0,0,0,34954,1,,,3.0,,,,3288.7536,6370.0,,-1,,,,,,,388795.0,2012,634,631,0,0,0,0,0,14.0,,2.0,5540.0,17.0,23.0,2012,1.0,6,8,2,9100,91001,1,17,16980,0,2.0,1.0,,7,2,39,,1,40,2,,0,0,7,2,57,57,57,1,0,0,1.0,1.0,,40.0,,40.0,,,,,,2.0,1.0,0.0,1,1.0,1.0,1.0,2800.0,2500.0,1.0,,2.0,,,16859.1985,3914.2219,0,0,0.0,0.0,0,0,32228,1,,,3.0,,,,3922.2553,6370.0,5550.0,-1,,,,,,,388094.0,2013,646,631,0,0,0,0,0,14.0,17.0,23.0,2013,MIS4_to_MIS8,2012-2013,True,False,False,1
401908451186387,11,3.0,1,4,2,9100,91001,1,1,33,17,16980,0,2.0,1.0,,7,3,46,1.0,2,39,1,,2,1,2,1,2,57,57,57,1,0,0,2.0,1.0,,40.0,,40.0,,,,,,2.0,3.0,0.0,1,1.0,,1.0,1040.0,496.0,2.0,2.0,,,,12566.9419,3182.8317,0,0,1.0,1.0,0,42,55570,2,1.0,,,,,,3199.922,9370.0,,-1,,,,,,,388831.0,2012,634,631,0,0,0,0,0,12.0,,1.0,4110.0,13.0,51.0,2012,3.0,1,8,2,9100,91001,1,17,16980,0,2.0,1.0,,7,3,72,1.0,2,39,1,,1,2,1,2,57,57,57,1,0,0,2.0,1.0,,40.0,,40.0,,,,,,2.0,3.0,0.0,1,2.0,2.0,2.0,,961.0,2.0,2.0,,,,11413.7657,3105.9362,0,0,1.0,,0,42,42484,2,1.0,,,,,,3080.9079,9370.0,5700.0,-1,,,,,,,388136.0,2013,646,631,0,0,0,0,0,12.0,17.0,51.0,2013,MIS4_to_MIS8,2012-2013,True,False,False,1
500773091111429,11,2.0,1,4,2,9100,91001,1,1,33,17,16980,0,2.0,1.0,,7,1,48,2.0,1,44,4,,1,1,1,1,2,217,217,217,5,0,12,2.0,1.0,,-4.0,,24.0,,,15.0,,,6.0,3.0,0.0,1,2.0,2.0,2.0,,307.69,1.0,,,,,14809.7276,3781.7769,4,2,0.0,,0,0,8837,1,,,,,,2.0,3765.1365,7860.0,,-1,,,,,,,388860.0,2012,634,631,0,0,0,1,0,18.0,,4.0,2320.0,8.0,40.0,2012,2.0,1,8,2,9100,91001,1,17,16980,0,2.0,1.0,,7,1,49,2.0,1,44,4,,1,1,1,2,217,217,217,5,0,12,2.0,1.0,,-4.0,4.0,12.0,,,4.0,,,4.0,5.0,0.0,1,2.0,2.0,2.0,,200.0,2.0,2.0,2.0,,,12597.6927,3199.4492,4,1,0.0,,0,0,7415,1,,,,,,2.0,3227.6096,7860.0,2310.0,-1,,,,,,,388175.0,2013,646,631,0,0,0,1,0,18.0,8.0,40.0,2013,MIS4_to_MIS8,2012-2013,False,True,True,1
500773091111429,11,2.0,1,4,2,9100,91001,1,1,33,17,16980,0,2.0,1.0,,7,4,17,,1,37,8,,3,1,3,7,2,57,57,217,1,0,0,2.0,1.0,,16.0,,16.0,,,20.0,,,7.0,1.0,0.0,1,2.0,2.0,2.0,,120.0,2.0,2.0,1.0,1.0,1.0,19084.4577,5854.8775,0,0,0.0,,0,0,8837,3,,,,,,,5750.9879,9390.0,,-1,,,,,2.0,1.0,388863.0,2012,634,631,0,0,0,0,0,11.0,,8.0,5940.0,17.0,51.0,2012,2.0,1,8,2,9100,91001,1,17,16980,0,2.0,1.0,,7,4,18,,1,40,8,,1,3,7,2,57,57,217,1,0,0,2.0,7.0,,,,,,,,,,1.0,4.0,0.0,2,,,,,,,,1.0,1.0,2.0,12881.7063,3369.3403,0,0,,,0,0,7415,3,,,1.0,,,,3294.8127,8680.0,9130.0,-1,,,,,2.0,1.0,388178.0,2013,646,631,0,0,0,0,0,12.0,22.0,46.0,2013,MIS4_to_MIS8,2012-2013,False,True,True,1
777150937580911,11,2.0,1,4,2,9100,91001,1,1,33,17,16980,0,2.0,1.0,,7,1,41,2.0,1,40,1,,1,1,1,1,2,57,119,119,1,0,0,2.0,1.0,,40.0,,40.0,,,,,,2.0,3.0,0.0,1,2.0,2.0,2.0,,846.0,1.0,,,,,12610.5988,3084.8655,2,1,1.0,,0,0,52149,1,,,2.0,,,,3092.5643,670.0,,-1,,,,,,,388981.0,2012,634,631,0,1,0,0,1,13.0,,1.0,1420.0,4.0,24.0,2012,1.0,1,8,2,9100,91001,1,17,16980,0,2.0,1.0,,7,1,42,2.0,1,40,1,,1,1,1,2,57,119,119,1,0,0,2.0,1.0,,40.0,,40.0,,,,,,2.0,4.0,0.0,1,2.0,2.0,2.0,,1100.0,2.0,2.0,2.0,,,11776.1373,2937.1108,3,1,0.0,,0,0,42483,1,,,2.0,,,,2960.4925,5690.0,4950.0,-1,,,,,,,388285.0,2013,646,631,0,0,1,0,0,13.0,16.0,22.0,2013,MIS4_to_MIS8,2012-2013,False,True,True,1
799960751770911,11,2.0,1,4,2,9100,91001,1,1,33,17,16980,111,2.0,1.0,,7,3,54,1.0,2,43,1,,2,1,2,1,2,57,57,57,1,0,0,1.0,1.0,,50.0,,50.0,,,,,,2.0,3.0,0.0,1,2.0,2.0,2.0,,1634.61,1.0,,,,,12886.72,3271.2575,0,0,0.0,,0,0,8907,2,,,,1.0,1.0,,3281.3472,7860.0,,-1,,,,,,,389027.0,2012,634,631,0,0,0,0,0,18.0,,1.0,2310.0,8.0,40.0,2012,1.0,1,8,2,9100,91001,1,17,16980,111,2.0,1.0,,7,3,55,1.0,2,43,1,,1,2,1,2,57,57,57,1,0,0,1.0,1.0,,45.0,,45.0,,,,,,2.0,3.0,0.0,1,2.0,2.0,2.0,,1730.76,1.0,,,,,12930.291,3314.8746,0,0,0.0,,0,0,62537,2,,,,1.0,1.0,,3326.4818,7860.0,2310.0,-1,,,,,,,388333.0,2013,646,631,0,0,0,0,0,18.0,8.0,40.0,2013,MIS4_to_MIS8,2012-2013,True,False,False,1
860478094711007,11,1.0,7,4,2,9100,91001,1,1,33,17,16980,0,2.0,1.0,,7,2,68,,2,39,1,,1,0,0,5,2,57,57,57,1,0,0,1.0,1.0,,35.0,,35.0,,,,,,2.0,3.0,0.0,1,2.0,1.0,1.0,900.0,307.0,1.0,,,,,11590.434,3206.614,0,0,1.0,1.0,0,0,34956,1,1.0,,,,,,3074.4819,7860.0,,-1,,,,,,,389043.0,2012,634,631,0,0,0,0,0,12.0,,1.0,4130.0,13.0,40.0,2012,1.0,7,8,2,9100,91001,1,17,16980,0,2.0,1.0,,7,2,69,,2,39,1,,0,0,5,2,57,57,57,1,0,0,1.0,1.0,,35.0,,35.0,,,,,,2.0,3.0,0.0,1,2.0,1.0,1.0,1000.0,250.0,1.0,,,,,11238.2938,3058.1864,0,0,1.0,1.0,0,0,7322,1,1.0,,,,,,3033.543,7860.0,4130.0,-1,,,,,,,388348.0,2013,646,631,0,0,0,0,0,12.0,13.0,40.0,2013,MIS4_to_MIS8,2012-2013,True,False,False,1
901903991892647,11,1.0,6,4,2,9100,91001,1,1,33,17,16980,0,2.0,1.0,,7,2,26,,1,41,1,,1,0,0,7,2,57,57,57,1,0,0,1.0,1.0,,-4.0,,64.0,,,,,,2.0,3.0,0.0,1,2.0,2.0,2.0,,653.84,1.0,,,,,12859.5307,3236.1146,0,0,0.0,,0,0,22995,1,,,3.0,,,,3266.8335,9470.0,,-1,1.0,,,,,,389046.0,2012,634,631,0,0,0,0,0,14.0,,1.0,3740.0,12.0,51.0,2012,1.0,6,8,2,9100,91001,1,17,16980,0,2.0,1.0,,7,2,27,,1,41,1,,0,0,7,2,57,57,57,1,0,0,1.0,1.0,,40.0,,56.0,,,,,,2.0,3.0,0.0,1,2.0,1.0,1.0,1650.0,807.69,2.0,2.0,2.0,,,12869.8264,3162.7534,0,0,0.0,0.0,0,0,32557,1,,,3.0,,,,3200.7383,9470.0,3740.0,-1,1.0,,,,,,388350.0,2013,646,631,0,0,0,0,0,14.0,12.0,51.0,2013,MIS4_to_MIS8,2012-2013,True,False,False,1
934047927117370,11,1.0,1,4,2,9100,91001,1,1,33,17,16980,0,2.0,1.0,,7,3,55,1.0,2,43,1,,2,1,2,1,2,57,57,57,1,0,0,2.0,7.0,,,,,,1.0,,,,1.0,3.0,0.0,2,,,,,,,,,,,13934.6782,3422.4331,0,0,,,0,0,4874,2,,,,1.0,2.0,,3394.5681,7860.0,,-1,,,,,,,389077.0,2012,634,631,0,0,0,0,0,17.0,,1.0,2320.0,8.0,40.0,2012,3.0,1,8,2,9100,91001,1,17,16980,0,2.0,1.0,,7,3,56,1.0,2,43,1,,1,2,1,2,57,57,57,1,0,0,1.0,5.0,,,,,,11.0,,,,1.0,,,2,,,,,,,,,,,13063.918,3314.8746,0,0,,,0,0,16818,2,,,,2.0,,,3282.3436,,,-1,,,,,,,388372.0,2013,646,631,0,0,0,0,0,16.0,,,2013,MIS4_to_MIS8,2012-2013,False,True,True,1
947369910329102,11,1.0,1,4,2,9100,91001,1,1,33,17,16980,0,2.0,1.0,,7,1,48,2.0,1,43,2,,1,1,1,1,2,57,57,57,1,0,0,1.0,1.0,,40.0,,40.0,,,,,,2.0,3.0,0.0,1,2.0,1.0,1.0,2200.0,2019.0,2.0,2.0,,,,17227.9485,4651.5272,0,0,1.0,1.0,0,0,52232,1,,,,1.0,2.0,,4595.8734,9470.0,,-1,3.0,2.0,,,,,389096.0,2012,634,631,0,0,0,0,0,17.0,,2.0,2010.0,6.0,51.0,2012,1.0,1,8,2,9100,91001,1,17,16980,0,2.0,1.0,,7,1,49,2.0,1,43,2,,1,1,1,2,57,57,57,1,0,0,1.0,1.0,,40.0,,40.0,,,,,,2.0,3.0,0.0,1,2.0,2.0,2.0,,673.0,2.0,2.0,2.0,,,18608.8266,4942.5408,0,0,1.0,,0,42,42628,1,,,,1.0,1.0,,4965.7278,9470.0,3800.0,-1,3.0,2.0,,,,,388386.0,2013,646,631,0,0,0,0,0,18.0,12.0,51.0,2013,MIS4_to_MIS8,2012-2013,True,False,False,1
947369910329102,11,1.0,1,4,2,9100,91001,1,1,33,17,16980,0,2.0,1.0,,7,3,48,1.0,2,42,2,,2,1,2,1,2,57,57,57,1,0,0,2.0,1.0,,40.0,,40.0,,,,,,2.0,3.0,0.0,1,2.0,1.0,1.0,2600.0,576.0,1.0,,,,,12577.9231,3414.6542,0,0,1.0,1.0,0,0,52232,2,,,3.0,,,,3358.9739,7860.0,,-1,,,,,,,389097.0,2012,634,631,0,0,0,0,0,14.0,,2.0,2540.0,8.0,40.0,2012,1.0,1,8,2,9100,91001,1,17,16980,0,2.0,1.0,,7,3,48,1.0,2,42,2,,1,2,1,2,57,57,57,1,0,0,2.0,1.0,,40.0,6.0,32.0,,,6.0,,,4.0,3.0,0.0,1,2.0,2.0,2.0,,615.0,1.0,,2.0,,,12019.6054,2912.1571,0,0,1.0,,0,42,42628,2,,,3.0,,,,2965.4263,7860.0,2540.0,-1,,,,,,,388387.0,2013,646,631,0,0,0,0,0,14.0,8.0,40.0,2013,MIS4_to_MIS8,2012-2013,True,False,False,1
799430843510911,11,1.0,1,4,2,9100,91001,1,1,33,17,0,0,3.0,2.0,,0,1,60,2.0,1,39,1,,1,1,1,1,2,57,57,57,1,0,0,1.0,1.0,,50.0,,40.0,,,,,,2.0,2.0,0.0,1,2.0,1.0,1.0,1550.0,769.23,2.0,2.0,,,,11700.6323,2854.1614,0,0,0.0,0.0,0,0,4871,1,1.0,,,,,,2854.6984,7860.0,,-1,,,,,,,389208.0,2012,634,631,0,0,0,0,0,12.0,,1.0,4220.0,14.0,40.0,2012,2.0,1,8,2,9100,91001,1,17,0,0,3.0,2.0,,0,1,61,2.0,1,39,1,,1,1,1,2,57,57,57,1,0,0,1.0,1.0,,50.0,,50.0,,,,,,2.0,2.0,0.0,1,2.0,,1.0,1566.0,783.0,2.0,2.0,,,,13602.2092,3246.819,0,0,0.0,0.0,0,0,19858,1,1.0,,,,,,3246.3716,7860.0,4220.0,-1,,,,,,,388523.0,2013,646,631,0,0,0,0,0,12.0,14.0,40.0,2013,MIS4_to_MIS8,2012-2013,True,False,False,1
70831170998590,11,1.0,1,4,2,9100,91001,1,1,33,17,19500,115,,1.0,,2,1,71,2.0,1,39,1,,1,1,1,1,2,57,57,57,1,0,0,1.0,1.0,,30.0,,24.0,,,23.0,,,7.0,3.0,0.0,1,2.0,1.0,1.0,1300.0,319.5,1.0,,,,,11984.8683,3014.8976,0,0,0.0,0.0,0,0,32896,1,2.0,8.0,,,,,2958.7394,7860.0,,-1,5.0,,,,,,389281.0,2012,634,631,0,0,0,0,0,12.0,,1.0,4220.0,14.0,40.0,2012,1.0,1,8,2,9100,91001,1,17,19500,115,,1.0,,2,1,73,2.0,1,39,1,,1,1,1,2,57,57,57,1,0,0,1.0,1.0,,30.0,,30.0,,,21.0,,,7.0,3.0,0.0,1,2.0,,1.0,1300.0,390.0,2.0,2.0,,,,12298.2659,3088.748,0,0,0.0,0.0,0,0,4293,1,2.0,8.0,,,,,3083.3679,7860.0,4220.0,-1,5.0,,,,,,388580.0,2013,646,631,0,0,0,0,0,12.0,14.0,40.0,2013,MIS4_to_MIS8,2012-2013,True,False,False,1
416193669700894,11,1.0,4,4,2,9100,91001,1,1,33,17,44100,0,,1.0,,2,1,45,,2,39,1,,1,1,1,5,2,57,57,57,1,0,0,1.0,1.0,,35.0,,35.0,,,,,,2.0,2.0,0.0,1,2.0,2.0,2.0,,300.0,1.0,,,,,12295.7721,3114.1525,0,0,0.0,,0,0,32899,1,1.0,,,,,,3130.874,7860.0,,-1,,,,,,,389330.0,2012,634,631,0,0,0,0,0,12.0,,1.0,4030.0,13.0,40.0,2012,1.0,4,8,2,9100,91001,1,17,44100,0,,1.0,,2,1,46,,2,39,1,,1,1,5,2,57,57,57,1,0,0,1.0,1.0,,35.0,,35.0,,,,,,2.0,2.0,0.0,1,2.0,1.0,1.0,1192.0,300.0,1.0,,2.0,,,13404.6806,3311.7201,0,0,0.0,0.0,0,0,4307,1,1.0,,,,,,3327.1762,7860.0,4130.0,-1,,,,,,,388621.0,2013,646,631,0,0,0,0,0,12.0,13.0,40.0,2013,MIS4_to_MIS8,2012-2013,True,False,False,1
416193669700894,11,1.0,4,4,2,9100,91001,1,1,33,17,44100,0,,1.0,,2,4,18,,2,37,1,,2,1,3,7,2,57,57,57,1,0,0,2.0,1.0,,20.0,,20.0,,,20.0,,,7.0,1.0,0.0,1,2.0,1.0,1.0,825.0,150.0,2.0,2.0,1.0,1.0,1.0,11850.5423,2952.675,0,0,0.0,0.0,0,0,32899,2,,,,,,,2890.8641,6370.0,,-1,,,,,1.0,,389331.0,2012,634,631,0,0,0,0,0,11.0,,1.0,5560.0,17.0,23.0,2012,1.0,4,8,2,9100,91001,1,17,44100,0,,1.0,,2,4,18,,2,39,1,,1,3,7,2,57,57,57,1,0,0,2.0,1.0,,40.0,,40.0,,,,,,2.0,4.0,0.0,1,2.0,1.0,1.0,825.0,320.0,2.0,2.0,2.0,,,12679.7872,2930.4999,0,0,0.0,0.0,0,0,4307,2,1.0,,,,,,2853.1861,4890.0,4720.0,-1,,,,,1.0,,388622.0,2013,646,631,0,0,0,0,0,12.0,16.0,22.0,2013,MIS4_to_MIS8,2012-2013,False,True,True,1
799270486510911,11,1.0,1,4,2,9100,91001,1,1,33,17,28100,91,,1.0,,2,3,33,1.0,2,43,1,,2,1,2,1,2,57,57,57,1,0,0,2.0,1.0,,40.0,,40.0,,,,,,2.0,3.0,0.0,1,2.0,2.0,2.0,,653.84,1.0,,,,,11564.9536,2922.9562,3,2,0.0,,0,0,22825,2,,,,1.0,1.0,,2898.4846,7860.0,,-1,,,,,,,389361.0,2012,634,631,0,0,1,0,0,18.0,,1.0,2330.0,8.0,40.0,2012,2.0,1,8,2,9100,91001,1,17,28100,91,,1.0,,2,3,34,1.0,2,39,1,,1,2,1,2,57,57,57,1,0,0,2.0,1.0,,40.0,,40.0,,,,,,2.0,3.0,0.0,1,2.0,2.0,2.0,,550.0,1.0,,2.0,,,10652.3732,2634.1917,10,2,0.0,,0,0,20057,2,1.0,,,,,,2656.9862,7860.0,2310.0,-1,,,,,,,388653.0,2013,646,631,0,0,1,1,0,12.0,8.0,40.0,2013,MIS4_to_MIS8,2012-2013,True,False,False,1
799310418210911,11,1.0,1,4,2,9100,91001,1,1,33,17,16580,0,,1.0,,2,1,37,2.0,1,46,1,5.0,1,1,1,1,2,134,134,134,5,0,16,1.0,1.0,,40.0,,40.0,,,,,,2.0,2.0,0.0,1,2.0,2.0,2.0,,1153.84,1.0,,,,,14116.6511,3470.0335,0,0,0.0,,0,0,8715,1,,,,,,,3461.9015,7870.0,,-1,,,,,,,389364.0,2012,634,631,0,0,0,0,0,18.0,,1.0,2200.0,8.0,40.0,2012,1.0,1,8,2,9100,91001,1,17,16580,0,,1.0,,2,1,38,2.0,1,46,1,5.0,1,1,1,2,134,134,134,5,0,16,1.0,1.0,,40.0,,40.0,,,,,,2.0,2.0,0.0,1,2.0,2.0,2.0,,1250.0,2.0,2.0,2.0,,,12536.0456,3112.4449,0,0,0.0,,0,0,19861,1,,,,,,,3151.5315,7870.0,2200.0,-1,,,,,,,388657.0,2013,646,631,0,0,0,0,0,18.0,8.0,40.0,2013,MIS4_to_MIS8,2012-2013,True,False,False,1
799310418210911,11,1.0,1,4,2,9100,91001,1,1,33,17,16580,0,,1.0,,2,3,37,1.0,2,46,1,5.0,2,1,2,1,2,138,134,134,5,0,19,2.0,1.0,,40.0,,40.0,,,,,,2.0,2.0,0.0,1,2.0,2.0,2.0,,961.53,1.0,,,,,12505.6836,3184.1143,0,0,0.0,,0,0,8715,2,,,,,,,3222.1925,7870.0,,-1,,,,,,,389365.0,2012,634,631,0,0,0,0,0,18.0,,1.0,2200.0,8.0,40.0,2012,1.0,1,8,2,9100,91001,1,17,16580,0,,1.0,,2,3,38,1.0,2,46,1,5.0,1,2,1,2,138,134,134,5,0,19,2.0,1.0,,40.0,,40.0,,,,,,2.0,2.0,0.0,1,2.0,2.0,2.0,,1115.38,2.0,2.0,2.0,,,10273.6863,2567.3664,0,0,0.0,,0,0,19861,2,,,,,,,2525.7248,7870.0,2200.0,-1,,,,,,,388658.0,2013,646,631,0,0,0,0,0,18.0,8.0,40.0,2013,MIS4_to_MIS8,2012-2013,True,False,False,1
927359610489100,11,1.0,1,4,2,9100,91001,1,1,33,17,16580,0,,1.0,,2,1,28,2.0,2,43,1,,1,1,1,1,2,57,57,57,1,0,0,1.0,1.0,,38.0,,36.0,,,,,,2.0,2.0,0.0,1,2.0,1.0,1.0,1419.0,532.0,1.0,,,,,11536.3042,2875.0955,6,3,0.0,0.0,0,0,35207,1,,,,2.0,,,2891.3043,7870.0,,-1,,,,,,,389387.0,2012,634,631,1,0,1,0,1,16.0,,1.0,740.0,2.0,40.0,2012,2.0,1,8,2,9100,91001,1,17,16580,0,,1.0,,2,1,29,2.0,2,43,1,,1,1,1,2,57,57,57,1,0,0,1.0,1.0,,38.0,5.0,34.0,,,5.0,,,4.0,2.0,0.0,1,2.0,,1.0,1850.0,703.0,2.0,2.0,2.0,,,11903.5931,2959.2759,6,3,0.0,0.0,0,0,53645,1,,,,2.0,,,2969.0739,7870.0,800.0,-1,,,,,,,388688.0,2013,646,631,1,0,1,0,1,16.0,2.0,40.0,2013,MIS4_to_MIS8,2012-2013,True,False,False,1
927359610489100,11,1.0,1,4,2,9100,91001,1,1,33,17,16580,0,,1.0,,2,3,29,1.0,1,42,1,,2,1,2,1,2,57,57,57,1,0,0,2.0,1.0,,38.0,,38.0,,,,,,2.0,2.0,0.0,1,2.0,1.0,1.0,2574.0,673.0,1.0,,,,,12727.9385,3202.9993,6,3,1.0,1.0,0,0,35207,2,,,3.0,,,,3233.4038,7870.0,,-1,,,,,,,389388.0,2012,634,631,1,0,1,0,1,14.0,,1.0,7340.0,20.0,40.0,2012,2.0,1,8,2,9100,91001,1,17,16580,0,,1.0,,2,3,29,1.0,1,42,1,,1,2,1,2,57,57,57,1,0,0,2.0,1.0,,40.0,5.0,32.0,,,5.0,,,4.0,2.0,0.0,1,2.0,,1.0,1550.0,620.0,1.0,,2.0,,,13177.0838,3238.2617,6,3,0.0,0.0,0,0,53645,2,,,3.0,,,,3277.1536,7870.0,4220.0,-1,,,,,,,388689.0,2013,646,631,1,0,1,0,1,14.0,14.0,40.0,2013,MIS4_to_MIS8,2012-2013,True,False,False,1
957809710809103,11,1.0,1,4,2,9100,91001,1,1,33,17,19500,115,,1.0,,2,3,63,1.0,2,39,1,,2,1,2,1,2,57,57,57,1,0,0,2.0,1.0,,40.0,,41.0,,,,,,2.0,3.0,0.0,1,2.0,,1.0,3850.0,1540.0,2.0,2.0,,,,11356.5441,3010.7977,0,0,1.0,1.0,0,0,22915,2,1.0,,,,,,2977.0368,7870.0,,-1,,,,,,,389409.0,2012,634,631,0,0,0,0,0,12.0,,1.0,2440.0,8.0,40.0,2012,2.0,1,8,2,9100,91001,1,17,19500,115,,1.0,,2,3,65,1.0,2,39,1,,1,2,1,2,57,57,57,1,0,0,2.0,5.0,,,,,,,,,,1.0,3.0,0.0,2,,,,,,,,,,,12621.8563,3131.1983,0,0,,,0,0,7493,2,1.0,,,,,,3100.4543,7870.0,5320.0,-1,,,,,,,388713.0,2013,646,631,0,0,0,0,0,12.0,17.0,40.0,2013,MIS4_to_MIS8,2012-2013,True,False,False,1
977629010749104,11,2.0,1,4,2,9100,91001,1,1,33,17,14060,113,,1.0,,2,1,59,2.0,2,39,1,,1,1,1,1,2,57,57,57,1,0,0,2.0,1.0,,40.0,,70.0,,,,,,2.0,3.0,0.0,1,2.0,1.0,1.0,1323.0,875.0,2.0,2.0,,,,14393.6986,3597.8006,0,0,1.0,1.0,0,0,22900,1,1.0,,,,,,3621.2494,9390.0,,-1,,,,,,,389419.0,2012,634,631,0,0,0,0,0,12.0,,1.0,5420.0,17.0,51.0,2012,2.0,1,8,2,9100,91001,1,17,14060,113,,1.0,,2,1,60,2.0,2,39,1,,1,1,1,2,57,57,57,1,0,0,1.0,1.0,,40.0,,40.0,,,,,,2.0,3.0,0.0,1,1.0,,1.0,1700.0,680.0,2.0,2.0,,,,13037.7444,3463.0759,0,0,0.0,0.0,0,0,4289,1,1.0,,,,,,3433.7405,9390.0,5420.0,-1,,,,,,,388722.0,2013,646,631,0,0,0,0,0,12.0,17.0,51.0,2013,MIS4_to_MIS8,2012-2013,True,False,False,1
987129710659104,11,2.0,1,4,2,9100,91001,1,1,33,17,28100,91,,1.0,,2,1,35,2.0,1,43,1,,1,1,1,1,2,57,57,57,1,0,0,2.0,1.0,,40.0,,50.0,,,,,,2.0,3.0,0.0,1,1.0,,1.0,3500.0,1665.0,1.0,,,,,13416.5046,3302.6656,8,3,0.0,0.0,0,0,59540,1,,,,2.0,,,3290.2008,9470.0,,-1,,,,,,,389426.0,2012,634,631,0,1,1,0,1,16.0,,1.0,3850.0,12.0,51.0,2012,2.0,1,8,2,9100,91001,1,17,28100,91,,1.0,,2,1,36,2.0,1,43,1,,1,1,1,2,57,57,57,1,0,0,2.0,1.0,,40.0,,50.0,,,,,,2.0,3.0,0.0,1,1.0,,1.0,3100.0,1690.0,1.0,,2.0,,,12064.8193,2999.0403,3,3,0.0,0.0,0,0,4277,1,,,,2.0,,,3033.0664,9470.0,3850.0,-1,,,,,,,388728.0,2013,646,631,0,0,1,0,0,16.0,12.0,51.0,2013,MIS4_to_MIS8,2012-2013,True,False,False,1
199732302013789,12,1.0,3,4,2,9100,91001,1,1,33,17,16980,0,1.0,1.0,,7,7,66,,2,39,4,,2,1,4,7,2,240,240,240,4,0,7,2.0,1.0,,40.0,,45.0,,,,,,2.0,1.0,0.0,1,1.0,,1.0,1500.0,712.5,1.0,,,,,13863.7705,3497.0867,0,0,0.0,0.0,0,0,44281,2,1.0,,,,,,3469.0188,6370.0,,-1,,,,,,,425668.0,2012,635,632,0,0,0,0,0,12.0,,4.0,5560.0,17.0,23.0,2012,1.0,3,8,2,9100,91001,1,17,16980,0,1.0,1.0,,7,7,67,,2,39,4,,1,4,7,2,240,240,240,4,0,7,2.0,1.0,,40.0,,40.0,,,,,,2.0,1.0,0.0,1,2.0,,1.0,2500.0,1000.0,1.0,,,,,12527.9563,3136.4181,0,0,0.0,0.0,0,0,17574,2,1.0,,,,,,3177.9558,6370.0,5560.0,-1,,,,,,,424741.0,2013,647,632,0,0,0,0,0,12.0,17.0,23.0,2013,MIS4_to_MIS8,2012-2013,True,False,False,1
910573090912068,12,1.0,7,4,2,9100,91001,1,1,33,17,16980,0,1.0,1.0,1.0,7,2,63,,2,39,2,,1,0,0,7,2,57,57,57,1,0,0,1.0,1.0,,20.0,,20.0,,,14.0,,,6.0,3.0,0.0,1,2.0,1.0,1.0,1700.0,125.0,2.0,2.0,,,,9195.3782,2900.5334,0,0,0.0,1.0,0,0,44287,1,1.0,,,,,,2876.4672,9470.0,,-1,,,,,,,425896.0,2012,635,632,0,0,0,0,0,12.0,,2.0,3940.0,12.0,51.0,2012,1.0,7,8,2,9100,91001,1,17,16980,0,1.0,1.0,1.0,7,2,64,,2,39,2,,0,0,7,2,57,57,57,1,0,0,1.0,1.0,,35.0,,55.0,,,,,,2.0,2.0,0.0,1,2.0,,1.0,1500.0,450.0,1.0,,,,,10911.2028,2811.7818,0,0,0.0,0.0,0,0,7870,1,1.0,,,,,,2841.4317,9470.0,3840.0,5560,,,,,,,424918.0,2013,647,632,0,0,0,0,0,12.0,12.0,51.0,2013,MIS4_to_MIS8,2012-2013,True,False,True,1
943057086129840,12,1.0,4,4,2,9100,91001,1,1,33,17,16980,0,1.0,1.0,1.0,7,1,43,,2,44,2,,1,1,1,6,2,57,57,57,1,0,0,1.0,1.0,,40.0,,40.0,,,,,,2.0,3.0,0.0,1,2.0,1.0,1.0,3500.0,1538.0,2.0,2.0,,,,10327.5597,2713.1024,3,1,1.0,1.0,0,0,44292,1,,,,,,2.0,2687.2936,9480.0,,-1,,,,,,,425909.0,2012,635,632,0,0,1,0,0,18.0,,2.0,430.0,1.0,51.0,2012,1.0,4,8,2,9100,91001,1,17,16980,0,1.0,1.0,1.0,7,1,44,,2,44,2,,1,1,6,2,57,57,57,1,0,0,1.0,1.0,,40.0,,40.0,,,,,,2.0,3.0,0.0,1,2.0,1.0,1.0,2500.0,800.0,2.0,2.0,2.0,,,10741.8266,2636.7554,3,1,1.0,1.0,0,0,57715,1,,,,,,2.0,2671.0397,9480.0,5000.0,-1,,,,,,,424937.0,2013,647,632,0,0,1,0,0,18.0,17.0,51.0,2013,MIS4_to_MIS8,2012-2013,True,False,False,1
37471270982198,12,1.0,1,4,2,9100,91001,1,1,33,17,16980,0,2.0,1.0,,7,3,53,1.0,2,43,1,,2,1,2,1,2,57,57,57,1,0,0,2.0,4.0,,,,,,,,27.0,5.0,12.0,3.0,0.0,2,,,,,,,,,,,12322.2626,2739.5497,10,2,,,0,0,22212,2,,,,1.0,1.0,,2706.3475,7860.0,,-1,,,,,,,425955.0,2012,635,632,0,0,1,1,0,18.0,,1.0,2310.0,8.0,40.0,2012,1.0,1,8,2,9100,91001,1,17,16980,0,2.0,1.0,,7,3,54,1.0,2,43,1,,1,2,1,2,57,57,57,1,0,0,2.0,1.0,,35.0,,35.0,,,,,,2.0,3.0,0.0,1,2.0,1.0,1.0,2000.0,350.0,2.0,2.0,2.0,,,11616.1827,2913.1913,10,2,0.0,1.0,0,0,33505,2,,,,1.0,1.0,,2930.1289,7860.0,2310.0,-1,,,,,,,424991.0,2013,647,632,0,0,1,1,0,18.0,8.0,40.0,2013,MIS4_to_MIS8,2012-2013,True,False,False,1
86071270930884,12,7.0,1,4,2,9100,91001,1,1,33,17,16980,0,2.0,1.0,,7,4,22,4.0,2,40,1,1.0,3,2,1,1,2,57,303,303,1,0,0,2.0,7.0,,,,,,,,,,1.0,3.0,0.0,2,,,,,,,,1.0,1.0,2.0,12149.7604,3013.818,1,1,,,0,0,51539,3,,,3.0,,,,2958.8422,8570.0,,-1,,,,,1.0,1.0,425996.0,2012,635,632,1,0,0,0,1,14.0,,1.0,2720.0,9.0,44.0,2012,7.0,1,8,2,9100,91001,1,17,16980,0,2.0,1.0,,7,4,24,4.0,2,40,1,1.0,2,1,1,2,57,303,303,1,0,0,2.0,7.0,,,,,,,,,,1.0,,,2,,,,,,,,1.0,1.0,1.0,12474.8728,3260.4446,1,1,,,0,0,33387,3,,,2.0,,,,3102.3024,,,-1,,,,,1.0,1.0,425030.0,2013,647,632,1,0,0,0,1,13.0,,,2013,MIS4_to_MIS8,2012-2013,False,True,True,1
210709989628192,12,1.0,4,4,2,9100,91001,1,1,33,17,16980,0,2.0,1.0,,7,1,54,,2,39,1,,1,1,1,5,2,57,57,57,1,0,0,1.0,1.0,,40.0,,40.0,,,,,,2.0,3.0,0.0,1,2.0,,1.0,3000.0,1200.0,1.0,,,,,10902.5866,2739.5497,0,0,0.0,0.0,0,0,34738,1,1.0,,,,,,2746.7838,7870.0,,-1,,,,,,,426120.0,2012,635,632,0,0,0,0,0,12.0,,1.0,5700.0,17.0,40.0,2012,1.0,4,8,2,9100,91001,1,17,16980,0,2.0,1.0,,7,1,56,,2,39,1,,1,1,5,2,57,57,57,1,0,0,1.0,1.0,,40.0,,40.0,,,,,,2.0,3.0,0.0,1,2.0,,1.0,2930.0,1172.0,1.0,,,,,12970.4466,3298.3795,0,0,0.0,0.0,0,0,33652,1,1.0,,,,,,3347.752,7870.0,5700.0,-1,,,,,,,425167.0,2013,647,632,0,0,0,0,0,12.0,17.0,40.0,2013,MIS4_to_MIS8,2012-2013,True,False,False,1
422196029700749,12,1.0,1,4,2,9100,91001,1,1,33,17,16980,0,2.0,1.0,,7,1,40,2.0,1,46,1,4.0,1,1,1,1,2,311,311,311,5,0,22,1.0,1.0,,40.0,,40.0,,,,,,2.0,1.0,0.0,1,2.0,2.0,2.0,,2500.0,2.0,2.0,,,,9854.1404,2486.7574,2,1,0.0,,0,0,22211,1,,,,,,,2500.3826,7460.0,,-1,,,,,,,426183.0,2012,635,632,0,1,0,0,1,18.0,,1.0,1710.0,5.0,36.0,2012,1.0,1,8,2,9100,91001,1,17,16980,0,2.0,1.0,,7,1,42,2.0,1,46,1,4.0,1,1,1,2,311,311,311,5,0,22,1.0,1.0,,40.0,,40.0,,,,,,2.0,1.0,0.0,1,2.0,2.0,2.0,,2000.0,2.0,2.0,2.0,,,14382.6995,3573.4607,2,1,0.0,,0,0,21283,1,,,,,,,3628.0361,7460.0,1710.0,-1,,,,,,,425223.0,2013,647,632,0,1,0,0,1,18.0,5.0,36.0,2013,MIS4_to_MIS8,2012-2013,True,False,False,1
822192899700916,12,1.0,1,4,2,9100,91001,1,1,33,17,16980,0,2.0,1.0,,7,3,55,1.0,2,40,1,,2,1,2,1,2,57,57,57,1,0,0,2.0,1.0,,-4.0,,25.0,,,21.0,,,7.0,3.0,0.0,1,2.0,2.0,2.0,,200.0,2.0,2.0,,,,11821.6851,2948.3615,0,0,1.0,,0,42,44464,2,,,1.0,,,,2955.8218,9480.0,,-1,,,,,,,426345.0,2012,635,632,0,0,0,0,0,12.0,,1.0,4610.0,15.0,51.0,2012,1.0,1,8,2,9100,91001,1,17,16980,0,2.0,1.0,,7,3,56,1.0,2,40,1,,1,2,1,2,57,57,57,1,0,0,2.0,1.0,,-4.0,8.0,10.0,,,8.0,,,4.0,2.0,0.0,1,2.0,,1.0,1170.0,210.6,1.0,,,,,12970.4466,3298.3795,0,0,0.0,0.0,0,0,21478,2,,,1.0,,,,3347.752,9480.0,4610.0,-1,,,,,,,425374.0,2013,647,632,0,0,0,0,0,12.0,15.0,51.0,2013,MIS4_to_MIS8,2012-2013,True,False,True,1
867469920679106,12,1.0,1,4,2,9100,91001,1,1,33,17,37900,0,2.0,1.0,,3,1,31,2.0,2,44,1,,1,1,1,1,2,57,57,57,1,0,0,1.0,1.0,,40.0,,40.0,,,,,,2.0,2.0,0.0,1,2.0,2.0,2.0,,784.61,1.0,,,,,10340.1185,2638.0358,1,1,0.0,,0,0,8918,1,,,,,,2.0,2592.3992,7860.0,,-1,,,,,,,426365.0,2012,635,632,1,0,0,0,1,18.0,,1.0,2310.0,8.0,40.0,2012,1.0,1,8,2,9100,91001,1,17,37900,0,2.0,1.0,,3,1,32,2.0,2,44,1,,1,1,1,2,57,57,57,1,0,0,1.0,1.0,,40.0,,40.0,,,,,,2.0,5.0,0.0,1,2.0,2.0,2.0,,600.0,1.0,,2.0,,,11587.3429,2856.9354,1,1,0.0,,0,0,21423,1,,,,,,2.0,2891.5218,7860.0,2320.0,-1,,,,,,,425388.0,2013,647,632,1,0,0,0,1,18.0,8.0,40.0,2013,MIS4_to_MIS8,2012-2013,False,True,True,1
28190649700978,12,2.0,7,4,2,9100,91001,1,1,33,17,0,0,3.0,2.0,,0,2,22,,2,43,1,,1,0,0,7,2,57,57,57,1,0,0,2.0,1.0,,40.0,,40.0,,,,,,2.0,3.0,0.0,1,2.0,,1.0,1000.0,400.0,2.0,2.0,2.0,,,10589.4821,2640.4823,0,0,0.0,0.0,0,0,8943,1,,,,2.0,,,2663.5483,8190.0,,-1,,,,,,,426438.0,2012,635,632,0,0,0,0,0,16.0,,1.0,5940.0,17.0,41.0,2012,1.0,1,8,2,9100,91001,1,17,0,0,3.0,2.0,,0,1,23,2.0,2,43,1,,1,1,1,2,57,57,57,1,0,0,1.0,1.0,,40.0,,40.0,,,,,,2.0,3.0,0.0,1,2.0,,1.0,1500.0,600.0,2.0,2.0,2.0,,,14963.1218,3677.7189,0,0,0.0,0.0,0,0,33645,1,,,,2.0,,,3789.1672,8190.0,800.0,-1,,,,,,,425465.0,2013,647,632,0,0,0,0,0,16.0,2.0,41.0,2013,MIS4_to_MIS8,2012-2013,True,False,False,1
160962802002789,12,2.0,1,4,2,9100,91001,1,1,33,17,0,0,3.0,2.0,,0,1,29,2.0,2,43,1,,1,1,1,1,2,57,57,57,1,0,0,2.0,1.0,,40.0,,40.0,,,,,,2.0,2.0,0.0,1,2.0,1.0,1.0,1000.0,600.0,2.0,1.0,,,,10289.4492,2565.2341,1,1,0.0,1.0,0,0,18771,1,,,,2.0,,,2579.6957,7860.0,,-1,,,,,,,426455.0,2012,635,632,1,0,0,0,1,16.0,,1.0,2310.0,8.0,40.0,2012,1.0,1,8,2,9100,91001,1,17,0,0,3.0,2.0,,0,1,30,2.0,2,43,1,,1,1,1,2,57,57,57,1,0,0,1.0,1.0,,40.0,,40.0,,,,,,2.0,2.0,0.0,1,2.0,2.0,2.0,,680.0,1.0,,2.0,,,12102.2932,2983.8998,2,1,0.0,,0,0,4513,1,,,,2.0,,,3020.0233,7860.0,2310.0,-1,,,,,,,425476.0,2013,647,632,0,1,0,0,1,16.0,8.0,40.0,2013,MIS4_to_MIS8,2012-2013,True,False,False,1
210709936257498,12,1.0,1,4,2,9100,91001,1,1,33,17,0,99,3.0,2.0,,0,1,47,2.0,2,40,1,,1,1,1,1,2,57,57,57,1,0,0,1.0,1.0,,40.0,,46.0,,,,,,2.0,1.0,0.0,1,2.0,2.0,2.0,,2884.61,1.0,,,,,11823.4106,2940.8943,4,1,0.0,,0,0,22290,1,,,2.0,,,,2978.7751,6290.0,,-1,,,,,,,426490.0,2012,635,632,0,0,0,1,0,13.0,,1.0,9040.0,22.0,23.0,2012,1.0,1,8,2,9100,91001,1,17,0,99,3.0,2.0,,0,1,49,2.0,2,40,1,,1,1,1,2,57,57,57,1,0,0,1.0,1.0,,40.0,4.0,32.0,,,4.0,,,4.0,1.0,0.0,1,2.0,1.0,1.0,1000.0,2500.0,1.0,,2.0,,,13602.353,3388.099,4,1,0.0,1.0,0,0,21375,1,,,3.0,,,,3431.1313,6290.0,9040.0,-1,,,,,,,425511.0,2013,647,632,0,0,0,1,0,14.0,22.0,23.0,2013,MIS4_to_MIS8,2012-2013,True,False,False,1
724165129700989,12,1.0,7,4,2,9100,91001,1,1,33,17,0,0,3.0,2.0,,0,2,60,,2,39,1,,1,0,0,5,2,57,57,57,1,0,0,1.0,1.0,,20.0,,20.0,,,22.0,,,7.0,3.0,0.0,1,2.0,2.0,2.0,,275.76,1.0,,,,,11587.8297,2927.5312,0,0,0.0,,0,0,51604,1,1.0,,,,,,2889.076,7860.0,,-1,,,,,,,426539.0,2012,635,632,0,0,0,0,0,12.0,,1.0,9120.0,22.0,40.0,2012,1.0,7,8,2,9100,91001,1,17,0,0,3.0,2.0,,0,2,61,,2,39,1,,0,0,5,2,57,57,57,1,0,0,1.0,1.0,,10.0,,8.0,,,22.0,,,7.0,3.0,0.0,1,2.0,2.0,2.0,,285.0,1.0,,,,,13068.5815,3121.4557,0,0,0.0,,0,0,21327,1,1.0,,,,,,3136.6633,7860.0,9120.0,-1,,,,,,,425568.0,2013,647,632,0,0,0,0,0,12.0,22.0,40.0,2013,MIS4_to_MIS8,2012-2013,True,False,False,1
196912907065779,12,1.0,6,4,2,9100,91001,1,1,33,17,16580,0,,1.0,,2,2,26,,1,43,1,,1,0,0,7,2,57,57,57,1,0,0,1.0,1.0,,50.0,,50.0,,,,,,2.0,2.0,0.0,1,2.0,2.0,2.0,,500.0,2.0,2.0,,,,12114.7456,2963.6717,0,0,0.0,,0,0,21988,1,,,,1.0,1.0,,3005.2373,7860.0,,-1,,,,,,,426592.0,2012,635,632,0,0,0,0,0,18.0,,1.0,1920.0,5.0,40.0,2012,1.0,6,8,2,9100,91001,1,17,16580,0,,1.0,,2,2,27,,1,43,1,,0,0,7,2,57,57,57,1,0,0,1.0,1.0,,50.0,,50.0,,,,,,2.0,2.0,0.0,1,2.0,2.0,2.0,,461.53,2.0,2.0,1.0,1.0,2.0,15482.7931,3895.6583,0,0,0.0,,0,0,62458,1,,,,1.0,1.0,,3957.5375,7870.0,1920.0,-1,,,,,,,425613.0,2013,647,632,0,0,0,0,0,18.0,5.0,40.0,2013,MIS4_to_MIS8,2012-2013,True,False,False,1
196912907065779,12,1.0,6,4,2,9100,91001,1,1,33,17,16580,0,,1.0,,2,16,25,,1,43,1,,4,0,0,7,2,57,57,57,1,0,0,2.0,1.0,,70.0,,70.0,,,,,,2.0,2.0,0.0,1,2.0,2.0,2.0,,500.0,2.0,1.0,,,,12114.7456,2963.6717,0,0,0.0,,0,0,21988,4,,,,1.0,1.0,,3005.2373,7870.0,,-1,,,,,,,426594.0,2012,635,632,0,0,0,0,0,18.0,,1.0,1920.0,5.0,40.0,2012,1.0,6,8,2,9100,91001,1,17,16580,0,,1.0,,2,16,26,,1,43,1,,0,0,7,2,57,57,57,1,0,0,2.0,1.0,,60.0,,60.0,,,,,,2.0,2.0,0.0,1,2.0,2.0,2.0,,461.53,2.0,2.0,1.0,1.0,2.0,15482.7931,3895.6583,0,0,0.0,,0,0,62458,4,,,,1.0,1.0,,3957.5375,7870.0,1920.0,-1,,,,,,,425615.0,2013,647,632,0,0,0,0,0,18.0,5.0,40.0,2013,MIS4_to_MIS8,2012-2013,True,False,False,1
210709979864095,12,1.0,1,4,2,9100,91001,1,1,33,17,44100,0,,1.0,,2,1,47,2.0,1,46,4,,1,1,1,1,2,210,210,210,4,0,11,1.0,1.0,,40.0,,40.0,,,,,,2.0,2.0,0.0,1,2.0,2.0,2.0,,2500.0,2.0,2.0,,,,13523.766,3404.5168,3,1,1.0,,0,0,32419,1,,,,,,,3337.6093,7870.0,,-1,,,,,,,426613.0,2012,635,632,0,0,1,0,0,18.0,,4.0,2200.0,8.0,40.0,2012,1.0,1,8,2,9100,91001,1,17,44100,0,,1.0,,2,1,49,2.0,1,46,4,,1,1,1,2,210,210,210,4,0,11,1.0,1.0,,40.0,,40.0,,,,,,2.0,2.0,0.0,1,2.0,2.0,2.0,,2000.0,2.0,2.0,2.0,,,11456.9571,2864.9668,4,1,1.0,,0,42,4527,1,,,,,,,2859.9615,7870.0,2200.0,-1,,,,,,,425635.0,2013,647,632,0,0,0,1,0,18.0,8.0,40.0,2013,MIS4_to_MIS8,2012-2013,True,False,False,1
524191069700989,12,2.0,1,4,2,9100,91001,1,1,33,17,16580,0,,1.0,,2,3,35,1.0,2,44,1,,2,1,2,1,2,57,57,57,1,0,0,1.0,1.0,,40.0,,45.0,,,,,,2.0,3.0,0.0,1,2.0,2.0,2.0,,1263.15,1.0,,,,,10465.7043,2574.8641,2,1,0.0,,0,0,8922,2,,,,,,2.0,2620.8593,7860.0,,-1,,,,,,,426649.0,2012,635,632,0,1,0,0,1,18.0,,1.0,2310.0,8.0,40.0,2012,1.0,1,8,2,9100,91001,1,17,16580,0,,1.0,,2,3,36,1.0,2,44,1,,1,2,1,2,57,57,57,1,0,0,2.0,1.0,,40.0,,40.0,,,,,,2.0,3.0,0.0,1,2.0,,1.0,3500.0,1400.0,1.0,,2.0,,,10778.724,2684.0862,2,1,1.0,1.0,0,0,39732,2,,,,,,2.0,2710.6617,7860.0,2310.0,-1,,,,,,,425671.0,2013,647,632,0,1,0,0,1,18.0,8.0,40.0,2013,MIS4_to_MIS8,2012-2013,True,False,False,1
902909741993537,12,2.0,1,4,2,9100,91001,1,1,33,17,19500,115,,1.0,,2,3,24,1.0,1,43,1,,2,1,2,1,2,57,57,57,1,0,0,1.0,1.0,,55.0,,55.0,,,,,,2.0,3.0,0.0,1,2.0,2.0,2.0,,585.23,1.0,,2.0,,,14010.0294,3496.4249,2,1,0.0,,0,0,63762,2,,,,1.0,2.0,,3531.4858,7860.0,,-1,,,,,,,426701.0,2012,635,632,0,1,0,0,1,17.0,,1.0,2320.0,8.0,40.0,2012,2.0,3,8,2,9100,91001,1,17,19500,115,,1.0,,2,1,25,,1,43,1,,1,1,5,2,57,57,57,1,0,0,1.0,1.0,,50.0,,50.0,,,,,,2.0,3.0,0.0,1,2.0,2.0,2.0,,807.69,1.0,,2.0,,,15482.7931,3895.6583,2,1,0.0,,0,0,8012,2,,,,2.0,,,3957.5375,7860.0,2320.0,-1,,,,,,,425719.0,2013,647,632,0,1,0,0,1,16.0,8.0,40.0,2013,MIS4_to_MIS8,2012-2013,True,False,False,1
925191769700967,12,1.0,6,4,2,9100,91001,1,1,33,17,16580,0,,1.0,,2,2,39,,1,44,1,1.0,1,0,0,7,2,303,303,303,4,0,5,1.0,1.0,,10.0,,15.0,,,20.0,,,7.0,2.0,0.0,1,2.0,2.0,2.0,,447.36,1.0,,,,,12266.0951,3108.6765,0,0,0.0,,0,0,54983,1,,,,,,1.0,3112.3903,7870.0,,-1,,,,,,,426706.0,2012,635,632,0,0,0,0,0,17.0,,1.0,1965.0,5.0,40.0,2012,1.0,6,8,2,9100,91001,1,17,16580,0,,1.0,,2,2,40,,1,44,1,1.0,0,0,7,2,303,303,303,4,0,5,1.0,1.0,,10.0,,20.0,,,20.0,,,7.0,2.0,0.0,1,2.0,2.0,2.0,,208.15,1.0,,1.0,1.0,2.0,15503.1825,3851.8508,0,0,0.0,,0,0,62457,1,,,,,,1.0,3910.6779,7870.0,2540.0,2200,,,,,,,425722.0,2013,647,632,0,0,0,0,0,17.0,8.0,40.0,2013,MIS4_to_MIS8,2012-2013,True,False,False,1
838193579700688,1,1.0,1,8,2,8800,88001,1,1,33,17,16980,0,1.0,1.0,1.0,7,3,34,2.0,1,43,1,,1,1,2,1,2,57,57,57,1,0,0,1.0,1.0,,40.0,,40.0,,,,,,2.0,3.0,0.0,1,1.0,1.0,1.0,3488.0,2600.0,1.0,,,,,11593.0898,2897.2635,15,4,0.0,0.0,0,0,44561,1,,,,2.0,,,2909.6616,9470.0,3850.0,-1,1.0,,,,,,11286.0,2012,624,609,1,1,1,1,1,16.0,1.0,,,12.0,51.0,2012,5.0,1,4,2,9100,91001,1,17,16980,0,1.0,1.0,1.0,7,1,43,2.0,1,39,1,,1,1,1,2,128,128,128,4,10,14,2.0,1.0,,40.0,,40.0,,,,,,2.0,4.0,0.0,1,2.0,,1.0,1200.0,480.0,2.0,2.0,2.0,,,10191.3371,2510.2148,1,2,1.0,1.0,0,42,45446,1,1.0,,,,,,2520.8093,770.0,6260.0,-1,,,,,,,11379.0,2013,636,633,1,0,0,0,1,12.0,19.0,4.0,2013,MIS8_to_MIS4,2012-2013,False,True,True,1
170971096513559,1,1.0,1,8,2,8800,88001,1,1,33,17,16980,0,2.0,1.0,,7,3,37,1.0,1,44,1,,2,1,2,1,2,57,57,57,1,0,0,2.0,1.0,,40.0,,40.0,,,,,,2.0,3.0,0.0,1,2.0,2.0,2.0,,1634.61,2.0,2.0,,,,11992.6843,2913.7366,8,2,0.0,,0,0,63071,2,,,,,,2.0,2932.3651,7860.0,2320.0,-1,,,,,,,11486.0,2012,624,609,0,1,1,0,1,18.0,1.0,,,8.0,40.0,2012,1.0,1,4,2,9100,91001,1,17,16980,0,2.0,1.0,,7,3,64,1.0,1,43,1,,1,2,1,2,57,57,57,1,0,0,2.0,1.0,,40.0,,60.0,,,,,,2.0,4.0,0.0,1,2.0,2.0,2.0,,2307.69,2.0,2.0,,,,10340.7896,2767.8333,0,0,0.0,,0,0,52272,2,,,,1.0,1.0,,2756.8448,3960.0,10.0,-1,4.0,,,,,,11577.0,2013,636,633,0,0,0,0,0,18.0,1.0,13.0,2013,MIS8_to_MIS4,2012-2013,False,True,True,1
197983505071798,1,2.0,1,8,2,8800,88001,1,1,33,17,16980,0,2.0,1.0,,7,1,47,2.0,1,43,1,,1,1,1,1,2,147,147,147,4,0,17,2.0,1.0,,40.0,,40.0,,,,,,2.0,1.0,0.0,1,2.0,2.0,2.0,,1057.69,1.0,,,,,11888.4984,3017.5325,10,3,0.0,,0,0,44655,1,,,,2.0,,,3020.3544,9570.0,4240.0,-1,,,,,,,11560.0,2012,624,609,0,0,1,1,0,16.0,1.0,,,14.0,51.0,2012,1.0,1,4,2,9100,91001,1,17,16980,0,2.0,1.0,,7,1,33,2.0,1,43,1,,1,1,1,2,57,57,57,1,0,0,1.0,1.0,,50.0,,36.0,,,,,,2.0,4.0,0.0,1,2.0,2.0,2.0,,1072.11,2.0,2.0,2.0,,,10342.5584,2574.9754,5,2,0.0,,0,0,9759,1,,,,2.0,,,2577.6579,770.0,220.0,-1,,,,,,,11639.0,2013,636,633,1,1,0,0,1,16.0,1.0,4.0,2013,MIS8_to_MIS4,2012-2013,False,True,True,1
197983505071798,1,2.0,1,8,2,8800,88001,1,1,33,17,16980,0,2.0,1.0,,7,3,42,1.0,2,43,1,,2,1,2,1,2,147,147,147,4,0,17,1.0,1.0,,40.0,,40.0,,,,,,2.0,2.0,0.0,1,2.0,2.0,2.0,,1346.15,1.0,,,,,11129.7091,2764.9853,10,3,0.0,,0,0,44655,2,,,,2.0,,,2759.4678,9570.0,6010.0,-1,,,,,,,11561.0,2012,624,609,0,0,1,1,0,16.0,1.0,,,18.0,51.0,2012,1.0,1,4,2,9100,91001,1,17,16980,0,2.0,1.0,,7,3,33,1.0,2,43,1,,1,2,1,2,57,57,57,1,0,0,2.0,1.0,,40.0,,40.0,,,,,,2.0,4.0,0.0,1,2.0,2.0,2.0,,1259.61,2.0,2.0,2.0,,,10185.3589,2532.8154,5,2,0.0,,0,0,9759,2,,,,2.0,,,2527.1235,7470.0,5240.0,-1,,,,,,,11640.0,2013,636,633,1,1,0,0,1,16.0,17.0,36.0,2013,MIS8_to_MIS4,2012-2013,False,True,True,1
310709848086710,1,2.0,1,8,2,8800,88001,1,1,33,17,16980,0,2.0,1.0,,7,1,70,2.0,1,44,1,,1,1,1,1,2,132,132,132,4,0,5,2.0,1.0,,38.0,,38.0,,,,,,2.0,2.0,0.0,1,2.0,1.0,1.0,2200.0,817.5,1.0,,,,,11423.4568,2822.946,0,0,0.0,0.0,0,0,8621,1,,,,,,2.0,2747.4921,7580.0,5240.0,-1,4.0,,,,,,11621.0,2012,624,609,0,0,0,0,0,18.0,1.0,,,17.0,38.0,2012,1.0,1,4,2,9100,91001,1,17,16980,0,2.0,1.0,,7,1,53,2.0,1,43,1,,1,1,1,2,57,57,57,1,0,0,1.0,2.0,4.0,-4.0,,,,,,,,5.0,7.0,0.0,2,,,,,,,,2.0,,,11739.6746,2794.9542,4,2,,,0,0,35791,1,,,,1.0,1.0,,2805.0149,8560.0,2600.0,-1,,,,,,,11708.0,2013,636,633,0,0,0,1,0,18.0,9.0,44.0,2013,MIS8_to_MIS4,2012-2013,False,True,True,1
403902171697837,1,1.0,7,8,2,8800,88001,1,1,33,17,16980,0,2.0,1.0,,7,2,65,,2,43,1,,1,0,0,5,2,57,57,57,1,0,0,1.0,1.0,,46.0,,37.0,,,,,,2.0,3.0,0.0,1,2.0,2.0,2.0,,1211.53,1.0,,,,,10315.6866,2683.7032,0,0,0.0,,0,0,21674,1,,,,1.0,1.0,,2637.2598,7860.0,2310.0,4760,,,,,,,11661.0,2012,624,609,0,0,0,0,0,18.0,1.0,,,8.0,40.0,2012,1.0,4,4,2,9100,91001,1,17,16980,0,2.0,1.0,,7,1,26,,2,42,1,,1,1,5,2,57,57,57,1,0,0,1.0,1.0,,50.0,,50.0,,,,,,2.0,4.0,0.0,1,2.0,2.0,2.0,,1380.0,2.0,2.0,2.0,,,11740.7773,2874.0575,4,1,1.0,,0,0,52245,1,,,3.0,,,,2913.0435,1990.0,430.0,-1,,,,,,,11757.0,2013,636,633,0,0,0,1,0,14.0,1.0,17.0,2013,MIS8_to_MIS4,2012-2013,False,True,True,1
907419530909104,1,2.0,1,8,2,8800,88001,1,1,33,17,16980,0,2.0,1.0,,7,1,54,2.0,1,44,1,,1,1,1,1,2,57,57,57,1,0,0,2.0,1.0,,60.0,,60.0,,,,,,2.0,3.0,0.0,1,2.0,2.0,2.0,,1500.0,1.0,,,,,10997.7991,2819.0951,0,0,0.0,,0,0,4620,1,,,,,,2.0,2794.0661,7860.0,2320.0,-1,,,,,,,11881.0,2012,624,609,0,0,0,0,0,18.0,1.0,,,8.0,40.0,2012,2.0,1,4,2,9100,91001,1,17,16980,0,2.0,1.0,,7,1,27,2.0,1,39,1,,1,1,1,2,57,57,57,1,0,0,2.0,1.0,,45.0,,45.0,,,,,,2.0,4.0,0.0,1,2.0,,1.0,1200.0,540.0,2.0,2.0,2.0,,,11738.8239,2878.2979,0,0,1.0,1.0,0,42,9731,1,2.0,8.0,,,,,2925.6467,4680.0,7240.0,-1,,,,,,,11974.0,2013,636,633,0,0,0,0,0,12.0,20.0,22.0,2013,MIS8_to_MIS4,2012-2013,False,True,True,1
907419530909104,1,2.0,1,8,2,8800,88001,1,1,33,17,16980,0,2.0,1.0,,7,3,54,1.0,2,44,1,,2,1,2,1,2,110,110,110,4,0,2,1.0,1.0,,55.0,,55.0,,,,,,2.0,3.0,0.0,1,2.0,2.0,2.0,,1576.92,1.0,,,,,11517.9566,2828.2438,0,0,0.0,,0,0,4620,2,,,,,,2.0,2839.336,7860.0,2320.0,-1,,,,,,,11882.0,2012,624,609,0,0,0,0,0,18.0,1.0,,,8.0,40.0,2012,2.0,1,4,2,9100,91001,1,17,16980,0,2.0,1.0,,7,3,29,1.0,2,33,1,,1,2,1,2,57,57,57,1,0,0,1.0,7.0,,,,,,,,,,1.0,,,2,,,,,,,,2.0,,,11218.8367,2874.0575,0,0,,,0,0,9731,2,,,,,,,2800.219,,,-1,,,,,,,11975.0,2013,636,633,0,0,0,0,0,5.5,,,2013,MIS8_to_MIS4,2012-2013,False,True,True,1
193924700016739,2,1.0,7,8,2,8800,88001,1,1,33,17,40420,0,1.0,1.0,,3,2,56,,2,44,1,,1,0,0,7,2,57,57,57,1,0,0,1.0,1.0,,37.0,6.0,30.0,,,6.0,,,4.0,2.0,0.0,1,2.0,2.0,2.0,,1575.23,1.0,,,,,11551.8193,3110.0165,0,0,0.0,,0,0,34757,1,,,,,,3.0,3082.94,9480.0,430.0,-1,,,,,,,49104.0,2012,625,610,0,0,0,0,0,18.0,1.0,,,1.0,51.0,2012,1.0,4,4,2,9100,91001,1,17,40420,0,1.0,1.0,,3,1,45,,2,41,1,,1,1,5,2,57,57,57,1,0,0,1.0,7.0,,,,,,,,,,1.0,,,2,,,,,,,,2.0,,,11373.6692,2884.9341,0,0,,,0,0,21553,1,,,3.0,,,,2850.2386,,,-1,,,,,,,49134.0,2013,637,634,0,0,0,0,0,14.0,,,2013,MIS8_to_MIS4,2012-2013,False,True,True,1
191974508014729,2,1.0,1,8,2,8800,88001,1,1,33,17,16980,0,2.0,1.0,,7,1,54,2.0,2,43,1,,1,1,1,1,2,57,57,57,1,0,0,1.0,1.0,,10.0,,12.0,,,18.0,,,7.0,3.0,0.0,1,2.0,2.0,2.0,,38.88,2.0,2.0,,,,13058.0132,3254.3557,4,1,0.0,,0,0,58528,1,,,,1.0,1.0,,3208.1159,7860.0,4965.0,50,,,,,,,49414.0,2012,625,610,0,0,0,1,0,18.0,1.0,,,16.0,40.0,2012,1.0,1,4,2,9100,91001,1,17,16980,0,2.0,1.0,,7,1,58,2.0,2,45,1,,1,1,1,2,57,57,57,1,0,0,1.0,1.0,,-4.0,5.0,16.0,,,5.0,,,4.0,4.0,0.0,1,2.0,,1.0,5000.0,800.0,2.0,2.0,,,,12098.0664,2918.3162,4,1,0.0,0.0,0,0,43636,1,,,,,,,2930.3498,7980.0,5860.0,-1,3.0,,,,,,49471.0,2013,637,634,0,0,0,1,0,18.0,17.0,42.0,2013,MIS8_to_MIS4,2012-2013,False,True,True,1
410709843274743,2,1.0,6,8,2,8800,88001,1,1,33,17,16980,0,2.0,1.0,,7,2,54,,1,40,1,,1,0,0,5,2,57,57,57,1,0,0,1.0,1.0,,40.0,,40.0,,,,,,2.0,3.0,0.0,1,1.0,1.0,1.0,4200.0,1600.0,1.0,,,,,12087.2278,3027.2736,0,0,0.0,0.0,0,0,18668,1,,,1.0,,,,2994.949,670.0,8620.0,-1,,,,,,,49518.0,2012,625,610,0,0,0,0,0,12.0,1.0,,,21.0,24.0,2012,1.0,1,4,2,9100,91001,1,17,16980,0,2.0,1.0,,7,1,69,2.0,1,39,1,,1,1,1,2,57,119,57,1,0,0,1.0,5.0,,,,,,,,,,1.0,,,2,,,,,,,,,,,11823.3345,2881.4952,0,0,,,0,0,21232,1,2.0,6.0,,,,,2908.0901,,,-1,5.0,,,,,,49592.0,2013,637,634,0,0,0,0,0,10.0,,,2013,MIS8_to_MIS4,2012-2013,False,True,True,1
935037044148350,2,1.0,7,8,2,8800,88001,1,1,33,17,16980,0,2.0,1.0,,7,2,63,,2,39,1,,1,0,0,5,2,57,57,57,1,0,0,1.0,1.0,,40.0,6.0,32.0,,,6.0,,,4.0,3.0,0.0,1,2.0,1.0,1.0,1300.0,807.69,1.0,,,,,12716.5269,3222.9858,0,0,0.0,0.0,0,0,44334,1,1.0,,,,,,3159.9053,9470.0,5220.0,-1,,,,,,,49807.0,2012,625,610,0,0,0,0,0,12.0,1.0,,,17.0,51.0,2012,1.0,7,4,2,9100,91001,1,17,16980,0,2.0,1.0,,7,2,64,,2,39,1,4.0,0,0,5,2,360,120,360,4,0,5,1.0,1.0,,40.0,,54.0,,,,,,2.0,4.0,0.0,1,2.0,,1.0,1300.0,520.0,2.0,2.0,,,,10134.6298,2660.7199,0,0,0.0,0.0,0,0,50381,1,1.0,,,,,,2530.7793,3390.0,430.0,4720,,,,,,,49898.0,2013,637,634,0,0,0,0,0,12.0,1.0,8.0,2013,MIS8_to_MIS4,2012-2013,False,True,True,1
192974702027729,2,1.0,6,8,2,8800,88001,1,1,33,17,0,0,3.0,2.0,,0,2,26,,1,43,1,,1,0,0,7,2,57,57,57,1,0,0,1.0,1.0,,30.0,,32.0,,,15.0,,,6.0,2.0,0.0,1,2.0,2.0,2.0,,225.0,2.0,2.0,,,,13836.34,3582.7102,0,0,0.0,,0,0,4983,1,,,,2.0,,,3514.3187,7860.0,2310.0,-1,,,,,,,49855.0,2012,625,610,0,0,0,0,0,16.0,1.0,,,8.0,40.0,2012,1.0,1,4,2,9100,91001,1,17,0,0,3.0,2.0,,0,1,56,2.0,1,39,1,,1,1,1,2,57,57,57,1,0,0,1.0,5.0,,,,,,,,,,1.0,,,2,,,,,,,,,,,12490.5723,3115.5329,0,0,,,0,0,4794,1,1.0,,,,,,3116.2726,,,-1,,,,,,,49959.0,2013,637,634,0,0,0,0,0,12.0,,,2013,MIS8_to_MIS4,2012-2013,False,True,True,1
192974702027729,2,1.0,6,8,2,8800,88001,1,1,33,17,0,0,3.0,2.0,,0,16,25,,2,44,1,,2,0,0,7,2,57,57,57,1,0,0,2.0,1.0,,55.0,,40.0,,,,,,2.0,2.0,0.0,1,2.0,2.0,2.0,,615.38,1.0,,,,,11953.1775,3063.4691,0,0,0.0,,0,0,4983,2,,,,,,2.0,3032.8669,7860.0,3230.0,-1,,,,,,,49856.0,2012,625,610,0,0,0,0,0,18.0,1.0,,,10.0,40.0,2012,1.0,1,4,2,9100,91001,1,17,0,0,3.0,2.0,,0,3,48,1.0,2,40,1,,1,2,1,2,57,57,57,1,0,0,2.0,1.0,,40.0,,43.0,,,,,,2.0,4.0,0.0,1,1.0,1.0,1.0,1639.0,673.07,2.0,2.0,2.0,,,11672.4593,2847.319,0,0,0.0,0.0,0,0,4794,2,,,2.0,,,,2868.3814,8090.0,3500.0,-1,,,,,,,49960.0,2013,637,634,0,0,0,0,0,13.0,10.0,42.0,2013,MIS8_to_MIS4,2012-2013,False,True,True,1
340191969700960,2,1.0,4,8,2,8800,88001,1,1,33,17,0,99,3.0,2.0,,0,1,56,,2,43,1,,1,1,1,4,2,57,57,57,1,0,0,1.0,1.0,,40.0,,42.0,,,,,,2.0,3.0,0.0,1,2.0,,1.0,1504.0,601.6,1.0,,,,,11126.1647,2995.4204,0,0,0.0,0.0,0,0,34669,1,,,,2.0,,,2969.3417,770.0,4220.0,4020,,,,,,,49882.0,2012,625,610,0,0,0,0,0,16.0,1.0,,,14.0,4.0,2012,1.0,4,4,2,9100,91001,1,17,0,99,3.0,2.0,,0,1,51,,2,42,1,,1,1,5,2,57,57,57,1,0,0,1.0,1.0,,35.0,,35.0,,,,,,2.0,3.0,0.0,1,2.0,1.0,1.0,1503.0,353.84,1.0,,1.0,1.0,2.0,11950.4048,2937.3274,0,0,0.0,0.0,0,0,43648,1,,,4.0,,,,2936.6835,7860.0,2540.0,-1,,,,,,,49986.0,2013,637,634,0,0,0,0,0,15.0,8.0,40.0,2013,MIS8_to_MIS4,2012-2013,True,False,False,1
4741470016702,2,1.0,1,8,2,8800,88001,1,1,33,17,14060,113,,1.0,,2,1,37,2.0,2,44,1,,1,1,1,1,2,57,57,57,1,0,0,1.0,1.0,,55.0,,51.0,,,,,,2.0,2.0,0.0,1,2.0,2.0,2.0,,963.46,2.0,2.0,,,,12805.984,3264.082,0,0,0.0,,0,0,51518,1,,,,,,3.0,3224.904,7860.0,2310.0,-1,,,,,,,49956.0,2012,625,610,0,0,0,0,0,18.0,1.0,,,8.0,40.0,2012,1.0,1,4,2,9100,91001,1,17,14060,113,,1.0,,2,1,45,2.0,2,43,1,4.0,1,1,1,2,316,57,316,3,0,4,1.0,1.0,,45.0,,45.0,,,,,,2.0,4.0,0.0,1,2.0,2.0,2.0,,1300.0,2.0,2.0,2.0,,,10745.015,2684.6788,3,1,0.0,,0,0,50467,1,,,,2.0,,,2640.4719,6990.0,4710.0,-1,,,,,,,50055.0,2013,637,634,0,0,1,0,0,16.0,16.0,33.0,2013,MIS8_to_MIS4,2012-2013,False,True,True,1
194974305049749,2,1.0,3,8,2,8800,88001,1,1,33,17,44100,0,,1.0,,2,1,55,,1,43,1,,1,1,1,5,2,57,57,57,1,0,0,1.0,1.0,,37.0,5.0,25.0,,,5.0,,,4.0,2.0,0.0,1,2.0,2.0,2.0,,1442.3,1.0,,,,,12632.9778,3041.0518,0,0,0.0,,0,0,18698,1,,,,2.0,,,3008.3418,9480.0,1006.0,-1,,,,,,,50003.0,2012,625,610,0,0,0,0,0,16.0,1.0,,,3.0,51.0,2012,1.0,6,4,2,9100,91001,1,17,44100,0,,1.0,,2,2,53,,1,43,1,,0,0,5,2,57,57,57,1,0,0,1.0,1.0,,30.0,3.0,26.0,,,3.0,,,3.0,2.0,0.0,1,2.0,2.0,2.0,,576.92,2.0,2.0,2.0,,,12878.994,3216.6302,0,0,0.0,,0,0,8727,1,,,,2.0,,,3211.9771,8570.0,2700.0,2760,,,,,,,50095.0,2013,637,634,0,0,0,0,0,16.0,9.0,44.0,2013,MIS8_to_MIS4,2012-2013,True,False,False,1
410709934475499,2,1.0,7,8,2,8800,88001,1,1,33,17,44100,0,,1.0,,2,2,55,,2,44,1,,1,0,0,5,2,57,57,57,1,0,0,1.0,1.0,,37.0,6.0,30.0,,,6.0,,,4.0,2.0,0.0,1,2.0,2.0,2.0,,1250.0,1.0,,,,,11551.8193,3110.0165,0,0,0.0,,0,0,51549,1,,,,,,2.0,3082.94,6770.0,2430.0,-1,,,,,,,50033.0,2012,625,610,0,0,0,0,0,18.0,1.0,,,8.0,31.0,2012,1.0,7,4,2,9100,91001,1,17,44100,0,,1.0,,2,2,72,,2,39,1,,0,0,5,2,57,57,57,1,0,0,1.0,5.0,,,,,,,,,,1.0,,,2,,,,,,,,,,,11762.369,2935.2837,0,0,,,0,0,8725,1,1.0,,,,,,2943.0247,,,-1,,,,,,,50130.0,2013,637,634,0,0,0,0,0,12.0,,,2013,MIS8_to_MIS4,2012-2013,False,True,True,1
50077224150550,3,1.0,7,8,2,8800,88001,1,1,33,17,16980,0,1.0,1.0,3.0,7,2,61,,2,39,1,,1,0,0,5,2,57,57,57,1,0,0,1.0,4.0,,,,,,,,52.0,5.0,11.0,2.0,0.0,2,,,,,,,,,,,15480.5417,3588.8137,0,0,,,0,0,50253,1,1.0,,,,,,3355.1646,9370.0,2825.0,-1,,,,,,,86818.0,2012,626,611,0,0,0,0,0,12.0,1.0,,,9.0,51.0,2012,1.0,1,4,2,9100,91001,1,17,16980,0,1.0,1.0,3.0,7,1,31,2.0,2,43,1,,1,1,1,2,57,57,57,1,0,0,1.0,1.0,,40.0,,40.0,,,,,,2.0,4.0,0.0,1,1.0,2.0,2.0,,903.84,2.0,2.0,2.0,,,11513.3014,2938.1179,2,1,0.0,,0,0,51020,1,,,,2.0,,,2921.5993,770.0,6260.0,-1,,,,,,,86830.0,2013,638,635,0,1,0,0,1,16.0,19.0,4.0,2013,MIS8_to_MIS4,2012-2013,False,True,True,1
320479093115839,3,1.0,1,8,2,8800,88001,1,1,33,17,16980,0,1.0,1.0,1.0,7,1,42,2.0,2,42,2,,1,1,1,1,2,57,57,57,1,0,0,1.0,4.0,,,,,,,,16.0,5.0,11.0,3.0,0.0,2,,,,,,,,,,,11053.8004,2699.0011,0,0,,,0,0,18093,1,,,2.0,,,,2838.1947,7860.0,2540.0,-1,,,,,,,86905.0,2012,626,611,0,0,0,0,0,13.0,2.0,,,8.0,40.0,2012,1.0,7,4,2,9100,91001,1,17,16980,0,1.0,1.0,1.0,7,2,67,,2,40,2,,0,0,7,2,57,57,57,1,0,0,1.0,5.0,,,,,,,,,,1.0,,,2,,,,,,,,,,,12987.6438,3131.9174,0,0,,,0,0,42564,1,,,2.0,,,,3148.2427,,,-1,,,,,,,86914.0,2013,638,635,0,0,0,0,0,13.0,,,2013,MIS8_to_MIS4,2012-2013,False,True,True,1
5761570993598,3,2.0,1,8,2,8800,88001,1,1,33,17,16980,111,2.0,1.0,,7,3,42,1.0,2,39,1,,2,1,2,1,2,57,57,119,1,0,0,1.0,1.0,,20.0,,16.0,,,18.0,,,7.0,3.0,0.0,1,2.0,1.0,1.0,1069.0,69.44,2.0,2.0,,,,12940.4798,3219.1006,3,2,0.0,0.0,0,0,64504,2,1.0,,,,,,3191.2553,7860.0,4600.0,-1,,,,,,,87059.0,2012,626,611,0,0,1,0,0,12.0,1.0,,,15.0,40.0,2012,1.0,1,4,2,9100,91001,1,17,16980,111,2.0,1.0,,7,3,80,1.0,2,32,1,1.0,1,2,1,2,303,303,303,4,0,2,2.0,5.0,,,,,,,,,,1.0,,,2,,,,,,,,,,,14189.377,3447.6757,0,0,,,0,0,59167,2,,,,,,,3505.1891,,,-1,,,,,,,87095.0,2013,638,635,0,0,0,0,0,2.5,,,2013,MIS8_to_MIS4,2012-2013,False,True,True,1
22871570997890,3,1.0,1,8,2,8800,88001,1,1,33,17,16980,0,2.0,1.0,,7,1,56,2.0,1,40,1,,1,1,1,1,2,57,57,57,1,0,0,1.0,1.0,,40.0,,40.0,,,,,,2.0,1.0,0.0,1,2.0,1.0,1.0,4735.0,1923.07,2.0,2.0,,,,10913.2745,2827.3945,0,0,0.0,0.0,0,0,6481,1,,,3.0,,,,2828.7183,9590.0,1220.0,-1,3.0,,,,,,87081.0,2012,626,611,0,0,0,0,0,14.0,1.0,,,3.0,51.0,2012,1.0,1,4,2,9100,91001,1,17,16980,0,2.0,1.0,,7,1,54,2.0,1,44,1,4.0,1,1,1,2,364,364,364,4,0,13,1.0,4.0,,,,,,,,119.0,2.0,11.0,2.0,0.0,2,,,,,,,,2.0,,,13565.6457,3468.6269,0,0,,,0,0,19158,1,,,,,,3.0,3402.2689,7860.0,2320.0,-1,,,,,,,87115.0,2013,638,635,0,0,0,0,0,18.0,8.0,40.0,2013,MIS8_to_MIS4,2012-2013,True,False,True,1
71152085001604,3,1.0,1,8,2,8800,88001,1,1,33,17,16980,0,2.0,1.0,,7,1,61,2.0,1,44,1,,1,1,1,1,2,57,57,57,1,0,0,1.0,1.0,,40.0,,40.0,,,,,,2.0,3.0,0.0,1,2.0,2.0,2.0,,1634.61,2.0,2.0,,,,11371.6199,2824.6219,0,0,0.0,,0,0,41729,1,,,,,,2.0,2799.547,9470.0,3820.0,-1,,,,,,,87118.0,2012,626,611,0,0,0,0,0,18.0,1.0,,,12.0,51.0,2012,1.0,1,4,2,9100,91001,1,17,16980,0,2.0,1.0,,7,1,35,2.0,1,43,1,,1,1,1,2,57,57,57,1,0,0,1.0,1.0,,40.0,,40.0,,,,,,2.0,2.0,0.0,1,2.0,2.0,2.0,,384.0,1.0,,2.0,,,10816.7832,2742.4519,8,2,1.0,,0,42,54808,1,,,,2.0,,,2741.0707,9470.0,3850.0,-1,,,,,,,87153.0,2013,638,635,0,1,1,0,1,16.0,12.0,51.0,2013,MIS8_to_MIS4,2012-2013,True,False,True,1
510709877669550,3,1.0,1,8,2,8800,88001,1,1,33,17,16980,0,2.0,1.0,,7,1,59,2.0,2,44,1,,1,1,1,1,2,57,57,57,1,0,0,1.0,1.0,,55.0,,50.0,,,,,,2.0,3.0,0.0,1,2.0,2.0,2.0,,2788.46,2.0,2.0,,,,12889.0821,3189.4844,0,0,0.0,,0,0,6385,1,,,,,,3.0,3229.359,7860.0,230.0,-1,,,,,,,87349.0,2012,626,611,0,0,0,0,0,18.0,1.0,,,1.0,40.0,2012,1.0,4,4,2,9100,91001,1,17,16980,0,2.0,1.0,,7,1,62,,2,42,1,,1,1,5,2,128,128,128,4,0,7,1.0,1.0,,40.0,,55.0,,,,,,2.0,4.0,0.0,1,2.0,2.0,2.0,,900.0,2.0,2.0,,,,12872.5459,3548.8235,0,0,1.0,,0,0,19020,1,,,3.0,,,,3459.5945,3990.0,5120.0,2600,,,,,,,87382.0,2013,638,635,0,0,0,0,0,14.0,17.0,13.0,2013,MIS8_to_MIS4,2012-2013,False,True,True,1
571388085800897,3,1.0,1,8,2,8800,88001,1,1,33,17,16980,0,2.0,1.0,,7,1,33,2.0,1,44,1,,1,1,1,1,2,57,57,57,1,0,0,1.0,1.0,,45.0,,45.0,,,,,,2.0,3.0,0.0,1,2.0,2.0,2.0,,1153.84,1.0,,,,,11276.5698,2828.1498,1,1,0.0,,0,0,64468,1,,,,,,1.0,2855.0266,7860.0,2320.0,-1,,,,,,,87378.0,2012,626,611,1,0,0,0,1,17.0,1.0,,,8.0,40.0,2012,1.0,3,4,2,9100,91001,1,17,16980,0,2.0,1.0,,7,1,56,,1,44,1,,1,1,5,2,414,414,414,4,0,12,1.0,1.0,,-4.0,,25.0,,,19.0,,,7.0,4.0,0.0,1,2.0,2.0,1.0,950.0,237.5,2.0,2.0,,,,11588.2603,2906.1759,3,2,1.0,1.0,0,42,26747,1,,,,,,3.0,2900.3882,6190.0,9140.0,-1,,,,,,,87405.0,2013,638,635,0,0,1,0,0,18.0,22.0,23.0,2013,MIS8_to_MIS4,2012-2013,False,True,True,1
571486035001408,3,1.0,1,8,2,8800,88001,1,1,33,17,16980,0,2.0,1.0,,7,1,31,2.0,1,46,1,,1,1,1,1,2,57,57,57,1,0,0,1.0,1.0,,40.0,,40.0,,,,,,2.0,1.0,0.0,1,2.0,2.0,2.0,,673.0,2.0,2.0,,,,11276.5698,2828.1498,2,1,1.0,,0,0,30877,1,,,,,,,2855.0266,7460.0,1530.0,-1,,,,,,,87382.0,2012,626,611,0,1,0,0,1,18.0,1.0,,,4.0,36.0,2012,4.0,3,4,2,9100,91001,1,17,16980,0,2.0,1.0,,7,1,59,,1,40,1,,1,1,7,2,57,57,57,1,0,0,2.0,1.0,,20.0,,20.0,,,22.0,,,7.0,4.0,0.0,1,2.0,,1.0,1150.0,230.0,2.0,2.0,,,,11588.2603,2906.1759,4,2,1.0,1.0,22,42,42559,1,,,3.0,,,,2900.3882,8180.0,3600.0,-1,,,,,2.0,1.0,87409.0,2013,638,635,0,0,0,1,0,14.0,11.0,42.0,2013,MIS8_to_MIS4,2012-2013,False,True,True,1
799570102170951,3,1.0,1,8,2,8800,88001,1,1,33,17,41180,163,2.0,1.0,,6,1,53,2.0,1,43,1,,1,1,1,1,2,57,57,57,1,0,0,1.0,1.0,,40.0,,40.0,,,,,,2.0,1.0,0.0,1,1.0,2.0,2.0,,2019.0,2.0,2.0,,,,11598.2801,2899.9437,0,0,1.0,,0,0,31065,1,,,,1.0,1.0,,2914.1583,7380.0,430.0,-1,3.0,2.0,,,,,87474.0,2012,626,611,0,0,0,0,0,18.0,1.0,,,1.0,36.0,2012,1.0,6,4,2,9100,91001,1,17,41180,163,2.0,1.0,,6,2,54,,1,40,1,,0,0,5,2,57,57,57,1,0,0,1.0,1.0,,40.0,,40.0,,,,,,2.0,6.0,0.0,2,,,,,,,,2.0,,,11920.7838,3114.2053,0,0,,,0,0,19244,1,,,3.0,,,,3113.7794,770.0,6355.0,-1,,,,,,,87503.0,2013,638,635,0,0,0,0,0,14.0,19.0,4.0,2013,MIS8_to_MIS4,2012-2013,False,True,True,1
799210359560951,3,1.0,1,8,2,8800,88001,1,1,33,17,19500,115,,1.0,,2,1,36,2.0,1,44,1,,1,1,1,1,2,57,57,57,1,0,0,1.0,1.0,,38.0,,38.0,,,,,,2.0,2.0,0.0,1,2.0,2.0,2.0,,1361.53,1.0,,,,,12634.39,3175.6121,3,1,0.0,,0,0,58942,1,,,,,,1.0,3180.2983,9470.0,1230.0,-1,2.0,,,,,,87819.0,2012,626,611,0,0,1,0,0,17.0,1.0,,,3.0,51.0,2012,1.0,6,4,2,9100,91001,1,17,19500,115,,1.0,,2,2,77,,1,39,1,,0,0,7,2,57,57,57,1,0,0,1.0,5.0,,,,,,,,,,1.0,,,2,,,,,,,,,,,12825.6349,3183.4625,0,0,,,0,0,59175,1,1.0,,,,,,3199.3837,,,-1,5.0,,,,,,87824.0,2013,638,635,0,0,0,0,0,12.0,,,2013,MIS8_to_MIS4,2012-2013,False,True,True,1
957629150959103,3,1.0,1,8,2,8800,88001,1,1,33,17,19500,115,,1.0,,2,3,49,1.0,1,44,1,,2,1,2,1,2,57,57,57,1,0,0,2.0,1.0,,40.0,,40.0,,,,,,2.0,3.0,0.0,1,2.0,1.0,1.0,1634.0,653.84,2.0,2.0,,,,13503.4365,3373.3845,0,0,0.0,0.0,0,0,18296,2,,,,,,1.0,3392.8437,6770.0,2430.0,-1,,,,,,,87864.0,2012,626,611,0,0,0,0,0,17.0,1.0,,,8.0,31.0,2012,1.0,7,4,2,9100,91001,1,17,19500,115,,1.0,,2,14,47,,1,39,1,,0,0,5,2,57,57,57,1,0,0,2.0,1.0,,40.0,,40.0,,,,,,2.0,4.0,0.0,1,2.0,,1.0,2500.0,1000.0,2.0,2.0,2.0,,,13708.2264,3399.0842,0,0,0.0,0.0,0,0,7090,2,1.0,,,,,,3374.14,2190.0,8965.0,-1,2.0,,,,,,87870.0,2013,638,635,0,0,0,0,0,12.0,21.0,19.0,2013,MIS8_to_MIS4,2012-2013,False,True,True,1
530673095416439,4,1.0,1,8,2,8800,88001,1,1,33,17,16980,0,1.0,1.0,1.0,7,1,35,2.0,1,43,1,,1,1,1,1,2,57,57,57,1,0,0,1.0,1.0,,40.0,,40.0,,,,,,2.0,3.0,0.0,1,2.0,2.0,2.0,,692.3,1.0,,,,,10735.579,2630.1641,5,3,0.0,,0,0,22240,1,,,,2.0,,,2672.7407,9470.0,3850.0,-1,,,,,,,124049.0,2012,627,612,1,1,0,0,1,16.0,1.0,,,12.0,51.0,2012,1.0,1,4,2,9100,91001,1,17,16980,0,1.0,1.0,1.0,7,1,61,2.0,1,44,1,,1,1,1,2,57,57,57,1,0,0,1.0,5.0,,,,,,,,,,1.0,,,2,,,,,,,,,,,10527.0027,2600.8211,0,0,,,0,0,52141,1,,,,,,2.0,2590.8872,,,-1,,,,,,,124090.0,2013,639,636,0,0,0,0,0,18.0,,,2013,MIS8_to_MIS4,2012-2013,False,True,True,1
34371670982774,4,1.0,1,8,2,8800,88001,1,1,33,17,16980,0,2.0,1.0,,7,1,35,2.0,2,42,1,,1,1,1,1,2,57,57,57,1,0,0,1.0,1.0,,40.0,,48.0,,,,,,2.0,3.0,0.0,1,2.0,2.0,2.0,,1153.84,2.0,2.0,,,,11424.6229,2860.3553,8,3,0.0,,0,0,51814,1,,,3.0,,,,2868.5983,9470.0,5520.0,-1,,,,,,,124243.0,2012,627,612,0,1,1,0,1,14.0,1.0,,,17.0,51.0,2012,1.0,1,4,2,9100,91001,1,17,16980,0,2.0,1.0,,7,1,80,2.0,2,40,1,,1,1,1,2,57,148,148,1,0,0,1.0,5.0,,,,,,,,,,1.0,,,2,,,,,,,,,,,12583.132,3164.6962,0,0,,,0,0,23033,1,,,2.0,,,,3196.7211,,,-1,,,,,,,124278.0,2013,639,636,0,0,0,0,0,13.0,,,2013,MIS8_to_MIS4,2012-2013,False,True,True,1
192986401075789,4,1.0,4,8,2,8800,88001,1,1,33,17,16980,0,2.0,1.0,,7,1,39,,2,41,1,,1,1,1,5,2,57,57,57,1,0,0,1.0,1.0,,40.0,,40.0,,,,,,2.0,1.0,0.0,1,2.0,1.0,1.0,2000.0,900.0,1.0,,,,,11424.6229,2860.3553,10,2,0.0,0.0,0,0,65687,1,,,3.0,,,,2868.5983,6370.0,5560.0,-1,1.0,,,,,,124333.0,2012,627,612,0,0,1,1,0,14.0,1.0,,,17.0,23.0,2012,1.0,7,4,2,9100,91001,1,17,16980,0,2.0,1.0,,7,2,39,,2,40,1,,0,0,7,2,57,57,57,1,0,0,1.0,2.0,5.0,36.0,,,,,,,,5.0,4.0,0.0,1,2.0,,1.0,1500.0,540.0,2.0,2.0,2.0,,,11261.6497,2805.2738,0,0,0.0,0.0,0,0,45313,1,,,2.0,,,,2764.6018,7980.0,3640.0,-1,,,,,,,124364.0,2013,639,636,0,0,0,0,0,13.0,11.0,42.0,2013,MIS8_to_MIS4,2012-2013,False,True,True,1
320179093116838,4,1.0,7,8,2,8800,88001,1,1,33,17,16980,0,2.0,1.0,,7,2,41,,2,43,1,,1,0,0,7,2,57,57,57,1,0,0,1.0,1.0,,40.0,,40.0,,,,,,2.0,3.0,0.0,1,2.0,2.0,2.0,,1038.0,1.0,,,,,10642.7587,2686.5119,0,0,1.0,,0,0,22225,1,,,,2.0,,,2672.2807,9470.0,3850.0,-1,2.0,,,,,,124433.0,2012,627,612,0,0,0,0,0,16.0,1.0,,,12.0,51.0,2012,1.0,7,4,2,9100,91001,1,17,16980,0,2.0,1.0,,7,2,55,,2,40,1,,0,0,5,2,57,57,57,1,0,0,1.0,1.0,,38.0,,38.0,,,,,,2.0,4.0,0.0,1,1.0,,1.0,825.0,378.0,2.0,2.0,,,,11834.9779,2849.3518,0,0,0.0,0.0,0,0,35867,1,,,1.0,,,,2826.8932,7580.0,9640.0,-1,,,,,,,124461.0,2013,639,636,0,0,0,0,0,12.0,22.0,38.0,2013,MIS8_to_MIS4,2012-2013,False,True,True,1
387047860069107,4,1.0,1,8,2,8800,88001,1,1,33,17,16980,0,2.0,1.0,,7,1,38,2.0,2,43,1,,1,1,1,1,2,57,57,57,1,0,0,1.0,3.0,,,,,1.0,,,1.0,1.0,12.0,3.0,0.0,2,,,,,,,,,,,11883.9308,2860.3553,3,1,,,0,0,44766,1,,,,2.0,,,2815.8825,7860.0,2540.0,-1,,,,,,,124455.0,2012,627,612,0,0,1,0,0,16.0,1.0,,,8.0,40.0,2012,1.0,1,4,2,9100,91001,1,17,16980,0,2.0,1.0,,7,1,37,2.0,2,39,1,,1,1,1,2,57,57,57,1,0,0,1.0,5.0,,,,,,,,,,1.0,,,2,,,,,,,,2.0,,,11278.3966,2805.2738,0,0,,,0,0,62848,1,1.0,,,,,,2908.1599,,,-1,,,,,,,124492.0,2013,639,636,0,0,0,0,0,12.0,,,2013,MIS8_to_MIS4,2012-2013,False,True,True,1
757030996100961,4,1.0,1,8,2,8800,88001,1,1,33,17,16980,0,2.0,1.0,,7,1,51,2.0,2,44,1,,1,1,1,1,2,57,57,57,1,0,0,1.0,1.0,,40.0,,40.0,,,,,,2.0,3.0,0.0,1,2.0,2.0,2.0,,1442.3,1.0,,,,,11937.0525,3013.8078,4,1,0.0,,0,0,5034,1,,,,,,2.0,3022.1534,7860.0,2010.0,-1,,,,,,,124605.0,2012,627,612,0,0,0,1,0,18.0,1.0,,,6.0,40.0,2012,2.0,7,4,2,9100,91001,1,17,16980,0,2.0,1.0,,7,2,56,,2,43,1,,0,0,5,2,57,57,57,1,0,0,2.0,1.0,,40.0,,40.0,,,,,,2.0,4.0,0.0,1,1.0,,1.0,1374.0,549.6,2.0,2.0,,,,11834.9779,2849.3518,0,0,1.0,1.0,0,0,19624,1,,,,1.0,2.0,,2826.8932,7670.0,4830.0,-1,,,,,,,124623.0,2013,639,636,0,0,0,0,0,17.0,16.0,38.0,2013,MIS8_to_MIS4,2012-2013,False,True,True,1
806608981992957,4,2.0,1,8,2,8800,88001,1,1,33,17,0,0,3.0,2.0,,0,1,53,2.0,1,40,1,,1,1,1,1,2,57,57,57,1,0,0,2.0,1.0,,40.0,,40.0,,,,,,2.0,2.0,0.0,1,2.0,2.0,2.0,,1096.0,1.0,,,,,12341.9584,3076.3261,0,0,1.0,,0,42,22332,1,,,3.0,,,,3092.8661,9470.0,3800.0,-1,3.0,,,,,,124869.0,2012,627,612,0,0,0,0,0,14.0,1.0,,,12.0,51.0,2012,1.0,1,4,2,9100,91001,1,17,0,0,3.0,2.0,,0,1,74,2.0,1,38,1,,1,1,1,2,57,57,57,1,0,0,1.0,5.0,,,,,,,,,,1.0,,,2,,,,,,,,,,,11719.7757,2840.8208,0,0,,,0,0,23129,1,,,,,,,2884.4504,,,-1,,,,,,,124891.0,2013,639,636,0,0,0,0,0,12.0,,,2013,MIS8_to_MIS4,2012-2013,False,True,True,1
806608981992957,4,2.0,1,8,2,8800,88001,1,1,33,17,0,0,3.0,2.0,,0,3,53,1.0,2,42,1,,2,1,2,1,2,57,57,57,1,0,0,1.0,2.0,5.0,40.0,,,,,,,,5.0,2.0,0.0,1,2.0,,1.0,1980.0,792.0,1.0,,,,,12041.0043,3040.053,0,0,1.0,1.0,22,42,22332,2,,,5.0,,,,3048.4713,9470.0,3535.0,-1,,,,,,,124870.0,2012,627,612,0,0,0,0,0,16.0,1.0,,,10.0,51.0,2012,1.0,1,4,2,9100,91001,1,17,0,0,3.0,2.0,,0,3,64,1.0,2,39,1,,1,2,1,2,57,57,57,1,0,0,2.0,1.0,,40.0,,40.0,,,,,,2.0,4.0,0.0,1,2.0,2.0,2.0,,1057.0,2.0,2.0,,,,12220.6416,3010.6105,0,0,1.0,,0,42,23129,2,1.0,,,,,,2973.56,6870.0,120.0,-1,,,,,,,124892.0,2013,639,636,0,0,0,0,0,12.0,1.0,32.0,2013,MIS8_to_MIS4,2012-2013,False,True,True,1
863197919700913,4,1.0,1,8,2,8800,88001,1,1,33,17,0,0,3.0,2.0,,0,1,73,2.0,2,39,1,,1,1,1,1,2,57,57,57,1,0,0,1.0,1.0,,38.0,,38.0,,,,,,2.0,3.0,0.0,1,2.0,1.0,1.0,1100.0,320.0,1.0,,,,,12692.3313,3066.4823,0,0,1.0,1.0,0,0,22288,1,1.0,,,,,,3060.1016,7860.0,5700.0,-1,,,,,,,124880.0,2012,627,612,0,0,0,0,0,12.0,1.0,,,17.0,40.0,2012,1.0,1,4,2,9100,91001,1,17,0,0,3.0,2.0,,0,1,38,2.0,2,39,1,,1,1,1,2,57,57,57,1,0,0,1.0,3.0,,,,,1.0,,,1.0,1.0,11.0,4.0,0.0,2,,,,,,,,2.0,,,12676.0215,2824.4007,0,0,,,0,0,55364,1,2.0,7.0,,,,,2767.9181,1080.0,7855.0,-1,,,,,,,124899.0,2013,639,636,0,0,0,0,0,11.0,21.0,14.0,2013,MIS8_to_MIS4,2012-2013,False,True,True,1
193917609033771,5,2.0,1,8,2,8800,88001,1,1,33,17,16980,0,1.0,1.0,1.0,7,1,48,2.0,1,39,1,,1,1,1,1,2,57,57,57,1,0,0,2.0,1.0,,40.0,,44.0,,,,,,2.0,3.0,0.0,1,2.0,2.0,2.0,,1250.0,2.0,2.0,,,,12393.6497,3092.4425,0,0,0.0,,0,0,50848,1,1.0,,,,,,3106.9519,9470.0,,5240,,,,,,,161284.0,2012,628,613,0,0,0,0,0,12.0,,1.0,3850.0,12.0,51.0,2012,1.0,1,4,2,9100,91001,1,17,16980,0,1.0,1.0,1.0,7,1,51,2.0,1,41,1,,1,1,1,2,57,57,57,1,0,0,1.0,1.0,,40.0,,60.0,,,,,,2.0,6.0,0.0,2,,,,,,,,2.0,,,13141.8124,3203.9517,0,0,,,0,0,23442,1,,,4.0,,,,3153.2938,770.0,6230.0,-1,,,,,,,161613.0,2013,640,637,0,0,0,0,0,15.0,19.0,4.0,2013,MIS8_to_MIS4,2012-2013,False,True,True,1
350777098817889,5,1.0,1,8,2,8800,88001,1,1,33,17,16980,0,1.0,1.0,1.0,7,3,72,1.0,1,42,1,,2,1,2,1,2,57,57,57,1,0,0,2.0,1.0,,20.0,,20.0,,,21.0,,,7.0,3.0,0.0,1,1.0,,1.0,900.0,380.0,2.0,2.0,,,,11434.8872,3049.5086,0,0,1.0,1.0,0,42,18384,2,,,1.0,,,,2939.8567,7860.0,,-1,5.0,,,,,,161363.0,2012,628,613,0,0,0,0,0,12.0,,1.0,3930.0,12.0,40.0,2012,1.0,1,4,2,9100,91001,1,17,16980,0,1.0,1.0,1.0,7,3,38,1.0,1,43,1,,1,2,1,2,57,57,57,1,0,0,2.0,1.0,,60.0,,60.0,,,,,,2.0,4.0,0.0,1,1.0,2.0,2.0,,1730.76,2.0,2.0,2.0,,,10989.5768,2788.5024,8,2,0.0,,0,0,35425,2,,,,2.0,,,2755.1948,770.0,220.0,-1,,,,,,,161689.0,2013,640,637,0,1,1,0,1,16.0,1.0,4.0,2013,MIS8_to_MIS4,2012-2013,False,True,True,1
573195338700344,5,2.0,1,8,2,8800,88001,1,1,33,17,16980,0,2.0,1.0,,7,3,59,1.0,2,44,1,,2,1,2,1,2,57,57,57,1,0,0,1.0,1.0,,40.0,4.0,16.0,,,4.0,,,4.0,3.0,0.0,1,2.0,2.0,2.0,,800.0,2.0,2.0,,,,11594.8309,2726.5417,0,0,1.0,,0,0,42913,2,,,,,,2.0,2744.7148,8570.0,,-1,,,,,,,161895.0,2012,628,613,0,0,0,0,0,18.0,,1.0,4620.0,15.0,44.0,2012,1.0,3,4,2,9100,91001,1,17,16980,0,2.0,1.0,,7,6,78,,2,39,1,,1,4,4,2,57,57,57,1,0,0,2.0,5.0,,,,,,,,,,1.0,,,2,,,,,,,,,,,11174.7368,2735.9457,0,0,,,0,0,23436,2,2.0,7.0,,,,,2799.5815,,,-1,,,,,,,162247.0,2013,640,637,0,0,0,0,0,11.0,,,2013,MIS8_to_MIS4,2012-2013,False,True,True,1
710709906593381,5,2.0,1,8,2,8800,88001,1,1,33,17,16980,0,2.0,1.0,,7,3,69,1.0,2,44,1,,2,1,2,1,2,57,57,57,1,0,0,1.0,1.0,,5.0,,5.0,,,21.0,,,7.0,3.0,0.0,1,2.0,,1.0,6100.0,244.0,2.0,2.0,,,,10076.6717,2602.712,0,0,0.0,0.0,0,0,3012,2,,,,,,2.0,2516.4703,7860.0,,3230,,,,,,,161943.0,2012,628,613,0,0,0,0,0,18.0,,1.0,2550.0,8.0,40.0,2012,1.0,1,4,2,9100,91001,1,17,16980,0,2.0,1.0,,7,3,44,1.0,2,40,1,,1,2,1,2,57,57,147,1,0,0,2.0,1.0,,37.0,,37.0,,,,,,2.0,3.0,0.0,1,2.0,1.0,1.0,2435.0,769.23,2.0,2.0,2.0,,,11088.2265,2766.3358,3,1,0.0,1.0,0,0,35496,2,,,3.0,,,,2705.0215,6770.0,5810.0,-1,,,,,,,162307.0,2013,640,637,0,0,1,0,0,14.0,17.0,31.0,2013,MIS8_to_MIS4,2012-2013,True,False,False,1
936087943179070,5,2.0,1,8,2,8800,88001,1,1,33,17,16980,111,2.0,1.0,,7,1,47,2.0,1,39,1,,1,1,1,1,2,57,57,57,1,0,0,2.0,1.0,,40.0,,40.0,,,,,,2.0,3.0,0.0,1,2.0,,1.0,2300.0,920.0,1.0,,,,,11851.9796,2957.2859,4,2,0.0,0.0,0,0,18552,1,1.0,,,,,,2971.1611,6290.0,,-1,,,,,,,162064.0,2012,628,613,0,0,0,1,0,12.0,,1.0,6730.0,19.0,23.0,2012,1.0,1,4,2,9100,91001,1,17,16980,111,2.0,1.0,,7,1,56,2.0,1,39,1,,1,1,1,2,57,57,57,1,0,0,1.0,1.0,,40.0,,40.0,,,,,,2.0,4.0,0.0,1,2.0,1.0,1.0,2500.0,800.0,2.0,2.0,,,,11511.2897,2964.9966,0,0,0.0,0.0,0,0,35534,1,1.0,,,,,,2938.3075,2270.0,7330.0,-1,,,,,,,162432.0,2013,640,637,0,0,0,0,0,12.0,20.0,19.0,2013,MIS8_to_MIS4,2012-2013,False,True,True,1
197968705089709,6,2.0,1,8,2,8800,88001,1,1,33,17,16980,0,1.0,1.0,3.0,7,1,56,2.0,2,39,1,1.0,1,1,1,1,2,303,303,303,5,21,13,2.0,2.0,4.0,40.0,,,,,,,,5.0,3.0,0.0,1,2.0,,1.0,1600.0,640.0,1.0,,,,,12163.6168,3092.8426,0,0,1.0,1.0,0,42,34382,1,1.0,,,,,,3034.4938,7860.0,,-1,,,,,,,199223.0,2012,629,614,0,0,0,0,0,12.0,,1.0,4020.0,13.0,40.0,2012,1.0,7,4,2,9100,91001,1,17,16980,0,1.0,1.0,3.0,7,2,61,,2,40,1,,0,0,5,2,166,166,166,4,0,17,1.0,1.0,,20.0,,20.0,,,22.0,,,7.0,7.0,0.0,2,,,,,,,,,,,12206.4654,2958.2305,0,0,,,0,0,18466,1,,,3.0,,,,2877.5423,8370.0,4610.0,-1,,,,,,,199634.0,2013,641,638,0,0,0,0,0,14.0,15.0,43.0,2013,MIS8_to_MIS4,2012-2013,False,True,True,1
350577098818889,6,2.0,1,8,2,8800,88001,1,1,33,17,16980,0,1.0,1.0,1.0,7,1,44,2.0,2,43,1,,1,1,1,1,2,57,57,57,1,0,0,2.0,1.0,,40.0,,40.0,,,,,,2.0,3.0,0.0,1,2.0,2.0,2.0,,2884.61,1.0,,,,,10017.0303,2627.239,10,2,1.0,,0,0,20434,1,,,,2.0,,,2599.3563,7860.0,,-1,,,,,,,199262.0,2012,629,614,0,0,1,1,0,16.0,,1.0,2330.0,8.0,40.0,2012,1.0,7,4,2,9100,91001,1,17,16980,0,1.0,1.0,,7,2,55,,2,44,1,,0,0,7,2,57,57,57,1,0,0,1.0,1.0,,38.0,,38.0,,,,,,2.0,2.0,0.0,1,2.0,2.0,2.0,,923.07,1.0,,,,,11482.0141,3070.4913,0,0,0.0,,0,0,54184,1,,,,,,2.0,3043.9001,9470.0,3800.0,-1,3.0,,,,,,199678.0,2013,641,638,0,0,0,0,0,18.0,12.0,51.0,2013,MIS8_to_MIS4,2012-2013,True,False,True,1
971173068909393,6,1.0,6,8,2,8800,88001,1,1,33,17,16980,0,1.0,1.0,1.0,7,2,51,,1,44,1,,1,0,0,7,2,57,57,57,1,0,0,1.0,1.0,,7.0,,7.0,,,14.0,,,6.0,3.0,0.0,1,2.0,,1.0,9900.0,693.0,2.0,2.0,,,,13279.0873,3283.2714,0,0,1.0,1.0,0,42,7323,1,,,,,,3.0,3242.2298,7870.0,,-1,,,,,,,199449.0,2012,629,614,0,0,0,0,0,18.0,,1.0,2200.0,8.0,40.0,2012,1.0,1,4,2,9100,91001,1,17,16980,0,1.0,1.0,1.0,7,1,65,2.0,1,40,1,,1,1,1,2,57,57,57,1,0,0,1.0,5.0,,,,,,,,,,1.0,,,2,,,,,,,,,,,12225.1353,3052.0001,0,0,,,0,0,42633,1,,,4.0,,,,3112.1397,,,-1,,,,,,,199833.0,2013,641,638,0,0,0,0,0,15.0,,,2013,MIS8_to_MIS4,2012-2013,False,True,True,1
170871096518559,6,1.0,1,8,2,8800,88001,1,1,33,17,16980,0,2.0,1.0,,7,1,47,2.0,1,40,1,,1,1,1,1,2,57,57,57,1,0,0,1.0,6.0,,,,,,,,,,1.0,3.0,0.0,2,,,,,,,,,,,11723.1183,3176.3976,0,0,,,0,0,20564,1,,,2.0,,,,3154.5533,9470.0,,-1,,,,,,,199562.0,2012,629,614,0,0,0,0,0,13.0,,1.0,3740.0,12.0,51.0,2012,3.0,1,4,2,9100,91001,1,17,16980,0,2.0,1.0,,7,1,42,3.0,1,43,1,,1,1,1,2,57,57,57,1,0,0,2.0,1.0,,70.0,,70.0,,,,,,2.0,3.0,0.0,1,2.0,2.0,2.0,,1153.84,2.0,2.0,2.0,,,12992.1498,3278.4555,3,3,0.0,,0,0,42694,1,,,,2.0,,,3252.3102,9370.0,60.0,-1,,,,,,,199922.0,2013,641,638,0,0,1,0,0,16.0,1.0,51.0,2013,MIS8_to_MIS4,2012-2013,True,False,False,1
208901251992337,6,1.0,6,8,2,8800,88001,1,1,33,17,16980,0,2.0,1.0,,7,2,53,,1,44,1,,1,0,0,7,2,57,57,57,1,0,0,1.0,2.0,4.0,40.0,,,,,,,,5.0,3.0,0.0,1,2.0,2.0,2.0,,957.69,1.0,,,,,12619.8816,3120.2819,0,0,0.0,,0,0,7366,1,,,,,,3.0,3081.2778,7860.0,,-1,,,,,,,199639.0,2012,629,614,0,0,0,0,0,18.0,,1.0,2310.0,8.0,40.0,2012,1.0,6,4,2,9100,91001,1,17,16980,0,1.0,1.0,2.0,7,2,27,,1,43,1,,0,0,7,2,57,57,57,1,0,0,1.0,1.0,,45.0,,45.0,,,,,,2.0,4.0,0.0,1,2.0,2.0,2.0,,769.23,2.0,2.0,2.0,,,13815.192,3573.676,0,0,0.0,,0,0,6250,1,,,,2.0,,,3500.6738,5070.0,4700.0,-1,,,,,,,199649.0,2013,641,638,0,0,0,0,0,16.0,16.0,22.0,2013,MIS8_to_MIS4,2012-2013,False,True,True,1
486190479700736,6,1.0,1,8,2,8800,88001,1,1,33,17,41180,119,2.0,1.0,,6,3,55,1.0,1,43,1,,2,1,2,1,2,57,57,57,1,0,0,2.0,1.0,,40.0,,40.0,,,,,,2.0,3.0,0.0,1,2.0,2.0,2.0,,1346.0,1.0,,,,,11694.2898,2927.0387,0,0,1.0,,0,0,52325,2,,,,2.0,,,2908.9166,9370.0,,-1,,,,,,,199743.0,2012,629,614,0,0,0,0,0,16.0,,1.0,1006.0,3.0,51.0,2012,1.0,1,4,2,9100,91001,1,17,41180,119,2.0,1.0,,6,3,40,1.0,1,40,1,,1,2,1,2,57,57,57,1,0,0,2.0,1.0,,40.0,,40.0,,,,,,2.0,7.0,0.0,2,,,,,,,,2.0,,,13305.837,3249.5435,3,2,,,0,0,40610,2,,,3.0,,,,3223.6287,770.0,6230.0,-1,,,,,,,200088.0,2013,641,638,0,0,1,0,0,14.0,19.0,4.0,2013,MIS8_to_MIS4,2012-2013,False,True,True,1
530173095418438,6,1.0,1,8,2,8800,88001,1,1,33,17,16980,0,2.0,1.0,,7,1,26,2.0,1,40,1,,1,1,1,1,2,57,57,57,1,0,0,1.0,1.0,,40.0,,40.0,,,,,,2.0,3.0,0.0,1,2.0,2.0,2.0,,1442.3,1.0,,,,,13630.3438,3432.1576,0,0,0.0,,0,0,20422,1,,,3.0,,,,3391.1651,9470.0,,-1,,,,,,,199751.0,2012,629,614,0,0,0,0,0,14.0,,1.0,3740.0,12.0,51.0,2012,2.0,1,4,2,9100,91001,1,17,16980,0,2.0,1.0,,7,1,59,2.0,1,41,1,,1,1,1,2,57,57,57,1,0,0,2.0,1.0,,40.0,,40.0,,,,,,2.0,4.0,0.0,1,2.0,2.0,2.0,,1192.3,2.0,2.0,,,,12741.6076,3191.7002,0,0,0.0,,0,0,18211,1,,,3.0,,,,3161.6947,3380.0,4850.0,-1,,,,,,,200100.0,2013,641,638,0,0,0,0,0,14.0,16.0,8.0,2013,MIS8_to_MIS4,2012-2013,False,True,True,1
320279093111838,7,2.0,1,8,2,8900,89001,1,1,33,17,16980,0,1.0,1.0,,7,1,44,2.0,1,40,1,,1,1,1,1,2,57,57,57,1,0,0,1.0,1.0,,20.0,,20.0,,,23.0,,,7.0,3.0,0.0,1,2.0,,1.0,2147.0,429.4,1.0,,,,,12847.4916,3249.4005,3,3,0.0,0.0,0,0,32456,1,,,3.0,,,,3201.7059,9470.0,,-1,,,,,,,237258.0,2012,630,615,0,0,1,0,0,14.0,,1.0,3850.0,12.0,51.0,2012,1.0,1,4,2,9200,92001,1,17,16980,0,1.0,1.0,,7,1,36,2.0,1,40,1,,1,1,1,2,57,414,57,1,0,0,1.0,2.0,5.0,40.0,,,,,,,,5.0,4.0,0.0,1,2.0,2.0,2.0,,596.15,2.0,2.0,2.0,,,11510.0384,2958.7859,2,1,0.0,,0,0,20088,1,,,3.0,,,,2914.3285,8660.0,3730.0,-1,,,,,,,237391.0,2013,642,639,0,1,0,0,1,14.0,12.0,45.0,2013,MIS8_to_MIS4,2012-2013,False,True,True,1
971665071905097,7,1.0,6,8,2,8900,89001,1,1,33,17,16980,0,1.0,1.0,,7,2,52,,1,44,1,,1,0,0,7,2,57,57,57,1,0,0,1.0,2.0,4.0,40.0,,,,,,,,5.0,3.0,0.0,1,2.0,2.0,2.0,,1538.46,1.0,,,,,14042.3348,3625.0354,0,0,0.0,,0,0,57861,1,,,,,,3.0,3575.9712,7860.0,,-1,,,,,,,237427.0,2012,630,615,0,0,0,0,0,18.0,,1.0,2310.0,8.0,40.0,2012,1.0,1,4,2,9200,92001,1,17,16980,0,1.0,1.0,,7,1,46,2.0,1,43,1,,1,1,1,2,57,57,57,1,0,0,1.0,1.0,,30.0,,50.0,,,23.0,,,9.0,6.0,0.0,2,,,,,,,,2.0,,,13732.4733,3532.6501,3,1,,,0,0,7379,1,,,,2.0,,,3457.2578,7370.0,1320.0,-1,,,,,,,237540.0,2013,642,639,0,0,1,0,0,16.0,4.0,36.0,2013,MIS8_to_MIS4,2012-2013,False,True,True,1
110709967480582,7,2.0,1,8,2,8900,89001,1,1,33,17,16980,0,2.0,1.0,,7,1,69,2.0,1,46,1,,1,1,1,1,2,57,57,57,1,0,0,2.0,1.0,,40.0,,40.0,,,,,,2.0,1.0,0.0,1,2.0,2.0,2.0,,2884.61,2.0,2.0,,,,13590.9768,3387.5844,0,0,0.0,,0,0,19653,1,,,,,,,3283.9353,7460.0,,-1,,,,,,,237563.0,2012,630,615,0,0,0,0,0,18.0,,1.0,1700.0,5.0,36.0,2012,2.0,1,4,2,9200,92001,1,17,16980,0,2.0,1.0,,7,1,46,2.0,1,44,1,,1,1,1,2,57,57,57,1,0,0,2.0,2.0,4.0,50.0,,,,,,,,5.0,4.0,0.0,1,2.0,2.0,2.0,,2115.0,2.0,2.0,2.0,,,13343.3612,3405.4638,3,1,1.0,,0,42,54064,1,,,,,,3.0,3332.7858,4470.0,4710.0,-1,,,,,,,237662.0,2013,642,639,0,0,1,0,0,18.0,16.0,21.0,2013,MIS8_to_MIS4,2012-2013,False,True,True,1
413197438700072,7,2.0,1,8,2,8900,89001,1,1,33,17,16980,0,2.0,1.0,,7,1,46,2.0,1,43,1,2.0,1,1,1,1,2,73,73,73,2,0,8,2.0,1.0,,40.0,,40.0,,,,,,2.0,2.0,0.0,1,2.0,,1.0,2800.0,1120.0,1.0,,,,,14927.3327,3879.4309,0,0,1.0,1.0,0,42,19417,1,,,,2.0,,,3801.3417,670.0,,-1,3.0,,,,,,237668.0,2012,630,615,0,0,0,0,0,16.0,,1.0,7340.0,20.0,24.0,2012,2.0,1,4,2,9200,92001,1,17,16980,0,2.0,1.0,,7,1,53,2.0,1,33,1,1.0,1,1,1,2,303,303,303,5,0,15,2.0,1.0,,20.0,,35.0,,,,,,2.0,4.0,0.0,1,1.0,,1.0,725.0,166.75,2.0,2.0,2.0,,,13513.1726,3388.617,3,2,0.0,0.0,0,0,16748,1,,,,,,,3375.1998,8680.0,4130.0,4130,,,,,,,237764.0,2013,642,639,0,0,1,0,0,5.5,13.0,46.0,2013,MIS8_to_MIS4,2012-2013,False,True,True,1
730978098511629,7,2.0,1,8,2,8900,89001,1,1,33,17,37900,0,2.0,1.0,,3,3,61,1.0,2,39,1,,2,1,2,1,2,57,57,57,1,0,0,2.0,1.0,,40.0,,40.0,,,,,,2.0,2.0,0.0,1,1.0,,1.0,1200.0,780.0,2.0,2.0,,,,13657.8296,3537.3544,0,0,1.0,1.0,0,42,19776,2,1.0,,,,,,3484.8345,7860.0,,-1,,,,,,,237790.0,2012,630,615,0,0,0,0,0,12.0,,1.0,4610.0,15.0,40.0,2012,1.0,1,4,2,9200,92001,1,17,37900,0,2.0,1.0,,3,3,53,1.0,2,40,1,,1,2,1,2,57,57,57,1,0,0,2.0,1.0,,40.0,,40.0,,,,,,2.0,4.0,0.0,1,2.0,2.0,2.0,,600.0,2.0,2.0,2.0,,,14076.4848,3554.9996,0,0,1.0,,0,42,50536,2,,,3.0,,,,3468.1284,4880.0,5120.0,-1,,,,,,,237880.0,2013,642,639,0,0,0,0,0,14.0,17.0,22.0,2013,MIS8_to_MIS4,2012-2013,False,True,True,1
120971093411189,7,1.0,6,8,2,8900,89001,1,1,33,17,16580,0,,1.0,,2,2,51,,1,44,1,,1,0,0,7,2,57,57,57,1,0,0,1.0,1.0,,25.0,,45.0,,,,,,2.0,2.0,0.0,1,2.0,2.0,2.0,,346.15,2.0,2.0,,,,13677.8925,3530.9544,0,0,0.0,,0,0,16194,1,,,,,,2.0,3483.1636,7870.0,,2750,,,,,,,238116.0,2012,630,615,0,0,0,0,0,18.0,,1.0,2800.0,9.0,40.0,2012,1.0,6,4,2,9200,92001,1,17,16580,0,,1.0,,2,2,29,,1,46,1,,0,0,7,2,138,138,138,5,0,19,1.0,1.0,,55.0,,55.0,,,,,,2.0,2.0,0.0,1,2.0,2.0,2.0,,1923.07,2.0,2.0,2.0,,,14388.0036,3675.1854,0,0,0.0,,0,0,7360,1,,,,,,,3577.1504,7870.0,2200.0,-1,,,,,,,238211.0,2013,642,639,0,0,0,0,0,18.0,8.0,40.0,2013,MIS8_to_MIS4,2012-2013,True,False,False,1
196931406096748,7,2.0,1,8,2,8900,89001,1,1,33,17,44100,0,,1.0,,2,3,72,1.0,2,40,1,,2,1,2,1,2,57,57,57,1,0,0,1.0,1.0,,38.0,,38.0,,,,,,2.0,2.0,0.0,1,2.0,,1.0,1985.0,754.3,2.0,2.0,,,,13166.5661,3221.7606,0,0,0.0,0.0,0,0,7176,2,,,3.0,,,,3099.372,9570.0,,-1,,,,,,,238122.0,2012,630,615,0,0,0,0,0,14.0,,1.0,4830.0,16.0,51.0,2012,2.0,1,4,2,9200,92001,1,17,44100,0,,1.0,,2,3,80,1.0,2,39,1,,1,2,1,2,57,57,57,1,0,0,1.0,5.0,,,,,,,,,,1.0,,,2,,,,,,,,,,,14964.8988,3594.779,0,0,,,0,0,20427,2,1.0,,,,,,3720.5228,,,-1,,,,,,,238215.0,2013,642,639,0,0,0,0,0,12.0,,,2013,MIS8_to_MIS4,2012-2013,False,True,True,1
401004641104677,7,1.0,1,8,2,8900,89001,1,1,33,17,16580,0,,1.0,,2,3,31,1.0,2,44,1,,2,1,2,1,2,249,249,249,5,0,18,2.0,7.0,,,,,,,,,,1.0,3.0,0.0,2,,,,,,,,,,,12808.3955,3101.3229,3,2,,,0,0,62468,2,,,,,,2.0,3198.7985,7870.0,,-1,,,,,,,238128.0,2012,630,615,0,0,1,0,0,18.0,,1.0,2200.0,8.0,40.0,2012,1.0,6,4,2,9200,92001,1,17,16580,0,,1.0,,2,14,22,,2,43,1,,0,0,7,2,57,57,57,1,0,0,2.0,1.0,,40.0,,40.0,,,,,,2.0,2.0,0.0,1,2.0,2.0,2.0,,392.3,2.0,2.0,1.0,1.0,2.0,13538.3102,3406.1336,0,0,0.0,,0,0,43057,2,,,,1.0,1.0,,3381.7986,7870.0,2200.0,-1,,,,,,,238224.0,2013,642,639,0,0,0,0,0,18.0,8.0,40.0,2013,MIS8_to_MIS4,2012-2013,True,False,True,1
977629010749104,7,1.0,7,8,2,8900,89001,1,1,33,17,14060,113,,1.0,,2,2,55,,2,40,1,,1,0,0,4,2,57,57,57,1,0,0,1.0,1.0,,38.0,4.0,31.0,,,4.0,,,4.0,3.0,0.0,1,2.0,,1.0,2142.0,813.96,2.0,2.0,,,,12460.0611,3217.6694,0,0,0.0,0.0,0,0,19733,1,,,3.0,,,,3157.7075,770.0,,-1,,,,,,,238205.0,2012,630,615,0,0,0,0,0,14.0,,1.0,800.0,2.0,4.0,2012,1.0,1,4,2,9200,92001,1,17,14060,113,,1.0,,2,1,41,2.0,2,43,1,,1,1,1,2,57,57,57,1,0,0,1.0,1.0,,40.0,4.0,1.0,,,4.0,,,4.0,4.0,0.0,1,2.0,2.0,2.0,,2250.0,2.0,2.0,2.0,,,11984.0658,3053.2797,4,1,0.0,,0,0,43210,1,,,,2.0,,,2969.5982,6990.0,710.0,-1,,,,,,,238295.0,2013,642,639,0,0,0,1,0,16.0,2.0,33.0,2013,MIS8_to_MIS4,2012-2013,False,True,True,1
202901611991237,8,1.0,6,8,2,8900,89001,1,1,33,17,37900,0,1.0,1.0,,3,2,46,,1,39,1,,1,0,0,7,2,57,57,57,1,0,0,1.0,1.0,,40.0,,40.0,,,,,,2.0,1.0,0.0,1,2.0,1.0,1.0,3600.0,961.53,1.0,,,,,11213.5504,2770.5616,0,0,0.0,0.0,0,0,55876,1,1.0,,,,,,2769.1321,7290.0,,-1,2.0,3.0,,,,,274583.0,2012,631,616,0,0,0,0,0,12.0,,1.0,9420.0,22.0,36.0,2012,1.0,6,4,2,9200,92001,1,17,37900,0,1.0,1.0,,3,2,33,,1,39,1,,0,0,5,2,57,57,57,1,0,0,1.0,1.0,,40.0,,43.0,,,,,,2.0,4.0,0.0,1,2.0,,1.0,1750.0,700.0,2.0,2.0,2.0,,,11766.3318,2942.6607,0,0,0.0,0.0,0,0,22371,1,1.0,,,,,,2939.0054,8190.0,8760.0,-1,,,,,,,274785.0,2013,643,640,0,0,0,0,0,12.0,21.0,41.0,2013,MIS8_to_MIS4,2012-2013,False,True,True,1
194912805060789,8,1.0,4,8,2,8900,89001,1,1,33,17,16980,0,2.0,1.0,,7,4,24,,2,43,1,,2,1,3,7,2,57,57,57,1,0,0,2.0,4.0,,,,,,,,4.0,3.0,11.0,2.0,0.0,2,,,,,,,,2.0,,,9723.6531,2867.5093,0,0,,,0,0,22678,2,,,,2.0,,,2889.2339,8570.0,,-1,,,,,1.0,,274990.0,2012,631,616,0,0,0,0,0,16.0,,1.0,1610.0,5.0,44.0,2012,2.0,6,4,2,9200,92001,1,17,16980,0,2.0,1.0,,7,14,55,,2,43,1,,0,0,5,2,57,57,57,1,0,0,1.0,1.0,,40.0,,40.0,,,,,,2.0,6.0,0.0,2,,,,,,,,,,,11967.3427,3006.7468,0,0,,,0,0,49258,2,,,,1.0,1.0,,2953.0496,7390.0,430.0,-1,,,,,,,275205.0,2013,643,640,0,0,0,0,0,18.0,1.0,36.0,2013,MIS8_to_MIS4,2012-2013,False,True,True,1
867089020129101,8,2.0,1,8,2,8900,89001,1,1,33,17,16980,0,2.0,1.0,,7,3,33,1.0,1,44,1,,2,1,2,1,2,57,57,57,1,0,0,1.0,1.0,,40.0,,48.0,,,,,,2.0,3.0,0.0,1,2.0,,1.0,1573.0,629.2,1.0,,,,,10765.6013,2670.9473,1,1,1.0,1.0,0,42,22646,2,,,,,,2.0,2685.2143,9470.0,,-1,,,,,,,275280.0,2012,631,616,1,0,0,0,1,18.0,,1.0,3740.0,12.0,51.0,2012,1.0,1,4,2,9200,92001,1,17,16980,0,2.0,1.0,,7,3,47,1.0,1,43,1,,1,2,1,2,57,57,57,1,0,0,2.0,1.0,,50.0,,50.0,,,,,,2.0,6.0,0.0,2,,,,,,,,2.0,,,11293.4736,2700.9342,4,1,,,0,0,34845,2,,,,1.0,2.0,,2688.1446,3380.0,10.0,-1,,,,,,,275487.0,2013,643,640,0,0,0,1,0,17.0,1.0,8.0,2013,MIS8_to_MIS4,2012-2013,False,True,True,1
193972504039799,8,1.0,6,8,2,8900,89001,1,1,33,17,19500,115,,1.0,,2,2,54,,1,39,1,,1,0,0,5,2,57,57,57,1,0,0,1.0,1.0,,40.0,,40.0,,,,,,2.0,2.0,0.0,1,2.0,,1.0,1600.0,640.0,2.0,2.0,,,,11577.2105,2845.3431,0,0,1.0,1.0,0,42,52588,1,2.0,6.0,,,,,2858.9362,770.0,,-1,,,,,,,275514.0,2012,631,616,0,0,0,0,0,10.0,,1.0,6730.0,19.0,4.0,2012,1.0,6,4,2,9200,92001,1,17,19500,115,,1.0,,2,2,62,,1,39,1,,0,0,5,2,57,57,57,1,0,0,1.0,5.0,,,,,,,,,,1.0,,,2,,,,,,,,,,,11999.4511,2917.9582,0,0,,,0,0,18566,1,1.0,,,,,,3032.3912,,,-1,4.0,,,,,,275740.0,2013,643,640,0,0,0,0,0,12.0,,,2013,MIS8_to_MIS4,2012-2013,False,True,True,1
210709979864095,8,1.0,7,8,2,8900,89001,1,1,33,17,44100,0,,1.0,,2,2,55,,2,45,1,,1,0,0,7,2,57,57,57,1,0,0,1.0,1.0,,38.0,,38.0,,,,,,2.0,2.0,0.0,1,2.0,2.0,2.0,,1884.61,1.0,,,,,11855.9652,2946.3434,0,0,0.0,,0,0,4871,1,,,,,,,2926.2673,9480.0,,-1,,,,,,,275535.0,2012,631,616,0,0,0,0,0,18.0,,1.0,430.0,1.0,51.0,2012,1.0,1,4,2,9200,92001,1,17,44100,0,,1.0,,2,1,33,2.0,2,44,1,,1,1,1,2,57,57,57,1,0,0,1.0,7.0,,,,,,,,,,1.0,,,2,,,,,,,,2.0,,,11428.2002,2665.9389,1,2,,,0,0,18577,1,,,,,,2.0,2786.4416,,,-1,,,,,,,275763.0,2013,643,640,1,0,0,0,1,18.0,,,2013,MIS8_to_MIS4,2012-2013,False,True,True,1
502907171996967,8,2.0,1,8,2,8900,89001,1,1,33,17,16580,0,,1.0,,2,1,53,2.0,1,39,1,,1,1,1,1,2,57,57,57,1,0,0,2.0,1.0,,50.0,,48.0,,,,,,2.0,2.0,0.0,1,1.0,,1.0,2500.0,1300.0,1.0,,,,,11577.2105,2845.3431,0,0,0.0,0.0,0,0,22383,1,2.0,7.0,,,,,2858.9362,7870.0,,-1,,,,,,,275560.0,2012,631,616,0,0,0,0,0,11.0,,1.0,6420.0,19.0,40.0,2012,1.0,6,4,2,9200,92001,1,17,16580,0,,1.0,,2,2,25,,1,40,1,,0,0,7,2,57,57,57,1,0,0,1.0,1.0,,40.0,,40.0,,,,,,2.0,4.0,0.0,1,2.0,,1.0,990.0,396.0,2.0,2.0,2.0,,,12436.0178,3153.0411,0,0,0.0,0.0,0,0,58612,1,,,2.0,,,,3106.2802,4970.0,5700.0,-1,,,,,,,275793.0,2013,643,640,0,0,0,0,0,13.0,17.0,22.0,2013,MIS8_to_MIS4,2012-2013,False,True,True,1
502907171996967,8,2.0,1,8,2,8900,89001,1,1,33,17,16580,0,,1.0,,2,3,51,1.0,2,43,1,,2,1,2,1,2,57,57,57,1,0,0,1.0,1.0,,50.0,,40.0,,,,,,2.0,3.0,0.0,1,2.0,2.0,2.0,,769.23,1.0,,,,,10861.6795,2718.8943,0,0,0.0,,0,0,22383,2,,,,2.0,,,2716.3156,7860.0,,-1,,,,,,,275561.0,2012,631,616,0,0,0,0,0,16.0,,1.0,2310.0,8.0,40.0,2012,1.0,6,4,2,9200,92001,1,17,16580,0,,1.0,,2,14,24,,2,43,1,,0,0,7,2,57,57,57,1,0,0,2.0,1.0,,40.0,,45.0,,,,,,2.0,4.0,0.0,1,1.0,,1.0,775.0,310.0,2.0,2.0,2.0,,,13112.4951,3217.3367,0,0,1.0,0.0,0,0,58612,2,,,,2.0,,,3189.0768,8680.0,4110.0,-1,,,,,,,275794.0,2013,643,640,0,0,0,0,0,16.0,13.0,46.0,2013,MIS8_to_MIS4,2012-2013,False,True,True,1
902909051996827,8,1.0,4,8,2,8900,89001,1,1,33,17,19340,0,,1.0,,3,4,16,,2,35,1,,2,1,3,7,2,57,57,57,1,0,0,2.0,1.0,,6.0,,5.0,,,20.0,,,7.0,2.0,0.0,1,2.0,,1.0,800.0,48.0,2.0,2.0,1.0,1.0,1.0,12571.4229,2857.2141,0,0,1.0,1.0,0,42,35427,2,,,,,,,2746.0213,8470.0,,-1,,,,,1.0,,275606.0,2012,631,616,0,0,0,0,0,9.0,,1.0,4600.0,15.0,43.0,2012,3.0,1,4,2,9200,92001,1,17,19340,0,,1.0,,3,3,37,1.0,2,33,1,1.0,1,2,1,2,303,303,303,5,0,17,2.0,7.0,,,,,,,,,,1.0,,,2,,,,,,,,2.0,,,10391.7423,2512.9054,10,3,,,0,0,8610,2,,,,,,,2533.7308,,,-1,,,,,,,275846.0,2013,643,640,0,0,1,1,0,5.5,,,2013,MIS8_to_MIS4,2012-2013,False,True,True,1
320979093113839,9,1.0,1,8,2,8900,89001,1,1,33,17,16980,0,1.0,1.0,1.0,7,3,46,1.0,2,34,1,1.0,2,1,2,1,2,303,303,303,5,0,9,2.0,1.0,,16.0,,16.0,,,14.0,,,6.0,2.0,0.0,1,2.0,,1.0,1015.0,162.4,1.0,,,,,12805.991,3141.9639,0,0,0.0,0.0,0,0,4392,2,,,,,,,3133.293,9480.0,,-1,,,,,,1.0,312662.0,2012,632,617,0,0,0,0,0,7.5,,1.0,4610.0,15.0,51.0,2012,1.0,1,4,2,9200,92001,1,17,16980,0,1.0,1.0,1.0,7,3,29,1.0,2,33,1,1.0,1,2,1,2,303,303,303,5,21,17,2.0,1.0,,40.0,,40.0,,,,,,2.0,4.0,0.0,1,2.0,,1.0,800.0,320.0,2.0,2.0,2.0,,,13388.3746,3423.1986,2,1,1.0,1.0,0,42,20339,2,,,,,,,3371.4481,8680.0,4030.0,-1,,,,,,,312283.0,2013,644,641,0,1,0,0,1,5.5,13.0,46.0,2013,MIS8_to_MIS4,2012-2013,False,True,True,1
944007962139460,9,1.0,1,8,2,8900,89001,1,1,33,17,37900,0,1.0,1.0,,3,3,30,1.0,2,44,1,4.0,2,1,2,1,2,373,373,373,4,0,12,2.0,1.0,,-4.0,,40.0,,,,,,2.0,3.0,0.0,1,2.0,2.0,2.0,,1000.0,1.0,,,,,11657.2518,2962.852,6,2,0.0,,0,0,32738,2,,,,,,2.0,2933.3674,7860.0,,-1,,,,,,,312849.0,2012,632,617,1,0,1,0,1,18.0,,1.0,2320.0,8.0,40.0,2012,1.0,1,4,2,9200,92001,1,17,37900,0,1.0,1.0,,3,3,78,1.0,2,39,1,,1,2,1,2,57,57,57,1,0,0,2.0,5.0,,,,,,,,,,1.0,,,2,,,,,,,,,,,13224.9698,3280.1759,0,0,,,0,0,7634,2,1.0,,,,,,3322.9912,,,-1,,,,,,,312456.0,2013,644,641,0,0,0,0,0,12.0,,,2013,MIS8_to_MIS4,2012-2013,False,True,True,1
967649430409102,9,2.0,1,8,2,8900,89001,1,1,33,17,37900,0,1.0,1.0,,3,1,40,2.0,2,43,1,,1,1,1,1,2,57,57,57,1,0,0,1.0,1.0,,40.0,5.0,32.0,,,5.0,,,4.0,3.0,0.0,1,2.0,2.0,2.0,,1000.0,1.0,,,,,11876.1052,2928.2452,3,1,0.0,,0,0,58318,1,,,,1.0,1.0,,2920.9611,7860.0,,-1,,,,,,,312857.0,2012,632,617,0,0,1,0,0,18.0,,1.0,2310.0,8.0,40.0,2012,1.0,4,4,2,9200,92001,1,17,37900,0,1.0,1.0,,3,1,80,,2,41,1,,1,1,5,2,57,57,57,1,0,0,1.0,5.0,,,,,,,,,,1.0,,,2,,,,,,,,,,,13224.9698,3280.1759,0,0,,,0,0,7633,1,,,3.0,,,,3322.9912,,,-1,,,,,,,312460.0,2013,644,641,0,0,0,0,0,14.0,,,2013,MIS8_to_MIS4,2012-2013,False,True,True,1
260178000213820,9,2.0,1,8,2,8900,89001,1,1,33,17,16980,0,2.0,1.0,,7,1,49,2.0,1,39,1,,1,1,1,1,2,57,57,57,1,0,0,2.0,1.0,,40.0,,40.0,,,,,,2.0,3.0,0.0,1,2.0,,1.0,1000.0,400.0,1.0,,,,,10887.3905,2771.2953,4,2,1.0,1.0,0,42,32773,1,1.0,,,,,,2757.2486,9470.0,,-1,,,,,,,313055.0,2012,632,617,0,0,0,1,0,12.0,,1.0,3850.0,12.0,51.0,2012,2.0,1,4,2,9200,92001,1,17,16980,0,2.0,1.0,,7,1,38,2.0,1,43,1,,1,1,1,2,57,57,57,1,0,0,2.0,1.0,,40.0,,40.0,,,,,,2.0,7.0,0.0,2,,,,,,,,2.0,,,12501.9938,3198.5902,2,1,,,0,0,54205,1,,,,2.0,,,3185.3179,770.0,6355.0,-1,,,,,,,312658.0,2013,644,641,0,1,0,0,1,16.0,19.0,4.0,2013,MIS8_to_MIS4,2012-2013,False,True,True,1
260178000213820,9,2.0,1,8,2,8900,89001,1,1,33,17,16980,0,2.0,1.0,,7,3,44,1.0,2,39,1,,2,1,2,1,2,57,57,57,1,0,0,1.0,1.0,,40.0,,40.0,,,,,,2.0,3.0,0.0,1,2.0,,1.0,1600.0,640.0,2.0,2.0,,,,11707.8925,2886.7696,4,2,1.0,1.0,0,42,32773,2,1.0,,,,,,2879.5888,680.0,,-1,,,,,,,313056.0,2012,632,617,0,0,0,1,0,12.0,,1.0,5110.0,17.0,24.0,2012,2.0,1,4,2,9200,92001,1,17,16980,0,2.0,1.0,,7,3,48,1.0,2,44,1,,1,2,1,2,57,57,57,1,0,0,1.0,1.0,,40.0,,40.0,,,,,,2.0,4.0,0.0,1,1.0,,1.0,3000.0,1212.5,2.0,2.0,2.0,,,11276.6839,2840.5725,2,1,1.0,1.0,0,42,54205,2,,,,,,2.0,2803.6723,8190.0,3320.0,-1,,,,,,,312659.0,2013,644,641,0,1,0,0,1,18.0,10.0,41.0,2013,MIS8_to_MIS4,2012-2013,False,True,True,1
310709943496485,9,1.0,7,8,2,8900,89001,1,1,33,17,40420,0,2.0,1.0,,3,2,65,,2,42,1,1.0,1,0,0,4,2,303,303,303,4,0,5,1.0,1.0,,40.0,,40.0,,,,,,2.0,3.0,0.0,1,2.0,,1.0,2193.0,877.2,2.0,2.0,,,,10243.403,2629.835,0,0,1.0,1.0,0,42,7708,1,,,3.0,,,,2564.8635,8370.0,,-1,,,,,,,313117.0,2012,632,617,0,0,0,0,0,14.0,,1.0,2016.0,6.0,43.0,2012,1.0,1,4,2,9200,92001,1,17,40420,0,2.0,1.0,,3,1,66,2.0,2,43,1,,1,1,1,2,57,57,57,1,0,0,1.0,5.0,,,,,,,,,,1.0,,,2,,,,,,,,,,,11701.051,2902.1999,0,0,,,0,0,43342,1,,,,1.0,1.0,,2940.0815,,,-1,,,,,,,312702.0,2013,644,641,0,0,0,0,0,18.0,,,2013,MIS8_to_MIS4,2012-2013,False,True,True,1
671807043801098,9,2.0,1,8,2,8900,89001,1,1,33,17,16980,0,2.0,1.0,,7,1,33,2.0,2,44,1,,1,1,1,1,2,57,57,57,1,0,0,1.0,1.0,,45.0,,50.0,,,,,,2.0,1.0,0.0,1,2.0,2.0,2.0,,1884.61,2.0,2.0,,,,10878.417,2766.8454,5,2,0.0,,0,0,41374,1,,,,,,3.0,2737.3856,9480.0,,-1,,,,,,,313224.0,2012,632,617,1,1,0,0,1,18.0,,1.0,350.0,1.0,51.0,2012,1.0,7,4,2,9200,92001,1,17,16980,0,2.0,1.0,,7,2,60,,2,44,1,,0,0,7,2,57,57,57,1,0,0,2.0,4.0,,,,,,,,8.0,5.0,11.0,3.0,0.0,2,,,,,,,,,,,10613.7607,2825.704,0,0,,,0,0,4414,1,,,,,,2.0,2862.0353,7860.0,2320.0,-1,,,,,,,312795.0,2013,644,641,0,0,0,0,0,18.0,8.0,40.0,2013,MIS8_to_MIS4,2012-2013,True,False,True,1
34371470952794,10,1.0,7,8,2,8900,89001,1,1,33,17,16980,0,1.0,1.0,1.0,7,2,34,,2,43,1,,1,0,0,7,2,57,57,57,1,0,0,1.0,1.0,,40.0,6.0,32.0,,,6.0,,,4.0,1.0,0.0,1,2.0,2.0,2.0,,961.53,2.0,2.0,,,,14330.7506,3660.1847,0,0,0.0,,0,0,8431,1,,,,2.0,,,3611.3782,9480.0,,-1,,,,,,,350891.0,2012,633,618,0,0,0,0,0,16.0,,1.0,630.0,2.0,51.0,2012,1.0,7,4,2,9200,92001,1,17,16980,0,1.0,1.0,1.0,7,2,58,,2,44,1,,0,0,7,2,57,119,119,1,0,0,1.0,5.0,,,,,,,,,,1.0,,,2,,,,,,,,,,,13151.4234,3253.7636,0,0,,,0,0,35023,1,,,,,,2.0,3308.2196,,,-1,,,,,,,350171.0,2013,645,642,0,0,0,0,0,18.0,,,2013,MIS8_to_MIS4,2012-2013,False,True,True,1
75881470938388,10,1.0,1,8,2,8900,89001,1,1,33,17,16980,0,1.0,1.0,,7,1,51,2.0,1,44,1,,1,1,1,1,2,212,212,212,5,0,6,1.0,1.0,,40.0,,50.0,,,,,,2.0,3.0,0.0,1,2.0,2.0,2.0,,1538.46,2.0,2.0,,,,14604.8111,3534.3531,10,2,0.0,,0,0,4696,1,,,,,,3.0,3538.8968,7870.0,,2200,,,,,,,350912.0,2012,633,618,0,0,1,1,0,18.0,,1.0,110.0,1.0,40.0,2012,1.0,1,4,2,9200,92001,1,17,16980,0,1.0,1.0,,7,1,27,2.0,1,43,1,,1,1,1,2,57,57,57,1,0,0,1.0,7.0,,,,,,,,,,1.0,,,2,,,,,,,,1.0,1.0,2.0,13982.6504,3405.09,1,2,,,0,0,35017,1,,,,1.0,1.0,,3464.7827,,,-1,,,,,,,350191.0,2013,645,642,1,0,0,0,1,18.0,,,2013,MIS8_to_MIS4,2012-2013,False,True,True,1
193924700016739,10,1.0,1,8,2,8900,89001,1,1,33,17,40420,0,1.0,1.0,,3,1,43,2.0,1,43,1,,1,1,1,1,2,57,57,110,1,0,0,1.0,1.0,,40.0,,40.0,,,,,,2.0,1.0,0.0,1,2.0,,1.0,2400.0,960.0,2.0,2.0,,,,13619.1316,3461.8616,0,0,0.0,0.0,0,0,51393,1,,,,1.0,1.0,,3439.7844,6370.0,,-1,3.0,,,,,,350942.0,2012,633,618,0,0,0,0,0,18.0,,1.0,5540.0,17.0,23.0,2012,1.0,1,4,2,9200,92001,1,17,40420,0,1.0,1.0,,3,1,32,2.0,1,43,1,,1,1,1,2,57,57,57,1,0,0,1.0,1.0,,40.0,,40.0,,,,,,2.0,4.0,0.0,1,2.0,2.0,2.0,,1100.0,1.0,,2.0,,,13980.1306,3570.4186,0,0,0.0,,0,0,32995,1,,,,2.0,,,3577.3017,7870.0,2200.0,-1,2.0,1.0,,,,,350221.0,2013,645,642,0,0,0,0,0,16.0,8.0,40.0,2013,MIS8_to_MIS4,2012-2013,False,True,True,1
193924700016739,10,1.0,1,8,2,8900,89001,1,1,33,17,40420,0,1.0,1.0,,3,3,48,1.0,2,40,1,,2,1,2,1,2,57,57,57,1,0,0,2.0,1.0,,40.0,,40.0,,,,,,2.0,1.0,0.0,1,2.0,,1.0,2400.0,960.0,1.0,,,,,11818.0224,3054.2117,0,0,0.0,0.0,0,0,51393,2,,,1.0,,,,3017.1307,6370.0,,-1,3.0,,,,,,350943.0,2012,633,618,0,0,0,0,0,12.0,,1.0,5540.0,17.0,23.0,2012,1.0,1,4,2,9200,92001,1,17,40420,0,1.0,1.0,,3,3,29,1.0,2,43,1,,1,2,1,2,57,57,57,1,0,0,2.0,1.0,,40.0,,40.0,,,,,,2.0,4.0,0.0,1,2.0,2.0,2.0,,961.53,2.0,2.0,2.0,,,14415.7765,3694.7166,0,0,0.0,,0,0,32995,2,,,,2.0,,,3684.9777,2290.0,1720.0,-1,,,,,,,350222.0,2013,645,642,0,0,0,0,0,16.0,5.0,19.0,2013,MIS8_to_MIS4,2012-2013,False,True,True,1
410709932027090,10,1.0,7,8,2,8900,89001,1,1,33,17,37900,0,1.0,1.0,,3,2,51,,2,43,1,,1,0,0,6,2,57,57,57,1,0,0,1.0,1.0,,40.0,,60.0,,,,,,2.0,3.0,0.0,1,2.0,2.0,2.0,,1596.0,2.0,2.0,,,,11994.9084,3067.6201,0,0,1.0,,0,42,34121,1,,,,2.0,,,3062.2895,7860.0,,-1,,,,,,,351000.0,2012,633,618,0,0,0,0,0,16.0,,1.0,2320.0,8.0,40.0,2012,1.0,7,4,2,9200,92001,1,17,37900,0,1.0,1.0,,3,2,79,,2,39,1,,0,0,4,2,57,57,57,1,0,0,1.0,5.0,,,,,,,,,,1.0,,,2,,,,,,,,,,,13042.003,3272.3067,0,0,,,0,0,35193,1,1.0,,,,,,3254.264,,,-1,,,,,,,350282.0,2013,645,642,0,0,0,0,0,12.0,,,2013,MIS8_to_MIS4,2012-2013,False,True,True,1
504905171795617,10,1.0,1,8,2,8900,89001,1,1,33,17,16980,0,2.0,1.0,,7,1,59,2.0,2,44,1,,1,1,1,1,2,57,57,57,1,0,0,1.0,1.0,,-4.0,6.0,8.0,,,6.0,,,4.0,3.0,0.0,1,2.0,2.0,2.0,,288.46,2.0,2.0,,,,11727.4253,2904.7327,0,0,0.0,,0,0,21317,1,,,,,,3.0,2902.0896,7860.0,,-1,,,,,,,351368.0,2012,633,618,0,0,0,0,0,18.0,,1.0,2550.0,8.0,40.0,2012,1.0,7,4,2,9200,92001,1,17,16980,0,2.0,1.0,,7,2,44,,2,43,1,,0,0,7,2,57,57,57,1,0,0,1.0,1.0,,45.0,,45.0,,,,,,2.0,4.0,0.0,1,2.0,2.0,2.0,,769.23,2.0,2.0,2.0,,,13169.1849,3237.9427,0,0,0.0,,0,0,22670,1,,,,2.0,,,3224.6566,7070.0,2630.0,-1,,,,,,,350698.0,2013,645,642,0,0,0,0,0,16.0,9.0,34.0,2013,MIS8_to_MIS4,2012-2013,False,True,True,1
605900911889037,11,1.0,4,8,2,8900,89001,1,1,33,17,16980,0,1.0,1.0,1.0,7,1,48,,2,43,2,,1,1,1,7,2,57,57,57,1,0,0,1.0,4.0,,,,,,,,117.0,3.0,11.0,1.0,0.0,2,,,,,,,,,,,14389.3877,3486.0816,4,1,,,0,0,44956,1,,,,2.0,,,3411.7139,9570.0,,-1,,,,,,,388516.0,2012,634,619,0,0,0,1,0,16.0,,2.0,5000.0,17.0,51.0,2012,1.0,4,4,2,9200,92001,1,17,16980,0,1.0,1.0,1.0,7,1,43,,2,39,2,,1,1,7,2,57,57,57,1,0,0,1.0,1.0,,28.0,,20.0,,,14.0,,,6.0,4.0,0.0,1,2.0,1.0,1.0,1025.0,350.0,1.0,,2.0,,,14058.2881,3400.7286,0,0,0.0,0.0,0,0,16828,1,1.0,,,,,,3407.6601,8170.0,3600.0,-1,,,,,,,387798.0,2013,646,643,0,0,0,0,0,12.0,11.0,42.0,2013,MIS8_to_MIS4,2012-2013,False,True,True,1
904067707159880,11,1.0,1,8,2,8900,89001,1,1,33,17,16980,0,1.0,1.0,1.0,7,1,49,2.0,1,44,1,,1,1,1,1,2,57,57,57,1,0,0,1.0,1.0,,44.0,,51.0,,,,,,2.0,3.0,0.0,1,2.0,2.0,2.0,,1923.07,1.0,,,,,13162.2736,3345.949,0,0,0.0,,0,0,8786,1,,,,,,1.0,3346.2976,7860.0,,9130,,,,,,,388585.0,2012,634,619,0,0,0,0,0,17.0,,1.0,2310.0,8.0,40.0,2012,1.0,6,4,2,9200,92001,1,17,16980,0,1.0,1.0,1.0,7,2,55,,1,44,1,,0,0,5,2,57,57,57,1,0,0,1.0,1.0,,40.0,,40.0,,,,,,2.0,4.0,0.0,1,2.0,2.0,2.0,,1538.46,2.0,2.0,,,,13574.1505,3395.8343,0,0,0.0,,0,0,19953,1,,,,,,2.0,3422.3513,6990.0,860.0,-1,,,,,,,387856.0,2013,646,643,0,0,0,0,0,18.0,2.0,33.0,2013,MIS8_to_MIS4,2012-2013,False,True,True,1
70251570994896,11,1.0,1,8,2,8900,89001,1,1,33,17,16980,0,2.0,1.0,,7,1,52,2.0,1,43,1,,1,1,1,1,2,57,57,57,1,0,0,1.0,1.0,,40.0,,40.0,,,,,,2.0,3.0,1.0,1,2.0,2.0,2.0,,1250.0,2.0,2.0,,,,12727.5824,3237.5997,0,0,0.0,,0,0,35135,1,,,,2.0,,,3235.7843,190.0,,-1,,,,,,,388661.0,2012,634,619,0,0,0,0,0,16.0,,1.0,6005.0,18.0,2.0,2012,2.0,3,4,2,9200,92001,1,17,16980,0,2.0,1.0,,7,1,40,,1,43,1,,1,1,5,2,57,57,57,1,0,0,2.0,1.0,,40.0,,40.0,,,,,,2.0,4.0,0.0,1,1.0,2.0,2.0,,1346.15,2.0,2.0,2.0,,,11776.1373,2937.1108,3,2,0.0,,0,0,57801,1,,,,2.0,,,2960.4925,3970.0,4850.0,-1,,,,,,,387953.0,2013,646,643,0,0,1,0,0,16.0,16.0,13.0,2013,MIS8_to_MIS4,2012-2013,False,True,True,1
925017971159700,11,1.0,1,8,2,8900,89001,1,1,33,17,41180,163,2.0,1.0,,6,1,50,2.0,1,40,1,,1,1,1,1,2,57,57,57,1,0,0,1.0,1.0,,40.0,,50.0,,,,,,2.0,1.0,0.0,1,2.0,1.0,1.0,2600.0,1400.0,1.0,,,,,12452.9463,3167.7387,0,0,0.0,0.0,0,0,55657,1,,,2.0,,,,3165.9625,6370.0,,-1,,,,,,,389072.0,2012,634,619,0,0,0,0,0,13.0,,1.0,5550.0,17.0,23.0,2012,2.0,1,4,2,9200,92001,1,17,41180,163,2.0,1.0,,6,1,56,2.0,1,44,1,,1,1,1,2,57,57,57,1,0,0,1.0,1.0,,40.0,,52.0,,,,,,2.0,3.0,0.0,1,1.0,2.0,2.0,,1346.15,1.0,,,,,13226.3162,3308.8169,0,0,0.0,,0,0,32534,1,,,,,,2.0,3334.6543,9470.0,3850.0,2200,,,,,,,388368.0,2013,646,643,0,0,0,0,0,18.0,12.0,51.0,2013,MIS8_to_MIS4,2012-2013,True,False,True,1
925017971159700,11,1.0,1,8,2,8900,89001,1,1,33,17,41180,163,2.0,1.0,,6,3,49,1.0,2,39,1,,2,1,2,1,2,57,57,57,1,0,0,2.0,1.0,,40.0,,46.0,,,,,,2.0,3.0,0.0,1,2.0,1.0,1.0,848.0,350.0,1.0,,,,,12295.7721,3114.1525,0,0,1.0,1.0,0,0,55657,2,1.0,,,,,,3130.874,7860.0,,8740,,,,,,,389073.0,2012,634,619,0,0,0,0,0,12.0,,1.0,4600.0,15.0,40.0,2012,2.0,1,4,2,9200,92001,1,17,41180,163,2.0,1.0,,6,3,55,1.0,2,42,1,,1,2,1,2,57,57,57,1,0,0,2.0,1.0,,40.0,,40.0,,,,,,2.0,5.0,0.0,1,2.0,2.0,2.0,,1057.69,2.0,2.0,,,,13087.2431,3355.1116,0,0,0.0,,0,0,32534,2,,,3.0,,,,3366.8597,8190.0,800.0,-1,,,,,,,388369.0,2013,646,643,0,0,0,0,0,14.0,2.0,41.0,2013,MIS8_to_MIS4,2012-2013,False,True,True,1
957389050759106,11,1.0,1,8,2,8900,89001,1,1,33,17,16980,111,2.0,1.0,,7,3,61,1.0,2,44,1,,2,1,2,1,2,57,57,57,1,0,0,2.0,1.0,,16.0,,27.0,,,18.0,,,7.0,3.0,0.0,1,2.0,,1.0,2000.0,320.0,2.0,2.0,,,,10843.6346,2874.8173,0,0,1.0,1.0,0,0,8915,2,,,,,,2.0,2842.5813,7860.0,,-1,,,,,,,389099.0,2012,634,619,0,0,0,0,0,18.0,,1.0,2310.0,8.0,40.0,2012,1.0,1,4,2,9200,92001,1,17,16980,111,2.0,1.0,,7,3,45,1.0,2,39,1,,1,2,1,2,57,57,57,1,0,0,1.0,1.0,,40.0,,39.0,,,,,,2.0,3.0,0.0,1,2.0,,1.0,2600.0,1040.0,2.0,2.0,1.0,1.0,2.0,13243.9216,3272.0034,4,1,0.0,0.0,0,0,4287,2,1.0,,,,,,3287.2742,7860.0,5700.0,-1,,,,,,,388389.0,2013,646,643,0,0,0,1,0,12.0,17.0,40.0,2013,MIS8_to_MIS4,2012-2013,True,False,False,1
317769360399103,12,1.0,1,8,2,8900,89001,1,1,33,17,16980,0,1.0,1.0,1.0,7,1,45,2.0,1,31,1,1.0,1,1,1,1,2,303,303,303,5,0,15,1.0,1.0,,40.0,,40.0,,,,,,2.0,3.0,0.0,1,2.0,,1.0,2000.0,800.0,1.0,,,,,13189.5815,3280.7392,4,1,1.0,1.0,0,0,22138,1,,,,,,,3255.134,9370.0,,-1,,,,,,,425708.0,2012,635,620,0,0,0,1,0,0.0,,1.0,4250.0,14.0,51.0,2012,1.0,1,4,2,9200,92001,1,17,16980,0,1.0,1.0,1.0,7,1,77,2.0,1,39,1,1.0,1,1,1,2,303,303,303,4,10,5,1.0,5.0,,,,,,,,,,1.0,,,2,,,,,,,,,,,13434.2975,3430.4846,0,0,,,0,0,33469,1,2.0,7.0,,,,,3380.5658,,,-1,,,,,,,424778.0,2013,647,644,0,0,0,0,0,11.0,,,2013,MIS8_to_MIS4,2012-2013,False,True,True,1
466192349700989,12,1.0,4,8,2,8900,89001,1,1,33,17,16980,0,1.0,1.0,3.0,7,1,41,,2,40,2,,1,1,1,6,2,57,57,57,1,0,0,1.0,1.0,,-4.0,,45.0,,,,,,2.0,2.0,0.0,1,1.0,2.0,2.0,,1153.84,1.0,,,,,10327.5597,2713.1024,3,2,0.0,,0,0,34746,1,,,2.0,,,,2687.2936,9470.0,,-1,,,,,,,425743.0,2012,635,620,0,0,1,0,0,13.0,,2.0,3800.0,12.0,51.0,2012,2.0,4,4,2,9200,92001,1,17,16980,0,1.0,1.0,3.0,7,1,65,,2,42,2,,1,1,5,2,57,57,57,1,0,0,2.0,5.0,,,,,,,,,,1.0,,,2,,,,,,,,,,,10422.2434,2743.7671,0,0,,,0,0,39752,1,,,3.0,,,,2700.5514,,,-1,,,,,,,424806.0,2013,647,644,0,0,0,0,0,14.0,,,2013,MIS8_to_MIS4,2012-2013,False,True,True,1
606904881797877,12,1.0,1,8,2,8900,89001,1,1,33,17,16980,0,1.0,1.0,2.0,7,1,43,2.0,1,44,1,,1,1,1,1,2,57,57,57,1,0,0,1.0,1.0,,55.0,,55.0,,,,,,2.0,1.0,0.0,1,2.0,2.0,2.0,,2692.3,2.0,2.0,,,,10664.6725,2705.8132,3,2,0.0,,0,0,4941,1,,,,,,2.0,2706.0464,6870.0,,-1,,,,,,,425780.0,2012,635,620,0,0,1,0,0,18.0,,1.0,5000.0,17.0,32.0,2012,1.0,1,4,2,9200,92001,1,17,16980,0,1.0,1.0,2.0,7,1,60,2.0,1,44,1,,1,1,1,2,57,57,57,1,0,0,1.0,1.0,,40.0,,40.0,,,,,,2.0,4.0,0.0,1,2.0,2.0,2.0,,2403.84,2.0,2.0,,,,14626.9305,3463.1259,0,0,0.0,,0,0,33521,1,,,,,,2.0,3478.9488,7390.0,1650.0,-1,,,,,,,424831.0,2013,647,644,0,0,0,0,0,18.0,5.0,36.0,2013,MIS8_to_MIS4,2012-2013,False,True,True,1
708380644580961,12,1.0,7,8,2,8900,89001,1,1,33,17,16980,0,1.0,1.0,,7,2,80,,2,43,1,,1,0,0,3,2,57,57,57,1,0,0,1.0,1.0,,15.0,,15.0,,,21.0,,,7.0,3.0,0.0,1,2.0,,1.0,2000.0,400.0,2.0,2.0,,,,11625.2308,2964.2384,0,0,0.0,0.0,0,0,8753,1,,,,2.0,,,2908.8872,6770.0,,-1,,,,,,,425819.0,2012,635,620,0,0,0,0,0,16.0,,1.0,5320.0,17.0,31.0,2012,2.0,1,4,2,9200,92001,1,17,16980,0,1.0,1.0,,7,1,31,2.0,2,44,1,,1,1,1,2,57,57,57,1,0,0,2.0,1.0,,40.0,,40.0,,,,,,2.0,4.0,0.0,1,2.0,2.0,2.0,,980.0,2.0,2.0,2.0,,,11853.9959,2922.6805,1,1,1.0,,0,0,65901,1,,,,,,2.0,2958.0628,6990.0,4810.0,-1,,,,,,,424859.0,2013,647,644,1,0,0,0,1,18.0,16.0,33.0,2013,MIS8_to_MIS4,2012-2013,False,True,True,1
789150937580961,12,2.0,1,8,2,8900,89001,1,1,33,17,16980,0,1.0,1.0,1.0,7,3,40,1.0,2,44,1,4.0,2,1,2,1,2,303,57,363,3,0,5,1.0,4.0,,,,,,,,8.0,5.0,11.0,2.0,0.0,2,,,,,,,,,,,12464.6994,2632.8177,8,2,,,0,0,55018,2,,,,,,2.0,2737.631,7860.0,,-1,,,,,,,425859.0,2012,635,620,0,1,1,0,1,18.0,,1.0,2310.0,8.0,40.0,2012,2.0,1,4,2,9200,92001,1,17,16980,0,1.0,1.0,1.0,7,3,74,1.0,2,39,1,,1,2,1,2,57,110,110,1,0,0,1.0,5.0,,,,,,,,,,1.0,,,2,,,,,,,,,,,11222.3874,2855.0295,0,0,,,0,0,33471,2,1.0,,,,,,2805.3738,,,-1,,,,,,,424886.0,2013,647,644,0,0,0,0,0,12.0,,,2013,MIS8_to_MIS4,2012-2013,False,True,True,1
364198079700981,12,2.0,1,8,2,8900,89001,1,1,33,17,41180,163,2.0,1.0,,6,3,36,1.0,2,46,1,,2,1,2,1,2,57,57,57,1,0,0,1.0,1.0,,30.0,,38.0,,,15.0,,,8.0,2.0,0.0,1,2.0,2.0,2.0,,830.76,2.0,1.0,,,,10345.7436,2545.3504,8,2,0.0,,0,0,4964,2,,,,,,,2590.8183,7870.0,,-1,,,,,,,426157.0,2012,635,620,0,1,1,0,1,18.0,,1.0,2200.0,8.0,40.0,2012,1.0,1,4,2,9200,92001,1,17,41180,163,2.0,1.0,,6,3,58,1.0,2,39,1,,1,2,1,2,57,57,57,1,0,0,2.0,1.0,,40.0,,40.0,,,,,,2.0,4.0,0.0,1,2.0,,1.0,1074.0,429.6,2.0,2.0,,,,12992.4594,3303.9774,0,0,1.0,1.0,0,42,33631,2,1.0,,,,,,3353.4336,7590.0,4840.0,-1,,,,,,,425200.0,2013,647,644,0,0,0,0,0,12.0,16.0,38.0,2013,MIS8_to_MIS4,2012-2013,False,True,True,1
192956000068729,12,2.0,1,8,2,8900,89001,1,1,33,17,0,0,3.0,2.0,,0,1,29,2.0,1,43,1,,1,1,1,1,2,57,57,57,1,0,0,2.0,1.0,,35.0,,41.0,,,,,,2.0,2.0,0.0,1,2.0,2.0,2.0,,800.0,1.0,,,,,11509.4494,2815.596,1,1,0.0,,0,0,4958,1,,,,2.0,,,2855.0848,7860.0,,-1,,,,,,,426470.0,2012,635,620,1,0,0,0,1,16.0,,1.0,2320.0,8.0,40.0,2012,1.0,1,4,2,9200,92001,1,17,0,0,3.0,2.0,,0,1,44,2.0,1,39,1,,1,1,1,2,57,57,57,1,0,0,1.0,1.0,,42.0,,45.0,,,,,,2.0,4.0,0.0,1,2.0,,1.0,1450.0,609.0,2.0,2.0,2.0,,,13320.3158,3326.3359,0,0,0.0,0.0,0,0,33614,1,1.0,,,,,,3360.0498,4480.0,9620.0,-1,,,,,,,425492.0,2013,647,644,0,0,0,0,0,12.0,22.0,21.0,2013,MIS8_to_MIS4,2012-2013,False,True,True,1
806902501996027,12,1.0,1,8,2,8900,89001,1,1,33,17,0,0,3.0,2.0,,0,1,42,2.0,2,44,1,,1,1,1,1,2,57,57,57,1,0,0,1.0,1.0,,40.0,,40.0,,,,,,2.0,2.0,0.0,1,2.0,2.0,2.0,,1794.87,1.0,,,,,9380.9402,2348.0638,10,3,0.0,,0,0,18772,1,,,,,,3.0,2349.2087,7860.0,,-1,,,,,,,426551.0,2012,635,620,0,0,1,1,0,18.0,,1.0,3230.0,10.0,40.0,2012,1.0,1,4,2,9200,92001,1,17,0,0,3.0,2.0,,0,1,79,2.0,2,39,1,,1,1,1,2,57,57,57,1,0,0,1.0,5.0,,,,,,,,,,1.0,,,2,,,,,,,,,,,12309.8097,3131.675,0,0,,,0,0,21420,1,1.0,,,,,,3077.2078,,,-1,,,,,,,425580.0,2013,647,644,0,0,0,0,0,12.0,,,2013,MIS8_to_MIS4,2012-2013,False,True,True,1
968169859700928,12,1.0,1,8,2,8900,89001,1,1,33,17,0,0,3.0,2.0,,0,1,41,2.0,1,42,1,,1,1,1,1,2,57,57,57,1,0,0,1.0,1.0,,40.0,,40.0,,,,,,2.0,2.0,0.0,1,2.0,2.0,2.0,,1211.53,1.0,,,,,10202.6875,2588.5995,3,1,0.0,,0,0,34603,1,,,3.0,,,,2588.8227,9470.0,,-1,,,,,,,426565.0,2012,635,620,0,0,1,0,0,14.0,,1.0,7315.0,20.0,51.0,2012,2.0,1,4,2,9200,92001,1,17,0,0,3.0,2.0,,0,1,67,2.0,1,43,1,,1,1,1,2,57,57,102,1,0,0,2.0,5.0,,,,,,,,,,1.0,,,2,,,,,,,,,,,12850.8766,3283.6981,0,0,,,0,0,21322,1,,,,1.0,1.0,,3233.7555,,,-1,,,,,,,425589.0,2013,647,644,0,0,0,0,0,18.0,,,2013,MIS8_to_MIS4,2012-2013,False,True,True,1
968169859700928,12,1.0,1,8,2,8900,89001,1,1,33,17,0,0,3.0,2.0,,0,3,33,1.0,2,42,1,,2,1,2,1,2,57,57,57,1,0,0,2.0,1.0,,40.0,,40.0,,,,,,2.0,3.0,0.0,1,2.0,2.0,2.0,,653.84,2.0,2.0,,,,10068.95,2568.8536,3,1,0.0,,0,0,34603,2,,,3.0,,,,2524.4138,6290.0,,-1,,,,,,,426566.0,2012,635,620,0,0,1,0,0,14.0,,1.0,5700.0,17.0,23.0,2012,2.0,1,4,2,9200,92001,1,17,0,0,3.0,2.0,,0,3,66,1.0,2,46,1,,1,2,1,2,57,57,57,1,0,0,1.0,5.0,,,,,,,,,,1.0,,,2,,,,,,,,,,,12451.6051,3167.7484,0,0,,,0,0,21322,2,,,,,,,3112.6538,,,-1,,,,,,,425590.0,2013,647,644,0,0,0,0,0,18.0,,,2013,MIS8_to_MIS4,2012-2013,False,True,True,1
